row_index,canonical_relative_path,published_relative_path,previous_published_sha256,current_sha256,bytes_replaced
1,reports/csv/channel_array_consistency.csv,channel/csv/channel_array_consistency.csv,6ad4523d315aa49424c099fe0efcb31a4521754c95a1b6a459b17d78dd5cd8a4,6ad4523d315aa49424c099fe0efcb31a4521754c95a1b6a459b17d78dd5cd8a4,0
2,mobility/csv/channel_continuity_reconciliation.csv,channel/csv/channel_continuity_reconciliation.csv,baebbba67a649942c52ebc71eaef24be8d8c74fd609a796073b08760956b8228,baebbba67a649942c52ebc71eaef24be8d8c74fd609a796073b08760956b8228,0
3,analytics/csv/channel_estimation_analytics.csv,channel/csv/channel_estimation_analytics.csv,1286a9d825518e2d388e64844112312f08587766ebf4d20ae14fa9dade05f8f9,1286a9d825518e2d388e64844112312f08587766ebf4d20ae14fa9dade05f8f9,0
4,reports/csv/channel_estimation_tracking_outputs.csv,channel/csv/channel_estimation_tracking_outputs.csv,1be556d24f277670174428c1f9425e53085afb2ae22c28735ff1ef6572be8315,1be556d24f277670174428c1f9425e53085afb2ae22c28735ff1ef6572be8315,0
5,reports/csv/channel_impulse_response.csv,channel/csv/channel_impulse_response.csv,a9f7402bf0b8441736bcb46c78978ef8025abf6124c7416925bd2f2a5a5e2198,a9f7402bf0b8441736bcb46c78978ef8025abf6124c7416925bd2f2a5a5e2198,0
6,analytics/csv/channel_quality_analytics.csv,channel/csv/channel_quality_analytics.csv,8b0b7a6bb0949cf1f2afabd75d9281a0ebe0ba11612112ff3a988da598d7bf88,8b0b7a6bb0949cf1f2afabd75d9281a0ebe0ba11612112ff3a988da598d7bf88,0
7,reports/csv/channel_realization_reconciliation.csv,channel/csv/channel_realization_reconciliation.csv,c06d9c8850bce308704a24ca45a297d1aa4ed6ca8ea33ad6bf6b6831fd614fea,c06d9c8850bce308704a24ca45a297d1aa4ed6ca8ea33ad6bf6b6831fd614fea,0
8,reports/csv/channel_rf_cdlc_realization_table.csv,channel/csv/channel_rf_cdlc_realization_table.csv,1951569a923f9131525f7dba84c46bc21da8249f973a6746e4839e87f76df66d,1951569a923f9131525f7dba84c46bc21da8249f973a6746e4839e87f76df66d,0
9,reports/csv/channel_rf_configured_applied.csv,channel/csv/channel_rf_configured_applied.csv,5f12fdb708820582ed55cc4e9259c561b3ecd8c8b059ee19501fe08344644fec,5f12fdb708820582ed55cc4e9259c561b3ecd8c8b059ee19501fe08344644fec,0
10,reports/csv/channel_rf_negative_trials.csv,channel/csv/channel_rf_negative_trials.csv,146127a5807a6177c0b2f74ac5d86feebce05b55d109a048cfe9b7896496aa0d,146127a5807a6177c0b2f74ac5d86feebce05b55d109a048cfe9b7896496aa0d,0
11,reports/csv/channel_rf_per_ue_realization.csv,channel/csv/channel_rf_per_ue_realization.csv,9f0e3e95a7d6894b5669c9740aaa4013cf723da0a98b724300f8df8d888760fb,9f0e3e95a7d6894b5669c9740aaa4013cf723da0a98b724300f8df8d888760fb,0
12,reports/csv/channel_rf_reconciliation.csv,channel/csv/channel_rf_reconciliation.csv,519106272e7bc3d309e0474e808ddf7208d4086bb0dd6019625b197eebae78ef,519106272e7bc3d309e0474e808ddf7208d4086bb0dd6019625b197eebae78ef,0
13,reports/csv/channel_rf_strict_summary.csv,channel/csv/channel_rf_strict_summary.csv,e7b04a86a423f58314d0e6f4036f25a731518c93249262f9fb1d9a93395447b4,e7b04a86a423f58314d0e6f4036f25a731518c93249262f9fb1d9a93395447b4,0
14,reports/csv/channel_snapshots.csv,channel/csv/channel_snapshots__daee6e78f7ca.csv,daee6e78f7ca9b4e4e34c4541a85475b13b57537ac5a83883e723d14c7c5e102,daee6e78f7ca9b4e4e34c4541a85475b13b57537ac5a83883e723d14c7c5e102,0
15,reports/csv/contract__channel-interference-impairments__cfo-true-vs-estimated-vs-residual.csv,channel/csv/contract__channel-interference-impairments__cfo-true-vs-estimated-vs-residual.csv,,231a641c0235d249fd6a0e383f0c38d57f6c49ef2517511a223d8ee5d3490cac,1
16,reports/csv/contract__channel-interference-impairments__channel-quality-timeline.csv,channel/csv/contract__channel-interference-impairments__channel-quality-timeline.csv,,149886cf2b9967ef4d2cbf71911b2ae2d3ab43ead3776abbeef7023a3cff77d9,1
17,reports/csv/contract__channel-interference-impairments__interference-power-timeline.csv,channel/csv/contract__channel-interference-impairments__interference-power-timeline.csv,,afe230aace8e55e5c6df902e951c4ae548495eb69e5a15ce4f6c51e95d30c671,1
18,reports/csv/contract__channel-interference-impairments__timing-offset-true-vs-estimated-vs-residual.csv,channel/csv/contract__channel-interference-impairments__timing-offset-true-vs-estimated-vs-residual.csv,,78428358b523801c72dc274ac9a7b4f48545c2b0b5a3d941b963c4ac5ccde975,1
19,reports/csv/contract__geometry-mobility-validation__measured-sinr-vs-slot.csv,channel/csv/contract__geometry-mobility-validation__measured-sinr-vs-slot.csv,,1d89a14755dfd99ddc03d1eafa5957fea0c186815ad6875fdf1588fe27da6f2a,1
20,reports/csv/contract__scenario-geometry-topology-layout__bs-sector-ue-topology-scatter-plot.csv,channel/csv/contract__scenario-geometry-topology-layout__bs-sector-ue-topology-scatter-plot.csv,,025a4f89e70cfbfe74d98c4a9a39466c42365258b7e085ccb161e2f0c92564d7,1
21,reports/csv/contract__scenario-geometry-topology-layout__serving-cell-map.csv,channel/csv/contract__scenario-geometry-topology-layout__serving-cell-map.csv,,a1d99c95c72a03c125fd9154a5c9b9de3c34877f45cd79a7d949c9681a6bc1cb,1
22,geometry/csv/coordinate_system.csv,channel/csv/coordinate_system.csv,a210a3a6379be7d8c7a7ba54ed5d14ffc795e902d7abc1722d2e0d102051dfa7,a210a3a6379be7d8c7a7ba54ed5d14ffc795e902d7abc1722d2e0d102051dfa7,0
23,mobility/csv/doppler_reconciliation.csv,channel/csv/doppler_reconciliation.csv,917e569b4f51011a13f2794ed985b270ff485157c547021a8e7cb40c3db6cd24,917e569b4f51011a13f2794ed985b270ff485157c547021a8e7cb40c3db6cd24,0
24,reports/csv/doppler_reconciliation.csv,channel/csv/doppler_reconciliation__b16608722ead.csv,b16608722ead7af008eb901db4ef16e2fe62a17281caba38b54b32e31ad76392,b16608722ead7af008eb901db4ef16e2fe62a17281caba38b54b32e31ad76392,0
25,reports/csv/doppler_time_variation_plot.csv,channel/csv/doppler_time_variation_plot.csv,854623a34548a70adc1ecc4151cf8a081cc884a7ceaf346865a0550d6d1467b8,854623a34548a70adc1ecc4151cf8a081cc884a7ceaf346865a0550d6d1467b8,0
26,air_interface/csv/downstream_channel_references.csv,channel/csv/downstream_channel_references.csv,4b6c6c815ab95c77b3a1f4e93d762d80bc595ad43a71845414abc8290cd398c5,4b6c6c815ab95c77b3a1f4e93d762d80bc595ad43a71845414abc8290cd398c5,0
27,geometry/csv/geometry_validation.csv,channel/csv/geometry_validation.csv,2e57eff72fdb6b92e6db76484738f859974a6bf7c66888cefdb3a446dd4026bc,2e57eff72fdb6b92e6db76484738f859974a6bf7c66888cefdb3a446dd4026bc,0
28,mobility/csv/inter_ue_distance_validation.csv,channel/csv/inter_ue_distance_validation.csv,7b77e0a85c8dcb5a6f903b3bee8cd74b309bde7560ebb47e49fca710eb84430d,7b77e0a85c8dcb5a6f903b3bee8cd74b309bde7560ebb47e49fca710eb84430d,0
29,reports/csv/interference_accounting.csv,channel/csv/interference_accounting.csv,020add3873d320638d373f3257c3014aaed39e55a2cf55bfc2ac802a347fea6b,020add3873d320638d373f3257c3014aaed39e55a2cf55bfc2ac802a347fea6b,0
30,interference/csv/interference_topology.csv,channel/csv/interference_topology.csv,7ab41d4f3cae13aa5a37978700851148358c828f0988e80285bccedcbde23f49,7ab41d4f3cae13aa5a37978700851148358c828f0988e80285bccedcbde23f49,0
31,reports/csv/live_channel_estimation_stats.csv,channel/csv/live_channel_estimation_stats.csv,7fb4f5216624883a80786d0bc8bf1c50867301da90d647f6af28e3b13f8f8dd3,7fb4f5216624883a80786d0bc8bf1c50867301da90d647f6af28e3b13f8f8dd3,0
32,reports/csv/live_channel_estimation_tti.csv,channel/csv/live_channel_estimation_tti.csv,b7c21a224de632a8f9b503ca43d353472d32ec9c18c8fd9e340ede83b3175fc0,b7c21a224de632a8f9b503ca43d353472d32ec9c18c8fd9e340ede83b3175fc0,0
33,reports/csv/live_channel_realization_table.csv,channel/csv/live_channel_realization_table.csv,052c9cb0fba70b3b52b90ed4d8f967be44ac9bb68901ec3cf2fcb722b6fcb337,052c9cb0fba70b3b52b90ed4d8f967be44ac9bb68901ec3cf2fcb722b6fcb337,0
34,reports/csv/live_channel_state_tti.csv,channel/csv/live_channel_state_tti.csv,fc4f4160a632f166a76ec4512f8cc3fb5bb3bae6794e924d6a1d9a7e15fcec2e,fc4f4160a632f166a76ec4512f8cc3fb5bb3bae6794e924d6a1d9a7e15fcec2e,0
35,reports/csv/live_interference_table.csv,channel/csv/live_interference_table.csv,c77ca0d493575ec96403d5549c3683232834cf7613fd59a6ffd06b874cb0fc78,c77ca0d493575ec96403d5549c3683232834cf7613fd59a6ffd06b874cb0fc78,0
36,reports/csv/live_mobility_state.csv,channel/csv/live_mobility_state.csv,3d1e7f26ead6a9a872d4be716958168d2f4b536ce5cfdf3a17e4b7b79861d5a6,3d1e7f26ead6a9a872d4be716958168d2f4b536ce5cfdf3a17e4b7b79861d5a6,0
37,reports/csv/live_path_geometry_table.csv,channel/csv/live_path_geometry_table.csv,e23fa76fbfbd02083a018f1216d595cdf50cb9e4247a5ab3713cbf82da3a53c0,e23fa76fbfbd02083a018f1216d595cdf50cb9e4247a5ab3713cbf82da3a53c0,0
38,reports/csv/mobility_adequacy_report.csv,channel/csv/mobility_adequacy_report.csv,641288a1499de77fd01f0af7c70a2ddd2cf2aeeae245dbcd15350c2acfca01b3,641288a1499de77fd01f0af7c70a2ddd2cf2aeeae245dbcd15350c2acfca01b3,0
39,analytics/csv/mobility_analytics.csv,channel/csv/mobility_analytics.csv,3d1e7f26ead6a9a872d4be716958168d2f4b536ce5cfdf3a17e4b7b79861d5a6,3d1e7f26ead6a9a872d4be716958168d2f4b536ce5cfdf3a17e4b7b79861d5a6,0
40,reports/csv/mobility_kpi_reconciliation.csv,channel/csv/mobility_kpi_reconciliation.csv,988fbd3c267124768e667c54bac137a396b43eb1aa9df6c070fde710a367b614,988fbd3c267124768e667c54bac137a396b43eb1aa9df6c070fde710a367b614,0
41,mobility/csv/pathloss_reconciliation.csv,channel/csv/pathloss_reconciliation.csv,2567d5c8d62e6e1ccce18d73196f7349118e424dc1faa654f0e636e0bc021862,2567d5c8d62e6e1ccce18d73196f7349118e424dc1faa654f0e636e0bc021862,0
42,mobility/csv/propagation_delay_reconciliation.csv,channel/csv/propagation_delay_reconciliation.csv,6ea280f251c94575760deb165d159edc1c3eb64d822dece9afcb9ef17ecbc953,6ea280f251c94575760deb165d159edc1c3eb64d822dece9afcb9ef17ecbc953,0
43,configuration/csv/resolved_channel_rf_configuration.csv,channel/csv/resolved_channel_rf_configuration.csv,0c2ef4a1900c0b356d3f8613f2a348728b0909165c3e3618934e9508e4c2069f,0c2ef4a1900c0b356d3f8613f2a348728b0909165c3e3618934e9508e4c2069f,0
44,geometry/csv/serving_cell_assignment.csv,channel/csv/serving_cell_assignment.csv,0ccaaf67476d2178e57ef27ecb752af1ab37a1a960247f63538dbd85058fb1f2,0ccaaf67476d2178e57ef27ecb752af1ab37a1a960247f63538dbd85058fb1f2,0
45,geometry/csv/site_positions.csv,channel/csv/site_positions.csv,9290019741d4558160c025fc9772ac478c46137f7d59aa497d7fe2a153d10862,9290019741d4558160c025fc9772ac478c46137f7d59aa497d7fe2a153d10862,0
46,reports/csv/table_channel_summary.csv,channel/csv/table_channel_summary.csv,77e14ebdffa122b0c907350aa125a42f1b2e86c51db144839ab319f0ae750444,77e14ebdffa122b0c907350aa125a42f1b2e86c51db144839ab319f0ae750444,0
47,reports/csv/table_noise_interference.csv,channel/csv/table_noise_interference.csv,75ab4524dc23e9fe079f42d1bc1190cb0378290e1ec5196c49a0c3cf94eb8bbb,75ab4524dc23e9fe079f42d1bc1190cb0378290e1ec5196c49a0c3cf94eb8bbb,0
48,geometry/csv/topology_nodes.csv,channel/csv/topology_nodes.csv,218ba6907a9aff7dedc5016b2a882198ec295f0a83bf1bf0090208b8e4871d6f,218ba6907a9aff7dedc5016b2a882198ec295f0a83bf1bf0090208b8e4871d6f,0
49,mobility/csv/trajectory_constraint_conflicts.csv,channel/csv/trajectory_constraint_conflicts.csv,18d74d836844ae3d2a2c38e0eb9da46d57b89549e465fd68881cfcdfe7d07820,18d74d836844ae3d2a2c38e0eb9da46d57b89549e465fd68881cfcdfe7d07820,0
50,geometry/csv/trajectory_geometry.csv,channel/csv/trajectory_geometry.csv,46af71d044891aef051e89ee0ac9f63ce582acb82c394c8f007cb4ed6574cf2e,46af71d044891aef051e89ee0ac9f63ce582acb82c394c8f007cb4ed6574cf2e,0
51,reports/csv/trajectory_geometry.csv,channel/csv/trajectory_geometry__8df2f3c257b1.csv,8df2f3c257b19f719680e90a42876d1d657f3d6a9af032ad79773dbbf6ffcfe8,8df2f3c257b19f719680e90a42876d1d657f3d6a9af032ad79773dbbf6ffcfe8,0
52,mobility/csv/trajectory_resolution.csv,channel/csv/trajectory_resolution.csv,8111f59ad51036c001a26617604b118c5d5d912b3398be0c2cc5a11e29f3602b,8111f59ad51036c001a26617604b118c5d5d912b3398be0c2cc5a11e29f3602b,0
53,mobility/csv/trajectory_segment_table.csv,channel/csv/trajectory_segment_table.csv,d0332dfc1aa1e4384a9620d0ad7e89db86816dc7330265c0242f5295eaa79a4d,d0332dfc1aa1e4384a9620d0ad7e89db86816dc7330265c0242f5295eaa79a4d,0
54,geometry/csv/ue_initial_positions.csv,channel/csv/ue_initial_positions.csv,1e4629a5add25bee37997b66337484da0d04c77acd9b64b653ac0acdb26dcf00,1e4629a5add25bee37997b66337484da0d04c77acd9b64b653ac0acdb26dcf00,0
55,analytics/image/contract__channel-estimation-propagation-analytics__estimator-bias-variance-summaries.png,channel/image/contract__channel-estimation-propagation-analytics__estimator-bias-variance-summaries.png,b293ea59ba4f621cbcaf346517bebd5ef3b195510d6b6ba7d71bf1f3ff05fb82,b293ea59ba4f621cbcaf346517bebd5ef3b195510d6b6ba7d71bf1f3ff05fb82,0
56,analytics/image/contract__channel-estimation-propagation-analytics__nmse-vs-snr-sinr.png,channel/image/contract__channel-estimation-propagation-analytics__nmse-vs-snr-sinr.png,3858bac5be5a61deac3fc4e2898cab9f00a210c8b88858cb17d8483f3ef9da73,3858bac5be5a61deac3fc4e2898cab9f00a210c8b88858cb17d8483f3ef9da73,0
57,analytics/image/contract__channel-estimation-propagation-analytics__noise-variance-trend.png,channel/image/contract__channel-estimation-propagation-analytics__noise-variance-trend.png,8d1d81336687631e5271ae51908d866fec8df6fd6c331da7dff72887eec20048,8d1d81336687631e5271ae51908d866fec8df6fd6c331da7dff72887eec20048,0
58,analytics/image/contract__channel-estimation-propagation-analytics__serving-vs-interferer-decomposition.png,channel/image/contract__channel-estimation-propagation-analytics__serving-vs-interferer-decomposition.png,42f433bb67648312d17ae65f1b3274a4d28b969075b862cfe4bd2c3a616d6da6,42f433bb67648312d17ae65f1b3274a4d28b969075b862cfe4bd2c3a616d6da6,0
59,reports/image/contract__channel-interference-impairments__cfo-true-vs-estimated-vs-residual.png,channel/image/contract__channel-interference-impairments__cfo-true-vs-estimated-vs-residual.png,95b752693410e0bf960b6a698e8582d2b03b66cacdd8ec50abe4a255489ecd7c,95b752693410e0bf960b6a698e8582d2b03b66cacdd8ec50abe4a255489ecd7c,0
60,reports/image/contract__channel-interference-impairments__channel-quality-timeline.png,channel/image/contract__channel-interference-impairments__channel-quality-timeline.png,6ffd111396dfdd4670245ce5e16fbedc67bce879265177428f10e80a5a840c91,6ffd111396dfdd4670245ce5e16fbedc67bce879265177428f10e80a5a840c91,0
61,reports/image/contract__channel-interference-impairments__interference-power-timeline.png,channel/image/contract__channel-interference-impairments__interference-power-timeline.png,fc9a4addabef1c7dd86bc92d1f8eabbf25b997749deafb51c273e285ddce8c42,fc9a4addabef1c7dd86bc92d1f8eabbf25b997749deafb51c273e285ddce8c42,0
62,reports/image/contract__channel-interference-impairments__timing-offset-true-vs-estimated-vs-residual.png,channel/image/contract__channel-interference-impairments__timing-offset-true-vs-estimated-vs-residual.png,b6b325a4a36c9c952e1fac0ee2b034016307f21009865a4abf4a0344e984fd7e,b6b325a4a36c9c952e1fac0ee2b034016307f21009865a4abf4a0344e984fd7e,0
63,analytics/image/contract__error-reliability-analytics__per-channel-reliability-breakdown.png,channel/image/contract__error-reliability-analytics__per-channel-reliability-breakdown.png,f0943f043f3c1007e690d69517fa707f94e9cba77c097684fd1db1e8628068ec,f0943f043f3c1007e690d69517fa707f94e9cba77c097684fd1db1e8628068ec,0
64,reports/image/contract__geometry-mobility-validation__measured-sinr-vs-slot.png,channel/image/contract__geometry-mobility-validation__measured-sinr-vs-slot.png,eb8957b2aae45785a822e2b1c42b79fee0d877c443cf94adc0b8046c3ab4ca5b,eb8957b2aae45785a822e2b1c42b79fee0d877c443cf94adc0b8046c3ab4ca5b,0
65,reports/image/contract__scenario-geometry-topology-layout__bs-sector-ue-topology-scatter-plot.png,channel/image/contract__scenario-geometry-topology-layout__bs-sector-ue-topology-scatter-plot.png,ac3b66702269c2eea0755c52751454df2bde822e591a22e2106d0e1d89adb8be,ac3b66702269c2eea0755c52751454df2bde822e591a22e2106d0e1d89adb8be,0
66,reports/image/contract__scenario-geometry-topology-layout__serving-cell-map.png,channel/image/contract__scenario-geometry-topology-layout__serving-cell-map.png,e4e64485e6df3a2a87da00213cea09ac280463a4786b9ced9eb17ae5e84a84c1,e4e64485e6df3a2a87da00213cea09ac280463a4786b9ced9eb17ae5e84a84c1,0
67,reports/json/channel_rf_conformance_summary.json,channel/json/channel_rf_conformance_summary.json,9f38d69a84924503eb4c4ef4d6a9cdaf71ff82f0208c30002c496eac067807cd,9f38d69a84924503eb4c4ef4d6a9cdaf71ff82f0208c30002c496eac067807cd,0
68,reports/json/channel_rf_toolbox_capabilities.json,channel/json/channel_rf_toolbox_capabilities.json,1286b801cd575b42e73d5fd14fe5548a57a1fa2b009ba68a865eb52dc60bf4bc,1286b801cd575b42e73d5fd14fe5548a57a1fa2b009ba68a865eb52dc60bf4bc,0
69,reports/csv/doppler_time_variation_plot.json,channel/json/doppler_time_variation_plot.json,3f5b1f12ef09223d1e4b872fe3427d7b53e9c67893307c1f93297d330668e496,3f5b1f12ef09223d1e4b872fe3427d7b53e9c67893307c1f93297d330668e496,0
70,reports/csv/doppler_time_variation_plot.json_policy.json,channel/json/doppler_time_variation_plot.json_policy.json,f998ccfd3f37d7a7647d4072470c2b50ec352ef619f3ab1915d94d182d90ed2f,f998ccfd3f37d7a7647d4072470c2b50ec352ef619f3ab1915d94d182d90ed2f,0
71,reports/csv/mobility_adequacy_report.json,channel/json/mobility_adequacy_report.json,78d3822e2bcec73bd6f1178cd60730b47b3a8023e0485f7e2900b5648aa90f93,78d3822e2bcec73bd6f1178cd60730b47b3a8023e0485f7e2900b5648aa90f93,0
72,reports/csv/mobility_adequacy_report.json_policy.json,channel/json/mobility_adequacy_report.json_policy.json,d1bc730462cf55c9a1f7529d61938bbf75acdc2f5605c1c0ffd50e4dc09cf645,d1bc730462cf55c9a1f7529d61938bbf75acdc2f5605c1c0ffd50e4dc09cf645,0
73,reports/csv/table_channel_summary.json,channel/json/table_channel_summary.json,9105538d644d92c712095c26d517a2db6ea4d0f0ed47c7a395538f1a6549c137,9105538d644d92c712095c26d517a2db6ea4d0f0ed47c7a395538f1a6549c137,0
74,reports/csv/table_channel_summary.json_policy.json,channel/json/table_channel_summary.json_policy.json,6909299c0cabc634c9f9cbe39f993175ff6a70be0c3e18a8cde1c393558814dd,6909299c0cabc634c9f9cbe39f993175ff6a70be0c3e18a8cde1c393558814dd,0
75,reports/csv/table_noise_interference.json,channel/json/table_noise_interference.json,aeb79a247152d3140f2a14386f719f029aa608d5ba31b81ab9693a5f01e33c6f,aeb79a247152d3140f2a14386f719f029aa608d5ba31b81ab9693a5f01e33c6f,0
76,reports/csv/table_noise_interference.json_policy.json,channel/json/table_noise_interference.json_policy.json,65e4b066f70be72fceee1412632102701debacb6e2d65fca4b9721e63f417472,65e4b066f70be72fceee1412632102701debacb6e2d65fca4b9721e63f417472,0
77,reports/csv/dl_resource_grid_heatmap.csv,frame_grid/csv/dl_resource_grid_heatmap.csv,a6c22e8d47d8da5b4d9b5169cd1a83b517999d0b49502c4c63e982dca364efb2,a6c22e8d47d8da5b4d9b5169cd1a83b517999d0b49502c4c63e982dca364efb2,0
78,reports/csv/live_bwp_state.csv,frame_grid/csv/live_bwp_state.csv,332b642c56edd540dc3a186bb6177bb1d9f79e3455cee8ad189b59cf8bc86f7c,332b642c56edd540dc3a186bb6177bb1d9f79e3455cee8ad189b59cf8bc86f7c,0
79,reports/csv/live_frame_grid_state.csv,frame_grid/csv/live_frame_grid_state.csv,332b642c56edd540dc3a186bb6177bb1d9f79e3455cee8ad189b59cf8bc86f7c,332b642c56edd540dc3a186bb6177bb1d9f79e3455cee8ad189b59cf8bc86f7c,0
80,reports/csv/live_numerology_state.csv,frame_grid/csv/live_numerology_state.csv,332b642c56edd540dc3a186bb6177bb1d9f79e3455cee8ad189b59cf8bc86f7c,332b642c56edd540dc3a186bb6177bb1d9f79e3455cee8ad189b59cf8bc86f7c,0
81,analytics/csv/resource_grid_analytics.csv,frame_grid/csv/resource_grid_analytics.csv,651e7414bd38ce527ed625db557a9d3543f78013926adf9b5ebebfaa60fbd3ad,651e7414bd38ce527ed625db557a9d3543f78013926adf9b5ebebfaa60fbd3ad,0
82,reports/csv/ul_resource_grid_heatmap.csv,frame_grid/csv/ul_resource_grid_heatmap.csv,c2aee3d36ad2a12d8a7d1cf343110f804eaa07eabf0c3620a9dfec5814304b2f,c2aee3d36ad2a12d8a7d1cf343110f804eaa07eabf0c3620a9dfec5814304b2f,0
83,reports/image/contract__air-interface-frame-slot-symbol-grid__dl-ul-guard-slot-pattern-chart.png,frame_grid/image/contract__air-interface-frame-slot-symbol-grid__dl-ul-guard-slot-pattern-chart.png,ab53d0674b26bb7ac156f8f2c3be9a9adae19f65c90e0ce9bde3af149340030b,ab53d0674b26bb7ac156f8f2c3be9a9adae19f65c90e0ce9bde3af149340030b,0
84,reports/image/contract__air-interface-frame-slot-symbol-grid__frame-slot-symbol-occupancy-timeline.png,frame_grid/image/contract__air-interface-frame-slot-symbol-grid__frame-slot-symbol-occupancy-timeline.png,f2df2e31e058999dc27da4d1297235890960aba7379f0347c97657e2edc7de3c,f2df2e31e058999dc27da4d1297235890960aba7379f0347c97657e2edc7de3c,0
85,reports/image/contract__air-interface-frame-slot-symbol-grid__prb-heatmap.png,frame_grid/image/contract__air-interface-frame-slot-symbol-grid__prb-heatmap.png,97e69c01b24657733c5f23372bd4e13b1219f20138d41b893b820a7d991d6dec,97e69c01b24657733c5f23372bd4e13b1219f20138d41b893b820a7d991d6dec,0
86,reports/image/contract__air-interface-frame-slot-symbol-grid__re-occupancy-heatmap.png,frame_grid/image/contract__air-interface-frame-slot-symbol-grid__re-occupancy-heatmap.png,16db094b463df94c46444a69a8a8c0a3e41f592038ba5ec0e479bcd07001d178,16db094b463df94c46444a69a8a8c0a3e41f592038ba5ec0e479bcd07001d178,0
87,analytics/image/contract__resource-grid-re-occupancy-analytics__prb-heatmap.png,frame_grid/image/contract__resource-grid-re-occupancy-analytics__prb-heatmap.png,97e69c01b24657733c5f23372bd4e13b1219f20138d41b893b820a7d991d6dec,97e69c01b24657733c5f23372bd4e13b1219f20138d41b893b820a7d991d6dec,0
88,analytics/image/contract__resource-grid-re-occupancy-analytics__re-occupancy-heatmap.png,frame_grid/image/contract__resource-grid-re-occupancy-analytics__re-occupancy-heatmap.png,16db094b463df94c46444a69a8a8c0a3e41f592038ba5ec0e479bcd07001d178,16db094b463df94c46444a69a8a8c0a3e41f592038ba5ec0e479bcd07001d178,0
89,reports/csv/dl_resource_grid_heatmap.json_policy.json,frame_grid/json/dl_resource_grid_heatmap.json_policy.json,e049d132a2fd8859e36495730af06e1fc222cdee3fc91e8baa3c6a949c58d28a,e049d132a2fd8859e36495730af06e1fc222cdee3fc91e8baa3c6a949c58d28a,0
90,reports/csv/ul_resource_grid_heatmap.json_policy.json,frame_grid/json/ul_resource_grid_heatmap.json_policy.json,91a6f3e3e7865fc55d2c3a6c90d48448e3fdb90513da0ffc6f391fcb37de10aa,91a6f3e3e7865fc55d2c3a6c90d48448e3fdb90513da0ffc6f391fcb37de10aa,0
91,control/csv/attach_state_trace.csv,initial_access/csv/attach_state_trace.csv,0dc53ea8d805819a0db1a50f747a9fc673701d1366b57fe01aa204b472a679db,0dc53ea8d805819a0db1a50f747a9fc673701d1366b57fe01aa204b472a679db,0
92,control/csv/initial_access_lifecycle_trace.csv,initial_access/csv/initial_access_lifecycle_trace.csv,cbada0e0c572a4902ca17193e7e3c0a723185bab42e013f0f0287253a5714870,cbada0e0c572a4902ca17193e7e3c0a723185bab42e013f0f0287253a5714870,0
93,reports/csv/initial_access_lifecycle_trace.csv,initial_access/csv/initial_access_lifecycle_trace.csv,cbada0e0c572a4902ca17193e7e3c0a723185bab42e013f0f0287253a5714870,cbada0e0c572a4902ca17193e7e3c0a723185bab42e013f0f0287253a5714870,0
94,air_interface/csv/ssb_pbch_sib1_beam_sweep.csv,initial_access/csv/ssb_pbch_sib1_beam_sweep.csv,c870ffae9f1acee34c914e53efc8421d9555ba85e1fb43840c5603e2f8ef0199,c870ffae9f1acee34c914e53efc8421d9555ba85e1fb43840c5603e2f8ef0199,0
95,beamforming/csv/ssb_pbch_sib1_beam_sweep.csv,initial_access/csv/ssb_pbch_sib1_beam_sweep.csv,c870ffae9f1acee34c914e53efc8421d9555ba85e1fb43840c5603e2f8ef0199,c870ffae9f1acee34c914e53efc8421d9555ba85e1fb43840c5603e2f8ef0199,0
96,control/csv/ssb_pbch_sib1_beam_sweep.csv,initial_access/csv/ssb_pbch_sib1_beam_sweep__157b6ea6bf67.csv,157b6ea6bf67715dec2413f1297e7265fb137970bef4c8fdc860ad75a3a0afe6,157b6ea6bf67715dec2413f1297e7265fb137970bef4c8fdc860ad75a3a0afe6,0
97,packet_flow/csv/protocol_in_path_payload_delivery.csv,l2/csv/protocol_in_path_payload_delivery.csv,af315d8b5cdca81f3f2956e064ed44bfa410874f655a221208ade6a69f2d84b1,af315d8b5cdca81f3f2956e064ed44bfa410874f655a221208ade6a69f2d84b1,0
98,control/csv/rrc_connection_events.csv,l3/csv/rrc_connection_events.csv,5d49963551037e1895f86f4768003675da41d8e51880c92521f04e5ea4151330,5d49963551037e1895f86f4768003675da41d8e51880c92521f04e5ea4151330,0
99,control/csv/rrc_setup_complete.csv,l3/csv/rrc_setup_complete.csv,2df22ac27ac2f97fceae6d06379741ed320d2b017a5c62062bd8836d0c268e70,2df22ac27ac2f97fceae6d06379741ed320d2b017a5c62062bd8836d0c268e70,0
100,analytics/csv/contract__harq-analytics__harq-rtt-distribution.csv,mac_harq_scheduler/csv/contract__harq-analytics__harq-rtt-distribution.csv,,a773c4bcf87b6ad68be79c68a2c4f100db9e85b61dab9a30f07c0d3974efbcbe,1
101,reports/csv/contract__scheduler-mac-queue-qos-power-control-uci-flow__grant-reason-distribution.csv,mac_harq_scheduler/csv/contract__scheduler-mac-queue-qos-power-control-uci-flow__grant-reason-distribution.csv,,2e1fc71880d7784793d07a0df94ea3cedcaf3e4086381589614d0a451f283c2d,1
102,reports/csv/contract__scheduler-mac-queue-qos-power-control-uci-flow__hol-delay-over-time.csv,mac_harq_scheduler/csv/contract__scheduler-mac-queue-qos-power-control-uci-flow__hol-delay-over-time.csv,,3f2c5a5ad5d160af4ca52d15897c51ddd2463bc15ce3601da0aed0b5141907a3,1
103,reports/csv/contract__scheduler-mac-queue-qos-power-control-uci-flow__mcs-over-time.csv,mac_harq_scheduler/csv/contract__scheduler-mac-queue-qos-power-control-uci-flow__mcs-over-time.csv,,b53b8b770faf89ff5b6654fec09ea09096f663b5daa631d7093492686504092c,1
104,reports/csv/contract__scheduler-mac-queue-qos-power-control-uci-flow__queue-depth-over-time.csv,mac_harq_scheduler/csv/contract__scheduler-mac-queue-qos-power-control-uci-flow__queue-depth-over-time.csv,,0d40548ac0c94fce091c0834e581c84b18efd653d84ae0bf1c634f2b2bc080ba,1
105,analytics/csv/harq_analytics.csv,mac_harq_scheduler/csv/harq_analytics.csv,5c08104a85294e5ba6356202fc53e866bb49a14f92ea235f9e700cd1f19964e7,5c08104a85294e5ba6356202fc53e866bb49a14f92ea235f9e700cd1f19964e7,0
106,air_interface/csv/harq_combining_gain.csv,mac_harq_scheduler/csv/harq_combining_gain.csv,2c68fe35a9474fec73cbfa5fce96c0acfdd73115a07009845e3d9d0d40d0f175,2c68fe35a9474fec73cbfa5fce96c0acfdd73115a07009845e3d9d0d40d0f175,0
107,reports/csv/harq_outputs.csv,mac_harq_scheduler/csv/harq_outputs.csv,c2d685a1ee29b536e4ce837dcd6dad68b1a8f2407990e9b519e81842fb072a7f,c2d685a1ee29b536e4ce837dcd6dad68b1a8f2407990e9b519e81842fb072a7f,0
108,analytics/csv/harq_process_analytics.csv,mac_harq_scheduler/csv/harq_process_analytics.csv,5c08104a85294e5ba6356202fc53e866bb49a14f92ea235f9e700cd1f19964e7,5c08104a85294e5ba6356202fc53e866bb49a14f92ea235f9e700cd1f19964e7,0
109,harq/csv/harq_process_timeline.csv,mac_harq_scheduler/csv/harq_process_timeline.csv,da7c12caa4b722b81c962b9d02e1d4c5dbf1f03464040eee8039b83131359391,da7c12caa4b722b81c962b9d02e1d4c5dbf1f03464040eee8039b83131359391,0
110,reports/csv/kpi_harq_delivery_trace_dl.csv,mac_harq_scheduler/csv/kpi_harq_delivery_trace_dl.csv,fd4b0d4e4a9c7ebc7b0bed7a78e667efc493e8901bb3ade1b05ff7cfa1b185f0,fd4b0d4e4a9c7ebc7b0bed7a78e667efc493e8901bb3ade1b05ff7cfa1b185f0,0
111,reports/csv/kpi_harq_delivery_trace_ul.csv,mac_harq_scheduler/csv/kpi_harq_delivery_trace_ul.csv,864f463c0af36110240dce70972452b0b945cf27f44a45676b6716be4c84b9fa,864f463c0af36110240dce70972452b0b945cf27f44a45676b6716be4c84b9fa,0
112,reports/csv/live_bsr_state.csv,mac_harq_scheduler/csv/live_bsr_state.csv,b2f2bcdee638a6e1269c19f943000de42669aa15c1f7c8f6fc879c0d02efe9c4,b2f2bcdee638a6e1269c19f943000de42669aa15c1f7c8f6fc879c0d02efe9c4,0
113,harq/csv/live_harq_observation_summary.csv,mac_harq_scheduler/csv/live_harq_observation_summary.csv,66b15504e7fd4be534ef990c4a2eec62a9ab0420657163f0af66d1124ba76449,66b15504e7fd4be534ef990c4a2eec62a9ab0420657163f0af66d1124ba76449,0
114,harq/csv/live_harq_observation_timeline.csv,mac_harq_scheduler/csv/live_harq_observation_timeline.csv,f3ae30b5a84773768dd72d6323f9cf176bd03394ab3e2f3ba527204df3944a43,f3ae30b5a84773768dd72d6323f9cf176bd03394ab3e2f3ba527204df3944a43,0
115,reports/csv/live_harq_process_table.csv,mac_harq_scheduler/csv/live_harq_process_table.csv,5c08104a85294e5ba6356202fc53e866bb49a14f92ea235f9e700cd1f19964e7,5c08104a85294e5ba6356202fc53e866bb49a14f92ea235f9e700cd1f19964e7,0
116,reports/csv/live_harq_timeline.csv,mac_harq_scheduler/csv/live_harq_timeline.csv,01e9f17eb36637e7b5c2aec5ed7037a687683c9ce124eca8d0c64fca149fa98e,01e9f17eb36637e7b5c2aec5ed7037a687683c9ce124eca8d0c64fca149fa98e,0
117,reports/csv/live_mac_ce_state.csv,mac_harq_scheduler/csv/live_mac_ce_state.csv,5b16c6b1d1c4bcc88b268bbbf9bd1d9f3cca5017174cb324bbe78c30f4462253,5b16c6b1d1c4bcc88b268bbbf9bd1d9f3cca5017174cb324bbe78c30f4462253,0
118,reports/csv/live_mac_pdu_summary.csv,mac_harq_scheduler/csv/live_mac_pdu_summary.csv,b0dc69371def29d94b54a37676488f4577e5204b66c854356a85ee1aca70cc58,b0dc69371def29d94b54a37676488f4577e5204b66c854356a85ee1aca70cc58,0
119,reports/csv/live_phr_state.csv,mac_harq_scheduler/csv/live_phr_state.csv,d0589c5917690ed3e20efe8d1e108d169c451666bc9c75a671dea031236367a2,d0589c5917690ed3e20efe8d1e108d169c451666bc9c75a671dea031236367a2,0
120,reports/csv/live_phy_mac_api_table.csv,mac_harq_scheduler/csv/live_phy_mac_api_table.csv,468a184e0cbe380b183bc6decba94e3f712711ea56d951fa3b337e932fa7b26e,468a184e0cbe380b183bc6decba94e3f712711ea56d951fa3b337e932fa7b26e,0
121,reports/csv/live_scheduler_cycle.csv,mac_harq_scheduler/csv/live_scheduler_cycle.csv,234a46eaca0a365f9aaf486146072fcbd1d369603ec5c7764ef4fb6db5e26a22,234a46eaca0a365f9aaf486146072fcbd1d369603ec5c7764ef4fb6db5e26a22,0
122,packet_flow/csv/live_scheduler_decision_log.csv,mac_harq_scheduler/csv/live_scheduler_decision_log.csv,3727543aa9e1befc14fd50aedafe2692e6c531fdf5056ff078b70163dbe1244d,3727543aa9e1befc14fd50aedafe2692e6c531fdf5056ff078b70163dbe1244d,0
123,harq/csv/probe_harq_packets.csv,mac_harq_scheduler/csv/probe_harq_packets.csv,da7c12caa4b722b81c962b9d02e1d4c5dbf1f03464040eee8039b83131359391,da7c12caa4b722b81c962b9d02e1d4c5dbf1f03464040eee8039b83131359391,0
124,harq/csv/probe_harq_summary.csv,mac_harq_scheduler/csv/probe_harq_summary.csv,009e4026d62192ea40a9722ee5a240a3e02a497fef37f8e164b3a5f2ed62649d,009e4026d62192ea40a9722ee5a240a3e02a497fef37f8e164b3a5f2ed62649d,0
125,packet_flow/csv/scheduler_decision_log.csv,mac_harq_scheduler/csv/scheduler_decision_log.csv,3727543aa9e1befc14fd50aedafe2692e6c531fdf5056ff078b70163dbe1244d,3727543aa9e1befc14fd50aedafe2692e6c531fdf5056ff078b70163dbe1244d,0
126,reports/csv/scheduler_kpi_reconciliation.csv,mac_harq_scheduler/csv/scheduler_kpi_reconciliation.csv,2c0aeb71899f02d91a29a9962c6381ad933cd51be55b93cd798c12cca14663a0,2c0aeb71899f02d91a29a9962c6381ad933cd51be55b93cd798c12cca14663a0,0
127,packet_flow/csv/scheduler_ue_summary.csv,mac_harq_scheduler/csv/scheduler_ue_summary.csv,126d1247745f37ea1d8b1efd800146bf65b968982c7a1b7fcde8397d74b23c24,126d1247745f37ea1d8b1efd800146bf65b968982c7a1b7fcde8397d74b23c24,0
128,reports/csv/table_harq_process.csv,mac_harq_scheduler/csv/table_harq_process.csv,b4e079dcd3f37a9d8923005e2859d2b300367d0682875b2ef7f76efd2701f73c,b4e079dcd3f37a9d8923005e2859d2b300367d0682875b2ef7f76efd2701f73c,0
129,packet_flow/csv/table_scheduler_decision.csv,mac_harq_scheduler/csv/table_scheduler_decision.csv,f816a4c6cbecbefde76e770bc5b3cacb2802788bb36ff05b1f4dd5d3c0121c80,f816a4c6cbecbefde76e770bc5b3cacb2802788bb36ff05b1f4dd5d3c0121c80,0
130,analytics/image/contract__error-reliability-analytics__residual-bler-after-harq.png,mac_harq_scheduler/image/contract__error-reliability-analytics__residual-bler-after-harq.png,1aa4af086b9f3b048203be9c9a262d559dca5172ebcdb47b4bac69e15bc0a9e6,1aa4af086b9f3b048203be9c9a262d559dca5172ebcdb47b4bac69e15bc0a9e6,0
131,reports/image/contract__harq-ack-nack-retransmission__ack-nack-timeline.png,mac_harq_scheduler/image/contract__harq-ack-nack-retransmission__ack-nack-timeline.png,0e873a73fc2b5c31a1d6a092daa2660b7ba935d4bb1ab958f52eb8c34a5b3d7a,0e873a73fc2b5c31a1d6a092daa2660b7ba935d4bb1ab958f52eb8c34a5b3d7a,0
132,reports/image/contract__harq-ack-nack-retransmission__combining-gain-histogram.png,mac_harq_scheduler/image/contract__harq-ack-nack-retransmission__combining-gain-histogram.png,d782e644a6f1add006552e02267d60b87f978fd368bdab67e85db42a74228083,d782e644a6f1add006552e02267d60b87f978fd368bdab67e85db42a74228083,0
133,reports/image/contract__harq-ack-nack-retransmission__harq-process-timeline.png,mac_harq_scheduler/image/contract__harq-ack-nack-retransmission__harq-process-timeline.png,30b6f227e59c32ec2e1fec026b4b1c180bdcc4d269ed52317907bff128366418,30b6f227e59c32ec2e1fec026b4b1c180bdcc4d269ed52317907bff128366418,0
134,reports/image/contract__harq-ack-nack-retransmission__residual-bler-by-harq-process.png,mac_harq_scheduler/image/contract__harq-ack-nack-retransmission__residual-bler-by-harq-process.png,65758eb198dc57f67c3a736347a633a52794c0901cc4553044f60f8e8aa16aaf,65758eb198dc57f67c3a736347a633a52794c0901cc4553044f60f8e8aa16aaf,0
135,reports/image/contract__harq-ack-nack-retransmission__retransmission-count-histogram.png,mac_harq_scheduler/image/contract__harq-ack-nack-retransmission__retransmission-count-histogram.png,7554e8cbb1ee3697656ad95466a53d5657ffd60be31ad4e7a233a17059fa7f8f,7554e8cbb1ee3697656ad95466a53d5657ffd60be31ad4e7a233a17059fa7f8f,0
136,reports/image/contract__harq-ack-nack-retransmission__rv-usage-distribution.png,mac_harq_scheduler/image/contract__harq-ack-nack-retransmission__rv-usage-distribution.png,b1aaefb9fa8e780dd450a7153873297cff6a604a2cc9323f2bf6b738b5fde370,b1aaefb9fa8e780dd450a7153873297cff6a604a2cc9323f2bf6b738b5fde370,0
137,analytics/image/contract__harq-analytics__harq-combining-gain-distribution.png,mac_harq_scheduler/image/contract__harq-analytics__harq-combining-gain-distribution.png,456b209cbea03f9a9b1fc2e66c6f19e8c215015991b1745df140a672590f416d,456b209cbea03f9a9b1fc2e66c6f19e8c215015991b1745df140a672590f416d,0
138,analytics/image/contract__harq-analytics__harq-process-timeline.png,mac_harq_scheduler/image/contract__harq-analytics__harq-process-timeline.png,30b6f227e59c32ec2e1fec026b4b1c180bdcc4d269ed52317907bff128366418,30b6f227e59c32ec2e1fec026b4b1c180bdcc4d269ed52317907bff128366418,0
139,analytics/image/contract__harq-analytics__harq-rtt-distribution.png,mac_harq_scheduler/image/contract__harq-analytics__harq-rtt-distribution.png,a5374fe1ddd36a2ba16bd3c441fc0e32c180ceac8411ed74bacf935cd5d8f157,a5374fe1ddd36a2ba16bd3c441fc0e32c180ceac8411ed74bacf935cd5d8f157,0
140,analytics/image/contract__harq-analytics__newtx-vs-retx-comparison.png,mac_harq_scheduler/image/contract__harq-analytics__newtx-vs-retx-comparison.png,9eb25dc8c15c87e694fed699f7e018f2717e7cf285a675efb0ed821e90024057,9eb25dc8c15c87e694fed699f7e018f2717e7cf285a675efb0ed821e90024057,0
141,analytics/image/contract__harq-analytics__residual-failure-patterns.png,mac_harq_scheduler/image/contract__harq-analytics__residual-failure-patterns.png,c0f86405b1621987cd388cd74941f8d59976a05b6351336b26d16a938305729a,c0f86405b1621987cd388cd74941f8d59976a05b6351336b26d16a938305729a,0
142,analytics/image/contract__harq-analytics__retransmission-count-histogram.png,mac_harq_scheduler/image/contract__harq-analytics__retransmission-count-histogram.png,7554e8cbb1ee3697656ad95466a53d5657ffd60be31ad4e7a233a17059fa7f8f,7554e8cbb1ee3697656ad95466a53d5657ffd60be31ad4e7a233a17059fa7f8f,0
143,analytics/image/contract__harq-analytics__retransmission-rate-trend.png,mac_harq_scheduler/image/contract__harq-analytics__retransmission-rate-trend.png,ace7b5a2d23fca6e97871686d8d05c4f3ead924b8681d7456261458ac00c8238,ace7b5a2d23fca6e97871686d8d05c4f3ead924b8681d7456261458ac00c8238,0
144,analytics/image/contract__throughput-goodput-spectral-efficiency-analytics__goodput-vs-retransmissions.png,mac_harq_scheduler/image/contract__throughput-goodput-spectral-efficiency-analytics__goodput-vs-retransmissions.png,3709ed451a3d2ca45a0f34d53e2310551a45e15fbf9290ff5e21203caaa023da,3709ed451a3d2ca45a0f34d53e2310551a45e15fbf9290ff5e21203caaa023da,0
145,air_interface/csv/harq_combining_gain.json,mac_harq_scheduler/json/harq_combining_gain.json,aa6d3049af190cf9b54cd40e20f5a242d20a234af0a1589064cc2f1a67fe61ef,aa6d3049af190cf9b54cd40e20f5a242d20a234af0a1589064cc2f1a67fe61ef,0
146,air_interface/csv/harq_combining_gain.json_policy.json,mac_harq_scheduler/json/harq_combining_gain.json_policy.json,f333d1842fd18b151cd413178fdbbcc9a7c96dd86650b7694ac6aa393f551ca0,f333d1842fd18b151cd413178fdbbcc9a7c96dd86650b7694ac6aa393f551ca0,0
147,reports/csv/table_harq_process.json,mac_harq_scheduler/json/table_harq_process.json,34b0ebc458bedc81f80c39a6e71e4059cdd559e60f665c3b311bac21b4373563,34b0ebc458bedc81f80c39a6e71e4059cdd559e60f665c3b311bac21b4373563,0
148,reports/csv/table_harq_process.json_policy.json,mac_harq_scheduler/json/table_harq_process.json_policy.json,21208507ab2cd09be7c86ea031cae8c78e54b6205205b2055b65402fccf7d3b9,21208507ab2cd09be7c86ea031cae8c78e54b6205205b2055b65402fccf7d3b9,0
149,packet_flow/csv/table_scheduler_decision.json_policy.json,mac_harq_scheduler/json/table_scheduler_decision.json_policy.json,50fd568b9510490cb6835bb35560974d7d7a5d67fb71c6bb28b68735c47e988e,50fd568b9510490cb6835bb35560974d7d7a5d67fb71c6bb28b68735c47e988e,0
150,beamforming/csv/antenna_array_config.csv,mimo/csv/antenna_array_config.csv,70f44939997df47f7cd62a56fdc9c5640d73275b4b5e924d5fb49582a1b08171,70f44939997df47f7cd62a56fdc9c5640d73275b4b5e924d5fb49582a1b08171,0
151,beamforming/csv/antenna_port_mapping.csv,mimo/csv/antenna_port_mapping.csv,ec336cfe78eba8466a3eee89e75426ab35355906c2fc69d29fe3e063022729cd,ec336cfe78eba8466a3eee89e75426ab35355906c2fc69d29fe3e063022729cd,0
152,analytics/csv/beam_analytics.csv,mimo/csv/beam_analytics.csv,6f0679d3c5467b9b8b739bf2d8833a333c74f7e221b7e1aaad09549be5aee7ba,6f0679d3c5467b9b8b739bf2d8833a333c74f7e221b7e1aaad09549be5aee7ba,0
153,beamforming/csv/beam_codebook.csv,mimo/csv/beam_codebook.csv,b09145187fd1b593d84d8d90a2bc4a9438057f94bcbb6915b6bd897c49d03548,b09145187fd1b593d84d8d90a2bc4a9438057f94bcbb6915b6bd897c49d03548,0
154,beamforming/csv/beam_management_event_trace.csv,mimo/csv/beam_management_event_trace.csv,043ae1234d8211d224d251e19089d9754d3765e43534440f922e0fa5133a601f,043ae1234d8211d224d251e19089d9754d3765e43534440f922e0fa5133a601f,0
155,reports/csv/beam_management_outputs.csv,mimo/csv/beam_management_outputs.csv,8cdceafcd10092e7b0b45b8052f71758fa16f859895c81c285159926ba8e6fa1,8cdceafcd10092e7b0b45b8052f71758fa16f859895c81c285159926ba8e6fa1,0
156,beamforming/csv/beam_management_state_trace.csv,mimo/csv/beam_management_state_trace.csv,8dcfc15b735147a1f460accb646fac9176c2506ece51fb7f47d7a3d686eeb45d,8dcfc15b735147a1f460accb646fac9176c2506ece51fb7f47d7a3d686eeb45d,0
157,reports/csv/measurements/beam_precoder_measurements.csv,mimo/csv/beam_precoder_measurements.csv,8c4e8204c97fcf79beb59c655f96b1d21cbec11163839b7639d233ce335df8ad,8c4e8204c97fcf79beb59c655f96b1d21cbec11163839b7639d233ce335df8ad,0
158,reports/csv/provenance_sidecars/beam_precoder_provenance.csv,mimo/csv/beam_precoder_provenance.csv,42ff6ec0c7c64b81736f15efb3e8ca214c1a781f111aae4e5d8721eeab15121c,42ff6ec0c7c64b81736f15efb3e8ca214c1a781f111aae4e5d8721eeab15121c,0
159,beamforming/csv/beam_precoder_table.csv,mimo/csv/beam_precoder_table.csv,9933ff476f7068729e61c0e4d7cf93e7af0beb8d61daedcc46f87a4e793da215,9933ff476f7068729e61c0e4d7cf93e7af0beb8d61daedcc46f87a4e793da215,0
160,beamforming/csv/beam_score_trace.csv,mimo/csv/beam_score_trace.csv,5ade98cfc4f9a559b292a739bd8e91d04c1862f58cab291470f971748eeecc9b,5ade98cfc4f9a559b292a739bd8e91d04c1862f58cab291470f971748eeecc9b,0
161,reports/csv/beam_stability_analytics_table.csv,mimo/csv/beam_stability_analytics_table.csv,b5b1b9001861d7d112e7cd45bcf8647c20e42f0ba22979b153a5bac522855b61,b5b1b9001861d7d112e7cd45bcf8647c20e42f0ba22979b153a5bac522855b61,0
162,beamforming/csv/beam_sweep_measurements.csv,mimo/csv/beam_sweep_measurements.csv,912949676e123f29651ec7510b98d5d00b7e0d41114450b118342182afb91bd4,912949676e123f29651ec7510b98d5d00b7e0d41114450b118342182afb91bd4,0
163,beamforming/csv/beamforming_analytics_table.csv,mimo/csv/beamforming_analytics_table.csv,46fad909f797787ebf0ba3c5603ad5b21df55a0598ca32ca288c6b6d4822926c,46fad909f797787ebf0ba3c5603ad5b21df55a0598ca32ca288c6b6d4822926c,0
164,analytics/csv/contract__beamforming-precoding-mimo-analytics__beam-gain-gap-histogram.csv,mimo/csv/contract__beamforming-precoding-mimo-analytics__beam-gain-gap-histogram.csv,,62f03016aa576ba49a29ce4fad2f5bac888839ff7198cdd4a721a475c5b03ca3,1
165,analytics/csv/contract__beamforming-precoding-mimo-analytics__beam-pattern-3d.csv,mimo/csv/contract__beamforming-precoding-mimo-analytics__beam-pattern-3d.csv,,9812051cce42a675bff3017168400909c9d3bf7c554cde4e72dc09a577bdb563,1
166,analytics/csv/contract__beamforming-precoding-mimo-analytics__condition-number-distribution.csv,mimo/csv/contract__beamforming-precoding-mimo-analytics__condition-number-distribution.csv,,5ddad01f29a74981dc33a182ca43be2441dca317f9159f4adec3d067e4e8410d,1
167,analytics/csv/contract__beamforming-precoding-mimo-analytics__inter-user-leakage.csv,mimo/csv/contract__beamforming-precoding-mimo-analytics__inter-user-leakage.csv,,e5077f81ffae8e8d170a221c14436647340f2a9e8d23afb701ce2d829fa14653,1
168,analytics/csv/contract__beamforming-precoding-mimo-analytics__mu-grouping-analytics.csv,mimo/csv/contract__beamforming-precoding-mimo-analytics__mu-grouping-analytics.csv,,f15dcb4c7244e41bad1308749b5f731ce96223f73e856fa2958b6115ff0cc973,1
169,analytics/csv/contract__beamforming-precoding-mimo-analytics__per-layer-sinr.csv,mimo/csv/contract__beamforming-precoding-mimo-analytics__per-layer-sinr.csv,,8beed4b2f5664f1f46e7bc6e66b13c814ca297ad265ed65a2f46fba88fa3bc47,1
170,analytics/csv/contract__beamforming-precoding-mimo-analytics__precoder-mode-distribution.csv,mimo/csv/contract__beamforming-precoding-mimo-analytics__precoder-mode-distribution.csv,,c1fec7d9af84ee3974e4afb9a18bd9d7744340ece7932f6b15955939d2bffb50,1
171,analytics/csv/contract__beamforming-precoding-mimo-analytics__selected-vs-best-beam-gap.csv,mimo/csv/contract__beamforming-precoding-mimo-analytics__selected-vs-best-beam-gap.csv,,002180a3fab77943f6716ccf7efc71db1e78002143cfd4296d272c9ba897a77b,1
172,reports/csv/contract__beamforming-precoding-mimo-massive-mimo__beam-gain-gap-histogram.csv,mimo/csv/contract__beamforming-precoding-mimo-massive-mimo__beam-gain-gap-histogram.csv,,62f03016aa576ba49a29ce4fad2f5bac888839ff7198cdd4a721a475c5b03ca3,1
173,reports/csv/contract__beamforming-precoding-mimo-massive-mimo__condition-number-distribution.csv,mimo/csv/contract__beamforming-precoding-mimo-massive-mimo__condition-number-distribution.csv,,5ddad01f29a74981dc33a182ca43be2441dca317f9159f4adec3d067e4e8410d,1
174,reports/csv/contract__beamforming-precoding-mimo-massive-mimo__mu-grouping-summary.csv,mimo/csv/contract__beamforming-precoding-mimo-massive-mimo__mu-grouping-summary.csv,,ae7a0783c077c6a721b49dab48461c282c1d084029f8e93aa70bdd8c3e68472e,1
175,reports/csv/contract__beamforming-precoding-mimo-massive-mimo__precoder-mode-distribution.csv,mimo/csv/contract__beamforming-precoding-mimo-massive-mimo__precoder-mode-distribution.csv,,c1fec7d9af84ee3974e4afb9a18bd9d7744340ece7932f6b15955939d2bffb50,1
176,reports/csv/heatmap_beam_rank_trp_kpi.csv,mimo/csv/heatmap_beam_rank_trp_kpi.csv,6afe63267ba2e4ea137bab06eb4d507c7f0bc88a531dec7371ecb2ca09d630ff,6afe63267ba2e4ea137bab06eb4d507c7f0bc88a531dec7371ecb2ca09d630ff,0
177,reports/csv/live_beam_management_procedure_stats.csv,mimo/csv/live_beam_management_procedure_stats.csv,adb3e69f87f8af49c554a9b499d340d9d5247c7822127eb6b2a6981079ef202d,adb3e69f87f8af49c554a9b499d340d9d5247c7822127eb6b2a6981079ef202d,0
178,reports/csv/live_beam_p1_acquisition_stats.csv,mimo/csv/live_beam_p1_acquisition_stats.csv,703176286aef7e53966c226a2f2be4e88fbfd54b6430f1dc6fc97353d7bd4d2c,703176286aef7e53966c226a2f2be4e88fbfd54b6430f1dc6fc97353d7bd4d2c,0
179,reports/csv/live_beam_p2_refinement_stats.csv,mimo/csv/live_beam_p2_refinement_stats.csv,0f80a8add93d1614c2c545b493d3b29ae235e510dc45f77a11551cfb3ce7a652,0f80a8add93d1614c2c545b493d3b29ae235e510dc45f77a11551cfb3ce7a652,0
180,reports/csv/live_beam_selection_stats.csv,mimo/csv/live_beam_selection_stats.csv,adb3e69f87f8af49c554a9b499d340d9d5247c7822127eb6b2a6981079ef202d,adb3e69f87f8af49c554a9b499d340d9d5247c7822127eb6b2a6981079ef202d,0
181,reports/csv/live_beam_selection_table.csv,mimo/csv/live_beam_selection_table.csv,158bd3743fac130078714b4872d87a7947eeda9d6f6500fae52be9f1e9dffd6e,158bd3743fac130078714b4872d87a7947eeda9d6f6500fae52be9f1e9dffd6e,0
182,reports/csv/live_mimo_state_table.csv,mimo/csv/live_mimo_state_table.csv,46da9615fc61f4e3bce9359a7bd416245b53282574e36b9abc00886234e5f3b4,46da9615fc61f4e3bce9359a7bd416245b53282574e36b9abc00886234e5f3b4,0
183,reports/csv/live_precoder_table.csv,mimo/csv/live_precoder_table.csv,16c56652e3b71817d25cf4240601927530058eaeb90285aeab52b7d7b136b119,16c56652e3b71817d25cf4240601927530058eaeb90285aeab52b7d7b136b119,0
184,analytics/csv/mimo_analytics.csv,mimo/csv/mimo_analytics.csv,c3e3baa3ab3590a6f5816c557e15bab799dcb08af54bf40fc53ec29e190f20f5,c3e3baa3ab3590a6f5816c557e15bab799dcb08af54bf40fc53ec29e190f20f5,0
185,beamforming/csv/mimo_config_strict.csv,mimo/csv/mimo_config_strict.csv,b9a336534b3337c7a49d91f5a97a759f8ca2e371756bb95a8db470f60c1b4adb,b9a336534b3337c7a49d91f5a97a759f8ca2e371756bb95a8db470f60c1b4adb,0
186,beamforming/csv/mimo_config_validation.csv,mimo/csv/mimo_config_validation.csv,87986ac64b6118ce93cbc193bf8b332331bed44156df14390fef790a01ce9351,87986ac64b6118ce93cbc193bf8b332331bed44156df14390fef790a01ce9351,0
187,beamforming/csv/mimo_configured_vs_effective.csv,mimo/csv/mimo_configured_vs_effective.csv,4e5b2e66ebce55275067dacc2e15e8a7315e61dd2fe8d6e1316c0bd56cd25e98,4e5b2e66ebce55275067dacc2e15e8a7315e61dd2fe8d6e1316c0bd56cd25e98,0
188,reports/csv/mimo_kpi_reconciliation.csv,mimo/csv/mimo_kpi_reconciliation.csv,728291e7c02fe48762f2cd2c47d10efe9576dcc5b9c08ab92f0660bfb385263a,728291e7c02fe48762f2cd2c47d10efe9576dcc5b9c08ab92f0660bfb385263a,0
189,beamforming/csv/mimo_layer_metrics.csv,mimo/csv/mimo_layer_metrics.csv,fca34bf377231bec5ace68c79137f68a7cf744d3faa0fe4be6ba11c9457f8093,fca34bf377231bec5ace68c79137f68a7cf744d3faa0fe4be6ba11c9457f8093,0
190,beamforming/csv/mimo_negative_trials.csv,mimo/csv/mimo_negative_trials.csv,34cb09f70250b5d54228c41ad4e1d6e81d2c9bab6ab1e2fd726b85ce3a38ad64,34cb09f70250b5d54228c41ad4e1d6e81d2c9bab6ab1e2fd726b85ce3a38ad64,0
191,beamforming/csv/mimo_oracle_guard.csv,mimo/csv/mimo_oracle_guard.csv,c0fa7d3f42ff1114347b2cfe953966e13e4692b7ac2792cceb3e85c6d94f719a,c0fa7d3f42ff1114347b2cfe953966e13e4692b7ac2792cceb3e85c6d94f719a,0
192,beamforming/csv/mimo_rank_utilization_table.csv,mimo/csv/mimo_rank_utilization_table.csv,dc0a799cdbdf7a2b6b5096238f3c947717912b3715c328eaadd192c20db3a9ac,dc0a799cdbdf7a2b6b5096238f3c947717912b3715c328eaadd192c20db3a9ac,0
193,reports/csv/mimo_rank_utilization_table.csv,mimo/csv/mimo_rank_utilization_table__27c6d72649ba.csv,27c6d72649ba49aed01b5a1ff3cddc56dd0404e46fb5289be5df5e34083375a6,27c6d72649ba49aed01b5a1ff3cddc56dd0404e46fb5289be5df5e34083375a6,0
194,analytics/csv/precoder_analytics.csv,mimo/csv/precoder_analytics.csv,bae02b9b0976b3e29f8ba9d7ba1b8d3dd620a806140efd4f308b5fbbf2ca3f2f,bae02b9b0976b3e29f8ba9d7ba1b8d3dd620a806140efd4f308b5fbbf2ca3f2f,0
195,beamforming/csv/precoder_evidence.csv,mimo/csv/precoder_evidence.csv,76ab3e5353305e5f174a286bc39200ae8a7ecaf5b5eb203ac1b0434b357ec77c,76ab3e5353305e5f174a286bc39200ae8a7ecaf5b5eb203ac1b0434b357ec77c,0
196,beamforming/csv/probe_beam_management.csv,mimo/csv/probe_beam_management.csv,5303e53fe0a39235a3f8ccca7a178601e5400315001f53ccd5c6dee64a6ae3b1,5303e53fe0a39235a3f8ccca7a178601e5400315001f53ccd5c6dee64a6ae3b1,0
197,beamforming/csv/probe_beam_mimo.csv,mimo/csv/probe_beam_mimo.csv,bcd24eda96be477d22073d008cfd287d0a58f8730dc7cea33a85f90265a51f39,bcd24eda96be477d22073d008cfd287d0a58f8730dc7cea33a85f90265a51f39,0
198,beamforming/csv/rank_layer_trials.csv,mimo/csv/rank_layer_trials.csv,cb6ad88a7485aa32cc87b2633105865295a2974e18b04d21dac88249e1a0c9ce,cb6ad88a7485aa32cc87b2633105865295a2974e18b04d21dac88249e1a0c9ce,0
199,beamforming/csv/rank_layer_usage_histogram.csv,mimo/csv/rank_layer_usage_histogram.csv,b23821f716d4f632ecb6b593ffb13d8d77dd87cf0e25113f0405a30454dea595,b23821f716d4f632ecb6b593ffb13d8d77dd87cf0e25113f0405a30454dea595,0
200,analytics/image/contract__beamforming-precoding-mimo-analytics__antenna-element-layout.png,mimo/image/contract__beamforming-precoding-mimo-analytics__antenna-element-layout.png,f297cab4548555732bb2f3d0e5295c57ef018d6a2c91148e775da46aa464d42d,f297cab4548555732bb2f3d0e5295c57ef018d6a2c91148e775da46aa464d42d,0
201,analytics/image/contract__beamforming-precoding-mimo-analytics__antenna-radiation-pattern.png,mimo/image/contract__beamforming-precoding-mimo-analytics__antenna-radiation-pattern.png,d4cf71e9947fcbb12ea7b30a023b44034488d8e32f6069e1b6523a5d7599fea8,d4cf71e9947fcbb12ea7b30a023b44034488d8e32f6069e1b6523a5d7599fea8,0
202,analytics/image/contract__beamforming-precoding-mimo-analytics__beam-gain-gap-histogram.png,mimo/image/contract__beamforming-precoding-mimo-analytics__beam-gain-gap-histogram.png,5f71a9b6091ffebae191bf51286eaee1739684f7fd79d1a71a2d6ef489dcdf78,5f71a9b6091ffebae191bf51286eaee1739684f7fd79d1a71a2d6ef489dcdf78,0
203,analytics/image/contract__beamforming-precoding-mimo-analytics__beam-hit-rate-top-k-hit-rate.png,mimo/image/contract__beamforming-precoding-mimo-analytics__beam-hit-rate-top-k-hit-rate.png,966822573736a1d316b43a7a2ff0f8cc45fc6ab6ee4cbd4e2c26d5e7273de1a0,966822573736a1d316b43a7a2ff0f8cc45fc6ab6ee4cbd4e2c26d5e7273de1a0,0
204,analytics/image/contract__beamforming-precoding-mimo-analytics__beam-id-timeline.png,mimo/image/contract__beamforming-precoding-mimo-analytics__beam-id-timeline.png,994c34c1fdd84b5097203f914182e6869af0034f07e86455e20ad0fb9a0786d1,994c34c1fdd84b5097203f914182e6869af0034f07e86455e20ad0fb9a0786d1,0
205,analytics/image/contract__beamforming-precoding-mimo-analytics__beam-pair-timeline.png,mimo/image/contract__beamforming-precoding-mimo-analytics__beam-pair-timeline.png,f9943a672b0c87e5c221f6dfc56eb0e579db46b3d880c12964adfbbf21370477,f9943a672b0c87e5c221f6dfc56eb0e579db46b3d880c12964adfbbf21370477,0
206,analytics/image/contract__beamforming-precoding-mimo-analytics__beam-pattern-3d.png,mimo/image/contract__beamforming-precoding-mimo-analytics__beam-pattern-3d.png,5ec5561f49f19902937d3e8c855c063b1c78715c75040c97aacbf2ed1c6d00f4,5ec5561f49f19902937d3e8c855c063b1c78715c75040c97aacbf2ed1c6d00f4,0
207,analytics/image/contract__beamforming-precoding-mimo-analytics__combiner-summary.png,mimo/image/contract__beamforming-precoding-mimo-analytics__combiner-summary.png,bf595912e31a22cf803362b55e3219f030c9db818f672cec835614d4f14f8641,bf595912e31a22cf803362b55e3219f030c9db818f672cec835614d4f14f8641,0
208,analytics/image/contract__beamforming-precoding-mimo-analytics__condition-number-distribution.png,mimo/image/contract__beamforming-precoding-mimo-analytics__condition-number-distribution.png,cf3c10d4fc132e93e46a68a8b1c6aa8107e0cf33f7c0650457a7125042dfa713,cf3c10d4fc132e93e46a68a8b1c6aa8107e0cf33f7c0650457a7125042dfa713,0
209,analytics/image/contract__beamforming-precoding-mimo-analytics__inter-user-leakage.png,mimo/image/contract__beamforming-precoding-mimo-analytics__inter-user-leakage.png,bfee8c8e4d8c49a5a28eeb6d10a4df95589f7f9df482e20e008207b8f1855811,bfee8c8e4d8c49a5a28eeb6d10a4df95589f7f9df482e20e008207b8f1855811,0
210,analytics/image/contract__beamforming-precoding-mimo-analytics__mu-grouping-analytics.png,mimo/image/contract__beamforming-precoding-mimo-analytics__mu-grouping-analytics.png,448c4deb1f3e70e7a669d75ac72266e0a28dbc89e6592e98451a84ba238d9313,448c4deb1f3e70e7a669d75ac72266e0a28dbc89e6592e98451a84ba238d9313,0
211,analytics/image/contract__beamforming-precoding-mimo-analytics__per-layer-sinr.png,mimo/image/contract__beamforming-precoding-mimo-analytics__per-layer-sinr.png,5bcccbfcaba4856b7d6a849d7ca742add36362fbaf05d56dcb41783b20214ef4,5bcccbfcaba4856b7d6a849d7ca742add36362fbaf05d56dcb41783b20214ef4,0
212,analytics/image/contract__beamforming-precoding-mimo-analytics__precoder-mode-distribution.png,mimo/image/contract__beamforming-precoding-mimo-analytics__precoder-mode-distribution.png,e4ad2add04ac508bdc1ef7639fbd1fbc6b9b105c2b050f4204d563e7b8b14541,e4ad2add04ac508bdc1ef7639fbd1fbc6b9b105c2b050f4204d563e7b8b14541,0
213,analytics/image/contract__beamforming-precoding-mimo-analytics__rank-distribution.png,mimo/image/contract__beamforming-precoding-mimo-analytics__rank-distribution.png,6e90720277fd18c02ee2f3cbde7bdbcf200115145cf1a49bfce6b287e818676a,6e90720277fd18c02ee2f3cbde7bdbcf200115145cf1a49bfce6b287e818676a,0
214,analytics/image/contract__beamforming-precoding-mimo-analytics__selected-vs-best-beam-gap.png,mimo/image/contract__beamforming-precoding-mimo-analytics__selected-vs-best-beam-gap.png,de6529881e25286764b9506d884bb7bf32d92bd50695bf342fa355b7f5a22d5c,de6529881e25286764b9506d884bb7bf32d92bd50695bf342fa355b7f5a22d5c,0
215,reports/image/contract__beamforming-precoding-mimo-massive-mimo__beam-gain-gap-histogram.png,mimo/image/contract__beamforming-precoding-mimo-massive-mimo__beam-gain-gap-histogram.png,5f71a9b6091ffebae191bf51286eaee1739684f7fd79d1a71a2d6ef489dcdf78,5f71a9b6091ffebae191bf51286eaee1739684f7fd79d1a71a2d6ef489dcdf78,0
216,reports/image/contract__beamforming-precoding-mimo-massive-mimo__beam-hit-rate-timeline.png,mimo/image/contract__beamforming-precoding-mimo-massive-mimo__beam-hit-rate-timeline.png,6ae6b5909939dbaa4ce97b1c60c7677fcd4da869be0053e8ee213b9047958951,6ae6b5909939dbaa4ce97b1c60c7677fcd4da869be0053e8ee213b9047958951,0
217,reports/image/contract__beamforming-precoding-mimo-massive-mimo__condition-number-distribution.png,mimo/image/contract__beamforming-precoding-mimo-massive-mimo__condition-number-distribution.png,cf3c10d4fc132e93e46a68a8b1c6aa8107e0cf33f7c0650457a7125042dfa713,cf3c10d4fc132e93e46a68a8b1c6aa8107e0cf33f7c0650457a7125042dfa713,0
218,reports/image/contract__beamforming-precoding-mimo-massive-mimo__mu-grouping-summary.png,mimo/image/contract__beamforming-precoding-mimo-massive-mimo__mu-grouping-summary.png,cd7d1590c1ae9c06ad3b2f279957eb25fd064d2c871984511b87999c409b7e6d,cd7d1590c1ae9c06ad3b2f279957eb25fd064d2c871984511b87999c409b7e6d,0
219,reports/image/contract__beamforming-precoding-mimo-massive-mimo__precoder-mode-distribution.png,mimo/image/contract__beamforming-precoding-mimo-massive-mimo__precoder-mode-distribution.png,e4ad2add04ac508bdc1ef7639fbd1fbc6b9b105c2b050f4204d563e7b8b14541,e4ad2add04ac508bdc1ef7639fbd1fbc6b9b105c2b050f4204d563e7b8b14541,0
220,reports/image/contract__beamforming-precoding-mimo-massive-mimo__rank-distribution.png,mimo/image/contract__beamforming-precoding-mimo-massive-mimo__rank-distribution.png,6e90720277fd18c02ee2f3cbde7bdbcf200115145cf1a49bfce6b287e818676a,6e90720277fd18c02ee2f3cbde7bdbcf200115145cf1a49bfce6b287e818676a,0
221,reports/image/contract__beamforming-precoding-mimo-massive-mimo__selected-vs-best-beam-timeline.png,mimo/image/contract__beamforming-precoding-mimo-massive-mimo__selected-vs-best-beam-timeline.png,d578bd5d9dddd69b17a3f349259efc4d9c497c556fc3b3cd323981a8f9bf3db9,d578bd5d9dddd69b17a3f349259efc4d9c497c556fc3b3cd323981a8f9bf3db9,0
222,analytics/image/contract__constellation-evm-analytics__constellation-per-layer.png,mimo/image/contract__constellation-evm-analytics__constellation-per-layer.png,680d945511f7ab3b53015af4c86cdc740d4928a1b4a0fd7e609785e58ee4fa9a,680d945511f7ab3b53015af4c86cdc740d4928a1b4a0fd7e609785e58ee4fa9a,0
223,analytics/image/contract__constellation-evm-analytics__evm-per-layer.png,mimo/image/contract__constellation-evm-analytics__evm-per-layer.png,f96c2ca68ac2acb1eadf18c6f72cd7cf6bc0bf4c30b8e95bdb471c9ff76537ed,f96c2ca68ac2acb1eadf18c6f72cd7cf6bc0bf4c30b8e95bdb471c9ff76537ed,0
224,analytics/image/contract__power-energy-efficiency-analytics__active-rank-vs-power.png,mimo/image/contract__power-energy-efficiency-analytics__active-rank-vs-power.png,e19702c48f670ac9c9115945f3f4e94ee3e6d2e8f0e8fe820091385c957bf475,e19702c48f670ac9c9115945f3f4e94ee3e6d2e8f0e8fe820091385c957bf475,0
225,analytics/image/contract__power-energy-efficiency-analytics__dl-tx-power-per-cell-beam-ue.png,mimo/image/contract__power-energy-efficiency-analytics__dl-tx-power-per-cell-beam-ue.png,1bf70b796a5c9004737dcb87babe4b46b235b5574d9b50e00d94cb1e856001df,1bf70b796a5c9004737dcb87babe4b46b235b5574d9b50e00d94cb1e856001df,0
226,reports/image/contract__scenario-geometry-topology-layout__candidate-cell-rank-heatmap.png,mimo/image/contract__scenario-geometry-topology-layout__candidate-cell-rank-heatmap.png,d68650fb82eb74cf2cb750fcd90a75084ba486c713f0140e34b347da16716668,d68650fb82eb74cf2cb750fcd90a75084ba486c713f0140e34b347da16716668,0
227,beamforming/csv/beam_precoder_table.json,mimo/json/beam_precoder_table.json,e7955b8f4e26c616cc1014cd30eb7edacfdb569e53b09ddf758000a876e0fade,e7955b8f4e26c616cc1014cd30eb7edacfdb569e53b09ddf758000a876e0fade,0
228,beamforming/csv/beam_precoder_table.json_policy.json,mimo/json/beam_precoder_table.json_policy.json,8dee2b845399be1169112abdb9d7b8fec47368644006a0910ca8d4ddb1576c1a,8dee2b845399be1169112abdb9d7b8fec47368644006a0910ca8d4ddb1576c1a,0
229,reports/csv/beam_stability_analytics_table.json,mimo/json/beam_stability_analytics_table.json,fafa7e8ab636d3607c720cf6d8ee2f0a3dea7086cca952c8455d1d4962bed995,fafa7e8ab636d3607c720cf6d8ee2f0a3dea7086cca952c8455d1d4962bed995,0
230,reports/csv/beam_stability_analytics_table.json_policy.json,mimo/json/beam_stability_analytics_table.json_policy.json,6483a960d256000a59d1b8b4260b2023a54bb0406ad4dbc9f374822dc96760d5,6483a960d256000a59d1b8b4260b2023a54bb0406ad4dbc9f374822dc96760d5,0
231,beamforming/csv/beamforming_analytics_table.json,mimo/json/beamforming_analytics_table.json,aff1c888e79d77240395bf32ec2b322b2c789db81dd96a83414b57c9e61969a3,aff1c888e79d77240395bf32ec2b322b2c789db81dd96a83414b57c9e61969a3,0
232,beamforming/csv/beamforming_analytics_table.json_policy.json,mimo/json/beamforming_analytics_table.json_policy.json,f7b465ee54005b26a21be2da9036dcde4567dfa73b4a6404c88fa039d42bcfb3,f7b465ee54005b26a21be2da9036dcde4567dfa73b4a6404c88fa039d42bcfb3,0
233,beamforming/csv/mimo_rank_utilization_table.json,mimo/json/mimo_rank_utilization_table.json,5f85fef502adb327e5b527c70e230e0b5668d471d9a6e62a6c3d6a9e7e0913e3,5f85fef502adb327e5b527c70e230e0b5668d471d9a6e62a6c3d6a9e7e0913e3,0
234,beamforming/csv/mimo_rank_utilization_table.json_policy.json,mimo/json/mimo_rank_utilization_table.json_policy.json,dfebfc3ab2a8943e71c97616fe0f04b0eb063c7a4507e9df8fbb02a597a09c66,dfebfc3ab2a8943e71c97616fe0f04b0eb063c7a4507e9df8fbb02a597a09c66,0
235,reports/json/mimo_toolbox_capabilities.json,mimo/json/mimo_toolbox_capabilities.json,7a054c285c48d0aa470c9556f9d266fa6308d2a59fcd6c07a10d811f5ea16a82,7a054c285c48d0aa470c9556f9d266fa6308d2a59fcd6c07a10d811f5ea16a82,0
236,beamforming/csv/rank_layer_usage_histogram.json,mimo/json/rank_layer_usage_histogram.json,4d6bf2880e47d0352b048604f2e3b91ab2d10b08b75c9607f2209e50912426cc,4d6bf2880e47d0352b048604f2e3b91ab2d10b08b75c9607f2209e50912426cc,0
237,beamforming/csv/rank_layer_usage_histogram.json_policy.json,mimo/json/rank_layer_usage_histogram.json_policy.json,3b4ecc7052a64ce504639c7053d29168ff2f93236770f203874f6b0bd122ff03,3b4ecc7052a64ce504639c7053d29168ff2f93236770f203874f6b0bd122ff03,0
238,reports/csv/live_coreset_state.csv,pdcch/csv/live_coreset_state.csv,5398fb85f833ce2d9cb51fc5ee80782aaf3466d180ea18a20304e5cf90698d2c,5398fb85f833ce2d9cb51fc5ee80782aaf3466d180ea18a20304e5cf90698d2c,0
239,reports/csv/live_pdcch_dmrs_table.csv,pdcch/csv/live_pdcch_dmrs_table.csv,5398fb85f833ce2d9cb51fc5ee80782aaf3466d180ea18a20304e5cf90698d2c,5398fb85f833ce2d9cb51fc5ee80782aaf3466d180ea18a20304e5cf90698d2c,0
240,reports/csv/live_pdcch_stage_table.csv,pdcch/csv/live_pdcch_stage_table.csv,5398fb85f833ce2d9cb51fc5ee80782aaf3466d180ea18a20304e5cf90698d2c,5398fb85f833ce2d9cb51fc5ee80782aaf3466d180ea18a20304e5cf90698d2c,0
241,reports/csv/live_pdcch_summary.csv,pdcch/csv/live_pdcch_summary.csv,5398fb85f833ce2d9cb51fc5ee80782aaf3466d180ea18a20304e5cf90698d2c,5398fb85f833ce2d9cb51fc5ee80782aaf3466d180ea18a20304e5cf90698d2c,0
242,reports/csv/live_search_space_state.csv,pdcch/csv/live_search_space_state.csv,5398fb85f833ce2d9cb51fc5ee80782aaf3466d180ea18a20304e5cf90698d2c,5398fb85f833ce2d9cb51fc5ee80782aaf3466d180ea18a20304e5cf90698d2c,0
243,control/csv/msg2_pdcch_candidates.csv,pdcch/csv/msg2_pdcch_candidates.csv,727a87737ba1f7a2bdf01046f30b6857903d2e86754c921a1047f9028feeb935,727a87737ba1f7a2bdf01046f30b6857903d2e86754c921a1047f9028feeb935,0
244,reports/csv/pdcch_control_outputs.csv,pdcch/csv/pdcch_control_outputs.csv,dbe7f0b589f334d4908f4325d8b6e3273f72d10173c5700389672ba8a293c41a,dbe7f0b589f334d4908f4325d8b6e3273f72d10173c5700389672ba8a293c41a,0
245,reports/csv/measurements/pdcch_dci_measurements.csv,pdcch/csv/pdcch_dci_measurements.csv,bcec4e4cf7ef1a0700c2f9941fd8ccfd116ec1a9c42eb768f8b63466e1de9391,bcec4e4cf7ef1a0700c2f9941fd8ccfd116ec1a9c42eb768f8b63466e1de9391,0
246,reports/csv/provenance_sidecars/pdcch_dci_provenance.csv,pdcch/csv/pdcch_dci_provenance.csv,dfa9bb1de4cf1f9f8a311aa35c4a56ff6075ac9f8a8f01a10c1a610da4cf09f8,dfa9bb1de4cf1f9f8a311aa35c4a56ff6075ac9f8a8f01a10c1a610da4cf09f8,0
247,control/csv/pdcch_dci_table.csv,pdcch/csv/pdcch_dci_table.csv,37e3451df217d21c815f27a90174753469190a78cb906f56034d9f995eef7ec5,37e3451df217d21c815f27a90174753469190a78cb906f56034d9f995eef7ec5,0
248,reports/csv/pdcch_dci_table.csv,pdcch/csv/pdcch_dci_table__5c81e49d11cd.csv,5c81e49d11cd75e3f008c931e6744ac1c704edb4e9ed7d8d0e7e7d0bdaa84b10,5c81e49d11cd75e3f008c931e6744ac1c704edb4e9ed7d8d0e7e7d0bdaa84b10,0
249,reports/csv/pdcch_grant_binding_evidence.csv,pdcch/csv/pdcch_grant_binding_evidence.csv,d841d89184dab3c4e8e0eae7a7645a7020142f184dfa8fcf25b957436171b0fc,d841d89184dab3c4e8e0eae7a7645a7020142f184dfa8fcf25b957436171b0fc,0
250,reports/csv/measurements/pdcch_measurements.csv,pdcch/csv/pdcch_measurements.csv,2b1711a1daee640e3eeb0721d391fb040306ecb4ed3f52f07cc7f1b8e81c37a8,2b1711a1daee640e3eeb0721d391fb040306ecb4ed3f52f07cc7f1b8e81c37a8,0
251,reports/csv/provenance_sidecars/pdcch_provenance.csv,pdcch/csv/pdcch_provenance.csv,2cf366fc34b7667a2d47a53e0663de0c33fba5169e44bea59c5c74f3fbf2e269,2cf366fc34b7667a2d47a53e0663de0c33fba5169e44bea59c5c74f3fbf2e269,0
252,air_interface/csv/pdcch_trials.csv,pdcch/csv/pdcch_trials.csv,309ea5eb894ca72ae1a07abaf3fe3371ad4dbb304395ba38736f2adfed961db1,309ea5eb894ca72ae1a07abaf3fe3371ad4dbb304395ba38736f2adfed961db1,0
253,control/csv/pdcch_trials.csv,pdcch/csv/pdcch_trials__c11a922fc56f.csv,c11a922fc56f73f795153ef0d676723b1954752d2a1e31d769ed8d99d9418969,c11a922fc56f73f795153ef0d676723b1954752d2a1e31d769ed8d99d9418969,0
254,raw/evidence/tables/rawtrials_pdcch.csv,pdcch/csv/rawtrials_pdcch.csv,e8f8fd5bdf8487815ba7badf7a7c5f572179227aaff7c2996cf4062e95e80a21,e8f8fd5bdf8487815ba7badf7a7c5f572179227aaff7c2996cf4062e95e80a21,0
255,reports/image/contract__air-interface-frame-slot-symbol-grid__coreset-search-space-occupancy-chart.png,pdcch/image/contract__air-interface-frame-slot-symbol-grid__coreset-search-space-occupancy-chart.png,101f36d3b8569c75739d7e9e7ce4e1bed6af56e0975142e179fa5aa042dab67e,101f36d3b8569c75739d7e9e7ce4e1bed6af56e0975142e179fa5aa042dab67e,0
256,reports/image/contract__dl-control-phy-pdcch__aggregation-level-distribution.png,pdcch/image/contract__dl-control-phy-pdcch__aggregation-level-distribution.png,66c58d6538559e8539d332fd29f3dddfefc077422b9e09ad0c4e083f9191cd0a,66c58d6538559e8539d332fd29f3dddfefc077422b9e09ad0c4e083f9191cd0a,0
257,reports/image/contract__dl-control-phy-pdcch__cce-usage-heatmap.png,pdcch/image/contract__dl-control-phy-pdcch__cce-usage-heatmap.png,379cf56aa8719827da5676fe23d3798914f933cfaea04e9d952051c9d12111af,379cf56aa8719827da5676fe23d3798914f933cfaea04e9d952051c9d12111af,0
258,reports/image/contract__dl-control-phy-pdcch__pdcch-decode-success-failure-trend-if-applicable.png,pdcch/image/contract__dl-control-phy-pdcch__pdcch-decode-success-failure-trend-if-applicable.png,1b41a5bc0686260512524b146b3e8ff4a66be6c16406a39d1c3093998c205d38,1b41a5bc0686260512524b146b3e8ff4a66be6c16406a39d1c3093998c205d38,0
259,reports/image/contract__dl-control-phy-pdcch__pdcch-dmrs-occupancy.png,pdcch/image/contract__dl-control-phy-pdcch__pdcch-dmrs-occupancy.png,26e84f9ead222b9ad6118a6346d92836ec3674b5ea35971870359f449e98ea03,26e84f9ead222b9ad6118a6346d92836ec3674b5ea35971870359f449e98ea03,0
260,analytics/image/contract__resource-grid-re-occupancy-analytics__pdcch-map.png,pdcch/image/contract__resource-grid-re-occupancy-analytics__pdcch-map.png,3f0624ffd5ae6bad88ed0a1e246b46bd7bdc123b9991cca6c51de4cb539b31a0,3f0624ffd5ae6bad88ed0a1e246b46bd7bdc123b9991cca6c51de4cb539b31a0,0
261,control/csv/pdcch_dci_table.json,pdcch/json/pdcch_dci_table.json,e92f81459205b97132c865689e214d8c15a3d6b29cebd362b4088c3168f35ef0,e92f81459205b97132c865689e214d8c15a3d6b29cebd362b4088c3168f35ef0,0
262,control/csv/pdcch_dci_table.json_policy.json,pdcch/json/pdcch_dci_table.json_policy.json,4324a891cbb121f7b5fad33be975fa97076de57cd2c85b648919436b78d66e60,4324a891cbb121f7b5fad33be975fa97076de57cd2c85b648919436b78d66e60,0
263,reports/csv/pdcch_dci_table.json_policy.json,pdcch/json/pdcch_dci_table.json_policy__ca1227e7fda7.json,ca1227e7fda77d16623956c473175650cbe7777c19409712bd9e774a4ef0c82b,ca1227e7fda77d16623956c473175650cbe7777c19409712bd9e774a4ef0c82b,0
264,reports/csv/pdcch_dci_table.json,pdcch/json/pdcch_dci_table__a27b42dfe8b4.json,a27b42dfe8b45231d3cefa86578ae706328565a5b471534a8b406c7abf8c8a6b,a27b42dfe8b45231d3cefa86578ae706328565a5b471534a8b406c7abf8c8a6b,0
265,reports/json/pdcch_grant_binding_evidence.json,pdcch/json/pdcch_grant_binding_evidence.json,410e4b66595760fe839f4a23c7db418e1abcdaf6b29088e372235ad28ae8ebf2,410e4b66595760fe839f4a23c7db418e1abcdaf6b29088e372235ad28ae8ebf2,0
266,reports/csv/contract__pdsch-dl-data-chain__code-block-count-histogram.csv,pdsch/csv/contract__pdsch-dl-data-chain__code-block-count-histogram.csv,,8269686479a2162b7b31ec0f42750d1eec25adcdf13c1648267317c5e48b801d,1
267,reports/csv/contract__pdsch-dl-data-chain__dl-resource-grid-heatmap.csv,pdsch/csv/contract__pdsch-dl-data-chain__dl-resource-grid-heatmap.csv,,94244dcb82612fd3b7ada186fd21b305dab47d562646e3320c32560898af6172,1
268,reports/csv/contract__pdsch-dl-data-chain__dmrs-ptrs-occupancy-plot.csv,pdsch/csv/contract__pdsch-dl-data-chain__dmrs-ptrs-occupancy-plot.csv,,34757f83412b2102f3631465824f639e6b339b680e20e69a3be63dcd193f31a9,1
269,reports/csv/contract__pdsch-dl-data-chain__mcs-code-rate-timeline.csv,pdsch/csv/contract__pdsch-dl-data-chain__mcs-code-rate-timeline.csv,,bcaa4976c2923695aedacd606ec43cd346921bd1cf3d2af6ba9f8dc670264160,1
270,reports/csv/contract__pdsch-dl-data-chain__precoder-beam-selection-timeline.csv,pdsch/csv/contract__pdsch-dl-data-chain__precoder-beam-selection-timeline.csv,,83d3b7f0834af34abcfa1e0b2a5f7ea74f2529ea69bab36513f7422c0326ab9a,1
271,reports/csv/contract__pdsch-dl-data-chain__tb-size-over-time.csv,pdsch/csv/contract__pdsch-dl-data-chain__tb-size-over-time.csv,,8224e6d549c79fb3cfb29a5caf354dc516f7586d7bbbe4aa8299d669449ec38d,1
272,analytics/csv/contract__resource-grid-re-occupancy-analytics__pdsch-map.csv,pdsch/csv/contract__resource-grid-re-occupancy-analytics__pdsch-map.csv,,1d8121dfb2d6e8de012fefbf3a512ad1ec0b3d15f860270a23363cd8a4c77fa0,1
273,reports/csv/measurements/dl_pdsch_measurements.csv,pdsch/csv/dl_pdsch_measurements.csv,daf3a4b15f989c01eabc7501d615af471c71c2edc1e13718676e30c5fff30167,daf3a4b15f989c01eabc7501d615af471c71c2edc1e13718676e30c5fff30167,0
274,reports/csv/dl_pdsch_objective_artifact_schema.csv,pdsch/csv/dl_pdsch_objective_artifact_schema.csv,dd3bdd0095fa7f827a2cf678a2bc992290083d5e00bb5718e639092a73685510,dd3bdd0095fa7f827a2cf678a2bc992290083d5e00bb5718e639092a73685510,0
275,reports/csv/dl_pdsch_objective_failures.csv,pdsch/csv/dl_pdsch_objective_failures.csv,8aac85535f8c5a48609ab8a50cf60a5a6f5446ac564db24acdb3666da5c0958d,8aac85535f8c5a48609ab8a50cf60a5a6f5446ac564db24acdb3666da5c0958d,0
276,reports/csv/provenance_sidecars/dl_pdsch_provenance.csv,pdsch/csv/dl_pdsch_provenance.csv,2e2f1d47ac147debefd17688dc358f108fb21f268ff3b8879780d2124acb905f,2e2f1d47ac147debefd17688dc358f108fb21f268ff3b8879780d2124acb905f,0
277,reports/csv/dl_pdsch_raw_bler_ber_objective.csv,pdsch/csv/dl_pdsch_raw_bler_ber_objective.csv,4ba5901add93acc071309f3b598b9f842fd11c9f2496ec4b8b3f8852cb7c8d5d,4ba5901add93acc071309f3b598b9f842fd11c9f2496ec4b8b3f8852cb7c8d5d,0
278,air_interface/csv/dl_pdsch_receiver_evidence_audit.csv,pdsch/csv/dl_pdsch_receiver_evidence_audit.csv,d6873a1731097ebf04fbe590944937bb477f6df88412a2272b7a76704bd00c0e,d6873a1731097ebf04fbe590944937bb477f6df88412a2272b7a76704bd00c0e,0
279,air_interface/csv/dl_pdsch_trials.csv,pdsch/csv/dl_pdsch_trials.csv,c7bedc5609e4cf7a1291a94a20e7392c8f03d511fda4b911b8bc2c266c050357,c7bedc5609e4cf7a1291a94a20e7392c8f03d511fda4b911b8bc2c266c050357,0
280,packet_flow/csv/live_dl_scheduler_grants.csv,pdsch/csv/live_dl_scheduler_grants.csv,b593f842260a2edc9dc36d5736528ed2fe42daca2fdebece5fc4e90c4d2e40ec,b593f842260a2edc9dc36d5736528ed2fe42daca2fdebece5fc4e90c4d2e40ec,0
281,reports/csv/live_dl_scheduler_grants.csv,pdsch/csv/live_dl_scheduler_grants__f6c97c889405.csv,f6c97c889405c94a9553a6c656ee03d5446d1e4bdc880601b57e3f79fe65bf66,f6c97c889405c94a9553a6c656ee03d5446d1e4bdc880601b57e3f79fe65bf66,0
282,reports/csv/live_pdsch_code_block_table.csv,pdsch/csv/live_pdsch_code_block_table.csv,742f932041f303ef3177a9814de09c6e11c5c9ff662cfecbff5b7b8122216319,742f932041f303ef3177a9814de09c6e11c5c9ff662cfecbff5b7b8122216319,0
283,reports/csv/live_pdsch_dmrs_ptrs_table.csv,pdsch/csv/live_pdsch_dmrs_ptrs_table.csv,1963aa3129365a7250b089b10aee8d098c33f7c1b10f581ee6a1bc59112d9687,1963aa3129365a7250b089b10aee8d098c33f7c1b10f581ee6a1bc59112d9687,0
284,reports/csv/live_pdsch_mapping_table.csv,pdsch/csv/live_pdsch_mapping_table.csv,91c5dfd14e5c5eb8f542c5357d18e2a252e02b74b2d4423292f9b95592d484fa,91c5dfd14e5c5eb8f542c5357d18e2a252e02b74b2d4423292f9b95592d484fa,0
285,reports/csv/live_pdsch_stage_table.csv,pdsch/csv/live_pdsch_stage_table.csv,7a716c8dc6a902f5432c2d90e576925f23bbe1c76da7f83f3158cf08a295aee7,7a716c8dc6a902f5432c2d90e576925f23bbe1c76da7f83f3158cf08a295aee7,0
286,reports/csv/live_pdsch_transport_block_table.csv,pdsch/csv/live_pdsch_transport_block_table.csv,610aaa82bb7eef97dd83bc1ae9607094463f344ce09336475af0bd1b665d4255,610aaa82bb7eef97dd83bc1ae9607094463f344ce09336475af0bd1b665d4255,0
287,components/pdsch/csv/pdsch_bler_curve.csv,pdsch/csv/pdsch_bler_curve.csv,3460f344ec398319b55d0c3dc56a9b3dc4fff121051c818300e02f454ec796d8,3460f344ec398319b55d0c3dc56a9b3dc4fff121051c818300e02f454ec796d8,0
288,reports/csv/pdsch_outputs.csv,pdsch/csv/pdsch_outputs.csv,b3c8a7acc4f2a7ad1e5677ae09398524e0ed1526acd5f401f675ca354ca4f182,b3c8a7acc4f2a7ad1e5677ae09398524e0ed1526acd5f401f675ca354ca4f182,0
289,reports/csv/measurements/pdsch_runtime_event_measurements.csv,pdsch/csv/pdsch_runtime_event_measurements.csv,f68cbcd4a628ecad1abf2a87a7c49ae4d43d413075e74038050f26dacc962596,f68cbcd4a628ecad1abf2a87a7c49ae4d43d413075e74038050f26dacc962596,0
290,reports/csv/provenance_sidecars/pdsch_runtime_event_provenance.csv,pdsch/csv/pdsch_runtime_event_provenance.csv,7fb13874f599f944a20c865ee476fefae06b539c833873e1a8deba0deddab87e,7fb13874f599f944a20c865ee476fefae06b539c833873e1a8deba0deddab87e,0
291,reports/csv/pdsch_runtime_event_table.csv,pdsch/csv/pdsch_runtime_event_table.csv,311a93f507f183d9c566f56b56507979a5d6f8af2586012509fd1918060cf315,311a93f507f183d9c566f56b56507979a5d6f8af2586012509fd1918060cf315,0
292,control/csv/pdsch_table.csv,pdsch/csv/pdsch_table.csv,6cf9638f37bb7418d62fd5994449f0e7a19922915fcfcb3d28252c1c17484237,6cf9638f37bb7418d62fd5994449f0e7a19922915fcfcb3d28252c1c17484237,0
293,reports/image/contract__pdsch-dl-data-chain__code-block-count-histogram.png,pdsch/image/contract__pdsch-dl-data-chain__code-block-count-histogram.png,147200209863daada82a62a121847cebcbd8574b41dca8a5d9298c5b03c9e9e2,147200209863daada82a62a121847cebcbd8574b41dca8a5d9298c5b03c9e9e2,0
294,reports/image/contract__pdsch-dl-data-chain__dl-resource-grid-heatmap.png,pdsch/image/contract__pdsch-dl-data-chain__dl-resource-grid-heatmap.png,3cbb6fc6b7e533559d065b5fe4fa6dcce1e843e5e5d2b289f4ca4add4b67ca8d,3cbb6fc6b7e533559d065b5fe4fa6dcce1e843e5e5d2b289f4ca4add4b67ca8d,0
295,reports/image/contract__pdsch-dl-data-chain__dmrs-ptrs-occupancy-plot.png,pdsch/image/contract__pdsch-dl-data-chain__dmrs-ptrs-occupancy-plot.png,fec371256062c96d826590a5aed2581f4f69983e498c82e9a4fc684a4df9f339,fec371256062c96d826590a5aed2581f4f69983e498c82e9a4fc684a4df9f339,0
296,reports/image/contract__pdsch-dl-data-chain__mcs-code-rate-timeline.png,pdsch/image/contract__pdsch-dl-data-chain__mcs-code-rate-timeline.png,b1be46724dc981df66eb4d870c5b544c7cc3eb5ff5b19b77c6e493bb1dd40ee5,b1be46724dc981df66eb4d870c5b544c7cc3eb5ff5b19b77c6e493bb1dd40ee5,0
297,reports/image/contract__pdsch-dl-data-chain__precoder-beam-selection-timeline.png,pdsch/image/contract__pdsch-dl-data-chain__precoder-beam-selection-timeline.png,820f2e4339bf74b46b1f7d3751d8a95b5aeb27552d32483152ed293e9e37bc21,820f2e4339bf74b46b1f7d3751d8a95b5aeb27552d32483152ed293e9e37bc21,0
298,reports/image/contract__pdsch-dl-data-chain__tb-size-over-time.png,pdsch/image/contract__pdsch-dl-data-chain__tb-size-over-time.png,c4a5049f22f430e0fe0b457fcd50940b7aa6f9a137abafcc4fb8b2a2bfb58817,c4a5049f22f430e0fe0b457fcd50940b7aa6f9a137abafcc4fb8b2a2bfb58817,0
299,analytics/image/contract__resource-grid-re-occupancy-analytics__pdsch-map.png,pdsch/image/contract__resource-grid-re-occupancy-analytics__pdsch-map.png,53565b4769d224e96448561f4ff1c0753db1b88cbe95a22bd16cd4c72d324aaf,53565b4769d224e96448561f4ff1c0753db1b88cbe95a22bd16cd4c72d324aaf,0
300,reports/json/dl_pdsch_toolbox_capabilities.json,pdsch/json/dl_pdsch_toolbox_capabilities.json,29e82e1ad6e971e3b81e982bf8dead239b0f18666f9869b6535c20c9ec1f37aa,29e82e1ad6e971e3b81e982bf8dead239b0f18666f9869b6535c20c9ec1f37aa,0
301,reports/csv/pdsch_runtime_event_table.json,pdsch/json/pdsch_runtime_event_table.json,a29e9afaa5c95a4bf84a38c7ee321cc2ac4fe7c9f56e2cd1bc31a30d4569ea90,a29e9afaa5c95a4bf84a38c7ee321cc2ac4fe7c9f56e2cd1bc31a30d4569ea90,0
302,reports/csv/pdsch_runtime_event_table.json_policy.json,pdsch/json/pdsch_runtime_event_table.json_policy.json,ae4abb7ac3f2a1ec31307ac3414ce110612be99f13301b1321d6ec09d4a48262,ae4abb7ac3f2a1ec31307ac3414ce110612be99f13301b1321d6ec09d4a48262,0
303,control/csv/pdsch_table.json,pdsch/json/pdsch_table.json,b122a53e137e607e2bad7f15f74285cbcc9f4e1aef1f91cd0165966b65bd08e4,b122a53e137e607e2bad7f15f74285cbcc9f4e1aef1f91cd0165966b65bd08e4,0
304,control/csv/pdsch_table.json_policy.json,pdsch/json/pdsch_table.json_policy.json,f0f7b06fb94614d87baf51428dcf84d7b380990a8ca48d976bb918f98dce055a,f0f7b06fb94614d87baf51428dcf84d7b380990a8ca48d976bb918f98dce055a,0
305,reports/csv/contract__prach-random-access__access-attempt-success-timeline.csv,prach/csv/contract__prach-random-access__access-attempt-success-timeline.csv,,a8e333d7cd8f2536dd149447377c477dc37bb219abfb5027780da6805aa92c30,1
306,reports/csv/contract__prach-random-access__preamble-usage-chart.csv,prach/csv/contract__prach-random-access__preamble-usage-chart.csv,,927664622ee1030bc37fa859543474e605883f65663f73b14983d2b48eae54e1,1
307,reports/csv/contract__prach-random-access__ta-estimate-trend.csv,prach/csv/contract__prach-random-access__ta-estimate-trend.csv,,92938379716dce6c6339f05db57536d82745730daef0ad9783402ade6f3b101e,1
308,analytics/csv/contract__random-access-prach-analytics__access-latency.csv,prach/csv/contract__random-access-prach-analytics__access-latency.csv,,4490d7554859db71aeb9e98bd39d5a6dcb80e21d8cf070c7715dac0026eb16c1,1
309,analytics/csv/contract__random-access-prach-analytics__timing-advance-distribution.csv,prach/csv/contract__random-access-prach-analytics__timing-advance-distribution.csv,,bb96d99d74772ee6e1345a9afaec5d8dc09ad486652f498a29d0e7dba19ad67d,1
310,reports/csv/initial_access_random_access_outputs.csv,prach/csv/initial_access_random_access_outputs.csv,7136faede7b9ac09203cd7442d0150e96f98295df02f4583e4fd60a67026204d,7136faede7b9ac09203cd7442d0150e96f98295df02f4583e4fd60a67026204d,0
311,reports/csv/live_prach_detection_table.csv,prach/csv/live_prach_detection_table.csv,bf00f2d0bfdc29105a794657e38cc8a5b958b9e67b9c8cebcbde15f4144b4ff6,bf00f2d0bfdc29105a794657e38cc8a5b958b9e67b9c8cebcbde15f4144b4ff6,0
312,reports/csv/live_prach_occasion_state.csv,prach/csv/live_prach_occasion_state.csv,7f330412f5b1b2ea44625a191b51ff86ca460950dd8a6733ce97d6278df1c11c,7f330412f5b1b2ea44625a191b51ff86ca460950dd8a6733ce97d6278df1c11c,0
313,reports/csv/live_prach_stage_table.csv,prach/csv/live_prach_stage_table.csv,7f330412f5b1b2ea44625a191b51ff86ca460950dd8a6733ce97d6278df1c11c,7f330412f5b1b2ea44625a191b51ff86ca460950dd8a6733ce97d6278df1c11c,0
314,reports/csv/live_random_access_state.csv,prach/csv/live_random_access_state.csv,7f330412f5b1b2ea44625a191b51ff86ca460950dd8a6733ce97d6278df1c11c,7f330412f5b1b2ea44625a191b51ff86ca460950dd8a6733ce97d6278df1c11c,0
315,control/csv/msg1_prach_detection.csv,prach/csv/msg1_prach_detection.csv,70e769ac0822660b3e1c1d84f37df6e87e115cb6b3a5327796ea2353370bf166,70e769ac0822660b3e1c1d84f37df6e87e115cb6b3a5327796ea2353370bf166,0
316,control/csv/msg4_contention_resolution.csv,prach/csv/msg4_contention_resolution.csv,193a4c28618d2d0d36094a8bf635008b82ea12f8be3191660f5093f3c36c0593,193a4c28618d2d0d36094a8bf635008b82ea12f8be3191660f5093f3c36c0593,0
317,analytics/csv/prach_analytics.csv,prach/csv/prach_analytics.csv,bf00f2d0bfdc29105a794657e38cc8a5b958b9e67b9c8cebcbde15f4144b4ff6,bf00f2d0bfdc29105a794657e38cc8a5b958b9e67b9c8cebcbde15f4144b4ff6,0
318,reports/csv/prach_correlation_trace.csv,prach/csv/prach_correlation_trace.csv,0968eb5149365e52a842f81ce84444e137a7d6c3c85dec1322919e2b4c0b9fd8,0968eb5149365e52a842f81ce84444e137a7d6c3c85dec1322919e2b4c0b9fd8,0
319,reports/csv/prach_correlation_traces.csv,prach/csv/prach_correlation_traces.csv,0968eb5149365e52a842f81ce84444e137a7d6c3c85dec1322919e2b4c0b9fd8,0968eb5149365e52a842f81ce84444e137a7d6c3c85dec1322919e2b4c0b9fd8,0
320,reports/csv/measurements/prach_detection_measurements.csv,prach/csv/prach_detection_measurements.csv,8b1bfb692818803e9c037fdf72d81ee025a5a1e68ff73c7cf4c3f3526783020f,8b1bfb692818803e9c037fdf72d81ee025a5a1e68ff73c7cf4c3f3526783020f,0
321,reports/csv/provenance_sidecars/prach_detection_provenance.csv,prach/csv/prach_detection_provenance.csv,c574b02827f8816d64ee7a28a342be5064093a5daad059098db4fbc7f5649a4e,c574b02827f8816d64ee7a28a342be5064093a5daad059098db4fbc7f5649a4e,0
322,reports/csv/prach_detection_table.csv,prach/csv/prach_detection_table.csv,b3b8b147f69be32b1e0ce02bcb4ebb8d473bc1db547bbfa5f3b15279aed58cf9,b3b8b147f69be32b1e0ce02bcb4ebb8d473bc1db547bbfa5f3b15279aed58cf9,0
323,components/prach/csv/prach_detection_trials.csv,prach/csv/prach_detection_trials.csv,e3abbdf5758097fe4656755cade1acc1719b90169e9327161cd902ce6a456bc7,e3abbdf5758097fe4656755cade1acc1719b90169e9327161cd902ce6a456bc7,0
324,reports/csv/measurements/prach_measurements.csv,prach/csv/prach_measurements.csv,b0b73744863ccab42b0687ed960260616acf5f21e2d8a8eacd70d75df72d3173,b0b73744863ccab42b0687ed960260616acf5f21e2d8a8eacd70d75df72d3173,0
325,reports/csv/provenance_sidecars/prach_provenance.csv,prach/csv/prach_provenance.csv,df44060c5e31c87001699539a6b82c7a459daa0d9bf839f60a019a8c878a9759,df44060c5e31c87001699539a6b82c7a459daa0d9bf839f60a019a8c878a9759,0
326,control/csv/prach_table.csv,prach/csv/prach_table.csv,c236b56d3977c2af13f345cac66a3ce0d9cb9313a5bad1db0f26d9f66fab2a07,c236b56d3977c2af13f345cac66a3ce0d9cb9313a5bad1db0f26d9f66fab2a07,0
327,air_interface/csv/prach_trials.csv,prach/csv/prach_trials.csv,83a3a25b2085763c47042ee0088175fcf4493e37624a091a03505160532dbd34,83a3a25b2085763c47042ee0088175fcf4493e37624a091a03505160532dbd34,0
328,control/csv/prach_trials.csv,prach/csv/prach_trials__a350b822e628.csv,a350b822e6285a92decadd59bea23f813deda0830fd81a901deea228a22f3801,a350b822e6285a92decadd59bea23f813deda0830fd81a901deea228a22f3801,0
329,analytics/csv/random_access_analytics.csv,prach/csv/random_access_analytics.csv,0473873ccae6f98bbe0fd11d8b2455993fa063ae7873342fda2fc36d2b2fb464,0473873ccae6f98bbe0fd11d8b2455993fa063ae7873342fda2fc36d2b2fb464,0
330,analytics/csv/random_access_detection_analytics.csv,prach/csv/random_access_detection_analytics.csv,bf00f2d0bfdc29105a794657e38cc8a5b958b9e67b9c8cebcbde15f4144b4ff6,bf00f2d0bfdc29105a794657e38cc8a5b958b9e67b9c8cebcbde15f4144b4ff6,0
331,raw/evidence/tables/rawtrials_prach.csv,prach/csv/rawtrials_prach.csv,e94dff45ea441cc777b86536746a07d4613d8109f3de78726693345a76b7a738,e94dff45ea441cc777b86536746a07d4613d8109f3de78726693345a76b7a738,0
332,reports/image/contract__air-interface-frame-slot-symbol-grid__prach-occasion-timeline.png,prach/image/contract__air-interface-frame-slot-symbol-grid__prach-occasion-timeline.png,f51b396a6eeb9f0134dd45d1b05bfcf17a1504cf7874d596a3f4c59286708c80,f51b396a6eeb9f0134dd45d1b05bfcf17a1504cf7874d596a3f4c59286708c80,0
333,analytics/image/contract__detection-control-analytics__prach-correlation-peak-distributions.png,prach/image/contract__detection-control-analytics__prach-correlation-peak-distributions.png,5a31a2cc9dec914d4c08502cd9ea62cdabc7149f2002aa1d93bfaca996e90a8e,5a31a2cc9dec914d4c08502cd9ea62cdabc7149f2002aa1d93bfaca996e90a8e,0
334,analytics/image/contract__detection-control-analytics__prach-noise-floor-distributions.png,prach/image/contract__detection-control-analytics__prach-noise-floor-distributions.png,f083662d09b43746f93623359f814e09756e6da0fa5f10e2d151f14d1160c0ca,f083662d09b43746f93623359f814e09756e6da0fa5f10e2d151f14d1160c0ca,0
335,analytics/image/contract__detection-control-analytics__prach-peak-search-results.png,prach/image/contract__detection-control-analytics__prach-peak-search-results.png,7784012ee21cb1c9be7a0ec779f754f1332ebb8e50cc320f4eeac1d8855870a4,7784012ee21cb1c9be7a0ec779f754f1332ebb8e50cc320f4eeac1d8855870a4,0
336,reports/image/contract__prach-random-access__access-attempt-success-timeline.png,prach/image/contract__prach-random-access__access-attempt-success-timeline.png,d0860df5d8c93a42b390fb21ac3b48a55b19501c8ddbeb331a6983616c14438b,d0860df5d8c93a42b390fb21ac3b48a55b19501c8ddbeb331a6983616c14438b,0
337,reports/image/contract__prach-random-access__noise-floor-trend.png,prach/image/contract__prach-random-access__noise-floor-trend.png,74a3d2bcd067b0150de2da3c194b8b5503b17b38e6aceff622d1389c2ba97f40,74a3d2bcd067b0150de2da3c194b8b5503b17b38e6aceff622d1389c2ba97f40,0
338,reports/image/contract__prach-random-access__peak-value-histogram.png,prach/image/contract__prach-random-access__peak-value-histogram.png,b6bc5a1e17d808c6bc09ab274e1082cba1c19a19808c01396e4af1cc11dfbfa1,b6bc5a1e17d808c6bc09ab274e1082cba1c19a19808c01396e4af1cc11dfbfa1,0
339,reports/image/contract__prach-random-access__prach-peak-search-timeline.png,prach/image/contract__prach-random-access__prach-peak-search-timeline.png,c6c61309e04885a6466b6c26c4f6dec29df0f7abec755a1e8263c3cc2c71f9c9,c6c61309e04885a6466b6c26c4f6dec29df0f7abec755a1e8263c3cc2c71f9c9,0
340,reports/image/contract__prach-random-access__preamble-usage-chart.png,prach/image/contract__prach-random-access__preamble-usage-chart.png,0c06b765d273392fb0e5787f36c3f08638ad69bea703a05c932d2e4370866b13,0c06b765d273392fb0e5787f36c3f08638ad69bea703a05c932d2e4370866b13,0
341,reports/image/contract__prach-random-access__ta-estimate-trend.png,prach/image/contract__prach-random-access__ta-estimate-trend.png,4fc5a65d4b1f461a17389df62aca9f0807090ab523c34e41c910a46577a2863e,4fc5a65d4b1f461a17389df62aca9f0807090ab523c34e41c910a46577a2863e,0
342,analytics/image/contract__random-access-prach-analytics__access-latency.png,prach/image/contract__random-access-prach-analytics__access-latency.png,89f946b24001ed7234f3a01a7f89fb659c33666283b7c6aa551f1f93f9ff8fa3,89f946b24001ed7234f3a01a7f89fb659c33666283b7c6aa551f1f93f9ff8fa3,0
343,analytics/image/contract__random-access-prach-analytics__detection-rate.png,prach/image/contract__random-access-prach-analytics__detection-rate.png,46af2dc7c873aa7cf1668b7302420f66ba427d85d39193705ea26a629fe89a76,46af2dc7c873aa7cf1668b7302420f66ba427d85d39193705ea26a629fe89a76,0
344,analytics/image/contract__random-access-prach-analytics__false-alarm-rate.png,prach/image/contract__random-access-prach-analytics__false-alarm-rate.png,fd722b0da77ff51769952e63c90ad30f8d7b2744adb1f84071b45ff4d68e5e00,fd722b0da77ff51769952e63c90ad30f8d7b2744adb1f84071b45ff4d68e5e00,0
345,analytics/image/contract__random-access-prach-analytics__missed-detection-rate.png,prach/image/contract__random-access-prach-analytics__missed-detection-rate.png,db31aa002ba6b0e660f2fc08e4fd504196b27ea20517e7427853e8cd0ffdd313,db31aa002ba6b0e660f2fc08e4fd504196b27ea20517e7427853e8cd0ffdd313,0
346,analytics/image/contract__random-access-prach-analytics__preamble-root-cyclic-shift-usage-summary.png,prach/image/contract__random-access-prach-analytics__preamble-root-cyclic-shift-usage-summary.png,8268ae1dcf58eaa62bcb600661494cc83ec2134bea419084d74972f85a7f779d,8268ae1dcf58eaa62bcb600661494cc83ec2134bea419084d74972f85a7f779d,0
347,analytics/image/contract__random-access-prach-analytics__retry-count-distribution.png,prach/image/contract__random-access-prach-analytics__retry-count-distribution.png,dab2235dbea0434b267e6078b094ca6a149e6d77f0eae1654e8b5cefbaf41f32,dab2235dbea0434b267e6078b094ca6a149e6d77f0eae1654e8b5cefbaf41f32,0
348,analytics/image/contract__random-access-prach-analytics__timing-advance-distribution.png,prach/image/contract__random-access-prach-analytics__timing-advance-distribution.png,7f54df551c1d34821e7d29c534ae9a2c6358fd11285774b4d2043cc9639e9732,7f54df551c1d34821e7d29c534ae9a2c6358fd11285774b4d2043cc9639e9732,0
349,analytics/image/contract__resource-grid-re-occupancy-analytics__prach-opportunity-map.png,prach/image/contract__resource-grid-re-occupancy-analytics__prach-opportunity-map.png,503f097f97e057c2e59eef2c6705533c4c3a82830039b1574c582e7d2d40a987,503f097f97e057c2e59eef2c6705533c4c3a82830039b1574c582e7d2d40a987,0
350,reports/csv/prach_detection_table.json,prach/json/prach_detection_table.json,94245347a405a49ac0edcb743fe51c8ab9d1c24f30412c442fb084a4fdbfc7a7,94245347a405a49ac0edcb743fe51c8ab9d1c24f30412c442fb084a4fdbfc7a7,0
351,reports/csv/prach_detection_table.json_policy.json,prach/json/prach_detection_table.json_policy.json,be800fa7b932b857f908a102f099497f3cde39a3e8f71220b280fb8af41ca819,be800fa7b932b857f908a102f099497f3cde39a3e8f71220b280fb8af41ca819,0
352,control/csv/prach_table.json,prach/json/prach_table.json,72a351852253826d2812cf8cdef3b6f6b32b6a7500980dc43b8d14434a4bfcbe,72a351852253826d2812cf8cdef3b6f6b32b6a7500980dc43b8d14434a4bfcbe,0
353,control/csv/prach_table.json_policy.json,prach/json/prach_table.json_policy.json,3682682b0b9474eda04abfd3a6e4e08bcf55453e4bcb615da911debd63cad15d,3682682b0b9474eda04abfd3a6e4e08bcf55453e4bcb615da911debd63cad15d,0
354,packet_flow/csv/live_pucch_grants.csv,pucch/csv/live_pucch_grants.csv,a1634f3e9b8c020cc3c9a329329729338d3072d954fd8b887bdc72658e63a8a9,a1634f3e9b8c020cc3c9a329329729338d3072d954fd8b887bdc72658e63a8a9,0
355,reports/csv/live_uci_table.csv,pucch/csv/live_uci_table.csv,6fc7ec1331100b2e96ce62aa7feb6c807f84acf640b0ecb81df81363f829cc37,6fc7ec1331100b2e96ce62aa7feb6c807f84acf640b0ecb81df81363f829cc37,0
356,control/csv/pucch_table.csv,pucch/csv/pucch_table.csv,a9e45f9c6bd8269dde318c4694df6fd05433b114b7ef05d890257aecb0065f3c,a9e45f9c6bd8269dde318c4694df6fd05433b114b7ef05d890257aecb0065f3c,0
357,reports/csv/measurements/pucch_uci_measurements.csv,pucch/csv/pucch_uci_measurements.csv,45b935af4d06c58c915346411d42b560ecdd2de1286c787128cff45826b04106,45b935af4d06c58c915346411d42b560ecdd2de1286c787128cff45826b04106,0
358,reports/csv/provenance_sidecars/pucch_uci_provenance.csv,pucch/csv/pucch_uci_provenance.csv,943ae2507932acc50b5cdba0688706e683f80d482eea2c8c055ff8f99a732e16,943ae2507932acc50b5cdba0688706e683f80d482eea2c8c055ff8f99a732e16,0
359,reports/csv/pucch_uci_table.csv,pucch/csv/pucch_uci_table.csv,e6caca6b0e29d9382e5ba6841f9aa1c70d4606e99da5f338f68819902c3be53a,e6caca6b0e29d9382e5ba6841f9aa1c70d4606e99da5f338f68819902c3be53a,0
360,reports/image/contract__pucch-f0-f1-f2-f3-f4__crash-error-timeline.png,pucch/image/contract__pucch-f0-f1-f2-f3-f4__crash-error-timeline.png,064ba56c6f2f32521bf2cc54eef9341077e06747346096da25ef8d233d018ea0,064ba56c6f2f32521bf2cc54eef9341077e06747346096da25ef8d233d018ea0,0
361,reports/image/contract__pucch-f0-f1-f2-f3-f4__uci-bit-count-distribution.png,pucch/image/contract__pucch-f0-f1-f2-f3-f4__uci-bit-count-distribution.png,9a892cc8f44381610a87dfdada0572d92c17a109dc2764b4c7414eed957ed61e,9a892cc8f44381610a87dfdada0572d92c17a109dc2764b4c7414eed957ed61e,0
362,analytics/image/contract__resource-grid-re-occupancy-analytics__pucch-map.png,pucch/image/contract__resource-grid-re-occupancy-analytics__pucch-map.png,fef6bfeb173051b35b82dff2d69fcd8e45c26d784a1b4acdd392be51d94fd8ea,fef6bfeb173051b35b82dff2d69fcd8e45c26d784a1b4acdd392be51d94fd8ea,0
363,reports/image/contract__scheduler-mac-queue-qos-power-control-uci-flow__cqi-vs-selected-mcs.png,pucch/image/contract__scheduler-mac-queue-qos-power-control-uci-flow__cqi-vs-selected-mcs.png,69052124a10486850de18df4905c04c493d1f38203b2f9b27b80b228b69804d6,69052124a10486850de18df4905c04c493d1f38203b2f9b27b80b228b69804d6,0
364,reports/image/contract__scheduler-mac-queue-qos-power-control-uci-flow__grant-reason-distribution.png,pucch/image/contract__scheduler-mac-queue-qos-power-control-uci-flow__grant-reason-distribution.png,6b6a0962369d03c6f11884a50cd2d3b466d5f4ce60d6e081649e910d7239368d,6b6a0962369d03c6f11884a50cd2d3b466d5f4ce60d6e081649e910d7239368d,0
365,reports/image/contract__scheduler-mac-queue-qos-power-control-uci-flow__hol-delay-over-time.png,pucch/image/contract__scheduler-mac-queue-qos-power-control-uci-flow__hol-delay-over-time.png,dfe941c7279cd74f530e57163a6f09a78db04140e568628ca498a050d706601e,dfe941c7279cd74f530e57163a6f09a78db04140e568628ca498a050d706601e,0
366,reports/image/contract__scheduler-mac-queue-qos-power-control-uci-flow__mcs-over-time.png,pucch/image/contract__scheduler-mac-queue-qos-power-control-uci-flow__mcs-over-time.png,4bbaa24fef7387f49268383881e46ec1ecc9192b859f4b53afb7160d9a105058,4bbaa24fef7387f49268383881e46ec1ecc9192b859f4b53afb7160d9a105058,0
367,reports/image/contract__scheduler-mac-queue-qos-power-control-uci-flow__queue-depth-over-time.png,pucch/image/contract__scheduler-mac-queue-qos-power-control-uci-flow__queue-depth-over-time.png,3598d564161b7c9e594917dcae532faa70957135d24ac615c944670277c1e4d6,3598d564161b7c9e594917dcae532faa70957135d24ac615c944670277c1e4d6,0
368,reports/image/contract__scheduler-mac-queue-qos-power-control-uci-flow__scheduled-prbs-per-ue-over-time.png,pucch/image/contract__scheduler-mac-queue-qos-power-control-uci-flow__scheduled-prbs-per-ue-over-time.png,2eb6e55174086cd7f1131461e973dc5be9f75bafdb8395258706d922ab88b5c1,2eb6e55174086cd7f1131461e973dc5be9f75bafdb8395258706d922ab88b5c1,0
369,reports/image/contract__scheduler-mac-queue-qos-power-control-uci-flow__scheduler-fairness-over-time.png,pucch/image/contract__scheduler-mac-queue-qos-power-control-uci-flow__scheduler-fairness-over-time.png,1f0d6c5b83812b443b3c8ddbb9872b2b1ec92581277a230357aacb7a889b7908,1f0d6c5b83812b443b3c8ddbb9872b2b1ec92581277a230357aacb7a889b7908,0
370,reports/image/contract__scheduler-mac-queue-qos-power-control-uci-flow__sr-bsr-event-timeline.png,pucch/image/contract__scheduler-mac-queue-qos-power-control-uci-flow__sr-bsr-event-timeline.png,7c6cc448a1236c37a31e050b12827c748c5999d66d361fa0e1e55494a20f4a66,7c6cc448a1236c37a31e050b12827c748c5999d66d361fa0e1e55494a20f4a66,0
371,control/csv/pucch_table.json,pucch/json/pucch_table.json,e1bcc8f0b5e15888e3e18a89498977a18a3e2cadeaa4cc34214330c830ac5b34,e1bcc8f0b5e15888e3e18a89498977a18a3e2cadeaa4cc34214330c830ac5b34,0
372,control/csv/pucch_table.json_policy.json,pucch/json/pucch_table.json_policy.json,d44c91abea83d24b594b8c9069fe655c0066e75df0d4e5f8dfc8150a2e4f2e92,d44c91abea83d24b594b8c9069fe655c0066e75df0d4e5f8dfc8150a2e4f2e92,0
373,reports/csv/pucch_uci_table.json,pucch/json/pucch_uci_table.json,f07a7960d7c556180a6f61d516dfc76fa1dfc4f8631624d82e8529d735e17a2f,f07a7960d7c556180a6f61d516dfc76fa1dfc4f8631624d82e8529d735e17a2f,0
374,reports/csv/pucch_uci_table.json_policy.json,pucch/json/pucch_uci_table.json_policy.json,3baeaf1bc2d55f7705d2de7cc0558c0c4c3b039a2e98a4ac12510a6d4d33ce1f,3baeaf1bc2d55f7705d2de7cc0558c0c4c3b039a2e98a4ac12510a6d4d33ce1f,0
375,reports/csv/contract__pusch-ul-data-chain__decoder-iteration-histogram.csv,pusch/csv/contract__pusch-ul-data-chain__decoder-iteration-histogram.csv,,d71d8826f965d8cd5ba0e58951e86ed16f3143b4bff57f8b4465a4729cb952de,1
376,reports/csv/contract__pusch-ul-data-chain__llr-statistics-over-time.csv,pusch/csv/contract__pusch-ul-data-chain__llr-statistics-over-time.csv,,df4d60567851876dee7cc4f6c87c9d3a0567ce57e1c34673f978b898909d9abd,1
377,reports/csv/contract__pusch-ul-data-chain__ta-estimate-timeline.csv,pusch/csv/contract__pusch-ul-data-chain__ta-estimate-timeline.csv,,de03719662f8002139a4fa627de8845d65f74575e51256ef243d86bd0c913309,1
378,reports/csv/contract__pusch-ul-data-chain__ul-resource-grid-equalized-symbol-summaries.csv,pusch/csv/contract__pusch-ul-data-chain__ul-resource-grid-equalized-symbol-summaries.csv,,da0e1d9d145325e621b9a232cea242e7279e57b3a28fc9063cadfdd4999e3c1f,1
379,analytics/csv/contract__resource-grid-re-occupancy-analytics__pusch-map.csv,pusch/csv/contract__resource-grid-re-occupancy-analytics__pusch-map.csv,,72723a8b91b9ba512aa36fe2cec602ccce1eaf3daff48ebbcfe8f8f6170cb869,1
380,reports/csv/live_pusch_rx_summary.csv,pusch/csv/live_pusch_rx_summary.csv,7b37b816c71ed4eeea6d86429c22daabda04664ec36838f52c684f470377f25c,7b37b816c71ed4eeea6d86429c22daabda04664ec36838f52c684f470377f25c,0
381,reports/csv/live_pusch_stage_table.csv,pusch/csv/live_pusch_stage_table.csv,d0589c5917690ed3e20efe8d1e108d169c451666bc9c75a671dea031236367a2,d0589c5917690ed3e20efe8d1e108d169c451666bc9c75a671dea031236367a2,0
382,packet_flow/csv/live_ul_scheduler_grants.csv,pusch/csv/live_ul_scheduler_grants.csv,51f2078de4590914aeeb7ef49d3dedf9d1401fddd3cbd9eeda4b33a8a848bbc0,51f2078de4590914aeeb7ef49d3dedf9d1401fddd3cbd9eeda4b33a8a848bbc0,0
383,reports/csv/live_ul_scheduler_grants.csv,pusch/csv/live_ul_scheduler_grants__b2f2bcdee638.csv,b2f2bcdee638a6e1269c19f943000de42669aa15c1f7c8f6fc879c0d02efe9c4,b2f2bcdee638a6e1269c19f943000de42669aa15c1f7c8f6fc879c0d02efe9c4,0
384,control/csv/msg3_pusch_trials.csv,pusch/csv/msg3_pusch_trials.csv,364c3c5f5b1b536c529e41bba254dece015f42227a7ae0104f4297eb3f8d24b0,364c3c5f5b1b536c529e41bba254dece015f42227a7ae0104f4297eb3f8d24b0,0
385,components/pusch/csv/pusch_bler_curve.csv,pusch/csv/pusch_bler_curve.csv,25125bbedd32247ac7269abf43664a6a16bd5d42ac5e731335ffd3d15fa563d7,25125bbedd32247ac7269abf43664a6a16bd5d42ac5e731335ffd3d15fa563d7,0
386,reports/csv/pusch_pucch_outputs.csv,pusch/csv/pusch_pucch_outputs.csv,cb754b961b9bfd12f38e47dc068d4e90981f641a41e159ad18a42a22e5ef0566,cb754b961b9bfd12f38e47dc068d4e90981f641a41e159ad18a42a22e5ef0566,0
387,reports/csv/measurements/pusch_runtime_event_measurements.csv,pusch/csv/pusch_runtime_event_measurements.csv,a42a1822b91f38c58b34c6b3623b79f3dd54be67b5d6b03f843cf18b1396700c,a42a1822b91f38c58b34c6b3623b79f3dd54be67b5d6b03f843cf18b1396700c,0
388,reports/csv/provenance_sidecars/pusch_runtime_event_provenance.csv,pusch/csv/pusch_runtime_event_provenance.csv,543cda20e70d00829c16a9e39c92134080912512047b15f265cb34e5106d793a,543cda20e70d00829c16a9e39c92134080912512047b15f265cb34e5106d793a,0
389,reports/csv/pusch_runtime_event_table.csv,pusch/csv/pusch_runtime_event_table.csv,97ef61520a2926adbf7e1ab247bc70fe9827294b32709d4573d69f8cc531401f,97ef61520a2926adbf7e1ab247bc70fe9827294b32709d4573d69f8cc531401f,0
390,control/csv/pusch_table.csv,pusch/csv/pusch_table.csv,3ecdfffcd458d4387ead17df305ab4ef931dd15ac45e573f180bf17bd6a6517b,3ecdfffcd458d4387ead17df305ab4ef931dd15ac45e573f180bf17bd6a6517b,0
391,reports/csv/measurements/ul_pusch_measurements.csv,pusch/csv/ul_pusch_measurements.csv,843656464d22391cf472a1ad95b3fb922d05f8e0dd0486f5a830e83198ff6ae4,843656464d22391cf472a1ad95b3fb922d05f8e0dd0486f5a830e83198ff6ae4,0
392,reports/csv/provenance_sidecars/ul_pusch_provenance.csv,pusch/csv/ul_pusch_provenance.csv,c1ca1e809cec04d5ab17f365451f69b19e44820e7b48e19670d856c9e68e5d03,c1ca1e809cec04d5ab17f365451f69b19e44820e7b48e19670d856c9e68e5d03,0
393,air_interface/csv/ul_pusch_trials.csv,pusch/csv/ul_pusch_trials.csv,1539c2a0e4ca651ea5860c590a53e6076cef3dda9a15d4080ba0f361c8b0e57c,1539c2a0e4ca651ea5860c590a53e6076cef3dda9a15d4080ba0f361c8b0e57c,0
394,reports/image/contract__pusch-ul-data-chain__decoder-iteration-histogram.png,pusch/image/contract__pusch-ul-data-chain__decoder-iteration-histogram.png,4c18a4fadd353948ceee649c4cc21ff2740242281f95f89ac2bb6f6d41b22fac,4c18a4fadd353948ceee649c4cc21ff2740242281f95f89ac2bb6f6d41b22fac,0
395,reports/image/contract__pusch-ul-data-chain__llr-statistics-over-time.png,pusch/image/contract__pusch-ul-data-chain__llr-statistics-over-time.png,4b93ffe6711bc15057caafb453a3c265fd039a6a2a763486b2928cfe4c57c8d9,4b93ffe6711bc15057caafb453a3c265fd039a6a2a763486b2928cfe4c57c8d9,0
396,reports/image/contract__pusch-ul-data-chain__ta-estimate-timeline.png,pusch/image/contract__pusch-ul-data-chain__ta-estimate-timeline.png,cadd7337b4b3396bb1e8ff1c7365c2c63c33de48243b2c016183687f2050b083,cadd7337b4b3396bb1e8ff1c7365c2c63c33de48243b2c016183687f2050b083,0
397,reports/image/contract__pusch-ul-data-chain__ul-resource-grid-equalized-symbol-summaries.png,pusch/image/contract__pusch-ul-data-chain__ul-resource-grid-equalized-symbol-summaries.png,2289f3ba6cd7224b0159726b4c2b31f24377c6bd62788686d7f74ac02483fd21,2289f3ba6cd7224b0159726b4c2b31f24377c6bd62788686d7f74ac02483fd21,0
398,analytics/image/contract__resource-grid-re-occupancy-analytics__pusch-map.png,pusch/image/contract__resource-grid-re-occupancy-analytics__pusch-map.png,5c15659504e56f54df47c1357930908147d6a717fb362094edd7aee5541fe6ec,5c15659504e56f54df47c1357930908147d6a717fb362094edd7aee5541fe6ec,0
399,reports/csv/pusch_runtime_event_table.json,pusch/json/pusch_runtime_event_table.json,45d313631fba5e25755c6bd7d72ce8e86c50eb145d8aa71025d6fa3fab954653,45d313631fba5e25755c6bd7d72ce8e86c50eb145d8aa71025d6fa3fab954653,0
400,reports/csv/pusch_runtime_event_table.json_policy.json,pusch/json/pusch_runtime_event_table.json_policy.json,1a993263f7feb8fa5f6cf4aa67b732119860e704d465d46bea367a2918b3a672,1a993263f7feb8fa5f6cf4aa67b732119860e704d465d46bea367a2918b3a672,0
401,control/csv/pusch_table.json,pusch/json/pusch_table.json,722020e9a34385adfb01451524bc1db6929861b4aa9d9f95a3a764c111aa0818,722020e9a34385adfb01451524bc1db6929861b4aa9d9f95a3a764c111aa0818,0
402,control/csv/pusch_table.json_policy.json,pusch/json/pusch_table.json_policy.json,b1fef2da2fd947ead42b933ad32961f66627eb09b5c988f0ec74bf1c7ee24c65,b1fef2da2fd947ead42b933ad32961f66627eb09b5c988f0ec74bf1c7ee24c65,0
403,analytics/csv/contract__measurement-csi-link-adaptation-analytics__cqi-to-mcs-mapping-plot.csv,reference_signals/csv/contract__measurement-csi-link-adaptation-analytics__cqi-to-mcs-mapping-plot.csv,,991571d91343559e3dd643703050673d6b808b1d97ca86dc8560d28b1050a369,1
404,reports/csv/contract__measurements-csi-link-adaptation-inputs__cqi-pmi-ri-cri-timeline.csv,reference_signals/csv/contract__measurements-csi-link-adaptation-inputs__cqi-pmi-ri-cri-timeline.csv,,8714ab568a98065331cfd77bcf00db949f1dc9f85a36226de17e85b26e14e0f0,1
405,analytics/csv/contract__resource-grid-re-occupancy-analytics__dmrs-ptrs-occupancy-map.csv,reference_signals/csv/contract__resource-grid-re-occupancy-analytics__dmrs-ptrs-occupancy-map.csv,,e30ef8ba13a24b77b4ae445d098709bf145271df8d3880360dc584415ddfa211,1
406,reports/csv/contract__scheduler-mac-queue-qos-power-control-uci-flow__cqi-vs-selected-mcs.csv,reference_signals/csv/contract__scheduler-mac-queue-qos-power-control-uci-flow__cqi-vs-selected-mcs.csv,,c294fac54ca7f0282615b1bd3073adb597e26489bad2cc3e954f9e67bfb59134,1
407,analytics/csv/cqi_mcs_consistency_analytics.csv,reference_signals/csv/cqi_mcs_consistency_analytics.csv,d2a60e28990b70c4feb5a21ad055c890361dbb2d54b949870222fccd52bdbab1,d2a60e28990b70c4feb5a21ad055c890361dbb2d54b949870222fccd52bdbab1,0
408,reports/csv/cqi_table_reference.csv,reference_signals/csv/cqi_table_reference.csv,36bba835505c3fc911ed86fc834732a84690d13d06b62289f786ca1e82ca2191,36bba835505c3fc911ed86fc834732a84690d13d06b62289f786ca1e82ca2191,0
409,reports/csv/csi_rs_runtime_event_table.csv,reference_signals/csv/csi_rs_runtime_event_table.csv,fb05fdec710ab38ff95f4c8bbb28c9c82755bebed1deb63c3dfb7efb1a0da076,fb05fdec710ab38ff95f4c8bbb28c9c82755bebed1deb63c3dfb7efb1a0da076,0
410,control/csv/csi_rs_table.csv,reference_signals/csv/csi_rs_table.csv,d7f6bcbd971d5c8b7ff8d64e94008a02fe5a5345fd8407619f07918b5878f987,d7f6bcbd971d5c8b7ff8d64e94008a02fe5a5345fd8407619f07918b5878f987,0
411,air_interface/csv/csi_rs_trials.csv,reference_signals/csv/csi_rs_trials.csv,d73bbc13decbc73c6f229619a66c1b4e7a48223b2ea4376734e61fe0a6b3e9e4,d73bbc13decbc73c6f229619a66c1b4e7a48223b2ea4376734e61fe0a6b3e9e4,0
412,control/csv/csi_rs_trials.csv,reference_signals/csv/csi_rs_trials__2a9a181b040e.csv,2a9a181b040e0dbf83f58f93da2a842ca4e3b8ab660dc8da636e25cf12152873,2a9a181b040e0dbf83f58f93da2a842ca4e3b8ab660dc8da636e25cf12152873,0
413,analytics/csv/link_adaptation_analytics.csv,reference_signals/csv/link_adaptation_analytics.csv,d2a60e28990b70c4feb5a21ad055c890361dbb2d54b949870222fccd52bdbab1,d2a60e28990b70c4feb5a21ad055c890361dbb2d54b949870222fccd52bdbab1,0
414,reports/csv/live_csirs_resource_table.csv,reference_signals/csv/live_csirs_resource_table.csv,01923b82adddcfc65b7df4597eda6eaa7180ab1e54edd8f6cf6f56f4bb61527f,01923b82adddcfc65b7df4597eda6eaa7180ab1e54edd8f6cf6f56f4bb61527f,0
415,reports/csv/live_csirs_stage_table.csv,reference_signals/csv/live_csirs_stage_table.csv,01923b82adddcfc65b7df4597eda6eaa7180ab1e54edd8f6cf6f56f4bb61527f,01923b82adddcfc65b7df4597eda6eaa7180ab1e54edd8f6cf6f56f4bb61527f,0
416,reports/csv/live_csirs_stats.csv,reference_signals/csv/live_csirs_stats.csv,6f27774aa868a2bfc4bcf4cd866da6b559c93b04d4b8997b2fcf5d809eab0e2b,6f27774aa868a2bfc4bcf4cd866da6b559c93b04d4b8997b2fcf5d809eab0e2b,0
417,reports/csv/live_link_adaptation_input_table.csv,reference_signals/csv/live_link_adaptation_input_table.csv,f995f2ec6c555e9b3f325899a0c21ae373552d4dc0ed46ebdf34f6495ba2cf0b,f995f2ec6c555e9b3f325899a0c21ae373552d4dc0ed46ebdf34f6495ba2cf0b,0
418,reports/csv/live_srs_channel_estimation_table.csv,reference_signals/csv/live_srs_channel_estimation_table.csv,0f49992d05883f75be347b337f0e8acd33aca4064c0d60ed6b1fc6b2d4dd9060,0f49992d05883f75be347b337f0e8acd33aca4064c0d60ed6b1fc6b2d4dd9060,0
419,reports/csv/live_srs_stage_table.csv,reference_signals/csv/live_srs_stage_table.csv,0f49992d05883f75be347b337f0e8acd33aca4064c0d60ed6b1fc6b2d4dd9060,0f49992d05883f75be347b337f0e8acd33aca4064c0d60ed6b1fc6b2d4dd9060,0
420,reports/csv/live_ul_dmrs_table.csv,reference_signals/csv/live_ul_dmrs_table.csv,0783f879e07a8f5c839a2912f2b0f81812ac9dc392185ec52cc4dd309a3b2738,0783f879e07a8f5c839a2912f2b0f81812ac9dc392185ec52cc4dd309a3b2738,0
421,reports/csv/mcs_cqi_decision_trace_table.csv,reference_signals/csv/mcs_cqi_decision_trace_table.csv,714bba2f756ad23dc76383d3949ca75a0acd398f8c1151b4a7d225047a04246e,714bba2f756ad23dc76383d3949ca75a0acd398f8c1151b4a7d225047a04246e,0
422,raw/evidence/tables/rawtrials_csirs.csv,reference_signals/csv/rawtrials_csirs.csv,caadc6bb2883dc6213247a7abbb3953f67e52b7fa3531cbd17e698a3497feef0,caadc6bb2883dc6213247a7abbb3953f67e52b7fa3531cbd17e698a3497feef0,0
423,raw/evidence/tables/rawtrials_srs.csv,reference_signals/csv/rawtrials_srs.csv,29d67598db88f6da80be67ed936cfb9308a872493d5d40673e35c1f0c1157577,29d67598db88f6da80be67ed936cfb9308a872493d5d40673e35c1f0c1157577,0
424,raw/evidence/tables/rawtrials_trs.csv,reference_signals/csv/rawtrials_trs.csv,b14c2f336c0edbf7f2d1f38c7cd32f3a74467b7dd60e2a83f3ad4166f3be6de5,b14c2f336c0edbf7f2d1f38c7cd32f3a74467b7dd60e2a83f3ad4166f3be6de5,0
425,control/csv/reference_signal_measurements.csv,reference_signals/csv/reference_signal_measurements.csv,1b427579ef9e645d8e0d512c96eaa804d263f71d5b491fc48901386a65c45217,1b427579ef9e645d8e0d512c96eaa804d263f71d5b491fc48901386a65c45217,0
426,reports/csv/reference_signal_measurements.csv,reference_signals/csv/reference_signal_measurements.csv,1b427579ef9e645d8e0d512c96eaa804d263f71d5b491fc48901386a65c45217,1b427579ef9e645d8e0d512c96eaa804d263f71d5b491fc48901386a65c45217,0
427,reports/csv/srs_measurement_table.csv,reference_signals/csv/srs_measurement_table.csv,d3bb4e862e380a40e9e13678043bafa63fe0ae9360f5c1c2829dce7141dbba63,d3bb4e862e380a40e9e13678043bafa63fe0ae9360f5c1c2829dce7141dbba63,0
428,reports/csv/measurements/srs_measurements.csv,reference_signals/csv/srs_measurements.csv,8b5fd2b663de42716cd98c079b694e57aa5db2aa75cf1b77729f1190fd161c33,8b5fd2b663de42716cd98c079b694e57aa5db2aa75cf1b77729f1190fd161c33,0
429,reports/csv/provenance_sidecars/srs_provenance.csv,reference_signals/csv/srs_provenance.csv,f5aa91cebe100da515b67ae8a58187b5063102305a580a0af2a7635b7e1305ae,f5aa91cebe100da515b67ae8a58187b5063102305a580a0af2a7635b7e1305ae,0
430,reports/csv/measurements/srs_public_measurements.csv,reference_signals/csv/srs_public_measurements.csv,4aa42f8af895808f6cd6326c2bb51f8fc18b349591f11d4147b88f3eab2f7cfd,4aa42f8af895808f6cd6326c2bb51f8fc18b349591f11d4147b88f3eab2f7cfd,0
431,reports/csv/provenance_sidecars/srs_public_provenance.csv,reference_signals/csv/srs_public_provenance.csv,038f2e4720699f8bcb8649d1dcc5912d538612f3541919cecb176adca07dda28,038f2e4720699f8bcb8649d1dcc5912d538612f3541919cecb176adca07dda28,0
432,control/csv/srs_table.csv,reference_signals/csv/srs_table.csv,2ab37beeb87d723d2b87e7be152e2af4101245b4a52dc4fb79b20607be4dbf4e,2ab37beeb87d723d2b87e7be152e2af4101245b4a52dc4fb79b20607be4dbf4e,0
433,air_interface/csv/srs_trials.csv,reference_signals/csv/srs_trials.csv,20ea9f354de9d176860d885a32d7ee86311f87102e65b7eae0216f08d2e81ccc,20ea9f354de9d176860d885a32d7ee86311f87102e65b7eae0216f08d2e81ccc,0
434,control/csv/srs_trials.csv,reference_signals/csv/srs_trials__a436e4b0ec7f.csv,a436e4b0ec7f0554e5a85701700efa15a0cc9a94419458169209ab7548255983,a436e4b0ec7f0554e5a85701700efa15a0cc9a94419458169209ab7548255983,0
435,reports/csv/table_cqi_pmi_ri.csv,reference_signals/csv/table_cqi_pmi_ri.csv,5fba2aee745fbd5b9771a58f15c84b7d7cbb0ac3eedd513961052e76d224cc79,5fba2aee745fbd5b9771a58f15c84b7d7cbb0ac3eedd513961052e76d224cc79,0
436,reports/csv/measurements/trs_measurements.csv,reference_signals/csv/trs_measurements.csv,366caf7d7a70bf5e8da9a28ef871ba1c6ece1e63741344741462b3c6b74bf0ec,366caf7d7a70bf5e8da9a28ef871ba1c6ece1e63741344741462b3c6b74bf0ec,0
437,reports/csv/provenance_sidecars/trs_provenance.csv,reference_signals/csv/trs_provenance.csv,f94c231bd3406b2797bba1de456bc61fd12230de3ad2c19b1c339bb8075cb63c,f94c231bd3406b2797bba1de456bc61fd12230de3ad2c19b1c339bb8075cb63c,0
438,control/csv/trs_receiver_tracking_table.csv,reference_signals/csv/trs_receiver_tracking_table.csv,eb6267a0f8ce6091967f63e1ccba042742f1d5e414d2a95871e85b2c5cdef8e0,eb6267a0f8ce6091967f63e1ccba042742f1d5e414d2a95871e85b2c5cdef8e0,0
439,reports/csv/trs_receiver_tracking_table.csv,reference_signals/csv/trs_receiver_tracking_table__7548d9ab4932.csv,7548d9ab4932474faf664862153fb015415125fe3f2938b30a4bf67fd573d069,7548d9ab4932474faf664862153fb015415125fe3f2938b30a4bf67fd573d069,0
440,air_interface/csv/trs_trials.csv,reference_signals/csv/trs_trials.csv,7637cd3d01d8882c8d9646197803b5c2cb38ed2da708711035abf58113406974,7637cd3d01d8882c8d9646197803b5c2cb38ed2da708711035abf58113406974,0
441,control/csv/trs_trials.csv,reference_signals/csv/trs_trials__008846a4e720.csv,008846a4e72007b6482770045996ed5a49173cc6901af3e42e6d73f9a93e1bf7,008846a4e72007b6482770045996ed5a49173cc6901af3e42e6d73f9a93e1bf7,0
442,reports/image/contract__csi-rs__csi-rs-resource-occupancy.png,reference_signals/image/contract__csi-rs__csi-rs-resource-occupancy.png,a70eb0317c235f09c662e632bb8242a267adb1b84649225a7db61db490b52d16,a70eb0317c235f09c662e632bb8242a267adb1b84649225a7db61db490b52d16,0
443,reports/image/contract__csi-rs__port-usage-chart.png,reference_signals/image/contract__csi-rs__port-usage-chart.png,d0959d4072b893d5d095f244a1b7960d4fbe5f37783a41ed4bda59a814601789,d0959d4072b893d5d095f244a1b7960d4fbe5f37783a41ed4bda59a814601789,0
444,analytics/image/contract__measurement-csi-link-adaptation-analytics__applied-awgn-snr-vs-measured-runtime-sinr-comparison.png,reference_signals/image/contract__measurement-csi-link-adaptation-analytics__applied-awgn-snr-vs-measured-runtime-sinr-comparison.png,9603bd73b511aec3f306364a10d963e5cedc4a2cc4c554ee07455a7b94f0769d,9603bd73b511aec3f306364a10d963e5cedc4a2cc4c554ee07455a7b94f0769d,0
445,analytics/image/contract__measurement-csi-link-adaptation-analytics__config-vs-measured-conflict-dashboard.png,reference_signals/image/contract__measurement-csi-link-adaptation-analytics__config-vs-measured-conflict-dashboard.png,be265622fec919e342dc1339e27e44bea0a6d8bfa33df649ae38e5f8dd926336,be265622fec919e342dc1339e27e44bea0a6d8bfa33df649ae38e5f8dd926336,0
446,analytics/image/contract__measurement-csi-link-adaptation-analytics__cqi-to-mcs-mapping-plot.png,reference_signals/image/contract__measurement-csi-link-adaptation-analytics__cqi-to-mcs-mapping-plot.png,7d91d7e97ff7ce6f0b3e1651ff65aeef407fa923de2cf4f229e6b27577390cf0,7d91d7e97ff7ce6f0b3e1651ff65aeef407fa923de2cf4f229e6b27577390cf0,0
447,analytics/image/contract__measurement-csi-link-adaptation-analytics__per-beam-quality-plot.png,reference_signals/image/contract__measurement-csi-link-adaptation-analytics__per-beam-quality-plot.png,c2225c6b66ca1240f216261995040152ab25685c4380690fd63f1574f5b7f49d,c2225c6b66ca1240f216261995040152ab25685c4380690fd63f1574f5b7f49d,0
448,analytics/image/contract__measurement-csi-link-adaptation-analytics__per-layer-quality-plot.png,reference_signals/image/contract__measurement-csi-link-adaptation-analytics__per-layer-quality-plot.png,6cc74a64420d3f994211ee7191ccebd5693b39bde67a95be0f9fa419fe31a0f1,6cc74a64420d3f994211ee7191ccebd5693b39bde67a95be0f9fa419fe31a0f1,0
449,analytics/image/contract__measurement-csi-link-adaptation-analytics__quality-vs-selected-mcs-mismatch-plot.png,reference_signals/image/contract__measurement-csi-link-adaptation-analytics__quality-vs-selected-mcs-mismatch-plot.png,ead035442e463ebf6acd869048862a8373cea1a546dbee4ac4f447c3125ce570,ead035442e463ebf6acd869048862a8373cea1a546dbee4ac4f447c3125ce570,0
450,analytics/image/contract__measurement-csi-link-adaptation-analytics__selected-mcs-distribution.png,reference_signals/image/contract__measurement-csi-link-adaptation-analytics__selected-mcs-distribution.png,08cdde4063269a80c013b6783c0c9cc37ee279f8f8e6058b5a8de0023a800789,08cdde4063269a80c013b6783c0c9cc37ee279f8f8e6058b5a8de0023a800789,0
451,analytics/image/contract__measurement-csi-link-adaptation-analytics__selected-vs-derived-mcs-confusion-matrix.png,reference_signals/image/contract__measurement-csi-link-adaptation-analytics__selected-vs-derived-mcs-confusion-matrix.png,840e6369b6b55c58bde42bc7b32f38cfd66bcda689937284e7e0bb0394b79b38,840e6369b6b55c58bde42bc7b32f38cfd66bcda689937284e7e0bb0394b79b38,0
452,analytics/image/contract__measurement-csi-link-adaptation-analytics__servingrsrp-rsrp-csi-rsrp-trends.png,reference_signals/image/contract__measurement-csi-link-adaptation-analytics__servingrsrp-rsrp-csi-rsrp-trends.png,5c59c698b2fee7169748c346ea2933a691986670e4de620b796635714305d408,5c59c698b2fee7169748c346ea2933a691986670e4de620b796635714305d408,0
453,reports/image/contract__measurements-csi-link-adaptation-inputs__applied-vs-measured-runtime-snr-sinr-comparison.png,reference_signals/image/contract__measurements-csi-link-adaptation-inputs__applied-vs-measured-runtime-snr-sinr-comparison.png,907c46cdc944042e49935fe59147b5790ef01b66a1ac28fb1b691cbe07659334,907c46cdc944042e49935fe59147b5790ef01b66a1ac28fb1b691cbe07659334,0
454,reports/image/contract__measurements-csi-link-adaptation-inputs__config-vs-measured-conflict-dashboard.png,reference_signals/image/contract__measurements-csi-link-adaptation-inputs__config-vs-measured-conflict-dashboard.png,be265622fec919e342dc1339e27e44bea0a6d8bfa33df649ae38e5f8dd926336,be265622fec919e342dc1339e27e44bea0a6d8bfa33df649ae38e5f8dd926336,0
455,reports/image/contract__measurements-csi-link-adaptation-inputs__cqi-pmi-ri-cri-timeline.png,reference_signals/image/contract__measurements-csi-link-adaptation-inputs__cqi-pmi-ri-cri-timeline.png,5ab1485a9a0bdba4e9219479627576c8c4f6545046694904b57a3f1224ccf917,5ab1485a9a0bdba4e9219479627576c8c4f6545046694904b57a3f1224ccf917,0
456,reports/image/contract__measurements-csi-link-adaptation-inputs__measurement-source-coverage-chart.png,reference_signals/image/contract__measurements-csi-link-adaptation-inputs__measurement-source-coverage-chart.png,412defd6195ffb15f4dda9439bbcc90c6c60d6b539a03ca62be36814528d39c4,412defd6195ffb15f4dda9439bbcc90c6c60d6b539a03ca62be36814528d39c4,0
457,reports/image/contract__measurements-csi-link-adaptation-inputs__rsrp-csi-rsrp-timeline.png,reference_signals/image/contract__measurements-csi-link-adaptation-inputs__rsrp-csi-rsrp-timeline.png,3f47f9be20d328bf8a35ba3d5950d32634183c0f5d77bb02363a9f113342a3a5,3f47f9be20d328bf8a35ba3d5950d32634183c0f5d77bb02363a9f113342a3a5,0
458,analytics/image/contract__resource-grid-re-occupancy-analytics__csi-rs-map.png,reference_signals/image/contract__resource-grid-re-occupancy-analytics__csi-rs-map.png,00a87b89ad83a936e758b0b8fc5814c0c02059cdcbe8b4ee694d0c7ca6cf7d4b,00a87b89ad83a936e758b0b8fc5814c0c02059cdcbe8b4ee694d0c7ca6cf7d4b,0
459,analytics/image/contract__resource-grid-re-occupancy-analytics__dmrs-ptrs-occupancy-map.png,reference_signals/image/contract__resource-grid-re-occupancy-analytics__dmrs-ptrs-occupancy-map.png,8eaa57c11add9430cf497345f77ea30ad5f65ebbd4b56ed0de8a4aaf22a34700,8eaa57c11add9430cf497345f77ea30ad5f65ebbd4b56ed0de8a4aaf22a34700,0
460,analytics/image/contract__resource-grid-re-occupancy-analytics__srs-map.png,reference_signals/image/contract__resource-grid-re-occupancy-analytics__srs-map.png,fb4a983907489be7096883432054351102a2c871ebf0943d9ab71800dc0a9e6e,fb4a983907489be7096883432054351102a2c871ebf0943d9ab71800dc0a9e6e,0
461,reports/image/contract__srs-ul-sounding-massive-mimo-inputs__channel-estimate-quality-trend.png,reference_signals/image/contract__srs-ul-sounding-massive-mimo-inputs__channel-estimate-quality-trend.png,a97578ee82b8c7cf11e6dfc34d8d0a09c6ae9e8b751efa0be608d2907a61db36,a97578ee82b8c7cf11e6dfc34d8d0a09c6ae9e8b751efa0be608d2907a61db36,0
462,reports/image/contract__srs-ul-sounding-massive-mimo-inputs__srs-consumption-by-scheduler-beam-module.png,reference_signals/image/contract__srs-ul-sounding-massive-mimo-inputs__srs-consumption-by-scheduler-beam-module.png,61bfadd38b19868ac64d723b053303d7629b9588d8c14a3c91d840340191ecc8,61bfadd38b19868ac64d723b053303d7629b9588d8c14a3c91d840340191ecc8,0
463,reports/image/contract__srs-ul-sounding-massive-mimo-inputs__srs-validity-timeline.png,reference_signals/image/contract__srs-ul-sounding-massive-mimo-inputs__srs-validity-timeline.png,fe0950d64168f7335f299a97132cb5365806262f86437e5b0cdb3b05bfc3d6a0,fe0950d64168f7335f299a97132cb5365806262f86437e5b0cdb3b05bfc3d6a0,0
464,reports/csv/csi_rs_runtime_event_table.json,reference_signals/json/csi_rs_runtime_event_table.json,426d43235755aaa4fbcd10ba3b4c24ecb7ab6fce94086c03862578c9e738cdae,426d43235755aaa4fbcd10ba3b4c24ecb7ab6fce94086c03862578c9e738cdae,0
465,reports/csv/csi_rs_runtime_event_table.json_policy.json,reference_signals/json/csi_rs_runtime_event_table.json_policy.json,ca9122826aaf3bb77da00511dad69aefda7ceb2cb1ef3e89df6c187c9ff13a34,ca9122826aaf3bb77da00511dad69aefda7ceb2cb1ef3e89df6c187c9ff13a34,0
466,control/csv/csi_rs_table.json,reference_signals/json/csi_rs_table.json,a44b15e6fba45384a6203d993f62fbb3f3267ba428d4cfb7ae12e817675eb0b7,a44b15e6fba45384a6203d993f62fbb3f3267ba428d4cfb7ae12e817675eb0b7,0
467,control/csv/csi_rs_table.json_policy.json,reference_signals/json/csi_rs_table.json_policy.json,2ecb342a4ee0b2f9a49cf7414181f3eeaa9618e3ce8feeeb3e13f6693bed6950,2ecb342a4ee0b2f9a49cf7414181f3eeaa9618e3ce8feeeb3e13f6693bed6950,0
468,reports/csv/mcs_cqi_decision_trace_table.json,reference_signals/json/mcs_cqi_decision_trace_table.json,4b1b826f1dc25f22cff483fd5632efc31c28c2c8eb9e1f2ad6e0712b7789034f,4b1b826f1dc25f22cff483fd5632efc31c28c2c8eb9e1f2ad6e0712b7789034f,0
469,reports/csv/mcs_cqi_decision_trace_table.json_policy.json,reference_signals/json/mcs_cqi_decision_trace_table.json_policy.json,4b4448c11ffda7f97dbcaed21076c9f2dee25f64decef7258e947be03379f45f,4b4448c11ffda7f97dbcaed21076c9f2dee25f64decef7258e947be03379f45f,0
470,reports/csv/srs_measurement_table.json,reference_signals/json/srs_measurement_table.json,4489654eb7cb6c3ca422ef3a67cd6e5dec0f9537d024c1ea8d3d35a6b0068a0b,4489654eb7cb6c3ca422ef3a67cd6e5dec0f9537d024c1ea8d3d35a6b0068a0b,0
471,reports/csv/srs_measurement_table.json_policy.json,reference_signals/json/srs_measurement_table.json_policy.json,5bc1a040f2dc4b01a28838e32625761785091df069d0f6024502ea853efc0c13,5bc1a040f2dc4b01a28838e32625761785091df069d0f6024502ea853efc0c13,0
472,control/csv/srs_table.json,reference_signals/json/srs_table.json,17e69442bf4bceda2ee414e389cd0285bd27617b39a5503c33798a7f36c21085,17e69442bf4bceda2ee414e389cd0285bd27617b39a5503c33798a7f36c21085,0
473,control/csv/srs_table.json_policy.json,reference_signals/json/srs_table.json_policy.json,86c79e32d1d3e8318f4b895cb799383df0667f7ef47c50bb17efd2c6660bf370,86c79e32d1d3e8318f4b895cb799383df0667f7ef47c50bb17efd2c6660bf370,0
474,reports/csv/table_cqi_pmi_ri.json,reference_signals/json/table_cqi_pmi_ri.json,d5f74a0b224c3c41703ac6eb51bc46b903857b7e0ebdec822a3d0aedf4308e35,d5f74a0b224c3c41703ac6eb51bc46b903857b7e0ebdec822a3d0aedf4308e35,0
475,reports/csv/table_cqi_pmi_ri.json_policy.json,reference_signals/json/table_cqi_pmi_ri.json_policy.json,6b25234320269013f3a640f83e687443612d643b5b36553da5d6e059241da06b,6b25234320269013f3a640f83e687443612d643b5b36553da5d6e059241da06b,0
476,control/csv/trs_receiver_tracking_table.json,reference_signals/json/trs_receiver_tracking_table.json,e9e6741caa78e6a3b4332bea6d3ddd21e01a984b9d532f751bdbb73f23c1524c,e9e6741caa78e6a3b4332bea6d3ddd21e01a984b9d532f751bdbb73f23c1524c,0
477,control/csv/trs_receiver_tracking_table.json_policy.json,reference_signals/json/trs_receiver_tracking_table.json_policy.json,d827f24ee237df1ead33a050ecebd3981d40953ad56c9cf638c2b0a245e35336,d827f24ee237df1ead33a050ecebd3981d40953ad56c9cf638c2b0a245e35336,0
478,reports/csv/trs_receiver_tracking_table.json_policy.json,reference_signals/json/trs_receiver_tracking_table.json_policy__df3c48dd1a55.json,df3c48dd1a55fa152a326bce9dab6fad064a382eacbd303e4ecb22517da409a6,df3c48dd1a55fa152a326bce9dab6fad064a382eacbd303e4ecb22517da409a6,0
479,reports/csv/trs_receiver_tracking_table.json,reference_signals/json/trs_receiver_tracking_table__1c205daea367.json,1c205daea367c39065f8e264b130c17b506bc16833a4775fab20b72e3297e769,1c205daea367c39065f8e264b130c17b506bc16833a4775fab20b72e3297e769,0
480,reports/csv/cfo_reconciliation.csv,rf/csv/cfo_reconciliation.csv,6e8513e49007f9c05e046037f7642e2c2488bea586bf82240a1b5f5e41d0ad68,6e8513e49007f9c05e046037f7642e2c2488bea586bf82240a1b5f5e41d0ad68,0
481,reports/csv/cfo_to_tracking_traces.csv,rf/csv/cfo_to_tracking_traces.csv,d91002f5e002df880565168c0a871fae7087600c0ae399a0b86d1b07f4af0604,d91002f5e002df880565168c0a871fae7087600c0ae399a0b86d1b07f4af0604,0
482,analytics/csv/contract__impairments-tracking-analytics__cfo-true-vs-estimated-vs-residual.csv,rf/csv/contract__impairments-tracking-analytics__cfo-true-vs-estimated-vs-residual.csv,,231a641c0235d249fd6a0e383f0c38d57f6c49ef2517511a223d8ee5d3490cac,1
483,reports/csv/iq_imbalance_reconciliation.csv,rf/csv/iq_imbalance_reconciliation.csv,c258cdd96ccc3b372f6d8e907edb49d70174383bce3eaedaae648c8f806d86d4,c258cdd96ccc3b372f6d8e907edb49d70174383bce3eaedaae648c8f806d86d4,0
484,reports/csv/live_power_control_state.csv,rf/csv/live_power_control_state.csv,3c90c659dcadbc983618bf2d1c725bfbf584fd9e3e4d2b2c5eebc6dff81195aa,3c90c659dcadbc983618bf2d1c725bfbf584fd9e3e4d2b2c5eebc6dff81195aa,0
485,reports/csv/live_rf_power_table.csv,rf/csv/live_rf_power_table.csv,f960f84a977356aeea79a1ddf161df67115c5bbc46c42e00b6752d74fe21efa9,f960f84a977356aeea79a1ddf161df67115c5bbc46c42e00b6752d74fe21efa9,0
486,reports/csv/phase_noise_reconciliation.csv,rf/csv/phase_noise_reconciliation.csv,2e553afe763069e47f9d10c13320312f50334ca17926798d7875e43a686c9c95,2e553afe763069e47f9d10c13320312f50334ca17926798d7875e43a686c9c95,0
487,reports/csv/rf_chain_definition.csv,rf/csv/rf_chain_definition.csv,53ff46850ed4fa4933a681c924431fa71c9232c956f4acf061c3776a27b8f1ea,53ff46850ed4fa4933a681c924431fa71c9232c956f4acf061c3776a27b8f1ea,0
488,analytics/image/contract__impairments-tracking-analytics__cfo-true-vs-estimated-vs-residual.png,rf/image/contract__impairments-tracking-analytics__cfo-true-vs-estimated-vs-residual.png,95b752693410e0bf960b6a698e8582d2b03b66cacdd8ec50abe4a255489ecd7c,95b752693410e0bf960b6a698e8582d2b03b66cacdd8ec50abe4a255489ecd7c,0
489,analytics/image/contract__impairments-tracking-analytics__iq-imbalance-summary.png,rf/image/contract__impairments-tracking-analytics__iq-imbalance-summary.png,c378af4ad3944466a2be8fdec75da802362d3b2b7def4d240d7b9160b603af72,c378af4ad3944466a2be8fdec75da802362d3b2b7def4d240d7b9160b603af72,0
490,analytics/image/contract__impairments-tracking-analytics__timing-offset-true-vs-estimated-vs-residual.png,rf/image/contract__impairments-tracking-analytics__timing-offset-true-vs-estimated-vs-residual.png,b6b325a4a36c9c952e1fac0ee2b034016307f21009865a4abf4a0344e984fd7e,b6b325a4a36c9c952e1fac0ee2b034016307f21009865a4abf4a0344e984fd7e,0
491,analytics/image/contract__power-energy-efficiency-analytics__active-bandwidth-vs-power.png,rf/image/contract__power-energy-efficiency-analytics__active-bandwidth-vs-power.png,4d51f40f736cf234f1a7f38925907ccdb32aa394f25f6741f110ec99d31fd5a9,4d51f40f736cf234f1a7f38925907ccdb32aa394f25f6741f110ec99d31fd5a9,0
492,analytics/image/contract__power-energy-efficiency-analytics__baseband-power.png,rf/image/contract__power-energy-efficiency-analytics__baseband-power.png,04ff258ca3ede6c3d233165f7a5da498f0737c0f5843c79d070d9cda9b882912,04ff258ca3ede6c3d233165f7a5da498f0737c0f5843c79d070d9cda9b882912,0
493,analytics/image/contract__power-energy-efficiency-analytics__energy-bit.png,rf/image/contract__power-energy-efficiency-analytics__energy-bit.png,cb0d86161ef2ee33ba838f3426639b1d0924354188e75b73ff06215a06489abb,cb0d86161ef2ee33ba838f3426639b1d0924354188e75b73ff06215a06489abb,0
494,analytics/image/contract__power-energy-efficiency-analytics__energy-efficiency-by-cell.png,rf/image/contract__power-energy-efficiency-analytics__energy-efficiency-by-cell.png,497303b07c3d82c686607031d8a32b238fee37c04bb6f4944f5cebc29dce1299,497303b07c3d82c686607031d8a32b238fee37c04bb6f4944f5cebc29dce1299,0
495,analytics/image/contract__power-energy-efficiency-analytics__energy-efficiency-by-ue.png,rf/image/contract__power-energy-efficiency-analytics__energy-efficiency-by-ue.png,adbd53a7a912a9b59645cf8d47e6f2db149c8b7d2da6ae10de335a6fdfdbfa03,adbd53a7a912a9b59645cf8d47e6f2db149c8b7d2da6ae10de335a6fdfdbfa03,0
496,analytics/image/contract__power-energy-efficiency-analytics__energy-per-bit-histogram.png,rf/image/contract__power-energy-efficiency-analytics__energy-per-bit-histogram.png,74d01112c97094349a5f2adb78c139379be6efab1257d9dfca2b2d867d545207,74d01112c97094349a5f2adb78c139379be6efab1257d9dfca2b2d867d545207,0
497,analytics/image/contract__power-energy-efficiency-analytics__joules-gb.png,rf/image/contract__power-energy-efficiency-analytics__joules-gb.png,ffe3dcf839574a1320209ade20637b4b292c94af79e4c2b8ff6422c439d94ae5,ffe3dcf839574a1320209ade20637b4b292c94af79e4c2b8ff6422c439d94ae5,0
498,analytics/image/contract__power-energy-efficiency-analytics__power-vs-bler.png,rf/image/contract__power-energy-efficiency-analytics__power-vs-bler.png,64ca84d5d29277ea94b4d353a389cd763bc4671c03a26b915f9d3ff71b175a4e,64ca84d5d29277ea94b4d353a389cd763bc4671c03a26b915f9d3ff71b175a4e,0
499,analytics/image/contract__power-energy-efficiency-analytics__power-vs-throughput.png,rf/image/contract__power-energy-efficiency-analytics__power-vs-throughput.png,b7ec8cdda1a107d61faf70df3f5dc0abb5312aad32528dc0eb4b906617f10327,b7ec8cdda1a107d61faf70df3f5dc0abb5312aad32528dc0eb4b906617f10327,0
500,analytics/image/contract__power-energy-efficiency-analytics__sleep-idle-active-state-occupancy.png,rf/image/contract__power-energy-efficiency-analytics__sleep-idle-active-state-occupancy.png,d59abfd56975a5a6d1a011f001d1ee69698ccd591a1df2a6f73066554dfa6e27,d59abfd56975a5a6d1a011f001d1ee69698ccd591a1df2a6f73066554dfa6e27,0
501,reports/image/contract__power-energy-thermal-compute-runtime__efficiency-scatter-plots.png,rf/image/contract__power-energy-thermal-compute-runtime__efficiency-scatter-plots.png,8b726b0678454b1ebb32f1e3af4eefd29ce868b06fac250f6564a1bba1a843a7,8b726b0678454b1ebb32f1e3af4eefd29ce868b06fac250f6564a1bba1a843a7,0
502,reports/image/contract__power-energy-thermal-compute-runtime__energy-per-bit-over-time.png,rf/image/contract__power-energy-thermal-compute-runtime__energy-per-bit-over-time.png,9a1951e956e0cf85b7b2f5109a46469e5649063e74e3fe1948d59fe1e508dc6d,9a1951e956e0cf85b7b2f5109a46469e5649063e74e3fe1948d59fe1e508dc6d,0
503,reports/image/contract__power-energy-thermal-compute-runtime__joules-gb-over-time.png,rf/image/contract__power-energy-thermal-compute-runtime__joules-gb-over-time.png,55793dce44708cee289202f3949a7e771f826421fb70cf0a39dc9755c2f477c3,55793dce44708cee289202f3949a7e771f826421fb70cf0a39dc9755c2f477c3,0
504,reports/image/contract__power-energy-thermal-compute-runtime__power-vs-bler.png,rf/image/contract__power-energy-thermal-compute-runtime__power-vs-bler.png,64ca84d5d29277ea94b4d353a389cd763bc4671c03a26b915f9d3ff71b175a4e,64ca84d5d29277ea94b4d353a389cd763bc4671c03a26b915f9d3ff71b175a4e,0
505,reports/image/contract__power-energy-thermal-compute-runtime__power-vs-throughput.png,rf/image/contract__power-energy-thermal-compute-runtime__power-vs-throughput.png,b7ec8cdda1a107d61faf70df3f5dc0abb5312aad32528dc0eb4b906617f10327,b7ec8cdda1a107d61faf70df3f5dc0abb5312aad32528dc0eb4b906617f10327,0
506,reports/image/contract__power-energy-thermal-compute-runtime__sleep-state-timeline.png,rf/image/contract__power-energy-thermal-compute-runtime__sleep-state-timeline.png,6a846f2662c1c186f4b752ade8d75f685ea5809aec4d455d521fbf8115849593,6a846f2662c1c186f4b752ade8d75f685ea5809aec4d455d521fbf8115849593,0
507,reports/image/contract__power-energy-thermal-compute-runtime__tx-power-timeline-per-cell.png,rf/image/contract__power-energy-thermal-compute-runtime__tx-power-timeline-per-cell.png,d490934ab8ec74a093ff13a15296b6e8d29baaadaae0af3c97d6cfd3d0cb39fa,d490934ab8ec74a093ff13a15296b6e8d29baaadaae0af3c97d6cfd3d0cb39fa,0
508,reports/image/contract__power-energy-thermal-compute-runtime__tx-power-timeline-per-ue.png,rf/image/contract__power-energy-thermal-compute-runtime__tx-power-timeline-per-ue.png,fd54009ca57015625be504324fd5b936be69579af463e1bcc75151fa80b7ffec,fd54009ca57015625be504324fd5b936be69579af463e1bcc75151fa80b7ffec,0
509,reports/csv/live_rf_power_table.json_policy.json,rf/json/live_rf_power_table.json_policy.json,57e067196a10f84d482f430c5fb72741be8be60d8d03e58159696be554a3236e,57e067196a10f84d482f430c5fb72741be8be60d8d03e58159696be554a3236e,0
510,analytics/csv/contract__measurement-csi-link-adaptation-analytics__cqi-pmi-ri-cri-ssbri-trends.csv,ssb/csv/contract__measurement-csi-link-adaptation-analytics__cqi-pmi-ri-cri-ssbri-trends.csv,,b4c606f6546325ce7c34cfd21ddd5419d20b0dfab5cd364be91ff7144718bcfe,1
511,reports/csv/live_pbch_summary.csv,ssb/csv/live_pbch_summary.csv,8c831c6e5b35ad874edc7703774b199f9e5e2ae1616b9e2df02be69c17f3bd04,8c831c6e5b35ad874edc7703774b199f9e5e2ae1616b9e2df02be69c17f3bd04,0
512,reports/csv/live_ssb_occasion_state.csv,ssb/csv/live_ssb_occasion_state.csv,8c831c6e5b35ad874edc7703774b199f9e5e2ae1616b9e2df02be69c17f3bd04,8c831c6e5b35ad874edc7703774b199f9e5e2ae1616b9e2df02be69c17f3bd04,0
513,reports/csv/live_ssb_stage_table.csv,ssb/csv/live_ssb_stage_table.csv,8c831c6e5b35ad874edc7703774b199f9e5e2ae1616b9e2df02be69c17f3bd04,8c831c6e5b35ad874edc7703774b199f9e5e2ae1616b9e2df02be69c17f3bd04,0
514,reports/csv/measurements/pbch_measurements.csv,ssb/csv/pbch_measurements.csv,44dc29ec508c2e554761c05484c6f06c9e911af0d02143b50c108fdd52d366b2,44dc29ec508c2e554761c05484c6f06c9e911af0d02143b50c108fdd52d366b2,0
515,reports/csv/provenance_sidecars/pbch_provenance.csv,ssb/csv/pbch_provenance.csv,ee205130c0096f416e1b50aaa20509a1d9776a204f45643ac44621012ba9d545,ee205130c0096f416e1b50aaa20509a1d9776a204f45643ac44621012ba9d545,0
516,control/csv/pbch_recovery_trials.csv,ssb/csv/pbch_recovery_trials.csv,1dd7b67b7dbd466ce332fce8be0ba4a153290c40416ceea1707541d40e814cf5,1dd7b67b7dbd466ce332fce8be0ba4a153290c40416ceea1707541d40e814cf5,0
517,air_interface/csv/pbch_trials.csv,ssb/csv/pbch_trials.csv,af45a63752eed08ff85a066d76c5824c4dc94bcabf7bc49718dc0fcba223b6be,af45a63752eed08ff85a066d76c5824c4dc94bcabf7bc49718dc0fcba223b6be,0
518,control/csv/pbch_trials.csv,ssb/csv/pbch_trials__13b899b81e6f.csv,13b899b81e6f88da23e14aa3abf1d4bbfa16276bd8cc4572795f400abedea438,13b899b81e6f88da23e14aa3abf1d4bbfa16276bd8cc4572795f400abedea438,0
519,raw/evidence/tables/rawtrials_pbch.csv,ssb/csv/rawtrials_pbch.csv,da259e74e611c40ec2c64d4cd2b534b32eeb8ac642e8b5e2cd5350b94dd88331,da259e74e611c40ec2c64d4cd2b534b32eeb8ac642e8b5e2cd5350b94dd88331,0
520,raw/evidence/tables/rawtrials_ssbbeamsweep.csv,ssb/csv/rawtrials_ssbbeamsweep.csv,a64b5c328f7e4c9ba1f8fe53fed6a8ea42f1bbfecc831a1479774ef5699d88f3,a64b5c328f7e4c9ba1f8fe53fed6a8ea42f1bbfecc831a1479774ef5699d88f3,0
521,beamforming/csv/ssb_beam_sweep.csv,ssb/csv/ssb_beam_sweep.csv,c870ffae9f1acee34c914e53efc8421d9555ba85e1fb43840c5603e2f8ef0199,c870ffae9f1acee34c914e53efc8421d9555ba85e1fb43840c5603e2f8ef0199,0
522,reports/csv/ssb_pbch_cell_search_table.csv,ssb/csv/ssb_pbch_cell_search_table.csv,631a732b8c5990bebd65063d0051f7622c2a1615e45143970bb797ed75c61df5,631a732b8c5990bebd65063d0051f7622c2a1615e45143970bb797ed75c61df5,0
523,control/csv/ssb_pbch_table.csv,ssb/csv/ssb_pbch_table.csv,ef54a472d65da074eb51e01b7b552a26275564f11e0088fc237b124120b2f2f6,ef54a472d65da074eb51e01b7b552a26275564f11e0088fc237b124120b2f2f6,0
524,reports/image/contract__air-interface-frame-slot-symbol-grid__ssb-occasion-timeline.png,ssb/image/contract__air-interface-frame-slot-symbol-grid__ssb-occasion-timeline.png,a2e68e01a0f1f865fd76f852b0041abd2dcda251bc8e9bf4586532c3108bfee5,a2e68e01a0f1f865fd76f852b0041abd2dcda251bc8e9bf4586532c3108bfee5,0
525,analytics/image/contract__detection-control-analytics__pbch-pdcch-pucch-detection-and-decode-timelines.png,ssb/image/contract__detection-control-analytics__pbch-pdcch-pucch-detection-and-decode-timelines.png,69cbb32227bc759dc11e7bdaad51b56a87efa9e8cbb3ac9adf969bbdcdbe6f20,69cbb32227bc759dc11e7bdaad51b56a87efa9e8cbb3ac9adf969bbdcdbe6f20,0
526,analytics/image/contract__detection-control-analytics__ssb-detection-statistics.png,ssb/image/contract__detection-control-analytics__ssb-detection-statistics.png,c1a6ab992a9d7d1fb3cede280afb2f5dc2ef420007f11dfd56bdd3122f7f8830,c1a6ab992a9d7d1fb3cede280afb2f5dc2ef420007f11dfd56bdd3122f7f8830,0
527,analytics/image/contract__measurement-csi-link-adaptation-analytics__cqi-pmi-ri-cri-ssbri-trends.png,ssb/image/contract__measurement-csi-link-adaptation-analytics__cqi-pmi-ri-cri-ssbri-trends.png,89391c30aceadcf26f20f12c88dc0e02b74d10fa73b7bcff5489455913a6dc93,89391c30aceadcf26f20f12c88dc0e02b74d10fa73b7bcff5489455913a6dc93,0
528,analytics/image/contract__resource-grid-re-occupancy-analytics__pbch-ssb-map.png,ssb/image/contract__resource-grid-re-occupancy-analytics__pbch-ssb-map.png,9846f89f271a2d9e31a0366fd6c2da7628fe274cc8ef22b36830da18827e9eae,9846f89f271a2d9e31a0366fd6c2da7628fe274cc8ef22b36830da18827e9eae,0
529,reports/image/contract__ssb-pbch-pss-sss__ssb-index-timeline.png,ssb/image/contract__ssb-pbch-pss-sss__ssb-index-timeline.png,519f390a32179aae0fe0a0f2c7502d9bf9c4ed5f09b1f0077fd648a6342f357c,519f390a32179aae0fe0a0f2c7502d9bf9c4ed5f09b1f0077fd648a6342f357c,0
530,reports/image/contract__ssb-pbch-pss-sss__ssb-pbch-occupancy-map.png,ssb/image/contract__ssb-pbch-pss-sss__ssb-pbch-occupancy-map.png,95c3a1e347aa26a92f9d81fad1c34f5d7828c675db65dff6b8c95f020726f799,95c3a1e347aa26a92f9d81fad1c34f5d7828c675db65dff6b8c95f020726f799,0
531,reports/image/contract__ssb-pbch-pss-sss__sync-success-failure-timeline-if-available.png,ssb/image/contract__ssb-pbch-pss-sss__sync-success-failure-timeline-if-available.png,2da35e67d38db23667595ed3d92395cfad4d73b71be4c3db4ea3c1c6617093a0,2da35e67d38db23667595ed3d92395cfad4d73b71be4c3db4ea3c1c6617093a0,0
532,reports/csv/ssb_pbch_cell_search_table.json,ssb/json/ssb_pbch_cell_search_table.json,4d879ed3886d529e62eb52461c9321ac718a9a08f9410a96ba530cc1be33f1e2,4d879ed3886d529e62eb52461c9321ac718a9a08f9410a96ba530cc1be33f1e2,0
533,reports/csv/ssb_pbch_cell_search_table.json_policy.json,ssb/json/ssb_pbch_cell_search_table.json_policy.json,5c7cb84af30be49d32aebdebb3be72249098d4cdc8b2148789dd621dc898ea3f,5c7cb84af30be49d32aebdebb3be72249098d4cdc8b2148789dd621dc898ea3f,0
534,control/csv/ssb_pbch_table.json,ssb/json/ssb_pbch_table.json,0bab1eb3be2b0ae6a437df9ab686f78d67ba37817b4a14bb9b494b9ea9ceeb0e,0bab1eb3be2b0ae6a437df9ab686f78d67ba37817b4a14bb9b494b9ea9ceeb0e,0
535,control/csv/ssb_pbch_table.json_policy.json,ssb/json/ssb_pbch_table.json_policy.json,4715a4887d5fbf19eea83f05de63452847dd89a0ff5c0eee10462f289ab19fb1,4715a4887d5fbf19eea83f05de63452847dd89a0ff5c0eee10462f289ab19fb1,0
536,analytics/csv/contract__runtime-compute-complexity-parallelism-analytics__latency-cdf.csv,traffic/csv/contract__runtime-compute-complexity-parallelism-analytics__latency-cdf.csv,,3aabd6fce97135951fc64c5d0b31d8a55cd59de24c3ee7846324b52521de07ca,1
537,analytics/csv/goodput_analytics.csv,traffic/csv/goodput_analytics.csv,1963aa3129365a7250b089b10aee8d098c33f7c1b10f581ee6a1bc59112d9687,1963aa3129365a7250b089b10aee8d098c33f7c1b10f581ee6a1bc59112d9687,0
538,reports/csv/latency_cdf_plot.csv,traffic/csv/latency_cdf_plot.csv,1f26e233cd89eb2cdb82086c5c16a08c2edff3f4c0ecc6465905487bbac3c5c4,1f26e233cd89eb2cdb82086c5c16a08c2edff3f4c0ecc6465905487bbac3c5c4,0
539,reports/csv/latency_reconciliation.csv,traffic/csv/latency_reconciliation.csv,90f7d9317300980caa877505ce14eeb4197f56ed794fa0ebab1e1c3cb330cb4f,90f7d9317300980caa877505ce14eeb4197f56ed794fa0ebab1e1c3cb330cb4f,0
540,reports/csv/latency_root_cause_table.csv,traffic/csv/latency_root_cause_table.csv,d3dd58491907a9c809452c8de4ecb6ce057ef11d94cfbe36fac4d665e5818123,d3dd58491907a9c809452c8de4ecb6ce057ef11d94cfbe36fac4d665e5818123,0
541,packet_flow/csv/live_application_packet_delivery_ledger.csv,traffic/csv/live_application_packet_delivery_ledger.csv,b8266aae34a09ebcb4833bfadf9cce3fe11cbcc18027b48cf0b0aff9e559fcac,b8266aae34a09ebcb4833bfadf9cce3fe11cbcc18027b48cf0b0aff9e559fcac,0
542,packet_flow/csv/live_packet_sdu_delivery_ledger.csv,traffic/csv/live_packet_sdu_delivery_ledger.csv,af315d8b5cdca81f3f2956e064ed44bfa410874f655a221208ade6a69f2d84b1,af315d8b5cdca81f3f2956e064ed44bfa410874f655a221208ade6a69f2d84b1,0
543,packet_flow/csv/live_prb_allocation.csv,traffic/csv/live_prb_allocation.csv,f45ca5eb5546c918dd2c99c4582250b6e4e669eec75a79d02d66d1cd5b389ffe,f45ca5eb5546c918dd2c99c4582250b6e4e669eec75a79d02d66d1cd5b389ffe,0
544,reports/csv/live_qos_state.csv,traffic/csv/live_qos_state.csv,4413fd32e5d304bf7eeef085b9c2a9f14bc41f0d883c528767e68a1c8add5649,4413fd32e5d304bf7eeef085b9c2a9f14bc41f0d883c528767e68a1c8add5649,0
545,analytics/csv/runtime_latency_analytics.csv,traffic/csv/runtime_latency_analytics.csv,5c08104a85294e5ba6356202fc53e866bb49a14f92ea235f9e700cd1f19964e7,5c08104a85294e5ba6356202fc53e866bb49a14f92ea235f9e700cd1f19964e7,0
546,packet_flow/csv/slot_trace.csv,traffic/csv/slot_trace.csv,2963046aebd659be14b084283a3e7f04e0fd8178217bb2c69ccd806c80b82dc8,2963046aebd659be14b084283a3e7f04e0fd8178217bb2c69ccd806c80b82dc8,0
547,reports/csv/table_latency.csv,traffic/csv/table_latency.csv,fddeece7703c528830c725bc64f2f17ccbdf9fd3a9914ca799d02450add9be5f,fddeece7703c528830c725bc64f2f17ccbdf9fd3a9914ca799d02450add9be5f,0
548,reports/image/contract__fixed-snr-sinr-sweep-validation__throughput-vs-snr.png,traffic/image/contract__fixed-snr-sinr-sweep-validation__throughput-vs-snr.png,e470a1330680d56e5e79291a9eda846a776e8e7bbdbd53a42a5ca903d4e475b0,e470a1330680d56e5e79291a9eda846a776e8e7bbdbd53a42a5ca903d4e475b0,0
549,analytics/image/contract__runtime-compute-complexity-parallelism-analytics__latency-cdf.png,traffic/image/contract__runtime-compute-complexity-parallelism-analytics__latency-cdf.png,5e8fb962126c4dbdc6190caf2fe50e8a186bf66e490de1881baa59851ef21095,5e8fb962126c4dbdc6190caf2fe50e8a186bf66e490de1881baa59851ef21095,0
550,analytics/image/contract__throughput-goodput-spectral-efficiency-analytics__fairness-index-trend.png,traffic/image/contract__throughput-goodput-spectral-efficiency-analytics__fairness-index-trend.png,521961399709f617bf15cd8dbbd55237180d7df600048b72a8fb773e8295f856,521961399709f617bf15cd8dbbd55237180d7df600048b72a8fb773e8295f856,0
551,analytics/image/contract__throughput-goodput-spectral-efficiency-analytics__goodput-over-time.png,traffic/image/contract__throughput-goodput-spectral-efficiency-analytics__goodput-over-time.png,212f52979d8703315051c936878df430ecf1644197f6bf0548e0c6ac678c6e2b,212f52979d8703315051c936878df430ecf1644197f6bf0548e0c6ac678c6e2b,0
552,analytics/image/contract__throughput-goodput-spectral-efficiency-analytics__goodput.png,traffic/image/contract__throughput-goodput-spectral-efficiency-analytics__goodput.png,f44b0b5e780125b9b9e0957628a1abba30d10568ea7a2be6627f7835ea4cb04a,f44b0b5e780125b9b9e0957628a1abba30d10568ea7a2be6627f7835ea4cb04a,0
553,analytics/image/contract__throughput-goodput-spectral-efficiency-analytics__offered-throughput.png,traffic/image/contract__throughput-goodput-spectral-efficiency-analytics__offered-throughput.png,0ba86ace8020199f99392fbd732465e425ca57e28285773a4d231739fc43facd,0ba86ace8020199f99392fbd732465e425ca57e28285773a4d231739fc43facd,0
554,analytics/image/contract__throughput-goodput-spectral-efficiency-analytics__per-cell-throughput.png,traffic/image/contract__throughput-goodput-spectral-efficiency-analytics__per-cell-throughput.png,f3acd04e3a429dab5f7052d9c51080d0a97a4376e8ff7014bd50945a79b5cc21,f3acd04e3a429dab5f7052d9c51080d0a97a4376e8ff7014bd50945a79b5cc21,0
555,analytics/image/contract__throughput-goodput-spectral-efficiency-analytics__per-ue-throughput.png,traffic/image/contract__throughput-goodput-spectral-efficiency-analytics__per-ue-throughput.png,e0dc3ab2ab5be6577a55d5bc8c1198f0d91a4e36df6f679f81c499341d501e9d,e0dc3ab2ab5be6577a55d5bc8c1198f0d91a4e36df6f679f81c499341d501e9d,0
556,analytics/image/contract__throughput-goodput-spectral-efficiency-analytics__spectral-efficiency.png,traffic/image/contract__throughput-goodput-spectral-efficiency-analytics__spectral-efficiency.png,f79e3d8abe5c30cc5e95ad66de2a753c363d648033fd6505701d861c88e88782,f79e3d8abe5c30cc5e95ad66de2a753c363d648033fd6505701d861c88e88782,0
557,analytics/image/contract__throughput-goodput-spectral-efficiency-analytics__throughput-cdf.png,traffic/image/contract__throughput-goodput-spectral-efficiency-analytics__throughput-cdf.png,f65618686902cee035187dee223836fe99270de892200c3d35b93a739aad1952,f65618686902cee035187dee223836fe99270de892200c3d35b93a739aad1952,0
558,analytics/image/contract__throughput-goodput-spectral-efficiency-analytics__throughput-over-time.png,traffic/image/contract__throughput-goodput-spectral-efficiency-analytics__throughput-over-time.png,9028aca8afb2a9e30f554a421c695a1a825b12127804cc60eff55e97ac23bfab,9028aca8afb2a9e30f554a421c695a1a825b12127804cc60eff55e97ac23bfab,0
559,analytics/image/contract__throughput-goodput-spectral-efficiency-analytics__throughput-percentile-plots.png,traffic/image/contract__throughput-goodput-spectral-efficiency-analytics__throughput-percentile-plots.png,e13ff1a77562deaabd78ef6a886bc1e103c01146e057a068de527c32bb97a070,e13ff1a77562deaabd78ef6a886bc1e103c01146e057a068de527c32bb97a070,0
560,analytics/image/contract__throughput-goodput-spectral-efficiency-analytics__throughput-vs-load.png,traffic/image/contract__throughput-goodput-spectral-efficiency-analytics__throughput-vs-load.png,164a1a66e60b8eba2f17d0af4700d718fc8d9ccc4946291a845ade163cb24eef,164a1a66e60b8eba2f17d0af4700d718fc8d9ccc4946291a845ade163cb24eef,0
561,analytics/image/contract__throughput-goodput-spectral-efficiency-analytics__throughput-vs-sinr.png,traffic/image/contract__throughput-goodput-spectral-efficiency-analytics__throughput-vs-sinr.png,4456e9381a5b320d8b8e8a5456b46a9ac95c65dd5df41252b273a2d11bdea5e9,4456e9381a5b320d8b8e8a5456b46a9ac95c65dd5df41252b273a2d11bdea5e9,0
562,analytics/image/contract__throughput-goodput-spectral-efficiency-analytics__throughput-vs-snr.png,traffic/image/contract__throughput-goodput-spectral-efficiency-analytics__throughput-vs-snr.png,3ab55c884824b5670f821d3e96036e693e06871d65194c73f8cbcc1d4618324e,3ab55c884824b5670f821d3e96036e693e06871d65194c73f8cbcc1d4618324e,0
563,analytics/image/contract__throughput-goodput-spectral-efficiency-analytics__throughput.png,traffic/image/contract__throughput-goodput-spectral-efficiency-analytics__throughput.png,97482cc73c3fbbf4e9ed5c1909f1de963622a5ea177461e30ee9b2c3f8b585ed,97482cc73c3fbbf4e9ed5c1909f1de963622a5ea177461e30ee9b2c3f8b585ed,0
564,reports/csv/latency_cdf_plot.json,traffic/json/latency_cdf_plot.json,653e678ff4d383b696806a56dfb691e2fd626ca69c1ad38c9b38eeb077236ade,653e678ff4d383b696806a56dfb691e2fd626ca69c1ad38c9b38eeb077236ade,0
565,reports/csv/latency_cdf_plot.json_policy.json,traffic/json/latency_cdf_plot.json_policy.json,fe425eb04553d2b0f926a0a093bdae0f797bc9480bef212b3b4333c4e7eecd15,fe425eb04553d2b0f926a0a093bdae0f797bc9480bef212b3b4333c4e7eecd15,0
566,reports/csv/latency_root_cause_table.json,traffic/json/latency_root_cause_table.json,7753b731e944f09cfe6cb3ec604efa2702c54f4d121f6b125df85297590c7f19,7753b731e944f09cfe6cb3ec604efa2702c54f4d121f6b125df85297590c7f19,0
567,reports/csv/latency_root_cause_table.json_policy.json,traffic/json/latency_root_cause_table.json_policy.json,7b9ccf6c61a9fea85620bbcd2c25b93cbf59c54a60c7b8dbc962638e2dd26df5,7b9ccf6c61a9fea85620bbcd2c25b93cbf59c54a60c7b8dbc962638e2dd26df5,0
568,packet_flow/csv/live_prb_allocation.json_policy.json,traffic/json/live_prb_allocation.json_policy.json,c5171d906c67b756befb0bb097411cea9eb461445e9c5811b1baf3ed2a29ade6,c5171d906c67b756befb0bb097411cea9eb461445e9c5811b1baf3ed2a29ade6,0
569,reports/csv/table_latency.json,traffic/json/table_latency.json,0fee316346110b22283dfc3634aaf23d8d8632a10f4328537e2fc42cebde06cd,0fee316346110b22283dfc3634aaf23d8d8632a10f4328537e2fc42cebde06cd,0
570,reports/csv/table_latency.json_policy.json,traffic/json/table_latency.json_policy.json,868a3d298ff7ba72d9be63546d9b96fe6327ea258df9974bc0cad4368b23ab9c,868a3d298ff7ba72d9be63546d9b96fe6327ea258df9974bc0cad4368b23ab9c,0
571,reports/csv/access_kpi_reconciliation.csv,validation/csv/access_kpi_reconciliation.csv,f05eac55bf51b2b47b3992d009f3a5f34fc33fa794b650ceb75bef2b1aee3c71,f05eac55bf51b2b47b3992d009f3a5f34fc33fa794b650ceb75bef2b1aee3c71,0
572,reports/csv/access_state_timeline.csv,validation/csv/access_state_timeline.csv,1db1bb398aa6a6ef65e3fc4588e2701438a1ac515e3221b3e0a46c7d789396c2,1db1bb398aa6a6ef65e3fc4588e2701438a1ac515e3221b3e0a46c7d789396c2,0
573,reports/csv/access_transition_ledger.csv,validation/csv/access_transition_ledger.csv,e10e5c9d679a3f92cf5d8ac933657d74b09765174580caef1365a86e5533c54a,e10e5c9d679a3f92cf5d8ac933657d74b09765174580caef1365a86e5533c54a,0
574,reports/csv/active_issue_gate_summary.csv,validation/csv/active_issue_gate_summary.csv,4677fde0cd829a1809aba57749b745ecc5777ad90629a86c14b86ba1304fb971,4677fde0cd829a1809aba57749b745ecc5777ad90629a86c14b86ba1304fb971,0
575,reports/csv/aggregated_reporting_outputs.csv,validation/csv/aggregated_reporting_outputs.csv,ee724cb170b31b91aa2b864617e7d2e46a4bb1f4bcda4b5e67a6aa19beddcc46,ee724cb170b31b91aa2b864617e7d2e46a4bb1f4bcda4b5e67a6aa19beddcc46,0
576,reports/csv/ai_confidence_trace.csv,validation/csv/ai_confidence_trace.csv,ad36f8671651ce2f4c5e25e97e972999abf0d063b45c00fbbcf9c3a8ff8bcbb9,ad36f8671651ce2f4c5e25e97e972999abf0d063b45c00fbbcf9c3a8ff8bcbb9,0
577,reports/csv/ai_ml_outputs.csv,validation/csv/ai_ml_outputs.csv,5fbf1ebfcdbb1b9975bc60f49ed870b99dbbd809000347d0a4953c185910694d,5fbf1ebfcdbb1b9975bc60f49ed870b99dbbd809000347d0a4953c185910694d,0
578,reports/csv/all_csv_artifact_audit.csv,validation/csv/all_csv_artifact_audit.csv,a6ec88e4f3a8fb86f2303d2648f2a26893a5547a48446546a4329a78983ef6d7,a6ec88e4f3a8fb86f2303d2648f2a26893a5547a48446546a4329a78983ef6d7,0
579,reports/csv/all_image_artifact_audit.csv,validation/csv/all_image_artifact_audit.csv,685459cf4ae504a2598b1a578e3fc85783dfbe595ac2dfe5c8828b82e8359257,685459cf4ae504a2598b1a578e3fc85783dfbe595ac2dfe5c8828b82e8359257,0
580,reports/csv/anomaly_window_table.csv,validation/csv/anomaly_window_table.csv,468befff58fc551058ec79371b5290948f9d4a7b5b73f8ad00a0d4ee880768fb,468befff58fc551058ec79371b5290948f9d4a7b5b73f8ad00a0d4ee880768fb,0
581,reports/csv/antenna_array_reconciliation.csv,validation/csv/antenna_array_reconciliation.csv,68930fcefb71a032e5ed5b5b1956b9bda197f19d4ced26b41da4bdbdf392faf8,68930fcefb71a032e5ed5b5b1956b9bda197f19d4ced26b41da4bdbdf392faf8,0
582,reports/csv/antenna_config_resolved.csv,validation/csv/antenna_config_resolved.csv,438fb5591d8a8dc29930df2f45f48fdae653ee7bcbe1f273f5f567edd139a23d,438fb5591d8a8dc29930df2f45f48fdae653ee7bcbe1f273f5f567edd139a23d,0
583,reports/csv/antenna_runtime_evidence.csv,validation/csv/antenna_runtime_evidence.csv,cfaccdf95408a425d25b056f35c9576a89bdb9834772a74d59aff49b775f1d53,cfaccdf95408a425d25b056f35c9576a89bdb9834772a74d59aff49b775f1d53,0
584,reports/csv/api_exposure_audit_table.csv,validation/csv/api_exposure_audit_table.csv,cdda20cb71f7618ec8295a6cdf7681d35bb3f38a660f48e414d96400f50ca350,cdda20cb71f7618ec8295a6cdf7681d35bb3f38a660f48e414d96400f50ca350,0
585,reports/csv/artifact_completeness_summary.csv,validation/csv/artifact_completeness_summary.csv,3bbccdf2172c9fb37024e0400f1e5c10b079e3ff1d1b5fc53c0edd588230bab0,3bbccdf2172c9fb37024e0400f1e5c10b079e3ff1d1b5fc53c0edd588230bab0,0
586,reports/csv/artifact_inventory.csv,validation/csv/artifact_inventory.csv,ecdf5e10d89c9b97996507d035bf8f79593e7fac5d19a60ab6e6d7df7a0ed2ad,ecdf5e10d89c9b97996507d035bf8f79593e7fac5d19a60ab6e6d7df7a0ed2ad,0
587,reports/csv/baseline_candidate_delta_tables.csv,validation/csv/baseline_candidate_delta_tables.csv,931d59b59a44337c3bdad2f7a1b107798ca0bba8269d6423f461a710c5985bbb,931d59b59a44337c3bdad2f7a1b107798ca0bba8269d6423f461a710c5985bbb,0
588,reports/csv/basic_phy_performance_outputs.csv,validation/csv/basic_phy_performance_outputs.csv,641beb6f8669e58f94f9b990eed3a7e07b74b11ff0c10ea63255f77dbe4dda65,641beb6f8669e58f94f9b990eed3a7e07b74b11ff0c10ea63255f77dbe4dda65,0
589,reports/csv/ber_vs_bler.csv,validation/csv/ber_vs_bler.csv,408d1b9eb9dd0cb656325511469aca45812941b34f02814f0a4a1e7ab75819d6,408d1b9eb9dd0cb656325511469aca45812941b34f02814f0a4a1e7ab75819d6,0
590,reports/csv/ber_vs_ecno.csv,validation/csv/ber_vs_ecno.csv,318dd06520e52549995d123839a5261602d4b72f497118f8e937a21ff7aef21c,318dd06520e52549995d123839a5261602d4b72f497118f8e937a21ff7aef21c,0
591,reports/csv/ber_vs_sinr.csv,validation/csv/ber_vs_sinr.csv,6bac2625c8025ffb4b8077f85b4e5fd31ef072452b0c52da633791900f3f1803,6bac2625c8025ffb4b8077f85b4e5fd31ef072452b0c52da633791900f3f1803,0
592,reports/csv/bler_vs_ecno.csv,validation/csv/bler_vs_ecno.csv,318dd06520e52549995d123839a5261602d4b72f497118f8e937a21ff7aef21c,318dd06520e52549995d123839a5261602d4b72f497118f8e937a21ff7aef21c,0
593,reports/csv/bler_vs_measured_posteq_sinr_bins_diagnostic.csv,validation/csv/bler_vs_measured_posteq_sinr_bins_diagnostic.csv,1f460b4de08a4c1407d3fe9dac2b0536c492fd48f36dcf7e537346b6b31dfc76,1f460b4de08a4c1407d3fe9dac2b0536c492fd48f36dcf7e537346b6b31dfc76,0
594,reports/csv/bler_vs_sinr.csv,validation/csv/bler_vs_sinr.csv,6bac2625c8025ffb4b8077f85b4e5fd31ef072452b0c52da633791900f3f1803,6bac2625c8025ffb4b8077f85b4e5fd31ef072452b0c52da633791900f3f1803,0
595,reports/csv/blerber_reconciliation.csv,validation/csv/blerber_reconciliation.csv,d10f8e936e083ecc70c5c2edd8199aa97b6c38dd4b02d9414dca0f9ed218d2cc,d10f8e936e083ecc70c5c2edd8199aa97b6c38dd4b02d9414dca0f9ed218d2cc,0
596,reports/csv/measurements/browser_config_runtime_values.csv,validation/csv/browser_config_runtime_values.csv,efd2b465f7eab39ae81705dff2ad862f587209e755420fd4de116b8293dc430b,efd2b465f7eab39ae81705dff2ad862f587209e755420fd4de116b8293dc430b,0
597,reports/csv/browser_config_surface_matrix.csv,validation/csv/browser_config_surface_matrix.csv,83fe4b55ae3b90301b06988d8cb1699978ef1ddcc14897e6f8b5dfcd660d9f68,83fe4b55ae3b90301b06988d8cb1699978ef1ddcc14897e6f8b5dfcd660d9f68,0
598,reports/csv/provenance_sidecars/browser_config_surface_provenance.csv,validation/csv/browser_config_surface_provenance.csv,ea519044db2c01fc93f7c058105b2ea6513959f57511012f4b43ff8caee04a00,ea519044db2c01fc93f7c058105b2ea6513959f57511012f4b43ff8caee04a00,0
599,reports/csv/browser_runtime_db_consistency.csv,validation/csv/browser_runtime_db_consistency.csv,92db6a39e0edbfdc65f0c439dfa8219dc6fe80d01911d8110f0a419b1c565856,92db6a39e0edbfdc65f0c439dfa8219dc6fe80d01911d8110f0a419b1c565856,0
600,reports/csv/campaign_evidence_audit.csv,validation/csv/campaign_evidence_audit.csv,0fa8ba6721c5e723c0c010400618e90561e10bb58bb750813d96f5841f1d38f1,0fa8ba6721c5e723c0c010400618e90561e10bb58bb750813d96f5841f1d38f1,0
601,artifact_generation/canonical_component_manifest.csv,validation/csv/canonical_component_manifest.csv,632cf4639dc6293c2c1b730a2ed0161af7ef2ebbe41cbb36f3a36201a82206ca,632cf4639dc6293c2c1b730a2ed0161af7ef2ebbe41cbb36f3a36201a82206ca,0
602,reports/csv/canonical_kpi_ledger.csv,validation/csv/canonical_kpi_ledger.csv,80dd05b48922de45aed7d652d0326cfe0ee720f43bb038efe74866caea391aaa,80dd05b48922de45aed7d652d0326cfe0ee720f43bb038efe74866caea391aaa,0
603,storage/csv/capture_budget_validation.csv,validation/csv/capture_budget_validation.csv,e679d626feb8734205c452324a465d6c0123e0482c59d2b5a8f2b1813c999d13,e679d626feb8734205c452324a465d6c0123e0482c59d2b5a8f2b1813c999d13,0
604,reports/csv/case_status.csv,validation/csv/case_status.csv,6222d2fd40c855b25a4cd5c6b56dbb5c920052dd449e7c3338f7959deff20fe7,6222d2fd40c855b25a4cd5c6b56dbb5c920052dd449e7c3338f7959deff20fe7,0
605,reports/csv/chart_source_registry.csv,validation/csv/chart_source_registry.csv,66eb07ac26c334b7ce34e5eb78f637912f7b23a95a26ef4cd7d7dd71e5003aec,66eb07ac26c334b7ce34e5eb78f637912f7b23a95a26ef4cd7d7dd71e5003aec,0
606,reports/csv/coding_decoder_outputs.csv,validation/csv/coding_decoder_outputs.csv,3db32b82c329cd5c18f58169edbf8f79f4a58ca7917a24ad3247ffdd69f2768a,3db32b82c329cd5c18f58169edbf8f79f4a58ca7917a24ad3247ffdd69f2768a,0
607,reports/csv/compare_run_prerequisites.csv,validation/csv/compare_run_prerequisites.csv,68814bbfd9fce790487d053f3b054dd2fe79b70a19d19e04bbf7636c3ab40ee0,68814bbfd9fce790487d053f3b054dd2fe79b70a19d19e04bbf7636c3ab40ee0,0
608,reports/csv/complexity_implementation_outputs.csv,validation/csv/complexity_implementation_outputs.csv,b67e3d3dfeceef70d311689db7883d64468f315bd4bb499f93902819b81d1d58,b67e3d3dfeceef70d311689db7883d64468f315bd4bb499f93902819b81d1d58,0
609,reports/csv/complexity_vs_gain.csv,validation/csv/complexity_vs_gain.csv,f2c3490381862b299cab65f6f834345baa4bad1c02a125a702ff4bc053728880,f2c3490381862b299cab65f6f834345baa4bad1c02a125a702ff4bc053728880,0
610,reports/csv/config_exposure_summary.csv,validation/csv/config_exposure_summary.csv,f79d96afbda659e2d75a1bb31cb183e154fea58d031ddd979e99ab5d178ffdc9,f79d96afbda659e2d75a1bb31cb183e154fea58d031ddd979e99ab5d178ffdc9,0
611,reports/csv/config_ownership_matrix.csv,validation/csv/config_ownership_matrix.csv,90d363c3d7aed90bde690c8c5a519da682113fbda7195ad7f265a431d94242a3,90d363c3d7aed90bde690c8c5a519da682113fbda7195ad7f265a431d94242a3,0
612,reports/csv/config_roundtrip_verification.csv,validation/csv/config_roundtrip_verification.csv,b0e1bcb14c0500002d7818d6b52238524bd98d2b664c8c7ba896ebc75df4279b,b0e1bcb14c0500002d7818d6b52238524bd98d2b664c8c7ba896ebc75df4279b,0
613,reports/csv/config_status_summary.csv,validation/csv/config_status_summary.csv,7750909d164931a2d2b66464d98d634c8a2f891a92ea7c0debc3c1e8f06683f3,7750909d164931a2d2b66464d98d634c8a2f891a92ea7c0debc3c1e8f06683f3,0
614,reports/csv/configured_effective_operating_point.csv,validation/csv/configured_effective_operating_point.csv,0a8e7102c492662e614b5df85ae50c716bb623e862d9aad5302a79b8f440166a,0a8e7102c492662e614b5df85ae50c716bb623e862d9aad5302a79b8f440166a,0
615,reports/csv/conformance_matrix_runtime_audit.csv,validation/csv/conformance_matrix_runtime_audit.csv,06152096e59530fca100403c9e9a606c45995c7f376b5ed1a4bec636e91d4614,06152096e59530fca100403c9e9a606c45995c7f376b5ed1a4bec636e91d4614,0
616,reports/csv/contract__air-interface-frame-slot-symbol-grid__dl-ul-guard-slot-pattern-chart.csv,validation/csv/contract__air-interface-frame-slot-symbol-grid__dl-ul-guard-slot-pattern-chart.csv,,081498fd2c6b6e93133d4e4d5420760131184c95d629d630cd10d8b99c9121d8,1
617,reports/csv/contract__air-interface-frame-slot-symbol-grid__frame-slot-symbol-occupancy-timeline.csv,validation/csv/contract__air-interface-frame-slot-symbol-grid__frame-slot-symbol-occupancy-timeline.csv,,0155fc6a00906be84cbbb75fa39755e1ab5d280c9c1fe7da3a9337b018d286c9,1
618,reports/csv/contract__air-interface-frame-slot-symbol-grid__prb-heatmap.csv,validation/csv/contract__air-interface-frame-slot-symbol-grid__prb-heatmap.csv,,2f51a2306ebad41dc246476d0f2be1270864ba3396322627c8c789df3286c06b,1
619,reports/csv/contract__air-interface-frame-slot-symbol-grid__re-occupancy-heatmap.csv,validation/csv/contract__air-interface-frame-slot-symbol-grid__re-occupancy-heatmap.csv,,56f77772b5e258a942306401f997c34c21f502e44a8771d12173a57949a40ecb,1
620,analytics/csv/contract__channel-estimation-propagation-analytics__estimator-bias-variance-summaries.csv,validation/csv/contract__channel-estimation-propagation-analytics__estimator-bias-variance-summaries.csv,,04f1edbd9f20e4e6ed97847e54aa40aa29de1bb9243ecedcdabff85792ed6ff7,1
621,analytics/csv/contract__channel-estimation-propagation-analytics__noise-variance-trend.csv,validation/csv/contract__channel-estimation-propagation-analytics__noise-variance-trend.csv,,0f266a4dc5de37282a9db67371ff22a790eeca9d2eb0b47b4cc1e805f6abbe92,1
622,analytics/csv/contract__channel-estimation-propagation-analytics__serving-vs-interferer-decomposition.csv,validation/csv/contract__channel-estimation-propagation-analytics__serving-vs-interferer-decomposition.csv,,f8af1f792da19b111f25d7f630c8a4070bf1cd338ad686cc607ab9b21b47b275,1
623,reports/csv/contract__csi-rs__csi-rs-resource-occupancy.csv,validation/csv/contract__csi-rs__csi-rs-resource-occupancy.csv,,7d3d495febfe5d87277ea5dc08f94698779615a103f342dd938b5f05967b04db,1
624,reports/csv/contract__csi-rs__port-usage-chart.csv,validation/csv/contract__csi-rs__port-usage-chart.csv,,830ee3dcad66f9c3909ae1b911608ca5ee797c7393c4bb1b6d1d1a5a021423d5,1
625,analytics/csv/contract__error-reliability-analytics__crc-pass-fail-rates.csv,validation/csv/contract__error-reliability-analytics__crc-pass-fail-rates.csv,,68712164bdbed0f4baf238446dec38423ee5f1da896847fd062d4c2b9dc09e3f,1
626,analytics/csv/contract__error-reliability-analytics__decoder-iteration-distributions.csv,validation/csv/contract__error-reliability-analytics__decoder-iteration-distributions.csv,,6ff291856dc309f21af2bfe9104592ea3d3235129f066760d442c63d58970066,1
627,analytics/csv/contract__export-consistency-truth-analytics__assumption-usage-summaries.csv,validation/csv/contract__export-consistency-truth-analytics__assumption-usage-summaries.csv,,35b4f3c51d6bcd87c409241ca90694ca5bed373a8619defda04a96c532f0d3aa,1
628,analytics/csv/contract__export-consistency-truth-analytics__missing-field-audits.csv,validation/csv/contract__export-consistency-truth-analytics__missing-field-audits.csv,,107cb867a003ce33bc6fe990de19dd1a6a77e0d7c8b7f50b003eff3c21020146,1
629,analytics/csv/contract__export-consistency-truth-analytics__schema-drift.csv,validation/csv/contract__export-consistency-truth-analytics__schema-drift.csv,,6c0cc45f5022c878d85eb5c292b5d1414929bfc01041bed4c7a153e9dec30de9,1
630,analytics/csv/contract__export-consistency-truth-analytics__source-row-count-vs-analytics-row-count.csv,validation/csv/contract__export-consistency-truth-analytics__source-row-count-vs-analytics-row-count.csv,,4098afb5e9f0d4da296cfa81dab3af28c79714f69775b70327071ccfe03b8eeb,1
631,analytics/csv/contract__export-consistency-truth-analytics__summary-vs-raw-contradiction-checks.csv,validation/csv/contract__export-consistency-truth-analytics__summary-vs-raw-contradiction-checks.csv,,1f2fc0eb05ee978533b2f03c108fd701fc9cd34cd033c7059755a16f2172043f,1
632,reports/csv/contract__generic-investigator-views__config-vs-measured-conflict-dashboard.csv,validation/csv/contract__generic-investigator-views__config-vs-measured-conflict-dashboard.csv,,394a6adf317b2443b45cfae5c32f160c9703e3d6757eca8be82213ff27037773,1
633,reports/csv/contract__generic-investigator-views__partial-or-missing-data-dashboard.csv,validation/csv/contract__generic-investigator-views__partial-or-missing-data-dashboard.csv,,2ce230a042e52d3e64b4fa9d69c87accd8aa4aefa477b8c5bd8ea2b6e328fbe5,1
634,reports/csv/contract__generic-investigator-views__value-semantics-coverage-chart.csv,validation/csv/contract__generic-investigator-views__value-semantics-coverage-chart.csv,,79466f6062bd1cef72cd85e26111f8c5335abfc1755d73827dabfca91c5fc865,1
635,analytics/csv/contract__impairments-tracking-analytics__timing-offset-true-vs-estimated-vs-residual.csv,validation/csv/contract__impairments-tracking-analytics__timing-offset-true-vs-estimated-vs-residual.csv,,78428358b523801c72dc274ac9a7b4f48545c2b0b5a3d941b963c4ac5ccde975,1
636,analytics/csv/contract__measurement-csi-link-adaptation-analytics__applied-awgn-snr-vs-measured-runtime-sinr-comparison.csv,validation/csv/contract__measurement-csi-link-adaptation-analytics__applied-awgn-snr-vs-measured-runtime-sinr-comparison.csv,,b298023c07f8cbd275abbb64a80d67dbddf72d5385cb1d23cf244a6ff52a4b25,1
637,analytics/csv/contract__measurement-csi-link-adaptation-analytics__config-vs-measured-conflict-dashboard.csv,validation/csv/contract__measurement-csi-link-adaptation-analytics__config-vs-measured-conflict-dashboard.csv,,8cdad196f47c798a713f028f27578aa476847696a49fdda08a055f3d3431b72d,1
638,analytics/csv/contract__measurement-csi-link-adaptation-analytics__quality-vs-selected-mcs-mismatch-plot.csv,validation/csv/contract__measurement-csi-link-adaptation-analytics__quality-vs-selected-mcs-mismatch-plot.csv,,7e3163fc7f060149c15987348b710fda10be7c99658bb9155ee8f3671e757b0e,1
639,analytics/csv/contract__measurement-csi-link-adaptation-analytics__selected-mcs-distribution.csv,validation/csv/contract__measurement-csi-link-adaptation-analytics__selected-mcs-distribution.csv,,e133a019d3e37f7c2e110e7402049c9c65d7a8811370ad776fb57595a5e113cb,1
640,analytics/csv/contract__measurement-csi-link-adaptation-analytics__selected-vs-derived-mcs-confusion-matrix.csv,validation/csv/contract__measurement-csi-link-adaptation-analytics__selected-vs-derived-mcs-confusion-matrix.csv,,0e16df3a76534224b9969a52a8f10c4f71abde2a2c858ba2898f956d215fd2c7,1
641,reports/csv/contract__measurements-csi-link-adaptation-inputs__applied-vs-measured-runtime-snr-sinr-comparison.csv,validation/csv/contract__measurements-csi-link-adaptation-inputs__applied-vs-measured-runtime-snr-sinr-comparison.csv,,7ae40207a63b856babf2522063740b2511f982ec3fc43e075c6bca3756e0a76f,1
642,reports/csv/contract__measurements-csi-link-adaptation-inputs__config-vs-measured-conflict-dashboard.csv,validation/csv/contract__measurements-csi-link-adaptation-inputs__config-vs-measured-conflict-dashboard.csv,,8cdad196f47c798a713f028f27578aa476847696a49fdda08a055f3d3431b72d,1
643,reports/csv/contract__measurements-csi-link-adaptation-inputs__measurement-source-coverage-chart.csv,validation/csv/contract__measurements-csi-link-adaptation-inputs__measurement-source-coverage-chart.csv,,8a6769c656317b290cb5658f54ee4459ba6b4cbf96a1b9224e25fb829832bf54,1
644,reports/csv/contract__persistence-export-consistency-browser-health__consistency-failure-trend.csv,validation/csv/contract__persistence-export-consistency-browser-health__consistency-failure-trend.csv,,dc9fa0053b8a42218519850445a4ded5dd986aa768f9dbb656922a5fd194e454,1
645,analytics/csv/contract__power-energy-efficiency-analytics__baseband-power.csv,validation/csv/contract__power-energy-efficiency-analytics__baseband-power.csv,,88a5eac48aa1307a1dae5de5009032d225fcbe833ea0f0b9ec0e9b1a8dd40c65,1
646,analytics/csv/contract__power-energy-efficiency-analytics__dl-tx-power-per-cell-beam-ue.csv,validation/csv/contract__power-energy-efficiency-analytics__dl-tx-power-per-cell-beam-ue.csv,,75b0531b026201d691befd9d2a249c60494e0c865b37283287e09c5d253fcb83,1
647,analytics/csv/contract__power-energy-efficiency-analytics__energy-bit.csv,validation/csv/contract__power-energy-efficiency-analytics__energy-bit.csv,,b563563dac806c692064d6f66e1d9dac45a72c63eea7e8389155fbc91a12c998,1
648,analytics/csv/contract__power-energy-efficiency-analytics__energy-efficiency-by-ue.csv,validation/csv/contract__power-energy-efficiency-analytics__energy-efficiency-by-ue.csv,,7f922d79a44533680ab3d2b0ce13b7ac1c6a5f8d0293bd75f08bdb7703506f85,1
649,analytics/csv/contract__power-energy-efficiency-analytics__energy-per-bit-histogram.csv,validation/csv/contract__power-energy-efficiency-analytics__energy-per-bit-histogram.csv,,33b672b1d63b4fbeca4f60cf800f52c7e15657d41f496048763381c073e3511e,1
650,analytics/csv/contract__power-energy-efficiency-analytics__joules-gb.csv,validation/csv/contract__power-energy-efficiency-analytics__joules-gb.csv,,79aca7a469386a647742b3404af13b78baefb8883630a8b2cface3f6eb928be9,1
651,analytics/csv/contract__power-energy-efficiency-analytics__papr-vs-power.csv,validation/csv/contract__power-energy-efficiency-analytics__papr-vs-power.csv,,4c6a9972f3c37c738fdfb21207f2a13b9dc8369ba1104d1b0bbea0c6f28b27ba,1
652,analytics/csv/contract__power-energy-efficiency-analytics__power-vs-throughput.csv,validation/csv/contract__power-energy-efficiency-analytics__power-vs-throughput.csv,,3de2f1aac15f2db3c365068abd4c3694c3f07de44fd09d3caebb4c93ead4d690,1
653,reports/csv/contract__power-energy-thermal-compute-runtime__efficiency-scatter-plots.csv,validation/csv/contract__power-energy-thermal-compute-runtime__efficiency-scatter-plots.csv,,069e328932a950403b6cd347a9a88afa9c81021b891ccb37a16823d40c309b0d,1
654,reports/csv/contract__power-energy-thermal-compute-runtime__energy-per-bit-over-time.csv,validation/csv/contract__power-energy-thermal-compute-runtime__energy-per-bit-over-time.csv,,bf1005fa486a5f0831766715fd2a6a9b9f22c9b5c8ee23c43ced99ecf473ced1,1
655,reports/csv/contract__power-energy-thermal-compute-runtime__joules-gb-over-time.csv,validation/csv/contract__power-energy-thermal-compute-runtime__joules-gb-over-time.csv,,f861f52690537c13668624b65a148d0b7e488b09a9c32b81b3f59eb6c3aa00dd,1
656,reports/csv/contract__power-energy-thermal-compute-runtime__papr-distribution.csv,validation/csv/contract__power-energy-thermal-compute-runtime__papr-distribution.csv,,9ed038d0fa84fcd769b771942e713b7bf11a4887bdbf514e65f70232c9f1b494,1
657,reports/csv/contract__power-energy-thermal-compute-runtime__power-vs-throughput.csv,validation/csv/contract__power-energy-thermal-compute-runtime__power-vs-throughput.csv,,3de2f1aac15f2db3c365068abd4c3694c3f07de44fd09d3caebb4c93ead4d690,1
658,reports/csv/contract__power-energy-thermal-compute-runtime__sleep-state-timeline.csv,validation/csv/contract__power-energy-thermal-compute-runtime__sleep-state-timeline.csv,,dac962667d34a10c3d040c82827f13bf7b4cda4928648ae4689e172e0c9285a5,1
659,analytics/csv/contract__resource-grid-re-occupancy-analytics__csi-rs-map.csv,validation/csv/contract__resource-grid-re-occupancy-analytics__csi-rs-map.csv,,52d5c70a90e3b5319b0f06d284cbf873137a7531b5943ffafd21ecc8a3acf537,1
660,analytics/csv/contract__resource-grid-re-occupancy-analytics__prb-heatmap.csv,validation/csv/contract__resource-grid-re-occupancy-analytics__prb-heatmap.csv,,2f51a2306ebad41dc246476d0f2be1270864ba3396322627c8c789df3286c06b,1
661,analytics/csv/contract__resource-grid-re-occupancy-analytics__re-occupancy-heatmap.csv,validation/csv/contract__resource-grid-re-occupancy-analytics__re-occupancy-heatmap.csv,,56f77772b5e258a942306401f997c34c21f502e44a8771d12173a57949a40ecb,1
662,reports/csv/contract__run-trial-scenario-overview__required-vs-failed-case-bar-chart.csv,validation/csv/contract__run-trial-scenario-overview__required-vs-failed-case-bar-chart.csv,,cd952888f855f405f5ae6bf05909857fff9f9fee127b234d41b32c375eb16695,1
663,analytics/csv/contract__runtime-compute-complexity-parallelism-analytics__decoder-complexity-units.csv,validation/csv/contract__runtime-compute-complexity-parallelism-analytics__decoder-complexity-units.csv,,e48ff0e6dad6526f70ceb0dcd9b45509253911306c74a9a643c1daf058725fe6,1
664,analytics/csv/contract__runtime-compute-complexity-parallelism-analytics__normalized-decoder-complexity.csv,validation/csv/contract__runtime-compute-complexity-parallelism-analytics__normalized-decoder-complexity.csv,,ff8e177dcaedacdfe782eadb38afd83db100960a8c2d99247e809b48bf234460,1
665,reports/csv/contract__ue-side-state-ue-power-ue-control__ue-control-report-timeline.csv,validation/csv/contract__ue-side-state-ue-power-ue-control__ue-control-report-timeline.csv,,cabf9686fcd36b8076da88655a33e052e814e88f3ecca5d072e99919386c32ab,1
666,reports/csv/contract__ue-side-state-ue-power-ue-control__ue-energy-proxy-timeline.csv,validation/csv/contract__ue-side-state-ue-power-ue-control__ue-energy-proxy-timeline.csv,,92292facd8ad2ff23c81d81079f085fd08dce39973c65dbe8ddfba192ad5442f,1
667,artifact_generation/contract_catalog_snapshot.csv,validation/csv/contract_catalog_snapshot.csv,18f78994c495660250f6939aa6d0652ce6390a432b1397afcbb6484945918727,18f78994c495660250f6939aa6d0652ce6390a432b1397afcbb6484945918727,0
668,reports/csv/contract_materialization_coverage.csv,validation/csv/contract_materialization_coverage.csv,bef1e0020b695e5935e6e8e16c4a9145b549b7e70f37b3a1ab3364f02fd37a2b,bef1e0020b695e5935e6e8e16c4a9145b549b7e70f37b3a1ab3364f02fd37a2b,0
669,reports/csv/contract_materialization_manifest.csv,validation/csv/contract_materialization_manifest.csv,b8d597f4fc2e5f7eb929c5ea1c0ec5d08883c8881f830e61ccae3cc04b8c4b91,b8d597f4fc2e5f7eb929c5ea1c0ec5d08883c8881f830e61ccae3cc04b8c4b91,0
670,reports/csv/contract_plot_lineage.csv,validation/csv/contract_plot_lineage__471950624867.csv,bf30ca59aa6506a7112857c48badb86d12927910f14f90585400409ddc9a412e,bf30ca59aa6506a7112857c48badb86d12927910f14f90585400409ddc9a412e,0
671,components/contract_plot_lineage.csv,validation/csv/contract_plot_lineage__e83d851ed296.csv,6d291bf44c43d5a9211e4e2fa7727869951af96ac3f08c060a44fba8dc69b812,6d291bf44c43d5a9211e4e2fa7727869951af96ac3f08c060a44fba8dc69b812,0
672,reports/csv/control_overhead_analytics_table.csv,validation/csv/control_overhead_analytics_table.csv,9ee80b1c244205a767272e2e0aad8e3e9277aedc63e06e29c96ba41ae008d9c5,9ee80b1c244205a767272e2e0aad8e3e9277aedc63e06e29c96ba41ae008d9c5,0
673,reports/csv/control_pass_rates.csv,validation/csv/control_pass_rates.csv,350be4d7721f10a64f4d8963a2a77a6c0ece996927d5db2495b49a2dd3ebd59b,350be4d7721f10a64f4d8963a2a77a6c0ece996927d5db2495b49a2dd3ebd59b,0
674,reports/csv/cross_layer_correlation_table.csv,validation/csv/cross_layer_correlation_table.csv,e8a4a35b09eaa92cf1b433c92fd61fd3ab86700c37164bc22ffe1ccc3e1d5b39,e8a4a35b09eaa92cf1b433c92fd61fd3ab86700c37164bc22ffe1ccc3e1d5b39,0
675,reports/csv/csi_outputs.csv,validation/csv/csi_outputs.csv,8b6356fd65e7d9c93dae3853277b6ecb1070e351be264a082b0afcff7f570d03,8b6356fd65e7d9c93dae3853277b6ecb1070e351be264a082b0afcff7f570d03,0
676,reports/csv/csi_report_table.csv,validation/csv/csi_report_table.csv,d03dfd465f091956d5390857269bdd5c54112f68bf43d8970397a1a178cf7992,d03dfd465f091956d5390857269bdd5c54112f68bf43d8970397a1a178cf7992,0
677,reports/csv/debug_trace_outputs.csv,validation/csv/debug_trace_outputs.csv,317c658449181e2c0db581bb87269621e4863d73e40bd10a18c856c40db4f292,317c658449181e2c0db581bb87269621e4863d73e40bd10a18c856c40db4f292,0
678,reports/csv/deployment_layout_reference.csv,validation/csv/deployment_layout_reference.csv,e350d0773e3985438f37287c9ff1a02f473bfd978ac371dde5f4d3c0f460c301,e350d0773e3985438f37287c9ff1a02f473bfd978ac371dde5f4d3c0f460c301,0
679,reports/csv/dut_reference_comparison.csv,validation/csv/dut_reference_comparison.csv,7c7969010137f5a449977606ee19a612a71618b52a8d8c484d8c1f10167c9424,7c7969010137f5a449977606ee19a612a71618b52a8d8c484d8c1f10167c9424,0
680,reports/csv/energy_efficiency_outputs.csv,validation/csv/energy_efficiency_outputs.csv,5571bb1a9124d8897c23e1a2c8182297527e3b955b357934fb7f7af916b109aa,5571bb1a9124d8897c23e1a2c8182297527e3b955b357934fb7f7af916b109aa,0
681,reports/csv/energy_model_gate.csv,validation/csv/energy_model_gate.csv,d4a5effb3564bc6d31c10dc9754e5b36c58751f707f709ccbcb8eef0ad58b61a,d4a5effb3564bc6d31c10dc9754e5b36c58751f707f709ccbcb8eef0ad58b61a,0
682,reports/csv/energy_root_cause_table.csv,validation/csv/energy_root_cause_table.csv,834f9c91a2e7125745d4e022a88b75dabde4bc3ed98ab6901b003e404f9ffbf0,834f9c91a2e7125745d4e022a88b75dabde4bc3ed98ab6901b003e404f9ffbf0,0
683,reports/csv/energy_vs_throughput.csv,validation/csv/energy_vs_throughput.csv,4ce3d8ca502e3aa58fb55c4642b73d4a6bf212075f69dbb46f250a3bbe7e1d31,4ce3d8ca502e3aa58fb55c4642b73d4a6bf212075f69dbb46f250a3bbe7e1d31,0
684,reports/csv/evm_reconciliation.csv,validation/csv/evm_reconciliation.csv,85a11db3d7521d110ada4f26aec3124f86312831c99b598e2d2730056950d1f2,85a11db3d7521d110ada4f26aec3124f86312831c99b598e2d2730056950d1f2,0
685,reports/csv/feature_parameter_index.csv,validation/csv/feature_parameter_index.csv,e1c4e0079d9777684485cda0eeadf267698c5be122ee896004cbc62b9d5bf305,e1c4e0079d9777684485cda0eeadf267698c5be122ee896004cbc62b9d5bf305,0
686,reports/csv/fer_summary.csv,validation/csv/fer_summary.csv,3b3b520a2dd9a58ebd4a5d038b98fbb67e9ddd7d8865bde6477098cae6428ff6,3b3b520a2dd9a58ebd4a5d038b98fbb67e9ddd7d8865bde6477098cae6428ff6,0
687,reports/final/final_campaign_summary.csv,validation/csv/final_campaign_summary.csv,2a5a71dbf736df892744b54783cacd3789c840c97d7062476e1ea58311f5e8a5,2a5a71dbf736df892744b54783cacd3789c840c97d7062476e1ea58311f5e8a5,0
688,reports/final/final_defect_register.csv,validation/csv/final_defect_register.csv,fe197b8f14ca495e2f729f9d94b04140376978efa50a96064b54c5f5c81892f4,fe197b8f14ca495e2f729f9d94b04140376978efa50a96064b54c5f5c81892f4,0
689,reports/final/final_kpi_tables.csv,validation/csv/final_kpi_tables.csv,436324f067c85f36fe36255d7454e41897eb8b82a463f26b09f1362463e80aef,436324f067c85f36fe36255d7454e41897eb8b82a463f26b09f1362463e80aef,0
690,reports/final/final_scientific_claims_matrix.csv,validation/csv/final_scientific_claims_matrix.csv,dca80d714849cccb14bfd72b618da135b458984b5766247ea923757f8c5fc955,dca80d714849cccb14bfd72b618da135b458984b5766247ea923757f8c5fc955,0
691,reports/csv/final_scientific_claims_truthfulness.csv,validation/csv/final_scientific_claims_truthfulness.csv,8dbd96e89c8ef88fd367e2e94d22c55ef6b7aa529c4ba0901b38d5358fe6f719,8dbd96e89c8ef88fd367e2e94d22c55ef6b7aa529c4ba0901b38d5358fe6f719,0
692,reports/csv/generated_value_plausibility_audit.csv,validation/csv/generated_value_plausibility_audit.csv,4811dfb116d178077ba0e76d974c7ff89a9f14943e16eda69965242329e095e4,4811dfb116d178077ba0e76d974c7ff89a9f14943e16eda69965242329e095e4,0
693,reports/csv/hardcoded_parameter_audit.csv,validation/csv/hardcoded_parameter_audit.csv,a9b0bf9d3d4dd0f30032b4039370a1ee9055fc069dbc9ac93afc57f723875fa4,a9b0bf9d3d4dd0f30032b4039370a1ee9055fc069dbc9ac93afc57f723875fa4,0
694,reports/csv/heatmap_band_feature_kpi.csv,validation/csv/heatmap_band_feature_kpi.csv,df70f2bc8a24a591560ae7b5beeff2482dabdfed729116f6b6070285c023b480,df70f2bc8a24a591560ae7b5beeff2482dabdfed729116f6b6070285c023b480,0
695,reports/csv/heatmap_impairment_kpi.csv,validation/csv/heatmap_impairment_kpi.csv,dc3edb2f6fd977be27a0d5a2ee53b6968efe7d1b082f8c6fd02fc5258cc75fde,dc3edb2f6fd977be27a0d5a2ee53b6968efe7d1b082f8c6fd02fc5258cc75fde,0
696,reports/csv/honest_unavailable_registry.csv,validation/csv/honest_unavailable_registry.csv,41337d4cf87597ee73d8ef55fca2fe4362403b0c917480199b82210d69a5c1ec,41337d4cf87597ee73d8ef55fca2fe4362403b0c917480199b82210d69a5c1ec,0
697,reports/csv/hotspot_analytics_table.csv,validation/csv/hotspot_analytics_table.csv,d14aa12137fa0dc7949a05d7d6675b1c290684ee404c2faee23167a364ef5536,d14aa12137fa0dc7949a05d7d6675b1c290684ee404c2faee23167a364ef5536,0
698,reports/csv/implementation_function_coverage.csv,validation/csv/implementation_function_coverage.csv,9b20d60a90eac691baae7c31794f0909b25e7f7bbe179f2a02a1529b2372fe52,9b20d60a90eac691baae7c31794f0909b25e7f7bbe179f2a02a1529b2372fe52,0
699,reports/csv/instrumentation_coverage_table.csv,validation/csv/instrumentation_coverage_table.csv,fac7164517462ca6dd274557bbf0016c6b728efb40c7ddd40926aaa87443a024,fac7164517462ca6dd274557bbf0016c6b728efb40c7ddd40926aaa87443a024,0
700,reports/csv/kpi_application_packet_delivery_ledger_dl.csv,validation/csv/kpi_application_packet_delivery_ledger_dl.csv,09c691ab530da3ee4a2f0dd18e3e94a15e2e6e6062b34008fb4b9ccc4e7bd633,09c691ab530da3ee4a2f0dd18e3e94a15e2e6e6062b34008fb4b9ccc4e7bd633,0
701,reports/csv/kpi_application_packet_delivery_ledger_ul.csv,validation/csv/kpi_application_packet_delivery_ledger_ul.csv,af9b4d3a60db3ccc354a55f0cfa4e85bab9d5c4f7ede31fa768c963a397b42c7,af9b4d3a60db3ccc354a55f0cfa4e85bab9d5c4f7ede31fa768c963a397b42c7,0
702,reports/csv/kpi_consistency_gate.csv,validation/csv/kpi_consistency_gate.csv,eece0e34486e3dc2f7aa760229c5127f22a798b1a77a340ddf88279cb9145234,eece0e34486e3dc2f7aa760229c5127f22a798b1a77a340ddf88279cb9145234,0
703,reports/csv/kpi_direction_isolation_audit.csv,validation/csv/kpi_direction_isolation_audit.csv,35bd84f8131553b5769e43bad567ca5749fa2d08d16a9bccb428df5aad489a18,35bd84f8131553b5769e43bad567ca5749fa2d08d16a9bccb428df5aad489a18,0
704,reports/csv/kpi_duration_source_audit.csv,validation/csv/kpi_duration_source_audit.csv,fced6d6918771a5efe07bdc6015691e08c83afa78ba1ce9e618a88db34608450,fced6d6918771a5efe07bdc6015691e08c83afa78ba1ce9e618a88db34608450,0
705,reports/csv/kpi_formula_registry.csv,validation/csv/kpi_formula_registry.csv,01c8c9cf5d524ed1c8b514c7d01f2725cb3ba94ad67d9e02fa6d13a96c9d3154,01c8c9cf5d524ed1c8b514c7d01f2725cb3ba94ad67d9e02fa6d13a96c9d3154,0
706,reports/csv/kpi_health_flags.csv,validation/csv/kpi_health_flags.csv,117c113f5196e9bea3e22e9c5529b88c6c5f373a1a8af99bd68922bd7debd806,117c113f5196e9bea3e22e9c5529b88c6c5f373a1a8af99bd68922bd7debd806,0
707,reports/csv/kpi_known_bug_regression.csv,validation/csv/kpi_known_bug_regression.csv,79843e5873ab0c98b77d284e4630458626ae4df379c70bc7026c5a8e9f40c311,79843e5873ab0c98b77d284e4630458626ae4df379c70bc7026c5a8e9f40c311,0
708,reports/csv/kpi_legacy_alias_map.csv,validation/csv/kpi_legacy_alias_map.csv,7398c162175911d0288836f6845c27a244c89cd24e633ff246d1ae38c9c80636,7398c162175911d0288836f6845c27a244c89cd24e633ff246d1ae38c9c80636,0
709,reports/csv/kpi_lineage_table.csv,validation/csv/kpi_lineage_table.csv,1f857fe001b92e37f5146c217ee2e3ec4c931724d11f5fd99fa0f0c2f2011fe8,1f857fe001b92e37f5146c217ee2e3ec4c931724d11f5fd99fa0f0c2f2011fe8,0
710,reports/csv/kpi_objective_binding.csv,validation/csv/kpi_objective_binding.csv,16159484822967186eca0ca8479431d0c6123d5d180b61b7be595df0027dcb25,16159484822967186eca0ca8479431d0c6123d5d180b61b7be595df0027dcb25,0
711,reports/csv/kpi_packet_sdu_delivery_ledger_dl.csv,validation/csv/kpi_packet_sdu_delivery_ledger_dl.csv,9d6420abe96c86fe8f3e437ce7d39070a76007776bcf50fbbaba631af0600617,9d6420abe96c86fe8f3e437ce7d39070a76007776bcf50fbbaba631af0600617,0
712,reports/csv/kpi_packet_sdu_delivery_ledger_ul.csv,validation/csv/kpi_packet_sdu_delivery_ledger_ul.csv,80af2249a332fc89b2054969b10c5d029353fb5b41bcb27a6898cc799db4b83f,80af2249a332fc89b2054969b10c5d029353fb5b41bcb27a6898cc799db4b83f,0
713,reports/csv/kpi_raw_table_schema_audit.csv,validation/csv/kpi_raw_table_schema_audit.csv,0ca73817a05b259dfa213078bba9e5528438d1ababca92bf15139b8f29a54f8b,0ca73817a05b259dfa213078bba9e5528438d1ababca92bf15139b8f29a54f8b,0
714,reports/csv/kpi_reconstruction_summary.csv,validation/csv/kpi_reconstruction_summary.csv,0e2ab0dfe197ec34c973ac17fc49e5b024679b6dc70d5ebb73a2fec20f6e0ead,0e2ab0dfe197ec34c973ac17fc49e5b024679b6dc70d5ebb73a2fec20f6e0ead,0
715,reports/csv/kpi_row_contributions_dl.csv,validation/csv/kpi_row_contributions_dl.csv,b1ce528dad3b98b55b37f2e102a5cd1280018b2df2834a4c995de2baa258ae9b,b1ce528dad3b98b55b37f2e102a5cd1280018b2df2834a4c995de2baa258ae9b,0
716,reports/csv/kpi_row_contributions_ul.csv,validation/csv/kpi_row_contributions_ul.csv,9e72a0447a214a736b4cbb8c775fe80cd9aeab83c7fec7483186061dc93e0d9d,9e72a0447a214a736b4cbb8c775fe80cd9aeab83c7fec7483186061dc93e0d9d,0
717,reports/csv/kpi_source_table_manifest.csv,validation/csv/kpi_source_table_manifest.csv,b07309976b2c35bbf7e5f68f0fb6c2068ac24cd5ea5c1bc46b6826622ee5f71f,b07309976b2c35bbf7e5f68f0fb6c2068ac24cd5ea5c1bc46b6826622ee5f71f,0
718,reports/csv/kpi_tb_delivery_ledger_dl.csv,validation/csv/kpi_tb_delivery_ledger_dl.csv,fd4b0d4e4a9c7ebc7b0bed7a78e667efc493e8901bb3ade1b05ff7cfa1b185f0,fd4b0d4e4a9c7ebc7b0bed7a78e667efc493e8901bb3ade1b05ff7cfa1b185f0,0
719,reports/csv/kpi_tb_delivery_ledger_ul.csv,validation/csv/kpi_tb_delivery_ledger_ul.csv,864f463c0af36110240dce70972452b0b945cf27f44a45676b6716be4c84b9fa,864f463c0af36110240dce70972452b0b945cf27f44a45676b6716be4c84b9fa,0
720,reports/csv/kpi_unit_conversion_audit.csv,validation/csv/kpi_unit_conversion_audit.csv,7ab03311ec170aa3bf6aa9d77a587c22ce6e3059c4b57fd7f8d16598840607db,7ab03311ec170aa3bf6aa9d77a587c22ce6e3059c4b57fd7f8d16598840607db,0
721,reports/csv/live_access_state.csv,validation/csv/live_access_state.csv,7f330412f5b1b2ea44625a191b51ff86ca460950dd8a6733ce97d6278df1c11c,7f330412f5b1b2ea44625a191b51ff86ca460950dd8a6733ce97d6278df1c11c,0
722,reports/csv/live_ack_nack_table.csv,validation/csv/live_ack_nack_table.csv,01e9f17eb36637e7b5c2aec5ed7037a687683c9ce124eca8d0c64fca149fa98e,01e9f17eb36637e7b5c2aec5ed7037a687683c9ce124eca8d0c64fca149fa98e,0
723,reports/csv/live_artifact_write_table.csv,validation/csv/live_artifact_write_table.csv,07043e4a32a4e1cb45952e456900f1624bd9c7e8f98e90ae5395610dd1375b17,07043e4a32a4e1cb45952e456900f1624bd9c7e8f98e90ae5395610dd1375b17,0
724,reports/csv/live_bb_power_table.csv,validation/csv/live_bb_power_table.csv,e0143988e1ce2f2f40c5016662f5922bcc62be4abf6d682ac59b5ea2c76a6faf,e0143988e1ce2f2f40c5016662f5922bcc62be4abf6d682ac59b5ea2c76a6faf,0
725,reports/csv/live_browser_surface_integrity_table.csv,validation/csv/live_browser_surface_integrity_table.csv,2b8cc5feaccac7d4f0fbe5bc8c0343e30ca122136e888797e1a850bd13f20c21,2b8cc5feaccac7d4f0fbe5bc8c0343e30ca122136e888797e1a850bd13f20c21,0
726,reports/csv/live_buffer_status.csv,validation/csv/live_buffer_status.csv,f6c97c889405c94a9553a6c656ee03d5446d1e4bdc880601b57e3f79fe65bf66,f6c97c889405c94a9553a6c656ee03d5446d1e4bdc880601b57e3f79fe65bf66,0
727,reports/csv/live_candidate_cell_runtime.csv,validation/csv/live_candidate_cell_runtime.csv,0d68806ca74c6621305fb70723f486d043bdc4d7bb2fe222cad873b6d354983d,0d68806ca74c6621305fb70723f486d043bdc4d7bb2fe222cad873b6d354983d,0
728,reports/csv/live_candidate_cell_table.csv,validation/csv/live_candidate_cell_table.csv,720743400f56cb3117836b579c5d478a2cf8042cc756591900cff9fb1981bb85,720743400f56cb3117836b579c5d478a2cf8042cc756591900cff9fb1981bb85,0
729,reports/csv/live_carrier_config.csv,validation/csv/live_carrier_config.csv,332b642c56edd540dc3a186bb6177bb1d9f79e3455cee8ad189b59cf8bc86f7c,332b642c56edd540dc3a186bb6177bb1d9f79e3455cee8ad189b59cf8bc86f7c,0
730,reports/csv/live_case_status.csv,validation/csv/live_case_status.csv,143555eee78b3978dec9d31c98e10ac30fc2cba82b32724f0ab0674bb755fc97,143555eee78b3978dec9d31c98e10ac30fc2cba82b32724f0ab0674bb755fc97,0
731,reports/csv/live_cell_measurement_trace.csv,validation/csv/live_cell_measurement_trace.csv,4172d0f4bf97b7aed81ac293b9ed8ab7f3489198ae67053e5ebad8f00a8a583c,4172d0f4bf97b7aed81ac293b9ed8ab7f3489198ae67053e5ebad8f00a8a583c,0
732,reports/csv/live_cell_reselection_events.csv,validation/csv/live_cell_reselection_events.csv,57aab5382a447764d5ded9f1ded89f441b96b7500ee3ba4fd35544ad880a6b6d,57aab5382a447764d5ded9f1ded89f441b96b7500ee3ba4fd35544ad880a6b6d,0
733,reports/csv/live_cell_table.csv,validation/csv/live_cell_table.csv,172db8a6a7f103cd4e5338c880aba1260e52f4969cf86a86aea4da53dcf67159,172db8a6a7f103cd4e5338c880aba1260e52f4969cf86a86aea4da53dcf67159,0
734,reports/csv/live_combiner_table.csv,validation/csv/live_combiner_table.csv,b6a0c30de431162a8196219e13db494fcc4412b63b105abe3acd64e35dcb3148,b6a0c30de431162a8196219e13db494fcc4412b63b105abe3acd64e35dcb3148,0
735,reports/csv/live_consistency_check_table.csv,validation/csv/live_consistency_check_table.csv,2b8cc5feaccac7d4f0fbe5bc8c0343e30ca122136e888797e1a850bd13f20c21,2b8cc5feaccac7d4f0fbe5bc8c0343e30ca122136e888797e1a850bd13f20c21,0
736,reports/csv/live_control_gating_state.csv,validation/csv/live_control_gating_state.csv,c1e110e20a2ec414ffe2ef6a84dd82750f1e6d305bf4c824b2a709dd53adb156,c1e110e20a2ec414ffe2ef6a84dd82750f1e6d305bf4c824b2a709dd53adb156,0
737,reports/csv/live_control_gating_summary.csv,validation/csv/live_control_gating_summary.csv,05c6a526da4f6fd5870597839c6dcaa91d51412fe6770285cf8fcbc9d968da98,05c6a526da4f6fd5870597839c6dcaa91d51412fe6770285cf8fcbc9d968da98,0
738,reports/csv/live_coverage_layer.csv,validation/csv/live_coverage_layer.csv,0b963f22958616ac87d1fe42c4e6ceeeb60340133a3a8d04e33a60b062510403,0b963f22958616ac87d1fe42c4e6ceeeb60340133a3a8d04e33a60b062510403,0
739,reports/csv/live_coverage_snapshot.csv,validation/csv/live_coverage_snapshot.csv,e0dd2210d4469406657bf758b5ffa9e884ef0f9450d7788deced88ef0d514e46,e0dd2210d4469406657bf758b5ffa9e884ef0f9450d7788deced88ef0d514e46,0
740,reports/csv/live_csi_feedback_stats.csv,validation/csv/live_csi_feedback_stats.csv,b28dd08e56c9a1a680697e203d7a915c5654433744e6c70d54a5ae9e6f29dbf7,b28dd08e56c9a1a680697e203d7a915c5654433744e6c70d54a5ae9e6f29dbf7,0
741,reports/csv/live_csi_feedback_table.csv,validation/csv/live_csi_feedback_table.csv,42ab971664c0f48e2439a2f2d6cd63340cec8c99157534b6af236317f95c16dd,42ab971664c0f48e2439a2f2d6cd63340cec8c99157534b6af236317f95c16dd,0
742,reports/csv/live_csi_output_table.csv,validation/csv/live_csi_output_table.csv,531b4c9029c347867b719be66c8a0bf1f7099a578adc2c4f17fc619caa8acb73,531b4c9029c347867b719be66c8a0bf1f7099a578adc2c4f17fc619caa8acb73,0
743,reports/csv/live_csv_write_table.csv,validation/csv/live_csv_write_table.csv,d62e79b3a2ae48a5683e8c7a8a97be28b0bdd17203a6fbc5dda229ed2d37f1e5,d62e79b3a2ae48a5683e8c7a8a97be28b0bdd17203a6fbc5dda229ed2d37f1e5,0
744,reports/csv/live_db_write_table.csv,validation/csv/live_db_write_table.csv,22f94026a795c12ff0786a3bc96d49d9c6d00c6288c2f5a16321ccafff511e32,22f94026a795c12ff0786a3bc96d49d9c6d00c6288c2f5a16321ccafff511e32,0
745,reports/csv/live_decoder_summary.csv,validation/csv/live_decoder_summary.csv,3896beebaffff4d80d2b65a683df384a1bcb26233d06e7d57e17bef0472ca7b2,3896beebaffff4d80d2b65a683df384a1bcb26233d06e7d57e17bef0472ca7b2,0
746,reports/csv/live_drx_state.csv,validation/csv/live_drx_state.csv,fed9a0b393150d39cfaec1742d0f924b324101bad82068e5a228d583b22a4880,fed9a0b393150d39cfaec1742d0f924b324101bad82068e5a228d583b22a4880,0
747,reports/csv/live_energy_efficiency_table.csv,validation/csv/live_energy_efficiency_table.csv,8c507e75bccb6c853f043228a7d0f8a8f35aa37553e19d7f3242a351d58f7fe6,8c507e75bccb6c853f043228a7d0f8a8f35aa37553e19d7f3242a351d58f7fe6,0
748,reports/csv/live_error_rate_summary.csv,validation/csv/live_error_rate_summary.csv,3b3b520a2dd9a58ebd4a5d038b98fbb67e9ddd7d8865bde6477098cae6428ff6,3b3b520a2dd9a58ebd4a5d038b98fbb67e9ddd7d8865bde6477098cae6428ff6,0
749,reports/csv/live_event_trigger_table.csv,validation/csv/live_event_trigger_table.csv,3d1e7f26ead6a9a872d4be716958168d2f4b536ce5cfdf3a17e4b7b79861d5a6,3d1e7f26ead6a9a872d4be716958168d2f4b536ce5cfdf3a17e4b7b79861d5a6,0
750,reports/csv/live_gnb_state_table.csv,validation/csv/live_gnb_state_table.csv,e15ae2a64e109824fa88cb85aac04a3fd71f9ee29aa281b1418c682f958265ca,e15ae2a64e109824fa88cb85aac04a3fd71f9ee29aa281b1418c682f958265ca,0
751,reports/csv/live_hol_delay_state.csv,validation/csv/live_hol_delay_state.csv,f6c97c889405c94a9553a6c656ee03d5446d1e4bdc880601b57e3f79fe65bf66,f6c97c889405c94a9553a6c656ee03d5446d1e4bdc880601b57e3f79fe65bf66,0
752,reports/csv/live_impairment_table.csv,validation/csv/live_impairment_table.csv,bd554477588f1e3d37b82d9e14fc5648aa14761403c5fa83a48d9cdfa5578cc1,bd554477588f1e3d37b82d9e14fc5648aa14761403c5fa83a48d9cdfa5578cc1,0
753,reports/csv/live_link_table.csv,validation/csv/live_link_table.csv,05f12f94a8111800b2b9cd2be4173760618932edba7d6ee326f472a9322c1369,05f12f94a8111800b2b9cd2be4173760618932edba7d6ee326f472a9322c1369,0
754,reports/csv/live_llr_summary.csv,validation/csv/live_llr_summary.csv,6286e7cea20889c6288a421f5f8be0dd7e01f8d0598beafa9a866a38c4458a3a,6286e7cea20889c6288a421f5f8be0dd7e01f8d0598beafa9a866a38c4458a3a,0
755,reports/csv/live_measurement_filter_state.csv,validation/csv/live_measurement_filter_state.csv,3d1e7f26ead6a9a872d4be716958168d2f4b536ce5cfdf3a17e4b7b79861d5a6,3d1e7f26ead6a9a872d4be716958168d2f4b536ce5cfdf3a17e4b7b79861d5a6,0
756,reports/csv/live_measurement_table.csv,validation/csv/live_measurement_table.csv,9001cdb80963dfabfb3657934c31d09971f71ec97e9e82c5599db58139b007a5,9001cdb80963dfabfb3657934c31d09971f71ec97e9e82c5599db58139b007a5,0
757,reports/csv/live_modulation_demodulation_trace.csv,validation/csv/live_modulation_demodulation_trace.csv,c3ff41f3186416ef11c3e1b5fb2e683f79424f6edbd20e6ddd375373277055f6,c3ff41f3186416ef11c3e1b5fb2e683f79424f6edbd20e6ddd375373277055f6,0
758,reports/csv/live_per_cell_context.csv,validation/csv/live_per_cell_context.csv,172db8a6a7f103cd4e5338c880aba1260e52f4969cf86a86aea4da53dcf67159,172db8a6a7f103cd4e5338c880aba1260e52f4969cf86a86aea4da53dcf67159,0
759,reports/csv/live_per_ue_context.csv,validation/csv/live_per_ue_context.csv,4413fd32e5d304bf7eeef085b9c2a9f14bc41f0d883c528767e68a1c8add5649,4413fd32e5d304bf7eeef085b9c2a9f14bc41f0d883c528767e68a1c8add5649,0
760,reports/csv/live_power_runtime_table.csv,validation/csv/live_power_runtime_table.csv,bb8bb93d2bef712e71144535b72c3471da9717270cd6a1d9b78d90065d797c5b,bb8bb93d2bef712e71144535b72c3471da9717270cd6a1d9b78d90065d797c5b,0
761,reports/csv/live_prb_allocation_snapshot.csv,validation/csv/live_prb_allocation_snapshot.csv,87554dcff422b7f83d6a9d73f703fd76d52c2f71e35180f76cbc0f5e231d7961,87554dcff422b7f83d6a9d73f703fd76d52c2f71e35180f76cbc0f5e231d7961,0
762,reports/csv/live_queue_state.csv,validation/csv/live_queue_state.csv,f6c97c889405c94a9553a6c656ee03d5446d1e4bdc880601b57e3f79fe65bf66,f6c97c889405c94a9553a6c656ee03d5446d1e4bdc880601b57e3f79fe65bf66,0
763,reports/csv/live_rank_estimation_stats.csv,validation/csv/live_rank_estimation_stats.csv,5b1b41b141ff3ebd3e1e068134e7fc9a9c5f970265e2298413d728b5851c1759,5b1b41b141ff3ebd3e1e068134e7fc9a9c5f970265e2298413d728b5851c1759,0
764,reports/csv/live_re_allocation_snapshot.csv,validation/csv/live_re_allocation_snapshot.csv,5e235634078fb2359d1e7b474506d64129aec81c54c4ed0bbd0cda297cd10ea6,5e235634078fb2359d1e7b474506d64129aec81c54c4ed0bbd0cda297cd10ea6,0
765,reports/csv/live_receiver_tracking_state.csv,validation/csv/live_receiver_tracking_state.csv,09f157c65e56be211c148b0b2144a2da0c5e73d8088b5fbebb468f9d3909ac43,09f157c65e56be211c148b0b2144a2da0c5e73d8088b5fbebb468f9d3909ac43,0
766,reports/csv/live_receiver_tracking_trace.csv,validation/csv/live_receiver_tracking_trace.csv,8e6dcbf164d1b5836a2197833df6f62dda6a814efff9ed7a701ee0b15e246094,8e6dcbf164d1b5836a2197833df6f62dda6a814efff9ed7a701ee0b15e246094,0
767,reports/csv/live_required_vs_optional_case_status.csv,validation/csv/live_required_vs_optional_case_status.csv,fa61535dbe9816fdce42b1296917bf0e6345e26ab8884d746d1757efd243019b,fa61535dbe9816fdce42b1296917bf0e6345e26ab8884d746d1757efd243019b,0
768,reports/csv/live_reselection_state.csv,validation/csv/live_reselection_state.csv,3d1e7f26ead6a9a872d4be716958168d2f4b536ce5cfdf3a17e4b7b79861d5a6,3d1e7f26ead6a9a872d4be716958168d2f4b536ce5cfdf3a17e4b7b79861d5a6,0
769,reports/csv/live_rsrp_serving_trace.csv,validation/csv/live_rsrp_serving_trace.csv,0270c45c17a8eaefbecfcf1db9b0925da842f60a00567b765b19f4686ef73722,0270c45c17a8eaefbecfcf1db9b0925da842f60a00567b765b19f4686ef73722,0
770,reports/csv/live_run_overview.csv,validation/csv/live_run_overview.csv,837d257c996ed6e94be7b1da7bb5bc6cf77fc26d810c6cfe8bf2e77c3b2b9dcb,837d257c996ed6e94be7b1da7bb5bc6cf77fc26d810c6cfe8bf2e77c3b2b9dcb,0
771,reports/csv/live_scenario_overview.csv,validation/csv/live_scenario_overview.csv,d89803f2668b99b19dfa2c281ec46cffe517c5bb8316da936ec193988dae5b26,d89803f2668b99b19dfa2c281ec46cffe517c5bb8316da936ec193988dae5b26,0
772,reports/csv/live_sector_table.csv,validation/csv/live_sector_table.csv,a8b38334c6f1508bc2528ca403054087eb5fd8cf8287938b218350812475ad64,a8b38334c6f1508bc2528ca403054087eb5fd8cf8287938b218350812475ad64,0
773,reports/csv/live_selection_state.csv,validation/csv/live_selection_state.csv,3d1e7f26ead6a9a872d4be716958168d2f4b536ce5cfdf3a17e4b7b79861d5a6,3d1e7f26ead6a9a872d4be716958168d2f4b536ce5cfdf3a17e4b7b79861d5a6,0
774,reports/csv/live_site_table.csv,validation/csv/live_site_table.csv,6a31a7cab7d29b7cc6328999e1461a9aa63a4341cca572927000186cebb019ad,6a31a7cab7d29b7cc6328999e1461a9aa63a4341cca572927000186cebb019ad,0
775,reports/csv/live_sleep_state_table.csv,validation/csv/live_sleep_state_table.csv,504b4fc189b8c8fea6f981ec78fd35e8d96dadeeaf8ff09d8b1d9b43faaf94ae,504b4fc189b8c8fea6f981ec78fd35e8d96dadeeaf8ff09d8b1d9b43faaf94ae,0
776,reports/csv/live_soft_buffer_table.csv,validation/csv/live_soft_buffer_table.csv,5c08104a85294e5ba6356202fc53e866bb49a14f92ea235f9e700cd1f19964e7,5c08104a85294e5ba6356202fc53e866bb49a14f92ea235f9e700cd1f19964e7,0
777,reports/csv/live_sr_state.csv,validation/csv/live_sr_state.csv,6fc7ec1331100b2e96ce62aa7feb6c807f84acf640b0ecb81df81363f829cc37,6fc7ec1331100b2e96ce62aa7feb6c807f84acf640b0ecb81df81363f829cc37,0
778,reports/csv/live_symbol_throughput_table.csv,validation/csv/live_symbol_throughput_table.csv,3131be96b229f434a696a31625639e79644706cf53febc47b8c53e4dcb3513f6,3131be96b229f434a696a31625639e79644706cf53febc47b8c53e4dcb3513f6,0
779,reports/csv/live_sync_signal_state.csv,validation/csv/live_sync_signal_state.csv,8c831c6e5b35ad874edc7703774b199f9e5e2ae1616b9e2df02be69c17f3bd04,8c831c6e5b35ad874edc7703774b199f9e5e2ae1616b9e2df02be69c17f3bd04,0
780,reports/csv/live_thread_orchestration_table.csv,validation/csv/live_thread_orchestration_table.csv,332b642c56edd540dc3a186bb6177bb1d9f79e3455cee8ad189b59cf8bc86f7c,332b642c56edd540dc3a186bb6177bb1d9f79e3455cee8ad189b59cf8bc86f7c,0
781,reports/csv/live_tracking_table.csv,validation/csv/live_tracking_table.csv,073a4959068f3b303ddea6b0bbdbdfa54010167ae2ccb0816690282bdad1eee1,073a4959068f3b303ddea6b0bbdbdfa54010167ae2ccb0816690282bdad1eee1,0
782,reports/csv/live_trial_overview.csv,validation/csv/live_trial_overview.csv,e009bf7c6ffa6d1f2e8dc2c7be8c510419cb9adbb0c067e8c6573dc952837ecb,e009bf7c6ffa6d1f2e8dc2c7be8c510419cb9adbb0c067e8c6573dc952837ecb,0
783,reports/csv/live_trp_table.csv,validation/csv/live_trp_table.csv,6159eca1af1abc240675138c5e6e5d40265234d7e041db4eed035970fc4beb39,6159eca1af1abc240675138c5e6e5d40265234d7e041db4eed035970fc4beb39,0
784,reports/csv/live_truth_policy_status.csv,validation/csv/live_truth_policy_status.csv,143555eee78b3978dec9d31c98e10ac30fc2cba82b32724f0ab0674bb755fc97,143555eee78b3978dec9d31c98e10ac30fc2cba82b32724f0ab0674bb755fc97,0
785,reports/csv/live_tx_rx_stage_trace.csv,validation/csv/live_tx_rx_stage_trace.csv,fbb757ec3c8e1b006e986a47109e9ed1df7428e84bb097ad5fecef64c6871fb8,fbb757ec3c8e1b006e986a47109e9ed1df7428e84bb097ad5fecef64c6871fb8,0
786,reports/csv/live_ue_control_state.csv,validation/csv/live_ue_control_state.csv,d0589c5917690ed3e20efe8d1e108d169c451666bc9c75a671dea031236367a2,d0589c5917690ed3e20efe8d1e108d169c451666bc9c75a671dea031236367a2,0
787,reports/csv/live_ue_measurement_state.csv,validation/csv/live_ue_measurement_state.csv,9001cdb80963dfabfb3657934c31d09971f71ec97e9e82c5599db58139b007a5,9001cdb80963dfabfb3657934c31d09971f71ec97e9e82c5599db58139b007a5,0
788,reports/csv/live_ue_power_state.csv,validation/csv/live_ue_power_state.csv,3c90c659dcadbc983618bf2d1c725bfbf584fd9e3e4d2b2c5eebc6dff81195aa,3c90c659dcadbc983618bf2d1c725bfbf584fd9e3e4d2b2c5eebc6dff81195aa,0
789,reports/csv/live_ue_state_table.csv,validation/csv/live_ue_state_table.csv,4413fd32e5d304bf7eeef085b9c2a9f14bc41f0d883c528767e68a1c8add5649,4413fd32e5d304bf7eeef085b9c2a9f14bc41f0d883c528767e68a1c8add5649,0
790,reports/csv/live_ue_table.csv,validation/csv/live_ue_table.csv,615d775f0d817c86aeac3af300646d17fec5abae7146b4f5058df5782efcff6f,615d775f0d817c86aeac3af300646d17fec5abae7146b4f5058df5782efcff6f,0
791,reports/csv/live_user_grouping_table.csv,validation/csv/live_user_grouping_table.csv,7bf69474e44eade7ae4a98e435c80d612a7b4c210904b7c839a8865e91322b79,7bf69474e44eade7ae4a98e435c80d612a7b4c210904b7c839a8865e91322b79,0
792,reports/csv/live_user_performance_snapshot.csv,validation/csv/live_user_performance_snapshot.csv,6eacf007ecd133916900db2460c90066328ef5f9dc1e91e89af43d29995f0632,6eacf007ecd133916900db2460c90066328ef5f9dc1e91e89af43d29995f0632,0
793,reports/csv/llr_histograms.csv,validation/csv/llr_histograms.csv,eea35e68220fc0ef85159fe028c70094b4af86d77affb8bdbfc6152f42f99cf0,eea35e68220fc0ef85159fe028c70094b4af86d77affb8bdbfc6152f42f99cf0,0
794,reports/csv/lls_block_correctness_summary.csv,validation/csv/lls_block_correctness_summary.csv,d733ccfcb10b58b2a1ea0c5cb29614b704a1ba0e594de82635f47f5d14a8e861,d733ccfcb10b58b2a1ea0c5cb29614b704a1ba0e594de82635f47f5d14a8e861,0
795,reports/csv/lls_implementation_register.csv,validation/csv/lls_implementation_register.csv,2bda05cf1d6781150008f83f5e5aa78d26e84ed88dc0414560fd0bcc6c1bfa22,2bda05cf1d6781150008f83f5e5aa78d26e84ed88dc0414560fd0bcc6c1bfa22,0
796,reports/csv/lls_link_performance_summary.csv,validation/csv/lls_link_performance_summary.csv,670c37d76589a61377874b18e6c644fcca41cf911a43b92298a8dac75d88cc01,670c37d76589a61377874b18e6c644fcca41cf911a43b92298a8dac75d88cc01,0
797,reports/csv/lls_output_contract.csv,validation/csv/lls_output_contract.csv,a90c67651cb575509c68e5d9818fa96893b71c299acf5658dfa27a7c2b126f0e,a90c67651cb575509c68e5d9818fa96893b71c299acf5658dfa27a7c2b126f0e,0
798,reports/csv/lls_output_metric_rows.csv,validation/csv/lls_output_metric_rows.csv,14b6f191cd7a440df393bef740a5e676df1250dd7b70eb88a1115d3fd4d6184f,14b6f191cd7a440df393bef740a5e676df1250dd7b70eb88a1115d3fd4d6184f,0
799,reports/csv/lls_output_spec_coverage.csv,validation/csv/lls_output_spec_coverage.csv,93db2ffb25931edf194554bb3344196da56d437011d46be28462a2752b4a775b,93db2ffb25931edf194554bb3344196da56d437011d46be28462a2752b4a775b,0
800,reports/csv/lls_phy_outcome_summary.csv,validation/csv/lls_phy_outcome_summary.csv,4fba4b783759fbeae399c2f67f3a1b475ad9319f0a4b9d6fbebd0cea22745f8f,4fba4b783759fbeae399c2f67f3a1b475ad9319f0a4b9d6fbebd0cea22745f8f,0
801,reports/csv/lls_real_implementation_coverage_summary.csv,validation/csv/lls_real_implementation_coverage_summary.csv,65441bcbe19113d46c6b11071bfdae07af5d664d8e1b274332321b12df3d400b,65441bcbe19113d46c6b11071bfdae07af5d664d8e1b274332321b12df3d400b,0
802,reports/csv/lls_reference_comparison_summary.csv,validation/csv/lls_reference_comparison_summary.csv,5db931e2dd0c58ec0f4e6ccadbc595b9666a0818eb81c76bc009ac40f37b2b47,5db931e2dd0c58ec0f4e6ccadbc595b9666a0818eb81c76bc009ac40f37b2b47,0
803,reports/csv/long_run_stability_summary.csv,validation/csv/long_run_stability_summary.csv,72bdf1c902eb1b8fd861f747177963c2562e74c466e675009b4d0d98e958f262,72bdf1c902eb1b8fd861f747177963c2562e74c466e675009b4d0d98e958f262,0
804,reports/csv/mcs_table_reference.csv,validation/csv/mcs_table_reference.csv,7aefeae539953d109ad608657f98566fef6233220d55197b1455191ac823cdcb,7aefeae539953d109ad608657f98566fef6233220d55197b1455191ac823cdcb,0
805,reports/csv/measured_sinr_timeseries.csv,validation/csv/measured_sinr_timeseries.csv,820fdc2607b9689b0366649232149431d2b0eb4d36170178025f7c64a4e1e497,820fdc2607b9689b0366649232149431d2b0eb4d36170178025f7c64a4e1e497,0
806,reports/csv/measurement_output_integrity_audit.csv,validation/csv/measurement_output_integrity_audit.csv,c1b1211d4ced9d2e2942810c371302fd8de99ce1e0513eb3ec390c10daabf0e6,c1b1211d4ced9d2e2942810c371302fd8de99ce1e0513eb3ec390c10daabf0e6,0
807,reports/csv/measurement_sidecar_manifest.csv,validation/csv/measurement_sidecar_manifest.csv,ad28fadb64fdb720bac0dc0d54389a24093e4c75164ae4388533a007d21c1f69,ad28fadb64fdb720bac0dc0d54389a24093e4c75164ae4388533a007d21c1f69,0
808,reports/csv/measurement_sinr_plot_lineage.csv,validation/csv/measurement_sinr_plot_lineage.csv,911fc0785dde7368c594e0fa137549278d3ec80b0397968f96b9c03273efa0ba,911fc0785dde7368c594e0fa137549278d3ec80b0397968f96b9c03273efa0ba,0
809,reports/csv/metric_coverage_by_category.csv,validation/csv/metric_coverage_by_category.csv,3c370de6ab5113dc1687baa615f2e731ac64b2ccd6804815f9ee06a01de9de16,3c370de6ab5113dc1687baa615f2e731ac64b2ccd6804815f9ee06a01de9de16,0
810,reports/csv/metric_definition_catalog.csv,validation/csv/metric_definition_catalog.csv,f51d2171be51c8456967d661b44beda729a8d7b35b17c7e8b54e28bcae6eaae3,f51d2171be51c8456967d661b44beda729a8d7b35b17c7e8b54e28bcae6eaae3,0
811,reports/csv/metric_unit_role_catalog.csv,validation/csv/metric_unit_role_catalog.csv,55766684fbed2ceec726a5a0ce1ca17a040a7805fff6616f6bdae1c9a682982f,55766684fbed2ceec726a5a0ce1ca17a040a7805fff6616f6bdae1c9a682982f,0
812,reports/csv/modulation_shaping_outputs.csv,validation/csv/modulation_shaping_outputs.csv,dc158583a19197d3e45a20dd9bd317cef0c26ab7b9b4c8f80de429b7c31567c3,dc158583a19197d3e45a20dd9bd317cef0c26ab7b9b4c8f80de429b7c31567c3,0
813,reports/csv/neighbor_degree_histogram_data.csv,validation/csv/neighbor_degree_histogram_data.csv,fe038cf045fd5a94bdd06d419b0473be8989cdb0cb56e7261881b4156bd250eb,fe038cf045fd5a94bdd06d419b0473be8989cdb0cb56e7261881b4156bd250eb,0
814,reports/csv/noise_reconciliation.csv,validation/csv/noise_reconciliation.csv,0861ba89b2de99c93dafec77637204abac99acedbecc97f69935a1e984862317,0861ba89b2de99c93dafec77637204abac99acedbecc97f69935a1e984862317,0
815,reports/csv/noise_variance_evidence_table.csv,validation/csv/noise_variance_evidence_table.csv,1d49d0d01b1b0a6d21b4542e592ae3b239a1973d1e0a61fd6f92dc8030bc89d7,1d49d0d01b1b0a6d21b4542e592ae3b239a1973d1e0a61fd6f92dc8030bc89d7,0
816,reports/csv/measurements/noise_variance_measurements.csv,validation/csv/noise_variance_measurements.csv,ec8442e92e5f76dfd65c38bccd5fa0e13954443d9d7bd9623b25d357d4141ce1,ec8442e92e5f76dfd65c38bccd5fa0e13954443d9d7bd9623b25d357d4141ce1,0
817,reports/csv/provenance_sidecars/noise_variance_provenance.csv,validation/csv/noise_variance_provenance.csv,22eb853507eeb98eecef687aded8197f3eb7af7750c49ae73ccad976193371d1,22eb853507eeb98eecef687aded8197f3eb7af7750c49ae73ccad976193371d1,0
818,reports/csv/oracle_proxy_fallback_detector.csv,validation/csv/oracle_proxy_fallback_detector.csv,7c347f39aeffa78b8b9c4c9ec706508e364b65179ede7b966b12e1584ba1e0e8,7c347f39aeffa78b8b9c4c9ec706508e364b65179ede7b966b12e1584ba1e0e8,0
819,reports/csv/output_completeness_table.csv,validation/csv/output_completeness_table.csv,2cac37674448fb04030b54216db5bc430ba7934e9b93ee65c9cca466a474f457,2cac37674448fb04030b54216db5bc430ba7934e9b93ee65c9cca466a474f457,0
820,reports/csv/output_coverage_registry.csv,validation/csv/output_coverage_registry.csv,3604581311d575f099b6130397313e32ccbe3281b4c0c10323a2d9adb0c1f9e4,3604581311d575f099b6130397313e32ccbe3281b4c0c10323a2d9adb0c1f9e4,0
821,reports/csv/pa_reconciliation.csv,validation/csv/pa_reconciliation.csv,dcaf7bbc2ffaa1bcb571c47eef1cc5b77cad91f38671ab09c7db960728bb5cfe,dcaf7bbc2ffaa1bcb571c47eef1cc5b77cad91f38671ab09c7db960728bb5cfe,0
822,reports/csv/papr_ccdf.csv,validation/csv/papr_ccdf.csv,b75d682e18acd993ba6f580d9a15f5d729c28332b344435b21e4729e624d687c,b75d682e18acd993ba6f580d9a15f5d729c28332b344435b21e4729e624d687c,0
823,reports/csv/papr_reconciliation.csv,validation/csv/papr_reconciliation.csv,b0cde8ec6419e8a59fb290b9fee9d30b72e6cf7c12c760164fcf8b835725fe90,b0cde8ec6419e8a59fb290b9fee9d30b72e6cf7c12c760164fcf8b835725fe90,0
824,reports/csv/parameter_binding_matrix.csv,validation/csv/parameter_binding_matrix.csv,a4e430a9c73c363d7eaa5297a1326635fdae26cfb3172a940de742afc63ffd92,a4e430a9c73c363d7eaa5297a1326635fdae26cfb3172a940de742afc63ffd92,0
825,reports/csv/provenance_sidecars/parameter_binding_provenance.csv,validation/csv/parameter_binding_provenance.csv,6cc595134f420b1385f8082bb2c77c46e8b51006fb5c01f7d0b8cc46e0196cdf,6cc595134f420b1385f8082bb2c77c46e8b51006fb5c01f7d0b8cc46e0196cdf,0
826,reports/csv/measurements/parameter_binding_runtime_values.csv,validation/csv/parameter_binding_runtime_values.csv,69449cf2f56f3018d9895f4dadddba775ead1235d746c537e77406f3515c1747,69449cf2f56f3018d9895f4dadddba775ead1235d746c537e77406f3515c1747,0
827,reports/csv/path_power_normalization_reconciliation.csv,validation/csv/path_power_normalization_reconciliation.csv,c818b6a82d2e1b812acd0b6073fb9a13f56e4725ad247086af1a07bf3636aa4b,c818b6a82d2e1b812acd0b6073fb9a13f56e4725ad247086af1a07bf3636aa4b,0
828,reports/csv/per_measured_sinr_comparison_tables.csv,validation/csv/per_measured_sinr_comparison_tables.csv,c3f6f4ac3e21bb714bbc9ec00063469530e0282512c250a04f745e2c9a196991,c3f6f4ac3e21bb714bbc9ec00063469530e0282512c250a04f745e2c9a196991,0
829,reports/csv/per_scenario_summary_tables.csv,validation/csv/per_scenario_summary_tables.csv,040b89f913959e8535e64c73a43e02df6ce06e9573d263cf634674abbd0c0f51,040b89f913959e8535e64c73a43e02df6ce06e9573d263cf634674abbd0c0f51,0
830,reports/csv/performance_profile_summary.csv,validation/csv/performance_profile_summary.csv,6c2fdb42b0f760ab92e6c40f8c03a732c12bb1ab14f72512d5804036420459e0,6c2fdb42b0f760ab92e6c40f8c03a732c12bb1ab14f72512d5804036420459e0,0
831,reports/csv/persistence_audit_table.csv,validation/csv/persistence_audit_table.csv,01ca52befb3120b02dcd5891ab09b9a5851f34d370c36d04e059a4bcfac76d48,01ca52befb3120b02dcd5891ab09b9a5851f34d370c36d04e059a4bcfac76d48,0
832,reports/csv/phase7_truth_gates.csv,validation/csv/phase7_truth_gates.csv,a6d2119e12da836e684f30b288164b70db08f34533be9093af27169ace381b58,a6d2119e12da836e684f30b288164b70db08f34533be9093af27169ace381b58,0
833,reports/csv/phy_block_validation_matrix.csv,validation/csv/phy_block_validation_matrix.csv,0b927ab4d369fbb4bbc2d7412e20f284a12ef8d38b2743b0190e1ddf78a414a7,0b927ab4d369fbb4bbc2d7412e20f284a12ef8d38b2743b0190e1ddf78a414a7,0
834,reports/csv/phy_package_execution_audit.csv,validation/csv/phy_package_execution_audit.csv,ab846d82eeb1b862efc8fc90b53c75ba30bd3c9437c1518f8c3c741d95f37355,ab846d82eeb1b862efc8fc90b53c75ba30bd3c9437c1518f8c3c741d95f37355,0
835,reports/csv/phy_package_execution_evidence_gate.csv,validation/csv/phy_package_execution_evidence_gate.csv,69501bc8a592fa5b3cc9890278e2e209c8efddee044f208fdd72cf6d82e669a3,69501bc8a592fa5b3cc9890278e2e209c8efddee044f208fdd72cf6d82e669a3,0
836,reports/csv/phy_package_execution_summary.csv,validation/csv/phy_package_execution_summary.csv,3edd5d07aa09b85c409aed22c72765ac768738b7d15fd058edcb1470127c23a7,3edd5d07aa09b85c409aed22c72765ac768738b7d15fd058edcb1470127c23a7,0
837,reports/csv/phy_value_invariant_checks.csv,validation/csv/phy_value_invariant_checks.csv,79d739a6dacb193dda66d275db0e2d7a580910855fa412d02ed02f1d3d830481,79d739a6dacb193dda66d275db0e2d7a580910855fa412d02ed02f1d3d830481,0
838,reports/csv/plot_data_lineage_summary.csv,validation/csv/plot_data_lineage_summary.csv,a81cf6b88ec1987ca99a04f1b714533f606de744bb76945d94309e288cfe0176,a81cf6b88ec1987ca99a04f1b714533f606de744bb76945d94309e288cfe0176,0
839,reports/csv/plot_data_quality_table.csv,validation/csv/plot_data_quality_table.csv,308f2f850b4c2e61cca9ce424df3066e9e5b37b16a10076075c2f167559d67a3,308f2f850b4c2e61cca9ce424df3066e9e5b37b16a10076075c2f167559d67a3,0
840,reports/csv/plot_manifest.csv,validation/csv/plot_manifest.csv,6d9e13da0dcd661a18214e948f0d4681f4efb719aa6de5d7baace83445f30bcd,6d9e13da0dcd661a18214e948f0d4681f4efb719aa6de5d7baace83445f30bcd,0
841,reports/csv/plot_render_status.csv,validation/csv/plot_render_status.csv,6da29856d0867c6452ef82cb5567bd62e39008ebc25f29aa881e16f8825e29af,6da29856d0867c6452ef82cb5567bd62e39008ebc25f29aa881e16f8825e29af,0
842,reports/csv/plot_suppression_table.csv,validation/csv/plot_suppression_table.csv,b713b3db267a61c43ebecaa80dbbee1c64962d990544b8ae997d16a25dcb6663,b713b3db267a61c43ebecaa80dbbee1c64962d990544b8ae997d16a25dcb6663,0
843,reports/csv/polarization_reconciliation.csv,validation/csv/polarization_reconciliation.csv,385bfbb53e53906a26986d5c8a249a97b9e1fe4f0b5fed9887f1c4f498a29da8,385bfbb53e53906a26986d5c8a249a97b9e1fe4f0b5fed9887f1c4f498a29da8,0
844,reports/csv/prb_allocation_heatmap.csv,validation/csv/prb_allocation_heatmap.csv,be7f4d5aa5b2c6ba909cda76a9f2b4065d103653bed07f881953f7464fbafa3d,be7f4d5aa5b2c6ba909cda76a9f2b4065d103653bed07f881953f7464fbafa3d,0
845,reports/csv/production_qualification_gate.csv,validation/csv/production_qualification_gate.csv,9ceaf4c33e3a6843c9bd451da8813669f77d33a6444db0281e02433b83a68b81,9ceaf4c33e3a6843c9bd451da8813669f77d33a6444db0281e02433b83a68b81,0
846,reports/csv/public_output_claim_scan.csv,validation/csv/public_output_claim_scan.csv,21833c1e69dddf24593c99cd976f7196db646077d14929e3bbe83f6b1cad14e7,21833c1e69dddf24593c99cd976f7196db646077d14929e3bbe83f6b1cad14e7,0
847,reports/csv/publication_readiness_gate_summary.csv,validation/csv/publication_readiness_gate_summary.csv,b79447dda378f516684b8e2338736551de311d0503c02fc6747a06d3c261e568,b79447dda378f516684b8e2338736551de311d0503c02fc6747a06d3c261e568,0
848,reports/csv/raster_replacement_inventory.csv,validation/csv/raster_replacement_inventory.csv,07184b9a549d6a25bc84992ed7bd5954b7ae7628de7df4223ff000a4fce5e03d,07184b9a549d6a25bc84992ed7bd5954b7ae7628de7df4223ff000a4fce5e03d,0
849,reports/csv/raw_to_derived_lineage.csv,validation/csv/raw_to_derived_lineage.csv,d335f88ab3cdd6f1c325c13887ed6c9e21492dacfbf7d0606afed26f903f87b3,d335f88ab3cdd6f1c325c13887ed6c9e21492dacfbf7d0606afed26f903f87b3,0
850,reports/csv/real_phy_path_evidence.csv,validation/csv/real_phy_path_evidence.csv,55e7f3df216d74201756db304dc955389e0f4dcd64c85eec192b2340d86a8b58,55e7f3df216d74201756db304dc955389e0f4dcd64c85eec192b2340d86a8b58,0
851,reports/csv/reports_all_artifacts_v.csv,validation/csv/reports_all_artifacts_v.csv,79660858e6dcae36aa359c1de2b8f92325759b655166c4091ad135694addf610,79660858e6dcae36aa359c1de2b8f92325759b655166c4091ad135694addf610,0
852,reports/csv/reports_all_enums_v.csv,validation/csv/reports_all_enums_v.csv,5c415cad9522d244ad430eb1144b95b78fea980ae6b4fadbfb965e6dd4d607e2,5c415cad9522d244ad430eb1144b95b78fea980ae6b4fadbfb965e6dd4d607e2,0
853,reports/csv/reports_all_scalars_v.csv,validation/csv/reports_all_scalars_v.csv,70eb41a1aa3192189289384a542781071ad2181f09841cb3fc0f95c6fb3c1157,70eb41a1aa3192189289384a542781071ad2181f09841cb3fc0f95c6fb3c1157,0
854,reports/csv/reports_all_stage_exec_v.csv,validation/csv/reports_all_stage_exec_v.csv,cab62869ad4ee85f901a355f10405fadd8d7ea4b8205054cec0c4e440e638440,cab62869ad4ee85f901a355f10405fadd8d7ea4b8205054cec0c4e440e638440,0
855,reports/csv/reports_config_vs_measured_conflicts_v.csv,validation/csv/reports_config_vs_measured_conflicts_v.csv,687d0e390e293303bebd79a50def417b0d66ac2e635441d810742a3403314778,687d0e390e293303bebd79a50def417b0d66ac2e635441d810742a3403314778,0
856,reports/csv/reports_partial_or_missing_v.csv,validation/csv/reports_partial_or_missing_v.csv,b5432e4f08dd52c24b1672387ce9e5b326fb893fc6e6df15f9e90863bfc6fcf4,b5432e4f08dd52c24b1672387ce9e5b326fb893fc6e6df15f9e90863bfc6fcf4,0
857,reports/csv/reports_stage_lineage_v.csv,validation/csv/reports_stage_lineage_v.csv,7b67cf88918d6609bce0d0b4f0bf6b365c429ef1100a16ba0e92ad1e858b1045,7b67cf88918d6609bce0d0b4f0bf6b365c429ef1100a16ba0e92ad1e858b1045,0
858,reports/csv/reports_status_rollup_explanations_v.csv,validation/csv/reports_status_rollup_explanations_v.csv,b5432e4f08dd52c24b1672387ce9e5b326fb893fc6e6df15f9e90863bfc6fcf4,b5432e4f08dd52c24b1672387ce9e5b326fb893fc6e6df15f9e90863bfc6fcf4,0
859,reports/csv/reports_truth_violations_v.csv,validation/csv/reports_truth_violations_v.csv,b5432e4f08dd52c24b1672387ce9e5b326fb893fc6e6df15f9e90863bfc6fcf4,b5432e4f08dd52c24b1672387ce9e5b326fb893fc6e6df15f9e90863bfc6fcf4,0
860,reports/csv/reports_value_semantics_coverage_v.csv,validation/csv/reports_value_semantics_coverage_v.csv,5c415cad9522d244ad430eb1144b95b78fea980ae6b4fadbfb965e6dd4d607e2,5c415cad9522d244ad430eb1144b95b78fea980ae6b4fadbfb965e6dd4d607e2,0
861,reports/csv/resource_overhead_analytics_table.csv,validation/csv/resource_overhead_analytics_table.csv,c33fc53c689a0b3ffe273fd0a0105e65a2cd18c898adf0928e8eea1b5ed65d2f,c33fc53c689a0b3ffe273fd0a0105e65a2cd18c898adf0928e8eea1b5ed65d2f,0
862,reports/csv/result_issue_registry.csv,validation/csv/result_issue_registry.csv,d2752376944a3816b0660c22a79b18a35c29132bff564f6389c09cd8e0e57ba7,d2752376944a3816b0660c22a79b18a35c29132bff564f6389c09cd8e0e57ba7,0
863,reports/csv/result_issue_registry_evaluation.csv,validation/csv/result_issue_registry_evaluation.csv,0365a34b1e6eb5039735b050e6e209f0c85a8e285a29ce949cc5b5115e6e6ffb,0365a34b1e6eb5039735b050e6e209f0c85a8e285a29ce949cc5b5115e6e6ffb,0
864,reports/csv/result_status_summary.csv,validation/csv/result_status_summary.csv,1a09856999363fb91a79876c94db0c857b6403ab277811d1ddc9ee6258bf1d70,1a09856999363fb91a79876c94db0c857b6403ab277811d1ddc9ee6258bf1d70,0
865,reports/csv/run_classification.csv,validation/csv/run_classification.csv,7a9f71256f5f265a05c34f1dab3684b41b8a98e986ebe3b53ef0d4bcc2b07fbd,7a9f71256f5f265a05c34f1dab3684b41b8a98e986ebe3b53ef0d4bcc2b07fbd,0
866,reports/csv/run_metadata_outputs.csv,validation/csv/run_metadata_outputs.csv,0b540bfd4c3298099cb914bebd922530180c3f6a73e32b9baa8579e73801e75d,0b540bfd4c3298099cb914bebd922530180c3f6a73e32b9baa8579e73801e75d,0
867,reports/csv/run_state.csv,validation/csv/run_state.csv,c38740bd9e40e1a9ca73e9a17d587a69683e44a72e3d5ed6141bee98ed035fde,c38740bd9e40e1a9ca73e9a17d587a69683e44a72e3d5ed6141bee98ed035fde,0
868,reports/csv/runtime_call_graph.csv,validation/csv/runtime_call_graph.csv,de195195e2aede44100f835ace0f35a7db850d2ef07aadfaf47c32ddac6b31bf,de195195e2aede44100f835ace0f35a7db850d2ef07aadfaf47c32ddac6b31bf,0
869,reports/csv/runtime_call_ledger.csv,validation/csv/runtime_call_ledger.csv,09fa8d1c8ff393e6495783d96c08ca03a0085991f8aa4c970062611c4a7a8817,09fa8d1c8ff393e6495783d96c08ca03a0085991f8aa4c970062611c4a7a8817,0
870,reports/csv/runtime_checkpoint_counter_reconciliation.csv,validation/csv/runtime_checkpoint_counter_reconciliation.csv,6e14d50246281d63c7e53816a93d08be4f4feabec8ce55b61302439f62893e04,6e14d50246281d63c7e53816a93d08be4f4feabec8ce55b61302439f62893e04,0
871,reports/csv/runtime_config_application_evidence.csv,validation/csv/runtime_config_application_evidence.csv,77a9454c3ccba9f2ba12962f618103dc6b2545600baa9c579bb3141497d8b76a,77a9454c3ccba9f2ba12962f618103dc6b2545600baa9c579bb3141497d8b76a,0
872,reports/csv/runtime_issue_registry.csv,validation/csv/runtime_issue_registry.csv,5ce2ee5f0e7ddfa97ab2df53d76ed6ade3660d736ef198dfcae47212087f24f2,5ce2ee5f0e7ddfa97ab2df53d76ed6ade3660d736ef198dfcae47212087f24f2,0
873,reports/csv/runtime_operating_mode.csv,validation/csv/runtime_operating_mode.csv,9e2223deee9efc67ff5dfaddbd1ef4b66f517d0f75cc391d7cd2a28edf090893,9e2223deee9efc67ff5dfaddbd1ef4b66f517d0f75cc391d7cd2a28edf090893,0
874,reports/csv/runtime_stage_profile.csv,validation/csv/runtime_stage_profile.csv,48b1037d2c47123897763e1df91c1f8f0da7061355dd1d11f86ab5bb92c8af87,48b1037d2c47123897763e1df91c1f8f0da7061355dd1d11f86ab5bb92c8af87,0
875,reports/csv/runtime_value_source_dictionary.csv,validation/csv/runtime_value_source_dictionary.csv,ce8e04c981a0d6dcfac50c3a6093f00397a8340408430585ed0effd2e27ab7e3,ce8e04c981a0d6dcfac50c3a6093f00397a8340408430585ed0effd2e27ab7e3,0
876,reports/csv/scenario_consistency_check_table.csv,validation/csv/scenario_consistency_check_table.csv,4ea156a4346a627ade3bdb30d771ec9ac57a267a61a654bf6b01f50ac8263649,4ea156a4346a627ade3bdb30d771ec9ac57a267a61a654bf6b01f50ac8263649,0
877,reports/csv/scenario_objective_gates.csv,validation/csv/scenario_objective_gates.csv,b249b3d65d43b821259dba175d6e9d6cc9eca6e453b12be3107bddf04dca9581,b249b3d65d43b821259dba175d6e9d6cc9eca6e453b12be3107bddf04dca9581,0
878,meta/scenario_source_chain.csv,validation/csv/scenario_source_chain.csv,b61cbdd923ae24fe7d909e0c1a8b7460f4f748385d93c251bae4fa4a4293fad4,b61cbdd923ae24fe7d909e0c1a8b7460f4f748385d93c251bae4fa4a4293fad4,0
879,analytics/csv/schema_drift_analytics.csv,validation/csv/schema_drift_analytics.csv,f1b21e03efa6679aa9f702220a6cf0660249b498c0170261d831659a2b68757f,f1b21e03efa6679aa9f702220a6cf0660249b498c0170261d831659a2b68757f,0
880,reports/csv/sector_utilization_summary_table.csv,validation/csv/sector_utilization_summary_table.csv,86328365b828bc6f199358fd34ddd57d182bd52cb32192338cb0f787251e2d06,86328365b828bc6f199358fd34ddd57d182bd52cb32192338cb0f787251e2d06,0
881,reports/csv/sectors.csv,validation/csv/sectors.csv,a8b38334c6f1508bc2528ca403054087eb5fd8cf8287938b218350812475ad64,a8b38334c6f1508bc2528ca403054087eb5fd8cf8287938b218350812475ad64,0
882,reports/csv/serving_cell_population_table.csv,validation/csv/serving_cell_population_table.csv,353a2c219126df548daa0ce0287d6248bc472b295d18c5bdbd95ae56e013b511,353a2c219126df548daa0ce0287d6248bc472b295d18c5bdbd95ae56e013b511,0
883,reports/csv/sites.csv,validation/csv/sites.csv,6a31a7cab7d29b7cc6328999e1461a9aa63a4341cca572927000186cebb019ad,6a31a7cab7d29b7cc6328999e1461a9aa63a4341cca572927000186cebb019ad,0
884,reports/csv/slot_trace.csv,validation/csv/slot_trace.csv,2963046aebd659be14b084283a3e7f04e0fd8178217bb2c69ccd806c80b82dc8,2963046aebd659be14b084283a3e7f04e0fd8178217bb2c69ccd806c80b82dc8,0
885,reports/csv/standards_claim_audit.csv,validation/csv/standards_claim_audit.csv,4a0b20a8e581df59f8c7c7d3d08dba4dfbccefe6d45c76378a136ec7e96ce330,4a0b20a8e581df59f8c7c7d3d08dba4dfbccefe6d45c76378a136ec7e96ce330,0
886,reports/csv/statistical_qualification_gate.csv,validation/csv/statistical_qualification_gate.csv,bdcc4f57c22648ecdaa87bf8a95e19bcc56362c8bb1133f59998b6e60e23b168,bdcc4f57c22648ecdaa87bf8a95e19bcc56362c8bb1133f59998b6e60e23b168,0
887,reports/csv/strict_anchor_acceptance_report.csv,validation/csv/strict_anchor_acceptance_report.csv,22e794f5001ca03c1246a9a8dd2c69b387a0eae21a8f0b74363160ef58b8287c,22e794f5001ca03c1246a9a8dd2c69b387a0eae21a8f0b74363160ef58b8287c,0
888,reports/csv/summary_vs_raw_consistency.csv,validation/csv/summary_vs_raw_consistency.csv,d5edde9abdce337b8cf5554339ad4eac75f0c8a59548b5e8ff1b5f14d56bc01e,d5edde9abdce337b8cf5554339ad4eac75f0c8a59548b5e8ff1b5f14d56bc01e,0
889,reports/csv/table_dl_transport_block.csv,validation/csv/table_dl_transport_block.csv,53eff024786f8c69af6253f5e262f7e664d3276500c3e03696933a70f723f0d0,53eff024786f8c69af6253f5e262f7e664d3276500c3e03696933a70f723f0d0,0
890,reports/csv/table_field_availability_matrix.csv,validation/csv/table_field_availability_matrix.csv,0b019a8ded0a9f453246fc7e3d01a1c980ed2392ca24b0cfe0b91a57e14f3cbd,0b019a8ded0a9f453246fc7e3d01a1c980ed2392ca24b0cfe0b91a57e14f3cbd,0
891,reports/csv/table_gnb_cell.csv,validation/csv/table_gnb_cell.csv,3c435ccf687cd0202baa54475409e3d609884fab8f4ef625ea0fef6123ef153a,3c435ccf687cd0202baa54475409e3d609884fab8f4ef625ea0fef6123ef153a,0
892,reports/csv/table_link_budget.csv,validation/csv/table_link_budget.csv,71adfc27fe419fbc1e218f0eccb7404320e3e3a64c6946cc90a8cf3686a82faf,71adfc27fe419fbc1e218f0eccb7404320e3e3a64c6946cc90a8cf3686a82faf,0
893,reports/csv/table_mcs_tbs_evolution.csv,validation/csv/table_mcs_tbs_evolution.csv,9237aaf560e8ac8a2872610df55ae2a5b51634c09e953eb6679a31ce7cabfc3b,9237aaf560e8ac8a2872610df55ae2a5b51634c09e953eb6679a31ce7cabfc3b,0
894,reports/csv/table_scenario_topology.csv,validation/csv/table_scenario_topology.csv,99df4a859b66b3a9d70597a8db073d714601ad1acba6fac704f3733e568e8caf,99df4a859b66b3a9d70597a8db073d714601ad1acba6fac704f3733e568e8caf,0
895,reports/csv/table_ul_transport_block.csv,validation/csv/table_ul_transport_block.csv,e07696a8275cd546954533c73ca56e26448f90b1b37fa4c2afcaed73a84db71d,e07696a8275cd546954533c73ca56e26448f90b1b37fa4c2afcaed73a84db71d,0
896,reports/csv/throughput_reconciliation.csv,validation/csv/throughput_reconciliation.csv,b2c5aeaa2716f7fa8b298f998e73716e90c63050d5c5f04377a64859c5efb598,b2c5aeaa2716f7fa8b298f998e73716e90c63050d5c5f04377a64859c5efb598,0
897,reports/csv/timing_offset_reconciliation.csv,validation/csv/timing_offset_reconciliation.csv,f3bc0ec2932412030e0e31c746a0aabfe0fd4a7ff72c6f661236820c0aaa1677,f3bc0ec2932412030e0e31c746a0aabfe0fd4a7ff72c6f661236820c0aaa1677,0
898,reports/csv/timing_positioning_runtime_evidence.csv,validation/csv/timing_positioning_runtime_evidence.csv,a2d96b66c822ca02ca17d20a5878c59e9875af830c67d193f451ace65771f1e7,a2d96b66c822ca02ca17d20a5878c59e9875af830c67d193f451ace65771f1e7,0
899,reports/csv/measurements/timing_synchronization_measurements.csv,validation/csv/timing_synchronization_measurements.csv,93d3e4c6f655f9f8bd758d8ca2ac8c569b56d180083cce4b0d4b21b1a96c28b1,93d3e4c6f655f9f8bd758d8ca2ac8c569b56d180083cce4b0d4b21b1a96c28b1,0
900,reports/csv/provenance_sidecars/timing_synchronization_provenance.csv,validation/csv/timing_synchronization_provenance.csv,261e4d2f41461a5edbfb63abf797b649c6badcbe2f4c280860b51e9142a43987,261e4d2f41461a5edbfb63abf797b649c6badcbe2f4c280860b51e9142a43987,0
901,reports/csv/tod_toa_trace.csv,validation/csv/tod_toa_trace.csv,011fad6428c1199038a8bad6bbeb53df05119601d5e6c50252a7b8f9b9ff2ca0,011fad6428c1199038a8bad6bbeb53df05119601d5e6c50252a7b8f9b9ff2ca0,0
902,reports/csv/topology_density_table.csv,validation/csv/topology_density_table.csv,6369991bf79b68b0aa63ea1e4af9beec044de4dd1f3730903f41903bab540b1d,6369991bf79b68b0aa63ea1e4af9beec044de4dd1f3730903f41903bab540b1d,0
903,reports/csv/tped90d1dc_566c_4193_ac57_62d3994c5af9.csv,validation/csv/tped90d1dc_566c_4193_ac57_62d3994c5af9.csv,0f70e92281ece531a1dfe0c8c58e7ed55cb2ee9a780ca0816b415e7f021181aa,0f70e92281ece531a1dfe0c8c58e7ed55cb2ee9a780ca0816b415e7f021181aa,0
904,reports/csv/trps.csv,validation/csv/trps.csv,6159eca1af1abc240675138c5e6e5d40265234d7e041db4eed035970fc4beb39,6159eca1af1abc240675138c5e6e5d40265234d7e041db4eed035970fc4beb39,0
905,reports/csv/truth_contract_failures.csv,validation/csv/truth_contract_failures.csv,2f393dbc196cc9e56d647007ac979d86261e431d40679b3e56018726a0ea8071,2f393dbc196cc9e56d647007ac979d86261e431d40679b3e56018726a0ea8071,0
906,reports/csv/truth_contract_summary.csv,validation/csv/truth_contract_summary.csv,df6af1c901c02de69b990b78f55f7a06951b46ce17d17df9c76ae271261b38c7,df6af1c901c02de69b990b78f55f7a06951b46ce17d17df9c76ae271261b38c7,0
907,analytics/csv/truth_policy_analytics.csv,validation/csv/truth_policy_analytics.csv,340e5cbfbb0830d832d5d44f39b90320d3f23f6ad746eda6939eabba1a366f48,340e5cbfbb0830d832d5d44f39b90320d3f23f6ad746eda6939eabba1a366f48,0
908,reports/csv/truth_primary_artifact_scan.csv,validation/csv/truth_primary_artifact_scan.csv,eec26cf4b59fd05641e3d6148fd56b5886004f64e64e8b771bc8d0da1cb00a5b,eec26cf4b59fd05641e3d6148fd56b5886004f64e64e8b771bc8d0da1cb00a5b,0
909,reports/csv/two_mode_acceptance_gates.csv,validation/csv/two_mode_acceptance_gates.csv,f111a75f8b79e47cfc5546d4a7afbd81008f0c0115169b96fb90ac1d2ae13d57,f111a75f8b79e47cfc5546d4a7afbd81008f0c0115169b96fb90ac1d2ae13d57,0
910,reports/csv/ues.csv,validation/csv/ues.csv,615d775f0d817c86aeac3af300646d17fec5abae7146b4f5058df5782efcff6f,615d775f0d817c86aeac3af300646d17fec5abae7146b4f5058df5782efcff6f,0
911,reports/csv/ui_feature_filter_audit.csv,validation/csv/ui_feature_filter_audit.csv,7f0c655a4faa878eab2aba67aeb2444736560897b84d7a4615ae6e2f084e2d5f,7f0c655a4faa878eab2aba67aeb2444736560897b84d7a4615ae6e2f084e2d5f,0
912,reports/csv/unavailable_plot_card_registry.csv,validation/csv/unavailable_plot_card_registry.csv,ac158b4c8af3962d552485e9aced11c576c6eb77e0ae4761c13dc17ada367d74,ac158b4c8af3962d552485e9aced11c576c6eb77e0ae4761c13dc17ada367d74,0
913,reports/csv/validation_messages.csv,validation/csv/validation_messages.csv,30920aa5ef8c2ea0df142fa15cad938de2c3d2845c874fb4b27d29b6df697844,30920aa5ef8c2ea0df142fa15cad938de2c3d2845c874fb4b27d29b6df697844,0
914,reports/csv/value_source_audit.csv,validation/csv/value_source_audit.csv,a55169a51f34a1deefb886084d6a15ca10ed829d72bf46d5152a1504e96bd4d1,a55169a51f34a1deefb886084d6a15ca10ed829d72bf46d5152a1504e96bd4d1,0
915,reports/csv/visual_artifact_audit.csv,validation/csv/visual_artifact_audit.csv,ff30d6745ddb367938c20aa077afdc6440c1e827628d562f6c690c7e1b5bc92f,ff30d6745ddb367938c20aa077afdc6440c1e827628d562f6c690c7e1b5bc92f,0
916,reports/csv/visual_artifact_integrity.csv,validation/csv/visual_artifact_integrity.csv,a6b061bca1507e77d73406acb1f3ebc62988ff0553620a1c60943149747520de,a6b061bca1507e77d73406acb1f3ebc62988ff0553620a1c60943149747520de,0
917,analytics/image/contract__detection-control-analytics__control-decode-success-failure-tables.png,validation/image/contract__detection-control-analytics__control-decode-success-failure-tables.png,3f65e9383dbb5abe99f9421c44d6c95f747b25a643db6ed61281dac4ae671b5f,3f65e9383dbb5abe99f9421c44d6c95f747b25a643db6ed61281dac4ae671b5f,0
918,analytics/image/contract__detection-control-analytics__far.png,validation/image/contract__detection-control-analytics__far.png,1027a6a6bddad620fd40fe290186518bd49d4c776000896dc45d9baf845436f3,1027a6a6bddad620fd40fe290186518bd49d4c776000896dc45d9baf845436f3,0
919,analytics/image/contract__detection-control-analytics__p-d.png,validation/image/contract__detection-control-analytics__p-d.png,99aacc613bb970a02dec28c8378f6748a0060aff96d7c20696a86e8204bb0f0d,99aacc613bb970a02dec28c8378f6748a0060aff96d7c20696a86e8204bb0f0d,0
920,analytics/image/contract__detection-control-analytics__p-fa.png,validation/image/contract__detection-control-analytics__p-fa.png,e47531c88268d251d7702edce1e68f480dd8b2b35f48fd2dab8b9e79ed736e7b,e47531c88268d251d7702edce1e68f480dd8b2b35f48fd2dab8b9e79ed736e7b,0
921,analytics/image/contract__detection-control-analytics__p-md.png,validation/image/contract__detection-control-analytics__p-md.png,b3708d3b0666bb395ee9933a73ea8a85958b8a0ee4d3fe8f1595b942747e42fd,b3708d3b0666bb395ee9933a73ea8a85958b8a0ee4d3fe8f1595b942747e42fd,0
922,analytics/image/contract__error-reliability-analytics__ber-vs-snr.png,validation/image/contract__error-reliability-analytics__ber-vs-snr.png,707598adec710077e30b2b83c3b508008b78cbdcb2e84c7eb23a529c58766c0d,707598adec710077e30b2b83c3b508008b78cbdcb2e84c7eb23a529c58766c0d,0
923,analytics/image/contract__error-reliability-analytics__ber.png,validation/image/contract__error-reliability-analytics__ber.png,9e9ac63f99102fccb1c4c4e5eaffa79a98c401de9d1c6ea12dac9515bff08b35,9e9ac63f99102fccb1c4c4e5eaffa79a98c401de9d1c6ea12dac9515bff08b35,0
924,analytics/image/contract__error-reliability-analytics__bler-vs-mcs.png,validation/image/contract__error-reliability-analytics__bler-vs-mcs.png,55458201479d3a1ac20ba9c4eb2186a8aa47017fe9ccf8f0ff2ccfd16870e6ea,55458201479d3a1ac20ba9c4eb2186a8aa47017fe9ccf8f0ff2ccfd16870e6ea,0
925,analytics/image/contract__error-reliability-analytics__bler-vs-sinr.png,validation/image/contract__error-reliability-analytics__bler-vs-sinr.png,601190a60b73c7863d255aa58a7d92d301fb93e7ea7ec29e82171579adb783c7,601190a60b73c7863d255aa58a7d92d301fb93e7ea7ec29e82171579adb783c7,0
926,analytics/image/contract__error-reliability-analytics__bler-vs-snr.png,validation/image/contract__error-reliability-analytics__bler-vs-snr.png,acabb5be87602110eda86379b35bf6b5f91383b59111d37c4eb17b8fe7bf012a,acabb5be87602110eda86379b35bf6b5f91383b59111d37c4eb17b8fe7bf012a,0
927,analytics/image/contract__error-reliability-analytics__bler.png,validation/image/contract__error-reliability-analytics__bler.png,20b6f52cd706129277456b073647085015454154e04dc572b27f2aaf5ef3b03e,20b6f52cd706129277456b073647085015454154e04dc572b27f2aaf5ef3b03e,0
928,analytics/image/contract__error-reliability-analytics__cbg-error-rates.png,validation/image/contract__error-reliability-analytics__cbg-error-rates.png,d099206f1250d80bf299fd263ab703eb8a2ba4503fb31ddcfb97c56006d6c573,d099206f1250d80bf299fd263ab703eb8a2ba4503fb31ddcfb97c56006d6c573,0
929,analytics/image/contract__error-reliability-analytics__code-block-error-rates.png,validation/image/contract__error-reliability-analytics__code-block-error-rates.png,e5d8d25abab56299e73139b255c48207756c26061db587ec9727f30ebb9a0ce1,e5d8d25abab56299e73139b255c48207756c26061db587ec9727f30ebb9a0ce1,0
930,analytics/image/contract__error-reliability-analytics__crc-pass-fail-rates.png,validation/image/contract__error-reliability-analytics__crc-pass-fail-rates.png,5c422423bffeb7b01f3598677ee2a5eea24dd64af752c7726563e9addd5e4cf3,5c422423bffeb7b01f3598677ee2a5eea24dd64af752c7726563e9addd5e4cf3,0
931,analytics/image/contract__error-reliability-analytics__decoder-iteration-distributions.png,validation/image/contract__error-reliability-analytics__decoder-iteration-distributions.png,49860fecacb2228f2e55f62d3db924b5378768297e96405a44f7f246d3285487,49860fecacb2228f2e55f62d3db924b5378768297e96405a44f7f246d3285487,0
932,analytics/image/contract__error-reliability-analytics__fer-vs-snr.png,validation/image/contract__error-reliability-analytics__fer-vs-snr.png,41a3cf2c09b5a247c81bed5559c3eda706feedf73ef38fde4930183d769b533e,41a3cf2c09b5a247c81bed5559c3eda706feedf73ef38fde4930183d769b533e,0
933,analytics/image/contract__error-reliability-analytics__fer.png,validation/image/contract__error-reliability-analytics__fer.png,c0220204bc0df32be11b22dfc186ae82e78635c0ddaffab0e5a033cade8883cd,c0220204bc0df32be11b22dfc186ae82e78635c0ddaffab0e5a033cade8883cd,0
934,analytics/image/contract__error-reliability-analytics__per-ue-and-per-cell-reliability.png,validation/image/contract__error-reliability-analytics__per-ue-and-per-cell-reliability.png,907dacec8b352d584b80fd696f4f3f0caac732edfbce8215ea9065965066ca20,907dacec8b352d584b80fd696f4f3f0caac732edfbce8215ea9065965066ca20,0
935,analytics/image/contract__export-consistency-truth-analytics__assumption-usage-summaries.png,validation/image/contract__export-consistency-truth-analytics__assumption-usage-summaries.png,5c31ecec696b81f9f5333c9a2948226cb3161626b3e5aa2ac2b09eaa0370e57d,5c31ecec696b81f9f5333c9a2948226cb3161626b3e5aa2ac2b09eaa0370e57d,0
936,analytics/image/contract__export-consistency-truth-analytics__config-drift.png,validation/image/contract__export-consistency-truth-analytics__config-drift.png,5a172a48594852b2621cd4b6eab117cdf97a5f974ba474e861a58793b1bce4af,5a172a48594852b2621cd4b6eab117cdf97a5f974ba474e861a58793b1bce4af,0
937,analytics/image/contract__export-consistency-truth-analytics__csv-vs-db-consistency.png,validation/image/contract__export-consistency-truth-analytics__csv-vs-db-consistency.png,d10e5087a95b9631c0a1e322ed5a0df332ba00785745dd5e0ff6fdd64610993d,d10e5087a95b9631c0a1e322ed5a0df332ba00785745dd5e0ff6fdd64610993d,0
938,analytics/image/contract__export-consistency-truth-analytics__db-vs-browser-consistency.png,validation/image/contract__export-consistency-truth-analytics__db-vs-browser-consistency.png,9fc26fa20ed52809cfd6da0844698c14645a4ad82758a645703dd9bfed4cb9a8,9fc26fa20ed52809cfd6da0844698c14645a4ad82758a645703dd9bfed4cb9a8,0
939,analytics/image/contract__export-consistency-truth-analytics__fallback-event-summaries.png,validation/image/contract__export-consistency-truth-analytics__fallback-event-summaries.png,4cc902be0f84074bd6089b4343b5ae162e0b93eb9d96052803dc7f2e403a524e,4cc902be0f84074bd6089b4343b5ae162e0b93eb9d96052803dc7f2e403a524e,0
940,analytics/image/contract__export-consistency-truth-analytics__missing-field-audits.png,validation/image/contract__export-consistency-truth-analytics__missing-field-audits.png,a3100a33407fad1726fca4ef98f14f4db8a0909cf9d0b30827e421ce2d802167,a3100a33407fad1726fca4ef98f14f4db8a0909cf9d0b30827e421ce2d802167,0
941,analytics/image/contract__export-consistency-truth-analytics__placeholder-exposure-checks.png,validation/image/contract__export-consistency-truth-analytics__placeholder-exposure-checks.png,8c1741fcbd3042794def643643dca2326a47c88dd0cf0bbdb62fddb55d334f2a,8c1741fcbd3042794def643643dca2326a47c88dd0cf0bbdb62fddb55d334f2a,0
942,analytics/image/contract__export-consistency-truth-analytics__run-status-truth-checks.png,validation/image/contract__export-consistency-truth-analytics__run-status-truth-checks.png,99214eb662164e69f0fd1cc6bdcd8d29b842beecf11c9bb101143b2df2cc13de,99214eb662164e69f0fd1cc6bdcd8d29b842beecf11c9bb101143b2df2cc13de,0
943,analytics/image/contract__export-consistency-truth-analytics__schema-drift.png,validation/image/contract__export-consistency-truth-analytics__schema-drift.png,2a8d595effe54d4c67a359422550631beaedd665db3bee04a59d2ddd806515cf,2a8d595effe54d4c67a359422550631beaedd665db3bee04a59d2ddd806515cf,0
944,analytics/image/contract__export-consistency-truth-analytics__smoke-exposure-checks.png,validation/image/contract__export-consistency-truth-analytics__smoke-exposure-checks.png,5a08e8426eb173b144e044dff0d67afdf9861240f1c1ac953f6d80493bb39b55,5a08e8426eb173b144e044dff0d67afdf9861240f1c1ac953f6d80493bb39b55,0
945,analytics/image/contract__export-consistency-truth-analytics__source-row-count-vs-analytics-row-count.png,validation/image/contract__export-consistency-truth-analytics__source-row-count-vs-analytics-row-count.png,3f8f6b16826a2ebb8e19a1651527242cf5babded182866cb75c203f1d63bd7fa,3f8f6b16826a2ebb8e19a1651527242cf5babded182866cb75c203f1d63bd7fa,0
946,analytics/image/contract__export-consistency-truth-analytics__summary-vs-raw-contradiction-checks.png,validation/image/contract__export-consistency-truth-analytics__summary-vs-raw-contradiction-checks.png,38a0c1eac5dfbcc2d48f4429d99cb887a8ea98c968649f3dae3f8489c70131a0,38a0c1eac5dfbcc2d48f4429d99cb887a8ea98c968649f3dae3f8489c70131a0,0
947,analytics/image/contract__export-consistency-truth-analytics__truth-policy-violation-counts.png,validation/image/contract__export-consistency-truth-analytics__truth-policy-violation-counts.png,1270b47afd01aa997f481b52ce37a19750c61778d87dc66c5534a23f9b3c1d4e,1270b47afd01aa997f481b52ce37a19750c61778d87dc66c5534a23f9b3c1d4e,0
948,reports/image/contract__fixed-snr-sinr-sweep-validation__dl-ber-vs-snr.png,validation/image/contract__fixed-snr-sinr-sweep-validation__dl-ber-vs-snr.png,28e1a3fb1bd5fcf24ce9563cf3fa9afd67a600f36b005768135d8b04f63b9da8,28e1a3fb1bd5fcf24ce9563cf3fa9afd67a600f36b005768135d8b04f63b9da8,0
949,reports/image/contract__fixed-snr-sinr-sweep-validation__dl-bler-vs-snr.png,validation/image/contract__fixed-snr-sinr-sweep-validation__dl-bler-vs-snr.png,a383d99ee3f4040af8123e1af97028b132affe671385e625c0c0258d16036a84,a383d99ee3f4040af8123e1af97028b132affe671385e625c0c0258d16036a84,0
950,reports/image/contract__fixed-snr-sinr-sweep-validation__measured-sinr-vs-configured-snr.png,validation/image/contract__fixed-snr-sinr-sweep-validation__measured-sinr-vs-configured-snr.png,81ac7b382b934d0e0fd3956badb4bc7ac37fe555b52decfb943eb6364c811212,81ac7b382b934d0e0fd3956badb4bc7ac37fe555b52decfb943eb6364c811212,0
951,reports/image/contract__fixed-snr-sinr-sweep-validation__ul-ber-vs-snr.png,validation/image/contract__fixed-snr-sinr-sweep-validation__ul-ber-vs-snr.png,0079f43601bc1b896b960d1f7ee11d0e060dc8c9400185c8e8f60a3156321dce,0079f43601bc1b896b960d1f7ee11d0e060dc8c9400185c8e8f60a3156321dce,0
952,reports/image/contract__fixed-snr-sinr-sweep-validation__ul-bler-vs-snr.png,validation/image/contract__fixed-snr-sinr-sweep-validation__ul-bler-vs-snr.png,d46263c9f4dffca2de6fa42503d21dff84a754d46d191707fb0a65451e41ef89,d46263c9f4dffca2de6fa42503d21dff84a754d46d191707fb0a65451e41ef89,0
953,reports/image/contract__generic-investigator-views__config-vs-measured-conflict-dashboard.png,validation/image/contract__generic-investigator-views__config-vs-measured-conflict-dashboard.png,90420d46c0ece25c643e674c4b991b057b869fa80ff4e7497c6831f7f6e80ae2,90420d46c0ece25c643e674c4b991b057b869fa80ff4e7497c6831f7f6e80ae2,0
954,reports/image/contract__generic-investigator-views__investigator-stage-lineage-graph.png,validation/image/contract__generic-investigator-views__investigator-stage-lineage-graph.png,40abbd547041daa55751693390d5d06695dc025c1a3fca68f5921bd157bd2118,40abbd547041daa55751693390d5d06695dc025c1a3fca68f5921bd157bd2118,0
955,reports/image/contract__generic-investigator-views__partial-or-missing-data-dashboard.png,validation/image/contract__generic-investigator-views__partial-or-missing-data-dashboard.png,4937afe3bc864ad2370265357a34adfcfa987ac4b2c1e080354ad175ba981c0f,4937afe3bc864ad2370265357a34adfcfa987ac4b2c1e080354ad175ba981c0f,0
956,reports/image/contract__generic-investigator-views__truth-violation-rollup.png,validation/image/contract__generic-investigator-views__truth-violation-rollup.png,69086260d46bcab526297dd4104a856afe094da04b046c5325c0b9defaecfa03,69086260d46bcab526297dd4104a856afe094da04b046c5325c0b9defaecfa03,0
957,reports/image/contract__generic-investigator-views__value-semantics-coverage-chart.png,validation/image/contract__generic-investigator-views__value-semantics-coverage-chart.png,3eb7a75965b533b2759cbdd6b965c08fc00539437c223414e9adbc11b2a2365c,3eb7a75965b533b2759cbdd6b965c08fc00539437c223414e9adbc11b2a2365c,0
958,reports/image/contract__gnb-side-state-thread-coordinator-phy-mac-api__per-cell-context-health-timeline.png,validation/image/contract__gnb-side-state-thread-coordinator-phy-mac-api__per-cell-context-health-timeline.png,db08e7ab70f40856acae107686e3284e4f25ad86e64565ead60e2bb6d97c6c21,db08e7ab70f40856acae107686e3284e4f25ad86e64565ead60e2bb6d97c6c21,0
959,reports/image/contract__persistence-export-consistency-browser-health__consistency-failure-trend.png,validation/image/contract__persistence-export-consistency-browser-health__consistency-failure-trend.png,76fb5df9c8950342bb0e1d8f16ff781f14ef3b692a0eb738293fac58d215287e,76fb5df9c8950342bb0e1d8f16ff781f14ef3b692a0eb738293fac58d215287e,0
960,reports/image/contract__persistence-export-consistency-browser-health__duplicate-write-count-trend.png,validation/image/contract__persistence-export-consistency-browser-health__duplicate-write-count-trend.png,2f3626d33639dfe483517d9a34660ddeef5224a85c9eb3f907b11859cec02472,2f3626d33639dfe483517d9a34660ddeef5224a85c9eb3f907b11859cec02472,0
961,reports/image/contract__run-trial-scenario-overview__error-warning-fallback-stacked-time-series.png,validation/image/contract__run-trial-scenario-overview__error-warning-fallback-stacked-time-series.png,3e658949bb8a0c65362af892b457544542fee106c28d14aabf3c949a84488c09,3e658949bb8a0c65362af892b457544542fee106c28d14aabf3c949a84488c09,0
962,reports/image/contract__run-trial-scenario-overview__required-vs-failed-case-bar-chart.png,validation/image/contract__run-trial-scenario-overview__required-vs-failed-case-bar-chart.png,b352d08c95234a8e7dd3cc39858ee2cd009896e548a01bb471d6c4d6b64b95ca,b352d08c95234a8e7dd3cc39858ee2cd009896e548a01bb471d6c4d6b64b95ca,0
963,reports/image/contract__run-trial-scenario-overview__run-health-timeline.png,validation/image/contract__run-trial-scenario-overview__run-health-timeline.png,5c1645fb50173c6ce24dca584d5655fca345d7202af69e82891e945d67ee28b1,5c1645fb50173c6ce24dca584d5655fca345d7202af69e82891e945d67ee28b1,0
964,reports/image/contract__run-trial-scenario-overview__truth-policy-violations-by-category.png,validation/image/contract__run-trial-scenario-overview__truth-policy-violations-by-category.png,b7b60a62d709725994b9d87ac470510731954b94cb8efbe4e957c675f45db417,b7b60a62d709725994b9d87ac470510731954b94cb8efbe4e957c675f45db417,0
965,analytics/image/contract__runtime-compute-complexity-parallelism-analytics__decoder-complexity-units.png,validation/image/contract__runtime-compute-complexity-parallelism-analytics__decoder-complexity-units.png,c5da2c24b102ffe374045e55ab0d69fb664f88c34ede467c4986fe6750f61ab4,c5da2c24b102ffe374045e55ab0d69fb664f88c34ede467c4986fe6750f61ab4,0
966,analytics/image/contract__runtime-compute-complexity-parallelism-analytics__dropped-row-duplicate-write-analytics.png,validation/image/contract__runtime-compute-complexity-parallelism-analytics__dropped-row-duplicate-write-analytics.png,81cb53e44bd986593e7e4a99038334af36313ac1878aba8af40e8ab2ad7ed5a2,81cb53e44bd986593e7e4a99038334af36313ac1878aba8af40e8ab2ad7ed5a2,0
967,analytics/image/contract__runtime-compute-complexity-parallelism-analytics__normalized-decoder-complexity.png,validation/image/contract__runtime-compute-complexity-parallelism-analytics__normalized-decoder-complexity.png,577566a2f08900707c4ce0aaf528b0bea332a07802e6bc6d98f1e45b4ffc9f36,577566a2f08900707c4ce0aaf528b0bea332a07802e6bc6d98f1e45b4ffc9f36,0
968,reports/image/contract__ue-side-state-ue-power-ue-control__drx-state-timeline.png,validation/image/contract__ue-side-state-ue-power-ue-control__drx-state-timeline.png,5a25ec6f6c52eaa91e5aa1092aa85fa362d85614b1f143d7672a35f633f7be9b,5a25ec6f6c52eaa91e5aa1092aa85fa362d85614b1f143d7672a35f633f7be9b,0
969,reports/image/contract__ue-side-state-ue-power-ue-control__ue-control-report-timeline.png,validation/image/contract__ue-side-state-ue-power-ue-control__ue-control-report-timeline.png,702b5c4d8f22a0d1d4ce523aa8b093ac0a8ea1ab2c817275a2e2a87851f1a9ea,702b5c4d8f22a0d1d4ce523aa8b093ac0a8ea1ab2c817275a2e2a87851f1a9ea,0
970,reports/image/contract__ue-side-state-ue-power-ue-control__ue-energy-proxy-timeline.png,validation/image/contract__ue-side-state-ue-power-ue-control__ue-energy-proxy-timeline.png,60ded5ec0959d046b931824faab3d689b2a303e6d0045e3e1f8c411166a6680c,60ded5ec0959d046b931824faab3d689b2a303e6d0045e3e1f8c411166a6680c,0
971,reports/image/contract__ue-side-state-ue-power-ue-control__ue-tx-power-timeline.png,validation/image/contract__ue-side-state-ue-power-ue-control__ue-tx-power-timeline.png,ae4e587b64e55ce5fb76d9816bb4cdd834475acde242468c2d89b91a45ea1b6f,ae4e587b64e55ce5fb76d9816bb4cdd834475acde242468c2d89b91a45ea1b6f,0
972,reports/json/active_issue_gate_summary.json,validation/json/active_issue_gate_summary.json,2ecf478d3fe13771a365d3facf8842e7c3eb8043b5c9a0d031c19e70e3b57b1e,2ecf478d3fe13771a365d3facf8842e7c3eb8043b5c9a0d031c19e70e3b57b1e,0
973,reports/csv/anomaly_window_table.json,validation/json/anomaly_window_table.json,378aae1fb1bd0ceab260f9f8933a8a67e01c074868d73bc4b1c6b70c4c5f4d28,378aae1fb1bd0ceab260f9f8933a8a67e01c074868d73bc4b1c6b70c4c5f4d28,0
974,reports/csv/anomaly_window_table.json_policy.json,validation/json/anomaly_window_table.json_policy.json,8193769258d453bd6b19772f785d887fa9d42cdc40f19b3d45a8577116bfde1c,8193769258d453bd6b19772f785d887fa9d42cdc40f19b3d45a8577116bfde1c,0
975,reports/csv/api_exposure_audit_table.json,validation/json/api_exposure_audit_table.json,d4ddc1193247c4d8478eec9d81d23d8710bd85833f8f338a83309b71f344f8fd,d4ddc1193247c4d8478eec9d81d23d8710bd85833f8f338a83309b71f344f8fd,0
976,reports/csv/api_exposure_audit_table.json_policy.json,validation/json/api_exposure_audit_table.json_policy.json,a6644cf582c19ffdb8002a0493c296d5d18d73c57cae2dc445b20c45965218f2,a6644cf582c19ffdb8002a0493c296d5d18d73c57cae2dc445b20c45965218f2,0
977,artifact_generation/artifact_contract_finalization_status.json,validation/json/artifact_contract_finalization_status.json,1a114e17774289c6b4b5a7ff6f3824cf4dd2af25957f05c829ded98cbb988fb6,1a114e17774289c6b4b5a7ff6f3824cf4dd2af25957f05c829ded98cbb988fb6,0
978,reports/csv/artifact_inventory.json,validation/json/artifact_inventory.json,52a71fe9fa7bb38a879ecf83b8b60bdd54a260e89b996e44f2829e6b13d75db9,52a71fe9fa7bb38a879ecf83b8b60bdd54a260e89b996e44f2829e6b13d75db9,0
979,reports/csv/artifact_inventory.json_policy.json,validation/json/artifact_inventory.json_policy.json,f9c43051d02a36df3d980e2a6ed9b50b3a77101bbf282f1b1e93a4ef52e161d4,f9c43051d02a36df3d980e2a6ed9b50b3a77101bbf282f1b1e93a4ef52e161d4,0
980,finalization/attempt_001/attempt_manifest.json,validation/json/attempt_manifest.json,b610264b7548609e2d7fb38fcb9a9295a7b7c7a380aa23e4dfda8dad387085d0,b610264b7548609e2d7fb38fcb9a9295a7b7c7a380aa23e4dfda8dad387085d0,0
981,finalization/attempt_002/attempt_manifest.json,validation/json/attempt_manifest__0e2e7c13d808.json,0e2e7c13d808c469b4cd6a4c474cd4a3e52ab1ed143812d731f8c473e9ba775f,0e2e7c13d808c469b4cd6a4c474cd4a3e52ab1ed143812d731f8c473e9ba775f,0
982,finalization/attempt_003/attempt_manifest.json,validation/json/attempt_manifest__a272a8327074.json,a272a8327074357871edfefd352fafa0688dfdd252278b65ce77c283296144aa,a272a8327074357871edfefd352fafa0688dfdd252278b65ce77c283296144aa,0
983,finalization/attempt_004/attempt_manifest.json,validation/json/attempt_manifest__dfd8212edd83.json,dfd8212edd83ce1edf2c58c0c08470f2a6b08005e99b8f02033c95e18cae9964,dfd8212edd83ce1edf2c58c0c08470f2a6b08005e99b8f02033c95e18cae9964,0
984,reports/csv/chart_source_registry.json,validation/json/chart_source_registry.json,7eb7b767b6c268c997e5a5897cae012c7a4a7feca4ab9a6ff6c4c13b2db46caa,7eb7b767b6c268c997e5a5897cae012c7a4a7feca4ab9a6ff6c4c13b2db46caa,0
985,reports/csv/chart_source_registry.json_policy.json,validation/json/chart_source_registry.json_policy.json,f3b1e5f70a8438934ef78ddefa209f9a0c816cd71327c84735561983c057747e,f3b1e5f70a8438934ef78ddefa209f9a0c816cd71327c84735561983c057747e,0
986,reports/csv/compare_run_prerequisites.json,validation/json/compare_run_prerequisites.json,fa0d05d3a835f877ee1665e56fa1bd3f6547bd357d445b5341a7c7ef85722fc6,fa0d05d3a835f877ee1665e56fa1bd3f6547bd357d445b5341a7c7ef85722fc6,0
987,reports/csv/compare_run_prerequisites.json_policy.json,validation/json/compare_run_prerequisites.json_policy.json,52c1edf720d458263fd5796df6edfd9864b6596db8b7c21e6fc0fbfb69fd8c22,52c1edf720d458263fd5796df6edfd9864b6596db8b7c21e6fc0fbfb69fd8c22,0
988,reports/json/configured_effective_operating_point_summary.json,validation/json/configured_effective_operating_point_summary.json,621c445ee943fe043182982aa19b59875ff11b3401a50d428cbbaca0fd920ce5,621c445ee943fe043182982aa19b59875ff11b3401a50d428cbbaca0fd920ce5,0
989,reports/json/conformance_matrix_runtime_audit.json,validation/json/conformance_matrix_runtime_audit.json,d603414c5cabcd3a2fe0c01d189e001f03b68a19a88a1ffac2504cab7dba534b,d603414c5cabcd3a2fe0c01d189e001f03b68a19a88a1ffac2504cab7dba534b,0
990,reports/csv/control_overhead_analytics_table.json,validation/json/control_overhead_analytics_table.json,8a29c0c90a3d86ace184c2cb9583232c3d0ce456f061567cebab31973b3743cc,8a29c0c90a3d86ace184c2cb9583232c3d0ce456f061567cebab31973b3743cc,0
991,reports/csv/control_overhead_analytics_table.json_policy.json,validation/json/control_overhead_analytics_table.json_policy.json,6273100f90bf9439ba64f57b32dde0cbcf67610849bf4e92b68d112cff6b896e,6273100f90bf9439ba64f57b32dde0cbcf67610849bf4e92b68d112cff6b896e,0
992,reports/csv/cross_layer_correlation_table.json,validation/json/cross_layer_correlation_table.json,fac966e36b37251d2042d19268f2c1db608a705d399b1b645dc4b0332092e644,fac966e36b37251d2042d19268f2c1db608a705d399b1b645dc4b0332092e644,0
993,reports/csv/cross_layer_correlation_table.json_policy.json,validation/json/cross_layer_correlation_table.json_policy.json,ec0165e1dcd4d8023f1e4d05116eac8f68334cf8f70bf8a8fe251efa6e916ec8,ec0165e1dcd4d8023f1e4d05116eac8f68334cf8f70bf8a8fe251efa6e916ec8,0
994,reports/csv/csi_report_table.json,validation/json/csi_report_table.json,42bfd820f49a95d37d5fdefc33f5c817543f85d68cf2b290740a55a46ba4ad06,42bfd820f49a95d37d5fdefc33f5c817543f85d68cf2b290740a55a46ba4ad06,0
995,reports/csv/csi_report_table.json_policy.json,validation/json/csi_report_table.json_policy.json,d3c4548997af6fddb8b57cd83447f453dfe1fd6c4759e188e568dbfc6ed2e25f,d3c4548997af6fddb8b57cd83447f453dfe1fd6c4759e188e568dbfc6ed2e25f,0
996,reports/json/dut_reference_comparison_summary.json,validation/json/dut_reference_comparison_summary.json,e65e4f3f28fe887648d8f98f5d6e01ae665d116b2f2d33805d917c92e6260603,e65e4f3f28fe887648d8f98f5d6e01ae665d116b2f2d33805d917c92e6260603,0
997,reports/csv/energy_root_cause_table.json,validation/json/energy_root_cause_table.json,4f8a23acd355ae49c25e9de10d5f05c879ca66bf813662d3f5987d1b0758baab,4f8a23acd355ae49c25e9de10d5f05c879ca66bf813662d3f5987d1b0758baab,0
998,reports/csv/energy_root_cause_table.json_policy.json,validation/json/energy_root_cause_table.json_policy.json,64febae1189236fc166a401d7a6c5fbc6c0ead1ffeef96d589f570d1e2d2952f,64febae1189236fc166a401d7a6c5fbc6c0ead1ffeef96d589f570d1e2d2952f,0
999,meta/environment.json,validation/json/environment.json,396ae0a82a558ec780af42b14c3be470398e184f363411dda1c969a3079ac91e,396ae0a82a558ec780af42b14c3be470398e184f363411dda1c969a3079ac91e,0
1000,raw/execution_manifest.json,validation/json/execution_manifest.json,893b9dbe402ec3fe06150cfc4a1a454d719f9c8caf9dfc77e1d76950d779026f,893b9dbe402ec3fe06150cfc4a1a454d719f9c8caf9dfc77e1d76950d779026f,0
1001,reports/final/final_grade.json,validation/json/final_grade.json,256847320cbe8e65bb436708f5bcfab2dd02407a790c22fc740392bcc7c71b21,256847320cbe8e65bb436708f5bcfab2dd02407a790c22fc740392bcc7c71b21,0
1002,reports/csv/honest_unavailable_registry.json,validation/json/honest_unavailable_registry.json,ce49e30ea229829a79e86eafcf76df9d5515eb639b2fc92b0591c059e6e218bf,ce49e30ea229829a79e86eafcf76df9d5515eb639b2fc92b0591c059e6e218bf,0
1003,reports/csv/honest_unavailable_registry.json_policy.json,validation/json/honest_unavailable_registry.json_policy.json,126424c9ffeb4c0e64e23e40747a5869ff3e22175dfe348a93a9571ccbf7ffdb,126424c9ffeb4c0e64e23e40747a5869ff3e22175dfe348a93a9571ccbf7ffdb,0
1004,reports/csv/hotspot_analytics_table.json,validation/json/hotspot_analytics_table.json,54f7acc69a3004f971e5fbdbf8f6a77fe61e5ee25afcbde5cc74bc27ebc806dd,54f7acc69a3004f971e5fbdbf8f6a77fe61e5ee25afcbde5cc74bc27ebc806dd,0
1005,reports/csv/hotspot_analytics_table.json_policy.json,validation/json/hotspot_analytics_table.json_policy.json,1917ff3080c8b06499dc99c5692035f48bbf35657426a08b19b1bf767ad8ea21,1917ff3080c8b06499dc99c5692035f48bbf35657426a08b19b1bf767ad8ea21,0
1006,reports/csv/instrumentation_coverage_table.json,validation/json/instrumentation_coverage_table.json,c0c848f2f9f8db42dd9a091f85ca3574dae2ea2b5a87299b3560dde017c79334,c0c848f2f9f8db42dd9a091f85ca3574dae2ea2b5a87299b3560dde017c79334,0
1007,reports/csv/instrumentation_coverage_table.json_policy.json,validation/json/instrumentation_coverage_table.json_policy.json,cd2c17634d7070ea2e88d46c049dae66166d175c3a20aa16f287a8b05ec84a1e,cd2c17634d7070ea2e88d46c049dae66166d175c3a20aa16f287a8b05ec84a1e,0
1008,reports/json/kpi_consistency_gate.json,validation/json/kpi_consistency_gate.json,1ca376e582723de9b58aacb9fb79f1451d74099fa55e1810bb7fc4f00f54dc1e,1ca376e582723de9b58aacb9fb79f1451d74099fa55e1810bb7fc4f00f54dc1e,0
1009,reports/csv/kpi_health_flags.json,validation/json/kpi_health_flags.json,01184495c757a298b32b650f4b7ffe5c370395b0072d1cac689c93772d02dbf1,01184495c757a298b32b650f4b7ffe5c370395b0072d1cac689c93772d02dbf1,0
1010,reports/csv/kpi_health_flags.json_policy.json,validation/json/kpi_health_flags.json_policy.json,23f9e7ef0573b0a68393837a2117baf4c2d4147c87e6b23ac258cabfd1a47900,23f9e7ef0573b0a68393837a2117baf4c2d4147c87e6b23ac258cabfd1a47900,0
1011,reports/csv/live_bb_power_table.json,validation/json/live_bb_power_table.json,375ffb74f0c0024ed9f567fafd4b84c158aabb4a410a201a1cc64106f564c8ad,375ffb74f0c0024ed9f567fafd4b84c158aabb4a410a201a1cc64106f564c8ad,0
1012,reports/csv/live_bb_power_table.json_policy.json,validation/json/live_bb_power_table.json_policy.json,b5785b9524af32aadd55146f025a178a176bd2d83d5c3c64f5cdefee7513e43b,b5785b9524af32aadd55146f025a178a176bd2d83d5c3c64f5cdefee7513e43b,0
1013,reports/csv/live_candidate_cell_runtime.json,validation/json/live_candidate_cell_runtime.json,97f95d63bf3add57ffb12125b3742c3dfe395b76996852f08a447e1c61db6a77,97f95d63bf3add57ffb12125b3742c3dfe395b76996852f08a447e1c61db6a77,0
1014,reports/csv/live_candidate_cell_runtime.json_policy.json,validation/json/live_candidate_cell_runtime.json_policy.json,ca8695013265be24f6ddc2fc894f4ea79e254cabd61820cb1ec5ee148b60ca86,ca8695013265be24f6ddc2fc894f4ea79e254cabd61820cb1ec5ee148b60ca86,0
1015,reports/csv/live_energy_efficiency_table.json,validation/json/live_energy_efficiency_table.json,c33e0bf934d09f9be4799e472eea1c1fa4f9bbbf0f8c8fd7f0145949f8723309,c33e0bf934d09f9be4799e472eea1c1fa4f9bbbf0f8c8fd7f0145949f8723309,0
1016,reports/csv/live_energy_efficiency_table.json_policy.json,validation/json/live_energy_efficiency_table.json_policy.json,b73ed085ec888a5d2f5d72e04a1a9ab278dd5b18bc9c468c7d5355814da80cd4,b73ed085ec888a5d2f5d72e04a1a9ab278dd5b18bc9c468c7d5355814da80cd4,0
1017,reports/csv/live_power_runtime_table.json_policy.json,validation/json/live_power_runtime_table.json_policy.json,2d131f5ffb5b422225e8809f74e590785d568063f00e43e37f9c548ca2cafe2e,2d131f5ffb5b422225e8809f74e590785d568063f00e43e37f9c548ca2cafe2e,0
1018,reports/csv/live_re_allocation_snapshot.json_policy.json,validation/json/live_re_allocation_snapshot.json_policy.json,181f9d754a29bc4ad9f03e09ef1130a2cc7eb6b126061752745aadc3e9903527,181f9d754a29bc4ad9f03e09ef1130a2cc7eb6b126061752745aadc3e9903527,0
1019,reports/csv/live_sleep_state_table.json,validation/json/live_sleep_state_table.json,94a73a21183a6abbb5a3e66a6c62c75320052261c50fc095d41c8f889fb1488f,94a73a21183a6abbb5a3e66a6c62c75320052261c50fc095d41c8f889fb1488f,0
1020,reports/csv/live_sleep_state_table.json_policy.json,validation/json/live_sleep_state_table.json_policy.json,dbdb1c39f11d77c12a9cc4c13b59f354b09cd42daa95a7b9c3ce388f5ea8c5f0,dbdb1c39f11d77c12a9cc4c13b59f354b09cd42daa95a7b9c3ce388f5ea8c5f0,0
1021,reports/csv/lls_implementation_register.json,validation/json/lls_implementation_register.json,79a15cb02b19e4d4b5018046c2dc3af2928660ed5d2e2b63d8f53ff9afb9daff,79a15cb02b19e4d4b5018046c2dc3af2928660ed5d2e2b63d8f53ff9afb9daff,0
1022,reports/csv/lls_implementation_register.json_policy.json,validation/json/lls_implementation_register.json_policy.json,65841d44b2b667e96a40439b5350af6008a396de6bc1ebc526e40e486edb70c6,65841d44b2b667e96a40439b5350af6008a396de6bc1ebc526e40e486edb70c6,0
1023,reports/csv/lls_output_contract.json,validation/json/lls_output_contract.json,d5190fafe27b590d7c87305337a05a4a452113174c7d8cbead60e70887274987,d5190fafe27b590d7c87305337a05a4a452113174c7d8cbead60e70887274987,0
1024,reports/csv/lls_output_contract.json_policy.json,validation/json/lls_output_contract.json_policy.json,3d72e5b9533d5c1799dd286603d6b4cf65b36594eaba5fbe9b0c77838ff35cea,3d72e5b9533d5c1799dd286603d6b4cf65b36594eaba5fbe9b0c77838ff35cea,0
1025,reports/csv/metric_definition_catalog.json,validation/json/metric_definition_catalog.json,8a50dec9eaf2900e007ae1cee5b1016091ed3f86747b0517390add14f2399499,8a50dec9eaf2900e007ae1cee5b1016091ed3f86747b0517390add14f2399499,0
1026,reports/csv/metric_definition_catalog.json_policy.json,validation/json/metric_definition_catalog.json_policy.json,fb9df053f7eb7bce14b4849642fb28689403b0397f8d4e79a91a59fc5b962bde,fb9df053f7eb7bce14b4849642fb28689403b0397f8d4e79a91a59fc5b962bde,0
1027,reports/csv/metric_unit_role_catalog.json,validation/json/metric_unit_role_catalog.json,ec9ef3f9fe83f641db3775bb6de304759b1328f654e9ba56e2c7341be435c31b,ec9ef3f9fe83f641db3775bb6de304759b1328f654e9ba56e2c7341be435c31b,0
1028,reports/csv/metric_unit_role_catalog.json_policy.json,validation/json/metric_unit_role_catalog.json_policy.json,5313cea8e709f415a2a80cca821db308c1180ecb30d2716b4f147a2e264a96b5,5313cea8e709f415a2a80cca821db308c1180ecb30d2716b4f147a2e264a96b5,0
1029,reports/csv/neighbor_degree_histogram_data.json,validation/json/neighbor_degree_histogram_data.json,0413b031aaddf6236ea7f3ca5e3434ff147ec4d3c6242314f0ec7179951df044,0413b031aaddf6236ea7f3ca5e3434ff147ec4d3c6242314f0ec7179951df044,0
1030,reports/csv/neighbor_degree_histogram_data.json_policy.json,validation/json/neighbor_degree_histogram_data.json_policy.json,a8cac431748458317ad01d915a1b80ee198e80abad72877f399b171fd82e720b,a8cac431748458317ad01d915a1b80ee198e80abad72877f399b171fd82e720b,0
1031,reports/csv/noise_variance_evidence_table.json,validation/json/noise_variance_evidence_table.json,930544eb736ab71c1ed707a39edc64ab861a5eae2eaa3601b6468b9e114ce532,930544eb736ab71c1ed707a39edc64ab861a5eae2eaa3601b6468b9e114ce532,0
1032,reports/csv/noise_variance_evidence_table.json_policy.json,validation/json/noise_variance_evidence_table.json_policy.json,aa8bc0dbd86a7bd5de7008547d9853d057e0cac62908a0be159cdbd1db7b85c6,aa8bc0dbd86a7bd5de7008547d9853d057e0cac62908a0be159cdbd1db7b85c6,0
1033,reports/csv/output_completeness_table.json,validation/json/output_completeness_table.json,a5489c5153ef1e957f2895d825dc2ab6484e8a2acff1159157210c5049be62c1,a5489c5153ef1e957f2895d825dc2ab6484e8a2acff1159157210c5049be62c1,0
1034,reports/csv/output_completeness_table.json_policy.json,validation/json/output_completeness_table.json_policy.json,5b003fb2270148b6696ac62bc5f9fa8b563854812ae24f2b4b13e1bae801c4a6,5b003fb2270148b6696ac62bc5f9fa8b563854812ae24f2b4b13e1bae801c4a6,0
1035,reports/csv/output_coverage_registry.json,validation/json/output_coverage_registry.json,897c379c5b255a21cb58c5c5af32162e131cc8817e7cf6a35b1cc2dd62f3edbc,897c379c5b255a21cb58c5c5af32162e131cc8817e7cf6a35b1cc2dd62f3edbc,0
1036,reports/csv/output_coverage_registry.json_policy.json,validation/json/output_coverage_registry.json_policy.json,2b7f2b7c0e159e4838b7245e7f0071d6dab6ee9056392b85789301315af97907,2b7f2b7c0e159e4838b7245e7f0071d6dab6ee9056392b85789301315af97907,0
1037,reports/csv/persistence_audit_table.json,validation/json/persistence_audit_table.json,8c9ceb8dee061c92b208297b004c4a0560e8be61667ef81a871728956c1879c2,8c9ceb8dee061c92b208297b004c4a0560e8be61667ef81a871728956c1879c2,0
1038,reports/csv/persistence_audit_table.json_policy.json,validation/json/persistence_audit_table.json_policy.json,0ceda886c77db0cbc82bca8cad0fed8e176393c73d42969cd34411c2e7b07988,0ceda886c77db0cbc82bca8cad0fed8e176393c73d42969cd34411c2e7b07988,0
1039,reports/csv/phase7_truth_gates.json,validation/json/phase7_truth_gates.json,14d597b08b7d3cb859c7da3b27ff7b6816f42afacaad72f6841ad344ce3da257,14d597b08b7d3cb859c7da3b27ff7b6816f42afacaad72f6841ad344ce3da257,0
1040,reports/csv/phase7_truth_gates.json_policy.json,validation/json/phase7_truth_gates.json_policy.json,f398a4483fce9d544d3d244021767bb232a1ba7fcd441880b2bee9b6ed5a5c3a,f398a4483fce9d544d3d244021767bb232a1ba7fcd441880b2bee9b6ed5a5c3a,0
1041,reports/json/phase7_truth_gates.json,validation/json/phase7_truth_gates__44fc71d53a30.json,44fc71d53a30c92364539784d22527913f74c7cf26e1faa01bed1828065f3d82,44fc71d53a30c92364539784d22527913f74c7cf26e1faa01bed1828065f3d82,0
1042,reports/json/phy_block_validation_summary.json,validation/json/phy_block_validation_summary.json,f743e0b93557b671504e5e75bfe0c95ece9a6800655063698679e06dc96565d4,f743e0b93557b671504e5e75bfe0c95ece9a6800655063698679e06dc96565d4,0
1043,reports/csv/phy_package_execution_audit.json,validation/json/phy_package_execution_audit.json,fea71af537d65a77e8b9d0f328b4a9d0cbae163de9eb36b0c5fd4c8de91030cd,fea71af537d65a77e8b9d0f328b4a9d0cbae163de9eb36b0c5fd4c8de91030cd,0
1044,reports/csv/phy_package_execution_audit.json_policy.json,validation/json/phy_package_execution_audit.json_policy.json,0e153fb1dcd139663bc3265f263f558700649b46d1299c547cdb26d1d03ef3fd,0e153fb1dcd139663bc3265f263f558700649b46d1299c547cdb26d1d03ef3fd,0
1045,reports/csv/phy_package_execution_evidence_gate.json,validation/json/phy_package_execution_evidence_gate.json,08dc858b57b72d51ff542062ab80856c2766aa1f8f87877c3d1a745e97a72fed,08dc858b57b72d51ff542062ab80856c2766aa1f8f87877c3d1a745e97a72fed,0
1046,reports/csv/phy_package_execution_evidence_gate.json_policy.json,validation/json/phy_package_execution_evidence_gate.json_policy.json,e61f243ac0a2287518f9f930eb58c8c5dc575e8470df74d03c2dc75f4ab8aee7,e61f243ac0a2287518f9f930eb58c8c5dc575e8470df74d03c2dc75f4ab8aee7,0
1047,reports/csv/phy_package_execution_summary.json,validation/json/phy_package_execution_summary.json,af054149efb24805a6c813a3418d3cf8b34995e7c4a35d98eee662851ee17232,af054149efb24805a6c813a3418d3cf8b34995e7c4a35d98eee662851ee17232,0
1048,reports/csv/phy_package_execution_summary.json_policy.json,validation/json/phy_package_execution_summary.json_policy.json,4eb7960ba2f13f6a93cfa7d2fce7ab6d7cd31c35b3c8c0c3261fe746b304f992,4eb7960ba2f13f6a93cfa7d2fce7ab6d7cd31c35b3c8c0c3261fe746b304f992,0
1049,reports/csv/plot_data_quality_table.json,validation/json/plot_data_quality_table.json,c095f25f790efe9438e76f0ae0e58f540209866a262ed2d5160b3cbe5637f4be,c095f25f790efe9438e76f0ae0e58f540209866a262ed2d5160b3cbe5637f4be,0
1050,reports/csv/plot_data_quality_table.json_policy.json,validation/json/plot_data_quality_table.json_policy.json,dbed90df119723838c7e53fbbf652f5e9c7d666d6f80349344d60027cc634437,dbed90df119723838c7e53fbbf652f5e9c7d666d6f80349344d60027cc634437,0
1051,reports/csv/plot_manifest.json,validation/json/plot_manifest.json,2041fcee1c51cf3a18bfa47d4994b84a603734b7b3384f9d998be0071c0ff939,2041fcee1c51cf3a18bfa47d4994b84a603734b7b3384f9d998be0071c0ff939,0
1052,reports/csv/plot_manifest.json_policy.json,validation/json/plot_manifest.json_policy.json,96c98d7b2b9c43e680cc1874dc38c7c9e5ea3dc7bdd26e37ae705f5bb2122413,96c98d7b2b9c43e680cc1874dc38c7c9e5ea3dc7bdd26e37ae705f5bb2122413,0
1053,reports/csv/plot_render_status.json,validation/json/plot_render_status.json,904e3b131f4dfa53caf5bbb63f63ab3f583265d184f7a38f860ecc8c7ea4a0e3,904e3b131f4dfa53caf5bbb63f63ab3f583265d184f7a38f860ecc8c7ea4a0e3,0
1054,reports/csv/plot_render_status.json_policy.json,validation/json/plot_render_status.json_policy.json,cec3bee0d5b8280e6c7ee9842f44e944cdc04ce4f99f5c42d31ff0c8b01b1120,cec3bee0d5b8280e6c7ee9842f44e944cdc04ce4f99f5c42d31ff0c8b01b1120,0
1055,reports/csv/plot_suppression_table.json,validation/json/plot_suppression_table.json,418416f52c89f912a4afc1124bcefa93a04ad6abe839e4fe7d3aa7d10cfb7ca2,418416f52c89f912a4afc1124bcefa93a04ad6abe839e4fe7d3aa7d10cfb7ca2,0
1056,reports/csv/plot_suppression_table.json_policy.json,validation/json/plot_suppression_table.json_policy.json,83088c814fa35f208b2db131fea040c32534b585646984a1931c3d5fbc30817d,83088c814fa35f208b2db131fea040c32534b585646984a1931c3d5fbc30817d,0
1057,reports/csv/prb_allocation_heatmap.json_policy.json,validation/json/prb_allocation_heatmap.json_policy.json,c8487560c5eeec4ced138cc42a0084535d7fee4615bc011179c3bdf5260331e7,c8487560c5eeec4ced138cc42a0084535d7fee4615bc011179c3bdf5260331e7,0
1058,reports/json/production_qualification_gate.json,validation/json/production_qualification_gate.json,63da1beba54f2a3007348313da84071331b866fad42f031b60bdab8478ca50ff,63da1beba54f2a3007348313da84071331b866fad42f031b60bdab8478ca50ff,0
1059,reports/json/public_output_claim_scan.json,validation/json/public_output_claim_scan.json,2132671c5621d96b246c9e459de9a2237c42690faa8ab0fe2d8fe5cae399bd09,2132671c5621d96b246c9e459de9a2237c42690faa8ab0fe2d8fe5cae399bd09,0
1060,reports/csv/raw_to_derived_lineage.json,validation/json/raw_to_derived_lineage.json,32f1cfb45e65234017dbdba020a99ba80b9ed33b74d6298692f114ddc7ce2c3a,32f1cfb45e65234017dbdba020a99ba80b9ed33b74d6298692f114ddc7ce2c3a,0
1061,reports/csv/raw_to_derived_lineage.json_policy.json,validation/json/raw_to_derived_lineage.json_policy.json,dd471e691afeb5d0ec5a7dc864dc311f2b264377c03e3d10d25a4bee2c39e967,dd471e691afeb5d0ec5a7dc864dc311f2b264377c03e3d10d25a4bee2c39e967,0
1062,reports/csv/resource_overhead_analytics_table.json,validation/json/resource_overhead_analytics_table.json,9fca54f88b5d95373506e3edc0c893930684a26497f21207ce05ea135c678d75,9fca54f88b5d95373506e3edc0c893930684a26497f21207ce05ea135c678d75,0
1063,reports/csv/resource_overhead_analytics_table.json_policy.json,validation/json/resource_overhead_analytics_table.json_policy.json,ffff3e0fc45baae4c50882facc545ba6dd8d321c137631b1b2f933579facb3ad,ffff3e0fc45baae4c50882facc545ba6dd8d321c137631b1b2f933579facb3ad,0
1064,reports/csv/result_issue_registry.json,validation/json/result_issue_registry.json,29a21c0153a5c232304c0bdc4cb18de05ac5440e5002d94396c221080e1ef672,29a21c0153a5c232304c0bdc4cb18de05ac5440e5002d94396c221080e1ef672,0
1065,reports/csv/result_issue_registry.json_policy.json,validation/json/result_issue_registry.json_policy.json,d22d77170e2946781c6a03121f57742962bc0150f46e89226db9b95523ba1957,d22d77170e2946781c6a03121f57742962bc0150f46e89226db9b95523ba1957,0
1066,reports/csv/result_issue_registry_evaluation.json,validation/json/result_issue_registry_evaluation.json,e9368a644d8055c3c634aaf3ed8cc1a60579b6b7452bb29ddc47aa40efb21d94,e9368a644d8055c3c634aaf3ed8cc1a60579b6b7452bb29ddc47aa40efb21d94,0
1067,reports/csv/result_issue_registry_evaluation.json_policy.json,validation/json/result_issue_registry_evaluation.json_policy.json,420e63bd3b29943834d0c23311b5655e4fc89cc1200ffb9f0761bb0aeb1974b4,420e63bd3b29943834d0c23311b5655e4fc89cc1200ffb9f0761bb0aeb1974b4,0
1068,reports/json/result_status_summary.json,validation/json/result_status_summary.json,0ddb212801a3967a490fed390a2ead9208b2ec51ae15f57c6254fffeb0151f80,0ddb212801a3967a490fed390a2ead9208b2ec51ae15f57c6254fffeb0151f80,0
1069,reports/csv/runtime_call_graph.json,validation/json/runtime_call_graph.json,d756c4dbf10349c471ee96c4b181cb197a844fa8426606cf9cbf8e0cb5129d71,d756c4dbf10349c471ee96c4b181cb197a844fa8426606cf9cbf8e0cb5129d71,0
1070,reports/csv/runtime_call_graph.json_policy.json,validation/json/runtime_call_graph.json_policy.json,4cd22178f011260531dcefbfa0cb57402b849e8047fa018c190268d24a0cae25,4cd22178f011260531dcefbfa0cb57402b849e8047fa018c190268d24a0cae25,0
1071,reports/csv/runtime_issue_registry.json,validation/json/runtime_issue_registry.json,2ba13938313be69e46112c0ce7a26c703f6ee92ae9015ee5d0f4620593db5a6b,2ba13938313be69e46112c0ce7a26c703f6ee92ae9015ee5d0f4620593db5a6b,0
1072,reports/csv/runtime_issue_registry.json_policy.json,validation/json/runtime_issue_registry.json_policy.json,710f055d326b1c235ce90779a4d9a2e35af48a9d2dfcf35589a0b99dc105e3be,710f055d326b1c235ce90779a4d9a2e35af48a9d2dfcf35589a0b99dc105e3be,0
1073,meta/runtime_summary.json,validation/json/runtime_summary.json,2dbf6594871da325f8ccef91e69bd684b137b1a9cc2312ade59a098f1b0eb9ae,2dbf6594871da325f8ccef91e69bd684b137b1a9cc2312ade59a098f1b0eb9ae,0
1074,meta/scenario_config_identity.json,validation/json/scenario_config_identity.json,377421fc805cd5ea5f8c30b147ea80c97c3bd3d02c00428424cd512b6681024f,377421fc805cd5ea5f8c30b147ea80c97c3bd3d02c00428424cd512b6681024f,0
1075,meta/scenario_config_resolved.json,validation/json/scenario_config_resolved.json,916a13cc300937f9b540c15ea88cce4cc6e25bb3875c12b16178f832be63d956,916a13cc300937f9b540c15ea88cce4cc6e25bb3875c12b16178f832be63d956,0
1076,reports/csv/scenario_consistency_check_table.json,validation/json/scenario_consistency_check_table.json,7a395025faaf2baaa3844bca3d9ab77ec0e678ab2a6428113f91eb1628fd53fc,7a395025faaf2baaa3844bca3d9ab77ec0e678ab2a6428113f91eb1628fd53fc,0
1077,reports/csv/scenario_consistency_check_table.json_policy.json,validation/json/scenario_consistency_check_table.json_policy.json,2d47f46e64f980f465ce0712208a5d3f3b71821875b2b3a6ff670eab3d124d18,2d47f46e64f980f465ce0712208a5d3f3b71821875b2b3a6ff670eab3d124d18,0
1078,reports/json/scenario_manifest.json,validation/json/scenario_manifest.json,fc0206bfb671c1dfd3a2d86c509f58b75291b1bfd746b2baae1ef513118f5c2b,fc0206bfb671c1dfd3a2d86c509f58b75291b1bfd746b2baae1ef513118f5c2b,0
1079,reports/json/scenario_objective_gates.json,validation/json/scenario_objective_gates.json,bbfa3344ea3c9b744d7f0a9ea4e0a2c500d2c91e2c9b8952000b74eeb0604a05,bbfa3344ea3c9b744d7f0a9ea4e0a2c500d2c91e2c9b8952000b74eeb0604a05,0
1080,meta/scenario_runtime_view.json,validation/json/scenario_runtime_view.json,e0224602131bee0335e4095f5efe095c39ea609948079063431199bd843d6960,e0224602131bee0335e4095f5efe095c39ea609948079063431199bd843d6960,0
1081,reports/csv/sector_utilization_summary_table.json,validation/json/sector_utilization_summary_table.json,736e1739780f7b4dd6666d4ede0d641fb02c1f48aa4b657e25c6e836711bd2bb,736e1739780f7b4dd6666d4ede0d641fb02c1f48aa4b657e25c6e836711bd2bb,0
1082,reports/csv/sector_utilization_summary_table.json_policy.json,validation/json/sector_utilization_summary_table.json_policy.json,c796161a8f2dc3006ff7a8b3a2899124ec09d9401c8304048b57d04efbf7e109,c796161a8f2dc3006ff7a8b3a2899124ec09d9401c8304048b57d04efbf7e109,0
1083,reports/csv/serving_cell_population_table.json,validation/json/serving_cell_population_table.json,78a55cc07e6ce872e48f74cc1cbab8a5388070920cb2224bc637dac3e231cc0a,78a55cc07e6ce872e48f74cc1cbab8a5388070920cb2224bc637dac3e231cc0a,0
1084,reports/csv/serving_cell_population_table.json_policy.json,validation/json/serving_cell_population_table.json_policy.json,32e008e324ae9dfec2f087dfa377737812178aac7de86c4529e338ab85820ba1,32e008e324ae9dfec2f087dfa377737812178aac7de86c4529e338ab85820ba1,0
1085,reports/json/standards_claim_audit.json,validation/json/standards_claim_audit.json,768298035ea365b2b55403c5bf354f6758929d107e64c84cb6b91dda5f53d4ab,768298035ea365b2b55403c5bf354f6758929d107e64c84cb6b91dda5f53d4ab,0
1086,reports/json/statistical_qualification_gate.json,validation/json/statistical_qualification_gate.json,3fdc3207ee760e57d6c5493733d9f3fec978f5cb4dda270ee0dae582d2e59f03,3fdc3207ee760e57d6c5493733d9f3fec978f5cb4dda270ee0dae582d2e59f03,0
1087,reports/json/strict_anchor_acceptance_report.json,validation/json/strict_anchor_acceptance_report.json,129d271e27bb1e0bb88b334864c325773b8c0e53e729e5c7322a2565bbc4e561,129d271e27bb1e0bb88b334864c325773b8c0e53e729e5c7322a2565bbc4e561,0
1088,reports/csv/table_dl_transport_block.json,validation/json/table_dl_transport_block.json,29d53d0e566198159b265914d3869418dd164a6fff47557d02810e46db6c38ec,29d53d0e566198159b265914d3869418dd164a6fff47557d02810e46db6c38ec,0
1089,reports/csv/table_dl_transport_block.json_policy.json,validation/json/table_dl_transport_block.json_policy.json,de966222a35a9081f8af04ba71446fda22b9084fd311ad36853a586bd08e2379,de966222a35a9081f8af04ba71446fda22b9084fd311ad36853a586bd08e2379,0
1090,reports/csv/table_field_availability_matrix.json,validation/json/table_field_availability_matrix.json,3d77b054e3d4ae6e6e8f6aedc2bf0897f85304ba734568481ebb11c93f6bb1e0,3d77b054e3d4ae6e6e8f6aedc2bf0897f85304ba734568481ebb11c93f6bb1e0,0
1091,reports/csv/table_field_availability_matrix.json_policy.json,validation/json/table_field_availability_matrix.json_policy.json,7697b9885448cac89a74e1aaaee4446f119351e0ec3cc705c15b209066b8110c,7697b9885448cac89a74e1aaaee4446f119351e0ec3cc705c15b209066b8110c,0
1092,reports/csv/table_gnb_cell.json,validation/json/table_gnb_cell.json,ad8cfbd267b2a732c95ec95c284d9fab176eb3d4a6699484fa7df2c877c9ca6e,ad8cfbd267b2a732c95ec95c284d9fab176eb3d4a6699484fa7df2c877c9ca6e,0
1093,reports/csv/table_gnb_cell.json_policy.json,validation/json/table_gnb_cell.json_policy.json,ffc73361b7193a7235ef0b9e0b489d440c98e39453e06818e7c89311736108dd,ffc73361b7193a7235ef0b9e0b489d440c98e39453e06818e7c89311736108dd,0
1094,reports/csv/table_link_budget.json,validation/json/table_link_budget.json,c22707362be202d61058cbbc945fd6d173f0646eaeab067ea940b60d40d42477,c22707362be202d61058cbbc945fd6d173f0646eaeab067ea940b60d40d42477,0
1095,reports/csv/table_link_budget.json_policy.json,validation/json/table_link_budget.json_policy.json,d279e5cd652a8c6c76029e1ce9125ad59922f0fb9318be9e192d9e455f82ac1e,d279e5cd652a8c6c76029e1ce9125ad59922f0fb9318be9e192d9e455f82ac1e,0
1096,reports/csv/table_mcs_tbs_evolution.json_policy.json,validation/json/table_mcs_tbs_evolution.json_policy.json,4730bfbd9a94c06cdb8d2eeabbcc7dc0f3322d0c366f4d8d71dcc4758707b111,4730bfbd9a94c06cdb8d2eeabbcc7dc0f3322d0c366f4d8d71dcc4758707b111,0
1097,reports/csv/table_scenario_topology.json,validation/json/table_scenario_topology.json,465d489480ab465ea498cd2b8b1f196b182869aa524ea0231e04e0a66e02f9c5,465d489480ab465ea498cd2b8b1f196b182869aa524ea0231e04e0a66e02f9c5,0
1098,reports/csv/table_scenario_topology.json_policy.json,validation/json/table_scenario_topology.json_policy.json,b3d512437679ff2319051119c43591007984283c80860af6cd6a0a537491501f,b3d512437679ff2319051119c43591007984283c80860af6cd6a0a537491501f,0
1099,reports/csv/table_ul_transport_block.json,validation/json/table_ul_transport_block.json,f24bc32e920774154dd26fda8a04c591cc2bf669debdcc55d2fcbda679095bbb,f24bc32e920774154dd26fda8a04c591cc2bf669debdcc55d2fcbda679095bbb,0
1100,reports/csv/table_ul_transport_block.json_policy.json,validation/json/table_ul_transport_block.json_policy.json,8a53cee1e93b5a5a1ab1ef57ecf80e057d7530572087a29aaf0570762a11dfcb,8a53cee1e93b5a5a1ab1ef57ecf80e057d7530572087a29aaf0570762a11dfcb,0
1101,reports/csv/topology_density_table.json,validation/json/topology_density_table.json,9487bebdad387abbf52f60e16d0eaba0c9d6d00885244f7dd028c3fef8afe635,9487bebdad387abbf52f60e16d0eaba0c9d6d00885244f7dd028c3fef8afe635,0
1102,reports/csv/topology_density_table.json_policy.json,validation/json/topology_density_table.json_policy.json,5d4a270c1d9c2698e57ece5f3b921173313dd535a894d2388028b86d47c3c734,5d4a270c1d9c2698e57ece5f3b921173313dd535a894d2388028b86d47c3c734,0
1103,reports/csv/unavailable_plot_card_registry.json,validation/json/unavailable_plot_card_registry.json,37517e5f3dc66819f61f5a7bb8ace1921282415f10551d2defa5c3eb0985b570,37517e5f3dc66819f61f5a7bb8ace1921282415f10551d2defa5c3eb0985b570,0
1104,reports/csv/unavailable_plot_card_registry.json_policy.json,validation/json/unavailable_plot_card_registry.json_policy.json,b1ee33e9e90afae597172b9cfd0851c00288a86192176b04768d07594e27f59e,b1ee33e9e90afae597172b9cfd0851c00288a86192176b04768d07594e27f59e,0
1105,reports/csv/visual_artifact_audit.json,validation/json/visual_artifact_audit.json,3c0f0be5509684c18ed865470cfda632ff8bca7082defcbb67838978159ee2e6,3c0f0be5509684c18ed865470cfda632ff8bca7082defcbb67838978159ee2e6,0
1106,reports/csv/visual_artifact_audit.json_policy.json,validation/json/visual_artifact_audit.json_policy.json,bb1f23bf80b8d655d2d1efc9b7a37e7016e3dc4f850dbc79f97d8d95d39ad4bc,bb1f23bf80b8d655d2d1efc9b7a37e7016e3dc4f850dbc79f97d8d95d39ad4bc,0
1107,reports/csv/visual_artifact_integrity.json,validation/json/visual_artifact_integrity.json,ff38cf05622e9d722acefb89a50aa4f14f28607bd2a27bcf31245259ae9ff336,ff38cf05622e9d722acefb89a50aa4f14f28607bd2a27bcf31245259ae9ff336,0
1108,reports/csv/visual_artifact_integrity.json_policy.json,validation/json/visual_artifact_integrity.json_policy.json,a74b9b281a4801a6c2b976a63ceae8b4a97e173fb52df848cb9320b086068ac8,a74b9b281a4801a6c2b976a63ceae8b4a97e173fb52df848cb9320b086068ac8,0
1109,analytics/csv/constellation_analytics.csv,waveform/csv/constellation_analytics.csv,2ab5b4dbcf02c434cc860df0a4a38d00608efe4cf1fb0ac9b6337a9c49a5d21c,2ab5b4dbcf02c434cc860df0a4a38d00608efe4cf1fb0ac9b6337a9c49a5d21c,0
1110,analytics/csv/contract__constellation-evm-analytics__constellation-per-codeword.csv,waveform/csv/contract__constellation-evm-analytics__constellation-per-codeword.csv,,d2487e615edefa804463d5bb771efa07e31b49cf5e912268c39c51e3077e463a,1
1111,analytics/csv/contract__constellation-evm-analytics__constellation-per-layer.csv,waveform/csv/contract__constellation-evm-analytics__constellation-per-layer.csv,,198aeb4bab797186436bf523ef2894632d7bc8c7938a46545fdbc83177e99b1a,1
1112,analytics/csv/contract__constellation-evm-analytics__constellation-per-modulation-order.csv,waveform/csv/contract__constellation-evm-analytics__constellation-per-modulation-order.csv,,a1967982b2bccba460011627a1def422e59a3455884a2a959fac89e850eda32e,1
1113,analytics/csv/contract__constellation-evm-analytics__evm-per-subcarrier.csv,waveform/csv/contract__constellation-evm-analytics__evm-per-subcarrier.csv,,5576d41d4e3d389415b62e62ed40846973af0fb8329d7e652948e2d891d175dd,1
1114,analytics/csv/contract__constellation-evm-analytics__evm-rms.csv,waveform/csv/contract__constellation-evm-analytics__evm-rms.csv,,f8b1170bf8721c99233e27ce88ff07d23c93e887906ce50e9a1149202c37e556,1
1115,analytics/csv/contract__constellation-evm-analytics__post-equalization-constellation.csv,waveform/csv/contract__constellation-evm-analytics__post-equalization-constellation.csv,,c00f3b960eed03d18dab801740064c57488be6cda365b83141327e29a0455465,1
1116,analytics/csv/contract__constellation-evm-analytics__symbol-decision-error-histogram.csv,waveform/csv/contract__constellation-evm-analytics__symbol-decision-error-histogram.csv,,19c1b7c59aa0e0ac92b76bf2716361563dc95503fc775a68b5bc92dbc44a5c79,1
1117,analytics/csv/contract__spectrum-psd-papr-analytics__papr-histogram-cdf.csv,waveform/csv/contract__spectrum-psd-papr-analytics__papr-histogram-cdf.csv,,55d31d68a61aa49b855467a467a5999e38b035911b412e228480701d6daf5166,1
1118,analytics/csv/contract__spectrum-psd-papr-analytics__power-spectral-comparison-before-after-impairment.csv,waveform/csv/contract__spectrum-psd-papr-analytics__power-spectral-comparison-before-after-impairment.csv,,f26ccf25b58e978b4cc81dd385324b4c6eb4b673a255253873ea63af0f4b086f,1
1119,analytics/csv/contract__spectrum-psd-papr-analytics__psd.csv,waveform/csv/contract__spectrum-psd-papr-analytics__psd.csv,,b17d30569048fcf6c829bd987155f3013024a94d2befe07d461c4e4b88cbf8bf,1
1120,analytics/csv/contract__throughput-goodput-spectral-efficiency-analytics__goodput-over-time.csv,waveform/csv/contract__throughput-goodput-spectral-efficiency-analytics__goodput-over-time.csv,,a5aab09347d0284c6f757ea20a0fe9e5a48099d1e63bd2b60e352fa9fb6d651f,1
1121,analytics/csv/contract__throughput-goodput-spectral-efficiency-analytics__goodput.csv,waveform/csv/contract__throughput-goodput-spectral-efficiency-analytics__goodput.csv,,f957524bc570bd4fbfe57dd04307c95d249b519ade024f80599d113dda8cc541,1
1122,analytics/csv/contract__throughput-goodput-spectral-efficiency-analytics__offered-throughput.csv,waveform/csv/contract__throughput-goodput-spectral-efficiency-analytics__offered-throughput.csv,,94ed47ef447cee8366e5999358ab8b6b14af6331520305d9ef646e59f0f9b3fc,1
1123,analytics/csv/contract__throughput-goodput-spectral-efficiency-analytics__per-ue-throughput.csv,waveform/csv/contract__throughput-goodput-spectral-efficiency-analytics__per-ue-throughput.csv,,4e49bffb549636c8d2794c839f8c4621d069484250b530d45dae6324aa350b20,1
1124,analytics/csv/contract__throughput-goodput-spectral-efficiency-analytics__spectral-efficiency.csv,waveform/csv/contract__throughput-goodput-spectral-efficiency-analytics__spectral-efficiency.csv,,58ae3340809193971d2d5e22bd7b2f617c48262a5a9eef5894b042c961319fd6,1
1125,analytics/csv/contract__throughput-goodput-spectral-efficiency-analytics__throughput-over-time.csv,waveform/csv/contract__throughput-goodput-spectral-efficiency-analytics__throughput-over-time.csv,,9ee9d6549d711a6cf9764911f547830c50468aac236045f6d63900fd3355084a,1
1126,analytics/csv/contract__throughput-goodput-spectral-efficiency-analytics__throughput-percentile-plots.csv,waveform/csv/contract__throughput-goodput-spectral-efficiency-analytics__throughput-percentile-plots.csv,,3978b41db2c9c5bd1432e0c38dcd682de798b35d75e93d54a90ec12941b85656,1
1127,analytics/csv/contract__throughput-goodput-spectral-efficiency-analytics__throughput-vs-sinr.csv,waveform/csv/contract__throughput-goodput-spectral-efficiency-analytics__throughput-vs-sinr.csv,,7c1cedd83ce8d98773d5340768c519b65d41d14595f94cf64288537851faf7db,1
1128,analytics/csv/contract__throughput-goodput-spectral-efficiency-analytics__throughput-vs-snr.csv,waveform/csv/contract__throughput-goodput-spectral-efficiency-analytics__throughput-vs-snr.csv,,cc415b483c64db47c340510414c41bd18767e699c135e6c5cf7f69c076978b56,1
1129,analytics/csv/contract__throughput-goodput-spectral-efficiency-analytics__throughput.csv,waveform/csv/contract__throughput-goodput-spectral-efficiency-analytics__throughput.csv,,2a2cb0558306f0d0502f392b4daa30179678c8705ce20ee63e1a9a262f053363,1
1130,analytics/csv/contract__waveform-time-domain-analytics__magnitude-vs-sample.csv,waveform/csv/contract__waveform-time-domain-analytics__magnitude-vs-sample.csv,,69fc63732be29f8e461817a27177667795799056adac610c955b62db1207aa92,1
1131,analytics/csv/contract__waveform-time-domain-analytics__phase-vs-sample.csv,waveform/csv/contract__waveform-time-domain-analytics__phase-vs-sample.csv,,81ad592d709729a5cd171267fe8b15fc4a3a0769b9abe3e627b487c00be90e67,1
1132,analytics/csv/contract__waveform-time-domain-analytics__power-vs-sample.csv,waveform/csv/contract__waveform-time-domain-analytics__power-vs-sample.csv,,2e71cb0f479752696dd1c3bbe41c15b8087f530cc474ff0be7d6e2239d3c0d67,1
1133,analytics/csv/contract__waveform-time-domain-analytics__rx-waveform.csv,waveform/csv/contract__waveform-time-domain-analytics__rx-waveform.csv,,52697ab9143910cd72228c65d97df787050352c1e74f421f577cdc36633a3d51,1
1134,analytics/csv/contract__waveform-time-domain-analytics__tx-waveform.csv,waveform/csv/contract__waveform-time-domain-analytics__tx-waveform.csv,,dbdf77bfed1386b10b2ce61dbe5606cfe5a7154f2510a6ff260589b5079b1b4e,1
1135,air_interface/csv/dl_constellation_samples.csv,waveform/csv/dl_constellation_samples.csv,c8a4ad46c5f394f64ce2559e4eefec983628d4e8cac9d3ed6bf493ca0de72f64,c8a4ad46c5f394f64ce2559e4eefec983628d4e8cac9d3ed6bf493ca0de72f64,0
1136,reports/csv/equalized_constellations.csv,waveform/csv/equalized_constellations.csv,4a082dddc51229befc730bbc82a61108f3e8fe845480e3f7525f0cfbb4b5a883,4a082dddc51229befc730bbc82a61108f3e8fe845480e3f7525f0cfbb4b5a883,0
1137,reports/csv/live_waveform_preview.csv,waveform/csv/live_waveform_preview.csv,3909053c81194a269146d99ccd48a7c699db5557ff9a78dfbc01076e6b30bf42,3909053c81194a269146d99ccd48a7c699db5557ff9a78dfbc01076e6b30bf42,0
1138,control/csv/ra_runtime_stage_waveforms.csv,waveform/csv/ra_runtime_stage_waveforms.csv,48268f5b501d57efc3523be3cdbadfdefbe9d396034026bcc9edc9b0fee1298b,48268f5b501d57efc3523be3cdbadfdefbe9d396034026bcc9edc9b0fee1298b,0
1139,raw/evidence/tables/rawtrials_dlconstellation.csv,waveform/csv/rawtrials_dlconstellation.csv,f74c0f88a136d3ede3a5dcd44eec2e84f8115243c89343d9af8ae40dcf55d8e5,f74c0f88a136d3ede3a5dcd44eec2e84f8115243c89343d9af8ae40dcf55d8e5,0
1140,raw/evidence/tables/rawtrials_ulconstellation.csv,waveform/csv/rawtrials_ulconstellation.csv,45980b8046d4f4c7c2daffdebcf6a6e678b67b47d4f9704780ebdab14abb3177,45980b8046d4f4c7c2daffdebcf6a6e678b67b47d4f9704780ebdab14abb3177,0
1141,analytics/csv/spectral_efficiency_analytics.csv,waveform/csv/spectral_efficiency_analytics.csv,d274c4418cf399ab31436597c67bb7576d9331c14e3fea4c41696c9b00b2deeb,d274c4418cf399ab31436597c67bb7576d9331c14e3fea4c41696c9b00b2deeb,0
1142,analytics/csv/spectrum_analytics.csv,waveform/csv/spectrum_analytics.csv,7f8ee2e64f4981b8ad70c264207bf917f9568c6c7fad07834001711765925a21,7f8ee2e64f4981b8ad70c264207bf917f9568c6c7fad07834001711765925a21,0
1143,air_interface/csv/ul_constellation_samples.csv,waveform/csv/ul_constellation_samples.csv,9963f92005bb797fa0ac6a8d0965551060b9e46e5a7cd0caaf0b2716826cc6db,9963f92005bb797fa0ac6a8d0965551060b9e46e5a7cd0caaf0b2716826cc6db,0
1144,analytics/csv/waveform_analytics.csv,waveform/csv/waveform_analytics.csv,035793ff246ffbd8c3e311792e13345904294f7718bb669360e5d1393d3a37c6,035793ff246ffbd8c3e311792e13345904294f7718bb669360e5d1393d3a37c6,0
1145,analytics/csv/waveform_comparison_analytics.csv,waveform/csv/waveform_comparison_analytics.csv,d44c954cc583a768153599c4e0c734dde0e4679c6ba1e6e0adc7547c8870256a,d44c954cc583a768153599c4e0c734dde0e4679c6ba1e6e0adc7547c8870256a,0
1146,analytics/csv/waveform_stage_overlay_analytics.csv,waveform/csv/waveform_stage_overlay_analytics.csv,cab62869ad4ee85f901a355f10405fadd8d7ea4b8205054cec0c4e440e638440,cab62869ad4ee85f901a355f10405fadd8d7ea4b8205054cec0c4e440e638440,0
1147,analytics/image/contract__constellation-evm-analytics__constellation-per-codeword.png,waveform/image/contract__constellation-evm-analytics__constellation-per-codeword.png,4643269c19d1b8751588db601fa2112acc35d0f4a8a9921c4540272d57d5895d,4643269c19d1b8751588db601fa2112acc35d0f4a8a9921c4540272d57d5895d,0
1148,analytics/image/contract__constellation-evm-analytics__constellation-per-modulation-order.png,waveform/image/contract__constellation-evm-analytics__constellation-per-modulation-order.png,2e1861ac84ab0f0e69b4101c94aba4dcca9d46d39084939c327fe445456c3dc5,2e1861ac84ab0f0e69b4101c94aba4dcca9d46d39084939c327fe445456c3dc5,0
1149,analytics/image/contract__constellation-evm-analytics__evm-per-subcarrier.png,waveform/image/contract__constellation-evm-analytics__evm-per-subcarrier.png,16494ca07a231eea1466f9a0616d1321a1d4ad42683ec4ffed87c47a4ce7a4cb,16494ca07a231eea1466f9a0616d1321a1d4ad42683ec4ffed87c47a4ce7a4cb,0
1150,analytics/image/contract__constellation-evm-analytics__evm-per-symbol.png,waveform/image/contract__constellation-evm-analytics__evm-per-symbol.png,57664d16a2e0f668f4ca5cbef59fc8c58c0b8c57b52aac68420020ec5227343a,57664d16a2e0f668f4ca5cbef59fc8c58c0b8c57b52aac68420020ec5227343a,0
1151,analytics/image/contract__constellation-evm-analytics__evm-rms.png,waveform/image/contract__constellation-evm-analytics__evm-rms.png,b2518cf90fbd9bd94b9aa5211f13f6d1bbf91b8752f84c4afd84db1cd51518a8,b2518cf90fbd9bd94b9aa5211f13f6d1bbf91b8752f84c4afd84db1cd51518a8,0
1152,analytics/image/contract__constellation-evm-analytics__post-equalization-constellation.png,waveform/image/contract__constellation-evm-analytics__post-equalization-constellation.png,dfebe984b9edf8e0434111781c9e0fd5448d975d1330afa688b99474f9ff5a88,dfebe984b9edf8e0434111781c9e0fd5448d975d1330afa688b99474f9ff5a88,0
1153,analytics/image/contract__constellation-evm-analytics__symbol-decision-error-histogram.png,waveform/image/contract__constellation-evm-analytics__symbol-decision-error-histogram.png,2270e15228d90940d5626eb43ef7679458467c464073e03f32302a32aaa74183,2270e15228d90940d5626eb43ef7679458467c464073e03f32302a32aaa74183,0
1154,analytics/image/contract__power-energy-efficiency-analytics__papr-vs-power.png,waveform/image/contract__power-energy-efficiency-analytics__papr-vs-power.png,abb5cb98153d5d7754a5f12755c2c4e05480ad361207b8b29b75a1c5bf92776a,abb5cb98153d5d7754a5f12755c2c4e05480ad361207b8b29b75a1c5bf92776a,0
1155,reports/image/contract__power-energy-thermal-compute-runtime__papr-distribution.png,waveform/image/contract__power-energy-thermal-compute-runtime__papr-distribution.png,2e21bf5b20256b76b3eea59db791a978b2eb6c37742c03b4fd6977797be02e20,2e21bf5b20256b76b3eea59db791a978b2eb6c37742c03b4fd6977797be02e20,0
1156,analytics/image/contract__spectrum-psd-papr-analytics__clipping-event-histogram.png,waveform/image/contract__spectrum-psd-papr-analytics__clipping-event-histogram.png,8d178832fa22070b9601b1533c0dedcf7671517a4db8e1cf9da5ca9fda841138,8d178832fa22070b9601b1533c0dedcf7671517a4db8e1cf9da5ca9fda841138,0
1157,analytics/image/contract__spectrum-psd-papr-analytics__occupied-bandwidth.png,waveform/image/contract__spectrum-psd-papr-analytics__occupied-bandwidth.png,c202176db0f1d86e9e56f225c709a0a02edeea3a4afa080b93a474d9d270f43f,c202176db0f1d86e9e56f225c709a0a02edeea3a4afa080b93a474d9d270f43f,0
1158,analytics/image/contract__spectrum-psd-papr-analytics__out-of-band-spectral-summaries-if-measurable.png,waveform/image/contract__spectrum-psd-papr-analytics__out-of-band-spectral-summaries-if-measurable.png,54bdad49463645d0b5a520b2ed5e105639bebf399b5b8afddb89cc95c8b32089,54bdad49463645d0b5a520b2ed5e105639bebf399b5b8afddb89cc95c8b32089,0
1159,analytics/image/contract__spectrum-psd-papr-analytics__papr-histogram-cdf.png,waveform/image/contract__spectrum-psd-papr-analytics__papr-histogram-cdf.png,17510e5090f7c37befcfaca7b0580dd51c8bfd5d64f3800c0530b16454654501,17510e5090f7c37befcfaca7b0580dd51c8bfd5d64f3800c0530b16454654501,0
1160,analytics/image/contract__spectrum-psd-papr-analytics__power-spectral-comparison-before-after-impairment.png,waveform/image/contract__spectrum-psd-papr-analytics__power-spectral-comparison-before-after-impairment.png,7c87f633969cdd012cba4640fd3cd97cb277753ba9280187926b68573c953c8d,7c87f633969cdd012cba4640fd3cd97cb277753ba9280187926b68573c953c8d,0
1161,analytics/image/contract__spectrum-psd-papr-analytics__psd.png,waveform/image/contract__spectrum-psd-papr-analytics__psd.png,8885e3296d174ede2b58a51e298c517809172668c5687037c70b1e45db4833dc,8885e3296d174ede2b58a51e298c517809172668c5687037c70b1e45db4833dc,0
1162,analytics/image/contract__waveform-time-domain-analytics__magnitude-vs-sample.png,waveform/image/contract__waveform-time-domain-analytics__magnitude-vs-sample.png,ce62afee7adfebbabf26dc6e8f4666b1dab60b7736f76bb75516cd73fe28fa4d,ce62afee7adfebbabf26dc6e8f4666b1dab60b7736f76bb75516cd73fe28fa4d,0
1163,analytics/image/contract__waveform-time-domain-analytics__phase-vs-sample.png,waveform/image/contract__waveform-time-domain-analytics__phase-vs-sample.png,c6e4c4254e76d57a47c8cb6b7465bfce91125e3a5f0a45c9bcdfbebdd17bc346,c6e4c4254e76d57a47c8cb6b7465bfce91125e3a5f0a45c9bcdfbebdd17bc346,0
1164,analytics/image/contract__waveform-time-domain-analytics__power-vs-sample.png,waveform/image/contract__waveform-time-domain-analytics__power-vs-sample.png,a03ea02e9fb94e04931d1057ce9e18958cce5f692ecf7f157dbdfa313fed79ec,a03ea02e9fb94e04931d1057ce9e18958cce5f692ecf7f157dbdfa313fed79ec,0
1165,analytics/image/contract__waveform-time-domain-analytics__rx-waveform.png,waveform/image/contract__waveform-time-domain-analytics__rx-waveform.png,120bb42ad223f16f8038ef0c53007c2857c4f0678d25f0012e6af72b9e21b0ae,120bb42ad223f16f8038ef0c53007c2857c4f0678d25f0012e6af72b9e21b0ae,0
1166,analytics/image/contract__waveform-time-domain-analytics__tx-waveform.png,waveform/image/contract__waveform-time-domain-analytics__tx-waveform.png,4cf9aece4ac4a60fdca2f4a777714b1296c55bfe74d1841dec72fab675ec0023,4cf9aece4ac4a60fdca2f4a777714b1296c55bfe74d1841dec72fab675ec0023,0
