Step,UEIndex,RNTI,ServingCell,Frame,Slot,Time_s,Direction,StageName,EventName,LifecycleState,StageStatus,SourceArtifact,SourceRow,ValueSource,ValueRole,ValueStatus,ValueDefinition,SlotDuration_s,ProcedureStartSlot,ProcedureEndSlot,ProcedureDelay_ms,AccessDelay_ms,CompleteFlag,PlaceholderFlag,FallbackFlag,UnavailableReason,Notes
1,1,1,5,1,1,0,DL,PBCH,SSB_DETECTED,SSB_DETECTED,PASS,control/csv/pbch_trials.csv,not_applicable,slot_coupled_pbch_cell_search_observation,measured_runtime_procedure_event,available_runtime_observation,initial-access event timestamp recorded from the slot-coupled runtime evidence path,0.0005,not_applicable,not_applicable,not_applicable,not_applicable,0,0,0,none,SSB detection observed in the coupled PBCH/cell-search runtime gate.
2,1,1,5,1,1,0,DL,PBCH,PBCH_DECODED,PBCH_DECODED,PASS,control/csv/pbch_trials.csv,not_applicable,slot_coupled_pbch_decode_observation,measured_runtime_procedure_event,available_runtime_observation,initial-access event timestamp recorded from the slot-coupled runtime evidence path,0.0005,not_applicable,not_applicable,not_applicable,not_applicable,0,0,0,none,PBCH decode observed in the coupled PBCH/cell-search runtime gate.
3,2,2,3,1,1,0,DL,PBCH,SSB_DETECTED,SSB_DETECTED,PASS,control/csv/pbch_trials.csv,not_applicable,slot_coupled_pbch_cell_search_observation,measured_runtime_procedure_event,available_runtime_observation,initial-access event timestamp recorded from the slot-coupled runtime evidence path,0.0005,not_applicable,not_applicable,not_applicable,not_applicable,0,0,0,none,SSB detection observed in the coupled PBCH/cell-search runtime gate.
4,2,2,3,1,1,0,DL,PBCH,PBCH_DECODED,PBCH_DECODED,PASS,control/csv/pbch_trials.csv,not_applicable,slot_coupled_pbch_decode_observation,measured_runtime_procedure_event,available_runtime_observation,initial-access event timestamp recorded from the slot-coupled runtime evidence path,0.0005,not_applicable,not_applicable,not_applicable,not_applicable,0,0,0,none,PBCH decode observed in the coupled PBCH/cell-search runtime gate.
5,3,3,1,1,1,0,DL,PBCH,SSB_DETECTED,SSB_DETECTED,PASS,control/csv/pbch_trials.csv,not_applicable,slot_coupled_pbch_cell_search_observation,measured_runtime_procedure_event,available_runtime_observation,initial-access event timestamp recorded from the slot-coupled runtime evidence path,0.0005,not_applicable,not_applicable,not_applicable,not_applicable,0,0,0,none,SSB detection observed in the coupled PBCH/cell-search runtime gate.
6,3,3,1,1,1,0,DL,PBCH,PBCH_DECODED,PBCH_DECODED,PASS,control/csv/pbch_trials.csv,not_applicable,slot_coupled_pbch_decode_observation,measured_runtime_procedure_event,available_runtime_observation,initial-access event timestamp recorded from the slot-coupled runtime evidence path,0.0005,not_applicable,not_applicable,not_applicable,not_applicable,0,0,0,none,PBCH decode observed in the coupled PBCH/cell-search runtime gate.
7,4,4,2,1,1,0,DL,PBCH,SSB_DETECTED,SSB_DETECTED,PASS,control/csv/pbch_trials.csv,not_applicable,slot_coupled_pbch_cell_search_observation,measured_runtime_procedure_event,available_runtime_observation,initial-access event timestamp recorded from the slot-coupled runtime evidence path,0.0005,not_applicable,not_applicable,not_applicable,not_applicable,0,0,0,none,SSB detection observed in the coupled PBCH/cell-search runtime gate.
8,4,4,2,1,1,0,DL,PBCH,PBCH_DECODED,PBCH_DECODED,PASS,control/csv/pbch_trials.csv,not_applicable,slot_coupled_pbch_decode_observation,measured_runtime_procedure_event,available_runtime_observation,initial-access event timestamp recorded from the slot-coupled runtime evidence path,0.0005,not_applicable,not_applicable,not_applicable,not_applicable,0,0,0,none,PBCH decode observed in the coupled PBCH/cell-search runtime gate.
9,5,5,5,1,1,0,DL,PBCH,SSB_DETECTED,SSB_DETECTED,PASS,control/csv/pbch_trials.csv,not_applicable,slot_coupled_pbch_cell_search_observation,measured_runtime_procedure_event,available_runtime_observation,initial-access event timestamp recorded from the slot-coupled runtime evidence path,0.0005,not_applicable,not_applicable,not_applicable,not_applicable,0,0,0,none,SSB detection observed in the coupled PBCH/cell-search runtime gate.
10,5,5,5,1,1,0,DL,PBCH,PBCH_DECODED,PBCH_DECODED,PASS,control/csv/pbch_trials.csv,not_applicable,slot_coupled_pbch_decode_observation,measured_runtime_procedure_event,available_runtime_observation,initial-access event timestamp recorded from the slot-coupled runtime evidence path,0.0005,not_applicable,not_applicable,not_applicable,not_applicable,0,0,0,none,PBCH decode observed in the coupled PBCH/cell-search runtime gate.
11,6,6,2,1,1,0,DL,PBCH,SSB_DETECTED,SSB_DETECTED,PASS,control/csv/pbch_trials.csv,not_applicable,slot_coupled_pbch_cell_search_observation,measured_runtime_procedure_event,available_runtime_observation,initial-access event timestamp recorded from the slot-coupled runtime evidence path,0.0005,not_applicable,not_applicable,not_applicable,not_applicable,0,0,0,none,SSB detection observed in the coupled PBCH/cell-search runtime gate.
12,6,6,2,1,1,0,DL,PBCH,PBCH_DECODED,PBCH_DECODED,PASS,control/csv/pbch_trials.csv,not_applicable,slot_coupled_pbch_decode_observation,measured_runtime_procedure_event,available_runtime_observation,initial-access event timestamp recorded from the slot-coupled runtime evidence path,0.0005,not_applicable,not_applicable,not_applicable,not_applicable,0,0,0,none,PBCH decode observed in the coupled PBCH/cell-search runtime gate.
13,7,7,1,1,1,0,DL,PBCH,SSB_DETECTED,SSB_DETECTED,PASS,control/csv/pbch_trials.csv,not_applicable,slot_coupled_pbch_cell_search_observation,measured_runtime_procedure_event,available_runtime_observation,initial-access event timestamp recorded from the slot-coupled runtime evidence path,0.0005,not_applicable,not_applicable,not_applicable,not_applicable,0,0,0,none,SSB detection observed in the coupled PBCH/cell-search runtime gate.
14,7,7,1,1,1,0,DL,PBCH,PBCH_DECODED,PBCH_DECODED,PASS,control/csv/pbch_trials.csv,not_applicable,slot_coupled_pbch_decode_observation,measured_runtime_procedure_event,available_runtime_observation,initial-access event timestamp recorded from the slot-coupled runtime evidence path,0.0005,not_applicable,not_applicable,not_applicable,not_applicable,0,0,0,none,PBCH decode observed in the coupled PBCH/cell-search runtime gate.
15,8,8,4,1,1,0,DL,PBCH,SSB_DETECTED,SSB_DETECTED,PASS,control/csv/pbch_trials.csv,not_applicable,slot_coupled_pbch_cell_search_observation,measured_runtime_procedure_event,available_runtime_observation,initial-access event timestamp recorded from the slot-coupled runtime evidence path,0.0005,not_applicable,not_applicable,not_applicable,not_applicable,0,0,0,none,SSB detection observed in the coupled PBCH/cell-search runtime gate.
16,8,8,4,1,1,0,DL,PBCH,PBCH_DECODED,PBCH_DECODED,PASS,control/csv/pbch_trials.csv,not_applicable,slot_coupled_pbch_decode_observation,measured_runtime_procedure_event,available_runtime_observation,initial-access event timestamp recorded from the slot-coupled runtime evidence path,0.0005,not_applicable,not_applicable,not_applicable,not_applicable,0,0,0,none,PBCH decode observed in the coupled PBCH/cell-search runtime gate.
17,9,9,4,1,1,0,DL,PBCH,SSB_DETECTED,SSB_DETECTED,PASS,control/csv/pbch_trials.csv,not_applicable,slot_coupled_pbch_cell_search_observation,measured_runtime_procedure_event,available_runtime_observation,initial-access event timestamp recorded from the slot-coupled runtime evidence path,0.0005,not_applicable,not_applicable,not_applicable,not_applicable,0,0,0,none,SSB detection observed in the coupled PBCH/cell-search runtime gate.
18,9,9,4,1,1,0,DL,PBCH,PBCH_DECODED,PBCH_DECODED,PASS,control/csv/pbch_trials.csv,not_applicable,slot_coupled_pbch_decode_observation,measured_runtime_procedure_event,available_runtime_observation,initial-access event timestamp recorded from the slot-coupled runtime evidence path,0.0005,not_applicable,not_applicable,not_applicable,not_applicable,0,0,0,none,PBCH decode observed in the coupled PBCH/cell-search runtime gate.
19,10,10,2,1,1,0,DL,PBCH,SSB_DETECTED,SSB_DETECTED,PASS,control/csv/pbch_trials.csv,not_applicable,slot_coupled_pbch_cell_search_observation,measured_runtime_procedure_event,available_runtime_observation,initial-access event timestamp recorded from the slot-coupled runtime evidence path,0.0005,not_applicable,not_applicable,not_applicable,not_applicable,0,0,0,none,SSB detection observed in the coupled PBCH/cell-search runtime gate.
20,10,10,2,1,1,0,DL,PBCH,PBCH_DECODED,PBCH_DECODED,PASS,control/csv/pbch_trials.csv,not_applicable,slot_coupled_pbch_decode_observation,measured_runtime_procedure_event,available_runtime_observation,initial-access event timestamp recorded from the slot-coupled runtime evidence path,0.0005,not_applicable,not_applicable,not_applicable,not_applicable,0,0,0,none,PBCH decode observed in the coupled PBCH/cell-search runtime gate.
21,11,11,5,1,1,0,DL,PBCH,SSB_DETECTED,SSB_DETECTED,PASS,control/csv/pbch_trials.csv,not_applicable,slot_coupled_pbch_cell_search_observation,measured_runtime_procedure_event,available_runtime_observation,initial-access event timestamp recorded from the slot-coupled runtime evidence path,0.0005,not_applicable,not_applicable,not_applicable,not_applicable,0,0,0,none,SSB detection observed in the coupled PBCH/cell-search runtime gate.
22,11,11,5,1,1,0,DL,PBCH,PBCH_DECODED,PBCH_DECODED,PASS,control/csv/pbch_trials.csv,not_applicable,slot_coupled_pbch_decode_observation,measured_runtime_procedure_event,available_runtime_observation,initial-access event timestamp recorded from the slot-coupled runtime evidence path,0.0005,not_applicable,not_applicable,not_applicable,not_applicable,0,0,0,none,PBCH decode observed in the coupled PBCH/cell-search runtime gate.
23,12,12,3,1,1,0,DL,PBCH,SSB_DETECTED,SSB_DETECTED,PASS,control/csv/pbch_trials.csv,not_applicable,slot_coupled_pbch_cell_search_observation,measured_runtime_procedure_event,available_runtime_observation,initial-access event timestamp recorded from the slot-coupled runtime evidence path,0.0005,not_applicable,not_applicable,not_applicable,not_applicable,0,0,0,none,SSB detection observed in the coupled PBCH/cell-search runtime gate.
24,12,12,3,1,1,0,DL,PBCH,PBCH_DECODED,PBCH_DECODED,PASS,control/csv/pbch_trials.csv,not_applicable,slot_coupled_pbch_decode_observation,measured_runtime_procedure_event,available_runtime_observation,initial-access event timestamp recorded from the slot-coupled runtime evidence path,0.0005,not_applicable,not_applicable,not_applicable,not_applicable,0,0,0,none,PBCH decode observed in the coupled PBCH/cell-search runtime gate.
25,13,13,3,1,1,0,DL,PBCH,SSB_DETECTED,SSB_DETECTED,PASS,control/csv/pbch_trials.csv,not_applicable,slot_coupled_pbch_cell_search_observation,measured_runtime_procedure_event,available_runtime_observation,initial-access event timestamp recorded from the slot-coupled runtime evidence path,0.0005,not_applicable,not_applicable,not_applicable,not_applicable,0,0,0,none,SSB detection observed in the coupled PBCH/cell-search runtime gate.
26,13,13,3,1,1,0,DL,PBCH,PBCH_DECODED,PBCH_DECODED,PASS,control/csv/pbch_trials.csv,not_applicable,slot_coupled_pbch_decode_observation,measured_runtime_procedure_event,available_runtime_observation,initial-access event timestamp recorded from the slot-coupled runtime evidence path,0.0005,not_applicable,not_applicable,not_applicable,not_applicable,0,0,0,none,PBCH decode observed in the coupled PBCH/cell-search runtime gate.
27,14,14,1,1,1,0,DL,PBCH,SSB_DETECTED,SSB_DETECTED,PASS,control/csv/pbch_trials.csv,not_applicable,slot_coupled_pbch_cell_search_observation,measured_runtime_procedure_event,available_runtime_observation,initial-access event timestamp recorded from the slot-coupled runtime evidence path,0.0005,not_applicable,not_applicable,not_applicable,not_applicable,0,0,0,none,SSB detection observed in the coupled PBCH/cell-search runtime gate.
28,14,14,1,1,1,0,DL,PBCH,PBCH_DECODED,PBCH_DECODED,PASS,control/csv/pbch_trials.csv,not_applicable,slot_coupled_pbch_decode_observation,measured_runtime_procedure_event,available_runtime_observation,initial-access event timestamp recorded from the slot-coupled runtime evidence path,0.0005,not_applicable,not_applicable,not_applicable,not_applicable,0,0,0,none,PBCH decode observed in the coupled PBCH/cell-search runtime gate.
29,15,15,3,1,1,0,DL,PBCH,SSB_DETECTED,SSB_DETECTED,PASS,control/csv/pbch_trials.csv,not_applicable,slot_coupled_pbch_cell_search_observation,measured_runtime_procedure_event,available_runtime_observation,initial-access event timestamp recorded from the slot-coupled runtime evidence path,0.0005,not_applicable,not_applicable,not_applicable,not_applicable,0,0,0,none,SSB detection observed in the coupled PBCH/cell-search runtime gate.
30,15,15,3,1,1,0,DL,PBCH,PBCH_DECODED,PBCH_DECODED,PASS,control/csv/pbch_trials.csv,not_applicable,slot_coupled_pbch_decode_observation,measured_runtime_procedure_event,available_runtime_observation,initial-access event timestamp recorded from the slot-coupled runtime evidence path,0.0005,not_applicable,not_applicable,not_applicable,not_applicable,0,0,0,none,PBCH decode observed in the coupled PBCH/cell-search runtime gate.
31,16,16,1,1,1,0,DL,PBCH,SSB_DETECTED,SSB_DETECTED,PASS,control/csv/pbch_trials.csv,not_applicable,slot_coupled_pbch_cell_search_observation,measured_runtime_procedure_event,available_runtime_observation,initial-access event timestamp recorded from the slot-coupled runtime evidence path,0.0005,not_applicable,not_applicable,not_applicable,not_applicable,0,0,0,none,SSB detection observed in the coupled PBCH/cell-search runtime gate.
32,16,16,1,1,1,0,DL,PBCH,PBCH_DECODED,PBCH_DECODED,PASS,control/csv/pbch_trials.csv,not_applicable,slot_coupled_pbch_decode_observation,measured_runtime_procedure_event,available_runtime_observation,initial-access event timestamp recorded from the slot-coupled runtime evidence path,0.0005,not_applicable,not_applicable,not_applicable,not_applicable,0,0,0,none,PBCH decode observed in the coupled PBCH/cell-search runtime gate.
33,17,17,4,1,1,0,DL,PBCH,SSB_DETECTED,SSB_DETECTED,PASS,control/csv/pbch_trials.csv,not_applicable,slot_coupled_pbch_cell_search_observation,measured_runtime_procedure_event,available_runtime_observation,initial-access event timestamp recorded from the slot-coupled runtime evidence path,0.0005,not_applicable,not_applicable,not_applicable,not_applicable,0,0,0,none,SSB detection observed in the coupled PBCH/cell-search runtime gate.
34,17,17,4,1,1,0,DL,PBCH,PBCH_DECODED,PBCH_DECODED,PASS,control/csv/pbch_trials.csv,not_applicable,slot_coupled_pbch_decode_observation,measured_runtime_procedure_event,available_runtime_observation,initial-access event timestamp recorded from the slot-coupled runtime evidence path,0.0005,not_applicable,not_applicable,not_applicable,not_applicable,0,0,0,none,PBCH decode observed in the coupled PBCH/cell-search runtime gate.
35,18,18,3,1,1,0,DL,PBCH,SSB_DETECTED,SSB_DETECTED,PASS,control/csv/pbch_trials.csv,not_applicable,slot_coupled_pbch_cell_search_observation,measured_runtime_procedure_event,available_runtime_observation,initial-access event timestamp recorded from the slot-coupled runtime evidence path,0.0005,not_applicable,not_applicable,not_applicable,not_applicable,0,0,0,none,SSB detection observed in the coupled PBCH/cell-search runtime gate.
36,18,18,3,1,1,0,DL,PBCH,PBCH_DECODED,PBCH_DECODED,PASS,control/csv/pbch_trials.csv,not_applicable,slot_coupled_pbch_decode_observation,measured_runtime_procedure_event,available_runtime_observation,initial-access event timestamp recorded from the slot-coupled runtime evidence path,0.0005,not_applicable,not_applicable,not_applicable,not_applicable,0,0,0,none,PBCH decode observed in the coupled PBCH/cell-search runtime gate.
37,19,19,1,1,1,0,DL,PBCH,SSB_DETECTED,SSB_DETECTED,PASS,control/csv/pbch_trials.csv,not_applicable,slot_coupled_pbch_cell_search_observation,measured_runtime_procedure_event,available_runtime_observation,initial-access event timestamp recorded from the slot-coupled runtime evidence path,0.0005,not_applicable,not_applicable,not_applicable,not_applicable,0,0,0,none,SSB detection observed in the coupled PBCH/cell-search runtime gate.
38,19,19,1,1,1,0,DL,PBCH,PBCH_DECODED,PBCH_DECODED,PASS,control/csv/pbch_trials.csv,not_applicable,slot_coupled_pbch_decode_observation,measured_runtime_procedure_event,available_runtime_observation,initial-access event timestamp recorded from the slot-coupled runtime evidence path,0.0005,not_applicable,not_applicable,not_applicable,not_applicable,0,0,0,none,PBCH decode observed in the coupled PBCH/cell-search runtime gate.
39,20,20,4,1,1,0,DL,PBCH,SSB_DETECTED,SSB_DETECTED,PASS,control/csv/pbch_trials.csv,not_applicable,slot_coupled_pbch_cell_search_observation,measured_runtime_procedure_event,available_runtime_observation,initial-access event timestamp recorded from the slot-coupled runtime evidence path,0.0005,not_applicable,not_applicable,not_applicable,not_applicable,0,0,0,none,SSB detection observed in the coupled PBCH/cell-search runtime gate.
40,20,20,4,1,1,0,DL,PBCH,PBCH_DECODED,PBCH_DECODED,PASS,control/csv/pbch_trials.csv,not_applicable,slot_coupled_pbch_decode_observation,measured_runtime_procedure_event,available_runtime_observation,initial-access event timestamp recorded from the slot-coupled runtime evidence path,0.0005,not_applicable,not_applicable,not_applicable,not_applicable,0,0,0,none,PBCH decode observed in the coupled PBCH/cell-search runtime gate.
41,21,21,5,1,1,0,DL,PBCH,SSB_DETECTED,SSB_DETECTED,PASS,control/csv/pbch_trials.csv,not_applicable,slot_coupled_pbch_cell_search_observation,measured_runtime_procedure_event,available_runtime_observation,initial-access event timestamp recorded from the slot-coupled runtime evidence path,0.0005,not_applicable,not_applicable,not_applicable,not_applicable,0,0,0,none,SSB detection observed in the coupled PBCH/cell-search runtime gate.
42,21,21,5,1,1,0,DL,PBCH,PBCH_DECODED,PBCH_DECODED,PASS,control/csv/pbch_trials.csv,not_applicable,slot_coupled_pbch_decode_observation,measured_runtime_procedure_event,available_runtime_observation,initial-access event timestamp recorded from the slot-coupled runtime evidence path,0.0005,not_applicable,not_applicable,not_applicable,not_applicable,0,0,0,none,PBCH decode observed in the coupled PBCH/cell-search runtime gate.
43,22,22,4,1,1,0,DL,PBCH,SSB_DETECTED,SSB_DETECTED,PASS,control/csv/pbch_trials.csv,not_applicable,slot_coupled_pbch_cell_search_observation,measured_runtime_procedure_event,available_runtime_observation,initial-access event timestamp recorded from the slot-coupled runtime evidence path,0.0005,not_applicable,not_applicable,not_applicable,not_applicable,0,0,0,none,SSB detection observed in the coupled PBCH/cell-search runtime gate.
44,22,22,4,1,1,0,DL,PBCH,PBCH_DECODED,PBCH_DECODED,PASS,control/csv/pbch_trials.csv,not_applicable,slot_coupled_pbch_decode_observation,measured_runtime_procedure_event,available_runtime_observation,initial-access event timestamp recorded from the slot-coupled runtime evidence path,0.0005,not_applicable,not_applicable,not_applicable,not_applicable,0,0,0,none,PBCH decode observed in the coupled PBCH/cell-search runtime gate.
45,23,23,3,1,1,0,DL,PBCH,SSB_DETECTED,SSB_DETECTED,PASS,control/csv/pbch_trials.csv,not_applicable,slot_coupled_pbch_cell_search_observation,measured_runtime_procedure_event,available_runtime_observation,initial-access event timestamp recorded from the slot-coupled runtime evidence path,0.0005,not_applicable,not_applicable,not_applicable,not_applicable,0,0,0,none,SSB detection observed in the coupled PBCH/cell-search runtime gate.
46,23,23,3,1,1,0,DL,PBCH,PBCH_DECODED,PBCH_DECODED,PASS,control/csv/pbch_trials.csv,not_applicable,slot_coupled_pbch_decode_observation,measured_runtime_procedure_event,available_runtime_observation,initial-access event timestamp recorded from the slot-coupled runtime evidence path,0.0005,not_applicable,not_applicable,not_applicable,not_applicable,0,0,0,none,PBCH decode observed in the coupled PBCH/cell-search runtime gate.
47,24,24,3,1,1,0,DL,PBCH,SSB_DETECTED,SSB_DETECTED,PASS,control/csv/pbch_trials.csv,not_applicable,slot_coupled_pbch_cell_search_observation,measured_runtime_procedure_event,available_runtime_observation,initial-access event timestamp recorded from the slot-coupled runtime evidence path,0.0005,not_applicable,not_applicable,not_applicable,not_applicable,0,0,0,none,SSB detection observed in the coupled PBCH/cell-search runtime gate.
48,24,24,3,1,1,0,DL,PBCH,PBCH_DECODED,PBCH_DECODED,PASS,control/csv/pbch_trials.csv,not_applicable,slot_coupled_pbch_decode_observation,measured_runtime_procedure_event,available_runtime_observation,initial-access event timestamp recorded from the slot-coupled runtime evidence path,0.0005,not_applicable,not_applicable,not_applicable,not_applicable,0,0,0,none,PBCH decode observed in the coupled PBCH/cell-search runtime gate.
49,25,25,5,1,1,0,DL,PBCH,SSB_DETECTED,SSB_DETECTED,PASS,control/csv/pbch_trials.csv,not_applicable,slot_coupled_pbch_cell_search_observation,measured_runtime_procedure_event,available_runtime_observation,initial-access event timestamp recorded from the slot-coupled runtime evidence path,0.0005,not_applicable,not_applicable,not_applicable,not_applicable,0,0,0,none,SSB detection observed in the coupled PBCH/cell-search runtime gate.
50,25,25,5,1,1,0,DL,PBCH,PBCH_DECODED,PBCH_DECODED,PASS,control/csv/pbch_trials.csv,not_applicable,slot_coupled_pbch_decode_observation,measured_runtime_procedure_event,available_runtime_observation,initial-access event timestamp recorded from the slot-coupled runtime evidence path,0.0005,not_applicable,not_applicable,not_applicable,not_applicable,0,0,0,none,PBCH decode observed in the coupled PBCH/cell-search runtime gate.
51,26,26,1,1,1,0,DL,PBCH,SSB_DETECTED,SSB_DETECTED,PASS,control/csv/pbch_trials.csv,not_applicable,slot_coupled_pbch_cell_search_observation,measured_runtime_procedure_event,available_runtime_observation,initial-access event timestamp recorded from the slot-coupled runtime evidence path,0.0005,not_applicable,not_applicable,not_applicable,not_applicable,0,0,0,none,SSB detection observed in the coupled PBCH/cell-search runtime gate.
52,26,26,1,1,1,0,DL,PBCH,PBCH_DECODED,PBCH_DECODED,PASS,control/csv/pbch_trials.csv,not_applicable,slot_coupled_pbch_decode_observation,measured_runtime_procedure_event,available_runtime_observation,initial-access event timestamp recorded from the slot-coupled runtime evidence path,0.0005,not_applicable,not_applicable,not_applicable,not_applicable,0,0,0,none,PBCH decode observed in the coupled PBCH/cell-search runtime gate.
53,27,27,4,1,1,0,DL,PBCH,SSB_DETECTED,SSB_DETECTED,PASS,control/csv/pbch_trials.csv,not_applicable,slot_coupled_pbch_cell_search_observation,measured_runtime_procedure_event,available_runtime_observation,initial-access event timestamp recorded from the slot-coupled runtime evidence path,0.0005,not_applicable,not_applicable,not_applicable,not_applicable,0,0,0,none,SSB detection observed in the coupled PBCH/cell-search runtime gate.
54,27,27,4,1,1,0,DL,PBCH,PBCH_DECODED,PBCH_DECODED,PASS,control/csv/pbch_trials.csv,not_applicable,slot_coupled_pbch_decode_observation,measured_runtime_procedure_event,available_runtime_observation,initial-access event timestamp recorded from the slot-coupled runtime evidence path,0.0005,not_applicable,not_applicable,not_applicable,not_applicable,0,0,0,none,PBCH decode observed in the coupled PBCH/cell-search runtime gate.
55,28,28,5,1,1,0,DL,PBCH,SSB_DETECTED,SSB_DETECTED,PASS,control/csv/pbch_trials.csv,not_applicable,slot_coupled_pbch_cell_search_observation,measured_runtime_procedure_event,available_runtime_observation,initial-access event timestamp recorded from the slot-coupled runtime evidence path,0.0005,not_applicable,not_applicable,not_applicable,not_applicable,0,0,0,none,SSB detection observed in the coupled PBCH/cell-search runtime gate.
56,28,28,5,1,1,0,DL,PBCH,PBCH_DECODED,PBCH_DECODED,PASS,control/csv/pbch_trials.csv,not_applicable,slot_coupled_pbch_decode_observation,measured_runtime_procedure_event,available_runtime_observation,initial-access event timestamp recorded from the slot-coupled runtime evidence path,0.0005,not_applicable,not_applicable,not_applicable,not_applicable,0,0,0,none,PBCH decode observed in the coupled PBCH/cell-search runtime gate.
57,29,29,2,1,1,0,DL,PBCH,SSB_DETECTED,SSB_DETECTED,PASS,control/csv/pbch_trials.csv,not_applicable,slot_coupled_pbch_cell_search_observation,measured_runtime_procedure_event,available_runtime_observation,initial-access event timestamp recorded from the slot-coupled runtime evidence path,0.0005,not_applicable,not_applicable,not_applicable,not_applicable,0,0,0,none,SSB detection observed in the coupled PBCH/cell-search runtime gate.
58,29,29,2,1,1,0,DL,PBCH,PBCH_DECODED,PBCH_DECODED,PASS,control/csv/pbch_trials.csv,not_applicable,slot_coupled_pbch_decode_observation,measured_runtime_procedure_event,available_runtime_observation,initial-access event timestamp recorded from the slot-coupled runtime evidence path,0.0005,not_applicable,not_applicable,not_applicable,not_applicable,0,0,0,none,PBCH decode observed in the coupled PBCH/cell-search runtime gate.
59,30,30,5,1,1,0,DL,PBCH,SSB_DETECTED,SSB_DETECTED,PASS,control/csv/pbch_trials.csv,not_applicable,slot_coupled_pbch_cell_search_observation,measured_runtime_procedure_event,available_runtime_observation,initial-access event timestamp recorded from the slot-coupled runtime evidence path,0.0005,not_applicable,not_applicable,not_applicable,not_applicable,0,0,0,none,SSB detection observed in the coupled PBCH/cell-search runtime gate.
60,30,30,5,1,1,0,DL,PBCH,PBCH_DECODED,PBCH_DECODED,PASS,control/csv/pbch_trials.csv,not_applicable,slot_coupled_pbch_decode_observation,measured_runtime_procedure_event,available_runtime_observation,initial-access event timestamp recorded from the slot-coupled runtime evidence path,0.0005,not_applicable,not_applicable,not_applicable,not_applicable,0,0,0,none,PBCH decode observed in the coupled PBCH/cell-search runtime gate.
61,31,31,5,1,1,0,DL,PBCH,SSB_DETECTED,SSB_DETECTED,PASS,control/csv/pbch_trials.csv,not_applicable,slot_coupled_pbch_cell_search_observation,measured_runtime_procedure_event,available_runtime_observation,initial-access event timestamp recorded from the slot-coupled runtime evidence path,0.0005,not_applicable,not_applicable,not_applicable,not_applicable,0,0,0,none,SSB detection observed in the coupled PBCH/cell-search runtime gate.
62,31,31,5,1,1,0,DL,PBCH,PBCH_DECODED,PBCH_DECODED,PASS,control/csv/pbch_trials.csv,not_applicable,slot_coupled_pbch_decode_observation,measured_runtime_procedure_event,available_runtime_observation,initial-access event timestamp recorded from the slot-coupled runtime evidence path,0.0005,not_applicable,not_applicable,not_applicable,not_applicable,0,0,0,none,PBCH decode observed in the coupled PBCH/cell-search runtime gate.
63,32,32,4,1,1,0,DL,PBCH,SSB_DETECTED,SSB_DETECTED,PASS,control/csv/pbch_trials.csv,not_applicable,slot_coupled_pbch_cell_search_observation,measured_runtime_procedure_event,available_runtime_observation,initial-access event timestamp recorded from the slot-coupled runtime evidence path,0.0005,not_applicable,not_applicable,not_applicable,not_applicable,0,0,0,none,SSB detection observed in the coupled PBCH/cell-search runtime gate.
64,32,32,4,1,1,0,DL,PBCH,PBCH_DECODED,PBCH_DECODED,PASS,control/csv/pbch_trials.csv,not_applicable,slot_coupled_pbch_decode_observation,measured_runtime_procedure_event,available_runtime_observation,initial-access event timestamp recorded from the slot-coupled runtime evidence path,0.0005,not_applicable,not_applicable,not_applicable,not_applicable,0,0,0,none,PBCH decode observed in the coupled PBCH/cell-search runtime gate.
65,33,33,2,1,1,0,DL,PBCH,SSB_DETECTED,SSB_DETECTED,PASS,control/csv/pbch_trials.csv,not_applicable,slot_coupled_pbch_cell_search_observation,measured_runtime_procedure_event,available_runtime_observation,initial-access event timestamp recorded from the slot-coupled runtime evidence path,0.0005,not_applicable,not_applicable,not_applicable,not_applicable,0,0,0,none,SSB detection observed in the coupled PBCH/cell-search runtime gate.
66,33,33,2,1,1,0,DL,PBCH,PBCH_DECODED,PBCH_DECODED,PASS,control/csv/pbch_trials.csv,not_applicable,slot_coupled_pbch_decode_observation,measured_runtime_procedure_event,available_runtime_observation,initial-access event timestamp recorded from the slot-coupled runtime evidence path,0.0005,not_applicable,not_applicable,not_applicable,not_applicable,0,0,0,none,PBCH decode observed in the coupled PBCH/cell-search runtime gate.
67,34,34,1,1,1,0,DL,PBCH,SSB_DETECTED,SSB_DETECTED,PASS,control/csv/pbch_trials.csv,not_applicable,slot_coupled_pbch_cell_search_observation,measured_runtime_procedure_event,available_runtime_observation,initial-access event timestamp recorded from the slot-coupled runtime evidence path,0.0005,not_applicable,not_applicable,not_applicable,not_applicable,0,0,0,none,SSB detection observed in the coupled PBCH/cell-search runtime gate.
68,34,34,1,1,1,0,DL,PBCH,PBCH_DECODED,PBCH_DECODED,PASS,control/csv/pbch_trials.csv,not_applicable,slot_coupled_pbch_decode_observation,measured_runtime_procedure_event,available_runtime_observation,initial-access event timestamp recorded from the slot-coupled runtime evidence path,0.0005,not_applicable,not_applicable,not_applicable,not_applicable,0,0,0,none,PBCH decode observed in the coupled PBCH/cell-search runtime gate.
69,35,35,2,1,1,0,DL,PBCH,SSB_DETECTED,SSB_DETECTED,PASS,control/csv/pbch_trials.csv,not_applicable,slot_coupled_pbch_cell_search_observation,measured_runtime_procedure_event,available_runtime_observation,initial-access event timestamp recorded from the slot-coupled runtime evidence path,0.0005,not_applicable,not_applicable,not_applicable,not_applicable,0,0,0,none,SSB detection observed in the coupled PBCH/cell-search runtime gate.
70,35,35,2,1,1,0,DL,PBCH,PBCH_DECODED,PBCH_DECODED,PASS,control/csv/pbch_trials.csv,not_applicable,slot_coupled_pbch_decode_observation,measured_runtime_procedure_event,available_runtime_observation,initial-access event timestamp recorded from the slot-coupled runtime evidence path,0.0005,not_applicable,not_applicable,not_applicable,not_applicable,0,0,0,none,PBCH decode observed in the coupled PBCH/cell-search runtime gate.
71,36,36,5,1,1,0,DL,PBCH,SSB_DETECTED,SSB_DETECTED,PASS,control/csv/pbch_trials.csv,not_applicable,slot_coupled_pbch_cell_search_observation,measured_runtime_procedure_event,available_runtime_observation,initial-access event timestamp recorded from the slot-coupled runtime evidence path,0.0005,not_applicable,not_applicable,not_applicable,not_applicable,0,0,0,none,SSB detection observed in the coupled PBCH/cell-search runtime gate.
72,36,36,5,1,1,0,DL,PBCH,PBCH_DECODED,PBCH_DECODED,PASS,control/csv/pbch_trials.csv,not_applicable,slot_coupled_pbch_decode_observation,measured_runtime_procedure_event,available_runtime_observation,initial-access event timestamp recorded from the slot-coupled runtime evidence path,0.0005,not_applicable,not_applicable,not_applicable,not_applicable,0,0,0,none,PBCH decode observed in the coupled PBCH/cell-search runtime gate.
73,37,37,4,1,1,0,DL,PBCH,SSB_DETECTED,SSB_DETECTED,PASS,control/csv/pbch_trials.csv,not_applicable,slot_coupled_pbch_cell_search_observation,measured_runtime_procedure_event,available_runtime_observation,initial-access event timestamp recorded from the slot-coupled runtime evidence path,0.0005,not_applicable,not_applicable,not_applicable,not_applicable,0,0,0,none,SSB detection observed in the coupled PBCH/cell-search runtime gate.
74,37,37,4,1,1,0,DL,PBCH,PBCH_DECODED,PBCH_DECODED,PASS,control/csv/pbch_trials.csv,not_applicable,slot_coupled_pbch_decode_observation,measured_runtime_procedure_event,available_runtime_observation,initial-access event timestamp recorded from the slot-coupled runtime evidence path,0.0005,not_applicable,not_applicable,not_applicable,not_applicable,0,0,0,none,PBCH decode observed in the coupled PBCH/cell-search runtime gate.
75,38,38,4,1,1,0,DL,PBCH,SSB_DETECTED,SSB_DETECTED,PASS,control/csv/pbch_trials.csv,not_applicable,slot_coupled_pbch_cell_search_observation,measured_runtime_procedure_event,available_runtime_observation,initial-access event timestamp recorded from the slot-coupled runtime evidence path,0.0005,not_applicable,not_applicable,not_applicable,not_applicable,0,0,0,none,SSB detection observed in the coupled PBCH/cell-search runtime gate.
76,38,38,4,1,1,0,DL,PBCH,PBCH_DECODED,PBCH_DECODED,PASS,control/csv/pbch_trials.csv,not_applicable,slot_coupled_pbch_decode_observation,measured_runtime_procedure_event,available_runtime_observation,initial-access event timestamp recorded from the slot-coupled runtime evidence path,0.0005,not_applicable,not_applicable,not_applicable,not_applicable,0,0,0,none,PBCH decode observed in the coupled PBCH/cell-search runtime gate.
77,39,39,5,1,1,0,DL,PBCH,SSB_DETECTED,SSB_DETECTED,PASS,control/csv/pbch_trials.csv,not_applicable,slot_coupled_pbch_cell_search_observation,measured_runtime_procedure_event,available_runtime_observation,initial-access event timestamp recorded from the slot-coupled runtime evidence path,0.0005,not_applicable,not_applicable,not_applicable,not_applicable,0,0,0,none,SSB detection observed in the coupled PBCH/cell-search runtime gate.
78,39,39,5,1,1,0,DL,PBCH,PBCH_DECODED,PBCH_DECODED,PASS,control/csv/pbch_trials.csv,not_applicable,slot_coupled_pbch_decode_observation,measured_runtime_procedure_event,available_runtime_observation,initial-access event timestamp recorded from the slot-coupled runtime evidence path,0.0005,not_applicable,not_applicable,not_applicable,not_applicable,0,0,0,none,PBCH decode observed in the coupled PBCH/cell-search runtime gate.
79,40,40,1,1,1,0,DL,PBCH,SSB_DETECTED,SSB_DETECTED,PASS,control/csv/pbch_trials.csv,not_applicable,slot_coupled_pbch_cell_search_observation,measured_runtime_procedure_event,available_runtime_observation,initial-access event timestamp recorded from the slot-coupled runtime evidence path,0.0005,not_applicable,not_applicable,not_applicable,not_applicable,0,0,0,none,SSB detection observed in the coupled PBCH/cell-search runtime gate.
80,40,40,1,1,1,0,DL,PBCH,PBCH_DECODED,PBCH_DECODED,PASS,control/csv/pbch_trials.csv,not_applicable,slot_coupled_pbch_decode_observation,measured_runtime_procedure_event,available_runtime_observation,initial-access event timestamp recorded from the slot-coupled runtime evidence path,0.0005,not_applicable,not_applicable,not_applicable,not_applicable,0,0,0,none,PBCH decode observed in the coupled PBCH/cell-search runtime gate.
81,41,41,2,1,1,0,DL,PBCH,SSB_DETECTED,SSB_DETECTED,PASS,control/csv/pbch_trials.csv,not_applicable,slot_coupled_pbch_cell_search_observation,measured_runtime_procedure_event,available_runtime_observation,initial-access event timestamp recorded from the slot-coupled runtime evidence path,0.0005,not_applicable,not_applicable,not_applicable,not_applicable,0,0,0,none,SSB detection observed in the coupled PBCH/cell-search runtime gate.
82,41,41,2,1,1,0,DL,PBCH,PBCH_DECODED,PBCH_DECODED,PASS,control/csv/pbch_trials.csv,not_applicable,slot_coupled_pbch_decode_observation,measured_runtime_procedure_event,available_runtime_observation,initial-access event timestamp recorded from the slot-coupled runtime evidence path,0.0005,not_applicable,not_applicable,not_applicable,not_applicable,0,0,0,none,PBCH decode observed in the coupled PBCH/cell-search runtime gate.
83,42,42,4,1,1,0,DL,PBCH,SSB_DETECTED,SSB_DETECTED,PASS,control/csv/pbch_trials.csv,not_applicable,slot_coupled_pbch_cell_search_observation,measured_runtime_procedure_event,available_runtime_observation,initial-access event timestamp recorded from the slot-coupled runtime evidence path,0.0005,not_applicable,not_applicable,not_applicable,not_applicable,0,0,0,none,SSB detection observed in the coupled PBCH/cell-search runtime gate.
84,42,42,4,1,1,0,DL,PBCH,PBCH_DECODED,PBCH_DECODED,PASS,control/csv/pbch_trials.csv,not_applicable,slot_coupled_pbch_decode_observation,measured_runtime_procedure_event,available_runtime_observation,initial-access event timestamp recorded from the slot-coupled runtime evidence path,0.0005,not_applicable,not_applicable,not_applicable,not_applicable,0,0,0,none,PBCH decode observed in the coupled PBCH/cell-search runtime gate.
85,43,43,1,1,1,0,DL,PBCH,SSB_DETECTED,SSB_DETECTED,PASS,control/csv/pbch_trials.csv,not_applicable,slot_coupled_pbch_cell_search_observation,measured_runtime_procedure_event,available_runtime_observation,initial-access event timestamp recorded from the slot-coupled runtime evidence path,0.0005,not_applicable,not_applicable,not_applicable,not_applicable,0,0,0,none,SSB detection observed in the coupled PBCH/cell-search runtime gate.
86,43,43,1,1,1,0,DL,PBCH,PBCH_DECODED,PBCH_DECODED,PASS,control/csv/pbch_trials.csv,not_applicable,slot_coupled_pbch_decode_observation,measured_runtime_procedure_event,available_runtime_observation,initial-access event timestamp recorded from the slot-coupled runtime evidence path,0.0005,not_applicable,not_applicable,not_applicable,not_applicable,0,0,0,none,PBCH decode observed in the coupled PBCH/cell-search runtime gate.
87,44,44,4,1,1,0,DL,PBCH,SSB_DETECTED,SSB_DETECTED,PASS,control/csv/pbch_trials.csv,not_applicable,slot_coupled_pbch_cell_search_observation,measured_runtime_procedure_event,available_runtime_observation,initial-access event timestamp recorded from the slot-coupled runtime evidence path,0.0005,not_applicable,not_applicable,not_applicable,not_applicable,0,0,0,none,SSB detection observed in the coupled PBCH/cell-search runtime gate.
88,44,44,4,1,1,0,DL,PBCH,PBCH_DECODED,PBCH_DECODED,PASS,control/csv/pbch_trials.csv,not_applicable,slot_coupled_pbch_decode_observation,measured_runtime_procedure_event,available_runtime_observation,initial-access event timestamp recorded from the slot-coupled runtime evidence path,0.0005,not_applicable,not_applicable,not_applicable,not_applicable,0,0,0,none,PBCH decode observed in the coupled PBCH/cell-search runtime gate.
89,45,45,2,1,1,0,DL,PBCH,SSB_DETECTED,SSB_DETECTED,PASS,control/csv/pbch_trials.csv,not_applicable,slot_coupled_pbch_cell_search_observation,measured_runtime_procedure_event,available_runtime_observation,initial-access event timestamp recorded from the slot-coupled runtime evidence path,0.0005,not_applicable,not_applicable,not_applicable,not_applicable,0,0,0,none,SSB detection observed in the coupled PBCH/cell-search runtime gate.
90,45,45,2,1,1,0,DL,PBCH,PBCH_DECODED,PBCH_DECODED,PASS,control/csv/pbch_trials.csv,not_applicable,slot_coupled_pbch_decode_observation,measured_runtime_procedure_event,available_runtime_observation,initial-access event timestamp recorded from the slot-coupled runtime evidence path,0.0005,not_applicable,not_applicable,not_applicable,not_applicable,0,0,0,none,PBCH decode observed in the coupled PBCH/cell-search runtime gate.
91,46,46,5,1,1,0,DL,PBCH,SSB_DETECTED,SSB_DETECTED,PASS,control/csv/pbch_trials.csv,not_applicable,slot_coupled_pbch_cell_search_observation,measured_runtime_procedure_event,available_runtime_observation,initial-access event timestamp recorded from the slot-coupled runtime evidence path,0.0005,not_applicable,not_applicable,not_applicable,not_applicable,0,0,0,none,SSB detection observed in the coupled PBCH/cell-search runtime gate.
92,46,46,5,1,1,0,DL,PBCH,PBCH_DECODED,PBCH_DECODED,PASS,control/csv/pbch_trials.csv,not_applicable,slot_coupled_pbch_decode_observation,measured_runtime_procedure_event,available_runtime_observation,initial-access event timestamp recorded from the slot-coupled runtime evidence path,0.0005,not_applicable,not_applicable,not_applicable,not_applicable,0,0,0,none,PBCH decode observed in the coupled PBCH/cell-search runtime gate.
93,47,47,1,1,1,0,DL,PBCH,SSB_DETECTED,SSB_DETECTED,PASS,control/csv/pbch_trials.csv,not_applicable,slot_coupled_pbch_cell_search_observation,measured_runtime_procedure_event,available_runtime_observation,initial-access event timestamp recorded from the slot-coupled runtime evidence path,0.0005,not_applicable,not_applicable,not_applicable,not_applicable,0,0,0,none,SSB detection observed in the coupled PBCH/cell-search runtime gate.
94,47,47,1,1,1,0,DL,PBCH,PBCH_DECODED,PBCH_DECODED,PASS,control/csv/pbch_trials.csv,not_applicable,slot_coupled_pbch_decode_observation,measured_runtime_procedure_event,available_runtime_observation,initial-access event timestamp recorded from the slot-coupled runtime evidence path,0.0005,not_applicable,not_applicable,not_applicable,not_applicable,0,0,0,none,PBCH decode observed in the coupled PBCH/cell-search runtime gate.
95,48,48,5,1,1,0,DL,PBCH,SSB_DETECTED,SSB_DETECTED,PASS,control/csv/pbch_trials.csv,not_applicable,slot_coupled_pbch_cell_search_observation,measured_runtime_procedure_event,available_runtime_observation,initial-access event timestamp recorded from the slot-coupled runtime evidence path,0.0005,not_applicable,not_applicable,not_applicable,not_applicable,0,0,0,none,SSB detection observed in the coupled PBCH/cell-search runtime gate.
96,48,48,5,1,1,0,DL,PBCH,PBCH_DECODED,PBCH_DECODED,PASS,control/csv/pbch_trials.csv,not_applicable,slot_coupled_pbch_decode_observation,measured_runtime_procedure_event,available_runtime_observation,initial-access event timestamp recorded from the slot-coupled runtime evidence path,0.0005,not_applicable,not_applicable,not_applicable,not_applicable,0,0,0,none,PBCH decode observed in the coupled PBCH/cell-search runtime gate.
97,49,49,4,1,1,0,DL,PBCH,SSB_DETECTED,SSB_DETECTED,PASS,control/csv/pbch_trials.csv,not_applicable,slot_coupled_pbch_cell_search_observation,measured_runtime_procedure_event,available_runtime_observation,initial-access event timestamp recorded from the slot-coupled runtime evidence path,0.0005,not_applicable,not_applicable,not_applicable,not_applicable,0,0,0,none,SSB detection observed in the coupled PBCH/cell-search runtime gate.
98,49,49,4,1,1,0,DL,PBCH,PBCH_DECODED,PBCH_DECODED,PASS,control/csv/pbch_trials.csv,not_applicable,slot_coupled_pbch_decode_observation,measured_runtime_procedure_event,available_runtime_observation,initial-access event timestamp recorded from the slot-coupled runtime evidence path,0.0005,not_applicable,not_applicable,not_applicable,not_applicable,0,0,0,none,PBCH decode observed in the coupled PBCH/cell-search runtime gate.
99,50,50,2,1,1,0,DL,PBCH,SSB_DETECTED,SSB_DETECTED,PASS,control/csv/pbch_trials.csv,not_applicable,slot_coupled_pbch_cell_search_observation,measured_runtime_procedure_event,available_runtime_observation,initial-access event timestamp recorded from the slot-coupled runtime evidence path,0.0005,not_applicable,not_applicable,not_applicable,not_applicable,0,0,0,none,SSB detection observed in the coupled PBCH/cell-search runtime gate.
100,50,50,2,1,1,0,DL,PBCH,PBCH_DECODED,PBCH_DECODED,PASS,control/csv/pbch_trials.csv,not_applicable,slot_coupled_pbch_decode_observation,measured_runtime_procedure_event,available_runtime_observation,initial-access event timestamp recorded from the slot-coupled runtime evidence path,0.0005,not_applicable,not_applicable,not_applicable,not_applicable,0,0,0,none,PBCH decode observed in the coupled PBCH/cell-search runtime gate.
101,1,1,5,1,7,0.003,UL,PRACH,PRACH_MSG1_DETECTED,PRACH_MSG1_DETECTED,PASS,control/csv/prach_trials.csv,not_applicable,slot_coupled_prach_detection_observation,measured_runtime_procedure_event,available_runtime_observation,initial-access event timestamp recorded from the slot-coupled runtime evidence path,0.0005,not_applicable,not_applicable,not_applicable,not_applicable,0,0,0,none,Msg1 PRACH detection observed in the coupled PRACH runtime gate.
102,2,2,3,1,7,0.003,UL,PRACH,PRACH_MSG1_DETECTED,PRACH_MSG1_DETECTED,PASS,control/csv/prach_trials.csv,not_applicable,slot_coupled_prach_detection_observation,measured_runtime_procedure_event,available_runtime_observation,initial-access event timestamp recorded from the slot-coupled runtime evidence path,0.0005,not_applicable,not_applicable,not_applicable,not_applicable,0,0,0,none,Msg1 PRACH detection observed in the coupled PRACH runtime gate.
103,3,3,1,1,7,0.003,UL,PRACH,PRACH_MSG1_DETECTED,PRACH_MSG1_DETECTED,PASS,control/csv/prach_trials.csv,not_applicable,slot_coupled_prach_detection_observation,measured_runtime_procedure_event,available_runtime_observation,initial-access event timestamp recorded from the slot-coupled runtime evidence path,0.0005,not_applicable,not_applicable,not_applicable,not_applicable,0,0,0,none,Msg1 PRACH detection observed in the coupled PRACH runtime gate.
104,4,4,2,1,7,0.003,UL,PRACH,PRACH_MSG1_DETECTED,PRACH_MSG1_DETECTED,PASS,control/csv/prach_trials.csv,not_applicable,slot_coupled_prach_detection_observation,measured_runtime_procedure_event,available_runtime_observation,initial-access event timestamp recorded from the slot-coupled runtime evidence path,0.0005,not_applicable,not_applicable,not_applicable,not_applicable,0,0,0,none,Msg1 PRACH detection observed in the coupled PRACH runtime gate.
105,5,5,1,1,7,0.003,UL,PRACH,PRACH_MSG1_DETECTED,PRACH_MSG1_DETECTED,PASS,control/csv/prach_trials.csv,not_applicable,slot_coupled_prach_detection_observation,measured_runtime_procedure_event,available_runtime_observation,initial-access event timestamp recorded from the slot-coupled runtime evidence path,0.0005,not_applicable,not_applicable,not_applicable,not_applicable,0,0,0,none,Msg1 PRACH detection observed in the coupled PRACH runtime gate.
106,6,6,2,1,7,0.003,UL,PRACH,PRACH_MSG1_DETECTED,PRACH_MSG1_DETECTED,PASS,control/csv/prach_trials.csv,not_applicable,slot_coupled_prach_detection_observation,measured_runtime_procedure_event,available_runtime_observation,initial-access event timestamp recorded from the slot-coupled runtime evidence path,0.0005,not_applicable,not_applicable,not_applicable,not_applicable,0,0,0,none,Msg1 PRACH detection observed in the coupled PRACH runtime gate.
107,7,7,1,1,7,0.003,UL,PRACH,PRACH_MSG1_DETECTED,PRACH_MSG1_DETECTED,PASS,control/csv/prach_trials.csv,not_applicable,slot_coupled_prach_detection_observation,measured_runtime_procedure_event,available_runtime_observation,initial-access event timestamp recorded from the slot-coupled runtime evidence path,0.0005,not_applicable,not_applicable,not_applicable,not_applicable,0,0,0,none,Msg1 PRACH detection observed in the coupled PRACH runtime gate.
108,8,8,5,1,7,0.003,UL,PRACH,PRACH_MSG1_DETECTED,PRACH_MSG1_DETECTED,PASS,control/csv/prach_trials.csv,not_applicable,slot_coupled_prach_detection_observation,measured_runtime_procedure_event,available_runtime_observation,initial-access event timestamp recorded from the slot-coupled runtime evidence path,0.0005,not_applicable,not_applicable,not_applicable,not_applicable,0,0,0,none,Msg1 PRACH detection observed in the coupled PRACH runtime gate.
109,9,9,1,1,7,0.003,UL,PRACH,PRACH_MSG1_DETECTED,PRACH_MSG1_DETECTED,PASS,control/csv/prach_trials.csv,not_applicable,slot_coupled_prach_detection_observation,measured_runtime_procedure_event,available_runtime_observation,initial-access event timestamp recorded from the slot-coupled runtime evidence path,0.0005,not_applicable,not_applicable,not_applicable,not_applicable,0,0,0,none,Msg1 PRACH detection observed in the coupled PRACH runtime gate.
110,10,10,2,1,7,0.003,UL,PRACH,PRACH_MSG1_DETECTED,PRACH_MSG1_DETECTED,PASS,control/csv/prach_trials.csv,not_applicable,slot_coupled_prach_detection_observation,measured_runtime_procedure_event,available_runtime_observation,initial-access event timestamp recorded from the slot-coupled runtime evidence path,0.0005,not_applicable,not_applicable,not_applicable,not_applicable,0,0,0,none,Msg1 PRACH detection observed in the coupled PRACH runtime gate.
111,11,11,5,1,7,0.003,UL,PRACH,PRACH_MSG1_DETECTED,PRACH_MSG1_DETECTED,PASS,control/csv/prach_trials.csv,not_applicable,slot_coupled_prach_detection_observation,measured_runtime_procedure_event,available_runtime_observation,initial-access event timestamp recorded from the slot-coupled runtime evidence path,0.0005,not_applicable,not_applicable,not_applicable,not_applicable,0,0,0,none,Msg1 PRACH detection observed in the coupled PRACH runtime gate.
112,12,12,3,1,7,0.003,UL,PRACH,PRACH_MSG1_DETECTED,PRACH_MSG1_DETECTED,PASS,control/csv/prach_trials.csv,not_applicable,slot_coupled_prach_detection_observation,measured_runtime_procedure_event,available_runtime_observation,initial-access event timestamp recorded from the slot-coupled runtime evidence path,0.0005,not_applicable,not_applicable,not_applicable,not_applicable,0,0,0,none,Msg1 PRACH detection observed in the coupled PRACH runtime gate.
113,13,13,3,1,7,0.003,UL,PRACH,PRACH_MSG1_DETECTED,PRACH_MSG1_DETECTED,PASS,control/csv/prach_trials.csv,not_applicable,slot_coupled_prach_detection_observation,measured_runtime_procedure_event,available_runtime_observation,initial-access event timestamp recorded from the slot-coupled runtime evidence path,0.0005,not_applicable,not_applicable,not_applicable,not_applicable,0,0,0,none,Msg1 PRACH detection observed in the coupled PRACH runtime gate.
114,14,14,1,1,7,0.003,UL,PRACH,PRACH_MSG1_DETECTED,PRACH_MSG1_DETECTED,PASS,control/csv/prach_trials.csv,not_applicable,slot_coupled_prach_detection_observation,measured_runtime_procedure_event,available_runtime_observation,initial-access event timestamp recorded from the slot-coupled runtime evidence path,0.0005,not_applicable,not_applicable,not_applicable,not_applicable,0,0,0,none,Msg1 PRACH detection observed in the coupled PRACH runtime gate.
115,15,15,3,1,7,0.003,UL,PRACH,PRACH_MSG1_DETECTED,PRACH_MSG1_DETECTED,PASS,control/csv/prach_trials.csv,not_applicable,slot_coupled_prach_detection_observation,measured_runtime_procedure_event,available_runtime_observation,initial-access event timestamp recorded from the slot-coupled runtime evidence path,0.0005,not_applicable,not_applicable,not_applicable,not_applicable,0,0,0,none,Msg1 PRACH detection observed in the coupled PRACH runtime gate.
116,16,16,3,1,7,0.003,UL,PRACH,PRACH_MSG1_DETECTED,PRACH_MSG1_DETECTED,PASS,control/csv/prach_trials.csv,not_applicable,slot_coupled_prach_detection_observation,measured_runtime_procedure_event,available_runtime_observation,initial-access event timestamp recorded from the slot-coupled runtime evidence path,0.0005,not_applicable,not_applicable,not_applicable,not_applicable,0,0,0,none,Msg1 PRACH detection observed in the coupled PRACH runtime gate.
117,17,17,5,1,7,0.003,UL,PRACH,PRACH_MSG1_DETECTED,PRACH_MSG1_DETECTED,PASS,control/csv/prach_trials.csv,not_applicable,slot_coupled_prach_detection_observation,measured_runtime_procedure_event,available_runtime_observation,initial-access event timestamp recorded from the slot-coupled runtime evidence path,0.0005,not_applicable,not_applicable,not_applicable,not_applicable,0,0,0,none,Msg1 PRACH detection observed in the coupled PRACH runtime gate.
118,18,18,3,1,7,0.003,UL,PRACH,PRACH_MSG1_DETECTED,PRACH_MSG1_DETECTED,PASS,control/csv/prach_trials.csv,not_applicable,slot_coupled_prach_detection_observation,measured_runtime_procedure_event,available_runtime_observation,initial-access event timestamp recorded from the slot-coupled runtime evidence path,0.0005,not_applicable,not_applicable,not_applicable,not_applicable,0,0,0,none,Msg1 PRACH detection observed in the coupled PRACH runtime gate.
119,19,19,1,1,7,0.003,UL,PRACH,PRACH_MSG1_DETECTED,PRACH_MSG1_DETECTED,PASS,control/csv/prach_trials.csv,not_applicable,slot_coupled_prach_detection_observation,measured_runtime_procedure_event,available_runtime_observation,initial-access event timestamp recorded from the slot-coupled runtime evidence path,0.0005,not_applicable,not_applicable,not_applicable,not_applicable,0,0,0,none,Msg1 PRACH detection observed in the coupled PRACH runtime gate.
120,20,20,4,1,7,0.003,UL,PRACH,PRACH_MSG1_DETECTED,PRACH_MSG1_DETECTED,PASS,control/csv/prach_trials.csv,not_applicable,slot_coupled_prach_detection_observation,measured_runtime_procedure_event,available_runtime_observation,initial-access event timestamp recorded from the slot-coupled runtime evidence path,0.0005,not_applicable,not_applicable,not_applicable,not_applicable,0,0,0,none,Msg1 PRACH detection observed in the coupled PRACH runtime gate.
121,21,21,5,1,7,0.003,UL,PRACH,PRACH_MSG1_DETECTED,PRACH_MSG1_DETECTED,PASS,control/csv/prach_trials.csv,not_applicable,slot_coupled_prach_detection_observation,measured_runtime_procedure_event,available_runtime_observation,initial-access event timestamp recorded from the slot-coupled runtime evidence path,0.0005,not_applicable,not_applicable,not_applicable,not_applicable,0,0,0,none,Msg1 PRACH detection observed in the coupled PRACH runtime gate.
122,22,22,4,1,7,0.003,UL,PRACH,PRACH_MSG1_DETECTED,PRACH_MSG1_DETECTED,PASS,control/csv/prach_trials.csv,not_applicable,slot_coupled_prach_detection_observation,measured_runtime_procedure_event,available_runtime_observation,initial-access event timestamp recorded from the slot-coupled runtime evidence path,0.0005,not_applicable,not_applicable,not_applicable,not_applicable,0,0,0,none,Msg1 PRACH detection observed in the coupled PRACH runtime gate.
123,23,23,3,1,7,0.003,UL,PRACH,PRACH_MSG1_DETECTED,PRACH_MSG1_DETECTED,PASS,control/csv/prach_trials.csv,not_applicable,slot_coupled_prach_detection_observation,measured_runtime_procedure_event,available_runtime_observation,initial-access event timestamp recorded from the slot-coupled runtime evidence path,0.0005,not_applicable,not_applicable,not_applicable,not_applicable,0,0,0,none,Msg1 PRACH detection observed in the coupled PRACH runtime gate.
124,24,24,3,1,7,0.003,UL,PRACH,PRACH_MSG1_DETECTED,PRACH_MSG1_DETECTED,PASS,control/csv/prach_trials.csv,not_applicable,slot_coupled_prach_detection_observation,measured_runtime_procedure_event,available_runtime_observation,initial-access event timestamp recorded from the slot-coupled runtime evidence path,0.0005,not_applicable,not_applicable,not_applicable,not_applicable,0,0,0,none,Msg1 PRACH detection observed in the coupled PRACH runtime gate.
125,25,25,5,1,7,0.003,UL,PRACH,PRACH_MSG1_DETECTED,PRACH_MSG1_DETECTED,PASS,control/csv/prach_trials.csv,not_applicable,slot_coupled_prach_detection_observation,measured_runtime_procedure_event,available_runtime_observation,initial-access event timestamp recorded from the slot-coupled runtime evidence path,0.0005,not_applicable,not_applicable,not_applicable,not_applicable,0,0,0,none,Msg1 PRACH detection observed in the coupled PRACH runtime gate.
126,26,26,1,1,7,0.003,UL,PRACH,PRACH_MSG1_DETECTED,PRACH_MSG1_DETECTED,PASS,control/csv/prach_trials.csv,not_applicable,slot_coupled_prach_detection_observation,measured_runtime_procedure_event,available_runtime_observation,initial-access event timestamp recorded from the slot-coupled runtime evidence path,0.0005,not_applicable,not_applicable,not_applicable,not_applicable,0,0,0,none,Msg1 PRACH detection observed in the coupled PRACH runtime gate.
127,27,27,1,1,7,0.003,UL,PRACH,PRACH_MSG1_DETECTED,PRACH_MSG1_DETECTED,PASS,control/csv/prach_trials.csv,not_applicable,slot_coupled_prach_detection_observation,measured_runtime_procedure_event,available_runtime_observation,initial-access event timestamp recorded from the slot-coupled runtime evidence path,0.0005,not_applicable,not_applicable,not_applicable,not_applicable,0,0,0,none,Msg1 PRACH detection observed in the coupled PRACH runtime gate.
128,28,28,5,1,7,0.003,UL,PRACH,PRACH_MSG1_DETECTED,PRACH_MSG1_DETECTED,PASS,control/csv/prach_trials.csv,not_applicable,slot_coupled_prach_detection_observation,measured_runtime_procedure_event,available_runtime_observation,initial-access event timestamp recorded from the slot-coupled runtime evidence path,0.0005,not_applicable,not_applicable,not_applicable,not_applicable,0,0,0,none,Msg1 PRACH detection observed in the coupled PRACH runtime gate.
129,29,29,2,1,7,0.003,UL,PRACH,PRACH_MSG1_DETECTED,PRACH_MSG1_DETECTED,PASS,control/csv/prach_trials.csv,not_applicable,slot_coupled_prach_detection_observation,measured_runtime_procedure_event,available_runtime_observation,initial-access event timestamp recorded from the slot-coupled runtime evidence path,0.0005,not_applicable,not_applicable,not_applicable,not_applicable,0,0,0,none,Msg1 PRACH detection observed in the coupled PRACH runtime gate.
130,30,30,5,1,7,0.003,UL,PRACH,PRACH_MSG1_DETECTED,PRACH_MSG1_DETECTED,PASS,control/csv/prach_trials.csv,not_applicable,slot_coupled_prach_detection_observation,measured_runtime_procedure_event,available_runtime_observation,initial-access event timestamp recorded from the slot-coupled runtime evidence path,0.0005,not_applicable,not_applicable,not_applicable,not_applicable,0,0,0,none,Msg1 PRACH detection observed in the coupled PRACH runtime gate.
131,31,31,5,1,7,0.003,UL,PRACH,PRACH_MSG1_DETECTED,PRACH_MSG1_DETECTED,PASS,control/csv/prach_trials.csv,not_applicable,slot_coupled_prach_detection_observation,measured_runtime_procedure_event,available_runtime_observation,initial-access event timestamp recorded from the slot-coupled runtime evidence path,0.0005,not_applicable,not_applicable,not_applicable,not_applicable,0,0,0,none,Msg1 PRACH detection observed in the coupled PRACH runtime gate.
132,32,32,4,1,7,0.003,UL,PRACH,PRACH_MSG1_DETECTED,PRACH_MSG1_DETECTED,PASS,control/csv/prach_trials.csv,not_applicable,slot_coupled_prach_detection_observation,measured_runtime_procedure_event,available_runtime_observation,initial-access event timestamp recorded from the slot-coupled runtime evidence path,0.0005,not_applicable,not_applicable,not_applicable,not_applicable,0,0,0,none,Msg1 PRACH detection observed in the coupled PRACH runtime gate.
133,33,33,3,1,7,0.003,UL,PRACH,PRACH_MSG1_DETECTED,PRACH_MSG1_DETECTED,PASS,control/csv/prach_trials.csv,not_applicable,slot_coupled_prach_detection_observation,measured_runtime_procedure_event,available_runtime_observation,initial-access event timestamp recorded from the slot-coupled runtime evidence path,0.0005,not_applicable,not_applicable,not_applicable,not_applicable,0,0,0,none,Msg1 PRACH detection observed in the coupled PRACH runtime gate.
134,34,34,3,1,7,0.003,UL,PRACH,PRACH_MSG1_DETECTED,PRACH_MSG1_DETECTED,PASS,control/csv/prach_trials.csv,not_applicable,slot_coupled_prach_detection_observation,measured_runtime_procedure_event,available_runtime_observation,initial-access event timestamp recorded from the slot-coupled runtime evidence path,0.0005,not_applicable,not_applicable,not_applicable,not_applicable,0,0,0,none,Msg1 PRACH detection observed in the coupled PRACH runtime gate.
135,35,35,2,1,7,0.003,UL,PRACH,PRACH_MSG1_DETECTED,PRACH_MSG1_DETECTED,PASS,control/csv/prach_trials.csv,not_applicable,slot_coupled_prach_detection_observation,measured_runtime_procedure_event,available_runtime_observation,initial-access event timestamp recorded from the slot-coupled runtime evidence path,0.0005,not_applicable,not_applicable,not_applicable,not_applicable,0,0,0,none,Msg1 PRACH detection observed in the coupled PRACH runtime gate.
136,36,36,5,1,7,0.003,UL,PRACH,PRACH_MSG1_DETECTED,PRACH_MSG1_DETECTED,PASS,control/csv/prach_trials.csv,not_applicable,slot_coupled_prach_detection_observation,measured_runtime_procedure_event,available_runtime_observation,initial-access event timestamp recorded from the slot-coupled runtime evidence path,0.0005,not_applicable,not_applicable,not_applicable,not_applicable,0,0,0,none,Msg1 PRACH detection observed in the coupled PRACH runtime gate.
137,37,37,4,1,7,0.003,UL,PRACH,PRACH_MSG1_DETECTED,PRACH_MSG1_DETECTED,PASS,control/csv/prach_trials.csv,not_applicable,slot_coupled_prach_detection_observation,measured_runtime_procedure_event,available_runtime_observation,initial-access event timestamp recorded from the slot-coupled runtime evidence path,0.0005,not_applicable,not_applicable,not_applicable,not_applicable,0,0,0,none,Msg1 PRACH detection observed in the coupled PRACH runtime gate.
138,38,38,4,1,7,0.003,UL,PRACH,PRACH_MSG1_DETECTED,PRACH_MSG1_DETECTED,PASS,control/csv/prach_trials.csv,not_applicable,slot_coupled_prach_detection_observation,measured_runtime_procedure_event,available_runtime_observation,initial-access event timestamp recorded from the slot-coupled runtime evidence path,0.0005,not_applicable,not_applicable,not_applicable,not_applicable,0,0,0,none,Msg1 PRACH detection observed in the coupled PRACH runtime gate.
139,39,39,5,1,7,0.003,UL,PRACH,PRACH_MSG1_DETECTED,PRACH_MSG1_DETECTED,PASS,control/csv/prach_trials.csv,not_applicable,slot_coupled_prach_detection_observation,measured_runtime_procedure_event,available_runtime_observation,initial-access event timestamp recorded from the slot-coupled runtime evidence path,0.0005,not_applicable,not_applicable,not_applicable,not_applicable,0,0,0,none,Msg1 PRACH detection observed in the coupled PRACH runtime gate.
140,40,40,4,1,7,0.003,UL,PRACH,PRACH_MSG1_DETECTED,PRACH_MSG1_DETECTED,PASS,control/csv/prach_trials.csv,not_applicable,slot_coupled_prach_detection_observation,measured_runtime_procedure_event,available_runtime_observation,initial-access event timestamp recorded from the slot-coupled runtime evidence path,0.0005,not_applicable,not_applicable,not_applicable,not_applicable,0,0,0,none,Msg1 PRACH detection observed in the coupled PRACH runtime gate.
141,41,41,2,1,7,0.003,UL,PRACH,PRACH_MSG1_DETECTED,PRACH_MSG1_DETECTED,PASS,control/csv/prach_trials.csv,not_applicable,slot_coupled_prach_detection_observation,measured_runtime_procedure_event,available_runtime_observation,initial-access event timestamp recorded from the slot-coupled runtime evidence path,0.0005,not_applicable,not_applicable,not_applicable,not_applicable,0,0,0,none,Msg1 PRACH detection observed in the coupled PRACH runtime gate.
142,42,42,4,1,7,0.003,UL,PRACH,PRACH_MSG1_DETECTED,PRACH_MSG1_DETECTED,PASS,control/csv/prach_trials.csv,not_applicable,slot_coupled_prach_detection_observation,measured_runtime_procedure_event,available_runtime_observation,initial-access event timestamp recorded from the slot-coupled runtime evidence path,0.0005,not_applicable,not_applicable,not_applicable,not_applicable,0,0,0,none,Msg1 PRACH detection observed in the coupled PRACH runtime gate.
143,43,43,1,1,7,0.003,UL,PRACH,PRACH_MSG1_DETECTED,PRACH_MSG1_DETECTED,PASS,control/csv/prach_trials.csv,not_applicable,slot_coupled_prach_detection_observation,measured_runtime_procedure_event,available_runtime_observation,initial-access event timestamp recorded from the slot-coupled runtime evidence path,0.0005,not_applicable,not_applicable,not_applicable,not_applicable,0,0,0,none,Msg1 PRACH detection observed in the coupled PRACH runtime gate.
144,44,44,4,1,7,0.003,UL,PRACH,PRACH_MSG1_DETECTED,PRACH_MSG1_DETECTED,PASS,control/csv/prach_trials.csv,not_applicable,slot_coupled_prach_detection_observation,measured_runtime_procedure_event,available_runtime_observation,initial-access event timestamp recorded from the slot-coupled runtime evidence path,0.0005,not_applicable,not_applicable,not_applicable,not_applicable,0,0,0,none,Msg1 PRACH detection observed in the coupled PRACH runtime gate.
145,45,45,2,1,7,0.003,UL,PRACH,PRACH_MSG1_DETECTED,PRACH_MSG1_DETECTED,PASS,control/csv/prach_trials.csv,not_applicable,slot_coupled_prach_detection_observation,measured_runtime_procedure_event,available_runtime_observation,initial-access event timestamp recorded from the slot-coupled runtime evidence path,0.0005,not_applicable,not_applicable,not_applicable,not_applicable,0,0,0,none,Msg1 PRACH detection observed in the coupled PRACH runtime gate.
146,46,46,5,1,7,0.003,UL,PRACH,PRACH_MSG1_DETECTED,PRACH_MSG1_DETECTED,PASS,control/csv/prach_trials.csv,not_applicable,slot_coupled_prach_detection_observation,measured_runtime_procedure_event,available_runtime_observation,initial-access event timestamp recorded from the slot-coupled runtime evidence path,0.0005,not_applicable,not_applicable,not_applicable,not_applicable,0,0,0,none,Msg1 PRACH detection observed in the coupled PRACH runtime gate.
147,47,47,1,1,7,0.003,UL,PRACH,PRACH_MSG1_DETECTED,PRACH_MSG1_DETECTED,PASS,control/csv/prach_trials.csv,not_applicable,slot_coupled_prach_detection_observation,measured_runtime_procedure_event,available_runtime_observation,initial-access event timestamp recorded from the slot-coupled runtime evidence path,0.0005,not_applicable,not_applicable,not_applicable,not_applicable,0,0,0,none,Msg1 PRACH detection observed in the coupled PRACH runtime gate.
148,48,48,5,1,7,0.003,UL,PRACH,PRACH_MSG1_DETECTED,PRACH_MSG1_DETECTED,PASS,control/csv/prach_trials.csv,not_applicable,slot_coupled_prach_detection_observation,measured_runtime_procedure_event,available_runtime_observation,initial-access event timestamp recorded from the slot-coupled runtime evidence path,0.0005,not_applicable,not_applicable,not_applicable,not_applicable,0,0,0,none,Msg1 PRACH detection observed in the coupled PRACH runtime gate.
149,49,49,4,1,7,0.003,UL,PRACH,PRACH_MSG1_DETECTED,PRACH_MSG1_DETECTED,PASS,control/csv/prach_trials.csv,not_applicable,slot_coupled_prach_detection_observation,measured_runtime_procedure_event,available_runtime_observation,initial-access event timestamp recorded from the slot-coupled runtime evidence path,0.0005,not_applicable,not_applicable,not_applicable,not_applicable,0,0,0,none,Msg1 PRACH detection observed in the coupled PRACH runtime gate.
150,50,50,2,1,7,0.003,UL,PRACH,PRACH_MSG1_DETECTED,PRACH_MSG1_DETECTED,PASS,control/csv/prach_trials.csv,not_applicable,slot_coupled_prach_detection_observation,measured_runtime_procedure_event,available_runtime_observation,initial-access event timestamp recorded from the slot-coupled runtime evidence path,0.0005,not_applicable,not_applicable,not_applicable,not_applicable,0,0,0,none,Msg1 PRACH detection observed in the coupled PRACH runtime gate.
151,3,3,1,1,7,0.003,DL,PDCCH,PDCCH_DCI_DECODED,PDCCH_DCI_DECODED,PASS,control/csv/pdcch_trials.csv,not_applicable,slot_coupled_grant_pdcch_decode_observation,measured_runtime_procedure_event,available_runtime_observation,initial-access event timestamp recorded from the slot-coupled runtime evidence path,0.0005,not_applicable,not_applicable,not_applicable,not_applicable,0,0,0,none,PDCCH DCI decode observed for a scheduler grant in the coupled runtime.
152,5,5,1,1,7,0.003,DL,PDCCH,PDCCH_DCI_DECODED,PDCCH_DCI_DECODED,PASS,control/csv/pdcch_trials.csv,not_applicable,slot_coupled_grant_pdcch_decode_observation,measured_runtime_procedure_event,available_runtime_observation,initial-access event timestamp recorded from the slot-coupled runtime evidence path,0.0005,not_applicable,not_applicable,not_applicable,not_applicable,0,0,0,none,PDCCH DCI decode observed for a scheduler grant in the coupled runtime.
153,7,7,1,1,7,0.003,DL,PDCCH,PDCCH_DCI_DECODED,PDCCH_DCI_DECODED,PASS,control/csv/pdcch_trials.csv,not_applicable,slot_coupled_grant_pdcch_decode_observation,measured_runtime_procedure_event,available_runtime_observation,initial-access event timestamp recorded from the slot-coupled runtime evidence path,0.0005,not_applicable,not_applicable,not_applicable,not_applicable,0,0,0,none,PDCCH DCI decode observed for a scheduler grant in the coupled runtime.
154,9,9,1,1,7,0.003,DL,PDCCH,PDCCH_DCI_DECODED,PDCCH_DCI_DECODED,PASS,control/csv/pdcch_trials.csv,not_applicable,slot_coupled_grant_pdcch_decode_observation,measured_runtime_procedure_event,available_runtime_observation,initial-access event timestamp recorded from the slot-coupled runtime evidence path,0.0005,not_applicable,not_applicable,not_applicable,not_applicable,0,0,0,none,PDCCH DCI decode observed for a scheduler grant in the coupled runtime.
155,14,14,1,1,7,0.003,DL,PDCCH,PDCCH_DCI_DECODED,PDCCH_DCI_DECODED,PASS,control/csv/pdcch_trials.csv,not_applicable,slot_coupled_grant_pdcch_decode_observation,measured_runtime_procedure_event,available_runtime_observation,initial-access event timestamp recorded from the slot-coupled runtime evidence path,0.0005,not_applicable,not_applicable,not_applicable,not_applicable,0,0,0,none,PDCCH DCI decode observed for a scheduler grant in the coupled runtime.
156,19,19,1,1,7,0.003,DL,PDCCH,PDCCH_DCI_DECODED,PDCCH_DCI_DECODED,PASS,control/csv/pdcch_trials.csv,not_applicable,slot_coupled_grant_pdcch_decode_observation,measured_runtime_procedure_event,available_runtime_observation,initial-access event timestamp recorded from the slot-coupled runtime evidence path,0.0005,not_applicable,not_applicable,not_applicable,not_applicable,0,0,0,none,PDCCH DCI decode observed for a scheduler grant in the coupled runtime.
157,26,26,1,1,7,0.003,DL,PDCCH,PDCCH_DCI_DECODED,PDCCH_DCI_DECODED,PASS,control/csv/pdcch_trials.csv,not_applicable,slot_coupled_grant_pdcch_decode_observation,measured_runtime_procedure_event,available_runtime_observation,initial-access event timestamp recorded from the slot-coupled runtime evidence path,0.0005,not_applicable,not_applicable,not_applicable,not_applicable,0,0,0,none,PDCCH DCI decode observed for a scheduler grant in the coupled runtime.
158,27,27,1,1,7,0.003,DL,PDCCH,PDCCH_DCI_DECODED,PDCCH_DCI_DECODED,PASS,control/csv/pdcch_trials.csv,not_applicable,slot_coupled_grant_pdcch_decode_observation,measured_runtime_procedure_event,available_runtime_observation,initial-access event timestamp recorded from the slot-coupled runtime evidence path,0.0005,not_applicable,not_applicable,not_applicable,not_applicable,0,0,0,none,PDCCH DCI decode observed for a scheduler grant in the coupled runtime.
159,43,43,1,1,7,0.003,DL,PDCCH,PDCCH_DCI_DECODED,PDCCH_DCI_DECODED,PASS,control/csv/pdcch_trials.csv,not_applicable,slot_coupled_grant_pdcch_decode_observation,measured_runtime_procedure_event,available_runtime_observation,initial-access event timestamp recorded from the slot-coupled runtime evidence path,0.0005,not_applicable,not_applicable,not_applicable,not_applicable,0,0,0,none,PDCCH DCI decode observed for a scheduler grant in the coupled runtime.
160,47,47,1,1,7,0.003,DL,PDCCH,PDCCH_DCI_DECODED,PDCCH_DCI_DECODED,PASS,control/csv/pdcch_trials.csv,not_applicable,slot_coupled_grant_pdcch_decode_observation,measured_runtime_procedure_event,available_runtime_observation,initial-access event timestamp recorded from the slot-coupled runtime evidence path,0.0005,not_applicable,not_applicable,not_applicable,not_applicable,0,0,0,none,PDCCH DCI decode observed for a scheduler grant in the coupled runtime.
161,4,4,2,1,7,0.003,DL,PDCCH,PDCCH_DCI_DECODED,PDCCH_DCI_DECODED,PASS,control/csv/pdcch_trials.csv,not_applicable,slot_coupled_grant_pdcch_decode_observation,measured_runtime_procedure_event,available_runtime_observation,initial-access event timestamp recorded from the slot-coupled runtime evidence path,0.0005,not_applicable,not_applicable,not_applicable,not_applicable,0,0,0,none,PDCCH DCI decode observed for a scheduler grant in the coupled runtime.
162,6,6,2,1,7,0.003,DL,PDCCH,PDCCH_DCI_DECODED,PDCCH_DCI_DECODED,PASS,control/csv/pdcch_trials.csv,not_applicable,slot_coupled_grant_pdcch_decode_observation,measured_runtime_procedure_event,available_runtime_observation,initial-access event timestamp recorded from the slot-coupled runtime evidence path,0.0005,not_applicable,not_applicable,not_applicable,not_applicable,0,0,0,none,PDCCH DCI decode observed for a scheduler grant in the coupled runtime.
163,10,10,2,1,7,0.003,DL,PDCCH,PDCCH_DCI_DECODED,PDCCH_DCI_DECODED,PASS,control/csv/pdcch_trials.csv,not_applicable,slot_coupled_grant_pdcch_decode_observation,measured_runtime_procedure_event,available_runtime_observation,initial-access event timestamp recorded from the slot-coupled runtime evidence path,0.0005,not_applicable,not_applicable,not_applicable,not_applicable,0,0,0,none,PDCCH DCI decode observed for a scheduler grant in the coupled runtime.
164,29,29,2,1,7,0.003,DL,PDCCH,PDCCH_DCI_DECODED,PDCCH_DCI_DECODED,PASS,control/csv/pdcch_trials.csv,not_applicable,slot_coupled_grant_pdcch_decode_observation,measured_runtime_procedure_event,available_runtime_observation,initial-access event timestamp recorded from the slot-coupled runtime evidence path,0.0005,not_applicable,not_applicable,not_applicable,not_applicable,0,0,0,none,PDCCH DCI decode observed for a scheduler grant in the coupled runtime.
165,35,35,2,1,7,0.003,DL,PDCCH,PDCCH_DCI_DECODED,PDCCH_DCI_DECODED,PASS,control/csv/pdcch_trials.csv,not_applicable,slot_coupled_grant_pdcch_decode_observation,measured_runtime_procedure_event,available_runtime_observation,initial-access event timestamp recorded from the slot-coupled runtime evidence path,0.0005,not_applicable,not_applicable,not_applicable,not_applicable,0,0,0,none,PDCCH DCI decode observed for a scheduler grant in the coupled runtime.
166,41,41,2,1,7,0.003,DL,PDCCH,PDCCH_DCI_DECODED,PDCCH_DCI_DECODED,PASS,control/csv/pdcch_trials.csv,not_applicable,slot_coupled_grant_pdcch_decode_observation,measured_runtime_procedure_event,available_runtime_observation,initial-access event timestamp recorded from the slot-coupled runtime evidence path,0.0005,not_applicable,not_applicable,not_applicable,not_applicable,0,0,0,none,PDCCH DCI decode observed for a scheduler grant in the coupled runtime.
167,45,45,2,1,7,0.003,DL,PDCCH,PDCCH_DCI_DECODED,PDCCH_DCI_DECODED,PASS,control/csv/pdcch_trials.csv,not_applicable,slot_coupled_grant_pdcch_decode_observation,measured_runtime_procedure_event,available_runtime_observation,initial-access event timestamp recorded from the slot-coupled runtime evidence path,0.0005,not_applicable,not_applicable,not_applicable,not_applicable,0,0,0,none,PDCCH DCI decode observed for a scheduler grant in the coupled runtime.
168,50,50,2,1,7,0.003,DL,PDCCH,PDCCH_DCI_DECODED,PDCCH_DCI_DECODED,PASS,control/csv/pdcch_trials.csv,not_applicable,slot_coupled_grant_pdcch_decode_observation,measured_runtime_procedure_event,available_runtime_observation,initial-access event timestamp recorded from the slot-coupled runtime evidence path,0.0005,not_applicable,not_applicable,not_applicable,not_applicable,0,0,0,none,PDCCH DCI decode observed for a scheduler grant in the coupled runtime.
169,2,2,3,1,7,0.003,DL,PDCCH,PDCCH_DCI_DECODED,PDCCH_DCI_DECODED,PASS,control/csv/pdcch_trials.csv,not_applicable,slot_coupled_grant_pdcch_decode_observation,measured_runtime_procedure_event,available_runtime_observation,initial-access event timestamp recorded from the slot-coupled runtime evidence path,0.0005,not_applicable,not_applicable,not_applicable,not_applicable,0,0,0,none,PDCCH DCI decode observed for a scheduler grant in the coupled runtime.
170,12,12,3,1,7,0.003,DL,PDCCH,PDCCH_DCI_DECODED,PDCCH_DCI_DECODED,PASS,control/csv/pdcch_trials.csv,not_applicable,slot_coupled_grant_pdcch_decode_observation,measured_runtime_procedure_event,available_runtime_observation,initial-access event timestamp recorded from the slot-coupled runtime evidence path,0.0005,not_applicable,not_applicable,not_applicable,not_applicable,0,0,0,none,PDCCH DCI decode observed for a scheduler grant in the coupled runtime.
171,13,13,3,1,7,0.003,DL,PDCCH,PDCCH_DCI_DECODED,PDCCH_DCI_DECODED,PASS,control/csv/pdcch_trials.csv,not_applicable,slot_coupled_grant_pdcch_decode_observation,measured_runtime_procedure_event,available_runtime_observation,initial-access event timestamp recorded from the slot-coupled runtime evidence path,0.0005,not_applicable,not_applicable,not_applicable,not_applicable,0,0,0,none,PDCCH DCI decode observed for a scheduler grant in the coupled runtime.
172,15,15,3,1,7,0.003,DL,PDCCH,PDCCH_DCI_DECODED,PDCCH_DCI_DECODED,PASS,control/csv/pdcch_trials.csv,not_applicable,slot_coupled_grant_pdcch_decode_observation,measured_runtime_procedure_event,available_runtime_observation,initial-access event timestamp recorded from the slot-coupled runtime evidence path,0.0005,not_applicable,not_applicable,not_applicable,not_applicable,0,0,0,none,PDCCH DCI decode observed for a scheduler grant in the coupled runtime.
173,16,16,3,1,7,0.003,DL,PDCCH,PDCCH_DCI_DECODED,PDCCH_DCI_DECODED,PASS,control/csv/pdcch_trials.csv,not_applicable,slot_coupled_grant_pdcch_decode_observation,measured_runtime_procedure_event,available_runtime_observation,initial-access event timestamp recorded from the slot-coupled runtime evidence path,0.0005,not_applicable,not_applicable,not_applicable,not_applicable,0,0,0,none,PDCCH DCI decode observed for a scheduler grant in the coupled runtime.
174,18,18,3,1,7,0.003,DL,PDCCH,PDCCH_DCI_DECODED,PDCCH_DCI_DECODED,PASS,control/csv/pdcch_trials.csv,not_applicable,slot_coupled_grant_pdcch_decode_observation,measured_runtime_procedure_event,available_runtime_observation,initial-access event timestamp recorded from the slot-coupled runtime evidence path,0.0005,not_applicable,not_applicable,not_applicable,not_applicable,0,0,0,none,PDCCH DCI decode observed for a scheduler grant in the coupled runtime.
175,23,23,3,1,7,0.003,DL,PDCCH,PDCCH_DCI_DECODED,PDCCH_DCI_DECODED,PASS,control/csv/pdcch_trials.csv,not_applicable,slot_coupled_grant_pdcch_decode_observation,measured_runtime_procedure_event,available_runtime_observation,initial-access event timestamp recorded from the slot-coupled runtime evidence path,0.0005,not_applicable,not_applicable,not_applicable,not_applicable,0,0,0,none,PDCCH DCI decode observed for a scheduler grant in the coupled runtime.
176,24,24,3,1,7,0.003,DL,PDCCH,PDCCH_DCI_DECODED,PDCCH_DCI_DECODED,PASS,control/csv/pdcch_trials.csv,not_applicable,slot_coupled_grant_pdcch_decode_observation,measured_runtime_procedure_event,available_runtime_observation,initial-access event timestamp recorded from the slot-coupled runtime evidence path,0.0005,not_applicable,not_applicable,not_applicable,not_applicable,0,0,0,none,PDCCH DCI decode observed for a scheduler grant in the coupled runtime.
177,33,33,3,1,7,0.003,DL,PDCCH,PDCCH_DCI_DECODED,PDCCH_DCI_DECODED,PASS,control/csv/pdcch_trials.csv,not_applicable,slot_coupled_grant_pdcch_decode_observation,measured_runtime_procedure_event,available_runtime_observation,initial-access event timestamp recorded from the slot-coupled runtime evidence path,0.0005,not_applicable,not_applicable,not_applicable,not_applicable,0,0,0,none,PDCCH DCI decode observed for a scheduler grant in the coupled runtime.
178,34,34,3,1,7,0.003,DL,PDCCH,PDCCH_DCI_DECODED,PDCCH_DCI_DECODED,PASS,control/csv/pdcch_trials.csv,not_applicable,slot_coupled_grant_pdcch_decode_observation,measured_runtime_procedure_event,available_runtime_observation,initial-access event timestamp recorded from the slot-coupled runtime evidence path,0.0005,not_applicable,not_applicable,not_applicable,not_applicable,0,0,0,none,PDCCH DCI decode observed for a scheduler grant in the coupled runtime.
179,20,20,4,1,7,0.003,DL,PDCCH,PDCCH_DCI_DECODED,PDCCH_DCI_DECODED,PASS,control/csv/pdcch_trials.csv,not_applicable,slot_coupled_grant_pdcch_decode_observation,measured_runtime_procedure_event,available_runtime_observation,initial-access event timestamp recorded from the slot-coupled runtime evidence path,0.0005,not_applicable,not_applicable,not_applicable,not_applicable,0,0,0,none,PDCCH DCI decode observed for a scheduler grant in the coupled runtime.
180,22,22,4,1,7,0.003,DL,PDCCH,PDCCH_DCI_DECODED,PDCCH_DCI_DECODED,PASS,control/csv/pdcch_trials.csv,not_applicable,slot_coupled_grant_pdcch_decode_observation,measured_runtime_procedure_event,available_runtime_observation,initial-access event timestamp recorded from the slot-coupled runtime evidence path,0.0005,not_applicable,not_applicable,not_applicable,not_applicable,0,0,0,none,PDCCH DCI decode observed for a scheduler grant in the coupled runtime.
181,32,32,4,1,7,0.003,DL,PDCCH,PDCCH_DCI_DECODED,PDCCH_DCI_DECODED,PASS,control/csv/pdcch_trials.csv,not_applicable,slot_coupled_grant_pdcch_decode_observation,measured_runtime_procedure_event,available_runtime_observation,initial-access event timestamp recorded from the slot-coupled runtime evidence path,0.0005,not_applicable,not_applicable,not_applicable,not_applicable,0,0,0,none,PDCCH DCI decode observed for a scheduler grant in the coupled runtime.
182,37,37,4,1,7,0.003,DL,PDCCH,PDCCH_DCI_DECODED,PDCCH_DCI_DECODED,PASS,control/csv/pdcch_trials.csv,not_applicable,slot_coupled_grant_pdcch_decode_observation,measured_runtime_procedure_event,available_runtime_observation,initial-access event timestamp recorded from the slot-coupled runtime evidence path,0.0005,not_applicable,not_applicable,not_applicable,not_applicable,0,0,0,none,PDCCH DCI decode observed for a scheduler grant in the coupled runtime.
183,38,38,4,1,7,0.003,DL,PDCCH,PDCCH_DCI_DECODED,PDCCH_DCI_DECODED,PASS,control/csv/pdcch_trials.csv,not_applicable,slot_coupled_grant_pdcch_decode_observation,measured_runtime_procedure_event,available_runtime_observation,initial-access event timestamp recorded from the slot-coupled runtime evidence path,0.0005,not_applicable,not_applicable,not_applicable,not_applicable,0,0,0,none,PDCCH DCI decode observed for a scheduler grant in the coupled runtime.
184,40,40,4,1,7,0.003,DL,PDCCH,PDCCH_DCI_DECODED,PDCCH_DCI_DECODED,PASS,control/csv/pdcch_trials.csv,not_applicable,slot_coupled_grant_pdcch_decode_observation,measured_runtime_procedure_event,available_runtime_observation,initial-access event timestamp recorded from the slot-coupled runtime evidence path,0.0005,not_applicable,not_applicable,not_applicable,not_applicable,0,0,0,none,PDCCH DCI decode observed for a scheduler grant in the coupled runtime.
185,42,42,4,1,7,0.003,DL,PDCCH,PDCCH_DCI_DECODED,PDCCH_DCI_DECODED,PASS,control/csv/pdcch_trials.csv,not_applicable,slot_coupled_grant_pdcch_decode_observation,measured_runtime_procedure_event,available_runtime_observation,initial-access event timestamp recorded from the slot-coupled runtime evidence path,0.0005,not_applicable,not_applicable,not_applicable,not_applicable,0,0,0,none,PDCCH DCI decode observed for a scheduler grant in the coupled runtime.
186,44,44,4,1,7,0.003,DL,PDCCH,PDCCH_DCI_DECODED,PDCCH_DCI_DECODED,PASS,control/csv/pdcch_trials.csv,not_applicable,slot_coupled_grant_pdcch_decode_observation,measured_runtime_procedure_event,available_runtime_observation,initial-access event timestamp recorded from the slot-coupled runtime evidence path,0.0005,not_applicable,not_applicable,not_applicable,not_applicable,0,0,0,none,PDCCH DCI decode observed for a scheduler grant in the coupled runtime.
187,49,49,4,1,7,0.003,DL,PDCCH,PDCCH_DCI_DECODED,PDCCH_DCI_DECODED,PASS,control/csv/pdcch_trials.csv,not_applicable,slot_coupled_grant_pdcch_decode_observation,measured_runtime_procedure_event,available_runtime_observation,initial-access event timestamp recorded from the slot-coupled runtime evidence path,0.0005,not_applicable,not_applicable,not_applicable,not_applicable,0,0,0,none,PDCCH DCI decode observed for a scheduler grant in the coupled runtime.
188,1,1,5,1,7,0.003,DL,PDCCH,PDCCH_DCI_DECODED,PDCCH_DCI_DECODED,PASS,control/csv/pdcch_trials.csv,not_applicable,slot_coupled_grant_pdcch_decode_observation,measured_runtime_procedure_event,available_runtime_observation,initial-access event timestamp recorded from the slot-coupled runtime evidence path,0.0005,not_applicable,not_applicable,not_applicable,not_applicable,0,0,0,none,PDCCH DCI decode observed for a scheduler grant in the coupled runtime.
189,8,8,5,1,7,0.003,DL,PDCCH,PDCCH_DCI_DECODED,PDCCH_DCI_DECODED,PASS,control/csv/pdcch_trials.csv,not_applicable,slot_coupled_grant_pdcch_decode_observation,measured_runtime_procedure_event,available_runtime_observation,initial-access event timestamp recorded from the slot-coupled runtime evidence path,0.0005,not_applicable,not_applicable,not_applicable,not_applicable,0,0,0,none,PDCCH DCI decode observed for a scheduler grant in the coupled runtime.
190,11,11,5,1,7,0.003,DL,PDCCH,PDCCH_DCI_DECODED,PDCCH_DCI_DECODED,PASS,control/csv/pdcch_trials.csv,not_applicable,slot_coupled_grant_pdcch_decode_observation,measured_runtime_procedure_event,available_runtime_observation,initial-access event timestamp recorded from the slot-coupled runtime evidence path,0.0005,not_applicable,not_applicable,not_applicable,not_applicable,0,0,0,none,PDCCH DCI decode observed for a scheduler grant in the coupled runtime.
191,17,17,5,1,7,0.003,DL,PDCCH,PDCCH_DCI_DECODED,PDCCH_DCI_DECODED,PASS,control/csv/pdcch_trials.csv,not_applicable,slot_coupled_grant_pdcch_decode_observation,measured_runtime_procedure_event,available_runtime_observation,initial-access event timestamp recorded from the slot-coupled runtime evidence path,0.0005,not_applicable,not_applicable,not_applicable,not_applicable,0,0,0,none,PDCCH DCI decode observed for a scheduler grant in the coupled runtime.
192,21,21,5,1,7,0.003,DL,PDCCH,PDCCH_DCI_DECODED,PDCCH_DCI_DECODED,PASS,control/csv/pdcch_trials.csv,not_applicable,slot_coupled_grant_pdcch_decode_observation,measured_runtime_procedure_event,available_runtime_observation,initial-access event timestamp recorded from the slot-coupled runtime evidence path,0.0005,not_applicable,not_applicable,not_applicable,not_applicable,0,0,0,none,PDCCH DCI decode observed for a scheduler grant in the coupled runtime.
193,25,25,5,1,7,0.003,DL,PDCCH,PDCCH_DCI_DECODED,PDCCH_DCI_DECODED,PASS,control/csv/pdcch_trials.csv,not_applicable,slot_coupled_grant_pdcch_decode_observation,measured_runtime_procedure_event,available_runtime_observation,initial-access event timestamp recorded from the slot-coupled runtime evidence path,0.0005,not_applicable,not_applicable,not_applicable,not_applicable,0,0,0,none,PDCCH DCI decode observed for a scheduler grant in the coupled runtime.
194,28,28,5,1,7,0.003,DL,PDCCH,PDCCH_DCI_DECODED,PDCCH_DCI_DECODED,PASS,control/csv/pdcch_trials.csv,not_applicable,slot_coupled_grant_pdcch_decode_observation,measured_runtime_procedure_event,available_runtime_observation,initial-access event timestamp recorded from the slot-coupled runtime evidence path,0.0005,not_applicable,not_applicable,not_applicable,not_applicable,0,0,0,none,PDCCH DCI decode observed for a scheduler grant in the coupled runtime.
195,30,30,5,1,7,0.003,DL,PDCCH,PDCCH_DCI_DECODED,PDCCH_DCI_DECODED,PASS,control/csv/pdcch_trials.csv,not_applicable,slot_coupled_grant_pdcch_decode_observation,measured_runtime_procedure_event,available_runtime_observation,initial-access event timestamp recorded from the slot-coupled runtime evidence path,0.0005,not_applicable,not_applicable,not_applicable,not_applicable,0,0,0,none,PDCCH DCI decode observed for a scheduler grant in the coupled runtime.
196,31,31,5,1,7,0.003,DL,PDCCH,PDCCH_DCI_DECODED,PDCCH_DCI_DECODED,PASS,control/csv/pdcch_trials.csv,not_applicable,slot_coupled_grant_pdcch_decode_observation,measured_runtime_procedure_event,available_runtime_observation,initial-access event timestamp recorded from the slot-coupled runtime evidence path,0.0005,not_applicable,not_applicable,not_applicable,not_applicable,0,0,0,none,PDCCH DCI decode observed for a scheduler grant in the coupled runtime.
197,36,36,5,1,7,0.003,DL,PDCCH,PDCCH_DCI_DECODED,PDCCH_DCI_DECODED,PASS,control/csv/pdcch_trials.csv,not_applicable,slot_coupled_grant_pdcch_decode_observation,measured_runtime_procedure_event,available_runtime_observation,initial-access event timestamp recorded from the slot-coupled runtime evidence path,0.0005,not_applicable,not_applicable,not_applicable,not_applicable,0,0,0,none,PDCCH DCI decode observed for a scheduler grant in the coupled runtime.
198,39,39,5,1,7,0.003,DL,PDCCH,PDCCH_DCI_DECODED,PDCCH_DCI_DECODED,PASS,control/csv/pdcch_trials.csv,not_applicable,slot_coupled_grant_pdcch_decode_observation,measured_runtime_procedure_event,available_runtime_observation,initial-access event timestamp recorded from the slot-coupled runtime evidence path,0.0005,not_applicable,not_applicable,not_applicable,not_applicable,0,0,0,none,PDCCH DCI decode observed for a scheduler grant in the coupled runtime.
199,46,46,5,1,7,0.003,DL,PDCCH,PDCCH_DCI_DECODED,PDCCH_DCI_DECODED,PASS,control/csv/pdcch_trials.csv,not_applicable,slot_coupled_grant_pdcch_decode_observation,measured_runtime_procedure_event,available_runtime_observation,initial-access event timestamp recorded from the slot-coupled runtime evidence path,0.0005,not_applicable,not_applicable,not_applicable,not_applicable,0,0,0,none,PDCCH DCI decode observed for a scheduler grant in the coupled runtime.
200,48,48,5,1,7,0.003,DL,PDCCH,PDCCH_DCI_DECODED,PDCCH_DCI_DECODED,PASS,control/csv/pdcch_trials.csv,not_applicable,slot_coupled_grant_pdcch_decode_observation,measured_runtime_procedure_event,available_runtime_observation,initial-access event timestamp recorded from the slot-coupled runtime evidence path,0.0005,not_applicable,not_applicable,not_applicable,not_applicable,0,0,0,none,PDCCH DCI decode observed for a scheduler grant in the coupled runtime.
201,3,3,1,1,9,0.004,UL,PUSCH,MSG3_PUSCH_COMPLETED,MSG3_PUSCH_COMPLETED,PASS,air_interface/csv/ul_pusch_trials.csv,not_applicable,slot_coupled_successful_ul_grant_after_prach_and_pdcch,measured_runtime_procedure_event,available_runtime_observation,initial-access event timestamp recorded from the slot-coupled runtime evidence path,0.0005,not_applicable,not_applicable,not_applicable,not_applicable,0,0,0,none,Msg3 is materialized as the first successful UL PUSCH grant after PRACH success and grant-coupled PDCCH decode in the slot-coupled runtime.
202,5,5,1,1,9,0.004,UL,PUSCH,MSG3_PUSCH_COMPLETED,MSG3_PUSCH_COMPLETED,PASS,air_interface/csv/ul_pusch_trials.csv,not_applicable,slot_coupled_successful_ul_grant_after_prach_and_pdcch,measured_runtime_procedure_event,available_runtime_observation,initial-access event timestamp recorded from the slot-coupled runtime evidence path,0.0005,not_applicable,not_applicable,not_applicable,not_applicable,0,0,0,none,Msg3 is materialized as the first successful UL PUSCH grant after PRACH success and grant-coupled PDCCH decode in the slot-coupled runtime.
203,14,14,1,1,9,0.004,UL,PUSCH,MSG3_PUSCH_COMPLETED,MSG3_PUSCH_COMPLETED,PASS,air_interface/csv/ul_pusch_trials.csv,not_applicable,slot_coupled_successful_ul_grant_after_prach_and_pdcch,measured_runtime_procedure_event,available_runtime_observation,initial-access event timestamp recorded from the slot-coupled runtime evidence path,0.0005,not_applicable,not_applicable,not_applicable,not_applicable,0,0,0,none,Msg3 is materialized as the first successful UL PUSCH grant after PRACH success and grant-coupled PDCCH decode in the slot-coupled runtime.
204,19,19,1,1,9,0.004,UL,PUSCH,MSG3_PUSCH_COMPLETED,MSG3_PUSCH_COMPLETED,PASS,air_interface/csv/ul_pusch_trials.csv,not_applicable,slot_coupled_successful_ul_grant_after_prach_and_pdcch,measured_runtime_procedure_event,available_runtime_observation,initial-access event timestamp recorded from the slot-coupled runtime evidence path,0.0005,not_applicable,not_applicable,not_applicable,not_applicable,0,0,0,none,Msg3 is materialized as the first successful UL PUSCH grant after PRACH success and grant-coupled PDCCH decode in the slot-coupled runtime.
205,26,26,1,1,9,0.004,UL,PUSCH,MSG3_PUSCH_COMPLETED,MSG3_PUSCH_COMPLETED,PASS,air_interface/csv/ul_pusch_trials.csv,not_applicable,slot_coupled_successful_ul_grant_after_prach_and_pdcch,measured_runtime_procedure_event,available_runtime_observation,initial-access event timestamp recorded from the slot-coupled runtime evidence path,0.0005,not_applicable,not_applicable,not_applicable,not_applicable,0,0,0,none,Msg3 is materialized as the first successful UL PUSCH grant after PRACH success and grant-coupled PDCCH decode in the slot-coupled runtime.
206,40,40,1,1,9,0.004,UL,PUSCH,MSG3_PUSCH_COMPLETED,MSG3_PUSCH_COMPLETED,PASS,air_interface/csv/ul_pusch_trials.csv,not_applicable,slot_coupled_successful_ul_grant_after_prach_and_pdcch,measured_runtime_procedure_event,available_runtime_observation,initial-access event timestamp recorded from the slot-coupled runtime evidence path,0.0005,not_applicable,not_applicable,not_applicable,not_applicable,0,0,0,none,Msg3 is materialized as the first successful UL PUSCH grant after PRACH success and grant-coupled PDCCH decode in the slot-coupled runtime.
207,43,43,1,1,9,0.004,UL,PUSCH,MSG3_PUSCH_COMPLETED,MSG3_PUSCH_COMPLETED,PASS,air_interface/csv/ul_pusch_trials.csv,not_applicable,slot_coupled_successful_ul_grant_after_prach_and_pdcch,measured_runtime_procedure_event,available_runtime_observation,initial-access event timestamp recorded from the slot-coupled runtime evidence path,0.0005,not_applicable,not_applicable,not_applicable,not_applicable,0,0,0,none,Msg3 is materialized as the first successful UL PUSCH grant after PRACH success and grant-coupled PDCCH decode in the slot-coupled runtime.
208,47,47,1,1,9,0.004,UL,PUSCH,MSG3_PUSCH_COMPLETED,MSG3_PUSCH_COMPLETED,PASS,air_interface/csv/ul_pusch_trials.csv,not_applicable,slot_coupled_successful_ul_grant_after_prach_and_pdcch,measured_runtime_procedure_event,available_runtime_observation,initial-access event timestamp recorded from the slot-coupled runtime evidence path,0.0005,not_applicable,not_applicable,not_applicable,not_applicable,0,0,0,none,Msg3 is materialized as the first successful UL PUSCH grant after PRACH success and grant-coupled PDCCH decode in the slot-coupled runtime.
209,4,4,2,1,9,0.004,UL,PUSCH,MSG3_PUSCH_COMPLETED,MSG3_PUSCH_COMPLETED,PASS,air_interface/csv/ul_pusch_trials.csv,not_applicable,slot_coupled_successful_ul_grant_after_prach_and_pdcch,measured_runtime_procedure_event,available_runtime_observation,initial-access event timestamp recorded from the slot-coupled runtime evidence path,0.0005,not_applicable,not_applicable,not_applicable,not_applicable,0,0,0,none,Msg3 is materialized as the first successful UL PUSCH grant after PRACH success and grant-coupled PDCCH decode in the slot-coupled runtime.
210,6,6,2,1,9,0.004,UL,PUSCH,MSG3_PUSCH_COMPLETED,MSG3_PUSCH_COMPLETED,PASS,air_interface/csv/ul_pusch_trials.csv,not_applicable,slot_coupled_successful_ul_grant_after_prach_and_pdcch,measured_runtime_procedure_event,available_runtime_observation,initial-access event timestamp recorded from the slot-coupled runtime evidence path,0.0005,not_applicable,not_applicable,not_applicable,not_applicable,0,0,0,none,Msg3 is materialized as the first successful UL PUSCH grant after PRACH success and grant-coupled PDCCH decode in the slot-coupled runtime.
211,10,10,2,1,9,0.004,UL,PUSCH,MSG3_PUSCH_COMPLETED,MSG3_PUSCH_COMPLETED,PASS,air_interface/csv/ul_pusch_trials.csv,not_applicable,slot_coupled_successful_ul_grant_after_prach_and_pdcch,measured_runtime_procedure_event,available_runtime_observation,initial-access event timestamp recorded from the slot-coupled runtime evidence path,0.0005,not_applicable,not_applicable,not_applicable,not_applicable,0,0,0,none,Msg3 is materialized as the first successful UL PUSCH grant after PRACH success and grant-coupled PDCCH decode in the slot-coupled runtime.
212,29,29,2,1,9,0.004,UL,PUSCH,MSG3_PUSCH_COMPLETED,MSG3_PUSCH_COMPLETED,PASS,air_interface/csv/ul_pusch_trials.csv,not_applicable,slot_coupled_successful_ul_grant_after_prach_and_pdcch,measured_runtime_procedure_event,available_runtime_observation,initial-access event timestamp recorded from the slot-coupled runtime evidence path,0.0005,not_applicable,not_applicable,not_applicable,not_applicable,0,0,0,none,Msg3 is materialized as the first successful UL PUSCH grant after PRACH success and grant-coupled PDCCH decode in the slot-coupled runtime.
213,35,35,2,1,9,0.004,UL,PUSCH,MSG3_PUSCH_COMPLETED,MSG3_PUSCH_COMPLETED,PASS,air_interface/csv/ul_pusch_trials.csv,not_applicable,slot_coupled_successful_ul_grant_after_prach_and_pdcch,measured_runtime_procedure_event,available_runtime_observation,initial-access event timestamp recorded from the slot-coupled runtime evidence path,0.0005,not_applicable,not_applicable,not_applicable,not_applicable,0,0,0,none,Msg3 is materialized as the first successful UL PUSCH grant after PRACH success and grant-coupled PDCCH decode in the slot-coupled runtime.
214,41,41,2,1,9,0.004,UL,PUSCH,MSG3_PUSCH_COMPLETED,MSG3_PUSCH_COMPLETED,PASS,air_interface/csv/ul_pusch_trials.csv,not_applicable,slot_coupled_successful_ul_grant_after_prach_and_pdcch,measured_runtime_procedure_event,available_runtime_observation,initial-access event timestamp recorded from the slot-coupled runtime evidence path,0.0005,not_applicable,not_applicable,not_applicable,not_applicable,0,0,0,none,Msg3 is materialized as the first successful UL PUSCH grant after PRACH success and grant-coupled PDCCH decode in the slot-coupled runtime.
215,45,45,2,1,9,0.004,UL,PUSCH,MSG3_PUSCH_COMPLETED,MSG3_PUSCH_COMPLETED,PASS,air_interface/csv/ul_pusch_trials.csv,not_applicable,slot_coupled_successful_ul_grant_after_prach_and_pdcch,measured_runtime_procedure_event,available_runtime_observation,initial-access event timestamp recorded from the slot-coupled runtime evidence path,0.0005,not_applicable,not_applicable,not_applicable,not_applicable,0,0,0,none,Msg3 is materialized as the first successful UL PUSCH grant after PRACH success and grant-coupled PDCCH decode in the slot-coupled runtime.
216,50,50,2,1,9,0.004,UL,PUSCH,MSG3_PUSCH_COMPLETED,MSG3_PUSCH_COMPLETED,PASS,air_interface/csv/ul_pusch_trials.csv,not_applicable,slot_coupled_successful_ul_grant_after_prach_and_pdcch,measured_runtime_procedure_event,available_runtime_observation,initial-access event timestamp recorded from the slot-coupled runtime evidence path,0.0005,not_applicable,not_applicable,not_applicable,not_applicable,0,0,0,none,Msg3 is materialized as the first successful UL PUSCH grant after PRACH success and grant-coupled PDCCH decode in the slot-coupled runtime.
217,12,12,3,1,9,0.004,UL,PUSCH,MSG3_PUSCH_COMPLETED,MSG3_PUSCH_COMPLETED,PASS,air_interface/csv/ul_pusch_trials.csv,not_applicable,slot_coupled_successful_ul_grant_after_prach_and_pdcch,measured_runtime_procedure_event,available_runtime_observation,initial-access event timestamp recorded from the slot-coupled runtime evidence path,0.0005,not_applicable,not_applicable,not_applicable,not_applicable,0,0,0,none,Msg3 is materialized as the first successful UL PUSCH grant after PRACH success and grant-coupled PDCCH decode in the slot-coupled runtime.
218,13,13,3,1,9,0.004,UL,PUSCH,MSG3_PUSCH_COMPLETED,MSG3_PUSCH_COMPLETED,PASS,air_interface/csv/ul_pusch_trials.csv,not_applicable,slot_coupled_successful_ul_grant_after_prach_and_pdcch,measured_runtime_procedure_event,available_runtime_observation,initial-access event timestamp recorded from the slot-coupled runtime evidence path,0.0005,not_applicable,not_applicable,not_applicable,not_applicable,0,0,0,none,Msg3 is materialized as the first successful UL PUSCH grant after PRACH success and grant-coupled PDCCH decode in the slot-coupled runtime.
219,18,18,3,1,9,0.004,UL,PUSCH,MSG3_PUSCH_COMPLETED,MSG3_PUSCH_COMPLETED,PASS,air_interface/csv/ul_pusch_trials.csv,not_applicable,slot_coupled_successful_ul_grant_after_prach_and_pdcch,measured_runtime_procedure_event,available_runtime_observation,initial-access event timestamp recorded from the slot-coupled runtime evidence path,0.0005,not_applicable,not_applicable,not_applicable,not_applicable,0,0,0,none,Msg3 is materialized as the first successful UL PUSCH grant after PRACH success and grant-coupled PDCCH decode in the slot-coupled runtime.
220,23,23,3,1,9,0.004,UL,PUSCH,MSG3_PUSCH_COMPLETED,MSG3_PUSCH_COMPLETED,PASS,air_interface/csv/ul_pusch_trials.csv,not_applicable,slot_coupled_successful_ul_grant_after_prach_and_pdcch,measured_runtime_procedure_event,available_runtime_observation,initial-access event timestamp recorded from the slot-coupled runtime evidence path,0.0005,not_applicable,not_applicable,not_applicable,not_applicable,0,0,0,none,Msg3 is materialized as the first successful UL PUSCH grant after PRACH success and grant-coupled PDCCH decode in the slot-coupled runtime.
221,22,22,4,1,9,0.004,UL,PUSCH,MSG3_PUSCH_COMPLETED,MSG3_PUSCH_COMPLETED,PASS,air_interface/csv/ul_pusch_trials.csv,not_applicable,slot_coupled_successful_ul_grant_after_prach_and_pdcch,measured_runtime_procedure_event,available_runtime_observation,initial-access event timestamp recorded from the slot-coupled runtime evidence path,0.0005,not_applicable,not_applicable,not_applicable,not_applicable,0,0,0,none,Msg3 is materialized as the first successful UL PUSCH grant after PRACH success and grant-coupled PDCCH decode in the slot-coupled runtime.
222,37,37,4,1,9,0.004,UL,PUSCH,MSG3_PUSCH_COMPLETED,MSG3_PUSCH_COMPLETED,PASS,air_interface/csv/ul_pusch_trials.csv,not_applicable,slot_coupled_successful_ul_grant_after_prach_and_pdcch,measured_runtime_procedure_event,available_runtime_observation,initial-access event timestamp recorded from the slot-coupled runtime evidence path,0.0005,not_applicable,not_applicable,not_applicable,not_applicable,0,0,0,none,Msg3 is materialized as the first successful UL PUSCH grant after PRACH success and grant-coupled PDCCH decode in the slot-coupled runtime.
223,38,38,4,1,9,0.004,UL,PUSCH,MSG3_PUSCH_COMPLETED,MSG3_PUSCH_COMPLETED,PASS,air_interface/csv/ul_pusch_trials.csv,not_applicable,slot_coupled_successful_ul_grant_after_prach_and_pdcch,measured_runtime_procedure_event,available_runtime_observation,initial-access event timestamp recorded from the slot-coupled runtime evidence path,0.0005,not_applicable,not_applicable,not_applicable,not_applicable,0,0,0,none,Msg3 is materialized as the first successful UL PUSCH grant after PRACH success and grant-coupled PDCCH decode in the slot-coupled runtime.
224,42,42,4,1,9,0.004,UL,PUSCH,MSG3_PUSCH_COMPLETED,MSG3_PUSCH_COMPLETED,PASS,air_interface/csv/ul_pusch_trials.csv,not_applicable,slot_coupled_successful_ul_grant_after_prach_and_pdcch,measured_runtime_procedure_event,available_runtime_observation,initial-access event timestamp recorded from the slot-coupled runtime evidence path,0.0005,not_applicable,not_applicable,not_applicable,not_applicable,0,0,0,none,Msg3 is materialized as the first successful UL PUSCH grant after PRACH success and grant-coupled PDCCH decode in the slot-coupled runtime.
225,44,44,4,1,9,0.004,UL,PUSCH,MSG3_PUSCH_COMPLETED,MSG3_PUSCH_COMPLETED,PASS,air_interface/csv/ul_pusch_trials.csv,not_applicable,slot_coupled_successful_ul_grant_after_prach_and_pdcch,measured_runtime_procedure_event,available_runtime_observation,initial-access event timestamp recorded from the slot-coupled runtime evidence path,0.0005,not_applicable,not_applicable,not_applicable,not_applicable,0,0,0,none,Msg3 is materialized as the first successful UL PUSCH grant after PRACH success and grant-coupled PDCCH decode in the slot-coupled runtime.
226,49,49,4,1,9,0.004,UL,PUSCH,MSG3_PUSCH_COMPLETED,MSG3_PUSCH_COMPLETED,PASS,air_interface/csv/ul_pusch_trials.csv,not_applicable,slot_coupled_successful_ul_grant_after_prach_and_pdcch,measured_runtime_procedure_event,available_runtime_observation,initial-access event timestamp recorded from the slot-coupled runtime evidence path,0.0005,not_applicable,not_applicable,not_applicable,not_applicable,0,0,0,none,Msg3 is materialized as the first successful UL PUSCH grant after PRACH success and grant-coupled PDCCH decode in the slot-coupled runtime.
227,25,25,5,1,9,0.004,UL,PUSCH,MSG3_PUSCH_COMPLETED,MSG3_PUSCH_COMPLETED,PASS,air_interface/csv/ul_pusch_trials.csv,not_applicable,slot_coupled_successful_ul_grant_after_prach_and_pdcch,measured_runtime_procedure_event,available_runtime_observation,initial-access event timestamp recorded from the slot-coupled runtime evidence path,0.0005,not_applicable,not_applicable,not_applicable,not_applicable,0,0,0,none,Msg3 is materialized as the first successful UL PUSCH grant after PRACH success and grant-coupled PDCCH decode in the slot-coupled runtime.
228,27,27,5,1,9,0.004,UL,PUSCH,MSG3_PUSCH_COMPLETED,MSG3_PUSCH_COMPLETED,PASS,air_interface/csv/ul_pusch_trials.csv,not_applicable,slot_coupled_successful_ul_grant_after_prach_and_pdcch,measured_runtime_procedure_event,available_runtime_observation,initial-access event timestamp recorded from the slot-coupled runtime evidence path,0.0005,not_applicable,not_applicable,not_applicable,not_applicable,0,0,0,none,Msg3 is materialized as the first successful UL PUSCH grant after PRACH success and grant-coupled PDCCH decode in the slot-coupled runtime.
229,28,28,5,1,9,0.004,UL,PUSCH,MSG3_PUSCH_COMPLETED,MSG3_PUSCH_COMPLETED,PASS,air_interface/csv/ul_pusch_trials.csv,not_applicable,slot_coupled_successful_ul_grant_after_prach_and_pdcch,measured_runtime_procedure_event,available_runtime_observation,initial-access event timestamp recorded from the slot-coupled runtime evidence path,0.0005,not_applicable,not_applicable,not_applicable,not_applicable,0,0,0,none,Msg3 is materialized as the first successful UL PUSCH grant after PRACH success and grant-coupled PDCCH decode in the slot-coupled runtime.
230,30,30,5,1,9,0.004,UL,PUSCH,MSG3_PUSCH_COMPLETED,MSG3_PUSCH_COMPLETED,PASS,air_interface/csv/ul_pusch_trials.csv,not_applicable,slot_coupled_successful_ul_grant_after_prach_and_pdcch,measured_runtime_procedure_event,available_runtime_observation,initial-access event timestamp recorded from the slot-coupled runtime evidence path,0.0005,not_applicable,not_applicable,not_applicable,not_applicable,0,0,0,none,Msg3 is materialized as the first successful UL PUSCH grant after PRACH success and grant-coupled PDCCH decode in the slot-coupled runtime.
231,31,31,5,1,9,0.004,UL,PUSCH,MSG3_PUSCH_COMPLETED,MSG3_PUSCH_COMPLETED,PASS,air_interface/csv/ul_pusch_trials.csv,not_applicable,slot_coupled_successful_ul_grant_after_prach_and_pdcch,measured_runtime_procedure_event,available_runtime_observation,initial-access event timestamp recorded from the slot-coupled runtime evidence path,0.0005,not_applicable,not_applicable,not_applicable,not_applicable,0,0,0,none,Msg3 is materialized as the first successful UL PUSCH grant after PRACH success and grant-coupled PDCCH decode in the slot-coupled runtime.
232,36,36,5,1,9,0.004,UL,PUSCH,MSG3_PUSCH_COMPLETED,MSG3_PUSCH_COMPLETED,PASS,air_interface/csv/ul_pusch_trials.csv,not_applicable,slot_coupled_successful_ul_grant_after_prach_and_pdcch,measured_runtime_procedure_event,available_runtime_observation,initial-access event timestamp recorded from the slot-coupled runtime evidence path,0.0005,not_applicable,not_applicable,not_applicable,not_applicable,0,0,0,none,Msg3 is materialized as the first successful UL PUSCH grant after PRACH success and grant-coupled PDCCH decode in the slot-coupled runtime.
233,39,39,5,1,9,0.004,UL,PUSCH,MSG3_PUSCH_COMPLETED,MSG3_PUSCH_COMPLETED,PASS,air_interface/csv/ul_pusch_trials.csv,not_applicable,slot_coupled_successful_ul_grant_after_prach_and_pdcch,measured_runtime_procedure_event,available_runtime_observation,initial-access event timestamp recorded from the slot-coupled runtime evidence path,0.0005,not_applicable,not_applicable,not_applicable,not_applicable,0,0,0,none,Msg3 is materialized as the first successful UL PUSCH grant after PRACH success and grant-coupled PDCCH decode in the slot-coupled runtime.
