Direction,SNR_dB,Seed,Frame,Slot,MCS,PRBs,Layers,Modulation,TargetCodeRate,TBSize_bits,ChannelModel,DopplerHz,CRCPass,DecoderIterations,EVM_rms,NMSE_dB,DetectionMetric,MeasuredSINR_dB,ReceiverHestSINR_dB,ReceiverHestSINRSource,DecoderTruthProxySINR_dB,DecoderTruthProxySINRSource,SINRValueRole,SINRSource,WidebandCQI,CQIDerivedMCS,CQIDerivedModulation,CQIDerivedTargetCodeRate,LinkAdaptationMode,ConfiguredLinkAdaptationMode,ActualMCSSelectionMode,ConfiguredMCSSelectionPolicy,SchedulerGrantMCSSelectionMode,RequestedOperatingPointSource,CQITable,MCSTable,RankIndicator,PMI,CRI,PMIType,PMICodebookMode,CSIReportMode,CSIPayloadBitLength,CSIPayloadHex,ConfiguredBeamSelectionStrategy,PrecoderSource,PrecodingMode,PrecodingApplicationStage,PrecodingActive,ExplicitBeamWeightsApplied,TransformPrecodingApplied,BeamformingApplied,AppliedBeamIndexSet,AppliedPrecoderPMI,AppliedPrecoderPMIType,AppliedPrecoderCodebookMode,RequestedVsAppliedPrecoderPMIMatchStatus,PrecodingNumPorts,PrecodingNumLayers,PrecodingMatrixRows,PrecodingMatrixCols,FalseAlarmFlag,BlockingFlag,BlindDecodeCount,AvailableCCECount,UsedCCECount,NonOverlappedCCEUsage,AggregationLevel,DCISize_bits,ControlCapacityBits,ControlCapacityUtilization,CORESETUtilization,ControlLatency_ms,ChannelGain_dB,NoiseVariance,TimingOffset_samples,RankEstimate,ConditionNumber_dB,NumRxAntennas,NumTxPorts,SelectedBeamIndex,BestBeamIndex,BeamHit,TopKBeamHit,BeamCandidateCount,SelectedBeamGain_dB,BestBeamGain_dB,BeamGainGap_dB,ConfiguredPMI,ConfiguredCRI,BitErrors,BitsCompared,OfferedBits,GoodBits,OfferedThroughput_Mbps,Goodput_Mbps,ComputeLatency_ms,ProcedureDelay_ms,AirInterfaceTTI_ms,AirInterfaceObservation_ms,Latency_ms,DecodeLatency_ms,EarlyStopRate,DecoderComplexityUnits,NormalizedDecoderComplexity,AreaEfficiencyProxy,NumCodeBlocks,CodeBlockLength_bits,SegmentationOccurred,SegmentationPaddingBits,TBCRCLength_bits,TBLengthWithCRC_bits,BaseGraph,EncodedBits,RateMatchedBits,RateMatchPunctureBits,RateMatchRepetitionBits,CodeBlockErrors,CodeBlockCount,CodeBlockBLER,CBGErrors,CBGCount,CBGBLER,PAPR_dB,PeakClippingEvents,SymbolErrors,SymbolsCompared,SymbolErrorRate,ResidualInterferencePower_dB,LLRMeanAbs,LLRStdAbs,LLRImbalance,ModulationMappingSensitivity,ShapingRateLoss,DistributionMatchingLatency_ms,HighOrderRobustness,DetectorComplexityUnits_Modulation,DataRECount,DMRSRECount,PTRSRECount,RSOverheadFraction,InjectedCFO_Hz,EstimatedCFO_PreCorrection_Hz,ResidualCFO_PostCorrection_Hz,EstimatedCFO_Hz,TrueCFO_Hz,CFOError_Hz,InjectedTimingOffset_samples,EstimatedTimingOffset_PreCorrection_samples,ResidualTimingError_PostCorrection_samples,TrueTimingOffset_samples,TimingError_samples,InjectedDoppler_Hz,EstimatedDopplerHz,DopplerError_Hz,PhaseTrackingError_deg,TrackingEstimateSource,QCLAccuracy,ChannelAgingLoss_dB,InterpolationLoss_dB,MismatchSensitivity_dB,AcquisitionTime_ms,TrackingFailureProbability,Status,Crash,LinkAdaptationApplied,LinkAdaptationScheduled,IsWarmupFrame,SFN,UEID,BaseStationID,AllocatedPRBCount,PRBStart,MCSIndex,Rank,ConfiguredSNR_dB,ConfiguredSNRSource,SNRValueRole,AppliedAWGNSNR_dB,MeasuredTrialSINR_dB,MeasuredTrialSINRSource,LargeScaleSINR_dB,LargeScaleSINRSource,ServingRSRP_dBm,ServingRSRPSource,CSI_RSRP_dB,CSI_RSRPSource,AppliedLargeScaleGain_dB,AppliedLargeScaleLoss_dB,AppliedBasePathloss_dB,AppliedPathloss_dB,AppliedShadowFading_dB,AppliedO2I_dB,AppliedLargeScaleGainSource,TimingEstimateUsed,UseIdealTimingSync,InterferenceMode,InterfererBeamformingAppliedCount,InterfererExplicitBeamWeightCount,InterfererTransformPrecodingCount,InterfererPrecoderSourceSet,InterfererPrecodingModeSet,InterfererBeamIndexSetSummary,MCSAuthority,ModulationAuthority,GrantOperatingPointSource,AppliedOperatingPointSource,DopplerSourceMode,DopplerValueRole,TRSGatingActive,TRSValidityState,TrackingEligibility,TRSAgeSlots,LastSuccessfulTRSSlot,LastEstimatedTRSDopplerHz,TRSStateSource,TRSRuntimeConsumer,TRSInfluencedDecision,TRSInfluenceDefinition,TRSReceiverIntegrationStatus,TRSReceiverIntegrationBlocker,TRSProcessed,TRSReceiverConsumerType,TRSTrackingStateBefore,TRSTrackingStateAfter,TRSTrackingUpdateTime_s,TRSAssociatedCell,TRSUpdateOutcome,TRSChannelTrackingFreshnessState,TRSFrequencyTrackingState,TRSTimingTrackingState,TRSTimingEstimateAvailable,TRSTimingEstimate_samples,TRSCFOEstimateAvailable,TRSEstimatedCFO_Hz,TRSRuntimeEvidenceSource,GrantContextId,GrantWorkerSafe,GrantSharedStateCommitMode,Notes,UEIndex,RNTI,TrialDirection,LinkDirection,GrantDirection,ControlStage
DL,12,104729,1,1,not_applicable,not_applicable,not_applicable,not_applicable,not_applicable,not_applicable,CDL-D,11.1188031732717,1,not_applicable,not_applicable,not_applicable,1,not_applicable,not_applicable,not_applicable,not_applicable,not_applicable,not_applicable,not_applicable,not_applicable,not_applicable,not_applicable,not_applicable,not_applicable,not_applicable,not_applicable,not_applicable,not_applicable,not_applicable,not_applicable,not_applicable,not_applicable,not_applicable,not_applicable,not_applicable,not_applicable,not_applicable,not_applicable,not_applicable,not_applicable,not_applicable,not_applicable,not_applicable,0,0,0,0,not_applicable,not_applicable,not_applicable,not_applicable,not_applicable,not_applicable,not_applicable,not_applicable,not_applicable,not_applicable,not_applicable,not_applicable,not_applicable,not_applicable,not_applicable,not_applicable,not_applicable,not_applicable,not_applicable,not_applicable,not_applicable,not_applicable,not_applicable,4384,not_applicable,not_applicable,not_applicable,not_applicable,not_applicable,not_applicable,not_applicable,not_applicable,not_applicable,not_applicable,not_applicable,not_applicable,not_applicable,not_applicable,not_applicable,not_applicable,not_applicable,not_applicable,not_applicable,not_applicable,4054.9257,not_applicable,not_applicable,10,not_applicable,not_applicable,not_applicable,not_applicable,not_applicable,not_applicable,not_applicable,not_applicable,not_applicable,not_applicable,not_applicable,not_applicable,not_applicable,not_applicable,not_applicable,not_applicable,not_applicable,not_applicable,not_applicable,not_applicable,not_applicable,not_applicable,not_applicable,not_applicable,not_applicable,not_applicable,not_applicable,not_applicable,not_applicable,not_applicable,not_applicable,not_applicable,not_applicable,not_applicable,not_applicable,not_applicable,not_applicable,not_applicable,not_applicable,not_applicable,not_applicable,40,40,1.47460520298687e-14,40,40,1.47460520298687e-14,0,4384,0,0,0,11.1188031732717,not_applicable,not_applicable,not_applicable,not_applicable,not_applicable,not_applicable,not_applicable,not_applicable,10,0,PASS,0,0,0,0,0,not_applicable,not_applicable,not_applicable,not_applicable,not_applicable,not_applicable,12,configured_runtime_operating_point_reference,configured_reference_metadata,not_applicable,not_applicable,not_applicable,not_applicable,not_applicable,not_applicable,not_applicable,not_applicable,not_applicable,not_applicable,not_applicable,not_applicable,not_applicable,not_applicable,not_applicable,not_applicable,0,0,not_applicable,0,0,0,not_applicable,not_applicable,not_applicable,not_applicable,not_applicable,not_applicable,not_applicable,derive_from_ue_speed,scenario_resolved_metadata,0,not_applicable,0,not_applicable,not_applicable,not_applicable,not_applicable,not_applicable,0,not_applicable,not_applicable,not_applicable,0,not_applicable,not_applicable,not_applicable,not_applicable,not_applicable,not_applicable,not_applicable,not_applicable,not_applicable,0,not_applicable,0,not_applicable,not_applicable,not_applicable,0,not_applicable,"NCellID=1, SSBIdx=0, injected CFO=40 Hz, residual CFO=0 Hz",1,1,DL,DL,DL,PBCH_RECOVERY
DL,12,104729,1,1,not_applicable,not_applicable,not_applicable,not_applicable,not_applicable,not_applicable,CDL-D,11.1188031732717,1,not_applicable,not_applicable,not_applicable,1,not_applicable,not_applicable,not_applicable,not_applicable,not_applicable,not_applicable,not_applicable,not_applicable,not_applicable,not_applicable,not_applicable,not_applicable,not_applicable,not_applicable,not_applicable,not_applicable,not_applicable,not_applicable,not_applicable,not_applicable,not_applicable,not_applicable,not_applicable,not_applicable,not_applicable,not_applicable,not_applicable,not_applicable,not_applicable,not_applicable,not_applicable,0,0,0,0,not_applicable,not_applicable,not_applicable,not_applicable,not_applicable,not_applicable,not_applicable,not_applicable,not_applicable,not_applicable,not_applicable,not_applicable,not_applicable,not_applicable,not_applicable,not_applicable,not_applicable,not_applicable,not_applicable,not_applicable,not_applicable,not_applicable,not_applicable,4384,not_applicable,not_applicable,not_applicable,not_applicable,not_applicable,not_applicable,not_applicable,not_applicable,not_applicable,not_applicable,not_applicable,not_applicable,not_applicable,not_applicable,not_applicable,not_applicable,not_applicable,not_applicable,not_applicable,not_applicable,4054.9257,not_applicable,not_applicable,10,not_applicable,not_applicable,not_applicable,not_applicable,not_applicable,not_applicable,not_applicable,not_applicable,not_applicable,not_applicable,not_applicable,not_applicable,not_applicable,not_applicable,not_applicable,not_applicable,not_applicable,not_applicable,not_applicable,not_applicable,not_applicable,not_applicable,not_applicable,not_applicable,not_applicable,not_applicable,not_applicable,not_applicable,not_applicable,not_applicable,not_applicable,not_applicable,not_applicable,not_applicable,not_applicable,not_applicable,not_applicable,not_applicable,not_applicable,not_applicable,not_applicable,40,40,1.47460520298687e-14,40,40,1.47460520298687e-14,0,4384,0,0,0,11.1188031732717,not_applicable,not_applicable,not_applicable,not_applicable,not_applicable,not_applicable,not_applicable,not_applicable,10,0,PASS,0,0,0,0,0,not_applicable,not_applicable,not_applicable,not_applicable,not_applicable,not_applicable,12,configured_runtime_operating_point_reference,configured_reference_metadata,not_applicable,not_applicable,not_applicable,not_applicable,not_applicable,not_applicable,not_applicable,not_applicable,not_applicable,not_applicable,not_applicable,not_applicable,not_applicable,not_applicable,not_applicable,not_applicable,0,0,not_applicable,0,0,0,not_applicable,not_applicable,not_applicable,not_applicable,not_applicable,not_applicable,not_applicable,derive_from_ue_speed,scenario_resolved_metadata,0,not_applicable,0,not_applicable,not_applicable,not_applicable,not_applicable,not_applicable,0,not_applicable,not_applicable,not_applicable,0,not_applicable,not_applicable,not_applicable,not_applicable,not_applicable,not_applicable,not_applicable,not_applicable,not_applicable,0,not_applicable,0,not_applicable,not_applicable,not_applicable,0,not_applicable,"NCellID=1, SSBIdx=0, injected CFO=40 Hz, residual CFO=0 Hz",2,2,DL,DL,DL,PBCH_RECOVERY
DL,12,104729,1,1,not_applicable,not_applicable,not_applicable,not_applicable,not_applicable,not_applicable,CDL-D,11.1188031732717,1,not_applicable,not_applicable,not_applicable,1,not_applicable,not_applicable,not_applicable,not_applicable,not_applicable,not_applicable,not_applicable,not_applicable,not_applicable,not_applicable,not_applicable,not_applicable,not_applicable,not_applicable,not_applicable,not_applicable,not_applicable,not_applicable,not_applicable,not_applicable,not_applicable,not_applicable,not_applicable,not_applicable,not_applicable,not_applicable,not_applicable,not_applicable,not_applicable,not_applicable,not_applicable,0,0,0,0,not_applicable,not_applicable,not_applicable,not_applicable,not_applicable,not_applicable,not_applicable,not_applicable,not_applicable,not_applicable,not_applicable,not_applicable,not_applicable,not_applicable,not_applicable,not_applicable,not_applicable,not_applicable,not_applicable,not_applicable,not_applicable,not_applicable,not_applicable,4384,not_applicable,not_applicable,not_applicable,not_applicable,not_applicable,not_applicable,not_applicable,not_applicable,not_applicable,not_applicable,not_applicable,not_applicable,not_applicable,not_applicable,not_applicable,not_applicable,not_applicable,not_applicable,not_applicable,not_applicable,4054.9257,not_applicable,not_applicable,10,not_applicable,not_applicable,not_applicable,not_applicable,not_applicable,not_applicable,not_applicable,not_applicable,not_applicable,not_applicable,not_applicable,not_applicable,not_applicable,not_applicable,not_applicable,not_applicable,not_applicable,not_applicable,not_applicable,not_applicable,not_applicable,not_applicable,not_applicable,not_applicable,not_applicable,not_applicable,not_applicable,not_applicable,not_applicable,not_applicable,not_applicable,not_applicable,not_applicable,not_applicable,not_applicable,not_applicable,not_applicable,not_applicable,not_applicable,not_applicable,not_applicable,40,40,1.47460520298687e-14,40,40,1.47460520298687e-14,0,4384,0,0,0,11.1188031732717,not_applicable,not_applicable,not_applicable,not_applicable,not_applicable,not_applicable,not_applicable,not_applicable,10,0,PASS,0,0,0,0,0,not_applicable,not_applicable,not_applicable,not_applicable,not_applicable,not_applicable,12,configured_runtime_operating_point_reference,configured_reference_metadata,not_applicable,not_applicable,not_applicable,not_applicable,not_applicable,not_applicable,not_applicable,not_applicable,not_applicable,not_applicable,not_applicable,not_applicable,not_applicable,not_applicable,not_applicable,not_applicable,0,0,not_applicable,0,0,0,not_applicable,not_applicable,not_applicable,not_applicable,not_applicable,not_applicable,not_applicable,derive_from_ue_speed,scenario_resolved_metadata,0,not_applicable,0,not_applicable,not_applicable,not_applicable,not_applicable,not_applicable,0,not_applicable,not_applicable,not_applicable,0,not_applicable,not_applicable,not_applicable,not_applicable,not_applicable,not_applicable,not_applicable,not_applicable,not_applicable,0,not_applicable,0,not_applicable,not_applicable,not_applicable,0,not_applicable,"NCellID=1, SSBIdx=0, injected CFO=40 Hz, residual CFO=0 Hz",3,3,DL,DL,DL,PBCH_RECOVERY
DL,12,104729,1,1,not_applicable,not_applicable,not_applicable,not_applicable,not_applicable,not_applicable,CDL-D,11.1188031732717,1,not_applicable,not_applicable,not_applicable,1,not_applicable,not_applicable,not_applicable,not_applicable,not_applicable,not_applicable,not_applicable,not_applicable,not_applicable,not_applicable,not_applicable,not_applicable,not_applicable,not_applicable,not_applicable,not_applicable,not_applicable,not_applicable,not_applicable,not_applicable,not_applicable,not_applicable,not_applicable,not_applicable,not_applicable,not_applicable,not_applicable,not_applicable,not_applicable,not_applicable,not_applicable,0,0,0,0,not_applicable,not_applicable,not_applicable,not_applicable,not_applicable,not_applicable,not_applicable,not_applicable,not_applicable,not_applicable,not_applicable,not_applicable,not_applicable,not_applicable,not_applicable,not_applicable,not_applicable,not_applicable,not_applicable,not_applicable,not_applicable,not_applicable,not_applicable,4384,not_applicable,not_applicable,not_applicable,not_applicable,not_applicable,not_applicable,not_applicable,not_applicable,not_applicable,not_applicable,not_applicable,not_applicable,not_applicable,not_applicable,not_applicable,not_applicable,not_applicable,not_applicable,not_applicable,not_applicable,4054.9257,not_applicable,not_applicable,10,not_applicable,not_applicable,not_applicable,not_applicable,not_applicable,not_applicable,not_applicable,not_applicable,not_applicable,not_applicable,not_applicable,not_applicable,not_applicable,not_applicable,not_applicable,not_applicable,not_applicable,not_applicable,not_applicable,not_applicable,not_applicable,not_applicable,not_applicable,not_applicable,not_applicable,not_applicable,not_applicable,not_applicable,not_applicable,not_applicable,not_applicable,not_applicable,not_applicable,not_applicable,not_applicable,not_applicable,not_applicable,not_applicable,not_applicable,not_applicable,not_applicable,40,40,1.47460520298687e-14,40,40,1.47460520298687e-14,0,4384,0,0,0,11.1188031732717,not_applicable,not_applicable,not_applicable,not_applicable,not_applicable,not_applicable,not_applicable,not_applicable,10,0,PASS,0,0,0,0,0,not_applicable,not_applicable,not_applicable,not_applicable,not_applicable,not_applicable,12,configured_runtime_operating_point_reference,configured_reference_metadata,not_applicable,not_applicable,not_applicable,not_applicable,not_applicable,not_applicable,not_applicable,not_applicable,not_applicable,not_applicable,not_applicable,not_applicable,not_applicable,not_applicable,not_applicable,not_applicable,0,0,not_applicable,0,0,0,not_applicable,not_applicable,not_applicable,not_applicable,not_applicable,not_applicable,not_applicable,derive_from_ue_speed,scenario_resolved_metadata,0,not_applicable,0,not_applicable,not_applicable,not_applicable,not_applicable,not_applicable,0,not_applicable,not_applicable,not_applicable,0,not_applicable,not_applicable,not_applicable,not_applicable,not_applicable,not_applicable,not_applicable,not_applicable,not_applicable,0,not_applicable,0,not_applicable,not_applicable,not_applicable,0,not_applicable,"NCellID=1, SSBIdx=0, injected CFO=40 Hz, residual CFO=0 Hz",4,4,DL,DL,DL,PBCH_RECOVERY
DL,12,104729,1,1,not_applicable,not_applicable,not_applicable,not_applicable,not_applicable,not_applicable,CDL-D,11.1188031732717,1,not_applicable,not_applicable,not_applicable,1,not_applicable,not_applicable,not_applicable,not_applicable,not_applicable,not_applicable,not_applicable,not_applicable,not_applicable,not_applicable,not_applicable,not_applicable,not_applicable,not_applicable,not_applicable,not_applicable,not_applicable,not_applicable,not_applicable,not_applicable,not_applicable,not_applicable,not_applicable,not_applicable,not_applicable,not_applicable,not_applicable,not_applicable,not_applicable,not_applicable,not_applicable,0,0,0,0,not_applicable,not_applicable,not_applicable,not_applicable,not_applicable,not_applicable,not_applicable,not_applicable,not_applicable,not_applicable,not_applicable,not_applicable,not_applicable,not_applicable,not_applicable,not_applicable,not_applicable,not_applicable,not_applicable,not_applicable,not_applicable,not_applicable,not_applicable,4384,not_applicable,not_applicable,not_applicable,not_applicable,not_applicable,not_applicable,not_applicable,not_applicable,not_applicable,not_applicable,not_applicable,not_applicable,not_applicable,not_applicable,not_applicable,not_applicable,not_applicable,not_applicable,not_applicable,not_applicable,4054.9257,not_applicable,not_applicable,10,not_applicable,not_applicable,not_applicable,not_applicable,not_applicable,not_applicable,not_applicable,not_applicable,not_applicable,not_applicable,not_applicable,not_applicable,not_applicable,not_applicable,not_applicable,not_applicable,not_applicable,not_applicable,not_applicable,not_applicable,not_applicable,not_applicable,not_applicable,not_applicable,not_applicable,not_applicable,not_applicable,not_applicable,not_applicable,not_applicable,not_applicable,not_applicable,not_applicable,not_applicable,not_applicable,not_applicable,not_applicable,not_applicable,not_applicable,not_applicable,not_applicable,40,40,1.47460520298687e-14,40,40,1.47460520298687e-14,0,4384,0,0,0,11.1188031732717,not_applicable,not_applicable,not_applicable,not_applicable,not_applicable,not_applicable,not_applicable,not_applicable,10,0,PASS,0,0,0,0,0,not_applicable,not_applicable,not_applicable,not_applicable,not_applicable,not_applicable,12,configured_runtime_operating_point_reference,configured_reference_metadata,not_applicable,not_applicable,not_applicable,not_applicable,not_applicable,not_applicable,not_applicable,not_applicable,not_applicable,not_applicable,not_applicable,not_applicable,not_applicable,not_applicable,not_applicable,not_applicable,0,0,not_applicable,0,0,0,not_applicable,not_applicable,not_applicable,not_applicable,not_applicable,not_applicable,not_applicable,derive_from_ue_speed,scenario_resolved_metadata,0,not_applicable,0,not_applicable,not_applicable,not_applicable,not_applicable,not_applicable,0,not_applicable,not_applicable,not_applicable,0,not_applicable,not_applicable,not_applicable,not_applicable,not_applicable,not_applicable,not_applicable,not_applicable,not_applicable,0,not_applicable,0,not_applicable,not_applicable,not_applicable,0,not_applicable,"NCellID=1, SSBIdx=0, injected CFO=40 Hz, residual CFO=0 Hz",5,5,DL,DL,DL,PBCH_RECOVERY
DL,12,104729,1,1,not_applicable,not_applicable,not_applicable,not_applicable,not_applicable,not_applicable,CDL-D,11.1188031732717,1,not_applicable,not_applicable,not_applicable,1,not_applicable,not_applicable,not_applicable,not_applicable,not_applicable,not_applicable,not_applicable,not_applicable,not_applicable,not_applicable,not_applicable,not_applicable,not_applicable,not_applicable,not_applicable,not_applicable,not_applicable,not_applicable,not_applicable,not_applicable,not_applicable,not_applicable,not_applicable,not_applicable,not_applicable,not_applicable,not_applicable,not_applicable,not_applicable,not_applicable,not_applicable,0,0,0,0,not_applicable,not_applicable,not_applicable,not_applicable,not_applicable,not_applicable,not_applicable,not_applicable,not_applicable,not_applicable,not_applicable,not_applicable,not_applicable,not_applicable,not_applicable,not_applicable,not_applicable,not_applicable,not_applicable,not_applicable,not_applicable,not_applicable,not_applicable,4384,not_applicable,not_applicable,not_applicable,not_applicable,not_applicable,not_applicable,not_applicable,not_applicable,not_applicable,not_applicable,not_applicable,not_applicable,not_applicable,not_applicable,not_applicable,not_applicable,not_applicable,not_applicable,not_applicable,not_applicable,4054.9257,not_applicable,not_applicable,10,not_applicable,not_applicable,not_applicable,not_applicable,not_applicable,not_applicable,not_applicable,not_applicable,not_applicable,not_applicable,not_applicable,not_applicable,not_applicable,not_applicable,not_applicable,not_applicable,not_applicable,not_applicable,not_applicable,not_applicable,not_applicable,not_applicable,not_applicable,not_applicable,not_applicable,not_applicable,not_applicable,not_applicable,not_applicable,not_applicable,not_applicable,not_applicable,not_applicable,not_applicable,not_applicable,not_applicable,not_applicable,not_applicable,not_applicable,not_applicable,not_applicable,40,40,1.47460520298687e-14,40,40,1.47460520298687e-14,0,4384,0,0,0,11.1188031732717,not_applicable,not_applicable,not_applicable,not_applicable,not_applicable,not_applicable,not_applicable,not_applicable,10,0,PASS,0,0,0,0,0,not_applicable,not_applicable,not_applicable,not_applicable,not_applicable,not_applicable,12,configured_runtime_operating_point_reference,configured_reference_metadata,not_applicable,not_applicable,not_applicable,not_applicable,not_applicable,not_applicable,not_applicable,not_applicable,not_applicable,not_applicable,not_applicable,not_applicable,not_applicable,not_applicable,not_applicable,not_applicable,0,0,not_applicable,0,0,0,not_applicable,not_applicable,not_applicable,not_applicable,not_applicable,not_applicable,not_applicable,derive_from_ue_speed,scenario_resolved_metadata,0,not_applicable,0,not_applicable,not_applicable,not_applicable,not_applicable,not_applicable,0,not_applicable,not_applicable,not_applicable,0,not_applicable,not_applicable,not_applicable,not_applicable,not_applicable,not_applicable,not_applicable,not_applicable,not_applicable,0,not_applicable,0,not_applicable,not_applicable,not_applicable,0,not_applicable,"NCellID=1, SSBIdx=0, injected CFO=40 Hz, residual CFO=0 Hz",6,6,DL,DL,DL,PBCH_RECOVERY
DL,12,104729,1,1,not_applicable,not_applicable,not_applicable,not_applicable,not_applicable,not_applicable,CDL-D,11.1188031732717,1,not_applicable,not_applicable,not_applicable,1,not_applicable,not_applicable,not_applicable,not_applicable,not_applicable,not_applicable,not_applicable,not_applicable,not_applicable,not_applicable,not_applicable,not_applicable,not_applicable,not_applicable,not_applicable,not_applicable,not_applicable,not_applicable,not_applicable,not_applicable,not_applicable,not_applicable,not_applicable,not_applicable,not_applicable,not_applicable,not_applicable,not_applicable,not_applicable,not_applicable,not_applicable,0,0,0,0,not_applicable,not_applicable,not_applicable,not_applicable,not_applicable,not_applicable,not_applicable,not_applicable,not_applicable,not_applicable,not_applicable,not_applicable,not_applicable,not_applicable,not_applicable,not_applicable,not_applicable,not_applicable,not_applicable,not_applicable,not_applicable,not_applicable,not_applicable,4384,not_applicable,not_applicable,not_applicable,not_applicable,not_applicable,not_applicable,not_applicable,not_applicable,not_applicable,not_applicable,not_applicable,not_applicable,not_applicable,not_applicable,not_applicable,not_applicable,not_applicable,not_applicable,not_applicable,not_applicable,4054.9257,not_applicable,not_applicable,10,not_applicable,not_applicable,not_applicable,not_applicable,not_applicable,not_applicable,not_applicable,not_applicable,not_applicable,not_applicable,not_applicable,not_applicable,not_applicable,not_applicable,not_applicable,not_applicable,not_applicable,not_applicable,not_applicable,not_applicable,not_applicable,not_applicable,not_applicable,not_applicable,not_applicable,not_applicable,not_applicable,not_applicable,not_applicable,not_applicable,not_applicable,not_applicable,not_applicable,not_applicable,not_applicable,not_applicable,not_applicable,not_applicable,not_applicable,not_applicable,not_applicable,40,40,1.47460520298687e-14,40,40,1.47460520298687e-14,0,4384,0,0,0,11.1188031732717,not_applicable,not_applicable,not_applicable,not_applicable,not_applicable,not_applicable,not_applicable,not_applicable,10,0,PASS,0,0,0,0,0,not_applicable,not_applicable,not_applicable,not_applicable,not_applicable,not_applicable,12,configured_runtime_operating_point_reference,configured_reference_metadata,not_applicable,not_applicable,not_applicable,not_applicable,not_applicable,not_applicable,not_applicable,not_applicable,not_applicable,not_applicable,not_applicable,not_applicable,not_applicable,not_applicable,not_applicable,not_applicable,0,0,not_applicable,0,0,0,not_applicable,not_applicable,not_applicable,not_applicable,not_applicable,not_applicable,not_applicable,derive_from_ue_speed,scenario_resolved_metadata,0,not_applicable,0,not_applicable,not_applicable,not_applicable,not_applicable,not_applicable,0,not_applicable,not_applicable,not_applicable,0,not_applicable,not_applicable,not_applicable,not_applicable,not_applicable,not_applicable,not_applicable,not_applicable,not_applicable,0,not_applicable,0,not_applicable,not_applicable,not_applicable,0,not_applicable,"NCellID=1, SSBIdx=0, injected CFO=40 Hz, residual CFO=0 Hz",7,7,DL,DL,DL,PBCH_RECOVERY
DL,12,104729,1,1,not_applicable,not_applicable,not_applicable,not_applicable,not_applicable,not_applicable,CDL-D,11.1188031732717,1,not_applicable,not_applicable,not_applicable,1,not_applicable,not_applicable,not_applicable,not_applicable,not_applicable,not_applicable,not_applicable,not_applicable,not_applicable,not_applicable,not_applicable,not_applicable,not_applicable,not_applicable,not_applicable,not_applicable,not_applicable,not_applicable,not_applicable,not_applicable,not_applicable,not_applicable,not_applicable,not_applicable,not_applicable,not_applicable,not_applicable,not_applicable,not_applicable,not_applicable,not_applicable,0,0,0,0,not_applicable,not_applicable,not_applicable,not_applicable,not_applicable,not_applicable,not_applicable,not_applicable,not_applicable,not_applicable,not_applicable,not_applicable,not_applicable,not_applicable,not_applicable,not_applicable,not_applicable,not_applicable,not_applicable,not_applicable,not_applicable,not_applicable,not_applicable,4384,not_applicable,not_applicable,not_applicable,not_applicable,not_applicable,not_applicable,not_applicable,not_applicable,not_applicable,not_applicable,not_applicable,not_applicable,not_applicable,not_applicable,not_applicable,not_applicable,not_applicable,not_applicable,not_applicable,not_applicable,4054.9257,not_applicable,not_applicable,10,not_applicable,not_applicable,not_applicable,not_applicable,not_applicable,not_applicable,not_applicable,not_applicable,not_applicable,not_applicable,not_applicable,not_applicable,not_applicable,not_applicable,not_applicable,not_applicable,not_applicable,not_applicable,not_applicable,not_applicable,not_applicable,not_applicable,not_applicable,not_applicable,not_applicable,not_applicable,not_applicable,not_applicable,not_applicable,not_applicable,not_applicable,not_applicable,not_applicable,not_applicable,not_applicable,not_applicable,not_applicable,not_applicable,not_applicable,not_applicable,not_applicable,40,40,1.47460520298687e-14,40,40,1.47460520298687e-14,0,4384,0,0,0,11.1188031732717,not_applicable,not_applicable,not_applicable,not_applicable,not_applicable,not_applicable,not_applicable,not_applicable,10,0,PASS,0,0,0,0,0,not_applicable,not_applicable,not_applicable,not_applicable,not_applicable,not_applicable,12,configured_runtime_operating_point_reference,configured_reference_metadata,not_applicable,not_applicable,not_applicable,not_applicable,not_applicable,not_applicable,not_applicable,not_applicable,not_applicable,not_applicable,not_applicable,not_applicable,not_applicable,not_applicable,not_applicable,not_applicable,0,0,not_applicable,0,0,0,not_applicable,not_applicable,not_applicable,not_applicable,not_applicable,not_applicable,not_applicable,derive_from_ue_speed,scenario_resolved_metadata,0,not_applicable,0,not_applicable,not_applicable,not_applicable,not_applicable,not_applicable,0,not_applicable,not_applicable,not_applicable,0,not_applicable,not_applicable,not_applicable,not_applicable,not_applicable,not_applicable,not_applicable,not_applicable,not_applicable,0,not_applicable,0,not_applicable,not_applicable,not_applicable,0,not_applicable,"NCellID=1, SSBIdx=0, injected CFO=40 Hz, residual CFO=0 Hz",8,8,DL,DL,DL,PBCH_RECOVERY
DL,12,104729,1,1,not_applicable,not_applicable,not_applicable,not_applicable,not_applicable,not_applicable,CDL-D,11.1188031732717,1,not_applicable,not_applicable,not_applicable,1,not_applicable,not_applicable,not_applicable,not_applicable,not_applicable,not_applicable,not_applicable,not_applicable,not_applicable,not_applicable,not_applicable,not_applicable,not_applicable,not_applicable,not_applicable,not_applicable,not_applicable,not_applicable,not_applicable,not_applicable,not_applicable,not_applicable,not_applicable,not_applicable,not_applicable,not_applicable,not_applicable,not_applicable,not_applicable,not_applicable,not_applicable,0,0,0,0,not_applicable,not_applicable,not_applicable,not_applicable,not_applicable,not_applicable,not_applicable,not_applicable,not_applicable,not_applicable,not_applicable,not_applicable,not_applicable,not_applicable,not_applicable,not_applicable,not_applicable,not_applicable,not_applicable,not_applicable,not_applicable,not_applicable,not_applicable,4384,not_applicable,not_applicable,not_applicable,not_applicable,not_applicable,not_applicable,not_applicable,not_applicable,not_applicable,not_applicable,not_applicable,not_applicable,not_applicable,not_applicable,not_applicable,not_applicable,not_applicable,not_applicable,not_applicable,not_applicable,4054.9257,not_applicable,not_applicable,10,not_applicable,not_applicable,not_applicable,not_applicable,not_applicable,not_applicable,not_applicable,not_applicable,not_applicable,not_applicable,not_applicable,not_applicable,not_applicable,not_applicable,not_applicable,not_applicable,not_applicable,not_applicable,not_applicable,not_applicable,not_applicable,not_applicable,not_applicable,not_applicable,not_applicable,not_applicable,not_applicable,not_applicable,not_applicable,not_applicable,not_applicable,not_applicable,not_applicable,not_applicable,not_applicable,not_applicable,not_applicable,not_applicable,not_applicable,not_applicable,not_applicable,40,40,1.47460520298687e-14,40,40,1.47460520298687e-14,0,4384,0,0,0,11.1188031732717,not_applicable,not_applicable,not_applicable,not_applicable,not_applicable,not_applicable,not_applicable,not_applicable,10,0,PASS,0,0,0,0,0,not_applicable,not_applicable,not_applicable,not_applicable,not_applicable,not_applicable,12,configured_runtime_operating_point_reference,configured_reference_metadata,not_applicable,not_applicable,not_applicable,not_applicable,not_applicable,not_applicable,not_applicable,not_applicable,not_applicable,not_applicable,not_applicable,not_applicable,not_applicable,not_applicable,not_applicable,not_applicable,0,0,not_applicable,0,0,0,not_applicable,not_applicable,not_applicable,not_applicable,not_applicable,not_applicable,not_applicable,derive_from_ue_speed,scenario_resolved_metadata,0,not_applicable,0,not_applicable,not_applicable,not_applicable,not_applicable,not_applicable,0,not_applicable,not_applicable,not_applicable,0,not_applicable,not_applicable,not_applicable,not_applicable,not_applicable,not_applicable,not_applicable,not_applicable,not_applicable,0,not_applicable,0,not_applicable,not_applicable,not_applicable,0,not_applicable,"NCellID=1, SSBIdx=0, injected CFO=40 Hz, residual CFO=0 Hz",9,9,DL,DL,DL,PBCH_RECOVERY
DL,12,104729,1,1,not_applicable,not_applicable,not_applicable,not_applicable,not_applicable,not_applicable,CDL-D,11.1188031732717,1,not_applicable,not_applicable,not_applicable,1,not_applicable,not_applicable,not_applicable,not_applicable,not_applicable,not_applicable,not_applicable,not_applicable,not_applicable,not_applicable,not_applicable,not_applicable,not_applicable,not_applicable,not_applicable,not_applicable,not_applicable,not_applicable,not_applicable,not_applicable,not_applicable,not_applicable,not_applicable,not_applicable,not_applicable,not_applicable,not_applicable,not_applicable,not_applicable,not_applicable,not_applicable,0,0,0,0,not_applicable,not_applicable,not_applicable,not_applicable,not_applicable,not_applicable,not_applicable,not_applicable,not_applicable,not_applicable,not_applicable,not_applicable,not_applicable,not_applicable,not_applicable,not_applicable,not_applicable,not_applicable,not_applicable,not_applicable,not_applicable,not_applicable,not_applicable,4384,not_applicable,not_applicable,not_applicable,not_applicable,not_applicable,not_applicable,not_applicable,not_applicable,not_applicable,not_applicable,not_applicable,not_applicable,not_applicable,not_applicable,not_applicable,not_applicable,not_applicable,not_applicable,not_applicable,not_applicable,4054.9257,not_applicable,not_applicable,10,not_applicable,not_applicable,not_applicable,not_applicable,not_applicable,not_applicable,not_applicable,not_applicable,not_applicable,not_applicable,not_applicable,not_applicable,not_applicable,not_applicable,not_applicable,not_applicable,not_applicable,not_applicable,not_applicable,not_applicable,not_applicable,not_applicable,not_applicable,not_applicable,not_applicable,not_applicable,not_applicable,not_applicable,not_applicable,not_applicable,not_applicable,not_applicable,not_applicable,not_applicable,not_applicable,not_applicable,not_applicable,not_applicable,not_applicable,not_applicable,not_applicable,40,40,1.47460520298687e-14,40,40,1.47460520298687e-14,0,4384,0,0,0,11.1188031732717,not_applicable,not_applicable,not_applicable,not_applicable,not_applicable,not_applicable,not_applicable,not_applicable,10,0,PASS,0,0,0,0,0,not_applicable,not_applicable,not_applicable,not_applicable,not_applicable,not_applicable,12,configured_runtime_operating_point_reference,configured_reference_metadata,not_applicable,not_applicable,not_applicable,not_applicable,not_applicable,not_applicable,not_applicable,not_applicable,not_applicable,not_applicable,not_applicable,not_applicable,not_applicable,not_applicable,not_applicable,not_applicable,0,0,not_applicable,0,0,0,not_applicable,not_applicable,not_applicable,not_applicable,not_applicable,not_applicable,not_applicable,derive_from_ue_speed,scenario_resolved_metadata,0,not_applicable,0,not_applicable,not_applicable,not_applicable,not_applicable,not_applicable,0,not_applicable,not_applicable,not_applicable,0,not_applicable,not_applicable,not_applicable,not_applicable,not_applicable,not_applicable,not_applicable,not_applicable,not_applicable,0,not_applicable,0,not_applicable,not_applicable,not_applicable,0,not_applicable,"NCellID=1, SSBIdx=0, injected CFO=40 Hz, residual CFO=0 Hz",10,10,DL,DL,DL,PBCH_RECOVERY
DL,12,104729,1,1,not_applicable,not_applicable,not_applicable,not_applicable,not_applicable,not_applicable,CDL-D,11.1188031732717,1,not_applicable,not_applicable,not_applicable,1,not_applicable,not_applicable,not_applicable,not_applicable,not_applicable,not_applicable,not_applicable,not_applicable,not_applicable,not_applicable,not_applicable,not_applicable,not_applicable,not_applicable,not_applicable,not_applicable,not_applicable,not_applicable,not_applicable,not_applicable,not_applicable,not_applicable,not_applicable,not_applicable,not_applicable,not_applicable,not_applicable,not_applicable,not_applicable,not_applicable,not_applicable,0,0,0,0,not_applicable,not_applicable,not_applicable,not_applicable,not_applicable,not_applicable,not_applicable,not_applicable,not_applicable,not_applicable,not_applicable,not_applicable,not_applicable,not_applicable,not_applicable,not_applicable,not_applicable,not_applicable,not_applicable,not_applicable,not_applicable,not_applicable,not_applicable,4384,not_applicable,not_applicable,not_applicable,not_applicable,not_applicable,not_applicable,not_applicable,not_applicable,not_applicable,not_applicable,not_applicable,not_applicable,not_applicable,not_applicable,not_applicable,not_applicable,not_applicable,not_applicable,not_applicable,not_applicable,4054.9257,not_applicable,not_applicable,10,not_applicable,not_applicable,not_applicable,not_applicable,not_applicable,not_applicable,not_applicable,not_applicable,not_applicable,not_applicable,not_applicable,not_applicable,not_applicable,not_applicable,not_applicable,not_applicable,not_applicable,not_applicable,not_applicable,not_applicable,not_applicable,not_applicable,not_applicable,not_applicable,not_applicable,not_applicable,not_applicable,not_applicable,not_applicable,not_applicable,not_applicable,not_applicable,not_applicable,not_applicable,not_applicable,not_applicable,not_applicable,not_applicable,not_applicable,not_applicable,not_applicable,40,40,1.47460520298687e-14,40,40,1.47460520298687e-14,0,4384,0,0,0,11.1188031732717,not_applicable,not_applicable,not_applicable,not_applicable,not_applicable,not_applicable,not_applicable,not_applicable,10,0,PASS,0,0,0,0,0,not_applicable,not_applicable,not_applicable,not_applicable,not_applicable,not_applicable,12,configured_runtime_operating_point_reference,configured_reference_metadata,not_applicable,not_applicable,not_applicable,not_applicable,not_applicable,not_applicable,not_applicable,not_applicable,not_applicable,not_applicable,not_applicable,not_applicable,not_applicable,not_applicable,not_applicable,not_applicable,0,0,not_applicable,0,0,0,not_applicable,not_applicable,not_applicable,not_applicable,not_applicable,not_applicable,not_applicable,derive_from_ue_speed,scenario_resolved_metadata,0,not_applicable,0,not_applicable,not_applicable,not_applicable,not_applicable,not_applicable,0,not_applicable,not_applicable,not_applicable,0,not_applicable,not_applicable,not_applicable,not_applicable,not_applicable,not_applicable,not_applicable,not_applicable,not_applicable,0,not_applicable,0,not_applicable,not_applicable,not_applicable,0,not_applicable,"NCellID=1, SSBIdx=0, injected CFO=40 Hz, residual CFO=0 Hz",11,11,DL,DL,DL,PBCH_RECOVERY
DL,12,104729,1,1,not_applicable,not_applicable,not_applicable,not_applicable,not_applicable,not_applicable,CDL-D,11.1188031732717,1,not_applicable,not_applicable,not_applicable,1,not_applicable,not_applicable,not_applicable,not_applicable,not_applicable,not_applicable,not_applicable,not_applicable,not_applicable,not_applicable,not_applicable,not_applicable,not_applicable,not_applicable,not_applicable,not_applicable,not_applicable,not_applicable,not_applicable,not_applicable,not_applicable,not_applicable,not_applicable,not_applicable,not_applicable,not_applicable,not_applicable,not_applicable,not_applicable,not_applicable,not_applicable,0,0,0,0,not_applicable,not_applicable,not_applicable,not_applicable,not_applicable,not_applicable,not_applicable,not_applicable,not_applicable,not_applicable,not_applicable,not_applicable,not_applicable,not_applicable,not_applicable,not_applicable,not_applicable,not_applicable,not_applicable,not_applicable,not_applicable,not_applicable,not_applicable,4384,not_applicable,not_applicable,not_applicable,not_applicable,not_applicable,not_applicable,not_applicable,not_applicable,not_applicable,not_applicable,not_applicable,not_applicable,not_applicable,not_applicable,not_applicable,not_applicable,not_applicable,not_applicable,not_applicable,not_applicable,4054.9257,not_applicable,not_applicable,10,not_applicable,not_applicable,not_applicable,not_applicable,not_applicable,not_applicable,not_applicable,not_applicable,not_applicable,not_applicable,not_applicable,not_applicable,not_applicable,not_applicable,not_applicable,not_applicable,not_applicable,not_applicable,not_applicable,not_applicable,not_applicable,not_applicable,not_applicable,not_applicable,not_applicable,not_applicable,not_applicable,not_applicable,not_applicable,not_applicable,not_applicable,not_applicable,not_applicable,not_applicable,not_applicable,not_applicable,not_applicable,not_applicable,not_applicable,not_applicable,not_applicable,40,40,1.47460520298687e-14,40,40,1.47460520298687e-14,0,4384,0,0,0,11.1188031732717,not_applicable,not_applicable,not_applicable,not_applicable,not_applicable,not_applicable,not_applicable,not_applicable,10,0,PASS,0,0,0,0,0,not_applicable,not_applicable,not_applicable,not_applicable,not_applicable,not_applicable,12,configured_runtime_operating_point_reference,configured_reference_metadata,not_applicable,not_applicable,not_applicable,not_applicable,not_applicable,not_applicable,not_applicable,not_applicable,not_applicable,not_applicable,not_applicable,not_applicable,not_applicable,not_applicable,not_applicable,not_applicable,0,0,not_applicable,0,0,0,not_applicable,not_applicable,not_applicable,not_applicable,not_applicable,not_applicable,not_applicable,derive_from_ue_speed,scenario_resolved_metadata,0,not_applicable,0,not_applicable,not_applicable,not_applicable,not_applicable,not_applicable,0,not_applicable,not_applicable,not_applicable,0,not_applicable,not_applicable,not_applicable,not_applicable,not_applicable,not_applicable,not_applicable,not_applicable,not_applicable,0,not_applicable,0,not_applicable,not_applicable,not_applicable,0,not_applicable,"NCellID=1, SSBIdx=0, injected CFO=40 Hz, residual CFO=0 Hz",12,12,DL,DL,DL,PBCH_RECOVERY
DL,12,104729,1,1,not_applicable,not_applicable,not_applicable,not_applicable,not_applicable,not_applicable,CDL-D,11.1188031732717,1,not_applicable,not_applicable,not_applicable,1,not_applicable,not_applicable,not_applicable,not_applicable,not_applicable,not_applicable,not_applicable,not_applicable,not_applicable,not_applicable,not_applicable,not_applicable,not_applicable,not_applicable,not_applicable,not_applicable,not_applicable,not_applicable,not_applicable,not_applicable,not_applicable,not_applicable,not_applicable,not_applicable,not_applicable,not_applicable,not_applicable,not_applicable,not_applicable,not_applicable,not_applicable,0,0,0,0,not_applicable,not_applicable,not_applicable,not_applicable,not_applicable,not_applicable,not_applicable,not_applicable,not_applicable,not_applicable,not_applicable,not_applicable,not_applicable,not_applicable,not_applicable,not_applicable,not_applicable,not_applicable,not_applicable,not_applicable,not_applicable,not_applicable,not_applicable,4384,not_applicable,not_applicable,not_applicable,not_applicable,not_applicable,not_applicable,not_applicable,not_applicable,not_applicable,not_applicable,not_applicable,not_applicable,not_applicable,not_applicable,not_applicable,not_applicable,not_applicable,not_applicable,not_applicable,not_applicable,4054.9257,not_applicable,not_applicable,10,not_applicable,not_applicable,not_applicable,not_applicable,not_applicable,not_applicable,not_applicable,not_applicable,not_applicable,not_applicable,not_applicable,not_applicable,not_applicable,not_applicable,not_applicable,not_applicable,not_applicable,not_applicable,not_applicable,not_applicable,not_applicable,not_applicable,not_applicable,not_applicable,not_applicable,not_applicable,not_applicable,not_applicable,not_applicable,not_applicable,not_applicable,not_applicable,not_applicable,not_applicable,not_applicable,not_applicable,not_applicable,not_applicable,not_applicable,not_applicable,not_applicable,40,40,1.47460520298687e-14,40,40,1.47460520298687e-14,0,4384,0,0,0,11.1188031732717,not_applicable,not_applicable,not_applicable,not_applicable,not_applicable,not_applicable,not_applicable,not_applicable,10,0,PASS,0,0,0,0,0,not_applicable,not_applicable,not_applicable,not_applicable,not_applicable,not_applicable,12,configured_runtime_operating_point_reference,configured_reference_metadata,not_applicable,not_applicable,not_applicable,not_applicable,not_applicable,not_applicable,not_applicable,not_applicable,not_applicable,not_applicable,not_applicable,not_applicable,not_applicable,not_applicable,not_applicable,not_applicable,0,0,not_applicable,0,0,0,not_applicable,not_applicable,not_applicable,not_applicable,not_applicable,not_applicable,not_applicable,derive_from_ue_speed,scenario_resolved_metadata,0,not_applicable,0,not_applicable,not_applicable,not_applicable,not_applicable,not_applicable,0,not_applicable,not_applicable,not_applicable,0,not_applicable,not_applicable,not_applicable,not_applicable,not_applicable,not_applicable,not_applicable,not_applicable,not_applicable,0,not_applicable,0,not_applicable,not_applicable,not_applicable,0,not_applicable,"NCellID=1, SSBIdx=0, injected CFO=40 Hz, residual CFO=0 Hz",13,13,DL,DL,DL,PBCH_RECOVERY
DL,12,104729,1,1,not_applicable,not_applicable,not_applicable,not_applicable,not_applicable,not_applicable,CDL-D,11.1188031732717,1,not_applicable,not_applicable,not_applicable,1,not_applicable,not_applicable,not_applicable,not_applicable,not_applicable,not_applicable,not_applicable,not_applicable,not_applicable,not_applicable,not_applicable,not_applicable,not_applicable,not_applicable,not_applicable,not_applicable,not_applicable,not_applicable,not_applicable,not_applicable,not_applicable,not_applicable,not_applicable,not_applicable,not_applicable,not_applicable,not_applicable,not_applicable,not_applicable,not_applicable,not_applicable,0,0,0,0,not_applicable,not_applicable,not_applicable,not_applicable,not_applicable,not_applicable,not_applicable,not_applicable,not_applicable,not_applicable,not_applicable,not_applicable,not_applicable,not_applicable,not_applicable,not_applicable,not_applicable,not_applicable,not_applicable,not_applicable,not_applicable,not_applicable,not_applicable,4384,not_applicable,not_applicable,not_applicable,not_applicable,not_applicable,not_applicable,not_applicable,not_applicable,not_applicable,not_applicable,not_applicable,not_applicable,not_applicable,not_applicable,not_applicable,not_applicable,not_applicable,not_applicable,not_applicable,not_applicable,4054.9257,not_applicable,not_applicable,10,not_applicable,not_applicable,not_applicable,not_applicable,not_applicable,not_applicable,not_applicable,not_applicable,not_applicable,not_applicable,not_applicable,not_applicable,not_applicable,not_applicable,not_applicable,not_applicable,not_applicable,not_applicable,not_applicable,not_applicable,not_applicable,not_applicable,not_applicable,not_applicable,not_applicable,not_applicable,not_applicable,not_applicable,not_applicable,not_applicable,not_applicable,not_applicable,not_applicable,not_applicable,not_applicable,not_applicable,not_applicable,not_applicable,not_applicable,not_applicable,not_applicable,40,40,1.47460520298687e-14,40,40,1.47460520298687e-14,0,4384,0,0,0,11.1188031732717,not_applicable,not_applicable,not_applicable,not_applicable,not_applicable,not_applicable,not_applicable,not_applicable,10,0,PASS,0,0,0,0,0,not_applicable,not_applicable,not_applicable,not_applicable,not_applicable,not_applicable,12,configured_runtime_operating_point_reference,configured_reference_metadata,not_applicable,not_applicable,not_applicable,not_applicable,not_applicable,not_applicable,not_applicable,not_applicable,not_applicable,not_applicable,not_applicable,not_applicable,not_applicable,not_applicable,not_applicable,not_applicable,0,0,not_applicable,0,0,0,not_applicable,not_applicable,not_applicable,not_applicable,not_applicable,not_applicable,not_applicable,derive_from_ue_speed,scenario_resolved_metadata,0,not_applicable,0,not_applicable,not_applicable,not_applicable,not_applicable,not_applicable,0,not_applicable,not_applicable,not_applicable,0,not_applicable,not_applicable,not_applicable,not_applicable,not_applicable,not_applicable,not_applicable,not_applicable,not_applicable,0,not_applicable,0,not_applicable,not_applicable,not_applicable,0,not_applicable,"NCellID=1, SSBIdx=0, injected CFO=40 Hz, residual CFO=0 Hz",14,14,DL,DL,DL,PBCH_RECOVERY
DL,12,104729,1,1,not_applicable,not_applicable,not_applicable,not_applicable,not_applicable,not_applicable,CDL-D,11.1188031732717,1,not_applicable,not_applicable,not_applicable,1,not_applicable,not_applicable,not_applicable,not_applicable,not_applicable,not_applicable,not_applicable,not_applicable,not_applicable,not_applicable,not_applicable,not_applicable,not_applicable,not_applicable,not_applicable,not_applicable,not_applicable,not_applicable,not_applicable,not_applicable,not_applicable,not_applicable,not_applicable,not_applicable,not_applicable,not_applicable,not_applicable,not_applicable,not_applicable,not_applicable,not_applicable,0,0,0,0,not_applicable,not_applicable,not_applicable,not_applicable,not_applicable,not_applicable,not_applicable,not_applicable,not_applicable,not_applicable,not_applicable,not_applicable,not_applicable,not_applicable,not_applicable,not_applicable,not_applicable,not_applicable,not_applicable,not_applicable,not_applicable,not_applicable,not_applicable,4384,not_applicable,not_applicable,not_applicable,not_applicable,not_applicable,not_applicable,not_applicable,not_applicable,not_applicable,not_applicable,not_applicable,not_applicable,not_applicable,not_applicable,not_applicable,not_applicable,not_applicable,not_applicable,not_applicable,not_applicable,4054.9257,not_applicable,not_applicable,10,not_applicable,not_applicable,not_applicable,not_applicable,not_applicable,not_applicable,not_applicable,not_applicable,not_applicable,not_applicable,not_applicable,not_applicable,not_applicable,not_applicable,not_applicable,not_applicable,not_applicable,not_applicable,not_applicable,not_applicable,not_applicable,not_applicable,not_applicable,not_applicable,not_applicable,not_applicable,not_applicable,not_applicable,not_applicable,not_applicable,not_applicable,not_applicable,not_applicable,not_applicable,not_applicable,not_applicable,not_applicable,not_applicable,not_applicable,not_applicable,not_applicable,40,40,1.47460520298687e-14,40,40,1.47460520298687e-14,0,4384,0,0,0,11.1188031732717,not_applicable,not_applicable,not_applicable,not_applicable,not_applicable,not_applicable,not_applicable,not_applicable,10,0,PASS,0,0,0,0,0,not_applicable,not_applicable,not_applicable,not_applicable,not_applicable,not_applicable,12,configured_runtime_operating_point_reference,configured_reference_metadata,not_applicable,not_applicable,not_applicable,not_applicable,not_applicable,not_applicable,not_applicable,not_applicable,not_applicable,not_applicable,not_applicable,not_applicable,not_applicable,not_applicable,not_applicable,not_applicable,0,0,not_applicable,0,0,0,not_applicable,not_applicable,not_applicable,not_applicable,not_applicable,not_applicable,not_applicable,derive_from_ue_speed,scenario_resolved_metadata,0,not_applicable,0,not_applicable,not_applicable,not_applicable,not_applicable,not_applicable,0,not_applicable,not_applicable,not_applicable,0,not_applicable,not_applicable,not_applicable,not_applicable,not_applicable,not_applicable,not_applicable,not_applicable,not_applicable,0,not_applicable,0,not_applicable,not_applicable,not_applicable,0,not_applicable,"NCellID=1, SSBIdx=0, injected CFO=40 Hz, residual CFO=0 Hz",15,15,DL,DL,DL,PBCH_RECOVERY
DL,12,104729,1,1,not_applicable,not_applicable,not_applicable,not_applicable,not_applicable,not_applicable,CDL-D,11.1188031732717,1,not_applicable,not_applicable,not_applicable,1,not_applicable,not_applicable,not_applicable,not_applicable,not_applicable,not_applicable,not_applicable,not_applicable,not_applicable,not_applicable,not_applicable,not_applicable,not_applicable,not_applicable,not_applicable,not_applicable,not_applicable,not_applicable,not_applicable,not_applicable,not_applicable,not_applicable,not_applicable,not_applicable,not_applicable,not_applicable,not_applicable,not_applicable,not_applicable,not_applicable,not_applicable,0,0,0,0,not_applicable,not_applicable,not_applicable,not_applicable,not_applicable,not_applicable,not_applicable,not_applicable,not_applicable,not_applicable,not_applicable,not_applicable,not_applicable,not_applicable,not_applicable,not_applicable,not_applicable,not_applicable,not_applicable,not_applicable,not_applicable,not_applicable,not_applicable,4384,not_applicable,not_applicable,not_applicable,not_applicable,not_applicable,not_applicable,not_applicable,not_applicable,not_applicable,not_applicable,not_applicable,not_applicable,not_applicable,not_applicable,not_applicable,not_applicable,not_applicable,not_applicable,not_applicable,not_applicable,4054.9257,not_applicable,not_applicable,10,not_applicable,not_applicable,not_applicable,not_applicable,not_applicable,not_applicable,not_applicable,not_applicable,not_applicable,not_applicable,not_applicable,not_applicable,not_applicable,not_applicable,not_applicable,not_applicable,not_applicable,not_applicable,not_applicable,not_applicable,not_applicable,not_applicable,not_applicable,not_applicable,not_applicable,not_applicable,not_applicable,not_applicable,not_applicable,not_applicable,not_applicable,not_applicable,not_applicable,not_applicable,not_applicable,not_applicable,not_applicable,not_applicable,not_applicable,not_applicable,not_applicable,40,40,1.47460520298687e-14,40,40,1.47460520298687e-14,0,4384,0,0,0,11.1188031732717,not_applicable,not_applicable,not_applicable,not_applicable,not_applicable,not_applicable,not_applicable,not_applicable,10,0,PASS,0,0,0,0,0,not_applicable,not_applicable,not_applicable,not_applicable,not_applicable,not_applicable,12,configured_runtime_operating_point_reference,configured_reference_metadata,not_applicable,not_applicable,not_applicable,not_applicable,not_applicable,not_applicable,not_applicable,not_applicable,not_applicable,not_applicable,not_applicable,not_applicable,not_applicable,not_applicable,not_applicable,not_applicable,0,0,not_applicable,0,0,0,not_applicable,not_applicable,not_applicable,not_applicable,not_applicable,not_applicable,not_applicable,derive_from_ue_speed,scenario_resolved_metadata,0,not_applicable,0,not_applicable,not_applicable,not_applicable,not_applicable,not_applicable,0,not_applicable,not_applicable,not_applicable,0,not_applicable,not_applicable,not_applicable,not_applicable,not_applicable,not_applicable,not_applicable,not_applicable,not_applicable,0,not_applicable,0,not_applicable,not_applicable,not_applicable,0,not_applicable,"NCellID=1, SSBIdx=0, injected CFO=40 Hz, residual CFO=0 Hz",16,16,DL,DL,DL,PBCH_RECOVERY
DL,12,104729,1,1,not_applicable,not_applicable,not_applicable,not_applicable,not_applicable,not_applicable,CDL-D,11.1188031732717,1,not_applicable,not_applicable,not_applicable,1,not_applicable,not_applicable,not_applicable,not_applicable,not_applicable,not_applicable,not_applicable,not_applicable,not_applicable,not_applicable,not_applicable,not_applicable,not_applicable,not_applicable,not_applicable,not_applicable,not_applicable,not_applicable,not_applicable,not_applicable,not_applicable,not_applicable,not_applicable,not_applicable,not_applicable,not_applicable,not_applicable,not_applicable,not_applicable,not_applicable,not_applicable,0,0,0,0,not_applicable,not_applicable,not_applicable,not_applicable,not_applicable,not_applicable,not_applicable,not_applicable,not_applicable,not_applicable,not_applicable,not_applicable,not_applicable,not_applicable,not_applicable,not_applicable,not_applicable,not_applicable,not_applicable,not_applicable,not_applicable,not_applicable,not_applicable,4384,not_applicable,not_applicable,not_applicable,not_applicable,not_applicable,not_applicable,not_applicable,not_applicable,not_applicable,not_applicable,not_applicable,not_applicable,not_applicable,not_applicable,not_applicable,not_applicable,not_applicable,not_applicable,not_applicable,not_applicable,4054.9257,not_applicable,not_applicable,10,not_applicable,not_applicable,not_applicable,not_applicable,not_applicable,not_applicable,not_applicable,not_applicable,not_applicable,not_applicable,not_applicable,not_applicable,not_applicable,not_applicable,not_applicable,not_applicable,not_applicable,not_applicable,not_applicable,not_applicable,not_applicable,not_applicable,not_applicable,not_applicable,not_applicable,not_applicable,not_applicable,not_applicable,not_applicable,not_applicable,not_applicable,not_applicable,not_applicable,not_applicable,not_applicable,not_applicable,not_applicable,not_applicable,not_applicable,not_applicable,not_applicable,40,40,1.47460520298687e-14,40,40,1.47460520298687e-14,0,4384,0,0,0,11.1188031732717,not_applicable,not_applicable,not_applicable,not_applicable,not_applicable,not_applicable,not_applicable,not_applicable,10,0,PASS,0,0,0,0,0,not_applicable,not_applicable,not_applicable,not_applicable,not_applicable,not_applicable,12,configured_runtime_operating_point_reference,configured_reference_metadata,not_applicable,not_applicable,not_applicable,not_applicable,not_applicable,not_applicable,not_applicable,not_applicable,not_applicable,not_applicable,not_applicable,not_applicable,not_applicable,not_applicable,not_applicable,not_applicable,0,0,not_applicable,0,0,0,not_applicable,not_applicable,not_applicable,not_applicable,not_applicable,not_applicable,not_applicable,derive_from_ue_speed,scenario_resolved_metadata,0,not_applicable,0,not_applicable,not_applicable,not_applicable,not_applicable,not_applicable,0,not_applicable,not_applicable,not_applicable,0,not_applicable,not_applicable,not_applicable,not_applicable,not_applicable,not_applicable,not_applicable,not_applicable,not_applicable,0,not_applicable,0,not_applicable,not_applicable,not_applicable,0,not_applicable,"NCellID=1, SSBIdx=0, injected CFO=40 Hz, residual CFO=0 Hz",17,17,DL,DL,DL,PBCH_RECOVERY
DL,12,104729,1,1,not_applicable,not_applicable,not_applicable,not_applicable,not_applicable,not_applicable,CDL-D,11.1188031732717,1,not_applicable,not_applicable,not_applicable,1,not_applicable,not_applicable,not_applicable,not_applicable,not_applicable,not_applicable,not_applicable,not_applicable,not_applicable,not_applicable,not_applicable,not_applicable,not_applicable,not_applicable,not_applicable,not_applicable,not_applicable,not_applicable,not_applicable,not_applicable,not_applicable,not_applicable,not_applicable,not_applicable,not_applicable,not_applicable,not_applicable,not_applicable,not_applicable,not_applicable,not_applicable,0,0,0,0,not_applicable,not_applicable,not_applicable,not_applicable,not_applicable,not_applicable,not_applicable,not_applicable,not_applicable,not_applicable,not_applicable,not_applicable,not_applicable,not_applicable,not_applicable,not_applicable,not_applicable,not_applicable,not_applicable,not_applicable,not_applicable,not_applicable,not_applicable,4384,not_applicable,not_applicable,not_applicable,not_applicable,not_applicable,not_applicable,not_applicable,not_applicable,not_applicable,not_applicable,not_applicable,not_applicable,not_applicable,not_applicable,not_applicable,not_applicable,not_applicable,not_applicable,not_applicable,not_applicable,4054.9257,not_applicable,not_applicable,10,not_applicable,not_applicable,not_applicable,not_applicable,not_applicable,not_applicable,not_applicable,not_applicable,not_applicable,not_applicable,not_applicable,not_applicable,not_applicable,not_applicable,not_applicable,not_applicable,not_applicable,not_applicable,not_applicable,not_applicable,not_applicable,not_applicable,not_applicable,not_applicable,not_applicable,not_applicable,not_applicable,not_applicable,not_applicable,not_applicable,not_applicable,not_applicable,not_applicable,not_applicable,not_applicable,not_applicable,not_applicable,not_applicable,not_applicable,not_applicable,not_applicable,40,40,1.47460520298687e-14,40,40,1.47460520298687e-14,0,4384,0,0,0,11.1188031732717,not_applicable,not_applicable,not_applicable,not_applicable,not_applicable,not_applicable,not_applicable,not_applicable,10,0,PASS,0,0,0,0,0,not_applicable,not_applicable,not_applicable,not_applicable,not_applicable,not_applicable,12,configured_runtime_operating_point_reference,configured_reference_metadata,not_applicable,not_applicable,not_applicable,not_applicable,not_applicable,not_applicable,not_applicable,not_applicable,not_applicable,not_applicable,not_applicable,not_applicable,not_applicable,not_applicable,not_applicable,not_applicable,0,0,not_applicable,0,0,0,not_applicable,not_applicable,not_applicable,not_applicable,not_applicable,not_applicable,not_applicable,derive_from_ue_speed,scenario_resolved_metadata,0,not_applicable,0,not_applicable,not_applicable,not_applicable,not_applicable,not_applicable,0,not_applicable,not_applicable,not_applicable,0,not_applicable,not_applicable,not_applicable,not_applicable,not_applicable,not_applicable,not_applicable,not_applicable,not_applicable,0,not_applicable,0,not_applicable,not_applicable,not_applicable,0,not_applicable,"NCellID=1, SSBIdx=0, injected CFO=40 Hz, residual CFO=0 Hz",18,18,DL,DL,DL,PBCH_RECOVERY
DL,12,104729,1,1,not_applicable,not_applicable,not_applicable,not_applicable,not_applicable,not_applicable,CDL-D,11.1188031732717,1,not_applicable,not_applicable,not_applicable,1,not_applicable,not_applicable,not_applicable,not_applicable,not_applicable,not_applicable,not_applicable,not_applicable,not_applicable,not_applicable,not_applicable,not_applicable,not_applicable,not_applicable,not_applicable,not_applicable,not_applicable,not_applicable,not_applicable,not_applicable,not_applicable,not_applicable,not_applicable,not_applicable,not_applicable,not_applicable,not_applicable,not_applicable,not_applicable,not_applicable,not_applicable,0,0,0,0,not_applicable,not_applicable,not_applicable,not_applicable,not_applicable,not_applicable,not_applicable,not_applicable,not_applicable,not_applicable,not_applicable,not_applicable,not_applicable,not_applicable,not_applicable,not_applicable,not_applicable,not_applicable,not_applicable,not_applicable,not_applicable,not_applicable,not_applicable,4384,not_applicable,not_applicable,not_applicable,not_applicable,not_applicable,not_applicable,not_applicable,not_applicable,not_applicable,not_applicable,not_applicable,not_applicable,not_applicable,not_applicable,not_applicable,not_applicable,not_applicable,not_applicable,not_applicable,not_applicable,4054.9257,not_applicable,not_applicable,10,not_applicable,not_applicable,not_applicable,not_applicable,not_applicable,not_applicable,not_applicable,not_applicable,not_applicable,not_applicable,not_applicable,not_applicable,not_applicable,not_applicable,not_applicable,not_applicable,not_applicable,not_applicable,not_applicable,not_applicable,not_applicable,not_applicable,not_applicable,not_applicable,not_applicable,not_applicable,not_applicable,not_applicable,not_applicable,not_applicable,not_applicable,not_applicable,not_applicable,not_applicable,not_applicable,not_applicable,not_applicable,not_applicable,not_applicable,not_applicable,not_applicable,40,40,1.47460520298687e-14,40,40,1.47460520298687e-14,0,4384,0,0,0,11.1188031732717,not_applicable,not_applicable,not_applicable,not_applicable,not_applicable,not_applicable,not_applicable,not_applicable,10,0,PASS,0,0,0,0,0,not_applicable,not_applicable,not_applicable,not_applicable,not_applicable,not_applicable,12,configured_runtime_operating_point_reference,configured_reference_metadata,not_applicable,not_applicable,not_applicable,not_applicable,not_applicable,not_applicable,not_applicable,not_applicable,not_applicable,not_applicable,not_applicable,not_applicable,not_applicable,not_applicable,not_applicable,not_applicable,0,0,not_applicable,0,0,0,not_applicable,not_applicable,not_applicable,not_applicable,not_applicable,not_applicable,not_applicable,derive_from_ue_speed,scenario_resolved_metadata,0,not_applicable,0,not_applicable,not_applicable,not_applicable,not_applicable,not_applicable,0,not_applicable,not_applicable,not_applicable,0,not_applicable,not_applicable,not_applicable,not_applicable,not_applicable,not_applicable,not_applicable,not_applicable,not_applicable,0,not_applicable,0,not_applicable,not_applicable,not_applicable,0,not_applicable,"NCellID=1, SSBIdx=0, injected CFO=40 Hz, residual CFO=0 Hz",19,19,DL,DL,DL,PBCH_RECOVERY
DL,12,104729,1,1,not_applicable,not_applicable,not_applicable,not_applicable,not_applicable,not_applicable,CDL-D,11.1188031732717,1,not_applicable,not_applicable,not_applicable,1,not_applicable,not_applicable,not_applicable,not_applicable,not_applicable,not_applicable,not_applicable,not_applicable,not_applicable,not_applicable,not_applicable,not_applicable,not_applicable,not_applicable,not_applicable,not_applicable,not_applicable,not_applicable,not_applicable,not_applicable,not_applicable,not_applicable,not_applicable,not_applicable,not_applicable,not_applicable,not_applicable,not_applicable,not_applicable,not_applicable,not_applicable,0,0,0,0,not_applicable,not_applicable,not_applicable,not_applicable,not_applicable,not_applicable,not_applicable,not_applicable,not_applicable,not_applicable,not_applicable,not_applicable,not_applicable,not_applicable,not_applicable,not_applicable,not_applicable,not_applicable,not_applicable,not_applicable,not_applicable,not_applicable,not_applicable,4384,not_applicable,not_applicable,not_applicable,not_applicable,not_applicable,not_applicable,not_applicable,not_applicable,not_applicable,not_applicable,not_applicable,not_applicable,not_applicable,not_applicable,not_applicable,not_applicable,not_applicable,not_applicable,not_applicable,not_applicable,4054.9257,not_applicable,not_applicable,10,not_applicable,not_applicable,not_applicable,not_applicable,not_applicable,not_applicable,not_applicable,not_applicable,not_applicable,not_applicable,not_applicable,not_applicable,not_applicable,not_applicable,not_applicable,not_applicable,not_applicable,not_applicable,not_applicable,not_applicable,not_applicable,not_applicable,not_applicable,not_applicable,not_applicable,not_applicable,not_applicable,not_applicable,not_applicable,not_applicable,not_applicable,not_applicable,not_applicable,not_applicable,not_applicable,not_applicable,not_applicable,not_applicable,not_applicable,not_applicable,not_applicable,40,40,1.47460520298687e-14,40,40,1.47460520298687e-14,0,4384,0,0,0,11.1188031732717,not_applicable,not_applicable,not_applicable,not_applicable,not_applicable,not_applicable,not_applicable,not_applicable,10,0,PASS,0,0,0,0,0,not_applicable,not_applicable,not_applicable,not_applicable,not_applicable,not_applicable,12,configured_runtime_operating_point_reference,configured_reference_metadata,not_applicable,not_applicable,not_applicable,not_applicable,not_applicable,not_applicable,not_applicable,not_applicable,not_applicable,not_applicable,not_applicable,not_applicable,not_applicable,not_applicable,not_applicable,not_applicable,0,0,not_applicable,0,0,0,not_applicable,not_applicable,not_applicable,not_applicable,not_applicable,not_applicable,not_applicable,derive_from_ue_speed,scenario_resolved_metadata,0,not_applicable,0,not_applicable,not_applicable,not_applicable,not_applicable,not_applicable,0,not_applicable,not_applicable,not_applicable,0,not_applicable,not_applicable,not_applicable,not_applicable,not_applicable,not_applicable,not_applicable,not_applicable,not_applicable,0,not_applicable,0,not_applicable,not_applicable,not_applicable,0,not_applicable,"NCellID=1, SSBIdx=0, injected CFO=40 Hz, residual CFO=0 Hz",20,20,DL,DL,DL,PBCH_RECOVERY
DL,12,104729,1,1,not_applicable,not_applicable,not_applicable,not_applicable,not_applicable,not_applicable,CDL-D,11.1188031732717,1,not_applicable,not_applicable,not_applicable,1,not_applicable,not_applicable,not_applicable,not_applicable,not_applicable,not_applicable,not_applicable,not_applicable,not_applicable,not_applicable,not_applicable,not_applicable,not_applicable,not_applicable,not_applicable,not_applicable,not_applicable,not_applicable,not_applicable,not_applicable,not_applicable,not_applicable,not_applicable,not_applicable,not_applicable,not_applicable,not_applicable,not_applicable,not_applicable,not_applicable,not_applicable,0,0,0,0,not_applicable,not_applicable,not_applicable,not_applicable,not_applicable,not_applicable,not_applicable,not_applicable,not_applicable,not_applicable,not_applicable,not_applicable,not_applicable,not_applicable,not_applicable,not_applicable,not_applicable,not_applicable,not_applicable,not_applicable,not_applicable,not_applicable,not_applicable,4384,not_applicable,not_applicable,not_applicable,not_applicable,not_applicable,not_applicable,not_applicable,not_applicable,not_applicable,not_applicable,not_applicable,not_applicable,not_applicable,not_applicable,not_applicable,not_applicable,not_applicable,not_applicable,not_applicable,not_applicable,4054.9257,not_applicable,not_applicable,10,not_applicable,not_applicable,not_applicable,not_applicable,not_applicable,not_applicable,not_applicable,not_applicable,not_applicable,not_applicable,not_applicable,not_applicable,not_applicable,not_applicable,not_applicable,not_applicable,not_applicable,not_applicable,not_applicable,not_applicable,not_applicable,not_applicable,not_applicable,not_applicable,not_applicable,not_applicable,not_applicable,not_applicable,not_applicable,not_applicable,not_applicable,not_applicable,not_applicable,not_applicable,not_applicable,not_applicable,not_applicable,not_applicable,not_applicable,not_applicable,not_applicable,40,40,1.47460520298687e-14,40,40,1.47460520298687e-14,0,4384,0,0,0,11.1188031732717,not_applicable,not_applicable,not_applicable,not_applicable,not_applicable,not_applicable,not_applicable,not_applicable,10,0,PASS,0,0,0,0,0,not_applicable,not_applicable,not_applicable,not_applicable,not_applicable,not_applicable,12,configured_runtime_operating_point_reference,configured_reference_metadata,not_applicable,not_applicable,not_applicable,not_applicable,not_applicable,not_applicable,not_applicable,not_applicable,not_applicable,not_applicable,not_applicable,not_applicable,not_applicable,not_applicable,not_applicable,not_applicable,0,0,not_applicable,0,0,0,not_applicable,not_applicable,not_applicable,not_applicable,not_applicable,not_applicable,not_applicable,derive_from_ue_speed,scenario_resolved_metadata,0,not_applicable,0,not_applicable,not_applicable,not_applicable,not_applicable,not_applicable,0,not_applicable,not_applicable,not_applicable,0,not_applicable,not_applicable,not_applicable,not_applicable,not_applicable,not_applicable,not_applicable,not_applicable,not_applicable,0,not_applicable,0,not_applicable,not_applicable,not_applicable,0,not_applicable,"NCellID=1, SSBIdx=0, injected CFO=40 Hz, residual CFO=0 Hz",21,21,DL,DL,DL,PBCH_RECOVERY
DL,12,104729,1,1,not_applicable,not_applicable,not_applicable,not_applicable,not_applicable,not_applicable,CDL-D,11.1188031732717,1,not_applicable,not_applicable,not_applicable,1,not_applicable,not_applicable,not_applicable,not_applicable,not_applicable,not_applicable,not_applicable,not_applicable,not_applicable,not_applicable,not_applicable,not_applicable,not_applicable,not_applicable,not_applicable,not_applicable,not_applicable,not_applicable,not_applicable,not_applicable,not_applicable,not_applicable,not_applicable,not_applicable,not_applicable,not_applicable,not_applicable,not_applicable,not_applicable,not_applicable,not_applicable,0,0,0,0,not_applicable,not_applicable,not_applicable,not_applicable,not_applicable,not_applicable,not_applicable,not_applicable,not_applicable,not_applicable,not_applicable,not_applicable,not_applicable,not_applicable,not_applicable,not_applicable,not_applicable,not_applicable,not_applicable,not_applicable,not_applicable,not_applicable,not_applicable,4384,not_applicable,not_applicable,not_applicable,not_applicable,not_applicable,not_applicable,not_applicable,not_applicable,not_applicable,not_applicable,not_applicable,not_applicable,not_applicable,not_applicable,not_applicable,not_applicable,not_applicable,not_applicable,not_applicable,not_applicable,4054.9257,not_applicable,not_applicable,10,not_applicable,not_applicable,not_applicable,not_applicable,not_applicable,not_applicable,not_applicable,not_applicable,not_applicable,not_applicable,not_applicable,not_applicable,not_applicable,not_applicable,not_applicable,not_applicable,not_applicable,not_applicable,not_applicable,not_applicable,not_applicable,not_applicable,not_applicable,not_applicable,not_applicable,not_applicable,not_applicable,not_applicable,not_applicable,not_applicable,not_applicable,not_applicable,not_applicable,not_applicable,not_applicable,not_applicable,not_applicable,not_applicable,not_applicable,not_applicable,not_applicable,40,40,1.47460520298687e-14,40,40,1.47460520298687e-14,0,4384,0,0,0,11.1188031732717,not_applicable,not_applicable,not_applicable,not_applicable,not_applicable,not_applicable,not_applicable,not_applicable,10,0,PASS,0,0,0,0,0,not_applicable,not_applicable,not_applicable,not_applicable,not_applicable,not_applicable,12,configured_runtime_operating_point_reference,configured_reference_metadata,not_applicable,not_applicable,not_applicable,not_applicable,not_applicable,not_applicable,not_applicable,not_applicable,not_applicable,not_applicable,not_applicable,not_applicable,not_applicable,not_applicable,not_applicable,not_applicable,0,0,not_applicable,0,0,0,not_applicable,not_applicable,not_applicable,not_applicable,not_applicable,not_applicable,not_applicable,derive_from_ue_speed,scenario_resolved_metadata,0,not_applicable,0,not_applicable,not_applicable,not_applicable,not_applicable,not_applicable,0,not_applicable,not_applicable,not_applicable,0,not_applicable,not_applicable,not_applicable,not_applicable,not_applicable,not_applicable,not_applicable,not_applicable,not_applicable,0,not_applicable,0,not_applicable,not_applicable,not_applicable,0,not_applicable,"NCellID=1, SSBIdx=0, injected CFO=40 Hz, residual CFO=0 Hz",22,22,DL,DL,DL,PBCH_RECOVERY
DL,12,104729,1,1,not_applicable,not_applicable,not_applicable,not_applicable,not_applicable,not_applicable,CDL-D,11.1188031732717,1,not_applicable,not_applicable,not_applicable,1,not_applicable,not_applicable,not_applicable,not_applicable,not_applicable,not_applicable,not_applicable,not_applicable,not_applicable,not_applicable,not_applicable,not_applicable,not_applicable,not_applicable,not_applicable,not_applicable,not_applicable,not_applicable,not_applicable,not_applicable,not_applicable,not_applicable,not_applicable,not_applicable,not_applicable,not_applicable,not_applicable,not_applicable,not_applicable,not_applicable,not_applicable,0,0,0,0,not_applicable,not_applicable,not_applicable,not_applicable,not_applicable,not_applicable,not_applicable,not_applicable,not_applicable,not_applicable,not_applicable,not_applicable,not_applicable,not_applicable,not_applicable,not_applicable,not_applicable,not_applicable,not_applicable,not_applicable,not_applicable,not_applicable,not_applicable,4384,not_applicable,not_applicable,not_applicable,not_applicable,not_applicable,not_applicable,not_applicable,not_applicable,not_applicable,not_applicable,not_applicable,not_applicable,not_applicable,not_applicable,not_applicable,not_applicable,not_applicable,not_applicable,not_applicable,not_applicable,4054.9257,not_applicable,not_applicable,10,not_applicable,not_applicable,not_applicable,not_applicable,not_applicable,not_applicable,not_applicable,not_applicable,not_applicable,not_applicable,not_applicable,not_applicable,not_applicable,not_applicable,not_applicable,not_applicable,not_applicable,not_applicable,not_applicable,not_applicable,not_applicable,not_applicable,not_applicable,not_applicable,not_applicable,not_applicable,not_applicable,not_applicable,not_applicable,not_applicable,not_applicable,not_applicable,not_applicable,not_applicable,not_applicable,not_applicable,not_applicable,not_applicable,not_applicable,not_applicable,not_applicable,40,40,1.47460520298687e-14,40,40,1.47460520298687e-14,0,4384,0,0,0,11.1188031732717,not_applicable,not_applicable,not_applicable,not_applicable,not_applicable,not_applicable,not_applicable,not_applicable,10,0,PASS,0,0,0,0,0,not_applicable,not_applicable,not_applicable,not_applicable,not_applicable,not_applicable,12,configured_runtime_operating_point_reference,configured_reference_metadata,not_applicable,not_applicable,not_applicable,not_applicable,not_applicable,not_applicable,not_applicable,not_applicable,not_applicable,not_applicable,not_applicable,not_applicable,not_applicable,not_applicable,not_applicable,not_applicable,0,0,not_applicable,0,0,0,not_applicable,not_applicable,not_applicable,not_applicable,not_applicable,not_applicable,not_applicable,derive_from_ue_speed,scenario_resolved_metadata,0,not_applicable,0,not_applicable,not_applicable,not_applicable,not_applicable,not_applicable,0,not_applicable,not_applicable,not_applicable,0,not_applicable,not_applicable,not_applicable,not_applicable,not_applicable,not_applicable,not_applicable,not_applicable,not_applicable,0,not_applicable,0,not_applicable,not_applicable,not_applicable,0,not_applicable,"NCellID=1, SSBIdx=0, injected CFO=40 Hz, residual CFO=0 Hz",23,23,DL,DL,DL,PBCH_RECOVERY
DL,12,104729,1,1,not_applicable,not_applicable,not_applicable,not_applicable,not_applicable,not_applicable,CDL-D,11.1188031732717,1,not_applicable,not_applicable,not_applicable,1,not_applicable,not_applicable,not_applicable,not_applicable,not_applicable,not_applicable,not_applicable,not_applicable,not_applicable,not_applicable,not_applicable,not_applicable,not_applicable,not_applicable,not_applicable,not_applicable,not_applicable,not_applicable,not_applicable,not_applicable,not_applicable,not_applicable,not_applicable,not_applicable,not_applicable,not_applicable,not_applicable,not_applicable,not_applicable,not_applicable,not_applicable,0,0,0,0,not_applicable,not_applicable,not_applicable,not_applicable,not_applicable,not_applicable,not_applicable,not_applicable,not_applicable,not_applicable,not_applicable,not_applicable,not_applicable,not_applicable,not_applicable,not_applicable,not_applicable,not_applicable,not_applicable,not_applicable,not_applicable,not_applicable,not_applicable,4384,not_applicable,not_applicable,not_applicable,not_applicable,not_applicable,not_applicable,not_applicable,not_applicable,not_applicable,not_applicable,not_applicable,not_applicable,not_applicable,not_applicable,not_applicable,not_applicable,not_applicable,not_applicable,not_applicable,not_applicable,4054.9257,not_applicable,not_applicable,10,not_applicable,not_applicable,not_applicable,not_applicable,not_applicable,not_applicable,not_applicable,not_applicable,not_applicable,not_applicable,not_applicable,not_applicable,not_applicable,not_applicable,not_applicable,not_applicable,not_applicable,not_applicable,not_applicable,not_applicable,not_applicable,not_applicable,not_applicable,not_applicable,not_applicable,not_applicable,not_applicable,not_applicable,not_applicable,not_applicable,not_applicable,not_applicable,not_applicable,not_applicable,not_applicable,not_applicable,not_applicable,not_applicable,not_applicable,not_applicable,not_applicable,40,40,1.47460520298687e-14,40,40,1.47460520298687e-14,0,4384,0,0,0,11.1188031732717,not_applicable,not_applicable,not_applicable,not_applicable,not_applicable,not_applicable,not_applicable,not_applicable,10,0,PASS,0,0,0,0,0,not_applicable,not_applicable,not_applicable,not_applicable,not_applicable,not_applicable,12,configured_runtime_operating_point_reference,configured_reference_metadata,not_applicable,not_applicable,not_applicable,not_applicable,not_applicable,not_applicable,not_applicable,not_applicable,not_applicable,not_applicable,not_applicable,not_applicable,not_applicable,not_applicable,not_applicable,not_applicable,0,0,not_applicable,0,0,0,not_applicable,not_applicable,not_applicable,not_applicable,not_applicable,not_applicable,not_applicable,derive_from_ue_speed,scenario_resolved_metadata,0,not_applicable,0,not_applicable,not_applicable,not_applicable,not_applicable,not_applicable,0,not_applicable,not_applicable,not_applicable,0,not_applicable,not_applicable,not_applicable,not_applicable,not_applicable,not_applicable,not_applicable,not_applicable,not_applicable,0,not_applicable,0,not_applicable,not_applicable,not_applicable,0,not_applicable,"NCellID=1, SSBIdx=0, injected CFO=40 Hz, residual CFO=0 Hz",24,24,DL,DL,DL,PBCH_RECOVERY
DL,12,104729,1,1,not_applicable,not_applicable,not_applicable,not_applicable,not_applicable,not_applicable,CDL-D,11.1188031732717,1,not_applicable,not_applicable,not_applicable,1,not_applicable,not_applicable,not_applicable,not_applicable,not_applicable,not_applicable,not_applicable,not_applicable,not_applicable,not_applicable,not_applicable,not_applicable,not_applicable,not_applicable,not_applicable,not_applicable,not_applicable,not_applicable,not_applicable,not_applicable,not_applicable,not_applicable,not_applicable,not_applicable,not_applicable,not_applicable,not_applicable,not_applicable,not_applicable,not_applicable,not_applicable,0,0,0,0,not_applicable,not_applicable,not_applicable,not_applicable,not_applicable,not_applicable,not_applicable,not_applicable,not_applicable,not_applicable,not_applicable,not_applicable,not_applicable,not_applicable,not_applicable,not_applicable,not_applicable,not_applicable,not_applicable,not_applicable,not_applicable,not_applicable,not_applicable,4384,not_applicable,not_applicable,not_applicable,not_applicable,not_applicable,not_applicable,not_applicable,not_applicable,not_applicable,not_applicable,not_applicable,not_applicable,not_applicable,not_applicable,not_applicable,not_applicable,not_applicable,not_applicable,not_applicable,not_applicable,4054.9257,not_applicable,not_applicable,10,not_applicable,not_applicable,not_applicable,not_applicable,not_applicable,not_applicable,not_applicable,not_applicable,not_applicable,not_applicable,not_applicable,not_applicable,not_applicable,not_applicable,not_applicable,not_applicable,not_applicable,not_applicable,not_applicable,not_applicable,not_applicable,not_applicable,not_applicable,not_applicable,not_applicable,not_applicable,not_applicable,not_applicable,not_applicable,not_applicable,not_applicable,not_applicable,not_applicable,not_applicable,not_applicable,not_applicable,not_applicable,not_applicable,not_applicable,not_applicable,not_applicable,40,40,1.47460520298687e-14,40,40,1.47460520298687e-14,0,4384,0,0,0,11.1188031732717,not_applicable,not_applicable,not_applicable,not_applicable,not_applicable,not_applicable,not_applicable,not_applicable,10,0,PASS,0,0,0,0,0,not_applicable,not_applicable,not_applicable,not_applicable,not_applicable,not_applicable,12,configured_runtime_operating_point_reference,configured_reference_metadata,not_applicable,not_applicable,not_applicable,not_applicable,not_applicable,not_applicable,not_applicable,not_applicable,not_applicable,not_applicable,not_applicable,not_applicable,not_applicable,not_applicable,not_applicable,not_applicable,0,0,not_applicable,0,0,0,not_applicable,not_applicable,not_applicable,not_applicable,not_applicable,not_applicable,not_applicable,derive_from_ue_speed,scenario_resolved_metadata,0,not_applicable,0,not_applicable,not_applicable,not_applicable,not_applicable,not_applicable,0,not_applicable,not_applicable,not_applicable,0,not_applicable,not_applicable,not_applicable,not_applicable,not_applicable,not_applicable,not_applicable,not_applicable,not_applicable,0,not_applicable,0,not_applicable,not_applicable,not_applicable,0,not_applicable,"NCellID=1, SSBIdx=0, injected CFO=40 Hz, residual CFO=0 Hz",25,25,DL,DL,DL,PBCH_RECOVERY
DL,12,104729,1,1,not_applicable,not_applicable,not_applicable,not_applicable,not_applicable,not_applicable,CDL-D,11.1188031732717,1,not_applicable,not_applicable,not_applicable,1,not_applicable,not_applicable,not_applicable,not_applicable,not_applicable,not_applicable,not_applicable,not_applicable,not_applicable,not_applicable,not_applicable,not_applicable,not_applicable,not_applicable,not_applicable,not_applicable,not_applicable,not_applicable,not_applicable,not_applicable,not_applicable,not_applicable,not_applicable,not_applicable,not_applicable,not_applicable,not_applicable,not_applicable,not_applicable,not_applicable,not_applicable,0,0,0,0,not_applicable,not_applicable,not_applicable,not_applicable,not_applicable,not_applicable,not_applicable,not_applicable,not_applicable,not_applicable,not_applicable,not_applicable,not_applicable,not_applicable,not_applicable,not_applicable,not_applicable,not_applicable,not_applicable,not_applicable,not_applicable,not_applicable,not_applicable,4384,not_applicable,not_applicable,not_applicable,not_applicable,not_applicable,not_applicable,not_applicable,not_applicable,not_applicable,not_applicable,not_applicable,not_applicable,not_applicable,not_applicable,not_applicable,not_applicable,not_applicable,not_applicable,not_applicable,not_applicable,4054.9257,not_applicable,not_applicable,10,not_applicable,not_applicable,not_applicable,not_applicable,not_applicable,not_applicable,not_applicable,not_applicable,not_applicable,not_applicable,not_applicable,not_applicable,not_applicable,not_applicable,not_applicable,not_applicable,not_applicable,not_applicable,not_applicable,not_applicable,not_applicable,not_applicable,not_applicable,not_applicable,not_applicable,not_applicable,not_applicable,not_applicable,not_applicable,not_applicable,not_applicable,not_applicable,not_applicable,not_applicable,not_applicable,not_applicable,not_applicable,not_applicable,not_applicable,not_applicable,not_applicable,40,40,1.47460520298687e-14,40,40,1.47460520298687e-14,0,4384,0,0,0,11.1188031732717,not_applicable,not_applicable,not_applicable,not_applicable,not_applicable,not_applicable,not_applicable,not_applicable,10,0,PASS,0,0,0,0,0,not_applicable,not_applicable,not_applicable,not_applicable,not_applicable,not_applicable,12,configured_runtime_operating_point_reference,configured_reference_metadata,not_applicable,not_applicable,not_applicable,not_applicable,not_applicable,not_applicable,not_applicable,not_applicable,not_applicable,not_applicable,not_applicable,not_applicable,not_applicable,not_applicable,not_applicable,not_applicable,0,0,not_applicable,0,0,0,not_applicable,not_applicable,not_applicable,not_applicable,not_applicable,not_applicable,not_applicable,derive_from_ue_speed,scenario_resolved_metadata,0,not_applicable,0,not_applicable,not_applicable,not_applicable,not_applicable,not_applicable,0,not_applicable,not_applicable,not_applicable,0,not_applicable,not_applicable,not_applicable,not_applicable,not_applicable,not_applicable,not_applicable,not_applicable,not_applicable,0,not_applicable,0,not_applicable,not_applicable,not_applicable,0,not_applicable,"NCellID=1, SSBIdx=0, injected CFO=40 Hz, residual CFO=0 Hz",26,26,DL,DL,DL,PBCH_RECOVERY
DL,12,104729,1,1,not_applicable,not_applicable,not_applicable,not_applicable,not_applicable,not_applicable,CDL-D,11.1188031732717,1,not_applicable,not_applicable,not_applicable,1,not_applicable,not_applicable,not_applicable,not_applicable,not_applicable,not_applicable,not_applicable,not_applicable,not_applicable,not_applicable,not_applicable,not_applicable,not_applicable,not_applicable,not_applicable,not_applicable,not_applicable,not_applicable,not_applicable,not_applicable,not_applicable,not_applicable,not_applicable,not_applicable,not_applicable,not_applicable,not_applicable,not_applicable,not_applicable,not_applicable,not_applicable,0,0,0,0,not_applicable,not_applicable,not_applicable,not_applicable,not_applicable,not_applicable,not_applicable,not_applicable,not_applicable,not_applicable,not_applicable,not_applicable,not_applicable,not_applicable,not_applicable,not_applicable,not_applicable,not_applicable,not_applicable,not_applicable,not_applicable,not_applicable,not_applicable,4384,not_applicable,not_applicable,not_applicable,not_applicable,not_applicable,not_applicable,not_applicable,not_applicable,not_applicable,not_applicable,not_applicable,not_applicable,not_applicable,not_applicable,not_applicable,not_applicable,not_applicable,not_applicable,not_applicable,not_applicable,4054.9257,not_applicable,not_applicable,10,not_applicable,not_applicable,not_applicable,not_applicable,not_applicable,not_applicable,not_applicable,not_applicable,not_applicable,not_applicable,not_applicable,not_applicable,not_applicable,not_applicable,not_applicable,not_applicable,not_applicable,not_applicable,not_applicable,not_applicable,not_applicable,not_applicable,not_applicable,not_applicable,not_applicable,not_applicable,not_applicable,not_applicable,not_applicable,not_applicable,not_applicable,not_applicable,not_applicable,not_applicable,not_applicable,not_applicable,not_applicable,not_applicable,not_applicable,not_applicable,not_applicable,40,40,1.47460520298687e-14,40,40,1.47460520298687e-14,0,4384,0,0,0,11.1188031732717,not_applicable,not_applicable,not_applicable,not_applicable,not_applicable,not_applicable,not_applicable,not_applicable,10,0,PASS,0,0,0,0,0,not_applicable,not_applicable,not_applicable,not_applicable,not_applicable,not_applicable,12,configured_runtime_operating_point_reference,configured_reference_metadata,not_applicable,not_applicable,not_applicable,not_applicable,not_applicable,not_applicable,not_applicable,not_applicable,not_applicable,not_applicable,not_applicable,not_applicable,not_applicable,not_applicable,not_applicable,not_applicable,0,0,not_applicable,0,0,0,not_applicable,not_applicable,not_applicable,not_applicable,not_applicable,not_applicable,not_applicable,derive_from_ue_speed,scenario_resolved_metadata,0,not_applicable,0,not_applicable,not_applicable,not_applicable,not_applicable,not_applicable,0,not_applicable,not_applicable,not_applicable,0,not_applicable,not_applicable,not_applicable,not_applicable,not_applicable,not_applicable,not_applicable,not_applicable,not_applicable,0,not_applicable,0,not_applicable,not_applicable,not_applicable,0,not_applicable,"NCellID=1, SSBIdx=0, injected CFO=40 Hz, residual CFO=0 Hz",27,27,DL,DL,DL,PBCH_RECOVERY
DL,12,104729,1,1,not_applicable,not_applicable,not_applicable,not_applicable,not_applicable,not_applicable,CDL-D,11.1188031732717,1,not_applicable,not_applicable,not_applicable,1,not_applicable,not_applicable,not_applicable,not_applicable,not_applicable,not_applicable,not_applicable,not_applicable,not_applicable,not_applicable,not_applicable,not_applicable,not_applicable,not_applicable,not_applicable,not_applicable,not_applicable,not_applicable,not_applicable,not_applicable,not_applicable,not_applicable,not_applicable,not_applicable,not_applicable,not_applicable,not_applicable,not_applicable,not_applicable,not_applicable,not_applicable,0,0,0,0,not_applicable,not_applicable,not_applicable,not_applicable,not_applicable,not_applicable,not_applicable,not_applicable,not_applicable,not_applicable,not_applicable,not_applicable,not_applicable,not_applicable,not_applicable,not_applicable,not_applicable,not_applicable,not_applicable,not_applicable,not_applicable,not_applicable,not_applicable,4384,not_applicable,not_applicable,not_applicable,not_applicable,not_applicable,not_applicable,not_applicable,not_applicable,not_applicable,not_applicable,not_applicable,not_applicable,not_applicable,not_applicable,not_applicable,not_applicable,not_applicable,not_applicable,not_applicable,not_applicable,4054.9257,not_applicable,not_applicable,10,not_applicable,not_applicable,not_applicable,not_applicable,not_applicable,not_applicable,not_applicable,not_applicable,not_applicable,not_applicable,not_applicable,not_applicable,not_applicable,not_applicable,not_applicable,not_applicable,not_applicable,not_applicable,not_applicable,not_applicable,not_applicable,not_applicable,not_applicable,not_applicable,not_applicable,not_applicable,not_applicable,not_applicable,not_applicable,not_applicable,not_applicable,not_applicable,not_applicable,not_applicable,not_applicable,not_applicable,not_applicable,not_applicable,not_applicable,not_applicable,not_applicable,40,40,1.47460520298687e-14,40,40,1.47460520298687e-14,0,4384,0,0,0,11.1188031732717,not_applicable,not_applicable,not_applicable,not_applicable,not_applicable,not_applicable,not_applicable,not_applicable,10,0,PASS,0,0,0,0,0,not_applicable,not_applicable,not_applicable,not_applicable,not_applicable,not_applicable,12,configured_runtime_operating_point_reference,configured_reference_metadata,not_applicable,not_applicable,not_applicable,not_applicable,not_applicable,not_applicable,not_applicable,not_applicable,not_applicable,not_applicable,not_applicable,not_applicable,not_applicable,not_applicable,not_applicable,not_applicable,0,0,not_applicable,0,0,0,not_applicable,not_applicable,not_applicable,not_applicable,not_applicable,not_applicable,not_applicable,derive_from_ue_speed,scenario_resolved_metadata,0,not_applicable,0,not_applicable,not_applicable,not_applicable,not_applicable,not_applicable,0,not_applicable,not_applicable,not_applicable,0,not_applicable,not_applicable,not_applicable,not_applicable,not_applicable,not_applicable,not_applicable,not_applicable,not_applicable,0,not_applicable,0,not_applicable,not_applicable,not_applicable,0,not_applicable,"NCellID=1, SSBIdx=0, injected CFO=40 Hz, residual CFO=0 Hz",28,28,DL,DL,DL,PBCH_RECOVERY
DL,12,104729,1,1,not_applicable,not_applicable,not_applicable,not_applicable,not_applicable,not_applicable,CDL-D,11.1188031732717,1,not_applicable,not_applicable,not_applicable,1,not_applicable,not_applicable,not_applicable,not_applicable,not_applicable,not_applicable,not_applicable,not_applicable,not_applicable,not_applicable,not_applicable,not_applicable,not_applicable,not_applicable,not_applicable,not_applicable,not_applicable,not_applicable,not_applicable,not_applicable,not_applicable,not_applicable,not_applicable,not_applicable,not_applicable,not_applicable,not_applicable,not_applicable,not_applicable,not_applicable,not_applicable,0,0,0,0,not_applicable,not_applicable,not_applicable,not_applicable,not_applicable,not_applicable,not_applicable,not_applicable,not_applicable,not_applicable,not_applicable,not_applicable,not_applicable,not_applicable,not_applicable,not_applicable,not_applicable,not_applicable,not_applicable,not_applicable,not_applicable,not_applicable,not_applicable,4384,not_applicable,not_applicable,not_applicable,not_applicable,not_applicable,not_applicable,not_applicable,not_applicable,not_applicable,not_applicable,not_applicable,not_applicable,not_applicable,not_applicable,not_applicable,not_applicable,not_applicable,not_applicable,not_applicable,not_applicable,4054.9257,not_applicable,not_applicable,10,not_applicable,not_applicable,not_applicable,not_applicable,not_applicable,not_applicable,not_applicable,not_applicable,not_applicable,not_applicable,not_applicable,not_applicable,not_applicable,not_applicable,not_applicable,not_applicable,not_applicable,not_applicable,not_applicable,not_applicable,not_applicable,not_applicable,not_applicable,not_applicable,not_applicable,not_applicable,not_applicable,not_applicable,not_applicable,not_applicable,not_applicable,not_applicable,not_applicable,not_applicable,not_applicable,not_applicable,not_applicable,not_applicable,not_applicable,not_applicable,not_applicable,40,40,1.47460520298687e-14,40,40,1.47460520298687e-14,0,4384,0,0,0,11.1188031732717,not_applicable,not_applicable,not_applicable,not_applicable,not_applicable,not_applicable,not_applicable,not_applicable,10,0,PASS,0,0,0,0,0,not_applicable,not_applicable,not_applicable,not_applicable,not_applicable,not_applicable,12,configured_runtime_operating_point_reference,configured_reference_metadata,not_applicable,not_applicable,not_applicable,not_applicable,not_applicable,not_applicable,not_applicable,not_applicable,not_applicable,not_applicable,not_applicable,not_applicable,not_applicable,not_applicable,not_applicable,not_applicable,0,0,not_applicable,0,0,0,not_applicable,not_applicable,not_applicable,not_applicable,not_applicable,not_applicable,not_applicable,derive_from_ue_speed,scenario_resolved_metadata,0,not_applicable,0,not_applicable,not_applicable,not_applicable,not_applicable,not_applicable,0,not_applicable,not_applicable,not_applicable,0,not_applicable,not_applicable,not_applicable,not_applicable,not_applicable,not_applicable,not_applicable,not_applicable,not_applicable,0,not_applicable,0,not_applicable,not_applicable,not_applicable,0,not_applicable,"NCellID=1, SSBIdx=0, injected CFO=40 Hz, residual CFO=0 Hz",29,29,DL,DL,DL,PBCH_RECOVERY
DL,12,104729,1,1,not_applicable,not_applicable,not_applicable,not_applicable,not_applicable,not_applicable,CDL-D,11.1188031732717,1,not_applicable,not_applicable,not_applicable,1,not_applicable,not_applicable,not_applicable,not_applicable,not_applicable,not_applicable,not_applicable,not_applicable,not_applicable,not_applicable,not_applicable,not_applicable,not_applicable,not_applicable,not_applicable,not_applicable,not_applicable,not_applicable,not_applicable,not_applicable,not_applicable,not_applicable,not_applicable,not_applicable,not_applicable,not_applicable,not_applicable,not_applicable,not_applicable,not_applicable,not_applicable,0,0,0,0,not_applicable,not_applicable,not_applicable,not_applicable,not_applicable,not_applicable,not_applicable,not_applicable,not_applicable,not_applicable,not_applicable,not_applicable,not_applicable,not_applicable,not_applicable,not_applicable,not_applicable,not_applicable,not_applicable,not_applicable,not_applicable,not_applicable,not_applicable,4384,not_applicable,not_applicable,not_applicable,not_applicable,not_applicable,not_applicable,not_applicable,not_applicable,not_applicable,not_applicable,not_applicable,not_applicable,not_applicable,not_applicable,not_applicable,not_applicable,not_applicable,not_applicable,not_applicable,not_applicable,4054.9257,not_applicable,not_applicable,10,not_applicable,not_applicable,not_applicable,not_applicable,not_applicable,not_applicable,not_applicable,not_applicable,not_applicable,not_applicable,not_applicable,not_applicable,not_applicable,not_applicable,not_applicable,not_applicable,not_applicable,not_applicable,not_applicable,not_applicable,not_applicable,not_applicable,not_applicable,not_applicable,not_applicable,not_applicable,not_applicable,not_applicable,not_applicable,not_applicable,not_applicable,not_applicable,not_applicable,not_applicable,not_applicable,not_applicable,not_applicable,not_applicable,not_applicable,not_applicable,not_applicable,40,40,1.47460520298687e-14,40,40,1.47460520298687e-14,0,4384,0,0,0,11.1188031732717,not_applicable,not_applicable,not_applicable,not_applicable,not_applicable,not_applicable,not_applicable,not_applicable,10,0,PASS,0,0,0,0,0,not_applicable,not_applicable,not_applicable,not_applicable,not_applicable,not_applicable,12,configured_runtime_operating_point_reference,configured_reference_metadata,not_applicable,not_applicable,not_applicable,not_applicable,not_applicable,not_applicable,not_applicable,not_applicable,not_applicable,not_applicable,not_applicable,not_applicable,not_applicable,not_applicable,not_applicable,not_applicable,0,0,not_applicable,0,0,0,not_applicable,not_applicable,not_applicable,not_applicable,not_applicable,not_applicable,not_applicable,derive_from_ue_speed,scenario_resolved_metadata,0,not_applicable,0,not_applicable,not_applicable,not_applicable,not_applicable,not_applicable,0,not_applicable,not_applicable,not_applicable,0,not_applicable,not_applicable,not_applicable,not_applicable,not_applicable,not_applicable,not_applicable,not_applicable,not_applicable,0,not_applicable,0,not_applicable,not_applicable,not_applicable,0,not_applicable,"NCellID=1, SSBIdx=0, injected CFO=40 Hz, residual CFO=0 Hz",30,30,DL,DL,DL,PBCH_RECOVERY
DL,12,104729,1,1,not_applicable,not_applicable,not_applicable,not_applicable,not_applicable,not_applicable,CDL-D,11.1188031732717,1,not_applicable,not_applicable,not_applicable,1,not_applicable,not_applicable,not_applicable,not_applicable,not_applicable,not_applicable,not_applicable,not_applicable,not_applicable,not_applicable,not_applicable,not_applicable,not_applicable,not_applicable,not_applicable,not_applicable,not_applicable,not_applicable,not_applicable,not_applicable,not_applicable,not_applicable,not_applicable,not_applicable,not_applicable,not_applicable,not_applicable,not_applicable,not_applicable,not_applicable,not_applicable,0,0,0,0,not_applicable,not_applicable,not_applicable,not_applicable,not_applicable,not_applicable,not_applicable,not_applicable,not_applicable,not_applicable,not_applicable,not_applicable,not_applicable,not_applicable,not_applicable,not_applicable,not_applicable,not_applicable,not_applicable,not_applicable,not_applicable,not_applicable,not_applicable,4384,not_applicable,not_applicable,not_applicable,not_applicable,not_applicable,not_applicable,not_applicable,not_applicable,not_applicable,not_applicable,not_applicable,not_applicable,not_applicable,not_applicable,not_applicable,not_applicable,not_applicable,not_applicable,not_applicable,not_applicable,4054.9257,not_applicable,not_applicable,10,not_applicable,not_applicable,not_applicable,not_applicable,not_applicable,not_applicable,not_applicable,not_applicable,not_applicable,not_applicable,not_applicable,not_applicable,not_applicable,not_applicable,not_applicable,not_applicable,not_applicable,not_applicable,not_applicable,not_applicable,not_applicable,not_applicable,not_applicable,not_applicable,not_applicable,not_applicable,not_applicable,not_applicable,not_applicable,not_applicable,not_applicable,not_applicable,not_applicable,not_applicable,not_applicable,not_applicable,not_applicable,not_applicable,not_applicable,not_applicable,not_applicable,40,40,1.47460520298687e-14,40,40,1.47460520298687e-14,0,4384,0,0,0,11.1188031732717,not_applicable,not_applicable,not_applicable,not_applicable,not_applicable,not_applicable,not_applicable,not_applicable,10,0,PASS,0,0,0,0,0,not_applicable,not_applicable,not_applicable,not_applicable,not_applicable,not_applicable,12,configured_runtime_operating_point_reference,configured_reference_metadata,not_applicable,not_applicable,not_applicable,not_applicable,not_applicable,not_applicable,not_applicable,not_applicable,not_applicable,not_applicable,not_applicable,not_applicable,not_applicable,not_applicable,not_applicable,not_applicable,0,0,not_applicable,0,0,0,not_applicable,not_applicable,not_applicable,not_applicable,not_applicable,not_applicable,not_applicable,derive_from_ue_speed,scenario_resolved_metadata,0,not_applicable,0,not_applicable,not_applicable,not_applicable,not_applicable,not_applicable,0,not_applicable,not_applicable,not_applicable,0,not_applicable,not_applicable,not_applicable,not_applicable,not_applicable,not_applicable,not_applicable,not_applicable,not_applicable,0,not_applicable,0,not_applicable,not_applicable,not_applicable,0,not_applicable,"NCellID=1, SSBIdx=0, injected CFO=40 Hz, residual CFO=0 Hz",31,31,DL,DL,DL,PBCH_RECOVERY
DL,12,104729,1,1,not_applicable,not_applicable,not_applicable,not_applicable,not_applicable,not_applicable,CDL-D,11.1188031732717,1,not_applicable,not_applicable,not_applicable,1,not_applicable,not_applicable,not_applicable,not_applicable,not_applicable,not_applicable,not_applicable,not_applicable,not_applicable,not_applicable,not_applicable,not_applicable,not_applicable,not_applicable,not_applicable,not_applicable,not_applicable,not_applicable,not_applicable,not_applicable,not_applicable,not_applicable,not_applicable,not_applicable,not_applicable,not_applicable,not_applicable,not_applicable,not_applicable,not_applicable,not_applicable,0,0,0,0,not_applicable,not_applicable,not_applicable,not_applicable,not_applicable,not_applicable,not_applicable,not_applicable,not_applicable,not_applicable,not_applicable,not_applicable,not_applicable,not_applicable,not_applicable,not_applicable,not_applicable,not_applicable,not_applicable,not_applicable,not_applicable,not_applicable,not_applicable,4384,not_applicable,not_applicable,not_applicable,not_applicable,not_applicable,not_applicable,not_applicable,not_applicable,not_applicable,not_applicable,not_applicable,not_applicable,not_applicable,not_applicable,not_applicable,not_applicable,not_applicable,not_applicable,not_applicable,not_applicable,4054.9257,not_applicable,not_applicable,10,not_applicable,not_applicable,not_applicable,not_applicable,not_applicable,not_applicable,not_applicable,not_applicable,not_applicable,not_applicable,not_applicable,not_applicable,not_applicable,not_applicable,not_applicable,not_applicable,not_applicable,not_applicable,not_applicable,not_applicable,not_applicable,not_applicable,not_applicable,not_applicable,not_applicable,not_applicable,not_applicable,not_applicable,not_applicable,not_applicable,not_applicable,not_applicable,not_applicable,not_applicable,not_applicable,not_applicable,not_applicable,not_applicable,not_applicable,not_applicable,not_applicable,40,40,1.47460520298687e-14,40,40,1.47460520298687e-14,0,4384,0,0,0,11.1188031732717,not_applicable,not_applicable,not_applicable,not_applicable,not_applicable,not_applicable,not_applicable,not_applicable,10,0,PASS,0,0,0,0,0,not_applicable,not_applicable,not_applicable,not_applicable,not_applicable,not_applicable,12,configured_runtime_operating_point_reference,configured_reference_metadata,not_applicable,not_applicable,not_applicable,not_applicable,not_applicable,not_applicable,not_applicable,not_applicable,not_applicable,not_applicable,not_applicable,not_applicable,not_applicable,not_applicable,not_applicable,not_applicable,0,0,not_applicable,0,0,0,not_applicable,not_applicable,not_applicable,not_applicable,not_applicable,not_applicable,not_applicable,derive_from_ue_speed,scenario_resolved_metadata,0,not_applicable,0,not_applicable,not_applicable,not_applicable,not_applicable,not_applicable,0,not_applicable,not_applicable,not_applicable,0,not_applicable,not_applicable,not_applicable,not_applicable,not_applicable,not_applicable,not_applicable,not_applicable,not_applicable,0,not_applicable,0,not_applicable,not_applicable,not_applicable,0,not_applicable,"NCellID=1, SSBIdx=0, injected CFO=40 Hz, residual CFO=0 Hz",32,32,DL,DL,DL,PBCH_RECOVERY
DL,12,104729,1,1,not_applicable,not_applicable,not_applicable,not_applicable,not_applicable,not_applicable,CDL-D,11.1188031732717,1,not_applicable,not_applicable,not_applicable,1,not_applicable,not_applicable,not_applicable,not_applicable,not_applicable,not_applicable,not_applicable,not_applicable,not_applicable,not_applicable,not_applicable,not_applicable,not_applicable,not_applicable,not_applicable,not_applicable,not_applicable,not_applicable,not_applicable,not_applicable,not_applicable,not_applicable,not_applicable,not_applicable,not_applicable,not_applicable,not_applicable,not_applicable,not_applicable,not_applicable,not_applicable,0,0,0,0,not_applicable,not_applicable,not_applicable,not_applicable,not_applicable,not_applicable,not_applicable,not_applicable,not_applicable,not_applicable,not_applicable,not_applicable,not_applicable,not_applicable,not_applicable,not_applicable,not_applicable,not_applicable,not_applicable,not_applicable,not_applicable,not_applicable,not_applicable,4384,not_applicable,not_applicable,not_applicable,not_applicable,not_applicable,not_applicable,not_applicable,not_applicable,not_applicable,not_applicable,not_applicable,not_applicable,not_applicable,not_applicable,not_applicable,not_applicable,not_applicable,not_applicable,not_applicable,not_applicable,4054.9257,not_applicable,not_applicable,10,not_applicable,not_applicable,not_applicable,not_applicable,not_applicable,not_applicable,not_applicable,not_applicable,not_applicable,not_applicable,not_applicable,not_applicable,not_applicable,not_applicable,not_applicable,not_applicable,not_applicable,not_applicable,not_applicable,not_applicable,not_applicable,not_applicable,not_applicable,not_applicable,not_applicable,not_applicable,not_applicable,not_applicable,not_applicable,not_applicable,not_applicable,not_applicable,not_applicable,not_applicable,not_applicable,not_applicable,not_applicable,not_applicable,not_applicable,not_applicable,not_applicable,40,40,1.47460520298687e-14,40,40,1.47460520298687e-14,0,4384,0,0,0,11.1188031732717,not_applicable,not_applicable,not_applicable,not_applicable,not_applicable,not_applicable,not_applicable,not_applicable,10,0,PASS,0,0,0,0,0,not_applicable,not_applicable,not_applicable,not_applicable,not_applicable,not_applicable,12,configured_runtime_operating_point_reference,configured_reference_metadata,not_applicable,not_applicable,not_applicable,not_applicable,not_applicable,not_applicable,not_applicable,not_applicable,not_applicable,not_applicable,not_applicable,not_applicable,not_applicable,not_applicable,not_applicable,not_applicable,0,0,not_applicable,0,0,0,not_applicable,not_applicable,not_applicable,not_applicable,not_applicable,not_applicable,not_applicable,derive_from_ue_speed,scenario_resolved_metadata,0,not_applicable,0,not_applicable,not_applicable,not_applicable,not_applicable,not_applicable,0,not_applicable,not_applicable,not_applicable,0,not_applicable,not_applicable,not_applicable,not_applicable,not_applicable,not_applicable,not_applicable,not_applicable,not_applicable,0,not_applicable,0,not_applicable,not_applicable,not_applicable,0,not_applicable,"NCellID=1, SSBIdx=0, injected CFO=40 Hz, residual CFO=0 Hz",33,33,DL,DL,DL,PBCH_RECOVERY
DL,12,104729,1,1,not_applicable,not_applicable,not_applicable,not_applicable,not_applicable,not_applicable,CDL-D,11.1188031732717,1,not_applicable,not_applicable,not_applicable,1,not_applicable,not_applicable,not_applicable,not_applicable,not_applicable,not_applicable,not_applicable,not_applicable,not_applicable,not_applicable,not_applicable,not_applicable,not_applicable,not_applicable,not_applicable,not_applicable,not_applicable,not_applicable,not_applicable,not_applicable,not_applicable,not_applicable,not_applicable,not_applicable,not_applicable,not_applicable,not_applicable,not_applicable,not_applicable,not_applicable,not_applicable,0,0,0,0,not_applicable,not_applicable,not_applicable,not_applicable,not_applicable,not_applicable,not_applicable,not_applicable,not_applicable,not_applicable,not_applicable,not_applicable,not_applicable,not_applicable,not_applicable,not_applicable,not_applicable,not_applicable,not_applicable,not_applicable,not_applicable,not_applicable,not_applicable,4384,not_applicable,not_applicable,not_applicable,not_applicable,not_applicable,not_applicable,not_applicable,not_applicable,not_applicable,not_applicable,not_applicable,not_applicable,not_applicable,not_applicable,not_applicable,not_applicable,not_applicable,not_applicable,not_applicable,not_applicable,4054.9257,not_applicable,not_applicable,10,not_applicable,not_applicable,not_applicable,not_applicable,not_applicable,not_applicable,not_applicable,not_applicable,not_applicable,not_applicable,not_applicable,not_applicable,not_applicable,not_applicable,not_applicable,not_applicable,not_applicable,not_applicable,not_applicable,not_applicable,not_applicable,not_applicable,not_applicable,not_applicable,not_applicable,not_applicable,not_applicable,not_applicable,not_applicable,not_applicable,not_applicable,not_applicable,not_applicable,not_applicable,not_applicable,not_applicable,not_applicable,not_applicable,not_applicable,not_applicable,not_applicable,40,40,1.47460520298687e-14,40,40,1.47460520298687e-14,0,4384,0,0,0,11.1188031732717,not_applicable,not_applicable,not_applicable,not_applicable,not_applicable,not_applicable,not_applicable,not_applicable,10,0,PASS,0,0,0,0,0,not_applicable,not_applicable,not_applicable,not_applicable,not_applicable,not_applicable,12,configured_runtime_operating_point_reference,configured_reference_metadata,not_applicable,not_applicable,not_applicable,not_applicable,not_applicable,not_applicable,not_applicable,not_applicable,not_applicable,not_applicable,not_applicable,not_applicable,not_applicable,not_applicable,not_applicable,not_applicable,0,0,not_applicable,0,0,0,not_applicable,not_applicable,not_applicable,not_applicable,not_applicable,not_applicable,not_applicable,derive_from_ue_speed,scenario_resolved_metadata,0,not_applicable,0,not_applicable,not_applicable,not_applicable,not_applicable,not_applicable,0,not_applicable,not_applicable,not_applicable,0,not_applicable,not_applicable,not_applicable,not_applicable,not_applicable,not_applicable,not_applicable,not_applicable,not_applicable,0,not_applicable,0,not_applicable,not_applicable,not_applicable,0,not_applicable,"NCellID=1, SSBIdx=0, injected CFO=40 Hz, residual CFO=0 Hz",34,34,DL,DL,DL,PBCH_RECOVERY
DL,12,104729,1,1,not_applicable,not_applicable,not_applicable,not_applicable,not_applicable,not_applicable,CDL-D,11.1188031732717,1,not_applicable,not_applicable,not_applicable,1,not_applicable,not_applicable,not_applicable,not_applicable,not_applicable,not_applicable,not_applicable,not_applicable,not_applicable,not_applicable,not_applicable,not_applicable,not_applicable,not_applicable,not_applicable,not_applicable,not_applicable,not_applicable,not_applicable,not_applicable,not_applicable,not_applicable,not_applicable,not_applicable,not_applicable,not_applicable,not_applicable,not_applicable,not_applicable,not_applicable,not_applicable,0,0,0,0,not_applicable,not_applicable,not_applicable,not_applicable,not_applicable,not_applicable,not_applicable,not_applicable,not_applicable,not_applicable,not_applicable,not_applicable,not_applicable,not_applicable,not_applicable,not_applicable,not_applicable,not_applicable,not_applicable,not_applicable,not_applicable,not_applicable,not_applicable,4384,not_applicable,not_applicable,not_applicable,not_applicable,not_applicable,not_applicable,not_applicable,not_applicable,not_applicable,not_applicable,not_applicable,not_applicable,not_applicable,not_applicable,not_applicable,not_applicable,not_applicable,not_applicable,not_applicable,not_applicable,4054.9257,not_applicable,not_applicable,10,not_applicable,not_applicable,not_applicable,not_applicable,not_applicable,not_applicable,not_applicable,not_applicable,not_applicable,not_applicable,not_applicable,not_applicable,not_applicable,not_applicable,not_applicable,not_applicable,not_applicable,not_applicable,not_applicable,not_applicable,not_applicable,not_applicable,not_applicable,not_applicable,not_applicable,not_applicable,not_applicable,not_applicable,not_applicable,not_applicable,not_applicable,not_applicable,not_applicable,not_applicable,not_applicable,not_applicable,not_applicable,not_applicable,not_applicable,not_applicable,not_applicable,40,40,1.47460520298687e-14,40,40,1.47460520298687e-14,0,4384,0,0,0,11.1188031732717,not_applicable,not_applicable,not_applicable,not_applicable,not_applicable,not_applicable,not_applicable,not_applicable,10,0,PASS,0,0,0,0,0,not_applicable,not_applicable,not_applicable,not_applicable,not_applicable,not_applicable,12,configured_runtime_operating_point_reference,configured_reference_metadata,not_applicable,not_applicable,not_applicable,not_applicable,not_applicable,not_applicable,not_applicable,not_applicable,not_applicable,not_applicable,not_applicable,not_applicable,not_applicable,not_applicable,not_applicable,not_applicable,0,0,not_applicable,0,0,0,not_applicable,not_applicable,not_applicable,not_applicable,not_applicable,not_applicable,not_applicable,derive_from_ue_speed,scenario_resolved_metadata,0,not_applicable,0,not_applicable,not_applicable,not_applicable,not_applicable,not_applicable,0,not_applicable,not_applicable,not_applicable,0,not_applicable,not_applicable,not_applicable,not_applicable,not_applicable,not_applicable,not_applicable,not_applicable,not_applicable,0,not_applicable,0,not_applicable,not_applicable,not_applicable,0,not_applicable,"NCellID=1, SSBIdx=0, injected CFO=40 Hz, residual CFO=0 Hz",35,35,DL,DL,DL,PBCH_RECOVERY
DL,12,104729,1,1,not_applicable,not_applicable,not_applicable,not_applicable,not_applicable,not_applicable,CDL-D,11.1188031732717,1,not_applicable,not_applicable,not_applicable,1,not_applicable,not_applicable,not_applicable,not_applicable,not_applicable,not_applicable,not_applicable,not_applicable,not_applicable,not_applicable,not_applicable,not_applicable,not_applicable,not_applicable,not_applicable,not_applicable,not_applicable,not_applicable,not_applicable,not_applicable,not_applicable,not_applicable,not_applicable,not_applicable,not_applicable,not_applicable,not_applicable,not_applicable,not_applicable,not_applicable,not_applicable,0,0,0,0,not_applicable,not_applicable,not_applicable,not_applicable,not_applicable,not_applicable,not_applicable,not_applicable,not_applicable,not_applicable,not_applicable,not_applicable,not_applicable,not_applicable,not_applicable,not_applicable,not_applicable,not_applicable,not_applicable,not_applicable,not_applicable,not_applicable,not_applicable,4384,not_applicable,not_applicable,not_applicable,not_applicable,not_applicable,not_applicable,not_applicable,not_applicable,not_applicable,not_applicable,not_applicable,not_applicable,not_applicable,not_applicable,not_applicable,not_applicable,not_applicable,not_applicable,not_applicable,not_applicable,4054.9257,not_applicable,not_applicable,10,not_applicable,not_applicable,not_applicable,not_applicable,not_applicable,not_applicable,not_applicable,not_applicable,not_applicable,not_applicable,not_applicable,not_applicable,not_applicable,not_applicable,not_applicable,not_applicable,not_applicable,not_applicable,not_applicable,not_applicable,not_applicable,not_applicable,not_applicable,not_applicable,not_applicable,not_applicable,not_applicable,not_applicable,not_applicable,not_applicable,not_applicable,not_applicable,not_applicable,not_applicable,not_applicable,not_applicable,not_applicable,not_applicable,not_applicable,not_applicable,not_applicable,40,40,1.47460520298687e-14,40,40,1.47460520298687e-14,0,4384,0,0,0,11.1188031732717,not_applicable,not_applicable,not_applicable,not_applicable,not_applicable,not_applicable,not_applicable,not_applicable,10,0,PASS,0,0,0,0,0,not_applicable,not_applicable,not_applicable,not_applicable,not_applicable,not_applicable,12,configured_runtime_operating_point_reference,configured_reference_metadata,not_applicable,not_applicable,not_applicable,not_applicable,not_applicable,not_applicable,not_applicable,not_applicable,not_applicable,not_applicable,not_applicable,not_applicable,not_applicable,not_applicable,not_applicable,not_applicable,0,0,not_applicable,0,0,0,not_applicable,not_applicable,not_applicable,not_applicable,not_applicable,not_applicable,not_applicable,derive_from_ue_speed,scenario_resolved_metadata,0,not_applicable,0,not_applicable,not_applicable,not_applicable,not_applicable,not_applicable,0,not_applicable,not_applicable,not_applicable,0,not_applicable,not_applicable,not_applicable,not_applicable,not_applicable,not_applicable,not_applicable,not_applicable,not_applicable,0,not_applicable,0,not_applicable,not_applicable,not_applicable,0,not_applicable,"NCellID=1, SSBIdx=0, injected CFO=40 Hz, residual CFO=0 Hz",36,36,DL,DL,DL,PBCH_RECOVERY
DL,12,104729,1,1,not_applicable,not_applicable,not_applicable,not_applicable,not_applicable,not_applicable,CDL-D,11.1188031732717,1,not_applicable,not_applicable,not_applicable,1,not_applicable,not_applicable,not_applicable,not_applicable,not_applicable,not_applicable,not_applicable,not_applicable,not_applicable,not_applicable,not_applicable,not_applicable,not_applicable,not_applicable,not_applicable,not_applicable,not_applicable,not_applicable,not_applicable,not_applicable,not_applicable,not_applicable,not_applicable,not_applicable,not_applicable,not_applicable,not_applicable,not_applicable,not_applicable,not_applicable,not_applicable,0,0,0,0,not_applicable,not_applicable,not_applicable,not_applicable,not_applicable,not_applicable,not_applicable,not_applicable,not_applicable,not_applicable,not_applicable,not_applicable,not_applicable,not_applicable,not_applicable,not_applicable,not_applicable,not_applicable,not_applicable,not_applicable,not_applicable,not_applicable,not_applicable,4384,not_applicable,not_applicable,not_applicable,not_applicable,not_applicable,not_applicable,not_applicable,not_applicable,not_applicable,not_applicable,not_applicable,not_applicable,not_applicable,not_applicable,not_applicable,not_applicable,not_applicable,not_applicable,not_applicable,not_applicable,4054.9257,not_applicable,not_applicable,10,not_applicable,not_applicable,not_applicable,not_applicable,not_applicable,not_applicable,not_applicable,not_applicable,not_applicable,not_applicable,not_applicable,not_applicable,not_applicable,not_applicable,not_applicable,not_applicable,not_applicable,not_applicable,not_applicable,not_applicable,not_applicable,not_applicable,not_applicable,not_applicable,not_applicable,not_applicable,not_applicable,not_applicable,not_applicable,not_applicable,not_applicable,not_applicable,not_applicable,not_applicable,not_applicable,not_applicable,not_applicable,not_applicable,not_applicable,not_applicable,not_applicable,40,40,1.47460520298687e-14,40,40,1.47460520298687e-14,0,4384,0,0,0,11.1188031732717,not_applicable,not_applicable,not_applicable,not_applicable,not_applicable,not_applicable,not_applicable,not_applicable,10,0,PASS,0,0,0,0,0,not_applicable,not_applicable,not_applicable,not_applicable,not_applicable,not_applicable,12,configured_runtime_operating_point_reference,configured_reference_metadata,not_applicable,not_applicable,not_applicable,not_applicable,not_applicable,not_applicable,not_applicable,not_applicable,not_applicable,not_applicable,not_applicable,not_applicable,not_applicable,not_applicable,not_applicable,not_applicable,0,0,not_applicable,0,0,0,not_applicable,not_applicable,not_applicable,not_applicable,not_applicable,not_applicable,not_applicable,derive_from_ue_speed,scenario_resolved_metadata,0,not_applicable,0,not_applicable,not_applicable,not_applicable,not_applicable,not_applicable,0,not_applicable,not_applicable,not_applicable,0,not_applicable,not_applicable,not_applicable,not_applicable,not_applicable,not_applicable,not_applicable,not_applicable,not_applicable,0,not_applicable,0,not_applicable,not_applicable,not_applicable,0,not_applicable,"NCellID=1, SSBIdx=0, injected CFO=40 Hz, residual CFO=0 Hz",37,37,DL,DL,DL,PBCH_RECOVERY
DL,12,104729,1,1,not_applicable,not_applicable,not_applicable,not_applicable,not_applicable,not_applicable,CDL-D,11.1188031732717,1,not_applicable,not_applicable,not_applicable,1,not_applicable,not_applicable,not_applicable,not_applicable,not_applicable,not_applicable,not_applicable,not_applicable,not_applicable,not_applicable,not_applicable,not_applicable,not_applicable,not_applicable,not_applicable,not_applicable,not_applicable,not_applicable,not_applicable,not_applicable,not_applicable,not_applicable,not_applicable,not_applicable,not_applicable,not_applicable,not_applicable,not_applicable,not_applicable,not_applicable,not_applicable,0,0,0,0,not_applicable,not_applicable,not_applicable,not_applicable,not_applicable,not_applicable,not_applicable,not_applicable,not_applicable,not_applicable,not_applicable,not_applicable,not_applicable,not_applicable,not_applicable,not_applicable,not_applicable,not_applicable,not_applicable,not_applicable,not_applicable,not_applicable,not_applicable,4384,not_applicable,not_applicable,not_applicable,not_applicable,not_applicable,not_applicable,not_applicable,not_applicable,not_applicable,not_applicable,not_applicable,not_applicable,not_applicable,not_applicable,not_applicable,not_applicable,not_applicable,not_applicable,not_applicable,not_applicable,4054.9257,not_applicable,not_applicable,10,not_applicable,not_applicable,not_applicable,not_applicable,not_applicable,not_applicable,not_applicable,not_applicable,not_applicable,not_applicable,not_applicable,not_applicable,not_applicable,not_applicable,not_applicable,not_applicable,not_applicable,not_applicable,not_applicable,not_applicable,not_applicable,not_applicable,not_applicable,not_applicable,not_applicable,not_applicable,not_applicable,not_applicable,not_applicable,not_applicable,not_applicable,not_applicable,not_applicable,not_applicable,not_applicable,not_applicable,not_applicable,not_applicable,not_applicable,not_applicable,not_applicable,40,40,1.47460520298687e-14,40,40,1.47460520298687e-14,0,4384,0,0,0,11.1188031732717,not_applicable,not_applicable,not_applicable,not_applicable,not_applicable,not_applicable,not_applicable,not_applicable,10,0,PASS,0,0,0,0,0,not_applicable,not_applicable,not_applicable,not_applicable,not_applicable,not_applicable,12,configured_runtime_operating_point_reference,configured_reference_metadata,not_applicable,not_applicable,not_applicable,not_applicable,not_applicable,not_applicable,not_applicable,not_applicable,not_applicable,not_applicable,not_applicable,not_applicable,not_applicable,not_applicable,not_applicable,not_applicable,0,0,not_applicable,0,0,0,not_applicable,not_applicable,not_applicable,not_applicable,not_applicable,not_applicable,not_applicable,derive_from_ue_speed,scenario_resolved_metadata,0,not_applicable,0,not_applicable,not_applicable,not_applicable,not_applicable,not_applicable,0,not_applicable,not_applicable,not_applicable,0,not_applicable,not_applicable,not_applicable,not_applicable,not_applicable,not_applicable,not_applicable,not_applicable,not_applicable,0,not_applicable,0,not_applicable,not_applicable,not_applicable,0,not_applicable,"NCellID=1, SSBIdx=0, injected CFO=40 Hz, residual CFO=0 Hz",38,38,DL,DL,DL,PBCH_RECOVERY
DL,12,104729,1,1,not_applicable,not_applicable,not_applicable,not_applicable,not_applicable,not_applicable,CDL-D,11.1188031732717,1,not_applicable,not_applicable,not_applicable,1,not_applicable,not_applicable,not_applicable,not_applicable,not_applicable,not_applicable,not_applicable,not_applicable,not_applicable,not_applicable,not_applicable,not_applicable,not_applicable,not_applicable,not_applicable,not_applicable,not_applicable,not_applicable,not_applicable,not_applicable,not_applicable,not_applicable,not_applicable,not_applicable,not_applicable,not_applicable,not_applicable,not_applicable,not_applicable,not_applicable,not_applicable,0,0,0,0,not_applicable,not_applicable,not_applicable,not_applicable,not_applicable,not_applicable,not_applicable,not_applicable,not_applicable,not_applicable,not_applicable,not_applicable,not_applicable,not_applicable,not_applicable,not_applicable,not_applicable,not_applicable,not_applicable,not_applicable,not_applicable,not_applicable,not_applicable,4384,not_applicable,not_applicable,not_applicable,not_applicable,not_applicable,not_applicable,not_applicable,not_applicable,not_applicable,not_applicable,not_applicable,not_applicable,not_applicable,not_applicable,not_applicable,not_applicable,not_applicable,not_applicable,not_applicable,not_applicable,4054.9257,not_applicable,not_applicable,10,not_applicable,not_applicable,not_applicable,not_applicable,not_applicable,not_applicable,not_applicable,not_applicable,not_applicable,not_applicable,not_applicable,not_applicable,not_applicable,not_applicable,not_applicable,not_applicable,not_applicable,not_applicable,not_applicable,not_applicable,not_applicable,not_applicable,not_applicable,not_applicable,not_applicable,not_applicable,not_applicable,not_applicable,not_applicable,not_applicable,not_applicable,not_applicable,not_applicable,not_applicable,not_applicable,not_applicable,not_applicable,not_applicable,not_applicable,not_applicable,not_applicable,40,40,1.47460520298687e-14,40,40,1.47460520298687e-14,0,4384,0,0,0,11.1188031732717,not_applicable,not_applicable,not_applicable,not_applicable,not_applicable,not_applicable,not_applicable,not_applicable,10,0,PASS,0,0,0,0,0,not_applicable,not_applicable,not_applicable,not_applicable,not_applicable,not_applicable,12,configured_runtime_operating_point_reference,configured_reference_metadata,not_applicable,not_applicable,not_applicable,not_applicable,not_applicable,not_applicable,not_applicable,not_applicable,not_applicable,not_applicable,not_applicable,not_applicable,not_applicable,not_applicable,not_applicable,not_applicable,0,0,not_applicable,0,0,0,not_applicable,not_applicable,not_applicable,not_applicable,not_applicable,not_applicable,not_applicable,derive_from_ue_speed,scenario_resolved_metadata,0,not_applicable,0,not_applicable,not_applicable,not_applicable,not_applicable,not_applicable,0,not_applicable,not_applicable,not_applicable,0,not_applicable,not_applicable,not_applicable,not_applicable,not_applicable,not_applicable,not_applicable,not_applicable,not_applicable,0,not_applicable,0,not_applicable,not_applicable,not_applicable,0,not_applicable,"NCellID=1, SSBIdx=0, injected CFO=40 Hz, residual CFO=0 Hz",39,39,DL,DL,DL,PBCH_RECOVERY
DL,12,104729,1,1,not_applicable,not_applicable,not_applicable,not_applicable,not_applicable,not_applicable,CDL-D,11.1188031732717,1,not_applicable,not_applicable,not_applicable,1,not_applicable,not_applicable,not_applicable,not_applicable,not_applicable,not_applicable,not_applicable,not_applicable,not_applicable,not_applicable,not_applicable,not_applicable,not_applicable,not_applicable,not_applicable,not_applicable,not_applicable,not_applicable,not_applicable,not_applicable,not_applicable,not_applicable,not_applicable,not_applicable,not_applicable,not_applicable,not_applicable,not_applicable,not_applicable,not_applicable,not_applicable,0,0,0,0,not_applicable,not_applicable,not_applicable,not_applicable,not_applicable,not_applicable,not_applicable,not_applicable,not_applicable,not_applicable,not_applicable,not_applicable,not_applicable,not_applicable,not_applicable,not_applicable,not_applicable,not_applicable,not_applicable,not_applicable,not_applicable,not_applicable,not_applicable,4384,not_applicable,not_applicable,not_applicable,not_applicable,not_applicable,not_applicable,not_applicable,not_applicable,not_applicable,not_applicable,not_applicable,not_applicable,not_applicable,not_applicable,not_applicable,not_applicable,not_applicable,not_applicable,not_applicable,not_applicable,4054.9257,not_applicable,not_applicable,10,not_applicable,not_applicable,not_applicable,not_applicable,not_applicable,not_applicable,not_applicable,not_applicable,not_applicable,not_applicable,not_applicable,not_applicable,not_applicable,not_applicable,not_applicable,not_applicable,not_applicable,not_applicable,not_applicable,not_applicable,not_applicable,not_applicable,not_applicable,not_applicable,not_applicable,not_applicable,not_applicable,not_applicable,not_applicable,not_applicable,not_applicable,not_applicable,not_applicable,not_applicable,not_applicable,not_applicable,not_applicable,not_applicable,not_applicable,not_applicable,not_applicable,40,40,1.47460520298687e-14,40,40,1.47460520298687e-14,0,4384,0,0,0,11.1188031732717,not_applicable,not_applicable,not_applicable,not_applicable,not_applicable,not_applicable,not_applicable,not_applicable,10,0,PASS,0,0,0,0,0,not_applicable,not_applicable,not_applicable,not_applicable,not_applicable,not_applicable,12,configured_runtime_operating_point_reference,configured_reference_metadata,not_applicable,not_applicable,not_applicable,not_applicable,not_applicable,not_applicable,not_applicable,not_applicable,not_applicable,not_applicable,not_applicable,not_applicable,not_applicable,not_applicable,not_applicable,not_applicable,0,0,not_applicable,0,0,0,not_applicable,not_applicable,not_applicable,not_applicable,not_applicable,not_applicable,not_applicable,derive_from_ue_speed,scenario_resolved_metadata,0,not_applicable,0,not_applicable,not_applicable,not_applicable,not_applicable,not_applicable,0,not_applicable,not_applicable,not_applicable,0,not_applicable,not_applicable,not_applicable,not_applicable,not_applicable,not_applicable,not_applicable,not_applicable,not_applicable,0,not_applicable,0,not_applicable,not_applicable,not_applicable,0,not_applicable,"NCellID=1, SSBIdx=0, injected CFO=40 Hz, residual CFO=0 Hz",40,40,DL,DL,DL,PBCH_RECOVERY
DL,12,104729,1,1,not_applicable,not_applicable,not_applicable,not_applicable,not_applicable,not_applicable,CDL-D,11.1188031732717,1,not_applicable,not_applicable,not_applicable,1,not_applicable,not_applicable,not_applicable,not_applicable,not_applicable,not_applicable,not_applicable,not_applicable,not_applicable,not_applicable,not_applicable,not_applicable,not_applicable,not_applicable,not_applicable,not_applicable,not_applicable,not_applicable,not_applicable,not_applicable,not_applicable,not_applicable,not_applicable,not_applicable,not_applicable,not_applicable,not_applicable,not_applicable,not_applicable,not_applicable,not_applicable,0,0,0,0,not_applicable,not_applicable,not_applicable,not_applicable,not_applicable,not_applicable,not_applicable,not_applicable,not_applicable,not_applicable,not_applicable,not_applicable,not_applicable,not_applicable,not_applicable,not_applicable,not_applicable,not_applicable,not_applicable,not_applicable,not_applicable,not_applicable,not_applicable,4384,not_applicable,not_applicable,not_applicable,not_applicable,not_applicable,not_applicable,not_applicable,not_applicable,not_applicable,not_applicable,not_applicable,not_applicable,not_applicable,not_applicable,not_applicable,not_applicable,not_applicable,not_applicable,not_applicable,not_applicable,4054.9257,not_applicable,not_applicable,10,not_applicable,not_applicable,not_applicable,not_applicable,not_applicable,not_applicable,not_applicable,not_applicable,not_applicable,not_applicable,not_applicable,not_applicable,not_applicable,not_applicable,not_applicable,not_applicable,not_applicable,not_applicable,not_applicable,not_applicable,not_applicable,not_applicable,not_applicable,not_applicable,not_applicable,not_applicable,not_applicable,not_applicable,not_applicable,not_applicable,not_applicable,not_applicable,not_applicable,not_applicable,not_applicable,not_applicable,not_applicable,not_applicable,not_applicable,not_applicable,not_applicable,40,40,1.47460520298687e-14,40,40,1.47460520298687e-14,0,4384,0,0,0,11.1188031732717,not_applicable,not_applicable,not_applicable,not_applicable,not_applicable,not_applicable,not_applicable,not_applicable,10,0,PASS,0,0,0,0,0,not_applicable,not_applicable,not_applicable,not_applicable,not_applicable,not_applicable,12,configured_runtime_operating_point_reference,configured_reference_metadata,not_applicable,not_applicable,not_applicable,not_applicable,not_applicable,not_applicable,not_applicable,not_applicable,not_applicable,not_applicable,not_applicable,not_applicable,not_applicable,not_applicable,not_applicable,not_applicable,0,0,not_applicable,0,0,0,not_applicable,not_applicable,not_applicable,not_applicable,not_applicable,not_applicable,not_applicable,derive_from_ue_speed,scenario_resolved_metadata,0,not_applicable,0,not_applicable,not_applicable,not_applicable,not_applicable,not_applicable,0,not_applicable,not_applicable,not_applicable,0,not_applicable,not_applicable,not_applicable,not_applicable,not_applicable,not_applicable,not_applicable,not_applicable,not_applicable,0,not_applicable,0,not_applicable,not_applicable,not_applicable,0,not_applicable,"NCellID=1, SSBIdx=0, injected CFO=40 Hz, residual CFO=0 Hz",41,41,DL,DL,DL,PBCH_RECOVERY
DL,12,104729,1,1,not_applicable,not_applicable,not_applicable,not_applicable,not_applicable,not_applicable,CDL-D,11.1188031732717,1,not_applicable,not_applicable,not_applicable,1,not_applicable,not_applicable,not_applicable,not_applicable,not_applicable,not_applicable,not_applicable,not_applicable,not_applicable,not_applicable,not_applicable,not_applicable,not_applicable,not_applicable,not_applicable,not_applicable,not_applicable,not_applicable,not_applicable,not_applicable,not_applicable,not_applicable,not_applicable,not_applicable,not_applicable,not_applicable,not_applicable,not_applicable,not_applicable,not_applicable,not_applicable,0,0,0,0,not_applicable,not_applicable,not_applicable,not_applicable,not_applicable,not_applicable,not_applicable,not_applicable,not_applicable,not_applicable,not_applicable,not_applicable,not_applicable,not_applicable,not_applicable,not_applicable,not_applicable,not_applicable,not_applicable,not_applicable,not_applicable,not_applicable,not_applicable,4384,not_applicable,not_applicable,not_applicable,not_applicable,not_applicable,not_applicable,not_applicable,not_applicable,not_applicable,not_applicable,not_applicable,not_applicable,not_applicable,not_applicable,not_applicable,not_applicable,not_applicable,not_applicable,not_applicable,not_applicable,4054.9257,not_applicable,not_applicable,10,not_applicable,not_applicable,not_applicable,not_applicable,not_applicable,not_applicable,not_applicable,not_applicable,not_applicable,not_applicable,not_applicable,not_applicable,not_applicable,not_applicable,not_applicable,not_applicable,not_applicable,not_applicable,not_applicable,not_applicable,not_applicable,not_applicable,not_applicable,not_applicable,not_applicable,not_applicable,not_applicable,not_applicable,not_applicable,not_applicable,not_applicable,not_applicable,not_applicable,not_applicable,not_applicable,not_applicable,not_applicable,not_applicable,not_applicable,not_applicable,not_applicable,40,40,1.47460520298687e-14,40,40,1.47460520298687e-14,0,4384,0,0,0,11.1188031732717,not_applicable,not_applicable,not_applicable,not_applicable,not_applicable,not_applicable,not_applicable,not_applicable,10,0,PASS,0,0,0,0,0,not_applicable,not_applicable,not_applicable,not_applicable,not_applicable,not_applicable,12,configured_runtime_operating_point_reference,configured_reference_metadata,not_applicable,not_applicable,not_applicable,not_applicable,not_applicable,not_applicable,not_applicable,not_applicable,not_applicable,not_applicable,not_applicable,not_applicable,not_applicable,not_applicable,not_applicable,not_applicable,0,0,not_applicable,0,0,0,not_applicable,not_applicable,not_applicable,not_applicable,not_applicable,not_applicable,not_applicable,derive_from_ue_speed,scenario_resolved_metadata,0,not_applicable,0,not_applicable,not_applicable,not_applicable,not_applicable,not_applicable,0,not_applicable,not_applicable,not_applicable,0,not_applicable,not_applicable,not_applicable,not_applicable,not_applicable,not_applicable,not_applicable,not_applicable,not_applicable,0,not_applicable,0,not_applicable,not_applicable,not_applicable,0,not_applicable,"NCellID=1, SSBIdx=0, injected CFO=40 Hz, residual CFO=0 Hz",42,42,DL,DL,DL,PBCH_RECOVERY
DL,12,104729,1,1,not_applicable,not_applicable,not_applicable,not_applicable,not_applicable,not_applicable,CDL-D,11.1188031732717,1,not_applicable,not_applicable,not_applicable,1,not_applicable,not_applicable,not_applicable,not_applicable,not_applicable,not_applicable,not_applicable,not_applicable,not_applicable,not_applicable,not_applicable,not_applicable,not_applicable,not_applicable,not_applicable,not_applicable,not_applicable,not_applicable,not_applicable,not_applicable,not_applicable,not_applicable,not_applicable,not_applicable,not_applicable,not_applicable,not_applicable,not_applicable,not_applicable,not_applicable,not_applicable,0,0,0,0,not_applicable,not_applicable,not_applicable,not_applicable,not_applicable,not_applicable,not_applicable,not_applicable,not_applicable,not_applicable,not_applicable,not_applicable,not_applicable,not_applicable,not_applicable,not_applicable,not_applicable,not_applicable,not_applicable,not_applicable,not_applicable,not_applicable,not_applicable,4384,not_applicable,not_applicable,not_applicable,not_applicable,not_applicable,not_applicable,not_applicable,not_applicable,not_applicable,not_applicable,not_applicable,not_applicable,not_applicable,not_applicable,not_applicable,not_applicable,not_applicable,not_applicable,not_applicable,not_applicable,4054.9257,not_applicable,not_applicable,10,not_applicable,not_applicable,not_applicable,not_applicable,not_applicable,not_applicable,not_applicable,not_applicable,not_applicable,not_applicable,not_applicable,not_applicable,not_applicable,not_applicable,not_applicable,not_applicable,not_applicable,not_applicable,not_applicable,not_applicable,not_applicable,not_applicable,not_applicable,not_applicable,not_applicable,not_applicable,not_applicable,not_applicable,not_applicable,not_applicable,not_applicable,not_applicable,not_applicable,not_applicable,not_applicable,not_applicable,not_applicable,not_applicable,not_applicable,not_applicable,not_applicable,40,40,1.47460520298687e-14,40,40,1.47460520298687e-14,0,4384,0,0,0,11.1188031732717,not_applicable,not_applicable,not_applicable,not_applicable,not_applicable,not_applicable,not_applicable,not_applicable,10,0,PASS,0,0,0,0,0,not_applicable,not_applicable,not_applicable,not_applicable,not_applicable,not_applicable,12,configured_runtime_operating_point_reference,configured_reference_metadata,not_applicable,not_applicable,not_applicable,not_applicable,not_applicable,not_applicable,not_applicable,not_applicable,not_applicable,not_applicable,not_applicable,not_applicable,not_applicable,not_applicable,not_applicable,not_applicable,0,0,not_applicable,0,0,0,not_applicable,not_applicable,not_applicable,not_applicable,not_applicable,not_applicable,not_applicable,derive_from_ue_speed,scenario_resolved_metadata,0,not_applicable,0,not_applicable,not_applicable,not_applicable,not_applicable,not_applicable,0,not_applicable,not_applicable,not_applicable,0,not_applicable,not_applicable,not_applicable,not_applicable,not_applicable,not_applicable,not_applicable,not_applicable,not_applicable,0,not_applicable,0,not_applicable,not_applicable,not_applicable,0,not_applicable,"NCellID=1, SSBIdx=0, injected CFO=40 Hz, residual CFO=0 Hz",43,43,DL,DL,DL,PBCH_RECOVERY
DL,12,104729,1,1,not_applicable,not_applicable,not_applicable,not_applicable,not_applicable,not_applicable,CDL-D,11.1188031732717,1,not_applicable,not_applicable,not_applicable,1,not_applicable,not_applicable,not_applicable,not_applicable,not_applicable,not_applicable,not_applicable,not_applicable,not_applicable,not_applicable,not_applicable,not_applicable,not_applicable,not_applicable,not_applicable,not_applicable,not_applicable,not_applicable,not_applicable,not_applicable,not_applicable,not_applicable,not_applicable,not_applicable,not_applicable,not_applicable,not_applicable,not_applicable,not_applicable,not_applicable,not_applicable,0,0,0,0,not_applicable,not_applicable,not_applicable,not_applicable,not_applicable,not_applicable,not_applicable,not_applicable,not_applicable,not_applicable,not_applicable,not_applicable,not_applicable,not_applicable,not_applicable,not_applicable,not_applicable,not_applicable,not_applicable,not_applicable,not_applicable,not_applicable,not_applicable,4384,not_applicable,not_applicable,not_applicable,not_applicable,not_applicable,not_applicable,not_applicable,not_applicable,not_applicable,not_applicable,not_applicable,not_applicable,not_applicable,not_applicable,not_applicable,not_applicable,not_applicable,not_applicable,not_applicable,not_applicable,4054.9257,not_applicable,not_applicable,10,not_applicable,not_applicable,not_applicable,not_applicable,not_applicable,not_applicable,not_applicable,not_applicable,not_applicable,not_applicable,not_applicable,not_applicable,not_applicable,not_applicable,not_applicable,not_applicable,not_applicable,not_applicable,not_applicable,not_applicable,not_applicable,not_applicable,not_applicable,not_applicable,not_applicable,not_applicable,not_applicable,not_applicable,not_applicable,not_applicable,not_applicable,not_applicable,not_applicable,not_applicable,not_applicable,not_applicable,not_applicable,not_applicable,not_applicable,not_applicable,not_applicable,40,40,1.47460520298687e-14,40,40,1.47460520298687e-14,0,4384,0,0,0,11.1188031732717,not_applicable,not_applicable,not_applicable,not_applicable,not_applicable,not_applicable,not_applicable,not_applicable,10,0,PASS,0,0,0,0,0,not_applicable,not_applicable,not_applicable,not_applicable,not_applicable,not_applicable,12,configured_runtime_operating_point_reference,configured_reference_metadata,not_applicable,not_applicable,not_applicable,not_applicable,not_applicable,not_applicable,not_applicable,not_applicable,not_applicable,not_applicable,not_applicable,not_applicable,not_applicable,not_applicable,not_applicable,not_applicable,0,0,not_applicable,0,0,0,not_applicable,not_applicable,not_applicable,not_applicable,not_applicable,not_applicable,not_applicable,derive_from_ue_speed,scenario_resolved_metadata,0,not_applicable,0,not_applicable,not_applicable,not_applicable,not_applicable,not_applicable,0,not_applicable,not_applicable,not_applicable,0,not_applicable,not_applicable,not_applicable,not_applicable,not_applicable,not_applicable,not_applicable,not_applicable,not_applicable,0,not_applicable,0,not_applicable,not_applicable,not_applicable,0,not_applicable,"NCellID=1, SSBIdx=0, injected CFO=40 Hz, residual CFO=0 Hz",44,44,DL,DL,DL,PBCH_RECOVERY
DL,12,104729,1,1,not_applicable,not_applicable,not_applicable,not_applicable,not_applicable,not_applicable,CDL-D,11.1188031732717,1,not_applicable,not_applicable,not_applicable,1,not_applicable,not_applicable,not_applicable,not_applicable,not_applicable,not_applicable,not_applicable,not_applicable,not_applicable,not_applicable,not_applicable,not_applicable,not_applicable,not_applicable,not_applicable,not_applicable,not_applicable,not_applicable,not_applicable,not_applicable,not_applicable,not_applicable,not_applicable,not_applicable,not_applicable,not_applicable,not_applicable,not_applicable,not_applicable,not_applicable,not_applicable,0,0,0,0,not_applicable,not_applicable,not_applicable,not_applicable,not_applicable,not_applicable,not_applicable,not_applicable,not_applicable,not_applicable,not_applicable,not_applicable,not_applicable,not_applicable,not_applicable,not_applicable,not_applicable,not_applicable,not_applicable,not_applicable,not_applicable,not_applicable,not_applicable,4384,not_applicable,not_applicable,not_applicable,not_applicable,not_applicable,not_applicable,not_applicable,not_applicable,not_applicable,not_applicable,not_applicable,not_applicable,not_applicable,not_applicable,not_applicable,not_applicable,not_applicable,not_applicable,not_applicable,not_applicable,4054.9257,not_applicable,not_applicable,10,not_applicable,not_applicable,not_applicable,not_applicable,not_applicable,not_applicable,not_applicable,not_applicable,not_applicable,not_applicable,not_applicable,not_applicable,not_applicable,not_applicable,not_applicable,not_applicable,not_applicable,not_applicable,not_applicable,not_applicable,not_applicable,not_applicable,not_applicable,not_applicable,not_applicable,not_applicable,not_applicable,not_applicable,not_applicable,not_applicable,not_applicable,not_applicable,not_applicable,not_applicable,not_applicable,not_applicable,not_applicable,not_applicable,not_applicable,not_applicable,not_applicable,40,40,1.47460520298687e-14,40,40,1.47460520298687e-14,0,4384,0,0,0,11.1188031732717,not_applicable,not_applicable,not_applicable,not_applicable,not_applicable,not_applicable,not_applicable,not_applicable,10,0,PASS,0,0,0,0,0,not_applicable,not_applicable,not_applicable,not_applicable,not_applicable,not_applicable,12,configured_runtime_operating_point_reference,configured_reference_metadata,not_applicable,not_applicable,not_applicable,not_applicable,not_applicable,not_applicable,not_applicable,not_applicable,not_applicable,not_applicable,not_applicable,not_applicable,not_applicable,not_applicable,not_applicable,not_applicable,0,0,not_applicable,0,0,0,not_applicable,not_applicable,not_applicable,not_applicable,not_applicable,not_applicable,not_applicable,derive_from_ue_speed,scenario_resolved_metadata,0,not_applicable,0,not_applicable,not_applicable,not_applicable,not_applicable,not_applicable,0,not_applicable,not_applicable,not_applicable,0,not_applicable,not_applicable,not_applicable,not_applicable,not_applicable,not_applicable,not_applicable,not_applicable,not_applicable,0,not_applicable,0,not_applicable,not_applicable,not_applicable,0,not_applicable,"NCellID=1, SSBIdx=0, injected CFO=40 Hz, residual CFO=0 Hz",45,45,DL,DL,DL,PBCH_RECOVERY
DL,12,104729,1,1,not_applicable,not_applicable,not_applicable,not_applicable,not_applicable,not_applicable,CDL-D,11.1188031732717,1,not_applicable,not_applicable,not_applicable,1,not_applicable,not_applicable,not_applicable,not_applicable,not_applicable,not_applicable,not_applicable,not_applicable,not_applicable,not_applicable,not_applicable,not_applicable,not_applicable,not_applicable,not_applicable,not_applicable,not_applicable,not_applicable,not_applicable,not_applicable,not_applicable,not_applicable,not_applicable,not_applicable,not_applicable,not_applicable,not_applicable,not_applicable,not_applicable,not_applicable,not_applicable,0,0,0,0,not_applicable,not_applicable,not_applicable,not_applicable,not_applicable,not_applicable,not_applicable,not_applicable,not_applicable,not_applicable,not_applicable,not_applicable,not_applicable,not_applicable,not_applicable,not_applicable,not_applicable,not_applicable,not_applicable,not_applicable,not_applicable,not_applicable,not_applicable,4384,not_applicable,not_applicable,not_applicable,not_applicable,not_applicable,not_applicable,not_applicable,not_applicable,not_applicable,not_applicable,not_applicable,not_applicable,not_applicable,not_applicable,not_applicable,not_applicable,not_applicable,not_applicable,not_applicable,not_applicable,4054.9257,not_applicable,not_applicable,10,not_applicable,not_applicable,not_applicable,not_applicable,not_applicable,not_applicable,not_applicable,not_applicable,not_applicable,not_applicable,not_applicable,not_applicable,not_applicable,not_applicable,not_applicable,not_applicable,not_applicable,not_applicable,not_applicable,not_applicable,not_applicable,not_applicable,not_applicable,not_applicable,not_applicable,not_applicable,not_applicable,not_applicable,not_applicable,not_applicable,not_applicable,not_applicable,not_applicable,not_applicable,not_applicable,not_applicable,not_applicable,not_applicable,not_applicable,not_applicable,not_applicable,40,40,1.47460520298687e-14,40,40,1.47460520298687e-14,0,4384,0,0,0,11.1188031732717,not_applicable,not_applicable,not_applicable,not_applicable,not_applicable,not_applicable,not_applicable,not_applicable,10,0,PASS,0,0,0,0,0,not_applicable,not_applicable,not_applicable,not_applicable,not_applicable,not_applicable,12,configured_runtime_operating_point_reference,configured_reference_metadata,not_applicable,not_applicable,not_applicable,not_applicable,not_applicable,not_applicable,not_applicable,not_applicable,not_applicable,not_applicable,not_applicable,not_applicable,not_applicable,not_applicable,not_applicable,not_applicable,0,0,not_applicable,0,0,0,not_applicable,not_applicable,not_applicable,not_applicable,not_applicable,not_applicable,not_applicable,derive_from_ue_speed,scenario_resolved_metadata,0,not_applicable,0,not_applicable,not_applicable,not_applicable,not_applicable,not_applicable,0,not_applicable,not_applicable,not_applicable,0,not_applicable,not_applicable,not_applicable,not_applicable,not_applicable,not_applicable,not_applicable,not_applicable,not_applicable,0,not_applicable,0,not_applicable,not_applicable,not_applicable,0,not_applicable,"NCellID=1, SSBIdx=0, injected CFO=40 Hz, residual CFO=0 Hz",46,46,DL,DL,DL,PBCH_RECOVERY
DL,12,104729,1,1,not_applicable,not_applicable,not_applicable,not_applicable,not_applicable,not_applicable,CDL-D,11.1188031732717,1,not_applicable,not_applicable,not_applicable,1,not_applicable,not_applicable,not_applicable,not_applicable,not_applicable,not_applicable,not_applicable,not_applicable,not_applicable,not_applicable,not_applicable,not_applicable,not_applicable,not_applicable,not_applicable,not_applicable,not_applicable,not_applicable,not_applicable,not_applicable,not_applicable,not_applicable,not_applicable,not_applicable,not_applicable,not_applicable,not_applicable,not_applicable,not_applicable,not_applicable,not_applicable,0,0,0,0,not_applicable,not_applicable,not_applicable,not_applicable,not_applicable,not_applicable,not_applicable,not_applicable,not_applicable,not_applicable,not_applicable,not_applicable,not_applicable,not_applicable,not_applicable,not_applicable,not_applicable,not_applicable,not_applicable,not_applicable,not_applicable,not_applicable,not_applicable,4384,not_applicable,not_applicable,not_applicable,not_applicable,not_applicable,not_applicable,not_applicable,not_applicable,not_applicable,not_applicable,not_applicable,not_applicable,not_applicable,not_applicable,not_applicable,not_applicable,not_applicable,not_applicable,not_applicable,not_applicable,4054.9257,not_applicable,not_applicable,10,not_applicable,not_applicable,not_applicable,not_applicable,not_applicable,not_applicable,not_applicable,not_applicable,not_applicable,not_applicable,not_applicable,not_applicable,not_applicable,not_applicable,not_applicable,not_applicable,not_applicable,not_applicable,not_applicable,not_applicable,not_applicable,not_applicable,not_applicable,not_applicable,not_applicable,not_applicable,not_applicable,not_applicable,not_applicable,not_applicable,not_applicable,not_applicable,not_applicable,not_applicable,not_applicable,not_applicable,not_applicable,not_applicable,not_applicable,not_applicable,not_applicable,40,40,1.47460520298687e-14,40,40,1.47460520298687e-14,0,4384,0,0,0,11.1188031732717,not_applicable,not_applicable,not_applicable,not_applicable,not_applicable,not_applicable,not_applicable,not_applicable,10,0,PASS,0,0,0,0,0,not_applicable,not_applicable,not_applicable,not_applicable,not_applicable,not_applicable,12,configured_runtime_operating_point_reference,configured_reference_metadata,not_applicable,not_applicable,not_applicable,not_applicable,not_applicable,not_applicable,not_applicable,not_applicable,not_applicable,not_applicable,not_applicable,not_applicable,not_applicable,not_applicable,not_applicable,not_applicable,0,0,not_applicable,0,0,0,not_applicable,not_applicable,not_applicable,not_applicable,not_applicable,not_applicable,not_applicable,derive_from_ue_speed,scenario_resolved_metadata,0,not_applicable,0,not_applicable,not_applicable,not_applicable,not_applicable,not_applicable,0,not_applicable,not_applicable,not_applicable,0,not_applicable,not_applicable,not_applicable,not_applicable,not_applicable,not_applicable,not_applicable,not_applicable,not_applicable,0,not_applicable,0,not_applicable,not_applicable,not_applicable,0,not_applicable,"NCellID=1, SSBIdx=0, injected CFO=40 Hz, residual CFO=0 Hz",47,47,DL,DL,DL,PBCH_RECOVERY
DL,12,104729,1,1,not_applicable,not_applicable,not_applicable,not_applicable,not_applicable,not_applicable,CDL-D,11.1188031732717,1,not_applicable,not_applicable,not_applicable,1,not_applicable,not_applicable,not_applicable,not_applicable,not_applicable,not_applicable,not_applicable,not_applicable,not_applicable,not_applicable,not_applicable,not_applicable,not_applicable,not_applicable,not_applicable,not_applicable,not_applicable,not_applicable,not_applicable,not_applicable,not_applicable,not_applicable,not_applicable,not_applicable,not_applicable,not_applicable,not_applicable,not_applicable,not_applicable,not_applicable,not_applicable,0,0,0,0,not_applicable,not_applicable,not_applicable,not_applicable,not_applicable,not_applicable,not_applicable,not_applicable,not_applicable,not_applicable,not_applicable,not_applicable,not_applicable,not_applicable,not_applicable,not_applicable,not_applicable,not_applicable,not_applicable,not_applicable,not_applicable,not_applicable,not_applicable,4384,not_applicable,not_applicable,not_applicable,not_applicable,not_applicable,not_applicable,not_applicable,not_applicable,not_applicable,not_applicable,not_applicable,not_applicable,not_applicable,not_applicable,not_applicable,not_applicable,not_applicable,not_applicable,not_applicable,not_applicable,4054.9257,not_applicable,not_applicable,10,not_applicable,not_applicable,not_applicable,not_applicable,not_applicable,not_applicable,not_applicable,not_applicable,not_applicable,not_applicable,not_applicable,not_applicable,not_applicable,not_applicable,not_applicable,not_applicable,not_applicable,not_applicable,not_applicable,not_applicable,not_applicable,not_applicable,not_applicable,not_applicable,not_applicable,not_applicable,not_applicable,not_applicable,not_applicable,not_applicable,not_applicable,not_applicable,not_applicable,not_applicable,not_applicable,not_applicable,not_applicable,not_applicable,not_applicable,not_applicable,not_applicable,40,40,1.47460520298687e-14,40,40,1.47460520298687e-14,0,4384,0,0,0,11.1188031732717,not_applicable,not_applicable,not_applicable,not_applicable,not_applicable,not_applicable,not_applicable,not_applicable,10,0,PASS,0,0,0,0,0,not_applicable,not_applicable,not_applicable,not_applicable,not_applicable,not_applicable,12,configured_runtime_operating_point_reference,configured_reference_metadata,not_applicable,not_applicable,not_applicable,not_applicable,not_applicable,not_applicable,not_applicable,not_applicable,not_applicable,not_applicable,not_applicable,not_applicable,not_applicable,not_applicable,not_applicable,not_applicable,0,0,not_applicable,0,0,0,not_applicable,not_applicable,not_applicable,not_applicable,not_applicable,not_applicable,not_applicable,derive_from_ue_speed,scenario_resolved_metadata,0,not_applicable,0,not_applicable,not_applicable,not_applicable,not_applicable,not_applicable,0,not_applicable,not_applicable,not_applicable,0,not_applicable,not_applicable,not_applicable,not_applicable,not_applicable,not_applicable,not_applicable,not_applicable,not_applicable,0,not_applicable,0,not_applicable,not_applicable,not_applicable,0,not_applicable,"NCellID=1, SSBIdx=0, injected CFO=40 Hz, residual CFO=0 Hz",48,48,DL,DL,DL,PBCH_RECOVERY
DL,12,104729,1,1,not_applicable,not_applicable,not_applicable,not_applicable,not_applicable,not_applicable,CDL-D,11.1188031732717,1,not_applicable,not_applicable,not_applicable,1,not_applicable,not_applicable,not_applicable,not_applicable,not_applicable,not_applicable,not_applicable,not_applicable,not_applicable,not_applicable,not_applicable,not_applicable,not_applicable,not_applicable,not_applicable,not_applicable,not_applicable,not_applicable,not_applicable,not_applicable,not_applicable,not_applicable,not_applicable,not_applicable,not_applicable,not_applicable,not_applicable,not_applicable,not_applicable,not_applicable,not_applicable,0,0,0,0,not_applicable,not_applicable,not_applicable,not_applicable,not_applicable,not_applicable,not_applicable,not_applicable,not_applicable,not_applicable,not_applicable,not_applicable,not_applicable,not_applicable,not_applicable,not_applicable,not_applicable,not_applicable,not_applicable,not_applicable,not_applicable,not_applicable,not_applicable,4384,not_applicable,not_applicable,not_applicable,not_applicable,not_applicable,not_applicable,not_applicable,not_applicable,not_applicable,not_applicable,not_applicable,not_applicable,not_applicable,not_applicable,not_applicable,not_applicable,not_applicable,not_applicable,not_applicable,not_applicable,4054.9257,not_applicable,not_applicable,10,not_applicable,not_applicable,not_applicable,not_applicable,not_applicable,not_applicable,not_applicable,not_applicable,not_applicable,not_applicable,not_applicable,not_applicable,not_applicable,not_applicable,not_applicable,not_applicable,not_applicable,not_applicable,not_applicable,not_applicable,not_applicable,not_applicable,not_applicable,not_applicable,not_applicable,not_applicable,not_applicable,not_applicable,not_applicable,not_applicable,not_applicable,not_applicable,not_applicable,not_applicable,not_applicable,not_applicable,not_applicable,not_applicable,not_applicable,not_applicable,not_applicable,40,40,1.47460520298687e-14,40,40,1.47460520298687e-14,0,4384,0,0,0,11.1188031732717,not_applicable,not_applicable,not_applicable,not_applicable,not_applicable,not_applicable,not_applicable,not_applicable,10,0,PASS,0,0,0,0,0,not_applicable,not_applicable,not_applicable,not_applicable,not_applicable,not_applicable,12,configured_runtime_operating_point_reference,configured_reference_metadata,not_applicable,not_applicable,not_applicable,not_applicable,not_applicable,not_applicable,not_applicable,not_applicable,not_applicable,not_applicable,not_applicable,not_applicable,not_applicable,not_applicable,not_applicable,not_applicable,0,0,not_applicable,0,0,0,not_applicable,not_applicable,not_applicable,not_applicable,not_applicable,not_applicable,not_applicable,derive_from_ue_speed,scenario_resolved_metadata,0,not_applicable,0,not_applicable,not_applicable,not_applicable,not_applicable,not_applicable,0,not_applicable,not_applicable,not_applicable,0,not_applicable,not_applicable,not_applicable,not_applicable,not_applicable,not_applicable,not_applicable,not_applicable,not_applicable,0,not_applicable,0,not_applicable,not_applicable,not_applicable,0,not_applicable,"NCellID=1, SSBIdx=0, injected CFO=40 Hz, residual CFO=0 Hz",49,49,DL,DL,DL,PBCH_RECOVERY
DL,12,104729,1,1,not_applicable,not_applicable,not_applicable,not_applicable,not_applicable,not_applicable,CDL-D,11.1188031732717,1,not_applicable,not_applicable,not_applicable,1,not_applicable,not_applicable,not_applicable,not_applicable,not_applicable,not_applicable,not_applicable,not_applicable,not_applicable,not_applicable,not_applicable,not_applicable,not_applicable,not_applicable,not_applicable,not_applicable,not_applicable,not_applicable,not_applicable,not_applicable,not_applicable,not_applicable,not_applicable,not_applicable,not_applicable,not_applicable,not_applicable,not_applicable,not_applicable,not_applicable,not_applicable,0,0,0,0,not_applicable,not_applicable,not_applicable,not_applicable,not_applicable,not_applicable,not_applicable,not_applicable,not_applicable,not_applicable,not_applicable,not_applicable,not_applicable,not_applicable,not_applicable,not_applicable,not_applicable,not_applicable,not_applicable,not_applicable,not_applicable,not_applicable,not_applicable,4384,not_applicable,not_applicable,not_applicable,not_applicable,not_applicable,not_applicable,not_applicable,not_applicable,not_applicable,not_applicable,not_applicable,not_applicable,not_applicable,not_applicable,not_applicable,not_applicable,not_applicable,not_applicable,not_applicable,not_applicable,4054.9257,not_applicable,not_applicable,10,not_applicable,not_applicable,not_applicable,not_applicable,not_applicable,not_applicable,not_applicable,not_applicable,not_applicable,not_applicable,not_applicable,not_applicable,not_applicable,not_applicable,not_applicable,not_applicable,not_applicable,not_applicable,not_applicable,not_applicable,not_applicable,not_applicable,not_applicable,not_applicable,not_applicable,not_applicable,not_applicable,not_applicable,not_applicable,not_applicable,not_applicable,not_applicable,not_applicable,not_applicable,not_applicable,not_applicable,not_applicable,not_applicable,not_applicable,not_applicable,not_applicable,40,40,1.47460520298687e-14,40,40,1.47460520298687e-14,0,4384,0,0,0,11.1188031732717,not_applicable,not_applicable,not_applicable,not_applicable,not_applicable,not_applicable,not_applicable,not_applicable,10,0,PASS,0,0,0,0,0,not_applicable,not_applicable,not_applicable,not_applicable,not_applicable,not_applicable,12,configured_runtime_operating_point_reference,configured_reference_metadata,not_applicable,not_applicable,not_applicable,not_applicable,not_applicable,not_applicable,not_applicable,not_applicable,not_applicable,not_applicable,not_applicable,not_applicable,not_applicable,not_applicable,not_applicable,not_applicable,0,0,not_applicable,0,0,0,not_applicable,not_applicable,not_applicable,not_applicable,not_applicable,not_applicable,not_applicable,derive_from_ue_speed,scenario_resolved_metadata,0,not_applicable,0,not_applicable,not_applicable,not_applicable,not_applicable,not_applicable,0,not_applicable,not_applicable,not_applicable,0,not_applicable,not_applicable,not_applicable,not_applicable,not_applicable,not_applicable,not_applicable,not_applicable,not_applicable,0,not_applicable,0,not_applicable,not_applicable,not_applicable,0,not_applicable,"NCellID=1, SSBIdx=0, injected CFO=40 Hz, residual CFO=0 Hz",50,50,DL,DL,DL,PBCH_RECOVERY
