Direction,FeedbackForDirection,Frame,Slot,ScheduledAbsoluteSlot,SourceSlot,UEIndex,UEID,RNTI,ServingCell,BaseStationID,HarqID,TBSBits,ExpectedAck,ObservedAck,CurrentDecodeOK,CombinedDecodeOK,UCIBitCount,UCIType,PUCCHGrantId,PUCCHGrantSource,PUCCHGrantState,GrantScheduledFlag,GrantExecutedFlag,RequestedFormat,ResolvedFormat,FormatAdaptationReason,PUCCHResourceId,PUCCHPRBStart,PUCCHPRBCount,PUCCHSymbolStart,PUCCHNumSymbols,ControlResourceSource,ControlResourceValidity,ConfiguredSNR_dB,AppliedAWGNSNR_dB,ChannelModel,DopplerHz,TimingEstimateUsed,UseIdealTimingSync,InterferenceMode,InterferenceContributorCount,InterferenceAggregatedRxPower_dBm,InterferencePowerSource,FullInterfererChannelTruthUsed,BitsCompared,BitErrors,DetectionMetric,PUCCHDecodeOk,UCIContentMatch,RuntimeStateUpdated,RuntimeStateConsumer,ControlStateChanged,StateChangeApplied,ControlStateChangeDefinition,Status,Crash,CrashSource,CrashMessage,Notes,SignalFamily,SourceClassification,RuntimeMaterializationStatus,ControlGatingEffect,RuntimeConsumer,DecodeSuccess,SuccessFlag,FailureFlag,ControlObservationAvailable,ValueSource,ValueRole,ValueStatus,ValueDefinition,FinalizedFlag,PlaceholderFlag,FallbackFlag,NAReason,RunID,RunUUID,RunTag,ScenarioID,ConfigHash,SourceArtifact,SourceTable,ArtifactClass,SemanticState,direction,frame,slot,cell_id,ue_id,rnti,timestamp_sim_ms,runtime_row_index,runtime_evidence,runtime_evidence_source,output_family_materialization,run_id,run_tag,scenario_id,scenario_variant_id,config_hash,code_commit,seed,drop_id,symbol,site_id,sector_id,bwp_id,carrier_id,beam_id,layer_id,stream_id,harq_id,block_id,pipeline_id,producer_module,status_code,status_classification,source_artifact_ref,source_tensor_ref,derived_flag,active_flag
"UL","DL",1,11,11,7,3,3,3,1,1,0,2024,1,0,1,1,1,"harq_ack","pucchgrant:fbdir=DL:due=11:src=7:ue=3:rnti=3:harq=0:cell=1","runtime_harq_feedback_due_scheduler","scheduled_pending_execution",1,0,2,1,"uci_payload_size_demoted_to_short_format","pucch:cell=1:slot=11:rnti=3:reqfmt=2:resfmt=1:prb=2:1:sym=10:4",2,1,10,4,"runtime_deterministic_pucch_resource_assignment",1,12,"not_applicable","not_applicable","not_applicable",0,0,"full_per_link_channel_waveform_sum",0,"not_applicable","not_applicable",0,"not_applicable","not_applicable","not_applicable",0,0,0,"pending_feedback_due_slot",0,0,"harq_feedback_consumed_by_runtime_harq_and_scheduler","PENDING",0,"not_applicable","not_applicable","Explicit runtime PUCCH grant/resource object scheduled from HARQ feedback timing.","PUCCH","active_but_simplified","active_scheduled_pending_feedback_due_not_reached","harq_feedback_resource_grant_and_state_update_when_due","pending_feedback_due_slot",0,0,0,0,"runtime_pucch_grant_trace","explicit_pucch_grant_and_feedback_runtime_state","available_runtime_grant_state","canonical PUCCH grant/resource row; waveform decode fields become available only after the feedback due slot is processed",0,0,0,"feedback_due_slot_not_reached_in_this_bounded_run",1,"ac5aaa60-f202-419a-8426-02227c779291","webgui_rel20_4ghz_100mhz_5gnb_50ue_10slot_20260417_170900","lls_3gpp_rel20_anchor_4ghz_100mhz_waveform_honest_5gnb_50ue_10slot","a1a414876cde1a5883e2a2ab610e6603ef434ebb5b0a934bfcb8df1260a73d7c","packet_flow/csv/live_pucch_grants.csv","packet_flow/csv/live_pucch_grants.csv","canonical_control_reference_signal_runtime_evidence","runtime_populated","UL",1,11,1,3,3,NaN,1,"persisted_runtime_pucch_grant_row","packet_flow/csv/live_pucch_grants.csv","runtime_grant_backed_mirror",1,"webgui_rel20_4ghz_100mhz_5gnb_50ue_10slot_20260417_170900","lls_3gpp_rel20_anchor_4ghz_100mhz_waveform_honest_5gnb_50ue_10slot","lls_3gpp_rel20_anchor_4ghz_100mhz_waveform_honest_5gnb_50ue_10slot","a1a414876cde1a5883e2a2ab610e6603ef434ebb5b0a934bfcb8df1260a73d7c","2756cfb",104729,NaN,NaN,NaN,NaN,NaN,NaN,NaN,NaN,NaN,NaN,"not_applicable","not_applicable","sixgr.truth.exportControlPlaneTraces","implemented","runtime_control_grant_rows","packet_flow/csv/live_pucch_grants.csv","not_applicable",0,1
"UL","DL",1,11,11,7,5,5,5,1,1,0,2024,1,0,1,1,1,"harq_ack","pucchgrant:fbdir=DL:due=11:src=7:ue=5:rnti=5:harq=0:cell=1","runtime_harq_feedback_due_scheduler","scheduled_pending_execution",1,0,2,1,"uci_payload_size_demoted_to_short_format","pucch:cell=1:slot=11:rnti=5:reqfmt=2:resfmt=1:prb=4:1:sym=10:4",4,1,10,4,"runtime_deterministic_pucch_resource_assignment",1,12,"not_applicable","not_applicable","not_applicable",0,0,"full_per_link_channel_waveform_sum",0,"not_applicable","not_applicable",0,"not_applicable","not_applicable","not_applicable",0,0,0,"pending_feedback_due_slot",0,0,"harq_feedback_consumed_by_runtime_harq_and_scheduler","PENDING",0,"not_applicable","not_applicable","Explicit runtime PUCCH grant/resource object scheduled from HARQ feedback timing.","PUCCH","active_but_simplified","active_scheduled_pending_feedback_due_not_reached","harq_feedback_resource_grant_and_state_update_when_due","pending_feedback_due_slot",0,0,0,0,"runtime_pucch_grant_trace","explicit_pucch_grant_and_feedback_runtime_state","available_runtime_grant_state","canonical PUCCH grant/resource row; waveform decode fields become available only after the feedback due slot is processed",0,0,0,"feedback_due_slot_not_reached_in_this_bounded_run",1,"ac5aaa60-f202-419a-8426-02227c779291","webgui_rel20_4ghz_100mhz_5gnb_50ue_10slot_20260417_170900","lls_3gpp_rel20_anchor_4ghz_100mhz_waveform_honest_5gnb_50ue_10slot","a1a414876cde1a5883e2a2ab610e6603ef434ebb5b0a934bfcb8df1260a73d7c","packet_flow/csv/live_pucch_grants.csv","packet_flow/csv/live_pucch_grants.csv","canonical_control_reference_signal_runtime_evidence","runtime_populated","UL",1,11,1,5,5,NaN,2,"persisted_runtime_pucch_grant_row","packet_flow/csv/live_pucch_grants.csv","runtime_grant_backed_mirror",1,"webgui_rel20_4ghz_100mhz_5gnb_50ue_10slot_20260417_170900","lls_3gpp_rel20_anchor_4ghz_100mhz_waveform_honest_5gnb_50ue_10slot","lls_3gpp_rel20_anchor_4ghz_100mhz_waveform_honest_5gnb_50ue_10slot","a1a414876cde1a5883e2a2ab610e6603ef434ebb5b0a934bfcb8df1260a73d7c","2756cfb",104729,NaN,NaN,NaN,NaN,NaN,NaN,NaN,NaN,NaN,NaN,"not_applicable","not_applicable","sixgr.truth.exportControlPlaneTraces","implemented","runtime_control_grant_rows","packet_flow/csv/live_pucch_grants.csv","not_applicable",0,1
"UL","DL",1,11,11,7,7,7,7,1,1,0,2024,1,0,1,1,1,"harq_ack","pucchgrant:fbdir=DL:due=11:src=7:ue=7:rnti=7:harq=0:cell=1","runtime_harq_feedback_due_scheduler","scheduled_pending_execution",1,0,2,1,"uci_payload_size_demoted_to_short_format","pucch:cell=1:slot=11:rnti=7:reqfmt=2:resfmt=1:prb=6:1:sym=10:4",6,1,10,4,"runtime_deterministic_pucch_resource_assignment",1,12,"not_applicable","not_applicable","not_applicable",0,0,"full_per_link_channel_waveform_sum",0,"not_applicable","not_applicable",0,"not_applicable","not_applicable","not_applicable",0,0,0,"pending_feedback_due_slot",0,0,"harq_feedback_consumed_by_runtime_harq_and_scheduler","PENDING",0,"not_applicable","not_applicable","Explicit runtime PUCCH grant/resource object scheduled from HARQ feedback timing.","PUCCH","active_but_simplified","active_scheduled_pending_feedback_due_not_reached","harq_feedback_resource_grant_and_state_update_when_due","pending_feedback_due_slot",0,0,0,0,"runtime_pucch_grant_trace","explicit_pucch_grant_and_feedback_runtime_state","available_runtime_grant_state","canonical PUCCH grant/resource row; waveform decode fields become available only after the feedback due slot is processed",0,0,0,"feedback_due_slot_not_reached_in_this_bounded_run",1,"ac5aaa60-f202-419a-8426-02227c779291","webgui_rel20_4ghz_100mhz_5gnb_50ue_10slot_20260417_170900","lls_3gpp_rel20_anchor_4ghz_100mhz_waveform_honest_5gnb_50ue_10slot","a1a414876cde1a5883e2a2ab610e6603ef434ebb5b0a934bfcb8df1260a73d7c","packet_flow/csv/live_pucch_grants.csv","packet_flow/csv/live_pucch_grants.csv","canonical_control_reference_signal_runtime_evidence","runtime_populated","UL",1,11,1,7,7,NaN,3,"persisted_runtime_pucch_grant_row","packet_flow/csv/live_pucch_grants.csv","runtime_grant_backed_mirror",1,"webgui_rel20_4ghz_100mhz_5gnb_50ue_10slot_20260417_170900","lls_3gpp_rel20_anchor_4ghz_100mhz_waveform_honest_5gnb_50ue_10slot","lls_3gpp_rel20_anchor_4ghz_100mhz_waveform_honest_5gnb_50ue_10slot","a1a414876cde1a5883e2a2ab610e6603ef434ebb5b0a934bfcb8df1260a73d7c","2756cfb",104729,NaN,NaN,NaN,NaN,NaN,NaN,NaN,NaN,NaN,NaN,"not_applicable","not_applicable","sixgr.truth.exportControlPlaneTraces","implemented","runtime_control_grant_rows","packet_flow/csv/live_pucch_grants.csv","not_applicable",0,1
"UL","DL",1,11,11,7,9,9,9,1,1,0,2024,1,0,1,1,1,"harq_ack","pucchgrant:fbdir=DL:due=11:src=7:ue=9:rnti=9:harq=0:cell=1","runtime_harq_feedback_due_scheduler","scheduled_pending_execution",1,0,2,1,"uci_payload_size_demoted_to_short_format","pucch:cell=1:slot=11:rnti=9:reqfmt=2:resfmt=1:prb=8:1:sym=10:4",8,1,10,4,"runtime_deterministic_pucch_resource_assignment",1,12,"not_applicable","not_applicable","not_applicable",0,0,"full_per_link_channel_waveform_sum",0,"not_applicable","not_applicable",0,"not_applicable","not_applicable","not_applicable",0,0,0,"pending_feedback_due_slot",0,0,"harq_feedback_consumed_by_runtime_harq_and_scheduler","PENDING",0,"not_applicable","not_applicable","Explicit runtime PUCCH grant/resource object scheduled from HARQ feedback timing.","PUCCH","active_but_simplified","active_scheduled_pending_feedback_due_not_reached","harq_feedback_resource_grant_and_state_update_when_due","pending_feedback_due_slot",0,0,0,0,"runtime_pucch_grant_trace","explicit_pucch_grant_and_feedback_runtime_state","available_runtime_grant_state","canonical PUCCH grant/resource row; waveform decode fields become available only after the feedback due slot is processed",0,0,0,"feedback_due_slot_not_reached_in_this_bounded_run",1,"ac5aaa60-f202-419a-8426-02227c779291","webgui_rel20_4ghz_100mhz_5gnb_50ue_10slot_20260417_170900","lls_3gpp_rel20_anchor_4ghz_100mhz_waveform_honest_5gnb_50ue_10slot","a1a414876cde1a5883e2a2ab610e6603ef434ebb5b0a934bfcb8df1260a73d7c","packet_flow/csv/live_pucch_grants.csv","packet_flow/csv/live_pucch_grants.csv","canonical_control_reference_signal_runtime_evidence","runtime_populated","UL",1,11,1,9,9,NaN,4,"persisted_runtime_pucch_grant_row","packet_flow/csv/live_pucch_grants.csv","runtime_grant_backed_mirror",1,"webgui_rel20_4ghz_100mhz_5gnb_50ue_10slot_20260417_170900","lls_3gpp_rel20_anchor_4ghz_100mhz_waveform_honest_5gnb_50ue_10slot","lls_3gpp_rel20_anchor_4ghz_100mhz_waveform_honest_5gnb_50ue_10slot","a1a414876cde1a5883e2a2ab610e6603ef434ebb5b0a934bfcb8df1260a73d7c","2756cfb",104729,NaN,NaN,NaN,NaN,NaN,NaN,NaN,NaN,NaN,NaN,"not_applicable","not_applicable","sixgr.truth.exportControlPlaneTraces","implemented","runtime_control_grant_rows","packet_flow/csv/live_pucch_grants.csv","not_applicable",0,1
"UL","DL",1,11,11,7,14,14,14,1,1,0,2024,1,0,1,1,1,"harq_ack","pucchgrant:fbdir=DL:due=11:src=7:ue=14:rnti=14:harq=0:cell=1","runtime_harq_feedback_due_scheduler","scheduled_pending_execution",1,0,2,1,"uci_payload_size_demoted_to_short_format","pucch:cell=1:slot=11:rnti=14:reqfmt=2:resfmt=1:prb=13:1:sym=10:4",13,1,10,4,"runtime_deterministic_pucch_resource_assignment",1,12,"not_applicable","not_applicable","not_applicable",0,0,"full_per_link_channel_waveform_sum",0,"not_applicable","not_applicable",0,"not_applicable","not_applicable","not_applicable",0,0,0,"pending_feedback_due_slot",0,0,"harq_feedback_consumed_by_runtime_harq_and_scheduler","PENDING",0,"not_applicable","not_applicable","Explicit runtime PUCCH grant/resource object scheduled from HARQ feedback timing.","PUCCH","active_but_simplified","active_scheduled_pending_feedback_due_not_reached","harq_feedback_resource_grant_and_state_update_when_due","pending_feedback_due_slot",0,0,0,0,"runtime_pucch_grant_trace","explicit_pucch_grant_and_feedback_runtime_state","available_runtime_grant_state","canonical PUCCH grant/resource row; waveform decode fields become available only after the feedback due slot is processed",0,0,0,"feedback_due_slot_not_reached_in_this_bounded_run",1,"ac5aaa60-f202-419a-8426-02227c779291","webgui_rel20_4ghz_100mhz_5gnb_50ue_10slot_20260417_170900","lls_3gpp_rel20_anchor_4ghz_100mhz_waveform_honest_5gnb_50ue_10slot","a1a414876cde1a5883e2a2ab610e6603ef434ebb5b0a934bfcb8df1260a73d7c","packet_flow/csv/live_pucch_grants.csv","packet_flow/csv/live_pucch_grants.csv","canonical_control_reference_signal_runtime_evidence","runtime_populated","UL",1,11,1,14,14,NaN,5,"persisted_runtime_pucch_grant_row","packet_flow/csv/live_pucch_grants.csv","runtime_grant_backed_mirror",1,"webgui_rel20_4ghz_100mhz_5gnb_50ue_10slot_20260417_170900","lls_3gpp_rel20_anchor_4ghz_100mhz_waveform_honest_5gnb_50ue_10slot","lls_3gpp_rel20_anchor_4ghz_100mhz_waveform_honest_5gnb_50ue_10slot","a1a414876cde1a5883e2a2ab610e6603ef434ebb5b0a934bfcb8df1260a73d7c","2756cfb",104729,NaN,NaN,NaN,NaN,NaN,NaN,NaN,NaN,NaN,NaN,"not_applicable","not_applicable","sixgr.truth.exportControlPlaneTraces","implemented","runtime_control_grant_rows","packet_flow/csv/live_pucch_grants.csv","not_applicable",0,1
"UL","DL",1,11,11,7,19,19,19,1,1,0,2024,1,0,1,1,1,"harq_ack","pucchgrant:fbdir=DL:due=11:src=7:ue=19:rnti=19:harq=0:cell=1","runtime_harq_feedback_due_scheduler","scheduled_pending_execution",1,0,2,1,"uci_payload_size_demoted_to_short_format","pucch:cell=1:slot=11:rnti=19:reqfmt=2:resfmt=1:prb=18:1:sym=10:4",18,1,10,4,"runtime_deterministic_pucch_resource_assignment",1,12,"not_applicable","not_applicable","not_applicable",0,0,"full_per_link_channel_waveform_sum",0,"not_applicable","not_applicable",0,"not_applicable","not_applicable","not_applicable",0,0,0,"pending_feedback_due_slot",0,0,"harq_feedback_consumed_by_runtime_harq_and_scheduler","PENDING",0,"not_applicable","not_applicable","Explicit runtime PUCCH grant/resource object scheduled from HARQ feedback timing.","PUCCH","active_but_simplified","active_scheduled_pending_feedback_due_not_reached","harq_feedback_resource_grant_and_state_update_when_due","pending_feedback_due_slot",0,0,0,0,"runtime_pucch_grant_trace","explicit_pucch_grant_and_feedback_runtime_state","available_runtime_grant_state","canonical PUCCH grant/resource row; waveform decode fields become available only after the feedback due slot is processed",0,0,0,"feedback_due_slot_not_reached_in_this_bounded_run",1,"ac5aaa60-f202-419a-8426-02227c779291","webgui_rel20_4ghz_100mhz_5gnb_50ue_10slot_20260417_170900","lls_3gpp_rel20_anchor_4ghz_100mhz_waveform_honest_5gnb_50ue_10slot","a1a414876cde1a5883e2a2ab610e6603ef434ebb5b0a934bfcb8df1260a73d7c","packet_flow/csv/live_pucch_grants.csv","packet_flow/csv/live_pucch_grants.csv","canonical_control_reference_signal_runtime_evidence","runtime_populated","UL",1,11,1,19,19,NaN,6,"persisted_runtime_pucch_grant_row","packet_flow/csv/live_pucch_grants.csv","runtime_grant_backed_mirror",1,"webgui_rel20_4ghz_100mhz_5gnb_50ue_10slot_20260417_170900","lls_3gpp_rel20_anchor_4ghz_100mhz_waveform_honest_5gnb_50ue_10slot","lls_3gpp_rel20_anchor_4ghz_100mhz_waveform_honest_5gnb_50ue_10slot","a1a414876cde1a5883e2a2ab610e6603ef434ebb5b0a934bfcb8df1260a73d7c","2756cfb",104729,NaN,NaN,NaN,NaN,NaN,NaN,NaN,NaN,NaN,NaN,"not_applicable","not_applicable","sixgr.truth.exportControlPlaneTraces","implemented","runtime_control_grant_rows","packet_flow/csv/live_pucch_grants.csv","not_applicable",0,1
"UL","DL",1,11,11,7,26,26,26,1,1,0,2024,1,0,1,1,1,"harq_ack","pucchgrant:fbdir=DL:due=11:src=7:ue=26:rnti=26:harq=0:cell=1","runtime_harq_feedback_due_scheduler","scheduled_pending_execution",1,0,2,1,"uci_payload_size_demoted_to_short_format","pucch:cell=1:slot=11:rnti=26:reqfmt=2:resfmt=1:prb=25:1:sym=10:4",25,1,10,4,"runtime_deterministic_pucch_resource_assignment",1,12,"not_applicable","not_applicable","not_applicable",0,0,"full_per_link_channel_waveform_sum",0,"not_applicable","not_applicable",0,"not_applicable","not_applicable","not_applicable",0,0,0,"pending_feedback_due_slot",0,0,"harq_feedback_consumed_by_runtime_harq_and_scheduler","PENDING",0,"not_applicable","not_applicable","Explicit runtime PUCCH grant/resource object scheduled from HARQ feedback timing.","PUCCH","active_but_simplified","active_scheduled_pending_feedback_due_not_reached","harq_feedback_resource_grant_and_state_update_when_due","pending_feedback_due_slot",0,0,0,0,"runtime_pucch_grant_trace","explicit_pucch_grant_and_feedback_runtime_state","available_runtime_grant_state","canonical PUCCH grant/resource row; waveform decode fields become available only after the feedback due slot is processed",0,0,0,"feedback_due_slot_not_reached_in_this_bounded_run",1,"ac5aaa60-f202-419a-8426-02227c779291","webgui_rel20_4ghz_100mhz_5gnb_50ue_10slot_20260417_170900","lls_3gpp_rel20_anchor_4ghz_100mhz_waveform_honest_5gnb_50ue_10slot","a1a414876cde1a5883e2a2ab610e6603ef434ebb5b0a934bfcb8df1260a73d7c","packet_flow/csv/live_pucch_grants.csv","packet_flow/csv/live_pucch_grants.csv","canonical_control_reference_signal_runtime_evidence","runtime_populated","UL",1,11,1,26,26,NaN,7,"persisted_runtime_pucch_grant_row","packet_flow/csv/live_pucch_grants.csv","runtime_grant_backed_mirror",1,"webgui_rel20_4ghz_100mhz_5gnb_50ue_10slot_20260417_170900","lls_3gpp_rel20_anchor_4ghz_100mhz_waveform_honest_5gnb_50ue_10slot","lls_3gpp_rel20_anchor_4ghz_100mhz_waveform_honest_5gnb_50ue_10slot","a1a414876cde1a5883e2a2ab610e6603ef434ebb5b0a934bfcb8df1260a73d7c","2756cfb",104729,NaN,NaN,NaN,NaN,NaN,NaN,NaN,NaN,NaN,NaN,"not_applicable","not_applicable","sixgr.truth.exportControlPlaneTraces","implemented","runtime_control_grant_rows","packet_flow/csv/live_pucch_grants.csv","not_applicable",0,1
"UL","DL",1,11,11,7,27,27,27,1,1,0,2024,1,0,1,1,1,"harq_ack","pucchgrant:fbdir=DL:due=11:src=7:ue=27:rnti=27:harq=0:cell=1","runtime_harq_feedback_due_scheduler","scheduled_pending_execution",1,0,2,1,"uci_payload_size_demoted_to_short_format","pucch:cell=1:slot=11:rnti=27:reqfmt=2:resfmt=1:prb=26:1:sym=10:4",26,1,10,4,"runtime_deterministic_pucch_resource_assignment",1,12,"not_applicable","not_applicable","not_applicable",0,0,"full_per_link_channel_waveform_sum",0,"not_applicable","not_applicable",0,"not_applicable","not_applicable","not_applicable",0,0,0,"pending_feedback_due_slot",0,0,"harq_feedback_consumed_by_runtime_harq_and_scheduler","PENDING",0,"not_applicable","not_applicable","Explicit runtime PUCCH grant/resource object scheduled from HARQ feedback timing.","PUCCH","active_but_simplified","active_scheduled_pending_feedback_due_not_reached","harq_feedback_resource_grant_and_state_update_when_due","pending_feedback_due_slot",0,0,0,0,"runtime_pucch_grant_trace","explicit_pucch_grant_and_feedback_runtime_state","available_runtime_grant_state","canonical PUCCH grant/resource row; waveform decode fields become available only after the feedback due slot is processed",0,0,0,"feedback_due_slot_not_reached_in_this_bounded_run",1,"ac5aaa60-f202-419a-8426-02227c779291","webgui_rel20_4ghz_100mhz_5gnb_50ue_10slot_20260417_170900","lls_3gpp_rel20_anchor_4ghz_100mhz_waveform_honest_5gnb_50ue_10slot","a1a414876cde1a5883e2a2ab610e6603ef434ebb5b0a934bfcb8df1260a73d7c","packet_flow/csv/live_pucch_grants.csv","packet_flow/csv/live_pucch_grants.csv","canonical_control_reference_signal_runtime_evidence","runtime_populated","UL",1,11,1,27,27,NaN,8,"persisted_runtime_pucch_grant_row","packet_flow/csv/live_pucch_grants.csv","runtime_grant_backed_mirror",1,"webgui_rel20_4ghz_100mhz_5gnb_50ue_10slot_20260417_170900","lls_3gpp_rel20_anchor_4ghz_100mhz_waveform_honest_5gnb_50ue_10slot","lls_3gpp_rel20_anchor_4ghz_100mhz_waveform_honest_5gnb_50ue_10slot","a1a414876cde1a5883e2a2ab610e6603ef434ebb5b0a934bfcb8df1260a73d7c","2756cfb",104729,NaN,NaN,NaN,NaN,NaN,NaN,NaN,NaN,NaN,NaN,"not_applicable","not_applicable","sixgr.truth.exportControlPlaneTraces","implemented","runtime_control_grant_rows","packet_flow/csv/live_pucch_grants.csv","not_applicable",0,1
"UL","DL",1,11,11,7,43,43,43,1,1,0,2024,1,0,1,1,1,"harq_ack","pucchgrant:fbdir=DL:due=11:src=7:ue=43:rnti=43:harq=0:cell=1","runtime_harq_feedback_due_scheduler","scheduled_pending_execution",1,0,2,1,"uci_payload_size_demoted_to_short_format","pucch:cell=1:slot=11:rnti=43:reqfmt=2:resfmt=1:prb=42:1:sym=10:4",42,1,10,4,"runtime_deterministic_pucch_resource_assignment",1,12,"not_applicable","not_applicable","not_applicable",0,0,"full_per_link_channel_waveform_sum",0,"not_applicable","not_applicable",0,"not_applicable","not_applicable","not_applicable",0,0,0,"pending_feedback_due_slot",0,0,"harq_feedback_consumed_by_runtime_harq_and_scheduler","PENDING",0,"not_applicable","not_applicable","Explicit runtime PUCCH grant/resource object scheduled from HARQ feedback timing.","PUCCH","active_but_simplified","active_scheduled_pending_feedback_due_not_reached","harq_feedback_resource_grant_and_state_update_when_due","pending_feedback_due_slot",0,0,0,0,"runtime_pucch_grant_trace","explicit_pucch_grant_and_feedback_runtime_state","available_runtime_grant_state","canonical PUCCH grant/resource row; waveform decode fields become available only after the feedback due slot is processed",0,0,0,"feedback_due_slot_not_reached_in_this_bounded_run",1,"ac5aaa60-f202-419a-8426-02227c779291","webgui_rel20_4ghz_100mhz_5gnb_50ue_10slot_20260417_170900","lls_3gpp_rel20_anchor_4ghz_100mhz_waveform_honest_5gnb_50ue_10slot","a1a414876cde1a5883e2a2ab610e6603ef434ebb5b0a934bfcb8df1260a73d7c","packet_flow/csv/live_pucch_grants.csv","packet_flow/csv/live_pucch_grants.csv","canonical_control_reference_signal_runtime_evidence","runtime_populated","UL",1,11,1,43,43,NaN,9,"persisted_runtime_pucch_grant_row","packet_flow/csv/live_pucch_grants.csv","runtime_grant_backed_mirror",1,"webgui_rel20_4ghz_100mhz_5gnb_50ue_10slot_20260417_170900","lls_3gpp_rel20_anchor_4ghz_100mhz_waveform_honest_5gnb_50ue_10slot","lls_3gpp_rel20_anchor_4ghz_100mhz_waveform_honest_5gnb_50ue_10slot","a1a414876cde1a5883e2a2ab610e6603ef434ebb5b0a934bfcb8df1260a73d7c","2756cfb",104729,NaN,NaN,NaN,NaN,NaN,NaN,NaN,NaN,NaN,NaN,"not_applicable","not_applicable","sixgr.truth.exportControlPlaneTraces","implemented","runtime_control_grant_rows","packet_flow/csv/live_pucch_grants.csv","not_applicable",0,1
"UL","DL",1,11,11,7,47,47,47,1,1,0,2024,1,0,1,1,1,"harq_ack","pucchgrant:fbdir=DL:due=11:src=7:ue=47:rnti=47:harq=0:cell=1","runtime_harq_feedback_due_scheduler","scheduled_pending_execution",1,0,2,1,"uci_payload_size_demoted_to_short_format","pucch:cell=1:slot=11:rnti=47:reqfmt=2:resfmt=1:prb=46:1:sym=10:4",46,1,10,4,"runtime_deterministic_pucch_resource_assignment",1,12,"not_applicable","not_applicable","not_applicable",0,0,"full_per_link_channel_waveform_sum",0,"not_applicable","not_applicable",0,"not_applicable","not_applicable","not_applicable",0,0,0,"pending_feedback_due_slot",0,0,"harq_feedback_consumed_by_runtime_harq_and_scheduler","PENDING",0,"not_applicable","not_applicable","Explicit runtime PUCCH grant/resource object scheduled from HARQ feedback timing.","PUCCH","active_but_simplified","active_scheduled_pending_feedback_due_not_reached","harq_feedback_resource_grant_and_state_update_when_due","pending_feedback_due_slot",0,0,0,0,"runtime_pucch_grant_trace","explicit_pucch_grant_and_feedback_runtime_state","available_runtime_grant_state","canonical PUCCH grant/resource row; waveform decode fields become available only after the feedback due slot is processed",0,0,0,"feedback_due_slot_not_reached_in_this_bounded_run",1,"ac5aaa60-f202-419a-8426-02227c779291","webgui_rel20_4ghz_100mhz_5gnb_50ue_10slot_20260417_170900","lls_3gpp_rel20_anchor_4ghz_100mhz_waveform_honest_5gnb_50ue_10slot","a1a414876cde1a5883e2a2ab610e6603ef434ebb5b0a934bfcb8df1260a73d7c","packet_flow/csv/live_pucch_grants.csv","packet_flow/csv/live_pucch_grants.csv","canonical_control_reference_signal_runtime_evidence","runtime_populated","UL",1,11,1,47,47,NaN,10,"persisted_runtime_pucch_grant_row","packet_flow/csv/live_pucch_grants.csv","runtime_grant_backed_mirror",1,"webgui_rel20_4ghz_100mhz_5gnb_50ue_10slot_20260417_170900","lls_3gpp_rel20_anchor_4ghz_100mhz_waveform_honest_5gnb_50ue_10slot","lls_3gpp_rel20_anchor_4ghz_100mhz_waveform_honest_5gnb_50ue_10slot","a1a414876cde1a5883e2a2ab610e6603ef434ebb5b0a934bfcb8df1260a73d7c","2756cfb",104729,NaN,NaN,NaN,NaN,NaN,NaN,NaN,NaN,NaN,NaN,"not_applicable","not_applicable","sixgr.truth.exportControlPlaneTraces","implemented","runtime_control_grant_rows","packet_flow/csv/live_pucch_grants.csv","not_applicable",0,1
"UL","DL",1,11,11,7,4,4,4,2,2,0,2472,1,0,1,1,1,"harq_ack","pucchgrant:fbdir=DL:due=11:src=7:ue=4:rnti=4:harq=0:cell=2","runtime_harq_feedback_due_scheduler","scheduled_pending_execution",1,0,2,1,"uci_payload_size_demoted_to_short_format","pucch:cell=2:slot=11:rnti=4:reqfmt=2:resfmt=1:prb=10:1:sym=10:4",10,1,10,4,"runtime_deterministic_pucch_resource_assignment",1,12,"not_applicable","not_applicable","not_applicable",0,0,"full_per_link_channel_waveform_sum",0,"not_applicable","not_applicable",0,"not_applicable","not_applicable","not_applicable",0,0,0,"pending_feedback_due_slot",0,0,"harq_feedback_consumed_by_runtime_harq_and_scheduler","PENDING",0,"not_applicable","not_applicable","Explicit runtime PUCCH grant/resource object scheduled from HARQ feedback timing.","PUCCH","active_but_simplified","active_scheduled_pending_feedback_due_not_reached","harq_feedback_resource_grant_and_state_update_when_due","pending_feedback_due_slot",0,0,0,0,"runtime_pucch_grant_trace","explicit_pucch_grant_and_feedback_runtime_state","available_runtime_grant_state","canonical PUCCH grant/resource row; waveform decode fields become available only after the feedback due slot is processed",0,0,0,"feedback_due_slot_not_reached_in_this_bounded_run",1,"ac5aaa60-f202-419a-8426-02227c779291","webgui_rel20_4ghz_100mhz_5gnb_50ue_10slot_20260417_170900","lls_3gpp_rel20_anchor_4ghz_100mhz_waveform_honest_5gnb_50ue_10slot","a1a414876cde1a5883e2a2ab610e6603ef434ebb5b0a934bfcb8df1260a73d7c","packet_flow/csv/live_pucch_grants.csv","packet_flow/csv/live_pucch_grants.csv","canonical_control_reference_signal_runtime_evidence","runtime_populated","UL",1,11,2,4,4,NaN,11,"persisted_runtime_pucch_grant_row","packet_flow/csv/live_pucch_grants.csv","runtime_grant_backed_mirror",1,"webgui_rel20_4ghz_100mhz_5gnb_50ue_10slot_20260417_170900","lls_3gpp_rel20_anchor_4ghz_100mhz_waveform_honest_5gnb_50ue_10slot","lls_3gpp_rel20_anchor_4ghz_100mhz_waveform_honest_5gnb_50ue_10slot","a1a414876cde1a5883e2a2ab610e6603ef434ebb5b0a934bfcb8df1260a73d7c","2756cfb",104729,NaN,NaN,NaN,NaN,NaN,NaN,NaN,NaN,NaN,NaN,"not_applicable","not_applicable","sixgr.truth.exportControlPlaneTraces","implemented","runtime_control_grant_rows","packet_flow/csv/live_pucch_grants.csv","not_applicable",0,1
"UL","DL",1,11,11,7,6,6,6,2,2,0,2472,1,0,1,1,1,"harq_ack","pucchgrant:fbdir=DL:due=11:src=7:ue=6:rnti=6:harq=0:cell=2","runtime_harq_feedback_due_scheduler","scheduled_pending_execution",1,0,2,1,"uci_payload_size_demoted_to_short_format","pucch:cell=2:slot=11:rnti=6:reqfmt=2:resfmt=1:prb=12:1:sym=10:4",12,1,10,4,"runtime_deterministic_pucch_resource_assignment",1,12,"not_applicable","not_applicable","not_applicable",0,0,"full_per_link_channel_waveform_sum",0,"not_applicable","not_applicable",0,"not_applicable","not_applicable","not_applicable",0,0,0,"pending_feedback_due_slot",0,0,"harq_feedback_consumed_by_runtime_harq_and_scheduler","PENDING",0,"not_applicable","not_applicable","Explicit runtime PUCCH grant/resource object scheduled from HARQ feedback timing.","PUCCH","active_but_simplified","active_scheduled_pending_feedback_due_not_reached","harq_feedback_resource_grant_and_state_update_when_due","pending_feedback_due_slot",0,0,0,0,"runtime_pucch_grant_trace","explicit_pucch_grant_and_feedback_runtime_state","available_runtime_grant_state","canonical PUCCH grant/resource row; waveform decode fields become available only after the feedback due slot is processed",0,0,0,"feedback_due_slot_not_reached_in_this_bounded_run",1,"ac5aaa60-f202-419a-8426-02227c779291","webgui_rel20_4ghz_100mhz_5gnb_50ue_10slot_20260417_170900","lls_3gpp_rel20_anchor_4ghz_100mhz_waveform_honest_5gnb_50ue_10slot","a1a414876cde1a5883e2a2ab610e6603ef434ebb5b0a934bfcb8df1260a73d7c","packet_flow/csv/live_pucch_grants.csv","packet_flow/csv/live_pucch_grants.csv","canonical_control_reference_signal_runtime_evidence","runtime_populated","UL",1,11,2,6,6,NaN,12,"persisted_runtime_pucch_grant_row","packet_flow/csv/live_pucch_grants.csv","runtime_grant_backed_mirror",1,"webgui_rel20_4ghz_100mhz_5gnb_50ue_10slot_20260417_170900","lls_3gpp_rel20_anchor_4ghz_100mhz_waveform_honest_5gnb_50ue_10slot","lls_3gpp_rel20_anchor_4ghz_100mhz_waveform_honest_5gnb_50ue_10slot","a1a414876cde1a5883e2a2ab610e6603ef434ebb5b0a934bfcb8df1260a73d7c","2756cfb",104729,NaN,NaN,NaN,NaN,NaN,NaN,NaN,NaN,NaN,NaN,"not_applicable","not_applicable","sixgr.truth.exportControlPlaneTraces","implemented","runtime_control_grant_rows","packet_flow/csv/live_pucch_grants.csv","not_applicable",0,1
"UL","DL",1,11,11,7,10,10,10,2,2,0,2472,1,0,1,1,1,"harq_ack","pucchgrant:fbdir=DL:due=11:src=7:ue=10:rnti=10:harq=0:cell=2","runtime_harq_feedback_due_scheduler","scheduled_pending_execution",1,0,2,1,"uci_payload_size_demoted_to_short_format","pucch:cell=2:slot=11:rnti=10:reqfmt=2:resfmt=1:prb=16:1:sym=10:4",16,1,10,4,"runtime_deterministic_pucch_resource_assignment",1,12,"not_applicable","not_applicable","not_applicable",0,0,"full_per_link_channel_waveform_sum",0,"not_applicable","not_applicable",0,"not_applicable","not_applicable","not_applicable",0,0,0,"pending_feedback_due_slot",0,0,"harq_feedback_consumed_by_runtime_harq_and_scheduler","PENDING",0,"not_applicable","not_applicable","Explicit runtime PUCCH grant/resource object scheduled from HARQ feedback timing.","PUCCH","active_but_simplified","active_scheduled_pending_feedback_due_not_reached","harq_feedback_resource_grant_and_state_update_when_due","pending_feedback_due_slot",0,0,0,0,"runtime_pucch_grant_trace","explicit_pucch_grant_and_feedback_runtime_state","available_runtime_grant_state","canonical PUCCH grant/resource row; waveform decode fields become available only after the feedback due slot is processed",0,0,0,"feedback_due_slot_not_reached_in_this_bounded_run",1,"ac5aaa60-f202-419a-8426-02227c779291","webgui_rel20_4ghz_100mhz_5gnb_50ue_10slot_20260417_170900","lls_3gpp_rel20_anchor_4ghz_100mhz_waveform_honest_5gnb_50ue_10slot","a1a414876cde1a5883e2a2ab610e6603ef434ebb5b0a934bfcb8df1260a73d7c","packet_flow/csv/live_pucch_grants.csv","packet_flow/csv/live_pucch_grants.csv","canonical_control_reference_signal_runtime_evidence","runtime_populated","UL",1,11,2,10,10,NaN,13,"persisted_runtime_pucch_grant_row","packet_flow/csv/live_pucch_grants.csv","runtime_grant_backed_mirror",1,"webgui_rel20_4ghz_100mhz_5gnb_50ue_10slot_20260417_170900","lls_3gpp_rel20_anchor_4ghz_100mhz_waveform_honest_5gnb_50ue_10slot","lls_3gpp_rel20_anchor_4ghz_100mhz_waveform_honest_5gnb_50ue_10slot","a1a414876cde1a5883e2a2ab610e6603ef434ebb5b0a934bfcb8df1260a73d7c","2756cfb",104729,NaN,NaN,NaN,NaN,NaN,NaN,NaN,NaN,NaN,NaN,"not_applicable","not_applicable","sixgr.truth.exportControlPlaneTraces","implemented","runtime_control_grant_rows","packet_flow/csv/live_pucch_grants.csv","not_applicable",0,1
"UL","DL",1,11,11,7,29,29,29,2,2,0,2472,1,0,1,1,1,"harq_ack","pucchgrant:fbdir=DL:due=11:src=7:ue=29:rnti=29:harq=0:cell=2","runtime_harq_feedback_due_scheduler","scheduled_pending_execution",1,0,2,1,"uci_payload_size_demoted_to_short_format","pucch:cell=2:slot=11:rnti=29:reqfmt=2:resfmt=1:prb=35:1:sym=10:4",35,1,10,4,"runtime_deterministic_pucch_resource_assignment",1,12,"not_applicable","not_applicable","not_applicable",0,0,"full_per_link_channel_waveform_sum",0,"not_applicable","not_applicable",0,"not_applicable","not_applicable","not_applicable",0,0,0,"pending_feedback_due_slot",0,0,"harq_feedback_consumed_by_runtime_harq_and_scheduler","PENDING",0,"not_applicable","not_applicable","Explicit runtime PUCCH grant/resource object scheduled from HARQ feedback timing.","PUCCH","active_but_simplified","active_scheduled_pending_feedback_due_not_reached","harq_feedback_resource_grant_and_state_update_when_due","pending_feedback_due_slot",0,0,0,0,"runtime_pucch_grant_trace","explicit_pucch_grant_and_feedback_runtime_state","available_runtime_grant_state","canonical PUCCH grant/resource row; waveform decode fields become available only after the feedback due slot is processed",0,0,0,"feedback_due_slot_not_reached_in_this_bounded_run",1,"ac5aaa60-f202-419a-8426-02227c779291","webgui_rel20_4ghz_100mhz_5gnb_50ue_10slot_20260417_170900","lls_3gpp_rel20_anchor_4ghz_100mhz_waveform_honest_5gnb_50ue_10slot","a1a414876cde1a5883e2a2ab610e6603ef434ebb5b0a934bfcb8df1260a73d7c","packet_flow/csv/live_pucch_grants.csv","packet_flow/csv/live_pucch_grants.csv","canonical_control_reference_signal_runtime_evidence","runtime_populated","UL",1,11,2,29,29,NaN,14,"persisted_runtime_pucch_grant_row","packet_flow/csv/live_pucch_grants.csv","runtime_grant_backed_mirror",1,"webgui_rel20_4ghz_100mhz_5gnb_50ue_10slot_20260417_170900","lls_3gpp_rel20_anchor_4ghz_100mhz_waveform_honest_5gnb_50ue_10slot","lls_3gpp_rel20_anchor_4ghz_100mhz_waveform_honest_5gnb_50ue_10slot","a1a414876cde1a5883e2a2ab610e6603ef434ebb5b0a934bfcb8df1260a73d7c","2756cfb",104729,NaN,NaN,NaN,NaN,NaN,NaN,NaN,NaN,NaN,NaN,"not_applicable","not_applicable","sixgr.truth.exportControlPlaneTraces","implemented","runtime_control_grant_rows","packet_flow/csv/live_pucch_grants.csv","not_applicable",0,1
"UL","DL",1,11,11,7,35,35,35,2,2,0,2472,1,0,1,1,1,"harq_ack","pucchgrant:fbdir=DL:due=11:src=7:ue=35:rnti=35:harq=0:cell=2","runtime_harq_feedback_due_scheduler","scheduled_pending_execution",1,0,2,1,"uci_payload_size_demoted_to_short_format","pucch:cell=2:slot=11:rnti=35:reqfmt=2:resfmt=1:prb=41:1:sym=10:4",41,1,10,4,"runtime_deterministic_pucch_resource_assignment",1,12,"not_applicable","not_applicable","not_applicable",0,0,"full_per_link_channel_waveform_sum",0,"not_applicable","not_applicable",0,"not_applicable","not_applicable","not_applicable",0,0,0,"pending_feedback_due_slot",0,0,"harq_feedback_consumed_by_runtime_harq_and_scheduler","PENDING",0,"not_applicable","not_applicable","Explicit runtime PUCCH grant/resource object scheduled from HARQ feedback timing.","PUCCH","active_but_simplified","active_scheduled_pending_feedback_due_not_reached","harq_feedback_resource_grant_and_state_update_when_due","pending_feedback_due_slot",0,0,0,0,"runtime_pucch_grant_trace","explicit_pucch_grant_and_feedback_runtime_state","available_runtime_grant_state","canonical PUCCH grant/resource row; waveform decode fields become available only after the feedback due slot is processed",0,0,0,"feedback_due_slot_not_reached_in_this_bounded_run",1,"ac5aaa60-f202-419a-8426-02227c779291","webgui_rel20_4ghz_100mhz_5gnb_50ue_10slot_20260417_170900","lls_3gpp_rel20_anchor_4ghz_100mhz_waveform_honest_5gnb_50ue_10slot","a1a414876cde1a5883e2a2ab610e6603ef434ebb5b0a934bfcb8df1260a73d7c","packet_flow/csv/live_pucch_grants.csv","packet_flow/csv/live_pucch_grants.csv","canonical_control_reference_signal_runtime_evidence","runtime_populated","UL",1,11,2,35,35,NaN,15,"persisted_runtime_pucch_grant_row","packet_flow/csv/live_pucch_grants.csv","runtime_grant_backed_mirror",1,"webgui_rel20_4ghz_100mhz_5gnb_50ue_10slot_20260417_170900","lls_3gpp_rel20_anchor_4ghz_100mhz_waveform_honest_5gnb_50ue_10slot","lls_3gpp_rel20_anchor_4ghz_100mhz_waveform_honest_5gnb_50ue_10slot","a1a414876cde1a5883e2a2ab610e6603ef434ebb5b0a934bfcb8df1260a73d7c","2756cfb",104729,NaN,NaN,NaN,NaN,NaN,NaN,NaN,NaN,NaN,NaN,"not_applicable","not_applicable","sixgr.truth.exportControlPlaneTraces","implemented","runtime_control_grant_rows","packet_flow/csv/live_pucch_grants.csv","not_applicable",0,1
"UL","DL",1,11,11,7,41,41,41,2,2,0,2472,1,0,1,1,1,"harq_ack","pucchgrant:fbdir=DL:due=11:src=7:ue=41:rnti=41:harq=0:cell=2","runtime_harq_feedback_due_scheduler","scheduled_pending_execution",1,0,2,1,"uci_payload_size_demoted_to_short_format","pucch:cell=2:slot=11:rnti=41:reqfmt=2:resfmt=1:prb=47:1:sym=10:4",47,1,10,4,"runtime_deterministic_pucch_resource_assignment",1,12,"not_applicable","not_applicable","not_applicable",0,0,"full_per_link_channel_waveform_sum",0,"not_applicable","not_applicable",0,"not_applicable","not_applicable","not_applicable",0,0,0,"pending_feedback_due_slot",0,0,"harq_feedback_consumed_by_runtime_harq_and_scheduler","PENDING",0,"not_applicable","not_applicable","Explicit runtime PUCCH grant/resource object scheduled from HARQ feedback timing.","PUCCH","active_but_simplified","active_scheduled_pending_feedback_due_not_reached","harq_feedback_resource_grant_and_state_update_when_due","pending_feedback_due_slot",0,0,0,0,"runtime_pucch_grant_trace","explicit_pucch_grant_and_feedback_runtime_state","available_runtime_grant_state","canonical PUCCH grant/resource row; waveform decode fields become available only after the feedback due slot is processed",0,0,0,"feedback_due_slot_not_reached_in_this_bounded_run",1,"ac5aaa60-f202-419a-8426-02227c779291","webgui_rel20_4ghz_100mhz_5gnb_50ue_10slot_20260417_170900","lls_3gpp_rel20_anchor_4ghz_100mhz_waveform_honest_5gnb_50ue_10slot","a1a414876cde1a5883e2a2ab610e6603ef434ebb5b0a934bfcb8df1260a73d7c","packet_flow/csv/live_pucch_grants.csv","packet_flow/csv/live_pucch_grants.csv","canonical_control_reference_signal_runtime_evidence","runtime_populated","UL",1,11,2,41,41,NaN,16,"persisted_runtime_pucch_grant_row","packet_flow/csv/live_pucch_grants.csv","runtime_grant_backed_mirror",1,"webgui_rel20_4ghz_100mhz_5gnb_50ue_10slot_20260417_170900","lls_3gpp_rel20_anchor_4ghz_100mhz_waveform_honest_5gnb_50ue_10slot","lls_3gpp_rel20_anchor_4ghz_100mhz_waveform_honest_5gnb_50ue_10slot","a1a414876cde1a5883e2a2ab610e6603ef434ebb5b0a934bfcb8df1260a73d7c","2756cfb",104729,NaN,NaN,NaN,NaN,NaN,NaN,NaN,NaN,NaN,NaN,"not_applicable","not_applicable","sixgr.truth.exportControlPlaneTraces","implemented","runtime_control_grant_rows","packet_flow/csv/live_pucch_grants.csv","not_applicable",0,1
"UL","DL",1,11,11,7,45,45,45,2,2,0,2472,1,0,1,1,1,"harq_ack","pucchgrant:fbdir=DL:due=11:src=7:ue=45:rnti=45:harq=0:cell=2","runtime_harq_feedback_due_scheduler","scheduled_pending_execution",1,0,2,1,"uci_payload_size_demoted_to_short_format","pucch:cell=2:slot=11:rnti=45:reqfmt=2:resfmt=1:prb=51:1:sym=10:4",51,1,10,4,"runtime_deterministic_pucch_resource_assignment",1,12,"not_applicable","not_applicable","not_applicable",0,0,"full_per_link_channel_waveform_sum",0,"not_applicable","not_applicable",0,"not_applicable","not_applicable","not_applicable",0,0,0,"pending_feedback_due_slot",0,0,"harq_feedback_consumed_by_runtime_harq_and_scheduler","PENDING",0,"not_applicable","not_applicable","Explicit runtime PUCCH grant/resource object scheduled from HARQ feedback timing.","PUCCH","active_but_simplified","active_scheduled_pending_feedback_due_not_reached","harq_feedback_resource_grant_and_state_update_when_due","pending_feedback_due_slot",0,0,0,0,"runtime_pucch_grant_trace","explicit_pucch_grant_and_feedback_runtime_state","available_runtime_grant_state","canonical PUCCH grant/resource row; waveform decode fields become available only after the feedback due slot is processed",0,0,0,"feedback_due_slot_not_reached_in_this_bounded_run",1,"ac5aaa60-f202-419a-8426-02227c779291","webgui_rel20_4ghz_100mhz_5gnb_50ue_10slot_20260417_170900","lls_3gpp_rel20_anchor_4ghz_100mhz_waveform_honest_5gnb_50ue_10slot","a1a414876cde1a5883e2a2ab610e6603ef434ebb5b0a934bfcb8df1260a73d7c","packet_flow/csv/live_pucch_grants.csv","packet_flow/csv/live_pucch_grants.csv","canonical_control_reference_signal_runtime_evidence","runtime_populated","UL",1,11,2,45,45,NaN,17,"persisted_runtime_pucch_grant_row","packet_flow/csv/live_pucch_grants.csv","runtime_grant_backed_mirror",1,"webgui_rel20_4ghz_100mhz_5gnb_50ue_10slot_20260417_170900","lls_3gpp_rel20_anchor_4ghz_100mhz_waveform_honest_5gnb_50ue_10slot","lls_3gpp_rel20_anchor_4ghz_100mhz_waveform_honest_5gnb_50ue_10slot","a1a414876cde1a5883e2a2ab610e6603ef434ebb5b0a934bfcb8df1260a73d7c","2756cfb",104729,NaN,NaN,NaN,NaN,NaN,NaN,NaN,NaN,NaN,NaN,"not_applicable","not_applicable","sixgr.truth.exportControlPlaneTraces","implemented","runtime_control_grant_rows","packet_flow/csv/live_pucch_grants.csv","not_applicable",0,1
"UL","DL",1,11,11,7,50,50,50,2,2,0,2472,1,0,1,1,1,"harq_ack","pucchgrant:fbdir=DL:due=11:src=7:ue=50:rnti=50:harq=0:cell=2","runtime_harq_feedback_due_scheduler","scheduled_pending_execution",1,0,2,1,"uci_payload_size_demoted_to_short_format","pucch:cell=2:slot=11:rnti=50:reqfmt=2:resfmt=1:prb=56:1:sym=10:4",56,1,10,4,"runtime_deterministic_pucch_resource_assignment",1,12,"not_applicable","not_applicable","not_applicable",0,0,"full_per_link_channel_waveform_sum",0,"not_applicable","not_applicable",0,"not_applicable","not_applicable","not_applicable",0,0,0,"pending_feedback_due_slot",0,0,"harq_feedback_consumed_by_runtime_harq_and_scheduler","PENDING",0,"not_applicable","not_applicable","Explicit runtime PUCCH grant/resource object scheduled from HARQ feedback timing.","PUCCH","active_but_simplified","active_scheduled_pending_feedback_due_not_reached","harq_feedback_resource_grant_and_state_update_when_due","pending_feedback_due_slot",0,0,0,0,"runtime_pucch_grant_trace","explicit_pucch_grant_and_feedback_runtime_state","available_runtime_grant_state","canonical PUCCH grant/resource row; waveform decode fields become available only after the feedback due slot is processed",0,0,0,"feedback_due_slot_not_reached_in_this_bounded_run",1,"ac5aaa60-f202-419a-8426-02227c779291","webgui_rel20_4ghz_100mhz_5gnb_50ue_10slot_20260417_170900","lls_3gpp_rel20_anchor_4ghz_100mhz_waveform_honest_5gnb_50ue_10slot","a1a414876cde1a5883e2a2ab610e6603ef434ebb5b0a934bfcb8df1260a73d7c","packet_flow/csv/live_pucch_grants.csv","packet_flow/csv/live_pucch_grants.csv","canonical_control_reference_signal_runtime_evidence","runtime_populated","UL",1,11,2,50,50,NaN,18,"persisted_runtime_pucch_grant_row","packet_flow/csv/live_pucch_grants.csv","runtime_grant_backed_mirror",1,"webgui_rel20_4ghz_100mhz_5gnb_50ue_10slot_20260417_170900","lls_3gpp_rel20_anchor_4ghz_100mhz_waveform_honest_5gnb_50ue_10slot","lls_3gpp_rel20_anchor_4ghz_100mhz_waveform_honest_5gnb_50ue_10slot","a1a414876cde1a5883e2a2ab610e6603ef434ebb5b0a934bfcb8df1260a73d7c","2756cfb",104729,NaN,NaN,NaN,NaN,NaN,NaN,NaN,NaN,NaN,NaN,"not_applicable","not_applicable","sixgr.truth.exportControlPlaneTraces","implemented","runtime_control_grant_rows","packet_flow/csv/live_pucch_grants.csv","not_applicable",0,1
"UL","DL",1,11,11,7,2,2,2,3,3,0,2024,1,0,1,1,1,"harq_ack","pucchgrant:fbdir=DL:due=11:src=7:ue=2:rnti=2:harq=0:cell=3","runtime_harq_feedback_due_scheduler","scheduled_pending_execution",1,0,2,1,"uci_payload_size_demoted_to_short_format","pucch:cell=3:slot=11:rnti=2:reqfmt=2:resfmt=1:prb=15:1:sym=10:4",15,1,10,4,"runtime_deterministic_pucch_resource_assignment",1,12,"not_applicable","not_applicable","not_applicable",0,0,"full_per_link_channel_waveform_sum",0,"not_applicable","not_applicable",0,"not_applicable","not_applicable","not_applicable",0,0,0,"pending_feedback_due_slot",0,0,"harq_feedback_consumed_by_runtime_harq_and_scheduler","PENDING",0,"not_applicable","not_applicable","Explicit runtime PUCCH grant/resource object scheduled from HARQ feedback timing.","PUCCH","active_but_simplified","active_scheduled_pending_feedback_due_not_reached","harq_feedback_resource_grant_and_state_update_when_due","pending_feedback_due_slot",0,0,0,0,"runtime_pucch_grant_trace","explicit_pucch_grant_and_feedback_runtime_state","available_runtime_grant_state","canonical PUCCH grant/resource row; waveform decode fields become available only after the feedback due slot is processed",0,0,0,"feedback_due_slot_not_reached_in_this_bounded_run",1,"ac5aaa60-f202-419a-8426-02227c779291","webgui_rel20_4ghz_100mhz_5gnb_50ue_10slot_20260417_170900","lls_3gpp_rel20_anchor_4ghz_100mhz_waveform_honest_5gnb_50ue_10slot","a1a414876cde1a5883e2a2ab610e6603ef434ebb5b0a934bfcb8df1260a73d7c","packet_flow/csv/live_pucch_grants.csv","packet_flow/csv/live_pucch_grants.csv","canonical_control_reference_signal_runtime_evidence","runtime_populated","UL",1,11,3,2,2,NaN,19,"persisted_runtime_pucch_grant_row","packet_flow/csv/live_pucch_grants.csv","runtime_grant_backed_mirror",1,"webgui_rel20_4ghz_100mhz_5gnb_50ue_10slot_20260417_170900","lls_3gpp_rel20_anchor_4ghz_100mhz_waveform_honest_5gnb_50ue_10slot","lls_3gpp_rel20_anchor_4ghz_100mhz_waveform_honest_5gnb_50ue_10slot","a1a414876cde1a5883e2a2ab610e6603ef434ebb5b0a934bfcb8df1260a73d7c","2756cfb",104729,NaN,NaN,NaN,NaN,NaN,NaN,NaN,NaN,NaN,NaN,"not_applicable","not_applicable","sixgr.truth.exportControlPlaneTraces","implemented","runtime_control_grant_rows","packet_flow/csv/live_pucch_grants.csv","not_applicable",0,1
"UL","DL",1,11,11,7,12,12,12,3,3,0,2024,1,0,1,1,1,"harq_ack","pucchgrant:fbdir=DL:due=11:src=7:ue=12:rnti=12:harq=0:cell=3","runtime_harq_feedback_due_scheduler","scheduled_pending_execution",1,0,2,1,"uci_payload_size_demoted_to_short_format","pucch:cell=3:slot=11:rnti=12:reqfmt=2:resfmt=1:prb=25:1:sym=10:4",25,1,10,4,"runtime_deterministic_pucch_resource_assignment",1,12,"not_applicable","not_applicable","not_applicable",0,0,"full_per_link_channel_waveform_sum",0,"not_applicable","not_applicable",0,"not_applicable","not_applicable","not_applicable",0,0,0,"pending_feedback_due_slot",0,0,"harq_feedback_consumed_by_runtime_harq_and_scheduler","PENDING",0,"not_applicable","not_applicable","Explicit runtime PUCCH grant/resource object scheduled from HARQ feedback timing.","PUCCH","active_but_simplified","active_scheduled_pending_feedback_due_not_reached","harq_feedback_resource_grant_and_state_update_when_due","pending_feedback_due_slot",0,0,0,0,"runtime_pucch_grant_trace","explicit_pucch_grant_and_feedback_runtime_state","available_runtime_grant_state","canonical PUCCH grant/resource row; waveform decode fields become available only after the feedback due slot is processed",0,0,0,"feedback_due_slot_not_reached_in_this_bounded_run",1,"ac5aaa60-f202-419a-8426-02227c779291","webgui_rel20_4ghz_100mhz_5gnb_50ue_10slot_20260417_170900","lls_3gpp_rel20_anchor_4ghz_100mhz_waveform_honest_5gnb_50ue_10slot","a1a414876cde1a5883e2a2ab610e6603ef434ebb5b0a934bfcb8df1260a73d7c","packet_flow/csv/live_pucch_grants.csv","packet_flow/csv/live_pucch_grants.csv","canonical_control_reference_signal_runtime_evidence","runtime_populated","UL",1,11,3,12,12,NaN,20,"persisted_runtime_pucch_grant_row","packet_flow/csv/live_pucch_grants.csv","runtime_grant_backed_mirror",1,"webgui_rel20_4ghz_100mhz_5gnb_50ue_10slot_20260417_170900","lls_3gpp_rel20_anchor_4ghz_100mhz_waveform_honest_5gnb_50ue_10slot","lls_3gpp_rel20_anchor_4ghz_100mhz_waveform_honest_5gnb_50ue_10slot","a1a414876cde1a5883e2a2ab610e6603ef434ebb5b0a934bfcb8df1260a73d7c","2756cfb",104729,NaN,NaN,NaN,NaN,NaN,NaN,NaN,NaN,NaN,NaN,"not_applicable","not_applicable","sixgr.truth.exportControlPlaneTraces","implemented","runtime_control_grant_rows","packet_flow/csv/live_pucch_grants.csv","not_applicable",0,1
"UL","DL",1,11,11,7,13,13,13,3,3,0,2024,1,0,1,1,1,"harq_ack","pucchgrant:fbdir=DL:due=11:src=7:ue=13:rnti=13:harq=0:cell=3","runtime_harq_feedback_due_scheduler","scheduled_pending_execution",1,0,2,1,"uci_payload_size_demoted_to_short_format","pucch:cell=3:slot=11:rnti=13:reqfmt=2:resfmt=1:prb=26:1:sym=10:4",26,1,10,4,"runtime_deterministic_pucch_resource_assignment",1,12,"not_applicable","not_applicable","not_applicable",0,0,"full_per_link_channel_waveform_sum",0,"not_applicable","not_applicable",0,"not_applicable","not_applicable","not_applicable",0,0,0,"pending_feedback_due_slot",0,0,"harq_feedback_consumed_by_runtime_harq_and_scheduler","PENDING",0,"not_applicable","not_applicable","Explicit runtime PUCCH grant/resource object scheduled from HARQ feedback timing.","PUCCH","active_but_simplified","active_scheduled_pending_feedback_due_not_reached","harq_feedback_resource_grant_and_state_update_when_due","pending_feedback_due_slot",0,0,0,0,"runtime_pucch_grant_trace","explicit_pucch_grant_and_feedback_runtime_state","available_runtime_grant_state","canonical PUCCH grant/resource row; waveform decode fields become available only after the feedback due slot is processed",0,0,0,"feedback_due_slot_not_reached_in_this_bounded_run",1,"ac5aaa60-f202-419a-8426-02227c779291","webgui_rel20_4ghz_100mhz_5gnb_50ue_10slot_20260417_170900","lls_3gpp_rel20_anchor_4ghz_100mhz_waveform_honest_5gnb_50ue_10slot","a1a414876cde1a5883e2a2ab610e6603ef434ebb5b0a934bfcb8df1260a73d7c","packet_flow/csv/live_pucch_grants.csv","packet_flow/csv/live_pucch_grants.csv","canonical_control_reference_signal_runtime_evidence","runtime_populated","UL",1,11,3,13,13,NaN,21,"persisted_runtime_pucch_grant_row","packet_flow/csv/live_pucch_grants.csv","runtime_grant_backed_mirror",1,"webgui_rel20_4ghz_100mhz_5gnb_50ue_10slot_20260417_170900","lls_3gpp_rel20_anchor_4ghz_100mhz_waveform_honest_5gnb_50ue_10slot","lls_3gpp_rel20_anchor_4ghz_100mhz_waveform_honest_5gnb_50ue_10slot","a1a414876cde1a5883e2a2ab610e6603ef434ebb5b0a934bfcb8df1260a73d7c","2756cfb",104729,NaN,NaN,NaN,NaN,NaN,NaN,NaN,NaN,NaN,NaN,"not_applicable","not_applicable","sixgr.truth.exportControlPlaneTraces","implemented","runtime_control_grant_rows","packet_flow/csv/live_pucch_grants.csv","not_applicable",0,1
"UL","DL",1,11,11,7,15,15,15,3,3,0,2024,1,0,1,1,1,"harq_ack","pucchgrant:fbdir=DL:due=11:src=7:ue=15:rnti=15:harq=0:cell=3","runtime_harq_feedback_due_scheduler","scheduled_pending_execution",1,0,2,1,"uci_payload_size_demoted_to_short_format","pucch:cell=3:slot=11:rnti=15:reqfmt=2:resfmt=1:prb=28:1:sym=10:4",28,1,10,4,"runtime_deterministic_pucch_resource_assignment",1,12,"not_applicable","not_applicable","not_applicable",0,0,"full_per_link_channel_waveform_sum",0,"not_applicable","not_applicable",0,"not_applicable","not_applicable","not_applicable",0,0,0,"pending_feedback_due_slot",0,0,"harq_feedback_consumed_by_runtime_harq_and_scheduler","PENDING",0,"not_applicable","not_applicable","Explicit runtime PUCCH grant/resource object scheduled from HARQ feedback timing.","PUCCH","active_but_simplified","active_scheduled_pending_feedback_due_not_reached","harq_feedback_resource_grant_and_state_update_when_due","pending_feedback_due_slot",0,0,0,0,"runtime_pucch_grant_trace","explicit_pucch_grant_and_feedback_runtime_state","available_runtime_grant_state","canonical PUCCH grant/resource row; waveform decode fields become available only after the feedback due slot is processed",0,0,0,"feedback_due_slot_not_reached_in_this_bounded_run",1,"ac5aaa60-f202-419a-8426-02227c779291","webgui_rel20_4ghz_100mhz_5gnb_50ue_10slot_20260417_170900","lls_3gpp_rel20_anchor_4ghz_100mhz_waveform_honest_5gnb_50ue_10slot","a1a414876cde1a5883e2a2ab610e6603ef434ebb5b0a934bfcb8df1260a73d7c","packet_flow/csv/live_pucch_grants.csv","packet_flow/csv/live_pucch_grants.csv","canonical_control_reference_signal_runtime_evidence","runtime_populated","UL",1,11,3,15,15,NaN,22,"persisted_runtime_pucch_grant_row","packet_flow/csv/live_pucch_grants.csv","runtime_grant_backed_mirror",1,"webgui_rel20_4ghz_100mhz_5gnb_50ue_10slot_20260417_170900","lls_3gpp_rel20_anchor_4ghz_100mhz_waveform_honest_5gnb_50ue_10slot","lls_3gpp_rel20_anchor_4ghz_100mhz_waveform_honest_5gnb_50ue_10slot","a1a414876cde1a5883e2a2ab610e6603ef434ebb5b0a934bfcb8df1260a73d7c","2756cfb",104729,NaN,NaN,NaN,NaN,NaN,NaN,NaN,NaN,NaN,NaN,"not_applicable","not_applicable","sixgr.truth.exportControlPlaneTraces","implemented","runtime_control_grant_rows","packet_flow/csv/live_pucch_grants.csv","not_applicable",0,1
"UL","DL",1,11,11,7,16,16,16,3,3,0,2024,1,0,1,1,1,"harq_ack","pucchgrant:fbdir=DL:due=11:src=7:ue=16:rnti=16:harq=0:cell=3","runtime_harq_feedback_due_scheduler","scheduled_pending_execution",1,0,2,1,"uci_payload_size_demoted_to_short_format","pucch:cell=3:slot=11:rnti=16:reqfmt=2:resfmt=1:prb=29:1:sym=10:4",29,1,10,4,"runtime_deterministic_pucch_resource_assignment",1,12,"not_applicable","not_applicable","not_applicable",0,0,"full_per_link_channel_waveform_sum",0,"not_applicable","not_applicable",0,"not_applicable","not_applicable","not_applicable",0,0,0,"pending_feedback_due_slot",0,0,"harq_feedback_consumed_by_runtime_harq_and_scheduler","PENDING",0,"not_applicable","not_applicable","Explicit runtime PUCCH grant/resource object scheduled from HARQ feedback timing.","PUCCH","active_but_simplified","active_scheduled_pending_feedback_due_not_reached","harq_feedback_resource_grant_and_state_update_when_due","pending_feedback_due_slot",0,0,0,0,"runtime_pucch_grant_trace","explicit_pucch_grant_and_feedback_runtime_state","available_runtime_grant_state","canonical PUCCH grant/resource row; waveform decode fields become available only after the feedback due slot is processed",0,0,0,"feedback_due_slot_not_reached_in_this_bounded_run",1,"ac5aaa60-f202-419a-8426-02227c779291","webgui_rel20_4ghz_100mhz_5gnb_50ue_10slot_20260417_170900","lls_3gpp_rel20_anchor_4ghz_100mhz_waveform_honest_5gnb_50ue_10slot","a1a414876cde1a5883e2a2ab610e6603ef434ebb5b0a934bfcb8df1260a73d7c","packet_flow/csv/live_pucch_grants.csv","packet_flow/csv/live_pucch_grants.csv","canonical_control_reference_signal_runtime_evidence","runtime_populated","UL",1,11,3,16,16,NaN,23,"persisted_runtime_pucch_grant_row","packet_flow/csv/live_pucch_grants.csv","runtime_grant_backed_mirror",1,"webgui_rel20_4ghz_100mhz_5gnb_50ue_10slot_20260417_170900","lls_3gpp_rel20_anchor_4ghz_100mhz_waveform_honest_5gnb_50ue_10slot","lls_3gpp_rel20_anchor_4ghz_100mhz_waveform_honest_5gnb_50ue_10slot","a1a414876cde1a5883e2a2ab610e6603ef434ebb5b0a934bfcb8df1260a73d7c","2756cfb",104729,NaN,NaN,NaN,NaN,NaN,NaN,NaN,NaN,NaN,NaN,"not_applicable","not_applicable","sixgr.truth.exportControlPlaneTraces","implemented","runtime_control_grant_rows","packet_flow/csv/live_pucch_grants.csv","not_applicable",0,1
"UL","DL",1,11,11,7,18,18,18,3,3,0,2024,1,0,1,1,1,"harq_ack","pucchgrant:fbdir=DL:due=11:src=7:ue=18:rnti=18:harq=0:cell=3","runtime_harq_feedback_due_scheduler","scheduled_pending_execution",1,0,2,1,"uci_payload_size_demoted_to_short_format","pucch:cell=3:slot=11:rnti=18:reqfmt=2:resfmt=1:prb=31:1:sym=10:4",31,1,10,4,"runtime_deterministic_pucch_resource_assignment",1,12,"not_applicable","not_applicable","not_applicable",0,0,"full_per_link_channel_waveform_sum",0,"not_applicable","not_applicable",0,"not_applicable","not_applicable","not_applicable",0,0,0,"pending_feedback_due_slot",0,0,"harq_feedback_consumed_by_runtime_harq_and_scheduler","PENDING",0,"not_applicable","not_applicable","Explicit runtime PUCCH grant/resource object scheduled from HARQ feedback timing.","PUCCH","active_but_simplified","active_scheduled_pending_feedback_due_not_reached","harq_feedback_resource_grant_and_state_update_when_due","pending_feedback_due_slot",0,0,0,0,"runtime_pucch_grant_trace","explicit_pucch_grant_and_feedback_runtime_state","available_runtime_grant_state","canonical PUCCH grant/resource row; waveform decode fields become available only after the feedback due slot is processed",0,0,0,"feedback_due_slot_not_reached_in_this_bounded_run",1,"ac5aaa60-f202-419a-8426-02227c779291","webgui_rel20_4ghz_100mhz_5gnb_50ue_10slot_20260417_170900","lls_3gpp_rel20_anchor_4ghz_100mhz_waveform_honest_5gnb_50ue_10slot","a1a414876cde1a5883e2a2ab610e6603ef434ebb5b0a934bfcb8df1260a73d7c","packet_flow/csv/live_pucch_grants.csv","packet_flow/csv/live_pucch_grants.csv","canonical_control_reference_signal_runtime_evidence","runtime_populated","UL",1,11,3,18,18,NaN,24,"persisted_runtime_pucch_grant_row","packet_flow/csv/live_pucch_grants.csv","runtime_grant_backed_mirror",1,"webgui_rel20_4ghz_100mhz_5gnb_50ue_10slot_20260417_170900","lls_3gpp_rel20_anchor_4ghz_100mhz_waveform_honest_5gnb_50ue_10slot","lls_3gpp_rel20_anchor_4ghz_100mhz_waveform_honest_5gnb_50ue_10slot","a1a414876cde1a5883e2a2ab610e6603ef434ebb5b0a934bfcb8df1260a73d7c","2756cfb",104729,NaN,NaN,NaN,NaN,NaN,NaN,NaN,NaN,NaN,NaN,"not_applicable","not_applicable","sixgr.truth.exportControlPlaneTraces","implemented","runtime_control_grant_rows","packet_flow/csv/live_pucch_grants.csv","not_applicable",0,1
"UL","DL",1,11,11,7,23,23,23,3,3,0,2024,1,0,1,1,1,"harq_ack","pucchgrant:fbdir=DL:due=11:src=7:ue=23:rnti=23:harq=0:cell=3","runtime_harq_feedback_due_scheduler","scheduled_pending_execution",1,0,2,1,"uci_payload_size_demoted_to_short_format","pucch:cell=3:slot=11:rnti=23:reqfmt=2:resfmt=1:prb=36:1:sym=10:4",36,1,10,4,"runtime_deterministic_pucch_resource_assignment",1,12,"not_applicable","not_applicable","not_applicable",0,0,"full_per_link_channel_waveform_sum",0,"not_applicable","not_applicable",0,"not_applicable","not_applicable","not_applicable",0,0,0,"pending_feedback_due_slot",0,0,"harq_feedback_consumed_by_runtime_harq_and_scheduler","PENDING",0,"not_applicable","not_applicable","Explicit runtime PUCCH grant/resource object scheduled from HARQ feedback timing.","PUCCH","active_but_simplified","active_scheduled_pending_feedback_due_not_reached","harq_feedback_resource_grant_and_state_update_when_due","pending_feedback_due_slot",0,0,0,0,"runtime_pucch_grant_trace","explicit_pucch_grant_and_feedback_runtime_state","available_runtime_grant_state","canonical PUCCH grant/resource row; waveform decode fields become available only after the feedback due slot is processed",0,0,0,"feedback_due_slot_not_reached_in_this_bounded_run",1,"ac5aaa60-f202-419a-8426-02227c779291","webgui_rel20_4ghz_100mhz_5gnb_50ue_10slot_20260417_170900","lls_3gpp_rel20_anchor_4ghz_100mhz_waveform_honest_5gnb_50ue_10slot","a1a414876cde1a5883e2a2ab610e6603ef434ebb5b0a934bfcb8df1260a73d7c","packet_flow/csv/live_pucch_grants.csv","packet_flow/csv/live_pucch_grants.csv","canonical_control_reference_signal_runtime_evidence","runtime_populated","UL",1,11,3,23,23,NaN,25,"persisted_runtime_pucch_grant_row","packet_flow/csv/live_pucch_grants.csv","runtime_grant_backed_mirror",1,"webgui_rel20_4ghz_100mhz_5gnb_50ue_10slot_20260417_170900","lls_3gpp_rel20_anchor_4ghz_100mhz_waveform_honest_5gnb_50ue_10slot","lls_3gpp_rel20_anchor_4ghz_100mhz_waveform_honest_5gnb_50ue_10slot","a1a414876cde1a5883e2a2ab610e6603ef434ebb5b0a934bfcb8df1260a73d7c","2756cfb",104729,NaN,NaN,NaN,NaN,NaN,NaN,NaN,NaN,NaN,NaN,"not_applicable","not_applicable","sixgr.truth.exportControlPlaneTraces","implemented","runtime_control_grant_rows","packet_flow/csv/live_pucch_grants.csv","not_applicable",0,1
"UL","DL",1,11,11,7,24,24,24,3,3,0,2024,1,0,1,1,1,"harq_ack","pucchgrant:fbdir=DL:due=11:src=7:ue=24:rnti=24:harq=0:cell=3","runtime_harq_feedback_due_scheduler","scheduled_pending_execution",1,0,2,1,"uci_payload_size_demoted_to_short_format","pucch:cell=3:slot=11:rnti=24:reqfmt=2:resfmt=1:prb=37:1:sym=10:4",37,1,10,4,"runtime_deterministic_pucch_resource_assignment",1,12,"not_applicable","not_applicable","not_applicable",0,0,"full_per_link_channel_waveform_sum",0,"not_applicable","not_applicable",0,"not_applicable","not_applicable","not_applicable",0,0,0,"pending_feedback_due_slot",0,0,"harq_feedback_consumed_by_runtime_harq_and_scheduler","PENDING",0,"not_applicable","not_applicable","Explicit runtime PUCCH grant/resource object scheduled from HARQ feedback timing.","PUCCH","active_but_simplified","active_scheduled_pending_feedback_due_not_reached","harq_feedback_resource_grant_and_state_update_when_due","pending_feedback_due_slot",0,0,0,0,"runtime_pucch_grant_trace","explicit_pucch_grant_and_feedback_runtime_state","available_runtime_grant_state","canonical PUCCH grant/resource row; waveform decode fields become available only after the feedback due slot is processed",0,0,0,"feedback_due_slot_not_reached_in_this_bounded_run",1,"ac5aaa60-f202-419a-8426-02227c779291","webgui_rel20_4ghz_100mhz_5gnb_50ue_10slot_20260417_170900","lls_3gpp_rel20_anchor_4ghz_100mhz_waveform_honest_5gnb_50ue_10slot","a1a414876cde1a5883e2a2ab610e6603ef434ebb5b0a934bfcb8df1260a73d7c","packet_flow/csv/live_pucch_grants.csv","packet_flow/csv/live_pucch_grants.csv","canonical_control_reference_signal_runtime_evidence","runtime_populated","UL",1,11,3,24,24,NaN,26,"persisted_runtime_pucch_grant_row","packet_flow/csv/live_pucch_grants.csv","runtime_grant_backed_mirror",1,"webgui_rel20_4ghz_100mhz_5gnb_50ue_10slot_20260417_170900","lls_3gpp_rel20_anchor_4ghz_100mhz_waveform_honest_5gnb_50ue_10slot","lls_3gpp_rel20_anchor_4ghz_100mhz_waveform_honest_5gnb_50ue_10slot","a1a414876cde1a5883e2a2ab610e6603ef434ebb5b0a934bfcb8df1260a73d7c","2756cfb",104729,NaN,NaN,NaN,NaN,NaN,NaN,NaN,NaN,NaN,NaN,"not_applicable","not_applicable","sixgr.truth.exportControlPlaneTraces","implemented","runtime_control_grant_rows","packet_flow/csv/live_pucch_grants.csv","not_applicable",0,1
"UL","DL",1,11,11,7,33,33,33,3,3,0,2024,1,0,1,1,1,"harq_ack","pucchgrant:fbdir=DL:due=11:src=7:ue=33:rnti=33:harq=0:cell=3","runtime_harq_feedback_due_scheduler","scheduled_pending_execution",1,0,2,1,"uci_payload_size_demoted_to_short_format","pucch:cell=3:slot=11:rnti=33:reqfmt=2:resfmt=1:prb=46:1:sym=10:4",46,1,10,4,"runtime_deterministic_pucch_resource_assignment",1,12,"not_applicable","not_applicable","not_applicable",0,0,"full_per_link_channel_waveform_sum",0,"not_applicable","not_applicable",0,"not_applicable","not_applicable","not_applicable",0,0,0,"pending_feedback_due_slot",0,0,"harq_feedback_consumed_by_runtime_harq_and_scheduler","PENDING",0,"not_applicable","not_applicable","Explicit runtime PUCCH grant/resource object scheduled from HARQ feedback timing.","PUCCH","active_but_simplified","active_scheduled_pending_feedback_due_not_reached","harq_feedback_resource_grant_and_state_update_when_due","pending_feedback_due_slot",0,0,0,0,"runtime_pucch_grant_trace","explicit_pucch_grant_and_feedback_runtime_state","available_runtime_grant_state","canonical PUCCH grant/resource row; waveform decode fields become available only after the feedback due slot is processed",0,0,0,"feedback_due_slot_not_reached_in_this_bounded_run",1,"ac5aaa60-f202-419a-8426-02227c779291","webgui_rel20_4ghz_100mhz_5gnb_50ue_10slot_20260417_170900","lls_3gpp_rel20_anchor_4ghz_100mhz_waveform_honest_5gnb_50ue_10slot","a1a414876cde1a5883e2a2ab610e6603ef434ebb5b0a934bfcb8df1260a73d7c","packet_flow/csv/live_pucch_grants.csv","packet_flow/csv/live_pucch_grants.csv","canonical_control_reference_signal_runtime_evidence","runtime_populated","UL",1,11,3,33,33,NaN,27,"persisted_runtime_pucch_grant_row","packet_flow/csv/live_pucch_grants.csv","runtime_grant_backed_mirror",1,"webgui_rel20_4ghz_100mhz_5gnb_50ue_10slot_20260417_170900","lls_3gpp_rel20_anchor_4ghz_100mhz_waveform_honest_5gnb_50ue_10slot","lls_3gpp_rel20_anchor_4ghz_100mhz_waveform_honest_5gnb_50ue_10slot","a1a414876cde1a5883e2a2ab610e6603ef434ebb5b0a934bfcb8df1260a73d7c","2756cfb",104729,NaN,NaN,NaN,NaN,NaN,NaN,NaN,NaN,NaN,NaN,"not_applicable","not_applicable","sixgr.truth.exportControlPlaneTraces","implemented","runtime_control_grant_rows","packet_flow/csv/live_pucch_grants.csv","not_applicable",0,1
"UL","DL",1,11,11,7,34,34,34,3,3,0,2024,1,0,1,1,1,"harq_ack","pucchgrant:fbdir=DL:due=11:src=7:ue=34:rnti=34:harq=0:cell=3","runtime_harq_feedback_due_scheduler","scheduled_pending_execution",1,0,2,1,"uci_payload_size_demoted_to_short_format","pucch:cell=3:slot=11:rnti=34:reqfmt=2:resfmt=1:prb=47:1:sym=10:4",47,1,10,4,"runtime_deterministic_pucch_resource_assignment",1,12,"not_applicable","not_applicable","not_applicable",0,0,"full_per_link_channel_waveform_sum",0,"not_applicable","not_applicable",0,"not_applicable","not_applicable","not_applicable",0,0,0,"pending_feedback_due_slot",0,0,"harq_feedback_consumed_by_runtime_harq_and_scheduler","PENDING",0,"not_applicable","not_applicable","Explicit runtime PUCCH grant/resource object scheduled from HARQ feedback timing.","PUCCH","active_but_simplified","active_scheduled_pending_feedback_due_not_reached","harq_feedback_resource_grant_and_state_update_when_due","pending_feedback_due_slot",0,0,0,0,"runtime_pucch_grant_trace","explicit_pucch_grant_and_feedback_runtime_state","available_runtime_grant_state","canonical PUCCH grant/resource row; waveform decode fields become available only after the feedback due slot is processed",0,0,0,"feedback_due_slot_not_reached_in_this_bounded_run",1,"ac5aaa60-f202-419a-8426-02227c779291","webgui_rel20_4ghz_100mhz_5gnb_50ue_10slot_20260417_170900","lls_3gpp_rel20_anchor_4ghz_100mhz_waveform_honest_5gnb_50ue_10slot","a1a414876cde1a5883e2a2ab610e6603ef434ebb5b0a934bfcb8df1260a73d7c","packet_flow/csv/live_pucch_grants.csv","packet_flow/csv/live_pucch_grants.csv","canonical_control_reference_signal_runtime_evidence","runtime_populated","UL",1,11,3,34,34,NaN,28,"persisted_runtime_pucch_grant_row","packet_flow/csv/live_pucch_grants.csv","runtime_grant_backed_mirror",1,"webgui_rel20_4ghz_100mhz_5gnb_50ue_10slot_20260417_170900","lls_3gpp_rel20_anchor_4ghz_100mhz_waveform_honest_5gnb_50ue_10slot","lls_3gpp_rel20_anchor_4ghz_100mhz_waveform_honest_5gnb_50ue_10slot","a1a414876cde1a5883e2a2ab610e6603ef434ebb5b0a934bfcb8df1260a73d7c","2756cfb",104729,NaN,NaN,NaN,NaN,NaN,NaN,NaN,NaN,NaN,NaN,"not_applicable","not_applicable","sixgr.truth.exportControlPlaneTraces","implemented","runtime_control_grant_rows","packet_flow/csv/live_pucch_grants.csv","not_applicable",0,1
"UL","DL",1,11,11,7,20,20,20,4,4,0,2216,1,0,1,1,1,"harq_ack","pucchgrant:fbdir=DL:due=11:src=7:ue=20:rnti=20:harq=0:cell=4","runtime_harq_feedback_due_scheduler","scheduled_pending_execution",1,0,2,1,"uci_payload_size_demoted_to_short_format","pucch:cell=4:slot=11:rnti=20:reqfmt=2:resfmt=1:prb=40:1:sym=10:4",40,1,10,4,"runtime_deterministic_pucch_resource_assignment",1,12,"not_applicable","not_applicable","not_applicable",0,0,"full_per_link_channel_waveform_sum",0,"not_applicable","not_applicable",0,"not_applicable","not_applicable","not_applicable",0,0,0,"pending_feedback_due_slot",0,0,"harq_feedback_consumed_by_runtime_harq_and_scheduler","PENDING",0,"not_applicable","not_applicable","Explicit runtime PUCCH grant/resource object scheduled from HARQ feedback timing.","PUCCH","active_but_simplified","active_scheduled_pending_feedback_due_not_reached","harq_feedback_resource_grant_and_state_update_when_due","pending_feedback_due_slot",0,0,0,0,"runtime_pucch_grant_trace","explicit_pucch_grant_and_feedback_runtime_state","available_runtime_grant_state","canonical PUCCH grant/resource row; waveform decode fields become available only after the feedback due slot is processed",0,0,0,"feedback_due_slot_not_reached_in_this_bounded_run",1,"ac5aaa60-f202-419a-8426-02227c779291","webgui_rel20_4ghz_100mhz_5gnb_50ue_10slot_20260417_170900","lls_3gpp_rel20_anchor_4ghz_100mhz_waveform_honest_5gnb_50ue_10slot","a1a414876cde1a5883e2a2ab610e6603ef434ebb5b0a934bfcb8df1260a73d7c","packet_flow/csv/live_pucch_grants.csv","packet_flow/csv/live_pucch_grants.csv","canonical_control_reference_signal_runtime_evidence","runtime_populated","UL",1,11,4,20,20,NaN,29,"persisted_runtime_pucch_grant_row","packet_flow/csv/live_pucch_grants.csv","runtime_grant_backed_mirror",1,"webgui_rel20_4ghz_100mhz_5gnb_50ue_10slot_20260417_170900","lls_3gpp_rel20_anchor_4ghz_100mhz_waveform_honest_5gnb_50ue_10slot","lls_3gpp_rel20_anchor_4ghz_100mhz_waveform_honest_5gnb_50ue_10slot","a1a414876cde1a5883e2a2ab610e6603ef434ebb5b0a934bfcb8df1260a73d7c","2756cfb",104729,NaN,NaN,NaN,NaN,NaN,NaN,NaN,NaN,NaN,NaN,"not_applicable","not_applicable","sixgr.truth.exportControlPlaneTraces","implemented","runtime_control_grant_rows","packet_flow/csv/live_pucch_grants.csv","not_applicable",0,1
"UL","DL",1,11,11,7,22,22,22,4,4,0,2216,1,0,1,1,1,"harq_ack","pucchgrant:fbdir=DL:due=11:src=7:ue=22:rnti=22:harq=0:cell=4","runtime_harq_feedback_due_scheduler","scheduled_pending_execution",1,0,2,1,"uci_payload_size_demoted_to_short_format","pucch:cell=4:slot=11:rnti=22:reqfmt=2:resfmt=1:prb=42:1:sym=10:4",42,1,10,4,"runtime_deterministic_pucch_resource_assignment",1,12,"not_applicable","not_applicable","not_applicable",0,0,"full_per_link_channel_waveform_sum",0,"not_applicable","not_applicable",0,"not_applicable","not_applicable","not_applicable",0,0,0,"pending_feedback_due_slot",0,0,"harq_feedback_consumed_by_runtime_harq_and_scheduler","PENDING",0,"not_applicable","not_applicable","Explicit runtime PUCCH grant/resource object scheduled from HARQ feedback timing.","PUCCH","active_but_simplified","active_scheduled_pending_feedback_due_not_reached","harq_feedback_resource_grant_and_state_update_when_due","pending_feedback_due_slot",0,0,0,0,"runtime_pucch_grant_trace","explicit_pucch_grant_and_feedback_runtime_state","available_runtime_grant_state","canonical PUCCH grant/resource row; waveform decode fields become available only after the feedback due slot is processed",0,0,0,"feedback_due_slot_not_reached_in_this_bounded_run",1,"ac5aaa60-f202-419a-8426-02227c779291","webgui_rel20_4ghz_100mhz_5gnb_50ue_10slot_20260417_170900","lls_3gpp_rel20_anchor_4ghz_100mhz_waveform_honest_5gnb_50ue_10slot","a1a414876cde1a5883e2a2ab610e6603ef434ebb5b0a934bfcb8df1260a73d7c","packet_flow/csv/live_pucch_grants.csv","packet_flow/csv/live_pucch_grants.csv","canonical_control_reference_signal_runtime_evidence","runtime_populated","UL",1,11,4,22,22,NaN,30,"persisted_runtime_pucch_grant_row","packet_flow/csv/live_pucch_grants.csv","runtime_grant_backed_mirror",1,"webgui_rel20_4ghz_100mhz_5gnb_50ue_10slot_20260417_170900","lls_3gpp_rel20_anchor_4ghz_100mhz_waveform_honest_5gnb_50ue_10slot","lls_3gpp_rel20_anchor_4ghz_100mhz_waveform_honest_5gnb_50ue_10slot","a1a414876cde1a5883e2a2ab610e6603ef434ebb5b0a934bfcb8df1260a73d7c","2756cfb",104729,NaN,NaN,NaN,NaN,NaN,NaN,NaN,NaN,NaN,NaN,"not_applicable","not_applicable","sixgr.truth.exportControlPlaneTraces","implemented","runtime_control_grant_rows","packet_flow/csv/live_pucch_grants.csv","not_applicable",0,1
"UL","DL",1,11,11,7,32,32,32,4,4,0,2216,1,0,1,1,1,"harq_ack","pucchgrant:fbdir=DL:due=11:src=7:ue=32:rnti=32:harq=0:cell=4","runtime_harq_feedback_due_scheduler","scheduled_pending_execution",1,0,2,1,"uci_payload_size_demoted_to_short_format","pucch:cell=4:slot=11:rnti=32:reqfmt=2:resfmt=1:prb=52:1:sym=10:4",52,1,10,4,"runtime_deterministic_pucch_resource_assignment",1,12,"not_applicable","not_applicable","not_applicable",0,0,"full_per_link_channel_waveform_sum",0,"not_applicable","not_applicable",0,"not_applicable","not_applicable","not_applicable",0,0,0,"pending_feedback_due_slot",0,0,"harq_feedback_consumed_by_runtime_harq_and_scheduler","PENDING",0,"not_applicable","not_applicable","Explicit runtime PUCCH grant/resource object scheduled from HARQ feedback timing.","PUCCH","active_but_simplified","active_scheduled_pending_feedback_due_not_reached","harq_feedback_resource_grant_and_state_update_when_due","pending_feedback_due_slot",0,0,0,0,"runtime_pucch_grant_trace","explicit_pucch_grant_and_feedback_runtime_state","available_runtime_grant_state","canonical PUCCH grant/resource row; waveform decode fields become available only after the feedback due slot is processed",0,0,0,"feedback_due_slot_not_reached_in_this_bounded_run",1,"ac5aaa60-f202-419a-8426-02227c779291","webgui_rel20_4ghz_100mhz_5gnb_50ue_10slot_20260417_170900","lls_3gpp_rel20_anchor_4ghz_100mhz_waveform_honest_5gnb_50ue_10slot","a1a414876cde1a5883e2a2ab610e6603ef434ebb5b0a934bfcb8df1260a73d7c","packet_flow/csv/live_pucch_grants.csv","packet_flow/csv/live_pucch_grants.csv","canonical_control_reference_signal_runtime_evidence","runtime_populated","UL",1,11,4,32,32,NaN,31,"persisted_runtime_pucch_grant_row","packet_flow/csv/live_pucch_grants.csv","runtime_grant_backed_mirror",1,"webgui_rel20_4ghz_100mhz_5gnb_50ue_10slot_20260417_170900","lls_3gpp_rel20_anchor_4ghz_100mhz_waveform_honest_5gnb_50ue_10slot","lls_3gpp_rel20_anchor_4ghz_100mhz_waveform_honest_5gnb_50ue_10slot","a1a414876cde1a5883e2a2ab610e6603ef434ebb5b0a934bfcb8df1260a73d7c","2756cfb",104729,NaN,NaN,NaN,NaN,NaN,NaN,NaN,NaN,NaN,NaN,"not_applicable","not_applicable","sixgr.truth.exportControlPlaneTraces","implemented","runtime_control_grant_rows","packet_flow/csv/live_pucch_grants.csv","not_applicable",0,1
"UL","DL",1,11,11,7,37,37,37,4,4,0,2216,1,0,1,1,1,"harq_ack","pucchgrant:fbdir=DL:due=11:src=7:ue=37:rnti=37:harq=0:cell=4","runtime_harq_feedback_due_scheduler","scheduled_pending_execution",1,0,2,1,"uci_payload_size_demoted_to_short_format","pucch:cell=4:slot=11:rnti=37:reqfmt=2:resfmt=1:prb=57:1:sym=10:4",57,1,10,4,"runtime_deterministic_pucch_resource_assignment",1,12,"not_applicable","not_applicable","not_applicable",0,0,"full_per_link_channel_waveform_sum",0,"not_applicable","not_applicable",0,"not_applicable","not_applicable","not_applicable",0,0,0,"pending_feedback_due_slot",0,0,"harq_feedback_consumed_by_runtime_harq_and_scheduler","PENDING",0,"not_applicable","not_applicable","Explicit runtime PUCCH grant/resource object scheduled from HARQ feedback timing.","PUCCH","active_but_simplified","active_scheduled_pending_feedback_due_not_reached","harq_feedback_resource_grant_and_state_update_when_due","pending_feedback_due_slot",0,0,0,0,"runtime_pucch_grant_trace","explicit_pucch_grant_and_feedback_runtime_state","available_runtime_grant_state","canonical PUCCH grant/resource row; waveform decode fields become available only after the feedback due slot is processed",0,0,0,"feedback_due_slot_not_reached_in_this_bounded_run",1,"ac5aaa60-f202-419a-8426-02227c779291","webgui_rel20_4ghz_100mhz_5gnb_50ue_10slot_20260417_170900","lls_3gpp_rel20_anchor_4ghz_100mhz_waveform_honest_5gnb_50ue_10slot","a1a414876cde1a5883e2a2ab610e6603ef434ebb5b0a934bfcb8df1260a73d7c","packet_flow/csv/live_pucch_grants.csv","packet_flow/csv/live_pucch_grants.csv","canonical_control_reference_signal_runtime_evidence","runtime_populated","UL",1,11,4,37,37,NaN,32,"persisted_runtime_pucch_grant_row","packet_flow/csv/live_pucch_grants.csv","runtime_grant_backed_mirror",1,"webgui_rel20_4ghz_100mhz_5gnb_50ue_10slot_20260417_170900","lls_3gpp_rel20_anchor_4ghz_100mhz_waveform_honest_5gnb_50ue_10slot","lls_3gpp_rel20_anchor_4ghz_100mhz_waveform_honest_5gnb_50ue_10slot","a1a414876cde1a5883e2a2ab610e6603ef434ebb5b0a934bfcb8df1260a73d7c","2756cfb",104729,NaN,NaN,NaN,NaN,NaN,NaN,NaN,NaN,NaN,NaN,"not_applicable","not_applicable","sixgr.truth.exportControlPlaneTraces","implemented","runtime_control_grant_rows","packet_flow/csv/live_pucch_grants.csv","not_applicable",0,1
"UL","DL",1,11,11,7,38,38,38,4,4,0,2216,1,0,1,1,1,"harq_ack","pucchgrant:fbdir=DL:due=11:src=7:ue=38:rnti=38:harq=0:cell=4","runtime_harq_feedback_due_scheduler","scheduled_pending_execution",1,0,2,1,"uci_payload_size_demoted_to_short_format","pucch:cell=4:slot=11:rnti=38:reqfmt=2:resfmt=1:prb=58:1:sym=10:4",58,1,10,4,"runtime_deterministic_pucch_resource_assignment",1,12,"not_applicable","not_applicable","not_applicable",0,0,"full_per_link_channel_waveform_sum",0,"not_applicable","not_applicable",0,"not_applicable","not_applicable","not_applicable",0,0,0,"pending_feedback_due_slot",0,0,"harq_feedback_consumed_by_runtime_harq_and_scheduler","PENDING",0,"not_applicable","not_applicable","Explicit runtime PUCCH grant/resource object scheduled from HARQ feedback timing.","PUCCH","active_but_simplified","active_scheduled_pending_feedback_due_not_reached","harq_feedback_resource_grant_and_state_update_when_due","pending_feedback_due_slot",0,0,0,0,"runtime_pucch_grant_trace","explicit_pucch_grant_and_feedback_runtime_state","available_runtime_grant_state","canonical PUCCH grant/resource row; waveform decode fields become available only after the feedback due slot is processed",0,0,0,"feedback_due_slot_not_reached_in_this_bounded_run",1,"ac5aaa60-f202-419a-8426-02227c779291","webgui_rel20_4ghz_100mhz_5gnb_50ue_10slot_20260417_170900","lls_3gpp_rel20_anchor_4ghz_100mhz_waveform_honest_5gnb_50ue_10slot","a1a414876cde1a5883e2a2ab610e6603ef434ebb5b0a934bfcb8df1260a73d7c","packet_flow/csv/live_pucch_grants.csv","packet_flow/csv/live_pucch_grants.csv","canonical_control_reference_signal_runtime_evidence","runtime_populated","UL",1,11,4,38,38,NaN,33,"persisted_runtime_pucch_grant_row","packet_flow/csv/live_pucch_grants.csv","runtime_grant_backed_mirror",1,"webgui_rel20_4ghz_100mhz_5gnb_50ue_10slot_20260417_170900","lls_3gpp_rel20_anchor_4ghz_100mhz_waveform_honest_5gnb_50ue_10slot","lls_3gpp_rel20_anchor_4ghz_100mhz_waveform_honest_5gnb_50ue_10slot","a1a414876cde1a5883e2a2ab610e6603ef434ebb5b0a934bfcb8df1260a73d7c","2756cfb",104729,NaN,NaN,NaN,NaN,NaN,NaN,NaN,NaN,NaN,NaN,"not_applicable","not_applicable","sixgr.truth.exportControlPlaneTraces","implemented","runtime_control_grant_rows","packet_flow/csv/live_pucch_grants.csv","not_applicable",0,1
"UL","DL",1,11,11,7,40,40,40,4,4,0,2216,1,0,1,1,1,"harq_ack","pucchgrant:fbdir=DL:due=11:src=7:ue=40:rnti=40:harq=0:cell=4","runtime_harq_feedback_due_scheduler","scheduled_pending_execution",1,0,2,1,"uci_payload_size_demoted_to_short_format","pucch:cell=4:slot=11:rnti=40:reqfmt=2:resfmt=1:prb=60:1:sym=10:4",60,1,10,4,"runtime_deterministic_pucch_resource_assignment",1,12,"not_applicable","not_applicable","not_applicable",0,0,"full_per_link_channel_waveform_sum",0,"not_applicable","not_applicable",0,"not_applicable","not_applicable","not_applicable",0,0,0,"pending_feedback_due_slot",0,0,"harq_feedback_consumed_by_runtime_harq_and_scheduler","PENDING",0,"not_applicable","not_applicable","Explicit runtime PUCCH grant/resource object scheduled from HARQ feedback timing.","PUCCH","active_but_simplified","active_scheduled_pending_feedback_due_not_reached","harq_feedback_resource_grant_and_state_update_when_due","pending_feedback_due_slot",0,0,0,0,"runtime_pucch_grant_trace","explicit_pucch_grant_and_feedback_runtime_state","available_runtime_grant_state","canonical PUCCH grant/resource row; waveform decode fields become available only after the feedback due slot is processed",0,0,0,"feedback_due_slot_not_reached_in_this_bounded_run",1,"ac5aaa60-f202-419a-8426-02227c779291","webgui_rel20_4ghz_100mhz_5gnb_50ue_10slot_20260417_170900","lls_3gpp_rel20_anchor_4ghz_100mhz_waveform_honest_5gnb_50ue_10slot","a1a414876cde1a5883e2a2ab610e6603ef434ebb5b0a934bfcb8df1260a73d7c","packet_flow/csv/live_pucch_grants.csv","packet_flow/csv/live_pucch_grants.csv","canonical_control_reference_signal_runtime_evidence","runtime_populated","UL",1,11,4,40,40,NaN,34,"persisted_runtime_pucch_grant_row","packet_flow/csv/live_pucch_grants.csv","runtime_grant_backed_mirror",1,"webgui_rel20_4ghz_100mhz_5gnb_50ue_10slot_20260417_170900","lls_3gpp_rel20_anchor_4ghz_100mhz_waveform_honest_5gnb_50ue_10slot","lls_3gpp_rel20_anchor_4ghz_100mhz_waveform_honest_5gnb_50ue_10slot","a1a414876cde1a5883e2a2ab610e6603ef434ebb5b0a934bfcb8df1260a73d7c","2756cfb",104729,NaN,NaN,NaN,NaN,NaN,NaN,NaN,NaN,NaN,NaN,"not_applicable","not_applicable","sixgr.truth.exportControlPlaneTraces","implemented","runtime_control_grant_rows","packet_flow/csv/live_pucch_grants.csv","not_applicable",0,1
"UL","DL",1,11,11,7,42,42,42,4,4,0,2216,1,0,1,1,1,"harq_ack","pucchgrant:fbdir=DL:due=11:src=7:ue=42:rnti=42:harq=0:cell=4","runtime_harq_feedback_due_scheduler","scheduled_pending_execution",1,0,2,1,"uci_payload_size_demoted_to_short_format","pucch:cell=4:slot=11:rnti=42:reqfmt=2:resfmt=1:prb=62:1:sym=10:4",62,1,10,4,"runtime_deterministic_pucch_resource_assignment",1,12,"not_applicable","not_applicable","not_applicable",0,0,"full_per_link_channel_waveform_sum",0,"not_applicable","not_applicable",0,"not_applicable","not_applicable","not_applicable",0,0,0,"pending_feedback_due_slot",0,0,"harq_feedback_consumed_by_runtime_harq_and_scheduler","PENDING",0,"not_applicable","not_applicable","Explicit runtime PUCCH grant/resource object scheduled from HARQ feedback timing.","PUCCH","active_but_simplified","active_scheduled_pending_feedback_due_not_reached","harq_feedback_resource_grant_and_state_update_when_due","pending_feedback_due_slot",0,0,0,0,"runtime_pucch_grant_trace","explicit_pucch_grant_and_feedback_runtime_state","available_runtime_grant_state","canonical PUCCH grant/resource row; waveform decode fields become available only after the feedback due slot is processed",0,0,0,"feedback_due_slot_not_reached_in_this_bounded_run",1,"ac5aaa60-f202-419a-8426-02227c779291","webgui_rel20_4ghz_100mhz_5gnb_50ue_10slot_20260417_170900","lls_3gpp_rel20_anchor_4ghz_100mhz_waveform_honest_5gnb_50ue_10slot","a1a414876cde1a5883e2a2ab610e6603ef434ebb5b0a934bfcb8df1260a73d7c","packet_flow/csv/live_pucch_grants.csv","packet_flow/csv/live_pucch_grants.csv","canonical_control_reference_signal_runtime_evidence","runtime_populated","UL",1,11,4,42,42,NaN,35,"persisted_runtime_pucch_grant_row","packet_flow/csv/live_pucch_grants.csv","runtime_grant_backed_mirror",1,"webgui_rel20_4ghz_100mhz_5gnb_50ue_10slot_20260417_170900","lls_3gpp_rel20_anchor_4ghz_100mhz_waveform_honest_5gnb_50ue_10slot","lls_3gpp_rel20_anchor_4ghz_100mhz_waveform_honest_5gnb_50ue_10slot","a1a414876cde1a5883e2a2ab610e6603ef434ebb5b0a934bfcb8df1260a73d7c","2756cfb",104729,NaN,NaN,NaN,NaN,NaN,NaN,NaN,NaN,NaN,NaN,"not_applicable","not_applicable","sixgr.truth.exportControlPlaneTraces","implemented","runtime_control_grant_rows","packet_flow/csv/live_pucch_grants.csv","not_applicable",0,1
"UL","DL",1,11,11,7,44,44,44,4,4,0,2216,1,0,1,1,1,"harq_ack","pucchgrant:fbdir=DL:due=11:src=7:ue=44:rnti=44:harq=0:cell=4","runtime_harq_feedback_due_scheduler","scheduled_pending_execution",1,0,2,1,"uci_payload_size_demoted_to_short_format","pucch:cell=4:slot=11:rnti=44:reqfmt=2:resfmt=1:prb=64:1:sym=10:4",64,1,10,4,"runtime_deterministic_pucch_resource_assignment",1,12,"not_applicable","not_applicable","not_applicable",0,0,"full_per_link_channel_waveform_sum",0,"not_applicable","not_applicable",0,"not_applicable","not_applicable","not_applicable",0,0,0,"pending_feedback_due_slot",0,0,"harq_feedback_consumed_by_runtime_harq_and_scheduler","PENDING",0,"not_applicable","not_applicable","Explicit runtime PUCCH grant/resource object scheduled from HARQ feedback timing.","PUCCH","active_but_simplified","active_scheduled_pending_feedback_due_not_reached","harq_feedback_resource_grant_and_state_update_when_due","pending_feedback_due_slot",0,0,0,0,"runtime_pucch_grant_trace","explicit_pucch_grant_and_feedback_runtime_state","available_runtime_grant_state","canonical PUCCH grant/resource row; waveform decode fields become available only after the feedback due slot is processed",0,0,0,"feedback_due_slot_not_reached_in_this_bounded_run",1,"ac5aaa60-f202-419a-8426-02227c779291","webgui_rel20_4ghz_100mhz_5gnb_50ue_10slot_20260417_170900","lls_3gpp_rel20_anchor_4ghz_100mhz_waveform_honest_5gnb_50ue_10slot","a1a414876cde1a5883e2a2ab610e6603ef434ebb5b0a934bfcb8df1260a73d7c","packet_flow/csv/live_pucch_grants.csv","packet_flow/csv/live_pucch_grants.csv","canonical_control_reference_signal_runtime_evidence","runtime_populated","UL",1,11,4,44,44,NaN,36,"persisted_runtime_pucch_grant_row","packet_flow/csv/live_pucch_grants.csv","runtime_grant_backed_mirror",1,"webgui_rel20_4ghz_100mhz_5gnb_50ue_10slot_20260417_170900","lls_3gpp_rel20_anchor_4ghz_100mhz_waveform_honest_5gnb_50ue_10slot","lls_3gpp_rel20_anchor_4ghz_100mhz_waveform_honest_5gnb_50ue_10slot","a1a414876cde1a5883e2a2ab610e6603ef434ebb5b0a934bfcb8df1260a73d7c","2756cfb",104729,NaN,NaN,NaN,NaN,NaN,NaN,NaN,NaN,NaN,NaN,"not_applicable","not_applicable","sixgr.truth.exportControlPlaneTraces","implemented","runtime_control_grant_rows","packet_flow/csv/live_pucch_grants.csv","not_applicable",0,1
"UL","DL",1,11,11,7,49,49,49,4,4,0,2216,1,0,1,1,1,"harq_ack","pucchgrant:fbdir=DL:due=11:src=7:ue=49:rnti=49:harq=0:cell=4","runtime_harq_feedback_due_scheduler","scheduled_pending_execution",1,0,2,1,"uci_payload_size_demoted_to_short_format","pucch:cell=4:slot=11:rnti=49:reqfmt=2:resfmt=1:prb=69:1:sym=10:4",69,1,10,4,"runtime_deterministic_pucch_resource_assignment",1,12,"not_applicable","not_applicable","not_applicable",0,0,"full_per_link_channel_waveform_sum",0,"not_applicable","not_applicable",0,"not_applicable","not_applicable","not_applicable",0,0,0,"pending_feedback_due_slot",0,0,"harq_feedback_consumed_by_runtime_harq_and_scheduler","PENDING",0,"not_applicable","not_applicable","Explicit runtime PUCCH grant/resource object scheduled from HARQ feedback timing.","PUCCH","active_but_simplified","active_scheduled_pending_feedback_due_not_reached","harq_feedback_resource_grant_and_state_update_when_due","pending_feedback_due_slot",0,0,0,0,"runtime_pucch_grant_trace","explicit_pucch_grant_and_feedback_runtime_state","available_runtime_grant_state","canonical PUCCH grant/resource row; waveform decode fields become available only after the feedback due slot is processed",0,0,0,"feedback_due_slot_not_reached_in_this_bounded_run",1,"ac5aaa60-f202-419a-8426-02227c779291","webgui_rel20_4ghz_100mhz_5gnb_50ue_10slot_20260417_170900","lls_3gpp_rel20_anchor_4ghz_100mhz_waveform_honest_5gnb_50ue_10slot","a1a414876cde1a5883e2a2ab610e6603ef434ebb5b0a934bfcb8df1260a73d7c","packet_flow/csv/live_pucch_grants.csv","packet_flow/csv/live_pucch_grants.csv","canonical_control_reference_signal_runtime_evidence","runtime_populated","UL",1,11,4,49,49,NaN,37,"persisted_runtime_pucch_grant_row","packet_flow/csv/live_pucch_grants.csv","runtime_grant_backed_mirror",1,"webgui_rel20_4ghz_100mhz_5gnb_50ue_10slot_20260417_170900","lls_3gpp_rel20_anchor_4ghz_100mhz_waveform_honest_5gnb_50ue_10slot","lls_3gpp_rel20_anchor_4ghz_100mhz_waveform_honest_5gnb_50ue_10slot","a1a414876cde1a5883e2a2ab610e6603ef434ebb5b0a934bfcb8df1260a73d7c","2756cfb",104729,NaN,NaN,NaN,NaN,NaN,NaN,NaN,NaN,NaN,NaN,"not_applicable","not_applicable","sixgr.truth.exportControlPlaneTraces","implemented","runtime_control_grant_rows","packet_flow/csv/live_pucch_grants.csv","not_applicable",0,1
"UL","DL",1,11,11,7,1,1,1,5,5,0,1544,1,0,1,1,1,"harq_ack","pucchgrant:fbdir=DL:due=11:src=7:ue=1:rnti=1:harq=0:cell=5","runtime_harq_feedback_due_scheduler","scheduled_pending_execution",1,0,2,1,"uci_payload_size_demoted_to_short_format","pucch:cell=5:slot=11:rnti=1:reqfmt=2:resfmt=1:prb=28:1:sym=10:4",28,1,10,4,"runtime_deterministic_pucch_resource_assignment",1,12,"not_applicable","not_applicable","not_applicable",0,0,"full_per_link_channel_waveform_sum",0,"not_applicable","not_applicable",0,"not_applicable","not_applicable","not_applicable",0,0,0,"pending_feedback_due_slot",0,0,"harq_feedback_consumed_by_runtime_harq_and_scheduler","PENDING",0,"not_applicable","not_applicable","Explicit runtime PUCCH grant/resource object scheduled from HARQ feedback timing.","PUCCH","active_but_simplified","active_scheduled_pending_feedback_due_not_reached","harq_feedback_resource_grant_and_state_update_when_due","pending_feedback_due_slot",0,0,0,0,"runtime_pucch_grant_trace","explicit_pucch_grant_and_feedback_runtime_state","available_runtime_grant_state","canonical PUCCH grant/resource row; waveform decode fields become available only after the feedback due slot is processed",0,0,0,"feedback_due_slot_not_reached_in_this_bounded_run",1,"ac5aaa60-f202-419a-8426-02227c779291","webgui_rel20_4ghz_100mhz_5gnb_50ue_10slot_20260417_170900","lls_3gpp_rel20_anchor_4ghz_100mhz_waveform_honest_5gnb_50ue_10slot","a1a414876cde1a5883e2a2ab610e6603ef434ebb5b0a934bfcb8df1260a73d7c","packet_flow/csv/live_pucch_grants.csv","packet_flow/csv/live_pucch_grants.csv","canonical_control_reference_signal_runtime_evidence","runtime_populated","UL",1,11,5,1,1,NaN,38,"persisted_runtime_pucch_grant_row","packet_flow/csv/live_pucch_grants.csv","runtime_grant_backed_mirror",1,"webgui_rel20_4ghz_100mhz_5gnb_50ue_10slot_20260417_170900","lls_3gpp_rel20_anchor_4ghz_100mhz_waveform_honest_5gnb_50ue_10slot","lls_3gpp_rel20_anchor_4ghz_100mhz_waveform_honest_5gnb_50ue_10slot","a1a414876cde1a5883e2a2ab610e6603ef434ebb5b0a934bfcb8df1260a73d7c","2756cfb",104729,NaN,NaN,NaN,NaN,NaN,NaN,NaN,NaN,NaN,NaN,"not_applicable","not_applicable","sixgr.truth.exportControlPlaneTraces","implemented","runtime_control_grant_rows","packet_flow/csv/live_pucch_grants.csv","not_applicable",0,1
"UL","DL",1,11,11,7,8,8,8,5,5,0,1544,1,0,1,1,1,"harq_ack","pucchgrant:fbdir=DL:due=11:src=7:ue=8:rnti=8:harq=0:cell=5","runtime_harq_feedback_due_scheduler","scheduled_pending_execution",1,0,2,1,"uci_payload_size_demoted_to_short_format","pucch:cell=5:slot=11:rnti=8:reqfmt=2:resfmt=1:prb=35:1:sym=10:4",35,1,10,4,"runtime_deterministic_pucch_resource_assignment",1,12,"not_applicable","not_applicable","not_applicable",0,0,"full_per_link_channel_waveform_sum",0,"not_applicable","not_applicable",0,"not_applicable","not_applicable","not_applicable",0,0,0,"pending_feedback_due_slot",0,0,"harq_feedback_consumed_by_runtime_harq_and_scheduler","PENDING",0,"not_applicable","not_applicable","Explicit runtime PUCCH grant/resource object scheduled from HARQ feedback timing.","PUCCH","active_but_simplified","active_scheduled_pending_feedback_due_not_reached","harq_feedback_resource_grant_and_state_update_when_due","pending_feedback_due_slot",0,0,0,0,"runtime_pucch_grant_trace","explicit_pucch_grant_and_feedback_runtime_state","available_runtime_grant_state","canonical PUCCH grant/resource row; waveform decode fields become available only after the feedback due slot is processed",0,0,0,"feedback_due_slot_not_reached_in_this_bounded_run",1,"ac5aaa60-f202-419a-8426-02227c779291","webgui_rel20_4ghz_100mhz_5gnb_50ue_10slot_20260417_170900","lls_3gpp_rel20_anchor_4ghz_100mhz_waveform_honest_5gnb_50ue_10slot","a1a414876cde1a5883e2a2ab610e6603ef434ebb5b0a934bfcb8df1260a73d7c","packet_flow/csv/live_pucch_grants.csv","packet_flow/csv/live_pucch_grants.csv","canonical_control_reference_signal_runtime_evidence","runtime_populated","UL",1,11,5,8,8,NaN,39,"persisted_runtime_pucch_grant_row","packet_flow/csv/live_pucch_grants.csv","runtime_grant_backed_mirror",1,"webgui_rel20_4ghz_100mhz_5gnb_50ue_10slot_20260417_170900","lls_3gpp_rel20_anchor_4ghz_100mhz_waveform_honest_5gnb_50ue_10slot","lls_3gpp_rel20_anchor_4ghz_100mhz_waveform_honest_5gnb_50ue_10slot","a1a414876cde1a5883e2a2ab610e6603ef434ebb5b0a934bfcb8df1260a73d7c","2756cfb",104729,NaN,NaN,NaN,NaN,NaN,NaN,NaN,NaN,NaN,NaN,"not_applicable","not_applicable","sixgr.truth.exportControlPlaneTraces","implemented","runtime_control_grant_rows","packet_flow/csv/live_pucch_grants.csv","not_applicable",0,1
"UL","DL",1,11,11,7,11,11,11,5,5,0,1544,1,0,1,1,1,"harq_ack","pucchgrant:fbdir=DL:due=11:src=7:ue=11:rnti=11:harq=0:cell=5","runtime_harq_feedback_due_scheduler","scheduled_pending_execution",1,0,2,1,"uci_payload_size_demoted_to_short_format","pucch:cell=5:slot=11:rnti=11:reqfmt=2:resfmt=1:prb=38:1:sym=10:4",38,1,10,4,"runtime_deterministic_pucch_resource_assignment",1,12,"not_applicable","not_applicable","not_applicable",0,0,"full_per_link_channel_waveform_sum",0,"not_applicable","not_applicable",0,"not_applicable","not_applicable","not_applicable",0,0,0,"pending_feedback_due_slot",0,0,"harq_feedback_consumed_by_runtime_harq_and_scheduler","PENDING",0,"not_applicable","not_applicable","Explicit runtime PUCCH grant/resource object scheduled from HARQ feedback timing.","PUCCH","active_but_simplified","active_scheduled_pending_feedback_due_not_reached","harq_feedback_resource_grant_and_state_update_when_due","pending_feedback_due_slot",0,0,0,0,"runtime_pucch_grant_trace","explicit_pucch_grant_and_feedback_runtime_state","available_runtime_grant_state","canonical PUCCH grant/resource row; waveform decode fields become available only after the feedback due slot is processed",0,0,0,"feedback_due_slot_not_reached_in_this_bounded_run",1,"ac5aaa60-f202-419a-8426-02227c779291","webgui_rel20_4ghz_100mhz_5gnb_50ue_10slot_20260417_170900","lls_3gpp_rel20_anchor_4ghz_100mhz_waveform_honest_5gnb_50ue_10slot","a1a414876cde1a5883e2a2ab610e6603ef434ebb5b0a934bfcb8df1260a73d7c","packet_flow/csv/live_pucch_grants.csv","packet_flow/csv/live_pucch_grants.csv","canonical_control_reference_signal_runtime_evidence","runtime_populated","UL",1,11,5,11,11,NaN,40,"persisted_runtime_pucch_grant_row","packet_flow/csv/live_pucch_grants.csv","runtime_grant_backed_mirror",1,"webgui_rel20_4ghz_100mhz_5gnb_50ue_10slot_20260417_170900","lls_3gpp_rel20_anchor_4ghz_100mhz_waveform_honest_5gnb_50ue_10slot","lls_3gpp_rel20_anchor_4ghz_100mhz_waveform_honest_5gnb_50ue_10slot","a1a414876cde1a5883e2a2ab610e6603ef434ebb5b0a934bfcb8df1260a73d7c","2756cfb",104729,NaN,NaN,NaN,NaN,NaN,NaN,NaN,NaN,NaN,NaN,"not_applicable","not_applicable","sixgr.truth.exportControlPlaneTraces","implemented","runtime_control_grant_rows","packet_flow/csv/live_pucch_grants.csv","not_applicable",0,1
"UL","DL",1,11,11,7,17,17,17,5,5,0,1544,1,0,1,1,1,"harq_ack","pucchgrant:fbdir=DL:due=11:src=7:ue=17:rnti=17:harq=0:cell=5","runtime_harq_feedback_due_scheduler","scheduled_pending_execution",1,0,2,1,"uci_payload_size_demoted_to_short_format","pucch:cell=5:slot=11:rnti=17:reqfmt=2:resfmt=1:prb=44:1:sym=10:4",44,1,10,4,"runtime_deterministic_pucch_resource_assignment",1,12,"not_applicable","not_applicable","not_applicable",0,0,"full_per_link_channel_waveform_sum",0,"not_applicable","not_applicable",0,"not_applicable","not_applicable","not_applicable",0,0,0,"pending_feedback_due_slot",0,0,"harq_feedback_consumed_by_runtime_harq_and_scheduler","PENDING",0,"not_applicable","not_applicable","Explicit runtime PUCCH grant/resource object scheduled from HARQ feedback timing.","PUCCH","active_but_simplified","active_scheduled_pending_feedback_due_not_reached","harq_feedback_resource_grant_and_state_update_when_due","pending_feedback_due_slot",0,0,0,0,"runtime_pucch_grant_trace","explicit_pucch_grant_and_feedback_runtime_state","available_runtime_grant_state","canonical PUCCH grant/resource row; waveform decode fields become available only after the feedback due slot is processed",0,0,0,"feedback_due_slot_not_reached_in_this_bounded_run",1,"ac5aaa60-f202-419a-8426-02227c779291","webgui_rel20_4ghz_100mhz_5gnb_50ue_10slot_20260417_170900","lls_3gpp_rel20_anchor_4ghz_100mhz_waveform_honest_5gnb_50ue_10slot","a1a414876cde1a5883e2a2ab610e6603ef434ebb5b0a934bfcb8df1260a73d7c","packet_flow/csv/live_pucch_grants.csv","packet_flow/csv/live_pucch_grants.csv","canonical_control_reference_signal_runtime_evidence","runtime_populated","UL",1,11,5,17,17,NaN,41,"persisted_runtime_pucch_grant_row","packet_flow/csv/live_pucch_grants.csv","runtime_grant_backed_mirror",1,"webgui_rel20_4ghz_100mhz_5gnb_50ue_10slot_20260417_170900","lls_3gpp_rel20_anchor_4ghz_100mhz_waveform_honest_5gnb_50ue_10slot","lls_3gpp_rel20_anchor_4ghz_100mhz_waveform_honest_5gnb_50ue_10slot","a1a414876cde1a5883e2a2ab610e6603ef434ebb5b0a934bfcb8df1260a73d7c","2756cfb",104729,NaN,NaN,NaN,NaN,NaN,NaN,NaN,NaN,NaN,NaN,"not_applicable","not_applicable","sixgr.truth.exportControlPlaneTraces","implemented","runtime_control_grant_rows","packet_flow/csv/live_pucch_grants.csv","not_applicable",0,1
"UL","DL",1,11,11,7,21,21,21,5,5,0,1544,1,0,1,1,1,"harq_ack","pucchgrant:fbdir=DL:due=11:src=7:ue=21:rnti=21:harq=0:cell=5","runtime_harq_feedback_due_scheduler","scheduled_pending_execution",1,0,2,1,"uci_payload_size_demoted_to_short_format","pucch:cell=5:slot=11:rnti=21:reqfmt=2:resfmt=1:prb=48:1:sym=10:4",48,1,10,4,"runtime_deterministic_pucch_resource_assignment",1,12,"not_applicable","not_applicable","not_applicable",0,0,"full_per_link_channel_waveform_sum",0,"not_applicable","not_applicable",0,"not_applicable","not_applicable","not_applicable",0,0,0,"pending_feedback_due_slot",0,0,"harq_feedback_consumed_by_runtime_harq_and_scheduler","PENDING",0,"not_applicable","not_applicable","Explicit runtime PUCCH grant/resource object scheduled from HARQ feedback timing.","PUCCH","active_but_simplified","active_scheduled_pending_feedback_due_not_reached","harq_feedback_resource_grant_and_state_update_when_due","pending_feedback_due_slot",0,0,0,0,"runtime_pucch_grant_trace","explicit_pucch_grant_and_feedback_runtime_state","available_runtime_grant_state","canonical PUCCH grant/resource row; waveform decode fields become available only after the feedback due slot is processed",0,0,0,"feedback_due_slot_not_reached_in_this_bounded_run",1,"ac5aaa60-f202-419a-8426-02227c779291","webgui_rel20_4ghz_100mhz_5gnb_50ue_10slot_20260417_170900","lls_3gpp_rel20_anchor_4ghz_100mhz_waveform_honest_5gnb_50ue_10slot","a1a414876cde1a5883e2a2ab610e6603ef434ebb5b0a934bfcb8df1260a73d7c","packet_flow/csv/live_pucch_grants.csv","packet_flow/csv/live_pucch_grants.csv","canonical_control_reference_signal_runtime_evidence","runtime_populated","UL",1,11,5,21,21,NaN,42,"persisted_runtime_pucch_grant_row","packet_flow/csv/live_pucch_grants.csv","runtime_grant_backed_mirror",1,"webgui_rel20_4ghz_100mhz_5gnb_50ue_10slot_20260417_170900","lls_3gpp_rel20_anchor_4ghz_100mhz_waveform_honest_5gnb_50ue_10slot","lls_3gpp_rel20_anchor_4ghz_100mhz_waveform_honest_5gnb_50ue_10slot","a1a414876cde1a5883e2a2ab610e6603ef434ebb5b0a934bfcb8df1260a73d7c","2756cfb",104729,NaN,NaN,NaN,NaN,NaN,NaN,NaN,NaN,NaN,NaN,"not_applicable","not_applicable","sixgr.truth.exportControlPlaneTraces","implemented","runtime_control_grant_rows","packet_flow/csv/live_pucch_grants.csv","not_applicable",0,1
"UL","DL",1,11,11,7,25,25,25,5,5,0,1544,1,0,1,1,1,"harq_ack","pucchgrant:fbdir=DL:due=11:src=7:ue=25:rnti=25:harq=0:cell=5","runtime_harq_feedback_due_scheduler","scheduled_pending_execution",1,0,2,1,"uci_payload_size_demoted_to_short_format","pucch:cell=5:slot=11:rnti=25:reqfmt=2:resfmt=1:prb=52:1:sym=10:4",52,1,10,4,"runtime_deterministic_pucch_resource_assignment",1,12,"not_applicable","not_applicable","not_applicable",0,0,"full_per_link_channel_waveform_sum",0,"not_applicable","not_applicable",0,"not_applicable","not_applicable","not_applicable",0,0,0,"pending_feedback_due_slot",0,0,"harq_feedback_consumed_by_runtime_harq_and_scheduler","PENDING",0,"not_applicable","not_applicable","Explicit runtime PUCCH grant/resource object scheduled from HARQ feedback timing.","PUCCH","active_but_simplified","active_scheduled_pending_feedback_due_not_reached","harq_feedback_resource_grant_and_state_update_when_due","pending_feedback_due_slot",0,0,0,0,"runtime_pucch_grant_trace","explicit_pucch_grant_and_feedback_runtime_state","available_runtime_grant_state","canonical PUCCH grant/resource row; waveform decode fields become available only after the feedback due slot is processed",0,0,0,"feedback_due_slot_not_reached_in_this_bounded_run",1,"ac5aaa60-f202-419a-8426-02227c779291","webgui_rel20_4ghz_100mhz_5gnb_50ue_10slot_20260417_170900","lls_3gpp_rel20_anchor_4ghz_100mhz_waveform_honest_5gnb_50ue_10slot","a1a414876cde1a5883e2a2ab610e6603ef434ebb5b0a934bfcb8df1260a73d7c","packet_flow/csv/live_pucch_grants.csv","packet_flow/csv/live_pucch_grants.csv","canonical_control_reference_signal_runtime_evidence","runtime_populated","UL",1,11,5,25,25,NaN,43,"persisted_runtime_pucch_grant_row","packet_flow/csv/live_pucch_grants.csv","runtime_grant_backed_mirror",1,"webgui_rel20_4ghz_100mhz_5gnb_50ue_10slot_20260417_170900","lls_3gpp_rel20_anchor_4ghz_100mhz_waveform_honest_5gnb_50ue_10slot","lls_3gpp_rel20_anchor_4ghz_100mhz_waveform_honest_5gnb_50ue_10slot","a1a414876cde1a5883e2a2ab610e6603ef434ebb5b0a934bfcb8df1260a73d7c","2756cfb",104729,NaN,NaN,NaN,NaN,NaN,NaN,NaN,NaN,NaN,NaN,"not_applicable","not_applicable","sixgr.truth.exportControlPlaneTraces","implemented","runtime_control_grant_rows","packet_flow/csv/live_pucch_grants.csv","not_applicable",0,1
"UL","DL",1,11,11,7,28,28,28,5,5,0,1544,1,0,1,1,1,"harq_ack","pucchgrant:fbdir=DL:due=11:src=7:ue=28:rnti=28:harq=0:cell=5","runtime_harq_feedback_due_scheduler","scheduled_pending_execution",1,0,2,1,"uci_payload_size_demoted_to_short_format","pucch:cell=5:slot=11:rnti=28:reqfmt=2:resfmt=1:prb=55:1:sym=10:4",55,1,10,4,"runtime_deterministic_pucch_resource_assignment",1,12,"not_applicable","not_applicable","not_applicable",0,0,"full_per_link_channel_waveform_sum",0,"not_applicable","not_applicable",0,"not_applicable","not_applicable","not_applicable",0,0,0,"pending_feedback_due_slot",0,0,"harq_feedback_consumed_by_runtime_harq_and_scheduler","PENDING",0,"not_applicable","not_applicable","Explicit runtime PUCCH grant/resource object scheduled from HARQ feedback timing.","PUCCH","active_but_simplified","active_scheduled_pending_feedback_due_not_reached","harq_feedback_resource_grant_and_state_update_when_due","pending_feedback_due_slot",0,0,0,0,"runtime_pucch_grant_trace","explicit_pucch_grant_and_feedback_runtime_state","available_runtime_grant_state","canonical PUCCH grant/resource row; waveform decode fields become available only after the feedback due slot is processed",0,0,0,"feedback_due_slot_not_reached_in_this_bounded_run",1,"ac5aaa60-f202-419a-8426-02227c779291","webgui_rel20_4ghz_100mhz_5gnb_50ue_10slot_20260417_170900","lls_3gpp_rel20_anchor_4ghz_100mhz_waveform_honest_5gnb_50ue_10slot","a1a414876cde1a5883e2a2ab610e6603ef434ebb5b0a934bfcb8df1260a73d7c","packet_flow/csv/live_pucch_grants.csv","packet_flow/csv/live_pucch_grants.csv","canonical_control_reference_signal_runtime_evidence","runtime_populated","UL",1,11,5,28,28,NaN,44,"persisted_runtime_pucch_grant_row","packet_flow/csv/live_pucch_grants.csv","runtime_grant_backed_mirror",1,"webgui_rel20_4ghz_100mhz_5gnb_50ue_10slot_20260417_170900","lls_3gpp_rel20_anchor_4ghz_100mhz_waveform_honest_5gnb_50ue_10slot","lls_3gpp_rel20_anchor_4ghz_100mhz_waveform_honest_5gnb_50ue_10slot","a1a414876cde1a5883e2a2ab610e6603ef434ebb5b0a934bfcb8df1260a73d7c","2756cfb",104729,NaN,NaN,NaN,NaN,NaN,NaN,NaN,NaN,NaN,NaN,"not_applicable","not_applicable","sixgr.truth.exportControlPlaneTraces","implemented","runtime_control_grant_rows","packet_flow/csv/live_pucch_grants.csv","not_applicable",0,1
"UL","DL",1,11,11,7,30,30,30,5,5,0,1544,1,0,1,1,1,"harq_ack","pucchgrant:fbdir=DL:due=11:src=7:ue=30:rnti=30:harq=0:cell=5","runtime_harq_feedback_due_scheduler","scheduled_pending_execution",1,0,2,1,"uci_payload_size_demoted_to_short_format","pucch:cell=5:slot=11:rnti=30:reqfmt=2:resfmt=1:prb=57:1:sym=10:4",57,1,10,4,"runtime_deterministic_pucch_resource_assignment",1,12,"not_applicable","not_applicable","not_applicable",0,0,"full_per_link_channel_waveform_sum",0,"not_applicable","not_applicable",0,"not_applicable","not_applicable","not_applicable",0,0,0,"pending_feedback_due_slot",0,0,"harq_feedback_consumed_by_runtime_harq_and_scheduler","PENDING",0,"not_applicable","not_applicable","Explicit runtime PUCCH grant/resource object scheduled from HARQ feedback timing.","PUCCH","active_but_simplified","active_scheduled_pending_feedback_due_not_reached","harq_feedback_resource_grant_and_state_update_when_due","pending_feedback_due_slot",0,0,0,0,"runtime_pucch_grant_trace","explicit_pucch_grant_and_feedback_runtime_state","available_runtime_grant_state","canonical PUCCH grant/resource row; waveform decode fields become available only after the feedback due slot is processed",0,0,0,"feedback_due_slot_not_reached_in_this_bounded_run",1,"ac5aaa60-f202-419a-8426-02227c779291","webgui_rel20_4ghz_100mhz_5gnb_50ue_10slot_20260417_170900","lls_3gpp_rel20_anchor_4ghz_100mhz_waveform_honest_5gnb_50ue_10slot","a1a414876cde1a5883e2a2ab610e6603ef434ebb5b0a934bfcb8df1260a73d7c","packet_flow/csv/live_pucch_grants.csv","packet_flow/csv/live_pucch_grants.csv","canonical_control_reference_signal_runtime_evidence","runtime_populated","UL",1,11,5,30,30,NaN,45,"persisted_runtime_pucch_grant_row","packet_flow/csv/live_pucch_grants.csv","runtime_grant_backed_mirror",1,"webgui_rel20_4ghz_100mhz_5gnb_50ue_10slot_20260417_170900","lls_3gpp_rel20_anchor_4ghz_100mhz_waveform_honest_5gnb_50ue_10slot","lls_3gpp_rel20_anchor_4ghz_100mhz_waveform_honest_5gnb_50ue_10slot","a1a414876cde1a5883e2a2ab610e6603ef434ebb5b0a934bfcb8df1260a73d7c","2756cfb",104729,NaN,NaN,NaN,NaN,NaN,NaN,NaN,NaN,NaN,NaN,"not_applicable","not_applicable","sixgr.truth.exportControlPlaneTraces","implemented","runtime_control_grant_rows","packet_flow/csv/live_pucch_grants.csv","not_applicable",0,1
"UL","DL",1,11,11,7,31,31,31,5,5,0,1544,1,0,1,1,1,"harq_ack","pucchgrant:fbdir=DL:due=11:src=7:ue=31:rnti=31:harq=0:cell=5","runtime_harq_feedback_due_scheduler","scheduled_pending_execution",1,0,2,1,"uci_payload_size_demoted_to_short_format","pucch:cell=5:slot=11:rnti=31:reqfmt=2:resfmt=1:prb=58:1:sym=10:4",58,1,10,4,"runtime_deterministic_pucch_resource_assignment",1,12,"not_applicable","not_applicable","not_applicable",0,0,"full_per_link_channel_waveform_sum",0,"not_applicable","not_applicable",0,"not_applicable","not_applicable","not_applicable",0,0,0,"pending_feedback_due_slot",0,0,"harq_feedback_consumed_by_runtime_harq_and_scheduler","PENDING",0,"not_applicable","not_applicable","Explicit runtime PUCCH grant/resource object scheduled from HARQ feedback timing.","PUCCH","active_but_simplified","active_scheduled_pending_feedback_due_not_reached","harq_feedback_resource_grant_and_state_update_when_due","pending_feedback_due_slot",0,0,0,0,"runtime_pucch_grant_trace","explicit_pucch_grant_and_feedback_runtime_state","available_runtime_grant_state","canonical PUCCH grant/resource row; waveform decode fields become available only after the feedback due slot is processed",0,0,0,"feedback_due_slot_not_reached_in_this_bounded_run",1,"ac5aaa60-f202-419a-8426-02227c779291","webgui_rel20_4ghz_100mhz_5gnb_50ue_10slot_20260417_170900","lls_3gpp_rel20_anchor_4ghz_100mhz_waveform_honest_5gnb_50ue_10slot","a1a414876cde1a5883e2a2ab610e6603ef434ebb5b0a934bfcb8df1260a73d7c","packet_flow/csv/live_pucch_grants.csv","packet_flow/csv/live_pucch_grants.csv","canonical_control_reference_signal_runtime_evidence","runtime_populated","UL",1,11,5,31,31,NaN,46,"persisted_runtime_pucch_grant_row","packet_flow/csv/live_pucch_grants.csv","runtime_grant_backed_mirror",1,"webgui_rel20_4ghz_100mhz_5gnb_50ue_10slot_20260417_170900","lls_3gpp_rel20_anchor_4ghz_100mhz_waveform_honest_5gnb_50ue_10slot","lls_3gpp_rel20_anchor_4ghz_100mhz_waveform_honest_5gnb_50ue_10slot","a1a414876cde1a5883e2a2ab610e6603ef434ebb5b0a934bfcb8df1260a73d7c","2756cfb",104729,NaN,NaN,NaN,NaN,NaN,NaN,NaN,NaN,NaN,NaN,"not_applicable","not_applicable","sixgr.truth.exportControlPlaneTraces","implemented","runtime_control_grant_rows","packet_flow/csv/live_pucch_grants.csv","not_applicable",0,1
"UL","DL",1,11,11,7,36,36,36,5,5,0,1544,1,0,1,1,1,"harq_ack","pucchgrant:fbdir=DL:due=11:src=7:ue=36:rnti=36:harq=0:cell=5","runtime_harq_feedback_due_scheduler","scheduled_pending_execution",1,0,2,1,"uci_payload_size_demoted_to_short_format","pucch:cell=5:slot=11:rnti=36:reqfmt=2:resfmt=1:prb=63:1:sym=10:4",63,1,10,4,"runtime_deterministic_pucch_resource_assignment",1,12,"not_applicable","not_applicable","not_applicable",0,0,"full_per_link_channel_waveform_sum",0,"not_applicable","not_applicable",0,"not_applicable","not_applicable","not_applicable",0,0,0,"pending_feedback_due_slot",0,0,"harq_feedback_consumed_by_runtime_harq_and_scheduler","PENDING",0,"not_applicable","not_applicable","Explicit runtime PUCCH grant/resource object scheduled from HARQ feedback timing.","PUCCH","active_but_simplified","active_scheduled_pending_feedback_due_not_reached","harq_feedback_resource_grant_and_state_update_when_due","pending_feedback_due_slot",0,0,0,0,"runtime_pucch_grant_trace","explicit_pucch_grant_and_feedback_runtime_state","available_runtime_grant_state","canonical PUCCH grant/resource row; waveform decode fields become available only after the feedback due slot is processed",0,0,0,"feedback_due_slot_not_reached_in_this_bounded_run",1,"ac5aaa60-f202-419a-8426-02227c779291","webgui_rel20_4ghz_100mhz_5gnb_50ue_10slot_20260417_170900","lls_3gpp_rel20_anchor_4ghz_100mhz_waveform_honest_5gnb_50ue_10slot","a1a414876cde1a5883e2a2ab610e6603ef434ebb5b0a934bfcb8df1260a73d7c","packet_flow/csv/live_pucch_grants.csv","packet_flow/csv/live_pucch_grants.csv","canonical_control_reference_signal_runtime_evidence","runtime_populated","UL",1,11,5,36,36,NaN,47,"persisted_runtime_pucch_grant_row","packet_flow/csv/live_pucch_grants.csv","runtime_grant_backed_mirror",1,"webgui_rel20_4ghz_100mhz_5gnb_50ue_10slot_20260417_170900","lls_3gpp_rel20_anchor_4ghz_100mhz_waveform_honest_5gnb_50ue_10slot","lls_3gpp_rel20_anchor_4ghz_100mhz_waveform_honest_5gnb_50ue_10slot","a1a414876cde1a5883e2a2ab610e6603ef434ebb5b0a934bfcb8df1260a73d7c","2756cfb",104729,NaN,NaN,NaN,NaN,NaN,NaN,NaN,NaN,NaN,NaN,"not_applicable","not_applicable","sixgr.truth.exportControlPlaneTraces","implemented","runtime_control_grant_rows","packet_flow/csv/live_pucch_grants.csv","not_applicable",0,1
"UL","DL",1,11,11,7,39,39,39,5,5,0,1544,1,0,1,1,1,"harq_ack","pucchgrant:fbdir=DL:due=11:src=7:ue=39:rnti=39:harq=0:cell=5","runtime_harq_feedback_due_scheduler","scheduled_pending_execution",1,0,2,1,"uci_payload_size_demoted_to_short_format","pucch:cell=5:slot=11:rnti=39:reqfmt=2:resfmt=1:prb=66:1:sym=10:4",66,1,10,4,"runtime_deterministic_pucch_resource_assignment",1,12,"not_applicable","not_applicable","not_applicable",0,0,"full_per_link_channel_waveform_sum",0,"not_applicable","not_applicable",0,"not_applicable","not_applicable","not_applicable",0,0,0,"pending_feedback_due_slot",0,0,"harq_feedback_consumed_by_runtime_harq_and_scheduler","PENDING",0,"not_applicable","not_applicable","Explicit runtime PUCCH grant/resource object scheduled from HARQ feedback timing.","PUCCH","active_but_simplified","active_scheduled_pending_feedback_due_not_reached","harq_feedback_resource_grant_and_state_update_when_due","pending_feedback_due_slot",0,0,0,0,"runtime_pucch_grant_trace","explicit_pucch_grant_and_feedback_runtime_state","available_runtime_grant_state","canonical PUCCH grant/resource row; waveform decode fields become available only after the feedback due slot is processed",0,0,0,"feedback_due_slot_not_reached_in_this_bounded_run",1,"ac5aaa60-f202-419a-8426-02227c779291","webgui_rel20_4ghz_100mhz_5gnb_50ue_10slot_20260417_170900","lls_3gpp_rel20_anchor_4ghz_100mhz_waveform_honest_5gnb_50ue_10slot","a1a414876cde1a5883e2a2ab610e6603ef434ebb5b0a934bfcb8df1260a73d7c","packet_flow/csv/live_pucch_grants.csv","packet_flow/csv/live_pucch_grants.csv","canonical_control_reference_signal_runtime_evidence","runtime_populated","UL",1,11,5,39,39,NaN,48,"persisted_runtime_pucch_grant_row","packet_flow/csv/live_pucch_grants.csv","runtime_grant_backed_mirror",1,"webgui_rel20_4ghz_100mhz_5gnb_50ue_10slot_20260417_170900","lls_3gpp_rel20_anchor_4ghz_100mhz_waveform_honest_5gnb_50ue_10slot","lls_3gpp_rel20_anchor_4ghz_100mhz_waveform_honest_5gnb_50ue_10slot","a1a414876cde1a5883e2a2ab610e6603ef434ebb5b0a934bfcb8df1260a73d7c","2756cfb",104729,NaN,NaN,NaN,NaN,NaN,NaN,NaN,NaN,NaN,NaN,"not_applicable","not_applicable","sixgr.truth.exportControlPlaneTraces","implemented","runtime_control_grant_rows","packet_flow/csv/live_pucch_grants.csv","not_applicable",0,1
"UL","DL",1,11,11,7,46,46,46,5,5,0,1544,1,0,1,1,1,"harq_ack","pucchgrant:fbdir=DL:due=11:src=7:ue=46:rnti=46:harq=0:cell=5","runtime_harq_feedback_due_scheduler","scheduled_pending_execution",1,0,2,1,"uci_payload_size_demoted_to_short_format","pucch:cell=5:slot=11:rnti=46:reqfmt=2:resfmt=1:prb=73:1:sym=10:4",73,1,10,4,"runtime_deterministic_pucch_resource_assignment",1,12,"not_applicable","not_applicable","not_applicable",0,0,"full_per_link_channel_waveform_sum",0,"not_applicable","not_applicable",0,"not_applicable","not_applicable","not_applicable",0,0,0,"pending_feedback_due_slot",0,0,"harq_feedback_consumed_by_runtime_harq_and_scheduler","PENDING",0,"not_applicable","not_applicable","Explicit runtime PUCCH grant/resource object scheduled from HARQ feedback timing.","PUCCH","active_but_simplified","active_scheduled_pending_feedback_due_not_reached","harq_feedback_resource_grant_and_state_update_when_due","pending_feedback_due_slot",0,0,0,0,"runtime_pucch_grant_trace","explicit_pucch_grant_and_feedback_runtime_state","available_runtime_grant_state","canonical PUCCH grant/resource row; waveform decode fields become available only after the feedback due slot is processed",0,0,0,"feedback_due_slot_not_reached_in_this_bounded_run",1,"ac5aaa60-f202-419a-8426-02227c779291","webgui_rel20_4ghz_100mhz_5gnb_50ue_10slot_20260417_170900","lls_3gpp_rel20_anchor_4ghz_100mhz_waveform_honest_5gnb_50ue_10slot","a1a414876cde1a5883e2a2ab610e6603ef434ebb5b0a934bfcb8df1260a73d7c","packet_flow/csv/live_pucch_grants.csv","packet_flow/csv/live_pucch_grants.csv","canonical_control_reference_signal_runtime_evidence","runtime_populated","UL",1,11,5,46,46,NaN,49,"persisted_runtime_pucch_grant_row","packet_flow/csv/live_pucch_grants.csv","runtime_grant_backed_mirror",1,"webgui_rel20_4ghz_100mhz_5gnb_50ue_10slot_20260417_170900","lls_3gpp_rel20_anchor_4ghz_100mhz_waveform_honest_5gnb_50ue_10slot","lls_3gpp_rel20_anchor_4ghz_100mhz_waveform_honest_5gnb_50ue_10slot","a1a414876cde1a5883e2a2ab610e6603ef434ebb5b0a934bfcb8df1260a73d7c","2756cfb",104729,NaN,NaN,NaN,NaN,NaN,NaN,NaN,NaN,NaN,NaN,"not_applicable","not_applicable","sixgr.truth.exportControlPlaneTraces","implemented","runtime_control_grant_rows","packet_flow/csv/live_pucch_grants.csv","not_applicable",0,1
"UL","DL",1,11,11,7,48,48,48,5,5,0,1544,1,0,1,1,1,"harq_ack","pucchgrant:fbdir=DL:due=11:src=7:ue=48:rnti=48:harq=0:cell=5","runtime_harq_feedback_due_scheduler","scheduled_pending_execution",1,0,2,1,"uci_payload_size_demoted_to_short_format","pucch:cell=5:slot=11:rnti=48:reqfmt=2:resfmt=1:prb=75:1:sym=10:4",75,1,10,4,"runtime_deterministic_pucch_resource_assignment",1,12,"not_applicable","not_applicable","not_applicable",0,0,"full_per_link_channel_waveform_sum",0,"not_applicable","not_applicable",0,"not_applicable","not_applicable","not_applicable",0,0,0,"pending_feedback_due_slot",0,0,"harq_feedback_consumed_by_runtime_harq_and_scheduler","PENDING",0,"not_applicable","not_applicable","Explicit runtime PUCCH grant/resource object scheduled from HARQ feedback timing.","PUCCH","active_but_simplified","active_scheduled_pending_feedback_due_not_reached","harq_feedback_resource_grant_and_state_update_when_due","pending_feedback_due_slot",0,0,0,0,"runtime_pucch_grant_trace","explicit_pucch_grant_and_feedback_runtime_state","available_runtime_grant_state","canonical PUCCH grant/resource row; waveform decode fields become available only after the feedback due slot is processed",0,0,0,"feedback_due_slot_not_reached_in_this_bounded_run",1,"ac5aaa60-f202-419a-8426-02227c779291","webgui_rel20_4ghz_100mhz_5gnb_50ue_10slot_20260417_170900","lls_3gpp_rel20_anchor_4ghz_100mhz_waveform_honest_5gnb_50ue_10slot","a1a414876cde1a5883e2a2ab610e6603ef434ebb5b0a934bfcb8df1260a73d7c","packet_flow/csv/live_pucch_grants.csv","packet_flow/csv/live_pucch_grants.csv","canonical_control_reference_signal_runtime_evidence","runtime_populated","UL",1,11,5,48,48,NaN,50,"persisted_runtime_pucch_grant_row","packet_flow/csv/live_pucch_grants.csv","runtime_grant_backed_mirror",1,"webgui_rel20_4ghz_100mhz_5gnb_50ue_10slot_20260417_170900","lls_3gpp_rel20_anchor_4ghz_100mhz_waveform_honest_5gnb_50ue_10slot","lls_3gpp_rel20_anchor_4ghz_100mhz_waveform_honest_5gnb_50ue_10slot","a1a414876cde1a5883e2a2ab610e6603ef434ebb5b0a934bfcb8df1260a73d7c","2756cfb",104729,NaN,NaN,NaN,NaN,NaN,NaN,NaN,NaN,NaN,NaN,"not_applicable","not_applicable","sixgr.truth.exportControlPlaneTraces","implemented","runtime_control_grant_rows","packet_flow/csv/live_pucch_grants.csv","not_applicable",0,1
"UL","DL",1,12,12,8,26,26,26,1,1,1,21504,1,0,1,1,1,"harq_ack","pucchgrant:fbdir=DL:due=12:src=8:ue=26:rnti=26:harq=1:cell=1","runtime_harq_feedback_due_scheduler","scheduled_pending_execution",1,0,2,1,"uci_payload_size_demoted_to_short_format","pucch:cell=1:slot=12:rnti=26:reqfmt=2:resfmt=1:prb=25:1:sym=10:4",25,1,10,4,"runtime_deterministic_pucch_resource_assignment",1,12,"not_applicable","not_applicable","not_applicable",0,0,"full_per_link_channel_waveform_sum",0,"not_applicable","not_applicable",0,"not_applicable","not_applicable","not_applicable",0,0,0,"pending_feedback_due_slot",0,0,"harq_feedback_consumed_by_runtime_harq_and_scheduler","PENDING",0,"not_applicable","not_applicable","Explicit runtime PUCCH grant/resource object scheduled from HARQ feedback timing.","PUCCH","active_but_simplified","active_scheduled_pending_feedback_due_not_reached","harq_feedback_resource_grant_and_state_update_when_due","pending_feedback_due_slot",0,0,0,0,"runtime_pucch_grant_trace","explicit_pucch_grant_and_feedback_runtime_state","available_runtime_grant_state","canonical PUCCH grant/resource row; waveform decode fields become available only after the feedback due slot is processed",0,0,0,"feedback_due_slot_not_reached_in_this_bounded_run",1,"ac5aaa60-f202-419a-8426-02227c779291","webgui_rel20_4ghz_100mhz_5gnb_50ue_10slot_20260417_170900","lls_3gpp_rel20_anchor_4ghz_100mhz_waveform_honest_5gnb_50ue_10slot","a1a414876cde1a5883e2a2ab610e6603ef434ebb5b0a934bfcb8df1260a73d7c","packet_flow/csv/live_pucch_grants.csv","packet_flow/csv/live_pucch_grants.csv","canonical_control_reference_signal_runtime_evidence","runtime_populated","UL",1,12,1,26,26,NaN,51,"persisted_runtime_pucch_grant_row","packet_flow/csv/live_pucch_grants.csv","runtime_grant_backed_mirror",1,"webgui_rel20_4ghz_100mhz_5gnb_50ue_10slot_20260417_170900","lls_3gpp_rel20_anchor_4ghz_100mhz_waveform_honest_5gnb_50ue_10slot","lls_3gpp_rel20_anchor_4ghz_100mhz_waveform_honest_5gnb_50ue_10slot","a1a414876cde1a5883e2a2ab610e6603ef434ebb5b0a934bfcb8df1260a73d7c","2756cfb",104729,NaN,NaN,NaN,NaN,NaN,NaN,NaN,NaN,NaN,NaN,"not_applicable","not_applicable","sixgr.truth.exportControlPlaneTraces","implemented","runtime_control_grant_rows","packet_flow/csv/live_pucch_grants.csv","not_applicable",0,1
"UL","DL",1,12,12,8,14,14,14,1,1,1,8064,1,0,1,1,1,"harq_ack","pucchgrant:fbdir=DL:due=12:src=8:ue=14:rnti=14:harq=1:cell=1","runtime_harq_feedback_due_scheduler","scheduled_pending_execution",1,0,2,1,"uci_payload_size_demoted_to_short_format","pucch:cell=1:slot=12:rnti=14:reqfmt=2:resfmt=1:prb=13:1:sym=10:4",13,1,10,4,"runtime_deterministic_pucch_resource_assignment",1,12,"not_applicable","not_applicable","not_applicable",0,0,"full_per_link_channel_waveform_sum",0,"not_applicable","not_applicable",0,"not_applicable","not_applicable","not_applicable",0,0,0,"pending_feedback_due_slot",0,0,"harq_feedback_consumed_by_runtime_harq_and_scheduler","PENDING",0,"not_applicable","not_applicable","Explicit runtime PUCCH grant/resource object scheduled from HARQ feedback timing.","PUCCH","active_but_simplified","active_scheduled_pending_feedback_due_not_reached","harq_feedback_resource_grant_and_state_update_when_due","pending_feedback_due_slot",0,0,0,0,"runtime_pucch_grant_trace","explicit_pucch_grant_and_feedback_runtime_state","available_runtime_grant_state","canonical PUCCH grant/resource row; waveform decode fields become available only after the feedback due slot is processed",0,0,0,"feedback_due_slot_not_reached_in_this_bounded_run",1,"ac5aaa60-f202-419a-8426-02227c779291","webgui_rel20_4ghz_100mhz_5gnb_50ue_10slot_20260417_170900","lls_3gpp_rel20_anchor_4ghz_100mhz_waveform_honest_5gnb_50ue_10slot","a1a414876cde1a5883e2a2ab610e6603ef434ebb5b0a934bfcb8df1260a73d7c","packet_flow/csv/live_pucch_grants.csv","packet_flow/csv/live_pucch_grants.csv","canonical_control_reference_signal_runtime_evidence","runtime_populated","UL",1,12,1,14,14,NaN,52,"persisted_runtime_pucch_grant_row","packet_flow/csv/live_pucch_grants.csv","runtime_grant_backed_mirror",1,"webgui_rel20_4ghz_100mhz_5gnb_50ue_10slot_20260417_170900","lls_3gpp_rel20_anchor_4ghz_100mhz_waveform_honest_5gnb_50ue_10slot","lls_3gpp_rel20_anchor_4ghz_100mhz_waveform_honest_5gnb_50ue_10slot","a1a414876cde1a5883e2a2ab610e6603ef434ebb5b0a934bfcb8df1260a73d7c","2756cfb",104729,NaN,NaN,NaN,NaN,NaN,NaN,NaN,NaN,NaN,NaN,"not_applicable","not_applicable","sixgr.truth.exportControlPlaneTraces","implemented","runtime_control_grant_rows","packet_flow/csv/live_pucch_grants.csv","not_applicable",0,1
"UL","DL",1,12,12,8,3,3,3,1,1,1,2024,0,0,0,0,1,"harq_ack","pucchgrant:fbdir=DL:due=12:src=8:ue=3:rnti=3:harq=1:cell=1","runtime_harq_feedback_due_scheduler","scheduled_pending_execution",1,0,2,1,"uci_payload_size_demoted_to_short_format","pucch:cell=1:slot=12:rnti=3:reqfmt=2:resfmt=1:prb=2:1:sym=10:4",2,1,10,4,"runtime_deterministic_pucch_resource_assignment",1,12,"not_applicable","not_applicable","not_applicable",0,0,"full_per_link_channel_waveform_sum",0,"not_applicable","not_applicable",0,"not_applicable","not_applicable","not_applicable",0,0,0,"pending_feedback_due_slot",0,0,"harq_feedback_consumed_by_runtime_harq_and_scheduler","PENDING",0,"not_applicable","not_applicable","Explicit runtime PUCCH grant/resource object scheduled from HARQ feedback timing.","PUCCH","active_but_simplified","active_scheduled_pending_feedback_due_not_reached","harq_feedback_resource_grant_and_state_update_when_due","pending_feedback_due_slot",0,0,0,0,"runtime_pucch_grant_trace","explicit_pucch_grant_and_feedback_runtime_state","available_runtime_grant_state","canonical PUCCH grant/resource row; waveform decode fields become available only after the feedback due slot is processed",0,0,0,"feedback_due_slot_not_reached_in_this_bounded_run",1,"ac5aaa60-f202-419a-8426-02227c779291","webgui_rel20_4ghz_100mhz_5gnb_50ue_10slot_20260417_170900","lls_3gpp_rel20_anchor_4ghz_100mhz_waveform_honest_5gnb_50ue_10slot","a1a414876cde1a5883e2a2ab610e6603ef434ebb5b0a934bfcb8df1260a73d7c","packet_flow/csv/live_pucch_grants.csv","packet_flow/csv/live_pucch_grants.csv","canonical_control_reference_signal_runtime_evidence","runtime_populated","UL",1,12,1,3,3,NaN,53,"persisted_runtime_pucch_grant_row","packet_flow/csv/live_pucch_grants.csv","runtime_grant_backed_mirror",1,"webgui_rel20_4ghz_100mhz_5gnb_50ue_10slot_20260417_170900","lls_3gpp_rel20_anchor_4ghz_100mhz_waveform_honest_5gnb_50ue_10slot","lls_3gpp_rel20_anchor_4ghz_100mhz_waveform_honest_5gnb_50ue_10slot","a1a414876cde1a5883e2a2ab610e6603ef434ebb5b0a934bfcb8df1260a73d7c","2756cfb",104729,NaN,NaN,NaN,NaN,NaN,NaN,NaN,NaN,NaN,NaN,"not_applicable","not_applicable","sixgr.truth.exportControlPlaneTraces","implemented","runtime_control_grant_rows","packet_flow/csv/live_pucch_grants.csv","not_applicable",0,1
"UL","DL",1,12,12,8,5,5,5,1,1,1,2024,1,0,1,1,1,"harq_ack","pucchgrant:fbdir=DL:due=12:src=8:ue=5:rnti=5:harq=1:cell=1","runtime_harq_feedback_due_scheduler","scheduled_pending_execution",1,0,2,1,"uci_payload_size_demoted_to_short_format","pucch:cell=1:slot=12:rnti=5:reqfmt=2:resfmt=1:prb=4:1:sym=10:4",4,1,10,4,"runtime_deterministic_pucch_resource_assignment",1,12,"not_applicable","not_applicable","not_applicable",0,0,"full_per_link_channel_waveform_sum",0,"not_applicable","not_applicable",0,"not_applicable","not_applicable","not_applicable",0,0,0,"pending_feedback_due_slot",0,0,"harq_feedback_consumed_by_runtime_harq_and_scheduler","PENDING",0,"not_applicable","not_applicable","Explicit runtime PUCCH grant/resource object scheduled from HARQ feedback timing.","PUCCH","active_but_simplified","active_scheduled_pending_feedback_due_not_reached","harq_feedback_resource_grant_and_state_update_when_due","pending_feedback_due_slot",0,0,0,0,"runtime_pucch_grant_trace","explicit_pucch_grant_and_feedback_runtime_state","available_runtime_grant_state","canonical PUCCH grant/resource row; waveform decode fields become available only after the feedback due slot is processed",0,0,0,"feedback_due_slot_not_reached_in_this_bounded_run",1,"ac5aaa60-f202-419a-8426-02227c779291","webgui_rel20_4ghz_100mhz_5gnb_50ue_10slot_20260417_170900","lls_3gpp_rel20_anchor_4ghz_100mhz_waveform_honest_5gnb_50ue_10slot","a1a414876cde1a5883e2a2ab610e6603ef434ebb5b0a934bfcb8df1260a73d7c","packet_flow/csv/live_pucch_grants.csv","packet_flow/csv/live_pucch_grants.csv","canonical_control_reference_signal_runtime_evidence","runtime_populated","UL",1,12,1,5,5,NaN,54,"persisted_runtime_pucch_grant_row","packet_flow/csv/live_pucch_grants.csv","runtime_grant_backed_mirror",1,"webgui_rel20_4ghz_100mhz_5gnb_50ue_10slot_20260417_170900","lls_3gpp_rel20_anchor_4ghz_100mhz_waveform_honest_5gnb_50ue_10slot","lls_3gpp_rel20_anchor_4ghz_100mhz_waveform_honest_5gnb_50ue_10slot","a1a414876cde1a5883e2a2ab610e6603ef434ebb5b0a934bfcb8df1260a73d7c","2756cfb",104729,NaN,NaN,NaN,NaN,NaN,NaN,NaN,NaN,NaN,NaN,"not_applicable","not_applicable","sixgr.truth.exportControlPlaneTraces","implemented","runtime_control_grant_rows","packet_flow/csv/live_pucch_grants.csv","not_applicable",0,1
"UL","DL",1,12,12,8,7,7,7,1,1,1,2024,1,0,1,1,1,"harq_ack","pucchgrant:fbdir=DL:due=12:src=8:ue=7:rnti=7:harq=1:cell=1","runtime_harq_feedback_due_scheduler","scheduled_pending_execution",1,0,2,1,"uci_payload_size_demoted_to_short_format","pucch:cell=1:slot=12:rnti=7:reqfmt=2:resfmt=1:prb=6:1:sym=10:4",6,1,10,4,"runtime_deterministic_pucch_resource_assignment",1,12,"not_applicable","not_applicable","not_applicable",0,0,"full_per_link_channel_waveform_sum",0,"not_applicable","not_applicable",0,"not_applicable","not_applicable","not_applicable",0,0,0,"pending_feedback_due_slot",0,0,"harq_feedback_consumed_by_runtime_harq_and_scheduler","PENDING",0,"not_applicable","not_applicable","Explicit runtime PUCCH grant/resource object scheduled from HARQ feedback timing.","PUCCH","active_but_simplified","active_scheduled_pending_feedback_due_not_reached","harq_feedback_resource_grant_and_state_update_when_due","pending_feedback_due_slot",0,0,0,0,"runtime_pucch_grant_trace","explicit_pucch_grant_and_feedback_runtime_state","available_runtime_grant_state","canonical PUCCH grant/resource row; waveform decode fields become available only after the feedback due slot is processed",0,0,0,"feedback_due_slot_not_reached_in_this_bounded_run",1,"ac5aaa60-f202-419a-8426-02227c779291","webgui_rel20_4ghz_100mhz_5gnb_50ue_10slot_20260417_170900","lls_3gpp_rel20_anchor_4ghz_100mhz_waveform_honest_5gnb_50ue_10slot","a1a414876cde1a5883e2a2ab610e6603ef434ebb5b0a934bfcb8df1260a73d7c","packet_flow/csv/live_pucch_grants.csv","packet_flow/csv/live_pucch_grants.csv","canonical_control_reference_signal_runtime_evidence","runtime_populated","UL",1,12,1,7,7,NaN,55,"persisted_runtime_pucch_grant_row","packet_flow/csv/live_pucch_grants.csv","runtime_grant_backed_mirror",1,"webgui_rel20_4ghz_100mhz_5gnb_50ue_10slot_20260417_170900","lls_3gpp_rel20_anchor_4ghz_100mhz_waveform_honest_5gnb_50ue_10slot","lls_3gpp_rel20_anchor_4ghz_100mhz_waveform_honest_5gnb_50ue_10slot","a1a414876cde1a5883e2a2ab610e6603ef434ebb5b0a934bfcb8df1260a73d7c","2756cfb",104729,NaN,NaN,NaN,NaN,NaN,NaN,NaN,NaN,NaN,NaN,"not_applicable","not_applicable","sixgr.truth.exportControlPlaneTraces","implemented","runtime_control_grant_rows","packet_flow/csv/live_pucch_grants.csv","not_applicable",0,1
"UL","DL",1,12,12,8,9,9,9,1,1,1,2024,0,0,0,0,1,"harq_ack","pucchgrant:fbdir=DL:due=12:src=8:ue=9:rnti=9:harq=1:cell=1","runtime_harq_feedback_due_scheduler","scheduled_pending_execution",1,0,2,1,"uci_payload_size_demoted_to_short_format","pucch:cell=1:slot=12:rnti=9:reqfmt=2:resfmt=1:prb=8:1:sym=10:4",8,1,10,4,"runtime_deterministic_pucch_resource_assignment",1,12,"not_applicable","not_applicable","not_applicable",0,0,"full_per_link_channel_waveform_sum",0,"not_applicable","not_applicable",0,"not_applicable","not_applicable","not_applicable",0,0,0,"pending_feedback_due_slot",0,0,"harq_feedback_consumed_by_runtime_harq_and_scheduler","PENDING",0,"not_applicable","not_applicable","Explicit runtime PUCCH grant/resource object scheduled from HARQ feedback timing.","PUCCH","active_but_simplified","active_scheduled_pending_feedback_due_not_reached","harq_feedback_resource_grant_and_state_update_when_due","pending_feedback_due_slot",0,0,0,0,"runtime_pucch_grant_trace","explicit_pucch_grant_and_feedback_runtime_state","available_runtime_grant_state","canonical PUCCH grant/resource row; waveform decode fields become available only after the feedback due slot is processed",0,0,0,"feedback_due_slot_not_reached_in_this_bounded_run",1,"ac5aaa60-f202-419a-8426-02227c779291","webgui_rel20_4ghz_100mhz_5gnb_50ue_10slot_20260417_170900","lls_3gpp_rel20_anchor_4ghz_100mhz_waveform_honest_5gnb_50ue_10slot","a1a414876cde1a5883e2a2ab610e6603ef434ebb5b0a934bfcb8df1260a73d7c","packet_flow/csv/live_pucch_grants.csv","packet_flow/csv/live_pucch_grants.csv","canonical_control_reference_signal_runtime_evidence","runtime_populated","UL",1,12,1,9,9,NaN,56,"persisted_runtime_pucch_grant_row","packet_flow/csv/live_pucch_grants.csv","runtime_grant_backed_mirror",1,"webgui_rel20_4ghz_100mhz_5gnb_50ue_10slot_20260417_170900","lls_3gpp_rel20_anchor_4ghz_100mhz_waveform_honest_5gnb_50ue_10slot","lls_3gpp_rel20_anchor_4ghz_100mhz_waveform_honest_5gnb_50ue_10slot","a1a414876cde1a5883e2a2ab610e6603ef434ebb5b0a934bfcb8df1260a73d7c","2756cfb",104729,NaN,NaN,NaN,NaN,NaN,NaN,NaN,NaN,NaN,NaN,"not_applicable","not_applicable","sixgr.truth.exportControlPlaneTraces","implemented","runtime_control_grant_rows","packet_flow/csv/live_pucch_grants.csv","not_applicable",0,1
"UL","DL",1,12,12,8,19,19,19,1,1,1,2024,1,0,1,1,1,"harq_ack","pucchgrant:fbdir=DL:due=12:src=8:ue=19:rnti=19:harq=1:cell=1","runtime_harq_feedback_due_scheduler","scheduled_pending_execution",1,0,2,1,"uci_payload_size_demoted_to_short_format","pucch:cell=1:slot=12:rnti=19:reqfmt=2:resfmt=1:prb=18:1:sym=10:4",18,1,10,4,"runtime_deterministic_pucch_resource_assignment",1,12,"not_applicable","not_applicable","not_applicable",0,0,"full_per_link_channel_waveform_sum",0,"not_applicable","not_applicable",0,"not_applicable","not_applicable","not_applicable",0,0,0,"pending_feedback_due_slot",0,0,"harq_feedback_consumed_by_runtime_harq_and_scheduler","PENDING",0,"not_applicable","not_applicable","Explicit runtime PUCCH grant/resource object scheduled from HARQ feedback timing.","PUCCH","active_but_simplified","active_scheduled_pending_feedback_due_not_reached","harq_feedback_resource_grant_and_state_update_when_due","pending_feedback_due_slot",0,0,0,0,"runtime_pucch_grant_trace","explicit_pucch_grant_and_feedback_runtime_state","available_runtime_grant_state","canonical PUCCH grant/resource row; waveform decode fields become available only after the feedback due slot is processed",0,0,0,"feedback_due_slot_not_reached_in_this_bounded_run",1,"ac5aaa60-f202-419a-8426-02227c779291","webgui_rel20_4ghz_100mhz_5gnb_50ue_10slot_20260417_170900","lls_3gpp_rel20_anchor_4ghz_100mhz_waveform_honest_5gnb_50ue_10slot","a1a414876cde1a5883e2a2ab610e6603ef434ebb5b0a934bfcb8df1260a73d7c","packet_flow/csv/live_pucch_grants.csv","packet_flow/csv/live_pucch_grants.csv","canonical_control_reference_signal_runtime_evidence","runtime_populated","UL",1,12,1,19,19,NaN,57,"persisted_runtime_pucch_grant_row","packet_flow/csv/live_pucch_grants.csv","runtime_grant_backed_mirror",1,"webgui_rel20_4ghz_100mhz_5gnb_50ue_10slot_20260417_170900","lls_3gpp_rel20_anchor_4ghz_100mhz_waveform_honest_5gnb_50ue_10slot","lls_3gpp_rel20_anchor_4ghz_100mhz_waveform_honest_5gnb_50ue_10slot","a1a414876cde1a5883e2a2ab610e6603ef434ebb5b0a934bfcb8df1260a73d7c","2756cfb",104729,NaN,NaN,NaN,NaN,NaN,NaN,NaN,NaN,NaN,NaN,"not_applicable","not_applicable","sixgr.truth.exportControlPlaneTraces","implemented","runtime_control_grant_rows","packet_flow/csv/live_pucch_grants.csv","not_applicable",0,1
"UL","DL",1,12,12,8,27,27,27,1,1,1,2024,1,0,1,1,1,"harq_ack","pucchgrant:fbdir=DL:due=12:src=8:ue=27:rnti=27:harq=1:cell=1","runtime_harq_feedback_due_scheduler","scheduled_pending_execution",1,0,2,1,"uci_payload_size_demoted_to_short_format","pucch:cell=1:slot=12:rnti=27:reqfmt=2:resfmt=1:prb=26:1:sym=10:4",26,1,10,4,"runtime_deterministic_pucch_resource_assignment",1,12,"not_applicable","not_applicable","not_applicable",0,0,"full_per_link_channel_waveform_sum",0,"not_applicable","not_applicable",0,"not_applicable","not_applicable","not_applicable",0,0,0,"pending_feedback_due_slot",0,0,"harq_feedback_consumed_by_runtime_harq_and_scheduler","PENDING",0,"not_applicable","not_applicable","Explicit runtime PUCCH grant/resource object scheduled from HARQ feedback timing.","PUCCH","active_but_simplified","active_scheduled_pending_feedback_due_not_reached","harq_feedback_resource_grant_and_state_update_when_due","pending_feedback_due_slot",0,0,0,0,"runtime_pucch_grant_trace","explicit_pucch_grant_and_feedback_runtime_state","available_runtime_grant_state","canonical PUCCH grant/resource row; waveform decode fields become available only after the feedback due slot is processed",0,0,0,"feedback_due_slot_not_reached_in_this_bounded_run",1,"ac5aaa60-f202-419a-8426-02227c779291","webgui_rel20_4ghz_100mhz_5gnb_50ue_10slot_20260417_170900","lls_3gpp_rel20_anchor_4ghz_100mhz_waveform_honest_5gnb_50ue_10slot","a1a414876cde1a5883e2a2ab610e6603ef434ebb5b0a934bfcb8df1260a73d7c","packet_flow/csv/live_pucch_grants.csv","packet_flow/csv/live_pucch_grants.csv","canonical_control_reference_signal_runtime_evidence","runtime_populated","UL",1,12,1,27,27,NaN,58,"persisted_runtime_pucch_grant_row","packet_flow/csv/live_pucch_grants.csv","runtime_grant_backed_mirror",1,"webgui_rel20_4ghz_100mhz_5gnb_50ue_10slot_20260417_170900","lls_3gpp_rel20_anchor_4ghz_100mhz_waveform_honest_5gnb_50ue_10slot","lls_3gpp_rel20_anchor_4ghz_100mhz_waveform_honest_5gnb_50ue_10slot","a1a414876cde1a5883e2a2ab610e6603ef434ebb5b0a934bfcb8df1260a73d7c","2756cfb",104729,NaN,NaN,NaN,NaN,NaN,NaN,NaN,NaN,NaN,NaN,"not_applicable","not_applicable","sixgr.truth.exportControlPlaneTraces","implemented","runtime_control_grant_rows","packet_flow/csv/live_pucch_grants.csv","not_applicable",0,1
"UL","DL",1,12,12,8,43,43,43,1,1,1,2024,1,0,1,1,1,"harq_ack","pucchgrant:fbdir=DL:due=12:src=8:ue=43:rnti=43:harq=1:cell=1","runtime_harq_feedback_due_scheduler","scheduled_pending_execution",1,0,2,1,"uci_payload_size_demoted_to_short_format","pucch:cell=1:slot=12:rnti=43:reqfmt=2:resfmt=1:prb=42:1:sym=10:4",42,1,10,4,"runtime_deterministic_pucch_resource_assignment",1,12,"not_applicable","not_applicable","not_applicable",0,0,"full_per_link_channel_waveform_sum",0,"not_applicable","not_applicable",0,"not_applicable","not_applicable","not_applicable",0,0,0,"pending_feedback_due_slot",0,0,"harq_feedback_consumed_by_runtime_harq_and_scheduler","PENDING",0,"not_applicable","not_applicable","Explicit runtime PUCCH grant/resource object scheduled from HARQ feedback timing.","PUCCH","active_but_simplified","active_scheduled_pending_feedback_due_not_reached","harq_feedback_resource_grant_and_state_update_when_due","pending_feedback_due_slot",0,0,0,0,"runtime_pucch_grant_trace","explicit_pucch_grant_and_feedback_runtime_state","available_runtime_grant_state","canonical PUCCH grant/resource row; waveform decode fields become available only after the feedback due slot is processed",0,0,0,"feedback_due_slot_not_reached_in_this_bounded_run",1,"ac5aaa60-f202-419a-8426-02227c779291","webgui_rel20_4ghz_100mhz_5gnb_50ue_10slot_20260417_170900","lls_3gpp_rel20_anchor_4ghz_100mhz_waveform_honest_5gnb_50ue_10slot","a1a414876cde1a5883e2a2ab610e6603ef434ebb5b0a934bfcb8df1260a73d7c","packet_flow/csv/live_pucch_grants.csv","packet_flow/csv/live_pucch_grants.csv","canonical_control_reference_signal_runtime_evidence","runtime_populated","UL",1,12,1,43,43,NaN,59,"persisted_runtime_pucch_grant_row","packet_flow/csv/live_pucch_grants.csv","runtime_grant_backed_mirror",1,"webgui_rel20_4ghz_100mhz_5gnb_50ue_10slot_20260417_170900","lls_3gpp_rel20_anchor_4ghz_100mhz_waveform_honest_5gnb_50ue_10slot","lls_3gpp_rel20_anchor_4ghz_100mhz_waveform_honest_5gnb_50ue_10slot","a1a414876cde1a5883e2a2ab610e6603ef434ebb5b0a934bfcb8df1260a73d7c","2756cfb",104729,NaN,NaN,NaN,NaN,NaN,NaN,NaN,NaN,NaN,NaN,"not_applicable","not_applicable","sixgr.truth.exportControlPlaneTraces","implemented","runtime_control_grant_rows","packet_flow/csv/live_pucch_grants.csv","not_applicable",0,1
"UL","DL",1,12,12,8,47,47,47,1,1,1,2024,1,0,1,1,1,"harq_ack","pucchgrant:fbdir=DL:due=12:src=8:ue=47:rnti=47:harq=1:cell=1","runtime_harq_feedback_due_scheduler","scheduled_pending_execution",1,0,2,1,"uci_payload_size_demoted_to_short_format","pucch:cell=1:slot=12:rnti=47:reqfmt=2:resfmt=1:prb=46:1:sym=10:4",46,1,10,4,"runtime_deterministic_pucch_resource_assignment",1,12,"not_applicable","not_applicable","not_applicable",0,0,"full_per_link_channel_waveform_sum",0,"not_applicable","not_applicable",0,"not_applicable","not_applicable","not_applicable",0,0,0,"pending_feedback_due_slot",0,0,"harq_feedback_consumed_by_runtime_harq_and_scheduler","PENDING",0,"not_applicable","not_applicable","Explicit runtime PUCCH grant/resource object scheduled from HARQ feedback timing.","PUCCH","active_but_simplified","active_scheduled_pending_feedback_due_not_reached","harq_feedback_resource_grant_and_state_update_when_due","pending_feedback_due_slot",0,0,0,0,"runtime_pucch_grant_trace","explicit_pucch_grant_and_feedback_runtime_state","available_runtime_grant_state","canonical PUCCH grant/resource row; waveform decode fields become available only after the feedback due slot is processed",0,0,0,"feedback_due_slot_not_reached_in_this_bounded_run",1,"ac5aaa60-f202-419a-8426-02227c779291","webgui_rel20_4ghz_100mhz_5gnb_50ue_10slot_20260417_170900","lls_3gpp_rel20_anchor_4ghz_100mhz_waveform_honest_5gnb_50ue_10slot","a1a414876cde1a5883e2a2ab610e6603ef434ebb5b0a934bfcb8df1260a73d7c","packet_flow/csv/live_pucch_grants.csv","packet_flow/csv/live_pucch_grants.csv","canonical_control_reference_signal_runtime_evidence","runtime_populated","UL",1,12,1,47,47,NaN,60,"persisted_runtime_pucch_grant_row","packet_flow/csv/live_pucch_grants.csv","runtime_grant_backed_mirror",1,"webgui_rel20_4ghz_100mhz_5gnb_50ue_10slot_20260417_170900","lls_3gpp_rel20_anchor_4ghz_100mhz_waveform_honest_5gnb_50ue_10slot","lls_3gpp_rel20_anchor_4ghz_100mhz_waveform_honest_5gnb_50ue_10slot","a1a414876cde1a5883e2a2ab610e6603ef434ebb5b0a934bfcb8df1260a73d7c","2756cfb",104729,NaN,NaN,NaN,NaN,NaN,NaN,NaN,NaN,NaN,NaN,"not_applicable","not_applicable","sixgr.truth.exportControlPlaneTraces","implemented","runtime_control_grant_rows","packet_flow/csv/live_pucch_grants.csv","not_applicable",0,1
"UL","DL",1,12,12,8,10,10,10,2,2,1,54296,0,0,0,0,1,"harq_ack","pucchgrant:fbdir=DL:due=12:src=8:ue=10:rnti=10:harq=1:cell=2","runtime_harq_feedback_due_scheduler","scheduled_pending_execution",1,0,2,1,"uci_payload_size_demoted_to_short_format","pucch:cell=2:slot=12:rnti=10:reqfmt=2:resfmt=1:prb=16:1:sym=10:4",16,1,10,4,"runtime_deterministic_pucch_resource_assignment",1,12,"not_applicable","not_applicable","not_applicable",0,0,"full_per_link_channel_waveform_sum",0,"not_applicable","not_applicable",0,"not_applicable","not_applicable","not_applicable",0,0,0,"pending_feedback_due_slot",0,0,"harq_feedback_consumed_by_runtime_harq_and_scheduler","PENDING",0,"not_applicable","not_applicable","Explicit runtime PUCCH grant/resource object scheduled from HARQ feedback timing.","PUCCH","active_but_simplified","active_scheduled_pending_feedback_due_not_reached","harq_feedback_resource_grant_and_state_update_when_due","pending_feedback_due_slot",0,0,0,0,"runtime_pucch_grant_trace","explicit_pucch_grant_and_feedback_runtime_state","available_runtime_grant_state","canonical PUCCH grant/resource row; waveform decode fields become available only after the feedback due slot is processed",0,0,0,"feedback_due_slot_not_reached_in_this_bounded_run",1,"ac5aaa60-f202-419a-8426-02227c779291","webgui_rel20_4ghz_100mhz_5gnb_50ue_10slot_20260417_170900","lls_3gpp_rel20_anchor_4ghz_100mhz_waveform_honest_5gnb_50ue_10slot","a1a414876cde1a5883e2a2ab610e6603ef434ebb5b0a934bfcb8df1260a73d7c","packet_flow/csv/live_pucch_grants.csv","packet_flow/csv/live_pucch_grants.csv","canonical_control_reference_signal_runtime_evidence","runtime_populated","UL",1,12,2,10,10,NaN,61,"persisted_runtime_pucch_grant_row","packet_flow/csv/live_pucch_grants.csv","runtime_grant_backed_mirror",1,"webgui_rel20_4ghz_100mhz_5gnb_50ue_10slot_20260417_170900","lls_3gpp_rel20_anchor_4ghz_100mhz_waveform_honest_5gnb_50ue_10slot","lls_3gpp_rel20_anchor_4ghz_100mhz_waveform_honest_5gnb_50ue_10slot","a1a414876cde1a5883e2a2ab610e6603ef434ebb5b0a934bfcb8df1260a73d7c","2756cfb",104729,NaN,NaN,NaN,NaN,NaN,NaN,NaN,NaN,NaN,NaN,"not_applicable","not_applicable","sixgr.truth.exportControlPlaneTraces","implemented","runtime_control_grant_rows","packet_flow/csv/live_pucch_grants.csv","not_applicable",0,1
"UL","DL",1,12,12,8,50,50,50,2,2,1,54296,0,0,0,0,1,"harq_ack","pucchgrant:fbdir=DL:due=12:src=8:ue=50:rnti=50:harq=1:cell=2","runtime_harq_feedback_due_scheduler","scheduled_pending_execution",1,0,2,1,"uci_payload_size_demoted_to_short_format","pucch:cell=2:slot=12:rnti=50:reqfmt=2:resfmt=1:prb=56:1:sym=10:4",56,1,10,4,"runtime_deterministic_pucch_resource_assignment",1,12,"not_applicable","not_applicable","not_applicable",0,0,"full_per_link_channel_waveform_sum",0,"not_applicable","not_applicable",0,"not_applicable","not_applicable","not_applicable",0,0,0,"pending_feedback_due_slot",0,0,"harq_feedback_consumed_by_runtime_harq_and_scheduler","PENDING",0,"not_applicable","not_applicable","Explicit runtime PUCCH grant/resource object scheduled from HARQ feedback timing.","PUCCH","active_but_simplified","active_scheduled_pending_feedback_due_not_reached","harq_feedback_resource_grant_and_state_update_when_due","pending_feedback_due_slot",0,0,0,0,"runtime_pucch_grant_trace","explicit_pucch_grant_and_feedback_runtime_state","available_runtime_grant_state","canonical PUCCH grant/resource row; waveform decode fields become available only after the feedback due slot is processed",0,0,0,"feedback_due_slot_not_reached_in_this_bounded_run",1,"ac5aaa60-f202-419a-8426-02227c779291","webgui_rel20_4ghz_100mhz_5gnb_50ue_10slot_20260417_170900","lls_3gpp_rel20_anchor_4ghz_100mhz_waveform_honest_5gnb_50ue_10slot","a1a414876cde1a5883e2a2ab610e6603ef434ebb5b0a934bfcb8df1260a73d7c","packet_flow/csv/live_pucch_grants.csv","packet_flow/csv/live_pucch_grants.csv","canonical_control_reference_signal_runtime_evidence","runtime_populated","UL",1,12,2,50,50,NaN,62,"persisted_runtime_pucch_grant_row","packet_flow/csv/live_pucch_grants.csv","runtime_grant_backed_mirror",1,"webgui_rel20_4ghz_100mhz_5gnb_50ue_10slot_20260417_170900","lls_3gpp_rel20_anchor_4ghz_100mhz_waveform_honest_5gnb_50ue_10slot","lls_3gpp_rel20_anchor_4ghz_100mhz_waveform_honest_5gnb_50ue_10slot","a1a414876cde1a5883e2a2ab610e6603ef434ebb5b0a934bfcb8df1260a73d7c","2756cfb",104729,NaN,NaN,NaN,NaN,NaN,NaN,NaN,NaN,NaN,NaN,"not_applicable","not_applicable","sixgr.truth.exportControlPlaneTraces","implemented","runtime_control_grant_rows","packet_flow/csv/live_pucch_grants.csv","not_applicable",0,1
"UL","DL",1,12,12,8,6,6,6,2,2,1,24072,0,0,0,0,1,"harq_ack","pucchgrant:fbdir=DL:due=12:src=8:ue=6:rnti=6:harq=1:cell=2","runtime_harq_feedback_due_scheduler","scheduled_pending_execution",1,0,2,1,"uci_payload_size_demoted_to_short_format","pucch:cell=2:slot=12:rnti=6:reqfmt=2:resfmt=1:prb=12:1:sym=10:4",12,1,10,4,"runtime_deterministic_pucch_resource_assignment",1,12,"not_applicable","not_applicable","not_applicable",0,0,"full_per_link_channel_waveform_sum",0,"not_applicable","not_applicable",0,"not_applicable","not_applicable","not_applicable",0,0,0,"pending_feedback_due_slot",0,0,"harq_feedback_consumed_by_runtime_harq_and_scheduler","PENDING",0,"not_applicable","not_applicable","Explicit runtime PUCCH grant/resource object scheduled from HARQ feedback timing.","PUCCH","active_but_simplified","active_scheduled_pending_feedback_due_not_reached","harq_feedback_resource_grant_and_state_update_when_due","pending_feedback_due_slot",0,0,0,0,"runtime_pucch_grant_trace","explicit_pucch_grant_and_feedback_runtime_state","available_runtime_grant_state","canonical PUCCH grant/resource row; waveform decode fields become available only after the feedback due slot is processed",0,0,0,"feedback_due_slot_not_reached_in_this_bounded_run",1,"ac5aaa60-f202-419a-8426-02227c779291","webgui_rel20_4ghz_100mhz_5gnb_50ue_10slot_20260417_170900","lls_3gpp_rel20_anchor_4ghz_100mhz_waveform_honest_5gnb_50ue_10slot","a1a414876cde1a5883e2a2ab610e6603ef434ebb5b0a934bfcb8df1260a73d7c","packet_flow/csv/live_pucch_grants.csv","packet_flow/csv/live_pucch_grants.csv","canonical_control_reference_signal_runtime_evidence","runtime_populated","UL",1,12,2,6,6,NaN,63,"persisted_runtime_pucch_grant_row","packet_flow/csv/live_pucch_grants.csv","runtime_grant_backed_mirror",1,"webgui_rel20_4ghz_100mhz_5gnb_50ue_10slot_20260417_170900","lls_3gpp_rel20_anchor_4ghz_100mhz_waveform_honest_5gnb_50ue_10slot","lls_3gpp_rel20_anchor_4ghz_100mhz_waveform_honest_5gnb_50ue_10slot","a1a414876cde1a5883e2a2ab610e6603ef434ebb5b0a934bfcb8df1260a73d7c","2756cfb",104729,NaN,NaN,NaN,NaN,NaN,NaN,NaN,NaN,NaN,NaN,"not_applicable","not_applicable","sixgr.truth.exportControlPlaneTraces","implemented","runtime_control_grant_rows","packet_flow/csv/live_pucch_grants.csv","not_applicable",0,1
"UL","DL",1,12,12,8,4,4,4,2,2,1,2472,1,0,1,1,1,"harq_ack","pucchgrant:fbdir=DL:due=12:src=8:ue=4:rnti=4:harq=1:cell=2","runtime_harq_feedback_due_scheduler","scheduled_pending_execution",1,0,2,1,"uci_payload_size_demoted_to_short_format","pucch:cell=2:slot=12:rnti=4:reqfmt=2:resfmt=1:prb=10:1:sym=10:4",10,1,10,4,"runtime_deterministic_pucch_resource_assignment",1,12,"not_applicable","not_applicable","not_applicable",0,0,"full_per_link_channel_waveform_sum",0,"not_applicable","not_applicable",0,"not_applicable","not_applicable","not_applicable",0,0,0,"pending_feedback_due_slot",0,0,"harq_feedback_consumed_by_runtime_harq_and_scheduler","PENDING",0,"not_applicable","not_applicable","Explicit runtime PUCCH grant/resource object scheduled from HARQ feedback timing.","PUCCH","active_but_simplified","active_scheduled_pending_feedback_due_not_reached","harq_feedback_resource_grant_and_state_update_when_due","pending_feedback_due_slot",0,0,0,0,"runtime_pucch_grant_trace","explicit_pucch_grant_and_feedback_runtime_state","available_runtime_grant_state","canonical PUCCH grant/resource row; waveform decode fields become available only after the feedback due slot is processed",0,0,0,"feedback_due_slot_not_reached_in_this_bounded_run",1,"ac5aaa60-f202-419a-8426-02227c779291","webgui_rel20_4ghz_100mhz_5gnb_50ue_10slot_20260417_170900","lls_3gpp_rel20_anchor_4ghz_100mhz_waveform_honest_5gnb_50ue_10slot","a1a414876cde1a5883e2a2ab610e6603ef434ebb5b0a934bfcb8df1260a73d7c","packet_flow/csv/live_pucch_grants.csv","packet_flow/csv/live_pucch_grants.csv","canonical_control_reference_signal_runtime_evidence","runtime_populated","UL",1,12,2,4,4,NaN,64,"persisted_runtime_pucch_grant_row","packet_flow/csv/live_pucch_grants.csv","runtime_grant_backed_mirror",1,"webgui_rel20_4ghz_100mhz_5gnb_50ue_10slot_20260417_170900","lls_3gpp_rel20_anchor_4ghz_100mhz_waveform_honest_5gnb_50ue_10slot","lls_3gpp_rel20_anchor_4ghz_100mhz_waveform_honest_5gnb_50ue_10slot","a1a414876cde1a5883e2a2ab610e6603ef434ebb5b0a934bfcb8df1260a73d7c","2756cfb",104729,NaN,NaN,NaN,NaN,NaN,NaN,NaN,NaN,NaN,NaN,"not_applicable","not_applicable","sixgr.truth.exportControlPlaneTraces","implemented","runtime_control_grant_rows","packet_flow/csv/live_pucch_grants.csv","not_applicable",0,1
"UL","DL",1,12,12,8,29,29,29,2,2,1,2472,1,0,1,1,1,"harq_ack","pucchgrant:fbdir=DL:due=12:src=8:ue=29:rnti=29:harq=1:cell=2","runtime_harq_feedback_due_scheduler","scheduled_pending_execution",1,0,2,1,"uci_payload_size_demoted_to_short_format","pucch:cell=2:slot=12:rnti=29:reqfmt=2:resfmt=1:prb=35:1:sym=10:4",35,1,10,4,"runtime_deterministic_pucch_resource_assignment",1,12,"not_applicable","not_applicable","not_applicable",0,0,"full_per_link_channel_waveform_sum",0,"not_applicable","not_applicable",0,"not_applicable","not_applicable","not_applicable",0,0,0,"pending_feedback_due_slot",0,0,"harq_feedback_consumed_by_runtime_harq_and_scheduler","PENDING",0,"not_applicable","not_applicable","Explicit runtime PUCCH grant/resource object scheduled from HARQ feedback timing.","PUCCH","active_but_simplified","active_scheduled_pending_feedback_due_not_reached","harq_feedback_resource_grant_and_state_update_when_due","pending_feedback_due_slot",0,0,0,0,"runtime_pucch_grant_trace","explicit_pucch_grant_and_feedback_runtime_state","available_runtime_grant_state","canonical PUCCH grant/resource row; waveform decode fields become available only after the feedback due slot is processed",0,0,0,"feedback_due_slot_not_reached_in_this_bounded_run",1,"ac5aaa60-f202-419a-8426-02227c779291","webgui_rel20_4ghz_100mhz_5gnb_50ue_10slot_20260417_170900","lls_3gpp_rel20_anchor_4ghz_100mhz_waveform_honest_5gnb_50ue_10slot","a1a414876cde1a5883e2a2ab610e6603ef434ebb5b0a934bfcb8df1260a73d7c","packet_flow/csv/live_pucch_grants.csv","packet_flow/csv/live_pucch_grants.csv","canonical_control_reference_signal_runtime_evidence","runtime_populated","UL",1,12,2,29,29,NaN,65,"persisted_runtime_pucch_grant_row","packet_flow/csv/live_pucch_grants.csv","runtime_grant_backed_mirror",1,"webgui_rel20_4ghz_100mhz_5gnb_50ue_10slot_20260417_170900","lls_3gpp_rel20_anchor_4ghz_100mhz_waveform_honest_5gnb_50ue_10slot","lls_3gpp_rel20_anchor_4ghz_100mhz_waveform_honest_5gnb_50ue_10slot","a1a414876cde1a5883e2a2ab610e6603ef434ebb5b0a934bfcb8df1260a73d7c","2756cfb",104729,NaN,NaN,NaN,NaN,NaN,NaN,NaN,NaN,NaN,NaN,"not_applicable","not_applicable","sixgr.truth.exportControlPlaneTraces","implemented","runtime_control_grant_rows","packet_flow/csv/live_pucch_grants.csv","not_applicable",0,1
"UL","DL",1,12,12,8,35,35,35,2,2,1,2472,1,0,1,1,1,"harq_ack","pucchgrant:fbdir=DL:due=12:src=8:ue=35:rnti=35:harq=1:cell=2","runtime_harq_feedback_due_scheduler","scheduled_pending_execution",1,0,2,1,"uci_payload_size_demoted_to_short_format","pucch:cell=2:slot=12:rnti=35:reqfmt=2:resfmt=1:prb=41:1:sym=10:4",41,1,10,4,"runtime_deterministic_pucch_resource_assignment",1,12,"not_applicable","not_applicable","not_applicable",0,0,"full_per_link_channel_waveform_sum",0,"not_applicable","not_applicable",0,"not_applicable","not_applicable","not_applicable",0,0,0,"pending_feedback_due_slot",0,0,"harq_feedback_consumed_by_runtime_harq_and_scheduler","PENDING",0,"not_applicable","not_applicable","Explicit runtime PUCCH grant/resource object scheduled from HARQ feedback timing.","PUCCH","active_but_simplified","active_scheduled_pending_feedback_due_not_reached","harq_feedback_resource_grant_and_state_update_when_due","pending_feedback_due_slot",0,0,0,0,"runtime_pucch_grant_trace","explicit_pucch_grant_and_feedback_runtime_state","available_runtime_grant_state","canonical PUCCH grant/resource row; waveform decode fields become available only after the feedback due slot is processed",0,0,0,"feedback_due_slot_not_reached_in_this_bounded_run",1,"ac5aaa60-f202-419a-8426-02227c779291","webgui_rel20_4ghz_100mhz_5gnb_50ue_10slot_20260417_170900","lls_3gpp_rel20_anchor_4ghz_100mhz_waveform_honest_5gnb_50ue_10slot","a1a414876cde1a5883e2a2ab610e6603ef434ebb5b0a934bfcb8df1260a73d7c","packet_flow/csv/live_pucch_grants.csv","packet_flow/csv/live_pucch_grants.csv","canonical_control_reference_signal_runtime_evidence","runtime_populated","UL",1,12,2,35,35,NaN,66,"persisted_runtime_pucch_grant_row","packet_flow/csv/live_pucch_grants.csv","runtime_grant_backed_mirror",1,"webgui_rel20_4ghz_100mhz_5gnb_50ue_10slot_20260417_170900","lls_3gpp_rel20_anchor_4ghz_100mhz_waveform_honest_5gnb_50ue_10slot","lls_3gpp_rel20_anchor_4ghz_100mhz_waveform_honest_5gnb_50ue_10slot","a1a414876cde1a5883e2a2ab610e6603ef434ebb5b0a934bfcb8df1260a73d7c","2756cfb",104729,NaN,NaN,NaN,NaN,NaN,NaN,NaN,NaN,NaN,NaN,"not_applicable","not_applicable","sixgr.truth.exportControlPlaneTraces","implemented","runtime_control_grant_rows","packet_flow/csv/live_pucch_grants.csv","not_applicable",0,1
"UL","DL",1,12,12,8,41,41,41,2,2,1,2472,1,0,1,1,1,"harq_ack","pucchgrant:fbdir=DL:due=12:src=8:ue=41:rnti=41:harq=1:cell=2","runtime_harq_feedback_due_scheduler","scheduled_pending_execution",1,0,2,1,"uci_payload_size_demoted_to_short_format","pucch:cell=2:slot=12:rnti=41:reqfmt=2:resfmt=1:prb=47:1:sym=10:4",47,1,10,4,"runtime_deterministic_pucch_resource_assignment",1,12,"not_applicable","not_applicable","not_applicable",0,0,"full_per_link_channel_waveform_sum",0,"not_applicable","not_applicable",0,"not_applicable","not_applicable","not_applicable",0,0,0,"pending_feedback_due_slot",0,0,"harq_feedback_consumed_by_runtime_harq_and_scheduler","PENDING",0,"not_applicable","not_applicable","Explicit runtime PUCCH grant/resource object scheduled from HARQ feedback timing.","PUCCH","active_but_simplified","active_scheduled_pending_feedback_due_not_reached","harq_feedback_resource_grant_and_state_update_when_due","pending_feedback_due_slot",0,0,0,0,"runtime_pucch_grant_trace","explicit_pucch_grant_and_feedback_runtime_state","available_runtime_grant_state","canonical PUCCH grant/resource row; waveform decode fields become available only after the feedback due slot is processed",0,0,0,"feedback_due_slot_not_reached_in_this_bounded_run",1,"ac5aaa60-f202-419a-8426-02227c779291","webgui_rel20_4ghz_100mhz_5gnb_50ue_10slot_20260417_170900","lls_3gpp_rel20_anchor_4ghz_100mhz_waveform_honest_5gnb_50ue_10slot","a1a414876cde1a5883e2a2ab610e6603ef434ebb5b0a934bfcb8df1260a73d7c","packet_flow/csv/live_pucch_grants.csv","packet_flow/csv/live_pucch_grants.csv","canonical_control_reference_signal_runtime_evidence","runtime_populated","UL",1,12,2,41,41,NaN,67,"persisted_runtime_pucch_grant_row","packet_flow/csv/live_pucch_grants.csv","runtime_grant_backed_mirror",1,"webgui_rel20_4ghz_100mhz_5gnb_50ue_10slot_20260417_170900","lls_3gpp_rel20_anchor_4ghz_100mhz_waveform_honest_5gnb_50ue_10slot","lls_3gpp_rel20_anchor_4ghz_100mhz_waveform_honest_5gnb_50ue_10slot","a1a414876cde1a5883e2a2ab610e6603ef434ebb5b0a934bfcb8df1260a73d7c","2756cfb",104729,NaN,NaN,NaN,NaN,NaN,NaN,NaN,NaN,NaN,NaN,"not_applicable","not_applicable","sixgr.truth.exportControlPlaneTraces","implemented","runtime_control_grant_rows","packet_flow/csv/live_pucch_grants.csv","not_applicable",0,1
"UL","DL",1,12,12,8,45,45,45,2,2,1,2472,1,0,1,1,1,"harq_ack","pucchgrant:fbdir=DL:due=12:src=8:ue=45:rnti=45:harq=1:cell=2","runtime_harq_feedback_due_scheduler","scheduled_pending_execution",1,0,2,1,"uci_payload_size_demoted_to_short_format","pucch:cell=2:slot=12:rnti=45:reqfmt=2:resfmt=1:prb=51:1:sym=10:4",51,1,10,4,"runtime_deterministic_pucch_resource_assignment",1,12,"not_applicable","not_applicable","not_applicable",0,0,"full_per_link_channel_waveform_sum",0,"not_applicable","not_applicable",0,"not_applicable","not_applicable","not_applicable",0,0,0,"pending_feedback_due_slot",0,0,"harq_feedback_consumed_by_runtime_harq_and_scheduler","PENDING",0,"not_applicable","not_applicable","Explicit runtime PUCCH grant/resource object scheduled from HARQ feedback timing.","PUCCH","active_but_simplified","active_scheduled_pending_feedback_due_not_reached","harq_feedback_resource_grant_and_state_update_when_due","pending_feedback_due_slot",0,0,0,0,"runtime_pucch_grant_trace","explicit_pucch_grant_and_feedback_runtime_state","available_runtime_grant_state","canonical PUCCH grant/resource row; waveform decode fields become available only after the feedback due slot is processed",0,0,0,"feedback_due_slot_not_reached_in_this_bounded_run",1,"ac5aaa60-f202-419a-8426-02227c779291","webgui_rel20_4ghz_100mhz_5gnb_50ue_10slot_20260417_170900","lls_3gpp_rel20_anchor_4ghz_100mhz_waveform_honest_5gnb_50ue_10slot","a1a414876cde1a5883e2a2ab610e6603ef434ebb5b0a934bfcb8df1260a73d7c","packet_flow/csv/live_pucch_grants.csv","packet_flow/csv/live_pucch_grants.csv","canonical_control_reference_signal_runtime_evidence","runtime_populated","UL",1,12,2,45,45,NaN,68,"persisted_runtime_pucch_grant_row","packet_flow/csv/live_pucch_grants.csv","runtime_grant_backed_mirror",1,"webgui_rel20_4ghz_100mhz_5gnb_50ue_10slot_20260417_170900","lls_3gpp_rel20_anchor_4ghz_100mhz_waveform_honest_5gnb_50ue_10slot","lls_3gpp_rel20_anchor_4ghz_100mhz_waveform_honest_5gnb_50ue_10slot","a1a414876cde1a5883e2a2ab610e6603ef434ebb5b0a934bfcb8df1260a73d7c","2756cfb",104729,NaN,NaN,NaN,NaN,NaN,NaN,NaN,NaN,NaN,NaN,"not_applicable","not_applicable","sixgr.truth.exportControlPlaneTraces","implemented","runtime_control_grant_rows","packet_flow/csv/live_pucch_grants.csv","not_applicable",0,1
"UL","DL",1,12,12,8,2,2,2,3,3,1,43032,0,0,0,0,1,"harq_ack","pucchgrant:fbdir=DL:due=12:src=8:ue=2:rnti=2:harq=1:cell=3","runtime_harq_feedback_due_scheduler","scheduled_pending_execution",1,0,2,1,"uci_payload_size_demoted_to_short_format","pucch:cell=3:slot=12:rnti=2:reqfmt=2:resfmt=1:prb=15:1:sym=10:4",15,1,10,4,"runtime_deterministic_pucch_resource_assignment",1,12,"not_applicable","not_applicable","not_applicable",0,0,"full_per_link_channel_waveform_sum",0,"not_applicable","not_applicable",0,"not_applicable","not_applicable","not_applicable",0,0,0,"pending_feedback_due_slot",0,0,"harq_feedback_consumed_by_runtime_harq_and_scheduler","PENDING",0,"not_applicable","not_applicable","Explicit runtime PUCCH grant/resource object scheduled from HARQ feedback timing.","PUCCH","active_but_simplified","active_scheduled_pending_feedback_due_not_reached","harq_feedback_resource_grant_and_state_update_when_due","pending_feedback_due_slot",0,0,0,0,"runtime_pucch_grant_trace","explicit_pucch_grant_and_feedback_runtime_state","available_runtime_grant_state","canonical PUCCH grant/resource row; waveform decode fields become available only after the feedback due slot is processed",0,0,0,"feedback_due_slot_not_reached_in_this_bounded_run",1,"ac5aaa60-f202-419a-8426-02227c779291","webgui_rel20_4ghz_100mhz_5gnb_50ue_10slot_20260417_170900","lls_3gpp_rel20_anchor_4ghz_100mhz_waveform_honest_5gnb_50ue_10slot","a1a414876cde1a5883e2a2ab610e6603ef434ebb5b0a934bfcb8df1260a73d7c","packet_flow/csv/live_pucch_grants.csv","packet_flow/csv/live_pucch_grants.csv","canonical_control_reference_signal_runtime_evidence","runtime_populated","UL",1,12,3,2,2,NaN,69,"persisted_runtime_pucch_grant_row","packet_flow/csv/live_pucch_grants.csv","runtime_grant_backed_mirror",1,"webgui_rel20_4ghz_100mhz_5gnb_50ue_10slot_20260417_170900","lls_3gpp_rel20_anchor_4ghz_100mhz_waveform_honest_5gnb_50ue_10slot","lls_3gpp_rel20_anchor_4ghz_100mhz_waveform_honest_5gnb_50ue_10slot","a1a414876cde1a5883e2a2ab610e6603ef434ebb5b0a934bfcb8df1260a73d7c","2756cfb",104729,NaN,NaN,NaN,NaN,NaN,NaN,NaN,NaN,NaN,NaN,"not_applicable","not_applicable","sixgr.truth.exportControlPlaneTraces","implemented","runtime_control_grant_rows","packet_flow/csv/live_pucch_grants.csv","not_applicable",0,1
"UL","DL",1,12,12,8,18,18,18,3,3,1,21504,0,0,0,0,1,"harq_ack","pucchgrant:fbdir=DL:due=12:src=8:ue=18:rnti=18:harq=1:cell=3","runtime_harq_feedback_due_scheduler","scheduled_pending_execution",1,0,2,1,"uci_payload_size_demoted_to_short_format","pucch:cell=3:slot=12:rnti=18:reqfmt=2:resfmt=1:prb=31:1:sym=10:4",31,1,10,4,"runtime_deterministic_pucch_resource_assignment",1,12,"not_applicable","not_applicable","not_applicable",0,0,"full_per_link_channel_waveform_sum",0,"not_applicable","not_applicable",0,"not_applicable","not_applicable","not_applicable",0,0,0,"pending_feedback_due_slot",0,0,"harq_feedback_consumed_by_runtime_harq_and_scheduler","PENDING",0,"not_applicable","not_applicable","Explicit runtime PUCCH grant/resource object scheduled from HARQ feedback timing.","PUCCH","active_but_simplified","active_scheduled_pending_feedback_due_not_reached","harq_feedback_resource_grant_and_state_update_when_due","pending_feedback_due_slot",0,0,0,0,"runtime_pucch_grant_trace","explicit_pucch_grant_and_feedback_runtime_state","available_runtime_grant_state","canonical PUCCH grant/resource row; waveform decode fields become available only after the feedback due slot is processed",0,0,0,"feedback_due_slot_not_reached_in_this_bounded_run",1,"ac5aaa60-f202-419a-8426-02227c779291","webgui_rel20_4ghz_100mhz_5gnb_50ue_10slot_20260417_170900","lls_3gpp_rel20_anchor_4ghz_100mhz_waveform_honest_5gnb_50ue_10slot","a1a414876cde1a5883e2a2ab610e6603ef434ebb5b0a934bfcb8df1260a73d7c","packet_flow/csv/live_pucch_grants.csv","packet_flow/csv/live_pucch_grants.csv","canonical_control_reference_signal_runtime_evidence","runtime_populated","UL",1,12,3,18,18,NaN,70,"persisted_runtime_pucch_grant_row","packet_flow/csv/live_pucch_grants.csv","runtime_grant_backed_mirror",1,"webgui_rel20_4ghz_100mhz_5gnb_50ue_10slot_20260417_170900","lls_3gpp_rel20_anchor_4ghz_100mhz_waveform_honest_5gnb_50ue_10slot","lls_3gpp_rel20_anchor_4ghz_100mhz_waveform_honest_5gnb_50ue_10slot","a1a414876cde1a5883e2a2ab610e6603ef434ebb5b0a934bfcb8df1260a73d7c","2756cfb",104729,NaN,NaN,NaN,NaN,NaN,NaN,NaN,NaN,NaN,NaN,"not_applicable","not_applicable","sixgr.truth.exportControlPlaneTraces","implemented","runtime_control_grant_rows","packet_flow/csv/live_pucch_grants.csv","not_applicable",0,1
"UL","DL",1,12,12,8,34,34,34,3,3,1,43032,0,0,0,0,1,"harq_ack","pucchgrant:fbdir=DL:due=12:src=8:ue=34:rnti=34:harq=1:cell=3","runtime_harq_feedback_due_scheduler","scheduled_pending_execution",1,0,2,1,"uci_payload_size_demoted_to_short_format","pucch:cell=3:slot=12:rnti=34:reqfmt=2:resfmt=1:prb=47:1:sym=10:4",47,1,10,4,"runtime_deterministic_pucch_resource_assignment",1,12,"not_applicable","not_applicable","not_applicable",0,0,"full_per_link_channel_waveform_sum",0,"not_applicable","not_applicable",0,"not_applicable","not_applicable","not_applicable",0,0,0,"pending_feedback_due_slot",0,0,"harq_feedback_consumed_by_runtime_harq_and_scheduler","PENDING",0,"not_applicable","not_applicable","Explicit runtime PUCCH grant/resource object scheduled from HARQ feedback timing.","PUCCH","active_but_simplified","active_scheduled_pending_feedback_due_not_reached","harq_feedback_resource_grant_and_state_update_when_due","pending_feedback_due_slot",0,0,0,0,"runtime_pucch_grant_trace","explicit_pucch_grant_and_feedback_runtime_state","available_runtime_grant_state","canonical PUCCH grant/resource row; waveform decode fields become available only after the feedback due slot is processed",0,0,0,"feedback_due_slot_not_reached_in_this_bounded_run",1,"ac5aaa60-f202-419a-8426-02227c779291","webgui_rel20_4ghz_100mhz_5gnb_50ue_10slot_20260417_170900","lls_3gpp_rel20_anchor_4ghz_100mhz_waveform_honest_5gnb_50ue_10slot","a1a414876cde1a5883e2a2ab610e6603ef434ebb5b0a934bfcb8df1260a73d7c","packet_flow/csv/live_pucch_grants.csv","packet_flow/csv/live_pucch_grants.csv","canonical_control_reference_signal_runtime_evidence","runtime_populated","UL",1,12,3,34,34,NaN,71,"persisted_runtime_pucch_grant_row","packet_flow/csv/live_pucch_grants.csv","runtime_grant_backed_mirror",1,"webgui_rel20_4ghz_100mhz_5gnb_50ue_10slot_20260417_170900","lls_3gpp_rel20_anchor_4ghz_100mhz_waveform_honest_5gnb_50ue_10slot","lls_3gpp_rel20_anchor_4ghz_100mhz_waveform_honest_5gnb_50ue_10slot","a1a414876cde1a5883e2a2ab610e6603ef434ebb5b0a934bfcb8df1260a73d7c","2756cfb",104729,NaN,NaN,NaN,NaN,NaN,NaN,NaN,NaN,NaN,NaN,"not_applicable","not_applicable","sixgr.truth.exportControlPlaneTraces","implemented","runtime_control_grant_rows","packet_flow/csv/live_pucch_grants.csv","not_applicable",0,1
"UL","DL",1,12,12,8,12,12,12,3,3,1,2024,1,0,1,1,1,"harq_ack","pucchgrant:fbdir=DL:due=12:src=8:ue=12:rnti=12:harq=1:cell=3","runtime_harq_feedback_due_scheduler","scheduled_pending_execution",1,0,2,1,"uci_payload_size_demoted_to_short_format","pucch:cell=3:slot=12:rnti=12:reqfmt=2:resfmt=1:prb=25:1:sym=10:4",25,1,10,4,"runtime_deterministic_pucch_resource_assignment",1,12,"not_applicable","not_applicable","not_applicable",0,0,"full_per_link_channel_waveform_sum",0,"not_applicable","not_applicable",0,"not_applicable","not_applicable","not_applicable",0,0,0,"pending_feedback_due_slot",0,0,"harq_feedback_consumed_by_runtime_harq_and_scheduler","PENDING",0,"not_applicable","not_applicable","Explicit runtime PUCCH grant/resource object scheduled from HARQ feedback timing.","PUCCH","active_but_simplified","active_scheduled_pending_feedback_due_not_reached","harq_feedback_resource_grant_and_state_update_when_due","pending_feedback_due_slot",0,0,0,0,"runtime_pucch_grant_trace","explicit_pucch_grant_and_feedback_runtime_state","available_runtime_grant_state","canonical PUCCH grant/resource row; waveform decode fields become available only after the feedback due slot is processed",0,0,0,"feedback_due_slot_not_reached_in_this_bounded_run",1,"ac5aaa60-f202-419a-8426-02227c779291","webgui_rel20_4ghz_100mhz_5gnb_50ue_10slot_20260417_170900","lls_3gpp_rel20_anchor_4ghz_100mhz_waveform_honest_5gnb_50ue_10slot","a1a414876cde1a5883e2a2ab610e6603ef434ebb5b0a934bfcb8df1260a73d7c","packet_flow/csv/live_pucch_grants.csv","packet_flow/csv/live_pucch_grants.csv","canonical_control_reference_signal_runtime_evidence","runtime_populated","UL",1,12,3,12,12,NaN,72,"persisted_runtime_pucch_grant_row","packet_flow/csv/live_pucch_grants.csv","runtime_grant_backed_mirror",1,"webgui_rel20_4ghz_100mhz_5gnb_50ue_10slot_20260417_170900","lls_3gpp_rel20_anchor_4ghz_100mhz_waveform_honest_5gnb_50ue_10slot","lls_3gpp_rel20_anchor_4ghz_100mhz_waveform_honest_5gnb_50ue_10slot","a1a414876cde1a5883e2a2ab610e6603ef434ebb5b0a934bfcb8df1260a73d7c","2756cfb",104729,NaN,NaN,NaN,NaN,NaN,NaN,NaN,NaN,NaN,NaN,"not_applicable","not_applicable","sixgr.truth.exportControlPlaneTraces","implemented","runtime_control_grant_rows","packet_flow/csv/live_pucch_grants.csv","not_applicable",0,1
"UL","DL",1,12,12,8,13,13,13,3,3,1,2024,1,0,1,1,1,"harq_ack","pucchgrant:fbdir=DL:due=12:src=8:ue=13:rnti=13:harq=1:cell=3","runtime_harq_feedback_due_scheduler","scheduled_pending_execution",1,0,2,1,"uci_payload_size_demoted_to_short_format","pucch:cell=3:slot=12:rnti=13:reqfmt=2:resfmt=1:prb=26:1:sym=10:4",26,1,10,4,"runtime_deterministic_pucch_resource_assignment",1,12,"not_applicable","not_applicable","not_applicable",0,0,"full_per_link_channel_waveform_sum",0,"not_applicable","not_applicable",0,"not_applicable","not_applicable","not_applicable",0,0,0,"pending_feedback_due_slot",0,0,"harq_feedback_consumed_by_runtime_harq_and_scheduler","PENDING",0,"not_applicable","not_applicable","Explicit runtime PUCCH grant/resource object scheduled from HARQ feedback timing.","PUCCH","active_but_simplified","active_scheduled_pending_feedback_due_not_reached","harq_feedback_resource_grant_and_state_update_when_due","pending_feedback_due_slot",0,0,0,0,"runtime_pucch_grant_trace","explicit_pucch_grant_and_feedback_runtime_state","available_runtime_grant_state","canonical PUCCH grant/resource row; waveform decode fields become available only after the feedback due slot is processed",0,0,0,"feedback_due_slot_not_reached_in_this_bounded_run",1,"ac5aaa60-f202-419a-8426-02227c779291","webgui_rel20_4ghz_100mhz_5gnb_50ue_10slot_20260417_170900","lls_3gpp_rel20_anchor_4ghz_100mhz_waveform_honest_5gnb_50ue_10slot","a1a414876cde1a5883e2a2ab610e6603ef434ebb5b0a934bfcb8df1260a73d7c","packet_flow/csv/live_pucch_grants.csv","packet_flow/csv/live_pucch_grants.csv","canonical_control_reference_signal_runtime_evidence","runtime_populated","UL",1,12,3,13,13,NaN,73,"persisted_runtime_pucch_grant_row","packet_flow/csv/live_pucch_grants.csv","runtime_grant_backed_mirror",1,"webgui_rel20_4ghz_100mhz_5gnb_50ue_10slot_20260417_170900","lls_3gpp_rel20_anchor_4ghz_100mhz_waveform_honest_5gnb_50ue_10slot","lls_3gpp_rel20_anchor_4ghz_100mhz_waveform_honest_5gnb_50ue_10slot","a1a414876cde1a5883e2a2ab610e6603ef434ebb5b0a934bfcb8df1260a73d7c","2756cfb",104729,NaN,NaN,NaN,NaN,NaN,NaN,NaN,NaN,NaN,NaN,"not_applicable","not_applicable","sixgr.truth.exportControlPlaneTraces","implemented","runtime_control_grant_rows","packet_flow/csv/live_pucch_grants.csv","not_applicable",0,1
"UL","DL",1,12,12,8,15,15,15,3,3,1,2024,1,0,1,1,1,"harq_ack","pucchgrant:fbdir=DL:due=12:src=8:ue=15:rnti=15:harq=1:cell=3","runtime_harq_feedback_due_scheduler","scheduled_pending_execution",1,0,2,1,"uci_payload_size_demoted_to_short_format","pucch:cell=3:slot=12:rnti=15:reqfmt=2:resfmt=1:prb=28:1:sym=10:4",28,1,10,4,"runtime_deterministic_pucch_resource_assignment",1,12,"not_applicable","not_applicable","not_applicable",0,0,"full_per_link_channel_waveform_sum",0,"not_applicable","not_applicable",0,"not_applicable","not_applicable","not_applicable",0,0,0,"pending_feedback_due_slot",0,0,"harq_feedback_consumed_by_runtime_harq_and_scheduler","PENDING",0,"not_applicable","not_applicable","Explicit runtime PUCCH grant/resource object scheduled from HARQ feedback timing.","PUCCH","active_but_simplified","active_scheduled_pending_feedback_due_not_reached","harq_feedback_resource_grant_and_state_update_when_due","pending_feedback_due_slot",0,0,0,0,"runtime_pucch_grant_trace","explicit_pucch_grant_and_feedback_runtime_state","available_runtime_grant_state","canonical PUCCH grant/resource row; waveform decode fields become available only after the feedback due slot is processed",0,0,0,"feedback_due_slot_not_reached_in_this_bounded_run",1,"ac5aaa60-f202-419a-8426-02227c779291","webgui_rel20_4ghz_100mhz_5gnb_50ue_10slot_20260417_170900","lls_3gpp_rel20_anchor_4ghz_100mhz_waveform_honest_5gnb_50ue_10slot","a1a414876cde1a5883e2a2ab610e6603ef434ebb5b0a934bfcb8df1260a73d7c","packet_flow/csv/live_pucch_grants.csv","packet_flow/csv/live_pucch_grants.csv","canonical_control_reference_signal_runtime_evidence","runtime_populated","UL",1,12,3,15,15,NaN,74,"persisted_runtime_pucch_grant_row","packet_flow/csv/live_pucch_grants.csv","runtime_grant_backed_mirror",1,"webgui_rel20_4ghz_100mhz_5gnb_50ue_10slot_20260417_170900","lls_3gpp_rel20_anchor_4ghz_100mhz_waveform_honest_5gnb_50ue_10slot","lls_3gpp_rel20_anchor_4ghz_100mhz_waveform_honest_5gnb_50ue_10slot","a1a414876cde1a5883e2a2ab610e6603ef434ebb5b0a934bfcb8df1260a73d7c","2756cfb",104729,NaN,NaN,NaN,NaN,NaN,NaN,NaN,NaN,NaN,NaN,"not_applicable","not_applicable","sixgr.truth.exportControlPlaneTraces","implemented","runtime_control_grant_rows","packet_flow/csv/live_pucch_grants.csv","not_applicable",0,1
"UL","DL",1,12,12,8,16,16,16,3,3,1,2024,1,0,1,1,1,"harq_ack","pucchgrant:fbdir=DL:due=12:src=8:ue=16:rnti=16:harq=1:cell=3","runtime_harq_feedback_due_scheduler","scheduled_pending_execution",1,0,2,1,"uci_payload_size_demoted_to_short_format","pucch:cell=3:slot=12:rnti=16:reqfmt=2:resfmt=1:prb=29:1:sym=10:4",29,1,10,4,"runtime_deterministic_pucch_resource_assignment",1,12,"not_applicable","not_applicable","not_applicable",0,0,"full_per_link_channel_waveform_sum",0,"not_applicable","not_applicable",0,"not_applicable","not_applicable","not_applicable",0,0,0,"pending_feedback_due_slot",0,0,"harq_feedback_consumed_by_runtime_harq_and_scheduler","PENDING",0,"not_applicable","not_applicable","Explicit runtime PUCCH grant/resource object scheduled from HARQ feedback timing.","PUCCH","active_but_simplified","active_scheduled_pending_feedback_due_not_reached","harq_feedback_resource_grant_and_state_update_when_due","pending_feedback_due_slot",0,0,0,0,"runtime_pucch_grant_trace","explicit_pucch_grant_and_feedback_runtime_state","available_runtime_grant_state","canonical PUCCH grant/resource row; waveform decode fields become available only after the feedback due slot is processed",0,0,0,"feedback_due_slot_not_reached_in_this_bounded_run",1,"ac5aaa60-f202-419a-8426-02227c779291","webgui_rel20_4ghz_100mhz_5gnb_50ue_10slot_20260417_170900","lls_3gpp_rel20_anchor_4ghz_100mhz_waveform_honest_5gnb_50ue_10slot","a1a414876cde1a5883e2a2ab610e6603ef434ebb5b0a934bfcb8df1260a73d7c","packet_flow/csv/live_pucch_grants.csv","packet_flow/csv/live_pucch_grants.csv","canonical_control_reference_signal_runtime_evidence","runtime_populated","UL",1,12,3,16,16,NaN,75,"persisted_runtime_pucch_grant_row","packet_flow/csv/live_pucch_grants.csv","runtime_grant_backed_mirror",1,"webgui_rel20_4ghz_100mhz_5gnb_50ue_10slot_20260417_170900","lls_3gpp_rel20_anchor_4ghz_100mhz_waveform_honest_5gnb_50ue_10slot","lls_3gpp_rel20_anchor_4ghz_100mhz_waveform_honest_5gnb_50ue_10slot","a1a414876cde1a5883e2a2ab610e6603ef434ebb5b0a934bfcb8df1260a73d7c","2756cfb",104729,NaN,NaN,NaN,NaN,NaN,NaN,NaN,NaN,NaN,NaN,"not_applicable","not_applicable","sixgr.truth.exportControlPlaneTraces","implemented","runtime_control_grant_rows","packet_flow/csv/live_pucch_grants.csv","not_applicable",0,1
"UL","DL",1,12,12,8,23,23,23,3,3,1,2024,1,0,1,1,1,"harq_ack","pucchgrant:fbdir=DL:due=12:src=8:ue=23:rnti=23:harq=1:cell=3","runtime_harq_feedback_due_scheduler","scheduled_pending_execution",1,0,2,1,"uci_payload_size_demoted_to_short_format","pucch:cell=3:slot=12:rnti=23:reqfmt=2:resfmt=1:prb=36:1:sym=10:4",36,1,10,4,"runtime_deterministic_pucch_resource_assignment",1,12,"not_applicable","not_applicable","not_applicable",0,0,"full_per_link_channel_waveform_sum",0,"not_applicable","not_applicable",0,"not_applicable","not_applicable","not_applicable",0,0,0,"pending_feedback_due_slot",0,0,"harq_feedback_consumed_by_runtime_harq_and_scheduler","PENDING",0,"not_applicable","not_applicable","Explicit runtime PUCCH grant/resource object scheduled from HARQ feedback timing.","PUCCH","active_but_simplified","active_scheduled_pending_feedback_due_not_reached","harq_feedback_resource_grant_and_state_update_when_due","pending_feedback_due_slot",0,0,0,0,"runtime_pucch_grant_trace","explicit_pucch_grant_and_feedback_runtime_state","available_runtime_grant_state","canonical PUCCH grant/resource row; waveform decode fields become available only after the feedback due slot is processed",0,0,0,"feedback_due_slot_not_reached_in_this_bounded_run",1,"ac5aaa60-f202-419a-8426-02227c779291","webgui_rel20_4ghz_100mhz_5gnb_50ue_10slot_20260417_170900","lls_3gpp_rel20_anchor_4ghz_100mhz_waveform_honest_5gnb_50ue_10slot","a1a414876cde1a5883e2a2ab610e6603ef434ebb5b0a934bfcb8df1260a73d7c","packet_flow/csv/live_pucch_grants.csv","packet_flow/csv/live_pucch_grants.csv","canonical_control_reference_signal_runtime_evidence","runtime_populated","UL",1,12,3,23,23,NaN,76,"persisted_runtime_pucch_grant_row","packet_flow/csv/live_pucch_grants.csv","runtime_grant_backed_mirror",1,"webgui_rel20_4ghz_100mhz_5gnb_50ue_10slot_20260417_170900","lls_3gpp_rel20_anchor_4ghz_100mhz_waveform_honest_5gnb_50ue_10slot","lls_3gpp_rel20_anchor_4ghz_100mhz_waveform_honest_5gnb_50ue_10slot","a1a414876cde1a5883e2a2ab610e6603ef434ebb5b0a934bfcb8df1260a73d7c","2756cfb",104729,NaN,NaN,NaN,NaN,NaN,NaN,NaN,NaN,NaN,NaN,"not_applicable","not_applicable","sixgr.truth.exportControlPlaneTraces","implemented","runtime_control_grant_rows","packet_flow/csv/live_pucch_grants.csv","not_applicable",0,1
"UL","DL",1,12,12,8,24,24,24,3,3,1,2024,1,0,1,1,1,"harq_ack","pucchgrant:fbdir=DL:due=12:src=8:ue=24:rnti=24:harq=1:cell=3","runtime_harq_feedback_due_scheduler","scheduled_pending_execution",1,0,2,1,"uci_payload_size_demoted_to_short_format","pucch:cell=3:slot=12:rnti=24:reqfmt=2:resfmt=1:prb=37:1:sym=10:4",37,1,10,4,"runtime_deterministic_pucch_resource_assignment",1,12,"not_applicable","not_applicable","not_applicable",0,0,"full_per_link_channel_waveform_sum",0,"not_applicable","not_applicable",0,"not_applicable","not_applicable","not_applicable",0,0,0,"pending_feedback_due_slot",0,0,"harq_feedback_consumed_by_runtime_harq_and_scheduler","PENDING",0,"not_applicable","not_applicable","Explicit runtime PUCCH grant/resource object scheduled from HARQ feedback timing.","PUCCH","active_but_simplified","active_scheduled_pending_feedback_due_not_reached","harq_feedback_resource_grant_and_state_update_when_due","pending_feedback_due_slot",0,0,0,0,"runtime_pucch_grant_trace","explicit_pucch_grant_and_feedback_runtime_state","available_runtime_grant_state","canonical PUCCH grant/resource row; waveform decode fields become available only after the feedback due slot is processed",0,0,0,"feedback_due_slot_not_reached_in_this_bounded_run",1,"ac5aaa60-f202-419a-8426-02227c779291","webgui_rel20_4ghz_100mhz_5gnb_50ue_10slot_20260417_170900","lls_3gpp_rel20_anchor_4ghz_100mhz_waveform_honest_5gnb_50ue_10slot","a1a414876cde1a5883e2a2ab610e6603ef434ebb5b0a934bfcb8df1260a73d7c","packet_flow/csv/live_pucch_grants.csv","packet_flow/csv/live_pucch_grants.csv","canonical_control_reference_signal_runtime_evidence","runtime_populated","UL",1,12,3,24,24,NaN,77,"persisted_runtime_pucch_grant_row","packet_flow/csv/live_pucch_grants.csv","runtime_grant_backed_mirror",1,"webgui_rel20_4ghz_100mhz_5gnb_50ue_10slot_20260417_170900","lls_3gpp_rel20_anchor_4ghz_100mhz_waveform_honest_5gnb_50ue_10slot","lls_3gpp_rel20_anchor_4ghz_100mhz_waveform_honest_5gnb_50ue_10slot","a1a414876cde1a5883e2a2ab610e6603ef434ebb5b0a934bfcb8df1260a73d7c","2756cfb",104729,NaN,NaN,NaN,NaN,NaN,NaN,NaN,NaN,NaN,NaN,"not_applicable","not_applicable","sixgr.truth.exportControlPlaneTraces","implemented","runtime_control_grant_rows","packet_flow/csv/live_pucch_grants.csv","not_applicable",0,1
"UL","DL",1,12,12,8,33,33,33,3,3,1,2024,1,0,1,1,1,"harq_ack","pucchgrant:fbdir=DL:due=12:src=8:ue=33:rnti=33:harq=1:cell=3","runtime_harq_feedback_due_scheduler","scheduled_pending_execution",1,0,2,1,"uci_payload_size_demoted_to_short_format","pucch:cell=3:slot=12:rnti=33:reqfmt=2:resfmt=1:prb=46:1:sym=10:4",46,1,10,4,"runtime_deterministic_pucch_resource_assignment",1,12,"not_applicable","not_applicable","not_applicable",0,0,"full_per_link_channel_waveform_sum",0,"not_applicable","not_applicable",0,"not_applicable","not_applicable","not_applicable",0,0,0,"pending_feedback_due_slot",0,0,"harq_feedback_consumed_by_runtime_harq_and_scheduler","PENDING",0,"not_applicable","not_applicable","Explicit runtime PUCCH grant/resource object scheduled from HARQ feedback timing.","PUCCH","active_but_simplified","active_scheduled_pending_feedback_due_not_reached","harq_feedback_resource_grant_and_state_update_when_due","pending_feedback_due_slot",0,0,0,0,"runtime_pucch_grant_trace","explicit_pucch_grant_and_feedback_runtime_state","available_runtime_grant_state","canonical PUCCH grant/resource row; waveform decode fields become available only after the feedback due slot is processed",0,0,0,"feedback_due_slot_not_reached_in_this_bounded_run",1,"ac5aaa60-f202-419a-8426-02227c779291","webgui_rel20_4ghz_100mhz_5gnb_50ue_10slot_20260417_170900","lls_3gpp_rel20_anchor_4ghz_100mhz_waveform_honest_5gnb_50ue_10slot","a1a414876cde1a5883e2a2ab610e6603ef434ebb5b0a934bfcb8df1260a73d7c","packet_flow/csv/live_pucch_grants.csv","packet_flow/csv/live_pucch_grants.csv","canonical_control_reference_signal_runtime_evidence","runtime_populated","UL",1,12,3,33,33,NaN,78,"persisted_runtime_pucch_grant_row","packet_flow/csv/live_pucch_grants.csv","runtime_grant_backed_mirror",1,"webgui_rel20_4ghz_100mhz_5gnb_50ue_10slot_20260417_170900","lls_3gpp_rel20_anchor_4ghz_100mhz_waveform_honest_5gnb_50ue_10slot","lls_3gpp_rel20_anchor_4ghz_100mhz_waveform_honest_5gnb_50ue_10slot","a1a414876cde1a5883e2a2ab610e6603ef434ebb5b0a934bfcb8df1260a73d7c","2756cfb",104729,NaN,NaN,NaN,NaN,NaN,NaN,NaN,NaN,NaN,NaN,"not_applicable","not_applicable","sixgr.truth.exportControlPlaneTraces","implemented","runtime_control_grant_rows","packet_flow/csv/live_pucch_grants.csv","not_applicable",0,1
"UL","DL",1,12,12,8,22,22,22,4,4,1,48168,0,0,0,0,1,"harq_ack","pucchgrant:fbdir=DL:due=12:src=8:ue=22:rnti=22:harq=1:cell=4","runtime_harq_feedback_due_scheduler","scheduled_pending_execution",1,0,2,1,"uci_payload_size_demoted_to_short_format","pucch:cell=4:slot=12:rnti=22:reqfmt=2:resfmt=1:prb=42:1:sym=10:4",42,1,10,4,"runtime_deterministic_pucch_resource_assignment",1,12,"not_applicable","not_applicable","not_applicable",0,0,"full_per_link_channel_waveform_sum",0,"not_applicable","not_applicable",0,"not_applicable","not_applicable","not_applicable",0,0,0,"pending_feedback_due_slot",0,0,"harq_feedback_consumed_by_runtime_harq_and_scheduler","PENDING",0,"not_applicable","not_applicable","Explicit runtime PUCCH grant/resource object scheduled from HARQ feedback timing.","PUCCH","active_but_simplified","active_scheduled_pending_feedback_due_not_reached","harq_feedback_resource_grant_and_state_update_when_due","pending_feedback_due_slot",0,0,0,0,"runtime_pucch_grant_trace","explicit_pucch_grant_and_feedback_runtime_state","available_runtime_grant_state","canonical PUCCH grant/resource row; waveform decode fields become available only after the feedback due slot is processed",0,0,0,"feedback_due_slot_not_reached_in_this_bounded_run",1,"ac5aaa60-f202-419a-8426-02227c779291","webgui_rel20_4ghz_100mhz_5gnb_50ue_10slot_20260417_170900","lls_3gpp_rel20_anchor_4ghz_100mhz_waveform_honest_5gnb_50ue_10slot","a1a414876cde1a5883e2a2ab610e6603ef434ebb5b0a934bfcb8df1260a73d7c","packet_flow/csv/live_pucch_grants.csv","packet_flow/csv/live_pucch_grants.csv","canonical_control_reference_signal_runtime_evidence","runtime_populated","UL",1,12,4,22,22,NaN,79,"persisted_runtime_pucch_grant_row","packet_flow/csv/live_pucch_grants.csv","runtime_grant_backed_mirror",1,"webgui_rel20_4ghz_100mhz_5gnb_50ue_10slot_20260417_170900","lls_3gpp_rel20_anchor_4ghz_100mhz_waveform_honest_5gnb_50ue_10slot","lls_3gpp_rel20_anchor_4ghz_100mhz_waveform_honest_5gnb_50ue_10slot","a1a414876cde1a5883e2a2ab610e6603ef434ebb5b0a934bfcb8df1260a73d7c","2756cfb",104729,NaN,NaN,NaN,NaN,NaN,NaN,NaN,NaN,NaN,NaN,"not_applicable","not_applicable","sixgr.truth.exportControlPlaneTraces","implemented","runtime_control_grant_rows","packet_flow/csv/live_pucch_grants.csv","not_applicable",0,1
"UL","DL",1,12,12,8,38,38,38,4,4,1,24072,1,0,1,1,1,"harq_ack","pucchgrant:fbdir=DL:due=12:src=8:ue=38:rnti=38:harq=1:cell=4","runtime_harq_feedback_due_scheduler","scheduled_pending_execution",1,0,2,1,"uci_payload_size_demoted_to_short_format","pucch:cell=4:slot=12:rnti=38:reqfmt=2:resfmt=1:prb=58:1:sym=10:4",58,1,10,4,"runtime_deterministic_pucch_resource_assignment",1,12,"not_applicable","not_applicable","not_applicable",0,0,"full_per_link_channel_waveform_sum",0,"not_applicable","not_applicable",0,"not_applicable","not_applicable","not_applicable",0,0,0,"pending_feedback_due_slot",0,0,"harq_feedback_consumed_by_runtime_harq_and_scheduler","PENDING",0,"not_applicable","not_applicable","Explicit runtime PUCCH grant/resource object scheduled from HARQ feedback timing.","PUCCH","active_but_simplified","active_scheduled_pending_feedback_due_not_reached","harq_feedback_resource_grant_and_state_update_when_due","pending_feedback_due_slot",0,0,0,0,"runtime_pucch_grant_trace","explicit_pucch_grant_and_feedback_runtime_state","available_runtime_grant_state","canonical PUCCH grant/resource row; waveform decode fields become available only after the feedback due slot is processed",0,0,0,"feedback_due_slot_not_reached_in_this_bounded_run",1,"ac5aaa60-f202-419a-8426-02227c779291","webgui_rel20_4ghz_100mhz_5gnb_50ue_10slot_20260417_170900","lls_3gpp_rel20_anchor_4ghz_100mhz_waveform_honest_5gnb_50ue_10slot","a1a414876cde1a5883e2a2ab610e6603ef434ebb5b0a934bfcb8df1260a73d7c","packet_flow/csv/live_pucch_grants.csv","packet_flow/csv/live_pucch_grants.csv","canonical_control_reference_signal_runtime_evidence","runtime_populated","UL",1,12,4,38,38,NaN,80,"persisted_runtime_pucch_grant_row","packet_flow/csv/live_pucch_grants.csv","runtime_grant_backed_mirror",1,"webgui_rel20_4ghz_100mhz_5gnb_50ue_10slot_20260417_170900","lls_3gpp_rel20_anchor_4ghz_100mhz_waveform_honest_5gnb_50ue_10slot","lls_3gpp_rel20_anchor_4ghz_100mhz_waveform_honest_5gnb_50ue_10slot","a1a414876cde1a5883e2a2ab610e6603ef434ebb5b0a934bfcb8df1260a73d7c","2756cfb",104729,NaN,NaN,NaN,NaN,NaN,NaN,NaN,NaN,NaN,NaN,"not_applicable","not_applicable","sixgr.truth.exportControlPlaneTraces","implemented","runtime_control_grant_rows","packet_flow/csv/live_pucch_grants.csv","not_applicable",0,1
"UL","DL",1,12,12,8,42,42,42,4,4,1,48168,0,0,0,0,1,"harq_ack","pucchgrant:fbdir=DL:due=12:src=8:ue=42:rnti=42:harq=1:cell=4","runtime_harq_feedback_due_scheduler","scheduled_pending_execution",1,0,2,1,"uci_payload_size_demoted_to_short_format","pucch:cell=4:slot=12:rnti=42:reqfmt=2:resfmt=1:prb=62:1:sym=10:4",62,1,10,4,"runtime_deterministic_pucch_resource_assignment",1,12,"not_applicable","not_applicable","not_applicable",0,0,"full_per_link_channel_waveform_sum",0,"not_applicable","not_applicable",0,"not_applicable","not_applicable","not_applicable",0,0,0,"pending_feedback_due_slot",0,0,"harq_feedback_consumed_by_runtime_harq_and_scheduler","PENDING",0,"not_applicable","not_applicable","Explicit runtime PUCCH grant/resource object scheduled from HARQ feedback timing.","PUCCH","active_but_simplified","active_scheduled_pending_feedback_due_not_reached","harq_feedback_resource_grant_and_state_update_when_due","pending_feedback_due_slot",0,0,0,0,"runtime_pucch_grant_trace","explicit_pucch_grant_and_feedback_runtime_state","available_runtime_grant_state","canonical PUCCH grant/resource row; waveform decode fields become available only after the feedback due slot is processed",0,0,0,"feedback_due_slot_not_reached_in_this_bounded_run",1,"ac5aaa60-f202-419a-8426-02227c779291","webgui_rel20_4ghz_100mhz_5gnb_50ue_10slot_20260417_170900","lls_3gpp_rel20_anchor_4ghz_100mhz_waveform_honest_5gnb_50ue_10slot","a1a414876cde1a5883e2a2ab610e6603ef434ebb5b0a934bfcb8df1260a73d7c","packet_flow/csv/live_pucch_grants.csv","packet_flow/csv/live_pucch_grants.csv","canonical_control_reference_signal_runtime_evidence","runtime_populated","UL",1,12,4,42,42,NaN,81,"persisted_runtime_pucch_grant_row","packet_flow/csv/live_pucch_grants.csv","runtime_grant_backed_mirror",1,"webgui_rel20_4ghz_100mhz_5gnb_50ue_10slot_20260417_170900","lls_3gpp_rel20_anchor_4ghz_100mhz_waveform_honest_5gnb_50ue_10slot","lls_3gpp_rel20_anchor_4ghz_100mhz_waveform_honest_5gnb_50ue_10slot","a1a414876cde1a5883e2a2ab610e6603ef434ebb5b0a934bfcb8df1260a73d7c","2756cfb",104729,NaN,NaN,NaN,NaN,NaN,NaN,NaN,NaN,NaN,NaN,"not_applicable","not_applicable","sixgr.truth.exportControlPlaneTraces","implemented","runtime_control_grant_rows","packet_flow/csv/live_pucch_grants.csv","not_applicable",0,1
"UL","DL",1,12,12,8,20,20,20,4,4,1,2216,1,0,1,1,1,"harq_ack","pucchgrant:fbdir=DL:due=12:src=8:ue=20:rnti=20:harq=1:cell=4","runtime_harq_feedback_due_scheduler","scheduled_pending_execution",1,0,2,1,"uci_payload_size_demoted_to_short_format","pucch:cell=4:slot=12:rnti=20:reqfmt=2:resfmt=1:prb=40:1:sym=10:4",40,1,10,4,"runtime_deterministic_pucch_resource_assignment",1,12,"not_applicable","not_applicable","not_applicable",0,0,"full_per_link_channel_waveform_sum",0,"not_applicable","not_applicable",0,"not_applicable","not_applicable","not_applicable",0,0,0,"pending_feedback_due_slot",0,0,"harq_feedback_consumed_by_runtime_harq_and_scheduler","PENDING",0,"not_applicable","not_applicable","Explicit runtime PUCCH grant/resource object scheduled from HARQ feedback timing.","PUCCH","active_but_simplified","active_scheduled_pending_feedback_due_not_reached","harq_feedback_resource_grant_and_state_update_when_due","pending_feedback_due_slot",0,0,0,0,"runtime_pucch_grant_trace","explicit_pucch_grant_and_feedback_runtime_state","available_runtime_grant_state","canonical PUCCH grant/resource row; waveform decode fields become available only after the feedback due slot is processed",0,0,0,"feedback_due_slot_not_reached_in_this_bounded_run",1,"ac5aaa60-f202-419a-8426-02227c779291","webgui_rel20_4ghz_100mhz_5gnb_50ue_10slot_20260417_170900","lls_3gpp_rel20_anchor_4ghz_100mhz_waveform_honest_5gnb_50ue_10slot","a1a414876cde1a5883e2a2ab610e6603ef434ebb5b0a934bfcb8df1260a73d7c","packet_flow/csv/live_pucch_grants.csv","packet_flow/csv/live_pucch_grants.csv","canonical_control_reference_signal_runtime_evidence","runtime_populated","UL",1,12,4,20,20,NaN,82,"persisted_runtime_pucch_grant_row","packet_flow/csv/live_pucch_grants.csv","runtime_grant_backed_mirror",1,"webgui_rel20_4ghz_100mhz_5gnb_50ue_10slot_20260417_170900","lls_3gpp_rel20_anchor_4ghz_100mhz_waveform_honest_5gnb_50ue_10slot","lls_3gpp_rel20_anchor_4ghz_100mhz_waveform_honest_5gnb_50ue_10slot","a1a414876cde1a5883e2a2ab610e6603ef434ebb5b0a934bfcb8df1260a73d7c","2756cfb",104729,NaN,NaN,NaN,NaN,NaN,NaN,NaN,NaN,NaN,NaN,"not_applicable","not_applicable","sixgr.truth.exportControlPlaneTraces","implemented","runtime_control_grant_rows","packet_flow/csv/live_pucch_grants.csv","not_applicable",0,1
"UL","DL",1,12,12,8,32,32,32,4,4,1,2216,1,0,1,1,1,"harq_ack","pucchgrant:fbdir=DL:due=12:src=8:ue=32:rnti=32:harq=1:cell=4","runtime_harq_feedback_due_scheduler","scheduled_pending_execution",1,0,2,1,"uci_payload_size_demoted_to_short_format","pucch:cell=4:slot=12:rnti=32:reqfmt=2:resfmt=1:prb=52:1:sym=10:4",52,1,10,4,"runtime_deterministic_pucch_resource_assignment",1,12,"not_applicable","not_applicable","not_applicable",0,0,"full_per_link_channel_waveform_sum",0,"not_applicable","not_applicable",0,"not_applicable","not_applicable","not_applicable",0,0,0,"pending_feedback_due_slot",0,0,"harq_feedback_consumed_by_runtime_harq_and_scheduler","PENDING",0,"not_applicable","not_applicable","Explicit runtime PUCCH grant/resource object scheduled from HARQ feedback timing.","PUCCH","active_but_simplified","active_scheduled_pending_feedback_due_not_reached","harq_feedback_resource_grant_and_state_update_when_due","pending_feedback_due_slot",0,0,0,0,"runtime_pucch_grant_trace","explicit_pucch_grant_and_feedback_runtime_state","available_runtime_grant_state","canonical PUCCH grant/resource row; waveform decode fields become available only after the feedback due slot is processed",0,0,0,"feedback_due_slot_not_reached_in_this_bounded_run",1,"ac5aaa60-f202-419a-8426-02227c779291","webgui_rel20_4ghz_100mhz_5gnb_50ue_10slot_20260417_170900","lls_3gpp_rel20_anchor_4ghz_100mhz_waveform_honest_5gnb_50ue_10slot","a1a414876cde1a5883e2a2ab610e6603ef434ebb5b0a934bfcb8df1260a73d7c","packet_flow/csv/live_pucch_grants.csv","packet_flow/csv/live_pucch_grants.csv","canonical_control_reference_signal_runtime_evidence","runtime_populated","UL",1,12,4,32,32,NaN,83,"persisted_runtime_pucch_grant_row","packet_flow/csv/live_pucch_grants.csv","runtime_grant_backed_mirror",1,"webgui_rel20_4ghz_100mhz_5gnb_50ue_10slot_20260417_170900","lls_3gpp_rel20_anchor_4ghz_100mhz_waveform_honest_5gnb_50ue_10slot","lls_3gpp_rel20_anchor_4ghz_100mhz_waveform_honest_5gnb_50ue_10slot","a1a414876cde1a5883e2a2ab610e6603ef434ebb5b0a934bfcb8df1260a73d7c","2756cfb",104729,NaN,NaN,NaN,NaN,NaN,NaN,NaN,NaN,NaN,NaN,"not_applicable","not_applicable","sixgr.truth.exportControlPlaneTraces","implemented","runtime_control_grant_rows","packet_flow/csv/live_pucch_grants.csv","not_applicable",0,1
"UL","DL",1,12,12,8,37,37,37,4,4,1,2216,1,0,1,1,1,"harq_ack","pucchgrant:fbdir=DL:due=12:src=8:ue=37:rnti=37:harq=1:cell=4","runtime_harq_feedback_due_scheduler","scheduled_pending_execution",1,0,2,1,"uci_payload_size_demoted_to_short_format","pucch:cell=4:slot=12:rnti=37:reqfmt=2:resfmt=1:prb=57:1:sym=10:4",57,1,10,4,"runtime_deterministic_pucch_resource_assignment",1,12,"not_applicable","not_applicable","not_applicable",0,0,"full_per_link_channel_waveform_sum",0,"not_applicable","not_applicable",0,"not_applicable","not_applicable","not_applicable",0,0,0,"pending_feedback_due_slot",0,0,"harq_feedback_consumed_by_runtime_harq_and_scheduler","PENDING",0,"not_applicable","not_applicable","Explicit runtime PUCCH grant/resource object scheduled from HARQ feedback timing.","PUCCH","active_but_simplified","active_scheduled_pending_feedback_due_not_reached","harq_feedback_resource_grant_and_state_update_when_due","pending_feedback_due_slot",0,0,0,0,"runtime_pucch_grant_trace","explicit_pucch_grant_and_feedback_runtime_state","available_runtime_grant_state","canonical PUCCH grant/resource row; waveform decode fields become available only after the feedback due slot is processed",0,0,0,"feedback_due_slot_not_reached_in_this_bounded_run",1,"ac5aaa60-f202-419a-8426-02227c779291","webgui_rel20_4ghz_100mhz_5gnb_50ue_10slot_20260417_170900","lls_3gpp_rel20_anchor_4ghz_100mhz_waveform_honest_5gnb_50ue_10slot","a1a414876cde1a5883e2a2ab610e6603ef434ebb5b0a934bfcb8df1260a73d7c","packet_flow/csv/live_pucch_grants.csv","packet_flow/csv/live_pucch_grants.csv","canonical_control_reference_signal_runtime_evidence","runtime_populated","UL",1,12,4,37,37,NaN,84,"persisted_runtime_pucch_grant_row","packet_flow/csv/live_pucch_grants.csv","runtime_grant_backed_mirror",1,"webgui_rel20_4ghz_100mhz_5gnb_50ue_10slot_20260417_170900","lls_3gpp_rel20_anchor_4ghz_100mhz_waveform_honest_5gnb_50ue_10slot","lls_3gpp_rel20_anchor_4ghz_100mhz_waveform_honest_5gnb_50ue_10slot","a1a414876cde1a5883e2a2ab610e6603ef434ebb5b0a934bfcb8df1260a73d7c","2756cfb",104729,NaN,NaN,NaN,NaN,NaN,NaN,NaN,NaN,NaN,NaN,"not_applicable","not_applicable","sixgr.truth.exportControlPlaneTraces","implemented","runtime_control_grant_rows","packet_flow/csv/live_pucch_grants.csv","not_applicable",0,1
"UL","DL",1,12,12,8,40,40,40,4,4,1,2216,1,0,1,1,1,"harq_ack","pucchgrant:fbdir=DL:due=12:src=8:ue=40:rnti=40:harq=1:cell=4","runtime_harq_feedback_due_scheduler","scheduled_pending_execution",1,0,2,1,"uci_payload_size_demoted_to_short_format","pucch:cell=4:slot=12:rnti=40:reqfmt=2:resfmt=1:prb=60:1:sym=10:4",60,1,10,4,"runtime_deterministic_pucch_resource_assignment",1,12,"not_applicable","not_applicable","not_applicable",0,0,"full_per_link_channel_waveform_sum",0,"not_applicable","not_applicable",0,"not_applicable","not_applicable","not_applicable",0,0,0,"pending_feedback_due_slot",0,0,"harq_feedback_consumed_by_runtime_harq_and_scheduler","PENDING",0,"not_applicable","not_applicable","Explicit runtime PUCCH grant/resource object scheduled from HARQ feedback timing.","PUCCH","active_but_simplified","active_scheduled_pending_feedback_due_not_reached","harq_feedback_resource_grant_and_state_update_when_due","pending_feedback_due_slot",0,0,0,0,"runtime_pucch_grant_trace","explicit_pucch_grant_and_feedback_runtime_state","available_runtime_grant_state","canonical PUCCH grant/resource row; waveform decode fields become available only after the feedback due slot is processed",0,0,0,"feedback_due_slot_not_reached_in_this_bounded_run",1,"ac5aaa60-f202-419a-8426-02227c779291","webgui_rel20_4ghz_100mhz_5gnb_50ue_10slot_20260417_170900","lls_3gpp_rel20_anchor_4ghz_100mhz_waveform_honest_5gnb_50ue_10slot","a1a414876cde1a5883e2a2ab610e6603ef434ebb5b0a934bfcb8df1260a73d7c","packet_flow/csv/live_pucch_grants.csv","packet_flow/csv/live_pucch_grants.csv","canonical_control_reference_signal_runtime_evidence","runtime_populated","UL",1,12,4,40,40,NaN,85,"persisted_runtime_pucch_grant_row","packet_flow/csv/live_pucch_grants.csv","runtime_grant_backed_mirror",1,"webgui_rel20_4ghz_100mhz_5gnb_50ue_10slot_20260417_170900","lls_3gpp_rel20_anchor_4ghz_100mhz_waveform_honest_5gnb_50ue_10slot","lls_3gpp_rel20_anchor_4ghz_100mhz_waveform_honest_5gnb_50ue_10slot","a1a414876cde1a5883e2a2ab610e6603ef434ebb5b0a934bfcb8df1260a73d7c","2756cfb",104729,NaN,NaN,NaN,NaN,NaN,NaN,NaN,NaN,NaN,NaN,"not_applicable","not_applicable","sixgr.truth.exportControlPlaneTraces","implemented","runtime_control_grant_rows","packet_flow/csv/live_pucch_grants.csv","not_applicable",0,1
"UL","DL",1,12,12,8,44,44,44,4,4,1,2216,1,0,1,1,1,"harq_ack","pucchgrant:fbdir=DL:due=12:src=8:ue=44:rnti=44:harq=1:cell=4","runtime_harq_feedback_due_scheduler","scheduled_pending_execution",1,0,2,1,"uci_payload_size_demoted_to_short_format","pucch:cell=4:slot=12:rnti=44:reqfmt=2:resfmt=1:prb=64:1:sym=10:4",64,1,10,4,"runtime_deterministic_pucch_resource_assignment",1,12,"not_applicable","not_applicable","not_applicable",0,0,"full_per_link_channel_waveform_sum",0,"not_applicable","not_applicable",0,"not_applicable","not_applicable","not_applicable",0,0,0,"pending_feedback_due_slot",0,0,"harq_feedback_consumed_by_runtime_harq_and_scheduler","PENDING",0,"not_applicable","not_applicable","Explicit runtime PUCCH grant/resource object scheduled from HARQ feedback timing.","PUCCH","active_but_simplified","active_scheduled_pending_feedback_due_not_reached","harq_feedback_resource_grant_and_state_update_when_due","pending_feedback_due_slot",0,0,0,0,"runtime_pucch_grant_trace","explicit_pucch_grant_and_feedback_runtime_state","available_runtime_grant_state","canonical PUCCH grant/resource row; waveform decode fields become available only after the feedback due slot is processed",0,0,0,"feedback_due_slot_not_reached_in_this_bounded_run",1,"ac5aaa60-f202-419a-8426-02227c779291","webgui_rel20_4ghz_100mhz_5gnb_50ue_10slot_20260417_170900","lls_3gpp_rel20_anchor_4ghz_100mhz_waveform_honest_5gnb_50ue_10slot","a1a414876cde1a5883e2a2ab610e6603ef434ebb5b0a934bfcb8df1260a73d7c","packet_flow/csv/live_pucch_grants.csv","packet_flow/csv/live_pucch_grants.csv","canonical_control_reference_signal_runtime_evidence","runtime_populated","UL",1,12,4,44,44,NaN,86,"persisted_runtime_pucch_grant_row","packet_flow/csv/live_pucch_grants.csv","runtime_grant_backed_mirror",1,"webgui_rel20_4ghz_100mhz_5gnb_50ue_10slot_20260417_170900","lls_3gpp_rel20_anchor_4ghz_100mhz_waveform_honest_5gnb_50ue_10slot","lls_3gpp_rel20_anchor_4ghz_100mhz_waveform_honest_5gnb_50ue_10slot","a1a414876cde1a5883e2a2ab610e6603ef434ebb5b0a934bfcb8df1260a73d7c","2756cfb",104729,NaN,NaN,NaN,NaN,NaN,NaN,NaN,NaN,NaN,NaN,"not_applicable","not_applicable","sixgr.truth.exportControlPlaneTraces","implemented","runtime_control_grant_rows","packet_flow/csv/live_pucch_grants.csv","not_applicable",0,1
"UL","DL",1,12,12,8,49,49,49,4,4,1,2216,0,0,0,0,1,"harq_ack","pucchgrant:fbdir=DL:due=12:src=8:ue=49:rnti=49:harq=1:cell=4","runtime_harq_feedback_due_scheduler","scheduled_pending_execution",1,0,2,1,"uci_payload_size_demoted_to_short_format","pucch:cell=4:slot=12:rnti=49:reqfmt=2:resfmt=1:prb=69:1:sym=10:4",69,1,10,4,"runtime_deterministic_pucch_resource_assignment",1,12,"not_applicable","not_applicable","not_applicable",0,0,"full_per_link_channel_waveform_sum",0,"not_applicable","not_applicable",0,"not_applicable","not_applicable","not_applicable",0,0,0,"pending_feedback_due_slot",0,0,"harq_feedback_consumed_by_runtime_harq_and_scheduler","PENDING",0,"not_applicable","not_applicable","Explicit runtime PUCCH grant/resource object scheduled from HARQ feedback timing.","PUCCH","active_but_simplified","active_scheduled_pending_feedback_due_not_reached","harq_feedback_resource_grant_and_state_update_when_due","pending_feedback_due_slot",0,0,0,0,"runtime_pucch_grant_trace","explicit_pucch_grant_and_feedback_runtime_state","available_runtime_grant_state","canonical PUCCH grant/resource row; waveform decode fields become available only after the feedback due slot is processed",0,0,0,"feedback_due_slot_not_reached_in_this_bounded_run",1,"ac5aaa60-f202-419a-8426-02227c779291","webgui_rel20_4ghz_100mhz_5gnb_50ue_10slot_20260417_170900","lls_3gpp_rel20_anchor_4ghz_100mhz_waveform_honest_5gnb_50ue_10slot","a1a414876cde1a5883e2a2ab610e6603ef434ebb5b0a934bfcb8df1260a73d7c","packet_flow/csv/live_pucch_grants.csv","packet_flow/csv/live_pucch_grants.csv","canonical_control_reference_signal_runtime_evidence","runtime_populated","UL",1,12,4,49,49,NaN,87,"persisted_runtime_pucch_grant_row","packet_flow/csv/live_pucch_grants.csv","runtime_grant_backed_mirror",1,"webgui_rel20_4ghz_100mhz_5gnb_50ue_10slot_20260417_170900","lls_3gpp_rel20_anchor_4ghz_100mhz_waveform_honest_5gnb_50ue_10slot","lls_3gpp_rel20_anchor_4ghz_100mhz_waveform_honest_5gnb_50ue_10slot","a1a414876cde1a5883e2a2ab610e6603ef434ebb5b0a934bfcb8df1260a73d7c","2756cfb",104729,NaN,NaN,NaN,NaN,NaN,NaN,NaN,NaN,NaN,NaN,"not_applicable","not_applicable","sixgr.truth.exportControlPlaneTraces","implemented","runtime_control_grant_rows","packet_flow/csv/live_pucch_grants.csv","not_applicable",0,1
"UL","DL",1,12,12,8,30,30,30,5,5,1,33816,0,0,0,0,1,"harq_ack","pucchgrant:fbdir=DL:due=12:src=8:ue=30:rnti=30:harq=1:cell=5","runtime_harq_feedback_due_scheduler","scheduled_pending_execution",1,0,2,1,"uci_payload_size_demoted_to_short_format","pucch:cell=5:slot=12:rnti=30:reqfmt=2:resfmt=1:prb=57:1:sym=10:4",57,1,10,4,"runtime_deterministic_pucch_resource_assignment",1,12,"not_applicable","not_applicable","not_applicable",0,0,"full_per_link_channel_waveform_sum",0,"not_applicable","not_applicable",0,"not_applicable","not_applicable","not_applicable",0,0,0,"pending_feedback_due_slot",0,0,"harq_feedback_consumed_by_runtime_harq_and_scheduler","PENDING",0,"not_applicable","not_applicable","Explicit runtime PUCCH grant/resource object scheduled from HARQ feedback timing.","PUCCH","active_but_simplified","active_scheduled_pending_feedback_due_not_reached","harq_feedback_resource_grant_and_state_update_when_due","pending_feedback_due_slot",0,0,0,0,"runtime_pucch_grant_trace","explicit_pucch_grant_and_feedback_runtime_state","available_runtime_grant_state","canonical PUCCH grant/resource row; waveform decode fields become available only after the feedback due slot is processed",0,0,0,"feedback_due_slot_not_reached_in_this_bounded_run",1,"ac5aaa60-f202-419a-8426-02227c779291","webgui_rel20_4ghz_100mhz_5gnb_50ue_10slot_20260417_170900","lls_3gpp_rel20_anchor_4ghz_100mhz_waveform_honest_5gnb_50ue_10slot","a1a414876cde1a5883e2a2ab610e6603ef434ebb5b0a934bfcb8df1260a73d7c","packet_flow/csv/live_pucch_grants.csv","packet_flow/csv/live_pucch_grants.csv","canonical_control_reference_signal_runtime_evidence","runtime_populated","UL",1,12,5,30,30,NaN,88,"persisted_runtime_pucch_grant_row","packet_flow/csv/live_pucch_grants.csv","runtime_grant_backed_mirror",1,"webgui_rel20_4ghz_100mhz_5gnb_50ue_10slot_20260417_170900","lls_3gpp_rel20_anchor_4ghz_100mhz_waveform_honest_5gnb_50ue_10slot","lls_3gpp_rel20_anchor_4ghz_100mhz_waveform_honest_5gnb_50ue_10slot","a1a414876cde1a5883e2a2ab610e6603ef434ebb5b0a934bfcb8df1260a73d7c","2756cfb",104729,NaN,NaN,NaN,NaN,NaN,NaN,NaN,NaN,NaN,NaN,"not_applicable","not_applicable","sixgr.truth.exportControlPlaneTraces","implemented","runtime_control_grant_rows","packet_flow/csv/live_pucch_grants.csv","not_applicable",0,1
"UL","DL",1,12,12,8,46,46,46,5,5,1,33816,0,0,0,0,1,"harq_ack","pucchgrant:fbdir=DL:due=12:src=8:ue=46:rnti=46:harq=1:cell=5","runtime_harq_feedback_due_scheduler","scheduled_pending_execution",1,0,2,1,"uci_payload_size_demoted_to_short_format","pucch:cell=5:slot=12:rnti=46:reqfmt=2:resfmt=1:prb=73:1:sym=10:4",73,1,10,4,"runtime_deterministic_pucch_resource_assignment",1,12,"not_applicable","not_applicable","not_applicable",0,0,"full_per_link_channel_waveform_sum",0,"not_applicable","not_applicable",0,"not_applicable","not_applicable","not_applicable",0,0,0,"pending_feedback_due_slot",0,0,"harq_feedback_consumed_by_runtime_harq_and_scheduler","PENDING",0,"not_applicable","not_applicable","Explicit runtime PUCCH grant/resource object scheduled from HARQ feedback timing.","PUCCH","active_but_simplified","active_scheduled_pending_feedback_due_not_reached","harq_feedback_resource_grant_and_state_update_when_due","pending_feedback_due_slot",0,0,0,0,"runtime_pucch_grant_trace","explicit_pucch_grant_and_feedback_runtime_state","available_runtime_grant_state","canonical PUCCH grant/resource row; waveform decode fields become available only after the feedback due slot is processed",0,0,0,"feedback_due_slot_not_reached_in_this_bounded_run",1,"ac5aaa60-f202-419a-8426-02227c779291","webgui_rel20_4ghz_100mhz_5gnb_50ue_10slot_20260417_170900","lls_3gpp_rel20_anchor_4ghz_100mhz_waveform_honest_5gnb_50ue_10slot","a1a414876cde1a5883e2a2ab610e6603ef434ebb5b0a934bfcb8df1260a73d7c","packet_flow/csv/live_pucch_grants.csv","packet_flow/csv/live_pucch_grants.csv","canonical_control_reference_signal_runtime_evidence","runtime_populated","UL",1,12,5,46,46,NaN,89,"persisted_runtime_pucch_grant_row","packet_flow/csv/live_pucch_grants.csv","runtime_grant_backed_mirror",1,"webgui_rel20_4ghz_100mhz_5gnb_50ue_10slot_20260417_170900","lls_3gpp_rel20_anchor_4ghz_100mhz_waveform_honest_5gnb_50ue_10slot","lls_3gpp_rel20_anchor_4ghz_100mhz_waveform_honest_5gnb_50ue_10slot","a1a414876cde1a5883e2a2ab610e6603ef434ebb5b0a934bfcb8df1260a73d7c","2756cfb",104729,NaN,NaN,NaN,NaN,NaN,NaN,NaN,NaN,NaN,NaN,"not_applicable","not_applicable","sixgr.truth.exportControlPlaneTraces","implemented","runtime_control_grant_rows","packet_flow/csv/live_pucch_grants.csv","not_applicable",0,1
"UL","DL",1,12,12,8,1,1,1,5,5,1,1544,1,0,1,1,1,"harq_ack","pucchgrant:fbdir=DL:due=12:src=8:ue=1:rnti=1:harq=1:cell=5","runtime_harq_feedback_due_scheduler","scheduled_pending_execution",1,0,2,1,"uci_payload_size_demoted_to_short_format","pucch:cell=5:slot=12:rnti=1:reqfmt=2:resfmt=1:prb=28:1:sym=10:4",28,1,10,4,"runtime_deterministic_pucch_resource_assignment",1,12,"not_applicable","not_applicable","not_applicable",0,0,"full_per_link_channel_waveform_sum",0,"not_applicable","not_applicable",0,"not_applicable","not_applicable","not_applicable",0,0,0,"pending_feedback_due_slot",0,0,"harq_feedback_consumed_by_runtime_harq_and_scheduler","PENDING",0,"not_applicable","not_applicable","Explicit runtime PUCCH grant/resource object scheduled from HARQ feedback timing.","PUCCH","active_but_simplified","active_scheduled_pending_feedback_due_not_reached","harq_feedback_resource_grant_and_state_update_when_due","pending_feedback_due_slot",0,0,0,0,"runtime_pucch_grant_trace","explicit_pucch_grant_and_feedback_runtime_state","available_runtime_grant_state","canonical PUCCH grant/resource row; waveform decode fields become available only after the feedback due slot is processed",0,0,0,"feedback_due_slot_not_reached_in_this_bounded_run",1,"ac5aaa60-f202-419a-8426-02227c779291","webgui_rel20_4ghz_100mhz_5gnb_50ue_10slot_20260417_170900","lls_3gpp_rel20_anchor_4ghz_100mhz_waveform_honest_5gnb_50ue_10slot","a1a414876cde1a5883e2a2ab610e6603ef434ebb5b0a934bfcb8df1260a73d7c","packet_flow/csv/live_pucch_grants.csv","packet_flow/csv/live_pucch_grants.csv","canonical_control_reference_signal_runtime_evidence","runtime_populated","UL",1,12,5,1,1,NaN,90,"persisted_runtime_pucch_grant_row","packet_flow/csv/live_pucch_grants.csv","runtime_grant_backed_mirror",1,"webgui_rel20_4ghz_100mhz_5gnb_50ue_10slot_20260417_170900","lls_3gpp_rel20_anchor_4ghz_100mhz_waveform_honest_5gnb_50ue_10slot","lls_3gpp_rel20_anchor_4ghz_100mhz_waveform_honest_5gnb_50ue_10slot","a1a414876cde1a5883e2a2ab610e6603ef434ebb5b0a934bfcb8df1260a73d7c","2756cfb",104729,NaN,NaN,NaN,NaN,NaN,NaN,NaN,NaN,NaN,NaN,"not_applicable","not_applicable","sixgr.truth.exportControlPlaneTraces","implemented","runtime_control_grant_rows","packet_flow/csv/live_pucch_grants.csv","not_applicable",0,1
"UL","DL",1,12,12,8,8,8,8,5,5,1,1544,1,0,1,1,1,"harq_ack","pucchgrant:fbdir=DL:due=12:src=8:ue=8:rnti=8:harq=1:cell=5","runtime_harq_feedback_due_scheduler","scheduled_pending_execution",1,0,2,1,"uci_payload_size_demoted_to_short_format","pucch:cell=5:slot=12:rnti=8:reqfmt=2:resfmt=1:prb=35:1:sym=10:4",35,1,10,4,"runtime_deterministic_pucch_resource_assignment",1,12,"not_applicable","not_applicable","not_applicable",0,0,"full_per_link_channel_waveform_sum",0,"not_applicable","not_applicable",0,"not_applicable","not_applicable","not_applicable",0,0,0,"pending_feedback_due_slot",0,0,"harq_feedback_consumed_by_runtime_harq_and_scheduler","PENDING",0,"not_applicable","not_applicable","Explicit runtime PUCCH grant/resource object scheduled from HARQ feedback timing.","PUCCH","active_but_simplified","active_scheduled_pending_feedback_due_not_reached","harq_feedback_resource_grant_and_state_update_when_due","pending_feedback_due_slot",0,0,0,0,"runtime_pucch_grant_trace","explicit_pucch_grant_and_feedback_runtime_state","available_runtime_grant_state","canonical PUCCH grant/resource row; waveform decode fields become available only after the feedback due slot is processed",0,0,0,"feedback_due_slot_not_reached_in_this_bounded_run",1,"ac5aaa60-f202-419a-8426-02227c779291","webgui_rel20_4ghz_100mhz_5gnb_50ue_10slot_20260417_170900","lls_3gpp_rel20_anchor_4ghz_100mhz_waveform_honest_5gnb_50ue_10slot","a1a414876cde1a5883e2a2ab610e6603ef434ebb5b0a934bfcb8df1260a73d7c","packet_flow/csv/live_pucch_grants.csv","packet_flow/csv/live_pucch_grants.csv","canonical_control_reference_signal_runtime_evidence","runtime_populated","UL",1,12,5,8,8,NaN,91,"persisted_runtime_pucch_grant_row","packet_flow/csv/live_pucch_grants.csv","runtime_grant_backed_mirror",1,"webgui_rel20_4ghz_100mhz_5gnb_50ue_10slot_20260417_170900","lls_3gpp_rel20_anchor_4ghz_100mhz_waveform_honest_5gnb_50ue_10slot","lls_3gpp_rel20_anchor_4ghz_100mhz_waveform_honest_5gnb_50ue_10slot","a1a414876cde1a5883e2a2ab610e6603ef434ebb5b0a934bfcb8df1260a73d7c","2756cfb",104729,NaN,NaN,NaN,NaN,NaN,NaN,NaN,NaN,NaN,NaN,"not_applicable","not_applicable","sixgr.truth.exportControlPlaneTraces","implemented","runtime_control_grant_rows","packet_flow/csv/live_pucch_grants.csv","not_applicable",0,1
"UL","DL",1,12,12,8,11,11,11,5,5,1,1544,1,0,1,1,1,"harq_ack","pucchgrant:fbdir=DL:due=12:src=8:ue=11:rnti=11:harq=1:cell=5","runtime_harq_feedback_due_scheduler","scheduled_pending_execution",1,0,2,1,"uci_payload_size_demoted_to_short_format","pucch:cell=5:slot=12:rnti=11:reqfmt=2:resfmt=1:prb=38:1:sym=10:4",38,1,10,4,"runtime_deterministic_pucch_resource_assignment",1,12,"not_applicable","not_applicable","not_applicable",0,0,"full_per_link_channel_waveform_sum",0,"not_applicable","not_applicable",0,"not_applicable","not_applicable","not_applicable",0,0,0,"pending_feedback_due_slot",0,0,"harq_feedback_consumed_by_runtime_harq_and_scheduler","PENDING",0,"not_applicable","not_applicable","Explicit runtime PUCCH grant/resource object scheduled from HARQ feedback timing.","PUCCH","active_but_simplified","active_scheduled_pending_feedback_due_not_reached","harq_feedback_resource_grant_and_state_update_when_due","pending_feedback_due_slot",0,0,0,0,"runtime_pucch_grant_trace","explicit_pucch_grant_and_feedback_runtime_state","available_runtime_grant_state","canonical PUCCH grant/resource row; waveform decode fields become available only after the feedback due slot is processed",0,0,0,"feedback_due_slot_not_reached_in_this_bounded_run",1,"ac5aaa60-f202-419a-8426-02227c779291","webgui_rel20_4ghz_100mhz_5gnb_50ue_10slot_20260417_170900","lls_3gpp_rel20_anchor_4ghz_100mhz_waveform_honest_5gnb_50ue_10slot","a1a414876cde1a5883e2a2ab610e6603ef434ebb5b0a934bfcb8df1260a73d7c","packet_flow/csv/live_pucch_grants.csv","packet_flow/csv/live_pucch_grants.csv","canonical_control_reference_signal_runtime_evidence","runtime_populated","UL",1,12,5,11,11,NaN,92,"persisted_runtime_pucch_grant_row","packet_flow/csv/live_pucch_grants.csv","runtime_grant_backed_mirror",1,"webgui_rel20_4ghz_100mhz_5gnb_50ue_10slot_20260417_170900","lls_3gpp_rel20_anchor_4ghz_100mhz_waveform_honest_5gnb_50ue_10slot","lls_3gpp_rel20_anchor_4ghz_100mhz_waveform_honest_5gnb_50ue_10slot","a1a414876cde1a5883e2a2ab610e6603ef434ebb5b0a934bfcb8df1260a73d7c","2756cfb",104729,NaN,NaN,NaN,NaN,NaN,NaN,NaN,NaN,NaN,NaN,"not_applicable","not_applicable","sixgr.truth.exportControlPlaneTraces","implemented","runtime_control_grant_rows","packet_flow/csv/live_pucch_grants.csv","not_applicable",0,1
"UL","DL",1,12,12,8,17,17,17,5,5,1,1544,1,0,1,1,1,"harq_ack","pucchgrant:fbdir=DL:due=12:src=8:ue=17:rnti=17:harq=1:cell=5","runtime_harq_feedback_due_scheduler","scheduled_pending_execution",1,0,2,1,"uci_payload_size_demoted_to_short_format","pucch:cell=5:slot=12:rnti=17:reqfmt=2:resfmt=1:prb=44:1:sym=10:4",44,1,10,4,"runtime_deterministic_pucch_resource_assignment",1,12,"not_applicable","not_applicable","not_applicable",0,0,"full_per_link_channel_waveform_sum",0,"not_applicable","not_applicable",0,"not_applicable","not_applicable","not_applicable",0,0,0,"pending_feedback_due_slot",0,0,"harq_feedback_consumed_by_runtime_harq_and_scheduler","PENDING",0,"not_applicable","not_applicable","Explicit runtime PUCCH grant/resource object scheduled from HARQ feedback timing.","PUCCH","active_but_simplified","active_scheduled_pending_feedback_due_not_reached","harq_feedback_resource_grant_and_state_update_when_due","pending_feedback_due_slot",0,0,0,0,"runtime_pucch_grant_trace","explicit_pucch_grant_and_feedback_runtime_state","available_runtime_grant_state","canonical PUCCH grant/resource row; waveform decode fields become available only after the feedback due slot is processed",0,0,0,"feedback_due_slot_not_reached_in_this_bounded_run",1,"ac5aaa60-f202-419a-8426-02227c779291","webgui_rel20_4ghz_100mhz_5gnb_50ue_10slot_20260417_170900","lls_3gpp_rel20_anchor_4ghz_100mhz_waveform_honest_5gnb_50ue_10slot","a1a414876cde1a5883e2a2ab610e6603ef434ebb5b0a934bfcb8df1260a73d7c","packet_flow/csv/live_pucch_grants.csv","packet_flow/csv/live_pucch_grants.csv","canonical_control_reference_signal_runtime_evidence","runtime_populated","UL",1,12,5,17,17,NaN,93,"persisted_runtime_pucch_grant_row","packet_flow/csv/live_pucch_grants.csv","runtime_grant_backed_mirror",1,"webgui_rel20_4ghz_100mhz_5gnb_50ue_10slot_20260417_170900","lls_3gpp_rel20_anchor_4ghz_100mhz_waveform_honest_5gnb_50ue_10slot","lls_3gpp_rel20_anchor_4ghz_100mhz_waveform_honest_5gnb_50ue_10slot","a1a414876cde1a5883e2a2ab610e6603ef434ebb5b0a934bfcb8df1260a73d7c","2756cfb",104729,NaN,NaN,NaN,NaN,NaN,NaN,NaN,NaN,NaN,NaN,"not_applicable","not_applicable","sixgr.truth.exportControlPlaneTraces","implemented","runtime_control_grant_rows","packet_flow/csv/live_pucch_grants.csv","not_applicable",0,1
"UL","DL",1,12,12,8,21,21,21,5,5,1,1544,0,0,0,0,1,"harq_ack","pucchgrant:fbdir=DL:due=12:src=8:ue=21:rnti=21:harq=1:cell=5","runtime_harq_feedback_due_scheduler","scheduled_pending_execution",1,0,2,1,"uci_payload_size_demoted_to_short_format","pucch:cell=5:slot=12:rnti=21:reqfmt=2:resfmt=1:prb=48:1:sym=10:4",48,1,10,4,"runtime_deterministic_pucch_resource_assignment",1,12,"not_applicable","not_applicable","not_applicable",0,0,"full_per_link_channel_waveform_sum",0,"not_applicable","not_applicable",0,"not_applicable","not_applicable","not_applicable",0,0,0,"pending_feedback_due_slot",0,0,"harq_feedback_consumed_by_runtime_harq_and_scheduler","PENDING",0,"not_applicable","not_applicable","Explicit runtime PUCCH grant/resource object scheduled from HARQ feedback timing.","PUCCH","active_but_simplified","active_scheduled_pending_feedback_due_not_reached","harq_feedback_resource_grant_and_state_update_when_due","pending_feedback_due_slot",0,0,0,0,"runtime_pucch_grant_trace","explicit_pucch_grant_and_feedback_runtime_state","available_runtime_grant_state","canonical PUCCH grant/resource row; waveform decode fields become available only after the feedback due slot is processed",0,0,0,"feedback_due_slot_not_reached_in_this_bounded_run",1,"ac5aaa60-f202-419a-8426-02227c779291","webgui_rel20_4ghz_100mhz_5gnb_50ue_10slot_20260417_170900","lls_3gpp_rel20_anchor_4ghz_100mhz_waveform_honest_5gnb_50ue_10slot","a1a414876cde1a5883e2a2ab610e6603ef434ebb5b0a934bfcb8df1260a73d7c","packet_flow/csv/live_pucch_grants.csv","packet_flow/csv/live_pucch_grants.csv","canonical_control_reference_signal_runtime_evidence","runtime_populated","UL",1,12,5,21,21,NaN,94,"persisted_runtime_pucch_grant_row","packet_flow/csv/live_pucch_grants.csv","runtime_grant_backed_mirror",1,"webgui_rel20_4ghz_100mhz_5gnb_50ue_10slot_20260417_170900","lls_3gpp_rel20_anchor_4ghz_100mhz_waveform_honest_5gnb_50ue_10slot","lls_3gpp_rel20_anchor_4ghz_100mhz_waveform_honest_5gnb_50ue_10slot","a1a414876cde1a5883e2a2ab610e6603ef434ebb5b0a934bfcb8df1260a73d7c","2756cfb",104729,NaN,NaN,NaN,NaN,NaN,NaN,NaN,NaN,NaN,NaN,"not_applicable","not_applicable","sixgr.truth.exportControlPlaneTraces","implemented","runtime_control_grant_rows","packet_flow/csv/live_pucch_grants.csv","not_applicable",0,1
"UL","DL",1,12,12,8,25,25,25,5,5,1,1544,1,0,1,1,1,"harq_ack","pucchgrant:fbdir=DL:due=12:src=8:ue=25:rnti=25:harq=1:cell=5","runtime_harq_feedback_due_scheduler","scheduled_pending_execution",1,0,2,1,"uci_payload_size_demoted_to_short_format","pucch:cell=5:slot=12:rnti=25:reqfmt=2:resfmt=1:prb=52:1:sym=10:4",52,1,10,4,"runtime_deterministic_pucch_resource_assignment",1,12,"not_applicable","not_applicable","not_applicable",0,0,"full_per_link_channel_waveform_sum",0,"not_applicable","not_applicable",0,"not_applicable","not_applicable","not_applicable",0,0,0,"pending_feedback_due_slot",0,0,"harq_feedback_consumed_by_runtime_harq_and_scheduler","PENDING",0,"not_applicable","not_applicable","Explicit runtime PUCCH grant/resource object scheduled from HARQ feedback timing.","PUCCH","active_but_simplified","active_scheduled_pending_feedback_due_not_reached","harq_feedback_resource_grant_and_state_update_when_due","pending_feedback_due_slot",0,0,0,0,"runtime_pucch_grant_trace","explicit_pucch_grant_and_feedback_runtime_state","available_runtime_grant_state","canonical PUCCH grant/resource row; waveform decode fields become available only after the feedback due slot is processed",0,0,0,"feedback_due_slot_not_reached_in_this_bounded_run",1,"ac5aaa60-f202-419a-8426-02227c779291","webgui_rel20_4ghz_100mhz_5gnb_50ue_10slot_20260417_170900","lls_3gpp_rel20_anchor_4ghz_100mhz_waveform_honest_5gnb_50ue_10slot","a1a414876cde1a5883e2a2ab610e6603ef434ebb5b0a934bfcb8df1260a73d7c","packet_flow/csv/live_pucch_grants.csv","packet_flow/csv/live_pucch_grants.csv","canonical_control_reference_signal_runtime_evidence","runtime_populated","UL",1,12,5,25,25,NaN,95,"persisted_runtime_pucch_grant_row","packet_flow/csv/live_pucch_grants.csv","runtime_grant_backed_mirror",1,"webgui_rel20_4ghz_100mhz_5gnb_50ue_10slot_20260417_170900","lls_3gpp_rel20_anchor_4ghz_100mhz_waveform_honest_5gnb_50ue_10slot","lls_3gpp_rel20_anchor_4ghz_100mhz_waveform_honest_5gnb_50ue_10slot","a1a414876cde1a5883e2a2ab610e6603ef434ebb5b0a934bfcb8df1260a73d7c","2756cfb",104729,NaN,NaN,NaN,NaN,NaN,NaN,NaN,NaN,NaN,NaN,"not_applicable","not_applicable","sixgr.truth.exportControlPlaneTraces","implemented","runtime_control_grant_rows","packet_flow/csv/live_pucch_grants.csv","not_applicable",0,1
"UL","DL",1,12,12,8,28,28,28,5,5,1,1544,1,0,1,1,1,"harq_ack","pucchgrant:fbdir=DL:due=12:src=8:ue=28:rnti=28:harq=1:cell=5","runtime_harq_feedback_due_scheduler","scheduled_pending_execution",1,0,2,1,"uci_payload_size_demoted_to_short_format","pucch:cell=5:slot=12:rnti=28:reqfmt=2:resfmt=1:prb=55:1:sym=10:4",55,1,10,4,"runtime_deterministic_pucch_resource_assignment",1,12,"not_applicable","not_applicable","not_applicable",0,0,"full_per_link_channel_waveform_sum",0,"not_applicable","not_applicable",0,"not_applicable","not_applicable","not_applicable",0,0,0,"pending_feedback_due_slot",0,0,"harq_feedback_consumed_by_runtime_harq_and_scheduler","PENDING",0,"not_applicable","not_applicable","Explicit runtime PUCCH grant/resource object scheduled from HARQ feedback timing.","PUCCH","active_but_simplified","active_scheduled_pending_feedback_due_not_reached","harq_feedback_resource_grant_and_state_update_when_due","pending_feedback_due_slot",0,0,0,0,"runtime_pucch_grant_trace","explicit_pucch_grant_and_feedback_runtime_state","available_runtime_grant_state","canonical PUCCH grant/resource row; waveform decode fields become available only after the feedback due slot is processed",0,0,0,"feedback_due_slot_not_reached_in_this_bounded_run",1,"ac5aaa60-f202-419a-8426-02227c779291","webgui_rel20_4ghz_100mhz_5gnb_50ue_10slot_20260417_170900","lls_3gpp_rel20_anchor_4ghz_100mhz_waveform_honest_5gnb_50ue_10slot","a1a414876cde1a5883e2a2ab610e6603ef434ebb5b0a934bfcb8df1260a73d7c","packet_flow/csv/live_pucch_grants.csv","packet_flow/csv/live_pucch_grants.csv","canonical_control_reference_signal_runtime_evidence","runtime_populated","UL",1,12,5,28,28,NaN,96,"persisted_runtime_pucch_grant_row","packet_flow/csv/live_pucch_grants.csv","runtime_grant_backed_mirror",1,"webgui_rel20_4ghz_100mhz_5gnb_50ue_10slot_20260417_170900","lls_3gpp_rel20_anchor_4ghz_100mhz_waveform_honest_5gnb_50ue_10slot","lls_3gpp_rel20_anchor_4ghz_100mhz_waveform_honest_5gnb_50ue_10slot","a1a414876cde1a5883e2a2ab610e6603ef434ebb5b0a934bfcb8df1260a73d7c","2756cfb",104729,NaN,NaN,NaN,NaN,NaN,NaN,NaN,NaN,NaN,NaN,"not_applicable","not_applicable","sixgr.truth.exportControlPlaneTraces","implemented","runtime_control_grant_rows","packet_flow/csv/live_pucch_grants.csv","not_applicable",0,1
"UL","DL",1,12,12,8,31,31,31,5,5,1,1544,0,0,0,0,1,"harq_ack","pucchgrant:fbdir=DL:due=12:src=8:ue=31:rnti=31:harq=1:cell=5","runtime_harq_feedback_due_scheduler","scheduled_pending_execution",1,0,2,1,"uci_payload_size_demoted_to_short_format","pucch:cell=5:slot=12:rnti=31:reqfmt=2:resfmt=1:prb=58:1:sym=10:4",58,1,10,4,"runtime_deterministic_pucch_resource_assignment",1,12,"not_applicable","not_applicable","not_applicable",0,0,"full_per_link_channel_waveform_sum",0,"not_applicable","not_applicable",0,"not_applicable","not_applicable","not_applicable",0,0,0,"pending_feedback_due_slot",0,0,"harq_feedback_consumed_by_runtime_harq_and_scheduler","PENDING",0,"not_applicable","not_applicable","Explicit runtime PUCCH grant/resource object scheduled from HARQ feedback timing.","PUCCH","active_but_simplified","active_scheduled_pending_feedback_due_not_reached","harq_feedback_resource_grant_and_state_update_when_due","pending_feedback_due_slot",0,0,0,0,"runtime_pucch_grant_trace","explicit_pucch_grant_and_feedback_runtime_state","available_runtime_grant_state","canonical PUCCH grant/resource row; waveform decode fields become available only after the feedback due slot is processed",0,0,0,"feedback_due_slot_not_reached_in_this_bounded_run",1,"ac5aaa60-f202-419a-8426-02227c779291","webgui_rel20_4ghz_100mhz_5gnb_50ue_10slot_20260417_170900","lls_3gpp_rel20_anchor_4ghz_100mhz_waveform_honest_5gnb_50ue_10slot","a1a414876cde1a5883e2a2ab610e6603ef434ebb5b0a934bfcb8df1260a73d7c","packet_flow/csv/live_pucch_grants.csv","packet_flow/csv/live_pucch_grants.csv","canonical_control_reference_signal_runtime_evidence","runtime_populated","UL",1,12,5,31,31,NaN,97,"persisted_runtime_pucch_grant_row","packet_flow/csv/live_pucch_grants.csv","runtime_grant_backed_mirror",1,"webgui_rel20_4ghz_100mhz_5gnb_50ue_10slot_20260417_170900","lls_3gpp_rel20_anchor_4ghz_100mhz_waveform_honest_5gnb_50ue_10slot","lls_3gpp_rel20_anchor_4ghz_100mhz_waveform_honest_5gnb_50ue_10slot","a1a414876cde1a5883e2a2ab610e6603ef434ebb5b0a934bfcb8df1260a73d7c","2756cfb",104729,NaN,NaN,NaN,NaN,NaN,NaN,NaN,NaN,NaN,NaN,"not_applicable","not_applicable","sixgr.truth.exportControlPlaneTraces","implemented","runtime_control_grant_rows","packet_flow/csv/live_pucch_grants.csv","not_applicable",0,1
"UL","DL",1,12,12,8,36,36,36,5,5,1,1544,1,0,1,1,1,"harq_ack","pucchgrant:fbdir=DL:due=12:src=8:ue=36:rnti=36:harq=1:cell=5","runtime_harq_feedback_due_scheduler","scheduled_pending_execution",1,0,2,1,"uci_payload_size_demoted_to_short_format","pucch:cell=5:slot=12:rnti=36:reqfmt=2:resfmt=1:prb=63:1:sym=10:4",63,1,10,4,"runtime_deterministic_pucch_resource_assignment",1,12,"not_applicable","not_applicable","not_applicable",0,0,"full_per_link_channel_waveform_sum",0,"not_applicable","not_applicable",0,"not_applicable","not_applicable","not_applicable",0,0,0,"pending_feedback_due_slot",0,0,"harq_feedback_consumed_by_runtime_harq_and_scheduler","PENDING",0,"not_applicable","not_applicable","Explicit runtime PUCCH grant/resource object scheduled from HARQ feedback timing.","PUCCH","active_but_simplified","active_scheduled_pending_feedback_due_not_reached","harq_feedback_resource_grant_and_state_update_when_due","pending_feedback_due_slot",0,0,0,0,"runtime_pucch_grant_trace","explicit_pucch_grant_and_feedback_runtime_state","available_runtime_grant_state","canonical PUCCH grant/resource row; waveform decode fields become available only after the feedback due slot is processed",0,0,0,"feedback_due_slot_not_reached_in_this_bounded_run",1,"ac5aaa60-f202-419a-8426-02227c779291","webgui_rel20_4ghz_100mhz_5gnb_50ue_10slot_20260417_170900","lls_3gpp_rel20_anchor_4ghz_100mhz_waveform_honest_5gnb_50ue_10slot","a1a414876cde1a5883e2a2ab610e6603ef434ebb5b0a934bfcb8df1260a73d7c","packet_flow/csv/live_pucch_grants.csv","packet_flow/csv/live_pucch_grants.csv","canonical_control_reference_signal_runtime_evidence","runtime_populated","UL",1,12,5,36,36,NaN,98,"persisted_runtime_pucch_grant_row","packet_flow/csv/live_pucch_grants.csv","runtime_grant_backed_mirror",1,"webgui_rel20_4ghz_100mhz_5gnb_50ue_10slot_20260417_170900","lls_3gpp_rel20_anchor_4ghz_100mhz_waveform_honest_5gnb_50ue_10slot","lls_3gpp_rel20_anchor_4ghz_100mhz_waveform_honest_5gnb_50ue_10slot","a1a414876cde1a5883e2a2ab610e6603ef434ebb5b0a934bfcb8df1260a73d7c","2756cfb",104729,NaN,NaN,NaN,NaN,NaN,NaN,NaN,NaN,NaN,NaN,"not_applicable","not_applicable","sixgr.truth.exportControlPlaneTraces","implemented","runtime_control_grant_rows","packet_flow/csv/live_pucch_grants.csv","not_applicable",0,1
"UL","DL",1,12,12,8,39,39,39,5,5,1,1544,1,0,1,1,1,"harq_ack","pucchgrant:fbdir=DL:due=12:src=8:ue=39:rnti=39:harq=1:cell=5","runtime_harq_feedback_due_scheduler","scheduled_pending_execution",1,0,2,1,"uci_payload_size_demoted_to_short_format","pucch:cell=5:slot=12:rnti=39:reqfmt=2:resfmt=1:prb=66:1:sym=10:4",66,1,10,4,"runtime_deterministic_pucch_resource_assignment",1,12,"not_applicable","not_applicable","not_applicable",0,0,"full_per_link_channel_waveform_sum",0,"not_applicable","not_applicable",0,"not_applicable","not_applicable","not_applicable",0,0,0,"pending_feedback_due_slot",0,0,"harq_feedback_consumed_by_runtime_harq_and_scheduler","PENDING",0,"not_applicable","not_applicable","Explicit runtime PUCCH grant/resource object scheduled from HARQ feedback timing.","PUCCH","active_but_simplified","active_scheduled_pending_feedback_due_not_reached","harq_feedback_resource_grant_and_state_update_when_due","pending_feedback_due_slot",0,0,0,0,"runtime_pucch_grant_trace","explicit_pucch_grant_and_feedback_runtime_state","available_runtime_grant_state","canonical PUCCH grant/resource row; waveform decode fields become available only after the feedback due slot is processed",0,0,0,"feedback_due_slot_not_reached_in_this_bounded_run",1,"ac5aaa60-f202-419a-8426-02227c779291","webgui_rel20_4ghz_100mhz_5gnb_50ue_10slot_20260417_170900","lls_3gpp_rel20_anchor_4ghz_100mhz_waveform_honest_5gnb_50ue_10slot","a1a414876cde1a5883e2a2ab610e6603ef434ebb5b0a934bfcb8df1260a73d7c","packet_flow/csv/live_pucch_grants.csv","packet_flow/csv/live_pucch_grants.csv","canonical_control_reference_signal_runtime_evidence","runtime_populated","UL",1,12,5,39,39,NaN,99,"persisted_runtime_pucch_grant_row","packet_flow/csv/live_pucch_grants.csv","runtime_grant_backed_mirror",1,"webgui_rel20_4ghz_100mhz_5gnb_50ue_10slot_20260417_170900","lls_3gpp_rel20_anchor_4ghz_100mhz_waveform_honest_5gnb_50ue_10slot","lls_3gpp_rel20_anchor_4ghz_100mhz_waveform_honest_5gnb_50ue_10slot","a1a414876cde1a5883e2a2ab610e6603ef434ebb5b0a934bfcb8df1260a73d7c","2756cfb",104729,NaN,NaN,NaN,NaN,NaN,NaN,NaN,NaN,NaN,NaN,"not_applicable","not_applicable","sixgr.truth.exportControlPlaneTraces","implemented","runtime_control_grant_rows","packet_flow/csv/live_pucch_grants.csv","not_applicable",0,1
"UL","DL",1,12,12,8,48,48,48,5,5,1,1544,0,0,0,0,1,"harq_ack","pucchgrant:fbdir=DL:due=12:src=8:ue=48:rnti=48:harq=1:cell=5","runtime_harq_feedback_due_scheduler","scheduled_pending_execution",1,0,2,1,"uci_payload_size_demoted_to_short_format","pucch:cell=5:slot=12:rnti=48:reqfmt=2:resfmt=1:prb=75:1:sym=10:4",75,1,10,4,"runtime_deterministic_pucch_resource_assignment",1,12,"not_applicable","not_applicable","not_applicable",0,0,"full_per_link_channel_waveform_sum",0,"not_applicable","not_applicable",0,"not_applicable","not_applicable","not_applicable",0,0,0,"pending_feedback_due_slot",0,0,"harq_feedback_consumed_by_runtime_harq_and_scheduler","PENDING",0,"not_applicable","not_applicable","Explicit runtime PUCCH grant/resource object scheduled from HARQ feedback timing.","PUCCH","active_but_simplified","active_scheduled_pending_feedback_due_not_reached","harq_feedback_resource_grant_and_state_update_when_due","pending_feedback_due_slot",0,0,0,0,"runtime_pucch_grant_trace","explicit_pucch_grant_and_feedback_runtime_state","available_runtime_grant_state","canonical PUCCH grant/resource row; waveform decode fields become available only after the feedback due slot is processed",0,0,0,"feedback_due_slot_not_reached_in_this_bounded_run",1,"ac5aaa60-f202-419a-8426-02227c779291","webgui_rel20_4ghz_100mhz_5gnb_50ue_10slot_20260417_170900","lls_3gpp_rel20_anchor_4ghz_100mhz_waveform_honest_5gnb_50ue_10slot","a1a414876cde1a5883e2a2ab610e6603ef434ebb5b0a934bfcb8df1260a73d7c","packet_flow/csv/live_pucch_grants.csv","packet_flow/csv/live_pucch_grants.csv","canonical_control_reference_signal_runtime_evidence","runtime_populated","UL",1,12,5,48,48,NaN,100,"persisted_runtime_pucch_grant_row","packet_flow/csv/live_pucch_grants.csv","runtime_grant_backed_mirror",1,"webgui_rel20_4ghz_100mhz_5gnb_50ue_10slot_20260417_170900","lls_3gpp_rel20_anchor_4ghz_100mhz_waveform_honest_5gnb_50ue_10slot","lls_3gpp_rel20_anchor_4ghz_100mhz_waveform_honest_5gnb_50ue_10slot","a1a414876cde1a5883e2a2ab610e6603ef434ebb5b0a934bfcb8df1260a73d7c","2756cfb",104729,NaN,NaN,NaN,NaN,NaN,NaN,NaN,NaN,NaN,NaN,"not_applicable","not_applicable","sixgr.truth.exportControlPlaneTraces","implemented","runtime_control_grant_rows","packet_flow/csv/live_pucch_grants.csv","not_applicable",0,1
"UL","DL",1,13,13,9,3,3,3,1,1,2,11016,0,0,0,0,1,"harq_ack","pucchgrant:fbdir=DL:due=13:src=9:ue=3:rnti=3:harq=2:cell=1","runtime_harq_feedback_due_scheduler","scheduled_pending_execution",1,0,2,1,"uci_payload_size_demoted_to_short_format","pucch:cell=1:slot=13:rnti=3:reqfmt=2:resfmt=1:prb=2:1:sym=10:4",2,1,10,4,"runtime_deterministic_pucch_resource_assignment",1,12,"not_applicable","not_applicable","not_applicable",0,0,"full_per_link_channel_waveform_sum",0,"not_applicable","not_applicable",0,"not_applicable","not_applicable","not_applicable",0,0,0,"pending_feedback_due_slot",0,0,"harq_feedback_consumed_by_runtime_harq_and_scheduler","PENDING",0,"not_applicable","not_applicable","Explicit runtime PUCCH grant/resource object scheduled from HARQ feedback timing.","PUCCH","active_but_simplified","active_scheduled_pending_feedback_due_not_reached","harq_feedback_resource_grant_and_state_update_when_due","pending_feedback_due_slot",0,0,0,0,"runtime_pucch_grant_trace","explicit_pucch_grant_and_feedback_runtime_state","available_runtime_grant_state","canonical PUCCH grant/resource row; waveform decode fields become available only after the feedback due slot is processed",0,0,0,"feedback_due_slot_not_reached_in_this_bounded_run",1,"ac5aaa60-f202-419a-8426-02227c779291","webgui_rel20_4ghz_100mhz_5gnb_50ue_10slot_20260417_170900","lls_3gpp_rel20_anchor_4ghz_100mhz_waveform_honest_5gnb_50ue_10slot","a1a414876cde1a5883e2a2ab610e6603ef434ebb5b0a934bfcb8df1260a73d7c","packet_flow/csv/live_pucch_grants.csv","packet_flow/csv/live_pucch_grants.csv","canonical_control_reference_signal_runtime_evidence","runtime_populated","UL",1,13,1,3,3,NaN,101,"persisted_runtime_pucch_grant_row","packet_flow/csv/live_pucch_grants.csv","runtime_grant_backed_mirror",1,"webgui_rel20_4ghz_100mhz_5gnb_50ue_10slot_20260417_170900","lls_3gpp_rel20_anchor_4ghz_100mhz_waveform_honest_5gnb_50ue_10slot","lls_3gpp_rel20_anchor_4ghz_100mhz_waveform_honest_5gnb_50ue_10slot","a1a414876cde1a5883e2a2ab610e6603ef434ebb5b0a934bfcb8df1260a73d7c","2756cfb",104729,NaN,NaN,NaN,NaN,NaN,NaN,NaN,NaN,NaN,NaN,"not_applicable","not_applicable","sixgr.truth.exportControlPlaneTraces","implemented","runtime_control_grant_rows","packet_flow/csv/live_pucch_grants.csv","not_applicable",0,1
"UL","DL",1,13,13,9,26,26,26,1,1,2,5504,0,0,0,0,1,"harq_ack","pucchgrant:fbdir=DL:due=13:src=9:ue=26:rnti=26:harq=2:cell=1","runtime_harq_feedback_due_scheduler","scheduled_pending_execution",1,0,2,1,"uci_payload_size_demoted_to_short_format","pucch:cell=1:slot=13:rnti=26:reqfmt=2:resfmt=1:prb=25:1:sym=10:4",25,1,10,4,"runtime_deterministic_pucch_resource_assignment",1,12,"not_applicable","not_applicable","not_applicable",0,0,"full_per_link_channel_waveform_sum",0,"not_applicable","not_applicable",0,"not_applicable","not_applicable","not_applicable",0,0,0,"pending_feedback_due_slot",0,0,"harq_feedback_consumed_by_runtime_harq_and_scheduler","PENDING",0,"not_applicable","not_applicable","Explicit runtime PUCCH grant/resource object scheduled from HARQ feedback timing.","PUCCH","active_but_simplified","active_scheduled_pending_feedback_due_not_reached","harq_feedback_resource_grant_and_state_update_when_due","pending_feedback_due_slot",0,0,0,0,"runtime_pucch_grant_trace","explicit_pucch_grant_and_feedback_runtime_state","available_runtime_grant_state","canonical PUCCH grant/resource row; waveform decode fields become available only after the feedback due slot is processed",0,0,0,"feedback_due_slot_not_reached_in_this_bounded_run",1,"ac5aaa60-f202-419a-8426-02227c779291","webgui_rel20_4ghz_100mhz_5gnb_50ue_10slot_20260417_170900","lls_3gpp_rel20_anchor_4ghz_100mhz_waveform_honest_5gnb_50ue_10slot","a1a414876cde1a5883e2a2ab610e6603ef434ebb5b0a934bfcb8df1260a73d7c","packet_flow/csv/live_pucch_grants.csv","packet_flow/csv/live_pucch_grants.csv","canonical_control_reference_signal_runtime_evidence","runtime_populated","UL",1,13,1,26,26,NaN,102,"persisted_runtime_pucch_grant_row","packet_flow/csv/live_pucch_grants.csv","runtime_grant_backed_mirror",1,"webgui_rel20_4ghz_100mhz_5gnb_50ue_10slot_20260417_170900","lls_3gpp_rel20_anchor_4ghz_100mhz_waveform_honest_5gnb_50ue_10slot","lls_3gpp_rel20_anchor_4ghz_100mhz_waveform_honest_5gnb_50ue_10slot","a1a414876cde1a5883e2a2ab610e6603ef434ebb5b0a934bfcb8df1260a73d7c","2756cfb",104729,NaN,NaN,NaN,NaN,NaN,NaN,NaN,NaN,NaN,NaN,"not_applicable","not_applicable","sixgr.truth.exportControlPlaneTraces","implemented","runtime_control_grant_rows","packet_flow/csv/live_pucch_grants.csv","not_applicable",0,1
"UL","DL",1,13,13,9,43,43,43,1,1,2,11016,0,0,0,0,1,"harq_ack","pucchgrant:fbdir=DL:due=13:src=9:ue=43:rnti=43:harq=2:cell=1","runtime_harq_feedback_due_scheduler","scheduled_pending_execution",1,0,2,1,"uci_payload_size_demoted_to_short_format","pucch:cell=1:slot=13:rnti=43:reqfmt=2:resfmt=1:prb=42:1:sym=10:4",42,1,10,4,"runtime_deterministic_pucch_resource_assignment",1,12,"not_applicable","not_applicable","not_applicable",0,0,"full_per_link_channel_waveform_sum",0,"not_applicable","not_applicable",0,"not_applicable","not_applicable","not_applicable",0,0,0,"pending_feedback_due_slot",0,0,"harq_feedback_consumed_by_runtime_harq_and_scheduler","PENDING",0,"not_applicable","not_applicable","Explicit runtime PUCCH grant/resource object scheduled from HARQ feedback timing.","PUCCH","active_but_simplified","active_scheduled_pending_feedback_due_not_reached","harq_feedback_resource_grant_and_state_update_when_due","pending_feedback_due_slot",0,0,0,0,"runtime_pucch_grant_trace","explicit_pucch_grant_and_feedback_runtime_state","available_runtime_grant_state","canonical PUCCH grant/resource row; waveform decode fields become available only after the feedback due slot is processed",0,0,0,"feedback_due_slot_not_reached_in_this_bounded_run",1,"ac5aaa60-f202-419a-8426-02227c779291","webgui_rel20_4ghz_100mhz_5gnb_50ue_10slot_20260417_170900","lls_3gpp_rel20_anchor_4ghz_100mhz_waveform_honest_5gnb_50ue_10slot","a1a414876cde1a5883e2a2ab610e6603ef434ebb5b0a934bfcb8df1260a73d7c","packet_flow/csv/live_pucch_grants.csv","packet_flow/csv/live_pucch_grants.csv","canonical_control_reference_signal_runtime_evidence","runtime_populated","UL",1,13,1,43,43,NaN,103,"persisted_runtime_pucch_grant_row","packet_flow/csv/live_pucch_grants.csv","runtime_grant_backed_mirror",1,"webgui_rel20_4ghz_100mhz_5gnb_50ue_10slot_20260417_170900","lls_3gpp_rel20_anchor_4ghz_100mhz_waveform_honest_5gnb_50ue_10slot","lls_3gpp_rel20_anchor_4ghz_100mhz_waveform_honest_5gnb_50ue_10slot","a1a414876cde1a5883e2a2ab610e6603ef434ebb5b0a934bfcb8df1260a73d7c","2756cfb",104729,NaN,NaN,NaN,NaN,NaN,NaN,NaN,NaN,NaN,NaN,"not_applicable","not_applicable","sixgr.truth.exportControlPlaneTraces","implemented","runtime_control_grant_rows","packet_flow/csv/live_pucch_grants.csv","not_applicable",0,1
"UL","DL",1,13,13,9,47,47,47,1,1,2,11016,0,0,0,0,1,"harq_ack","pucchgrant:fbdir=DL:due=13:src=9:ue=47:rnti=47:harq=2:cell=1","runtime_harq_feedback_due_scheduler","scheduled_pending_execution",1,0,2,1,"uci_payload_size_demoted_to_short_format","pucch:cell=1:slot=13:rnti=47:reqfmt=2:resfmt=1:prb=46:1:sym=10:4",46,1,10,4,"runtime_deterministic_pucch_resource_assignment",1,12,"not_applicable","not_applicable","not_applicable",0,0,"full_per_link_channel_waveform_sum",0,"not_applicable","not_applicable",0,"not_applicable","not_applicable","not_applicable",0,0,0,"pending_feedback_due_slot",0,0,"harq_feedback_consumed_by_runtime_harq_and_scheduler","PENDING",0,"not_applicable","not_applicable","Explicit runtime PUCCH grant/resource object scheduled from HARQ feedback timing.","PUCCH","active_but_simplified","active_scheduled_pending_feedback_due_not_reached","harq_feedback_resource_grant_and_state_update_when_due","pending_feedback_due_slot",0,0,0,0,"runtime_pucch_grant_trace","explicit_pucch_grant_and_feedback_runtime_state","available_runtime_grant_state","canonical PUCCH grant/resource row; waveform decode fields become available only after the feedback due slot is processed",0,0,0,"feedback_due_slot_not_reached_in_this_bounded_run",1,"ac5aaa60-f202-419a-8426-02227c779291","webgui_rel20_4ghz_100mhz_5gnb_50ue_10slot_20260417_170900","lls_3gpp_rel20_anchor_4ghz_100mhz_waveform_honest_5gnb_50ue_10slot","a1a414876cde1a5883e2a2ab610e6603ef434ebb5b0a934bfcb8df1260a73d7c","packet_flow/csv/live_pucch_grants.csv","packet_flow/csv/live_pucch_grants.csv","canonical_control_reference_signal_runtime_evidence","runtime_populated","UL",1,13,1,47,47,NaN,104,"persisted_runtime_pucch_grant_row","packet_flow/csv/live_pucch_grants.csv","runtime_grant_backed_mirror",1,"webgui_rel20_4ghz_100mhz_5gnb_50ue_10slot_20260417_170900","lls_3gpp_rel20_anchor_4ghz_100mhz_waveform_honest_5gnb_50ue_10slot","lls_3gpp_rel20_anchor_4ghz_100mhz_waveform_honest_5gnb_50ue_10slot","a1a414876cde1a5883e2a2ab610e6603ef434ebb5b0a934bfcb8df1260a73d7c","2756cfb",104729,NaN,NaN,NaN,NaN,NaN,NaN,NaN,NaN,NaN,NaN,"not_applicable","not_applicable","sixgr.truth.exportControlPlaneTraces","implemented","runtime_control_grant_rows","packet_flow/csv/live_pucch_grants.csv","not_applicable",0,1
"UL","DL",1,13,13,9,19,19,19,1,1,2,4224,1,0,1,1,1,"harq_ack","pucchgrant:fbdir=DL:due=13:src=9:ue=19:rnti=19:harq=2:cell=1","runtime_harq_feedback_due_scheduler","scheduled_pending_execution",1,0,2,1,"uci_payload_size_demoted_to_short_format","pucch:cell=1:slot=13:rnti=19:reqfmt=2:resfmt=1:prb=18:1:sym=10:4",18,1,10,4,"runtime_deterministic_pucch_resource_assignment",1,12,"not_applicable","not_applicable","not_applicable",0,0,"full_per_link_channel_waveform_sum",0,"not_applicable","not_applicable",0,"not_applicable","not_applicable","not_applicable",0,0,0,"pending_feedback_due_slot",0,0,"harq_feedback_consumed_by_runtime_harq_and_scheduler","PENDING",0,"not_applicable","not_applicable","Explicit runtime PUCCH grant/resource object scheduled from HARQ feedback timing.","PUCCH","active_but_simplified","active_scheduled_pending_feedback_due_not_reached","harq_feedback_resource_grant_and_state_update_when_due","pending_feedback_due_slot",0,0,0,0,"runtime_pucch_grant_trace","explicit_pucch_grant_and_feedback_runtime_state","available_runtime_grant_state","canonical PUCCH grant/resource row; waveform decode fields become available only after the feedback due slot is processed",0,0,0,"feedback_due_slot_not_reached_in_this_bounded_run",1,"ac5aaa60-f202-419a-8426-02227c779291","webgui_rel20_4ghz_100mhz_5gnb_50ue_10slot_20260417_170900","lls_3gpp_rel20_anchor_4ghz_100mhz_waveform_honest_5gnb_50ue_10slot","a1a414876cde1a5883e2a2ab610e6603ef434ebb5b0a934bfcb8df1260a73d7c","packet_flow/csv/live_pucch_grants.csv","packet_flow/csv/live_pucch_grants.csv","canonical_control_reference_signal_runtime_evidence","runtime_populated","UL",1,13,1,19,19,NaN,105,"persisted_runtime_pucch_grant_row","packet_flow/csv/live_pucch_grants.csv","runtime_grant_backed_mirror",1,"webgui_rel20_4ghz_100mhz_5gnb_50ue_10slot_20260417_170900","lls_3gpp_rel20_anchor_4ghz_100mhz_waveform_honest_5gnb_50ue_10slot","lls_3gpp_rel20_anchor_4ghz_100mhz_waveform_honest_5gnb_50ue_10slot","a1a414876cde1a5883e2a2ab610e6603ef434ebb5b0a934bfcb8df1260a73d7c","2756cfb",104729,NaN,NaN,NaN,NaN,NaN,NaN,NaN,NaN,NaN,NaN,"not_applicable","not_applicable","sixgr.truth.exportControlPlaneTraces","implemented","runtime_control_grant_rows","packet_flow/csv/live_pucch_grants.csv","not_applicable",0,1
"UL","DL",1,13,13,9,14,14,14,1,1,2,2600,1,0,1,1,1,"harq_ack","pucchgrant:fbdir=DL:due=13:src=9:ue=14:rnti=14:harq=2:cell=1","runtime_harq_feedback_due_scheduler","scheduled_pending_execution",1,0,2,1,"uci_payload_size_demoted_to_short_format","pucch:cell=1:slot=13:rnti=14:reqfmt=2:resfmt=1:prb=13:1:sym=10:4",13,1,10,4,"runtime_deterministic_pucch_resource_assignment",1,12,"not_applicable","not_applicable","not_applicable",0,0,"full_per_link_channel_waveform_sum",0,"not_applicable","not_applicable",0,"not_applicable","not_applicable","not_applicable",0,0,0,"pending_feedback_due_slot",0,0,"harq_feedback_consumed_by_runtime_harq_and_scheduler","PENDING",0,"not_applicable","not_applicable","Explicit runtime PUCCH grant/resource object scheduled from HARQ feedback timing.","PUCCH","active_but_simplified","active_scheduled_pending_feedback_due_not_reached","harq_feedback_resource_grant_and_state_update_when_due","pending_feedback_due_slot",0,0,0,0,"runtime_pucch_grant_trace","explicit_pucch_grant_and_feedback_runtime_state","available_runtime_grant_state","canonical PUCCH grant/resource row; waveform decode fields become available only after the feedback due slot is processed",0,0,0,"feedback_due_slot_not_reached_in_this_bounded_run",1,"ac5aaa60-f202-419a-8426-02227c779291","webgui_rel20_4ghz_100mhz_5gnb_50ue_10slot_20260417_170900","lls_3gpp_rel20_anchor_4ghz_100mhz_waveform_honest_5gnb_50ue_10slot","a1a414876cde1a5883e2a2ab610e6603ef434ebb5b0a934bfcb8df1260a73d7c","packet_flow/csv/live_pucch_grants.csv","packet_flow/csv/live_pucch_grants.csv","canonical_control_reference_signal_runtime_evidence","runtime_populated","UL",1,13,1,14,14,NaN,106,"persisted_runtime_pucch_grant_row","packet_flow/csv/live_pucch_grants.csv","runtime_grant_backed_mirror",1,"webgui_rel20_4ghz_100mhz_5gnb_50ue_10slot_20260417_170900","lls_3gpp_rel20_anchor_4ghz_100mhz_waveform_honest_5gnb_50ue_10slot","lls_3gpp_rel20_anchor_4ghz_100mhz_waveform_honest_5gnb_50ue_10slot","a1a414876cde1a5883e2a2ab610e6603ef434ebb5b0a934bfcb8df1260a73d7c","2756cfb",104729,NaN,NaN,NaN,NaN,NaN,NaN,NaN,NaN,NaN,NaN,"not_applicable","not_applicable","sixgr.truth.exportControlPlaneTraces","implemented","runtime_control_grant_rows","packet_flow/csv/live_pucch_grants.csv","not_applicable",0,1
"UL","DL",1,13,13,9,5,5,5,1,1,2,504,1,0,1,1,1,"harq_ack","pucchgrant:fbdir=DL:due=13:src=9:ue=5:rnti=5:harq=2:cell=1","runtime_harq_feedback_due_scheduler","scheduled_pending_execution",1,0,2,1,"uci_payload_size_demoted_to_short_format","pucch:cell=1:slot=13:rnti=5:reqfmt=2:resfmt=1:prb=4:1:sym=10:4",4,1,10,4,"runtime_deterministic_pucch_resource_assignment",1,12,"not_applicable","not_applicable","not_applicable",0,0,"full_per_link_channel_waveform_sum",0,"not_applicable","not_applicable",0,"not_applicable","not_applicable","not_applicable",0,0,0,"pending_feedback_due_slot",0,0,"harq_feedback_consumed_by_runtime_harq_and_scheduler","PENDING",0,"not_applicable","not_applicable","Explicit runtime PUCCH grant/resource object scheduled from HARQ feedback timing.","PUCCH","active_but_simplified","active_scheduled_pending_feedback_due_not_reached","harq_feedback_resource_grant_and_state_update_when_due","pending_feedback_due_slot",0,0,0,0,"runtime_pucch_grant_trace","explicit_pucch_grant_and_feedback_runtime_state","available_runtime_grant_state","canonical PUCCH grant/resource row; waveform decode fields become available only after the feedback due slot is processed",0,0,0,"feedback_due_slot_not_reached_in_this_bounded_run",1,"ac5aaa60-f202-419a-8426-02227c779291","webgui_rel20_4ghz_100mhz_5gnb_50ue_10slot_20260417_170900","lls_3gpp_rel20_anchor_4ghz_100mhz_waveform_honest_5gnb_50ue_10slot","a1a414876cde1a5883e2a2ab610e6603ef434ebb5b0a934bfcb8df1260a73d7c","packet_flow/csv/live_pucch_grants.csv","packet_flow/csv/live_pucch_grants.csv","canonical_control_reference_signal_runtime_evidence","runtime_populated","UL",1,13,1,5,5,NaN,107,"persisted_runtime_pucch_grant_row","packet_flow/csv/live_pucch_grants.csv","runtime_grant_backed_mirror",1,"webgui_rel20_4ghz_100mhz_5gnb_50ue_10slot_20260417_170900","lls_3gpp_rel20_anchor_4ghz_100mhz_waveform_honest_5gnb_50ue_10slot","lls_3gpp_rel20_anchor_4ghz_100mhz_waveform_honest_5gnb_50ue_10slot","a1a414876cde1a5883e2a2ab610e6603ef434ebb5b0a934bfcb8df1260a73d7c","2756cfb",104729,NaN,NaN,NaN,NaN,NaN,NaN,NaN,NaN,NaN,NaN,"not_applicable","not_applicable","sixgr.truth.exportControlPlaneTraces","implemented","runtime_control_grant_rows","packet_flow/csv/live_pucch_grants.csv","not_applicable",0,1
"UL","DL",1,13,13,9,9,9,9,1,1,2,504,1,0,1,1,1,"harq_ack","pucchgrant:fbdir=DL:due=13:src=9:ue=9:rnti=9:harq=2:cell=1","runtime_harq_feedback_due_scheduler","scheduled_pending_execution",1,0,2,1,"uci_payload_size_demoted_to_short_format","pucch:cell=1:slot=13:rnti=9:reqfmt=2:resfmt=1:prb=8:1:sym=10:4",8,1,10,4,"runtime_deterministic_pucch_resource_assignment",1,12,"not_applicable","not_applicable","not_applicable",0,0,"full_per_link_channel_waveform_sum",0,"not_applicable","not_applicable",0,"not_applicable","not_applicable","not_applicable",0,0,0,"pending_feedback_due_slot",0,0,"harq_feedback_consumed_by_runtime_harq_and_scheduler","PENDING",0,"not_applicable","not_applicable","Explicit runtime PUCCH grant/resource object scheduled from HARQ feedback timing.","PUCCH","active_but_simplified","active_scheduled_pending_feedback_due_not_reached","harq_feedback_resource_grant_and_state_update_when_due","pending_feedback_due_slot",0,0,0,0,"runtime_pucch_grant_trace","explicit_pucch_grant_and_feedback_runtime_state","available_runtime_grant_state","canonical PUCCH grant/resource row; waveform decode fields become available only after the feedback due slot is processed",0,0,0,"feedback_due_slot_not_reached_in_this_bounded_run",1,"ac5aaa60-f202-419a-8426-02227c779291","webgui_rel20_4ghz_100mhz_5gnb_50ue_10slot_20260417_170900","lls_3gpp_rel20_anchor_4ghz_100mhz_waveform_honest_5gnb_50ue_10slot","a1a414876cde1a5883e2a2ab610e6603ef434ebb5b0a934bfcb8df1260a73d7c","packet_flow/csv/live_pucch_grants.csv","packet_flow/csv/live_pucch_grants.csv","canonical_control_reference_signal_runtime_evidence","runtime_populated","UL",1,13,1,9,9,NaN,108,"persisted_runtime_pucch_grant_row","packet_flow/csv/live_pucch_grants.csv","runtime_grant_backed_mirror",1,"webgui_rel20_4ghz_100mhz_5gnb_50ue_10slot_20260417_170900","lls_3gpp_rel20_anchor_4ghz_100mhz_waveform_honest_5gnb_50ue_10slot","lls_3gpp_rel20_anchor_4ghz_100mhz_waveform_honest_5gnb_50ue_10slot","a1a414876cde1a5883e2a2ab610e6603ef434ebb5b0a934bfcb8df1260a73d7c","2756cfb",104729,NaN,NaN,NaN,NaN,NaN,NaN,NaN,NaN,NaN,NaN,"not_applicable","not_applicable","sixgr.truth.exportControlPlaneTraces","implemented","runtime_control_grant_rows","packet_flow/csv/live_pucch_grants.csv","not_applicable",0,1
"UL","DL",1,13,13,9,40,40,40,1,1,2,504,1,0,1,1,1,"harq_ack","pucchgrant:fbdir=DL:due=13:src=9:ue=40:rnti=40:harq=2:cell=1","runtime_harq_feedback_due_scheduler","scheduled_pending_execution",1,0,2,1,"uci_payload_size_demoted_to_short_format","pucch:cell=1:slot=13:rnti=40:reqfmt=2:resfmt=1:prb=39:1:sym=10:4",39,1,10,4,"runtime_deterministic_pucch_resource_assignment",1,12,"not_applicable","not_applicable","not_applicable",0,0,"full_per_link_channel_waveform_sum",0,"not_applicable","not_applicable",0,"not_applicable","not_applicable","not_applicable",0,0,0,"pending_feedback_due_slot",0,0,"harq_feedback_consumed_by_runtime_harq_and_scheduler","PENDING",0,"not_applicable","not_applicable","Explicit runtime PUCCH grant/resource object scheduled from HARQ feedback timing.","PUCCH","active_but_simplified","active_scheduled_pending_feedback_due_not_reached","harq_feedback_resource_grant_and_state_update_when_due","pending_feedback_due_slot",0,0,0,0,"runtime_pucch_grant_trace","explicit_pucch_grant_and_feedback_runtime_state","available_runtime_grant_state","canonical PUCCH grant/resource row; waveform decode fields become available only after the feedback due slot is processed",0,0,0,"feedback_due_slot_not_reached_in_this_bounded_run",1,"ac5aaa60-f202-419a-8426-02227c779291","webgui_rel20_4ghz_100mhz_5gnb_50ue_10slot_20260417_170900","lls_3gpp_rel20_anchor_4ghz_100mhz_waveform_honest_5gnb_50ue_10slot","a1a414876cde1a5883e2a2ab610e6603ef434ebb5b0a934bfcb8df1260a73d7c","packet_flow/csv/live_pucch_grants.csv","packet_flow/csv/live_pucch_grants.csv","canonical_control_reference_signal_runtime_evidence","runtime_populated","UL",1,13,1,40,40,NaN,109,"persisted_runtime_pucch_grant_row","packet_flow/csv/live_pucch_grants.csv","runtime_grant_backed_mirror",1,"webgui_rel20_4ghz_100mhz_5gnb_50ue_10slot_20260417_170900","lls_3gpp_rel20_anchor_4ghz_100mhz_waveform_honest_5gnb_50ue_10slot","lls_3gpp_rel20_anchor_4ghz_100mhz_waveform_honest_5gnb_50ue_10slot","a1a414876cde1a5883e2a2ab610e6603ef434ebb5b0a934bfcb8df1260a73d7c","2756cfb",104729,NaN,NaN,NaN,NaN,NaN,NaN,NaN,NaN,NaN,NaN,"not_applicable","not_applicable","sixgr.truth.exportControlPlaneTraces","implemented","runtime_control_grant_rows","packet_flow/csv/live_pucch_grants.csv","not_applicable",0,1
"UL","DL",1,13,13,9,10,10,10,2,2,2,12552,0,0,0,0,1,"harq_ack","pucchgrant:fbdir=DL:due=13:src=9:ue=10:rnti=10:harq=2:cell=2","runtime_harq_feedback_due_scheduler","scheduled_pending_execution",1,0,2,1,"uci_payload_size_demoted_to_short_format","pucch:cell=2:slot=13:rnti=10:reqfmt=2:resfmt=1:prb=16:1:sym=10:4",16,1,10,4,"runtime_deterministic_pucch_resource_assignment",1,12,"not_applicable","not_applicable","not_applicable",0,0,"full_per_link_channel_waveform_sum",0,"not_applicable","not_applicable",0,"not_applicable","not_applicable","not_applicable",0,0,0,"pending_feedback_due_slot",0,0,"harq_feedback_consumed_by_runtime_harq_and_scheduler","PENDING",0,"not_applicable","not_applicable","Explicit runtime PUCCH grant/resource object scheduled from HARQ feedback timing.","PUCCH","active_but_simplified","active_scheduled_pending_feedback_due_not_reached","harq_feedback_resource_grant_and_state_update_when_due","pending_feedback_due_slot",0,0,0,0,"runtime_pucch_grant_trace","explicit_pucch_grant_and_feedback_runtime_state","available_runtime_grant_state","canonical PUCCH grant/resource row; waveform decode fields become available only after the feedback due slot is processed",0,0,0,"feedback_due_slot_not_reached_in_this_bounded_run",1,"ac5aaa60-f202-419a-8426-02227c779291","webgui_rel20_4ghz_100mhz_5gnb_50ue_10slot_20260417_170900","lls_3gpp_rel20_anchor_4ghz_100mhz_waveform_honest_5gnb_50ue_10slot","a1a414876cde1a5883e2a2ab610e6603ef434ebb5b0a934bfcb8df1260a73d7c","packet_flow/csv/live_pucch_grants.csv","packet_flow/csv/live_pucch_grants.csv","canonical_control_reference_signal_runtime_evidence","runtime_populated","UL",1,13,2,10,10,NaN,110,"persisted_runtime_pucch_grant_row","packet_flow/csv/live_pucch_grants.csv","runtime_grant_backed_mirror",1,"webgui_rel20_4ghz_100mhz_5gnb_50ue_10slot_20260417_170900","lls_3gpp_rel20_anchor_4ghz_100mhz_waveform_honest_5gnb_50ue_10slot","lls_3gpp_rel20_anchor_4ghz_100mhz_waveform_honest_5gnb_50ue_10slot","a1a414876cde1a5883e2a2ab610e6603ef434ebb5b0a934bfcb8df1260a73d7c","2756cfb",104729,NaN,NaN,NaN,NaN,NaN,NaN,NaN,NaN,NaN,NaN,"not_applicable","not_applicable","sixgr.truth.exportControlPlaneTraces","implemented","runtime_control_grant_rows","packet_flow/csv/live_pucch_grants.csv","not_applicable",0,1
"UL","DL",1,13,13,9,35,35,35,2,2,2,12552,0,0,0,0,1,"harq_ack","pucchgrant:fbdir=DL:due=13:src=9:ue=35:rnti=35:harq=2:cell=2","runtime_harq_feedback_due_scheduler","scheduled_pending_execution",1,0,2,1,"uci_payload_size_demoted_to_short_format","pucch:cell=2:slot=13:rnti=35:reqfmt=2:resfmt=1:prb=41:1:sym=10:4",41,1,10,4,"runtime_deterministic_pucch_resource_assignment",1,12,"not_applicable","not_applicable","not_applicable",0,0,"full_per_link_channel_waveform_sum",0,"not_applicable","not_applicable",0,"not_applicable","not_applicable","not_applicable",0,0,0,"pending_feedback_due_slot",0,0,"harq_feedback_consumed_by_runtime_harq_and_scheduler","PENDING",0,"not_applicable","not_applicable","Explicit runtime PUCCH grant/resource object scheduled from HARQ feedback timing.","PUCCH","active_but_simplified","active_scheduled_pending_feedback_due_not_reached","harq_feedback_resource_grant_and_state_update_when_due","pending_feedback_due_slot",0,0,0,0,"runtime_pucch_grant_trace","explicit_pucch_grant_and_feedback_runtime_state","available_runtime_grant_state","canonical PUCCH grant/resource row; waveform decode fields become available only after the feedback due slot is processed",0,0,0,"feedback_due_slot_not_reached_in_this_bounded_run",1,"ac5aaa60-f202-419a-8426-02227c779291","webgui_rel20_4ghz_100mhz_5gnb_50ue_10slot_20260417_170900","lls_3gpp_rel20_anchor_4ghz_100mhz_waveform_honest_5gnb_50ue_10slot","a1a414876cde1a5883e2a2ab610e6603ef434ebb5b0a934bfcb8df1260a73d7c","packet_flow/csv/live_pucch_grants.csv","packet_flow/csv/live_pucch_grants.csv","canonical_control_reference_signal_runtime_evidence","runtime_populated","UL",1,13,2,35,35,NaN,111,"persisted_runtime_pucch_grant_row","packet_flow/csv/live_pucch_grants.csv","runtime_grant_backed_mirror",1,"webgui_rel20_4ghz_100mhz_5gnb_50ue_10slot_20260417_170900","lls_3gpp_rel20_anchor_4ghz_100mhz_waveform_honest_5gnb_50ue_10slot","lls_3gpp_rel20_anchor_4ghz_100mhz_waveform_honest_5gnb_50ue_10slot","a1a414876cde1a5883e2a2ab610e6603ef434ebb5b0a934bfcb8df1260a73d7c","2756cfb",104729,NaN,NaN,NaN,NaN,NaN,NaN,NaN,NaN,NaN,NaN,"not_applicable","not_applicable","sixgr.truth.exportControlPlaneTraces","implemented","runtime_control_grant_rows","packet_flow/csv/live_pucch_grants.csv","not_applicable",0,1
"UL","DL",1,13,13,9,50,50,50,2,2,2,4032,1,0,1,1,1,"harq_ack","pucchgrant:fbdir=DL:due=13:src=9:ue=50:rnti=50:harq=2:cell=2","runtime_harq_feedback_due_scheduler","scheduled_pending_execution",1,0,2,1,"uci_payload_size_demoted_to_short_format","pucch:cell=2:slot=13:rnti=50:reqfmt=2:resfmt=1:prb=56:1:sym=10:4",56,1,10,4,"runtime_deterministic_pucch_resource_assignment",1,12,"not_applicable","not_applicable","not_applicable",0,0,"full_per_link_channel_waveform_sum",0,"not_applicable","not_applicable",0,"not_applicable","not_applicable","not_applicable",0,0,0,"pending_feedback_due_slot",0,0,"harq_feedback_consumed_by_runtime_harq_and_scheduler","PENDING",0,"not_applicable","not_applicable","Explicit runtime PUCCH grant/resource object scheduled from HARQ feedback timing.","PUCCH","active_but_simplified","active_scheduled_pending_feedback_due_not_reached","harq_feedback_resource_grant_and_state_update_when_due","pending_feedback_due_slot",0,0,0,0,"runtime_pucch_grant_trace","explicit_pucch_grant_and_feedback_runtime_state","available_runtime_grant_state","canonical PUCCH grant/resource row; waveform decode fields become available only after the feedback due slot is processed",0,0,0,"feedback_due_slot_not_reached_in_this_bounded_run",1,"ac5aaa60-f202-419a-8426-02227c779291","webgui_rel20_4ghz_100mhz_5gnb_50ue_10slot_20260417_170900","lls_3gpp_rel20_anchor_4ghz_100mhz_waveform_honest_5gnb_50ue_10slot","a1a414876cde1a5883e2a2ab610e6603ef434ebb5b0a934bfcb8df1260a73d7c","packet_flow/csv/live_pucch_grants.csv","packet_flow/csv/live_pucch_grants.csv","canonical_control_reference_signal_runtime_evidence","runtime_populated","UL",1,13,2,50,50,NaN,112,"persisted_runtime_pucch_grant_row","packet_flow/csv/live_pucch_grants.csv","runtime_grant_backed_mirror",1,"webgui_rel20_4ghz_100mhz_5gnb_50ue_10slot_20260417_170900","lls_3gpp_rel20_anchor_4ghz_100mhz_waveform_honest_5gnb_50ue_10slot","lls_3gpp_rel20_anchor_4ghz_100mhz_waveform_honest_5gnb_50ue_10slot","a1a414876cde1a5883e2a2ab610e6603ef434ebb5b0a934bfcb8df1260a73d7c","2756cfb",104729,NaN,NaN,NaN,NaN,NaN,NaN,NaN,NaN,NaN,NaN,"not_applicable","not_applicable","sixgr.truth.exportControlPlaneTraces","implemented","runtime_control_grant_rows","packet_flow/csv/live_pucch_grants.csv","not_applicable",0,1
"UL","DL",1,13,13,9,4,4,4,2,2,2,576,1,0,1,1,1,"harq_ack","pucchgrant:fbdir=DL:due=13:src=9:ue=4:rnti=4:harq=2:cell=2","runtime_harq_feedback_due_scheduler","scheduled_pending_execution",1,0,2,1,"uci_payload_size_demoted_to_short_format","pucch:cell=2:slot=13:rnti=4:reqfmt=2:resfmt=1:prb=10:1:sym=10:4",10,1,10,4,"runtime_deterministic_pucch_resource_assignment",1,12,"not_applicable","not_applicable","not_applicable",0,0,"full_per_link_channel_waveform_sum",0,"not_applicable","not_applicable",0,"not_applicable","not_applicable","not_applicable",0,0,0,"pending_feedback_due_slot",0,0,"harq_feedback_consumed_by_runtime_harq_and_scheduler","PENDING",0,"not_applicable","not_applicable","Explicit runtime PUCCH grant/resource object scheduled from HARQ feedback timing.","PUCCH","active_but_simplified","active_scheduled_pending_feedback_due_not_reached","harq_feedback_resource_grant_and_state_update_when_due","pending_feedback_due_slot",0,0,0,0,"runtime_pucch_grant_trace","explicit_pucch_grant_and_feedback_runtime_state","available_runtime_grant_state","canonical PUCCH grant/resource row; waveform decode fields become available only after the feedback due slot is processed",0,0,0,"feedback_due_slot_not_reached_in_this_bounded_run",1,"ac5aaa60-f202-419a-8426-02227c779291","webgui_rel20_4ghz_100mhz_5gnb_50ue_10slot_20260417_170900","lls_3gpp_rel20_anchor_4ghz_100mhz_waveform_honest_5gnb_50ue_10slot","a1a414876cde1a5883e2a2ab610e6603ef434ebb5b0a934bfcb8df1260a73d7c","packet_flow/csv/live_pucch_grants.csv","packet_flow/csv/live_pucch_grants.csv","canonical_control_reference_signal_runtime_evidence","runtime_populated","UL",1,13,2,4,4,NaN,113,"persisted_runtime_pucch_grant_row","packet_flow/csv/live_pucch_grants.csv","runtime_grant_backed_mirror",1,"webgui_rel20_4ghz_100mhz_5gnb_50ue_10slot_20260417_170900","lls_3gpp_rel20_anchor_4ghz_100mhz_waveform_honest_5gnb_50ue_10slot","lls_3gpp_rel20_anchor_4ghz_100mhz_waveform_honest_5gnb_50ue_10slot","a1a414876cde1a5883e2a2ab610e6603ef434ebb5b0a934bfcb8df1260a73d7c","2756cfb",104729,NaN,NaN,NaN,NaN,NaN,NaN,NaN,NaN,NaN,NaN,"not_applicable","not_applicable","sixgr.truth.exportControlPlaneTraces","implemented","runtime_control_grant_rows","packet_flow/csv/live_pucch_grants.csv","not_applicable",0,1
"UL","DL",1,13,13,9,6,6,6,2,2,2,288,1,0,1,1,1,"harq_ack","pucchgrant:fbdir=DL:due=13:src=9:ue=6:rnti=6:harq=2:cell=2","runtime_harq_feedback_due_scheduler","scheduled_pending_execution",1,0,2,1,"uci_payload_size_demoted_to_short_format","pucch:cell=2:slot=13:rnti=6:reqfmt=2:resfmt=1:prb=12:1:sym=10:4",12,1,10,4,"runtime_deterministic_pucch_resource_assignment",1,12,"not_applicable","not_applicable","not_applicable",0,0,"full_per_link_channel_waveform_sum",0,"not_applicable","not_applicable",0,"not_applicable","not_applicable","not_applicable",0,0,0,"pending_feedback_due_slot",0,0,"harq_feedback_consumed_by_runtime_harq_and_scheduler","PENDING",0,"not_applicable","not_applicable","Explicit runtime PUCCH grant/resource object scheduled from HARQ feedback timing.","PUCCH","active_but_simplified","active_scheduled_pending_feedback_due_not_reached","harq_feedback_resource_grant_and_state_update_when_due","pending_feedback_due_slot",0,0,0,0,"runtime_pucch_grant_trace","explicit_pucch_grant_and_feedback_runtime_state","available_runtime_grant_state","canonical PUCCH grant/resource row; waveform decode fields become available only after the feedback due slot is processed",0,0,0,"feedback_due_slot_not_reached_in_this_bounded_run",1,"ac5aaa60-f202-419a-8426-02227c779291","webgui_rel20_4ghz_100mhz_5gnb_50ue_10slot_20260417_170900","lls_3gpp_rel20_anchor_4ghz_100mhz_waveform_honest_5gnb_50ue_10slot","a1a414876cde1a5883e2a2ab610e6603ef434ebb5b0a934bfcb8df1260a73d7c","packet_flow/csv/live_pucch_grants.csv","packet_flow/csv/live_pucch_grants.csv","canonical_control_reference_signal_runtime_evidence","runtime_populated","UL",1,13,2,6,6,NaN,114,"persisted_runtime_pucch_grant_row","packet_flow/csv/live_pucch_grants.csv","runtime_grant_backed_mirror",1,"webgui_rel20_4ghz_100mhz_5gnb_50ue_10slot_20260417_170900","lls_3gpp_rel20_anchor_4ghz_100mhz_waveform_honest_5gnb_50ue_10slot","lls_3gpp_rel20_anchor_4ghz_100mhz_waveform_honest_5gnb_50ue_10slot","a1a414876cde1a5883e2a2ab610e6603ef434ebb5b0a934bfcb8df1260a73d7c","2756cfb",104729,NaN,NaN,NaN,NaN,NaN,NaN,NaN,NaN,NaN,NaN,"not_applicable","not_applicable","sixgr.truth.exportControlPlaneTraces","implemented","runtime_control_grant_rows","packet_flow/csv/live_pucch_grants.csv","not_applicable",0,1
"UL","DL",1,13,13,9,29,29,29,2,2,2,576,0,0,0,0,1,"harq_ack","pucchgrant:fbdir=DL:due=13:src=9:ue=29:rnti=29:harq=2:cell=2","runtime_harq_feedback_due_scheduler","scheduled_pending_execution",1,0,2,1,"uci_payload_size_demoted_to_short_format","pucch:cell=2:slot=13:rnti=29:reqfmt=2:resfmt=1:prb=35:1:sym=10:4",35,1,10,4,"runtime_deterministic_pucch_resource_assignment",1,12,"not_applicable","not_applicable","not_applicable",0,0,"full_per_link_channel_waveform_sum",0,"not_applicable","not_applicable",0,"not_applicable","not_applicable","not_applicable",0,0,0,"pending_feedback_due_slot",0,0,"harq_feedback_consumed_by_runtime_harq_and_scheduler","PENDING",0,"not_applicable","not_applicable","Explicit runtime PUCCH grant/resource object scheduled from HARQ feedback timing.","PUCCH","active_but_simplified","active_scheduled_pending_feedback_due_not_reached","harq_feedback_resource_grant_and_state_update_when_due","pending_feedback_due_slot",0,0,0,0,"runtime_pucch_grant_trace","explicit_pucch_grant_and_feedback_runtime_state","available_runtime_grant_state","canonical PUCCH grant/resource row; waveform decode fields become available only after the feedback due slot is processed",0,0,0,"feedback_due_slot_not_reached_in_this_bounded_run",1,"ac5aaa60-f202-419a-8426-02227c779291","webgui_rel20_4ghz_100mhz_5gnb_50ue_10slot_20260417_170900","lls_3gpp_rel20_anchor_4ghz_100mhz_waveform_honest_5gnb_50ue_10slot","a1a414876cde1a5883e2a2ab610e6603ef434ebb5b0a934bfcb8df1260a73d7c","packet_flow/csv/live_pucch_grants.csv","packet_flow/csv/live_pucch_grants.csv","canonical_control_reference_signal_runtime_evidence","runtime_populated","UL",1,13,2,29,29,NaN,115,"persisted_runtime_pucch_grant_row","packet_flow/csv/live_pucch_grants.csv","runtime_grant_backed_mirror",1,"webgui_rel20_4ghz_100mhz_5gnb_50ue_10slot_20260417_170900","lls_3gpp_rel20_anchor_4ghz_100mhz_waveform_honest_5gnb_50ue_10slot","lls_3gpp_rel20_anchor_4ghz_100mhz_waveform_honest_5gnb_50ue_10slot","a1a414876cde1a5883e2a2ab610e6603ef434ebb5b0a934bfcb8df1260a73d7c","2756cfb",104729,NaN,NaN,NaN,NaN,NaN,NaN,NaN,NaN,NaN,NaN,"not_applicable","not_applicable","sixgr.truth.exportControlPlaneTraces","implemented","runtime_control_grant_rows","packet_flow/csv/live_pucch_grants.csv","not_applicable",0,1
"UL","DL",1,13,13,9,41,41,41,2,2,2,576,0,0,0,0,1,"harq_ack","pucchgrant:fbdir=DL:due=13:src=9:ue=41:rnti=41:harq=2:cell=2","runtime_harq_feedback_due_scheduler","scheduled_pending_execution",1,0,2,1,"uci_payload_size_demoted_to_short_format","pucch:cell=2:slot=13:rnti=41:reqfmt=2:resfmt=1:prb=47:1:sym=10:4",47,1,10,4,"runtime_deterministic_pucch_resource_assignment",1,12,"not_applicable","not_applicable","not_applicable",0,0,"full_per_link_channel_waveform_sum",0,"not_applicable","not_applicable",0,"not_applicable","not_applicable","not_applicable",0,0,0,"pending_feedback_due_slot",0,0,"harq_feedback_consumed_by_runtime_harq_and_scheduler","PENDING",0,"not_applicable","not_applicable","Explicit runtime PUCCH grant/resource object scheduled from HARQ feedback timing.","PUCCH","active_but_simplified","active_scheduled_pending_feedback_due_not_reached","harq_feedback_resource_grant_and_state_update_when_due","pending_feedback_due_slot",0,0,0,0,"runtime_pucch_grant_trace","explicit_pucch_grant_and_feedback_runtime_state","available_runtime_grant_state","canonical PUCCH grant/resource row; waveform decode fields become available only after the feedback due slot is processed",0,0,0,"feedback_due_slot_not_reached_in_this_bounded_run",1,"ac5aaa60-f202-419a-8426-02227c779291","webgui_rel20_4ghz_100mhz_5gnb_50ue_10slot_20260417_170900","lls_3gpp_rel20_anchor_4ghz_100mhz_waveform_honest_5gnb_50ue_10slot","a1a414876cde1a5883e2a2ab610e6603ef434ebb5b0a934bfcb8df1260a73d7c","packet_flow/csv/live_pucch_grants.csv","packet_flow/csv/live_pucch_grants.csv","canonical_control_reference_signal_runtime_evidence","runtime_populated","UL",1,13,2,41,41,NaN,116,"persisted_runtime_pucch_grant_row","packet_flow/csv/live_pucch_grants.csv","runtime_grant_backed_mirror",1,"webgui_rel20_4ghz_100mhz_5gnb_50ue_10slot_20260417_170900","lls_3gpp_rel20_anchor_4ghz_100mhz_waveform_honest_5gnb_50ue_10slot","lls_3gpp_rel20_anchor_4ghz_100mhz_waveform_honest_5gnb_50ue_10slot","a1a414876cde1a5883e2a2ab610e6603ef434ebb5b0a934bfcb8df1260a73d7c","2756cfb",104729,NaN,NaN,NaN,NaN,NaN,NaN,NaN,NaN,NaN,NaN,"not_applicable","not_applicable","sixgr.truth.exportControlPlaneTraces","implemented","runtime_control_grant_rows","packet_flow/csv/live_pucch_grants.csv","not_applicable",0,1
"UL","DL",1,13,13,9,45,45,45,2,2,2,576,1,0,1,1,1,"harq_ack","pucchgrant:fbdir=DL:due=13:src=9:ue=45:rnti=45:harq=2:cell=2","runtime_harq_feedback_due_scheduler","scheduled_pending_execution",1,0,2,1,"uci_payload_size_demoted_to_short_format","pucch:cell=2:slot=13:rnti=45:reqfmt=2:resfmt=1:prb=51:1:sym=10:4",51,1,10,4,"runtime_deterministic_pucch_resource_assignment",1,12,"not_applicable","not_applicable","not_applicable",0,0,"full_per_link_channel_waveform_sum",0,"not_applicable","not_applicable",0,"not_applicable","not_applicable","not_applicable",0,0,0,"pending_feedback_due_slot",0,0,"harq_feedback_consumed_by_runtime_harq_and_scheduler","PENDING",0,"not_applicable","not_applicable","Explicit runtime PUCCH grant/resource object scheduled from HARQ feedback timing.","PUCCH","active_but_simplified","active_scheduled_pending_feedback_due_not_reached","harq_feedback_resource_grant_and_state_update_when_due","pending_feedback_due_slot",0,0,0,0,"runtime_pucch_grant_trace","explicit_pucch_grant_and_feedback_runtime_state","available_runtime_grant_state","canonical PUCCH grant/resource row; waveform decode fields become available only after the feedback due slot is processed",0,0,0,"feedback_due_slot_not_reached_in_this_bounded_run",1,"ac5aaa60-f202-419a-8426-02227c779291","webgui_rel20_4ghz_100mhz_5gnb_50ue_10slot_20260417_170900","lls_3gpp_rel20_anchor_4ghz_100mhz_waveform_honest_5gnb_50ue_10slot","a1a414876cde1a5883e2a2ab610e6603ef434ebb5b0a934bfcb8df1260a73d7c","packet_flow/csv/live_pucch_grants.csv","packet_flow/csv/live_pucch_grants.csv","canonical_control_reference_signal_runtime_evidence","runtime_populated","UL",1,13,2,45,45,NaN,117,"persisted_runtime_pucch_grant_row","packet_flow/csv/live_pucch_grants.csv","runtime_grant_backed_mirror",1,"webgui_rel20_4ghz_100mhz_5gnb_50ue_10slot_20260417_170900","lls_3gpp_rel20_anchor_4ghz_100mhz_waveform_honest_5gnb_50ue_10slot","lls_3gpp_rel20_anchor_4ghz_100mhz_waveform_honest_5gnb_50ue_10slot","a1a414876cde1a5883e2a2ab610e6603ef434ebb5b0a934bfcb8df1260a73d7c","2756cfb",104729,NaN,NaN,NaN,NaN,NaN,NaN,NaN,NaN,NaN,NaN,"not_applicable","not_applicable","sixgr.truth.exportControlPlaneTraces","implemented","runtime_control_grant_rows","packet_flow/csv/live_pucch_grants.csv","not_applicable",0,1
"UL","DL",1,13,13,9,2,2,2,3,3,2,11016,0,0,0,0,1,"harq_ack","pucchgrant:fbdir=DL:due=13:src=9:ue=2:rnti=2:harq=2:cell=3","runtime_harq_feedback_due_scheduler","scheduled_pending_execution",1,0,2,1,"uci_payload_size_demoted_to_short_format","pucch:cell=3:slot=13:rnti=2:reqfmt=2:resfmt=1:prb=15:1:sym=10:4",15,1,10,4,"runtime_deterministic_pucch_resource_assignment",1,12,"not_applicable","not_applicable","not_applicable",0,0,"full_per_link_channel_waveform_sum",0,"not_applicable","not_applicable",0,"not_applicable","not_applicable","not_applicable",0,0,0,"pending_feedback_due_slot",0,0,"harq_feedback_consumed_by_runtime_harq_and_scheduler","PENDING",0,"not_applicable","not_applicable","Explicit runtime PUCCH grant/resource object scheduled from HARQ feedback timing.","PUCCH","active_but_simplified","active_scheduled_pending_feedback_due_not_reached","harq_feedback_resource_grant_and_state_update_when_due","pending_feedback_due_slot",0,0,0,0,"runtime_pucch_grant_trace","explicit_pucch_grant_and_feedback_runtime_state","available_runtime_grant_state","canonical PUCCH grant/resource row; waveform decode fields become available only after the feedback due slot is processed",0,0,0,"feedback_due_slot_not_reached_in_this_bounded_run",1,"ac5aaa60-f202-419a-8426-02227c779291","webgui_rel20_4ghz_100mhz_5gnb_50ue_10slot_20260417_170900","lls_3gpp_rel20_anchor_4ghz_100mhz_waveform_honest_5gnb_50ue_10slot","a1a414876cde1a5883e2a2ab610e6603ef434ebb5b0a934bfcb8df1260a73d7c","packet_flow/csv/live_pucch_grants.csv","packet_flow/csv/live_pucch_grants.csv","canonical_control_reference_signal_runtime_evidence","runtime_populated","UL",1,13,3,2,2,NaN,118,"persisted_runtime_pucch_grant_row","packet_flow/csv/live_pucch_grants.csv","runtime_grant_backed_mirror",1,"webgui_rel20_4ghz_100mhz_5gnb_50ue_10slot_20260417_170900","lls_3gpp_rel20_anchor_4ghz_100mhz_waveform_honest_5gnb_50ue_10slot","lls_3gpp_rel20_anchor_4ghz_100mhz_waveform_honest_5gnb_50ue_10slot","a1a414876cde1a5883e2a2ab610e6603ef434ebb5b0a934bfcb8df1260a73d7c","2756cfb",104729,NaN,NaN,NaN,NaN,NaN,NaN,NaN,NaN,NaN,NaN,"not_applicable","not_applicable","sixgr.truth.exportControlPlaneTraces","implemented","runtime_control_grant_rows","packet_flow/csv/live_pucch_grants.csv","not_applicable",0,1
"UL","DL",1,13,13,9,15,15,15,3,3,2,5504,0,0,0,0,1,"harq_ack","pucchgrant:fbdir=DL:due=13:src=9:ue=15:rnti=15:harq=2:cell=3","runtime_harq_feedback_due_scheduler","scheduled_pending_execution",1,0,2,1,"uci_payload_size_demoted_to_short_format","pucch:cell=3:slot=13:rnti=15:reqfmt=2:resfmt=1:prb=28:1:sym=10:4",28,1,10,4,"runtime_deterministic_pucch_resource_assignment",1,12,"not_applicable","not_applicable","not_applicable",0,0,"full_per_link_channel_waveform_sum",0,"not_applicable","not_applicable",0,"not_applicable","not_applicable","not_applicable",0,0,0,"pending_feedback_due_slot",0,0,"harq_feedback_consumed_by_runtime_harq_and_scheduler","PENDING",0,"not_applicable","not_applicable","Explicit runtime PUCCH grant/resource object scheduled from HARQ feedback timing.","PUCCH","active_but_simplified","active_scheduled_pending_feedback_due_not_reached","harq_feedback_resource_grant_and_state_update_when_due","pending_feedback_due_slot",0,0,0,0,"runtime_pucch_grant_trace","explicit_pucch_grant_and_feedback_runtime_state","available_runtime_grant_state","canonical PUCCH grant/resource row; waveform decode fields become available only after the feedback due slot is processed",0,0,0,"feedback_due_slot_not_reached_in_this_bounded_run",1,"ac5aaa60-f202-419a-8426-02227c779291","webgui_rel20_4ghz_100mhz_5gnb_50ue_10slot_20260417_170900","lls_3gpp_rel20_anchor_4ghz_100mhz_waveform_honest_5gnb_50ue_10slot","a1a414876cde1a5883e2a2ab610e6603ef434ebb5b0a934bfcb8df1260a73d7c","packet_flow/csv/live_pucch_grants.csv","packet_flow/csv/live_pucch_grants.csv","canonical_control_reference_signal_runtime_evidence","runtime_populated","UL",1,13,3,15,15,NaN,119,"persisted_runtime_pucch_grant_row","packet_flow/csv/live_pucch_grants.csv","runtime_grant_backed_mirror",1,"webgui_rel20_4ghz_100mhz_5gnb_50ue_10slot_20260417_170900","lls_3gpp_rel20_anchor_4ghz_100mhz_waveform_honest_5gnb_50ue_10slot","lls_3gpp_rel20_anchor_4ghz_100mhz_waveform_honest_5gnb_50ue_10slot","a1a414876cde1a5883e2a2ab610e6603ef434ebb5b0a934bfcb8df1260a73d7c","2756cfb",104729,NaN,NaN,NaN,NaN,NaN,NaN,NaN,NaN,NaN,NaN,"not_applicable","not_applicable","sixgr.truth.exportControlPlaneTraces","implemented","runtime_control_grant_rows","packet_flow/csv/live_pucch_grants.csv","not_applicable",0,1
"UL","DL",1,13,13,9,23,23,23,3,3,2,11016,0,0,0,0,1,"harq_ack","pucchgrant:fbdir=DL:due=13:src=9:ue=23:rnti=23:harq=2:cell=3","runtime_harq_feedback_due_scheduler","scheduled_pending_execution",1,0,2,1,"uci_payload_size_demoted_to_short_format","pucch:cell=3:slot=13:rnti=23:reqfmt=2:resfmt=1:prb=36:1:sym=10:4",36,1,10,4,"runtime_deterministic_pucch_resource_assignment",1,12,"not_applicable","not_applicable","not_applicable",0,0,"full_per_link_channel_waveform_sum",0,"not_applicable","not_applicable",0,"not_applicable","not_applicable","not_applicable",0,0,0,"pending_feedback_due_slot",0,0,"harq_feedback_consumed_by_runtime_harq_and_scheduler","PENDING",0,"not_applicable","not_applicable","Explicit runtime PUCCH grant/resource object scheduled from HARQ feedback timing.","PUCCH","active_but_simplified","active_scheduled_pending_feedback_due_not_reached","harq_feedback_resource_grant_and_state_update_when_due","pending_feedback_due_slot",0,0,0,0,"runtime_pucch_grant_trace","explicit_pucch_grant_and_feedback_runtime_state","available_runtime_grant_state","canonical PUCCH grant/resource row; waveform decode fields become available only after the feedback due slot is processed",0,0,0,"feedback_due_slot_not_reached_in_this_bounded_run",1,"ac5aaa60-f202-419a-8426-02227c779291","webgui_rel20_4ghz_100mhz_5gnb_50ue_10slot_20260417_170900","lls_3gpp_rel20_anchor_4ghz_100mhz_waveform_honest_5gnb_50ue_10slot","a1a414876cde1a5883e2a2ab610e6603ef434ebb5b0a934bfcb8df1260a73d7c","packet_flow/csv/live_pucch_grants.csv","packet_flow/csv/live_pucch_grants.csv","canonical_control_reference_signal_runtime_evidence","runtime_populated","UL",1,13,3,23,23,NaN,120,"persisted_runtime_pucch_grant_row","packet_flow/csv/live_pucch_grants.csv","runtime_grant_backed_mirror",1,"webgui_rel20_4ghz_100mhz_5gnb_50ue_10slot_20260417_170900","lls_3gpp_rel20_anchor_4ghz_100mhz_waveform_honest_5gnb_50ue_10slot","lls_3gpp_rel20_anchor_4ghz_100mhz_waveform_honest_5gnb_50ue_10slot","a1a414876cde1a5883e2a2ab610e6603ef434ebb5b0a934bfcb8df1260a73d7c","2756cfb",104729,NaN,NaN,NaN,NaN,NaN,NaN,NaN,NaN,NaN,NaN,"not_applicable","not_applicable","sixgr.truth.exportControlPlaneTraces","implemented","runtime_control_grant_rows","packet_flow/csv/live_pucch_grants.csv","not_applicable",0,1
"UL","DL",1,13,13,9,18,18,18,3,3,2,1608,1,0,1,1,1,"harq_ack","pucchgrant:fbdir=DL:due=13:src=9:ue=18:rnti=18:harq=2:cell=3","runtime_harq_feedback_due_scheduler","scheduled_pending_execution",1,0,2,1,"uci_payload_size_demoted_to_short_format","pucch:cell=3:slot=13:rnti=18:reqfmt=2:resfmt=1:prb=31:1:sym=10:4",31,1,10,4,"runtime_deterministic_pucch_resource_assignment",1,12,"not_applicable","not_applicable","not_applicable",0,0,"full_per_link_channel_waveform_sum",0,"not_applicable","not_applicable",0,"not_applicable","not_applicable","not_applicable",0,0,0,"pending_feedback_due_slot",0,0,"harq_feedback_consumed_by_runtime_harq_and_scheduler","PENDING",0,"not_applicable","not_applicable","Explicit runtime PUCCH grant/resource object scheduled from HARQ feedback timing.","PUCCH","active_but_simplified","active_scheduled_pending_feedback_due_not_reached","harq_feedback_resource_grant_and_state_update_when_due","pending_feedback_due_slot",0,0,0,0,"runtime_pucch_grant_trace","explicit_pucch_grant_and_feedback_runtime_state","available_runtime_grant_state","canonical PUCCH grant/resource row; waveform decode fields become available only after the feedback due slot is processed",0,0,0,"feedback_due_slot_not_reached_in_this_bounded_run",1,"ac5aaa60-f202-419a-8426-02227c779291","webgui_rel20_4ghz_100mhz_5gnb_50ue_10slot_20260417_170900","lls_3gpp_rel20_anchor_4ghz_100mhz_waveform_honest_5gnb_50ue_10slot","a1a414876cde1a5883e2a2ab610e6603ef434ebb5b0a934bfcb8df1260a73d7c","packet_flow/csv/live_pucch_grants.csv","packet_flow/csv/live_pucch_grants.csv","canonical_control_reference_signal_runtime_evidence","runtime_populated","UL",1,13,3,18,18,NaN,121,"persisted_runtime_pucch_grant_row","packet_flow/csv/live_pucch_grants.csv","runtime_grant_backed_mirror",1,"webgui_rel20_4ghz_100mhz_5gnb_50ue_10slot_20260417_170900","lls_3gpp_rel20_anchor_4ghz_100mhz_waveform_honest_5gnb_50ue_10slot","lls_3gpp_rel20_anchor_4ghz_100mhz_waveform_honest_5gnb_50ue_10slot","a1a414876cde1a5883e2a2ab610e6603ef434ebb5b0a934bfcb8df1260a73d7c","2756cfb",104729,NaN,NaN,NaN,NaN,NaN,NaN,NaN,NaN,NaN,NaN,"not_applicable","not_applicable","sixgr.truth.exportControlPlaneTraces","implemented","runtime_control_grant_rows","packet_flow/csv/live_pucch_grants.csv","not_applicable",0,1
"UL","DL",1,13,13,9,12,12,12,3,3,2,504,1,0,1,1,1,"harq_ack","pucchgrant:fbdir=DL:due=13:src=9:ue=12:rnti=12:harq=2:cell=3","runtime_harq_feedback_due_scheduler","scheduled_pending_execution",1,0,2,1,"uci_payload_size_demoted_to_short_format","pucch:cell=3:slot=13:rnti=12:reqfmt=2:resfmt=1:prb=25:1:sym=10:4",25,1,10,4,"runtime_deterministic_pucch_resource_assignment",1,12,"not_applicable","not_applicable","not_applicable",0,0,"full_per_link_channel_waveform_sum",0,"not_applicable","not_applicable",0,"not_applicable","not_applicable","not_applicable",0,0,0,"pending_feedback_due_slot",0,0,"harq_feedback_consumed_by_runtime_harq_and_scheduler","PENDING",0,"not_applicable","not_applicable","Explicit runtime PUCCH grant/resource object scheduled from HARQ feedback timing.","PUCCH","active_but_simplified","active_scheduled_pending_feedback_due_not_reached","harq_feedback_resource_grant_and_state_update_when_due","pending_feedback_due_slot",0,0,0,0,"runtime_pucch_grant_trace","explicit_pucch_grant_and_feedback_runtime_state","available_runtime_grant_state","canonical PUCCH grant/resource row; waveform decode fields become available only after the feedback due slot is processed",0,0,0,"feedback_due_slot_not_reached_in_this_bounded_run",1,"ac5aaa60-f202-419a-8426-02227c779291","webgui_rel20_4ghz_100mhz_5gnb_50ue_10slot_20260417_170900","lls_3gpp_rel20_anchor_4ghz_100mhz_waveform_honest_5gnb_50ue_10slot","a1a414876cde1a5883e2a2ab610e6603ef434ebb5b0a934bfcb8df1260a73d7c","packet_flow/csv/live_pucch_grants.csv","packet_flow/csv/live_pucch_grants.csv","canonical_control_reference_signal_runtime_evidence","runtime_populated","UL",1,13,3,12,12,NaN,122,"persisted_runtime_pucch_grant_row","packet_flow/csv/live_pucch_grants.csv","runtime_grant_backed_mirror",1,"webgui_rel20_4ghz_100mhz_5gnb_50ue_10slot_20260417_170900","lls_3gpp_rel20_anchor_4ghz_100mhz_waveform_honest_5gnb_50ue_10slot","lls_3gpp_rel20_anchor_4ghz_100mhz_waveform_honest_5gnb_50ue_10slot","a1a414876cde1a5883e2a2ab610e6603ef434ebb5b0a934bfcb8df1260a73d7c","2756cfb",104729,NaN,NaN,NaN,NaN,NaN,NaN,NaN,NaN,NaN,NaN,"not_applicable","not_applicable","sixgr.truth.exportControlPlaneTraces","implemented","runtime_control_grant_rows","packet_flow/csv/live_pucch_grants.csv","not_applicable",0,1
"UL","DL",1,13,13,9,13,13,13,3,3,2,504,1,0,1,1,1,"harq_ack","pucchgrant:fbdir=DL:due=13:src=9:ue=13:rnti=13:harq=2:cell=3","runtime_harq_feedback_due_scheduler","scheduled_pending_execution",1,0,2,1,"uci_payload_size_demoted_to_short_format","pucch:cell=3:slot=13:rnti=13:reqfmt=2:resfmt=1:prb=26:1:sym=10:4",26,1,10,4,"runtime_deterministic_pucch_resource_assignment",1,12,"not_applicable","not_applicable","not_applicable",0,0,"full_per_link_channel_waveform_sum",0,"not_applicable","not_applicable",0,"not_applicable","not_applicable","not_applicable",0,0,0,"pending_feedback_due_slot",0,0,"harq_feedback_consumed_by_runtime_harq_and_scheduler","PENDING",0,"not_applicable","not_applicable","Explicit runtime PUCCH grant/resource object scheduled from HARQ feedback timing.","PUCCH","active_but_simplified","active_scheduled_pending_feedback_due_not_reached","harq_feedback_resource_grant_and_state_update_when_due","pending_feedback_due_slot",0,0,0,0,"runtime_pucch_grant_trace","explicit_pucch_grant_and_feedback_runtime_state","available_runtime_grant_state","canonical PUCCH grant/resource row; waveform decode fields become available only after the feedback due slot is processed",0,0,0,"feedback_due_slot_not_reached_in_this_bounded_run",1,"ac5aaa60-f202-419a-8426-02227c779291","webgui_rel20_4ghz_100mhz_5gnb_50ue_10slot_20260417_170900","lls_3gpp_rel20_anchor_4ghz_100mhz_waveform_honest_5gnb_50ue_10slot","a1a414876cde1a5883e2a2ab610e6603ef434ebb5b0a934bfcb8df1260a73d7c","packet_flow/csv/live_pucch_grants.csv","packet_flow/csv/live_pucch_grants.csv","canonical_control_reference_signal_runtime_evidence","runtime_populated","UL",1,13,3,13,13,NaN,123,"persisted_runtime_pucch_grant_row","packet_flow/csv/live_pucch_grants.csv","runtime_grant_backed_mirror",1,"webgui_rel20_4ghz_100mhz_5gnb_50ue_10slot_20260417_170900","lls_3gpp_rel20_anchor_4ghz_100mhz_waveform_honest_5gnb_50ue_10slot","lls_3gpp_rel20_anchor_4ghz_100mhz_waveform_honest_5gnb_50ue_10slot","a1a414876cde1a5883e2a2ab610e6603ef434ebb5b0a934bfcb8df1260a73d7c","2756cfb",104729,NaN,NaN,NaN,NaN,NaN,NaN,NaN,NaN,NaN,NaN,"not_applicable","not_applicable","sixgr.truth.exportControlPlaneTraces","implemented","runtime_control_grant_rows","packet_flow/csv/live_pucch_grants.csv","not_applicable",0,1
"UL","DL",1,13,13,9,16,16,16,3,3,2,504,1,0,1,1,1,"harq_ack","pucchgrant:fbdir=DL:due=13:src=9:ue=16:rnti=16:harq=2:cell=3","runtime_harq_feedback_due_scheduler","scheduled_pending_execution",1,0,2,1,"uci_payload_size_demoted_to_short_format","pucch:cell=3:slot=13:rnti=16:reqfmt=2:resfmt=1:prb=29:1:sym=10:4",29,1,10,4,"runtime_deterministic_pucch_resource_assignment",1,12,"not_applicable","not_applicable","not_applicable",0,0,"full_per_link_channel_waveform_sum",0,"not_applicable","not_applicable",0,"not_applicable","not_applicable","not_applicable",0,0,0,"pending_feedback_due_slot",0,0,"harq_feedback_consumed_by_runtime_harq_and_scheduler","PENDING",0,"not_applicable","not_applicable","Explicit runtime PUCCH grant/resource object scheduled from HARQ feedback timing.","PUCCH","active_but_simplified","active_scheduled_pending_feedback_due_not_reached","harq_feedback_resource_grant_and_state_update_when_due","pending_feedback_due_slot",0,0,0,0,"runtime_pucch_grant_trace","explicit_pucch_grant_and_feedback_runtime_state","available_runtime_grant_state","canonical PUCCH grant/resource row; waveform decode fields become available only after the feedback due slot is processed",0,0,0,"feedback_due_slot_not_reached_in_this_bounded_run",1,"ac5aaa60-f202-419a-8426-02227c779291","webgui_rel20_4ghz_100mhz_5gnb_50ue_10slot_20260417_170900","lls_3gpp_rel20_anchor_4ghz_100mhz_waveform_honest_5gnb_50ue_10slot","a1a414876cde1a5883e2a2ab610e6603ef434ebb5b0a934bfcb8df1260a73d7c","packet_flow/csv/live_pucch_grants.csv","packet_flow/csv/live_pucch_grants.csv","canonical_control_reference_signal_runtime_evidence","runtime_populated","UL",1,13,3,16,16,NaN,124,"persisted_runtime_pucch_grant_row","packet_flow/csv/live_pucch_grants.csv","runtime_grant_backed_mirror",1,"webgui_rel20_4ghz_100mhz_5gnb_50ue_10slot_20260417_170900","lls_3gpp_rel20_anchor_4ghz_100mhz_waveform_honest_5gnb_50ue_10slot","lls_3gpp_rel20_anchor_4ghz_100mhz_waveform_honest_5gnb_50ue_10slot","a1a414876cde1a5883e2a2ab610e6603ef434ebb5b0a934bfcb8df1260a73d7c","2756cfb",104729,NaN,NaN,NaN,NaN,NaN,NaN,NaN,NaN,NaN,NaN,"not_applicable","not_applicable","sixgr.truth.exportControlPlaneTraces","implemented","runtime_control_grant_rows","packet_flow/csv/live_pucch_grants.csv","not_applicable",0,1
"UL","DL",1,13,13,9,24,24,24,3,3,2,504,1,0,1,1,1,"harq_ack","pucchgrant:fbdir=DL:due=13:src=9:ue=24:rnti=24:harq=2:cell=3","runtime_harq_feedback_due_scheduler","scheduled_pending_execution",1,0,2,1,"uci_payload_size_demoted_to_short_format","pucch:cell=3:slot=13:rnti=24:reqfmt=2:resfmt=1:prb=37:1:sym=10:4",37,1,10,4,"runtime_deterministic_pucch_resource_assignment",1,12,"not_applicable","not_applicable","not_applicable",0,0,"full_per_link_channel_waveform_sum",0,"not_applicable","not_applicable",0,"not_applicable","not_applicable","not_applicable",0,0,0,"pending_feedback_due_slot",0,0,"harq_feedback_consumed_by_runtime_harq_and_scheduler","PENDING",0,"not_applicable","not_applicable","Explicit runtime PUCCH grant/resource object scheduled from HARQ feedback timing.","PUCCH","active_but_simplified","active_scheduled_pending_feedback_due_not_reached","harq_feedback_resource_grant_and_state_update_when_due","pending_feedback_due_slot",0,0,0,0,"runtime_pucch_grant_trace","explicit_pucch_grant_and_feedback_runtime_state","available_runtime_grant_state","canonical PUCCH grant/resource row; waveform decode fields become available only after the feedback due slot is processed",0,0,0,"feedback_due_slot_not_reached_in_this_bounded_run",1,"ac5aaa60-f202-419a-8426-02227c779291","webgui_rel20_4ghz_100mhz_5gnb_50ue_10slot_20260417_170900","lls_3gpp_rel20_anchor_4ghz_100mhz_waveform_honest_5gnb_50ue_10slot","a1a414876cde1a5883e2a2ab610e6603ef434ebb5b0a934bfcb8df1260a73d7c","packet_flow/csv/live_pucch_grants.csv","packet_flow/csv/live_pucch_grants.csv","canonical_control_reference_signal_runtime_evidence","runtime_populated","UL",1,13,3,24,24,NaN,125,"persisted_runtime_pucch_grant_row","packet_flow/csv/live_pucch_grants.csv","runtime_grant_backed_mirror",1,"webgui_rel20_4ghz_100mhz_5gnb_50ue_10slot_20260417_170900","lls_3gpp_rel20_anchor_4ghz_100mhz_waveform_honest_5gnb_50ue_10slot","lls_3gpp_rel20_anchor_4ghz_100mhz_waveform_honest_5gnb_50ue_10slot","a1a414876cde1a5883e2a2ab610e6603ef434ebb5b0a934bfcb8df1260a73d7c","2756cfb",104729,NaN,NaN,NaN,NaN,NaN,NaN,NaN,NaN,NaN,NaN,"not_applicable","not_applicable","sixgr.truth.exportControlPlaneTraces","implemented","runtime_control_grant_rows","packet_flow/csv/live_pucch_grants.csv","not_applicable",0,1
"UL","DL",1,13,13,9,33,33,33,3,3,2,504,1,0,1,1,1,"harq_ack","pucchgrant:fbdir=DL:due=13:src=9:ue=33:rnti=33:harq=2:cell=3","runtime_harq_feedback_due_scheduler","scheduled_pending_execution",1,0,2,1,"uci_payload_size_demoted_to_short_format","pucch:cell=3:slot=13:rnti=33:reqfmt=2:resfmt=1:prb=46:1:sym=10:4",46,1,10,4,"runtime_deterministic_pucch_resource_assignment",1,12,"not_applicable","not_applicable","not_applicable",0,0,"full_per_link_channel_waveform_sum",0,"not_applicable","not_applicable",0,"not_applicable","not_applicable","not_applicable",0,0,0,"pending_feedback_due_slot",0,0,"harq_feedback_consumed_by_runtime_harq_and_scheduler","PENDING",0,"not_applicable","not_applicable","Explicit runtime PUCCH grant/resource object scheduled from HARQ feedback timing.","PUCCH","active_but_simplified","active_scheduled_pending_feedback_due_not_reached","harq_feedback_resource_grant_and_state_update_when_due","pending_feedback_due_slot",0,0,0,0,"runtime_pucch_grant_trace","explicit_pucch_grant_and_feedback_runtime_state","available_runtime_grant_state","canonical PUCCH grant/resource row; waveform decode fields become available only after the feedback due slot is processed",0,0,0,"feedback_due_slot_not_reached_in_this_bounded_run",1,"ac5aaa60-f202-419a-8426-02227c779291","webgui_rel20_4ghz_100mhz_5gnb_50ue_10slot_20260417_170900","lls_3gpp_rel20_anchor_4ghz_100mhz_waveform_honest_5gnb_50ue_10slot","a1a414876cde1a5883e2a2ab610e6603ef434ebb5b0a934bfcb8df1260a73d7c","packet_flow/csv/live_pucch_grants.csv","packet_flow/csv/live_pucch_grants.csv","canonical_control_reference_signal_runtime_evidence","runtime_populated","UL",1,13,3,33,33,NaN,126,"persisted_runtime_pucch_grant_row","packet_flow/csv/live_pucch_grants.csv","runtime_grant_backed_mirror",1,"webgui_rel20_4ghz_100mhz_5gnb_50ue_10slot_20260417_170900","lls_3gpp_rel20_anchor_4ghz_100mhz_waveform_honest_5gnb_50ue_10slot","lls_3gpp_rel20_anchor_4ghz_100mhz_waveform_honest_5gnb_50ue_10slot","a1a414876cde1a5883e2a2ab610e6603ef434ebb5b0a934bfcb8df1260a73d7c","2756cfb",104729,NaN,NaN,NaN,NaN,NaN,NaN,NaN,NaN,NaN,NaN,"not_applicable","not_applicable","sixgr.truth.exportControlPlaneTraces","implemented","runtime_control_grant_rows","packet_flow/csv/live_pucch_grants.csv","not_applicable",0,1
"UL","DL",1,13,13,9,22,22,22,4,4,2,9480,0,0,0,0,1,"harq_ack","pucchgrant:fbdir=DL:due=13:src=9:ue=22:rnti=22:harq=2:cell=4","runtime_harq_feedback_due_scheduler","scheduled_pending_execution",1,0,2,1,"uci_payload_size_demoted_to_short_format","pucch:cell=4:slot=13:rnti=22:reqfmt=2:resfmt=1:prb=42:1:sym=10:4",42,1,10,4,"runtime_deterministic_pucch_resource_assignment",1,12,"not_applicable","not_applicable","not_applicable",0,0,"full_per_link_channel_waveform_sum",0,"not_applicable","not_applicable",0,"not_applicable","not_applicable","not_applicable",0,0,0,"pending_feedback_due_slot",0,0,"harq_feedback_consumed_by_runtime_harq_and_scheduler","PENDING",0,"not_applicable","not_applicable","Explicit runtime PUCCH grant/resource object scheduled from HARQ feedback timing.","PUCCH","active_but_simplified","active_scheduled_pending_feedback_due_not_reached","harq_feedback_resource_grant_and_state_update_when_due","pending_feedback_due_slot",0,0,0,0,"runtime_pucch_grant_trace","explicit_pucch_grant_and_feedback_runtime_state","available_runtime_grant_state","canonical PUCCH grant/resource row; waveform decode fields become available only after the feedback due slot is processed",0,0,0,"feedback_due_slot_not_reached_in_this_bounded_run",1,"ac5aaa60-f202-419a-8426-02227c779291","webgui_rel20_4ghz_100mhz_5gnb_50ue_10slot_20260417_170900","lls_3gpp_rel20_anchor_4ghz_100mhz_waveform_honest_5gnb_50ue_10slot","a1a414876cde1a5883e2a2ab610e6603ef434ebb5b0a934bfcb8df1260a73d7c","packet_flow/csv/live_pucch_grants.csv","packet_flow/csv/live_pucch_grants.csv","canonical_control_reference_signal_runtime_evidence","runtime_populated","UL",1,13,4,22,22,NaN,127,"persisted_runtime_pucch_grant_row","packet_flow/csv/live_pucch_grants.csv","runtime_grant_backed_mirror",1,"webgui_rel20_4ghz_100mhz_5gnb_50ue_10slot_20260417_170900","lls_3gpp_rel20_anchor_4ghz_100mhz_waveform_honest_5gnb_50ue_10slot","lls_3gpp_rel20_anchor_4ghz_100mhz_waveform_honest_5gnb_50ue_10slot","a1a414876cde1a5883e2a2ab610e6603ef434ebb5b0a934bfcb8df1260a73d7c","2756cfb",104729,NaN,NaN,NaN,NaN,NaN,NaN,NaN,NaN,NaN,NaN,"not_applicable","not_applicable","sixgr.truth.exportControlPlaneTraces","implemented","runtime_control_grant_rows","packet_flow/csv/live_pucch_grants.csv","not_applicable",0,1
"UL","DL",1,13,13,9,34,34,34,4,4,2,9480,0,0,0,0,1,"harq_ack","pucchgrant:fbdir=DL:due=13:src=9:ue=34:rnti=34:harq=2:cell=4","runtime_harq_feedback_due_scheduler","scheduled_pending_execution",1,0,2,1,"uci_payload_size_demoted_to_short_format","pucch:cell=4:slot=13:rnti=34:reqfmt=2:resfmt=1:prb=54:1:sym=10:4",54,1,10,4,"runtime_deterministic_pucch_resource_assignment",1,12,"not_applicable","not_applicable","not_applicable",0,0,"full_per_link_channel_waveform_sum",0,"not_applicable","not_applicable",0,"not_applicable","not_applicable","not_applicable",0,0,0,"pending_feedback_due_slot",0,0,"harq_feedback_consumed_by_runtime_harq_and_scheduler","PENDING",0,"not_applicable","not_applicable","Explicit runtime PUCCH grant/resource object scheduled from HARQ feedback timing.","PUCCH","active_but_simplified","active_scheduled_pending_feedback_due_not_reached","harq_feedback_resource_grant_and_state_update_when_due","pending_feedback_due_slot",0,0,0,0,"runtime_pucch_grant_trace","explicit_pucch_grant_and_feedback_runtime_state","available_runtime_grant_state","canonical PUCCH grant/resource row; waveform decode fields become available only after the feedback due slot is processed",0,0,0,"feedback_due_slot_not_reached_in_this_bounded_run",1,"ac5aaa60-f202-419a-8426-02227c779291","webgui_rel20_4ghz_100mhz_5gnb_50ue_10slot_20260417_170900","lls_3gpp_rel20_anchor_4ghz_100mhz_waveform_honest_5gnb_50ue_10slot","a1a414876cde1a5883e2a2ab610e6603ef434ebb5b0a934bfcb8df1260a73d7c","packet_flow/csv/live_pucch_grants.csv","packet_flow/csv/live_pucch_grants.csv","canonical_control_reference_signal_runtime_evidence","runtime_populated","UL",1,13,4,34,34,NaN,128,"persisted_runtime_pucch_grant_row","packet_flow/csv/live_pucch_grants.csv","runtime_grant_backed_mirror",1,"webgui_rel20_4ghz_100mhz_5gnb_50ue_10slot_20260417_170900","lls_3gpp_rel20_anchor_4ghz_100mhz_waveform_honest_5gnb_50ue_10slot","lls_3gpp_rel20_anchor_4ghz_100mhz_waveform_honest_5gnb_50ue_10slot","a1a414876cde1a5883e2a2ab610e6603ef434ebb5b0a934bfcb8df1260a73d7c","2756cfb",104729,NaN,NaN,NaN,NaN,NaN,NaN,NaN,NaN,NaN,NaN,"not_applicable","not_applicable","sixgr.truth.exportControlPlaneTraces","implemented","runtime_control_grant_rows","packet_flow/csv/live_pucch_grants.csv","not_applicable",0,1
"UL","DL",1,13,13,9,42,42,42,4,4,2,7296,0,0,0,0,1,"harq_ack","pucchgrant:fbdir=DL:due=13:src=9:ue=42:rnti=42:harq=2:cell=4","runtime_harq_feedback_due_scheduler","scheduled_pending_execution",1,0,2,1,"uci_payload_size_demoted_to_short_format","pucch:cell=4:slot=13:rnti=42:reqfmt=2:resfmt=1:prb=62:1:sym=10:4",62,1,10,4,"runtime_deterministic_pucch_resource_assignment",1,12,"not_applicable","not_applicable","not_applicable",0,0,"full_per_link_channel_waveform_sum",0,"not_applicable","not_applicable",0,"not_applicable","not_applicable","not_applicable",0,0,0,"pending_feedback_due_slot",0,0,"harq_feedback_consumed_by_runtime_harq_and_scheduler","PENDING",0,"not_applicable","not_applicable","Explicit runtime PUCCH grant/resource object scheduled from HARQ feedback timing.","PUCCH","active_but_simplified","active_scheduled_pending_feedback_due_not_reached","harq_feedback_resource_grant_and_state_update_when_due","pending_feedback_due_slot",0,0,0,0,"runtime_pucch_grant_trace","explicit_pucch_grant_and_feedback_runtime_state","available_runtime_grant_state","canonical PUCCH grant/resource row; waveform decode fields become available only after the feedback due slot is processed",0,0,0,"feedback_due_slot_not_reached_in_this_bounded_run",1,"ac5aaa60-f202-419a-8426-02227c779291","webgui_rel20_4ghz_100mhz_5gnb_50ue_10slot_20260417_170900","lls_3gpp_rel20_anchor_4ghz_100mhz_waveform_honest_5gnb_50ue_10slot","a1a414876cde1a5883e2a2ab610e6603ef434ebb5b0a934bfcb8df1260a73d7c","packet_flow/csv/live_pucch_grants.csv","packet_flow/csv/live_pucch_grants.csv","canonical_control_reference_signal_runtime_evidence","runtime_populated","UL",1,13,4,42,42,NaN,129,"persisted_runtime_pucch_grant_row","packet_flow/csv/live_pucch_grants.csv","runtime_grant_backed_mirror",1,"webgui_rel20_4ghz_100mhz_5gnb_50ue_10slot_20260417_170900","lls_3gpp_rel20_anchor_4ghz_100mhz_waveform_honest_5gnb_50ue_10slot","lls_3gpp_rel20_anchor_4ghz_100mhz_waveform_honest_5gnb_50ue_10slot","a1a414876cde1a5883e2a2ab610e6603ef434ebb5b0a934bfcb8df1260a73d7c","2756cfb",104729,NaN,NaN,NaN,NaN,NaN,NaN,NaN,NaN,NaN,NaN,"not_applicable","not_applicable","sixgr.truth.exportControlPlaneTraces","implemented","runtime_control_grant_rows","packet_flow/csv/live_pucch_grants.csv","not_applicable",0,1
"UL","DL",1,13,13,9,38,38,38,4,4,2,1416,1,0,1,1,1,"harq_ack","pucchgrant:fbdir=DL:due=13:src=9:ue=38:rnti=38:harq=2:cell=4","runtime_harq_feedback_due_scheduler","scheduled_pending_execution",1,0,2,1,"uci_payload_size_demoted_to_short_format","pucch:cell=4:slot=13:rnti=38:reqfmt=2:resfmt=1:prb=58:1:sym=10:4",58,1,10,4,"runtime_deterministic_pucch_resource_assignment",1,12,"not_applicable","not_applicable","not_applicable",0,0,"full_per_link_channel_waveform_sum",0,"not_applicable","not_applicable",0,"not_applicable","not_applicable","not_applicable",0,0,0,"pending_feedback_due_slot",0,0,"harq_feedback_consumed_by_runtime_harq_and_scheduler","PENDING",0,"not_applicable","not_applicable","Explicit runtime PUCCH grant/resource object scheduled from HARQ feedback timing.","PUCCH","active_but_simplified","active_scheduled_pending_feedback_due_not_reached","harq_feedback_resource_grant_and_state_update_when_due","pending_feedback_due_slot",0,0,0,0,"runtime_pucch_grant_trace","explicit_pucch_grant_and_feedback_runtime_state","available_runtime_grant_state","canonical PUCCH grant/resource row; waveform decode fields become available only after the feedback due slot is processed",0,0,0,"feedback_due_slot_not_reached_in_this_bounded_run",1,"ac5aaa60-f202-419a-8426-02227c779291","webgui_rel20_4ghz_100mhz_5gnb_50ue_10slot_20260417_170900","lls_3gpp_rel20_anchor_4ghz_100mhz_waveform_honest_5gnb_50ue_10slot","a1a414876cde1a5883e2a2ab610e6603ef434ebb5b0a934bfcb8df1260a73d7c","packet_flow/csv/live_pucch_grants.csv","packet_flow/csv/live_pucch_grants.csv","canonical_control_reference_signal_runtime_evidence","runtime_populated","UL",1,13,4,38,38,NaN,130,"persisted_runtime_pucch_grant_row","packet_flow/csv/live_pucch_grants.csv","runtime_grant_backed_mirror",1,"webgui_rel20_4ghz_100mhz_5gnb_50ue_10slot_20260417_170900","lls_3gpp_rel20_anchor_4ghz_100mhz_waveform_honest_5gnb_50ue_10slot","lls_3gpp_rel20_anchor_4ghz_100mhz_waveform_honest_5gnb_50ue_10slot","a1a414876cde1a5883e2a2ab610e6603ef434ebb5b0a934bfcb8df1260a73d7c","2756cfb",104729,NaN,NaN,NaN,NaN,NaN,NaN,NaN,NaN,NaN,NaN,"not_applicable","not_applicable","sixgr.truth.exportControlPlaneTraces","implemented","runtime_control_grant_rows","packet_flow/csv/live_pucch_grants.csv","not_applicable",0,1
"UL","DL",1,13,13,9,8,8,8,4,4,2,432,1,0,1,1,1,"harq_ack","pucchgrant:fbdir=DL:due=13:src=9:ue=8:rnti=8:harq=2:cell=4","runtime_harq_feedback_due_scheduler","scheduled_pending_execution",1,0,2,1,"uci_payload_size_demoted_to_short_format","pucch:cell=4:slot=13:rnti=8:reqfmt=2:resfmt=1:prb=28:1:sym=10:4",28,1,10,4,"runtime_deterministic_pucch_resource_assignment",1,12,"not_applicable","not_applicable","not_applicable",0,0,"full_per_link_channel_waveform_sum",0,"not_applicable","not_applicable",0,"not_applicable","not_applicable","not_applicable",0,0,0,"pending_feedback_due_slot",0,0,"harq_feedback_consumed_by_runtime_harq_and_scheduler","PENDING",0,"not_applicable","not_applicable","Explicit runtime PUCCH grant/resource object scheduled from HARQ feedback timing.","PUCCH","active_but_simplified","active_scheduled_pending_feedback_due_not_reached","harq_feedback_resource_grant_and_state_update_when_due","pending_feedback_due_slot",0,0,0,0,"runtime_pucch_grant_trace","explicit_pucch_grant_and_feedback_runtime_state","available_runtime_grant_state","canonical PUCCH grant/resource row; waveform decode fields become available only after the feedback due slot is processed",0,0,0,"feedback_due_slot_not_reached_in_this_bounded_run",1,"ac5aaa60-f202-419a-8426-02227c779291","webgui_rel20_4ghz_100mhz_5gnb_50ue_10slot_20260417_170900","lls_3gpp_rel20_anchor_4ghz_100mhz_waveform_honest_5gnb_50ue_10slot","a1a414876cde1a5883e2a2ab610e6603ef434ebb5b0a934bfcb8df1260a73d7c","packet_flow/csv/live_pucch_grants.csv","packet_flow/csv/live_pucch_grants.csv","canonical_control_reference_signal_runtime_evidence","runtime_populated","UL",1,13,4,8,8,NaN,131,"persisted_runtime_pucch_grant_row","packet_flow/csv/live_pucch_grants.csv","runtime_grant_backed_mirror",1,"webgui_rel20_4ghz_100mhz_5gnb_50ue_10slot_20260417_170900","lls_3gpp_rel20_anchor_4ghz_100mhz_waveform_honest_5gnb_50ue_10slot","lls_3gpp_rel20_anchor_4ghz_100mhz_waveform_honest_5gnb_50ue_10slot","a1a414876cde1a5883e2a2ab610e6603ef434ebb5b0a934bfcb8df1260a73d7c","2756cfb",104729,NaN,NaN,NaN,NaN,NaN,NaN,NaN,NaN,NaN,NaN,"not_applicable","not_applicable","sixgr.truth.exportControlPlaneTraces","implemented","runtime_control_grant_rows","packet_flow/csv/live_pucch_grants.csv","not_applicable",0,1
"UL","DL",1,13,13,9,20,20,20,4,4,2,432,1,0,1,1,1,"harq_ack","pucchgrant:fbdir=DL:due=13:src=9:ue=20:rnti=20:harq=2:cell=4","runtime_harq_feedback_due_scheduler","scheduled_pending_execution",1,0,2,1,"uci_payload_size_demoted_to_short_format","pucch:cell=4:slot=13:rnti=20:reqfmt=2:resfmt=1:prb=40:1:sym=10:4",40,1,10,4,"runtime_deterministic_pucch_resource_assignment",1,12,"not_applicable","not_applicable","not_applicable",0,0,"full_per_link_channel_waveform_sum",0,"not_applicable","not_applicable",0,"not_applicable","not_applicable","not_applicable",0,0,0,"pending_feedback_due_slot",0,0,"harq_feedback_consumed_by_runtime_harq_and_scheduler","PENDING",0,"not_applicable","not_applicable","Explicit runtime PUCCH grant/resource object scheduled from HARQ feedback timing.","PUCCH","active_but_simplified","active_scheduled_pending_feedback_due_not_reached","harq_feedback_resource_grant_and_state_update_when_due","pending_feedback_due_slot",0,0,0,0,"runtime_pucch_grant_trace","explicit_pucch_grant_and_feedback_runtime_state","available_runtime_grant_state","canonical PUCCH grant/resource row; waveform decode fields become available only after the feedback due slot is processed",0,0,0,"feedback_due_slot_not_reached_in_this_bounded_run",1,"ac5aaa60-f202-419a-8426-02227c779291","webgui_rel20_4ghz_100mhz_5gnb_50ue_10slot_20260417_170900","lls_3gpp_rel20_anchor_4ghz_100mhz_waveform_honest_5gnb_50ue_10slot","a1a414876cde1a5883e2a2ab610e6603ef434ebb5b0a934bfcb8df1260a73d7c","packet_flow/csv/live_pucch_grants.csv","packet_flow/csv/live_pucch_grants.csv","canonical_control_reference_signal_runtime_evidence","runtime_populated","UL",1,13,4,20,20,NaN,132,"persisted_runtime_pucch_grant_row","packet_flow/csv/live_pucch_grants.csv","runtime_grant_backed_mirror",1,"webgui_rel20_4ghz_100mhz_5gnb_50ue_10slot_20260417_170900","lls_3gpp_rel20_anchor_4ghz_100mhz_waveform_honest_5gnb_50ue_10slot","lls_3gpp_rel20_anchor_4ghz_100mhz_waveform_honest_5gnb_50ue_10slot","a1a414876cde1a5883e2a2ab610e6603ef434ebb5b0a934bfcb8df1260a73d7c","2756cfb",104729,NaN,NaN,NaN,NaN,NaN,NaN,NaN,NaN,NaN,NaN,"not_applicable","not_applicable","sixgr.truth.exportControlPlaneTraces","implemented","runtime_control_grant_rows","packet_flow/csv/live_pucch_grants.csv","not_applicable",0,1
"UL","DL",1,13,13,9,32,32,32,4,4,2,432,1,0,1,1,1,"harq_ack","pucchgrant:fbdir=DL:due=13:src=9:ue=32:rnti=32:harq=2:cell=4","runtime_harq_feedback_due_scheduler","scheduled_pending_execution",1,0,2,1,"uci_payload_size_demoted_to_short_format","pucch:cell=4:slot=13:rnti=32:reqfmt=2:resfmt=1:prb=52:1:sym=10:4",52,1,10,4,"runtime_deterministic_pucch_resource_assignment",1,12,"not_applicable","not_applicable","not_applicable",0,0,"full_per_link_channel_waveform_sum",0,"not_applicable","not_applicable",0,"not_applicable","not_applicable","not_applicable",0,0,0,"pending_feedback_due_slot",0,0,"harq_feedback_consumed_by_runtime_harq_and_scheduler","PENDING",0,"not_applicable","not_applicable","Explicit runtime PUCCH grant/resource object scheduled from HARQ feedback timing.","PUCCH","active_but_simplified","active_scheduled_pending_feedback_due_not_reached","harq_feedback_resource_grant_and_state_update_when_due","pending_feedback_due_slot",0,0,0,0,"runtime_pucch_grant_trace","explicit_pucch_grant_and_feedback_runtime_state","available_runtime_grant_state","canonical PUCCH grant/resource row; waveform decode fields become available only after the feedback due slot is processed",0,0,0,"feedback_due_slot_not_reached_in_this_bounded_run",1,"ac5aaa60-f202-419a-8426-02227c779291","webgui_rel20_4ghz_100mhz_5gnb_50ue_10slot_20260417_170900","lls_3gpp_rel20_anchor_4ghz_100mhz_waveform_honest_5gnb_50ue_10slot","a1a414876cde1a5883e2a2ab610e6603ef434ebb5b0a934bfcb8df1260a73d7c","packet_flow/csv/live_pucch_grants.csv","packet_flow/csv/live_pucch_grants.csv","canonical_control_reference_signal_runtime_evidence","runtime_populated","UL",1,13,4,32,32,NaN,133,"persisted_runtime_pucch_grant_row","packet_flow/csv/live_pucch_grants.csv","runtime_grant_backed_mirror",1,"webgui_rel20_4ghz_100mhz_5gnb_50ue_10slot_20260417_170900","lls_3gpp_rel20_anchor_4ghz_100mhz_waveform_honest_5gnb_50ue_10slot","lls_3gpp_rel20_anchor_4ghz_100mhz_waveform_honest_5gnb_50ue_10slot","a1a414876cde1a5883e2a2ab610e6603ef434ebb5b0a934bfcb8df1260a73d7c","2756cfb",104729,NaN,NaN,NaN,NaN,NaN,NaN,NaN,NaN,NaN,NaN,"not_applicable","not_applicable","sixgr.truth.exportControlPlaneTraces","implemented","runtime_control_grant_rows","packet_flow/csv/live_pucch_grants.csv","not_applicable",0,1
"UL","DL",1,13,13,9,37,37,37,4,4,2,432,0,0,0,0,1,"harq_ack","pucchgrant:fbdir=DL:due=13:src=9:ue=37:rnti=37:harq=2:cell=4","runtime_harq_feedback_due_scheduler","scheduled_pending_execution",1,0,2,1,"uci_payload_size_demoted_to_short_format","pucch:cell=4:slot=13:rnti=37:reqfmt=2:resfmt=1:prb=57:1:sym=10:4",57,1,10,4,"runtime_deterministic_pucch_resource_assignment",1,12,"not_applicable","not_applicable","not_applicable",0,0,"full_per_link_channel_waveform_sum",0,"not_applicable","not_applicable",0,"not_applicable","not_applicable","not_applicable",0,0,0,"pending_feedback_due_slot",0,0,"harq_feedback_consumed_by_runtime_harq_and_scheduler","PENDING",0,"not_applicable","not_applicable","Explicit runtime PUCCH grant/resource object scheduled from HARQ feedback timing.","PUCCH","active_but_simplified","active_scheduled_pending_feedback_due_not_reached","harq_feedback_resource_grant_and_state_update_when_due","pending_feedback_due_slot",0,0,0,0,"runtime_pucch_grant_trace","explicit_pucch_grant_and_feedback_runtime_state","available_runtime_grant_state","canonical PUCCH grant/resource row; waveform decode fields become available only after the feedback due slot is processed",0,0,0,"feedback_due_slot_not_reached_in_this_bounded_run",1,"ac5aaa60-f202-419a-8426-02227c779291","webgui_rel20_4ghz_100mhz_5gnb_50ue_10slot_20260417_170900","lls_3gpp_rel20_anchor_4ghz_100mhz_waveform_honest_5gnb_50ue_10slot","a1a414876cde1a5883e2a2ab610e6603ef434ebb5b0a934bfcb8df1260a73d7c","packet_flow/csv/live_pucch_grants.csv","packet_flow/csv/live_pucch_grants.csv","canonical_control_reference_signal_runtime_evidence","runtime_populated","UL",1,13,4,37,37,NaN,134,"persisted_runtime_pucch_grant_row","packet_flow/csv/live_pucch_grants.csv","runtime_grant_backed_mirror",1,"webgui_rel20_4ghz_100mhz_5gnb_50ue_10slot_20260417_170900","lls_3gpp_rel20_anchor_4ghz_100mhz_waveform_honest_5gnb_50ue_10slot","lls_3gpp_rel20_anchor_4ghz_100mhz_waveform_honest_5gnb_50ue_10slot","a1a414876cde1a5883e2a2ab610e6603ef434ebb5b0a934bfcb8df1260a73d7c","2756cfb",104729,NaN,NaN,NaN,NaN,NaN,NaN,NaN,NaN,NaN,NaN,"not_applicable","not_applicable","sixgr.truth.exportControlPlaneTraces","implemented","runtime_control_grant_rows","packet_flow/csv/live_pucch_grants.csv","not_applicable",0,1
"UL","DL",1,13,13,9,44,44,44,4,4,2,432,0,0,0,0,1,"harq_ack","pucchgrant:fbdir=DL:due=13:src=9:ue=44:rnti=44:harq=2:cell=4","runtime_harq_feedback_due_scheduler","scheduled_pending_execution",1,0,2,1,"uci_payload_size_demoted_to_short_format","pucch:cell=4:slot=13:rnti=44:reqfmt=2:resfmt=1:prb=64:1:sym=10:4",64,1,10,4,"runtime_deterministic_pucch_resource_assignment",1,12,"not_applicable","not_applicable","not_applicable",0,0,"full_per_link_channel_waveform_sum",0,"not_applicable","not_applicable",0,"not_applicable","not_applicable","not_applicable",0,0,0,"pending_feedback_due_slot",0,0,"harq_feedback_consumed_by_runtime_harq_and_scheduler","PENDING",0,"not_applicable","not_applicable","Explicit runtime PUCCH grant/resource object scheduled from HARQ feedback timing.","PUCCH","active_but_simplified","active_scheduled_pending_feedback_due_not_reached","harq_feedback_resource_grant_and_state_update_when_due","pending_feedback_due_slot",0,0,0,0,"runtime_pucch_grant_trace","explicit_pucch_grant_and_feedback_runtime_state","available_runtime_grant_state","canonical PUCCH grant/resource row; waveform decode fields become available only after the feedback due slot is processed",0,0,0,"feedback_due_slot_not_reached_in_this_bounded_run",1,"ac5aaa60-f202-419a-8426-02227c779291","webgui_rel20_4ghz_100mhz_5gnb_50ue_10slot_20260417_170900","lls_3gpp_rel20_anchor_4ghz_100mhz_waveform_honest_5gnb_50ue_10slot","a1a414876cde1a5883e2a2ab610e6603ef434ebb5b0a934bfcb8df1260a73d7c","packet_flow/csv/live_pucch_grants.csv","packet_flow/csv/live_pucch_grants.csv","canonical_control_reference_signal_runtime_evidence","runtime_populated","UL",1,13,4,44,44,NaN,135,"persisted_runtime_pucch_grant_row","packet_flow/csv/live_pucch_grants.csv","runtime_grant_backed_mirror",1,"webgui_rel20_4ghz_100mhz_5gnb_50ue_10slot_20260417_170900","lls_3gpp_rel20_anchor_4ghz_100mhz_waveform_honest_5gnb_50ue_10slot","lls_3gpp_rel20_anchor_4ghz_100mhz_waveform_honest_5gnb_50ue_10slot","a1a414876cde1a5883e2a2ab610e6603ef434ebb5b0a934bfcb8df1260a73d7c","2756cfb",104729,NaN,NaN,NaN,NaN,NaN,NaN,NaN,NaN,NaN,NaN,"not_applicable","not_applicable","sixgr.truth.exportControlPlaneTraces","implemented","runtime_control_grant_rows","packet_flow/csv/live_pucch_grants.csv","not_applicable",0,1
"UL","DL",1,13,13,9,49,49,49,4,4,2,432,0,0,0,0,1,"harq_ack","pucchgrant:fbdir=DL:due=13:src=9:ue=49:rnti=49:harq=2:cell=4","runtime_harq_feedback_due_scheduler","scheduled_pending_execution",1,0,2,1,"uci_payload_size_demoted_to_short_format","pucch:cell=4:slot=13:rnti=49:reqfmt=2:resfmt=1:prb=69:1:sym=10:4",69,1,10,4,"runtime_deterministic_pucch_resource_assignment",1,12,"not_applicable","not_applicable","not_applicable",0,0,"full_per_link_channel_waveform_sum",0,"not_applicable","not_applicable",0,"not_applicable","not_applicable","not_applicable",0,0,0,"pending_feedback_due_slot",0,0,"harq_feedback_consumed_by_runtime_harq_and_scheduler","PENDING",0,"not_applicable","not_applicable","Explicit runtime PUCCH grant/resource object scheduled from HARQ feedback timing.","PUCCH","active_but_simplified","active_scheduled_pending_feedback_due_not_reached","harq_feedback_resource_grant_and_state_update_when_due","pending_feedback_due_slot",0,0,0,0,"runtime_pucch_grant_trace","explicit_pucch_grant_and_feedback_runtime_state","available_runtime_grant_state","canonical PUCCH grant/resource row; waveform decode fields become available only after the feedback due slot is processed",0,0,0,"feedback_due_slot_not_reached_in_this_bounded_run",1,"ac5aaa60-f202-419a-8426-02227c779291","webgui_rel20_4ghz_100mhz_5gnb_50ue_10slot_20260417_170900","lls_3gpp_rel20_anchor_4ghz_100mhz_waveform_honest_5gnb_50ue_10slot","a1a414876cde1a5883e2a2ab610e6603ef434ebb5b0a934bfcb8df1260a73d7c","packet_flow/csv/live_pucch_grants.csv","packet_flow/csv/live_pucch_grants.csv","canonical_control_reference_signal_runtime_evidence","runtime_populated","UL",1,13,4,49,49,NaN,136,"persisted_runtime_pucch_grant_row","packet_flow/csv/live_pucch_grants.csv","runtime_grant_backed_mirror",1,"webgui_rel20_4ghz_100mhz_5gnb_50ue_10slot_20260417_170900","lls_3gpp_rel20_anchor_4ghz_100mhz_waveform_honest_5gnb_50ue_10slot","lls_3gpp_rel20_anchor_4ghz_100mhz_waveform_honest_5gnb_50ue_10slot","a1a414876cde1a5883e2a2ab610e6603ef434ebb5b0a934bfcb8df1260a73d7c","2756cfb",104729,NaN,NaN,NaN,NaN,NaN,NaN,NaN,NaN,NaN,NaN,"not_applicable","not_applicable","sixgr.truth.exportControlPlaneTraces","implemented","runtime_control_grant_rows","packet_flow/csv/live_pucch_grants.csv","not_applicable",0,1
"UL","DL",1,13,13,9,30,30,30,5,5,2,6656,0,0,0,0,1,"harq_ack","pucchgrant:fbdir=DL:due=13:src=9:ue=30:rnti=30:harq=2:cell=5","runtime_harq_feedback_due_scheduler","scheduled_pending_execution",1,0,2,1,"uci_payload_size_demoted_to_short_format","pucch:cell=5:slot=13:rnti=30:reqfmt=2:resfmt=1:prb=57:1:sym=10:4",57,1,10,4,"runtime_deterministic_pucch_resource_assignment",1,12,"not_applicable","not_applicable","not_applicable",0,0,"full_per_link_channel_waveform_sum",0,"not_applicable","not_applicable",0,"not_applicable","not_applicable","not_applicable",0,0,0,"pending_feedback_due_slot",0,0,"harq_feedback_consumed_by_runtime_harq_and_scheduler","PENDING",0,"not_applicable","not_applicable","Explicit runtime PUCCH grant/resource object scheduled from HARQ feedback timing.","PUCCH","active_but_simplified","active_scheduled_pending_feedback_due_not_reached","harq_feedback_resource_grant_and_state_update_when_due","pending_feedback_due_slot",0,0,0,0,"runtime_pucch_grant_trace","explicit_pucch_grant_and_feedback_runtime_state","available_runtime_grant_state","canonical PUCCH grant/resource row; waveform decode fields become available only after the feedback due slot is processed",0,0,0,"feedback_due_slot_not_reached_in_this_bounded_run",1,"ac5aaa60-f202-419a-8426-02227c779291","webgui_rel20_4ghz_100mhz_5gnb_50ue_10slot_20260417_170900","lls_3gpp_rel20_anchor_4ghz_100mhz_waveform_honest_5gnb_50ue_10slot","a1a414876cde1a5883e2a2ab610e6603ef434ebb5b0a934bfcb8df1260a73d7c","packet_flow/csv/live_pucch_grants.csv","packet_flow/csv/live_pucch_grants.csv","canonical_control_reference_signal_runtime_evidence","runtime_populated","UL",1,13,5,30,30,NaN,137,"persisted_runtime_pucch_grant_row","packet_flow/csv/live_pucch_grants.csv","runtime_grant_backed_mirror",1,"webgui_rel20_4ghz_100mhz_5gnb_50ue_10slot_20260417_170900","lls_3gpp_rel20_anchor_4ghz_100mhz_waveform_honest_5gnb_50ue_10slot","lls_3gpp_rel20_anchor_4ghz_100mhz_waveform_honest_5gnb_50ue_10slot","a1a414876cde1a5883e2a2ab610e6603ef434ebb5b0a934bfcb8df1260a73d7c","2756cfb",104729,NaN,NaN,NaN,NaN,NaN,NaN,NaN,NaN,NaN,NaN,"not_applicable","not_applicable","sixgr.truth.exportControlPlaneTraces","implemented","runtime_control_grant_rows","packet_flow/csv/live_pucch_grants.csv","not_applicable",0,1
"UL","DL",1,13,13,9,39,39,39,5,5,2,6656,0,0,0,0,1,"harq_ack","pucchgrant:fbdir=DL:due=13:src=9:ue=39:rnti=39:harq=2:cell=5","runtime_harq_feedback_due_scheduler","scheduled_pending_execution",1,0,2,1,"uci_payload_size_demoted_to_short_format","pucch:cell=5:slot=13:rnti=39:reqfmt=2:resfmt=1:prb=66:1:sym=10:4",66,1,10,4,"runtime_deterministic_pucch_resource_assignment",1,12,"not_applicable","not_applicable","not_applicable",0,0,"full_per_link_channel_waveform_sum",0,"not_applicable","not_applicable",0,"not_applicable","not_applicable","not_applicable",0,0,0,"pending_feedback_due_slot",0,0,"harq_feedback_consumed_by_runtime_harq_and_scheduler","PENDING",0,"not_applicable","not_applicable","Explicit runtime PUCCH grant/resource object scheduled from HARQ feedback timing.","PUCCH","active_but_simplified","active_scheduled_pending_feedback_due_not_reached","harq_feedback_resource_grant_and_state_update_when_due","pending_feedback_due_slot",0,0,0,0,"runtime_pucch_grant_trace","explicit_pucch_grant_and_feedback_runtime_state","available_runtime_grant_state","canonical PUCCH grant/resource row; waveform decode fields become available only after the feedback due slot is processed",0,0,0,"feedback_due_slot_not_reached_in_this_bounded_run",1,"ac5aaa60-f202-419a-8426-02227c779291","webgui_rel20_4ghz_100mhz_5gnb_50ue_10slot_20260417_170900","lls_3gpp_rel20_anchor_4ghz_100mhz_waveform_honest_5gnb_50ue_10slot","a1a414876cde1a5883e2a2ab610e6603ef434ebb5b0a934bfcb8df1260a73d7c","packet_flow/csv/live_pucch_grants.csv","packet_flow/csv/live_pucch_grants.csv","canonical_control_reference_signal_runtime_evidence","runtime_populated","UL",1,13,5,39,39,NaN,138,"persisted_runtime_pucch_grant_row","packet_flow/csv/live_pucch_grants.csv","runtime_grant_backed_mirror",1,"webgui_rel20_4ghz_100mhz_5gnb_50ue_10slot_20260417_170900","lls_3gpp_rel20_anchor_4ghz_100mhz_waveform_honest_5gnb_50ue_10slot","lls_3gpp_rel20_anchor_4ghz_100mhz_waveform_honest_5gnb_50ue_10slot","a1a414876cde1a5883e2a2ab610e6603ef434ebb5b0a934bfcb8df1260a73d7c","2756cfb",104729,NaN,NaN,NaN,NaN,NaN,NaN,NaN,NaN,NaN,NaN,"not_applicable","not_applicable","sixgr.truth.exportControlPlaneTraces","implemented","runtime_control_grant_rows","packet_flow/csv/live_pucch_grants.csv","not_applicable",0,1
"UL","DL",1,13,13,9,7,7,7,5,5,2,4992,0,0,0,0,1,"harq_ack","pucchgrant:fbdir=DL:due=13:src=9:ue=7:rnti=7:harq=2:cell=5","runtime_harq_feedback_due_scheduler","scheduled_pending_execution",1,0,2,1,"uci_payload_size_demoted_to_short_format","pucch:cell=5:slot=13:rnti=7:reqfmt=2:resfmt=1:prb=34:1:sym=10:4",34,1,10,4,"runtime_deterministic_pucch_resource_assignment",1,12,"not_applicable","not_applicable","not_applicable",0,0,"full_per_link_channel_waveform_sum",0,"not_applicable","not_applicable",0,"not_applicable","not_applicable","not_applicable",0,0,0,"pending_feedback_due_slot",0,0,"harq_feedback_consumed_by_runtime_harq_and_scheduler","PENDING",0,"not_applicable","not_applicable","Explicit runtime PUCCH grant/resource object scheduled from HARQ feedback timing.","PUCCH","active_but_simplified","active_scheduled_pending_feedback_due_not_reached","harq_feedback_resource_grant_and_state_update_when_due","pending_feedback_due_slot",0,0,0,0,"runtime_pucch_grant_trace","explicit_pucch_grant_and_feedback_runtime_state","available_runtime_grant_state","canonical PUCCH grant/resource row; waveform decode fields become available only after the feedback due slot is processed",0,0,0,"feedback_due_slot_not_reached_in_this_bounded_run",1,"ac5aaa60-f202-419a-8426-02227c779291","webgui_rel20_4ghz_100mhz_5gnb_50ue_10slot_20260417_170900","lls_3gpp_rel20_anchor_4ghz_100mhz_waveform_honest_5gnb_50ue_10slot","a1a414876cde1a5883e2a2ab610e6603ef434ebb5b0a934bfcb8df1260a73d7c","packet_flow/csv/live_pucch_grants.csv","packet_flow/csv/live_pucch_grants.csv","canonical_control_reference_signal_runtime_evidence","runtime_populated","UL",1,13,5,7,7,NaN,139,"persisted_runtime_pucch_grant_row","packet_flow/csv/live_pucch_grants.csv","runtime_grant_backed_mirror",1,"webgui_rel20_4ghz_100mhz_5gnb_50ue_10slot_20260417_170900","lls_3gpp_rel20_anchor_4ghz_100mhz_waveform_honest_5gnb_50ue_10slot","lls_3gpp_rel20_anchor_4ghz_100mhz_waveform_honest_5gnb_50ue_10slot","a1a414876cde1a5883e2a2ab610e6603ef434ebb5b0a934bfcb8df1260a73d7c","2756cfb",104729,NaN,NaN,NaN,NaN,NaN,NaN,NaN,NaN,NaN,NaN,"not_applicable","not_applicable","sixgr.truth.exportControlPlaneTraces","implemented","runtime_control_grant_rows","packet_flow/csv/live_pucch_grants.csv","not_applicable",0,1
"UL","DL",1,13,13,9,46,46,46,5,5,2,1800,1,0,1,1,1,"harq_ack","pucchgrant:fbdir=DL:due=13:src=9:ue=46:rnti=46:harq=2:cell=5","runtime_harq_feedback_due_scheduler","scheduled_pending_execution",1,0,2,1,"uci_payload_size_demoted_to_short_format","pucch:cell=5:slot=13:rnti=46:reqfmt=2:resfmt=1:prb=73:1:sym=10:4",73,1,10,4,"runtime_deterministic_pucch_resource_assignment",1,12,"not_applicable","not_applicable","not_applicable",0,0,"full_per_link_channel_waveform_sum",0,"not_applicable","not_applicable",0,"not_applicable","not_applicable","not_applicable",0,0,0,"pending_feedback_due_slot",0,0,"harq_feedback_consumed_by_runtime_harq_and_scheduler","PENDING",0,"not_applicable","not_applicable","Explicit runtime PUCCH grant/resource object scheduled from HARQ feedback timing.","PUCCH","active_but_simplified","active_scheduled_pending_feedback_due_not_reached","harq_feedback_resource_grant_and_state_update_when_due","pending_feedback_due_slot",0,0,0,0,"runtime_pucch_grant_trace","explicit_pucch_grant_and_feedback_runtime_state","available_runtime_grant_state","canonical PUCCH grant/resource row; waveform decode fields become available only after the feedback due slot is processed",0,0,0,"feedback_due_slot_not_reached_in_this_bounded_run",1,"ac5aaa60-f202-419a-8426-02227c779291","webgui_rel20_4ghz_100mhz_5gnb_50ue_10slot_20260417_170900","lls_3gpp_rel20_anchor_4ghz_100mhz_waveform_honest_5gnb_50ue_10slot","a1a414876cde1a5883e2a2ab610e6603ef434ebb5b0a934bfcb8df1260a73d7c","packet_flow/csv/live_pucch_grants.csv","packet_flow/csv/live_pucch_grants.csv","canonical_control_reference_signal_runtime_evidence","runtime_populated","UL",1,13,5,46,46,NaN,140,"persisted_runtime_pucch_grant_row","packet_flow/csv/live_pucch_grants.csv","runtime_grant_backed_mirror",1,"webgui_rel20_4ghz_100mhz_5gnb_50ue_10slot_20260417_170900","lls_3gpp_rel20_anchor_4ghz_100mhz_waveform_honest_5gnb_50ue_10slot","lls_3gpp_rel20_anchor_4ghz_100mhz_waveform_honest_5gnb_50ue_10slot","a1a414876cde1a5883e2a2ab610e6603ef434ebb5b0a934bfcb8df1260a73d7c","2756cfb",104729,NaN,NaN,NaN,NaN,NaN,NaN,NaN,NaN,NaN,NaN,"not_applicable","not_applicable","sixgr.truth.exportControlPlaneTraces","implemented","runtime_control_grant_rows","packet_flow/csv/live_pucch_grants.csv","not_applicable",0,1
"UL","DL",1,13,13,9,27,27,27,5,5,2,768,1,0,1,1,1,"harq_ack","pucchgrant:fbdir=DL:due=13:src=9:ue=27:rnti=27:harq=2:cell=5","runtime_harq_feedback_due_scheduler","scheduled_pending_execution",1,0,2,1,"uci_payload_size_demoted_to_short_format","pucch:cell=5:slot=13:rnti=27:reqfmt=2:resfmt=1:prb=54:1:sym=10:4",54,1,10,4,"runtime_deterministic_pucch_resource_assignment",1,12,"not_applicable","not_applicable","not_applicable",0,0,"full_per_link_channel_waveform_sum",0,"not_applicable","not_applicable",0,"not_applicable","not_applicable","not_applicable",0,0,0,"pending_feedback_due_slot",0,0,"harq_feedback_consumed_by_runtime_harq_and_scheduler","PENDING",0,"not_applicable","not_applicable","Explicit runtime PUCCH grant/resource object scheduled from HARQ feedback timing.","PUCCH","active_but_simplified","active_scheduled_pending_feedback_due_not_reached","harq_feedback_resource_grant_and_state_update_when_due","pending_feedback_due_slot",0,0,0,0,"runtime_pucch_grant_trace","explicit_pucch_grant_and_feedback_runtime_state","available_runtime_grant_state","canonical PUCCH grant/resource row; waveform decode fields become available only after the feedback due slot is processed",0,0,0,"feedback_due_slot_not_reached_in_this_bounded_run",1,"ac5aaa60-f202-419a-8426-02227c779291","webgui_rel20_4ghz_100mhz_5gnb_50ue_10slot_20260417_170900","lls_3gpp_rel20_anchor_4ghz_100mhz_waveform_honest_5gnb_50ue_10slot","a1a414876cde1a5883e2a2ab610e6603ef434ebb5b0a934bfcb8df1260a73d7c","packet_flow/csv/live_pucch_grants.csv","packet_flow/csv/live_pucch_grants.csv","canonical_control_reference_signal_runtime_evidence","runtime_populated","UL",1,13,5,27,27,NaN,141,"persisted_runtime_pucch_grant_row","packet_flow/csv/live_pucch_grants.csv","runtime_grant_backed_mirror",1,"webgui_rel20_4ghz_100mhz_5gnb_50ue_10slot_20260417_170900","lls_3gpp_rel20_anchor_4ghz_100mhz_waveform_honest_5gnb_50ue_10slot","lls_3gpp_rel20_anchor_4ghz_100mhz_waveform_honest_5gnb_50ue_10slot","a1a414876cde1a5883e2a2ab610e6603ef434ebb5b0a934bfcb8df1260a73d7c","2756cfb",104729,NaN,NaN,NaN,NaN,NaN,NaN,NaN,NaN,NaN,NaN,"not_applicable","not_applicable","sixgr.truth.exportControlPlaneTraces","implemented","runtime_control_grant_rows","packet_flow/csv/live_pucch_grants.csv","not_applicable",0,1
"UL","DL",1,13,13,9,11,11,11,5,5,2,384,0,0,0,0,1,"harq_ack","pucchgrant:fbdir=DL:due=13:src=9:ue=11:rnti=11:harq=2:cell=5","runtime_harq_feedback_due_scheduler","scheduled_pending_execution",1,0,2,1,"uci_payload_size_demoted_to_short_format","pucch:cell=5:slot=13:rnti=11:reqfmt=2:resfmt=1:prb=38:1:sym=10:4",38,1,10,4,"runtime_deterministic_pucch_resource_assignment",1,12,"not_applicable","not_applicable","not_applicable",0,0,"full_per_link_channel_waveform_sum",0,"not_applicable","not_applicable",0,"not_applicable","not_applicable","not_applicable",0,0,0,"pending_feedback_due_slot",0,0,"harq_feedback_consumed_by_runtime_harq_and_scheduler","PENDING",0,"not_applicable","not_applicable","Explicit runtime PUCCH grant/resource object scheduled from HARQ feedback timing.","PUCCH","active_but_simplified","active_scheduled_pending_feedback_due_not_reached","harq_feedback_resource_grant_and_state_update_when_due","pending_feedback_due_slot",0,0,0,0,"runtime_pucch_grant_trace","explicit_pucch_grant_and_feedback_runtime_state","available_runtime_grant_state","canonical PUCCH grant/resource row; waveform decode fields become available only after the feedback due slot is processed",0,0,0,"feedback_due_slot_not_reached_in_this_bounded_run",1,"ac5aaa60-f202-419a-8426-02227c779291","webgui_rel20_4ghz_100mhz_5gnb_50ue_10slot_20260417_170900","lls_3gpp_rel20_anchor_4ghz_100mhz_waveform_honest_5gnb_50ue_10slot","a1a414876cde1a5883e2a2ab610e6603ef434ebb5b0a934bfcb8df1260a73d7c","packet_flow/csv/live_pucch_grants.csv","packet_flow/csv/live_pucch_grants.csv","canonical_control_reference_signal_runtime_evidence","runtime_populated","UL",1,13,5,11,11,NaN,142,"persisted_runtime_pucch_grant_row","packet_flow/csv/live_pucch_grants.csv","runtime_grant_backed_mirror",1,"webgui_rel20_4ghz_100mhz_5gnb_50ue_10slot_20260417_170900","lls_3gpp_rel20_anchor_4ghz_100mhz_waveform_honest_5gnb_50ue_10slot","lls_3gpp_rel20_anchor_4ghz_100mhz_waveform_honest_5gnb_50ue_10slot","a1a414876cde1a5883e2a2ab610e6603ef434ebb5b0a934bfcb8df1260a73d7c","2756cfb",104729,NaN,NaN,NaN,NaN,NaN,NaN,NaN,NaN,NaN,NaN,"not_applicable","not_applicable","sixgr.truth.exportControlPlaneTraces","implemented","runtime_control_grant_rows","packet_flow/csv/live_pucch_grants.csv","not_applicable",0,1
"UL","DL",1,13,13,9,1,1,1,5,5,2,304,1,0,1,1,1,"harq_ack","pucchgrant:fbdir=DL:due=13:src=9:ue=1:rnti=1:harq=2:cell=5","runtime_harq_feedback_due_scheduler","scheduled_pending_execution",1,0,2,1,"uci_payload_size_demoted_to_short_format","pucch:cell=5:slot=13:rnti=1:reqfmt=2:resfmt=1:prb=28:1:sym=10:4",28,1,10,4,"runtime_deterministic_pucch_resource_assignment",1,12,"not_applicable","not_applicable","not_applicable",0,0,"full_per_link_channel_waveform_sum",0,"not_applicable","not_applicable",0,"not_applicable","not_applicable","not_applicable",0,0,0,"pending_feedback_due_slot",0,0,"harq_feedback_consumed_by_runtime_harq_and_scheduler","PENDING",0,"not_applicable","not_applicable","Explicit runtime PUCCH grant/resource object scheduled from HARQ feedback timing.","PUCCH","active_but_simplified","active_scheduled_pending_feedback_due_not_reached","harq_feedback_resource_grant_and_state_update_when_due","pending_feedback_due_slot",0,0,0,0,"runtime_pucch_grant_trace","explicit_pucch_grant_and_feedback_runtime_state","available_runtime_grant_state","canonical PUCCH grant/resource row; waveform decode fields become available only after the feedback due slot is processed",0,0,0,"feedback_due_slot_not_reached_in_this_bounded_run",1,"ac5aaa60-f202-419a-8426-02227c779291","webgui_rel20_4ghz_100mhz_5gnb_50ue_10slot_20260417_170900","lls_3gpp_rel20_anchor_4ghz_100mhz_waveform_honest_5gnb_50ue_10slot","a1a414876cde1a5883e2a2ab610e6603ef434ebb5b0a934bfcb8df1260a73d7c","packet_flow/csv/live_pucch_grants.csv","packet_flow/csv/live_pucch_grants.csv","canonical_control_reference_signal_runtime_evidence","runtime_populated","UL",1,13,5,1,1,NaN,143,"persisted_runtime_pucch_grant_row","packet_flow/csv/live_pucch_grants.csv","runtime_grant_backed_mirror",1,"webgui_rel20_4ghz_100mhz_5gnb_50ue_10slot_20260417_170900","lls_3gpp_rel20_anchor_4ghz_100mhz_waveform_honest_5gnb_50ue_10slot","lls_3gpp_rel20_anchor_4ghz_100mhz_waveform_honest_5gnb_50ue_10slot","a1a414876cde1a5883e2a2ab610e6603ef434ebb5b0a934bfcb8df1260a73d7c","2756cfb",104729,NaN,NaN,NaN,NaN,NaN,NaN,NaN,NaN,NaN,NaN,"not_applicable","not_applicable","sixgr.truth.exportControlPlaneTraces","implemented","runtime_control_grant_rows","packet_flow/csv/live_pucch_grants.csv","not_applicable",0,1
"UL","DL",1,13,13,9,17,17,17,5,5,2,304,0,0,0,0,1,"harq_ack","pucchgrant:fbdir=DL:due=13:src=9:ue=17:rnti=17:harq=2:cell=5","runtime_harq_feedback_due_scheduler","scheduled_pending_execution",1,0,2,1,"uci_payload_size_demoted_to_short_format","pucch:cell=5:slot=13:rnti=17:reqfmt=2:resfmt=1:prb=44:1:sym=10:4",44,1,10,4,"runtime_deterministic_pucch_resource_assignment",1,12,"not_applicable","not_applicable","not_applicable",0,0,"full_per_link_channel_waveform_sum",0,"not_applicable","not_applicable",0,"not_applicable","not_applicable","not_applicable",0,0,0,"pending_feedback_due_slot",0,0,"harq_feedback_consumed_by_runtime_harq_and_scheduler","PENDING",0,"not_applicable","not_applicable","Explicit runtime PUCCH grant/resource object scheduled from HARQ feedback timing.","PUCCH","active_but_simplified","active_scheduled_pending_feedback_due_not_reached","harq_feedback_resource_grant_and_state_update_when_due","pending_feedback_due_slot",0,0,0,0,"runtime_pucch_grant_trace","explicit_pucch_grant_and_feedback_runtime_state","available_runtime_grant_state","canonical PUCCH grant/resource row; waveform decode fields become available only after the feedback due slot is processed",0,0,0,"feedback_due_slot_not_reached_in_this_bounded_run",1,"ac5aaa60-f202-419a-8426-02227c779291","webgui_rel20_4ghz_100mhz_5gnb_50ue_10slot_20260417_170900","lls_3gpp_rel20_anchor_4ghz_100mhz_waveform_honest_5gnb_50ue_10slot","a1a414876cde1a5883e2a2ab610e6603ef434ebb5b0a934bfcb8df1260a73d7c","packet_flow/csv/live_pucch_grants.csv","packet_flow/csv/live_pucch_grants.csv","canonical_control_reference_signal_runtime_evidence","runtime_populated","UL",1,13,5,17,17,NaN,144,"persisted_runtime_pucch_grant_row","packet_flow/csv/live_pucch_grants.csv","runtime_grant_backed_mirror",1,"webgui_rel20_4ghz_100mhz_5gnb_50ue_10slot_20260417_170900","lls_3gpp_rel20_anchor_4ghz_100mhz_waveform_honest_5gnb_50ue_10slot","lls_3gpp_rel20_anchor_4ghz_100mhz_waveform_honest_5gnb_50ue_10slot","a1a414876cde1a5883e2a2ab610e6603ef434ebb5b0a934bfcb8df1260a73d7c","2756cfb",104729,NaN,NaN,NaN,NaN,NaN,NaN,NaN,NaN,NaN,NaN,"not_applicable","not_applicable","sixgr.truth.exportControlPlaneTraces","implemented","runtime_control_grant_rows","packet_flow/csv/live_pucch_grants.csv","not_applicable",0,1
"UL","DL",1,13,13,9,21,21,21,5,5,2,304,1,0,1,1,1,"harq_ack","pucchgrant:fbdir=DL:due=13:src=9:ue=21:rnti=21:harq=2:cell=5","runtime_harq_feedback_due_scheduler","scheduled_pending_execution",1,0,2,1,"uci_payload_size_demoted_to_short_format","pucch:cell=5:slot=13:rnti=21:reqfmt=2:resfmt=1:prb=48:1:sym=10:4",48,1,10,4,"runtime_deterministic_pucch_resource_assignment",1,12,"not_applicable","not_applicable","not_applicable",0,0,"full_per_link_channel_waveform_sum",0,"not_applicable","not_applicable",0,"not_applicable","not_applicable","not_applicable",0,0,0,"pending_feedback_due_slot",0,0,"harq_feedback_consumed_by_runtime_harq_and_scheduler","PENDING",0,"not_applicable","not_applicable","Explicit runtime PUCCH grant/resource object scheduled from HARQ feedback timing.","PUCCH","active_but_simplified","active_scheduled_pending_feedback_due_not_reached","harq_feedback_resource_grant_and_state_update_when_due","pending_feedback_due_slot",0,0,0,0,"runtime_pucch_grant_trace","explicit_pucch_grant_and_feedback_runtime_state","available_runtime_grant_state","canonical PUCCH grant/resource row; waveform decode fields become available only after the feedback due slot is processed",0,0,0,"feedback_due_slot_not_reached_in_this_bounded_run",1,"ac5aaa60-f202-419a-8426-02227c779291","webgui_rel20_4ghz_100mhz_5gnb_50ue_10slot_20260417_170900","lls_3gpp_rel20_anchor_4ghz_100mhz_waveform_honest_5gnb_50ue_10slot","a1a414876cde1a5883e2a2ab610e6603ef434ebb5b0a934bfcb8df1260a73d7c","packet_flow/csv/live_pucch_grants.csv","packet_flow/csv/live_pucch_grants.csv","canonical_control_reference_signal_runtime_evidence","runtime_populated","UL",1,13,5,21,21,NaN,145,"persisted_runtime_pucch_grant_row","packet_flow/csv/live_pucch_grants.csv","runtime_grant_backed_mirror",1,"webgui_rel20_4ghz_100mhz_5gnb_50ue_10slot_20260417_170900","lls_3gpp_rel20_anchor_4ghz_100mhz_waveform_honest_5gnb_50ue_10slot","lls_3gpp_rel20_anchor_4ghz_100mhz_waveform_honest_5gnb_50ue_10slot","a1a414876cde1a5883e2a2ab610e6603ef434ebb5b0a934bfcb8df1260a73d7c","2756cfb",104729,NaN,NaN,NaN,NaN,NaN,NaN,NaN,NaN,NaN,NaN,"not_applicable","not_applicable","sixgr.truth.exportControlPlaneTraces","implemented","runtime_control_grant_rows","packet_flow/csv/live_pucch_grants.csv","not_applicable",0,1
"UL","DL",1,13,13,9,25,25,25,5,5,2,304,0,0,0,0,1,"harq_ack","pucchgrant:fbdir=DL:due=13:src=9:ue=25:rnti=25:harq=2:cell=5","runtime_harq_feedback_due_scheduler","scheduled_pending_execution",1,0,2,1,"uci_payload_size_demoted_to_short_format","pucch:cell=5:slot=13:rnti=25:reqfmt=2:resfmt=1:prb=52:1:sym=10:4",52,1,10,4,"runtime_deterministic_pucch_resource_assignment",1,12,"not_applicable","not_applicable","not_applicable",0,0,"full_per_link_channel_waveform_sum",0,"not_applicable","not_applicable",0,"not_applicable","not_applicable","not_applicable",0,0,0,"pending_feedback_due_slot",0,0,"harq_feedback_consumed_by_runtime_harq_and_scheduler","PENDING",0,"not_applicable","not_applicable","Explicit runtime PUCCH grant/resource object scheduled from HARQ feedback timing.","PUCCH","active_but_simplified","active_scheduled_pending_feedback_due_not_reached","harq_feedback_resource_grant_and_state_update_when_due","pending_feedback_due_slot",0,0,0,0,"runtime_pucch_grant_trace","explicit_pucch_grant_and_feedback_runtime_state","available_runtime_grant_state","canonical PUCCH grant/resource row; waveform decode fields become available only after the feedback due slot is processed",0,0,0,"feedback_due_slot_not_reached_in_this_bounded_run",1,"ac5aaa60-f202-419a-8426-02227c779291","webgui_rel20_4ghz_100mhz_5gnb_50ue_10slot_20260417_170900","lls_3gpp_rel20_anchor_4ghz_100mhz_waveform_honest_5gnb_50ue_10slot","a1a414876cde1a5883e2a2ab610e6603ef434ebb5b0a934bfcb8df1260a73d7c","packet_flow/csv/live_pucch_grants.csv","packet_flow/csv/live_pucch_grants.csv","canonical_control_reference_signal_runtime_evidence","runtime_populated","UL",1,13,5,25,25,NaN,146,"persisted_runtime_pucch_grant_row","packet_flow/csv/live_pucch_grants.csv","runtime_grant_backed_mirror",1,"webgui_rel20_4ghz_100mhz_5gnb_50ue_10slot_20260417_170900","lls_3gpp_rel20_anchor_4ghz_100mhz_waveform_honest_5gnb_50ue_10slot","lls_3gpp_rel20_anchor_4ghz_100mhz_waveform_honest_5gnb_50ue_10slot","a1a414876cde1a5883e2a2ab610e6603ef434ebb5b0a934bfcb8df1260a73d7c","2756cfb",104729,NaN,NaN,NaN,NaN,NaN,NaN,NaN,NaN,NaN,NaN,"not_applicable","not_applicable","sixgr.truth.exportControlPlaneTraces","implemented","runtime_control_grant_rows","packet_flow/csv/live_pucch_grants.csv","not_applicable",0,1
"UL","DL",1,13,13,9,28,28,28,5,5,2,304,1,0,1,1,1,"harq_ack","pucchgrant:fbdir=DL:due=13:src=9:ue=28:rnti=28:harq=2:cell=5","runtime_harq_feedback_due_scheduler","scheduled_pending_execution",1,0,2,1,"uci_payload_size_demoted_to_short_format","pucch:cell=5:slot=13:rnti=28:reqfmt=2:resfmt=1:prb=55:1:sym=10:4",55,1,10,4,"runtime_deterministic_pucch_resource_assignment",1,12,"not_applicable","not_applicable","not_applicable",0,0,"full_per_link_channel_waveform_sum",0,"not_applicable","not_applicable",0,"not_applicable","not_applicable","not_applicable",0,0,0,"pending_feedback_due_slot",0,0,"harq_feedback_consumed_by_runtime_harq_and_scheduler","PENDING",0,"not_applicable","not_applicable","Explicit runtime PUCCH grant/resource object scheduled from HARQ feedback timing.","PUCCH","active_but_simplified","active_scheduled_pending_feedback_due_not_reached","harq_feedback_resource_grant_and_state_update_when_due","pending_feedback_due_slot",0,0,0,0,"runtime_pucch_grant_trace","explicit_pucch_grant_and_feedback_runtime_state","available_runtime_grant_state","canonical PUCCH grant/resource row; waveform decode fields become available only after the feedback due slot is processed",0,0,0,"feedback_due_slot_not_reached_in_this_bounded_run",1,"ac5aaa60-f202-419a-8426-02227c779291","webgui_rel20_4ghz_100mhz_5gnb_50ue_10slot_20260417_170900","lls_3gpp_rel20_anchor_4ghz_100mhz_waveform_honest_5gnb_50ue_10slot","a1a414876cde1a5883e2a2ab610e6603ef434ebb5b0a934bfcb8df1260a73d7c","packet_flow/csv/live_pucch_grants.csv","packet_flow/csv/live_pucch_grants.csv","canonical_control_reference_signal_runtime_evidence","runtime_populated","UL",1,13,5,28,28,NaN,147,"persisted_runtime_pucch_grant_row","packet_flow/csv/live_pucch_grants.csv","runtime_grant_backed_mirror",1,"webgui_rel20_4ghz_100mhz_5gnb_50ue_10slot_20260417_170900","lls_3gpp_rel20_anchor_4ghz_100mhz_waveform_honest_5gnb_50ue_10slot","lls_3gpp_rel20_anchor_4ghz_100mhz_waveform_honest_5gnb_50ue_10slot","a1a414876cde1a5883e2a2ab610e6603ef434ebb5b0a934bfcb8df1260a73d7c","2756cfb",104729,NaN,NaN,NaN,NaN,NaN,NaN,NaN,NaN,NaN,NaN,"not_applicable","not_applicable","sixgr.truth.exportControlPlaneTraces","implemented","runtime_control_grant_rows","packet_flow/csv/live_pucch_grants.csv","not_applicable",0,1
"UL","DL",1,13,13,9,31,31,31,5,5,2,144,1,0,1,1,1,"harq_ack","pucchgrant:fbdir=DL:due=13:src=9:ue=31:rnti=31:harq=2:cell=5","runtime_harq_feedback_due_scheduler","scheduled_pending_execution",1,0,2,1,"uci_payload_size_demoted_to_short_format","pucch:cell=5:slot=13:rnti=31:reqfmt=2:resfmt=1:prb=58:1:sym=10:4",58,1,10,4,"runtime_deterministic_pucch_resource_assignment",1,12,"not_applicable","not_applicable","not_applicable",0,0,"full_per_link_channel_waveform_sum",0,"not_applicable","not_applicable",0,"not_applicable","not_applicable","not_applicable",0,0,0,"pending_feedback_due_slot",0,0,"harq_feedback_consumed_by_runtime_harq_and_scheduler","PENDING",0,"not_applicable","not_applicable","Explicit runtime PUCCH grant/resource object scheduled from HARQ feedback timing.","PUCCH","active_but_simplified","active_scheduled_pending_feedback_due_not_reached","harq_feedback_resource_grant_and_state_update_when_due","pending_feedback_due_slot",0,0,0,0,"runtime_pucch_grant_trace","explicit_pucch_grant_and_feedback_runtime_state","available_runtime_grant_state","canonical PUCCH grant/resource row; waveform decode fields become available only after the feedback due slot is processed",0,0,0,"feedback_due_slot_not_reached_in_this_bounded_run",1,"ac5aaa60-f202-419a-8426-02227c779291","webgui_rel20_4ghz_100mhz_5gnb_50ue_10slot_20260417_170900","lls_3gpp_rel20_anchor_4ghz_100mhz_waveform_honest_5gnb_50ue_10slot","a1a414876cde1a5883e2a2ab610e6603ef434ebb5b0a934bfcb8df1260a73d7c","packet_flow/csv/live_pucch_grants.csv","packet_flow/csv/live_pucch_grants.csv","canonical_control_reference_signal_runtime_evidence","runtime_populated","UL",1,13,5,31,31,NaN,148,"persisted_runtime_pucch_grant_row","packet_flow/csv/live_pucch_grants.csv","runtime_grant_backed_mirror",1,"webgui_rel20_4ghz_100mhz_5gnb_50ue_10slot_20260417_170900","lls_3gpp_rel20_anchor_4ghz_100mhz_waveform_honest_5gnb_50ue_10slot","lls_3gpp_rel20_anchor_4ghz_100mhz_waveform_honest_5gnb_50ue_10slot","a1a414876cde1a5883e2a2ab610e6603ef434ebb5b0a934bfcb8df1260a73d7c","2756cfb",104729,NaN,NaN,NaN,NaN,NaN,NaN,NaN,NaN,NaN,NaN,"not_applicable","not_applicable","sixgr.truth.exportControlPlaneTraces","implemented","runtime_control_grant_rows","packet_flow/csv/live_pucch_grants.csv","not_applicable",0,1
"UL","DL",1,13,13,9,36,36,36,5,5,2,304,1,0,1,1,1,"harq_ack","pucchgrant:fbdir=DL:due=13:src=9:ue=36:rnti=36:harq=2:cell=5","runtime_harq_feedback_due_scheduler","scheduled_pending_execution",1,0,2,1,"uci_payload_size_demoted_to_short_format","pucch:cell=5:slot=13:rnti=36:reqfmt=2:resfmt=1:prb=63:1:sym=10:4",63,1,10,4,"runtime_deterministic_pucch_resource_assignment",1,12,"not_applicable","not_applicable","not_applicable",0,0,"full_per_link_channel_waveform_sum",0,"not_applicable","not_applicable",0,"not_applicable","not_applicable","not_applicable",0,0,0,"pending_feedback_due_slot",0,0,"harq_feedback_consumed_by_runtime_harq_and_scheduler","PENDING",0,"not_applicable","not_applicable","Explicit runtime PUCCH grant/resource object scheduled from HARQ feedback timing.","PUCCH","active_but_simplified","active_scheduled_pending_feedback_due_not_reached","harq_feedback_resource_grant_and_state_update_when_due","pending_feedback_due_slot",0,0,0,0,"runtime_pucch_grant_trace","explicit_pucch_grant_and_feedback_runtime_state","available_runtime_grant_state","canonical PUCCH grant/resource row; waveform decode fields become available only after the feedback due slot is processed",0,0,0,"feedback_due_slot_not_reached_in_this_bounded_run",1,"ac5aaa60-f202-419a-8426-02227c779291","webgui_rel20_4ghz_100mhz_5gnb_50ue_10slot_20260417_170900","lls_3gpp_rel20_anchor_4ghz_100mhz_waveform_honest_5gnb_50ue_10slot","a1a414876cde1a5883e2a2ab610e6603ef434ebb5b0a934bfcb8df1260a73d7c","packet_flow/csv/live_pucch_grants.csv","packet_flow/csv/live_pucch_grants.csv","canonical_control_reference_signal_runtime_evidence","runtime_populated","UL",1,13,5,36,36,NaN,149,"persisted_runtime_pucch_grant_row","packet_flow/csv/live_pucch_grants.csv","runtime_grant_backed_mirror",1,"webgui_rel20_4ghz_100mhz_5gnb_50ue_10slot_20260417_170900","lls_3gpp_rel20_anchor_4ghz_100mhz_waveform_honest_5gnb_50ue_10slot","lls_3gpp_rel20_anchor_4ghz_100mhz_waveform_honest_5gnb_50ue_10slot","a1a414876cde1a5883e2a2ab610e6603ef434ebb5b0a934bfcb8df1260a73d7c","2756cfb",104729,NaN,NaN,NaN,NaN,NaN,NaN,NaN,NaN,NaN,NaN,"not_applicable","not_applicable","sixgr.truth.exportControlPlaneTraces","implemented","runtime_control_grant_rows","packet_flow/csv/live_pucch_grants.csv","not_applicable",0,1
"UL","DL",1,13,13,9,48,48,48,5,5,2,304,0,0,0,0,1,"harq_ack","pucchgrant:fbdir=DL:due=13:src=9:ue=48:rnti=48:harq=2:cell=5","runtime_harq_feedback_due_scheduler","scheduled_pending_execution",1,0,2,1,"uci_payload_size_demoted_to_short_format","pucch:cell=5:slot=13:rnti=48:reqfmt=2:resfmt=1:prb=75:1:sym=10:4",75,1,10,4,"runtime_deterministic_pucch_resource_assignment",1,12,"not_applicable","not_applicable","not_applicable",0,0,"full_per_link_channel_waveform_sum",0,"not_applicable","not_applicable",0,"not_applicable","not_applicable","not_applicable",0,0,0,"pending_feedback_due_slot",0,0,"harq_feedback_consumed_by_runtime_harq_and_scheduler","PENDING",0,"not_applicable","not_applicable","Explicit runtime PUCCH grant/resource object scheduled from HARQ feedback timing.","PUCCH","active_but_simplified","active_scheduled_pending_feedback_due_not_reached","harq_feedback_resource_grant_and_state_update_when_due","pending_feedback_due_slot",0,0,0,0,"runtime_pucch_grant_trace","explicit_pucch_grant_and_feedback_runtime_state","available_runtime_grant_state","canonical PUCCH grant/resource row; waveform decode fields become available only after the feedback due slot is processed",0,0,0,"feedback_due_slot_not_reached_in_this_bounded_run",1,"ac5aaa60-f202-419a-8426-02227c779291","webgui_rel20_4ghz_100mhz_5gnb_50ue_10slot_20260417_170900","lls_3gpp_rel20_anchor_4ghz_100mhz_waveform_honest_5gnb_50ue_10slot","a1a414876cde1a5883e2a2ab610e6603ef434ebb5b0a934bfcb8df1260a73d7c","packet_flow/csv/live_pucch_grants.csv","packet_flow/csv/live_pucch_grants.csv","canonical_control_reference_signal_runtime_evidence","runtime_populated","UL",1,13,5,48,48,NaN,150,"persisted_runtime_pucch_grant_row","packet_flow/csv/live_pucch_grants.csv","runtime_grant_backed_mirror",1,"webgui_rel20_4ghz_100mhz_5gnb_50ue_10slot_20260417_170900","lls_3gpp_rel20_anchor_4ghz_100mhz_waveform_honest_5gnb_50ue_10slot","lls_3gpp_rel20_anchor_4ghz_100mhz_waveform_honest_5gnb_50ue_10slot","a1a414876cde1a5883e2a2ab610e6603ef434ebb5b0a934bfcb8df1260a73d7c","2756cfb",104729,NaN,NaN,NaN,NaN,NaN,NaN,NaN,NaN,NaN,NaN,"not_applicable","not_applicable","sixgr.truth.exportControlPlaneTraces","implemented","runtime_control_grant_rows","packet_flow/csv/live_pucch_grants.csv","not_applicable",0,1
"UL","UL",1,13,13,9,3,3,3,1,1,0,1480,1,0,1,1,1,"harq_ack","pucchgrant:fbdir=UL:due=13:src=9:ue=3:rnti=3:harq=0:cell=1","runtime_harq_feedback_due_scheduler","scheduled_pending_execution",1,0,2,1,"uci_payload_size_demoted_to_short_format","pucch:cell=1:slot=13:rnti=3:reqfmt=2:resfmt=1:prb=2:1:sym=10:4",2,1,10,4,"runtime_deterministic_pucch_resource_assignment",1,12,"not_applicable","not_applicable","not_applicable",0,0,"full_per_link_channel_waveform_sum",0,"not_applicable","not_applicable",0,"not_applicable","not_applicable","not_applicable",0,0,0,"pending_feedback_due_slot",0,0,"harq_feedback_consumed_by_runtime_harq_and_scheduler","PENDING",0,"not_applicable","not_applicable","Explicit runtime PUCCH grant/resource object scheduled from HARQ feedback timing.","PUCCH","active_but_simplified","active_scheduled_pending_feedback_due_not_reached","harq_feedback_resource_grant_and_state_update_when_due","pending_feedback_due_slot",0,0,0,0,"runtime_pucch_grant_trace","explicit_pucch_grant_and_feedback_runtime_state","available_runtime_grant_state","canonical PUCCH grant/resource row; waveform decode fields become available only after the feedback due slot is processed",0,0,0,"feedback_due_slot_not_reached_in_this_bounded_run",1,"ac5aaa60-f202-419a-8426-02227c779291","webgui_rel20_4ghz_100mhz_5gnb_50ue_10slot_20260417_170900","lls_3gpp_rel20_anchor_4ghz_100mhz_waveform_honest_5gnb_50ue_10slot","a1a414876cde1a5883e2a2ab610e6603ef434ebb5b0a934bfcb8df1260a73d7c","packet_flow/csv/live_pucch_grants.csv","packet_flow/csv/live_pucch_grants.csv","canonical_control_reference_signal_runtime_evidence","runtime_populated","UL",1,13,1,3,3,NaN,151,"persisted_runtime_pucch_grant_row","packet_flow/csv/live_pucch_grants.csv","runtime_grant_backed_mirror",1,"webgui_rel20_4ghz_100mhz_5gnb_50ue_10slot_20260417_170900","lls_3gpp_rel20_anchor_4ghz_100mhz_waveform_honest_5gnb_50ue_10slot","lls_3gpp_rel20_anchor_4ghz_100mhz_waveform_honest_5gnb_50ue_10slot","a1a414876cde1a5883e2a2ab610e6603ef434ebb5b0a934bfcb8df1260a73d7c","2756cfb",104729,NaN,NaN,NaN,NaN,NaN,NaN,NaN,NaN,NaN,NaN,"not_applicable","not_applicable","sixgr.truth.exportControlPlaneTraces","implemented","runtime_control_grant_rows","packet_flow/csv/live_pucch_grants.csv","not_applicable",0,1
"UL","UL",1,13,13,9,5,5,5,1,1,0,1480,1,0,1,1,1,"harq_ack","pucchgrant:fbdir=UL:due=13:src=9:ue=5:rnti=5:harq=0:cell=1","runtime_harq_feedback_due_scheduler","scheduled_pending_execution",1,0,2,1,"uci_payload_size_demoted_to_short_format","pucch:cell=1:slot=13:rnti=5:reqfmt=2:resfmt=1:prb=4:1:sym=10:4",4,1,10,4,"runtime_deterministic_pucch_resource_assignment",1,12,"not_applicable","not_applicable","not_applicable",0,0,"full_per_link_channel_waveform_sum",0,"not_applicable","not_applicable",0,"not_applicable","not_applicable","not_applicable",0,0,0,"pending_feedback_due_slot",0,0,"harq_feedback_consumed_by_runtime_harq_and_scheduler","PENDING",0,"not_applicable","not_applicable","Explicit runtime PUCCH grant/resource object scheduled from HARQ feedback timing.","PUCCH","active_but_simplified","active_scheduled_pending_feedback_due_not_reached","harq_feedback_resource_grant_and_state_update_when_due","pending_feedback_due_slot",0,0,0,0,"runtime_pucch_grant_trace","explicit_pucch_grant_and_feedback_runtime_state","available_runtime_grant_state","canonical PUCCH grant/resource row; waveform decode fields become available only after the feedback due slot is processed",0,0,0,"feedback_due_slot_not_reached_in_this_bounded_run",1,"ac5aaa60-f202-419a-8426-02227c779291","webgui_rel20_4ghz_100mhz_5gnb_50ue_10slot_20260417_170900","lls_3gpp_rel20_anchor_4ghz_100mhz_waveform_honest_5gnb_50ue_10slot","a1a414876cde1a5883e2a2ab610e6603ef434ebb5b0a934bfcb8df1260a73d7c","packet_flow/csv/live_pucch_grants.csv","packet_flow/csv/live_pucch_grants.csv","canonical_control_reference_signal_runtime_evidence","runtime_populated","UL",1,13,1,5,5,NaN,152,"persisted_runtime_pucch_grant_row","packet_flow/csv/live_pucch_grants.csv","runtime_grant_backed_mirror",1,"webgui_rel20_4ghz_100mhz_5gnb_50ue_10slot_20260417_170900","lls_3gpp_rel20_anchor_4ghz_100mhz_waveform_honest_5gnb_50ue_10slot","lls_3gpp_rel20_anchor_4ghz_100mhz_waveform_honest_5gnb_50ue_10slot","a1a414876cde1a5883e2a2ab610e6603ef434ebb5b0a934bfcb8df1260a73d7c","2756cfb",104729,NaN,NaN,NaN,NaN,NaN,NaN,NaN,NaN,NaN,NaN,"not_applicable","not_applicable","sixgr.truth.exportControlPlaneTraces","implemented","runtime_control_grant_rows","packet_flow/csv/live_pucch_grants.csv","not_applicable",0,1
"UL","UL",1,13,13,9,9,9,9,1,1,0,1480,0,0,0,0,1,"harq_ack","pucchgrant:fbdir=UL:due=13:src=9:ue=9:rnti=9:harq=0:cell=1","runtime_harq_feedback_due_scheduler","scheduled_pending_execution",1,0,2,1,"uci_payload_size_demoted_to_short_format","pucch:cell=1:slot=13:rnti=9:reqfmt=2:resfmt=1:prb=8:1:sym=10:4",8,1,10,4,"runtime_deterministic_pucch_resource_assignment",1,12,"not_applicable","not_applicable","not_applicable",0,0,"full_per_link_channel_waveform_sum",0,"not_applicable","not_applicable",0,"not_applicable","not_applicable","not_applicable",0,0,0,"pending_feedback_due_slot",0,0,"harq_feedback_consumed_by_runtime_harq_and_scheduler","PENDING",0,"not_applicable","not_applicable","Explicit runtime PUCCH grant/resource object scheduled from HARQ feedback timing.","PUCCH","active_but_simplified","active_scheduled_pending_feedback_due_not_reached","harq_feedback_resource_grant_and_state_update_when_due","pending_feedback_due_slot",0,0,0,0,"runtime_pucch_grant_trace","explicit_pucch_grant_and_feedback_runtime_state","available_runtime_grant_state","canonical PUCCH grant/resource row; waveform decode fields become available only after the feedback due slot is processed",0,0,0,"feedback_due_slot_not_reached_in_this_bounded_run",1,"ac5aaa60-f202-419a-8426-02227c779291","webgui_rel20_4ghz_100mhz_5gnb_50ue_10slot_20260417_170900","lls_3gpp_rel20_anchor_4ghz_100mhz_waveform_honest_5gnb_50ue_10slot","a1a414876cde1a5883e2a2ab610e6603ef434ebb5b0a934bfcb8df1260a73d7c","packet_flow/csv/live_pucch_grants.csv","packet_flow/csv/live_pucch_grants.csv","canonical_control_reference_signal_runtime_evidence","runtime_populated","UL",1,13,1,9,9,NaN,153,"persisted_runtime_pucch_grant_row","packet_flow/csv/live_pucch_grants.csv","runtime_grant_backed_mirror",1,"webgui_rel20_4ghz_100mhz_5gnb_50ue_10slot_20260417_170900","lls_3gpp_rel20_anchor_4ghz_100mhz_waveform_honest_5gnb_50ue_10slot","lls_3gpp_rel20_anchor_4ghz_100mhz_waveform_honest_5gnb_50ue_10slot","a1a414876cde1a5883e2a2ab610e6603ef434ebb5b0a934bfcb8df1260a73d7c","2756cfb",104729,NaN,NaN,NaN,NaN,NaN,NaN,NaN,NaN,NaN,NaN,"not_applicable","not_applicable","sixgr.truth.exportControlPlaneTraces","implemented","runtime_control_grant_rows","packet_flow/csv/live_pucch_grants.csv","not_applicable",0,1
"UL","UL",1,13,13,9,14,14,14,1,1,0,1480,1,0,1,1,1,"harq_ack","pucchgrant:fbdir=UL:due=13:src=9:ue=14:rnti=14:harq=0:cell=1","runtime_harq_feedback_due_scheduler","scheduled_pending_execution",1,0,2,1,"uci_payload_size_demoted_to_short_format","pucch:cell=1:slot=13:rnti=14:reqfmt=2:resfmt=1:prb=13:1:sym=10:4",13,1,10,4,"runtime_deterministic_pucch_resource_assignment",1,12,"not_applicable","not_applicable","not_applicable",0,0,"full_per_link_channel_waveform_sum",0,"not_applicable","not_applicable",0,"not_applicable","not_applicable","not_applicable",0,0,0,"pending_feedback_due_slot",0,0,"harq_feedback_consumed_by_runtime_harq_and_scheduler","PENDING",0,"not_applicable","not_applicable","Explicit runtime PUCCH grant/resource object scheduled from HARQ feedback timing.","PUCCH","active_but_simplified","active_scheduled_pending_feedback_due_not_reached","harq_feedback_resource_grant_and_state_update_when_due","pending_feedback_due_slot",0,0,0,0,"runtime_pucch_grant_trace","explicit_pucch_grant_and_feedback_runtime_state","available_runtime_grant_state","canonical PUCCH grant/resource row; waveform decode fields become available only after the feedback due slot is processed",0,0,0,"feedback_due_slot_not_reached_in_this_bounded_run",1,"ac5aaa60-f202-419a-8426-02227c779291","webgui_rel20_4ghz_100mhz_5gnb_50ue_10slot_20260417_170900","lls_3gpp_rel20_anchor_4ghz_100mhz_waveform_honest_5gnb_50ue_10slot","a1a414876cde1a5883e2a2ab610e6603ef434ebb5b0a934bfcb8df1260a73d7c","packet_flow/csv/live_pucch_grants.csv","packet_flow/csv/live_pucch_grants.csv","canonical_control_reference_signal_runtime_evidence","runtime_populated","UL",1,13,1,14,14,NaN,154,"persisted_runtime_pucch_grant_row","packet_flow/csv/live_pucch_grants.csv","runtime_grant_backed_mirror",1,"webgui_rel20_4ghz_100mhz_5gnb_50ue_10slot_20260417_170900","lls_3gpp_rel20_anchor_4ghz_100mhz_waveform_honest_5gnb_50ue_10slot","lls_3gpp_rel20_anchor_4ghz_100mhz_waveform_honest_5gnb_50ue_10slot","a1a414876cde1a5883e2a2ab610e6603ef434ebb5b0a934bfcb8df1260a73d7c","2756cfb",104729,NaN,NaN,NaN,NaN,NaN,NaN,NaN,NaN,NaN,NaN,"not_applicable","not_applicable","sixgr.truth.exportControlPlaneTraces","implemented","runtime_control_grant_rows","packet_flow/csv/live_pucch_grants.csv","not_applicable",0,1
"UL","UL",1,13,13,9,19,19,19,1,1,0,1480,1,0,1,1,1,"harq_ack","pucchgrant:fbdir=UL:due=13:src=9:ue=19:rnti=19:harq=0:cell=1","runtime_harq_feedback_due_scheduler","scheduled_pending_execution",1,0,2,1,"uci_payload_size_demoted_to_short_format","pucch:cell=1:slot=13:rnti=19:reqfmt=2:resfmt=1:prb=18:1:sym=10:4",18,1,10,4,"runtime_deterministic_pucch_resource_assignment",1,12,"not_applicable","not_applicable","not_applicable",0,0,"full_per_link_channel_waveform_sum",0,"not_applicable","not_applicable",0,"not_applicable","not_applicable","not_applicable",0,0,0,"pending_feedback_due_slot",0,0,"harq_feedback_consumed_by_runtime_harq_and_scheduler","PENDING",0,"not_applicable","not_applicable","Explicit runtime PUCCH grant/resource object scheduled from HARQ feedback timing.","PUCCH","active_but_simplified","active_scheduled_pending_feedback_due_not_reached","harq_feedback_resource_grant_and_state_update_when_due","pending_feedback_due_slot",0,0,0,0,"runtime_pucch_grant_trace","explicit_pucch_grant_and_feedback_runtime_state","available_runtime_grant_state","canonical PUCCH grant/resource row; waveform decode fields become available only after the feedback due slot is processed",0,0,0,"feedback_due_slot_not_reached_in_this_bounded_run",1,"ac5aaa60-f202-419a-8426-02227c779291","webgui_rel20_4ghz_100mhz_5gnb_50ue_10slot_20260417_170900","lls_3gpp_rel20_anchor_4ghz_100mhz_waveform_honest_5gnb_50ue_10slot","a1a414876cde1a5883e2a2ab610e6603ef434ebb5b0a934bfcb8df1260a73d7c","packet_flow/csv/live_pucch_grants.csv","packet_flow/csv/live_pucch_grants.csv","canonical_control_reference_signal_runtime_evidence","runtime_populated","UL",1,13,1,19,19,NaN,155,"persisted_runtime_pucch_grant_row","packet_flow/csv/live_pucch_grants.csv","runtime_grant_backed_mirror",1,"webgui_rel20_4ghz_100mhz_5gnb_50ue_10slot_20260417_170900","lls_3gpp_rel20_anchor_4ghz_100mhz_waveform_honest_5gnb_50ue_10slot","lls_3gpp_rel20_anchor_4ghz_100mhz_waveform_honest_5gnb_50ue_10slot","a1a414876cde1a5883e2a2ab610e6603ef434ebb5b0a934bfcb8df1260a73d7c","2756cfb",104729,NaN,NaN,NaN,NaN,NaN,NaN,NaN,NaN,NaN,NaN,"not_applicable","not_applicable","sixgr.truth.exportControlPlaneTraces","implemented","runtime_control_grant_rows","packet_flow/csv/live_pucch_grants.csv","not_applicable",0,1
"UL","UL",1,13,13,9,26,26,26,1,1,0,1480,1,0,1,1,1,"harq_ack","pucchgrant:fbdir=UL:due=13:src=9:ue=26:rnti=26:harq=0:cell=1","runtime_harq_feedback_due_scheduler","scheduled_pending_execution",1,0,2,1,"uci_payload_size_demoted_to_short_format","pucch:cell=1:slot=13:rnti=26:reqfmt=2:resfmt=1:prb=25:1:sym=10:4",25,1,10,4,"runtime_deterministic_pucch_resource_assignment",1,12,"not_applicable","not_applicable","not_applicable",0,0,"full_per_link_channel_waveform_sum",0,"not_applicable","not_applicable",0,"not_applicable","not_applicable","not_applicable",0,0,0,"pending_feedback_due_slot",0,0,"harq_feedback_consumed_by_runtime_harq_and_scheduler","PENDING",0,"not_applicable","not_applicable","Explicit runtime PUCCH grant/resource object scheduled from HARQ feedback timing.","PUCCH","active_but_simplified","active_scheduled_pending_feedback_due_not_reached","harq_feedback_resource_grant_and_state_update_when_due","pending_feedback_due_slot",0,0,0,0,"runtime_pucch_grant_trace","explicit_pucch_grant_and_feedback_runtime_state","available_runtime_grant_state","canonical PUCCH grant/resource row; waveform decode fields become available only after the feedback due slot is processed",0,0,0,"feedback_due_slot_not_reached_in_this_bounded_run",1,"ac5aaa60-f202-419a-8426-02227c779291","webgui_rel20_4ghz_100mhz_5gnb_50ue_10slot_20260417_170900","lls_3gpp_rel20_anchor_4ghz_100mhz_waveform_honest_5gnb_50ue_10slot","a1a414876cde1a5883e2a2ab610e6603ef434ebb5b0a934bfcb8df1260a73d7c","packet_flow/csv/live_pucch_grants.csv","packet_flow/csv/live_pucch_grants.csv","canonical_control_reference_signal_runtime_evidence","runtime_populated","UL",1,13,1,26,26,NaN,156,"persisted_runtime_pucch_grant_row","packet_flow/csv/live_pucch_grants.csv","runtime_grant_backed_mirror",1,"webgui_rel20_4ghz_100mhz_5gnb_50ue_10slot_20260417_170900","lls_3gpp_rel20_anchor_4ghz_100mhz_waveform_honest_5gnb_50ue_10slot","lls_3gpp_rel20_anchor_4ghz_100mhz_waveform_honest_5gnb_50ue_10slot","a1a414876cde1a5883e2a2ab610e6603ef434ebb5b0a934bfcb8df1260a73d7c","2756cfb",104729,NaN,NaN,NaN,NaN,NaN,NaN,NaN,NaN,NaN,NaN,"not_applicable","not_applicable","sixgr.truth.exportControlPlaneTraces","implemented","runtime_control_grant_rows","packet_flow/csv/live_pucch_grants.csv","not_applicable",0,1
"UL","UL",1,13,13,9,40,40,40,1,1,0,1480,1,0,1,1,1,"harq_ack","pucchgrant:fbdir=UL:due=13:src=9:ue=40:rnti=40:harq=0:cell=1","runtime_harq_feedback_due_scheduler","scheduled_pending_execution",1,0,2,1,"uci_payload_size_demoted_to_short_format","pucch:cell=1:slot=13:rnti=40:reqfmt=2:resfmt=1:prb=39:1:sym=10:4",39,1,10,4,"runtime_deterministic_pucch_resource_assignment",1,12,"not_applicable","not_applicable","not_applicable",0,0,"full_per_link_channel_waveform_sum",0,"not_applicable","not_applicable",0,"not_applicable","not_applicable","not_applicable",0,0,0,"pending_feedback_due_slot",0,0,"harq_feedback_consumed_by_runtime_harq_and_scheduler","PENDING",0,"not_applicable","not_applicable","Explicit runtime PUCCH grant/resource object scheduled from HARQ feedback timing.","PUCCH","active_but_simplified","active_scheduled_pending_feedback_due_not_reached","harq_feedback_resource_grant_and_state_update_when_due","pending_feedback_due_slot",0,0,0,0,"runtime_pucch_grant_trace","explicit_pucch_grant_and_feedback_runtime_state","available_runtime_grant_state","canonical PUCCH grant/resource row; waveform decode fields become available only after the feedback due slot is processed",0,0,0,"feedback_due_slot_not_reached_in_this_bounded_run",1,"ac5aaa60-f202-419a-8426-02227c779291","webgui_rel20_4ghz_100mhz_5gnb_50ue_10slot_20260417_170900","lls_3gpp_rel20_anchor_4ghz_100mhz_waveform_honest_5gnb_50ue_10slot","a1a414876cde1a5883e2a2ab610e6603ef434ebb5b0a934bfcb8df1260a73d7c","packet_flow/csv/live_pucch_grants.csv","packet_flow/csv/live_pucch_grants.csv","canonical_control_reference_signal_runtime_evidence","runtime_populated","UL",1,13,1,40,40,NaN,157,"persisted_runtime_pucch_grant_row","packet_flow/csv/live_pucch_grants.csv","runtime_grant_backed_mirror",1,"webgui_rel20_4ghz_100mhz_5gnb_50ue_10slot_20260417_170900","lls_3gpp_rel20_anchor_4ghz_100mhz_waveform_honest_5gnb_50ue_10slot","lls_3gpp_rel20_anchor_4ghz_100mhz_waveform_honest_5gnb_50ue_10slot","a1a414876cde1a5883e2a2ab610e6603ef434ebb5b0a934bfcb8df1260a73d7c","2756cfb",104729,NaN,NaN,NaN,NaN,NaN,NaN,NaN,NaN,NaN,NaN,"not_applicable","not_applicable","sixgr.truth.exportControlPlaneTraces","implemented","runtime_control_grant_rows","packet_flow/csv/live_pucch_grants.csv","not_applicable",0,1
"UL","UL",1,13,13,9,43,43,43,1,1,0,1480,1,0,1,1,1,"harq_ack","pucchgrant:fbdir=UL:due=13:src=9:ue=43:rnti=43:harq=0:cell=1","runtime_harq_feedback_due_scheduler","scheduled_pending_execution",1,0,2,1,"uci_payload_size_demoted_to_short_format","pucch:cell=1:slot=13:rnti=43:reqfmt=2:resfmt=1:prb=42:1:sym=10:4",42,1,10,4,"runtime_deterministic_pucch_resource_assignment",1,12,"not_applicable","not_applicable","not_applicable",0,0,"full_per_link_channel_waveform_sum",0,"not_applicable","not_applicable",0,"not_applicable","not_applicable","not_applicable",0,0,0,"pending_feedback_due_slot",0,0,"harq_feedback_consumed_by_runtime_harq_and_scheduler","PENDING",0,"not_applicable","not_applicable","Explicit runtime PUCCH grant/resource object scheduled from HARQ feedback timing.","PUCCH","active_but_simplified","active_scheduled_pending_feedback_due_not_reached","harq_feedback_resource_grant_and_state_update_when_due","pending_feedback_due_slot",0,0,0,0,"runtime_pucch_grant_trace","explicit_pucch_grant_and_feedback_runtime_state","available_runtime_grant_state","canonical PUCCH grant/resource row; waveform decode fields become available only after the feedback due slot is processed",0,0,0,"feedback_due_slot_not_reached_in_this_bounded_run",1,"ac5aaa60-f202-419a-8426-02227c779291","webgui_rel20_4ghz_100mhz_5gnb_50ue_10slot_20260417_170900","lls_3gpp_rel20_anchor_4ghz_100mhz_waveform_honest_5gnb_50ue_10slot","a1a414876cde1a5883e2a2ab610e6603ef434ebb5b0a934bfcb8df1260a73d7c","packet_flow/csv/live_pucch_grants.csv","packet_flow/csv/live_pucch_grants.csv","canonical_control_reference_signal_runtime_evidence","runtime_populated","UL",1,13,1,43,43,NaN,158,"persisted_runtime_pucch_grant_row","packet_flow/csv/live_pucch_grants.csv","runtime_grant_backed_mirror",1,"webgui_rel20_4ghz_100mhz_5gnb_50ue_10slot_20260417_170900","lls_3gpp_rel20_anchor_4ghz_100mhz_waveform_honest_5gnb_50ue_10slot","lls_3gpp_rel20_anchor_4ghz_100mhz_waveform_honest_5gnb_50ue_10slot","a1a414876cde1a5883e2a2ab610e6603ef434ebb5b0a934bfcb8df1260a73d7c","2756cfb",104729,NaN,NaN,NaN,NaN,NaN,NaN,NaN,NaN,NaN,NaN,"not_applicable","not_applicable","sixgr.truth.exportControlPlaneTraces","implemented","runtime_control_grant_rows","packet_flow/csv/live_pucch_grants.csv","not_applicable",0,1
"UL","UL",1,13,13,9,47,47,47,1,1,0,1480,1,0,1,1,1,"harq_ack","pucchgrant:fbdir=UL:due=13:src=9:ue=47:rnti=47:harq=0:cell=1","runtime_harq_feedback_due_scheduler","scheduled_pending_execution",1,0,2,1,"uci_payload_size_demoted_to_short_format","pucch:cell=1:slot=13:rnti=47:reqfmt=2:resfmt=1:prb=46:1:sym=10:4",46,1,10,4,"runtime_deterministic_pucch_resource_assignment",1,12,"not_applicable","not_applicable","not_applicable",0,0,"full_per_link_channel_waveform_sum",0,"not_applicable","not_applicable",0,"not_applicable","not_applicable","not_applicable",0,0,0,"pending_feedback_due_slot",0,0,"harq_feedback_consumed_by_runtime_harq_and_scheduler","PENDING",0,"not_applicable","not_applicable","Explicit runtime PUCCH grant/resource object scheduled from HARQ feedback timing.","PUCCH","active_but_simplified","active_scheduled_pending_feedback_due_not_reached","harq_feedback_resource_grant_and_state_update_when_due","pending_feedback_due_slot",0,0,0,0,"runtime_pucch_grant_trace","explicit_pucch_grant_and_feedback_runtime_state","available_runtime_grant_state","canonical PUCCH grant/resource row; waveform decode fields become available only after the feedback due slot is processed",0,0,0,"feedback_due_slot_not_reached_in_this_bounded_run",1,"ac5aaa60-f202-419a-8426-02227c779291","webgui_rel20_4ghz_100mhz_5gnb_50ue_10slot_20260417_170900","lls_3gpp_rel20_anchor_4ghz_100mhz_waveform_honest_5gnb_50ue_10slot","a1a414876cde1a5883e2a2ab610e6603ef434ebb5b0a934bfcb8df1260a73d7c","packet_flow/csv/live_pucch_grants.csv","packet_flow/csv/live_pucch_grants.csv","canonical_control_reference_signal_runtime_evidence","runtime_populated","UL",1,13,1,47,47,NaN,159,"persisted_runtime_pucch_grant_row","packet_flow/csv/live_pucch_grants.csv","runtime_grant_backed_mirror",1,"webgui_rel20_4ghz_100mhz_5gnb_50ue_10slot_20260417_170900","lls_3gpp_rel20_anchor_4ghz_100mhz_waveform_honest_5gnb_50ue_10slot","lls_3gpp_rel20_anchor_4ghz_100mhz_waveform_honest_5gnb_50ue_10slot","a1a414876cde1a5883e2a2ab610e6603ef434ebb5b0a934bfcb8df1260a73d7c","2756cfb",104729,NaN,NaN,NaN,NaN,NaN,NaN,NaN,NaN,NaN,NaN,"not_applicable","not_applicable","sixgr.truth.exportControlPlaneTraces","implemented","runtime_control_grant_rows","packet_flow/csv/live_pucch_grants.csv","not_applicable",0,1
"UL","UL",1,13,13,9,4,4,4,2,2,0,1672,1,0,1,1,1,"harq_ack","pucchgrant:fbdir=UL:due=13:src=9:ue=4:rnti=4:harq=0:cell=2","runtime_harq_feedback_due_scheduler","scheduled_pending_execution",1,0,2,1,"uci_payload_size_demoted_to_short_format","pucch:cell=2:slot=13:rnti=4:reqfmt=2:resfmt=1:prb=10:1:sym=10:4",10,1,10,4,"runtime_deterministic_pucch_resource_assignment",1,12,"not_applicable","not_applicable","not_applicable",0,0,"full_per_link_channel_waveform_sum",0,"not_applicable","not_applicable",0,"not_applicable","not_applicable","not_applicable",0,0,0,"pending_feedback_due_slot",0,0,"harq_feedback_consumed_by_runtime_harq_and_scheduler","PENDING",0,"not_applicable","not_applicable","Explicit runtime PUCCH grant/resource object scheduled from HARQ feedback timing.","PUCCH","active_but_simplified","active_scheduled_pending_feedback_due_not_reached","harq_feedback_resource_grant_and_state_update_when_due","pending_feedback_due_slot",0,0,0,0,"runtime_pucch_grant_trace","explicit_pucch_grant_and_feedback_runtime_state","available_runtime_grant_state","canonical PUCCH grant/resource row; waveform decode fields become available only after the feedback due slot is processed",0,0,0,"feedback_due_slot_not_reached_in_this_bounded_run",1,"ac5aaa60-f202-419a-8426-02227c779291","webgui_rel20_4ghz_100mhz_5gnb_50ue_10slot_20260417_170900","lls_3gpp_rel20_anchor_4ghz_100mhz_waveform_honest_5gnb_50ue_10slot","a1a414876cde1a5883e2a2ab610e6603ef434ebb5b0a934bfcb8df1260a73d7c","packet_flow/csv/live_pucch_grants.csv","packet_flow/csv/live_pucch_grants.csv","canonical_control_reference_signal_runtime_evidence","runtime_populated","UL",1,13,2,4,4,NaN,160,"persisted_runtime_pucch_grant_row","packet_flow/csv/live_pucch_grants.csv","runtime_grant_backed_mirror",1,"webgui_rel20_4ghz_100mhz_5gnb_50ue_10slot_20260417_170900","lls_3gpp_rel20_anchor_4ghz_100mhz_waveform_honest_5gnb_50ue_10slot","lls_3gpp_rel20_anchor_4ghz_100mhz_waveform_honest_5gnb_50ue_10slot","a1a414876cde1a5883e2a2ab610e6603ef434ebb5b0a934bfcb8df1260a73d7c","2756cfb",104729,NaN,NaN,NaN,NaN,NaN,NaN,NaN,NaN,NaN,NaN,"not_applicable","not_applicable","sixgr.truth.exportControlPlaneTraces","implemented","runtime_control_grant_rows","packet_flow/csv/live_pucch_grants.csv","not_applicable",0,1
"UL","UL",1,13,13,9,6,6,6,2,2,0,1672,1,0,1,1,1,"harq_ack","pucchgrant:fbdir=UL:due=13:src=9:ue=6:rnti=6:harq=0:cell=2","runtime_harq_feedback_due_scheduler","scheduled_pending_execution",1,0,2,1,"uci_payload_size_demoted_to_short_format","pucch:cell=2:slot=13:rnti=6:reqfmt=2:resfmt=1:prb=12:1:sym=10:4",12,1,10,4,"runtime_deterministic_pucch_resource_assignment",1,12,"not_applicable","not_applicable","not_applicable",0,0,"full_per_link_channel_waveform_sum",0,"not_applicable","not_applicable",0,"not_applicable","not_applicable","not_applicable",0,0,0,"pending_feedback_due_slot",0,0,"harq_feedback_consumed_by_runtime_harq_and_scheduler","PENDING",0,"not_applicable","not_applicable","Explicit runtime PUCCH grant/resource object scheduled from HARQ feedback timing.","PUCCH","active_but_simplified","active_scheduled_pending_feedback_due_not_reached","harq_feedback_resource_grant_and_state_update_when_due","pending_feedback_due_slot",0,0,0,0,"runtime_pucch_grant_trace","explicit_pucch_grant_and_feedback_runtime_state","available_runtime_grant_state","canonical PUCCH grant/resource row; waveform decode fields become available only after the feedback due slot is processed",0,0,0,"feedback_due_slot_not_reached_in_this_bounded_run",1,"ac5aaa60-f202-419a-8426-02227c779291","webgui_rel20_4ghz_100mhz_5gnb_50ue_10slot_20260417_170900","lls_3gpp_rel20_anchor_4ghz_100mhz_waveform_honest_5gnb_50ue_10slot","a1a414876cde1a5883e2a2ab610e6603ef434ebb5b0a934bfcb8df1260a73d7c","packet_flow/csv/live_pucch_grants.csv","packet_flow/csv/live_pucch_grants.csv","canonical_control_reference_signal_runtime_evidence","runtime_populated","UL",1,13,2,6,6,NaN,161,"persisted_runtime_pucch_grant_row","packet_flow/csv/live_pucch_grants.csv","runtime_grant_backed_mirror",1,"webgui_rel20_4ghz_100mhz_5gnb_50ue_10slot_20260417_170900","lls_3gpp_rel20_anchor_4ghz_100mhz_waveform_honest_5gnb_50ue_10slot","lls_3gpp_rel20_anchor_4ghz_100mhz_waveform_honest_5gnb_50ue_10slot","a1a414876cde1a5883e2a2ab610e6603ef434ebb5b0a934bfcb8df1260a73d7c","2756cfb",104729,NaN,NaN,NaN,NaN,NaN,NaN,NaN,NaN,NaN,NaN,"not_applicable","not_applicable","sixgr.truth.exportControlPlaneTraces","implemented","runtime_control_grant_rows","packet_flow/csv/live_pucch_grants.csv","not_applicable",0,1
"UL","UL",1,13,13,9,10,10,10,2,2,0,1672,1,0,1,1,1,"harq_ack","pucchgrant:fbdir=UL:due=13:src=9:ue=10:rnti=10:harq=0:cell=2","runtime_harq_feedback_due_scheduler","scheduled_pending_execution",1,0,2,1,"uci_payload_size_demoted_to_short_format","pucch:cell=2:slot=13:rnti=10:reqfmt=2:resfmt=1:prb=16:1:sym=10:4",16,1,10,4,"runtime_deterministic_pucch_resource_assignment",1,12,"not_applicable","not_applicable","not_applicable",0,0,"full_per_link_channel_waveform_sum",0,"not_applicable","not_applicable",0,"not_applicable","not_applicable","not_applicable",0,0,0,"pending_feedback_due_slot",0,0,"harq_feedback_consumed_by_runtime_harq_and_scheduler","PENDING",0,"not_applicable","not_applicable","Explicit runtime PUCCH grant/resource object scheduled from HARQ feedback timing.","PUCCH","active_but_simplified","active_scheduled_pending_feedback_due_not_reached","harq_feedback_resource_grant_and_state_update_when_due","pending_feedback_due_slot",0,0,0,0,"runtime_pucch_grant_trace","explicit_pucch_grant_and_feedback_runtime_state","available_runtime_grant_state","canonical PUCCH grant/resource row; waveform decode fields become available only after the feedback due slot is processed",0,0,0,"feedback_due_slot_not_reached_in_this_bounded_run",1,"ac5aaa60-f202-419a-8426-02227c779291","webgui_rel20_4ghz_100mhz_5gnb_50ue_10slot_20260417_170900","lls_3gpp_rel20_anchor_4ghz_100mhz_waveform_honest_5gnb_50ue_10slot","a1a414876cde1a5883e2a2ab610e6603ef434ebb5b0a934bfcb8df1260a73d7c","packet_flow/csv/live_pucch_grants.csv","packet_flow/csv/live_pucch_grants.csv","canonical_control_reference_signal_runtime_evidence","runtime_populated","UL",1,13,2,10,10,NaN,162,"persisted_runtime_pucch_grant_row","packet_flow/csv/live_pucch_grants.csv","runtime_grant_backed_mirror",1,"webgui_rel20_4ghz_100mhz_5gnb_50ue_10slot_20260417_170900","lls_3gpp_rel20_anchor_4ghz_100mhz_waveform_honest_5gnb_50ue_10slot","lls_3gpp_rel20_anchor_4ghz_100mhz_waveform_honest_5gnb_50ue_10slot","a1a414876cde1a5883e2a2ab610e6603ef434ebb5b0a934bfcb8df1260a73d7c","2756cfb",104729,NaN,NaN,NaN,NaN,NaN,NaN,NaN,NaN,NaN,NaN,"not_applicable","not_applicable","sixgr.truth.exportControlPlaneTraces","implemented","runtime_control_grant_rows","packet_flow/csv/live_pucch_grants.csv","not_applicable",0,1
"UL","UL",1,13,13,9,29,29,29,2,2,0,1672,1,0,1,1,1,"harq_ack","pucchgrant:fbdir=UL:due=13:src=9:ue=29:rnti=29:harq=0:cell=2","runtime_harq_feedback_due_scheduler","scheduled_pending_execution",1,0,2,1,"uci_payload_size_demoted_to_short_format","pucch:cell=2:slot=13:rnti=29:reqfmt=2:resfmt=1:prb=35:1:sym=10:4",35,1,10,4,"runtime_deterministic_pucch_resource_assignment",1,12,"not_applicable","not_applicable","not_applicable",0,0,"full_per_link_channel_waveform_sum",0,"not_applicable","not_applicable",0,"not_applicable","not_applicable","not_applicable",0,0,0,"pending_feedback_due_slot",0,0,"harq_feedback_consumed_by_runtime_harq_and_scheduler","PENDING",0,"not_applicable","not_applicable","Explicit runtime PUCCH grant/resource object scheduled from HARQ feedback timing.","PUCCH","active_but_simplified","active_scheduled_pending_feedback_due_not_reached","harq_feedback_resource_grant_and_state_update_when_due","pending_feedback_due_slot",0,0,0,0,"runtime_pucch_grant_trace","explicit_pucch_grant_and_feedback_runtime_state","available_runtime_grant_state","canonical PUCCH grant/resource row; waveform decode fields become available only after the feedback due slot is processed",0,0,0,"feedback_due_slot_not_reached_in_this_bounded_run",1,"ac5aaa60-f202-419a-8426-02227c779291","webgui_rel20_4ghz_100mhz_5gnb_50ue_10slot_20260417_170900","lls_3gpp_rel20_anchor_4ghz_100mhz_waveform_honest_5gnb_50ue_10slot","a1a414876cde1a5883e2a2ab610e6603ef434ebb5b0a934bfcb8df1260a73d7c","packet_flow/csv/live_pucch_grants.csv","packet_flow/csv/live_pucch_grants.csv","canonical_control_reference_signal_runtime_evidence","runtime_populated","UL",1,13,2,29,29,NaN,163,"persisted_runtime_pucch_grant_row","packet_flow/csv/live_pucch_grants.csv","runtime_grant_backed_mirror",1,"webgui_rel20_4ghz_100mhz_5gnb_50ue_10slot_20260417_170900","lls_3gpp_rel20_anchor_4ghz_100mhz_waveform_honest_5gnb_50ue_10slot","lls_3gpp_rel20_anchor_4ghz_100mhz_waveform_honest_5gnb_50ue_10slot","a1a414876cde1a5883e2a2ab610e6603ef434ebb5b0a934bfcb8df1260a73d7c","2756cfb",104729,NaN,NaN,NaN,NaN,NaN,NaN,NaN,NaN,NaN,NaN,"not_applicable","not_applicable","sixgr.truth.exportControlPlaneTraces","implemented","runtime_control_grant_rows","packet_flow/csv/live_pucch_grants.csv","not_applicable",0,1
"UL","UL",1,13,13,9,35,35,35,2,2,0,1672,1,0,1,1,1,"harq_ack","pucchgrant:fbdir=UL:due=13:src=9:ue=35:rnti=35:harq=0:cell=2","runtime_harq_feedback_due_scheduler","scheduled_pending_execution",1,0,2,1,"uci_payload_size_demoted_to_short_format","pucch:cell=2:slot=13:rnti=35:reqfmt=2:resfmt=1:prb=41:1:sym=10:4",41,1,10,4,"runtime_deterministic_pucch_resource_assignment",1,12,"not_applicable","not_applicable","not_applicable",0,0,"full_per_link_channel_waveform_sum",0,"not_applicable","not_applicable",0,"not_applicable","not_applicable","not_applicable",0,0,0,"pending_feedback_due_slot",0,0,"harq_feedback_consumed_by_runtime_harq_and_scheduler","PENDING",0,"not_applicable","not_applicable","Explicit runtime PUCCH grant/resource object scheduled from HARQ feedback timing.","PUCCH","active_but_simplified","active_scheduled_pending_feedback_due_not_reached","harq_feedback_resource_grant_and_state_update_when_due","pending_feedback_due_slot",0,0,0,0,"runtime_pucch_grant_trace","explicit_pucch_grant_and_feedback_runtime_state","available_runtime_grant_state","canonical PUCCH grant/resource row; waveform decode fields become available only after the feedback due slot is processed",0,0,0,"feedback_due_slot_not_reached_in_this_bounded_run",1,"ac5aaa60-f202-419a-8426-02227c779291","webgui_rel20_4ghz_100mhz_5gnb_50ue_10slot_20260417_170900","lls_3gpp_rel20_anchor_4ghz_100mhz_waveform_honest_5gnb_50ue_10slot","a1a414876cde1a5883e2a2ab610e6603ef434ebb5b0a934bfcb8df1260a73d7c","packet_flow/csv/live_pucch_grants.csv","packet_flow/csv/live_pucch_grants.csv","canonical_control_reference_signal_runtime_evidence","runtime_populated","UL",1,13,2,35,35,NaN,164,"persisted_runtime_pucch_grant_row","packet_flow/csv/live_pucch_grants.csv","runtime_grant_backed_mirror",1,"webgui_rel20_4ghz_100mhz_5gnb_50ue_10slot_20260417_170900","lls_3gpp_rel20_anchor_4ghz_100mhz_waveform_honest_5gnb_50ue_10slot","lls_3gpp_rel20_anchor_4ghz_100mhz_waveform_honest_5gnb_50ue_10slot","a1a414876cde1a5883e2a2ab610e6603ef434ebb5b0a934bfcb8df1260a73d7c","2756cfb",104729,NaN,NaN,NaN,NaN,NaN,NaN,NaN,NaN,NaN,NaN,"not_applicable","not_applicable","sixgr.truth.exportControlPlaneTraces","implemented","runtime_control_grant_rows","packet_flow/csv/live_pucch_grants.csv","not_applicable",0,1
"UL","UL",1,13,13,9,41,41,41,2,2,0,1672,1,0,1,1,1,"harq_ack","pucchgrant:fbdir=UL:due=13:src=9:ue=41:rnti=41:harq=0:cell=2","runtime_harq_feedback_due_scheduler","scheduled_pending_execution",1,0,2,1,"uci_payload_size_demoted_to_short_format","pucch:cell=2:slot=13:rnti=41:reqfmt=2:resfmt=1:prb=47:1:sym=10:4",47,1,10,4,"runtime_deterministic_pucch_resource_assignment",1,12,"not_applicable","not_applicable","not_applicable",0,0,"full_per_link_channel_waveform_sum",0,"not_applicable","not_applicable",0,"not_applicable","not_applicable","not_applicable",0,0,0,"pending_feedback_due_slot",0,0,"harq_feedback_consumed_by_runtime_harq_and_scheduler","PENDING",0,"not_applicable","not_applicable","Explicit runtime PUCCH grant/resource object scheduled from HARQ feedback timing.","PUCCH","active_but_simplified","active_scheduled_pending_feedback_due_not_reached","harq_feedback_resource_grant_and_state_update_when_due","pending_feedback_due_slot",0,0,0,0,"runtime_pucch_grant_trace","explicit_pucch_grant_and_feedback_runtime_state","available_runtime_grant_state","canonical PUCCH grant/resource row; waveform decode fields become available only after the feedback due slot is processed",0,0,0,"feedback_due_slot_not_reached_in_this_bounded_run",1,"ac5aaa60-f202-419a-8426-02227c779291","webgui_rel20_4ghz_100mhz_5gnb_50ue_10slot_20260417_170900","lls_3gpp_rel20_anchor_4ghz_100mhz_waveform_honest_5gnb_50ue_10slot","a1a414876cde1a5883e2a2ab610e6603ef434ebb5b0a934bfcb8df1260a73d7c","packet_flow/csv/live_pucch_grants.csv","packet_flow/csv/live_pucch_grants.csv","canonical_control_reference_signal_runtime_evidence","runtime_populated","UL",1,13,2,41,41,NaN,165,"persisted_runtime_pucch_grant_row","packet_flow/csv/live_pucch_grants.csv","runtime_grant_backed_mirror",1,"webgui_rel20_4ghz_100mhz_5gnb_50ue_10slot_20260417_170900","lls_3gpp_rel20_anchor_4ghz_100mhz_waveform_honest_5gnb_50ue_10slot","lls_3gpp_rel20_anchor_4ghz_100mhz_waveform_honest_5gnb_50ue_10slot","a1a414876cde1a5883e2a2ab610e6603ef434ebb5b0a934bfcb8df1260a73d7c","2756cfb",104729,NaN,NaN,NaN,NaN,NaN,NaN,NaN,NaN,NaN,NaN,"not_applicable","not_applicable","sixgr.truth.exportControlPlaneTraces","implemented","runtime_control_grant_rows","packet_flow/csv/live_pucch_grants.csv","not_applicable",0,1
"UL","UL",1,13,13,9,45,45,45,2,2,0,1672,1,0,1,1,1,"harq_ack","pucchgrant:fbdir=UL:due=13:src=9:ue=45:rnti=45:harq=0:cell=2","runtime_harq_feedback_due_scheduler","scheduled_pending_execution",1,0,2,1,"uci_payload_size_demoted_to_short_format","pucch:cell=2:slot=13:rnti=45:reqfmt=2:resfmt=1:prb=51:1:sym=10:4",51,1,10,4,"runtime_deterministic_pucch_resource_assignment",1,12,"not_applicable","not_applicable","not_applicable",0,0,"full_per_link_channel_waveform_sum",0,"not_applicable","not_applicable",0,"not_applicable","not_applicable","not_applicable",0,0,0,"pending_feedback_due_slot",0,0,"harq_feedback_consumed_by_runtime_harq_and_scheduler","PENDING",0,"not_applicable","not_applicable","Explicit runtime PUCCH grant/resource object scheduled from HARQ feedback timing.","PUCCH","active_but_simplified","active_scheduled_pending_feedback_due_not_reached","harq_feedback_resource_grant_and_state_update_when_due","pending_feedback_due_slot",0,0,0,0,"runtime_pucch_grant_trace","explicit_pucch_grant_and_feedback_runtime_state","available_runtime_grant_state","canonical PUCCH grant/resource row; waveform decode fields become available only after the feedback due slot is processed",0,0,0,"feedback_due_slot_not_reached_in_this_bounded_run",1,"ac5aaa60-f202-419a-8426-02227c779291","webgui_rel20_4ghz_100mhz_5gnb_50ue_10slot_20260417_170900","lls_3gpp_rel20_anchor_4ghz_100mhz_waveform_honest_5gnb_50ue_10slot","a1a414876cde1a5883e2a2ab610e6603ef434ebb5b0a934bfcb8df1260a73d7c","packet_flow/csv/live_pucch_grants.csv","packet_flow/csv/live_pucch_grants.csv","canonical_control_reference_signal_runtime_evidence","runtime_populated","UL",1,13,2,45,45,NaN,166,"persisted_runtime_pucch_grant_row","packet_flow/csv/live_pucch_grants.csv","runtime_grant_backed_mirror",1,"webgui_rel20_4ghz_100mhz_5gnb_50ue_10slot_20260417_170900","lls_3gpp_rel20_anchor_4ghz_100mhz_waveform_honest_5gnb_50ue_10slot","lls_3gpp_rel20_anchor_4ghz_100mhz_waveform_honest_5gnb_50ue_10slot","a1a414876cde1a5883e2a2ab610e6603ef434ebb5b0a934bfcb8df1260a73d7c","2756cfb",104729,NaN,NaN,NaN,NaN,NaN,NaN,NaN,NaN,NaN,NaN,"not_applicable","not_applicable","sixgr.truth.exportControlPlaneTraces","implemented","runtime_control_grant_rows","packet_flow/csv/live_pucch_grants.csv","not_applicable",0,1
"UL","UL",1,13,13,9,50,50,50,2,2,0,1672,1,0,1,1,1,"harq_ack","pucchgrant:fbdir=UL:due=13:src=9:ue=50:rnti=50:harq=0:cell=2","runtime_harq_feedback_due_scheduler","scheduled_pending_execution",1,0,2,1,"uci_payload_size_demoted_to_short_format","pucch:cell=2:slot=13:rnti=50:reqfmt=2:resfmt=1:prb=56:1:sym=10:4",56,1,10,4,"runtime_deterministic_pucch_resource_assignment",1,12,"not_applicable","not_applicable","not_applicable",0,0,"full_per_link_channel_waveform_sum",0,"not_applicable","not_applicable",0,"not_applicable","not_applicable","not_applicable",0,0,0,"pending_feedback_due_slot",0,0,"harq_feedback_consumed_by_runtime_harq_and_scheduler","PENDING",0,"not_applicable","not_applicable","Explicit runtime PUCCH grant/resource object scheduled from HARQ feedback timing.","PUCCH","active_but_simplified","active_scheduled_pending_feedback_due_not_reached","harq_feedback_resource_grant_and_state_update_when_due","pending_feedback_due_slot",0,0,0,0,"runtime_pucch_grant_trace","explicit_pucch_grant_and_feedback_runtime_state","available_runtime_grant_state","canonical PUCCH grant/resource row; waveform decode fields become available only after the feedback due slot is processed",0,0,0,"feedback_due_slot_not_reached_in_this_bounded_run",1,"ac5aaa60-f202-419a-8426-02227c779291","webgui_rel20_4ghz_100mhz_5gnb_50ue_10slot_20260417_170900","lls_3gpp_rel20_anchor_4ghz_100mhz_waveform_honest_5gnb_50ue_10slot","a1a414876cde1a5883e2a2ab610e6603ef434ebb5b0a934bfcb8df1260a73d7c","packet_flow/csv/live_pucch_grants.csv","packet_flow/csv/live_pucch_grants.csv","canonical_control_reference_signal_runtime_evidence","runtime_populated","UL",1,13,2,50,50,NaN,167,"persisted_runtime_pucch_grant_row","packet_flow/csv/live_pucch_grants.csv","runtime_grant_backed_mirror",1,"webgui_rel20_4ghz_100mhz_5gnb_50ue_10slot_20260417_170900","lls_3gpp_rel20_anchor_4ghz_100mhz_waveform_honest_5gnb_50ue_10slot","lls_3gpp_rel20_anchor_4ghz_100mhz_waveform_honest_5gnb_50ue_10slot","a1a414876cde1a5883e2a2ab610e6603ef434ebb5b0a934bfcb8df1260a73d7c","2756cfb",104729,NaN,NaN,NaN,NaN,NaN,NaN,NaN,NaN,NaN,NaN,"not_applicable","not_applicable","sixgr.truth.exportControlPlaneTraces","implemented","runtime_control_grant_rows","packet_flow/csv/live_pucch_grants.csv","not_applicable",0,1
"UL","UL",1,13,13,9,2,2,2,3,3,0,1480,0,0,0,0,1,"harq_ack","pucchgrant:fbdir=UL:due=13:src=9:ue=2:rnti=2:harq=0:cell=3","runtime_harq_feedback_due_scheduler","scheduled_pending_execution",1,0,2,1,"uci_payload_size_demoted_to_short_format","pucch:cell=3:slot=13:rnti=2:reqfmt=2:resfmt=1:prb=15:1:sym=10:4",15,1,10,4,"runtime_deterministic_pucch_resource_assignment",1,12,"not_applicable","not_applicable","not_applicable",0,0,"full_per_link_channel_waveform_sum",0,"not_applicable","not_applicable",0,"not_applicable","not_applicable","not_applicable",0,0,0,"pending_feedback_due_slot",0,0,"harq_feedback_consumed_by_runtime_harq_and_scheduler","PENDING",0,"not_applicable","not_applicable","Explicit runtime PUCCH grant/resource object scheduled from HARQ feedback timing.","PUCCH","active_but_simplified","active_scheduled_pending_feedback_due_not_reached","harq_feedback_resource_grant_and_state_update_when_due","pending_feedback_due_slot",0,0,0,0,"runtime_pucch_grant_trace","explicit_pucch_grant_and_feedback_runtime_state","available_runtime_grant_state","canonical PUCCH grant/resource row; waveform decode fields become available only after the feedback due slot is processed",0,0,0,"feedback_due_slot_not_reached_in_this_bounded_run",1,"ac5aaa60-f202-419a-8426-02227c779291","webgui_rel20_4ghz_100mhz_5gnb_50ue_10slot_20260417_170900","lls_3gpp_rel20_anchor_4ghz_100mhz_waveform_honest_5gnb_50ue_10slot","a1a414876cde1a5883e2a2ab610e6603ef434ebb5b0a934bfcb8df1260a73d7c","packet_flow/csv/live_pucch_grants.csv","packet_flow/csv/live_pucch_grants.csv","canonical_control_reference_signal_runtime_evidence","runtime_populated","UL",1,13,3,2,2,NaN,168,"persisted_runtime_pucch_grant_row","packet_flow/csv/live_pucch_grants.csv","runtime_grant_backed_mirror",1,"webgui_rel20_4ghz_100mhz_5gnb_50ue_10slot_20260417_170900","lls_3gpp_rel20_anchor_4ghz_100mhz_waveform_honest_5gnb_50ue_10slot","lls_3gpp_rel20_anchor_4ghz_100mhz_waveform_honest_5gnb_50ue_10slot","a1a414876cde1a5883e2a2ab610e6603ef434ebb5b0a934bfcb8df1260a73d7c","2756cfb",104729,NaN,NaN,NaN,NaN,NaN,NaN,NaN,NaN,NaN,NaN,"not_applicable","not_applicable","sixgr.truth.exportControlPlaneTraces","implemented","runtime_control_grant_rows","packet_flow/csv/live_pucch_grants.csv","not_applicable",0,1
"UL","UL",1,13,13,9,12,12,12,3,3,0,1480,1,0,1,1,1,"harq_ack","pucchgrant:fbdir=UL:due=13:src=9:ue=12:rnti=12:harq=0:cell=3","runtime_harq_feedback_due_scheduler","scheduled_pending_execution",1,0,2,1,"uci_payload_size_demoted_to_short_format","pucch:cell=3:slot=13:rnti=12:reqfmt=2:resfmt=1:prb=25:1:sym=10:4",25,1,10,4,"runtime_deterministic_pucch_resource_assignment",1,12,"not_applicable","not_applicable","not_applicable",0,0,"full_per_link_channel_waveform_sum",0,"not_applicable","not_applicable",0,"not_applicable","not_applicable","not_applicable",0,0,0,"pending_feedback_due_slot",0,0,"harq_feedback_consumed_by_runtime_harq_and_scheduler","PENDING",0,"not_applicable","not_applicable","Explicit runtime PUCCH grant/resource object scheduled from HARQ feedback timing.","PUCCH","active_but_simplified","active_scheduled_pending_feedback_due_not_reached","harq_feedback_resource_grant_and_state_update_when_due","pending_feedback_due_slot",0,0,0,0,"runtime_pucch_grant_trace","explicit_pucch_grant_and_feedback_runtime_state","available_runtime_grant_state","canonical PUCCH grant/resource row; waveform decode fields become available only after the feedback due slot is processed",0,0,0,"feedback_due_slot_not_reached_in_this_bounded_run",1,"ac5aaa60-f202-419a-8426-02227c779291","webgui_rel20_4ghz_100mhz_5gnb_50ue_10slot_20260417_170900","lls_3gpp_rel20_anchor_4ghz_100mhz_waveform_honest_5gnb_50ue_10slot","a1a414876cde1a5883e2a2ab610e6603ef434ebb5b0a934bfcb8df1260a73d7c","packet_flow/csv/live_pucch_grants.csv","packet_flow/csv/live_pucch_grants.csv","canonical_control_reference_signal_runtime_evidence","runtime_populated","UL",1,13,3,12,12,NaN,169,"persisted_runtime_pucch_grant_row","packet_flow/csv/live_pucch_grants.csv","runtime_grant_backed_mirror",1,"webgui_rel20_4ghz_100mhz_5gnb_50ue_10slot_20260417_170900","lls_3gpp_rel20_anchor_4ghz_100mhz_waveform_honest_5gnb_50ue_10slot","lls_3gpp_rel20_anchor_4ghz_100mhz_waveform_honest_5gnb_50ue_10slot","a1a414876cde1a5883e2a2ab610e6603ef434ebb5b0a934bfcb8df1260a73d7c","2756cfb",104729,NaN,NaN,NaN,NaN,NaN,NaN,NaN,NaN,NaN,NaN,"not_applicable","not_applicable","sixgr.truth.exportControlPlaneTraces","implemented","runtime_control_grant_rows","packet_flow/csv/live_pucch_grants.csv","not_applicable",0,1
"UL","UL",1,13,13,9,13,13,13,3,3,0,1480,1,0,1,1,1,"harq_ack","pucchgrant:fbdir=UL:due=13:src=9:ue=13:rnti=13:harq=0:cell=3","runtime_harq_feedback_due_scheduler","scheduled_pending_execution",1,0,2,1,"uci_payload_size_demoted_to_short_format","pucch:cell=3:slot=13:rnti=13:reqfmt=2:resfmt=1:prb=26:1:sym=10:4",26,1,10,4,"runtime_deterministic_pucch_resource_assignment",1,12,"not_applicable","not_applicable","not_applicable",0,0,"full_per_link_channel_waveform_sum",0,"not_applicable","not_applicable",0,"not_applicable","not_applicable","not_applicable",0,0,0,"pending_feedback_due_slot",0,0,"harq_feedback_consumed_by_runtime_harq_and_scheduler","PENDING",0,"not_applicable","not_applicable","Explicit runtime PUCCH grant/resource object scheduled from HARQ feedback timing.","PUCCH","active_but_simplified","active_scheduled_pending_feedback_due_not_reached","harq_feedback_resource_grant_and_state_update_when_due","pending_feedback_due_slot",0,0,0,0,"runtime_pucch_grant_trace","explicit_pucch_grant_and_feedback_runtime_state","available_runtime_grant_state","canonical PUCCH grant/resource row; waveform decode fields become available only after the feedback due slot is processed",0,0,0,"feedback_due_slot_not_reached_in_this_bounded_run",1,"ac5aaa60-f202-419a-8426-02227c779291","webgui_rel20_4ghz_100mhz_5gnb_50ue_10slot_20260417_170900","lls_3gpp_rel20_anchor_4ghz_100mhz_waveform_honest_5gnb_50ue_10slot","a1a414876cde1a5883e2a2ab610e6603ef434ebb5b0a934bfcb8df1260a73d7c","packet_flow/csv/live_pucch_grants.csv","packet_flow/csv/live_pucch_grants.csv","canonical_control_reference_signal_runtime_evidence","runtime_populated","UL",1,13,3,13,13,NaN,170,"persisted_runtime_pucch_grant_row","packet_flow/csv/live_pucch_grants.csv","runtime_grant_backed_mirror",1,"webgui_rel20_4ghz_100mhz_5gnb_50ue_10slot_20260417_170900","lls_3gpp_rel20_anchor_4ghz_100mhz_waveform_honest_5gnb_50ue_10slot","lls_3gpp_rel20_anchor_4ghz_100mhz_waveform_honest_5gnb_50ue_10slot","a1a414876cde1a5883e2a2ab610e6603ef434ebb5b0a934bfcb8df1260a73d7c","2756cfb",104729,NaN,NaN,NaN,NaN,NaN,NaN,NaN,NaN,NaN,NaN,"not_applicable","not_applicable","sixgr.truth.exportControlPlaneTraces","implemented","runtime_control_grant_rows","packet_flow/csv/live_pucch_grants.csv","not_applicable",0,1
"UL","UL",1,13,13,9,15,15,15,3,3,0,1480,0,0,0,0,1,"harq_ack","pucchgrant:fbdir=UL:due=13:src=9:ue=15:rnti=15:harq=0:cell=3","runtime_harq_feedback_due_scheduler","scheduled_pending_execution",1,0,2,1,"uci_payload_size_demoted_to_short_format","pucch:cell=3:slot=13:rnti=15:reqfmt=2:resfmt=1:prb=28:1:sym=10:4",28,1,10,4,"runtime_deterministic_pucch_resource_assignment",1,12,"not_applicable","not_applicable","not_applicable",0,0,"full_per_link_channel_waveform_sum",0,"not_applicable","not_applicable",0,"not_applicable","not_applicable","not_applicable",0,0,0,"pending_feedback_due_slot",0,0,"harq_feedback_consumed_by_runtime_harq_and_scheduler","PENDING",0,"not_applicable","not_applicable","Explicit runtime PUCCH grant/resource object scheduled from HARQ feedback timing.","PUCCH","active_but_simplified","active_scheduled_pending_feedback_due_not_reached","harq_feedback_resource_grant_and_state_update_when_due","pending_feedback_due_slot",0,0,0,0,"runtime_pucch_grant_trace","explicit_pucch_grant_and_feedback_runtime_state","available_runtime_grant_state","canonical PUCCH grant/resource row; waveform decode fields become available only after the feedback due slot is processed",0,0,0,"feedback_due_slot_not_reached_in_this_bounded_run",1,"ac5aaa60-f202-419a-8426-02227c779291","webgui_rel20_4ghz_100mhz_5gnb_50ue_10slot_20260417_170900","lls_3gpp_rel20_anchor_4ghz_100mhz_waveform_honest_5gnb_50ue_10slot","a1a414876cde1a5883e2a2ab610e6603ef434ebb5b0a934bfcb8df1260a73d7c","packet_flow/csv/live_pucch_grants.csv","packet_flow/csv/live_pucch_grants.csv","canonical_control_reference_signal_runtime_evidence","runtime_populated","UL",1,13,3,15,15,NaN,171,"persisted_runtime_pucch_grant_row","packet_flow/csv/live_pucch_grants.csv","runtime_grant_backed_mirror",1,"webgui_rel20_4ghz_100mhz_5gnb_50ue_10slot_20260417_170900","lls_3gpp_rel20_anchor_4ghz_100mhz_waveform_honest_5gnb_50ue_10slot","lls_3gpp_rel20_anchor_4ghz_100mhz_waveform_honest_5gnb_50ue_10slot","a1a414876cde1a5883e2a2ab610e6603ef434ebb5b0a934bfcb8df1260a73d7c","2756cfb",104729,NaN,NaN,NaN,NaN,NaN,NaN,NaN,NaN,NaN,NaN,"not_applicable","not_applicable","sixgr.truth.exportControlPlaneTraces","implemented","runtime_control_grant_rows","packet_flow/csv/live_pucch_grants.csv","not_applicable",0,1
"UL","UL",1,13,13,9,16,16,16,3,3,0,1480,0,0,0,0,1,"harq_ack","pucchgrant:fbdir=UL:due=13:src=9:ue=16:rnti=16:harq=0:cell=3","runtime_harq_feedback_due_scheduler","scheduled_pending_execution",1,0,2,1,"uci_payload_size_demoted_to_short_format","pucch:cell=3:slot=13:rnti=16:reqfmt=2:resfmt=1:prb=29:1:sym=10:4",29,1,10,4,"runtime_deterministic_pucch_resource_assignment",1,12,"not_applicable","not_applicable","not_applicable",0,0,"full_per_link_channel_waveform_sum",0,"not_applicable","not_applicable",0,"not_applicable","not_applicable","not_applicable",0,0,0,"pending_feedback_due_slot",0,0,"harq_feedback_consumed_by_runtime_harq_and_scheduler","PENDING",0,"not_applicable","not_applicable","Explicit runtime PUCCH grant/resource object scheduled from HARQ feedback timing.","PUCCH","active_but_simplified","active_scheduled_pending_feedback_due_not_reached","harq_feedback_resource_grant_and_state_update_when_due","pending_feedback_due_slot",0,0,0,0,"runtime_pucch_grant_trace","explicit_pucch_grant_and_feedback_runtime_state","available_runtime_grant_state","canonical PUCCH grant/resource row; waveform decode fields become available only after the feedback due slot is processed",0,0,0,"feedback_due_slot_not_reached_in_this_bounded_run",1,"ac5aaa60-f202-419a-8426-02227c779291","webgui_rel20_4ghz_100mhz_5gnb_50ue_10slot_20260417_170900","lls_3gpp_rel20_anchor_4ghz_100mhz_waveform_honest_5gnb_50ue_10slot","a1a414876cde1a5883e2a2ab610e6603ef434ebb5b0a934bfcb8df1260a73d7c","packet_flow/csv/live_pucch_grants.csv","packet_flow/csv/live_pucch_grants.csv","canonical_control_reference_signal_runtime_evidence","runtime_populated","UL",1,13,3,16,16,NaN,172,"persisted_runtime_pucch_grant_row","packet_flow/csv/live_pucch_grants.csv","runtime_grant_backed_mirror",1,"webgui_rel20_4ghz_100mhz_5gnb_50ue_10slot_20260417_170900","lls_3gpp_rel20_anchor_4ghz_100mhz_waveform_honest_5gnb_50ue_10slot","lls_3gpp_rel20_anchor_4ghz_100mhz_waveform_honest_5gnb_50ue_10slot","a1a414876cde1a5883e2a2ab610e6603ef434ebb5b0a934bfcb8df1260a73d7c","2756cfb",104729,NaN,NaN,NaN,NaN,NaN,NaN,NaN,NaN,NaN,NaN,"not_applicable","not_applicable","sixgr.truth.exportControlPlaneTraces","implemented","runtime_control_grant_rows","packet_flow/csv/live_pucch_grants.csv","not_applicable",0,1
"UL","UL",1,13,13,9,18,18,18,3,3,0,1480,1,0,1,1,1,"harq_ack","pucchgrant:fbdir=UL:due=13:src=9:ue=18:rnti=18:harq=0:cell=3","runtime_harq_feedback_due_scheduler","scheduled_pending_execution",1,0,2,1,"uci_payload_size_demoted_to_short_format","pucch:cell=3:slot=13:rnti=18:reqfmt=2:resfmt=1:prb=31:1:sym=10:4",31,1,10,4,"runtime_deterministic_pucch_resource_assignment",1,12,"not_applicable","not_applicable","not_applicable",0,0,"full_per_link_channel_waveform_sum",0,"not_applicable","not_applicable",0,"not_applicable","not_applicable","not_applicable",0,0,0,"pending_feedback_due_slot",0,0,"harq_feedback_consumed_by_runtime_harq_and_scheduler","PENDING",0,"not_applicable","not_applicable","Explicit runtime PUCCH grant/resource object scheduled from HARQ feedback timing.","PUCCH","active_but_simplified","active_scheduled_pending_feedback_due_not_reached","harq_feedback_resource_grant_and_state_update_when_due","pending_feedback_due_slot",0,0,0,0,"runtime_pucch_grant_trace","explicit_pucch_grant_and_feedback_runtime_state","available_runtime_grant_state","canonical PUCCH grant/resource row; waveform decode fields become available only after the feedback due slot is processed",0,0,0,"feedback_due_slot_not_reached_in_this_bounded_run",1,"ac5aaa60-f202-419a-8426-02227c779291","webgui_rel20_4ghz_100mhz_5gnb_50ue_10slot_20260417_170900","lls_3gpp_rel20_anchor_4ghz_100mhz_waveform_honest_5gnb_50ue_10slot","a1a414876cde1a5883e2a2ab610e6603ef434ebb5b0a934bfcb8df1260a73d7c","packet_flow/csv/live_pucch_grants.csv","packet_flow/csv/live_pucch_grants.csv","canonical_control_reference_signal_runtime_evidence","runtime_populated","UL",1,13,3,18,18,NaN,173,"persisted_runtime_pucch_grant_row","packet_flow/csv/live_pucch_grants.csv","runtime_grant_backed_mirror",1,"webgui_rel20_4ghz_100mhz_5gnb_50ue_10slot_20260417_170900","lls_3gpp_rel20_anchor_4ghz_100mhz_waveform_honest_5gnb_50ue_10slot","lls_3gpp_rel20_anchor_4ghz_100mhz_waveform_honest_5gnb_50ue_10slot","a1a414876cde1a5883e2a2ab610e6603ef434ebb5b0a934bfcb8df1260a73d7c","2756cfb",104729,NaN,NaN,NaN,NaN,NaN,NaN,NaN,NaN,NaN,NaN,"not_applicable","not_applicable","sixgr.truth.exportControlPlaneTraces","implemented","runtime_control_grant_rows","packet_flow/csv/live_pucch_grants.csv","not_applicable",0,1
"UL","UL",1,13,13,9,23,23,23,3,3,0,1480,1,0,1,1,1,"harq_ack","pucchgrant:fbdir=UL:due=13:src=9:ue=23:rnti=23:harq=0:cell=3","runtime_harq_feedback_due_scheduler","scheduled_pending_execution",1,0,2,1,"uci_payload_size_demoted_to_short_format","pucch:cell=3:slot=13:rnti=23:reqfmt=2:resfmt=1:prb=36:1:sym=10:4",36,1,10,4,"runtime_deterministic_pucch_resource_assignment",1,12,"not_applicable","not_applicable","not_applicable",0,0,"full_per_link_channel_waveform_sum",0,"not_applicable","not_applicable",0,"not_applicable","not_applicable","not_applicable",0,0,0,"pending_feedback_due_slot",0,0,"harq_feedback_consumed_by_runtime_harq_and_scheduler","PENDING",0,"not_applicable","not_applicable","Explicit runtime PUCCH grant/resource object scheduled from HARQ feedback timing.","PUCCH","active_but_simplified","active_scheduled_pending_feedback_due_not_reached","harq_feedback_resource_grant_and_state_update_when_due","pending_feedback_due_slot",0,0,0,0,"runtime_pucch_grant_trace","explicit_pucch_grant_and_feedback_runtime_state","available_runtime_grant_state","canonical PUCCH grant/resource row; waveform decode fields become available only after the feedback due slot is processed",0,0,0,"feedback_due_slot_not_reached_in_this_bounded_run",1,"ac5aaa60-f202-419a-8426-02227c779291","webgui_rel20_4ghz_100mhz_5gnb_50ue_10slot_20260417_170900","lls_3gpp_rel20_anchor_4ghz_100mhz_waveform_honest_5gnb_50ue_10slot","a1a414876cde1a5883e2a2ab610e6603ef434ebb5b0a934bfcb8df1260a73d7c","packet_flow/csv/live_pucch_grants.csv","packet_flow/csv/live_pucch_grants.csv","canonical_control_reference_signal_runtime_evidence","runtime_populated","UL",1,13,3,23,23,NaN,174,"persisted_runtime_pucch_grant_row","packet_flow/csv/live_pucch_grants.csv","runtime_grant_backed_mirror",1,"webgui_rel20_4ghz_100mhz_5gnb_50ue_10slot_20260417_170900","lls_3gpp_rel20_anchor_4ghz_100mhz_waveform_honest_5gnb_50ue_10slot","lls_3gpp_rel20_anchor_4ghz_100mhz_waveform_honest_5gnb_50ue_10slot","a1a414876cde1a5883e2a2ab610e6603ef434ebb5b0a934bfcb8df1260a73d7c","2756cfb",104729,NaN,NaN,NaN,NaN,NaN,NaN,NaN,NaN,NaN,NaN,"not_applicable","not_applicable","sixgr.truth.exportControlPlaneTraces","implemented","runtime_control_grant_rows","packet_flow/csv/live_pucch_grants.csv","not_applicable",0,1
"UL","UL",1,13,13,9,24,24,24,3,3,0,1480,0,0,0,0,1,"harq_ack","pucchgrant:fbdir=UL:due=13:src=9:ue=24:rnti=24:harq=0:cell=3","runtime_harq_feedback_due_scheduler","scheduled_pending_execution",1,0,2,1,"uci_payload_size_demoted_to_short_format","pucch:cell=3:slot=13:rnti=24:reqfmt=2:resfmt=1:prb=37:1:sym=10:4",37,1,10,4,"runtime_deterministic_pucch_resource_assignment",1,12,"not_applicable","not_applicable","not_applicable",0,0,"full_per_link_channel_waveform_sum",0,"not_applicable","not_applicable",0,"not_applicable","not_applicable","not_applicable",0,0,0,"pending_feedback_due_slot",0,0,"harq_feedback_consumed_by_runtime_harq_and_scheduler","PENDING",0,"not_applicable","not_applicable","Explicit runtime PUCCH grant/resource object scheduled from HARQ feedback timing.","PUCCH","active_but_simplified","active_scheduled_pending_feedback_due_not_reached","harq_feedback_resource_grant_and_state_update_when_due","pending_feedback_due_slot",0,0,0,0,"runtime_pucch_grant_trace","explicit_pucch_grant_and_feedback_runtime_state","available_runtime_grant_state","canonical PUCCH grant/resource row; waveform decode fields become available only after the feedback due slot is processed",0,0,0,"feedback_due_slot_not_reached_in_this_bounded_run",1,"ac5aaa60-f202-419a-8426-02227c779291","webgui_rel20_4ghz_100mhz_5gnb_50ue_10slot_20260417_170900","lls_3gpp_rel20_anchor_4ghz_100mhz_waveform_honest_5gnb_50ue_10slot","a1a414876cde1a5883e2a2ab610e6603ef434ebb5b0a934bfcb8df1260a73d7c","packet_flow/csv/live_pucch_grants.csv","packet_flow/csv/live_pucch_grants.csv","canonical_control_reference_signal_runtime_evidence","runtime_populated","UL",1,13,3,24,24,NaN,175,"persisted_runtime_pucch_grant_row","packet_flow/csv/live_pucch_grants.csv","runtime_grant_backed_mirror",1,"webgui_rel20_4ghz_100mhz_5gnb_50ue_10slot_20260417_170900","lls_3gpp_rel20_anchor_4ghz_100mhz_waveform_honest_5gnb_50ue_10slot","lls_3gpp_rel20_anchor_4ghz_100mhz_waveform_honest_5gnb_50ue_10slot","a1a414876cde1a5883e2a2ab610e6603ef434ebb5b0a934bfcb8df1260a73d7c","2756cfb",104729,NaN,NaN,NaN,NaN,NaN,NaN,NaN,NaN,NaN,NaN,"not_applicable","not_applicable","sixgr.truth.exportControlPlaneTraces","implemented","runtime_control_grant_rows","packet_flow/csv/live_pucch_grants.csv","not_applicable",0,1
"UL","UL",1,13,13,9,33,33,33,3,3,0,1480,0,0,0,0,1,"harq_ack","pucchgrant:fbdir=UL:due=13:src=9:ue=33:rnti=33:harq=0:cell=3","runtime_harq_feedback_due_scheduler","scheduled_pending_execution",1,0,2,1,"uci_payload_size_demoted_to_short_format","pucch:cell=3:slot=13:rnti=33:reqfmt=2:resfmt=1:prb=46:1:sym=10:4",46,1,10,4,"runtime_deterministic_pucch_resource_assignment",1,12,"not_applicable","not_applicable","not_applicable",0,0,"full_per_link_channel_waveform_sum",0,"not_applicable","not_applicable",0,"not_applicable","not_applicable","not_applicable",0,0,0,"pending_feedback_due_slot",0,0,"harq_feedback_consumed_by_runtime_harq_and_scheduler","PENDING",0,"not_applicable","not_applicable","Explicit runtime PUCCH grant/resource object scheduled from HARQ feedback timing.","PUCCH","active_but_simplified","active_scheduled_pending_feedback_due_not_reached","harq_feedback_resource_grant_and_state_update_when_due","pending_feedback_due_slot",0,0,0,0,"runtime_pucch_grant_trace","explicit_pucch_grant_and_feedback_runtime_state","available_runtime_grant_state","canonical PUCCH grant/resource row; waveform decode fields become available only after the feedback due slot is processed",0,0,0,"feedback_due_slot_not_reached_in_this_bounded_run",1,"ac5aaa60-f202-419a-8426-02227c779291","webgui_rel20_4ghz_100mhz_5gnb_50ue_10slot_20260417_170900","lls_3gpp_rel20_anchor_4ghz_100mhz_waveform_honest_5gnb_50ue_10slot","a1a414876cde1a5883e2a2ab610e6603ef434ebb5b0a934bfcb8df1260a73d7c","packet_flow/csv/live_pucch_grants.csv","packet_flow/csv/live_pucch_grants.csv","canonical_control_reference_signal_runtime_evidence","runtime_populated","UL",1,13,3,33,33,NaN,176,"persisted_runtime_pucch_grant_row","packet_flow/csv/live_pucch_grants.csv","runtime_grant_backed_mirror",1,"webgui_rel20_4ghz_100mhz_5gnb_50ue_10slot_20260417_170900","lls_3gpp_rel20_anchor_4ghz_100mhz_waveform_honest_5gnb_50ue_10slot","lls_3gpp_rel20_anchor_4ghz_100mhz_waveform_honest_5gnb_50ue_10slot","a1a414876cde1a5883e2a2ab610e6603ef434ebb5b0a934bfcb8df1260a73d7c","2756cfb",104729,NaN,NaN,NaN,NaN,NaN,NaN,NaN,NaN,NaN,NaN,"not_applicable","not_applicable","sixgr.truth.exportControlPlaneTraces","implemented","runtime_control_grant_rows","packet_flow/csv/live_pucch_grants.csv","not_applicable",0,1
"UL","UL",1,13,13,9,8,8,8,4,4,0,1256,0,0,0,0,1,"harq_ack","pucchgrant:fbdir=UL:due=13:src=9:ue=8:rnti=8:harq=0:cell=4","runtime_harq_feedback_due_scheduler","scheduled_pending_execution",1,0,2,1,"uci_payload_size_demoted_to_short_format","pucch:cell=4:slot=13:rnti=8:reqfmt=2:resfmt=1:prb=28:1:sym=10:4",28,1,10,4,"runtime_deterministic_pucch_resource_assignment",1,12,"not_applicable","not_applicable","not_applicable",0,0,"full_per_link_channel_waveform_sum",0,"not_applicable","not_applicable",0,"not_applicable","not_applicable","not_applicable",0,0,0,"pending_feedback_due_slot",0,0,"harq_feedback_consumed_by_runtime_harq_and_scheduler","PENDING",0,"not_applicable","not_applicable","Explicit runtime PUCCH grant/resource object scheduled from HARQ feedback timing.","PUCCH","active_but_simplified","active_scheduled_pending_feedback_due_not_reached","harq_feedback_resource_grant_and_state_update_when_due","pending_feedback_due_slot",0,0,0,0,"runtime_pucch_grant_trace","explicit_pucch_grant_and_feedback_runtime_state","available_runtime_grant_state","canonical PUCCH grant/resource row; waveform decode fields become available only after the feedback due slot is processed",0,0,0,"feedback_due_slot_not_reached_in_this_bounded_run",1,"ac5aaa60-f202-419a-8426-02227c779291","webgui_rel20_4ghz_100mhz_5gnb_50ue_10slot_20260417_170900","lls_3gpp_rel20_anchor_4ghz_100mhz_waveform_honest_5gnb_50ue_10slot","a1a414876cde1a5883e2a2ab610e6603ef434ebb5b0a934bfcb8df1260a73d7c","packet_flow/csv/live_pucch_grants.csv","packet_flow/csv/live_pucch_grants.csv","canonical_control_reference_signal_runtime_evidence","runtime_populated","UL",1,13,4,8,8,NaN,177,"persisted_runtime_pucch_grant_row","packet_flow/csv/live_pucch_grants.csv","runtime_grant_backed_mirror",1,"webgui_rel20_4ghz_100mhz_5gnb_50ue_10slot_20260417_170900","lls_3gpp_rel20_anchor_4ghz_100mhz_waveform_honest_5gnb_50ue_10slot","lls_3gpp_rel20_anchor_4ghz_100mhz_waveform_honest_5gnb_50ue_10slot","a1a414876cde1a5883e2a2ab610e6603ef434ebb5b0a934bfcb8df1260a73d7c","2756cfb",104729,NaN,NaN,NaN,NaN,NaN,NaN,NaN,NaN,NaN,NaN,"not_applicable","not_applicable","sixgr.truth.exportControlPlaneTraces","implemented","runtime_control_grant_rows","packet_flow/csv/live_pucch_grants.csv","not_applicable",0,1
"UL","UL",1,13,13,9,20,20,20,4,4,0,1256,0,0,0,0,1,"harq_ack","pucchgrant:fbdir=UL:due=13:src=9:ue=20:rnti=20:harq=0:cell=4","runtime_harq_feedback_due_scheduler","scheduled_pending_execution",1,0,2,1,"uci_payload_size_demoted_to_short_format","pucch:cell=4:slot=13:rnti=20:reqfmt=2:resfmt=1:prb=40:1:sym=10:4",40,1,10,4,"runtime_deterministic_pucch_resource_assignment",1,12,"not_applicable","not_applicable","not_applicable",0,0,"full_per_link_channel_waveform_sum",0,"not_applicable","not_applicable",0,"not_applicable","not_applicable","not_applicable",0,0,0,"pending_feedback_due_slot",0,0,"harq_feedback_consumed_by_runtime_harq_and_scheduler","PENDING",0,"not_applicable","not_applicable","Explicit runtime PUCCH grant/resource object scheduled from HARQ feedback timing.","PUCCH","active_but_simplified","active_scheduled_pending_feedback_due_not_reached","harq_feedback_resource_grant_and_state_update_when_due","pending_feedback_due_slot",0,0,0,0,"runtime_pucch_grant_trace","explicit_pucch_grant_and_feedback_runtime_state","available_runtime_grant_state","canonical PUCCH grant/resource row; waveform decode fields become available only after the feedback due slot is processed",0,0,0,"feedback_due_slot_not_reached_in_this_bounded_run",1,"ac5aaa60-f202-419a-8426-02227c779291","webgui_rel20_4ghz_100mhz_5gnb_50ue_10slot_20260417_170900","lls_3gpp_rel20_anchor_4ghz_100mhz_waveform_honest_5gnb_50ue_10slot","a1a414876cde1a5883e2a2ab610e6603ef434ebb5b0a934bfcb8df1260a73d7c","packet_flow/csv/live_pucch_grants.csv","packet_flow/csv/live_pucch_grants.csv","canonical_control_reference_signal_runtime_evidence","runtime_populated","UL",1,13,4,20,20,NaN,178,"persisted_runtime_pucch_grant_row","packet_flow/csv/live_pucch_grants.csv","runtime_grant_backed_mirror",1,"webgui_rel20_4ghz_100mhz_5gnb_50ue_10slot_20260417_170900","lls_3gpp_rel20_anchor_4ghz_100mhz_waveform_honest_5gnb_50ue_10slot","lls_3gpp_rel20_anchor_4ghz_100mhz_waveform_honest_5gnb_50ue_10slot","a1a414876cde1a5883e2a2ab610e6603ef434ebb5b0a934bfcb8df1260a73d7c","2756cfb",104729,NaN,NaN,NaN,NaN,NaN,NaN,NaN,NaN,NaN,NaN,"not_applicable","not_applicable","sixgr.truth.exportControlPlaneTraces","implemented","runtime_control_grant_rows","packet_flow/csv/live_pucch_grants.csv","not_applicable",0,1
"UL","UL",1,13,13,9,22,22,22,4,4,0,1256,1,0,1,1,1,"harq_ack","pucchgrant:fbdir=UL:due=13:src=9:ue=22:rnti=22:harq=0:cell=4","runtime_harq_feedback_due_scheduler","scheduled_pending_execution",1,0,2,1,"uci_payload_size_demoted_to_short_format","pucch:cell=4:slot=13:rnti=22:reqfmt=2:resfmt=1:prb=42:1:sym=10:4",42,1,10,4,"runtime_deterministic_pucch_resource_assignment",1,12,"not_applicable","not_applicable","not_applicable",0,0,"full_per_link_channel_waveform_sum",0,"not_applicable","not_applicable",0,"not_applicable","not_applicable","not_applicable",0,0,0,"pending_feedback_due_slot",0,0,"harq_feedback_consumed_by_runtime_harq_and_scheduler","PENDING",0,"not_applicable","not_applicable","Explicit runtime PUCCH grant/resource object scheduled from HARQ feedback timing.","PUCCH","active_but_simplified","active_scheduled_pending_feedback_due_not_reached","harq_feedback_resource_grant_and_state_update_when_due","pending_feedback_due_slot",0,0,0,0,"runtime_pucch_grant_trace","explicit_pucch_grant_and_feedback_runtime_state","available_runtime_grant_state","canonical PUCCH grant/resource row; waveform decode fields become available only after the feedback due slot is processed",0,0,0,"feedback_due_slot_not_reached_in_this_bounded_run",1,"ac5aaa60-f202-419a-8426-02227c779291","webgui_rel20_4ghz_100mhz_5gnb_50ue_10slot_20260417_170900","lls_3gpp_rel20_anchor_4ghz_100mhz_waveform_honest_5gnb_50ue_10slot","a1a414876cde1a5883e2a2ab610e6603ef434ebb5b0a934bfcb8df1260a73d7c","packet_flow/csv/live_pucch_grants.csv","packet_flow/csv/live_pucch_grants.csv","canonical_control_reference_signal_runtime_evidence","runtime_populated","UL",1,13,4,22,22,NaN,179,"persisted_runtime_pucch_grant_row","packet_flow/csv/live_pucch_grants.csv","runtime_grant_backed_mirror",1,"webgui_rel20_4ghz_100mhz_5gnb_50ue_10slot_20260417_170900","lls_3gpp_rel20_anchor_4ghz_100mhz_waveform_honest_5gnb_50ue_10slot","lls_3gpp_rel20_anchor_4ghz_100mhz_waveform_honest_5gnb_50ue_10slot","a1a414876cde1a5883e2a2ab610e6603ef434ebb5b0a934bfcb8df1260a73d7c","2756cfb",104729,NaN,NaN,NaN,NaN,NaN,NaN,NaN,NaN,NaN,NaN,"not_applicable","not_applicable","sixgr.truth.exportControlPlaneTraces","implemented","runtime_control_grant_rows","packet_flow/csv/live_pucch_grants.csv","not_applicable",0,1
"UL","UL",1,13,13,9,32,32,32,4,4,0,1256,0,0,0,0,1,"harq_ack","pucchgrant:fbdir=UL:due=13:src=9:ue=32:rnti=32:harq=0:cell=4","runtime_harq_feedback_due_scheduler","scheduled_pending_execution",1,0,2,1,"uci_payload_size_demoted_to_short_format","pucch:cell=4:slot=13:rnti=32:reqfmt=2:resfmt=1:prb=52:1:sym=10:4",52,1,10,4,"runtime_deterministic_pucch_resource_assignment",1,12,"not_applicable","not_applicable","not_applicable",0,0,"full_per_link_channel_waveform_sum",0,"not_applicable","not_applicable",0,"not_applicable","not_applicable","not_applicable",0,0,0,"pending_feedback_due_slot",0,0,"harq_feedback_consumed_by_runtime_harq_and_scheduler","PENDING",0,"not_applicable","not_applicable","Explicit runtime PUCCH grant/resource object scheduled from HARQ feedback timing.","PUCCH","active_but_simplified","active_scheduled_pending_feedback_due_not_reached","harq_feedback_resource_grant_and_state_update_when_due","pending_feedback_due_slot",0,0,0,0,"runtime_pucch_grant_trace","explicit_pucch_grant_and_feedback_runtime_state","available_runtime_grant_state","canonical PUCCH grant/resource row; waveform decode fields become available only after the feedback due slot is processed",0,0,0,"feedback_due_slot_not_reached_in_this_bounded_run",1,"ac5aaa60-f202-419a-8426-02227c779291","webgui_rel20_4ghz_100mhz_5gnb_50ue_10slot_20260417_170900","lls_3gpp_rel20_anchor_4ghz_100mhz_waveform_honest_5gnb_50ue_10slot","a1a414876cde1a5883e2a2ab610e6603ef434ebb5b0a934bfcb8df1260a73d7c","packet_flow/csv/live_pucch_grants.csv","packet_flow/csv/live_pucch_grants.csv","canonical_control_reference_signal_runtime_evidence","runtime_populated","UL",1,13,4,32,32,NaN,180,"persisted_runtime_pucch_grant_row","packet_flow/csv/live_pucch_grants.csv","runtime_grant_backed_mirror",1,"webgui_rel20_4ghz_100mhz_5gnb_50ue_10slot_20260417_170900","lls_3gpp_rel20_anchor_4ghz_100mhz_waveform_honest_5gnb_50ue_10slot","lls_3gpp_rel20_anchor_4ghz_100mhz_waveform_honest_5gnb_50ue_10slot","a1a414876cde1a5883e2a2ab610e6603ef434ebb5b0a934bfcb8df1260a73d7c","2756cfb",104729,NaN,NaN,NaN,NaN,NaN,NaN,NaN,NaN,NaN,NaN,"not_applicable","not_applicable","sixgr.truth.exportControlPlaneTraces","implemented","runtime_control_grant_rows","packet_flow/csv/live_pucch_grants.csv","not_applicable",0,1
"UL","UL",1,13,13,9,34,34,34,4,4,0,1256,0,0,0,0,1,"harq_ack","pucchgrant:fbdir=UL:due=13:src=9:ue=34:rnti=34:harq=0:cell=4","runtime_harq_feedback_due_scheduler","scheduled_pending_execution",1,0,2,1,"uci_payload_size_demoted_to_short_format","pucch:cell=4:slot=13:rnti=34:reqfmt=2:resfmt=1:prb=54:1:sym=10:4",54,1,10,4,"runtime_deterministic_pucch_resource_assignment",1,12,"not_applicable","not_applicable","not_applicable",0,0,"full_per_link_channel_waveform_sum",0,"not_applicable","not_applicable",0,"not_applicable","not_applicable","not_applicable",0,0,0,"pending_feedback_due_slot",0,0,"harq_feedback_consumed_by_runtime_harq_and_scheduler","PENDING",0,"not_applicable","not_applicable","Explicit runtime PUCCH grant/resource object scheduled from HARQ feedback timing.","PUCCH","active_but_simplified","active_scheduled_pending_feedback_due_not_reached","harq_feedback_resource_grant_and_state_update_when_due","pending_feedback_due_slot",0,0,0,0,"runtime_pucch_grant_trace","explicit_pucch_grant_and_feedback_runtime_state","available_runtime_grant_state","canonical PUCCH grant/resource row; waveform decode fields become available only after the feedback due slot is processed",0,0,0,"feedback_due_slot_not_reached_in_this_bounded_run",1,"ac5aaa60-f202-419a-8426-02227c779291","webgui_rel20_4ghz_100mhz_5gnb_50ue_10slot_20260417_170900","lls_3gpp_rel20_anchor_4ghz_100mhz_waveform_honest_5gnb_50ue_10slot","a1a414876cde1a5883e2a2ab610e6603ef434ebb5b0a934bfcb8df1260a73d7c","packet_flow/csv/live_pucch_grants.csv","packet_flow/csv/live_pucch_grants.csv","canonical_control_reference_signal_runtime_evidence","runtime_populated","UL",1,13,4,34,34,NaN,181,"persisted_runtime_pucch_grant_row","packet_flow/csv/live_pucch_grants.csv","runtime_grant_backed_mirror",1,"webgui_rel20_4ghz_100mhz_5gnb_50ue_10slot_20260417_170900","lls_3gpp_rel20_anchor_4ghz_100mhz_waveform_honest_5gnb_50ue_10slot","lls_3gpp_rel20_anchor_4ghz_100mhz_waveform_honest_5gnb_50ue_10slot","a1a414876cde1a5883e2a2ab610e6603ef434ebb5b0a934bfcb8df1260a73d7c","2756cfb",104729,NaN,NaN,NaN,NaN,NaN,NaN,NaN,NaN,NaN,NaN,"not_applicable","not_applicable","sixgr.truth.exportControlPlaneTraces","implemented","runtime_control_grant_rows","packet_flow/csv/live_pucch_grants.csv","not_applicable",0,1
"UL","UL",1,13,13,9,37,37,37,4,4,0,1256,1,0,1,1,1,"harq_ack","pucchgrant:fbdir=UL:due=13:src=9:ue=37:rnti=37:harq=0:cell=4","runtime_harq_feedback_due_scheduler","scheduled_pending_execution",1,0,2,1,"uci_payload_size_demoted_to_short_format","pucch:cell=4:slot=13:rnti=37:reqfmt=2:resfmt=1:prb=57:1:sym=10:4",57,1,10,4,"runtime_deterministic_pucch_resource_assignment",1,12,"not_applicable","not_applicable","not_applicable",0,0,"full_per_link_channel_waveform_sum",0,"not_applicable","not_applicable",0,"not_applicable","not_applicable","not_applicable",0,0,0,"pending_feedback_due_slot",0,0,"harq_feedback_consumed_by_runtime_harq_and_scheduler","PENDING",0,"not_applicable","not_applicable","Explicit runtime PUCCH grant/resource object scheduled from HARQ feedback timing.","PUCCH","active_but_simplified","active_scheduled_pending_feedback_due_not_reached","harq_feedback_resource_grant_and_state_update_when_due","pending_feedback_due_slot",0,0,0,0,"runtime_pucch_grant_trace","explicit_pucch_grant_and_feedback_runtime_state","available_runtime_grant_state","canonical PUCCH grant/resource row; waveform decode fields become available only after the feedback due slot is processed",0,0,0,"feedback_due_slot_not_reached_in_this_bounded_run",1,"ac5aaa60-f202-419a-8426-02227c779291","webgui_rel20_4ghz_100mhz_5gnb_50ue_10slot_20260417_170900","lls_3gpp_rel20_anchor_4ghz_100mhz_waveform_honest_5gnb_50ue_10slot","a1a414876cde1a5883e2a2ab610e6603ef434ebb5b0a934bfcb8df1260a73d7c","packet_flow/csv/live_pucch_grants.csv","packet_flow/csv/live_pucch_grants.csv","canonical_control_reference_signal_runtime_evidence","runtime_populated","UL",1,13,4,37,37,NaN,182,"persisted_runtime_pucch_grant_row","packet_flow/csv/live_pucch_grants.csv","runtime_grant_backed_mirror",1,"webgui_rel20_4ghz_100mhz_5gnb_50ue_10slot_20260417_170900","lls_3gpp_rel20_anchor_4ghz_100mhz_waveform_honest_5gnb_50ue_10slot","lls_3gpp_rel20_anchor_4ghz_100mhz_waveform_honest_5gnb_50ue_10slot","a1a414876cde1a5883e2a2ab610e6603ef434ebb5b0a934bfcb8df1260a73d7c","2756cfb",104729,NaN,NaN,NaN,NaN,NaN,NaN,NaN,NaN,NaN,NaN,"not_applicable","not_applicable","sixgr.truth.exportControlPlaneTraces","implemented","runtime_control_grant_rows","packet_flow/csv/live_pucch_grants.csv","not_applicable",0,1
"UL","UL",1,13,13,9,38,38,38,4,4,0,1256,1,0,1,1,1,"harq_ack","pucchgrant:fbdir=UL:due=13:src=9:ue=38:rnti=38:harq=0:cell=4","runtime_harq_feedback_due_scheduler","scheduled_pending_execution",1,0,2,1,"uci_payload_size_demoted_to_short_format","pucch:cell=4:slot=13:rnti=38:reqfmt=2:resfmt=1:prb=58:1:sym=10:4",58,1,10,4,"runtime_deterministic_pucch_resource_assignment",1,12,"not_applicable","not_applicable","not_applicable",0,0,"full_per_link_channel_waveform_sum",0,"not_applicable","not_applicable",0,"not_applicable","not_applicable","not_applicable",0,0,0,"pending_feedback_due_slot",0,0,"harq_feedback_consumed_by_runtime_harq_and_scheduler","PENDING",0,"not_applicable","not_applicable","Explicit runtime PUCCH grant/resource object scheduled from HARQ feedback timing.","PUCCH","active_but_simplified","active_scheduled_pending_feedback_due_not_reached","harq_feedback_resource_grant_and_state_update_when_due","pending_feedback_due_slot",0,0,0,0,"runtime_pucch_grant_trace","explicit_pucch_grant_and_feedback_runtime_state","available_runtime_grant_state","canonical PUCCH grant/resource row; waveform decode fields become available only after the feedback due slot is processed",0,0,0,"feedback_due_slot_not_reached_in_this_bounded_run",1,"ac5aaa60-f202-419a-8426-02227c779291","webgui_rel20_4ghz_100mhz_5gnb_50ue_10slot_20260417_170900","lls_3gpp_rel20_anchor_4ghz_100mhz_waveform_honest_5gnb_50ue_10slot","a1a414876cde1a5883e2a2ab610e6603ef434ebb5b0a934bfcb8df1260a73d7c","packet_flow/csv/live_pucch_grants.csv","packet_flow/csv/live_pucch_grants.csv","canonical_control_reference_signal_runtime_evidence","runtime_populated","UL",1,13,4,38,38,NaN,183,"persisted_runtime_pucch_grant_row","packet_flow/csv/live_pucch_grants.csv","runtime_grant_backed_mirror",1,"webgui_rel20_4ghz_100mhz_5gnb_50ue_10slot_20260417_170900","lls_3gpp_rel20_anchor_4ghz_100mhz_waveform_honest_5gnb_50ue_10slot","lls_3gpp_rel20_anchor_4ghz_100mhz_waveform_honest_5gnb_50ue_10slot","a1a414876cde1a5883e2a2ab610e6603ef434ebb5b0a934bfcb8df1260a73d7c","2756cfb",104729,NaN,NaN,NaN,NaN,NaN,NaN,NaN,NaN,NaN,NaN,"not_applicable","not_applicable","sixgr.truth.exportControlPlaneTraces","implemented","runtime_control_grant_rows","packet_flow/csv/live_pucch_grants.csv","not_applicable",0,1
"UL","UL",1,13,13,9,42,42,42,4,4,0,1256,1,0,1,1,1,"harq_ack","pucchgrant:fbdir=UL:due=13:src=9:ue=42:rnti=42:harq=0:cell=4","runtime_harq_feedback_due_scheduler","scheduled_pending_execution",1,0,2,1,"uci_payload_size_demoted_to_short_format","pucch:cell=4:slot=13:rnti=42:reqfmt=2:resfmt=1:prb=62:1:sym=10:4",62,1,10,4,"runtime_deterministic_pucch_resource_assignment",1,12,"not_applicable","not_applicable","not_applicable",0,0,"full_per_link_channel_waveform_sum",0,"not_applicable","not_applicable",0,"not_applicable","not_applicable","not_applicable",0,0,0,"pending_feedback_due_slot",0,0,"harq_feedback_consumed_by_runtime_harq_and_scheduler","PENDING",0,"not_applicable","not_applicable","Explicit runtime PUCCH grant/resource object scheduled from HARQ feedback timing.","PUCCH","active_but_simplified","active_scheduled_pending_feedback_due_not_reached","harq_feedback_resource_grant_and_state_update_when_due","pending_feedback_due_slot",0,0,0,0,"runtime_pucch_grant_trace","explicit_pucch_grant_and_feedback_runtime_state","available_runtime_grant_state","canonical PUCCH grant/resource row; waveform decode fields become available only after the feedback due slot is processed",0,0,0,"feedback_due_slot_not_reached_in_this_bounded_run",1,"ac5aaa60-f202-419a-8426-02227c779291","webgui_rel20_4ghz_100mhz_5gnb_50ue_10slot_20260417_170900","lls_3gpp_rel20_anchor_4ghz_100mhz_waveform_honest_5gnb_50ue_10slot","a1a414876cde1a5883e2a2ab610e6603ef434ebb5b0a934bfcb8df1260a73d7c","packet_flow/csv/live_pucch_grants.csv","packet_flow/csv/live_pucch_grants.csv","canonical_control_reference_signal_runtime_evidence","runtime_populated","UL",1,13,4,42,42,NaN,184,"persisted_runtime_pucch_grant_row","packet_flow/csv/live_pucch_grants.csv","runtime_grant_backed_mirror",1,"webgui_rel20_4ghz_100mhz_5gnb_50ue_10slot_20260417_170900","lls_3gpp_rel20_anchor_4ghz_100mhz_waveform_honest_5gnb_50ue_10slot","lls_3gpp_rel20_anchor_4ghz_100mhz_waveform_honest_5gnb_50ue_10slot","a1a414876cde1a5883e2a2ab610e6603ef434ebb5b0a934bfcb8df1260a73d7c","2756cfb",104729,NaN,NaN,NaN,NaN,NaN,NaN,NaN,NaN,NaN,NaN,"not_applicable","not_applicable","sixgr.truth.exportControlPlaneTraces","implemented","runtime_control_grant_rows","packet_flow/csv/live_pucch_grants.csv","not_applicable",0,1
"UL","UL",1,13,13,9,44,44,44,4,4,0,1256,1,0,1,1,1,"harq_ack","pucchgrant:fbdir=UL:due=13:src=9:ue=44:rnti=44:harq=0:cell=4","runtime_harq_feedback_due_scheduler","scheduled_pending_execution",1,0,2,1,"uci_payload_size_demoted_to_short_format","pucch:cell=4:slot=13:rnti=44:reqfmt=2:resfmt=1:prb=64:1:sym=10:4",64,1,10,4,"runtime_deterministic_pucch_resource_assignment",1,12,"not_applicable","not_applicable","not_applicable",0,0,"full_per_link_channel_waveform_sum",0,"not_applicable","not_applicable",0,"not_applicable","not_applicable","not_applicable",0,0,0,"pending_feedback_due_slot",0,0,"harq_feedback_consumed_by_runtime_harq_and_scheduler","PENDING",0,"not_applicable","not_applicable","Explicit runtime PUCCH grant/resource object scheduled from HARQ feedback timing.","PUCCH","active_but_simplified","active_scheduled_pending_feedback_due_not_reached","harq_feedback_resource_grant_and_state_update_when_due","pending_feedback_due_slot",0,0,0,0,"runtime_pucch_grant_trace","explicit_pucch_grant_and_feedback_runtime_state","available_runtime_grant_state","canonical PUCCH grant/resource row; waveform decode fields become available only after the feedback due slot is processed",0,0,0,"feedback_due_slot_not_reached_in_this_bounded_run",1,"ac5aaa60-f202-419a-8426-02227c779291","webgui_rel20_4ghz_100mhz_5gnb_50ue_10slot_20260417_170900","lls_3gpp_rel20_anchor_4ghz_100mhz_waveform_honest_5gnb_50ue_10slot","a1a414876cde1a5883e2a2ab610e6603ef434ebb5b0a934bfcb8df1260a73d7c","packet_flow/csv/live_pucch_grants.csv","packet_flow/csv/live_pucch_grants.csv","canonical_control_reference_signal_runtime_evidence","runtime_populated","UL",1,13,4,44,44,NaN,185,"persisted_runtime_pucch_grant_row","packet_flow/csv/live_pucch_grants.csv","runtime_grant_backed_mirror",1,"webgui_rel20_4ghz_100mhz_5gnb_50ue_10slot_20260417_170900","lls_3gpp_rel20_anchor_4ghz_100mhz_waveform_honest_5gnb_50ue_10slot","lls_3gpp_rel20_anchor_4ghz_100mhz_waveform_honest_5gnb_50ue_10slot","a1a414876cde1a5883e2a2ab610e6603ef434ebb5b0a934bfcb8df1260a73d7c","2756cfb",104729,NaN,NaN,NaN,NaN,NaN,NaN,NaN,NaN,NaN,NaN,"not_applicable","not_applicable","sixgr.truth.exportControlPlaneTraces","implemented","runtime_control_grant_rows","packet_flow/csv/live_pucch_grants.csv","not_applicable",0,1
"UL","UL",1,13,13,9,49,49,49,4,4,0,1256,1,0,1,1,1,"harq_ack","pucchgrant:fbdir=UL:due=13:src=9:ue=49:rnti=49:harq=0:cell=4","runtime_harq_feedback_due_scheduler","scheduled_pending_execution",1,0,2,1,"uci_payload_size_demoted_to_short_format","pucch:cell=4:slot=13:rnti=49:reqfmt=2:resfmt=1:prb=69:1:sym=10:4",69,1,10,4,"runtime_deterministic_pucch_resource_assignment",1,12,"not_applicable","not_applicable","not_applicable",0,0,"full_per_link_channel_waveform_sum",0,"not_applicable","not_applicable",0,"not_applicable","not_applicable","not_applicable",0,0,0,"pending_feedback_due_slot",0,0,"harq_feedback_consumed_by_runtime_harq_and_scheduler","PENDING",0,"not_applicable","not_applicable","Explicit runtime PUCCH grant/resource object scheduled from HARQ feedback timing.","PUCCH","active_but_simplified","active_scheduled_pending_feedback_due_not_reached","harq_feedback_resource_grant_and_state_update_when_due","pending_feedback_due_slot",0,0,0,0,"runtime_pucch_grant_trace","explicit_pucch_grant_and_feedback_runtime_state","available_runtime_grant_state","canonical PUCCH grant/resource row; waveform decode fields become available only after the feedback due slot is processed",0,0,0,"feedback_due_slot_not_reached_in_this_bounded_run",1,"ac5aaa60-f202-419a-8426-02227c779291","webgui_rel20_4ghz_100mhz_5gnb_50ue_10slot_20260417_170900","lls_3gpp_rel20_anchor_4ghz_100mhz_waveform_honest_5gnb_50ue_10slot","a1a414876cde1a5883e2a2ab610e6603ef434ebb5b0a934bfcb8df1260a73d7c","packet_flow/csv/live_pucch_grants.csv","packet_flow/csv/live_pucch_grants.csv","canonical_control_reference_signal_runtime_evidence","runtime_populated","UL",1,13,4,49,49,NaN,186,"persisted_runtime_pucch_grant_row","packet_flow/csv/live_pucch_grants.csv","runtime_grant_backed_mirror",1,"webgui_rel20_4ghz_100mhz_5gnb_50ue_10slot_20260417_170900","lls_3gpp_rel20_anchor_4ghz_100mhz_waveform_honest_5gnb_50ue_10slot","lls_3gpp_rel20_anchor_4ghz_100mhz_waveform_honest_5gnb_50ue_10slot","a1a414876cde1a5883e2a2ab610e6603ef434ebb5b0a934bfcb8df1260a73d7c","2756cfb",104729,NaN,NaN,NaN,NaN,NaN,NaN,NaN,NaN,NaN,NaN,"not_applicable","not_applicable","sixgr.truth.exportControlPlaneTraces","implemented","runtime_control_grant_rows","packet_flow/csv/live_pucch_grants.csv","not_applicable",0,1
"UL","UL",1,13,13,9,1,1,1,5,5,0,1064,0,0,0,0,1,"harq_ack","pucchgrant:fbdir=UL:due=13:src=9:ue=1:rnti=1:harq=0:cell=5","runtime_harq_feedback_due_scheduler","scheduled_pending_execution",1,0,2,1,"uci_payload_size_demoted_to_short_format","pucch:cell=5:slot=13:rnti=1:reqfmt=2:resfmt=1:prb=28:1:sym=10:4",28,1,10,4,"runtime_deterministic_pucch_resource_assignment",1,12,"not_applicable","not_applicable","not_applicable",0,0,"full_per_link_channel_waveform_sum",0,"not_applicable","not_applicable",0,"not_applicable","not_applicable","not_applicable",0,0,0,"pending_feedback_due_slot",0,0,"harq_feedback_consumed_by_runtime_harq_and_scheduler","PENDING",0,"not_applicable","not_applicable","Explicit runtime PUCCH grant/resource object scheduled from HARQ feedback timing.","PUCCH","active_but_simplified","active_scheduled_pending_feedback_due_not_reached","harq_feedback_resource_grant_and_state_update_when_due","pending_feedback_due_slot",0,0,0,0,"runtime_pucch_grant_trace","explicit_pucch_grant_and_feedback_runtime_state","available_runtime_grant_state","canonical PUCCH grant/resource row; waveform decode fields become available only after the feedback due slot is processed",0,0,0,"feedback_due_slot_not_reached_in_this_bounded_run",1,"ac5aaa60-f202-419a-8426-02227c779291","webgui_rel20_4ghz_100mhz_5gnb_50ue_10slot_20260417_170900","lls_3gpp_rel20_anchor_4ghz_100mhz_waveform_honest_5gnb_50ue_10slot","a1a414876cde1a5883e2a2ab610e6603ef434ebb5b0a934bfcb8df1260a73d7c","packet_flow/csv/live_pucch_grants.csv","packet_flow/csv/live_pucch_grants.csv","canonical_control_reference_signal_runtime_evidence","runtime_populated","UL",1,13,5,1,1,NaN,187,"persisted_runtime_pucch_grant_row","packet_flow/csv/live_pucch_grants.csv","runtime_grant_backed_mirror",1,"webgui_rel20_4ghz_100mhz_5gnb_50ue_10slot_20260417_170900","lls_3gpp_rel20_anchor_4ghz_100mhz_waveform_honest_5gnb_50ue_10slot","lls_3gpp_rel20_anchor_4ghz_100mhz_waveform_honest_5gnb_50ue_10slot","a1a414876cde1a5883e2a2ab610e6603ef434ebb5b0a934bfcb8df1260a73d7c","2756cfb",104729,NaN,NaN,NaN,NaN,NaN,NaN,NaN,NaN,NaN,NaN,"not_applicable","not_applicable","sixgr.truth.exportControlPlaneTraces","implemented","runtime_control_grant_rows","packet_flow/csv/live_pucch_grants.csv","not_applicable",0,1
"UL","UL",1,13,13,9,7,7,7,5,5,0,1064,0,0,0,0,1,"harq_ack","pucchgrant:fbdir=UL:due=13:src=9:ue=7:rnti=7:harq=0:cell=5","runtime_harq_feedback_due_scheduler","scheduled_pending_execution",1,0,2,1,"uci_payload_size_demoted_to_short_format","pucch:cell=5:slot=13:rnti=7:reqfmt=2:resfmt=1:prb=34:1:sym=10:4",34,1,10,4,"runtime_deterministic_pucch_resource_assignment",1,12,"not_applicable","not_applicable","not_applicable",0,0,"full_per_link_channel_waveform_sum",0,"not_applicable","not_applicable",0,"not_applicable","not_applicable","not_applicable",0,0,0,"pending_feedback_due_slot",0,0,"harq_feedback_consumed_by_runtime_harq_and_scheduler","PENDING",0,"not_applicable","not_applicable","Explicit runtime PUCCH grant/resource object scheduled from HARQ feedback timing.","PUCCH","active_but_simplified","active_scheduled_pending_feedback_due_not_reached","harq_feedback_resource_grant_and_state_update_when_due","pending_feedback_due_slot",0,0,0,0,"runtime_pucch_grant_trace","explicit_pucch_grant_and_feedback_runtime_state","available_runtime_grant_state","canonical PUCCH grant/resource row; waveform decode fields become available only after the feedback due slot is processed",0,0,0,"feedback_due_slot_not_reached_in_this_bounded_run",1,"ac5aaa60-f202-419a-8426-02227c779291","webgui_rel20_4ghz_100mhz_5gnb_50ue_10slot_20260417_170900","lls_3gpp_rel20_anchor_4ghz_100mhz_waveform_honest_5gnb_50ue_10slot","a1a414876cde1a5883e2a2ab610e6603ef434ebb5b0a934bfcb8df1260a73d7c","packet_flow/csv/live_pucch_grants.csv","packet_flow/csv/live_pucch_grants.csv","canonical_control_reference_signal_runtime_evidence","runtime_populated","UL",1,13,5,7,7,NaN,188,"persisted_runtime_pucch_grant_row","packet_flow/csv/live_pucch_grants.csv","runtime_grant_backed_mirror",1,"webgui_rel20_4ghz_100mhz_5gnb_50ue_10slot_20260417_170900","lls_3gpp_rel20_anchor_4ghz_100mhz_waveform_honest_5gnb_50ue_10slot","lls_3gpp_rel20_anchor_4ghz_100mhz_waveform_honest_5gnb_50ue_10slot","a1a414876cde1a5883e2a2ab610e6603ef434ebb5b0a934bfcb8df1260a73d7c","2756cfb",104729,NaN,NaN,NaN,NaN,NaN,NaN,NaN,NaN,NaN,NaN,"not_applicable","not_applicable","sixgr.truth.exportControlPlaneTraces","implemented","runtime_control_grant_rows","packet_flow/csv/live_pucch_grants.csv","not_applicable",0,1
"UL","UL",1,13,13,9,11,11,11,5,5,0,1064,0,0,0,0,1,"harq_ack","pucchgrant:fbdir=UL:due=13:src=9:ue=11:rnti=11:harq=0:cell=5","runtime_harq_feedback_due_scheduler","scheduled_pending_execution",1,0,2,1,"uci_payload_size_demoted_to_short_format","pucch:cell=5:slot=13:rnti=11:reqfmt=2:resfmt=1:prb=38:1:sym=10:4",38,1,10,4,"runtime_deterministic_pucch_resource_assignment",1,12,"not_applicable","not_applicable","not_applicable",0,0,"full_per_link_channel_waveform_sum",0,"not_applicable","not_applicable",0,"not_applicable","not_applicable","not_applicable",0,0,0,"pending_feedback_due_slot",0,0,"harq_feedback_consumed_by_runtime_harq_and_scheduler","PENDING",0,"not_applicable","not_applicable","Explicit runtime PUCCH grant/resource object scheduled from HARQ feedback timing.","PUCCH","active_but_simplified","active_scheduled_pending_feedback_due_not_reached","harq_feedback_resource_grant_and_state_update_when_due","pending_feedback_due_slot",0,0,0,0,"runtime_pucch_grant_trace","explicit_pucch_grant_and_feedback_runtime_state","available_runtime_grant_state","canonical PUCCH grant/resource row; waveform decode fields become available only after the feedback due slot is processed",0,0,0,"feedback_due_slot_not_reached_in_this_bounded_run",1,"ac5aaa60-f202-419a-8426-02227c779291","webgui_rel20_4ghz_100mhz_5gnb_50ue_10slot_20260417_170900","lls_3gpp_rel20_anchor_4ghz_100mhz_waveform_honest_5gnb_50ue_10slot","a1a414876cde1a5883e2a2ab610e6603ef434ebb5b0a934bfcb8df1260a73d7c","packet_flow/csv/live_pucch_grants.csv","packet_flow/csv/live_pucch_grants.csv","canonical_control_reference_signal_runtime_evidence","runtime_populated","UL",1,13,5,11,11,NaN,189,"persisted_runtime_pucch_grant_row","packet_flow/csv/live_pucch_grants.csv","runtime_grant_backed_mirror",1,"webgui_rel20_4ghz_100mhz_5gnb_50ue_10slot_20260417_170900","lls_3gpp_rel20_anchor_4ghz_100mhz_waveform_honest_5gnb_50ue_10slot","lls_3gpp_rel20_anchor_4ghz_100mhz_waveform_honest_5gnb_50ue_10slot","a1a414876cde1a5883e2a2ab610e6603ef434ebb5b0a934bfcb8df1260a73d7c","2756cfb",104729,NaN,NaN,NaN,NaN,NaN,NaN,NaN,NaN,NaN,NaN,"not_applicable","not_applicable","sixgr.truth.exportControlPlaneTraces","implemented","runtime_control_grant_rows","packet_flow/csv/live_pucch_grants.csv","not_applicable",0,1
"UL","UL",1,13,13,9,17,17,17,5,5,0,1064,0,0,0,0,1,"harq_ack","pucchgrant:fbdir=UL:due=13:src=9:ue=17:rnti=17:harq=0:cell=5","runtime_harq_feedback_due_scheduler","scheduled_pending_execution",1,0,2,1,"uci_payload_size_demoted_to_short_format","pucch:cell=5:slot=13:rnti=17:reqfmt=2:resfmt=1:prb=44:1:sym=10:4",44,1,10,4,"runtime_deterministic_pucch_resource_assignment",1,12,"not_applicable","not_applicable","not_applicable",0,0,"full_per_link_channel_waveform_sum",0,"not_applicable","not_applicable",0,"not_applicable","not_applicable","not_applicable",0,0,0,"pending_feedback_due_slot",0,0,"harq_feedback_consumed_by_runtime_harq_and_scheduler","PENDING",0,"not_applicable","not_applicable","Explicit runtime PUCCH grant/resource object scheduled from HARQ feedback timing.","PUCCH","active_but_simplified","active_scheduled_pending_feedback_due_not_reached","harq_feedback_resource_grant_and_state_update_when_due","pending_feedback_due_slot",0,0,0,0,"runtime_pucch_grant_trace","explicit_pucch_grant_and_feedback_runtime_state","available_runtime_grant_state","canonical PUCCH grant/resource row; waveform decode fields become available only after the feedback due slot is processed",0,0,0,"feedback_due_slot_not_reached_in_this_bounded_run",1,"ac5aaa60-f202-419a-8426-02227c779291","webgui_rel20_4ghz_100mhz_5gnb_50ue_10slot_20260417_170900","lls_3gpp_rel20_anchor_4ghz_100mhz_waveform_honest_5gnb_50ue_10slot","a1a414876cde1a5883e2a2ab610e6603ef434ebb5b0a934bfcb8df1260a73d7c","packet_flow/csv/live_pucch_grants.csv","packet_flow/csv/live_pucch_grants.csv","canonical_control_reference_signal_runtime_evidence","runtime_populated","UL",1,13,5,17,17,NaN,190,"persisted_runtime_pucch_grant_row","packet_flow/csv/live_pucch_grants.csv","runtime_grant_backed_mirror",1,"webgui_rel20_4ghz_100mhz_5gnb_50ue_10slot_20260417_170900","lls_3gpp_rel20_anchor_4ghz_100mhz_waveform_honest_5gnb_50ue_10slot","lls_3gpp_rel20_anchor_4ghz_100mhz_waveform_honest_5gnb_50ue_10slot","a1a414876cde1a5883e2a2ab610e6603ef434ebb5b0a934bfcb8df1260a73d7c","2756cfb",104729,NaN,NaN,NaN,NaN,NaN,NaN,NaN,NaN,NaN,NaN,"not_applicable","not_applicable","sixgr.truth.exportControlPlaneTraces","implemented","runtime_control_grant_rows","packet_flow/csv/live_pucch_grants.csv","not_applicable",0,1
"UL","UL",1,13,13,9,21,21,21,5,5,0,1064,0,0,0,0,1,"harq_ack","pucchgrant:fbdir=UL:due=13:src=9:ue=21:rnti=21:harq=0:cell=5","runtime_harq_feedback_due_scheduler","scheduled_pending_execution",1,0,2,1,"uci_payload_size_demoted_to_short_format","pucch:cell=5:slot=13:rnti=21:reqfmt=2:resfmt=1:prb=48:1:sym=10:4",48,1,10,4,"runtime_deterministic_pucch_resource_assignment",1,12,"not_applicable","not_applicable","not_applicable",0,0,"full_per_link_channel_waveform_sum",0,"not_applicable","not_applicable",0,"not_applicable","not_applicable","not_applicable",0,0,0,"pending_feedback_due_slot",0,0,"harq_feedback_consumed_by_runtime_harq_and_scheduler","PENDING",0,"not_applicable","not_applicable","Explicit runtime PUCCH grant/resource object scheduled from HARQ feedback timing.","PUCCH","active_but_simplified","active_scheduled_pending_feedback_due_not_reached","harq_feedback_resource_grant_and_state_update_when_due","pending_feedback_due_slot",0,0,0,0,"runtime_pucch_grant_trace","explicit_pucch_grant_and_feedback_runtime_state","available_runtime_grant_state","canonical PUCCH grant/resource row; waveform decode fields become available only after the feedback due slot is processed",0,0,0,"feedback_due_slot_not_reached_in_this_bounded_run",1,"ac5aaa60-f202-419a-8426-02227c779291","webgui_rel20_4ghz_100mhz_5gnb_50ue_10slot_20260417_170900","lls_3gpp_rel20_anchor_4ghz_100mhz_waveform_honest_5gnb_50ue_10slot","a1a414876cde1a5883e2a2ab610e6603ef434ebb5b0a934bfcb8df1260a73d7c","packet_flow/csv/live_pucch_grants.csv","packet_flow/csv/live_pucch_grants.csv","canonical_control_reference_signal_runtime_evidence","runtime_populated","UL",1,13,5,21,21,NaN,191,"persisted_runtime_pucch_grant_row","packet_flow/csv/live_pucch_grants.csv","runtime_grant_backed_mirror",1,"webgui_rel20_4ghz_100mhz_5gnb_50ue_10slot_20260417_170900","lls_3gpp_rel20_anchor_4ghz_100mhz_waveform_honest_5gnb_50ue_10slot","lls_3gpp_rel20_anchor_4ghz_100mhz_waveform_honest_5gnb_50ue_10slot","a1a414876cde1a5883e2a2ab610e6603ef434ebb5b0a934bfcb8df1260a73d7c","2756cfb",104729,NaN,NaN,NaN,NaN,NaN,NaN,NaN,NaN,NaN,NaN,"not_applicable","not_applicable","sixgr.truth.exportControlPlaneTraces","implemented","runtime_control_grant_rows","packet_flow/csv/live_pucch_grants.csv","not_applicable",0,1
"UL","UL",1,13,13,9,25,25,25,5,5,0,1064,1,0,1,1,1,"harq_ack","pucchgrant:fbdir=UL:due=13:src=9:ue=25:rnti=25:harq=0:cell=5","runtime_harq_feedback_due_scheduler","scheduled_pending_execution",1,0,2,1,"uci_payload_size_demoted_to_short_format","pucch:cell=5:slot=13:rnti=25:reqfmt=2:resfmt=1:prb=52:1:sym=10:4",52,1,10,4,"runtime_deterministic_pucch_resource_assignment",1,12,"not_applicable","not_applicable","not_applicable",0,0,"full_per_link_channel_waveform_sum",0,"not_applicable","not_applicable",0,"not_applicable","not_applicable","not_applicable",0,0,0,"pending_feedback_due_slot",0,0,"harq_feedback_consumed_by_runtime_harq_and_scheduler","PENDING",0,"not_applicable","not_applicable","Explicit runtime PUCCH grant/resource object scheduled from HARQ feedback timing.","PUCCH","active_but_simplified","active_scheduled_pending_feedback_due_not_reached","harq_feedback_resource_grant_and_state_update_when_due","pending_feedback_due_slot",0,0,0,0,"runtime_pucch_grant_trace","explicit_pucch_grant_and_feedback_runtime_state","available_runtime_grant_state","canonical PUCCH grant/resource row; waveform decode fields become available only after the feedback due slot is processed",0,0,0,"feedback_due_slot_not_reached_in_this_bounded_run",1,"ac5aaa60-f202-419a-8426-02227c779291","webgui_rel20_4ghz_100mhz_5gnb_50ue_10slot_20260417_170900","lls_3gpp_rel20_anchor_4ghz_100mhz_waveform_honest_5gnb_50ue_10slot","a1a414876cde1a5883e2a2ab610e6603ef434ebb5b0a934bfcb8df1260a73d7c","packet_flow/csv/live_pucch_grants.csv","packet_flow/csv/live_pucch_grants.csv","canonical_control_reference_signal_runtime_evidence","runtime_populated","UL",1,13,5,25,25,NaN,192,"persisted_runtime_pucch_grant_row","packet_flow/csv/live_pucch_grants.csv","runtime_grant_backed_mirror",1,"webgui_rel20_4ghz_100mhz_5gnb_50ue_10slot_20260417_170900","lls_3gpp_rel20_anchor_4ghz_100mhz_waveform_honest_5gnb_50ue_10slot","lls_3gpp_rel20_anchor_4ghz_100mhz_waveform_honest_5gnb_50ue_10slot","a1a414876cde1a5883e2a2ab610e6603ef434ebb5b0a934bfcb8df1260a73d7c","2756cfb",104729,NaN,NaN,NaN,NaN,NaN,NaN,NaN,NaN,NaN,NaN,"not_applicable","not_applicable","sixgr.truth.exportControlPlaneTraces","implemented","runtime_control_grant_rows","packet_flow/csv/live_pucch_grants.csv","not_applicable",0,1
"UL","UL",1,13,13,9,27,27,27,5,5,0,1064,1,0,1,1,1,"harq_ack","pucchgrant:fbdir=UL:due=13:src=9:ue=27:rnti=27:harq=0:cell=5","runtime_harq_feedback_due_scheduler","scheduled_pending_execution",1,0,2,1,"uci_payload_size_demoted_to_short_format","pucch:cell=5:slot=13:rnti=27:reqfmt=2:resfmt=1:prb=54:1:sym=10:4",54,1,10,4,"runtime_deterministic_pucch_resource_assignment",1,12,"not_applicable","not_applicable","not_applicable",0,0,"full_per_link_channel_waveform_sum",0,"not_applicable","not_applicable",0,"not_applicable","not_applicable","not_applicable",0,0,0,"pending_feedback_due_slot",0,0,"harq_feedback_consumed_by_runtime_harq_and_scheduler","PENDING",0,"not_applicable","not_applicable","Explicit runtime PUCCH grant/resource object scheduled from HARQ feedback timing.","PUCCH","active_but_simplified","active_scheduled_pending_feedback_due_not_reached","harq_feedback_resource_grant_and_state_update_when_due","pending_feedback_due_slot",0,0,0,0,"runtime_pucch_grant_trace","explicit_pucch_grant_and_feedback_runtime_state","available_runtime_grant_state","canonical PUCCH grant/resource row; waveform decode fields become available only after the feedback due slot is processed",0,0,0,"feedback_due_slot_not_reached_in_this_bounded_run",1,"ac5aaa60-f202-419a-8426-02227c779291","webgui_rel20_4ghz_100mhz_5gnb_50ue_10slot_20260417_170900","lls_3gpp_rel20_anchor_4ghz_100mhz_waveform_honest_5gnb_50ue_10slot","a1a414876cde1a5883e2a2ab610e6603ef434ebb5b0a934bfcb8df1260a73d7c","packet_flow/csv/live_pucch_grants.csv","packet_flow/csv/live_pucch_grants.csv","canonical_control_reference_signal_runtime_evidence","runtime_populated","UL",1,13,5,27,27,NaN,193,"persisted_runtime_pucch_grant_row","packet_flow/csv/live_pucch_grants.csv","runtime_grant_backed_mirror",1,"webgui_rel20_4ghz_100mhz_5gnb_50ue_10slot_20260417_170900","lls_3gpp_rel20_anchor_4ghz_100mhz_waveform_honest_5gnb_50ue_10slot","lls_3gpp_rel20_anchor_4ghz_100mhz_waveform_honest_5gnb_50ue_10slot","a1a414876cde1a5883e2a2ab610e6603ef434ebb5b0a934bfcb8df1260a73d7c","2756cfb",104729,NaN,NaN,NaN,NaN,NaN,NaN,NaN,NaN,NaN,NaN,"not_applicable","not_applicable","sixgr.truth.exportControlPlaneTraces","implemented","runtime_control_grant_rows","packet_flow/csv/live_pucch_grants.csv","not_applicable",0,1
"UL","UL",1,13,13,9,28,28,28,5,5,0,1064,1,0,1,1,1,"harq_ack","pucchgrant:fbdir=UL:due=13:src=9:ue=28:rnti=28:harq=0:cell=5","runtime_harq_feedback_due_scheduler","scheduled_pending_execution",1,0,2,1,"uci_payload_size_demoted_to_short_format","pucch:cell=5:slot=13:rnti=28:reqfmt=2:resfmt=1:prb=55:1:sym=10:4",55,1,10,4,"runtime_deterministic_pucch_resource_assignment",1,12,"not_applicable","not_applicable","not_applicable",0,0,"full_per_link_channel_waveform_sum",0,"not_applicable","not_applicable",0,"not_applicable","not_applicable","not_applicable",0,0,0,"pending_feedback_due_slot",0,0,"harq_feedback_consumed_by_runtime_harq_and_scheduler","PENDING",0,"not_applicable","not_applicable","Explicit runtime PUCCH grant/resource object scheduled from HARQ feedback timing.","PUCCH","active_but_simplified","active_scheduled_pending_feedback_due_not_reached","harq_feedback_resource_grant_and_state_update_when_due","pending_feedback_due_slot",0,0,0,0,"runtime_pucch_grant_trace","explicit_pucch_grant_and_feedback_runtime_state","available_runtime_grant_state","canonical PUCCH grant/resource row; waveform decode fields become available only after the feedback due slot is processed",0,0,0,"feedback_due_slot_not_reached_in_this_bounded_run",1,"ac5aaa60-f202-419a-8426-02227c779291","webgui_rel20_4ghz_100mhz_5gnb_50ue_10slot_20260417_170900","lls_3gpp_rel20_anchor_4ghz_100mhz_waveform_honest_5gnb_50ue_10slot","a1a414876cde1a5883e2a2ab610e6603ef434ebb5b0a934bfcb8df1260a73d7c","packet_flow/csv/live_pucch_grants.csv","packet_flow/csv/live_pucch_grants.csv","canonical_control_reference_signal_runtime_evidence","runtime_populated","UL",1,13,5,28,28,NaN,194,"persisted_runtime_pucch_grant_row","packet_flow/csv/live_pucch_grants.csv","runtime_grant_backed_mirror",1,"webgui_rel20_4ghz_100mhz_5gnb_50ue_10slot_20260417_170900","lls_3gpp_rel20_anchor_4ghz_100mhz_waveform_honest_5gnb_50ue_10slot","lls_3gpp_rel20_anchor_4ghz_100mhz_waveform_honest_5gnb_50ue_10slot","a1a414876cde1a5883e2a2ab610e6603ef434ebb5b0a934bfcb8df1260a73d7c","2756cfb",104729,NaN,NaN,NaN,NaN,NaN,NaN,NaN,NaN,NaN,NaN,"not_applicable","not_applicable","sixgr.truth.exportControlPlaneTraces","implemented","runtime_control_grant_rows","packet_flow/csv/live_pucch_grants.csv","not_applicable",0,1
"UL","UL",1,13,13,9,30,30,30,5,5,0,1064,1,0,1,1,1,"harq_ack","pucchgrant:fbdir=UL:due=13:src=9:ue=30:rnti=30:harq=0:cell=5","runtime_harq_feedback_due_scheduler","scheduled_pending_execution",1,0,2,1,"uci_payload_size_demoted_to_short_format","pucch:cell=5:slot=13:rnti=30:reqfmt=2:resfmt=1:prb=57:1:sym=10:4",57,1,10,4,"runtime_deterministic_pucch_resource_assignment",1,12,"not_applicable","not_applicable","not_applicable",0,0,"full_per_link_channel_waveform_sum",0,"not_applicable","not_applicable",0,"not_applicable","not_applicable","not_applicable",0,0,0,"pending_feedback_due_slot",0,0,"harq_feedback_consumed_by_runtime_harq_and_scheduler","PENDING",0,"not_applicable","not_applicable","Explicit runtime PUCCH grant/resource object scheduled from HARQ feedback timing.","PUCCH","active_but_simplified","active_scheduled_pending_feedback_due_not_reached","harq_feedback_resource_grant_and_state_update_when_due","pending_feedback_due_slot",0,0,0,0,"runtime_pucch_grant_trace","explicit_pucch_grant_and_feedback_runtime_state","available_runtime_grant_state","canonical PUCCH grant/resource row; waveform decode fields become available only after the feedback due slot is processed",0,0,0,"feedback_due_slot_not_reached_in_this_bounded_run",1,"ac5aaa60-f202-419a-8426-02227c779291","webgui_rel20_4ghz_100mhz_5gnb_50ue_10slot_20260417_170900","lls_3gpp_rel20_anchor_4ghz_100mhz_waveform_honest_5gnb_50ue_10slot","a1a414876cde1a5883e2a2ab610e6603ef434ebb5b0a934bfcb8df1260a73d7c","packet_flow/csv/live_pucch_grants.csv","packet_flow/csv/live_pucch_grants.csv","canonical_control_reference_signal_runtime_evidence","runtime_populated","UL",1,13,5,30,30,NaN,195,"persisted_runtime_pucch_grant_row","packet_flow/csv/live_pucch_grants.csv","runtime_grant_backed_mirror",1,"webgui_rel20_4ghz_100mhz_5gnb_50ue_10slot_20260417_170900","lls_3gpp_rel20_anchor_4ghz_100mhz_waveform_honest_5gnb_50ue_10slot","lls_3gpp_rel20_anchor_4ghz_100mhz_waveform_honest_5gnb_50ue_10slot","a1a414876cde1a5883e2a2ab610e6603ef434ebb5b0a934bfcb8df1260a73d7c","2756cfb",104729,NaN,NaN,NaN,NaN,NaN,NaN,NaN,NaN,NaN,NaN,"not_applicable","not_applicable","sixgr.truth.exportControlPlaneTraces","implemented","runtime_control_grant_rows","packet_flow/csv/live_pucch_grants.csv","not_applicable",0,1
"UL","UL",1,13,13,9,31,31,31,5,5,0,1064,1,0,1,1,1,"harq_ack","pucchgrant:fbdir=UL:due=13:src=9:ue=31:rnti=31:harq=0:cell=5","runtime_harq_feedback_due_scheduler","scheduled_pending_execution",1,0,2,1,"uci_payload_size_demoted_to_short_format","pucch:cell=5:slot=13:rnti=31:reqfmt=2:resfmt=1:prb=58:1:sym=10:4",58,1,10,4,"runtime_deterministic_pucch_resource_assignment",1,12,"not_applicable","not_applicable","not_applicable",0,0,"full_per_link_channel_waveform_sum",0,"not_applicable","not_applicable",0,"not_applicable","not_applicable","not_applicable",0,0,0,"pending_feedback_due_slot",0,0,"harq_feedback_consumed_by_runtime_harq_and_scheduler","PENDING",0,"not_applicable","not_applicable","Explicit runtime PUCCH grant/resource object scheduled from HARQ feedback timing.","PUCCH","active_but_simplified","active_scheduled_pending_feedback_due_not_reached","harq_feedback_resource_grant_and_state_update_when_due","pending_feedback_due_slot",0,0,0,0,"runtime_pucch_grant_trace","explicit_pucch_grant_and_feedback_runtime_state","available_runtime_grant_state","canonical PUCCH grant/resource row; waveform decode fields become available only after the feedback due slot is processed",0,0,0,"feedback_due_slot_not_reached_in_this_bounded_run",1,"ac5aaa60-f202-419a-8426-02227c779291","webgui_rel20_4ghz_100mhz_5gnb_50ue_10slot_20260417_170900","lls_3gpp_rel20_anchor_4ghz_100mhz_waveform_honest_5gnb_50ue_10slot","a1a414876cde1a5883e2a2ab610e6603ef434ebb5b0a934bfcb8df1260a73d7c","packet_flow/csv/live_pucch_grants.csv","packet_flow/csv/live_pucch_grants.csv","canonical_control_reference_signal_runtime_evidence","runtime_populated","UL",1,13,5,31,31,NaN,196,"persisted_runtime_pucch_grant_row","packet_flow/csv/live_pucch_grants.csv","runtime_grant_backed_mirror",1,"webgui_rel20_4ghz_100mhz_5gnb_50ue_10slot_20260417_170900","lls_3gpp_rel20_anchor_4ghz_100mhz_waveform_honest_5gnb_50ue_10slot","lls_3gpp_rel20_anchor_4ghz_100mhz_waveform_honest_5gnb_50ue_10slot","a1a414876cde1a5883e2a2ab610e6603ef434ebb5b0a934bfcb8df1260a73d7c","2756cfb",104729,NaN,NaN,NaN,NaN,NaN,NaN,NaN,NaN,NaN,NaN,"not_applicable","not_applicable","sixgr.truth.exportControlPlaneTraces","implemented","runtime_control_grant_rows","packet_flow/csv/live_pucch_grants.csv","not_applicable",0,1
"UL","UL",1,13,13,9,36,36,36,5,5,0,1064,1,0,1,1,1,"harq_ack","pucchgrant:fbdir=UL:due=13:src=9:ue=36:rnti=36:harq=0:cell=5","runtime_harq_feedback_due_scheduler","scheduled_pending_execution",1,0,2,1,"uci_payload_size_demoted_to_short_format","pucch:cell=5:slot=13:rnti=36:reqfmt=2:resfmt=1:prb=63:1:sym=10:4",63,1,10,4,"runtime_deterministic_pucch_resource_assignment",1,12,"not_applicable","not_applicable","not_applicable",0,0,"full_per_link_channel_waveform_sum",0,"not_applicable","not_applicable",0,"not_applicable","not_applicable","not_applicable",0,0,0,"pending_feedback_due_slot",0,0,"harq_feedback_consumed_by_runtime_harq_and_scheduler","PENDING",0,"not_applicable","not_applicable","Explicit runtime PUCCH grant/resource object scheduled from HARQ feedback timing.","PUCCH","active_but_simplified","active_scheduled_pending_feedback_due_not_reached","harq_feedback_resource_grant_and_state_update_when_due","pending_feedback_due_slot",0,0,0,0,"runtime_pucch_grant_trace","explicit_pucch_grant_and_feedback_runtime_state","available_runtime_grant_state","canonical PUCCH grant/resource row; waveform decode fields become available only after the feedback due slot is processed",0,0,0,"feedback_due_slot_not_reached_in_this_bounded_run",1,"ac5aaa60-f202-419a-8426-02227c779291","webgui_rel20_4ghz_100mhz_5gnb_50ue_10slot_20260417_170900","lls_3gpp_rel20_anchor_4ghz_100mhz_waveform_honest_5gnb_50ue_10slot","a1a414876cde1a5883e2a2ab610e6603ef434ebb5b0a934bfcb8df1260a73d7c","packet_flow/csv/live_pucch_grants.csv","packet_flow/csv/live_pucch_grants.csv","canonical_control_reference_signal_runtime_evidence","runtime_populated","UL",1,13,5,36,36,NaN,197,"persisted_runtime_pucch_grant_row","packet_flow/csv/live_pucch_grants.csv","runtime_grant_backed_mirror",1,"webgui_rel20_4ghz_100mhz_5gnb_50ue_10slot_20260417_170900","lls_3gpp_rel20_anchor_4ghz_100mhz_waveform_honest_5gnb_50ue_10slot","lls_3gpp_rel20_anchor_4ghz_100mhz_waveform_honest_5gnb_50ue_10slot","a1a414876cde1a5883e2a2ab610e6603ef434ebb5b0a934bfcb8df1260a73d7c","2756cfb",104729,NaN,NaN,NaN,NaN,NaN,NaN,NaN,NaN,NaN,NaN,"not_applicable","not_applicable","sixgr.truth.exportControlPlaneTraces","implemented","runtime_control_grant_rows","packet_flow/csv/live_pucch_grants.csv","not_applicable",0,1
"UL","UL",1,13,13,9,39,39,39,5,5,0,1064,1,0,1,1,1,"harq_ack","pucchgrant:fbdir=UL:due=13:src=9:ue=39:rnti=39:harq=0:cell=5","runtime_harq_feedback_due_scheduler","scheduled_pending_execution",1,0,2,1,"uci_payload_size_demoted_to_short_format","pucch:cell=5:slot=13:rnti=39:reqfmt=2:resfmt=1:prb=66:1:sym=10:4",66,1,10,4,"runtime_deterministic_pucch_resource_assignment",1,12,"not_applicable","not_applicable","not_applicable",0,0,"full_per_link_channel_waveform_sum",0,"not_applicable","not_applicable",0,"not_applicable","not_applicable","not_applicable",0,0,0,"pending_feedback_due_slot",0,0,"harq_feedback_consumed_by_runtime_harq_and_scheduler","PENDING",0,"not_applicable","not_applicable","Explicit runtime PUCCH grant/resource object scheduled from HARQ feedback timing.","PUCCH","active_but_simplified","active_scheduled_pending_feedback_due_not_reached","harq_feedback_resource_grant_and_state_update_when_due","pending_feedback_due_slot",0,0,0,0,"runtime_pucch_grant_trace","explicit_pucch_grant_and_feedback_runtime_state","available_runtime_grant_state","canonical PUCCH grant/resource row; waveform decode fields become available only after the feedback due slot is processed",0,0,0,"feedback_due_slot_not_reached_in_this_bounded_run",1,"ac5aaa60-f202-419a-8426-02227c779291","webgui_rel20_4ghz_100mhz_5gnb_50ue_10slot_20260417_170900","lls_3gpp_rel20_anchor_4ghz_100mhz_waveform_honest_5gnb_50ue_10slot","a1a414876cde1a5883e2a2ab610e6603ef434ebb5b0a934bfcb8df1260a73d7c","packet_flow/csv/live_pucch_grants.csv","packet_flow/csv/live_pucch_grants.csv","canonical_control_reference_signal_runtime_evidence","runtime_populated","UL",1,13,5,39,39,NaN,198,"persisted_runtime_pucch_grant_row","packet_flow/csv/live_pucch_grants.csv","runtime_grant_backed_mirror",1,"webgui_rel20_4ghz_100mhz_5gnb_50ue_10slot_20260417_170900","lls_3gpp_rel20_anchor_4ghz_100mhz_waveform_honest_5gnb_50ue_10slot","lls_3gpp_rel20_anchor_4ghz_100mhz_waveform_honest_5gnb_50ue_10slot","a1a414876cde1a5883e2a2ab610e6603ef434ebb5b0a934bfcb8df1260a73d7c","2756cfb",104729,NaN,NaN,NaN,NaN,NaN,NaN,NaN,NaN,NaN,NaN,"not_applicable","not_applicable","sixgr.truth.exportControlPlaneTraces","implemented","runtime_control_grant_rows","packet_flow/csv/live_pucch_grants.csv","not_applicable",0,1
"UL","UL",1,14,14,10,3,3,3,1,1,1,24072,0,0,0,0,1,"harq_ack","pucchgrant:fbdir=UL:due=14:src=10:ue=3:rnti=3:harq=1:cell=1","runtime_harq_feedback_due_scheduler","scheduled_pending_execution",1,0,2,1,"uci_payload_size_demoted_to_short_format","pucch:cell=1:slot=14:rnti=3:reqfmt=2:resfmt=1:prb=2:1:sym=10:4",2,1,10,4,"runtime_deterministic_pucch_resource_assignment",1,12,"not_applicable","not_applicable","not_applicable",0,0,"full_per_link_channel_waveform_sum",0,"not_applicable","not_applicable",0,"not_applicable","not_applicable","not_applicable",0,0,0,"pending_feedback_due_slot",0,0,"harq_feedback_consumed_by_runtime_harq_and_scheduler","PENDING",0,"not_applicable","not_applicable","Explicit runtime PUCCH grant/resource object scheduled from HARQ feedback timing.","PUCCH","active_but_simplified","active_scheduled_pending_feedback_due_not_reached","harq_feedback_resource_grant_and_state_update_when_due","pending_feedback_due_slot",0,0,0,0,"runtime_pucch_grant_trace","explicit_pucch_grant_and_feedback_runtime_state","available_runtime_grant_state","canonical PUCCH grant/resource row; waveform decode fields become available only after the feedback due slot is processed",0,0,0,"feedback_due_slot_not_reached_in_this_bounded_run",1,"ac5aaa60-f202-419a-8426-02227c779291","webgui_rel20_4ghz_100mhz_5gnb_50ue_10slot_20260417_170900","lls_3gpp_rel20_anchor_4ghz_100mhz_waveform_honest_5gnb_50ue_10slot","a1a414876cde1a5883e2a2ab610e6603ef434ebb5b0a934bfcb8df1260a73d7c","packet_flow/csv/live_pucch_grants.csv","packet_flow/csv/live_pucch_grants.csv","canonical_control_reference_signal_runtime_evidence","runtime_populated","UL",1,14,1,3,3,NaN,199,"persisted_runtime_pucch_grant_row","packet_flow/csv/live_pucch_grants.csv","runtime_grant_backed_mirror",1,"webgui_rel20_4ghz_100mhz_5gnb_50ue_10slot_20260417_170900","lls_3gpp_rel20_anchor_4ghz_100mhz_waveform_honest_5gnb_50ue_10slot","lls_3gpp_rel20_anchor_4ghz_100mhz_waveform_honest_5gnb_50ue_10slot","a1a414876cde1a5883e2a2ab610e6603ef434ebb5b0a934bfcb8df1260a73d7c","2756cfb",104729,NaN,NaN,NaN,NaN,NaN,NaN,NaN,NaN,NaN,NaN,"not_applicable","not_applicable","sixgr.truth.exportControlPlaneTraces","implemented","runtime_control_grant_rows","packet_flow/csv/live_pucch_grants.csv","not_applicable",0,1
"UL","UL",1,14,14,10,5,5,5,1,1,1,24072,1,0,1,1,1,"harq_ack","pucchgrant:fbdir=UL:due=14:src=10:ue=5:rnti=5:harq=1:cell=1","runtime_harq_feedback_due_scheduler","scheduled_pending_execution",1,0,2,1,"uci_payload_size_demoted_to_short_format","pucch:cell=1:slot=14:rnti=5:reqfmt=2:resfmt=1:prb=4:1:sym=10:4",4,1,10,4,"runtime_deterministic_pucch_resource_assignment",1,12,"not_applicable","not_applicable","not_applicable",0,0,"full_per_link_channel_waveform_sum",0,"not_applicable","not_applicable",0,"not_applicable","not_applicable","not_applicable",0,0,0,"pending_feedback_due_slot",0,0,"harq_feedback_consumed_by_runtime_harq_and_scheduler","PENDING",0,"not_applicable","not_applicable","Explicit runtime PUCCH grant/resource object scheduled from HARQ feedback timing.","PUCCH","active_but_simplified","active_scheduled_pending_feedback_due_not_reached","harq_feedback_resource_grant_and_state_update_when_due","pending_feedback_due_slot",0,0,0,0,"runtime_pucch_grant_trace","explicit_pucch_grant_and_feedback_runtime_state","available_runtime_grant_state","canonical PUCCH grant/resource row; waveform decode fields become available only after the feedback due slot is processed",0,0,0,"feedback_due_slot_not_reached_in_this_bounded_run",1,"ac5aaa60-f202-419a-8426-02227c779291","webgui_rel20_4ghz_100mhz_5gnb_50ue_10slot_20260417_170900","lls_3gpp_rel20_anchor_4ghz_100mhz_waveform_honest_5gnb_50ue_10slot","a1a414876cde1a5883e2a2ab610e6603ef434ebb5b0a934bfcb8df1260a73d7c","packet_flow/csv/live_pucch_grants.csv","packet_flow/csv/live_pucch_grants.csv","canonical_control_reference_signal_runtime_evidence","runtime_populated","UL",1,14,1,5,5,NaN,200,"persisted_runtime_pucch_grant_row","packet_flow/csv/live_pucch_grants.csv","runtime_grant_backed_mirror",1,"webgui_rel20_4ghz_100mhz_5gnb_50ue_10slot_20260417_170900","lls_3gpp_rel20_anchor_4ghz_100mhz_waveform_honest_5gnb_50ue_10slot","lls_3gpp_rel20_anchor_4ghz_100mhz_waveform_honest_5gnb_50ue_10slot","a1a414876cde1a5883e2a2ab610e6603ef434ebb5b0a934bfcb8df1260a73d7c","2756cfb",104729,NaN,NaN,NaN,NaN,NaN,NaN,NaN,NaN,NaN,NaN,"not_applicable","not_applicable","sixgr.truth.exportControlPlaneTraces","implemented","runtime_control_grant_rows","packet_flow/csv/live_pucch_grants.csv","not_applicable",0,1
"UL","UL",1,14,14,10,9,9,9,1,1,1,24072,0,0,0,0,1,"harq_ack","pucchgrant:fbdir=UL:due=14:src=10:ue=9:rnti=9:harq=1:cell=1","runtime_harq_feedback_due_scheduler","scheduled_pending_execution",1,0,2,1,"uci_payload_size_demoted_to_short_format","pucch:cell=1:slot=14:rnti=9:reqfmt=2:resfmt=1:prb=8:1:sym=10:4",8,1,10,4,"runtime_deterministic_pucch_resource_assignment",1,12,"not_applicable","not_applicable","not_applicable",0,0,"full_per_link_channel_waveform_sum",0,"not_applicable","not_applicable",0,"not_applicable","not_applicable","not_applicable",0,0,0,"pending_feedback_due_slot",0,0,"harq_feedback_consumed_by_runtime_harq_and_scheduler","PENDING",0,"not_applicable","not_applicable","Explicit runtime PUCCH grant/resource object scheduled from HARQ feedback timing.","PUCCH","active_but_simplified","active_scheduled_pending_feedback_due_not_reached","harq_feedback_resource_grant_and_state_update_when_due","pending_feedback_due_slot",0,0,0,0,"runtime_pucch_grant_trace","explicit_pucch_grant_and_feedback_runtime_state","available_runtime_grant_state","canonical PUCCH grant/resource row; waveform decode fields become available only after the feedback due slot is processed",0,0,0,"feedback_due_slot_not_reached_in_this_bounded_run",1,"ac5aaa60-f202-419a-8426-02227c779291","webgui_rel20_4ghz_100mhz_5gnb_50ue_10slot_20260417_170900","lls_3gpp_rel20_anchor_4ghz_100mhz_waveform_honest_5gnb_50ue_10slot","a1a414876cde1a5883e2a2ab610e6603ef434ebb5b0a934bfcb8df1260a73d7c","packet_flow/csv/live_pucch_grants.csv","packet_flow/csv/live_pucch_grants.csv","canonical_control_reference_signal_runtime_evidence","runtime_populated","UL",1,14,1,9,9,NaN,201,"persisted_runtime_pucch_grant_row","packet_flow/csv/live_pucch_grants.csv","runtime_grant_backed_mirror",1,"webgui_rel20_4ghz_100mhz_5gnb_50ue_10slot_20260417_170900","lls_3gpp_rel20_anchor_4ghz_100mhz_waveform_honest_5gnb_50ue_10slot","lls_3gpp_rel20_anchor_4ghz_100mhz_waveform_honest_5gnb_50ue_10slot","a1a414876cde1a5883e2a2ab610e6603ef434ebb5b0a934bfcb8df1260a73d7c","2756cfb",104729,NaN,NaN,NaN,NaN,NaN,NaN,NaN,NaN,NaN,NaN,"not_applicable","not_applicable","sixgr.truth.exportControlPlaneTraces","implemented","runtime_control_grant_rows","packet_flow/csv/live_pucch_grants.csv","not_applicable",0,1
"UL","UL",1,14,14,10,14,14,14,1,1,1,24072,1,0,1,1,1,"harq_ack","pucchgrant:fbdir=UL:due=14:src=10:ue=14:rnti=14:harq=1:cell=1","runtime_harq_feedback_due_scheduler","scheduled_pending_execution",1,0,2,1,"uci_payload_size_demoted_to_short_format","pucch:cell=1:slot=14:rnti=14:reqfmt=2:resfmt=1:prb=13:1:sym=10:4",13,1,10,4,"runtime_deterministic_pucch_resource_assignment",1,12,"not_applicable","not_applicable","not_applicable",0,0,"full_per_link_channel_waveform_sum",0,"not_applicable","not_applicable",0,"not_applicable","not_applicable","not_applicable",0,0,0,"pending_feedback_due_slot",0,0,"harq_feedback_consumed_by_runtime_harq_and_scheduler","PENDING",0,"not_applicable","not_applicable","Explicit runtime PUCCH grant/resource object scheduled from HARQ feedback timing.","PUCCH","active_but_simplified","active_scheduled_pending_feedback_due_not_reached","harq_feedback_resource_grant_and_state_update_when_due","pending_feedback_due_slot",0,0,0,0,"runtime_pucch_grant_trace","explicit_pucch_grant_and_feedback_runtime_state","available_runtime_grant_state","canonical PUCCH grant/resource row; waveform decode fields become available only after the feedback due slot is processed",0,0,0,"feedback_due_slot_not_reached_in_this_bounded_run",1,"ac5aaa60-f202-419a-8426-02227c779291","webgui_rel20_4ghz_100mhz_5gnb_50ue_10slot_20260417_170900","lls_3gpp_rel20_anchor_4ghz_100mhz_waveform_honest_5gnb_50ue_10slot","a1a414876cde1a5883e2a2ab610e6603ef434ebb5b0a934bfcb8df1260a73d7c","packet_flow/csv/live_pucch_grants.csv","packet_flow/csv/live_pucch_grants.csv","canonical_control_reference_signal_runtime_evidence","runtime_populated","UL",1,14,1,14,14,NaN,202,"persisted_runtime_pucch_grant_row","packet_flow/csv/live_pucch_grants.csv","runtime_grant_backed_mirror",1,"webgui_rel20_4ghz_100mhz_5gnb_50ue_10slot_20260417_170900","lls_3gpp_rel20_anchor_4ghz_100mhz_waveform_honest_5gnb_50ue_10slot","lls_3gpp_rel20_anchor_4ghz_100mhz_waveform_honest_5gnb_50ue_10slot","a1a414876cde1a5883e2a2ab610e6603ef434ebb5b0a934bfcb8df1260a73d7c","2756cfb",104729,NaN,NaN,NaN,NaN,NaN,NaN,NaN,NaN,NaN,NaN,"not_applicable","not_applicable","sixgr.truth.exportControlPlaneTraces","implemented","runtime_control_grant_rows","packet_flow/csv/live_pucch_grants.csv","not_applicable",0,1
"UL","UL",1,14,14,10,19,19,19,1,1,1,24072,1,0,1,1,1,"harq_ack","pucchgrant:fbdir=UL:due=14:src=10:ue=19:rnti=19:harq=1:cell=1","runtime_harq_feedback_due_scheduler","scheduled_pending_execution",1,0,2,1,"uci_payload_size_demoted_to_short_format","pucch:cell=1:slot=14:rnti=19:reqfmt=2:resfmt=1:prb=18:1:sym=10:4",18,1,10,4,"runtime_deterministic_pucch_resource_assignment",1,12,"not_applicable","not_applicable","not_applicable",0,0,"full_per_link_channel_waveform_sum",0,"not_applicable","not_applicable",0,"not_applicable","not_applicable","not_applicable",0,0,0,"pending_feedback_due_slot",0,0,"harq_feedback_consumed_by_runtime_harq_and_scheduler","PENDING",0,"not_applicable","not_applicable","Explicit runtime PUCCH grant/resource object scheduled from HARQ feedback timing.","PUCCH","active_but_simplified","active_scheduled_pending_feedback_due_not_reached","harq_feedback_resource_grant_and_state_update_when_due","pending_feedback_due_slot",0,0,0,0,"runtime_pucch_grant_trace","explicit_pucch_grant_and_feedback_runtime_state","available_runtime_grant_state","canonical PUCCH grant/resource row; waveform decode fields become available only after the feedback due slot is processed",0,0,0,"feedback_due_slot_not_reached_in_this_bounded_run",1,"ac5aaa60-f202-419a-8426-02227c779291","webgui_rel20_4ghz_100mhz_5gnb_50ue_10slot_20260417_170900","lls_3gpp_rel20_anchor_4ghz_100mhz_waveform_honest_5gnb_50ue_10slot","a1a414876cde1a5883e2a2ab610e6603ef434ebb5b0a934bfcb8df1260a73d7c","packet_flow/csv/live_pucch_grants.csv","packet_flow/csv/live_pucch_grants.csv","canonical_control_reference_signal_runtime_evidence","runtime_populated","UL",1,14,1,19,19,NaN,203,"persisted_runtime_pucch_grant_row","packet_flow/csv/live_pucch_grants.csv","runtime_grant_backed_mirror",1,"webgui_rel20_4ghz_100mhz_5gnb_50ue_10slot_20260417_170900","lls_3gpp_rel20_anchor_4ghz_100mhz_waveform_honest_5gnb_50ue_10slot","lls_3gpp_rel20_anchor_4ghz_100mhz_waveform_honest_5gnb_50ue_10slot","a1a414876cde1a5883e2a2ab610e6603ef434ebb5b0a934bfcb8df1260a73d7c","2756cfb",104729,NaN,NaN,NaN,NaN,NaN,NaN,NaN,NaN,NaN,NaN,"not_applicable","not_applicable","sixgr.truth.exportControlPlaneTraces","implemented","runtime_control_grant_rows","packet_flow/csv/live_pucch_grants.csv","not_applicable",0,1
"UL","UL",1,14,14,10,26,26,26,1,1,1,24072,0,0,0,0,1,"harq_ack","pucchgrant:fbdir=UL:due=14:src=10:ue=26:rnti=26:harq=1:cell=1","runtime_harq_feedback_due_scheduler","scheduled_pending_execution",1,0,2,1,"uci_payload_size_demoted_to_short_format","pucch:cell=1:slot=14:rnti=26:reqfmt=2:resfmt=1:prb=25:1:sym=10:4",25,1,10,4,"runtime_deterministic_pucch_resource_assignment",1,12,"not_applicable","not_applicable","not_applicable",0,0,"full_per_link_channel_waveform_sum",0,"not_applicable","not_applicable",0,"not_applicable","not_applicable","not_applicable",0,0,0,"pending_feedback_due_slot",0,0,"harq_feedback_consumed_by_runtime_harq_and_scheduler","PENDING",0,"not_applicable","not_applicable","Explicit runtime PUCCH grant/resource object scheduled from HARQ feedback timing.","PUCCH","active_but_simplified","active_scheduled_pending_feedback_due_not_reached","harq_feedback_resource_grant_and_state_update_when_due","pending_feedback_due_slot",0,0,0,0,"runtime_pucch_grant_trace","explicit_pucch_grant_and_feedback_runtime_state","available_runtime_grant_state","canonical PUCCH grant/resource row; waveform decode fields become available only after the feedback due slot is processed",0,0,0,"feedback_due_slot_not_reached_in_this_bounded_run",1,"ac5aaa60-f202-419a-8426-02227c779291","webgui_rel20_4ghz_100mhz_5gnb_50ue_10slot_20260417_170900","lls_3gpp_rel20_anchor_4ghz_100mhz_waveform_honest_5gnb_50ue_10slot","a1a414876cde1a5883e2a2ab610e6603ef434ebb5b0a934bfcb8df1260a73d7c","packet_flow/csv/live_pucch_grants.csv","packet_flow/csv/live_pucch_grants.csv","canonical_control_reference_signal_runtime_evidence","runtime_populated","UL",1,14,1,26,26,NaN,204,"persisted_runtime_pucch_grant_row","packet_flow/csv/live_pucch_grants.csv","runtime_grant_backed_mirror",1,"webgui_rel20_4ghz_100mhz_5gnb_50ue_10slot_20260417_170900","lls_3gpp_rel20_anchor_4ghz_100mhz_waveform_honest_5gnb_50ue_10slot","lls_3gpp_rel20_anchor_4ghz_100mhz_waveform_honest_5gnb_50ue_10slot","a1a414876cde1a5883e2a2ab610e6603ef434ebb5b0a934bfcb8df1260a73d7c","2756cfb",104729,NaN,NaN,NaN,NaN,NaN,NaN,NaN,NaN,NaN,NaN,"not_applicable","not_applicable","sixgr.truth.exportControlPlaneTraces","implemented","runtime_control_grant_rows","packet_flow/csv/live_pucch_grants.csv","not_applicable",0,1
"UL","UL",1,14,14,10,40,40,40,1,1,1,24072,1,0,1,1,1,"harq_ack","pucchgrant:fbdir=UL:due=14:src=10:ue=40:rnti=40:harq=1:cell=1","runtime_harq_feedback_due_scheduler","scheduled_pending_execution",1,0,2,1,"uci_payload_size_demoted_to_short_format","pucch:cell=1:slot=14:rnti=40:reqfmt=2:resfmt=1:prb=39:1:sym=10:4",39,1,10,4,"runtime_deterministic_pucch_resource_assignment",1,12,"not_applicable","not_applicable","not_applicable",0,0,"full_per_link_channel_waveform_sum",0,"not_applicable","not_applicable",0,"not_applicable","not_applicable","not_applicable",0,0,0,"pending_feedback_due_slot",0,0,"harq_feedback_consumed_by_runtime_harq_and_scheduler","PENDING",0,"not_applicable","not_applicable","Explicit runtime PUCCH grant/resource object scheduled from HARQ feedback timing.","PUCCH","active_but_simplified","active_scheduled_pending_feedback_due_not_reached","harq_feedback_resource_grant_and_state_update_when_due","pending_feedback_due_slot",0,0,0,0,"runtime_pucch_grant_trace","explicit_pucch_grant_and_feedback_runtime_state","available_runtime_grant_state","canonical PUCCH grant/resource row; waveform decode fields become available only after the feedback due slot is processed",0,0,0,"feedback_due_slot_not_reached_in_this_bounded_run",1,"ac5aaa60-f202-419a-8426-02227c779291","webgui_rel20_4ghz_100mhz_5gnb_50ue_10slot_20260417_170900","lls_3gpp_rel20_anchor_4ghz_100mhz_waveform_honest_5gnb_50ue_10slot","a1a414876cde1a5883e2a2ab610e6603ef434ebb5b0a934bfcb8df1260a73d7c","packet_flow/csv/live_pucch_grants.csv","packet_flow/csv/live_pucch_grants.csv","canonical_control_reference_signal_runtime_evidence","runtime_populated","UL",1,14,1,40,40,NaN,205,"persisted_runtime_pucch_grant_row","packet_flow/csv/live_pucch_grants.csv","runtime_grant_backed_mirror",1,"webgui_rel20_4ghz_100mhz_5gnb_50ue_10slot_20260417_170900","lls_3gpp_rel20_anchor_4ghz_100mhz_waveform_honest_5gnb_50ue_10slot","lls_3gpp_rel20_anchor_4ghz_100mhz_waveform_honest_5gnb_50ue_10slot","a1a414876cde1a5883e2a2ab610e6603ef434ebb5b0a934bfcb8df1260a73d7c","2756cfb",104729,NaN,NaN,NaN,NaN,NaN,NaN,NaN,NaN,NaN,NaN,"not_applicable","not_applicable","sixgr.truth.exportControlPlaneTraces","implemented","runtime_control_grant_rows","packet_flow/csv/live_pucch_grants.csv","not_applicable",0,1
"UL","UL",1,14,14,10,43,43,43,1,1,1,24072,0,0,0,0,1,"harq_ack","pucchgrant:fbdir=UL:due=14:src=10:ue=43:rnti=43:harq=1:cell=1","runtime_harq_feedback_due_scheduler","scheduled_pending_execution",1,0,2,1,"uci_payload_size_demoted_to_short_format","pucch:cell=1:slot=14:rnti=43:reqfmt=2:resfmt=1:prb=42:1:sym=10:4",42,1,10,4,"runtime_deterministic_pucch_resource_assignment",1,12,"not_applicable","not_applicable","not_applicable",0,0,"full_per_link_channel_waveform_sum",0,"not_applicable","not_applicable",0,"not_applicable","not_applicable","not_applicable",0,0,0,"pending_feedback_due_slot",0,0,"harq_feedback_consumed_by_runtime_harq_and_scheduler","PENDING",0,"not_applicable","not_applicable","Explicit runtime PUCCH grant/resource object scheduled from HARQ feedback timing.","PUCCH","active_but_simplified","active_scheduled_pending_feedback_due_not_reached","harq_feedback_resource_grant_and_state_update_when_due","pending_feedback_due_slot",0,0,0,0,"runtime_pucch_grant_trace","explicit_pucch_grant_and_feedback_runtime_state","available_runtime_grant_state","canonical PUCCH grant/resource row; waveform decode fields become available only after the feedback due slot is processed",0,0,0,"feedback_due_slot_not_reached_in_this_bounded_run",1,"ac5aaa60-f202-419a-8426-02227c779291","webgui_rel20_4ghz_100mhz_5gnb_50ue_10slot_20260417_170900","lls_3gpp_rel20_anchor_4ghz_100mhz_waveform_honest_5gnb_50ue_10slot","a1a414876cde1a5883e2a2ab610e6603ef434ebb5b0a934bfcb8df1260a73d7c","packet_flow/csv/live_pucch_grants.csv","packet_flow/csv/live_pucch_grants.csv","canonical_control_reference_signal_runtime_evidence","runtime_populated","UL",1,14,1,43,43,NaN,206,"persisted_runtime_pucch_grant_row","packet_flow/csv/live_pucch_grants.csv","runtime_grant_backed_mirror",1,"webgui_rel20_4ghz_100mhz_5gnb_50ue_10slot_20260417_170900","lls_3gpp_rel20_anchor_4ghz_100mhz_waveform_honest_5gnb_50ue_10slot","lls_3gpp_rel20_anchor_4ghz_100mhz_waveform_honest_5gnb_50ue_10slot","a1a414876cde1a5883e2a2ab610e6603ef434ebb5b0a934bfcb8df1260a73d7c","2756cfb",104729,NaN,NaN,NaN,NaN,NaN,NaN,NaN,NaN,NaN,NaN,"not_applicable","not_applicable","sixgr.truth.exportControlPlaneTraces","implemented","runtime_control_grant_rows","packet_flow/csv/live_pucch_grants.csv","not_applicable",0,1
"UL","UL",1,14,14,10,47,47,47,1,1,1,24072,1,0,1,1,1,"harq_ack","pucchgrant:fbdir=UL:due=14:src=10:ue=47:rnti=47:harq=1:cell=1","runtime_harq_feedback_due_scheduler","scheduled_pending_execution",1,0,2,1,"uci_payload_size_demoted_to_short_format","pucch:cell=1:slot=14:rnti=47:reqfmt=2:resfmt=1:prb=46:1:sym=10:4",46,1,10,4,"runtime_deterministic_pucch_resource_assignment",1,12,"not_applicable","not_applicable","not_applicable",0,0,"full_per_link_channel_waveform_sum",0,"not_applicable","not_applicable",0,"not_applicable","not_applicable","not_applicable",0,0,0,"pending_feedback_due_slot",0,0,"harq_feedback_consumed_by_runtime_harq_and_scheduler","PENDING",0,"not_applicable","not_applicable","Explicit runtime PUCCH grant/resource object scheduled from HARQ feedback timing.","PUCCH","active_but_simplified","active_scheduled_pending_feedback_due_not_reached","harq_feedback_resource_grant_and_state_update_when_due","pending_feedback_due_slot",0,0,0,0,"runtime_pucch_grant_trace","explicit_pucch_grant_and_feedback_runtime_state","available_runtime_grant_state","canonical PUCCH grant/resource row; waveform decode fields become available only after the feedback due slot is processed",0,0,0,"feedback_due_slot_not_reached_in_this_bounded_run",1,"ac5aaa60-f202-419a-8426-02227c779291","webgui_rel20_4ghz_100mhz_5gnb_50ue_10slot_20260417_170900","lls_3gpp_rel20_anchor_4ghz_100mhz_waveform_honest_5gnb_50ue_10slot","a1a414876cde1a5883e2a2ab610e6603ef434ebb5b0a934bfcb8df1260a73d7c","packet_flow/csv/live_pucch_grants.csv","packet_flow/csv/live_pucch_grants.csv","canonical_control_reference_signal_runtime_evidence","runtime_populated","UL",1,14,1,47,47,NaN,207,"persisted_runtime_pucch_grant_row","packet_flow/csv/live_pucch_grants.csv","runtime_grant_backed_mirror",1,"webgui_rel20_4ghz_100mhz_5gnb_50ue_10slot_20260417_170900","lls_3gpp_rel20_anchor_4ghz_100mhz_waveform_honest_5gnb_50ue_10slot","lls_3gpp_rel20_anchor_4ghz_100mhz_waveform_honest_5gnb_50ue_10slot","a1a414876cde1a5883e2a2ab610e6603ef434ebb5b0a934bfcb8df1260a73d7c","2756cfb",104729,NaN,NaN,NaN,NaN,NaN,NaN,NaN,NaN,NaN,NaN,"not_applicable","not_applicable","sixgr.truth.exportControlPlaneTraces","implemented","runtime_control_grant_rows","packet_flow/csv/live_pucch_grants.csv","not_applicable",0,1
"UL","UL",1,14,14,10,4,4,4,2,2,1,27144,0,0,0,0,1,"harq_ack","pucchgrant:fbdir=UL:due=14:src=10:ue=4:rnti=4:harq=1:cell=2","runtime_harq_feedback_due_scheduler","scheduled_pending_execution",1,0,2,1,"uci_payload_size_demoted_to_short_format","pucch:cell=2:slot=14:rnti=4:reqfmt=2:resfmt=1:prb=10:1:sym=10:4",10,1,10,4,"runtime_deterministic_pucch_resource_assignment",1,12,"not_applicable","not_applicable","not_applicable",0,0,"full_per_link_channel_waveform_sum",0,"not_applicable","not_applicable",0,"not_applicable","not_applicable","not_applicable",0,0,0,"pending_feedback_due_slot",0,0,"harq_feedback_consumed_by_runtime_harq_and_scheduler","PENDING",0,"not_applicable","not_applicable","Explicit runtime PUCCH grant/resource object scheduled from HARQ feedback timing.","PUCCH","active_but_simplified","active_scheduled_pending_feedback_due_not_reached","harq_feedback_resource_grant_and_state_update_when_due","pending_feedback_due_slot",0,0,0,0,"runtime_pucch_grant_trace","explicit_pucch_grant_and_feedback_runtime_state","available_runtime_grant_state","canonical PUCCH grant/resource row; waveform decode fields become available only after the feedback due slot is processed",0,0,0,"feedback_due_slot_not_reached_in_this_bounded_run",1,"ac5aaa60-f202-419a-8426-02227c779291","webgui_rel20_4ghz_100mhz_5gnb_50ue_10slot_20260417_170900","lls_3gpp_rel20_anchor_4ghz_100mhz_waveform_honest_5gnb_50ue_10slot","a1a414876cde1a5883e2a2ab610e6603ef434ebb5b0a934bfcb8df1260a73d7c","packet_flow/csv/live_pucch_grants.csv","packet_flow/csv/live_pucch_grants.csv","canonical_control_reference_signal_runtime_evidence","runtime_populated","UL",1,14,2,4,4,NaN,208,"persisted_runtime_pucch_grant_row","packet_flow/csv/live_pucch_grants.csv","runtime_grant_backed_mirror",1,"webgui_rel20_4ghz_100mhz_5gnb_50ue_10slot_20260417_170900","lls_3gpp_rel20_anchor_4ghz_100mhz_waveform_honest_5gnb_50ue_10slot","lls_3gpp_rel20_anchor_4ghz_100mhz_waveform_honest_5gnb_50ue_10slot","a1a414876cde1a5883e2a2ab610e6603ef434ebb5b0a934bfcb8df1260a73d7c","2756cfb",104729,NaN,NaN,NaN,NaN,NaN,NaN,NaN,NaN,NaN,NaN,"not_applicable","not_applicable","sixgr.truth.exportControlPlaneTraces","implemented","runtime_control_grant_rows","packet_flow/csv/live_pucch_grants.csv","not_applicable",0,1
"UL","UL",1,14,14,10,6,6,6,2,2,1,27144,0,0,0,0,1,"harq_ack","pucchgrant:fbdir=UL:due=14:src=10:ue=6:rnti=6:harq=1:cell=2","runtime_harq_feedback_due_scheduler","scheduled_pending_execution",1,0,2,1,"uci_payload_size_demoted_to_short_format","pucch:cell=2:slot=14:rnti=6:reqfmt=2:resfmt=1:prb=12:1:sym=10:4",12,1,10,4,"runtime_deterministic_pucch_resource_assignment",1,12,"not_applicable","not_applicable","not_applicable",0,0,"full_per_link_channel_waveform_sum",0,"not_applicable","not_applicable",0,"not_applicable","not_applicable","not_applicable",0,0,0,"pending_feedback_due_slot",0,0,"harq_feedback_consumed_by_runtime_harq_and_scheduler","PENDING",0,"not_applicable","not_applicable","Explicit runtime PUCCH grant/resource object scheduled from HARQ feedback timing.","PUCCH","active_but_simplified","active_scheduled_pending_feedback_due_not_reached","harq_feedback_resource_grant_and_state_update_when_due","pending_feedback_due_slot",0,0,0,0,"runtime_pucch_grant_trace","explicit_pucch_grant_and_feedback_runtime_state","available_runtime_grant_state","canonical PUCCH grant/resource row; waveform decode fields become available only after the feedback due slot is processed",0,0,0,"feedback_due_slot_not_reached_in_this_bounded_run",1,"ac5aaa60-f202-419a-8426-02227c779291","webgui_rel20_4ghz_100mhz_5gnb_50ue_10slot_20260417_170900","lls_3gpp_rel20_anchor_4ghz_100mhz_waveform_honest_5gnb_50ue_10slot","a1a414876cde1a5883e2a2ab610e6603ef434ebb5b0a934bfcb8df1260a73d7c","packet_flow/csv/live_pucch_grants.csv","packet_flow/csv/live_pucch_grants.csv","canonical_control_reference_signal_runtime_evidence","runtime_populated","UL",1,14,2,6,6,NaN,209,"persisted_runtime_pucch_grant_row","packet_flow/csv/live_pucch_grants.csv","runtime_grant_backed_mirror",1,"webgui_rel20_4ghz_100mhz_5gnb_50ue_10slot_20260417_170900","lls_3gpp_rel20_anchor_4ghz_100mhz_waveform_honest_5gnb_50ue_10slot","lls_3gpp_rel20_anchor_4ghz_100mhz_waveform_honest_5gnb_50ue_10slot","a1a414876cde1a5883e2a2ab610e6603ef434ebb5b0a934bfcb8df1260a73d7c","2756cfb",104729,NaN,NaN,NaN,NaN,NaN,NaN,NaN,NaN,NaN,NaN,"not_applicable","not_applicable","sixgr.truth.exportControlPlaneTraces","implemented","runtime_control_grant_rows","packet_flow/csv/live_pucch_grants.csv","not_applicable",0,1
"UL","UL",1,14,14,10,10,10,10,2,2,1,27144,1,0,1,1,1,"harq_ack","pucchgrant:fbdir=UL:due=14:src=10:ue=10:rnti=10:harq=1:cell=2","runtime_harq_feedback_due_scheduler","scheduled_pending_execution",1,0,2,1,"uci_payload_size_demoted_to_short_format","pucch:cell=2:slot=14:rnti=10:reqfmt=2:resfmt=1:prb=16:1:sym=10:4",16,1,10,4,"runtime_deterministic_pucch_resource_assignment",1,12,"not_applicable","not_applicable","not_applicable",0,0,"full_per_link_channel_waveform_sum",0,"not_applicable","not_applicable",0,"not_applicable","not_applicable","not_applicable",0,0,0,"pending_feedback_due_slot",0,0,"harq_feedback_consumed_by_runtime_harq_and_scheduler","PENDING",0,"not_applicable","not_applicable","Explicit runtime PUCCH grant/resource object scheduled from HARQ feedback timing.","PUCCH","active_but_simplified","active_scheduled_pending_feedback_due_not_reached","harq_feedback_resource_grant_and_state_update_when_due","pending_feedback_due_slot",0,0,0,0,"runtime_pucch_grant_trace","explicit_pucch_grant_and_feedback_runtime_state","available_runtime_grant_state","canonical PUCCH grant/resource row; waveform decode fields become available only after the feedback due slot is processed",0,0,0,"feedback_due_slot_not_reached_in_this_bounded_run",1,"ac5aaa60-f202-419a-8426-02227c779291","webgui_rel20_4ghz_100mhz_5gnb_50ue_10slot_20260417_170900","lls_3gpp_rel20_anchor_4ghz_100mhz_waveform_honest_5gnb_50ue_10slot","a1a414876cde1a5883e2a2ab610e6603ef434ebb5b0a934bfcb8df1260a73d7c","packet_flow/csv/live_pucch_grants.csv","packet_flow/csv/live_pucch_grants.csv","canonical_control_reference_signal_runtime_evidence","runtime_populated","UL",1,14,2,10,10,NaN,210,"persisted_runtime_pucch_grant_row","packet_flow/csv/live_pucch_grants.csv","runtime_grant_backed_mirror",1,"webgui_rel20_4ghz_100mhz_5gnb_50ue_10slot_20260417_170900","lls_3gpp_rel20_anchor_4ghz_100mhz_waveform_honest_5gnb_50ue_10slot","lls_3gpp_rel20_anchor_4ghz_100mhz_waveform_honest_5gnb_50ue_10slot","a1a414876cde1a5883e2a2ab610e6603ef434ebb5b0a934bfcb8df1260a73d7c","2756cfb",104729,NaN,NaN,NaN,NaN,NaN,NaN,NaN,NaN,NaN,NaN,"not_applicable","not_applicable","sixgr.truth.exportControlPlaneTraces","implemented","runtime_control_grant_rows","packet_flow/csv/live_pucch_grants.csv","not_applicable",0,1
"UL","UL",1,14,14,10,29,29,29,2,2,1,27144,1,0,1,1,1,"harq_ack","pucchgrant:fbdir=UL:due=14:src=10:ue=29:rnti=29:harq=1:cell=2","runtime_harq_feedback_due_scheduler","scheduled_pending_execution",1,0,2,1,"uci_payload_size_demoted_to_short_format","pucch:cell=2:slot=14:rnti=29:reqfmt=2:resfmt=1:prb=35:1:sym=10:4",35,1,10,4,"runtime_deterministic_pucch_resource_assignment",1,12,"not_applicable","not_applicable","not_applicable",0,0,"full_per_link_channel_waveform_sum",0,"not_applicable","not_applicable",0,"not_applicable","not_applicable","not_applicable",0,0,0,"pending_feedback_due_slot",0,0,"harq_feedback_consumed_by_runtime_harq_and_scheduler","PENDING",0,"not_applicable","not_applicable","Explicit runtime PUCCH grant/resource object scheduled from HARQ feedback timing.","PUCCH","active_but_simplified","active_scheduled_pending_feedback_due_not_reached","harq_feedback_resource_grant_and_state_update_when_due","pending_feedback_due_slot",0,0,0,0,"runtime_pucch_grant_trace","explicit_pucch_grant_and_feedback_runtime_state","available_runtime_grant_state","canonical PUCCH grant/resource row; waveform decode fields become available only after the feedback due slot is processed",0,0,0,"feedback_due_slot_not_reached_in_this_bounded_run",1,"ac5aaa60-f202-419a-8426-02227c779291","webgui_rel20_4ghz_100mhz_5gnb_50ue_10slot_20260417_170900","lls_3gpp_rel20_anchor_4ghz_100mhz_waveform_honest_5gnb_50ue_10slot","a1a414876cde1a5883e2a2ab610e6603ef434ebb5b0a934bfcb8df1260a73d7c","packet_flow/csv/live_pucch_grants.csv","packet_flow/csv/live_pucch_grants.csv","canonical_control_reference_signal_runtime_evidence","runtime_populated","UL",1,14,2,29,29,NaN,211,"persisted_runtime_pucch_grant_row","packet_flow/csv/live_pucch_grants.csv","runtime_grant_backed_mirror",1,"webgui_rel20_4ghz_100mhz_5gnb_50ue_10slot_20260417_170900","lls_3gpp_rel20_anchor_4ghz_100mhz_waveform_honest_5gnb_50ue_10slot","lls_3gpp_rel20_anchor_4ghz_100mhz_waveform_honest_5gnb_50ue_10slot","a1a414876cde1a5883e2a2ab610e6603ef434ebb5b0a934bfcb8df1260a73d7c","2756cfb",104729,NaN,NaN,NaN,NaN,NaN,NaN,NaN,NaN,NaN,NaN,"not_applicable","not_applicable","sixgr.truth.exportControlPlaneTraces","implemented","runtime_control_grant_rows","packet_flow/csv/live_pucch_grants.csv","not_applicable",0,1
"UL","UL",1,14,14,10,41,41,41,2,2,1,27144,0,0,0,0,1,"harq_ack","pucchgrant:fbdir=UL:due=14:src=10:ue=41:rnti=41:harq=1:cell=2","runtime_harq_feedback_due_scheduler","scheduled_pending_execution",1,0,2,1,"uci_payload_size_demoted_to_short_format","pucch:cell=2:slot=14:rnti=41:reqfmt=2:resfmt=1:prb=47:1:sym=10:4",47,1,10,4,"runtime_deterministic_pucch_resource_assignment",1,12,"not_applicable","not_applicable","not_applicable",0,0,"full_per_link_channel_waveform_sum",0,"not_applicable","not_applicable",0,"not_applicable","not_applicable","not_applicable",0,0,0,"pending_feedback_due_slot",0,0,"harq_feedback_consumed_by_runtime_harq_and_scheduler","PENDING",0,"not_applicable","not_applicable","Explicit runtime PUCCH grant/resource object scheduled from HARQ feedback timing.","PUCCH","active_but_simplified","active_scheduled_pending_feedback_due_not_reached","harq_feedback_resource_grant_and_state_update_when_due","pending_feedback_due_slot",0,0,0,0,"runtime_pucch_grant_trace","explicit_pucch_grant_and_feedback_runtime_state","available_runtime_grant_state","canonical PUCCH grant/resource row; waveform decode fields become available only after the feedback due slot is processed",0,0,0,"feedback_due_slot_not_reached_in_this_bounded_run",1,"ac5aaa60-f202-419a-8426-02227c779291","webgui_rel20_4ghz_100mhz_5gnb_50ue_10slot_20260417_170900","lls_3gpp_rel20_anchor_4ghz_100mhz_waveform_honest_5gnb_50ue_10slot","a1a414876cde1a5883e2a2ab610e6603ef434ebb5b0a934bfcb8df1260a73d7c","packet_flow/csv/live_pucch_grants.csv","packet_flow/csv/live_pucch_grants.csv","canonical_control_reference_signal_runtime_evidence","runtime_populated","UL",1,14,2,41,41,NaN,212,"persisted_runtime_pucch_grant_row","packet_flow/csv/live_pucch_grants.csv","runtime_grant_backed_mirror",1,"webgui_rel20_4ghz_100mhz_5gnb_50ue_10slot_20260417_170900","lls_3gpp_rel20_anchor_4ghz_100mhz_waveform_honest_5gnb_50ue_10slot","lls_3gpp_rel20_anchor_4ghz_100mhz_waveform_honest_5gnb_50ue_10slot","a1a414876cde1a5883e2a2ab610e6603ef434ebb5b0a934bfcb8df1260a73d7c","2756cfb",104729,NaN,NaN,NaN,NaN,NaN,NaN,NaN,NaN,NaN,NaN,"not_applicable","not_applicable","sixgr.truth.exportControlPlaneTraces","implemented","runtime_control_grant_rows","packet_flow/csv/live_pucch_grants.csv","not_applicable",0,1
"UL","UL",1,14,14,10,45,45,45,2,2,1,27144,0,0,0,0,1,"harq_ack","pucchgrant:fbdir=UL:due=14:src=10:ue=45:rnti=45:harq=1:cell=2","runtime_harq_feedback_due_scheduler","scheduled_pending_execution",1,0,2,1,"uci_payload_size_demoted_to_short_format","pucch:cell=2:slot=14:rnti=45:reqfmt=2:resfmt=1:prb=51:1:sym=10:4",51,1,10,4,"runtime_deterministic_pucch_resource_assignment",1,12,"not_applicable","not_applicable","not_applicable",0,0,"full_per_link_channel_waveform_sum",0,"not_applicable","not_applicable",0,"not_applicable","not_applicable","not_applicable",0,0,0,"pending_feedback_due_slot",0,0,"harq_feedback_consumed_by_runtime_harq_and_scheduler","PENDING",0,"not_applicable","not_applicable","Explicit runtime PUCCH grant/resource object scheduled from HARQ feedback timing.","PUCCH","active_but_simplified","active_scheduled_pending_feedback_due_not_reached","harq_feedback_resource_grant_and_state_update_when_due","pending_feedback_due_slot",0,0,0,0,"runtime_pucch_grant_trace","explicit_pucch_grant_and_feedback_runtime_state","available_runtime_grant_state","canonical PUCCH grant/resource row; waveform decode fields become available only after the feedback due slot is processed",0,0,0,"feedback_due_slot_not_reached_in_this_bounded_run",1,"ac5aaa60-f202-419a-8426-02227c779291","webgui_rel20_4ghz_100mhz_5gnb_50ue_10slot_20260417_170900","lls_3gpp_rel20_anchor_4ghz_100mhz_waveform_honest_5gnb_50ue_10slot","a1a414876cde1a5883e2a2ab610e6603ef434ebb5b0a934bfcb8df1260a73d7c","packet_flow/csv/live_pucch_grants.csv","packet_flow/csv/live_pucch_grants.csv","canonical_control_reference_signal_runtime_evidence","runtime_populated","UL",1,14,2,45,45,NaN,213,"persisted_runtime_pucch_grant_row","packet_flow/csv/live_pucch_grants.csv","runtime_grant_backed_mirror",1,"webgui_rel20_4ghz_100mhz_5gnb_50ue_10slot_20260417_170900","lls_3gpp_rel20_anchor_4ghz_100mhz_waveform_honest_5gnb_50ue_10slot","lls_3gpp_rel20_anchor_4ghz_100mhz_waveform_honest_5gnb_50ue_10slot","a1a414876cde1a5883e2a2ab610e6603ef434ebb5b0a934bfcb8df1260a73d7c","2756cfb",104729,NaN,NaN,NaN,NaN,NaN,NaN,NaN,NaN,NaN,NaN,"not_applicable","not_applicable","sixgr.truth.exportControlPlaneTraces","implemented","runtime_control_grant_rows","packet_flow/csv/live_pucch_grants.csv","not_applicable",0,1
"UL","UL",1,14,14,10,50,50,50,2,2,1,27144,1,0,1,1,1,"harq_ack","pucchgrant:fbdir=UL:due=14:src=10:ue=50:rnti=50:harq=1:cell=2","runtime_harq_feedback_due_scheduler","scheduled_pending_execution",1,0,2,1,"uci_payload_size_demoted_to_short_format","pucch:cell=2:slot=14:rnti=50:reqfmt=2:resfmt=1:prb=56:1:sym=10:4",56,1,10,4,"runtime_deterministic_pucch_resource_assignment",1,12,"not_applicable","not_applicable","not_applicable",0,0,"full_per_link_channel_waveform_sum",0,"not_applicable","not_applicable",0,"not_applicable","not_applicable","not_applicable",0,0,0,"pending_feedback_due_slot",0,0,"harq_feedback_consumed_by_runtime_harq_and_scheduler","PENDING",0,"not_applicable","not_applicable","Explicit runtime PUCCH grant/resource object scheduled from HARQ feedback timing.","PUCCH","active_but_simplified","active_scheduled_pending_feedback_due_not_reached","harq_feedback_resource_grant_and_state_update_when_due","pending_feedback_due_slot",0,0,0,0,"runtime_pucch_grant_trace","explicit_pucch_grant_and_feedback_runtime_state","available_runtime_grant_state","canonical PUCCH grant/resource row; waveform decode fields become available only after the feedback due slot is processed",0,0,0,"feedback_due_slot_not_reached_in_this_bounded_run",1,"ac5aaa60-f202-419a-8426-02227c779291","webgui_rel20_4ghz_100mhz_5gnb_50ue_10slot_20260417_170900","lls_3gpp_rel20_anchor_4ghz_100mhz_waveform_honest_5gnb_50ue_10slot","a1a414876cde1a5883e2a2ab610e6603ef434ebb5b0a934bfcb8df1260a73d7c","packet_flow/csv/live_pucch_grants.csv","packet_flow/csv/live_pucch_grants.csv","canonical_control_reference_signal_runtime_evidence","runtime_populated","UL",1,14,2,50,50,NaN,214,"persisted_runtime_pucch_grant_row","packet_flow/csv/live_pucch_grants.csv","runtime_grant_backed_mirror",1,"webgui_rel20_4ghz_100mhz_5gnb_50ue_10slot_20260417_170900","lls_3gpp_rel20_anchor_4ghz_100mhz_waveform_honest_5gnb_50ue_10slot","lls_3gpp_rel20_anchor_4ghz_100mhz_waveform_honest_5gnb_50ue_10slot","a1a414876cde1a5883e2a2ab610e6603ef434ebb5b0a934bfcb8df1260a73d7c","2756cfb",104729,NaN,NaN,NaN,NaN,NaN,NaN,NaN,NaN,NaN,NaN,"not_applicable","not_applicable","sixgr.truth.exportControlPlaneTraces","implemented","runtime_control_grant_rows","packet_flow/csv/live_pucch_grants.csv","not_applicable",0,1
"UL","UL",1,14,14,10,35,35,35,2,2,1,17424,1,0,1,1,1,"harq_ack","pucchgrant:fbdir=UL:due=14:src=10:ue=35:rnti=35:harq=1:cell=2","runtime_harq_feedback_due_scheduler","scheduled_pending_execution",1,0,2,1,"uci_payload_size_demoted_to_short_format","pucch:cell=2:slot=14:rnti=35:reqfmt=2:resfmt=1:prb=41:1:sym=10:4",41,1,10,4,"runtime_deterministic_pucch_resource_assignment",1,12,"not_applicable","not_applicable","not_applicable",0,0,"full_per_link_channel_waveform_sum",0,"not_applicable","not_applicable",0,"not_applicable","not_applicable","not_applicable",0,0,0,"pending_feedback_due_slot",0,0,"harq_feedback_consumed_by_runtime_harq_and_scheduler","PENDING",0,"not_applicable","not_applicable","Explicit runtime PUCCH grant/resource object scheduled from HARQ feedback timing.","PUCCH","active_but_simplified","active_scheduled_pending_feedback_due_not_reached","harq_feedback_resource_grant_and_state_update_when_due","pending_feedback_due_slot",0,0,0,0,"runtime_pucch_grant_trace","explicit_pucch_grant_and_feedback_runtime_state","available_runtime_grant_state","canonical PUCCH grant/resource row; waveform decode fields become available only after the feedback due slot is processed",0,0,0,"feedback_due_slot_not_reached_in_this_bounded_run",1,"ac5aaa60-f202-419a-8426-02227c779291","webgui_rel20_4ghz_100mhz_5gnb_50ue_10slot_20260417_170900","lls_3gpp_rel20_anchor_4ghz_100mhz_waveform_honest_5gnb_50ue_10slot","a1a414876cde1a5883e2a2ab610e6603ef434ebb5b0a934bfcb8df1260a73d7c","packet_flow/csv/live_pucch_grants.csv","packet_flow/csv/live_pucch_grants.csv","canonical_control_reference_signal_runtime_evidence","runtime_populated","UL",1,14,2,35,35,NaN,215,"persisted_runtime_pucch_grant_row","packet_flow/csv/live_pucch_grants.csv","runtime_grant_backed_mirror",1,"webgui_rel20_4ghz_100mhz_5gnb_50ue_10slot_20260417_170900","lls_3gpp_rel20_anchor_4ghz_100mhz_waveform_honest_5gnb_50ue_10slot","lls_3gpp_rel20_anchor_4ghz_100mhz_waveform_honest_5gnb_50ue_10slot","a1a414876cde1a5883e2a2ab610e6603ef434ebb5b0a934bfcb8df1260a73d7c","2756cfb",104729,NaN,NaN,NaN,NaN,NaN,NaN,NaN,NaN,NaN,NaN,"not_applicable","not_applicable","sixgr.truth.exportControlPlaneTraces","implemented","runtime_control_grant_rows","packet_flow/csv/live_pucch_grants.csv","not_applicable",0,1
"UL","UL",1,14,14,10,12,12,12,3,3,1,24072,0,0,0,0,1,"harq_ack","pucchgrant:fbdir=UL:due=14:src=10:ue=12:rnti=12:harq=1:cell=3","runtime_harq_feedback_due_scheduler","scheduled_pending_execution",1,0,2,1,"uci_payload_size_demoted_to_short_format","pucch:cell=3:slot=14:rnti=12:reqfmt=2:resfmt=1:prb=25:1:sym=10:4",25,1,10,4,"runtime_deterministic_pucch_resource_assignment",1,12,"not_applicable","not_applicable","not_applicable",0,0,"full_per_link_channel_waveform_sum",0,"not_applicable","not_applicable",0,"not_applicable","not_applicable","not_applicable",0,0,0,"pending_feedback_due_slot",0,0,"harq_feedback_consumed_by_runtime_harq_and_scheduler","PENDING",0,"not_applicable","not_applicable","Explicit runtime PUCCH grant/resource object scheduled from HARQ feedback timing.","PUCCH","active_but_simplified","active_scheduled_pending_feedback_due_not_reached","harq_feedback_resource_grant_and_state_update_when_due","pending_feedback_due_slot",0,0,0,0,"runtime_pucch_grant_trace","explicit_pucch_grant_and_feedback_runtime_state","available_runtime_grant_state","canonical PUCCH grant/resource row; waveform decode fields become available only after the feedback due slot is processed",0,0,0,"feedback_due_slot_not_reached_in_this_bounded_run",1,"ac5aaa60-f202-419a-8426-02227c779291","webgui_rel20_4ghz_100mhz_5gnb_50ue_10slot_20260417_170900","lls_3gpp_rel20_anchor_4ghz_100mhz_waveform_honest_5gnb_50ue_10slot","a1a414876cde1a5883e2a2ab610e6603ef434ebb5b0a934bfcb8df1260a73d7c","packet_flow/csv/live_pucch_grants.csv","packet_flow/csv/live_pucch_grants.csv","canonical_control_reference_signal_runtime_evidence","runtime_populated","UL",1,14,3,12,12,NaN,216,"persisted_runtime_pucch_grant_row","packet_flow/csv/live_pucch_grants.csv","runtime_grant_backed_mirror",1,"webgui_rel20_4ghz_100mhz_5gnb_50ue_10slot_20260417_170900","lls_3gpp_rel20_anchor_4ghz_100mhz_waveform_honest_5gnb_50ue_10slot","lls_3gpp_rel20_anchor_4ghz_100mhz_waveform_honest_5gnb_50ue_10slot","a1a414876cde1a5883e2a2ab610e6603ef434ebb5b0a934bfcb8df1260a73d7c","2756cfb",104729,NaN,NaN,NaN,NaN,NaN,NaN,NaN,NaN,NaN,NaN,"not_applicable","not_applicable","sixgr.truth.exportControlPlaneTraces","implemented","runtime_control_grant_rows","packet_flow/csv/live_pucch_grants.csv","not_applicable",0,1
"UL","UL",1,14,14,10,13,13,13,3,3,1,24072,0,0,0,0,1,"harq_ack","pucchgrant:fbdir=UL:due=14:src=10:ue=13:rnti=13:harq=1:cell=3","runtime_harq_feedback_due_scheduler","scheduled_pending_execution",1,0,2,1,"uci_payload_size_demoted_to_short_format","pucch:cell=3:slot=14:rnti=13:reqfmt=2:resfmt=1:prb=26:1:sym=10:4",26,1,10,4,"runtime_deterministic_pucch_resource_assignment",1,12,"not_applicable","not_applicable","not_applicable",0,0,"full_per_link_channel_waveform_sum",0,"not_applicable","not_applicable",0,"not_applicable","not_applicable","not_applicable",0,0,0,"pending_feedback_due_slot",0,0,"harq_feedback_consumed_by_runtime_harq_and_scheduler","PENDING",0,"not_applicable","not_applicable","Explicit runtime PUCCH grant/resource object scheduled from HARQ feedback timing.","PUCCH","active_but_simplified","active_scheduled_pending_feedback_due_not_reached","harq_feedback_resource_grant_and_state_update_when_due","pending_feedback_due_slot",0,0,0,0,"runtime_pucch_grant_trace","explicit_pucch_grant_and_feedback_runtime_state","available_runtime_grant_state","canonical PUCCH grant/resource row; waveform decode fields become available only after the feedback due slot is processed",0,0,0,"feedback_due_slot_not_reached_in_this_bounded_run",1,"ac5aaa60-f202-419a-8426-02227c779291","webgui_rel20_4ghz_100mhz_5gnb_50ue_10slot_20260417_170900","lls_3gpp_rel20_anchor_4ghz_100mhz_waveform_honest_5gnb_50ue_10slot","a1a414876cde1a5883e2a2ab610e6603ef434ebb5b0a934bfcb8df1260a73d7c","packet_flow/csv/live_pucch_grants.csv","packet_flow/csv/live_pucch_grants.csv","canonical_control_reference_signal_runtime_evidence","runtime_populated","UL",1,14,3,13,13,NaN,217,"persisted_runtime_pucch_grant_row","packet_flow/csv/live_pucch_grants.csv","runtime_grant_backed_mirror",1,"webgui_rel20_4ghz_100mhz_5gnb_50ue_10slot_20260417_170900","lls_3gpp_rel20_anchor_4ghz_100mhz_waveform_honest_5gnb_50ue_10slot","lls_3gpp_rel20_anchor_4ghz_100mhz_waveform_honest_5gnb_50ue_10slot","a1a414876cde1a5883e2a2ab610e6603ef434ebb5b0a934bfcb8df1260a73d7c","2756cfb",104729,NaN,NaN,NaN,NaN,NaN,NaN,NaN,NaN,NaN,NaN,"not_applicable","not_applicable","sixgr.truth.exportControlPlaneTraces","implemented","runtime_control_grant_rows","packet_flow/csv/live_pucch_grants.csv","not_applicable",0,1
"UL","UL",1,14,14,10,18,18,18,3,3,1,24072,1,0,1,1,1,"harq_ack","pucchgrant:fbdir=UL:due=14:src=10:ue=18:rnti=18:harq=1:cell=3","runtime_harq_feedback_due_scheduler","scheduled_pending_execution",1,0,2,1,"uci_payload_size_demoted_to_short_format","pucch:cell=3:slot=14:rnti=18:reqfmt=2:resfmt=1:prb=31:1:sym=10:4",31,1,10,4,"runtime_deterministic_pucch_resource_assignment",1,12,"not_applicable","not_applicable","not_applicable",0,0,"full_per_link_channel_waveform_sum",0,"not_applicable","not_applicable",0,"not_applicable","not_applicable","not_applicable",0,0,0,"pending_feedback_due_slot",0,0,"harq_feedback_consumed_by_runtime_harq_and_scheduler","PENDING",0,"not_applicable","not_applicable","Explicit runtime PUCCH grant/resource object scheduled from HARQ feedback timing.","PUCCH","active_but_simplified","active_scheduled_pending_feedback_due_not_reached","harq_feedback_resource_grant_and_state_update_when_due","pending_feedback_due_slot",0,0,0,0,"runtime_pucch_grant_trace","explicit_pucch_grant_and_feedback_runtime_state","available_runtime_grant_state","canonical PUCCH grant/resource row; waveform decode fields become available only after the feedback due slot is processed",0,0,0,"feedback_due_slot_not_reached_in_this_bounded_run",1,"ac5aaa60-f202-419a-8426-02227c779291","webgui_rel20_4ghz_100mhz_5gnb_50ue_10slot_20260417_170900","lls_3gpp_rel20_anchor_4ghz_100mhz_waveform_honest_5gnb_50ue_10slot","a1a414876cde1a5883e2a2ab610e6603ef434ebb5b0a934bfcb8df1260a73d7c","packet_flow/csv/live_pucch_grants.csv","packet_flow/csv/live_pucch_grants.csv","canonical_control_reference_signal_runtime_evidence","runtime_populated","UL",1,14,3,18,18,NaN,218,"persisted_runtime_pucch_grant_row","packet_flow/csv/live_pucch_grants.csv","runtime_grant_backed_mirror",1,"webgui_rel20_4ghz_100mhz_5gnb_50ue_10slot_20260417_170900","lls_3gpp_rel20_anchor_4ghz_100mhz_waveform_honest_5gnb_50ue_10slot","lls_3gpp_rel20_anchor_4ghz_100mhz_waveform_honest_5gnb_50ue_10slot","a1a414876cde1a5883e2a2ab610e6603ef434ebb5b0a934bfcb8df1260a73d7c","2756cfb",104729,NaN,NaN,NaN,NaN,NaN,NaN,NaN,NaN,NaN,NaN,"not_applicable","not_applicable","sixgr.truth.exportControlPlaneTraces","implemented","runtime_control_grant_rows","packet_flow/csv/live_pucch_grants.csv","not_applicable",0,1
"UL","UL",1,14,14,10,23,23,23,3,3,1,24072,0,0,0,0,1,"harq_ack","pucchgrant:fbdir=UL:due=14:src=10:ue=23:rnti=23:harq=1:cell=3","runtime_harq_feedback_due_scheduler","scheduled_pending_execution",1,0,2,1,"uci_payload_size_demoted_to_short_format","pucch:cell=3:slot=14:rnti=23:reqfmt=2:resfmt=1:prb=36:1:sym=10:4",36,1,10,4,"runtime_deterministic_pucch_resource_assignment",1,12,"not_applicable","not_applicable","not_applicable",0,0,"full_per_link_channel_waveform_sum",0,"not_applicable","not_applicable",0,"not_applicable","not_applicable","not_applicable",0,0,0,"pending_feedback_due_slot",0,0,"harq_feedback_consumed_by_runtime_harq_and_scheduler","PENDING",0,"not_applicable","not_applicable","Explicit runtime PUCCH grant/resource object scheduled from HARQ feedback timing.","PUCCH","active_but_simplified","active_scheduled_pending_feedback_due_not_reached","harq_feedback_resource_grant_and_state_update_when_due","pending_feedback_due_slot",0,0,0,0,"runtime_pucch_grant_trace","explicit_pucch_grant_and_feedback_runtime_state","available_runtime_grant_state","canonical PUCCH grant/resource row; waveform decode fields become available only after the feedback due slot is processed",0,0,0,"feedback_due_slot_not_reached_in_this_bounded_run",1,"ac5aaa60-f202-419a-8426-02227c779291","webgui_rel20_4ghz_100mhz_5gnb_50ue_10slot_20260417_170900","lls_3gpp_rel20_anchor_4ghz_100mhz_waveform_honest_5gnb_50ue_10slot","a1a414876cde1a5883e2a2ab610e6603ef434ebb5b0a934bfcb8df1260a73d7c","packet_flow/csv/live_pucch_grants.csv","packet_flow/csv/live_pucch_grants.csv","canonical_control_reference_signal_runtime_evidence","runtime_populated","UL",1,14,3,23,23,NaN,219,"persisted_runtime_pucch_grant_row","packet_flow/csv/live_pucch_grants.csv","runtime_grant_backed_mirror",1,"webgui_rel20_4ghz_100mhz_5gnb_50ue_10slot_20260417_170900","lls_3gpp_rel20_anchor_4ghz_100mhz_waveform_honest_5gnb_50ue_10slot","lls_3gpp_rel20_anchor_4ghz_100mhz_waveform_honest_5gnb_50ue_10slot","a1a414876cde1a5883e2a2ab610e6603ef434ebb5b0a934bfcb8df1260a73d7c","2756cfb",104729,NaN,NaN,NaN,NaN,NaN,NaN,NaN,NaN,NaN,NaN,"not_applicable","not_applicable","sixgr.truth.exportControlPlaneTraces","implemented","runtime_control_grant_rows","packet_flow/csv/live_pucch_grants.csv","not_applicable",0,1
"UL","UL",1,14,14,10,15,15,15,3,3,1,21000,0,0,0,0,1,"harq_ack","pucchgrant:fbdir=UL:due=14:src=10:ue=15:rnti=15:harq=1:cell=3","runtime_harq_feedback_due_scheduler","scheduled_pending_execution",1,0,2,1,"uci_payload_size_demoted_to_short_format","pucch:cell=3:slot=14:rnti=15:reqfmt=2:resfmt=1:prb=28:1:sym=10:4",28,1,10,4,"runtime_deterministic_pucch_resource_assignment",1,12,"not_applicable","not_applicable","not_applicable",0,0,"full_per_link_channel_waveform_sum",0,"not_applicable","not_applicable",0,"not_applicable","not_applicable","not_applicable",0,0,0,"pending_feedback_due_slot",0,0,"harq_feedback_consumed_by_runtime_harq_and_scheduler","PENDING",0,"not_applicable","not_applicable","Explicit runtime PUCCH grant/resource object scheduled from HARQ feedback timing.","PUCCH","active_but_simplified","active_scheduled_pending_feedback_due_not_reached","harq_feedback_resource_grant_and_state_update_when_due","pending_feedback_due_slot",0,0,0,0,"runtime_pucch_grant_trace","explicit_pucch_grant_and_feedback_runtime_state","available_runtime_grant_state","canonical PUCCH grant/resource row; waveform decode fields become available only after the feedback due slot is processed",0,0,0,"feedback_due_slot_not_reached_in_this_bounded_run",1,"ac5aaa60-f202-419a-8426-02227c779291","webgui_rel20_4ghz_100mhz_5gnb_50ue_10slot_20260417_170900","lls_3gpp_rel20_anchor_4ghz_100mhz_waveform_honest_5gnb_50ue_10slot","a1a414876cde1a5883e2a2ab610e6603ef434ebb5b0a934bfcb8df1260a73d7c","packet_flow/csv/live_pucch_grants.csv","packet_flow/csv/live_pucch_grants.csv","canonical_control_reference_signal_runtime_evidence","runtime_populated","UL",1,14,3,15,15,NaN,220,"persisted_runtime_pucch_grant_row","packet_flow/csv/live_pucch_grants.csv","runtime_grant_backed_mirror",1,"webgui_rel20_4ghz_100mhz_5gnb_50ue_10slot_20260417_170900","lls_3gpp_rel20_anchor_4ghz_100mhz_waveform_honest_5gnb_50ue_10slot","lls_3gpp_rel20_anchor_4ghz_100mhz_waveform_honest_5gnb_50ue_10slot","a1a414876cde1a5883e2a2ab610e6603ef434ebb5b0a934bfcb8df1260a73d7c","2756cfb",104729,NaN,NaN,NaN,NaN,NaN,NaN,NaN,NaN,NaN,NaN,"not_applicable","not_applicable","sixgr.truth.exportControlPlaneTraces","implemented","runtime_control_grant_rows","packet_flow/csv/live_pucch_grants.csv","not_applicable",0,1
"UL","UL",1,14,14,10,24,24,24,3,3,1,18432,0,0,0,0,1,"harq_ack","pucchgrant:fbdir=UL:due=14:src=10:ue=24:rnti=24:harq=1:cell=3","runtime_harq_feedback_due_scheduler","scheduled_pending_execution",1,0,2,1,"uci_payload_size_demoted_to_short_format","pucch:cell=3:slot=14:rnti=24:reqfmt=2:resfmt=1:prb=37:1:sym=10:4",37,1,10,4,"runtime_deterministic_pucch_resource_assignment",1,12,"not_applicable","not_applicable","not_applicable",0,0,"full_per_link_channel_waveform_sum",0,"not_applicable","not_applicable",0,"not_applicable","not_applicable","not_applicable",0,0,0,"pending_feedback_due_slot",0,0,"harq_feedback_consumed_by_runtime_harq_and_scheduler","PENDING",0,"not_applicable","not_applicable","Explicit runtime PUCCH grant/resource object scheduled from HARQ feedback timing.","PUCCH","active_but_simplified","active_scheduled_pending_feedback_due_not_reached","harq_feedback_resource_grant_and_state_update_when_due","pending_feedback_due_slot",0,0,0,0,"runtime_pucch_grant_trace","explicit_pucch_grant_and_feedback_runtime_state","available_runtime_grant_state","canonical PUCCH grant/resource row; waveform decode fields become available only after the feedback due slot is processed",0,0,0,"feedback_due_slot_not_reached_in_this_bounded_run",1,"ac5aaa60-f202-419a-8426-02227c779291","webgui_rel20_4ghz_100mhz_5gnb_50ue_10slot_20260417_170900","lls_3gpp_rel20_anchor_4ghz_100mhz_waveform_honest_5gnb_50ue_10slot","a1a414876cde1a5883e2a2ab610e6603ef434ebb5b0a934bfcb8df1260a73d7c","packet_flow/csv/live_pucch_grants.csv","packet_flow/csv/live_pucch_grants.csv","canonical_control_reference_signal_runtime_evidence","runtime_populated","UL",1,14,3,24,24,NaN,221,"persisted_runtime_pucch_grant_row","packet_flow/csv/live_pucch_grants.csv","runtime_grant_backed_mirror",1,"webgui_rel20_4ghz_100mhz_5gnb_50ue_10slot_20260417_170900","lls_3gpp_rel20_anchor_4ghz_100mhz_waveform_honest_5gnb_50ue_10slot","lls_3gpp_rel20_anchor_4ghz_100mhz_waveform_honest_5gnb_50ue_10slot","a1a414876cde1a5883e2a2ab610e6603ef434ebb5b0a934bfcb8df1260a73d7c","2756cfb",104729,NaN,NaN,NaN,NaN,NaN,NaN,NaN,NaN,NaN,NaN,"not_applicable","not_applicable","sixgr.truth.exportControlPlaneTraces","implemented","runtime_control_grant_rows","packet_flow/csv/live_pucch_grants.csv","not_applicable",0,1
"UL","UL",1,14,14,10,2,2,2,3,3,1,12808,0,0,0,0,1,"harq_ack","pucchgrant:fbdir=UL:due=14:src=10:ue=2:rnti=2:harq=1:cell=3","runtime_harq_feedback_due_scheduler","scheduled_pending_execution",1,0,2,1,"uci_payload_size_demoted_to_short_format","pucch:cell=3:slot=14:rnti=2:reqfmt=2:resfmt=1:prb=15:1:sym=10:4",15,1,10,4,"runtime_deterministic_pucch_resource_assignment",1,12,"not_applicable","not_applicable","not_applicable",0,0,"full_per_link_channel_waveform_sum",0,"not_applicable","not_applicable",0,"not_applicable","not_applicable","not_applicable",0,0,0,"pending_feedback_due_slot",0,0,"harq_feedback_consumed_by_runtime_harq_and_scheduler","PENDING",0,"not_applicable","not_applicable","Explicit runtime PUCCH grant/resource object scheduled from HARQ feedback timing.","PUCCH","active_but_simplified","active_scheduled_pending_feedback_due_not_reached","harq_feedback_resource_grant_and_state_update_when_due","pending_feedback_due_slot",0,0,0,0,"runtime_pucch_grant_trace","explicit_pucch_grant_and_feedback_runtime_state","available_runtime_grant_state","canonical PUCCH grant/resource row; waveform decode fields become available only after the feedback due slot is processed",0,0,0,"feedback_due_slot_not_reached_in_this_bounded_run",1,"ac5aaa60-f202-419a-8426-02227c779291","webgui_rel20_4ghz_100mhz_5gnb_50ue_10slot_20260417_170900","lls_3gpp_rel20_anchor_4ghz_100mhz_waveform_honest_5gnb_50ue_10slot","a1a414876cde1a5883e2a2ab610e6603ef434ebb5b0a934bfcb8df1260a73d7c","packet_flow/csv/live_pucch_grants.csv","packet_flow/csv/live_pucch_grants.csv","canonical_control_reference_signal_runtime_evidence","runtime_populated","UL",1,14,3,2,2,NaN,222,"persisted_runtime_pucch_grant_row","packet_flow/csv/live_pucch_grants.csv","runtime_grant_backed_mirror",1,"webgui_rel20_4ghz_100mhz_5gnb_50ue_10slot_20260417_170900","lls_3gpp_rel20_anchor_4ghz_100mhz_waveform_honest_5gnb_50ue_10slot","lls_3gpp_rel20_anchor_4ghz_100mhz_waveform_honest_5gnb_50ue_10slot","a1a414876cde1a5883e2a2ab610e6603ef434ebb5b0a934bfcb8df1260a73d7c","2756cfb",104729,NaN,NaN,NaN,NaN,NaN,NaN,NaN,NaN,NaN,NaN,"not_applicable","not_applicable","sixgr.truth.exportControlPlaneTraces","implemented","runtime_control_grant_rows","packet_flow/csv/live_pucch_grants.csv","not_applicable",0,1
"UL","UL",1,14,14,10,16,16,16,3,3,1,11272,0,0,0,0,1,"harq_ack","pucchgrant:fbdir=UL:due=14:src=10:ue=16:rnti=16:harq=1:cell=3","runtime_harq_feedback_due_scheduler","scheduled_pending_execution",1,0,2,1,"uci_payload_size_demoted_to_short_format","pucch:cell=3:slot=14:rnti=16:reqfmt=2:resfmt=1:prb=29:1:sym=10:4",29,1,10,4,"runtime_deterministic_pucch_resource_assignment",1,12,"not_applicable","not_applicable","not_applicable",0,0,"full_per_link_channel_waveform_sum",0,"not_applicable","not_applicable",0,"not_applicable","not_applicable","not_applicable",0,0,0,"pending_feedback_due_slot",0,0,"harq_feedback_consumed_by_runtime_harq_and_scheduler","PENDING",0,"not_applicable","not_applicable","Explicit runtime PUCCH grant/resource object scheduled from HARQ feedback timing.","PUCCH","active_but_simplified","active_scheduled_pending_feedback_due_not_reached","harq_feedback_resource_grant_and_state_update_when_due","pending_feedback_due_slot",0,0,0,0,"runtime_pucch_grant_trace","explicit_pucch_grant_and_feedback_runtime_state","available_runtime_grant_state","canonical PUCCH grant/resource row; waveform decode fields become available only after the feedback due slot is processed",0,0,0,"feedback_due_slot_not_reached_in_this_bounded_run",1,"ac5aaa60-f202-419a-8426-02227c779291","webgui_rel20_4ghz_100mhz_5gnb_50ue_10slot_20260417_170900","lls_3gpp_rel20_anchor_4ghz_100mhz_waveform_honest_5gnb_50ue_10slot","a1a414876cde1a5883e2a2ab610e6603ef434ebb5b0a934bfcb8df1260a73d7c","packet_flow/csv/live_pucch_grants.csv","packet_flow/csv/live_pucch_grants.csv","canonical_control_reference_signal_runtime_evidence","runtime_populated","UL",1,14,3,16,16,NaN,223,"persisted_runtime_pucch_grant_row","packet_flow/csv/live_pucch_grants.csv","runtime_grant_backed_mirror",1,"webgui_rel20_4ghz_100mhz_5gnb_50ue_10slot_20260417_170900","lls_3gpp_rel20_anchor_4ghz_100mhz_waveform_honest_5gnb_50ue_10slot","lls_3gpp_rel20_anchor_4ghz_100mhz_waveform_honest_5gnb_50ue_10slot","a1a414876cde1a5883e2a2ab610e6603ef434ebb5b0a934bfcb8df1260a73d7c","2756cfb",104729,NaN,NaN,NaN,NaN,NaN,NaN,NaN,NaN,NaN,NaN,"not_applicable","not_applicable","sixgr.truth.exportControlPlaneTraces","implemented","runtime_control_grant_rows","packet_flow/csv/live_pucch_grants.csv","not_applicable",0,1
"UL","UL",1,14,14,10,33,33,33,3,3,1,11272,0,0,0,0,1,"harq_ack","pucchgrant:fbdir=UL:due=14:src=10:ue=33:rnti=33:harq=1:cell=3","runtime_harq_feedback_due_scheduler","scheduled_pending_execution",1,0,2,1,"uci_payload_size_demoted_to_short_format","pucch:cell=3:slot=14:rnti=33:reqfmt=2:resfmt=1:prb=46:1:sym=10:4",46,1,10,4,"runtime_deterministic_pucch_resource_assignment",1,12,"not_applicable","not_applicable","not_applicable",0,0,"full_per_link_channel_waveform_sum",0,"not_applicable","not_applicable",0,"not_applicable","not_applicable","not_applicable",0,0,0,"pending_feedback_due_slot",0,0,"harq_feedback_consumed_by_runtime_harq_and_scheduler","PENDING",0,"not_applicable","not_applicable","Explicit runtime PUCCH grant/resource object scheduled from HARQ feedback timing.","PUCCH","active_but_simplified","active_scheduled_pending_feedback_due_not_reached","harq_feedback_resource_grant_and_state_update_when_due","pending_feedback_due_slot",0,0,0,0,"runtime_pucch_grant_trace","explicit_pucch_grant_and_feedback_runtime_state","available_runtime_grant_state","canonical PUCCH grant/resource row; waveform decode fields become available only after the feedback due slot is processed",0,0,0,"feedback_due_slot_not_reached_in_this_bounded_run",1,"ac5aaa60-f202-419a-8426-02227c779291","webgui_rel20_4ghz_100mhz_5gnb_50ue_10slot_20260417_170900","lls_3gpp_rel20_anchor_4ghz_100mhz_waveform_honest_5gnb_50ue_10slot","a1a414876cde1a5883e2a2ab610e6603ef434ebb5b0a934bfcb8df1260a73d7c","packet_flow/csv/live_pucch_grants.csv","packet_flow/csv/live_pucch_grants.csv","canonical_control_reference_signal_runtime_evidence","runtime_populated","UL",1,14,3,33,33,NaN,224,"persisted_runtime_pucch_grant_row","packet_flow/csv/live_pucch_grants.csv","runtime_grant_backed_mirror",1,"webgui_rel20_4ghz_100mhz_5gnb_50ue_10slot_20260417_170900","lls_3gpp_rel20_anchor_4ghz_100mhz_waveform_honest_5gnb_50ue_10slot","lls_3gpp_rel20_anchor_4ghz_100mhz_waveform_honest_5gnb_50ue_10slot","a1a414876cde1a5883e2a2ab610e6603ef434ebb5b0a934bfcb8df1260a73d7c","2756cfb",104729,NaN,NaN,NaN,NaN,NaN,NaN,NaN,NaN,NaN,NaN,"not_applicable","not_applicable","sixgr.truth.exportControlPlaneTraces","implemented","runtime_control_grant_rows","packet_flow/csv/live_pucch_grants.csv","not_applicable",0,1
"UL","UL",1,14,14,10,22,22,22,4,4,1,21504,1,0,1,1,1,"harq_ack","pucchgrant:fbdir=UL:due=14:src=10:ue=22:rnti=22:harq=1:cell=4","runtime_harq_feedback_due_scheduler","scheduled_pending_execution",1,0,2,1,"uci_payload_size_demoted_to_short_format","pucch:cell=4:slot=14:rnti=22:reqfmt=2:resfmt=1:prb=42:1:sym=10:4",42,1,10,4,"runtime_deterministic_pucch_resource_assignment",1,12,"not_applicable","not_applicable","not_applicable",0,0,"full_per_link_channel_waveform_sum",0,"not_applicable","not_applicable",0,"not_applicable","not_applicable","not_applicable",0,0,0,"pending_feedback_due_slot",0,0,"harq_feedback_consumed_by_runtime_harq_and_scheduler","PENDING",0,"not_applicable","not_applicable","Explicit runtime PUCCH grant/resource object scheduled from HARQ feedback timing.","PUCCH","active_but_simplified","active_scheduled_pending_feedback_due_not_reached","harq_feedback_resource_grant_and_state_update_when_due","pending_feedback_due_slot",0,0,0,0,"runtime_pucch_grant_trace","explicit_pucch_grant_and_feedback_runtime_state","available_runtime_grant_state","canonical PUCCH grant/resource row; waveform decode fields become available only after the feedback due slot is processed",0,0,0,"feedback_due_slot_not_reached_in_this_bounded_run",1,"ac5aaa60-f202-419a-8426-02227c779291","webgui_rel20_4ghz_100mhz_5gnb_50ue_10slot_20260417_170900","lls_3gpp_rel20_anchor_4ghz_100mhz_waveform_honest_5gnb_50ue_10slot","a1a414876cde1a5883e2a2ab610e6603ef434ebb5b0a934bfcb8df1260a73d7c","packet_flow/csv/live_pucch_grants.csv","packet_flow/csv/live_pucch_grants.csv","canonical_control_reference_signal_runtime_evidence","runtime_populated","UL",1,14,4,22,22,NaN,225,"persisted_runtime_pucch_grant_row","packet_flow/csv/live_pucch_grants.csv","runtime_grant_backed_mirror",1,"webgui_rel20_4ghz_100mhz_5gnb_50ue_10slot_20260417_170900","lls_3gpp_rel20_anchor_4ghz_100mhz_waveform_honest_5gnb_50ue_10slot","lls_3gpp_rel20_anchor_4ghz_100mhz_waveform_honest_5gnb_50ue_10slot","a1a414876cde1a5883e2a2ab610e6603ef434ebb5b0a934bfcb8df1260a73d7c","2756cfb",104729,NaN,NaN,NaN,NaN,NaN,NaN,NaN,NaN,NaN,NaN,"not_applicable","not_applicable","sixgr.truth.exportControlPlaneTraces","implemented","runtime_control_grant_rows","packet_flow/csv/live_pucch_grants.csv","not_applicable",0,1
"UL","UL",1,14,14,10,32,32,32,4,4,1,21504,0,0,0,0,1,"harq_ack","pucchgrant:fbdir=UL:due=14:src=10:ue=32:rnti=32:harq=1:cell=4","runtime_harq_feedback_due_scheduler","scheduled_pending_execution",1,0,2,1,"uci_payload_size_demoted_to_short_format","pucch:cell=4:slot=14:rnti=32:reqfmt=2:resfmt=1:prb=52:1:sym=10:4",52,1,10,4,"runtime_deterministic_pucch_resource_assignment",1,12,"not_applicable","not_applicable","not_applicable",0,0,"full_per_link_channel_waveform_sum",0,"not_applicable","not_applicable",0,"not_applicable","not_applicable","not_applicable",0,0,0,"pending_feedback_due_slot",0,0,"harq_feedback_consumed_by_runtime_harq_and_scheduler","PENDING",0,"not_applicable","not_applicable","Explicit runtime PUCCH grant/resource object scheduled from HARQ feedback timing.","PUCCH","active_but_simplified","active_scheduled_pending_feedback_due_not_reached","harq_feedback_resource_grant_and_state_update_when_due","pending_feedback_due_slot",0,0,0,0,"runtime_pucch_grant_trace","explicit_pucch_grant_and_feedback_runtime_state","available_runtime_grant_state","canonical PUCCH grant/resource row; waveform decode fields become available only after the feedback due slot is processed",0,0,0,"feedback_due_slot_not_reached_in_this_bounded_run",1,"ac5aaa60-f202-419a-8426-02227c779291","webgui_rel20_4ghz_100mhz_5gnb_50ue_10slot_20260417_170900","lls_3gpp_rel20_anchor_4ghz_100mhz_waveform_honest_5gnb_50ue_10slot","a1a414876cde1a5883e2a2ab610e6603ef434ebb5b0a934bfcb8df1260a73d7c","packet_flow/csv/live_pucch_grants.csv","packet_flow/csv/live_pucch_grants.csv","canonical_control_reference_signal_runtime_evidence","runtime_populated","UL",1,14,4,32,32,NaN,226,"persisted_runtime_pucch_grant_row","packet_flow/csv/live_pucch_grants.csv","runtime_grant_backed_mirror",1,"webgui_rel20_4ghz_100mhz_5gnb_50ue_10slot_20260417_170900","lls_3gpp_rel20_anchor_4ghz_100mhz_waveform_honest_5gnb_50ue_10slot","lls_3gpp_rel20_anchor_4ghz_100mhz_waveform_honest_5gnb_50ue_10slot","a1a414876cde1a5883e2a2ab610e6603ef434ebb5b0a934bfcb8df1260a73d7c","2756cfb",104729,NaN,NaN,NaN,NaN,NaN,NaN,NaN,NaN,NaN,NaN,"not_applicable","not_applicable","sixgr.truth.exportControlPlaneTraces","implemented","runtime_control_grant_rows","packet_flow/csv/live_pucch_grants.csv","not_applicable",0,1
"UL","UL",1,14,14,10,34,34,34,4,4,1,21504,0,0,0,0,1,"harq_ack","pucchgrant:fbdir=UL:due=14:src=10:ue=34:rnti=34:harq=1:cell=4","runtime_harq_feedback_due_scheduler","scheduled_pending_execution",1,0,2,1,"uci_payload_size_demoted_to_short_format","pucch:cell=4:slot=14:rnti=34:reqfmt=2:resfmt=1:prb=54:1:sym=10:4",54,1,10,4,"runtime_deterministic_pucch_resource_assignment",1,12,"not_applicable","not_applicable","not_applicable",0,0,"full_per_link_channel_waveform_sum",0,"not_applicable","not_applicable",0,"not_applicable","not_applicable","not_applicable",0,0,0,"pending_feedback_due_slot",0,0,"harq_feedback_consumed_by_runtime_harq_and_scheduler","PENDING",0,"not_applicable","not_applicable","Explicit runtime PUCCH grant/resource object scheduled from HARQ feedback timing.","PUCCH","active_but_simplified","active_scheduled_pending_feedback_due_not_reached","harq_feedback_resource_grant_and_state_update_when_due","pending_feedback_due_slot",0,0,0,0,"runtime_pucch_grant_trace","explicit_pucch_grant_and_feedback_runtime_state","available_runtime_grant_state","canonical PUCCH grant/resource row; waveform decode fields become available only after the feedback due slot is processed",0,0,0,"feedback_due_slot_not_reached_in_this_bounded_run",1,"ac5aaa60-f202-419a-8426-02227c779291","webgui_rel20_4ghz_100mhz_5gnb_50ue_10slot_20260417_170900","lls_3gpp_rel20_anchor_4ghz_100mhz_waveform_honest_5gnb_50ue_10slot","a1a414876cde1a5883e2a2ab610e6603ef434ebb5b0a934bfcb8df1260a73d7c","packet_flow/csv/live_pucch_grants.csv","packet_flow/csv/live_pucch_grants.csv","canonical_control_reference_signal_runtime_evidence","runtime_populated","UL",1,14,4,34,34,NaN,227,"persisted_runtime_pucch_grant_row","packet_flow/csv/live_pucch_grants.csv","runtime_grant_backed_mirror",1,"webgui_rel20_4ghz_100mhz_5gnb_50ue_10slot_20260417_170900","lls_3gpp_rel20_anchor_4ghz_100mhz_waveform_honest_5gnb_50ue_10slot","lls_3gpp_rel20_anchor_4ghz_100mhz_waveform_honest_5gnb_50ue_10slot","a1a414876cde1a5883e2a2ab610e6603ef434ebb5b0a934bfcb8df1260a73d7c","2756cfb",104729,NaN,NaN,NaN,NaN,NaN,NaN,NaN,NaN,NaN,NaN,"not_applicable","not_applicable","sixgr.truth.exportControlPlaneTraces","implemented","runtime_control_grant_rows","packet_flow/csv/live_pucch_grants.csv","not_applicable",0,1
"UL","UL",1,14,14,10,37,37,37,4,4,1,21504,0,0,0,0,1,"harq_ack","pucchgrant:fbdir=UL:due=14:src=10:ue=37:rnti=37:harq=1:cell=4","runtime_harq_feedback_due_scheduler","scheduled_pending_execution",1,0,2,1,"uci_payload_size_demoted_to_short_format","pucch:cell=4:slot=14:rnti=37:reqfmt=2:resfmt=1:prb=57:1:sym=10:4",57,1,10,4,"runtime_deterministic_pucch_resource_assignment",1,12,"not_applicable","not_applicable","not_applicable",0,0,"full_per_link_channel_waveform_sum",0,"not_applicable","not_applicable",0,"not_applicable","not_applicable","not_applicable",0,0,0,"pending_feedback_due_slot",0,0,"harq_feedback_consumed_by_runtime_harq_and_scheduler","PENDING",0,"not_applicable","not_applicable","Explicit runtime PUCCH grant/resource object scheduled from HARQ feedback timing.","PUCCH","active_but_simplified","active_scheduled_pending_feedback_due_not_reached","harq_feedback_resource_grant_and_state_update_when_due","pending_feedback_due_slot",0,0,0,0,"runtime_pucch_grant_trace","explicit_pucch_grant_and_feedback_runtime_state","available_runtime_grant_state","canonical PUCCH grant/resource row; waveform decode fields become available only after the feedback due slot is processed",0,0,0,"feedback_due_slot_not_reached_in_this_bounded_run",1,"ac5aaa60-f202-419a-8426-02227c779291","webgui_rel20_4ghz_100mhz_5gnb_50ue_10slot_20260417_170900","lls_3gpp_rel20_anchor_4ghz_100mhz_waveform_honest_5gnb_50ue_10slot","a1a414876cde1a5883e2a2ab610e6603ef434ebb5b0a934bfcb8df1260a73d7c","packet_flow/csv/live_pucch_grants.csv","packet_flow/csv/live_pucch_grants.csv","canonical_control_reference_signal_runtime_evidence","runtime_populated","UL",1,14,4,37,37,NaN,228,"persisted_runtime_pucch_grant_row","packet_flow/csv/live_pucch_grants.csv","runtime_grant_backed_mirror",1,"webgui_rel20_4ghz_100mhz_5gnb_50ue_10slot_20260417_170900","lls_3gpp_rel20_anchor_4ghz_100mhz_waveform_honest_5gnb_50ue_10slot","lls_3gpp_rel20_anchor_4ghz_100mhz_waveform_honest_5gnb_50ue_10slot","a1a414876cde1a5883e2a2ab610e6603ef434ebb5b0a934bfcb8df1260a73d7c","2756cfb",104729,NaN,NaN,NaN,NaN,NaN,NaN,NaN,NaN,NaN,NaN,"not_applicable","not_applicable","sixgr.truth.exportControlPlaneTraces","implemented","runtime_control_grant_rows","packet_flow/csv/live_pucch_grants.csv","not_applicable",0,1
"UL","UL",1,14,14,10,38,38,38,4,4,1,21504,1,0,1,1,1,"harq_ack","pucchgrant:fbdir=UL:due=14:src=10:ue=38:rnti=38:harq=1:cell=4","runtime_harq_feedback_due_scheduler","scheduled_pending_execution",1,0,2,1,"uci_payload_size_demoted_to_short_format","pucch:cell=4:slot=14:rnti=38:reqfmt=2:resfmt=1:prb=58:1:sym=10:4",58,1,10,4,"runtime_deterministic_pucch_resource_assignment",1,12,"not_applicable","not_applicable","not_applicable",0,0,"full_per_link_channel_waveform_sum",0,"not_applicable","not_applicable",0,"not_applicable","not_applicable","not_applicable",0,0,0,"pending_feedback_due_slot",0,0,"harq_feedback_consumed_by_runtime_harq_and_scheduler","PENDING",0,"not_applicable","not_applicable","Explicit runtime PUCCH grant/resource object scheduled from HARQ feedback timing.","PUCCH","active_but_simplified","active_scheduled_pending_feedback_due_not_reached","harq_feedback_resource_grant_and_state_update_when_due","pending_feedback_due_slot",0,0,0,0,"runtime_pucch_grant_trace","explicit_pucch_grant_and_feedback_runtime_state","available_runtime_grant_state","canonical PUCCH grant/resource row; waveform decode fields become available only after the feedback due slot is processed",0,0,0,"feedback_due_slot_not_reached_in_this_bounded_run",1,"ac5aaa60-f202-419a-8426-02227c779291","webgui_rel20_4ghz_100mhz_5gnb_50ue_10slot_20260417_170900","lls_3gpp_rel20_anchor_4ghz_100mhz_waveform_honest_5gnb_50ue_10slot","a1a414876cde1a5883e2a2ab610e6603ef434ebb5b0a934bfcb8df1260a73d7c","packet_flow/csv/live_pucch_grants.csv","packet_flow/csv/live_pucch_grants.csv","canonical_control_reference_signal_runtime_evidence","runtime_populated","UL",1,14,4,38,38,NaN,229,"persisted_runtime_pucch_grant_row","packet_flow/csv/live_pucch_grants.csv","runtime_grant_backed_mirror",1,"webgui_rel20_4ghz_100mhz_5gnb_50ue_10slot_20260417_170900","lls_3gpp_rel20_anchor_4ghz_100mhz_waveform_honest_5gnb_50ue_10slot","lls_3gpp_rel20_anchor_4ghz_100mhz_waveform_honest_5gnb_50ue_10slot","a1a414876cde1a5883e2a2ab610e6603ef434ebb5b0a934bfcb8df1260a73d7c","2756cfb",104729,NaN,NaN,NaN,NaN,NaN,NaN,NaN,NaN,NaN,NaN,"not_applicable","not_applicable","sixgr.truth.exportControlPlaneTraces","implemented","runtime_control_grant_rows","packet_flow/csv/live_pucch_grants.csv","not_applicable",0,1
"UL","UL",1,14,14,10,44,44,44,4,4,1,21504,1,0,1,1,1,"harq_ack","pucchgrant:fbdir=UL:due=14:src=10:ue=44:rnti=44:harq=1:cell=4","runtime_harq_feedback_due_scheduler","scheduled_pending_execution",1,0,2,1,"uci_payload_size_demoted_to_short_format","pucch:cell=4:slot=14:rnti=44:reqfmt=2:resfmt=1:prb=64:1:sym=10:4",64,1,10,4,"runtime_deterministic_pucch_resource_assignment",1,12,"not_applicable","not_applicable","not_applicable",0,0,"full_per_link_channel_waveform_sum",0,"not_applicable","not_applicable",0,"not_applicable","not_applicable","not_applicable",0,0,0,"pending_feedback_due_slot",0,0,"harq_feedback_consumed_by_runtime_harq_and_scheduler","PENDING",0,"not_applicable","not_applicable","Explicit runtime PUCCH grant/resource object scheduled from HARQ feedback timing.","PUCCH","active_but_simplified","active_scheduled_pending_feedback_due_not_reached","harq_feedback_resource_grant_and_state_update_when_due","pending_feedback_due_slot",0,0,0,0,"runtime_pucch_grant_trace","explicit_pucch_grant_and_feedback_runtime_state","available_runtime_grant_state","canonical PUCCH grant/resource row; waveform decode fields become available only after the feedback due slot is processed",0,0,0,"feedback_due_slot_not_reached_in_this_bounded_run",1,"ac5aaa60-f202-419a-8426-02227c779291","webgui_rel20_4ghz_100mhz_5gnb_50ue_10slot_20260417_170900","lls_3gpp_rel20_anchor_4ghz_100mhz_waveform_honest_5gnb_50ue_10slot","a1a414876cde1a5883e2a2ab610e6603ef434ebb5b0a934bfcb8df1260a73d7c","packet_flow/csv/live_pucch_grants.csv","packet_flow/csv/live_pucch_grants.csv","canonical_control_reference_signal_runtime_evidence","runtime_populated","UL",1,14,4,44,44,NaN,230,"persisted_runtime_pucch_grant_row","packet_flow/csv/live_pucch_grants.csv","runtime_grant_backed_mirror",1,"webgui_rel20_4ghz_100mhz_5gnb_50ue_10slot_20260417_170900","lls_3gpp_rel20_anchor_4ghz_100mhz_waveform_honest_5gnb_50ue_10slot","lls_3gpp_rel20_anchor_4ghz_100mhz_waveform_honest_5gnb_50ue_10slot","a1a414876cde1a5883e2a2ab610e6603ef434ebb5b0a934bfcb8df1260a73d7c","2756cfb",104729,NaN,NaN,NaN,NaN,NaN,NaN,NaN,NaN,NaN,NaN,"not_applicable","not_applicable","sixgr.truth.exportControlPlaneTraces","implemented","runtime_control_grant_rows","packet_flow/csv/live_pucch_grants.csv","not_applicable",0,1
"UL","UL",1,14,14,10,49,49,49,4,4,1,21504,1,0,1,1,1,"harq_ack","pucchgrant:fbdir=UL:due=14:src=10:ue=49:rnti=49:harq=1:cell=4","runtime_harq_feedback_due_scheduler","scheduled_pending_execution",1,0,2,1,"uci_payload_size_demoted_to_short_format","pucch:cell=4:slot=14:rnti=49:reqfmt=2:resfmt=1:prb=69:1:sym=10:4",69,1,10,4,"runtime_deterministic_pucch_resource_assignment",1,12,"not_applicable","not_applicable","not_applicable",0,0,"full_per_link_channel_waveform_sum",0,"not_applicable","not_applicable",0,"not_applicable","not_applicable","not_applicable",0,0,0,"pending_feedback_due_slot",0,0,"harq_feedback_consumed_by_runtime_harq_and_scheduler","PENDING",0,"not_applicable","not_applicable","Explicit runtime PUCCH grant/resource object scheduled from HARQ feedback timing.","PUCCH","active_but_simplified","active_scheduled_pending_feedback_due_not_reached","harq_feedback_resource_grant_and_state_update_when_due","pending_feedback_due_slot",0,0,0,0,"runtime_pucch_grant_trace","explicit_pucch_grant_and_feedback_runtime_state","available_runtime_grant_state","canonical PUCCH grant/resource row; waveform decode fields become available only after the feedback due slot is processed",0,0,0,"feedback_due_slot_not_reached_in_this_bounded_run",1,"ac5aaa60-f202-419a-8426-02227c779291","webgui_rel20_4ghz_100mhz_5gnb_50ue_10slot_20260417_170900","lls_3gpp_rel20_anchor_4ghz_100mhz_waveform_honest_5gnb_50ue_10slot","a1a414876cde1a5883e2a2ab610e6603ef434ebb5b0a934bfcb8df1260a73d7c","packet_flow/csv/live_pucch_grants.csv","packet_flow/csv/live_pucch_grants.csv","canonical_control_reference_signal_runtime_evidence","runtime_populated","UL",1,14,4,49,49,NaN,231,"persisted_runtime_pucch_grant_row","packet_flow/csv/live_pucch_grants.csv","runtime_grant_backed_mirror",1,"webgui_rel20_4ghz_100mhz_5gnb_50ue_10slot_20260417_170900","lls_3gpp_rel20_anchor_4ghz_100mhz_waveform_honest_5gnb_50ue_10slot","lls_3gpp_rel20_anchor_4ghz_100mhz_waveform_honest_5gnb_50ue_10slot","a1a414876cde1a5883e2a2ab610e6603ef434ebb5b0a934bfcb8df1260a73d7c","2756cfb",104729,NaN,NaN,NaN,NaN,NaN,NaN,NaN,NaN,NaN,NaN,"not_applicable","not_applicable","sixgr.truth.exportControlPlaneTraces","implemented","runtime_control_grant_rows","packet_flow/csv/live_pucch_grants.csv","not_applicable",0,1
"UL","UL",1,14,14,10,42,42,42,4,4,1,18960,0,0,0,0,1,"harq_ack","pucchgrant:fbdir=UL:due=14:src=10:ue=42:rnti=42:harq=1:cell=4","runtime_harq_feedback_due_scheduler","scheduled_pending_execution",1,0,2,1,"uci_payload_size_demoted_to_short_format","pucch:cell=4:slot=14:rnti=42:reqfmt=2:resfmt=1:prb=62:1:sym=10:4",62,1,10,4,"runtime_deterministic_pucch_resource_assignment",1,12,"not_applicable","not_applicable","not_applicable",0,0,"full_per_link_channel_waveform_sum",0,"not_applicable","not_applicable",0,"not_applicable","not_applicable","not_applicable",0,0,0,"pending_feedback_due_slot",0,0,"harq_feedback_consumed_by_runtime_harq_and_scheduler","PENDING",0,"not_applicable","not_applicable","Explicit runtime PUCCH grant/resource object scheduled from HARQ feedback timing.","PUCCH","active_but_simplified","active_scheduled_pending_feedback_due_not_reached","harq_feedback_resource_grant_and_state_update_when_due","pending_feedback_due_slot",0,0,0,0,"runtime_pucch_grant_trace","explicit_pucch_grant_and_feedback_runtime_state","available_runtime_grant_state","canonical PUCCH grant/resource row; waveform decode fields become available only after the feedback due slot is processed",0,0,0,"feedback_due_slot_not_reached_in_this_bounded_run",1,"ac5aaa60-f202-419a-8426-02227c779291","webgui_rel20_4ghz_100mhz_5gnb_50ue_10slot_20260417_170900","lls_3gpp_rel20_anchor_4ghz_100mhz_waveform_honest_5gnb_50ue_10slot","a1a414876cde1a5883e2a2ab610e6603ef434ebb5b0a934bfcb8df1260a73d7c","packet_flow/csv/live_pucch_grants.csv","packet_flow/csv/live_pucch_grants.csv","canonical_control_reference_signal_runtime_evidence","runtime_populated","UL",1,14,4,42,42,NaN,232,"persisted_runtime_pucch_grant_row","packet_flow/csv/live_pucch_grants.csv","runtime_grant_backed_mirror",1,"webgui_rel20_4ghz_100mhz_5gnb_50ue_10slot_20260417_170900","lls_3gpp_rel20_anchor_4ghz_100mhz_waveform_honest_5gnb_50ue_10slot","lls_3gpp_rel20_anchor_4ghz_100mhz_waveform_honest_5gnb_50ue_10slot","a1a414876cde1a5883e2a2ab610e6603ef434ebb5b0a934bfcb8df1260a73d7c","2756cfb",104729,NaN,NaN,NaN,NaN,NaN,NaN,NaN,NaN,NaN,NaN,"not_applicable","not_applicable","sixgr.truth.exportControlPlaneTraces","implemented","runtime_control_grant_rows","packet_flow/csv/live_pucch_grants.csv","not_applicable",0,1
"UL","UL",1,14,14,10,20,20,20,4,4,1,11528,0,0,0,0,1,"harq_ack","pucchgrant:fbdir=UL:due=14:src=10:ue=20:rnti=20:harq=1:cell=4","runtime_harq_feedback_due_scheduler","scheduled_pending_execution",1,0,2,1,"uci_payload_size_demoted_to_short_format","pucch:cell=4:slot=14:rnti=20:reqfmt=2:resfmt=1:prb=40:1:sym=10:4",40,1,10,4,"runtime_deterministic_pucch_resource_assignment",1,12,"not_applicable","not_applicable","not_applicable",0,0,"full_per_link_channel_waveform_sum",0,"not_applicable","not_applicable",0,"not_applicable","not_applicable","not_applicable",0,0,0,"pending_feedback_due_slot",0,0,"harq_feedback_consumed_by_runtime_harq_and_scheduler","PENDING",0,"not_applicable","not_applicable","Explicit runtime PUCCH grant/resource object scheduled from HARQ feedback timing.","PUCCH","active_but_simplified","active_scheduled_pending_feedback_due_not_reached","harq_feedback_resource_grant_and_state_update_when_due","pending_feedback_due_slot",0,0,0,0,"runtime_pucch_grant_trace","explicit_pucch_grant_and_feedback_runtime_state","available_runtime_grant_state","canonical PUCCH grant/resource row; waveform decode fields become available only after the feedback due slot is processed",0,0,0,"feedback_due_slot_not_reached_in_this_bounded_run",1,"ac5aaa60-f202-419a-8426-02227c779291","webgui_rel20_4ghz_100mhz_5gnb_50ue_10slot_20260417_170900","lls_3gpp_rel20_anchor_4ghz_100mhz_waveform_honest_5gnb_50ue_10slot","a1a414876cde1a5883e2a2ab610e6603ef434ebb5b0a934bfcb8df1260a73d7c","packet_flow/csv/live_pucch_grants.csv","packet_flow/csv/live_pucch_grants.csv","canonical_control_reference_signal_runtime_evidence","runtime_populated","UL",1,14,4,20,20,NaN,233,"persisted_runtime_pucch_grant_row","packet_flow/csv/live_pucch_grants.csv","runtime_grant_backed_mirror",1,"webgui_rel20_4ghz_100mhz_5gnb_50ue_10slot_20260417_170900","lls_3gpp_rel20_anchor_4ghz_100mhz_waveform_honest_5gnb_50ue_10slot","lls_3gpp_rel20_anchor_4ghz_100mhz_waveform_honest_5gnb_50ue_10slot","a1a414876cde1a5883e2a2ab610e6603ef434ebb5b0a934bfcb8df1260a73d7c","2756cfb",104729,NaN,NaN,NaN,NaN,NaN,NaN,NaN,NaN,NaN,NaN,"not_applicable","not_applicable","sixgr.truth.exportControlPlaneTraces","implemented","runtime_control_grant_rows","packet_flow/csv/live_pucch_grants.csv","not_applicable",0,1
"UL","UL",1,14,14,10,8,8,8,4,4,1,8064,0,0,0,0,1,"harq_ack","pucchgrant:fbdir=UL:due=14:src=10:ue=8:rnti=8:harq=1:cell=4","runtime_harq_feedback_due_scheduler","scheduled_pending_execution",1,0,2,1,"uci_payload_size_demoted_to_short_format","pucch:cell=4:slot=14:rnti=8:reqfmt=2:resfmt=1:prb=28:1:sym=10:4",28,1,10,4,"runtime_deterministic_pucch_resource_assignment",1,12,"not_applicable","not_applicable","not_applicable",0,0,"full_per_link_channel_waveform_sum",0,"not_applicable","not_applicable",0,"not_applicable","not_applicable","not_applicable",0,0,0,"pending_feedback_due_slot",0,0,"harq_feedback_consumed_by_runtime_harq_and_scheduler","PENDING",0,"not_applicable","not_applicable","Explicit runtime PUCCH grant/resource object scheduled from HARQ feedback timing.","PUCCH","active_but_simplified","active_scheduled_pending_feedback_due_not_reached","harq_feedback_resource_grant_and_state_update_when_due","pending_feedback_due_slot",0,0,0,0,"runtime_pucch_grant_trace","explicit_pucch_grant_and_feedback_runtime_state","available_runtime_grant_state","canonical PUCCH grant/resource row; waveform decode fields become available only after the feedback due slot is processed",0,0,0,"feedback_due_slot_not_reached_in_this_bounded_run",1,"ac5aaa60-f202-419a-8426-02227c779291","webgui_rel20_4ghz_100mhz_5gnb_50ue_10slot_20260417_170900","lls_3gpp_rel20_anchor_4ghz_100mhz_waveform_honest_5gnb_50ue_10slot","a1a414876cde1a5883e2a2ab610e6603ef434ebb5b0a934bfcb8df1260a73d7c","packet_flow/csv/live_pucch_grants.csv","packet_flow/csv/live_pucch_grants.csv","canonical_control_reference_signal_runtime_evidence","runtime_populated","UL",1,14,4,8,8,NaN,234,"persisted_runtime_pucch_grant_row","packet_flow/csv/live_pucch_grants.csv","runtime_grant_backed_mirror",1,"webgui_rel20_4ghz_100mhz_5gnb_50ue_10slot_20260417_170900","lls_3gpp_rel20_anchor_4ghz_100mhz_waveform_honest_5gnb_50ue_10slot","lls_3gpp_rel20_anchor_4ghz_100mhz_waveform_honest_5gnb_50ue_10slot","a1a414876cde1a5883e2a2ab610e6603ef434ebb5b0a934bfcb8df1260a73d7c","2756cfb",104729,NaN,NaN,NaN,NaN,NaN,NaN,NaN,NaN,NaN,NaN,"not_applicable","not_applicable","sixgr.truth.exportControlPlaneTraces","implemented","runtime_control_grant_rows","packet_flow/csv/live_pucch_grants.csv","not_applicable",0,1
"UL","UL",1,14,14,10,7,7,7,5,5,1,17424,0,0,0,0,1,"harq_ack","pucchgrant:fbdir=UL:due=14:src=10:ue=7:rnti=7:harq=1:cell=5","runtime_harq_feedback_due_scheduler","scheduled_pending_execution",1,0,2,1,"uci_payload_size_demoted_to_short_format","pucch:cell=5:slot=14:rnti=7:reqfmt=2:resfmt=1:prb=34:1:sym=10:4",34,1,10,4,"runtime_deterministic_pucch_resource_assignment",1,12,"not_applicable","not_applicable","not_applicable",0,0,"full_per_link_channel_waveform_sum",0,"not_applicable","not_applicable",0,"not_applicable","not_applicable","not_applicable",0,0,0,"pending_feedback_due_slot",0,0,"harq_feedback_consumed_by_runtime_harq_and_scheduler","PENDING",0,"not_applicable","not_applicable","Explicit runtime PUCCH grant/resource object scheduled from HARQ feedback timing.","PUCCH","active_but_simplified","active_scheduled_pending_feedback_due_not_reached","harq_feedback_resource_grant_and_state_update_when_due","pending_feedback_due_slot",0,0,0,0,"runtime_pucch_grant_trace","explicit_pucch_grant_and_feedback_runtime_state","available_runtime_grant_state","canonical PUCCH grant/resource row; waveform decode fields become available only after the feedback due slot is processed",0,0,0,"feedback_due_slot_not_reached_in_this_bounded_run",1,"ac5aaa60-f202-419a-8426-02227c779291","webgui_rel20_4ghz_100mhz_5gnb_50ue_10slot_20260417_170900","lls_3gpp_rel20_anchor_4ghz_100mhz_waveform_honest_5gnb_50ue_10slot","a1a414876cde1a5883e2a2ab610e6603ef434ebb5b0a934bfcb8df1260a73d7c","packet_flow/csv/live_pucch_grants.csv","packet_flow/csv/live_pucch_grants.csv","canonical_control_reference_signal_runtime_evidence","runtime_populated","UL",1,14,5,7,7,NaN,235,"persisted_runtime_pucch_grant_row","packet_flow/csv/live_pucch_grants.csv","runtime_grant_backed_mirror",1,"webgui_rel20_4ghz_100mhz_5gnb_50ue_10slot_20260417_170900","lls_3gpp_rel20_anchor_4ghz_100mhz_waveform_honest_5gnb_50ue_10slot","lls_3gpp_rel20_anchor_4ghz_100mhz_waveform_honest_5gnb_50ue_10slot","a1a414876cde1a5883e2a2ab610e6603ef434ebb5b0a934bfcb8df1260a73d7c","2756cfb",104729,NaN,NaN,NaN,NaN,NaN,NaN,NaN,NaN,NaN,NaN,"not_applicable","not_applicable","sixgr.truth.exportControlPlaneTraces","implemented","runtime_control_grant_rows","packet_flow/csv/live_pucch_grants.csv","not_applicable",0,1
"UL","UL",1,14,14,10,11,11,11,5,5,1,17424,0,0,0,0,1,"harq_ack","pucchgrant:fbdir=UL:due=14:src=10:ue=11:rnti=11:harq=1:cell=5","runtime_harq_feedback_due_scheduler","scheduled_pending_execution",1,0,2,1,"uci_payload_size_demoted_to_short_format","pucch:cell=5:slot=14:rnti=11:reqfmt=2:resfmt=1:prb=38:1:sym=10:4",38,1,10,4,"runtime_deterministic_pucch_resource_assignment",1,12,"not_applicable","not_applicable","not_applicable",0,0,"full_per_link_channel_waveform_sum",0,"not_applicable","not_applicable",0,"not_applicable","not_applicable","not_applicable",0,0,0,"pending_feedback_due_slot",0,0,"harq_feedback_consumed_by_runtime_harq_and_scheduler","PENDING",0,"not_applicable","not_applicable","Explicit runtime PUCCH grant/resource object scheduled from HARQ feedback timing.","PUCCH","active_but_simplified","active_scheduled_pending_feedback_due_not_reached","harq_feedback_resource_grant_and_state_update_when_due","pending_feedback_due_slot",0,0,0,0,"runtime_pucch_grant_trace","explicit_pucch_grant_and_feedback_runtime_state","available_runtime_grant_state","canonical PUCCH grant/resource row; waveform decode fields become available only after the feedback due slot is processed",0,0,0,"feedback_due_slot_not_reached_in_this_bounded_run",1,"ac5aaa60-f202-419a-8426-02227c779291","webgui_rel20_4ghz_100mhz_5gnb_50ue_10slot_20260417_170900","lls_3gpp_rel20_anchor_4ghz_100mhz_waveform_honest_5gnb_50ue_10slot","a1a414876cde1a5883e2a2ab610e6603ef434ebb5b0a934bfcb8df1260a73d7c","packet_flow/csv/live_pucch_grants.csv","packet_flow/csv/live_pucch_grants.csv","canonical_control_reference_signal_runtime_evidence","runtime_populated","UL",1,14,5,11,11,NaN,236,"persisted_runtime_pucch_grant_row","packet_flow/csv/live_pucch_grants.csv","runtime_grant_backed_mirror",1,"webgui_rel20_4ghz_100mhz_5gnb_50ue_10slot_20260417_170900","lls_3gpp_rel20_anchor_4ghz_100mhz_waveform_honest_5gnb_50ue_10slot","lls_3gpp_rel20_anchor_4ghz_100mhz_waveform_honest_5gnb_50ue_10slot","a1a414876cde1a5883e2a2ab610e6603ef434ebb5b0a934bfcb8df1260a73d7c","2756cfb",104729,NaN,NaN,NaN,NaN,NaN,NaN,NaN,NaN,NaN,NaN,"not_applicable","not_applicable","sixgr.truth.exportControlPlaneTraces","implemented","runtime_control_grant_rows","packet_flow/csv/live_pucch_grants.csv","not_applicable",0,1
"UL","UL",1,14,14,10,25,25,25,5,5,1,17424,1,0,1,1,1,"harq_ack","pucchgrant:fbdir=UL:due=14:src=10:ue=25:rnti=25:harq=1:cell=5","runtime_harq_feedback_due_scheduler","scheduled_pending_execution",1,0,2,1,"uci_payload_size_demoted_to_short_format","pucch:cell=5:slot=14:rnti=25:reqfmt=2:resfmt=1:prb=52:1:sym=10:4",52,1,10,4,"runtime_deterministic_pucch_resource_assignment",1,12,"not_applicable","not_applicable","not_applicable",0,0,"full_per_link_channel_waveform_sum",0,"not_applicable","not_applicable",0,"not_applicable","not_applicable","not_applicable",0,0,0,"pending_feedback_due_slot",0,0,"harq_feedback_consumed_by_runtime_harq_and_scheduler","PENDING",0,"not_applicable","not_applicable","Explicit runtime PUCCH grant/resource object scheduled from HARQ feedback timing.","PUCCH","active_but_simplified","active_scheduled_pending_feedback_due_not_reached","harq_feedback_resource_grant_and_state_update_when_due","pending_feedback_due_slot",0,0,0,0,"runtime_pucch_grant_trace","explicit_pucch_grant_and_feedback_runtime_state","available_runtime_grant_state","canonical PUCCH grant/resource row; waveform decode fields become available only after the feedback due slot is processed",0,0,0,"feedback_due_slot_not_reached_in_this_bounded_run",1,"ac5aaa60-f202-419a-8426-02227c779291","webgui_rel20_4ghz_100mhz_5gnb_50ue_10slot_20260417_170900","lls_3gpp_rel20_anchor_4ghz_100mhz_waveform_honest_5gnb_50ue_10slot","a1a414876cde1a5883e2a2ab610e6603ef434ebb5b0a934bfcb8df1260a73d7c","packet_flow/csv/live_pucch_grants.csv","packet_flow/csv/live_pucch_grants.csv","canonical_control_reference_signal_runtime_evidence","runtime_populated","UL",1,14,5,25,25,NaN,237,"persisted_runtime_pucch_grant_row","packet_flow/csv/live_pucch_grants.csv","runtime_grant_backed_mirror",1,"webgui_rel20_4ghz_100mhz_5gnb_50ue_10slot_20260417_170900","lls_3gpp_rel20_anchor_4ghz_100mhz_waveform_honest_5gnb_50ue_10slot","lls_3gpp_rel20_anchor_4ghz_100mhz_waveform_honest_5gnb_50ue_10slot","a1a414876cde1a5883e2a2ab610e6603ef434ebb5b0a934bfcb8df1260a73d7c","2756cfb",104729,NaN,NaN,NaN,NaN,NaN,NaN,NaN,NaN,NaN,NaN,"not_applicable","not_applicable","sixgr.truth.exportControlPlaneTraces","implemented","runtime_control_grant_rows","packet_flow/csv/live_pucch_grants.csv","not_applicable",0,1
"UL","UL",1,14,14,10,27,27,27,5,5,1,17424,0,0,0,0,1,"harq_ack","pucchgrant:fbdir=UL:due=14:src=10:ue=27:rnti=27:harq=1:cell=5","runtime_harq_feedback_due_scheduler","scheduled_pending_execution",1,0,2,1,"uci_payload_size_demoted_to_short_format","pucch:cell=5:slot=14:rnti=27:reqfmt=2:resfmt=1:prb=54:1:sym=10:4",54,1,10,4,"runtime_deterministic_pucch_resource_assignment",1,12,"not_applicable","not_applicable","not_applicable",0,0,"full_per_link_channel_waveform_sum",0,"not_applicable","not_applicable",0,"not_applicable","not_applicable","not_applicable",0,0,0,"pending_feedback_due_slot",0,0,"harq_feedback_consumed_by_runtime_harq_and_scheduler","PENDING",0,"not_applicable","not_applicable","Explicit runtime PUCCH grant/resource object scheduled from HARQ feedback timing.","PUCCH","active_but_simplified","active_scheduled_pending_feedback_due_not_reached","harq_feedback_resource_grant_and_state_update_when_due","pending_feedback_due_slot",0,0,0,0,"runtime_pucch_grant_trace","explicit_pucch_grant_and_feedback_runtime_state","available_runtime_grant_state","canonical PUCCH grant/resource row; waveform decode fields become available only after the feedback due slot is processed",0,0,0,"feedback_due_slot_not_reached_in_this_bounded_run",1,"ac5aaa60-f202-419a-8426-02227c779291","webgui_rel20_4ghz_100mhz_5gnb_50ue_10slot_20260417_170900","lls_3gpp_rel20_anchor_4ghz_100mhz_waveform_honest_5gnb_50ue_10slot","a1a414876cde1a5883e2a2ab610e6603ef434ebb5b0a934bfcb8df1260a73d7c","packet_flow/csv/live_pucch_grants.csv","packet_flow/csv/live_pucch_grants.csv","canonical_control_reference_signal_runtime_evidence","runtime_populated","UL",1,14,5,27,27,NaN,238,"persisted_runtime_pucch_grant_row","packet_flow/csv/live_pucch_grants.csv","runtime_grant_backed_mirror",1,"webgui_rel20_4ghz_100mhz_5gnb_50ue_10slot_20260417_170900","lls_3gpp_rel20_anchor_4ghz_100mhz_waveform_honest_5gnb_50ue_10slot","lls_3gpp_rel20_anchor_4ghz_100mhz_waveform_honest_5gnb_50ue_10slot","a1a414876cde1a5883e2a2ab610e6603ef434ebb5b0a934bfcb8df1260a73d7c","2756cfb",104729,NaN,NaN,NaN,NaN,NaN,NaN,NaN,NaN,NaN,NaN,"not_applicable","not_applicable","sixgr.truth.exportControlPlaneTraces","implemented","runtime_control_grant_rows","packet_flow/csv/live_pucch_grants.csv","not_applicable",0,1
"UL","UL",1,14,14,10,28,28,28,5,5,1,17424,1,0,1,1,1,"harq_ack","pucchgrant:fbdir=UL:due=14:src=10:ue=28:rnti=28:harq=1:cell=5","runtime_harq_feedback_due_scheduler","scheduled_pending_execution",1,0,2,1,"uci_payload_size_demoted_to_short_format","pucch:cell=5:slot=14:rnti=28:reqfmt=2:resfmt=1:prb=55:1:sym=10:4",55,1,10,4,"runtime_deterministic_pucch_resource_assignment",1,12,"not_applicable","not_applicable","not_applicable",0,0,"full_per_link_channel_waveform_sum",0,"not_applicable","not_applicable",0,"not_applicable","not_applicable","not_applicable",0,0,0,"pending_feedback_due_slot",0,0,"harq_feedback_consumed_by_runtime_harq_and_scheduler","PENDING",0,"not_applicable","not_applicable","Explicit runtime PUCCH grant/resource object scheduled from HARQ feedback timing.","PUCCH","active_but_simplified","active_scheduled_pending_feedback_due_not_reached","harq_feedback_resource_grant_and_state_update_when_due","pending_feedback_due_slot",0,0,0,0,"runtime_pucch_grant_trace","explicit_pucch_grant_and_feedback_runtime_state","available_runtime_grant_state","canonical PUCCH grant/resource row; waveform decode fields become available only after the feedback due slot is processed",0,0,0,"feedback_due_slot_not_reached_in_this_bounded_run",1,"ac5aaa60-f202-419a-8426-02227c779291","webgui_rel20_4ghz_100mhz_5gnb_50ue_10slot_20260417_170900","lls_3gpp_rel20_anchor_4ghz_100mhz_waveform_honest_5gnb_50ue_10slot","a1a414876cde1a5883e2a2ab610e6603ef434ebb5b0a934bfcb8df1260a73d7c","packet_flow/csv/live_pucch_grants.csv","packet_flow/csv/live_pucch_grants.csv","canonical_control_reference_signal_runtime_evidence","runtime_populated","UL",1,14,5,28,28,NaN,239,"persisted_runtime_pucch_grant_row","packet_flow/csv/live_pucch_grants.csv","runtime_grant_backed_mirror",1,"webgui_rel20_4ghz_100mhz_5gnb_50ue_10slot_20260417_170900","lls_3gpp_rel20_anchor_4ghz_100mhz_waveform_honest_5gnb_50ue_10slot","lls_3gpp_rel20_anchor_4ghz_100mhz_waveform_honest_5gnb_50ue_10slot","a1a414876cde1a5883e2a2ab610e6603ef434ebb5b0a934bfcb8df1260a73d7c","2756cfb",104729,NaN,NaN,NaN,NaN,NaN,NaN,NaN,NaN,NaN,NaN,"not_applicable","not_applicable","sixgr.truth.exportControlPlaneTraces","implemented","runtime_control_grant_rows","packet_flow/csv/live_pucch_grants.csv","not_applicable",0,1
"UL","UL",1,14,14,10,30,30,30,5,5,1,17424,1,0,1,1,1,"harq_ack","pucchgrant:fbdir=UL:due=14:src=10:ue=30:rnti=30:harq=1:cell=5","runtime_harq_feedback_due_scheduler","scheduled_pending_execution",1,0,2,1,"uci_payload_size_demoted_to_short_format","pucch:cell=5:slot=14:rnti=30:reqfmt=2:resfmt=1:prb=57:1:sym=10:4",57,1,10,4,"runtime_deterministic_pucch_resource_assignment",1,12,"not_applicable","not_applicable","not_applicable",0,0,"full_per_link_channel_waveform_sum",0,"not_applicable","not_applicable",0,"not_applicable","not_applicable","not_applicable",0,0,0,"pending_feedback_due_slot",0,0,"harq_feedback_consumed_by_runtime_harq_and_scheduler","PENDING",0,"not_applicable","not_applicable","Explicit runtime PUCCH grant/resource object scheduled from HARQ feedback timing.","PUCCH","active_but_simplified","active_scheduled_pending_feedback_due_not_reached","harq_feedback_resource_grant_and_state_update_when_due","pending_feedback_due_slot",0,0,0,0,"runtime_pucch_grant_trace","explicit_pucch_grant_and_feedback_runtime_state","available_runtime_grant_state","canonical PUCCH grant/resource row; waveform decode fields become available only after the feedback due slot is processed",0,0,0,"feedback_due_slot_not_reached_in_this_bounded_run",1,"ac5aaa60-f202-419a-8426-02227c779291","webgui_rel20_4ghz_100mhz_5gnb_50ue_10slot_20260417_170900","lls_3gpp_rel20_anchor_4ghz_100mhz_waveform_honest_5gnb_50ue_10slot","a1a414876cde1a5883e2a2ab610e6603ef434ebb5b0a934bfcb8df1260a73d7c","packet_flow/csv/live_pucch_grants.csv","packet_flow/csv/live_pucch_grants.csv","canonical_control_reference_signal_runtime_evidence","runtime_populated","UL",1,14,5,30,30,NaN,240,"persisted_runtime_pucch_grant_row","packet_flow/csv/live_pucch_grants.csv","runtime_grant_backed_mirror",1,"webgui_rel20_4ghz_100mhz_5gnb_50ue_10slot_20260417_170900","lls_3gpp_rel20_anchor_4ghz_100mhz_waveform_honest_5gnb_50ue_10slot","lls_3gpp_rel20_anchor_4ghz_100mhz_waveform_honest_5gnb_50ue_10slot","a1a414876cde1a5883e2a2ab610e6603ef434ebb5b0a934bfcb8df1260a73d7c","2756cfb",104729,NaN,NaN,NaN,NaN,NaN,NaN,NaN,NaN,NaN,NaN,"not_applicable","not_applicable","sixgr.truth.exportControlPlaneTraces","implemented","runtime_control_grant_rows","packet_flow/csv/live_pucch_grants.csv","not_applicable",0,1
"UL","UL",1,14,14,10,31,31,31,5,5,1,17424,1,0,1,1,1,"harq_ack","pucchgrant:fbdir=UL:due=14:src=10:ue=31:rnti=31:harq=1:cell=5","runtime_harq_feedback_due_scheduler","scheduled_pending_execution",1,0,2,1,"uci_payload_size_demoted_to_short_format","pucch:cell=5:slot=14:rnti=31:reqfmt=2:resfmt=1:prb=58:1:sym=10:4",58,1,10,4,"runtime_deterministic_pucch_resource_assignment",1,12,"not_applicable","not_applicable","not_applicable",0,0,"full_per_link_channel_waveform_sum",0,"not_applicable","not_applicable",0,"not_applicable","not_applicable","not_applicable",0,0,0,"pending_feedback_due_slot",0,0,"harq_feedback_consumed_by_runtime_harq_and_scheduler","PENDING",0,"not_applicable","not_applicable","Explicit runtime PUCCH grant/resource object scheduled from HARQ feedback timing.","PUCCH","active_but_simplified","active_scheduled_pending_feedback_due_not_reached","harq_feedback_resource_grant_and_state_update_when_due","pending_feedback_due_slot",0,0,0,0,"runtime_pucch_grant_trace","explicit_pucch_grant_and_feedback_runtime_state","available_runtime_grant_state","canonical PUCCH grant/resource row; waveform decode fields become available only after the feedback due slot is processed",0,0,0,"feedback_due_slot_not_reached_in_this_bounded_run",1,"ac5aaa60-f202-419a-8426-02227c779291","webgui_rel20_4ghz_100mhz_5gnb_50ue_10slot_20260417_170900","lls_3gpp_rel20_anchor_4ghz_100mhz_waveform_honest_5gnb_50ue_10slot","a1a414876cde1a5883e2a2ab610e6603ef434ebb5b0a934bfcb8df1260a73d7c","packet_flow/csv/live_pucch_grants.csv","packet_flow/csv/live_pucch_grants.csv","canonical_control_reference_signal_runtime_evidence","runtime_populated","UL",1,14,5,31,31,NaN,241,"persisted_runtime_pucch_grant_row","packet_flow/csv/live_pucch_grants.csv","runtime_grant_backed_mirror",1,"webgui_rel20_4ghz_100mhz_5gnb_50ue_10slot_20260417_170900","lls_3gpp_rel20_anchor_4ghz_100mhz_waveform_honest_5gnb_50ue_10slot","lls_3gpp_rel20_anchor_4ghz_100mhz_waveform_honest_5gnb_50ue_10slot","a1a414876cde1a5883e2a2ab610e6603ef434ebb5b0a934bfcb8df1260a73d7c","2756cfb",104729,NaN,NaN,NaN,NaN,NaN,NaN,NaN,NaN,NaN,NaN,"not_applicable","not_applicable","sixgr.truth.exportControlPlaneTraces","implemented","runtime_control_grant_rows","packet_flow/csv/live_pucch_grants.csv","not_applicable",0,1
"UL","UL",1,14,14,10,36,36,36,5,5,1,17424,0,0,0,0,1,"harq_ack","pucchgrant:fbdir=UL:due=14:src=10:ue=36:rnti=36:harq=1:cell=5","runtime_harq_feedback_due_scheduler","scheduled_pending_execution",1,0,2,1,"uci_payload_size_demoted_to_short_format","pucch:cell=5:slot=14:rnti=36:reqfmt=2:resfmt=1:prb=63:1:sym=10:4",63,1,10,4,"runtime_deterministic_pucch_resource_assignment",1,12,"not_applicable","not_applicable","not_applicable",0,0,"full_per_link_channel_waveform_sum",0,"not_applicable","not_applicable",0,"not_applicable","not_applicable","not_applicable",0,0,0,"pending_feedback_due_slot",0,0,"harq_feedback_consumed_by_runtime_harq_and_scheduler","PENDING",0,"not_applicable","not_applicable","Explicit runtime PUCCH grant/resource object scheduled from HARQ feedback timing.","PUCCH","active_but_simplified","active_scheduled_pending_feedback_due_not_reached","harq_feedback_resource_grant_and_state_update_when_due","pending_feedback_due_slot",0,0,0,0,"runtime_pucch_grant_trace","explicit_pucch_grant_and_feedback_runtime_state","available_runtime_grant_state","canonical PUCCH grant/resource row; waveform decode fields become available only after the feedback due slot is processed",0,0,0,"feedback_due_slot_not_reached_in_this_bounded_run",1,"ac5aaa60-f202-419a-8426-02227c779291","webgui_rel20_4ghz_100mhz_5gnb_50ue_10slot_20260417_170900","lls_3gpp_rel20_anchor_4ghz_100mhz_waveform_honest_5gnb_50ue_10slot","a1a414876cde1a5883e2a2ab610e6603ef434ebb5b0a934bfcb8df1260a73d7c","packet_flow/csv/live_pucch_grants.csv","packet_flow/csv/live_pucch_grants.csv","canonical_control_reference_signal_runtime_evidence","runtime_populated","UL",1,14,5,36,36,NaN,242,"persisted_runtime_pucch_grant_row","packet_flow/csv/live_pucch_grants.csv","runtime_grant_backed_mirror",1,"webgui_rel20_4ghz_100mhz_5gnb_50ue_10slot_20260417_170900","lls_3gpp_rel20_anchor_4ghz_100mhz_waveform_honest_5gnb_50ue_10slot","lls_3gpp_rel20_anchor_4ghz_100mhz_waveform_honest_5gnb_50ue_10slot","a1a414876cde1a5883e2a2ab610e6603ef434ebb5b0a934bfcb8df1260a73d7c","2756cfb",104729,NaN,NaN,NaN,NaN,NaN,NaN,NaN,NaN,NaN,NaN,"not_applicable","not_applicable","sixgr.truth.exportControlPlaneTraces","implemented","runtime_control_grant_rows","packet_flow/csv/live_pucch_grants.csv","not_applicable",0,1
"UL","UL",1,14,14,10,21,21,21,5,5,1,15624,0,0,0,0,1,"harq_ack","pucchgrant:fbdir=UL:due=14:src=10:ue=21:rnti=21:harq=1:cell=5","runtime_harq_feedback_due_scheduler","scheduled_pending_execution",1,0,2,1,"uci_payload_size_demoted_to_short_format","pucch:cell=5:slot=14:rnti=21:reqfmt=2:resfmt=1:prb=48:1:sym=10:4",48,1,10,4,"runtime_deterministic_pucch_resource_assignment",1,12,"not_applicable","not_applicable","not_applicable",0,0,"full_per_link_channel_waveform_sum",0,"not_applicable","not_applicable",0,"not_applicable","not_applicable","not_applicable",0,0,0,"pending_feedback_due_slot",0,0,"harq_feedback_consumed_by_runtime_harq_and_scheduler","PENDING",0,"not_applicable","not_applicable","Explicit runtime PUCCH grant/resource object scheduled from HARQ feedback timing.","PUCCH","active_but_simplified","active_scheduled_pending_feedback_due_not_reached","harq_feedback_resource_grant_and_state_update_when_due","pending_feedback_due_slot",0,0,0,0,"runtime_pucch_grant_trace","explicit_pucch_grant_and_feedback_runtime_state","available_runtime_grant_state","canonical PUCCH grant/resource row; waveform decode fields become available only after the feedback due slot is processed",0,0,0,"feedback_due_slot_not_reached_in_this_bounded_run",1,"ac5aaa60-f202-419a-8426-02227c779291","webgui_rel20_4ghz_100mhz_5gnb_50ue_10slot_20260417_170900","lls_3gpp_rel20_anchor_4ghz_100mhz_waveform_honest_5gnb_50ue_10slot","a1a414876cde1a5883e2a2ab610e6603ef434ebb5b0a934bfcb8df1260a73d7c","packet_flow/csv/live_pucch_grants.csv","packet_flow/csv/live_pucch_grants.csv","canonical_control_reference_signal_runtime_evidence","runtime_populated","UL",1,14,5,21,21,NaN,243,"persisted_runtime_pucch_grant_row","packet_flow/csv/live_pucch_grants.csv","runtime_grant_backed_mirror",1,"webgui_rel20_4ghz_100mhz_5gnb_50ue_10slot_20260417_170900","lls_3gpp_rel20_anchor_4ghz_100mhz_waveform_honest_5gnb_50ue_10slot","lls_3gpp_rel20_anchor_4ghz_100mhz_waveform_honest_5gnb_50ue_10slot","a1a414876cde1a5883e2a2ab610e6603ef434ebb5b0a934bfcb8df1260a73d7c","2756cfb",104729,NaN,NaN,NaN,NaN,NaN,NaN,NaN,NaN,NaN,NaN,"not_applicable","not_applicable","sixgr.truth.exportControlPlaneTraces","implemented","runtime_control_grant_rows","packet_flow/csv/live_pucch_grants.csv","not_applicable",0,1
"UL","UL",1,14,14,10,1,1,1,5,5,1,13320,0,0,0,0,1,"harq_ack","pucchgrant:fbdir=UL:due=14:src=10:ue=1:rnti=1:harq=1:cell=5","runtime_harq_feedback_due_scheduler","scheduled_pending_execution",1,0,2,1,"uci_payload_size_demoted_to_short_format","pucch:cell=5:slot=14:rnti=1:reqfmt=2:resfmt=1:prb=28:1:sym=10:4",28,1,10,4,"runtime_deterministic_pucch_resource_assignment",1,12,"not_applicable","not_applicable","not_applicable",0,0,"full_per_link_channel_waveform_sum",0,"not_applicable","not_applicable",0,"not_applicable","not_applicable","not_applicable",0,0,0,"pending_feedback_due_slot",0,0,"harq_feedback_consumed_by_runtime_harq_and_scheduler","PENDING",0,"not_applicable","not_applicable","Explicit runtime PUCCH grant/resource object scheduled from HARQ feedback timing.","PUCCH","active_but_simplified","active_scheduled_pending_feedback_due_not_reached","harq_feedback_resource_grant_and_state_update_when_due","pending_feedback_due_slot",0,0,0,0,"runtime_pucch_grant_trace","explicit_pucch_grant_and_feedback_runtime_state","available_runtime_grant_state","canonical PUCCH grant/resource row; waveform decode fields become available only after the feedback due slot is processed",0,0,0,"feedback_due_slot_not_reached_in_this_bounded_run",1,"ac5aaa60-f202-419a-8426-02227c779291","webgui_rel20_4ghz_100mhz_5gnb_50ue_10slot_20260417_170900","lls_3gpp_rel20_anchor_4ghz_100mhz_waveform_honest_5gnb_50ue_10slot","a1a414876cde1a5883e2a2ab610e6603ef434ebb5b0a934bfcb8df1260a73d7c","packet_flow/csv/live_pucch_grants.csv","packet_flow/csv/live_pucch_grants.csv","canonical_control_reference_signal_runtime_evidence","runtime_populated","UL",1,14,5,1,1,NaN,244,"persisted_runtime_pucch_grant_row","packet_flow/csv/live_pucch_grants.csv","runtime_grant_backed_mirror",1,"webgui_rel20_4ghz_100mhz_5gnb_50ue_10slot_20260417_170900","lls_3gpp_rel20_anchor_4ghz_100mhz_waveform_honest_5gnb_50ue_10slot","lls_3gpp_rel20_anchor_4ghz_100mhz_waveform_honest_5gnb_50ue_10slot","a1a414876cde1a5883e2a2ab610e6603ef434ebb5b0a934bfcb8df1260a73d7c","2756cfb",104729,NaN,NaN,NaN,NaN,NaN,NaN,NaN,NaN,NaN,NaN,"not_applicable","not_applicable","sixgr.truth.exportControlPlaneTraces","implemented","runtime_control_grant_rows","packet_flow/csv/live_pucch_grants.csv","not_applicable",0,1
"UL","UL",1,14,14,10,17,17,17,5,5,1,13320,0,0,0,0,1,"harq_ack","pucchgrant:fbdir=UL:due=14:src=10:ue=17:rnti=17:harq=1:cell=5","runtime_harq_feedback_due_scheduler","scheduled_pending_execution",1,0,2,1,"uci_payload_size_demoted_to_short_format","pucch:cell=5:slot=14:rnti=17:reqfmt=2:resfmt=1:prb=44:1:sym=10:4",44,1,10,4,"runtime_deterministic_pucch_resource_assignment",1,12,"not_applicable","not_applicable","not_applicable",0,0,"full_per_link_channel_waveform_sum",0,"not_applicable","not_applicable",0,"not_applicable","not_applicable","not_applicable",0,0,0,"pending_feedback_due_slot",0,0,"harq_feedback_consumed_by_runtime_harq_and_scheduler","PENDING",0,"not_applicable","not_applicable","Explicit runtime PUCCH grant/resource object scheduled from HARQ feedback timing.","PUCCH","active_but_simplified","active_scheduled_pending_feedback_due_not_reached","harq_feedback_resource_grant_and_state_update_when_due","pending_feedback_due_slot",0,0,0,0,"runtime_pucch_grant_trace","explicit_pucch_grant_and_feedback_runtime_state","available_runtime_grant_state","canonical PUCCH grant/resource row; waveform decode fields become available only after the feedback due slot is processed",0,0,0,"feedback_due_slot_not_reached_in_this_bounded_run",1,"ac5aaa60-f202-419a-8426-02227c779291","webgui_rel20_4ghz_100mhz_5gnb_50ue_10slot_20260417_170900","lls_3gpp_rel20_anchor_4ghz_100mhz_waveform_honest_5gnb_50ue_10slot","a1a414876cde1a5883e2a2ab610e6603ef434ebb5b0a934bfcb8df1260a73d7c","packet_flow/csv/live_pucch_grants.csv","packet_flow/csv/live_pucch_grants.csv","canonical_control_reference_signal_runtime_evidence","runtime_populated","UL",1,14,5,17,17,NaN,245,"persisted_runtime_pucch_grant_row","packet_flow/csv/live_pucch_grants.csv","runtime_grant_backed_mirror",1,"webgui_rel20_4ghz_100mhz_5gnb_50ue_10slot_20260417_170900","lls_3gpp_rel20_anchor_4ghz_100mhz_waveform_honest_5gnb_50ue_10slot","lls_3gpp_rel20_anchor_4ghz_100mhz_waveform_honest_5gnb_50ue_10slot","a1a414876cde1a5883e2a2ab610e6603ef434ebb5b0a934bfcb8df1260a73d7c","2756cfb",104729,NaN,NaN,NaN,NaN,NaN,NaN,NaN,NaN,NaN,NaN,"not_applicable","not_applicable","sixgr.truth.exportControlPlaneTraces","implemented","runtime_control_grant_rows","packet_flow/csv/live_pucch_grants.csv","not_applicable",0,1
"UL","UL",1,14,14,10,39,39,39,5,5,1,13320,0,0,0,0,1,"harq_ack","pucchgrant:fbdir=UL:due=14:src=10:ue=39:rnti=39:harq=1:cell=5","runtime_harq_feedback_due_scheduler","scheduled_pending_execution",1,0,2,1,"uci_payload_size_demoted_to_short_format","pucch:cell=5:slot=14:rnti=39:reqfmt=2:resfmt=1:prb=66:1:sym=10:4",66,1,10,4,"runtime_deterministic_pucch_resource_assignment",1,12,"not_applicable","not_applicable","not_applicable",0,0,"full_per_link_channel_waveform_sum",0,"not_applicable","not_applicable",0,"not_applicable","not_applicable","not_applicable",0,0,0,"pending_feedback_due_slot",0,0,"harq_feedback_consumed_by_runtime_harq_and_scheduler","PENDING",0,"not_applicable","not_applicable","Explicit runtime PUCCH grant/resource object scheduled from HARQ feedback timing.","PUCCH","active_but_simplified","active_scheduled_pending_feedback_due_not_reached","harq_feedback_resource_grant_and_state_update_when_due","pending_feedback_due_slot",0,0,0,0,"runtime_pucch_grant_trace","explicit_pucch_grant_and_feedback_runtime_state","available_runtime_grant_state","canonical PUCCH grant/resource row; waveform decode fields become available only after the feedback due slot is processed",0,0,0,"feedback_due_slot_not_reached_in_this_bounded_run",1,"ac5aaa60-f202-419a-8426-02227c779291","webgui_rel20_4ghz_100mhz_5gnb_50ue_10slot_20260417_170900","lls_3gpp_rel20_anchor_4ghz_100mhz_waveform_honest_5gnb_50ue_10slot","a1a414876cde1a5883e2a2ab610e6603ef434ebb5b0a934bfcb8df1260a73d7c","packet_flow/csv/live_pucch_grants.csv","packet_flow/csv/live_pucch_grants.csv","canonical_control_reference_signal_runtime_evidence","runtime_populated","UL",1,14,5,39,39,NaN,246,"persisted_runtime_pucch_grant_row","packet_flow/csv/live_pucch_grants.csv","runtime_grant_backed_mirror",1,"webgui_rel20_4ghz_100mhz_5gnb_50ue_10slot_20260417_170900","lls_3gpp_rel20_anchor_4ghz_100mhz_waveform_honest_5gnb_50ue_10slot","lls_3gpp_rel20_anchor_4ghz_100mhz_waveform_honest_5gnb_50ue_10slot","a1a414876cde1a5883e2a2ab610e6603ef434ebb5b0a934bfcb8df1260a73d7c","2756cfb",104729,NaN,NaN,NaN,NaN,NaN,NaN,NaN,NaN,NaN,NaN,"not_applicable","not_applicable","sixgr.truth.exportControlPlaneTraces","implemented","runtime_control_grant_rows","packet_flow/csv/live_pucch_grants.csv","not_applicable",0,1
