[2026-08-04T10:33:32Z] INFO Preparing LLS run: scenario=webgui_sinr_sweep_64x4_mu_mimo_full runTag=phase19_full_bidir_mu_20260804_05 runFolder=C:\Users\anup0\OneDrive\Documents\Simulator\6GR Simulator_v2_clean_main\results\lls\webgui_sinr_sweep_64x4_mu_mimo_full\phase19_full_bidir_mu_20260804_05
[2026-08-04T10:33:40Z] INFO Artifact store active=0 backend=filesystem schema=
[2026-08-04T10:33:40Z] INFO Writing resolved snapshots.
[2026-08-04T10:33:41Z] INFO Exporting live geometry artifacts.
[2026-08-04T10:33:41Z] INFO Executing runner profile=waveform_bundle.
[2026-08-04T10:33:41Z] INFO Waveform bundle runtime tuning: policy=yaml_exact_truth_runtime notes=exact_yaml_runtime_no_auto_reduction
[2026-08-04T10:33:41Z] INFO Waveform bundle starting: snr=0.000 dB sweepPoints=3 canonicalSlots=40 monteCarlo=1 slotDuration_s=0.000500
[TR38901Plus] Resolved config: Scenario=UMa Fc_Hz=3500000000 PathlossModel=nrPathLoss ShadowSigma_dB=6 PathlossEnabled=0 ShadowEnabled=0 LOSEnabled=0
[2026-08-04T10:33:49Z] INFO Coupled canonical slot prepared: sweep=1/3 slot=1/40 duplex=DL allow_dl=1 allow_ul=0.
[2026-08-04T10:33:50Z] INFO Starting coupled pre-scheduling control gating for slot 1/120 with 4 UEs.
[2026-08-04T10:34:56Z] INFO Coupled control gating progress for slot 1/120: UE 1/4, PBCH=1 PRACH=0 SRS=0 TRS=1.
[2026-08-04T10:35:33Z] INFO Coupled control gating progress for slot 1/120: UE 2/4, PBCH=2 PRACH=0 SRS=0 TRS=1.
[2026-08-04T10:36:12Z] INFO Coupled control gating progress for slot 1/120: UE 3/4, PBCH=3 PRACH=0 SRS=0 TRS=1.
[2026-08-04T10:36:47Z] INFO Coupled control gating progress for slot 1/120: UE 4/4, PBCH=4 PRACH=0 SRS=0 TRS=1.
[2026-08-04T10:36:47Z] INFO Coupled control gating complete: slot=1 frame=1 pbch_attempts=4 prach_attempts=0 srs_attempts=0 trs_attempts=1 acquired=4/4 access=0/4 valid_srs=0/4 valid_trs_cells=1/1 tracked_serving_users=4/4 eligible=0/4.
[2026-08-04T10:36:47Z] INFO Coupled control gating complete for slot 1/120: acquired=4/4 access=0/4 valid_srs=0/4 valid_trs_cells=1/1 tracked_serving_users=4/4 eligible=0/4.
[2026-08-04T10:36:48Z] INFO DL coupled publish: operating_point 1/3 configured_label_snr_dB=-20.000 ue=0/4 dlDirectionalFrames=0/40 ulDirectionalFrames=0/40 dlRows=0 ulRows=0.
[2026-08-04T10:36:49Z] INFO Coupled DL schedule complete: sweep=1/3 slot=1/40 active=0 granted=0 grants=0.
[2026-08-04T10:36:49Z] INFO Coupled DL PDCCH qualification complete: sweep=1/3 slot=1/40 executable_grants=0.
[2026-08-04T10:36:49Z] INFO Preparing coupled DL batches: sweep=1/3 slot=1/40 candidate_grants=0 batch_size=24.
[2026-08-04T10:36:50Z] INFO Coupled UL K2 preschedule complete: control_slot=1 due_slot=5 k2=4 active=0 granted=0 grants=0.
[2026-08-04T10:36:50Z] INFO Coupled canonical slot prepared: sweep=1/3 slot=2/40 duplex=DL allow_dl=1 allow_ul=0.
[2026-08-04T10:36:50Z] INFO Starting coupled pre-scheduling control gating for slot 2/120 with 4 UEs.
[2026-08-04T10:36:51Z] INFO Coupled control gating progress for slot 2/120: UE 1/4, PBCH=0 PRACH=0 SRS=0 TRS=0.
[2026-08-04T10:36:51Z] INFO Coupled control gating progress for slot 2/120: UE 2/4, PBCH=0 PRACH=0 SRS=0 TRS=0.
[2026-08-04T10:36:51Z] INFO Coupled control gating progress for slot 2/120: UE 3/4, PBCH=0 PRACH=0 SRS=0 TRS=0.
[2026-08-04T10:36:51Z] INFO Coupled control gating progress for slot 2/120: UE 4/4, PBCH=0 PRACH=0 SRS=0 TRS=0.
[2026-08-04T10:36:51Z] INFO Coupled control gating complete: slot=2 frame=1 pbch_attempts=0 prach_attempts=0 srs_attempts=0 trs_attempts=0 acquired=4/4 access=0/4 valid_srs=0/4 valid_trs_cells=1/1 tracked_serving_users=4/4 eligible=0/4.
[2026-08-04T10:36:51Z] INFO Coupled control gating complete for slot 2/120: acquired=4/4 access=0/4 valid_srs=0/4 valid_trs_cells=1/1 tracked_serving_users=4/4 eligible=0/4.
[2026-08-04T10:36:52Z] INFO DL coupled publish: operating_point 1/3 configured_label_snr_dB=-20.000 ue=0/4 dlDirectionalFrames=0/40 ulDirectionalFrames=0/40 dlRows=0 ulRows=0.
[2026-08-04T10:36:52Z] INFO Coupled DL schedule complete: sweep=1/3 slot=2/40 active=0 granted=0 grants=0.
[2026-08-04T10:36:52Z] INFO Coupled DL PDCCH qualification complete: sweep=1/3 slot=2/40 executable_grants=0.
[2026-08-04T10:36:52Z] INFO Preparing coupled DL batches: sweep=1/3 slot=2/40 candidate_grants=0 batch_size=24.
[2026-08-04T10:36:53Z] INFO Coupled UL K2 preschedule deferred: control_slot=2 reason=data_timing_rejected:target_hits_fixed_opposite_direction policy=no_valid_ul_occasion_from_current_dl_control_slot.
[2026-08-04T10:36:53Z] INFO Coupled canonical slot prepared: sweep=1/3 slot=3/40 duplex=DL allow_dl=1 allow_ul=0.
[2026-08-04T10:36:53Z] INFO Starting coupled pre-scheduling control gating for slot 3/120 with 4 UEs.
[2026-08-04T10:36:53Z] INFO Coupled control gating progress for slot 3/120: UE 1/4, PBCH=0 PRACH=0 SRS=0 TRS=0.
[2026-08-04T10:36:53Z] INFO Coupled control gating progress for slot 3/120: UE 2/4, PBCH=0 PRACH=0 SRS=0 TRS=0.
[2026-08-04T10:36:53Z] INFO Coupled control gating progress for slot 3/120: UE 3/4, PBCH=0 PRACH=0 SRS=0 TRS=0.
[2026-08-04T10:36:53Z] INFO Coupled control gating progress for slot 3/120: UE 4/4, PBCH=0 PRACH=0 SRS=0 TRS=0.
[2026-08-04T10:36:54Z] INFO Coupled control gating complete: slot=3 frame=1 pbch_attempts=0 prach_attempts=0 srs_attempts=0 trs_attempts=0 acquired=4/4 access=0/4 valid_srs=0/4 valid_trs_cells=1/1 tracked_serving_users=4/4 eligible=0/4.
[2026-08-04T10:36:54Z] INFO Coupled control gating complete for slot 3/120: acquired=4/4 access=0/4 valid_srs=0/4 valid_trs_cells=1/1 tracked_serving_users=4/4 eligible=0/4.
[2026-08-04T10:36:54Z] INFO DL coupled publish: operating_point 1/3 configured_label_snr_dB=-20.000 ue=0/4 dlDirectionalFrames=0/40 ulDirectionalFrames=0/40 dlRows=0 ulRows=0.
[2026-08-04T10:36:54Z] INFO Coupled DL schedule complete: sweep=1/3 slot=3/40 active=0 granted=0 grants=0.
[2026-08-04T10:36:54Z] INFO Coupled DL PDCCH qualification complete: sweep=1/3 slot=3/40 executable_grants=0.
[2026-08-04T10:36:54Z] INFO Preparing coupled DL batches: sweep=1/3 slot=3/40 candidate_grants=0 batch_size=24.
[2026-08-04T10:36:54Z] INFO Coupled UL K2 preschedule deferred: control_slot=3 reason=data_timing_rejected:target_hits_fixed_opposite_direction policy=no_valid_ul_occasion_from_current_dl_control_slot.
[2026-08-04T10:36:55Z] INFO Coupled canonical slot prepared: sweep=1/3 slot=4/40 duplex=FLEXIBLE_OR_MIXED allow_dl=1 allow_ul=1.
[2026-08-04T10:36:55Z] INFO Starting coupled pre-scheduling control gating for slot 4/120 with 4 UEs.
[2026-08-04T10:36:55Z] INFO Coupled control gating progress for slot 4/120: UE 1/4, PBCH=0 PRACH=0 SRS=0 TRS=0.
[2026-08-04T10:36:55Z] INFO Coupled control gating progress for slot 4/120: UE 2/4, PBCH=0 PRACH=0 SRS=0 TRS=0.
[2026-08-04T10:36:55Z] INFO Coupled control gating progress for slot 4/120: UE 3/4, PBCH=0 PRACH=0 SRS=0 TRS=0.
[2026-08-04T10:36:55Z] INFO Coupled control gating progress for slot 4/120: UE 4/4, PBCH=0 PRACH=0 SRS=0 TRS=0.
[2026-08-04T10:36:55Z] INFO Coupled control gating complete: slot=4 frame=1 pbch_attempts=0 prach_attempts=0 srs_attempts=0 trs_attempts=0 acquired=4/4 access=0/4 valid_srs=0/4 valid_trs_cells=1/1 tracked_serving_users=4/4 eligible=0/4.
[2026-08-04T10:36:55Z] INFO Coupled control gating complete for slot 4/120: acquired=4/4 access=0/4 valid_srs=0/4 valid_trs_cells=1/1 tracked_serving_users=4/4 eligible=0/4.
[2026-08-04T10:36:56Z] INFO DL coupled publish: operating_point 1/3 configured_label_snr_dB=-20.000 ue=0/4 dlDirectionalFrames=0/40 ulDirectionalFrames=0/40 dlRows=0 ulRows=0.
[2026-08-04T10:36:56Z] INFO Coupled DL scheduling deferred: sweep=1/3 slot=4/40 reason=configured_dl_symbol_allocation_not_available_in_tdd_slot policy=no_valid_harq_ack_occasion_from_current_dl_slot.
[2026-08-04T10:36:56Z] INFO Coupled DL schedule complete: sweep=1/3 slot=4/40 active=0 granted=0 grants=0.
[2026-08-04T10:36:56Z] INFO Coupled DL PDCCH qualification complete: sweep=1/3 slot=4/40 executable_grants=0.
[2026-08-04T10:36:56Z] INFO Preparing coupled DL batches: sweep=1/3 slot=4/40 candidate_grants=0 batch_size=24.
[2026-08-04T10:36:56Z] INFO Coupled UL K2 preschedule deferred: control_slot=4 reason=data_timing_rejected:target_hits_fixed_opposite_direction policy=no_valid_ul_occasion_from_current_dl_control_slot.
[2026-08-04T10:36:56Z] INFO Coupled UL queued grant lookup complete: sweep=1/3 slot=4/40 due_grants=0 pending_grants=0.
[2026-08-04T10:36:56Z] INFO Coupled canonical slot prepared: sweep=1/3 slot=5/40 duplex=UL allow_dl=0 allow_ul=1.
[2026-08-04T10:36:56Z] INFO Starting coupled pre-scheduling control gating for slot 5/120 with 4 UEs.
[2026-08-04T10:36:56Z] INFO Coupled control gating progress for slot 5/120: UE 1/4, PBCH=0 PRACH=0 SRS=0 TRS=0.
[2026-08-04T10:36:57Z] INFO Coupled control gating progress for slot 5/120: UE 2/4, PBCH=0 PRACH=0 SRS=0 TRS=0.
[2026-08-04T10:36:57Z] INFO Coupled control gating progress for slot 5/120: UE 3/4, PBCH=0 PRACH=0 SRS=0 TRS=0.
[2026-08-04T10:36:57Z] INFO Coupled control gating progress for slot 5/120: UE 4/4, PBCH=0 PRACH=0 SRS=0 TRS=0.
[2026-08-04T10:36:57Z] INFO Coupled control gating complete: slot=5 frame=1 pbch_attempts=0 prach_attempts=0 srs_attempts=0 trs_attempts=0 acquired=4/4 access=0/4 valid_srs=0/4 valid_trs_cells=1/1 tracked_serving_users=4/4 eligible=0/4.
[2026-08-04T10:36:57Z] INFO Coupled control gating complete for slot 5/120: acquired=4/4 access=0/4 valid_srs=0/4 valid_trs_cells=1/1 tracked_serving_users=4/4 eligible=0/4.
[2026-08-04T10:36:57Z] INFO UL coupled publish: operating_point 1/3 configured_label_snr_dB=-20.000 ue=0/4 dlDirectionalFrames=0/40 ulDirectionalFrames=0/40 dlRows=0 ulRows=0.
[2026-08-04T10:36:57Z] INFO Coupled UL queued grant lookup complete: sweep=1/3 slot=5/40 due_grants=0 pending_grants=0.
[2026-08-04T10:36:57Z] INFO Coupled canonical slot prepared: sweep=1/3 slot=6/40 duplex=DL allow_dl=1 allow_ul=0.
[2026-08-04T10:36:57Z] INFO Starting coupled pre-scheduling control gating for slot 6/120 with 4 UEs.
[2026-08-04T10:36:57Z] INFO Coupled control gating progress for slot 6/120: UE 1/4, PBCH=0 PRACH=0 SRS=0 TRS=0.
[2026-08-04T10:36:58Z] INFO Coupled control gating progress for slot 6/120: UE 2/4, PBCH=0 PRACH=0 SRS=0 TRS=0.
[2026-08-04T10:36:58Z] INFO Coupled control gating progress for slot 6/120: UE 3/4, PBCH=0 PRACH=0 SRS=0 TRS=0.
[2026-08-04T10:36:58Z] INFO Coupled control gating progress for slot 6/120: UE 4/4, PBCH=0 PRACH=0 SRS=0 TRS=0.
[2026-08-04T10:36:58Z] INFO Coupled control gating complete: slot=6 frame=1 pbch_attempts=0 prach_attempts=0 srs_attempts=0 trs_attempts=0 acquired=4/4 access=0/4 valid_srs=0/4 valid_trs_cells=1/1 tracked_serving_users=4/4 eligible=0/4.
[2026-08-04T10:36:58Z] INFO Coupled control gating complete for slot 6/120: acquired=4/4 access=0/4 valid_srs=0/4 valid_trs_cells=1/1 tracked_serving_users=4/4 eligible=0/4.
[2026-08-04T10:36:58Z] INFO DL coupled publish: operating_point 1/3 configured_label_snr_dB=-20.000 ue=0/4 dlDirectionalFrames=0/40 ulDirectionalFrames=0/40 dlRows=0 ulRows=0.
[2026-08-04T10:36:58Z] INFO Coupled DL schedule complete: sweep=1/3 slot=6/40 active=0 granted=0 grants=0.
[2026-08-04T10:36:58Z] INFO Coupled DL PDCCH qualification complete: sweep=1/3 slot=6/40 executable_grants=0.
[2026-08-04T10:36:58Z] INFO Preparing coupled DL batches: sweep=1/3 slot=6/40 candidate_grants=0 batch_size=24.
[2026-08-04T10:36:59Z] INFO Coupled UL K2 preschedule complete: control_slot=6 due_slot=10 k2=4 active=0 granted=0 grants=0.
[2026-08-04T10:36:59Z] INFO Coupled canonical slot prepared: sweep=1/3 slot=7/40 duplex=DL allow_dl=1 allow_ul=0.
[2026-08-04T10:36:59Z] INFO Starting coupled pre-scheduling control gating for slot 7/120 with 4 UEs.
[2026-08-04T10:36:59Z] INFO Coupled control gating progress for slot 7/120: UE 1/4, PBCH=0 PRACH=0 SRS=0 TRS=0.
[2026-08-04T10:36:59Z] INFO Coupled control gating progress for slot 7/120: UE 2/4, PBCH=0 PRACH=0 SRS=0 TRS=0.
[2026-08-04T10:36:59Z] INFO Coupled control gating progress for slot 7/120: UE 3/4, PBCH=0 PRACH=0 SRS=0 TRS=0.
[2026-08-04T10:36:59Z] INFO Coupled control gating progress for slot 7/120: UE 4/4, PBCH=0 PRACH=0 SRS=0 TRS=0.
[2026-08-04T10:36:59Z] INFO Coupled control gating complete: slot=7 frame=1 pbch_attempts=0 prach_attempts=0 srs_attempts=0 trs_attempts=0 acquired=4/4 access=0/4 valid_srs=0/4 valid_trs_cells=1/1 tracked_serving_users=4/4 eligible=0/4.
[2026-08-04T10:36:59Z] INFO Coupled control gating complete for slot 7/120: acquired=4/4 access=0/4 valid_srs=0/4 valid_trs_cells=1/1 tracked_serving_users=4/4 eligible=0/4.
[2026-08-04T10:37:00Z] INFO DL coupled publish: operating_point 1/3 configured_label_snr_dB=-20.000 ue=0/4 dlDirectionalFrames=0/40 ulDirectionalFrames=0/40 dlRows=0 ulRows=0.
[2026-08-04T10:37:00Z] INFO Coupled DL schedule complete: sweep=1/3 slot=7/40 active=0 granted=0 grants=0.
[2026-08-04T10:37:00Z] INFO Coupled DL PDCCH qualification complete: sweep=1/3 slot=7/40 executable_grants=0.
[2026-08-04T10:37:00Z] INFO Preparing coupled DL batches: sweep=1/3 slot=7/40 candidate_grants=0 batch_size=24.
[2026-08-04T10:37:00Z] INFO Coupled UL K2 preschedule deferred: control_slot=7 reason=data_timing_rejected:target_hits_fixed_opposite_direction policy=no_valid_ul_occasion_from_current_dl_control_slot.
[2026-08-04T10:37:00Z] INFO Coupled canonical slot prepared: sweep=1/3 slot=8/40 duplex=DL allow_dl=1 allow_ul=0.
[2026-08-04T10:37:00Z] INFO Starting coupled pre-scheduling control gating for slot 8/120 with 4 UEs.
[2026-08-04T10:37:00Z] INFO Coupled control gating progress for slot 8/120: UE 1/4, PBCH=0 PRACH=0 SRS=0 TRS=0.
[2026-08-04T10:37:00Z] INFO Coupled control gating progress for slot 8/120: UE 2/4, PBCH=0 PRACH=0 SRS=0 TRS=0.
[2026-08-04T10:37:00Z] INFO Coupled control gating progress for slot 8/120: UE 3/4, PBCH=0 PRACH=0 SRS=0 TRS=0.
[2026-08-04T10:37:01Z] INFO Coupled control gating progress for slot 8/120: UE 4/4, PBCH=0 PRACH=0 SRS=0 TRS=0.
[2026-08-04T10:37:01Z] INFO Coupled control gating complete: slot=8 frame=1 pbch_attempts=0 prach_attempts=0 srs_attempts=0 trs_attempts=0 acquired=4/4 access=0/4 valid_srs=0/4 valid_trs_cells=1/1 tracked_serving_users=4/4 eligible=0/4.
[2026-08-04T10:37:01Z] INFO Coupled control gating complete for slot 8/120: acquired=4/4 access=0/4 valid_srs=0/4 valid_trs_cells=1/1 tracked_serving_users=4/4 eligible=0/4.
[2026-08-04T10:37:01Z] INFO DL coupled publish: operating_point 1/3 configured_label_snr_dB=-20.000 ue=0/4 dlDirectionalFrames=0/40 ulDirectionalFrames=0/40 dlRows=0 ulRows=0.
[2026-08-04T10:37:01Z] INFO Coupled DL schedule complete: sweep=1/3 slot=8/40 active=0 granted=0 grants=0.
[2026-08-04T10:37:01Z] INFO Coupled DL PDCCH qualification complete: sweep=1/3 slot=8/40 executable_grants=0.
[2026-08-04T10:37:01Z] INFO Preparing coupled DL batches: sweep=1/3 slot=8/40 candidate_grants=0 batch_size=24.
[2026-08-04T10:37:01Z] INFO Coupled UL K2 preschedule deferred: control_slot=8 reason=data_timing_rejected:target_hits_fixed_opposite_direction policy=no_valid_ul_occasion_from_current_dl_control_slot.
[2026-08-04T10:37:01Z] INFO Coupled canonical slot prepared: sweep=1/3 slot=9/40 duplex=FLEXIBLE_OR_MIXED allow_dl=1 allow_ul=1.
[2026-08-04T10:37:01Z] INFO Starting coupled pre-scheduling control gating for slot 9/120 with 4 UEs.
[2026-08-04T10:37:01Z] INFO Coupled control gating progress for slot 9/120: UE 1/4, PBCH=0 PRACH=0 SRS=0 TRS=0.
[2026-08-04T10:37:01Z] INFO Coupled control gating progress for slot 9/120: UE 2/4, PBCH=0 PRACH=0 SRS=0 TRS=0.
[2026-08-04T10:37:02Z] INFO Coupled control gating progress for slot 9/120: UE 3/4, PBCH=0 PRACH=0 SRS=0 TRS=0.
[2026-08-04T10:37:02Z] INFO Coupled control gating progress for slot 9/120: UE 4/4, PBCH=0 PRACH=0 SRS=0 TRS=0.
[2026-08-04T10:37:02Z] INFO Coupled control gating complete: slot=9 frame=1 pbch_attempts=0 prach_attempts=0 srs_attempts=0 trs_attempts=0 acquired=4/4 access=0/4 valid_srs=0/4 valid_trs_cells=1/1 tracked_serving_users=4/4 eligible=0/4.
[2026-08-04T10:37:02Z] INFO Coupled control gating complete for slot 9/120: acquired=4/4 access=0/4 valid_srs=0/4 valid_trs_cells=1/1 tracked_serving_users=4/4 eligible=0/4.
[2026-08-04T10:37:02Z] INFO DL coupled publish: operating_point 1/3 configured_label_snr_dB=-20.000 ue=0/4 dlDirectionalFrames=0/40 ulDirectionalFrames=0/40 dlRows=0 ulRows=0.
[2026-08-04T10:37:02Z] INFO Coupled DL scheduling deferred: sweep=1/3 slot=9/40 reason=configured_dl_symbol_allocation_not_available_in_tdd_slot policy=no_valid_harq_ack_occasion_from_current_dl_slot.
[2026-08-04T10:37:02Z] INFO Coupled DL schedule complete: sweep=1/3 slot=9/40 active=0 granted=0 grants=0.
[2026-08-04T10:37:02Z] INFO Coupled DL PDCCH qualification complete: sweep=1/3 slot=9/40 executable_grants=0.
[2026-08-04T10:37:02Z] INFO Preparing coupled DL batches: sweep=1/3 slot=9/40 candidate_grants=0 batch_size=24.
[2026-08-04T10:37:02Z] INFO Coupled UL K2 preschedule deferred: control_slot=9 reason=data_timing_rejected:target_hits_fixed_opposite_direction policy=no_valid_ul_occasion_from_current_dl_control_slot.
[2026-08-04T10:37:02Z] INFO Coupled UL queued grant lookup complete: sweep=1/3 slot=9/40 due_grants=0 pending_grants=0.
[2026-08-04T10:37:02Z] INFO Coupled canonical slot prepared: sweep=1/3 slot=10/40 duplex=UL allow_dl=0 allow_ul=1.
[2026-08-04T10:37:02Z] INFO Starting coupled pre-scheduling control gating for slot 10/120 with 4 UEs.
[2026-08-04T10:37:10Z] INFO Coupled PRACH result: slot=10 ue=1 status=FAIL crc=0 ra_completed=false strict_ok=false tx_preamble=0 detected_preamble=? failure=preamble_not_detected.
[2026-08-04T10:37:10Z] INFO Coupled PRACH RA PDSCH evidence: slot=10 ue=1 msg2_crc=0 msg2_layers=? msg2_cfg_ports=? msg2_resolved_ports=? msg2_explicit_matrix=false msg2_precoding=/ msg2_tx_power_dBm=46 msg2_amp_scale=? msg2_timing_used=false msg2_timing=? msg2_posteq_sinr_dB=? msg2_hest_sinr_dB=? msg2_llr_finite=false msg4_crc=0 msg4_layers=? msg4_cfg_ports=? msg4_resolved_ports=? msg4_tx_power_dBm=46 msg4_amp_scale=?.
[2026-08-04T10:37:10Z] INFO Coupled control gating progress for slot 10/120: UE 1/4, PBCH=0 PRACH=1 SRS=0 TRS=0.
[2026-08-04T10:37:15Z] INFO Coupled PRACH result: slot=10 ue=2 status=FAIL crc=0 ra_completed=false strict_ok=false tx_preamble=1 detected_preamble=? failure=preamble_not_detected.
[2026-08-04T10:37:15Z] INFO Coupled PRACH RA PDSCH evidence: slot=10 ue=2 msg2_crc=0 msg2_layers=? msg2_cfg_ports=? msg2_resolved_ports=? msg2_explicit_matrix=false msg2_precoding=/ msg2_tx_power_dBm=46 msg2_amp_scale=? msg2_timing_used=false msg2_timing=? msg2_posteq_sinr_dB=? msg2_hest_sinr_dB=? msg2_llr_finite=false msg4_crc=0 msg4_layers=? msg4_cfg_ports=? msg4_resolved_ports=? msg4_tx_power_dBm=46 msg4_amp_scale=?.
[2026-08-04T10:37:15Z] INFO Coupled control gating progress for slot 10/120: UE 2/4, PBCH=0 PRACH=2 SRS=0 TRS=0.
[2026-08-04T10:37:19Z] INFO Coupled PRACH result: slot=10 ue=3 status=FAIL crc=0 ra_completed=false strict_ok=false tx_preamble=2 detected_preamble=? failure=preamble_not_detected.
[2026-08-04T10:37:19Z] INFO Coupled PRACH RA PDSCH evidence: slot=10 ue=3 msg2_crc=0 msg2_layers=? msg2_cfg_ports=? msg2_resolved_ports=? msg2_explicit_matrix=false msg2_precoding=/ msg2_tx_power_dBm=46 msg2_amp_scale=? msg2_timing_used=false msg2_timing=? msg2_posteq_sinr_dB=? msg2_hest_sinr_dB=? msg2_llr_finite=false msg4_crc=0 msg4_layers=? msg4_cfg_ports=? msg4_resolved_ports=? msg4_tx_power_dBm=46 msg4_amp_scale=?.
[2026-08-04T10:37:19Z] INFO Coupled control gating progress for slot 10/120: UE 3/4, PBCH=0 PRACH=3 SRS=0 TRS=0.
[2026-08-04T10:37:24Z] INFO Coupled PRACH result: slot=10 ue=4 status=FAIL crc=0 ra_completed=false strict_ok=false tx_preamble=3 detected_preamble=? failure=preamble_not_detected.
[2026-08-04T10:37:24Z] INFO Coupled PRACH RA PDSCH evidence: slot=10 ue=4 msg2_crc=0 msg2_layers=? msg2_cfg_ports=? msg2_resolved_ports=? msg2_explicit_matrix=false msg2_precoding=/ msg2_tx_power_dBm=46 msg2_amp_scale=? msg2_timing_used=false msg2_timing=? msg2_posteq_sinr_dB=? msg2_hest_sinr_dB=? msg2_llr_finite=false msg4_crc=0 msg4_layers=? msg4_cfg_ports=? msg4_resolved_ports=? msg4_tx_power_dBm=46 msg4_amp_scale=?.
[2026-08-04T10:37:24Z] INFO Coupled control gating progress for slot 10/120: UE 4/4, PBCH=0 PRACH=4 SRS=0 TRS=0.
[2026-08-04T10:37:24Z] INFO Coupled control gating complete: slot=10 frame=1 pbch_attempts=0 prach_attempts=4 srs_attempts=0 trs_attempts=0 acquired=4/4 access=0/4 valid_srs=0/4 valid_trs_cells=1/1 tracked_serving_users=4/4 eligible=0/4.
[2026-08-04T10:37:24Z] INFO Coupled control gating complete for slot 10/120: acquired=4/4 access=0/4 valid_srs=0/4 valid_trs_cells=1/1 tracked_serving_users=4/4 eligible=0/4.
[2026-08-04T10:37:24Z] INFO UL coupled publish: operating_point 1/3 configured_label_snr_dB=-20.000 ue=0/4 dlDirectionalFrames=0/40 ulDirectionalFrames=0/40 dlRows=0 ulRows=0.
[2026-08-04T10:37:24Z] INFO Coupled UL queued grant lookup complete: sweep=1/3 slot=10/40 due_grants=0 pending_grants=0.
[2026-08-04T10:37:24Z] INFO Coupled canonical slot prepared: sweep=1/3 slot=11/40 duplex=DL allow_dl=1 allow_ul=0.
[2026-08-04T10:37:24Z] INFO Starting coupled pre-scheduling control gating for slot 11/120 with 4 UEs.
[2026-08-04T10:37:25Z] INFO Coupled control gating progress for slot 11/120: UE 1/4, PBCH=0 PRACH=0 SRS=0 TRS=0.
[2026-08-04T10:37:25Z] INFO Coupled control gating progress for slot 11/120: UE 2/4, PBCH=0 PRACH=0 SRS=0 TRS=0.
[2026-08-04T10:37:25Z] INFO Coupled control gating progress for slot 11/120: UE 3/4, PBCH=0 PRACH=0 SRS=0 TRS=0.
[2026-08-04T10:37:25Z] INFO Coupled control gating progress for slot 11/120: UE 4/4, PBCH=0 PRACH=0 SRS=0 TRS=0.
[2026-08-04T10:37:25Z] INFO Coupled control gating complete: slot=11 frame=1 pbch_attempts=0 prach_attempts=0 srs_attempts=0 trs_attempts=0 acquired=4/4 access=0/4 valid_srs=0/4 valid_trs_cells=1/1 tracked_serving_users=4/4 eligible=0/4.
[2026-08-04T10:37:25Z] INFO Coupled control gating complete for slot 11/120: acquired=4/4 access=0/4 valid_srs=0/4 valid_trs_cells=1/1 tracked_serving_users=4/4 eligible=0/4.
[2026-08-04T10:37:25Z] INFO DL coupled publish: operating_point 1/3 configured_label_snr_dB=-20.000 ue=0/4 dlDirectionalFrames=0/40 ulDirectionalFrames=0/40 dlRows=0 ulRows=0.
[2026-08-04T10:37:25Z] INFO Coupled DL schedule complete: sweep=1/3 slot=11/40 active=0 granted=0 grants=0.
[2026-08-04T10:37:25Z] INFO Coupled DL PDCCH qualification complete: sweep=1/3 slot=11/40 executable_grants=0.
[2026-08-04T10:37:25Z] INFO Preparing coupled DL batches: sweep=1/3 slot=11/40 candidate_grants=0 batch_size=24.
[2026-08-04T10:37:26Z] INFO Coupled UL K2 preschedule complete: control_slot=11 due_slot=15 k2=4 active=0 granted=0 grants=0.
[2026-08-04T10:37:26Z] INFO Coupled canonical slot prepared: sweep=1/3 slot=12/40 duplex=DL allow_dl=1 allow_ul=0.
[2026-08-04T10:37:26Z] INFO Starting coupled pre-scheduling control gating for slot 12/120 with 4 UEs.
[2026-08-04T10:37:26Z] INFO Coupled control gating progress for slot 12/120: UE 1/4, PBCH=0 PRACH=0 SRS=0 TRS=0.
[2026-08-04T10:37:26Z] INFO Coupled control gating progress for slot 12/120: UE 2/4, PBCH=0 PRACH=0 SRS=0 TRS=0.
[2026-08-04T10:37:26Z] INFO Coupled control gating progress for slot 12/120: UE 3/4, PBCH=0 PRACH=0 SRS=0 TRS=0.
[2026-08-04T10:37:26Z] INFO Coupled control gating progress for slot 12/120: UE 4/4, PBCH=0 PRACH=0 SRS=0 TRS=0.
[2026-08-04T10:37:26Z] INFO Coupled control gating complete: slot=12 frame=1 pbch_attempts=0 prach_attempts=0 srs_attempts=0 trs_attempts=0 acquired=4/4 access=0/4 valid_srs=0/4 valid_trs_cells=1/1 tracked_serving_users=4/4 eligible=0/4.
[2026-08-04T10:37:26Z] INFO Coupled control gating complete for slot 12/120: acquired=4/4 access=0/4 valid_srs=0/4 valid_trs_cells=1/1 tracked_serving_users=4/4 eligible=0/4.
[2026-08-04T10:37:27Z] INFO DL coupled publish: operating_point 1/3 configured_label_snr_dB=-20.000 ue=0/4 dlDirectionalFrames=0/40 ulDirectionalFrames=0/40 dlRows=0 ulRows=0.
[2026-08-04T10:37:27Z] INFO Coupled DL schedule complete: sweep=1/3 slot=12/40 active=0 granted=0 grants=0.
[2026-08-04T10:37:27Z] INFO Coupled DL PDCCH qualification complete: sweep=1/3 slot=12/40 executable_grants=0.
[2026-08-04T10:37:27Z] INFO Preparing coupled DL batches: sweep=1/3 slot=12/40 candidate_grants=0 batch_size=24.
[2026-08-04T10:37:27Z] INFO Coupled UL K2 preschedule deferred: control_slot=12 reason=data_timing_rejected:target_hits_fixed_opposite_direction policy=no_valid_ul_occasion_from_current_dl_control_slot.
[2026-08-04T10:37:27Z] INFO Coupled canonical slot prepared: sweep=1/3 slot=13/40 duplex=DL allow_dl=1 allow_ul=0.
[2026-08-04T10:37:27Z] INFO Starting coupled pre-scheduling control gating for slot 13/120 with 4 UEs.
[2026-08-04T10:37:27Z] INFO Coupled control gating progress for slot 13/120: UE 1/4, PBCH=0 PRACH=0 SRS=0 TRS=0.
[2026-08-04T10:37:27Z] INFO Coupled control gating progress for slot 13/120: UE 2/4, PBCH=0 PRACH=0 SRS=0 TRS=0.
[2026-08-04T10:37:27Z] INFO Coupled control gating progress for slot 13/120: UE 3/4, PBCH=0 PRACH=0 SRS=0 TRS=0.
[2026-08-04T10:37:27Z] INFO Coupled control gating progress for slot 13/120: UE 4/4, PBCH=0 PRACH=0 SRS=0 TRS=0.
[2026-08-04T10:37:27Z] INFO Coupled control gating complete: slot=13 frame=1 pbch_attempts=0 prach_attempts=0 srs_attempts=0 trs_attempts=0 acquired=4/4 access=0/4 valid_srs=0/4 valid_trs_cells=1/1 tracked_serving_users=4/4 eligible=0/4.
[2026-08-04T10:37:27Z] INFO Coupled control gating complete for slot 13/120: acquired=4/4 access=0/4 valid_srs=0/4 valid_trs_cells=1/1 tracked_serving_users=4/4 eligible=0/4.
[2026-08-04T10:37:28Z] INFO DL coupled publish: operating_point 1/3 configured_label_snr_dB=-20.000 ue=0/4 dlDirectionalFrames=0/40 ulDirectionalFrames=0/40 dlRows=0 ulRows=0.
[2026-08-04T10:37:28Z] INFO Coupled DL schedule complete: sweep=1/3 slot=13/40 active=0 granted=0 grants=0.
[2026-08-04T10:37:28Z] INFO Coupled DL PDCCH qualification complete: sweep=1/3 slot=13/40 executable_grants=0.
[2026-08-04T10:37:28Z] INFO Preparing coupled DL batches: sweep=1/3 slot=13/40 candidate_grants=0 batch_size=24.
[2026-08-04T10:37:28Z] INFO Coupled UL K2 preschedule deferred: control_slot=13 reason=data_timing_rejected:target_hits_fixed_opposite_direction policy=no_valid_ul_occasion_from_current_dl_control_slot.
[2026-08-04T10:37:28Z] INFO Coupled canonical slot prepared: sweep=1/3 slot=14/40 duplex=FLEXIBLE_OR_MIXED allow_dl=1 allow_ul=1.
[2026-08-04T10:37:28Z] INFO Starting coupled pre-scheduling control gating for slot 14/120 with 4 UEs.
[2026-08-04T10:37:28Z] INFO Coupled control gating progress for slot 14/120: UE 1/4, PBCH=0 PRACH=0 SRS=0 TRS=0.
[2026-08-04T10:37:28Z] INFO Coupled control gating progress for slot 14/120: UE 2/4, PBCH=0 PRACH=0 SRS=0 TRS=0.
[2026-08-04T10:37:29Z] INFO Coupled control gating progress for slot 14/120: UE 3/4, PBCH=0 PRACH=0 SRS=0 TRS=0.
[2026-08-04T10:37:29Z] INFO Coupled control gating progress for slot 14/120: UE 4/4, PBCH=0 PRACH=0 SRS=0 TRS=0.
[2026-08-04T10:37:29Z] INFO Coupled control gating complete: slot=14 frame=1 pbch_attempts=0 prach_attempts=0 srs_attempts=0 trs_attempts=0 acquired=4/4 access=0/4 valid_srs=0/4 valid_trs_cells=1/1 tracked_serving_users=4/4 eligible=0/4.
[2026-08-04T10:37:29Z] INFO Coupled control gating complete for slot 14/120: acquired=4/4 access=0/4 valid_srs=0/4 valid_trs_cells=1/1 tracked_serving_users=4/4 eligible=0/4.
[2026-08-04T10:37:29Z] INFO DL coupled publish: operating_point 1/3 configured_label_snr_dB=-20.000 ue=0/4 dlDirectionalFrames=0/40 ulDirectionalFrames=0/40 dlRows=0 ulRows=0.
[2026-08-04T10:37:29Z] INFO Coupled DL scheduling deferred: sweep=1/3 slot=14/40 reason=configured_dl_symbol_allocation_not_available_in_tdd_slot policy=no_valid_harq_ack_occasion_from_current_dl_slot.
[2026-08-04T10:37:29Z] INFO Coupled DL schedule complete: sweep=1/3 slot=14/40 active=0 granted=0 grants=0.
[2026-08-04T10:37:29Z] INFO Coupled DL PDCCH qualification complete: sweep=1/3 slot=14/40 executable_grants=0.
[2026-08-04T10:37:29Z] INFO Preparing coupled DL batches: sweep=1/3 slot=14/40 candidate_grants=0 batch_size=24.
[2026-08-04T10:37:29Z] INFO Coupled UL K2 preschedule deferred: control_slot=14 reason=data_timing_rejected:target_hits_fixed_opposite_direction policy=no_valid_ul_occasion_from_current_dl_control_slot.
[2026-08-04T10:37:29Z] INFO Coupled UL queued grant lookup complete: sweep=1/3 slot=14/40 due_grants=0 pending_grants=0.
[2026-08-04T10:37:29Z] INFO Coupled canonical slot prepared: sweep=1/3 slot=15/40 duplex=UL allow_dl=0 allow_ul=1.
[2026-08-04T10:37:29Z] INFO Starting coupled pre-scheduling control gating for slot 15/120 with 4 UEs.
[2026-08-04T10:37:29Z] INFO Coupled control gating progress for slot 15/120: UE 1/4, PBCH=0 PRACH=0 SRS=0 TRS=0.
[2026-08-04T10:37:30Z] INFO Coupled control gating progress for slot 15/120: UE 2/4, PBCH=0 PRACH=0 SRS=0 TRS=0.
[2026-08-04T10:37:30Z] INFO Coupled control gating progress for slot 15/120: UE 3/4, PBCH=0 PRACH=0 SRS=0 TRS=0.
[2026-08-04T10:37:30Z] INFO Coupled control gating progress for slot 15/120: UE 4/4, PBCH=0 PRACH=0 SRS=0 TRS=0.
[2026-08-04T10:37:30Z] INFO Coupled control gating complete: slot=15 frame=1 pbch_attempts=0 prach_attempts=0 srs_attempts=0 trs_attempts=0 acquired=4/4 access=0/4 valid_srs=0/4 valid_trs_cells=1/1 tracked_serving_users=4/4 eligible=0/4.
[2026-08-04T10:37:30Z] INFO Coupled control gating complete for slot 15/120: acquired=4/4 access=0/4 valid_srs=0/4 valid_trs_cells=1/1 tracked_serving_users=4/4 eligible=0/4.
[2026-08-04T10:37:30Z] INFO UL coupled publish: operating_point 1/3 configured_label_snr_dB=-20.000 ue=0/4 dlDirectionalFrames=0/40 ulDirectionalFrames=0/40 dlRows=0 ulRows=0.
[2026-08-04T10:37:30Z] INFO Coupled UL queued grant lookup complete: sweep=1/3 slot=15/40 due_grants=0 pending_grants=0.
[2026-08-04T10:37:30Z] INFO Coupled canonical slot prepared: sweep=1/3 slot=16/40 duplex=DL allow_dl=1 allow_ul=0.
[2026-08-04T10:37:30Z] INFO Starting coupled pre-scheduling control gating for slot 16/120 with 4 UEs.
[2026-08-04T10:37:30Z] INFO Coupled control gating progress for slot 16/120: UE 1/4, PBCH=0 PRACH=0 SRS=0 TRS=0.
[2026-08-04T10:37:30Z] INFO Coupled control gating progress for slot 16/120: UE 2/4, PBCH=0 PRACH=0 SRS=0 TRS=0.
[2026-08-04T10:37:30Z] INFO Coupled control gating progress for slot 16/120: UE 3/4, PBCH=0 PRACH=0 SRS=0 TRS=0.
[2026-08-04T10:37:31Z] INFO Coupled control gating progress for slot 16/120: UE 4/4, PBCH=0 PRACH=0 SRS=0 TRS=0.
[2026-08-04T10:37:31Z] INFO Coupled control gating complete: slot=16 frame=1 pbch_attempts=0 prach_attempts=0 srs_attempts=0 trs_attempts=0 acquired=4/4 access=0/4 valid_srs=0/4 valid_trs_cells=1/1 tracked_serving_users=4/4 eligible=0/4.
[2026-08-04T10:37:31Z] INFO Coupled control gating complete for slot 16/120: acquired=4/4 access=0/4 valid_srs=0/4 valid_trs_cells=1/1 tracked_serving_users=4/4 eligible=0/4.
[2026-08-04T10:37:31Z] INFO DL coupled publish: operating_point 1/3 configured_label_snr_dB=-20.000 ue=0/4 dlDirectionalFrames=0/40 ulDirectionalFrames=0/40 dlRows=0 ulRows=0.
[2026-08-04T10:37:31Z] INFO Coupled DL schedule complete: sweep=1/3 slot=16/40 active=0 granted=0 grants=0.
[2026-08-04T10:37:31Z] INFO Coupled DL PDCCH qualification complete: sweep=1/3 slot=16/40 executable_grants=0.
[2026-08-04T10:37:31Z] INFO Preparing coupled DL batches: sweep=1/3 slot=16/40 candidate_grants=0 batch_size=24.
[2026-08-04T10:37:31Z] INFO Coupled UL K2 preschedule complete: control_slot=16 due_slot=20 k2=4 active=0 granted=0 grants=0.
[2026-08-04T10:37:31Z] INFO Coupled canonical slot prepared: sweep=1/3 slot=17/40 duplex=DL allow_dl=1 allow_ul=0.
[2026-08-04T10:37:31Z] INFO Starting coupled pre-scheduling control gating for slot 17/120 with 4 UEs.
[2026-08-04T10:37:31Z] INFO Coupled control gating progress for slot 17/120: UE 1/4, PBCH=0 PRACH=0 SRS=0 TRS=0.
[2026-08-04T10:37:31Z] INFO Coupled control gating progress for slot 17/120: UE 2/4, PBCH=0 PRACH=0 SRS=0 TRS=0.
[2026-08-04T10:37:32Z] INFO Coupled control gating progress for slot 17/120: UE 3/4, PBCH=0 PRACH=0 SRS=0 TRS=0.
[2026-08-04T10:37:32Z] INFO Coupled control gating progress for slot 17/120: UE 4/4, PBCH=0 PRACH=0 SRS=0 TRS=0.
[2026-08-04T10:37:32Z] INFO Coupled control gating complete: slot=17 frame=1 pbch_attempts=0 prach_attempts=0 srs_attempts=0 trs_attempts=0 acquired=4/4 access=0/4 valid_srs=0/4 valid_trs_cells=1/1 tracked_serving_users=4/4 eligible=0/4.
[2026-08-04T10:37:32Z] INFO Coupled control gating complete for slot 17/120: acquired=4/4 access=0/4 valid_srs=0/4 valid_trs_cells=1/1 tracked_serving_users=4/4 eligible=0/4.
[2026-08-04T10:37:32Z] INFO DL coupled publish: operating_point 1/3 configured_label_snr_dB=-20.000 ue=0/4 dlDirectionalFrames=0/40 ulDirectionalFrames=0/40 dlRows=0 ulRows=0.
[2026-08-04T10:37:32Z] INFO Coupled DL schedule complete: sweep=1/3 slot=17/40 active=0 granted=0 grants=0.
[2026-08-04T10:37:32Z] INFO Coupled DL PDCCH qualification complete: sweep=1/3 slot=17/40 executable_grants=0.
[2026-08-04T10:37:32Z] INFO Preparing coupled DL batches: sweep=1/3 slot=17/40 candidate_grants=0 batch_size=24.
[2026-08-04T10:37:32Z] INFO Coupled UL K2 preschedule deferred: control_slot=17 reason=data_timing_rejected:target_hits_fixed_opposite_direction policy=no_valid_ul_occasion_from_current_dl_control_slot.
[2026-08-04T10:37:32Z] INFO Coupled canonical slot prepared: sweep=1/3 slot=18/40 duplex=DL allow_dl=1 allow_ul=0.
[2026-08-04T10:37:32Z] INFO Starting coupled pre-scheduling control gating for slot 18/120 with 4 UEs.
[2026-08-04T10:37:32Z] INFO Coupled control gating progress for slot 18/120: UE 1/4, PBCH=0 PRACH=0 SRS=0 TRS=0.
[2026-08-04T10:37:32Z] INFO Coupled control gating progress for slot 18/120: UE 2/4, PBCH=0 PRACH=0 SRS=0 TRS=0.
[2026-08-04T10:37:33Z] INFO Coupled control gating progress for slot 18/120: UE 3/4, PBCH=0 PRACH=0 SRS=0 TRS=0.
[2026-08-04T10:37:33Z] INFO Coupled control gating progress for slot 18/120: UE 4/4, PBCH=0 PRACH=0 SRS=0 TRS=0.
[2026-08-04T10:37:33Z] INFO Coupled control gating complete: slot=18 frame=1 pbch_attempts=0 prach_attempts=0 srs_attempts=0 trs_attempts=0 acquired=4/4 access=0/4 valid_srs=0/4 valid_trs_cells=1/1 tracked_serving_users=4/4 eligible=0/4.
[2026-08-04T10:37:33Z] INFO Coupled control gating complete for slot 18/120: acquired=4/4 access=0/4 valid_srs=0/4 valid_trs_cells=1/1 tracked_serving_users=4/4 eligible=0/4.
[2026-08-04T10:37:33Z] INFO DL coupled publish: operating_point 1/3 configured_label_snr_dB=-20.000 ue=0/4 dlDirectionalFrames=0/40 ulDirectionalFrames=0/40 dlRows=0 ulRows=0.
[2026-08-04T10:37:33Z] INFO Coupled DL schedule complete: sweep=1/3 slot=18/40 active=0 granted=0 grants=0.
[2026-08-04T10:37:33Z] INFO Coupled DL PDCCH qualification complete: sweep=1/3 slot=18/40 executable_grants=0.
[2026-08-04T10:37:33Z] INFO Preparing coupled DL batches: sweep=1/3 slot=18/40 candidate_grants=0 batch_size=24.
[2026-08-04T10:37:33Z] INFO Coupled UL K2 preschedule deferred: control_slot=18 reason=data_timing_rejected:target_hits_fixed_opposite_direction policy=no_valid_ul_occasion_from_current_dl_control_slot.
[2026-08-04T10:37:33Z] INFO Coupled canonical slot prepared: sweep=1/3 slot=19/40 duplex=FLEXIBLE_OR_MIXED allow_dl=1 allow_ul=1.
[2026-08-04T10:37:33Z] INFO Starting coupled pre-scheduling control gating for slot 19/120 with 4 UEs.
[2026-08-04T10:37:33Z] INFO Coupled control gating progress for slot 19/120: UE 1/4, PBCH=0 PRACH=0 SRS=0 TRS=0.
[2026-08-04T10:37:33Z] INFO Coupled control gating progress for slot 19/120: UE 2/4, PBCH=0 PRACH=0 SRS=0 TRS=0.
[2026-08-04T10:37:34Z] INFO Coupled control gating progress for slot 19/120: UE 3/4, PBCH=0 PRACH=0 SRS=0 TRS=0.
[2026-08-04T10:37:34Z] INFO Coupled control gating progress for slot 19/120: UE 4/4, PBCH=0 PRACH=0 SRS=0 TRS=0.
[2026-08-04T10:37:34Z] INFO Coupled control gating complete: slot=19 frame=1 pbch_attempts=0 prach_attempts=0 srs_attempts=0 trs_attempts=0 acquired=4/4 access=0/4 valid_srs=0/4 valid_trs_cells=1/1 tracked_serving_users=4/4 eligible=0/4.
[2026-08-04T10:37:34Z] INFO Coupled control gating complete for slot 19/120: acquired=4/4 access=0/4 valid_srs=0/4 valid_trs_cells=1/1 tracked_serving_users=4/4 eligible=0/4.
[2026-08-04T10:37:34Z] INFO DL coupled publish: operating_point 1/3 configured_label_snr_dB=-20.000 ue=0/4 dlDirectionalFrames=0/40 ulDirectionalFrames=0/40 dlRows=0 ulRows=0.
[2026-08-04T10:37:34Z] INFO Coupled DL scheduling deferred: sweep=1/3 slot=19/40 reason=configured_dl_symbol_allocation_not_available_in_tdd_slot policy=no_valid_harq_ack_occasion_from_current_dl_slot.
[2026-08-04T10:37:34Z] INFO Coupled DL schedule complete: sweep=1/3 slot=19/40 active=0 granted=0 grants=0.
[2026-08-04T10:37:34Z] INFO Coupled DL PDCCH qualification complete: sweep=1/3 slot=19/40 executable_grants=0.
[2026-08-04T10:37:34Z] INFO Preparing coupled DL batches: sweep=1/3 slot=19/40 candidate_grants=0 batch_size=24.
[2026-08-04T10:37:34Z] INFO Coupled UL K2 preschedule deferred: control_slot=19 reason=data_timing_rejected:target_hits_fixed_opposite_direction policy=no_valid_ul_occasion_from_current_dl_control_slot.
[2026-08-04T10:37:34Z] INFO Coupled UL queued grant lookup complete: sweep=1/3 slot=19/40 due_grants=0 pending_grants=0.
[2026-08-04T10:37:34Z] INFO Coupled canonical slot prepared: sweep=1/3 slot=20/40 duplex=UL allow_dl=0 allow_ul=1.
[2026-08-04T10:37:34Z] INFO Starting coupled pre-scheduling control gating for slot 20/120 with 4 UEs.
[2026-08-04T10:37:34Z] INFO Coupled control gating progress for slot 20/120: UE 1/4, PBCH=0 PRACH=0 SRS=0 TRS=0.
[2026-08-04T10:37:34Z] INFO Coupled control gating progress for slot 20/120: UE 2/4, PBCH=0 PRACH=0 SRS=0 TRS=0.
[2026-08-04T10:37:35Z] INFO Coupled control gating progress for slot 20/120: UE 3/4, PBCH=0 PRACH=0 SRS=0 TRS=0.
[2026-08-04T10:37:35Z] INFO Coupled control gating progress for slot 20/120: UE 4/4, PBCH=0 PRACH=0 SRS=0 TRS=0.
[2026-08-04T10:37:35Z] INFO Coupled control gating complete: slot=20 frame=1 pbch_attempts=0 prach_attempts=0 srs_attempts=0 trs_attempts=0 acquired=4/4 access=0/4 valid_srs=0/4 valid_trs_cells=1/1 tracked_serving_users=4/4 eligible=0/4.
[2026-08-04T10:37:35Z] INFO Coupled control gating complete for slot 20/120: acquired=4/4 access=0/4 valid_srs=0/4 valid_trs_cells=1/1 tracked_serving_users=4/4 eligible=0/4.
[2026-08-04T10:37:35Z] INFO UL coupled publish: operating_point 1/3 configured_label_snr_dB=-20.000 ue=0/4 dlDirectionalFrames=0/40 ulDirectionalFrames=0/40 dlRows=0 ulRows=0.
[2026-08-04T10:37:35Z] INFO Coupled UL queued grant lookup complete: sweep=1/3 slot=20/40 due_grants=0 pending_grants=0.
[2026-08-04T10:37:35Z] INFO Coupled canonical slot prepared: sweep=1/3 slot=21/40 duplex=DL allow_dl=1 allow_ul=0.
[2026-08-04T10:37:35Z] INFO Starting coupled pre-scheduling control gating for slot 21/120 with 4 UEs.
[2026-08-04T10:37:38Z] INFO Coupled control gating progress for slot 21/120: UE 1/4, PBCH=0 PRACH=0 SRS=0 TRS=1.
[2026-08-04T10:37:38Z] INFO Coupled control gating progress for slot 21/120: UE 2/4, PBCH=0 PRACH=0 SRS=0 TRS=1.
[2026-08-04T10:37:38Z] INFO Coupled control gating progress for slot 21/120: UE 3/4, PBCH=0 PRACH=0 SRS=0 TRS=1.
[2026-08-04T10:37:38Z] INFO Coupled control gating progress for slot 21/120: UE 4/4, PBCH=0 PRACH=0 SRS=0 TRS=1.
[2026-08-04T10:37:38Z] INFO Coupled control gating complete: slot=21 frame=2 pbch_attempts=0 prach_attempts=0 srs_attempts=0 trs_attempts=1 acquired=4/4 access=0/4 valid_srs=0/4 valid_trs_cells=1/1 tracked_serving_users=4/4 eligible=0/4.
[2026-08-04T10:37:38Z] INFO Coupled control gating complete for slot 21/120: acquired=4/4 access=0/4 valid_srs=0/4 valid_trs_cells=1/1 tracked_serving_users=4/4 eligible=0/4.
[2026-08-04T10:37:38Z] INFO DL coupled publish: operating_point 1/3 configured_label_snr_dB=-20.000 ue=0/4 dlDirectionalFrames=0/40 ulDirectionalFrames=0/40 dlRows=0 ulRows=0.
[2026-08-04T10:37:39Z] INFO Coupled DL schedule complete: sweep=1/3 slot=21/40 active=0 granted=0 grants=0.
[2026-08-04T10:37:39Z] INFO Coupled DL PDCCH qualification complete: sweep=1/3 slot=21/40 executable_grants=0.
[2026-08-04T10:37:39Z] INFO Preparing coupled DL batches: sweep=1/3 slot=21/40 candidate_grants=0 batch_size=24.
[2026-08-04T10:37:39Z] INFO Coupled UL K2 preschedule complete: control_slot=21 due_slot=25 k2=4 active=0 granted=0 grants=0.
[2026-08-04T10:37:39Z] INFO Coupled canonical slot prepared: sweep=1/3 slot=22/40 duplex=DL allow_dl=1 allow_ul=0.
[2026-08-04T10:37:39Z] INFO Starting coupled pre-scheduling control gating for slot 22/120 with 4 UEs.
[2026-08-04T10:37:39Z] INFO Coupled control gating progress for slot 22/120: UE 1/4, PBCH=0 PRACH=0 SRS=0 TRS=0.
[2026-08-04T10:37:39Z] INFO Coupled control gating progress for slot 22/120: UE 2/4, PBCH=0 PRACH=0 SRS=0 TRS=0.
[2026-08-04T10:37:39Z] INFO Coupled control gating progress for slot 22/120: UE 3/4, PBCH=0 PRACH=0 SRS=0 TRS=0.
[2026-08-04T10:37:39Z] INFO Coupled control gating progress for slot 22/120: UE 4/4, PBCH=0 PRACH=0 SRS=0 TRS=0.
[2026-08-04T10:37:39Z] INFO Coupled control gating complete: slot=22 frame=2 pbch_attempts=0 prach_attempts=0 srs_attempts=0 trs_attempts=0 acquired=4/4 access=0/4 valid_srs=0/4 valid_trs_cells=0/1 tracked_serving_users=0/4 eligible=0/4.
[2026-08-04T10:37:39Z] INFO Coupled control gating complete for slot 22/120: acquired=4/4 access=0/4 valid_srs=0/4 valid_trs_cells=0/1 tracked_serving_users=0/4 eligible=0/4.
[2026-08-04T10:37:40Z] INFO DL coupled publish: operating_point 1/3 configured_label_snr_dB=-20.000 ue=0/4 dlDirectionalFrames=0/40 ulDirectionalFrames=0/40 dlRows=0 ulRows=0.
[2026-08-04T10:37:40Z] INFO Coupled DL schedule complete: sweep=1/3 slot=22/40 active=0 granted=0 grants=0.
[2026-08-04T10:37:40Z] INFO Coupled DL PDCCH qualification complete: sweep=1/3 slot=22/40 executable_grants=0.
[2026-08-04T10:37:40Z] INFO Preparing coupled DL batches: sweep=1/3 slot=22/40 candidate_grants=0 batch_size=24.
[2026-08-04T10:37:40Z] INFO Coupled UL K2 preschedule deferred: control_slot=22 reason=data_timing_rejected:target_hits_fixed_opposite_direction policy=no_valid_ul_occasion_from_current_dl_control_slot.
[2026-08-04T10:37:40Z] INFO Coupled canonical slot prepared: sweep=1/3 slot=23/40 duplex=DL allow_dl=1 allow_ul=0.
[2026-08-04T10:37:40Z] INFO Starting coupled pre-scheduling control gating for slot 23/120 with 4 UEs.
[2026-08-04T10:37:40Z] INFO Coupled control gating progress for slot 23/120: UE 1/4, PBCH=0 PRACH=0 SRS=0 TRS=0.
[2026-08-04T10:37:40Z] INFO Coupled control gating progress for slot 23/120: UE 2/4, PBCH=0 PRACH=0 SRS=0 TRS=0.
[2026-08-04T10:37:40Z] INFO Coupled control gating progress for slot 23/120: UE 3/4, PBCH=0 PRACH=0 SRS=0 TRS=0.
[2026-08-04T10:37:40Z] INFO Coupled control gating progress for slot 23/120: UE 4/4, PBCH=0 PRACH=0 SRS=0 TRS=0.
[2026-08-04T10:37:41Z] INFO Coupled control gating complete: slot=23 frame=2 pbch_attempts=0 prach_attempts=0 srs_attempts=0 trs_attempts=0 acquired=4/4 access=0/4 valid_srs=0/4 valid_trs_cells=0/1 tracked_serving_users=0/4 eligible=0/4.
[2026-08-04T10:37:41Z] INFO Coupled control gating complete for slot 23/120: acquired=4/4 access=0/4 valid_srs=0/4 valid_trs_cells=0/1 tracked_serving_users=0/4 eligible=0/4.
[2026-08-04T10:37:41Z] INFO DL coupled publish: operating_point 1/3 configured_label_snr_dB=-20.000 ue=0/4 dlDirectionalFrames=0/40 ulDirectionalFrames=0/40 dlRows=0 ulRows=0.
[2026-08-04T10:37:41Z] INFO Coupled DL schedule complete: sweep=1/3 slot=23/40 active=0 granted=0 grants=0.
[2026-08-04T10:37:41Z] INFO Coupled DL PDCCH qualification complete: sweep=1/3 slot=23/40 executable_grants=0.
[2026-08-04T10:37:41Z] INFO Preparing coupled DL batches: sweep=1/3 slot=23/40 candidate_grants=0 batch_size=24.
[2026-08-04T10:37:41Z] INFO Coupled UL K2 preschedule deferred: control_slot=23 reason=data_timing_rejected:target_hits_fixed_opposite_direction policy=no_valid_ul_occasion_from_current_dl_control_slot.
[2026-08-04T10:37:41Z] INFO Coupled canonical slot prepared: sweep=1/3 slot=24/40 duplex=FLEXIBLE_OR_MIXED allow_dl=1 allow_ul=1.
[2026-08-04T10:37:41Z] INFO Starting coupled pre-scheduling control gating for slot 24/120 with 4 UEs.
[2026-08-04T10:37:41Z] INFO Coupled control gating progress for slot 24/120: UE 1/4, PBCH=0 PRACH=0 SRS=0 TRS=0.
[2026-08-04T10:37:42Z] INFO Coupled control gating progress for slot 24/120: UE 2/4, PBCH=0 PRACH=0 SRS=0 TRS=0.
[2026-08-04T10:37:42Z] INFO Coupled control gating progress for slot 24/120: UE 3/4, PBCH=0 PRACH=0 SRS=0 TRS=0.
[2026-08-04T10:37:42Z] INFO Coupled control gating progress for slot 24/120: UE 4/4, PBCH=0 PRACH=0 SRS=0 TRS=0.
[2026-08-04T10:37:42Z] INFO Coupled control gating complete: slot=24 frame=2 pbch_attempts=0 prach_attempts=0 srs_attempts=0 trs_attempts=0 acquired=4/4 access=0/4 valid_srs=0/4 valid_trs_cells=0/1 tracked_serving_users=0/4 eligible=0/4.
[2026-08-04T10:37:42Z] INFO Coupled control gating complete for slot 24/120: acquired=4/4 access=0/4 valid_srs=0/4 valid_trs_cells=0/1 tracked_serving_users=0/4 eligible=0/4.
[2026-08-04T10:37:42Z] INFO DL coupled publish: operating_point 1/3 configured_label_snr_dB=-20.000 ue=0/4 dlDirectionalFrames=0/40 ulDirectionalFrames=0/40 dlRows=0 ulRows=0.
[2026-08-04T10:37:42Z] INFO Coupled DL scheduling deferred: sweep=1/3 slot=24/40 reason=configured_dl_symbol_allocation_not_available_in_tdd_slot policy=no_valid_harq_ack_occasion_from_current_dl_slot.
[2026-08-04T10:37:42Z] INFO Coupled DL schedule complete: sweep=1/3 slot=24/40 active=0 granted=0 grants=0.
[2026-08-04T10:37:42Z] INFO Coupled DL PDCCH qualification complete: sweep=1/3 slot=24/40 executable_grants=0.
[2026-08-04T10:37:42Z] INFO Preparing coupled DL batches: sweep=1/3 slot=24/40 candidate_grants=0 batch_size=24.
[2026-08-04T10:37:42Z] INFO Coupled UL K2 preschedule deferred: control_slot=24 reason=data_timing_rejected:target_hits_fixed_opposite_direction policy=no_valid_ul_occasion_from_current_dl_control_slot.
[2026-08-04T10:37:42Z] INFO Coupled UL queued grant lookup complete: sweep=1/3 slot=24/40 due_grants=0 pending_grants=0.
[2026-08-04T10:37:42Z] INFO Coupled canonical slot prepared: sweep=1/3 slot=25/40 duplex=UL allow_dl=0 allow_ul=1.
[2026-08-04T10:37:42Z] INFO Starting coupled pre-scheduling control gating for slot 25/120 with 4 UEs.
[2026-08-04T10:37:42Z] INFO Coupled control gating progress for slot 25/120: UE 1/4, PBCH=0 PRACH=0 SRS=0 TRS=0.
[2026-08-04T10:37:43Z] INFO Coupled control gating progress for slot 25/120: UE 2/4, PBCH=0 PRACH=0 SRS=0 TRS=0.
[2026-08-04T10:37:43Z] INFO Coupled control gating progress for slot 25/120: UE 3/4, PBCH=0 PRACH=0 SRS=0 TRS=0.
[2026-08-04T10:37:43Z] INFO Coupled control gating progress for slot 25/120: UE 4/4, PBCH=0 PRACH=0 SRS=0 TRS=0.
[2026-08-04T10:37:43Z] INFO Coupled control gating complete: slot=25 frame=2 pbch_attempts=0 prach_attempts=0 srs_attempts=0 trs_attempts=0 acquired=4/4 access=0/4 valid_srs=0/4 valid_trs_cells=0/1 tracked_serving_users=0/4 eligible=0/4.
[2026-08-04T10:37:43Z] INFO Coupled control gating complete for slot 25/120: acquired=4/4 access=0/4 valid_srs=0/4 valid_trs_cells=0/1 tracked_serving_users=0/4 eligible=0/4.
[2026-08-04T10:37:43Z] INFO UL coupled publish: operating_point 1/3 configured_label_snr_dB=-20.000 ue=0/4 dlDirectionalFrames=0/40 ulDirectionalFrames=0/40 dlRows=0 ulRows=0.
[2026-08-04T10:37:43Z] INFO Coupled UL queued grant lookup complete: sweep=1/3 slot=25/40 due_grants=0 pending_grants=0.
[2026-08-04T10:37:43Z] INFO Coupled canonical slot prepared: sweep=1/3 slot=26/40 duplex=DL allow_dl=1 allow_ul=0.
[2026-08-04T10:37:43Z] INFO Starting coupled pre-scheduling control gating for slot 26/120 with 4 UEs.
[2026-08-04T10:37:43Z] INFO Coupled control gating progress for slot 26/120: UE 1/4, PBCH=0 PRACH=0 SRS=0 TRS=0.
[2026-08-04T10:37:43Z] INFO Coupled control gating progress for slot 26/120: UE 2/4, PBCH=0 PRACH=0 SRS=0 TRS=0.
[2026-08-04T10:37:44Z] INFO Coupled control gating progress for slot 26/120: UE 3/4, PBCH=0 PRACH=0 SRS=0 TRS=0.
[2026-08-04T10:37:44Z] INFO Coupled control gating progress for slot 26/120: UE 4/4, PBCH=0 PRACH=0 SRS=0 TRS=0.
[2026-08-04T10:37:44Z] INFO Coupled control gating complete: slot=26 frame=2 pbch_attempts=0 prach_attempts=0 srs_attempts=0 trs_attempts=0 acquired=4/4 access=0/4 valid_srs=0/4 valid_trs_cells=0/1 tracked_serving_users=0/4 eligible=0/4.
[2026-08-04T10:37:44Z] INFO Coupled control gating complete for slot 26/120: acquired=4/4 access=0/4 valid_srs=0/4 valid_trs_cells=0/1 tracked_serving_users=0/4 eligible=0/4.
[2026-08-04T10:37:44Z] INFO DL coupled publish: operating_point 1/3 configured_label_snr_dB=-20.000 ue=0/4 dlDirectionalFrames=0/40 ulDirectionalFrames=0/40 dlRows=0 ulRows=0.
[2026-08-04T10:37:44Z] INFO Coupled DL schedule complete: sweep=1/3 slot=26/40 active=0 granted=0 grants=0.
[2026-08-04T10:37:44Z] INFO Coupled DL PDCCH qualification complete: sweep=1/3 slot=26/40 executable_grants=0.
[2026-08-04T10:37:44Z] INFO Preparing coupled DL batches: sweep=1/3 slot=26/40 candidate_grants=0 batch_size=24.
[2026-08-04T10:37:44Z] INFO Coupled UL K2 preschedule complete: control_slot=26 due_slot=30 k2=4 active=0 granted=0 grants=0.
[2026-08-04T10:37:44Z] INFO Coupled canonical slot prepared: sweep=1/3 slot=27/40 duplex=DL allow_dl=1 allow_ul=0.
[2026-08-04T10:37:44Z] INFO Starting coupled pre-scheduling control gating for slot 27/120 with 4 UEs.
[2026-08-04T10:37:44Z] INFO Coupled control gating progress for slot 27/120: UE 1/4, PBCH=0 PRACH=0 SRS=0 TRS=0.
[2026-08-04T10:37:45Z] INFO Coupled control gating progress for slot 27/120: UE 2/4, PBCH=0 PRACH=0 SRS=0 TRS=0.
[2026-08-04T10:37:45Z] INFO Coupled control gating progress for slot 27/120: UE 3/4, PBCH=0 PRACH=0 SRS=0 TRS=0.
[2026-08-04T10:37:45Z] INFO Coupled control gating progress for slot 27/120: UE 4/4, PBCH=0 PRACH=0 SRS=0 TRS=0.
[2026-08-04T10:37:45Z] INFO Coupled control gating complete: slot=27 frame=2 pbch_attempts=0 prach_attempts=0 srs_attempts=0 trs_attempts=0 acquired=4/4 access=0/4 valid_srs=0/4 valid_trs_cells=0/1 tracked_serving_users=0/4 eligible=0/4.
[2026-08-04T10:37:45Z] INFO Coupled control gating complete for slot 27/120: acquired=4/4 access=0/4 valid_srs=0/4 valid_trs_cells=0/1 tracked_serving_users=0/4 eligible=0/4.
[2026-08-04T10:37:45Z] INFO DL coupled publish: operating_point 1/3 configured_label_snr_dB=-20.000 ue=0/4 dlDirectionalFrames=0/40 ulDirectionalFrames=0/40 dlRows=0 ulRows=0.
[2026-08-04T10:37:45Z] INFO Coupled DL schedule complete: sweep=1/3 slot=27/40 active=0 granted=0 grants=0.
[2026-08-04T10:37:45Z] INFO Coupled DL PDCCH qualification complete: sweep=1/3 slot=27/40 executable_grants=0.
[2026-08-04T10:37:45Z] INFO Preparing coupled DL batches: sweep=1/3 slot=27/40 candidate_grants=0 batch_size=24.
[2026-08-04T10:37:45Z] INFO Coupled UL K2 preschedule deferred: control_slot=27 reason=data_timing_rejected:target_hits_fixed_opposite_direction policy=no_valid_ul_occasion_from_current_dl_control_slot.
[2026-08-04T10:37:45Z] INFO Coupled canonical slot prepared: sweep=1/3 slot=28/40 duplex=DL allow_dl=1 allow_ul=0.
[2026-08-04T10:37:45Z] INFO Starting coupled pre-scheduling control gating for slot 28/120 with 4 UEs.
[2026-08-04T10:37:45Z] INFO Coupled control gating progress for slot 28/120: UE 1/4, PBCH=0 PRACH=0 SRS=0 TRS=0.
[2026-08-04T10:37:45Z] INFO Coupled control gating progress for slot 28/120: UE 2/4, PBCH=0 PRACH=0 SRS=0 TRS=0.
[2026-08-04T10:37:46Z] INFO Coupled control gating progress for slot 28/120: UE 3/4, PBCH=0 PRACH=0 SRS=0 TRS=0.
[2026-08-04T10:37:46Z] INFO Coupled control gating progress for slot 28/120: UE 4/4, PBCH=0 PRACH=0 SRS=0 TRS=0.
[2026-08-04T10:37:46Z] INFO Coupled control gating complete: slot=28 frame=2 pbch_attempts=0 prach_attempts=0 srs_attempts=0 trs_attempts=0 acquired=4/4 access=0/4 valid_srs=0/4 valid_trs_cells=0/1 tracked_serving_users=0/4 eligible=0/4.
[2026-08-04T10:37:46Z] INFO Coupled control gating complete for slot 28/120: acquired=4/4 access=0/4 valid_srs=0/4 valid_trs_cells=0/1 tracked_serving_users=0/4 eligible=0/4.
[2026-08-04T10:37:46Z] INFO DL coupled publish: operating_point 1/3 configured_label_snr_dB=-20.000 ue=0/4 dlDirectionalFrames=0/40 ulDirectionalFrames=0/40 dlRows=0 ulRows=0.
[2026-08-04T10:37:46Z] INFO Coupled DL schedule complete: sweep=1/3 slot=28/40 active=0 granted=0 grants=0.
[2026-08-04T10:37:46Z] INFO Coupled DL PDCCH qualification complete: sweep=1/3 slot=28/40 executable_grants=0.
[2026-08-04T10:37:46Z] INFO Preparing coupled DL batches: sweep=1/3 slot=28/40 candidate_grants=0 batch_size=24.
[2026-08-04T10:37:46Z] INFO Coupled UL K2 preschedule deferred: control_slot=28 reason=data_timing_rejected:target_hits_fixed_opposite_direction policy=no_valid_ul_occasion_from_current_dl_control_slot.
[2026-08-04T10:37:46Z] INFO Coupled canonical slot prepared: sweep=1/3 slot=29/40 duplex=FLEXIBLE_OR_MIXED allow_dl=1 allow_ul=1.
[2026-08-04T10:37:46Z] INFO Starting coupled pre-scheduling control gating for slot 29/120 with 4 UEs.
[2026-08-04T10:37:46Z] INFO Coupled control gating progress for slot 29/120: UE 1/4, PBCH=0 PRACH=0 SRS=0 TRS=0.
[2026-08-04T10:37:46Z] INFO Coupled control gating progress for slot 29/120: UE 2/4, PBCH=0 PRACH=0 SRS=0 TRS=0.
[2026-08-04T10:37:47Z] INFO Coupled control gating progress for slot 29/120: UE 3/4, PBCH=0 PRACH=0 SRS=0 TRS=0.
[2026-08-04T10:37:47Z] INFO Coupled control gating progress for slot 29/120: UE 4/4, PBCH=0 PRACH=0 SRS=0 TRS=0.
[2026-08-04T10:37:47Z] INFO Coupled control gating complete: slot=29 frame=2 pbch_attempts=0 prach_attempts=0 srs_attempts=0 trs_attempts=0 acquired=4/4 access=0/4 valid_srs=0/4 valid_trs_cells=0/1 tracked_serving_users=0/4 eligible=0/4.
[2026-08-04T10:37:47Z] INFO Coupled control gating complete for slot 29/120: acquired=4/4 access=0/4 valid_srs=0/4 valid_trs_cells=0/1 tracked_serving_users=0/4 eligible=0/4.
[2026-08-04T10:37:47Z] INFO DL coupled publish: operating_point 1/3 configured_label_snr_dB=-20.000 ue=0/4 dlDirectionalFrames=0/40 ulDirectionalFrames=0/40 dlRows=0 ulRows=0.
[2026-08-04T10:37:47Z] INFO Coupled DL scheduling deferred: sweep=1/3 slot=29/40 reason=configured_dl_symbol_allocation_not_available_in_tdd_slot policy=no_valid_harq_ack_occasion_from_current_dl_slot.
[2026-08-04T10:37:47Z] INFO Coupled DL schedule complete: sweep=1/3 slot=29/40 active=0 granted=0 grants=0.
[2026-08-04T10:37:47Z] INFO Coupled DL PDCCH qualification complete: sweep=1/3 slot=29/40 executable_grants=0.
[2026-08-04T10:37:47Z] INFO Preparing coupled DL batches: sweep=1/3 slot=29/40 candidate_grants=0 batch_size=24.
[2026-08-04T10:37:47Z] INFO Coupled UL K2 preschedule deferred: control_slot=29 reason=data_timing_rejected:target_hits_fixed_opposite_direction policy=no_valid_ul_occasion_from_current_dl_control_slot.
[2026-08-04T10:37:47Z] INFO Coupled UL queued grant lookup complete: sweep=1/3 slot=29/40 due_grants=0 pending_grants=0.
[2026-08-04T10:37:47Z] INFO Coupled canonical slot prepared: sweep=1/3 slot=30/40 duplex=UL allow_dl=0 allow_ul=1.
[2026-08-04T10:37:47Z] INFO Starting coupled pre-scheduling control gating for slot 30/120 with 4 UEs.
[2026-08-04T10:37:52Z] INFO Coupled PRACH result: slot=30 ue=1 status=FAIL crc=0 ra_completed=false strict_ok=false tx_preamble=0 detected_preamble=? failure=preamble_not_detected.
[2026-08-04T10:37:52Z] INFO Coupled PRACH RA PDSCH evidence: slot=30 ue=1 msg2_crc=0 msg2_layers=? msg2_cfg_ports=? msg2_resolved_ports=? msg2_explicit_matrix=false msg2_precoding=/ msg2_tx_power_dBm=46 msg2_amp_scale=? msg2_timing_used=false msg2_timing=? msg2_posteq_sinr_dB=? msg2_hest_sinr_dB=? msg2_llr_finite=false msg4_crc=0 msg4_layers=? msg4_cfg_ports=? msg4_resolved_ports=? msg4_tx_power_dBm=46 msg4_amp_scale=?.
[2026-08-04T10:37:52Z] INFO Coupled control gating progress for slot 30/120: UE 1/4, PBCH=0 PRACH=1 SRS=0 TRS=0.
[2026-08-04T10:37:56Z] INFO Coupled PRACH result: slot=30 ue=2 status=FAIL crc=0 ra_completed=false strict_ok=false tx_preamble=1 detected_preamble=? failure=preamble_not_detected.
[2026-08-04T10:37:56Z] INFO Coupled PRACH RA PDSCH evidence: slot=30 ue=2 msg2_crc=0 msg2_layers=? msg2_cfg_ports=? msg2_resolved_ports=? msg2_explicit_matrix=false msg2_precoding=/ msg2_tx_power_dBm=46 msg2_amp_scale=? msg2_timing_used=false msg2_timing=? msg2_posteq_sinr_dB=? msg2_hest_sinr_dB=? msg2_llr_finite=false msg4_crc=0 msg4_layers=? msg4_cfg_ports=? msg4_resolved_ports=? msg4_tx_power_dBm=46 msg4_amp_scale=?.
[2026-08-04T10:37:56Z] INFO Coupled control gating progress for slot 30/120: UE 2/4, PBCH=0 PRACH=2 SRS=0 TRS=0.
[2026-08-04T10:38:01Z] INFO Coupled PRACH result: slot=30 ue=3 status=FAIL crc=0 ra_completed=false strict_ok=false tx_preamble=2 detected_preamble=? failure=preamble_not_detected.
[2026-08-04T10:38:01Z] INFO Coupled PRACH RA PDSCH evidence: slot=30 ue=3 msg2_crc=0 msg2_layers=? msg2_cfg_ports=? msg2_resolved_ports=? msg2_explicit_matrix=false msg2_precoding=/ msg2_tx_power_dBm=46 msg2_amp_scale=? msg2_timing_used=false msg2_timing=? msg2_posteq_sinr_dB=? msg2_hest_sinr_dB=? msg2_llr_finite=false msg4_crc=0 msg4_layers=? msg4_cfg_ports=? msg4_resolved_ports=? msg4_tx_power_dBm=46 msg4_amp_scale=?.
[2026-08-04T10:38:01Z] INFO Coupled control gating progress for slot 30/120: UE 3/4, PBCH=0 PRACH=3 SRS=0 TRS=0.
[2026-08-04T10:38:05Z] INFO Coupled PRACH result: slot=30 ue=4 status=FAIL crc=0 ra_completed=false strict_ok=false tx_preamble=3 detected_preamble=? failure=preamble_not_detected.
[2026-08-04T10:38:05Z] INFO Coupled PRACH RA PDSCH evidence: slot=30 ue=4 msg2_crc=0 msg2_layers=? msg2_cfg_ports=? msg2_resolved_ports=? msg2_explicit_matrix=false msg2_precoding=/ msg2_tx_power_dBm=46 msg2_amp_scale=? msg2_timing_used=false msg2_timing=? msg2_posteq_sinr_dB=? msg2_hest_sinr_dB=? msg2_llr_finite=false msg4_crc=0 msg4_layers=? msg4_cfg_ports=? msg4_resolved_ports=? msg4_tx_power_dBm=46 msg4_amp_scale=?.
[2026-08-04T10:38:05Z] INFO Coupled control gating progress for slot 30/120: UE 4/4, PBCH=0 PRACH=4 SRS=0 TRS=0.
[2026-08-04T10:38:05Z] INFO Coupled control gating complete: slot=30 frame=2 pbch_attempts=0 prach_attempts=4 srs_attempts=0 trs_attempts=0 acquired=4/4 access=0/4 valid_srs=0/4 valid_trs_cells=0/1 tracked_serving_users=0/4 eligible=0/4.
[2026-08-04T10:38:05Z] INFO Coupled control gating complete for slot 30/120: acquired=4/4 access=0/4 valid_srs=0/4 valid_trs_cells=0/1 tracked_serving_users=0/4 eligible=0/4.
[2026-08-04T10:38:05Z] INFO UL coupled publish: operating_point 1/3 configured_label_snr_dB=-20.000 ue=0/4 dlDirectionalFrames=0/40 ulDirectionalFrames=0/40 dlRows=0 ulRows=0.
[2026-08-04T10:38:05Z] INFO Coupled UL queued grant lookup complete: sweep=1/3 slot=30/40 due_grants=0 pending_grants=0.
[2026-08-04T10:38:05Z] INFO Coupled canonical slot prepared: sweep=1/3 slot=31/40 duplex=DL allow_dl=1 allow_ul=0.
[2026-08-04T10:38:05Z] INFO Starting coupled pre-scheduling control gating for slot 31/120 with 4 UEs.
[2026-08-04T10:38:05Z] INFO Coupled control gating progress for slot 31/120: UE 1/4, PBCH=0 PRACH=0 SRS=0 TRS=0.
[2026-08-04T10:38:06Z] INFO Coupled control gating progress for slot 31/120: UE 2/4, PBCH=0 PRACH=0 SRS=0 TRS=0.
[2026-08-04T10:38:06Z] INFO Coupled control gating progress for slot 31/120: UE 3/4, PBCH=0 PRACH=0 SRS=0 TRS=0.
[2026-08-04T10:38:06Z] INFO Coupled control gating progress for slot 31/120: UE 4/4, PBCH=0 PRACH=0 SRS=0 TRS=0.
[2026-08-04T10:38:06Z] INFO Coupled control gating complete: slot=31 frame=2 pbch_attempts=0 prach_attempts=0 srs_attempts=0 trs_attempts=0 acquired=4/4 access=0/4 valid_srs=0/4 valid_trs_cells=0/1 tracked_serving_users=0/4 eligible=0/4.
[2026-08-04T10:38:06Z] INFO Coupled control gating complete for slot 31/120: acquired=4/4 access=0/4 valid_srs=0/4 valid_trs_cells=0/1 tracked_serving_users=0/4 eligible=0/4.
[2026-08-04T10:38:06Z] INFO DL coupled publish: operating_point 1/3 configured_label_snr_dB=-20.000 ue=0/4 dlDirectionalFrames=0/40 ulDirectionalFrames=0/40 dlRows=0 ulRows=0.
[2026-08-04T10:38:06Z] INFO Coupled DL schedule complete: sweep=1/3 slot=31/40 active=0 granted=0 grants=0.
[2026-08-04T10:38:06Z] INFO Coupled DL PDCCH qualification complete: sweep=1/3 slot=31/40 executable_grants=0.
[2026-08-04T10:38:06Z] INFO Preparing coupled DL batches: sweep=1/3 slot=31/40 candidate_grants=0 batch_size=24.
[2026-08-04T10:38:06Z] INFO Coupled UL K2 preschedule complete: control_slot=31 due_slot=35 k2=4 active=0 granted=0 grants=0.
[2026-08-04T10:38:06Z] INFO Coupled canonical slot prepared: sweep=1/3 slot=32/40 duplex=DL allow_dl=1 allow_ul=0.
[2026-08-04T10:38:06Z] INFO Starting coupled pre-scheduling control gating for slot 32/120 with 4 UEs.
[2026-08-04T10:38:07Z] INFO Coupled control gating progress for slot 32/120: UE 1/4, PBCH=0 PRACH=0 SRS=0 TRS=0.
[2026-08-04T10:38:07Z] INFO Coupled control gating progress for slot 32/120: UE 2/4, PBCH=0 PRACH=0 SRS=0 TRS=0.
[2026-08-04T10:38:07Z] INFO Coupled control gating progress for slot 32/120: UE 3/4, PBCH=0 PRACH=0 SRS=0 TRS=0.
[2026-08-04T10:38:07Z] INFO Coupled control gating progress for slot 32/120: UE 4/4, PBCH=0 PRACH=0 SRS=0 TRS=0.
[2026-08-04T10:38:07Z] INFO Coupled control gating complete: slot=32 frame=2 pbch_attempts=0 prach_attempts=0 srs_attempts=0 trs_attempts=0 acquired=4/4 access=0/4 valid_srs=0/4 valid_trs_cells=0/1 tracked_serving_users=0/4 eligible=0/4.
[2026-08-04T10:38:07Z] INFO Coupled control gating complete for slot 32/120: acquired=4/4 access=0/4 valid_srs=0/4 valid_trs_cells=0/1 tracked_serving_users=0/4 eligible=0/4.
[2026-08-04T10:38:07Z] INFO DL coupled publish: operating_point 1/3 configured_label_snr_dB=-20.000 ue=0/4 dlDirectionalFrames=0/40 ulDirectionalFrames=0/40 dlRows=0 ulRows=0.
[2026-08-04T10:38:07Z] INFO Coupled DL schedule complete: sweep=1/3 slot=32/40 active=0 granted=0 grants=0.
[2026-08-04T10:38:07Z] INFO Coupled DL PDCCH qualification complete: sweep=1/3 slot=32/40 executable_grants=0.
[2026-08-04T10:38:07Z] INFO Preparing coupled DL batches: sweep=1/3 slot=32/40 candidate_grants=0 batch_size=24.
[2026-08-04T10:38:07Z] INFO Coupled UL K2 preschedule deferred: control_slot=32 reason=data_timing_rejected:target_hits_fixed_opposite_direction policy=no_valid_ul_occasion_from_current_dl_control_slot.
[2026-08-04T10:38:07Z] INFO Coupled canonical slot prepared: sweep=1/3 slot=33/40 duplex=DL allow_dl=1 allow_ul=0.
[2026-08-04T10:38:07Z] INFO Starting coupled pre-scheduling control gating for slot 33/120 with 4 UEs.
[2026-08-04T10:38:07Z] INFO Coupled control gating progress for slot 33/120: UE 1/4, PBCH=0 PRACH=0 SRS=0 TRS=0.
[2026-08-04T10:38:08Z] INFO Coupled control gating progress for slot 33/120: UE 2/4, PBCH=0 PRACH=0 SRS=0 TRS=0.
[2026-08-04T10:38:08Z] INFO Coupled control gating progress for slot 33/120: UE 3/4, PBCH=0 PRACH=0 SRS=0 TRS=0.
[2026-08-04T10:38:08Z] INFO Coupled control gating progress for slot 33/120: UE 4/4, PBCH=0 PRACH=0 SRS=0 TRS=0.
[2026-08-04T10:38:08Z] INFO Coupled control gating complete: slot=33 frame=2 pbch_attempts=0 prach_attempts=0 srs_attempts=0 trs_attempts=0 acquired=4/4 access=0/4 valid_srs=0/4 valid_trs_cells=0/1 tracked_serving_users=0/4 eligible=0/4.
[2026-08-04T10:38:08Z] INFO Coupled control gating complete for slot 33/120: acquired=4/4 access=0/4 valid_srs=0/4 valid_trs_cells=0/1 tracked_serving_users=0/4 eligible=0/4.
[2026-08-04T10:38:08Z] INFO DL coupled publish: operating_point 1/3 configured_label_snr_dB=-20.000 ue=0/4 dlDirectionalFrames=0/40 ulDirectionalFrames=0/40 dlRows=0 ulRows=0.
[2026-08-04T10:38:08Z] INFO Coupled DL schedule complete: sweep=1/3 slot=33/40 active=0 granted=0 grants=0.
[2026-08-04T10:38:08Z] INFO Coupled DL PDCCH qualification complete: sweep=1/3 slot=33/40 executable_grants=0.
[2026-08-04T10:38:08Z] INFO Preparing coupled DL batches: sweep=1/3 slot=33/40 candidate_grants=0 batch_size=24.
[2026-08-04T10:38:08Z] INFO Coupled UL K2 preschedule deferred: control_slot=33 reason=data_timing_rejected:target_hits_fixed_opposite_direction policy=no_valid_ul_occasion_from_current_dl_control_slot.
[2026-08-04T10:38:08Z] INFO Coupled canonical slot prepared: sweep=1/3 slot=34/40 duplex=FLEXIBLE_OR_MIXED allow_dl=1 allow_ul=1.
[2026-08-04T10:38:08Z] INFO Starting coupled pre-scheduling control gating for slot 34/120 with 4 UEs.
[2026-08-04T10:38:08Z] INFO Coupled control gating progress for slot 34/120: UE 1/4, PBCH=0 PRACH=0 SRS=0 TRS=0.
[2026-08-04T10:38:08Z] INFO Coupled control gating progress for slot 34/120: UE 2/4, PBCH=0 PRACH=0 SRS=0 TRS=0.
[2026-08-04T10:38:09Z] INFO Coupled control gating progress for slot 34/120: UE 3/4, PBCH=0 PRACH=0 SRS=0 TRS=0.
[2026-08-04T10:38:09Z] INFO Coupled control gating progress for slot 34/120: UE 4/4, PBCH=0 PRACH=0 SRS=0 TRS=0.
[2026-08-04T10:38:09Z] INFO Coupled control gating complete: slot=34 frame=2 pbch_attempts=0 prach_attempts=0 srs_attempts=0 trs_attempts=0 acquired=4/4 access=0/4 valid_srs=0/4 valid_trs_cells=0/1 tracked_serving_users=0/4 eligible=0/4.
[2026-08-04T10:38:09Z] INFO Coupled control gating complete for slot 34/120: acquired=4/4 access=0/4 valid_srs=0/4 valid_trs_cells=0/1 tracked_serving_users=0/4 eligible=0/4.
[2026-08-04T10:38:09Z] INFO DL coupled publish: operating_point 1/3 configured_label_snr_dB=-20.000 ue=0/4 dlDirectionalFrames=0/40 ulDirectionalFrames=0/40 dlRows=0 ulRows=0.
[2026-08-04T10:38:09Z] INFO Coupled DL scheduling deferred: sweep=1/3 slot=34/40 reason=configured_dl_symbol_allocation_not_available_in_tdd_slot policy=no_valid_harq_ack_occasion_from_current_dl_slot.
[2026-08-04T10:38:09Z] INFO Coupled DL schedule complete: sweep=1/3 slot=34/40 active=0 granted=0 grants=0.
[2026-08-04T10:38:09Z] INFO Coupled DL PDCCH qualification complete: sweep=1/3 slot=34/40 executable_grants=0.
[2026-08-04T10:38:09Z] INFO Preparing coupled DL batches: sweep=1/3 slot=34/40 candidate_grants=0 batch_size=24.
[2026-08-04T10:38:09Z] INFO Coupled UL K2 preschedule deferred: control_slot=34 reason=data_timing_rejected:target_hits_fixed_opposite_direction policy=no_valid_ul_occasion_from_current_dl_control_slot.
[2026-08-04T10:38:09Z] INFO Coupled UL queued grant lookup complete: sweep=1/3 slot=34/40 due_grants=0 pending_grants=0.
[2026-08-04T10:38:09Z] INFO Coupled canonical slot prepared: sweep=1/3 slot=35/40 duplex=UL allow_dl=0 allow_ul=1.
[2026-08-04T10:38:09Z] INFO Starting coupled pre-scheduling control gating for slot 35/120 with 4 UEs.
[2026-08-04T10:38:09Z] INFO Coupled control gating progress for slot 35/120: UE 1/4, PBCH=0 PRACH=0 SRS=0 TRS=0.
[2026-08-04T10:38:09Z] INFO Coupled control gating progress for slot 35/120: UE 2/4, PBCH=0 PRACH=0 SRS=0 TRS=0.
[2026-08-04T10:38:10Z] INFO Coupled control gating progress for slot 35/120: UE 3/4, PBCH=0 PRACH=0 SRS=0 TRS=0.
[2026-08-04T10:38:10Z] INFO Coupled control gating progress for slot 35/120: UE 4/4, PBCH=0 PRACH=0 SRS=0 TRS=0.
[2026-08-04T10:38:10Z] INFO Coupled control gating complete: slot=35 frame=2 pbch_attempts=0 prach_attempts=0 srs_attempts=0 trs_attempts=0 acquired=4/4 access=0/4 valid_srs=0/4 valid_trs_cells=0/1 tracked_serving_users=0/4 eligible=0/4.
[2026-08-04T10:38:10Z] INFO Coupled control gating complete for slot 35/120: acquired=4/4 access=0/4 valid_srs=0/4 valid_trs_cells=0/1 tracked_serving_users=0/4 eligible=0/4.
[2026-08-04T10:38:10Z] INFO UL coupled publish: operating_point 1/3 configured_label_snr_dB=-20.000 ue=0/4 dlDirectionalFrames=0/40 ulDirectionalFrames=0/40 dlRows=0 ulRows=0.
[2026-08-04T10:38:10Z] INFO Coupled UL queued grant lookup complete: sweep=1/3 slot=35/40 due_grants=0 pending_grants=0.
[2026-08-04T10:38:10Z] INFO Coupled canonical slot prepared: sweep=1/3 slot=36/40 duplex=DL allow_dl=1 allow_ul=0.
[2026-08-04T10:38:10Z] INFO Starting coupled pre-scheduling control gating for slot 36/120 with 4 UEs.
[2026-08-04T10:38:10Z] INFO Coupled control gating progress for slot 36/120: UE 1/4, PBCH=0 PRACH=0 SRS=0 TRS=0.
[2026-08-04T10:38:10Z] INFO Coupled control gating progress for slot 36/120: UE 2/4, PBCH=0 PRACH=0 SRS=0 TRS=0.
[2026-08-04T10:38:10Z] INFO Coupled control gating progress for slot 36/120: UE 3/4, PBCH=0 PRACH=0 SRS=0 TRS=0.
[2026-08-04T10:38:10Z] INFO Coupled control gating progress for slot 36/120: UE 4/4, PBCH=0 PRACH=0 SRS=0 TRS=0.
[2026-08-04T10:38:11Z] INFO Coupled control gating complete: slot=36 frame=2 pbch_attempts=0 prach_attempts=0 srs_attempts=0 trs_attempts=0 acquired=4/4 access=0/4 valid_srs=0/4 valid_trs_cells=0/1 tracked_serving_users=0/4 eligible=0/4.
[2026-08-04T10:38:11Z] INFO Coupled control gating complete for slot 36/120: acquired=4/4 access=0/4 valid_srs=0/4 valid_trs_cells=0/1 tracked_serving_users=0/4 eligible=0/4.
[2026-08-04T10:38:11Z] INFO DL coupled publish: operating_point 1/3 configured_label_snr_dB=-20.000 ue=0/4 dlDirectionalFrames=0/40 ulDirectionalFrames=0/40 dlRows=0 ulRows=0.
[2026-08-04T10:38:11Z] INFO Coupled DL schedule complete: sweep=1/3 slot=36/40 active=0 granted=0 grants=0.
[2026-08-04T10:38:11Z] INFO Coupled DL PDCCH qualification complete: sweep=1/3 slot=36/40 executable_grants=0.
[2026-08-04T10:38:11Z] INFO Preparing coupled DL batches: sweep=1/3 slot=36/40 candidate_grants=0 batch_size=24.
[2026-08-04T10:38:11Z] INFO Coupled UL K2 preschedule complete: control_slot=36 due_slot=40 k2=4 active=0 granted=0 grants=0.
[2026-08-04T10:38:11Z] INFO Coupled canonical slot prepared: sweep=1/3 slot=37/40 duplex=DL allow_dl=1 allow_ul=0.
[2026-08-04T10:38:11Z] INFO Starting coupled pre-scheduling control gating for slot 37/120 with 4 UEs.
[2026-08-04T10:38:11Z] INFO Coupled control gating progress for slot 37/120: UE 1/4, PBCH=0 PRACH=0 SRS=0 TRS=0.
[2026-08-04T10:38:11Z] INFO Coupled control gating progress for slot 37/120: UE 2/4, PBCH=0 PRACH=0 SRS=0 TRS=0.
[2026-08-04T10:38:11Z] INFO Coupled control gating progress for slot 37/120: UE 3/4, PBCH=0 PRACH=0 SRS=0 TRS=0.
[2026-08-04T10:38:12Z] INFO Coupled control gating progress for slot 37/120: UE 4/4, PBCH=0 PRACH=0 SRS=0 TRS=0.
[2026-08-04T10:38:12Z] INFO Coupled control gating complete: slot=37 frame=2 pbch_attempts=0 prach_attempts=0 srs_attempts=0 trs_attempts=0 acquired=4/4 access=0/4 valid_srs=0/4 valid_trs_cells=0/1 tracked_serving_users=0/4 eligible=0/4.
[2026-08-04T10:38:12Z] INFO Coupled control gating complete for slot 37/120: acquired=4/4 access=0/4 valid_srs=0/4 valid_trs_cells=0/1 tracked_serving_users=0/4 eligible=0/4.
[2026-08-04T10:38:12Z] INFO DL coupled publish: operating_point 1/3 configured_label_snr_dB=-20.000 ue=0/4 dlDirectionalFrames=0/40 ulDirectionalFrames=0/40 dlRows=0 ulRows=0.
[2026-08-04T10:38:12Z] INFO Coupled DL schedule complete: sweep=1/3 slot=37/40 active=0 granted=0 grants=0.
[2026-08-04T10:38:12Z] INFO Coupled DL PDCCH qualification complete: sweep=1/3 slot=37/40 executable_grants=0.
[2026-08-04T10:38:12Z] INFO Preparing coupled DL batches: sweep=1/3 slot=37/40 candidate_grants=0 batch_size=24.
[2026-08-04T10:38:12Z] INFO Coupled UL K2 preschedule deferred: control_slot=37 reason=data_timing_rejected:target_hits_fixed_opposite_direction policy=no_valid_ul_occasion_from_current_dl_control_slot.
[2026-08-04T10:38:12Z] INFO Coupled canonical slot prepared: sweep=1/3 slot=38/40 duplex=DL allow_dl=1 allow_ul=0.
[2026-08-04T10:38:12Z] INFO Starting coupled pre-scheduling control gating for slot 38/120 with 4 UEs.
[2026-08-04T10:38:12Z] INFO Coupled control gating progress for slot 38/120: UE 1/4, PBCH=0 PRACH=0 SRS=0 TRS=0.
[2026-08-04T10:38:12Z] INFO Coupled control gating progress for slot 38/120: UE 2/4, PBCH=0 PRACH=0 SRS=0 TRS=0.
[2026-08-04T10:38:12Z] INFO Coupled control gating progress for slot 38/120: UE 3/4, PBCH=0 PRACH=0 SRS=0 TRS=0.
[2026-08-04T10:38:13Z] INFO Coupled control gating progress for slot 38/120: UE 4/4, PBCH=0 PRACH=0 SRS=0 TRS=0.
[2026-08-04T10:38:13Z] INFO Coupled control gating complete: slot=38 frame=2 pbch_attempts=0 prach_attempts=0 srs_attempts=0 trs_attempts=0 acquired=4/4 access=0/4 valid_srs=0/4 valid_trs_cells=0/1 tracked_serving_users=0/4 eligible=0/4.
[2026-08-04T10:38:13Z] INFO Coupled control gating complete for slot 38/120: acquired=4/4 access=0/4 valid_srs=0/4 valid_trs_cells=0/1 tracked_serving_users=0/4 eligible=0/4.
[2026-08-04T10:38:13Z] INFO DL coupled publish: operating_point 1/3 configured_label_snr_dB=-20.000 ue=0/4 dlDirectionalFrames=0/40 ulDirectionalFrames=0/40 dlRows=0 ulRows=0.
[2026-08-04T10:38:13Z] INFO Coupled DL schedule complete: sweep=1/3 slot=38/40 active=0 granted=0 grants=0.
[2026-08-04T10:38:13Z] INFO Coupled DL PDCCH qualification complete: sweep=1/3 slot=38/40 executable_grants=0.
[2026-08-04T10:38:13Z] INFO Preparing coupled DL batches: sweep=1/3 slot=38/40 candidate_grants=0 batch_size=24.
[2026-08-04T10:38:13Z] INFO Coupled UL K2 preschedule deferred: control_slot=38 reason=data_timing_rejected:target_hits_fixed_opposite_direction policy=no_valid_ul_occasion_from_current_dl_control_slot.
[2026-08-04T10:38:13Z] INFO Coupled canonical slot prepared: sweep=1/3 slot=39/40 duplex=FLEXIBLE_OR_MIXED allow_dl=1 allow_ul=1.
[2026-08-04T10:38:13Z] INFO Starting coupled pre-scheduling control gating for slot 39/120 with 4 UEs.
[2026-08-04T10:38:13Z] INFO Coupled control gating progress for slot 39/120: UE 1/4, PBCH=0 PRACH=0 SRS=0 TRS=0.
[2026-08-04T10:38:13Z] INFO Coupled control gating progress for slot 39/120: UE 2/4, PBCH=0 PRACH=0 SRS=0 TRS=0.
[2026-08-04T10:38:14Z] INFO Coupled control gating progress for slot 39/120: UE 3/4, PBCH=0 PRACH=0 SRS=0 TRS=0.
[2026-08-04T10:38:14Z] INFO Coupled control gating progress for slot 39/120: UE 4/4, PBCH=0 PRACH=0 SRS=0 TRS=0.
[2026-08-04T10:38:14Z] INFO Coupled control gating complete: slot=39 frame=2 pbch_attempts=0 prach_attempts=0 srs_attempts=0 trs_attempts=0 acquired=4/4 access=0/4 valid_srs=0/4 valid_trs_cells=0/1 tracked_serving_users=0/4 eligible=0/4.
[2026-08-04T10:38:14Z] INFO Coupled control gating complete for slot 39/120: acquired=4/4 access=0/4 valid_srs=0/4 valid_trs_cells=0/1 tracked_serving_users=0/4 eligible=0/4.
[2026-08-04T10:38:14Z] INFO DL coupled publish: operating_point 1/3 configured_label_snr_dB=-20.000 ue=0/4 dlDirectionalFrames=0/40 ulDirectionalFrames=0/40 dlRows=0 ulRows=0.
[2026-08-04T10:38:14Z] INFO Coupled DL scheduling deferred: sweep=1/3 slot=39/40 reason=configured_dl_symbol_allocation_not_available_in_tdd_slot policy=no_valid_harq_ack_occasion_from_current_dl_slot.
[2026-08-04T10:38:14Z] INFO Coupled DL schedule complete: sweep=1/3 slot=39/40 active=0 granted=0 grants=0.
[2026-08-04T10:38:14Z] INFO Coupled DL PDCCH qualification complete: sweep=1/3 slot=39/40 executable_grants=0.
[2026-08-04T10:38:14Z] INFO Preparing coupled DL batches: sweep=1/3 slot=39/40 candidate_grants=0 batch_size=24.
[2026-08-04T10:38:14Z] INFO Coupled UL K2 preschedule deferred: control_slot=39 reason=data_timing_rejected:target_hits_fixed_opposite_direction policy=no_valid_ul_occasion_from_current_dl_control_slot.
[2026-08-04T10:38:15Z] INFO Coupled UL queued grant lookup complete: sweep=1/3 slot=39/40 due_grants=0 pending_grants=0.
[2026-08-04T10:38:15Z] INFO Coupled canonical slot prepared: sweep=1/3 slot=40/40 duplex=UL allow_dl=0 allow_ul=1.
[2026-08-04T10:38:15Z] INFO Starting coupled pre-scheduling control gating for slot 40/120 with 4 UEs.
[2026-08-04T10:38:15Z] INFO Coupled control gating progress for slot 40/120: UE 1/4, PBCH=0 PRACH=0 SRS=0 TRS=0.
[2026-08-04T10:38:15Z] INFO Coupled control gating progress for slot 40/120: UE 2/4, PBCH=0 PRACH=0 SRS=0 TRS=0.
[2026-08-04T10:38:15Z] INFO Coupled control gating progress for slot 40/120: UE 3/4, PBCH=0 PRACH=0 SRS=0 TRS=0.
[2026-08-04T10:38:15Z] INFO Coupled control gating progress for slot 40/120: UE 4/4, PBCH=0 PRACH=0 SRS=0 TRS=0.
[2026-08-04T10:38:15Z] INFO Coupled control gating complete: slot=40 frame=2 pbch_attempts=0 prach_attempts=0 srs_attempts=0 trs_attempts=0 acquired=4/4 access=0/4 valid_srs=0/4 valid_trs_cells=0/1 tracked_serving_users=0/4 eligible=0/4.
[2026-08-04T10:38:15Z] INFO Coupled control gating complete for slot 40/120: acquired=4/4 access=0/4 valid_srs=0/4 valid_trs_cells=0/1 tracked_serving_users=0/4 eligible=0/4.
[2026-08-04T10:38:16Z] INFO UL coupled publish: operating_point 1/3 configured_label_snr_dB=-20.000 ue=0/4 dlDirectionalFrames=0/40 ulDirectionalFrames=0/40 dlRows=0 ulRows=0.
[2026-08-04T10:38:16Z] INFO Coupled UL queued grant lookup complete: sweep=1/3 slot=40/40 due_grants=0 pending_grants=0.
[2026-08-04T10:38:16Z] INFO DL raw trial sweep progress: point 1/3, configured operating-point label -20.000 dB (not a measured SINR); PostEqSINR_dB pending; MeasuredTrialSINR_dB pending; ReceiverHestSINR_dB pending, rows=0.
[2026-08-04T10:38:16Z] INFO UL raw trial sweep progress: point 1/3, configured operating-point label -20.000 dB (not a measured SINR); PostEqSINR_dB pending; MeasuredTrialSINR_dB pending; ReceiverHestSINR_dB pending, rows=0.
[2026-08-04T10:38:16Z] INFO Reset causal HARQ, channel, reference-measurement, scheduler, link-adaptation and traffic-queue state at independent fixed-SNR point boundary: sweep=2/3 start_slot=41 snr_db=0.000 policy=independent_link_state_per_point.
[2026-08-04T10:38:16Z] INFO Coupled canonical slot prepared: sweep=2/3 slot=1/40 duplex=DL allow_dl=1 allow_ul=0.
[2026-08-04T10:38:16Z] INFO Starting coupled pre-scheduling control gating for slot 41/120 with 4 UEs.
[2026-08-04T10:38:18Z] INFO Coupled control gating progress for slot 41/120: UE 1/4, PBCH=0 PRACH=0 SRS=0 TRS=1.
[2026-08-04T10:38:18Z] INFO Coupled control gating progress for slot 41/120: UE 2/4, PBCH=0 PRACH=0 SRS=0 TRS=1.
[2026-08-04T10:38:18Z] INFO Coupled control gating progress for slot 41/120: UE 3/4, PBCH=0 PRACH=0 SRS=0 TRS=1.
[2026-08-04T10:38:19Z] INFO Coupled control gating progress for slot 41/120: UE 4/4, PBCH=0 PRACH=0 SRS=0 TRS=1.
[2026-08-04T10:38:19Z] INFO Coupled control gating complete: slot=41 frame=3 pbch_attempts=0 prach_attempts=0 srs_attempts=0 trs_attempts=1 acquired=4/4 access=0/4 valid_srs=0/4 valid_trs_cells=1/1 tracked_serving_users=4/4 eligible=0/4.
[2026-08-04T10:38:19Z] INFO Coupled control gating complete for slot 41/120: acquired=4/4 access=0/4 valid_srs=0/4 valid_trs_cells=1/1 tracked_serving_users=4/4 eligible=0/4.
[2026-08-04T10:38:19Z] INFO DL coupled publish: operating_point 2/3 configured_label_snr_dB=0.000 ue=0/4 dlDirectionalFrames=0/40 ulDirectionalFrames=0/40 dlRows=0 ulRows=0.
[2026-08-04T10:38:19Z] INFO Coupled DL schedule complete: sweep=2/3 slot=1/40 active=0 granted=0 grants=0.
[2026-08-04T10:38:19Z] INFO Coupled DL PDCCH qualification complete: sweep=2/3 slot=1/40 executable_grants=0.
[2026-08-04T10:38:19Z] INFO Preparing coupled DL batches: sweep=2/3 slot=1/40 candidate_grants=0 batch_size=24.
[2026-08-04T10:38:19Z] INFO Coupled UL K2 preschedule complete: control_slot=41 due_slot=45 k2=4 active=0 granted=0 grants=0.
[2026-08-04T10:38:19Z] INFO Coupled canonical slot prepared: sweep=2/3 slot=2/40 duplex=DL allow_dl=1 allow_ul=0.
[2026-08-04T10:38:19Z] INFO Starting coupled pre-scheduling control gating for slot 42/120 with 4 UEs.
[2026-08-04T10:38:19Z] INFO Coupled control gating progress for slot 42/120: UE 1/4, PBCH=0 PRACH=0 SRS=0 TRS=0.
[2026-08-04T10:38:19Z] INFO Coupled control gating progress for slot 42/120: UE 2/4, PBCH=0 PRACH=0 SRS=0 TRS=0.
[2026-08-04T10:38:20Z] INFO Coupled control gating progress for slot 42/120: UE 3/4, PBCH=0 PRACH=0 SRS=0 TRS=0.
[2026-08-04T10:38:20Z] INFO Coupled control gating progress for slot 42/120: UE 4/4, PBCH=0 PRACH=0 SRS=0 TRS=0.
[2026-08-04T10:38:20Z] INFO Coupled control gating complete: slot=42 frame=3 pbch_attempts=0 prach_attempts=0 srs_attempts=0 trs_attempts=0 acquired=4/4 access=0/4 valid_srs=0/4 valid_trs_cells=1/1 tracked_serving_users=4/4 eligible=0/4.
[2026-08-04T10:38:20Z] INFO Coupled control gating complete for slot 42/120: acquired=4/4 access=0/4 valid_srs=0/4 valid_trs_cells=1/1 tracked_serving_users=4/4 eligible=0/4.
[2026-08-04T10:38:20Z] INFO DL coupled publish: operating_point 2/3 configured_label_snr_dB=0.000 ue=0/4 dlDirectionalFrames=0/40 ulDirectionalFrames=0/40 dlRows=0 ulRows=0.
[2026-08-04T10:38:20Z] INFO Coupled DL schedule complete: sweep=2/3 slot=2/40 active=0 granted=0 grants=0.
[2026-08-04T10:38:20Z] INFO Coupled DL PDCCH qualification complete: sweep=2/3 slot=2/40 executable_grants=0.
[2026-08-04T10:38:20Z] INFO Preparing coupled DL batches: sweep=2/3 slot=2/40 candidate_grants=0 batch_size=24.
[2026-08-04T10:38:20Z] INFO Coupled UL K2 preschedule deferred: control_slot=42 reason=data_timing_rejected:target_hits_fixed_opposite_direction policy=no_valid_ul_occasion_from_current_dl_control_slot.
[2026-08-04T10:38:20Z] INFO Coupled canonical slot prepared: sweep=2/3 slot=3/40 duplex=DL allow_dl=1 allow_ul=0.
[2026-08-04T10:38:20Z] INFO Starting coupled pre-scheduling control gating for slot 43/120 with 4 UEs.
[2026-08-04T10:38:20Z] INFO Coupled control gating progress for slot 43/120: UE 1/4, PBCH=0 PRACH=0 SRS=0 TRS=0.
[2026-08-04T10:38:21Z] INFO Coupled control gating progress for slot 43/120: UE 2/4, PBCH=0 PRACH=0 SRS=0 TRS=0.
[2026-08-04T10:38:21Z] INFO Coupled control gating progress for slot 43/120: UE 3/4, PBCH=0 PRACH=0 SRS=0 TRS=0.
[2026-08-04T10:38:21Z] INFO Coupled control gating progress for slot 43/120: UE 4/4, PBCH=0 PRACH=0 SRS=0 TRS=0.
[2026-08-04T10:38:21Z] INFO Coupled control gating complete: slot=43 frame=3 pbch_attempts=0 prach_attempts=0 srs_attempts=0 trs_attempts=0 acquired=4/4 access=0/4 valid_srs=0/4 valid_trs_cells=1/1 tracked_serving_users=4/4 eligible=0/4.
[2026-08-04T10:38:21Z] INFO Coupled control gating complete for slot 43/120: acquired=4/4 access=0/4 valid_srs=0/4 valid_trs_cells=1/1 tracked_serving_users=4/4 eligible=0/4.
[2026-08-04T10:38:21Z] INFO DL coupled publish: operating_point 2/3 configured_label_snr_dB=0.000 ue=0/4 dlDirectionalFrames=0/40 ulDirectionalFrames=0/40 dlRows=0 ulRows=0.
[2026-08-04T10:38:21Z] INFO Coupled DL schedule complete: sweep=2/3 slot=3/40 active=0 granted=0 grants=0.
[2026-08-04T10:38:21Z] INFO Coupled DL PDCCH qualification complete: sweep=2/3 slot=3/40 executable_grants=0.
[2026-08-04T10:38:21Z] INFO Preparing coupled DL batches: sweep=2/3 slot=3/40 candidate_grants=0 batch_size=24.
[2026-08-04T10:38:21Z] INFO Coupled UL K2 preschedule deferred: control_slot=43 reason=data_timing_rejected:target_hits_fixed_opposite_direction policy=no_valid_ul_occasion_from_current_dl_control_slot.
[2026-08-04T10:38:21Z] INFO Coupled canonical slot prepared: sweep=2/3 slot=4/40 duplex=FLEXIBLE_OR_MIXED allow_dl=1 allow_ul=1.
[2026-08-04T10:38:21Z] INFO Starting coupled pre-scheduling control gating for slot 44/120 with 4 UEs.
[2026-08-04T10:38:21Z] INFO Coupled control gating progress for slot 44/120: UE 1/4, PBCH=0 PRACH=0 SRS=0 TRS=0.
[2026-08-04T10:38:22Z] INFO Coupled control gating progress for slot 44/120: UE 2/4, PBCH=0 PRACH=0 SRS=0 TRS=0.
[2026-08-04T10:38:22Z] INFO Coupled control gating progress for slot 44/120: UE 3/4, PBCH=0 PRACH=0 SRS=0 TRS=0.
[2026-08-04T10:38:22Z] INFO Coupled control gating progress for slot 44/120: UE 4/4, PBCH=0 PRACH=0 SRS=0 TRS=0.
[2026-08-04T10:38:22Z] INFO Coupled control gating complete: slot=44 frame=3 pbch_attempts=0 prach_attempts=0 srs_attempts=0 trs_attempts=0 acquired=4/4 access=0/4 valid_srs=0/4 valid_trs_cells=1/1 tracked_serving_users=4/4 eligible=0/4.
[2026-08-04T10:38:22Z] INFO Coupled control gating complete for slot 44/120: acquired=4/4 access=0/4 valid_srs=0/4 valid_trs_cells=1/1 tracked_serving_users=4/4 eligible=0/4.
[2026-08-04T10:38:22Z] INFO DL coupled publish: operating_point 2/3 configured_label_snr_dB=0.000 ue=0/4 dlDirectionalFrames=0/40 ulDirectionalFrames=0/40 dlRows=0 ulRows=0.
[2026-08-04T10:38:22Z] INFO Coupled DL scheduling deferred: sweep=2/3 slot=4/40 reason=configured_dl_symbol_allocation_not_available_in_tdd_slot policy=no_valid_harq_ack_occasion_from_current_dl_slot.
[2026-08-04T10:38:22Z] INFO Coupled DL schedule complete: sweep=2/3 slot=4/40 active=0 granted=0 grants=0.
[2026-08-04T10:38:22Z] INFO Coupled DL PDCCH qualification complete: sweep=2/3 slot=4/40 executable_grants=0.
[2026-08-04T10:38:22Z] INFO Preparing coupled DL batches: sweep=2/3 slot=4/40 candidate_grants=0 batch_size=24.
[2026-08-04T10:38:22Z] INFO Coupled UL K2 preschedule deferred: control_slot=44 reason=data_timing_rejected:target_hits_fixed_opposite_direction policy=no_valid_ul_occasion_from_current_dl_control_slot.
[2026-08-04T10:38:22Z] INFO Coupled UL queued grant lookup complete: sweep=2/3 slot=4/40 due_grants=0 pending_grants=0.
[2026-08-04T10:38:22Z] INFO Coupled canonical slot prepared: sweep=2/3 slot=5/40 duplex=UL allow_dl=0 allow_ul=1.
[2026-08-04T10:38:22Z] INFO Starting coupled pre-scheduling control gating for slot 45/120 with 4 UEs.
[2026-08-04T10:38:22Z] INFO Coupled control gating progress for slot 45/120: UE 1/4, PBCH=0 PRACH=0 SRS=0 TRS=0.
[2026-08-04T10:38:23Z] INFO Coupled control gating progress for slot 45/120: UE 2/4, PBCH=0 PRACH=0 SRS=0 TRS=0.
[2026-08-04T10:38:23Z] INFO Coupled control gating progress for slot 45/120: UE 3/4, PBCH=0 PRACH=0 SRS=0 TRS=0.
[2026-08-04T10:38:23Z] INFO Coupled control gating progress for slot 45/120: UE 4/4, PBCH=0 PRACH=0 SRS=0 TRS=0.
[2026-08-04T10:38:23Z] INFO Coupled control gating complete: slot=45 frame=3 pbch_attempts=0 prach_attempts=0 srs_attempts=0 trs_attempts=0 acquired=4/4 access=0/4 valid_srs=0/4 valid_trs_cells=1/1 tracked_serving_users=4/4 eligible=0/4.
[2026-08-04T10:38:23Z] INFO Coupled control gating complete for slot 45/120: acquired=4/4 access=0/4 valid_srs=0/4 valid_trs_cells=1/1 tracked_serving_users=4/4 eligible=0/4.
[2026-08-04T10:38:23Z] INFO UL coupled publish: operating_point 2/3 configured_label_snr_dB=0.000 ue=0/4 dlDirectionalFrames=0/40 ulDirectionalFrames=0/40 dlRows=0 ulRows=0.
[2026-08-04T10:38:23Z] INFO Coupled UL queued grant lookup complete: sweep=2/3 slot=5/40 due_grants=0 pending_grants=0.
[2026-08-04T10:38:23Z] INFO Coupled canonical slot prepared: sweep=2/3 slot=6/40 duplex=DL allow_dl=1 allow_ul=0.
[2026-08-04T10:38:23Z] INFO Starting coupled pre-scheduling control gating for slot 46/120 with 4 UEs.
[2026-08-04T10:38:23Z] INFO Coupled control gating progress for slot 46/120: UE 1/4, PBCH=0 PRACH=0 SRS=0 TRS=0.
[2026-08-04T10:38:24Z] INFO Coupled control gating progress for slot 46/120: UE 2/4, PBCH=0 PRACH=0 SRS=0 TRS=0.
[2026-08-04T10:38:24Z] INFO Coupled control gating progress for slot 46/120: UE 3/4, PBCH=0 PRACH=0 SRS=0 TRS=0.
[2026-08-04T10:38:24Z] INFO Coupled control gating progress for slot 46/120: UE 4/4, PBCH=0 PRACH=0 SRS=0 TRS=0.
[2026-08-04T10:38:24Z] INFO Coupled control gating complete: slot=46 frame=3 pbch_attempts=0 prach_attempts=0 srs_attempts=0 trs_attempts=0 acquired=4/4 access=0/4 valid_srs=0/4 valid_trs_cells=1/1 tracked_serving_users=4/4 eligible=0/4.
[2026-08-04T10:38:24Z] INFO Coupled control gating complete for slot 46/120: acquired=4/4 access=0/4 valid_srs=0/4 valid_trs_cells=1/1 tracked_serving_users=4/4 eligible=0/4.
[2026-08-04T10:38:24Z] INFO DL coupled publish: operating_point 2/3 configured_label_snr_dB=0.000 ue=0/4 dlDirectionalFrames=0/40 ulDirectionalFrames=0/40 dlRows=0 ulRows=0.
[2026-08-04T10:38:24Z] INFO Coupled DL schedule complete: sweep=2/3 slot=6/40 active=0 granted=0 grants=0.
[2026-08-04T10:38:24Z] INFO Coupled DL PDCCH qualification complete: sweep=2/3 slot=6/40 executable_grants=0.
[2026-08-04T10:38:24Z] INFO Preparing coupled DL batches: sweep=2/3 slot=6/40 candidate_grants=0 batch_size=24.
[2026-08-04T10:38:24Z] INFO Coupled UL K2 preschedule complete: control_slot=46 due_slot=50 k2=4 active=0 granted=0 grants=0.
[2026-08-04T10:38:24Z] INFO Coupled canonical slot prepared: sweep=2/3 slot=7/40 duplex=DL allow_dl=1 allow_ul=0.
[2026-08-04T10:38:24Z] INFO Starting coupled pre-scheduling control gating for slot 47/120 with 4 UEs.
[2026-08-04T10:38:24Z] INFO Coupled control gating progress for slot 47/120: UE 1/4, PBCH=0 PRACH=0 SRS=0 TRS=0.
[2026-08-04T10:38:25Z] INFO Coupled control gating progress for slot 47/120: UE 2/4, PBCH=0 PRACH=0 SRS=0 TRS=0.
[2026-08-04T10:38:25Z] INFO Coupled control gating progress for slot 47/120: UE 3/4, PBCH=0 PRACH=0 SRS=0 TRS=0.
[2026-08-04T10:38:25Z] INFO Coupled control gating progress for slot 47/120: UE 4/4, PBCH=0 PRACH=0 SRS=0 TRS=0.
[2026-08-04T10:38:25Z] INFO Coupled control gating complete: slot=47 frame=3 pbch_attempts=0 prach_attempts=0 srs_attempts=0 trs_attempts=0 acquired=4/4 access=0/4 valid_srs=0/4 valid_trs_cells=1/1 tracked_serving_users=4/4 eligible=0/4.
[2026-08-04T10:38:25Z] INFO Coupled control gating complete for slot 47/120: acquired=4/4 access=0/4 valid_srs=0/4 valid_trs_cells=1/1 tracked_serving_users=4/4 eligible=0/4.
[2026-08-04T10:38:25Z] INFO DL coupled publish: operating_point 2/3 configured_label_snr_dB=0.000 ue=0/4 dlDirectionalFrames=0/40 ulDirectionalFrames=0/40 dlRows=0 ulRows=0.
[2026-08-04T10:38:25Z] INFO Coupled DL schedule complete: sweep=2/3 slot=7/40 active=0 granted=0 grants=0.
[2026-08-04T10:38:25Z] INFO Coupled DL PDCCH qualification complete: sweep=2/3 slot=7/40 executable_grants=0.
[2026-08-04T10:38:25Z] INFO Preparing coupled DL batches: sweep=2/3 slot=7/40 candidate_grants=0 batch_size=24.
[2026-08-04T10:38:25Z] INFO Coupled UL K2 preschedule deferred: control_slot=47 reason=data_timing_rejected:target_hits_fixed_opposite_direction policy=no_valid_ul_occasion_from_current_dl_control_slot.
[2026-08-04T10:38:25Z] INFO Coupled canonical slot prepared: sweep=2/3 slot=8/40 duplex=DL allow_dl=1 allow_ul=0.
[2026-08-04T10:38:25Z] INFO Starting coupled pre-scheduling control gating for slot 48/120 with 4 UEs.
[2026-08-04T10:38:25Z] INFO Coupled control gating progress for slot 48/120: UE 1/4, PBCH=0 PRACH=0 SRS=0 TRS=0.
[2026-08-04T10:38:26Z] INFO Coupled control gating progress for slot 48/120: UE 2/4, PBCH=0 PRACH=0 SRS=0 TRS=0.
[2026-08-04T10:38:26Z] INFO Coupled control gating progress for slot 48/120: UE 3/4, PBCH=0 PRACH=0 SRS=0 TRS=0.
[2026-08-04T10:38:26Z] INFO Coupled control gating progress for slot 48/120: UE 4/4, PBCH=0 PRACH=0 SRS=0 TRS=0.
[2026-08-04T10:38:26Z] INFO Coupled control gating complete: slot=48 frame=3 pbch_attempts=0 prach_attempts=0 srs_attempts=0 trs_attempts=0 acquired=4/4 access=0/4 valid_srs=0/4 valid_trs_cells=1/1 tracked_serving_users=4/4 eligible=0/4.
[2026-08-04T10:38:26Z] INFO Coupled control gating complete for slot 48/120: acquired=4/4 access=0/4 valid_srs=0/4 valid_trs_cells=1/1 tracked_serving_users=4/4 eligible=0/4.
[2026-08-04T10:38:26Z] INFO DL coupled publish: operating_point 2/3 configured_label_snr_dB=0.000 ue=0/4 dlDirectionalFrames=0/40 ulDirectionalFrames=0/40 dlRows=0 ulRows=0.
[2026-08-04T10:38:26Z] INFO Coupled DL schedule complete: sweep=2/3 slot=8/40 active=0 granted=0 grants=0.
[2026-08-04T10:38:26Z] INFO Coupled DL PDCCH qualification complete: sweep=2/3 slot=8/40 executable_grants=0.
[2026-08-04T10:38:26Z] INFO Preparing coupled DL batches: sweep=2/3 slot=8/40 candidate_grants=0 batch_size=24.
[2026-08-04T10:38:26Z] INFO Coupled UL K2 preschedule deferred: control_slot=48 reason=data_timing_rejected:target_hits_fixed_opposite_direction policy=no_valid_ul_occasion_from_current_dl_control_slot.
[2026-08-04T10:38:26Z] INFO Coupled canonical slot prepared: sweep=2/3 slot=9/40 duplex=FLEXIBLE_OR_MIXED allow_dl=1 allow_ul=1.
[2026-08-04T10:38:26Z] INFO Starting coupled pre-scheduling control gating for slot 49/120 with 4 UEs.
[2026-08-04T10:38:26Z] INFO Coupled control gating progress for slot 49/120: UE 1/4, PBCH=0 PRACH=0 SRS=0 TRS=0.
[2026-08-04T10:38:27Z] INFO Coupled control gating progress for slot 49/120: UE 2/4, PBCH=0 PRACH=0 SRS=0 TRS=0.
[2026-08-04T10:38:27Z] INFO Coupled control gating progress for slot 49/120: UE 3/4, PBCH=0 PRACH=0 SRS=0 TRS=0.
[2026-08-04T10:38:27Z] INFO Coupled control gating progress for slot 49/120: UE 4/4, PBCH=0 PRACH=0 SRS=0 TRS=0.
[2026-08-04T10:38:27Z] INFO Coupled control gating complete: slot=49 frame=3 pbch_attempts=0 prach_attempts=0 srs_attempts=0 trs_attempts=0 acquired=4/4 access=0/4 valid_srs=0/4 valid_trs_cells=1/1 tracked_serving_users=4/4 eligible=0/4.
[2026-08-04T10:38:27Z] INFO Coupled control gating complete for slot 49/120: acquired=4/4 access=0/4 valid_srs=0/4 valid_trs_cells=1/1 tracked_serving_users=4/4 eligible=0/4.
[2026-08-04T10:38:28Z] INFO DL coupled publish: operating_point 2/3 configured_label_snr_dB=0.000 ue=0/4 dlDirectionalFrames=0/40 ulDirectionalFrames=0/40 dlRows=0 ulRows=0.
[2026-08-04T10:38:28Z] INFO Coupled DL scheduling deferred: sweep=2/3 slot=9/40 reason=configured_dl_symbol_allocation_not_available_in_tdd_slot policy=no_valid_harq_ack_occasion_from_current_dl_slot.
[2026-08-04T10:38:28Z] INFO Coupled DL schedule complete: sweep=2/3 slot=9/40 active=0 granted=0 grants=0.
[2026-08-04T10:38:28Z] INFO Coupled DL PDCCH qualification complete: sweep=2/3 slot=9/40 executable_grants=0.
[2026-08-04T10:38:28Z] INFO Preparing coupled DL batches: sweep=2/3 slot=9/40 candidate_grants=0 batch_size=24.
[2026-08-04T10:38:28Z] INFO Coupled UL K2 preschedule deferred: control_slot=49 reason=data_timing_rejected:target_hits_fixed_opposite_direction policy=no_valid_ul_occasion_from_current_dl_control_slot.
[2026-08-04T10:38:28Z] INFO Coupled UL queued grant lookup complete: sweep=2/3 slot=9/40 due_grants=0 pending_grants=0.
[2026-08-04T10:38:28Z] INFO Coupled canonical slot prepared: sweep=2/3 slot=10/40 duplex=UL allow_dl=0 allow_ul=1.
[2026-08-04T10:38:28Z] INFO Starting coupled pre-scheduling control gating for slot 50/120 with 4 UEs.
[2026-08-04T10:39:18Z] INFO Coupled PRACH result: slot=50 ue=1 status=PASS crc=1 ra_completed=true strict_ok=true tx_preamble=0 detected_preamble=0 failure=.
[2026-08-04T10:39:18Z] INFO Coupled PRACH RA PDSCH evidence: slot=50 ue=1 msg2_crc=1 msg2_layers=1 msg2_cfg_ports=1 msg2_resolved_ports=1 msg2_explicit_matrix=false msg2_precoding=siso_identity/ra_si_common_procedure_identity msg2_tx_power_dBm=46 msg2_amp_scale=14 msg2_timing_used=false msg2_timing=0 msg2_posteq_sinr_dB=17 msg2_hest_sinr_dB=17 msg2_llr_finite=true msg4_crc=1 msg4_layers=1 msg4_cfg_ports=1 msg4_resolved_ports=1 msg4_tx_power_dBm=46 msg4_amp_scale=14.
[2026-08-04T10:39:18Z] INFO Coupled control gating progress for slot 50/120: UE 1/4, PBCH=0 PRACH=1 SRS=0 TRS=0.
[2026-08-04T10:40:03Z] INFO Coupled PRACH result: slot=50 ue=2 status=PASS crc=1 ra_completed=true strict_ok=true tx_preamble=1 detected_preamble=1 failure=.
[2026-08-04T10:40:03Z] INFO Coupled PRACH RA PDSCH evidence: slot=50 ue=2 msg2_crc=1 msg2_layers=1 msg2_cfg_ports=1 msg2_resolved_ports=1 msg2_explicit_matrix=false msg2_precoding=siso_identity/ra_si_common_procedure_identity msg2_tx_power_dBm=46 msg2_amp_scale=14 msg2_timing_used=false msg2_timing=0 msg2_posteq_sinr_dB=18 msg2_hest_sinr_dB=18 msg2_llr_finite=true msg4_crc=1 msg4_layers=1 msg4_cfg_ports=1 msg4_resolved_ports=1 msg4_tx_power_dBm=46 msg4_amp_scale=14.
[2026-08-04T10:40:03Z] INFO Coupled control gating progress for slot 50/120: UE 2/4, PBCH=0 PRACH=2 SRS=0 TRS=0.
[2026-08-04T10:40:42Z] INFO Coupled PRACH result: slot=50 ue=3 status=PASS crc=1 ra_completed=true strict_ok=true tx_preamble=2 detected_preamble=2 failure=.
[2026-08-04T10:40:42Z] INFO Coupled PRACH RA PDSCH evidence: slot=50 ue=3 msg2_crc=1 msg2_layers=1 msg2_cfg_ports=1 msg2_resolved_ports=1 msg2_explicit_matrix=false msg2_precoding=siso_identity/ra_si_common_procedure_identity msg2_tx_power_dBm=46 msg2_amp_scale=14 msg2_timing_used=false msg2_timing=0 msg2_posteq_sinr_dB=18 msg2_hest_sinr_dB=18 msg2_llr_finite=true msg4_crc=1 msg4_layers=1 msg4_cfg_ports=1 msg4_resolved_ports=1 msg4_tx_power_dBm=46 msg4_amp_scale=14.
[2026-08-04T10:40:42Z] INFO Coupled control gating progress for slot 50/120: UE 3/4, PBCH=0 PRACH=3 SRS=0 TRS=0.
[2026-08-04T10:41:21Z] INFO Coupled PRACH result: slot=50 ue=4 status=PASS crc=1 ra_completed=true strict_ok=true tx_preamble=3 detected_preamble=3 failure=.
[2026-08-04T10:41:21Z] INFO Coupled PRACH RA PDSCH evidence: slot=50 ue=4 msg2_crc=1 msg2_layers=1 msg2_cfg_ports=1 msg2_resolved_ports=1 msg2_explicit_matrix=false msg2_precoding=siso_identity/ra_si_common_procedure_identity msg2_tx_power_dBm=46 msg2_amp_scale=14 msg2_timing_used=false msg2_timing=0 msg2_posteq_sinr_dB=18 msg2_hest_sinr_dB=18 msg2_llr_finite=true msg4_crc=1 msg4_layers=1 msg4_cfg_ports=1 msg4_resolved_ports=1 msg4_tx_power_dBm=46 msg4_amp_scale=14.
[2026-08-04T10:41:21Z] INFO Coupled control gating progress for slot 50/120: UE 4/4, PBCH=0 PRACH=4 SRS=0 TRS=0.
[2026-08-04T10:41:22Z] INFO Coupled control gating complete: slot=50 frame=3 pbch_attempts=0 prach_attempts=4 srs_attempts=0 trs_attempts=0 acquired=4/4 access=4/4 valid_srs=0/4 valid_trs_cells=1/1 tracked_serving_users=4/4 eligible=0/4.
[2026-08-04T10:41:22Z] INFO Coupled control gating complete for slot 50/120: acquired=4/4 access=4/4 valid_srs=0/4 valid_trs_cells=1/1 tracked_serving_users=4/4 eligible=0/4.
[2026-08-04T10:41:22Z] INFO UL coupled publish: operating_point 2/3 configured_label_snr_dB=0.000 ue=0/4 dlDirectionalFrames=0/40 ulDirectionalFrames=0/40 dlRows=0 ulRows=0.
[2026-08-04T10:41:22Z] INFO Coupled UL queued grant lookup complete: sweep=2/3 slot=10/40 due_grants=0 pending_grants=0.
[2026-08-04T10:41:22Z] INFO Coupled canonical slot prepared: sweep=2/3 slot=11/40 duplex=DL allow_dl=1 allow_ul=0.
[2026-08-04T10:41:22Z] INFO Starting coupled pre-scheduling control gating for slot 51/120 with 4 UEs.
[2026-08-04T10:41:22Z] INFO Coupled control gating progress for slot 51/120: UE 1/4, PBCH=0 PRACH=0 SRS=0 TRS=0.
[2026-08-04T10:41:23Z] INFO Coupled control gating progress for slot 51/120: UE 2/4, PBCH=0 PRACH=0 SRS=0 TRS=0.
[2026-08-04T10:41:23Z] INFO Coupled control gating progress for slot 51/120: UE 3/4, PBCH=0 PRACH=0 SRS=0 TRS=0.
[2026-08-04T10:41:23Z] INFO Coupled control gating progress for slot 51/120: UE 4/4, PBCH=0 PRACH=0 SRS=0 TRS=0.
[2026-08-04T10:41:23Z] INFO Coupled control gating complete: slot=51 frame=3 pbch_attempts=0 prach_attempts=0 srs_attempts=0 trs_attempts=0 acquired=4/4 access=4/4 valid_srs=0/4 valid_trs_cells=1/1 tracked_serving_users=4/4 eligible=0/4.
[2026-08-04T10:41:23Z] INFO Coupled control gating complete for slot 51/120: acquired=4/4 access=4/4 valid_srs=0/4 valid_trs_cells=1/1 tracked_serving_users=4/4 eligible=0/4.
[2026-08-04T10:41:23Z] INFO DL coupled publish: operating_point 2/3 configured_label_snr_dB=0.000 ue=0/4 dlDirectionalFrames=0/40 ulDirectionalFrames=0/40 dlRows=0 ulRows=0.
[2026-08-04T10:41:23Z] INFO Coupled DL schedule complete: sweep=2/3 slot=11/40 active=0 granted=0 grants=0.
[2026-08-04T10:41:23Z] INFO Coupled DL PDCCH qualification complete: sweep=2/3 slot=11/40 executable_grants=0.
[2026-08-04T10:41:23Z] INFO Preparing coupled DL batches: sweep=2/3 slot=11/40 candidate_grants=0 batch_size=24.
[2026-08-04T10:41:24Z] INFO Coupled UL K2 preschedule complete: control_slot=51 due_slot=55 k2=4 active=0 granted=0 grants=0.
[2026-08-04T10:41:24Z] INFO Coupled canonical slot prepared: sweep=2/3 slot=12/40 duplex=DL allow_dl=1 allow_ul=0.
[2026-08-04T10:41:24Z] INFO Starting coupled pre-scheduling control gating for slot 52/120 with 4 UEs.
[2026-08-04T10:41:24Z] INFO Coupled control gating progress for slot 52/120: UE 1/4, PBCH=0 PRACH=0 SRS=0 TRS=0.
[2026-08-04T10:41:24Z] INFO Coupled control gating progress for slot 52/120: UE 2/4, PBCH=0 PRACH=0 SRS=0 TRS=0.
[2026-08-04T10:41:24Z] INFO Coupled control gating progress for slot 52/120: UE 3/4, PBCH=0 PRACH=0 SRS=0 TRS=0.
[2026-08-04T10:41:24Z] INFO Coupled control gating progress for slot 52/120: UE 4/4, PBCH=0 PRACH=0 SRS=0 TRS=0.
[2026-08-04T10:41:24Z] INFO Coupled control gating complete: slot=52 frame=3 pbch_attempts=0 prach_attempts=0 srs_attempts=0 trs_attempts=0 acquired=4/4 access=4/4 valid_srs=0/4 valid_trs_cells=1/1 tracked_serving_users=4/4 eligible=0/4.
[2026-08-04T10:41:24Z] INFO Coupled control gating complete for slot 52/120: acquired=4/4 access=4/4 valid_srs=0/4 valid_trs_cells=1/1 tracked_serving_users=4/4 eligible=0/4.
[2026-08-04T10:41:24Z] INFO DL coupled publish: operating_point 2/3 configured_label_snr_dB=0.000 ue=0/4 dlDirectionalFrames=0/40 ulDirectionalFrames=0/40 dlRows=0 ulRows=0.
[2026-08-04T10:41:24Z] INFO Coupled DL schedule complete: sweep=2/3 slot=12/40 active=0 granted=0 grants=0.
[2026-08-04T10:41:24Z] INFO Coupled DL PDCCH qualification complete: sweep=2/3 slot=12/40 executable_grants=0.
[2026-08-04T10:41:24Z] INFO Preparing coupled DL batches: sweep=2/3 slot=12/40 candidate_grants=0 batch_size=24.
[2026-08-04T10:41:24Z] INFO Coupled UL K2 preschedule deferred: control_slot=52 reason=data_timing_rejected:target_hits_fixed_opposite_direction policy=no_valid_ul_occasion_from_current_dl_control_slot.
[2026-08-04T10:41:25Z] INFO Coupled canonical slot prepared: sweep=2/3 slot=13/40 duplex=DL allow_dl=1 allow_ul=0.
[2026-08-04T10:41:25Z] INFO Starting coupled pre-scheduling control gating for slot 53/120 with 4 UEs.
[2026-08-04T10:41:25Z] INFO Coupled control gating progress for slot 53/120: UE 1/4, PBCH=0 PRACH=0 SRS=0 TRS=0.
[2026-08-04T10:41:25Z] INFO Coupled control gating progress for slot 53/120: UE 2/4, PBCH=0 PRACH=0 SRS=0 TRS=0.
[2026-08-04T10:41:25Z] INFO Coupled control gating progress for slot 53/120: UE 3/4, PBCH=0 PRACH=0 SRS=0 TRS=0.
[2026-08-04T10:41:25Z] INFO Coupled control gating progress for slot 53/120: UE 4/4, PBCH=0 PRACH=0 SRS=0 TRS=0.
[2026-08-04T10:41:25Z] INFO Coupled control gating complete: slot=53 frame=3 pbch_attempts=0 prach_attempts=0 srs_attempts=0 trs_attempts=0 acquired=4/4 access=4/4 valid_srs=0/4 valid_trs_cells=1/1 tracked_serving_users=4/4 eligible=0/4.
[2026-08-04T10:41:25Z] INFO Coupled control gating complete for slot 53/120: acquired=4/4 access=4/4 valid_srs=0/4 valid_trs_cells=1/1 tracked_serving_users=4/4 eligible=0/4.
[2026-08-04T10:41:26Z] INFO DL coupled publish: operating_point 2/3 configured_label_snr_dB=0.000 ue=0/4 dlDirectionalFrames=0/40 ulDirectionalFrames=0/40 dlRows=0 ulRows=0.
[2026-08-04T10:41:26Z] INFO Coupled DL schedule complete: sweep=2/3 slot=13/40 active=0 granted=0 grants=0.
[2026-08-04T10:41:26Z] INFO Coupled DL PDCCH qualification complete: sweep=2/3 slot=13/40 executable_grants=0.
[2026-08-04T10:41:26Z] INFO Preparing coupled DL batches: sweep=2/3 slot=13/40 candidate_grants=0 batch_size=24.
[2026-08-04T10:41:26Z] INFO Coupled UL K2 preschedule deferred: control_slot=53 reason=data_timing_rejected:target_hits_fixed_opposite_direction policy=no_valid_ul_occasion_from_current_dl_control_slot.
[2026-08-04T10:41:26Z] INFO Coupled canonical slot prepared: sweep=2/3 slot=14/40 duplex=FLEXIBLE_OR_MIXED allow_dl=1 allow_ul=1.
[2026-08-04T10:41:26Z] INFO Starting coupled pre-scheduling control gating for slot 54/120 with 4 UEs.
[2026-08-04T10:41:26Z] INFO Coupled control gating progress for slot 54/120: UE 1/4, PBCH=0 PRACH=0 SRS=0 TRS=0.
[2026-08-04T10:41:26Z] INFO Coupled control gating progress for slot 54/120: UE 2/4, PBCH=0 PRACH=0 SRS=0 TRS=0.
[2026-08-04T10:41:26Z] INFO Coupled control gating progress for slot 54/120: UE 3/4, PBCH=0 PRACH=0 SRS=0 TRS=0.
[2026-08-04T10:41:26Z] INFO Coupled control gating progress for slot 54/120: UE 4/4, PBCH=0 PRACH=0 SRS=0 TRS=0.
[2026-08-04T10:41:26Z] INFO Coupled control gating complete: slot=54 frame=3 pbch_attempts=0 prach_attempts=0 srs_attempts=0 trs_attempts=0 acquired=4/4 access=4/4 valid_srs=0/4 valid_trs_cells=1/1 tracked_serving_users=4/4 eligible=0/4.
[2026-08-04T10:41:26Z] INFO Coupled control gating complete for slot 54/120: acquired=4/4 access=4/4 valid_srs=0/4 valid_trs_cells=1/1 tracked_serving_users=4/4 eligible=0/4.
[2026-08-04T10:41:26Z] INFO DL coupled publish: operating_point 2/3 configured_label_snr_dB=0.000 ue=0/4 dlDirectionalFrames=0/40 ulDirectionalFrames=0/40 dlRows=0 ulRows=0.
[2026-08-04T10:41:26Z] INFO Coupled DL scheduling deferred: sweep=2/3 slot=14/40 reason=configured_dl_symbol_allocation_not_available_in_tdd_slot policy=no_valid_harq_ack_occasion_from_current_dl_slot.
[2026-08-04T10:41:26Z] INFO Coupled DL schedule complete: sweep=2/3 slot=14/40 active=0 granted=0 grants=0.
[2026-08-04T10:41:26Z] INFO Coupled DL PDCCH qualification complete: sweep=2/3 slot=14/40 executable_grants=0.
[2026-08-04T10:41:26Z] INFO Preparing coupled DL batches: sweep=2/3 slot=14/40 candidate_grants=0 batch_size=24.
[2026-08-04T10:41:26Z] INFO Coupled UL K2 preschedule deferred: control_slot=54 reason=data_timing_rejected:target_hits_fixed_opposite_direction policy=no_valid_ul_occasion_from_current_dl_control_slot.
[2026-08-04T10:41:26Z] INFO Coupled UL queued grant lookup complete: sweep=2/3 slot=14/40 due_grants=0 pending_grants=0.
[2026-08-04T10:41:27Z] INFO Coupled canonical slot prepared: sweep=2/3 slot=15/40 duplex=UL allow_dl=0 allow_ul=1.
[2026-08-04T10:41:27Z] INFO Starting coupled pre-scheduling control gating for slot 55/120 with 4 UEs.
[2026-08-04T10:42:06Z] INFO Coupled control gating progress for slot 55/120: UE 1/4, PBCH=0 PRACH=0 SRS=1 TRS=0.
[2026-08-04T10:42:38Z] INFO Coupled control gating progress for slot 55/120: UE 2/4, PBCH=0 PRACH=0 SRS=2 TRS=0.
[2026-08-04T10:43:02Z] INFO Coupled control gating progress for slot 55/120: UE 3/4, PBCH=0 PRACH=0 SRS=3 TRS=0.
[2026-08-04T10:43:27Z] INFO Coupled control gating progress for slot 55/120: UE 4/4, PBCH=0 PRACH=0 SRS=4 TRS=0.
[2026-08-04T10:43:27Z] INFO Coupled control gating complete: slot=55 frame=3 pbch_attempts=0 prach_attempts=0 srs_attempts=4 trs_attempts=0 acquired=4/4 access=4/4 valid_srs=4/4 valid_trs_cells=1/1 tracked_serving_users=4/4 eligible=4/4.
[2026-08-04T10:43:27Z] INFO Coupled control gating complete for slot 55/120: acquired=4/4 access=4/4 valid_srs=4/4 valid_trs_cells=1/1 tracked_serving_users=4/4 eligible=4/4.
[2026-08-04T10:43:27Z] INFO UL coupled publish: operating_point 2/3 configured_label_snr_dB=0.000 ue=0/4 dlDirectionalFrames=0/40 ulDirectionalFrames=0/40 dlRows=0 ulRows=0.
[2026-08-04T10:43:27Z] INFO Coupled UL queued grant lookup complete: sweep=2/3 slot=15/40 due_grants=0 pending_grants=0.
[2026-08-04T10:43:27Z] INFO Coupled canonical slot prepared: sweep=2/3 slot=16/40 duplex=DL allow_dl=1 allow_ul=0.
[2026-08-04T10:43:27Z] INFO Starting coupled pre-scheduling control gating for slot 56/120 with 4 UEs.
[2026-08-04T10:43:27Z] INFO Coupled control gating progress for slot 56/120: UE 1/4, PBCH=0 PRACH=0 SRS=0 TRS=0.
[2026-08-04T10:43:28Z] INFO Coupled control gating progress for slot 56/120: UE 2/4, PBCH=0 PRACH=0 SRS=0 TRS=0.
[2026-08-04T10:43:28Z] INFO Coupled control gating progress for slot 56/120: UE 3/4, PBCH=0 PRACH=0 SRS=0 TRS=0.
[2026-08-04T10:43:28Z] INFO Coupled control gating progress for slot 56/120: UE 4/4, PBCH=0 PRACH=0 SRS=0 TRS=0.
[2026-08-04T10:43:28Z] INFO Coupled control gating complete: slot=56 frame=3 pbch_attempts=0 prach_attempts=0 srs_attempts=0 trs_attempts=0 acquired=4/4 access=4/4 valid_srs=4/4 valid_trs_cells=1/1 tracked_serving_users=4/4 eligible=4/4.
[2026-08-04T10:43:28Z] INFO Coupled control gating complete for slot 56/120: acquired=4/4 access=4/4 valid_srs=4/4 valid_trs_cells=1/1 tracked_serving_users=4/4 eligible=4/4.
[2026-08-04T10:43:28Z] INFO DL coupled publish: operating_point 2/3 configured_label_snr_dB=0.000 ue=0/4 dlDirectionalFrames=0/40 ulDirectionalFrames=0/40 dlRows=0 ulRows=0.
[2026-08-04T10:43:36Z] INFO Coupled DL schedule complete: sweep=2/3 slot=16/40 active=4 granted=2 grants=2.
[2026-08-04T10:43:39Z] INFO Coupled DL PDCCH grant binding: ue=1 required=1 ok=1 status=bound failure= dci=f5f5689b6bbcd77c8e6a12ea6ce7983e2c4000217ed157a128cc71cec1dbbd6f grant_ss=1 observed_ss=1 bound_ss=1 grant_coreset=0 observed_coreset=0 bound_coreset=0.
[2026-08-04T10:43:41Z] INFO Coupled DL PDCCH grant binding: ue=2 required=1 ok=1 status=bound failure= dci=f5f5689b6bbcd77c8e6a12ea6ce7983e2c4000217ed157a128cc71cec1dbbd6f grant_ss=1 observed_ss=1 bound_ss=1 grant_coreset=0 observed_coreset=0 bound_coreset=0.
[2026-08-04T10:43:42Z] INFO Coupled DL PDCCH qualification complete: sweep=2/3 slot=16/40 executable_grants=2.
[2026-08-04T10:43:42Z] INFO Preparing coupled DL batches: sweep=2/3 slot=16/40 candidate_grants=2 batch_size=24.
[2026-08-04T10:43:42Z] INFO Preparing coupled DL resolved grant cache: candidate_grants=2.
[2026-08-04T10:44:07Z] INFO Prepared coupled DL resolved grant cache entries: 2/2.
[2026-08-04T10:44:07Z] INFO Prepared coupled DL resolved grant cache complete: entries=2 elapsed_s=25.547.
[2026-08-04T10:44:08Z] INFO Prepared coupled DL chunk: sweep=2/3 slot=16/40 executable_plans=2 chunk=1-2 of 2.
[2026-08-04T10:44:08Z] INFO Executing coupled DL chunk: sweep=2/3 slot=16/40 chunk=1-2 of 2.
[2026-08-04T10:44:09Z] INFO Executing coupled DL grant chunk serially: plans=2 reason=parallel_safety_or_pool_unavailable.
[2026-08-04T10:45:51Z] INFO Publishing coupled DL chunk results: sweep=2/3 slot=16/40 committed_rows=2 current_primary_rows=2.
[2026-08-04T10:45:53Z] INFO DL coupled publish: operating_point 2/3 configured_label_snr_dB=0.000 ue=2/4 dlDirectionalFrames=3/40 ulDirectionalFrames=0/40 dlRows=2 ulRows=0.
[2026-08-04T10:45:56Z] INFO Coupled UL K2 preschedule complete: control_slot=56 due_slot=60 k2=4 active=4 granted=2 grants=2.
[2026-08-04T10:46:16Z] INFO Coupled UL PDCCH grant binding: ue=1 required=1 ok=1 status=bound failure= dci=6ae14209d0d3df71e72da4afa88b3f82bcd44a0adbc5e34a0cdb69d8a8001ce2 grant_ss=1 observed_ss=1 bound_ss=1 grant_coreset=0 observed_coreset=0 bound_coreset=0.
[2026-08-04T10:46:33Z] INFO Coupled UL PDCCH grant binding: ue=2 required=1 ok=1 status=bound failure= dci=6ae14209d0d3df71e72da4afa88b3f82bcd44a0adbc5e34a0cdb69d8a8001ce2 grant_ss=1 observed_ss=1 bound_ss=1 grant_coreset=0 observed_coreset=0 bound_coreset=0.
[2026-08-04T10:46:34Z] INFO Queued coupled UL grants after K2 PDCCH qualification: control_slot=56 due_slot=60 executable_grants=2 pending_total=2.
[2026-08-04T10:46:34Z] INFO Coupled canonical slot prepared: sweep=2/3 slot=17/40 duplex=DL allow_dl=1 allow_ul=0.
[2026-08-04T10:46:34Z] INFO Starting coupled pre-scheduling control gating for slot 57/120 with 4 UEs.
[2026-08-04T10:46:34Z] INFO Coupled control gating progress for slot 57/120: UE 1/4, PBCH=0 PRACH=0 SRS=0 TRS=0.
[2026-08-04T10:46:34Z] INFO Coupled control gating progress for slot 57/120: UE 2/4, PBCH=0 PRACH=0 SRS=0 TRS=0.
[2026-08-04T10:46:34Z] INFO Coupled control gating progress for slot 57/120: UE 3/4, PBCH=0 PRACH=0 SRS=0 TRS=0.
[2026-08-04T10:46:35Z] INFO Coupled control gating progress for slot 57/120: UE 4/4, PBCH=0 PRACH=0 SRS=0 TRS=0.
[2026-08-04T10:46:35Z] INFO Coupled control gating complete: slot=57 frame=3 pbch_attempts=0 prach_attempts=0 srs_attempts=0 trs_attempts=0 acquired=4/4 access=4/4 valid_srs=4/4 valid_trs_cells=1/1 tracked_serving_users=4/4 eligible=4/4.
[2026-08-04T10:46:35Z] INFO Coupled control gating complete for slot 57/120: acquired=4/4 access=4/4 valid_srs=4/4 valid_trs_cells=1/1 tracked_serving_users=4/4 eligible=4/4.
[2026-08-04T10:46:36Z] INFO DL coupled publish: operating_point 2/3 configured_label_snr_dB=0.000 ue=0/4 dlDirectionalFrames=3/40 ulDirectionalFrames=0/40 dlRows=2 ulRows=0.
[2026-08-04T10:46:37Z] INFO Coupled DL schedule complete: sweep=2/3 slot=17/40 active=4 granted=2 grants=2.
[2026-08-04T10:46:39Z] INFO Coupled DL PDCCH grant binding: ue=3 required=1 ok=1 status=bound failure= dci=2114e040b1ab44bab1c8ba294adfd0962d9d0be18d872be8fbecf91fd90f7239 grant_ss=1 observed_ss=1 bound_ss=1 grant_coreset=0 observed_coreset=0 bound_coreset=0.
[2026-08-04T10:46:41Z] INFO Coupled DL PDCCH grant binding: ue=4 required=1 ok=1 status=bound failure= dci=2114e040b1ab44bab1c8ba294adfd0962d9d0be18d872be8fbecf91fd90f7239 grant_ss=1 observed_ss=1 bound_ss=1 grant_coreset=0 observed_coreset=0 bound_coreset=0.
[2026-08-04T10:46:41Z] INFO Coupled DL PDCCH qualification complete: sweep=2/3 slot=17/40 executable_grants=2.
[2026-08-04T10:46:41Z] INFO Preparing coupled DL batches: sweep=2/3 slot=17/40 candidate_grants=2 batch_size=24.
[2026-08-04T10:46:41Z] INFO Preparing coupled DL resolved grant cache: candidate_grants=2.
[2026-08-04T10:47:00Z] INFO Prepared coupled DL resolved grant cache entries: 2/2.
[2026-08-04T10:47:00Z] INFO Prepared coupled DL resolved grant cache complete: entries=2 elapsed_s=18.971.
[2026-08-04T10:47:02Z] INFO Prepared coupled DL chunk: sweep=2/3 slot=17/40 executable_plans=2 chunk=1-2 of 2.
[2026-08-04T10:47:02Z] INFO Executing coupled DL chunk: sweep=2/3 slot=17/40 chunk=1-2 of 2.
[2026-08-04T10:47:02Z] INFO Executing coupled DL grant chunk serially: plans=2 reason=parallel_safety_or_pool_unavailable.
[2026-08-04T10:48:25Z] INFO Publishing coupled DL chunk results: sweep=2/3 slot=17/40 committed_rows=2 current_primary_rows=4.
[2026-08-04T10:48:26Z] INFO DL coupled publish: operating_point 2/3 configured_label_snr_dB=0.000 ue=4/4 dlDirectionalFrames=3/40 ulDirectionalFrames=0/40 dlRows=4 ulRows=0.
[2026-08-04T10:48:27Z] INFO Coupled UL K2 preschedule deferred: control_slot=57 reason=data_timing_rejected:target_hits_fixed_opposite_direction policy=no_valid_ul_occasion_from_current_dl_control_slot.
[2026-08-04T10:48:27Z] INFO Coupled canonical slot prepared: sweep=2/3 slot=18/40 duplex=DL allow_dl=1 allow_ul=0.
[2026-08-04T10:48:27Z] INFO Starting coupled pre-scheduling control gating for slot 58/120 with 4 UEs.
[2026-08-04T10:48:27Z] INFO Coupled control gating progress for slot 58/120: UE 1/4, PBCH=0 PRACH=0 SRS=0 TRS=0.
[2026-08-04T10:48:27Z] INFO Coupled control gating progress for slot 58/120: UE 2/4, PBCH=0 PRACH=0 SRS=0 TRS=0.
[2026-08-04T10:48:27Z] INFO Coupled control gating progress for slot 58/120: UE 3/4, PBCH=0 PRACH=0 SRS=0 TRS=0.
[2026-08-04T10:48:27Z] INFO Coupled control gating progress for slot 58/120: UE 4/4, PBCH=0 PRACH=0 SRS=0 TRS=0.
[2026-08-04T10:48:27Z] INFO Coupled control gating complete: slot=58 frame=3 pbch_attempts=0 prach_attempts=0 srs_attempts=0 trs_attempts=0 acquired=4/4 access=4/4 valid_srs=4/4 valid_trs_cells=1/1 tracked_serving_users=4/4 eligible=4/4.
[2026-08-04T10:48:27Z] INFO Coupled control gating complete for slot 58/120: acquired=4/4 access=4/4 valid_srs=4/4 valid_trs_cells=1/1 tracked_serving_users=4/4 eligible=4/4.
[2026-08-04T10:48:28Z] INFO DL coupled publish: operating_point 2/3 configured_label_snr_dB=0.000 ue=0/4 dlDirectionalFrames=3/40 ulDirectionalFrames=0/40 dlRows=4 ulRows=0.
[2026-08-04T10:48:29Z] INFO Coupled DL schedule complete: sweep=2/3 slot=18/40 active=4 granted=2 grants=2.
[2026-08-04T10:48:31Z] INFO Coupled DL PDCCH grant binding: ue=1 required=1 ok=1 status=bound failure= dci=95bb36a1f20da1f92b761cc6d636ddc657706e2cb13fe2532828b47d69c5b07a grant_ss=1 observed_ss=1 bound_ss=1 grant_coreset=0 observed_coreset=0 bound_coreset=0.
[2026-08-04T10:48:32Z] INFO Coupled DL PDCCH grant binding: ue=2 required=1 ok=1 status=bound failure= dci=95bb36a1f20da1f92b761cc6d636ddc657706e2cb13fe2532828b47d69c5b07a grant_ss=1 observed_ss=1 bound_ss=1 grant_coreset=0 observed_coreset=0 bound_coreset=0.
[2026-08-04T10:48:32Z] INFO Coupled DL PDCCH qualification complete: sweep=2/3 slot=18/40 executable_grants=2.
[2026-08-04T10:48:32Z] INFO Preparing coupled DL batches: sweep=2/3 slot=18/40 candidate_grants=2 batch_size=24.
[2026-08-04T10:48:32Z] INFO Preparing coupled DL resolved grant cache: candidate_grants=2.
[2026-08-04T10:48:50Z] INFO Prepared coupled DL resolved grant cache entries: 2/2.
[2026-08-04T10:48:50Z] INFO Prepared coupled DL resolved grant cache complete: entries=2 elapsed_s=17.625.
[2026-08-04T10:48:52Z] INFO Prepared coupled DL chunk: sweep=2/3 slot=18/40 executable_plans=2 chunk=1-2 of 2.
[2026-08-04T10:48:52Z] INFO Executing coupled DL chunk: sweep=2/3 slot=18/40 chunk=1-2 of 2.
[2026-08-04T10:48:52Z] INFO Executing coupled DL grant chunk serially: plans=2 reason=parallel_safety_or_pool_unavailable.
[2026-08-04T10:49:39Z] INFO Publishing coupled DL chunk results: sweep=2/3 slot=18/40 committed_rows=2 current_primary_rows=6.
[2026-08-04T10:49:40Z] INFO DL coupled publish: operating_point 2/3 configured_label_snr_dB=0.000 ue=2/4 dlDirectionalFrames=3/40 ulDirectionalFrames=0/40 dlRows=6 ulRows=0.
[2026-08-04T10:49:40Z] INFO Coupled UL K2 preschedule deferred: control_slot=58 reason=data_timing_rejected:target_hits_fixed_opposite_direction policy=no_valid_ul_occasion_from_current_dl_control_slot.
[2026-08-04T10:49:40Z] INFO Coupled canonical slot prepared: sweep=2/3 slot=19/40 duplex=FLEXIBLE_OR_MIXED allow_dl=1 allow_ul=1.
[2026-08-04T10:49:47Z] INFO Starting coupled pre-scheduling control gating for slot 59/120 with 4 UEs.
[2026-08-04T10:49:47Z] INFO Coupled control gating progress for slot 59/120: UE 1/4, PBCH=0 PRACH=0 SRS=0 TRS=0.
[2026-08-04T10:49:47Z] INFO Coupled control gating progress for slot 59/120: UE 2/4, PBCH=0 PRACH=0 SRS=0 TRS=0.
[2026-08-04T10:49:48Z] INFO Coupled control gating progress for slot 59/120: UE 3/4, PBCH=0 PRACH=0 SRS=0 TRS=0.
[2026-08-04T10:49:48Z] INFO Coupled control gating progress for slot 59/120: UE 4/4, PBCH=0 PRACH=0 SRS=0 TRS=0.
[2026-08-04T10:49:48Z] INFO Coupled control gating complete: slot=59 frame=3 pbch_attempts=0 prach_attempts=0 srs_attempts=0 trs_attempts=0 acquired=4/4 access=4/4 valid_srs=4/4 valid_trs_cells=1/1 tracked_serving_users=4/4 eligible=4/4.
[2026-08-04T10:49:48Z] INFO Coupled control gating complete for slot 59/120: acquired=4/4 access=4/4 valid_srs=4/4 valid_trs_cells=1/1 tracked_serving_users=4/4 eligible=4/4.
[2026-08-04T10:49:48Z] INFO DL coupled publish: operating_point 2/3 configured_label_snr_dB=0.000 ue=0/4 dlDirectionalFrames=3/40 ulDirectionalFrames=0/40 dlRows=6 ulRows=0.
[2026-08-04T10:49:48Z] INFO Coupled DL scheduling deferred: sweep=2/3 slot=19/40 reason=configured_dl_symbol_allocation_not_available_in_tdd_slot policy=no_valid_harq_ack_occasion_from_current_dl_slot.
[2026-08-04T10:49:48Z] INFO Coupled DL schedule complete: sweep=2/3 slot=19/40 active=0 granted=0 grants=0.
[2026-08-04T10:49:48Z] INFO Coupled DL PDCCH qualification complete: sweep=2/3 slot=19/40 executable_grants=0.
[2026-08-04T10:49:48Z] INFO Preparing coupled DL batches: sweep=2/3 slot=19/40 candidate_grants=0 batch_size=24.
[2026-08-04T10:49:49Z] INFO Coupled UL K2 preschedule deferred: control_slot=59 reason=data_timing_rejected:target_hits_fixed_opposite_direction policy=no_valid_ul_occasion_from_current_dl_control_slot.
[2026-08-04T10:49:49Z] INFO Coupled UL queued grant lookup complete: sweep=2/3 slot=19/40 due_grants=0 pending_grants=2.
[2026-08-04T10:49:49Z] INFO Coupled canonical slot prepared: sweep=2/3 slot=20/40 duplex=UL allow_dl=0 allow_ul=1.
[2026-08-04T10:49:49Z] INFO Starting coupled pre-scheduling control gating for slot 60/120 with 4 UEs.
[2026-08-04T10:49:49Z] INFO Coupled control gating progress for slot 60/120: UE 1/4, PBCH=0 PRACH=0 SRS=0 TRS=0.
[2026-08-04T10:49:49Z] INFO Coupled control gating progress for slot 60/120: UE 2/4, PBCH=0 PRACH=0 SRS=0 TRS=0.
[2026-08-04T10:49:49Z] INFO Coupled control gating progress for slot 60/120: UE 3/4, PBCH=0 PRACH=0 SRS=0 TRS=0.
[2026-08-04T10:49:49Z] INFO Coupled control gating progress for slot 60/120: UE 4/4, PBCH=0 PRACH=0 SRS=0 TRS=0.
[2026-08-04T10:49:49Z] INFO Coupled control gating complete: slot=60 frame=3 pbch_attempts=0 prach_attempts=0 srs_attempts=0 trs_attempts=0 acquired=4/4 access=4/4 valid_srs=4/4 valid_trs_cells=1/1 tracked_serving_users=4/4 eligible=4/4.
[2026-08-04T10:49:49Z] INFO Coupled control gating complete for slot 60/120: acquired=4/4 access=4/4 valid_srs=4/4 valid_trs_cells=1/1 tracked_serving_users=4/4 eligible=4/4.
[2026-08-04T10:49:50Z] INFO UL coupled publish: operating_point 2/3 configured_label_snr_dB=0.000 ue=0/4 dlDirectionalFrames=3/40 ulDirectionalFrames=0/40 dlRows=6 ulRows=0.
[2026-08-04T10:49:50Z] INFO Coupled UL queued grant lookup complete: sweep=2/3 slot=20/40 due_grants=2 pending_grants=0.
[2026-08-04T10:49:50Z] INFO Preparing coupled UL batches: sweep=2/3 slot=20/40 candidate_grants=2 batch_size=24.
[2026-08-04T10:49:50Z] INFO Preparing coupled UL resolved grant cache: candidate_grants=2.
[2026-08-04T10:49:55Z] INFO Prepared coupled UL resolved grant cache entries: 2/2.
[2026-08-04T10:49:55Z] INFO Prepared coupled UL resolved grant cache complete: entries=2 elapsed_s=5.526.
[2026-08-04T10:49:55Z] INFO Prepared coupled UL chunk: sweep=2/3 slot=20/40 executable_plans=2 chunk=1-2 of 2.
[2026-08-04T10:49:55Z] INFO Executing coupled UL chunk: sweep=2/3 slot=20/40 chunk=1-2 of 2.
[2026-08-04T10:49:56Z] INFO Executing coupled UL grant chunk serially: plans=2 reason=parallel_safety_or_pool_unavailable.
[2026-08-04T10:50:36Z] INFO Publishing coupled UL chunk results: sweep=2/3 slot=20/40 committed_rows=2 current_primary_rows=2.
[2026-08-04T10:50:51Z] INFO UL heavy live artifact refresh: reason=post_grant_chunk slot=20/40 interval=20.
[2026-08-04T10:50:51Z] INFO UL coupled publish: operating_point 2/3 configured_label_snr_dB=0.000 ue=2/4 dlDirectionalFrames=3/40 ulDirectionalFrames=3/40 dlRows=6 ulRows=2.
[2026-08-04T10:50:51Z] INFO Coupled canonical slot prepared: sweep=2/3 slot=21/40 duplex=DL allow_dl=1 allow_ul=0.
[2026-08-04T10:50:51Z] INFO Starting coupled pre-scheduling control gating for slot 61/120 with 4 UEs.
[2026-08-04T10:50:54Z] INFO Coupled control gating progress for slot 61/120: UE 1/4, PBCH=0 PRACH=0 SRS=0 TRS=1.
[2026-08-04T10:50:54Z] INFO Coupled control gating progress for slot 61/120: UE 2/4, PBCH=0 PRACH=0 SRS=0 TRS=1.
[2026-08-04T10:50:54Z] INFO Coupled control gating progress for slot 61/120: UE 3/4, PBCH=0 PRACH=0 SRS=0 TRS=1.
[2026-08-04T10:50:55Z] INFO Coupled control gating progress for slot 61/120: UE 4/4, PBCH=0 PRACH=0 SRS=0 TRS=1.
[2026-08-04T10:50:55Z] INFO Coupled control gating complete: slot=61 frame=4 pbch_attempts=0 prach_attempts=0 srs_attempts=0 trs_attempts=1 acquired=4/4 access=4/4 valid_srs=4/4 valid_trs_cells=1/1 tracked_serving_users=4/4 eligible=4/4.
[2026-08-04T10:50:55Z] INFO Coupled control gating complete for slot 61/120: acquired=4/4 access=4/4 valid_srs=4/4 valid_trs_cells=1/1 tracked_serving_users=4/4 eligible=4/4.
[2026-08-04T10:50:55Z] INFO DL coupled publish: operating_point 2/3 configured_label_snr_dB=0.000 ue=0/4 dlDirectionalFrames=3/40 ulDirectionalFrames=3/40 dlRows=6 ulRows=2.
[2026-08-04T10:50:57Z] INFO Coupled DL schedule complete: sweep=2/3 slot=21/40 active=4 granted=2 grants=2.
[2026-08-04T10:51:00Z] INFO Coupled DL PDCCH grant binding: ue=3 required=1 ok=1 status=bound failure= dci=93d30525e18b42dc0e208d08cf5193357ec93e2bf6e8dfbb010eb14a73d05c30 grant_ss=1 observed_ss=1 bound_ss=1 grant_coreset=0 observed_coreset=0 bound_coreset=0.
[2026-08-04T10:51:02Z] INFO Coupled DL PDCCH grant binding: ue=4 required=1 ok=1 status=bound failure= dci=93d30525e18b42dc0e208d08cf5193357ec93e2bf6e8dfbb010eb14a73d05c30 grant_ss=1 observed_ss=1 bound_ss=1 grant_coreset=0 observed_coreset=0 bound_coreset=0.
[2026-08-04T10:51:02Z] INFO Coupled DL PDCCH qualification complete: sweep=2/3 slot=21/40 executable_grants=2.
[2026-08-04T10:51:02Z] INFO Preparing coupled DL batches: sweep=2/3 slot=21/40 candidate_grants=2 batch_size=24.
[2026-08-04T10:51:02Z] INFO Preparing coupled DL resolved grant cache: candidate_grants=2.
[2026-08-04T10:51:20Z] INFO Prepared coupled DL resolved grant cache entries: 2/2.
[2026-08-04T10:51:20Z] INFO Prepared coupled DL resolved grant cache complete: entries=2 elapsed_s=18.240.
[2026-08-04T10:51:22Z] INFO Prepared coupled DL chunk: sweep=2/3 slot=21/40 executable_plans=2 chunk=1-2 of 2.
[2026-08-04T10:51:22Z] INFO Executing coupled DL chunk: sweep=2/3 slot=21/40 chunk=1-2 of 2.
[2026-08-04T10:51:22Z] INFO Executing coupled DL grant chunk serially: plans=2 reason=parallel_safety_or_pool_unavailable.
[2026-08-04T10:52:13Z] INFO Publishing coupled DL chunk results: sweep=2/3 slot=21/40 committed_rows=2 current_primary_rows=8.
[2026-08-04T10:52:14Z] INFO DL coupled publish: operating_point 2/3 configured_label_snr_dB=0.000 ue=4/4 dlDirectionalFrames=4/40 ulDirectionalFrames=3/40 dlRows=8 ulRows=2.
[2026-08-04T10:52:16Z] INFO Coupled UL K2 preschedule complete: control_slot=61 due_slot=65 k2=4 active=4 granted=2 grants=2.
[2026-08-04T10:52:37Z] INFO Coupled UL PDCCH grant binding: ue=3 required=1 ok=1 status=bound failure= dci=a88933c52bb3b13da075c265dbaf24772e322a181cc1bc6502b334aaf1bb5147 grant_ss=1 observed_ss=1 bound_ss=1 grant_coreset=0 observed_coreset=0 bound_coreset=0.
[2026-08-04T10:52:54Z] INFO Coupled UL PDCCH grant binding: ue=4 required=1 ok=1 status=bound failure= dci=51f42c9ed382df4ef3af1bf1080eab581d9572469825b684776eca4e0216af0a grant_ss=1 observed_ss=1 bound_ss=1 grant_coreset=0 observed_coreset=0 bound_coreset=0.
[2026-08-04T10:52:54Z] INFO Queued coupled UL grants after K2 PDCCH qualification: control_slot=61 due_slot=65 executable_grants=2 pending_total=2.
[2026-08-04T10:52:54Z] INFO Coupled canonical slot prepared: sweep=2/3 slot=22/40 duplex=DL allow_dl=1 allow_ul=0.
[2026-08-04T10:52:54Z] INFO Starting coupled pre-scheduling control gating for slot 62/120 with 4 UEs.
[2026-08-04T10:52:55Z] INFO Coupled control gating progress for slot 62/120: UE 1/4, PBCH=0 PRACH=0 SRS=0 TRS=0.
[2026-08-04T10:52:55Z] INFO Coupled control gating progress for slot 62/120: UE 2/4, PBCH=0 PRACH=0 SRS=0 TRS=0.
[2026-08-04T10:52:55Z] INFO Coupled control gating progress for slot 62/120: UE 3/4, PBCH=0 PRACH=0 SRS=0 TRS=0.
[2026-08-04T10:52:55Z] INFO Coupled control gating progress for slot 62/120: UE 4/4, PBCH=0 PRACH=0 SRS=0 TRS=0.
[2026-08-04T10:52:55Z] INFO Coupled control gating complete: slot=62 frame=4 pbch_attempts=0 prach_attempts=0 srs_attempts=0 trs_attempts=0 acquired=4/4 access=4/4 valid_srs=4/4 valid_trs_cells=1/1 tracked_serving_users=4/4 eligible=4/4.
[2026-08-04T10:52:55Z] INFO Coupled control gating complete for slot 62/120: acquired=4/4 access=4/4 valid_srs=4/4 valid_trs_cells=1/1 tracked_serving_users=4/4 eligible=4/4.
[2026-08-04T10:52:56Z] INFO DL coupled publish: operating_point 2/3 configured_label_snr_dB=0.000 ue=0/4 dlDirectionalFrames=4/40 ulDirectionalFrames=3/40 dlRows=8 ulRows=2.
[2026-08-04T10:52:57Z] INFO Coupled DL schedule complete: sweep=2/3 slot=22/40 active=4 granted=2 grants=2.
[2026-08-04T10:52:59Z] INFO Coupled DL PDCCH grant binding: ue=1 required=1 ok=1 status=bound failure= dci=61555f10a9196289cfaf0f9375cfd23c7260b44622b05719da2800ab75122124 grant_ss=1 observed_ss=1 bound_ss=1 grant_coreset=0 observed_coreset=0 bound_coreset=0.
[2026-08-04T10:53:01Z] INFO Coupled DL PDCCH grant binding: ue=2 required=1 ok=1 status=bound failure= dci=61555f10a9196289cfaf0f9375cfd23c7260b44622b05719da2800ab75122124 grant_ss=1 observed_ss=1 bound_ss=1 grant_coreset=0 observed_coreset=0 bound_coreset=0.
[2026-08-04T10:53:01Z] INFO Coupled DL PDCCH qualification complete: sweep=2/3 slot=22/40 executable_grants=2.
[2026-08-04T10:53:01Z] INFO Preparing coupled DL batches: sweep=2/3 slot=22/40 candidate_grants=2 batch_size=24.
[2026-08-04T10:53:01Z] INFO Preparing coupled DL resolved grant cache: candidate_grants=2.
[2026-08-04T10:53:23Z] INFO Prepared coupled DL resolved grant cache entries: 2/2.
[2026-08-04T10:53:23Z] INFO Prepared coupled DL resolved grant cache complete: entries=2 elapsed_s=21.206.
[2026-08-04T10:53:23Z] INFO Prepared coupled DL chunk: sweep=2/3 slot=22/40 executable_plans=2 chunk=1-2 of 2.
[2026-08-04T10:53:23Z] INFO Executing coupled DL chunk: sweep=2/3 slot=22/40 chunk=1-2 of 2.
[2026-08-04T10:53:24Z] INFO Executing coupled DL grant chunk serially: plans=2 reason=parallel_safety_or_pool_unavailable.
[2026-08-04T10:54:08Z] INFO Publishing coupled DL chunk results: sweep=2/3 slot=22/40 committed_rows=2 current_primary_rows=10.
[2026-08-04T10:54:09Z] INFO DL coupled publish: operating_point 2/3 configured_label_snr_dB=0.000 ue=2/4 dlDirectionalFrames=4/40 ulDirectionalFrames=3/40 dlRows=10 ulRows=2.
[2026-08-04T10:54:09Z] INFO Coupled UL K2 preschedule deferred: control_slot=62 reason=data_timing_rejected:target_hits_fixed_opposite_direction policy=no_valid_ul_occasion_from_current_dl_control_slot.
[2026-08-04T10:54:09Z] INFO Coupled canonical slot prepared: sweep=2/3 slot=23/40 duplex=DL allow_dl=1 allow_ul=0.
[2026-08-04T10:54:09Z] INFO Starting coupled pre-scheduling control gating for slot 63/120 with 4 UEs.
[2026-08-04T10:54:09Z] INFO Coupled control gating progress for slot 63/120: UE 1/4, PBCH=0 PRACH=0 SRS=0 TRS=0.
[2026-08-04T10:54:10Z] INFO Coupled control gating progress for slot 63/120: UE 2/4, PBCH=0 PRACH=0 SRS=0 TRS=0.
[2026-08-04T10:54:10Z] INFO Coupled control gating progress for slot 63/120: UE 3/4, PBCH=0 PRACH=0 SRS=0 TRS=0.
[2026-08-04T10:54:10Z] INFO Coupled control gating progress for slot 63/120: UE 4/4, PBCH=0 PRACH=0 SRS=0 TRS=0.
[2026-08-04T10:54:10Z] INFO Coupled control gating complete: slot=63 frame=4 pbch_attempts=0 prach_attempts=0 srs_attempts=0 trs_attempts=0 acquired=4/4 access=4/4 valid_srs=4/4 valid_trs_cells=1/1 tracked_serving_users=4/4 eligible=4/4.
[2026-08-04T10:54:10Z] INFO Coupled control gating complete for slot 63/120: acquired=4/4 access=4/4 valid_srs=4/4 valid_trs_cells=1/1 tracked_serving_users=4/4 eligible=4/4.
[2026-08-04T10:54:10Z] INFO DL coupled publish: operating_point 2/3 configured_label_snr_dB=0.000 ue=0/4 dlDirectionalFrames=4/40 ulDirectionalFrames=3/40 dlRows=10 ulRows=2.
[2026-08-04T10:54:11Z] INFO Coupled DL schedule complete: sweep=2/3 slot=23/40 active=4 granted=2 grants=2.
[2026-08-04T10:54:14Z] INFO Coupled DL PDCCH grant binding: ue=3 required=1 ok=1 status=bound failure= dci=910874c34bda0d45de698abb674d808e0824c5580fa27250d1f006881ed4ce14 grant_ss=1 observed_ss=1 bound_ss=1 grant_coreset=0 observed_coreset=0 bound_coreset=0.
[2026-08-04T10:54:16Z] INFO Coupled DL PDCCH grant binding: ue=4 required=1 ok=1 status=bound failure= dci=910874c34bda0d45de698abb674d808e0824c5580fa27250d1f006881ed4ce14 grant_ss=1 observed_ss=1 bound_ss=1 grant_coreset=0 observed_coreset=0 bound_coreset=0.
[2026-08-04T10:54:16Z] INFO Coupled DL PDCCH qualification complete: sweep=2/3 slot=23/40 executable_grants=2.
[2026-08-04T10:54:16Z] INFO Preparing coupled DL batches: sweep=2/3 slot=23/40 candidate_grants=2 batch_size=24.
[2026-08-04T10:54:16Z] INFO Preparing coupled DL resolved grant cache: candidate_grants=2.
[2026-08-04T10:54:34Z] INFO Prepared coupled DL resolved grant cache entries: 2/2.
[2026-08-04T10:54:34Z] INFO Prepared coupled DL resolved grant cache complete: entries=2 elapsed_s=17.996.
[2026-08-04T10:54:35Z] INFO Prepared coupled DL chunk: sweep=2/3 slot=23/40 executable_plans=2 chunk=1-2 of 2.
[2026-08-04T10:54:35Z] INFO Executing coupled DL chunk: sweep=2/3 slot=23/40 chunk=1-2 of 2.
[2026-08-04T10:54:35Z] INFO Executing coupled DL grant chunk serially: plans=2 reason=parallel_safety_or_pool_unavailable.
[2026-08-04T10:55:20Z] INFO Publishing coupled DL chunk results: sweep=2/3 slot=23/40 committed_rows=2 current_primary_rows=12.
[2026-08-04T10:55:21Z] INFO DL coupled publish: operating_point 2/3 configured_label_snr_dB=0.000 ue=4/4 dlDirectionalFrames=4/40 ulDirectionalFrames=3/40 dlRows=12 ulRows=2.
[2026-08-04T10:55:21Z] INFO Coupled UL K2 preschedule deferred: control_slot=63 reason=data_timing_rejected:target_hits_fixed_opposite_direction policy=no_valid_ul_occasion_from_current_dl_control_slot.
[2026-08-04T10:55:21Z] INFO Coupled canonical slot prepared: sweep=2/3 slot=24/40 duplex=FLEXIBLE_OR_MIXED allow_dl=1 allow_ul=1.
[2026-08-04T10:55:26Z] INFO Starting coupled pre-scheduling control gating for slot 64/120 with 4 UEs.
[2026-08-04T10:55:27Z] INFO Coupled control gating progress for slot 64/120: UE 1/4, PBCH=0 PRACH=0 SRS=0 TRS=0.
[2026-08-04T10:55:27Z] INFO Coupled control gating progress for slot 64/120: UE 2/4, PBCH=0 PRACH=0 SRS=0 TRS=0.
[2026-08-04T10:55:27Z] INFO Coupled control gating progress for slot 64/120: UE 3/4, PBCH=0 PRACH=0 SRS=0 TRS=0.
[2026-08-04T10:55:27Z] INFO Coupled control gating progress for slot 64/120: UE 4/4, PBCH=0 PRACH=0 SRS=0 TRS=0.
[2026-08-04T10:55:27Z] INFO Coupled control gating complete: slot=64 frame=4 pbch_attempts=0 prach_attempts=0 srs_attempts=0 trs_attempts=0 acquired=4/4 access=4/4 valid_srs=4/4 valid_trs_cells=1/1 tracked_serving_users=4/4 eligible=4/4.
[2026-08-04T10:55:27Z] INFO Coupled control gating complete for slot 64/120: acquired=4/4 access=4/4 valid_srs=4/4 valid_trs_cells=1/1 tracked_serving_users=4/4 eligible=4/4.
[2026-08-04T10:55:27Z] INFO DL coupled publish: operating_point 2/3 configured_label_snr_dB=0.000 ue=0/4 dlDirectionalFrames=4/40 ulDirectionalFrames=3/40 dlRows=12 ulRows=2.
[2026-08-04T10:55:27Z] INFO Coupled DL scheduling deferred: sweep=2/3 slot=24/40 reason=configured_dl_symbol_allocation_not_available_in_tdd_slot policy=no_valid_harq_ack_occasion_from_current_dl_slot.
[2026-08-04T10:55:27Z] INFO Coupled DL schedule complete: sweep=2/3 slot=24/40 active=0 granted=0 grants=0.
[2026-08-04T10:55:27Z] INFO Coupled DL PDCCH qualification complete: sweep=2/3 slot=24/40 executable_grants=0.
[2026-08-04T10:55:27Z] INFO Preparing coupled DL batches: sweep=2/3 slot=24/40 candidate_grants=0 batch_size=24.
[2026-08-04T10:55:27Z] INFO Coupled UL K2 preschedule deferred: control_slot=64 reason=data_timing_rejected:target_hits_fixed_opposite_direction policy=no_valid_ul_occasion_from_current_dl_control_slot.
[2026-08-04T10:55:27Z] INFO Coupled UL queued grant lookup complete: sweep=2/3 slot=24/40 due_grants=0 pending_grants=2.
[2026-08-04T10:55:27Z] INFO Coupled canonical slot prepared: sweep=2/3 slot=25/40 duplex=UL allow_dl=0 allow_ul=1.
[2026-08-04T10:55:28Z] INFO Starting coupled pre-scheduling control gating for slot 65/120 with 4 UEs.
[2026-08-04T10:55:28Z] INFO Coupled control gating progress for slot 65/120: UE 1/4, PBCH=0 PRACH=0 SRS=0 TRS=0.
[2026-08-04T10:55:28Z] INFO Coupled control gating progress for slot 65/120: UE 2/4, PBCH=0 PRACH=0 SRS=0 TRS=0.
[2026-08-04T10:55:28Z] INFO Coupled control gating progress for slot 65/120: UE 3/4, PBCH=0 PRACH=0 SRS=0 TRS=0.
[2026-08-04T10:55:28Z] INFO Coupled control gating progress for slot 65/120: UE 4/4, PBCH=0 PRACH=0 SRS=0 TRS=0.
[2026-08-04T10:55:28Z] INFO Coupled control gating complete: slot=65 frame=4 pbch_attempts=0 prach_attempts=0 srs_attempts=0 trs_attempts=0 acquired=4/4 access=4/4 valid_srs=4/4 valid_trs_cells=1/1 tracked_serving_users=4/4 eligible=4/4.
[2026-08-04T10:55:28Z] INFO Coupled control gating complete for slot 65/120: acquired=4/4 access=4/4 valid_srs=4/4 valid_trs_cells=1/1 tracked_serving_users=4/4 eligible=4/4.
[2026-08-04T10:55:28Z] INFO UL coupled publish: operating_point 2/3 configured_label_snr_dB=0.000 ue=0/4 dlDirectionalFrames=4/40 ulDirectionalFrames=3/40 dlRows=12 ulRows=2.
[2026-08-04T10:55:28Z] INFO Coupled UL queued grant lookup complete: sweep=2/3 slot=25/40 due_grants=2 pending_grants=0.
[2026-08-04T10:55:28Z] INFO Preparing coupled UL batches: sweep=2/3 slot=25/40 candidate_grants=2 batch_size=24.
[2026-08-04T10:55:28Z] INFO Preparing coupled UL resolved grant cache: candidate_grants=2.
[2026-08-04T10:55:34Z] INFO Prepared coupled UL resolved grant cache entries: 2/2.
[2026-08-04T10:55:34Z] INFO Prepared coupled UL resolved grant cache complete: entries=2 elapsed_s=5.957.
[2026-08-04T10:55:34Z] INFO Prepared coupled UL chunk: sweep=2/3 slot=25/40 executable_plans=2 chunk=1-2 of 2.
[2026-08-04T10:55:34Z] INFO Executing coupled UL chunk: sweep=2/3 slot=25/40 chunk=1-2 of 2.
[2026-08-04T10:55:35Z] INFO Executing coupled UL grant chunk serially: plans=2 reason=parallel_safety_or_pool_unavailable.
[2026-08-04T10:56:41Z] INFO Publishing coupled UL chunk results: sweep=2/3 slot=25/40 committed_rows=2 current_primary_rows=4.
[2026-08-04T10:56:43Z] INFO UL coupled publish: operating_point 2/3 configured_label_snr_dB=0.000 ue=4/4 dlDirectionalFrames=4/40 ulDirectionalFrames=4/40 dlRows=12 ulRows=4.
[2026-08-04T10:56:43Z] INFO Coupled canonical slot prepared: sweep=2/3 slot=26/40 duplex=DL allow_dl=1 allow_ul=0.
[2026-08-04T10:56:43Z] INFO Starting coupled pre-scheduling control gating for slot 66/120 with 4 UEs.
[2026-08-04T10:56:43Z] INFO Coupled control gating progress for slot 66/120: UE 1/4, PBCH=0 PRACH=0 SRS=0 TRS=0.
[2026-08-04T10:56:43Z] INFO Coupled control gating progress for slot 66/120: UE 2/4, PBCH=0 PRACH=0 SRS=0 TRS=0.
[2026-08-04T10:56:43Z] INFO Coupled control gating progress for slot 66/120: UE 3/4, PBCH=0 PRACH=0 SRS=0 TRS=0.
[2026-08-04T10:56:43Z] INFO Coupled control gating progress for slot 66/120: UE 4/4, PBCH=0 PRACH=0 SRS=0 TRS=0.
[2026-08-04T10:56:43Z] INFO Coupled control gating complete: slot=66 frame=4 pbch_attempts=0 prach_attempts=0 srs_attempts=0 trs_attempts=0 acquired=4/4 access=4/4 valid_srs=4/4 valid_trs_cells=1/1 tracked_serving_users=4/4 eligible=4/4.
[2026-08-04T10:56:43Z] INFO Coupled control gating complete for slot 66/120: acquired=4/4 access=4/4 valid_srs=4/4 valid_trs_cells=1/1 tracked_serving_users=4/4 eligible=4/4.
[2026-08-04T10:56:44Z] INFO DL coupled publish: operating_point 2/3 configured_label_snr_dB=0.000 ue=0/4 dlDirectionalFrames=4/40 ulDirectionalFrames=4/40 dlRows=12 ulRows=4.
[2026-08-04T10:56:45Z] INFO Coupled DL schedule complete: sweep=2/3 slot=26/40 active=4 granted=2 grants=2.
[2026-08-04T10:56:47Z] INFO Coupled DL PDCCH grant binding: ue=1 required=1 ok=1 status=bound failure= dci=c32ab18d8d2e4250ffd1484ce74278a8e0b7bbd85c73e8e41f00dddb0933b73b grant_ss=1 observed_ss=1 bound_ss=1 grant_coreset=0 observed_coreset=0 bound_coreset=0.
[2026-08-04T10:56:49Z] INFO Coupled DL PDCCH grant binding: ue=2 required=1 ok=1 status=bound failure= dci=0b5f54296daab19f06e8400b791bd626a23880dd09f0bcb5a00ff2a774eb948e grant_ss=1 observed_ss=1 bound_ss=1 grant_coreset=0 observed_coreset=0 bound_coreset=0.
[2026-08-04T10:56:49Z] INFO Coupled DL PDCCH qualification complete: sweep=2/3 slot=26/40 executable_grants=2.
[2026-08-04T10:56:49Z] INFO Preparing coupled DL batches: sweep=2/3 slot=26/40 candidate_grants=2 batch_size=24.
[2026-08-04T10:56:49Z] INFO Preparing coupled DL resolved grant cache: candidate_grants=2.
[2026-08-04T10:57:13Z] INFO Prepared coupled DL resolved grant cache entries: 2/2.
[2026-08-04T10:57:13Z] INFO Prepared coupled DL resolved grant cache complete: entries=2 elapsed_s=23.337.
[2026-08-04T10:57:13Z] INFO Prepared coupled DL chunk: sweep=2/3 slot=26/40 executable_plans=2 chunk=1-2 of 2.
[2026-08-04T10:57:13Z] INFO Executing coupled DL chunk: sweep=2/3 slot=26/40 chunk=1-2 of 2.
[2026-08-04T10:57:13Z] INFO Executing coupled DL grant chunk serially: plans=2 reason=parallel_safety_or_pool_unavailable.
[2026-08-04T10:57:56Z] INFO Publishing coupled DL chunk results: sweep=2/3 slot=26/40 committed_rows=2 current_primary_rows=14.
[2026-08-04T10:57:57Z] INFO DL coupled publish: operating_point 2/3 configured_label_snr_dB=0.000 ue=2/4 dlDirectionalFrames=4/40 ulDirectionalFrames=4/40 dlRows=14 ulRows=4.
[2026-08-04T10:57:58Z] INFO Coupled UL K2 preschedule complete: control_slot=66 due_slot=70 k2=4 active=4 granted=2 grants=2.
[2026-08-04T10:58:14Z] INFO Coupled UL PDCCH grant binding: ue=1 required=1 ok=1 status=bound failure= dci=7d0e5c006afb016fa1c4f79733eaf8797d732605225f5f86919653a3268f6be3 grant_ss=1 observed_ss=1 bound_ss=1 grant_coreset=0 observed_coreset=0 bound_coreset=0.
[2026-08-04T10:58:31Z] INFO Coupled UL PDCCH grant binding: ue=2 required=1 ok=1 status=bound failure= dci=7fda7c0a8611d1ec2a777f0bd3c2c1996033c210111e08258ae4285934472acb grant_ss=1 observed_ss=1 bound_ss=1 grant_coreset=0 observed_coreset=0 bound_coreset=0.
[2026-08-04T10:58:31Z] INFO Queued coupled UL grants after K2 PDCCH qualification: control_slot=66 due_slot=70 executable_grants=2 pending_total=2.
[2026-08-04T10:58:31Z] INFO Coupled canonical slot prepared: sweep=2/3 slot=27/40 duplex=DL allow_dl=1 allow_ul=0.
[2026-08-04T10:58:31Z] INFO Starting coupled pre-scheduling control gating for slot 67/120 with 4 UEs.
[2026-08-04T10:58:31Z] INFO Coupled control gating progress for slot 67/120: UE 1/4, PBCH=0 PRACH=0 SRS=0 TRS=0.
[2026-08-04T10:58:31Z] INFO Coupled control gating progress for slot 67/120: UE 2/4, PBCH=0 PRACH=0 SRS=0 TRS=0.
[2026-08-04T10:58:31Z] INFO Coupled control gating progress for slot 67/120: UE 3/4, PBCH=0 PRACH=0 SRS=0 TRS=0.
[2026-08-04T10:58:31Z] INFO Coupled control gating progress for slot 67/120: UE 4/4, PBCH=0 PRACH=0 SRS=0 TRS=0.
[2026-08-04T10:58:32Z] INFO Coupled control gating complete: slot=67 frame=4 pbch_attempts=0 prach_attempts=0 srs_attempts=0 trs_attempts=0 acquired=4/4 access=4/4 valid_srs=4/4 valid_trs_cells=1/1 tracked_serving_users=4/4 eligible=4/4.
[2026-08-04T10:58:32Z] INFO Coupled control gating complete for slot 67/120: acquired=4/4 access=4/4 valid_srs=4/4 valid_trs_cells=1/1 tracked_serving_users=4/4 eligible=4/4.
[2026-08-04T10:58:32Z] INFO DL coupled publish: operating_point 2/3 configured_label_snr_dB=0.000 ue=0/4 dlDirectionalFrames=4/40 ulDirectionalFrames=4/40 dlRows=14 ulRows=4.
[2026-08-04T10:58:33Z] INFO Coupled DL schedule complete: sweep=2/3 slot=27/40 active=4 granted=2 grants=2.
[2026-08-04T10:58:35Z] INFO Coupled DL PDCCH grant binding: ue=3 required=1 ok=1 status=bound failure= dci=21ae070575c5d69f2b2b8bcc339fdd73621d75e5c3e6c991767cfc7fea3ad2bd grant_ss=1 observed_ss=1 bound_ss=1 grant_coreset=0 observed_coreset=0 bound_coreset=0.
[2026-08-04T10:58:38Z] INFO Coupled DL PDCCH grant binding: ue=4 required=1 ok=1 status=bound failure= dci=76e541f39aa5a81ad03a36d740683f6b7cf68b154f689196176fc1f966b65ccd grant_ss=1 observed_ss=1 bound_ss=1 grant_coreset=0 observed_coreset=0 bound_coreset=0.
[2026-08-04T10:58:38Z] INFO Coupled DL PDCCH qualification complete: sweep=2/3 slot=27/40 executable_grants=2.
[2026-08-04T10:58:38Z] INFO Preparing coupled DL batches: sweep=2/3 slot=27/40 candidate_grants=2 batch_size=24.
[2026-08-04T10:58:38Z] INFO Preparing coupled DL resolved grant cache: candidate_grants=2.
[2026-08-04T10:59:01Z] INFO Prepared coupled DL resolved grant cache entries: 2/2.
[2026-08-04T10:59:01Z] INFO Prepared coupled DL resolved grant cache complete: entries=2 elapsed_s=23.365.
[2026-08-04T10:59:02Z] INFO Prepared coupled DL chunk: sweep=2/3 slot=27/40 executable_plans=2 chunk=1-2 of 2.
[2026-08-04T10:59:02Z] INFO Executing coupled DL chunk: sweep=2/3 slot=27/40 chunk=1-2 of 2.
[2026-08-04T10:59:02Z] INFO Executing coupled DL grant chunk serially: plans=2 reason=parallel_safety_or_pool_unavailable.
[2026-08-04T10:59:42Z] INFO Publishing coupled DL chunk results: sweep=2/3 slot=27/40 committed_rows=2 current_primary_rows=16.
[2026-08-04T10:59:43Z] INFO DL coupled publish: operating_point 2/3 configured_label_snr_dB=0.000 ue=4/4 dlDirectionalFrames=4/40 ulDirectionalFrames=4/40 dlRows=16 ulRows=4.
[2026-08-04T10:59:43Z] INFO Coupled UL K2 preschedule deferred: control_slot=67 reason=data_timing_rejected:target_hits_fixed_opposite_direction policy=no_valid_ul_occasion_from_current_dl_control_slot.
[2026-08-04T10:59:43Z] INFO Coupled canonical slot prepared: sweep=2/3 slot=28/40 duplex=DL allow_dl=1 allow_ul=0.
[2026-08-04T10:59:43Z] INFO Starting coupled pre-scheduling control gating for slot 68/120 with 4 UEs.
[2026-08-04T10:59:43Z] INFO Coupled control gating progress for slot 68/120: UE 1/4, PBCH=0 PRACH=0 SRS=0 TRS=0.
[2026-08-04T10:59:44Z] INFO Coupled control gating progress for slot 68/120: UE 2/4, PBCH=0 PRACH=0 SRS=0 TRS=0.
[2026-08-04T10:59:44Z] INFO Coupled control gating progress for slot 68/120: UE 3/4, PBCH=0 PRACH=0 SRS=0 TRS=0.
[2026-08-04T10:59:44Z] INFO Coupled control gating progress for slot 68/120: UE 4/4, PBCH=0 PRACH=0 SRS=0 TRS=0.
[2026-08-04T10:59:44Z] INFO Coupled control gating complete: slot=68 frame=4 pbch_attempts=0 prach_attempts=0 srs_attempts=0 trs_attempts=0 acquired=4/4 access=4/4 valid_srs=4/4 valid_trs_cells=1/1 tracked_serving_users=4/4 eligible=4/4.
[2026-08-04T10:59:44Z] INFO Coupled control gating complete for slot 68/120: acquired=4/4 access=4/4 valid_srs=4/4 valid_trs_cells=1/1 tracked_serving_users=4/4 eligible=4/4.
[2026-08-04T10:59:44Z] INFO DL coupled publish: operating_point 2/3 configured_label_snr_dB=0.000 ue=0/4 dlDirectionalFrames=4/40 ulDirectionalFrames=4/40 dlRows=16 ulRows=4.
[2026-08-04T10:59:45Z] INFO Coupled DL schedule complete: sweep=2/3 slot=28/40 active=4 granted=2 grants=2.
[2026-08-04T10:59:47Z] INFO Coupled DL PDCCH grant binding: ue=1 required=1 ok=1 status=bound failure= dci=59c15a75d60f7211868cfedbc1d5463939717f10316db1f8947d47c6b2515ba9 grant_ss=1 observed_ss=1 bound_ss=1 grant_coreset=0 observed_coreset=0 bound_coreset=0.
[2026-08-04T10:59:49Z] INFO Coupled DL PDCCH grant binding: ue=2 required=1 ok=1 status=bound failure= dci=f5d501b0fbde8be0df96857e4e9a079c36b72af0bbdb4911fc768dc253e43fd5 grant_ss=1 observed_ss=1 bound_ss=1 grant_coreset=0 observed_coreset=0 bound_coreset=0.
[2026-08-04T10:59:49Z] INFO Coupled DL PDCCH qualification complete: sweep=2/3 slot=28/40 executable_grants=2.
[2026-08-04T10:59:49Z] INFO Preparing coupled DL batches: sweep=2/3 slot=28/40 candidate_grants=2 batch_size=24.
[2026-08-04T10:59:49Z] INFO Preparing coupled DL resolved grant cache: candidate_grants=2.
[2026-08-04T11:00:08Z] INFO Prepared coupled DL resolved grant cache entries: 2/2.
[2026-08-04T11:00:08Z] INFO Prepared coupled DL resolved grant cache complete: entries=2 elapsed_s=19.449.
[2026-08-04T11:00:09Z] INFO Prepared coupled DL chunk: sweep=2/3 slot=28/40 executable_plans=2 chunk=1-2 of 2.
[2026-08-04T11:00:09Z] INFO Executing coupled DL chunk: sweep=2/3 slot=28/40 chunk=1-2 of 2.
[2026-08-04T11:00:09Z] INFO Executing coupled DL grant chunk serially: plans=2 reason=parallel_safety_or_pool_unavailable.
[2026-08-04T11:00:48Z] INFO Publishing coupled DL chunk results: sweep=2/3 slot=28/40 committed_rows=2 current_primary_rows=18.
[2026-08-04T11:00:49Z] INFO DL coupled publish: operating_point 2/3 configured_label_snr_dB=0.000 ue=2/4 dlDirectionalFrames=4/40 ulDirectionalFrames=4/40 dlRows=18 ulRows=4.
[2026-08-04T11:00:49Z] INFO Coupled UL K2 preschedule deferred: control_slot=68 reason=data_timing_rejected:target_hits_fixed_opposite_direction policy=no_valid_ul_occasion_from_current_dl_control_slot.
[2026-08-04T11:00:49Z] INFO Coupled canonical slot prepared: sweep=2/3 slot=29/40 duplex=FLEXIBLE_OR_MIXED allow_dl=1 allow_ul=1.
[2026-08-04T11:00:54Z] INFO Starting coupled pre-scheduling control gating for slot 69/120 with 4 UEs.
[2026-08-04T11:00:54Z] INFO Coupled control gating progress for slot 69/120: UE 1/4, PBCH=0 PRACH=0 SRS=0 TRS=0.
[2026-08-04T11:00:54Z] INFO Coupled control gating progress for slot 69/120: UE 2/4, PBCH=0 PRACH=0 SRS=0 TRS=0.
[2026-08-04T11:00:55Z] INFO Coupled control gating progress for slot 69/120: UE 3/4, PBCH=0 PRACH=0 SRS=0 TRS=0.
[2026-08-04T11:00:55Z] INFO Coupled control gating progress for slot 69/120: UE 4/4, PBCH=0 PRACH=0 SRS=0 TRS=0.
[2026-08-04T11:00:55Z] INFO Coupled control gating complete: slot=69 frame=4 pbch_attempts=0 prach_attempts=0 srs_attempts=0 trs_attempts=0 acquired=4/4 access=4/4 valid_srs=4/4 valid_trs_cells=1/1 tracked_serving_users=4/4 eligible=4/4.
[2026-08-04T11:00:55Z] INFO Coupled control gating complete for slot 69/120: acquired=4/4 access=4/4 valid_srs=4/4 valid_trs_cells=1/1 tracked_serving_users=4/4 eligible=4/4.
[2026-08-04T11:00:55Z] INFO DL coupled publish: operating_point 2/3 configured_label_snr_dB=0.000 ue=0/4 dlDirectionalFrames=4/40 ulDirectionalFrames=4/40 dlRows=18 ulRows=4.
[2026-08-04T11:00:55Z] INFO Coupled DL scheduling deferred: sweep=2/3 slot=29/40 reason=configured_dl_symbol_allocation_not_available_in_tdd_slot policy=no_valid_harq_ack_occasion_from_current_dl_slot.
[2026-08-04T11:00:55Z] INFO Coupled DL schedule complete: sweep=2/3 slot=29/40 active=0 granted=0 grants=0.
[2026-08-04T11:00:55Z] INFO Coupled DL PDCCH qualification complete: sweep=2/3 slot=29/40 executable_grants=0.
[2026-08-04T11:00:55Z] INFO Preparing coupled DL batches: sweep=2/3 slot=29/40 candidate_grants=0 batch_size=24.
[2026-08-04T11:00:55Z] INFO Coupled UL K2 preschedule deferred: control_slot=69 reason=data_timing_rejected:target_hits_fixed_opposite_direction policy=no_valid_ul_occasion_from_current_dl_control_slot.
[2026-08-04T11:00:55Z] INFO Coupled UL queued grant lookup complete: sweep=2/3 slot=29/40 due_grants=0 pending_grants=2.
[2026-08-04T11:00:55Z] INFO Coupled canonical slot prepared: sweep=2/3 slot=30/40 duplex=UL allow_dl=0 allow_ul=1.
[2026-08-04T11:00:55Z] INFO Starting coupled pre-scheduling control gating for slot 70/120 with 4 UEs.
[2026-08-04T11:00:55Z] INFO Coupled control gating progress for slot 70/120: UE 1/4, PBCH=0 PRACH=0 SRS=0 TRS=0.
[2026-08-04T11:00:55Z] INFO Coupled control gating progress for slot 70/120: UE 2/4, PBCH=0 PRACH=0 SRS=0 TRS=0.
[2026-08-04T11:00:56Z] INFO Coupled control gating progress for slot 70/120: UE 3/4, PBCH=0 PRACH=0 SRS=0 TRS=0.
[2026-08-04T11:00:56Z] INFO Coupled control gating progress for slot 70/120: UE 4/4, PBCH=0 PRACH=0 SRS=0 TRS=0.
[2026-08-04T11:00:56Z] INFO Coupled control gating complete: slot=70 frame=4 pbch_attempts=0 prach_attempts=0 srs_attempts=0 trs_attempts=0 acquired=4/4 access=4/4 valid_srs=4/4 valid_trs_cells=1/1 tracked_serving_users=4/4 eligible=4/4.
[2026-08-04T11:00:56Z] INFO Coupled control gating complete for slot 70/120: acquired=4/4 access=4/4 valid_srs=4/4 valid_trs_cells=1/1 tracked_serving_users=4/4 eligible=4/4.
[2026-08-04T11:00:56Z] INFO UL coupled publish: operating_point 2/3 configured_label_snr_dB=0.000 ue=0/4 dlDirectionalFrames=4/40 ulDirectionalFrames=4/40 dlRows=18 ulRows=4.
[2026-08-04T11:00:56Z] INFO Coupled UL queued grant lookup complete: sweep=2/3 slot=30/40 due_grants=2 pending_grants=0.
[2026-08-04T11:00:56Z] INFO Preparing coupled UL batches: sweep=2/3 slot=30/40 candidate_grants=2 batch_size=24.
[2026-08-04T11:00:56Z] INFO Preparing coupled UL resolved grant cache: candidate_grants=2.
[2026-08-04T11:00:57Z] INFO Prepared coupled UL resolved grant cache entries: 2/2.
[2026-08-04T11:00:57Z] INFO Prepared coupled UL resolved grant cache complete: entries=2 elapsed_s=0.736.
[2026-08-04T11:00:57Z] INFO Prepared coupled UL chunk: sweep=2/3 slot=30/40 executable_plans=2 chunk=1-2 of 2.
[2026-08-04T11:00:57Z] INFO Executing coupled UL chunk: sweep=2/3 slot=30/40 chunk=1-2 of 2.
[2026-08-04T11:00:57Z] INFO Executing coupled UL grant chunk serially: plans=2 reason=parallel_safety_or_pool_unavailable.
[2026-08-04T11:01:56Z] INFO Publishing coupled UL chunk results: sweep=2/3 slot=30/40 committed_rows=2 current_primary_rows=6.
[2026-08-04T11:01:57Z] INFO UL coupled publish: operating_point 2/3 configured_label_snr_dB=0.000 ue=2/4 dlDirectionalFrames=4/40 ulDirectionalFrames=4/40 dlRows=18 ulRows=6.
[2026-08-04T11:01:57Z] INFO Coupled canonical slot prepared: sweep=2/3 slot=31/40 duplex=DL allow_dl=1 allow_ul=0.
[2026-08-04T11:01:57Z] INFO Starting coupled pre-scheduling control gating for slot 71/120 with 4 UEs.
[2026-08-04T11:01:57Z] INFO Coupled control gating progress for slot 71/120: UE 1/4, PBCH=0 PRACH=0 SRS=0 TRS=0.
[2026-08-04T11:01:58Z] INFO Coupled control gating progress for slot 71/120: UE 2/4, PBCH=0 PRACH=0 SRS=0 TRS=0.
[2026-08-04T11:01:58Z] INFO Coupled control gating progress for slot 71/120: UE 3/4, PBCH=0 PRACH=0 SRS=0 TRS=0.
[2026-08-04T11:01:58Z] INFO Coupled control gating progress for slot 71/120: UE 4/4, PBCH=0 PRACH=0 SRS=0 TRS=0.
[2026-08-04T11:01:58Z] INFO Coupled control gating complete: slot=71 frame=4 pbch_attempts=0 prach_attempts=0 srs_attempts=0 trs_attempts=0 acquired=4/4 access=4/4 valid_srs=4/4 valid_trs_cells=1/1 tracked_serving_users=4/4 eligible=4/4.
[2026-08-04T11:01:58Z] INFO Coupled control gating complete for slot 71/120: acquired=4/4 access=4/4 valid_srs=4/4 valid_trs_cells=1/1 tracked_serving_users=4/4 eligible=4/4.
[2026-08-04T11:01:58Z] INFO DL coupled publish: operating_point 2/3 configured_label_snr_dB=0.000 ue=0/4 dlDirectionalFrames=4/40 ulDirectionalFrames=4/40 dlRows=18 ulRows=6.
[2026-08-04T11:01:59Z] INFO Coupled DL schedule complete: sweep=2/3 slot=31/40 active=4 granted=2 grants=2.
[2026-08-04T11:02:01Z] INFO Coupled DL PDCCH grant binding: ue=3 required=1 ok=1 status=bound failure= dci=f4b2b181a096245cccbee6925c7ea3725cbb796ce0acc4cbe7aea023486340fc grant_ss=1 observed_ss=1 bound_ss=1 grant_coreset=0 observed_coreset=0 bound_coreset=0.
[2026-08-04T11:02:03Z] INFO Coupled DL PDCCH grant binding: ue=4 required=1 ok=1 status=bound failure= dci=f1eb23eaa54d639907ff83dbb1c662b6d8e553e3f9b6d8125120dde4928c62cf grant_ss=1 observed_ss=1 bound_ss=1 grant_coreset=0 observed_coreset=0 bound_coreset=0.
[2026-08-04T11:02:03Z] INFO Coupled DL PDCCH qualification complete: sweep=2/3 slot=31/40 executable_grants=2.
[2026-08-04T11:02:03Z] INFO Preparing coupled DL batches: sweep=2/3 slot=31/40 candidate_grants=2 batch_size=24.
[2026-08-04T11:02:03Z] INFO Preparing coupled DL resolved grant cache: candidate_grants=2.
[2026-08-04T11:02:23Z] INFO Prepared coupled DL resolved grant cache entries: 2/2.
[2026-08-04T11:02:23Z] INFO Prepared coupled DL resolved grant cache complete: entries=2 elapsed_s=20.456.
[2026-08-04T11:02:25Z] INFO Prepared coupled DL chunk: sweep=2/3 slot=31/40 executable_plans=2 chunk=1-2 of 2.
[2026-08-04T11:02:25Z] INFO Executing coupled DL chunk: sweep=2/3 slot=31/40 chunk=1-2 of 2.
[2026-08-04T11:02:25Z] INFO Executing coupled DL grant chunk serially: plans=2 reason=parallel_safety_or_pool_unavailable.
[2026-08-04T11:03:08Z] INFO Publishing coupled DL chunk results: sweep=2/3 slot=31/40 committed_rows=2 current_primary_rows=20.
[2026-08-04T11:03:09Z] INFO DL coupled publish: operating_point 2/3 configured_label_snr_dB=0.000 ue=4/4 dlDirectionalFrames=4/40 ulDirectionalFrames=4/40 dlRows=20 ulRows=6.
[2026-08-04T11:03:10Z] INFO Coupled UL K2 preschedule complete: control_slot=71 due_slot=75 k2=4 active=4 granted=2 grants=2.
[2026-08-04T11:03:27Z] INFO Coupled UL PDCCH grant binding: ue=3 required=1 ok=1 status=bound failure= dci=2a180cab8a80dbc6ffb9a948fe6914e485a6eeb30901829a300118f0bb80ad8f grant_ss=1 observed_ss=1 bound_ss=1 grant_coreset=0 observed_coreset=0 bound_coreset=0.
[2026-08-04T11:03:43Z] INFO Coupled UL PDCCH grant binding: ue=4 required=1 ok=1 status=bound failure= dci=b425e0037b473e38768aae54a1c77318aefd6341e1214f9fac0f8f5c550a31d1 grant_ss=1 observed_ss=1 bound_ss=1 grant_coreset=0 observed_coreset=0 bound_coreset=0.
[2026-08-04T11:03:43Z] INFO Queued coupled UL grants after K2 PDCCH qualification: control_slot=71 due_slot=75 executable_grants=2 pending_total=2.
[2026-08-04T11:03:43Z] INFO Coupled canonical slot prepared: sweep=2/3 slot=32/40 duplex=DL allow_dl=1 allow_ul=0.
[2026-08-04T11:03:43Z] INFO Starting coupled pre-scheduling control gating for slot 72/120 with 4 UEs.
[2026-08-04T11:03:43Z] INFO Coupled control gating progress for slot 72/120: UE 1/4, PBCH=0 PRACH=0 SRS=0 TRS=0.
[2026-08-04T11:03:43Z] INFO Coupled control gating progress for slot 72/120: UE 2/4, PBCH=0 PRACH=0 SRS=0 TRS=0.
[2026-08-04T11:03:44Z] INFO Coupled control gating progress for slot 72/120: UE 3/4, PBCH=0 PRACH=0 SRS=0 TRS=0.
[2026-08-04T11:03:44Z] INFO Coupled control gating progress for slot 72/120: UE 4/4, PBCH=0 PRACH=0 SRS=0 TRS=0.
[2026-08-04T11:03:44Z] INFO Coupled control gating complete: slot=72 frame=4 pbch_attempts=0 prach_attempts=0 srs_attempts=0 trs_attempts=0 acquired=4/4 access=4/4 valid_srs=4/4 valid_trs_cells=1/1 tracked_serving_users=4/4 eligible=4/4.
[2026-08-04T11:03:44Z] INFO Coupled control gating complete for slot 72/120: acquired=4/4 access=4/4 valid_srs=4/4 valid_trs_cells=1/1 tracked_serving_users=4/4 eligible=4/4.
[2026-08-04T11:03:44Z] INFO DL coupled publish: operating_point 2/3 configured_label_snr_dB=0.000 ue=0/4 dlDirectionalFrames=4/40 ulDirectionalFrames=4/40 dlRows=20 ulRows=6.
[2026-08-04T11:03:45Z] INFO Coupled DL schedule complete: sweep=2/3 slot=32/40 active=4 granted=2 grants=2.
[2026-08-04T11:03:48Z] INFO Coupled DL PDCCH grant binding: ue=1 required=1 ok=1 status=bound failure= dci=34ea7bf3ad6a979e87e805c897da0eeb6e66fda4c9040317047aed73ccd19a32 grant_ss=1 observed_ss=1 bound_ss=1 grant_coreset=0 observed_coreset=0 bound_coreset=0.
[2026-08-04T11:03:50Z] INFO Coupled DL PDCCH grant binding: ue=2 required=1 ok=1 status=bound failure= dci=463aa57aa9b5ec07cc6644ce58b7843e7cf4510ae63d36e0bbdcb772fe63e9b9 grant_ss=1 observed_ss=1 bound_ss=1 grant_coreset=0 observed_coreset=0 bound_coreset=0.
[2026-08-04T11:03:50Z] INFO Coupled DL PDCCH qualification complete: sweep=2/3 slot=32/40 executable_grants=2.
[2026-08-04T11:03:50Z] INFO Preparing coupled DL batches: sweep=2/3 slot=32/40 candidate_grants=2 batch_size=24.
[2026-08-04T11:03:50Z] INFO Preparing coupled DL resolved grant cache: candidate_grants=2.
[2026-08-04T11:04:12Z] INFO Prepared coupled DL resolved grant cache entries: 2/2.
[2026-08-04T11:04:12Z] INFO Prepared coupled DL resolved grant cache complete: entries=2 elapsed_s=21.966.
[2026-08-04T11:04:12Z] INFO Prepared coupled DL chunk: sweep=2/3 slot=32/40 executable_plans=2 chunk=1-2 of 2.
[2026-08-04T11:04:12Z] INFO Executing coupled DL chunk: sweep=2/3 slot=32/40 chunk=1-2 of 2.
[2026-08-04T11:04:13Z] INFO Executing coupled DL grant chunk serially: plans=2 reason=parallel_safety_or_pool_unavailable.
[2026-08-04T11:04:54Z] INFO Publishing coupled DL chunk results: sweep=2/3 slot=32/40 committed_rows=2 current_primary_rows=22.
[2026-08-04T11:04:55Z] INFO DL coupled publish: operating_point 2/3 configured_label_snr_dB=0.000 ue=2/4 dlDirectionalFrames=4/40 ulDirectionalFrames=4/40 dlRows=22 ulRows=6.
[2026-08-04T11:04:56Z] INFO Coupled UL K2 preschedule deferred: control_slot=72 reason=data_timing_rejected:target_hits_fixed_opposite_direction policy=no_valid_ul_occasion_from_current_dl_control_slot.
[2026-08-04T11:04:56Z] INFO Coupled canonical slot prepared: sweep=2/3 slot=33/40 duplex=DL allow_dl=1 allow_ul=0.
[2026-08-04T11:04:56Z] INFO Starting coupled pre-scheduling control gating for slot 73/120 with 4 UEs.
[2026-08-04T11:04:56Z] INFO Coupled control gating progress for slot 73/120: UE 1/4, PBCH=0 PRACH=0 SRS=0 TRS=0.
[2026-08-04T11:04:56Z] INFO Coupled control gating progress for slot 73/120: UE 2/4, PBCH=0 PRACH=0 SRS=0 TRS=0.
[2026-08-04T11:04:56Z] INFO Coupled control gating progress for slot 73/120: UE 3/4, PBCH=0 PRACH=0 SRS=0 TRS=0.
[2026-08-04T11:04:56Z] INFO Coupled control gating progress for slot 73/120: UE 4/4, PBCH=0 PRACH=0 SRS=0 TRS=0.
[2026-08-04T11:04:56Z] INFO Coupled control gating complete: slot=73 frame=4 pbch_attempts=0 prach_attempts=0 srs_attempts=0 trs_attempts=0 acquired=4/4 access=4/4 valid_srs=4/4 valid_trs_cells=1/1 tracked_serving_users=4/4 eligible=4/4.
[2026-08-04T11:04:56Z] INFO Coupled control gating complete for slot 73/120: acquired=4/4 access=4/4 valid_srs=4/4 valid_trs_cells=1/1 tracked_serving_users=4/4 eligible=4/4.
[2026-08-04T11:04:56Z] INFO DL coupled publish: operating_point 2/3 configured_label_snr_dB=0.000 ue=0/4 dlDirectionalFrames=4/40 ulDirectionalFrames=4/40 dlRows=22 ulRows=6.
[2026-08-04T11:04:57Z] INFO Coupled DL schedule complete: sweep=2/3 slot=33/40 active=4 granted=2 grants=2.
[2026-08-04T11:05:00Z] INFO Coupled DL PDCCH grant binding: ue=3 required=1 ok=1 status=bound failure= dci=0f669075fe67caef491e19303f05aeb38e3b4b60085752b1e39f8787d1d8750c grant_ss=1 observed_ss=1 bound_ss=1 grant_coreset=0 observed_coreset=0 bound_coreset=0.
[2026-08-04T11:05:02Z] INFO Coupled DL PDCCH grant binding: ue=4 required=1 ok=1 status=bound failure= dci=7e47e3671cc46acc442600cea10b70c8e9ad1fe9e2e5faad4291b2eb1c25246f grant_ss=1 observed_ss=1 bound_ss=1 grant_coreset=0 observed_coreset=0 bound_coreset=0.
[2026-08-04T11:05:02Z] INFO Coupled DL PDCCH qualification complete: sweep=2/3 slot=33/40 executable_grants=2.
[2026-08-04T11:05:02Z] INFO Preparing coupled DL batches: sweep=2/3 slot=33/40 candidate_grants=2 batch_size=24.
[2026-08-04T11:05:02Z] INFO Preparing coupled DL resolved grant cache: candidate_grants=2.
[2026-08-04T11:05:21Z] INFO Prepared coupled DL resolved grant cache entries: 2/2.
[2026-08-04T11:05:21Z] INFO Prepared coupled DL resolved grant cache complete: entries=2 elapsed_s=18.955.
[2026-08-04T11:05:21Z] INFO Prepared coupled DL chunk: sweep=2/3 slot=33/40 executable_plans=2 chunk=1-2 of 2.
[2026-08-04T11:05:21Z] INFO Executing coupled DL chunk: sweep=2/3 slot=33/40 chunk=1-2 of 2.
[2026-08-04T11:05:22Z] INFO Executing coupled DL grant chunk serially: plans=2 reason=parallel_safety_or_pool_unavailable.
[2026-08-04T11:06:01Z] INFO Publishing coupled DL chunk results: sweep=2/3 slot=33/40 committed_rows=2 current_primary_rows=24.
[2026-08-04T11:06:02Z] INFO DL coupled publish: operating_point 2/3 configured_label_snr_dB=0.000 ue=4/4 dlDirectionalFrames=4/40 ulDirectionalFrames=4/40 dlRows=24 ulRows=6.
[2026-08-04T11:06:02Z] INFO Coupled UL K2 preschedule deferred: control_slot=73 reason=data_timing_rejected:target_hits_fixed_opposite_direction policy=no_valid_ul_occasion_from_current_dl_control_slot.
[2026-08-04T11:06:02Z] INFO Coupled canonical slot prepared: sweep=2/3 slot=34/40 duplex=FLEXIBLE_OR_MIXED allow_dl=1 allow_ul=1.
[2026-08-04T11:06:07Z] INFO Starting coupled pre-scheduling control gating for slot 74/120 with 4 UEs.
[2026-08-04T11:06:07Z] INFO Coupled control gating progress for slot 74/120: UE 1/4, PBCH=0 PRACH=0 SRS=0 TRS=0.
[2026-08-04T11:06:07Z] INFO Coupled control gating progress for slot 74/120: UE 2/4, PBCH=0 PRACH=0 SRS=0 TRS=0.
[2026-08-04T11:06:07Z] INFO Coupled control gating progress for slot 74/120: UE 3/4, PBCH=0 PRACH=0 SRS=0 TRS=0.
[2026-08-04T11:06:08Z] INFO Coupled control gating progress for slot 74/120: UE 4/4, PBCH=0 PRACH=0 SRS=0 TRS=0.
[2026-08-04T11:06:08Z] INFO Coupled control gating complete: slot=74 frame=4 pbch_attempts=0 prach_attempts=0 srs_attempts=0 trs_attempts=0 acquired=4/4 access=4/4 valid_srs=4/4 valid_trs_cells=1/1 tracked_serving_users=4/4 eligible=4/4.
[2026-08-04T11:06:08Z] INFO Coupled control gating complete for slot 74/120: acquired=4/4 access=4/4 valid_srs=4/4 valid_trs_cells=1/1 tracked_serving_users=4/4 eligible=4/4.
[2026-08-04T11:06:08Z] INFO DL coupled publish: operating_point 2/3 configured_label_snr_dB=0.000 ue=0/4 dlDirectionalFrames=4/40 ulDirectionalFrames=4/40 dlRows=24 ulRows=6.
[2026-08-04T11:06:08Z] INFO Coupled DL scheduling deferred: sweep=2/3 slot=34/40 reason=configured_dl_symbol_allocation_not_available_in_tdd_slot policy=no_valid_harq_ack_occasion_from_current_dl_slot.
[2026-08-04T11:06:08Z] INFO Coupled DL schedule complete: sweep=2/3 slot=34/40 active=0 granted=0 grants=0.
[2026-08-04T11:06:08Z] INFO Coupled DL PDCCH qualification complete: sweep=2/3 slot=34/40 executable_grants=0.
[2026-08-04T11:06:08Z] INFO Preparing coupled DL batches: sweep=2/3 slot=34/40 candidate_grants=0 batch_size=24.
[2026-08-04T11:06:08Z] INFO Coupled UL K2 preschedule deferred: control_slot=74 reason=data_timing_rejected:target_hits_fixed_opposite_direction policy=no_valid_ul_occasion_from_current_dl_control_slot.
[2026-08-04T11:06:08Z] INFO Coupled UL queued grant lookup complete: sweep=2/3 slot=34/40 due_grants=0 pending_grants=2.
[2026-08-04T11:06:08Z] INFO Coupled canonical slot prepared: sweep=2/3 slot=35/40 duplex=UL allow_dl=0 allow_ul=1.
[2026-08-04T11:06:08Z] INFO Starting coupled pre-scheduling control gating for slot 75/120 with 4 UEs.
[2026-08-04T11:06:21Z] INFO Coupled control gating progress for slot 75/120: UE 1/4, PBCH=0 PRACH=0 SRS=1 TRS=0.
[2026-08-04T11:06:34Z] INFO Coupled control gating progress for slot 75/120: UE 2/4, PBCH=0 PRACH=0 SRS=2 TRS=0.
[2026-08-04T11:06:49Z] INFO Coupled control gating progress for slot 75/120: UE 3/4, PBCH=0 PRACH=0 SRS=3 TRS=0.
[2026-08-04T11:07:04Z] INFO Coupled control gating progress for slot 75/120: UE 4/4, PBCH=0 PRACH=0 SRS=4 TRS=0.
[2026-08-04T11:07:04Z] INFO Coupled control gating complete: slot=75 frame=4 pbch_attempts=0 prach_attempts=0 srs_attempts=4 trs_attempts=0 acquired=4/4 access=4/4 valid_srs=4/4 valid_trs_cells=1/1 tracked_serving_users=4/4 eligible=4/4.
[2026-08-04T11:07:04Z] INFO Coupled control gating complete for slot 75/120: acquired=4/4 access=4/4 valid_srs=4/4 valid_trs_cells=1/1 tracked_serving_users=4/4 eligible=4/4.
[2026-08-04T11:07:04Z] INFO UL coupled publish: operating_point 2/3 configured_label_snr_dB=0.000 ue=0/4 dlDirectionalFrames=4/40 ulDirectionalFrames=4/40 dlRows=24 ulRows=6.
[2026-08-04T11:07:04Z] INFO Coupled UL queued grant lookup complete: sweep=2/3 slot=35/40 due_grants=2 pending_grants=0.
[2026-08-04T11:07:04Z] INFO Preparing coupled UL batches: sweep=2/3 slot=35/40 candidate_grants=2 batch_size=24.
[2026-08-04T11:07:04Z] INFO Preparing coupled UL resolved grant cache: candidate_grants=2.
[2026-08-04T11:07:06Z] INFO Prepared coupled UL resolved grant cache entries: 2/2.
[2026-08-04T11:07:06Z] INFO Prepared coupled UL resolved grant cache complete: entries=2 elapsed_s=1.184.
[2026-08-04T11:07:06Z] INFO Prepared coupled UL chunk: sweep=2/3 slot=35/40 executable_plans=2 chunk=1-2 of 2.
[2026-08-04T11:07:06Z] INFO Executing coupled UL chunk: sweep=2/3 slot=35/40 chunk=1-2 of 2.
[2026-08-04T11:07:06Z] INFO Executing coupled UL grant chunk serially: plans=2 reason=parallel_safety_or_pool_unavailable.
[2026-08-04T11:08:01Z] INFO Publishing coupled UL chunk results: sweep=2/3 slot=35/40 committed_rows=2 current_primary_rows=8.
[2026-08-04T11:08:02Z] INFO UL coupled publish: operating_point 2/3 configured_label_snr_dB=0.000 ue=4/4 dlDirectionalFrames=4/40 ulDirectionalFrames=4/40 dlRows=24 ulRows=8.
[2026-08-04T11:08:02Z] INFO Coupled canonical slot prepared: sweep=2/3 slot=36/40 duplex=DL allow_dl=1 allow_ul=0.
[2026-08-04T11:08:02Z] INFO Starting coupled pre-scheduling control gating for slot 76/120 with 4 UEs.
[2026-08-04T11:08:03Z] INFO Coupled control gating progress for slot 76/120: UE 1/4, PBCH=0 PRACH=0 SRS=0 TRS=0.
[2026-08-04T11:08:03Z] INFO Coupled control gating progress for slot 76/120: UE 2/4, PBCH=0 PRACH=0 SRS=0 TRS=0.
[2026-08-04T11:08:03Z] INFO Coupled control gating progress for slot 76/120: UE 3/4, PBCH=0 PRACH=0 SRS=0 TRS=0.
[2026-08-04T11:08:03Z] INFO Coupled control gating progress for slot 76/120: UE 4/4, PBCH=0 PRACH=0 SRS=0 TRS=0.
[2026-08-04T11:08:03Z] INFO Coupled control gating complete: slot=76 frame=4 pbch_attempts=0 prach_attempts=0 srs_attempts=0 trs_attempts=0 acquired=4/4 access=4/4 valid_srs=4/4 valid_trs_cells=1/1 tracked_serving_users=4/4 eligible=4/4.
[2026-08-04T11:08:03Z] INFO Coupled control gating complete for slot 76/120: acquired=4/4 access=4/4 valid_srs=4/4 valid_trs_cells=1/1 tracked_serving_users=4/4 eligible=4/4.
[2026-08-04T11:08:03Z] INFO DL coupled publish: operating_point 2/3 configured_label_snr_dB=0.000 ue=0/4 dlDirectionalFrames=4/40 ulDirectionalFrames=4/40 dlRows=24 ulRows=8.
[2026-08-04T11:08:05Z] INFO Coupled DL schedule complete: sweep=2/3 slot=36/40 active=4 granted=2 grants=2.
[2026-08-04T11:08:06Z] INFO Coupled DL PDCCH grant binding: ue=1 required=1 ok=1 status=bound failure= dci=a0040294b94b7f9c1a7fa27738a2351eec08c37e0c1a8016f1dfe5cc92253ece grant_ss=1 observed_ss=1 bound_ss=1 grant_coreset=0 observed_coreset=0 bound_coreset=0.
[2026-08-04T11:08:08Z] INFO Coupled DL PDCCH grant binding: ue=3 required=1 ok=1 status=bound failure= dci=a0040294b94b7f9c1a7fa27738a2351eec08c37e0c1a8016f1dfe5cc92253ece grant_ss=1 observed_ss=1 bound_ss=1 grant_coreset=0 observed_coreset=0 bound_coreset=0.
[2026-08-04T11:08:08Z] INFO Coupled DL PDCCH qualification complete: sweep=2/3 slot=36/40 executable_grants=2.
[2026-08-04T11:08:08Z] INFO Preparing coupled DL batches: sweep=2/3 slot=36/40 candidate_grants=2 batch_size=24.
[2026-08-04T11:08:08Z] INFO Preparing coupled DL resolved grant cache: candidate_grants=2.
[2026-08-04T11:08:26Z] INFO Prepared coupled DL resolved grant cache entries: 2/2.
[2026-08-04T11:08:26Z] INFO Prepared coupled DL resolved grant cache complete: entries=2 elapsed_s=18.092.
[2026-08-04T11:08:26Z] INFO Prepared coupled DL chunk: sweep=2/3 slot=36/40 executable_plans=2 chunk=1-2 of 2.
[2026-08-04T11:08:26Z] INFO Executing coupled DL chunk: sweep=2/3 slot=36/40 chunk=1-2 of 2.
[2026-08-04T11:08:26Z] INFO Executing coupled DL grant chunk serially: plans=2 reason=parallel_safety_or_pool_unavailable.
[2026-08-04T11:09:09Z] INFO Publishing coupled DL chunk results: sweep=2/3 slot=36/40 committed_rows=2 current_primary_rows=26.
[2026-08-04T11:09:11Z] INFO DL coupled publish: operating_point 2/3 configured_label_snr_dB=0.000 ue=3/4 dlDirectionalFrames=4/40 ulDirectionalFrames=4/40 dlRows=26 ulRows=8.
[2026-08-04T11:09:12Z] INFO Coupled UL K2 preschedule complete: control_slot=76 due_slot=80 k2=4 active=4 granted=2 grants=2.
[2026-08-04T11:09:33Z] INFO Coupled UL PDCCH grant binding: ue=1 required=1 ok=1 status=bound failure= dci=a7062631d5b4b035f98110fb7c9a39c7ee99dc272c7b1c1738d14f2005fa354f grant_ss=1 observed_ss=1 bound_ss=1 grant_coreset=0 observed_coreset=0 bound_coreset=0.
[2026-08-04T11:09:49Z] INFO Coupled UL PDCCH grant binding: ue=2 required=1 ok=1 status=bound failure= dci=a7062631d5b4b035f98110fb7c9a39c7ee99dc272c7b1c1738d14f2005fa354f grant_ss=1 observed_ss=1 bound_ss=1 grant_coreset=0 observed_coreset=0 bound_coreset=0.
[2026-08-04T11:09:49Z] INFO Queued coupled UL grants after K2 PDCCH qualification: control_slot=76 due_slot=80 executable_grants=2 pending_total=2.
[2026-08-04T11:09:49Z] INFO Coupled canonical slot prepared: sweep=2/3 slot=37/40 duplex=DL allow_dl=1 allow_ul=0.
[2026-08-04T11:09:49Z] INFO Starting coupled pre-scheduling control gating for slot 77/120 with 4 UEs.
[2026-08-04T11:09:49Z] INFO Coupled control gating progress for slot 77/120: UE 1/4, PBCH=0 PRACH=0 SRS=0 TRS=0.
[2026-08-04T11:09:50Z] INFO Coupled control gating progress for slot 77/120: UE 2/4, PBCH=0 PRACH=0 SRS=0 TRS=0.
[2026-08-04T11:09:50Z] INFO Coupled control gating progress for slot 77/120: UE 3/4, PBCH=0 PRACH=0 SRS=0 TRS=0.
[2026-08-04T11:09:50Z] INFO Coupled control gating progress for slot 77/120: UE 4/4, PBCH=0 PRACH=0 SRS=0 TRS=0.
[2026-08-04T11:09:50Z] INFO Coupled control gating complete: slot=77 frame=4 pbch_attempts=0 prach_attempts=0 srs_attempts=0 trs_attempts=0 acquired=4/4 access=4/4 valid_srs=4/4 valid_trs_cells=1/1 tracked_serving_users=4/4 eligible=4/4.
[2026-08-04T11:09:50Z] INFO Coupled control gating complete for slot 77/120: acquired=4/4 access=4/4 valid_srs=4/4 valid_trs_cells=1/1 tracked_serving_users=4/4 eligible=4/4.
[2026-08-04T11:09:51Z] INFO DL coupled publish: operating_point 2/3 configured_label_snr_dB=0.000 ue=0/4 dlDirectionalFrames=4/40 ulDirectionalFrames=4/40 dlRows=26 ulRows=8.
[2026-08-04T11:09:51Z] INFO Coupled DL schedule complete: sweep=2/3 slot=37/40 active=4 granted=2 grants=2.
[2026-08-04T11:09:54Z] INFO Coupled DL PDCCH grant binding: ue=3 required=1 ok=1 status=bound failure= dci=36e21d8576e2b05a1fc24b3d914bc107dcbccbd859abf683c0ba795ceac913e9 grant_ss=1 observed_ss=1 bound_ss=1 grant_coreset=0 observed_coreset=0 bound_coreset=0.
[2026-08-04T11:09:56Z] INFO Coupled DL PDCCH grant binding: ue=4 required=1 ok=1 status=bound failure= dci=a85c19da1704bc02bab0a0a11cebeef1542aceb478bcbe414874e3ae514ff1b2 grant_ss=1 observed_ss=1 bound_ss=1 grant_coreset=0 observed_coreset=0 bound_coreset=0.
[2026-08-04T11:09:56Z] INFO Coupled DL PDCCH qualification complete: sweep=2/3 slot=37/40 executable_grants=2.
[2026-08-04T11:09:56Z] INFO Preparing coupled DL batches: sweep=2/3 slot=37/40 candidate_grants=2 batch_size=24.
[2026-08-04T11:09:56Z] INFO Preparing coupled DL resolved grant cache: candidate_grants=2.
[2026-08-04T11:10:12Z] INFO Prepared coupled DL resolved grant cache entries: 2/2.
[2026-08-04T11:10:12Z] INFO Prepared coupled DL resolved grant cache complete: entries=2 elapsed_s=16.588.
[2026-08-04T11:10:12Z] INFO Prepared coupled DL chunk: sweep=2/3 slot=37/40 executable_plans=2 chunk=1-2 of 2.
[2026-08-04T11:10:12Z] INFO Executing coupled DL chunk: sweep=2/3 slot=37/40 chunk=1-2 of 2.
[2026-08-04T11:10:12Z] INFO Executing coupled DL grant chunk serially: plans=2 reason=parallel_safety_or_pool_unavailable.
[2026-08-04T11:10:56Z] INFO Publishing coupled DL chunk results: sweep=2/3 slot=37/40 committed_rows=2 current_primary_rows=28.
[2026-08-04T11:10:57Z] INFO DL coupled publish: operating_point 2/3 configured_label_snr_dB=0.000 ue=4/4 dlDirectionalFrames=4/40 ulDirectionalFrames=4/40 dlRows=28 ulRows=8.
[2026-08-04T11:10:57Z] INFO Coupled UL K2 preschedule deferred: control_slot=77 reason=data_timing_rejected:target_hits_fixed_opposite_direction policy=no_valid_ul_occasion_from_current_dl_control_slot.
[2026-08-04T11:10:57Z] INFO Coupled canonical slot prepared: sweep=2/3 slot=38/40 duplex=DL allow_dl=1 allow_ul=0.
[2026-08-04T11:10:57Z] INFO Starting coupled pre-scheduling control gating for slot 78/120 with 4 UEs.
[2026-08-04T11:10:57Z] INFO Coupled control gating progress for slot 78/120: UE 1/4, PBCH=0 PRACH=0 SRS=0 TRS=0.
[2026-08-04T11:10:58Z] INFO Coupled control gating progress for slot 78/120: UE 2/4, PBCH=0 PRACH=0 SRS=0 TRS=0.
[2026-08-04T11:10:58Z] INFO Coupled control gating progress for slot 78/120: UE 3/4, PBCH=0 PRACH=0 SRS=0 TRS=0.
[2026-08-04T11:10:58Z] INFO Coupled control gating progress for slot 78/120: UE 4/4, PBCH=0 PRACH=0 SRS=0 TRS=0.
[2026-08-04T11:10:58Z] INFO Coupled control gating complete: slot=78 frame=4 pbch_attempts=0 prach_attempts=0 srs_attempts=0 trs_attempts=0 acquired=4/4 access=4/4 valid_srs=4/4 valid_trs_cells=1/1 tracked_serving_users=4/4 eligible=4/4.
[2026-08-04T11:10:58Z] INFO Coupled control gating complete for slot 78/120: acquired=4/4 access=4/4 valid_srs=4/4 valid_trs_cells=1/1 tracked_serving_users=4/4 eligible=4/4.
[2026-08-04T11:10:58Z] INFO DL coupled publish: operating_point 2/3 configured_label_snr_dB=0.000 ue=0/4 dlDirectionalFrames=4/40 ulDirectionalFrames=4/40 dlRows=28 ulRows=8.
[2026-08-04T11:10:59Z] INFO Coupled DL schedule complete: sweep=2/3 slot=38/40 active=4 granted=1 grants=1.
[2026-08-04T11:11:02Z] INFO Coupled DL PDCCH grant binding: ue=4 required=1 ok=1 status=bound failure= dci=d50e90bef2183933528bd250d26238e1bb8211307ba2fc0274add213ec838a53 grant_ss=1 observed_ss=1 bound_ss=1 grant_coreset=0 observed_coreset=0 bound_coreset=0.
[2026-08-04T11:11:02Z] INFO Coupled DL PDCCH qualification complete: sweep=2/3 slot=38/40 executable_grants=1.
[2026-08-04T11:11:02Z] INFO Preparing coupled DL batches: sweep=2/3 slot=38/40 candidate_grants=1 batch_size=24.
[2026-08-04T11:11:02Z] INFO Preparing coupled DL resolved grant cache: candidate_grants=1.
[2026-08-04T11:11:11Z] INFO Prepared coupled DL resolved grant cache entries: 1/1.
[2026-08-04T11:11:11Z] INFO Prepared coupled DL resolved grant cache complete: entries=1 elapsed_s=9.740.
[2026-08-04T11:11:12Z] INFO Prepared coupled DL chunk: sweep=2/3 slot=38/40 executable_plans=1 chunk=1-1 of 1.
[2026-08-04T11:11:12Z] INFO Executing coupled DL chunk: sweep=2/3 slot=38/40 chunk=1-1 of 1.
[2026-08-04T11:11:32Z] INFO Publishing coupled DL chunk results: sweep=2/3 slot=38/40 committed_rows=1 current_primary_rows=29.
[2026-08-04T11:11:33Z] INFO DL coupled publish: operating_point 2/3 configured_label_snr_dB=0.000 ue=4/4 dlDirectionalFrames=4/40 ulDirectionalFrames=4/40 dlRows=29 ulRows=8.
[2026-08-04T11:11:33Z] INFO Coupled UL K2 preschedule deferred: control_slot=78 reason=data_timing_rejected:target_hits_fixed_opposite_direction policy=no_valid_ul_occasion_from_current_dl_control_slot.
[2026-08-04T11:11:34Z] INFO Coupled canonical slot prepared: sweep=2/3 slot=39/40 duplex=FLEXIBLE_OR_MIXED allow_dl=1 allow_ul=1.
[2026-08-04T11:11:38Z] INFO Starting coupled pre-scheduling control gating for slot 79/120 with 4 UEs.
[2026-08-04T11:11:38Z] INFO Coupled control gating progress for slot 79/120: UE 1/4, PBCH=0 PRACH=0 SRS=0 TRS=0.
[2026-08-04T11:11:38Z] INFO Coupled control gating progress for slot 79/120: UE 2/4, PBCH=0 PRACH=0 SRS=0 TRS=0.
[2026-08-04T11:11:38Z] INFO Coupled control gating progress for slot 79/120: UE 3/4, PBCH=0 PRACH=0 SRS=0 TRS=0.
[2026-08-04T11:11:38Z] INFO Coupled control gating progress for slot 79/120: UE 4/4, PBCH=0 PRACH=0 SRS=0 TRS=0.
[2026-08-04T11:11:38Z] INFO Coupled control gating complete: slot=79 frame=4 pbch_attempts=0 prach_attempts=0 srs_attempts=0 trs_attempts=0 acquired=4/4 access=4/4 valid_srs=4/4 valid_trs_cells=1/1 tracked_serving_users=4/4 eligible=4/4.
[2026-08-04T11:11:38Z] INFO Coupled control gating complete for slot 79/120: acquired=4/4 access=4/4 valid_srs=4/4 valid_trs_cells=1/1 tracked_serving_users=4/4 eligible=4/4.
[2026-08-04T11:11:39Z] INFO DL coupled publish: operating_point 2/3 configured_label_snr_dB=0.000 ue=0/4 dlDirectionalFrames=4/40 ulDirectionalFrames=4/40 dlRows=29 ulRows=8.
[2026-08-04T11:11:39Z] INFO Coupled DL scheduling deferred: sweep=2/3 slot=39/40 reason=configured_dl_symbol_allocation_not_available_in_tdd_slot policy=no_valid_harq_ack_occasion_from_current_dl_slot.
[2026-08-04T11:11:39Z] INFO Coupled DL schedule complete: sweep=2/3 slot=39/40 active=0 granted=0 grants=0.
[2026-08-04T11:11:39Z] INFO Coupled DL PDCCH qualification complete: sweep=2/3 slot=39/40 executable_grants=0.
[2026-08-04T11:11:39Z] INFO Preparing coupled DL batches: sweep=2/3 slot=39/40 candidate_grants=0 batch_size=24.
[2026-08-04T11:11:39Z] INFO Coupled UL K2 preschedule deferred: control_slot=79 reason=data_timing_rejected:target_hits_fixed_opposite_direction policy=no_valid_ul_occasion_from_current_dl_control_slot.
[2026-08-04T11:11:39Z] INFO Coupled UL queued grant lookup complete: sweep=2/3 slot=39/40 due_grants=0 pending_grants=2.
[2026-08-04T11:11:39Z] INFO Coupled canonical slot prepared: sweep=2/3 slot=40/40 duplex=UL allow_dl=0 allow_ul=1.
[2026-08-04T11:11:39Z] INFO Starting coupled pre-scheduling control gating for slot 80/120 with 4 UEs.
[2026-08-04T11:11:39Z] INFO Coupled control gating progress for slot 80/120: UE 1/4, PBCH=0 PRACH=0 SRS=0 TRS=0.
[2026-08-04T11:11:39Z] INFO Coupled control gating progress for slot 80/120: UE 2/4, PBCH=0 PRACH=0 SRS=0 TRS=0.
[2026-08-04T11:11:39Z] INFO Coupled control gating progress for slot 80/120: UE 3/4, PBCH=0 PRACH=0 SRS=0 TRS=0.
[2026-08-04T11:11:39Z] INFO Coupled control gating progress for slot 80/120: UE 4/4, PBCH=0 PRACH=0 SRS=0 TRS=0.
[2026-08-04T11:11:39Z] INFO Coupled control gating complete: slot=80 frame=4 pbch_attempts=0 prach_attempts=0 srs_attempts=0 trs_attempts=0 acquired=4/4 access=4/4 valid_srs=4/4 valid_trs_cells=1/1 tracked_serving_users=4/4 eligible=4/4.
[2026-08-04T11:11:39Z] INFO Coupled control gating complete for slot 80/120: acquired=4/4 access=4/4 valid_srs=4/4 valid_trs_cells=1/1 tracked_serving_users=4/4 eligible=4/4.
[2026-08-04T11:11:40Z] INFO UL coupled publish: operating_point 2/3 configured_label_snr_dB=0.000 ue=0/4 dlDirectionalFrames=4/40 ulDirectionalFrames=4/40 dlRows=29 ulRows=8.
[2026-08-04T11:11:40Z] INFO Coupled UL queued grant lookup complete: sweep=2/3 slot=40/40 due_grants=2 pending_grants=0.
[2026-08-04T11:11:40Z] INFO Preparing coupled UL batches: sweep=2/3 slot=40/40 candidate_grants=2 batch_size=24.
[2026-08-04T11:11:40Z] INFO Preparing coupled UL resolved grant cache: candidate_grants=2.
[2026-08-04T11:11:41Z] INFO Prepared coupled UL resolved grant cache entries: 2/2.
[2026-08-04T11:11:41Z] INFO Prepared coupled UL resolved grant cache complete: entries=2 elapsed_s=1.001.
[2026-08-04T11:11:41Z] INFO Prepared coupled UL chunk: sweep=2/3 slot=40/40 executable_plans=2 chunk=1-2 of 2.
[2026-08-04T11:11:41Z] INFO Executing coupled UL chunk: sweep=2/3 slot=40/40 chunk=1-2 of 2.
[2026-08-04T11:11:41Z] INFO Executing coupled UL grant chunk serially: plans=2 reason=parallel_safety_or_pool_unavailable.
[2026-08-04T11:12:09Z] INFO Publishing coupled UL chunk results: sweep=2/3 slot=40/40 committed_rows=2 current_primary_rows=10.
[2026-08-04T11:12:10Z] INFO UL coupled publish: operating_point 2/3 configured_label_snr_dB=0.000 ue=2/4 dlDirectionalFrames=4/40 ulDirectionalFrames=4/40 dlRows=29 ulRows=10.
[2026-08-04T11:12:10Z] INFO DL raw trial sweep progress: point 2/3, configured operating-point label 0.000 dB (not a measured SINR); median PostEqSINR_dB 1.038 dB; median MeasuredTrialSINR_dB 1.038 dB; median ReceiverHestSINR_dB 1.038 dB, rows=29.
[2026-08-04T11:12:10Z] INFO UL raw trial sweep progress: point 2/3, configured operating-point label 0.000 dB (not a measured SINR); median PostEqSINR_dB 9.906 dB; median MeasuredTrialSINR_dB -2.050 dB; median ReceiverHestSINR_dB -1.626 dB, rows=10.
[2026-08-04T11:12:11Z] INFO Reset causal HARQ, channel, reference-measurement, scheduler, link-adaptation and traffic-queue state at independent fixed-SNR point boundary: sweep=3/3 start_slot=81 snr_db=20.000 policy=independent_link_state_per_point.
[2026-08-04T11:12:11Z] INFO Coupled canonical slot prepared: sweep=3/3 slot=1/40 duplex=DL allow_dl=1 allow_ul=0.
[2026-08-04T11:12:11Z] INFO Starting coupled pre-scheduling control gating for slot 81/120 with 4 UEs.
[2026-08-04T11:12:13Z] INFO Coupled control gating progress for slot 81/120: UE 1/4, PBCH=0 PRACH=0 SRS=0 TRS=1.
[2026-08-04T11:12:13Z] INFO Coupled control gating progress for slot 81/120: UE 2/4, PBCH=0 PRACH=0 SRS=0 TRS=1.
[2026-08-04T11:12:14Z] INFO Coupled control gating progress for slot 81/120: UE 3/4, PBCH=0 PRACH=0 SRS=0 TRS=1.
[2026-08-04T11:12:14Z] INFO Coupled control gating progress for slot 81/120: UE 4/4, PBCH=0 PRACH=0 SRS=0 TRS=1.
[2026-08-04T11:12:14Z] INFO Coupled control gating complete: slot=81 frame=5 pbch_attempts=0 prach_attempts=0 srs_attempts=0 trs_attempts=1 acquired=4/4 access=4/4 valid_srs=0/4 valid_trs_cells=1/1 tracked_serving_users=4/4 eligible=0/4.
[2026-08-04T11:12:14Z] INFO Coupled control gating complete for slot 81/120: acquired=4/4 access=4/4 valid_srs=0/4 valid_trs_cells=1/1 tracked_serving_users=4/4 eligible=0/4.
[2026-08-04T11:12:14Z] INFO DL coupled publish: operating_point 3/3 configured_label_snr_dB=20.000 ue=0/4 dlDirectionalFrames=4/40 ulDirectionalFrames=4/40 dlRows=29 ulRows=10.
[2026-08-04T11:12:14Z] INFO Coupled DL schedule complete: sweep=3/3 slot=1/40 active=0 granted=0 grants=0.
[2026-08-04T11:12:14Z] INFO Coupled DL PDCCH qualification complete: sweep=3/3 slot=1/40 executable_grants=0.
[2026-08-04T11:12:14Z] INFO Preparing coupled DL batches: sweep=3/3 slot=1/40 candidate_grants=0 batch_size=24.
[2026-08-04T11:12:15Z] INFO Coupled UL K2 preschedule complete: control_slot=81 due_slot=85 k2=4 active=0 granted=0 grants=0.
[2026-08-04T11:12:15Z] INFO Coupled canonical slot prepared: sweep=3/3 slot=2/40 duplex=DL allow_dl=1 allow_ul=0.
[2026-08-04T11:12:15Z] INFO Starting coupled pre-scheduling control gating for slot 82/120 with 4 UEs.
[2026-08-04T11:12:15Z] INFO Coupled control gating progress for slot 82/120: UE 1/4, PBCH=0 PRACH=0 SRS=0 TRS=0.
[2026-08-04T11:12:15Z] INFO Coupled control gating progress for slot 82/120: UE 2/4, PBCH=0 PRACH=0 SRS=0 TRS=0.
[2026-08-04T11:12:15Z] INFO Coupled control gating progress for slot 82/120: UE 3/4, PBCH=0 PRACH=0 SRS=0 TRS=0.
[2026-08-04T11:12:15Z] INFO Coupled control gating progress for slot 82/120: UE 4/4, PBCH=0 PRACH=0 SRS=0 TRS=0.
[2026-08-04T11:12:15Z] INFO Coupled control gating complete: slot=82 frame=5 pbch_attempts=0 prach_attempts=0 srs_attempts=0 trs_attempts=0 acquired=4/4 access=4/4 valid_srs=0/4 valid_trs_cells=1/1 tracked_serving_users=4/4 eligible=0/4.
[2026-08-04T11:12:15Z] INFO Coupled control gating complete for slot 82/120: acquired=4/4 access=4/4 valid_srs=0/4 valid_trs_cells=1/1 tracked_serving_users=4/4 eligible=0/4.
[2026-08-04T11:12:16Z] INFO DL coupled publish: operating_point 3/3 configured_label_snr_dB=20.000 ue=0/4 dlDirectionalFrames=4/40 ulDirectionalFrames=4/40 dlRows=29 ulRows=10.
[2026-08-04T11:12:16Z] INFO Coupled DL schedule complete: sweep=3/3 slot=2/40 active=0 granted=0 grants=0.
[2026-08-04T11:12:16Z] INFO Coupled DL PDCCH qualification complete: sweep=3/3 slot=2/40 executable_grants=0.
[2026-08-04T11:12:16Z] INFO Preparing coupled DL batches: sweep=3/3 slot=2/40 candidate_grants=0 batch_size=24.
[2026-08-04T11:12:16Z] INFO Coupled UL K2 preschedule deferred: control_slot=82 reason=data_timing_rejected:target_hits_fixed_opposite_direction policy=no_valid_ul_occasion_from_current_dl_control_slot.
[2026-08-04T11:12:16Z] INFO Coupled canonical slot prepared: sweep=3/3 slot=3/40 duplex=DL allow_dl=1 allow_ul=0.
[2026-08-04T11:12:16Z] INFO Starting coupled pre-scheduling control gating for slot 83/120 with 4 UEs.
[2026-08-04T11:12:16Z] INFO Coupled control gating progress for slot 83/120: UE 1/4, PBCH=0 PRACH=0 SRS=0 TRS=0.
[2026-08-04T11:12:16Z] INFO Coupled control gating progress for slot 83/120: UE 2/4, PBCH=0 PRACH=0 SRS=0 TRS=0.
[2026-08-04T11:12:16Z] INFO Coupled control gating progress for slot 83/120: UE 3/4, PBCH=0 PRACH=0 SRS=0 TRS=0.
[2026-08-04T11:12:16Z] INFO Coupled control gating progress for slot 83/120: UE 4/4, PBCH=0 PRACH=0 SRS=0 TRS=0.
[2026-08-04T11:12:17Z] INFO Coupled control gating complete: slot=83 frame=5 pbch_attempts=0 prach_attempts=0 srs_attempts=0 trs_attempts=0 acquired=4/4 access=4/4 valid_srs=0/4 valid_trs_cells=1/1 tracked_serving_users=4/4 eligible=0/4.
[2026-08-04T11:12:17Z] INFO Coupled control gating complete for slot 83/120: acquired=4/4 access=4/4 valid_srs=0/4 valid_trs_cells=1/1 tracked_serving_users=4/4 eligible=0/4.
[2026-08-04T11:12:17Z] INFO DL coupled publish: operating_point 3/3 configured_label_snr_dB=20.000 ue=0/4 dlDirectionalFrames=4/40 ulDirectionalFrames=4/40 dlRows=29 ulRows=10.
[2026-08-04T11:12:17Z] INFO Coupled DL schedule complete: sweep=3/3 slot=3/40 active=0 granted=0 grants=0.
[2026-08-04T11:12:17Z] INFO Coupled DL PDCCH qualification complete: sweep=3/3 slot=3/40 executable_grants=0.
[2026-08-04T11:12:17Z] INFO Preparing coupled DL batches: sweep=3/3 slot=3/40 candidate_grants=0 batch_size=24.
[2026-08-04T11:12:17Z] INFO Coupled UL K2 preschedule deferred: control_slot=83 reason=data_timing_rejected:target_hits_fixed_opposite_direction policy=no_valid_ul_occasion_from_current_dl_control_slot.
[2026-08-04T11:12:17Z] INFO Coupled canonical slot prepared: sweep=3/3 slot=4/40 duplex=FLEXIBLE_OR_MIXED allow_dl=1 allow_ul=1.
[2026-08-04T11:12:17Z] INFO Starting coupled pre-scheduling control gating for slot 84/120 with 4 UEs.
[2026-08-04T11:12:17Z] INFO Coupled control gating progress for slot 84/120: UE 1/4, PBCH=0 PRACH=0 SRS=0 TRS=0.
[2026-08-04T11:12:17Z] INFO Coupled control gating progress for slot 84/120: UE 2/4, PBCH=0 PRACH=0 SRS=0 TRS=0.
[2026-08-04T11:12:17Z] INFO Coupled control gating progress for slot 84/120: UE 3/4, PBCH=0 PRACH=0 SRS=0 TRS=0.
[2026-08-04T11:12:18Z] INFO Coupled control gating progress for slot 84/120: UE 4/4, PBCH=0 PRACH=0 SRS=0 TRS=0.
[2026-08-04T11:12:18Z] INFO Coupled control gating complete: slot=84 frame=5 pbch_attempts=0 prach_attempts=0 srs_attempts=0 trs_attempts=0 acquired=4/4 access=4/4 valid_srs=0/4 valid_trs_cells=1/1 tracked_serving_users=4/4 eligible=0/4.
[2026-08-04T11:12:18Z] INFO Coupled control gating complete for slot 84/120: acquired=4/4 access=4/4 valid_srs=0/4 valid_trs_cells=1/1 tracked_serving_users=4/4 eligible=0/4.
[2026-08-04T11:12:18Z] INFO DL coupled publish: operating_point 3/3 configured_label_snr_dB=20.000 ue=0/4 dlDirectionalFrames=4/40 ulDirectionalFrames=4/40 dlRows=29 ulRows=10.
[2026-08-04T11:12:18Z] INFO Coupled DL scheduling deferred: sweep=3/3 slot=4/40 reason=configured_dl_symbol_allocation_not_available_in_tdd_slot policy=no_valid_harq_ack_occasion_from_current_dl_slot.
[2026-08-04T11:12:18Z] INFO Coupled DL schedule complete: sweep=3/3 slot=4/40 active=0 granted=0 grants=0.
[2026-08-04T11:12:18Z] INFO Coupled DL PDCCH qualification complete: sweep=3/3 slot=4/40 executable_grants=0.
[2026-08-04T11:12:18Z] INFO Preparing coupled DL batches: sweep=3/3 slot=4/40 candidate_grants=0 batch_size=24.
[2026-08-04T11:12:18Z] INFO Coupled UL K2 preschedule deferred: control_slot=84 reason=data_timing_rejected:target_hits_fixed_opposite_direction policy=no_valid_ul_occasion_from_current_dl_control_slot.
[2026-08-04T11:12:18Z] INFO Coupled UL queued grant lookup complete: sweep=3/3 slot=4/40 due_grants=0 pending_grants=0.
[2026-08-04T11:12:18Z] INFO Coupled canonical slot prepared: sweep=3/3 slot=5/40 duplex=UL allow_dl=0 allow_ul=1.
[2026-08-04T11:12:18Z] INFO Starting coupled pre-scheduling control gating for slot 85/120 with 4 UEs.
[2026-08-04T11:12:18Z] INFO Coupled control gating progress for slot 85/120: UE 1/4, PBCH=0 PRACH=0 SRS=0 TRS=0.
[2026-08-04T11:12:19Z] INFO Coupled control gating progress for slot 85/120: UE 2/4, PBCH=0 PRACH=0 SRS=0 TRS=0.
[2026-08-04T11:12:19Z] INFO Coupled control gating progress for slot 85/120: UE 3/4, PBCH=0 PRACH=0 SRS=0 TRS=0.
[2026-08-04T11:12:19Z] INFO Coupled control gating progress for slot 85/120: UE 4/4, PBCH=0 PRACH=0 SRS=0 TRS=0.
[2026-08-04T11:12:19Z] INFO Coupled control gating complete: slot=85 frame=5 pbch_attempts=0 prach_attempts=0 srs_attempts=0 trs_attempts=0 acquired=4/4 access=4/4 valid_srs=0/4 valid_trs_cells=1/1 tracked_serving_users=4/4 eligible=0/4.
[2026-08-04T11:12:19Z] INFO Coupled control gating complete for slot 85/120: acquired=4/4 access=4/4 valid_srs=0/4 valid_trs_cells=1/1 tracked_serving_users=4/4 eligible=0/4.
[2026-08-04T11:12:19Z] INFO UL coupled publish: operating_point 3/3 configured_label_snr_dB=20.000 ue=0/4 dlDirectionalFrames=4/40 ulDirectionalFrames=4/40 dlRows=29 ulRows=10.
[2026-08-04T11:12:19Z] INFO Coupled UL queued grant lookup complete: sweep=3/3 slot=5/40 due_grants=0 pending_grants=0.
[2026-08-04T11:12:19Z] INFO Coupled canonical slot prepared: sweep=3/3 slot=6/40 duplex=DL allow_dl=1 allow_ul=0.
[2026-08-04T11:12:19Z] INFO Starting coupled pre-scheduling control gating for slot 86/120 with 4 UEs.
[2026-08-04T11:12:19Z] INFO Coupled control gating progress for slot 86/120: UE 1/4, PBCH=0 PRACH=0 SRS=0 TRS=0.
[2026-08-04T11:12:20Z] INFO Coupled control gating progress for slot 86/120: UE 2/4, PBCH=0 PRACH=0 SRS=0 TRS=0.
[2026-08-04T11:12:20Z] INFO Coupled control gating progress for slot 86/120: UE 3/4, PBCH=0 PRACH=0 SRS=0 TRS=0.
[2026-08-04T11:12:20Z] INFO Coupled control gating progress for slot 86/120: UE 4/4, PBCH=0 PRACH=0 SRS=0 TRS=0.
[2026-08-04T11:12:20Z] INFO Coupled control gating complete: slot=86 frame=5 pbch_attempts=0 prach_attempts=0 srs_attempts=0 trs_attempts=0 acquired=4/4 access=4/4 valid_srs=0/4 valid_trs_cells=1/1 tracked_serving_users=4/4 eligible=0/4.
[2026-08-04T11:12:20Z] INFO Coupled control gating complete for slot 86/120: acquired=4/4 access=4/4 valid_srs=0/4 valid_trs_cells=1/1 tracked_serving_users=4/4 eligible=0/4.
[2026-08-04T11:12:20Z] INFO DL coupled publish: operating_point 3/3 configured_label_snr_dB=20.000 ue=0/4 dlDirectionalFrames=4/40 ulDirectionalFrames=4/40 dlRows=29 ulRows=10.
[2026-08-04T11:12:20Z] INFO Coupled DL schedule complete: sweep=3/3 slot=6/40 active=0 granted=0 grants=0.
[2026-08-04T11:12:20Z] INFO Coupled DL PDCCH qualification complete: sweep=3/3 slot=6/40 executable_grants=0.
[2026-08-04T11:12:20Z] INFO Preparing coupled DL batches: sweep=3/3 slot=6/40 candidate_grants=0 batch_size=24.
[2026-08-04T11:12:20Z] INFO Coupled UL K2 preschedule complete: control_slot=86 due_slot=90 k2=4 active=0 granted=0 grants=0.
[2026-08-04T11:12:20Z] INFO Coupled canonical slot prepared: sweep=3/3 slot=7/40 duplex=DL allow_dl=1 allow_ul=0.
[2026-08-04T11:12:20Z] INFO Starting coupled pre-scheduling control gating for slot 87/120 with 4 UEs.
[2026-08-04T11:12:21Z] INFO Coupled control gating progress for slot 87/120: UE 1/4, PBCH=0 PRACH=0 SRS=0 TRS=0.
[2026-08-04T11:12:21Z] INFO Coupled control gating progress for slot 87/120: UE 2/4, PBCH=0 PRACH=0 SRS=0 TRS=0.
[2026-08-04T11:12:21Z] INFO Coupled control gating progress for slot 87/120: UE 3/4, PBCH=0 PRACH=0 SRS=0 TRS=0.
[2026-08-04T11:12:21Z] INFO Coupled control gating progress for slot 87/120: UE 4/4, PBCH=0 PRACH=0 SRS=0 TRS=0.
[2026-08-04T11:12:21Z] INFO Coupled control gating complete: slot=87 frame=5 pbch_attempts=0 prach_attempts=0 srs_attempts=0 trs_attempts=0 acquired=4/4 access=4/4 valid_srs=0/4 valid_trs_cells=1/1 tracked_serving_users=4/4 eligible=0/4.
[2026-08-04T11:12:21Z] INFO Coupled control gating complete for slot 87/120: acquired=4/4 access=4/4 valid_srs=0/4 valid_trs_cells=1/1 tracked_serving_users=4/4 eligible=0/4.
[2026-08-04T11:12:21Z] INFO DL coupled publish: operating_point 3/3 configured_label_snr_dB=20.000 ue=0/4 dlDirectionalFrames=4/40 ulDirectionalFrames=4/40 dlRows=29 ulRows=10.
[2026-08-04T11:12:21Z] INFO Coupled DL schedule complete: sweep=3/3 slot=7/40 active=0 granted=0 grants=0.
[2026-08-04T11:12:21Z] INFO Coupled DL PDCCH qualification complete: sweep=3/3 slot=7/40 executable_grants=0.
[2026-08-04T11:12:21Z] INFO Preparing coupled DL batches: sweep=3/3 slot=7/40 candidate_grants=0 batch_size=24.
[2026-08-04T11:12:21Z] INFO Coupled UL K2 preschedule deferred: control_slot=87 reason=data_timing_rejected:target_hits_fixed_opposite_direction policy=no_valid_ul_occasion_from_current_dl_control_slot.
[2026-08-04T11:12:21Z] INFO Coupled canonical slot prepared: sweep=3/3 slot=8/40 duplex=DL allow_dl=1 allow_ul=0.
[2026-08-04T11:12:21Z] INFO Starting coupled pre-scheduling control gating for slot 88/120 with 4 UEs.
[2026-08-04T11:12:22Z] INFO Coupled control gating progress for slot 88/120: UE 1/4, PBCH=0 PRACH=0 SRS=0 TRS=0.
[2026-08-04T11:12:22Z] INFO Coupled control gating progress for slot 88/120: UE 2/4, PBCH=0 PRACH=0 SRS=0 TRS=0.
[2026-08-04T11:12:22Z] INFO Coupled control gating progress for slot 88/120: UE 3/4, PBCH=0 PRACH=0 SRS=0 TRS=0.
[2026-08-04T11:12:22Z] INFO Coupled control gating progress for slot 88/120: UE 4/4, PBCH=0 PRACH=0 SRS=0 TRS=0.
[2026-08-04T11:12:22Z] INFO Coupled control gating complete: slot=88 frame=5 pbch_attempts=0 prach_attempts=0 srs_attempts=0 trs_attempts=0 acquired=4/4 access=4/4 valid_srs=0/4 valid_trs_cells=1/1 tracked_serving_users=4/4 eligible=0/4.
[2026-08-04T11:12:22Z] INFO Coupled control gating complete for slot 88/120: acquired=4/4 access=4/4 valid_srs=0/4 valid_trs_cells=1/1 tracked_serving_users=4/4 eligible=0/4.
[2026-08-04T11:12:22Z] INFO DL coupled publish: operating_point 3/3 configured_label_snr_dB=20.000 ue=0/4 dlDirectionalFrames=4/40 ulDirectionalFrames=4/40 dlRows=29 ulRows=10.
[2026-08-04T11:12:22Z] INFO Coupled DL schedule complete: sweep=3/3 slot=8/40 active=0 granted=0 grants=0.
[2026-08-04T11:12:22Z] INFO Coupled DL PDCCH qualification complete: sweep=3/3 slot=8/40 executable_grants=0.
[2026-08-04T11:12:22Z] INFO Preparing coupled DL batches: sweep=3/3 slot=8/40 candidate_grants=0 batch_size=24.
[2026-08-04T11:12:22Z] INFO Coupled UL K2 preschedule deferred: control_slot=88 reason=data_timing_rejected:target_hits_fixed_opposite_direction policy=no_valid_ul_occasion_from_current_dl_control_slot.
[2026-08-04T11:12:22Z] INFO Coupled canonical slot prepared: sweep=3/3 slot=9/40 duplex=FLEXIBLE_OR_MIXED allow_dl=1 allow_ul=1.
[2026-08-04T11:12:22Z] INFO Starting coupled pre-scheduling control gating for slot 89/120 with 4 UEs.
[2026-08-04T11:12:23Z] INFO Coupled control gating progress for slot 89/120: UE 1/4, PBCH=0 PRACH=0 SRS=0 TRS=0.
[2026-08-04T11:12:23Z] INFO Coupled control gating progress for slot 89/120: UE 2/4, PBCH=0 PRACH=0 SRS=0 TRS=0.
[2026-08-04T11:12:23Z] INFO Coupled control gating progress for slot 89/120: UE 3/4, PBCH=0 PRACH=0 SRS=0 TRS=0.
[2026-08-04T11:12:23Z] INFO Coupled control gating progress for slot 89/120: UE 4/4, PBCH=0 PRACH=0 SRS=0 TRS=0.
[2026-08-04T11:12:23Z] INFO Coupled control gating complete: slot=89 frame=5 pbch_attempts=0 prach_attempts=0 srs_attempts=0 trs_attempts=0 acquired=4/4 access=4/4 valid_srs=0/4 valid_trs_cells=1/1 tracked_serving_users=4/4 eligible=0/4.
[2026-08-04T11:12:23Z] INFO Coupled control gating complete for slot 89/120: acquired=4/4 access=4/4 valid_srs=0/4 valid_trs_cells=1/1 tracked_serving_users=4/4 eligible=0/4.
[2026-08-04T11:12:23Z] INFO DL coupled publish: operating_point 3/3 configured_label_snr_dB=20.000 ue=0/4 dlDirectionalFrames=4/40 ulDirectionalFrames=4/40 dlRows=29 ulRows=10.
[2026-08-04T11:12:23Z] INFO Coupled DL scheduling deferred: sweep=3/3 slot=9/40 reason=configured_dl_symbol_allocation_not_available_in_tdd_slot policy=no_valid_harq_ack_occasion_from_current_dl_slot.
[2026-08-04T11:12:23Z] INFO Coupled DL schedule complete: sweep=3/3 slot=9/40 active=0 granted=0 grants=0.
[2026-08-04T11:12:23Z] INFO Coupled DL PDCCH qualification complete: sweep=3/3 slot=9/40 executable_grants=0.
[2026-08-04T11:12:23Z] INFO Preparing coupled DL batches: sweep=3/3 slot=9/40 candidate_grants=0 batch_size=24.
[2026-08-04T11:12:23Z] INFO Coupled UL K2 preschedule deferred: control_slot=89 reason=data_timing_rejected:target_hits_fixed_opposite_direction policy=no_valid_ul_occasion_from_current_dl_control_slot.
[2026-08-04T11:12:23Z] INFO Coupled UL queued grant lookup complete: sweep=3/3 slot=9/40 due_grants=0 pending_grants=0.
[2026-08-04T11:12:23Z] INFO Coupled canonical slot prepared: sweep=3/3 slot=10/40 duplex=UL allow_dl=0 allow_ul=1.
[2026-08-04T11:12:24Z] INFO Starting coupled pre-scheduling control gating for slot 90/120 with 4 UEs.
[2026-08-04T11:12:24Z] INFO Coupled control gating progress for slot 90/120: UE 1/4, PBCH=0 PRACH=0 SRS=0 TRS=0.
[2026-08-04T11:12:24Z] INFO Coupled control gating progress for slot 90/120: UE 2/4, PBCH=0 PRACH=0 SRS=0 TRS=0.
[2026-08-04T11:12:24Z] INFO Coupled control gating progress for slot 90/120: UE 3/4, PBCH=0 PRACH=0 SRS=0 TRS=0.
[2026-08-04T11:12:24Z] INFO Coupled control gating progress for slot 90/120: UE 4/4, PBCH=0 PRACH=0 SRS=0 TRS=0.
[2026-08-04T11:12:24Z] INFO Coupled control gating complete: slot=90 frame=5 pbch_attempts=0 prach_attempts=0 srs_attempts=0 trs_attempts=0 acquired=4/4 access=4/4 valid_srs=0/4 valid_trs_cells=1/1 tracked_serving_users=4/4 eligible=0/4.
[2026-08-04T11:12:24Z] INFO Coupled control gating complete for slot 90/120: acquired=4/4 access=4/4 valid_srs=0/4 valid_trs_cells=1/1 tracked_serving_users=4/4 eligible=0/4.
[2026-08-04T11:12:24Z] INFO UL coupled publish: operating_point 3/3 configured_label_snr_dB=20.000 ue=0/4 dlDirectionalFrames=4/40 ulDirectionalFrames=4/40 dlRows=29 ulRows=10.
[2026-08-04T11:12:24Z] INFO Coupled UL queued grant lookup complete: sweep=3/3 slot=10/40 due_grants=0 pending_grants=0.
[2026-08-04T11:12:24Z] INFO Coupled canonical slot prepared: sweep=3/3 slot=11/40 duplex=DL allow_dl=1 allow_ul=0.
[2026-08-04T11:12:24Z] INFO Starting coupled pre-scheduling control gating for slot 91/120 with 4 UEs.
[2026-08-04T11:12:25Z] INFO Coupled control gating progress for slot 91/120: UE 1/4, PBCH=0 PRACH=0 SRS=0 TRS=0.
[2026-08-04T11:12:25Z] INFO Coupled control gating progress for slot 91/120: UE 2/4, PBCH=0 PRACH=0 SRS=0 TRS=0.
[2026-08-04T11:12:25Z] INFO Coupled control gating progress for slot 91/120: UE 3/4, PBCH=0 PRACH=0 SRS=0 TRS=0.
[2026-08-04T11:12:25Z] INFO Coupled control gating progress for slot 91/120: UE 4/4, PBCH=0 PRACH=0 SRS=0 TRS=0.
[2026-08-04T11:12:25Z] INFO Coupled control gating complete: slot=91 frame=5 pbch_attempts=0 prach_attempts=0 srs_attempts=0 trs_attempts=0 acquired=4/4 access=4/4 valid_srs=0/4 valid_trs_cells=1/1 tracked_serving_users=4/4 eligible=0/4.
[2026-08-04T11:12:25Z] INFO Coupled control gating complete for slot 91/120: acquired=4/4 access=4/4 valid_srs=0/4 valid_trs_cells=1/1 tracked_serving_users=4/4 eligible=0/4.
[2026-08-04T11:12:25Z] INFO DL coupled publish: operating_point 3/3 configured_label_snr_dB=20.000 ue=0/4 dlDirectionalFrames=4/40 ulDirectionalFrames=4/40 dlRows=29 ulRows=10.
[2026-08-04T11:12:25Z] INFO Coupled DL schedule complete: sweep=3/3 slot=11/40 active=0 granted=0 grants=0.
[2026-08-04T11:12:25Z] INFO Coupled DL PDCCH qualification complete: sweep=3/3 slot=11/40 executable_grants=0.
[2026-08-04T11:12:25Z] INFO Preparing coupled DL batches: sweep=3/3 slot=11/40 candidate_grants=0 batch_size=24.
[2026-08-04T11:12:26Z] INFO Coupled UL K2 preschedule complete: control_slot=91 due_slot=95 k2=4 active=0 granted=0 grants=0.
[2026-08-04T11:12:26Z] INFO Coupled canonical slot prepared: sweep=3/3 slot=12/40 duplex=DL allow_dl=1 allow_ul=0.
[2026-08-04T11:12:26Z] INFO Starting coupled pre-scheduling control gating for slot 92/120 with 4 UEs.
[2026-08-04T11:12:26Z] INFO Coupled control gating progress for slot 92/120: UE 1/4, PBCH=0 PRACH=0 SRS=0 TRS=0.
[2026-08-04T11:12:26Z] INFO Coupled control gating progress for slot 92/120: UE 2/4, PBCH=0 PRACH=0 SRS=0 TRS=0.
[2026-08-04T11:12:26Z] INFO Coupled control gating progress for slot 92/120: UE 3/4, PBCH=0 PRACH=0 SRS=0 TRS=0.
[2026-08-04T11:12:26Z] INFO Coupled control gating progress for slot 92/120: UE 4/4, PBCH=0 PRACH=0 SRS=0 TRS=0.
[2026-08-04T11:12:27Z] INFO Coupled control gating complete: slot=92 frame=5 pbch_attempts=0 prach_attempts=0 srs_attempts=0 trs_attempts=0 acquired=4/4 access=4/4 valid_srs=0/4 valid_trs_cells=1/1 tracked_serving_users=4/4 eligible=0/4.
[2026-08-04T11:12:27Z] INFO Coupled control gating complete for slot 92/120: acquired=4/4 access=4/4 valid_srs=0/4 valid_trs_cells=1/1 tracked_serving_users=4/4 eligible=0/4.
[2026-08-04T11:12:27Z] INFO DL coupled publish: operating_point 3/3 configured_label_snr_dB=20.000 ue=0/4 dlDirectionalFrames=4/40 ulDirectionalFrames=4/40 dlRows=29 ulRows=10.
[2026-08-04T11:12:27Z] INFO Coupled DL schedule complete: sweep=3/3 slot=12/40 active=0 granted=0 grants=0.
[2026-08-04T11:12:27Z] INFO Coupled DL PDCCH qualification complete: sweep=3/3 slot=12/40 executable_grants=0.
[2026-08-04T11:12:27Z] INFO Preparing coupled DL batches: sweep=3/3 slot=12/40 candidate_grants=0 batch_size=24.
[2026-08-04T11:12:27Z] INFO Coupled UL K2 preschedule deferred: control_slot=92 reason=data_timing_rejected:target_hits_fixed_opposite_direction policy=no_valid_ul_occasion_from_current_dl_control_slot.
[2026-08-04T11:12:27Z] INFO Coupled canonical slot prepared: sweep=3/3 slot=13/40 duplex=DL allow_dl=1 allow_ul=0.
[2026-08-04T11:12:27Z] INFO Starting coupled pre-scheduling control gating for slot 93/120 with 4 UEs.
[2026-08-04T11:12:27Z] INFO Coupled control gating progress for slot 93/120: UE 1/4, PBCH=0 PRACH=0 SRS=0 TRS=0.
[2026-08-04T11:12:27Z] INFO Coupled control gating progress for slot 93/120: UE 2/4, PBCH=0 PRACH=0 SRS=0 TRS=0.
[2026-08-04T11:12:28Z] INFO Coupled control gating progress for slot 93/120: UE 3/4, PBCH=0 PRACH=0 SRS=0 TRS=0.
[2026-08-04T11:12:28Z] INFO Coupled control gating progress for slot 93/120: UE 4/4, PBCH=0 PRACH=0 SRS=0 TRS=0.
[2026-08-04T11:12:28Z] INFO Coupled control gating complete: slot=93 frame=5 pbch_attempts=0 prach_attempts=0 srs_attempts=0 trs_attempts=0 acquired=4/4 access=4/4 valid_srs=0/4 valid_trs_cells=1/1 tracked_serving_users=4/4 eligible=0/4.
[2026-08-04T11:12:28Z] INFO Coupled control gating complete for slot 93/120: acquired=4/4 access=4/4 valid_srs=0/4 valid_trs_cells=1/1 tracked_serving_users=4/4 eligible=0/4.
[2026-08-04T11:12:28Z] INFO DL coupled publish: operating_point 3/3 configured_label_snr_dB=20.000 ue=0/4 dlDirectionalFrames=4/40 ulDirectionalFrames=4/40 dlRows=29 ulRows=10.
[2026-08-04T11:12:28Z] INFO Coupled DL schedule complete: sweep=3/3 slot=13/40 active=0 granted=0 grants=0.
[2026-08-04T11:12:28Z] INFO Coupled DL PDCCH qualification complete: sweep=3/3 slot=13/40 executable_grants=0.
[2026-08-04T11:12:28Z] INFO Preparing coupled DL batches: sweep=3/3 slot=13/40 candidate_grants=0 batch_size=24.
[2026-08-04T11:12:28Z] INFO Coupled UL K2 preschedule deferred: control_slot=93 reason=data_timing_rejected:target_hits_fixed_opposite_direction policy=no_valid_ul_occasion_from_current_dl_control_slot.
[2026-08-04T11:12:28Z] INFO Coupled canonical slot prepared: sweep=3/3 slot=14/40 duplex=FLEXIBLE_OR_MIXED allow_dl=1 allow_ul=1.
[2026-08-04T11:12:28Z] INFO Starting coupled pre-scheduling control gating for slot 94/120 with 4 UEs.
[2026-08-04T11:12:28Z] INFO Coupled control gating progress for slot 94/120: UE 1/4, PBCH=0 PRACH=0 SRS=0 TRS=0.
[2026-08-04T11:12:28Z] INFO Coupled control gating progress for slot 94/120: UE 2/4, PBCH=0 PRACH=0 SRS=0 TRS=0.
[2026-08-04T11:12:29Z] INFO Coupled control gating progress for slot 94/120: UE 3/4, PBCH=0 PRACH=0 SRS=0 TRS=0.
[2026-08-04T11:12:29Z] INFO Coupled control gating progress for slot 94/120: UE 4/4, PBCH=0 PRACH=0 SRS=0 TRS=0.
[2026-08-04T11:12:29Z] INFO Coupled control gating complete: slot=94 frame=5 pbch_attempts=0 prach_attempts=0 srs_attempts=0 trs_attempts=0 acquired=4/4 access=4/4 valid_srs=0/4 valid_trs_cells=1/1 tracked_serving_users=4/4 eligible=0/4.
[2026-08-04T11:12:29Z] INFO Coupled control gating complete for slot 94/120: acquired=4/4 access=4/4 valid_srs=0/4 valid_trs_cells=1/1 tracked_serving_users=4/4 eligible=0/4.
[2026-08-04T11:12:29Z] INFO DL coupled publish: operating_point 3/3 configured_label_snr_dB=20.000 ue=0/4 dlDirectionalFrames=4/40 ulDirectionalFrames=4/40 dlRows=29 ulRows=10.
[2026-08-04T11:12:29Z] INFO Coupled DL scheduling deferred: sweep=3/3 slot=14/40 reason=configured_dl_symbol_allocation_not_available_in_tdd_slot policy=no_valid_harq_ack_occasion_from_current_dl_slot.
[2026-08-04T11:12:29Z] INFO Coupled DL schedule complete: sweep=3/3 slot=14/40 active=0 granted=0 grants=0.
[2026-08-04T11:12:29Z] INFO Coupled DL PDCCH qualification complete: sweep=3/3 slot=14/40 executable_grants=0.
[2026-08-04T11:12:29Z] INFO Preparing coupled DL batches: sweep=3/3 slot=14/40 candidate_grants=0 batch_size=24.
[2026-08-04T11:12:29Z] INFO Coupled UL K2 preschedule deferred: control_slot=94 reason=data_timing_rejected:target_hits_fixed_opposite_direction policy=no_valid_ul_occasion_from_current_dl_control_slot.
[2026-08-04T11:12:29Z] INFO Coupled UL queued grant lookup complete: sweep=3/3 slot=14/40 due_grants=0 pending_grants=0.
[2026-08-04T11:12:29Z] INFO Coupled canonical slot prepared: sweep=3/3 slot=15/40 duplex=UL allow_dl=0 allow_ul=1.
[2026-08-04T11:12:29Z] INFO Starting coupled pre-scheduling control gating for slot 95/120 with 4 UEs.
[2026-08-04T11:13:33Z] INFO Coupled control gating progress for slot 95/120: UE 1/4, PBCH=0 PRACH=0 SRS=1 TRS=0.
[2026-08-04T11:14:18Z] INFO Coupled control gating progress for slot 95/120: UE 2/4, PBCH=0 PRACH=0 SRS=2 TRS=0.
[2026-08-04T11:15:07Z] INFO Coupled control gating progress for slot 95/120: UE 3/4, PBCH=0 PRACH=0 SRS=3 TRS=0.
[2026-08-04T11:15:56Z] INFO Coupled control gating progress for slot 95/120: UE 4/4, PBCH=0 PRACH=0 SRS=4 TRS=0.
[2026-08-04T11:15:57Z] INFO Coupled control gating complete: slot=95 frame=5 pbch_attempts=0 prach_attempts=0 srs_attempts=4 trs_attempts=0 acquired=4/4 access=4/4 valid_srs=4/4 valid_trs_cells=1/1 tracked_serving_users=4/4 eligible=4/4.
[2026-08-04T11:15:57Z] INFO Coupled control gating complete for slot 95/120: acquired=4/4 access=4/4 valid_srs=4/4 valid_trs_cells=1/1 tracked_serving_users=4/4 eligible=4/4.
[2026-08-04T11:15:58Z] INFO UL coupled publish: operating_point 3/3 configured_label_snr_dB=20.000 ue=0/4 dlDirectionalFrames=4/40 ulDirectionalFrames=4/40 dlRows=29 ulRows=10.
[2026-08-04T11:15:58Z] INFO Coupled UL queued grant lookup complete: sweep=3/3 slot=15/40 due_grants=0 pending_grants=0.
[2026-08-04T11:15:58Z] INFO Coupled canonical slot prepared: sweep=3/3 slot=16/40 duplex=DL allow_dl=1 allow_ul=0.
[2026-08-04T11:15:58Z] INFO Starting coupled pre-scheduling control gating for slot 96/120 with 4 UEs.
[2026-08-04T11:15:59Z] INFO Coupled control gating progress for slot 96/120: UE 1/4, PBCH=0 PRACH=0 SRS=0 TRS=0.
[2026-08-04T11:15:59Z] INFO Coupled control gating progress for slot 96/120: UE 2/4, PBCH=0 PRACH=0 SRS=0 TRS=0.
[2026-08-04T11:15:59Z] INFO Coupled control gating progress for slot 96/120: UE 3/4, PBCH=0 PRACH=0 SRS=0 TRS=0.
[2026-08-04T11:15:59Z] INFO Coupled control gating progress for slot 96/120: UE 4/4, PBCH=0 PRACH=0 SRS=0 TRS=0.
[2026-08-04T11:16:00Z] INFO Coupled control gating complete: slot=96 frame=5 pbch_attempts=0 prach_attempts=0 srs_attempts=0 trs_attempts=0 acquired=4/4 access=4/4 valid_srs=4/4 valid_trs_cells=1/1 tracked_serving_users=4/4 eligible=4/4.
[2026-08-04T11:16:00Z] INFO Coupled control gating complete for slot 96/120: acquired=4/4 access=4/4 valid_srs=4/4 valid_trs_cells=1/1 tracked_serving_users=4/4 eligible=4/4.
[2026-08-04T11:16:00Z] INFO DL coupled publish: operating_point 3/3 configured_label_snr_dB=20.000 ue=0/4 dlDirectionalFrames=4/40 ulDirectionalFrames=4/40 dlRows=29 ulRows=10.
[2026-08-04T11:16:05Z] INFO Coupled DL schedule complete: sweep=3/3 slot=16/40 active=4 granted=2 grants=2.
[2026-08-04T11:16:09Z] INFO Coupled DL PDCCH grant binding: ue=1 required=1 ok=1 status=bound failure= dci=f5f5689b6bbcd77c8e6a12ea6ce7983e2c4000217ed157a128cc71cec1dbbd6f grant_ss=1 observed_ss=1 bound_ss=1 grant_coreset=0 observed_coreset=0 bound_coreset=0.
[2026-08-04T11:16:11Z] INFO Coupled DL PDCCH grant binding: ue=2 required=1 ok=1 status=bound failure= dci=f5f5689b6bbcd77c8e6a12ea6ce7983e2c4000217ed157a128cc71cec1dbbd6f grant_ss=1 observed_ss=1 bound_ss=1 grant_coreset=0 observed_coreset=0 bound_coreset=0.
[2026-08-04T11:16:11Z] INFO Coupled DL PDCCH qualification complete: sweep=3/3 slot=16/40 executable_grants=2.
[2026-08-04T11:16:11Z] INFO Preparing coupled DL batches: sweep=3/3 slot=16/40 candidate_grants=2 batch_size=24.
[2026-08-04T11:16:11Z] INFO Preparing coupled DL resolved grant cache: candidate_grants=2.
[2026-08-04T11:16:32Z] INFO Prepared coupled DL resolved grant cache entries: 2/2.
[2026-08-04T11:16:32Z] INFO Prepared coupled DL resolved grant cache complete: entries=2 elapsed_s=21.117.
[2026-08-04T11:16:33Z] INFO Prepared coupled DL chunk: sweep=3/3 slot=16/40 executable_plans=2 chunk=1-2 of 2.
[2026-08-04T11:16:33Z] INFO Executing coupled DL chunk: sweep=3/3 slot=16/40 chunk=1-2 of 2.
[2026-08-04T11:16:33Z] INFO Executing coupled DL grant chunk serially: plans=2 reason=parallel_safety_or_pool_unavailable.
[2026-08-04T11:18:53Z] INFO Publishing coupled DL chunk results: sweep=3/3 slot=16/40 committed_rows=2 current_primary_rows=31.
[2026-08-04T11:18:54Z] INFO DL coupled publish: operating_point 3/3 configured_label_snr_dB=20.000 ue=2/4 dlDirectionalFrames=5/40 ulDirectionalFrames=4/40 dlRows=31 ulRows=10.
[2026-08-04T11:18:56Z] INFO Coupled UL K2 preschedule complete: control_slot=96 due_slot=100 k2=4 active=4 granted=2 grants=2.
[2026-08-04T11:19:14Z] INFO Coupled UL PDCCH grant binding: ue=1 required=1 ok=1 status=bound failure= dci=6ae14209d0d3df71e72da4afa88b3f82bcd44a0adbc5e34a0cdb69d8a8001ce2 grant_ss=1 observed_ss=1 bound_ss=1 grant_coreset=0 observed_coreset=0 bound_coreset=0.
[2026-08-04T11:19:30Z] INFO Coupled UL PDCCH grant binding: ue=2 required=1 ok=1 status=bound failure= dci=6ae14209d0d3df71e72da4afa88b3f82bcd44a0adbc5e34a0cdb69d8a8001ce2 grant_ss=1 observed_ss=1 bound_ss=1 grant_coreset=0 observed_coreset=0 bound_coreset=0.
[2026-08-04T11:19:30Z] INFO Queued coupled UL grants after K2 PDCCH qualification: control_slot=96 due_slot=100 executable_grants=2 pending_total=2.
[2026-08-04T11:19:30Z] INFO Coupled canonical slot prepared: sweep=3/3 slot=17/40 duplex=DL allow_dl=1 allow_ul=0.
[2026-08-04T11:19:30Z] INFO Starting coupled pre-scheduling control gating for slot 97/120 with 4 UEs.
[2026-08-04T11:19:31Z] INFO Coupled control gating progress for slot 97/120: UE 1/4, PBCH=0 PRACH=0 SRS=0 TRS=0.
[2026-08-04T11:19:31Z] INFO Coupled control gating progress for slot 97/120: UE 2/4, PBCH=0 PRACH=0 SRS=0 TRS=0.
[2026-08-04T11:19:31Z] INFO Coupled control gating progress for slot 97/120: UE 3/4, PBCH=0 PRACH=0 SRS=0 TRS=0.
[2026-08-04T11:19:31Z] INFO Coupled control gating progress for slot 97/120: UE 4/4, PBCH=0 PRACH=0 SRS=0 TRS=0.
[2026-08-04T11:19:31Z] INFO Coupled control gating complete: slot=97 frame=5 pbch_attempts=0 prach_attempts=0 srs_attempts=0 trs_attempts=0 acquired=4/4 access=4/4 valid_srs=4/4 valid_trs_cells=1/1 tracked_serving_users=4/4 eligible=4/4.
[2026-08-04T11:19:31Z] INFO Coupled control gating complete for slot 97/120: acquired=4/4 access=4/4 valid_srs=4/4 valid_trs_cells=1/1 tracked_serving_users=4/4 eligible=4/4.
[2026-08-04T11:19:32Z] INFO DL coupled publish: operating_point 3/3 configured_label_snr_dB=20.000 ue=0/4 dlDirectionalFrames=5/40 ulDirectionalFrames=4/40 dlRows=31 ulRows=10.
[2026-08-04T11:19:33Z] INFO Coupled DL schedule complete: sweep=3/3 slot=17/40 active=4 granted=2 grants=2.
[2026-08-04T11:19:35Z] INFO Coupled DL PDCCH grant binding: ue=3 required=1 ok=1 status=bound failure= dci=2114e040b1ab44bab1c8ba294adfd0962d9d0be18d872be8fbecf91fd90f7239 grant_ss=1 observed_ss=1 bound_ss=1 grant_coreset=0 observed_coreset=0 bound_coreset=0.
[2026-08-04T11:19:36Z] INFO Coupled DL PDCCH grant binding: ue=4 required=1 ok=1 status=bound failure= dci=2114e040b1ab44bab1c8ba294adfd0962d9d0be18d872be8fbecf91fd90f7239 grant_ss=1 observed_ss=1 bound_ss=1 grant_coreset=0 observed_coreset=0 bound_coreset=0.
[2026-08-04T11:19:36Z] INFO Coupled DL PDCCH qualification complete: sweep=3/3 slot=17/40 executable_grants=2.
[2026-08-04T11:19:36Z] INFO Preparing coupled DL batches: sweep=3/3 slot=17/40 candidate_grants=2 batch_size=24.
[2026-08-04T11:19:36Z] INFO Preparing coupled DL resolved grant cache: candidate_grants=2.
[2026-08-04T11:19:55Z] INFO Prepared coupled DL resolved grant cache entries: 2/2.
[2026-08-04T11:19:55Z] INFO Prepared coupled DL resolved grant cache complete: entries=2 elapsed_s=18.179.
[2026-08-04T11:19:56Z] INFO Prepared coupled DL chunk: sweep=3/3 slot=17/40 executable_plans=2 chunk=1-2 of 2.
[2026-08-04T11:19:56Z] INFO Executing coupled DL chunk: sweep=3/3 slot=17/40 chunk=1-2 of 2.
[2026-08-04T11:19:56Z] INFO Executing coupled DL grant chunk serially: plans=2 reason=parallel_safety_or_pool_unavailable.
[2026-08-04T11:22:08Z] INFO Publishing coupled DL chunk results: sweep=3/3 slot=17/40 committed_rows=2 current_primary_rows=33.
[2026-08-04T11:22:09Z] INFO DL coupled publish: operating_point 3/3 configured_label_snr_dB=20.000 ue=4/4 dlDirectionalFrames=5/40 ulDirectionalFrames=4/40 dlRows=33 ulRows=10.
[2026-08-04T11:22:09Z] INFO Coupled UL K2 preschedule deferred: control_slot=97 reason=data_timing_rejected:target_hits_fixed_opposite_direction policy=no_valid_ul_occasion_from_current_dl_control_slot.
[2026-08-04T11:22:09Z] INFO Coupled canonical slot prepared: sweep=3/3 slot=18/40 duplex=DL allow_dl=1 allow_ul=0.
[2026-08-04T11:22:09Z] INFO Starting coupled pre-scheduling control gating for slot 98/120 with 4 UEs.
[2026-08-04T11:22:10Z] INFO Coupled control gating progress for slot 98/120: UE 1/4, PBCH=0 PRACH=0 SRS=0 TRS=0.
[2026-08-04T11:22:10Z] INFO Coupled control gating progress for slot 98/120: UE 2/4, PBCH=0 PRACH=0 SRS=0 TRS=0.
[2026-08-04T11:22:10Z] INFO Coupled control gating progress for slot 98/120: UE 3/4, PBCH=0 PRACH=0 SRS=0 TRS=0.
[2026-08-04T11:22:10Z] INFO Coupled control gating progress for slot 98/120: UE 4/4, PBCH=0 PRACH=0 SRS=0 TRS=0.
[2026-08-04T11:22:10Z] INFO Coupled control gating complete: slot=98 frame=5 pbch_attempts=0 prach_attempts=0 srs_attempts=0 trs_attempts=0 acquired=4/4 access=4/4 valid_srs=4/4 valid_trs_cells=1/1 tracked_serving_users=4/4 eligible=4/4.
[2026-08-04T11:22:10Z] INFO Coupled control gating complete for slot 98/120: acquired=4/4 access=4/4 valid_srs=4/4 valid_trs_cells=1/1 tracked_serving_users=4/4 eligible=4/4.
[2026-08-04T11:22:10Z] INFO DL coupled publish: operating_point 3/3 configured_label_snr_dB=20.000 ue=0/4 dlDirectionalFrames=5/40 ulDirectionalFrames=4/40 dlRows=33 ulRows=10.
[2026-08-04T11:22:11Z] INFO Coupled DL schedule complete: sweep=3/3 slot=18/40 active=4 granted=2 grants=2.
[2026-08-04T11:22:14Z] INFO Coupled DL PDCCH grant binding: ue=1 required=1 ok=1 status=bound failure= dci=95bb36a1f20da1f92b761cc6d636ddc657706e2cb13fe2532828b47d69c5b07a grant_ss=1 observed_ss=1 bound_ss=1 grant_coreset=0 observed_coreset=0 bound_coreset=0.
[2026-08-04T11:22:16Z] INFO Coupled DL PDCCH grant binding: ue=2 required=1 ok=1 status=bound failure= dci=95bb36a1f20da1f92b761cc6d636ddc657706e2cb13fe2532828b47d69c5b07a grant_ss=1 observed_ss=1 bound_ss=1 grant_coreset=0 observed_coreset=0 bound_coreset=0.
[2026-08-04T11:22:16Z] INFO Coupled DL PDCCH qualification complete: sweep=3/3 slot=18/40 executable_grants=2.
[2026-08-04T11:22:16Z] INFO Preparing coupled DL batches: sweep=3/3 slot=18/40 candidate_grants=2 batch_size=24.
[2026-08-04T11:22:16Z] INFO Preparing coupled DL resolved grant cache: candidate_grants=2.
[2026-08-04T11:22:34Z] INFO Prepared coupled DL resolved grant cache entries: 2/2.
[2026-08-04T11:22:34Z] INFO Prepared coupled DL resolved grant cache complete: entries=2 elapsed_s=17.806.
[2026-08-04T11:22:35Z] INFO Prepared coupled DL chunk: sweep=3/3 slot=18/40 executable_plans=2 chunk=1-2 of 2.
[2026-08-04T11:22:35Z] INFO Executing coupled DL chunk: sweep=3/3 slot=18/40 chunk=1-2 of 2.
[2026-08-04T11:22:35Z] INFO Executing coupled DL grant chunk serially: plans=2 reason=parallel_safety_or_pool_unavailable.
[2026-08-04T11:23:20Z] INFO Publishing coupled DL chunk results: sweep=3/3 slot=18/40 committed_rows=2 current_primary_rows=35.
[2026-08-04T11:23:22Z] INFO DL coupled publish: operating_point 3/3 configured_label_snr_dB=20.000 ue=2/4 dlDirectionalFrames=5/40 ulDirectionalFrames=4/40 dlRows=35 ulRows=10.
[2026-08-04T11:23:22Z] INFO Coupled UL K2 preschedule deferred: control_slot=98 reason=data_timing_rejected:target_hits_fixed_opposite_direction policy=no_valid_ul_occasion_from_current_dl_control_slot.
[2026-08-04T11:23:22Z] INFO Coupled canonical slot prepared: sweep=3/3 slot=19/40 duplex=FLEXIBLE_OR_MIXED allow_dl=1 allow_ul=1.
[2026-08-04T11:23:27Z] INFO Starting coupled pre-scheduling control gating for slot 99/120 with 4 UEs.
[2026-08-04T11:23:27Z] INFO Coupled control gating progress for slot 99/120: UE 1/4, PBCH=0 PRACH=0 SRS=0 TRS=0.
[2026-08-04T11:23:27Z] INFO Coupled control gating progress for slot 99/120: UE 2/4, PBCH=0 PRACH=0 SRS=0 TRS=0.
[2026-08-04T11:23:27Z] INFO Coupled control gating progress for slot 99/120: UE 3/4, PBCH=0 PRACH=0 SRS=0 TRS=0.
[2026-08-04T11:23:27Z] INFO Coupled control gating progress for slot 99/120: UE 4/4, PBCH=0 PRACH=0 SRS=0 TRS=0.
[2026-08-04T11:23:27Z] INFO Coupled control gating complete: slot=99 frame=5 pbch_attempts=0 prach_attempts=0 srs_attempts=0 trs_attempts=0 acquired=4/4 access=4/4 valid_srs=4/4 valid_trs_cells=1/1 tracked_serving_users=4/4 eligible=4/4.
[2026-08-04T11:23:27Z] INFO Coupled control gating complete for slot 99/120: acquired=4/4 access=4/4 valid_srs=4/4 valid_trs_cells=1/1 tracked_serving_users=4/4 eligible=4/4.
[2026-08-04T11:23:27Z] INFO DL coupled publish: operating_point 3/3 configured_label_snr_dB=20.000 ue=0/4 dlDirectionalFrames=5/40 ulDirectionalFrames=4/40 dlRows=35 ulRows=10.
[2026-08-04T11:23:28Z] INFO Coupled DL scheduling deferred: sweep=3/3 slot=19/40 reason=configured_dl_symbol_allocation_not_available_in_tdd_slot policy=no_valid_harq_ack_occasion_from_current_dl_slot.
[2026-08-04T11:23:28Z] INFO Coupled DL schedule complete: sweep=3/3 slot=19/40 active=0 granted=0 grants=0.
[2026-08-04T11:23:28Z] INFO Coupled DL PDCCH qualification complete: sweep=3/3 slot=19/40 executable_grants=0.
[2026-08-04T11:23:28Z] INFO Preparing coupled DL batches: sweep=3/3 slot=19/40 candidate_grants=0 batch_size=24.
[2026-08-04T11:23:28Z] INFO Coupled UL K2 preschedule deferred: control_slot=99 reason=data_timing_rejected:target_hits_fixed_opposite_direction policy=no_valid_ul_occasion_from_current_dl_control_slot.
[2026-08-04T11:23:28Z] INFO Coupled UL queued grant lookup complete: sweep=3/3 slot=19/40 due_grants=0 pending_grants=2.
[2026-08-04T11:23:28Z] INFO Coupled canonical slot prepared: sweep=3/3 slot=20/40 duplex=UL allow_dl=0 allow_ul=1.
[2026-08-04T11:23:28Z] INFO Starting coupled pre-scheduling control gating for slot 100/120 with 4 UEs.
[2026-08-04T11:23:28Z] INFO Coupled control gating progress for slot 100/120: UE 1/4, PBCH=0 PRACH=0 SRS=0 TRS=0.
[2026-08-04T11:23:28Z] INFO Coupled control gating progress for slot 100/120: UE 2/4, PBCH=0 PRACH=0 SRS=0 TRS=0.
[2026-08-04T11:23:28Z] INFO Coupled control gating progress for slot 100/120: UE 3/4, PBCH=0 PRACH=0 SRS=0 TRS=0.
[2026-08-04T11:23:28Z] INFO Coupled control gating progress for slot 100/120: UE 4/4, PBCH=0 PRACH=0 SRS=0 TRS=0.
[2026-08-04T11:23:28Z] INFO Coupled control gating complete: slot=100 frame=5 pbch_attempts=0 prach_attempts=0 srs_attempts=0 trs_attempts=0 acquired=4/4 access=4/4 valid_srs=4/4 valid_trs_cells=1/1 tracked_serving_users=4/4 eligible=4/4.
[2026-08-04T11:23:28Z] INFO Coupled control gating complete for slot 100/120: acquired=4/4 access=4/4 valid_srs=4/4 valid_trs_cells=1/1 tracked_serving_users=4/4 eligible=4/4.
[2026-08-04T11:23:29Z] INFO UL coupled publish: operating_point 3/3 configured_label_snr_dB=20.000 ue=0/4 dlDirectionalFrames=5/40 ulDirectionalFrames=4/40 dlRows=35 ulRows=10.
[2026-08-04T11:23:29Z] INFO Coupled UL queued grant lookup complete: sweep=3/3 slot=20/40 due_grants=2 pending_grants=0.
[2026-08-04T11:23:29Z] INFO Preparing coupled UL batches: sweep=3/3 slot=20/40 candidate_grants=2 batch_size=24.
[2026-08-04T11:23:29Z] INFO Preparing coupled UL resolved grant cache: candidate_grants=2.
[2026-08-04T11:23:30Z] INFO Prepared coupled UL resolved grant cache entries: 2/2.
[2026-08-04T11:23:30Z] INFO Prepared coupled UL resolved grant cache complete: entries=2 elapsed_s=1.427.
[2026-08-04T11:23:30Z] INFO Prepared coupled UL chunk: sweep=3/3 slot=20/40 executable_plans=2 chunk=1-2 of 2.
[2026-08-04T11:23:30Z] INFO Executing coupled UL chunk: sweep=3/3 slot=20/40 chunk=1-2 of 2.
[2026-08-04T11:23:30Z] INFO Executing coupled UL grant chunk serially: plans=2 reason=parallel_safety_or_pool_unavailable.
[2026-08-04T11:23:55Z] INFO Publishing coupled UL chunk results: sweep=3/3 slot=20/40 committed_rows=2 current_primary_rows=12.
[2026-08-04T11:24:06Z] INFO UL heavy live artifact refresh: reason=post_grant_chunk slot=20/40 interval=20.
[2026-08-04T11:24:06Z] INFO UL coupled publish: operating_point 3/3 configured_label_snr_dB=20.000 ue=2/4 dlDirectionalFrames=5/40 ulDirectionalFrames=5/40 dlRows=35 ulRows=12.
[2026-08-04T11:24:06Z] INFO Coupled canonical slot prepared: sweep=3/3 slot=21/40 duplex=DL allow_dl=1 allow_ul=0.
[2026-08-04T11:24:06Z] INFO Starting coupled pre-scheduling control gating for slot 101/120 with 4 UEs.
[2026-08-04T11:24:08Z] INFO Coupled control gating progress for slot 101/120: UE 1/4, PBCH=0 PRACH=0 SRS=0 TRS=1.
[2026-08-04T11:24:08Z] INFO Coupled control gating progress for slot 101/120: UE 2/4, PBCH=0 PRACH=0 SRS=0 TRS=1.
[2026-08-04T11:24:08Z] INFO Coupled control gating progress for slot 101/120: UE 3/4, PBCH=0 PRACH=0 SRS=0 TRS=1.
[2026-08-04T11:24:08Z] INFO Coupled control gating progress for slot 101/120: UE 4/4, PBCH=0 PRACH=0 SRS=0 TRS=1.
[2026-08-04T11:24:08Z] INFO Coupled control gating complete: slot=101 frame=6 pbch_attempts=0 prach_attempts=0 srs_attempts=0 trs_attempts=1 acquired=4/4 access=4/4 valid_srs=4/4 valid_trs_cells=1/1 tracked_serving_users=4/4 eligible=4/4.
[2026-08-04T11:24:08Z] INFO Coupled control gating complete for slot 101/120: acquired=4/4 access=4/4 valid_srs=4/4 valid_trs_cells=1/1 tracked_serving_users=4/4 eligible=4/4.
[2026-08-04T11:24:09Z] INFO DL coupled publish: operating_point 3/3 configured_label_snr_dB=20.000 ue=0/4 dlDirectionalFrames=5/40 ulDirectionalFrames=5/40 dlRows=35 ulRows=12.
[2026-08-04T11:24:11Z] INFO Coupled DL schedule complete: sweep=3/3 slot=21/40 active=4 granted=2 grants=2.
[2026-08-04T11:24:13Z] INFO Coupled DL PDCCH grant binding: ue=1 required=1 ok=1 status=bound failure= dci=f4b2b181a096245cccbee6925c7ea3725cbb796ce0acc4cbe7aea023486340fc grant_ss=1 observed_ss=1 bound_ss=1 grant_coreset=0 observed_coreset=0 bound_coreset=0.
[2026-08-04T11:24:15Z] INFO Coupled DL PDCCH grant binding: ue=2 required=1 ok=1 status=bound failure= dci=f4b2b181a096245cccbee6925c7ea3725cbb796ce0acc4cbe7aea023486340fc grant_ss=1 observed_ss=1 bound_ss=1 grant_coreset=0 observed_coreset=0 bound_coreset=0.
[2026-08-04T11:24:15Z] INFO Coupled DL PDCCH qualification complete: sweep=3/3 slot=21/40 executable_grants=2.
[2026-08-04T11:24:15Z] INFO Preparing coupled DL batches: sweep=3/3 slot=21/40 candidate_grants=2 batch_size=24.
[2026-08-04T11:24:15Z] INFO Preparing coupled DL resolved grant cache: candidate_grants=2.
[2026-08-04T11:24:33Z] INFO Prepared coupled DL resolved grant cache entries: 2/2.
[2026-08-04T11:24:33Z] INFO Prepared coupled DL resolved grant cache complete: entries=2 elapsed_s=18.213.
[2026-08-04T11:24:35Z] INFO Prepared coupled DL chunk: sweep=3/3 slot=21/40 executable_plans=2 chunk=1-2 of 2.
[2026-08-04T11:24:35Z] INFO Executing coupled DL chunk: sweep=3/3 slot=21/40 chunk=1-2 of 2.
[2026-08-04T11:24:35Z] INFO Executing coupled DL grant chunk serially: plans=2 reason=parallel_safety_or_pool_unavailable.
[2026-08-04T11:25:17Z] INFO Publishing coupled DL chunk results: sweep=3/3 slot=21/40 committed_rows=2 current_primary_rows=37.
[2026-08-04T11:25:18Z] INFO DL coupled publish: operating_point 3/3 configured_label_snr_dB=20.000 ue=2/4 dlDirectionalFrames=6/40 ulDirectionalFrames=5/40 dlRows=37 ulRows=12.
[2026-08-04T11:25:20Z] INFO Coupled UL K2 preschedule complete: control_slot=101 due_slot=105 k2=4 active=4 granted=2 grants=2.
[2026-08-04T11:25:38Z] INFO Coupled UL PDCCH grant binding: ue=3 required=1 ok=1 status=bound failure= dci=0d1d9fb02c784344fd580372b704ce3269edc9ea65baf901aa76cc70f82a81fd grant_ss=1 observed_ss=1 bound_ss=1 grant_coreset=0 observed_coreset=0 bound_coreset=0.
[2026-08-04T11:25:54Z] INFO Coupled UL PDCCH grant binding: ue=4 required=1 ok=1 status=bound failure= dci=6188a6525b853e0b25f4ca7740a18847d9997fdcc9346e35483d294eda9b0e03 grant_ss=1 observed_ss=1 bound_ss=1 grant_coreset=0 observed_coreset=0 bound_coreset=0.
[2026-08-04T11:25:54Z] INFO Queued coupled UL grants after K2 PDCCH qualification: control_slot=101 due_slot=105 executable_grants=2 pending_total=2.
[2026-08-04T11:25:54Z] INFO Coupled canonical slot prepared: sweep=3/3 slot=22/40 duplex=DL allow_dl=1 allow_ul=0.
[2026-08-04T11:25:54Z] INFO Starting coupled pre-scheduling control gating for slot 102/120 with 4 UEs.
[2026-08-04T11:25:55Z] INFO Coupled control gating progress for slot 102/120: UE 1/4, PBCH=0 PRACH=0 SRS=0 TRS=0.
[2026-08-04T11:25:55Z] INFO Coupled control gating progress for slot 102/120: UE 2/4, PBCH=0 PRACH=0 SRS=0 TRS=0.
[2026-08-04T11:25:55Z] INFO Coupled control gating progress for slot 102/120: UE 3/4, PBCH=0 PRACH=0 SRS=0 TRS=0.
[2026-08-04T11:25:55Z] INFO Coupled control gating progress for slot 102/120: UE 4/4, PBCH=0 PRACH=0 SRS=0 TRS=0.
[2026-08-04T11:25:55Z] INFO Coupled control gating complete: slot=102 frame=6 pbch_attempts=0 prach_attempts=0 srs_attempts=0 trs_attempts=0 acquired=4/4 access=4/4 valid_srs=4/4 valid_trs_cells=1/1 tracked_serving_users=4/4 eligible=4/4.
[2026-08-04T11:25:55Z] INFO Coupled control gating complete for slot 102/120: acquired=4/4 access=4/4 valid_srs=4/4 valid_trs_cells=1/1 tracked_serving_users=4/4 eligible=4/4.
[2026-08-04T11:25:55Z] INFO DL coupled publish: operating_point 3/3 configured_label_snr_dB=20.000 ue=0/4 dlDirectionalFrames=6/40 ulDirectionalFrames=5/40 dlRows=37 ulRows=12.
[2026-08-04T11:25:56Z] INFO Coupled DL schedule complete: sweep=3/3 slot=22/40 active=4 granted=2 grants=2.
[2026-08-04T11:25:59Z] INFO Coupled DL PDCCH grant binding: ue=3 required=1 ok=1 status=bound failure= dci=34ea7bf3ad6a979e87e805c897da0eeb6e66fda4c9040317047aed73ccd19a32 grant_ss=1 observed_ss=1 bound_ss=1 grant_coreset=0 observed_coreset=0 bound_coreset=0.
[2026-08-04T11:26:01Z] INFO Coupled DL PDCCH grant binding: ue=4 required=1 ok=1 status=bound failure= dci=34ea7bf3ad6a979e87e805c897da0eeb6e66fda4c9040317047aed73ccd19a32 grant_ss=1 observed_ss=1 bound_ss=1 grant_coreset=0 observed_coreset=0 bound_coreset=0.
[2026-08-04T11:26:01Z] INFO Coupled DL PDCCH qualification complete: sweep=3/3 slot=22/40 executable_grants=2.
[2026-08-04T11:26:01Z] INFO Preparing coupled DL batches: sweep=3/3 slot=22/40 candidate_grants=2 batch_size=24.
[2026-08-04T11:26:01Z] INFO Preparing coupled DL resolved grant cache: candidate_grants=2.
[2026-08-04T11:26:25Z] INFO Prepared coupled DL resolved grant cache entries: 2/2.
[2026-08-04T11:26:25Z] INFO Prepared coupled DL resolved grant cache complete: entries=2 elapsed_s=23.691.
[2026-08-04T11:26:26Z] INFO Prepared coupled DL chunk: sweep=3/3 slot=22/40 executable_plans=2 chunk=1-2 of 2.
[2026-08-04T11:26:26Z] INFO Executing coupled DL chunk: sweep=3/3 slot=22/40 chunk=1-2 of 2.
[2026-08-04T11:26:26Z] INFO Executing coupled DL grant chunk serially: plans=2 reason=parallel_safety_or_pool_unavailable.
[2026-08-04T11:27:11Z] INFO Publishing coupled DL chunk results: sweep=3/3 slot=22/40 committed_rows=2 current_primary_rows=39.
[2026-08-04T11:27:12Z] INFO DL coupled publish: operating_point 3/3 configured_label_snr_dB=20.000 ue=4/4 dlDirectionalFrames=6/40 ulDirectionalFrames=5/40 dlRows=39 ulRows=12.
[2026-08-04T11:27:13Z] INFO Coupled UL K2 preschedule deferred: control_slot=102 reason=data_timing_rejected:target_hits_fixed_opposite_direction policy=no_valid_ul_occasion_from_current_dl_control_slot.
[2026-08-04T11:27:13Z] INFO Coupled canonical slot prepared: sweep=3/3 slot=23/40 duplex=DL allow_dl=1 allow_ul=0.
[2026-08-04T11:27:13Z] INFO Starting coupled pre-scheduling control gating for slot 103/120 with 4 UEs.
[2026-08-04T11:27:13Z] INFO Coupled control gating progress for slot 103/120: UE 1/4, PBCH=0 PRACH=0 SRS=0 TRS=0.
[2026-08-04T11:27:13Z] INFO Coupled control gating progress for slot 103/120: UE 2/4, PBCH=0 PRACH=0 SRS=0 TRS=0.
[2026-08-04T11:27:13Z] INFO Coupled control gating progress for slot 103/120: UE 3/4, PBCH=0 PRACH=0 SRS=0 TRS=0.
[2026-08-04T11:27:13Z] INFO Coupled control gating progress for slot 103/120: UE 4/4, PBCH=0 PRACH=0 SRS=0 TRS=0.
[2026-08-04T11:27:13Z] INFO Coupled control gating complete: slot=103 frame=6 pbch_attempts=0 prach_attempts=0 srs_attempts=0 trs_attempts=0 acquired=4/4 access=4/4 valid_srs=4/4 valid_trs_cells=1/1 tracked_serving_users=4/4 eligible=4/4.
[2026-08-04T11:27:13Z] INFO Coupled control gating complete for slot 103/120: acquired=4/4 access=4/4 valid_srs=4/4 valid_trs_cells=1/1 tracked_serving_users=4/4 eligible=4/4.
[2026-08-04T11:27:14Z] INFO DL coupled publish: operating_point 3/3 configured_label_snr_dB=20.000 ue=0/4 dlDirectionalFrames=6/40 ulDirectionalFrames=5/40 dlRows=39 ulRows=12.
[2026-08-04T11:27:14Z] INFO Coupled DL schedule complete: sweep=3/3 slot=23/40 active=4 granted=2 grants=2.
[2026-08-04T11:27:17Z] INFO Coupled DL PDCCH grant binding: ue=1 required=1 ok=1 status=bound failure= dci=ea3ff8fc26c6cd65ed2518e36ecf2a3bfccf0ac37934f69d883f3160c7d81582 grant_ss=1 observed_ss=1 bound_ss=1 grant_coreset=0 observed_coreset=0 bound_coreset=0.
[2026-08-04T11:27:19Z] INFO Coupled DL PDCCH grant binding: ue=2 required=1 ok=1 status=bound failure= dci=ea3ff8fc26c6cd65ed2518e36ecf2a3bfccf0ac37934f69d883f3160c7d81582 grant_ss=1 observed_ss=1 bound_ss=1 grant_coreset=0 observed_coreset=0 bound_coreset=0.
[2026-08-04T11:27:19Z] INFO Coupled DL PDCCH qualification complete: sweep=3/3 slot=23/40 executable_grants=2.
[2026-08-04T11:27:19Z] INFO Preparing coupled DL batches: sweep=3/3 slot=23/40 candidate_grants=2 batch_size=24.
[2026-08-04T11:27:19Z] INFO Preparing coupled DL resolved grant cache: candidate_grants=2.
[2026-08-04T11:27:36Z] INFO Prepared coupled DL resolved grant cache entries: 2/2.
[2026-08-04T11:27:36Z] INFO Prepared coupled DL resolved grant cache complete: entries=2 elapsed_s=17.433.
[2026-08-04T11:27:37Z] INFO Prepared coupled DL chunk: sweep=3/3 slot=23/40 executable_plans=2 chunk=1-2 of 2.
[2026-08-04T11:27:37Z] INFO Executing coupled DL chunk: sweep=3/3 slot=23/40 chunk=1-2 of 2.
[2026-08-04T11:27:37Z] INFO Executing coupled DL grant chunk serially: plans=2 reason=parallel_safety_or_pool_unavailable.
[2026-08-04T11:28:21Z] INFO Publishing coupled DL chunk results: sweep=3/3 slot=23/40 committed_rows=2 current_primary_rows=41.
[2026-08-04T11:28:23Z] INFO DL coupled publish: operating_point 3/3 configured_label_snr_dB=20.000 ue=2/4 dlDirectionalFrames=6/40 ulDirectionalFrames=5/40 dlRows=41 ulRows=12.
[2026-08-04T11:28:23Z] INFO Coupled UL K2 preschedule deferred: control_slot=103 reason=data_timing_rejected:target_hits_fixed_opposite_direction policy=no_valid_ul_occasion_from_current_dl_control_slot.
[2026-08-04T11:28:23Z] INFO Coupled canonical slot prepared: sweep=3/3 slot=24/40 duplex=FLEXIBLE_OR_MIXED allow_dl=1 allow_ul=1.
[2026-08-04T11:28:27Z] INFO Starting coupled pre-scheduling control gating for slot 104/120 with 4 UEs.
[2026-08-04T11:28:27Z] INFO Coupled control gating progress for slot 104/120: UE 1/4, PBCH=0 PRACH=0 SRS=0 TRS=0.
[2026-08-04T11:28:28Z] INFO Coupled control gating progress for slot 104/120: UE 2/4, PBCH=0 PRACH=0 SRS=0 TRS=0.
[2026-08-04T11:28:28Z] INFO Coupled control gating progress for slot 104/120: UE 3/4, PBCH=0 PRACH=0 SRS=0 TRS=0.
[2026-08-04T11:28:28Z] INFO Coupled control gating progress for slot 104/120: UE 4/4, PBCH=0 PRACH=0 SRS=0 TRS=0.
[2026-08-04T11:28:28Z] INFO Coupled control gating complete: slot=104 frame=6 pbch_attempts=0 prach_attempts=0 srs_attempts=0 trs_attempts=0 acquired=4/4 access=4/4 valid_srs=4/4 valid_trs_cells=1/1 tracked_serving_users=4/4 eligible=4/4.
[2026-08-04T11:28:28Z] INFO Coupled control gating complete for slot 104/120: acquired=4/4 access=4/4 valid_srs=4/4 valid_trs_cells=1/1 tracked_serving_users=4/4 eligible=4/4.
[2026-08-04T11:28:28Z] INFO DL coupled publish: operating_point 3/3 configured_label_snr_dB=20.000 ue=0/4 dlDirectionalFrames=6/40 ulDirectionalFrames=5/40 dlRows=41 ulRows=12.
[2026-08-04T11:28:28Z] INFO Coupled DL scheduling deferred: sweep=3/3 slot=24/40 reason=configured_dl_symbol_allocation_not_available_in_tdd_slot policy=no_valid_harq_ack_occasion_from_current_dl_slot.
[2026-08-04T11:28:28Z] INFO Coupled DL schedule complete: sweep=3/3 slot=24/40 active=0 granted=0 grants=0.
[2026-08-04T11:28:28Z] INFO Coupled DL PDCCH qualification complete: sweep=3/3 slot=24/40 executable_grants=0.
[2026-08-04T11:28:28Z] INFO Preparing coupled DL batches: sweep=3/3 slot=24/40 candidate_grants=0 batch_size=24.
[2026-08-04T11:28:28Z] INFO Coupled UL K2 preschedule deferred: control_slot=104 reason=data_timing_rejected:target_hits_fixed_opposite_direction policy=no_valid_ul_occasion_from_current_dl_control_slot.
[2026-08-04T11:28:28Z] INFO Coupled UL queued grant lookup complete: sweep=3/3 slot=24/40 due_grants=0 pending_grants=2.
[2026-08-04T11:28:28Z] INFO Coupled canonical slot prepared: sweep=3/3 slot=25/40 duplex=UL allow_dl=0 allow_ul=1.
[2026-08-04T11:28:28Z] INFO Starting coupled pre-scheduling control gating for slot 105/120 with 4 UEs.
[2026-08-04T11:28:29Z] INFO Coupled control gating progress for slot 105/120: UE 1/4, PBCH=0 PRACH=0 SRS=0 TRS=0.
[2026-08-04T11:28:29Z] INFO Coupled control gating progress for slot 105/120: UE 2/4, PBCH=0 PRACH=0 SRS=0 TRS=0.
[2026-08-04T11:28:29Z] INFO Coupled control gating progress for slot 105/120: UE 3/4, PBCH=0 PRACH=0 SRS=0 TRS=0.
[2026-08-04T11:28:29Z] INFO Coupled control gating progress for slot 105/120: UE 4/4, PBCH=0 PRACH=0 SRS=0 TRS=0.
[2026-08-04T11:28:29Z] INFO Coupled control gating complete: slot=105 frame=6 pbch_attempts=0 prach_attempts=0 srs_attempts=0 trs_attempts=0 acquired=4/4 access=4/4 valid_srs=4/4 valid_trs_cells=1/1 tracked_serving_users=4/4 eligible=4/4.
[2026-08-04T11:28:29Z] INFO Coupled control gating complete for slot 105/120: acquired=4/4 access=4/4 valid_srs=4/4 valid_trs_cells=1/1 tracked_serving_users=4/4 eligible=4/4.
[2026-08-04T11:28:29Z] INFO UL coupled publish: operating_point 3/3 configured_label_snr_dB=20.000 ue=0/4 dlDirectionalFrames=6/40 ulDirectionalFrames=5/40 dlRows=41 ulRows=12.
[2026-08-04T11:28:29Z] INFO Coupled UL queued grant lookup complete: sweep=3/3 slot=25/40 due_grants=2 pending_grants=0.
[2026-08-04T11:28:29Z] INFO Preparing coupled UL batches: sweep=3/3 slot=25/40 candidate_grants=2 batch_size=24.
[2026-08-04T11:28:29Z] INFO Preparing coupled UL resolved grant cache: candidate_grants=2.
[2026-08-04T11:28:30Z] INFO Prepared coupled UL resolved grant cache entries: 2/2.
[2026-08-04T11:28:30Z] INFO Prepared coupled UL resolved grant cache complete: entries=2 elapsed_s=0.965.
[2026-08-04T11:28:30Z] INFO Prepared coupled UL chunk: sweep=3/3 slot=25/40 executable_plans=2 chunk=1-2 of 2.
[2026-08-04T11:28:30Z] INFO Executing coupled UL chunk: sweep=3/3 slot=25/40 chunk=1-2 of 2.
[2026-08-04T11:28:31Z] INFO Executing coupled UL grant chunk serially: plans=2 reason=parallel_safety_or_pool_unavailable.
[2026-08-04T11:29:34Z] INFO Publishing coupled UL chunk results: sweep=3/3 slot=25/40 committed_rows=2 current_primary_rows=14.
[2026-08-04T11:29:35Z] INFO UL coupled publish: operating_point 3/3 configured_label_snr_dB=20.000 ue=4/4 dlDirectionalFrames=6/40 ulDirectionalFrames=6/40 dlRows=41 ulRows=14.
[2026-08-04T11:29:35Z] INFO Coupled canonical slot prepared: sweep=3/3 slot=26/40 duplex=DL allow_dl=1 allow_ul=0.
[2026-08-04T11:29:35Z] INFO Starting coupled pre-scheduling control gating for slot 106/120 with 4 UEs.
[2026-08-04T11:29:35Z] INFO Coupled control gating progress for slot 106/120: UE 1/4, PBCH=0 PRACH=0 SRS=0 TRS=0.
[2026-08-04T11:29:35Z] INFO Coupled control gating progress for slot 106/120: UE 2/4, PBCH=0 PRACH=0 SRS=0 TRS=0.
[2026-08-04T11:29:35Z] INFO Coupled control gating progress for slot 106/120: UE 3/4, PBCH=0 PRACH=0 SRS=0 TRS=0.
[2026-08-04T11:29:35Z] INFO Coupled control gating progress for slot 106/120: UE 4/4, PBCH=0 PRACH=0 SRS=0 TRS=0.
[2026-08-04T11:29:35Z] INFO Coupled control gating complete: slot=106 frame=6 pbch_attempts=0 prach_attempts=0 srs_attempts=0 trs_attempts=0 acquired=4/4 access=4/4 valid_srs=4/4 valid_trs_cells=1/1 tracked_serving_users=4/4 eligible=4/4.
[2026-08-04T11:29:35Z] INFO Coupled control gating complete for slot 106/120: acquired=4/4 access=4/4 valid_srs=4/4 valid_trs_cells=1/1 tracked_serving_users=4/4 eligible=4/4.
[2026-08-04T11:29:36Z] INFO DL coupled publish: operating_point 3/3 configured_label_snr_dB=20.000 ue=0/4 dlDirectionalFrames=6/40 ulDirectionalFrames=6/40 dlRows=41 ulRows=14.
[2026-08-04T11:29:37Z] INFO Coupled DL schedule complete: sweep=3/3 slot=26/40 active=4 granted=2 grants=2.
[2026-08-04T11:29:39Z] INFO Coupled DL PDCCH grant binding: ue=3 required=1 ok=1 status=bound failure= dci=f3cbaf148165b497c8a79c18c6719e6840d8a65b97eabd564c1e3f5381ebf88a grant_ss=1 observed_ss=1 bound_ss=1 grant_coreset=0 observed_coreset=0 bound_coreset=0.
[2026-08-04T11:29:41Z] INFO Coupled DL PDCCH grant binding: ue=4 required=1 ok=1 status=bound failure= dci=e928e545e07a9665076d0e02bd6d61b6f1689a78373864fd8ccff395c4513f1b grant_ss=1 observed_ss=1 bound_ss=1 grant_coreset=0 observed_coreset=0 bound_coreset=0.
[2026-08-04T11:29:41Z] INFO Coupled DL PDCCH qualification complete: sweep=3/3 slot=26/40 executable_grants=2.
[2026-08-04T11:29:41Z] INFO Preparing coupled DL batches: sweep=3/3 slot=26/40 candidate_grants=2 batch_size=24.
[2026-08-04T11:29:41Z] INFO Preparing coupled DL resolved grant cache: candidate_grants=2.
[2026-08-04T11:30:04Z] INFO Prepared coupled DL resolved grant cache entries: 2/2.
[2026-08-04T11:30:04Z] INFO Prepared coupled DL resolved grant cache complete: entries=2 elapsed_s=22.486.
[2026-08-04T11:30:04Z] INFO Prepared coupled DL chunk: sweep=3/3 slot=26/40 executable_plans=2 chunk=1-2 of 2.
[2026-08-04T11:30:04Z] INFO Executing coupled DL chunk: sweep=3/3 slot=26/40 chunk=1-2 of 2.
[2026-08-04T11:30:05Z] INFO Executing coupled DL grant chunk serially: plans=2 reason=parallel_safety_or_pool_unavailable.
[2026-08-04T11:30:47Z] INFO Publishing coupled DL chunk results: sweep=3/3 slot=26/40 committed_rows=2 current_primary_rows=43.
[2026-08-04T11:30:48Z] INFO DL coupled publish: operating_point 3/3 configured_label_snr_dB=20.000 ue=4/4 dlDirectionalFrames=6/40 ulDirectionalFrames=6/40 dlRows=43 ulRows=14.
[2026-08-04T11:30:49Z] INFO Coupled UL K2 preschedule complete: control_slot=106 due_slot=110 k2=4 active=4 granted=2 grants=2.
[2026-08-04T11:31:05Z] INFO Coupled UL PDCCH grant binding: ue=1 required=1 ok=1 status=bound failure= dci=d2131a3d1d2ec59b0df69e5884a2f333adf81e08932838cc144b3cd5bc5c8003 grant_ss=1 observed_ss=1 bound_ss=1 grant_coreset=0 observed_coreset=0 bound_coreset=0.
[2026-08-04T11:31:24Z] INFO Coupled UL PDCCH grant binding: ue=2 required=1 ok=1 status=bound failure= dci=7c91dca208eae4295556dc4b795fde3070de27fcd32fa87a81063c99a1422d07 grant_ss=1 observed_ss=1 bound_ss=1 grant_coreset=0 observed_coreset=0 bound_coreset=0.
[2026-08-04T11:31:24Z] INFO Queued coupled UL grants after K2 PDCCH qualification: control_slot=106 due_slot=110 executable_grants=2 pending_total=2.
[2026-08-04T11:31:24Z] INFO Coupled canonical slot prepared: sweep=3/3 slot=27/40 duplex=DL allow_dl=1 allow_ul=0.
[2026-08-04T11:31:24Z] INFO Starting coupled pre-scheduling control gating for slot 107/120 with 4 UEs.
[2026-08-04T11:31:24Z] INFO Coupled control gating progress for slot 107/120: UE 1/4, PBCH=0 PRACH=0 SRS=0 TRS=0.
[2026-08-04T11:31:24Z] INFO Coupled control gating progress for slot 107/120: UE 2/4, PBCH=0 PRACH=0 SRS=0 TRS=0.
[2026-08-04T11:31:25Z] INFO Coupled control gating progress for slot 107/120: UE 3/4, PBCH=0 PRACH=0 SRS=0 TRS=0.
[2026-08-04T11:31:25Z] INFO Coupled control gating progress for slot 107/120: UE 4/4, PBCH=0 PRACH=0 SRS=0 TRS=0.
[2026-08-04T11:31:25Z] INFO Coupled control gating complete: slot=107 frame=6 pbch_attempts=0 prach_attempts=0 srs_attempts=0 trs_attempts=0 acquired=4/4 access=4/4 valid_srs=4/4 valid_trs_cells=1/1 tracked_serving_users=4/4 eligible=4/4.
[2026-08-04T11:31:25Z] INFO Coupled control gating complete for slot 107/120: acquired=4/4 access=4/4 valid_srs=4/4 valid_trs_cells=1/1 tracked_serving_users=4/4 eligible=4/4.
[2026-08-04T11:31:25Z] INFO DL coupled publish: operating_point 3/3 configured_label_snr_dB=20.000 ue=0/4 dlDirectionalFrames=6/40 ulDirectionalFrames=6/40 dlRows=43 ulRows=14.
[2026-08-04T11:31:26Z] INFO Coupled DL schedule complete: sweep=3/3 slot=27/40 active=4 granted=2 grants=2.
[2026-08-04T11:31:29Z] INFO Coupled DL PDCCH grant binding: ue=1 required=1 ok=1 status=bound failure= dci=5783705e1394171e5668e511bcabefeb61cc6fed81dfc855909cf8c8ce619346 grant_ss=1 observed_ss=1 bound_ss=1 grant_coreset=0 observed_coreset=0 bound_coreset=0.
[2026-08-04T11:31:31Z] INFO Coupled DL PDCCH grant binding: ue=2 required=1 ok=1 status=bound failure= dci=a1cd931e8d55fc10ae9a679e2ca5e08157daeb025693404b7fda6c3f5267caec grant_ss=1 observed_ss=1 bound_ss=1 grant_coreset=0 observed_coreset=0 bound_coreset=0.
[2026-08-04T11:31:31Z] INFO Coupled DL PDCCH qualification complete: sweep=3/3 slot=27/40 executable_grants=2.
[2026-08-04T11:31:31Z] INFO Preparing coupled DL batches: sweep=3/3 slot=27/40 candidate_grants=2 batch_size=24.
[2026-08-04T11:31:31Z] INFO Preparing coupled DL resolved grant cache: candidate_grants=2.
[2026-08-04T11:31:53Z] INFO Prepared coupled DL resolved grant cache entries: 2/2.
[2026-08-04T11:31:53Z] INFO Prepared coupled DL resolved grant cache complete: entries=2 elapsed_s=21.952.
[2026-08-04T11:31:53Z] INFO Prepared coupled DL chunk: sweep=3/3 slot=27/40 executable_plans=2 chunk=1-2 of 2.
[2026-08-04T11:31:53Z] INFO Executing coupled DL chunk: sweep=3/3 slot=27/40 chunk=1-2 of 2.
[2026-08-04T11:31:53Z] INFO Executing coupled DL grant chunk serially: plans=2 reason=parallel_safety_or_pool_unavailable.
[2026-08-04T11:32:38Z] INFO Publishing coupled DL chunk results: sweep=3/3 slot=27/40 committed_rows=2 current_primary_rows=45.
[2026-08-04T11:32:40Z] INFO DL coupled publish: operating_point 3/3 configured_label_snr_dB=20.000 ue=2/4 dlDirectionalFrames=6/40 ulDirectionalFrames=6/40 dlRows=45 ulRows=14.
[2026-08-04T11:32:40Z] INFO Coupled UL K2 preschedule deferred: control_slot=107 reason=data_timing_rejected:target_hits_fixed_opposite_direction policy=no_valid_ul_occasion_from_current_dl_control_slot.
[2026-08-04T11:32:40Z] INFO Coupled canonical slot prepared: sweep=3/3 slot=28/40 duplex=DL allow_dl=1 allow_ul=0.
[2026-08-04T11:32:40Z] INFO Starting coupled pre-scheduling control gating for slot 108/120 with 4 UEs.
[2026-08-04T11:32:40Z] INFO Coupled control gating progress for slot 108/120: UE 1/4, PBCH=0 PRACH=0 SRS=0 TRS=0.
[2026-08-04T11:32:40Z] INFO Coupled control gating progress for slot 108/120: UE 2/4, PBCH=0 PRACH=0 SRS=0 TRS=0.
[2026-08-04T11:32:40Z] INFO Coupled control gating progress for slot 108/120: UE 3/4, PBCH=0 PRACH=0 SRS=0 TRS=0.
[2026-08-04T11:32:40Z] INFO Coupled control gating progress for slot 108/120: UE 4/4, PBCH=0 PRACH=0 SRS=0 TRS=0.
[2026-08-04T11:32:40Z] INFO Coupled control gating complete: slot=108 frame=6 pbch_attempts=0 prach_attempts=0 srs_attempts=0 trs_attempts=0 acquired=4/4 access=4/4 valid_srs=4/4 valid_trs_cells=1/1 tracked_serving_users=4/4 eligible=4/4.
[2026-08-04T11:32:40Z] INFO Coupled control gating complete for slot 108/120: acquired=4/4 access=4/4 valid_srs=4/4 valid_trs_cells=1/1 tracked_serving_users=4/4 eligible=4/4.
[2026-08-04T11:32:41Z] INFO DL coupled publish: operating_point 3/3 configured_label_snr_dB=20.000 ue=0/4 dlDirectionalFrames=6/40 ulDirectionalFrames=6/40 dlRows=45 ulRows=14.
[2026-08-04T11:32:41Z] INFO Coupled DL schedule complete: sweep=3/3 slot=28/40 active=4 granted=2 grants=2.
[2026-08-04T11:32:44Z] INFO Coupled DL PDCCH grant binding: ue=3 required=1 ok=1 status=bound failure= dci=d1cafab3c1bcbfe63c9e48c7be35ea09e8e7ce03b37e2e3e395900ca3423da4f grant_ss=1 observed_ss=1 bound_ss=1 grant_coreset=0 observed_coreset=0 bound_coreset=0.
[2026-08-04T11:32:46Z] INFO Coupled DL PDCCH grant binding: ue=4 required=1 ok=1 status=bound failure= dci=be07f7cfdfb914e3440dbbf9eb9e14e846b986395d7953f515bd24991c2a9f6d grant_ss=1 observed_ss=1 bound_ss=1 grant_coreset=0 observed_coreset=0 bound_coreset=0.
[2026-08-04T11:32:46Z] INFO Coupled DL PDCCH qualification complete: sweep=3/3 slot=28/40 executable_grants=2.
[2026-08-04T11:32:46Z] INFO Preparing coupled DL batches: sweep=3/3 slot=28/40 candidate_grants=2 batch_size=24.
[2026-08-04T11:32:46Z] INFO Preparing coupled DL resolved grant cache: candidate_grants=2.
[2026-08-04T11:33:04Z] INFO Prepared coupled DL resolved grant cache entries: 2/2.
[2026-08-04T11:33:04Z] INFO Prepared coupled DL resolved grant cache complete: entries=2 elapsed_s=18.551.
[2026-08-04T11:33:06Z] INFO Prepared coupled DL chunk: sweep=3/3 slot=28/40 executable_plans=2 chunk=1-2 of 2.
[2026-08-04T11:33:06Z] INFO Executing coupled DL chunk: sweep=3/3 slot=28/40 chunk=1-2 of 2.
[2026-08-04T11:33:06Z] INFO Executing coupled DL grant chunk serially: plans=2 reason=parallel_safety_or_pool_unavailable.
[2026-08-04T11:33:47Z] INFO Publishing coupled DL chunk results: sweep=3/3 slot=28/40 committed_rows=2 current_primary_rows=47.
[2026-08-04T11:33:49Z] INFO DL coupled publish: operating_point 3/3 configured_label_snr_dB=20.000 ue=4/4 dlDirectionalFrames=6/40 ulDirectionalFrames=6/40 dlRows=47 ulRows=14.
[2026-08-04T11:33:49Z] INFO Coupled UL K2 preschedule deferred: control_slot=108 reason=data_timing_rejected:target_hits_fixed_opposite_direction policy=no_valid_ul_occasion_from_current_dl_control_slot.
[2026-08-04T11:33:49Z] INFO Coupled canonical slot prepared: sweep=3/3 slot=29/40 duplex=FLEXIBLE_OR_MIXED allow_dl=1 allow_ul=1.
[2026-08-04T11:33:53Z] INFO Starting coupled pre-scheduling control gating for slot 109/120 with 4 UEs.
[2026-08-04T11:33:53Z] INFO Coupled control gating progress for slot 109/120: UE 1/4, PBCH=0 PRACH=0 SRS=0 TRS=0.
[2026-08-04T11:33:54Z] INFO Coupled control gating progress for slot 109/120: UE 2/4, PBCH=0 PRACH=0 SRS=0 TRS=0.
[2026-08-04T11:33:54Z] INFO Coupled control gating progress for slot 109/120: UE 3/4, PBCH=0 PRACH=0 SRS=0 TRS=0.
[2026-08-04T11:33:54Z] INFO Coupled control gating progress for slot 109/120: UE 4/4, PBCH=0 PRACH=0 SRS=0 TRS=0.
[2026-08-04T11:33:54Z] INFO Coupled control gating complete: slot=109 frame=6 pbch_attempts=0 prach_attempts=0 srs_attempts=0 trs_attempts=0 acquired=4/4 access=4/4 valid_srs=4/4 valid_trs_cells=1/1 tracked_serving_users=4/4 eligible=4/4.
[2026-08-04T11:33:54Z] INFO Coupled control gating complete for slot 109/120: acquired=4/4 access=4/4 valid_srs=4/4 valid_trs_cells=1/1 tracked_serving_users=4/4 eligible=4/4.
[2026-08-04T11:33:55Z] INFO DL coupled publish: operating_point 3/3 configured_label_snr_dB=20.000 ue=0/4 dlDirectionalFrames=6/40 ulDirectionalFrames=6/40 dlRows=47 ulRows=14.
[2026-08-04T11:33:55Z] INFO Coupled DL scheduling deferred: sweep=3/3 slot=29/40 reason=configured_dl_symbol_allocation_not_available_in_tdd_slot policy=no_valid_harq_ack_occasion_from_current_dl_slot.
[2026-08-04T11:33:55Z] INFO Coupled DL schedule complete: sweep=3/3 slot=29/40 active=0 granted=0 grants=0.
[2026-08-04T11:33:55Z] INFO Coupled DL PDCCH qualification complete: sweep=3/3 slot=29/40 executable_grants=0.
[2026-08-04T11:33:55Z] INFO Preparing coupled DL batches: sweep=3/3 slot=29/40 candidate_grants=0 batch_size=24.
[2026-08-04T11:33:55Z] INFO Coupled UL K2 preschedule deferred: control_slot=109 reason=data_timing_rejected:target_hits_fixed_opposite_direction policy=no_valid_ul_occasion_from_current_dl_control_slot.
[2026-08-04T11:33:55Z] INFO Coupled UL queued grant lookup complete: sweep=3/3 slot=29/40 due_grants=0 pending_grants=2.
[2026-08-04T11:33:55Z] INFO Coupled canonical slot prepared: sweep=3/3 slot=30/40 duplex=UL allow_dl=0 allow_ul=1.
[2026-08-04T11:33:55Z] INFO Starting coupled pre-scheduling control gating for slot 110/120 with 4 UEs.
[2026-08-04T11:33:55Z] INFO Coupled control gating progress for slot 110/120: UE 1/4, PBCH=0 PRACH=0 SRS=0 TRS=0.
[2026-08-04T11:33:55Z] INFO Coupled control gating progress for slot 110/120: UE 2/4, PBCH=0 PRACH=0 SRS=0 TRS=0.
[2026-08-04T11:33:55Z] INFO Coupled control gating progress for slot 110/120: UE 3/4, PBCH=0 PRACH=0 SRS=0 TRS=0.
[2026-08-04T11:33:55Z] INFO Coupled control gating progress for slot 110/120: UE 4/4, PBCH=0 PRACH=0 SRS=0 TRS=0.
[2026-08-04T11:33:55Z] INFO Coupled control gating complete: slot=110 frame=6 pbch_attempts=0 prach_attempts=0 srs_attempts=0 trs_attempts=0 acquired=4/4 access=4/4 valid_srs=4/4 valid_trs_cells=1/1 tracked_serving_users=4/4 eligible=4/4.
[2026-08-04T11:33:55Z] INFO Coupled control gating complete for slot 110/120: acquired=4/4 access=4/4 valid_srs=4/4 valid_trs_cells=1/1 tracked_serving_users=4/4 eligible=4/4.
[2026-08-04T11:33:56Z] INFO UL coupled publish: operating_point 3/3 configured_label_snr_dB=20.000 ue=0/4 dlDirectionalFrames=6/40 ulDirectionalFrames=6/40 dlRows=47 ulRows=14.
[2026-08-04T11:33:56Z] INFO Coupled UL queued grant lookup complete: sweep=3/3 slot=30/40 due_grants=2 pending_grants=0.
[2026-08-04T11:33:56Z] INFO Preparing coupled UL batches: sweep=3/3 slot=30/40 candidate_grants=2 batch_size=24.
[2026-08-04T11:33:56Z] INFO Preparing coupled UL resolved grant cache: candidate_grants=2.
[2026-08-04T11:33:57Z] INFO Prepared coupled UL resolved grant cache entries: 2/2.
[2026-08-04T11:33:57Z] INFO Prepared coupled UL resolved grant cache complete: entries=2 elapsed_s=0.878.
[2026-08-04T11:33:57Z] INFO Prepared coupled UL chunk: sweep=3/3 slot=30/40 executable_plans=2 chunk=1-2 of 2.
[2026-08-04T11:33:57Z] INFO Executing coupled UL chunk: sweep=3/3 slot=30/40 chunk=1-2 of 2.
[2026-08-04T11:33:57Z] INFO Executing coupled UL grant chunk serially: plans=2 reason=parallel_safety_or_pool_unavailable.
[2026-08-04T11:34:59Z] INFO Publishing coupled UL chunk results: sweep=3/3 slot=30/40 committed_rows=2 current_primary_rows=16.
[2026-08-04T11:35:00Z] INFO UL coupled publish: operating_point 3/3 configured_label_snr_dB=20.000 ue=2/4 dlDirectionalFrames=6/40 ulDirectionalFrames=6/40 dlRows=47 ulRows=16.
[2026-08-04T11:35:00Z] INFO Coupled canonical slot prepared: sweep=3/3 slot=31/40 duplex=DL allow_dl=1 allow_ul=0.
[2026-08-04T11:35:00Z] INFO Starting coupled pre-scheduling control gating for slot 111/120 with 4 UEs.
[2026-08-04T11:35:01Z] INFO Coupled control gating progress for slot 111/120: UE 1/4, PBCH=0 PRACH=0 SRS=0 TRS=0.
[2026-08-04T11:35:01Z] INFO Coupled control gating progress for slot 111/120: UE 2/4, PBCH=0 PRACH=0 SRS=0 TRS=0.
[2026-08-04T11:35:01Z] INFO Coupled control gating progress for slot 111/120: UE 3/4, PBCH=0 PRACH=0 SRS=0 TRS=0.
[2026-08-04T11:35:01Z] INFO Coupled control gating progress for slot 111/120: UE 4/4, PBCH=0 PRACH=0 SRS=0 TRS=0.
[2026-08-04T11:35:01Z] INFO Coupled control gating complete: slot=111 frame=6 pbch_attempts=0 prach_attempts=0 srs_attempts=0 trs_attempts=0 acquired=4/4 access=4/4 valid_srs=4/4 valid_trs_cells=1/1 tracked_serving_users=4/4 eligible=4/4.
[2026-08-04T11:35:01Z] INFO Coupled control gating complete for slot 111/120: acquired=4/4 access=4/4 valid_srs=4/4 valid_trs_cells=1/1 tracked_serving_users=4/4 eligible=4/4.
[2026-08-04T11:35:02Z] INFO DL coupled publish: operating_point 3/3 configured_label_snr_dB=20.000 ue=0/4 dlDirectionalFrames=6/40 ulDirectionalFrames=6/40 dlRows=47 ulRows=16.
[2026-08-04T11:35:03Z] INFO Coupled DL schedule complete: sweep=3/3 slot=31/40 active=4 granted=2 grants=2.
[2026-08-04T11:35:04Z] INFO Coupled DL PDCCH grant binding: ue=1 required=1 ok=1 status=bound failure= dci=b749506cedb5d5c4ce379869a9cc656681caeea63ae0b3c2b4c4084106bd2333 grant_ss=1 observed_ss=1 bound_ss=1 grant_coreset=0 observed_coreset=0 bound_coreset=0.
[2026-08-04T11:35:06Z] INFO Coupled DL PDCCH grant binding: ue=2 required=1 ok=1 status=bound failure= dci=e96c2b6c8310a11d130c962d367386c16932711fcb1b117c1e71949542bbf037 grant_ss=1 observed_ss=1 bound_ss=1 grant_coreset=0 observed_coreset=0 bound_coreset=0.
[2026-08-04T11:35:06Z] INFO Coupled DL PDCCH qualification complete: sweep=3/3 slot=31/40 executable_grants=2.
[2026-08-04T11:35:06Z] INFO Preparing coupled DL batches: sweep=3/3 slot=31/40 candidate_grants=2 batch_size=24.
[2026-08-04T11:35:06Z] INFO Preparing coupled DL resolved grant cache: candidate_grants=2.
[2026-08-04T11:35:24Z] INFO Prepared coupled DL resolved grant cache entries: 2/2.
[2026-08-04T11:35:24Z] INFO Prepared coupled DL resolved grant cache complete: entries=2 elapsed_s=17.479.
[2026-08-04T11:35:25Z] INFO Prepared coupled DL chunk: sweep=3/3 slot=31/40 executable_plans=2 chunk=1-2 of 2.
[2026-08-04T11:35:25Z] INFO Executing coupled DL chunk: sweep=3/3 slot=31/40 chunk=1-2 of 2.
[2026-08-04T11:35:25Z] INFO Executing coupled DL grant chunk serially: plans=2 reason=parallel_safety_or_pool_unavailable.
[2026-08-04T11:36:10Z] INFO Publishing coupled DL chunk results: sweep=3/3 slot=31/40 committed_rows=2 current_primary_rows=49.
[2026-08-04T11:36:11Z] INFO DL coupled publish: operating_point 3/3 configured_label_snr_dB=20.000 ue=2/4 dlDirectionalFrames=6/40 ulDirectionalFrames=6/40 dlRows=49 ulRows=16.
[2026-08-04T11:36:12Z] INFO Coupled UL K2 preschedule complete: control_slot=111 due_slot=115 k2=4 active=4 granted=2 grants=2.
[2026-08-04T11:36:29Z] INFO Coupled UL PDCCH grant binding: ue=2 required=1 ok=1 status=bound failure= dci=2698a6699bc0e9204446c4d42f763019b0e57cfa67de8fdbbffe69129735acd2 grant_ss=1 observed_ss=1 bound_ss=1 grant_coreset=0 observed_coreset=0 bound_coreset=0.
[2026-08-04T11:36:45Z] INFO Coupled UL PDCCH grant binding: ue=3 required=1 ok=1 status=bound failure= dci=7c91dca208eae4295556dc4b795fde3070de27fcd32fa87a81063c99a1422d07 grant_ss=1 observed_ss=1 bound_ss=1 grant_coreset=0 observed_coreset=0 bound_coreset=0.
[2026-08-04T11:36:45Z] INFO Queued coupled UL grants after K2 PDCCH qualification: control_slot=111 due_slot=115 executable_grants=2 pending_total=2.
[2026-08-04T11:36:45Z] INFO Coupled canonical slot prepared: sweep=3/3 slot=32/40 duplex=DL allow_dl=1 allow_ul=0.
[2026-08-04T11:36:45Z] INFO Starting coupled pre-scheduling control gating for slot 112/120 with 4 UEs.
[2026-08-04T11:36:46Z] INFO Coupled control gating progress for slot 112/120: UE 1/4, PBCH=0 PRACH=0 SRS=0 TRS=0.
[2026-08-04T11:36:46Z] INFO Coupled control gating progress for slot 112/120: UE 2/4, PBCH=0 PRACH=0 SRS=0 TRS=0.
[2026-08-04T11:36:46Z] INFO Coupled control gating progress for slot 112/120: UE 3/4, PBCH=0 PRACH=0 SRS=0 TRS=0.
[2026-08-04T11:36:46Z] INFO Coupled control gating progress for slot 112/120: UE 4/4, PBCH=0 PRACH=0 SRS=0 TRS=0.
[2026-08-04T11:36:46Z] INFO Coupled control gating complete: slot=112 frame=6 pbch_attempts=0 prach_attempts=0 srs_attempts=0 trs_attempts=0 acquired=4/4 access=4/4 valid_srs=4/4 valid_trs_cells=1/1 tracked_serving_users=4/4 eligible=4/4.
[2026-08-04T11:36:46Z] INFO Coupled control gating complete for slot 112/120: acquired=4/4 access=4/4 valid_srs=4/4 valid_trs_cells=1/1 tracked_serving_users=4/4 eligible=4/4.
[2026-08-04T11:36:46Z] INFO DL coupled publish: operating_point 3/3 configured_label_snr_dB=20.000 ue=0/4 dlDirectionalFrames=6/40 ulDirectionalFrames=6/40 dlRows=49 ulRows=16.
[2026-08-04T11:36:48Z] INFO Coupled DL schedule complete: sweep=3/3 slot=32/40 active=4 granted=2 grants=2.
[2026-08-04T11:36:50Z] INFO Coupled DL PDCCH grant binding: ue=3 required=1 ok=1 status=bound failure= dci=57425a36a52633f6700d40d4730aec6812b2b2565358806dec0965dd9c5be405 grant_ss=1 observed_ss=1 bound_ss=1 grant_coreset=0 observed_coreset=0 bound_coreset=0.
[2026-08-04T11:36:52Z] INFO Coupled DL PDCCH grant binding: ue=4 required=1 ok=1 status=bound failure= dci=2eb1fee4b3fdfbe6cdf79202536df768353aec3113d2b50b6e23e426c5f687be grant_ss=1 observed_ss=1 bound_ss=1 grant_coreset=0 observed_coreset=0 bound_coreset=0.
[2026-08-04T11:36:52Z] INFO Coupled DL PDCCH qualification complete: sweep=3/3 slot=32/40 executable_grants=2.
[2026-08-04T11:36:52Z] INFO Preparing coupled DL batches: sweep=3/3 slot=32/40 candidate_grants=2 batch_size=24.
[2026-08-04T11:36:52Z] INFO Preparing coupled DL resolved grant cache: candidate_grants=2.
[2026-08-04T11:37:11Z] INFO Prepared coupled DL resolved grant cache entries: 2/2.
[2026-08-04T11:37:11Z] INFO Prepared coupled DL resolved grant cache complete: entries=2 elapsed_s=18.846.
[2026-08-04T11:37:11Z] INFO Prepared coupled DL chunk: sweep=3/3 slot=32/40 executable_plans=2 chunk=1-2 of 2.
[2026-08-04T11:37:11Z] INFO Executing coupled DL chunk: sweep=3/3 slot=32/40 chunk=1-2 of 2.
[2026-08-04T11:37:12Z] INFO Executing coupled DL grant chunk serially: plans=2 reason=parallel_safety_or_pool_unavailable.
[2026-08-04T11:37:55Z] INFO Publishing coupled DL chunk results: sweep=3/3 slot=32/40 committed_rows=2 current_primary_rows=51.
[2026-08-04T11:37:56Z] INFO DL coupled publish: operating_point 3/3 configured_label_snr_dB=20.000 ue=4/4 dlDirectionalFrames=6/40 ulDirectionalFrames=6/40 dlRows=51 ulRows=16.
[2026-08-04T11:37:57Z] INFO Coupled UL K2 preschedule deferred: control_slot=112 reason=data_timing_rejected:target_hits_fixed_opposite_direction policy=no_valid_ul_occasion_from_current_dl_control_slot.
[2026-08-04T11:37:57Z] INFO Coupled canonical slot prepared: sweep=3/3 slot=33/40 duplex=DL allow_dl=1 allow_ul=0.
[2026-08-04T11:37:57Z] INFO Starting coupled pre-scheduling control gating for slot 113/120 with 4 UEs.
[2026-08-04T11:37:57Z] INFO Coupled control gating progress for slot 113/120: UE 1/4, PBCH=0 PRACH=0 SRS=0 TRS=0.
[2026-08-04T11:37:57Z] INFO Coupled control gating progress for slot 113/120: UE 2/4, PBCH=0 PRACH=0 SRS=0 TRS=0.
[2026-08-04T11:37:57Z] INFO Coupled control gating progress for slot 113/120: UE 3/4, PBCH=0 PRACH=0 SRS=0 TRS=0.
[2026-08-04T11:37:57Z] INFO Coupled control gating progress for slot 113/120: UE 4/4, PBCH=0 PRACH=0 SRS=0 TRS=0.
[2026-08-04T11:37:57Z] INFO Coupled control gating complete: slot=113 frame=6 pbch_attempts=0 prach_attempts=0 srs_attempts=0 trs_attempts=0 acquired=4/4 access=4/4 valid_srs=4/4 valid_trs_cells=1/1 tracked_serving_users=4/4 eligible=4/4.
[2026-08-04T11:37:57Z] INFO Coupled control gating complete for slot 113/120: acquired=4/4 access=4/4 valid_srs=4/4 valid_trs_cells=1/1 tracked_serving_users=4/4 eligible=4/4.
[2026-08-04T11:37:57Z] INFO DL coupled publish: operating_point 3/3 configured_label_snr_dB=20.000 ue=0/4 dlDirectionalFrames=6/40 ulDirectionalFrames=6/40 dlRows=51 ulRows=16.
[2026-08-04T11:37:58Z] INFO Coupled DL schedule complete: sweep=3/3 slot=33/40 active=4 granted=2 grants=2.
[2026-08-04T11:38:00Z] INFO Coupled DL PDCCH grant binding: ue=1 required=1 ok=1 status=bound failure= dci=c578e76b79eecb37058f1dd2d5774b70dfe36d7be1babcbac872a5d17bd28aa4 grant_ss=1 observed_ss=1 bound_ss=1 grant_coreset=0 observed_coreset=0 bound_coreset=0.
[2026-08-04T11:38:02Z] INFO Coupled DL PDCCH grant binding: ue=2 required=1 ok=1 status=bound failure= dci=a18130543ec59eca4a93446cbd1aafa4e582fd58fce052b4f6cd846212520ddf grant_ss=1 observed_ss=1 bound_ss=1 grant_coreset=0 observed_coreset=0 bound_coreset=0.
[2026-08-04T11:38:02Z] INFO Coupled DL PDCCH qualification complete: sweep=3/3 slot=33/40 executable_grants=2.
[2026-08-04T11:38:02Z] INFO Preparing coupled DL batches: sweep=3/3 slot=33/40 candidate_grants=2 batch_size=24.
[2026-08-04T11:38:02Z] INFO Preparing coupled DL resolved grant cache: candidate_grants=2.
[2026-08-04T11:38:19Z] INFO Prepared coupled DL resolved grant cache entries: 2/2.
[2026-08-04T11:38:19Z] INFO Prepared coupled DL resolved grant cache complete: entries=2 elapsed_s=17.286.
[2026-08-04T11:38:20Z] INFO Prepared coupled DL chunk: sweep=3/3 slot=33/40 executable_plans=2 chunk=1-2 of 2.
[2026-08-04T11:38:20Z] INFO Executing coupled DL chunk: sweep=3/3 slot=33/40 chunk=1-2 of 2.
[2026-08-04T11:38:20Z] INFO Executing coupled DL grant chunk serially: plans=2 reason=parallel_safety_or_pool_unavailable.
[2026-08-04T11:39:01Z] INFO Publishing coupled DL chunk results: sweep=3/3 slot=33/40 committed_rows=2 current_primary_rows=53.
[2026-08-04T11:39:03Z] INFO DL coupled publish: operating_point 3/3 configured_label_snr_dB=20.000 ue=2/4 dlDirectionalFrames=6/40 ulDirectionalFrames=6/40 dlRows=53 ulRows=16.
[2026-08-04T11:39:03Z] INFO Coupled UL K2 preschedule deferred: control_slot=113 reason=data_timing_rejected:target_hits_fixed_opposite_direction policy=no_valid_ul_occasion_from_current_dl_control_slot.
[2026-08-04T11:39:03Z] INFO Coupled canonical slot prepared: sweep=3/3 slot=34/40 duplex=FLEXIBLE_OR_MIXED allow_dl=1 allow_ul=1.
[2026-08-04T11:39:08Z] INFO Starting coupled pre-scheduling control gating for slot 114/120 with 4 UEs.
[2026-08-04T11:39:08Z] INFO Coupled control gating progress for slot 114/120: UE 1/4, PBCH=0 PRACH=0 SRS=0 TRS=0.
[2026-08-04T11:39:08Z] INFO Coupled control gating progress for slot 114/120: UE 2/4, PBCH=0 PRACH=0 SRS=0 TRS=0.
[2026-08-04T11:39:09Z] INFO Coupled control gating progress for slot 114/120: UE 3/4, PBCH=0 PRACH=0 SRS=0 TRS=0.
[2026-08-04T11:39:09Z] INFO Coupled control gating progress for slot 114/120: UE 4/4, PBCH=0 PRACH=0 SRS=0 TRS=0.
[2026-08-04T11:39:09Z] INFO Coupled control gating complete: slot=114 frame=6 pbch_attempts=0 prach_attempts=0 srs_attempts=0 trs_attempts=0 acquired=4/4 access=4/4 valid_srs=4/4 valid_trs_cells=1/1 tracked_serving_users=4/4 eligible=4/4.
[2026-08-04T11:39:09Z] INFO Coupled control gating complete for slot 114/120: acquired=4/4 access=4/4 valid_srs=4/4 valid_trs_cells=1/1 tracked_serving_users=4/4 eligible=4/4.
[2026-08-04T11:39:09Z] INFO DL coupled publish: operating_point 3/3 configured_label_snr_dB=20.000 ue=0/4 dlDirectionalFrames=6/40 ulDirectionalFrames=6/40 dlRows=53 ulRows=16.
[2026-08-04T11:39:09Z] INFO Coupled DL scheduling deferred: sweep=3/3 slot=34/40 reason=configured_dl_symbol_allocation_not_available_in_tdd_slot policy=no_valid_harq_ack_occasion_from_current_dl_slot.
[2026-08-04T11:39:09Z] INFO Coupled DL schedule complete: sweep=3/3 slot=34/40 active=0 granted=0 grants=0.
[2026-08-04T11:39:09Z] INFO Coupled DL PDCCH qualification complete: sweep=3/3 slot=34/40 executable_grants=0.
[2026-08-04T11:39:09Z] INFO Preparing coupled DL batches: sweep=3/3 slot=34/40 candidate_grants=0 batch_size=24.
[2026-08-04T11:39:09Z] INFO Coupled UL K2 preschedule deferred: control_slot=114 reason=data_timing_rejected:target_hits_fixed_opposite_direction policy=no_valid_ul_occasion_from_current_dl_control_slot.
[2026-08-04T11:39:09Z] INFO Coupled UL queued grant lookup complete: sweep=3/3 slot=34/40 due_grants=0 pending_grants=2.
[2026-08-04T11:39:09Z] INFO Coupled canonical slot prepared: sweep=3/3 slot=35/40 duplex=UL allow_dl=0 allow_ul=1.
[2026-08-04T11:39:09Z] INFO Starting coupled pre-scheduling control gating for slot 115/120 with 4 UEs.
[2026-08-04T11:39:21Z] INFO Coupled control gating progress for slot 115/120: UE 1/4, PBCH=0 PRACH=0 SRS=1 TRS=0.
[2026-08-04T11:39:33Z] INFO Coupled control gating progress for slot 115/120: UE 2/4, PBCH=0 PRACH=0 SRS=2 TRS=0.
[2026-08-04T11:39:47Z] INFO Coupled control gating progress for slot 115/120: UE 3/4, PBCH=0 PRACH=0 SRS=3 TRS=0.
[2026-08-04T11:40:03Z] INFO Coupled control gating progress for slot 115/120: UE 4/4, PBCH=0 PRACH=0 SRS=4 TRS=0.
[2026-08-04T11:40:03Z] INFO Coupled control gating complete: slot=115 frame=6 pbch_attempts=0 prach_attempts=0 srs_attempts=4 trs_attempts=0 acquired=4/4 access=4/4 valid_srs=4/4 valid_trs_cells=1/1 tracked_serving_users=4/4 eligible=4/4.
[2026-08-04T11:40:03Z] INFO Coupled control gating complete for slot 115/120: acquired=4/4 access=4/4 valid_srs=4/4 valid_trs_cells=1/1 tracked_serving_users=4/4 eligible=4/4.
[2026-08-04T11:40:03Z] INFO UL coupled publish: operating_point 3/3 configured_label_snr_dB=20.000 ue=0/4 dlDirectionalFrames=6/40 ulDirectionalFrames=6/40 dlRows=53 ulRows=16.
[2026-08-04T11:40:03Z] INFO Coupled UL queued grant lookup complete: sweep=3/3 slot=35/40 due_grants=2 pending_grants=0.
[2026-08-04T11:40:03Z] INFO Preparing coupled UL batches: sweep=3/3 slot=35/40 candidate_grants=2 batch_size=24.
[2026-08-04T11:40:03Z] INFO Preparing coupled UL resolved grant cache: candidate_grants=2.
[2026-08-04T11:40:08Z] INFO Prepared coupled UL resolved grant cache entries: 2/2.
[2026-08-04T11:40:08Z] INFO Prepared coupled UL resolved grant cache complete: entries=2 elapsed_s=4.811.
[2026-08-04T11:40:08Z] INFO Prepared coupled UL chunk: sweep=3/3 slot=35/40 executable_plans=2 chunk=1-2 of 2.
[2026-08-04T11:40:08Z] INFO Executing coupled UL chunk: sweep=3/3 slot=35/40 chunk=1-2 of 2.
[2026-08-04T11:40:09Z] INFO Executing coupled UL grant chunk serially: plans=2 reason=parallel_safety_or_pool_unavailable.
[2026-08-04T11:41:01Z] INFO Publishing coupled UL chunk results: sweep=3/3 slot=35/40 committed_rows=2 current_primary_rows=18.
[2026-08-04T11:41:02Z] INFO UL coupled publish: operating_point 3/3 configured_label_snr_dB=20.000 ue=3/4 dlDirectionalFrames=6/40 ulDirectionalFrames=6/40 dlRows=53 ulRows=18.
[2026-08-04T11:41:02Z] INFO Coupled canonical slot prepared: sweep=3/3 slot=36/40 duplex=DL allow_dl=1 allow_ul=0.
[2026-08-04T11:41:02Z] INFO Starting coupled pre-scheduling control gating for slot 116/120 with 4 UEs.
[2026-08-04T11:41:03Z] INFO Coupled control gating progress for slot 116/120: UE 1/4, PBCH=0 PRACH=0 SRS=0 TRS=0.
[2026-08-04T11:41:03Z] INFO Coupled control gating progress for slot 116/120: UE 2/4, PBCH=0 PRACH=0 SRS=0 TRS=0.
[2026-08-04T11:41:03Z] INFO Coupled control gating progress for slot 116/120: UE 3/4, PBCH=0 PRACH=0 SRS=0 TRS=0.
[2026-08-04T11:41:03Z] INFO Coupled control gating progress for slot 116/120: UE 4/4, PBCH=0 PRACH=0 SRS=0 TRS=0.
[2026-08-04T11:41:03Z] INFO Coupled control gating complete: slot=116 frame=6 pbch_attempts=0 prach_attempts=0 srs_attempts=0 trs_attempts=0 acquired=4/4 access=4/4 valid_srs=4/4 valid_trs_cells=1/1 tracked_serving_users=4/4 eligible=4/4.
[2026-08-04T11:41:03Z] INFO Coupled control gating complete for slot 116/120: acquired=4/4 access=4/4 valid_srs=4/4 valid_trs_cells=1/1 tracked_serving_users=4/4 eligible=4/4.
[2026-08-04T11:41:03Z] INFO DL coupled publish: operating_point 3/3 configured_label_snr_dB=20.000 ue=0/4 dlDirectionalFrames=6/40 ulDirectionalFrames=6/40 dlRows=53 ulRows=18.
[2026-08-04T11:41:05Z] INFO Coupled DL schedule complete: sweep=3/3 slot=36/40 active=4 granted=2 grants=2.
[2026-08-04T11:41:07Z] INFO Coupled DL PDCCH grant binding: ue=3 required=1 ok=1 status=bound failure= dci=0b18f1cbf43c1a66d20d75f969a8836a6418e1626455573f0f1e18230f630395 grant_ss=1 observed_ss=1 bound_ss=1 grant_coreset=0 observed_coreset=0 bound_coreset=0.
[2026-08-04T11:41:09Z] INFO Coupled DL PDCCH grant binding: ue=4 required=1 ok=1 status=bound failure= dci=0b18f1cbf43c1a66d20d75f969a8836a6418e1626455573f0f1e18230f630395 grant_ss=1 observed_ss=1 bound_ss=1 grant_coreset=0 observed_coreset=0 bound_coreset=0.
[2026-08-04T11:41:09Z] INFO Coupled DL PDCCH qualification complete: sweep=3/3 slot=36/40 executable_grants=2.
[2026-08-04T11:41:09Z] INFO Preparing coupled DL batches: sweep=3/3 slot=36/40 candidate_grants=2 batch_size=24.
[2026-08-04T11:41:09Z] INFO Preparing coupled DL resolved grant cache: candidate_grants=2.
[2026-08-04T11:41:28Z] INFO Prepared coupled DL resolved grant cache entries: 2/2.
[2026-08-04T11:41:28Z] INFO Prepared coupled DL resolved grant cache complete: entries=2 elapsed_s=18.441.
[2026-08-04T11:41:29Z] INFO Prepared coupled DL chunk: sweep=3/3 slot=36/40 executable_plans=2 chunk=1-2 of 2.
[2026-08-04T11:41:29Z] INFO Executing coupled DL chunk: sweep=3/3 slot=36/40 chunk=1-2 of 2.
[2026-08-04T11:41:29Z] INFO Executing coupled DL grant chunk serially: plans=2 reason=parallel_safety_or_pool_unavailable.
[2026-08-04T11:42:14Z] INFO Publishing coupled DL chunk results: sweep=3/3 slot=36/40 committed_rows=2 current_primary_rows=55.
[2026-08-04T11:42:15Z] INFO DL coupled publish: operating_point 3/3 configured_label_snr_dB=20.000 ue=4/4 dlDirectionalFrames=6/40 ulDirectionalFrames=6/40 dlRows=55 ulRows=18.
[2026-08-04T11:42:16Z] INFO Coupled UL K2 preschedule complete: control_slot=116 due_slot=120 k2=4 active=4 granted=2 grants=2.
[2026-08-04T11:42:37Z] INFO Coupled UL PDCCH grant binding: ue=4 required=1 ok=1 status=bound failure= dci=d2131a3d1d2ec59b0df69e5884a2f333adf81e08932838cc144b3cd5bc5c8003 grant_ss=1 observed_ss=1 bound_ss=1 grant_coreset=0 observed_coreset=0 bound_coreset=0.
[2026-08-04T11:42:53Z] INFO Coupled UL PDCCH grant binding: ue=2 required=1 ok=1 status=bound failure= dci=1cf215f9573a4325e6ba10e447a524b688e4b9fc523261204e2b37aa1db324f6 grant_ss=1 observed_ss=1 bound_ss=1 grant_coreset=0 observed_coreset=0 bound_coreset=0.
[2026-08-04T11:42:53Z] INFO Queued coupled UL grants after K2 PDCCH qualification: control_slot=116 due_slot=120 executable_grants=2 pending_total=2.
[2026-08-04T11:42:53Z] INFO Coupled canonical slot prepared: sweep=3/3 slot=37/40 duplex=DL allow_dl=1 allow_ul=0.
[2026-08-04T11:42:53Z] INFO Starting coupled pre-scheduling control gating for slot 117/120 with 4 UEs.
[2026-08-04T11:42:53Z] INFO Coupled control gating progress for slot 117/120: UE 1/4, PBCH=0 PRACH=0 SRS=0 TRS=0.
[2026-08-04T11:42:53Z] INFO Coupled control gating progress for slot 117/120: UE 2/4, PBCH=0 PRACH=0 SRS=0 TRS=0.
[2026-08-04T11:42:53Z] INFO Coupled control gating progress for slot 117/120: UE 3/4, PBCH=0 PRACH=0 SRS=0 TRS=0.
[2026-08-04T11:42:54Z] INFO Coupled control gating progress for slot 117/120: UE 4/4, PBCH=0 PRACH=0 SRS=0 TRS=0.
[2026-08-04T11:42:54Z] INFO Coupled control gating complete: slot=117 frame=6 pbch_attempts=0 prach_attempts=0 srs_attempts=0 trs_attempts=0 acquired=4/4 access=4/4 valid_srs=4/4 valid_trs_cells=1/1 tracked_serving_users=4/4 eligible=4/4.
[2026-08-04T11:42:54Z] INFO Coupled control gating complete for slot 117/120: acquired=4/4 access=4/4 valid_srs=4/4 valid_trs_cells=1/1 tracked_serving_users=4/4 eligible=4/4.
[2026-08-04T11:42:54Z] INFO DL coupled publish: operating_point 3/3 configured_label_snr_dB=20.000 ue=0/4 dlDirectionalFrames=6/40 ulDirectionalFrames=6/40 dlRows=55 ulRows=18.
[2026-08-04T11:42:55Z] INFO Coupled DL schedule complete: sweep=3/3 slot=37/40 active=4 granted=2 grants=2.
[2026-08-04T11:42:57Z] INFO Coupled DL PDCCH grant binding: ue=1 required=1 ok=1 status=bound failure= dci=1a1dfb75ba215aa2633b32f61f9e1129d5779f3e123f7fe34a758c784625c41f grant_ss=1 observed_ss=1 bound_ss=1 grant_coreset=0 observed_coreset=0 bound_coreset=0.
[2026-08-04T11:42:59Z] INFO Coupled DL PDCCH grant binding: ue=2 required=1 ok=1 status=bound failure= dci=1a1dfb75ba215aa2633b32f61f9e1129d5779f3e123f7fe34a758c784625c41f grant_ss=1 observed_ss=1 bound_ss=1 grant_coreset=0 observed_coreset=0 bound_coreset=0.
[2026-08-04T11:42:59Z] INFO Coupled DL PDCCH qualification complete: sweep=3/3 slot=37/40 executable_grants=2.
[2026-08-04T11:42:59Z] INFO Preparing coupled DL batches: sweep=3/3 slot=37/40 candidate_grants=2 batch_size=24.
[2026-08-04T11:42:59Z] INFO Preparing coupled DL resolved grant cache: candidate_grants=2.
[2026-08-04T11:43:16Z] INFO Prepared coupled DL resolved grant cache entries: 2/2.
[2026-08-04T11:43:16Z] INFO Prepared coupled DL resolved grant cache complete: entries=2 elapsed_s=17.560.
[2026-08-04T11:43:18Z] INFO Prepared coupled DL chunk: sweep=3/3 slot=37/40 executable_plans=2 chunk=1-2 of 2.
[2026-08-04T11:43:18Z] INFO Executing coupled DL chunk: sweep=3/3 slot=37/40 chunk=1-2 of 2.
[2026-08-04T11:43:18Z] INFO Executing coupled DL grant chunk serially: plans=2 reason=parallel_safety_or_pool_unavailable.
[2026-08-04T11:44:02Z] INFO Publishing coupled DL chunk results: sweep=3/3 slot=37/40 committed_rows=2 current_primary_rows=57.
[2026-08-04T11:44:04Z] INFO DL coupled publish: operating_point 3/3 configured_label_snr_dB=20.000 ue=2/4 dlDirectionalFrames=6/40 ulDirectionalFrames=6/40 dlRows=57 ulRows=18.
[2026-08-04T11:44:04Z] INFO Coupled UL K2 preschedule deferred: control_slot=117 reason=data_timing_rejected:target_hits_fixed_opposite_direction policy=no_valid_ul_occasion_from_current_dl_control_slot.
[2026-08-04T11:44:04Z] INFO Coupled canonical slot prepared: sweep=3/3 slot=38/40 duplex=DL allow_dl=1 allow_ul=0.
[2026-08-04T11:44:04Z] INFO Starting coupled pre-scheduling control gating for slot 118/120 with 4 UEs.
[2026-08-04T11:44:04Z] INFO Coupled control gating progress for slot 118/120: UE 1/4, PBCH=0 PRACH=0 SRS=0 TRS=0.
[2026-08-04T11:44:04Z] INFO Coupled control gating progress for slot 118/120: UE 2/4, PBCH=0 PRACH=0 SRS=0 TRS=0.
[2026-08-04T11:44:05Z] INFO Coupled control gating progress for slot 118/120: UE 3/4, PBCH=0 PRACH=0 SRS=0 TRS=0.
[2026-08-04T11:44:05Z] INFO Coupled control gating progress for slot 118/120: UE 4/4, PBCH=0 PRACH=0 SRS=0 TRS=0.
[2026-08-04T11:44:05Z] INFO Coupled control gating complete: slot=118 frame=6 pbch_attempts=0 prach_attempts=0 srs_attempts=0 trs_attempts=0 acquired=4/4 access=4/4 valid_srs=4/4 valid_trs_cells=1/1 tracked_serving_users=4/4 eligible=4/4.
[2026-08-04T11:44:05Z] INFO Coupled control gating complete for slot 118/120: acquired=4/4 access=4/4 valid_srs=4/4 valid_trs_cells=1/1 tracked_serving_users=4/4 eligible=4/4.
[2026-08-04T11:44:05Z] INFO DL coupled publish: operating_point 3/3 configured_label_snr_dB=20.000 ue=0/4 dlDirectionalFrames=6/40 ulDirectionalFrames=6/40 dlRows=57 ulRows=18.
[2026-08-04T11:44:06Z] INFO Coupled DL schedule complete: sweep=3/3 slot=38/40 active=4 granted=2 grants=2.
[2026-08-04T11:44:08Z] INFO Coupled DL PDCCH grant binding: ue=3 required=1 ok=1 status=bound failure= dci=3edd6194f8be669e8785ee17601c9de2c2c5f5d1c12bbb32cd68a6e05288114e grant_ss=1 observed_ss=1 bound_ss=1 grant_coreset=0 observed_coreset=0 bound_coreset=0.
[2026-08-04T11:44:09Z] INFO Coupled DL PDCCH grant binding: ue=4 required=1 ok=1 status=bound failure= dci=3edd6194f8be669e8785ee17601c9de2c2c5f5d1c12bbb32cd68a6e05288114e grant_ss=1 observed_ss=1 bound_ss=1 grant_coreset=0 observed_coreset=0 bound_coreset=0.
[2026-08-04T11:44:10Z] INFO Coupled DL PDCCH qualification complete: sweep=3/3 slot=38/40 executable_grants=2.
[2026-08-04T11:44:10Z] INFO Preparing coupled DL batches: sweep=3/3 slot=38/40 candidate_grants=2 batch_size=24.
[2026-08-04T11:44:10Z] INFO Preparing coupled DL resolved grant cache: candidate_grants=2.
[2026-08-04T11:44:27Z] INFO Prepared coupled DL resolved grant cache entries: 2/2.
[2026-08-04T11:44:27Z] INFO Prepared coupled DL resolved grant cache complete: entries=2 elapsed_s=17.571.
[2026-08-04T11:44:29Z] INFO Prepared coupled DL chunk: sweep=3/3 slot=38/40 executable_plans=2 chunk=1-2 of 2.
[2026-08-04T11:44:29Z] INFO Executing coupled DL chunk: sweep=3/3 slot=38/40 chunk=1-2 of 2.
[2026-08-04T11:44:29Z] INFO Executing coupled DL grant chunk serially: plans=2 reason=parallel_safety_or_pool_unavailable.
[2026-08-04T11:45:12Z] INFO Publishing coupled DL chunk results: sweep=3/3 slot=38/40 committed_rows=2 current_primary_rows=59.
[2026-08-04T11:45:14Z] INFO DL coupled publish: operating_point 3/3 configured_label_snr_dB=20.000 ue=4/4 dlDirectionalFrames=6/40 ulDirectionalFrames=6/40 dlRows=59 ulRows=18.
[2026-08-04T11:45:14Z] INFO Coupled UL K2 preschedule deferred: control_slot=118 reason=data_timing_rejected:target_hits_fixed_opposite_direction policy=no_valid_ul_occasion_from_current_dl_control_slot.
[2026-08-04T11:45:14Z] INFO Coupled canonical slot prepared: sweep=3/3 slot=39/40 duplex=FLEXIBLE_OR_MIXED allow_dl=1 allow_ul=1.
[2026-08-04T11:45:18Z] INFO Starting coupled pre-scheduling control gating for slot 119/120 with 4 UEs.
[2026-08-04T11:45:19Z] INFO Coupled control gating progress for slot 119/120: UE 1/4, PBCH=0 PRACH=0 SRS=0 TRS=0.
[2026-08-04T11:45:19Z] INFO Coupled control gating progress for slot 119/120: UE 2/4, PBCH=0 PRACH=0 SRS=0 TRS=0.
[2026-08-04T11:45:19Z] INFO Coupled control gating progress for slot 119/120: UE 3/4, PBCH=0 PRACH=0 SRS=0 TRS=0.
[2026-08-04T11:45:19Z] INFO Coupled control gating progress for slot 119/120: UE 4/4, PBCH=0 PRACH=0 SRS=0 TRS=0.
[2026-08-04T11:45:19Z] INFO Coupled control gating complete: slot=119 frame=6 pbch_attempts=0 prach_attempts=0 srs_attempts=0 trs_attempts=0 acquired=4/4 access=4/4 valid_srs=4/4 valid_trs_cells=1/1 tracked_serving_users=4/4 eligible=4/4.
[2026-08-04T11:45:19Z] INFO Coupled control gating complete for slot 119/120: acquired=4/4 access=4/4 valid_srs=4/4 valid_trs_cells=1/1 tracked_serving_users=4/4 eligible=4/4.
[2026-08-04T11:45:19Z] INFO DL coupled publish: operating_point 3/3 configured_label_snr_dB=20.000 ue=0/4 dlDirectionalFrames=6/40 ulDirectionalFrames=6/40 dlRows=59 ulRows=18.
[2026-08-04T11:45:19Z] INFO Coupled DL scheduling deferred: sweep=3/3 slot=39/40 reason=configured_dl_symbol_allocation_not_available_in_tdd_slot policy=no_valid_harq_ack_occasion_from_current_dl_slot.
[2026-08-04T11:45:19Z] INFO Coupled DL schedule complete: sweep=3/3 slot=39/40 active=0 granted=0 grants=0.
[2026-08-04T11:45:19Z] INFO Coupled DL PDCCH qualification complete: sweep=3/3 slot=39/40 executable_grants=0.
[2026-08-04T11:45:19Z] INFO Preparing coupled DL batches: sweep=3/3 slot=39/40 candidate_grants=0 batch_size=24.
[2026-08-04T11:45:19Z] INFO Coupled UL K2 preschedule deferred: control_slot=119 reason=data_timing_rejected:target_hits_fixed_opposite_direction policy=no_valid_ul_occasion_from_current_dl_control_slot.
[2026-08-04T11:45:19Z] INFO Coupled UL queued grant lookup complete: sweep=3/3 slot=39/40 due_grants=0 pending_grants=2.
[2026-08-04T11:45:20Z] INFO Coupled canonical slot prepared: sweep=3/3 slot=40/40 duplex=UL allow_dl=0 allow_ul=1.
[2026-08-04T11:45:20Z] INFO Starting coupled pre-scheduling control gating for slot 120/120 with 4 UEs.
[2026-08-04T11:45:20Z] INFO Coupled control gating progress for slot 120/120: UE 1/4, PBCH=0 PRACH=0 SRS=0 TRS=0.
[2026-08-04T11:45:20Z] INFO Coupled control gating progress for slot 120/120: UE 2/4, PBCH=0 PRACH=0 SRS=0 TRS=0.
[2026-08-04T11:45:20Z] INFO Coupled control gating progress for slot 120/120: UE 3/4, PBCH=0 PRACH=0 SRS=0 TRS=0.
[2026-08-04T11:45:20Z] INFO Coupled control gating progress for slot 120/120: UE 4/4, PBCH=0 PRACH=0 SRS=0 TRS=0.
[2026-08-04T11:45:20Z] INFO Coupled control gating complete: slot=120 frame=6 pbch_attempts=0 prach_attempts=0 srs_attempts=0 trs_attempts=0 acquired=4/4 access=4/4 valid_srs=4/4 valid_trs_cells=1/1 tracked_serving_users=4/4 eligible=4/4.
[2026-08-04T11:45:20Z] INFO Coupled control gating complete for slot 120/120: acquired=4/4 access=4/4 valid_srs=4/4 valid_trs_cells=1/1 tracked_serving_users=4/4 eligible=4/4.
[2026-08-04T11:45:20Z] INFO UL coupled publish: operating_point 3/3 configured_label_snr_dB=20.000 ue=0/4 dlDirectionalFrames=6/40 ulDirectionalFrames=6/40 dlRows=59 ulRows=18.
[2026-08-04T11:45:20Z] INFO Coupled UL queued grant lookup complete: sweep=3/3 slot=40/40 due_grants=2 pending_grants=0.
[2026-08-04T11:45:20Z] INFO Preparing coupled UL batches: sweep=3/3 slot=40/40 candidate_grants=2 batch_size=24.
[2026-08-04T11:45:20Z] INFO Preparing coupled UL resolved grant cache: candidate_grants=2.
[2026-08-04T11:45:21Z] INFO Prepared coupled UL resolved grant cache entries: 2/2.
[2026-08-04T11:45:21Z] INFO Prepared coupled UL resolved grant cache complete: entries=2 elapsed_s=0.734.
[2026-08-04T11:45:21Z] INFO Prepared coupled UL chunk: sweep=3/3 slot=40/40 executable_plans=2 chunk=1-2 of 2.
[2026-08-04T11:45:21Z] INFO Executing coupled UL chunk: sweep=3/3 slot=40/40 chunk=1-2 of 2.
[2026-08-04T11:45:21Z] INFO Executing coupled UL grant chunk serially: plans=2 reason=parallel_safety_or_pool_unavailable.
[2026-08-04T11:45:43Z] INFO Publishing coupled UL chunk results: sweep=3/3 slot=40/40 committed_rows=2 current_primary_rows=20.
[2026-08-04T11:45:52Z] INFO UL heavy live artifact refresh: reason=post_grant_chunk slot=40/40 interval=20.
[2026-08-04T11:45:52Z] INFO UL coupled publish: operating_point 3/3 configured_label_snr_dB=20.000 ue=2/4 dlDirectionalFrames=6/40 ulDirectionalFrames=6/40 dlRows=59 ulRows=20.
[2026-08-04T11:45:52Z] INFO DL raw trial sweep progress: point 3/3, configured operating-point label 20.000 dB (not a measured SINR); median PostEqSINR_dB 14.303 dB; median MeasuredTrialSINR_dB 14.303 dB; median ReceiverHestSINR_dB 14.303 dB, rows=59.
[2026-08-04T11:45:52Z] INFO UL raw trial sweep progress: point 3/3, configured operating-point label 20.000 dB (not a measured SINR); median PostEqSINR_dB 28.144 dB; median MeasuredTrialSINR_dB 15.795 dB; median ReceiverHestSINR_dB 15.795 dB, rows=20.
[2026-08-04T11:49:36Z] INFO Waveform bundle finished: ok=1
[2026-08-04T11:49:36Z] INFO Running strict waveform-backed control evidence for waveform-bundle scenario target_cases.
[2026-08-04T11:50:02Z] INFO Strict waveform-backed control evidence finished: ok=1
[2026-08-04T11:50:02Z] INFO Running supplemental strict PRACH waveform validation for waveform-bundle scenario.
[2026-08-04T11:50:03Z] INFO Strict PRACH progress: stage=strict_prach_config_validation supplemental_completion=0.020 note=Validating strict PRACH configuration and root-sequence evidence.
[2026-08-04T11:50:04Z] INFO Strict PRACH progress: stage=strict_prach_positive_high_snr supplemental_completion=0.080 note=Running positive high-SNR PRACH receive validation.
[2026-08-04T11:50:05Z] INFO Strict PRACH progress: stage=strict_prach_missed_detection_sweep supplemental_completion=0.180 note=Running PRACH missed-detection SNR sweep.
[2026-08-04T11:50:10Z] INFO Strict PRACH progress: stage=strict_prach_false_alarm_sweep supplemental_completion=0.360 note=Running PRACH false-alarm noise-only sweep.
[2026-08-04T11:50:15Z] INFO Strict PRACH progress: stage=strict_prach_timing_offset_sweep supplemental_completion=0.540 note=Running PRACH timing-offset sweep.
[2026-08-04T11:50:16Z] INFO Strict PRACH progress: stage=strict_prach_frequency_offset_sweep supplemental_completion=0.660 note=Running PRACH frequency-offset and restricted-set sweep.
[2026-08-04T11:50:17Z] INFO Strict PRACH progress: stage=strict_prach_collision_trials supplemental_completion=0.780 note=Running PRACH collision and multi-preamble trials.
[2026-08-04T11:50:18Z] INFO Strict PRACH progress: stage=strict_prach_multi_occasion_trials supplemental_completion=0.860 note=Running PRACH multi-occasion RARNTI trials.
[2026-08-04T11:50:19Z] INFO Strict PRACH progress: stage=strict_prach_negative_wrong_config supplemental_completion=0.920 note=Running PRACH negative wrong-root receiver guard.
[2026-08-04T11:50:20Z] INFO Strict PRACH progress: stage=strict_prach_artifact_export supplemental_completion=0.970 note=Writing strict PRACH waveform evidence artifacts.
[2026-08-04T11:50:28Z] INFO Strict PRACH progress: stage=strict_prach_validation_complete supplemental_completion=1.000 note=Strict PRACH waveform validation completed.
[2026-08-04T11:50:29Z] INFO Running supplemental strict SRS waveform validation for waveform-bundle scenario.
[2026-08-04T11:53:40Z] INFO Running supplemental strict TRS waveform validation for waveform-bundle scenario.
[2026-08-04T11:53:54Z] INFO Running supplemental strict SIB1/PBCH waveform mini-anchor validation for waveform-bundle scenario.
[2026-08-04T11:55:30Z] INFO Running supplemental strict Channel/RF validation for waveform-bundle scenario.
[2026-08-04T11:55:45Z] INFO Refreshing MIMO nominal-vs-effective evidence from waveform-bundle raw trials.
[2026-08-04T11:55:55Z] INFO Control-plane trace export complete.
[2026-08-04T11:55:55Z] INFO Runner profile completed. result.Ok=0
[2026-08-04T11:55:55Z] INFO Scenario status aggregated: completion=completed_with_failures resultOk=0 requiredFailures=1 optionalPruned=0
[2026-08-04T11:55:55Z] INFO Annotating CSV artifacts.
[2026-08-04T11:56:30Z] INFO Writing scenario summary CSV.
[2026-08-04T11:56:30Z] INFO Writing runtime and environment summaries.
[2026-08-04T11:56:31Z] INFO Writing scenario manifest.
[2026-08-04T11:56:32Z] INFO Exporting initial config-ownership and hardcoding audit artifacts.
[2026-08-04T12:03:29Z] INFO Runtime truth contract evaluated: ok=0 roundtripMismatch=0 evidenceMissing=3 strictFailures=4
[2026-08-04T12:03:29Z] INFO Rewriting scenario summary CSV with final truth-gated status.
[2026-08-04T12:03:31Z] INFO Rewriting scenario manifest with final truth-gated status.
[2026-08-04T12:03:31Z] INFO Exporting LLS reporting bundle.
[2026-08-04T12:06:29Z] INFO Scanning truth primary artifacts for active proxy/fallback markers.
[2026-08-04T12:06:56Z] INFO Exporting output-coverage and honest-unavailable artifacts.
exportLLSOutputCoverageArtifacts:start runFolder=C:\Users\anup0\OneDrive\Documents\Simulator\6GR Simulator_v2_clean_main\results\lls\webgui_sinr_sweep_64x4_mu_mimo_full\phase19_full_bidir_mu_20260804_05
exportLLSOutputCoverageArtifacts:sources_loaded runFolder=C:\Users\anup0\OneDrive\Documents\Simulator\6GR Simulator_v2_clean_main\results\lls\webgui_sinr_sweep_64x4_mu_mimo_full\phase19_full_bidir_mu_20260804_05
exportLLSOutputCoverageArtifacts:tables_core_topology_channel_built runFolder=C:\Users\anup0\OneDrive\Documents\Simulator\6GR Simulator_v2_clean_main\results\lls\webgui_sinr_sweep_64x4_mu_mimo_full\phase19_full_bidir_mu_20260804_05
exportLLSOutputCoverageArtifacts:building_live_prb_allocation runFolder=C:\Users\anup0\OneDrive\Documents\Simulator\6GR Simulator_v2_clean_main\results\lls\webgui_sinr_sweep_64x4_mu_mimo_full\phase19_full_bidir_mu_20260804_05
exportLLSOutputCoverageArtifacts:built_live_prb_allocation runFolder=C:\Users\anup0\OneDrive\Documents\Simulator\6GR Simulator_v2_clean_main\results\lls\webgui_sinr_sweep_64x4_mu_mimo_full\phase19_full_bidir_mu_20260804_05
exportLLSOutputCoverageArtifacts:building_live_re_allocation_snapshot runFolder=C:\Users\anup0\OneDrive\Documents\Simulator\6GR Simulator_v2_clean_main\results\lls\webgui_sinr_sweep_64x4_mu_mimo_full\phase19_full_bidir_mu_20260804_05
exportLLSOutputCoverageArtifacts:built_live_re_allocation_snapshot runFolder=C:\Users\anup0\OneDrive\Documents\Simulator\6GR Simulator_v2_clean_main\results\lls\webgui_sinr_sweep_64x4_mu_mimo_full\phase19_full_bidir_mu_20260804_05
exportLLSOutputCoverageArtifacts:building_scheduler_decision runFolder=C:\Users\anup0\OneDrive\Documents\Simulator\6GR Simulator_v2_clean_main\results\lls\webgui_sinr_sweep_64x4_mu_mimo_full\phase19_full_bidir_mu_20260804_05
exportLLSOutputCoverageArtifacts:built_scheduler_decision runFolder=C:\Users\anup0\OneDrive\Documents\Simulator\6GR Simulator_v2_clean_main\results\lls\webgui_sinr_sweep_64x4_mu_mimo_full\phase19_full_bidir_mu_20260804_05
exportLLSOutputCoverageArtifacts:building_prb_allocation_heatmap runFolder=C:\Users\anup0\OneDrive\Documents\Simulator\6GR Simulator_v2_clean_main\results\lls\webgui_sinr_sweep_64x4_mu_mimo_full\phase19_full_bidir_mu_20260804_05
exportLLSOutputCoverageArtifacts:built_prb_allocation_heatmap runFolder=C:\Users\anup0\OneDrive\Documents\Simulator\6GR Simulator_v2_clean_main\results\lls\webgui_sinr_sweep_64x4_mu_mimo_full\phase19_full_bidir_mu_20260804_05
exportLLSOutputCoverageArtifacts:building_dl_resource_grid_heatmap runFolder=C:\Users\anup0\OneDrive\Documents\Simulator\6GR Simulator_v2_clean_main\results\lls\webgui_sinr_sweep_64x4_mu_mimo_full\phase19_full_bidir_mu_20260804_05
exportLLSOutputCoverageArtifacts:built_dl_resource_grid_heatmap runFolder=C:\Users\anup0\OneDrive\Documents\Simulator\6GR Simulator_v2_clean_main\results\lls\webgui_sinr_sweep_64x4_mu_mimo_full\phase19_full_bidir_mu_20260804_05
exportLLSOutputCoverageArtifacts:building_ul_resource_grid_heatmap runFolder=C:\Users\anup0\OneDrive\Documents\Simulator\6GR Simulator_v2_clean_main\results\lls\webgui_sinr_sweep_64x4_mu_mimo_full\phase19_full_bidir_mu_20260804_05
exportLLSOutputCoverageArtifacts:built_ul_resource_grid_heatmap runFolder=C:\Users\anup0\OneDrive\Documents\Simulator\6GR Simulator_v2_clean_main\results\lls\webgui_sinr_sweep_64x4_mu_mimo_full\phase19_full_bidir_mu_20260804_05
exportLLSOutputCoverageArtifacts:building_dl_transport_block runFolder=C:\Users\anup0\OneDrive\Documents\Simulator\6GR Simulator_v2_clean_main\results\lls\webgui_sinr_sweep_64x4_mu_mimo_full\phase19_full_bidir_mu_20260804_05
exportLLSOutputCoverageArtifacts:built_dl_transport_block runFolder=C:\Users\anup0\OneDrive\Documents\Simulator\6GR Simulator_v2_clean_main\results\lls\webgui_sinr_sweep_64x4_mu_mimo_full\phase19_full_bidir_mu_20260804_05
exportLLSOutputCoverageArtifacts:building_ul_transport_block runFolder=C:\Users\anup0\OneDrive\Documents\Simulator\6GR Simulator_v2_clean_main\results\lls\webgui_sinr_sweep_64x4_mu_mimo_full\phase19_full_bidir_mu_20260804_05
exportLLSOutputCoverageArtifacts:built_ul_transport_block runFolder=C:\Users\anup0\OneDrive\Documents\Simulator\6GR Simulator_v2_clean_main\results\lls\webgui_sinr_sweep_64x4_mu_mimo_full\phase19_full_bidir_mu_20260804_05
exportLLSOutputCoverageArtifacts:building_harq_process runFolder=C:\Users\anup0\OneDrive\Documents\Simulator\6GR Simulator_v2_clean_main\results\lls\webgui_sinr_sweep_64x4_mu_mimo_full\phase19_full_bidir_mu_20260804_05
exportLLSOutputCoverageArtifacts:built_harq_process runFolder=C:\Users\anup0\OneDrive\Documents\Simulator\6GR Simulator_v2_clean_main\results\lls\webgui_sinr_sweep_64x4_mu_mimo_full\phase19_full_bidir_mu_20260804_05
exportLLSOutputCoverageArtifacts:building_cqi_pmi_ri runFolder=C:\Users\anup0\OneDrive\Documents\Simulator\6GR Simulator_v2_clean_main\results\lls\webgui_sinr_sweep_64x4_mu_mimo_full\phase19_full_bidir_mu_20260804_05
exportLLSOutputCoverageArtifacts:built_cqi_pmi_ri runFolder=C:\Users\anup0\OneDrive\Documents\Simulator\6GR Simulator_v2_clean_main\results\lls\webgui_sinr_sweep_64x4_mu_mimo_full\phase19_full_bidir_mu_20260804_05
exportLLSOutputCoverageArtifacts:building_mcs_tbs_evolution runFolder=C:\Users\anup0\OneDrive\Documents\Simulator\6GR Simulator_v2_clean_main\results\lls\webgui_sinr_sweep_64x4_mu_mimo_full\phase19_full_bidir_mu_20260804_05
exportLLSOutputCoverageArtifacts:built_mcs_tbs_evolution runFolder=C:\Users\anup0\OneDrive\Documents\Simulator\6GR Simulator_v2_clean_main\results\lls\webgui_sinr_sweep_64x4_mu_mimo_full\phase19_full_bidir_mu_20260804_05
exportLLSOutputCoverageArtifacts:tables_scheduler_transport_built runFolder=C:\Users\anup0\OneDrive\Documents\Simulator\6GR Simulator_v2_clean_main\results\lls\webgui_sinr_sweep_64x4_mu_mimo_full\phase19_full_bidir_mu_20260804_05
exportLLSOutputCoverageArtifacts:tables_latency_energy_built runFolder=C:\Users\anup0\OneDrive\Documents\Simulator\6GR Simulator_v2_clean_main\results\lls\webgui_sinr_sweep_64x4_mu_mimo_full\phase19_full_bidir_mu_20260804_05
exportLLSOutputCoverageArtifacts:tables_root_cause_built runFolder=C:\Users\anup0\OneDrive\Documents\Simulator\6GR Simulator_v2_clean_main\results\lls\webgui_sinr_sweep_64x4_mu_mimo_full\phase19_full_bidir_mu_20260804_05
exportLLSOutputCoverageArtifacts:tables_control_built runFolder=C:\Users\anup0\OneDrive\Documents\Simulator\6GR Simulator_v2_clean_main\results\lls\webgui_sinr_sweep_64x4_mu_mimo_full\phase19_full_bidir_mu_20260804_05
exportLLSOutputCoverageArtifacts:tables_beam_timing_built runFolder=C:\Users\anup0\OneDrive\Documents\Simulator\6GR Simulator_v2_clean_main\results\lls\webgui_sinr_sweep_64x4_mu_mimo_full\phase19_full_bidir_mu_20260804_05
exportLLSOutputCoverageArtifacts:tables_prompt8_adequacy_built runFolder=C:\Users\anup0\OneDrive\Documents\Simulator\6GR Simulator_v2_clean_main\results\lls\webgui_sinr_sweep_64x4_mu_mimo_full\phase19_full_bidir_mu_20260804_05
exportLLSOutputCoverageArtifacts:tables_built runFolder=C:\Users\anup0\OneDrive\Documents\Simulator\6GR Simulator_v2_clean_main\results\lls\webgui_sinr_sweep_64x4_mu_mimo_full\phase19_full_bidir_mu_20260804_05
exportLLSOutputCoverageArtifacts:json_sidecar_suppressed:packet_flow/csv/table_scheduler_decision.csv:json_sidecar_suppressed_due_scale_guard_high_cardinality_runtime_table runFolder=C:\Users\anup0\OneDrive\Documents\Simulator\6GR Simulator_v2_clean_main\results\lls\webgui_sinr_sweep_64x4_mu_mimo_full\phase19_full_bidir_mu_20260804_05
exportLLSOutputCoverageArtifacts:json_sidecar_suppressed:packet_flow/csv/live_prb_allocation.csv:json_sidecar_suppressed_due_scale_guard_high_cardinality_runtime_table runFolder=C:\Users\anup0\OneDrive\Documents\Simulator\6GR Simulator_v2_clean_main\results\lls\webgui_sinr_sweep_64x4_mu_mimo_full\phase19_full_bidir_mu_20260804_05
exportLLSOutputCoverageArtifacts:json_sidecar_suppressed:reports/csv/live_re_allocation_snapshot.csv:json_sidecar_suppressed_due_scale_guard_high_cardinality_runtime_table runFolder=C:\Users\anup0\OneDrive\Documents\Simulator\6GR Simulator_v2_clean_main\results\lls\webgui_sinr_sweep_64x4_mu_mimo_full\phase19_full_bidir_mu_20260804_05
exportLLSOutputCoverageArtifacts:json_sidecar_suppressed:reports/csv/prb_allocation_heatmap.csv:json_sidecar_suppressed_due_scale_guard_high_cardinality_runtime_table runFolder=C:\Users\anup0\OneDrive\Documents\Simulator\6GR Simulator_v2_clean_main\results\lls\webgui_sinr_sweep_64x4_mu_mimo_full\phase19_full_bidir_mu_20260804_05
exportLLSOutputCoverageArtifacts:json_sidecar_suppressed:reports/csv/dl_resource_grid_heatmap.csv:json_sidecar_suppressed_due_scale_guard_high_cardinality_runtime_table runFolder=C:\Users\anup0\OneDrive\Documents\Simulator\6GR Simulator_v2_clean_main\results\lls\webgui_sinr_sweep_64x4_mu_mimo_full\phase19_full_bidir_mu_20260804_05
exportLLSOutputCoverageArtifacts:json_sidecar_suppressed:reports/csv/ul_resource_grid_heatmap.csv:json_sidecar_suppressed_due_scale_guard_high_cardinality_runtime_table runFolder=C:\Users\anup0\OneDrive\Documents\Simulator\6GR Simulator_v2_clean_main\results\lls\webgui_sinr_sweep_64x4_mu_mimo_full\phase19_full_bidir_mu_20260804_05
exportLLSOutputCoverageArtifacts:json_sidecar_suppressed:reports/csv/table_mcs_tbs_evolution.csv:json_sidecar_suppressed_due_scale_guard_high_cardinality_runtime_table runFolder=C:\Users\anup0\OneDrive\Documents\Simulator\6GR Simulator_v2_clean_main\results\lls\webgui_sinr_sweep_64x4_mu_mimo_full\phase19_full_bidir_mu_20260804_05
exportLLSOutputCoverageArtifacts:json_sidecar_suppressed:reports/csv/live_power_runtime_table.csv:json_sidecar_suppressed_due_scale_guard_high_cardinality_runtime_table runFolder=C:\Users\anup0\OneDrive\Documents\Simulator\6GR Simulator_v2_clean_main\results\lls\webgui_sinr_sweep_64x4_mu_mimo_full\phase19_full_bidir_mu_20260804_05
exportLLSOutputCoverageArtifacts:json_sidecar_suppressed:reports/csv/live_rf_power_table.csv:json_sidecar_suppressed_due_scale_guard_high_cardinality_runtime_table runFolder=C:\Users\anup0\OneDrive\Documents\Simulator\6GR Simulator_v2_clean_main\results\lls\webgui_sinr_sweep_64x4_mu_mimo_full\phase19_full_bidir_mu_20260804_05
exportLLSOutputCoverageArtifacts:json_sidecar_suppressed:control/csv/timing_synchronization_table.csv:json_sidecar_suppressed_due_scale_guard_high_cardinality_runtime_table runFolder=C:\Users\anup0\OneDrive\Documents\Simulator\6GR Simulator_v2_clean_main\results\lls\webgui_sinr_sweep_64x4_mu_mimo_full\phase19_full_bidir_mu_20260804_05
exportLLSOutputCoverageArtifacts:table_artifacts_written runFolder=C:\Users\anup0\OneDrive\Documents\Simulator\6GR Simulator_v2_clean_main\results\lls\webgui_sinr_sweep_64x4_mu_mimo_full\phase19_full_bidir_mu_20260804_05
exportLLSOutputCoverageArtifacts:writing_prb_heatmap runFolder=C:\Users\anup0\OneDrive\Documents\Simulator\6GR Simulator_v2_clean_main\results\lls\webgui_sinr_sweep_64x4_mu_mimo_full\phase19_full_bidir_mu_20260804_05
exportLLSOutputCoverageArtifacts:writing_power_energy_figure runFolder=C:\Users\anup0\OneDrive\Documents\Simulator\6GR Simulator_v2_clean_main\results\lls\webgui_sinr_sweep_64x4_mu_mimo_full\phase19_full_bidir_mu_20260804_05
exportLLSOutputCoverageArtifacts:figure_artifacts_written runFolder=C:\Users\anup0\OneDrive\Documents\Simulator\6GR Simulator_v2_clean_main\results\lls\webgui_sinr_sweep_64x4_mu_mimo_full\phase19_full_bidir_mu_20260804_05
exportLLSOutputCoverageArtifacts:coverage_registry_built runFolder=C:\Users\anup0\OneDrive\Documents\Simulator\6GR Simulator_v2_clean_main\results\lls\webgui_sinr_sweep_64x4_mu_mimo_full\phase19_full_bidir_mu_20260804_05
exportLLSOutputCoverageArtifacts:coverage_audits_built runFolder=C:\Users\anup0\OneDrive\Documents\Simulator\6GR Simulator_v2_clean_main\results\lls\webgui_sinr_sweep_64x4_mu_mimo_full\phase19_full_bidir_mu_20260804_05
exportLLSOutputCoverageArtifacts:coverage_tables_written runFolder=C:\Users\anup0\OneDrive\Documents\Simulator\6GR Simulator_v2_clean_main\results\lls\webgui_sinr_sweep_64x4_mu_mimo_full\phase19_full_bidir_mu_20260804_05
exportLLSOutputCoverageArtifacts:measurement_sidecars_written runFolder=C:\Users\anup0\OneDrive\Documents\Simulator\6GR Simulator_v2_clean_main\results\lls\webgui_sinr_sweep_64x4_mu_mimo_full\phase19_full_bidir_mu_20260804_05
exportLLSOutputCoverageArtifacts:live_stage_control_counts_reconciled runFolder=C:\Users\anup0\OneDrive\Documents\Simulator\6GR Simulator_v2_clean_main\results\lls\webgui_sinr_sweep_64x4_mu_mimo_full\phase19_full_bidir_mu_20260804_05
exportLLSOutputCoverageArtifacts:publication_readiness_refreshed runFolder=C:\Users\anup0\OneDrive\Documents\Simulator\6GR Simulator_v2_clean_main\results\lls\webgui_sinr_sweep_64x4_mu_mimo_full\phase19_full_bidir_mu_20260804_05
exportLLSOutputCoverageArtifacts:inventory_written runFolder=C:\Users\anup0\OneDrive\Documents\Simulator\6GR Simulator_v2_clean_main\results\lls\webgui_sinr_sweep_64x4_mu_mimo_full\phase19_full_bidir_mu_20260804_05
exportLLSOutputCoverageArtifacts:done runFolder=C:\Users\anup0\OneDrive\Documents\Simulator\6GR Simulator_v2_clean_main\results\lls\webgui_sinr_sweep_64x4_mu_mimo_full\phase19_full_bidir_mu_20260804_05
[2026-08-04T12:10:59Z] INFO Refreshing config-ownership artifacts after final runtime/report exports.
[2026-08-04T12:17:25Z] INFO Runtime truth contract re-evaluated after final artifact exports: ok=0 roundtripMismatch=0 evidenceMissing=3 strictFailures=4
[2026-08-04T12:17:25Z] INFO Rewriting scenario summary CSV with final artifact truth-gated status.
[2026-08-04T12:17:27Z] INFO Rewriting scenario manifest with final artifact truth-gated status.
[2026-08-04T12:17:27Z] INFO Writing artifact manifest.
[2026-08-04T12:17:28Z] INFO Writing scenario markdown report.
[2026-08-04T12:17:28Z] INFO Materializing canonical browser contract artifacts for the completed run.
[2026-08-04T12:17:28Z] WARN Browser contract artifact materialization did not complete: artifact_store_inactive | MySQL artifact store is inactive, so browser contract materialization was skipped.
[2026-08-04T12:17:28Z] INFO Publishing component artifact views: enabled=1 required=1.
[2026-08-04T12:17:55Z] INFO Component artifact views published: files=755 componentsWithoutEvidence=1 skippedLegacySVG=0 manifest=reports/csv/component_artifact_publication_manifest.csv
[2026-08-04T12:17:55Z] INFO Refreshing artifact manifest after component view publication.
[2026-08-04T12:17:56Z] INFO Required final artifacts published; marking terminal run status before optional artifacts.
[2026-08-04T12:17:56Z] INFO Writing MAT result bundle.
[2026-08-04T12:18:42Z] INFO Pruning empty result directories.
[2026-08-04T12:18:43Z] INFO Finalizing component artifact views after all canonical report and profiler writes.
[2026-08-04T12:19:16Z] WARN Run completed with truth/status failures in 6344.222 seconds: requiredFailures=8 strictTruthFailures=4
PHASE19_RUN_OK=0\n
