kind,section_slug,section_title,domain,record_kind,name,route,mysql_view_name,logical_path,required_columns,mandatory_context_columns,lineage,formula,metric_unit,valid_sample_count_required,missing_sample_count_required,default_status,smoke_visible_default,placeholder_flag_default,fallback_flag_default,reference_smoke_runtime_status,reference_smoke_match_count,reference_smoke_implemented_count,reference_smoke_partial_count,reference_smoke_unavailable_count,reference_smoke_blocked_count,reference_smoke_output_examples,reference_smoke_artifact_examples,canonical_gap_classification
reports,run-trial-scenario-overview,Run / Trial / Scenario Overview,run_overview,table,live_run_overview,/reports/run-trial-scenario-overview/tables/live_run_overview,live_run_overview_v,reports/csv/live_run_overview.csv,direction;ue_id;bs_id;sfn;slot;symbol;run_id;trial_id;run_uuid;run_tag;scenario_id;timestamp_utc;data_origin;status;value_role;value_source;value_status;finalized_flag;partial_row_flag;fallback_flag;placeholder_flag;config_only_flag;cell_id;sector_id;site_id;trp_id;link_id;carrier_id;bwp_id;numerology;scs_khz;bandwidth_hz;center_frequency_hz;duplex_mode;beam_id;layer_id;codeword_id;harq_process_id;rv;channel_name;signal_name;block_name;function_name;stage_name;metric_name;metric_value;metric_unit;artifact_id;git_sha;build_id;config_hash;seed;source_system;source_db;source_schema;source_table;source_pk;na_reason;runner_profile;run_completion;result_ok;partial_ok;status_authority;required_case_count;required_failure_count;optional_pruned_count;failing_case_count;active_ue_count;bs_count;cell_count;link_count;observed_row_count;derived_row_count;config_only_row_count;placeholder_row_count;truth_violation_count;fallback_event_count;warning_count;error_count;last_write_timestamp_utc,direction;ue_id;bs_id;sfn;slot;symbol,required,runtime truth fact table,table_defined,false,false,unavailable_until_canonical_artifact_or_db_view_exists,false,false,false,runtime_evidence_present_noncanonical,19,8,4,6,1,output_coverage_registry;output_completeness_table;instrumentation_coverage_table;api_exposure_audit_table;persistence_audit_table,reports/csv/output_coverage_registry.csv;reports/csv/output_coverage_registry.csv;reports/csv/output_coverage_registry.csv;reports/csv/output_coverage_registry.csv;reports/csv/output_coverage_registry.csv,canonical_live_table_or_view_missing_but_runtime_evidence_present
reports,run-trial-scenario-overview,Run / Trial / Scenario Overview,run_overview,table,live_trial_overview,/reports/run-trial-scenario-overview/tables/live_trial_overview,live_trial_overview_v,reports/csv/live_trial_overview.csv,direction;ue_id;bs_id;sfn;slot;symbol;run_id;trial_id;run_uuid;run_tag;scenario_id;timestamp_utc;data_origin;status;value_role;value_source;value_status;finalized_flag;partial_row_flag;fallback_flag;placeholder_flag;config_only_flag;cell_id;sector_id;site_id;trp_id;link_id;carrier_id;bwp_id;numerology;scs_khz;bandwidth_hz;center_frequency_hz;duplex_mode;beam_id;layer_id;codeword_id;harq_process_id;rv;channel_name;signal_name;block_name;function_name;stage_name;metric_name;metric_value;metric_unit;artifact_id;git_sha;build_id;config_hash;seed;source_system;source_db;source_schema;source_table;source_pk;na_reason;runner_profile;run_completion;result_ok;partial_ok;status_authority;required_case_count;required_failure_count;optional_pruned_count;failing_case_count;active_ue_count;bs_count;cell_count;link_count;observed_row_count;derived_row_count;config_only_row_count;placeholder_row_count;truth_violation_count;fallback_event_count;warning_count;error_count;last_write_timestamp_utc,direction;ue_id;bs_id;sfn;slot;symbol,required,runtime truth fact table,table_defined,false,false,unavailable_until_canonical_artifact_or_db_view_exists,false,false,false,runtime_evidence_present_noncanonical,19,8,4,6,1,output_coverage_registry;output_completeness_table;instrumentation_coverage_table;api_exposure_audit_table;persistence_audit_table,reports/csv/output_coverage_registry.csv;reports/csv/output_coverage_registry.csv;reports/csv/output_coverage_registry.csv;reports/csv/output_coverage_registry.csv;reports/csv/output_coverage_registry.csv,canonical_live_table_or_view_missing_but_runtime_evidence_present
reports,run-trial-scenario-overview,Run / Trial / Scenario Overview,run_overview,table,live_scenario_overview,/reports/run-trial-scenario-overview/tables/live_scenario_overview,live_scenario_overview_v,reports/csv/live_scenario_overview.csv,direction;ue_id;bs_id;sfn;slot;symbol;run_id;trial_id;run_uuid;run_tag;scenario_id;timestamp_utc;data_origin;status;value_role;value_source;value_status;finalized_flag;partial_row_flag;fallback_flag;placeholder_flag;config_only_flag;cell_id;sector_id;site_id;trp_id;link_id;carrier_id;bwp_id;numerology;scs_khz;bandwidth_hz;center_frequency_hz;duplex_mode;beam_id;layer_id;codeword_id;harq_process_id;rv;channel_name;signal_name;block_name;function_name;stage_name;metric_name;metric_value;metric_unit;artifact_id;git_sha;build_id;config_hash;seed;source_system;source_db;source_schema;source_table;source_pk;na_reason;runner_profile;run_completion;result_ok;partial_ok;status_authority;required_case_count;required_failure_count;optional_pruned_count;failing_case_count;active_ue_count;bs_count;cell_count;link_count;observed_row_count;derived_row_count;config_only_row_count;placeholder_row_count;truth_violation_count;fallback_event_count;warning_count;error_count;last_write_timestamp_utc,direction;ue_id;bs_id;sfn;slot;symbol,required,runtime truth fact table,table_defined,false,false,unavailable_until_canonical_artifact_or_db_view_exists,false,false,false,runtime_evidence_present_noncanonical,19,8,4,6,1,output_coverage_registry;output_completeness_table;instrumentation_coverage_table;api_exposure_audit_table;persistence_audit_table,reports/csv/output_coverage_registry.csv;reports/csv/output_coverage_registry.csv;reports/csv/output_coverage_registry.csv;reports/csv/output_coverage_registry.csv;reports/csv/output_coverage_registry.csv,canonical_live_table_or_view_missing_but_runtime_evidence_present
reports,run-trial-scenario-overview,Run / Trial / Scenario Overview,run_overview,table,live_case_status,/reports/run-trial-scenario-overview/tables/live_case_status,live_case_status_v,reports/csv/live_case_status.csv,direction;ue_id;bs_id;sfn;slot;symbol;run_id;trial_id;run_uuid;run_tag;scenario_id;timestamp_utc;data_origin;status;value_role;value_source;value_status;finalized_flag;partial_row_flag;fallback_flag;placeholder_flag;config_only_flag;cell_id;sector_id;site_id;trp_id;link_id;carrier_id;bwp_id;numerology;scs_khz;bandwidth_hz;center_frequency_hz;duplex_mode;beam_id;layer_id;codeword_id;harq_process_id;rv;channel_name;signal_name;block_name;function_name;stage_name;metric_name;metric_value;metric_unit;artifact_id;git_sha;build_id;config_hash;seed;source_system;source_db;source_schema;source_table;source_pk;na_reason;runner_profile;run_completion;result_ok;partial_ok;status_authority;required_case_count;required_failure_count;optional_pruned_count;failing_case_count;active_ue_count;bs_count;cell_count;link_count;observed_row_count;derived_row_count;config_only_row_count;placeholder_row_count;truth_violation_count;fallback_event_count;warning_count;error_count;last_write_timestamp_utc,direction;ue_id;bs_id;sfn;slot;symbol,required,runtime truth fact table,table_defined,false,false,unavailable_until_canonical_artifact_or_db_view_exists,false,false,false,runtime_evidence_present_noncanonical,19,8,4,6,1,output_coverage_registry;output_completeness_table;instrumentation_coverage_table;api_exposure_audit_table;persistence_audit_table,reports/csv/output_coverage_registry.csv;reports/csv/output_coverage_registry.csv;reports/csv/output_coverage_registry.csv;reports/csv/output_coverage_registry.csv;reports/csv/output_coverage_registry.csv,canonical_live_table_or_view_missing_but_runtime_evidence_present
reports,run-trial-scenario-overview,Run / Trial / Scenario Overview,run_overview,table,live_required_vs_optional_case_status,/reports/run-trial-scenario-overview/tables/live_required_vs_optional_case_status,live_required_vs_optional_case_status_v,reports/csv/live_required_vs_optional_case_status.csv,direction;ue_id;bs_id;sfn;slot;symbol;run_id;trial_id;run_uuid;run_tag;scenario_id;timestamp_utc;data_origin;status;value_role;value_source;value_status;finalized_flag;partial_row_flag;fallback_flag;placeholder_flag;config_only_flag;cell_id;sector_id;site_id;trp_id;link_id;carrier_id;bwp_id;numerology;scs_khz;bandwidth_hz;center_frequency_hz;duplex_mode;beam_id;layer_id;codeword_id;harq_process_id;rv;channel_name;signal_name;block_name;function_name;stage_name;metric_name;metric_value;metric_unit;artifact_id;git_sha;build_id;config_hash;seed;source_system;source_db;source_schema;source_table;source_pk;na_reason;runner_profile;run_completion;result_ok;partial_ok;status_authority;required_case_count;required_failure_count;optional_pruned_count;failing_case_count;active_ue_count;bs_count;cell_count;link_count;observed_row_count;derived_row_count;config_only_row_count;placeholder_row_count;truth_violation_count;fallback_event_count;warning_count;error_count;last_write_timestamp_utc,direction;ue_id;bs_id;sfn;slot;symbol,required,runtime truth fact table,table_defined,false,false,unavailable_until_canonical_artifact_or_db_view_exists,false,false,false,runtime_evidence_present_noncanonical,19,8,4,6,1,output_coverage_registry;output_completeness_table;instrumentation_coverage_table;api_exposure_audit_table;persistence_audit_table,reports/csv/output_coverage_registry.csv;reports/csv/output_coverage_registry.csv;reports/csv/output_coverage_registry.csv;reports/csv/output_coverage_registry.csv;reports/csv/output_coverage_registry.csv,canonical_live_table_or_view_missing_but_runtime_evidence_present
reports,run-trial-scenario-overview,Run / Trial / Scenario Overview,run_overview,table,live_truth_policy_status,/reports/run-trial-scenario-overview/tables/live_truth_policy_status,live_truth_policy_status_v,reports/csv/live_truth_policy_status.csv,direction;ue_id;bs_id;sfn;slot;symbol;run_id;trial_id;run_uuid;run_tag;scenario_id;timestamp_utc;data_origin;status;value_role;value_source;value_status;finalized_flag;partial_row_flag;fallback_flag;placeholder_flag;config_only_flag;cell_id;sector_id;site_id;trp_id;link_id;carrier_id;bwp_id;numerology;scs_khz;bandwidth_hz;center_frequency_hz;duplex_mode;beam_id;layer_id;codeword_id;harq_process_id;rv;channel_name;signal_name;block_name;function_name;stage_name;metric_name;metric_value;metric_unit;artifact_id;git_sha;build_id;config_hash;seed;source_system;source_db;source_schema;source_table;source_pk;na_reason;runner_profile;run_completion;result_ok;partial_ok;status_authority;required_case_count;required_failure_count;optional_pruned_count;failing_case_count;active_ue_count;bs_count;cell_count;link_count;observed_row_count;derived_row_count;config_only_row_count;placeholder_row_count;truth_violation_count;fallback_event_count;warning_count;error_count;last_write_timestamp_utc,direction;ue_id;bs_id;sfn;slot;symbol,required,runtime truth fact table,table_defined,false,false,unavailable_until_canonical_artifact_or_db_view_exists,false,false,false,runtime_evidence_present_noncanonical,19,8,4,6,1,output_coverage_registry;output_completeness_table;instrumentation_coverage_table;api_exposure_audit_table;persistence_audit_table,reports/csv/output_coverage_registry.csv;reports/csv/output_coverage_registry.csv;reports/csv/output_coverage_registry.csv;reports/csv/output_coverage_registry.csv;reports/csv/output_coverage_registry.csv,canonical_live_table_or_view_missing_but_runtime_evidence_present
reports,scenario-geometry-topology-layout,Scenario / Geometry / Topology / Layout,geometry,table,live_site_table,/reports/scenario-geometry-topology-layout/tables/live_site_table,live_site_table_v,reports/csv/live_site_table.csv,direction;ue_id;bs_id;sfn;slot;symbol;run_id;trial_id;run_uuid;run_tag;scenario_id;timestamp_utc;data_origin;status;value_role;value_source;value_status;finalized_flag;partial_row_flag;fallback_flag;placeholder_flag;config_only_flag;cell_id;sector_id;site_id;trp_id;link_id;carrier_id;bwp_id;numerology;scs_khz;bandwidth_hz;center_frequency_hz;duplex_mode;beam_id;layer_id;codeword_id;harq_process_id;rv;channel_name;signal_name;block_name;function_name;stage_name;metric_name;metric_value;metric_unit;artifact_id;git_sha;build_id;config_hash;seed;source_system;source_db;source_schema;source_table;source_pk;na_reason;SiteID;SectorID;TRPID;x_m;y_m;z_m;lat;lon;CoordinateMode;MapAnchorLabel;indoor_flag;o2i_flag;los_flag;serving_site;serving_sector;serving_cell_id;candidate_cell_id;candidate_rank;distance_m;azimuth_deg;elevation_deg;aoa_deg;aod_deg;path_id;path_group_id;geometry_epoch;coverage_score;geometry_source_lineage,direction;ue_id;bs_id;sfn;slot;symbol,required,runtime truth fact table,table_defined,false,false,unavailable_until_canonical_artifact_or_db_view_exists,false,false,false,runtime_evidence_present_noncanonical,11,2,2,6,1,table_scenario_topology;scenario_consistency_check_table,reports/csv/output_coverage_registry.csv;reports/csv/output_coverage_registry.csv,canonical_live_table_or_view_missing_but_runtime_evidence_present
reports,scenario-geometry-topology-layout,Scenario / Geometry / Topology / Layout,geometry,table,live_sector_table,/reports/scenario-geometry-topology-layout/tables/live_sector_table,live_sector_table_v,reports/csv/live_sector_table.csv,direction;ue_id;bs_id;sfn;slot;symbol;run_id;trial_id;run_uuid;run_tag;scenario_id;timestamp_utc;data_origin;status;value_role;value_source;value_status;finalized_flag;partial_row_flag;fallback_flag;placeholder_flag;config_only_flag;cell_id;sector_id;site_id;trp_id;link_id;carrier_id;bwp_id;numerology;scs_khz;bandwidth_hz;center_frequency_hz;duplex_mode;beam_id;layer_id;codeword_id;harq_process_id;rv;channel_name;signal_name;block_name;function_name;stage_name;metric_name;metric_value;metric_unit;artifact_id;git_sha;build_id;config_hash;seed;source_system;source_db;source_schema;source_table;source_pk;na_reason;SiteID;SectorID;TRPID;x_m;y_m;z_m;lat;lon;CoordinateMode;MapAnchorLabel;indoor_flag;o2i_flag;los_flag;serving_site;serving_sector;serving_cell_id;candidate_cell_id;candidate_rank;distance_m;azimuth_deg;elevation_deg;aoa_deg;aod_deg;path_id;path_group_id;geometry_epoch;coverage_score;geometry_source_lineage,direction;ue_id;bs_id;sfn;slot;symbol,required,runtime truth fact table,table_defined,false,false,unavailable_until_canonical_artifact_or_db_view_exists,false,false,false,runtime_evidence_present_noncanonical,11,2,2,6,1,table_scenario_topology;scenario_consistency_check_table,reports/csv/output_coverage_registry.csv;reports/csv/output_coverage_registry.csv,canonical_live_table_or_view_missing_but_runtime_evidence_present
reports,scenario-geometry-topology-layout,Scenario / Geometry / Topology / Layout,geometry,table,live_trp_table,/reports/scenario-geometry-topology-layout/tables/live_trp_table,live_trp_table_v,reports/csv/live_trp_table.csv,direction;ue_id;bs_id;sfn;slot;symbol;run_id;trial_id;run_uuid;run_tag;scenario_id;timestamp_utc;data_origin;status;value_role;value_source;value_status;finalized_flag;partial_row_flag;fallback_flag;placeholder_flag;config_only_flag;cell_id;sector_id;site_id;trp_id;link_id;carrier_id;bwp_id;numerology;scs_khz;bandwidth_hz;center_frequency_hz;duplex_mode;beam_id;layer_id;codeword_id;harq_process_id;rv;channel_name;signal_name;block_name;function_name;stage_name;metric_name;metric_value;metric_unit;artifact_id;git_sha;build_id;config_hash;seed;source_system;source_db;source_schema;source_table;source_pk;na_reason;SiteID;SectorID;TRPID;x_m;y_m;z_m;lat;lon;CoordinateMode;MapAnchorLabel;indoor_flag;o2i_flag;los_flag;serving_site;serving_sector;serving_cell_id;candidate_cell_id;candidate_rank;distance_m;azimuth_deg;elevation_deg;aoa_deg;aod_deg;path_id;path_group_id;geometry_epoch;coverage_score;geometry_source_lineage,direction;ue_id;bs_id;sfn;slot;symbol,required,runtime truth fact table,table_defined,false,false,unavailable_until_canonical_artifact_or_db_view_exists,false,false,false,runtime_evidence_present_noncanonical,11,2,2,6,1,table_scenario_topology;scenario_consistency_check_table,reports/csv/output_coverage_registry.csv;reports/csv/output_coverage_registry.csv,canonical_live_table_or_view_missing_but_runtime_evidence_present
reports,scenario-geometry-topology-layout,Scenario / Geometry / Topology / Layout,geometry,table,live_cell_table,/reports/scenario-geometry-topology-layout/tables/live_cell_table,live_cell_table_v,reports/csv/live_cell_table.csv,direction;ue_id;bs_id;sfn;slot;symbol;run_id;trial_id;run_uuid;run_tag;scenario_id;timestamp_utc;data_origin;status;value_role;value_source;value_status;finalized_flag;partial_row_flag;fallback_flag;placeholder_flag;config_only_flag;cell_id;sector_id;site_id;trp_id;link_id;carrier_id;bwp_id;numerology;scs_khz;bandwidth_hz;center_frequency_hz;duplex_mode;beam_id;layer_id;codeword_id;harq_process_id;rv;channel_name;signal_name;block_name;function_name;stage_name;metric_name;metric_value;metric_unit;artifact_id;git_sha;build_id;config_hash;seed;source_system;source_db;source_schema;source_table;source_pk;na_reason;SiteID;SectorID;TRPID;x_m;y_m;z_m;lat;lon;CoordinateMode;MapAnchorLabel;indoor_flag;o2i_flag;los_flag;serving_site;serving_sector;serving_cell_id;candidate_cell_id;candidate_rank;distance_m;azimuth_deg;elevation_deg;aoa_deg;aod_deg;path_id;path_group_id;geometry_epoch;coverage_score;geometry_source_lineage,direction;ue_id;bs_id;sfn;slot;symbol,required,runtime truth fact table,table_defined,false,false,unavailable_until_canonical_artifact_or_db_view_exists,false,false,false,runtime_evidence_present_noncanonical,11,2,2,6,1,table_scenario_topology;scenario_consistency_check_table,reports/csv/output_coverage_registry.csv;reports/csv/output_coverage_registry.csv,canonical_live_table_or_view_missing_but_runtime_evidence_present
reports,scenario-geometry-topology-layout,Scenario / Geometry / Topology / Layout,geometry,table,live_ue_table,/reports/scenario-geometry-topology-layout/tables/live_ue_table,live_ue_table_v,reports/csv/live_ue_table.csv,direction;ue_id;bs_id;sfn;slot;symbol;run_id;trial_id;run_uuid;run_tag;scenario_id;timestamp_utc;data_origin;status;value_role;value_source;value_status;finalized_flag;partial_row_flag;fallback_flag;placeholder_flag;config_only_flag;cell_id;sector_id;site_id;trp_id;link_id;carrier_id;bwp_id;numerology;scs_khz;bandwidth_hz;center_frequency_hz;duplex_mode;beam_id;layer_id;codeword_id;harq_process_id;rv;channel_name;signal_name;block_name;function_name;stage_name;metric_name;metric_value;metric_unit;artifact_id;git_sha;build_id;config_hash;seed;source_system;source_db;source_schema;source_table;source_pk;na_reason;SiteID;SectorID;TRPID;x_m;y_m;z_m;lat;lon;CoordinateMode;MapAnchorLabel;indoor_flag;o2i_flag;los_flag;serving_site;serving_sector;serving_cell_id;candidate_cell_id;candidate_rank;distance_m;azimuth_deg;elevation_deg;aoa_deg;aod_deg;path_id;path_group_id;geometry_epoch;coverage_score;geometry_source_lineage,direction;ue_id;bs_id;sfn;slot;symbol,required,runtime truth fact table,table_defined,false,false,unavailable_until_canonical_artifact_or_db_view_exists,false,false,false,runtime_evidence_present_noncanonical,11,2,2,6,1,table_scenario_topology;scenario_consistency_check_table,reports/csv/output_coverage_registry.csv;reports/csv/output_coverage_registry.csv,canonical_live_table_or_view_missing_but_runtime_evidence_present
reports,scenario-geometry-topology-layout,Scenario / Geometry / Topology / Layout,geometry,table,live_link_table,/reports/scenario-geometry-topology-layout/tables/live_link_table,live_link_table_v,reports/csv/live_link_table.csv,direction;ue_id;bs_id;sfn;slot;symbol;run_id;trial_id;run_uuid;run_tag;scenario_id;timestamp_utc;data_origin;status;value_role;value_source;value_status;finalized_flag;partial_row_flag;fallback_flag;placeholder_flag;config_only_flag;cell_id;sector_id;site_id;trp_id;link_id;carrier_id;bwp_id;numerology;scs_khz;bandwidth_hz;center_frequency_hz;duplex_mode;beam_id;layer_id;codeword_id;harq_process_id;rv;channel_name;signal_name;block_name;function_name;stage_name;metric_name;metric_value;metric_unit;artifact_id;git_sha;build_id;config_hash;seed;source_system;source_db;source_schema;source_table;source_pk;na_reason;SiteID;SectorID;TRPID;x_m;y_m;z_m;lat;lon;CoordinateMode;MapAnchorLabel;indoor_flag;o2i_flag;los_flag;serving_site;serving_sector;serving_cell_id;candidate_cell_id;candidate_rank;distance_m;azimuth_deg;elevation_deg;aoa_deg;aod_deg;path_id;path_group_id;geometry_epoch;coverage_score;geometry_source_lineage,direction;ue_id;bs_id;sfn;slot;symbol,required,runtime truth fact table,table_defined,false,false,unavailable_until_canonical_artifact_or_db_view_exists,false,false,false,runtime_evidence_present_noncanonical,11,2,2,6,1,table_scenario_topology;scenario_consistency_check_table,reports/csv/output_coverage_registry.csv;reports/csv/output_coverage_registry.csv,canonical_live_table_or_view_missing_but_runtime_evidence_present
reports,scenario-geometry-topology-layout,Scenario / Geometry / Topology / Layout,geometry,table,live_path_geometry_table,/reports/scenario-geometry-topology-layout/tables/live_path_geometry_table,live_path_geometry_table_v,reports/csv/live_path_geometry_table.csv,direction;ue_id;bs_id;sfn;slot;symbol;run_id;trial_id;run_uuid;run_tag;scenario_id;timestamp_utc;data_origin;status;value_role;value_source;value_status;finalized_flag;partial_row_flag;fallback_flag;placeholder_flag;config_only_flag;cell_id;sector_id;site_id;trp_id;link_id;carrier_id;bwp_id;numerology;scs_khz;bandwidth_hz;center_frequency_hz;duplex_mode;beam_id;layer_id;codeword_id;harq_process_id;rv;channel_name;signal_name;block_name;function_name;stage_name;metric_name;metric_value;metric_unit;artifact_id;git_sha;build_id;config_hash;seed;source_system;source_db;source_schema;source_table;source_pk;na_reason;SiteID;SectorID;TRPID;x_m;y_m;z_m;lat;lon;CoordinateMode;MapAnchorLabel;indoor_flag;o2i_flag;los_flag;serving_site;serving_sector;serving_cell_id;candidate_cell_id;candidate_rank;distance_m;azimuth_deg;elevation_deg;aoa_deg;aod_deg;path_id;path_group_id;geometry_epoch;coverage_score;geometry_source_lineage,direction;ue_id;bs_id;sfn;slot;symbol,required,runtime truth fact table,table_defined,false,false,unavailable_until_canonical_artifact_or_db_view_exists,false,false,false,runtime_evidence_present_noncanonical,11,2,2,6,1,table_scenario_topology;scenario_consistency_check_table,reports/csv/output_coverage_registry.csv;reports/csv/output_coverage_registry.csv,canonical_live_table_or_view_missing_but_runtime_evidence_present
reports,scenario-geometry-topology-layout,Scenario / Geometry / Topology / Layout,geometry,table,live_candidate_cell_table,/reports/scenario-geometry-topology-layout/tables/live_candidate_cell_table,live_candidate_cell_table_v,reports/csv/live_candidate_cell_table.csv,direction;ue_id;bs_id;sfn;slot;symbol;run_id;trial_id;run_uuid;run_tag;scenario_id;timestamp_utc;data_origin;status;value_role;value_source;value_status;finalized_flag;partial_row_flag;fallback_flag;placeholder_flag;config_only_flag;cell_id;sector_id;site_id;trp_id;link_id;carrier_id;bwp_id;numerology;scs_khz;bandwidth_hz;center_frequency_hz;duplex_mode;beam_id;layer_id;codeword_id;harq_process_id;rv;channel_name;signal_name;block_name;function_name;stage_name;metric_name;metric_value;metric_unit;artifact_id;git_sha;build_id;config_hash;seed;source_system;source_db;source_schema;source_table;source_pk;na_reason;SiteID;SectorID;TRPID;x_m;y_m;z_m;lat;lon;CoordinateMode;MapAnchorLabel;indoor_flag;o2i_flag;los_flag;serving_site;serving_sector;serving_cell_id;candidate_cell_id;candidate_rank;distance_m;azimuth_deg;elevation_deg;aoa_deg;aod_deg;path_id;path_group_id;geometry_epoch;coverage_score;geometry_source_lineage,direction;ue_id;bs_id;sfn;slot;symbol,required,runtime truth fact table,table_defined,false,false,unavailable_until_canonical_artifact_or_db_view_exists,false,false,false,runtime_evidence_present_noncanonical,11,2,2,6,1,table_scenario_topology;scenario_consistency_check_table,reports/csv/output_coverage_registry.csv;reports/csv/output_coverage_registry.csv,canonical_live_table_or_view_missing_but_runtime_evidence_present
reports,mobility-access-cell-selection-reselection-handover,Mobility / Access / Cell Selection / Reselection / Handover,mobility,table,live_mobility_state,/reports/mobility-access-cell-selection-reselection-handover/tables/live_mobility_state,live_mobility_state_v,reports/csv/live_mobility_state.csv,direction;ue_id;bs_id;sfn;slot;symbol;run_id;trial_id;run_uuid;run_tag;scenario_id;timestamp_utc;data_origin;status;value_role;value_source;value_status;finalized_flag;partial_row_flag;fallback_flag;placeholder_flag;config_only_flag;cell_id;sector_id;site_id;trp_id;link_id;carrier_id;bwp_id;numerology;scs_khz;bandwidth_hz;center_frequency_hz;duplex_mode;beam_id;layer_id;codeword_id;harq_process_id;rv;channel_name;signal_name;block_name;function_name;stage_name;metric_name;metric_value;metric_unit;artifact_id;git_sha;build_id;config_hash;seed;source_system;source_db;source_schema;source_table;source_pk;na_reason;serving_cell_id;selected_beam_id;speed_mps;speed_kmh;heading_deg;acceleration_mps2;trajectory_id;waypoint_id;DopplerHz;DopplerSourceMode;DopplerValueRole;EstimatedDopplerHz;DopplerError_Hz;event_a1_flag;event_a2_flag;event_a3_flag;event_a4_flag;event_a5_flag;hysteresis_db;time_to_trigger_ms;handover_candidate_flag;selection_metric;reselection_metric;state_before;state_after;action_taken;reason;AccessState;CellAcquisitionState;control_gating_state,direction;ue_id;bs_id;sfn;slot;symbol,required,runtime truth fact table,table_defined,false,false,unavailable_until_canonical_artifact_or_db_view_exists,false,false,false,runtime_evidence_present_noncanonical,5,3,1,1,0,timing_synchronization_table;anomaly_window_table;cross_layer_correlation_table,reports/csv/output_coverage_registry.csv;reports/csv/output_coverage_registry.csv;reports/csv/output_coverage_registry.csv,canonical_live_table_or_view_missing_but_runtime_evidence_present
reports,mobility-access-cell-selection-reselection-handover,Mobility / Access / Cell Selection / Reselection / Handover,mobility,table,live_measurement_filter_state,/reports/mobility-access-cell-selection-reselection-handover/tables/live_measurement_filter_state,live_measurement_filter_state_v,reports/csv/live_measurement_filter_state.csv,direction;ue_id;bs_id;sfn;slot;symbol;run_id;trial_id;run_uuid;run_tag;scenario_id;timestamp_utc;data_origin;status;value_role;value_source;value_status;finalized_flag;partial_row_flag;fallback_flag;placeholder_flag;config_only_flag;cell_id;sector_id;site_id;trp_id;link_id;carrier_id;bwp_id;numerology;scs_khz;bandwidth_hz;center_frequency_hz;duplex_mode;beam_id;layer_id;codeword_id;harq_process_id;rv;channel_name;signal_name;block_name;function_name;stage_name;metric_name;metric_value;metric_unit;artifact_id;git_sha;build_id;config_hash;seed;source_system;source_db;source_schema;source_table;source_pk;na_reason;serving_cell_id;selected_beam_id;speed_mps;speed_kmh;heading_deg;acceleration_mps2;trajectory_id;waypoint_id;DopplerHz;DopplerSourceMode;DopplerValueRole;EstimatedDopplerHz;DopplerError_Hz;event_a1_flag;event_a2_flag;event_a3_flag;event_a4_flag;event_a5_flag;hysteresis_db;time_to_trigger_ms;handover_candidate_flag;selection_metric;reselection_metric;state_before;state_after;action_taken;reason;AccessState;CellAcquisitionState;control_gating_state,direction;ue_id;bs_id;sfn;slot;symbol,required,runtime truth fact table,table_defined,false,false,unavailable_until_canonical_artifact_or_db_view_exists,false,false,false,runtime_evidence_present_noncanonical,5,3,1,1,0,timing_synchronization_table;anomaly_window_table;cross_layer_correlation_table,reports/csv/output_coverage_registry.csv;reports/csv/output_coverage_registry.csv;reports/csv/output_coverage_registry.csv,canonical_live_table_or_view_missing_but_runtime_evidence_present
reports,mobility-access-cell-selection-reselection-handover,Mobility / Access / Cell Selection / Reselection / Handover,mobility,table,live_selection_state,/reports/mobility-access-cell-selection-reselection-handover/tables/live_selection_state,live_selection_state_v,reports/csv/live_selection_state.csv,direction;ue_id;bs_id;sfn;slot;symbol;run_id;trial_id;run_uuid;run_tag;scenario_id;timestamp_utc;data_origin;status;value_role;value_source;value_status;finalized_flag;partial_row_flag;fallback_flag;placeholder_flag;config_only_flag;cell_id;sector_id;site_id;trp_id;link_id;carrier_id;bwp_id;numerology;scs_khz;bandwidth_hz;center_frequency_hz;duplex_mode;beam_id;layer_id;codeword_id;harq_process_id;rv;channel_name;signal_name;block_name;function_name;stage_name;metric_name;metric_value;metric_unit;artifact_id;git_sha;build_id;config_hash;seed;source_system;source_db;source_schema;source_table;source_pk;na_reason;serving_cell_id;selected_beam_id;speed_mps;speed_kmh;heading_deg;acceleration_mps2;trajectory_id;waypoint_id;DopplerHz;DopplerSourceMode;DopplerValueRole;EstimatedDopplerHz;DopplerError_Hz;event_a1_flag;event_a2_flag;event_a3_flag;event_a4_flag;event_a5_flag;hysteresis_db;time_to_trigger_ms;handover_candidate_flag;selection_metric;reselection_metric;state_before;state_after;action_taken;reason;AccessState;CellAcquisitionState;control_gating_state,direction;ue_id;bs_id;sfn;slot;symbol,required,runtime truth fact table,table_defined,false,false,unavailable_until_canonical_artifact_or_db_view_exists,false,false,false,runtime_evidence_present_noncanonical,5,3,1,1,0,timing_synchronization_table;anomaly_window_table;cross_layer_correlation_table,reports/csv/output_coverage_registry.csv;reports/csv/output_coverage_registry.csv;reports/csv/output_coverage_registry.csv,canonical_live_table_or_view_missing_but_runtime_evidence_present
reports,mobility-access-cell-selection-reselection-handover,Mobility / Access / Cell Selection / Reselection / Handover,mobility,table,live_reselection_state,/reports/mobility-access-cell-selection-reselection-handover/tables/live_reselection_state,live_reselection_state_v,reports/csv/live_reselection_state.csv,direction;ue_id;bs_id;sfn;slot;symbol;run_id;trial_id;run_uuid;run_tag;scenario_id;timestamp_utc;data_origin;status;value_role;value_source;value_status;finalized_flag;partial_row_flag;fallback_flag;placeholder_flag;config_only_flag;cell_id;sector_id;site_id;trp_id;link_id;carrier_id;bwp_id;numerology;scs_khz;bandwidth_hz;center_frequency_hz;duplex_mode;beam_id;layer_id;codeword_id;harq_process_id;rv;channel_name;signal_name;block_name;function_name;stage_name;metric_name;metric_value;metric_unit;artifact_id;git_sha;build_id;config_hash;seed;source_system;source_db;source_schema;source_table;source_pk;na_reason;serving_cell_id;selected_beam_id;speed_mps;speed_kmh;heading_deg;acceleration_mps2;trajectory_id;waypoint_id;DopplerHz;DopplerSourceMode;DopplerValueRole;EstimatedDopplerHz;DopplerError_Hz;event_a1_flag;event_a2_flag;event_a3_flag;event_a4_flag;event_a5_flag;hysteresis_db;time_to_trigger_ms;handover_candidate_flag;selection_metric;reselection_metric;state_before;state_after;action_taken;reason;AccessState;CellAcquisitionState;control_gating_state,direction;ue_id;bs_id;sfn;slot;symbol,required,runtime truth fact table,table_defined,false,false,unavailable_until_canonical_artifact_or_db_view_exists,false,false,false,runtime_evidence_present_noncanonical,5,3,1,1,0,timing_synchronization_table;anomaly_window_table;cross_layer_correlation_table,reports/csv/output_coverage_registry.csv;reports/csv/output_coverage_registry.csv;reports/csv/output_coverage_registry.csv,canonical_live_table_or_view_missing_but_runtime_evidence_present
reports,mobility-access-cell-selection-reselection-handover,Mobility / Access / Cell Selection / Reselection / Handover,mobility,table,live_handover_state,/reports/mobility-access-cell-selection-reselection-handover/tables/live_handover_state,live_handover_state_v,reports/csv/live_handover_state.csv,direction;ue_id;bs_id;sfn;slot;symbol;run_id;trial_id;run_uuid;run_tag;scenario_id;timestamp_utc;data_origin;status;value_role;value_source;value_status;finalized_flag;partial_row_flag;fallback_flag;placeholder_flag;config_only_flag;cell_id;sector_id;site_id;trp_id;link_id;carrier_id;bwp_id;numerology;scs_khz;bandwidth_hz;center_frequency_hz;duplex_mode;beam_id;layer_id;codeword_id;harq_process_id;rv;channel_name;signal_name;block_name;function_name;stage_name;metric_name;metric_value;metric_unit;artifact_id;git_sha;build_id;config_hash;seed;source_system;source_db;source_schema;source_table;source_pk;na_reason;serving_cell_id;selected_beam_id;speed_mps;speed_kmh;heading_deg;acceleration_mps2;trajectory_id;waypoint_id;DopplerHz;DopplerSourceMode;DopplerValueRole;EstimatedDopplerHz;DopplerError_Hz;event_a1_flag;event_a2_flag;event_a3_flag;event_a4_flag;event_a5_flag;hysteresis_db;time_to_trigger_ms;handover_candidate_flag;selection_metric;reselection_metric;state_before;state_after;action_taken;reason;AccessState;CellAcquisitionState;control_gating_state,direction;ue_id;bs_id;sfn;slot;symbol,required,runtime truth fact table,table_defined,false,false,unavailable_until_canonical_artifact_or_db_view_exists,false,false,false,runtime_evidence_present_noncanonical,5,3,1,1,0,timing_synchronization_table;anomaly_window_table;cross_layer_correlation_table,reports/csv/output_coverage_registry.csv;reports/csv/output_coverage_registry.csv;reports/csv/output_coverage_registry.csv,canonical_live_table_or_view_missing_but_runtime_evidence_present
reports,mobility-access-cell-selection-reselection-handover,Mobility / Access / Cell Selection / Reselection / Handover,mobility,table,live_event_trigger_table,/reports/mobility-access-cell-selection-reselection-handover/tables/live_event_trigger_table,live_event_trigger_table_v,reports/csv/live_event_trigger_table.csv,direction;ue_id;bs_id;sfn;slot;symbol;run_id;trial_id;run_uuid;run_tag;scenario_id;timestamp_utc;data_origin;status;value_role;value_source;value_status;finalized_flag;partial_row_flag;fallback_flag;placeholder_flag;config_only_flag;cell_id;sector_id;site_id;trp_id;link_id;carrier_id;bwp_id;numerology;scs_khz;bandwidth_hz;center_frequency_hz;duplex_mode;beam_id;layer_id;codeword_id;harq_process_id;rv;channel_name;signal_name;block_name;function_name;stage_name;metric_name;metric_value;metric_unit;artifact_id;git_sha;build_id;config_hash;seed;source_system;source_db;source_schema;source_table;source_pk;na_reason;serving_cell_id;selected_beam_id;speed_mps;speed_kmh;heading_deg;acceleration_mps2;trajectory_id;waypoint_id;DopplerHz;DopplerSourceMode;DopplerValueRole;EstimatedDopplerHz;DopplerError_Hz;event_a1_flag;event_a2_flag;event_a3_flag;event_a4_flag;event_a5_flag;hysteresis_db;time_to_trigger_ms;handover_candidate_flag;selection_metric;reselection_metric;state_before;state_after;action_taken;reason;AccessState;CellAcquisitionState;control_gating_state,direction;ue_id;bs_id;sfn;slot;symbol,required,runtime truth fact table,table_defined,false,false,unavailable_until_canonical_artifact_or_db_view_exists,false,false,false,runtime_evidence_present_noncanonical,5,3,1,1,0,timing_synchronization_table;anomaly_window_table;cross_layer_correlation_table,reports/csv/output_coverage_registry.csv;reports/csv/output_coverage_registry.csv;reports/csv/output_coverage_registry.csv,canonical_live_table_or_view_missing_but_runtime_evidence_present
reports,mobility-access-cell-selection-reselection-handover,Mobility / Access / Cell Selection / Reselection / Handover,mobility,table,live_access_state,/reports/mobility-access-cell-selection-reselection-handover/tables/live_access_state,live_access_state_v,reports/csv/live_access_state.csv,direction;ue_id;bs_id;sfn;slot;symbol;run_id;trial_id;run_uuid;run_tag;scenario_id;timestamp_utc;data_origin;status;value_role;value_source;value_status;finalized_flag;partial_row_flag;fallback_flag;placeholder_flag;config_only_flag;cell_id;sector_id;site_id;trp_id;link_id;carrier_id;bwp_id;numerology;scs_khz;bandwidth_hz;center_frequency_hz;duplex_mode;beam_id;layer_id;codeword_id;harq_process_id;rv;channel_name;signal_name;block_name;function_name;stage_name;metric_name;metric_value;metric_unit;artifact_id;git_sha;build_id;config_hash;seed;source_system;source_db;source_schema;source_table;source_pk;na_reason;serving_cell_id;selected_beam_id;speed_mps;speed_kmh;heading_deg;acceleration_mps2;trajectory_id;waypoint_id;DopplerHz;DopplerSourceMode;DopplerValueRole;EstimatedDopplerHz;DopplerError_Hz;event_a1_flag;event_a2_flag;event_a3_flag;event_a4_flag;event_a5_flag;hysteresis_db;time_to_trigger_ms;handover_candidate_flag;selection_metric;reselection_metric;state_before;state_after;action_taken;reason;AccessState;CellAcquisitionState;control_gating_state,direction;ue_id;bs_id;sfn;slot;symbol,required,runtime truth fact table,table_defined,false,false,unavailable_until_canonical_artifact_or_db_view_exists,false,false,false,runtime_evidence_present_noncanonical,5,3,1,1,0,timing_synchronization_table;anomaly_window_table;cross_layer_correlation_table,reports/csv/output_coverage_registry.csv;reports/csv/output_coverage_registry.csv;reports/csv/output_coverage_registry.csv,canonical_live_table_or_view_missing_but_runtime_evidence_present
reports,air-interface-frame-slot-symbol-grid,Air Interface / Frame / Slot / Symbol / Grid,air_interface,table,live_carrier_config,/reports/air-interface-frame-slot-symbol-grid/tables/live_carrier_config,live_carrier_config_v,reports/csv/live_carrier_config.csv,direction;ue_id;bs_id;sfn;slot;symbol;run_id;trial_id;run_uuid;run_tag;scenario_id;timestamp_utc;data_origin;status;value_role;value_source;value_status;finalized_flag;partial_row_flag;fallback_flag;placeholder_flag;config_only_flag;cell_id;sector_id;site_id;trp_id;link_id;carrier_id;bwp_id;numerology;scs_khz;bandwidth_hz;center_frequency_hz;duplex_mode;beam_id;layer_id;codeword_id;harq_process_id;rv;channel_name;signal_name;block_name;function_name;stage_name;metric_name;metric_value;metric_unit;artifact_id;git_sha;build_id;config_hash;seed;source_system;source_db;source_schema;source_table;source_pk;na_reason;Numerology_mu;SCS_kHz;SlotDuration_ms;SlotsPerFrame;SymbolsPerSlot;ActiveGridNumRBs;ConfiguredGridNumRBs;ActiveGridSource;ActiveDuplexMode;ConfiguredTDDPattern;ActiveTDDPattern;TDDPatternApplicable;fft_size;cp_type;cp_length;sample_rate_hz;coreset_id;search_space_id;ssb_index;prach_occasion_id;PRBStart;PRBCount;SymbolStart;NumSymbols;re_range;timing_relation_status;timing_estimate_used;use_ideal_timing_sync_flag,direction;ue_id;bs_id;sfn;slot;symbol,required,runtime truth fact table,table_defined,false,false,unavailable_until_canonical_artifact_or_db_view_exists,false,false,false,runtime_evidence_present_noncanonical,8,5,1,2,0,table_dl_transport_block;table_ul_transport_block;timing_synchronization_table;dl_resource_grid_heatmap;ul_resource_grid_heatmap,reports/csv/output_coverage_registry.csv;reports/csv/output_coverage_registry.csv;reports/csv/output_coverage_registry.csv;reports/csv/output_coverage_registry.csv;reports/csv/output_coverage_registry.csv,canonical_live_table_or_view_missing_but_runtime_evidence_present
reports,air-interface-frame-slot-symbol-grid,Air Interface / Frame / Slot / Symbol / Grid,air_interface,table,live_numerology_state,/reports/air-interface-frame-slot-symbol-grid/tables/live_numerology_state,live_numerology_state_v,reports/csv/live_numerology_state.csv,direction;ue_id;bs_id;sfn;slot;symbol;run_id;trial_id;run_uuid;run_tag;scenario_id;timestamp_utc;data_origin;status;value_role;value_source;value_status;finalized_flag;partial_row_flag;fallback_flag;placeholder_flag;config_only_flag;cell_id;sector_id;site_id;trp_id;link_id;carrier_id;bwp_id;numerology;scs_khz;bandwidth_hz;center_frequency_hz;duplex_mode;beam_id;layer_id;codeword_id;harq_process_id;rv;channel_name;signal_name;block_name;function_name;stage_name;metric_name;metric_value;metric_unit;artifact_id;git_sha;build_id;config_hash;seed;source_system;source_db;source_schema;source_table;source_pk;na_reason;Numerology_mu;SCS_kHz;SlotDuration_ms;SlotsPerFrame;SymbolsPerSlot;ActiveGridNumRBs;ConfiguredGridNumRBs;ActiveGridSource;ActiveDuplexMode;ConfiguredTDDPattern;ActiveTDDPattern;TDDPatternApplicable;fft_size;cp_type;cp_length;sample_rate_hz;coreset_id;search_space_id;ssb_index;prach_occasion_id;PRBStart;PRBCount;SymbolStart;NumSymbols;re_range;timing_relation_status;timing_estimate_used;use_ideal_timing_sync_flag,direction;ue_id;bs_id;sfn;slot;symbol,required,runtime truth fact table,table_defined,false,false,unavailable_until_canonical_artifact_or_db_view_exists,false,false,false,runtime_evidence_present_noncanonical,8,5,1,2,0,table_dl_transport_block;table_ul_transport_block;timing_synchronization_table;dl_resource_grid_heatmap;ul_resource_grid_heatmap,reports/csv/output_coverage_registry.csv;reports/csv/output_coverage_registry.csv;reports/csv/output_coverage_registry.csv;reports/csv/output_coverage_registry.csv;reports/csv/output_coverage_registry.csv,canonical_live_table_or_view_missing_but_runtime_evidence_present
reports,air-interface-frame-slot-symbol-grid,Air Interface / Frame / Slot / Symbol / Grid,air_interface,table,live_frame_grid_state,/reports/air-interface-frame-slot-symbol-grid/tables/live_frame_grid_state,live_frame_grid_state_v,reports/csv/live_frame_grid_state.csv,direction;ue_id;bs_id;sfn;slot;symbol;run_id;trial_id;run_uuid;run_tag;scenario_id;timestamp_utc;data_origin;status;value_role;value_source;value_status;finalized_flag;partial_row_flag;fallback_flag;placeholder_flag;config_only_flag;cell_id;sector_id;site_id;trp_id;link_id;carrier_id;bwp_id;numerology;scs_khz;bandwidth_hz;center_frequency_hz;duplex_mode;beam_id;layer_id;codeword_id;harq_process_id;rv;channel_name;signal_name;block_name;function_name;stage_name;metric_name;metric_value;metric_unit;artifact_id;git_sha;build_id;config_hash;seed;source_system;source_db;source_schema;source_table;source_pk;na_reason;Numerology_mu;SCS_kHz;SlotDuration_ms;SlotsPerFrame;SymbolsPerSlot;ActiveGridNumRBs;ConfiguredGridNumRBs;ActiveGridSource;ActiveDuplexMode;ConfiguredTDDPattern;ActiveTDDPattern;TDDPatternApplicable;fft_size;cp_type;cp_length;sample_rate_hz;coreset_id;search_space_id;ssb_index;prach_occasion_id;PRBStart;PRBCount;SymbolStart;NumSymbols;re_range;timing_relation_status;timing_estimate_used;use_ideal_timing_sync_flag,direction;ue_id;bs_id;sfn;slot;symbol,required,runtime truth fact table,table_defined,false,false,unavailable_until_canonical_artifact_or_db_view_exists,false,false,false,runtime_evidence_present_noncanonical,8,5,1,2,0,table_dl_transport_block;table_ul_transport_block;timing_synchronization_table;dl_resource_grid_heatmap;ul_resource_grid_heatmap,reports/csv/output_coverage_registry.csv;reports/csv/output_coverage_registry.csv;reports/csv/output_coverage_registry.csv;reports/csv/output_coverage_registry.csv;reports/csv/output_coverage_registry.csv,canonical_live_table_or_view_missing_but_runtime_evidence_present
reports,air-interface-frame-slot-symbol-grid,Air Interface / Frame / Slot / Symbol / Grid,air_interface,table,live_bwp_state,/reports/air-interface-frame-slot-symbol-grid/tables/live_bwp_state,live_bwp_state_v,reports/csv/live_bwp_state.csv,direction;ue_id;bs_id;sfn;slot;symbol;run_id;trial_id;run_uuid;run_tag;scenario_id;timestamp_utc;data_origin;status;value_role;value_source;value_status;finalized_flag;partial_row_flag;fallback_flag;placeholder_flag;config_only_flag;cell_id;sector_id;site_id;trp_id;link_id;carrier_id;bwp_id;numerology;scs_khz;bandwidth_hz;center_frequency_hz;duplex_mode;beam_id;layer_id;codeword_id;harq_process_id;rv;channel_name;signal_name;block_name;function_name;stage_name;metric_name;metric_value;metric_unit;artifact_id;git_sha;build_id;config_hash;seed;source_system;source_db;source_schema;source_table;source_pk;na_reason;Numerology_mu;SCS_kHz;SlotDuration_ms;SlotsPerFrame;SymbolsPerSlot;ActiveGridNumRBs;ConfiguredGridNumRBs;ActiveGridSource;ActiveDuplexMode;ConfiguredTDDPattern;ActiveTDDPattern;TDDPatternApplicable;fft_size;cp_type;cp_length;sample_rate_hz;coreset_id;search_space_id;ssb_index;prach_occasion_id;PRBStart;PRBCount;SymbolStart;NumSymbols;re_range;timing_relation_status;timing_estimate_used;use_ideal_timing_sync_flag,direction;ue_id;bs_id;sfn;slot;symbol,required,runtime truth fact table,table_defined,false,false,unavailable_until_canonical_artifact_or_db_view_exists,false,false,false,runtime_evidence_present_noncanonical,8,5,1,2,0,table_dl_transport_block;table_ul_transport_block;timing_synchronization_table;dl_resource_grid_heatmap;ul_resource_grid_heatmap,reports/csv/output_coverage_registry.csv;reports/csv/output_coverage_registry.csv;reports/csv/output_coverage_registry.csv;reports/csv/output_coverage_registry.csv;reports/csv/output_coverage_registry.csv,canonical_live_table_or_view_missing_but_runtime_evidence_present
reports,air-interface-frame-slot-symbol-grid,Air Interface / Frame / Slot / Symbol / Grid,air_interface,table,live_coreset_state,/reports/air-interface-frame-slot-symbol-grid/tables/live_coreset_state,live_coreset_state_v,reports/csv/live_coreset_state.csv,direction;ue_id;bs_id;sfn;slot;symbol;run_id;trial_id;run_uuid;run_tag;scenario_id;timestamp_utc;data_origin;status;value_role;value_source;value_status;finalized_flag;partial_row_flag;fallback_flag;placeholder_flag;config_only_flag;cell_id;sector_id;site_id;trp_id;link_id;carrier_id;bwp_id;numerology;scs_khz;bandwidth_hz;center_frequency_hz;duplex_mode;beam_id;layer_id;codeword_id;harq_process_id;rv;channel_name;signal_name;block_name;function_name;stage_name;metric_name;metric_value;metric_unit;artifact_id;git_sha;build_id;config_hash;seed;source_system;source_db;source_schema;source_table;source_pk;na_reason;Numerology_mu;SCS_kHz;SlotDuration_ms;SlotsPerFrame;SymbolsPerSlot;ActiveGridNumRBs;ConfiguredGridNumRBs;ActiveGridSource;ActiveDuplexMode;ConfiguredTDDPattern;ActiveTDDPattern;TDDPatternApplicable;fft_size;cp_type;cp_length;sample_rate_hz;coreset_id;search_space_id;ssb_index;prach_occasion_id;PRBStart;PRBCount;SymbolStart;NumSymbols;re_range;timing_relation_status;timing_estimate_used;use_ideal_timing_sync_flag,direction;ue_id;bs_id;sfn;slot;symbol,required,runtime truth fact table,table_defined,false,false,unavailable_until_canonical_artifact_or_db_view_exists,false,false,false,runtime_evidence_present_noncanonical,8,5,1,2,0,table_dl_transport_block;table_ul_transport_block;timing_synchronization_table;dl_resource_grid_heatmap;ul_resource_grid_heatmap,reports/csv/output_coverage_registry.csv;reports/csv/output_coverage_registry.csv;reports/csv/output_coverage_registry.csv;reports/csv/output_coverage_registry.csv;reports/csv/output_coverage_registry.csv,canonical_live_table_or_view_missing_but_runtime_evidence_present
reports,air-interface-frame-slot-symbol-grid,Air Interface / Frame / Slot / Symbol / Grid,air_interface,table,live_search_space_state,/reports/air-interface-frame-slot-symbol-grid/tables/live_search_space_state,live_search_space_state_v,reports/csv/live_search_space_state.csv,direction;ue_id;bs_id;sfn;slot;symbol;run_id;trial_id;run_uuid;run_tag;scenario_id;timestamp_utc;data_origin;status;value_role;value_source;value_status;finalized_flag;partial_row_flag;fallback_flag;placeholder_flag;config_only_flag;cell_id;sector_id;site_id;trp_id;link_id;carrier_id;bwp_id;numerology;scs_khz;bandwidth_hz;center_frequency_hz;duplex_mode;beam_id;layer_id;codeword_id;harq_process_id;rv;channel_name;signal_name;block_name;function_name;stage_name;metric_name;metric_value;metric_unit;artifact_id;git_sha;build_id;config_hash;seed;source_system;source_db;source_schema;source_table;source_pk;na_reason;Numerology_mu;SCS_kHz;SlotDuration_ms;SlotsPerFrame;SymbolsPerSlot;ActiveGridNumRBs;ConfiguredGridNumRBs;ActiveGridSource;ActiveDuplexMode;ConfiguredTDDPattern;ActiveTDDPattern;TDDPatternApplicable;fft_size;cp_type;cp_length;sample_rate_hz;coreset_id;search_space_id;ssb_index;prach_occasion_id;PRBStart;PRBCount;SymbolStart;NumSymbols;re_range;timing_relation_status;timing_estimate_used;use_ideal_timing_sync_flag,direction;ue_id;bs_id;sfn;slot;symbol,required,runtime truth fact table,table_defined,false,false,unavailable_until_canonical_artifact_or_db_view_exists,false,false,false,runtime_evidence_present_noncanonical,8,5,1,2,0,table_dl_transport_block;table_ul_transport_block;timing_synchronization_table;dl_resource_grid_heatmap;ul_resource_grid_heatmap,reports/csv/output_coverage_registry.csv;reports/csv/output_coverage_registry.csv;reports/csv/output_coverage_registry.csv;reports/csv/output_coverage_registry.csv;reports/csv/output_coverage_registry.csv,canonical_live_table_or_view_missing_but_runtime_evidence_present
reports,air-interface-frame-slot-symbol-grid,Air Interface / Frame / Slot / Symbol / Grid,air_interface,table,live_ssb_occasion_state,/reports/air-interface-frame-slot-symbol-grid/tables/live_ssb_occasion_state,live_ssb_occasion_state_v,reports/csv/live_ssb_occasion_state.csv,direction;ue_id;bs_id;sfn;slot;symbol;run_id;trial_id;run_uuid;run_tag;scenario_id;timestamp_utc;data_origin;status;value_role;value_source;value_status;finalized_flag;partial_row_flag;fallback_flag;placeholder_flag;config_only_flag;cell_id;sector_id;site_id;trp_id;link_id;carrier_id;bwp_id;numerology;scs_khz;bandwidth_hz;center_frequency_hz;duplex_mode;beam_id;layer_id;codeword_id;harq_process_id;rv;channel_name;signal_name;block_name;function_name;stage_name;metric_name;metric_value;metric_unit;artifact_id;git_sha;build_id;config_hash;seed;source_system;source_db;source_schema;source_table;source_pk;na_reason;Numerology_mu;SCS_kHz;SlotDuration_ms;SlotsPerFrame;SymbolsPerSlot;ActiveGridNumRBs;ConfiguredGridNumRBs;ActiveGridSource;ActiveDuplexMode;ConfiguredTDDPattern;ActiveTDDPattern;TDDPatternApplicable;fft_size;cp_type;cp_length;sample_rate_hz;coreset_id;search_space_id;ssb_index;prach_occasion_id;PRBStart;PRBCount;SymbolStart;NumSymbols;re_range;timing_relation_status;timing_estimate_used;use_ideal_timing_sync_flag,direction;ue_id;bs_id;sfn;slot;symbol,required,runtime truth fact table,table_defined,false,false,unavailable_until_canonical_artifact_or_db_view_exists,false,false,false,runtime_evidence_present_noncanonical,8,5,1,2,0,table_dl_transport_block;table_ul_transport_block;timing_synchronization_table;dl_resource_grid_heatmap;ul_resource_grid_heatmap,reports/csv/output_coverage_registry.csv;reports/csv/output_coverage_registry.csv;reports/csv/output_coverage_registry.csv;reports/csv/output_coverage_registry.csv;reports/csv/output_coverage_registry.csv,canonical_live_table_or_view_missing_but_runtime_evidence_present
reports,air-interface-frame-slot-symbol-grid,Air Interface / Frame / Slot / Symbol / Grid,air_interface,table,live_prach_occasion_state,/reports/air-interface-frame-slot-symbol-grid/tables/live_prach_occasion_state,live_prach_occasion_state_v,reports/csv/live_prach_occasion_state.csv,direction;ue_id;bs_id;sfn;slot;symbol;run_id;trial_id;run_uuid;run_tag;scenario_id;timestamp_utc;data_origin;status;value_role;value_source;value_status;finalized_flag;partial_row_flag;fallback_flag;placeholder_flag;config_only_flag;cell_id;sector_id;site_id;trp_id;link_id;carrier_id;bwp_id;numerology;scs_khz;bandwidth_hz;center_frequency_hz;duplex_mode;beam_id;layer_id;codeword_id;harq_process_id;rv;channel_name;signal_name;block_name;function_name;stage_name;metric_name;metric_value;metric_unit;artifact_id;git_sha;build_id;config_hash;seed;source_system;source_db;source_schema;source_table;source_pk;na_reason;Numerology_mu;SCS_kHz;SlotDuration_ms;SlotsPerFrame;SymbolsPerSlot;ActiveGridNumRBs;ConfiguredGridNumRBs;ActiveGridSource;ActiveDuplexMode;ConfiguredTDDPattern;ActiveTDDPattern;TDDPatternApplicable;fft_size;cp_type;cp_length;sample_rate_hz;coreset_id;search_space_id;ssb_index;prach_occasion_id;PRBStart;PRBCount;SymbolStart;NumSymbols;re_range;timing_relation_status;timing_estimate_used;use_ideal_timing_sync_flag,direction;ue_id;bs_id;sfn;slot;symbol,required,runtime truth fact table,table_defined,false,false,unavailable_until_canonical_artifact_or_db_view_exists,false,false,false,runtime_evidence_present_noncanonical,8,5,1,2,0,table_dl_transport_block;table_ul_transport_block;timing_synchronization_table;dl_resource_grid_heatmap;ul_resource_grid_heatmap,reports/csv/output_coverage_registry.csv;reports/csv/output_coverage_registry.csv;reports/csv/output_coverage_registry.csv;reports/csv/output_coverage_registry.csv;reports/csv/output_coverage_registry.csv,canonical_live_table_or_view_missing_but_runtime_evidence_present
reports,air-interface-frame-slot-symbol-grid,Air Interface / Frame / Slot / Symbol / Grid,air_interface,table,live_prb_allocation_snapshot,/reports/air-interface-frame-slot-symbol-grid/tables/live_prb_allocation_snapshot,live_prb_allocation_snapshot_v,reports/csv/live_prb_allocation_snapshot.csv,direction;ue_id;bs_id;sfn;slot;symbol;run_id;trial_id;run_uuid;run_tag;scenario_id;timestamp_utc;data_origin;status;value_role;value_source;value_status;finalized_flag;partial_row_flag;fallback_flag;placeholder_flag;config_only_flag;cell_id;sector_id;site_id;trp_id;link_id;carrier_id;bwp_id;numerology;scs_khz;bandwidth_hz;center_frequency_hz;duplex_mode;beam_id;layer_id;codeword_id;harq_process_id;rv;channel_name;signal_name;block_name;function_name;stage_name;metric_name;metric_value;metric_unit;artifact_id;git_sha;build_id;config_hash;seed;source_system;source_db;source_schema;source_table;source_pk;na_reason;Numerology_mu;SCS_kHz;SlotDuration_ms;SlotsPerFrame;SymbolsPerSlot;ActiveGridNumRBs;ConfiguredGridNumRBs;ActiveGridSource;ActiveDuplexMode;ConfiguredTDDPattern;ActiveTDDPattern;TDDPatternApplicable;fft_size;cp_type;cp_length;sample_rate_hz;coreset_id;search_space_id;ssb_index;prach_occasion_id;PRBStart;PRBCount;SymbolStart;NumSymbols;re_range;timing_relation_status;timing_estimate_used;use_ideal_timing_sync_flag,direction;ue_id;bs_id;sfn;slot;symbol,required,runtime truth fact table,table_defined,false,false,unavailable_until_canonical_artifact_or_db_view_exists,false,false,false,runtime_evidence_present_noncanonical,8,5,1,2,0,table_dl_transport_block;table_ul_transport_block;timing_synchronization_table;dl_resource_grid_heatmap;ul_resource_grid_heatmap,reports/csv/output_coverage_registry.csv;reports/csv/output_coverage_registry.csv;reports/csv/output_coverage_registry.csv;reports/csv/output_coverage_registry.csv;reports/csv/output_coverage_registry.csv,canonical_live_table_or_view_missing_but_runtime_evidence_present
reports,air-interface-frame-slot-symbol-grid,Air Interface / Frame / Slot / Symbol / Grid,air_interface,table,live_re_allocation_snapshot,/reports/air-interface-frame-slot-symbol-grid/tables/live_re_allocation_snapshot,live_re_allocation_snapshot_v,reports/csv/live_re_allocation_snapshot.csv,direction;ue_id;bs_id;sfn;slot;symbol;run_id;trial_id;run_uuid;run_tag;scenario_id;timestamp_utc;data_origin;status;value_role;value_source;value_status;finalized_flag;partial_row_flag;fallback_flag;placeholder_flag;config_only_flag;cell_id;sector_id;site_id;trp_id;link_id;carrier_id;bwp_id;numerology;scs_khz;bandwidth_hz;center_frequency_hz;duplex_mode;beam_id;layer_id;codeword_id;harq_process_id;rv;channel_name;signal_name;block_name;function_name;stage_name;metric_name;metric_value;metric_unit;artifact_id;git_sha;build_id;config_hash;seed;source_system;source_db;source_schema;source_table;source_pk;na_reason;Numerology_mu;SCS_kHz;SlotDuration_ms;SlotsPerFrame;SymbolsPerSlot;ActiveGridNumRBs;ConfiguredGridNumRBs;ActiveGridSource;ActiveDuplexMode;ConfiguredTDDPattern;ActiveTDDPattern;TDDPatternApplicable;fft_size;cp_type;cp_length;sample_rate_hz;coreset_id;search_space_id;ssb_index;prach_occasion_id;PRBStart;PRBCount;SymbolStart;NumSymbols;re_range;timing_relation_status;timing_estimate_used;use_ideal_timing_sync_flag,direction;ue_id;bs_id;sfn;slot;symbol,required,runtime truth fact table,table_defined,false,false,unavailable_until_canonical_artifact_or_db_view_exists,false,false,false,runtime_evidence_present_noncanonical,8,5,1,2,0,table_dl_transport_block;table_ul_transport_block;timing_synchronization_table;dl_resource_grid_heatmap;ul_resource_grid_heatmap,reports/csv/output_coverage_registry.csv;reports/csv/output_coverage_registry.csv;reports/csv/output_coverage_registry.csv;reports/csv/output_coverage_registry.csv;reports/csv/output_coverage_registry.csv,canonical_live_table_or_view_missing_but_runtime_evidence_present
reports,scheduler-mac-queue-qos-power-control-uci-flow,Scheduler / MAC / Queue / QoS / Power Control / UCI Flow,scheduler_mac,table,live_scheduler_cycle,/reports/scheduler-mac-queue-qos-power-control-uci-flow/tables/live_scheduler_cycle,live_scheduler_cycle_v,reports/csv/live_scheduler_cycle.csv,direction;ue_id;bs_id;sfn;slot;symbol;run_id;trial_id;run_uuid;run_tag;scenario_id;timestamp_utc;data_origin;status;value_role;value_source;value_status;finalized_flag;partial_row_flag;fallback_flag;placeholder_flag;config_only_flag;cell_id;sector_id;site_id;trp_id;link_id;carrier_id;bwp_id;numerology;scs_khz;bandwidth_hz;center_frequency_hz;duplex_mode;beam_id;layer_id;codeword_id;harq_process_id;rv;channel_name;signal_name;block_name;function_name;stage_name;metric_name;metric_value;metric_unit;artifact_id;git_sha;build_id;config_hash;seed;source_system;source_db;source_schema;source_table;source_pk;na_reason;scheduler_name;scheduler_policy;scheduler_cycle_id;GrantContextId;grant_id;GrantReason;IsRetransmission;HarqID;NDI;RV;PRBStart;PRBCount;AllocatedPRBCount;SymbolStart;NumSymbols;TBSBits;TBSBytes;MCSIndex;Modulation;TargetCodeRate;ActualMCSSelectionMode;CQISource;WidebandCQI;CQIDerivedMCS;CQIDerivedModulation;CQIDerivedTargetCodeRate;RIUsed;PMI;CRI;RankIndicator;RankEstimate;QueueBytesBefore;QueueBytesAfter;queue_packets;HOLDelay_ms;logical_channel_id;qos_class;delay_budget_ms;bsr_amount;sr_state;phr_db;power_control_command;ControlEligible;ControlDecodeOk;GrantControlState;WorkerID;HostThreadID;CoordinatorState;CommitMode;GrantWorkerSafe;GrantSharedStateCommitMode,direction;ue_id;bs_id;sfn;slot;symbol,required,runtime truth fact table,table_defined,false,false,unavailable_until_canonical_artifact_or_db_view_exists,false,false,false,runtime_evidence_present_noncanonical,9,7,2,0,0,table_scheduler_decision;live_prb_allocation;table_cqi_pmi_ri;table_mcs_tbs_evolution;table_latency,reports/csv/output_coverage_registry.csv;reports/csv/output_coverage_registry.csv;reports/csv/output_coverage_registry.csv;reports/csv/output_coverage_registry.csv;reports/csv/output_coverage_registry.csv,canonical_live_table_or_view_missing_but_runtime_evidence_present
reports,scheduler-mac-queue-qos-power-control-uci-flow,Scheduler / MAC / Queue / QoS / Power Control / UCI Flow,scheduler_mac,table,live_dl_scheduler_grants,/reports/scheduler-mac-queue-qos-power-control-uci-flow/tables/live_dl_scheduler_grants,live_dl_scheduler_grants_v,reports/csv/live_dl_scheduler_grants.csv,direction;ue_id;bs_id;sfn;slot;symbol;run_id;trial_id;run_uuid;run_tag;scenario_id;timestamp_utc;data_origin;status;value_role;value_source;value_status;finalized_flag;partial_row_flag;fallback_flag;placeholder_flag;config_only_flag;cell_id;sector_id;site_id;trp_id;link_id;carrier_id;bwp_id;numerology;scs_khz;bandwidth_hz;center_frequency_hz;duplex_mode;beam_id;layer_id;codeword_id;harq_process_id;rv;channel_name;signal_name;block_name;function_name;stage_name;metric_name;metric_value;metric_unit;artifact_id;git_sha;build_id;config_hash;seed;source_system;source_db;source_schema;source_table;source_pk;na_reason;scheduler_name;scheduler_policy;scheduler_cycle_id;GrantContextId;grant_id;GrantReason;IsRetransmission;HarqID;NDI;RV;PRBStart;PRBCount;AllocatedPRBCount;SymbolStart;NumSymbols;TBSBits;TBSBytes;MCSIndex;Modulation;TargetCodeRate;ActualMCSSelectionMode;CQISource;WidebandCQI;CQIDerivedMCS;CQIDerivedModulation;CQIDerivedTargetCodeRate;RIUsed;PMI;CRI;RankIndicator;RankEstimate;QueueBytesBefore;QueueBytesAfter;queue_packets;HOLDelay_ms;logical_channel_id;qos_class;delay_budget_ms;bsr_amount;sr_state;phr_db;power_control_command;ControlEligible;ControlDecodeOk;GrantControlState;WorkerID;HostThreadID;CoordinatorState;CommitMode;GrantWorkerSafe;GrantSharedStateCommitMode,direction;ue_id;bs_id;sfn;slot;symbol,required,runtime truth fact table,table_defined,false,false,unavailable_until_canonical_artifact_or_db_view_exists,false,false,false,runtime_evidence_present_noncanonical,9,7,2,0,0,table_scheduler_decision;live_prb_allocation;table_cqi_pmi_ri;table_mcs_tbs_evolution;table_latency,reports/csv/output_coverage_registry.csv;reports/csv/output_coverage_registry.csv;reports/csv/output_coverage_registry.csv;reports/csv/output_coverage_registry.csv;reports/csv/output_coverage_registry.csv,canonical_live_table_or_view_missing_but_runtime_evidence_present
reports,scheduler-mac-queue-qos-power-control-uci-flow,Scheduler / MAC / Queue / QoS / Power Control / UCI Flow,scheduler_mac,table,live_ul_scheduler_grants,/reports/scheduler-mac-queue-qos-power-control-uci-flow/tables/live_ul_scheduler_grants,live_ul_scheduler_grants_v,reports/csv/live_ul_scheduler_grants.csv,direction;ue_id;bs_id;sfn;slot;symbol;run_id;trial_id;run_uuid;run_tag;scenario_id;timestamp_utc;data_origin;status;value_role;value_source;value_status;finalized_flag;partial_row_flag;fallback_flag;placeholder_flag;config_only_flag;cell_id;sector_id;site_id;trp_id;link_id;carrier_id;bwp_id;numerology;scs_khz;bandwidth_hz;center_frequency_hz;duplex_mode;beam_id;layer_id;codeword_id;harq_process_id;rv;channel_name;signal_name;block_name;function_name;stage_name;metric_name;metric_value;metric_unit;artifact_id;git_sha;build_id;config_hash;seed;source_system;source_db;source_schema;source_table;source_pk;na_reason;scheduler_name;scheduler_policy;scheduler_cycle_id;GrantContextId;grant_id;GrantReason;IsRetransmission;HarqID;NDI;RV;PRBStart;PRBCount;AllocatedPRBCount;SymbolStart;NumSymbols;TBSBits;TBSBytes;MCSIndex;Modulation;TargetCodeRate;ActualMCSSelectionMode;CQISource;WidebandCQI;CQIDerivedMCS;CQIDerivedModulation;CQIDerivedTargetCodeRate;RIUsed;PMI;CRI;RankIndicator;RankEstimate;QueueBytesBefore;QueueBytesAfter;queue_packets;HOLDelay_ms;logical_channel_id;qos_class;delay_budget_ms;bsr_amount;sr_state;phr_db;power_control_command;ControlEligible;ControlDecodeOk;GrantControlState;WorkerID;HostThreadID;CoordinatorState;CommitMode;GrantWorkerSafe;GrantSharedStateCommitMode,direction;ue_id;bs_id;sfn;slot;symbol,required,runtime truth fact table,table_defined,false,false,unavailable_until_canonical_artifact_or_db_view_exists,false,false,false,runtime_evidence_present_noncanonical,9,7,2,0,0,table_scheduler_decision;live_prb_allocation;table_cqi_pmi_ri;table_mcs_tbs_evolution;table_latency,reports/csv/output_coverage_registry.csv;reports/csv/output_coverage_registry.csv;reports/csv/output_coverage_registry.csv;reports/csv/output_coverage_registry.csv;reports/csv/output_coverage_registry.csv,canonical_live_table_or_view_missing_but_runtime_evidence_present
reports,scheduler-mac-queue-qos-power-control-uci-flow,Scheduler / MAC / Queue / QoS / Power Control / UCI Flow,scheduler_mac,table,live_queue_state,/reports/scheduler-mac-queue-qos-power-control-uci-flow/tables/live_queue_state,live_queue_state_v,reports/csv/live_queue_state.csv,direction;ue_id;bs_id;sfn;slot;symbol;run_id;trial_id;run_uuid;run_tag;scenario_id;timestamp_utc;data_origin;status;value_role;value_source;value_status;finalized_flag;partial_row_flag;fallback_flag;placeholder_flag;config_only_flag;cell_id;sector_id;site_id;trp_id;link_id;carrier_id;bwp_id;numerology;scs_khz;bandwidth_hz;center_frequency_hz;duplex_mode;beam_id;layer_id;codeword_id;harq_process_id;rv;channel_name;signal_name;block_name;function_name;stage_name;metric_name;metric_value;metric_unit;artifact_id;git_sha;build_id;config_hash;seed;source_system;source_db;source_schema;source_table;source_pk;na_reason;scheduler_name;scheduler_policy;scheduler_cycle_id;GrantContextId;grant_id;GrantReason;IsRetransmission;HarqID;NDI;RV;PRBStart;PRBCount;AllocatedPRBCount;SymbolStart;NumSymbols;TBSBits;TBSBytes;MCSIndex;Modulation;TargetCodeRate;ActualMCSSelectionMode;CQISource;WidebandCQI;CQIDerivedMCS;CQIDerivedModulation;CQIDerivedTargetCodeRate;RIUsed;PMI;CRI;RankIndicator;RankEstimate;QueueBytesBefore;QueueBytesAfter;queue_packets;HOLDelay_ms;logical_channel_id;qos_class;delay_budget_ms;bsr_amount;sr_state;phr_db;power_control_command;ControlEligible;ControlDecodeOk;GrantControlState;WorkerID;HostThreadID;CoordinatorState;CommitMode;GrantWorkerSafe;GrantSharedStateCommitMode,direction;ue_id;bs_id;sfn;slot;symbol,required,runtime truth fact table,table_defined,false,false,unavailable_until_canonical_artifact_or_db_view_exists,false,false,false,runtime_evidence_present_noncanonical,9,7,2,0,0,table_scheduler_decision;live_prb_allocation;table_cqi_pmi_ri;table_mcs_tbs_evolution;table_latency,reports/csv/output_coverage_registry.csv;reports/csv/output_coverage_registry.csv;reports/csv/output_coverage_registry.csv;reports/csv/output_coverage_registry.csv;reports/csv/output_coverage_registry.csv,canonical_live_table_or_view_missing_but_runtime_evidence_present
reports,scheduler-mac-queue-qos-power-control-uci-flow,Scheduler / MAC / Queue / QoS / Power Control / UCI Flow,scheduler_mac,table,live_buffer_status,/reports/scheduler-mac-queue-qos-power-control-uci-flow/tables/live_buffer_status,live_buffer_status_v,reports/csv/live_buffer_status.csv,direction;ue_id;bs_id;sfn;slot;symbol;run_id;trial_id;run_uuid;run_tag;scenario_id;timestamp_utc;data_origin;status;value_role;value_source;value_status;finalized_flag;partial_row_flag;fallback_flag;placeholder_flag;config_only_flag;cell_id;sector_id;site_id;trp_id;link_id;carrier_id;bwp_id;numerology;scs_khz;bandwidth_hz;center_frequency_hz;duplex_mode;beam_id;layer_id;codeword_id;harq_process_id;rv;channel_name;signal_name;block_name;function_name;stage_name;metric_name;metric_value;metric_unit;artifact_id;git_sha;build_id;config_hash;seed;source_system;source_db;source_schema;source_table;source_pk;na_reason;scheduler_name;scheduler_policy;scheduler_cycle_id;GrantContextId;grant_id;GrantReason;IsRetransmission;HarqID;NDI;RV;PRBStart;PRBCount;AllocatedPRBCount;SymbolStart;NumSymbols;TBSBits;TBSBytes;MCSIndex;Modulation;TargetCodeRate;ActualMCSSelectionMode;CQISource;WidebandCQI;CQIDerivedMCS;CQIDerivedModulation;CQIDerivedTargetCodeRate;RIUsed;PMI;CRI;RankIndicator;RankEstimate;QueueBytesBefore;QueueBytesAfter;queue_packets;HOLDelay_ms;logical_channel_id;qos_class;delay_budget_ms;bsr_amount;sr_state;phr_db;power_control_command;ControlEligible;ControlDecodeOk;GrantControlState;WorkerID;HostThreadID;CoordinatorState;CommitMode;GrantWorkerSafe;GrantSharedStateCommitMode,direction;ue_id;bs_id;sfn;slot;symbol,required,runtime truth fact table,table_defined,false,false,unavailable_until_canonical_artifact_or_db_view_exists,false,false,false,runtime_evidence_present_noncanonical,9,7,2,0,0,table_scheduler_decision;live_prb_allocation;table_cqi_pmi_ri;table_mcs_tbs_evolution;table_latency,reports/csv/output_coverage_registry.csv;reports/csv/output_coverage_registry.csv;reports/csv/output_coverage_registry.csv;reports/csv/output_coverage_registry.csv;reports/csv/output_coverage_registry.csv,canonical_live_table_or_view_missing_but_runtime_evidence_present
reports,scheduler-mac-queue-qos-power-control-uci-flow,Scheduler / MAC / Queue / QoS / Power Control / UCI Flow,scheduler_mac,table,live_hol_delay_state,/reports/scheduler-mac-queue-qos-power-control-uci-flow/tables/live_hol_delay_state,live_hol_delay_state_v,reports/csv/live_hol_delay_state.csv,direction;ue_id;bs_id;sfn;slot;symbol;run_id;trial_id;run_uuid;run_tag;scenario_id;timestamp_utc;data_origin;status;value_role;value_source;value_status;finalized_flag;partial_row_flag;fallback_flag;placeholder_flag;config_only_flag;cell_id;sector_id;site_id;trp_id;link_id;carrier_id;bwp_id;numerology;scs_khz;bandwidth_hz;center_frequency_hz;duplex_mode;beam_id;layer_id;codeword_id;harq_process_id;rv;channel_name;signal_name;block_name;function_name;stage_name;metric_name;metric_value;metric_unit;artifact_id;git_sha;build_id;config_hash;seed;source_system;source_db;source_schema;source_table;source_pk;na_reason;scheduler_name;scheduler_policy;scheduler_cycle_id;GrantContextId;grant_id;GrantReason;IsRetransmission;HarqID;NDI;RV;PRBStart;PRBCount;AllocatedPRBCount;SymbolStart;NumSymbols;TBSBits;TBSBytes;MCSIndex;Modulation;TargetCodeRate;ActualMCSSelectionMode;CQISource;WidebandCQI;CQIDerivedMCS;CQIDerivedModulation;CQIDerivedTargetCodeRate;RIUsed;PMI;CRI;RankIndicator;RankEstimate;QueueBytesBefore;QueueBytesAfter;queue_packets;HOLDelay_ms;logical_channel_id;qos_class;delay_budget_ms;bsr_amount;sr_state;phr_db;power_control_command;ControlEligible;ControlDecodeOk;GrantControlState;WorkerID;HostThreadID;CoordinatorState;CommitMode;GrantWorkerSafe;GrantSharedStateCommitMode,direction;ue_id;bs_id;sfn;slot;symbol,required,runtime truth fact table,table_defined,false,false,unavailable_until_canonical_artifact_or_db_view_exists,false,false,false,runtime_evidence_present_noncanonical,9,7,2,0,0,table_scheduler_decision;live_prb_allocation;table_cqi_pmi_ri;table_mcs_tbs_evolution;table_latency,reports/csv/output_coverage_registry.csv;reports/csv/output_coverage_registry.csv;reports/csv/output_coverage_registry.csv;reports/csv/output_coverage_registry.csv;reports/csv/output_coverage_registry.csv,canonical_live_table_or_view_missing_but_runtime_evidence_present
reports,scheduler-mac-queue-qos-power-control-uci-flow,Scheduler / MAC / Queue / QoS / Power Control / UCI Flow,scheduler_mac,table,live_qos_state,/reports/scheduler-mac-queue-qos-power-control-uci-flow/tables/live_qos_state,live_qos_state_v,reports/csv/live_qos_state.csv,direction;ue_id;bs_id;sfn;slot;symbol;run_id;trial_id;run_uuid;run_tag;scenario_id;timestamp_utc;data_origin;status;value_role;value_source;value_status;finalized_flag;partial_row_flag;fallback_flag;placeholder_flag;config_only_flag;cell_id;sector_id;site_id;trp_id;link_id;carrier_id;bwp_id;numerology;scs_khz;bandwidth_hz;center_frequency_hz;duplex_mode;beam_id;layer_id;codeword_id;harq_process_id;rv;channel_name;signal_name;block_name;function_name;stage_name;metric_name;metric_value;metric_unit;artifact_id;git_sha;build_id;config_hash;seed;source_system;source_db;source_schema;source_table;source_pk;na_reason;scheduler_name;scheduler_policy;scheduler_cycle_id;GrantContextId;grant_id;GrantReason;IsRetransmission;HarqID;NDI;RV;PRBStart;PRBCount;AllocatedPRBCount;SymbolStart;NumSymbols;TBSBits;TBSBytes;MCSIndex;Modulation;TargetCodeRate;ActualMCSSelectionMode;CQISource;WidebandCQI;CQIDerivedMCS;CQIDerivedModulation;CQIDerivedTargetCodeRate;RIUsed;PMI;CRI;RankIndicator;RankEstimate;QueueBytesBefore;QueueBytesAfter;queue_packets;HOLDelay_ms;logical_channel_id;qos_class;delay_budget_ms;bsr_amount;sr_state;phr_db;power_control_command;ControlEligible;ControlDecodeOk;GrantControlState;WorkerID;HostThreadID;CoordinatorState;CommitMode;GrantWorkerSafe;GrantSharedStateCommitMode,direction;ue_id;bs_id;sfn;slot;symbol,required,runtime truth fact table,table_defined,false,false,unavailable_until_canonical_artifact_or_db_view_exists,false,false,false,runtime_evidence_present_noncanonical,9,7,2,0,0,table_scheduler_decision;live_prb_allocation;table_cqi_pmi_ri;table_mcs_tbs_evolution;table_latency,reports/csv/output_coverage_registry.csv;reports/csv/output_coverage_registry.csv;reports/csv/output_coverage_registry.csv;reports/csv/output_coverage_registry.csv;reports/csv/output_coverage_registry.csv,canonical_live_table_or_view_missing_but_runtime_evidence_present
reports,scheduler-mac-queue-qos-power-control-uci-flow,Scheduler / MAC / Queue / QoS / Power Control / UCI Flow,scheduler_mac,table,live_mac_pdu_summary,/reports/scheduler-mac-queue-qos-power-control-uci-flow/tables/live_mac_pdu_summary,live_mac_pdu_summary_v,reports/csv/live_mac_pdu_summary.csv,direction;ue_id;bs_id;sfn;slot;symbol;run_id;trial_id;run_uuid;run_tag;scenario_id;timestamp_utc;data_origin;status;value_role;value_source;value_status;finalized_flag;partial_row_flag;fallback_flag;placeholder_flag;config_only_flag;cell_id;sector_id;site_id;trp_id;link_id;carrier_id;bwp_id;numerology;scs_khz;bandwidth_hz;center_frequency_hz;duplex_mode;beam_id;layer_id;codeword_id;harq_process_id;rv;channel_name;signal_name;block_name;function_name;stage_name;metric_name;metric_value;metric_unit;artifact_id;git_sha;build_id;config_hash;seed;source_system;source_db;source_schema;source_table;source_pk;na_reason;scheduler_name;scheduler_policy;scheduler_cycle_id;GrantContextId;grant_id;GrantReason;IsRetransmission;HarqID;NDI;RV;PRBStart;PRBCount;AllocatedPRBCount;SymbolStart;NumSymbols;TBSBits;TBSBytes;MCSIndex;Modulation;TargetCodeRate;ActualMCSSelectionMode;CQISource;WidebandCQI;CQIDerivedMCS;CQIDerivedModulation;CQIDerivedTargetCodeRate;RIUsed;PMI;CRI;RankIndicator;RankEstimate;QueueBytesBefore;QueueBytesAfter;queue_packets;HOLDelay_ms;logical_channel_id;qos_class;delay_budget_ms;bsr_amount;sr_state;phr_db;power_control_command;ControlEligible;ControlDecodeOk;GrantControlState;WorkerID;HostThreadID;CoordinatorState;CommitMode;GrantWorkerSafe;GrantSharedStateCommitMode,direction;ue_id;bs_id;sfn;slot;symbol,required,runtime truth fact table,table_defined,false,false,unavailable_until_canonical_artifact_or_db_view_exists,false,false,false,runtime_evidence_present_noncanonical,9,7,2,0,0,table_scheduler_decision;live_prb_allocation;table_cqi_pmi_ri;table_mcs_tbs_evolution;table_latency,reports/csv/output_coverage_registry.csv;reports/csv/output_coverage_registry.csv;reports/csv/output_coverage_registry.csv;reports/csv/output_coverage_registry.csv;reports/csv/output_coverage_registry.csv,canonical_live_table_or_view_missing_but_runtime_evidence_present
reports,scheduler-mac-queue-qos-power-control-uci-flow,Scheduler / MAC / Queue / QoS / Power Control / UCI Flow,scheduler_mac,table,live_power_control_state,/reports/scheduler-mac-queue-qos-power-control-uci-flow/tables/live_power_control_state,live_power_control_state_v,reports/csv/live_power_control_state.csv,direction;ue_id;bs_id;sfn;slot;symbol;run_id;trial_id;run_uuid;run_tag;scenario_id;timestamp_utc;data_origin;status;value_role;value_source;value_status;finalized_flag;partial_row_flag;fallback_flag;placeholder_flag;config_only_flag;cell_id;sector_id;site_id;trp_id;link_id;carrier_id;bwp_id;numerology;scs_khz;bandwidth_hz;center_frequency_hz;duplex_mode;beam_id;layer_id;codeword_id;harq_process_id;rv;channel_name;signal_name;block_name;function_name;stage_name;metric_name;metric_value;metric_unit;artifact_id;git_sha;build_id;config_hash;seed;source_system;source_db;source_schema;source_table;source_pk;na_reason;scheduler_name;scheduler_policy;scheduler_cycle_id;GrantContextId;grant_id;GrantReason;IsRetransmission;HarqID;NDI;RV;PRBStart;PRBCount;AllocatedPRBCount;SymbolStart;NumSymbols;TBSBits;TBSBytes;MCSIndex;Modulation;TargetCodeRate;ActualMCSSelectionMode;CQISource;WidebandCQI;CQIDerivedMCS;CQIDerivedModulation;CQIDerivedTargetCodeRate;RIUsed;PMI;CRI;RankIndicator;RankEstimate;QueueBytesBefore;QueueBytesAfter;queue_packets;HOLDelay_ms;logical_channel_id;qos_class;delay_budget_ms;bsr_amount;sr_state;phr_db;power_control_command;ControlEligible;ControlDecodeOk;GrantControlState;WorkerID;HostThreadID;CoordinatorState;CommitMode;GrantWorkerSafe;GrantSharedStateCommitMode,direction;ue_id;bs_id;sfn;slot;symbol,required,runtime truth fact table,table_defined,false,false,unavailable_until_canonical_artifact_or_db_view_exists,false,false,false,runtime_evidence_present_noncanonical,9,7,2,0,0,table_scheduler_decision;live_prb_allocation;table_cqi_pmi_ri;table_mcs_tbs_evolution;table_latency,reports/csv/output_coverage_registry.csv;reports/csv/output_coverage_registry.csv;reports/csv/output_coverage_registry.csv;reports/csv/output_coverage_registry.csv;reports/csv/output_coverage_registry.csv,canonical_live_table_or_view_missing_but_runtime_evidence_present
reports,scheduler-mac-queue-qos-power-control-uci-flow,Scheduler / MAC / Queue / QoS / Power Control / UCI Flow,scheduler_mac,table,live_phr_state,/reports/scheduler-mac-queue-qos-power-control-uci-flow/tables/live_phr_state,live_phr_state_v,reports/csv/live_phr_state.csv,direction;ue_id;bs_id;sfn;slot;symbol;run_id;trial_id;run_uuid;run_tag;scenario_id;timestamp_utc;data_origin;status;value_role;value_source;value_status;finalized_flag;partial_row_flag;fallback_flag;placeholder_flag;config_only_flag;cell_id;sector_id;site_id;trp_id;link_id;carrier_id;bwp_id;numerology;scs_khz;bandwidth_hz;center_frequency_hz;duplex_mode;beam_id;layer_id;codeword_id;harq_process_id;rv;channel_name;signal_name;block_name;function_name;stage_name;metric_name;metric_value;metric_unit;artifact_id;git_sha;build_id;config_hash;seed;source_system;source_db;source_schema;source_table;source_pk;na_reason;scheduler_name;scheduler_policy;scheduler_cycle_id;GrantContextId;grant_id;GrantReason;IsRetransmission;HarqID;NDI;RV;PRBStart;PRBCount;AllocatedPRBCount;SymbolStart;NumSymbols;TBSBits;TBSBytes;MCSIndex;Modulation;TargetCodeRate;ActualMCSSelectionMode;CQISource;WidebandCQI;CQIDerivedMCS;CQIDerivedModulation;CQIDerivedTargetCodeRate;RIUsed;PMI;CRI;RankIndicator;RankEstimate;QueueBytesBefore;QueueBytesAfter;queue_packets;HOLDelay_ms;logical_channel_id;qos_class;delay_budget_ms;bsr_amount;sr_state;phr_db;power_control_command;ControlEligible;ControlDecodeOk;GrantControlState;WorkerID;HostThreadID;CoordinatorState;CommitMode;GrantWorkerSafe;GrantSharedStateCommitMode,direction;ue_id;bs_id;sfn;slot;symbol,required,runtime truth fact table,table_defined,false,false,unavailable_until_canonical_artifact_or_db_view_exists,false,false,false,runtime_evidence_present_noncanonical,9,7,2,0,0,table_scheduler_decision;live_prb_allocation;table_cqi_pmi_ri;table_mcs_tbs_evolution;table_latency,reports/csv/output_coverage_registry.csv;reports/csv/output_coverage_registry.csv;reports/csv/output_coverage_registry.csv;reports/csv/output_coverage_registry.csv;reports/csv/output_coverage_registry.csv,canonical_live_table_or_view_missing_but_runtime_evidence_present
reports,scheduler-mac-queue-qos-power-control-uci-flow,Scheduler / MAC / Queue / QoS / Power Control / UCI Flow,scheduler_mac,table,live_sr_state,/reports/scheduler-mac-queue-qos-power-control-uci-flow/tables/live_sr_state,live_sr_state_v,reports/csv/live_sr_state.csv,direction;ue_id;bs_id;sfn;slot;symbol;run_id;trial_id;run_uuid;run_tag;scenario_id;timestamp_utc;data_origin;status;value_role;value_source;value_status;finalized_flag;partial_row_flag;fallback_flag;placeholder_flag;config_only_flag;cell_id;sector_id;site_id;trp_id;link_id;carrier_id;bwp_id;numerology;scs_khz;bandwidth_hz;center_frequency_hz;duplex_mode;beam_id;layer_id;codeword_id;harq_process_id;rv;channel_name;signal_name;block_name;function_name;stage_name;metric_name;metric_value;metric_unit;artifact_id;git_sha;build_id;config_hash;seed;source_system;source_db;source_schema;source_table;source_pk;na_reason;scheduler_name;scheduler_policy;scheduler_cycle_id;GrantContextId;grant_id;GrantReason;IsRetransmission;HarqID;NDI;RV;PRBStart;PRBCount;AllocatedPRBCount;SymbolStart;NumSymbols;TBSBits;TBSBytes;MCSIndex;Modulation;TargetCodeRate;ActualMCSSelectionMode;CQISource;WidebandCQI;CQIDerivedMCS;CQIDerivedModulation;CQIDerivedTargetCodeRate;RIUsed;PMI;CRI;RankIndicator;RankEstimate;QueueBytesBefore;QueueBytesAfter;queue_packets;HOLDelay_ms;logical_channel_id;qos_class;delay_budget_ms;bsr_amount;sr_state;phr_db;power_control_command;ControlEligible;ControlDecodeOk;GrantControlState;WorkerID;HostThreadID;CoordinatorState;CommitMode;GrantWorkerSafe;GrantSharedStateCommitMode,direction;ue_id;bs_id;sfn;slot;symbol,required,runtime truth fact table,table_defined,false,false,unavailable_until_canonical_artifact_or_db_view_exists,false,false,false,runtime_evidence_present_noncanonical,9,7,2,0,0,table_scheduler_decision;live_prb_allocation;table_cqi_pmi_ri;table_mcs_tbs_evolution;table_latency,reports/csv/output_coverage_registry.csv;reports/csv/output_coverage_registry.csv;reports/csv/output_coverage_registry.csv;reports/csv/output_coverage_registry.csv;reports/csv/output_coverage_registry.csv,canonical_live_table_or_view_missing_but_runtime_evidence_present
reports,scheduler-mac-queue-qos-power-control-uci-flow,Scheduler / MAC / Queue / QoS / Power Control / UCI Flow,scheduler_mac,table,live_bsr_state,/reports/scheduler-mac-queue-qos-power-control-uci-flow/tables/live_bsr_state,live_bsr_state_v,reports/csv/live_bsr_state.csv,direction;ue_id;bs_id;sfn;slot;symbol;run_id;trial_id;run_uuid;run_tag;scenario_id;timestamp_utc;data_origin;status;value_role;value_source;value_status;finalized_flag;partial_row_flag;fallback_flag;placeholder_flag;config_only_flag;cell_id;sector_id;site_id;trp_id;link_id;carrier_id;bwp_id;numerology;scs_khz;bandwidth_hz;center_frequency_hz;duplex_mode;beam_id;layer_id;codeword_id;harq_process_id;rv;channel_name;signal_name;block_name;function_name;stage_name;metric_name;metric_value;metric_unit;artifact_id;git_sha;build_id;config_hash;seed;source_system;source_db;source_schema;source_table;source_pk;na_reason;scheduler_name;scheduler_policy;scheduler_cycle_id;GrantContextId;grant_id;GrantReason;IsRetransmission;HarqID;NDI;RV;PRBStart;PRBCount;AllocatedPRBCount;SymbolStart;NumSymbols;TBSBits;TBSBytes;MCSIndex;Modulation;TargetCodeRate;ActualMCSSelectionMode;CQISource;WidebandCQI;CQIDerivedMCS;CQIDerivedModulation;CQIDerivedTargetCodeRate;RIUsed;PMI;CRI;RankIndicator;RankEstimate;QueueBytesBefore;QueueBytesAfter;queue_packets;HOLDelay_ms;logical_channel_id;qos_class;delay_budget_ms;bsr_amount;sr_state;phr_db;power_control_command;ControlEligible;ControlDecodeOk;GrantControlState;WorkerID;HostThreadID;CoordinatorState;CommitMode;GrantWorkerSafe;GrantSharedStateCommitMode,direction;ue_id;bs_id;sfn;slot;symbol,required,runtime truth fact table,table_defined,false,false,unavailable_until_canonical_artifact_or_db_view_exists,false,false,false,runtime_evidence_present_noncanonical,9,7,2,0,0,table_scheduler_decision;live_prb_allocation;table_cqi_pmi_ri;table_mcs_tbs_evolution;table_latency,reports/csv/output_coverage_registry.csv;reports/csv/output_coverage_registry.csv;reports/csv/output_coverage_registry.csv;reports/csv/output_coverage_registry.csv;reports/csv/output_coverage_registry.csv,canonical_live_table_or_view_missing_but_runtime_evidence_present
reports,scheduler-mac-queue-qos-power-control-uci-flow,Scheduler / MAC / Queue / QoS / Power Control / UCI Flow,scheduler_mac,table,live_mac_ce_state,/reports/scheduler-mac-queue-qos-power-control-uci-flow/tables/live_mac_ce_state,live_mac_ce_state_v,reports/csv/live_mac_ce_state.csv,direction;ue_id;bs_id;sfn;slot;symbol;run_id;trial_id;run_uuid;run_tag;scenario_id;timestamp_utc;data_origin;status;value_role;value_source;value_status;finalized_flag;partial_row_flag;fallback_flag;placeholder_flag;config_only_flag;cell_id;sector_id;site_id;trp_id;link_id;carrier_id;bwp_id;numerology;scs_khz;bandwidth_hz;center_frequency_hz;duplex_mode;beam_id;layer_id;codeword_id;harq_process_id;rv;channel_name;signal_name;block_name;function_name;stage_name;metric_name;metric_value;metric_unit;artifact_id;git_sha;build_id;config_hash;seed;source_system;source_db;source_schema;source_table;source_pk;na_reason;scheduler_name;scheduler_policy;scheduler_cycle_id;GrantContextId;grant_id;GrantReason;IsRetransmission;HarqID;NDI;RV;PRBStart;PRBCount;AllocatedPRBCount;SymbolStart;NumSymbols;TBSBits;TBSBytes;MCSIndex;Modulation;TargetCodeRate;ActualMCSSelectionMode;CQISource;WidebandCQI;CQIDerivedMCS;CQIDerivedModulation;CQIDerivedTargetCodeRate;RIUsed;PMI;CRI;RankIndicator;RankEstimate;QueueBytesBefore;QueueBytesAfter;queue_packets;HOLDelay_ms;logical_channel_id;qos_class;delay_budget_ms;bsr_amount;sr_state;phr_db;power_control_command;ControlEligible;ControlDecodeOk;GrantControlState;WorkerID;HostThreadID;CoordinatorState;CommitMode;GrantWorkerSafe;GrantSharedStateCommitMode,direction;ue_id;bs_id;sfn;slot;symbol,required,runtime truth fact table,table_defined,false,false,unavailable_until_canonical_artifact_or_db_view_exists,false,false,false,runtime_evidence_present_noncanonical,9,7,2,0,0,table_scheduler_decision;live_prb_allocation;table_cqi_pmi_ri;table_mcs_tbs_evolution;table_latency,reports/csv/output_coverage_registry.csv;reports/csv/output_coverage_registry.csv;reports/csv/output_coverage_registry.csv;reports/csv/output_coverage_registry.csv;reports/csv/output_coverage_registry.csv,canonical_live_table_or_view_missing_but_runtime_evidence_present
reports,harq-ack-nack-retransmission,HARQ / ACK-NACK / Retransmission,harq,table,live_harq_process_table,/reports/harq-ack-nack-retransmission/tables/live_harq_process_table,live_harq_process_table_v,reports/csv/live_harq_process_table.csv,direction;ue_id;bs_id;sfn;slot;symbol;run_id;trial_id;run_uuid;run_tag;scenario_id;timestamp_utc;data_origin;status;value_role;value_source;value_status;finalized_flag;partial_row_flag;fallback_flag;placeholder_flag;config_only_flag;cell_id;sector_id;site_id;trp_id;link_id;carrier_id;bwp_id;numerology;scs_khz;bandwidth_hz;center_frequency_hz;duplex_mode;beam_id;layer_id;codeword_id;harq_process_id;rv;channel_name;signal_name;block_name;function_name;stage_name;metric_name;metric_value;metric_unit;artifact_id;git_sha;build_id;config_hash;seed;source_system;source_db;source_schema;source_table;source_pk;na_reason;new_tx_or_retx;retransmission_attempt_count;crc_result;ack_nack;combining_enabled_flag;combining_gain_db;residual_bler_estimate;soft_buffer_id;soft_buffer_bytes;harq_rtt_ms;harq_state;error_reason;tb_id,direction;ue_id;bs_id;sfn;slot;symbol,required,runtime truth fact table,table_defined,false,false,unavailable_until_canonical_artifact_or_db_view_exists,false,false,false,runtime_partial_evidence_present_noncanonical,2,0,2,0,0,table_harq_process;harq_timeline_plot,reports/csv/output_coverage_registry.csv;reports/csv/output_coverage_registry.csv,canonical_live_table_or_view_missing_but_runtime_evidence_present
reports,harq-ack-nack-retransmission,HARQ / ACK-NACK / Retransmission,harq,table,live_harq_timeline,/reports/harq-ack-nack-retransmission/tables/live_harq_timeline,live_harq_timeline_v,reports/csv/live_harq_timeline.csv,direction;ue_id;bs_id;sfn;slot;symbol;run_id;trial_id;run_uuid;run_tag;scenario_id;timestamp_utc;data_origin;status;value_role;value_source;value_status;finalized_flag;partial_row_flag;fallback_flag;placeholder_flag;config_only_flag;cell_id;sector_id;site_id;trp_id;link_id;carrier_id;bwp_id;numerology;scs_khz;bandwidth_hz;center_frequency_hz;duplex_mode;beam_id;layer_id;codeword_id;harq_process_id;rv;channel_name;signal_name;block_name;function_name;stage_name;metric_name;metric_value;metric_unit;artifact_id;git_sha;build_id;config_hash;seed;source_system;source_db;source_schema;source_table;source_pk;na_reason;new_tx_or_retx;retransmission_attempt_count;crc_result;ack_nack;combining_enabled_flag;combining_gain_db;residual_bler_estimate;soft_buffer_id;soft_buffer_bytes;harq_rtt_ms;harq_state;error_reason;tb_id,direction;ue_id;bs_id;sfn;slot;symbol,required,runtime truth fact table,table_defined,false,false,unavailable_until_canonical_artifact_or_db_view_exists,false,false,false,runtime_partial_evidence_present_noncanonical,2,0,2,0,0,table_harq_process;harq_timeline_plot,reports/csv/output_coverage_registry.csv;reports/csv/output_coverage_registry.csv,canonical_live_table_or_view_missing_but_runtime_evidence_present
reports,harq-ack-nack-retransmission,HARQ / ACK-NACK / Retransmission,harq,table,live_ack_nack_table,/reports/harq-ack-nack-retransmission/tables/live_ack_nack_table,live_ack_nack_table_v,reports/csv/live_ack_nack_table.csv,direction;ue_id;bs_id;sfn;slot;symbol;run_id;trial_id;run_uuid;run_tag;scenario_id;timestamp_utc;data_origin;status;value_role;value_source;value_status;finalized_flag;partial_row_flag;fallback_flag;placeholder_flag;config_only_flag;cell_id;sector_id;site_id;trp_id;link_id;carrier_id;bwp_id;numerology;scs_khz;bandwidth_hz;center_frequency_hz;duplex_mode;beam_id;layer_id;codeword_id;harq_process_id;rv;channel_name;signal_name;block_name;function_name;stage_name;metric_name;metric_value;metric_unit;artifact_id;git_sha;build_id;config_hash;seed;source_system;source_db;source_schema;source_table;source_pk;na_reason;new_tx_or_retx;retransmission_attempt_count;crc_result;ack_nack;combining_enabled_flag;combining_gain_db;residual_bler_estimate;soft_buffer_id;soft_buffer_bytes;harq_rtt_ms;harq_state;error_reason;tb_id,direction;ue_id;bs_id;sfn;slot;symbol,required,runtime truth fact table,table_defined,false,false,unavailable_until_canonical_artifact_or_db_view_exists,false,false,false,runtime_partial_evidence_present_noncanonical,2,0,2,0,0,table_harq_process;harq_timeline_plot,reports/csv/output_coverage_registry.csv;reports/csv/output_coverage_registry.csv,canonical_live_table_or_view_missing_but_runtime_evidence_present
reports,harq-ack-nack-retransmission,HARQ / ACK-NACK / Retransmission,harq,table,live_soft_buffer_table,/reports/harq-ack-nack-retransmission/tables/live_soft_buffer_table,live_soft_buffer_table_v,reports/csv/live_soft_buffer_table.csv,direction;ue_id;bs_id;sfn;slot;symbol;run_id;trial_id;run_uuid;run_tag;scenario_id;timestamp_utc;data_origin;status;value_role;value_source;value_status;finalized_flag;partial_row_flag;fallback_flag;placeholder_flag;config_only_flag;cell_id;sector_id;site_id;trp_id;link_id;carrier_id;bwp_id;numerology;scs_khz;bandwidth_hz;center_frequency_hz;duplex_mode;beam_id;layer_id;codeword_id;harq_process_id;rv;channel_name;signal_name;block_name;function_name;stage_name;metric_name;metric_value;metric_unit;artifact_id;git_sha;build_id;config_hash;seed;source_system;source_db;source_schema;source_table;source_pk;na_reason;new_tx_or_retx;retransmission_attempt_count;crc_result;ack_nack;combining_enabled_flag;combining_gain_db;residual_bler_estimate;soft_buffer_id;soft_buffer_bytes;harq_rtt_ms;harq_state;error_reason;tb_id,direction;ue_id;bs_id;sfn;slot;symbol,required,runtime truth fact table,table_defined,false,false,unavailable_until_canonical_artifact_or_db_view_exists,false,false,false,runtime_partial_evidence_present_noncanonical,2,0,2,0,0,table_harq_process;harq_timeline_plot,reports/csv/output_coverage_registry.csv;reports/csv/output_coverage_registry.csv,canonical_live_table_or_view_missing_but_runtime_evidence_present
reports,dl-control-phy-pdcch,DL Control PHY - PDCCH,control_phy,table,live_pdcch_stage_table,/reports/dl-control-phy-pdcch/tables/live_pdcch_stage_table,live_pdcch_stage_table_v,reports/csv/live_pdcch_stage_table.csv,direction;ue_id;bs_id;sfn;slot;symbol;run_id;trial_id;run_uuid;run_tag;scenario_id;timestamp_utc;data_origin;status;value_role;value_source;value_status;finalized_flag;partial_row_flag;fallback_flag;placeholder_flag;config_only_flag;cell_id;sector_id;site_id;trp_id;link_id;carrier_id;bwp_id;numerology;scs_khz;bandwidth_hz;center_frequency_hz;duplex_mode;beam_id;layer_id;codeword_id;harq_process_id;rv;channel_name;signal_name;block_name;function_name;stage_name;metric_name;metric_value;metric_unit;artifact_id;git_sha;build_id;config_hash;seed;source_system;source_db;source_schema;source_table;source_pk;na_reason;payload_bits;payload_length_bits;crc_length_bits;polar_K;polar_E;polar_N;scrambling_id;qam_order;coreset_id;search_space_id;cce_start;aggregation_level;mapped_re_count;dmrs_re_count;iq_artifact_id;stage_latency_ms;stage_status,direction;ue_id;bs_id;sfn;slot;symbol,required,runtime truth fact table,table_defined,false,false,unavailable_until_canonical_artifact_or_db_view_exists,false,false,false,runtime_evidence_present_noncanonical,15,10,0,5,0,pdcch_dci_table;ssb_pbch_table;csi_rs_table;prach_table;pucch_table,reports/csv/output_coverage_registry.csv;reports/csv/output_coverage_registry.csv;reports/csv/output_coverage_registry.csv;reports/csv/output_coverage_registry.csv;reports/csv/output_coverage_registry.csv,canonical_live_table_or_view_missing_but_runtime_evidence_present
reports,dl-control-phy-pdcch,DL Control PHY - PDCCH,control_phy,table,live_pdcch_summary,/reports/dl-control-phy-pdcch/tables/live_pdcch_summary,live_pdcch_summary_v,reports/csv/live_pdcch_summary.csv,direction;ue_id;bs_id;sfn;slot;symbol;run_id;trial_id;run_uuid;run_tag;scenario_id;timestamp_utc;data_origin;status;value_role;value_source;value_status;finalized_flag;partial_row_flag;fallback_flag;placeholder_flag;config_only_flag;cell_id;sector_id;site_id;trp_id;link_id;carrier_id;bwp_id;numerology;scs_khz;bandwidth_hz;center_frequency_hz;duplex_mode;beam_id;layer_id;codeword_id;harq_process_id;rv;channel_name;signal_name;block_name;function_name;stage_name;metric_name;metric_value;metric_unit;artifact_id;git_sha;build_id;config_hash;seed;source_system;source_db;source_schema;source_table;source_pk;na_reason;payload_bits;payload_length_bits;crc_length_bits;polar_K;polar_E;polar_N;scrambling_id;qam_order;coreset_id;search_space_id;cce_start;aggregation_level;mapped_re_count;dmrs_re_count;iq_artifact_id;stage_latency_ms;stage_status,direction;ue_id;bs_id;sfn;slot;symbol,required,runtime truth fact table,table_defined,false,false,unavailable_until_canonical_artifact_or_db_view_exists,false,false,false,runtime_evidence_present_noncanonical,15,10,0,5,0,pdcch_dci_table;ssb_pbch_table;csi_rs_table;prach_table;pucch_table,reports/csv/output_coverage_registry.csv;reports/csv/output_coverage_registry.csv;reports/csv/output_coverage_registry.csv;reports/csv/output_coverage_registry.csv;reports/csv/output_coverage_registry.csv,canonical_live_table_or_view_missing_but_runtime_evidence_present
reports,dl-control-phy-pdcch,DL Control PHY - PDCCH,control_phy,table,live_pdcch_dmrs_table,/reports/dl-control-phy-pdcch/tables/live_pdcch_dmrs_table,live_pdcch_dmrs_table_v,reports/csv/live_pdcch_dmrs_table.csv,direction;ue_id;bs_id;sfn;slot;symbol;run_id;trial_id;run_uuid;run_tag;scenario_id;timestamp_utc;data_origin;status;value_role;value_source;value_status;finalized_flag;partial_row_flag;fallback_flag;placeholder_flag;config_only_flag;cell_id;sector_id;site_id;trp_id;link_id;carrier_id;bwp_id;numerology;scs_khz;bandwidth_hz;center_frequency_hz;duplex_mode;beam_id;layer_id;codeword_id;harq_process_id;rv;channel_name;signal_name;block_name;function_name;stage_name;metric_name;metric_value;metric_unit;artifact_id;git_sha;build_id;config_hash;seed;source_system;source_db;source_schema;source_table;source_pk;na_reason;payload_bits;payload_length_bits;crc_length_bits;polar_K;polar_E;polar_N;scrambling_id;qam_order;coreset_id;search_space_id;cce_start;aggregation_level;mapped_re_count;dmrs_re_count;iq_artifact_id;stage_latency_ms;stage_status,direction;ue_id;bs_id;sfn;slot;symbol,required,runtime truth fact table,table_defined,false,false,unavailable_until_canonical_artifact_or_db_view_exists,false,false,false,runtime_evidence_present_noncanonical,15,10,0,5,0,pdcch_dci_table;ssb_pbch_table;csi_rs_table;prach_table;pucch_table,reports/csv/output_coverage_registry.csv;reports/csv/output_coverage_registry.csv;reports/csv/output_coverage_registry.csv;reports/csv/output_coverage_registry.csv;reports/csv/output_coverage_registry.csv,canonical_live_table_or_view_missing_but_runtime_evidence_present
reports,ssb-pbch-pss-sss,SSB / PBCH / PSS / SSS,control_phy,table,live_ssb_stage_table,/reports/ssb-pbch-pss-sss/tables/live_ssb_stage_table,live_ssb_stage_table_v,reports/csv/live_ssb_stage_table.csv,direction;ue_id;bs_id;sfn;slot;symbol;run_id;trial_id;run_uuid;run_tag;scenario_id;timestamp_utc;data_origin;status;value_role;value_source;value_status;finalized_flag;partial_row_flag;fallback_flag;placeholder_flag;config_only_flag;cell_id;sector_id;site_id;trp_id;link_id;carrier_id;bwp_id;numerology;scs_khz;bandwidth_hz;center_frequency_hz;duplex_mode;beam_id;layer_id;codeword_id;harq_process_id;rv;channel_name;signal_name;block_name;function_name;stage_name;metric_name;metric_value;metric_unit;artifact_id;git_sha;build_id;config_hash;seed;source_system;source_db;source_schema;source_table;source_pk;na_reason;payload_bits;payload_length_bits;crc_length_bits;polar_K;polar_E;polar_N;scrambling_id;qam_order;coreset_id;search_space_id;cce_start;aggregation_level;mapped_re_count;dmrs_re_count;iq_artifact_id;stage_latency_ms;stage_status,direction;ue_id;bs_id;sfn;slot;symbol,required,runtime truth fact table,table_defined,false,false,unavailable_until_canonical_artifact_or_db_view_exists,false,false,false,runtime_evidence_present_noncanonical,15,10,0,5,0,pdcch_dci_table;ssb_pbch_table;csi_rs_table;prach_table;pucch_table,reports/csv/output_coverage_registry.csv;reports/csv/output_coverage_registry.csv;reports/csv/output_coverage_registry.csv;reports/csv/output_coverage_registry.csv;reports/csv/output_coverage_registry.csv,canonical_live_table_or_view_missing_but_runtime_evidence_present
reports,ssb-pbch-pss-sss,SSB / PBCH / PSS / SSS,control_phy,table,live_pbch_summary,/reports/ssb-pbch-pss-sss/tables/live_pbch_summary,live_pbch_summary_v,reports/csv/live_pbch_summary.csv,direction;ue_id;bs_id;sfn;slot;symbol;run_id;trial_id;run_uuid;run_tag;scenario_id;timestamp_utc;data_origin;status;value_role;value_source;value_status;finalized_flag;partial_row_flag;fallback_flag;placeholder_flag;config_only_flag;cell_id;sector_id;site_id;trp_id;link_id;carrier_id;bwp_id;numerology;scs_khz;bandwidth_hz;center_frequency_hz;duplex_mode;beam_id;layer_id;codeword_id;harq_process_id;rv;channel_name;signal_name;block_name;function_name;stage_name;metric_name;metric_value;metric_unit;artifact_id;git_sha;build_id;config_hash;seed;source_system;source_db;source_schema;source_table;source_pk;na_reason;payload_bits;payload_length_bits;crc_length_bits;polar_K;polar_E;polar_N;scrambling_id;qam_order;coreset_id;search_space_id;cce_start;aggregation_level;mapped_re_count;dmrs_re_count;iq_artifact_id;stage_latency_ms;stage_status,direction;ue_id;bs_id;sfn;slot;symbol,required,runtime truth fact table,table_defined,false,false,unavailable_until_canonical_artifact_or_db_view_exists,false,false,false,runtime_evidence_present_noncanonical,15,10,0,5,0,pdcch_dci_table;ssb_pbch_table;csi_rs_table;prach_table;pucch_table,reports/csv/output_coverage_registry.csv;reports/csv/output_coverage_registry.csv;reports/csv/output_coverage_registry.csv;reports/csv/output_coverage_registry.csv;reports/csv/output_coverage_registry.csv,canonical_live_table_or_view_missing_but_runtime_evidence_present
reports,ssb-pbch-pss-sss,SSB / PBCH / PSS / SSS,control_phy,table,live_sync_signal_state,/reports/ssb-pbch-pss-sss/tables/live_sync_signal_state,live_sync_signal_state_v,reports/csv/live_sync_signal_state.csv,direction;ue_id;bs_id;sfn;slot;symbol;run_id;trial_id;run_uuid;run_tag;scenario_id;timestamp_utc;data_origin;status;value_role;value_source;value_status;finalized_flag;partial_row_flag;fallback_flag;placeholder_flag;config_only_flag;cell_id;sector_id;site_id;trp_id;link_id;carrier_id;bwp_id;numerology;scs_khz;bandwidth_hz;center_frequency_hz;duplex_mode;beam_id;layer_id;codeword_id;harq_process_id;rv;channel_name;signal_name;block_name;function_name;stage_name;metric_name;metric_value;metric_unit;artifact_id;git_sha;build_id;config_hash;seed;source_system;source_db;source_schema;source_table;source_pk;na_reason;payload_bits;payload_length_bits;crc_length_bits;polar_K;polar_E;polar_N;scrambling_id;qam_order;coreset_id;search_space_id;cce_start;aggregation_level;mapped_re_count;dmrs_re_count;iq_artifact_id;stage_latency_ms;stage_status,direction;ue_id;bs_id;sfn;slot;symbol,required,runtime truth fact table,table_defined,false,false,unavailable_until_canonical_artifact_or_db_view_exists,false,false,false,runtime_evidence_present_noncanonical,15,10,0,5,0,pdcch_dci_table;ssb_pbch_table;csi_rs_table;prach_table;pucch_table,reports/csv/output_coverage_registry.csv;reports/csv/output_coverage_registry.csv;reports/csv/output_coverage_registry.csv;reports/csv/output_coverage_registry.csv;reports/csv/output_coverage_registry.csv,canonical_live_table_or_view_missing_but_runtime_evidence_present
reports,csi-rs,CSI-RS,control_phy,table,live_csirs_stage_table,/reports/csi-rs/tables/live_csirs_stage_table,live_csirs_stage_table_v,reports/csv/live_csirs_stage_table.csv,direction;ue_id;bs_id;sfn;slot;symbol;run_id;trial_id;run_uuid;run_tag;scenario_id;timestamp_utc;data_origin;status;value_role;value_source;value_status;finalized_flag;partial_row_flag;fallback_flag;placeholder_flag;config_only_flag;cell_id;sector_id;site_id;trp_id;link_id;carrier_id;bwp_id;numerology;scs_khz;bandwidth_hz;center_frequency_hz;duplex_mode;beam_id;layer_id;codeword_id;harq_process_id;rv;channel_name;signal_name;block_name;function_name;stage_name;metric_name;metric_value;metric_unit;artifact_id;git_sha;build_id;config_hash;seed;source_system;source_db;source_schema;source_table;source_pk;na_reason;payload_bits;payload_length_bits;crc_length_bits;polar_K;polar_E;polar_N;scrambling_id;qam_order;coreset_id;search_space_id;cce_start;aggregation_level;mapped_re_count;dmrs_re_count;iq_artifact_id;stage_latency_ms;stage_status,direction;ue_id;bs_id;sfn;slot;symbol,required,runtime truth fact table,table_defined,false,false,unavailable_until_canonical_artifact_or_db_view_exists,false,false,false,runtime_evidence_present_noncanonical,15,10,0,5,0,pdcch_dci_table;ssb_pbch_table;csi_rs_table;prach_table;pucch_table,reports/csv/output_coverage_registry.csv;reports/csv/output_coverage_registry.csv;reports/csv/output_coverage_registry.csv;reports/csv/output_coverage_registry.csv;reports/csv/output_coverage_registry.csv,canonical_live_table_or_view_missing_but_runtime_evidence_present
reports,csi-rs,CSI-RS,control_phy,table,live_csirs_resource_table,/reports/csi-rs/tables/live_csirs_resource_table,live_csirs_resource_table_v,reports/csv/live_csirs_resource_table.csv,direction;ue_id;bs_id;sfn;slot;symbol;run_id;trial_id;run_uuid;run_tag;scenario_id;timestamp_utc;data_origin;status;value_role;value_source;value_status;finalized_flag;partial_row_flag;fallback_flag;placeholder_flag;config_only_flag;cell_id;sector_id;site_id;trp_id;link_id;carrier_id;bwp_id;numerology;scs_khz;bandwidth_hz;center_frequency_hz;duplex_mode;beam_id;layer_id;codeword_id;harq_process_id;rv;channel_name;signal_name;block_name;function_name;stage_name;metric_name;metric_value;metric_unit;artifact_id;git_sha;build_id;config_hash;seed;source_system;source_db;source_schema;source_table;source_pk;na_reason;payload_bits;payload_length_bits;crc_length_bits;polar_K;polar_E;polar_N;scrambling_id;qam_order;coreset_id;search_space_id;cce_start;aggregation_level;mapped_re_count;dmrs_re_count;iq_artifact_id;stage_latency_ms;stage_status,direction;ue_id;bs_id;sfn;slot;symbol,required,runtime truth fact table,table_defined,false,false,unavailable_until_canonical_artifact_or_db_view_exists,false,false,false,runtime_evidence_present_noncanonical,15,10,0,5,0,pdcch_dci_table;ssb_pbch_table;csi_rs_table;prach_table;pucch_table,reports/csv/output_coverage_registry.csv;reports/csv/output_coverage_registry.csv;reports/csv/output_coverage_registry.csv;reports/csv/output_coverage_registry.csv;reports/csv/output_coverage_registry.csv,canonical_live_table_or_view_missing_but_runtime_evidence_present
reports,pdsch-dl-data-chain,PDSCH / DL Data Chain,pdsch,table,live_pdsch_stage_table,/reports/pdsch-dl-data-chain/tables/live_pdsch_stage_table,live_pdsch_stage_table_v,reports/csv/live_pdsch_stage_table.csv,direction;ue_id;bs_id;sfn;slot;symbol;run_id;trial_id;run_uuid;run_tag;scenario_id;timestamp_utc;data_origin;status;value_role;value_source;value_status;finalized_flag;partial_row_flag;fallback_flag;placeholder_flag;config_only_flag;cell_id;sector_id;site_id;trp_id;link_id;carrier_id;bwp_id;numerology;scs_khz;bandwidth_hz;center_frequency_hz;duplex_mode;beam_id;layer_id;codeword_id;harq_process_id;rv;channel_name;signal_name;block_name;function_name;stage_name;metric_name;metric_value;metric_unit;artifact_id;git_sha;build_id;config_hash;seed;source_system;source_db;source_schema;source_table;source_pk;na_reason;TBSize_bits;TBCRCLength_bits;TBLengthWithCRC_bits;NumCodeBlocks;CodeBlockLength_bits;SegmentationOccurred;SegmentationPaddingBits;BaseGraph;EncodedBits;RateMatchedBits;RateMatchPunctureBits;RateMatchRepetitionBits;MCSIndex;Modulation;TargetCodeRate;Layers;Rank;codeword_count;PMI;CRI;ConfiguredBeamSelectionStrategy;BeamSelectionStrategy;BeamIndexSet;AppliedBeamIndexSet;AppliedPrecoderPMI;AppliedPrecoderPMIType;AppliedPrecoderCodebookMode;PrecodingNumPorts;PrecodingNumLayers;PrecodingMatrixRows;PrecodingMatrixCols;PrecodingActive;BeamformingApplied;TransformPrecodingApplied;ExplicitBeamWeightsApplied;dmrs_type;dmrs_ports;dmrs_symbol_mask;ptrs_enabled_flag;ptrs_re_count;mapped_prb_count;mapped_re_count;iq_artifact_id;resource_grid_artifact_id;stage_latency_ms;stage_status,direction;ue_id;bs_id;sfn;slot;symbol,required,runtime truth fact table,table_defined,false,false,unavailable_until_canonical_artifact_or_db_view_exists,false,false,false,runtime_evidence_present_noncanonical,6,3,1,2,0,table_dl_transport_block;dl_resource_grid_heatmap;ul_resource_grid_heatmap,reports/csv/output_coverage_registry.csv;reports/csv/output_coverage_registry.csv;reports/csv/output_coverage_registry.csv,canonical_live_table_or_view_missing_but_runtime_evidence_present
reports,pdsch-dl-data-chain,PDSCH / DL Data Chain,pdsch,table,live_pdsch_transport_block_table,/reports/pdsch-dl-data-chain/tables/live_pdsch_transport_block_table,live_pdsch_transport_block_table_v,reports/csv/live_pdsch_transport_block_table.csv,direction;ue_id;bs_id;sfn;slot;symbol;run_id;trial_id;run_uuid;run_tag;scenario_id;timestamp_utc;data_origin;status;value_role;value_source;value_status;finalized_flag;partial_row_flag;fallback_flag;placeholder_flag;config_only_flag;cell_id;sector_id;site_id;trp_id;link_id;carrier_id;bwp_id;numerology;scs_khz;bandwidth_hz;center_frequency_hz;duplex_mode;beam_id;layer_id;codeword_id;harq_process_id;rv;channel_name;signal_name;block_name;function_name;stage_name;metric_name;metric_value;metric_unit;artifact_id;git_sha;build_id;config_hash;seed;source_system;source_db;source_schema;source_table;source_pk;na_reason;TBSize_bits;TBCRCLength_bits;TBLengthWithCRC_bits;NumCodeBlocks;CodeBlockLength_bits;SegmentationOccurred;SegmentationPaddingBits;BaseGraph;EncodedBits;RateMatchedBits;RateMatchPunctureBits;RateMatchRepetitionBits;MCSIndex;Modulation;TargetCodeRate;Layers;Rank;codeword_count;PMI;CRI;ConfiguredBeamSelectionStrategy;BeamSelectionStrategy;BeamIndexSet;AppliedBeamIndexSet;AppliedPrecoderPMI;AppliedPrecoderPMIType;AppliedPrecoderCodebookMode;PrecodingNumPorts;PrecodingNumLayers;PrecodingMatrixRows;PrecodingMatrixCols;PrecodingActive;BeamformingApplied;TransformPrecodingApplied;ExplicitBeamWeightsApplied;dmrs_type;dmrs_ports;dmrs_symbol_mask;ptrs_enabled_flag;ptrs_re_count;mapped_prb_count;mapped_re_count;iq_artifact_id;resource_grid_artifact_id;stage_latency_ms;stage_status,direction;ue_id;bs_id;sfn;slot;symbol,required,runtime truth fact table,table_defined,false,false,unavailable_until_canonical_artifact_or_db_view_exists,false,false,false,runtime_evidence_present_noncanonical,6,3,1,2,0,table_dl_transport_block;dl_resource_grid_heatmap;ul_resource_grid_heatmap,reports/csv/output_coverage_registry.csv;reports/csv/output_coverage_registry.csv;reports/csv/output_coverage_registry.csv,canonical_live_table_or_view_missing_but_runtime_evidence_present
reports,pdsch-dl-data-chain,PDSCH / DL Data Chain,pdsch,table,live_pdsch_code_block_table,/reports/pdsch-dl-data-chain/tables/live_pdsch_code_block_table,live_pdsch_code_block_table_v,reports/csv/live_pdsch_code_block_table.csv,direction;ue_id;bs_id;sfn;slot;symbol;run_id;trial_id;run_uuid;run_tag;scenario_id;timestamp_utc;data_origin;status;value_role;value_source;value_status;finalized_flag;partial_row_flag;fallback_flag;placeholder_flag;config_only_flag;cell_id;sector_id;site_id;trp_id;link_id;carrier_id;bwp_id;numerology;scs_khz;bandwidth_hz;center_frequency_hz;duplex_mode;beam_id;layer_id;codeword_id;harq_process_id;rv;channel_name;signal_name;block_name;function_name;stage_name;metric_name;metric_value;metric_unit;artifact_id;git_sha;build_id;config_hash;seed;source_system;source_db;source_schema;source_table;source_pk;na_reason;TBSize_bits;TBCRCLength_bits;TBLengthWithCRC_bits;NumCodeBlocks;CodeBlockLength_bits;SegmentationOccurred;SegmentationPaddingBits;BaseGraph;EncodedBits;RateMatchedBits;RateMatchPunctureBits;RateMatchRepetitionBits;MCSIndex;Modulation;TargetCodeRate;Layers;Rank;codeword_count;PMI;CRI;ConfiguredBeamSelectionStrategy;BeamSelectionStrategy;BeamIndexSet;AppliedBeamIndexSet;AppliedPrecoderPMI;AppliedPrecoderPMIType;AppliedPrecoderCodebookMode;PrecodingNumPorts;PrecodingNumLayers;PrecodingMatrixRows;PrecodingMatrixCols;PrecodingActive;BeamformingApplied;TransformPrecodingApplied;ExplicitBeamWeightsApplied;dmrs_type;dmrs_ports;dmrs_symbol_mask;ptrs_enabled_flag;ptrs_re_count;mapped_prb_count;mapped_re_count;iq_artifact_id;resource_grid_artifact_id;stage_latency_ms;stage_status,direction;ue_id;bs_id;sfn;slot;symbol,required,runtime truth fact table,table_defined,false,false,unavailable_until_canonical_artifact_or_db_view_exists,false,false,false,runtime_evidence_present_noncanonical,6,3,1,2,0,table_dl_transport_block;dl_resource_grid_heatmap;ul_resource_grid_heatmap,reports/csv/output_coverage_registry.csv;reports/csv/output_coverage_registry.csv;reports/csv/output_coverage_registry.csv,canonical_live_table_or_view_missing_but_runtime_evidence_present
reports,pdsch-dl-data-chain,PDSCH / DL Data Chain,pdsch,table,live_pdsch_mapping_table,/reports/pdsch-dl-data-chain/tables/live_pdsch_mapping_table,live_pdsch_mapping_table_v,reports/csv/live_pdsch_mapping_table.csv,direction;ue_id;bs_id;sfn;slot;symbol;run_id;trial_id;run_uuid;run_tag;scenario_id;timestamp_utc;data_origin;status;value_role;value_source;value_status;finalized_flag;partial_row_flag;fallback_flag;placeholder_flag;config_only_flag;cell_id;sector_id;site_id;trp_id;link_id;carrier_id;bwp_id;numerology;scs_khz;bandwidth_hz;center_frequency_hz;duplex_mode;beam_id;layer_id;codeword_id;harq_process_id;rv;channel_name;signal_name;block_name;function_name;stage_name;metric_name;metric_value;metric_unit;artifact_id;git_sha;build_id;config_hash;seed;source_system;source_db;source_schema;source_table;source_pk;na_reason;TBSize_bits;TBCRCLength_bits;TBLengthWithCRC_bits;NumCodeBlocks;CodeBlockLength_bits;SegmentationOccurred;SegmentationPaddingBits;BaseGraph;EncodedBits;RateMatchedBits;RateMatchPunctureBits;RateMatchRepetitionBits;MCSIndex;Modulation;TargetCodeRate;Layers;Rank;codeword_count;PMI;CRI;ConfiguredBeamSelectionStrategy;BeamSelectionStrategy;BeamIndexSet;AppliedBeamIndexSet;AppliedPrecoderPMI;AppliedPrecoderPMIType;AppliedPrecoderCodebookMode;PrecodingNumPorts;PrecodingNumLayers;PrecodingMatrixRows;PrecodingMatrixCols;PrecodingActive;BeamformingApplied;TransformPrecodingApplied;ExplicitBeamWeightsApplied;dmrs_type;dmrs_ports;dmrs_symbol_mask;ptrs_enabled_flag;ptrs_re_count;mapped_prb_count;mapped_re_count;iq_artifact_id;resource_grid_artifact_id;stage_latency_ms;stage_status,direction;ue_id;bs_id;sfn;slot;symbol,required,runtime truth fact table,table_defined,false,false,unavailable_until_canonical_artifact_or_db_view_exists,false,false,false,runtime_evidence_present_noncanonical,6,3,1,2,0,table_dl_transport_block;dl_resource_grid_heatmap;ul_resource_grid_heatmap,reports/csv/output_coverage_registry.csv;reports/csv/output_coverage_registry.csv;reports/csv/output_coverage_registry.csv,canonical_live_table_or_view_missing_but_runtime_evidence_present
reports,pdsch-dl-data-chain,PDSCH / DL Data Chain,pdsch,table,live_pdsch_dmrs_ptrs_table,/reports/pdsch-dl-data-chain/tables/live_pdsch_dmrs_ptrs_table,live_pdsch_dmrs_ptrs_table_v,reports/csv/live_pdsch_dmrs_ptrs_table.csv,direction;ue_id;bs_id;sfn;slot;symbol;run_id;trial_id;run_uuid;run_tag;scenario_id;timestamp_utc;data_origin;status;value_role;value_source;value_status;finalized_flag;partial_row_flag;fallback_flag;placeholder_flag;config_only_flag;cell_id;sector_id;site_id;trp_id;link_id;carrier_id;bwp_id;numerology;scs_khz;bandwidth_hz;center_frequency_hz;duplex_mode;beam_id;layer_id;codeword_id;harq_process_id;rv;channel_name;signal_name;block_name;function_name;stage_name;metric_name;metric_value;metric_unit;artifact_id;git_sha;build_id;config_hash;seed;source_system;source_db;source_schema;source_table;source_pk;na_reason;TBSize_bits;TBCRCLength_bits;TBLengthWithCRC_bits;NumCodeBlocks;CodeBlockLength_bits;SegmentationOccurred;SegmentationPaddingBits;BaseGraph;EncodedBits;RateMatchedBits;RateMatchPunctureBits;RateMatchRepetitionBits;MCSIndex;Modulation;TargetCodeRate;Layers;Rank;codeword_count;PMI;CRI;ConfiguredBeamSelectionStrategy;BeamSelectionStrategy;BeamIndexSet;AppliedBeamIndexSet;AppliedPrecoderPMI;AppliedPrecoderPMIType;AppliedPrecoderCodebookMode;PrecodingNumPorts;PrecodingNumLayers;PrecodingMatrixRows;PrecodingMatrixCols;PrecodingActive;BeamformingApplied;TransformPrecodingApplied;ExplicitBeamWeightsApplied;dmrs_type;dmrs_ports;dmrs_symbol_mask;ptrs_enabled_flag;ptrs_re_count;mapped_prb_count;mapped_re_count;iq_artifact_id;resource_grid_artifact_id;stage_latency_ms;stage_status,direction;ue_id;bs_id;sfn;slot;symbol,required,runtime truth fact table,table_defined,false,false,unavailable_until_canonical_artifact_or_db_view_exists,false,false,false,runtime_evidence_present_noncanonical,6,3,1,2,0,table_dl_transport_block;dl_resource_grid_heatmap;ul_resource_grid_heatmap,reports/csv/output_coverage_registry.csv;reports/csv/output_coverage_registry.csv;reports/csv/output_coverage_registry.csv,canonical_live_table_or_view_missing_but_runtime_evidence_present
reports,pusch-ul-data-chain,PUSCH / UL Data Chain,pusch,table,live_pusch_stage_table,/reports/pusch-ul-data-chain/tables/live_pusch_stage_table,live_pusch_stage_table_v,reports/csv/live_pusch_stage_table.csv,direction;ue_id;bs_id;sfn;slot;symbol;run_id;trial_id;run_uuid;run_tag;scenario_id;timestamp_utc;data_origin;status;value_role;value_source;value_status;finalized_flag;partial_row_flag;fallback_flag;placeholder_flag;config_only_flag;cell_id;sector_id;site_id;trp_id;link_id;carrier_id;bwp_id;numerology;scs_khz;bandwidth_hz;center_frequency_hz;duplex_mode;beam_id;layer_id;codeword_id;harq_process_id;rv;channel_name;signal_name;block_name;function_name;stage_name;metric_name;metric_value;metric_unit;artifact_id;git_sha;build_id;config_hash;seed;source_system;source_db;source_schema;source_table;source_pk;na_reason;ul_iq_artifact_id;dmrs_sequence_id;channel_estimator_type;channel_estimate_artifact_id;timing_advance_estimate;timing_advance_compensation_flag;equalizer_type;phase_noise_estimation_flag;phase_noise_compensation_flag;re_demapping_state;layer_demapping_state;demapper_type;descrambling_id;uci_on_pusch_present;uci_on_pusch_decode_status;NumCodeBlocks;decoder_iterations;harq_combining_enabled;harq_combining_gain_db;cb_crc_pass_count;cb_crc_fail_count;tb_crc_pass_flag;mac_payload_bits;mac_payload_artifact_id;LLRMeanAbs;LLRStdAbs;LLRImbalance;stage_latency_ms;stage_status,direction;ue_id;bs_id;sfn;slot;symbol,required,runtime truth fact table,table_defined,false,false,unavailable_until_canonical_artifact_or_db_view_exists,false,false,false,runtime_evidence_present_noncanonical,6,3,1,2,0,table_ul_transport_block;dl_resource_grid_heatmap;ul_resource_grid_heatmap,reports/csv/output_coverage_registry.csv;reports/csv/output_coverage_registry.csv;reports/csv/output_coverage_registry.csv,canonical_live_table_or_view_missing_but_runtime_evidence_present
reports,pusch-ul-data-chain,PUSCH / UL Data Chain,pusch,table,live_pusch_rx_summary,/reports/pusch-ul-data-chain/tables/live_pusch_rx_summary,live_pusch_rx_summary_v,reports/csv/live_pusch_rx_summary.csv,direction;ue_id;bs_id;sfn;slot;symbol;run_id;trial_id;run_uuid;run_tag;scenario_id;timestamp_utc;data_origin;status;value_role;value_source;value_status;finalized_flag;partial_row_flag;fallback_flag;placeholder_flag;config_only_flag;cell_id;sector_id;site_id;trp_id;link_id;carrier_id;bwp_id;numerology;scs_khz;bandwidth_hz;center_frequency_hz;duplex_mode;beam_id;layer_id;codeword_id;harq_process_id;rv;channel_name;signal_name;block_name;function_name;stage_name;metric_name;metric_value;metric_unit;artifact_id;git_sha;build_id;config_hash;seed;source_system;source_db;source_schema;source_table;source_pk;na_reason;ul_iq_artifact_id;dmrs_sequence_id;channel_estimator_type;channel_estimate_artifact_id;timing_advance_estimate;timing_advance_compensation_flag;equalizer_type;phase_noise_estimation_flag;phase_noise_compensation_flag;re_demapping_state;layer_demapping_state;demapper_type;descrambling_id;uci_on_pusch_present;uci_on_pusch_decode_status;NumCodeBlocks;decoder_iterations;harq_combining_enabled;harq_combining_gain_db;cb_crc_pass_count;cb_crc_fail_count;tb_crc_pass_flag;mac_payload_bits;mac_payload_artifact_id;LLRMeanAbs;LLRStdAbs;LLRImbalance;stage_latency_ms;stage_status,direction;ue_id;bs_id;sfn;slot;symbol,required,runtime truth fact table,table_defined,false,false,unavailable_until_canonical_artifact_or_db_view_exists,false,false,false,runtime_evidence_present_noncanonical,6,3,1,2,0,table_ul_transport_block;dl_resource_grid_heatmap;ul_resource_grid_heatmap,reports/csv/output_coverage_registry.csv;reports/csv/output_coverage_registry.csv;reports/csv/output_coverage_registry.csv,canonical_live_table_or_view_missing_but_runtime_evidence_present
reports,pusch-ul-data-chain,PUSCH / UL Data Chain,pusch,table,live_ul_dmrs_table,/reports/pusch-ul-data-chain/tables/live_ul_dmrs_table,live_ul_dmrs_table_v,reports/csv/live_ul_dmrs_table.csv,direction;ue_id;bs_id;sfn;slot;symbol;run_id;trial_id;run_uuid;run_tag;scenario_id;timestamp_utc;data_origin;status;value_role;value_source;value_status;finalized_flag;partial_row_flag;fallback_flag;placeholder_flag;config_only_flag;cell_id;sector_id;site_id;trp_id;link_id;carrier_id;bwp_id;numerology;scs_khz;bandwidth_hz;center_frequency_hz;duplex_mode;beam_id;layer_id;codeword_id;harq_process_id;rv;channel_name;signal_name;block_name;function_name;stage_name;metric_name;metric_value;metric_unit;artifact_id;git_sha;build_id;config_hash;seed;source_system;source_db;source_schema;source_table;source_pk;na_reason;ul_iq_artifact_id;dmrs_sequence_id;channel_estimator_type;channel_estimate_artifact_id;timing_advance_estimate;timing_advance_compensation_flag;equalizer_type;phase_noise_estimation_flag;phase_noise_compensation_flag;re_demapping_state;layer_demapping_state;demapper_type;descrambling_id;uci_on_pusch_present;uci_on_pusch_decode_status;NumCodeBlocks;decoder_iterations;harq_combining_enabled;harq_combining_gain_db;cb_crc_pass_count;cb_crc_fail_count;tb_crc_pass_flag;mac_payload_bits;mac_payload_artifact_id;LLRMeanAbs;LLRStdAbs;LLRImbalance;stage_latency_ms;stage_status,direction;ue_id;bs_id;sfn;slot;symbol,required,runtime truth fact table,table_defined,false,false,unavailable_until_canonical_artifact_or_db_view_exists,false,false,false,runtime_evidence_present_noncanonical,6,3,1,2,0,table_ul_transport_block;dl_resource_grid_heatmap;ul_resource_grid_heatmap,reports/csv/output_coverage_registry.csv;reports/csv/output_coverage_registry.csv;reports/csv/output_coverage_registry.csv,canonical_live_table_or_view_missing_but_runtime_evidence_present
reports,pusch-ul-data-chain,PUSCH / UL Data Chain,pusch,table,live_llr_summary,/reports/pusch-ul-data-chain/tables/live_llr_summary,live_llr_summary_v,reports/csv/live_llr_summary.csv,direction;ue_id;bs_id;sfn;slot;symbol;run_id;trial_id;run_uuid;run_tag;scenario_id;timestamp_utc;data_origin;status;value_role;value_source;value_status;finalized_flag;partial_row_flag;fallback_flag;placeholder_flag;config_only_flag;cell_id;sector_id;site_id;trp_id;link_id;carrier_id;bwp_id;numerology;scs_khz;bandwidth_hz;center_frequency_hz;duplex_mode;beam_id;layer_id;codeword_id;harq_process_id;rv;channel_name;signal_name;block_name;function_name;stage_name;metric_name;metric_value;metric_unit;artifact_id;git_sha;build_id;config_hash;seed;source_system;source_db;source_schema;source_table;source_pk;na_reason;ul_iq_artifact_id;dmrs_sequence_id;channel_estimator_type;channel_estimate_artifact_id;timing_advance_estimate;timing_advance_compensation_flag;equalizer_type;phase_noise_estimation_flag;phase_noise_compensation_flag;re_demapping_state;layer_demapping_state;demapper_type;descrambling_id;uci_on_pusch_present;uci_on_pusch_decode_status;NumCodeBlocks;decoder_iterations;harq_combining_enabled;harq_combining_gain_db;cb_crc_pass_count;cb_crc_fail_count;tb_crc_pass_flag;mac_payload_bits;mac_payload_artifact_id;LLRMeanAbs;LLRStdAbs;LLRImbalance;stage_latency_ms;stage_status,direction;ue_id;bs_id;sfn;slot;symbol,required,runtime truth fact table,table_defined,false,false,unavailable_until_canonical_artifact_or_db_view_exists,false,false,false,runtime_evidence_present_noncanonical,6,3,1,2,0,table_ul_transport_block;dl_resource_grid_heatmap;ul_resource_grid_heatmap,reports/csv/output_coverage_registry.csv;reports/csv/output_coverage_registry.csv;reports/csv/output_coverage_registry.csv,canonical_live_table_or_view_missing_but_runtime_evidence_present
reports,pusch-ul-data-chain,PUSCH / UL Data Chain,pusch,table,live_decoder_summary,/reports/pusch-ul-data-chain/tables/live_decoder_summary,live_decoder_summary_v,reports/csv/live_decoder_summary.csv,direction;ue_id;bs_id;sfn;slot;symbol;run_id;trial_id;run_uuid;run_tag;scenario_id;timestamp_utc;data_origin;status;value_role;value_source;value_status;finalized_flag;partial_row_flag;fallback_flag;placeholder_flag;config_only_flag;cell_id;sector_id;site_id;trp_id;link_id;carrier_id;bwp_id;numerology;scs_khz;bandwidth_hz;center_frequency_hz;duplex_mode;beam_id;layer_id;codeword_id;harq_process_id;rv;channel_name;signal_name;block_name;function_name;stage_name;metric_name;metric_value;metric_unit;artifact_id;git_sha;build_id;config_hash;seed;source_system;source_db;source_schema;source_table;source_pk;na_reason;ul_iq_artifact_id;dmrs_sequence_id;channel_estimator_type;channel_estimate_artifact_id;timing_advance_estimate;timing_advance_compensation_flag;equalizer_type;phase_noise_estimation_flag;phase_noise_compensation_flag;re_demapping_state;layer_demapping_state;demapper_type;descrambling_id;uci_on_pusch_present;uci_on_pusch_decode_status;NumCodeBlocks;decoder_iterations;harq_combining_enabled;harq_combining_gain_db;cb_crc_pass_count;cb_crc_fail_count;tb_crc_pass_flag;mac_payload_bits;mac_payload_artifact_id;LLRMeanAbs;LLRStdAbs;LLRImbalance;stage_latency_ms;stage_status,direction;ue_id;bs_id;sfn;slot;symbol,required,runtime truth fact table,table_defined,false,false,unavailable_until_canonical_artifact_or_db_view_exists,false,false,false,runtime_evidence_present_noncanonical,6,3,1,2,0,table_ul_transport_block;dl_resource_grid_heatmap;ul_resource_grid_heatmap,reports/csv/output_coverage_registry.csv;reports/csv/output_coverage_registry.csv;reports/csv/output_coverage_registry.csv,canonical_live_table_or_view_missing_but_runtime_evidence_present
reports,pucch-f0-f1-f2-f3-f4,PUCCH F0 / F1 / F2 / F3 / F4,pucch,table,live_pucch_summary,/reports/pucch-f0-f1-f2-f3-f4/tables/live_pucch_summary,live_pucch_summary_v,reports/csv/live_pucch_summary.csv,direction;ue_id;bs_id;sfn;slot;symbol;run_id;trial_id;run_uuid;run_tag;scenario_id;timestamp_utc;data_origin;status;value_role;value_source;value_status;finalized_flag;partial_row_flag;fallback_flag;placeholder_flag;config_only_flag;cell_id;sector_id;site_id;trp_id;link_id;carrier_id;bwp_id;numerology;scs_khz;bandwidth_hz;center_frequency_hz;duplex_mode;beam_id;layer_id;codeword_id;harq_process_id;rv;channel_name;signal_name;block_name;function_name;stage_name;metric_name;metric_value;metric_unit;artifact_id;git_sha;build_id;config_hash;seed;source_system;source_db;source_schema;source_table;source_pk;na_reason;RequestedFormat;ResolvedFormat;FormatAdapted;UCIType;UCIBitCount;PUCCHResourceId;PUCCHPRBStart;PUCCHPRBCount;PUCCHSymbolStart;PUCCHNumSymbols;ControlResourceSource;ExpectedAck;ObservedAck;PUCCHDecodeOk;RuntimeStateUpdated;RuntimeStateConsumer;StateChangeApplied;ControlStage;Crash;low_papr_sequence_id;detector_metric;noise_estimate;dtx_detection;idft_applied_flag;blockwise_despreading_flag;stage_latency_ms;stage_status,direction;ue_id;bs_id;sfn;slot;symbol,required,runtime truth fact table,table_defined,false,false,unavailable_until_canonical_artifact_or_db_view_exists,false,false,false,runtime_evidence_present_noncanonical,15,10,0,5,0,pdcch_dci_table;ssb_pbch_table;csi_rs_table;prach_table;pucch_table,reports/csv/output_coverage_registry.csv;reports/csv/output_coverage_registry.csv;reports/csv/output_coverage_registry.csv;reports/csv/output_coverage_registry.csv;reports/csv/output_coverage_registry.csv,canonical_live_table_or_view_missing_but_runtime_evidence_present
reports,pucch-f0-f1-f2-f3-f4,PUCCH F0 / F1 / F2 / F3 / F4,pucch,table,live_pucch_f0_table,/reports/pucch-f0-f1-f2-f3-f4/tables/live_pucch_f0_table,live_pucch_f0_table_v,reports/csv/live_pucch_f0_table.csv,direction;ue_id;bs_id;sfn;slot;symbol;run_id;trial_id;run_uuid;run_tag;scenario_id;timestamp_utc;data_origin;status;value_role;value_source;value_status;finalized_flag;partial_row_flag;fallback_flag;placeholder_flag;config_only_flag;cell_id;sector_id;site_id;trp_id;link_id;carrier_id;bwp_id;numerology;scs_khz;bandwidth_hz;center_frequency_hz;duplex_mode;beam_id;layer_id;codeword_id;harq_process_id;rv;channel_name;signal_name;block_name;function_name;stage_name;metric_name;metric_value;metric_unit;artifact_id;git_sha;build_id;config_hash;seed;source_system;source_db;source_schema;source_table;source_pk;na_reason;RequestedFormat;ResolvedFormat;FormatAdapted;UCIType;UCIBitCount;PUCCHResourceId;PUCCHPRBStart;PUCCHPRBCount;PUCCHSymbolStart;PUCCHNumSymbols;ControlResourceSource;ExpectedAck;ObservedAck;PUCCHDecodeOk;RuntimeStateUpdated;RuntimeStateConsumer;StateChangeApplied;ControlStage;Crash;low_papr_sequence_id;detector_metric;noise_estimate;dtx_detection;idft_applied_flag;blockwise_despreading_flag;stage_latency_ms;stage_status,direction;ue_id;bs_id;sfn;slot;symbol,required,runtime truth fact table,table_defined,false,false,unavailable_until_canonical_artifact_or_db_view_exists,false,false,false,runtime_evidence_present_noncanonical,15,10,0,5,0,pdcch_dci_table;ssb_pbch_table;csi_rs_table;prach_table;pucch_table,reports/csv/output_coverage_registry.csv;reports/csv/output_coverage_registry.csv;reports/csv/output_coverage_registry.csv;reports/csv/output_coverage_registry.csv;reports/csv/output_coverage_registry.csv,canonical_live_table_or_view_missing_but_runtime_evidence_present
reports,pucch-f0-f1-f2-f3-f4,PUCCH F0 / F1 / F2 / F3 / F4,pucch,table,live_pucch_f1_table,/reports/pucch-f0-f1-f2-f3-f4/tables/live_pucch_f1_table,live_pucch_f1_table_v,reports/csv/live_pucch_f1_table.csv,direction;ue_id;bs_id;sfn;slot;symbol;run_id;trial_id;run_uuid;run_tag;scenario_id;timestamp_utc;data_origin;status;value_role;value_source;value_status;finalized_flag;partial_row_flag;fallback_flag;placeholder_flag;config_only_flag;cell_id;sector_id;site_id;trp_id;link_id;carrier_id;bwp_id;numerology;scs_khz;bandwidth_hz;center_frequency_hz;duplex_mode;beam_id;layer_id;codeword_id;harq_process_id;rv;channel_name;signal_name;block_name;function_name;stage_name;metric_name;metric_value;metric_unit;artifact_id;git_sha;build_id;config_hash;seed;source_system;source_db;source_schema;source_table;source_pk;na_reason;RequestedFormat;ResolvedFormat;FormatAdapted;UCIType;UCIBitCount;PUCCHResourceId;PUCCHPRBStart;PUCCHPRBCount;PUCCHSymbolStart;PUCCHNumSymbols;ControlResourceSource;ExpectedAck;ObservedAck;PUCCHDecodeOk;RuntimeStateUpdated;RuntimeStateConsumer;StateChangeApplied;ControlStage;Crash;low_papr_sequence_id;detector_metric;noise_estimate;dtx_detection;idft_applied_flag;blockwise_despreading_flag;stage_latency_ms;stage_status,direction;ue_id;bs_id;sfn;slot;symbol,required,runtime truth fact table,table_defined,false,false,unavailable_until_canonical_artifact_or_db_view_exists,false,false,false,runtime_evidence_present_noncanonical,15,10,0,5,0,pdcch_dci_table;ssb_pbch_table;csi_rs_table;prach_table;pucch_table,reports/csv/output_coverage_registry.csv;reports/csv/output_coverage_registry.csv;reports/csv/output_coverage_registry.csv;reports/csv/output_coverage_registry.csv;reports/csv/output_coverage_registry.csv,canonical_live_table_or_view_missing_but_runtime_evidence_present
reports,pucch-f0-f1-f2-f3-f4,PUCCH F0 / F1 / F2 / F3 / F4,pucch,table,live_pucch_f2_table,/reports/pucch-f0-f1-f2-f3-f4/tables/live_pucch_f2_table,live_pucch_f2_table_v,reports/csv/live_pucch_f2_table.csv,direction;ue_id;bs_id;sfn;slot;symbol;run_id;trial_id;run_uuid;run_tag;scenario_id;timestamp_utc;data_origin;status;value_role;value_source;value_status;finalized_flag;partial_row_flag;fallback_flag;placeholder_flag;config_only_flag;cell_id;sector_id;site_id;trp_id;link_id;carrier_id;bwp_id;numerology;scs_khz;bandwidth_hz;center_frequency_hz;duplex_mode;beam_id;layer_id;codeword_id;harq_process_id;rv;channel_name;signal_name;block_name;function_name;stage_name;metric_name;metric_value;metric_unit;artifact_id;git_sha;build_id;config_hash;seed;source_system;source_db;source_schema;source_table;source_pk;na_reason;RequestedFormat;ResolvedFormat;FormatAdapted;UCIType;UCIBitCount;PUCCHResourceId;PUCCHPRBStart;PUCCHPRBCount;PUCCHSymbolStart;PUCCHNumSymbols;ControlResourceSource;ExpectedAck;ObservedAck;PUCCHDecodeOk;RuntimeStateUpdated;RuntimeStateConsumer;StateChangeApplied;ControlStage;Crash;low_papr_sequence_id;detector_metric;noise_estimate;dtx_detection;idft_applied_flag;blockwise_despreading_flag;stage_latency_ms;stage_status,direction;ue_id;bs_id;sfn;slot;symbol,required,runtime truth fact table,table_defined,false,false,unavailable_until_canonical_artifact_or_db_view_exists,false,false,false,runtime_evidence_present_noncanonical,15,10,0,5,0,pdcch_dci_table;ssb_pbch_table;csi_rs_table;prach_table;pucch_table,reports/csv/output_coverage_registry.csv;reports/csv/output_coverage_registry.csv;reports/csv/output_coverage_registry.csv;reports/csv/output_coverage_registry.csv;reports/csv/output_coverage_registry.csv,canonical_live_table_or_view_missing_but_runtime_evidence_present
reports,pucch-f0-f1-f2-f3-f4,PUCCH F0 / F1 / F2 / F3 / F4,pucch,table,live_pucch_f3_table,/reports/pucch-f0-f1-f2-f3-f4/tables/live_pucch_f3_table,live_pucch_f3_table_v,reports/csv/live_pucch_f3_table.csv,direction;ue_id;bs_id;sfn;slot;symbol;run_id;trial_id;run_uuid;run_tag;scenario_id;timestamp_utc;data_origin;status;value_role;value_source;value_status;finalized_flag;partial_row_flag;fallback_flag;placeholder_flag;config_only_flag;cell_id;sector_id;site_id;trp_id;link_id;carrier_id;bwp_id;numerology;scs_khz;bandwidth_hz;center_frequency_hz;duplex_mode;beam_id;layer_id;codeword_id;harq_process_id;rv;channel_name;signal_name;block_name;function_name;stage_name;metric_name;metric_value;metric_unit;artifact_id;git_sha;build_id;config_hash;seed;source_system;source_db;source_schema;source_table;source_pk;na_reason;RequestedFormat;ResolvedFormat;FormatAdapted;UCIType;UCIBitCount;PUCCHResourceId;PUCCHPRBStart;PUCCHPRBCount;PUCCHSymbolStart;PUCCHNumSymbols;ControlResourceSource;ExpectedAck;ObservedAck;PUCCHDecodeOk;RuntimeStateUpdated;RuntimeStateConsumer;StateChangeApplied;ControlStage;Crash;low_papr_sequence_id;detector_metric;noise_estimate;dtx_detection;idft_applied_flag;blockwise_despreading_flag;stage_latency_ms;stage_status,direction;ue_id;bs_id;sfn;slot;symbol,required,runtime truth fact table,table_defined,false,false,unavailable_until_canonical_artifact_or_db_view_exists,false,false,false,runtime_evidence_present_noncanonical,15,10,0,5,0,pdcch_dci_table;ssb_pbch_table;csi_rs_table;prach_table;pucch_table,reports/csv/output_coverage_registry.csv;reports/csv/output_coverage_registry.csv;reports/csv/output_coverage_registry.csv;reports/csv/output_coverage_registry.csv;reports/csv/output_coverage_registry.csv,canonical_live_table_or_view_missing_but_runtime_evidence_present
reports,pucch-f0-f1-f2-f3-f4,PUCCH F0 / F1 / F2 / F3 / F4,pucch,table,live_pucch_f4_table,/reports/pucch-f0-f1-f2-f3-f4/tables/live_pucch_f4_table,live_pucch_f4_table_v,reports/csv/live_pucch_f4_table.csv,direction;ue_id;bs_id;sfn;slot;symbol;run_id;trial_id;run_uuid;run_tag;scenario_id;timestamp_utc;data_origin;status;value_role;value_source;value_status;finalized_flag;partial_row_flag;fallback_flag;placeholder_flag;config_only_flag;cell_id;sector_id;site_id;trp_id;link_id;carrier_id;bwp_id;numerology;scs_khz;bandwidth_hz;center_frequency_hz;duplex_mode;beam_id;layer_id;codeword_id;harq_process_id;rv;channel_name;signal_name;block_name;function_name;stage_name;metric_name;metric_value;metric_unit;artifact_id;git_sha;build_id;config_hash;seed;source_system;source_db;source_schema;source_table;source_pk;na_reason;RequestedFormat;ResolvedFormat;FormatAdapted;UCIType;UCIBitCount;PUCCHResourceId;PUCCHPRBStart;PUCCHPRBCount;PUCCHSymbolStart;PUCCHNumSymbols;ControlResourceSource;ExpectedAck;ObservedAck;PUCCHDecodeOk;RuntimeStateUpdated;RuntimeStateConsumer;StateChangeApplied;ControlStage;Crash;low_papr_sequence_id;detector_metric;noise_estimate;dtx_detection;idft_applied_flag;blockwise_despreading_flag;stage_latency_ms;stage_status,direction;ue_id;bs_id;sfn;slot;symbol,required,runtime truth fact table,table_defined,false,false,unavailable_until_canonical_artifact_or_db_view_exists,false,false,false,runtime_evidence_present_noncanonical,15,10,0,5,0,pdcch_dci_table;ssb_pbch_table;csi_rs_table;prach_table;pucch_table,reports/csv/output_coverage_registry.csv;reports/csv/output_coverage_registry.csv;reports/csv/output_coverage_registry.csv;reports/csv/output_coverage_registry.csv;reports/csv/output_coverage_registry.csv,canonical_live_table_or_view_missing_but_runtime_evidence_present
reports,pucch-f0-f1-f2-f3-f4,PUCCH F0 / F1 / F2 / F3 / F4,pucch,table,live_uci_table,/reports/pucch-f0-f1-f2-f3-f4/tables/live_uci_table,live_uci_table_v,reports/csv/live_uci_table.csv,direction;ue_id;bs_id;sfn;slot;symbol;run_id;trial_id;run_uuid;run_tag;scenario_id;timestamp_utc;data_origin;status;value_role;value_source;value_status;finalized_flag;partial_row_flag;fallback_flag;placeholder_flag;config_only_flag;cell_id;sector_id;site_id;trp_id;link_id;carrier_id;bwp_id;numerology;scs_khz;bandwidth_hz;center_frequency_hz;duplex_mode;beam_id;layer_id;codeword_id;harq_process_id;rv;channel_name;signal_name;block_name;function_name;stage_name;metric_name;metric_value;metric_unit;artifact_id;git_sha;build_id;config_hash;seed;source_system;source_db;source_schema;source_table;source_pk;na_reason;RequestedFormat;ResolvedFormat;FormatAdapted;UCIType;UCIBitCount;PUCCHResourceId;PUCCHPRBStart;PUCCHPRBCount;PUCCHSymbolStart;PUCCHNumSymbols;ControlResourceSource;ExpectedAck;ObservedAck;PUCCHDecodeOk;RuntimeStateUpdated;RuntimeStateConsumer;StateChangeApplied;ControlStage;Crash;low_papr_sequence_id;detector_metric;noise_estimate;dtx_detection;idft_applied_flag;blockwise_despreading_flag;stage_latency_ms;stage_status,direction;ue_id;bs_id;sfn;slot;symbol,required,runtime truth fact table,table_defined,false,false,unavailable_until_canonical_artifact_or_db_view_exists,false,false,false,runtime_evidence_present_noncanonical,15,10,0,5,0,pdcch_dci_table;ssb_pbch_table;csi_rs_table;prach_table;pucch_table,reports/csv/output_coverage_registry.csv;reports/csv/output_coverage_registry.csv;reports/csv/output_coverage_registry.csv;reports/csv/output_coverage_registry.csv;reports/csv/output_coverage_registry.csv,canonical_live_table_or_view_missing_but_runtime_evidence_present
reports,prach-random-access,PRACH / Random Access,prach,table,live_prach_stage_table,/reports/prach-random-access/tables/live_prach_stage_table,live_prach_stage_table_v,reports/csv/live_prach_stage_table.csv,direction;ue_id;bs_id;sfn;slot;symbol;run_id;trial_id;run_uuid;run_tag;scenario_id;timestamp_utc;data_origin;status;value_role;value_source;value_status;finalized_flag;partial_row_flag;fallback_flag;placeholder_flag;config_only_flag;cell_id;sector_id;site_id;trp_id;link_id;carrier_id;bwp_id;numerology;scs_khz;bandwidth_hz;center_frequency_hz;duplex_mode;beam_id;layer_id;codeword_id;harq_process_id;rv;channel_name;signal_name;block_name;function_name;stage_name;metric_name;metric_value;metric_unit;artifact_id;git_sha;build_id;config_hash;seed;source_system;source_db;source_schema;source_table;source_pk;na_reason;preamble_id;root_sequence_index;cyclic_shift;prach_format;prach_occasion_id;zc_sequence_artifact_id;correlation_artifact_id;ifft_artifact_id;power_metric;noise_floor;peak_index;peak_value;detected_flag;false_alarm_flag;missed_detection_flag;timing_advance_estimate;mac_access_state_output;stage_latency_ms;stage_status,direction;ue_id;bs_id;sfn;slot;symbol,required,runtime truth fact table,table_defined,false,false,unavailable_until_canonical_artifact_or_db_view_exists,false,false,false,runtime_evidence_present_noncanonical,15,10,0,5,0,pdcch_dci_table;ssb_pbch_table;csi_rs_table;prach_table;pucch_table,reports/csv/output_coverage_registry.csv;reports/csv/output_coverage_registry.csv;reports/csv/output_coverage_registry.csv;reports/csv/output_coverage_registry.csv;reports/csv/output_coverage_registry.csv,canonical_live_table_or_view_missing_but_runtime_evidence_present
reports,prach-random-access,PRACH / Random Access,prach,table,live_prach_detection_table,/reports/prach-random-access/tables/live_prach_detection_table,live_prach_detection_table_v,reports/csv/live_prach_detection_table.csv,direction;ue_id;bs_id;sfn;slot;symbol;run_id;trial_id;run_uuid;run_tag;scenario_id;timestamp_utc;data_origin;status;value_role;value_source;value_status;finalized_flag;partial_row_flag;fallback_flag;placeholder_flag;config_only_flag;cell_id;sector_id;site_id;trp_id;link_id;carrier_id;bwp_id;numerology;scs_khz;bandwidth_hz;center_frequency_hz;duplex_mode;beam_id;layer_id;codeword_id;harq_process_id;rv;channel_name;signal_name;block_name;function_name;stage_name;metric_name;metric_value;metric_unit;artifact_id;git_sha;build_id;config_hash;seed;source_system;source_db;source_schema;source_table;source_pk;na_reason;preamble_id;root_sequence_index;cyclic_shift;prach_format;prach_occasion_id;zc_sequence_artifact_id;correlation_artifact_id;ifft_artifact_id;power_metric;noise_floor;peak_index;peak_value;detected_flag;false_alarm_flag;missed_detection_flag;timing_advance_estimate;mac_access_state_output;stage_latency_ms;stage_status,direction;ue_id;bs_id;sfn;slot;symbol,required,runtime truth fact table,table_defined,false,false,unavailable_until_canonical_artifact_or_db_view_exists,false,false,false,runtime_evidence_present_noncanonical,15,10,0,5,0,pdcch_dci_table;ssb_pbch_table;csi_rs_table;prach_table;pucch_table,reports/csv/output_coverage_registry.csv;reports/csv/output_coverage_registry.csv;reports/csv/output_coverage_registry.csv;reports/csv/output_coverage_registry.csv;reports/csv/output_coverage_registry.csv,canonical_live_table_or_view_missing_but_runtime_evidence_present
reports,prach-random-access,PRACH / Random Access,prach,table,live_random_access_state,/reports/prach-random-access/tables/live_random_access_state,live_random_access_state_v,reports/csv/live_random_access_state.csv,direction;ue_id;bs_id;sfn;slot;symbol;run_id;trial_id;run_uuid;run_tag;scenario_id;timestamp_utc;data_origin;status;value_role;value_source;value_status;finalized_flag;partial_row_flag;fallback_flag;placeholder_flag;config_only_flag;cell_id;sector_id;site_id;trp_id;link_id;carrier_id;bwp_id;numerology;scs_khz;bandwidth_hz;center_frequency_hz;duplex_mode;beam_id;layer_id;codeword_id;harq_process_id;rv;channel_name;signal_name;block_name;function_name;stage_name;metric_name;metric_value;metric_unit;artifact_id;git_sha;build_id;config_hash;seed;source_system;source_db;source_schema;source_table;source_pk;na_reason;preamble_id;root_sequence_index;cyclic_shift;prach_format;prach_occasion_id;zc_sequence_artifact_id;correlation_artifact_id;ifft_artifact_id;power_metric;noise_floor;peak_index;peak_value;detected_flag;false_alarm_flag;missed_detection_flag;timing_advance_estimate;mac_access_state_output;stage_latency_ms;stage_status,direction;ue_id;bs_id;sfn;slot;symbol,required,runtime truth fact table,table_defined,false,false,unavailable_until_canonical_artifact_or_db_view_exists,false,false,false,runtime_evidence_present_noncanonical,15,10,0,5,0,pdcch_dci_table;ssb_pbch_table;csi_rs_table;prach_table;pucch_table,reports/csv/output_coverage_registry.csv;reports/csv/output_coverage_registry.csv;reports/csv/output_coverage_registry.csv;reports/csv/output_coverage_registry.csv;reports/csv/output_coverage_registry.csv,canonical_live_table_or_view_missing_but_runtime_evidence_present
reports,srs-ul-sounding-massive-mimo-inputs,SRS / UL Sounding / Massive MIMO Inputs,srs,table,live_srs_stage_table,/reports/srs-ul-sounding-massive-mimo-inputs/tables/live_srs_stage_table,live_srs_stage_table_v,reports/csv/live_srs_stage_table.csv,direction;ue_id;bs_id;sfn;slot;symbol;run_id;trial_id;run_uuid;run_tag;scenario_id;timestamp_utc;data_origin;status;value_role;value_source;value_status;finalized_flag;partial_row_flag;fallback_flag;placeholder_flag;config_only_flag;cell_id;sector_id;site_id;trp_id;link_id;carrier_id;bwp_id;numerology;scs_khz;bandwidth_hz;center_frequency_hz;duplex_mode;beam_id;layer_id;codeword_id;harq_process_id;rv;channel_name;signal_name;block_name;function_name;stage_name;metric_name;metric_value;metric_unit;artifact_id;git_sha;build_id;config_hash;seed;source_system;source_db;source_schema;source_table;source_pk;na_reason;srs_seq_id;port_count;comb;estimator_type;channel_estimate_artifact_id;csi_output_artifact_id;scheduler_consumed_flag;beam_training_consumed_flag;stage_latency_ms;stage_status,direction;ue_id;bs_id;sfn;slot;symbol,required,runtime truth fact table,table_defined,false,false,unavailable_until_canonical_artifact_or_db_view_exists,false,false,false,runtime_evidence_present_noncanonical,18,10,0,8,0,pdcch_dci_table;ssb_pbch_table;csi_rs_table;prach_table;pucch_table,reports/csv/output_coverage_registry.csv;reports/csv/output_coverage_registry.csv;reports/csv/output_coverage_registry.csv;reports/csv/output_coverage_registry.csv;reports/csv/output_coverage_registry.csv,canonical_live_table_or_view_missing_but_runtime_evidence_present
reports,srs-ul-sounding-massive-mimo-inputs,SRS / UL Sounding / Massive MIMO Inputs,srs,table,live_srs_channel_estimation_table,/reports/srs-ul-sounding-massive-mimo-inputs/tables/live_srs_channel_estimation_table,live_srs_channel_estimation_table_v,reports/csv/live_srs_channel_estimation_table.csv,direction;ue_id;bs_id;sfn;slot;symbol;run_id;trial_id;run_uuid;run_tag;scenario_id;timestamp_utc;data_origin;status;value_role;value_source;value_status;finalized_flag;partial_row_flag;fallback_flag;placeholder_flag;config_only_flag;cell_id;sector_id;site_id;trp_id;link_id;carrier_id;bwp_id;numerology;scs_khz;bandwidth_hz;center_frequency_hz;duplex_mode;beam_id;layer_id;codeword_id;harq_process_id;rv;channel_name;signal_name;block_name;function_name;stage_name;metric_name;metric_value;metric_unit;artifact_id;git_sha;build_id;config_hash;seed;source_system;source_db;source_schema;source_table;source_pk;na_reason;srs_seq_id;port_count;comb;estimator_type;channel_estimate_artifact_id;csi_output_artifact_id;scheduler_consumed_flag;beam_training_consumed_flag;stage_latency_ms;stage_status,direction;ue_id;bs_id;sfn;slot;symbol,required,runtime truth fact table,table_defined,false,false,unavailable_until_canonical_artifact_or_db_view_exists,false,false,false,runtime_evidence_present_noncanonical,18,10,0,8,0,pdcch_dci_table;ssb_pbch_table;csi_rs_table;prach_table;pucch_table,reports/csv/output_coverage_registry.csv;reports/csv/output_coverage_registry.csv;reports/csv/output_coverage_registry.csv;reports/csv/output_coverage_registry.csv;reports/csv/output_coverage_registry.csv,canonical_live_table_or_view_missing_but_runtime_evidence_present
reports,srs-ul-sounding-massive-mimo-inputs,SRS / UL Sounding / Massive MIMO Inputs,srs,table,live_csi_output_table,/reports/srs-ul-sounding-massive-mimo-inputs/tables/live_csi_output_table,live_csi_output_table_v,reports/csv/live_csi_output_table.csv,direction;ue_id;bs_id;sfn;slot;symbol;run_id;trial_id;run_uuid;run_tag;scenario_id;timestamp_utc;data_origin;status;value_role;value_source;value_status;finalized_flag;partial_row_flag;fallback_flag;placeholder_flag;config_only_flag;cell_id;sector_id;site_id;trp_id;link_id;carrier_id;bwp_id;numerology;scs_khz;bandwidth_hz;center_frequency_hz;duplex_mode;beam_id;layer_id;codeword_id;harq_process_id;rv;channel_name;signal_name;block_name;function_name;stage_name;metric_name;metric_value;metric_unit;artifact_id;git_sha;build_id;config_hash;seed;source_system;source_db;source_schema;source_table;source_pk;na_reason;srs_seq_id;port_count;comb;estimator_type;channel_estimate_artifact_id;csi_output_artifact_id;scheduler_consumed_flag;beam_training_consumed_flag;stage_latency_ms;stage_status,direction;ue_id;bs_id;sfn;slot;symbol,required,runtime truth fact table,table_defined,false,false,unavailable_until_canonical_artifact_or_db_view_exists,false,false,false,runtime_evidence_present_noncanonical,18,10,0,8,0,pdcch_dci_table;ssb_pbch_table;csi_rs_table;prach_table;pucch_table,reports/csv/output_coverage_registry.csv;reports/csv/output_coverage_registry.csv;reports/csv/output_coverage_registry.csv;reports/csv/output_coverage_registry.csv;reports/csv/output_coverage_registry.csv,canonical_live_table_or_view_missing_but_runtime_evidence_present
reports,channel-interference-impairments,Channel / Interference / Impairments,channel,table,live_channel_realization_table,/reports/channel-interference-impairments/tables/live_channel_realization_table,live_channel_realization_table_v,reports/csv/live_channel_realization_table.csv,direction;ue_id;bs_id;sfn;slot;symbol;run_id;trial_id;run_uuid;run_tag;scenario_id;timestamp_utc;data_origin;status;value_role;value_source;value_status;finalized_flag;partial_row_flag;fallback_flag;placeholder_flag;config_only_flag;cell_id;sector_id;site_id;trp_id;link_id;carrier_id;bwp_id;numerology;scs_khz;bandwidth_hz;center_frequency_hz;duplex_mode;beam_id;layer_id;codeword_id;harq_process_id;rv;channel_name;signal_name;block_name;function_name;stage_name;metric_name;metric_value;metric_unit;artifact_id;git_sha;build_id;config_hash;seed;source_system;source_db;source_schema;source_table;source_pk;na_reason;ChannelModel;RequestedChannelModel;ObservedChannelModel;serving_interferer_role;pathloss_db;shadowing_db;o2i_db;delay_spread;angle_spread;DopplerHz;DopplerSourceMode;DopplerValueRole;EstimatedDopplerHz;DopplerError_Hz;InjectedCFO_Hz;TrueCFO_Hz;EstimatedCFO_PreCorrection_Hz;EstimatedCFO_Hz;ResidualCFO_PostCorrection_Hz;CFOError_Hz;true_timing_offset;estimated_timing_offset;residual_timing_offset;phase_tracking_error;phase_noise;iq_imbalance;pa_nonlinearity;clipping;quantization;InterferenceMode;ResidualInterferencePower_dB;InterferenceContributorCount;InterferenceAggregatedRxPower_dBm;InterferencePowerSource;FullInterfererChannelTruthUsed;ChannelAgingLoss_dB;InterpolationLoss_dB;MismatchSensitivity_dB;channel_tensor_artifact_id;interferer_waveform_artifact_id;impairment_order_trace;stage_latency_ms;stage_status,direction;ue_id;bs_id;sfn;slot;symbol,required,runtime truth fact table,table_defined,false,false,unavailable_until_canonical_artifact_or_db_view_exists,false,false,false,runtime_partial_evidence_present_noncanonical,8,0,5,3,0,table_channel_summary;table_noise_interference;table_link_budget;interference_waterfall_plot;root_cause_candidate_table,reports/csv/output_coverage_registry.csv;reports/csv/output_coverage_registry.csv;reports/csv/output_coverage_registry.csv;reports/csv/output_coverage_registry.csv;reports/csv/output_coverage_registry.csv,canonical_live_table_or_view_missing_but_runtime_evidence_present
reports,channel-interference-impairments,Channel / Interference / Impairments,channel,table,live_interference_table,/reports/channel-interference-impairments/tables/live_interference_table,live_interference_table_v,reports/csv/live_interference_table.csv,direction;ue_id;bs_id;sfn;slot;symbol;run_id;trial_id;run_uuid;run_tag;scenario_id;timestamp_utc;data_origin;status;value_role;value_source;value_status;finalized_flag;partial_row_flag;fallback_flag;placeholder_flag;config_only_flag;cell_id;sector_id;site_id;trp_id;link_id;carrier_id;bwp_id;numerology;scs_khz;bandwidth_hz;center_frequency_hz;duplex_mode;beam_id;layer_id;codeword_id;harq_process_id;rv;channel_name;signal_name;block_name;function_name;stage_name;metric_name;metric_value;metric_unit;artifact_id;git_sha;build_id;config_hash;seed;source_system;source_db;source_schema;source_table;source_pk;na_reason;ChannelModel;RequestedChannelModel;ObservedChannelModel;serving_interferer_role;pathloss_db;shadowing_db;o2i_db;delay_spread;angle_spread;DopplerHz;DopplerSourceMode;DopplerValueRole;EstimatedDopplerHz;DopplerError_Hz;InjectedCFO_Hz;TrueCFO_Hz;EstimatedCFO_PreCorrection_Hz;EstimatedCFO_Hz;ResidualCFO_PostCorrection_Hz;CFOError_Hz;true_timing_offset;estimated_timing_offset;residual_timing_offset;phase_tracking_error;phase_noise;iq_imbalance;pa_nonlinearity;clipping;quantization;InterferenceMode;ResidualInterferencePower_dB;InterferenceContributorCount;InterferenceAggregatedRxPower_dBm;InterferencePowerSource;FullInterfererChannelTruthUsed;ChannelAgingLoss_dB;InterpolationLoss_dB;MismatchSensitivity_dB;channel_tensor_artifact_id;interferer_waveform_artifact_id;impairment_order_trace;stage_latency_ms;stage_status,direction;ue_id;bs_id;sfn;slot;symbol,required,runtime truth fact table,table_defined,false,false,unavailable_until_canonical_artifact_or_db_view_exists,false,false,false,runtime_partial_evidence_present_noncanonical,8,0,5,3,0,table_channel_summary;table_noise_interference;table_link_budget;interference_waterfall_plot;root_cause_candidate_table,reports/csv/output_coverage_registry.csv;reports/csv/output_coverage_registry.csv;reports/csv/output_coverage_registry.csv;reports/csv/output_coverage_registry.csv;reports/csv/output_coverage_registry.csv,canonical_live_table_or_view_missing_but_runtime_evidence_present
reports,channel-interference-impairments,Channel / Interference / Impairments,channel,table,live_impairment_table,/reports/channel-interference-impairments/tables/live_impairment_table,live_impairment_table_v,reports/csv/live_impairment_table.csv,direction;ue_id;bs_id;sfn;slot;symbol;run_id;trial_id;run_uuid;run_tag;scenario_id;timestamp_utc;data_origin;status;value_role;value_source;value_status;finalized_flag;partial_row_flag;fallback_flag;placeholder_flag;config_only_flag;cell_id;sector_id;site_id;trp_id;link_id;carrier_id;bwp_id;numerology;scs_khz;bandwidth_hz;center_frequency_hz;duplex_mode;beam_id;layer_id;codeword_id;harq_process_id;rv;channel_name;signal_name;block_name;function_name;stage_name;metric_name;metric_value;metric_unit;artifact_id;git_sha;build_id;config_hash;seed;source_system;source_db;source_schema;source_table;source_pk;na_reason;ChannelModel;RequestedChannelModel;ObservedChannelModel;serving_interferer_role;pathloss_db;shadowing_db;o2i_db;delay_spread;angle_spread;DopplerHz;DopplerSourceMode;DopplerValueRole;EstimatedDopplerHz;DopplerError_Hz;InjectedCFO_Hz;TrueCFO_Hz;EstimatedCFO_PreCorrection_Hz;EstimatedCFO_Hz;ResidualCFO_PostCorrection_Hz;CFOError_Hz;true_timing_offset;estimated_timing_offset;residual_timing_offset;phase_tracking_error;phase_noise;iq_imbalance;pa_nonlinearity;clipping;quantization;InterferenceMode;ResidualInterferencePower_dB;InterferenceContributorCount;InterferenceAggregatedRxPower_dBm;InterferencePowerSource;FullInterfererChannelTruthUsed;ChannelAgingLoss_dB;InterpolationLoss_dB;MismatchSensitivity_dB;channel_tensor_artifact_id;interferer_waveform_artifact_id;impairment_order_trace;stage_latency_ms;stage_status,direction;ue_id;bs_id;sfn;slot;symbol,required,runtime truth fact table,table_defined,false,false,unavailable_until_canonical_artifact_or_db_view_exists,false,false,false,runtime_partial_evidence_present_noncanonical,8,0,5,3,0,table_channel_summary;table_noise_interference;table_link_budget;interference_waterfall_plot;root_cause_candidate_table,reports/csv/output_coverage_registry.csv;reports/csv/output_coverage_registry.csv;reports/csv/output_coverage_registry.csv;reports/csv/output_coverage_registry.csv;reports/csv/output_coverage_registry.csv,canonical_live_table_or_view_missing_but_runtime_evidence_present
reports,channel-interference-impairments,Channel / Interference / Impairments,channel,table,live_tracking_table,/reports/channel-interference-impairments/tables/live_tracking_table,live_tracking_table_v,reports/csv/live_tracking_table.csv,direction;ue_id;bs_id;sfn;slot;symbol;run_id;trial_id;run_uuid;run_tag;scenario_id;timestamp_utc;data_origin;status;value_role;value_source;value_status;finalized_flag;partial_row_flag;fallback_flag;placeholder_flag;config_only_flag;cell_id;sector_id;site_id;trp_id;link_id;carrier_id;bwp_id;numerology;scs_khz;bandwidth_hz;center_frequency_hz;duplex_mode;beam_id;layer_id;codeword_id;harq_process_id;rv;channel_name;signal_name;block_name;function_name;stage_name;metric_name;metric_value;metric_unit;artifact_id;git_sha;build_id;config_hash;seed;source_system;source_db;source_schema;source_table;source_pk;na_reason;ChannelModel;RequestedChannelModel;ObservedChannelModel;serving_interferer_role;pathloss_db;shadowing_db;o2i_db;delay_spread;angle_spread;DopplerHz;DopplerSourceMode;DopplerValueRole;EstimatedDopplerHz;DopplerError_Hz;InjectedCFO_Hz;TrueCFO_Hz;EstimatedCFO_PreCorrection_Hz;EstimatedCFO_Hz;ResidualCFO_PostCorrection_Hz;CFOError_Hz;true_timing_offset;estimated_timing_offset;residual_timing_offset;phase_tracking_error;phase_noise;iq_imbalance;pa_nonlinearity;clipping;quantization;InterferenceMode;ResidualInterferencePower_dB;InterferenceContributorCount;InterferenceAggregatedRxPower_dBm;InterferencePowerSource;FullInterfererChannelTruthUsed;ChannelAgingLoss_dB;InterpolationLoss_dB;MismatchSensitivity_dB;channel_tensor_artifact_id;interferer_waveform_artifact_id;impairment_order_trace;stage_latency_ms;stage_status,direction;ue_id;bs_id;sfn;slot;symbol,required,runtime truth fact table,table_defined,false,false,unavailable_until_canonical_artifact_or_db_view_exists,false,false,false,runtime_partial_evidence_present_noncanonical,8,0,5,3,0,table_channel_summary;table_noise_interference;table_link_budget;interference_waterfall_plot;root_cause_candidate_table,reports/csv/output_coverage_registry.csv;reports/csv/output_coverage_registry.csv;reports/csv/output_coverage_registry.csv;reports/csv/output_coverage_registry.csv;reports/csv/output_coverage_registry.csv,canonical_live_table_or_view_missing_but_runtime_evidence_present
reports,measurements-csi-link-adaptation-inputs,Measurements / CSI / Link Adaptation Inputs,measurement,table,live_measurement_table,/reports/measurements-csi-link-adaptation-inputs/tables/live_measurement_table,live_measurement_table_v,reports/csv/live_measurement_table.csv,direction;ue_id;bs_id;sfn;slot;symbol;run_id;trial_id;run_uuid;run_tag;scenario_id;timestamp_utc;data_origin;status;value_role;value_source;value_status;finalized_flag;partial_row_flag;fallback_flag;placeholder_flag;config_only_flag;cell_id;sector_id;site_id;trp_id;link_id;carrier_id;bwp_id;numerology;scs_khz;bandwidth_hz;center_frequency_hz;duplex_mode;beam_id;layer_id;codeword_id;harq_process_id;rv;channel_name;signal_name;block_name;function_name;stage_name;metric_name;metric_value;metric_unit;artifact_id;git_sha;build_id;config_hash;seed;source_system;source_db;source_schema;source_table;source_pk;na_reason;ConfiguredSNR_dB;ConfiguredSNRSource;SNRValueRole;AppliedAWGNSNR_dB;MeasuredTrialSINR_dB;MeasuredTrialSINRSource;EstimatedWidebandSINR_dB;MeasuredWidebandSINR_dB;LargeScaleWidebandSINR_dB;LargeScaleSINR_dB;LargeScaleSINRSource;ServingRSRP_dBm;ServingRSRPSource;RSRP_dBm;RSRPSource;CSI_RSRP_dB;CSI_RSRPSource;AppliedLargeScaleGain_dB;AppliedLargeScaleGainSource;WidebandCQI;PMI;RI;CRI;SSBRI;RankEstimate;measurement_window_id;filter_id;report_trigger_reason;report_status,direction;ue_id;bs_id;sfn;slot;symbol,required,runtime truth fact table,table_defined,false,false,unavailable_until_canonical_artifact_or_db_view_exists,false,false,false,runtime_evidence_present_noncanonical,4,3,1,0,0,table_cqi_pmi_ri;table_mcs_tbs_evolution;timing_synchronization_table,reports/csv/output_coverage_registry.csv;reports/csv/output_coverage_registry.csv;reports/csv/output_coverage_registry.csv,canonical_live_table_or_view_missing_but_runtime_evidence_present
reports,measurements-csi-link-adaptation-inputs,Measurements / CSI / Link Adaptation Inputs,measurement,table,live_csi_feedback_table,/reports/measurements-csi-link-adaptation-inputs/tables/live_csi_feedback_table,live_csi_feedback_table_v,reports/csv/live_csi_feedback_table.csv,direction;ue_id;bs_id;sfn;slot;symbol;run_id;trial_id;run_uuid;run_tag;scenario_id;timestamp_utc;data_origin;status;value_role;value_source;value_status;finalized_flag;partial_row_flag;fallback_flag;placeholder_flag;config_only_flag;cell_id;sector_id;site_id;trp_id;link_id;carrier_id;bwp_id;numerology;scs_khz;bandwidth_hz;center_frequency_hz;duplex_mode;beam_id;layer_id;codeword_id;harq_process_id;rv;channel_name;signal_name;block_name;function_name;stage_name;metric_name;metric_value;metric_unit;artifact_id;git_sha;build_id;config_hash;seed;source_system;source_db;source_schema;source_table;source_pk;na_reason;ConfiguredSNR_dB;ConfiguredSNRSource;SNRValueRole;AppliedAWGNSNR_dB;MeasuredTrialSINR_dB;MeasuredTrialSINRSource;EstimatedWidebandSINR_dB;MeasuredWidebandSINR_dB;LargeScaleWidebandSINR_dB;LargeScaleSINR_dB;LargeScaleSINRSource;ServingRSRP_dBm;ServingRSRPSource;RSRP_dBm;RSRPSource;CSI_RSRP_dB;CSI_RSRPSource;AppliedLargeScaleGain_dB;AppliedLargeScaleGainSource;WidebandCQI;PMI;RI;CRI;SSBRI;RankEstimate;measurement_window_id;filter_id;report_trigger_reason;report_status,direction;ue_id;bs_id;sfn;slot;symbol,required,runtime truth fact table,table_defined,false,false,unavailable_until_canonical_artifact_or_db_view_exists,false,false,false,runtime_evidence_present_noncanonical,4,3,1,0,0,table_cqi_pmi_ri;table_mcs_tbs_evolution;timing_synchronization_table,reports/csv/output_coverage_registry.csv;reports/csv/output_coverage_registry.csv;reports/csv/output_coverage_registry.csv,canonical_live_table_or_view_missing_but_runtime_evidence_present
reports,measurements-csi-link-adaptation-inputs,Measurements / CSI / Link Adaptation Inputs,measurement,table,live_link_adaptation_input_table,/reports/measurements-csi-link-adaptation-inputs/tables/live_link_adaptation_input_table,live_link_adaptation_input_table_v,reports/csv/live_link_adaptation_input_table.csv,direction;ue_id;bs_id;sfn;slot;symbol;run_id;trial_id;run_uuid;run_tag;scenario_id;timestamp_utc;data_origin;status;value_role;value_source;value_status;finalized_flag;partial_row_flag;fallback_flag;placeholder_flag;config_only_flag;cell_id;sector_id;site_id;trp_id;link_id;carrier_id;bwp_id;numerology;scs_khz;bandwidth_hz;center_frequency_hz;duplex_mode;beam_id;layer_id;codeword_id;harq_process_id;rv;channel_name;signal_name;block_name;function_name;stage_name;metric_name;metric_value;metric_unit;artifact_id;git_sha;build_id;config_hash;seed;source_system;source_db;source_schema;source_table;source_pk;na_reason;ConfiguredSNR_dB;ConfiguredSNRSource;SNRValueRole;AppliedAWGNSNR_dB;MeasuredTrialSINR_dB;MeasuredTrialSINRSource;EstimatedWidebandSINR_dB;MeasuredWidebandSINR_dB;LargeScaleWidebandSINR_dB;LargeScaleSINR_dB;LargeScaleSINRSource;ServingRSRP_dBm;ServingRSRPSource;RSRP_dBm;RSRPSource;CSI_RSRP_dB;CSI_RSRPSource;AppliedLargeScaleGain_dB;AppliedLargeScaleGainSource;WidebandCQI;PMI;RI;CRI;SSBRI;RankEstimate;measurement_window_id;filter_id;report_trigger_reason;report_status,direction;ue_id;bs_id;sfn;slot;symbol,required,runtime truth fact table,table_defined,false,false,unavailable_until_canonical_artifact_or_db_view_exists,false,false,false,runtime_evidence_present_noncanonical,4,3,1,0,0,table_cqi_pmi_ri;table_mcs_tbs_evolution;timing_synchronization_table,reports/csv/output_coverage_registry.csv;reports/csv/output_coverage_registry.csv;reports/csv/output_coverage_registry.csv,canonical_live_table_or_view_missing_but_runtime_evidence_present
reports,beamforming-precoding-mimo-massive-mimo,Beamforming / Precoding / MIMO / Massive MIMO,beam_mimo,table,live_beam_selection_table,/reports/beamforming-precoding-mimo-massive-mimo/tables/live_beam_selection_table,live_beam_selection_table_v,reports/csv/live_beam_selection_table.csv,direction;ue_id;bs_id;sfn;slot;symbol;run_id;trial_id;run_uuid;run_tag;scenario_id;timestamp_utc;data_origin;status;value_role;value_source;value_status;finalized_flag;partial_row_flag;fallback_flag;placeholder_flag;config_only_flag;cell_id;sector_id;site_id;trp_id;link_id;carrier_id;bwp_id;numerology;scs_khz;bandwidth_hz;center_frequency_hz;duplex_mode;beam_id;layer_id;codeword_id;harq_process_id;rv;channel_name;signal_name;block_name;function_name;stage_name;metric_name;metric_value;metric_unit;artifact_id;git_sha;build_id;config_hash;seed;source_system;source_db;source_schema;source_table;source_pk;na_reason;ConfiguredBeamSelectionStrategy;BeamSelectionStrategy;BeamIndexSet;AppliedBeamIndexSet;SelectedBeamIndex;BestBeamIndex;BeamHit;TopKBeamHit;BeamCandidateCount;SelectedBeamGain_dB;BestBeamGain_dB;BeamGainGap_dB;PrecoderSource;PrecodingMode;PrecodingApplicationStage;PrecodingActive;BeamformingApplied;TransformPrecodingApplied;ExplicitBeamWeightsApplied;AppliedPrecoderPMI;AppliedPrecoderPMIType;AppliedPrecoderCodebookMode;PrecodingNumPorts;PrecodingNumLayers;PrecodingMatrixRows;PrecodingMatrixCols;RankEstimate;ConditionNumber_dB;user_group_id;calibration_flag;reciprocity_flag;stage_latency_ms;stage_status,direction;ue_id;bs_id;sfn;slot;symbol,required,runtime truth fact table,table_defined,false,false,unavailable_until_canonical_artifact_or_db_view_exists,false,false,false,runtime_evidence_present_noncanonical,7,4,2,1,0,beam_precoder_table;beamforming_analytics_table;mimo_rank_utilization_table;rank_layer_usage_histogram,reports/csv/output_coverage_registry.csv;reports/csv/output_coverage_registry.csv;reports/csv/output_coverage_registry.csv;reports/csv/output_coverage_registry.csv,canonical_live_table_or_view_missing_but_runtime_evidence_present
reports,beamforming-precoding-mimo-massive-mimo,Beamforming / Precoding / MIMO / Massive MIMO,beam_mimo,table,live_precoder_table,/reports/beamforming-precoding-mimo-massive-mimo/tables/live_precoder_table,live_precoder_table_v,reports/csv/live_precoder_table.csv,direction;ue_id;bs_id;sfn;slot;symbol;run_id;trial_id;run_uuid;run_tag;scenario_id;timestamp_utc;data_origin;status;value_role;value_source;value_status;finalized_flag;partial_row_flag;fallback_flag;placeholder_flag;config_only_flag;cell_id;sector_id;site_id;trp_id;link_id;carrier_id;bwp_id;numerology;scs_khz;bandwidth_hz;center_frequency_hz;duplex_mode;beam_id;layer_id;codeword_id;harq_process_id;rv;channel_name;signal_name;block_name;function_name;stage_name;metric_name;metric_value;metric_unit;artifact_id;git_sha;build_id;config_hash;seed;source_system;source_db;source_schema;source_table;source_pk;na_reason;ConfiguredBeamSelectionStrategy;BeamSelectionStrategy;BeamIndexSet;AppliedBeamIndexSet;SelectedBeamIndex;BestBeamIndex;BeamHit;TopKBeamHit;BeamCandidateCount;SelectedBeamGain_dB;BestBeamGain_dB;BeamGainGap_dB;PrecoderSource;PrecodingMode;PrecodingApplicationStage;PrecodingActive;BeamformingApplied;TransformPrecodingApplied;ExplicitBeamWeightsApplied;AppliedPrecoderPMI;AppliedPrecoderPMIType;AppliedPrecoderCodebookMode;PrecodingNumPorts;PrecodingNumLayers;PrecodingMatrixRows;PrecodingMatrixCols;RankEstimate;ConditionNumber_dB;user_group_id;calibration_flag;reciprocity_flag;stage_latency_ms;stage_status,direction;ue_id;bs_id;sfn;slot;symbol,required,runtime truth fact table,table_defined,false,false,unavailable_until_canonical_artifact_or_db_view_exists,false,false,false,runtime_evidence_present_noncanonical,7,4,2,1,0,beam_precoder_table;beamforming_analytics_table;mimo_rank_utilization_table;rank_layer_usage_histogram,reports/csv/output_coverage_registry.csv;reports/csv/output_coverage_registry.csv;reports/csv/output_coverage_registry.csv;reports/csv/output_coverage_registry.csv,canonical_live_table_or_view_missing_but_runtime_evidence_present
reports,beamforming-precoding-mimo-massive-mimo,Beamforming / Precoding / MIMO / Massive MIMO,beam_mimo,table,live_combiner_table,/reports/beamforming-precoding-mimo-massive-mimo/tables/live_combiner_table,live_combiner_table_v,reports/csv/live_combiner_table.csv,direction;ue_id;bs_id;sfn;slot;symbol;run_id;trial_id;run_uuid;run_tag;scenario_id;timestamp_utc;data_origin;status;value_role;value_source;value_status;finalized_flag;partial_row_flag;fallback_flag;placeholder_flag;config_only_flag;cell_id;sector_id;site_id;trp_id;link_id;carrier_id;bwp_id;numerology;scs_khz;bandwidth_hz;center_frequency_hz;duplex_mode;beam_id;layer_id;codeword_id;harq_process_id;rv;channel_name;signal_name;block_name;function_name;stage_name;metric_name;metric_value;metric_unit;artifact_id;git_sha;build_id;config_hash;seed;source_system;source_db;source_schema;source_table;source_pk;na_reason;ConfiguredBeamSelectionStrategy;BeamSelectionStrategy;BeamIndexSet;AppliedBeamIndexSet;SelectedBeamIndex;BestBeamIndex;BeamHit;TopKBeamHit;BeamCandidateCount;SelectedBeamGain_dB;BestBeamGain_dB;BeamGainGap_dB;PrecoderSource;PrecodingMode;PrecodingApplicationStage;PrecodingActive;BeamformingApplied;TransformPrecodingApplied;ExplicitBeamWeightsApplied;AppliedPrecoderPMI;AppliedPrecoderPMIType;AppliedPrecoderCodebookMode;PrecodingNumPorts;PrecodingNumLayers;PrecodingMatrixRows;PrecodingMatrixCols;RankEstimate;ConditionNumber_dB;user_group_id;calibration_flag;reciprocity_flag;stage_latency_ms;stage_status,direction;ue_id;bs_id;sfn;slot;symbol,required,runtime truth fact table,table_defined,false,false,unavailable_until_canonical_artifact_or_db_view_exists,false,false,false,runtime_evidence_present_noncanonical,7,4,2,1,0,beam_precoder_table;beamforming_analytics_table;mimo_rank_utilization_table;rank_layer_usage_histogram,reports/csv/output_coverage_registry.csv;reports/csv/output_coverage_registry.csv;reports/csv/output_coverage_registry.csv;reports/csv/output_coverage_registry.csv,canonical_live_table_or_view_missing_but_runtime_evidence_present
reports,beamforming-precoding-mimo-massive-mimo,Beamforming / Precoding / MIMO / Massive MIMO,beam_mimo,table,live_mimo_state_table,/reports/beamforming-precoding-mimo-massive-mimo/tables/live_mimo_state_table,live_mimo_state_table_v,reports/csv/live_mimo_state_table.csv,direction;ue_id;bs_id;sfn;slot;symbol;run_id;trial_id;run_uuid;run_tag;scenario_id;timestamp_utc;data_origin;status;value_role;value_source;value_status;finalized_flag;partial_row_flag;fallback_flag;placeholder_flag;config_only_flag;cell_id;sector_id;site_id;trp_id;link_id;carrier_id;bwp_id;numerology;scs_khz;bandwidth_hz;center_frequency_hz;duplex_mode;beam_id;layer_id;codeword_id;harq_process_id;rv;channel_name;signal_name;block_name;function_name;stage_name;metric_name;metric_value;metric_unit;artifact_id;git_sha;build_id;config_hash;seed;source_system;source_db;source_schema;source_table;source_pk;na_reason;ConfiguredBeamSelectionStrategy;BeamSelectionStrategy;BeamIndexSet;AppliedBeamIndexSet;SelectedBeamIndex;BestBeamIndex;BeamHit;TopKBeamHit;BeamCandidateCount;SelectedBeamGain_dB;BestBeamGain_dB;BeamGainGap_dB;PrecoderSource;PrecodingMode;PrecodingApplicationStage;PrecodingActive;BeamformingApplied;TransformPrecodingApplied;ExplicitBeamWeightsApplied;AppliedPrecoderPMI;AppliedPrecoderPMIType;AppliedPrecoderCodebookMode;PrecodingNumPorts;PrecodingNumLayers;PrecodingMatrixRows;PrecodingMatrixCols;RankEstimate;ConditionNumber_dB;user_group_id;calibration_flag;reciprocity_flag;stage_latency_ms;stage_status,direction;ue_id;bs_id;sfn;slot;symbol,required,runtime truth fact table,table_defined,false,false,unavailable_until_canonical_artifact_or_db_view_exists,false,false,false,runtime_evidence_present_noncanonical,7,4,2,1,0,beam_precoder_table;beamforming_analytics_table;mimo_rank_utilization_table;rank_layer_usage_histogram,reports/csv/output_coverage_registry.csv;reports/csv/output_coverage_registry.csv;reports/csv/output_coverage_registry.csv;reports/csv/output_coverage_registry.csv,canonical_live_table_or_view_missing_but_runtime_evidence_present
reports,beamforming-precoding-mimo-massive-mimo,Beamforming / Precoding / MIMO / Massive MIMO,beam_mimo,table,live_user_grouping_table,/reports/beamforming-precoding-mimo-massive-mimo/tables/live_user_grouping_table,live_user_grouping_table_v,reports/csv/live_user_grouping_table.csv,direction;ue_id;bs_id;sfn;slot;symbol;run_id;trial_id;run_uuid;run_tag;scenario_id;timestamp_utc;data_origin;status;value_role;value_source;value_status;finalized_flag;partial_row_flag;fallback_flag;placeholder_flag;config_only_flag;cell_id;sector_id;site_id;trp_id;link_id;carrier_id;bwp_id;numerology;scs_khz;bandwidth_hz;center_frequency_hz;duplex_mode;beam_id;layer_id;codeword_id;harq_process_id;rv;channel_name;signal_name;block_name;function_name;stage_name;metric_name;metric_value;metric_unit;artifact_id;git_sha;build_id;config_hash;seed;source_system;source_db;source_schema;source_table;source_pk;na_reason;ConfiguredBeamSelectionStrategy;BeamSelectionStrategy;BeamIndexSet;AppliedBeamIndexSet;SelectedBeamIndex;BestBeamIndex;BeamHit;TopKBeamHit;BeamCandidateCount;SelectedBeamGain_dB;BestBeamGain_dB;BeamGainGap_dB;PrecoderSource;PrecodingMode;PrecodingApplicationStage;PrecodingActive;BeamformingApplied;TransformPrecodingApplied;ExplicitBeamWeightsApplied;AppliedPrecoderPMI;AppliedPrecoderPMIType;AppliedPrecoderCodebookMode;PrecodingNumPorts;PrecodingNumLayers;PrecodingMatrixRows;PrecodingMatrixCols;RankEstimate;ConditionNumber_dB;user_group_id;calibration_flag;reciprocity_flag;stage_latency_ms;stage_status,direction;ue_id;bs_id;sfn;slot;symbol,required,runtime truth fact table,table_defined,false,false,unavailable_until_canonical_artifact_or_db_view_exists,false,false,false,runtime_evidence_present_noncanonical,7,4,2,1,0,beam_precoder_table;beamforming_analytics_table;mimo_rank_utilization_table;rank_layer_usage_histogram,reports/csv/output_coverage_registry.csv;reports/csv/output_coverage_registry.csv;reports/csv/output_coverage_registry.csv;reports/csv/output_coverage_registry.csv,canonical_live_table_or_view_missing_but_runtime_evidence_present
reports,ue-side-state-ue-power-ue-control,UE-Side State / UE Power / UE Control,ue_state,table,live_ue_state_table,/reports/ue-side-state-ue-power-ue-control/tables/live_ue_state_table,live_ue_state_table_v,reports/csv/live_ue_state_table.csv,direction;ue_id;bs_id;sfn;slot;symbol;run_id;trial_id;run_uuid;run_tag;scenario_id;timestamp_utc;data_origin;status;value_role;value_source;value_status;finalized_flag;partial_row_flag;fallback_flag;placeholder_flag;config_only_flag;cell_id;sector_id;site_id;trp_id;link_id;carrier_id;bwp_id;numerology;scs_khz;bandwidth_hz;center_frequency_hz;duplex_mode;beam_id;layer_id;codeword_id;harq_process_id;rv;channel_name;signal_name;block_name;function_name;stage_name;metric_name;metric_value;metric_unit;artifact_id;git_sha;build_id;config_hash;seed;source_system;source_db;source_schema;source_table;source_pk;na_reason;selected_cell_id;selected_beam_id;measurement_filtering_state;csi_report_generation_state;sr_state;bsr_state;uci_state;drx_state;ue_tx_power_dbm;ue_power_headroom_db;ue_battery_state;ue_energy_proxy;access_state;uplink_control_state;ue_side_decode_latency_ms;ue_side_report_latency_ms,direction;ue_id;bs_id;sfn;slot;symbol,required,runtime truth fact table,table_defined,false,false,unavailable_until_canonical_artifact_or_db_view_exists,false,false,false,runtime_evidence_present_noncanonical,5,4,1,0,0,table_latency;latency_cdf_plot;timing_synchronization_table;latency_root_cause_table,reports/csv/output_coverage_registry.csv;reports/csv/output_coverage_registry.csv;reports/csv/output_coverage_registry.csv;reports/csv/output_coverage_registry.csv,canonical_live_table_or_view_missing_but_runtime_evidence_present
reports,ue-side-state-ue-power-ue-control,UE-Side State / UE Power / UE Control,ue_state,table,live_ue_measurement_state,/reports/ue-side-state-ue-power-ue-control/tables/live_ue_measurement_state,live_ue_measurement_state_v,reports/csv/live_ue_measurement_state.csv,direction;ue_id;bs_id;sfn;slot;symbol;run_id;trial_id;run_uuid;run_tag;scenario_id;timestamp_utc;data_origin;status;value_role;value_source;value_status;finalized_flag;partial_row_flag;fallback_flag;placeholder_flag;config_only_flag;cell_id;sector_id;site_id;trp_id;link_id;carrier_id;bwp_id;numerology;scs_khz;bandwidth_hz;center_frequency_hz;duplex_mode;beam_id;layer_id;codeword_id;harq_process_id;rv;channel_name;signal_name;block_name;function_name;stage_name;metric_name;metric_value;metric_unit;artifact_id;git_sha;build_id;config_hash;seed;source_system;source_db;source_schema;source_table;source_pk;na_reason;selected_cell_id;selected_beam_id;measurement_filtering_state;csi_report_generation_state;sr_state;bsr_state;uci_state;drx_state;ue_tx_power_dbm;ue_power_headroom_db;ue_battery_state;ue_energy_proxy;access_state;uplink_control_state;ue_side_decode_latency_ms;ue_side_report_latency_ms,direction;ue_id;bs_id;sfn;slot;symbol,required,runtime truth fact table,table_defined,false,false,unavailable_until_canonical_artifact_or_db_view_exists,false,false,false,runtime_evidence_present_noncanonical,5,4,1,0,0,table_latency;latency_cdf_plot;timing_synchronization_table;latency_root_cause_table,reports/csv/output_coverage_registry.csv;reports/csv/output_coverage_registry.csv;reports/csv/output_coverage_registry.csv;reports/csv/output_coverage_registry.csv,canonical_live_table_or_view_missing_but_runtime_evidence_present
reports,ue-side-state-ue-power-ue-control,UE-Side State / UE Power / UE Control,ue_state,table,live_ue_control_state,/reports/ue-side-state-ue-power-ue-control/tables/live_ue_control_state,live_ue_control_state_v,reports/csv/live_ue_control_state.csv,direction;ue_id;bs_id;sfn;slot;symbol;run_id;trial_id;run_uuid;run_tag;scenario_id;timestamp_utc;data_origin;status;value_role;value_source;value_status;finalized_flag;partial_row_flag;fallback_flag;placeholder_flag;config_only_flag;cell_id;sector_id;site_id;trp_id;link_id;carrier_id;bwp_id;numerology;scs_khz;bandwidth_hz;center_frequency_hz;duplex_mode;beam_id;layer_id;codeword_id;harq_process_id;rv;channel_name;signal_name;block_name;function_name;stage_name;metric_name;metric_value;metric_unit;artifact_id;git_sha;build_id;config_hash;seed;source_system;source_db;source_schema;source_table;source_pk;na_reason;selected_cell_id;selected_beam_id;measurement_filtering_state;csi_report_generation_state;sr_state;bsr_state;uci_state;drx_state;ue_tx_power_dbm;ue_power_headroom_db;ue_battery_state;ue_energy_proxy;access_state;uplink_control_state;ue_side_decode_latency_ms;ue_side_report_latency_ms,direction;ue_id;bs_id;sfn;slot;symbol,required,runtime truth fact table,table_defined,false,false,unavailable_until_canonical_artifact_or_db_view_exists,false,false,false,runtime_evidence_present_noncanonical,5,4,1,0,0,table_latency;latency_cdf_plot;timing_synchronization_table;latency_root_cause_table,reports/csv/output_coverage_registry.csv;reports/csv/output_coverage_registry.csv;reports/csv/output_coverage_registry.csv;reports/csv/output_coverage_registry.csv,canonical_live_table_or_view_missing_but_runtime_evidence_present
reports,ue-side-state-ue-power-ue-control,UE-Side State / UE Power / UE Control,ue_state,table,live_ue_power_state,/reports/ue-side-state-ue-power-ue-control/tables/live_ue_power_state,live_ue_power_state_v,reports/csv/live_ue_power_state.csv,direction;ue_id;bs_id;sfn;slot;symbol;run_id;trial_id;run_uuid;run_tag;scenario_id;timestamp_utc;data_origin;status;value_role;value_source;value_status;finalized_flag;partial_row_flag;fallback_flag;placeholder_flag;config_only_flag;cell_id;sector_id;site_id;trp_id;link_id;carrier_id;bwp_id;numerology;scs_khz;bandwidth_hz;center_frequency_hz;duplex_mode;beam_id;layer_id;codeword_id;harq_process_id;rv;channel_name;signal_name;block_name;function_name;stage_name;metric_name;metric_value;metric_unit;artifact_id;git_sha;build_id;config_hash;seed;source_system;source_db;source_schema;source_table;source_pk;na_reason;selected_cell_id;selected_beam_id;measurement_filtering_state;csi_report_generation_state;sr_state;bsr_state;uci_state;drx_state;ue_tx_power_dbm;ue_power_headroom_db;ue_battery_state;ue_energy_proxy;access_state;uplink_control_state;ue_side_decode_latency_ms;ue_side_report_latency_ms,direction;ue_id;bs_id;sfn;slot;symbol,required,runtime truth fact table,table_defined,false,false,unavailable_until_canonical_artifact_or_db_view_exists,false,false,false,runtime_evidence_present_noncanonical,5,4,1,0,0,table_latency;latency_cdf_plot;timing_synchronization_table;latency_root_cause_table,reports/csv/output_coverage_registry.csv;reports/csv/output_coverage_registry.csv;reports/csv/output_coverage_registry.csv;reports/csv/output_coverage_registry.csv,canonical_live_table_or_view_missing_but_runtime_evidence_present
reports,ue-side-state-ue-power-ue-control,UE-Side State / UE Power / UE Control,ue_state,table,live_drx_state,/reports/ue-side-state-ue-power-ue-control/tables/live_drx_state,live_drx_state_v,reports/csv/live_drx_state.csv,direction;ue_id;bs_id;sfn;slot;symbol;run_id;trial_id;run_uuid;run_tag;scenario_id;timestamp_utc;data_origin;status;value_role;value_source;value_status;finalized_flag;partial_row_flag;fallback_flag;placeholder_flag;config_only_flag;cell_id;sector_id;site_id;trp_id;link_id;carrier_id;bwp_id;numerology;scs_khz;bandwidth_hz;center_frequency_hz;duplex_mode;beam_id;layer_id;codeword_id;harq_process_id;rv;channel_name;signal_name;block_name;function_name;stage_name;metric_name;metric_value;metric_unit;artifact_id;git_sha;build_id;config_hash;seed;source_system;source_db;source_schema;source_table;source_pk;na_reason;selected_cell_id;selected_beam_id;measurement_filtering_state;csi_report_generation_state;sr_state;bsr_state;uci_state;drx_state;ue_tx_power_dbm;ue_power_headroom_db;ue_battery_state;ue_energy_proxy;access_state;uplink_control_state;ue_side_decode_latency_ms;ue_side_report_latency_ms,direction;ue_id;bs_id;sfn;slot;symbol,required,runtime truth fact table,table_defined,false,false,unavailable_until_canonical_artifact_or_db_view_exists,false,false,false,runtime_evidence_present_noncanonical,5,4,1,0,0,table_latency;latency_cdf_plot;timing_synchronization_table;latency_root_cause_table,reports/csv/output_coverage_registry.csv;reports/csv/output_coverage_registry.csv;reports/csv/output_coverage_registry.csv;reports/csv/output_coverage_registry.csv,canonical_live_table_or_view_missing_but_runtime_evidence_present
reports,gnb-side-state-thread-coordinator-phy-mac-api,gNB-Side State / Thread / Coordinator / PHY-MAC API,gnb_state,table,live_gnb_state_table,/reports/gnb-side-state-thread-coordinator-phy-mac-api/tables/live_gnb_state_table,live_gnb_state_table_v,reports/csv/live_gnb_state_table.csv,direction;ue_id;bs_id;sfn;slot;symbol;run_id;trial_id;run_uuid;run_tag;scenario_id;timestamp_utc;data_origin;status;value_role;value_source;value_status;finalized_flag;partial_row_flag;fallback_flag;placeholder_flag;config_only_flag;cell_id;sector_id;site_id;trp_id;link_id;carrier_id;bwp_id;numerology;scs_khz;bandwidth_hz;center_frequency_hz;duplex_mode;beam_id;layer_id;codeword_id;harq_process_id;rv;channel_name;signal_name;block_name;function_name;stage_name;metric_name;metric_value;metric_unit;artifact_id;git_sha;build_id;config_hash;seed;source_system;source_db;source_schema;source_table;source_pk;na_reason;coordinator_state;phy_mac_api_ingress_message_id;phy_mac_api_egress_message_id;per_slot_orchestration_state;thread_id;worker_id;context_state_before;context_state_after;api_parse_latency_ms;api_generate_latency_ms;mailbox_status;queue_status,direction;ue_id;bs_id;sfn;slot;symbol,required,runtime truth fact table,table_defined,false,false,unavailable_until_canonical_artifact_or_db_view_exists,false,false,false,runtime_evidence_present_noncanonical,4,2,2,0,0,table_scheduler_decision;live_prb_allocation,reports/csv/output_coverage_registry.csv;reports/csv/output_coverage_registry.csv,canonical_live_table_or_view_missing_but_runtime_evidence_present
reports,gnb-side-state-thread-coordinator-phy-mac-api,gNB-Side State / Thread / Coordinator / PHY-MAC API,gnb_state,table,live_per_cell_context,/reports/gnb-side-state-thread-coordinator-phy-mac-api/tables/live_per_cell_context,live_per_cell_context_v,reports/csv/live_per_cell_context.csv,direction;ue_id;bs_id;sfn;slot;symbol;run_id;trial_id;run_uuid;run_tag;scenario_id;timestamp_utc;data_origin;status;value_role;value_source;value_status;finalized_flag;partial_row_flag;fallback_flag;placeholder_flag;config_only_flag;cell_id;sector_id;site_id;trp_id;link_id;carrier_id;bwp_id;numerology;scs_khz;bandwidth_hz;center_frequency_hz;duplex_mode;beam_id;layer_id;codeword_id;harq_process_id;rv;channel_name;signal_name;block_name;function_name;stage_name;metric_name;metric_value;metric_unit;artifact_id;git_sha;build_id;config_hash;seed;source_system;source_db;source_schema;source_table;source_pk;na_reason;coordinator_state;phy_mac_api_ingress_message_id;phy_mac_api_egress_message_id;per_slot_orchestration_state;thread_id;worker_id;context_state_before;context_state_after;api_parse_latency_ms;api_generate_latency_ms;mailbox_status;queue_status,direction;ue_id;bs_id;sfn;slot;symbol,required,runtime truth fact table,table_defined,false,false,unavailable_until_canonical_artifact_or_db_view_exists,false,false,false,runtime_evidence_present_noncanonical,4,2,2,0,0,table_scheduler_decision;live_prb_allocation,reports/csv/output_coverage_registry.csv;reports/csv/output_coverage_registry.csv,canonical_live_table_or_view_missing_but_runtime_evidence_present
reports,gnb-side-state-thread-coordinator-phy-mac-api,gNB-Side State / Thread / Coordinator / PHY-MAC API,gnb_state,table,live_per_ue_context,/reports/gnb-side-state-thread-coordinator-phy-mac-api/tables/live_per_ue_context,live_per_ue_context_v,reports/csv/live_per_ue_context.csv,direction;ue_id;bs_id;sfn;slot;symbol;run_id;trial_id;run_uuid;run_tag;scenario_id;timestamp_utc;data_origin;status;value_role;value_source;value_status;finalized_flag;partial_row_flag;fallback_flag;placeholder_flag;config_only_flag;cell_id;sector_id;site_id;trp_id;link_id;carrier_id;bwp_id;numerology;scs_khz;bandwidth_hz;center_frequency_hz;duplex_mode;beam_id;layer_id;codeword_id;harq_process_id;rv;channel_name;signal_name;block_name;function_name;stage_name;metric_name;metric_value;metric_unit;artifact_id;git_sha;build_id;config_hash;seed;source_system;source_db;source_schema;source_table;source_pk;na_reason;coordinator_state;phy_mac_api_ingress_message_id;phy_mac_api_egress_message_id;per_slot_orchestration_state;thread_id;worker_id;context_state_before;context_state_after;api_parse_latency_ms;api_generate_latency_ms;mailbox_status;queue_status,direction;ue_id;bs_id;sfn;slot;symbol,required,runtime truth fact table,table_defined,false,false,unavailable_until_canonical_artifact_or_db_view_exists,false,false,false,runtime_evidence_present_noncanonical,4,2,2,0,0,table_scheduler_decision;live_prb_allocation,reports/csv/output_coverage_registry.csv;reports/csv/output_coverage_registry.csv,canonical_live_table_or_view_missing_but_runtime_evidence_present
reports,gnb-side-state-thread-coordinator-phy-mac-api,gNB-Side State / Thread / Coordinator / PHY-MAC API,gnb_state,table,live_phy_mac_api_table,/reports/gnb-side-state-thread-coordinator-phy-mac-api/tables/live_phy_mac_api_table,live_phy_mac_api_table_v,reports/csv/live_phy_mac_api_table.csv,direction;ue_id;bs_id;sfn;slot;symbol;run_id;trial_id;run_uuid;run_tag;scenario_id;timestamp_utc;data_origin;status;value_role;value_source;value_status;finalized_flag;partial_row_flag;fallback_flag;placeholder_flag;config_only_flag;cell_id;sector_id;site_id;trp_id;link_id;carrier_id;bwp_id;numerology;scs_khz;bandwidth_hz;center_frequency_hz;duplex_mode;beam_id;layer_id;codeword_id;harq_process_id;rv;channel_name;signal_name;block_name;function_name;stage_name;metric_name;metric_value;metric_unit;artifact_id;git_sha;build_id;config_hash;seed;source_system;source_db;source_schema;source_table;source_pk;na_reason;coordinator_state;phy_mac_api_ingress_message_id;phy_mac_api_egress_message_id;per_slot_orchestration_state;thread_id;worker_id;context_state_before;context_state_after;api_parse_latency_ms;api_generate_latency_ms;mailbox_status;queue_status,direction;ue_id;bs_id;sfn;slot;symbol,required,runtime truth fact table,table_defined,false,false,unavailable_until_canonical_artifact_or_db_view_exists,false,false,false,runtime_evidence_present_noncanonical,4,2,2,0,0,table_scheduler_decision;live_prb_allocation,reports/csv/output_coverage_registry.csv;reports/csv/output_coverage_registry.csv,canonical_live_table_or_view_missing_but_runtime_evidence_present
reports,gnb-side-state-thread-coordinator-phy-mac-api,gNB-Side State / Thread / Coordinator / PHY-MAC API,gnb_state,table,live_thread_orchestration_table,/reports/gnb-side-state-thread-coordinator-phy-mac-api/tables/live_thread_orchestration_table,live_thread_orchestration_table_v,reports/csv/live_thread_orchestration_table.csv,direction;ue_id;bs_id;sfn;slot;symbol;run_id;trial_id;run_uuid;run_tag;scenario_id;timestamp_utc;data_origin;status;value_role;value_source;value_status;finalized_flag;partial_row_flag;fallback_flag;placeholder_flag;config_only_flag;cell_id;sector_id;site_id;trp_id;link_id;carrier_id;bwp_id;numerology;scs_khz;bandwidth_hz;center_frequency_hz;duplex_mode;beam_id;layer_id;codeword_id;harq_process_id;rv;channel_name;signal_name;block_name;function_name;stage_name;metric_name;metric_value;metric_unit;artifact_id;git_sha;build_id;config_hash;seed;source_system;source_db;source_schema;source_table;source_pk;na_reason;coordinator_state;phy_mac_api_ingress_message_id;phy_mac_api_egress_message_id;per_slot_orchestration_state;thread_id;worker_id;context_state_before;context_state_after;api_parse_latency_ms;api_generate_latency_ms;mailbox_status;queue_status,direction;ue_id;bs_id;sfn;slot;symbol,required,runtime truth fact table,table_defined,false,false,unavailable_until_canonical_artifact_or_db_view_exists,false,false,false,runtime_evidence_present_noncanonical,4,2,2,0,0,table_scheduler_decision;live_prb_allocation,reports/csv/output_coverage_registry.csv;reports/csv/output_coverage_registry.csv,canonical_live_table_or_view_missing_but_runtime_evidence_present
reports,power-energy-thermal-compute-runtime,Power / Energy / Thermal / Compute / Runtime,power_energy,table,live_power_runtime_table,/reports/power-energy-thermal-compute-runtime/tables/live_power_runtime_table,live_power_runtime_table_v,reports/csv/live_power_runtime_table.csv,direction;ue_id;bs_id;sfn;slot;symbol;run_id;trial_id;run_uuid;run_tag;scenario_id;timestamp_utc;data_origin;status;value_role;value_source;value_status;finalized_flag;partial_row_flag;fallback_flag;placeholder_flag;config_only_flag;cell_id;sector_id;site_id;trp_id;link_id;carrier_id;bwp_id;numerology;scs_khz;bandwidth_hz;center_frequency_hz;duplex_mode;beam_id;layer_id;codeword_id;harq_process_id;rv;channel_name;signal_name;block_name;function_name;stage_name;metric_name;metric_value;metric_unit;artifact_id;git_sha;build_id;config_hash;seed;source_system;source_db;source_schema;source_table;source_pk;na_reason;dl_tx_power_dbm;ul_tx_power_dbm;power_control_command;pa_backoff_db;rf_chain_power_w;digital_baseband_power_w;cpu_power_w;memory_bandwidth_bytes_s;memory_utilization;ComputeLatency_ms;DecodeLatency_ms;AirInterfaceTTI_ms;AirInterfaceObservation_ms;ProcedureDelay_ms;Latency_ms;cpu_cycles;memory_bytes;queue_depth;lock_wait_ms;contention_count;AreaEfficiencyProxy;PAPR_dB;PeakClippingEvents;energy_per_bit_j;joules_per_gb;cell_energy_efficiency;ue_energy_efficiency;sleep_state;thermal_state;throttling_flag,direction;ue_id;bs_id;sfn;slot;symbol,required,runtime truth fact table,table_defined,false,false,unavailable_until_canonical_artifact_or_db_view_exists,false,false,false,canonical_artifact_present,1,1,0,0,0,live_power_runtime_table,reports/csv/live_power_runtime_table.csv,canonical_artifact_present_in_reference_smoke
reports,power-energy-thermal-compute-runtime,Power / Energy / Thermal / Compute / Runtime,power_energy,table,live_rf_power_table,/reports/power-energy-thermal-compute-runtime/tables/live_rf_power_table,live_rf_power_table_v,reports/csv/live_rf_power_table.csv,direction;ue_id;bs_id;sfn;slot;symbol;run_id;trial_id;run_uuid;run_tag;scenario_id;timestamp_utc;data_origin;status;value_role;value_source;value_status;finalized_flag;partial_row_flag;fallback_flag;placeholder_flag;config_only_flag;cell_id;sector_id;site_id;trp_id;link_id;carrier_id;bwp_id;numerology;scs_khz;bandwidth_hz;center_frequency_hz;duplex_mode;beam_id;layer_id;codeword_id;harq_process_id;rv;channel_name;signal_name;block_name;function_name;stage_name;metric_name;metric_value;metric_unit;artifact_id;git_sha;build_id;config_hash;seed;source_system;source_db;source_schema;source_table;source_pk;na_reason;dl_tx_power_dbm;ul_tx_power_dbm;power_control_command;pa_backoff_db;rf_chain_power_w;digital_baseband_power_w;cpu_power_w;memory_bandwidth_bytes_s;memory_utilization;ComputeLatency_ms;DecodeLatency_ms;AirInterfaceTTI_ms;AirInterfaceObservation_ms;ProcedureDelay_ms;Latency_ms;cpu_cycles;memory_bytes;queue_depth;lock_wait_ms;contention_count;AreaEfficiencyProxy;PAPR_dB;PeakClippingEvents;energy_per_bit_j;joules_per_gb;cell_energy_efficiency;ue_energy_efficiency;sleep_state;thermal_state;throttling_flag,direction;ue_id;bs_id;sfn;slot;symbol,required,runtime truth fact table,table_defined,false,false,unavailable_until_canonical_artifact_or_db_view_exists,false,false,false,canonical_artifact_present,1,1,0,0,0,live_rf_power_table,reports/csv/live_rf_power_table.csv,canonical_artifact_present_in_reference_smoke
reports,power-energy-thermal-compute-runtime,Power / Energy / Thermal / Compute / Runtime,power_energy,table,live_bb_power_table,/reports/power-energy-thermal-compute-runtime/tables/live_bb_power_table,live_bb_power_table_v,reports/csv/live_bb_power_table.csv,direction;ue_id;bs_id;sfn;slot;symbol;run_id;trial_id;run_uuid;run_tag;scenario_id;timestamp_utc;data_origin;status;value_role;value_source;value_status;finalized_flag;partial_row_flag;fallback_flag;placeholder_flag;config_only_flag;cell_id;sector_id;site_id;trp_id;link_id;carrier_id;bwp_id;numerology;scs_khz;bandwidth_hz;center_frequency_hz;duplex_mode;beam_id;layer_id;codeword_id;harq_process_id;rv;channel_name;signal_name;block_name;function_name;stage_name;metric_name;metric_value;metric_unit;artifact_id;git_sha;build_id;config_hash;seed;source_system;source_db;source_schema;source_table;source_pk;na_reason;dl_tx_power_dbm;ul_tx_power_dbm;power_control_command;pa_backoff_db;rf_chain_power_w;digital_baseband_power_w;cpu_power_w;memory_bandwidth_bytes_s;memory_utilization;ComputeLatency_ms;DecodeLatency_ms;AirInterfaceTTI_ms;AirInterfaceObservation_ms;ProcedureDelay_ms;Latency_ms;cpu_cycles;memory_bytes;queue_depth;lock_wait_ms;contention_count;AreaEfficiencyProxy;PAPR_dB;PeakClippingEvents;energy_per_bit_j;joules_per_gb;cell_energy_efficiency;ue_energy_efficiency;sleep_state;thermal_state;throttling_flag,direction;ue_id;bs_id;sfn;slot;symbol,required,runtime truth fact table,table_defined,false,false,unavailable_until_canonical_artifact_or_db_view_exists,false,false,false,canonical_artifact_present,1,1,0,0,0,live_bb_power_table,reports/csv/live_bb_power_table.csv,canonical_artifact_present_in_reference_smoke
reports,power-energy-thermal-compute-runtime,Power / Energy / Thermal / Compute / Runtime,power_energy,table,live_energy_efficiency_table,/reports/power-energy-thermal-compute-runtime/tables/live_energy_efficiency_table,live_energy_efficiency_table_v,reports/csv/live_energy_efficiency_table.csv,direction;ue_id;bs_id;sfn;slot;symbol;run_id;trial_id;run_uuid;run_tag;scenario_id;timestamp_utc;data_origin;status;value_role;value_source;value_status;finalized_flag;partial_row_flag;fallback_flag;placeholder_flag;config_only_flag;cell_id;sector_id;site_id;trp_id;link_id;carrier_id;bwp_id;numerology;scs_khz;bandwidth_hz;center_frequency_hz;duplex_mode;beam_id;layer_id;codeword_id;harq_process_id;rv;channel_name;signal_name;block_name;function_name;stage_name;metric_name;metric_value;metric_unit;artifact_id;git_sha;build_id;config_hash;seed;source_system;source_db;source_schema;source_table;source_pk;na_reason;dl_tx_power_dbm;ul_tx_power_dbm;power_control_command;pa_backoff_db;rf_chain_power_w;digital_baseband_power_w;cpu_power_w;memory_bandwidth_bytes_s;memory_utilization;ComputeLatency_ms;DecodeLatency_ms;AirInterfaceTTI_ms;AirInterfaceObservation_ms;ProcedureDelay_ms;Latency_ms;cpu_cycles;memory_bytes;queue_depth;lock_wait_ms;contention_count;AreaEfficiencyProxy;PAPR_dB;PeakClippingEvents;energy_per_bit_j;joules_per_gb;cell_energy_efficiency;ue_energy_efficiency;sleep_state;thermal_state;throttling_flag,direction;ue_id;bs_id;sfn;slot;symbol,required,runtime truth fact table,table_defined,false,false,unavailable_until_canonical_artifact_or_db_view_exists,false,false,false,canonical_artifact_present,1,1,0,0,0,live_energy_efficiency_table,reports/csv/live_energy_efficiency_table.csv,canonical_artifact_present_in_reference_smoke
reports,power-energy-thermal-compute-runtime,Power / Energy / Thermal / Compute / Runtime,power_energy,table,live_sleep_state_table,/reports/power-energy-thermal-compute-runtime/tables/live_sleep_state_table,live_sleep_state_table_v,reports/csv/live_sleep_state_table.csv,direction;ue_id;bs_id;sfn;slot;symbol;run_id;trial_id;run_uuid;run_tag;scenario_id;timestamp_utc;data_origin;status;value_role;value_source;value_status;finalized_flag;partial_row_flag;fallback_flag;placeholder_flag;config_only_flag;cell_id;sector_id;site_id;trp_id;link_id;carrier_id;bwp_id;numerology;scs_khz;bandwidth_hz;center_frequency_hz;duplex_mode;beam_id;layer_id;codeword_id;harq_process_id;rv;channel_name;signal_name;block_name;function_name;stage_name;metric_name;metric_value;metric_unit;artifact_id;git_sha;build_id;config_hash;seed;source_system;source_db;source_schema;source_table;source_pk;na_reason;dl_tx_power_dbm;ul_tx_power_dbm;power_control_command;pa_backoff_db;rf_chain_power_w;digital_baseband_power_w;cpu_power_w;memory_bandwidth_bytes_s;memory_utilization;ComputeLatency_ms;DecodeLatency_ms;AirInterfaceTTI_ms;AirInterfaceObservation_ms;ProcedureDelay_ms;Latency_ms;cpu_cycles;memory_bytes;queue_depth;lock_wait_ms;contention_count;AreaEfficiencyProxy;PAPR_dB;PeakClippingEvents;energy_per_bit_j;joules_per_gb;cell_energy_efficiency;ue_energy_efficiency;sleep_state;thermal_state;throttling_flag,direction;ue_id;bs_id;sfn;slot;symbol,required,runtime truth fact table,table_defined,false,false,unavailable_until_canonical_artifact_or_db_view_exists,false,false,false,canonical_artifact_present,1,1,0,0,0,live_sleep_state_table,reports/csv/live_sleep_state_table.csv,canonical_artifact_present_in_reference_smoke
reports,persistence-export-consistency-browser-health,Persistence / Export / Consistency / Browser Health,persistence,table,live_db_write_table,/reports/persistence-export-consistency-browser-health/tables/live_db_write_table,live_db_write_table_v,reports/csv/live_db_write_table.csv,direction;ue_id;bs_id;sfn;slot;symbol;run_id;trial_id;run_uuid;run_tag;scenario_id;timestamp_utc;data_origin;status;value_role;value_source;value_status;finalized_flag;partial_row_flag;fallback_flag;placeholder_flag;config_only_flag;cell_id;sector_id;site_id;trp_id;link_id;carrier_id;bwp_id;numerology;scs_khz;bandwidth_hz;center_frequency_hz;duplex_mode;beam_id;layer_id;codeword_id;harq_process_id;rv;channel_name;signal_name;block_name;function_name;stage_name;metric_name;metric_value;metric_unit;artifact_id;git_sha;build_id;config_hash;seed;source_system;source_db;source_schema;source_table;source_pk;na_reason;sink_type;sink_name;target_table;target_file;artifact_path;rows_written;write_latency_ms;retry_count;export_lag_ms;duplicate_write_flag;data_loss_flag;browser_surface_name;consistency_check_status;source_stage_linkage,direction;ue_id;bs_id;sfn;slot;symbol,required,runtime truth fact table,table_defined,false,false,unavailable_until_canonical_artifact_or_db_view_exists,false,false,false,runtime_evidence_present_noncanonical,17,6,11,0,0,output_coverage_registry;output_completeness_table;instrumentation_coverage_table;api_exposure_audit_table;persistence_audit_table,reports/csv/output_coverage_registry.csv;reports/csv/output_coverage_registry.csv;reports/csv/output_coverage_registry.csv;reports/csv/output_coverage_registry.csv;reports/csv/output_coverage_registry.csv,canonical_live_table_or_view_missing_but_runtime_evidence_present
reports,persistence-export-consistency-browser-health,Persistence / Export / Consistency / Browser Health,persistence,table,live_csv_write_table,/reports/persistence-export-consistency-browser-health/tables/live_csv_write_table,live_csv_write_table_v,reports/csv/live_csv_write_table.csv,direction;ue_id;bs_id;sfn;slot;symbol;run_id;trial_id;run_uuid;run_tag;scenario_id;timestamp_utc;data_origin;status;value_role;value_source;value_status;finalized_flag;partial_row_flag;fallback_flag;placeholder_flag;config_only_flag;cell_id;sector_id;site_id;trp_id;link_id;carrier_id;bwp_id;numerology;scs_khz;bandwidth_hz;center_frequency_hz;duplex_mode;beam_id;layer_id;codeword_id;harq_process_id;rv;channel_name;signal_name;block_name;function_name;stage_name;metric_name;metric_value;metric_unit;artifact_id;git_sha;build_id;config_hash;seed;source_system;source_db;source_schema;source_table;source_pk;na_reason;sink_type;sink_name;target_table;target_file;artifact_path;rows_written;write_latency_ms;retry_count;export_lag_ms;duplicate_write_flag;data_loss_flag;browser_surface_name;consistency_check_status;source_stage_linkage,direction;ue_id;bs_id;sfn;slot;symbol,required,runtime truth fact table,table_defined,false,false,unavailable_until_canonical_artifact_or_db_view_exists,false,false,false,runtime_evidence_present_noncanonical,17,6,11,0,0,output_coverage_registry;output_completeness_table;instrumentation_coverage_table;api_exposure_audit_table;persistence_audit_table,reports/csv/output_coverage_registry.csv;reports/csv/output_coverage_registry.csv;reports/csv/output_coverage_registry.csv;reports/csv/output_coverage_registry.csv;reports/csv/output_coverage_registry.csv,canonical_live_table_or_view_missing_but_runtime_evidence_present
reports,persistence-export-consistency-browser-health,Persistence / Export / Consistency / Browser Health,persistence,table,live_artifact_write_table,/reports/persistence-export-consistency-browser-health/tables/live_artifact_write_table,live_artifact_write_table_v,reports/csv/live_artifact_write_table.csv,direction;ue_id;bs_id;sfn;slot;symbol;run_id;trial_id;run_uuid;run_tag;scenario_id;timestamp_utc;data_origin;status;value_role;value_source;value_status;finalized_flag;partial_row_flag;fallback_flag;placeholder_flag;config_only_flag;cell_id;sector_id;site_id;trp_id;link_id;carrier_id;bwp_id;numerology;scs_khz;bandwidth_hz;center_frequency_hz;duplex_mode;beam_id;layer_id;codeword_id;harq_process_id;rv;channel_name;signal_name;block_name;function_name;stage_name;metric_name;metric_value;metric_unit;artifact_id;git_sha;build_id;config_hash;seed;source_system;source_db;source_schema;source_table;source_pk;na_reason;sink_type;sink_name;target_table;target_file;artifact_path;rows_written;write_latency_ms;retry_count;export_lag_ms;duplicate_write_flag;data_loss_flag;browser_surface_name;consistency_check_status;source_stage_linkage,direction;ue_id;bs_id;sfn;slot;symbol,required,runtime truth fact table,table_defined,false,false,unavailable_until_canonical_artifact_or_db_view_exists,false,false,false,runtime_evidence_present_noncanonical,17,6,11,0,0,output_coverage_registry;output_completeness_table;instrumentation_coverage_table;api_exposure_audit_table;persistence_audit_table,reports/csv/output_coverage_registry.csv;reports/csv/output_coverage_registry.csv;reports/csv/output_coverage_registry.csv;reports/csv/output_coverage_registry.csv;reports/csv/output_coverage_registry.csv,canonical_live_table_or_view_missing_but_runtime_evidence_present
reports,persistence-export-consistency-browser-health,Persistence / Export / Consistency / Browser Health,persistence,table,live_browser_surface_integrity_table,/reports/persistence-export-consistency-browser-health/tables/live_browser_surface_integrity_table,live_browser_surface_integrity_table_v,reports/csv/live_browser_surface_integrity_table.csv,direction;ue_id;bs_id;sfn;slot;symbol;run_id;trial_id;run_uuid;run_tag;scenario_id;timestamp_utc;data_origin;status;value_role;value_source;value_status;finalized_flag;partial_row_flag;fallback_flag;placeholder_flag;config_only_flag;cell_id;sector_id;site_id;trp_id;link_id;carrier_id;bwp_id;numerology;scs_khz;bandwidth_hz;center_frequency_hz;duplex_mode;beam_id;layer_id;codeword_id;harq_process_id;rv;channel_name;signal_name;block_name;function_name;stage_name;metric_name;metric_value;metric_unit;artifact_id;git_sha;build_id;config_hash;seed;source_system;source_db;source_schema;source_table;source_pk;na_reason;sink_type;sink_name;target_table;target_file;artifact_path;rows_written;write_latency_ms;retry_count;export_lag_ms;duplicate_write_flag;data_loss_flag;browser_surface_name;consistency_check_status;source_stage_linkage,direction;ue_id;bs_id;sfn;slot;symbol,required,runtime truth fact table,table_defined,false,false,unavailable_until_canonical_artifact_or_db_view_exists,false,false,false,runtime_evidence_present_noncanonical,17,6,11,0,0,output_coverage_registry;output_completeness_table;instrumentation_coverage_table;api_exposure_audit_table;persistence_audit_table,reports/csv/output_coverage_registry.csv;reports/csv/output_coverage_registry.csv;reports/csv/output_coverage_registry.csv;reports/csv/output_coverage_registry.csv;reports/csv/output_coverage_registry.csv,canonical_live_table_or_view_missing_but_runtime_evidence_present
reports,persistence-export-consistency-browser-health,Persistence / Export / Consistency / Browser Health,persistence,table,live_consistency_check_table,/reports/persistence-export-consistency-browser-health/tables/live_consistency_check_table,live_consistency_check_table_v,reports/csv/live_consistency_check_table.csv,direction;ue_id;bs_id;sfn;slot;symbol;run_id;trial_id;run_uuid;run_tag;scenario_id;timestamp_utc;data_origin;status;value_role;value_source;value_status;finalized_flag;partial_row_flag;fallback_flag;placeholder_flag;config_only_flag;cell_id;sector_id;site_id;trp_id;link_id;carrier_id;bwp_id;numerology;scs_khz;bandwidth_hz;center_frequency_hz;duplex_mode;beam_id;layer_id;codeword_id;harq_process_id;rv;channel_name;signal_name;block_name;function_name;stage_name;metric_name;metric_value;metric_unit;artifact_id;git_sha;build_id;config_hash;seed;source_system;source_db;source_schema;source_table;source_pk;na_reason;sink_type;sink_name;target_table;target_file;artifact_path;rows_written;write_latency_ms;retry_count;export_lag_ms;duplicate_write_flag;data_loss_flag;browser_surface_name;consistency_check_status;source_stage_linkage,direction;ue_id;bs_id;sfn;slot;symbol,required,runtime truth fact table,table_defined,false,false,unavailable_until_canonical_artifact_or_db_view_exists,false,false,false,runtime_evidence_present_noncanonical,17,6,11,0,0,output_coverage_registry;output_completeness_table;instrumentation_coverage_table;api_exposure_audit_table;persistence_audit_table,reports/csv/output_coverage_registry.csv;reports/csv/output_coverage_registry.csv;reports/csv/output_coverage_registry.csv;reports/csv/output_coverage_registry.csv;reports/csv/output_coverage_registry.csv,canonical_live_table_or_view_missing_but_runtime_evidence_present
reports,generic-investigator-views,Generic Investigator Views,investigator,table,reports_all_stage_exec_v,/reports/generic-investigator-views/tables/reports_all_stage_exec_v,reports_all_stage_exec_v,reports/csv/reports_all_stage_exec_v.csv,direction;ue_id;bs_id;sfn;slot;symbol;run_id;trial_id;run_uuid;run_tag;scenario_id;timestamp_utc;data_origin;status;value_role;value_source;value_status;finalized_flag;partial_row_flag;fallback_flag;placeholder_flag;config_only_flag;cell_id;sector_id;site_id;trp_id;link_id;carrier_id;bwp_id;numerology;scs_khz;bandwidth_hz;center_frequency_hz;duplex_mode;beam_id;layer_id;codeword_id;harq_process_id;rv;channel_name;signal_name;block_name;function_name;stage_name;metric_name;metric_value;metric_unit;artifact_id;git_sha;build_id;config_hash;seed;source_system;source_db;source_schema;source_table;source_pk;na_reason;stage_exec_id;scalar_value;enum_value;artifact_logical_path;lineage_edge;truth_violation_category;missing_or_partial_reason;conflict_reason;coverage_reason;rollup_explanation,direction;ue_id;bs_id;sfn;slot;symbol,required,runtime truth fact table,table_defined,false,false,unavailable_until_canonical_artifact_or_db_view_exists,false,false,false,runtime_evidence_present_noncanonical,28,12,14,2,0,output_coverage_registry;output_completeness_table;instrumentation_coverage_table;api_exposure_audit_table;persistence_audit_table,reports/csv/output_coverage_registry.csv;reports/csv/output_coverage_registry.csv;reports/csv/output_coverage_registry.csv;reports/csv/output_coverage_registry.csv;reports/csv/output_coverage_registry.csv,canonical_live_table_or_view_missing_but_runtime_evidence_present
reports,generic-investigator-views,Generic Investigator Views,investigator,table,reports_all_scalars_v,/reports/generic-investigator-views/tables/reports_all_scalars_v,reports_all_scalars_v,reports/csv/reports_all_scalars_v.csv,direction;ue_id;bs_id;sfn;slot;symbol;run_id;trial_id;run_uuid;run_tag;scenario_id;timestamp_utc;data_origin;status;value_role;value_source;value_status;finalized_flag;partial_row_flag;fallback_flag;placeholder_flag;config_only_flag;cell_id;sector_id;site_id;trp_id;link_id;carrier_id;bwp_id;numerology;scs_khz;bandwidth_hz;center_frequency_hz;duplex_mode;beam_id;layer_id;codeword_id;harq_process_id;rv;channel_name;signal_name;block_name;function_name;stage_name;metric_name;metric_value;metric_unit;artifact_id;git_sha;build_id;config_hash;seed;source_system;source_db;source_schema;source_table;source_pk;na_reason;stage_exec_id;scalar_value;enum_value;artifact_logical_path;lineage_edge;truth_violation_category;missing_or_partial_reason;conflict_reason;coverage_reason;rollup_explanation,direction;ue_id;bs_id;sfn;slot;symbol,required,runtime truth fact table,table_defined,false,false,unavailable_until_canonical_artifact_or_db_view_exists,false,false,false,runtime_evidence_present_noncanonical,28,12,14,2,0,output_coverage_registry;output_completeness_table;instrumentation_coverage_table;api_exposure_audit_table;persistence_audit_table,reports/csv/output_coverage_registry.csv;reports/csv/output_coverage_registry.csv;reports/csv/output_coverage_registry.csv;reports/csv/output_coverage_registry.csv;reports/csv/output_coverage_registry.csv,canonical_live_table_or_view_missing_but_runtime_evidence_present
reports,generic-investigator-views,Generic Investigator Views,investigator,table,reports_all_enums_v,/reports/generic-investigator-views/tables/reports_all_enums_v,reports_all_enums_v,reports/csv/reports_all_enums_v.csv,direction;ue_id;bs_id;sfn;slot;symbol;run_id;trial_id;run_uuid;run_tag;scenario_id;timestamp_utc;data_origin;status;value_role;value_source;value_status;finalized_flag;partial_row_flag;fallback_flag;placeholder_flag;config_only_flag;cell_id;sector_id;site_id;trp_id;link_id;carrier_id;bwp_id;numerology;scs_khz;bandwidth_hz;center_frequency_hz;duplex_mode;beam_id;layer_id;codeword_id;harq_process_id;rv;channel_name;signal_name;block_name;function_name;stage_name;metric_name;metric_value;metric_unit;artifact_id;git_sha;build_id;config_hash;seed;source_system;source_db;source_schema;source_table;source_pk;na_reason;stage_exec_id;scalar_value;enum_value;artifact_logical_path;lineage_edge;truth_violation_category;missing_or_partial_reason;conflict_reason;coverage_reason;rollup_explanation,direction;ue_id;bs_id;sfn;slot;symbol,required,runtime truth fact table,table_defined,false,false,unavailable_until_canonical_artifact_or_db_view_exists,false,false,false,runtime_evidence_present_noncanonical,28,12,14,2,0,output_coverage_registry;output_completeness_table;instrumentation_coverage_table;api_exposure_audit_table;persistence_audit_table,reports/csv/output_coverage_registry.csv;reports/csv/output_coverage_registry.csv;reports/csv/output_coverage_registry.csv;reports/csv/output_coverage_registry.csv;reports/csv/output_coverage_registry.csv,canonical_live_table_or_view_missing_but_runtime_evidence_present
reports,generic-investigator-views,Generic Investigator Views,investigator,table,reports_all_artifacts_v,/reports/generic-investigator-views/tables/reports_all_artifacts_v,reports_all_artifacts_v,reports/csv/reports_all_artifacts_v.csv,direction;ue_id;bs_id;sfn;slot;symbol;run_id;trial_id;run_uuid;run_tag;scenario_id;timestamp_utc;data_origin;status;value_role;value_source;value_status;finalized_flag;partial_row_flag;fallback_flag;placeholder_flag;config_only_flag;cell_id;sector_id;site_id;trp_id;link_id;carrier_id;bwp_id;numerology;scs_khz;bandwidth_hz;center_frequency_hz;duplex_mode;beam_id;layer_id;codeword_id;harq_process_id;rv;channel_name;signal_name;block_name;function_name;stage_name;metric_name;metric_value;metric_unit;artifact_id;git_sha;build_id;config_hash;seed;source_system;source_db;source_schema;source_table;source_pk;na_reason;stage_exec_id;scalar_value;enum_value;artifact_logical_path;lineage_edge;truth_violation_category;missing_or_partial_reason;conflict_reason;coverage_reason;rollup_explanation,direction;ue_id;bs_id;sfn;slot;symbol,required,runtime truth fact table,table_defined,false,false,unavailable_until_canonical_artifact_or_db_view_exists,false,false,false,runtime_evidence_present_noncanonical,28,12,14,2,0,output_coverage_registry;output_completeness_table;instrumentation_coverage_table;api_exposure_audit_table;persistence_audit_table,reports/csv/output_coverage_registry.csv;reports/csv/output_coverage_registry.csv;reports/csv/output_coverage_registry.csv;reports/csv/output_coverage_registry.csv;reports/csv/output_coverage_registry.csv,canonical_live_table_or_view_missing_but_runtime_evidence_present
reports,generic-investigator-views,Generic Investigator Views,investigator,table,reports_stage_lineage_v,/reports/generic-investigator-views/tables/reports_stage_lineage_v,reports_stage_lineage_v,reports/csv/reports_stage_lineage_v.csv,direction;ue_id;bs_id;sfn;slot;symbol;run_id;trial_id;run_uuid;run_tag;scenario_id;timestamp_utc;data_origin;status;value_role;value_source;value_status;finalized_flag;partial_row_flag;fallback_flag;placeholder_flag;config_only_flag;cell_id;sector_id;site_id;trp_id;link_id;carrier_id;bwp_id;numerology;scs_khz;bandwidth_hz;center_frequency_hz;duplex_mode;beam_id;layer_id;codeword_id;harq_process_id;rv;channel_name;signal_name;block_name;function_name;stage_name;metric_name;metric_value;metric_unit;artifact_id;git_sha;build_id;config_hash;seed;source_system;source_db;source_schema;source_table;source_pk;na_reason;stage_exec_id;scalar_value;enum_value;artifact_logical_path;lineage_edge;truth_violation_category;missing_or_partial_reason;conflict_reason;coverage_reason;rollup_explanation,direction;ue_id;bs_id;sfn;slot;symbol,required,runtime truth fact table,table_defined,false,false,unavailable_until_canonical_artifact_or_db_view_exists,false,false,false,runtime_evidence_present_noncanonical,28,12,14,2,0,output_coverage_registry;output_completeness_table;instrumentation_coverage_table;api_exposure_audit_table;persistence_audit_table,reports/csv/output_coverage_registry.csv;reports/csv/output_coverage_registry.csv;reports/csv/output_coverage_registry.csv;reports/csv/output_coverage_registry.csv;reports/csv/output_coverage_registry.csv,canonical_live_table_or_view_missing_but_runtime_evidence_present
reports,generic-investigator-views,Generic Investigator Views,investigator,table,reports_truth_violations_v,/reports/generic-investigator-views/tables/reports_truth_violations_v,reports_truth_violations_v,reports/csv/reports_truth_violations_v.csv,direction;ue_id;bs_id;sfn;slot;symbol;run_id;trial_id;run_uuid;run_tag;scenario_id;timestamp_utc;data_origin;status;value_role;value_source;value_status;finalized_flag;partial_row_flag;fallback_flag;placeholder_flag;config_only_flag;cell_id;sector_id;site_id;trp_id;link_id;carrier_id;bwp_id;numerology;scs_khz;bandwidth_hz;center_frequency_hz;duplex_mode;beam_id;layer_id;codeword_id;harq_process_id;rv;channel_name;signal_name;block_name;function_name;stage_name;metric_name;metric_value;metric_unit;artifact_id;git_sha;build_id;config_hash;seed;source_system;source_db;source_schema;source_table;source_pk;na_reason;stage_exec_id;scalar_value;enum_value;artifact_logical_path;lineage_edge;truth_violation_category;missing_or_partial_reason;conflict_reason;coverage_reason;rollup_explanation,direction;ue_id;bs_id;sfn;slot;symbol,required,runtime truth fact table,table_defined,false,false,unavailable_until_canonical_artifact_or_db_view_exists,false,false,false,runtime_evidence_present_noncanonical,28,12,14,2,0,output_coverage_registry;output_completeness_table;instrumentation_coverage_table;api_exposure_audit_table;persistence_audit_table,reports/csv/output_coverage_registry.csv;reports/csv/output_coverage_registry.csv;reports/csv/output_coverage_registry.csv;reports/csv/output_coverage_registry.csv;reports/csv/output_coverage_registry.csv,canonical_live_table_or_view_missing_but_runtime_evidence_present
reports,generic-investigator-views,Generic Investigator Views,investigator,table,reports_partial_or_missing_v,/reports/generic-investigator-views/tables/reports_partial_or_missing_v,reports_partial_or_missing_v,reports/csv/reports_partial_or_missing_v.csv,direction;ue_id;bs_id;sfn;slot;symbol;run_id;trial_id;run_uuid;run_tag;scenario_id;timestamp_utc;data_origin;status;value_role;value_source;value_status;finalized_flag;partial_row_flag;fallback_flag;placeholder_flag;config_only_flag;cell_id;sector_id;site_id;trp_id;link_id;carrier_id;bwp_id;numerology;scs_khz;bandwidth_hz;center_frequency_hz;duplex_mode;beam_id;layer_id;codeword_id;harq_process_id;rv;channel_name;signal_name;block_name;function_name;stage_name;metric_name;metric_value;metric_unit;artifact_id;git_sha;build_id;config_hash;seed;source_system;source_db;source_schema;source_table;source_pk;na_reason;stage_exec_id;scalar_value;enum_value;artifact_logical_path;lineage_edge;truth_violation_category;missing_or_partial_reason;conflict_reason;coverage_reason;rollup_explanation,direction;ue_id;bs_id;sfn;slot;symbol,required,runtime truth fact table,table_defined,false,false,unavailable_until_canonical_artifact_or_db_view_exists,false,false,false,runtime_evidence_present_noncanonical,28,12,14,2,0,output_coverage_registry;output_completeness_table;instrumentation_coverage_table;api_exposure_audit_table;persistence_audit_table,reports/csv/output_coverage_registry.csv;reports/csv/output_coverage_registry.csv;reports/csv/output_coverage_registry.csv;reports/csv/output_coverage_registry.csv;reports/csv/output_coverage_registry.csv,canonical_live_table_or_view_missing_but_runtime_evidence_present
reports,generic-investigator-views,Generic Investigator Views,investigator,table,reports_config_vs_measured_conflicts_v,/reports/generic-investigator-views/tables/reports_config_vs_measured_conflicts_v,reports_config_vs_measured_conflicts_v,reports/csv/reports_config_vs_measured_conflicts_v.csv,direction;ue_id;bs_id;sfn;slot;symbol;run_id;trial_id;run_uuid;run_tag;scenario_id;timestamp_utc;data_origin;status;value_role;value_source;value_status;finalized_flag;partial_row_flag;fallback_flag;placeholder_flag;config_only_flag;cell_id;sector_id;site_id;trp_id;link_id;carrier_id;bwp_id;numerology;scs_khz;bandwidth_hz;center_frequency_hz;duplex_mode;beam_id;layer_id;codeword_id;harq_process_id;rv;channel_name;signal_name;block_name;function_name;stage_name;metric_name;metric_value;metric_unit;artifact_id;git_sha;build_id;config_hash;seed;source_system;source_db;source_schema;source_table;source_pk;na_reason;stage_exec_id;scalar_value;enum_value;artifact_logical_path;lineage_edge;truth_violation_category;missing_or_partial_reason;conflict_reason;coverage_reason;rollup_explanation,direction;ue_id;bs_id;sfn;slot;symbol,required,runtime truth fact table,table_defined,false,false,unavailable_until_canonical_artifact_or_db_view_exists,false,false,false,runtime_evidence_present_noncanonical,28,12,14,2,0,output_coverage_registry;output_completeness_table;instrumentation_coverage_table;api_exposure_audit_table;persistence_audit_table,reports/csv/output_coverage_registry.csv;reports/csv/output_coverage_registry.csv;reports/csv/output_coverage_registry.csv;reports/csv/output_coverage_registry.csv;reports/csv/output_coverage_registry.csv,canonical_live_table_or_view_missing_but_runtime_evidence_present
reports,generic-investigator-views,Generic Investigator Views,investigator,table,reports_value_semantics_coverage_v,/reports/generic-investigator-views/tables/reports_value_semantics_coverage_v,reports_value_semantics_coverage_v,reports/csv/reports_value_semantics_coverage_v.csv,direction;ue_id;bs_id;sfn;slot;symbol;run_id;trial_id;run_uuid;run_tag;scenario_id;timestamp_utc;data_origin;status;value_role;value_source;value_status;finalized_flag;partial_row_flag;fallback_flag;placeholder_flag;config_only_flag;cell_id;sector_id;site_id;trp_id;link_id;carrier_id;bwp_id;numerology;scs_khz;bandwidth_hz;center_frequency_hz;duplex_mode;beam_id;layer_id;codeword_id;harq_process_id;rv;channel_name;signal_name;block_name;function_name;stage_name;metric_name;metric_value;metric_unit;artifact_id;git_sha;build_id;config_hash;seed;source_system;source_db;source_schema;source_table;source_pk;na_reason;stage_exec_id;scalar_value;enum_value;artifact_logical_path;lineage_edge;truth_violation_category;missing_or_partial_reason;conflict_reason;coverage_reason;rollup_explanation,direction;ue_id;bs_id;sfn;slot;symbol,required,runtime truth fact table,table_defined,false,false,unavailable_until_canonical_artifact_or_db_view_exists,false,false,false,runtime_evidence_present_noncanonical,28,12,14,2,0,output_coverage_registry;output_completeness_table;instrumentation_coverage_table;api_exposure_audit_table;persistence_audit_table,reports/csv/output_coverage_registry.csv;reports/csv/output_coverage_registry.csv;reports/csv/output_coverage_registry.csv;reports/csv/output_coverage_registry.csv;reports/csv/output_coverage_registry.csv,canonical_live_table_or_view_missing_but_runtime_evidence_present
reports,generic-investigator-views,Generic Investigator Views,investigator,table,reports_status_rollup_explanations_v,/reports/generic-investigator-views/tables/reports_status_rollup_explanations_v,reports_status_rollup_explanations_v,reports/csv/reports_status_rollup_explanations_v.csv,direction;ue_id;bs_id;sfn;slot;symbol;run_id;trial_id;run_uuid;run_tag;scenario_id;timestamp_utc;data_origin;status;value_role;value_source;value_status;finalized_flag;partial_row_flag;fallback_flag;placeholder_flag;config_only_flag;cell_id;sector_id;site_id;trp_id;link_id;carrier_id;bwp_id;numerology;scs_khz;bandwidth_hz;center_frequency_hz;duplex_mode;beam_id;layer_id;codeword_id;harq_process_id;rv;channel_name;signal_name;block_name;function_name;stage_name;metric_name;metric_value;metric_unit;artifact_id;git_sha;build_id;config_hash;seed;source_system;source_db;source_schema;source_table;source_pk;na_reason;stage_exec_id;scalar_value;enum_value;artifact_logical_path;lineage_edge;truth_violation_category;missing_or_partial_reason;conflict_reason;coverage_reason;rollup_explanation,direction;ue_id;bs_id;sfn;slot;symbol,required,runtime truth fact table,table_defined,false,false,unavailable_until_canonical_artifact_or_db_view_exists,false,false,false,runtime_evidence_present_noncanonical,28,12,14,2,0,output_coverage_registry;output_completeness_table;instrumentation_coverage_table;api_exposure_audit_table;persistence_audit_table,reports/csv/output_coverage_registry.csv;reports/csv/output_coverage_registry.csv;reports/csv/output_coverage_registry.csv;reports/csv/output_coverage_registry.csv;reports/csv/output_coverage_registry.csv,canonical_live_table_or_view_missing_but_runtime_evidence_present
reports,run-trial-scenario-overview,Run / Trial / Scenario Overview,run_overview,chart,run health timeline,/reports/run-trial-scenario-overview/charts/run-health-timeline,,,,,required,render only from real DB/artifact rows,source_defined,false,false,unavailable_until_source_table_has_real_rows,false,,,runtime_evidence_present_noncanonical,19,8,4,6,1,output_coverage_registry;output_completeness_table;instrumentation_coverage_table;api_exposure_audit_table;persistence_audit_table,reports/csv/output_coverage_registry.csv;reports/csv/output_coverage_registry.csv;reports/csv/output_coverage_registry.csv;reports/csv/output_coverage_registry.csv;reports/csv/output_coverage_registry.csv,canonical_live_table_or_view_missing_but_runtime_evidence_present
reports,run-trial-scenario-overview,Run / Trial / Scenario Overview,run_overview,chart,error/warning/fallback stacked time series,/reports/run-trial-scenario-overview/charts/error-warning-fallback-stacked-time-series,,,,,required,render only from real DB/artifact rows,source_defined,false,false,unavailable_until_source_table_has_real_rows,false,,,runtime_evidence_present_noncanonical,19,8,4,6,1,output_coverage_registry;output_completeness_table;instrumentation_coverage_table;api_exposure_audit_table;persistence_audit_table,reports/csv/output_coverage_registry.csv;reports/csv/output_coverage_registry.csv;reports/csv/output_coverage_registry.csv;reports/csv/output_coverage_registry.csv;reports/csv/output_coverage_registry.csv,canonical_live_table_or_view_missing_but_runtime_evidence_present
reports,run-trial-scenario-overview,Run / Trial / Scenario Overview,run_overview,chart,required vs failed case bar chart,/reports/run-trial-scenario-overview/charts/required-vs-failed-case-bar-chart,,,,,required,render only from real DB/artifact rows,source_defined,false,false,unavailable_until_source_table_has_real_rows,false,,,runtime_evidence_present_noncanonical,19,8,4,6,1,output_coverage_registry;output_completeness_table;instrumentation_coverage_table;api_exposure_audit_table;persistence_audit_table,reports/csv/output_coverage_registry.csv;reports/csv/output_coverage_registry.csv;reports/csv/output_coverage_registry.csv;reports/csv/output_coverage_registry.csv;reports/csv/output_coverage_registry.csv,canonical_live_table_or_view_missing_but_runtime_evidence_present
reports,run-trial-scenario-overview,Run / Trial / Scenario Overview,run_overview,chart,truth policy violations by category,/reports/run-trial-scenario-overview/charts/truth-policy-violations-by-category,,,,,required,render only from real DB/artifact rows,source_defined,false,false,unavailable_until_source_table_has_real_rows,false,,,runtime_evidence_present_noncanonical,19,8,4,6,1,output_coverage_registry;output_completeness_table;instrumentation_coverage_table;api_exposure_audit_table;persistence_audit_table,reports/csv/output_coverage_registry.csv;reports/csv/output_coverage_registry.csv;reports/csv/output_coverage_registry.csv;reports/csv/output_coverage_registry.csv;reports/csv/output_coverage_registry.csv,canonical_live_table_or_view_missing_but_runtime_evidence_present
reports,scenario-geometry-topology-layout,Scenario / Geometry / Topology / Layout,geometry,chart,BS/sector/UE topology scatter plot,/reports/scenario-geometry-topology-layout/charts/bs-sector-ue-topology-scatter-plot,,,,,required,render only from real DB/artifact rows,source_defined,false,false,unavailable_until_source_table_has_real_rows,false,,,runtime_evidence_present_noncanonical,11,2,2,6,1,table_scenario_topology;scenario_consistency_check_table,reports/csv/output_coverage_registry.csv;reports/csv/output_coverage_registry.csv,canonical_live_table_or_view_missing_but_runtime_evidence_present
reports,scenario-geometry-topology-layout,Scenario / Geometry / Topology / Layout,geometry,chart,UE trajectory overlay,/reports/scenario-geometry-topology-layout/charts/ue-trajectory-overlay,,,,,required,render only from real DB/artifact rows,source_defined,false,false,unavailable_until_source_table_has_real_rows,false,,,runtime_evidence_present_noncanonical,11,2,2,6,1,table_scenario_topology;scenario_consistency_check_table,reports/csv/output_coverage_registry.csv;reports/csv/output_coverage_registry.csv,canonical_live_table_or_view_missing_but_runtime_evidence_present
reports,scenario-geometry-topology-layout,Scenario / Geometry / Topology / Layout,geometry,chart,serving cell map,/reports/scenario-geometry-topology-layout/charts/serving-cell-map,,,,,required,render only from real DB/artifact rows,source_defined,false,false,unavailable_until_source_table_has_real_rows,false,,,runtime_evidence_present_noncanonical,11,2,2,6,1,table_scenario_topology;scenario_consistency_check_table,reports/csv/output_coverage_registry.csv;reports/csv/output_coverage_registry.csv,canonical_live_table_or_view_missing_but_runtime_evidence_present
reports,scenario-geometry-topology-layout,Scenario / Geometry / Topology / Layout,geometry,chart,candidate cell rank heatmap,/reports/scenario-geometry-topology-layout/charts/candidate-cell-rank-heatmap,,,,,required,render only from real DB/artifact rows,source_defined,false,false,unavailable_until_source_table_has_real_rows,false,,,runtime_evidence_present_noncanonical,11,2,2,6,1,table_scenario_topology;scenario_consistency_check_table,reports/csv/output_coverage_registry.csv;reports/csv/output_coverage_registry.csv,canonical_live_table_or_view_missing_but_runtime_evidence_present
reports,scenario-geometry-topology-layout,Scenario / Geometry / Topology / Layout,geometry,chart,distance distribution histogram,/reports/scenario-geometry-topology-layout/charts/distance-distribution-histogram,,,,,required,render only from real DB/artifact rows,source_defined,false,false,unavailable_until_source_table_has_real_rows,false,,,runtime_evidence_present_noncanonical,11,2,2,6,1,table_scenario_topology;scenario_consistency_check_table,reports/csv/output_coverage_registry.csv;reports/csv/output_coverage_registry.csv,canonical_live_table_or_view_missing_but_runtime_evidence_present
reports,scenario-geometry-topology-layout,Scenario / Geometry / Topology / Layout,geometry,chart,azimuth/elevation rose plots,/reports/scenario-geometry-topology-layout/charts/azimuth-elevation-rose-plots,,,,,required,render only from real DB/artifact rows,source_defined,false,false,unavailable_until_source_table_has_real_rows,false,,,runtime_evidence_present_noncanonical,11,2,2,6,1,table_scenario_topology;scenario_consistency_check_table,reports/csv/output_coverage_registry.csv;reports/csv/output_coverage_registry.csv,canonical_live_table_or_view_missing_but_runtime_evidence_present
reports,scenario-geometry-topology-layout,Scenario / Geometry / Topology / Layout,geometry,chart,path geometry summary charts,/reports/scenario-geometry-topology-layout/charts/path-geometry-summary-charts,,,,,required,render only from real DB/artifact rows,source_defined,false,false,unavailable_until_source_table_has_real_rows,false,,,runtime_evidence_present_noncanonical,11,2,2,6,1,table_scenario_topology;scenario_consistency_check_table,reports/csv/output_coverage_registry.csv;reports/csv/output_coverage_registry.csv,canonical_live_table_or_view_missing_but_runtime_evidence_present
reports,mobility-access-cell-selection-reselection-handover,Mobility / Access / Cell Selection / Reselection / Handover,mobility,chart,serving cell timeline,/reports/mobility-access-cell-selection-reselection-handover/charts/serving-cell-timeline,,,,,required,render only from real DB/artifact rows,source_defined,false,false,unavailable_until_source_table_has_real_rows,false,,,runtime_evidence_present_noncanonical,5,3,1,1,0,timing_synchronization_table;anomaly_window_table;cross_layer_correlation_table,reports/csv/output_coverage_registry.csv;reports/csv/output_coverage_registry.csv;reports/csv/output_coverage_registry.csv,canonical_live_table_or_view_missing_but_runtime_evidence_present
reports,mobility-access-cell-selection-reselection-handover,Mobility / Access / Cell Selection / Reselection / Handover,mobility,chart,selected beam timeline,/reports/mobility-access-cell-selection-reselection-handover/charts/selected-beam-timeline,,,,,required,render only from real DB/artifact rows,source_defined,false,false,unavailable_until_source_table_has_real_rows,false,,,runtime_evidence_present_noncanonical,5,3,1,1,0,timing_synchronization_table;anomaly_window_table;cross_layer_correlation_table,reports/csv/output_coverage_registry.csv;reports/csv/output_coverage_registry.csv;reports/csv/output_coverage_registry.csv,canonical_live_table_or_view_missing_but_runtime_evidence_present
reports,mobility-access-cell-selection-reselection-handover,Mobility / Access / Cell Selection / Reselection / Handover,mobility,chart,mobility event timeline,/reports/mobility-access-cell-selection-reselection-handover/charts/mobility-event-timeline,,,,,required,render only from real DB/artifact rows,source_defined,false,false,unavailable_until_source_table_has_real_rows,false,,,runtime_evidence_present_noncanonical,5,3,1,1,0,timing_synchronization_table;anomaly_window_table;cross_layer_correlation_table,reports/csv/output_coverage_registry.csv;reports/csv/output_coverage_registry.csv;reports/csv/output_coverage_registry.csv,canonical_live_table_or_view_missing_but_runtime_evidence_present
reports,mobility-access-cell-selection-reselection-handover,Mobility / Access / Cell Selection / Reselection / Handover,mobility,chart,hysteresis / TTT scatter,/reports/mobility-access-cell-selection-reselection-handover/charts/hysteresis-ttt-scatter,,,,,required,render only from real DB/artifact rows,source_defined,false,false,unavailable_until_source_table_has_real_rows,false,,,runtime_evidence_present_noncanonical,5,3,1,1,0,timing_synchronization_table;anomaly_window_table;cross_layer_correlation_table,reports/csv/output_coverage_registry.csv;reports/csv/output_coverage_registry.csv;reports/csv/output_coverage_registry.csv,canonical_live_table_or_view_missing_but_runtime_evidence_present
reports,mobility-access-cell-selection-reselection-handover,Mobility / Access / Cell Selection / Reselection / Handover,mobility,chart,access state transition Sankey,/reports/mobility-access-cell-selection-reselection-handover/charts/access-state-transition-sankey,,,,,required,render only from real DB/artifact rows,source_defined,false,false,unavailable_until_source_table_has_real_rows,false,,,runtime_evidence_present_noncanonical,5,3,1,1,0,timing_synchronization_table;anomaly_window_table;cross_layer_correlation_table,reports/csv/output_coverage_registry.csv;reports/csv/output_coverage_registry.csv;reports/csv/output_coverage_registry.csv,canonical_live_table_or_view_missing_but_runtime_evidence_present
reports,mobility-access-cell-selection-reselection-handover,Mobility / Access / Cell Selection / Reselection / Handover,mobility,chart,Doppler vs speed plot,/reports/mobility-access-cell-selection-reselection-handover/charts/doppler-vs-speed-plot,,,,,required,render only from real DB/artifact rows,source_defined,false,false,unavailable_until_source_table_has_real_rows,false,,,runtime_evidence_present_noncanonical,5,3,1,1,0,timing_synchronization_table;anomaly_window_table;cross_layer_correlation_table,reports/csv/output_coverage_registry.csv;reports/csv/output_coverage_registry.csv;reports/csv/output_coverage_registry.csv,canonical_live_table_or_view_missing_but_runtime_evidence_present
reports,mobility-access-cell-selection-reselection-handover,Mobility / Access / Cell Selection / Reselection / Handover,mobility,chart,selection/reselection trigger histogram,/reports/mobility-access-cell-selection-reselection-handover/charts/selection-reselection-trigger-histogram,,,,,required,render only from real DB/artifact rows,source_defined,false,false,unavailable_until_source_table_has_real_rows,false,,,runtime_evidence_present_noncanonical,5,3,1,1,0,timing_synchronization_table;anomaly_window_table;cross_layer_correlation_table,reports/csv/output_coverage_registry.csv;reports/csv/output_coverage_registry.csv;reports/csv/output_coverage_registry.csv,canonical_live_table_or_view_missing_but_runtime_evidence_present
reports,air-interface-frame-slot-symbol-grid,Air Interface / Frame / Slot / Symbol / Grid,air_interface,chart,frame/slot/symbol occupancy timeline,/reports/air-interface-frame-slot-symbol-grid/charts/frame-slot-symbol-occupancy-timeline,,,,,required,render only from real DB/artifact rows,source_defined,false,false,unavailable_until_source_table_has_real_rows,false,,,runtime_evidence_present_noncanonical,8,5,1,2,0,table_dl_transport_block;table_ul_transport_block;timing_synchronization_table;dl_resource_grid_heatmap;ul_resource_grid_heatmap,reports/csv/output_coverage_registry.csv;reports/csv/output_coverage_registry.csv;reports/csv/output_coverage_registry.csv;reports/csv/output_coverage_registry.csv;reports/csv/output_coverage_registry.csv,canonical_live_table_or_view_missing_but_runtime_evidence_present
reports,air-interface-frame-slot-symbol-grid,Air Interface / Frame / Slot / Symbol / Grid,air_interface,chart,PRB heatmap,/reports/air-interface-frame-slot-symbol-grid/charts/prb-heatmap,,,,,required,render only from real DB/artifact rows,source_defined,false,false,unavailable_until_source_table_has_real_rows,false,,,runtime_evidence_present_noncanonical,8,5,1,2,0,table_dl_transport_block;table_ul_transport_block;timing_synchronization_table;dl_resource_grid_heatmap;ul_resource_grid_heatmap,reports/csv/output_coverage_registry.csv;reports/csv/output_coverage_registry.csv;reports/csv/output_coverage_registry.csv;reports/csv/output_coverage_registry.csv;reports/csv/output_coverage_registry.csv,canonical_live_table_or_view_missing_but_runtime_evidence_present
reports,air-interface-frame-slot-symbol-grid,Air Interface / Frame / Slot / Symbol / Grid,air_interface,chart,RE occupancy heatmap,/reports/air-interface-frame-slot-symbol-grid/charts/re-occupancy-heatmap,,,,,required,render only from real DB/artifact rows,source_defined,false,false,unavailable_until_source_table_has_real_rows,false,,,runtime_evidence_present_noncanonical,8,5,1,2,0,table_dl_transport_block;table_ul_transport_block;timing_synchronization_table;dl_resource_grid_heatmap;ul_resource_grid_heatmap,reports/csv/output_coverage_registry.csv;reports/csv/output_coverage_registry.csv;reports/csv/output_coverage_registry.csv;reports/csv/output_coverage_registry.csv;reports/csv/output_coverage_registry.csv,canonical_live_table_or_view_missing_but_runtime_evidence_present
reports,air-interface-frame-slot-symbol-grid,Air Interface / Frame / Slot / Symbol / Grid,air_interface,chart,DL/UL/guard slot pattern chart,/reports/air-interface-frame-slot-symbol-grid/charts/dl-ul-guard-slot-pattern-chart,,,,,required,render only from real DB/artifact rows,source_defined,false,false,unavailable_until_source_table_has_real_rows,false,,,runtime_evidence_present_noncanonical,8,5,1,2,0,table_dl_transport_block;table_ul_transport_block;timing_synchronization_table;dl_resource_grid_heatmap;ul_resource_grid_heatmap,reports/csv/output_coverage_registry.csv;reports/csv/output_coverage_registry.csv;reports/csv/output_coverage_registry.csv;reports/csv/output_coverage_registry.csv;reports/csv/output_coverage_registry.csv,canonical_live_table_or_view_missing_but_runtime_evidence_present
reports,air-interface-frame-slot-symbol-grid,Air Interface / Frame / Slot / Symbol / Grid,air_interface,chart,SSB occasion timeline,/reports/air-interface-frame-slot-symbol-grid/charts/ssb-occasion-timeline,,,,,required,render only from real DB/artifact rows,source_defined,false,false,unavailable_until_source_table_has_real_rows,false,,,runtime_evidence_present_noncanonical,8,5,1,2,0,table_dl_transport_block;table_ul_transport_block;timing_synchronization_table;dl_resource_grid_heatmap;ul_resource_grid_heatmap,reports/csv/output_coverage_registry.csv;reports/csv/output_coverage_registry.csv;reports/csv/output_coverage_registry.csv;reports/csv/output_coverage_registry.csv;reports/csv/output_coverage_registry.csv,canonical_live_table_or_view_missing_but_runtime_evidence_present
reports,air-interface-frame-slot-symbol-grid,Air Interface / Frame / Slot / Symbol / Grid,air_interface,chart,PRACH occasion timeline,/reports/air-interface-frame-slot-symbol-grid/charts/prach-occasion-timeline,,,,,required,render only from real DB/artifact rows,source_defined,false,false,unavailable_until_source_table_has_real_rows,false,,,runtime_evidence_present_noncanonical,8,5,1,2,0,table_dl_transport_block;table_ul_transport_block;timing_synchronization_table;dl_resource_grid_heatmap;ul_resource_grid_heatmap,reports/csv/output_coverage_registry.csv;reports/csv/output_coverage_registry.csv;reports/csv/output_coverage_registry.csv;reports/csv/output_coverage_registry.csv;reports/csv/output_coverage_registry.csv,canonical_live_table_or_view_missing_but_runtime_evidence_present
reports,air-interface-frame-slot-symbol-grid,Air Interface / Frame / Slot / Symbol / Grid,air_interface,chart,CORESET/search-space occupancy chart,/reports/air-interface-frame-slot-symbol-grid/charts/coreset-search-space-occupancy-chart,,,,,required,render only from real DB/artifact rows,source_defined,false,false,unavailable_until_source_table_has_real_rows,false,,,runtime_evidence_present_noncanonical,8,5,1,2,0,table_dl_transport_block;table_ul_transport_block;timing_synchronization_table;dl_resource_grid_heatmap;ul_resource_grid_heatmap,reports/csv/output_coverage_registry.csv;reports/csv/output_coverage_registry.csv;reports/csv/output_coverage_registry.csv;reports/csv/output_coverage_registry.csv;reports/csv/output_coverage_registry.csv,canonical_live_table_or_view_missing_but_runtime_evidence_present
reports,scheduler-mac-queue-qos-power-control-uci-flow,Scheduler / MAC / Queue / QoS / Power Control / UCI Flow,scheduler_mac,chart,scheduled PRBs per UE over time,/reports/scheduler-mac-queue-qos-power-control-uci-flow/charts/scheduled-prbs-per-ue-over-time,,,,,required,render only from real DB/artifact rows,source_defined,false,false,unavailable_until_source_table_has_real_rows,false,,,runtime_evidence_present_noncanonical,9,7,2,0,0,table_scheduler_decision;live_prb_allocation;table_cqi_pmi_ri;table_mcs_tbs_evolution;table_latency,reports/csv/output_coverage_registry.csv;reports/csv/output_coverage_registry.csv;reports/csv/output_coverage_registry.csv;reports/csv/output_coverage_registry.csv;reports/csv/output_coverage_registry.csv,canonical_live_table_or_view_missing_but_runtime_evidence_present
reports,scheduler-mac-queue-qos-power-control-uci-flow,Scheduler / MAC / Queue / QoS / Power Control / UCI Flow,scheduler_mac,chart,MCS over time,/reports/scheduler-mac-queue-qos-power-control-uci-flow/charts/mcs-over-time,,,,,required,render only from real DB/artifact rows,source_defined,false,false,unavailable_until_source_table_has_real_rows,false,,,runtime_evidence_present_noncanonical,9,7,2,0,0,table_scheduler_decision;live_prb_allocation;table_cqi_pmi_ri;table_mcs_tbs_evolution;table_latency,reports/csv/output_coverage_registry.csv;reports/csv/output_coverage_registry.csv;reports/csv/output_coverage_registry.csv;reports/csv/output_coverage_registry.csv;reports/csv/output_coverage_registry.csv,canonical_live_table_or_view_missing_but_runtime_evidence_present
reports,scheduler-mac-queue-qos-power-control-uci-flow,Scheduler / MAC / Queue / QoS / Power Control / UCI Flow,scheduler_mac,chart,CQI vs selected MCS,/reports/scheduler-mac-queue-qos-power-control-uci-flow/charts/cqi-vs-selected-mcs,,,,,required,render only from real DB/artifact rows,source_defined,false,false,unavailable_until_source_table_has_real_rows,false,,,runtime_evidence_present_noncanonical,9,7,2,0,0,table_scheduler_decision;live_prb_allocation;table_cqi_pmi_ri;table_mcs_tbs_evolution;table_latency,reports/csv/output_coverage_registry.csv;reports/csv/output_coverage_registry.csv;reports/csv/output_coverage_registry.csv;reports/csv/output_coverage_registry.csv;reports/csv/output_coverage_registry.csv,canonical_live_table_or_view_missing_but_runtime_evidence_present
reports,scheduler-mac-queue-qos-power-control-uci-flow,Scheduler / MAC / Queue / QoS / Power Control / UCI Flow,scheduler_mac,chart,queue depth over time,/reports/scheduler-mac-queue-qos-power-control-uci-flow/charts/queue-depth-over-time,,,,,required,render only from real DB/artifact rows,source_defined,false,false,unavailable_until_source_table_has_real_rows,false,,,runtime_evidence_present_noncanonical,9,7,2,0,0,table_scheduler_decision;live_prb_allocation;table_cqi_pmi_ri;table_mcs_tbs_evolution;table_latency,reports/csv/output_coverage_registry.csv;reports/csv/output_coverage_registry.csv;reports/csv/output_coverage_registry.csv;reports/csv/output_coverage_registry.csv;reports/csv/output_coverage_registry.csv,canonical_live_table_or_view_missing_but_runtime_evidence_present
reports,scheduler-mac-queue-qos-power-control-uci-flow,Scheduler / MAC / Queue / QoS / Power Control / UCI Flow,scheduler_mac,chart,HOL delay over time,/reports/scheduler-mac-queue-qos-power-control-uci-flow/charts/hol-delay-over-time,,,,,required,render only from real DB/artifact rows,source_defined,false,false,unavailable_until_source_table_has_real_rows,false,,,runtime_evidence_present_noncanonical,9,7,2,0,0,table_scheduler_decision;live_prb_allocation;table_cqi_pmi_ri;table_mcs_tbs_evolution;table_latency,reports/csv/output_coverage_registry.csv;reports/csv/output_coverage_registry.csv;reports/csv/output_coverage_registry.csv;reports/csv/output_coverage_registry.csv;reports/csv/output_coverage_registry.csv,canonical_live_table_or_view_missing_but_runtime_evidence_present
reports,scheduler-mac-queue-qos-power-control-uci-flow,Scheduler / MAC / Queue / QoS / Power Control / UCI Flow,scheduler_mac,chart,scheduler fairness over time,/reports/scheduler-mac-queue-qos-power-control-uci-flow/charts/scheduler-fairness-over-time,,,,,required,render only from real DB/artifact rows,source_defined,false,false,unavailable_until_source_table_has_real_rows,false,,,runtime_evidence_present_noncanonical,9,7,2,0,0,table_scheduler_decision;live_prb_allocation;table_cqi_pmi_ri;table_mcs_tbs_evolution;table_latency,reports/csv/output_coverage_registry.csv;reports/csv/output_coverage_registry.csv;reports/csv/output_coverage_registry.csv;reports/csv/output_coverage_registry.csv;reports/csv/output_coverage_registry.csv,canonical_live_table_or_view_missing_but_runtime_evidence_present
reports,scheduler-mac-queue-qos-power-control-uci-flow,Scheduler / MAC / Queue / QoS / Power Control / UCI Flow,scheduler_mac,chart,SR/BSR event timeline,/reports/scheduler-mac-queue-qos-power-control-uci-flow/charts/sr-bsr-event-timeline,,,,,required,render only from real DB/artifact rows,source_defined,false,false,unavailable_until_source_table_has_real_rows,false,,,runtime_evidence_present_noncanonical,9,7,2,0,0,table_scheduler_decision;live_prb_allocation;table_cqi_pmi_ri;table_mcs_tbs_evolution;table_latency,reports/csv/output_coverage_registry.csv;reports/csv/output_coverage_registry.csv;reports/csv/output_coverage_registry.csv;reports/csv/output_coverage_registry.csv;reports/csv/output_coverage_registry.csv,canonical_live_table_or_view_missing_but_runtime_evidence_present
reports,scheduler-mac-queue-qos-power-control-uci-flow,Scheduler / MAC / Queue / QoS / Power Control / UCI Flow,scheduler_mac,chart,power control command timeline,/reports/scheduler-mac-queue-qos-power-control-uci-flow/charts/power-control-command-timeline,,,,,required,render only from real DB/artifact rows,source_defined,false,false,unavailable_until_source_table_has_real_rows,false,,,runtime_evidence_present_noncanonical,9,7,2,0,0,table_scheduler_decision;live_prb_allocation;table_cqi_pmi_ri;table_mcs_tbs_evolution;table_latency,reports/csv/output_coverage_registry.csv;reports/csv/output_coverage_registry.csv;reports/csv/output_coverage_registry.csv;reports/csv/output_coverage_registry.csv;reports/csv/output_coverage_registry.csv,canonical_live_table_or_view_missing_but_runtime_evidence_present
reports,scheduler-mac-queue-qos-power-control-uci-flow,Scheduler / MAC / Queue / QoS / Power Control / UCI Flow,scheduler_mac,chart,PHR distribution,/reports/scheduler-mac-queue-qos-power-control-uci-flow/charts/phr-distribution,,,,,required,render only from real DB/artifact rows,source_defined,false,false,unavailable_until_source_table_has_real_rows,false,,,runtime_evidence_present_noncanonical,9,7,2,0,0,table_scheduler_decision;live_prb_allocation;table_cqi_pmi_ri;table_mcs_tbs_evolution;table_latency,reports/csv/output_coverage_registry.csv;reports/csv/output_coverage_registry.csv;reports/csv/output_coverage_registry.csv;reports/csv/output_coverage_registry.csv;reports/csv/output_coverage_registry.csv,canonical_live_table_or_view_missing_but_runtime_evidence_present
reports,scheduler-mac-queue-qos-power-control-uci-flow,Scheduler / MAC / Queue / QoS / Power Control / UCI Flow,scheduler_mac,chart,grant reason distribution,/reports/scheduler-mac-queue-qos-power-control-uci-flow/charts/grant-reason-distribution,,,,,required,render only from real DB/artifact rows,source_defined,false,false,unavailable_until_source_table_has_real_rows,false,,,runtime_evidence_present_noncanonical,9,7,2,0,0,table_scheduler_decision;live_prb_allocation;table_cqi_pmi_ri;table_mcs_tbs_evolution;table_latency,reports/csv/output_coverage_registry.csv;reports/csv/output_coverage_registry.csv;reports/csv/output_coverage_registry.csv;reports/csv/output_coverage_registry.csv;reports/csv/output_coverage_registry.csv,canonical_live_table_or_view_missing_but_runtime_evidence_present
reports,harq-ack-nack-retransmission,HARQ / ACK-NACK / Retransmission,harq,chart,HARQ process timeline,/reports/harq-ack-nack-retransmission/charts/harq-process-timeline,,,,,required,render only from real DB/artifact rows,source_defined,false,false,unavailable_until_source_table_has_real_rows,false,,,runtime_partial_evidence_present_noncanonical,2,0,2,0,0,table_harq_process;harq_timeline_plot,reports/csv/output_coverage_registry.csv;reports/csv/output_coverage_registry.csv,canonical_live_table_or_view_missing_but_runtime_evidence_present
reports,harq-ack-nack-retransmission,HARQ / ACK-NACK / Retransmission,harq,chart,RV usage distribution,/reports/harq-ack-nack-retransmission/charts/rv-usage-distribution,,,,,required,render only from real DB/artifact rows,source_defined,false,false,unavailable_until_source_table_has_real_rows,false,,,runtime_partial_evidence_present_noncanonical,2,0,2,0,0,table_harq_process;harq_timeline_plot,reports/csv/output_coverage_registry.csv;reports/csv/output_coverage_registry.csv,canonical_live_table_or_view_missing_but_runtime_evidence_present
reports,harq-ack-nack-retransmission,HARQ / ACK-NACK / Retransmission,harq,chart,retransmission count histogram,/reports/harq-ack-nack-retransmission/charts/retransmission-count-histogram,,,,,required,render only from real DB/artifact rows,source_defined,false,false,unavailable_until_source_table_has_real_rows,false,,,runtime_partial_evidence_present_noncanonical,2,0,2,0,0,table_harq_process;harq_timeline_plot,reports/csv/output_coverage_registry.csv;reports/csv/output_coverage_registry.csv,canonical_live_table_or_view_missing_but_runtime_evidence_present
reports,harq-ack-nack-retransmission,HARQ / ACK-NACK / Retransmission,harq,chart,ACK/NACK timeline,/reports/harq-ack-nack-retransmission/charts/ack-nack-timeline,,,,,required,render only from real DB/artifact rows,source_defined,false,false,unavailable_until_source_table_has_real_rows,false,,,runtime_partial_evidence_present_noncanonical,2,0,2,0,0,table_harq_process;harq_timeline_plot,reports/csv/output_coverage_registry.csv;reports/csv/output_coverage_registry.csv,canonical_live_table_or_view_missing_but_runtime_evidence_present
reports,harq-ack-nack-retransmission,HARQ / ACK-NACK / Retransmission,harq,chart,residual BLER by HARQ process,/reports/harq-ack-nack-retransmission/charts/residual-bler-by-harq-process,,,,,required,render only from real DB/artifact rows,source_defined,false,false,unavailable_until_source_table_has_real_rows,false,,,runtime_partial_evidence_present_noncanonical,2,0,2,0,0,table_harq_process;harq_timeline_plot,reports/csv/output_coverage_registry.csv;reports/csv/output_coverage_registry.csv,canonical_live_table_or_view_missing_but_runtime_evidence_present
reports,harq-ack-nack-retransmission,HARQ / ACK-NACK / Retransmission,harq,chart,combining gain histogram,/reports/harq-ack-nack-retransmission/charts/combining-gain-histogram,,,,,required,render only from real DB/artifact rows,source_defined,false,false,unavailable_until_source_table_has_real_rows,false,,,runtime_partial_evidence_present_noncanonical,2,0,2,0,0,table_harq_process;harq_timeline_plot,reports/csv/output_coverage_registry.csv;reports/csv/output_coverage_registry.csv,canonical_live_table_or_view_missing_but_runtime_evidence_present
reports,dl-control-phy-pdcch,DL Control PHY - PDCCH,control_phy,chart,PDCCH stage latency waterfall,/reports/dl-control-phy-pdcch/charts/pdcch-stage-latency-waterfall,,,,,required,render only from real DB/artifact rows,source_defined,false,false,unavailable_until_source_table_has_real_rows,false,,,runtime_evidence_present_noncanonical,15,10,0,5,0,pdcch_dci_table;ssb_pbch_table;csi_rs_table;prach_table;pucch_table,reports/csv/output_coverage_registry.csv;reports/csv/output_coverage_registry.csv;reports/csv/output_coverage_registry.csv;reports/csv/output_coverage_registry.csv;reports/csv/output_coverage_registry.csv,canonical_live_table_or_view_missing_but_runtime_evidence_present
reports,dl-control-phy-pdcch,DL Control PHY - PDCCH,control_phy,chart,aggregation level distribution,/reports/dl-control-phy-pdcch/charts/aggregation-level-distribution,,,,,required,render only from real DB/artifact rows,source_defined,false,false,unavailable_until_source_table_has_real_rows,false,,,runtime_evidence_present_noncanonical,15,10,0,5,0,pdcch_dci_table;ssb_pbch_table;csi_rs_table;prach_table;pucch_table,reports/csv/output_coverage_registry.csv;reports/csv/output_coverage_registry.csv;reports/csv/output_coverage_registry.csv;reports/csv/output_coverage_registry.csv;reports/csv/output_coverage_registry.csv,canonical_live_table_or_view_missing_but_runtime_evidence_present
reports,dl-control-phy-pdcch,DL Control PHY - PDCCH,control_phy,chart,CCE usage heatmap,/reports/dl-control-phy-pdcch/charts/cce-usage-heatmap,,,,,required,render only from real DB/artifact rows,source_defined,false,false,unavailable_until_source_table_has_real_rows,false,,,runtime_evidence_present_noncanonical,15,10,0,5,0,pdcch_dci_table;ssb_pbch_table;csi_rs_table;prach_table;pucch_table,reports/csv/output_coverage_registry.csv;reports/csv/output_coverage_registry.csv;reports/csv/output_coverage_registry.csv;reports/csv/output_coverage_registry.csv;reports/csv/output_coverage_registry.csv,canonical_live_table_or_view_missing_but_runtime_evidence_present
reports,dl-control-phy-pdcch,DL Control PHY - PDCCH,control_phy,chart,PDCCH DMRS occupancy,/reports/dl-control-phy-pdcch/charts/pdcch-dmrs-occupancy,,,,,required,render only from real DB/artifact rows,source_defined,false,false,unavailable_until_source_table_has_real_rows,false,,,runtime_evidence_present_noncanonical,15,10,0,5,0,pdcch_dci_table;ssb_pbch_table;csi_rs_table;prach_table;pucch_table,reports/csv/output_coverage_registry.csv;reports/csv/output_coverage_registry.csv;reports/csv/output_coverage_registry.csv;reports/csv/output_coverage_registry.csv;reports/csv/output_coverage_registry.csv,canonical_live_table_or_view_missing_but_runtime_evidence_present
reports,dl-control-phy-pdcch,DL Control PHY - PDCCH,control_phy,chart,PDCCH decode success/failure trend if applicable,/reports/dl-control-phy-pdcch/charts/pdcch-decode-success-failure-trend-if-applicable,,,,,required,render only from real DB/artifact rows,source_defined,false,false,unavailable_until_source_table_has_real_rows,false,,,runtime_evidence_present_noncanonical,15,10,0,5,0,pdcch_dci_table;ssb_pbch_table;csi_rs_table;prach_table;pucch_table,reports/csv/output_coverage_registry.csv;reports/csv/output_coverage_registry.csv;reports/csv/output_coverage_registry.csv;reports/csv/output_coverage_registry.csv;reports/csv/output_coverage_registry.csv,canonical_live_table_or_view_missing_but_runtime_evidence_present
reports,ssb-pbch-pss-sss,SSB / PBCH / PSS / SSS,control_phy,chart,SSB index timeline,/reports/ssb-pbch-pss-sss/charts/ssb-index-timeline,,,,,required,render only from real DB/artifact rows,source_defined,false,false,unavailable_until_source_table_has_real_rows,false,,,runtime_evidence_present_noncanonical,15,10,0,5,0,pdcch_dci_table;ssb_pbch_table;csi_rs_table;prach_table;pucch_table,reports/csv/output_coverage_registry.csv;reports/csv/output_coverage_registry.csv;reports/csv/output_coverage_registry.csv;reports/csv/output_coverage_registry.csv;reports/csv/output_coverage_registry.csv,canonical_live_table_or_view_missing_but_runtime_evidence_present
reports,ssb-pbch-pss-sss,SSB / PBCH / PSS / SSS,control_phy,chart,PBCH stage latency,/reports/ssb-pbch-pss-sss/charts/pbch-stage-latency,,,,,required,render only from real DB/artifact rows,source_defined,false,false,unavailable_until_source_table_has_real_rows,false,,,runtime_evidence_present_noncanonical,15,10,0,5,0,pdcch_dci_table;ssb_pbch_table;csi_rs_table;prach_table;pucch_table,reports/csv/output_coverage_registry.csv;reports/csv/output_coverage_registry.csv;reports/csv/output_coverage_registry.csv;reports/csv/output_coverage_registry.csv;reports/csv/output_coverage_registry.csv,canonical_live_table_or_view_missing_but_runtime_evidence_present
reports,ssb-pbch-pss-sss,SSB / PBCH / PSS / SSS,control_phy,chart,SSB/PBCH occupancy map,/reports/ssb-pbch-pss-sss/charts/ssb-pbch-occupancy-map,,,,,required,render only from real DB/artifact rows,source_defined,false,false,unavailable_until_source_table_has_real_rows,false,,,runtime_evidence_present_noncanonical,15,10,0,5,0,pdcch_dci_table;ssb_pbch_table;csi_rs_table;prach_table;pucch_table,reports/csv/output_coverage_registry.csv;reports/csv/output_coverage_registry.csv;reports/csv/output_coverage_registry.csv;reports/csv/output_coverage_registry.csv;reports/csv/output_coverage_registry.csv,canonical_live_table_or_view_missing_but_runtime_evidence_present
reports,ssb-pbch-pss-sss,SSB / PBCH / PSS / SSS,control_phy,chart,sync success/failure timeline if available,/reports/ssb-pbch-pss-sss/charts/sync-success-failure-timeline-if-available,,,,,required,render only from real DB/artifact rows,source_defined,false,false,unavailable_until_source_table_has_real_rows,false,,,runtime_evidence_present_noncanonical,15,10,0,5,0,pdcch_dci_table;ssb_pbch_table;csi_rs_table;prach_table;pucch_table,reports/csv/output_coverage_registry.csv;reports/csv/output_coverage_registry.csv;reports/csv/output_coverage_registry.csv;reports/csv/output_coverage_registry.csv;reports/csv/output_coverage_registry.csv,canonical_live_table_or_view_missing_but_runtime_evidence_present
reports,csi-rs,CSI-RS,control_phy,chart,CSI-RS resource occupancy,/reports/csi-rs/charts/csi-rs-resource-occupancy,,,,,required,render only from real DB/artifact rows,source_defined,false,false,unavailable_until_source_table_has_real_rows,false,,,runtime_evidence_present_noncanonical,15,10,0,5,0,pdcch_dci_table;ssb_pbch_table;csi_rs_table;prach_table;pucch_table,reports/csv/output_coverage_registry.csv;reports/csv/output_coverage_registry.csv;reports/csv/output_coverage_registry.csv;reports/csv/output_coverage_registry.csv;reports/csv/output_coverage_registry.csv,canonical_live_table_or_view_missing_but_runtime_evidence_present
reports,csi-rs,CSI-RS,control_phy,chart,port usage chart,/reports/csi-rs/charts/port-usage-chart,,,,,required,render only from real DB/artifact rows,source_defined,false,false,unavailable_until_source_table_has_real_rows,false,,,runtime_evidence_present_noncanonical,15,10,0,5,0,pdcch_dci_table;ssb_pbch_table;csi_rs_table;prach_table;pucch_table,reports/csv/output_coverage_registry.csv;reports/csv/output_coverage_registry.csv;reports/csv/output_coverage_registry.csv;reports/csv/output_coverage_registry.csv;reports/csv/output_coverage_registry.csv,canonical_live_table_or_view_missing_but_runtime_evidence_present
reports,csi-rs,CSI-RS,control_phy,chart,CSI-RS latency trend,/reports/csi-rs/charts/csi-rs-latency-trend,,,,,required,render only from real DB/artifact rows,source_defined,false,false,unavailable_until_source_table_has_real_rows,false,,,runtime_evidence_present_noncanonical,15,10,0,5,0,pdcch_dci_table;ssb_pbch_table;csi_rs_table;prach_table;pucch_table,reports/csv/output_coverage_registry.csv;reports/csv/output_coverage_registry.csv;reports/csv/output_coverage_registry.csv;reports/csv/output_coverage_registry.csv;reports/csv/output_coverage_registry.csv,canonical_live_table_or_view_missing_but_runtime_evidence_present
reports,pdsch-dl-data-chain,PDSCH / DL Data Chain,pdsch,chart,TB size over time,/reports/pdsch-dl-data-chain/charts/tb-size-over-time,,,,,required,render only from real DB/artifact rows,source_defined,false,false,unavailable_until_source_table_has_real_rows,false,,,runtime_evidence_present_noncanonical,6,3,1,2,0,table_dl_transport_block;dl_resource_grid_heatmap;ul_resource_grid_heatmap,reports/csv/output_coverage_registry.csv;reports/csv/output_coverage_registry.csv;reports/csv/output_coverage_registry.csv,canonical_live_table_or_view_missing_but_runtime_evidence_present
reports,pdsch-dl-data-chain,PDSCH / DL Data Chain,pdsch,chart,MCS/code-rate timeline,/reports/pdsch-dl-data-chain/charts/mcs-code-rate-timeline,,,,,required,render only from real DB/artifact rows,source_defined,false,false,unavailable_until_source_table_has_real_rows,false,,,runtime_evidence_present_noncanonical,6,3,1,2,0,table_dl_transport_block;dl_resource_grid_heatmap;ul_resource_grid_heatmap,reports/csv/output_coverage_registry.csv;reports/csv/output_coverage_registry.csv;reports/csv/output_coverage_registry.csv,canonical_live_table_or_view_missing_but_runtime_evidence_present
reports,pdsch-dl-data-chain,PDSCH / DL Data Chain,pdsch,chart,code-block count histogram,/reports/pdsch-dl-data-chain/charts/code-block-count-histogram,,,,,required,render only from real DB/artifact rows,source_defined,false,false,unavailable_until_source_table_has_real_rows,false,,,runtime_evidence_present_noncanonical,6,3,1,2,0,table_dl_transport_block;dl_resource_grid_heatmap;ul_resource_grid_heatmap,reports/csv/output_coverage_registry.csv;reports/csv/output_coverage_registry.csv;reports/csv/output_coverage_registry.csv,canonical_live_table_or_view_missing_but_runtime_evidence_present
reports,pdsch-dl-data-chain,PDSCH / DL Data Chain,pdsch,chart,LDPC stage latency waterfall,/reports/pdsch-dl-data-chain/charts/ldpc-stage-latency-waterfall,,,,,required,render only from real DB/artifact rows,source_defined,false,false,unavailable_until_source_table_has_real_rows,false,,,runtime_evidence_present_noncanonical,6,3,1,2,0,table_dl_transport_block;dl_resource_grid_heatmap;ul_resource_grid_heatmap,reports/csv/output_coverage_registry.csv;reports/csv/output_coverage_registry.csv;reports/csv/output_coverage_registry.csv,canonical_live_table_or_view_missing_but_runtime_evidence_present
reports,pdsch-dl-data-chain,PDSCH / DL Data Chain,pdsch,chart,DMRS/PTRS occupancy plot,/reports/pdsch-dl-data-chain/charts/dmrs-ptrs-occupancy-plot,,,,,required,render only from real DB/artifact rows,source_defined,false,false,unavailable_until_source_table_has_real_rows,false,,,runtime_evidence_present_noncanonical,6,3,1,2,0,table_dl_transport_block;dl_resource_grid_heatmap;ul_resource_grid_heatmap,reports/csv/output_coverage_registry.csv;reports/csv/output_coverage_registry.csv;reports/csv/output_coverage_registry.csv,canonical_live_table_or_view_missing_but_runtime_evidence_present
reports,pdsch-dl-data-chain,PDSCH / DL Data Chain,pdsch,chart,precoder / beam selection timeline,/reports/pdsch-dl-data-chain/charts/precoder-beam-selection-timeline,,,,,required,render only from real DB/artifact rows,source_defined,false,false,unavailable_until_source_table_has_real_rows,false,,,runtime_evidence_present_noncanonical,6,3,1,2,0,table_dl_transport_block;dl_resource_grid_heatmap;ul_resource_grid_heatmap,reports/csv/output_coverage_registry.csv;reports/csv/output_coverage_registry.csv;reports/csv/output_coverage_registry.csv,canonical_live_table_or_view_missing_but_runtime_evidence_present
reports,pdsch-dl-data-chain,PDSCH / DL Data Chain,pdsch,chart,DL resource-grid heatmap,/reports/pdsch-dl-data-chain/charts/dl-resource-grid-heatmap,,,,,required,render only from real DB/artifact rows,source_defined,false,false,unavailable_until_source_table_has_real_rows,false,,,runtime_evidence_present_noncanonical,6,3,1,2,0,table_dl_transport_block;dl_resource_grid_heatmap;ul_resource_grid_heatmap,reports/csv/output_coverage_registry.csv;reports/csv/output_coverage_registry.csv;reports/csv/output_coverage_registry.csv,canonical_live_table_or_view_missing_but_runtime_evidence_present
reports,pusch-ul-data-chain,PUSCH / UL Data Chain,pusch,chart,channel estimation latency,/reports/pusch-ul-data-chain/charts/channel-estimation-latency,,,,,required,render only from real DB/artifact rows,source_defined,false,false,unavailable_until_source_table_has_real_rows,false,,,runtime_evidence_present_noncanonical,6,3,1,2,0,table_ul_transport_block;dl_resource_grid_heatmap;ul_resource_grid_heatmap,reports/csv/output_coverage_registry.csv;reports/csv/output_coverage_registry.csv;reports/csv/output_coverage_registry.csv,canonical_live_table_or_view_missing_but_runtime_evidence_present
reports,pusch-ul-data-chain,PUSCH / UL Data Chain,pusch,chart,equalizer latency,/reports/pusch-ul-data-chain/charts/equalizer-latency,,,,,required,render only from real DB/artifact rows,source_defined,false,false,unavailable_until_source_table_has_real_rows,false,,,runtime_evidence_present_noncanonical,6,3,1,2,0,table_ul_transport_block;dl_resource_grid_heatmap;ul_resource_grid_heatmap,reports/csv/output_coverage_registry.csv;reports/csv/output_coverage_registry.csv;reports/csv/output_coverage_registry.csv,canonical_live_table_or_view_missing_but_runtime_evidence_present
reports,pusch-ul-data-chain,PUSCH / UL Data Chain,pusch,chart,decoder iteration histogram,/reports/pusch-ul-data-chain/charts/decoder-iteration-histogram,,,,,required,render only from real DB/artifact rows,source_defined,false,false,unavailable_until_source_table_has_real_rows,false,,,runtime_evidence_present_noncanonical,6,3,1,2,0,table_ul_transport_block;dl_resource_grid_heatmap;ul_resource_grid_heatmap,reports/csv/output_coverage_registry.csv;reports/csv/output_coverage_registry.csv;reports/csv/output_coverage_registry.csv,canonical_live_table_or_view_missing_but_runtime_evidence_present
reports,pusch-ul-data-chain,PUSCH / UL Data Chain,pusch,chart,TA estimate timeline,/reports/pusch-ul-data-chain/charts/ta-estimate-timeline,,,,,required,render only from real DB/artifact rows,source_defined,false,false,unavailable_until_source_table_has_real_rows,false,,,runtime_evidence_present_noncanonical,6,3,1,2,0,table_ul_transport_block;dl_resource_grid_heatmap;ul_resource_grid_heatmap,reports/csv/output_coverage_registry.csv;reports/csv/output_coverage_registry.csv;reports/csv/output_coverage_registry.csv,canonical_live_table_or_view_missing_but_runtime_evidence_present
reports,pusch-ul-data-chain,PUSCH / UL Data Chain,pusch,chart,LLR statistics over time,/reports/pusch-ul-data-chain/charts/llr-statistics-over-time,,,,,required,render only from real DB/artifact rows,source_defined,false,false,unavailable_until_source_table_has_real_rows,false,,,runtime_evidence_present_noncanonical,6,3,1,2,0,table_ul_transport_block;dl_resource_grid_heatmap;ul_resource_grid_heatmap,reports/csv/output_coverage_registry.csv;reports/csv/output_coverage_registry.csv;reports/csv/output_coverage_registry.csv,canonical_live_table_or_view_missing_but_runtime_evidence_present
reports,pusch-ul-data-chain,PUSCH / UL Data Chain,pusch,chart,UL resource-grid / equalized symbol summaries,/reports/pusch-ul-data-chain/charts/ul-resource-grid-equalized-symbol-summaries,,,,,required,render only from real DB/artifact rows,source_defined,false,false,unavailable_until_source_table_has_real_rows,false,,,runtime_evidence_present_noncanonical,6,3,1,2,0,table_ul_transport_block;dl_resource_grid_heatmap;ul_resource_grid_heatmap,reports/csv/output_coverage_registry.csv;reports/csv/output_coverage_registry.csv;reports/csv/output_coverage_registry.csv,canonical_live_table_or_view_missing_but_runtime_evidence_present
reports,pucch-f0-f1-f2-f3-f4,PUCCH F0 / F1 / F2 / F3 / F4,pucch,chart,requested vs resolved format confusion matrix,/reports/pucch-f0-f1-f2-f3-f4/charts/requested-vs-resolved-format-confusion-matrix,,,,,required,render only from real DB/artifact rows,source_defined,false,false,unavailable_until_source_table_has_real_rows,false,,,runtime_evidence_present_noncanonical,15,10,0,5,0,pdcch_dci_table;ssb_pbch_table;csi_rs_table;prach_table;pucch_table,reports/csv/output_coverage_registry.csv;reports/csv/output_coverage_registry.csv;reports/csv/output_coverage_registry.csv;reports/csv/output_coverage_registry.csv;reports/csv/output_coverage_registry.csv,canonical_live_table_or_view_missing_but_runtime_evidence_present
reports,pucch-f0-f1-f2-f3-f4,PUCCH F0 / F1 / F2 / F3 / F4,pucch,chart,PUCCH decode success/failure trend,/reports/pucch-f0-f1-f2-f3-f4/charts/pucch-decode-success-failure-trend,,,,,required,render only from real DB/artifact rows,source_defined,false,false,unavailable_until_source_table_has_real_rows,false,,,runtime_evidence_present_noncanonical,15,10,0,5,0,pdcch_dci_table;ssb_pbch_table;csi_rs_table;prach_table;pucch_table,reports/csv/output_coverage_registry.csv;reports/csv/output_coverage_registry.csv;reports/csv/output_coverage_registry.csv;reports/csv/output_coverage_registry.csv;reports/csv/output_coverage_registry.csv,canonical_live_table_or_view_missing_but_runtime_evidence_present
reports,pucch-f0-f1-f2-f3-f4,PUCCH F0 / F1 / F2 / F3 / F4,pucch,chart,ACK/NACK match chart,/reports/pucch-f0-f1-f2-f3-f4/charts/ack-nack-match-chart,,,,,required,render only from real DB/artifact rows,source_defined,false,false,unavailable_until_source_table_has_real_rows,false,,,runtime_evidence_present_noncanonical,15,10,0,5,0,pdcch_dci_table;ssb_pbch_table;csi_rs_table;prach_table;pucch_table,reports/csv/output_coverage_registry.csv;reports/csv/output_coverage_registry.csv;reports/csv/output_coverage_registry.csv;reports/csv/output_coverage_registry.csv;reports/csv/output_coverage_registry.csv,canonical_live_table_or_view_missing_but_runtime_evidence_present
reports,pucch-f0-f1-f2-f3-f4,PUCCH F0 / F1 / F2 / F3 / F4,pucch,chart,DTX detection chart,/reports/pucch-f0-f1-f2-f3-f4/charts/dtx-detection-chart,,,,,required,render only from real DB/artifact rows,source_defined,false,false,unavailable_until_source_table_has_real_rows,false,,,runtime_evidence_present_noncanonical,15,10,0,5,0,pdcch_dci_table;ssb_pbch_table;csi_rs_table;prach_table;pucch_table,reports/csv/output_coverage_registry.csv;reports/csv/output_coverage_registry.csv;reports/csv/output_coverage_registry.csv;reports/csv/output_coverage_registry.csv;reports/csv/output_coverage_registry.csv,canonical_live_table_or_view_missing_but_runtime_evidence_present
reports,pucch-f0-f1-f2-f3-f4,PUCCH F0 / F1 / F2 / F3 / F4,pucch,chart,per-format latency histograms,/reports/pucch-f0-f1-f2-f3-f4/charts/per-format-latency-histograms,,,,,required,render only from real DB/artifact rows,source_defined,false,false,unavailable_until_source_table_has_real_rows,false,,,runtime_evidence_present_noncanonical,15,10,0,5,0,pdcch_dci_table;ssb_pbch_table;csi_rs_table;prach_table;pucch_table,reports/csv/output_coverage_registry.csv;reports/csv/output_coverage_registry.csv;reports/csv/output_coverage_registry.csv;reports/csv/output_coverage_registry.csv;reports/csv/output_coverage_registry.csv,canonical_live_table_or_view_missing_but_runtime_evidence_present
reports,pucch-f0-f1-f2-f3-f4,PUCCH F0 / F1 / F2 / F3 / F4,pucch,chart,crash/error timeline,/reports/pucch-f0-f1-f2-f3-f4/charts/crash-error-timeline,,,,,required,render only from real DB/artifact rows,source_defined,false,false,unavailable_until_source_table_has_real_rows,false,,,runtime_evidence_present_noncanonical,15,10,0,5,0,pdcch_dci_table;ssb_pbch_table;csi_rs_table;prach_table;pucch_table,reports/csv/output_coverage_registry.csv;reports/csv/output_coverage_registry.csv;reports/csv/output_coverage_registry.csv;reports/csv/output_coverage_registry.csv;reports/csv/output_coverage_registry.csv,canonical_live_table_or_view_missing_but_runtime_evidence_present
reports,pucch-f0-f1-f2-f3-f4,PUCCH F0 / F1 / F2 / F3 / F4,pucch,chart,UCI bit count distribution,/reports/pucch-f0-f1-f2-f3-f4/charts/uci-bit-count-distribution,,,,,required,render only from real DB/artifact rows,source_defined,false,false,unavailable_until_source_table_has_real_rows,false,,,runtime_evidence_present_noncanonical,15,10,0,5,0,pdcch_dci_table;ssb_pbch_table;csi_rs_table;prach_table;pucch_table,reports/csv/output_coverage_registry.csv;reports/csv/output_coverage_registry.csv;reports/csv/output_coverage_registry.csv;reports/csv/output_coverage_registry.csv;reports/csv/output_coverage_registry.csv,canonical_live_table_or_view_missing_but_runtime_evidence_present
reports,prach-random-access,PRACH / Random Access,prach,chart,PRACH peak search timeline,/reports/prach-random-access/charts/prach-peak-search-timeline,,,,,required,render only from real DB/artifact rows,source_defined,false,false,unavailable_until_source_table_has_real_rows,false,,,runtime_evidence_present_noncanonical,15,10,0,5,0,pdcch_dci_table;ssb_pbch_table;csi_rs_table;prach_table;pucch_table,reports/csv/output_coverage_registry.csv;reports/csv/output_coverage_registry.csv;reports/csv/output_coverage_registry.csv;reports/csv/output_coverage_registry.csv;reports/csv/output_coverage_registry.csv,canonical_live_table_or_view_missing_but_runtime_evidence_present
reports,prach-random-access,PRACH / Random Access,prach,chart,noise floor trend,/reports/prach-random-access/charts/noise-floor-trend,,,,,required,render only from real DB/artifact rows,source_defined,false,false,unavailable_until_source_table_has_real_rows,false,,,runtime_evidence_present_noncanonical,15,10,0,5,0,pdcch_dci_table;ssb_pbch_table;csi_rs_table;prach_table;pucch_table,reports/csv/output_coverage_registry.csv;reports/csv/output_coverage_registry.csv;reports/csv/output_coverage_registry.csv;reports/csv/output_coverage_registry.csv;reports/csv/output_coverage_registry.csv,canonical_live_table_or_view_missing_but_runtime_evidence_present
reports,prach-random-access,PRACH / Random Access,prach,chart,peak value histogram,/reports/prach-random-access/charts/peak-value-histogram,,,,,required,render only from real DB/artifact rows,source_defined,false,false,unavailable_until_source_table_has_real_rows,false,,,runtime_evidence_present_noncanonical,15,10,0,5,0,pdcch_dci_table;ssb_pbch_table;csi_rs_table;prach_table;pucch_table,reports/csv/output_coverage_registry.csv;reports/csv/output_coverage_registry.csv;reports/csv/output_coverage_registry.csv;reports/csv/output_coverage_registry.csv;reports/csv/output_coverage_registry.csv,canonical_live_table_or_view_missing_but_runtime_evidence_present
reports,prach-random-access,PRACH / Random Access,prach,chart,preamble usage chart,/reports/prach-random-access/charts/preamble-usage-chart,,,,,required,render only from real DB/artifact rows,source_defined,false,false,unavailable_until_source_table_has_real_rows,false,,,runtime_evidence_present_noncanonical,15,10,0,5,0,pdcch_dci_table;ssb_pbch_table;csi_rs_table;prach_table;pucch_table,reports/csv/output_coverage_registry.csv;reports/csv/output_coverage_registry.csv;reports/csv/output_coverage_registry.csv;reports/csv/output_coverage_registry.csv;reports/csv/output_coverage_registry.csv,canonical_live_table_or_view_missing_but_runtime_evidence_present
reports,prach-random-access,PRACH / Random Access,prach,chart,TA estimate trend,/reports/prach-random-access/charts/ta-estimate-trend,,,,,required,render only from real DB/artifact rows,source_defined,false,false,unavailable_until_source_table_has_real_rows,false,,,runtime_evidence_present_noncanonical,15,10,0,5,0,pdcch_dci_table;ssb_pbch_table;csi_rs_table;prach_table;pucch_table,reports/csv/output_coverage_registry.csv;reports/csv/output_coverage_registry.csv;reports/csv/output_coverage_registry.csv;reports/csv/output_coverage_registry.csv;reports/csv/output_coverage_registry.csv,canonical_live_table_or_view_missing_but_runtime_evidence_present
reports,prach-random-access,PRACH / Random Access,prach,chart,access attempt/success timeline,/reports/prach-random-access/charts/access-attempt-success-timeline,,,,,required,render only from real DB/artifact rows,source_defined,false,false,unavailable_until_source_table_has_real_rows,false,,,runtime_evidence_present_noncanonical,15,10,0,5,0,pdcch_dci_table;ssb_pbch_table;csi_rs_table;prach_table;pucch_table,reports/csv/output_coverage_registry.csv;reports/csv/output_coverage_registry.csv;reports/csv/output_coverage_registry.csv;reports/csv/output_coverage_registry.csv;reports/csv/output_coverage_registry.csv,canonical_live_table_or_view_missing_but_runtime_evidence_present
reports,srs-ul-sounding-massive-mimo-inputs,SRS / UL Sounding / Massive MIMO Inputs,srs,chart,SRS validity timeline,/reports/srs-ul-sounding-massive-mimo-inputs/charts/srs-validity-timeline,,,,,required,render only from real DB/artifact rows,source_defined,false,false,unavailable_until_source_table_has_real_rows,false,,,runtime_evidence_present_noncanonical,18,10,0,8,0,pdcch_dci_table;ssb_pbch_table;csi_rs_table;prach_table;pucch_table,reports/csv/output_coverage_registry.csv;reports/csv/output_coverage_registry.csv;reports/csv/output_coverage_registry.csv;reports/csv/output_coverage_registry.csv;reports/csv/output_coverage_registry.csv,canonical_live_table_or_view_missing_but_runtime_evidence_present
reports,srs-ul-sounding-massive-mimo-inputs,SRS / UL Sounding / Massive MIMO Inputs,srs,chart,channel estimate quality trend,/reports/srs-ul-sounding-massive-mimo-inputs/charts/channel-estimate-quality-trend,,,,,required,render only from real DB/artifact rows,source_defined,false,false,unavailable_until_source_table_has_real_rows,false,,,runtime_evidence_present_noncanonical,18,10,0,8,0,pdcch_dci_table;ssb_pbch_table;csi_rs_table;prach_table;pucch_table,reports/csv/output_coverage_registry.csv;reports/csv/output_coverage_registry.csv;reports/csv/output_coverage_registry.csv;reports/csv/output_coverage_registry.csv;reports/csv/output_coverage_registry.csv,canonical_live_table_or_view_missing_but_runtime_evidence_present
reports,srs-ul-sounding-massive-mimo-inputs,SRS / UL Sounding / Massive MIMO Inputs,srs,chart,SRS consumption by scheduler/beam module,/reports/srs-ul-sounding-massive-mimo-inputs/charts/srs-consumption-by-scheduler-beam-module,,,,,required,render only from real DB/artifact rows,source_defined,false,false,unavailable_until_source_table_has_real_rows,false,,,runtime_evidence_present_noncanonical,18,10,0,8,0,pdcch_dci_table;ssb_pbch_table;csi_rs_table;prach_table;pucch_table,reports/csv/output_coverage_registry.csv;reports/csv/output_coverage_registry.csv;reports/csv/output_coverage_registry.csv;reports/csv/output_coverage_registry.csv;reports/csv/output_coverage_registry.csv,canonical_live_table_or_view_missing_but_runtime_evidence_present
reports,channel-interference-impairments,Channel / Interference / Impairments,channel,chart,channel quality timeline,/reports/channel-interference-impairments/charts/channel-quality-timeline,,,,,required,render only from real DB/artifact rows,source_defined,false,false,unavailable_until_source_table_has_real_rows,false,,,runtime_partial_evidence_present_noncanonical,8,0,5,3,0,table_channel_summary;table_noise_interference;table_link_budget;interference_waterfall_plot;root_cause_candidate_table,reports/csv/output_coverage_registry.csv;reports/csv/output_coverage_registry.csv;reports/csv/output_coverage_registry.csv;reports/csv/output_coverage_registry.csv;reports/csv/output_coverage_registry.csv,canonical_live_table_or_view_missing_but_runtime_evidence_present
reports,channel-interference-impairments,Channel / Interference / Impairments,channel,chart,CFO true vs estimated vs residual,/reports/channel-interference-impairments/charts/cfo-true-vs-estimated-vs-residual,,,,,required,render only from real DB/artifact rows,source_defined,false,false,unavailable_until_source_table_has_real_rows,false,,,runtime_partial_evidence_present_noncanonical,8,0,5,3,0,table_channel_summary;table_noise_interference;table_link_budget;interference_waterfall_plot;root_cause_candidate_table,reports/csv/output_coverage_registry.csv;reports/csv/output_coverage_registry.csv;reports/csv/output_coverage_registry.csv;reports/csv/output_coverage_registry.csv;reports/csv/output_coverage_registry.csv,canonical_live_table_or_view_missing_but_runtime_evidence_present
reports,channel-interference-impairments,Channel / Interference / Impairments,channel,chart,timing offset true vs estimated vs residual,/reports/channel-interference-impairments/charts/timing-offset-true-vs-estimated-vs-residual,,,,,required,render only from real DB/artifact rows,source_defined,false,false,unavailable_until_source_table_has_real_rows,false,,,runtime_partial_evidence_present_noncanonical,8,0,5,3,0,table_channel_summary;table_noise_interference;table_link_budget;interference_waterfall_plot;root_cause_candidate_table,reports/csv/output_coverage_registry.csv;reports/csv/output_coverage_registry.csv;reports/csv/output_coverage_registry.csv;reports/csv/output_coverage_registry.csv;reports/csv/output_coverage_registry.csv,canonical_live_table_or_view_missing_but_runtime_evidence_present
reports,channel-interference-impairments,Channel / Interference / Impairments,channel,chart,pathloss/shadowing distributions,/reports/channel-interference-impairments/charts/pathloss-shadowing-distributions,,,,,required,render only from real DB/artifact rows,source_defined,false,false,unavailable_until_source_table_has_real_rows,false,,,runtime_partial_evidence_present_noncanonical,8,0,5,3,0,table_channel_summary;table_noise_interference;table_link_budget;interference_waterfall_plot;root_cause_candidate_table,reports/csv/output_coverage_registry.csv;reports/csv/output_coverage_registry.csv;reports/csv/output_coverage_registry.csv;reports/csv/output_coverage_registry.csv;reports/csv/output_coverage_registry.csv,canonical_live_table_or_view_missing_but_runtime_evidence_present
reports,channel-interference-impairments,Channel / Interference / Impairments,channel,chart,interference power timeline,/reports/channel-interference-impairments/charts/interference-power-timeline,,,,,required,render only from real DB/artifact rows,source_defined,false,false,unavailable_until_source_table_has_real_rows,false,,,runtime_partial_evidence_present_noncanonical,8,0,5,3,0,table_channel_summary;table_noise_interference;table_link_budget;interference_waterfall_plot;root_cause_candidate_table,reports/csv/output_coverage_registry.csv;reports/csv/output_coverage_registry.csv;reports/csv/output_coverage_registry.csv;reports/csv/output_coverage_registry.csv;reports/csv/output_coverage_registry.csv,canonical_live_table_or_view_missing_but_runtime_evidence_present
reports,channel-interference-impairments,Channel / Interference / Impairments,channel,chart,impairment contribution bar chart,/reports/channel-interference-impairments/charts/impairment-contribution-bar-chart,,,,,required,render only from real DB/artifact rows,source_defined,false,false,unavailable_until_source_table_has_real_rows,false,,,runtime_partial_evidence_present_noncanonical,8,0,5,3,0,table_channel_summary;table_noise_interference;table_link_budget;interference_waterfall_plot;root_cause_candidate_table,reports/csv/output_coverage_registry.csv;reports/csv/output_coverage_registry.csv;reports/csv/output_coverage_registry.csv;reports/csv/output_coverage_registry.csv;reports/csv/output_coverage_registry.csv,canonical_live_table_or_view_missing_but_runtime_evidence_present
reports,channel-interference-impairments,Channel / Interference / Impairments,channel,chart,channel heatmap artifact links,/reports/channel-interference-impairments/charts/channel-heatmap-artifact-links,,,,,required,render only from real DB/artifact rows,source_defined,false,false,unavailable_until_source_table_has_real_rows,false,,,runtime_partial_evidence_present_noncanonical,8,0,5,3,0,table_channel_summary;table_noise_interference;table_link_budget;interference_waterfall_plot;root_cause_candidate_table,reports/csv/output_coverage_registry.csv;reports/csv/output_coverage_registry.csv;reports/csv/output_coverage_registry.csv;reports/csv/output_coverage_registry.csv;reports/csv/output_coverage_registry.csv,canonical_live_table_or_view_missing_but_runtime_evidence_present
reports,measurements-csi-link-adaptation-inputs,Measurements / CSI / Link Adaptation Inputs,measurement,chart,configured vs applied vs measured SNR/SINR comparison,/reports/measurements-csi-link-adaptation-inputs/charts/configured-vs-applied-vs-measured-snr-sinr-comparison,,,,,required,render only from real DB/artifact rows,source_defined,false,false,unavailable_until_source_table_has_real_rows,false,,,runtime_evidence_present_noncanonical,4,3,1,0,0,table_cqi_pmi_ri;table_mcs_tbs_evolution;timing_synchronization_table,reports/csv/output_coverage_registry.csv;reports/csv/output_coverage_registry.csv;reports/csv/output_coverage_registry.csv,canonical_live_table_or_view_missing_but_runtime_evidence_present
reports,measurements-csi-link-adaptation-inputs,Measurements / CSI / Link Adaptation Inputs,measurement,chart,RSRP/CSI-RSRP timeline,/reports/measurements-csi-link-adaptation-inputs/charts/rsrp-csi-rsrp-timeline,,,,,required,render only from real DB/artifact rows,source_defined,false,false,unavailable_until_source_table_has_real_rows,false,,,runtime_evidence_present_noncanonical,4,3,1,0,0,table_cqi_pmi_ri;table_mcs_tbs_evolution;timing_synchronization_table,reports/csv/output_coverage_registry.csv;reports/csv/output_coverage_registry.csv;reports/csv/output_coverage_registry.csv,canonical_live_table_or_view_missing_but_runtime_evidence_present
reports,measurements-csi-link-adaptation-inputs,Measurements / CSI / Link Adaptation Inputs,measurement,chart,CQI / PMI / RI / CRI timeline,/reports/measurements-csi-link-adaptation-inputs/charts/cqi-pmi-ri-cri-timeline,,,,,required,render only from real DB/artifact rows,source_defined,false,false,unavailable_until_source_table_has_real_rows,false,,,runtime_evidence_present_noncanonical,4,3,1,0,0,table_cqi_pmi_ri;table_mcs_tbs_evolution;timing_synchronization_table,reports/csv/output_coverage_registry.csv;reports/csv/output_coverage_registry.csv;reports/csv/output_coverage_registry.csv,canonical_live_table_or_view_missing_but_runtime_evidence_present
reports,measurements-csi-link-adaptation-inputs,Measurements / CSI / Link Adaptation Inputs,measurement,chart,measurement source coverage chart,/reports/measurements-csi-link-adaptation-inputs/charts/measurement-source-coverage-chart,,,,,required,render only from real DB/artifact rows,source_defined,false,false,unavailable_until_source_table_has_real_rows,false,,,runtime_evidence_present_noncanonical,4,3,1,0,0,table_cqi_pmi_ri;table_mcs_tbs_evolution;timing_synchronization_table,reports/csv/output_coverage_registry.csv;reports/csv/output_coverage_registry.csv;reports/csv/output_coverage_registry.csv,canonical_live_table_or_view_missing_but_runtime_evidence_present
reports,measurements-csi-link-adaptation-inputs,Measurements / CSI / Link Adaptation Inputs,measurement,chart,config-vs-measured conflict dashboard,/reports/measurements-csi-link-adaptation-inputs/charts/config-vs-measured-conflict-dashboard,,,,,required,render only from real DB/artifact rows,source_defined,false,false,unavailable_until_source_table_has_real_rows,false,,,runtime_evidence_present_noncanonical,4,3,1,0,0,table_cqi_pmi_ri;table_mcs_tbs_evolution;timing_synchronization_table,reports/csv/output_coverage_registry.csv;reports/csv/output_coverage_registry.csv;reports/csv/output_coverage_registry.csv,canonical_live_table_or_view_missing_but_runtime_evidence_present
reports,beamforming-precoding-mimo-massive-mimo,Beamforming / Precoding / MIMO / Massive MIMO,beam_mimo,chart,selected vs best beam timeline,/reports/beamforming-precoding-mimo-massive-mimo/charts/selected-vs-best-beam-timeline,,,,,required,render only from real DB/artifact rows,source_defined,false,false,unavailable_until_source_table_has_real_rows,false,,,runtime_evidence_present_noncanonical,7,4,2,1,0,beam_precoder_table;beamforming_analytics_table;mimo_rank_utilization_table;rank_layer_usage_histogram,reports/csv/output_coverage_registry.csv;reports/csv/output_coverage_registry.csv;reports/csv/output_coverage_registry.csv;reports/csv/output_coverage_registry.csv,canonical_live_table_or_view_missing_but_runtime_evidence_present
reports,beamforming-precoding-mimo-massive-mimo,Beamforming / Precoding / MIMO / Massive MIMO,beam_mimo,chart,beam gain gap histogram,/reports/beamforming-precoding-mimo-massive-mimo/charts/beam-gain-gap-histogram,,,,,required,render only from real DB/artifact rows,source_defined,false,false,unavailable_until_source_table_has_real_rows,false,,,runtime_evidence_present_noncanonical,7,4,2,1,0,beam_precoder_table;beamforming_analytics_table;mimo_rank_utilization_table;rank_layer_usage_histogram,reports/csv/output_coverage_registry.csv;reports/csv/output_coverage_registry.csv;reports/csv/output_coverage_registry.csv;reports/csv/output_coverage_registry.csv,canonical_live_table_or_view_missing_but_runtime_evidence_present
reports,beamforming-precoding-mimo-massive-mimo,Beamforming / Precoding / MIMO / Massive MIMO,beam_mimo,chart,beam hit rate timeline,/reports/beamforming-precoding-mimo-massive-mimo/charts/beam-hit-rate-timeline,,,,,required,render only from real DB/artifact rows,source_defined,false,false,unavailable_until_source_table_has_real_rows,false,,,runtime_evidence_present_noncanonical,7,4,2,1,0,beam_precoder_table;beamforming_analytics_table;mimo_rank_utilization_table;rank_layer_usage_histogram,reports/csv/output_coverage_registry.csv;reports/csv/output_coverage_registry.csv;reports/csv/output_coverage_registry.csv;reports/csv/output_coverage_registry.csv,canonical_live_table_or_view_missing_but_runtime_evidence_present
reports,beamforming-precoding-mimo-massive-mimo,Beamforming / Precoding / MIMO / Massive MIMO,beam_mimo,chart,rank distribution,/reports/beamforming-precoding-mimo-massive-mimo/charts/rank-distribution,,,,,required,render only from real DB/artifact rows,source_defined,false,false,unavailable_until_source_table_has_real_rows,false,,,runtime_evidence_present_noncanonical,7,4,2,1,0,beam_precoder_table;beamforming_analytics_table;mimo_rank_utilization_table;rank_layer_usage_histogram,reports/csv/output_coverage_registry.csv;reports/csv/output_coverage_registry.csv;reports/csv/output_coverage_registry.csv;reports/csv/output_coverage_registry.csv,canonical_live_table_or_view_missing_but_runtime_evidence_present
reports,beamforming-precoding-mimo-massive-mimo,Beamforming / Precoding / MIMO / Massive MIMO,beam_mimo,chart,condition number distribution,/reports/beamforming-precoding-mimo-massive-mimo/charts/condition-number-distribution,,,,,required,render only from real DB/artifact rows,source_defined,false,false,unavailable_until_source_table_has_real_rows,false,,,runtime_evidence_present_noncanonical,7,4,2,1,0,beam_precoder_table;beamforming_analytics_table;mimo_rank_utilization_table;rank_layer_usage_histogram,reports/csv/output_coverage_registry.csv;reports/csv/output_coverage_registry.csv;reports/csv/output_coverage_registry.csv;reports/csv/output_coverage_registry.csv,canonical_live_table_or_view_missing_but_runtime_evidence_present
reports,beamforming-precoding-mimo-massive-mimo,Beamforming / Precoding / MIMO / Massive MIMO,beam_mimo,chart,MU grouping summary,/reports/beamforming-precoding-mimo-massive-mimo/charts/mu-grouping-summary,,,,,required,render only from real DB/artifact rows,source_defined,false,false,unavailable_until_source_table_has_real_rows,false,,,runtime_evidence_present_noncanonical,7,4,2,1,0,beam_precoder_table;beamforming_analytics_table;mimo_rank_utilization_table;rank_layer_usage_histogram,reports/csv/output_coverage_registry.csv;reports/csv/output_coverage_registry.csv;reports/csv/output_coverage_registry.csv;reports/csv/output_coverage_registry.csv,canonical_live_table_or_view_missing_but_runtime_evidence_present
reports,beamforming-precoding-mimo-massive-mimo,Beamforming / Precoding / MIMO / Massive MIMO,beam_mimo,chart,precoder mode distribution,/reports/beamforming-precoding-mimo-massive-mimo/charts/precoder-mode-distribution,,,,,required,render only from real DB/artifact rows,source_defined,false,false,unavailable_until_source_table_has_real_rows,false,,,runtime_evidence_present_noncanonical,7,4,2,1,0,beam_precoder_table;beamforming_analytics_table;mimo_rank_utilization_table;rank_layer_usage_histogram,reports/csv/output_coverage_registry.csv;reports/csv/output_coverage_registry.csv;reports/csv/output_coverage_registry.csv;reports/csv/output_coverage_registry.csv,canonical_live_table_or_view_missing_but_runtime_evidence_present
reports,ue-side-state-ue-power-ue-control,UE-Side State / UE Power / UE Control,ue_state,chart,UE Tx power timeline,/reports/ue-side-state-ue-power-ue-control/charts/ue-tx-power-timeline,,,,,required,render only from real DB/artifact rows,source_defined,false,false,unavailable_until_source_table_has_real_rows,false,,,runtime_evidence_present_noncanonical,5,4,1,0,0,table_latency;latency_cdf_plot;timing_synchronization_table;latency_root_cause_table,reports/csv/output_coverage_registry.csv;reports/csv/output_coverage_registry.csv;reports/csv/output_coverage_registry.csv;reports/csv/output_coverage_registry.csv,canonical_live_table_or_view_missing_but_runtime_evidence_present
reports,ue-side-state-ue-power-ue-control,UE-Side State / UE Power / UE Control,ue_state,chart,UE power headroom timeline,/reports/ue-side-state-ue-power-ue-control/charts/ue-power-headroom-timeline,,,,,required,render only from real DB/artifact rows,source_defined,false,false,unavailable_until_source_table_has_real_rows,false,,,runtime_evidence_present_noncanonical,5,4,1,0,0,table_latency;latency_cdf_plot;timing_synchronization_table;latency_root_cause_table,reports/csv/output_coverage_registry.csv;reports/csv/output_coverage_registry.csv;reports/csv/output_coverage_registry.csv;reports/csv/output_coverage_registry.csv,canonical_live_table_or_view_missing_but_runtime_evidence_present
reports,ue-side-state-ue-power-ue-control,UE-Side State / UE Power / UE Control,ue_state,chart,UE control/report timeline,/reports/ue-side-state-ue-power-ue-control/charts/ue-control-report-timeline,,,,,required,render only from real DB/artifact rows,source_defined,false,false,unavailable_until_source_table_has_real_rows,false,,,runtime_evidence_present_noncanonical,5,4,1,0,0,table_latency;latency_cdf_plot;timing_synchronization_table;latency_root_cause_table,reports/csv/output_coverage_registry.csv;reports/csv/output_coverage_registry.csv;reports/csv/output_coverage_registry.csv;reports/csv/output_coverage_registry.csv,canonical_live_table_or_view_missing_but_runtime_evidence_present
reports,ue-side-state-ue-power-ue-control,UE-Side State / UE Power / UE Control,ue_state,chart,DRX state timeline,/reports/ue-side-state-ue-power-ue-control/charts/drx-state-timeline,,,,,required,render only from real DB/artifact rows,source_defined,false,false,unavailable_until_source_table_has_real_rows,false,,,runtime_evidence_present_noncanonical,5,4,1,0,0,table_latency;latency_cdf_plot;timing_synchronization_table;latency_root_cause_table,reports/csv/output_coverage_registry.csv;reports/csv/output_coverage_registry.csv;reports/csv/output_coverage_registry.csv;reports/csv/output_coverage_registry.csv,canonical_live_table_or_view_missing_but_runtime_evidence_present
reports,ue-side-state-ue-power-ue-control,UE-Side State / UE Power / UE Control,ue_state,chart,UE energy proxy timeline,/reports/ue-side-state-ue-power-ue-control/charts/ue-energy-proxy-timeline,,,,,required,render only from real DB/artifact rows,source_defined,false,false,unavailable_until_source_table_has_real_rows,false,,,runtime_evidence_present_noncanonical,5,4,1,0,0,table_latency;latency_cdf_plot;timing_synchronization_table;latency_root_cause_table,reports/csv/output_coverage_registry.csv;reports/csv/output_coverage_registry.csv;reports/csv/output_coverage_registry.csv;reports/csv/output_coverage_registry.csv,canonical_live_table_or_view_missing_but_runtime_evidence_present
reports,gnb-side-state-thread-coordinator-phy-mac-api,gNB-Side State / Thread / Coordinator / PHY-MAC API,gnb_state,chart,per-cell context health timeline,/reports/gnb-side-state-thread-coordinator-phy-mac-api/charts/per-cell-context-health-timeline,,,,,required,render only from real DB/artifact rows,source_defined,false,false,unavailable_until_source_table_has_real_rows,false,,,runtime_evidence_present_noncanonical,4,2,2,0,0,table_scheduler_decision;live_prb_allocation,reports/csv/output_coverage_registry.csv;reports/csv/output_coverage_registry.csv,canonical_live_table_or_view_missing_but_runtime_evidence_present
reports,gnb-side-state-thread-coordinator-phy-mac-api,gNB-Side State / Thread / Coordinator / PHY-MAC API,gnb_state,chart,API message rate,/reports/gnb-side-state-thread-coordinator-phy-mac-api/charts/api-message-rate,,,,,required,render only from real DB/artifact rows,source_defined,false,false,unavailable_until_source_table_has_real_rows,false,,,runtime_evidence_present_noncanonical,4,2,2,0,0,table_scheduler_decision;live_prb_allocation,reports/csv/output_coverage_registry.csv;reports/csv/output_coverage_registry.csv,canonical_live_table_or_view_missing_but_runtime_evidence_present
reports,gnb-side-state-thread-coordinator-phy-mac-api,gNB-Side State / Thread / Coordinator / PHY-MAC API,gnb_state,chart,orchestration latency chart,/reports/gnb-side-state-thread-coordinator-phy-mac-api/charts/orchestration-latency-chart,,,,,required,render only from real DB/artifact rows,source_defined,false,false,unavailable_until_source_table_has_real_rows,false,,,runtime_evidence_present_noncanonical,4,2,2,0,0,table_scheduler_decision;live_prb_allocation,reports/csv/output_coverage_registry.csv;reports/csv/output_coverage_registry.csv,canonical_live_table_or_view_missing_but_runtime_evidence_present
reports,gnb-side-state-thread-coordinator-phy-mac-api,gNB-Side State / Thread / Coordinator / PHY-MAC API,gnb_state,chart,per-worker workload chart,/reports/gnb-side-state-thread-coordinator-phy-mac-api/charts/per-worker-workload-chart,,,,,required,render only from real DB/artifact rows,source_defined,false,false,unavailable_until_source_table_has_real_rows,false,,,runtime_evidence_present_noncanonical,4,2,2,0,0,table_scheduler_decision;live_prb_allocation,reports/csv/output_coverage_registry.csv;reports/csv/output_coverage_registry.csv,canonical_live_table_or_view_missing_but_runtime_evidence_present
reports,power-energy-thermal-compute-runtime,Power / Energy / Thermal / Compute / Runtime,power_energy,chart,TX power timeline per cell,/reports/power-energy-thermal-compute-runtime/charts/tx-power-timeline-per-cell,,,,,required,render only from real DB/artifact rows,source_defined,false,false,unavailable_until_source_table_has_real_rows,false,,,runtime_evidence_present_noncanonical,15,15,0,0,0,table_latency;latency_cdf_plot;live_power_runtime_table;live_rf_power_table;live_bb_power_table,reports/csv/output_coverage_registry.csv;reports/csv/output_coverage_registry.csv;reports/csv/output_coverage_registry.csv;reports/csv/output_coverage_registry.csv;reports/csv/output_coverage_registry.csv,canonical_live_table_or_view_missing_but_runtime_evidence_present
reports,power-energy-thermal-compute-runtime,Power / Energy / Thermal / Compute / Runtime,power_energy,chart,TX power timeline per UE,/reports/power-energy-thermal-compute-runtime/charts/tx-power-timeline-per-ue,,,,,required,render only from real DB/artifact rows,source_defined,false,false,unavailable_until_source_table_has_real_rows,false,,,runtime_evidence_present_noncanonical,15,15,0,0,0,table_latency;latency_cdf_plot;live_power_runtime_table;live_rf_power_table;live_bb_power_table,reports/csv/output_coverage_registry.csv;reports/csv/output_coverage_registry.csv;reports/csv/output_coverage_registry.csv;reports/csv/output_coverage_registry.csv;reports/csv/output_coverage_registry.csv,canonical_live_table_or_view_missing_but_runtime_evidence_present
reports,power-energy-thermal-compute-runtime,Power / Energy / Thermal / Compute / Runtime,power_energy,chart,power vs throughput,/reports/power-energy-thermal-compute-runtime/charts/power-vs-throughput,,,,,required,render only from real DB/artifact rows,source_defined,false,false,unavailable_until_source_table_has_real_rows,false,,,runtime_evidence_present_noncanonical,15,15,0,0,0,table_latency;latency_cdf_plot;live_power_runtime_table;live_rf_power_table;live_bb_power_table,reports/csv/output_coverage_registry.csv;reports/csv/output_coverage_registry.csv;reports/csv/output_coverage_registry.csv;reports/csv/output_coverage_registry.csv;reports/csv/output_coverage_registry.csv,canonical_live_table_or_view_missing_but_runtime_evidence_present
reports,power-energy-thermal-compute-runtime,Power / Energy / Thermal / Compute / Runtime,power_energy,chart,power vs BLER,/reports/power-energy-thermal-compute-runtime/charts/power-vs-bler,,,,,required,render only from real DB/artifact rows,source_defined,false,false,unavailable_until_source_table_has_real_rows,false,,,runtime_evidence_present_noncanonical,15,15,0,0,0,table_latency;latency_cdf_plot;live_power_runtime_table;live_rf_power_table;live_bb_power_table,reports/csv/output_coverage_registry.csv;reports/csv/output_coverage_registry.csv;reports/csv/output_coverage_registry.csv;reports/csv/output_coverage_registry.csv;reports/csv/output_coverage_registry.csv,canonical_live_table_or_view_missing_but_runtime_evidence_present
reports,power-energy-thermal-compute-runtime,Power / Energy / Thermal / Compute / Runtime,power_energy,chart,energy per bit over time,/reports/power-energy-thermal-compute-runtime/charts/energy-per-bit-over-time,,,,,required,render only from real DB/artifact rows,source_defined,false,false,unavailable_until_source_table_has_real_rows,false,,,runtime_evidence_present_noncanonical,15,15,0,0,0,table_latency;latency_cdf_plot;live_power_runtime_table;live_rf_power_table;live_bb_power_table,reports/csv/output_coverage_registry.csv;reports/csv/output_coverage_registry.csv;reports/csv/output_coverage_registry.csv;reports/csv/output_coverage_registry.csv;reports/csv/output_coverage_registry.csv,canonical_live_table_or_view_missing_but_runtime_evidence_present
reports,power-energy-thermal-compute-runtime,Power / Energy / Thermal / Compute / Runtime,power_energy,chart,joules/GB over time,/reports/power-energy-thermal-compute-runtime/charts/joules-gb-over-time,,,,,required,render only from real DB/artifact rows,source_defined,false,false,unavailable_until_source_table_has_real_rows,false,,,runtime_evidence_present_noncanonical,15,15,0,0,0,table_latency;latency_cdf_plot;live_power_runtime_table;live_rf_power_table;live_bb_power_table,reports/csv/output_coverage_registry.csv;reports/csv/output_coverage_registry.csv;reports/csv/output_coverage_registry.csv;reports/csv/output_coverage_registry.csv;reports/csv/output_coverage_registry.csv,canonical_live_table_or_view_missing_but_runtime_evidence_present
reports,power-energy-thermal-compute-runtime,Power / Energy / Thermal / Compute / Runtime,power_energy,chart,CPU cycles and memory usage time series,/reports/power-energy-thermal-compute-runtime/charts/cpu-cycles-and-memory-usage-time-series,,,,,required,render only from real DB/artifact rows,source_defined,false,false,unavailable_until_source_table_has_real_rows,false,,,runtime_evidence_present_noncanonical,15,15,0,0,0,table_latency;latency_cdf_plot;live_power_runtime_table;live_rf_power_table;live_bb_power_table,reports/csv/output_coverage_registry.csv;reports/csv/output_coverage_registry.csv;reports/csv/output_coverage_registry.csv;reports/csv/output_coverage_registry.csv;reports/csv/output_coverage_registry.csv,canonical_live_table_or_view_missing_but_runtime_evidence_present
reports,power-energy-thermal-compute-runtime,Power / Energy / Thermal / Compute / Runtime,power_energy,chart,latency breakdown stacked chart,/reports/power-energy-thermal-compute-runtime/charts/latency-breakdown-stacked-chart,,,,,required,render only from real DB/artifact rows,source_defined,false,false,unavailable_until_source_table_has_real_rows,false,,,runtime_evidence_present_noncanonical,15,15,0,0,0,table_latency;latency_cdf_plot;live_power_runtime_table;live_rf_power_table;live_bb_power_table,reports/csv/output_coverage_registry.csv;reports/csv/output_coverage_registry.csv;reports/csv/output_coverage_registry.csv;reports/csv/output_coverage_registry.csv;reports/csv/output_coverage_registry.csv,canonical_live_table_or_view_missing_but_runtime_evidence_present
reports,power-energy-thermal-compute-runtime,Power / Energy / Thermal / Compute / Runtime,power_energy,chart,PAPR distribution,/reports/power-energy-thermal-compute-runtime/charts/papr-distribution,,,,,required,render only from real DB/artifact rows,source_defined,false,false,unavailable_until_source_table_has_real_rows,false,,,runtime_evidence_present_noncanonical,15,15,0,0,0,table_latency;latency_cdf_plot;live_power_runtime_table;live_rf_power_table;live_bb_power_table,reports/csv/output_coverage_registry.csv;reports/csv/output_coverage_registry.csv;reports/csv/output_coverage_registry.csv;reports/csv/output_coverage_registry.csv;reports/csv/output_coverage_registry.csv,canonical_live_table_or_view_missing_but_runtime_evidence_present
reports,power-energy-thermal-compute-runtime,Power / Energy / Thermal / Compute / Runtime,power_energy,chart,sleep-state timeline,/reports/power-energy-thermal-compute-runtime/charts/sleep-state-timeline,,,,,required,render only from real DB/artifact rows,source_defined,false,false,unavailable_until_source_table_has_real_rows,false,,,runtime_evidence_present_noncanonical,15,15,0,0,0,table_latency;latency_cdf_plot;live_power_runtime_table;live_rf_power_table;live_bb_power_table,reports/csv/output_coverage_registry.csv;reports/csv/output_coverage_registry.csv;reports/csv/output_coverage_registry.csv;reports/csv/output_coverage_registry.csv;reports/csv/output_coverage_registry.csv,canonical_live_table_or_view_missing_but_runtime_evidence_present
reports,power-energy-thermal-compute-runtime,Power / Energy / Thermal / Compute / Runtime,power_energy,chart,efficiency scatter plots,/reports/power-energy-thermal-compute-runtime/charts/efficiency-scatter-plots,,,,,required,render only from real DB/artifact rows,source_defined,false,false,unavailable_until_source_table_has_real_rows,false,,,runtime_evidence_present_noncanonical,15,15,0,0,0,table_latency;latency_cdf_plot;live_power_runtime_table;live_rf_power_table;live_bb_power_table,reports/csv/output_coverage_registry.csv;reports/csv/output_coverage_registry.csv;reports/csv/output_coverage_registry.csv;reports/csv/output_coverage_registry.csv;reports/csv/output_coverage_registry.csv,canonical_live_table_or_view_missing_but_runtime_evidence_present
reports,persistence-export-consistency-browser-health,Persistence / Export / Consistency / Browser Health,persistence,chart,DB write latency over time,/reports/persistence-export-consistency-browser-health/charts/db-write-latency-over-time,,,,,required,render only from real DB/artifact rows,source_defined,false,false,unavailable_until_source_table_has_real_rows,false,,,runtime_evidence_present_noncanonical,17,6,11,0,0,output_coverage_registry;output_completeness_table;instrumentation_coverage_table;api_exposure_audit_table;persistence_audit_table,reports/csv/output_coverage_registry.csv;reports/csv/output_coverage_registry.csv;reports/csv/output_coverage_registry.csv;reports/csv/output_coverage_registry.csv;reports/csv/output_coverage_registry.csv,canonical_live_table_or_view_missing_but_runtime_evidence_present
reports,persistence-export-consistency-browser-health,Persistence / Export / Consistency / Browser Health,persistence,chart,export lag over time,/reports/persistence-export-consistency-browser-health/charts/export-lag-over-time,,,,,required,render only from real DB/artifact rows,source_defined,false,false,unavailable_until_source_table_has_real_rows,false,,,runtime_evidence_present_noncanonical,17,6,11,0,0,output_coverage_registry;output_completeness_table;instrumentation_coverage_table;api_exposure_audit_table;persistence_audit_table,reports/csv/output_coverage_registry.csv;reports/csv/output_coverage_registry.csv;reports/csv/output_coverage_registry.csv;reports/csv/output_coverage_registry.csv;reports/csv/output_coverage_registry.csv,canonical_live_table_or_view_missing_but_runtime_evidence_present
reports,persistence-export-consistency-browser-health,Persistence / Export / Consistency / Browser Health,persistence,chart,duplicate write count trend,/reports/persistence-export-consistency-browser-health/charts/duplicate-write-count-trend,,,,,required,render only from real DB/artifact rows,source_defined,false,false,unavailable_until_source_table_has_real_rows,false,,,runtime_evidence_present_noncanonical,17,6,11,0,0,output_coverage_registry;output_completeness_table;instrumentation_coverage_table;api_exposure_audit_table;persistence_audit_table,reports/csv/output_coverage_registry.csv;reports/csv/output_coverage_registry.csv;reports/csv/output_coverage_registry.csv;reports/csv/output_coverage_registry.csv;reports/csv/output_coverage_registry.csv,canonical_live_table_or_view_missing_but_runtime_evidence_present
reports,persistence-export-consistency-browser-health,Persistence / Export / Consistency / Browser Health,persistence,chart,consistency failure trend,/reports/persistence-export-consistency-browser-health/charts/consistency-failure-trend,,,,,required,render only from real DB/artifact rows,source_defined,false,false,unavailable_until_source_table_has_real_rows,false,,,runtime_evidence_present_noncanonical,17,6,11,0,0,output_coverage_registry;output_completeness_table;instrumentation_coverage_table;api_exposure_audit_table;persistence_audit_table,reports/csv/output_coverage_registry.csv;reports/csv/output_coverage_registry.csv;reports/csv/output_coverage_registry.csv;reports/csv/output_coverage_registry.csv;reports/csv/output_coverage_registry.csv,canonical_live_table_or_view_missing_but_runtime_evidence_present
reports,persistence-export-consistency-browser-health,Persistence / Export / Consistency / Browser Health,persistence,chart,artifact creation rate,/reports/persistence-export-consistency-browser-health/charts/artifact-creation-rate,,,,,required,render only from real DB/artifact rows,source_defined,false,false,unavailable_until_source_table_has_real_rows,false,,,runtime_evidence_present_noncanonical,17,6,11,0,0,output_coverage_registry;output_completeness_table;instrumentation_coverage_table;api_exposure_audit_table;persistence_audit_table,reports/csv/output_coverage_registry.csv;reports/csv/output_coverage_registry.csv;reports/csv/output_coverage_registry.csv;reports/csv/output_coverage_registry.csv;reports/csv/output_coverage_registry.csv,canonical_live_table_or_view_missing_but_runtime_evidence_present
reports,generic-investigator-views,Generic Investigator Views,investigator,chart,investigator stage lineage graph,/reports/generic-investigator-views/charts/investigator-stage-lineage-graph,,,,,required,render only from real DB/artifact rows,source_defined,false,false,unavailable_until_source_table_has_real_rows,false,,,runtime_evidence_present_noncanonical,28,12,14,2,0,output_coverage_registry;output_completeness_table;instrumentation_coverage_table;api_exposure_audit_table;persistence_audit_table,reports/csv/output_coverage_registry.csv;reports/csv/output_coverage_registry.csv;reports/csv/output_coverage_registry.csv;reports/csv/output_coverage_registry.csv;reports/csv/output_coverage_registry.csv,canonical_live_table_or_view_missing_but_runtime_evidence_present
reports,generic-investigator-views,Generic Investigator Views,investigator,chart,truth violation rollup,/reports/generic-investigator-views/charts/truth-violation-rollup,,,,,required,render only from real DB/artifact rows,source_defined,false,false,unavailable_until_source_table_has_real_rows,false,,,runtime_evidence_present_noncanonical,28,12,14,2,0,output_coverage_registry;output_completeness_table;instrumentation_coverage_table;api_exposure_audit_table;persistence_audit_table,reports/csv/output_coverage_registry.csv;reports/csv/output_coverage_registry.csv;reports/csv/output_coverage_registry.csv;reports/csv/output_coverage_registry.csv;reports/csv/output_coverage_registry.csv,canonical_live_table_or_view_missing_but_runtime_evidence_present
reports,generic-investigator-views,Generic Investigator Views,investigator,chart,partial or missing data dashboard,/reports/generic-investigator-views/charts/partial-or-missing-data-dashboard,,,,,required,render only from real DB/artifact rows,source_defined,false,false,unavailable_until_source_table_has_real_rows,false,,,runtime_evidence_present_noncanonical,28,12,14,2,0,output_coverage_registry;output_completeness_table;instrumentation_coverage_table;api_exposure_audit_table;persistence_audit_table,reports/csv/output_coverage_registry.csv;reports/csv/output_coverage_registry.csv;reports/csv/output_coverage_registry.csv;reports/csv/output_coverage_registry.csv;reports/csv/output_coverage_registry.csv,canonical_live_table_or_view_missing_but_runtime_evidence_present
reports,generic-investigator-views,Generic Investigator Views,investigator,chart,config vs measured conflict dashboard,/reports/generic-investigator-views/charts/config-vs-measured-conflict-dashboard,,,,,required,render only from real DB/artifact rows,source_defined,false,false,unavailable_until_source_table_has_real_rows,false,,,runtime_evidence_present_noncanonical,28,12,14,2,0,output_coverage_registry;output_completeness_table;instrumentation_coverage_table;api_exposure_audit_table;persistence_audit_table,reports/csv/output_coverage_registry.csv;reports/csv/output_coverage_registry.csv;reports/csv/output_coverage_registry.csv;reports/csv/output_coverage_registry.csv;reports/csv/output_coverage_registry.csv,canonical_live_table_or_view_missing_but_runtime_evidence_present
reports,generic-investigator-views,Generic Investigator Views,investigator,chart,value semantics coverage chart,/reports/generic-investigator-views/charts/value-semantics-coverage-chart,,,,,required,render only from real DB/artifact rows,source_defined,false,false,unavailable_until_source_table_has_real_rows,false,,,runtime_evidence_present_noncanonical,28,12,14,2,0,output_coverage_registry;output_completeness_table;instrumentation_coverage_table;api_exposure_audit_table;persistence_audit_table,reports/csv/output_coverage_registry.csv;reports/csv/output_coverage_registry.csv;reports/csv/output_coverage_registry.csv;reports/csv/output_coverage_registry.csv;reports/csv/output_coverage_registry.csv,canonical_live_table_or_view_missing_but_runtime_evidence_present
