kind,section_slug,section_title,domain,record_kind,name,route,mysql_view_name,logical_path,required_columns,mandatory_context_columns,lineage,formula,metric_unit,valid_sample_count_required,missing_sample_count_required,default_status,smoke_visible_default,placeholder_flag_default,fallback_flag_default,reference_smoke_runtime_status,reference_smoke_match_count,reference_smoke_implemented_count,reference_smoke_partial_count,reference_smoke_unavailable_count,reference_smoke_blocked_count,reference_smoke_output_examples,reference_smoke_artifact_examples,canonical_gap_classification
analytics,waveform-time-domain-analytics,Waveform / Time Domain Analytics,waveform,table,waveform_analytics,/analytics/waveform-time-domain-analytics/tables/waveform_analytics,waveform_analytics_v,analytics/csv/waveform_analytics.csv,direction;ue_id;bs_id;sfn;slot;symbol;run_id;trial_id;run_uuid;run_tag;scenario_id;timestamp_utc;data_origin;status;value_role;value_source;value_status;finalized_flag;partial_row_flag;fallback_flag;placeholder_flag;config_only_flag;cell_id;sector_id;site_id;trp_id;link_id;carrier_id;bwp_id;numerology;scs_khz;bandwidth_hz;center_frequency_hz;duplex_mode;beam_id;layer_id;codeword_id;harq_process_id;rv;channel_name;signal_name;block_name;function_name;stage_name;metric_name;metric_value;metric_unit;artifact_id;git_sha;build_id;config_hash;seed;source_system;source_db;source_schema;source_table;source_pk;na_reason;formula_id;formula;valid_sample_count;missing_sample_count;baseline_run_id;candidate_run_id;Numerology_mu;SCS_kHz;SlotDuration_ms;SlotsPerFrame;SymbolsPerSlot;ActiveGridNumRBs;ConfiguredGridNumRBs;ActiveGridSource;ActiveDuplexMode;ConfiguredTDDPattern;ActiveTDDPattern;TDDPatternApplicable;fft_size;cp_type;cp_length;sample_rate_hz;coreset_id;search_space_id;ssb_index;prach_occasion_id;PRBStart;PRBCount;SymbolStart;NumSymbols;re_range;timing_relation_status;timing_estimate_used;use_ideal_timing_sync_flag,direction;ue_id;bs_id;sfn;slot;symbol,required,derived from canonical reports fact tables and artifact manifests,table_defined,true,true,unavailable_until_canonical_artifact_or_db_view_exists,false,false,false,runtime_evidence_present_noncanonical,5,2,1,2,0,dl_resource_grid_heatmap;ul_resource_grid_heatmap,reports/csv/output_coverage_registry.csv;reports/csv/output_coverage_registry.csv,canonical_live_table_or_view_missing_but_runtime_evidence_present
analytics,waveform-time-domain-analytics,Waveform / Time Domain Analytics,waveform,table,waveform_comparison_analytics,/analytics/waveform-time-domain-analytics/tables/waveform_comparison_analytics,waveform_comparison_analytics_v,analytics/csv/waveform_comparison_analytics.csv,direction;ue_id;bs_id;sfn;slot;symbol;run_id;trial_id;run_uuid;run_tag;scenario_id;timestamp_utc;data_origin;status;value_role;value_source;value_status;finalized_flag;partial_row_flag;fallback_flag;placeholder_flag;config_only_flag;cell_id;sector_id;site_id;trp_id;link_id;carrier_id;bwp_id;numerology;scs_khz;bandwidth_hz;center_frequency_hz;duplex_mode;beam_id;layer_id;codeword_id;harq_process_id;rv;channel_name;signal_name;block_name;function_name;stage_name;metric_name;metric_value;metric_unit;artifact_id;git_sha;build_id;config_hash;seed;source_system;source_db;source_schema;source_table;source_pk;na_reason;formula_id;formula;valid_sample_count;missing_sample_count;baseline_run_id;candidate_run_id;Numerology_mu;SCS_kHz;SlotDuration_ms;SlotsPerFrame;SymbolsPerSlot;ActiveGridNumRBs;ConfiguredGridNumRBs;ActiveGridSource;ActiveDuplexMode;ConfiguredTDDPattern;ActiveTDDPattern;TDDPatternApplicable;fft_size;cp_type;cp_length;sample_rate_hz;coreset_id;search_space_id;ssb_index;prach_occasion_id;PRBStart;PRBCount;SymbolStart;NumSymbols;re_range;timing_relation_status;timing_estimate_used;use_ideal_timing_sync_flag,direction;ue_id;bs_id;sfn;slot;symbol,required,derived from canonical reports fact tables and artifact manifests,table_defined,true,true,unavailable_until_canonical_artifact_or_db_view_exists,false,false,false,runtime_evidence_present_noncanonical,5,2,1,2,0,dl_resource_grid_heatmap;ul_resource_grid_heatmap,reports/csv/output_coverage_registry.csv;reports/csv/output_coverage_registry.csv,canonical_live_table_or_view_missing_but_runtime_evidence_present
analytics,waveform-time-domain-analytics,Waveform / Time Domain Analytics,waveform,table,waveform_stage_overlay_analytics,/analytics/waveform-time-domain-analytics/tables/waveform_stage_overlay_analytics,waveform_stage_overlay_analytics_v,analytics/csv/waveform_stage_overlay_analytics.csv,direction;ue_id;bs_id;sfn;slot;symbol;run_id;trial_id;run_uuid;run_tag;scenario_id;timestamp_utc;data_origin;status;value_role;value_source;value_status;finalized_flag;partial_row_flag;fallback_flag;placeholder_flag;config_only_flag;cell_id;sector_id;site_id;trp_id;link_id;carrier_id;bwp_id;numerology;scs_khz;bandwidth_hz;center_frequency_hz;duplex_mode;beam_id;layer_id;codeword_id;harq_process_id;rv;channel_name;signal_name;block_name;function_name;stage_name;metric_name;metric_value;metric_unit;artifact_id;git_sha;build_id;config_hash;seed;source_system;source_db;source_schema;source_table;source_pk;na_reason;formula_id;formula;valid_sample_count;missing_sample_count;baseline_run_id;candidate_run_id;Numerology_mu;SCS_kHz;SlotDuration_ms;SlotsPerFrame;SymbolsPerSlot;ActiveGridNumRBs;ConfiguredGridNumRBs;ActiveGridSource;ActiveDuplexMode;ConfiguredTDDPattern;ActiveTDDPattern;TDDPatternApplicable;fft_size;cp_type;cp_length;sample_rate_hz;coreset_id;search_space_id;ssb_index;prach_occasion_id;PRBStart;PRBCount;SymbolStart;NumSymbols;re_range;timing_relation_status;timing_estimate_used;use_ideal_timing_sync_flag,direction;ue_id;bs_id;sfn;slot;symbol,required,derived from canonical reports fact tables and artifact manifests,table_defined,true,true,unavailable_until_canonical_artifact_or_db_view_exists,false,false,false,runtime_evidence_present_noncanonical,5,2,1,2,0,dl_resource_grid_heatmap;ul_resource_grid_heatmap,reports/csv/output_coverage_registry.csv;reports/csv/output_coverage_registry.csv,canonical_live_table_or_view_missing_but_runtime_evidence_present
analytics,spectrum-psd-papr-analytics,Spectrum / PSD / PAPR Analytics,spectrum,table,spectrum_analytics,/analytics/spectrum-psd-papr-analytics/tables/spectrum_analytics,spectrum_analytics_v,analytics/csv/spectrum_analytics.csv,direction;ue_id;bs_id;sfn;slot;symbol;run_id;trial_id;run_uuid;run_tag;scenario_id;timestamp_utc;data_origin;status;value_role;value_source;value_status;finalized_flag;partial_row_flag;fallback_flag;placeholder_flag;config_only_flag;cell_id;sector_id;site_id;trp_id;link_id;carrier_id;bwp_id;numerology;scs_khz;bandwidth_hz;center_frequency_hz;duplex_mode;beam_id;layer_id;codeword_id;harq_process_id;rv;channel_name;signal_name;block_name;function_name;stage_name;metric_name;metric_value;metric_unit;artifact_id;git_sha;build_id;config_hash;seed;source_system;source_db;source_schema;source_table;source_pk;na_reason;formula_id;formula;valid_sample_count;missing_sample_count;baseline_run_id;candidate_run_id;dl_tx_power_dbm;ul_tx_power_dbm;power_control_command;pa_backoff_db;rf_chain_power_w;digital_baseband_power_w;cpu_power_w;memory_bandwidth_bytes_s;memory_utilization;ComputeLatency_ms;DecodeLatency_ms;AirInterfaceTTI_ms;AirInterfaceObservation_ms;ProcedureDelay_ms;Latency_ms;cpu_cycles;memory_bytes;queue_depth;lock_wait_ms;contention_count;AreaEfficiencyProxy;PAPR_dB;PeakClippingEvents;energy_per_bit_j;joules_per_gb;cell_energy_efficiency;ue_energy_efficiency;sleep_state;thermal_state;throttling_flag,direction;ue_id;bs_id;sfn;slot;symbol,required,derived from canonical reports fact tables and artifact manifests,table_defined,true,true,unavailable_until_canonical_artifact_or_db_view_exists,false,false,false,runtime_evidence_present_noncanonical,4,2,1,1,0,power_energy_table;energy_root_cause_table,reports/csv/output_coverage_registry.csv;reports/csv/output_coverage_registry.csv,canonical_live_table_or_view_missing_but_runtime_evidence_present
analytics,spectrum-psd-papr-analytics,Spectrum / PSD / PAPR Analytics,spectrum,table,papr_analytics,/analytics/spectrum-psd-papr-analytics/tables/papr_analytics,papr_analytics_v,analytics/csv/papr_analytics.csv,direction;ue_id;bs_id;sfn;slot;symbol;run_id;trial_id;run_uuid;run_tag;scenario_id;timestamp_utc;data_origin;status;value_role;value_source;value_status;finalized_flag;partial_row_flag;fallback_flag;placeholder_flag;config_only_flag;cell_id;sector_id;site_id;trp_id;link_id;carrier_id;bwp_id;numerology;scs_khz;bandwidth_hz;center_frequency_hz;duplex_mode;beam_id;layer_id;codeword_id;harq_process_id;rv;channel_name;signal_name;block_name;function_name;stage_name;metric_name;metric_value;metric_unit;artifact_id;git_sha;build_id;config_hash;seed;source_system;source_db;source_schema;source_table;source_pk;na_reason;formula_id;formula;valid_sample_count;missing_sample_count;baseline_run_id;candidate_run_id;dl_tx_power_dbm;ul_tx_power_dbm;power_control_command;pa_backoff_db;rf_chain_power_w;digital_baseband_power_w;cpu_power_w;memory_bandwidth_bytes_s;memory_utilization;ComputeLatency_ms;DecodeLatency_ms;AirInterfaceTTI_ms;AirInterfaceObservation_ms;ProcedureDelay_ms;Latency_ms;cpu_cycles;memory_bytes;queue_depth;lock_wait_ms;contention_count;AreaEfficiencyProxy;PAPR_dB;PeakClippingEvents;energy_per_bit_j;joules_per_gb;cell_energy_efficiency;ue_energy_efficiency;sleep_state;thermal_state;throttling_flag,direction;ue_id;bs_id;sfn;slot;symbol,required,derived from canonical reports fact tables and artifact manifests,table_defined,true,true,unavailable_until_canonical_artifact_or_db_view_exists,false,false,false,runtime_evidence_present_noncanonical,4,2,1,1,0,power_energy_table;energy_root_cause_table,reports/csv/output_coverage_registry.csv;reports/csv/output_coverage_registry.csv,canonical_live_table_or_view_missing_but_runtime_evidence_present
analytics,spectrum-psd-papr-analytics,Spectrum / PSD / PAPR Analytics,spectrum,table,clipping_analytics,/analytics/spectrum-psd-papr-analytics/tables/clipping_analytics,clipping_analytics_v,analytics/csv/clipping_analytics.csv,direction;ue_id;bs_id;sfn;slot;symbol;run_id;trial_id;run_uuid;run_tag;scenario_id;timestamp_utc;data_origin;status;value_role;value_source;value_status;finalized_flag;partial_row_flag;fallback_flag;placeholder_flag;config_only_flag;cell_id;sector_id;site_id;trp_id;link_id;carrier_id;bwp_id;numerology;scs_khz;bandwidth_hz;center_frequency_hz;duplex_mode;beam_id;layer_id;codeword_id;harq_process_id;rv;channel_name;signal_name;block_name;function_name;stage_name;metric_name;metric_value;metric_unit;artifact_id;git_sha;build_id;config_hash;seed;source_system;source_db;source_schema;source_table;source_pk;na_reason;formula_id;formula;valid_sample_count;missing_sample_count;baseline_run_id;candidate_run_id;dl_tx_power_dbm;ul_tx_power_dbm;power_control_command;pa_backoff_db;rf_chain_power_w;digital_baseband_power_w;cpu_power_w;memory_bandwidth_bytes_s;memory_utilization;ComputeLatency_ms;DecodeLatency_ms;AirInterfaceTTI_ms;AirInterfaceObservation_ms;ProcedureDelay_ms;Latency_ms;cpu_cycles;memory_bytes;queue_depth;lock_wait_ms;contention_count;AreaEfficiencyProxy;PAPR_dB;PeakClippingEvents;energy_per_bit_j;joules_per_gb;cell_energy_efficiency;ue_energy_efficiency;sleep_state;thermal_state;throttling_flag,direction;ue_id;bs_id;sfn;slot;symbol,required,derived from canonical reports fact tables and artifact manifests,table_defined,true,true,unavailable_until_canonical_artifact_or_db_view_exists,false,false,false,runtime_evidence_present_noncanonical,4,2,1,1,0,power_energy_table;energy_root_cause_table,reports/csv/output_coverage_registry.csv;reports/csv/output_coverage_registry.csv,canonical_live_table_or_view_missing_but_runtime_evidence_present
analytics,constellation-evm-analytics,Constellation / EVM Analytics,constellation,table,constellation_analytics,/analytics/constellation-evm-analytics/tables/constellation_analytics,constellation_analytics_v,analytics/csv/constellation_analytics.csv,direction;ue_id;bs_id;sfn;slot;symbol;run_id;trial_id;run_uuid;run_tag;scenario_id;timestamp_utc;data_origin;status;value_role;value_source;value_status;finalized_flag;partial_row_flag;fallback_flag;placeholder_flag;config_only_flag;cell_id;sector_id;site_id;trp_id;link_id;carrier_id;bwp_id;numerology;scs_khz;bandwidth_hz;center_frequency_hz;duplex_mode;beam_id;layer_id;codeword_id;harq_process_id;rv;channel_name;signal_name;block_name;function_name;stage_name;metric_name;metric_value;metric_unit;artifact_id;git_sha;build_id;config_hash;seed;source_system;source_db;source_schema;source_table;source_pk;na_reason;formula_id;formula;valid_sample_count;missing_sample_count;baseline_run_id;candidate_run_id;ul_iq_artifact_id;dmrs_sequence_id;channel_estimator_type;channel_estimate_artifact_id;timing_advance_estimate;timing_advance_compensation_flag;equalizer_type;phase_noise_estimation_flag;phase_noise_compensation_flag;re_demapping_state;layer_demapping_state;demapper_type;descrambling_id;uci_on_pusch_present;uci_on_pusch_decode_status;NumCodeBlocks;decoder_iterations;harq_combining_enabled;harq_combining_gain_db;cb_crc_pass_count;cb_crc_fail_count;tb_crc_pass_flag;mac_payload_bits;mac_payload_artifact_id;LLRMeanAbs;LLRStdAbs;LLRImbalance;stage_latency_ms;stage_status,direction;ue_id;bs_id;sfn;slot;symbol,required,derived from canonical reports fact tables and artifact manifests,table_defined,true,true,unavailable_until_canonical_artifact_or_db_view_exists,false,false,false,runtime_partial_evidence_present_noncanonical,2,0,1,1,0,constellation_plot,reports/csv/output_coverage_registry.csv,canonical_live_table_or_view_missing_but_runtime_evidence_present
analytics,constellation-evm-analytics,Constellation / EVM Analytics,constellation,table,evm_analytics,/analytics/constellation-evm-analytics/tables/evm_analytics,evm_analytics_v,analytics/csv/evm_analytics.csv,direction;ue_id;bs_id;sfn;slot;symbol;run_id;trial_id;run_uuid;run_tag;scenario_id;timestamp_utc;data_origin;status;value_role;value_source;value_status;finalized_flag;partial_row_flag;fallback_flag;placeholder_flag;config_only_flag;cell_id;sector_id;site_id;trp_id;link_id;carrier_id;bwp_id;numerology;scs_khz;bandwidth_hz;center_frequency_hz;duplex_mode;beam_id;layer_id;codeword_id;harq_process_id;rv;channel_name;signal_name;block_name;function_name;stage_name;metric_name;metric_value;metric_unit;artifact_id;git_sha;build_id;config_hash;seed;source_system;source_db;source_schema;source_table;source_pk;na_reason;formula_id;formula;valid_sample_count;missing_sample_count;baseline_run_id;candidate_run_id;ul_iq_artifact_id;dmrs_sequence_id;channel_estimator_type;channel_estimate_artifact_id;timing_advance_estimate;timing_advance_compensation_flag;equalizer_type;phase_noise_estimation_flag;phase_noise_compensation_flag;re_demapping_state;layer_demapping_state;demapper_type;descrambling_id;uci_on_pusch_present;uci_on_pusch_decode_status;NumCodeBlocks;decoder_iterations;harq_combining_enabled;harq_combining_gain_db;cb_crc_pass_count;cb_crc_fail_count;tb_crc_pass_flag;mac_payload_bits;mac_payload_artifact_id;LLRMeanAbs;LLRStdAbs;LLRImbalance;stage_latency_ms;stage_status,direction;ue_id;bs_id;sfn;slot;symbol,required,derived from canonical reports fact tables and artifact manifests,table_defined,true,true,unavailable_until_canonical_artifact_or_db_view_exists,false,false,false,runtime_partial_evidence_present_noncanonical,2,0,1,1,0,constellation_plot,reports/csv/output_coverage_registry.csv,canonical_live_table_or_view_missing_but_runtime_evidence_present
analytics,resource-grid-re-occupancy-analytics,Resource Grid / RE Occupancy Analytics,resource_grid,table,resource_grid_analytics,/analytics/resource-grid-re-occupancy-analytics/tables/resource_grid_analytics,resource_grid_analytics_v,analytics/csv/resource_grid_analytics.csv,direction;ue_id;bs_id;sfn;slot;symbol;run_id;trial_id;run_uuid;run_tag;scenario_id;timestamp_utc;data_origin;status;value_role;value_source;value_status;finalized_flag;partial_row_flag;fallback_flag;placeholder_flag;config_only_flag;cell_id;sector_id;site_id;trp_id;link_id;carrier_id;bwp_id;numerology;scs_khz;bandwidth_hz;center_frequency_hz;duplex_mode;beam_id;layer_id;codeword_id;harq_process_id;rv;channel_name;signal_name;block_name;function_name;stage_name;metric_name;metric_value;metric_unit;artifact_id;git_sha;build_id;config_hash;seed;source_system;source_db;source_schema;source_table;source_pk;na_reason;formula_id;formula;valid_sample_count;missing_sample_count;baseline_run_id;candidate_run_id;Numerology_mu;SCS_kHz;SlotDuration_ms;SlotsPerFrame;SymbolsPerSlot;ActiveGridNumRBs;ConfiguredGridNumRBs;ActiveGridSource;ActiveDuplexMode;ConfiguredTDDPattern;ActiveTDDPattern;TDDPatternApplicable;fft_size;cp_type;cp_length;sample_rate_hz;coreset_id;search_space_id;ssb_index;prach_occasion_id;PRBStart;PRBCount;SymbolStart;NumSymbols;re_range;timing_relation_status;timing_estimate_used;use_ideal_timing_sync_flag,direction;ue_id;bs_id;sfn;slot;symbol,required,derived from canonical reports fact tables and artifact manifests,table_defined,true,true,unavailable_until_canonical_artifact_or_db_view_exists,false,false,false,runtime_evidence_present_noncanonical,3,2,0,1,0,dl_resource_grid_heatmap;ul_resource_grid_heatmap,reports/csv/output_coverage_registry.csv;reports/csv/output_coverage_registry.csv,canonical_live_table_or_view_missing_but_runtime_evidence_present
analytics,resource-grid-re-occupancy-analytics,Resource Grid / RE Occupancy Analytics,resource_grid,table,re_collision_analytics,/analytics/resource-grid-re-occupancy-analytics/tables/re_collision_analytics,re_collision_analytics_v,analytics/csv/re_collision_analytics.csv,direction;ue_id;bs_id;sfn;slot;symbol;run_id;trial_id;run_uuid;run_tag;scenario_id;timestamp_utc;data_origin;status;value_role;value_source;value_status;finalized_flag;partial_row_flag;fallback_flag;placeholder_flag;config_only_flag;cell_id;sector_id;site_id;trp_id;link_id;carrier_id;bwp_id;numerology;scs_khz;bandwidth_hz;center_frequency_hz;duplex_mode;beam_id;layer_id;codeword_id;harq_process_id;rv;channel_name;signal_name;block_name;function_name;stage_name;metric_name;metric_value;metric_unit;artifact_id;git_sha;build_id;config_hash;seed;source_system;source_db;source_schema;source_table;source_pk;na_reason;formula_id;formula;valid_sample_count;missing_sample_count;baseline_run_id;candidate_run_id;Numerology_mu;SCS_kHz;SlotDuration_ms;SlotsPerFrame;SymbolsPerSlot;ActiveGridNumRBs;ConfiguredGridNumRBs;ActiveGridSource;ActiveDuplexMode;ConfiguredTDDPattern;ActiveTDDPattern;TDDPatternApplicable;fft_size;cp_type;cp_length;sample_rate_hz;coreset_id;search_space_id;ssb_index;prach_occasion_id;PRBStart;PRBCount;SymbolStart;NumSymbols;re_range;timing_relation_status;timing_estimate_used;use_ideal_timing_sync_flag,direction;ue_id;bs_id;sfn;slot;symbol,required,derived from canonical reports fact tables and artifact manifests,table_defined,true,true,unavailable_until_canonical_artifact_or_db_view_exists,false,false,false,runtime_evidence_present_noncanonical,3,2,0,1,0,dl_resource_grid_heatmap;ul_resource_grid_heatmap,reports/csv/output_coverage_registry.csv;reports/csv/output_coverage_registry.csv,canonical_live_table_or_view_missing_but_runtime_evidence_present
analytics,channel-estimation-propagation-analytics,Channel Estimation / Propagation Analytics,channel,table,channel_estimation_analytics,/analytics/channel-estimation-propagation-analytics/tables/channel_estimation_analytics,channel_estimation_analytics_v,analytics/csv/channel_estimation_analytics.csv,direction;ue_id;bs_id;sfn;slot;symbol;run_id;trial_id;run_uuid;run_tag;scenario_id;timestamp_utc;data_origin;status;value_role;value_source;value_status;finalized_flag;partial_row_flag;fallback_flag;placeholder_flag;config_only_flag;cell_id;sector_id;site_id;trp_id;link_id;carrier_id;bwp_id;numerology;scs_khz;bandwidth_hz;center_frequency_hz;duplex_mode;beam_id;layer_id;codeword_id;harq_process_id;rv;channel_name;signal_name;block_name;function_name;stage_name;metric_name;metric_value;metric_unit;artifact_id;git_sha;build_id;config_hash;seed;source_system;source_db;source_schema;source_table;source_pk;na_reason;formula_id;formula;valid_sample_count;missing_sample_count;baseline_run_id;candidate_run_id;ChannelModel;RequestedChannelModel;ObservedChannelModel;serving_interferer_role;pathloss_db;shadowing_db;o2i_db;delay_spread;angle_spread;DopplerHz;DopplerSourceMode;DopplerValueRole;EstimatedDopplerHz;DopplerError_Hz;InjectedCFO_Hz;TrueCFO_Hz;EstimatedCFO_PreCorrection_Hz;EstimatedCFO_Hz;ResidualCFO_PostCorrection_Hz;CFOError_Hz;true_timing_offset;estimated_timing_offset;residual_timing_offset;phase_tracking_error;phase_noise;iq_imbalance;pa_nonlinearity;clipping;quantization;InterferenceMode;ResidualInterferencePower_dB;InterferenceContributorCount;InterferenceAggregatedRxPower_dBm;InterferencePowerSource;FullInterfererChannelTruthUsed;ChannelAgingLoss_dB;InterpolationLoss_dB;MismatchSensitivity_dB;channel_tensor_artifact_id;interferer_waveform_artifact_id;impairment_order_trace;stage_latency_ms;stage_status,direction;ue_id;bs_id;sfn;slot;symbol,required,derived from canonical reports fact tables and artifact manifests,table_defined,true,true,unavailable_until_canonical_artifact_or_db_view_exists,false,false,false,runtime_partial_evidence_present_noncanonical,8,0,5,3,0,table_channel_summary;table_noise_interference;table_link_budget;interference_waterfall_plot;root_cause_candidate_table,reports/csv/output_coverage_registry.csv;reports/csv/output_coverage_registry.csv;reports/csv/output_coverage_registry.csv;reports/csv/output_coverage_registry.csv;reports/csv/output_coverage_registry.csv,canonical_live_table_or_view_missing_but_runtime_evidence_present
analytics,channel-estimation-propagation-analytics,Channel Estimation / Propagation Analytics,channel,table,channel_quality_analytics,/analytics/channel-estimation-propagation-analytics/tables/channel_quality_analytics,channel_quality_analytics_v,analytics/csv/channel_quality_analytics.csv,direction;ue_id;bs_id;sfn;slot;symbol;run_id;trial_id;run_uuid;run_tag;scenario_id;timestamp_utc;data_origin;status;value_role;value_source;value_status;finalized_flag;partial_row_flag;fallback_flag;placeholder_flag;config_only_flag;cell_id;sector_id;site_id;trp_id;link_id;carrier_id;bwp_id;numerology;scs_khz;bandwidth_hz;center_frequency_hz;duplex_mode;beam_id;layer_id;codeword_id;harq_process_id;rv;channel_name;signal_name;block_name;function_name;stage_name;metric_name;metric_value;metric_unit;artifact_id;git_sha;build_id;config_hash;seed;source_system;source_db;source_schema;source_table;source_pk;na_reason;formula_id;formula;valid_sample_count;missing_sample_count;baseline_run_id;candidate_run_id;ChannelModel;RequestedChannelModel;ObservedChannelModel;serving_interferer_role;pathloss_db;shadowing_db;o2i_db;delay_spread;angle_spread;DopplerHz;DopplerSourceMode;DopplerValueRole;EstimatedDopplerHz;DopplerError_Hz;InjectedCFO_Hz;TrueCFO_Hz;EstimatedCFO_PreCorrection_Hz;EstimatedCFO_Hz;ResidualCFO_PostCorrection_Hz;CFOError_Hz;true_timing_offset;estimated_timing_offset;residual_timing_offset;phase_tracking_error;phase_noise;iq_imbalance;pa_nonlinearity;clipping;quantization;InterferenceMode;ResidualInterferencePower_dB;InterferenceContributorCount;InterferenceAggregatedRxPower_dBm;InterferencePowerSource;FullInterfererChannelTruthUsed;ChannelAgingLoss_dB;InterpolationLoss_dB;MismatchSensitivity_dB;channel_tensor_artifact_id;interferer_waveform_artifact_id;impairment_order_trace;stage_latency_ms;stage_status,direction;ue_id;bs_id;sfn;slot;symbol,required,derived from canonical reports fact tables and artifact manifests,table_defined,true,true,unavailable_until_canonical_artifact_or_db_view_exists,false,false,false,runtime_partial_evidence_present_noncanonical,8,0,5,3,0,table_channel_summary;table_noise_interference;table_link_budget;interference_waterfall_plot;root_cause_candidate_table,reports/csv/output_coverage_registry.csv;reports/csv/output_coverage_registry.csv;reports/csv/output_coverage_registry.csv;reports/csv/output_coverage_registry.csv;reports/csv/output_coverage_registry.csv,canonical_live_table_or_view_missing_but_runtime_evidence_present
analytics,channel-estimation-propagation-analytics,Channel Estimation / Propagation Analytics,channel,table,propagation_analytics,/analytics/channel-estimation-propagation-analytics/tables/propagation_analytics,propagation_analytics_v,analytics/csv/propagation_analytics.csv,direction;ue_id;bs_id;sfn;slot;symbol;run_id;trial_id;run_uuid;run_tag;scenario_id;timestamp_utc;data_origin;status;value_role;value_source;value_status;finalized_flag;partial_row_flag;fallback_flag;placeholder_flag;config_only_flag;cell_id;sector_id;site_id;trp_id;link_id;carrier_id;bwp_id;numerology;scs_khz;bandwidth_hz;center_frequency_hz;duplex_mode;beam_id;layer_id;codeword_id;harq_process_id;rv;channel_name;signal_name;block_name;function_name;stage_name;metric_name;metric_value;metric_unit;artifact_id;git_sha;build_id;config_hash;seed;source_system;source_db;source_schema;source_table;source_pk;na_reason;formula_id;formula;valid_sample_count;missing_sample_count;baseline_run_id;candidate_run_id;ChannelModel;RequestedChannelModel;ObservedChannelModel;serving_interferer_role;pathloss_db;shadowing_db;o2i_db;delay_spread;angle_spread;DopplerHz;DopplerSourceMode;DopplerValueRole;EstimatedDopplerHz;DopplerError_Hz;InjectedCFO_Hz;TrueCFO_Hz;EstimatedCFO_PreCorrection_Hz;EstimatedCFO_Hz;ResidualCFO_PostCorrection_Hz;CFOError_Hz;true_timing_offset;estimated_timing_offset;residual_timing_offset;phase_tracking_error;phase_noise;iq_imbalance;pa_nonlinearity;clipping;quantization;InterferenceMode;ResidualInterferencePower_dB;InterferenceContributorCount;InterferenceAggregatedRxPower_dBm;InterferencePowerSource;FullInterfererChannelTruthUsed;ChannelAgingLoss_dB;InterpolationLoss_dB;MismatchSensitivity_dB;channel_tensor_artifact_id;interferer_waveform_artifact_id;impairment_order_trace;stage_latency_ms;stage_status,direction;ue_id;bs_id;sfn;slot;symbol,required,derived from canonical reports fact tables and artifact manifests,table_defined,true,true,unavailable_until_canonical_artifact_or_db_view_exists,false,false,false,runtime_partial_evidence_present_noncanonical,8,0,5,3,0,table_channel_summary;table_noise_interference;table_link_budget;interference_waterfall_plot;root_cause_candidate_table,reports/csv/output_coverage_registry.csv;reports/csv/output_coverage_registry.csv;reports/csv/output_coverage_registry.csv;reports/csv/output_coverage_registry.csv;reports/csv/output_coverage_registry.csv,canonical_live_table_or_view_missing_but_runtime_evidence_present
analytics,detection-control-analytics,Detection / Control Analytics,control,table,detection_analytics,/analytics/detection-control-analytics/tables/detection_analytics,detection_analytics_v,analytics/csv/detection_analytics.csv,direction;ue_id;bs_id;sfn;slot;symbol;run_id;trial_id;run_uuid;run_tag;scenario_id;timestamp_utc;data_origin;status;value_role;value_source;value_status;finalized_flag;partial_row_flag;fallback_flag;placeholder_flag;config_only_flag;cell_id;sector_id;site_id;trp_id;link_id;carrier_id;bwp_id;numerology;scs_khz;bandwidth_hz;center_frequency_hz;duplex_mode;beam_id;layer_id;codeword_id;harq_process_id;rv;channel_name;signal_name;block_name;function_name;stage_name;metric_name;metric_value;metric_unit;artifact_id;git_sha;build_id;config_hash;seed;source_system;source_db;source_schema;source_table;source_pk;na_reason;formula_id;formula;valid_sample_count;missing_sample_count;baseline_run_id;candidate_run_id;payload_bits;payload_length_bits;crc_length_bits;polar_K;polar_E;polar_N;scrambling_id;qam_order;coreset_id;search_space_id;cce_start;aggregation_level;mapped_re_count;dmrs_re_count;iq_artifact_id;stage_latency_ms;stage_status,direction;ue_id;bs_id;sfn;slot;symbol,required,derived from canonical reports fact tables and artifact manifests,table_defined,true,true,unavailable_until_canonical_artifact_or_db_view_exists,false,false,false,runtime_evidence_present_noncanonical,31,13,7,11,0,pdcch_dci_table;ssb_pbch_table;csi_rs_table;prach_table;pucch_table,reports/csv/output_coverage_registry.csv;reports/csv/output_coverage_registry.csv;reports/csv/output_coverage_registry.csv;reports/csv/output_coverage_registry.csv;reports/csv/output_coverage_registry.csv,canonical_live_table_or_view_missing_but_runtime_evidence_present
analytics,detection-control-analytics,Detection / Control Analytics,control,table,control_decode_analytics,/analytics/detection-control-analytics/tables/control_decode_analytics,control_decode_analytics_v,analytics/csv/control_decode_analytics.csv,direction;ue_id;bs_id;sfn;slot;symbol;run_id;trial_id;run_uuid;run_tag;scenario_id;timestamp_utc;data_origin;status;value_role;value_source;value_status;finalized_flag;partial_row_flag;fallback_flag;placeholder_flag;config_only_flag;cell_id;sector_id;site_id;trp_id;link_id;carrier_id;bwp_id;numerology;scs_khz;bandwidth_hz;center_frequency_hz;duplex_mode;beam_id;layer_id;codeword_id;harq_process_id;rv;channel_name;signal_name;block_name;function_name;stage_name;metric_name;metric_value;metric_unit;artifact_id;git_sha;build_id;config_hash;seed;source_system;source_db;source_schema;source_table;source_pk;na_reason;formula_id;formula;valid_sample_count;missing_sample_count;baseline_run_id;candidate_run_id;payload_bits;payload_length_bits;crc_length_bits;polar_K;polar_E;polar_N;scrambling_id;qam_order;coreset_id;search_space_id;cce_start;aggregation_level;mapped_re_count;dmrs_re_count;iq_artifact_id;stage_latency_ms;stage_status,direction;ue_id;bs_id;sfn;slot;symbol,required,derived from canonical reports fact tables and artifact manifests,table_defined,true,true,unavailable_until_canonical_artifact_or_db_view_exists,false,false,false,runtime_evidence_present_noncanonical,31,13,7,11,0,pdcch_dci_table;ssb_pbch_table;csi_rs_table;prach_table;pucch_table,reports/csv/output_coverage_registry.csv;reports/csv/output_coverage_registry.csv;reports/csv/output_coverage_registry.csv;reports/csv/output_coverage_registry.csv;reports/csv/output_coverage_registry.csv,canonical_live_table_or_view_missing_but_runtime_evidence_present
analytics,detection-control-analytics,Detection / Control Analytics,control,table,random_access_detection_analytics,/analytics/detection-control-analytics/tables/random_access_detection_analytics,random_access_detection_analytics_v,analytics/csv/random_access_detection_analytics.csv,direction;ue_id;bs_id;sfn;slot;symbol;run_id;trial_id;run_uuid;run_tag;scenario_id;timestamp_utc;data_origin;status;value_role;value_source;value_status;finalized_flag;partial_row_flag;fallback_flag;placeholder_flag;config_only_flag;cell_id;sector_id;site_id;trp_id;link_id;carrier_id;bwp_id;numerology;scs_khz;bandwidth_hz;center_frequency_hz;duplex_mode;beam_id;layer_id;codeword_id;harq_process_id;rv;channel_name;signal_name;block_name;function_name;stage_name;metric_name;metric_value;metric_unit;artifact_id;git_sha;build_id;config_hash;seed;source_system;source_db;source_schema;source_table;source_pk;na_reason;formula_id;formula;valid_sample_count;missing_sample_count;baseline_run_id;candidate_run_id;payload_bits;payload_length_bits;crc_length_bits;polar_K;polar_E;polar_N;scrambling_id;qam_order;coreset_id;search_space_id;cce_start;aggregation_level;mapped_re_count;dmrs_re_count;iq_artifact_id;stage_latency_ms;stage_status,direction;ue_id;bs_id;sfn;slot;symbol,required,derived from canonical reports fact tables and artifact manifests,table_defined,true,true,unavailable_until_canonical_artifact_or_db_view_exists,false,false,false,runtime_evidence_present_noncanonical,31,13,7,11,0,pdcch_dci_table;ssb_pbch_table;csi_rs_table;prach_table;pucch_table,reports/csv/output_coverage_registry.csv;reports/csv/output_coverage_registry.csv;reports/csv/output_coverage_registry.csv;reports/csv/output_coverage_registry.csv;reports/csv/output_coverage_registry.csv,canonical_live_table_or_view_missing_but_runtime_evidence_present
analytics,error-reliability-analytics,Error / Reliability Analytics,reliability,table,error_rate_analytics,/analytics/error-reliability-analytics/tables/error_rate_analytics,error_rate_analytics_v,analytics/csv/error_rate_analytics.csv,direction;ue_id;bs_id;sfn;slot;symbol;run_id;trial_id;run_uuid;run_tag;scenario_id;timestamp_utc;data_origin;status;value_role;value_source;value_status;finalized_flag;partial_row_flag;fallback_flag;placeholder_flag;config_only_flag;cell_id;sector_id;site_id;trp_id;link_id;carrier_id;bwp_id;numerology;scs_khz;bandwidth_hz;center_frequency_hz;duplex_mode;beam_id;layer_id;codeword_id;harq_process_id;rv;channel_name;signal_name;block_name;function_name;stage_name;metric_name;metric_value;metric_unit;artifact_id;git_sha;build_id;config_hash;seed;source_system;source_db;source_schema;source_table;source_pk;na_reason;formula_id;formula;valid_sample_count;missing_sample_count;baseline_run_id;candidate_run_id;new_tx_or_retx;retransmission_attempt_count;crc_result;ack_nack;combining_enabled_flag;combining_gain_db;residual_bler_estimate;soft_buffer_id;soft_buffer_bytes;harq_rtt_ms;harq_state;error_reason;tb_id,direction;ue_id;bs_id;sfn;slot;symbol,required,derived from canonical reports fact tables and artifact manifests,table_defined,true,true,unavailable_until_canonical_artifact_or_db_view_exists,false,false,false,runtime_evidence_present_noncanonical,4,2,2,0,0,table_dl_transport_block;table_ul_transport_block,reports/csv/output_coverage_registry.csv;reports/csv/output_coverage_registry.csv,canonical_live_table_or_view_missing_but_runtime_evidence_present
analytics,error-reliability-analytics,Error / Reliability Analytics,reliability,table,decoder_analytics,/analytics/error-reliability-analytics/tables/decoder_analytics,decoder_analytics_v,analytics/csv/decoder_analytics.csv,direction;ue_id;bs_id;sfn;slot;symbol;run_id;trial_id;run_uuid;run_tag;scenario_id;timestamp_utc;data_origin;status;value_role;value_source;value_status;finalized_flag;partial_row_flag;fallback_flag;placeholder_flag;config_only_flag;cell_id;sector_id;site_id;trp_id;link_id;carrier_id;bwp_id;numerology;scs_khz;bandwidth_hz;center_frequency_hz;duplex_mode;beam_id;layer_id;codeword_id;harq_process_id;rv;channel_name;signal_name;block_name;function_name;stage_name;metric_name;metric_value;metric_unit;artifact_id;git_sha;build_id;config_hash;seed;source_system;source_db;source_schema;source_table;source_pk;na_reason;formula_id;formula;valid_sample_count;missing_sample_count;baseline_run_id;candidate_run_id;new_tx_or_retx;retransmission_attempt_count;crc_result;ack_nack;combining_enabled_flag;combining_gain_db;residual_bler_estimate;soft_buffer_id;soft_buffer_bytes;harq_rtt_ms;harq_state;error_reason;tb_id,direction;ue_id;bs_id;sfn;slot;symbol,required,derived from canonical reports fact tables and artifact manifests,table_defined,true,true,unavailable_until_canonical_artifact_or_db_view_exists,false,false,false,runtime_evidence_present_noncanonical,4,2,2,0,0,table_dl_transport_block;table_ul_transport_block,reports/csv/output_coverage_registry.csv;reports/csv/output_coverage_registry.csv,canonical_live_table_or_view_missing_but_runtime_evidence_present
analytics,error-reliability-analytics,Error / Reliability Analytics,reliability,table,codeblock_analytics,/analytics/error-reliability-analytics/tables/codeblock_analytics,codeblock_analytics_v,analytics/csv/codeblock_analytics.csv,direction;ue_id;bs_id;sfn;slot;symbol;run_id;trial_id;run_uuid;run_tag;scenario_id;timestamp_utc;data_origin;status;value_role;value_source;value_status;finalized_flag;partial_row_flag;fallback_flag;placeholder_flag;config_only_flag;cell_id;sector_id;site_id;trp_id;link_id;carrier_id;bwp_id;numerology;scs_khz;bandwidth_hz;center_frequency_hz;duplex_mode;beam_id;layer_id;codeword_id;harq_process_id;rv;channel_name;signal_name;block_name;function_name;stage_name;metric_name;metric_value;metric_unit;artifact_id;git_sha;build_id;config_hash;seed;source_system;source_db;source_schema;source_table;source_pk;na_reason;formula_id;formula;valid_sample_count;missing_sample_count;baseline_run_id;candidate_run_id;new_tx_or_retx;retransmission_attempt_count;crc_result;ack_nack;combining_enabled_flag;combining_gain_db;residual_bler_estimate;soft_buffer_id;soft_buffer_bytes;harq_rtt_ms;harq_state;error_reason;tb_id,direction;ue_id;bs_id;sfn;slot;symbol,required,derived from canonical reports fact tables and artifact manifests,table_defined,true,true,unavailable_until_canonical_artifact_or_db_view_exists,false,false,false,runtime_evidence_present_noncanonical,4,2,2,0,0,table_dl_transport_block;table_ul_transport_block,reports/csv/output_coverage_registry.csv;reports/csv/output_coverage_registry.csv,canonical_live_table_or_view_missing_but_runtime_evidence_present
analytics,throughput-goodput-spectral-efficiency-analytics,Throughput / Goodput / Spectral Efficiency Analytics,throughput,table,throughput_analytics,/analytics/throughput-goodput-spectral-efficiency-analytics/tables/throughput_analytics,throughput_analytics_v,analytics/csv/throughput_analytics.csv,direction;ue_id;bs_id;sfn;slot;symbol;run_id;trial_id;run_uuid;run_tag;scenario_id;timestamp_utc;data_origin;status;value_role;value_source;value_status;finalized_flag;partial_row_flag;fallback_flag;placeholder_flag;config_only_flag;cell_id;sector_id;site_id;trp_id;link_id;carrier_id;bwp_id;numerology;scs_khz;bandwidth_hz;center_frequency_hz;duplex_mode;beam_id;layer_id;codeword_id;harq_process_id;rv;channel_name;signal_name;block_name;function_name;stage_name;metric_name;metric_value;metric_unit;artifact_id;git_sha;build_id;config_hash;seed;source_system;source_db;source_schema;source_table;source_pk;na_reason;formula_id;formula;valid_sample_count;missing_sample_count;baseline_run_id;candidate_run_id;scheduler_name;scheduler_policy;scheduler_cycle_id;GrantContextId;grant_id;GrantReason;IsRetransmission;HarqID;NDI;RV;PRBStart;PRBCount;AllocatedPRBCount;SymbolStart;NumSymbols;TBSBits;TBSBytes;MCSIndex;Modulation;TargetCodeRate;ActualMCSSelectionMode;CQISource;WidebandCQI;CQIDerivedMCS;CQIDerivedModulation;CQIDerivedTargetCodeRate;RIUsed;PMI;CRI;RankIndicator;RankEstimate;QueueBytesBefore;QueueBytesAfter;queue_packets;HOLDelay_ms;logical_channel_id;qos_class;delay_budget_ms;bsr_amount;sr_state;phr_db;power_control_command;ControlEligible;ControlDecodeOk;GrantControlState;WorkerID;HostThreadID;CoordinatorState;CommitMode;GrantWorkerSafe;GrantSharedStateCommitMode,direction;ue_id;bs_id;sfn;slot;symbol,required,derived from canonical reports fact tables and artifact manifests,table_defined,true,true,unavailable_until_canonical_artifact_or_db_view_exists,false,false,false,runtime_evidence_present_noncanonical,6,5,1,0,0,table_scheduler_decision;live_prb_allocation;table_latency;latency_cdf_plot;latency_root_cause_table,reports/csv/output_coverage_registry.csv;reports/csv/output_coverage_registry.csv;reports/csv/output_coverage_registry.csv;reports/csv/output_coverage_registry.csv;reports/csv/output_coverage_registry.csv,canonical_live_table_or_view_missing_but_runtime_evidence_present
analytics,throughput-goodput-spectral-efficiency-analytics,Throughput / Goodput / Spectral Efficiency Analytics,throughput,table,goodput_analytics,/analytics/throughput-goodput-spectral-efficiency-analytics/tables/goodput_analytics,goodput_analytics_v,analytics/csv/goodput_analytics.csv,direction;ue_id;bs_id;sfn;slot;symbol;run_id;trial_id;run_uuid;run_tag;scenario_id;timestamp_utc;data_origin;status;value_role;value_source;value_status;finalized_flag;partial_row_flag;fallback_flag;placeholder_flag;config_only_flag;cell_id;sector_id;site_id;trp_id;link_id;carrier_id;bwp_id;numerology;scs_khz;bandwidth_hz;center_frequency_hz;duplex_mode;beam_id;layer_id;codeword_id;harq_process_id;rv;channel_name;signal_name;block_name;function_name;stage_name;metric_name;metric_value;metric_unit;artifact_id;git_sha;build_id;config_hash;seed;source_system;source_db;source_schema;source_table;source_pk;na_reason;formula_id;formula;valid_sample_count;missing_sample_count;baseline_run_id;candidate_run_id;scheduler_name;scheduler_policy;scheduler_cycle_id;GrantContextId;grant_id;GrantReason;IsRetransmission;HarqID;NDI;RV;PRBStart;PRBCount;AllocatedPRBCount;SymbolStart;NumSymbols;TBSBits;TBSBytes;MCSIndex;Modulation;TargetCodeRate;ActualMCSSelectionMode;CQISource;WidebandCQI;CQIDerivedMCS;CQIDerivedModulation;CQIDerivedTargetCodeRate;RIUsed;PMI;CRI;RankIndicator;RankEstimate;QueueBytesBefore;QueueBytesAfter;queue_packets;HOLDelay_ms;logical_channel_id;qos_class;delay_budget_ms;bsr_amount;sr_state;phr_db;power_control_command;ControlEligible;ControlDecodeOk;GrantControlState;WorkerID;HostThreadID;CoordinatorState;CommitMode;GrantWorkerSafe;GrantSharedStateCommitMode,direction;ue_id;bs_id;sfn;slot;symbol,required,derived from canonical reports fact tables and artifact manifests,table_defined,true,true,unavailable_until_canonical_artifact_or_db_view_exists,false,false,false,runtime_evidence_present_noncanonical,6,5,1,0,0,table_scheduler_decision;live_prb_allocation;table_latency;latency_cdf_plot;latency_root_cause_table,reports/csv/output_coverage_registry.csv;reports/csv/output_coverage_registry.csv;reports/csv/output_coverage_registry.csv;reports/csv/output_coverage_registry.csv;reports/csv/output_coverage_registry.csv,canonical_live_table_or_view_missing_but_runtime_evidence_present
analytics,throughput-goodput-spectral-efficiency-analytics,Throughput / Goodput / Spectral Efficiency Analytics,throughput,table,spectral_efficiency_analytics,/analytics/throughput-goodput-spectral-efficiency-analytics/tables/spectral_efficiency_analytics,spectral_efficiency_analytics_v,analytics/csv/spectral_efficiency_analytics.csv,direction;ue_id;bs_id;sfn;slot;symbol;run_id;trial_id;run_uuid;run_tag;scenario_id;timestamp_utc;data_origin;status;value_role;value_source;value_status;finalized_flag;partial_row_flag;fallback_flag;placeholder_flag;config_only_flag;cell_id;sector_id;site_id;trp_id;link_id;carrier_id;bwp_id;numerology;scs_khz;bandwidth_hz;center_frequency_hz;duplex_mode;beam_id;layer_id;codeword_id;harq_process_id;rv;channel_name;signal_name;block_name;function_name;stage_name;metric_name;metric_value;metric_unit;artifact_id;git_sha;build_id;config_hash;seed;source_system;source_db;source_schema;source_table;source_pk;na_reason;formula_id;formula;valid_sample_count;missing_sample_count;baseline_run_id;candidate_run_id;scheduler_name;scheduler_policy;scheduler_cycle_id;GrantContextId;grant_id;GrantReason;IsRetransmission;HarqID;NDI;RV;PRBStart;PRBCount;AllocatedPRBCount;SymbolStart;NumSymbols;TBSBits;TBSBytes;MCSIndex;Modulation;TargetCodeRate;ActualMCSSelectionMode;CQISource;WidebandCQI;CQIDerivedMCS;CQIDerivedModulation;CQIDerivedTargetCodeRate;RIUsed;PMI;CRI;RankIndicator;RankEstimate;QueueBytesBefore;QueueBytesAfter;queue_packets;HOLDelay_ms;logical_channel_id;qos_class;delay_budget_ms;bsr_amount;sr_state;phr_db;power_control_command;ControlEligible;ControlDecodeOk;GrantControlState;WorkerID;HostThreadID;CoordinatorState;CommitMode;GrantWorkerSafe;GrantSharedStateCommitMode,direction;ue_id;bs_id;sfn;slot;symbol,required,derived from canonical reports fact tables and artifact manifests,table_defined,true,true,unavailable_until_canonical_artifact_or_db_view_exists,false,false,false,runtime_evidence_present_noncanonical,6,5,1,0,0,table_scheduler_decision;live_prb_allocation;table_latency;latency_cdf_plot;latency_root_cause_table,reports/csv/output_coverage_registry.csv;reports/csv/output_coverage_registry.csv;reports/csv/output_coverage_registry.csv;reports/csv/output_coverage_registry.csv;reports/csv/output_coverage_registry.csv,canonical_live_table_or_view_missing_but_runtime_evidence_present
analytics,throughput-goodput-spectral-efficiency-analytics,Throughput / Goodput / Spectral Efficiency Analytics,throughput,table,fairness_analytics,/analytics/throughput-goodput-spectral-efficiency-analytics/tables/fairness_analytics,fairness_analytics_v,analytics/csv/fairness_analytics.csv,direction;ue_id;bs_id;sfn;slot;symbol;run_id;trial_id;run_uuid;run_tag;scenario_id;timestamp_utc;data_origin;status;value_role;value_source;value_status;finalized_flag;partial_row_flag;fallback_flag;placeholder_flag;config_only_flag;cell_id;sector_id;site_id;trp_id;link_id;carrier_id;bwp_id;numerology;scs_khz;bandwidth_hz;center_frequency_hz;duplex_mode;beam_id;layer_id;codeword_id;harq_process_id;rv;channel_name;signal_name;block_name;function_name;stage_name;metric_name;metric_value;metric_unit;artifact_id;git_sha;build_id;config_hash;seed;source_system;source_db;source_schema;source_table;source_pk;na_reason;formula_id;formula;valid_sample_count;missing_sample_count;baseline_run_id;candidate_run_id;scheduler_name;scheduler_policy;scheduler_cycle_id;GrantContextId;grant_id;GrantReason;IsRetransmission;HarqID;NDI;RV;PRBStart;PRBCount;AllocatedPRBCount;SymbolStart;NumSymbols;TBSBits;TBSBytes;MCSIndex;Modulation;TargetCodeRate;ActualMCSSelectionMode;CQISource;WidebandCQI;CQIDerivedMCS;CQIDerivedModulation;CQIDerivedTargetCodeRate;RIUsed;PMI;CRI;RankIndicator;RankEstimate;QueueBytesBefore;QueueBytesAfter;queue_packets;HOLDelay_ms;logical_channel_id;qos_class;delay_budget_ms;bsr_amount;sr_state;phr_db;power_control_command;ControlEligible;ControlDecodeOk;GrantControlState;WorkerID;HostThreadID;CoordinatorState;CommitMode;GrantWorkerSafe;GrantSharedStateCommitMode,direction;ue_id;bs_id;sfn;slot;symbol,required,derived from canonical reports fact tables and artifact manifests,table_defined,true,true,unavailable_until_canonical_artifact_or_db_view_exists,false,false,false,runtime_evidence_present_noncanonical,6,5,1,0,0,table_scheduler_decision;live_prb_allocation;table_latency;latency_cdf_plot;latency_root_cause_table,reports/csv/output_coverage_registry.csv;reports/csv/output_coverage_registry.csv;reports/csv/output_coverage_registry.csv;reports/csv/output_coverage_registry.csv;reports/csv/output_coverage_registry.csv,canonical_live_table_or_view_missing_but_runtime_evidence_present
analytics,measurement-csi-link-adaptation-analytics,Measurement / CSI / Link Adaptation Analytics,measurement,table,measurement_feedback_analytics,/analytics/measurement-csi-link-adaptation-analytics/tables/measurement_feedback_analytics,measurement_feedback_analytics_v,analytics/csv/measurement_feedback_analytics.csv,direction;ue_id;bs_id;sfn;slot;symbol;run_id;trial_id;run_uuid;run_tag;scenario_id;timestamp_utc;data_origin;status;value_role;value_source;value_status;finalized_flag;partial_row_flag;fallback_flag;placeholder_flag;config_only_flag;cell_id;sector_id;site_id;trp_id;link_id;carrier_id;bwp_id;numerology;scs_khz;bandwidth_hz;center_frequency_hz;duplex_mode;beam_id;layer_id;codeword_id;harq_process_id;rv;channel_name;signal_name;block_name;function_name;stage_name;metric_name;metric_value;metric_unit;artifact_id;git_sha;build_id;config_hash;seed;source_system;source_db;source_schema;source_table;source_pk;na_reason;formula_id;formula;valid_sample_count;missing_sample_count;baseline_run_id;candidate_run_id;ConfiguredSNR_dB;ConfiguredSNRSource;SNRValueRole;AppliedAWGNSNR_dB;MeasuredTrialSINR_dB;MeasuredTrialSINRSource;EstimatedWidebandSINR_dB;MeasuredWidebandSINR_dB;LargeScaleWidebandSINR_dB;LargeScaleSINR_dB;LargeScaleSINRSource;ServingRSRP_dBm;ServingRSRPSource;RSRP_dBm;RSRPSource;CSI_RSRP_dB;CSI_RSRPSource;AppliedLargeScaleGain_dB;AppliedLargeScaleGainSource;WidebandCQI;PMI;RI;CRI;SSBRI;RankEstimate;measurement_window_id;filter_id;report_trigger_reason;report_status,direction;ue_id;bs_id;sfn;slot;symbol,required,derived from canonical reports fact tables and artifact manifests,table_defined,true,true,unavailable_until_canonical_artifact_or_db_view_exists,false,false,false,runtime_evidence_present_noncanonical,4,3,1,0,0,table_cqi_pmi_ri;table_mcs_tbs_evolution;timing_synchronization_table,reports/csv/output_coverage_registry.csv;reports/csv/output_coverage_registry.csv;reports/csv/output_coverage_registry.csv,canonical_live_table_or_view_missing_but_runtime_evidence_present
analytics,measurement-csi-link-adaptation-analytics,Measurement / CSI / Link Adaptation Analytics,measurement,table,link_adaptation_analytics,/analytics/measurement-csi-link-adaptation-analytics/tables/link_adaptation_analytics,link_adaptation_analytics_v,analytics/csv/link_adaptation_analytics.csv,direction;ue_id;bs_id;sfn;slot;symbol;run_id;trial_id;run_uuid;run_tag;scenario_id;timestamp_utc;data_origin;status;value_role;value_source;value_status;finalized_flag;partial_row_flag;fallback_flag;placeholder_flag;config_only_flag;cell_id;sector_id;site_id;trp_id;link_id;carrier_id;bwp_id;numerology;scs_khz;bandwidth_hz;center_frequency_hz;duplex_mode;beam_id;layer_id;codeword_id;harq_process_id;rv;channel_name;signal_name;block_name;function_name;stage_name;metric_name;metric_value;metric_unit;artifact_id;git_sha;build_id;config_hash;seed;source_system;source_db;source_schema;source_table;source_pk;na_reason;formula_id;formula;valid_sample_count;missing_sample_count;baseline_run_id;candidate_run_id;ConfiguredSNR_dB;ConfiguredSNRSource;SNRValueRole;AppliedAWGNSNR_dB;MeasuredTrialSINR_dB;MeasuredTrialSINRSource;EstimatedWidebandSINR_dB;MeasuredWidebandSINR_dB;LargeScaleWidebandSINR_dB;LargeScaleSINR_dB;LargeScaleSINRSource;ServingRSRP_dBm;ServingRSRPSource;RSRP_dBm;RSRPSource;CSI_RSRP_dB;CSI_RSRPSource;AppliedLargeScaleGain_dB;AppliedLargeScaleGainSource;WidebandCQI;PMI;RI;CRI;SSBRI;RankEstimate;measurement_window_id;filter_id;report_trigger_reason;report_status,direction;ue_id;bs_id;sfn;slot;symbol,required,derived from canonical reports fact tables and artifact manifests,table_defined,true,true,unavailable_until_canonical_artifact_or_db_view_exists,false,false,false,runtime_evidence_present_noncanonical,4,3,1,0,0,table_cqi_pmi_ri;table_mcs_tbs_evolution;timing_synchronization_table,reports/csv/output_coverage_registry.csv;reports/csv/output_coverage_registry.csv;reports/csv/output_coverage_registry.csv,canonical_live_table_or_view_missing_but_runtime_evidence_present
analytics,measurement-csi-link-adaptation-analytics,Measurement / CSI / Link Adaptation Analytics,measurement,table,cqi_mcs_consistency_analytics,/analytics/measurement-csi-link-adaptation-analytics/tables/cqi_mcs_consistency_analytics,cqi_mcs_consistency_analytics_v,analytics/csv/cqi_mcs_consistency_analytics.csv,direction;ue_id;bs_id;sfn;slot;symbol;run_id;trial_id;run_uuid;run_tag;scenario_id;timestamp_utc;data_origin;status;value_role;value_source;value_status;finalized_flag;partial_row_flag;fallback_flag;placeholder_flag;config_only_flag;cell_id;sector_id;site_id;trp_id;link_id;carrier_id;bwp_id;numerology;scs_khz;bandwidth_hz;center_frequency_hz;duplex_mode;beam_id;layer_id;codeword_id;harq_process_id;rv;channel_name;signal_name;block_name;function_name;stage_name;metric_name;metric_value;metric_unit;artifact_id;git_sha;build_id;config_hash;seed;source_system;source_db;source_schema;source_table;source_pk;na_reason;formula_id;formula;valid_sample_count;missing_sample_count;baseline_run_id;candidate_run_id;ConfiguredSNR_dB;ConfiguredSNRSource;SNRValueRole;AppliedAWGNSNR_dB;MeasuredTrialSINR_dB;MeasuredTrialSINRSource;EstimatedWidebandSINR_dB;MeasuredWidebandSINR_dB;LargeScaleWidebandSINR_dB;LargeScaleSINR_dB;LargeScaleSINRSource;ServingRSRP_dBm;ServingRSRPSource;RSRP_dBm;RSRPSource;CSI_RSRP_dB;CSI_RSRPSource;AppliedLargeScaleGain_dB;AppliedLargeScaleGainSource;WidebandCQI;PMI;RI;CRI;SSBRI;RankEstimate;measurement_window_id;filter_id;report_trigger_reason;report_status,direction;ue_id;bs_id;sfn;slot;symbol,required,derived from canonical reports fact tables and artifact manifests,table_defined,true,true,unavailable_until_canonical_artifact_or_db_view_exists,false,false,false,runtime_evidence_present_noncanonical,4,3,1,0,0,table_cqi_pmi_ri;table_mcs_tbs_evolution;timing_synchronization_table,reports/csv/output_coverage_registry.csv;reports/csv/output_coverage_registry.csv;reports/csv/output_coverage_registry.csv,canonical_live_table_or_view_missing_but_runtime_evidence_present
analytics,harq-analytics,HARQ Analytics,harq,table,harq_analytics,/analytics/harq-analytics/tables/harq_analytics,harq_analytics_v,analytics/csv/harq_analytics.csv,direction;ue_id;bs_id;sfn;slot;symbol;run_id;trial_id;run_uuid;run_tag;scenario_id;timestamp_utc;data_origin;status;value_role;value_source;value_status;finalized_flag;partial_row_flag;fallback_flag;placeholder_flag;config_only_flag;cell_id;sector_id;site_id;trp_id;link_id;carrier_id;bwp_id;numerology;scs_khz;bandwidth_hz;center_frequency_hz;duplex_mode;beam_id;layer_id;codeword_id;harq_process_id;rv;channel_name;signal_name;block_name;function_name;stage_name;metric_name;metric_value;metric_unit;artifact_id;git_sha;build_id;config_hash;seed;source_system;source_db;source_schema;source_table;source_pk;na_reason;formula_id;formula;valid_sample_count;missing_sample_count;baseline_run_id;candidate_run_id;new_tx_or_retx;retransmission_attempt_count;crc_result;ack_nack;combining_enabled_flag;combining_gain_db;residual_bler_estimate;soft_buffer_id;soft_buffer_bytes;harq_rtt_ms;harq_state;error_reason;tb_id,direction;ue_id;bs_id;sfn;slot;symbol,required,derived from canonical reports fact tables and artifact manifests,table_defined,true,true,unavailable_until_canonical_artifact_or_db_view_exists,false,false,false,runtime_partial_evidence_present_noncanonical,2,0,2,0,0,table_harq_process;harq_timeline_plot,reports/csv/output_coverage_registry.csv;reports/csv/output_coverage_registry.csv,canonical_live_table_or_view_missing_but_runtime_evidence_present
analytics,harq-analytics,HARQ Analytics,harq,table,harq_process_analytics,/analytics/harq-analytics/tables/harq_process_analytics,harq_process_analytics_v,analytics/csv/harq_process_analytics.csv,direction;ue_id;bs_id;sfn;slot;symbol;run_id;trial_id;run_uuid;run_tag;scenario_id;timestamp_utc;data_origin;status;value_role;value_source;value_status;finalized_flag;partial_row_flag;fallback_flag;placeholder_flag;config_only_flag;cell_id;sector_id;site_id;trp_id;link_id;carrier_id;bwp_id;numerology;scs_khz;bandwidth_hz;center_frequency_hz;duplex_mode;beam_id;layer_id;codeword_id;harq_process_id;rv;channel_name;signal_name;block_name;function_name;stage_name;metric_name;metric_value;metric_unit;artifact_id;git_sha;build_id;config_hash;seed;source_system;source_db;source_schema;source_table;source_pk;na_reason;formula_id;formula;valid_sample_count;missing_sample_count;baseline_run_id;candidate_run_id;new_tx_or_retx;retransmission_attempt_count;crc_result;ack_nack;combining_enabled_flag;combining_gain_db;residual_bler_estimate;soft_buffer_id;soft_buffer_bytes;harq_rtt_ms;harq_state;error_reason;tb_id,direction;ue_id;bs_id;sfn;slot;symbol,required,derived from canonical reports fact tables and artifact manifests,table_defined,true,true,unavailable_until_canonical_artifact_or_db_view_exists,false,false,false,runtime_partial_evidence_present_noncanonical,2,0,2,0,0,table_harq_process;harq_timeline_plot,reports/csv/output_coverage_registry.csv;reports/csv/output_coverage_registry.csv,canonical_live_table_or_view_missing_but_runtime_evidence_present
analytics,harq-analytics,HARQ Analytics,harq,table,soft_buffer_analytics,/analytics/harq-analytics/tables/soft_buffer_analytics,soft_buffer_analytics_v,analytics/csv/soft_buffer_analytics.csv,direction;ue_id;bs_id;sfn;slot;symbol;run_id;trial_id;run_uuid;run_tag;scenario_id;timestamp_utc;data_origin;status;value_role;value_source;value_status;finalized_flag;partial_row_flag;fallback_flag;placeholder_flag;config_only_flag;cell_id;sector_id;site_id;trp_id;link_id;carrier_id;bwp_id;numerology;scs_khz;bandwidth_hz;center_frequency_hz;duplex_mode;beam_id;layer_id;codeword_id;harq_process_id;rv;channel_name;signal_name;block_name;function_name;stage_name;metric_name;metric_value;metric_unit;artifact_id;git_sha;build_id;config_hash;seed;source_system;source_db;source_schema;source_table;source_pk;na_reason;formula_id;formula;valid_sample_count;missing_sample_count;baseline_run_id;candidate_run_id;new_tx_or_retx;retransmission_attempt_count;crc_result;ack_nack;combining_enabled_flag;combining_gain_db;residual_bler_estimate;soft_buffer_id;soft_buffer_bytes;harq_rtt_ms;harq_state;error_reason;tb_id,direction;ue_id;bs_id;sfn;slot;symbol,required,derived from canonical reports fact tables and artifact manifests,table_defined,true,true,unavailable_until_canonical_artifact_or_db_view_exists,false,false,false,runtime_partial_evidence_present_noncanonical,2,0,2,0,0,table_harq_process;harq_timeline_plot,reports/csv/output_coverage_registry.csv;reports/csv/output_coverage_registry.csv,canonical_live_table_or_view_missing_but_runtime_evidence_present
analytics,beamforming-precoding-mimo-analytics,Beamforming / Precoding / MIMO Analytics,beam_mimo,table,beam_analytics,/analytics/beamforming-precoding-mimo-analytics/tables/beam_analytics,beam_analytics_v,analytics/csv/beam_analytics.csv,direction;ue_id;bs_id;sfn;slot;symbol;run_id;trial_id;run_uuid;run_tag;scenario_id;timestamp_utc;data_origin;status;value_role;value_source;value_status;finalized_flag;partial_row_flag;fallback_flag;placeholder_flag;config_only_flag;cell_id;sector_id;site_id;trp_id;link_id;carrier_id;bwp_id;numerology;scs_khz;bandwidth_hz;center_frequency_hz;duplex_mode;beam_id;layer_id;codeword_id;harq_process_id;rv;channel_name;signal_name;block_name;function_name;stage_name;metric_name;metric_value;metric_unit;artifact_id;git_sha;build_id;config_hash;seed;source_system;source_db;source_schema;source_table;source_pk;na_reason;formula_id;formula;valid_sample_count;missing_sample_count;baseline_run_id;candidate_run_id;ConfiguredBeamSelectionStrategy;BeamSelectionStrategy;BeamIndexSet;AppliedBeamIndexSet;SelectedBeamIndex;BestBeamIndex;BeamHit;TopKBeamHit;BeamCandidateCount;SelectedBeamGain_dB;BestBeamGain_dB;BeamGainGap_dB;PrecoderSource;PrecodingMode;PrecodingApplicationStage;PrecodingActive;BeamformingApplied;TransformPrecodingApplied;ExplicitBeamWeightsApplied;AppliedPrecoderPMI;AppliedPrecoderPMIType;AppliedPrecoderCodebookMode;PrecodingNumPorts;PrecodingNumLayers;PrecodingMatrixRows;PrecodingMatrixCols;RankEstimate;ConditionNumber_dB;user_group_id;calibration_flag;reciprocity_flag;stage_latency_ms;stage_status,direction;ue_id;bs_id;sfn;slot;symbol,required,derived from canonical reports fact tables and artifact manifests,table_defined,true,true,unavailable_until_canonical_artifact_or_db_view_exists,false,false,false,runtime_evidence_present_noncanonical,7,4,2,1,0,beam_precoder_table;beamforming_analytics_table;mimo_rank_utilization_table;rank_layer_usage_histogram,reports/csv/output_coverage_registry.csv;reports/csv/output_coverage_registry.csv;reports/csv/output_coverage_registry.csv;reports/csv/output_coverage_registry.csv,canonical_live_table_or_view_missing_but_runtime_evidence_present
analytics,beamforming-precoding-mimo-analytics,Beamforming / Precoding / MIMO Analytics,beam_mimo,table,mimo_analytics,/analytics/beamforming-precoding-mimo-analytics/tables/mimo_analytics,mimo_analytics_v,analytics/csv/mimo_analytics.csv,direction;ue_id;bs_id;sfn;slot;symbol;run_id;trial_id;run_uuid;run_tag;scenario_id;timestamp_utc;data_origin;status;value_role;value_source;value_status;finalized_flag;partial_row_flag;fallback_flag;placeholder_flag;config_only_flag;cell_id;sector_id;site_id;trp_id;link_id;carrier_id;bwp_id;numerology;scs_khz;bandwidth_hz;center_frequency_hz;duplex_mode;beam_id;layer_id;codeword_id;harq_process_id;rv;channel_name;signal_name;block_name;function_name;stage_name;metric_name;metric_value;metric_unit;artifact_id;git_sha;build_id;config_hash;seed;source_system;source_db;source_schema;source_table;source_pk;na_reason;formula_id;formula;valid_sample_count;missing_sample_count;baseline_run_id;candidate_run_id;ConfiguredBeamSelectionStrategy;BeamSelectionStrategy;BeamIndexSet;AppliedBeamIndexSet;SelectedBeamIndex;BestBeamIndex;BeamHit;TopKBeamHit;BeamCandidateCount;SelectedBeamGain_dB;BestBeamGain_dB;BeamGainGap_dB;PrecoderSource;PrecodingMode;PrecodingApplicationStage;PrecodingActive;BeamformingApplied;TransformPrecodingApplied;ExplicitBeamWeightsApplied;AppliedPrecoderPMI;AppliedPrecoderPMIType;AppliedPrecoderCodebookMode;PrecodingNumPorts;PrecodingNumLayers;PrecodingMatrixRows;PrecodingMatrixCols;RankEstimate;ConditionNumber_dB;user_group_id;calibration_flag;reciprocity_flag;stage_latency_ms;stage_status,direction;ue_id;bs_id;sfn;slot;symbol,required,derived from canonical reports fact tables and artifact manifests,table_defined,true,true,unavailable_until_canonical_artifact_or_db_view_exists,false,false,false,runtime_evidence_present_noncanonical,7,4,2,1,0,beam_precoder_table;beamforming_analytics_table;mimo_rank_utilization_table;rank_layer_usage_histogram,reports/csv/output_coverage_registry.csv;reports/csv/output_coverage_registry.csv;reports/csv/output_coverage_registry.csv;reports/csv/output_coverage_registry.csv,canonical_live_table_or_view_missing_but_runtime_evidence_present
analytics,beamforming-precoding-mimo-analytics,Beamforming / Precoding / MIMO Analytics,beam_mimo,table,user_grouping_analytics,/analytics/beamforming-precoding-mimo-analytics/tables/user_grouping_analytics,user_grouping_analytics_v,analytics/csv/user_grouping_analytics.csv,direction;ue_id;bs_id;sfn;slot;symbol;run_id;trial_id;run_uuid;run_tag;scenario_id;timestamp_utc;data_origin;status;value_role;value_source;value_status;finalized_flag;partial_row_flag;fallback_flag;placeholder_flag;config_only_flag;cell_id;sector_id;site_id;trp_id;link_id;carrier_id;bwp_id;numerology;scs_khz;bandwidth_hz;center_frequency_hz;duplex_mode;beam_id;layer_id;codeword_id;harq_process_id;rv;channel_name;signal_name;block_name;function_name;stage_name;metric_name;metric_value;metric_unit;artifact_id;git_sha;build_id;config_hash;seed;source_system;source_db;source_schema;source_table;source_pk;na_reason;formula_id;formula;valid_sample_count;missing_sample_count;baseline_run_id;candidate_run_id;ConfiguredBeamSelectionStrategy;BeamSelectionStrategy;BeamIndexSet;AppliedBeamIndexSet;SelectedBeamIndex;BestBeamIndex;BeamHit;TopKBeamHit;BeamCandidateCount;SelectedBeamGain_dB;BestBeamGain_dB;BeamGainGap_dB;PrecoderSource;PrecodingMode;PrecodingApplicationStage;PrecodingActive;BeamformingApplied;TransformPrecodingApplied;ExplicitBeamWeightsApplied;AppliedPrecoderPMI;AppliedPrecoderPMIType;AppliedPrecoderCodebookMode;PrecodingNumPorts;PrecodingNumLayers;PrecodingMatrixRows;PrecodingMatrixCols;RankEstimate;ConditionNumber_dB;user_group_id;calibration_flag;reciprocity_flag;stage_latency_ms;stage_status,direction;ue_id;bs_id;sfn;slot;symbol,required,derived from canonical reports fact tables and artifact manifests,table_defined,true,true,unavailable_until_canonical_artifact_or_db_view_exists,false,false,false,runtime_evidence_present_noncanonical,7,4,2,1,0,beam_precoder_table;beamforming_analytics_table;mimo_rank_utilization_table;rank_layer_usage_histogram,reports/csv/output_coverage_registry.csv;reports/csv/output_coverage_registry.csv;reports/csv/output_coverage_registry.csv;reports/csv/output_coverage_registry.csv,canonical_live_table_or_view_missing_but_runtime_evidence_present
analytics,beamforming-precoding-mimo-analytics,Beamforming / Precoding / MIMO Analytics,beam_mimo,table,precoder_analytics,/analytics/beamforming-precoding-mimo-analytics/tables/precoder_analytics,precoder_analytics_v,analytics/csv/precoder_analytics.csv,direction;ue_id;bs_id;sfn;slot;symbol;run_id;trial_id;run_uuid;run_tag;scenario_id;timestamp_utc;data_origin;status;value_role;value_source;value_status;finalized_flag;partial_row_flag;fallback_flag;placeholder_flag;config_only_flag;cell_id;sector_id;site_id;trp_id;link_id;carrier_id;bwp_id;numerology;scs_khz;bandwidth_hz;center_frequency_hz;duplex_mode;beam_id;layer_id;codeword_id;harq_process_id;rv;channel_name;signal_name;block_name;function_name;stage_name;metric_name;metric_value;metric_unit;artifact_id;git_sha;build_id;config_hash;seed;source_system;source_db;source_schema;source_table;source_pk;na_reason;formula_id;formula;valid_sample_count;missing_sample_count;baseline_run_id;candidate_run_id;ConfiguredBeamSelectionStrategy;BeamSelectionStrategy;BeamIndexSet;AppliedBeamIndexSet;SelectedBeamIndex;BestBeamIndex;BeamHit;TopKBeamHit;BeamCandidateCount;SelectedBeamGain_dB;BestBeamGain_dB;BeamGainGap_dB;PrecoderSource;PrecodingMode;PrecodingApplicationStage;PrecodingActive;BeamformingApplied;TransformPrecodingApplied;ExplicitBeamWeightsApplied;AppliedPrecoderPMI;AppliedPrecoderPMIType;AppliedPrecoderCodebookMode;PrecodingNumPorts;PrecodingNumLayers;PrecodingMatrixRows;PrecodingMatrixCols;RankEstimate;ConditionNumber_dB;user_group_id;calibration_flag;reciprocity_flag;stage_latency_ms;stage_status,direction;ue_id;bs_id;sfn;slot;symbol,required,derived from canonical reports fact tables and artifact manifests,table_defined,true,true,unavailable_until_canonical_artifact_or_db_view_exists,false,false,false,runtime_evidence_present_noncanonical,7,4,2,1,0,beam_precoder_table;beamforming_analytics_table;mimo_rank_utilization_table;rank_layer_usage_histogram,reports/csv/output_coverage_registry.csv;reports/csv/output_coverage_registry.csv;reports/csv/output_coverage_registry.csv;reports/csv/output_coverage_registry.csv,canonical_live_table_or_view_missing_but_runtime_evidence_present
analytics,mobility-selection-reselection-handover-analytics,Mobility / Selection / Reselection / Handover Analytics,mobility,table,mobility_analytics,/analytics/mobility-selection-reselection-handover-analytics/tables/mobility_analytics,mobility_analytics_v,analytics/csv/mobility_analytics.csv,direction;ue_id;bs_id;sfn;slot;symbol;run_id;trial_id;run_uuid;run_tag;scenario_id;timestamp_utc;data_origin;status;value_role;value_source;value_status;finalized_flag;partial_row_flag;fallback_flag;placeholder_flag;config_only_flag;cell_id;sector_id;site_id;trp_id;link_id;carrier_id;bwp_id;numerology;scs_khz;bandwidth_hz;center_frequency_hz;duplex_mode;beam_id;layer_id;codeword_id;harq_process_id;rv;channel_name;signal_name;block_name;function_name;stage_name;metric_name;metric_value;metric_unit;artifact_id;git_sha;build_id;config_hash;seed;source_system;source_db;source_schema;source_table;source_pk;na_reason;formula_id;formula;valid_sample_count;missing_sample_count;baseline_run_id;candidate_run_id;serving_cell_id;selected_beam_id;speed_mps;speed_kmh;heading_deg;acceleration_mps2;trajectory_id;waypoint_id;DopplerHz;DopplerSourceMode;DopplerValueRole;EstimatedDopplerHz;DopplerError_Hz;event_a1_flag;event_a2_flag;event_a3_flag;event_a4_flag;event_a5_flag;hysteresis_db;time_to_trigger_ms;handover_candidate_flag;selection_metric;reselection_metric;state_before;state_after;action_taken;reason;AccessState;CellAcquisitionState;control_gating_state,direction;ue_id;bs_id;sfn;slot;symbol,required,derived from canonical reports fact tables and artifact manifests,table_defined,true,true,unavailable_until_canonical_artifact_or_db_view_exists,false,false,false,runtime_evidence_present_noncanonical,5,3,1,1,0,timing_synchronization_table;anomaly_window_table;cross_layer_correlation_table,reports/csv/output_coverage_registry.csv;reports/csv/output_coverage_registry.csv;reports/csv/output_coverage_registry.csv,canonical_live_table_or_view_missing_but_runtime_evidence_present
analytics,mobility-selection-reselection-handover-analytics,Mobility / Selection / Reselection / Handover Analytics,mobility,table,selection_reselection_analytics,/analytics/mobility-selection-reselection-handover-analytics/tables/selection_reselection_analytics,selection_reselection_analytics_v,analytics/csv/selection_reselection_analytics.csv,direction;ue_id;bs_id;sfn;slot;symbol;run_id;trial_id;run_uuid;run_tag;scenario_id;timestamp_utc;data_origin;status;value_role;value_source;value_status;finalized_flag;partial_row_flag;fallback_flag;placeholder_flag;config_only_flag;cell_id;sector_id;site_id;trp_id;link_id;carrier_id;bwp_id;numerology;scs_khz;bandwidth_hz;center_frequency_hz;duplex_mode;beam_id;layer_id;codeword_id;harq_process_id;rv;channel_name;signal_name;block_name;function_name;stage_name;metric_name;metric_value;metric_unit;artifact_id;git_sha;build_id;config_hash;seed;source_system;source_db;source_schema;source_table;source_pk;na_reason;formula_id;formula;valid_sample_count;missing_sample_count;baseline_run_id;candidate_run_id;serving_cell_id;selected_beam_id;speed_mps;speed_kmh;heading_deg;acceleration_mps2;trajectory_id;waypoint_id;DopplerHz;DopplerSourceMode;DopplerValueRole;EstimatedDopplerHz;DopplerError_Hz;event_a1_flag;event_a2_flag;event_a3_flag;event_a4_flag;event_a5_flag;hysteresis_db;time_to_trigger_ms;handover_candidate_flag;selection_metric;reselection_metric;state_before;state_after;action_taken;reason;AccessState;CellAcquisitionState;control_gating_state,direction;ue_id;bs_id;sfn;slot;symbol,required,derived from canonical reports fact tables and artifact manifests,table_defined,true,true,unavailable_until_canonical_artifact_or_db_view_exists,false,false,false,runtime_evidence_present_noncanonical,5,3,1,1,0,timing_synchronization_table;anomaly_window_table;cross_layer_correlation_table,reports/csv/output_coverage_registry.csv;reports/csv/output_coverage_registry.csv;reports/csv/output_coverage_registry.csv,canonical_live_table_or_view_missing_but_runtime_evidence_present
analytics,mobility-selection-reselection-handover-analytics,Mobility / Selection / Reselection / Handover Analytics,mobility,table,handover_analytics,/analytics/mobility-selection-reselection-handover-analytics/tables/handover_analytics,handover_analytics_v,analytics/csv/handover_analytics.csv,direction;ue_id;bs_id;sfn;slot;symbol;run_id;trial_id;run_uuid;run_tag;scenario_id;timestamp_utc;data_origin;status;value_role;value_source;value_status;finalized_flag;partial_row_flag;fallback_flag;placeholder_flag;config_only_flag;cell_id;sector_id;site_id;trp_id;link_id;carrier_id;bwp_id;numerology;scs_khz;bandwidth_hz;center_frequency_hz;duplex_mode;beam_id;layer_id;codeword_id;harq_process_id;rv;channel_name;signal_name;block_name;function_name;stage_name;metric_name;metric_value;metric_unit;artifact_id;git_sha;build_id;config_hash;seed;source_system;source_db;source_schema;source_table;source_pk;na_reason;formula_id;formula;valid_sample_count;missing_sample_count;baseline_run_id;candidate_run_id;serving_cell_id;selected_beam_id;speed_mps;speed_kmh;heading_deg;acceleration_mps2;trajectory_id;waypoint_id;DopplerHz;DopplerSourceMode;DopplerValueRole;EstimatedDopplerHz;DopplerError_Hz;event_a1_flag;event_a2_flag;event_a3_flag;event_a4_flag;event_a5_flag;hysteresis_db;time_to_trigger_ms;handover_candidate_flag;selection_metric;reselection_metric;state_before;state_after;action_taken;reason;AccessState;CellAcquisitionState;control_gating_state,direction;ue_id;bs_id;sfn;slot;symbol,required,derived from canonical reports fact tables and artifact manifests,table_defined,true,true,unavailable_until_canonical_artifact_or_db_view_exists,false,false,false,runtime_evidence_present_noncanonical,5,3,1,1,0,timing_synchronization_table;anomaly_window_table;cross_layer_correlation_table,reports/csv/output_coverage_registry.csv;reports/csv/output_coverage_registry.csv;reports/csv/output_coverage_registry.csv,canonical_live_table_or_view_missing_but_runtime_evidence_present
analytics,random-access-prach-analytics,Random Access / PRACH Analytics,random_access,table,random_access_analytics,/analytics/random-access-prach-analytics/tables/random_access_analytics,random_access_analytics_v,analytics/csv/random_access_analytics.csv,direction;ue_id;bs_id;sfn;slot;symbol;run_id;trial_id;run_uuid;run_tag;scenario_id;timestamp_utc;data_origin;status;value_role;value_source;value_status;finalized_flag;partial_row_flag;fallback_flag;placeholder_flag;config_only_flag;cell_id;sector_id;site_id;trp_id;link_id;carrier_id;bwp_id;numerology;scs_khz;bandwidth_hz;center_frequency_hz;duplex_mode;beam_id;layer_id;codeword_id;harq_process_id;rv;channel_name;signal_name;block_name;function_name;stage_name;metric_name;metric_value;metric_unit;artifact_id;git_sha;build_id;config_hash;seed;source_system;source_db;source_schema;source_table;source_pk;na_reason;formula_id;formula;valid_sample_count;missing_sample_count;baseline_run_id;candidate_run_id;preamble_id;root_sequence_index;cyclic_shift;prach_format;prach_occasion_id;zc_sequence_artifact_id;correlation_artifact_id;ifft_artifact_id;power_metric;noise_floor;peak_index;peak_value;detected_flag;false_alarm_flag;missed_detection_flag;timing_advance_estimate;mac_access_state_output;stage_latency_ms;stage_status,direction;ue_id;bs_id;sfn;slot;symbol,required,derived from canonical reports fact tables and artifact manifests,table_defined,true,true,unavailable_until_canonical_artifact_or_db_view_exists,false,false,false,runtime_evidence_present_noncanonical,15,10,0,5,0,pdcch_dci_table;ssb_pbch_table;csi_rs_table;prach_table;pucch_table,reports/csv/output_coverage_registry.csv;reports/csv/output_coverage_registry.csv;reports/csv/output_coverage_registry.csv;reports/csv/output_coverage_registry.csv;reports/csv/output_coverage_registry.csv,canonical_live_table_or_view_missing_but_runtime_evidence_present
analytics,random-access-prach-analytics,Random Access / PRACH Analytics,random_access,table,prach_analytics,/analytics/random-access-prach-analytics/tables/prach_analytics,prach_analytics_v,analytics/csv/prach_analytics.csv,direction;ue_id;bs_id;sfn;slot;symbol;run_id;trial_id;run_uuid;run_tag;scenario_id;timestamp_utc;data_origin;status;value_role;value_source;value_status;finalized_flag;partial_row_flag;fallback_flag;placeholder_flag;config_only_flag;cell_id;sector_id;site_id;trp_id;link_id;carrier_id;bwp_id;numerology;scs_khz;bandwidth_hz;center_frequency_hz;duplex_mode;beam_id;layer_id;codeword_id;harq_process_id;rv;channel_name;signal_name;block_name;function_name;stage_name;metric_name;metric_value;metric_unit;artifact_id;git_sha;build_id;config_hash;seed;source_system;source_db;source_schema;source_table;source_pk;na_reason;formula_id;formula;valid_sample_count;missing_sample_count;baseline_run_id;candidate_run_id;preamble_id;root_sequence_index;cyclic_shift;prach_format;prach_occasion_id;zc_sequence_artifact_id;correlation_artifact_id;ifft_artifact_id;power_metric;noise_floor;peak_index;peak_value;detected_flag;false_alarm_flag;missed_detection_flag;timing_advance_estimate;mac_access_state_output;stage_latency_ms;stage_status,direction;ue_id;bs_id;sfn;slot;symbol,required,derived from canonical reports fact tables and artifact manifests,table_defined,true,true,unavailable_until_canonical_artifact_or_db_view_exists,false,false,false,runtime_evidence_present_noncanonical,15,10,0,5,0,pdcch_dci_table;ssb_pbch_table;csi_rs_table;prach_table;pucch_table,reports/csv/output_coverage_registry.csv;reports/csv/output_coverage_registry.csv;reports/csv/output_coverage_registry.csv;reports/csv/output_coverage_registry.csv;reports/csv/output_coverage_registry.csv,canonical_live_table_or_view_missing_but_runtime_evidence_present
analytics,impairments-tracking-analytics,Impairments / Tracking Analytics,impairments,table,impairment_analytics,/analytics/impairments-tracking-analytics/tables/impairment_analytics,impairment_analytics_v,analytics/csv/impairment_analytics.csv,direction;ue_id;bs_id;sfn;slot;symbol;run_id;trial_id;run_uuid;run_tag;scenario_id;timestamp_utc;data_origin;status;value_role;value_source;value_status;finalized_flag;partial_row_flag;fallback_flag;placeholder_flag;config_only_flag;cell_id;sector_id;site_id;trp_id;link_id;carrier_id;bwp_id;numerology;scs_khz;bandwidth_hz;center_frequency_hz;duplex_mode;beam_id;layer_id;codeword_id;harq_process_id;rv;channel_name;signal_name;block_name;function_name;stage_name;metric_name;metric_value;metric_unit;artifact_id;git_sha;build_id;config_hash;seed;source_system;source_db;source_schema;source_table;source_pk;na_reason;formula_id;formula;valid_sample_count;missing_sample_count;baseline_run_id;candidate_run_id;ChannelModel;RequestedChannelModel;ObservedChannelModel;serving_interferer_role;pathloss_db;shadowing_db;o2i_db;delay_spread;angle_spread;DopplerHz;DopplerSourceMode;DopplerValueRole;EstimatedDopplerHz;DopplerError_Hz;InjectedCFO_Hz;TrueCFO_Hz;EstimatedCFO_PreCorrection_Hz;EstimatedCFO_Hz;ResidualCFO_PostCorrection_Hz;CFOError_Hz;true_timing_offset;estimated_timing_offset;residual_timing_offset;phase_tracking_error;phase_noise;iq_imbalance;pa_nonlinearity;clipping;quantization;InterferenceMode;ResidualInterferencePower_dB;InterferenceContributorCount;InterferenceAggregatedRxPower_dBm;InterferencePowerSource;FullInterfererChannelTruthUsed;ChannelAgingLoss_dB;InterpolationLoss_dB;MismatchSensitivity_dB;channel_tensor_artifact_id;interferer_waveform_artifact_id;impairment_order_trace;stage_latency_ms;stage_status,direction;ue_id;bs_id;sfn;slot;symbol,required,derived from canonical reports fact tables and artifact manifests,table_defined,true,true,unavailable_until_canonical_artifact_or_db_view_exists,false,false,false,runtime_evidence_present_noncanonical,7,1,3,3,0,timing_synchronization_table,reports/csv/output_coverage_registry.csv,canonical_live_table_or_view_missing_but_runtime_evidence_present
analytics,impairments-tracking-analytics,Impairments / Tracking Analytics,impairments,table,tracking_analytics,/analytics/impairments-tracking-analytics/tables/tracking_analytics,tracking_analytics_v,analytics/csv/tracking_analytics.csv,direction;ue_id;bs_id;sfn;slot;symbol;run_id;trial_id;run_uuid;run_tag;scenario_id;timestamp_utc;data_origin;status;value_role;value_source;value_status;finalized_flag;partial_row_flag;fallback_flag;placeholder_flag;config_only_flag;cell_id;sector_id;site_id;trp_id;link_id;carrier_id;bwp_id;numerology;scs_khz;bandwidth_hz;center_frequency_hz;duplex_mode;beam_id;layer_id;codeword_id;harq_process_id;rv;channel_name;signal_name;block_name;function_name;stage_name;metric_name;metric_value;metric_unit;artifact_id;git_sha;build_id;config_hash;seed;source_system;source_db;source_schema;source_table;source_pk;na_reason;formula_id;formula;valid_sample_count;missing_sample_count;baseline_run_id;candidate_run_id;ChannelModel;RequestedChannelModel;ObservedChannelModel;serving_interferer_role;pathloss_db;shadowing_db;o2i_db;delay_spread;angle_spread;DopplerHz;DopplerSourceMode;DopplerValueRole;EstimatedDopplerHz;DopplerError_Hz;InjectedCFO_Hz;TrueCFO_Hz;EstimatedCFO_PreCorrection_Hz;EstimatedCFO_Hz;ResidualCFO_PostCorrection_Hz;CFOError_Hz;true_timing_offset;estimated_timing_offset;residual_timing_offset;phase_tracking_error;phase_noise;iq_imbalance;pa_nonlinearity;clipping;quantization;InterferenceMode;ResidualInterferencePower_dB;InterferenceContributorCount;InterferenceAggregatedRxPower_dBm;InterferencePowerSource;FullInterfererChannelTruthUsed;ChannelAgingLoss_dB;InterpolationLoss_dB;MismatchSensitivity_dB;channel_tensor_artifact_id;interferer_waveform_artifact_id;impairment_order_trace;stage_latency_ms;stage_status,direction;ue_id;bs_id;sfn;slot;symbol,required,derived from canonical reports fact tables and artifact manifests,table_defined,true,true,unavailable_until_canonical_artifact_or_db_view_exists,false,false,false,runtime_evidence_present_noncanonical,7,1,3,3,0,timing_synchronization_table,reports/csv/output_coverage_registry.csv,canonical_live_table_or_view_missing_but_runtime_evidence_present
analytics,power-energy-efficiency-analytics,Power / Energy / Efficiency Analytics,power_energy,table,power_analytics,/analytics/power-energy-efficiency-analytics/tables/power_analytics,power_analytics_v,analytics/csv/power_analytics.csv,direction;ue_id;bs_id;sfn;slot;symbol;run_id;trial_id;run_uuid;run_tag;scenario_id;timestamp_utc;data_origin;status;value_role;value_source;value_status;finalized_flag;partial_row_flag;fallback_flag;placeholder_flag;config_only_flag;cell_id;sector_id;site_id;trp_id;link_id;carrier_id;bwp_id;numerology;scs_khz;bandwidth_hz;center_frequency_hz;duplex_mode;beam_id;layer_id;codeword_id;harq_process_id;rv;channel_name;signal_name;block_name;function_name;stage_name;metric_name;metric_value;metric_unit;artifact_id;git_sha;build_id;config_hash;seed;source_system;source_db;source_schema;source_table;source_pk;na_reason;formula_id;formula;valid_sample_count;missing_sample_count;baseline_run_id;candidate_run_id;dl_tx_power_dbm;ul_tx_power_dbm;power_control_command;pa_backoff_db;rf_chain_power_w;digital_baseband_power_w;cpu_power_w;memory_bandwidth_bytes_s;memory_utilization;ComputeLatency_ms;DecodeLatency_ms;AirInterfaceTTI_ms;AirInterfaceObservation_ms;ProcedureDelay_ms;Latency_ms;cpu_cycles;memory_bytes;queue_depth;lock_wait_ms;contention_count;AreaEfficiencyProxy;PAPR_dB;PeakClippingEvents;energy_per_bit_j;joules_per_gb;cell_energy_efficiency;ue_energy_efficiency;sleep_state;thermal_state;throttling_flag,direction;ue_id;bs_id;sfn;slot;symbol,required,derived from canonical reports fact tables and artifact manifests,table_defined,true,true,unavailable_until_canonical_artifact_or_db_view_exists,false,false,false,runtime_evidence_present_noncanonical,6,6,0,0,0,table_latency;latency_cdf_plot;power_energy_table;timing_synchronization_table;latency_root_cause_table,reports/csv/output_coverage_registry.csv;reports/csv/output_coverage_registry.csv;reports/csv/output_coverage_registry.csv;reports/csv/output_coverage_registry.csv;reports/csv/output_coverage_registry.csv,canonical_live_table_or_view_missing_but_runtime_evidence_present
analytics,power-energy-efficiency-analytics,Power / Energy / Efficiency Analytics,power_energy,table,energy_efficiency_analytics,/analytics/power-energy-efficiency-analytics/tables/energy_efficiency_analytics,energy_efficiency_analytics_v,analytics/csv/energy_efficiency_analytics.csv,direction;ue_id;bs_id;sfn;slot;symbol;run_id;trial_id;run_uuid;run_tag;scenario_id;timestamp_utc;data_origin;status;value_role;value_source;value_status;finalized_flag;partial_row_flag;fallback_flag;placeholder_flag;config_only_flag;cell_id;sector_id;site_id;trp_id;link_id;carrier_id;bwp_id;numerology;scs_khz;bandwidth_hz;center_frequency_hz;duplex_mode;beam_id;layer_id;codeword_id;harq_process_id;rv;channel_name;signal_name;block_name;function_name;stage_name;metric_name;metric_value;metric_unit;artifact_id;git_sha;build_id;config_hash;seed;source_system;source_db;source_schema;source_table;source_pk;na_reason;formula_id;formula;valid_sample_count;missing_sample_count;baseline_run_id;candidate_run_id;dl_tx_power_dbm;ul_tx_power_dbm;power_control_command;pa_backoff_db;rf_chain_power_w;digital_baseband_power_w;cpu_power_w;memory_bandwidth_bytes_s;memory_utilization;ComputeLatency_ms;DecodeLatency_ms;AirInterfaceTTI_ms;AirInterfaceObservation_ms;ProcedureDelay_ms;Latency_ms;cpu_cycles;memory_bytes;queue_depth;lock_wait_ms;contention_count;AreaEfficiencyProxy;PAPR_dB;PeakClippingEvents;energy_per_bit_j;joules_per_gb;cell_energy_efficiency;ue_energy_efficiency;sleep_state;thermal_state;throttling_flag,direction;ue_id;bs_id;sfn;slot;symbol,required,derived from canonical reports fact tables and artifact manifests,table_defined,true,true,unavailable_until_canonical_artifact_or_db_view_exists,false,false,false,runtime_evidence_present_noncanonical,6,6,0,0,0,table_latency;latency_cdf_plot;power_energy_table;timing_synchronization_table;latency_root_cause_table,reports/csv/output_coverage_registry.csv;reports/csv/output_coverage_registry.csv;reports/csv/output_coverage_registry.csv;reports/csv/output_coverage_registry.csv;reports/csv/output_coverage_registry.csv,canonical_live_table_or_view_missing_but_runtime_evidence_present
analytics,power-energy-efficiency-analytics,Power / Energy / Efficiency Analytics,power_energy,table,runtime_power_analytics,/analytics/power-energy-efficiency-analytics/tables/runtime_power_analytics,runtime_power_analytics_v,analytics/csv/runtime_power_analytics.csv,direction;ue_id;bs_id;sfn;slot;symbol;run_id;trial_id;run_uuid;run_tag;scenario_id;timestamp_utc;data_origin;status;value_role;value_source;value_status;finalized_flag;partial_row_flag;fallback_flag;placeholder_flag;config_only_flag;cell_id;sector_id;site_id;trp_id;link_id;carrier_id;bwp_id;numerology;scs_khz;bandwidth_hz;center_frequency_hz;duplex_mode;beam_id;layer_id;codeword_id;harq_process_id;rv;channel_name;signal_name;block_name;function_name;stage_name;metric_name;metric_value;metric_unit;artifact_id;git_sha;build_id;config_hash;seed;source_system;source_db;source_schema;source_table;source_pk;na_reason;formula_id;formula;valid_sample_count;missing_sample_count;baseline_run_id;candidate_run_id;dl_tx_power_dbm;ul_tx_power_dbm;power_control_command;pa_backoff_db;rf_chain_power_w;digital_baseband_power_w;cpu_power_w;memory_bandwidth_bytes_s;memory_utilization;ComputeLatency_ms;DecodeLatency_ms;AirInterfaceTTI_ms;AirInterfaceObservation_ms;ProcedureDelay_ms;Latency_ms;cpu_cycles;memory_bytes;queue_depth;lock_wait_ms;contention_count;AreaEfficiencyProxy;PAPR_dB;PeakClippingEvents;energy_per_bit_j;joules_per_gb;cell_energy_efficiency;ue_energy_efficiency;sleep_state;thermal_state;throttling_flag,direction;ue_id;bs_id;sfn;slot;symbol,required,derived from canonical reports fact tables and artifact manifests,table_defined,true,true,unavailable_until_canonical_artifact_or_db_view_exists,false,false,false,runtime_evidence_present_noncanonical,6,6,0,0,0,table_latency;latency_cdf_plot;power_energy_table;timing_synchronization_table;latency_root_cause_table,reports/csv/output_coverage_registry.csv;reports/csv/output_coverage_registry.csv;reports/csv/output_coverage_registry.csv;reports/csv/output_coverage_registry.csv;reports/csv/output_coverage_registry.csv,canonical_live_table_or_view_missing_but_runtime_evidence_present
analytics,power-energy-efficiency-analytics,Power / Energy / Efficiency Analytics,power_energy,table,sleep_state_analytics,/analytics/power-energy-efficiency-analytics/tables/sleep_state_analytics,sleep_state_analytics_v,analytics/csv/sleep_state_analytics.csv,direction;ue_id;bs_id;sfn;slot;symbol;run_id;trial_id;run_uuid;run_tag;scenario_id;timestamp_utc;data_origin;status;value_role;value_source;value_status;finalized_flag;partial_row_flag;fallback_flag;placeholder_flag;config_only_flag;cell_id;sector_id;site_id;trp_id;link_id;carrier_id;bwp_id;numerology;scs_khz;bandwidth_hz;center_frequency_hz;duplex_mode;beam_id;layer_id;codeword_id;harq_process_id;rv;channel_name;signal_name;block_name;function_name;stage_name;metric_name;metric_value;metric_unit;artifact_id;git_sha;build_id;config_hash;seed;source_system;source_db;source_schema;source_table;source_pk;na_reason;formula_id;formula;valid_sample_count;missing_sample_count;baseline_run_id;candidate_run_id;dl_tx_power_dbm;ul_tx_power_dbm;power_control_command;pa_backoff_db;rf_chain_power_w;digital_baseband_power_w;cpu_power_w;memory_bandwidth_bytes_s;memory_utilization;ComputeLatency_ms;DecodeLatency_ms;AirInterfaceTTI_ms;AirInterfaceObservation_ms;ProcedureDelay_ms;Latency_ms;cpu_cycles;memory_bytes;queue_depth;lock_wait_ms;contention_count;AreaEfficiencyProxy;PAPR_dB;PeakClippingEvents;energy_per_bit_j;joules_per_gb;cell_energy_efficiency;ue_energy_efficiency;sleep_state;thermal_state;throttling_flag,direction;ue_id;bs_id;sfn;slot;symbol,required,derived from canonical reports fact tables and artifact manifests,table_defined,true,true,unavailable_until_canonical_artifact_or_db_view_exists,false,false,false,runtime_evidence_present_noncanonical,6,6,0,0,0,table_latency;latency_cdf_plot;power_energy_table;timing_synchronization_table;latency_root_cause_table,reports/csv/output_coverage_registry.csv;reports/csv/output_coverage_registry.csv;reports/csv/output_coverage_registry.csv;reports/csv/output_coverage_registry.csv;reports/csv/output_coverage_registry.csv,canonical_live_table_or_view_missing_but_runtime_evidence_present
analytics,runtime-compute-complexity-parallelism-analytics,Runtime / Compute / Complexity / Parallelism Analytics,runtime,table,compute_analytics,/analytics/runtime-compute-complexity-parallelism-analytics/tables/compute_analytics,compute_analytics_v,analytics/csv/compute_analytics.csv,direction;ue_id;bs_id;sfn;slot;symbol;run_id;trial_id;run_uuid;run_tag;scenario_id;timestamp_utc;data_origin;status;value_role;value_source;value_status;finalized_flag;partial_row_flag;fallback_flag;placeholder_flag;config_only_flag;cell_id;sector_id;site_id;trp_id;link_id;carrier_id;bwp_id;numerology;scs_khz;bandwidth_hz;center_frequency_hz;duplex_mode;beam_id;layer_id;codeword_id;harq_process_id;rv;channel_name;signal_name;block_name;function_name;stage_name;metric_name;metric_value;metric_unit;artifact_id;git_sha;build_id;config_hash;seed;source_system;source_db;source_schema;source_table;source_pk;na_reason;formula_id;formula;valid_sample_count;missing_sample_count;baseline_run_id;candidate_run_id;dl_tx_power_dbm;ul_tx_power_dbm;power_control_command;pa_backoff_db;rf_chain_power_w;digital_baseband_power_w;cpu_power_w;memory_bandwidth_bytes_s;memory_utilization;ComputeLatency_ms;DecodeLatency_ms;AirInterfaceTTI_ms;AirInterfaceObservation_ms;ProcedureDelay_ms;Latency_ms;cpu_cycles;memory_bytes;queue_depth;lock_wait_ms;contention_count;AreaEfficiencyProxy;PAPR_dB;PeakClippingEvents;energy_per_bit_j;joules_per_gb;cell_energy_efficiency;ue_energy_efficiency;sleep_state;thermal_state;throttling_flag,direction;ue_id;bs_id;sfn;slot;symbol,required,derived from canonical reports fact tables and artifact manifests,table_defined,true,true,unavailable_until_canonical_artifact_or_db_view_exists,false,false,false,runtime_evidence_present_noncanonical,21,10,11,0,0,output_coverage_registry;output_completeness_table;instrumentation_coverage_table;api_exposure_audit_table;persistence_audit_table,reports/csv/output_coverage_registry.csv;reports/csv/output_coverage_registry.csv;reports/csv/output_coverage_registry.csv;reports/csv/output_coverage_registry.csv;reports/csv/output_coverage_registry.csv,canonical_live_table_or_view_missing_but_runtime_evidence_present
analytics,runtime-compute-complexity-parallelism-analytics,Runtime / Compute / Complexity / Parallelism Analytics,runtime,table,runtime_latency_analytics,/analytics/runtime-compute-complexity-parallelism-analytics/tables/runtime_latency_analytics,runtime_latency_analytics_v,analytics/csv/runtime_latency_analytics.csv,direction;ue_id;bs_id;sfn;slot;symbol;run_id;trial_id;run_uuid;run_tag;scenario_id;timestamp_utc;data_origin;status;value_role;value_source;value_status;finalized_flag;partial_row_flag;fallback_flag;placeholder_flag;config_only_flag;cell_id;sector_id;site_id;trp_id;link_id;carrier_id;bwp_id;numerology;scs_khz;bandwidth_hz;center_frequency_hz;duplex_mode;beam_id;layer_id;codeword_id;harq_process_id;rv;channel_name;signal_name;block_name;function_name;stage_name;metric_name;metric_value;metric_unit;artifact_id;git_sha;build_id;config_hash;seed;source_system;source_db;source_schema;source_table;source_pk;na_reason;formula_id;formula;valid_sample_count;missing_sample_count;baseline_run_id;candidate_run_id;dl_tx_power_dbm;ul_tx_power_dbm;power_control_command;pa_backoff_db;rf_chain_power_w;digital_baseband_power_w;cpu_power_w;memory_bandwidth_bytes_s;memory_utilization;ComputeLatency_ms;DecodeLatency_ms;AirInterfaceTTI_ms;AirInterfaceObservation_ms;ProcedureDelay_ms;Latency_ms;cpu_cycles;memory_bytes;queue_depth;lock_wait_ms;contention_count;AreaEfficiencyProxy;PAPR_dB;PeakClippingEvents;energy_per_bit_j;joules_per_gb;cell_energy_efficiency;ue_energy_efficiency;sleep_state;thermal_state;throttling_flag,direction;ue_id;bs_id;sfn;slot;symbol,required,derived from canonical reports fact tables and artifact manifests,table_defined,true,true,unavailable_until_canonical_artifact_or_db_view_exists,false,false,false,runtime_evidence_present_noncanonical,21,10,11,0,0,output_coverage_registry;output_completeness_table;instrumentation_coverage_table;api_exposure_audit_table;persistence_audit_table,reports/csv/output_coverage_registry.csv;reports/csv/output_coverage_registry.csv;reports/csv/output_coverage_registry.csv;reports/csv/output_coverage_registry.csv;reports/csv/output_coverage_registry.csv,canonical_live_table_or_view_missing_but_runtime_evidence_present
analytics,runtime-compute-complexity-parallelism-analytics,Runtime / Compute / Complexity / Parallelism Analytics,runtime,table,determinism_analytics,/analytics/runtime-compute-complexity-parallelism-analytics/tables/determinism_analytics,determinism_analytics_v,analytics/csv/determinism_analytics.csv,direction;ue_id;bs_id;sfn;slot;symbol;run_id;trial_id;run_uuid;run_tag;scenario_id;timestamp_utc;data_origin;status;value_role;value_source;value_status;finalized_flag;partial_row_flag;fallback_flag;placeholder_flag;config_only_flag;cell_id;sector_id;site_id;trp_id;link_id;carrier_id;bwp_id;numerology;scs_khz;bandwidth_hz;center_frequency_hz;duplex_mode;beam_id;layer_id;codeword_id;harq_process_id;rv;channel_name;signal_name;block_name;function_name;stage_name;metric_name;metric_value;metric_unit;artifact_id;git_sha;build_id;config_hash;seed;source_system;source_db;source_schema;source_table;source_pk;na_reason;formula_id;formula;valid_sample_count;missing_sample_count;baseline_run_id;candidate_run_id;dl_tx_power_dbm;ul_tx_power_dbm;power_control_command;pa_backoff_db;rf_chain_power_w;digital_baseband_power_w;cpu_power_w;memory_bandwidth_bytes_s;memory_utilization;ComputeLatency_ms;DecodeLatency_ms;AirInterfaceTTI_ms;AirInterfaceObservation_ms;ProcedureDelay_ms;Latency_ms;cpu_cycles;memory_bytes;queue_depth;lock_wait_ms;contention_count;AreaEfficiencyProxy;PAPR_dB;PeakClippingEvents;energy_per_bit_j;joules_per_gb;cell_energy_efficiency;ue_energy_efficiency;sleep_state;thermal_state;throttling_flag,direction;ue_id;bs_id;sfn;slot;symbol,required,derived from canonical reports fact tables and artifact manifests,table_defined,true,true,unavailable_until_canonical_artifact_or_db_view_exists,false,false,false,runtime_evidence_present_noncanonical,21,10,11,0,0,output_coverage_registry;output_completeness_table;instrumentation_coverage_table;api_exposure_audit_table;persistence_audit_table,reports/csv/output_coverage_registry.csv;reports/csv/output_coverage_registry.csv;reports/csv/output_coverage_registry.csv;reports/csv/output_coverage_registry.csv;reports/csv/output_coverage_registry.csv,canonical_live_table_or_view_missing_but_runtime_evidence_present
analytics,runtime-compute-complexity-parallelism-analytics,Runtime / Compute / Complexity / Parallelism Analytics,runtime,table,parallelism_analytics,/analytics/runtime-compute-complexity-parallelism-analytics/tables/parallelism_analytics,parallelism_analytics_v,analytics/csv/parallelism_analytics.csv,direction;ue_id;bs_id;sfn;slot;symbol;run_id;trial_id;run_uuid;run_tag;scenario_id;timestamp_utc;data_origin;status;value_role;value_source;value_status;finalized_flag;partial_row_flag;fallback_flag;placeholder_flag;config_only_flag;cell_id;sector_id;site_id;trp_id;link_id;carrier_id;bwp_id;numerology;scs_khz;bandwidth_hz;center_frequency_hz;duplex_mode;beam_id;layer_id;codeword_id;harq_process_id;rv;channel_name;signal_name;block_name;function_name;stage_name;metric_name;metric_value;metric_unit;artifact_id;git_sha;build_id;config_hash;seed;source_system;source_db;source_schema;source_table;source_pk;na_reason;formula_id;formula;valid_sample_count;missing_sample_count;baseline_run_id;candidate_run_id;dl_tx_power_dbm;ul_tx_power_dbm;power_control_command;pa_backoff_db;rf_chain_power_w;digital_baseband_power_w;cpu_power_w;memory_bandwidth_bytes_s;memory_utilization;ComputeLatency_ms;DecodeLatency_ms;AirInterfaceTTI_ms;AirInterfaceObservation_ms;ProcedureDelay_ms;Latency_ms;cpu_cycles;memory_bytes;queue_depth;lock_wait_ms;contention_count;AreaEfficiencyProxy;PAPR_dB;PeakClippingEvents;energy_per_bit_j;joules_per_gb;cell_energy_efficiency;ue_energy_efficiency;sleep_state;thermal_state;throttling_flag,direction;ue_id;bs_id;sfn;slot;symbol,required,derived from canonical reports fact tables and artifact manifests,table_defined,true,true,unavailable_until_canonical_artifact_or_db_view_exists,false,false,false,runtime_evidence_present_noncanonical,21,10,11,0,0,output_coverage_registry;output_completeness_table;instrumentation_coverage_table;api_exposure_audit_table;persistence_audit_table,reports/csv/output_coverage_registry.csv;reports/csv/output_coverage_registry.csv;reports/csv/output_coverage_registry.csv;reports/csv/output_coverage_registry.csv;reports/csv/output_coverage_registry.csv,canonical_live_table_or_view_missing_but_runtime_evidence_present
analytics,export-consistency-truth-analytics,Export / Consistency / Truth Analytics,export_consistency,table,export_consistency_analytics,/analytics/export-consistency-truth-analytics/tables/export_consistency_analytics,export_consistency_analytics_v,analytics/csv/export_consistency_analytics.csv,direction;ue_id;bs_id;sfn;slot;symbol;run_id;trial_id;run_uuid;run_tag;scenario_id;timestamp_utc;data_origin;status;value_role;value_source;value_status;finalized_flag;partial_row_flag;fallback_flag;placeholder_flag;config_only_flag;cell_id;sector_id;site_id;trp_id;link_id;carrier_id;bwp_id;numerology;scs_khz;bandwidth_hz;center_frequency_hz;duplex_mode;beam_id;layer_id;codeword_id;harq_process_id;rv;channel_name;signal_name;block_name;function_name;stage_name;metric_name;metric_value;metric_unit;artifact_id;git_sha;build_id;config_hash;seed;source_system;source_db;source_schema;source_table;source_pk;na_reason;formula_id;formula;valid_sample_count;missing_sample_count;baseline_run_id;candidate_run_id;sink_type;sink_name;target_table;target_file;artifact_path;rows_written;write_latency_ms;retry_count;export_lag_ms;duplicate_write_flag;data_loss_flag;browser_surface_name;consistency_check_status;source_stage_linkage,direction;ue_id;bs_id;sfn;slot;symbol,required,derived from canonical reports fact tables and artifact manifests,table_defined,true,true,unavailable_until_canonical_artifact_or_db_view_exists,false,false,false,runtime_evidence_present_noncanonical,17,6,11,0,0,output_coverage_registry;output_completeness_table;instrumentation_coverage_table;api_exposure_audit_table;persistence_audit_table,reports/csv/output_coverage_registry.csv;reports/csv/output_coverage_registry.csv;reports/csv/output_coverage_registry.csv;reports/csv/output_coverage_registry.csv;reports/csv/output_coverage_registry.csv,canonical_live_table_or_view_missing_but_runtime_evidence_present
analytics,export-consistency-truth-analytics,Export / Consistency / Truth Analytics,export_consistency,table,truth_policy_analytics,/analytics/export-consistency-truth-analytics/tables/truth_policy_analytics,truth_policy_analytics_v,analytics/csv/truth_policy_analytics.csv,direction;ue_id;bs_id;sfn;slot;symbol;run_id;trial_id;run_uuid;run_tag;scenario_id;timestamp_utc;data_origin;status;value_role;value_source;value_status;finalized_flag;partial_row_flag;fallback_flag;placeholder_flag;config_only_flag;cell_id;sector_id;site_id;trp_id;link_id;carrier_id;bwp_id;numerology;scs_khz;bandwidth_hz;center_frequency_hz;duplex_mode;beam_id;layer_id;codeword_id;harq_process_id;rv;channel_name;signal_name;block_name;function_name;stage_name;metric_name;metric_value;metric_unit;artifact_id;git_sha;build_id;config_hash;seed;source_system;source_db;source_schema;source_table;source_pk;na_reason;formula_id;formula;valid_sample_count;missing_sample_count;baseline_run_id;candidate_run_id;sink_type;sink_name;target_table;target_file;artifact_path;rows_written;write_latency_ms;retry_count;export_lag_ms;duplicate_write_flag;data_loss_flag;browser_surface_name;consistency_check_status;source_stage_linkage,direction;ue_id;bs_id;sfn;slot;symbol,required,derived from canonical reports fact tables and artifact manifests,table_defined,true,true,unavailable_until_canonical_artifact_or_db_view_exists,false,false,false,runtime_evidence_present_noncanonical,17,6,11,0,0,output_coverage_registry;output_completeness_table;instrumentation_coverage_table;api_exposure_audit_table;persistence_audit_table,reports/csv/output_coverage_registry.csv;reports/csv/output_coverage_registry.csv;reports/csv/output_coverage_registry.csv;reports/csv/output_coverage_registry.csv;reports/csv/output_coverage_registry.csv,canonical_live_table_or_view_missing_but_runtime_evidence_present
analytics,export-consistency-truth-analytics,Export / Consistency / Truth Analytics,export_consistency,table,schema_drift_analytics,/analytics/export-consistency-truth-analytics/tables/schema_drift_analytics,schema_drift_analytics_v,analytics/csv/schema_drift_analytics.csv,direction;ue_id;bs_id;sfn;slot;symbol;run_id;trial_id;run_uuid;run_tag;scenario_id;timestamp_utc;data_origin;status;value_role;value_source;value_status;finalized_flag;partial_row_flag;fallback_flag;placeholder_flag;config_only_flag;cell_id;sector_id;site_id;trp_id;link_id;carrier_id;bwp_id;numerology;scs_khz;bandwidth_hz;center_frequency_hz;duplex_mode;beam_id;layer_id;codeword_id;harq_process_id;rv;channel_name;signal_name;block_name;function_name;stage_name;metric_name;metric_value;metric_unit;artifact_id;git_sha;build_id;config_hash;seed;source_system;source_db;source_schema;source_table;source_pk;na_reason;formula_id;formula;valid_sample_count;missing_sample_count;baseline_run_id;candidate_run_id;sink_type;sink_name;target_table;target_file;artifact_path;rows_written;write_latency_ms;retry_count;export_lag_ms;duplicate_write_flag;data_loss_flag;browser_surface_name;consistency_check_status;source_stage_linkage,direction;ue_id;bs_id;sfn;slot;symbol,required,derived from canonical reports fact tables and artifact manifests,table_defined,true,true,unavailable_until_canonical_artifact_or_db_view_exists,false,false,false,runtime_evidence_present_noncanonical,17,6,11,0,0,output_coverage_registry;output_completeness_table;instrumentation_coverage_table;api_exposure_audit_table;persistence_audit_table,reports/csv/output_coverage_registry.csv;reports/csv/output_coverage_registry.csv;reports/csv/output_coverage_registry.csv;reports/csv/output_coverage_registry.csv;reports/csv/output_coverage_registry.csv,canonical_live_table_or_view_missing_but_runtime_evidence_present
analytics,regression-baseline-vs-candidate-analytics,Regression / Baseline vs Candidate Analytics,regression,table,regression_analytics,/analytics/regression-baseline-vs-candidate-analytics/tables/regression_analytics,regression_analytics_v,analytics/csv/regression_analytics.csv,direction;ue_id;bs_id;sfn;slot;symbol;run_id;trial_id;run_uuid;run_tag;scenario_id;timestamp_utc;data_origin;status;value_role;value_source;value_status;finalized_flag;partial_row_flag;fallback_flag;placeholder_flag;config_only_flag;cell_id;sector_id;site_id;trp_id;link_id;carrier_id;bwp_id;numerology;scs_khz;bandwidth_hz;center_frequency_hz;duplex_mode;beam_id;layer_id;codeword_id;harq_process_id;rv;channel_name;signal_name;block_name;function_name;stage_name;metric_name;metric_value;metric_unit;artifact_id;git_sha;build_id;config_hash;seed;source_system;source_db;source_schema;source_table;source_pk;na_reason;formula_id;formula;valid_sample_count;missing_sample_count;baseline_run_id;candidate_run_id;sink_type;sink_name;target_table;target_file;artifact_path;rows_written;write_latency_ms;retry_count;export_lag_ms;duplicate_write_flag;data_loss_flag;browser_surface_name;consistency_check_status;source_stage_linkage,direction;ue_id;bs_id;sfn;slot;symbol,required,derived from canonical reports fact tables and artifact manifests,table_defined,true,true,unavailable_until_canonical_artifact_or_db_view_exists,false,false,false,runtime_backlog_confirmed_by_reference_smoke,2,0,0,0,2,compare_runs_kpi_delta_table;compare_run_overlay_plot,reports/csv/output_coverage_registry.csv;reports/csv/output_coverage_registry.csv,schema_backlog_confirmed_by_reference_smoke
analytics,regression-baseline-vs-candidate-analytics,Regression / Baseline vs Candidate Analytics,regression,table,regression_baseline_view,/analytics/regression-baseline-vs-candidate-analytics/tables/regression_baseline_view,regression_baseline_view_v,analytics/csv/regression_baseline_view.csv,direction;ue_id;bs_id;sfn;slot;symbol;run_id;trial_id;run_uuid;run_tag;scenario_id;timestamp_utc;data_origin;status;value_role;value_source;value_status;finalized_flag;partial_row_flag;fallback_flag;placeholder_flag;config_only_flag;cell_id;sector_id;site_id;trp_id;link_id;carrier_id;bwp_id;numerology;scs_khz;bandwidth_hz;center_frequency_hz;duplex_mode;beam_id;layer_id;codeword_id;harq_process_id;rv;channel_name;signal_name;block_name;function_name;stage_name;metric_name;metric_value;metric_unit;artifact_id;git_sha;build_id;config_hash;seed;source_system;source_db;source_schema;source_table;source_pk;na_reason;formula_id;formula;valid_sample_count;missing_sample_count;baseline_run_id;candidate_run_id;sink_type;sink_name;target_table;target_file;artifact_path;rows_written;write_latency_ms;retry_count;export_lag_ms;duplicate_write_flag;data_loss_flag;browser_surface_name;consistency_check_status;source_stage_linkage,direction;ue_id;bs_id;sfn;slot;symbol,required,derived from canonical reports fact tables and artifact manifests,table_defined,true,true,unavailable_until_canonical_artifact_or_db_view_exists,false,false,false,runtime_backlog_confirmed_by_reference_smoke,2,0,0,0,2,compare_runs_kpi_delta_table;compare_run_overlay_plot,reports/csv/output_coverage_registry.csv;reports/csv/output_coverage_registry.csv,schema_backlog_confirmed_by_reference_smoke
analytics,regression-baseline-vs-candidate-analytics,Regression / Baseline vs Candidate Analytics,regression,table,regression_candidate_view,/analytics/regression-baseline-vs-candidate-analytics/tables/regression_candidate_view,regression_candidate_view_v,analytics/csv/regression_candidate_view.csv,direction;ue_id;bs_id;sfn;slot;symbol;run_id;trial_id;run_uuid;run_tag;scenario_id;timestamp_utc;data_origin;status;value_role;value_source;value_status;finalized_flag;partial_row_flag;fallback_flag;placeholder_flag;config_only_flag;cell_id;sector_id;site_id;trp_id;link_id;carrier_id;bwp_id;numerology;scs_khz;bandwidth_hz;center_frequency_hz;duplex_mode;beam_id;layer_id;codeword_id;harq_process_id;rv;channel_name;signal_name;block_name;function_name;stage_name;metric_name;metric_value;metric_unit;artifact_id;git_sha;build_id;config_hash;seed;source_system;source_db;source_schema;source_table;source_pk;na_reason;formula_id;formula;valid_sample_count;missing_sample_count;baseline_run_id;candidate_run_id;sink_type;sink_name;target_table;target_file;artifact_path;rows_written;write_latency_ms;retry_count;export_lag_ms;duplicate_write_flag;data_loss_flag;browser_surface_name;consistency_check_status;source_stage_linkage,direction;ue_id;bs_id;sfn;slot;symbol,required,derived from canonical reports fact tables and artifact manifests,table_defined,true,true,unavailable_until_canonical_artifact_or_db_view_exists,false,false,false,runtime_backlog_confirmed_by_reference_smoke,2,0,0,0,2,compare_runs_kpi_delta_table;compare_run_overlay_plot,reports/csv/output_coverage_registry.csv;reports/csv/output_coverage_registry.csv,schema_backlog_confirmed_by_reference_smoke
analytics,regression-baseline-vs-candidate-analytics,Regression / Baseline vs Candidate Analytics,regression,table,regression_delta_view,/analytics/regression-baseline-vs-candidate-analytics/tables/regression_delta_view,regression_delta_view_v,analytics/csv/regression_delta_view.csv,direction;ue_id;bs_id;sfn;slot;symbol;run_id;trial_id;run_uuid;run_tag;scenario_id;timestamp_utc;data_origin;status;value_role;value_source;value_status;finalized_flag;partial_row_flag;fallback_flag;placeholder_flag;config_only_flag;cell_id;sector_id;site_id;trp_id;link_id;carrier_id;bwp_id;numerology;scs_khz;bandwidth_hz;center_frequency_hz;duplex_mode;beam_id;layer_id;codeword_id;harq_process_id;rv;channel_name;signal_name;block_name;function_name;stage_name;metric_name;metric_value;metric_unit;artifact_id;git_sha;build_id;config_hash;seed;source_system;source_db;source_schema;source_table;source_pk;na_reason;formula_id;formula;valid_sample_count;missing_sample_count;baseline_run_id;candidate_run_id;sink_type;sink_name;target_table;target_file;artifact_path;rows_written;write_latency_ms;retry_count;export_lag_ms;duplicate_write_flag;data_loss_flag;browser_surface_name;consistency_check_status;source_stage_linkage,direction;ue_id;bs_id;sfn;slot;symbol,required,derived from canonical reports fact tables and artifact manifests,table_defined,true,true,unavailable_until_canonical_artifact_or_db_view_exists,false,false,false,runtime_backlog_confirmed_by_reference_smoke,2,0,0,0,2,compare_runs_kpi_delta_table;compare_run_overlay_plot,reports/csv/output_coverage_registry.csv;reports/csv/output_coverage_registry.csv,schema_backlog_confirmed_by_reference_smoke
analytics,regression-baseline-vs-candidate-analytics,Regression / Baseline vs Candidate Analytics,regression,table,change_impact_analytics,/analytics/regression-baseline-vs-candidate-analytics/tables/change_impact_analytics,change_impact_analytics_v,analytics/csv/change_impact_analytics.csv,direction;ue_id;bs_id;sfn;slot;symbol;run_id;trial_id;run_uuid;run_tag;scenario_id;timestamp_utc;data_origin;status;value_role;value_source;value_status;finalized_flag;partial_row_flag;fallback_flag;placeholder_flag;config_only_flag;cell_id;sector_id;site_id;trp_id;link_id;carrier_id;bwp_id;numerology;scs_khz;bandwidth_hz;center_frequency_hz;duplex_mode;beam_id;layer_id;codeword_id;harq_process_id;rv;channel_name;signal_name;block_name;function_name;stage_name;metric_name;metric_value;metric_unit;artifact_id;git_sha;build_id;config_hash;seed;source_system;source_db;source_schema;source_table;source_pk;na_reason;formula_id;formula;valid_sample_count;missing_sample_count;baseline_run_id;candidate_run_id;sink_type;sink_name;target_table;target_file;artifact_path;rows_written;write_latency_ms;retry_count;export_lag_ms;duplicate_write_flag;data_loss_flag;browser_surface_name;consistency_check_status;source_stage_linkage,direction;ue_id;bs_id;sfn;slot;symbol,required,derived from canonical reports fact tables and artifact manifests,table_defined,true,true,unavailable_until_canonical_artifact_or_db_view_exists,false,false,false,runtime_backlog_confirmed_by_reference_smoke,2,0,0,0,2,compare_runs_kpi_delta_table;compare_run_overlay_plot,reports/csv/output_coverage_registry.csv;reports/csv/output_coverage_registry.csv,schema_backlog_confirmed_by_reference_smoke
analytics,optional-6g-extension-analytics,Optional 6G Extension Analytics,optional_6g,table,ai_inference_analytics,/analytics/optional-6g-extension-analytics/tables/ai_inference_analytics,ai_inference_analytics_v,analytics/csv/ai_inference_analytics.csv,direction;ue_id;bs_id;sfn;slot;symbol;run_id;trial_id;run_uuid;run_tag;scenario_id;timestamp_utc;data_origin;status;value_role;value_source;value_status;finalized_flag;partial_row_flag;fallback_flag;placeholder_flag;config_only_flag;cell_id;sector_id;site_id;trp_id;link_id;carrier_id;bwp_id;numerology;scs_khz;bandwidth_hz;center_frequency_hz;duplex_mode;beam_id;layer_id;codeword_id;harq_process_id;rv;channel_name;signal_name;block_name;function_name;stage_name;metric_name;metric_value;metric_unit;artifact_id;git_sha;build_id;config_hash;seed;source_system;source_db;source_schema;source_table;source_pk;na_reason;formula_id;formula;valid_sample_count;missing_sample_count;baseline_run_id;candidate_run_id;stage_exec_id;scalar_value;enum_value;artifact_logical_path;lineage_edge;truth_violation_category;missing_or_partial_reason;conflict_reason;coverage_reason;rollup_explanation,direction;ue_id;bs_id;sfn;slot;symbol,required,derived from canonical reports fact tables and artifact manifests,table_defined,true,true,unavailable_until_canonical_artifact_or_db_view_exists,false,false,false,no_reference_runtime_evidence,0,0,0,0,0,,,schema_only_backlog
analytics,optional-6g-extension-analytics,Optional 6G Extension Analytics,optional_6g,table,sensing_analytics,/analytics/optional-6g-extension-analytics/tables/sensing_analytics,sensing_analytics_v,analytics/csv/sensing_analytics.csv,direction;ue_id;bs_id;sfn;slot;symbol;run_id;trial_id;run_uuid;run_tag;scenario_id;timestamp_utc;data_origin;status;value_role;value_source;value_status;finalized_flag;partial_row_flag;fallback_flag;placeholder_flag;config_only_flag;cell_id;sector_id;site_id;trp_id;link_id;carrier_id;bwp_id;numerology;scs_khz;bandwidth_hz;center_frequency_hz;duplex_mode;beam_id;layer_id;codeword_id;harq_process_id;rv;channel_name;signal_name;block_name;function_name;stage_name;metric_name;metric_value;metric_unit;artifact_id;git_sha;build_id;config_hash;seed;source_system;source_db;source_schema;source_table;source_pk;na_reason;formula_id;formula;valid_sample_count;missing_sample_count;baseline_run_id;candidate_run_id;stage_exec_id;scalar_value;enum_value;artifact_logical_path;lineage_edge;truth_violation_category;missing_or_partial_reason;conflict_reason;coverage_reason;rollup_explanation,direction;ue_id;bs_id;sfn;slot;symbol,required,derived from canonical reports fact tables and artifact manifests,table_defined,true,true,unavailable_until_canonical_artifact_or_db_view_exists,false,false,false,no_reference_runtime_evidence,0,0,0,0,0,,,schema_only_backlog
analytics,optional-6g-extension-analytics,Optional 6G Extension Analytics,optional_6g,table,localization_analytics,/analytics/optional-6g-extension-analytics/tables/localization_analytics,localization_analytics_v,analytics/csv/localization_analytics.csv,direction;ue_id;bs_id;sfn;slot;symbol;run_id;trial_id;run_uuid;run_tag;scenario_id;timestamp_utc;data_origin;status;value_role;value_source;value_status;finalized_flag;partial_row_flag;fallback_flag;placeholder_flag;config_only_flag;cell_id;sector_id;site_id;trp_id;link_id;carrier_id;bwp_id;numerology;scs_khz;bandwidth_hz;center_frequency_hz;duplex_mode;beam_id;layer_id;codeword_id;harq_process_id;rv;channel_name;signal_name;block_name;function_name;stage_name;metric_name;metric_value;metric_unit;artifact_id;git_sha;build_id;config_hash;seed;source_system;source_db;source_schema;source_table;source_pk;na_reason;formula_id;formula;valid_sample_count;missing_sample_count;baseline_run_id;candidate_run_id;stage_exec_id;scalar_value;enum_value;artifact_logical_path;lineage_edge;truth_violation_category;missing_or_partial_reason;conflict_reason;coverage_reason;rollup_explanation,direction;ue_id;bs_id;sfn;slot;symbol,required,derived from canonical reports fact tables and artifact manifests,table_defined,true,true,unavailable_until_canonical_artifact_or_db_view_exists,false,false,false,no_reference_runtime_evidence,0,0,0,0,0,,,schema_only_backlog
analytics,optional-6g-extension-analytics,Optional 6G Extension Analytics,optional_6g,table,ntn_haps_uav_analytics,/analytics/optional-6g-extension-analytics/tables/ntn_haps_uav_analytics,ntn_haps_uav_analytics_v,analytics/csv/ntn_haps_uav_analytics.csv,direction;ue_id;bs_id;sfn;slot;symbol;run_id;trial_id;run_uuid;run_tag;scenario_id;timestamp_utc;data_origin;status;value_role;value_source;value_status;finalized_flag;partial_row_flag;fallback_flag;placeholder_flag;config_only_flag;cell_id;sector_id;site_id;trp_id;link_id;carrier_id;bwp_id;numerology;scs_khz;bandwidth_hz;center_frequency_hz;duplex_mode;beam_id;layer_id;codeword_id;harq_process_id;rv;channel_name;signal_name;block_name;function_name;stage_name;metric_name;metric_value;metric_unit;artifact_id;git_sha;build_id;config_hash;seed;source_system;source_db;source_schema;source_table;source_pk;na_reason;formula_id;formula;valid_sample_count;missing_sample_count;baseline_run_id;candidate_run_id;stage_exec_id;scalar_value;enum_value;artifact_logical_path;lineage_edge;truth_violation_category;missing_or_partial_reason;conflict_reason;coverage_reason;rollup_explanation,direction;ue_id;bs_id;sfn;slot;symbol,required,derived from canonical reports fact tables and artifact manifests,table_defined,true,true,unavailable_until_canonical_artifact_or_db_view_exists,false,false,false,no_reference_runtime_evidence,0,0,0,0,0,,,schema_only_backlog
analytics,optional-6g-extension-analytics,Optional 6G Extension Analytics,optional_6g,table,ris_analytics,/analytics/optional-6g-extension-analytics/tables/ris_analytics,ris_analytics_v,analytics/csv/ris_analytics.csv,direction;ue_id;bs_id;sfn;slot;symbol;run_id;trial_id;run_uuid;run_tag;scenario_id;timestamp_utc;data_origin;status;value_role;value_source;value_status;finalized_flag;partial_row_flag;fallback_flag;placeholder_flag;config_only_flag;cell_id;sector_id;site_id;trp_id;link_id;carrier_id;bwp_id;numerology;scs_khz;bandwidth_hz;center_frequency_hz;duplex_mode;beam_id;layer_id;codeword_id;harq_process_id;rv;channel_name;signal_name;block_name;function_name;stage_name;metric_name;metric_value;metric_unit;artifact_id;git_sha;build_id;config_hash;seed;source_system;source_db;source_schema;source_table;source_pk;na_reason;formula_id;formula;valid_sample_count;missing_sample_count;baseline_run_id;candidate_run_id;stage_exec_id;scalar_value;enum_value;artifact_logical_path;lineage_edge;truth_violation_category;missing_or_partial_reason;conflict_reason;coverage_reason;rollup_explanation,direction;ue_id;bs_id;sfn;slot;symbol,required,derived from canonical reports fact tables and artifact manifests,table_defined,true,true,unavailable_until_canonical_artifact_or_db_view_exists,false,false,false,no_reference_runtime_evidence,0,0,0,0,0,,,schema_only_backlog
analytics,optional-6g-extension-analytics,Optional 6G Extension Analytics,optional_6g,table,cell_free_mimo_analytics,/analytics/optional-6g-extension-analytics/tables/cell_free_mimo_analytics,cell_free_mimo_analytics_v,analytics/csv/cell_free_mimo_analytics.csv,direction;ue_id;bs_id;sfn;slot;symbol;run_id;trial_id;run_uuid;run_tag;scenario_id;timestamp_utc;data_origin;status;value_role;value_source;value_status;finalized_flag;partial_row_flag;fallback_flag;placeholder_flag;config_only_flag;cell_id;sector_id;site_id;trp_id;link_id;carrier_id;bwp_id;numerology;scs_khz;bandwidth_hz;center_frequency_hz;duplex_mode;beam_id;layer_id;codeword_id;harq_process_id;rv;channel_name;signal_name;block_name;function_name;stage_name;metric_name;metric_value;metric_unit;artifact_id;git_sha;build_id;config_hash;seed;source_system;source_db;source_schema;source_table;source_pk;na_reason;formula_id;formula;valid_sample_count;missing_sample_count;baseline_run_id;candidate_run_id;stage_exec_id;scalar_value;enum_value;artifact_logical_path;lineage_edge;truth_violation_category;missing_or_partial_reason;conflict_reason;coverage_reason;rollup_explanation,direction;ue_id;bs_id;sfn;slot;symbol,required,derived from canonical reports fact tables and artifact manifests,table_defined,true,true,unavailable_until_canonical_artifact_or_db_view_exists,false,false,false,no_reference_runtime_evidence,0,0,0,0,0,,,schema_only_backlog
analytics,optional-6g-extension-analytics,Optional 6G Extension Analytics,optional_6g,table,sub_thz_impairment_analytics,/analytics/optional-6g-extension-analytics/tables/sub_thz_impairment_analytics,sub_thz_impairment_analytics_v,analytics/csv/sub_thz_impairment_analytics.csv,direction;ue_id;bs_id;sfn;slot;symbol;run_id;trial_id;run_uuid;run_tag;scenario_id;timestamp_utc;data_origin;status;value_role;value_source;value_status;finalized_flag;partial_row_flag;fallback_flag;placeholder_flag;config_only_flag;cell_id;sector_id;site_id;trp_id;link_id;carrier_id;bwp_id;numerology;scs_khz;bandwidth_hz;center_frequency_hz;duplex_mode;beam_id;layer_id;codeword_id;harq_process_id;rv;channel_name;signal_name;block_name;function_name;stage_name;metric_name;metric_value;metric_unit;artifact_id;git_sha;build_id;config_hash;seed;source_system;source_db;source_schema;source_table;source_pk;na_reason;formula_id;formula;valid_sample_count;missing_sample_count;baseline_run_id;candidate_run_id;stage_exec_id;scalar_value;enum_value;artifact_logical_path;lineage_edge;truth_violation_category;missing_or_partial_reason;conflict_reason;coverage_reason;rollup_explanation,direction;ue_id;bs_id;sfn;slot;symbol,required,derived from canonical reports fact tables and artifact manifests,table_defined,true,true,unavailable_until_canonical_artifact_or_db_view_exists,false,false,false,no_reference_runtime_evidence,0,0,0,0,0,,,schema_only_backlog
analytics,waveform-time-domain-analytics,Waveform / Time Domain Analytics,waveform,chart,Tx waveform,/analytics/waveform-time-domain-analytics/charts/tx-waveform,,,,,required,render only from real DB/artifact rows,source_defined,true,true,unavailable_until_source_table_has_real_rows,false,,,runtime_evidence_present_noncanonical,5,2,1,2,0,dl_resource_grid_heatmap;ul_resource_grid_heatmap,reports/csv/output_coverage_registry.csv;reports/csv/output_coverage_registry.csv,canonical_live_table_or_view_missing_but_runtime_evidence_present
analytics,waveform-time-domain-analytics,Waveform / Time Domain Analytics,waveform,chart,Rx waveform,/analytics/waveform-time-domain-analytics/charts/rx-waveform,,,,,required,render only from real DB/artifact rows,source_defined,true,true,unavailable_until_source_table_has_real_rows,false,,,runtime_evidence_present_noncanonical,5,2,1,2,0,dl_resource_grid_heatmap;ul_resource_grid_heatmap,reports/csv/output_coverage_registry.csv;reports/csv/output_coverage_registry.csv,canonical_live_table_or_view_missing_but_runtime_evidence_present
analytics,waveform-time-domain-analytics,Waveform / Time Domain Analytics,waveform,chart,pre-channel waveform,/analytics/waveform-time-domain-analytics/charts/pre-channel-waveform,,,,,required,render only from real DB/artifact rows,source_defined,true,true,unavailable_until_source_table_has_real_rows,false,,,runtime_evidence_present_noncanonical,5,2,1,2,0,dl_resource_grid_heatmap;ul_resource_grid_heatmap,reports/csv/output_coverage_registry.csv;reports/csv/output_coverage_registry.csv,canonical_live_table_or_view_missing_but_runtime_evidence_present
analytics,waveform-time-domain-analytics,Waveform / Time Domain Analytics,waveform,chart,post-channel waveform,/analytics/waveform-time-domain-analytics/charts/post-channel-waveform,,,,,required,render only from real DB/artifact rows,source_defined,true,true,unavailable_until_source_table_has_real_rows,false,,,runtime_evidence_present_noncanonical,5,2,1,2,0,dl_resource_grid_heatmap;ul_resource_grid_heatmap,reports/csv/output_coverage_registry.csv;reports/csv/output_coverage_registry.csv,canonical_live_table_or_view_missing_but_runtime_evidence_present
analytics,waveform-time-domain-analytics,Waveform / Time Domain Analytics,waveform,chart,post-impairment waveform,/analytics/waveform-time-domain-analytics/charts/post-impairment-waveform,,,,,required,render only from real DB/artifact rows,source_defined,true,true,unavailable_until_source_table_has_real_rows,false,,,runtime_evidence_present_noncanonical,5,2,1,2,0,dl_resource_grid_heatmap;ul_resource_grid_heatmap,reports/csv/output_coverage_registry.csv;reports/csv/output_coverage_registry.csv,canonical_live_table_or_view_missing_but_runtime_evidence_present
analytics,waveform-time-domain-analytics,Waveform / Time Domain Analytics,waveform,chart,magnitude vs sample,/analytics/waveform-time-domain-analytics/charts/magnitude-vs-sample,,,,,required,render only from real DB/artifact rows,source_defined,true,true,unavailable_until_source_table_has_real_rows,false,,,runtime_evidence_present_noncanonical,5,2,1,2,0,dl_resource_grid_heatmap;ul_resource_grid_heatmap,reports/csv/output_coverage_registry.csv;reports/csv/output_coverage_registry.csv,canonical_live_table_or_view_missing_but_runtime_evidence_present
analytics,waveform-time-domain-analytics,Waveform / Time Domain Analytics,waveform,chart,phase vs sample,/analytics/waveform-time-domain-analytics/charts/phase-vs-sample,,,,,required,render only from real DB/artifact rows,source_defined,true,true,unavailable_until_source_table_has_real_rows,false,,,runtime_evidence_present_noncanonical,5,2,1,2,0,dl_resource_grid_heatmap;ul_resource_grid_heatmap,reports/csv/output_coverage_registry.csv;reports/csv/output_coverage_registry.csv,canonical_live_table_or_view_missing_but_runtime_evidence_present
analytics,waveform-time-domain-analytics,Waveform / Time Domain Analytics,waveform,chart,power vs sample,/analytics/waveform-time-domain-analytics/charts/power-vs-sample,,,,,required,render only from real DB/artifact rows,source_defined,true,true,unavailable_until_source_table_has_real_rows,false,,,runtime_evidence_present_noncanonical,5,2,1,2,0,dl_resource_grid_heatmap;ul_resource_grid_heatmap,reports/csv/output_coverage_registry.csv;reports/csv/output_coverage_registry.csv,canonical_live_table_or_view_missing_but_runtime_evidence_present
analytics,waveform-time-domain-analytics,Waveform / Time Domain Analytics,waveform,chart,stage overlay plots,/analytics/waveform-time-domain-analytics/charts/stage-overlay-plots,,,,,required,render only from real DB/artifact rows,source_defined,true,true,unavailable_until_source_table_has_real_rows,false,,,runtime_evidence_present_noncanonical,5,2,1,2,0,dl_resource_grid_heatmap;ul_resource_grid_heatmap,reports/csv/output_coverage_registry.csv;reports/csv/output_coverage_registry.csv,canonical_live_table_or_view_missing_but_runtime_evidence_present
analytics,waveform-time-domain-analytics,Waveform / Time Domain Analytics,waveform,chart,UE-wise / link-wise waveform comparison,/analytics/waveform-time-domain-analytics/charts/ue-wise-link-wise-waveform-comparison,,,,,required,render only from real DB/artifact rows,source_defined,true,true,unavailable_until_source_table_has_real_rows,false,,,runtime_evidence_present_noncanonical,5,2,1,2,0,dl_resource_grid_heatmap;ul_resource_grid_heatmap,reports/csv/output_coverage_registry.csv;reports/csv/output_coverage_registry.csv,canonical_live_table_or_view_missing_but_runtime_evidence_present
analytics,spectrum-psd-papr-analytics,Spectrum / PSD / PAPR Analytics,spectrum,chart,PSD,/analytics/spectrum-psd-papr-analytics/charts/psd,,,,,required,render only from real DB/artifact rows,source_defined,true,true,unavailable_until_source_table_has_real_rows,false,,,runtime_evidence_present_noncanonical,4,2,1,1,0,power_energy_table;energy_root_cause_table,reports/csv/output_coverage_registry.csv;reports/csv/output_coverage_registry.csv,canonical_live_table_or_view_missing_but_runtime_evidence_present
analytics,spectrum-psd-papr-analytics,Spectrum / PSD / PAPR Analytics,spectrum,chart,occupied bandwidth,/analytics/spectrum-psd-papr-analytics/charts/occupied-bandwidth,,,,,required,render only from real DB/artifact rows,source_defined,true,true,unavailable_until_source_table_has_real_rows,false,,,runtime_evidence_present_noncanonical,4,2,1,1,0,power_energy_table;energy_root_cause_table,reports/csv/output_coverage_registry.csv;reports/csv/output_coverage_registry.csv,canonical_live_table_or_view_missing_but_runtime_evidence_present
analytics,spectrum-psd-papr-analytics,Spectrum / PSD / PAPR Analytics,spectrum,chart,out-of-band spectral summaries if measurable,/analytics/spectrum-psd-papr-analytics/charts/out-of-band-spectral-summaries-if-measurable,,,,,required,render only from real DB/artifact rows,source_defined,true,true,unavailable_until_source_table_has_real_rows,false,,,runtime_evidence_present_noncanonical,4,2,1,1,0,power_energy_table;energy_root_cause_table,reports/csv/output_coverage_registry.csv;reports/csv/output_coverage_registry.csv,canonical_live_table_or_view_missing_but_runtime_evidence_present
analytics,spectrum-psd-papr-analytics,Spectrum / PSD / PAPR Analytics,spectrum,chart,PAPR histogram / CDF,/analytics/spectrum-psd-papr-analytics/charts/papr-histogram-cdf,,,,,required,render only from real DB/artifact rows,source_defined,true,true,unavailable_until_source_table_has_real_rows,false,,,runtime_evidence_present_noncanonical,4,2,1,1,0,power_energy_table;energy_root_cause_table,reports/csv/output_coverage_registry.csv;reports/csv/output_coverage_registry.csv,canonical_live_table_or_view_missing_but_runtime_evidence_present
analytics,spectrum-psd-papr-analytics,Spectrum / PSD / PAPR Analytics,spectrum,chart,clipping event histogram,/analytics/spectrum-psd-papr-analytics/charts/clipping-event-histogram,,,,,required,render only from real DB/artifact rows,source_defined,true,true,unavailable_until_source_table_has_real_rows,false,,,runtime_evidence_present_noncanonical,4,2,1,1,0,power_energy_table;energy_root_cause_table,reports/csv/output_coverage_registry.csv;reports/csv/output_coverage_registry.csv,canonical_live_table_or_view_missing_but_runtime_evidence_present
analytics,spectrum-psd-papr-analytics,Spectrum / PSD / PAPR Analytics,spectrum,chart,power spectral comparison before/after impairment,/analytics/spectrum-psd-papr-analytics/charts/power-spectral-comparison-before-after-impairment,,,,,required,render only from real DB/artifact rows,source_defined,true,true,unavailable_until_source_table_has_real_rows,false,,,runtime_evidence_present_noncanonical,4,2,1,1,0,power_energy_table;energy_root_cause_table,reports/csv/output_coverage_registry.csv;reports/csv/output_coverage_registry.csv,canonical_live_table_or_view_missing_but_runtime_evidence_present
analytics,constellation-evm-analytics,Constellation / EVM Analytics,constellation,chart,pre-equalization constellation,/analytics/constellation-evm-analytics/charts/pre-equalization-constellation,,,,,required,render only from real DB/artifact rows,source_defined,true,true,unavailable_until_source_table_has_real_rows,false,,,runtime_partial_evidence_present_noncanonical,2,0,1,1,0,constellation_plot,reports/csv/output_coverage_registry.csv,canonical_live_table_or_view_missing_but_runtime_evidence_present
analytics,constellation-evm-analytics,Constellation / EVM Analytics,constellation,chart,post-equalization constellation,/analytics/constellation-evm-analytics/charts/post-equalization-constellation,,,,,required,render only from real DB/artifact rows,source_defined,true,true,unavailable_until_source_table_has_real_rows,false,,,runtime_partial_evidence_present_noncanonical,2,0,1,1,0,constellation_plot,reports/csv/output_coverage_registry.csv,canonical_live_table_or_view_missing_but_runtime_evidence_present
analytics,constellation-evm-analytics,Constellation / EVM Analytics,constellation,chart,constellation per layer,/analytics/constellation-evm-analytics/charts/constellation-per-layer,,,,,required,render only from real DB/artifact rows,source_defined,true,true,unavailable_until_source_table_has_real_rows,false,,,runtime_partial_evidence_present_noncanonical,2,0,1,1,0,constellation_plot,reports/csv/output_coverage_registry.csv,canonical_live_table_or_view_missing_but_runtime_evidence_present
analytics,constellation-evm-analytics,Constellation / EVM Analytics,constellation,chart,constellation per codeword,/analytics/constellation-evm-analytics/charts/constellation-per-codeword,,,,,required,render only from real DB/artifact rows,source_defined,true,true,unavailable_until_source_table_has_real_rows,false,,,runtime_partial_evidence_present_noncanonical,2,0,1,1,0,constellation_plot,reports/csv/output_coverage_registry.csv,canonical_live_table_or_view_missing_but_runtime_evidence_present
analytics,constellation-evm-analytics,Constellation / EVM Analytics,constellation,chart,constellation per modulation order,/analytics/constellation-evm-analytics/charts/constellation-per-modulation-order,,,,,required,render only from real DB/artifact rows,source_defined,true,true,unavailable_until_source_table_has_real_rows,false,,,runtime_partial_evidence_present_noncanonical,2,0,1,1,0,constellation_plot,reports/csv/output_coverage_registry.csv,canonical_live_table_or_view_missing_but_runtime_evidence_present
analytics,constellation-evm-analytics,Constellation / EVM Analytics,constellation,chart,EVM RMS,/analytics/constellation-evm-analytics/charts/evm-rms,,,,,required,render only from real DB/artifact rows,source_defined,true,true,unavailable_until_source_table_has_real_rows,false,,,runtime_partial_evidence_present_noncanonical,2,0,1,1,0,constellation_plot,reports/csv/output_coverage_registry.csv,canonical_live_table_or_view_missing_but_runtime_evidence_present
analytics,constellation-evm-analytics,Constellation / EVM Analytics,constellation,chart,EVM per symbol,/analytics/constellation-evm-analytics/charts/evm-per-symbol,,,,,required,render only from real DB/artifact rows,source_defined,true,true,unavailable_until_source_table_has_real_rows,false,,,runtime_partial_evidence_present_noncanonical,2,0,1,1,0,constellation_plot,reports/csv/output_coverage_registry.csv,canonical_live_table_or_view_missing_but_runtime_evidence_present
analytics,constellation-evm-analytics,Constellation / EVM Analytics,constellation,chart,EVM per subcarrier,/analytics/constellation-evm-analytics/charts/evm-per-subcarrier,,,,,required,render only from real DB/artifact rows,source_defined,true,true,unavailable_until_source_table_has_real_rows,false,,,runtime_partial_evidence_present_noncanonical,2,0,1,1,0,constellation_plot,reports/csv/output_coverage_registry.csv,canonical_live_table_or_view_missing_but_runtime_evidence_present
analytics,constellation-evm-analytics,Constellation / EVM Analytics,constellation,chart,EVM per layer,/analytics/constellation-evm-analytics/charts/evm-per-layer,,,,,required,render only from real DB/artifact rows,source_defined,true,true,unavailable_until_source_table_has_real_rows,false,,,runtime_partial_evidence_present_noncanonical,2,0,1,1,0,constellation_plot,reports/csv/output_coverage_registry.csv,canonical_live_table_or_view_missing_but_runtime_evidence_present
analytics,constellation-evm-analytics,Constellation / EVM Analytics,constellation,chart,symbol decision error histogram,/analytics/constellation-evm-analytics/charts/symbol-decision-error-histogram,,,,,required,render only from real DB/artifact rows,source_defined,true,true,unavailable_until_source_table_has_real_rows,false,,,runtime_partial_evidence_present_noncanonical,2,0,1,1,0,constellation_plot,reports/csv/output_coverage_registry.csv,canonical_live_table_or_view_missing_but_runtime_evidence_present
analytics,resource-grid-re-occupancy-analytics,Resource Grid / RE Occupancy Analytics,resource_grid,chart,RE occupancy heatmap,/analytics/resource-grid-re-occupancy-analytics/charts/re-occupancy-heatmap,,,,,required,render only from real DB/artifact rows,source_defined,true,true,unavailable_until_source_table_has_real_rows,false,,,runtime_evidence_present_noncanonical,3,2,0,1,0,dl_resource_grid_heatmap;ul_resource_grid_heatmap,reports/csv/output_coverage_registry.csv;reports/csv/output_coverage_registry.csv,canonical_live_table_or_view_missing_but_runtime_evidence_present
analytics,resource-grid-re-occupancy-analytics,Resource Grid / RE Occupancy Analytics,resource_grid,chart,PRB heatmap,/analytics/resource-grid-re-occupancy-analytics/charts/prb-heatmap,,,,,required,render only from real DB/artifact rows,source_defined,true,true,unavailable_until_source_table_has_real_rows,false,,,runtime_evidence_present_noncanonical,3,2,0,1,0,dl_resource_grid_heatmap;ul_resource_grid_heatmap,reports/csv/output_coverage_registry.csv;reports/csv/output_coverage_registry.csv,canonical_live_table_or_view_missing_but_runtime_evidence_present
analytics,resource-grid-re-occupancy-analytics,Resource Grid / RE Occupancy Analytics,resource_grid,chart,PDCCH map,/analytics/resource-grid-re-occupancy-analytics/charts/pdcch-map,,,,,required,render only from real DB/artifact rows,source_defined,true,true,unavailable_until_source_table_has_real_rows,false,,,runtime_evidence_present_noncanonical,3,2,0,1,0,dl_resource_grid_heatmap;ul_resource_grid_heatmap,reports/csv/output_coverage_registry.csv;reports/csv/output_coverage_registry.csv,canonical_live_table_or_view_missing_but_runtime_evidence_present
analytics,resource-grid-re-occupancy-analytics,Resource Grid / RE Occupancy Analytics,resource_grid,chart,PBCH/SSB map,/analytics/resource-grid-re-occupancy-analytics/charts/pbch-ssb-map,,,,,required,render only from real DB/artifact rows,source_defined,true,true,unavailable_until_source_table_has_real_rows,false,,,runtime_evidence_present_noncanonical,3,2,0,1,0,dl_resource_grid_heatmap;ul_resource_grid_heatmap,reports/csv/output_coverage_registry.csv;reports/csv/output_coverage_registry.csv,canonical_live_table_or_view_missing_but_runtime_evidence_present
analytics,resource-grid-re-occupancy-analytics,Resource Grid / RE Occupancy Analytics,resource_grid,chart,CSI-RS map,/analytics/resource-grid-re-occupancy-analytics/charts/csi-rs-map,,,,,required,render only from real DB/artifact rows,source_defined,true,true,unavailable_until_source_table_has_real_rows,false,,,runtime_evidence_present_noncanonical,3,2,0,1,0,dl_resource_grid_heatmap;ul_resource_grid_heatmap,reports/csv/output_coverage_registry.csv;reports/csv/output_coverage_registry.csv,canonical_live_table_or_view_missing_but_runtime_evidence_present
analytics,resource-grid-re-occupancy-analytics,Resource Grid / RE Occupancy Analytics,resource_grid,chart,PDSCH map,/analytics/resource-grid-re-occupancy-analytics/charts/pdsch-map,,,,,required,render only from real DB/artifact rows,source_defined,true,true,unavailable_until_source_table_has_real_rows,false,,,runtime_evidence_present_noncanonical,3,2,0,1,0,dl_resource_grid_heatmap;ul_resource_grid_heatmap,reports/csv/output_coverage_registry.csv;reports/csv/output_coverage_registry.csv,canonical_live_table_or_view_missing_but_runtime_evidence_present
analytics,resource-grid-re-occupancy-analytics,Resource Grid / RE Occupancy Analytics,resource_grid,chart,PUSCH map,/analytics/resource-grid-re-occupancy-analytics/charts/pusch-map,,,,,required,render only from real DB/artifact rows,source_defined,true,true,unavailable_until_source_table_has_real_rows,false,,,runtime_evidence_present_noncanonical,3,2,0,1,0,dl_resource_grid_heatmap;ul_resource_grid_heatmap,reports/csv/output_coverage_registry.csv;reports/csv/output_coverage_registry.csv,canonical_live_table_or_view_missing_but_runtime_evidence_present
analytics,resource-grid-re-occupancy-analytics,Resource Grid / RE Occupancy Analytics,resource_grid,chart,PUCCH map,/analytics/resource-grid-re-occupancy-analytics/charts/pucch-map,,,,,required,render only from real DB/artifact rows,source_defined,true,true,unavailable_until_source_table_has_real_rows,false,,,runtime_evidence_present_noncanonical,3,2,0,1,0,dl_resource_grid_heatmap;ul_resource_grid_heatmap,reports/csv/output_coverage_registry.csv;reports/csv/output_coverage_registry.csv,canonical_live_table_or_view_missing_but_runtime_evidence_present
analytics,resource-grid-re-occupancy-analytics,Resource Grid / RE Occupancy Analytics,resource_grid,chart,PRACH opportunity map,/analytics/resource-grid-re-occupancy-analytics/charts/prach-opportunity-map,,,,,required,render only from real DB/artifact rows,source_defined,true,true,unavailable_until_source_table_has_real_rows,false,,,runtime_evidence_present_noncanonical,3,2,0,1,0,dl_resource_grid_heatmap;ul_resource_grid_heatmap,reports/csv/output_coverage_registry.csv;reports/csv/output_coverage_registry.csv,canonical_live_table_or_view_missing_but_runtime_evidence_present
analytics,resource-grid-re-occupancy-analytics,Resource Grid / RE Occupancy Analytics,resource_grid,chart,SRS map,/analytics/resource-grid-re-occupancy-analytics/charts/srs-map,,,,,required,render only from real DB/artifact rows,source_defined,true,true,unavailable_until_source_table_has_real_rows,false,,,runtime_evidence_present_noncanonical,3,2,0,1,0,dl_resource_grid_heatmap;ul_resource_grid_heatmap,reports/csv/output_coverage_registry.csv;reports/csv/output_coverage_registry.csv,canonical_live_table_or_view_missing_but_runtime_evidence_present
analytics,resource-grid-re-occupancy-analytics,Resource Grid / RE Occupancy Analytics,resource_grid,chart,DMRS/PTRS occupancy map,/analytics/resource-grid-re-occupancy-analytics/charts/dmrs-ptrs-occupancy-map,,,,,required,render only from real DB/artifact rows,source_defined,true,true,unavailable_until_source_table_has_real_rows,false,,,runtime_evidence_present_noncanonical,3,2,0,1,0,dl_resource_grid_heatmap;ul_resource_grid_heatmap,reports/csv/output_coverage_registry.csv;reports/csv/output_coverage_registry.csv,canonical_live_table_or_view_missing_but_runtime_evidence_present
analytics,resource-grid-re-occupancy-analytics,Resource Grid / RE Occupancy Analytics,resource_grid,chart,RE collision heatmap / table,/analytics/resource-grid-re-occupancy-analytics/charts/re-collision-heatmap-table,,,,,required,render only from real DB/artifact rows,source_defined,true,true,unavailable_until_source_table_has_real_rows,false,,,runtime_evidence_present_noncanonical,3,2,0,1,0,dl_resource_grid_heatmap;ul_resource_grid_heatmap,reports/csv/output_coverage_registry.csv;reports/csv/output_coverage_registry.csv,canonical_live_table_or_view_missing_but_runtime_evidence_present
analytics,channel-estimation-propagation-analytics,Channel Estimation / Propagation Analytics,channel,chart,true H(tau) if available,/analytics/channel-estimation-propagation-analytics/charts/true-h-tau-if-available,,,,,required,render only from real DB/artifact rows,source_defined,true,true,unavailable_until_source_table_has_real_rows,false,,,runtime_partial_evidence_present_noncanonical,8,0,5,3,0,table_channel_summary;table_noise_interference;table_link_budget;interference_waterfall_plot;root_cause_candidate_table,reports/csv/output_coverage_registry.csv;reports/csv/output_coverage_registry.csv;reports/csv/output_coverage_registry.csv;reports/csv/output_coverage_registry.csv;reports/csv/output_coverage_registry.csv,canonical_live_table_or_view_missing_but_runtime_evidence_present
analytics,channel-estimation-propagation-analytics,Channel Estimation / Propagation Analytics,channel,chart,estimated Hhat(tau),/analytics/channel-estimation-propagation-analytics/charts/estimated-hhat-tau,,,,,required,render only from real DB/artifact rows,source_defined,true,true,unavailable_until_source_table_has_real_rows,false,,,runtime_partial_evidence_present_noncanonical,8,0,5,3,0,table_channel_summary;table_noise_interference;table_link_budget;interference_waterfall_plot;root_cause_candidate_table,reports/csv/output_coverage_registry.csv;reports/csv/output_coverage_registry.csv;reports/csv/output_coverage_registry.csv;reports/csv/output_coverage_registry.csv;reports/csv/output_coverage_registry.csv,canonical_live_table_or_view_missing_but_runtime_evidence_present
analytics,channel-estimation-propagation-analytics,Channel Estimation / Propagation Analytics,channel,chart,true H(f) if available,/analytics/channel-estimation-propagation-analytics/charts/true-h-f-if-available,,,,,required,render only from real DB/artifact rows,source_defined,true,true,unavailable_until_source_table_has_real_rows,false,,,runtime_partial_evidence_present_noncanonical,8,0,5,3,0,table_channel_summary;table_noise_interference;table_link_budget;interference_waterfall_plot;root_cause_candidate_table,reports/csv/output_coverage_registry.csv;reports/csv/output_coverage_registry.csv;reports/csv/output_coverage_registry.csv;reports/csv/output_coverage_registry.csv;reports/csv/output_coverage_registry.csv,canonical_live_table_or_view_missing_but_runtime_evidence_present
analytics,channel-estimation-propagation-analytics,Channel Estimation / Propagation Analytics,channel,chart,estimated Hhat(f),/analytics/channel-estimation-propagation-analytics/charts/estimated-hhat-f,,,,,required,render only from real DB/artifact rows,source_defined,true,true,unavailable_until_source_table_has_real_rows,false,,,runtime_partial_evidence_present_noncanonical,8,0,5,3,0,table_channel_summary;table_noise_interference;table_link_budget;interference_waterfall_plot;root_cause_candidate_table,reports/csv/output_coverage_registry.csv;reports/csv/output_coverage_registry.csv;reports/csv/output_coverage_registry.csv;reports/csv/output_coverage_registry.csv;reports/csv/output_coverage_registry.csv,canonical_live_table_or_view_missing_but_runtime_evidence_present
analytics,channel-estimation-propagation-analytics,Channel Estimation / Propagation Analytics,channel,chart,channel magnitude heatmap,/analytics/channel-estimation-propagation-analytics/charts/channel-magnitude-heatmap,,,,,required,render only from real DB/artifact rows,source_defined,true,true,unavailable_until_source_table_has_real_rows,false,,,runtime_partial_evidence_present_noncanonical,8,0,5,3,0,table_channel_summary;table_noise_interference;table_link_budget;interference_waterfall_plot;root_cause_candidate_table,reports/csv/output_coverage_registry.csv;reports/csv/output_coverage_registry.csv;reports/csv/output_coverage_registry.csv;reports/csv/output_coverage_registry.csv;reports/csv/output_coverage_registry.csv,canonical_live_table_or_view_missing_but_runtime_evidence_present
analytics,channel-estimation-propagation-analytics,Channel Estimation / Propagation Analytics,channel,chart,channel phase heatmap,/analytics/channel-estimation-propagation-analytics/charts/channel-phase-heatmap,,,,,required,render only from real DB/artifact rows,source_defined,true,true,unavailable_until_source_table_has_real_rows,false,,,runtime_partial_evidence_present_noncanonical,8,0,5,3,0,table_channel_summary;table_noise_interference;table_link_budget;interference_waterfall_plot;root_cause_candidate_table,reports/csv/output_coverage_registry.csv;reports/csv/output_coverage_registry.csv;reports/csv/output_coverage_registry.csv;reports/csv/output_coverage_registry.csv;reports/csv/output_coverage_registry.csv,canonical_live_table_or_view_missing_but_runtime_evidence_present
analytics,channel-estimation-propagation-analytics,Channel Estimation / Propagation Analytics,channel,chart,tap power profile,/analytics/channel-estimation-propagation-analytics/charts/tap-power-profile,,,,,required,render only from real DB/artifact rows,source_defined,true,true,unavailable_until_source_table_has_real_rows,false,,,runtime_partial_evidence_present_noncanonical,8,0,5,3,0,table_channel_summary;table_noise_interference;table_link_budget;interference_waterfall_plot;root_cause_candidate_table,reports/csv/output_coverage_registry.csv;reports/csv/output_coverage_registry.csv;reports/csv/output_coverage_registry.csv;reports/csv/output_coverage_registry.csv;reports/csv/output_coverage_registry.csv,canonical_live_table_or_view_missing_but_runtime_evidence_present
analytics,channel-estimation-propagation-analytics,Channel Estimation / Propagation Analytics,channel,chart,delay spread chart,/analytics/channel-estimation-propagation-analytics/charts/delay-spread-chart,,,,,required,render only from real DB/artifact rows,source_defined,true,true,unavailable_until_source_table_has_real_rows,false,,,runtime_partial_evidence_present_noncanonical,8,0,5,3,0,table_channel_summary;table_noise_interference;table_link_budget;interference_waterfall_plot;root_cause_candidate_table,reports/csv/output_coverage_registry.csv;reports/csv/output_coverage_registry.csv;reports/csv/output_coverage_registry.csv;reports/csv/output_coverage_registry.csv;reports/csv/output_coverage_registry.csv,canonical_live_table_or_view_missing_but_runtime_evidence_present
analytics,channel-estimation-propagation-analytics,Channel Estimation / Propagation Analytics,channel,chart,angle spread chart,/analytics/channel-estimation-propagation-analytics/charts/angle-spread-chart,,,,,required,render only from real DB/artifact rows,source_defined,true,true,unavailable_until_source_table_has_real_rows,false,,,runtime_partial_evidence_present_noncanonical,8,0,5,3,0,table_channel_summary;table_noise_interference;table_link_budget;interference_waterfall_plot;root_cause_candidate_table,reports/csv/output_coverage_registry.csv;reports/csv/output_coverage_registry.csv;reports/csv/output_coverage_registry.csv;reports/csv/output_coverage_registry.csv;reports/csv/output_coverage_registry.csv,canonical_live_table_or_view_missing_but_runtime_evidence_present
analytics,channel-estimation-propagation-analytics,Channel Estimation / Propagation Analytics,channel,chart,pathloss distribution,/analytics/channel-estimation-propagation-analytics/charts/pathloss-distribution,,,,,required,render only from real DB/artifact rows,source_defined,true,true,unavailable_until_source_table_has_real_rows,false,,,runtime_partial_evidence_present_noncanonical,8,0,5,3,0,table_channel_summary;table_noise_interference;table_link_budget;interference_waterfall_plot;root_cause_candidate_table,reports/csv/output_coverage_registry.csv;reports/csv/output_coverage_registry.csv;reports/csv/output_coverage_registry.csv;reports/csv/output_coverage_registry.csv;reports/csv/output_coverage_registry.csv,canonical_live_table_or_view_missing_but_runtime_evidence_present
analytics,channel-estimation-propagation-analytics,Channel Estimation / Propagation Analytics,channel,chart,shadowing distribution,/analytics/channel-estimation-propagation-analytics/charts/shadowing-distribution,,,,,required,render only from real DB/artifact rows,source_defined,true,true,unavailable_until_source_table_has_real_rows,false,,,runtime_partial_evidence_present_noncanonical,8,0,5,3,0,table_channel_summary;table_noise_interference;table_link_budget;interference_waterfall_plot;root_cause_candidate_table,reports/csv/output_coverage_registry.csv;reports/csv/output_coverage_registry.csv;reports/csv/output_coverage_registry.csv;reports/csv/output_coverage_registry.csv;reports/csv/output_coverage_registry.csv,canonical_live_table_or_view_missing_but_runtime_evidence_present
analytics,channel-estimation-propagation-analytics,Channel Estimation / Propagation Analytics,channel,chart,O2I distribution,/analytics/channel-estimation-propagation-analytics/charts/o2i-distribution,,,,,required,render only from real DB/artifact rows,source_defined,true,true,unavailable_until_source_table_has_real_rows,false,,,runtime_partial_evidence_present_noncanonical,8,0,5,3,0,table_channel_summary;table_noise_interference;table_link_budget;interference_waterfall_plot;root_cause_candidate_table,reports/csv/output_coverage_registry.csv;reports/csv/output_coverage_registry.csv;reports/csv/output_coverage_registry.csv;reports/csv/output_coverage_registry.csv;reports/csv/output_coverage_registry.csv,canonical_live_table_or_view_missing_but_runtime_evidence_present
analytics,channel-estimation-propagation-analytics,Channel Estimation / Propagation Analytics,channel,chart,noise variance trend,/analytics/channel-estimation-propagation-analytics/charts/noise-variance-trend,,,,,required,render only from real DB/artifact rows,source_defined,true,true,unavailable_until_source_table_has_real_rows,false,,,runtime_partial_evidence_present_noncanonical,8,0,5,3,0,table_channel_summary;table_noise_interference;table_link_budget;interference_waterfall_plot;root_cause_candidate_table,reports/csv/output_coverage_registry.csv;reports/csv/output_coverage_registry.csv;reports/csv/output_coverage_registry.csv;reports/csv/output_coverage_registry.csv;reports/csv/output_coverage_registry.csv,canonical_live_table_or_view_missing_but_runtime_evidence_present
analytics,channel-estimation-propagation-analytics,Channel Estimation / Propagation Analytics,channel,chart,NMSE vs SNR / SINR,/analytics/channel-estimation-propagation-analytics/charts/nmse-vs-snr-sinr,,,,,required,render only from real DB/artifact rows,source_defined,true,true,unavailable_until_source_table_has_real_rows,false,,,runtime_partial_evidence_present_noncanonical,8,0,5,3,0,table_channel_summary;table_noise_interference;table_link_budget;interference_waterfall_plot;root_cause_candidate_table,reports/csv/output_coverage_registry.csv;reports/csv/output_coverage_registry.csv;reports/csv/output_coverage_registry.csv;reports/csv/output_coverage_registry.csv;reports/csv/output_coverage_registry.csv,canonical_live_table_or_view_missing_but_runtime_evidence_present
analytics,channel-estimation-propagation-analytics,Channel Estimation / Propagation Analytics,channel,chart,estimator bias / variance summaries,/analytics/channel-estimation-propagation-analytics/charts/estimator-bias-variance-summaries,,,,,required,render only from real DB/artifact rows,source_defined,true,true,unavailable_until_source_table_has_real_rows,false,,,runtime_partial_evidence_present_noncanonical,8,0,5,3,0,table_channel_summary;table_noise_interference;table_link_budget;interference_waterfall_plot;root_cause_candidate_table,reports/csv/output_coverage_registry.csv;reports/csv/output_coverage_registry.csv;reports/csv/output_coverage_registry.csv;reports/csv/output_coverage_registry.csv;reports/csv/output_coverage_registry.csv,canonical_live_table_or_view_missing_but_runtime_evidence_present
analytics,channel-estimation-propagation-analytics,Channel Estimation / Propagation Analytics,channel,chart,serving vs interferer decomposition,/analytics/channel-estimation-propagation-analytics/charts/serving-vs-interferer-decomposition,,,,,required,render only from real DB/artifact rows,source_defined,true,true,unavailable_until_source_table_has_real_rows,false,,,runtime_partial_evidence_present_noncanonical,8,0,5,3,0,table_channel_summary;table_noise_interference;table_link_budget;interference_waterfall_plot;root_cause_candidate_table,reports/csv/output_coverage_registry.csv;reports/csv/output_coverage_registry.csv;reports/csv/output_coverage_registry.csv;reports/csv/output_coverage_registry.csv;reports/csv/output_coverage_registry.csv,canonical_live_table_or_view_missing_but_runtime_evidence_present
analytics,detection-control-analytics,Detection / Control Analytics,control,chart,P_FA,/analytics/detection-control-analytics/charts/p-fa,,,,,required,render only from real DB/artifact rows,source_defined,true,true,unavailable_until_source_table_has_real_rows,false,,,runtime_evidence_present_noncanonical,31,13,7,11,0,pdcch_dci_table;ssb_pbch_table;csi_rs_table;prach_table;pucch_table,reports/csv/output_coverage_registry.csv;reports/csv/output_coverage_registry.csv;reports/csv/output_coverage_registry.csv;reports/csv/output_coverage_registry.csv;reports/csv/output_coverage_registry.csv,canonical_live_table_or_view_missing_but_runtime_evidence_present
analytics,detection-control-analytics,Detection / Control Analytics,control,chart,FAR,/analytics/detection-control-analytics/charts/far,,,,,required,render only from real DB/artifact rows,source_defined,true,true,unavailable_until_source_table_has_real_rows,false,,,runtime_evidence_present_noncanonical,31,13,7,11,0,pdcch_dci_table;ssb_pbch_table;csi_rs_table;prach_table;pucch_table,reports/csv/output_coverage_registry.csv;reports/csv/output_coverage_registry.csv;reports/csv/output_coverage_registry.csv;reports/csv/output_coverage_registry.csv;reports/csv/output_coverage_registry.csv,canonical_live_table_or_view_missing_but_runtime_evidence_present
analytics,detection-control-analytics,Detection / Control Analytics,control,chart,P_MD,/analytics/detection-control-analytics/charts/p-md,,,,,required,render only from real DB/artifact rows,source_defined,true,true,unavailable_until_source_table_has_real_rows,false,,,runtime_evidence_present_noncanonical,31,13,7,11,0,pdcch_dci_table;ssb_pbch_table;csi_rs_table;prach_table;pucch_table,reports/csv/output_coverage_registry.csv;reports/csv/output_coverage_registry.csv;reports/csv/output_coverage_registry.csv;reports/csv/output_coverage_registry.csv;reports/csv/output_coverage_registry.csv,canonical_live_table_or_view_missing_but_runtime_evidence_present
analytics,detection-control-analytics,Detection / Control Analytics,control,chart,P_D,/analytics/detection-control-analytics/charts/p-d,,,,,required,render only from real DB/artifact rows,source_defined,true,true,unavailable_until_source_table_has_real_rows,false,,,runtime_evidence_present_noncanonical,31,13,7,11,0,pdcch_dci_table;ssb_pbch_table;csi_rs_table;prach_table;pucch_table,reports/csv/output_coverage_registry.csv;reports/csv/output_coverage_registry.csv;reports/csv/output_coverage_registry.csv;reports/csv/output_coverage_registry.csv;reports/csv/output_coverage_registry.csv,canonical_live_table_or_view_missing_but_runtime_evidence_present
analytics,detection-control-analytics,Detection / Control Analytics,control,chart,PRACH correlation peak distributions,/analytics/detection-control-analytics/charts/prach-correlation-peak-distributions,,,,,required,render only from real DB/artifact rows,source_defined,true,true,unavailable_until_source_table_has_real_rows,false,,,runtime_evidence_present_noncanonical,31,13,7,11,0,pdcch_dci_table;ssb_pbch_table;csi_rs_table;prach_table;pucch_table,reports/csv/output_coverage_registry.csv;reports/csv/output_coverage_registry.csv;reports/csv/output_coverage_registry.csv;reports/csv/output_coverage_registry.csv;reports/csv/output_coverage_registry.csv,canonical_live_table_or_view_missing_but_runtime_evidence_present
analytics,detection-control-analytics,Detection / Control Analytics,control,chart,PRACH noise floor distributions,/analytics/detection-control-analytics/charts/prach-noise-floor-distributions,,,,,required,render only from real DB/artifact rows,source_defined,true,true,unavailable_until_source_table_has_real_rows,false,,,runtime_evidence_present_noncanonical,31,13,7,11,0,pdcch_dci_table;ssb_pbch_table;csi_rs_table;prach_table;pucch_table,reports/csv/output_coverage_registry.csv;reports/csv/output_coverage_registry.csv;reports/csv/output_coverage_registry.csv;reports/csv/output_coverage_registry.csv;reports/csv/output_coverage_registry.csv,canonical_live_table_or_view_missing_but_runtime_evidence_present
analytics,detection-control-analytics,Detection / Control Analytics,control,chart,PRACH peak search results,/analytics/detection-control-analytics/charts/prach-peak-search-results,,,,,required,render only from real DB/artifact rows,source_defined,true,true,unavailable_until_source_table_has_real_rows,false,,,runtime_evidence_present_noncanonical,31,13,7,11,0,pdcch_dci_table;ssb_pbch_table;csi_rs_table;prach_table;pucch_table,reports/csv/output_coverage_registry.csv;reports/csv/output_coverage_registry.csv;reports/csv/output_coverage_registry.csv;reports/csv/output_coverage_registry.csv;reports/csv/output_coverage_registry.csv,canonical_live_table_or_view_missing_but_runtime_evidence_present
analytics,detection-control-analytics,Detection / Control Analytics,control,chart,SSB detection statistics,/analytics/detection-control-analytics/charts/ssb-detection-statistics,,,,,required,render only from real DB/artifact rows,source_defined,true,true,unavailable_until_source_table_has_real_rows,false,,,runtime_evidence_present_noncanonical,31,13,7,11,0,pdcch_dci_table;ssb_pbch_table;csi_rs_table;prach_table;pucch_table,reports/csv/output_coverage_registry.csv;reports/csv/output_coverage_registry.csv;reports/csv/output_coverage_registry.csv;reports/csv/output_coverage_registry.csv;reports/csv/output_coverage_registry.csv,canonical_live_table_or_view_missing_but_runtime_evidence_present
analytics,detection-control-analytics,Detection / Control Analytics,control,chart,PUCCH DTX statistics,/analytics/detection-control-analytics/charts/pucch-dtx-statistics,,,,,required,render only from real DB/artifact rows,source_defined,true,true,unavailable_until_source_table_has_real_rows,false,,,runtime_evidence_present_noncanonical,31,13,7,11,0,pdcch_dci_table;ssb_pbch_table;csi_rs_table;prach_table;pucch_table,reports/csv/output_coverage_registry.csv;reports/csv/output_coverage_registry.csv;reports/csv/output_coverage_registry.csv;reports/csv/output_coverage_registry.csv;reports/csv/output_coverage_registry.csv,canonical_live_table_or_view_missing_but_runtime_evidence_present
analytics,detection-control-analytics,Detection / Control Analytics,control,chart,control decode success/failure tables,/analytics/detection-control-analytics/charts/control-decode-success-failure-tables,,,,,required,render only from real DB/artifact rows,source_defined,true,true,unavailable_until_source_table_has_real_rows,false,,,runtime_evidence_present_noncanonical,31,13,7,11,0,pdcch_dci_table;ssb_pbch_table;csi_rs_table;prach_table;pucch_table,reports/csv/output_coverage_registry.csv;reports/csv/output_coverage_registry.csv;reports/csv/output_coverage_registry.csv;reports/csv/output_coverage_registry.csv;reports/csv/output_coverage_registry.csv,canonical_live_table_or_view_missing_but_runtime_evidence_present
analytics,detection-control-analytics,Detection / Control Analytics,control,chart,threshold sweep plots if data exists,/analytics/detection-control-analytics/charts/threshold-sweep-plots-if-data-exists,,,,,required,render only from real DB/artifact rows,source_defined,true,true,unavailable_until_source_table_has_real_rows,false,,,runtime_evidence_present_noncanonical,31,13,7,11,0,pdcch_dci_table;ssb_pbch_table;csi_rs_table;prach_table;pucch_table,reports/csv/output_coverage_registry.csv;reports/csv/output_coverage_registry.csv;reports/csv/output_coverage_registry.csv;reports/csv/output_coverage_registry.csv;reports/csv/output_coverage_registry.csv,canonical_live_table_or_view_missing_but_runtime_evidence_present
analytics,detection-control-analytics,Detection / Control Analytics,control,chart,PBCH/PDCCH/PUCCH detection and decode timelines,/analytics/detection-control-analytics/charts/pbch-pdcch-pucch-detection-and-decode-timelines,,,,,required,render only from real DB/artifact rows,source_defined,true,true,unavailable_until_source_table_has_real_rows,false,,,runtime_evidence_present_noncanonical,31,13,7,11,0,pdcch_dci_table;ssb_pbch_table;csi_rs_table;prach_table;pucch_table,reports/csv/output_coverage_registry.csv;reports/csv/output_coverage_registry.csv;reports/csv/output_coverage_registry.csv;reports/csv/output_coverage_registry.csv;reports/csv/output_coverage_registry.csv,canonical_live_table_or_view_missing_but_runtime_evidence_present
analytics,error-reliability-analytics,Error / Reliability Analytics,reliability,chart,BER,/analytics/error-reliability-analytics/charts/ber,,,,,required,render only from real DB/artifact rows,source_defined,true,true,unavailable_until_source_table_has_real_rows,false,,,runtime_evidence_present_noncanonical,4,2,2,0,0,table_dl_transport_block;table_ul_transport_block,reports/csv/output_coverage_registry.csv;reports/csv/output_coverage_registry.csv,canonical_live_table_or_view_missing_but_runtime_evidence_present
analytics,error-reliability-analytics,Error / Reliability Analytics,reliability,chart,BLER,/analytics/error-reliability-analytics/charts/bler,,,,,required,render only from real DB/artifact rows,source_defined,true,true,unavailable_until_source_table_has_real_rows,false,,,runtime_evidence_present_noncanonical,4,2,2,0,0,table_dl_transport_block;table_ul_transport_block,reports/csv/output_coverage_registry.csv;reports/csv/output_coverage_registry.csv,canonical_live_table_or_view_missing_but_runtime_evidence_present
analytics,error-reliability-analytics,Error / Reliability Analytics,reliability,chart,FER,/analytics/error-reliability-analytics/charts/fer,,,,,required,render only from real DB/artifact rows,source_defined,true,true,unavailable_until_source_table_has_real_rows,false,,,runtime_evidence_present_noncanonical,4,2,2,0,0,table_dl_transport_block;table_ul_transport_block,reports/csv/output_coverage_registry.csv;reports/csv/output_coverage_registry.csv,canonical_live_table_or_view_missing_but_runtime_evidence_present
analytics,error-reliability-analytics,Error / Reliability Analytics,reliability,chart,CRC pass/fail rates,/analytics/error-reliability-analytics/charts/crc-pass-fail-rates,,,,,required,render only from real DB/artifact rows,source_defined,true,true,unavailable_until_source_table_has_real_rows,false,,,runtime_evidence_present_noncanonical,4,2,2,0,0,table_dl_transport_block;table_ul_transport_block,reports/csv/output_coverage_registry.csv;reports/csv/output_coverage_registry.csv,canonical_live_table_or_view_missing_but_runtime_evidence_present
analytics,error-reliability-analytics,Error / Reliability Analytics,reliability,chart,code-block error rates,/analytics/error-reliability-analytics/charts/code-block-error-rates,,,,,required,render only from real DB/artifact rows,source_defined,true,true,unavailable_until_source_table_has_real_rows,false,,,runtime_evidence_present_noncanonical,4,2,2,0,0,table_dl_transport_block;table_ul_transport_block,reports/csv/output_coverage_registry.csv;reports/csv/output_coverage_registry.csv,canonical_live_table_or_view_missing_but_runtime_evidence_present
analytics,error-reliability-analytics,Error / Reliability Analytics,reliability,chart,CBG error rates,/analytics/error-reliability-analytics/charts/cbg-error-rates,,,,,required,render only from real DB/artifact rows,source_defined,true,true,unavailable_until_source_table_has_real_rows,false,,,runtime_evidence_present_noncanonical,4,2,2,0,0,table_dl_transport_block;table_ul_transport_block,reports/csv/output_coverage_registry.csv;reports/csv/output_coverage_registry.csv,canonical_live_table_or_view_missing_but_runtime_evidence_present
analytics,error-reliability-analytics,Error / Reliability Analytics,reliability,chart,residual BLER after HARQ,/analytics/error-reliability-analytics/charts/residual-bler-after-harq,,,,,required,render only from real DB/artifact rows,source_defined,true,true,unavailable_until_source_table_has_real_rows,false,,,runtime_evidence_present_noncanonical,4,2,2,0,0,table_dl_transport_block;table_ul_transport_block,reports/csv/output_coverage_registry.csv;reports/csv/output_coverage_registry.csv,canonical_live_table_or_view_missing_but_runtime_evidence_present
analytics,error-reliability-analytics,Error / Reliability Analytics,reliability,chart,decoder iteration distributions,/analytics/error-reliability-analytics/charts/decoder-iteration-distributions,,,,,required,render only from real DB/artifact rows,source_defined,true,true,unavailable_until_source_table_has_real_rows,false,,,runtime_evidence_present_noncanonical,4,2,2,0,0,table_dl_transport_block;table_ul_transport_block,reports/csv/output_coverage_registry.csv;reports/csv/output_coverage_registry.csv,canonical_live_table_or_view_missing_but_runtime_evidence_present
analytics,error-reliability-analytics,Error / Reliability Analytics,reliability,chart,per-channel reliability breakdown,/analytics/error-reliability-analytics/charts/per-channel-reliability-breakdown,,,,,required,render only from real DB/artifact rows,source_defined,true,true,unavailable_until_source_table_has_real_rows,false,,,runtime_evidence_present_noncanonical,4,2,2,0,0,table_dl_transport_block;table_ul_transport_block,reports/csv/output_coverage_registry.csv;reports/csv/output_coverage_registry.csv,canonical_live_table_or_view_missing_but_runtime_evidence_present
analytics,error-reliability-analytics,Error / Reliability Analytics,reliability,chart,per-format reliability breakdown,/analytics/error-reliability-analytics/charts/per-format-reliability-breakdown,,,,,required,render only from real DB/artifact rows,source_defined,true,true,unavailable_until_source_table_has_real_rows,false,,,runtime_evidence_present_noncanonical,4,2,2,0,0,table_dl_transport_block;table_ul_transport_block,reports/csv/output_coverage_registry.csv;reports/csv/output_coverage_registry.csv,canonical_live_table_or_view_missing_but_runtime_evidence_present
analytics,error-reliability-analytics,Error / Reliability Analytics,reliability,chart,per-UE and per-cell reliability,/analytics/error-reliability-analytics/charts/per-ue-and-per-cell-reliability,,,,,required,render only from real DB/artifact rows,source_defined,true,true,unavailable_until_source_table_has_real_rows,false,,,runtime_evidence_present_noncanonical,4,2,2,0,0,table_dl_transport_block;table_ul_transport_block,reports/csv/output_coverage_registry.csv;reports/csv/output_coverage_registry.csv,canonical_live_table_or_view_missing_but_runtime_evidence_present
analytics,error-reliability-analytics,Error / Reliability Analytics,reliability,chart,BLER vs SNR,/analytics/error-reliability-analytics/charts/bler-vs-snr,,,,,required,render only from real DB/artifact rows,source_defined,true,true,unavailable_until_source_table_has_real_rows,false,,,runtime_evidence_present_noncanonical,4,2,2,0,0,table_dl_transport_block;table_ul_transport_block,reports/csv/output_coverage_registry.csv;reports/csv/output_coverage_registry.csv,canonical_live_table_or_view_missing_but_runtime_evidence_present
analytics,error-reliability-analytics,Error / Reliability Analytics,reliability,chart,BLER vs SINR,/analytics/error-reliability-analytics/charts/bler-vs-sinr,,,,,required,render only from real DB/artifact rows,source_defined,true,true,unavailable_until_source_table_has_real_rows,false,,,runtime_evidence_present_noncanonical,4,2,2,0,0,table_dl_transport_block;table_ul_transport_block,reports/csv/output_coverage_registry.csv;reports/csv/output_coverage_registry.csv,canonical_live_table_or_view_missing_but_runtime_evidence_present
analytics,error-reliability-analytics,Error / Reliability Analytics,reliability,chart,BER vs SNR,/analytics/error-reliability-analytics/charts/ber-vs-snr,,,,,required,render only from real DB/artifact rows,source_defined,true,true,unavailable_until_source_table_has_real_rows,false,,,runtime_evidence_present_noncanonical,4,2,2,0,0,table_dl_transport_block;table_ul_transport_block,reports/csv/output_coverage_registry.csv;reports/csv/output_coverage_registry.csv,canonical_live_table_or_view_missing_but_runtime_evidence_present
analytics,error-reliability-analytics,Error / Reliability Analytics,reliability,chart,FER vs SNR,/analytics/error-reliability-analytics/charts/fer-vs-snr,,,,,required,render only from real DB/artifact rows,source_defined,true,true,unavailable_until_source_table_has_real_rows,false,,,runtime_evidence_present_noncanonical,4,2,2,0,0,table_dl_transport_block;table_ul_transport_block,reports/csv/output_coverage_registry.csv;reports/csv/output_coverage_registry.csv,canonical_live_table_or_view_missing_but_runtime_evidence_present
analytics,throughput-goodput-spectral-efficiency-analytics,Throughput / Goodput / Spectral Efficiency Analytics,throughput,chart,throughput,/analytics/throughput-goodput-spectral-efficiency-analytics/charts/throughput,,,,,required,render only from real DB/artifact rows,source_defined,true,true,unavailable_until_source_table_has_real_rows,false,,,runtime_evidence_present_noncanonical,6,5,1,0,0,table_scheduler_decision;live_prb_allocation;table_latency;latency_cdf_plot;latency_root_cause_table,reports/csv/output_coverage_registry.csv;reports/csv/output_coverage_registry.csv;reports/csv/output_coverage_registry.csv;reports/csv/output_coverage_registry.csv;reports/csv/output_coverage_registry.csv,canonical_live_table_or_view_missing_but_runtime_evidence_present
analytics,throughput-goodput-spectral-efficiency-analytics,Throughput / Goodput / Spectral Efficiency Analytics,throughput,chart,offered throughput,/analytics/throughput-goodput-spectral-efficiency-analytics/charts/offered-throughput,,,,,required,render only from real DB/artifact rows,source_defined,true,true,unavailable_until_source_table_has_real_rows,false,,,runtime_evidence_present_noncanonical,6,5,1,0,0,table_scheduler_decision;live_prb_allocation;table_latency;latency_cdf_plot;latency_root_cause_table,reports/csv/output_coverage_registry.csv;reports/csv/output_coverage_registry.csv;reports/csv/output_coverage_registry.csv;reports/csv/output_coverage_registry.csv;reports/csv/output_coverage_registry.csv,canonical_live_table_or_view_missing_but_runtime_evidence_present
analytics,throughput-goodput-spectral-efficiency-analytics,Throughput / Goodput / Spectral Efficiency Analytics,throughput,chart,goodput,/analytics/throughput-goodput-spectral-efficiency-analytics/charts/goodput,,,,,required,render only from real DB/artifact rows,source_defined,true,true,unavailable_until_source_table_has_real_rows,false,,,runtime_evidence_present_noncanonical,6,5,1,0,0,table_scheduler_decision;live_prb_allocation;table_latency;latency_cdf_plot;latency_root_cause_table,reports/csv/output_coverage_registry.csv;reports/csv/output_coverage_registry.csv;reports/csv/output_coverage_registry.csv;reports/csv/output_coverage_registry.csv;reports/csv/output_coverage_registry.csv,canonical_live_table_or_view_missing_but_runtime_evidence_present
analytics,throughput-goodput-spectral-efficiency-analytics,Throughput / Goodput / Spectral Efficiency Analytics,throughput,chart,spectral efficiency,/analytics/throughput-goodput-spectral-efficiency-analytics/charts/spectral-efficiency,,,,,required,render only from real DB/artifact rows,source_defined,true,true,unavailable_until_source_table_has_real_rows,false,,,runtime_evidence_present_noncanonical,6,5,1,0,0,table_scheduler_decision;live_prb_allocation;table_latency;latency_cdf_plot;latency_root_cause_table,reports/csv/output_coverage_registry.csv;reports/csv/output_coverage_registry.csv;reports/csv/output_coverage_registry.csv;reports/csv/output_coverage_registry.csv;reports/csv/output_coverage_registry.csv,canonical_live_table_or_view_missing_but_runtime_evidence_present
analytics,throughput-goodput-spectral-efficiency-analytics,Throughput / Goodput / Spectral Efficiency Analytics,throughput,chart,throughput vs SNR,/analytics/throughput-goodput-spectral-efficiency-analytics/charts/throughput-vs-snr,,,,,required,render only from real DB/artifact rows,source_defined,true,true,unavailable_until_source_table_has_real_rows,false,,,runtime_evidence_present_noncanonical,6,5,1,0,0,table_scheduler_decision;live_prb_allocation;table_latency;latency_cdf_plot;latency_root_cause_table,reports/csv/output_coverage_registry.csv;reports/csv/output_coverage_registry.csv;reports/csv/output_coverage_registry.csv;reports/csv/output_coverage_registry.csv;reports/csv/output_coverage_registry.csv,canonical_live_table_or_view_missing_but_runtime_evidence_present
analytics,throughput-goodput-spectral-efficiency-analytics,Throughput / Goodput / Spectral Efficiency Analytics,throughput,chart,throughput vs SINR,/analytics/throughput-goodput-spectral-efficiency-analytics/charts/throughput-vs-sinr,,,,,required,render only from real DB/artifact rows,source_defined,true,true,unavailable_until_source_table_has_real_rows,false,,,runtime_evidence_present_noncanonical,6,5,1,0,0,table_scheduler_decision;live_prb_allocation;table_latency;latency_cdf_plot;latency_root_cause_table,reports/csv/output_coverage_registry.csv;reports/csv/output_coverage_registry.csv;reports/csv/output_coverage_registry.csv;reports/csv/output_coverage_registry.csv;reports/csv/output_coverage_registry.csv,canonical_live_table_or_view_missing_but_runtime_evidence_present
analytics,throughput-goodput-spectral-efficiency-analytics,Throughput / Goodput / Spectral Efficiency Analytics,throughput,chart,throughput vs load,/analytics/throughput-goodput-spectral-efficiency-analytics/charts/throughput-vs-load,,,,,required,render only from real DB/artifact rows,source_defined,true,true,unavailable_until_source_table_has_real_rows,false,,,runtime_evidence_present_noncanonical,6,5,1,0,0,table_scheduler_decision;live_prb_allocation;table_latency;latency_cdf_plot;latency_root_cause_table,reports/csv/output_coverage_registry.csv;reports/csv/output_coverage_registry.csv;reports/csv/output_coverage_registry.csv;reports/csv/output_coverage_registry.csv;reports/csv/output_coverage_registry.csv,canonical_live_table_or_view_missing_but_runtime_evidence_present
analytics,throughput-goodput-spectral-efficiency-analytics,Throughput / Goodput / Spectral Efficiency Analytics,throughput,chart,goodput vs retransmissions,/analytics/throughput-goodput-spectral-efficiency-analytics/charts/goodput-vs-retransmissions,,,,,required,render only from real DB/artifact rows,source_defined,true,true,unavailable_until_source_table_has_real_rows,false,,,runtime_evidence_present_noncanonical,6,5,1,0,0,table_scheduler_decision;live_prb_allocation;table_latency;latency_cdf_plot;latency_root_cause_table,reports/csv/output_coverage_registry.csv;reports/csv/output_coverage_registry.csv;reports/csv/output_coverage_registry.csv;reports/csv/output_coverage_registry.csv;reports/csv/output_coverage_registry.csv,canonical_live_table_or_view_missing_but_runtime_evidence_present
analytics,throughput-goodput-spectral-efficiency-analytics,Throughput / Goodput / Spectral Efficiency Analytics,throughput,chart,per-UE throughput,/analytics/throughput-goodput-spectral-efficiency-analytics/charts/per-ue-throughput,,,,,required,render only from real DB/artifact rows,source_defined,true,true,unavailable_until_source_table_has_real_rows,false,,,runtime_evidence_present_noncanonical,6,5,1,0,0,table_scheduler_decision;live_prb_allocation;table_latency;latency_cdf_plot;latency_root_cause_table,reports/csv/output_coverage_registry.csv;reports/csv/output_coverage_registry.csv;reports/csv/output_coverage_registry.csv;reports/csv/output_coverage_registry.csv;reports/csv/output_coverage_registry.csv,canonical_live_table_or_view_missing_but_runtime_evidence_present
analytics,throughput-goodput-spectral-efficiency-analytics,Throughput / Goodput / Spectral Efficiency Analytics,throughput,chart,per-cell throughput,/analytics/throughput-goodput-spectral-efficiency-analytics/charts/per-cell-throughput,,,,,required,render only from real DB/artifact rows,source_defined,true,true,unavailable_until_source_table_has_real_rows,false,,,runtime_evidence_present_noncanonical,6,5,1,0,0,table_scheduler_decision;live_prb_allocation;table_latency;latency_cdf_plot;latency_root_cause_table,reports/csv/output_coverage_registry.csv;reports/csv/output_coverage_registry.csv;reports/csv/output_coverage_registry.csv;reports/csv/output_coverage_registry.csv;reports/csv/output_coverage_registry.csv,canonical_live_table_or_view_missing_but_runtime_evidence_present
analytics,throughput-goodput-spectral-efficiency-analytics,Throughput / Goodput / Spectral Efficiency Analytics,throughput,chart,throughput percentile plots,/analytics/throughput-goodput-spectral-efficiency-analytics/charts/throughput-percentile-plots,,,,,required,render only from real DB/artifact rows,source_defined,true,true,unavailable_until_source_table_has_real_rows,false,,,runtime_evidence_present_noncanonical,6,5,1,0,0,table_scheduler_decision;live_prb_allocation;table_latency;latency_cdf_plot;latency_root_cause_table,reports/csv/output_coverage_registry.csv;reports/csv/output_coverage_registry.csv;reports/csv/output_coverage_registry.csv;reports/csv/output_coverage_registry.csv;reports/csv/output_coverage_registry.csv,canonical_live_table_or_view_missing_but_runtime_evidence_present
analytics,throughput-goodput-spectral-efficiency-analytics,Throughput / Goodput / Spectral Efficiency Analytics,throughput,chart,throughput CDF,/analytics/throughput-goodput-spectral-efficiency-analytics/charts/throughput-cdf,,,,,required,render only from real DB/artifact rows,source_defined,true,true,unavailable_until_source_table_has_real_rows,false,,,runtime_evidence_present_noncanonical,6,5,1,0,0,table_scheduler_decision;live_prb_allocation;table_latency;latency_cdf_plot;latency_root_cause_table,reports/csv/output_coverage_registry.csv;reports/csv/output_coverage_registry.csv;reports/csv/output_coverage_registry.csv;reports/csv/output_coverage_registry.csv;reports/csv/output_coverage_registry.csv,canonical_live_table_or_view_missing_but_runtime_evidence_present
analytics,throughput-goodput-spectral-efficiency-analytics,Throughput / Goodput / Spectral Efficiency Analytics,throughput,chart,fairness index trend,/analytics/throughput-goodput-spectral-efficiency-analytics/charts/fairness-index-trend,,,,,required,render only from real DB/artifact rows,source_defined,true,true,unavailable_until_source_table_has_real_rows,false,,,runtime_evidence_present_noncanonical,6,5,1,0,0,table_scheduler_decision;live_prb_allocation;table_latency;latency_cdf_plot;latency_root_cause_table,reports/csv/output_coverage_registry.csv;reports/csv/output_coverage_registry.csv;reports/csv/output_coverage_registry.csv;reports/csv/output_coverage_registry.csv;reports/csv/output_coverage_registry.csv,canonical_live_table_or_view_missing_but_runtime_evidence_present
analytics,measurement-csi-link-adaptation-analytics,Measurement / CSI / Link Adaptation Analytics,measurement,chart,configured SNR vs applied AWGN SNR vs measured SINR vs large-scale SINR,/analytics/measurement-csi-link-adaptation-analytics/charts/configured-snr-vs-applied-awgn-snr-vs-measured-sinr-vs-large-scale-sinr,,,,,required,render only from real DB/artifact rows,source_defined,true,true,unavailable_until_source_table_has_real_rows,false,,,runtime_evidence_present_noncanonical,4,3,1,0,0,table_cqi_pmi_ri;table_mcs_tbs_evolution;timing_synchronization_table,reports/csv/output_coverage_registry.csv;reports/csv/output_coverage_registry.csv;reports/csv/output_coverage_registry.csv,canonical_live_table_or_view_missing_but_runtime_evidence_present
analytics,measurement-csi-link-adaptation-analytics,Measurement / CSI / Link Adaptation Analytics,measurement,chart,ServingRSRP / RSRP / CSI-RSRP trends,/analytics/measurement-csi-link-adaptation-analytics/charts/servingrsrp-rsrp-csi-rsrp-trends,,,,,required,render only from real DB/artifact rows,source_defined,true,true,unavailable_until_source_table_has_real_rows,false,,,runtime_evidence_present_noncanonical,4,3,1,0,0,table_cqi_pmi_ri;table_mcs_tbs_evolution;timing_synchronization_table,reports/csv/output_coverage_registry.csv;reports/csv/output_coverage_registry.csv;reports/csv/output_coverage_registry.csv,canonical_live_table_or_view_missing_but_runtime_evidence_present
analytics,measurement-csi-link-adaptation-analytics,Measurement / CSI / Link Adaptation Analytics,measurement,chart,CQI / PMI / RI / CRI / SSBRI trends,/analytics/measurement-csi-link-adaptation-analytics/charts/cqi-pmi-ri-cri-ssbri-trends,,,,,required,render only from real DB/artifact rows,source_defined,true,true,unavailable_until_source_table_has_real_rows,false,,,runtime_evidence_present_noncanonical,4,3,1,0,0,table_cqi_pmi_ri;table_mcs_tbs_evolution;timing_synchronization_table,reports/csv/output_coverage_registry.csv;reports/csv/output_coverage_registry.csv;reports/csv/output_coverage_registry.csv,canonical_live_table_or_view_missing_but_runtime_evidence_present
analytics,measurement-csi-link-adaptation-analytics,Measurement / CSI / Link Adaptation Analytics,measurement,chart,CQI-to-MCS mapping plot,/analytics/measurement-csi-link-adaptation-analytics/charts/cqi-to-mcs-mapping-plot,,,,,required,render only from real DB/artifact rows,source_defined,true,true,unavailable_until_source_table_has_real_rows,false,,,runtime_evidence_present_noncanonical,4,3,1,0,0,table_cqi_pmi_ri;table_mcs_tbs_evolution;timing_synchronization_table,reports/csv/output_coverage_registry.csv;reports/csv/output_coverage_registry.csv;reports/csv/output_coverage_registry.csv,canonical_live_table_or_view_missing_but_runtime_evidence_present
analytics,measurement-csi-link-adaptation-analytics,Measurement / CSI / Link Adaptation Analytics,measurement,chart,selected MCS distribution,/analytics/measurement-csi-link-adaptation-analytics/charts/selected-mcs-distribution,,,,,required,render only from real DB/artifact rows,source_defined,true,true,unavailable_until_source_table_has_real_rows,false,,,runtime_evidence_present_noncanonical,4,3,1,0,0,table_cqi_pmi_ri;table_mcs_tbs_evolution;timing_synchronization_table,reports/csv/output_coverage_registry.csv;reports/csv/output_coverage_registry.csv;reports/csv/output_coverage_registry.csv,canonical_live_table_or_view_missing_but_runtime_evidence_present
analytics,measurement-csi-link-adaptation-analytics,Measurement / CSI / Link Adaptation Analytics,measurement,chart,selected vs derived MCS confusion matrix,/analytics/measurement-csi-link-adaptation-analytics/charts/selected-vs-derived-mcs-confusion-matrix,,,,,required,render only from real DB/artifact rows,source_defined,true,true,unavailable_until_source_table_has_real_rows,false,,,runtime_evidence_present_noncanonical,4,3,1,0,0,table_cqi_pmi_ri;table_mcs_tbs_evolution;timing_synchronization_table,reports/csv/output_coverage_registry.csv;reports/csv/output_coverage_registry.csv;reports/csv/output_coverage_registry.csv,canonical_live_table_or_view_missing_but_runtime_evidence_present
analytics,measurement-csi-link-adaptation-analytics,Measurement / CSI / Link Adaptation Analytics,measurement,chart,quality-vs-selected-MCS mismatch plot,/analytics/measurement-csi-link-adaptation-analytics/charts/quality-vs-selected-mcs-mismatch-plot,,,,,required,render only from real DB/artifact rows,source_defined,true,true,unavailable_until_source_table_has_real_rows,false,,,runtime_evidence_present_noncanonical,4,3,1,0,0,table_cqi_pmi_ri;table_mcs_tbs_evolution;timing_synchronization_table,reports/csv/output_coverage_registry.csv;reports/csv/output_coverage_registry.csv;reports/csv/output_coverage_registry.csv,canonical_live_table_or_view_missing_but_runtime_evidence_present
analytics,measurement-csi-link-adaptation-analytics,Measurement / CSI / Link Adaptation Analytics,measurement,chart,per-beam quality plot,/analytics/measurement-csi-link-adaptation-analytics/charts/per-beam-quality-plot,,,,,required,render only from real DB/artifact rows,source_defined,true,true,unavailable_until_source_table_has_real_rows,false,,,runtime_evidence_present_noncanonical,4,3,1,0,0,table_cqi_pmi_ri;table_mcs_tbs_evolution;timing_synchronization_table,reports/csv/output_coverage_registry.csv;reports/csv/output_coverage_registry.csv;reports/csv/output_coverage_registry.csv,canonical_live_table_or_view_missing_but_runtime_evidence_present
analytics,measurement-csi-link-adaptation-analytics,Measurement / CSI / Link Adaptation Analytics,measurement,chart,per-layer quality plot,/analytics/measurement-csi-link-adaptation-analytics/charts/per-layer-quality-plot,,,,,required,render only from real DB/artifact rows,source_defined,true,true,unavailable_until_source_table_has_real_rows,false,,,runtime_evidence_present_noncanonical,4,3,1,0,0,table_cqi_pmi_ri;table_mcs_tbs_evolution;timing_synchronization_table,reports/csv/output_coverage_registry.csv;reports/csv/output_coverage_registry.csv;reports/csv/output_coverage_registry.csv,canonical_live_table_or_view_missing_but_runtime_evidence_present
analytics,measurement-csi-link-adaptation-analytics,Measurement / CSI / Link Adaptation Analytics,measurement,chart,config-vs-measured conflict dashboard,/analytics/measurement-csi-link-adaptation-analytics/charts/config-vs-measured-conflict-dashboard,,,,,required,render only from real DB/artifact rows,source_defined,true,true,unavailable_until_source_table_has_real_rows,false,,,runtime_evidence_present_noncanonical,4,3,1,0,0,table_cqi_pmi_ri;table_mcs_tbs_evolution;timing_synchronization_table,reports/csv/output_coverage_registry.csv;reports/csv/output_coverage_registry.csv;reports/csv/output_coverage_registry.csv,canonical_live_table_or_view_missing_but_runtime_evidence_present
analytics,harq-analytics,HARQ Analytics,harq,chart,HARQ process timeline,/analytics/harq-analytics/charts/harq-process-timeline,,,,,required,render only from real DB/artifact rows,source_defined,true,true,unavailable_until_source_table_has_real_rows,false,,,runtime_partial_evidence_present_noncanonical,2,0,2,0,0,table_harq_process;harq_timeline_plot,reports/csv/output_coverage_registry.csv;reports/csv/output_coverage_registry.csv,canonical_live_table_or_view_missing_but_runtime_evidence_present
analytics,harq-analytics,HARQ Analytics,harq,chart,retransmission count histogram,/analytics/harq-analytics/charts/retransmission-count-histogram,,,,,required,render only from real DB/artifact rows,source_defined,true,true,unavailable_until_source_table_has_real_rows,false,,,runtime_partial_evidence_present_noncanonical,2,0,2,0,0,table_harq_process;harq_timeline_plot,reports/csv/output_coverage_registry.csv;reports/csv/output_coverage_registry.csv,canonical_live_table_or_view_missing_but_runtime_evidence_present
analytics,harq-analytics,HARQ Analytics,harq,chart,retransmission rate trend,/analytics/harq-analytics/charts/retransmission-rate-trend,,,,,required,render only from real DB/artifact rows,source_defined,true,true,unavailable_until_source_table_has_real_rows,false,,,runtime_partial_evidence_present_noncanonical,2,0,2,0,0,table_harq_process;harq_timeline_plot,reports/csv/output_coverage_registry.csv;reports/csv/output_coverage_registry.csv,canonical_live_table_or_view_missing_but_runtime_evidence_present
analytics,harq-analytics,HARQ Analytics,harq,chart,HARQ RTT distribution,/analytics/harq-analytics/charts/harq-rtt-distribution,,,,,required,render only from real DB/artifact rows,source_defined,true,true,unavailable_until_source_table_has_real_rows,false,,,runtime_partial_evidence_present_noncanonical,2,0,2,0,0,table_harq_process;harq_timeline_plot,reports/csv/output_coverage_registry.csv;reports/csv/output_coverage_registry.csv,canonical_live_table_or_view_missing_but_runtime_evidence_present
analytics,harq-analytics,HARQ Analytics,harq,chart,HARQ combining gain distribution,/analytics/harq-analytics/charts/harq-combining-gain-distribution,,,,,required,render only from real DB/artifact rows,source_defined,true,true,unavailable_until_source_table_has_real_rows,false,,,runtime_partial_evidence_present_noncanonical,2,0,2,0,0,table_harq_process;harq_timeline_plot,reports/csv/output_coverage_registry.csv;reports/csv/output_coverage_registry.csv,canonical_live_table_or_view_missing_but_runtime_evidence_present
analytics,harq-analytics,HARQ Analytics,harq,chart,newTx vs retx comparison,/analytics/harq-analytics/charts/newtx-vs-retx-comparison,,,,,required,render only from real DB/artifact rows,source_defined,true,true,unavailable_until_source_table_has_real_rows,false,,,runtime_partial_evidence_present_noncanonical,2,0,2,0,0,table_harq_process;harq_timeline_plot,reports/csv/output_coverage_registry.csv;reports/csv/output_coverage_registry.csv,canonical_live_table_or_view_missing_but_runtime_evidence_present
analytics,harq-analytics,HARQ Analytics,harq,chart,residual failure patterns,/analytics/harq-analytics/charts/residual-failure-patterns,,,,,required,render only from real DB/artifact rows,source_defined,true,true,unavailable_until_source_table_has_real_rows,false,,,runtime_partial_evidence_present_noncanonical,2,0,2,0,0,table_harq_process;harq_timeline_plot,reports/csv/output_coverage_registry.csv;reports/csv/output_coverage_registry.csv,canonical_live_table_or_view_missing_but_runtime_evidence_present
analytics,beamforming-precoding-mimo-analytics,Beamforming / Precoding / MIMO Analytics,beam_mimo,chart,beam id timeline,/analytics/beamforming-precoding-mimo-analytics/charts/beam-id-timeline,,,,,required,render only from real DB/artifact rows,source_defined,true,true,unavailable_until_source_table_has_real_rows,false,,,runtime_evidence_present_noncanonical,7,4,2,1,0,beam_precoder_table;beamforming_analytics_table;mimo_rank_utilization_table;rank_layer_usage_histogram,reports/csv/output_coverage_registry.csv;reports/csv/output_coverage_registry.csv;reports/csv/output_coverage_registry.csv;reports/csv/output_coverage_registry.csv,canonical_live_table_or_view_missing_but_runtime_evidence_present
analytics,beamforming-precoding-mimo-analytics,Beamforming / Precoding / MIMO Analytics,beam_mimo,chart,beam pair timeline,/analytics/beamforming-precoding-mimo-analytics/charts/beam-pair-timeline,,,,,required,render only from real DB/artifact rows,source_defined,true,true,unavailable_until_source_table_has_real_rows,false,,,runtime_evidence_present_noncanonical,7,4,2,1,0,beam_precoder_table;beamforming_analytics_table;mimo_rank_utilization_table;rank_layer_usage_histogram,reports/csv/output_coverage_registry.csv;reports/csv/output_coverage_registry.csv;reports/csv/output_coverage_registry.csv;reports/csv/output_coverage_registry.csv,canonical_live_table_or_view_missing_but_runtime_evidence_present
analytics,beamforming-precoding-mimo-analytics,Beamforming / Precoding / MIMO Analytics,beam_mimo,chart,selected vs best beam gap,/analytics/beamforming-precoding-mimo-analytics/charts/selected-vs-best-beam-gap,,,,,required,render only from real DB/artifact rows,source_defined,true,true,unavailable_until_source_table_has_real_rows,false,,,runtime_evidence_present_noncanonical,7,4,2,1,0,beam_precoder_table;beamforming_analytics_table;mimo_rank_utilization_table;rank_layer_usage_histogram,reports/csv/output_coverage_registry.csv;reports/csv/output_coverage_registry.csv;reports/csv/output_coverage_registry.csv;reports/csv/output_coverage_registry.csv,canonical_live_table_or_view_missing_but_runtime_evidence_present
analytics,beamforming-precoding-mimo-analytics,Beamforming / Precoding / MIMO Analytics,beam_mimo,chart,beam hit rate / top-K hit rate,/analytics/beamforming-precoding-mimo-analytics/charts/beam-hit-rate-top-k-hit-rate,,,,,required,render only from real DB/artifact rows,source_defined,true,true,unavailable_until_source_table_has_real_rows,false,,,runtime_evidence_present_noncanonical,7,4,2,1,0,beam_precoder_table;beamforming_analytics_table;mimo_rank_utilization_table;rank_layer_usage_histogram,reports/csv/output_coverage_registry.csv;reports/csv/output_coverage_registry.csv;reports/csv/output_coverage_registry.csv;reports/csv/output_coverage_registry.csv,canonical_live_table_or_view_missing_but_runtime_evidence_present
analytics,beamforming-precoding-mimo-analytics,Beamforming / Precoding / MIMO Analytics,beam_mimo,chart,beam gain gap histogram,/analytics/beamforming-precoding-mimo-analytics/charts/beam-gain-gap-histogram,,,,,required,render only from real DB/artifact rows,source_defined,true,true,unavailable_until_source_table_has_real_rows,false,,,runtime_evidence_present_noncanonical,7,4,2,1,0,beam_precoder_table;beamforming_analytics_table;mimo_rank_utilization_table;rank_layer_usage_histogram,reports/csv/output_coverage_registry.csv;reports/csv/output_coverage_registry.csv;reports/csv/output_coverage_registry.csv;reports/csv/output_coverage_registry.csv,canonical_live_table_or_view_missing_but_runtime_evidence_present
analytics,beamforming-precoding-mimo-analytics,Beamforming / Precoding / MIMO Analytics,beam_mimo,chart,precoder mode distribution,/analytics/beamforming-precoding-mimo-analytics/charts/precoder-mode-distribution,,,,,required,render only from real DB/artifact rows,source_defined,true,true,unavailable_until_source_table_has_real_rows,false,,,runtime_evidence_present_noncanonical,7,4,2,1,0,beam_precoder_table;beamforming_analytics_table;mimo_rank_utilization_table;rank_layer_usage_histogram,reports/csv/output_coverage_registry.csv;reports/csv/output_coverage_registry.csv;reports/csv/output_coverage_registry.csv;reports/csv/output_coverage_registry.csv,canonical_live_table_or_view_missing_but_runtime_evidence_present
analytics,beamforming-precoding-mimo-analytics,Beamforming / Precoding / MIMO Analytics,beam_mimo,chart,combiner summary,/analytics/beamforming-precoding-mimo-analytics/charts/combiner-summary,,,,,required,render only from real DB/artifact rows,source_defined,true,true,unavailable_until_source_table_has_real_rows,false,,,runtime_evidence_present_noncanonical,7,4,2,1,0,beam_precoder_table;beamforming_analytics_table;mimo_rank_utilization_table;rank_layer_usage_histogram,reports/csv/output_coverage_registry.csv;reports/csv/output_coverage_registry.csv;reports/csv/output_coverage_registry.csv;reports/csv/output_coverage_registry.csv,canonical_live_table_or_view_missing_but_runtime_evidence_present
analytics,beamforming-precoding-mimo-analytics,Beamforming / Precoding / MIMO Analytics,beam_mimo,chart,rank distribution,/analytics/beamforming-precoding-mimo-analytics/charts/rank-distribution,,,,,required,render only from real DB/artifact rows,source_defined,true,true,unavailable_until_source_table_has_real_rows,false,,,runtime_evidence_present_noncanonical,7,4,2,1,0,beam_precoder_table;beamforming_analytics_table;mimo_rank_utilization_table;rank_layer_usage_histogram,reports/csv/output_coverage_registry.csv;reports/csv/output_coverage_registry.csv;reports/csv/output_coverage_registry.csv;reports/csv/output_coverage_registry.csv,canonical_live_table_or_view_missing_but_runtime_evidence_present
analytics,beamforming-precoding-mimo-analytics,Beamforming / Precoding / MIMO Analytics,beam_mimo,chart,per-layer SINR,/analytics/beamforming-precoding-mimo-analytics/charts/per-layer-sinr,,,,,required,render only from real DB/artifact rows,source_defined,true,true,unavailable_until_source_table_has_real_rows,false,,,runtime_evidence_present_noncanonical,7,4,2,1,0,beam_precoder_table;beamforming_analytics_table;mimo_rank_utilization_table;rank_layer_usage_histogram,reports/csv/output_coverage_registry.csv;reports/csv/output_coverage_registry.csv;reports/csv/output_coverage_registry.csv;reports/csv/output_coverage_registry.csv,canonical_live_table_or_view_missing_but_runtime_evidence_present
analytics,beamforming-precoding-mimo-analytics,Beamforming / Precoding / MIMO Analytics,beam_mimo,chart,inter-user leakage,/analytics/beamforming-precoding-mimo-analytics/charts/inter-user-leakage,,,,,required,render only from real DB/artifact rows,source_defined,true,true,unavailable_until_source_table_has_real_rows,false,,,runtime_evidence_present_noncanonical,7,4,2,1,0,beam_precoder_table;beamforming_analytics_table;mimo_rank_utilization_table;rank_layer_usage_histogram,reports/csv/output_coverage_registry.csv;reports/csv/output_coverage_registry.csv;reports/csv/output_coverage_registry.csv;reports/csv/output_coverage_registry.csv,canonical_live_table_or_view_missing_but_runtime_evidence_present
analytics,beamforming-precoding-mimo-analytics,Beamforming / Precoding / MIMO Analytics,beam_mimo,chart,MU grouping analytics,/analytics/beamforming-precoding-mimo-analytics/charts/mu-grouping-analytics,,,,,required,render only from real DB/artifact rows,source_defined,true,true,unavailable_until_source_table_has_real_rows,false,,,runtime_evidence_present_noncanonical,7,4,2,1,0,beam_precoder_table;beamforming_analytics_table;mimo_rank_utilization_table;rank_layer_usage_histogram,reports/csv/output_coverage_registry.csv;reports/csv/output_coverage_registry.csv;reports/csv/output_coverage_registry.csv;reports/csv/output_coverage_registry.csv,canonical_live_table_or_view_missing_but_runtime_evidence_present
analytics,beamforming-precoding-mimo-analytics,Beamforming / Precoding / MIMO Analytics,beam_mimo,chart,condition number distribution,/analytics/beamforming-precoding-mimo-analytics/charts/condition-number-distribution,,,,,required,render only from real DB/artifact rows,source_defined,true,true,unavailable_until_source_table_has_real_rows,false,,,runtime_evidence_present_noncanonical,7,4,2,1,0,beam_precoder_table;beamforming_analytics_table;mimo_rank_utilization_table;rank_layer_usage_histogram,reports/csv/output_coverage_registry.csv;reports/csv/output_coverage_registry.csv;reports/csv/output_coverage_registry.csv;reports/csv/output_coverage_registry.csv,canonical_live_table_or_view_missing_but_runtime_evidence_present
analytics,beamforming-precoding-mimo-analytics,Beamforming / Precoding / MIMO Analytics,beam_mimo,chart,calibration / reciprocity diagnostics if modeled,/analytics/beamforming-precoding-mimo-analytics/charts/calibration-reciprocity-diagnostics-if-modeled,,,,,required,render only from real DB/artifact rows,source_defined,true,true,unavailable_until_source_table_has_real_rows,false,,,runtime_evidence_present_noncanonical,7,4,2,1,0,beam_precoder_table;beamforming_analytics_table;mimo_rank_utilization_table;rank_layer_usage_histogram,reports/csv/output_coverage_registry.csv;reports/csv/output_coverage_registry.csv;reports/csv/output_coverage_registry.csv;reports/csv/output_coverage_registry.csv,canonical_live_table_or_view_missing_but_runtime_evidence_present
analytics,mobility-selection-reselection-handover-analytics,Mobility / Selection / Reselection / Handover Analytics,mobility,chart,UE trajectory views,/analytics/mobility-selection-reselection-handover-analytics/charts/ue-trajectory-views,,,,,required,render only from real DB/artifact rows,source_defined,true,true,unavailable_until_source_table_has_real_rows,false,,,runtime_evidence_present_noncanonical,5,3,1,1,0,timing_synchronization_table;anomaly_window_table;cross_layer_correlation_table,reports/csv/output_coverage_registry.csv;reports/csv/output_coverage_registry.csv;reports/csv/output_coverage_registry.csv,canonical_live_table_or_view_missing_but_runtime_evidence_present
analytics,mobility-selection-reselection-handover-analytics,Mobility / Selection / Reselection / Handover Analytics,mobility,chart,serving cell timeline,/analytics/mobility-selection-reselection-handover-analytics/charts/serving-cell-timeline,,,,,required,render only from real DB/artifact rows,source_defined,true,true,unavailable_until_source_table_has_real_rows,false,,,runtime_evidence_present_noncanonical,5,3,1,1,0,timing_synchronization_table;anomaly_window_table;cross_layer_correlation_table,reports/csv/output_coverage_registry.csv;reports/csv/output_coverage_registry.csv;reports/csv/output_coverage_registry.csv,canonical_live_table_or_view_missing_but_runtime_evidence_present
analytics,mobility-selection-reselection-handover-analytics,Mobility / Selection / Reselection / Handover Analytics,mobility,chart,neighbor ranking timeline,/analytics/mobility-selection-reselection-handover-analytics/charts/neighbor-ranking-timeline,,,,,required,render only from real DB/artifact rows,source_defined,true,true,unavailable_until_source_table_has_real_rows,false,,,runtime_evidence_present_noncanonical,5,3,1,1,0,timing_synchronization_table;anomaly_window_table;cross_layer_correlation_table,reports/csv/output_coverage_registry.csv;reports/csv/output_coverage_registry.csv;reports/csv/output_coverage_registry.csv,canonical_live_table_or_view_missing_but_runtime_evidence_present
analytics,mobility-selection-reselection-handover-analytics,Mobility / Selection / Reselection / Handover Analytics,mobility,chart,selection/reselection trigger tables,/analytics/mobility-selection-reselection-handover-analytics/charts/selection-reselection-trigger-tables,,,,,required,render only from real DB/artifact rows,source_defined,true,true,unavailable_until_source_table_has_real_rows,false,,,runtime_evidence_present_noncanonical,5,3,1,1,0,timing_synchronization_table;anomaly_window_table;cross_layer_correlation_table,reports/csv/output_coverage_registry.csv;reports/csv/output_coverage_registry.csv;reports/csv/output_coverage_registry.csv,canonical_live_table_or_view_missing_but_runtime_evidence_present
analytics,mobility-selection-reselection-handover-analytics,Mobility / Selection / Reselection / Handover Analytics,mobility,chart,hysteresis / TTT studies,/analytics/mobility-selection-reselection-handover-analytics/charts/hysteresis-ttt-studies,,,,,required,render only from real DB/artifact rows,source_defined,true,true,unavailable_until_source_table_has_real_rows,false,,,runtime_evidence_present_noncanonical,5,3,1,1,0,timing_synchronization_table;anomaly_window_table;cross_layer_correlation_table,reports/csv/output_coverage_registry.csv;reports/csv/output_coverage_registry.csv;reports/csv/output_coverage_registry.csv,canonical_live_table_or_view_missing_but_runtime_evidence_present
analytics,mobility-selection-reselection-handover-analytics,Mobility / Selection / Reselection / Handover Analytics,mobility,chart,mobility robustness summaries,/analytics/mobility-selection-reselection-handover-analytics/charts/mobility-robustness-summaries,,,,,required,render only from real DB/artifact rows,source_defined,true,true,unavailable_until_source_table_has_real_rows,false,,,runtime_evidence_present_noncanonical,5,3,1,1,0,timing_synchronization_table;anomaly_window_table;cross_layer_correlation_table,reports/csv/output_coverage_registry.csv;reports/csv/output_coverage_registry.csv;reports/csv/output_coverage_registry.csv,canonical_live_table_or_view_missing_but_runtime_evidence_present
analytics,mobility-selection-reselection-handover-analytics,Mobility / Selection / Reselection / Handover Analytics,mobility,chart,access delay vs mobility,/analytics/mobility-selection-reselection-handover-analytics/charts/access-delay-vs-mobility,,,,,required,render only from real DB/artifact rows,source_defined,true,true,unavailable_until_source_table_has_real_rows,false,,,runtime_evidence_present_noncanonical,5,3,1,1,0,timing_synchronization_table;anomaly_window_table;cross_layer_correlation_table,reports/csv/output_coverage_registry.csv;reports/csv/output_coverage_registry.csv;reports/csv/output_coverage_registry.csv,canonical_live_table_or_view_missing_but_runtime_evidence_present
analytics,mobility-selection-reselection-handover-analytics,Mobility / Selection / Reselection / Handover Analytics,mobility,chart,measurement filtering analytics,/analytics/mobility-selection-reselection-handover-analytics/charts/measurement-filtering-analytics,,,,,required,render only from real DB/artifact rows,source_defined,true,true,unavailable_until_source_table_has_real_rows,false,,,runtime_evidence_present_noncanonical,5,3,1,1,0,timing_synchronization_table;anomaly_window_table;cross_layer_correlation_table,reports/csv/output_coverage_registry.csv;reports/csv/output_coverage_registry.csv;reports/csv/output_coverage_registry.csv,canonical_live_table_or_view_missing_but_runtime_evidence_present
analytics,mobility-selection-reselection-handover-analytics,Mobility / Selection / Reselection / Handover Analytics,mobility,chart,handover event timeline,/analytics/mobility-selection-reselection-handover-analytics/charts/handover-event-timeline,,,,,required,render only from real DB/artifact rows,source_defined,true,true,unavailable_until_source_table_has_real_rows,false,,,runtime_evidence_present_noncanonical,5,3,1,1,0,timing_synchronization_table;anomaly_window_table;cross_layer_correlation_table,reports/csv/output_coverage_registry.csv;reports/csv/output_coverage_registry.csv;reports/csv/output_coverage_registry.csv,canonical_live_table_or_view_missing_but_runtime_evidence_present
analytics,random-access-prach-analytics,Random Access / PRACH Analytics,random_access,chart,detection rate,/analytics/random-access-prach-analytics/charts/detection-rate,,,,,required,render only from real DB/artifact rows,source_defined,true,true,unavailable_until_source_table_has_real_rows,false,,,runtime_evidence_present_noncanonical,15,10,0,5,0,pdcch_dci_table;ssb_pbch_table;csi_rs_table;prach_table;pucch_table,reports/csv/output_coverage_registry.csv;reports/csv/output_coverage_registry.csv;reports/csv/output_coverage_registry.csv;reports/csv/output_coverage_registry.csv;reports/csv/output_coverage_registry.csv,canonical_live_table_or_view_missing_but_runtime_evidence_present
analytics,random-access-prach-analytics,Random Access / PRACH Analytics,random_access,chart,false alarm rate,/analytics/random-access-prach-analytics/charts/false-alarm-rate,,,,,required,render only from real DB/artifact rows,source_defined,true,true,unavailable_until_source_table_has_real_rows,false,,,runtime_evidence_present_noncanonical,15,10,0,5,0,pdcch_dci_table;ssb_pbch_table;csi_rs_table;prach_table;pucch_table,reports/csv/output_coverage_registry.csv;reports/csv/output_coverage_registry.csv;reports/csv/output_coverage_registry.csv;reports/csv/output_coverage_registry.csv;reports/csv/output_coverage_registry.csv,canonical_live_table_or_view_missing_but_runtime_evidence_present
analytics,random-access-prach-analytics,Random Access / PRACH Analytics,random_access,chart,missed detection rate,/analytics/random-access-prach-analytics/charts/missed-detection-rate,,,,,required,render only from real DB/artifact rows,source_defined,true,true,unavailable_until_source_table_has_real_rows,false,,,runtime_evidence_present_noncanonical,15,10,0,5,0,pdcch_dci_table;ssb_pbch_table;csi_rs_table;prach_table;pucch_table,reports/csv/output_coverage_registry.csv;reports/csv/output_coverage_registry.csv;reports/csv/output_coverage_registry.csv;reports/csv/output_coverage_registry.csv;reports/csv/output_coverage_registry.csv,canonical_live_table_or_view_missing_but_runtime_evidence_present
analytics,random-access-prach-analytics,Random Access / PRACH Analytics,random_access,chart,access latency,/analytics/random-access-prach-analytics/charts/access-latency,,,,,required,render only from real DB/artifact rows,source_defined,true,true,unavailable_until_source_table_has_real_rows,false,,,runtime_evidence_present_noncanonical,15,10,0,5,0,pdcch_dci_table;ssb_pbch_table;csi_rs_table;prach_table;pucch_table,reports/csv/output_coverage_registry.csv;reports/csv/output_coverage_registry.csv;reports/csv/output_coverage_registry.csv;reports/csv/output_coverage_registry.csv;reports/csv/output_coverage_registry.csv,canonical_live_table_or_view_missing_but_runtime_evidence_present
analytics,random-access-prach-analytics,Random Access / PRACH Analytics,random_access,chart,retry count distribution,/analytics/random-access-prach-analytics/charts/retry-count-distribution,,,,,required,render only from real DB/artifact rows,source_defined,true,true,unavailable_until_source_table_has_real_rows,false,,,runtime_evidence_present_noncanonical,15,10,0,5,0,pdcch_dci_table;ssb_pbch_table;csi_rs_table;prach_table;pucch_table,reports/csv/output_coverage_registry.csv;reports/csv/output_coverage_registry.csv;reports/csv/output_coverage_registry.csv;reports/csv/output_coverage_registry.csv;reports/csv/output_coverage_registry.csv,canonical_live_table_or_view_missing_but_runtime_evidence_present
analytics,random-access-prach-analytics,Random Access / PRACH Analytics,random_access,chart,timing advance distribution,/analytics/random-access-prach-analytics/charts/timing-advance-distribution,,,,,required,render only from real DB/artifact rows,source_defined,true,true,unavailable_until_source_table_has_real_rows,false,,,runtime_evidence_present_noncanonical,15,10,0,5,0,pdcch_dci_table;ssb_pbch_table;csi_rs_table;prach_table;pucch_table,reports/csv/output_coverage_registry.csv;reports/csv/output_coverage_registry.csv;reports/csv/output_coverage_registry.csv;reports/csv/output_coverage_registry.csv;reports/csv/output_coverage_registry.csv,canonical_live_table_or_view_missing_but_runtime_evidence_present
analytics,random-access-prach-analytics,Random Access / PRACH Analytics,random_access,chart,preamble/root/cyclic-shift usage summary,/analytics/random-access-prach-analytics/charts/preamble-root-cyclic-shift-usage-summary,,,,,required,render only from real DB/artifact rows,source_defined,true,true,unavailable_until_source_table_has_real_rows,false,,,runtime_evidence_present_noncanonical,15,10,0,5,0,pdcch_dci_table;ssb_pbch_table;csi_rs_table;prach_table;pucch_table,reports/csv/output_coverage_registry.csv;reports/csv/output_coverage_registry.csv;reports/csv/output_coverage_registry.csv;reports/csv/output_coverage_registry.csv;reports/csv/output_coverage_registry.csv,canonical_live_table_or_view_missing_but_runtime_evidence_present
analytics,random-access-prach-analytics,Random Access / PRACH Analytics,random_access,chart,collision summary if modeled,/analytics/random-access-prach-analytics/charts/collision-summary-if-modeled,,,,,required,render only from real DB/artifact rows,source_defined,true,true,unavailable_until_source_table_has_real_rows,false,,,runtime_evidence_present_noncanonical,15,10,0,5,0,pdcch_dci_table;ssb_pbch_table;csi_rs_table;prach_table;pucch_table,reports/csv/output_coverage_registry.csv;reports/csv/output_coverage_registry.csv;reports/csv/output_coverage_registry.csv;reports/csv/output_coverage_registry.csv;reports/csv/output_coverage_registry.csv,canonical_live_table_or_view_missing_but_runtime_evidence_present
analytics,impairments-tracking-analytics,Impairments / Tracking Analytics,impairments,chart,CFO true vs estimated vs residual,/analytics/impairments-tracking-analytics/charts/cfo-true-vs-estimated-vs-residual,,,,,required,render only from real DB/artifact rows,source_defined,true,true,unavailable_until_source_table_has_real_rows,false,,,runtime_evidence_present_noncanonical,7,1,3,3,0,timing_synchronization_table,reports/csv/output_coverage_registry.csv,canonical_live_table_or_view_missing_but_runtime_evidence_present
analytics,impairments-tracking-analytics,Impairments / Tracking Analytics,impairments,chart,timing offset true vs estimated vs residual,/analytics/impairments-tracking-analytics/charts/timing-offset-true-vs-estimated-vs-residual,,,,,required,render only from real DB/artifact rows,source_defined,true,true,unavailable_until_source_table_has_real_rows,false,,,runtime_evidence_present_noncanonical,7,1,3,3,0,timing_synchronization_table,reports/csv/output_coverage_registry.csv,canonical_live_table_or_view_missing_but_runtime_evidence_present
analytics,impairments-tracking-analytics,Impairments / Tracking Analytics,impairments,chart,phase noise summary,/analytics/impairments-tracking-analytics/charts/phase-noise-summary,,,,,required,render only from real DB/artifact rows,source_defined,true,true,unavailable_until_source_table_has_real_rows,false,,,runtime_evidence_present_noncanonical,7,1,3,3,0,timing_synchronization_table,reports/csv/output_coverage_registry.csv,canonical_live_table_or_view_missing_but_runtime_evidence_present
analytics,impairments-tracking-analytics,Impairments / Tracking Analytics,impairments,chart,IQ imbalance summary,/analytics/impairments-tracking-analytics/charts/iq-imbalance-summary,,,,,required,render only from real DB/artifact rows,source_defined,true,true,unavailable_until_source_table_has_real_rows,false,,,runtime_evidence_present_noncanonical,7,1,3,3,0,timing_synchronization_table,reports/csv/output_coverage_registry.csv,canonical_live_table_or_view_missing_but_runtime_evidence_present
analytics,impairments-tracking-analytics,Impairments / Tracking Analytics,impairments,chart,PA nonlinearity summary,/analytics/impairments-tracking-analytics/charts/pa-nonlinearity-summary,,,,,required,render only from real DB/artifact rows,source_defined,true,true,unavailable_until_source_table_has_real_rows,false,,,runtime_evidence_present_noncanonical,7,1,3,3,0,timing_synchronization_table,reports/csv/output_coverage_registry.csv,canonical_live_table_or_view_missing_but_runtime_evidence_present
analytics,impairments-tracking-analytics,Impairments / Tracking Analytics,impairments,chart,clipping summary,/analytics/impairments-tracking-analytics/charts/clipping-summary,,,,,required,render only from real DB/artifact rows,source_defined,true,true,unavailable_until_source_table_has_real_rows,false,,,runtime_evidence_present_noncanonical,7,1,3,3,0,timing_synchronization_table,reports/csv/output_coverage_registry.csv,canonical_live_table_or_view_missing_but_runtime_evidence_present
analytics,impairments-tracking-analytics,Impairments / Tracking Analytics,impairments,chart,quantization summary,/analytics/impairments-tracking-analytics/charts/quantization-summary,,,,,required,render only from real DB/artifact rows,source_defined,true,true,unavailable_until_source_table_has_real_rows,false,,,runtime_evidence_present_noncanonical,7,1,3,3,0,timing_synchronization_table,reports/csv/output_coverage_registry.csv,canonical_live_table_or_view_missing_but_runtime_evidence_present
analytics,impairments-tracking-analytics,Impairments / Tracking Analytics,impairments,chart,impairment order trace,/analytics/impairments-tracking-analytics/charts/impairment-order-trace,,,,,required,render only from real DB/artifact rows,source_defined,true,true,unavailable_until_source_table_has_real_rows,false,,,runtime_evidence_present_noncanonical,7,1,3,3,0,timing_synchronization_table,reports/csv/output_coverage_registry.csv,canonical_live_table_or_view_missing_but_runtime_evidence_present
analytics,impairments-tracking-analytics,Impairments / Tracking Analytics,impairments,chart,contribution decomposition if measurable,/analytics/impairments-tracking-analytics/charts/contribution-decomposition-if-measurable,,,,,required,render only from real DB/artifact rows,source_defined,true,true,unavailable_until_source_table_has_real_rows,false,,,runtime_evidence_present_noncanonical,7,1,3,3,0,timing_synchronization_table,reports/csv/output_coverage_registry.csv,canonical_live_table_or_view_missing_but_runtime_evidence_present
analytics,power-energy-efficiency-analytics,Power / Energy / Efficiency Analytics,power_energy,chart,DL Tx power per cell / beam / UE,/analytics/power-energy-efficiency-analytics/charts/dl-tx-power-per-cell-beam-ue,,,,,required,render only from real DB/artifact rows,source_defined,true,true,unavailable_until_source_table_has_real_rows,false,,,runtime_evidence_present_noncanonical,6,6,0,0,0,table_latency;latency_cdf_plot;power_energy_table;timing_synchronization_table;latency_root_cause_table,reports/csv/output_coverage_registry.csv;reports/csv/output_coverage_registry.csv;reports/csv/output_coverage_registry.csv;reports/csv/output_coverage_registry.csv;reports/csv/output_coverage_registry.csv,canonical_live_table_or_view_missing_but_runtime_evidence_present
analytics,power-energy-efficiency-analytics,Power / Energy / Efficiency Analytics,power_energy,chart,UL Tx power per UE,/analytics/power-energy-efficiency-analytics/charts/ul-tx-power-per-ue,,,,,required,render only from real DB/artifact rows,source_defined,true,true,unavailable_until_source_table_has_real_rows,false,,,runtime_evidence_present_noncanonical,6,6,0,0,0,table_latency;latency_cdf_plot;power_energy_table;timing_synchronization_table;latency_root_cause_table,reports/csv/output_coverage_registry.csv;reports/csv/output_coverage_registry.csv;reports/csv/output_coverage_registry.csv;reports/csv/output_coverage_registry.csv;reports/csv/output_coverage_registry.csv,canonical_live_table_or_view_missing_but_runtime_evidence_present
analytics,power-energy-efficiency-analytics,Power / Energy / Efficiency Analytics,power_energy,chart,power control behavior,/analytics/power-energy-efficiency-analytics/charts/power-control-behavior,,,,,required,render only from real DB/artifact rows,source_defined,true,true,unavailable_until_source_table_has_real_rows,false,,,runtime_evidence_present_noncanonical,6,6,0,0,0,table_latency;latency_cdf_plot;power_energy_table;timing_synchronization_table;latency_root_cause_table,reports/csv/output_coverage_registry.csv;reports/csv/output_coverage_registry.csv;reports/csv/output_coverage_registry.csv;reports/csv/output_coverage_registry.csv;reports/csv/output_coverage_registry.csv,canonical_live_table_or_view_missing_but_runtime_evidence_present
analytics,power-energy-efficiency-analytics,Power / Energy / Efficiency Analytics,power_energy,chart,PA backoff distribution,/analytics/power-energy-efficiency-analytics/charts/pa-backoff-distribution,,,,,required,render only from real DB/artifact rows,source_defined,true,true,unavailable_until_source_table_has_real_rows,false,,,runtime_evidence_present_noncanonical,6,6,0,0,0,table_latency;latency_cdf_plot;power_energy_table;timing_synchronization_table;latency_root_cause_table,reports/csv/output_coverage_registry.csv;reports/csv/output_coverage_registry.csv;reports/csv/output_coverage_registry.csv;reports/csv/output_coverage_registry.csv;reports/csv/output_coverage_registry.csv,canonical_live_table_or_view_missing_but_runtime_evidence_present
analytics,power-energy-efficiency-analytics,Power / Energy / Efficiency Analytics,power_energy,chart,RF chain power,/analytics/power-energy-efficiency-analytics/charts/rf-chain-power,,,,,required,render only from real DB/artifact rows,source_defined,true,true,unavailable_until_source_table_has_real_rows,false,,,runtime_evidence_present_noncanonical,6,6,0,0,0,table_latency;latency_cdf_plot;power_energy_table;timing_synchronization_table;latency_root_cause_table,reports/csv/output_coverage_registry.csv;reports/csv/output_coverage_registry.csv;reports/csv/output_coverage_registry.csv;reports/csv/output_coverage_registry.csv;reports/csv/output_coverage_registry.csv,canonical_live_table_or_view_missing_but_runtime_evidence_present
analytics,power-energy-efficiency-analytics,Power / Energy / Efficiency Analytics,power_energy,chart,baseband power,/analytics/power-energy-efficiency-analytics/charts/baseband-power,,,,,required,render only from real DB/artifact rows,source_defined,true,true,unavailable_until_source_table_has_real_rows,false,,,runtime_evidence_present_noncanonical,6,6,0,0,0,table_latency;latency_cdf_plot;power_energy_table;timing_synchronization_table;latency_root_cause_table,reports/csv/output_coverage_registry.csv;reports/csv/output_coverage_registry.csv;reports/csv/output_coverage_registry.csv;reports/csv/output_coverage_registry.csv;reports/csv/output_coverage_registry.csv,canonical_live_table_or_view_missing_but_runtime_evidence_present
analytics,power-energy-efficiency-analytics,Power / Energy / Efficiency Analytics,power_energy,chart,CPU power if available,/analytics/power-energy-efficiency-analytics/charts/cpu-power-if-available,,,,,required,render only from real DB/artifact rows,source_defined,true,true,unavailable_until_source_table_has_real_rows,false,,,runtime_evidence_present_noncanonical,6,6,0,0,0,table_latency;latency_cdf_plot;power_energy_table;timing_synchronization_table;latency_root_cause_table,reports/csv/output_coverage_registry.csv;reports/csv/output_coverage_registry.csv;reports/csv/output_coverage_registry.csv;reports/csv/output_coverage_registry.csv;reports/csv/output_coverage_registry.csv,canonical_live_table_or_view_missing_but_runtime_evidence_present
analytics,power-energy-efficiency-analytics,Power / Energy / Efficiency Analytics,power_energy,chart,power vs throughput,/analytics/power-energy-efficiency-analytics/charts/power-vs-throughput,,,,,required,render only from real DB/artifact rows,source_defined,true,true,unavailable_until_source_table_has_real_rows,false,,,runtime_evidence_present_noncanonical,6,6,0,0,0,table_latency;latency_cdf_plot;power_energy_table;timing_synchronization_table;latency_root_cause_table,reports/csv/output_coverage_registry.csv;reports/csv/output_coverage_registry.csv;reports/csv/output_coverage_registry.csv;reports/csv/output_coverage_registry.csv;reports/csv/output_coverage_registry.csv,canonical_live_table_or_view_missing_but_runtime_evidence_present
analytics,power-energy-efficiency-analytics,Power / Energy / Efficiency Analytics,power_energy,chart,power vs BLER,/analytics/power-energy-efficiency-analytics/charts/power-vs-bler,,,,,required,render only from real DB/artifact rows,source_defined,true,true,unavailable_until_source_table_has_real_rows,false,,,runtime_evidence_present_noncanonical,6,6,0,0,0,table_latency;latency_cdf_plot;power_energy_table;timing_synchronization_table;latency_root_cause_table,reports/csv/output_coverage_registry.csv;reports/csv/output_coverage_registry.csv;reports/csv/output_coverage_registry.csv;reports/csv/output_coverage_registry.csv;reports/csv/output_coverage_registry.csv,canonical_live_table_or_view_missing_but_runtime_evidence_present
analytics,power-energy-efficiency-analytics,Power / Energy / Efficiency Analytics,power_energy,chart,energy/bit,/analytics/power-energy-efficiency-analytics/charts/energy-bit,,,,,required,render only from real DB/artifact rows,source_defined,true,true,unavailable_until_source_table_has_real_rows,false,,,runtime_evidence_present_noncanonical,6,6,0,0,0,table_latency;latency_cdf_plot;power_energy_table;timing_synchronization_table;latency_root_cause_table,reports/csv/output_coverage_registry.csv;reports/csv/output_coverage_registry.csv;reports/csv/output_coverage_registry.csv;reports/csv/output_coverage_registry.csv;reports/csv/output_coverage_registry.csv,canonical_live_table_or_view_missing_but_runtime_evidence_present
analytics,power-energy-efficiency-analytics,Power / Energy / Efficiency Analytics,power_energy,chart,joules/GB,/analytics/power-energy-efficiency-analytics/charts/joules-gb,,,,,required,render only from real DB/artifact rows,source_defined,true,true,unavailable_until_source_table_has_real_rows,false,,,runtime_evidence_present_noncanonical,6,6,0,0,0,table_latency;latency_cdf_plot;power_energy_table;timing_synchronization_table;latency_root_cause_table,reports/csv/output_coverage_registry.csv;reports/csv/output_coverage_registry.csv;reports/csv/output_coverage_registry.csv;reports/csv/output_coverage_registry.csv;reports/csv/output_coverage_registry.csv,canonical_live_table_or_view_missing_but_runtime_evidence_present
analytics,power-energy-efficiency-analytics,Power / Energy / Efficiency Analytics,power_energy,chart,energy efficiency by UE,/analytics/power-energy-efficiency-analytics/charts/energy-efficiency-by-ue,,,,,required,render only from real DB/artifact rows,source_defined,true,true,unavailable_until_source_table_has_real_rows,false,,,runtime_evidence_present_noncanonical,6,6,0,0,0,table_latency;latency_cdf_plot;power_energy_table;timing_synchronization_table;latency_root_cause_table,reports/csv/output_coverage_registry.csv;reports/csv/output_coverage_registry.csv;reports/csv/output_coverage_registry.csv;reports/csv/output_coverage_registry.csv;reports/csv/output_coverage_registry.csv,canonical_live_table_or_view_missing_but_runtime_evidence_present
analytics,power-energy-efficiency-analytics,Power / Energy / Efficiency Analytics,power_energy,chart,energy efficiency by cell,/analytics/power-energy-efficiency-analytics/charts/energy-efficiency-by-cell,,,,,required,render only from real DB/artifact rows,source_defined,true,true,unavailable_until_source_table_has_real_rows,false,,,runtime_evidence_present_noncanonical,6,6,0,0,0,table_latency;latency_cdf_plot;power_energy_table;timing_synchronization_table;latency_root_cause_table,reports/csv/output_coverage_registry.csv;reports/csv/output_coverage_registry.csv;reports/csv/output_coverage_registry.csv;reports/csv/output_coverage_registry.csv;reports/csv/output_coverage_registry.csv,canonical_live_table_or_view_missing_but_runtime_evidence_present
analytics,power-energy-efficiency-analytics,Power / Energy / Efficiency Analytics,power_energy,chart,sleep/idle/active state occupancy,/analytics/power-energy-efficiency-analytics/charts/sleep-idle-active-state-occupancy,,,,,required,render only from real DB/artifact rows,source_defined,true,true,unavailable_until_source_table_has_real_rows,false,,,runtime_evidence_present_noncanonical,6,6,0,0,0,table_latency;latency_cdf_plot;power_energy_table;timing_synchronization_table;latency_root_cause_table,reports/csv/output_coverage_registry.csv;reports/csv/output_coverage_registry.csv;reports/csv/output_coverage_registry.csv;reports/csv/output_coverage_registry.csv;reports/csv/output_coverage_registry.csv,canonical_live_table_or_view_missing_but_runtime_evidence_present
analytics,power-energy-efficiency-analytics,Power / Energy / Efficiency Analytics,power_energy,chart,PAPR vs power,/analytics/power-energy-efficiency-analytics/charts/papr-vs-power,,,,,required,render only from real DB/artifact rows,source_defined,true,true,unavailable_until_source_table_has_real_rows,false,,,runtime_evidence_present_noncanonical,6,6,0,0,0,table_latency;latency_cdf_plot;power_energy_table;timing_synchronization_table;latency_root_cause_table,reports/csv/output_coverage_registry.csv;reports/csv/output_coverage_registry.csv;reports/csv/output_coverage_registry.csv;reports/csv/output_coverage_registry.csv;reports/csv/output_coverage_registry.csv,canonical_live_table_or_view_missing_but_runtime_evidence_present
analytics,power-energy-efficiency-analytics,Power / Energy / Efficiency Analytics,power_energy,chart,thermal/throttling analytics if available,/analytics/power-energy-efficiency-analytics/charts/thermal-throttling-analytics-if-available,,,,,required,render only from real DB/artifact rows,source_defined,true,true,unavailable_until_source_table_has_real_rows,false,,,runtime_evidence_present_noncanonical,6,6,0,0,0,table_latency;latency_cdf_plot;power_energy_table;timing_synchronization_table;latency_root_cause_table,reports/csv/output_coverage_registry.csv;reports/csv/output_coverage_registry.csv;reports/csv/output_coverage_registry.csv;reports/csv/output_coverage_registry.csv;reports/csv/output_coverage_registry.csv,canonical_live_table_or_view_missing_but_runtime_evidence_present
analytics,runtime-compute-complexity-parallelism-analytics,Runtime / Compute / Complexity / Parallelism Analytics,runtime,chart,block execution time,/analytics/runtime-compute-complexity-parallelism-analytics/charts/block-execution-time,,,,,required,render only from real DB/artifact rows,source_defined,true,true,unavailable_until_source_table_has_real_rows,false,,,runtime_evidence_present_noncanonical,21,10,11,0,0,output_coverage_registry;output_completeness_table;instrumentation_coverage_table;api_exposure_audit_table;persistence_audit_table,reports/csv/output_coverage_registry.csv;reports/csv/output_coverage_registry.csv;reports/csv/output_coverage_registry.csv;reports/csv/output_coverage_registry.csv;reports/csv/output_coverage_registry.csv,canonical_live_table_or_view_missing_but_runtime_evidence_present
analytics,runtime-compute-complexity-parallelism-analytics,Runtime / Compute / Complexity / Parallelism Analytics,runtime,chart,stage latency,/analytics/runtime-compute-complexity-parallelism-analytics/charts/stage-latency,,,,,required,render only from real DB/artifact rows,source_defined,true,true,unavailable_until_source_table_has_real_rows,false,,,runtime_evidence_present_noncanonical,21,10,11,0,0,output_coverage_registry;output_completeness_table;instrumentation_coverage_table;api_exposure_audit_table;persistence_audit_table,reports/csv/output_coverage_registry.csv;reports/csv/output_coverage_registry.csv;reports/csv/output_coverage_registry.csv;reports/csv/output_coverage_registry.csv;reports/csv/output_coverage_registry.csv,canonical_live_table_or_view_missing_but_runtime_evidence_present
analytics,runtime-compute-complexity-parallelism-analytics,Runtime / Compute / Complexity / Parallelism Analytics,runtime,chart,end-to-end latency,/analytics/runtime-compute-complexity-parallelism-analytics/charts/end-to-end-latency,,,,,required,render only from real DB/artifact rows,source_defined,true,true,unavailable_until_source_table_has_real_rows,false,,,runtime_evidence_present_noncanonical,21,10,11,0,0,output_coverage_registry;output_completeness_table;instrumentation_coverage_table;api_exposure_audit_table;persistence_audit_table,reports/csv/output_coverage_registry.csv;reports/csv/output_coverage_registry.csv;reports/csv/output_coverage_registry.csv;reports/csv/output_coverage_registry.csv;reports/csv/output_coverage_registry.csv,canonical_live_table_or_view_missing_but_runtime_evidence_present
analytics,runtime-compute-complexity-parallelism-analytics,Runtime / Compute / Complexity / Parallelism Analytics,runtime,chart,compute latency,/analytics/runtime-compute-complexity-parallelism-analytics/charts/compute-latency,,,,,required,render only from real DB/artifact rows,source_defined,true,true,unavailable_until_source_table_has_real_rows,false,,,runtime_evidence_present_noncanonical,21,10,11,0,0,output_coverage_registry;output_completeness_table;instrumentation_coverage_table;api_exposure_audit_table;persistence_audit_table,reports/csv/output_coverage_registry.csv;reports/csv/output_coverage_registry.csv;reports/csv/output_coverage_registry.csv;reports/csv/output_coverage_registry.csv;reports/csv/output_coverage_registry.csv,canonical_live_table_or_view_missing_but_runtime_evidence_present
analytics,runtime-compute-complexity-parallelism-analytics,Runtime / Compute / Complexity / Parallelism Analytics,runtime,chart,decode latency,/analytics/runtime-compute-complexity-parallelism-analytics/charts/decode-latency,,,,,required,render only from real DB/artifact rows,source_defined,true,true,unavailable_until_source_table_has_real_rows,false,,,runtime_evidence_present_noncanonical,21,10,11,0,0,output_coverage_registry;output_completeness_table;instrumentation_coverage_table;api_exposure_audit_table;persistence_audit_table,reports/csv/output_coverage_registry.csv;reports/csv/output_coverage_registry.csv;reports/csv/output_coverage_registry.csv;reports/csv/output_coverage_registry.csv;reports/csv/output_coverage_registry.csv,canonical_live_table_or_view_missing_but_runtime_evidence_present
analytics,runtime-compute-complexity-parallelism-analytics,Runtime / Compute / Complexity / Parallelism Analytics,runtime,chart,CPU cycles,/analytics/runtime-compute-complexity-parallelism-analytics/charts/cpu-cycles,,,,,required,render only from real DB/artifact rows,source_defined,true,true,unavailable_until_source_table_has_real_rows,false,,,runtime_evidence_present_noncanonical,21,10,11,0,0,output_coverage_registry;output_completeness_table;instrumentation_coverage_table;api_exposure_audit_table;persistence_audit_table,reports/csv/output_coverage_registry.csv;reports/csv/output_coverage_registry.csv;reports/csv/output_coverage_registry.csv;reports/csv/output_coverage_registry.csv;reports/csv/output_coverage_registry.csv,canonical_live_table_or_view_missing_but_runtime_evidence_present
analytics,runtime-compute-complexity-parallelism-analytics,Runtime / Compute / Complexity / Parallelism Analytics,runtime,chart,memory usage,/analytics/runtime-compute-complexity-parallelism-analytics/charts/memory-usage,,,,,required,render only from real DB/artifact rows,source_defined,true,true,unavailable_until_source_table_has_real_rows,false,,,runtime_evidence_present_noncanonical,21,10,11,0,0,output_coverage_registry;output_completeness_table;instrumentation_coverage_table;api_exposure_audit_table;persistence_audit_table,reports/csv/output_coverage_registry.csv;reports/csv/output_coverage_registry.csv;reports/csv/output_coverage_registry.csv;reports/csv/output_coverage_registry.csv;reports/csv/output_coverage_registry.csv,canonical_live_table_or_view_missing_but_runtime_evidence_present
analytics,runtime-compute-complexity-parallelism-analytics,Runtime / Compute / Complexity / Parallelism Analytics,runtime,chart,worker timelines,/analytics/runtime-compute-complexity-parallelism-analytics/charts/worker-timelines,,,,,required,render only from real DB/artifact rows,source_defined,true,true,unavailable_until_source_table_has_real_rows,false,,,runtime_evidence_present_noncanonical,21,10,11,0,0,output_coverage_registry;output_completeness_table;instrumentation_coverage_table;api_exposure_audit_table;persistence_audit_table,reports/csv/output_coverage_registry.csv;reports/csv/output_coverage_registry.csv;reports/csv/output_coverage_registry.csv;reports/csv/output_coverage_registry.csv;reports/csv/output_coverage_registry.csv,canonical_live_table_or_view_missing_but_runtime_evidence_present
analytics,runtime-compute-complexity-parallelism-analytics,Runtime / Compute / Complexity / Parallelism Analytics,runtime,chart,lock/contention observations,/analytics/runtime-compute-complexity-parallelism-analytics/charts/lock-contention-observations,,,,,required,render only from real DB/artifact rows,source_defined,true,true,unavailable_until_source_table_has_real_rows,false,,,runtime_evidence_present_noncanonical,21,10,11,0,0,output_coverage_registry;output_completeness_table;instrumentation_coverage_table;api_exposure_audit_table;persistence_audit_table,reports/csv/output_coverage_registry.csv;reports/csv/output_coverage_registry.csv;reports/csv/output_coverage_registry.csv;reports/csv/output_coverage_registry.csv;reports/csv/output_coverage_registry.csv,canonical_live_table_or_view_missing_but_runtime_evidence_present
analytics,runtime-compute-complexity-parallelism-analytics,Runtime / Compute / Complexity / Parallelism Analytics,runtime,chart,DB write latency,/analytics/runtime-compute-complexity-parallelism-analytics/charts/db-write-latency,,,,,required,render only from real DB/artifact rows,source_defined,true,true,unavailable_until_source_table_has_real_rows,false,,,runtime_evidence_present_noncanonical,21,10,11,0,0,output_coverage_registry;output_completeness_table;instrumentation_coverage_table;api_exposure_audit_table;persistence_audit_table,reports/csv/output_coverage_registry.csv;reports/csv/output_coverage_registry.csv;reports/csv/output_coverage_registry.csv;reports/csv/output_coverage_registry.csv;reports/csv/output_coverage_registry.csv,canonical_live_table_or_view_missing_but_runtime_evidence_present
analytics,runtime-compute-complexity-parallelism-analytics,Runtime / Compute / Complexity / Parallelism Analytics,runtime,chart,export lag,/analytics/runtime-compute-complexity-parallelism-analytics/charts/export-lag,,,,,required,render only from real DB/artifact rows,source_defined,true,true,unavailable_until_source_table_has_real_rows,false,,,runtime_evidence_present_noncanonical,21,10,11,0,0,output_coverage_registry;output_completeness_table;instrumentation_coverage_table;api_exposure_audit_table;persistence_audit_table,reports/csv/output_coverage_registry.csv;reports/csv/output_coverage_registry.csv;reports/csv/output_coverage_registry.csv;reports/csv/output_coverage_registry.csv;reports/csv/output_coverage_registry.csv,canonical_live_table_or_view_missing_but_runtime_evidence_present
analytics,runtime-compute-complexity-parallelism-analytics,Runtime / Compute / Complexity / Parallelism Analytics,runtime,chart,single-thread vs multi-thread determinism,/analytics/runtime-compute-complexity-parallelism-analytics/charts/single-thread-vs-multi-thread-determinism,,,,,required,render only from real DB/artifact rows,source_defined,true,true,unavailable_until_source_table_has_real_rows,false,,,runtime_evidence_present_noncanonical,21,10,11,0,0,output_coverage_registry;output_completeness_table;instrumentation_coverage_table;api_exposure_audit_table;persistence_audit_table,reports/csv/output_coverage_registry.csv;reports/csv/output_coverage_registry.csv;reports/csv/output_coverage_registry.csv;reports/csv/output_coverage_registry.csv;reports/csv/output_coverage_registry.csv,canonical_live_table_or_view_missing_but_runtime_evidence_present
analytics,runtime-compute-complexity-parallelism-analytics,Runtime / Compute / Complexity / Parallelism Analytics,runtime,chart,dropped row / duplicate write analytics,/analytics/runtime-compute-complexity-parallelism-analytics/charts/dropped-row-duplicate-write-analytics,,,,,required,render only from real DB/artifact rows,source_defined,true,true,unavailable_until_source_table_has_real_rows,false,,,runtime_evidence_present_noncanonical,21,10,11,0,0,output_coverage_registry;output_completeness_table;instrumentation_coverage_table;api_exposure_audit_table;persistence_audit_table,reports/csv/output_coverage_registry.csv;reports/csv/output_coverage_registry.csv;reports/csv/output_coverage_registry.csv;reports/csv/output_coverage_registry.csv;reports/csv/output_coverage_registry.csv,canonical_live_table_or_view_missing_but_runtime_evidence_present
analytics,runtime-compute-complexity-parallelism-analytics,Runtime / Compute / Complexity / Parallelism Analytics,runtime,chart,decoder complexity units,/analytics/runtime-compute-complexity-parallelism-analytics/charts/decoder-complexity-units,,,,,required,render only from real DB/artifact rows,source_defined,true,true,unavailable_until_source_table_has_real_rows,false,,,runtime_evidence_present_noncanonical,21,10,11,0,0,output_coverage_registry;output_completeness_table;instrumentation_coverage_table;api_exposure_audit_table;persistence_audit_table,reports/csv/output_coverage_registry.csv;reports/csv/output_coverage_registry.csv;reports/csv/output_coverage_registry.csv;reports/csv/output_coverage_registry.csv;reports/csv/output_coverage_registry.csv,canonical_live_table_or_view_missing_but_runtime_evidence_present
analytics,runtime-compute-complexity-parallelism-analytics,Runtime / Compute / Complexity / Parallelism Analytics,runtime,chart,normalized decoder complexity,/analytics/runtime-compute-complexity-parallelism-analytics/charts/normalized-decoder-complexity,,,,,required,render only from real DB/artifact rows,source_defined,true,true,unavailable_until_source_table_has_real_rows,false,,,runtime_evidence_present_noncanonical,21,10,11,0,0,output_coverage_registry;output_completeness_table;instrumentation_coverage_table;api_exposure_audit_table;persistence_audit_table,reports/csv/output_coverage_registry.csv;reports/csv/output_coverage_registry.csv;reports/csv/output_coverage_registry.csv;reports/csv/output_coverage_registry.csv;reports/csv/output_coverage_registry.csv,canonical_live_table_or_view_missing_but_runtime_evidence_present
analytics,export-consistency-truth-analytics,Export / Consistency / Truth Analytics,export_consistency,chart,CSV vs DB consistency,/analytics/export-consistency-truth-analytics/charts/csv-vs-db-consistency,,,,,required,render only from real DB/artifact rows,source_defined,true,true,unavailable_until_source_table_has_real_rows,false,,,runtime_evidence_present_noncanonical,17,6,11,0,0,output_coverage_registry;output_completeness_table;instrumentation_coverage_table;api_exposure_audit_table;persistence_audit_table,reports/csv/output_coverage_registry.csv;reports/csv/output_coverage_registry.csv;reports/csv/output_coverage_registry.csv;reports/csv/output_coverage_registry.csv;reports/csv/output_coverage_registry.csv,canonical_live_table_or_view_missing_but_runtime_evidence_present
analytics,export-consistency-truth-analytics,Export / Consistency / Truth Analytics,export_consistency,chart,DB vs browser consistency,/analytics/export-consistency-truth-analytics/charts/db-vs-browser-consistency,,,,,required,render only from real DB/artifact rows,source_defined,true,true,unavailable_until_source_table_has_real_rows,false,,,runtime_evidence_present_noncanonical,17,6,11,0,0,output_coverage_registry;output_completeness_table;instrumentation_coverage_table;api_exposure_audit_table;persistence_audit_table,reports/csv/output_coverage_registry.csv;reports/csv/output_coverage_registry.csv;reports/csv/output_coverage_registry.csv;reports/csv/output_coverage_registry.csv;reports/csv/output_coverage_registry.csv,canonical_live_table_or_view_missing_but_runtime_evidence_present
analytics,export-consistency-truth-analytics,Export / Consistency / Truth Analytics,export_consistency,chart,source row count vs analytics row count,/analytics/export-consistency-truth-analytics/charts/source-row-count-vs-analytics-row-count,,,,,required,render only from real DB/artifact rows,source_defined,true,true,unavailable_until_source_table_has_real_rows,false,,,runtime_evidence_present_noncanonical,17,6,11,0,0,output_coverage_registry;output_completeness_table;instrumentation_coverage_table;api_exposure_audit_table;persistence_audit_table,reports/csv/output_coverage_registry.csv;reports/csv/output_coverage_registry.csv;reports/csv/output_coverage_registry.csv;reports/csv/output_coverage_registry.csv;reports/csv/output_coverage_registry.csv,canonical_live_table_or_view_missing_but_runtime_evidence_present
analytics,export-consistency-truth-analytics,Export / Consistency / Truth Analytics,export_consistency,chart,missing-field audits,/analytics/export-consistency-truth-analytics/charts/missing-field-audits,,,,,required,render only from real DB/artifact rows,source_defined,true,true,unavailable_until_source_table_has_real_rows,false,,,runtime_evidence_present_noncanonical,17,6,11,0,0,output_coverage_registry;output_completeness_table;instrumentation_coverage_table;api_exposure_audit_table;persistence_audit_table,reports/csv/output_coverage_registry.csv;reports/csv/output_coverage_registry.csv;reports/csv/output_coverage_registry.csv;reports/csv/output_coverage_registry.csv;reports/csv/output_coverage_registry.csv,canonical_live_table_or_view_missing_but_runtime_evidence_present
analytics,export-consistency-truth-analytics,Export / Consistency / Truth Analytics,export_consistency,chart,schema drift,/analytics/export-consistency-truth-analytics/charts/schema-drift,,,,,required,render only from real DB/artifact rows,source_defined,true,true,unavailable_until_source_table_has_real_rows,false,,,runtime_evidence_present_noncanonical,17,6,11,0,0,output_coverage_registry;output_completeness_table;instrumentation_coverage_table;api_exposure_audit_table;persistence_audit_table,reports/csv/output_coverage_registry.csv;reports/csv/output_coverage_registry.csv;reports/csv/output_coverage_registry.csv;reports/csv/output_coverage_registry.csv;reports/csv/output_coverage_registry.csv,canonical_live_table_or_view_missing_but_runtime_evidence_present
analytics,export-consistency-truth-analytics,Export / Consistency / Truth Analytics,export_consistency,chart,config drift,/analytics/export-consistency-truth-analytics/charts/config-drift,,,,,required,render only from real DB/artifact rows,source_defined,true,true,unavailable_until_source_table_has_real_rows,false,,,runtime_evidence_present_noncanonical,17,6,11,0,0,output_coverage_registry;output_completeness_table;instrumentation_coverage_table;api_exposure_audit_table;persistence_audit_table,reports/csv/output_coverage_registry.csv;reports/csv/output_coverage_registry.csv;reports/csv/output_coverage_registry.csv;reports/csv/output_coverage_registry.csv;reports/csv/output_coverage_registry.csv,canonical_live_table_or_view_missing_but_runtime_evidence_present
analytics,export-consistency-truth-analytics,Export / Consistency / Truth Analytics,export_consistency,chart,truth-policy violation counts,/analytics/export-consistency-truth-analytics/charts/truth-policy-violation-counts,,,,,required,render only from real DB/artifact rows,source_defined,true,true,unavailable_until_source_table_has_real_rows,false,,,runtime_evidence_present_noncanonical,17,6,11,0,0,output_coverage_registry;output_completeness_table;instrumentation_coverage_table;api_exposure_audit_table;persistence_audit_table,reports/csv/output_coverage_registry.csv;reports/csv/output_coverage_registry.csv;reports/csv/output_coverage_registry.csv;reports/csv/output_coverage_registry.csv;reports/csv/output_coverage_registry.csv,canonical_live_table_or_view_missing_but_runtime_evidence_present
analytics,export-consistency-truth-analytics,Export / Consistency / Truth Analytics,export_consistency,chart,smoke exposure checks,/analytics/export-consistency-truth-analytics/charts/smoke-exposure-checks,,,,,required,render only from real DB/artifact rows,source_defined,true,true,unavailable_until_source_table_has_real_rows,false,,,runtime_evidence_present_noncanonical,17,6,11,0,0,output_coverage_registry;output_completeness_table;instrumentation_coverage_table;api_exposure_audit_table;persistence_audit_table,reports/csv/output_coverage_registry.csv;reports/csv/output_coverage_registry.csv;reports/csv/output_coverage_registry.csv;reports/csv/output_coverage_registry.csv;reports/csv/output_coverage_registry.csv,canonical_live_table_or_view_missing_but_runtime_evidence_present
analytics,export-consistency-truth-analytics,Export / Consistency / Truth Analytics,export_consistency,chart,placeholder exposure checks,/analytics/export-consistency-truth-analytics/charts/placeholder-exposure-checks,,,,,required,render only from real DB/artifact rows,source_defined,true,true,unavailable_until_source_table_has_real_rows,false,,,runtime_evidence_present_noncanonical,17,6,11,0,0,output_coverage_registry;output_completeness_table;instrumentation_coverage_table;api_exposure_audit_table;persistence_audit_table,reports/csv/output_coverage_registry.csv;reports/csv/output_coverage_registry.csv;reports/csv/output_coverage_registry.csv;reports/csv/output_coverage_registry.csv;reports/csv/output_coverage_registry.csv,canonical_live_table_or_view_missing_but_runtime_evidence_present
analytics,export-consistency-truth-analytics,Export / Consistency / Truth Analytics,export_consistency,chart,fallback event summaries,/analytics/export-consistency-truth-analytics/charts/fallback-event-summaries,,,,,required,render only from real DB/artifact rows,source_defined,true,true,unavailable_until_source_table_has_real_rows,false,,,runtime_evidence_present_noncanonical,17,6,11,0,0,output_coverage_registry;output_completeness_table;instrumentation_coverage_table;api_exposure_audit_table;persistence_audit_table,reports/csv/output_coverage_registry.csv;reports/csv/output_coverage_registry.csv;reports/csv/output_coverage_registry.csv;reports/csv/output_coverage_registry.csv;reports/csv/output_coverage_registry.csv,canonical_live_table_or_view_missing_but_runtime_evidence_present
analytics,export-consistency-truth-analytics,Export / Consistency / Truth Analytics,export_consistency,chart,assumption usage summaries,/analytics/export-consistency-truth-analytics/charts/assumption-usage-summaries,,,,,required,render only from real DB/artifact rows,source_defined,true,true,unavailable_until_source_table_has_real_rows,false,,,runtime_evidence_present_noncanonical,17,6,11,0,0,output_coverage_registry;output_completeness_table;instrumentation_coverage_table;api_exposure_audit_table;persistence_audit_table,reports/csv/output_coverage_registry.csv;reports/csv/output_coverage_registry.csv;reports/csv/output_coverage_registry.csv;reports/csv/output_coverage_registry.csv;reports/csv/output_coverage_registry.csv,canonical_live_table_or_view_missing_but_runtime_evidence_present
analytics,export-consistency-truth-analytics,Export / Consistency / Truth Analytics,export_consistency,chart,run status truth checks,/analytics/export-consistency-truth-analytics/charts/run-status-truth-checks,,,,,required,render only from real DB/artifact rows,source_defined,true,true,unavailable_until_source_table_has_real_rows,false,,,runtime_evidence_present_noncanonical,17,6,11,0,0,output_coverage_registry;output_completeness_table;instrumentation_coverage_table;api_exposure_audit_table;persistence_audit_table,reports/csv/output_coverage_registry.csv;reports/csv/output_coverage_registry.csv;reports/csv/output_coverage_registry.csv;reports/csv/output_coverage_registry.csv;reports/csv/output_coverage_registry.csv,canonical_live_table_or_view_missing_but_runtime_evidence_present
analytics,export-consistency-truth-analytics,Export / Consistency / Truth Analytics,export_consistency,chart,summary-vs-raw contradiction checks,/analytics/export-consistency-truth-analytics/charts/summary-vs-raw-contradiction-checks,,,,,required,render only from real DB/artifact rows,source_defined,true,true,unavailable_until_source_table_has_real_rows,false,,,runtime_evidence_present_noncanonical,17,6,11,0,0,output_coverage_registry;output_completeness_table;instrumentation_coverage_table;api_exposure_audit_table;persistence_audit_table,reports/csv/output_coverage_registry.csv;reports/csv/output_coverage_registry.csv;reports/csv/output_coverage_registry.csv;reports/csv/output_coverage_registry.csv;reports/csv/output_coverage_registry.csv,canonical_live_table_or_view_missing_but_runtime_evidence_present
analytics,regression-baseline-vs-candidate-analytics,Regression / Baseline vs Candidate Analytics,regression,chart,KPI delta tables,/analytics/regression-baseline-vs-candidate-analytics/charts/kpi-delta-tables,,,,,required,render only from real DB/artifact rows,source_defined,true,true,unavailable_until_source_table_has_real_rows,false,,,runtime_backlog_confirmed_by_reference_smoke,2,0,0,0,2,compare_runs_kpi_delta_table;compare_run_overlay_plot,reports/csv/output_coverage_registry.csv;reports/csv/output_coverage_registry.csv,schema_backlog_confirmed_by_reference_smoke
analytics,regression-baseline-vs-candidate-analytics,Regression / Baseline vs Candidate Analytics,regression,chart,baseline vs candidate overlays,/analytics/regression-baseline-vs-candidate-analytics/charts/baseline-vs-candidate-overlays,,,,,required,render only from real DB/artifact rows,source_defined,true,true,unavailable_until_source_table_has_real_rows,false,,,runtime_backlog_confirmed_by_reference_smoke,2,0,0,0,2,compare_runs_kpi_delta_table;compare_run_overlay_plot,reports/csv/output_coverage_registry.csv;reports/csv/output_coverage_registry.csv,schema_backlog_confirmed_by_reference_smoke
analytics,regression-baseline-vs-candidate-analytics,Regression / Baseline vs Candidate Analytics,regression,chart,throughput delta,/analytics/regression-baseline-vs-candidate-analytics/charts/throughput-delta,,,,,required,render only from real DB/artifact rows,source_defined,true,true,unavailable_until_source_table_has_real_rows,false,,,runtime_backlog_confirmed_by_reference_smoke,2,0,0,0,2,compare_runs_kpi_delta_table;compare_run_overlay_plot,reports/csv/output_coverage_registry.csv;reports/csv/output_coverage_registry.csv,schema_backlog_confirmed_by_reference_smoke
analytics,regression-baseline-vs-candidate-analytics,Regression / Baseline vs Candidate Analytics,regression,chart,BLER delta,/analytics/regression-baseline-vs-candidate-analytics/charts/bler-delta,,,,,required,render only from real DB/artifact rows,source_defined,true,true,unavailable_until_source_table_has_real_rows,false,,,runtime_backlog_confirmed_by_reference_smoke,2,0,0,0,2,compare_runs_kpi_delta_table;compare_run_overlay_plot,reports/csv/output_coverage_registry.csv;reports/csv/output_coverage_registry.csv,schema_backlog_confirmed_by_reference_smoke
analytics,regression-baseline-vs-candidate-analytics,Regression / Baseline vs Candidate Analytics,regression,chart,BER delta,/analytics/regression-baseline-vs-candidate-analytics/charts/ber-delta,,,,,required,render only from real DB/artifact rows,source_defined,true,true,unavailable_until_source_table_has_real_rows,false,,,runtime_backlog_confirmed_by_reference_smoke,2,0,0,0,2,compare_runs_kpi_delta_table;compare_run_overlay_plot,reports/csv/output_coverage_registry.csv;reports/csv/output_coverage_registry.csv,schema_backlog_confirmed_by_reference_smoke
analytics,regression-baseline-vs-candidate-analytics,Regression / Baseline vs Candidate Analytics,regression,chart,EVM delta,/analytics/regression-baseline-vs-candidate-analytics/charts/evm-delta,,,,,required,render only from real DB/artifact rows,source_defined,true,true,unavailable_until_source_table_has_real_rows,false,,,runtime_backlog_confirmed_by_reference_smoke,2,0,0,0,2,compare_runs_kpi_delta_table;compare_run_overlay_plot,reports/csv/output_coverage_registry.csv;reports/csv/output_coverage_registry.csv,schema_backlog_confirmed_by_reference_smoke
analytics,regression-baseline-vs-candidate-analytics,Regression / Baseline vs Candidate Analytics,regression,chart,NMSE delta,/analytics/regression-baseline-vs-candidate-analytics/charts/nmse-delta,,,,,required,render only from real DB/artifact rows,source_defined,true,true,unavailable_until_source_table_has_real_rows,false,,,runtime_backlog_confirmed_by_reference_smoke,2,0,0,0,2,compare_runs_kpi_delta_table;compare_run_overlay_plot,reports/csv/output_coverage_registry.csv;reports/csv/output_coverage_registry.csv,schema_backlog_confirmed_by_reference_smoke
analytics,regression-baseline-vs-candidate-analytics,Regression / Baseline vs Candidate Analytics,regression,chart,P_FA / P_MD delta,/analytics/regression-baseline-vs-candidate-analytics/charts/p-fa-p-md-delta,,,,,required,render only from real DB/artifact rows,source_defined,true,true,unavailable_until_source_table_has_real_rows,false,,,runtime_backlog_confirmed_by_reference_smoke,2,0,0,0,2,compare_runs_kpi_delta_table;compare_run_overlay_plot,reports/csv/output_coverage_registry.csv;reports/csv/output_coverage_registry.csv,schema_backlog_confirmed_by_reference_smoke
analytics,regression-baseline-vs-candidate-analytics,Regression / Baseline vs Candidate Analytics,regression,chart,HARQ delta,/analytics/regression-baseline-vs-candidate-analytics/charts/harq-delta,,,,,required,render only from real DB/artifact rows,source_defined,true,true,unavailable_until_source_table_has_real_rows,false,,,runtime_backlog_confirmed_by_reference_smoke,2,0,0,0,2,compare_runs_kpi_delta_table;compare_run_overlay_plot,reports/csv/output_coverage_registry.csv;reports/csv/output_coverage_registry.csv,schema_backlog_confirmed_by_reference_smoke
analytics,regression-baseline-vs-candidate-analytics,Regression / Baseline vs Candidate Analytics,regression,chart,beam hit/gap delta,/analytics/regression-baseline-vs-candidate-analytics/charts/beam-hit-gap-delta,,,,,required,render only from real DB/artifact rows,source_defined,true,true,unavailable_until_source_table_has_real_rows,false,,,runtime_backlog_confirmed_by_reference_smoke,2,0,0,0,2,compare_runs_kpi_delta_table;compare_run_overlay_plot,reports/csv/output_coverage_registry.csv;reports/csv/output_coverage_registry.csv,schema_backlog_confirmed_by_reference_smoke
analytics,regression-baseline-vs-candidate-analytics,Regression / Baseline vs Candidate Analytics,regression,chart,latency delta,/analytics/regression-baseline-vs-candidate-analytics/charts/latency-delta,,,,,required,render only from real DB/artifact rows,source_defined,true,true,unavailable_until_source_table_has_real_rows,false,,,runtime_backlog_confirmed_by_reference_smoke,2,0,0,0,2,compare_runs_kpi_delta_table;compare_run_overlay_plot,reports/csv/output_coverage_registry.csv;reports/csv/output_coverage_registry.csv,schema_backlog_confirmed_by_reference_smoke
analytics,regression-baseline-vs-candidate-analytics,Regression / Baseline vs Candidate Analytics,regression,chart,power / energy delta,/analytics/regression-baseline-vs-candidate-analytics/charts/power-energy-delta,,,,,required,render only from real DB/artifact rows,source_defined,true,true,unavailable_until_source_table_has_real_rows,false,,,runtime_backlog_confirmed_by_reference_smoke,2,0,0,0,2,compare_runs_kpi_delta_table;compare_run_overlay_plot,reports/csv/output_coverage_registry.csv;reports/csv/output_coverage_registry.csv,schema_backlog_confirmed_by_reference_smoke
analytics,regression-baseline-vs-candidate-analytics,Regression / Baseline vs Candidate Analytics,regression,chart,determinism delta,/analytics/regression-baseline-vs-candidate-analytics/charts/determinism-delta,,,,,required,render only from real DB/artifact rows,source_defined,true,true,unavailable_until_source_table_has_real_rows,false,,,runtime_backlog_confirmed_by_reference_smoke,2,0,0,0,2,compare_runs_kpi_delta_table;compare_run_overlay_plot,reports/csv/output_coverage_registry.csv;reports/csv/output_coverage_registry.csv,schema_backlog_confirmed_by_reference_smoke
analytics,regression-baseline-vs-candidate-analytics,Regression / Baseline vs Candidate Analytics,regression,chart,schema drift delta,/analytics/regression-baseline-vs-candidate-analytics/charts/schema-drift-delta,,,,,required,render only from real DB/artifact rows,source_defined,true,true,unavailable_until_source_table_has_real_rows,false,,,runtime_backlog_confirmed_by_reference_smoke,2,0,0,0,2,compare_runs_kpi_delta_table;compare_run_overlay_plot,reports/csv/output_coverage_registry.csv;reports/csv/output_coverage_registry.csv,schema_backlog_confirmed_by_reference_smoke
analytics,regression-baseline-vs-candidate-analytics,Regression / Baseline vs Candidate Analytics,regression,chart,fallback / placeholder / smoke regressions,/analytics/regression-baseline-vs-candidate-analytics/charts/fallback-placeholder-smoke-regressions,,,,,required,render only from real DB/artifact rows,source_defined,true,true,unavailable_until_source_table_has_real_rows,false,,,runtime_backlog_confirmed_by_reference_smoke,2,0,0,0,2,compare_runs_kpi_delta_table;compare_run_overlay_plot,reports/csv/output_coverage_registry.csv;reports/csv/output_coverage_registry.csv,schema_backlog_confirmed_by_reference_smoke
analytics,optional-6g-extension-analytics,Optional 6G Extension Analytics,optional_6g,chart,AI inference confidence / latency,/analytics/optional-6g-extension-analytics/charts/ai-inference-confidence-latency,,,,,required,render only from real DB/artifact rows,source_defined,true,true,unavailable_until_source_table_has_real_rows,false,,,no_reference_runtime_evidence,0,0,0,0,0,,,schema_only_backlog
analytics,optional-6g-extension-analytics,Optional 6G Extension Analytics,optional_6g,chart,sensing P_D / P_FA,/analytics/optional-6g-extension-analytics/charts/sensing-p-d-p-fa,,,,,required,render only from real DB/artifact rows,source_defined,true,true,unavailable_until_source_table_has_real_rows,false,,,no_reference_runtime_evidence,0,0,0,0,0,,,schema_only_backlog
analytics,optional-6g-extension-analytics,Optional 6G Extension Analytics,optional_6g,chart,localization RMSE,/analytics/optional-6g-extension-analytics/charts/localization-rmse,,,,,required,render only from real DB/artifact rows,source_defined,true,true,unavailable_until_source_table_has_real_rows,false,,,no_reference_runtime_evidence,0,0,0,0,0,,,schema_only_backlog
analytics,optional-6g-extension-analytics,Optional 6G Extension Analytics,optional_6g,chart,NTN/HAPS/UAV delay and Doppler,/analytics/optional-6g-extension-analytics/charts/ntn-haps-uav-delay-and-doppler,,,,,required,render only from real DB/artifact rows,source_defined,true,true,unavailable_until_source_table_has_real_rows,false,,,no_reference_runtime_evidence,0,0,0,0,0,,,schema_only_backlog
analytics,optional-6g-extension-analytics,Optional 6G Extension Analytics,optional_6g,chart,RIS state summaries,/analytics/optional-6g-extension-analytics/charts/ris-state-summaries,,,,,required,render only from real DB/artifact rows,source_defined,true,true,unavailable_until_source_table_has_real_rows,false,,,no_reference_runtime_evidence,0,0,0,0,0,,,schema_only_backlog
analytics,optional-6g-extension-analytics,Optional 6G Extension Analytics,optional_6g,chart,cell-free / distributed MIMO combining gains,/analytics/optional-6g-extension-analytics/charts/cell-free-distributed-mimo-combining-gains,,,,,required,render only from real DB/artifact rows,source_defined,true,true,unavailable_until_source_table_has_real_rows,false,,,no_reference_runtime_evidence,0,0,0,0,0,,,schema_only_backlog
analytics,optional-6g-extension-analytics,Optional 6G Extension Analytics,optional_6g,chart,sub-THz impairment studies,/analytics/optional-6g-extension-analytics/charts/sub-thz-impairment-studies,,,,,required,render only from real DB/artifact rows,source_defined,true,true,unavailable_until_source_table_has_real_rows,false,,,no_reference_runtime_evidence,0,0,0,0,0,,,schema_only_backlog
