RunID,LineageID,PacketID,SDAPSDUID,PDCPCount,RLCSDUID,MACSDUID,TBID,HARQAttempt,DeliveryState,ParentSHA256,NodeSHA256,Status
"PROTOCOL-20260727-071456","LN000001","PKT000001","SDAP-PKT000001","1","RLC-PKT000001","MAC-000001","TB-000001","0","FIRST_DELIVERY","d5173aa9cb255a092919dfcfda64241a1a4eaa77718d9ee7bc9d9e493e00f745","f00053688723e6cef0cc850a29fd6534cf8121b4f88f597121afe7b7ba1773c9","PASS"
"PROTOCOL-20260727-071456","LN000002","PKT000002","SDAP-PKT000002","2","RLC-PKT000002","MAC-000002","TB-000002","0","FIRST_DELIVERY","0ea6ce2a1a80418f5f6093cc522126aed2b634b947603b9103dc8a6f2215e574","feb04f9baa61dac4382a5f39cf38615860028b8facf13aa8a452863901f6a7f4","PASS"
"PROTOCOL-20260727-071456","LN000003","PKT000002","SDAP-PKT000002","3","RLC-PKT000002","MAC-000003","TB-000003","0","FIRST_DELIVERY","1dd4eee30511b445acec18c5f4ba39a99b618120801af9a30897ea712849a0cf","c08a2d821f844ec2d70ac44ec72374d4ae0bc6c076a82ee7032d0e0705acb51f","PASS"
"PROTOCOL-20260727-071456","LN000004","PKT000002","SDAP-PKT000002","4","RLC-PKT000002","MAC-000004","TB-000004","0","FIRST_DELIVERY","a5160b6ecd209c2830186713832f7bbe0b04f5e3d659d477fa07445138daea65","ee125001a859a217e11deb6101b3806e02b9918eb0164d83e60886eba2ad34ef","PASS"
"PROTOCOL-20260727-071456","LN000005","PKT000003","SDAP-PKT000003","5","RLC-PKT000003","MAC-000005","TB-000005","0","FIRST_DELIVERY","d1d0c4b2ac89938dc7f650d8ee52aaa2131788c9f7d329f497475bb8c072fefc","ad6629c4831a47f114cb4a9aa2f93e1d91845ab5cf18943aae45f4adbbcb8fcb","PASS"
"PROTOCOL-20260727-071456","LN000006","PKT000003","SDAP-PKT000003","6","RLC-PKT000003","MAC-000006","TB-000006","0","FIRST_DELIVERY","c801541592a929ca5caabb991fa386c8368cc52d58bcc1c023ed3a7f072cf548","a11f51c183a681707ecd6a4e188ce82c2ae087a3de284da9092ea8b81bc2512e","PASS"
"PROTOCOL-20260727-071456","LN000007","PKT000003","SDAP-PKT000003","7","RLC-PKT000003","MAC-000007","TB-000007","0","FIRST_DELIVERY","e297b4d953cfc86a16b327aebbfe979b0b13827df8db441643993af5ca48441e","dddf6abe2b147cba9501db42d2a6e9702ab4917ca09dc6b97cb811c6e14476f1","PASS"
"PROTOCOL-20260727-071456","LN000008","PKT000003","SDAP-PKT000003","8","RLC-PKT000003","MAC-000008","TB-000008","0","FIRST_DELIVERY","a311e773bccf54320314e4be715d44e0e4d89203034548861cfa690225aeda23","a4490dc75f6ffa4a9def03dfdd3d7d625d805a07ba8eaa1d20b03b2469ba6e66","PASS"
"PROTOCOL-20260727-071456","LN000009","PKT000003","SDAP-PKT000003","9","RLC-PKT000003","MAC-000009","TB-000009","0","FIRST_DELIVERY","49ade1266f838a48171422d33578a408b970437a1bea27594b1b4327bba0b09f","a2ce6a067e3cca286a13719da8418acf5420e74408deb104e5bd987b922421c1","PASS"
"PROTOCOL-20260727-071456","LN000010","PKT000004","SDAP-PKT000004","10","RLC-PKT000004","MAC-000010","TB-000010","0","FIRST_DELIVERY","ea31d944dc3f0d20021105e71cb4a2cbaa3ef04a8e5d6776d2f609644c75851c","9a754c0300e2cee00143f9f3392abc480921c8e894a812d8618521c00e3ce046","PASS"
"PROTOCOL-20260727-071456","LN000011","PKT000004","SDAP-PKT000004","11","RLC-PKT000004","MAC-000011","TB-000011","0","FIRST_DELIVERY","7f03946a7d079f01ceebc59baec65e4f20e0deeacff2ce6bb901ea1e75c07c44","5e9affa2316c045dfcd441ced5538ca4f36c7f59577b4a2042576e94aec16aa9","PASS"
"PROTOCOL-20260727-071456","LN000012","PKT000004","SDAP-PKT000004","12","RLC-PKT000004","MAC-000012","TB-000012","0","FIRST_DELIVERY","c56f80c25ce8e4aa18ebfb5457fce93f979c52fe95f81193a381821a8c577edb","0b907d5e9d65267afe9c51ece52db52adf708987a4172b471a966320bf0e59f2","PASS"
"PROTOCOL-20260727-071456","LN000013","PKT000004","SDAP-PKT000004","13","RLC-PKT000004","MAC-000013","TB-000013","0","FIRST_DELIVERY","96a25407d4d78c140555a4f44cf2df53bc20cb93df2b78407a0705d695d0e3ae","9b8c5b175f207fe91b80fdc552c3487d7cca46047bf53bd1269685fb8c821bb2","PASS"
"PROTOCOL-20260727-071456","LN000014","PKT000004","SDAP-PKT000004","14","RLC-PKT000004","MAC-000014","TB-000014","0","FIRST_DELIVERY","61c603e16d7b43a6e4642113b93e4cf03a000e66a1a0d4f1a95e00d0d8b6447b","27499a3e37e58056bc200d9a4c949bd6db5397a99d93294e925f8d44c9b32992","PASS"
"PROTOCOL-20260727-071456","LN000015","PKT000004","SDAP-PKT000004","15","RLC-PKT000004","MAC-000015","TB-000015","0","FIRST_DELIVERY","383fe24b9750929bae77e8c57839af9be57182bb9eaee8092c92f2f3e6041de8","035918e6bd45adfa7e48a4de3cfe1cd16c0ccf45958db25040050aa7ab7361f3","PASS"
"PROTOCOL-20260727-071456","LN000016","PKT000005","SDAP-PKT000005","16","RLC-PKT000005","MAC-000016","TB-000016","0","FIRST_DELIVERY","bc4175b8addbd26557cc02d6d55a476fce32da2988cf8298bf950cfacb6ad1c2","6e40f844e25705744ed87934062afc22f7e07e5f42e75099906c51a45941cd38","PASS"
"PROTOCOL-20260727-071456","LN000017","PKT000006","SDAP-PKT000006","17","RLC-PKT000006","MAC-000017","TB-000017","0","FIRST_DELIVERY","881a7d72a632e4349c766316369e798e2e3366470d4289bd173c7a49fa265477","5b0b625bac35fea4104b9c983036be2a43686ad1d7e37228439eed15bd0fb909","PASS"
"PROTOCOL-20260727-071456","LN000018","PKT000007","SDAP-PKT000007","18","RLC-PKT000007","MAC-000018","TB-000018","0","FIRST_DELIVERY","d80359d364b02fe90357e10d200e93336c811333e856f8714a8aa21c866ff0aa","01a31a73ae5febd95ea74979619ec4c63753b90e0cd69744f89e81474fe4cf7f","PASS"
"PROTOCOL-20260727-071456","LN000019","PKT000007","SDAP-PKT000007","19","RLC-PKT000007","MAC-000019","TB-000019","0","FIRST_DELIVERY","b9c93e85752739f0d3683bab260417abc1beaa3941c6e18d61db849729482204","6604d32058d3e3917bd69eb36fecdf2a04f9ad973d55f668b6e94ac386460f7b","PASS"
"PROTOCOL-20260727-071456","LN000020","PKT000007","SDAP-PKT000007","20","RLC-PKT000007","MAC-000020","TB-000020","0","FIRST_DELIVERY","60d6d8b7f693ba6257d4b15795eddca2427d2109e8cf65071caef54d9226d3a7","193c9aad0d4639aa0a5af2ff707e95deaa66a3f2f1088f33ac562beafe328d28","PASS"
"PROTOCOL-20260727-071456","LN000021","PKT000008","SDAP-PKT000008","21","RLC-PKT000008","MAC-000021","TB-000021","0","FIRST_DELIVERY","fcdde1258ee858aeb71772b19cb01704c0f3a9dcd5d0a643910e727d41dd2e71","f10efdcd91d3804a5a9067b238d7b6f36dfba195053a7d0a53f4804a4193e3e9","PASS"
"PROTOCOL-20260727-071456","LN000022","PKT000008","SDAP-PKT000008","22","RLC-PKT000008","MAC-000022","TB-000022","0","FIRST_DELIVERY","23f87f14559bab6c86496b61767998f97b870c0df8077ec60edc8284e5febc8e","761218470e9356c0c7461b7a5672ecb66f58a48530df57fcbdbc4d703996aaa0","PASS"
"PROTOCOL-20260727-071456","LN000023","PKT000008","SDAP-PKT000008","23","RLC-PKT000008","MAC-000023","TB-000023","0","FIRST_DELIVERY","572b1b3416ad4904d59cc7b7952c66015007caaa162428f79a08ec2244b8a150","d383f4d08e9749b843fd32fea63192099b1fa8b8c2ae1e63b8e7cbcdcd1b3d20","PASS"
"PROTOCOL-20260727-071456","LN000024","PKT000008","SDAP-PKT000008","24","RLC-PKT000008","MAC-000024","TB-000024","0","FIRST_DELIVERY","4c023b17978b752d4eb3ed70991f670da73fbe9385d705f64b01099a4c37b7e8","eabe1dd15622d2a4fa3258373084de357888f1d78fed4434e0f697d675251c2c","PASS"
"PROTOCOL-20260727-071456","LN000025","PKT000008","SDAP-PKT000008","25","RLC-PKT000008","MAC-000025","TB-000025","0","FIRST_DELIVERY","55e617828dfd11cd7c3914e4e5eaeb3bec4ab1de21e419c4b6456aa82e14e60e","7871d6faa1359a0703caaa8c9a98a36af4e2949f96d0f2f92796f6ddd82d4295","PASS"
"PROTOCOL-20260727-071456","LN000026","PKT000009","SDAP-PKT000009","26","RLC-PKT000009","MAC-000026","TB-000026","0","FIRST_DELIVERY","02597393a283b492b9ff960229d6b60ed321f81ab0e2047b952b4f9e0d11b741","0d93f15c2ee11727130a1c75fced640c9bd30aa1385ec5cd3e52b122a6ed82e6","PASS"
"PROTOCOL-20260727-071456","LN000027","PKT000009","SDAP-PKT000009","27","RLC-PKT000009","MAC-000027","TB-000027","0","FIRST_DELIVERY","6ff344df8d8122c495b5ede40d1a5a010a2f5adad0b8cf78884e417f5c5a7894","2b13ea6ecbd4b2312d672fe0c1528085f77a93f578268405df948410d6599890","PASS"
"PROTOCOL-20260727-071456","LN000028","PKT000009","SDAP-PKT000009","28","RLC-PKT000009","MAC-000028","TB-000028","0","FIRST_DELIVERY","28221dddf5ced5cc743a184af4289862285a1f1cd05865310ed3fd67f94888ca","7c11a2484045ce16bf484f82ea97e21103da345cd89a94b918c63e392fd28ddd","PASS"
"PROTOCOL-20260727-071456","LN000029","PKT000009","SDAP-PKT000009","29","RLC-PKT000009","MAC-000029","TB-000029","0","FIRST_DELIVERY","054231ba57a7a045885505e79bc9e8b55e5ee45c10807d0017b82e58eefe630f","e141547283365984cf6fbb79ce9c02da70b1f7502d1a930cadb8fa5d9d03812c","PASS"
"PROTOCOL-20260727-071456","LN000030","PKT000009","SDAP-PKT000009","30","RLC-PKT000009","MAC-000030","TB-000030","0","FIRST_DELIVERY","c169e331b2accb1d0df238fd4088451c50ab3b246165ca100282614e183f03d2","59122766855ecf32adbc220ea1453b7b639d933c78ffc554c9cfd018e507afda","PASS"
"PROTOCOL-20260727-071456","LN000031","PKT000009","SDAP-PKT000009","31","RLC-PKT000009","MAC-000031","TB-000031","0","FIRST_DELIVERY","5faa3c2cd5e69c5da2d7505c907a370366370c19c12a9ec52f1d371b38f7cf34","05214d5a53f570f36768d78d091a681d4954ca7bd3866ccb5f06c941e3be968e","PASS"
"PROTOCOL-20260727-071456","LN000032","PKT000010","SDAP-PKT000010","32","RLC-PKT000010","MAC-000032","TB-000032","0","FIRST_DELIVERY","774a56e99e224eea619b26ca9dfb9537867f2f917170e12c21fa04e9752a9fc3","352a38a4b4440403ef73320dca4f00d678eb27a8e9ba55923ee4677d0066f329","PASS"
"PROTOCOL-20260727-071456","LN000033","PKT000011","SDAP-PKT000011","33","RLC-PKT000011","MAC-000033","TB-000033","0","FIRST_DELIVERY","35608bf515c8efd76ee5b9c2159727de3a5b936e9fb9cc9f512626b66e914295","dc1f89be9635dbaf6da892de23231a29b8f438765eefa990712c3a08f97e24c0","PASS"
"PROTOCOL-20260727-071456","LN000034","PKT000012","SDAP-PKT000012","34","RLC-PKT000012","MAC-000034","TB-000034","0","FIRST_DELIVERY","9490308ea90ee8930996391385ba93ba7d64dea427b41859d417c024caf003cb","b0f7807b4123a04666a3da43d6cee41c1de48c5eea668729da7b415c497555f4","PASS"
"PROTOCOL-20260727-071456","LN000035","PKT000012","SDAP-PKT000012","35","RLC-PKT000012","MAC-000035","TB-000035","0","FIRST_DELIVERY","bbf30c4c40c45533eab2aebbb4ef220911659264f7381320e3485c100562c831","8a0477934df56052b4d0d0bc898a601d87d849575caf4ba751c85d9a36c20cd0","PASS"
"PROTOCOL-20260727-071456","LN000036","PKT000012","SDAP-PKT000012","36","RLC-PKT000012","MAC-000036","TB-000036","0","FIRST_DELIVERY","9872ed9f701ba4d8ef5aeb28b175b2482382d580970b7f11e9a464c118dd57d4","be1904c1343206f4ea73ac414a69799ba34e087649d56fe0585a73b6fefb3966","PASS"
"PROTOCOL-20260727-071456","LN000037","PKT000013","SDAP-PKT000013","37","RLC-PKT000013","MAC-000037","TB-000037","0","FIRST_DELIVERY","0747f0fffe06702ecb751e0a3b66f97af469033f30e85a6282784af33b2fbaa5","ac5113c8a161e5a2d13ead132a0ee8bffb0417a2b94fffdb92faae7bd7008b51","PASS"
"PROTOCOL-20260727-071456","LN000038","PKT000013","SDAP-PKT000013","38","RLC-PKT000013","MAC-000038","TB-000038","0","FIRST_DELIVERY","4aa03a9b029110e410801d788b5690b7d3f87d9bb095719088017c0c9a6a9bce","ea3395df3dc7fa075a45f6b5eb22908c8ed03cde4b6432626e51aad0bcb84fdc","PASS"
"PROTOCOL-20260727-071456","LN000039","PKT000013","SDAP-PKT000013","39","RLC-PKT000013","MAC-000039","TB-000039","0","FIRST_DELIVERY","6478e205667366d6c11c95062332a03f5532b8e8ad76cf5640a262896f687d92","aefd4a206db6b21245c44984ae438e3fbf50c52e85865f41df832508622d1b01","PASS"
"PROTOCOL-20260727-071456","LN000040","PKT000013","SDAP-PKT000013","40","RLC-PKT000013","MAC-000040","TB-000040","0","FIRST_DELIVERY","89a0c33f67018e4a11aba4f5bd07b7663f82e688a5ad30b70c37b8b370e810a7","b692eb378f1888275f971404f8b2697b8417f39b05b155eab2156a711b8dfb96","PASS"
"PROTOCOL-20260727-071456","LN000041","PKT000013","SDAP-PKT000013","41","RLC-PKT000013","MAC-000041","TB-000041","0","FIRST_DELIVERY","b137f64e214f87c2c8ee49dd7199cba26738d89ed07f656ae99bed949b28ac87","ff7303b09f44d550a54501194aee0534d43f439112ebcaccafeeed84a27712e5","PASS"
"PROTOCOL-20260727-071456","LN000042","PKT000014","SDAP-PKT000014","42","RLC-PKT000014","MAC-000042","TB-000042","0","FIRST_DELIVERY","b0a13e63d9b098728ba6858c96db69ba53b47ae5865b6a3822b97c3fa1fad2b6","159690e6cc7632095214907d2fc5842b9c2c741f30c52a5a1fa1307b4f7b13f2","PASS"
"PROTOCOL-20260727-071456","LN000043","PKT000014","SDAP-PKT000014","43","RLC-PKT000014","MAC-000043","TB-000043","0","FIRST_DELIVERY","0b74ff9a0cd85572931ec829b3bd53bc7b96a24eb4f444218db54c22769e5199","e5375a627fc7ea4c671a3e6b5855e74ab1dbbf0c37d80a951298eed407687766","PASS"
"PROTOCOL-20260727-071456","LN000044","PKT000014","SDAP-PKT000014","44","RLC-PKT000014","MAC-000044","TB-000044","0","FIRST_DELIVERY","8e9d2bba15ce4255b93efb95f1e74dbc074109f0362717508756070d0904581e","802a74ca63a2499402cfa07dd6fecca9640b18ceb6734da09c321f16004e6f82","PASS"
"PROTOCOL-20260727-071456","LN000045","PKT000014","SDAP-PKT000014","45","RLC-PKT000014","MAC-000045","TB-000045","0","FIRST_DELIVERY","559b2688d48d45bfba78f18a3b0e3b7643eb6c04e101c104692792d252c46d14","bc4e307d9a99a825017b76a7aacc6887bb7945a5b5cf8892b52e9711305dc054","PASS"
"PROTOCOL-20260727-071456","LN000046","PKT000014","SDAP-PKT000014","46","RLC-PKT000014","MAC-000046","TB-000046","0","FIRST_DELIVERY","14db1a01a8233e2e121cd88db63b41a4515c2301e8463d938b8173a9eda3aaaf","63cb19f79d384c9bc48c4c98a4f184afeade07a82e7daad7c115cb3c603d2c9e","PASS"
"PROTOCOL-20260727-071456","LN000047","PKT000014","SDAP-PKT000014","47","RLC-PKT000014","MAC-000047","TB-000047","0","FIRST_DELIVERY","ff9c793904c575e29c66321915237163c531f6a652e745ab748e89675f04bef4","054341c5da0ee7457e4d991623a9816df1fcbad2229f0be767b1de5d4ac6a63f","PASS"
"PROTOCOL-20260727-071456","LN000048","PKT000015","SDAP-PKT000015","48","RLC-PKT000015","MAC-000048","TB-000048","0","FIRST_DELIVERY","76a16f81d920d995ffcfac2cb8fd0ae639b67c7bf7ddb0fb0c23ac9e793cfa67","d9b013025bc69c0e13acb38644cfeb0d47b1380605dcf206e07fcc9fea391371","PASS"
"PROTOCOL-20260727-071456","LN000049","PKT000016","SDAP-PKT000016","49","RLC-PKT000016","MAC-000049","TB-000049","0","FIRST_DELIVERY","f694162565b23b43c785c3710dba0abc736cd0aa3d11834a935cae095ee611e3","4f9a7da5e4881d1f7391015132e190460180b942a1956f15b4788c793db4e6b2","PASS"
"PROTOCOL-20260727-071456","LN000050","PKT000017","SDAP-PKT000017","50","RLC-PKT000017","MAC-000050","TB-000050","0","FIRST_DELIVERY","1713e796e268e6dc7c4854818b5b6e7c7fc86195912b55e430bc89a8ae52b961","6f3b902b5b104964eed0ee7602427fd94c15bf3d0af980c0adfb73449b7ab9a4","PASS"
"PROTOCOL-20260727-071456","LN000051","PKT000017","SDAP-PKT000017","51","RLC-PKT000017","MAC-000051","TB-000051","0","FIRST_DELIVERY","de5f97a83f94d7ea0b16e7ea02eca4d79282959c8d5c67b0a2c44b5fa401124c","957658789fcebeeb655a5b345a96a5f1693511c79ef25213b6edac8f8aba9ef2","PASS"
"PROTOCOL-20260727-071456","LN000052","PKT000017","SDAP-PKT000017","52","RLC-PKT000017","MAC-000052","TB-000052","0","FIRST_DELIVERY","23f70daae9d104a8d86775ead1d26a092a18f0bb3c0fc146eaff20aa0b97e96b","e444814a0c857964824bbfb9fef2f23af71afa43d99343ccb44fd05e80b6947b","PASS"
"PROTOCOL-20260727-071456","LN000053","PKT000018","SDAP-PKT000018","53","RLC-PKT000018","MAC-000053","TB-000053","0","FIRST_DELIVERY","4f6f4e236ad2fa33066e8ec4a86d356e0fe107845f514f88ddc76f87c20e52d3","c53cefae006894d60d9f9dbb2e75d8c01cf66eca9c4864d26229cd84a3e424f4","PASS"
"PROTOCOL-20260727-071456","LN000054","PKT000018","SDAP-PKT000018","54","RLC-PKT000018","MAC-000054","TB-000054","0","FIRST_DELIVERY","b39fda57ff08ff3edad9c7a3a0b3328c72af06941108e0c710cbf3c7283a6c84","6e296ca65b010d1461a6a5b0c538849f07a0bc2711097c6e6d6a4c8aa2b55928","PASS"
"PROTOCOL-20260727-071456","LN000055","PKT000018","SDAP-PKT000018","55","RLC-PKT000018","MAC-000055","TB-000055","0","FIRST_DELIVERY","8f5622c7959dcbff0572da24d73fc7db02ebe9b5cc2db617204f2d3dca9de2e3","3efa7233e137840d59d4f26b3f4df1334bf53a831e53d8c5475d99a5e73d371c","PASS"
"PROTOCOL-20260727-071456","LN000056","PKT000018","SDAP-PKT000018","56","RLC-PKT000018","MAC-000056","TB-000056","0","FIRST_DELIVERY","2123c9a1ba1fba9368c5e280a5a0c9bb1b4efc1bd7f01e7d50d52465cea580da","d45019abacb38373c28bfbefc6fadfbe5ae54f1317a3b7a52689a3ce1712be4b","PASS"
"PROTOCOL-20260727-071456","LN000057","PKT000018","SDAP-PKT000018","57","RLC-PKT000018","MAC-000057","TB-000057","0","FIRST_DELIVERY","8364a0a0c5d0e505ad38abfe92b45fd29c2e6e877f35824a7ea90e60b70246b1","7be94ebbc9e7a1fa5a7a82f348992110eaadd0aca11eda9c3e033e71a7ec1830","PASS"
"PROTOCOL-20260727-071456","LN000058","PKT000019","SDAP-PKT000019","58","RLC-PKT000019","MAC-000058","TB-000058","0","FIRST_DELIVERY","38219a3a13fc714691053ba0cd22caf33a974a2d0eeb48e45b7be713ec8228f5","c419e3455209fc5ad4f8f4182015ad38be05276f02a045fb1079e2f7d4a49291","PASS"
"PROTOCOL-20260727-071456","LN000059","PKT000019","SDAP-PKT000019","59","RLC-PKT000019","MAC-000059","TB-000059","0","FIRST_DELIVERY","21a70170de6f02ea277e045c76bfebbe0631ffd16a99275150c4a3f1d47dec09","d835a168424e8742334a907586a6cfea35985ae27ad37d9a2f15a163c83a97a0","PASS"
"PROTOCOL-20260727-071456","LN000060","PKT000019","SDAP-PKT000019","60","RLC-PKT000019","MAC-000060","TB-000060","0","FIRST_DELIVERY","a54fe67ef78a6d3259755199efae964f62c41219e16a7798d45908a44aa542f9","1399e8469dd5e64acd80ae3e1d094e08ed0aa0928965e33232c041d34bb244b1","PASS"
"PROTOCOL-20260727-071456","LN000061","PKT000019","SDAP-PKT000019","61","RLC-PKT000019","MAC-000061","TB-000061","0","FIRST_DELIVERY","8c3a194548475d36706111d60bd6e7bb3458c4d509de5531be3fe23cc17e6a10","56e050b14706475c6e70ac32bec6717581301ae97c1467c8a6df5bbf15f3f30b","PASS"
"PROTOCOL-20260727-071456","LN000062","PKT000019","SDAP-PKT000019","62","RLC-PKT000019","MAC-000062","TB-000062","0","FIRST_DELIVERY","21c2ac30f2fccabfb7cfc05ab46a1546fdca3af090912494232c9467b4e178f1","a5612dd37440f1c6b8404df3fe1926373c5d0ef233b177eadb9b86cb203ef0f8","PASS"
"PROTOCOL-20260727-071456","LN000063","PKT000019","SDAP-PKT000019","63","RLC-PKT000019","MAC-000063","TB-000063","0","FIRST_DELIVERY","2e0f3a7c19dba8279d31c436a42fbb82c0672008bbb29c73795aab01c86d5409","74b512254e41e67536101af388fc5c76dfc2ec2a6ed27061e383f41d1d223017","PASS"
"PROTOCOL-20260727-071456","LN000064","PKT000020","SDAP-PKT000020","64","RLC-PKT000020","MAC-000064","TB-000064","0","FIRST_DELIVERY","2baf3e5bf97325d16c0a0b558db577cf9aaa2b76356685f385029b61d1034e8a","e8c81c40218a35a6f37cffbfe18dd1126e6f1d4215511d4356b17badd219af00","PASS"
"PROTOCOL-20260727-071456","LN000065","PKT000021","SDAP-PKT000021","65","RLC-PKT000021","MAC-000065","TB-000065","0","FIRST_DELIVERY","1b4e86f4270fc95e10a19f2d216080290faf4761ef9fdd6ab55e70d73e900a45","66a77f4b2ebd8ea0dfd667bca60f189b0f1cdbc2018599138aab33008c363cbe","PASS"
"PROTOCOL-20260727-071456","LN000066","PKT000022","SDAP-PKT000022","66","RLC-PKT000022","MAC-000066","TB-000066","0","FIRST_DELIVERY","0cc670731cddd8530efc7d4314597954ce5cb0ce45a30601fc9e0c6d53eefac7","cde4b0ee9deaf5b8d50a48ed41f4dcb884489ea0bff9ce5b17e56d6770733403","PASS"
"PROTOCOL-20260727-071456","LN000067","PKT000022","SDAP-PKT000022","67","RLC-PKT000022","MAC-000067","TB-000067","0","FIRST_DELIVERY","eff4020118a9094d052909cf0a310680a02a590dd9039d655931fd015385ac3c","90991dda75b5521f83d9ef01c7a61ab6f9a71dd226ae10a8fa36d79fd61ad0ea","PASS"
"PROTOCOL-20260727-071456","LN000068","PKT000022","SDAP-PKT000022","68","RLC-PKT000022","MAC-000068","TB-000068","0","FIRST_DELIVERY","6f9ffbfff15ca3a38a616287081bb5b5ba602f6922f211df993abe13389d5701","3c54ce960cdf75960d19cb00e1d879a0930143a8e435259d82ff8112c2daa434","PASS"
"PROTOCOL-20260727-071456","LN000069","PKT000023","SDAP-PKT000023","69","RLC-PKT000023","MAC-000069","TB-000069","0","FIRST_DELIVERY","18e0506f2162f29d6a30eae952d70203a0410d446b6e17f9806f92994258e1c1","d7cee36654b274164aa47483696f826542d3982ebecd3a51f1a3dca5fd5e6c88","PASS"
"PROTOCOL-20260727-071456","LN000070","PKT000023","SDAP-PKT000023","70","RLC-PKT000023","MAC-000070","TB-000070","0","FIRST_DELIVERY","7223325150c22bc519c1b2f27b37c59b29f1fd2b17e6e2c6ae684e9acaa76947","bec59d2eac9947112b2e27873910d3d56ead1154165440448936fec11200b57e","PASS"
"PROTOCOL-20260727-071456","LN000071","PKT000023","SDAP-PKT000023","71","RLC-PKT000023","MAC-000071","TB-000071","0","FIRST_DELIVERY","d1c234e75a5f938ac4d7230ebdb70bc3d2724bfbb820c1e04a03b0ebe3441d14","69cf4bcf5929c8e04168ecece9da03e6af35ef6ded0c2cce11a52bbf1f59a207","PASS"
"PROTOCOL-20260727-071456","LN000072","PKT000023","SDAP-PKT000023","72","RLC-PKT000023","MAC-000072","TB-000072","0","FIRST_DELIVERY","346fd6f498fe9e0c4c3b945e83bc256236319b3338622b27ac8a0a92ac9d4354","6d6825894447495554e9054fb1ea84fec7dd618249311b417f56704bde06dc44","PASS"
"PROTOCOL-20260727-071456","LN000073","PKT000023","SDAP-PKT000023","73","RLC-PKT000023","MAC-000073","TB-000073","0","FIRST_DELIVERY","b7da5a3cbb80024a409193d3b808d1cbacef0107a9d75c4cb5feffcf37d5bbed","259ffee3c44e61632229ee72e7aff41e8ea1e37cb6cfd663c6bdd0b69a18b352","PASS"
"PROTOCOL-20260727-071456","LN000074","PKT000024","SDAP-PKT000024","74","RLC-PKT000024","MAC-000074","TB-000074","0","FIRST_DELIVERY","ec6d430822b50c5f1697ad103c4fc4b83d1640edab3cf8b1dd5c4427aa9641d1","1499db7eb7bb6e286c7beec05ed94941dbdf6684f99b6cb39f2caff5897058f3","PASS"
"PROTOCOL-20260727-071456","LN000075","PKT000024","SDAP-PKT000024","75","RLC-PKT000024","MAC-000075","TB-000075","0","FIRST_DELIVERY","f9d2460dfeb24e228ad1e02ee52c8543274f97a8d211d00f1f5f90bc7aae4b0c","d6c5202766bd341328d3f79b67a8496ec0a35523d9927a26da14f8682ff56dd3","PASS"
"PROTOCOL-20260727-071456","LN000076","PKT000024","SDAP-PKT000024","76","RLC-PKT000024","MAC-000076","TB-000076","0","FIRST_DELIVERY","57e3c7c22f986c798161f02c7cd8305cbabaacf0839692cebe04c350d894798b","86ec8affec7d00138df1fb8dbde700473219bd1640fde9086f536a5b1a05a2f2","PASS"
"PROTOCOL-20260727-071456","LN000077","PKT000024","SDAP-PKT000024","77","RLC-PKT000024","MAC-000077","TB-000077","0","FIRST_DELIVERY","056a006b9bff7407a70da3cee004213f08eff3179b1eb5196f3f080d756b1faf","37306e0efb95fbd47aa0f56b716dc05bdd84c677e42691a11feb6d7c9d6b43c5","PASS"
"PROTOCOL-20260727-071456","LN000078","PKT000024","SDAP-PKT000024","78","RLC-PKT000024","MAC-000078","TB-000078","0","FIRST_DELIVERY","29776ceee62db1223907dfb1b65ac6541a926ca9fd1ee6a9f287f0eaf82a4aaf","ca6d09713c05a29fc17345bf5a401eeaf285ce632c6b2a5d2846ee56c0d2a7f4","PASS"
"PROTOCOL-20260727-071456","LN000079","PKT000024","SDAP-PKT000024","79","RLC-PKT000024","MAC-000079","TB-000079","0","FIRST_DELIVERY","bbe06d97f9548f2be121ab3e585e7022b2ed5e9a505ce3a981433e0da11a7e38","8b7c644ed1f02b1f1ee2a20fac6f89110384f407eb54f939c27c8fc931518f9a","PASS"
"PROTOCOL-20260727-071456","LN000080","PKT000025","SDAP-PKT000025","80","RLC-PKT000025","MAC-000080","TB-000080","0","FIRST_DELIVERY","5a0f2f4d93a88069564c270c9842550f00bb4c30d3c21c5654b99567ce05f3a2","9279900c79723b75c95323b9ebdf2c8224693bb3f7033d35b6024575b4faa986","PASS"
"PROTOCOL-20260727-071456","LN000081","PKT000026","SDAP-PKT000026","81","RLC-PKT000026","MAC-000081","TB-000081","0","FIRST_DELIVERY","2e1881657e48d31ea4da8a26d2fd952a727a9ee386b706fbac1be999b1b448ac","6298c0bf12ba2ea6c504da5a3f46b1d069df4b0a01db0f4b5ebf6f074681e174","PASS"
"PROTOCOL-20260727-071456","LN000082","PKT000027","SDAP-PKT000027","82","RLC-PKT000027","MAC-000082","TB-000082","0","FIRST_DELIVERY","393edf113157d1ef9ed836076d8589b2ec7bcbe470b302825c5b0c507377dfd0","3cd1766f5941b4d6580a08c1791d41d9a11b8ce6877acf5a0a2fa1df9512092d","PASS"
"PROTOCOL-20260727-071456","LN000083","PKT000027","SDAP-PKT000027","83","RLC-PKT000027","MAC-000083","TB-000083","0","FIRST_DELIVERY","a78f1a1727bc4468023ac4c1f384c9107c734e0049aa6e38085dbb20ee701f44","15a62ec9385e1000558a0dbccfa8957b0a81efafcc5ba99dc089a643e2842385","PASS"
"PROTOCOL-20260727-071456","LN000084","PKT000027","SDAP-PKT000027","84","RLC-PKT000027","MAC-000084","TB-000084","0","FIRST_DELIVERY","f16eb078f14c3e457742164e96f5760fcfe962ee4bbd5d236af54cd408afef09","54dc9e43c5d13cbaac627a70dec5b03811da6d69a53ff9f542704da977e7b3a1","PASS"
"PROTOCOL-20260727-071456","LN000085","PKT000028","SDAP-PKT000028","85","RLC-PKT000028","MAC-000085","TB-000085","0","FIRST_DELIVERY","0d4240eff6efe0070eb4fca394ec2506d402f2b19c6958ac1c4da7f75e7800d7","0875d69fde7ac2929810848f5562e92b32a70b4a110a0a69ad095185a5a03abf","PASS"
"PROTOCOL-20260727-071456","LN000086","PKT000028","SDAP-PKT000028","86","RLC-PKT000028","MAC-000086","TB-000086","0","FIRST_DELIVERY","988b5262711524232d88cec6f21cc40e9538a1387bddaa792c88b4f6175988be","fc70273cf292147909fc1851125ef90087edc63da3bc781fe8d9f75108a22bb2","PASS"
"PROTOCOL-20260727-071456","LN000087","PKT000028","SDAP-PKT000028","87","RLC-PKT000028","MAC-000087","TB-000087","0","FIRST_DELIVERY","43db8f7b03b0e355d01673fa64189af2af84e6addd0f68f4f5714f06b25b8ea8","8b025ab1e9f583c2b26df692cfe9afa39a9a504e2249865b357998f5168e0e1c","PASS"
"PROTOCOL-20260727-071456","LN000088","PKT000028","SDAP-PKT000028","88","RLC-PKT000028","MAC-000088","TB-000088","0","FIRST_DELIVERY","29f65804d009bfb6503069e36b5bedfd80a54ca98c03c07d782d304f77ddbdeb","36f8e7a1c7cb590a3553e8672e99ebb4ad9c4d9e6acbff8b0c9d91086ac2f8f2","PASS"
"PROTOCOL-20260727-071456","LN000089","PKT000028","SDAP-PKT000028","89","RLC-PKT000028","MAC-000089","TB-000089","0","FIRST_DELIVERY","024b259f0c3febc54b5d282a147c1f38b5e32e264a06df63715324ec8e66e5aa","f086183a3bfc5b6dc04fe999bd66e82fc436a91ead0a5c08500bf8cc58501c22","PASS"
"PROTOCOL-20260727-071456","LN000090","PKT000029","SDAP-PKT000029","90","RLC-PKT000029","MAC-000090","TB-000090","0","FIRST_DELIVERY","9ddce2c8fd41a858b20c94fbf1862d1c04539aab5724527f669ee3c44ad6ec08","86432fff101a10ce9147f271eaf86ae44709d6859afb6956fe7c080c9619402b","PASS"
"PROTOCOL-20260727-071456","LN000091","PKT000029","SDAP-PKT000029","91","RLC-PKT000029","MAC-000091","TB-000091","0","FIRST_DELIVERY","711036dade3ed78875b29cf06d941cde245e03fc9e7b11ea3139553d49c7fe44","53832c42af0edc873c982d0dc9a4fe1b5d5aa48a0530be4c29637e6dd2591570","PASS"
"PROTOCOL-20260727-071456","LN000092","PKT000029","SDAP-PKT000029","92","RLC-PKT000029","MAC-000092","TB-000092","0","FIRST_DELIVERY","b3d8d89975594476f02c5ca2c6d130b46b1130c6c2514a574fcb8b6bde3b49df","c1b19480abcf70c8cdefffd5956e901549b2caf75f57847e1c1c86f2e67882e9","PASS"
"PROTOCOL-20260727-071456","LN000093","PKT000029","SDAP-PKT000029","93","RLC-PKT000029","MAC-000093","TB-000093","0","FIRST_DELIVERY","2036a5d6820ca699d50f65f0564f6265933e4c0aef8be1bd0cf826eb3d924c75","079c85e4acb1fe0d2c4d9a068cec3fad8b69a4e1aa29a93c7d15a6f15101a9f9","PASS"
"PROTOCOL-20260727-071456","LN000094","PKT000029","SDAP-PKT000029","94","RLC-PKT000029","MAC-000094","TB-000094","0","FIRST_DELIVERY","6471f7aaec5ed0a75e44a301bd6729dc196b0924f58713dc9dcacc24edc10eb3","42afed4bcf5a51b68d4854a323bd2f58535507761a51d742a444b6bb050bdbfe","PASS"
"PROTOCOL-20260727-071456","LN000095","PKT000029","SDAP-PKT000029","95","RLC-PKT000029","MAC-000095","TB-000095","0","FIRST_DELIVERY","65a9fb3cb3535032fac2b798c484e1f2fc3ba9ae8f2821dcb8ced01162e1aa79","f3e45f7fc98a4840c34c43a1a7370a727031c692d797b2863f53dfc576e94a91","PASS"
"PROTOCOL-20260727-071456","LN000096","PKT000030","SDAP-PKT000030","96","RLC-PKT000030","MAC-000096","TB-000096","0","FIRST_DELIVERY","a86f62fbc4202bfeb8222e71f5b59e0f2e80161843c920e051b236e92dbca702","ef46b262e2129dcd236ce22377a0bacba156a1d98e93e718c76fc63fa5031bc3","PASS"
"PROTOCOL-20260727-071456","LN000097","PKT000031","SDAP-PKT000031","97","RLC-PKT000031","MAC-000097","TB-000097","0","FIRST_DELIVERY","1d5f2768031e43be14e56009a5f6da819efe946bf4e39aa089f4cf17571ebc76","2864fec23eeab293194a41a9ad1251350b79a8247fb8a58e3596e8d4413d40a2","PASS"
"PROTOCOL-20260727-071456","LN000098","PKT000032","SDAP-PKT000032","98","RLC-PKT000032","MAC-000098","TB-000098","0","FIRST_DELIVERY","5141736bf131d235ad9d8233ea3f9c89238aea476c0730726cabe3db123b537c","cbeeded971a0169a795f1936f15293fa34a492c83aeb326f158d19b6dc955441","PASS"
"PROTOCOL-20260727-071456","LN000099","PKT000032","SDAP-PKT000032","99","RLC-PKT000032","MAC-000099","TB-000099","0","FIRST_DELIVERY","5848d7f627e718f8fe02ecd9e5daeee311ee875f0411d6d47e3cd86181835144","13baad8ddac55f5e9b1cfc6a9e09199d0480df290485438e7c82a11396d6f1b1","PASS"
"PROTOCOL-20260727-071456","LN000100","PKT000032","SDAP-PKT000032","100","RLC-PKT000032","MAC-000100","TB-000100","0","FIRST_DELIVERY","48b0e58d9d7cd539256b017ccbbcfb8b446fda38643cd2688cc6eb3325acb32c","1c72fa2526d915284bc429130993ebe8021117dd62183eff6ddcd2c39bac1f74","PASS"
"PROTOCOL-20260727-071456","LN000101","PKT000033","SDAP-PKT000033","101","RLC-PKT000033","MAC-000101","TB-000101","0","FIRST_DELIVERY","e4031dbd647da906e304f3128c4f92599126f6cfcba02ec44645bee5dff12872","91557eb47e8daea3bfe4bb16f03e7657d12d10db4a2b7dfdc9a9521a50f59934","PASS"
"PROTOCOL-20260727-071456","LN000102","PKT000033","SDAP-PKT000033","102","RLC-PKT000033","MAC-000102","TB-000102","0","FIRST_DELIVERY","7214c526754279e2b8240503f519d09f2516bfca26fa8b14ae587a546d6b518e","de186627759a7ba5b993a4b6fdc5ed02b06ea1d588a30b613cf43d8a09f7f705","PASS"
"PROTOCOL-20260727-071456","LN000103","PKT000033","SDAP-PKT000033","103","RLC-PKT000033","MAC-000103","TB-000103","0","FIRST_DELIVERY","f629a690cce3a182fc380840d5b74b5b5dbcbc6beba34d8ac4a71a600c075981","41ca84e6e3f5750ea2932d669c16e527cd075c338fc8e6f4adebe952f6a9eea1","PASS"
"PROTOCOL-20260727-071456","LN000104","PKT000033","SDAP-PKT000033","104","RLC-PKT000033","MAC-000104","TB-000104","0","FIRST_DELIVERY","50b661e3dbe920ca5b799c398c139d28118976f1655edff06fd51c6d36a0828a","f0f87d09c080081cadb6078cfb3041271a431c51a356a880b5f04309d98ebbb2","PASS"
"PROTOCOL-20260727-071456","LN000105","PKT000033","SDAP-PKT000033","105","RLC-PKT000033","MAC-000105","TB-000105","0","FIRST_DELIVERY","bd2ff8bad58dc32c6e0d07f0574954bfc26f68b065b73af8c779b610c5c9392f","2d6a98bc9e33b51232a23d3b1edccf5d3355ca679d3d14fe6ad4ed88f40de432","PASS"
"PROTOCOL-20260727-071456","LN000106","PKT000034","SDAP-PKT000034","106","RLC-PKT000034","MAC-000106","TB-000106","0","FIRST_DELIVERY","7bc4469c935b952a0bd4b008459e086e8b9cafd70e75e81a0a5cfe290b3c9e59","04be5f26e8746c1768da8cdca0e8e8110859747c310c1a99a71ce5570deac301","PASS"
"PROTOCOL-20260727-071456","LN000107","PKT000034","SDAP-PKT000034","107","RLC-PKT000034","MAC-000107","TB-000107","0","FIRST_DELIVERY","75c2f045810e17be0d44e7107705e33c247fc5cd17aee02e6c365ea6bcf7c595","75a6c5206934fc16087f40f7cf59fa7e2afef9884db0e13bbfff10db43a1a2a8","PASS"
"PROTOCOL-20260727-071456","LN000108","PKT000034","SDAP-PKT000034","108","RLC-PKT000034","MAC-000108","TB-000108","0","FIRST_DELIVERY","8d04bb66d8c277d9a1506c30e0e2ce81713e07022ea83f93977d979b6087b659","08568646c22707d37208b3cf1269e40d26ac78806c8c4fad4b9df4eb0c85f4b9","PASS"
"PROTOCOL-20260727-071456","LN000109","PKT000034","SDAP-PKT000034","109","RLC-PKT000034","MAC-000109","TB-000109","0","FIRST_DELIVERY","c1aa381bf28b936e6d20381a3f827335e2c89725f03d25dafb6b343df6308d2a","ab41b34ace4ec11b78db1f3b16a012bfcd7f8a0f743daf50de2fe7127bec4026","PASS"
"PROTOCOL-20260727-071456","LN000110","PKT000034","SDAP-PKT000034","110","RLC-PKT000034","MAC-000110","TB-000110","0","FIRST_DELIVERY","09c774e5ff1ae2d2d23c95eb1717c9f94222296fdceb7e92e2f5f358685759d4","865dd5c639f91b76630b0535ab243c28bc075482853176d8692dda3495483f86","PASS"
"PROTOCOL-20260727-071456","LN000111","PKT000034","SDAP-PKT000034","111","RLC-PKT000034","MAC-000111","TB-000111","0","FIRST_DELIVERY","64780629603f467724370ead8dd058dae769f067da5e5d3e75191708af3f0f31","010438eed8f7cf3730cab9f534145f0bd8ec98964cf101fe52fa4003e1598f5b","PASS"
"PROTOCOL-20260727-071456","LN000112","PKT000035","SDAP-PKT000035","112","RLC-PKT000035","MAC-000112","TB-000112","0","FIRST_DELIVERY","52f11ab71c3ac5e20310a40b8ada578a2897ad96adc6dccf81eb3e8c7b22e41d","249fb22e53ced3b23ba4a6261a16ba39fe968b2c2309750a74f9b8b243709bd1","PASS"
"PROTOCOL-20260727-071456","LN000113","PKT000036","SDAP-PKT000036","113","RLC-PKT000036","MAC-000113","TB-000113","0","FIRST_DELIVERY","3655c0131264f5a051b3b67230923aef73bb78c709a10a574f7949740b2dbc11","c33568f7b4991d79bd47b2b828751b7dc11e4cb4173f7dd9b1b2a92e4851ccd8","PASS"
"PROTOCOL-20260727-071456","LN000114","PKT000037","SDAP-PKT000037","114","RLC-PKT000037","MAC-000114","TB-000114","0","FIRST_DELIVERY","fe33d5cb7f5bcc5c88cc627c6d3956efe6ed7f7b2357e98bf543c416b036ab8a","26f19280766a5472bfecd3dbb21f6856f3c84920d5359570acfe20314b29d3f3","PASS"
"PROTOCOL-20260727-071456","LN000115","PKT000037","SDAP-PKT000037","115","RLC-PKT000037","MAC-000115","TB-000115","0","FIRST_DELIVERY","b8d87cc2f4e54a90706fcb6f010c9fee9355eef1647773503149bf6ded10da08","3482abdab4fced7b5746de9888fd4825bc078e10903ac4b815c08bdc02f64af7","PASS"
"PROTOCOL-20260727-071456","LN000116","PKT000037","SDAP-PKT000037","116","RLC-PKT000037","MAC-000116","TB-000116","0","FIRST_DELIVERY","771f676d30e94ecdd0a4d1d36a43d1b9e2b53385d4924a9ec12bfffbb2f838b8","aae583deaf156ff725539d9ff3fd90b50c75efde9cb8bb57cd36e47ed204a14c","PASS"
"PROTOCOL-20260727-071456","LN000117","PKT000038","SDAP-PKT000038","117","RLC-PKT000038","MAC-000117","TB-000117","0","FIRST_DELIVERY","b2c1cb58b4b145b4aab276e11240cb328c150a71cc306e954b481d9dc97d24c2","1ada37affe3bae3320fe42ab972fbc9f4a2b497b3562f0a38d4cbc3904650b77","PASS"
"PROTOCOL-20260727-071456","LN000118","PKT000038","SDAP-PKT000038","118","RLC-PKT000038","MAC-000118","TB-000118","0","FIRST_DELIVERY","b2d1268d17c0f4813338bb70e6f85b1d0a11c1cfefc2ec5de9b379b1c2f39f43","8d03d050219141f487c1f548f398336ecab3767d8fd811462fbf69457285582d","PASS"
"PROTOCOL-20260727-071456","LN000119","PKT000038","SDAP-PKT000038","119","RLC-PKT000038","MAC-000119","TB-000119","0","FIRST_DELIVERY","464cfc6c2b41019e7a0f9430873c27ec53a8250fbc06dc57dd310e960d7984b8","08ecb918eb25f3f093c41b30c69089f6ec4f6b90acfaf4a078b1517acaad13b2","PASS"
"PROTOCOL-20260727-071456","LN000120","PKT000038","SDAP-PKT000038","120","RLC-PKT000038","MAC-000120","TB-000120","0","FIRST_DELIVERY","50eb4d0737506af5b6d8c66634baf603ec0218cf13d434089bfd99b6de912a96","5f9d9e54a169c20c7c496e1ec173e218c7b0489f02a9462a97f205999bedb454","PASS"
"PROTOCOL-20260727-071456","LN000121","PKT000038","SDAP-PKT000038","121","RLC-PKT000038","MAC-000121","TB-000121","0","FIRST_DELIVERY","15489dfdff487d747ce40e64c144f7f7fcc968dcfb74a5b7d5c3191ddd22a885","afa3ca23b38813951abd59e5e19baae0839f827ead8c651ccd1b6560eae3eb83","PASS"
"PROTOCOL-20260727-071456","LN000122","PKT000039","SDAP-PKT000039","122","RLC-PKT000039","MAC-000122","TB-000122","0","FIRST_DELIVERY","821dac97921aa2d3db403dda7999d433ec2ce344538d6f9f2b85f3dff04fe260","311c0791af5a143d871b6677419c4c6f9c76b114b82c1eec17e4ef1f5f12c8e5","PASS"
"PROTOCOL-20260727-071456","LN000123","PKT000039","SDAP-PKT000039","123","RLC-PKT000039","MAC-000123","TB-000123","0","FIRST_DELIVERY","36e65b6d57f152e654b5a3e5b523767b80d06bcd5f515f1e54f995b1d45ade6e","2bab20562493515e918fb185a0892b1b3c956a6a97ebc24af80b29114d7c8755","PASS"
"PROTOCOL-20260727-071456","LN000124","PKT000039","SDAP-PKT000039","124","RLC-PKT000039","MAC-000124","TB-000124","0","FIRST_DELIVERY","78233a3bb89ad2c071a5564455c1a241b6960bb70533e7b3a0acfcf98bea03db","394f93617369a1bd6f43868b2bb18ef3a63048b17275504146b22369e4fb3391","PASS"
"PROTOCOL-20260727-071456","LN000125","PKT000039","SDAP-PKT000039","125","RLC-PKT000039","MAC-000125","TB-000125","0","FIRST_DELIVERY","b1ba8e9a25f88209f07021ab55f055bcd4c1590f0fa42109ab99306800caea4d","9ef5bfd3c2884b13b85a376d8d1e4359d84958e1963574ca8defb735b1c639dd","PASS"
"PROTOCOL-20260727-071456","LN000126","PKT000039","SDAP-PKT000039","126","RLC-PKT000039","MAC-000126","TB-000126","0","FIRST_DELIVERY","ce640661ceeca77681d2d297305a407e0b31bf5138b165016580ae4902d368b3","2c164ab442a20de7259536cf63567c709ce170433830fbea830bbdb5cc4272a1","PASS"
"PROTOCOL-20260727-071456","LN000127","PKT000039","SDAP-PKT000039","127","RLC-PKT000039","MAC-000127","TB-000127","0","FIRST_DELIVERY","e9cc5ddc59128d9196994be8622cbd47e4830d763a800c90a6dc31c30841455c","e6574ac73e6c29646742043314f4334651e2d9146986758a0e54a2ac846b1975","PASS"
"PROTOCOL-20260727-071456","LN000128","PKT000040","SDAP-PKT000040","128","RLC-PKT000040","MAC-000128","TB-000128","0","FIRST_DELIVERY","099808f4d1a4f60c895570f3460ff1a2cef334073dd82be1e78237fed2797a18","7eca48eaeead52a9822ec3b53dce554e8c671576619e8ac2c8bda0db25e42425","PASS"
"PROTOCOL-20260727-071456","LN000129","PKT000041","SDAP-PKT000041","129","RLC-PKT000041","MAC-000129","TB-000129","0","FIRST_DELIVERY","dcecfaadeb04ecf70196ec595ece604b43c0bbec60fdfc2b1a82d85e0c7a82cc","0b9c2ddae86b37be4dc2d89c80944e00fd169cbff992fe500b952b4746fa4be3","PASS"
"PROTOCOL-20260727-071456","LN000130","PKT000041","SDAP-PKT000041","130","RLC-PKT000041","MAC-000130","TB-000130","0","FIRST_DELIVERY","33f57fb518add7e1cddce69c1c841cb99af693e130c81f90b381127b3b4efabc","f2cda6006442e2ffb067dfde76601eaea0f1a1296def14e58e6439a76ff90684","PASS"
"PROTOCOL-20260727-071456","LN000131","PKT000041","SDAP-PKT000041","131","RLC-PKT000041","MAC-000131","TB-000131","0","FIRST_DELIVERY","2dc81a930aa97ffce1b404781f35768853422a4f70458e8c20e36e6c6c7f949f","dc7bb6a3277ae8f9606fb4495bdae65b229d43c8721d9d001c0824e04bbe33b8","PASS"
"PROTOCOL-20260727-071456","LN000132","PKT000042","SDAP-PKT000042","132","RLC-PKT000042","MAC-000132","TB-000132","0","FIRST_DELIVERY","4bb1b8183bf76913835cd3bf3b7978c9f0fbff9a9582d9a9b6c8ec40c16d3e14","3c39cabd95ad07a09cb00bb624a2f930ffce5cd2877e4c6f45b48bc41d87884c","PASS"
"PROTOCOL-20260727-071456","LN000133","PKT000042","SDAP-PKT000042","133","RLC-PKT000042","MAC-000133","TB-000133","0","FIRST_DELIVERY","03dd2ce77a479207364682a92d9a37423fe9d299c97148c9874c4981894f3e9a","19c91cec089543976d1313e3922612dc037dfd208814ce219171945461936bcf","PASS"
"PROTOCOL-20260727-071456","LN000134","PKT000042","SDAP-PKT000042","134","RLC-PKT000042","MAC-000134","TB-000134","0","FIRST_DELIVERY","8544eb1cd478e4528f70fc64ee62623524e472d478de12cfe19d9f50a6bbe22a","16e3abe9f58b7580d48158a0a3f00a66c2ef12bb550646853b081a4f4a8a9cf4","PASS"
"PROTOCOL-20260727-071456","LN000135","PKT000042","SDAP-PKT000042","135","RLC-PKT000042","MAC-000135","TB-000135","0","FIRST_DELIVERY","dec7f71e316641b3e755b8525f6eed717e78d4d4ffef9d0755735b7190d5bbf0","0d25ad8cc5da9c4a1902ee23ec107b022d00e5629f55ca0d8ebcfa0a8da9543c","PASS"
"PROTOCOL-20260727-071456","LN000136","PKT000042","SDAP-PKT000042","136","RLC-PKT000042","MAC-000136","TB-000136","0","FIRST_DELIVERY","267123d46e0386f8fead86be7553ead8c5c3487f98f6cfb36f6446b2473eadf2","83e39efe92bee772d5a4aab7510662de78b914fef3b151145e4fd4b553c18e1d","PASS"
"PROTOCOL-20260727-071456","LN000137","PKT000043","SDAP-PKT000043","137","RLC-PKT000043","MAC-000137","TB-000137","0","FIRST_DELIVERY","1f024c5dfbda946c8ec050624110626d2192f5b66e6af152916c996003f12dd3","d2653693fef41b450ea808b9a266db501a6a007c5acd2a31f5767aced642edbb","PASS"
"PROTOCOL-20260727-071456","LN000138","PKT000043","SDAP-PKT000043","138","RLC-PKT000043","MAC-000138","TB-000138","0","FIRST_DELIVERY","60bf0acd5ac096bf5be1d4fff50c128ba9a44a06eb50b5127d37e6f4231d0032","98aa5f1291764a9720e4fcbb4b994fb3b5b4b0bb9f17be8003d11f0b34bbf2bf","PASS"
"PROTOCOL-20260727-071456","LN000139","PKT000043","SDAP-PKT000043","139","RLC-PKT000043","MAC-000139","TB-000139","0","FIRST_DELIVERY","ce5d57c2e22253dbb89c697d37f79f9cdc1246528316dd906bc8f443a08b09a8","b2c77508ddfbb636f08cdf73e2c3af9c418cdbd6e2d27c349a5f958d0b75b14d","PASS"
"PROTOCOL-20260727-071456","LN000140","PKT000043","SDAP-PKT000043","140","RLC-PKT000043","MAC-000140","TB-000140","0","FIRST_DELIVERY","d826adae1e33a1125ae6c85b6092e1b12156423e8cfb63c0c7cb16347f2d7f37","8b5c60b8e8b4c3f2fc92f1ffa0ec79ea6f778244f90711046c16a3c4661f6e33","PASS"
"PROTOCOL-20260727-071456","LN000141","PKT000043","SDAP-PKT000043","141","RLC-PKT000043","MAC-000141","TB-000141","0","FIRST_DELIVERY","d47eed1afbd4b468074b9504ae0b0890b559c04d9f63ce732cfe3712169573f9","430f975f579e3bcdd7f3c2ed1c0fbd05baf9e788deb501b12afbc5ed74d1ea72","PASS"
"PROTOCOL-20260727-071456","LN000142","PKT000043","SDAP-PKT000043","142","RLC-PKT000043","MAC-000142","TB-000142","0","FIRST_DELIVERY","f0534ce26a4799e77196d7f5d2887868dffdc535b7c7f5321d3537aa7da63870","3b2800e4889e338b09f0aa9234f9cef8f00e98f590c71d5f797de74a798956ad","PASS"
"PROTOCOL-20260727-071456","LN000143","PKT000044","SDAP-PKT000044","143","RLC-PKT000044","MAC-000143","TB-000143","0","FIRST_DELIVERY","1d61bf06dd4875e158754a7d7b1f445596e83ed6e105f6fe8b807c194320b7c6","9c15e4263708683de72a436b8ed9f36d60cb7ec3cf67a153b4754aee24413b3e","PASS"
"PROTOCOL-20260727-071456","LN000144","PKT000045","SDAP-PKT000045","144","RLC-PKT000045","MAC-000144","TB-000144","0","FIRST_DELIVERY","732e09d8022257c11d19c9fa2c63837fa80062d001d4f439b396f755e1e0573b","4ab49a3b82eca94410ee6a380a719bb6c6b2037ad1099f2b0bc9285f29f6dace","PASS"
"PROTOCOL-20260727-071456","LN000145","PKT000046","SDAP-PKT000046","145","RLC-PKT000046","MAC-000145","TB-000145","0","FIRST_DELIVERY","41286bbd32cb651b8b7a9e4dd5b87861b29f2e100a52a8cbdf044a8b83715eb1","36176f80830b64d7cb546bb1ac6dc8a4e2abb6eecf14a1d048efba9c46b84a95","PASS"
"PROTOCOL-20260727-071456","LN000146","PKT000046","SDAP-PKT000046","146","RLC-PKT000046","MAC-000146","TB-000146","0","FIRST_DELIVERY","3ef3ee3ab7c36dc692cd30eb6573c4ea53acd51edb0ece7684b4d183eeb17de7","3afc2aca13097cdf771400d77e3f145a82efe1daa9feafcccaa352b3d4ec5fce","PASS"
"PROTOCOL-20260727-071456","LN000147","PKT000046","SDAP-PKT000046","147","RLC-PKT000046","MAC-000147","TB-000147","0","FIRST_DELIVERY","0f864639952d236915952b39e0c1c1f2a7947ed391d1d22d75125d3bf27e913e","6e6703c08c17d801d2c429692f15d30da6693887861a8974c9ca1c6b4aa8ddcc","PASS"
"PROTOCOL-20260727-071456","LN000148","PKT000047","SDAP-PKT000047","148","RLC-PKT000047","MAC-000148","TB-000148","0","FIRST_DELIVERY","6d6dee54eb7e48a49bf42f1613e5d7999c6a3ea7d516c87a8659f54d3a6b0507","457149f921b917fe490372b83e1b2a1351f00fd70b2b219dc74a2a162c8e464e","PASS"
"PROTOCOL-20260727-071456","LN000149","PKT000047","SDAP-PKT000047","149","RLC-PKT000047","MAC-000149","TB-000149","0","FIRST_DELIVERY","56aa961922ce5918fe08a6c542112f698cc760cb5fe8f32749f795198332f53c","decc6fef53382e79fcab3e9dc206df78e3864aa1de6011597c4c576ddebf5d8a","PASS"
"PROTOCOL-20260727-071456","LN000150","PKT000047","SDAP-PKT000047","150","RLC-PKT000047","MAC-000150","TB-000150","0","FIRST_DELIVERY","267ab85fd8199ffba84549689c9d1d0efb635d76286d7bc30f9c6d1fca9fd669","114402b22b4b35c27b28c3d61a9f752730b7ac3ccb645d3a416c7afa07fab2e0","PASS"
"PROTOCOL-20260727-071456","LN000151","PKT000047","SDAP-PKT000047","151","RLC-PKT000047","MAC-000151","TB-000151","0","FIRST_DELIVERY","5d3a077df9647283678889d8183e80a8cade7ab79e495e5f7f7410a463a9071f","77a4880500e0c47d70f9c6985b993300e82163373e2ecd7f984997d17833fd40","PASS"
"PROTOCOL-20260727-071456","LN000152","PKT000047","SDAP-PKT000047","152","RLC-PKT000047","MAC-000152","TB-000152","0","FIRST_DELIVERY","b8c7189623649185f27f136e966770216db2424f1f787120cd597c2b5b6a3388","d2604bf30b8f2444c8f4aa47eea5339e8ffa56a3b8433afaa2f460e426a330f5","PASS"
"PROTOCOL-20260727-071456","LN000153","PKT000048","SDAP-PKT000048","153","RLC-PKT000048","MAC-000153","TB-000153","0","FIRST_DELIVERY","e2fde3fae9e31eb7631810683decdd4a8d9b5dca60da01720c93ff439f85569e","970a8695f87bc28fc201e61e716a133f227b256c2a5de0bf00649b1849f3238e","PASS"
"PROTOCOL-20260727-071456","LN000154","PKT000048","SDAP-PKT000048","154","RLC-PKT000048","MAC-000154","TB-000154","0","FIRST_DELIVERY","c38c3140ef64a3b5d7d4593c35dc3825580ea554e050258a6f8c52debaceb549","09b4be8568c226626bce7be31ba0863d203e8a1420a620bad53cb60a9ef99d7e","PASS"
"PROTOCOL-20260727-071456","LN000155","PKT000048","SDAP-PKT000048","155","RLC-PKT000048","MAC-000155","TB-000155","0","FIRST_DELIVERY","b45a53205be630f61d436d9da77f4d535bd7ce8d5921134b528a177433168387","4557634260221e421287ec00115a1e8598b7fac57cf6a3fd0663e591fc957aa8","PASS"
"PROTOCOL-20260727-071456","LN000156","PKT000048","SDAP-PKT000048","156","RLC-PKT000048","MAC-000156","TB-000156","0","FIRST_DELIVERY","dd92f5ad0fa583c9eb13e86ea73d911a1ba8d6d633067724886eb2c8b3d96682","8cb2190994557eba834807ca5563b5c311a673cace51a01d5a5f90cd3bd64c84","PASS"
"PROTOCOL-20260727-071456","LN000157","PKT000048","SDAP-PKT000048","157","RLC-PKT000048","MAC-000157","TB-000157","0","FIRST_DELIVERY","4d4d59df6fa79212886e8cb01eac67899240b88bfd558ffe9ba8f3508cde80ed","34334b4f26d02a193742d825243f2fb4813f81241f11d4cda77b2fd0bccb94de","PASS"
"PROTOCOL-20260727-071456","LN000158","PKT000048","SDAP-PKT000048","158","RLC-PKT000048","MAC-000158","TB-000158","0","FIRST_DELIVERY","c995fed4c076fa166871f57b640ecba7fe89a21e90f12170885265ce2d53a8e3","90ddb552f3a40473b5d07771b78f0f3c7766735268c6aa44486db7396fb40576","PASS"
"PROTOCOL-20260727-071456","LN000159","PKT000049","SDAP-PKT000049","159","RLC-PKT000049","MAC-000159","TB-000159","0","FIRST_DELIVERY","f2de5983920be57a1fb8fa50e58ff89a7521e5a4a5ae4e590a4872e32ab65b9c","3db4be0863d1241f19c4a3ffc0d6137f144fba4c3bf4330c042b287ce23dbf3d","PASS"
"PROTOCOL-20260727-071456","LN000160","PKT000050","SDAP-PKT000050","160","RLC-PKT000050","MAC-000160","TB-000160","0","FIRST_DELIVERY","b658ff46c170c7a5be7c6f21fac55ffe64a8b51a7121ea980dcf8349aa42ca06","3e1ae093ae4469bf170ab50fa4980d12a838c6500ee92c9d8e7a2d93418600b0","PASS"
"PROTOCOL-20260727-071456","LN000161","PKT000051","SDAP-PKT000051","161","RLC-PKT000051","MAC-000161","TB-000161","0","FIRST_DELIVERY","8de623be5519e340103a07c7739fd16f4df3847f2fba7047144fd31115a1bd2d","c990e87f42dba0a7eb01067c9d01e31c6917da8257723fc8892d7e8fb4ab6f6d","PASS"
"PROTOCOL-20260727-071456","LN000162","PKT000051","SDAP-PKT000051","162","RLC-PKT000051","MAC-000162","TB-000162","0","FIRST_DELIVERY","d1e7ea07920e5b2076f4715ba70ef283f49a59d89939d41d0c2fd336cb3c5349","fb04915390d7627b3de831b29b6873ae746f9d328ed1a373386a83ea5217e588","PASS"
"PROTOCOL-20260727-071456","LN000163","PKT000051","SDAP-PKT000051","163","RLC-PKT000051","MAC-000163","TB-000163","0","FIRST_DELIVERY","9164896dcbc4b6c972b4a076d8209065999182e4173948089024b1de2be69ec8","2923e6094de9b5a83fb39b451cef4ec4063ff44b23905f2723c0be27248646c5","PASS"
"PROTOCOL-20260727-071456","LN000164","PKT000052","SDAP-PKT000052","164","RLC-PKT000052","MAC-000164","TB-000164","0","FIRST_DELIVERY","58cd3b7eb66f81520587782a248e50dab12fa4406fe58040cb7d5d2e8b016e8c","661747d5f060d7080c84d49deff71162057e17bcbb3aadd03622a93b5e6f5777","PASS"
"PROTOCOL-20260727-071456","LN000165","PKT000052","SDAP-PKT000052","165","RLC-PKT000052","MAC-000165","TB-000165","0","FIRST_DELIVERY","9eabf84010141838d7b73ec871fcb3890014d86380a2f8b54ab69691db6db361","b63e0f5e9e2b7b7f83f4220e0d2fa44a250dbbd4ea82a86e40b24286a3b8bfa7","PASS"
"PROTOCOL-20260727-071456","LN000166","PKT000052","SDAP-PKT000052","166","RLC-PKT000052","MAC-000166","TB-000166","0","FIRST_DELIVERY","4dac8968aa553508b1384c9fb4ea31cc0139788f6e74e7458abdc41969ef8b27","5ea76c1767260b8ebdf8479897c2267c6d43f35ac1a4d2760535a96c6da04ec9","PASS"
"PROTOCOL-20260727-071456","LN000167","PKT000052","SDAP-PKT000052","167","RLC-PKT000052","MAC-000167","TB-000167","0","FIRST_DELIVERY","b13e446a499494bddd239f9007cb20be94d6016d3b85ede68e26fb8fbe4d5d3c","1829e41b3f355e3c8d7db1b2a1bee99e02af1ebe19a26f83d95a4cd07d24b535","PASS"
"PROTOCOL-20260727-071456","LN000168","PKT000052","SDAP-PKT000052","168","RLC-PKT000052","MAC-000168","TB-000168","0","FIRST_DELIVERY","8495859dbb88940590a173b0c6278a62653f52c2ab073c9b42778d662445cca5","427ffdfc843904818ee9079eafd8489fab5be51b5c846e30a562d91f93dcccc1","PASS"
"PROTOCOL-20260727-071456","LN000169","PKT000053","SDAP-PKT000053","169","RLC-PKT000053","MAC-000169","TB-000169","0","FIRST_DELIVERY","7e03ba3c389a9f31031226a5eaffb7d0f54ec810feb0e5a780f957b1dde5a04a","d9f3611c3c2a5c495f855a63325f3be5bc0d94ad7dd5833008f702a22b0323a0","PASS"
"PROTOCOL-20260727-071456","LN000170","PKT000053","SDAP-PKT000053","170","RLC-PKT000053","MAC-000170","TB-000170","0","FIRST_DELIVERY","e0ed265d82095b57b61d19535c05c45cf0c691f7876d87fc1ee9ea5198526208","eeb47a978f4131e3083e71da4107d1ffe8e5e8a9ab6f34a99cf5fbc0a80523fb","PASS"
"PROTOCOL-20260727-071456","LN000171","PKT000053","SDAP-PKT000053","171","RLC-PKT000053","MAC-000171","TB-000171","0","FIRST_DELIVERY","a324329e4c752280c6b8029a74ae46bb05a5d195770645f9a2faca97af8f9120","4eabb204f66143b67cfcff23e50772889133808c276ef4d55797299491f7579b","PASS"
"PROTOCOL-20260727-071456","LN000172","PKT000053","SDAP-PKT000053","172","RLC-PKT000053","MAC-000172","TB-000172","0","FIRST_DELIVERY","745f5d210e8b06f8c78fb74305357d56f2f13a7526c5e8b23120cc76df3d5e69","2c2878fc3d9b2698fe3afc720d5842136959465fdd58283f8c566c10e2702457","PASS"
"PROTOCOL-20260727-071456","LN000173","PKT000053","SDAP-PKT000053","173","RLC-PKT000053","MAC-000173","TB-000173","0","FIRST_DELIVERY","7e6132b6ee82f7cb120e2f3050b71e0104b111e2ebd3145dc33f7581fdbbb495","092da3c1a2663e15d733fe7cfd0a605ce1f53f5abdbd00f83766d07b2683c9e7","PASS"
"PROTOCOL-20260727-071456","LN000174","PKT000053","SDAP-PKT000053","174","RLC-PKT000053","MAC-000174","TB-000174","0","FIRST_DELIVERY","f33e23e08e28b715489043df4eb6963c7248f0e7f813327cb7af09e4ff8beb27","a7c360081ee4d9e05932c401c056fe0aaef235c5307f8152c04e3758a551177f","PASS"
"PROTOCOL-20260727-071456","LN000175","PKT000054","SDAP-PKT000054","175","RLC-PKT000054","MAC-000175","TB-000175","0","FIRST_DELIVERY","3c5b28a7131fb97dd6cd91c84ffaddc8112f00f45a0a8ed5619177a74800a5dd","36b46705bd6d3451394bd8cce1fe39c35c964cb5c406efd8f388043e937fbfc6","PASS"
"PROTOCOL-20260727-071456","LN000176","PKT000055","SDAP-PKT000055","176","RLC-PKT000055","MAC-000176","TB-000176","0","FIRST_DELIVERY","2277bb5b5d516539964631f558e837193cd0d61b22764ee60c26b36d4d120a92","8e2c06eeb85013341cf49b944cbed2f8cf979fa6a76bf3275951d5339d729701","PASS"
"PROTOCOL-20260727-071456","LN000177","PKT000056","SDAP-PKT000056","177","RLC-PKT000056","MAC-000177","TB-000177","0","FIRST_DELIVERY","fb2e6a11276d026d3f59d6c68efefce80f364125cf37696621d6a68b1082163d","b3d9014fb02e08795b56492305795c00237978026e672ebece2f4e74a7216ee3","PASS"
"PROTOCOL-20260727-071456","LN000178","PKT000056","SDAP-PKT000056","178","RLC-PKT000056","MAC-000178","TB-000178","0","FIRST_DELIVERY","a150247c42218f60721994c32562d63a6bf74f618475a410f87afffcdbb09cad","6659dd0d4e4bc76e7c640dc9e422d14b9228e047d9f9f207beb22b14a0da55c2","PASS"
"PROTOCOL-20260727-071456","LN000179","PKT000056","SDAP-PKT000056","179","RLC-PKT000056","MAC-000179","TB-000179","0","FIRST_DELIVERY","61c8ca31603199ce3ee1fd5c30afd64f6cae3ec7a794e30ba66cf4d352e21ecf","b683f16c904a1809fc404fcc0fd8a84eeee00910e041cbefad22428f493d77ae","PASS"
"PROTOCOL-20260727-071456","LN000180","PKT000057","SDAP-PKT000057","180","RLC-PKT000057","MAC-000180","TB-000180","0","FIRST_DELIVERY","c3b6c6e2bc18150e569158a5af429706144061e23dc692646075c7918cde69ed","ca8a39f228df59416cdea07728c5174afb54fd7ffec3ddf9369e83fb8c34b538","PASS"
"PROTOCOL-20260727-071456","LN000181","PKT000057","SDAP-PKT000057","181","RLC-PKT000057","MAC-000181","TB-000181","0","FIRST_DELIVERY","2e8942dd39bb968af49eea68552301bb6446d1cad4081b992c33f518f32ac32c","b8e080d3b9998a31c973746a32f1551843f01d4e9fe68b9704e2bf1d7711a834","PASS"
"PROTOCOL-20260727-071456","LN000182","PKT000057","SDAP-PKT000057","182","RLC-PKT000057","MAC-000182","TB-000182","0","FIRST_DELIVERY","abc5fbb3d2f01d1497c115171d4b8d9121c059ddd77e03a8ba197d23e99ba6e5","4d205a796a374568dea270f5231d99f62f721b0f71368b756c69c298d74a96ba","PASS"
"PROTOCOL-20260727-071456","LN000183","PKT000057","SDAP-PKT000057","183","RLC-PKT000057","MAC-000183","TB-000183","0","FIRST_DELIVERY","75bef4552130afeaf9202de358d0fccc8652705c3e0cea567eed5963fdf8ceb1","c904c6897d0312e6dca287fab6d7c87f95d74ed73ebffea12d22684b6113e82d","PASS"
"PROTOCOL-20260727-071456","LN000184","PKT000057","SDAP-PKT000057","184","RLC-PKT000057","MAC-000184","TB-000184","0","FIRST_DELIVERY","c9150b0c5cab4b1e97bd16ca47565dbe947e48bcfa8ec0bd074ef734f3710a56","5eccbe92997c76ce77dd21e4d0c25bb8e1f61c1d7cade2b4f960055354db1d33","PASS"
"PROTOCOL-20260727-071456","LN000185","PKT000058","SDAP-PKT000058","185","RLC-PKT000058","MAC-000185","TB-000185","0","FIRST_DELIVERY","f9b95fc4c3aaf632a3b4160b56acc8bed637e6b3d54b1ac27bb973c943e4fc3c","fc6070cd9d971272d70f9054037aaa53e186cc8cbdbe02c806b897b6e3a6d634","PASS"
"PROTOCOL-20260727-071456","LN000186","PKT000058","SDAP-PKT000058","186","RLC-PKT000058","MAC-000186","TB-000186","0","FIRST_DELIVERY","96cd3651c95ba8d67cc4ee4560d902143d384d74c97f2748e4672eb766aeb115","e79e458131366f089d06d53e6a51eea00adee917132dad23a0ecff6aa1a1b77e","PASS"
"PROTOCOL-20260727-071456","LN000187","PKT000058","SDAP-PKT000058","187","RLC-PKT000058","MAC-000187","TB-000187","0","FIRST_DELIVERY","707237881aab062e78e7d867c8cc80ede6f837d3615e1490cec6392405ebbda9","40f834018e1d4ce8e114a32c8a852b753300f723cdedb0cf71ba48c82c840237","PASS"
"PROTOCOL-20260727-071456","LN000188","PKT000058","SDAP-PKT000058","188","RLC-PKT000058","MAC-000188","TB-000188","0","FIRST_DELIVERY","6c71bdcdc6316a50ac61ffeca7d3a7f61e185b787ec195d3ef6b062949f6a78c","c1200c4eb50239b37e9477d6dc8c1d9365ac9b5c5e3922a41605bbda85cdc64e","PASS"
"PROTOCOL-20260727-071456","LN000189","PKT000058","SDAP-PKT000058","189","RLC-PKT000058","MAC-000189","TB-000189","0","FIRST_DELIVERY","d82dcafe6013d2d044a1d546fb69c76b43c0ca8001a6a4497f8ff37c5d3e676e","35ff8e49abefc589008b162cd5b55abde633151969e4f1f95ce6a4acf7019a29","PASS"
"PROTOCOL-20260727-071456","LN000190","PKT000058","SDAP-PKT000058","190","RLC-PKT000058","MAC-000190","TB-000190","0","FIRST_DELIVERY","9fe1beb8adec383a0fe2dd15471200e34fb1c884d4fcdf2176e38b087c1c3082","3f3aca866d1e61bda8035a2cc98acbfe9773a01bc04bb01a496be6a6c609af47","PASS"
"PROTOCOL-20260727-071456","LN000191","PKT000059","SDAP-PKT000059","191","RLC-PKT000059","MAC-000191","TB-000191","0","FIRST_DELIVERY","7b6d296d320bae4d2a5806daebb33b8d2e673ebcf8000958209e5bb753094d0a","58b9b2f3c7da1a0b0d1763422fce02802e2426b298d63d1c5da221c9bc44c7df","PASS"
"PROTOCOL-20260727-071456","LN000192","PKT000060","SDAP-PKT000060","192","RLC-PKT000060","MAC-000192","TB-000192","0","FIRST_DELIVERY","513352fc65e08c6fcd6eb4f0995804e7a546fbb985e4eca4abd6aa50330878d4","207732a15e91ef9d5f0de51dffd3d59889c9f03cd527dc0cbc0fc91affe33f14","PASS"
"PROTOCOL-20260727-071456","LN000193","PKT000061","SDAP-PKT000061","193","RLC-PKT000061","MAC-000193","TB-000193","0","FIRST_DELIVERY","c1849a9ab1faf082ebb5ecfaa4f28c4491cf16d06318e10bd650d992f2d28e77","02e9be754efaf8c7d52901cb583bb9da3f2b32df94d028f0b9f872718df3e370","PASS"
"PROTOCOL-20260727-071456","LN000194","PKT000061","SDAP-PKT000061","194","RLC-PKT000061","MAC-000194","TB-000194","0","FIRST_DELIVERY","9ef5b451dc963527186a2628311d196d1d278f4e2d8103e51b86e311e05c5c09","b0a2c46e354d026dffc705185ac2fcc13c2637a114ad6a1fdd536258798dac4b","PASS"
"PROTOCOL-20260727-071456","LN000195","PKT000061","SDAP-PKT000061","195","RLC-PKT000061","MAC-000195","TB-000195","0","FIRST_DELIVERY","6a189bbe2c209cbf460ad175b0f1bcec3c4a168f025c73ffd22ca5f8135bfe92","e40e4187959e56000b342074c6e9a576923a89147a3f6c7329b332639315779b","PASS"
"PROTOCOL-20260727-071456","LN000196","PKT000062","SDAP-PKT000062","196","RLC-PKT000062","MAC-000196","TB-000196","0","FIRST_DELIVERY","de931f0abeacdb986e4c31f9ff89921d1047469d356930dff641794e8b0d82a0","ef96cfbc11d2184cf6a4ce0f0415dc7ff0cf96cc30aa301189557bd3ef2d645e","PASS"
"PROTOCOL-20260727-071456","LN000197","PKT000062","SDAP-PKT000062","197","RLC-PKT000062","MAC-000197","TB-000197","0","FIRST_DELIVERY","68bcd60ad2e7810af553a27250c3342bc3e2beec7fa5be0f3955f34f7e4b7b98","a3e403d4ecb901f1436e64c503a056459608821f692289fce9ddeb3ad57c1176","PASS"
"PROTOCOL-20260727-071456","LN000198","PKT000062","SDAP-PKT000062","198","RLC-PKT000062","MAC-000198","TB-000198","0","FIRST_DELIVERY","24153bfa16857ac2c9344c838eefc39010cede965cd398d552b875a4e657e2b3","12258c2417a2eae6e4ce37cfc1ce116afbc8e9abaa6a51ba3a16115bf8de8a00","PASS"
"PROTOCOL-20260727-071456","LN000199","PKT000062","SDAP-PKT000062","199","RLC-PKT000062","MAC-000199","TB-000199","0","FIRST_DELIVERY","b7868c44b0a65c4ec904aa837da40cd849e883016b3aa6606b7b9cdd827149bb","c680dca85954f8d1931c4c2f3c8aae06fabc91318ee299e65759fe5c88c64b97","PASS"
"PROTOCOL-20260727-071456","LN000200","PKT000062","SDAP-PKT000062","200","RLC-PKT000062","MAC-000200","TB-000200","0","FIRST_DELIVERY","55a6515071492ac95896aa1883f5e5de8958286437981045c4b8f4ad8a411a06","98630290995836c74439f48fe1f8208fe7c8b390f8d824081bc7ed1e3545d719","PASS"
"PROTOCOL-20260727-071456","LN000201","PKT000063","SDAP-PKT000063","201","RLC-PKT000063","MAC-000201","TB-000201","0","FIRST_DELIVERY","61969d9cd854033c7ebb7b6e9472301297ead1c07d9eba1fe961132a48fdf6f5","c64a56232fa0acab6e87af10ed94b02ff3471769e93e470d477aac385a65c6ef","PASS"
"PROTOCOL-20260727-071456","LN000202","PKT000063","SDAP-PKT000063","202","RLC-PKT000063","MAC-000202","TB-000202","0","FIRST_DELIVERY","1f18ab08af3a97fc9a0b2a44d2083c3898fa5310cd6b9b4de337970f31d7cc7c","c255da9c69e4099f52af3253977b702c7984421f8f7b62c3cb3da78df8f25d0b","PASS"
"PROTOCOL-20260727-071456","LN000203","PKT000063","SDAP-PKT000063","203","RLC-PKT000063","MAC-000203","TB-000203","0","FIRST_DELIVERY","bda7f3f919e48ca6fdf4b0e24f0f7844df46f90e952d0f8306938ca3a2b03aad","e0bd0670a6a09c6dca28a176d5b80f41f96026fac9cee77d6d718a4a19839c56","PASS"
"PROTOCOL-20260727-071456","LN000204","PKT000063","SDAP-PKT000063","204","RLC-PKT000063","MAC-000204","TB-000204","0","FIRST_DELIVERY","e20185564b59bdec4929d3d7908e0fc60876d631d1d92073616262fcac629bb1","090f5a979af92eba118f278167f5204755e061701bec2246ab4266ed8b5fb07b","PASS"
"PROTOCOL-20260727-071456","LN000205","PKT000063","SDAP-PKT000063","205","RLC-PKT000063","MAC-000205","TB-000205","0","FIRST_DELIVERY","659acb55f138f6225ca22e4461304f076c2b2d2bfe3015710486f06a88f7789e","84e12f8df04c518c5b7f5b20ce892c335e45fb582aecc6262727b2470d320b66","PASS"
"PROTOCOL-20260727-071456","LN000206","PKT000063","SDAP-PKT000063","206","RLC-PKT000063","MAC-000206","TB-000206","0","FIRST_DELIVERY","2f22e5e4daf17372013c41df1b52a98b5b7a20c96dfc522da815c9ef479036f3","0d264dbbeff47387c24427e60cf044de06b5fce297fd37b12a0120a03b6e3fb0","PASS"
"PROTOCOL-20260727-071456","LN000207","PKT000064","SDAP-PKT000064","207","RLC-PKT000064","MAC-000207","TB-000207","0","FIRST_DELIVERY","8416bd704ec5eafed4ac5b1aa7004be45a6e2da54cc96dbf1fb170db326c9acc","223da87d782d99602771d7c36fdffcb8a11241f942348d461c6a4b15b5ad880f","PASS"
"PROTOCOL-20260727-071456","LN000208","PKT000065","SDAP-PKT000065","208","RLC-PKT000065","MAC-000208","TB-000208","0","FIRST_DELIVERY","f16a08aa819dd3e149bfff8436d7c01cfa6e9138ae0990120b418101bd9d90e8","e658eed4d52a1d93338ecc269113a64dcbc5778bf73df9275c2df1567828faac","PASS"
"PROTOCOL-20260727-071456","LN000209","PKT000066","SDAP-PKT000066","209","RLC-PKT000066","MAC-000209","TB-000209","0","FIRST_DELIVERY","41d614ee91e7cac289515b17c7487f8903e485272f80ed107ecdbb684ae8941b","bb3f85044afc6503a1a362e035c5ce9328f0162d0a8e9a4ccc71011c7661c09f","PASS"
"PROTOCOL-20260727-071456","LN000210","PKT000066","SDAP-PKT000066","210","RLC-PKT000066","MAC-000210","TB-000210","0","FIRST_DELIVERY","0b58335b5e656bcef9838f4157420f746c3f7d6addfafddfdb851418f6c52f7e","941bc1723eacbb08ffc49c806d7e587c0fe5aa2287396a9feac5e3e81efbcc1e","PASS"
"PROTOCOL-20260727-071456","LN000211","PKT000066","SDAP-PKT000066","211","RLC-PKT000066","MAC-000211","TB-000211","0","FIRST_DELIVERY","ba5b1248596608baf277c37c5ca8ee8e2dff42bf8759b90767e5d8aaa9a54f5a","1b651274edc9a670f971182e89aaf22e0facd7a9400b0b7dd4b98037d63d4876","PASS"
"PROTOCOL-20260727-071456","LN000212","PKT000067","SDAP-PKT000067","212","RLC-PKT000067","MAC-000212","TB-000212","0","FIRST_DELIVERY","8a20f1fc3b5a307f0fa517efd85193dd7cecc33e6de8668fc080180204916f36","c087405325e5dd1fa69393ea1954df15e037f75351ade3d7c2a7f19e64c227f1","PASS"
"PROTOCOL-20260727-071456","LN000213","PKT000067","SDAP-PKT000067","213","RLC-PKT000067","MAC-000213","TB-000213","0","FIRST_DELIVERY","aa0c54e59c3cbebe38863397bcb42524c92046974220af9f2818db09c89c9b54","01f1f71ca3fdb674b32f94d02b9a15f0ba526cece3c23cf5fa9c8fe40d3f7650","PASS"
"PROTOCOL-20260727-071456","LN000214","PKT000067","SDAP-PKT000067","214","RLC-PKT000067","MAC-000214","TB-000214","0","FIRST_DELIVERY","555ccec7edf1b46f01ce82ff0e3a215d2c18d2f51d119b69e1c59635a37ab8a6","444235a51f0c81e1a0ec48cfa467e82aaa4c0018e7eefcdadae1dc22d973f90a","PASS"
"PROTOCOL-20260727-071456","LN000215","PKT000067","SDAP-PKT000067","215","RLC-PKT000067","MAC-000215","TB-000215","0","FIRST_DELIVERY","92283d905930f750371b2e5adff89a1f25f28e286702e683886972a7bd377742","7826e96dda3b2841002a2828b06b46c504b78b485206ab4b45f74a5fd49e38e3","PASS"
"PROTOCOL-20260727-071456","LN000216","PKT000067","SDAP-PKT000067","216","RLC-PKT000067","MAC-000216","TB-000216","0","FIRST_DELIVERY","0c84388d45ca2f731527e4ef8296b1fa87351a0960b5e66207f58e81bac451af","0826b9369537ee01b0d1299f7400d76d32386c45473d5232bad57bf2550935d3","PASS"
"PROTOCOL-20260727-071456","LN000217","PKT000068","SDAP-PKT000068","217","RLC-PKT000068","MAC-000217","TB-000217","0","FIRST_DELIVERY","3e174dbec8298ea702218edbd4ea923d9e719c2cf86f98d93b0dde84441a8e8f","e40105b5313e103f0ef152ad0501c5609ccbbea1b9144c5398c56e666128a925","PASS"
"PROTOCOL-20260727-071456","LN000218","PKT000068","SDAP-PKT000068","218","RLC-PKT000068","MAC-000218","TB-000218","0","FIRST_DELIVERY","955523e6bad23b37fe32b0c86b0690baa96ea9759a61a3e089ab48f0a176ab75","bf4ace5692a9aff5b5071de14e4b8f35386a02c1e04056d7b426eed64579bc88","PASS"
"PROTOCOL-20260727-071456","LN000219","PKT000068","SDAP-PKT000068","219","RLC-PKT000068","MAC-000219","TB-000219","0","FIRST_DELIVERY","08c29418354cddb9afaaffcd0b9d6a62c11e21a6829ac665a7cc57ea3b4b32d9","a9c277c89d6ba26c1b465e077b21465b32bd0b118743e43dfec18a32cc514bb1","PASS"
"PROTOCOL-20260727-071456","LN000220","PKT000068","SDAP-PKT000068","220","RLC-PKT000068","MAC-000220","TB-000220","0","FIRST_DELIVERY","d13bc7fbe5135b027288ebf64fbe12ab8bae531f63afacba20c1e96a679a1acc","a2071c4ce45ebe22989f35d47aebed3425f0b52b0f456cdc6403d2a7bd5ad1cc","PASS"
"PROTOCOL-20260727-071456","LN000221","PKT000068","SDAP-PKT000068","221","RLC-PKT000068","MAC-000221","TB-000221","0","FIRST_DELIVERY","4e22c8dbf5213cf8d0cc478f331147a6f3e22ae8df48204acb6bb11b89aae215","2d66f615d4cb70debb1cfa0488e1ff39a335966992d4530215503ef6624ce8b4","PASS"
"PROTOCOL-20260727-071456","LN000222","PKT000068","SDAP-PKT000068","222","RLC-PKT000068","MAC-000222","TB-000222","0","FIRST_DELIVERY","d55352d20c6b8eb40a23b0532f714e30d68f60f0a308fc3441f6c817c0184371","bdba7e4b52a204c84ef15cf553f6190587ac7f4aefc1d52e326c54ab1ed90125","PASS"
"PROTOCOL-20260727-071456","LN000223","PKT000069","SDAP-PKT000069","223","RLC-PKT000069","MAC-000223","TB-000223","0","FIRST_DELIVERY","0c49e002a75fbb7b5d6100546d772c45094dfd5c4e9a7f2b315b32bb17108263","df6ed1cb9608715f8c2978aad027d335160d8753ae225f48d4d03f805feaa445","PASS"
"PROTOCOL-20260727-071456","LN000224","PKT000070","SDAP-PKT000070","224","RLC-PKT000070","MAC-000224","TB-000224","0","FIRST_DELIVERY","aba2d644f10415adfd4af73a836f85c0d987ec4b0ecfddf69962a00aa03933a9","6f49a5026fac1e751c1095103b9e117c98b36c62f56f1d4bcffd40abf701fb85","PASS"
"PROTOCOL-20260727-071456","LN000225","PKT000071","SDAP-PKT000071","225","RLC-PKT000071","MAC-000225","TB-000225","0","FIRST_DELIVERY","789a9d419916c58e7048d99591a8ccb1e8dd3d323a599ef4ed3ebfc4b5e8b230","08bc38160e9f50518d7e1d0dd46fef6f5719ce89e6049a4259c5256bb44ccc3a","PASS"
"PROTOCOL-20260727-071456","LN000226","PKT000071","SDAP-PKT000071","226","RLC-PKT000071","MAC-000226","TB-000226","0","FIRST_DELIVERY","6e5ff63de079457414b73467470bf3edc66b18e818bce84c547f49cc35545cad","a7f6deef0d285d7cca66fb7cbcf3e805a7fcd99edc9ebafccf26d3df29a69164","PASS"
"PROTOCOL-20260727-071456","LN000227","PKT000071","SDAP-PKT000071","227","RLC-PKT000071","MAC-000227","TB-000227","0","FIRST_DELIVERY","14a5f9a919b48b603b7eca4954087aa8823525c08e68a20d831c44da1a675180","3604031352571e344bf8638ddacf9698c6cec14d423bd90076ac32cf91efe4ed","PASS"
"PROTOCOL-20260727-071456","LN000228","PKT000072","SDAP-PKT000072","228","RLC-PKT000072","MAC-000228","TB-000228","0","FIRST_DELIVERY","544ecec115b92fca7818de3934131ee22df7a21ea440c73f5a96ce9295ac3a53","db41214bfdb6f56545a685716b4b5f984e3fe17c4037edda2c796001b67f9386","PASS"
"PROTOCOL-20260727-071456","LN000229","PKT000072","SDAP-PKT000072","229","RLC-PKT000072","MAC-000229","TB-000229","0","FIRST_DELIVERY","eff520b922adc1cc47de34beb4cf3f7e4d45ced6233c978088e5256e1fc4c634","47c97024c51b36574689499ded5bfb188510fda16cb138a8eb8dc3b762c16725","PASS"
"PROTOCOL-20260727-071456","LN000230","PKT000072","SDAP-PKT000072","230","RLC-PKT000072","MAC-000230","TB-000230","0","FIRST_DELIVERY","c70a72b25ba4f5ab5f6c4532f9bdf38f885a75882918e506639a0a1454ece2c1","2e0da96dd9584da8dac2d3d31a53d9ac5faf6d9d6527913f9023bb189cf77d25","PASS"
"PROTOCOL-20260727-071456","LN000231","PKT000072","SDAP-PKT000072","231","RLC-PKT000072","MAC-000231","TB-000231","0","FIRST_DELIVERY","86596b1ee16950126f5c1c7808135f48445b8593b66bffbafd01c43e7aaa1595","9fedc3f053b39ef13d5d087601b2e84997092aa43c9c6fc890f985c2c3722498","PASS"
"PROTOCOL-20260727-071456","LN000232","PKT000072","SDAP-PKT000072","232","RLC-PKT000072","MAC-000232","TB-000232","0","FIRST_DELIVERY","6ea753354a8b081418251eed53ee8889403d4f05ab547d05da906fd7129e9d3a","1024b06f1e787127b88e7c5cb1a1a78e8bb0d62077ac5f028e89140f6151edff","PASS"
"PROTOCOL-20260727-071456","LN000233","PKT000073","SDAP-PKT000073","233","RLC-PKT000073","MAC-000233","TB-000233","0","FIRST_DELIVERY","c548573a120a7d4d4afcc1a496f4afdb8bfbc9ebbd9535e9933ef5f16767bcbb","e203292d6d6a0d6ab41c462ed8b444f93314936296145180a9076028579dad41","PASS"
"PROTOCOL-20260727-071456","LN000234","PKT000073","SDAP-PKT000073","234","RLC-PKT000073","MAC-000234","TB-000234","0","FIRST_DELIVERY","fa7890564c8cc16d94f1672d97fde0abf0491858609b9191aa4b3a5f0e79cdea","0083a41c8bb5005a678ae00a5e6c71cbc39e669abe1a1404963762c6ee0d31bb","PASS"
"PROTOCOL-20260727-071456","LN000235","PKT000073","SDAP-PKT000073","235","RLC-PKT000073","MAC-000235","TB-000235","0","FIRST_DELIVERY","fa0e4f83590b66e680624826c465bc67edc063f840e829a6ff7b8abd1ce82c21","1cf3a78662d351dfa6e08229cde765e62b05b646948b046f79ace77ec8f2fb9f","PASS"
"PROTOCOL-20260727-071456","LN000236","PKT000073","SDAP-PKT000073","236","RLC-PKT000073","MAC-000236","TB-000236","0","FIRST_DELIVERY","1d0e30a008ca2106049a5e6b957fb57724becab3a91dedc188c350e0025d8a1f","b0765a00884fbf36526349ae8cdd713c4ff2ac81b4f34690426b43aeb50bf60c","PASS"
"PROTOCOL-20260727-071456","LN000237","PKT000073","SDAP-PKT000073","237","RLC-PKT000073","MAC-000237","TB-000237","0","FIRST_DELIVERY","702d55cea18db2392266a9ae839de9dfcafa367718849a2339a9ead309f1a3f1","84bedd67f021977a18d00dc0d45091a4d50fe72fb35d0c03d2d25565d3f6e803","PASS"
"PROTOCOL-20260727-071456","LN000238","PKT000073","SDAP-PKT000073","238","RLC-PKT000073","MAC-000238","TB-000238","0","FIRST_DELIVERY","faaa59f1be662242ddb202ec014176b741c18db071ea5044dae3f7165082fd46","5b1b0b5add2cd356132380afa923cf71f17d2c8543a3c41f7f2e76a8bcef0c44","PASS"
"PROTOCOL-20260727-071456","LN000239","PKT000074","SDAP-PKT000074","239","RLC-PKT000074","MAC-000239","TB-000239","0","FIRST_DELIVERY","a4da38c138db6280ce74247e702c4a388c34501395b4b1d2a7346198687de20c","19bd1f2454b9c6a3e26d868c4f043b95f302d8ababe4f281f693c3c647dd6c6d","PASS"
"PROTOCOL-20260727-071456","LN000240","PKT000075","SDAP-PKT000075","240","RLC-PKT000075","MAC-000240","TB-000240","0","FIRST_DELIVERY","04caccbbd4d51d56533069364d4a14f296318467762ed9b7bf499ae235a3a575","5d40f0c15870a485d3ebb61ba9911d54908696077b30c20281c332a826684b49","PASS"
"PROTOCOL-20260727-071456","LN000241","PKT000076","SDAP-PKT000076","241","RLC-PKT000076","MAC-000241","TB-000241","0","FIRST_DELIVERY","d1e4d22bd01e31e916fc911fcfb4b6572b4095ada5ad0577bf4dab5e7a94f332","5366d8c20630915f433029fd74886c08e87b17a0ba33bfa0324f17a4c1200218","PASS"
"PROTOCOL-20260727-071456","LN000242","PKT000076","SDAP-PKT000076","242","RLC-PKT000076","MAC-000242","TB-000242","0","FIRST_DELIVERY","703bdacccfca81119d5707c4abc3c40be198e1aa9a66442cc22c2f75a71f107f","66f3ae36f1e77baec19eebe98533fa24c3bbd3f3089344fded42e5e19218b3c2","PASS"
"PROTOCOL-20260727-071456","LN000243","PKT000076","SDAP-PKT000076","243","RLC-PKT000076","MAC-000243","TB-000243","0","FIRST_DELIVERY","a745feb42e2796ea937ff65061f1e6ad491ec47359a579261e49817cfa231621","e5fbcb59a60cb3fc2d68ca26760ff155eaff53378b0f20b5c595c6a66a0feac2","PASS"
"PROTOCOL-20260727-071456","LN000244","PKT000077","SDAP-PKT000077","244","RLC-PKT000077","MAC-000244","TB-000244","0","FIRST_DELIVERY","1446a30514e383e4fffe6a03fe31da116067d8dbc0ff7c9853e79c9a15b4f2f2","6f704da8047c6bc3bad0d7460513cbc800df0d5b7b7fc4831f49337a93684d71","PASS"
"PROTOCOL-20260727-071456","LN000245","PKT000077","SDAP-PKT000077","245","RLC-PKT000077","MAC-000245","TB-000245","0","FIRST_DELIVERY","ebe4751b90afda94cf65a8824c2c7d3af835c318ed803439d760901708887acf","7cb8c7b8485f9ac5e356dbe27005c074a1ce867e24b475de25a61b1e322048cd","PASS"
"PROTOCOL-20260727-071456","LN000246","PKT000077","SDAP-PKT000077","246","RLC-PKT000077","MAC-000246","TB-000246","0","FIRST_DELIVERY","1e57285dcbf696c89ac6cecae8db2af1ad6f68fd2e7f69131a25a3bc398c2dd7","b76bc03d237805a9a2f0a8874ba21765895cf79217b84d1687002b8ac56fa512","PASS"
"PROTOCOL-20260727-071456","LN000247","PKT000077","SDAP-PKT000077","247","RLC-PKT000077","MAC-000247","TB-000247","0","FIRST_DELIVERY","7f7853922bd32c0ff3e3e61be297ef05bfedc4704b0b1507807f0b6c4632b0cc","360715f12b9a1b2e62ec56543c14a42435fac9f59a18f8ff702bede9425c2e2c","PASS"
"PROTOCOL-20260727-071456","LN000248","PKT000077","SDAP-PKT000077","248","RLC-PKT000077","MAC-000248","TB-000248","0","FIRST_DELIVERY","ed2c5f5d58be875d1454c54fe89cbd45075effde2138b7c9f05c7f20784e6d50","a10597903de0117e69207ceeb8bcf9d86aba37a11f14d2538283f6855595d61b","PASS"
"PROTOCOL-20260727-071456","LN000249","PKT000078","SDAP-PKT000078","249","RLC-PKT000078","MAC-000249","TB-000249","0","FIRST_DELIVERY","ee6e274a4c0b3dc8348de4da05a82323c0d9f46d64a245e0233558bf83222e79","44c1bcef059b9d835873adbb3632fb74dc36ef78a1a59aff529cbc0b32c84a94","PASS"
"PROTOCOL-20260727-071456","LN000250","PKT000078","SDAP-PKT000078","250","RLC-PKT000078","MAC-000250","TB-000250","0","FIRST_DELIVERY","444050bdae1dfb953a85fc401a646d28d0115508cc71ca6d77b50bd9f788c1bd","7b4bc0bfb6726cc9c35184cbe034519947d3cb9711994cac3d38a7919c5e71f8","PASS"
"PROTOCOL-20260727-071456","LN000251","PKT000078","SDAP-PKT000078","251","RLC-PKT000078","MAC-000251","TB-000251","0","FIRST_DELIVERY","0308bbd9d5e94f77a0cd33e3611dae64a916283b59ee015cc5efa265b4a031cd","5a97f308390e76e5ccca2dd287beca0037af83f4eeb723859de0eb99174fdc90","PASS"
"PROTOCOL-20260727-071456","LN000252","PKT000078","SDAP-PKT000078","252","RLC-PKT000078","MAC-000252","TB-000252","0","FIRST_DELIVERY","627145244d6327cf014e4f7f34649d8237ce5dec053e1bc7cad3e4990676b75e","e06e30e5fe7a6cf890a46305a0416ddddec2b8a8a18e26598ea1f122f0584df1","PASS"
"PROTOCOL-20260727-071456","LN000253","PKT000078","SDAP-PKT000078","253","RLC-PKT000078","MAC-000253","TB-000253","0","FIRST_DELIVERY","5344275b79fd071465d995634f67cee1bbe1d5e11f110afb6ee55951af882fcf","c3de0e083ffd39f41c3a4c59f9de8c2ca3f3d4ac3c82f21856c611e66658f130","PASS"
"PROTOCOL-20260727-071456","LN000254","PKT000078","SDAP-PKT000078","254","RLC-PKT000078","MAC-000254","TB-000254","0","FIRST_DELIVERY","719a1a2070a1f290b5be5915a97d965ea0ecdefb21105c04fecd940ccaa31a54","54814a52a2329d1ebd3fe73be888bbb6ed6d5085b246edb163db08e196a7b2e0","PASS"
"PROTOCOL-20260727-071456","LN000255","PKT000079","SDAP-PKT000079","255","RLC-PKT000079","MAC-000255","TB-000255","0","FIRST_DELIVERY","43cfe30d5a16f2bf886818e89897320b452b181cdaf0ba598599f5c4f506213b","86cd3438a3d3ac09addf9eba90b0dc8da6079aa056e3e4c72ffb84f6840b9beb","PASS"
"PROTOCOL-20260727-071456","LN000256","PKT000080","SDAP-PKT000080","256","RLC-PKT000080","MAC-000256","TB-000256","0","FIRST_DELIVERY","08ffc13f5c0dd665e599030b7bd32822c6a1223bbd8d489d80a4526a04c5637f","6d54c3377e9b475308aedf7c2d34771c72df7bba0d4f29314eb3b5583483e0b4","PASS"
"PROTOCOL-20260727-071456","LN000257","PKT000081","SDAP-PKT000081","257","RLC-PKT000081","MAC-000257","TB-000257","0","FIRST_DELIVERY","35c02c006210192c03abfe033dff96561a905035a74c31d83e17c203b462ef3c","fa731adc0286e04ec7d67b421d4fb4dd17c38d654b7b5e465bf04de18d807b98","PASS"
"PROTOCOL-20260727-071456","LN000258","PKT000081","SDAP-PKT000081","258","RLC-PKT000081","MAC-000258","TB-000258","0","FIRST_DELIVERY","25aa9dcd094c58c72dd024301964ebb8a4ba540efd8a10c94f3cb8207793cde1","857ff0a408bf547222b9ed6a169119c222deec12cbbf602a7aaa44a32839c7d4","PASS"
"PROTOCOL-20260727-071456","LN000259","PKT000081","SDAP-PKT000081","259","RLC-PKT000081","MAC-000259","TB-000259","0","FIRST_DELIVERY","3d37bc859f21bd4683b4770cbae0fece8287aa85a2c42941f58d2f593d846fb5","2e3882fa3c74f7c3290165aa35700116b8bbe458615061d45a34e4530dda11fa","PASS"
"PROTOCOL-20260727-071456","LN000260","PKT000081","SDAP-PKT000081","260","RLC-PKT000081","MAC-000260","TB-000260","0","FIRST_DELIVERY","616a7765cabe807f28020e1423e7b3959f784cf8d46ebcb66da8c7639782e9b9","f240999d883f48770c5f2f5e0686e96c076e0d962a1db596cccaf5b18dcd8e1c","PASS"
"PROTOCOL-20260727-071456","LN000261","PKT000081","SDAP-PKT000081","261","RLC-PKT000081","MAC-000261","TB-000261","0","FIRST_DELIVERY","9a07a2abc457e307f6034c2ea51a3800bd8c9af390f03e8d47d938e06ef0a54e","3badc0611a62b5e773da0559396e2ad2cf8927f7c2c00d92b332b12cf69e5456","PASS"
"PROTOCOL-20260727-071456","LN000262","PKT000082","SDAP-PKT000082","262","RLC-PKT000082","MAC-000262","TB-000262","0","FIRST_DELIVERY","9f97db965f5ac8f547d981ab3bb36d2227c537b45de1ca265a0c6f594fa7a1fb","4cacc659115874f90ba3e7c64a200ca8f583315be1d0fd12bca244f615bbecad","PASS"
"PROTOCOL-20260727-071456","LN000263","PKT000082","SDAP-PKT000082","263","RLC-PKT000082","MAC-000263","TB-000263","0","FIRST_DELIVERY","ab29440e8d1a99e7a411b97639a1e18faf66cf382c312f47da2038fb39cf05a4","2fdc63ffa4c74006e2dba9659b4e651917466b8962bc61d5d8785271381bf6ae","PASS"
"PROTOCOL-20260727-071456","LN000264","PKT000082","SDAP-PKT000082","264","RLC-PKT000082","MAC-000264","TB-000264","0","FIRST_DELIVERY","c86366b6d82e40884a8f04b9734220ba2f2f3235631283eb64ff3ae5235a2cd2","9e0fcba702224658bb525026e3634257edbb735477418759067fe318326170bc","PASS"
"PROTOCOL-20260727-071456","LN000265","PKT000082","SDAP-PKT000082","265","RLC-PKT000082","MAC-000265","TB-000265","0","FIRST_DELIVERY","aa94ce124dd9b9b82d0443c83b60b09389641f40e3e896e76176d29ca6b380ba","58363abe100804b8db6bf560d259f449579cb6106b5499826f04c9f9195dc2a9","PASS"
"PROTOCOL-20260727-071456","LN000266","PKT000082","SDAP-PKT000082","266","RLC-PKT000082","MAC-000266","TB-000266","0","FIRST_DELIVERY","fd2333716e23b4e1ad1af7c5ec607078d684cb3a3803740307a16b106961d5a2","c52401ec3fec625aabadf9e6f2486fa2af44b1baed49a59663f3258f36cdc69e","PASS"
"PROTOCOL-20260727-071456","LN000267","PKT000082","SDAP-PKT000082","267","RLC-PKT000082","MAC-000267","TB-000267","0","FIRST_DELIVERY","dbf1814fcec1d107bf7133cb4a04f0547e1f07aee8fedc15982f355b0b8e5010","2424e4be51e6e9a15ff975269c9b4768f64517cac1a52278a451f06f2829cdf4","PASS"
"PROTOCOL-20260727-071456","LN000268","PKT000083","SDAP-PKT000083","268","RLC-PKT000083","MAC-000268","TB-000268","0","FIRST_DELIVERY","57e154c2838d670bd1d26128cd4dece113c3dc148bb057e75727edcf2999c96b","c22566ed54d82ad2921503d9ed15432f48bef32a25a808776779495061e0ea4b","PASS"
"PROTOCOL-20260727-071456","LN000269","PKT000084","SDAP-PKT000084","269","RLC-PKT000084","MAC-000269","TB-000269","0","FIRST_DELIVERY","83c098ee61c20268306010c86d674339eab805011e49b9da093b359d40e1f514","9d9a147157594c2d8efcfd6077b3d877eb171f41c0c7b9ba048ff3628fd23b9f","PASS"
"PROTOCOL-20260727-071456","LN000270","PKT000085","SDAP-PKT000085","270","RLC-PKT000085","MAC-000270","TB-000270","0","FIRST_DELIVERY","afce835a931a801ddcd09f7844f007b04a90b2a0b922c2f4f03ea6c9a181b030","29d94afcf3461f18d11934b687bae42c5662f95d5394de99c7dd61e13af9c403","PASS"
"PROTOCOL-20260727-071456","LN000271","PKT000085","SDAP-PKT000085","271","RLC-PKT000085","MAC-000271","TB-000271","0","FIRST_DELIVERY","43deedfaad5ee4149795dcb7f89ba78dcb67e821dfa70f83a1d4f16375985adf","5d6dba12d875487b98ce7b42ca65d2934ce3cbcef2b54a1ac28c2e3ab707affa","PASS"
"PROTOCOL-20260727-071456","LN000272","PKT000085","SDAP-PKT000085","272","RLC-PKT000085","MAC-000272","TB-000272","0","FIRST_DELIVERY","9cdfa776d5872b6cfe367ad630661558b97156d6f4f6bbf3a0b8ddd57b337244","3c058580b61d23a21c82842e0ea1a8236d00419fffb7121811bed9e6cae8914b","PASS"
"PROTOCOL-20260727-071456","LN000273","PKT000086","SDAP-PKT000086","273","RLC-PKT000086","MAC-000273","TB-000273","0","FIRST_DELIVERY","3955437ec6c4aed54444f3ba7d1c7a70001c9392c168c98b9fef4f811c238672","f238df8a3e32dc5f7a623bf0c684c6fe852e2d8c63a1755229ffea8478d7ba65","PASS"
"PROTOCOL-20260727-071456","LN000274","PKT000086","SDAP-PKT000086","274","RLC-PKT000086","MAC-000274","TB-000274","0","FIRST_DELIVERY","eed4fcf8e2c893d17c1f01d1a61dd66a5b12f9b49f06ba42379c1f8f31d4fa07","0518f458035a94b786ab986e75a7c251f26b13090b4e03474b2adadccd821910","PASS"
"PROTOCOL-20260727-071456","LN000275","PKT000086","SDAP-PKT000086","275","RLC-PKT000086","MAC-000275","TB-000275","0","FIRST_DELIVERY","4cf64837d6fb0535a66be7769d61e10ec300a40e885ad6509d96074e17b09d35","810668c4651bfbc0843fa1499631e2a0915f456c4c6ad5ba0161fae20c71054d","PASS"
"PROTOCOL-20260727-071456","LN000276","PKT000086","SDAP-PKT000086","276","RLC-PKT000086","MAC-000276","TB-000276","0","FIRST_DELIVERY","44ed49c01c9930ed453e741dd5cdc3fa555ac9738f25af45b1671466beb4adfb","ebd01cecee0f2e9254e3fe9538b8b7706fe880223590e8071388e8c496cc9ee8","PASS"
"PROTOCOL-20260727-071456","LN000277","PKT000086","SDAP-PKT000086","277","RLC-PKT000086","MAC-000277","TB-000277","0","FIRST_DELIVERY","43faf4d21f0d0fb89dad02442876876372b5f0f5f15a60b720924358f55f1839","731f2b5beb8ee4fc53058ee350ab6a5fc47f007aef02e8e1f9c51ca1a74a29fe","PASS"
"PROTOCOL-20260727-071456","LN000278","PKT000087","SDAP-PKT000087","278","RLC-PKT000087","MAC-000278","TB-000278","0","FIRST_DELIVERY","d1592944ad95cc1b540f2895117a0de5efc090dfd1ca6d1878829a0dd42ab07a","330f057f76a85850efd9fb497f58b6c27edbd05a615055189c7dec519c264412","PASS"
"PROTOCOL-20260727-071456","LN000279","PKT000087","SDAP-PKT000087","279","RLC-PKT000087","MAC-000279","TB-000279","0","FIRST_DELIVERY","a4a731bb95961e6e00c1137dc82e21b21396751ec9e3d30d4011a0a8d70e766e","fc038fc8bca27365b6ea58d56e162d8c3d4dfc0769ad9238b7df6f3613cc260d","PASS"
"PROTOCOL-20260727-071456","LN000280","PKT000087","SDAP-PKT000087","280","RLC-PKT000087","MAC-000280","TB-000280","0","FIRST_DELIVERY","6fc79384844bb00dd1c02a945613a3da4714b2ff5c1f1dba3a81d3a668af8ab5","f63b5014407ecda87179f63a089795cded9a1685582556330b9d80a5262c53d1","PASS"
"PROTOCOL-20260727-071456","LN000281","PKT000087","SDAP-PKT000087","281","RLC-PKT000087","MAC-000281","TB-000281","0","FIRST_DELIVERY","7f6ac26160d83ff5343b8a2ef4d707ac3f89288c078ad89614d9600363893997","e464ee3249907c3158529209f5a9b9114a0f0cecae063bab8b13451d2ab40c84","PASS"
"PROTOCOL-20260727-071456","LN000282","PKT000087","SDAP-PKT000087","282","RLC-PKT000087","MAC-000282","TB-000282","0","FIRST_DELIVERY","6f7c49efe2620794f8ad7cbf491ddfb93027a06e7d73d3c3ce33b08038d9c7da","c82e4e938d0487801798d06aab5d98b2a7012f1ad93a6544fe4dfd1892075edb","PASS"
"PROTOCOL-20260727-071456","LN000283","PKT000087","SDAP-PKT000087","283","RLC-PKT000087","MAC-000283","TB-000283","0","FIRST_DELIVERY","780176cd16ff3ea9f616358b0a22839d4a7f05dfd6a0174796a5258e93040b2c","2114765e0a2ab2d3de9f0c49232f529000c5917e13ee24c2f4a8ccf930f381a3","PASS"
"PROTOCOL-20260727-071456","LN000284","PKT000088","SDAP-PKT000088","284","RLC-PKT000088","MAC-000284","TB-000284","0","FIRST_DELIVERY","e29b69f80449325966de46ae5f635dd57dc60bd67ef7671947d58e683ce9905c","b07f3a4eb0dc1abf9712913d156299d33ffa67c90e5c0eb977d3b66e79894732","PASS"
"PROTOCOL-20260727-071456","LN000285","PKT000089","SDAP-PKT000089","285","RLC-PKT000089","MAC-000285","TB-000285","0","FIRST_DELIVERY","3e4b209cec2efbcdf4323469f53e97866e3789804d36f28070e7809cf7affa9f","69b49adfd42fcedaaa3ef0ea772394aa955592177b54304695d4dfa52a4ca1aa","PASS"
"PROTOCOL-20260727-071456","LN000286","PKT000090","SDAP-PKT000090","286","RLC-PKT000090","MAC-000286","TB-000286","0","FIRST_DELIVERY","53b2b37d0fd9fa084dd11e6e083ecba6690ea917fe9dfa6ae6827a8c78415d17","d7e6642a585b5bd0f495181c115e1871180a0fd52935ab26d402dc0b9ce3d449","PASS"
"PROTOCOL-20260727-071456","LN000287","PKT000090","SDAP-PKT000090","287","RLC-PKT000090","MAC-000287","TB-000287","0","FIRST_DELIVERY","fcefe4e7d7e44ba0e5061d41890681ad598debc9b937173e3c534ed11d2147d1","d4ef711905506d8b5a536bebca1b4941cb374e596333e976ae5fa5311712dff3","PASS"
"PROTOCOL-20260727-071456","LN000288","PKT000090","SDAP-PKT000090","288","RLC-PKT000090","MAC-000288","TB-000288","0","FIRST_DELIVERY","a6afab8baec2f847a4a79e8d41f9213bd93c60a39de5dc566a51bbb5c90353ab","b9b4432f6724ac95056bb7e8006a70b81146984caca93542b712402263669714","PASS"
"PROTOCOL-20260727-071456","LN000289","PKT000091","SDAP-PKT000091","289","RLC-PKT000091","MAC-000289","TB-000289","0","FIRST_DELIVERY","63c8667fd569d7edead46b816cd5552d983a579c4ffaf7dca6c0839f0f597bb1","574f254c5061d643b2e6d1ec1e6a05a508ce3d979d271846b402748e7bf2540c","PASS"
"PROTOCOL-20260727-071456","LN000290","PKT000091","SDAP-PKT000091","290","RLC-PKT000091","MAC-000290","TB-000290","0","FIRST_DELIVERY","1ee5c2bd793d359c723a4cd0c2578ffbb482c2013ba770f01dd8557ee3a4de49","755b7470c0e0cf0fe298b6ea68061fb5d6186c72896bad521246955507f68ab4","PASS"
"PROTOCOL-20260727-071456","LN000291","PKT000091","SDAP-PKT000091","291","RLC-PKT000091","MAC-000291","TB-000291","0","FIRST_DELIVERY","dd55b26ebba1134a0b0390ece7c0bb87ad7580c7d5cf29bb6ed76b738b3938ca","b16b048dff8118acd833044a8a10541e5a5e9d9e9695cfd0f7ca07c10543e8c2","PASS"
"PROTOCOL-20260727-071456","LN000292","PKT000091","SDAP-PKT000091","292","RLC-PKT000091","MAC-000292","TB-000292","0","FIRST_DELIVERY","75bddfdc90d814ee80100d76f5be5b2c24e1e90793c697def4cc180d0611d6ad","96076fba1586c10959ad222d614640188410af8c9cc4a1910845eb2425537715","PASS"
"PROTOCOL-20260727-071456","LN000293","PKT000091","SDAP-PKT000091","293","RLC-PKT000091","MAC-000293","TB-000293","0","FIRST_DELIVERY","881520c389eb4cfa61720a73561ed489ef5df45a89b263e10799f40bbabda595","2fdca6d1661332ef80b29bb3df0f46948a9b9a9755ea38b812c6fdfc77f43193","PASS"
"PROTOCOL-20260727-071456","LN000294","PKT000092","SDAP-PKT000092","294","RLC-PKT000092","MAC-000294","TB-000294","0","FIRST_DELIVERY","fd4e7882a057ca51003b551cc0f958135e30ece4b7ef97fd9a4680eb5d9a1bb1","0105c4e2cceca238de2566cb529cffa6b3981f54da5341337aac86189a29bef7","PASS"
"PROTOCOL-20260727-071456","LN000295","PKT000092","SDAP-PKT000092","295","RLC-PKT000092","MAC-000295","TB-000295","0","FIRST_DELIVERY","9abd432d0c60f9c428611df77efc45784789c6d5b6e746619de84d5c68a07d89","187deba17204e332c5a68180a761d456ca22c454002937d94ddd0be74289a50a","PASS"
"PROTOCOL-20260727-071456","LN000296","PKT000092","SDAP-PKT000092","296","RLC-PKT000092","MAC-000296","TB-000296","0","FIRST_DELIVERY","6e7641d7e78046dd039084ddb573624498da5829356b3636a85309248958a8a2","48d265709a841338e1231369fd46729f267018a315eb498b6c3432e4f3114ed2","PASS"
"PROTOCOL-20260727-071456","LN000297","PKT000092","SDAP-PKT000092","297","RLC-PKT000092","MAC-000297","TB-000297","0","FIRST_DELIVERY","3f0f49857774b73eceea30c560929c20de6c37a19c6b4362a360640e288b299b","e99c2bc733ae6986a9dcd1b7494148bfc18bb0a5d7c80a7e65a1dde93c487226","PASS"
"PROTOCOL-20260727-071456","LN000298","PKT000092","SDAP-PKT000092","298","RLC-PKT000092","MAC-000298","TB-000298","0","FIRST_DELIVERY","0d36ca0ed5d1e096d1f5fd93acfb5bc0d548e9b730a34993f804c27762a0cc12","37a373d0f28a59549f0ad1a2c43ff84f9353454a52981189aadebc62b5dce09c","PASS"
"PROTOCOL-20260727-071456","LN000299","PKT000092","SDAP-PKT000092","299","RLC-PKT000092","MAC-000299","TB-000299","0","FIRST_DELIVERY","c158e817fa53d06529e07b3e86d951d1402952517fad4b6511f1a670dcb19ed2","a4533007016599d375f98274635ed149edce700e4de313691e35203523d9529e","PASS"
"PROTOCOL-20260727-071456","LN000300","PKT000093","SDAP-PKT000093","300","RLC-PKT000093","MAC-000300","TB-000300","0","FIRST_DELIVERY","44359eef97bba9aba9e7a13905556ad385f4c74e59de8482865ab0f25abccb7d","a483f33d32c37347e1cfa6dfd0d3f11eb4557d67354a84ab0fd6e16d2058781a","PASS"
"PROTOCOL-20260727-071456","LN000301","PKT000094","SDAP-PKT000094","301","RLC-PKT000094","MAC-000301","TB-000301","0","FIRST_DELIVERY","6cb0050bc534fc5c7f773326ce0d230aecc6f7bc54624deeb1e8c55f35e2fff4","6b8ca3e4bd5db43f5e13871485d4a8724722dadd8c29d92513b79dd61e3ab6f2","PASS"
"PROTOCOL-20260727-071456","LN000302","PKT000095","SDAP-PKT000095","302","RLC-PKT000095","MAC-000302","TB-000302","0","FIRST_DELIVERY","feb91e472f63ce8082096f88938f0b4d08920aaf7dad382890eab8fac856f73d","68004624c2e66768cc7db4afc997d596b91a1fe91f56189065ec155749835032","PASS"
"PROTOCOL-20260727-071456","LN000303","PKT000095","SDAP-PKT000095","303","RLC-PKT000095","MAC-000303","TB-000303","0","FIRST_DELIVERY","e9125df26779aaa755c7123fad20def033eeaa8225bd9df573b758a1755be0eb","08d940c48842266b05c4b81e96bb8be5f7c1fbe0203b4ba1754c4ab9141d818f","PASS"
"PROTOCOL-20260727-071456","LN000304","PKT000095","SDAP-PKT000095","304","RLC-PKT000095","MAC-000304","TB-000304","0","FIRST_DELIVERY","5f4b24107393e1116020aae3c8a0447cab16463a8fc5a374efc36f537a2e5cee","40f844970c4caf35c2bb4c23231849c791ffae9abe25dc0e1eee42509eee0091","PASS"
"PROTOCOL-20260727-071456","LN000305","PKT000096","SDAP-PKT000096","305","RLC-PKT000096","MAC-000305","TB-000305","0","FIRST_DELIVERY","d1d511df863beb94112e4c318cb3655b356fffe92e8db7e7b7af24fed6947ca2","c789cb839b1a4b0aac2b47cf52b647918eb32a107d3f7a1cd1167f95330553bc","PASS"
"PROTOCOL-20260727-071456","LN000306","PKT000096","SDAP-PKT000096","306","RLC-PKT000096","MAC-000306","TB-000306","0","FIRST_DELIVERY","f415ba2c4555d63c0fcccf748094a2d7426dd2403d454f6b2d9beb494e12b18b","ddb51739d9ea5147168125c9e4a24a00cfc1293d3b43a14c47dcab7ff1170a5a","PASS"
"PROTOCOL-20260727-071456","LN000307","PKT000096","SDAP-PKT000096","307","RLC-PKT000096","MAC-000307","TB-000307","0","FIRST_DELIVERY","c4a0c7f638eee3cd0c22e9fb4b0dc0e16cbb64ed8cd0483c5b27c70a68c84320","13d27671726178a7059acb19965c2e827e1137eb767093ef8abb3f51405a59b5","PASS"
"PROTOCOL-20260727-071456","LN000308","PKT000096","SDAP-PKT000096","308","RLC-PKT000096","MAC-000308","TB-000308","0","FIRST_DELIVERY","659d891ea053c744d8dc700ec3d50139f41151127002ec92f075b9e99356e775","90e762db49f029f8ea8b6affeaeb141f8f4c64a5d1d03356793ce8ea99875fdf","PASS"
"PROTOCOL-20260727-071456","LN000309","PKT000096","SDAP-PKT000096","309","RLC-PKT000096","MAC-000309","TB-000309","0","FIRST_DELIVERY","2b0816059a66bc60f12d9f4b3c96d74a2a16436eab59b7c9a215486804904a40","ba47db010da57bde886bdb69d4ac990e4de187a6e3f9859fa94083e2906a0291","PASS"
"PROTOCOL-20260727-071456","LN000310","PKT000097","SDAP-PKT000097","310","RLC-PKT000097","MAC-000310","TB-000310","0","FIRST_DELIVERY","170bdaf48f0fe17776079d8b00fb851e24b65ecc2f5640910071fb25754078ba","2e7eb298098a206ce88d9fc76154da0cd44ef2afe83d3963fc1cd4b33780f126","PASS"
"PROTOCOL-20260727-071456","LN000311","PKT000097","SDAP-PKT000097","311","RLC-PKT000097","MAC-000311","TB-000311","0","FIRST_DELIVERY","dc19ddde4d9b18066a820db6f5511213f133f23b0010cc838209ccbc1caac36b","41dedb497acf0a0ddb93306a95efc43bf56e775a1756824b21dda28ce1432945","PASS"
"PROTOCOL-20260727-071456","LN000312","PKT000097","SDAP-PKT000097","312","RLC-PKT000097","MAC-000312","TB-000312","0","FIRST_DELIVERY","afdc599eabe1ec7e34bb3abfbe59ae3673b55ac74a58d0d1a82711c8a19c0dd9","53fed09948a14bf5de090e33064a13e0495e3b90f8dd38d8de98c145ecd58ff0","PASS"
"PROTOCOL-20260727-071456","LN000313","PKT000097","SDAP-PKT000097","313","RLC-PKT000097","MAC-000313","TB-000313","0","FIRST_DELIVERY","846fa331fc6e7d60cb34752800c8e42e4b50c4c48ea12bfc0baaa2844a917b7e","f3706b62d19d11282fa81a6d03958dfc391737d504e1ad0237222aad53e5cbb9","PASS"
"PROTOCOL-20260727-071456","LN000314","PKT000097","SDAP-PKT000097","314","RLC-PKT000097","MAC-000314","TB-000314","0","FIRST_DELIVERY","1ef4ca68f89ee55db58a33b61baed8e92fd9ceb4ec115cb383e01ff51262b301","60f1c73af6b0bf263edd490ad6ae1278d50320e58d5dd70fb4f68cd698870aba","PASS"
"PROTOCOL-20260727-071456","LN000315","PKT000097","SDAP-PKT000097","315","RLC-PKT000097","MAC-000315","TB-000315","0","FIRST_DELIVERY","2552dc32cd1cecfd126ae20b1391e357177e9046e97c8d73cb1507c9378bc9b3","46c458d14d7649ee3ed5a28e872543d950af640498f2a4318996c8978119af42","PASS"
"PROTOCOL-20260727-071456","LN000316","PKT000098","SDAP-PKT000098","316","RLC-PKT000098","MAC-000316","TB-000316","0","FIRST_DELIVERY","6f7812743577a7488d52f337ab3019ab80fd8a0141304d06733caefb8b12cf8f","a3ac3a848b297df8ac12098fd85657ae5242c5282f7a25922bf7918167512dad","PASS"
"PROTOCOL-20260727-071456","LN000317","PKT000099","SDAP-PKT000099","317","RLC-PKT000099","MAC-000317","TB-000317","0","FIRST_DELIVERY","0e3e45ca2f9f5ea265c5a20543ce2135ca5ae097895eca374a57cda14813a5fd","d06d31b40ccff0b16b0d9780e97ca1e4198a0edba477585e9237d0a9f9397ecf","PASS"
"PROTOCOL-20260727-071456","LN000318","PKT000100","SDAP-PKT000100","318","RLC-PKT000100","MAC-000318","TB-000318","0","FIRST_DELIVERY","eada52d72ed68fae912ae0e2eb03718257947713d088d10368a06eb65f84e878","da78f21725aee222684aca08fd3713628d2ad1656abcd6cd389281b70cc26365","PASS"
"PROTOCOL-20260727-071456","LN000319","PKT000100","SDAP-PKT000100","319","RLC-PKT000100","MAC-000319","TB-000319","0","FIRST_DELIVERY","34f4a95a62eb1d7e8e708df7acadcc1d2eb8d02f868ea66564107916b93155f3","d2513233117517030f53fb1a3f793a818e66ccb3dcf894cea0223a2143c43edd","PASS"
"PROTOCOL-20260727-071456","LN000320","PKT000100","SDAP-PKT000100","320","RLC-PKT000100","MAC-000320","TB-000320","0","FIRST_DELIVERY","e2aba9a66bb752c6e6a434bb8a8c67553926cb27d71df1d1578d4a120faab249","4102e2b558b0a2043fa86aa24ab6dc3ecee848a4ccc47a9462bb8411ef04efdc","PASS"
"PROTOCOL-20260727-071456","LN000321","PKT000101","SDAP-PKT000101","321","RLC-PKT000101","MAC-000321","TB-000321","0","FIRST_DELIVERY","cb2fc88435cdd8ba964f3e643685270a17f828ae9302f502c5ce1e498d18326a","f547a1d68f5fd8f461564bbe269da32979adbd3e8d09b1808e6a4f0159e80811","PASS"
"PROTOCOL-20260727-071456","LN000322","PKT000101","SDAP-PKT000101","322","RLC-PKT000101","MAC-000322","TB-000322","0","FIRST_DELIVERY","b7757c64ec6c7a93369f47adc7b3c4e121b2df213e5179078fa2f32b71be7c40","a492cdf7603bd00fcd3c7a13676ba26e7ab3975619d5a17292ed898947ccd379","PASS"
"PROTOCOL-20260727-071456","LN000323","PKT000101","SDAP-PKT000101","323","RLC-PKT000101","MAC-000323","TB-000323","0","FIRST_DELIVERY","f4a0d56c71d879919e231c50756f0d6292bd3c65709193445cf3d94d0e6183d5","aedacf02f2ac5efec38827a2d772750c6c6b1e9865546991bf835885fa3dff46","PASS"
"PROTOCOL-20260727-071456","LN000324","PKT000101","SDAP-PKT000101","324","RLC-PKT000101","MAC-000324","TB-000324","0","FIRST_DELIVERY","5d7e08314f29e810fb47f39e23cc427fb628831b231acdd8c272e99cda3151f8","3ca256465d50dd191e9cf495ea5f4f2fc9af088db25bff17b207defd578f2921","PASS"
"PROTOCOL-20260727-071456","LN000325","PKT000101","SDAP-PKT000101","325","RLC-PKT000101","MAC-000325","TB-000325","0","FIRST_DELIVERY","bec20fa7d685bbcbdb7d3754f272a62f71bc27e296d6dc51f242be5719329869","11eaa4593e02be15fbcbee7427ef4182ba41d0f866ac2bff3034b6cce3b4ffdc","PASS"
"PROTOCOL-20260727-071456","LN000326","PKT000102","SDAP-PKT000102","326","RLC-PKT000102","MAC-000326","TB-000326","0","FIRST_DELIVERY","f388f305d9f5cb607fecae54ffe73752c8a3f224a755574bedca3ff3ccfdb1d6","ab7522821c64196f18e9b05907eb438b61286d4ccfdcad11023e9c084fe05d3f","PASS"
"PROTOCOL-20260727-071456","LN000327","PKT000102","SDAP-PKT000102","327","RLC-PKT000102","MAC-000327","TB-000327","0","FIRST_DELIVERY","12e4acb9be234ad642d9619e1a3347f57e3a0d91eadaf1a8e8ae6daf24dd0e10","8e8451c5ed7953d0a343072d6d8b1dc5a140821cf44c1f85d93262155f99aa56","PASS"
"PROTOCOL-20260727-071456","LN000328","PKT000102","SDAP-PKT000102","328","RLC-PKT000102","MAC-000328","TB-000328","0","FIRST_DELIVERY","bfb17890bc545bf81ee10f414d8a3efce316fbda72b3aab2c30da6d58a0afbe9","8937eba04f5a6a28cc8163f2b906d5d5fba5b627e8d998681d51adf0be24ef6f","PASS"
"PROTOCOL-20260727-071456","LN000329","PKT000102","SDAP-PKT000102","329","RLC-PKT000102","MAC-000329","TB-000329","0","FIRST_DELIVERY","e6a6d0bf09bff4dac545ab696c40f0a19e42ffaa5c77aa7edc0247705a0dcef0","461577d96f14fd93c2da96d2dc845e19258c55a7af3810abc2119d690d8d4d4c","PASS"
"PROTOCOL-20260727-071456","LN000330","PKT000102","SDAP-PKT000102","330","RLC-PKT000102","MAC-000330","TB-000330","0","FIRST_DELIVERY","3dff26b83ba401955a9117f04b0254ce2ee75b8707a3ab96560dbf8987021098","690dadf9be122a4b8b2309c2dce0f703f7cc7e6ccac649238c10e140efcfd968","PASS"
"PROTOCOL-20260727-071456","LN000331","PKT000102","SDAP-PKT000102","331","RLC-PKT000102","MAC-000331","TB-000331","0","FIRST_DELIVERY","c431670497f84d9baf86db8ddafb94c79349a5ec46630d80db63eceb1cfa1292","a46b3bce174397d379f842dac871fc97938a3e9e23c30eb26a97475c09d63216","PASS"
"PROTOCOL-20260727-071456","LN000332","PKT000103","SDAP-PKT000103","332","RLC-PKT000103","MAC-000332","TB-000332","0","FIRST_DELIVERY","b4cf302485259e25cc7b25b25f3d2587db88d335a25b9c9518f4575881f1d11a","d96a1c1569f777f90fbb27a72925946d8704f82e274bd360451f01f53ece680a","PASS"
"PROTOCOL-20260727-071456","LN000333","PKT000104","SDAP-PKT000104","333","RLC-PKT000104","MAC-000333","TB-000333","0","FIRST_DELIVERY","f91ab33b10bf401a19a35a368b32b67ad32820b0943d986cf48555bcf776e6ad","1ae7775dd99bf7d078393d589228670a4d70af75fec3960631af8f0dd34f0b08","PASS"
"PROTOCOL-20260727-071456","LN000334","PKT000105","SDAP-PKT000105","334","RLC-PKT000105","MAC-000334","TB-000334","0","FIRST_DELIVERY","9f5231d493141c345dc42bc0371ff68ee235f710ffdd5d1cad918403e8158787","13ae294ec285f68cf8cbfdd28056a0674211f7cd142194fd1e8f49004e938089","PASS"
"PROTOCOL-20260727-071456","LN000335","PKT000105","SDAP-PKT000105","335","RLC-PKT000105","MAC-000335","TB-000335","0","FIRST_DELIVERY","ce3c127a1055c1f7920ccde6b432fc3aa5a428e67c2966055487f79affc8e658","3e1656f636747e335a96eaba85245d49a947ffa230b74062b94acb6edd97a098","PASS"
"PROTOCOL-20260727-071456","LN000336","PKT000105","SDAP-PKT000105","336","RLC-PKT000105","MAC-000336","TB-000336","0","FIRST_DELIVERY","e2f63454b92911471d75c97bc275195705092a0153c8afdb23d31e7d588e836c","cdee32a30fc050e7ac3579f63b6c030164f87e59081753f75821f6705ca10fd7","PASS"
"PROTOCOL-20260727-071456","LN000337","PKT000106","SDAP-PKT000106","337","RLC-PKT000106","MAC-000337","TB-000337","0","FIRST_DELIVERY","d1201d80c449bb407104acdd62b89a528fe0ef137dce5baae94d83f253f76bb3","80898627178d12f8cc5859d14a12c6dc72d28b93bf39a6728976cb79889c846b","PASS"
"PROTOCOL-20260727-071456","LN000338","PKT000106","SDAP-PKT000106","338","RLC-PKT000106","MAC-000338","TB-000338","0","FIRST_DELIVERY","5cb1fff39330f3be5c19ed7783b5ab90f1e5bf2422dd4404f8c81d94888f2935","71d4d84512011745e63a5269ff4b2becad27377ce3e10d6407ed1e9b72bb199b","PASS"
"PROTOCOL-20260727-071456","LN000339","PKT000106","SDAP-PKT000106","339","RLC-PKT000106","MAC-000339","TB-000339","0","FIRST_DELIVERY","4f7bc0dc79abc13f9094f05663171ca2191664b4ce6a4dfb8b47be64a3e5268a","c97138c6ff241e7a278270b5c87c91606800c22e19dbf4244eddc31f214e01aa","PASS"
"PROTOCOL-20260727-071456","LN000340","PKT000106","SDAP-PKT000106","340","RLC-PKT000106","MAC-000340","TB-000340","0","FIRST_DELIVERY","4f2558e950a7836c49b4e8dcbcf4a552a6439822839c684eea81cdb109682b16","21be907bd3ba78565ea20240fb56d6b3650b3d94d4987bbd1b88e01815710023","PASS"
"PROTOCOL-20260727-071456","LN000341","PKT000106","SDAP-PKT000106","341","RLC-PKT000106","MAC-000341","TB-000341","0","FIRST_DELIVERY","f33459e87b9ab5479b07a2403b7aaa59bb0e42f0859f357237d6e4c1362230d5","72b427fe4ae623a19f0ec11daf0044fa23a7bf90e3a638c5d26f23cbdee5c5bd","PASS"
"PROTOCOL-20260727-071456","LN000342","PKT000107","SDAP-PKT000107","342","RLC-PKT000107","MAC-000342","TB-000342","0","FIRST_DELIVERY","4c20bc711adafe68c1dea3ba7efa35dc205ffdd936ab684057d61d90c3107149","8deec38bd2a844e6b89a5a5cfae78564d6a7a48fe8792c430dbdc79821acb12b","PASS"
"PROTOCOL-20260727-071456","LN000343","PKT000107","SDAP-PKT000107","343","RLC-PKT000107","MAC-000343","TB-000343","0","FIRST_DELIVERY","b8b6df65e11294fe22838d72d19c3b7563a6df515a3930db17dad79d77945650","62d69bbfccde9e55b194dbe17eeec8a733fc026832e7011a8f5a67ba3ee54847","PASS"
"PROTOCOL-20260727-071456","LN000344","PKT000107","SDAP-PKT000107","344","RLC-PKT000107","MAC-000344","TB-000344","0","FIRST_DELIVERY","7062914bb2f5b299023d1c2ffae5880545b7cae22db57f1192e6abfbaba42d3a","442fff1d0b102befb22094346c1c2cc5bcbcdd1a04c39a914330503fb1ff3aa3","PASS"
"PROTOCOL-20260727-071456","LN000345","PKT000107","SDAP-PKT000107","345","RLC-PKT000107","MAC-000345","TB-000345","0","FIRST_DELIVERY","dabd3b4288647576716297b44f6add4e25a178a0a34fd570d8ca7a9e98f97738","4d0a4e51f497617fb97c8e81df8561428ce5f755c86885fb3d5ff7dcfe919253","PASS"
"PROTOCOL-20260727-071456","LN000346","PKT000107","SDAP-PKT000107","346","RLC-PKT000107","MAC-000346","TB-000346","0","FIRST_DELIVERY","ab0c59a33dc7ded79513f6a4d727072dfc8f0f3d6e60fbc792e5ee600dc31661","b24db76dbd6cae391c219f445ce7f49d43424d4083aff1e0c1ccf8cec9c0beb5","PASS"
"PROTOCOL-20260727-071456","LN000347","PKT000107","SDAP-PKT000107","347","RLC-PKT000107","MAC-000347","TB-000347","0","FIRST_DELIVERY","fd390b467be8465d56b8eefcd476d558b5d255348878cb617f660a5a75870efa","c0b5f985688e1c56009ed9be518e1ed52092f7ca657c6260dee22fb68bfcf118","PASS"
"PROTOCOL-20260727-071456","LN000348","PKT000108","SDAP-PKT000108","348","RLC-PKT000108","MAC-000348","TB-000348","0","FIRST_DELIVERY","da45dcc1d131d7c086109112f5bbdcba33ef9338788b1e9620fb4c54e4692d08","1404c89d08f37a0234710f7d8001a521f61f63f01664bd7fdc8a0dbe8a6ba0bd","PASS"
"PROTOCOL-20260727-071456","LN000349","PKT000109","SDAP-PKT000109","349","RLC-PKT000109","MAC-000349","TB-000349","0","FIRST_DELIVERY","0849ebf9b5384dd4600297ad8e00d933c3844a9a820334c395b08bc11dd06c8c","0dbd1d4a8ef3e1e31778a08791836d30373dc9385b8e19155770c79b8928494a","PASS"
"PROTOCOL-20260727-071456","LN000350","PKT000110","SDAP-PKT000110","350","RLC-PKT000110","MAC-000350","TB-000350","0","FIRST_DELIVERY","0a5b195ec1433e241f38fbac1d28902a1801ef017ede714e221998f745b44020","f5fdac66d7c71daf8bbc1ed258621a39583c1422fe71e606f6e6b8c7d82c6a35","PASS"
"PROTOCOL-20260727-071456","LN000351","PKT000110","SDAP-PKT000110","351","RLC-PKT000110","MAC-000351","TB-000351","0","FIRST_DELIVERY","efc459db5327212e8e44a2b4f55421c9444be847c9a3082f7516b9eec0ee9b2b","a6ab3617afe71f1a82c458904c38a39517f139cf111a4fd7729a7d866347f401","PASS"
"PROTOCOL-20260727-071456","LN000352","PKT000110","SDAP-PKT000110","352","RLC-PKT000110","MAC-000352","TB-000352","0","FIRST_DELIVERY","6f21de8d927e239636304898b83be859102a83b12323ac676a97a5aabca7ffa6","298f87cbd8463a1da9c7e273d1e177af9f82f567595f40d578de1e35b3e9afd8","PASS"
"PROTOCOL-20260727-071456","LN000353","PKT000111","SDAP-PKT000111","353","RLC-PKT000111","MAC-000353","TB-000353","0","FIRST_DELIVERY","90171fa4a3119e1d9863e419ddf95a35384e49fe9e9f675e8460a579feb3d9dd","e5c656764bd080572d8fde7c49f59aa74162cb96ed2f88cc06e034c68ad8edb7","PASS"
"PROTOCOL-20260727-071456","LN000354","PKT000111","SDAP-PKT000111","354","RLC-PKT000111","MAC-000354","TB-000354","0","FIRST_DELIVERY","fff8291a3724929d0de966a1385459e188bc2e523ecc1d5de1bab66106782a94","2dd9e211dd26df08341600ba42dd0c93492435263141d11ccd11743d36b8440a","PASS"
"PROTOCOL-20260727-071456","LN000355","PKT000111","SDAP-PKT000111","355","RLC-PKT000111","MAC-000355","TB-000355","0","FIRST_DELIVERY","2a25aee13dd172e73f03393d5f75c2374032f632e424fcb32c5ace85e50df61b","243757734b1b651e3a8a627bd339ea4cafc05a1bbad65642f32ccbeebdc09035","PASS"
"PROTOCOL-20260727-071456","LN000356","PKT000111","SDAP-PKT000111","356","RLC-PKT000111","MAC-000356","TB-000356","0","FIRST_DELIVERY","a466eeeef4daaed0b0fd23fa0f5f32a57979a32e3c16486fae3bbf38f42caba0","969983a50e898b5bbf3443dea71846506f68356e19b7506205598fb39cb90896","PASS"
"PROTOCOL-20260727-071456","LN000357","PKT000111","SDAP-PKT000111","357","RLC-PKT000111","MAC-000357","TB-000357","0","FIRST_DELIVERY","dcf78f6567c6a5842fb6d74aaa587a922e282996bd56f8ff0d2b3c0d58383b1b","565e5dd342779cdbb67d2f290a3682d95a088647f3339f74b64d493990156194","PASS"
"PROTOCOL-20260727-071456","LN000358","PKT000112","SDAP-PKT000112","358","RLC-PKT000112","MAC-000358","TB-000358","0","FIRST_DELIVERY","4df42bc5c5d81430ba782c1ca8ebcb906679c0d58c06ab416ad0c533bc398571","6312178dfc123663627b6c8d4bbe6c963395d6422c6dc2c9d94b5fc6864b3392","PASS"
"PROTOCOL-20260727-071456","LN000359","PKT000112","SDAP-PKT000112","359","RLC-PKT000112","MAC-000359","TB-000359","0","FIRST_DELIVERY","e0b8d29aefe0e08a20cbfe9796934ce6bb2b9760c2b270aa181f0d8aff962441","3821438bd69bc4c07468f720dc0c15c3b2342cc93586c264661ac1b22b43cb12","PASS"
"PROTOCOL-20260727-071456","LN000360","PKT000112","SDAP-PKT000112","360","RLC-PKT000112","MAC-000360","TB-000360","0","FIRST_DELIVERY","2df946d4040b3f878fc9db55d0cbb425e3538a5c6e61088caf5063cfa5b84be0","7dcea8b010e851b51c994c95af8f65ddcb2b58dc7e361a68b160888329f4616b","PASS"
"PROTOCOL-20260727-071456","LN000361","PKT000112","SDAP-PKT000112","361","RLC-PKT000112","MAC-000361","TB-000361","0","FIRST_DELIVERY","bff56876bed8fbee6e008fa977600587a7737034ff9238f1b4913616b0733b16","13d263a0d99ed3be35273ddc25f607b25f90f91b39aa9c42a21705329ed5a856","PASS"
"PROTOCOL-20260727-071456","LN000362","PKT000112","SDAP-PKT000112","362","RLC-PKT000112","MAC-000362","TB-000362","0","FIRST_DELIVERY","09a0cbed6ff4ca314ad9e1ba4e9f15d051f8d109e3efc0fb82f80aba5c593518","d7c565dcae2fbee34b0e8ade14a22dd395b95f752826454cb1c8c183ed420eea","PASS"
"PROTOCOL-20260727-071456","LN000363","PKT000112","SDAP-PKT000112","363","RLC-PKT000112","MAC-000363","TB-000363","0","FIRST_DELIVERY","659aece267d40e7697d03cc6193b24bc0eab130e4e2756c98b03f8e28d7a5822","345a2e1fcab8eaa63e53c0d51c34d0113e6067d5ca19577ce6a2daf4f7522398","PASS"
"PROTOCOL-20260727-071456","LN000364","PKT000113","SDAP-PKT000113","364","RLC-PKT000113","MAC-000364","TB-000364","0","FIRST_DELIVERY","96ba7d4a3caf346cd181d0dffc844a95bd27f8e25a395074a0c3b5322eee857e","e506f1c592032cfbe3369128a78b1c2eb609d4a1ac53d9171247e78c0bfe8187","PASS"
"PROTOCOL-20260727-071456","LN000365","PKT000114","SDAP-PKT000114","365","RLC-PKT000114","MAC-000365","TB-000365","0","FIRST_DELIVERY","861afd8e96fd92214885ac3191590e0371021bbfb614f4e6d3aa8165c2eeff61","6cf7bd820fdde13eb3575e32070a96ad342e0141bdcbf313201641e18fc91593","PASS"
"PROTOCOL-20260727-071456","LN000366","PKT000115","SDAP-PKT000115","366","RLC-PKT000115","MAC-000366","TB-000366","0","FIRST_DELIVERY","2377a90f885e9c264fd2a1ef6558de99538ece3953bc074b95f7d13034dccea7","f983758a1faa18732d82882fb4397cca6a849b9dd0b72808e248fdc6bba4741b","PASS"
"PROTOCOL-20260727-071456","LN000367","PKT000115","SDAP-PKT000115","367","RLC-PKT000115","MAC-000367","TB-000367","0","FIRST_DELIVERY","75d3312529751b5239640872aaf888736f80744d6c21d22f59d7eae54c354e34","eb71d6dc947a8f4bf81facbfdabaedceef19265203c5dd05fe00a773907d4dc8","PASS"
"PROTOCOL-20260727-071456","LN000368","PKT000115","SDAP-PKT000115","368","RLC-PKT000115","MAC-000368","TB-000368","0","FIRST_DELIVERY","9e56ec259f88fcfcb33c87149e021cbbc5bbff03491fcd518b24cf02f7d5d618","43dee35950ee020529e32bac81eee7a73bf1478e1fd68e0c031ad774abe04b13","PASS"
"PROTOCOL-20260727-071456","LN000369","PKT000116","SDAP-PKT000116","369","RLC-PKT000116","MAC-000369","TB-000369","0","FIRST_DELIVERY","1b18875aeebe688c412b6c580d2f73b372bb5ea3bc5faff2f134457ec716b788","874835510e45da3d4629c4dfd183b6120a3cdb758947242a4a33a709458679d2","PASS"
"PROTOCOL-20260727-071456","LN000370","PKT000116","SDAP-PKT000116","370","RLC-PKT000116","MAC-000370","TB-000370","0","FIRST_DELIVERY","79797a676ddf0532d270351332fe621dd31806550700b252826d37d408a256d6","3f2bccbe07d69f8e34c37d56fe59beb4bfbe3855332360d066a5dd747d067bda","PASS"
"PROTOCOL-20260727-071456","LN000371","PKT000116","SDAP-PKT000116","371","RLC-PKT000116","MAC-000371","TB-000371","0","FIRST_DELIVERY","fa556a907ffc079caf2d770b226b80394f2bc8b070d869c7d90ff356305ff1c9","b4ed549d15865773a5c1ecde7dfa906c72b7c76390df0d5443f954485e2221ea","PASS"
"PROTOCOL-20260727-071456","LN000372","PKT000116","SDAP-PKT000116","372","RLC-PKT000116","MAC-000372","TB-000372","0","FIRST_DELIVERY","97cc5c8704d60cb883ffcfac758c412a168b5f26e27861c2e72a00ea1b255cfb","faef44b824c6adb778c4152a04201a1acdb4f2782c8be682485d768ba4573bed","PASS"
"PROTOCOL-20260727-071456","LN000373","PKT000116","SDAP-PKT000116","373","RLC-PKT000116","MAC-000373","TB-000373","0","FIRST_DELIVERY","ad63d29a0efc63a98918e37d248fd916afc057b3a69349e2820a9a69062fb0c0","55f6cefd79349be388bfa40fc1f28264e048a50cb23eda8dda479c7c8e0c67aa","PASS"
"PROTOCOL-20260727-071456","LN000374","PKT000117","SDAP-PKT000117","374","RLC-PKT000117","MAC-000374","TB-000374","0","FIRST_DELIVERY","2e593336617312ee86ada10501d2dae4cc8a2406649cd1af4d74966ec541440c","eee59554686bfbcc6f48010de548b480612265c86fb16359504de661a38f6f40","PASS"
"PROTOCOL-20260727-071456","LN000375","PKT000117","SDAP-PKT000117","375","RLC-PKT000117","MAC-000375","TB-000375","0","FIRST_DELIVERY","bf4f0e2bf7372076581d253ec8e3dc388e4b9ac175e0e01a5db727bc698d025f","e596b17e01bbbfbf8482f048c313aee55687a5881a14c5b0fe5c51d6e55e19e1","PASS"
"PROTOCOL-20260727-071456","LN000376","PKT000117","SDAP-PKT000117","376","RLC-PKT000117","MAC-000376","TB-000376","0","FIRST_DELIVERY","c5600655be1743e3f6a7b836be3ca0a9d2e405dd65fd97b0ab45e407d54c26f5","4fffc5d7ed8f9160832bac1f5f9d87a8af5e3d5d884874631f264bbc4adfad00","PASS"
"PROTOCOL-20260727-071456","LN000377","PKT000117","SDAP-PKT000117","377","RLC-PKT000117","MAC-000377","TB-000377","0","FIRST_DELIVERY","67c0bc5cc3e5cf8282ec2412124f1bf91d7a5a75e1c415583bafa05f3d18c1bd","5a1e6177d3b68e3bbfa0b173d7b6073aba3d9086e7aeab2269461fddd83300c4","PASS"
"PROTOCOL-20260727-071456","LN000378","PKT000117","SDAP-PKT000117","378","RLC-PKT000117","MAC-000378","TB-000378","0","FIRST_DELIVERY","92453ef154cd721768e232d16dca77f345eace81082bfe37bc6debb974d6f43e","0ef679c566184cf2232ba44f68579c9c635b7debf8b3d11b4dac1b6c14d0ffdf","PASS"
"PROTOCOL-20260727-071456","LN000379","PKT000117","SDAP-PKT000117","379","RLC-PKT000117","MAC-000379","TB-000379","0","FIRST_DELIVERY","31ee7a24143f78a0e35fef0942c2010aa6f34dfbf48fd75fceea3eafd7db4d06","523bcd35f1f07db05a2ba00758586ba8f059178e204876725243d4f4da6257d5","PASS"
"PROTOCOL-20260727-071456","LN000380","PKT000118","SDAP-PKT000118","380","RLC-PKT000118","MAC-000380","TB-000380","0","FIRST_DELIVERY","892e2f184ac0dac83b6b4e5cab49a2d8b3850372edb9fbafe670daa9cbf917cd","6d477263666b85270483bc26fbe19649886e6a5cb69481d5098a7ffd1007891c","PASS"
"PROTOCOL-20260727-071456","LN000381","PKT000119","SDAP-PKT000119","381","RLC-PKT000119","MAC-000381","TB-000381","0","FIRST_DELIVERY","caf121f8790f2a99c13418762487bb76d13be725130949bd05fc07cfa824a43d","8f4bd796ab40d80522036818718945c19d3e23e6311e9a94185f70faf97a82bd","PASS"
"PROTOCOL-20260727-071456","LN000382","PKT000120","SDAP-PKT000120","382","RLC-PKT000120","MAC-000382","TB-000382","0","FIRST_DELIVERY","35c8822ac047453be0378000e5ee8a5453341bb84241c011015051abb6c93c90","ed695a8b414f176566c263c3e46d0927b75731aab18f00675890ea4cc63037c4","PASS"
"PROTOCOL-20260727-071456","LN000383","PKT000120","SDAP-PKT000120","383","RLC-PKT000120","MAC-000383","TB-000383","0","FIRST_DELIVERY","436fe34d0d42d6b2d1230c89663cd73a054c0c5912bba8d613642250b01e5d81","c20afb0a009be40aa7c74897f60d2ffd76ab646b2f1b79da7430082757645f38","PASS"
"PROTOCOL-20260727-071456","LN000384","PKT000120","SDAP-PKT000120","384","RLC-PKT000120","MAC-000384","TB-000384","0","FIRST_DELIVERY","fd199cc480a865bc06af9f28f6a7e6e390a64f907cd140eba17d1a378d0f49ee","28885f6a3101b547f5b820b5fcc575d8b7de24a063a17c886d8791654cb328ce","PASS"
