relative_path,bytes,sha256,parse_ok,row_count,column_count,duplicate_header_count,row_width_mismatch_count,blank_cell_count,blank_fraction,nan_token_count,inf_token_count,duplicate_row_count,failure_token_count,proxy_token_count,synthetic_token_count,fallback_token_count,placeholder_token_count,schema_only,observation_count,observations,issue_count,issues
air_interface/csv/csi_feedback_reports.csv,6463,2e345e1655982d0bc8d287e065da016fde64bc185d225cd345d6e0942cfa0753,True,4,85,0,0,59,0.17352941176470588,29,0,0,0,0,0,0,0,False,0,,0,
air_interface/csv/csi_rs_trials.csv,9124,875682ae1ac45c48dbf3f119a14723c360cb3adcc0753fb8db8fd9496605b900,True,2,148,0,0,0,0.0,0,0,0,0,0,0,0,0,False,0,,0,
air_interface/csv/distance_vs_sinr.csv,1184,b98b6fd6d4b03f6e66b0e376a16ba262c4a580985b033aef91b76a0992361c29,True,8,15,0,0,0,0.0,0,0,0,0,0,0,0,0,False,0,,0,
air_interface/csv/dl_constellation_samples.csv,2663368,c315e42bbd580c80c730f80dae22d6a2c0cc98ae9d7ac26c605a35afda566875,True,3072,63,0,0,0,0.0,0,0,0,0,0,0,0,0,False,0,,0,
air_interface/csv/dl_measured_sinr_bler_curve.csv,1103,c5692f4091943000c876b5ed31dc80eb6f8cb9a22a69c9deddcfcd601eb68acd,True,6,19,0,0,6,0.05263157894736842,6,0,0,0,0,0,0,0,False,0,,0,
air_interface/csv/dl_measured_sinr_throughput_curve.csv,961,c5bfef08f8be0eb5c07abacd3341d73060bdbcd4ed7e145214d3d9d444561e8f,True,6,18,0,0,6,0.05555555555555555,6,0,0,0,0,0,0,0,False,0,,0,
air_interface/csv/dl_pdsch_receiver_evidence_audit.csv,1781,26714232965648038a507e1002a3f1f1bff63fd192a2e66706e154cfca640028,True,6,47,0,0,0,0.0,0,0,0,0,0,0,0,0,False,0,,0,
air_interface/csv/dl_pdsch_trials.csv,236668,a56e397e26c4aaf6b4968f25f025b6c9f3548c8bcb8ff77761e26fe0b0af47d7,True,6,997,0,0,1402,0.23436977599465061,94,0,0,0,24,0,0,0,False,0,,0,
air_interface/csv/fer_summary.csv,1861,85470286265e35ee57b691c0803c1bf1e556d5376e73b794e155c99961365662,True,4,14,0,0,6,0.10714285714285714,6,0,0,0,0,0,0,0,False,0,,0,
air_interface/csv/harq_combining_gain.csv,398,d3fdbf1f2a68ccdce44a5dac53473db4a9dc362525028a8f5bef9665ec2d029c,True,1,16,0,0,0,0.0,0,0,0,0,0,0,0,0,False,0,,0,
air_interface/csv/link_anchor_kpis.csv,1533,e797307523c51e36d7279b8e260e46e6aa72fd72ac8e58a80a307a1d1fd4e084,True,6,18,0,0,27,0.25,27,0,0,0,0,0,0,0,False,0,,0,
air_interface/csv/link_kpis.csv,1642,12a05046823681fcbb4026c9f0ba7787f50f8f9819e54f6c2b827f53c72648d0,True,6,17,0,0,30,0.29411764705882354,28,0,0,0,0,0,0,0,False,0,,0,
air_interface/csv/live_measured_sinr_summary.csv,1382,784786a30dd14dc06ea236bb65951395d50ab10d9ee828866595e2bf6f7b31c8,True,4,24,0,0,4,0.041666666666666664,4,0,0,0,0,0,0,0,False,0,,0,
air_interface/csv/lls_kpi_summary.csv,1258,fdee3fe28e6b899a86901d50920f651cbf60f22fec13315059bf649729d15cfe,True,4,24,0,0,6,0.0625,2,0,0,0,0,0,0,0,False,0,,0,
air_interface/csv/lls_measured_sinr_summary.csv,1390,4f52db4dfcae1b71fae521e70479efec2304e636d191fbf11ebfa95c5dc3fec7,True,4,24,0,0,2,0.020833333333333332,2,0,0,0,0,0,0,0,False,0,,0,
air_interface/csv/measured_sinr_distribution.csv,1219,d62c88fab4f65e2c250723035de425a6001cba0a8cade928b9905167cd7e1197,True,10,11,0,0,5,0.045454545454545456,5,0,0,0,0,0,0,0,False,0,,0,
air_interface/csv/metric_unit_catalog.csv,435162,aabbd3f51d280740a209d8bd0e7e9cc60577e6a7ee7fe7215e81442c350176db,True,4952,4,0,0,0,0.0,0,0,0,9,110,0,12,8,False,0,,0,
air_interface/csv/multiuser_user_summary.csv,862,3f1a33e9d2dd9172b5930227c0275a3bf47e871d85c94113ae2f2b93b93d9d9f,True,2,29,0,0,0,0.0,0,0,0,0,0,0,0,0,False,0,,0,
air_interface/csv/papr_ccdf.csv,842,3a61d0d5b253cf3442459c7681107fcef51e610f67c2424eec5d72ad3c864ddf,True,32,3,0,0,0,0.0,0,0,0,0,0,0,0,0,False,0,,0,
air_interface/csv/pbch_trials.csv,95511,847b1a61d4f2212b1354951cf26350da40e1939e299573e881250fdb3f9bc9c0,True,16,395,0,0,496,0.07848101265822785,0,0,0,0,32,0,0,0,False,0,,0,
air_interface/csv/pdcch_trials.csv,53097,61d5fc91d7409430ce7352807cc57d41fca1da5b8c227a91cabf9302531d3604,True,8,442,0,0,266,0.0752262443438914,18,0,0,0,16,0,0,0,False,0,,0,
air_interface/csv/prach_trials.csv,15170,ead8cbde6bda8ea65c6cb3dbb7bd816ef92f7da59d3daa21b63bf0f7dee7336b,True,1,461,0,0,27,0.05856832971800434,0,0,0,0,2,0,0,0,False,0,,0,
air_interface/csv/pucch_trials.csv,10354,92db4b19ee0977a859798dc7a85410f94823d8116ff80589cecd7bfaa09a6b03,True,2,188,0,0,2,0.005319148936170213,0,0,0,0,4,0,0,0,False,0,,0,
air_interface/csv/srs_resource_decisions.csv,2697,3d791f20d50e18e8a07fbeaadbcaa6b15896fbb49df208a979d98d8c972a7800,True,2,20,0,0,0,0.0,0,0,0,0,0,0,0,0,False,0,,0,
air_interface/csv/srs_trials.csv,16665,81d225252703d777989e68a02e7fdf523724895e5ab440cd2ed9f25cb232a535,True,2,366,0,0,57,0.0778688524590164,1,0,0,0,4,0,0,0,False,0,,0,
air_interface/csv/trs_trials.csv,31218,488cb1f400189da877da4ff1c16328a695779336baa085b24e79f7ad280a073c,True,5,356,0,0,155,0.08707865168539326,0,0,0,0,10,0,0,0,False,0,,0,
air_interface/csv/ul_constellation_samples.csv,883952,473b4798fedb5a8514d2f97a993a7750377a1993530adfbf404ced8cb445a43c,True,1024,63,0,0,0,0.0,0,0,0,0,0,0,0,0,False,0,,0,
air_interface/csv/ul_measured_sinr_bler_curve.csv,837,05fb1a2f0cbb920617d33963dec4152f9ef62d1468cc75c82e39f2681787bc32,True,4,19,0,0,4,0.05263157894736842,4,0,0,0,0,0,0,0,False,0,,0,
air_interface/csv/ul_measured_sinr_throughput_curve.csv,791,573a891a01f9ac3b1092c9c91d0dfd0bef6d7af0dd3b76da9d0bb6f200809423,True,4,18,0,0,4,0.05555555555555555,4,0,0,0,0,0,0,0,False,0,,0,
air_interface/csv/ul_pusch_trials.csv,49118,40e48048429f7338dbf366231035aeaca86248e23b20b3feb5bbdfa46a8bcfba,True,2,1001,0,0,472,0.23576423576423577,8,0,0,0,8,0,0,0,False,0,,0,
air_interface/reports/csv/live_stage_status.csv,1013,cb7697b91d4bfdba1d48e513c2dc4d9b9f27a4ea3f4b71170aba4abd6b3396dc,True,1,52,0,0,0,0.0,0,0,0,0,0,0,0,0,False,0,,0,
analytics/csv/beam_analytics.csv,1339,8987fcf40b8ab5e134a4f3280b2af1feceea72cf0f666fb90446a371e01c4199,True,2,23,0,0,0,0.0,0,0,0,0,0,0,0,0,False,0,,0,
analytics/csv/change_impact_analytics.csv,209,71722ef4da696ad0305f68845ae10f387465028843240d82fea1f218b2676236,True,1,4,0,0,0,0.0,0,0,0,0,0,0,0,1,False,0,,0,
analytics/csv/channel_estimation_analytics.csv,10905,dd45a768cc02309d7cffb9674920816a246a054d0bdfe6e19d85ab2d7e5f965f,True,40,17,0,0,0,0.0,0,0,0,0,0,0,0,0,False,0,,0,
analytics/csv/channel_quality_analytics.csv,881,f636ab2be5bf196f692169205aaa4424f662f5ad2c27a3e5d48a95d51f57bf9f,True,1,19,0,0,0,0.0,0,0,0,0,0,0,0,0,False,0,,0,
analytics/csv/clipping_analytics.csv,11845,b652898aa77a6786680d1da96858658a2521d6d4cfec09216a2682723393492e,True,57,14,0,0,54,0.06766917293233082,3,0,0,0,0,0,0,0,False,0,,0,
analytics/csv/codeblock_analytics.csv,14095,ae9b80297d63b9623fc72de1271fcaf00e29915d8eafd36d6e919a8aec1fe53a,True,66,14,0,0,60,0.06493506493506493,4,0,0,0,14,0,0,0,False,0,,0,
analytics/csv/compute_analytics.csv,23618,66089b1d4b2906f1533baf368583f51dd10ac05f0c8ba23342456b2d0659c344,True,58,14,0,0,0,0.0,0,0,0,0,0,0,0,0,False,0,,0,
analytics/csv/constellation_analytics.csv,3677566,a4107c709038558129ffb9eb0d267698b36a5a73fc36f368caaaa06dce63fa79,True,4096,65,0,0,0,0.0,0,0,0,0,0,0,0,0,False,0,,0,
analytics/csv/contract__beamforming-precoding-mimo-analytics__antenna-element-layout.csv,480,18b296cc8e3e726f1b103facff956dafdc46f05a6fe326d175471aad61eeb112,True,2,13,0,0,0,0.0,0,0,0,0,0,0,0,0,False,0,,0,
analytics/csv/contract__beamforming-precoding-mimo-analytics__antenna-radiation-pattern.csv,1972580,06b0fb313022b4b4783d89aa6a570366148711af48fb34ffdec93ddadb88c137,True,5402,21,0,0,5402,0.047619047619047616,5402,0,0,0,0,0,0,0,False,0,,0,
analytics/csv/contract__beamforming-precoding-mimo-analytics__beam-gain-gap-histogram.csv,1097,38ab182206f105acb59ffc5c96aaf3c2e07df762e9940ce94c91ed737758bce2,True,12,5,0,0,0,0.0,0,0,8,0,0,0,0,0,False,0,,0,
analytics/csv/contract__beamforming-precoding-mimo-analytics__beam-hit-rate-top-k-hit-rate.csv,553,e894b0f57e4f78def6c490bd7a9ef7cfedd8a56c49be89ceb799ac67174847cc,True,6,6,0,0,0,0.0,0,0,0,0,0,0,0,0,False,0,,0,
analytics/csv/contract__beamforming-precoding-mimo-analytics__beam-id-timeline.csv,1637,49294dbc10f247c8b1c2795e3d3692852afdbe08bb7ef617704e0658eab19a0b,True,18,7,0,0,0,0.0,0,0,0,0,0,0,0,0,False,0,,0,
analytics/csv/contract__beamforming-precoding-mimo-analytics__beam-pair-timeline.csv,1673,6ab520c5daac122c8957dbf3efd918e262150371e47b4f70cb7c396baadcf822,True,18,7,0,0,0,0.0,0,0,0,0,0,0,0,0,False,0,,0,
analytics/csv/contract__beamforming-precoding-mimo-analytics__beam-pattern-3d.csv,174999,e3db91c487c6a35d3c99109d436ca426eca5766025e3dce6a4028c14f6d47dcd,True,925,11,0,0,0,0.0,0,0,0,0,0,0,0,0,False,0,,0,
analytics/csv/contract__beamforming-precoding-mimo-analytics__combiner-summary.csv,802,2d5bc35760d9f88c732b14ac01d7afc44e1461150db3ee245bbb0df6f3bc0595,True,3,15,0,0,6,0.13333333333333333,0,0,0,0,0,0,0,0,False,0,,0,
analytics/csv/contract__beamforming-precoding-mimo-analytics__condition-number-distribution.csv,838,1ce09fda8262cfee63f5ae6bb1b33eaf845bed13413fc545187d8e69b000bbd7,True,8,5,0,0,0,0.0,0,0,6,0,0,0,0,0,False,0,,0,
analytics/csv/contract__beamforming-precoding-mimo-analytics__mu-grouping-analytics.csv,443,0b6c2f25daa416c47c7ac71f1268bcdb5dd0be06e59332a05538cc27a6254298,True,1,15,0,0,2,0.13333333333333333,0,0,0,0,0,0,0,0,False,0,,0,
analytics/csv/contract__beamforming-precoding-mimo-analytics__per-layer-sinr.csv,2045,a564d0c93c3c994c00444cb55827eee4b0b8fb919810d4e4acb1aa9daabbfb38,True,8,15,0,0,16,0.13333333333333333,0,0,0,0,0,0,0,0,False,0,,0,
analytics/csv/contract__beamforming-precoding-mimo-analytics__precoder-mode-distribution.csv,295,4a829268ecfdea03e741155e1d5c435b15f1f12632724db68c2d9fb4b146cee4,True,2,6,0,0,0,0.0,0,0,0,0,0,0,0,0,False,0,,0,
analytics/csv/contract__beamforming-precoding-mimo-analytics__rank-distribution.csv,148,2c43a0e3bf644a91ec782a8d781473da0fb49e80ebf4175fcb36aeb2886f9435,True,1,6,0,0,0,0.0,0,0,0,0,0,0,0,0,False,0,,0,
analytics/csv/contract__beamforming-precoding-mimo-analytics__selected-vs-best-beam-gap.csv,1121,1de0f0fe815fd73eb01e2c15c6de1f6a7d7f2b3e1755082b0e7bb54c930a8b8d,True,12,5,0,0,0,0.0,0,0,8,0,0,0,0,0,False,0,,0,
analytics/csv/contract__channel-estimation-propagation-analytics__channel-impulse-response.csv,6420,a4202e8ee2adbe67568fe83c74814f55151dd70bce6c5eb6132355f8579d54cb,True,46,8,0,0,0,0.0,0,0,0,0,0,0,0,0,False,0,,0,
analytics/csv/contract__channel-estimation-propagation-analytics__channel-magnitude-heatmap.csv,3149188,070f11e781023628c122300bcff7fde0c8e03a2fe5db090c98cc18907bd7d133,True,8400,27,0,0,17428,0.07684303350970018,9028,0,0,0,0,0,0,0,False,0,,0,
analytics/csv/contract__channel-estimation-propagation-analytics__channel-phase-heatmap.csv,3115588,bea7954352b22cffd9506dbaedb60ee3e30063f3b261b453823120c846b7fb95,True,8400,27,0,0,17428,0.07684303350970018,9028,0,0,0,0,0,0,0,False,0,,0,
analytics/csv/contract__channel-estimation-propagation-analytics__estimated-hhat-f.csv,93356,6c49eaad90b0400bc00428bf252bd50e2a530a621a99d6d72b4b504b79de5aab,True,300,16,0,0,300,0.0625,300,0,0,0,0,0,0,0,False,0,,0,
analytics/csv/contract__channel-estimation-propagation-analytics__estimated-hhat-tau.csv,102788,f5022b103c7d712303f34b9422379517fc169371b5688d499bb3a23c0ebe11eb,True,300,18,0,0,600,0.1111111111111111,300,0,0,0,0,0,0,0,False,0,,0,
analytics/csv/contract__channel-estimation-propagation-analytics__estimator-bias-variance-summaries.csv,1792,74931a997962dccf22d73755c5cab53b6d2fd41a1f8b4925ef7e46730ee4d755,True,6,15,0,0,12,0.13333333333333333,0,0,0,0,0,0,0,0,False,0,,0,
analytics/csv/contract__channel-estimation-propagation-analytics__nmse-vs-snr-sinr.csv,467,a6dc023fa6c9ebf0fa17ec70417c00eac75bcc701c49a0a56aedb23cad9932cb,True,1,15,0,0,2,0.13333333333333333,0,0,0,0,0,0,0,0,False,0,,0,
analytics/csv/contract__channel-estimation-propagation-analytics__noise-variance-trend.csv,1737,25ee5e7cc1b46da433cbf383b14406146fae72c9a34e580a2737e71b21c7f6ba,True,6,15,0,0,12,0.13333333333333333,0,0,0,0,0,0,0,0,False,0,,0,
analytics/csv/contract__channel-estimation-propagation-analytics__pathloss-distribution.csv,1615,b880fed4da3ffd8419190f3f9d7d1bbc01c3a4ee5ed722751359d0c4b469f3d3,True,12,8,0,0,0,0.0,0,0,0,0,0,0,0,0,False,0,,0,
analytics/csv/contract__channel-estimation-propagation-analytics__tap-power-profile.csv,6098,6b96a8f6190e6a01426e123a5a0c6946f12033aebea9e677fa70975811bb8500,True,46,8,0,0,0,0.0,0,0,0,0,0,0,0,0,False,0,,0,
analytics/csv/contract__channel-estimation-propagation-analytics__true-h-f-if-available.csv,86325,249472a55b9199b262bbfabdb4f709306e136df7435a45f423b38651ee580be6,True,300,16,0,0,600,0.125,300,0,0,0,0,0,0,0,False,0,,0,
analytics/csv/contract__channel-estimation-propagation-analytics__true-h-tau-if-available.csv,7911,5d6a2ca216ed56972c18697605279e1cfa6ff8af3f2770ac802ba0de4eb345aa,True,23,18,0,0,46,0.1111111111111111,23,0,0,0,0,0,0,0,False,0,,0,
analytics/csv/contract__constellation-evm-analytics__constellation-per-codeword.csv,669493,0f89aafb0ef09f0f7588cade49760e69962467edd2168dbedd21b67549820916,True,4096,10,0,0,0,0.0,0,0,0,0,0,0,0,0,False,0,,0,
analytics/csv/contract__constellation-evm-analytics__constellation-per-layer.csv,657202,b2eccfd96d3cae4baae567b6ea6357fbe857d7ecc2333859e2b150f959b32064,True,4096,10,0,0,0,0.0,0,0,0,0,0,0,0,0,False,0,,0,
analytics/csv/contract__constellation-evm-analytics__constellation-per-modulation-order.csv,1438153,4a3b3875576ce4074b57cbc71ab167c052577a5c5824cd3df53b62369832e718,True,8192,10,0,0,0,0.0,0,0,0,0,0,0,0,0,False,0,,0,
analytics/csv/contract__constellation-evm-analytics__evm-per-layer.csv,403421,a976a81269c87cfe8e0b7c6495a17018fd72eee0274c98b142571544e43c5248,True,4096,7,0,0,0,0.0,0,0,0,0,0,0,0,0,False,0,,0,
analytics/csv/contract__constellation-evm-analytics__evm-per-subcarrier.csv,430292,7426455491723d8a12235bbd14c131f5e11e194d12a10274bfe8bc1bd510c7bc,True,4096,7,0,0,0,0.0,0,0,0,0,0,0,0,0,False,0,,0,
analytics/csv/contract__constellation-evm-analytics__evm-per-symbol.csv,407522,e45596719fd03350f7a537f53a4169195dd9b7ddd846ceb8305b29de3088612e,True,4096,7,0,0,0,0.0,0,0,0,0,0,0,0,0,False,0,,0,
analytics/csv/contract__constellation-evm-analytics__evm-rms.csv,279,f43f31f9ee13a6707b1972234abe6170dc1dba2cc2b02b3c453cd76b7f8ab832,True,2,7,0,0,0,0.0,0,0,0,0,0,0,0,0,False,0,,0,
analytics/csv/contract__constellation-evm-analytics__post-equalization-constellation.csv,1367458,95ea39f2d82ebdfda3cd14c914c82941d1e893a981912fec4555af9ea9aa2af4,True,8192,9,0,0,0,0.0,0,0,0,0,0,0,0,0,False,0,,0,
analytics/csv/contract__constellation-evm-analytics__pre-equalization-constellation.csv,1359202,9a0986096499fff43bc00669a8d6e27f4f70181950ac6879041d4b14684740b2,True,8192,9,0,0,0,0.0,0,0,0,0,0,0,0,0,False,0,,0,
analytics/csv/contract__constellation-evm-analytics__symbol-decision-error-histogram.csv,937691,21479ba89b58334834400ab7f801a489544ae8b214dfdafdf4604a44bb617359,True,8192,6,0,0,0,0.0,0,0,0,0,0,0,0,0,False,0,,0,
analytics/csv/contract__detection-control-analytics__control-decode-success-failure-tables.csv,447,4ad3e601f00404ec913e7422dce253f00db2507b0572d2f0a77d6b3a106ada12,True,1,15,0,0,2,0.13333333333333333,0,0,0,0,0,0,0,0,False,0,,0,
analytics/csv/contract__detection-control-analytics__far.csv,234,71a3f4b90ba19fa67deb6576156214e581ddca9d1ad062c11b2d4c98398439d2,True,1,10,0,0,1,0.1,0,0,0,0,0,0,0,0,False,0,,0,
analytics/csv/contract__detection-control-analytics__p-d.csv,235,5f6465742a91e479967fdaa7c86426e1e429eb8bbad0654df36ad0f89e7f7865,True,1,10,0,0,1,0.1,0,0,0,0,0,0,0,0,False,0,,0,
analytics/csv/contract__detection-control-analytics__p-fa.csv,235,92e5f9748c0d1453586ead13937f8668f1c7795f1d8fe92a21ededcc9055c13a,True,1,10,0,0,1,0.1,0,0,0,0,0,0,0,0,False,0,,0,
analytics/csv/contract__detection-control-analytics__p-md.csv,235,f8c4d03cf5d5ec8475eaef974db4219b57a32333bd0f4fb61a1769de73359976,True,1,10,0,0,1,0.1,0,0,0,0,0,0,0,0,False,0,,0,
analytics/csv/contract__detection-control-analytics__pbch-pdcch-pucch-detection-and-decode-timelines.csv,1296,559ef892a4672098b14a0ca837da9a20b6987f37e83a2244b7ca02a852ebdecc,True,4,15,0,0,8,0.13333333333333333,0,0,0,0,0,0,0,0,False,0,,0,
analytics/csv/contract__detection-control-analytics__prach-correlation-peak-distributions.csv,312,3764e88b104c2e69b8124a28439bd8df43ac175c1977c0bf18b7c7a62c7466df,True,1,11,0,0,1,0.09090909090909091,0,0,0,0,0,0,0,0,False,0,,0,
analytics/csv/contract__detection-control-analytics__prach-noise-floor-distributions.csv,307,af32a5a679b38404c8a94719991e5b6b34d6cb1d897522fe814a4dfca7f7319d,True,1,11,0,0,1,0.09090909090909091,0,0,0,0,0,0,0,0,False,0,,0,
analytics/csv/contract__detection-control-analytics__prach-peak-search-results.csv,301,868d588aa83b036dc260a836adb4fb88b345e5263a043e044aeb9ddf820c357a,True,1,11,0,0,1,0.09090909090909091,0,0,0,0,0,0,0,0,False,0,,0,
analytics/csv/contract__detection-control-analytics__pucch-dtx-statistics.csv,412,4b663b481614775688d9675c1473a75380bb92373930f952e61fa3f8c3a57c6d,True,2,13,0,0,4,0.15384615384615385,0,0,0,0,0,0,0,0,False,0,,0,
analytics/csv/contract__detection-control-analytics__ssb-detection-statistics.csv,442,aa67a9102941f50de7d22ebe8b5cc05ae4797ade5fac830f3802a9b06f0d6515,True,1,15,0,0,2,0.13333333333333333,0,0,0,0,0,0,0,0,False,0,,0,
analytics/csv/contract__error-reliability-analytics__ber-vs-snr.csv,1030,ae2155810527f09b8f7090cc562a4765eec29187ac2123bfa77d19e207272f36,True,8,6,0,0,0,0.0,0,0,0,0,0,0,0,0,False,0,,0,
analytics/csv/contract__error-reliability-analytics__ber.csv,299,c620fee141c33e377446c4c118af80845b6be903b930a367a7a97fc00963c8eb,True,1,10,0,0,0,0.0,0,0,0,0,0,0,0,0,False,0,,0,
analytics/csv/contract__error-reliability-analytics__bler-vs-mcs.csv,391,0e4e7bb0e2c7370b14abe111c9426e46f0d9dbf3b0913b9778d9701f914bf6cb,True,4,7,0,0,0,0.0,0,0,0,0,0,0,0,0,False,0,,0,
analytics/csv/contract__error-reliability-analytics__bler-vs-sinr.csv,628,3bcf61a04078cf379669505e53c2c690c5cf852264491c83971e752111b13c45,True,4,9,0,0,0,0.0,0,0,0,0,0,0,0,0,False,0,,0,
analytics/csv/contract__error-reliability-analytics__bler-vs-snr.csv,1039,231ecdc726ca57dc20fad01d249abca22d8abe64a4b75e66949d2ee87f81ed8a,True,8,6,0,0,0,0.0,0,0,0,0,0,0,0,0,False,0,,0,
analytics/csv/contract__error-reliability-analytics__bler.csv,275,ba646bcb4a2b1993ccf3e129d73217d2e719adf1aa27acb1b9b6f52ecbb9e058,True,1,10,0,0,0,0.0,0,0,0,0,0,0,0,0,False,0,,0,
analytics/csv/contract__error-reliability-analytics__cbg-error-rates.csv,415,defe8945aed1c459aba271dc04aae4c066df8e09988370b30aa9f4054dddffec,True,1,15,0,0,2,0.13333333333333333,0,0,0,0,0,0,0,0,False,0,,0,
analytics/csv/contract__error-reliability-analytics__code-block-error-rates.csv,436,22d80a826fc793b10122a907319b33bf9ac1bab2b29be1515ee43ccb3702a52d,True,1,15,0,0,2,0.13333333333333333,0,0,0,0,0,0,0,0,False,0,,0,
analytics/csv/contract__error-reliability-analytics__crc-pass-fail-rates.csv,603,d24c400eedc1a4cac6fedcbb1bfe174c911eb5bf8f6291b5f2129b2ff2925f6c,True,2,10,0,0,6,0.3,0,0,0,1,0,0,0,0,False,0,,0,
analytics/csv/contract__error-reliability-analytics__decoder-iteration-distributions.csv,701,2d4af7ee278a4fd3634ddfd7a2580b7195c4cca2f23fa01da50c8d548706b439,True,8,5,0,0,0,0.0,0,0,6,0,0,0,0,0,False,0,,0,
analytics/csv/contract__error-reliability-analytics__fer-vs-snr.csv,1204,bfed2dfa2c1e9bb79ba51a2573a61d7b13abf314f8b7d536a50318d0629b523b,True,14,6,0,0,0,0.0,0,0,0,0,0,0,0,0,False,0,,0,
analytics/csv/contract__error-reliability-analytics__fer.csv,378,c954d98ae24dbf692ffa9f7e340640128cef6225c4200a14adfe998f2930d64c,True,1,10,0,0,0,0.0,0,0,0,0,0,0,0,0,False,0,,0,
analytics/csv/contract__error-reliability-analytics__per-channel-reliability-breakdown.csv,1021,3ced5c9b94acde5e72e9b2889d80d465d446632a955199f5d4794172be13df83,True,7,11,0,0,0,0.0,0,0,0,0,0,0,0,0,False,0,,0,
analytics/csv/contract__error-reliability-analytics__per-format-reliability-breakdown.csv,446,263b383728d9d5ed3fbb7760358d51ac40bc1e711119cbdf8756e1d137960cce,True,1,15,0,0,2,0.13333333333333333,0,0,0,0,0,0,0,0,False,0,,0,
analytics/csv/contract__error-reliability-analytics__per-ue-and-per-cell-reliability.csv,167,8cbfaed6f95c830a13186542c6ad3a3c4115d590afd6e8656670cd111d65accc,True,1,6,0,0,0,0.0,0,0,0,0,0,0,0,0,False,0,,0,
analytics/csv/contract__error-reliability-analytics__residual-bler-after-harq.csv,642,1a3bdbc9f4b64c27e245c26351612764f1dce967452cd5a4393e35622cdf1a75,True,2,15,0,0,4,0.13333333333333333,0,0,0,0,0,0,0,0,False,0,,0,
analytics/csv/contract__export-consistency-truth-analytics__assumption-usage-summaries.csv,1081,10d100d1c78d532d70204bbed766c1e56a779ab6635b4aa852e9b291e195162d,True,11,7,0,0,0,0.0,0,0,0,0,0,0,0,0,False,0,,0,
analytics/csv/contract__export-consistency-truth-analytics__config-drift.csv,9958,441df20bda79b9d65f39951be05d33c8db9a681b91ebb903f69a267c686bf92b,True,112,7,0,0,0,0.0,0,0,0,0,0,0,0,0,False,0,,0,
analytics/csv/contract__export-consistency-truth-analytics__csv-vs-db-consistency.csv,475,54e34994a9f84fff9e1b17cb0833cab60daf5b0286f18a86f472d8ff70b2614f,True,1,15,0,0,2,0.13333333333333333,0,0,0,0,0,0,0,0,False,0,,0,
analytics/csv/contract__export-consistency-truth-analytics__db-vs-browser-consistency.csv,487,1c2287af71cbfc06dc976f90f600aa76f9d6b2aa964d419c87af16d7ca4827cb,True,1,15,0,0,2,0.13333333333333333,0,0,0,0,0,0,0,0,False,0,,0,
analytics/csv/contract__export-consistency-truth-analytics__fallback-event-summaries.csv,414,454adcd2370e5d5f35123856da8729190a13fb0974922ec015e4ee1c02a7fee0,True,1,15,0,0,2,0.13333333333333333,0,0,0,0,0,0,3,0,False,0,,0,
analytics/csv/contract__export-consistency-truth-analytics__missing-field-audits.csv,985,00009d013a51b53f2b40a743733050ff579518436fd5c59ca650455f9f5e02a5,True,3,15,0,0,6,0.13333333333333333,0,0,0,0,0,0,0,0,False,0,,0,
analytics/csv/contract__export-consistency-truth-analytics__placeholder-exposure-checks.csv,441,23acbbceee077811976230326f0ede09b1a016b8433cd7a1fd799d6d0705a2e4,True,1,15,0,0,2,0.13333333333333333,0,0,0,0,0,0,0,3,False,0,,0,
analytics/csv/contract__export-consistency-truth-analytics__run-status-truth-checks.csv,427,428f81c7a82edf3d61da5fc428eb90a574085cd7b107e108e50e0c808d479ca5,True,1,15,0,0,2,0.13333333333333333,0,0,0,0,0,0,0,0,False,0,,0,
analytics/csv/contract__export-consistency-truth-analytics__schema-drift.csv,677,53a8c9c909c43974e7f409044325e500fa38dfc02368dc158d4a43f00debc638,True,2,15,0,0,4,0.13333333333333333,0,0,0,0,0,0,0,0,False,0,,0,
analytics/csv/contract__export-consistency-truth-analytics__smoke-exposure-checks.csv,178,e675802a073deb88d96c1d65f9ced7acd75d98c6068ebd30969c9e1875aa7e6c,True,1,7,0,0,0,0.0,0,0,0,0,0,0,0,0,False,0,,0,
analytics/csv/contract__export-consistency-truth-analytics__source-row-count-vs-analytics-row-count.csv,36835,a6a0f4b812892c53945bfae31d554102f9acd1194aed9b0ee40afd95c5c2eb04,True,124,15,0,0,248,0.13333333333333333,0,0,0,0,0,0,0,0,False,0,,0,
analytics/csv/contract__export-consistency-truth-analytics__summary-vs-raw-contradiction-checks.csv,1274,aafeca5efbe0600c4942f115d4ab041682fae568dbfe8cf63dd050ef4640e839,True,4,15,0,0,8,0.13333333333333333,0,0,0,0,0,0,0,0,False,0,,0,
analytics/csv/contract__export-consistency-truth-analytics__truth-policy-violation-counts.csv,453,25b64165bcf07a01ee70d35f72c1ef30387099a8fabb39fb7914cb30b8c9cec2,True,1,15,0,0,2,0.13333333333333333,0,0,0,0,0,0,0,0,False,0,,0,
analytics/csv/contract__harq-analytics__harq-combining-gain-distribution.csv,420,1fa3baaeb83b14dd8616563fb955f18e6246cb74799ea925d4870403acf14f7e,True,1,15,0,0,2,0.13333333333333333,0,0,0,0,0,0,0,0,False,0,,0,
analytics/csv/contract__harq-analytics__harq-process-timeline.csv,2046,49466ccd78dc230116a47b22fd22c0419ce275cddd2725efda9e4209bf85d132,True,8,15,0,0,16,0.13333333333333333,0,0,0,0,0,0,0,0,False,0,,0,
analytics/csv/contract__harq-analytics__harq-rtt-distribution.csv,817,1c348de008576f504e7374feb75925648c41a6e6af6883807ef2de36c8731878,True,3,15,0,0,6,0.13333333333333333,0,0,0,0,0,0,0,0,False,0,,0,
analytics/csv/contract__harq-analytics__newtx-vs-retx-comparison.csv,410,584317ffc79918c667c7466cd75cc6f7339fd8eb12a1d0321c724cd81a9d45e7,True,1,15,0,0,2,0.13333333333333333,0,0,0,0,0,0,0,0,False,0,,0,
analytics/csv/contract__harq-analytics__residual-failure-patterns.csv,405,854d4d5e5f8b79c0f83f00977fb8b1caba9fe2e9ecd79ce2cc2d40c994a0bc10,True,1,15,0,0,2,0.13333333333333333,0,0,0,0,0,0,0,0,False,0,,0,
analytics/csv/contract__harq-analytics__retransmission-count-histogram.csv,426,89f2f6e1fa6d30be447319a042069c55b5048c9c4147d33634f8f5b0fd0b00c4,True,1,15,0,0,2,0.13333333333333333,0,0,0,0,0,0,0,0,False,0,,0,
analytics/csv/contract__harq-analytics__retransmission-rate-trend.csv,1998,8d37693faf219fd2e7cd1de5528598f2b8dfa10ef93db094136099afb5d2d68e,True,8,15,0,0,16,0.13333333333333333,0,0,0,0,0,0,0,0,False,0,,0,
analytics/csv/contract__impairments-tracking-analytics__cfo-true-vs-estimated-vs-residual.csv,3839,8eeefc0018125dbd7907d2453cb305c06606636953bb547f2e200f535f78a6ec,True,29,12,0,0,16,0.04597701149425287,0,0,0,0,0,0,0,0,False,0,,0,
analytics/csv/contract__impairments-tracking-analytics__timing-offset-true-vs-estimated-vs-residual.csv,705,52b8dc6263ead4d89c937938bb9b29bad04140a48c818eaa7aa5744bbad54085,True,1,26,0,0,2,0.07692307692307693,0,0,0,0,0,0,0,0,False,0,,0,
analytics/csv/contract__measurement-csi-link-adaptation-analytics__applied-awgn-snr-vs-measured-runtime-sinr-comparison.csv,1488,c60ce104449fa9b348aff7db500fa258426b9f421d9f9f314aab6b4f542c143d,True,8,6,0,0,0,0.0,0,0,0,0,0,0,0,0,False,0,,0,
analytics/csv/contract__measurement-csi-link-adaptation-analytics__config-vs-measured-conflict-dashboard.csv,870,37064eab9400e94df6618d3b771fdc2c7bec8ef856b056cf5c85225893c33df0,True,2,15,0,0,4,0.13333333333333333,0,0,0,0,0,0,0,0,False,0,,0,
analytics/csv/contract__measurement-csi-link-adaptation-analytics__cqi-pmi-ri-cri-ssbri-trends.csv,1721,70069a38e3813a357c5f97c3f0df3efbc2fb7c3ecfbb7ad4519451357c3e4bd0,True,14,7,0,0,0,0.0,0,0,0,0,0,0,0,0,False,0,,0,
analytics/csv/contract__measurement-csi-link-adaptation-analytics__cqi-to-mcs-mapping-plot.csv,498,8ea9103faccc5adcb86fe34f212dcb26c849a27760ecf9ecfcb52e4bb83925f1,True,4,6,0,0,0,0.0,0,0,0,0,0,0,0,0,False,0,,0,
analytics/csv/contract__measurement-csi-link-adaptation-analytics__per-beam-quality-plot.csv,459,0e56f0e022ba0d2c968903aee84603e3987f311a2daa5c5d2a3de68b71a1ad19,True,1,15,0,0,2,0.13333333333333333,0,0,0,0,0,0,0,0,False,0,,0,
analytics/csv/contract__measurement-csi-link-adaptation-analytics__per-layer-quality-plot.csv,456,80c0e64f7e7c613e3006296d0f5e0906e029f2373d4c784dcea475bf75ecb58e,True,1,15,0,0,2,0.13333333333333333,0,0,0,0,0,0,0,0,False,0,,0,
analytics/csv/contract__measurement-csi-link-adaptation-analytics__quality-vs-selected-mcs-mismatch-plot.csv,1046,2195864651390c6932fd7e1c6125cc0b4f39c36ca3231cbf80c078d452c4363a,True,8,6,0,0,0,0.0,0,0,0,0,0,0,0,0,False,0,,0,
analytics/csv/contract__measurement-csi-link-adaptation-analytics__selected-mcs-distribution.csv,849,346a7c62652513034aef59a2ad7d399adbfa3a9a6841735731834efb41ab3895,True,8,5,0,0,0,0.0,0,0,4,0,0,0,0,0,False,0,,0,
analytics/csv/contract__measurement-csi-link-adaptation-analytics__selected-vs-derived-mcs-confusion-matrix.csv,1030,4a3d632b3fd9521e7839cc7e07103d7807a601201d96b37006c2eef89adcd260,True,8,7,0,0,0,0.0,0,0,3,0,0,0,0,0,False,0,,0,
analytics/csv/contract__measurement-csi-link-adaptation-analytics__servingrsrp-rsrp-csi-rsrp-trends.csv,7444,281c26ce04269ade88b9c9b7e785420226885681646e56f44b8acd2aba19c60c,True,25,15,0,0,50,0.13333333333333333,0,0,0,0,0,0,0,0,False,0,,0,
analytics/csv/contract__power-energy-efficiency-analytics__active-bandwidth-vs-power.csv,10875,64cd3f40f56d2377c76ad976e618c9d528bf991166d388221d0464b64a236a18,True,74,10,0,0,0,0.0,0,0,70,0,0,0,0,0,False,0,,0,
analytics/csv/contract__power-energy-efficiency-analytics__active-rank-vs-power.csv,4669,52537ff9433e4a409b01b4d28354e2415d27d52dc2e6fbb4ab5a97316ad4cb0e,True,36,10,0,0,0,0.0,0,0,32,0,0,0,0,0,False,0,,0,
analytics/csv/contract__power-energy-efficiency-analytics__baseband-power.csv,3808,69e9cdaa78bb70558e7008ca134b486ec7fd4c10b76c30001f88f1e56ab3a1be,True,15,15,0,0,30,0.13333333333333333,0,0,0,0,0,0,0,0,False,0,,0,
analytics/csv/contract__power-energy-efficiency-analytics__dl-tx-power-per-cell-beam-ue.csv,544,f7f848ff008e83a1b7412887e917a481a89a3e0bb62c8e095a1172519b7071f9,True,2,11,0,0,0,0.0,0,0,0,0,0,0,0,0,False,0,,0,
analytics/csv/contract__power-energy-efficiency-analytics__energy-bit.csv,1216,900511494b5293596f88f802aeb9a7efafb4f898fe204658aa53b42085871474,True,4,15,0,0,8,0.13333333333333333,0,0,0,0,0,0,0,0,False,0,,0,
analytics/csv/contract__power-energy-efficiency-analytics__energy-efficiency-by-cell.csv,480,971871a1e29607c5a147f3f45135e571c8ac8477251837e6031ec0e7d5353285,True,1,15,0,0,2,0.13333333333333333,0,0,0,0,0,0,0,0,False,0,,0,
analytics/csv/contract__power-energy-efficiency-analytics__energy-efficiency-by-ue.csv,475,46dfb60f1727f94dc56462948db469eba30d586dd4d69d166726f3524a94424e,True,1,15,0,0,2,0.13333333333333333,0,0,0,0,0,0,0,0,False,0,,0,
analytics/csv/contract__power-energy-efficiency-analytics__energy-per-bit-histogram.csv,1036,179dff587b1446446a4aa39a8b6e129c3bd49bdfc75f25acd9f8a9b642967e4e,True,4,11,0,0,0,0.0,0,0,0,0,0,0,0,0,False,0,,0,
analytics/csv/contract__power-energy-efficiency-analytics__joules-gb.csv,1163,852c404a6d8b8b3b38c3753d8b621533603eca3472e03e540bba9a13ec960ab6,True,4,15,0,0,8,0.13333333333333333,0,0,0,0,0,0,0,0,False,0,,0,
analytics/csv/contract__power-energy-efficiency-analytics__papr-vs-power.csv,1142,5ac3a99a099abf0f97b1cfb8e903857305619f6faf0090dc4ff77ea09a430708,True,8,7,0,0,0,0.0,0,0,0,0,0,0,0,0,False,0,,0,
analytics/csv/contract__power-energy-efficiency-analytics__power-vs-bler.csv,1038,f6613393c93b16266ac5ea0114d3bf80d160ff154c8314e5d59049dbcd49813c,True,8,7,0,0,0,0.0,0,0,0,0,0,0,0,0,False,0,,0,
analytics/csv/contract__power-energy-efficiency-analytics__power-vs-throughput.csv,1104,9139620dace9c81031770f915805e7701aebcd90d1239cadd3a07dc8ab32a53f,True,8,7,0,0,0,0.0,0,0,0,0,0,0,0,0,False,0,,0,
analytics/csv/contract__power-energy-efficiency-analytics__sleep-idle-active-state-occupancy.csv,371,8ce297fa5eb26681a4b5a2ed9c768f305a1f5ef224c88da5f6b0868657de8429,True,2,8,0,0,0,0.0,0,0,0,0,0,0,0,0,False,0,,0,
analytics/csv/contract__random-access-prach-analytics__access-latency.csv,676,09cf05895b252974da333eda663b17180d74f2090487dfd69728512cb3243126,True,1,26,0,0,2,0.07692307692307693,0,0,0,0,0,0,0,0,False,0,,0,
analytics/csv/contract__random-access-prach-analytics__detection-rate.csv,246,05f91cc88bdb079c4ac5ce53b23491853b98ffd805c2cd126d1d00608ec212ff,True,1,10,0,0,1,0.1,0,0,0,0,0,0,0,0,False,0,,0,
analytics/csv/contract__random-access-prach-analytics__false-alarm-rate.csv,247,471fdb481bd652bb00336d64fb3ed1d0ec948e4b700864a2b5e9e686d065e870,True,1,10,0,0,1,0.1,0,0,0,0,0,0,0,0,False,0,,0,
analytics/csv/contract__random-access-prach-analytics__missed-detection-rate.csv,252,38b4c392b7a5d84d3703ae18c25902edbdee71ba1a6f3748e087bc27f7281a0a,True,1,10,0,0,1,0.1,0,0,0,0,0,0,0,0,False,0,,0,
analytics/csv/contract__random-access-prach-analytics__preamble-root-cyclic-shift-usage-summary.csv,702,5c4b35d992cb5765c5d477f1240fc684b9761f1c780944f06593e4b79147531f,True,1,26,0,0,2,0.07692307692307693,0,0,0,0,0,0,0,0,False,0,,0,
analytics/csv/contract__random-access-prach-analytics__retry-count-distribution.csv,686,fb2e9f24ec9aca4adbd1c4e886353d2061f7441b5e3d1b1bd536e4b94dd6ef38,True,1,26,0,0,2,0.07692307692307693,0,0,0,0,0,0,0,0,False,0,,0,
analytics/csv/contract__random-access-prach-analytics__timing-advance-distribution.csv,689,e99621a2b7f4ac14fab3046c678a5e7b4692682ee6b2639367761917888689a8,True,1,26,0,0,2,0.07692307692307693,0,0,0,0,0,0,0,0,False,0,,0,
analytics/csv/contract__resource-grid-re-occupancy-analytics__csi-rs-map.csv,2560,8d072638c382f0d0b9b27ce15c4d788dbda14e7fd1efdf42f92c294cc5d6a5bb,True,25,11,0,0,0,0.0,0,0,0,0,0,0,0,0,False,0,,0,
analytics/csv/contract__resource-grid-re-occupancy-analytics__dmrs-ptrs-occupancy-map.csv,1037,f54711dcf2fa4b31216fa0083dc4d2111906d28c2eb159a2c7603e62aa04f7cb,True,8,12,0,0,0,0.0,0,0,0,0,0,0,0,0,False,0,,0,
analytics/csv/contract__resource-grid-re-occupancy-analytics__pbch-ssb-map.csv,1305,5c6626aa21a49bcd5007b409a4ae4742405976abe4360a57237bc6488051299a,True,16,8,0,0,0,0.0,0,0,12,0,0,0,0,0,False,0,,0,
analytics/csv/contract__resource-grid-re-occupancy-analytics__pdcch-map.csv,718,711a36fab239fd4f39164851208bf383a8490ed9f6e5768a02c868090ed5ac45,True,8,8,0,0,0,0.0,0,0,0,0,0,0,0,0,False,0,,0,
analytics/csv/contract__resource-grid-re-occupancy-analytics__pdsch-map.csv,14144,60c632be42dfb29c1a484243c7f526b48211baa139e8abb42fc024f55bd951a4,True,150,8,0,0,0,0.0,0,0,0,0,0,0,0,0,False,0,,0,
analytics/csv/contract__resource-grid-re-occupancy-analytics__prach-opportunity-map.csv,683,bd265819e46c5569a7be4c0c90d909cffef52cdc6e960a05096201e9be6d4cdd,True,1,26,0,0,2,0.07692307692307693,0,0,0,0,0,0,0,0,False,0,,0,
analytics/csv/contract__resource-grid-re-occupancy-analytics__prb-heatmap.csv,12194,18a254286420551c8d108238d8c3f16889be1b69e3ef9b307cb59cd0bc1e9943,True,150,8,0,0,0,0.0,0,0,0,0,0,0,0,0,False,0,,0,
analytics/csv/contract__resource-grid-re-occupancy-analytics__pucch-map.csv,1016,d8fbe8c5e5da5401d1cbc2407e76337c3c9d98c2777f655197c89b8cb2cb8778,True,12,8,0,0,0,0.0,0,0,8,0,0,0,0,0,False,0,,0,
analytics/csv/contract__resource-grid-re-occupancy-analytics__pusch-map.csv,4084,e971eb2b7481fb553772908ae044c9643770d7d16fc83fc64c9e500aecdae3b7,True,50,8,0,0,0,0.0,0,0,0,0,0,0,0,0,False,0,,0,
analytics/csv/contract__resource-grid-re-occupancy-analytics__re-occupancy-heatmap.csv,306163,91564af3afcd08354b46ecaad8ea9aca5127571392418cdccc4db2facc292d99,True,2818,12,0,0,0,0.0,0,0,0,0,0,0,0,0,False,0,,0,
analytics/csv/contract__resource-grid-re-occupancy-analytics__srs-map.csv,291,18a94620e66932606c3db0f2b7de3f506332d5da8f821cd3e013429fd32fd592,True,2,9,0,0,0,0.0,0,0,0,0,0,0,0,0,False,0,,0,
analytics/csv/contract__runtime-compute-complexity-parallelism-analytics__block-execution-time.csv,2708,3de941e0fe1aa05a45a0e45a54c9bd54002f867c63e1ded6d18a145a52be8a97,True,20,8,0,0,0,0.0,0,0,0,0,0,0,0,0,False,0,,0,
analytics/csv/contract__runtime-compute-complexity-parallelism-analytics__compute-latency.csv,1376,e171db6f0d32fa8f143fc15613f3525eba2e594dd6c7499bf3aee8d642f76ecd,True,16,6,0,0,0,0.0,0,0,0,0,0,0,0,0,False,0,,0,
analytics/csv/contract__runtime-compute-complexity-parallelism-analytics__decode-latency.csv,729,53968ee118a29451d71fb5c2af98cbc28e55e77ad4f9972beff3e192a3022e55,True,8,6,0,0,0,0.0,0,0,0,0,0,0,0,0,False,0,,0,
analytics/csv/contract__runtime-compute-complexity-parallelism-analytics__decoder-complexity-units.csv,704,b3f36e60a7726f58b8425a33107cc90fad1d50f4064ddb68a214efd1b2288e13,True,2,15,0,0,4,0.13333333333333333,0,0,0,0,0,0,0,0,False,0,,0,
analytics/csv/contract__runtime-compute-complexity-parallelism-analytics__dropped-row-duplicate-write-analytics.csv,165280,e034bb59379bbb159a33c573e0af39e8c8b03fa1922f48ccc76450a39050befb,True,1550,7,0,0,0,0.0,0,0,0,0,0,0,0,0,False,0,,0,
analytics/csv/contract__runtime-compute-complexity-parallelism-analytics__end-to-end-latency.csv,2668,4816993a78826fc62a0cc781df8acfee79e61a3c94e0ada6fc09dd8ffa707ede,True,20,8,0,0,0,0.0,0,0,0,0,0,0,0,0,False,0,,0,
analytics/csv/contract__runtime-compute-complexity-parallelism-analytics__latency-cdf.csv,3828,4fba328cb130a94bb3a74f29df13ae3a4ff45b738cd1c1d3626aefd8006d723c,True,26,11,0,0,0,0.0,0,0,0,0,0,0,0,0,False,0,,0,
analytics/csv/contract__runtime-compute-complexity-parallelism-analytics__normalized-decoder-complexity.csv,740,d1880c27b69265a7fab5aa765647ea3d1d032ce56725d38cef5f199663a02a7a,True,2,15,0,0,4,0.13333333333333333,0,0,0,0,0,0,0,0,False,0,,0,
analytics/csv/contract__runtime-compute-complexity-parallelism-analytics__stage-latency.csv,2568,a2f15720747398cb2ebb44875620f49b2908add5a1a9a7d90098a524db69553d,True,20,8,0,0,0,0.0,0,0,0,0,0,0,0,0,False,0,,0,
analytics/csv/contract__spectrum-psd-papr-analytics__clipping-event-histogram.csv,426,27e4cf7356e376c7dcb2123002bf41acb6186a2d1794144268313624fba7edf9,True,1,15,0,0,2,0.13333333333333333,0,0,0,0,0,0,0,0,False,0,,0,
analytics/csv/contract__spectrum-psd-papr-analytics__occupied-bandwidth.csv,194,721cacb90ac466ebeb7926e67a51288381ca76a5b292d4f983c52ed8b5b45370,True,1,7,0,0,0,0.0,0,0,0,0,0,0,0,0,False,0,,0,
analytics/csv/contract__spectrum-psd-papr-analytics__out-of-band-spectral-summaries-if-measurable.csv,220,bec3fa919d2c27de8fa21eb9321b8c53da40ea031f006777dfb54b5de2c40800,True,1,7,0,0,0,0.0,0,0,0,0,0,0,0,0,False,0,,0,
analytics/csv/contract__spectrum-psd-papr-analytics__papr-histogram-cdf.csv,931,8641881f6cb20d3baa86f91849b85d7628af934d36d63bba7c9805c1bcd954a6,True,8,9,0,0,0,0.0,0,0,0,0,0,0,0,0,False,0,,0,
analytics/csv/contract__spectrum-psd-papr-analytics__power-spectral-comparison-before-after-impairment.csv,75858,96e6b62e7be58fc0ca2776b97c214fd9dc0de4be81c98ee8af74cfe8ccd2fb0a,True,512,7,0,0,0,0.0,0,0,0,0,0,0,0,0,False,0,,0,
analytics/csv/contract__spectrum-psd-papr-analytics__psd.csv,52306,bcf84f4d4a2f92e1eaacc27681bb73a620582dee09f10f8f1e1c46f408b0171b,True,512,7,0,0,0,0.0,0,0,0,0,0,0,0,0,False,0,,0,
analytics/csv/contract__throughput-goodput-spectral-efficiency-analytics__fairness-index-trend.csv,428,cc5404a3006438e8bd47664108a58c9da6e2ee9f95a7f74d5032359b0f9ce487,True,3,8,0,0,0,0.0,0,0,0,0,0,0,0,0,False,0,,0,
analytics/csv/contract__throughput-goodput-spectral-efficiency-analytics__goodput-over-time.csv,1732,2953c627685b133fe9885b462a84dc118227424f79c883cc36f2209ad418276b,True,8,15,0,0,0,0.0,0,0,0,0,0,0,0,0,False,0,,0,
analytics/csv/contract__throughput-goodput-spectral-efficiency-analytics__goodput-vs-retransmissions.csv,440,8876330cf32cec71bff276d14a42a1984f9b83ca33d9aae893c341585f379f9c,True,1,15,0,0,2,0.13333333333333333,0,0,0,0,0,0,0,0,False,0,,0,
analytics/csv/contract__throughput-goodput-spectral-efficiency-analytics__goodput.csv,251,f289da01c21d56924e3797470312e010b9bc56fea018b93a6b6071fcc8ccb5fa,True,2,7,0,0,0,0.0,0,0,0,0,0,0,0,0,False,0,,0,
analytics/csv/contract__throughput-goodput-spectral-efficiency-analytics__offered-throughput.csv,273,bac5cda689959bb446061108ff00cb3602368a04d3a4dd468e2e2b1fe6cb4ccc,True,2,7,0,0,0,0.0,0,0,0,0,0,0,0,0,False,0,,0,
analytics/csv/contract__throughput-goodput-spectral-efficiency-analytics__per-cell-throughput.csv,173,d79b11796503ee343ffe4c6228731e769b2a821791b4157d75c4ceb471a14478,True,1,6,0,0,0,0.0,0,0,0,0,0,0,0,0,False,0,,0,
analytics/csv/contract__throughput-goodput-spectral-efficiency-analytics__per-ue-throughput.csv,181,7603eb88765c28f4b7e295eef391503af2c68739cf54a21f2d92caa1fca8213a,True,1,6,0,0,0,0.0,0,0,0,0,0,0,0,0,False,0,,0,
analytics/csv/contract__throughput-goodput-spectral-efficiency-analytics__spectral-efficiency.csv,290,62bc9efbce78fb56d5465f513cf56571a3afa1a6237706893c6ad45f5b4a3d25,True,2,7,0,0,0,0.0,0,0,0,0,0,0,0,0,False,0,,0,
analytics/csv/contract__throughput-goodput-spectral-efficiency-analytics__throughput-over-time.csv,1780,8d1e18845d2a81e00ebac2c7ae5b65ccfb96dec62f4a9df8b59007da3b432c0c,True,8,15,0,0,0,0.0,0,0,0,0,0,0,0,0,False,0,,0,
analytics/csv/contract__throughput-goodput-spectral-efficiency-analytics__throughput-vs-load.csv,197,241f0ac79c2a6cf517d7536d964b7921d9be7bba7accfe22c1924add656f9e35,True,1,6,0,0,0,0.0,0,0,0,0,0,0,0,0,False,0,,0,
analytics/csv/contract__throughput-goodput-spectral-efficiency-analytics__throughput-vs-sinr.csv,818,6c354ca565fe4150af46e132dde6c765b99f5ad77c785894552747a598ddb3aa,True,8,6,0,0,0,0.0,0,0,0,0,0,0,0,0,False,0,,0,
analytics/csv/contract__throughput-goodput-spectral-efficiency-analytics__throughput-vs-snr.csv,1116,7ad426317d88667992fd0afe4f7c5b2aad8edbde8bb4856c51da1b571af2a036,True,8,6,0,0,0,0.0,0,0,0,0,0,0,0,0,False,0,,0,
analytics/csv/contract__throughput-goodput-spectral-efficiency-analytics__throughput.csv,257,bb0513a76cd9de84f45b5d1b74a813700046b7e300a952e601476eed593b60de,True,2,7,0,0,0,0.0,0,0,0,0,0,0,0,0,False,0,,0,
analytics/csv/contract__waveform-time-domain-analytics__magnitude-vs-sample.csv,69297,b1244fab2704019caff27507d4c2570cd4e88fdf566afb39b45a5821009e35ee,True,512,8,0,0,0,0.0,0,0,0,0,0,0,0,0,False,0,,0,
analytics/csv/contract__waveform-time-domain-analytics__phase-vs-sample.csv,66156,adec9c0dd5606437270b3c66592b554829efbccd14730fc1a705a3150c4073af,True,512,8,0,0,0,0.0,0,0,0,0,0,0,0,0,False,0,,0,
analytics/csv/contract__waveform-time-domain-analytics__post-channel-waveform.csv,1270391,fa5c90350cbb4bfebad509285d41503569d5a9cdbab1a46a7857d7e61c170dfb,True,4096,18,0,0,4096,0.05555555555555555,4096,0,0,0,0,0,0,0,False,0,,0,
analytics/csv/contract__waveform-time-domain-analytics__post-impairment-waveform.csv,1316909,90923491dd234f7f1d2c8c4838e719f1dadecca87b5dc286727004b149fc6929,True,4096,18,0,0,4096,0.05555555555555555,4096,0,0,0,0,0,0,0,False,0,,0,
analytics/csv/contract__waveform-time-domain-analytics__power-vs-sample.csv,64040,1513929a102166c1ce44ea54873a9e33c331d7a400b0fb31898b7ed298111e08,True,512,8,0,0,0,0.0,0,0,0,0,0,0,0,0,False,0,,0,
analytics/csv/contract__waveform-time-domain-analytics__pre-channel-waveform.csv,1219487,506262cabef48e9267ce982842cf344059cc9e610f237cf680d9cbb5edf00b23,True,4096,18,0,0,4096,0.05555555555555555,4096,0,0,0,0,0,0,0,False,0,,0,
analytics/csv/contract__waveform-time-domain-analytics__rx-waveform.csv,60683,2413454f761b54cff19f167946fb4e41350e8185c8eebb5c1554825210ac34d3,True,512,8,0,0,0,0.0,0,0,0,0,0,0,0,0,False,0,,0,
analytics/csv/contract__waveform-time-domain-analytics__stage-overlay-plots.csv,2511626,86e6ecac9fdf8ef2ea2d19002d77915fb6a728f38eb3d46bf75e5833228ea622,True,8192,18,0,0,8192,0.05555555555555555,8192,0,0,0,0,0,0,0,False,0,,0,
analytics/csv/contract__waveform-time-domain-analytics__tx-waveform.csv,60154,b29d24eab5d769cf69c7a1423feb70063f7dcf82e3724b33af83b1287c1a33dc,True,512,8,0,0,0,0.0,0,0,0,0,0,0,0,0,False,0,,0,
analytics/csv/contract__waveform-time-domain-analytics__ue-wise-link-wise-waveform-comparison.csv,4019391,4f07ee3ec3feedf471cbaa1d460868b88ad5e6803d7932208859aca38f7a60c1,True,12288,18,0,0,12288,0.05555555555555555,12288,0,0,0,0,0,0,0,False,0,,0,
analytics/csv/control_decode_analytics.csv,9819,38aa9e9d17139b4a25f5ba846e776fe12c2606e341b8d594c1630ce60c321027,True,48,14,0,0,31,0.046130952380952384,0,0,0,0,0,0,0,0,False,0,,0,
analytics/csv/cqi_mcs_consistency_analytics.csv,3506,b4e27b477c2302966258c7c7aecd874787847991e886f3eb027293fa0ce3d655,True,8,27,0,0,0,0.0,0,0,0,0,0,0,0,0,False,0,,0,
analytics/csv/decoder_analytics.csv,14095,ae9b80297d63b9623fc72de1271fcaf00e29915d8eafd36d6e919a8aec1fe53a,True,66,14,0,0,60,0.06493506493506493,4,0,0,0,14,0,0,0,False,0,,0,
analytics/csv/detection_analytics.csv,9819,38aa9e9d17139b4a25f5ba846e776fe12c2606e341b8d594c1630ce60c321027,True,48,14,0,0,31,0.046130952380952384,0,0,0,0,0,0,0,0,False,0,,0,
analytics/csv/determinism_analytics.csv,113047,14e1b40aa3e6c0b70d9036d2f829ac1b53d45605e84c9049d8edeb943851b16f,True,112,40,0,0,252,0.05625,0,0,0,0,0,0,1,0,False,0,,0,
analytics/csv/energy_efficiency_analytics.csv,5918,371f911c69a6d0c60c77a02c3973cbe1e4b1ea6bdbeacc3b9c417516ca37d7d0,True,4,67,0,0,62,0.23134328358208955,54,0,0,0,0,0,0,0,False,0,,0,
analytics/csv/error_rate_analytics.csv,233259,ecf2766298dca0f14f3f56769a0021b13fceed465c4ca18d671a623ece2041f3,True,6,807,0,0,85,0.01755472945064023,73,0,0,0,24,0,0,0,False,0,,0,
analytics/csv/evm_analytics.csv,233259,ecf2766298dca0f14f3f56769a0021b13fceed465c4ca18d671a623ece2041f3,True,6,807,0,0,85,0.01755472945064023,73,0,0,0,24,0,0,0,False,0,,0,
analytics/csv/export_consistency_analytics.csv,37131,9c1b71203a0e81fe6f4ee9b1838d084a702ba5cbe0fb186c7a8764e70642e26e,True,112,11,0,0,4,0.003246753246753247,0,0,0,0,0,0,0,0,False,0,,0,
analytics/csv/fairness_analytics.csv,551,54abceb136536280c350313270e64248457011033fa5e71399212f570af9edc0,True,3,13,0,0,0,0.0,0,0,0,0,0,0,0,0,False,0,,0,
analytics/csv/goodput_analytics.csv,233259,ecf2766298dca0f14f3f56769a0021b13fceed465c4ca18d671a623ece2041f3,True,6,807,0,0,85,0.01755472945064023,73,0,0,0,24,0,0,0,False,0,,0,
analytics/csv/harq_analytics.csv,2369,6e10074d9048065f9050dc1e03712447418d34d4a4aa4986f00e602da71c5ede,True,4,25,0,0,0,0.0,0,0,0,0,0,0,0,0,False,0,,0,
analytics/csv/harq_process_analytics.csv,2369,6e10074d9048065f9050dc1e03712447418d34d4a4aa4986f00e602da71c5ede,True,4,25,0,0,0,0.0,0,0,0,0,0,0,0,0,False,0,,0,
analytics/csv/impairment_analytics.csv,1693,3d43756d22d3627e5d5199d987ecffff21ea55d32bd05240660ac758f0f6be81,True,3,25,0,0,0,0.0,0,0,0,0,0,0,0,0,False,0,,0,
analytics/csv/link_adaptation_analytics.csv,3506,b4e27b477c2302966258c7c7aecd874787847991e886f3eb027293fa0ce3d655,True,8,27,0,0,0,0.0,0,0,0,0,0,0,0,0,False,0,,0,
analytics/csv/measurement_feedback_analytics.csv,3506,b4e27b477c2302966258c7c7aecd874787847991e886f3eb027293fa0ce3d655,True,8,27,0,0,0,0.0,0,0,0,0,0,0,0,0,False,0,,0,
analytics/csv/mimo_analytics.csv,1057,5a2a5eca1df0794a6920b1458575cb70c8a4a47003c8769e7e1bba756c87f41c,True,2,17,0,0,0,0.0,0,0,0,0,0,0,0,0,False,0,,0,
analytics/csv/mobility_analytics.csv,39166,653f4e3bae4d825a099c43c94c27cd4517e0f26d703049497db8d34a6910c21e,True,25,72,0,0,140,0.07777777777777778,140,0,0,0,8,0,0,0,False,0,,0,
analytics/csv/papr_analytics.csv,11845,b652898aa77a6786680d1da96858658a2521d6d4cfec09216a2682723393492e,True,57,14,0,0,54,0.06766917293233082,3,0,0,0,0,0,0,0,False,0,,0,
analytics/csv/parallelism_analytics.csv,6707,1debf3ba4e63471fff99121a10bff9da79aaea56bdc1d7b86c087301f5ac995f,True,2,112,0,0,0,0.0,0,0,0,0,0,0,0,0,False,0,,0,
analytics/csv/power_analytics.csv,4593,47f6f0f45b089a2da200728569d14b563aacbdd7582a88634460eb01b67b69fb,True,4,71,0,0,34,0.11971830985915492,34,0,0,0,0,0,0,0,False,0,,0,
analytics/csv/prach_analytics.csv,335,71e7104856af387d5d14b7fde3551a51f31c41a1528a717fa755fc6931553d88,True,1,16,0,0,0,0.0,0,0,0,0,0,0,0,0,False,0,,0,
analytics/csv/precoder_analytics.csv,9341,b287b6bf369d26154134a7af8eb69c2f9ab363a63e350df9fea417283b796530,True,8,53,0,0,0,0.0,0,0,0,0,0,0,0,0,False,0,,0,
analytics/csv/propagation_analytics.csv,4610,2a0c292d278d29d441298eb3ca561e8d4f72c622a22bcb486a1907e44575d21b,True,8,21,0,0,2,0.011904761904761904,2,0,0,0,0,0,0,0,False,0,,0,
analytics/csv/random_access_analytics.csv,17402,c66b3b18057df393be55ec6193800953d30cc50d570f88df35fb84b1e9d259d8,True,51,14,0,0,10,0.014005602240896359,1,0,0,0,0,0,0,0,False,0,,0,
analytics/csv/random_access_detection_analytics.csv,335,71e7104856af387d5d14b7fde3551a51f31c41a1528a717fa755fc6931553d88,True,1,16,0,0,0,0.0,0,0,0,0,0,0,0,0,False,0,,0,
analytics/csv/regression_analytics.csv,209,71722ef4da696ad0305f68845ae10f387465028843240d82fea1f218b2676236,True,1,4,0,0,0,0.0,0,0,0,0,0,0,0,1,False,0,,0,
analytics/csv/regression_baseline_view.csv,3012,97eae7118b5a69bd7728fd419e30c0798713957191d8428100b4afe35a252c1b,True,1,58,0,0,0,0.0,0,0,0,0,0,0,0,0,False,0,,0,
analytics/csv/regression_candidate_view.csv,3012,97eae7118b5a69bd7728fd419e30c0798713957191d8428100b4afe35a252c1b,True,1,58,0,0,0,0.0,0,0,0,0,0,0,0,0,False,0,,0,
analytics/csv/regression_delta_view.csv,209,71722ef4da696ad0305f68845ae10f387465028843240d82fea1f218b2676236,True,1,4,0,0,0,0.0,0,0,0,0,0,0,0,1,False,0,,0,
analytics/csv/resource_grid_analytics.csv,3080492,ccc92bdecf22bb438b5d60c02ff6f820a439f6beb5a5d8fc7b6901382b65330d,True,3872,34,0,0,3392,0.025765678172095283,3392,0,0,0,0,0,0,0,False,0,,0,
analytics/csv/runtime_latency_analytics.csv,2369,6e10074d9048065f9050dc1e03712447418d34d4a4aa4986f00e602da71c5ede,True,4,25,0,0,0,0.0,0,0,0,0,0,0,0,0,False,0,,0,
analytics/csv/runtime_power_analytics.csv,8277,00003a0a5917a9bb32968ed854d2b5b76a8db19408f32d467cf95ef13235a94f,True,6,81,0,0,67,0.13786008230452676,53,0,0,0,0,0,0,0,False,0,,0,
analytics/csv/schema_drift_analytics.csv,33742,50ef8fef56170309a1ef1fda1c3a43a2624e98ae02acd2472a2b332ec358aa01,True,76,17,0,0,2,0.0015479876160990713,0,0,0,0,19,0,2,0,False,0,,0,
analytics/csv/selection_reselection_analytics.csv,39166,653f4e3bae4d825a099c43c94c27cd4517e0f26d703049497db8d34a6910c21e,True,25,72,0,0,140,0.07777777777777778,140,0,0,0,8,0,0,0,False,0,,0,
analytics/csv/sleep_state_analytics.csv,6774,a98ed6a0644e1e9492c5a3c456a6476da56629257434bcfa2d1ef788b39c2a6e,True,5,65,0,0,73,0.2246153846153846,63,0,0,0,0,0,0,0,False,0,,0,
analytics/csv/soft_buffer_analytics.csv,2369,6e10074d9048065f9050dc1e03712447418d34d4a4aa4986f00e602da71c5ede,True,4,25,0,0,0,0.0,0,0,0,0,0,0,0,0,False,0,,0,
analytics/csv/spectral_efficiency_analytics.csv,13061,aae1334ec1e1b42ac54bf4a1c865e5e3e5db1c2d72e04fa27c24c7de76cb113b,True,51,14,0,0,26,0.036414565826330535,5,0,0,0,0,0,0,0,False,0,,0,
analytics/csv/spectrum_analytics.csv,11845,b652898aa77a6786680d1da96858658a2521d6d4cfec09216a2682723393492e,True,57,14,0,0,54,0.06766917293233082,3,0,0,0,0,0,0,0,False,0,,0,
analytics/csv/symbol_throughput_analytics.csv,82099,876c87d4ecf2e7e715974b6c32f8d61b8203eb61e78d6fb402aa6e6963cf0065,True,364,27,0,0,1256,0.1277981277981278,1256,0,0,0,0,0,0,0,False,0,,0,
analytics/csv/throughput_analytics.csv,233259,ecf2766298dca0f14f3f56769a0021b13fceed465c4ca18d671a623ece2041f3,True,6,807,0,0,85,0.01755472945064023,73,0,0,0,24,0,0,0,False,0,,0,
analytics/csv/time_profile_analytics.csv,26942,c75882838b50f9879102f63e576337121590e1ab9c98a7dde99a56f8cf8b4de8,True,74,13,0,0,8,0.008316008316008316,8,0,0,0,2,0,0,0,False,0,,0,
analytics/csv/tracking_analytics.csv,8979,8b9c404a2b0c9f7bbf259efaa6b85c309ee44abb87bff927d87d98d27f8043b9,True,31,29,0,0,151,0.16796440489432704,151,0,0,0,0,0,0,0,False,0,,0,
analytics/csv/truth_policy_analytics.csv,2730,43d4cf09c223bed9e7e01aed8d40217304078633150f02e855742cd3ba4ced5d,True,1,94,0,0,0,0.0,0,0,0,0,0,0,1,0,False,0,,0,
analytics/csv/user_grouping_analytics.csv,1339,8987fcf40b8ab5e134a4f3280b2af1feceea72cf0f666fb90446a371e01c4199,True,2,23,0,0,0,0.0,0,0,0,0,0,0,0,0,False,0,,0,
analytics/csv/waveform_analytics.csv,67747,3a6bb2f3d4cebc712e9ffff3027b71d14e92790f963234ecc3a8dd5797fd8fb2,True,256,17,0,0,0,0.0,0,0,0,0,0,0,0,0,False,0,,0,
analytics/csv/waveform_comparison_analytics.csv,1549,5ee3a4f39ee78cf4345324ce349a64d05ceeeffdefe55b56acd48fa75661563e,True,4,25,0,0,4,0.04,4,0,0,0,0,0,0,0,False,0,,0,
analytics/csv/waveform_stage_overlay_analytics.csv,45833,758b9ff4d933f3560523bf0315111acff59fb861a10258cced25bcbb5e362320,True,8,262,0,0,6,0.0028625954198473282,6,0,0,0,32,0,0,0,False,0,,0,
artifact_generation/artifact_generation_results.csv,1445,3b6df0dd9e1a64464e3bdbe951b16f27eb4e2cd69c0159ac3c27925aee844f5e,True,3,20,0,0,3,0.05,0,0,0,0,0,0,0,0,False,0,,0,
artifact_generation/artifact_generation_summary.csv,345,3df1f485915fb454d10688052d222e44cc8f7caf83df7bbdead7323f9fe08e3f,True,3,13,0,0,0,0.0,0,0,0,0,0,0,0,0,False,0,,0,
artifact_generation/canonical_component_manifest.csv,1605,95a75c919763074e1137732d5c33d8c5e24c26c0578823cd609f5a1e739f02e5,True,3,21,0,0,3,0.047619047619047616,0,0,0,0,0,0,0,0,False,0,,0,
artifact_generation/contract_catalog_snapshot.csv,2331,1fe5ebf29fbbbc1323b79c09a8c14cdb21b87e83dad68202e458ed53ef1f44d8,True,3,27,0,0,18,0.2222222222222222,0,0,0,0,0,0,0,0,False,0,,0,
beamforming/csv/antenna_array_config.csv,1300,1ef4e5fd0ad3d9e5a0ec47b10cee6feaabfc8cc3b9617997e8c25814b6bb16ab,True,2,30,0,0,2,0.03333333333333333,0,0,0,0,0,0,0,0,False,0,,0,
beamforming/csv/antenna_pattern_samples.csv,2469563,f950d3e34b6db62601343062700da898e2bd5d4f3bfc825b7d68c417ed6fd60d,True,5402,21,0,0,5402,0.047619047619047616,5402,0,0,0,0,0,0,0,False,0,,0,
beamforming/csv/antenna_port_mapping.csv,672,9b4ed836d6529d38964b047599a55dea490e4e6599f941a2756e618829cab57a,True,2,14,0,0,2,0.07142857142857142,0,0,0,0,0,0,0,0,False,0,,0,
beamforming/csv/beam_codebook.csv,475,3c1537654d54f9594956a0bde45d4967b404f4b4b6fa333a63e5b11186f085da,True,2,7,0,0,2,0.14285714285714285,2,0,0,0,0,0,0,0,False,0,,0,
beamforming/csv/beam_management_event_trace.csv,1607,dc62eca25d8ecbd88027cf28efc101160345011a3c0ff684adeeab99912e8e67,True,8,27,0,0,14,0.06481481481481481,14,0,0,0,0,0,0,0,False,0,,0,
beamforming/csv/beam_management_state_trace.csv,2012,cc46afdfaab45478f1bc77c9c2ec9a275db752eea6ca306683830820da39b63b,True,8,30,0,0,20,0.08333333333333333,20,0,0,0,0,0,0,0,False,0,,0,
beamforming/csv/beam_precoder_table.csv,9946,96cd53fefb1ed9437c916c4ce2c455c798d172930ee8768d34f67707255abec1,True,8,64,0,0,94,0.18359375,6,0,0,0,0,0,0,0,False,0,,0,
beamforming/csv/beam_score_trace.csv,3442,1773c771d172062c6d2198f690bdcb1a8e1cc1dbc008142e7e77fa71eca1bc2e,True,8,38,0,0,16,0.05263157894736842,16,0,0,0,0,0,0,0,False,0,,0,
beamforming/csv/beam_sweep_measurements.csv,1434,0441e6c1ae63f73f1b5d55816e5dda16412e13e9f6b3107318b48da2b0620c17,True,8,9,0,0,14,0.19444444444444445,0,0,0,0,0,0,0,0,False,0,,0,
beamforming/csv/beamforming_analytics_table.csv,1565,adf82f95af51690e1bb91260bb7d727c586ae7e5f508b7082db21a2f95b0c2bd,True,2,36,0,0,27,0.375,23,0,0,0,0,0,0,0,False,0,,0,
beamforming/csv/mimo_config_strict.csv,2033,d8bb4718b1feae08b7ec858779a2c7501beb82efca7083ce1bdbeac9f2fcb59b,True,2,57,0,0,25,0.21929824561403508,1,0,0,0,0,0,0,0,False,0,,0,
beamforming/csv/mimo_config_validation.csv,2524,bc81776f83824afcb4751e2d0ecdf55a58abd572d7b2a88083ebed6a26510689,True,12,8,0,0,12,0.125,0,0,0,0,0,0,0,0,False,0,,0,
beamforming/csv/mimo_configured_vs_effective.csv,2009,e60968dc40ff4f8cfacd8850db1a6a92d509322998626c4054169a8adf00a3c3,True,2,58,0,0,9,0.07758620689655173,1,0,0,0,0,0,0,0,False,0,,0,
beamforming/csv/mimo_layer_metrics.csv,1296,d371e748b8a660d8849d291ac33994bec502748a554571268b9a39910220ff32,True,8,17,0,0,0,0.0,0,0,0,0,0,0,0,0,False,0,,0,
beamforming/csv/mimo_negative_trials.csv,158,34cb09f70250b5d54228c41ad4e1d6e81d2c9bab6ab1e2fd726b85ce3a38ad64,True,0,10,0,0,0,0.0,0,0,0,0,0,0,0,0,True,1,header_only_no_rows,0,
beamforming/csv/mimo_oracle_guard.csv,1062,8d0bc2d1e2cfd5786ef416e08c50add3503412ccffb0993bebb7cb101399a0dd,True,8,12,0,0,8,0.08333333333333333,0,0,0,0,0,0,0,0,False,0,,0,
beamforming/csv/mimo_primary_trial_source_reconciliation.csv,555,150a310abe06d8b57bcf860d1b50cccf577771b908ae3931e097990b4b12edf0,True,2,7,0,0,0,0.0,0,0,0,0,0,0,0,0,False,0,,0,
beamforming/csv/mimo_rank_utilization_table.csv,1333,22396bcd8020be0bd07fe2670915fd3444fadc86de8b558fc4d0f77a3635abf1,True,2,31,0,0,28,0.45161290322580644,24,0,0,0,0,0,0,0,False,0,,0,
beamforming/csv/mimo_strict_gate_summary.csv,292,70d28316a1cb4a8659cfa12cc1c829dabdba6659199a910415830509598d17f8,True,8,4,0,0,8,0.25,0,0,0,0,0,0,0,0,False,0,,0,
beamforming/csv/precoder_evidence.csv,3052,4b3fedec960fc33c7a27b8d79829f516e6fe108a7ab8d5c9d0ab5a3e52ca5753,True,8,12,0,0,8,0.08333333333333333,0,0,0,0,0,0,0,0,False,0,,0,
beamforming/csv/probe_beam_management.csv,3204,533459d9f286b375e8c33399bb258308890b6cefbb1ce5d48162007580207427,True,20,8,0,0,24,0.15,12,0,0,0,0,0,0,0,False,0,,0,
beamforming/csv/probe_beam_mimo.csv,4020,a176ee037fddd570eec28a788341fb91a04db3d99c2d0a6f2558fc76cf250c73,True,8,52,0,0,26,0.0625,26,0,0,0,0,0,0,0,False,0,,0,
beamforming/csv/rank_layer_trials.csv,10778,e41b988def25d5eda78add6a32be2ce17afea086d336dcb73d6f24ab856e6a11,True,8,128,0,0,126,0.123046875,18,0,0,0,0,0,0,0,False,0,,0,
beamforming/csv/rank_layer_usage_histogram.csv,1472,d22319dfeba0f92e070621586de078e5f54460bdd9a1835fc91ebb5ed4fe6f69,True,2,32,0,0,28,0.4375,24,0,0,0,0,0,0,0,False,0,,0,
component_anchors/channel_rf/air_interface/csv/downstream_channel_references.csv,784,fd5e9c62d2b83ee3bdaf42f7e7cfc89051ec178708e4ca8d814b05fa5a8912c2,True,3,12,0,0,3,0.08333333333333333,0,0,0,0,0,0,0,0,False,0,,0,
component_anchors/channel_rf/channel/csv/channel_configured_vs_applied.csv,1867,d0987b388751ff556af1a3d59a19c2743286b0726df976bbfe2c5322c39dc33a,True,10,13,0,0,4,0.03076923076923077,0,0,0,0,0,0,0,0,False,0,,0,
component_anchors/channel_rf/channel/csv/channel_realizations.csv,855,2e3f25277d4bc9e667978ad4adfaef568c608a96825bc76815b2381000f28f18,True,1,24,0,0,1,0.041666666666666664,0,0,0,0,0,0,0,0,False,0,,0,
component_anchors/channel_rf/channel/csv/channel_rf_config_strict.csv,662,650f3d062a3b434636317dab605245fd26e9416cce5b90bd4cc35aa4258d3f8c,True,1,24,0,0,1,0.041666666666666664,0,0,0,0,0,0,0,0,False,0,,0,
component_anchors/channel_rf/channel/csv/channel_rf_plot_lineage.csv,727,b104fb1ff5b87c78d1f781a174091a4136fb12b9ed24f78ddc5a808abd9b77d9,True,2,13,0,0,2,0.07692307692307693,0,0,0,0,0,0,0,0,False,0,,0,
component_anchors/channel_rf/channel/csv/channel_rf_strict_artifact_manifest.csv,9589,a918a292bd28f9816675b2dee0be093723ed01f77d5d3426a95a56d7075947fb,True,27,6,0,0,0,0.0,0,0,0,0,0,0,0,0,False,0,,0,
component_anchors/channel_rf/channel/csv/channel_snapshots.csv,291,343d9f5f7e72b659a632253b7bc769ae5d193e7c52d466b305d43819537b2501,True,1,9,0,0,0,0.0,0,0,0,0,0,0,0,0,False,0,,0,
component_anchors/channel_rf/channel/csv/large_scale_parameters.csv,840,b5c91d81c07816b13cfcd0f075ba6b496568ca5448b73854b7a7d447a124fb9f,True,1,30,0,0,1,0.03333333333333333,0,0,0,0,0,0,0,0,False,0,,0,
component_anchors/channel_rf/channel/csv/link_geometry.csv,424,30fb9476b223a6bd57787d71bf9398c9afc9944cff88b3a58f83151826e9c5ad,True,1,19,0,0,0,0.0,0,0,0,0,0,0,0,0,False,0,,0,
component_anchors/channel_rf/channel/csv/path_gains.csv,345,a17de40373a737cf7884fd998e9f56e7c16d1b25a13e0468506b2ec162cb4302,True,1,8,0,0,0,0.0,0,0,0,0,0,0,0,0,False,0,,0,
component_anchors/channel_rf/channel/csv/sectors.csv,224,993f11ea6932b63d5213d1b2d87f7d81963b44843b4d561b70e128ff93b3ba9e,True,1,9,0,0,0,0.0,0,0,0,0,0,0,0,0,False,0,,0,
component_anchors/channel_rf/channel/csv/sites.csv,169,6ac17a23ee4148a5d99e50c4f6f4fae4d965fd67af8ca87ca158c122e83b7826,True,1,8,0,0,0,0.0,0,0,0,0,0,0,0,0,False,0,,0,
component_anchors/channel_rf/channel/csv/ues.csv,311,b855be5a40b33e06f12641be019d8376ad2d60c587b475f67ce27e549d49bc65,True,1,13,0,0,0,0.0,0,0,0,0,0,0,0,0,False,0,,0,
component_anchors/channel_rf/interference/csv/interference_topology.csv,697,06f2cb9a10413c56f1d59d84a5ea30cd4edd5d9a417429d0e085edfe94aa3617,True,1,22,0,0,1,0.045454545454545456,0,0,0,0,0,0,0,0,False,0,,0,
component_anchors/channel_rf/reports/csv/channel_rf_cdlc_realization_table.csv,268,74a28b0d490df89d60db585ab7dfb09dc5350e7ce45c1940aef56ad7e6376e7a,True,0,20,0,0,0,0.0,0,0,0,0,0,0,0,0,True,1,header_only_no_rows,0,
component_anchors/channel_rf/reports/csv/channel_rf_configured_applied.csv,773,4f4a95b2f27b77dafaa2c9dba85cdf744edafdf1d04c1017ac1c3f905d9b8c69,True,4,13,0,0,4,0.07692307692307693,0,0,0,0,0,0,0,0,False,0,,0,
component_anchors/channel_rf/reports/csv/channel_rf_negative_trials.csv,1161,839377f50f0ab3ddc0dee672c5636d3a6bb23b3144fca25167176e1c52dc757d,True,6,9,0,0,0,0.0,0,0,0,0,0,0,0,0,False,0,,0,
component_anchors/channel_rf/reports/csv/channel_rf_per_ue_realization.csv,472,63414fcca6d596f544fdc6ce7d8694f33341ad6c5bf6ec4058ad12f743e7ba5c,True,1,16,0,0,0,0.0,0,0,0,0,0,0,0,0,False,0,,0,
component_anchors/channel_rf/reports/csv/channel_rf_strict_summary.csv,384,49b244c49f2684875d97355a110c48f5815c8ef13656641f7f35967d8463d884,True,1,16,0,0,1,0.0625,0,0,0,0,0,0,0,0,False,0,,0,
component_anchors/channel_rf/rf/csv/channel_rf_negative_trials.csv,1161,839377f50f0ab3ddc0dee672c5636d3a6bb23b3144fca25167176e1c52dc757d,True,6,9,0,0,0,0.0,0,0,0,0,0,0,0,0,False,0,,0,
component_anchors/channel_rf/rf/csv/channel_rf_oracle_guard.csv,481,7a4d54c93484568b6fbc95d75f386601456239abd73bf2f2db0df4b3b814ab0d,True,3,8,0,0,0,0.0,0,0,0,0,0,0,0,0,False,0,,0,
component_anchors/channel_rf/rf/csv/evm_impairment_measurements.csv,338,2b2b2c6ab23f47a6b8060eeb90a35c005b65235a2079ea79281c82524d5af4bf,True,1,12,0,0,1,0.08333333333333333,0,0,0,0,0,0,0,0,False,0,,0,
component_anchors/channel_rf/rf/csv/rf_impairment_chain.csv,1259,eb72d0a88ecea39fa3b6ccfea47b07bbc3f9f628956875cac1452b25f0482a79,True,1,40,0,0,1,0.025,0,0,0,0,0,0,0,0,False,0,,0,
component_anchors/channel_rf/rf/csv/thermal_noise_validation.csv,421,3a861bded6225bf7e2d9a84c3d14840faca8af1996c05f73ff8edca9dfd2cf84,True,1,14,0,0,1,0.07142857142857142,0,0,0,0,0,0,0,0,False,0,,0,
components/pdsch/csv/pdsch_bler_curve.csv,1615,a64450e0577a5574f0962d8b8ed8520786c05ef025a1e2b24b45b96b2d8b3b44,True,2,32,0,0,0,0.0,0,0,0,0,0,0,0,0,False,0,,0,
components/prach/csv/prach_detection_trials.csv,799,1f5d563dd11bbffc49befd136bc8954b819b3c326eadb2ffec92d4fe09a60e08,True,1,25,0,0,1,0.04,1,0,0,0,0,0,0,0,False,0,,0,
components/pusch/csv/pusch_bler_curve.csv,1625,67c0564e1b6789b585f6f38b4ea01f6f9d267e1b521cd132887fefe11b199408,True,2,34,0,0,0,0.0,0,0,0,0,0,0,0,0,False,0,,0,
configuration/csv/configuration_conflicts.csv,1211,1975e7c34befc08b4ea26ae9bd5d5f74bdbb9267968e7b5efa0a3c95540277ed,True,13,5,0,0,4,0.06153846153846154,0,0,0,0,0,0,0,0,False,0,,0,
configuration/csv/configuration_consumer_map.csv,1741,01a56880a6ebaedd94cf8192df9a316e6c2f6d089c8472d2481a5f9ef3350141,True,13,4,0,0,0,0.0,0,0,0,0,7,0,0,0,False,0,,0,
configuration/csv/configuration_precedence.csv,1839,836f7fedc7becdfa4031196b5d59827587661c53a24c4b4ec06cd7ceafb2b60c,True,13,5,0,0,8,0.12307692307692308,0,0,0,0,0,0,0,0,False,0,,0,
configuration/csv/resolved_channel_rf_configuration.csv,2638,240e36921d4f988e648ceae57df2174a5f7d5028bb21a66de6c447604cbf759a,True,20,7,0,0,0,0.0,0,0,0,0,0,0,0,0,False,0,,0,
control/csv/access_state_timeline.csv,659,3540d064e92f5aa35a33f4c65e651345ab6e76f2eeabd69097dabe06dc16f247,True,2,16,0,0,2,0.0625,2,0,0,0,0,0,0,0,False,0,,0,
control/csv/access_transition_ledger.csv,1415,e3ca14b68536a8dd4c75715644128514e8e2dd73cce407fd3b14497338f6bf22,True,2,38,0,0,9,0.11842105263157894,9,0,0,0,0,0,0,0,False,0,,0,
control/csv/attach_state_trace.csv,314,df1d386b3f33a9b6a998dfa752a9f21d3fead3af9e1d62ac785ead70fb98fecc,True,1,12,0,0,0,0.0,0,0,0,0,0,0,0,0,False,0,,0,
control/csv/cell_search_trials.csv,95717,205780dbd59aa82c37455bb1a8f79229538c98caddb84660e2bdf376e1679023,True,16,387,0,0,336,0.05426356589147287,336,0,0,0,32,0,0,0,False,0,,0,
control/csv/control_gating_state.csv,1947,4b6ae6b297da71704cb9660d75db78411bafad62e6182d1f5fbf4bd64bb57bcd,True,1,61,0,0,0,0.0,0,0,0,0,0,0,0,0,False,0,,0,
control/csv/control_gating_summary.csv,853,ef3a29b4b580febb444241970985dd43097556901cf01f95b0aa45bbb2581aea,True,1,30,0,0,0,0.0,0,0,0,0,0,0,0,0,False,0,,0,
control/csv/csi_feedback_reports.csv,6977,10f7d97b67e82c607948be49dc60c22964efc6bdf78a2710327b3a69a9a36c01,True,4,88,0,0,59,0.16761363636363635,31,0,0,0,0,0,0,0,False,0,,0,
control/csv/csi_rs_table.csv,10567,2e3b1587303fc5b51e7daa265d549656ae707abcc4a5b700d124f186ec5b8861,True,2,178,0,0,20,0.056179775280898875,16,0,0,0,0,0,0,0,False,0,,0,
control/csv/csi_rs_trials.csv,9174,413a05b18e5148d28b33b187f341ad5dfb21881f6ec45dec30357705192a91b7,True,2,149,0,0,0,0.0,0,0,0,0,0,0,0,0,False,0,,0,
control/csv/initial_access_lifecycle_trace.csv,5010,a7408d1823c14119d3465259514c421a518eacb56c26fb670c992306a7ea743f,True,8,33,0,0,32,0.12121212121212122,32,0,0,0,5,0,0,0,False,0,,0,
control/csv/msg1_prach_detection.csv,1761,5bfbfed89d4893cd4ced0597d80389b566f717f33da6e35eed546630d43dbfb8,True,1,60,0,0,0,0.0,0,0,0,0,0,0,0,0,False,0,,0,
control/csv/msg2_pdcch_candidates.csv,1006,7156c7cc94c890b6704794a208a07d32f54d6e51f9b7b1908957f21367546f58,True,8,12,0,0,1,0.010416666666666666,0,0,0,0,0,0,0,0,False,0,,0,
control/csv/msg2_rar_trials.csv,1104,1f2e65295f778c126658cff1cde049e1d27c3e63e71673f054b4c998f3da1192,True,1,40,0,0,1,0.025,0,0,0,0,0,0,0,0,False,0,,0,
control/csv/msg3_pusch_trials.csv,1401,baec678317c7d8a05ee291113ea07680cd1f32a46b2a066a4c3fff2ad44656af,True,1,53,0,0,1,0.018867924528301886,0,0,0,0,0,0,0,0,False,0,,0,
control/csv/msg4_contention_resolution.csv,1034,59e713f2f9a9186b3ab4b490f4f3cf061ee826975c8cf7ad7f29e20d36288431,True,1,34,0,0,1,0.029411764705882353,0,0,0,0,0,0,0,0,False,0,,0,
control/csv/msg4_trials.csv,1034,59e713f2f9a9186b3ab4b490f4f3cf061ee826975c8cf7ad7f29e20d36288431,True,1,34,0,0,1,0.029411764705882353,0,0,0,0,0,0,0,0,False,0,,0,
control/csv/pbch_recovery_trials.csv,95749,8a932641b82b0aaece9f56f4baa5822a7fc705bd1219c6e2e98c934ced7162b6,True,16,387,0,0,336,0.05426356589147287,336,0,0,0,32,0,0,0,False,0,,0,
control/csv/pbch_trials.csv,95144,a32819948a3e2abcb5dd82504a31fbe729deb457aa14c688b0f2b9d3a9360d09,True,16,386,0,0,336,0.054404145077720206,0,0,0,0,32,0,0,0,False,0,,0,
control/csv/pdcch_dci_table.csv,56895,a58d9ffd1f65ab3fba3e28a9fad4811f52af112b81938afb09969fd507d9bf54,True,8,441,0,0,106,0.030045351473922902,90,0,0,0,16,0,0,0,False,0,,0,
control/csv/pdcch_trials.csv,53034,c517c65308052f59fb509760df89d9151a395bf3af206c7994016128520d0dfa,True,8,436,0,0,202,0.05791284403669725,18,0,0,0,16,0,0,0,False,0,,0,
control/csv/pdsch_table.csv,226831,9ee23122491c4ae1235b35c8c8ffffdd2a0ce0fa983c17f1f3f3a336e19e2aff,True,6,795,0,0,184,0.03857442348008386,148,0,0,0,24,0,0,0,False,0,,0,
control/csv/prach_table.csv,15597,8621a356a8c442087e678925831305591e83072e93158c1e202bce3fe77bee63,True,1,464,0,0,11,0.023706896551724137,9,0,0,0,2,0,0,0,False,0,,0,
control/csv/prach_trials.csv,14995,c3665bbaf02e53cd406b3c2bd797003c090878405d3d3e4218f006889a3f5a13,True,1,453,0,0,17,0.037527593818984545,0,0,0,0,2,0,0,0,False,0,,0,
control/csv/pucch_table.csv,11876,615c819b48a32625c7faaf286bfd7ad7a5d608e7e729d6bc960b67fd579be857,True,2,217,0,0,24,0.055299539170506916,20,0,0,0,4,0,0,0,False,0,,0,
control/csv/pucch_trials.csv,10449,43269134d532af2156dba7ab5a8d55a7c3746abb7631bf2993ca64e7d2305c7f,True,2,190,0,0,2,0.005263157894736842,0,0,0,0,4,0,0,0,False,0,,0,
control/csv/pusch_table.csv,41949,4d3cc0bd7fa530bdb21bb5cb9532357b77815155741d7ee473c175077fb2dd1d,True,2,781,0,0,30,0.019206145966709345,26,0,0,0,8,0,0,0,False,0,,0,
control/csv/ra_attempts.csv,4969,4bf77936a714644ad6db13616f2f88092ee6397fcdd476d1e5552d1c3b7e407d,True,1,146,0,0,2,0.0136986301369863,0,0,0,0,0,0,0,0,False,0,,0,
control/csv/ra_collision_trials.csv,2,7eb70257593da06f682a3ddda54a9d260d4fc514f645237f5ca74b08f8da61a6,True,0,0,0,0,0,0.0,0,0,0,0,0,0,0,0,True,1,header_only_no_rows,1,empty_header
control/csv/ra_negative_trials.csv,2,7eb70257593da06f682a3ddda54a9d260d4fc514f645237f5ca74b08f8da61a6,True,0,0,0,0,0,0.0,0,0,0,0,0,0,0,0,True,1,header_only_no_rows,1,empty_header
control/csv/ra_oracle_guard.csv,624,96b93d7b60b28e28a56274ff087aeb014a5309e209577de57dc2dbd7a623594e,True,4,10,0,0,0,0.0,0,0,0,0,0,0,0,0,False,0,,0,
control/csv/ra_runtime_stage_waveforms.csv,5629,462bd9d192f137778043e94b62424393ea4016de519047598c07bc9144aa2895,True,5,48,0,0,3,0.0125,0,0,0,0,0,0,0,0,False,0,,0,
control/csv/ra_state_transitions.csv,1518,72472a81d549bbba1086332eaff35a9b80de51612643db73de950196ec087f4d,True,8,16,0,0,22,0.171875,9,0,0,0,3,0,0,0,False,0,,0,
control/csv/ra_timer_events.csv,644,7d0cc937be8977b6fa1be38fcae2bbf45d83d2c1b613d8e352c9ed21bff20596,True,4,12,0,0,2,0.041666666666666664,2,0,0,0,1,0,0,0,False,0,,0,
control/csv/reference_signal_measurements.csv,13910,b7131424ceb42088dfcdb920e9aed5142379632553efbf629411dcf8a68b545c,True,29,29,0,0,208,0.2473246135552913,183,0,0,0,0,0,0,0,False,0,,0,
control/csv/rrc_connection_events.csv,2017,51c0e4926ceda332d3ad2280837edc46cd2d0c4002dfd9d7626f054d837ce0af,True,8,14,0,0,8,0.07142857142857142,0,0,0,0,0,0,0,0,False,0,,0,
control/csv/rrc_setup_complete.csv,850,88cf4c08e6eaa51bea89162cfbd4085f3a29fc3a58b1a4a99d4514a5e51217df,True,1,34,0,0,1,0.029411764705882353,0,0,0,0,0,0,0,0,False,0,,0,
control/csv/sib1_rach_config_binding.csv,10106,16eabfa9072c0607702ddc619290a9953c94dfd0d91cb6e77195b395abb1a7f8,True,20,16,0,0,20,0.0625,0,0,0,0,0,0,0,0,False,0,,0,
control/csv/srs_resource_decisions.csv,2981,e279dcd8dc62e93212d0932d36d1642f2da12055f4efdf4a64e771e6a673fb3b,True,2,23,0,0,0,0.0,0,0,0,0,0,0,0,0,False,0,,0,
control/csv/srs_table.csv,17577,9da95cc1b8f0a169a7353b54d9d852e33a7760ae52a7985dca437e894e84d524,True,2,368,0,0,23,0.03125,19,0,0,0,4,0,0,0,False,0,,0,
control/csv/srs_trials.csv,16519,b2e55eb3da74dbb7cd563ec14da8e31456d6138530d6179864bae245def846f1,True,2,359,0,0,39,0.054317548746518104,1,0,0,0,4,0,0,0,False,0,,0,
control/csv/ssb_pbch_table.csv,102977,c7e884cdd71ed0eecc0adde076338f024c2efcfae7a79b9dcdb460f8e1925d62,True,16,393,0,0,176,0.027989821882951654,144,0,0,0,32,0,0,0,False,0,,0,
control/csv/timing_synchronization_table.csv,7353,6b646acde2c542fe9dcc8d703bc4852259795131605651ca47abdd524c250744,True,8,52,0,0,88,0.21153846153846154,72,0,0,0,0,0,0,0,False,0,,0,
control/csv/trs_receiver_tracking_table.csv,7162,f130d2cdec8ec914399573f69d60169063203f1cf97cbfcf7ad6d4b07388dfa4,True,5,63,0,0,60,0.19047619047619047,50,0,0,0,0,0,0,0,False,0,,0,
control/csv/trs_trials.csv,31054,23e25f7d6497703c4d0cdb54ee4df50406262bef737d288dbae06d5ac85a35dd,True,5,348,0,0,105,0.0603448275862069,0,0,0,0,10,0,0,0,False,0,,0,
frame_grid/csv/observed_re_allocation.csv,3432964,308b1f68359fc4a65ad7f379908a0ee96353aae88fd8b56b5a5e8ac29780bc8e,True,3872,47,0,0,53728,0.2952347459117285,45984,0,0,0,0,0,0,0,False,0,,0,
geometry/csv/coordinate_system.csv,213,a210a3a6379be7d8c7a7ba54ed5d14ffc795e902d7abc1722d2e0d102051dfa7,True,1,6,0,0,0,0.0,0,0,0,0,0,0,0,0,False,0,,0,
geometry/csv/geometry_validation.csv,174,6b1c294a21e93e404c08f84d645b4fed9d2964b9e27d31a9cb44f0ecd17e40b1,True,1,4,0,0,0,0.0,0,0,0,0,0,0,0,0,False,0,,0,
geometry/csv/serving_cell_assignment.csv,3003,492e8afdd10ee4817e3dbf243a47135d7da411c272ecd50ca47b05105d6b8118,True,25,9,0,0,0,0.0,0,0,0,0,0,0,0,0,False,0,,0,
geometry/csv/site_positions.csv,54,aa09d236d713da65a4f9c47ddd96d5c3a9773a6d2a00e61fc802ab89d3e774d3,True,1,6,0,0,0,0.0,0,0,0,0,0,0,0,0,False,0,,0,
geometry/csv/topology_nodes.csv,391,79707ce1205aa114c689ee286af28f9cf8690802de095a1766632a94a123a6ab,True,2,15,0,0,10,0.3333333333333333,10,0,0,0,0,0,0,0,False,0,,0,
geometry/csv/trajectory_geometry.csv,8657,b914c41410c9b2e8ab86668d0958cc635249d3d5652652448d6fd12c6081fd64,True,25,29,0,0,0,0.0,0,0,0,0,0,0,0,0,False,0,,0,
geometry/csv/ue_initial_positions.csv,160,a736f1202ea5e26d4e71ee7064af2dae7c6fc819cccfe32247139b8bd7ed094e,True,1,7,0,0,0,0.0,0,0,0,0,0,0,0,0,False,0,,0,
harq/csv/harq_process_timeline.csv,5573,029719c36b139530383251141b276a73e335f13bff05264c6be57be5d975f64f,True,8,42,0,0,0,0.0,0,0,0,0,0,0,0,0,False,0,,0,
harq/csv/live_harq_observation_summary.csv,541,817c15a2e5672fa2e4c727f0bfa50202d1bec5be1b2f2ae6fcd50dc63297db40,True,2,13,0,0,0,0.0,0,0,0,0,0,0,0,0,False,0,,0,
harq/csv/live_harq_observation_timeline.csv,2485,0bd7825168e064cb25e4c1d19fcf9dde003841e8278eed41bfaca423df1a9376,True,8,31,0,0,10,0.04032258064516129,10,0,0,0,0,0,0,0,False,0,,0,
harq/csv/probe_harq_packets.csv,5573,029719c36b139530383251141b276a73e335f13bff05264c6be57be5d975f64f,True,8,42,0,0,0,0.0,0,0,0,0,0,0,0,0,False,0,,0,
harq/csv/probe_harq_summary.csv,11845,2aabf7ae648bb043b0b06df33af64c09734e913369a3d1565d29d685ee679a5d,True,38,11,0,0,12,0.028708133971291867,12,0,0,0,0,0,0,0,False,0,,0,
meta/scenario_source_chain.csv,5081,e5597ebfb85e48ea882e5c4646f8edf495e897ce57a78804cb8a06899d938591,True,20,4,0,0,0,0.0,0,0,0,0,0,0,0,0,False,0,,0,
mobility/csv/channel_continuity_reconciliation.csv,291,757332eaede8b70e703ee92897878f519a2b91b147bbcc2d27b2993293f51691,True,1,13,0,0,1,0.07692307692307693,0,0,0,0,0,0,0,0,False,0,,0,
mobility/csv/doppler_reconciliation.csv,3812,0353d304b8f9bb034028bb432e930ebbdddc7ea9605548cbd3880568c6d18c1a,True,25,13,0,0,0,0.0,0,0,0,0,0,0,0,0,False,0,,0,
mobility/csv/inter_ue_distance_validation.csv,100,40ddc03b0409a4ff55eadc3555fa15a7d7429d4162e688ef5eda29c9d611c0a4,True,0,7,0,0,0,0.0,0,0,0,0,0,0,0,0,True,1,header_only_no_rows,0,
mobility/csv/pathloss_reconciliation.csv,4013,2b730beed11fd4a929adf087806f3d799ac55241703582a02015582070dc5ce9,True,25,17,0,0,0,0.0,0,0,0,0,0,0,0,0,False,0,,0,
mobility/csv/propagation_delay_reconciliation.csv,4406,7d18cf60edbfe6ebda78cff65ac8b7dfd60deaec918697dacc6530e99a24402a,True,25,11,0,0,0,0.0,0,0,0,0,0,0,0,0,False,0,,0,
mobility/csv/trajectory_constraint_conflicts.csv,85,18d74d836844ae3d2a2c38e0eb9da46d57b89549e465fd68881cfcdfe7d07820,True,0,5,0,0,0,0.0,0,0,0,0,0,0,0,0,True,1,header_only_no_rows,0,
mobility/csv/trajectory_resolution.csv,225,bf5ded09487ba11a03527b948ff77af3f92e3a0e8293c6351a5cd161ec0d0e94,True,1,7,0,0,0,0.0,0,0,0,0,0,0,0,0,False,0,,0,
mobility/csv/trajectory_segment_table.csv,362,4570789df9bb74a8e68f662fd50062a13529914b7160cef078699fea1b2912d1,True,1,16,0,0,0,0.0,0,0,0,0,0,0,0,0,False,0,,0,
packet_flow/csv/live_application_packet_delivery_ledger.csv,26338,04399bb0fc593c5e4c2095e760dd7c5cb6fd189509ca00b08bfb489108752f93,True,50,32,0,0,65,0.040625,42,0,0,0,0,0,0,0,False,0,,0,
packet_flow/csv/live_dl_scheduler_grants.csv,13120,291005e0edba13c05df8738e708b6c764c84e72f736c3de3843a406fd244e170,True,6,136,0,0,47,0.05759803921568627,44,0,0,0,0,0,0,0,False,0,,0,
packet_flow/csv/live_packet_sdu_delivery_ledger.csv,19389,cf3e04d779f1d750b7606825773f96f99a09b77ea1e2ba9ad21908d98a4d470e,True,35,38,0,0,0,0.0,0,0,0,0,0,0,0,0,False,0,,0,
packet_flow/csv/live_prb_allocation.csv,4178,e2d08f8f1469d6c90f98aac28157989428c29649197863974554ac64ac263760,True,8,29,0,0,0,0.0,0,0,0,0,0,0,0,0,False,0,,0,
packet_flow/csv/live_pucch_grants.csv,11571,f354f1fcdf7b972111499f793cf7c0b392276ae2df39baac68ee486ad1b61969,True,6,97,0,0,0,0.0,0,0,0,0,0,0,0,0,False,0,,0,
packet_flow/csv/live_scheduler_decision_log.csv,7699,4d48b0b98e9de0275eac72f7058754da105b03f961fc8d801af397b9bd4b55b6,True,8,59,0,0,30,0.0635593220338983,24,0,0,0,0,0,0,0,False,0,,0,
packet_flow/csv/live_ul_scheduler_grants.csv,5987,9e3385af205f1c4ea9613f241f16b6e753962cdecfb347c7b2413e861c263302,True,2,135,0,0,11,0.040740740740740744,10,0,0,0,0,0,0,0,False,0,,0,
packet_flow/csv/scheduler_decision_log.csv,7699,4d48b0b98e9de0275eac72f7058754da105b03f961fc8d801af397b9bd4b55b6,True,8,59,0,0,30,0.0635593220338983,24,0,0,0,0,0,0,0,False,0,,0,
packet_flow/csv/scheduler_ue_summary.csv,665,82ddda2aa23dd7da459105dc53ca57fa0dd1e57562d70dc6d3b56a73bfffac9c,True,2,15,0,0,0,0.0,0,0,0,0,0,0,0,0,False,0,,0,
packet_flow/csv/slot_trace.csv,21257,68bdd14b5904634f11cb449da278cec030eb08320043b9479c8c96bbc2e69ba9,True,25,62,0,0,99,0.06387096774193549,63,0,0,0,0,0,0,0,False,0,,0,
packet_flow/csv/table_scheduler_decision.csv,5331,474bb9393069c3e2853be65622b40581252ce2eb23ccb5fe7c138f8524849009,True,8,46,0,0,83,0.22554347826086957,67,0,0,0,0,0,0,0,False,0,,0,
raw/evidence/raw_evidence_index.csv,8184,a4275c9955977677905f0062b0740e9730eb0fbeda908bf67d050e5e5cbc749e,True,17,19,0,0,16,0.04953560371517028,0,0,0,0,0,0,0,0,False,0,,0,
raw/evidence/tables/rawtrials_csifeedbackreports.csv,7563,e486a6045e0994568f1a0226cd3d475924ecbc2580f378a7709136ce8c47ed06,True,4,106,0,0,119,0.2806603773584906,37,0,0,0,0,0,0,0,False,0,,0,
raw/evidence/tables/rawtrials_csirs.csv,9241,0ebe3ceae35945e9a94605a8443f4c596c8c6a67c6434b85b74ed56925df7828,True,2,155,0,0,10,0.03225806451612903,0,0,0,0,0,0,0,0,False,0,,0,
raw/evidence/tables/rawtrials_dl.csv,233857,c756a8aed6cefebe659e6d5c1e07eed6c6b2b0547682bdfaab8ad468ce1c75c3,True,6,999,0,0,1396,0.23289956623289956,946,0,0,0,24,0,0,0,False,0,,0,
raw/evidence/tables/rawtrials_dlconstellation.csv,3213345,184b1273d4e2f15b7718478ed94c88334e59ef8b6e83d88513bbd81bd9f0b20d,True,3072,69,0,0,0,0.0,0,0,0,0,0,0,0,0,False,0,,0,
raw/evidence/tables/rawtrials_initialaccesslifecycletracetable.csv,5603,1efb521bd2db2216f7790343c5acdace674d31358110daf9e4a5340296a4b86e,True,8,38,0,0,48,0.15789473684210525,40,0,0,0,5,0,0,0,False,0,,0,
raw/evidence/tables/rawtrials_multiuserdl.csv,913,4baca32600f4e4ec8f7304ba4b548ce14c7877d2572b5b86bde8b7463039214b,True,1,34,0,0,0,0.0,0,0,0,0,0,0,0,0,False,0,,0,
raw/evidence/tables/rawtrials_multiuserul.csv,916,3c2ba010165c3fad9325fcba1863393ecb145833cf67dad1c911f8103b104ce2,True,1,34,0,0,0,0.0,0,0,0,0,0,0,0,0,False,0,,0,
raw/evidence/tables/rawtrials_pbch.csv,276405,4e697ad6c93e485297c0f9f814090a298a2255832b967375f7ea10e70b56b07b,True,16,977,0,0,6512,0.4165813715455476,6480,0,0,0,32,0,0,0,False,0,,0,
raw/evidence/tables/rawtrials_pdcch.csv,135911,4688b983d3bf5e2cdb7706e1f6f5f695ada39240854f7b87f365398a25a532a5,True,8,981,0,0,2994,0.38149847094801226,2978,0,0,0,16,0,0,0,False,0,,0,
raw/evidence/tables/rawtrials_prach.csv,34422,947f3d7427be5fff66c9b9c533aa623e3455c89152648ed8e3928034f6a56fe4,True,1,963,0,0,333,0.34579439252336447,332,0,0,0,2,0,0,0,False,0,,0,
raw/evidence/tables/rawtrials_prachcorrelationtrace.csv,828,c5ced412a77d7250aad57a978c8d1d07dbbbd09b21f08ef673a54be174c224c1,True,1,37,0,0,5,0.13513513513513514,4,0,0,0,0,0,0,0,False,0,,0,
raw/evidence/tables/rawtrials_pucch.csv,11396,e31e3c96161f576ef4f3d8ffc68a1a7a3f277f07a44277a090143b1d846158e8,True,2,204,0,0,10,0.024509803921568627,10,0,0,0,4,0,0,0,False,0,,0,
raw/evidence/tables/rawtrials_referencesignalmeasurements.csv,15674,ef64d2360e8d14f544346959e48907a6d4e8eac29844113c949088e9402c6a85,True,29,32,0,0,208,0.22413793103448276,183,0,0,0,0,0,0,0,False,0,,0,
raw/evidence/tables/rawtrials_srs.csv,48844,242649e017224b2350e8be30dd3a129b527146a61af253495fa7f93aa715d0df,True,2,977,0,0,837,0.42835209825997955,833,0,0,0,4,0,0,0,False,0,,0,
raw/evidence/tables/rawtrials_trs.csv,91532,684d96437357d22897f750df4497bbf047fa4de82ad8eb56acc35588de5bf9ae,True,5,966,0,0,2120,0.4389233954451346,2110,0,0,0,10,0,0,0,False,0,,0,
raw/evidence/tables/rawtrials_ul.csv,48229,e5d98cbc52ef651e43afcee31f298bc1b9bdc3009a80feb6f7e7b86be03775fd,True,2,1003,0,0,472,0.23529411764705882,328,0,0,0,8,0,0,0,False,0,,0,
raw/evidence/tables/rawtrials_ulconstellation.csv,1067337,88355409f00502646931341d91b2f3f576da4a0dedd19988e5b5edcf4387a5ea,True,1024,69,0,0,0,0.0,0,0,0,0,0,0,0,0,False,0,,0,
reports/csv/access_kpi_reconciliation.csv,261,1b6306f2d2353ffa3afcdc000a2e85968b032da892ebd96d66fa39ce6a8c4de3,True,1,9,0,0,1,0.1111111111111111,0,0,0,0,0,0,0,0,False,0,,0,
reports/csv/access_state_timeline.csv,659,3540d064e92f5aa35a33f4c65e651345ab6e76f2eeabd69097dabe06dc16f247,True,2,16,0,0,2,0.0625,2,0,0,0,0,0,0,0,False,0,,0,
reports/csv/access_transition_ledger.csv,1415,e3ca14b68536a8dd4c75715644128514e8e2dd73cce407fd3b14497338f6bf22,True,2,38,0,0,9,0.11842105263157894,9,0,0,0,0,0,0,0,False,0,,0,
reports/csv/active_issue_gate_summary.csv,263,e8a8cee8d6f2134cab1990e18379b78c338eff85e4d7286e68a57b6cb5680cf1,True,1,9,0,0,1,0.1111111111111111,0,0,0,0,0,0,0,0,False,0,,0,
reports/csv/aggregated_reporting_outputs.csv,6090,721330a4799dc15b80cfa9ffc585503c4465165d0d18bbbe9cf5f3f6598bbd52,True,18,14,0,0,44,0.1746031746031746,18,0,0,0,0,0,0,0,False,0,,0,
reports/csv/ai_confidence_trace.csv,306,ad36f8671651ce2f4c5e25e97e972999abf0d063b45c00fbbcf9c3a8ff8bcbb9,True,1,9,0,0,0,0.0,0,0,0,0,0,0,0,0,False,0,,0,
reports/csv/ai_ml_outputs.csv,10422,b911eefb4641f108821268317361c7ff2f3d98b971eef7860334d1240c1a597c,True,31,14,0,0,26,0.059907834101382486,13,0,0,0,3,0,3,0,False,0,,0,
reports/csv/all_csv_artifact_audit.csv,1727305,94e99256a059a10b3ef43cf29e82f6cfd82d4c1bbc6e05039428648ab5824731,True,989,19,0,0,2165,0.11521473045606939,0,0,0,0,194,2,124,95,False,0,,0,
reports/csv/all_image_artifact_audit.csv,163484,0d8c7f28723126ada33b9650d40b42ee96194cd65624488d27057468060d6156,True,287,18,0,0,574,0.1111111111111111,0,0,0,0,3,0,6,3,False,0,,0,
reports/csv/anomaly_window_table.csv,947,d74b35450f7246501a039839fb4a13d3c6962b71e42703442d2b43971846c985,True,1,33,0,0,15,0.45454545454545453,13,0,0,0,0,0,0,0,False,0,,0,
reports/csv/antenna_array_reconciliation.csv,455,524b4920d765d4f6cd1e05674cc04ba8095121c17b8fff5ded227a7e78c1188a,True,2,12,0,0,2,0.08333333333333333,0,0,0,0,0,0,0,0,False,0,,0,
reports/csv/antenna_config_resolved.csv,896,ca36e77c600af8c5720b1ec34b761d8fb3abee37e758d742e0d71d857a6a2432,True,2,21,0,0,4,0.09523809523809523,4,0,0,0,0,0,0,0,False,0,,0,
reports/csv/antenna_pattern_samples.csv,3139447,87ce3a79a69857a42e80e18b7eaeb557c868ef87af3f9e8b1ca15a3be4d17db4,True,5402,24,0,0,5402,0.041666666666666664,5402,0,0,0,0,0,0,0,False,0,,0,
reports/csv/antenna_runtime_evidence.csv,11523,a324cbe9f7b5669ef1d42b5c1a2d57900fbe416cba26541d243fd707b38948c6,True,8,71,0,0,42,0.07394366197183098,42,0,0,0,0,0,0,0,False,0,,0,
reports/csv/api_exposure_audit_table.csv,72339,7b42936bbd8e2b711e74e5a7b75e83c7096a2a6e27bc7450556cfcd82e293be3,True,124,35,0,0,1984,0.45714285714285713,1612,0,0,0,1,0,0,0,False,0,,0,
reports/csv/artifact_completeness_summary.csv,294,2577ee1218570b064eb1303c5364ec6f0d868cc4d75f9219eafb21f37736de63,True,1,8,0,0,2,0.25,0,0,0,0,0,0,0,0,False,0,,0,
reports/csv/artifact_inventory.csv,220025,e7373b482a1c2025da519c19646eb19c36ad012d4b3de508359313c66c6e776c,True,1550,11,0,0,0,0.0,0,0,0,0,7,0,5,2,False,0,,0,
reports/csv/artifact_issue_registry.csv,51033,2a33346b2b234cbb25231da3fc38676488b14bf48de966243269ba72637fc03f,True,398,6,0,0,0,0.0,0,0,0,0,3,0,2,1,False,0,,0,
reports/csv/baseline_candidate_delta_tables.csv,219,c9d4bb23a02ba2ba2983e39ca5aba9130f00efea4dce084aa8733188735263fe,True,1,4,0,0,0,0.0,0,0,0,0,0,0,0,1,False,0,,0,
reports/csv/basic_phy_performance_outputs.csv,14333,acb027c814fee9780fa3c389afd4eab2721e9ea6742c1df8faf17d4ab8ba53e4,True,51,14,0,0,26,0.036414565826330535,5,0,0,0,0,0,0,0,False,0,,0,
reports/csv/beam_management_outputs.csv,41234,dec7845f1eb405671d3236e507b17d7e3a07c6c9fe34acd14b8647beebac1222,True,76,14,0,0,8,0.007518796992481203,4,0,0,0,0,0,0,0,False,0,,0,
reports/csv/beam_stability_analytics_table.csv,952,c38c86423fc148aa8fafc0924f8ff0aa239f5e2191010fd9ed75bb0f33cb0a25,True,1,33,0,0,14,0.42424242424242425,11,0,0,0,0,0,0,0,False,0,,0,
reports/csv/blerber_reconciliation.csv,127,8fdeab5e74eb103e58d7609dd21df82c6048071388c2f74ec4abab4f007c1e6a,True,1,7,0,0,1,0.14285714285714285,0,0,0,0,0,0,0,0,False,0,,0,
reports/csv/browser_config_surface_matrix.csv,899253,e263ab04d44c463a7276d88a798c69e4bdd499a90f9dce842beefe80ac2b30b6,True,2390,17,0,0,8486,0.20886044794486833,0,0,0,0,36,0,10,4,False,0,,0,
reports/csv/browser_runtime_db_consistency.csv,39836,55c6325b1795c3fac1eccde7000ad07af861954f82cc1e9d3b229eaa763ae2df,True,112,12,0,0,116,0.08630952380952381,0,0,0,0,0,0,0,0,False,0,,0,
reports/csv/campaign_evidence_audit.csv,701,9cd5abd5390193b5808c2872ff5ae9509def06b03d07d95c831207f683ec2dca,True,10,5,0,0,0,0.0,0,0,0,0,0,0,0,0,False,0,,0,
reports/csv/canonical_kpi_ledger.csv,381,f875cec350c3a462bde26a7a68a2fc8eaaa2fc9ec3252cdf54b44a451142e111,True,1,13,0,0,1,0.07692307692307693,0,0,0,0,0,0,0,0,False,0,,0,
reports/csv/case_status.csv,3376,b04c90aaa6a227e1565f058b7f1ad3a154b418f11d3c54e7009854f706028fdf,True,13,6,0,0,0,0.0,0,0,0,0,0,0,0,0,False,0,,0,
reports/csv/causal_phy_chain_audit.csv,19865,f49ed87b601c441acf9190fab41db4b1d6f3c8bf7aa8201f87208e4c6231b933,True,28,37,0,0,61,0.05888030888030888,0,0,0,0,4,0,0,0,False,0,,0,
reports/csv/causal_phy_chain_gate.csv,349,315f4aa62dfc1c26237dbb2db981ecd5f5c4a9f00dab53b1e9bfd70ddca1ed07,True,1,11,0,0,0,0.0,0,0,0,1,0,0,0,0,False,0,,0,
reports/csv/causal_phy_parameter_authority.csv,34261,bb1ffaf27d193c8292f18d6bd8ff168f220f1850e812255ec105ac8de4dd561a,True,85,21,0,0,218,0.12212885154061624,32,0,0,0,0,0,0,0,False,0,,0,
reports/csv/cfo_reconciliation.csv,501,6ed230afb72497bd412b23af246ffcdb251b992a7c51f964d6d45f8b726679f3,True,2,12,0,0,0,0.0,0,0,0,0,0,0,0,0,False,0,,0,
reports/csv/cfo_to_tracking_traces.csv,6459,48c81f98b65c44ca9a44b4f77ddead2b3f8c3026af1e389c84a02707828bcd7f,True,31,29,0,0,207,0.23025583982202447,207,0,0,0,0,0,0,0,False,0,,0,
reports/csv/channel_array_consistency.csv,3209,3672b62d5c6e201415f452207a2bbf21e4312b15301c41771297618ee7277242,True,2,46,0,0,8,0.08695652173913043,0,0,0,0,0,0,0,0,False,0,,0,
reports/csv/channel_estimation_tracking_outputs.csv,19997,62ae395f283ff2bd1138b7e3a8960f824776608f7f3803a733ce95a3baef3cf0,True,87,14,0,0,78,0.06403940886699508,0,0,0,0,0,0,0,0,False,0,,0,
reports/csv/channel_impulse_response.csv,17309,6fbe4bfa819afbbbde1631b80a190fa4507abee11772a901dcc7980853bc48d0,True,46,31,0,0,0,0.0,0,0,0,0,0,0,0,0,False,0,,0,
reports/csv/channel_realization_reconciliation.csv,428,25f351f6900a4c851e9ce47b94cea4bc26b0b6f7386698f62b8e04bb223cd088,True,2,13,0,0,2,0.07692307692307693,0,0,0,0,0,0,0,0,False,0,,0,
reports/csv/channel_rf_reconciliation.csv,172,651aab3c93d4c0e54e561df078fef7f78ce2e675f1e38c7229b3e0bb1e19f96d,True,1,10,0,0,0,0.0,0,0,0,0,0,0,0,0,False,0,,0,
reports/csv/channel_snapshots.csv,5780,49576174f6f0a5be9fb57ce46c3a7fc57611bd927009b3dc74b211cabdae2c6d,True,32,19,0,0,174,0.28618421052631576,174,0,0,0,0,0,0,0,False,0,,0,
reports/csv/chart_source_registry.csv,7526,738def0c42f6748bd42ca9edfad259b1539b899f16d4b8955aedcc0b75af04d3,True,27,10,0,0,0,0.0,0,0,0,0,0,0,0,0,False,0,,0,
reports/csv/checkpoint_resume_equivalence.csv,401,d64643e03d02eb08f0d59580f82aa8b62087455f4a059ba304676682aeddc488,True,1,9,0,0,0,0.0,0,0,0,0,0,0,0,0,False,0,,0,
reports/csv/coding_decoder_outputs.csv,15746,db0931f5edb2f28d3e0df60f5142dac364c207e16cd6e7ed5edf5101ff222c53,True,66,14,0,0,60,0.06493506493506493,4,0,0,0,14,0,0,0,False,0,,0,
reports/csv/compare_run_prerequisites.csv,2683,fc79c6f1ba3481a2da25e384f13d2ee7a59513fb90f26b60906e6d3136b7baf0,True,3,35,0,0,48,0.45714285714285713,39,0,0,0,0,0,0,0,False,0,,0,
reports/csv/complexity_implementation_outputs.csv,25065,97412a8bb5fd900c6063e9810f70701a2e3fad365051a1ff087f00bcba88d9e0,True,58,14,0,0,0,0.0,0,0,0,0,0,0,0,0,False,0,,0,
reports/csv/config_exposure_summary.csv,48225,768255349776a7c96385c3eb997c9e243b624cf97c5247b513329f8167791af3,True,112,14,0,0,0,0.0,0,0,0,0,0,0,1,0,False,0,,0,
reports/csv/config_ownership_matrix.csv,58120,685a3162b8cf0b7f94c717a73b4f27d6c9a92b88408db2b46aba6195b295601d,True,112,18,0,0,4,0.001984126984126984,0,0,0,0,0,0,1,0,False,0,,0,
reports/csv/config_roundtrip_verification.csv,114577,f4c20530dbdc25eb13ad4c17ae3e4ae8213e30c023ef1705748d681b52f6bd19,True,112,42,0,0,687,0.14604591836734693,0,0,0,0,0,0,1,0,False,0,,0,
reports/csv/config_status_summary.csv,1407,90c7aea69c813a204d1071ec54072ded188ac83c40520a4a57baced9721523ef,True,12,5,0,0,0,0.0,0,0,0,0,0,0,0,0,False,0,,0,
reports/csv/configured_effective_operating_point.csv,2821,e9fb56dbd1b21e084603723ffae7da1fab7ef12764842ce408aed0a05dca3401,True,8,30,0,0,8,0.03333333333333333,8,0,0,0,0,0,0,0,False,0,,0,
reports/csv/conformance_matrix_runtime_audit.csv,1188,c484c9c40b74093c880bc8ecc2f3104bc1278590eff469b1afac2e358d2c805f,True,9,16,0,0,9,0.0625,0,0,0,0,0,0,0,0,False,0,,0,
reports/csv/contract__air-interface-frame-slot-symbol-grid__coreset-search-space-occupancy-chart.csv,2422,f917880a4dd9a0934247b216d31c8eb79475fcfdb26d86de502937454f06c6bc,True,8,15,0,0,16,0.13333333333333333,0,0,0,0,0,0,0,0,False,0,,0,
reports/csv/contract__air-interface-frame-slot-symbol-grid__dl-ul-guard-slot-pattern-chart.csv,6217,8e660ff450970dd631215451cef7fcf2a1661a39b72a7f007274a1ea07752827,True,25,15,0,0,50,0.13333333333333333,0,0,0,0,0,0,0,0,False,0,,0,
reports/csv/contract__air-interface-frame-slot-symbol-grid__frame-slot-symbol-occupancy-timeline.csv,6217,be5acd87bafca792becbe80235d5cbe6d6006a83a68d90f3a64e1a6df49c7fd1,True,25,15,0,0,50,0.13333333333333333,0,0,0,0,0,0,0,0,False,0,,0,
reports/csv/contract__air-interface-frame-slot-symbol-grid__prach-occasion-timeline.csv,685,cd670527162e25923ce9e24829a6fbe129ea0ad788ad68bf8e8fb5fb35a455fe,True,1,26,0,0,2,0.07692307692307693,0,0,0,0,0,0,0,0,False,0,,0,
reports/csv/contract__air-interface-frame-slot-symbol-grid__prb-heatmap.csv,12194,18a254286420551c8d108238d8c3f16889be1b69e3ef9b307cb59cd0bc1e9943,True,150,8,0,0,0,0.0,0,0,0,0,0,0,0,0,False,0,,0,
reports/csv/contract__air-interface-frame-slot-symbol-grid__re-occupancy-heatmap.csv,306163,91564af3afcd08354b46ecaad8ea9aca5127571392418cdccc4db2facc292d99,True,2818,12,0,0,0,0.0,0,0,0,0,0,0,0,0,False,0,,0,
reports/csv/contract__air-interface-frame-slot-symbol-grid__ssb-occasion-timeline.csv,1136,8b075d249d65c233b85b825973c8c606823bdc22ca21ca5f87a4d347a68f95c2,True,4,15,0,0,8,0.13333333333333333,0,0,0,0,0,0,0,0,False,0,,0,
reports/csv/contract__beamforming-precoding-mimo-massive-mimo__beam-gain-gap-histogram.csv,1097,38ab182206f105acb59ffc5c96aaf3c2e07df762e9940ce94c91ed737758bce2,True,12,5,0,0,0,0.0,0,0,8,0,0,0,0,0,False,0,,0,
reports/csv/contract__beamforming-precoding-mimo-massive-mimo__beam-hit-rate-timeline.csv,505,505db0915623eebfc413e1fdba000b6e7644f49571542431246f3b35ec7f5cf0,True,6,6,0,0,0,0.0,0,0,0,0,0,0,0,0,False,0,,0,
reports/csv/contract__beamforming-precoding-mimo-massive-mimo__condition-number-distribution.csv,838,1ce09fda8262cfee63f5ae6bb1b33eaf845bed13413fc545187d8e69b000bbd7,True,8,5,0,0,0,0.0,0,0,6,0,0,0,0,0,False,0,,0,
reports/csv/contract__beamforming-precoding-mimo-massive-mimo__mu-grouping-summary.csv,441,e07fb524798af99e94d8ed996435b7c8003df093a6ee138001ad444d251a64a5,True,1,15,0,0,2,0.13333333333333333,0,0,0,0,0,0,0,0,False,0,,0,
reports/csv/contract__beamforming-precoding-mimo-massive-mimo__precoder-mode-distribution.csv,295,4a829268ecfdea03e741155e1d5c435b15f1f12632724db68c2d9fb4b146cee4,True,2,6,0,0,0,0.0,0,0,0,0,0,0,0,0,False,0,,0,
reports/csv/contract__beamforming-precoding-mimo-massive-mimo__rank-distribution.csv,148,2c43a0e3bf644a91ec782a8d781473da0fb49e80ebf4175fcb36aeb2886f9435,True,1,6,0,0,0,0.0,0,0,0,0,0,0,0,0,False,0,,0,
reports/csv/contract__beamforming-precoding-mimo-massive-mimo__selected-vs-best-beam-timeline.csv,1889,918d367bd6ddf6043226cc7917a81359f4bbe2e0d49b31e079269c0e616fbf71,True,18,7,0,0,0,0.0,0,0,0,0,0,0,0,0,False,0,,0,
reports/csv/contract__channel-interference-impairments__cfo-true-vs-estimated-vs-residual.csv,3839,8eeefc0018125dbd7907d2453cb305c06606636953bb547f2e200f535f78a6ec,True,29,12,0,0,16,0.04597701149425287,0,0,0,0,0,0,0,0,False,0,,0,
reports/csv/contract__channel-interference-impairments__channel-heatmap-artifact-links.csv,3191188,bee1aacbda45f1b8088ad75ad2d73bb843804d8af9e72562327b54474b4734aa,True,8400,27,0,0,17428,0.07684303350970018,9028,0,0,0,0,0,0,0,False,0,,0,
reports/csv/contract__channel-interference-impairments__channel-quality-timeline.csv,2622,b240e2fb9d2305c0ee2f6169c0d1e85d2e426ac5c081ab98d232003c75102a49,True,8,15,0,0,16,0.13333333333333333,0,0,0,0,0,0,0,0,False,0,,0,
reports/csv/contract__channel-interference-impairments__pathloss-shadowing-distributions.csv,1747,a9ad20eab254565a0ba84f3861d453ce70b4cf607355ebfce2b781f8ca85e8b7,True,12,8,0,0,0,0.0,0,0,0,0,0,0,0,0,False,0,,0,
reports/csv/contract__channel-interference-impairments__timing-offset-true-vs-estimated-vs-residual.csv,705,52b8dc6263ead4d89c937938bb9b29bad04140a48c818eaa7aa5744bbad54085,True,1,26,0,0,2,0.07692307692307693,0,0,0,0,0,0,0,0,False,0,,0,
reports/csv/contract__csi-rs__csi-rs-latency-trend.csv,260,cd5c8f552ea2fdf544f8986ba064b304fee7b5280856c887e0cf61c2d1e71fd3,True,2,6,0,0,0,0.0,0,0,0,0,0,0,0,0,False,0,,0,
reports/csv/contract__csi-rs__csi-rs-resource-occupancy.csv,2935,ecbdd00367934b8dc175741dc0b539f84960eda5a7b82e2dbba8cd096fd42e02,True,25,11,0,0,0,0.0,0,0,0,0,0,0,0,0,False,0,,0,
reports/csv/contract__csi-rs__port-usage-chart.csv,2214,1f25e5233acdd0e62457a1bce82fdabe2c929a89892a30546116c07bcecc982d,True,8,15,0,0,16,0.13333333333333333,0,0,0,0,0,0,0,0,False,0,,0,
reports/csv/contract__dl-control-phy-pdcch__aggregation-level-distribution.csv,351,fc0ac098e8032877556dfeb7d3d67b111de33a1f4e398b29de8c43a9bd393e60,True,3,6,0,0,0,0.0,0,0,0,0,0,0,0,0,False,0,,0,
reports/csv/contract__dl-control-phy-pdcch__cce-usage-heatmap.csv,782,79f7ef20f14b313cf3eddfe317ee9fc1ca9c30aa502396e4d1bd5b9d5b4bbf82,True,8,8,0,0,0,0.0,0,0,0,0,0,0,0,0,False,0,,0,
reports/csv/contract__dl-control-phy-pdcch__pdcch-decode-success-failure-trend-if-applicable.csv,971,3cd21105206a7df5b82ad4f4266a0374736315bf6655c43fce1d0a6c8c88f754,True,8,6,0,0,0,0.0,0,0,0,0,0,0,0,0,False,0,,0,
reports/csv/contract__dl-control-phy-pdcch__pdcch-dmrs-occupancy.csv,757,5e4ee73328baf0d5521cc08ae481155b30fe8691d43c65f0bc344f5ecdac9a31,True,8,7,0,0,0,0.0,0,0,0,0,0,0,0,0,False,0,,0,
reports/csv/contract__dl-control-phy-pdcch__pdcch-stage-latency-waterfall.csv,1537,9db5bdd7d26e57773141448a93de5aef68d3d44c8c3897bd3a0aa1182397a2e4,True,16,6,0,0,0,0.0,0,0,0,0,0,0,0,0,False,0,,0,
reports/csv/contract__fixed-snr-sinr-sweep-validation__dl-ber-vs-snr.csv,585,8a10a2263c929ab379f0fa95beb5857d054e00c4da378cb3bfcaccf8e03ebc4d,True,6,6,0,0,0,0.0,0,0,0,0,0,0,0,0,False,0,,0,
reports/csv/contract__fixed-snr-sinr-sweep-validation__dl-bler-vs-snr.csv,592,dd436fe6efece7f1f3b65304faf588fa342f40818a39e957c3557a8427f54403,True,6,6,0,0,0,0.0,0,0,0,0,0,0,0,0,False,0,,0,
reports/csv/contract__fixed-snr-sinr-sweep-validation__measured-sinr-vs-configured-snr.csv,1320,5211e62176715e1107805cea1f7c35e256c90be66034374bc63affb9799682b8,True,8,6,0,0,0,0.0,0,0,0,0,0,0,0,0,False,0,,0,
reports/csv/contract__fixed-snr-sinr-sweep-validation__throughput-vs-snr.csv,1116,e38f11db26ee603d283e6cf89886e703a264088512489c9186310aa22f5c3643,True,8,6,0,0,0,0.0,0,0,0,0,0,0,0,0,False,0,,0,
reports/csv/contract__fixed-snr-sinr-sweep-validation__ul-ber-vs-snr.csv,253,5b864d56e3dbdaffbb8caec18d2ab6117e760aee0ff03a54b8a4cbb75effe003,True,2,6,0,0,0,0.0,0,0,0,0,0,0,0,0,False,0,,0,
reports/csv/contract__fixed-snr-sinr-sweep-validation__ul-bler-vs-snr.csv,256,f0715c2ebf341c1decba138c57d3741f6665f0be7340023afc095c92eef17344,True,2,6,0,0,0,0.0,0,0,0,0,0,0,0,0,False,0,,0,
reports/csv/contract__generic-investigator-views__config-vs-measured-conflict-dashboard.csv,870,1f44e773cee3d6ba1a0b077878ae967e4bbaa15006f389be6ab906323b44ee01,True,2,15,0,0,4,0.13333333333333333,0,0,0,0,0,0,0,0,False,0,,0,
reports/csv/contract__generic-investigator-views__investigator-stage-lineage-graph.csv,8863,d0c4bbb6efbe4f4b697918ad0200ff4686bf5d7c7733d56ff6a4e80609138ef5,True,87,7,0,0,0,0.0,0,0,0,0,0,0,0,0,False,0,,0,
reports/csv/contract__generic-investigator-views__partial-or-missing-data-dashboard.csv,1574,ad890dca3a553d7d0ea644eff5e3089d19fd3b4bbe871187a50baca74e8cfcdf,True,5,15,0,0,10,0.13333333333333333,0,0,0,0,0,0,0,0,False,0,,0,
reports/csv/contract__generic-investigator-views__truth-violation-rollup.csv,442,83c5cd49321859486946f2fd676808498f2c13280ee6b2475f165c22ee509018,True,1,15,0,0,2,0.13333333333333333,0,0,0,0,0,0,0,0,False,0,,0,
reports/csv/contract__generic-investigator-views__value-semantics-coverage-chart.csv,2257,f2678e2a284cd1f37c99ce3887adb861a9dd3494a7b481c1a4023b5c651d855f,True,7,15,0,0,14,0.13333333333333333,0,0,0,0,0,0,0,0,False,0,,0,
reports/csv/contract__geometry-mobility-validation__doppler-vs-slot.csv,2446,53f95117a947b326fdb3242d5b77cd8fb0db258a80eb5593f57b19a452cf5182,True,25,7,0,0,0,0.0,0,0,0,0,0,0,0,0,False,0,,0,
reports/csv/contract__geometry-mobility-validation__measured-sinr-vs-slot.csv,1984,672cde5ed717f5465513c33a62520b163adef747a29a21b0119251e280bb8a00,True,6,15,0,0,12,0.13333333333333333,0,0,0,0,0,0,0,0,False,0,,0,
reports/csv/contract__geometry-mobility-validation__topology-map.csv,271,95cbd9566d7f62a66fa9c2f0119ca7d473bed48623ab31afa1e9a32cbe9a2abb,True,2,8,0,0,0,0.0,0,0,0,0,0,0,0,0,False,0,,0,
reports/csv/contract__geometry-mobility-validation__ue-trajectory-xy.csv,2906,692591ab85f988747166e7366dec21ac70765ed1c0d31abb1ca7b7b27b2aa6bd,True,25,8,0,0,0,0.0,0,0,0,0,0,0,0,0,False,0,,0,
reports/csv/contract__gnb-side-state-thread-coordinator-phy-mac-api__orchestration-latency-chart.csv,2848,021350fc4128b9246ca181e3266766e02da1f6c802ea9d8a4f1692acefc29f3d,True,20,8,0,0,0,0.0,0,0,0,0,0,0,0,0,False,0,,0,
reports/csv/contract__gnb-side-state-thread-coordinator-phy-mac-api__per-cell-context-health-timeline.csv,471,ced25ed1dde920edff610802d8f80009a1d863f0a88e65a4019726fa4d8e9c4f,True,1,15,0,0,2,0.13333333333333333,0,0,0,0,0,0,0,0,False,0,,0,
reports/csv/contract__harq-ack-nack-retransmission__ack-nack-timeline.csv,1798,b8453275192a09eb6103facc2fcf94261b6bdf3afd7b5cb0da07bd104f9495a2,True,8,15,0,0,16,0.13333333333333333,0,0,0,0,0,0,0,0,False,0,,0,
reports/csv/contract__harq-ack-nack-retransmission__combining-gain-histogram.csv,412,1f5355bd3a7dccb619c4f3468573141daf154458417b2f732478331c2010cebd,True,1,15,0,0,2,0.13333333333333333,0,0,0,0,0,0,0,0,False,0,,0,
reports/csv/contract__harq-ack-nack-retransmission__harq-process-timeline.csv,2046,49466ccd78dc230116a47b22fd22c0419ce275cddd2725efda9e4209bf85d132,True,8,15,0,0,16,0.13333333333333333,0,0,0,0,0,0,0,0,False,0,,0,
reports/csv/contract__harq-ack-nack-retransmission__residual-bler-by-harq-process.csv,859,2345a7683c030ebf26e7f7206705f22ced95324ff26a3263dfe7a1e6518d18d2,True,3,15,0,0,6,0.13333333333333333,0,0,0,0,0,0,0,0,False,0,,0,
reports/csv/contract__harq-ack-nack-retransmission__retransmission-count-histogram.csv,426,89f2f6e1fa6d30be447319a042069c55b5048c9c4147d33634f8f5b0fd0b00c4,True,1,15,0,0,2,0.13333333333333333,0,0,0,0,0,0,0,0,False,0,,0,
reports/csv/contract__harq-ack-nack-retransmission__rv-usage-distribution.csv,387,ea55db54b1c4e55628855afdfac9bec7582969be3d640959162a57199b5696e8,True,1,15,0,0,2,0.13333333333333333,0,0,0,0,0,0,0,0,False,0,,0,
reports/csv/contract__measurements-csi-link-adaptation-inputs__applied-vs-measured-runtime-snr-sinr-comparison.csv,1448,b0b533969d43a5ac82d20fc3ce31a4b97f512518ac26db99561dfa4bee2fdb22,True,8,6,0,0,0,0.0,0,0,0,0,0,0,0,0,False,0,,0,
reports/csv/contract__measurements-csi-link-adaptation-inputs__config-vs-measured-conflict-dashboard.csv,870,37064eab9400e94df6618d3b771fdc2c7bec8ef856b056cf5c85225893c33df0,True,2,15,0,0,4,0.13333333333333333,0,0,0,0,0,0,0,0,False,0,,0,
reports/csv/contract__measurements-csi-link-adaptation-inputs__cqi-pmi-ri-cri-timeline.csv,2259,9550a1923f984376a41e1462679e4f7a2c2d7d7d4476431f1c3d1bb4249d1303,True,8,15,0,0,16,0.13333333333333333,0,0,0,0,0,0,0,0,False,0,,0,
reports/csv/contract__measurements-csi-link-adaptation-inputs__measurement-source-coverage-chart.csv,2547,e8a094575e228705692a98d4615cca6dbced055307b07abc33db9a4a038ffa71,True,8,15,0,0,16,0.13333333333333333,0,0,0,0,0,0,0,0,False,0,,0,
reports/csv/contract__measurements-csi-link-adaptation-inputs__rsrp-csi-rsrp-timeline.csv,7094,2ed25abfc321367339ffb0910f900123d513081bac6dd3e1e6b7818828838193,True,25,15,0,0,50,0.13333333333333333,0,0,0,0,0,0,0,0,False,0,,0,
reports/csv/contract__pdsch-dl-data-chain__code-block-count-histogram.csv,442,8cac4f917ebaab510b1e172f3e05d35947b5cfa1cda91c15c67bd2900125caa0,True,1,15,0,0,2,0.13333333333333333,0,0,0,0,0,0,0,0,False,0,,0,
reports/csv/contract__pdsch-dl-data-chain__dl-resource-grid-heatmap.csv,16394,f104f3958e7a5850cb699165219b4866152164612a527b96182f57fb8863f7f9,True,150,8,0,0,0,0.0,0,0,0,0,0,0,0,0,False,0,,0,
reports/csv/contract__pdsch-dl-data-chain__dmrs-ptrs-occupancy-plot.csv,1045,c67cf74af3f5bf85ce3c24092d710bf76f258e52a17ce14721ed66bc409dc58b,True,8,12,0,0,0,0.0,0,0,0,0,0,0,0,0,False,0,,0,
reports/csv/contract__pdsch-dl-data-chain__ldpc-stage-latency-waterfall.csv,841,c7e98ccec44915b804a4eb036dac87275187959d5f29675e5eba2d27d07eae94,True,8,6,0,0,0,0.0,0,0,0,0,0,0,0,0,False,0,,0,
reports/csv/contract__pdsch-dl-data-chain__mcs-code-rate-timeline.csv,1849,e58b6a7e14afb01079b177ddda8bcd08087cf21eea21f530e9e8cc297929bcbc,True,6,15,0,0,12,0.13333333333333333,0,0,0,0,0,0,0,0,False,0,,0,
reports/csv/contract__pdsch-dl-data-chain__precoder-beam-selection-timeline.csv,2382,859fe1863e9cb47fec791b5b674cd87a8a9201a231a91ccae8be5eb32ca7d127,True,8,15,0,0,16,0.13333333333333333,0,0,0,0,0,0,0,0,False,0,,0,
reports/csv/contract__pdsch-dl-data-chain__tb-size-over-time.csv,1924,9b5560722ec629cc32f290f1efaa34367e383958332a9ceb5336080140e2184a,True,6,15,0,0,12,0.13333333333333333,0,0,0,0,0,0,0,0,False,0,,0,
reports/csv/contract__persistence-export-consistency-browser-health__consistency-failure-trend.csv,13138,3499f436018edead5d0c7efbea48781f60b56ff0a0aa5dc887298b29bd2da0a3,True,130,7,0,0,0,0.0,0,0,0,0,0,0,0,0,False,0,,0,
reports/csv/contract__persistence-export-consistency-browser-health__duplicate-write-count-trend.csv,146680,50c0518972bb2bcf7e69092c65741dc1a860e4aab2015587cb00afc3f6857ba3,True,1550,7,0,0,0,0.0,0,0,0,0,0,0,0,0,False,0,,0,
reports/csv/contract__power-energy-thermal-compute-runtime__efficiency-scatter-plots.csv,6035,b31c2d9f137841960353ee374684cd0ef5e482496c799eafd1f40dbbfa6a4bf1,True,37,11,0,0,0,0.0,0,0,0,0,0,0,0,0,False,0,,0,
reports/csv/contract__power-energy-thermal-compute-runtime__energy-per-bit-over-time.csv,1353,2df954e749d4d64fa309e216cbb34c0c649a1ac67a5760952cd57ea94919e4f7,True,4,15,0,0,8,0.13333333333333333,0,0,0,0,0,0,0,0,False,0,,0,
reports/csv/contract__power-energy-thermal-compute-runtime__joules-gb-over-time.csv,1246,8a9fa14c2756840c2ca30bd5dc13f010ca7ffcad53b01fd3c0cdcac29316da1f,True,4,15,0,0,8,0.13333333333333333,0,0,0,0,0,0,0,0,False,0,,0,
reports/csv/contract__power-energy-thermal-compute-runtime__latency-breakdown-stacked-chart.csv,2928,13b6f5483c8db30dcc6802b3de6b5a970406898036bfa075f423dcb8f80178df,True,20,8,0,0,0,0.0,0,0,0,0,0,0,0,0,False,0,,0,
reports/csv/contract__power-energy-thermal-compute-runtime__papr-distribution.csv,1544,2f81e1a8c0b5b85e7a217e3819271bab1675be9ca8f2f1c14d857b2108a2327b,True,6,15,0,0,12,0.13333333333333333,0,0,0,0,0,0,0,0,False,0,,0,
reports/csv/contract__power-energy-thermal-compute-runtime__power-vs-bler.csv,1038,f6613393c93b16266ac5ea0114d3bf80d160ff154c8314e5d59049dbcd49813c,True,8,7,0,0,0,0.0,0,0,0,0,0,0,0,0,False,0,,0,
reports/csv/contract__power-energy-thermal-compute-runtime__power-vs-throughput.csv,1104,9139620dace9c81031770f915805e7701aebcd90d1239cadd3a07dc8ab32a53f,True,8,7,0,0,0,0.0,0,0,0,0,0,0,0,0,False,0,,0,
reports/csv/contract__power-energy-thermal-compute-runtime__sleep-state-timeline.csv,11337,ccd87a917969b36a96f1374c020a67438fdbfcba6c4075b669f74c3101b24791,True,74,13,0,0,0,0.0,0,0,0,0,0,0,0,0,False,0,,0,
reports/csv/contract__power-energy-thermal-compute-runtime__tx-power-timeline-per-cell.csv,2839,5fc0d3c1db61be19f9621269389d337bb603da4a0fcecf7fb3265da8d883e0cd,True,10,15,0,0,20,0.13333333333333333,0,0,0,0,0,0,0,0,False,0,,0,
reports/csv/contract__power-energy-thermal-compute-runtime__tx-power-timeline-per-ue.csv,1994,3ae49a02f786c0fdada8c14b62aae1890113cac13c22f253dabe230e1cd6647e,True,7,15,0,0,14,0.13333333333333333,0,0,0,0,0,0,0,0,False,0,,0,
reports/csv/contract__prach-random-access__access-attempt-success-timeline.csv,693,97f93f5d397a2c907d825255b5ff57b19ca8e61b7dd4f08a4e97f3329d415197,True,1,26,0,0,2,0.07692307692307693,0,0,0,0,0,0,0,0,False,0,,0,
reports/csv/contract__prach-random-access__noise-floor-trend.csv,679,af8bf62488f285db9a27f8e9a6dd9f16069f809bfdbbf0b5d6d3198c8e332cc9,True,1,26,0,0,2,0.07692307692307693,0,0,0,0,0,0,0,0,False,0,,0,
reports/csv/contract__prach-random-access__peak-value-histogram.csv,296,088e7db52e2474586afdbe6779dd5bba59c55d3d9251fcdfdf8ca21529018d60,True,1,11,0,0,1,0.09090909090909091,0,0,0,0,0,0,0,0,False,0,,0,
reports/csv/contract__prach-random-access__prach-peak-search-timeline.csv,688,c96453e4e15a9cca67f86a158fbffed09fab305ffc3bc69126c2496487e44e44,True,1,26,0,0,2,0.07692307692307693,0,0,0,0,0,0,0,0,False,0,,0,
reports/csv/contract__prach-random-access__preamble-usage-chart.csv,682,e22628b9c701226def1c3b77d44b0294d29ecb2b60d1bffdee7bc902678248d4,True,1,26,0,0,2,0.07692307692307693,0,0,0,0,0,0,0,0,False,0,,0,
reports/csv/contract__prach-random-access__ta-estimate-trend.csv,679,349d482ce4146ece5c660b6819cb50b6c63eb8beaeefd239ee9de9bb9a9108a5,True,1,26,0,0,2,0.07692307692307693,0,0,0,0,0,0,0,0,False,0,,0,
reports/csv/contract__pucch-f0-f1-f2-f3-f4__ack-nack-match-chart.csv,682,c6046fa97abd2b2471bfef68779b82296407012de85fedfaf1ce76089fe52aa7,True,2,15,0,0,4,0.13333333333333333,0,0,0,0,0,0,0,0,False,0,,0,
reports/csv/contract__pucch-f0-f1-f2-f3-f4__crash-error-timeline.csv,1660,6406cef9c624db8e140ca19b5a5ea2d75f606c2b539b1cc66a41eea21f80cc9a,True,6,15,0,0,12,0.13333333333333333,0,0,0,0,0,0,0,0,False,0,,0,
reports/csv/contract__pucch-f0-f1-f2-f3-f4__dtx-detection-chart.csv,393,0711ab3ff8e02a21ed12e136b1ce21a6be006f725fd750f5bd1c9113ba84f663,True,1,15,0,0,2,0.13333333333333333,0,0,0,0,0,0,0,0,False,0,,0,
reports/csv/contract__pucch-f0-f1-f2-f3-f4__per-format-latency-histograms.csv,409,7a90821ba6fbb7cf7ce85206bd69308a473bf6c1b2bae27e537eb580bdc1cb7b,True,2,9,0,0,0,0.0,0,0,0,0,0,0,0,0,False,0,,0,
reports/csv/contract__pucch-f0-f1-f2-f3-f4__pucch-decode-success-failure-trend.csv,714,bd010ea5ec7361a041a851968567f44ffcc842003b9cd3a6ea47071fbacd1955,True,2,15,0,0,4,0.13333333333333333,0,0,0,0,0,0,0,0,False,0,,0,
reports/csv/contract__pucch-f0-f1-f2-f3-f4__requested-vs-resolved-format-confusion-matrix.csv,313,16c3f1991ca141b9717b5342a60cf04df43cab104aa1ec70d01080b40865a74a,True,2,7,0,0,0,0.0,0,0,1,0,0,0,0,0,False,0,,0,
reports/csv/contract__pucch-f0-f1-f2-f3-f4__uci-bit-count-distribution.csv,411,01678e8391a6949b632414175e51d199c1cf2a343ffdfc4fb31e90dd43d27a40,True,1,15,0,0,2,0.13333333333333333,0,0,0,0,0,0,0,0,False,0,,0,
reports/csv/contract__pusch-ul-data-chain__channel-estimation-latency.csv,1185,74930842573c856bd623ac4be9e71cd35d404a474e57db17dfb4342ba023ec90,True,12,6,0,0,0,0.0,0,0,0,0,0,0,0,0,False,0,,0,
reports/csv/contract__pusch-ul-data-chain__decoder-iteration-histogram.csv,676,4cce4afa6bd5a58105ef9538253e4d117fc55213358002b8fa5f3b35d000cb0b,True,2,15,0,0,4,0.13333333333333333,0,0,0,0,0,0,0,0,False,0,,0,
reports/csv/contract__pusch-ul-data-chain__equalizer-latency.csv,914,8240dad7bae95bfc2c2e48acc850983109e602b1e6b56af302e7c13e9fbc75a8,True,10,6,0,0,0,0.0,0,0,0,0,0,0,0,0,False,0,,0,
reports/csv/contract__pusch-ul-data-chain__llr-statistics-over-time.csv,2221,f1752be9388f6e1047a6686a9c482411a457954bf35879a43211dd028fdd2dc9,True,8,15,0,0,16,0.13333333333333333,0,0,0,0,16,0,0,0,False,0,,0,
reports/csv/contract__pusch-ul-data-chain__ta-estimate-timeline.csv,682,2673793c7200f5cd32c9f3b4f4fdc0605313ff7f928e62a0157c2c4c396acb61,True,1,26,0,0,2,0.07692307692307693,0,0,0,0,0,0,0,0,False,0,,0,
reports/csv/contract__pusch-ul-data-chain__ul-resource-grid-equalized-symbol-summaries.csv,442,24ed735516b13710b89e397b9f6199bc1979b37a01be872edcb7e00bb134433b,True,2,10,0,0,0,0.0,0,0,0,0,0,0,0,0,False,0,,0,
reports/csv/contract__run-trial-scenario-overview__error-warning-fallback-stacked-time-series.csv,2942,30b1c6f20a64e75ce2a9899a7204a3f1e2ab978abc1e17728360aebde128c453,True,10,15,0,0,20,0.13333333333333333,0,0,0,0,0,0,30,20,False,0,,0,
reports/csv/contract__run-trial-scenario-overview__required-vs-failed-case-bar-chart.csv,556,96e04d349cea47298cfe4f1ba53ebfedff18274129c9b65ac5f0f5cbd41dda94,True,4,7,0,0,0,0.0,0,0,0,0,0,0,0,0,False,0,,0,
reports/csv/contract__run-trial-scenario-overview__run-health-timeline.csv,444,3de0df3d9b8bea726fc62566fa9707590ddc97cfc442e7cb54c63065f05878ce,True,1,15,0,0,2,0.13333333333333333,0,0,0,0,0,0,0,0,False,0,,0,
reports/csv/contract__run-trial-scenario-overview__truth-policy-violations-by-category.csv,469,723ff5c826080059d4002086c42e7f9d768abea804d23d243734548eee23b16b,True,1,15,0,0,2,0.13333333333333333,0,0,0,0,0,0,0,0,False,0,,0,
reports/csv/contract__scenario-geometry-topology-layout__azimuth-elevation-rose-plots.csv,22692,ac72b3b2ea075cdb41881cc550bc10183a3e384a6d48438ba7dd803ac7cd3730,True,184,8,0,0,0,0.0,0,0,0,0,0,0,0,0,False,0,,0,
reports/csv/contract__scenario-geometry-topology-layout__bs-sector-ue-topology-scatter-plot.csv,334,c0087fa9bea1f8eba8d53f9fab45436f7df793f91b9c88bd395b6b5b97fff3b2,True,2,8,0,0,0,0.0,0,0,0,0,0,0,0,0,False,0,,0,
reports/csv/contract__scenario-geometry-topology-layout__candidate-cell-rank-heatmap.csv,883,f300b1d4a7ac1a06b331fe10994ffa347635c0274c5a018ed8f92ea9961ac17e,True,8,7,0,0,0,0.0,0,0,7,0,0,0,0,0,False,0,,0,
reports/csv/contract__scenario-geometry-topology-layout__distance-distribution-histogram.csv,1587,7c094a033ced71318288ada98c206cfb6af62c7eb4752e1467ab7bddc66689ec,True,12,7,0,0,0,0.0,0,0,0,0,0,0,0,0,False,0,,0,
reports/csv/contract__scenario-geometry-topology-layout__path-geometry-summary-charts.csv,3148,f6b7d86f182843cfc81ce2636f921723ea90125b8313715261f38fd9e2587303,True,25,7,0,0,0,0.0,0,0,0,0,0,0,0,0,False,0,,0,
reports/csv/contract__scenario-geometry-topology-layout__serving-cell-map.csv,296,2b269f8e89e40f2a0457e4842cfe63065d118f8d711a2893eb9eb89a3cfe00e5,True,2,8,0,0,0,0.0,0,0,0,0,0,0,0,0,False,0,,0,
reports/csv/contract__scenario-geometry-topology-layout__ue-trajectory-overlay.csv,3031,4ead030320262315efc72896079d8559f7990fe9e1620b2a559d55b495f69f60,True,25,8,0,0,0,0.0,0,0,0,0,0,0,0,0,False,0,,0,
reports/csv/contract__scheduler-mac-queue-qos-power-control-uci-flow__cqi-vs-selected-mcs.csv,840,c5bea0cd25becd2364ee4a50cc131715edca1b108ea83192500b19dd9c761de0,True,3,15,0,0,6,0.13333333333333333,0,0,0,0,0,0,0,0,False,0,,0,
reports/csv/contract__scheduler-mac-queue-qos-power-control-uci-flow__grant-reason-distribution.csv,493,bc44daa028632b1b8bdd286c9983fb988c01d22f952a4f03b1cdf7716bfb7d4e,True,1,15,0,0,2,0.13333333333333333,0,0,0,0,0,0,0,0,False,0,,0,
reports/csv/contract__scheduler-mac-queue-qos-power-control-uci-flow__hol-delay-over-time.csv,3414,f42335ac1be7424723f0cadb2cf0526a03fb16a5bacf9fcbf8e884cbf7452608,True,29,7,0,0,0,0.0,0,0,0,0,0,0,0,0,False,0,,0,
reports/csv/contract__scheduler-mac-queue-qos-power-control-uci-flow__mcs-over-time.csv,1851,f6d16bc38d3b78a59ae30f4d9806339dba6a671143469f9d50dbccd4bb4979b4,True,8,15,0,0,16,0.13333333333333333,0,0,0,0,0,0,0,0,False,0,,0,
reports/csv/contract__scheduler-mac-queue-qos-power-control-uci-flow__queue-depth-over-time.csv,1462,1ab05d7c17e00f7626e407bdb9ca6dc2927548bd24b494d371e732fb0cdf57cc,True,6,15,0,0,12,0.13333333333333333,0,0,0,0,0,0,0,0,False,0,,0,
reports/csv/contract__scheduler-mac-queue-qos-power-control-uci-flow__scheduled-prbs-per-ue-over-time.csv,1690,8ad6094c66100663c834decd791ae4e361acf6f08ad5b2e99dea74b5aebf1f59,True,6,15,0,0,12,0.13333333333333333,0,0,0,0,0,0,0,0,False,0,,0,
reports/csv/contract__scheduler-mac-queue-qos-power-control-uci-flow__scheduler-fairness-over-time.csv,452,46e6a94989e695749cf75ce90d32957fd019cedbb7e651cd4927620e8ccd1500,True,3,8,0,0,0,0.0,0,0,0,0,0,0,0,0,False,0,,0,
reports/csv/contract__scheduler-mac-queue-qos-power-control-uci-flow__sr-bsr-event-timeline.csv,672,3b5da7f051950be6e2dc666b7a605711ca24bd54e181cc9c86217c7da4c10955,True,2,15,0,0,4,0.13333333333333333,0,0,0,0,0,0,0,0,False,0,,0,
reports/csv/contract__srs-ul-sounding-massive-mimo-inputs__channel-estimate-quality-trend.csv,822,3f59aa114a60985d0c18a3aa95c9e7667ee052fed73f519d764ebe85f415bc3b,True,2,15,0,0,4,0.13333333333333333,0,0,0,0,0,0,0,0,False,0,,0,
reports/csv/contract__srs-ul-sounding-massive-mimo-inputs__srs-consumption-by-scheduler-beam-module.csv,784,8c9a9605b8de326ad0cd2907e392b829a9ed25c331dcfc8dbe83d1069a694181,True,2,15,0,0,4,0.13333333333333333,0,0,0,0,0,0,0,0,False,0,,0,
reports/csv/contract__srs-ul-sounding-massive-mimo-inputs__srs-validity-timeline.csv,680,496cfb3c38144cd801cb6f9b1518241009d3fd20cd3ea59f1650f4d4e4b3dba2,True,2,15,0,0,4,0.13333333333333333,0,0,0,0,0,0,0,0,False,0,,0,
reports/csv/contract__ssb-pbch-pss-sss__pbch-stage-latency.csv,2781,6174e1fe3394108ff58712994a8de1038519cd315c4b2bbb43420aa1c37a784f,True,32,6,0,0,0,0.0,0,0,0,0,0,0,0,0,False,0,,0,
reports/csv/contract__ssb-pbch-pss-sss__ssb-index-timeline.csv,1385,63c3bc5ad452c10ab4714699fc04902659c7098e496e28dec057f9807228b502,True,16,6,0,0,0,0.0,0,0,0,0,0,0,0,0,False,0,,0,
reports/csv/contract__ssb-pbch-pss-sss__ssb-pbch-occupancy-map.csv,1465,d88a906bb88d7c414b437fd9f38969f7571973db3ef742599984d0b9b6321b13,True,16,8,0,0,0,0.0,0,0,12,0,0,0,0,0,False,0,,0,
reports/csv/contract__ssb-pbch-pss-sss__sync-success-failure-timeline-if-available.csv,1308,ab522fea2e6ec159c65a9ff6c2105698365630bf8f8ab5529e3ff0d57b6db146,True,4,15,0,0,8,0.13333333333333333,0,0,0,0,0,0,0,0,False,0,,0,
reports/csv/contract__ue-side-state-ue-power-ue-control__drx-state-timeline.csv,420,0e323434222cc612102bc1abae4b8ca7eb7d1e2b7a8e4d58d6b80d925705d44e,True,1,15,0,0,2,0.13333333333333333,0,0,0,0,0,0,0,0,False,0,,0,
reports/csv/contract__ue-side-state-ue-power-ue-control__ue-control-report-timeline.csv,8683,43b7df1c6520ab2932483469aec9ef14f820a34ce22f17a20b1c1a7e12221d25,True,31,15,0,0,62,0.13333333333333333,0,0,0,0,0,0,0,0,False,0,,0,
reports/csv/contract__ue-side-state-ue-power-ue-control__ue-energy-proxy-timeline.csv,4187,89454742da44e6a3cc65860bd9330f5c5667faec400438927faa50b5f708db22,True,15,15,0,0,30,0.13333333333333333,0,0,0,0,15,0,0,0,False,0,,0,
reports/csv/contract__ue-side-state-ue-power-ue-control__ue-tx-power-timeline.csv,1896,e0d7c984fa62f091f9497918ce9e6b56256a2264c19f633a097b5848b9d681d7,True,7,15,0,0,14,0.13333333333333333,0,0,0,0,0,0,0,0,False,0,,0,
reports/csv/contract_materialization_coverage.csv,300,bbe9bae5389aeb24c10a7d938761e40ba82adbd053c312a481b8d20acbc2a853,True,1,12,0,0,0,0.0,0,0,0,0,0,0,0,0,False,0,,0,
reports/csv/contract_materialization_manifest.csv,149669,9758eaaa4cf0dde48098911bf9680a53b8e9bea98bc674f35de84fea15e2bf28,True,722,5,0,0,0,0.0,0,0,0,0,4,0,11,7,False,0,,0,
reports/csv/contract_plot_lineage.csv,123787,1e3024a37bb53441f4d21888d40806bbdeb9618d467da3a0b8aea5e31cac79b7,True,287,13,0,0,287,0.07692307692307693,0,0,0,0,3,0,6,3,False,0,,0,
reports/csv/control_overhead_analytics_table.csv,4655,58f019cb0be09ee22ee4fffd8c00bd2c558987176491a6ee06830cb397676a5e,True,7,33,0,0,112,0.48484848484848486,91,0,0,0,0,0,0,0,False,0,,0,
reports/csv/cqi_table_reference.csv,5431,0084364f462e17c02151bd94437d239f41405959c5c4a9507cd7fbcfdadd9429,True,32,9,0,0,2,0.006944444444444444,0,0,0,0,0,0,0,0,False,0,,0,
reports/csv/cross_layer_correlation_table.csv,1450,1e827f34722c43fa8b3e83a7caf3bdc1641e73cff3590915b4aafe05005bb04e,True,2,33,0,0,30,0.45454545454545453,26,0,0,0,0,0,0,0,False,0,,0,
reports/csv/csi_outputs.csv,23744,bafbfed56f272b99cbba214879273a1ad9110a3e0d3a8fa35f556187716761a2,True,83,14,0,0,26,0.022375215146299483,2,0,0,0,4,0,8,0,False,0,,0,
reports/csv/csi_report_table.csv,3011,31bb71e260b7b021605b4154a6c449faa16747ad3de0fd9e9a3b80752c6cc947,True,8,21,0,0,29,0.17261904761904762,26,0,0,0,0,0,0,0,False,0,,0,
reports/csv/csi_rs_runtime_event_table.csv,1296,2899467e4428c7dbbc0b889c4de66464c475cfd2475d8097a989c310aea0f338,True,2,29,0,0,0,0.0,0,0,0,0,0,0,0,0,False,0,,0,
reports/csv/debug_trace_outputs.csv,8531,58382cec270e3b2f303cd3934c0475c887dc5035a3f4c8f0dd40d6e7912580ae,True,24,14,0,0,60,0.17857142857142858,24,0,0,0,3,3,3,0,False,0,,0,
reports/csv/deployment_layout_reference.csv,439,c077adc10516acb0436111fb55c79335b2580371acddda29be1e9d13e67efd4b,True,1,17,0,0,0,0.0,0,0,0,0,0,0,0,0,False,0,,0,
reports/csv/dl_pdsch_objective_artifact_schema.csv,1233,bbfaf6dc18ad2b29b6a69fba29d14bd83438e2e33a9d64b4dbd820cf5225bc50,True,4,5,0,0,0,0.0,0,0,0,0,0,0,0,0,False,0,,0,
reports/csv/dl_pdsch_objective_failures.csv,128,ae5a314255cc8ed9f9bd628b39c52743b45e6b414ab295607e610cbf5ca2f6d5,True,0,8,0,0,0,0.0,0,0,0,0,0,0,0,0,True,1,header_only_no_rows,0,
reports/csv/dl_pdsch_raw_bler_ber_objective.csv,1196,b6d9231199eff84dff7332c29ba3ed6bee5ab6c87936f4fb6a202e9233badc8b,True,1,48,0,0,1,0.020833333333333332,0,0,0,0,0,0,0,0,False,0,,0,
reports/csv/dl_resource_grid_heatmap.csv,75028,04cebb871038a9c58721a2875536d063a47190ef0ec95b68ef52bc128081724b,True,150,33,0,0,1800,0.36363636363636365,1500,0,0,0,0,0,0,0,False,0,,0,
reports/csv/doppler_reconciliation.csv,3686,4603f7e643869532cb0117926edf6af52b156a0af6a35e32df677564814b4823,True,25,13,0,0,0,0.0,0,0,0,0,0,0,0,0,False,0,,0,
reports/csv/doppler_time_variation_plot.csv,14634,184a9d0f75f7b57cfd11a781a52306e105cf17e953b41b8e27997022f0b9f13d,True,25,32,0,0,325,0.40625,250,0,0,0,0,0,0,0,False,0,,0,
reports/csv/dut_reference_comparison.csv,18328,e3f8d73e8673eac548b1e2317149caed1c714bcb21e08f470214f020255d434e,True,49,21,0,0,168,0.16326530612244897,109,0,0,0,0,0,0,0,False,0,,0,
reports/csv/energy_efficiency_outputs.csv,4482,d8a9c9ad827a4c22ad1b01be367b2413ca9f28d0c27487cce9c5309de5a4d4ad,True,15,14,0,0,4,0.01904761904761905,2,0,0,0,2,0,0,0,False,0,,0,
reports/csv/energy_model_gate.csv,446,521ea9e711c0beeaa1dec5afcd99fdf078bb550e8ca70a0d396a1a0b027988c1,True,1,14,0,0,0,0.0,0,0,0,0,0,0,0,0,False,0,,0,
reports/csv/energy_root_cause_table.csv,1498,cef194845db76dbb87191cc5c5876734dde67547e3a178b7cd77929a9d80ba87,True,2,35,0,0,32,0.45714285714285713,26,0,0,0,0,0,0,0,False,0,,0,
reports/csv/equalized_constellations.csv,3796351,59f230f95f6d0c8e5cd73b477c1202cdc64c4d7840024b63ad5e85ed19a592ca,True,4096,65,0,0,0,0.0,0,0,0,0,0,0,0,0,False,0,,0,
reports/csv/evm_reconciliation.csv,490,7d6858c9481833d8930531f89f4361abf8707d03c0bc1172f6c2128aa26e3442,True,2,9,0,0,0,0.0,0,0,0,0,0,0,0,0,False,0,,0,
reports/csv/feature_parameter_index.csv,2916,40f9f0c02f326d3da1040044390dca5305b4a4207257d3ffac62ef5d10959d5b,True,45,8,0,0,0,0.0,0,0,0,0,0,0,0,0,False,0,,0,
reports/csv/fer_summary.csv,1861,85470286265e35ee57b691c0803c1bf1e556d5376e73b794e155c99961365662,True,4,14,0,0,6,0.10714285714285714,6,0,0,0,0,0,0,0,False,0,,0,
reports/csv/final_scientific_claims_truthfulness.csv,329,8dbd96e89c8ef88fd367e2e94d22c55ef6b7aa529c4ba0901b38d5358fe6f719,True,1,8,0,0,0,0.0,0,0,0,0,0,0,0,0,False,0,,0,
reports/csv/generated_value_plausibility_audit.csv,1559,fe8ccbc5c7abff6a3e7320e0f05dc20e477daba252f0547e3dbfe46671d4fc67,True,6,13,0,0,6,0.07692307692307693,0,3,0,0,0,0,0,0,False,0,,0,
reports/csv/geometry_plot_lineage.csv,84,cfeb1691fed838d397d27b27a5c92518e110138eb48a2362fa008ebfa8efe15b,True,0,8,0,0,0,0.0,0,0,0,0,0,0,0,0,True,1,header_only_no_rows,0,
reports/csv/geometry_runtime_audit.csv,3616,dec9192f5011dd0a63320a7e760d7e646555f0abe88698e581f78c0c8a7c1ed3,True,24,6,0,0,3,0.020833333333333332,2,0,0,0,0,0,0,0,False,0,,0,
reports/csv/hardcoded_parameter_audit.csv,11696,41a3b90deb8789fc1fdfdecc168d126fabeee2c65177b7a3a26524c054f0da0b,True,26,13,0,0,0,0.0,0,0,0,0,0,0,46,0,False,0,,0,
reports/csv/harq_outputs.csv,2092,98c463f05dcd515e1b5c11794763d99a40342527f18410ef55b7308c3c5a0618,True,10,14,0,0,60,0.42857142857142855,10,0,0,0,0,0,0,0,False,0,,0,
reports/csv/honest_unavailable_registry.csv,22666,30a9b50cef948d60ece6a157b753b59edf837de700a0497d94d711ff1bcab7cd,True,33,36,0,0,591,0.49747474747474746,429,0,0,0,0,0,0,0,False,0,,0,
reports/csv/hotspot_analytics_table.csv,1023,cdf84cfce88a990255f6985b7d8b40c79e695f69f6c595c1b1c48db8e5db7965,True,1,36,0,0,16,0.4444444444444444,13,0,0,0,0,0,0,0,False,0,,0,
reports/csv/implementation_function_coverage.csv,5367,dc7ed0139ed9fde46a7d00240fef9347e4e2113dac13f7fce0eb1e0b2b23ae1a,True,21,21,0,0,42,0.09523809523809523,10,0,0,0,0,0,0,0,False,0,,0,
reports/csv/initial_access_lifecycle_trace.csv,5010,a7408d1823c14119d3465259514c421a518eacb56c26fb670c992306a7ea743f,True,8,33,0,0,32,0.12121212121212122,32,0,0,0,5,0,0,0,False,0,,0,
reports/csv/initial_access_random_access_outputs.csv,18658,b47a215db8e9777d282cfe7f5fbdb1c86fdbafa60d889da4a7223d126a470735,True,51,14,0,0,10,0.014005602240896359,1,0,0,0,0,0,0,0,False,0,,0,
reports/csv/instrumentation_coverage_table.csv,13381,3d703341f29fa2b65c22e3337688a60da043a78a0bd860dd544b665b4e4b4241,True,25,36,0,0,375,0.4166666666666667,325,0,0,0,0,0,0,0,False,0,,0,
reports/csv/interference_accounting.csv,594,21103665730bef5c82030e01bdfdd30e0ff02612a461fa363c5f5803d1552063,True,2,13,0,0,0,0.0,0,0,0,0,0,0,0,0,False,0,,0,
reports/csv/iq_imbalance_reconciliation.csv,341,b260b18b05ccbd11bea530a03dc4e69c3d73a4560af65bb15a160031f47541b3,True,2,11,0,0,0,0.0,0,0,0,0,0,0,0,0,False,0,,0,
reports/csv/kpi_application_packet_delivery_ledger_dl.csv,13269,d67c795c860e7914af0e603a39b6f704fcd73fb9a7bdcf67526030e24171d9ea,True,25,32,0,0,40,0.05,26,0,0,0,0,0,0,0,False,0,,0,
reports/csv/kpi_application_packet_delivery_ledger_ul.csv,13536,972f37d367fae8ee9fb4eee902a7fce85a9852d68351d7b697c0ca59062365bf,True,25,32,0,0,25,0.03125,16,0,0,0,0,0,0,0,False,0,,0,
reports/csv/kpi_consistency_gate.csv,896,1658e1f68a9ca8d03155a37dff7afb35df0a492511bf3459b7ea8538de419031,True,6,8,0,0,6,0.125,0,0,0,0,0,0,0,0,False,0,,0,
reports/csv/kpi_direction_isolation_audit.csv,778,36ce4a4a0d0721946a905b65c030b729820095724b46893b563494f30db98529,True,2,13,0,0,2,0.07692307692307693,0,0,0,0,0,0,0,0,False,0,,0,
reports/csv/kpi_duration_source_audit.csv,559,5286375f664306e4e751826791ff4e23d289393249b50200b3a80e1baca80edc,True,2,14,0,0,2,0.07142857142857142,0,0,0,0,0,0,0,0,False,0,,0,
reports/csv/kpi_formula_registry.csv,17307,d7520f4798dcf19ab57a8b03f87aa77b53cec95054706f2e346a14ffaee38b20,True,28,22,0,0,0,0.0,0,0,0,0,28,0,0,0,False,0,,0,
reports/csv/kpi_harq_delivery_trace_dl.csv,1695,20c2a06cd0e5bb2566e9d292428da95fe47632d860c0c73910112a34a35c626c,True,6,27,0,0,6,0.037037037037037035,0,0,0,0,0,0,0,0,False,0,,0,
reports/csv/kpi_harq_delivery_trace_ul.csv,831,2728db2b72225c1941a69fb66d659e441828655a55b6c901c614dfa344382a22,True,2,27,0,0,2,0.037037037037037035,0,0,0,0,0,0,0,0,False,0,,0,
reports/csv/kpi_health_flags.csv,8129,6a944244cddaa9c5d805e38b9335e95ee0480924dae4846ad73adcf3b2978072,True,12,39,0,0,190,0.405982905982906,156,0,0,0,14,0,12,0,False,0,,0,
reports/csv/kpi_known_bug_regression.csv,282,668a8da10be56ca6dacd524e41b7ace03b950c383c204fbb6510cdad6533f6f6,True,1,10,0,0,1,0.1,0,0,0,0,0,0,0,0,False,0,,0,
reports/csv/kpi_legacy_alias_map.csv,711,5d2bdca5004a1c6477f6a2e92a672b3986388f7be34d1707309bd61630b8a908,True,4,12,0,0,4,0.08333333333333333,0,0,0,0,0,0,0,0,False,0,,0,
reports/csv/kpi_lineage_table.csv,11410,b607fd2d087144d8c8d4c403f2c55f6be3ccc297ef6a1794a15e0d0842dcb36b,True,28,26,0,0,32,0.04395604395604396,4,0,0,0,0,0,0,0,False,0,,0,
reports/csv/kpi_objective_binding.csv,6264,038b6a3f21a162225345bdd64827bfd76714e02b2dde2ad297dc9770eb2a132e,True,28,15,0,0,24,0.05714285714285714,0,0,0,0,0,0,0,0,False,0,,0,
reports/csv/kpi_packet_sdu_delivery_ledger_dl.csv,9664,2e7193c56fc08f9f195a0ddd1f8d4121a61b116f935974566f10c799c24be150,True,17,38,0,0,0,0.0,0,0,0,0,0,0,0,0,False,0,,0,
reports/csv/kpi_packet_sdu_delivery_ledger_ul.csv,10284,17b888a39674b3576ded11ec8653ac9173a0e298a2f5f42add779cb0540e09fe,True,18,38,0,0,0,0.0,0,0,0,0,0,0,0,0,False,0,,0,
reports/csv/kpi_primary_trial_source_reconciliation.csv,555,150a310abe06d8b57bcf860d1b50cccf577771b908ae3931e097990b4b12edf0,True,2,7,0,0,0,0.0,0,0,0,0,0,0,0,0,False,0,,0,
reports/csv/kpi_raw_table_schema_audit.csv,1933,b1ef0e9fe3f728abaf6b2977bd703d97c24204e21ac878b2402d808fb79782fa,True,10,13,0,0,10,0.07692307692307693,0,0,0,0,0,0,0,0,False,0,,0,
reports/csv/kpi_reconstruction_summary.csv,13462,7c49ab0c3b961426e7e30baa38ea051cb304c5315bd03f3b06d85ef1a113f2ed,True,28,42,0,0,52,0.04421768707482993,24,0,0,0,0,0,0,0,False,0,,0,
reports/csv/kpi_row_contributions_dl.csv,2550,3184158c57ad98aa7bd1e991ff312b55fbbaec3a0adcf10656a22065747997d9,True,6,33,0,0,6,0.030303030303030304,0,0,0,0,0,0,0,0,False,0,,0,
reports/csv/kpi_row_contributions_ul.csv,1142,075af7f83f5e692deed036d54ef22b14724ff2e1fe61c450c3c643de4f7f4568,True,2,33,0,0,2,0.030303030303030304,0,0,0,0,0,0,0,0,False,0,,0,
reports/csv/kpi_source_table_manifest.csv,3582,7eefd5c023ae03cf7c61649a15de20ca2198a6cd4aa1e3553b1353a2ebf4096d,True,8,19,0,0,8,0.05263157894736842,0,0,0,0,0,0,0,0,False,0,,0,
reports/csv/kpi_tb_delivery_ledger_dl.csv,1695,20c2a06cd0e5bb2566e9d292428da95fe47632d860c0c73910112a34a35c626c,True,6,27,0,0,6,0.037037037037037035,0,0,0,0,0,0,0,0,False,0,,0,
reports/csv/kpi_tb_delivery_ledger_ul.csv,831,2728db2b72225c1941a69fb66d659e441828655a55b6c901c614dfa344382a22,True,2,27,0,0,2,0.037037037037037035,0,0,0,0,0,0,0,0,False,0,,0,
reports/csv/kpi_unit_conversion_audit.csv,1483,a4255482bb402555c8e92b8546492f4dbf040046be0cf27f0d51251278b300a2,True,8,14,0,0,16,0.14285714285714285,8,0,0,0,0,0,0,0,False,0,,0,
reports/csv/latency_cdf_plot.csv,4687,3aa1352b3c7811d63b7aaeee025c562b798feac88b25e29e40f2217f5282bbfb,True,8,33,0,0,128,0.48484848484848486,104,0,0,0,0,0,0,0,False,0,,0,
reports/csv/latency_reconciliation.csv,175,c889311a76315d7c1bb569517254942013bb3b01d15e3183bc16ec9bd9c03aa8,True,1,5,0,0,1,0.2,0,0,0,0,0,0,0,0,False,0,,0,
reports/csv/latency_root_cause_table.csv,910,84eac1384e72dbb2932de1c295cee433c2d760cd8a16ae11bf3f6899000deb65,True,1,32,0,0,13,0.40625,11,0,0,0,0,0,0,0,False,0,,0,
reports/csv/live_access_state.csv,14986,e1b3b97b4f59f17a10d0e1afa5e0aca258215c8a9d3602d3e546f683261ce612,True,1,445,0,0,0,0.0,0,0,0,0,2,0,0,0,False,0,,0,
reports/csv/live_ack_nack_table.csv,2960,24e1e30fb346c471c6297f6e61210740e5cb7ac04efc89b0210c40fb90eb80b4,True,8,31,0,0,0,0.0,0,0,0,0,0,0,0,0,False,0,,0,
reports/csv/live_artifact_write_table.csv,131720,a78fe18d5b5142c8f4b7f6c916662b9c839dfd6a06ef628bda2f12f8b2661c96,True,896,8,0,0,896,0.125,0,0,0,0,10,0,2,0,False,0,,0,
reports/csv/live_bb_power_table.csv,40000,29a18fe852d5a3ae1b5bf2568c052602d3d5ee76257ae5da96e140194f861dca,True,37,64,0,0,93,0.03927364864864865,93,0,0,0,0,0,0,0,False,0,,0,
reports/csv/live_beam_management_procedure_stats.csv,25498,c86546f345a4cb402d5bc06d8e2c91bd226aa4e4c498d15c1119bebc18fd7361,True,93,19,0,0,339,0.19185059422750425,339,0,0,0,0,0,0,0,False,0,,0,
reports/csv/live_beam_p1_acquisition_stats.csv,8964,cde2a2541b93a4603a120178329554c9fa3bf2a38dbf4bd75769df7dac9f8d33,True,36,15,0,0,0,0.0,0,0,0,0,0,0,0,0,False,0,,0,
reports/csv/live_beam_p2_refinement_stats.csv,16153,5b6865bf3648d63ec8967d9c0a523f21ae90a2749d126f5914af4f20ab519922,True,57,19,0,0,195,0.18005540166204986,195,0,0,0,0,0,0,0,False,0,,0,
reports/csv/live_beam_selection_stats.csv,25498,c86546f345a4cb402d5bc06d8e2c91bd226aa4e4c498d15c1119bebc18fd7361,True,93,19,0,0,339,0.19185059422750425,339,0,0,0,0,0,0,0,False,0,,0,
reports/csv/live_beam_selection_table.csv,6779,50d6d28746606a37942d80253b7b95a238e948281c17513fcabbf65f9c6f4585,True,16,36,0,0,160,0.2777777777777778,16,0,0,0,0,0,0,0,False,0,,0,
reports/csv/live_browser_surface_integrity_table.csv,31564,07f18b5c187f8085b69e8527ebec71d0fab5a754e7a4574f08a1c5688c235b06,True,130,8,0,0,0,0.0,0,0,0,0,1,0,0,0,False,0,,0,
reports/csv/live_bsr_state.csv,5784,cd33969b5390039d8f0546edd0d5cbff190da869d95e8f664f9785cd803ffafe,True,2,135,0,0,11,0.040740740740740744,10,0,0,0,0,0,0,0,False,0,,0,
reports/csv/live_buffer_status.csv,13488,e065c08059ec0901ee736bcc1979adf2104f5dfea12c70bbb94f2ac0812c36cb,True,6,136,0,0,39,0.04779411764705882,36,0,0,0,0,0,0,0,False,0,,0,
reports/csv/live_bwp_state.csv,6707,1debf3ba4e63471fff99121a10bff9da79aaea56bdc1d7b86c087301f5ac995f,True,2,112,0,0,0,0.0,0,0,0,0,0,0,0,0,False,0,,0,
reports/csv/live_candidate_cell_runtime.csv,7400,e962a52276eb3b122c1e248732340118451d9009827588b0a8ab82979eb809ae,True,8,36,0,0,0,0.0,0,0,0,0,0,0,0,0,False,0,,0,
reports/csv/live_candidate_cell_table.csv,7167,f497542e1740a9d329de58e0dcfdda21159aa8536d441e7d7d760b97e5a5a7bb,True,8,36,0,0,0,0.0,0,0,0,0,0,0,0,0,False,0,,0,
reports/csv/live_carrier_config.csv,6707,1debf3ba4e63471fff99121a10bff9da79aaea56bdc1d7b86c087301f5ac995f,True,2,112,0,0,0,0.0,0,0,0,0,0,0,0,0,False,0,,0,
reports/csv/live_case_status.csv,905,1e8c32d97b6c1621453dca9167dc0d6f4f7509427f4cc0f04d930256426b92f0,True,10,9,0,0,0,0.0,0,0,0,0,0,0,0,0,False,0,,0,
reports/csv/live_cell_measurement_trace.csv,3943,8f45721dc54a9f2dfc08ffaee6a81052853428eaaba570d5c447b458835f0ab5,True,8,28,0,0,0,0.0,0,0,0,0,0,0,0,0,False,0,,0,
reports/csv/live_cell_reselection_events.csv,101,57aab5382a447764d5ded9f1ded89f441b96b7500ee3ba4fd35544ad880a6b6d,True,0,11,0,0,0,0.0,0,0,0,0,0,0,0,0,True,1,header_only_no_rows,0,
reports/csv/live_cell_table.csv,228,2272d3dbf8de14434eb6c133ced052348010bcbc0074113033d443401d0e9bc2,True,1,9,0,0,0,0.0,0,0,0,0,0,0,0,0,False,0,,0,
reports/csv/live_channel_estimation_stats.csv,11586,19b529d471d89d76ec495a46f585a227e9868d21768bfca3b96d72dd97fc979d,True,40,17,0,0,0,0.0,0,0,0,0,0,0,0,0,False,0,,0,
reports/csv/live_channel_estimation_tti.csv,6425,d0b3dcfb7681c61582a06415e26b836773fb37b29b86db64036e85055d552fa5,True,8,41,0,0,6,0.018292682926829267,6,0,0,0,0,0,0,0,False,0,,0,
reports/csv/live_channel_realization_table.csv,3987,70e67472fbae76f5b2be700a3104b5da864faab69fbd3dd25e5e9e32649d324e,True,42,11,0,0,82,0.1774891774891775,0,0,12,0,0,0,0,0,False,0,,0,
reports/csv/live_channel_state_tti.csv,43767,0b7ce3ee3a2e8b404c37da2e70dc29c062995fb92462ff0920bc62545940a3c8,True,8,238,0,0,68,0.03571428571428571,68,0,0,0,32,0,0,0,False,0,,0,
reports/csv/live_combiner_table.csv,692,cb29b528096d212401effd76ba0c44ed1d77a6db9a5ee2e07f97a1e3fa79da9b,True,8,10,0,0,10,0.125,10,0,0,0,0,0,0,0,False,0,,0,
reports/csv/live_consistency_check_table.csv,31564,07f18b5c187f8085b69e8527ebec71d0fab5a754e7a4574f08a1c5688c235b06,True,130,8,0,0,0,0.0,0,0,0,0,1,0,0,0,False,0,,0,
reports/csv/live_control_gating_state.csv,1947,4b6ae6b297da71704cb9660d75db78411bafad62e6182d1f5fbf4bd64bb57bcd,True,1,61,0,0,0,0.0,0,0,0,0,0,0,0,0,False,0,,0,
reports/csv/live_control_gating_summary.csv,853,ef3a29b4b580febb444241970985dd43097556901cf01f95b0aa45bbb2581aea,True,1,30,0,0,0,0.0,0,0,0,0,0,0,0,0,False,0,,0,
reports/csv/live_coreset_state.csv,53120,29229e01610deb36b00779ce523dcf3581be7107799cf733f2d03b9d94ce75c2,True,8,421,0,0,18,0.005344418052256532,18,0,0,0,16,0,0,0,False,0,,0,
reports/csv/live_coverage_layer.csv,1783,3a27f2725965f104d81f206f1d280b041dc94808bcd97b56b436cc66f74fd311,True,1,45,0,0,0,0.0,0,0,0,0,1,0,0,0,False,0,,0,
reports/csv/live_coverage_snapshot.csv,1811,3614daa77a907b3cc321add9fb80af64891ce110dc1c8bb168e796af73a21127,True,1,41,0,0,0,0.0,0,0,0,0,1,0,0,0,False,0,,0,
reports/csv/live_csi_feedback_stats.csv,3202,e2be762efd54ba00c23d4c65bdb529d8bb560940938ea821082206f70f98dfae,True,12,17,0,0,0,0.0,0,0,0,0,0,0,0,0,False,0,,0,
reports/csv/live_csi_feedback_table.csv,2997,7352666802849cf8fc597cb17e49ba4da7f41110bf1b1d2f0dc6ad0950eda58a,True,12,17,0,0,0,0.0,0,0,0,0,0,0,0,0,False,0,,0,
reports/csv/live_csi_output_table.csv,21700,26c3425287922b9363c56baf54870131f1a41a8683308574d26c637101bcb40b,True,83,14,0,0,26,0.022375215146299483,2,0,0,0,4,0,8,0,False,0,,0,
reports/csv/live_csirs_resource_table.csv,937,91d1d1a5ab4d2e8e30de038d492f9341dc731aa920f4253b550c0cef39abf09e,True,5,8,0,0,3,0.075,3,0,0,0,0,0,0,0,False,0,,0,
reports/csv/live_csirs_stage_table.csv,937,91d1d1a5ab4d2e8e30de038d492f9341dc731aa920f4253b550c0cef39abf09e,True,5,8,0,0,3,0.075,3,0,0,0,0,0,0,0,False,0,,0,
reports/csv/live_csirs_stats.csv,983,a58d148e340f88e4d2a92c4741ac13b65f6503488f8b46da367d5bff8bc9009c,True,5,8,0,0,3,0.075,3,0,0,0,0,0,0,0,False,0,,0,
reports/csv/live_csv_write_table.csv,100624,edba74d8e93dc08429f6a87b6810f6806880f5c59590bf69e1496bf150385cbd,True,638,8,0,0,638,0.125,0,0,0,0,6,0,2,0,False,0,,0,
reports/csv/live_db_write_table.csv,131430,37a03f608343bb338f007e2e38f40522fe1c1305ccdb0a7a7a672021d07b1849,True,894,8,0,0,894,0.125,0,0,0,0,10,0,2,0,False,0,,0,
reports/csv/live_decoder_summary.csv,2078,74fedc6d691e70ef4e97d123874ef542d06c08197f2dbcd7c281faf24148b31c,True,32,10,0,0,72,0.225,0,0,12,0,0,0,0,0,False,0,,0,
reports/csv/live_dl_scheduler_grants.csv,13488,e065c08059ec0901ee736bcc1979adf2104f5dfea12c70bbb94f2ac0812c36cb,True,6,136,0,0,39,0.04779411764705882,36,0,0,0,0,0,0,0,False,0,,0,
reports/csv/live_drx_state.csv,174,5f8715131253ceb92332a02e7c89d92986d6eec557e5433a09bfd5672d746b29,True,1,8,0,0,0,0.0,0,0,0,0,0,0,0,0,False,0,,0,
reports/csv/live_energy_efficiency_table.csv,5108,9e17410ba7c9debd5fcb7712a54f515a0b71a74af376efb5e58a20dfcbc29336,True,4,50,0,0,10,0.05,10,0,0,0,0,0,0,0,False,0,,0,
reports/csv/live_error_rate_summary.csv,1861,85470286265e35ee57b691c0803c1bf1e556d5376e73b794e155c99961365662,True,4,14,0,0,6,0.10714285714285714,6,0,0,0,0,0,0,0,False,0,,0,
reports/csv/live_event_trigger_table.csv,39166,653f4e3bae4d825a099c43c94c27cd4517e0f26d703049497db8d34a6910c21e,True,25,72,0,0,140,0.07777777777777778,140,0,0,0,8,0,0,0,False,0,,0,
reports/csv/live_frame_grid_state.csv,6707,1debf3ba4e63471fff99121a10bff9da79aaea56bdc1d7b86c087301f5ac995f,True,2,112,0,0,0,0.0,0,0,0,0,0,0,0,0,False,0,,0,
reports/csv/live_gnb_state_table.csv,1241,173e6550cde5afcb9361cf2315bc0475b4adcf909c275e321202592e05a60870,True,1,29,0,0,0,0.0,0,0,0,0,0,0,0,0,False,0,,0,
reports/csv/live_harq_process_table.csv,2470,3350abffd52d9b264412e0ef7cb7db5d51e2ff41e0a52605a414eaeba7e98635,True,4,25,0,0,0,0.0,0,0,0,0,0,0,0,0,False,0,,0,
reports/csv/live_harq_timeline.csv,2960,24e1e30fb346c471c6297f6e61210740e5cb7ac04efc89b0210c40fb90eb80b4,True,8,31,0,0,0,0.0,0,0,0,0,0,0,0,0,False,0,,0,
reports/csv/live_hol_delay_state.csv,12857,b32deeff82ce3302290111c5d6f08fc17a956556e137e07219df4b560182915c,True,6,136,0,0,39,0.04779411764705882,36,0,0,0,0,0,0,0,False,0,,0,
reports/csv/live_impairment_table.csv,4694,771717e29e782d923b5a39671ea63358b7a3be27363a2daf11b2607f5b6d9bc8,True,16,35,0,0,127,0.22678571428571428,0,0,0,0,0,0,0,0,False,0,,0,
reports/csv/live_interference_table.csv,2630,e695fdcbee8030e6cece061a8a2a648847be6920699fe9889df880bdce100f36,True,32,11,0,0,120,0.3409090909090909,0,0,12,0,0,0,0,0,False,0,,0,
reports/csv/live_link_adaptation_input_table.csv,3197,ffb7e6b79769034bcf46e92d548d33c7733d2250e3321758eea441e0d33ec44c,True,8,27,0,0,10,0.046296296296296294,10,0,0,0,0,0,0,0,False,0,,0,
reports/csv/live_link_table.csv,2723,17b92fd92a6c0b55f5417b8db47f17d373a8d6f6a64d1865ee7c192287c159ec,True,32,12,0,0,96,0.25,0,0,0,0,0,0,0,0,False,0,,0,
reports/csv/live_llr_summary.csv,1027,e0ca1f16da09b7f9ca9b5c0d068013d0f08b7fb38e4cd7c2d9aff81655ed867b,True,8,10,0,0,0,0.0,0,0,0,0,0,0,0,0,False,0,,0,
reports/csv/live_mac_ce_state.csv,545,bfd95194d57e6afec475771ab2130539fc8f90854fe3e8fcc83b78299311f458,True,6,10,0,0,0,0.0,0,0,4,0,0,0,0,0,False,0,,0,
reports/csv/live_mac_pdu_summary.csv,746,067b6a239c703abf53c0e3dad05dd424d3b758c7f92919658c65d00072b3fef1,True,8,11,0,0,0,0.0,0,0,0,0,0,0,0,0,False,0,,0,
reports/csv/live_measurement_filter_state.csv,39166,653f4e3bae4d825a099c43c94c27cd4517e0f26d703049497db8d34a6910c21e,True,25,72,0,0,140,0.07777777777777778,140,0,0,0,8,0,0,0,False,0,,0,
reports/csv/live_measurement_table.csv,4173,27abc465f38224ba06a359fdf4e96acb4e4ddc48100bfc2aa6b96c0a1be628fc,True,8,33,0,0,16,0.06060606060606061,12,0,0,0,0,0,0,0,False,0,,0,
reports/csv/live_mimo_state_table.csv,666,1cd6f11dd1997b104ad3c6eeb0c77d36033cade1eaded754d0e02a25bed81df0,True,8,11,0,0,0,0.0,0,0,0,0,0,0,0,0,False,0,,0,
reports/csv/live_mobility_state.csv,40592,886fac8aaaccbfcfd8b215cca9938bee9df78d2674d7d76bdb84a5b60f976dd9,True,25,72,0,0,140,0.07777777777777778,140,0,0,0,8,0,0,0,False,0,,0,
reports/csv/live_modulation_demodulation_trace.csv,15054,707a5fc7eb7e40ec440d612a6915a8593e970fc5d029ea71a8de85006ed7e502,True,8,79,0,0,16,0.02531645569620253,16,0,0,0,32,0,0,0,False,0,,0,
reports/csv/live_numerology_state.csv,6707,1debf3ba4e63471fff99121a10bff9da79aaea56bdc1d7b86c087301f5ac995f,True,2,112,0,0,0,0.0,0,0,0,0,0,0,0,0,False,0,,0,
reports/csv/live_path_geometry_table.csv,205,245912c95f103d43f7d94b8e16d69e2ed608aa73f93fa08b018dda0b17f2c88d,True,2,8,0,0,7,0.4375,0,0,0,0,0,0,0,0,False,0,,0,
reports/csv/live_pbch_summary.csv,94975,79ba800eb2d3c6db3874ec37c6e2cc3d2bc52c7264caff05ea9aa2f1585e7222,True,16,372,0,0,0,0.0,0,0,0,0,32,0,0,0,False,0,,0,
reports/csv/live_pdcch_dmrs_table.csv,53120,29229e01610deb36b00779ce523dcf3581be7107799cf733f2d03b9d94ce75c2,True,8,421,0,0,18,0.005344418052256532,18,0,0,0,16,0,0,0,False,0,,0,
reports/csv/live_pdcch_stage_table.csv,53120,29229e01610deb36b00779ce523dcf3581be7107799cf733f2d03b9d94ce75c2,True,8,421,0,0,18,0.005344418052256532,18,0,0,0,16,0,0,0,False,0,,0,
reports/csv/live_pdcch_summary.csv,53120,29229e01610deb36b00779ce523dcf3581be7107799cf733f2d03b9d94ce75c2,True,8,421,0,0,18,0.005344418052256532,18,0,0,0,16,0,0,0,False,0,,0,
reports/csv/live_pdsch_code_block_table.csv,1442,d218cccc974cea0ba2aa557c77c867c9dfdb9336c4eb7685176f6488a2100b67,True,6,30,0,0,0,0.0,0,0,0,0,0,0,0,0,False,0,,0,
reports/csv/live_pdsch_dmrs_ptrs_table.csv,233259,ecf2766298dca0f14f3f56769a0021b13fceed465c4ca18d671a623ece2041f3,True,6,807,0,0,85,0.01755472945064023,73,0,0,0,24,0,0,0,False,0,,0,
reports/csv/live_pdsch_mapping_table.csv,64863,c40bb07af587747009572c0b85a417ca8e198216512d58b8b878659008401e01,True,150,21,0,0,0,0.0,0,0,0,0,0,0,0,0,False,0,,0,
reports/csv/live_pdsch_stage_table.csv,5371,92a55ad009792584394cfe81c9b177b1013959c3b127ceaa2047e6ae1389b353,True,25,14,0,0,26,0.07428571428571429,3,0,0,0,0,0,0,0,False,0,,0,
reports/csv/live_pdsch_transport_block_table.csv,2957,b906dc3092becdcc0175b099bd4ca80af2ebe47023b329935c324d9bac22672b,True,6,32,0,0,0,0.0,0,0,0,0,0,0,0,0,False,0,,0,
reports/csv/live_per_cell_context.csv,228,2272d3dbf8de14434eb6c133ced052348010bcbc0074113033d443401d0e9bc2,True,1,9,0,0,0,0.0,0,0,0,0,0,0,0,0,False,0,,0,
reports/csv/live_per_ue_context.csv,724,56d44ee53215d6b9199e3c96a59c57cf62289b508189bf0ed55b3e4f0deb1080,True,1,29,0,0,0,0.0,0,0,0,0,0,0,0,0,False,0,,0,
reports/csv/live_phr_state.csv,10347,a99ee8172830654a0c411264c8de1c1bb26283b637105f8c2ec7ba0ffb264572,True,36,14,0,0,21,0.041666666666666664,5,0,0,0,0,0,0,0,False,0,,0,
reports/csv/live_phy_mac_api_table.csv,4473,7c4c9f28cb6b1eaa815fed78e0fd9de6b3ab7c25894e8b63dfeec0bd7abedf29,True,25,12,0,0,0,0.0,0,0,0,0,0,0,0,0,False,0,,0,
reports/csv/live_power_runtime_table.csv,84895,42cebf3764550422fcf5babe5d20925101ce1649bd029c6542d03f3c8e6e58a9,True,74,68,0,0,357,0.07094594594594594,357,0,0,0,0,0,0,0,False,0,,0,
reports/csv/live_prach_detection_table.csv,335,71e7104856af387d5d14b7fde3551a51f31c41a1528a717fa755fc6931553d88,True,1,16,0,0,0,0.0,0,0,0,0,0,0,0,0,False,0,,0,
reports/csv/live_prach_occasion_state.csv,14986,e1b3b97b4f59f17a10d0e1afa5e0aca258215c8a9d3602d3e546f683261ce612,True,1,445,0,0,0,0.0,0,0,0,0,2,0,0,0,False,0,,0,
reports/csv/live_prach_stage_table.csv,14986,e1b3b97b4f59f17a10d0e1afa5e0aca258215c8a9d3602d3e546f683261ce612,True,1,445,0,0,0,0.0,0,0,0,0,2,0,0,0,False,0,,0,
reports/csv/live_prb_allocation_snapshot.csv,3977,600b89a0740efd25fb868822569427f2173fe0eb832dfd9043b2dae0726e9ceb,True,8,29,0,0,0,0.0,0,0,0,0,0,0,0,0,False,0,,0,
reports/csv/live_precoder_table.csv,1547,abc13fd6b62137be2ee0d04f560f30d1d5f372ed8c81e5d48b6dca2859e88acb,True,8,13,0,0,0,0.0,0,0,0,0,0,0,0,0,False,0,,0,
reports/csv/live_pucch_f2_table.csv,10035,4c688cf7e5a9f5198ed01555584bf476fddac1735908be7071d51244274640a7,True,2,188,0,0,2,0.005319148936170213,0,0,0,0,4,0,0,0,False,0,,0,
reports/csv/live_pucch_summary.csv,10107,be74a4b8b1b80671b7a1f2a77764a22dd4f8811b229106f7ea3d3fa16efe3c84,True,2,188,0,0,0,0.0,0,0,0,0,4,0,0,0,False,0,,0,
reports/csv/live_pusch_rx_summary.csv,266,f813644cf2eef8299b2c523dc2cfb9c3756d3a70a7fd5f1952f1231ec7d5adc7,True,2,11,0,0,0,0.0,0,0,0,0,0,0,0,0,False,0,,0,
reports/csv/live_pusch_stage_table.csv,10347,a99ee8172830654a0c411264c8de1c1bb26283b637105f8c2ec7ba0ffb264572,True,36,14,0,0,21,0.041666666666666664,5,0,0,0,0,0,0,0,False,0,,0,
reports/csv/live_qos_state.csv,726,a04a509d72a884544c9a1ab1af71b04c2428250a08bdb760bc5b83170eee5a99,True,1,29,0,0,0,0.0,0,0,0,0,0,0,0,0,False,0,,0,
reports/csv/live_queue_state.csv,13488,e065c08059ec0901ee736bcc1979adf2104f5dfea12c70bbb94f2ac0812c36cb,True,6,136,0,0,39,0.04779411764705882,36,0,0,0,0,0,0,0,False,0,,0,
reports/csv/live_random_access_state.csv,14986,e1b3b97b4f59f17a10d0e1afa5e0aca258215c8a9d3602d3e546f683261ce612,True,1,445,0,0,0,0.0,0,0,0,0,2,0,0,0,False,0,,0,
reports/csv/live_rank_estimation_stats.csv,1647,134e0922074366d2be7403a6e160a6468eb1f013abeb8bfb5c90abbd2de2dfb0,True,6,17,0,0,0,0.0,0,0,0,0,0,0,0,0,False,0,,0,
reports/csv/live_re_allocation_snapshot.csv,3239245,c1a3fe6fa4a3c71dbdf3ce5fb140121422611ab2976109202872c05bc4801a1e,True,3872,34,0,0,3392,0.025765678172095283,3392,0,0,0,0,0,0,0,False,0,,0,
reports/csv/live_receiver_tracking_state.csv,1282,b96fd1c11a43271dbdb205eece439becba9b717954215c4d2759f68b3bdca790,True,1,33,0,0,0,0.0,0,0,0,0,0,0,0,0,False,0,,0,
reports/csv/live_receiver_tracking_trace.csv,4037,4b0fe5fe067b3f60f79f4eb45fd15bb0b88410a90b59c20546396a50ea1ac2cc,True,5,33,0,0,0,0.0,0,0,0,0,0,0,0,0,False,0,,0,
reports/csv/live_required_vs_optional_case_status.csv,6047,5c794b1cbf66b3465b91a8fc5d0a82616e29bf09f3940aafa87df2b5d086f8d2,True,74,9,0,0,0,0.0,0,0,0,0,1,0,0,0,False,0,,0,
reports/csv/live_reselection_state.csv,40592,886fac8aaaccbfcfd8b215cca9938bee9df78d2674d7d76bdb84a5b60f976dd9,True,25,72,0,0,140,0.07777777777777778,140,0,0,0,8,0,0,0,False,0,,0,
reports/csv/live_rf_power_table.csv,86722,4d7dc60ea5502d279a38ceb046f7edc56a09af3372d8ccbd9ab57398885bc040,True,74,69,0,0,357,0.0699177438307873,357,0,0,0,0,0,0,0,False,0,,0,
reports/csv/live_rsrp_serving_trace.csv,36006,769e5426337545ea59caf21ac3fa14e63740760a1b349bfbe7315341d61e2783,True,25,72,0,0,225,0.125,208,0,0,0,8,0,0,0,False,0,,0,
reports/csv/live_run_overview.csv,460,c277c7d27d9525536141638a0c931d59ec018e101d6e88844974e8228b3f0bbe,True,1,20,0,0,6,0.3,0,0,0,0,0,0,0,0,False,0,,0,
reports/csv/live_scenario_overview.csv,406,bf94f3db694ec90b1ef615c45195a39f857f259eebb286f34d7123a0484348b4,True,1,18,0,0,1,0.05555555555555555,0,0,0,0,0,0,0,0,False,0,,0,
reports/csv/live_scheduler_cycle.csv,4694,1872f171de31fcab71f3131082b3b4e60b912f65b7b487727e1b1f3fdd6fa949,True,8,36,0,0,3,0.010416666666666666,3,0,0,0,0,0,0,0,False,0,,0,
reports/csv/live_search_space_state.csv,53120,29229e01610deb36b00779ce523dcf3581be7107799cf733f2d03b9d94ce75c2,True,8,421,0,0,18,0.005344418052256532,18,0,0,0,16,0,0,0,False,0,,0,
reports/csv/live_sector_table.csv,237,e6efe209d696dc04974751605cda97a63893dc3508a3d058081bb6efde9f5b26,True,1,13,0,0,0,0.0,0,0,0,0,0,0,0,0,False,0,,0,
reports/csv/live_selection_state.csv,40592,886fac8aaaccbfcfd8b215cca9938bee9df78d2674d7d76bdb84a5b60f976dd9,True,25,72,0,0,140,0.07777777777777778,140,0,0,0,8,0,0,0,False,0,,0,
reports/csv/live_site_table.csv,187,cc96d21f32963327bb5946b097e20182a444b2435ef2be9909c4a68804a1dedf,True,1,8,0,0,0,0.0,0,0,0,0,0,0,0,0,False,0,,0,
reports/csv/live_sleep_state_table.csv,5726,4f73c905c3f98e9049bb03ad50cf19e5cc13264a86d233d1055f6ecbfa94a1d8,True,5,48,0,0,8,0.03333333333333333,8,0,0,0,0,0,0,0,False,0,,0,
reports/csv/live_soft_buffer_table.csv,2369,6e10074d9048065f9050dc1e03712447418d34d4a4aa4986f00e602da71c5ede,True,4,25,0,0,0,0.0,0,0,0,0,0,0,0,0,False,0,,0,
reports/csv/live_sr_state.csv,11168,47c92afe0f25dd7e75968ebb165434696e13d97bdb699576cb67a25f3ca83330,True,6,97,0,0,0,0.0,0,0,0,0,0,0,0,0,False,0,,0,
reports/csv/live_srs_channel_estimation_table.csv,16162,d7e27e31a25aafce8de9fdc6ad8649668b6163b16d8b69a99117f3cce7ec3320,True,2,344,0,0,1,0.0014534883720930232,1,0,0,0,4,0,0,0,False,0,,0,
reports/csv/live_srs_stage_table.csv,16162,d7e27e31a25aafce8de9fdc6ad8649668b6163b16d8b69a99117f3cce7ec3320,True,2,344,0,0,1,0.0014534883720930232,1,0,0,0,4,0,0,0,False,0,,0,
reports/csv/live_ssb_occasion_state.csv,94975,79ba800eb2d3c6db3874ec37c6e2cc3d2bc52c7264caff05ea9aa2f1585e7222,True,16,372,0,0,0,0.0,0,0,0,0,32,0,0,0,False,0,,0,
reports/csv/live_ssb_stage_table.csv,94975,79ba800eb2d3c6db3874ec37c6e2cc3d2bc52c7264caff05ea9aa2f1585e7222,True,16,372,0,0,0,0.0,0,0,0,0,32,0,0,0,False,0,,0,
reports/csv/live_symbol_throughput_table.csv,82099,876c87d4ecf2e7e715974b6c32f8d61b8203eb61e78d6fb402aa6e6963cf0065,True,364,27,0,0,1256,0.1277981277981278,1256,0,0,0,0,0,0,0,False,0,,0,
reports/csv/live_sync_signal_state.csv,94975,79ba800eb2d3c6db3874ec37c6e2cc3d2bc52c7264caff05ea9aa2f1585e7222,True,16,372,0,0,0,0.0,0,0,0,0,32,0,0,0,False,0,,0,
reports/csv/live_thread_orchestration_table.csv,6707,1debf3ba4e63471fff99121a10bff9da79aaea56bdc1d7b86c087301f5ac995f,True,2,112,0,0,0,0.0,0,0,0,0,0,0,0,0,False,0,,0,
reports/csv/live_tracking_table.csv,1478,0719b5014a9e169eb0dbca1c94770f8ef5165ba2519292f375578dbb945c672a,True,13,12,0,0,13,0.08333333333333333,0,0,0,0,0,0,0,0,False,0,,0,
reports/csv/live_trial_overview.csv,977,896fd175fc2d0fb9c0305ae3058096eaacdaa1236cc814dac52747b13b8eab85,True,8,10,0,0,13,0.1625,0,0,0,0,0,0,0,0,False,0,,0,
reports/csv/live_trp_table.csv,260,d27c3aa8300f19e681f4df715cff478bd6d5871422673d0fef668a6620df0215,True,1,15,0,0,0,0.0,0,0,0,0,0,0,0,0,False,0,,0,
reports/csv/live_truth_policy_status.csv,905,1e8c32d97b6c1621453dca9167dc0d6f4f7509427f4cc0f04d930256426b92f0,True,10,9,0,0,0,0.0,0,0,0,0,0,0,0,0,False,0,,0,
reports/csv/live_tx_rx_stage_trace.csv,45430,ed2f04d3d13c4d9211d8d806352bf373625242180f4cf488347dff0522767c88,True,8,264,0,0,72,0.03409090909090909,72,0,0,0,32,0,0,0,False,0,,0,
reports/csv/live_uci_table.csv,11168,47c92afe0f25dd7e75968ebb165434696e13d97bdb699576cb67a25f3ca83330,True,6,97,0,0,0,0.0,0,0,0,0,0,0,0,0,False,0,,0,
reports/csv/live_ue_control_state.csv,10347,a99ee8172830654a0c411264c8de1c1bb26283b637105f8c2ec7ba0ffb264572,True,36,14,0,0,21,0.041666666666666664,5,0,0,0,0,0,0,0,False,0,,0,
reports/csv/live_ue_measurement_state.csv,4109,cc7ed4cc4be21a628c0c4333445c57df6e3670ad58c9a6faf550532fa3d789bd,True,8,23,0,0,3,0.016304347826086956,3,0,0,0,0,0,0,0,False,0,,0,
reports/csv/live_ue_power_state.csv,79936,9da0fa023aad04fe9b4d0149ca650e41e65850ea2c37b822baeb14dc75321ee3,True,74,68,0,0,357,0.07094594594594594,357,0,0,0,0,0,0,0,False,0,,0,
reports/csv/live_ue_state_table.csv,724,56d44ee53215d6b9199e3c96a59c57cf62289b508189bf0ed55b3e4f0deb1080,True,1,29,0,0,0,0.0,0,0,0,0,0,0,0,0,False,0,,0,
reports/csv/live_ue_table.csv,296,aa8f1478fa8a3e9c85f83d53462bf785a150094e73ee491f17e12941f6d35ad1,True,1,12,0,0,0,0.0,0,0,0,0,0,0,0,0,False,0,,0,
reports/csv/live_ul_dmrs_table.csv,45305,473f4dcea3cca824e16ebbf3ef897cc30f20e2109b7d07e9a40da9802163f650,True,2,804,0,0,8,0.004975124378109453,8,0,0,0,8,0,0,0,False,0,,0,
reports/csv/live_ul_scheduler_grants.csv,5987,9e3385af205f1c4ea9613f241f16b6e753962cdecfb347c7b2413e861c263302,True,2,135,0,0,11,0.040740740740740744,10,0,0,0,0,0,0,0,False,0,,0,
reports/csv/live_user_grouping_table.csv,890,40aaa259eb8b1343553fb8a3b5a0a06e3e36d2710a2c5dac1462a272921ac187,True,8,11,0,0,8,0.09090909090909091,8,0,0,0,0,0,0,0,False,0,,0,
reports/csv/live_user_performance_snapshot.csv,726,a04a509d72a884544c9a1ab1af71b04c2428250a08bdb760bc5b83170eee5a99,True,1,29,0,0,0,0.0,0,0,0,0,0,0,0,0,False,0,,0,
reports/csv/live_waveform_preview.csv,70052,f82b5fb09868db1ff826a4610a426767f9edae5a0bb3ba8c7532566d0644681d,True,256,17,0,0,0,0.0,0,0,0,0,0,0,0,0,False,0,,0,
reports/csv/llr_histograms.csv,2144,091361afe1138feedf93fe5f31e41fc190989940695f9837a2368627ec7b74af,True,24,8,0,0,0,0.0,0,0,0,0,0,0,0,0,False,0,,0,
reports/csv/lls_block_correctness_summary.csv,2614,b940cd57753fa7d82c25e170aebc1713a2d81ba7536a0e6486335aaeb6e60f9f,True,14,12,0,0,5,0.02976190476190476,0,0,0,0,0,0,0,0,False,0,,0,
reports/csv/lls_implementation_register.csv,124541,9bdf996d9ea1cfe0d3087b7663412f3c856042fd9688bf4031247e5affd46e0a,True,124,52,0,0,2281,0.3537531017369727,1612,0,0,0,3,0,0,0,False,0,,0,
reports/csv/lls_link_performance_summary.csv,771,9f6efd05e0e04f981e960c96f626ca697e8d7033cd634a69aed4c59534f26e1f,True,2,24,0,0,16,0.3333333333333333,16,0,0,0,0,0,0,0,False,0,,0,
reports/csv/lls_output_contract.csv,11356,a90c67651cb575509c68e5d9818fa96893b71c299acf5658dfa27a7c2b126f0e,True,18,22,0,0,48,0.12121212121212122,33,0,0,0,0,0,0,0,False,0,,0,
reports/csv/lls_output_metric_rows.csv,244634,9af3ac324c2654f3c29f92d28ad5e14551deb71bb44ff37235c8cc0adaf71a6c,True,789,14,0,0,628,0.056853159514756474,128,0,0,0,26,3,20,0,False,0,,0,
reports/csv/lls_output_spec_coverage.csv,67697,766e9e7088676fa99c74c037a8833a855a2b3533bcc7037b8617bc4a4c427ee4,True,221,18,0,0,88,0.02212166918049271,0,0,0,0,8,1,6,0,False,0,,0,
reports/csv/lls_phy_outcome_summary.csv,2583,cb91a5d84e3228abf044c8509fe2436fe75840a793a69dc2913eaaab1148ef3d,True,14,17,0,0,10,0.04201680672268908,0,0,0,0,0,0,0,0,False,0,,0,
reports/csv/lls_real_implementation_coverage_summary.csv,1587,c566c89b3b0336018793e9a6c6d8a3cd52ded2491b15358fd47aa0bb3efeefaa,True,12,9,0,0,10,0.09259259259259259,0,0,0,0,0,0,0,0,False,0,,0,
reports/csv/lls_reference_comparison_summary.csv,2240,cb36b73a6d77764655f3547c161f57bd7f2709cb6167e4eb4613bba822a27238,True,13,10,0,0,13,0.1,9,0,0,0,0,0,0,0,False,0,,0,
reports/csv/long_run_stability_summary.csv,379,a802262788bd645d5206af1c9c85903fac0e1737498a97b85f91e88eb8709f96,True,1,11,0,0,3,0.2727272727272727,3,0,0,0,0,0,0,0,False,0,,0,
reports/csv/mcs_cqi_decision_trace_table.csv,4613,8a212ba99099d7d09894c912d5a866d8b7252f5e700f432c11489b6075a90e22,True,8,26,0,0,15,0.07211538461538461,15,0,0,0,8,0,0,0,False,0,,0,
reports/csv/mcs_table_reference.csv,10216,e3c79256250e7a5b002eb2077fdef3cae2cec8bde897c312141ed68f208e8751,True,58,9,0,0,0,0.0,0,0,0,0,0,0,0,0,False,0,,0,
reports/csv/measured_sinr_timeseries.csv,1571,99379d84675eea8b727f3820aea8d6a5bb2ee2d4ff75769ab796ad4159a0bc75,True,8,13,0,0,0,0.0,0,0,0,0,0,0,0,0,False,0,,0,
reports/csv/measurement_output_integrity_audit.csv,1913,78f222f5d3b8825d17c8842687cf945520cdb7f1231007dad4f97f5eac2cb5e6,True,19,10,0,0,0,0.0,0,0,0,0,0,0,0,0,False,0,,0,
reports/csv/measurement_sidecar_manifest.csv,3685,b41412ce4a6f77be3dcd029845d724ad0e5e843690479c90abd642dfa631f453,True,19,9,0,0,0,0.0,0,0,0,0,0,0,0,0,False,0,,0,
reports/csv/measurements/beam_precoder_measurements.csv,2266,9aedc6d0451e3dd2d43d4be8435ec68c964a1c123d82c0576a0961c7cebe5925,True,8,30,0,0,94,0.39166666666666666,94,0,0,0,0,0,0,0,False,0,,0,
reports/csv/measurements/browser_config_runtime_values.csv,73880,d1e8e279727f2973f54105df4f757dcca39d38ef1b5d914132cffea8fd515c85,True,1071,3,0,0,0,0.0,0,0,0,0,4,0,0,0,False,0,,0,
reports/csv/measurements/dl_pdsch_measurements.csv,20423,64d1bd25a492ab100f0a396840881719c5eaa2bc9abe40c80ebea78e8edf7679,True,6,362,0,0,148,0.06813996316758748,148,0,0,0,0,0,0,0,False,0,,0,
reports/csv/measurements/noise_variance_measurements.csv,1388,da224cf1176a2a9c9ca169e82e906a7677a54e4b92ba02ea8e3628eae15eabaa,True,12,8,0,0,4,0.041666666666666664,4,0,0,0,0,0,0,0,False,0,,0,
reports/csv/measurements/parameter_binding_runtime_values.csv,78184,d53a7b54472eb1fced77330807cab4f5c143cc9a405041b95e754abd6d52ea42,True,1071,3,0,0,0,0.0,0,0,0,0,4,0,0,0,False,0,,0,
reports/csv/measurements/pbch_measurements.csv,17906,8b691b0def86f237f0148cac4930cb3ea3009e4d4a56698c458d6cb637ef6f36,True,16,180,0,0,288,0.1,288,0,0,0,0,0,0,0,False,0,,0,
reports/csv/measurements/pdcch_dci_measurements.csv,941,a003b70084c2290456e26477f136f5ad2a59b777cb65a4371346f27707c49193,True,8,16,0,0,8,0.0625,8,0,0,0,0,0,0,0,False,0,,0,
reports/csv/measurements/pdcch_measurements.csv,11540,7d55baa4d5e35915767617da8f54a46cf3c060a0f4b42da85c68bf2fd7953b33,True,8,207,0,0,178,0.10748792270531402,178,0,0,0,0,0,0,0,False,0,,0,
reports/csv/measurements/pdsch_runtime_event_measurements.csv,1395,e6df70b0170a2611f1e6bd01762f126e17bd4cdb9a6161ceaa1a778f9e23422e,True,6,24,0,0,0,0.0,0,0,0,0,0,0,0,0,False,0,,0,
reports/csv/measurements/prach_detection_measurements.csv,328,b06293169ae5b2de560d9d6bad77f142014d0c3a115fb605f8891fefd5718373,True,1,17,0,0,3,0.17647058823529413,3,0,0,0,0,0,0,0,False,0,,0,
reports/csv/measurements/prach_measurements.csv,5905,e85526d7cd83157f863f59a0b1c1a13478d748777dea543006da8a41e4e6aaee,True,1,235,0,0,16,0.06808510638297872,16,0,0,0,0,0,0,0,False,0,,0,
reports/csv/measurements/pucch_measurements.csv,2118,25539f89954a3bf2ee37e5638fc91fa33bd0d485173f9eb721ec49dc3c31d071,True,2,69,0,0,0,0.0,0,0,0,0,0,0,0,0,False,0,,0,
reports/csv/measurements/pucch_uci_measurements.csv,514,5c0d40d7de597a891d03464afd821fd251ef5a257cbb20b6aae8ced3b485b8f2,True,2,19,0,0,0,0.0,0,0,0,0,0,0,0,0,False,0,,0,
reports/csv/measurements/pusch_runtime_event_measurements.csv,683,d2f02bc2014abcfffa04440dac4cf242fff2bb6e2f4a7122b440db08c2f2201e,True,2,28,0,0,0,0.0,0,0,0,0,0,0,0,0,False,0,,0,
reports/csv/measurements/srs_measurements.csv,4421,d54112bffb393eaa131a2004ffe698c44149fa70b65620c0098ee51bf79b7e0c,True,2,155,0,0,35,0.11290322580645161,35,0,0,0,0,0,0,0,False,0,,0,
reports/csv/measurements/srs_public_measurements.csv,664,10dd35c82c435a88968146738d2678f0ddb48508d49aeb5a886563a4e15c92b9,True,2,21,0,0,8,0.19047619047619047,8,0,0,0,0,0,0,0,False,0,,0,
reports/csv/measurements/timing_synchronization_measurements.csv,2863,36c96ba555d1cf073b0174298024f64ec02ee1cfab62cda5c47a16301166699a,True,8,33,0,0,88,0.3333333333333333,88,0,0,0,0,0,0,0,False,0,,0,
reports/csv/measurements/trs_measurements.csv,7140,590d7d90fb17a224df0e555c06ac2aa8081bc2e0c8ec159aa43b3aba3bd2fd69,True,5,152,0,0,95,0.125,95,0,0,0,0,0,0,0,False,0,,0,
reports/csv/measurements/ul_pusch_measurements.csv,11368,defaae5380a15d2fb03a57d0ab0a9f5a64c11f2bc56b9cc1a2a68da360cd004a,True,2,351,0,0,30,0.042735042735042736,30,0,0,0,0,0,0,0,False,0,,0,
reports/csv/metric_definition_catalog.csv,2690,f51d2171be51c8456967d661b44beda729a8d7b35b17c7e8b54e28bcae6eaae3,True,13,12,0,0,5,0.03205128205128205,0,0,0,0,0,0,0,0,False,0,,0,
reports/csv/metric_unit_role_catalog.csv,1697,55766684fbed2ceec726a5a0ce1ca17a040a7805fff6616f6bdae1c9a682982f,True,13,9,0,0,5,0.042735042735042736,0,0,0,0,0,0,0,0,False,0,,0,
reports/csv/mimo_kpi_reconciliation.csv,1518,d64e4a0549565288cb8c900c5a4f497af7230484c5c5db6f7d343783c6465647,True,1,56,0,0,0,0.0,0,0,0,0,0,0,0,0,False,0,,0,
reports/csv/mimo_rank_utilization_table.csv,415,bdf208f4ea1c94bcf95e792b311b966ca836f8615a5fa1138d6787db5849c12e,True,2,14,0,0,2,0.07142857142857142,2,0,0,0,0,0,0,0,False,0,,0,
reports/csv/mobility_adequacy_report.csv,855,8575cd5e97a271bd6e98ff7547d7c0b76b8c1535e6458ab5a2cab72362695af7,True,1,31,0,0,0,0.0,0,0,0,0,0,0,0,0,False,0,,0,
reports/csv/mobility_kpi_reconciliation.csv,293,2e3b3be327b62ccf384395b89fbc8b9d567bc7195eb965911ea47db29833195c,True,1,9,0,0,0,0.0,0,0,0,0,1,0,0,0,False,0,,0,
reports/csv/modulation_shaping_outputs.csv,13267,7b47cb0228d62af9a8e6db3b162c7fd6cf29fbe289f3766770987e409d6e4797,True,57,14,0,0,54,0.06766917293233082,3,0,0,0,0,0,0,0,False,0,,0,
reports/csv/neighbor_degree_histogram_data.csv,924,f57581d8b7669b6ea8e3892c151ccf10a81bb025f3442d1b3d2a37df8906b38b,True,1,32,0,0,16,0.5,13,0,0,0,0,0,0,0,False,0,,0,
reports/csv/noise_reconciliation.csv,1465,f269ed88fd9ad973ef7e0b407d2ab3598ac4343f6ecb286355148aa475b50191,True,2,27,0,0,0,0.0,0,0,0,0,0,0,0,0,False,0,,0,
reports/csv/noise_variance_evidence_table.csv,4872,7b8307f8c2bd36eb9c32570baf4ffcae464da083eb4efb2a92ffebcc8e3fd169,True,12,21,0,0,30,0.11904761904761904,12,0,0,0,0,0,0,0,False,0,,0,
reports/csv/oracle_proxy_fallback_detector.csv,2528,30a02ec450e80c522ac24c78a13de1fb5593265c305637d428040adca0bdad6f,True,14,10,0,0,11,0.07857142857142857,0,0,0,0,0,0,0,0,False,0,,0,
reports/csv/output_completeness_table.csv,81760,d595a54ac6836c74f2d173e9e191495d02dfae1f56c54320952de22564cbddc7,True,124,48,0,0,2297,0.3859206989247312,1612,0,0,0,1,0,0,0,False,0,,0,
reports/csv/output_coverage_registry.csv,71645,976c61a02990f1d2588d79ba19e57816e05b07ad5c461310a0c7ee3bf0bacba2,True,124,43,0,0,2072,0.3885971492873218,1612,0,0,0,1,0,0,0,False,0,,0,
reports/csv/pa_reconciliation.csv,159,828dd259833e24296cc49ff3d0b431c5d7ee0be8cf3138f1a6847478d20a0b11,True,1,7,0,0,0,0.0,0,0,0,0,0,0,0,0,False,0,,0,
reports/csv/papr_reconciliation.csv,502,60d2a0f5d21d678df57e84d0ae6a8038992660e22adfa93723cc860246725814,True,2,9,0,0,0,0.0,0,0,0,0,0,0,0,0,False,0,,0,
reports/csv/parameter_binding_matrix.csv,1612899,477eb07952de3827d4993603469b1b7c893d049ae8d5832ff0092e12b66601e1,True,2390,38,0,0,29777,0.32786831094472585,0,0,0,0,48,0,12,6,False,0,,0,
reports/csv/path_power_normalization_reconciliation.csv,932,c0a6276274243d9176bcbba69cee679c05b090e8da2194ec55a6a77db33c1499,True,2,16,0,0,2,0.0625,0,0,0,0,0,0,0,0,False,0,,0,
reports/csv/pdcch_control_outputs.csv,11016,b9f97430cf23e34965e74c12676e0943c6fad6eca7274e004a4239f0552c7972,True,48,14,0,0,31,0.046130952380952384,0,0,0,0,0,0,0,0,False,0,,0,
reports/csv/pdcch_dci_table.csv,2950,1e9a367077187d2871f8fa85c746f50d4ce79622cdc6bc9ce5c0bf58faf98226,True,8,25,0,0,8,0.04,0,0,0,0,0,0,0,0,False,0,,0,
reports/csv/pdcch_grant_binding_evidence.csv,2512,4662e63bf30133059c69c6e13bf973be3ed6e7235211e043d1894d0e337f033e,True,8,16,0,0,0,0.0,0,0,0,0,0,0,0,0,False,0,,0,
reports/csv/pdsch_outputs.csv,5989,2a4192702c8f7692b03679928fa2b947f785f14fca0d96b6ddf177b2a996b8b0,True,25,14,0,0,26,0.07428571428571429,3,0,0,0,0,0,0,0,False,0,,0,
reports/csv/pdsch_runtime_event_table.csv,3491,8e98d237a605ade415ae675a2346cdfd884223b7a244537b6bc77161d945e418,True,6,41,0,0,6,0.024390243902439025,0,0,0,0,0,0,0,0,False,0,,0,
reports/csv/per_measured_sinr_comparison_tables.csv,1594,37edf288a756b5e5996527c0218c8074042637a02f2b49508f646cb8a91cad47,True,4,25,0,0,4,0.04,4,0,0,0,0,0,0,0,False,0,,0,
reports/csv/per_scenario_summary_tables.csv,3044,7a333b84687c39d4c1e2964126f7ffd63191bf76cb5accf7743f5034dcb50412,True,1,58,0,0,0,0.0,0,0,0,0,0,0,0,0,False,0,,0,
reports/csv/performance_profile_summary.csv,406,6ab6e1ce5b40c16c90a89bbb40022430272064c1d2e6e241b12db72027af58db,True,1,10,0,0,0,0.0,0,0,0,0,0,0,0,0,False,0,,0,
reports/csv/persistence_audit_table.csv,66826,5ad51930f3439b8f2bc01094641a1744af3058f3ddedc074b3ae38b001deb7d9,True,124,37,0,0,2098,0.45727986050566694,1612,0,0,0,1,0,0,0,False,0,,0,
reports/csv/phase7_truth_gates.csv,2473,b4a561bf77ea4d55de8c78d6dcf80ed430f0231ffcbd9eb6f73a5c22c3e5e1a3,True,1,78,0,0,1,0.01282051282051282,0,0,0,0,0,0,0,0,False,0,,0,
reports/csv/phase_noise_reconciliation.csv,182,dc641f372d2117f4f835e4b3d67c6223af399e6838c58439fe0d6309d34724e4,True,1,6,0,0,0,0.0,0,0,0,0,0,0,0,0,False,0,,0,
reports/csv/phy_block_validation_matrix.csv,8406,0591de02713e981e1609218eb2671aa32354fd4f3f70b024759ba53739ec1274,True,14,39,0,0,43,0.07875457875457875,7,0,0,0,0,0,0,0,False,0,,0,
reports/csv/phy_package_execution_audit.csv,988478,7fc6e12b1ed0281740964c83d62b6b7a218d7e17694c48f7fe6fa336610979ab,True,1777,27,0,0,0,0.0,0,0,0,0,30,0,0,0,False,0,,0,
reports/csv/phy_package_execution_evidence_gate.csv,671,1857260808cf9ffd84b3090f7c56044239f1974cfbc13a9f7dcee5e8f3c1486a,True,5,6,0,0,5,0.16666666666666666,0,0,0,0,0,0,0,0,False,0,,0,
reports/csv/phy_package_execution_summary.csv,14329,cf4bd3a47ade2bc556c2b041fd6cef024766a2404170882d713486117f77c59d,True,182,10,0,0,0,0.0,0,0,0,0,0,0,0,0,False,0,,0,
reports/csv/phy_signal_diagnostic_source.csv,40627643,2e4c3d2190a050e0df2dae3cb012b22c569ee0cb450f94535b17e6bfac1acad8,True,36094,81,0,0,716764,0.24516369123967802,716736,0,0,0,0,0,0,0,False,0,,0,
reports/csv/phy_value_invariant_checks.csv,1676,008636fd2bd4b93cf62a48120e2f79853931cee5a3ff281777505fd026bbf3ae,True,6,17,0,0,24,0.23529411764705882,18,3,0,0,0,0,0,0,False,0,,0,
reports/csv/plot_data_lineage_summary.csv,448,fbad31d2214c586dd2689f47ea70e07e629dd459e81dd94f210ba2102da8efa1,True,1,12,0,0,1,0.08333333333333333,0,0,0,0,0,0,0,0,False,0,,0,
reports/csv/plot_data_quality_table.csv,3320,952e864421a6145f6022284ff25b43f2cab8e5dc1fc689be046503dcd9bdfafa,True,27,10,0,0,68,0.2518518518518518,68,0,0,0,0,0,0,0,False,0,,0,
reports/csv/plot_manifest.csv,8791,fb865514e38b031be6329c5b1a403952c52d7b1b1c3829c7e40b4c4cb0c1d8e4,True,27,27,0,0,120,0.1646090534979424,68,0,0,0,0,0,0,0,False,0,,0,
reports/csv/plot_render_status.csv,4351,e52c6f6e02f3a49a24952fb0f8a4f03fbe45cbd149887e902f5cc598ec5cb3a0,True,27,13,0,0,59,0.16809116809116809,0,0,0,0,0,0,0,0,False,0,,0,
reports/csv/plot_suppression_table.csv,3298,419a201e11aa3d4d8ec72bc3699f8fb6d74a9bc872b6b7016accb634a90ab3d7,True,27,7,0,0,32,0.1693121693121693,0,0,0,0,0,0,0,0,False,0,,0,
reports/csv/polarization_reconciliation.csv,520,336d3ca5b7916776398224cffe57caf1f6fe68a9c518756fafa35ca3712da870,True,2,13,0,0,2,0.07692307692307693,0,0,0,0,0,0,0,0,False,0,,0,
reports/csv/prach_correlation_trace.csv,343,657aa62ae70727fbb5244eeac46173a159dac4de896f876ef1a5f3e9490f2fce,True,1,16,0,0,0,0.0,0,0,0,0,0,0,0,0,False,0,,0,
reports/csv/prach_correlation_traces.csv,343,657aa62ae70727fbb5244eeac46173a159dac4de896f876ef1a5f3e9490f2fce,True,1,16,0,0,0,0.0,0,0,0,0,0,0,0,0,False,0,,0,
reports/csv/prach_detection_table.csv,597,083ce0e3e95f3e7c3daa7b7f7951864c36925b56f92d0211c80f9630738f125a,True,1,22,0,0,4,0.18181818181818182,0,0,0,0,0,0,0,0,False,0,,0,
reports/csv/prb_allocation_heatmap.csv,75050,fe03fff36274e50507882310e40fee2c7f7b74c1f067794823141726a9657604,True,150,34,0,0,1800,0.35294117647058826,1500,0,0,0,0,0,0,0,False,0,,0,
reports/csv/production_qualification_gate.csv,1224,055f03aca726eba73a89d0dfec99eadf1147575fee7d762997cf121c9fc9e724,True,9,6,0,0,3,0.05555555555555555,0,0,0,3,0,0,0,0,False,0,,0,
reports/csv/provenance_sidecars/beam_precoder_provenance.csv,9708,ff84b8eecf37c9dcadb5e257b9783e8eb8c3316e62eca9902f17a8697f3ca15b,True,8,48,0,0,32,0.08333333333333333,32,0,0,0,0,0,0,0,False,0,,0,
reports/csv/provenance_sidecars/browser_config_surface_provenance.csv,1020011,dc079793504e4d99b70a7afad3f8fa15d0beb7120ae2bbaf1a62df7f6646692b,True,2390,18,0,0,8519,0.1980241748024175,8489,0,0,0,34,0,10,4,False,0,,0,
reports/csv/provenance_sidecars/dl_pdsch_provenance.csv,205710,17e3fa28c634af8afca94825040a3d8e25989570aaac45bc6a2e782fa207c88e,True,6,438,0,0,84,0.0319634703196347,60,0,0,0,24,0,0,0,False,0,,0,
reports/csv/provenance_sidecars/noise_variance_provenance.csv,5180,b88ca00f9ecb43bf905dfb2df32f7496789661b4cc941b0ca0a5c5a3f00f9794,True,12,20,0,0,30,0.125,12,0,0,0,0,0,0,0,False,0,,0,
reports/csv/provenance_sidecars/parameter_binding_provenance.csv,1723300,5aa95af41a17731cdd9fa9505fcdfee4575f66afcd2aea0d27556fa0e1c0903d,True,2390,39,0,0,29884,0.3206093766763223,10827,0,0,0,45,0,12,6,False,0,,0,
reports/csv/provenance_sidecars/pbch_provenance.csv,80774,58a152d882f306886abe713001de50073ca5deb9196c8fe236cc8785cae001dc,True,16,216,0,0,32,0.009259259259259259,32,0,0,0,32,0,0,0,False,0,,0,
reports/csv/provenance_sidecars/pdcch_dci_provenance.csv,2955,2a4a6164fc25f16a16830bbe1a61a627f3cf5613db834ff859c023b71c5a7893,True,8,17,0,0,0,0.0,0,0,0,0,0,0,0,0,False,0,,0,
reports/csv/provenance_sidecars/pdcch_provenance.csv,43647,6f50db087d052a34d94760e24e2dd166c81da52bdacf1e04863daf3f44003f21,True,8,240,0,0,24,0.0125,24,0,0,0,16,0,0,0,False,0,,0,
reports/csv/provenance_sidecars/pdsch_runtime_event_provenance.csv,2959,7709fcc73dd3c0303864ecc60fb646296b33ce9a4f1238550a248b873e9717ef,True,6,26,0,0,6,0.038461538461538464,6,0,0,0,0,0,0,0,False,0,,0,
reports/csv/provenance_sidecars/prach_detection_provenance.csv,454,c99b79a55c585de32baf1dda31169061f099f0019478e33ce2f401fad251bee2,True,1,13,0,0,1,0.07692307692307693,1,0,0,0,0,0,0,0,False,0,,0,
reports/csv/provenance_sidecars/prach_provenance.csv,9358,6aafe390379b843597d2cf89227da0eff973c50f18bd39a4db103a9227258a0f,True,1,228,0,0,1,0.0043859649122807015,1,0,0,0,2,0,0,0,False,0,,0,
reports/csv/provenance_sidecars/pucch_provenance.csv,8761,d1f4a21326c1d1583739256583c07f92756982781317085d631d6c6ba85189f1,True,2,130,0,0,2,0.007692307692307693,2,0,0,0,4,0,0,0,False,0,,0,
reports/csv/provenance_sidecars/pucch_uci_provenance.csv,1231,3ab33033dcb430a5612984ae073fd0ac3e3128382050ab02fb06172e2cb375bc,True,2,23,0,0,0,0.0,0,0,0,0,0,0,0,0,False,0,,0,
reports/csv/provenance_sidecars/pusch_runtime_event_provenance.csv,1343,c41be32de925e6380b07b0b7aed51022f21ea2ceac8fd64886424190dd0261fa,True,2,30,0,0,2,0.03333333333333333,2,0,0,0,0,0,0,0,False,0,,0,
reports/csv/provenance_sidecars/srs_provenance.csv,12574,1470d264146cc084139c476e507b8fdc1b9926ff4ce2145e5022276d687a9c80,True,2,214,0,0,4,0.009345794392523364,4,0,0,0,4,0,0,0,False,0,,0,
reports/csv/provenance_sidecars/srs_public_provenance.csv,954,03090b2530a0571b3386a421f35e6e3048a52297ee27959265502e0f9909c614,True,2,20,0,0,4,0.1,4,0,0,0,0,0,0,0,False,0,,0,
reports/csv/provenance_sidecars/timing_synchronization_provenance.csv,6486,ce076b0fa109da80b6972ae1963308fbd8040a2b74745d5b60aefaece87c7f45,True,8,33,0,0,32,0.12121212121212122,32,0,0,0,0,0,0,0,False,0,,0,
reports/csv/provenance_sidecars/trs_provenance.csv,25013,2204c970432cfff2bd1413abf8c426447f87d3f307b64a094132f533a19f3fd8,True,5,206,0,0,10,0.009708737864077669,10,0,0,0,10,0,0,0,False,0,,0,
reports/csv/provenance_sidecars/ul_pusch_provenance.csv,30439,7876047bca21e57fed1ecb774cdaef4caef91de54c76f1662acbd886672f8270,True,2,435,0,0,16,0.01839080459770115,16,0,0,0,8,0,0,0,False,0,,0,
reports/csv/public_output_claim_scan.csv,1497,2bf029ec8211479cc9e80496c674eae1b32dea574d41d53988fcbe8047e06e80,True,7,7,0,0,7,0.14285714285714285,0,0,0,0,2,0,1,0,False,0,,0,
reports/csv/publication_readiness_gate_summary.csv,335,181bc12cfd03075be5c42875ff4da49c362f1a5b55ab4c39fe0959dad94f650b,True,1,12,0,0,0,0.0,0,0,0,0,0,0,0,0,False,0,,0,
reports/csv/pucch_uci_table.csv,1475,bd1e4237ded9892c3f4d24e2dfc0a5ecaaa3048bbf00aea9c26b922502d51179,True,2,34,0,0,0,0.0,0,0,0,0,0,0,0,0,False,0,,0,
reports/csv/pusch_pucch_outputs.csv,11234,7d871f3832ce8373320ea457a1427d3712451b30d5959f65dc883536ecddcf89,True,36,14,0,0,21,0.041666666666666664,5,0,0,0,0,0,0,0,False,0,,0,
reports/csv/pusch_runtime_event_table.csv,1699,8be1b84cf6500090d0f429a70f4899fe80eddf758cd73b4d3673b1f3aac3bb4c,True,2,49,0,0,2,0.02040816326530612,0,0,0,0,0,0,0,0,False,0,,0,
reports/csv/raster_replacement_inventory.csv,50864,343c20330050919181ff24ed23378a64a477c87d50616c8dc27603c349dbcec5,True,287,7,0,0,0,0.0,0,0,0,0,1,0,2,1,False,0,,0,
reports/csv/raw_to_derived_lineage.csv,30965,b85d5be90a010e4f877f2e837585764596636e664d38844db3a7c49b96b023dc,True,87,10,0,0,104,0.11954022988505747,0,0,0,0,5,0,0,0,False,0,,0,
reports/csv/real_phy_path_evidence.csv,19313,01fc312b4f8d487d9d936747672c7b5ffc25ea7aadd00b43a6240e072034778f,True,98,7,0,0,28,0.04081632653061224,0,0,0,0,0,0,0,0,False,0,,0,
reports/csv/reference_signal_measurements.csv,13910,b7131424ceb42088dfcdb920e9aed5142379632553efbf629411dcf8a68b545c,True,29,29,0,0,208,0.2473246135552913,183,0,0,0,0,0,0,0,False,0,,0,
reports/csv/reports_all_artifacts_v.csv,132802,0c757b5b41f99ab96556075a6738c791ae9f8ca26e97845f27429693b1058965,True,903,8,0,0,903,0.125,0,0,0,0,10,0,2,0,False,0,,0,
reports/csv/reports_all_enums_v.csv,3440,e76a89fa41b8668509da5f1c0d0eb017a2072c00c269daa443b3ea19b6f26a29,True,59,5,0,0,0,0.0,0,0,0,0,0,0,0,0,False,0,,0,
reports/csv/reports_all_scalars_v.csv,517,76c9c56d9d7b9b78378055f7f748f808bd0811e65ef3b3db236669b0c0fd3fdb,True,6,5,0,0,0,0.0,0,0,0,0,0,0,0,0,False,0,,0,
reports/csv/reports_config_vs_measured_conflicts_v.csv,742,77403df14aabb24f51c81e9aae023f3d563190505f5c95db60a83c511d71a53b,True,3,8,0,0,5,0.20833333333333334,0,0,0,0,0,0,0,0,False,0,,0,
reports/csv/reports_partial_or_missing_v.csv,31564,07f18b5c187f8085b69e8527ebec71d0fab5a754e7a4574f08a1c5688c235b06,True,130,8,0,0,0,0.0,0,0,0,0,1,0,0,0,False,0,,0,
reports/csv/reports_stage_lineage_v.csv,4900,96072287e68632ff357e5cdcece966288a9f746346b4c043d560669deb87f528,True,20,4,0,0,0,0.0,0,0,0,0,0,0,0,0,False,0,,0,
reports/csv/reports_status_rollup_explanations_v.csv,31564,07f18b5c187f8085b69e8527ebec71d0fab5a754e7a4574f08a1c5688c235b06,True,130,8,0,0,0,0.0,0,0,0,0,1,0,0,0,False,0,,0,
reports/csv/reports_truth_violations_v.csv,31564,07f18b5c187f8085b69e8527ebec71d0fab5a754e7a4574f08a1c5688c235b06,True,130,8,0,0,0,0.0,0,0,0,0,1,0,0,0,False,0,,0,
reports/csv/reports_value_semantics_coverage_v.csv,3440,e76a89fa41b8668509da5f1c0d0eb017a2072c00c269daa443b3ea19b6f26a29,True,59,5,0,0,0,0.0,0,0,0,0,0,0,0,0,False,0,,0,
reports/csv/resource_overhead_analytics_table.csv,1626,b56939cbf9ea603722c286fc807825b45c5c18988d975c002948942d4108b5c4,True,2,34,0,0,28,0.4117647058823529,24,0,0,0,0,0,0,0,False,0,,0,
reports/csv/result_issue_registry.csv,432,f0388c0dbff7b1c22282f82da9029de4377abf81af7ed814ca6c4ab50209786c,True,1,14,0,0,3,0.21428571428571427,2,0,0,0,0,0,0,0,False,0,,0,
reports/csv/result_issue_registry_evaluation.csv,557,921528478f9501d508e65a57288e02829f9712c6b97ffe5dcbf80e4c1c840a29,True,1,10,0,0,0,0.0,0,0,0,0,0,0,0,0,False,0,,0,
reports/csv/result_status_summary.csv,2434,dc3d9390a7611f4eb10681c2675d3bb239d3510caaf2bedec0c816312725b025,True,1,79,0,0,4,0.05063291139240506,0,0,0,0,0,0,0,0,False,0,,0,
reports/csv/rf_chain_definition.csv,306,c9664ac2b6837d3f3944488f8b2be72463d3b46d56690011d9509e0ea86bef35,True,1,10,0,0,0,0.0,0,0,0,0,0,0,0,0,False,0,,0,
reports/csv/run_classification.csv,559,61fa990cbddb60c9095a45e74f999c6ac1728182b4aa8ad41127b1772f7b24fe,True,1,15,0,0,0,0.0,0,0,0,0,0,0,0,0,False,0,,0,
reports/csv/run_metadata_outputs.csv,15294,e69bfab038cc8f6eeb44ad2614933c519966a6faa5a6e823662fe499e8bda718,True,53,14,0,0,94,0.12668463611859837,34,0,0,0,0,0,6,0,False,0,,0,
reports/csv/run_state.csv,1473,2d3cfd6d0e912b487a307cf024be6c582b8c67eb4a583ed38d8d5508c3dcfa54,True,1,42,0,0,1,0.023809523809523808,1,0,0,0,0,0,0,0,False,0,,0,
reports/csv/runtime_call_graph.csv,1441,88c8383067e0d6d5b506a09d2643a7d84176321120bdeab35983fe5e053fbc25,True,9,6,0,0,0,0.0,0,0,0,0,0,0,0,0,False,0,,0,
reports/csv/runtime_call_ledger.csv,48925,5f851a2e80384dd789c7a4f8c2ea1b0fb574a0b462c4e45b27013e61f875b66f,True,147,12,0,0,0,0.0,0,0,0,0,0,0,0,0,False,0,,0,
reports/csv/runtime_config_application_evidence.csv,40571,3cb7e952acf4844395affc043f9ce3f5079be2d6c9476540c24b330387c41305,True,88,20,0,0,264,0.15,264,0,0,0,7,0,0,0,False,0,,0,
reports/csv/runtime_function_call_edges.csv,7467139,f34a0b74d3ea2c3088791ed08ca074648bf3afed03370ddb5c2b7c0dc7a89141,True,20000,9,0,0,0,0.0,0,0,0,0,624,0,18,4,False,0,,0,
reports/csv/runtime_function_profile.csv,3164517,61305503f421e55cf819d88f3fa47b214071bd594090843f3f1bb30c187e4192,True,8359,14,0,0,7,5.981576743629621e-05,0,0,0,0,235,0,4,4,False,0,,0,
reports/csv/runtime_issue_registry.csv,1492,46d3b2951a2ea54f14135a0807d3be7c39d0b479b1cf3b16fe54ea5f7fca4856,True,1,41,0,0,15,0.36585365853658536,13,0,0,0,0,0,0,0,False,0,,0,
reports/csv/runtime_operating_mode.csv,6578,cc7810a3f325c9e18fb0763e8f049cc15122f8ea0e1c68a8963669a7127d9d77,True,2,112,0,0,8,0.03571428571428571,8,0,0,0,0,0,0,0,False,0,,0,
reports/csv/runtime_profiler_summary.csv,286,326a0026ef3d837c9a4e29d4650e120b1a496eba505300ad95ab8a58ef14042c,True,1,10,0,0,0,0.0,0,0,0,0,0,0,0,0,False,0,,0,
reports/csv/runtime_stage_profile.csv,5523,618c534f58f12b799fe37eb3fc6add46b095e238511f75e8f5f1f66230daf4ea,True,20,9,0,0,0,0.0,0,0,0,0,0,0,0,0,False,0,,0,
reports/csv/runtime_value_source_dictionary.csv,32089,a16c2048b71d042b481c5e225bc7c29e037329bc6e025b15a2a10c7128ef3c9c,True,84,14,0,0,82,0.06972789115646258,0,0,0,0,12,0,1,0,False,0,,0,
reports/csv/scenario_consistency_check_table.csv,6395,8f8f5b714ff547227edc874dc47cd43caa60008195f94135b49753ae15d37f59,True,11,35,0,0,178,0.4623376623376623,143,0,0,0,0,0,0,0,False,0,,0,
reports/csv/scenario_objective_gates.csv,2039,fd3a4b02e68645af82751f9200b0533468b26b35c1b8e5f2d1162af402ca3230,True,8,14,0,0,19,0.16964285714285715,0,0,0,0,0,0,0,0,False,0,,0,
reports/csv/scenario_summary.csv,4012,fd2948b9a341e99e58a86bdb5067ac27ecff0acf6bb5a5ae1808c1f10e586ba4,True,1,80,0,0,0,0.0,0,0,0,0,0,0,0,0,False,0,,0,
reports/csv/scheduler_kpi_reconciliation.csv,264,1d6caf9ab0f73fddb63de42b02a35f964c3113321d3e0ac3260cb6ee69411454,True,1,9,0,0,1,0.1111111111111111,0,0,0,0,0,0,0,0,False,0,,0,
reports/csv/sector_utilization_summary_table.csv,1112,207ce8569c848f81377060cef2c123fde153ec67259427cc6be3ed64e52b123b,True,1,32,0,0,13,0.40625,10,0,0,0,0,0,0,0,False,0,,0,
reports/csv/sectors.csv,241,9b90672ba08d30d92dfc5540975877f43ffd45327179a847535dff93e7483982,True,1,13,0,0,0,0.0,0,0,0,0,0,0,0,0,False,0,,0,
reports/csv/serial_parallel_determinism.csv,213,b216d76aee326536397d0af65a248cd94783bc108106956a491c84638f0dc282,True,1,7,0,0,0,0.0,0,0,0,0,0,0,0,0,False,0,,0,
reports/csv/serving_cell_population_table.csv,1100,c78f206cbf6edd1c93f2dbc47be0c823d5afbd354995b1220a4f2fe7e1c81f75,True,1,35,0,0,15,0.42857142857142855,12,0,0,0,0,0,0,0,False,0,,0,
reports/csv/sites.csv,191,dd90aac0e1931886ab310e5c4ef7e20013c5691ee7e3f2913595a18428d870a9,True,1,8,0,0,0,0.0,0,0,0,0,0,0,0,0,False,0,,0,
reports/csv/sixgr_source_file_execution_inventory.csv,988478,7fc6e12b1ed0281740964c83d62b6b7a218d7e17694c48f7fe6fa336610979ab,True,1777,27,0,0,0,0.0,0,0,0,0,30,0,0,0,False,0,,0,
reports/csv/sixgr_source_function_execution_inventory.csv,8531544,5a33f528f7c4302d3efa169711ff6f00f1f6eca3e5e8da4849bfc08e6580147b,True,16358,24,0,0,0,0.0,0,0,0,4,285,2,34,40,False,0,,0,
reports/csv/slot_trace.csv,21257,68bdd14b5904634f11cb449da278cec030eb08320043b9479c8c96bbc2e69ba9,True,25,62,0,0,99,0.06387096774193549,63,0,0,0,0,0,0,0,False,0,,0,
reports/csv/srs_measurement_table.csv,1312,4be6f98301acd4bd8bdbaef245becc5dd94e5e84a98e03141c92d60928fc0ade,True,2,33,0,0,12,0.18181818181818182,8,0,0,0,0,0,0,0,False,0,,0,
reports/csv/ssb_pbch_cell_search_table.csv,4829,974561f99527cd71b5fc8dde7152f7fe691d383da05c02d7db22f00bb333dc69,True,16,19,0,0,0,0.0,0,0,0,0,0,0,0,0,False,0,,0,
reports/csv/standards_claim_audit.csv,1178,5a4b193c17a4b6037a8bf35b1d2f29f0b43c9a9550b902325590b4ca65c89317,True,1,16,0,0,1,0.0625,0,0,0,0,2,0,1,0,False,0,,0,
reports/csv/statistical_qualification_gate.csv,349,bdcc4f57c22648ecdaa87bf8a95e19bcc56362c8bb1133f59998b6e60e23b168,True,2,6,0,0,0,0.0,0,0,0,0,0,0,0,0,False,0,,0,
reports/csv/strict_anchor_acceptance_report.csv,2771,e5665161acce05886ad891cdcec770d2883063ba3f3230a36f8dfa039e4e7de4,True,17,9,0,0,16,0.10457516339869281,0,0,0,0,0,0,0,0,False,0,,0,
reports/csv/study_to_runtime_measurement_registry.csv,2829,d1b6bf18f54d398acd29e2f5c1bbf3c735fbb99e08759bc33e04681a72b4e44f,True,6,8,0,0,0,0.0,0,0,0,0,0,0,0,0,False,0,,0,
reports/csv/summary_vs_raw_consistency.csv,6839,9909f1d9af369c0f82707ac6c5c2092ad56043bbabdfa03ff2184f9de7d8f717,True,8,11,0,0,0,0.0,0,0,0,0,0,0,0,0,False,0,,0,
reports/csv/table_channel_summary.csv,1087,0f6b9cfe5ad052f50b39334a1a9651966d0083676a8ff5da1017cd98667ef442,True,1,33,0,0,14,0.42424242424242425,11,0,0,0,0,0,0,0,False,0,,0,
reports/csv/table_cqi_pmi_ri.csv,4669,cdfbfb54f00ac2e1f5e3bc4663168ef88a446151a500f1851d56b0d9ad73dda1,True,8,36,0,0,111,0.3854166666666667,95,0,0,0,0,0,0,0,False,0,,0,
reports/csv/table_dl_transport_block.csv,3444,aac4d01a9e47a3a0bd5972038571210ee6c3eb2eb4d90ea4bb7fddbfa861c204,True,6,43,0,0,66,0.2558139534883721,54,0,0,0,0,0,0,0,False,0,,0,
reports/csv/table_field_availability_matrix.csv,18630,9c56df104f268ad7219dc977bd756f8087ff9ecdda9976967743365bb7afff36,True,173,9,0,0,24,0.015414258188824663,0,0,0,0,0,0,0,0,False,0,,0,
reports/csv/table_gnb_cell.csv,1431,066bbc3b79ad31952cd5c51adc76b9235467cd8d852195da8adade59100e058b,True,1,42,0,0,13,0.30952380952380953,10,0,0,0,0,0,0,0,False,0,,0,
reports/csv/table_harq_process.csv,2765,ade9f5c6b6a9a74abcf1b4592405e6ad69e60f3bbd41232a2c91be83bddb298f,True,4,37,0,0,48,0.32432432432432434,40,0,0,0,0,0,0,0,False,0,,0,
reports/csv/table_latency.csv,5527,1976c87c1632a9a1fbe8b21cea1daaefa0dfa141c466a4243d26ef8de3d87c78,True,8,37,0,0,88,0.2972972972972973,72,0,0,0,0,0,0,0,False,0,,0,
reports/csv/table_link_budget.csv,5265,de15c6c2c607a4371954bb9070a52cc14879e82c83f3c46fab03a6a5b636bc98,True,8,33,0,0,98,0.3712121212121212,82,0,0,0,0,0,0,0,False,0,,0,
reports/csv/table_mcs_tbs_evolution.csv,7666,a0e6010ce07d39e8d1f4522b293a7c3ef33c04c215c05791c8c3179d31d873af,True,8,61,0,0,126,0.2581967213114754,106,0,0,0,8,0,0,0,False,0,,0,
reports/csv/table_noise_interference.csv,5212,a36984553b50a84cdef0f170be9dd75effb957c517201fca3d0507ecd7d4ca17,True,8,33,0,0,104,0.3939393939393939,88,0,0,0,0,0,0,0,False,0,,0,
reports/csv/table_scenario_topology.csv,1452,4b3b5abe500cda2a2cdfd93e2212303dda7200e0478d5c8ad9638273114e293b,True,1,55,0,0,16,0.2909090909090909,13,0,0,0,0,0,0,0,False,0,,0,
reports/csv/table_ul_transport_block.csv,1458,063d9846734e3660ed526eb841d868b7c68e2301a5a77bcd54b3da840a5c5be9,True,2,43,0,0,22,0.2558139534883721,18,0,0,0,0,0,0,0,False,0,,0,
reports/csv/throughput_reconciliation.csv,219,6cee415aa50530b91bc48cbdeaad763bee2f92aab2f2b0628130ef56cbc5e32c,True,1,9,0,0,1,0.1111111111111111,0,0,0,0,0,0,0,0,False,0,,0,
reports/csv/time_profile_calls.csv,26942,c75882838b50f9879102f63e576337121590e1ab9c98a7dde99a56f8cf8b4de8,True,74,13,0,0,8,0.008316008316008316,8,0,0,0,2,0,0,0,False,0,,0,
reports/csv/time_profile_coverage.csv,2257,ac2bd7b80edab1637ad759904a1777e78b05b6987a1416b05590d6b367d98381,True,9,10,0,0,7,0.07777777777777778,0,0,0,0,0,0,0,0,False,0,,0,
reports/csv/time_profile_summary.csv,497,5052d0cfcf501980a78c97f15585def67cc2e3ee770b2982c3e8cefcbb739db3,True,1,15,0,0,0,0.0,0,0,0,0,0,0,0,0,False,0,,0,
reports/csv/timing_offset_reconciliation.csv,328,a1e3267778efc7a6260330675c1e2652c152cbb3c78b77966cde06a48363017b,True,2,9,0,0,0,0.0,0,0,0,0,0,0,0,0,False,0,,0,
reports/csv/timing_positioning_runtime_evidence.csv,1290,519d736a1c3b8bb2645113705ba50ddd1031b75c719913e54d1596208fe86fc6,True,2,15,0,0,0,0.0,0,0,0,0,0,0,0,0,False,0,,0,
reports/csv/tod_toa_trace.csv,4053,84d66e8edb87d25c4d218d02c93fd3abe4a24a2ce8ebda046e92755ed3b2c327,True,8,23,0,0,0,0.0,0,0,0,0,0,0,0,0,False,0,,0,
reports/csv/top50_visualization_contract.csv,11860,c70f327c196b5a4abe0c42e2c2cbc03cce80281a083297bb2d137a9bea5c79c8,True,50,7,0,0,41,0.11714285714285715,0,0,0,0,60,0,0,50,False,0,,0,
reports/csv/top50_visualization_evidence_inventory.csv,20084,7861a77f983d59778cda83886fced7ca41beb931fc729e02231734b0288438f2,True,50,14,0,0,112,0.16,0,0,0,0,60,0,0,50,False,0,,0,
reports/csv/topology_density_table.csv,1272,79ef7b413275d99b5998d552bade246d7f22c17bc8832429d66ce9a2adcc7ba3,True,1,41,0,0,16,0.3902439024390244,13,0,0,0,0,0,0,0,False,0,,0,
reports/csv/trajectory_geometry.csv,8481,00e6ced22595e4a8ecdeb38fb126eb4bf7b1921f6b7c43f1750aad0026a0b00f,True,25,29,0,0,0,0.0,0,0,0,0,0,0,0,0,False,0,,0,
reports/csv/trps.csv,264,f8e8947e37d70febc7ed2f29e1f6e9e1e8a36cc72ea766453ee7e2aa1eb3aa24,True,1,15,0,0,0,0.0,0,0,0,0,0,0,0,0,False,0,,0,
reports/csv/trs_receiver_tracking_table.csv,1895,c1f14997b76deae31197a3d763042682025a5e37f4402cc6a2d2948ce5af04f5,True,5,20,0,0,15,0.15,0,0,0,0,0,0,0,0,False,0,,0,
reports/csv/truth_contract_failures.csv,154,2f393dbc196cc9e56d647007ac979d86261e431d40679b3e56018726a0ea8071,True,0,10,0,0,0,0.0,0,0,0,0,0,0,0,0,True,1,header_only_no_rows,0,
reports/csv/truth_contract_summary.csv,2776,5fde2ca215b995846e02ef396dcb9840d9edaa6970c664c74de98a49558884a3,True,1,94,0,0,0,0.0,0,0,0,0,0,0,1,0,False,0,,0,
reports/csv/truth_primary_artifact_scan.csv,5588,8ece02c562a9155a7a6a2cebe4e11903b33afb36eb7b1b27ccd2c485d78797f9,True,25,5,0,0,0,0.0,0,0,0,0,0,0,0,0,False,0,,0,
reports/csv/two_mode_acceptance_gates.csv,278,64f6d61c9ba16ef6083a1d9848292f13dca4aade4dbcadf8669fb32de28b76b3,True,1,9,0,0,2,0.2222222222222222,0,0,0,0,0,0,0,0,False,0,,0,
reports/csv/ues.csv,300,b5c8dc76534e98cfaf58e873b56651fa3ac71bd5530dcc26c20f1a13ab10b51b,True,1,12,0,0,0,0.0,0,0,0,0,0,0,0,0,False,0,,0,
reports/csv/ui_feature_filter_audit.csv,13161129,9a8de07a87fbeed1f3e2c7dc60da46292105f1fa3d3030610502cfc6685053d6,True,102770,5,0,0,5666,0.011026564172423859,0,0,0,0,473,0,86,86,False,0,,0,
reports/csv/ul_resource_grid_heatmap.csv,24468,8532a42bd168caf3bd34bc3e55628231a70ed2dc955422d30ddcbb4cbd3aaaa7,True,50,33,0,0,600,0.36363636363636365,500,0,0,0,0,0,0,0,False,0,,0,
reports/csv/unavailable_plot_card_registry.csv,65,ac158b4c8af3962d552485e9aced11c576c6eb77e0ae4761c13dc17ada367d74,True,0,5,0,0,0,0.0,0,0,0,0,0,0,0,0,True,1,header_only_no_rows,0,
reports/csv/validation_messages.csv,119,cd1392223e6e02484cbfdd6a8888daa1dbae8345e78cc9ffecaf1ac729d2e89f,True,1,3,0,0,0,0.0,0,0,0,0,0,0,0,0,False,0,,0,
reports/csv/value_source_audit.csv,32365,a99214b46ede69c1bb017d87079a22abf91d9b14600e015b8ce698dadf99ea62,True,76,17,0,0,68,0.05263157894736842,0,0,0,0,19,0,2,0,False,0,,0,
reports/csv/visual_artifact_audit.csv,251144,1cce63e918e351903dc2737cad572417a6707138fbe5fbcec8069abb28c879ed,True,603,27,0,0,4827,0.2964805601621522,0,0,0,0,6,0,12,6,False,0,,0,
reports/csv/visual_artifact_integrity.csv,94267,ca6af97484d2e439d08d40addba2bddab1c12e11bea5a5526b9ede5e37bb8529,True,316,14,0,0,374,0.08453887884267632,0,0,0,0,2,0,4,2,False,0,,0,
reports/final/final_campaign_summary.csv,921,558ef44263ee638a1151e5c3f77f0b676f6b13008a742bb89cab4a105a0c4520,True,1,31,0,0,3,0.0967741935483871,3,0,0,0,0,0,0,0,False,0,,0,
reports/final/final_defect_register.csv,841,62d72417aec3e0bea25bba603213f7fa3bb68302fc6bcc9e963d51f1b9966798,True,15,4,0,0,0,0.0,0,0,0,0,0,0,0,0,False,0,,0,
reports/final/final_kpi_tables.csv,151,436324f067c85f36fe36255d7454e41897eb8b82a463f26b09f1362463e80aef,True,1,3,0,0,0,0.0,0,0,0,0,0,0,0,0,False,0,,0,
reports/final/final_scientific_claims_matrix.csv,741,dca80d714849cccb14bfd72b618da135b458984b5766247ea923757f8c5fc955,True,7,3,0,0,0,0.0,0,0,0,0,1,0,0,0,False,0,,0,
rf/csv/energy_model_terms.csv,2461,2d3273d0f2e1658fb9ed0b2699d01fcd5d92bc91d25181715b5a4a13ac7bd49b,True,12,8,0,0,0,0.0,0,0,0,0,0,0,0,0,False,0,,0,
rf/csv/energy_timeline_trace.csv,26301,1987a0a1d92ace57fc09ea4057186ac510b556684f7784b70fe000fc1a932d20,True,74,37,0,0,403,0.14718772826880935,403,0,24,0,0,0,0,0,False,0,,0,
rf/csv/iq_imbalance_timeline_trace.csv,2682,58bd7a2313bab433f9ccc7d7ce23fa35bc416059db3931bc7e1be80459da22e8,True,8,28,0,0,0,0.0,0,0,0,0,0,0,0,0,False,0,,0,
rf/csv/power_energy_table.csv,52868,f864ab948fb8d7665e1d79b55763b1e9c5c9f8db3d2096d4f49572e8684ef1ae,True,74,54,0,0,1495,0.3741241241241241,1203,0,0,0,0,0,0,0,False,0,,0,
rf/csv/probe_rf_energy.csv,4772,c720beddd2b21b75b08aa3dc10627b0a82d78ee15867617443d8e6645cb20c55,True,20,10,0,0,4,0.02,2,0,0,0,2,0,0,0,False,0,,0,
rf/csv/probe_rf_iq_imbalance.csv,1739,993acd847bf893823af75db1a7e7db816b937103730a1cc13512ae0674654f6a,True,3,25,0,0,0,0.0,0,0,0,0,0,0,0,0,False,0,,0,
runtime/csv/artifact_transactions.csv,1036928,698b59b52f96b0c5a8bd9fb36f147531950055ac88392515edfdb8fd85163ddb,True,2458,20,0,0,12290,0.25,0,0,0,0,16,0,0,0,False,0,,0,
runtime/csv/progress_heartbeat.csv,116636,158ca65efb1f653f2260cf3f604d89ee3d50e5c8c407d4827693e860dbf875a7,True,204,19,0,0,816,0.21052631578947367,0,0,0,0,24,0,0,0,False,0,,0,
runtime/csv/stage_timing_events.csv,4139,91b59e2411f0ad2e09795b52a799e52c93393c4bd34ad7d10fc5604bfc94a9a4,True,8,19,0,0,32,0.21052631578947367,0,0,0,0,0,0,0,0,False,0,,0,
storage/csv/capture_budget_validation.csv,151,0f4b1fdef6d32aa6e94520ebfb24efea4bbba3537bbb704ce1b15ca48be680a9,True,1,4,0,0,0,0.0,0,0,0,0,0,0,0,0,False,0,,0,
storage/csv/capture_policy.csv,265,4cbda9c0a29feb5b2954610a5a33babc3d1c6a0f37d6dfa6425bdfc7efa2cb2a,True,1,6,0,0,0,0.0,0,0,0,0,0,0,0,0,False,0,,0,
storage/csv/capture_volume_estimate.csv,267,c231b041ce594aa6a43d660d818da5ec5a012f05109c2cafc9d66abcb970c676,True,1,11,0,0,0,0.0,0,0,0,0,0,0,0,0,False,0,,0,
storage/csv/raw_capture_schedule.csv,260,d149b8341ca3f6761c3fb5e2ac72d3e26b0e41a9303e4889b92346915f27b0c5,True,3,4,0,0,2,0.16666666666666666,2,0,0,0,0,0,0,0,False,0,,0,
waveform/csv/final_tx_iq_capture_manifest.csv,1535,927a1b7c078298baccf4d78d9274eeabfe1c2f1ea164122cd8ca24f784486bf5,True,2,23,0,0,0,0.0,0,0,0,0,0,0,0,0,False,0,,0,
waveform/csv/final_tx_iq_dl.csv,656010,fb1ec72a9dd0b75024f64728da728b816d8115c0c40f5c4821c56a4a118f7a3b,True,7680,6,0,0,0,0.0,0,0,0,0,0,0,0,0,False,0,,0,
waveform/csv/final_tx_iq_dl_port1_keysight.csv,258844,716791bbcbbc5537579b513427a09af4c5ce93abdcc621177700d7814a985d0c,True,7680,2,0,0,0,0.0,0,0,1535,0,0,0,0,0,False,1,headerless_keysight_iq_contract,0,
waveform/csv/final_tx_iq_dl_port2_keysight.csv,258844,716791bbcbbc5537579b513427a09af4c5ce93abdcc621177700d7814a985d0c,True,7680,2,0,0,0,0.0,0,0,1535,0,0,0,0,0,False,1,headerless_keysight_iq_contract,0,
waveform/csv/final_tx_iq_ul.csv,459421,aacb14b3cc3085ba45840f2b649c69e4e2cb3aa7c5b2f52a801b3c62b83c39df,True,7680,4,0,0,0,0.0,0,0,0,0,0,0,0,0,False,0,,0,
waveform/csv/final_tx_iq_ul_port1_keysight.csv,295745,f3a1c322cc379c0c54d3bac818d7270d0aac8d58c9f90576a6cd8d118af50abc,True,7680,2,0,0,0,0.0,0,0,768,0,0,0,0,0,False,1,headerless_keysight_iq_contract,0,
