category,artifact_path,check_id,required,evaluated,passed,row_count,failure_count,details
frc_reference,reports/csv/frc_reference_points.csv,required_columns,True,True,True,8,0,
frc_reference,reports/csv/frc_reference_points.csv,metric_confidence_and_tb_arithmetic,True,True,True,8,0,
frc_reference,reports/csv/frc_reference_points.csv,configured_effective_phy_and_receiver,True,True,True,8,0,
frc_reference,reports/csv/frc_reference_points.csv,truth_channel_and_provenance,True,True,True,8,0,
frc_reference,reports/csv/frc_reference_points/dl_r_pdsch_1_1_4_fdd_awgn.csv,required_columns,True,True,True,1,0,
frc_reference,reports/csv/frc_reference_points/dl_r_pdsch_1_1_4_fdd_awgn.csv,metric_confidence_and_tb_arithmetic,True,True,True,1,0,
frc_reference,reports/csv/frc_reference_points/dl_r_pdsch_1_1_4_fdd_awgn.csv,configured_effective_phy_and_receiver,True,True,True,1,0,
frc_reference,reports/csv/frc_reference_points/dl_r_pdsch_1_1_4_fdd_awgn.csv,truth_channel_and_provenance,True,True,True,1,0,
frc_reference,reports/csv/frc_reference_points/dl_r_pdsch_1_2_4_fdd_tdla30_10.csv,required_columns,True,True,True,1,0,
frc_reference,reports/csv/frc_reference_points/dl_r_pdsch_1_2_4_fdd_tdla30_10.csv,metric_confidence_and_tb_arithmetic,True,True,True,1,0,
frc_reference,reports/csv/frc_reference_points/dl_r_pdsch_1_2_4_fdd_tdla30_10.csv,configured_effective_phy_and_receiver,True,True,True,1,0,
frc_reference,reports/csv/frc_reference_points/dl_r_pdsch_1_2_4_fdd_tdla30_10.csv,truth_channel_and_provenance,True,True,True,1,0,
frc_reference,reports/csv/frc_reference_points/dl_r_pdsch_1_3_1_fdd_tdla30_10.csv,required_columns,True,True,True,1,0,
frc_reference,reports/csv/frc_reference_points/dl_r_pdsch_1_3_1_fdd_tdla30_10.csv,metric_confidence_and_tb_arithmetic,True,True,True,1,0,
frc_reference,reports/csv/frc_reference_points/dl_r_pdsch_1_3_1_fdd_tdla30_10.csv,configured_effective_phy_and_receiver,True,True,True,1,0,
frc_reference,reports/csv/frc_reference_points/dl_r_pdsch_1_3_1_fdd_tdla30_10.csv,truth_channel_and_provenance,True,True,True,1,0,
frc_reference,reports/csv/frc_reference_points/dl_r_pdsch_1_3_6_fdd_atg_awgn.csv,required_columns,True,True,True,1,0,
frc_reference,reports/csv/frc_reference_points/dl_r_pdsch_1_3_6_fdd_atg_awgn.csv,metric_confidence_and_tb_arithmetic,True,True,True,1,0,
frc_reference,reports/csv/frc_reference_points/dl_r_pdsch_1_3_6_fdd_atg_awgn.csv,configured_effective_phy_and_receiver,True,True,True,1,0,
frc_reference,reports/csv/frc_reference_points/dl_r_pdsch_1_3_6_fdd_atg_awgn.csv,truth_channel_and_provenance,True,True,True,1,0,
frc_reference,reports/csv/frc_reference_points/dl_r_pdsch_1_4_1_fdd_atg_awgn.csv,required_columns,True,True,True,1,0,
frc_reference,reports/csv/frc_reference_points/dl_r_pdsch_1_4_1_fdd_atg_awgn.csv,metric_confidence_and_tb_arithmetic,True,True,True,1,0,
frc_reference,reports/csv/frc_reference_points/dl_r_pdsch_1_4_1_fdd_atg_awgn.csv,configured_effective_phy_and_receiver,True,True,True,1,0,
frc_reference,reports/csv/frc_reference_points/dl_r_pdsch_1_4_1_fdd_atg_awgn.csv,truth_channel_and_provenance,True,True,True,1,0,
frc_reference,reports/csv/frc_reference_points/ul_g_fr1_a13_1_atg_awgn.csv,required_columns,True,True,True,1,0,
frc_reference,reports/csv/frc_reference_points/ul_g_fr1_a13_1_atg_awgn.csv,metric_confidence_and_tb_arithmetic,True,True,True,1,0,
frc_reference,reports/csv/frc_reference_points/ul_g_fr1_a13_1_atg_awgn.csv,configured_effective_phy_and_receiver,True,True,True,1,0,
frc_reference,reports/csv/frc_reference_points/ul_g_fr1_a13_1_atg_awgn.csv,truth_channel_and_provenance,True,True,True,1,0,
frc_reference,reports/csv/frc_reference_points/ul_g_fr1_a3_8_tdlb100_400.csv,required_columns,True,True,True,1,0,
frc_reference,reports/csv/frc_reference_points/ul_g_fr1_a3_8_tdlb100_400.csv,metric_confidence_and_tb_arithmetic,True,True,True,1,0,
frc_reference,reports/csv/frc_reference_points/ul_g_fr1_a3_8_tdlb100_400.csv,configured_effective_phy_and_receiver,True,True,True,1,0,
frc_reference,reports/csv/frc_reference_points/ul_g_fr1_a3_8_tdlb100_400.csv,truth_channel_and_provenance,True,True,True,1,0,
frc_reference,reports/csv/frc_reference_points/ul_g_fr1_a3a_1_awgn.csv,required_columns,True,True,True,1,0,
frc_reference,reports/csv/frc_reference_points/ul_g_fr1_a3a_1_awgn.csv,metric_confidence_and_tb_arithmetic,True,True,True,1,0,
frc_reference,reports/csv/frc_reference_points/ul_g_fr1_a3a_1_awgn.csv,configured_effective_phy_and_receiver,True,True,True,1,0,
frc_reference,reports/csv/frc_reference_points/ul_g_fr1_a3a_1_awgn.csv,truth_channel_and_provenance,True,True,True,1,0,
frc_reference,reports/csv/frc_reference_diagnostic.csv,required_columns,True,True,True,8,0,
frc_reference,reports/csv/frc_reference_diagnostic.csv,status_counts_and_qualification_semantics,True,True,True,8,0,
frc_reference,reports/csv/frc_reference_progress/001_dl_r_pdsch_1_1_4_fdd_awgn/001_snr_p3p200000/frc_reference_progress.csv,required_columns,True,True,True,1,0,
frc_reference,reports/csv/frc_reference_progress/001_dl_r_pdsch_1_1_4_fdd_awgn/001_snr_p3p200000/frc_reference_progress.csv,progress_arithmetic_and_truth,True,True,True,1,0,
frc_reference,reports/csv/frc_reference_progress/002_dl_r_pdsch_1_3_6_fdd_atg_awgn/001_snr_p13p600000/frc_reference_progress.csv,required_columns,True,True,True,1,0,
frc_reference,reports/csv/frc_reference_progress/002_dl_r_pdsch_1_3_6_fdd_atg_awgn/001_snr_p13p600000/frc_reference_progress.csv,progress_arithmetic_and_truth,True,True,True,1,0,
frc_reference,reports/csv/frc_reference_progress/003_dl_r_pdsch_1_4_1_fdd_atg_awgn/001_snr_p22p500000/frc_reference_progress.csv,required_columns,True,True,True,1,0,
frc_reference,reports/csv/frc_reference_progress/003_dl_r_pdsch_1_4_1_fdd_atg_awgn/001_snr_p22p500000/frc_reference_progress.csv,progress_arithmetic_and_truth,True,True,True,1,0,
frc_reference,reports/csv/frc_reference_progress/004_dl_r_pdsch_1_3_1_fdd_tdla30_10/001_snr_p19p400000/frc_reference_progress.csv,required_columns,True,True,True,1,0,
frc_reference,reports/csv/frc_reference_progress/004_dl_r_pdsch_1_3_1_fdd_tdla30_10/001_snr_p19p400000/frc_reference_progress.csv,progress_arithmetic_and_truth,True,True,True,1,0,
frc_reference,reports/csv/frc_reference_progress/005_dl_r_pdsch_1_2_4_fdd_tdla30_10/001_snr_p15p600000/frc_reference_progress.csv,required_columns,True,True,True,1,0,
frc_reference,reports/csv/frc_reference_progress/005_dl_r_pdsch_1_2_4_fdd_tdla30_10/001_snr_p15p600000/frc_reference_progress.csv,progress_arithmetic_and_truth,True,True,True,1,0,
frc_reference,reports/csv/frc_reference_progress/006_ul_g_fr1_a3a_1_awgn/001_snr_m5p100000/frc_reference_progress.csv,required_columns,True,True,True,1,0,
frc_reference,reports/csv/frc_reference_progress/006_ul_g_fr1_a3a_1_awgn/001_snr_m5p100000/frc_reference_progress.csv,progress_arithmetic_and_truth,True,True,True,1,0,
frc_reference,reports/csv/frc_reference_progress/007_ul_g_fr1_a13_1_atg_awgn/001_snr_p19p100000/frc_reference_progress.csv,required_columns,True,True,True,1,0,
frc_reference,reports/csv/frc_reference_progress/007_ul_g_fr1_a13_1_atg_awgn/001_snr_p19p100000/frc_reference_progress.csv,progress_arithmetic_and_truth,True,True,True,1,0,
frc_reference,reports/csv/frc_reference_progress/008_ul_g_fr1_a3_8_tdlb100_400/001_snr_m2p300000/frc_reference_progress.csv,required_columns,True,True,True,1,0,
frc_reference,reports/csv/frc_reference_progress/008_ul_g_fr1_a3_8_tdlb100_400/001_snr_m2p300000/frc_reference_progress.csv,progress_arithmetic_and_truth,True,True,True,1,0,
frc_reference,reports/csv/frc_reference_plot_lineage.csv,required_columns,True,True,True,8,0,
frc_reference,reports/csv/frc_reference_plot_lineage.csv,plot_lineage_hashes_dimensions_and_files,True,True,True,8,0,
frc_reference,reports/csv/frc_reference_points.csv,summary_progress_point_reconciliation,True,True,True,8,0,
primary_link,air_interface/csv/dl_fixed_link_campaign_trials.csv,required_columns,True,True,True,120,0,
primary_link,air_interface/csv/dl_fixed_link_campaign_trials.csv,expected_trial_count,True,True,True,120,0,
runtime_identity,air_interface/csv/dl_fixed_link_campaign_trials.csv,identity_complete_and_consistent,True,True,True,120,0,
runtime_identity,air_interface/csv/dl_fixed_link_campaign_trials.csv,single_RunID,True,True,True,120,0,
runtime_identity,air_interface/csv/dl_fixed_link_campaign_trials.csv,single_RunTag,True,True,True,120,0,
runtime_identity,air_interface/csv/dl_fixed_link_campaign_trials.csv,single_ScenarioID,True,True,True,120,0,
runtime_identity,air_interface/csv/dl_fixed_link_campaign_trials.csv,single_ConfigHash,True,True,True,120,0,
runtime_identity,air_interface/csv/dl_fixed_link_campaign_trials.csv,single_ExecutionID,True,True,True,120,0,
primary_link,air_interface/csv/dl_fixed_link_campaign_trials.csv,unique_trial_primary_key,True,True,True,120,0,
primary_link,air_interface/csv/dl_fixed_link_campaign_trials.csv,direction_and_basic_values,True,True,True,120,0,
primary_link,air_interface/csv/dl_fixed_link_campaign_trials.csv,scheduled_transmitted_effective_operating_point,True,True,True,120,0,
primary_link,air_interface/csv/dl_fixed_link_campaign_trials.csv,transport_crc_ber_goodput_arithmetic,True,True,True,120,0,
primary_link,air_interface/csv/dl_fixed_link_campaign_trials.csv,noise_sinr_evm_lineage,True,True,True,120,0,
primary_link,air_interface/csv/dl_fixed_link_campaign_trials.csv,mu_mimo_receiver_execution,True,True,True,120,0,
primary_link,air_interface/csv/dl_fixed_link_campaign_trials.csv,truth_proxy_and_lifecycle,True,True,True,120,0,
primary_link,air_interface/csv/ul_fixed_link_campaign_trials.csv,required_columns,True,True,True,120,0,
primary_link,air_interface/csv/ul_fixed_link_campaign_trials.csv,expected_trial_count,True,True,True,120,0,
runtime_identity,air_interface/csv/ul_fixed_link_campaign_trials.csv,identity_complete_and_consistent,True,True,True,120,0,
runtime_identity,air_interface/csv/ul_fixed_link_campaign_trials.csv,single_RunID,True,True,True,120,0,
runtime_identity,air_interface/csv/ul_fixed_link_campaign_trials.csv,single_RunTag,True,True,True,120,0,
runtime_identity,air_interface/csv/ul_fixed_link_campaign_trials.csv,single_ScenarioID,True,True,True,120,0,
runtime_identity,air_interface/csv/ul_fixed_link_campaign_trials.csv,single_ConfigHash,True,True,True,120,0,
runtime_identity,air_interface/csv/ul_fixed_link_campaign_trials.csv,single_ExecutionID,True,True,True,120,0,
primary_link,air_interface/csv/ul_fixed_link_campaign_trials.csv,unique_trial_primary_key,True,True,True,120,0,
primary_link,air_interface/csv/ul_fixed_link_campaign_trials.csv,direction_and_basic_values,True,True,True,120,0,
primary_link,air_interface/csv/ul_fixed_link_campaign_trials.csv,scheduled_transmitted_effective_operating_point,True,True,True,120,0,
primary_link,air_interface/csv/ul_fixed_link_campaign_trials.csv,transport_crc_ber_goodput_arithmetic,True,True,True,120,0,
primary_link,air_interface/csv/ul_fixed_link_campaign_trials.csv,noise_sinr_evm_lineage,True,True,True,120,0,
primary_link,air_interface/csv/ul_fixed_link_campaign_trials.csv,mu_mimo_receiver_execution,True,True,True,120,0,
primary_link,air_interface/csv/ul_fixed_link_campaign_trials.csv,truth_proxy_and_lifecycle,True,True,True,120,0,
derived_link,air_interface/csv/distance_vs_sinr.csv,not_applicable_fixed_link_without_geometry,False,False,False,0,0,
derived_link,air_interface/csv/dl_measured_sinr_bler_curve.csv,required_schema_and_rows,True,True,True,12,0,
derived_link,air_interface/csv/dl_measured_sinr_bler_curve.csv,physical_ranges_and_arithmetic,True,True,True,12,0,
derived_link,air_interface/csv/dl_measured_sinr_bler_curve.csv,same_trial_population_reconciliation,True,True,True,12,0,
derived_link,air_interface/csv/ul_measured_sinr_bler_curve.csv,required_schema_and_rows,True,True,True,12,0,
derived_link,air_interface/csv/ul_measured_sinr_bler_curve.csv,physical_ranges_and_arithmetic,True,True,True,12,0,
derived_link,air_interface/csv/ul_measured_sinr_bler_curve.csv,same_trial_population_reconciliation,True,True,True,12,0,
derived_link,air_interface/csv/dl_measured_sinr_throughput_curve.csv,required_schema_and_rows,True,True,True,12,0,
derived_link,air_interface/csv/dl_measured_sinr_throughput_curve.csv,physical_ranges_and_arithmetic,True,True,True,12,0,
derived_link,air_interface/csv/dl_measured_sinr_throughput_curve.csv,same_trial_population_reconciliation,True,True,True,12,0,
derived_link,air_interface/csv/ul_measured_sinr_throughput_curve.csv,required_schema_and_rows,True,True,True,12,0,
derived_link,air_interface/csv/ul_measured_sinr_throughput_curve.csv,physical_ranges_and_arithmetic,True,True,True,12,0,
derived_link,air_interface/csv/ul_measured_sinr_throughput_curve.csv,same_trial_population_reconciliation,True,True,True,12,0,
derived_link,air_interface/csv/fer_summary.csv,required_schema_and_rows,True,True,True,4,0,
derived_link,air_interface/csv/fer_summary.csv,physical_ranges_and_arithmetic,True,True,True,4,0,
derived_link,air_interface/csv/fer_summary.csv,same_trial_population_reconciliation,True,True,True,4,0,
derived_link,air_interface/csv/live_measured_sinr_summary.csv,required_schema_and_rows,True,True,True,4,0,
derived_link,air_interface/csv/live_measured_sinr_summary.csv,physical_ranges_and_arithmetic,True,True,True,4,0,
derived_link,air_interface/csv/live_measured_sinr_summary.csv,same_trial_population_reconciliation,True,True,True,4,0,
derived_link,air_interface/csv/lls_measured_sinr_summary.csv,required_schema_and_rows,True,True,True,4,0,
derived_link,air_interface/csv/lls_measured_sinr_summary.csv,physical_ranges_and_arithmetic,True,True,True,4,0,
derived_link,air_interface/csv/lls_measured_sinr_summary.csv,same_trial_population_reconciliation,True,True,True,4,0,
derived_link,air_interface/csv/lls_kpi_summary.csv,required_schema_and_rows,True,True,True,4,0,
derived_link,air_interface/csv/lls_kpi_summary.csv,physical_ranges_and_arithmetic,True,True,True,4,0,
derived_link,air_interface/csv/lls_kpi_summary.csv,same_trial_population_reconciliation,True,True,True,4,0,
derived_link,air_interface/csv/lls_snr_sweep.csv,required_schema_and_rows,True,True,True,3,0,
derived_link,air_interface/csv/lls_snr_sweep.csv,physical_ranges_and_arithmetic,True,True,True,3,0,
derived_link,air_interface/csv/lls_snr_sweep.csv,same_trial_population_reconciliation,True,True,True,3,0,
derived_link,air_interface/csv/measured_sinr_distribution.csv,required_schema_and_rows,True,True,True,24,0,
derived_link,air_interface/csv/measured_sinr_distribution.csv,physical_ranges_and_arithmetic,True,True,True,24,0,
derived_link,air_interface/csv/measured_sinr_distribution.csv,same_trial_population_reconciliation,True,True,True,24,0,
component_bler,components/pdsch/csv/pdsch_bler_curve.csv,required_columns,True,True,True,3,0,
component_bler,components/pdsch/csv/pdsch_bler_curve.csv,runtime_identity_and_truth_origin,True,True,True,3,0,
component_bler,components/pdsch/csv/pdsch_bler_curve.csv,operating_point_bler_and_exact_interval,True,True,True,3,0,
component_bler,components/pdsch/csv/pdsch_bler_curve.csv,qualification_status_fail_closed,True,True,True,3,0,
component_bler,components/pdsch/csv/pdsch_bler_curve.csv,exact_primary_trial_reconciliation,True,True,True,3,0,
component_bler,components/pusch/csv/pusch_bler_curve.csv,required_columns,True,True,True,3,0,
component_bler,components/pusch/csv/pusch_bler_curve.csv,runtime_identity_and_truth_origin,True,True,True,3,0,
component_bler,components/pusch/csv/pusch_bler_curve.csv,operating_point_bler_and_exact_interval,True,True,True,3,0,
component_bler,components/pusch/csv/pusch_bler_curve.csv,qualification_status_fail_closed,True,True,True,3,0,
component_bler,components/pusch/csv/pusch_bler_curve.csv,exact_primary_trial_reconciliation,True,True,True,3,0,
derived_link,reports/csv/fixed_snr_sweep_curve_summary.csv,fixed_snr_curve_recomputed_from_primary_trials,True,True,True,6,0,
derived_link,reports/csv/dl_fixed_snr_bler_curve.csv,directional_curve_is_exact_summary_projection,True,True,True,3,0,
derived_link,reports/csv/dl_fixed_snr_ber_curve.csv,directional_curve_is_exact_summary_projection,True,True,True,3,0,
derived_link,reports/csv/ul_fixed_snr_bler_curve.csv,directional_curve_is_exact_summary_projection,True,True,True,3,0,
derived_link,reports/csv/ul_fixed_snr_ber_curve.csv,directional_curve_is_exact_summary_projection,True,True,True,3,0,
derived_link,reports/csv/dl_fixed_link_bler_curve.csv,metric_curve_reconciles_fixed_snr_summary,True,True,True,3,0,
derived_link,reports/csv/dl_fixed_link_ber_curve.csv,metric_curve_reconciles_fixed_snr_summary,True,True,True,3,0,
derived_link,reports/csv/ul_fixed_link_bler_curve.csv,metric_curve_reconciles_fixed_snr_summary,True,True,True,3,0,
derived_link,reports/csv/ul_fixed_link_ber_curve.csv,metric_curve_reconciles_fixed_snr_summary,True,True,True,3,0,
derived_link,reports/csv/fixed_link_campaign_summary.csv,campaign_summary_recomputed_from_curve_points,True,True,True,2,0,
manifest_integrity,reports/csv/fixed_snr_sweep_required_outputs.csv,fixed_snr_required_outputs_match_filesystem,True,True,True,11,0,
status_reduction,reports/csv/fixed_snr_sweep_audit.csv,fixed_snr_audit_row_arithmetic,True,True,True,46,0,
mimo_rank_layer,beamforming/csv/rank_layer_trials.csv,required_columns,True,True,True,240,0,
mimo_rank_layer,beamforming/csv/rank_layer_trials.csv,one_row_per_primary_link_trial,True,True,True,240,0,
mimo_rank_layer,beamforming/csv/rank_layer_trials.csv,rank_layer_port_precoder_values,True,True,True,240,0,
mimo_rank_layer,beamforming/csv/rank_layer_trials.csv,execution_contract_boolean_reduction,True,True,True,240,0,
mimo_rank_layer,beamforming/csv/rank_layer_trials.csv,decode_reliability_separate_from_execution,True,True,True,240,0,
mimo_rank_layer,beamforming/csv/rank_layer_trials.csv,ordered_primary_trial_and_lineage_reconciliation,True,True,True,240,0,
mimo_companion,beamforming/csv/antenna_array_config.csv,required_columns,True,True,True,2,0,
mimo_companion,beamforming/csv/antenna_array_config.csv,antenna_execution_domain_recomputed_from_rank_trials,True,True,True,2,0,
mimo_companion,beamforming/csv/antenna_port_mapping.csv,required_columns,True,True,True,2,0,
mimo_companion,beamforming/csv/antenna_port_mapping.csv,antenna_port_mapping_recomputed_from_config_and_rank_trials,True,True,True,2,0,
mimo_companion,beamforming/csv/beam_codebook.csv,required_columns,True,True,True,2,0,
mimo_companion,beamforming/csv/beam_codebook.csv,beam_codebook_reconciles_rank_trial_beams,True,True,True,2,0,
mimo_companion,beamforming/csv/beam_precoder_table.csv,required_columns,True,True,True,240,0,
mimo_companion,beamforming/csv/beam_precoder_table.csv,ordered_trial_and_all_beam_precoder_fields_reconcile,True,True,True,240,0,
mimo_companion,beamforming/csv/beam_sweep_measurements.csv,required_columns,True,True,True,240,0,
mimo_companion,beamforming/csv/beam_sweep_measurements.csv,ordered_row_reconciliation_to_rank_trials,True,True,True,240,0,
mimo_companion,beamforming/csv/beamforming_analytics_table.csv,required_columns,True,True,True,2,0,
mimo_companion,beamforming/csv/beamforming_analytics_table.csv,grouped_beam_analytics_recomputed_from_precoder_rows,True,True,True,2,0,
mimo_companion,beamforming/csv/mimo_config_strict.csv,required_columns,True,True,True,2,0,
mimo_companion,beamforming/csv/mimo_config_strict.csv,strict_config_runtime_summary_and_status_recomputed,True,True,True,2,0,
mimo_companion,beamforming/csv/mimo_config_validation.csv,required_columns,True,True,True,12,0,
mimo_companion,beamforming/csv/mimo_config_validation.csv,strict_config_rules_recomputed_from_mimo_config,True,True,True,12,0,
mimo_companion,beamforming/csv/mimo_configured_vs_effective.csv,required_columns,True,True,True,2,0,
mimo_companion,beamforming/csv/mimo_configured_vs_effective.csv,configured_effective_summary_recomputed_from_rank_trials,True,True,True,2,0,
mimo_companion,beamforming/csv/mimo_layer_metrics.csv,required_columns,True,True,True,240,0,
mimo_companion,beamforming/csv/mimo_layer_metrics.csv,per_layer_receiver_metrics_reconcile_rank_trials,True,True,True,240,0,
mimo_companion,beamforming/csv/mimo_oracle_guard.csv,required_columns,True,True,True,240,0,
mimo_companion,beamforming/csv/mimo_oracle_guard.csv,ordered_row_reconciliation_to_rank_trials,True,True,True,240,0,
mimo_companion,beamforming/csv/mimo_rank_utilization_table.csv,required_columns,True,True,True,2,0,
mimo_companion,beamforming/csv/mimo_rank_utilization_table.csv,rank_utilization_recomputed_from_precoder_rows,True,True,True,2,0,
mimo_companion,beamforming/csv/precoder_evidence.csv,required_columns,True,True,True,240,0,
mimo_companion,beamforming/csv/precoder_evidence.csv,ordered_row_reconciliation_to_rank_trials,True,True,True,240,0,
mimo_companion,beamforming/csv/rank_layer_usage_histogram.csv,required_columns,True,True,True,2,0,
mimo_companion,beamforming/csv/rank_layer_usage_histogram.csv,rank_histogram_recomputed_from_precoder_rows,True,True,True,2,0,
harq_runtime,harq/csv/live_harq_observation_timeline.csv,required_columns,True,True,True,240,0,
harq_runtime,harq/csv/live_harq_observation_timeline.csv,ordered_observations_reconcile_primary_link_trials,True,True,True,240,0,
harq_runtime,harq/csv/live_harq_observation_summary.csv,required_columns,True,True,True,2,0,
harq_runtime,harq/csv/live_harq_observation_summary.csv,direction_summary_recomputed_from_timeline,True,True,True,2,0,
kpi_delivery,reports/csv/kpi_harq_delivery_trace_dl.csv,required_columns,True,True,True,120,0,
kpi_delivery,reports/csv/kpi_harq_delivery_trace_dl.csv,tb_identity_deduplication_and_goodput_recomputed_from_primary_trials,True,True,True,120,0,
kpi_delivery,reports/csv/kpi_tb_delivery_ledger_dl.csv,required_columns,True,True,True,120,0,
kpi_delivery,reports/csv/kpi_tb_delivery_ledger_dl.csv,exact_harq_trace_mirror,True,True,True,120,0,
kpi_delivery,reports/csv/kpi_row_contributions_dl.csv,required_columns,True,True,True,120,0,
kpi_delivery,reports/csv/kpi_row_contributions_dl.csv,row_contributions_reconcile_primary_trials_and_harq_trace,True,True,True,120,0,
kpi_delivery,reports/csv/kpi_harq_delivery_trace_ul.csv,required_columns,True,True,True,120,0,
kpi_delivery,reports/csv/kpi_harq_delivery_trace_ul.csv,tb_identity_deduplication_and_goodput_recomputed_from_primary_trials,True,True,True,120,0,
kpi_delivery,reports/csv/kpi_tb_delivery_ledger_ul.csv,required_columns,True,True,True,120,0,
kpi_delivery,reports/csv/kpi_tb_delivery_ledger_ul.csv,exact_harq_trace_mirror,True,True,True,120,0,
kpi_delivery,reports/csv/kpi_row_contributions_ul.csv,required_columns,True,True,True,120,0,
kpi_delivery,reports/csv/kpi_row_contributions_ul.csv,row_contributions_reconcile_primary_trials_and_harq_trace,True,True,True,120,0,
manifest_integrity,reports/csv/kpi_formula_registry.csv,kpi_registry_unique_versioned_formulas,True,True,True,28,0,
manifest_integrity,reports/csv/kpi_source_table_manifest.csv,kpi_source_manifest_matches_exact_persisted_tables,True,True,True,8,0,
cross_table_reconciliation,reports/csv/kpi_reconstruction_summary.csv,kpi_reconstruction_matches_registry_sources_and_applicability,True,True,True,24,0,
cross_table_reconciliation,reports/csv/kpi_objective_binding.csv,kpi_objective_binding_exact_registry_and_reconstruction_reduction,True,True,True,28,0,
cross_table_reconciliation,reports/csv/kpi_direction_isolation_audit.csv,kpi_direction_isolation_matches_source_manifest,True,True,True,2,0,
cross_table_reconciliation,reports/csv/kpi_duration_source_audit.csv,kpi_duration_uses_radio_not_wallclock_time,True,True,True,2,0,
cross_table_reconciliation,reports/csv/kpi_unit_conversion_audit.csv,kpi_bit_duration_mbps_conversion_recomputed,True,True,True,4,0,
cross_table_reconciliation,reports/csv/kpi_legacy_alias_map.csv,legacy_kpi_aliases_equal_canonical_values,True,True,True,4,0,
cross_table_reconciliation,reports/csv/kpi_known_bug_regression.csv,ul_kpi_copy_regression_guard,True,True,True,1,0,
cross_table_reconciliation,reports/csv/kpi_lineage_table.csv,kpi_lineage_exact_reconstruction_projection,True,True,True,24,0,
cross_table_reconciliation,reports/csv/summary_vs_raw_consistency.csv,scenario_summary_values_match_raw_and_browser,True,True,True,8,0,
runtime_execution_lineage,reports/csv/runtime_call_ledger.csv,runtime_call_ledger_present_nonempty,True,True,True,1304,0,
runtime_execution_lineage,reports/csv/runtime_call_ledger.csv,runtime_call_ledger_exact_schema,True,True,True,1304,0,
runtime_execution_lineage,reports/csv/runtime_call_ledger.csv,runtime_call_sequence_positive_unique_monotonic,True,True,True,1304,0,
runtime_execution_lineage,reports/csv/runtime_call_ledger.csv,runtime_call_identity_matches_run,True,True,True,1304,0,
runtime_execution_lineage,reports/csv/runtime_call_ledger.csv,runtime_call_rows_are_actual_nonproxy_entries,True,True,True,1304,0,
runtime_execution_lineage,reports/csv/runtime_call_ledger.csv,dl_canonical_tx_rx_entry_points_observed,True,True,True,1304,0,
runtime_execution_lineage,reports/csv/runtime_call_ledger.csv,ul_canonical_tx_rx_entry_points_observed,True,True,True,1304,0,
manifest_integrity,artifact_generation/artifact_generation_results.csv,declared_artifacts_match_filesystem,True,True,True,2,0,
manifest_integrity,artifact_generation/artifact_generation_summary.csv,artifact_summary_reconciles_results,True,True,True,2,0,
manifest_integrity,raw/evidence/tables/rawtrials_controlgatingsummarytable.csv,raw_evidence_index_binding,True,True,True,1,0,
manifest_integrity,raw/evidence/tables/rawtrials_dl.csv,raw_evidence_index_binding,True,True,True,120,0,
manifest_integrity,raw/evidence/tables/rawtrials_ul.csv,raw_evidence_index_binding,True,True,True,120,0,
manifest_integrity,raw/evidence/raw_evidence_index.csv,raw_evidence_index_matches_tables,True,True,True,3,0,
manifest_integrity,reports/csv/measurement_sidecar_manifest.csv,measurement_sidecars_match_sources,True,True,True,9,0,
manifest_integrity,reports/csv/measurements/dl_pdsch_measurements.csv,measurement_split_matches_manifest,True,True,True,120,0,
manifest_integrity,reports/csv/provenance_sidecars/dl_pdsch_provenance.csv,provenance_split_matches_manifest,True,True,True,120,0,
manifest_integrity,reports/csv/measurements/ul_pusch_measurements.csv,measurement_split_matches_manifest,True,True,True,120,0,
manifest_integrity,reports/csv/provenance_sidecars/ul_pusch_provenance.csv,provenance_split_matches_manifest,True,True,True,120,0,
manifest_integrity,reports/csv/measurements/pdsch_runtime_event_measurements.csv,measurement_split_matches_manifest,True,True,True,120,0,
manifest_integrity,reports/csv/provenance_sidecars/pdsch_runtime_event_provenance.csv,provenance_split_matches_manifest,True,True,True,120,0,
manifest_integrity,reports/csv/measurements/pusch_runtime_event_measurements.csv,measurement_split_matches_manifest,True,True,True,120,0,
manifest_integrity,reports/csv/provenance_sidecars/pusch_runtime_event_provenance.csv,provenance_split_matches_manifest,True,True,True,120,0,
manifest_integrity,reports/csv/measurements/noise_variance_measurements.csv,measurement_split_matches_manifest,True,True,True,240,0,
manifest_integrity,reports/csv/provenance_sidecars/noise_variance_provenance.csv,provenance_split_matches_manifest,True,True,True,240,0,
manifest_integrity,reports/csv/measurements/timing_synchronization_measurements.csv,measurement_split_matches_manifest,True,True,True,240,0,
manifest_integrity,reports/csv/provenance_sidecars/timing_synchronization_provenance.csv,provenance_split_matches_manifest,True,True,True,240,0,
manifest_integrity,reports/csv/measurements/beam_precoder_measurements.csv,measurement_split_matches_manifest,True,True,True,240,0,
manifest_integrity,reports/csv/provenance_sidecars/beam_precoder_provenance.csv,provenance_split_matches_manifest,True,True,True,240,0,
manifest_integrity,reports/csv/measurements/parameter_binding_runtime_values.csv,measurement_split_matches_manifest,True,True,True,2064,0,
manifest_integrity,reports/csv/provenance_sidecars/parameter_binding_provenance.csv,provenance_split_matches_manifest,True,True,True,4302,0,
manifest_integrity,reports/csv/measurements/browser_config_runtime_values.csv,measurement_split_matches_manifest,True,True,True,2064,0,
manifest_integrity,reports/csv/provenance_sidecars/browser_config_surface_provenance.csv,provenance_split_matches_manifest,True,True,True,4302,0,
manifest_integrity,artifact_generation/canonical_component_manifest.csv,canonical_manifest_matches_catalog_and_filesystem,True,True,True,2,0,
manifest_integrity,artifact_generation/contract_catalog_snapshot.csv,contract_catalog_matches_canonical_manifest,True,True,True,2,0,
domain_runtime,reports/csv/mcs_table_reference.csv,mcs_cqi_reference_arithmetic_and_keys,True,True,True,56,0,
domain_runtime,reports/csv/cqi_table_reference.csv,mcs_cqi_reference_arithmetic_and_keys,True,True,True,32,0,
cross_table_reconciliation,reports/csv/dut_reference_comparison.csv,dut_reference_values_and_tolerances,True,True,True,35,0,
cross_table_reconciliation,reports/csv/lls_reference_comparison_summary.csv,reference_summary_recomputed_from_detail,True,True,True,5,0,
metric_output,reports/csv/aggregated_reporting_outputs.csv,required_metric_catalog_columns,True,True,True,18,0,
metric_output,reports/csv/aggregated_reporting_outputs.csv,metric_identity_and_unique_key,True,True,True,18,0,
metric_output,reports/csv/aggregated_reporting_outputs.csv,availability_matches_runtime_coverage,True,True,True,18,0,
metric_output,reports/csv/aggregated_reporting_outputs.csv,metric_values_and_units_are_coherent,True,True,True,18,0,
metric_output,reports/csv/aggregated_reporting_outputs.csv,counted_metrics_bind_existing_run_artifacts,True,True,True,18,0,
metric_output,reports/csv/ai_ml_outputs.csv,required_metric_catalog_columns,True,True,True,31,0,
metric_output,reports/csv/ai_ml_outputs.csv,metric_identity_and_unique_key,True,True,True,31,0,
metric_output,reports/csv/ai_ml_outputs.csv,availability_matches_runtime_coverage,True,True,True,31,0,
metric_output,reports/csv/ai_ml_outputs.csv,metric_values_and_units_are_coherent,True,True,True,31,0,
metric_output,reports/csv/ai_ml_outputs.csv,counted_metrics_bind_existing_run_artifacts,True,True,True,31,0,
metric_output,reports/csv/basic_phy_performance_outputs.csv,required_metric_catalog_columns,True,True,True,51,0,
metric_output,reports/csv/basic_phy_performance_outputs.csv,metric_identity_and_unique_key,True,True,True,51,0,
metric_output,reports/csv/basic_phy_performance_outputs.csv,availability_matches_runtime_coverage,True,True,True,51,0,
metric_output,reports/csv/basic_phy_performance_outputs.csv,metric_values_and_units_are_coherent,True,True,True,51,0,
metric_output,reports/csv/basic_phy_performance_outputs.csv,counted_metrics_bind_existing_run_artifacts,True,True,True,51,0,
metric_output,reports/csv/channel_estimation_tracking_outputs.csv,required_metric_catalog_columns,True,True,True,34,0,
metric_output,reports/csv/channel_estimation_tracking_outputs.csv,metric_identity_and_unique_key,True,True,True,34,0,
metric_output,reports/csv/channel_estimation_tracking_outputs.csv,availability_matches_runtime_coverage,True,True,True,34,0,
metric_output,reports/csv/channel_estimation_tracking_outputs.csv,metric_values_and_units_are_coherent,True,True,True,34,0,
metric_output,reports/csv/channel_estimation_tracking_outputs.csv,counted_metrics_bind_existing_run_artifacts,True,True,True,34,0,
metric_output,reports/csv/coding_decoder_outputs.csv,required_metric_catalog_columns,True,True,True,64,0,
metric_output,reports/csv/coding_decoder_outputs.csv,metric_identity_and_unique_key,True,True,True,64,0,
metric_output,reports/csv/coding_decoder_outputs.csv,availability_matches_runtime_coverage,True,True,True,64,0,
metric_output,reports/csv/coding_decoder_outputs.csv,metric_values_and_units_are_coherent,True,True,True,64,0,
metric_output,reports/csv/coding_decoder_outputs.csv,counted_metrics_bind_existing_run_artifacts,True,True,True,64,0,
metric_output,reports/csv/complexity_implementation_outputs.csv,required_metric_catalog_columns,True,True,True,49,0,
metric_output,reports/csv/complexity_implementation_outputs.csv,metric_identity_and_unique_key,True,True,True,49,0,
metric_output,reports/csv/complexity_implementation_outputs.csv,availability_matches_runtime_coverage,True,True,True,49,0,
metric_output,reports/csv/complexity_implementation_outputs.csv,metric_values_and_units_are_coherent,True,True,True,49,0,
metric_output,reports/csv/complexity_implementation_outputs.csv,counted_metrics_bind_existing_run_artifacts,True,True,True,49,0,
metric_output,reports/csv/csi_outputs.csv,required_metric_catalog_columns,True,True,True,53,0,
metric_output,reports/csv/csi_outputs.csv,metric_identity_and_unique_key,True,True,True,53,0,
metric_output,reports/csv/csi_outputs.csv,availability_matches_runtime_coverage,True,True,True,53,0,
metric_output,reports/csv/csi_outputs.csv,metric_values_and_units_are_coherent,True,True,True,53,0,
metric_output,reports/csv/csi_outputs.csv,counted_metrics_bind_existing_run_artifacts,True,True,True,53,0,
metric_output,reports/csv/beam_management_outputs.csv,required_metric_catalog_columns,True,True,True,4,0,
metric_output,reports/csv/beam_management_outputs.csv,metric_identity_and_unique_key,True,True,True,4,0,
metric_output,reports/csv/beam_management_outputs.csv,availability_matches_runtime_coverage,True,True,True,4,0,
metric_output,reports/csv/beam_management_outputs.csv,metric_values_and_units_are_coherent,True,True,True,4,0,
metric_output,reports/csv/beam_management_outputs.csv,counted_metrics_bind_existing_run_artifacts,True,True,True,4,0,
metric_output,reports/csv/debug_trace_outputs.csv,required_metric_catalog_columns,True,True,True,24,0,
metric_output,reports/csv/debug_trace_outputs.csv,metric_identity_and_unique_key,True,True,True,24,0,
metric_output,reports/csv/debug_trace_outputs.csv,availability_matches_runtime_coverage,True,True,True,24,0,
metric_output,reports/csv/debug_trace_outputs.csv,metric_values_and_units_are_coherent,True,True,True,24,0,
metric_output,reports/csv/debug_trace_outputs.csv,counted_metrics_bind_existing_run_artifacts,True,True,True,24,0,
metric_output,reports/csv/energy_efficiency_outputs.csv,required_metric_catalog_columns,True,True,True,15,0,
metric_output,reports/csv/energy_efficiency_outputs.csv,metric_identity_and_unique_key,True,True,True,15,0,
metric_output,reports/csv/energy_efficiency_outputs.csv,availability_matches_runtime_coverage,True,True,True,15,0,
metric_output,reports/csv/energy_efficiency_outputs.csv,metric_values_and_units_are_coherent,True,True,True,15,0,
metric_output,reports/csv/energy_efficiency_outputs.csv,counted_metrics_bind_existing_run_artifacts,True,True,True,15,0,
metric_output,reports/csv/harq_outputs.csv,required_metric_catalog_columns,True,True,True,10,0,
metric_output,reports/csv/harq_outputs.csv,metric_identity_and_unique_key,True,True,True,10,0,
metric_output,reports/csv/harq_outputs.csv,availability_matches_runtime_coverage,True,True,True,10,0,
metric_output,reports/csv/harq_outputs.csv,metric_values_and_units_are_coherent,True,True,True,10,0,
metric_output,reports/csv/harq_outputs.csv,counted_metrics_bind_existing_run_artifacts,True,True,True,10,0,
metric_output,reports/csv/initial_access_random_access_outputs.csv,required_metric_catalog_columns,True,True,True,26,0,
metric_output,reports/csv/initial_access_random_access_outputs.csv,metric_identity_and_unique_key,True,True,True,26,0,
metric_output,reports/csv/initial_access_random_access_outputs.csv,availability_matches_runtime_coverage,True,True,True,26,0,
metric_output,reports/csv/initial_access_random_access_outputs.csv,metric_values_and_units_are_coherent,True,True,True,26,0,
metric_output,reports/csv/initial_access_random_access_outputs.csv,counted_metrics_bind_existing_run_artifacts,True,True,True,26,0,
metric_output,reports/csv/lls_output_metric_rows.csv,required_metric_catalog_columns,True,True,True,554,0,
metric_output,reports/csv/lls_output_metric_rows.csv,metric_identity_and_unique_key,True,True,True,554,0,
metric_output,reports/csv/lls_output_metric_rows.csv,availability_matches_runtime_coverage,True,True,True,554,0,
metric_output,reports/csv/lls_output_metric_rows.csv,metric_values_and_units_are_coherent,True,True,True,554,0,
metric_output,reports/csv/lls_output_metric_rows.csv,counted_metrics_bind_existing_run_artifacts,True,True,True,554,0,
metric_output,reports/csv/modulation_shaping_outputs.csv,required_metric_catalog_columns,True,True,True,57,0,
metric_output,reports/csv/modulation_shaping_outputs.csv,metric_identity_and_unique_key,True,True,True,57,0,
metric_output,reports/csv/modulation_shaping_outputs.csv,availability_matches_runtime_coverage,True,True,True,57,0,
metric_output,reports/csv/modulation_shaping_outputs.csv,metric_values_and_units_are_coherent,True,True,True,57,0,
metric_output,reports/csv/modulation_shaping_outputs.csv,counted_metrics_bind_existing_run_artifacts,True,True,True,57,0,
metric_output,reports/csv/pdcch_control_outputs.csv,required_metric_catalog_columns,True,True,True,16,0,
metric_output,reports/csv/pdcch_control_outputs.csv,metric_identity_and_unique_key,True,True,True,16,0,
metric_output,reports/csv/pdcch_control_outputs.csv,availability_matches_runtime_coverage,True,True,True,16,0,
metric_output,reports/csv/pdcch_control_outputs.csv,metric_values_and_units_are_coherent,True,True,True,16,0,
metric_output,reports/csv/pdcch_control_outputs.csv,counted_metrics_bind_existing_run_artifacts,True,True,True,16,0,
metric_output,reports/csv/pdsch_outputs.csv,required_metric_catalog_columns,True,True,True,22,0,
metric_output,reports/csv/pdsch_outputs.csv,metric_identity_and_unique_key,True,True,True,22,0,
metric_output,reports/csv/pdsch_outputs.csv,availability_matches_runtime_coverage,True,True,True,22,0,
metric_output,reports/csv/pdsch_outputs.csv,metric_values_and_units_are_coherent,True,True,True,22,0,
metric_output,reports/csv/pdsch_outputs.csv,counted_metrics_bind_existing_run_artifacts,True,True,True,22,0,
metric_output,reports/csv/pusch_pucch_outputs.csv,required_metric_catalog_columns,True,True,True,27,0,
metric_output,reports/csv/pusch_pucch_outputs.csv,metric_identity_and_unique_key,True,True,True,27,0,
metric_output,reports/csv/pusch_pucch_outputs.csv,availability_matches_runtime_coverage,True,True,True,27,0,
metric_output,reports/csv/pusch_pucch_outputs.csv,metric_values_and_units_are_coherent,True,True,True,27,0,
metric_output,reports/csv/pusch_pucch_outputs.csv,counted_metrics_bind_existing_run_artifacts,True,True,True,27,0,
metric_output,reports/csv/run_metadata_outputs.csv,required_metric_catalog_columns,True,True,True,53,0,
metric_output,reports/csv/run_metadata_outputs.csv,metric_identity_and_unique_key,True,True,True,53,0,
metric_output,reports/csv/run_metadata_outputs.csv,availability_matches_runtime_coverage,True,True,True,53,0,
metric_output,reports/csv/run_metadata_outputs.csv,metric_values_and_units_are_coherent,True,True,True,53,0,
metric_output,reports/csv/run_metadata_outputs.csv,counted_metrics_bind_existing_run_artifacts,True,True,True,53,0,
metric_coverage,reports/csv/lls_output_spec_coverage.csv,required_coverage_columns,True,True,True,221,0,
metric_coverage,reports/csv/lls_output_spec_coverage.csv,canonical_metric_ledger_present,True,True,True,221,0,
metric_coverage,reports/csv/lls_output_spec_coverage.csv,coverage_recomputed_from_metric_ledger,True,True,True,221,0,
domain_runtime,air_interface/csv/dl_multi_seed_bler_curve.csv,schema_and_runtime_rows,True,True,True,3,0,
domain_runtime,air_interface/csv/dl_multi_seed_bler_curve.csv,scenario_execution_identity,True,True,True,3,0,
domain_runtime,air_interface/csv/dl_multi_seed_bler_curve.csv,populated_physical_value_ranges,True,True,True,3,0,
domain_runtime,air_interface/csv/dl_multi_seed_bler_curve.csv,in_path_truth_proxy_separation,True,True,True,3,0,
domain_runtime,air_interface/csv/dl_pdsch_receiver_evidence_audit.csv,schema_and_runtime_rows,True,True,True,120,0,
domain_runtime,air_interface/csv/dl_pdsch_receiver_evidence_audit.csv,scenario_execution_identity,True,True,True,120,0,
domain_runtime,air_interface/csv/dl_pdsch_receiver_evidence_audit.csv,populated_physical_value_ranges,True,True,True,120,0,
domain_runtime,air_interface/csv/dl_pdsch_receiver_evidence_audit.csv,in_path_truth_proxy_separation,True,True,True,120,0,
domain_runtime,air_interface/csv/dl_pdsch_trials.csv,schema_and_runtime_rows,True,True,True,120,0,
domain_runtime,air_interface/csv/dl_pdsch_trials.csv,scenario_execution_identity,True,True,True,120,0,
domain_runtime,air_interface/csv/dl_pdsch_trials.csv,populated_physical_value_ranges,True,True,True,120,0,
domain_runtime,air_interface/csv/dl_pdsch_trials.csv,in_path_truth_proxy_separation,True,True,True,120,0,
domain_runtime,air_interface/csv/fixed_link_campaign_task_plan.csv,schema_and_runtime_rows,True,True,True,6,0,
domain_runtime,air_interface/csv/fixed_link_campaign_task_plan.csv,scenario_execution_identity,True,True,True,6,0,
domain_runtime,air_interface/csv/fixed_link_campaign_task_plan.csv,populated_physical_value_ranges,True,True,True,6,0,
domain_runtime,air_interface/csv/fixed_link_campaign_task_plan.csv,in_path_truth_proxy_separation,True,True,True,6,0,
domain_runtime,air_interface/csv/harq_combining_gain.csv,schema_and_runtime_rows,True,True,True,1,0,
domain_runtime,air_interface/csv/harq_combining_gain.csv,scenario_execution_identity,True,True,True,1,0,
domain_runtime,air_interface/csv/harq_combining_gain.csv,populated_physical_value_ranges,True,True,True,1,0,
domain_runtime,air_interface/csv/harq_combining_gain.csv,in_path_truth_proxy_separation,True,True,True,1,0,
domain_runtime,air_interface/csv/link_anchor_kpis.csv,schema_and_runtime_rows,True,True,True,3,0,
domain_runtime,air_interface/csv/link_anchor_kpis.csv,scenario_execution_identity,True,True,True,3,0,
domain_runtime,air_interface/csv/link_anchor_kpis.csv,populated_physical_value_ranges,True,True,True,3,0,
domain_runtime,air_interface/csv/link_anchor_kpis.csv,in_path_truth_proxy_separation,True,True,True,3,0,
domain_runtime,air_interface/csv/link_kpis.csv,schema_and_runtime_rows,True,True,True,3,0,
domain_runtime,air_interface/csv/link_kpis.csv,scenario_execution_identity,True,True,True,3,0,
domain_runtime,air_interface/csv/link_kpis.csv,populated_physical_value_ranges,True,True,True,3,0,
domain_runtime,air_interface/csv/link_kpis.csv,in_path_truth_proxy_separation,True,True,True,3,0,
domain_runtime,air_interface/csv/lls_fixed_link_campaign.csv,schema_and_runtime_rows,True,True,True,3,0,
domain_runtime,air_interface/csv/lls_fixed_link_campaign.csv,scenario_execution_identity,True,True,True,3,0,
domain_runtime,air_interface/csv/lls_fixed_link_campaign.csv,populated_physical_value_ranges,True,True,True,3,0,
domain_runtime,air_interface/csv/lls_fixed_link_campaign.csv,in_path_truth_proxy_separation,True,True,True,3,0,
domain_runtime,air_interface/csv/metric_unit_catalog.csv,schema_and_runtime_rows,True,True,True,4461,0,
domain_runtime,air_interface/csv/metric_unit_catalog.csv,scenario_execution_identity,True,True,True,4461,0,
domain_runtime,air_interface/csv/metric_unit_catalog.csv,populated_physical_value_ranges,True,True,True,4461,0,
domain_runtime,air_interface/csv/metric_unit_catalog.csv,in_path_truth_proxy_separation,True,True,True,4461,0,
domain_runtime,air_interface/csv/multi_seed_drop_statistics.csv,schema_and_runtime_rows,True,True,True,6,0,
domain_runtime,air_interface/csv/multi_seed_drop_statistics.csv,scenario_execution_identity,True,True,True,6,0,
domain_runtime,air_interface/csv/multi_seed_drop_statistics.csv,populated_physical_value_ranges,True,True,True,6,0,
domain_runtime,air_interface/csv/multi_seed_drop_statistics.csv,in_path_truth_proxy_separation,True,True,True,6,0,
domain_runtime,air_interface/csv/ul_pusch_trials.csv,schema_and_runtime_rows,True,True,True,120,0,
domain_runtime,air_interface/csv/ul_pusch_trials.csv,scenario_execution_identity,True,True,True,120,0,
domain_runtime,air_interface/csv/ul_pusch_trials.csv,populated_physical_value_ranges,True,True,True,120,0,
domain_runtime,air_interface/csv/ul_pusch_trials.csv,in_path_truth_proxy_separation,True,True,True,120,0,
domain_runtime,analytics/csv/beam_analytics.csv,schema_and_runtime_rows,True,True,True,2,0,
domain_runtime,analytics/csv/beam_analytics.csv,scenario_execution_identity,True,True,True,2,0,
domain_runtime,analytics/csv/beam_analytics.csv,populated_physical_value_ranges,True,True,True,2,0,
domain_runtime,analytics/csv/beam_analytics.csv,in_path_truth_proxy_separation,True,True,True,2,0,
domain_runtime,analytics/csv/change_impact_analytics.csv,schema_and_runtime_rows,True,True,True,1,0,
domain_runtime,analytics/csv/change_impact_analytics.csv,scenario_execution_identity,True,True,True,1,0,
domain_runtime,analytics/csv/change_impact_analytics.csv,populated_physical_value_ranges,True,True,True,1,0,
domain_runtime,analytics/csv/change_impact_analytics.csv,in_path_truth_proxy_separation,True,True,True,1,0,
domain_runtime,analytics/csv/channel_estimation_analytics.csv,schema_and_runtime_rows,True,True,True,33,0,
domain_runtime,analytics/csv/channel_estimation_analytics.csv,scenario_execution_identity,True,True,True,33,0,
domain_runtime,analytics/csv/channel_estimation_analytics.csv,populated_physical_value_ranges,True,True,True,33,0,
domain_runtime,analytics/csv/channel_estimation_analytics.csv,in_path_truth_proxy_separation,True,True,True,33,0,
domain_runtime,analytics/csv/channel_quality_analytics.csv,schema_and_runtime_rows,True,True,True,1,0,
domain_runtime,analytics/csv/channel_quality_analytics.csv,scenario_execution_identity,True,True,True,1,0,
domain_runtime,analytics/csv/channel_quality_analytics.csv,populated_physical_value_ranges,True,True,True,1,0,
domain_runtime,analytics/csv/channel_quality_analytics.csv,in_path_truth_proxy_separation,True,True,True,1,0,
domain_runtime,analytics/csv/clipping_analytics.csv,schema_and_runtime_rows,True,True,True,57,0,
domain_runtime,analytics/csv/clipping_analytics.csv,scenario_execution_identity,True,True,True,57,0,
domain_runtime,analytics/csv/clipping_analytics.csv,populated_physical_value_ranges,True,True,True,57,0,
domain_runtime,analytics/csv/clipping_analytics.csv,in_path_truth_proxy_separation,True,True,True,57,0,
domain_runtime,analytics/csv/codeblock_analytics.csv,schema_and_runtime_rows,True,True,True,64,0,
domain_runtime,analytics/csv/codeblock_analytics.csv,scenario_execution_identity,True,True,True,64,0,
domain_runtime,analytics/csv/codeblock_analytics.csv,populated_physical_value_ranges,True,True,True,64,0,
domain_runtime,analytics/csv/codeblock_analytics.csv,in_path_truth_proxy_separation,True,True,True,64,0,
domain_runtime,analytics/csv/compute_analytics.csv,schema_and_runtime_rows,True,True,True,51,0,
domain_runtime,analytics/csv/compute_analytics.csv,scenario_execution_identity,True,True,True,51,0,
domain_runtime,analytics/csv/compute_analytics.csv,populated_physical_value_ranges,True,True,True,51,0,
domain_runtime,analytics/csv/compute_analytics.csv,in_path_truth_proxy_separation,True,True,True,51,0,
domain_runtime,analytics/csv/contract__beamforming-precoding-mimo-analytics__per-layer-sinr.csv,schema_and_runtime_rows,True,True,True,6,0,
domain_runtime,analytics/csv/contract__beamforming-precoding-mimo-analytics__per-layer-sinr.csv,scenario_execution_identity,True,True,True,6,0,
domain_runtime,analytics/csv/contract__beamforming-precoding-mimo-analytics__per-layer-sinr.csv,populated_physical_value_ranges,True,True,True,6,0,
domain_runtime,analytics/csv/contract__beamforming-precoding-mimo-analytics__per-layer-sinr.csv,in_path_truth_proxy_separation,True,True,True,6,0,
domain_runtime,analytics/csv/contract__beamforming-precoding-mimo-analytics__precoder-mode-distribution.csv,schema_and_runtime_rows,True,True,True,2,0,
domain_runtime,analytics/csv/contract__beamforming-precoding-mimo-analytics__precoder-mode-distribution.csv,scenario_execution_identity,True,True,True,2,0,
domain_runtime,analytics/csv/contract__beamforming-precoding-mimo-analytics__precoder-mode-distribution.csv,populated_physical_value_ranges,True,True,True,2,0,
domain_runtime,analytics/csv/contract__beamforming-precoding-mimo-analytics__precoder-mode-distribution.csv,in_path_truth_proxy_separation,True,True,True,2,0,
domain_runtime,analytics/csv/contract__channel-estimation-propagation-analytics__estimator-bias-variance-summaries.csv,schema_and_runtime_rows,True,True,True,3,0,
domain_runtime,analytics/csv/contract__channel-estimation-propagation-analytics__estimator-bias-variance-summaries.csv,scenario_execution_identity,True,True,True,3,0,
domain_runtime,analytics/csv/contract__channel-estimation-propagation-analytics__estimator-bias-variance-summaries.csv,populated_physical_value_ranges,True,True,True,3,0,
domain_runtime,analytics/csv/contract__channel-estimation-propagation-analytics__estimator-bias-variance-summaries.csv,in_path_truth_proxy_separation,True,True,True,3,0,
domain_runtime,analytics/csv/contract__channel-estimation-propagation-analytics__nmse-vs-snr-sinr.csv,schema_and_runtime_rows,True,True,True,3,0,
domain_runtime,analytics/csv/contract__channel-estimation-propagation-analytics__nmse-vs-snr-sinr.csv,scenario_execution_identity,True,True,True,3,0,
domain_runtime,analytics/csv/contract__channel-estimation-propagation-analytics__nmse-vs-snr-sinr.csv,populated_physical_value_ranges,True,True,True,3,0,
domain_runtime,analytics/csv/contract__channel-estimation-propagation-analytics__nmse-vs-snr-sinr.csv,in_path_truth_proxy_separation,True,True,True,3,0,
domain_runtime,analytics/csv/contract__channel-estimation-propagation-analytics__noise-variance-trend.csv,schema_and_runtime_rows,True,True,True,40,0,
domain_runtime,analytics/csv/contract__channel-estimation-propagation-analytics__noise-variance-trend.csv,scenario_execution_identity,True,True,True,40,0,
domain_runtime,analytics/csv/contract__channel-estimation-propagation-analytics__noise-variance-trend.csv,populated_physical_value_ranges,True,True,True,40,0,
domain_runtime,analytics/csv/contract__channel-estimation-propagation-analytics__noise-variance-trend.csv,in_path_truth_proxy_separation,True,True,True,40,0,
domain_runtime,analytics/csv/contract__constellation-evm-analytics__evm-rms.csv,schema_and_runtime_rows,True,True,True,2,0,
domain_runtime,analytics/csv/contract__constellation-evm-analytics__evm-rms.csv,scenario_execution_identity,True,True,True,2,0,
domain_runtime,analytics/csv/contract__constellation-evm-analytics__evm-rms.csv,populated_physical_value_ranges,True,True,True,2,0,
domain_runtime,analytics/csv/contract__constellation-evm-analytics__evm-rms.csv,in_path_truth_proxy_separation,True,True,True,2,0,
domain_runtime,analytics/csv/contract__error-reliability-analytics__ber-vs-snr.csv,schema_and_runtime_rows,True,True,True,6,0,
domain_runtime,analytics/csv/contract__error-reliability-analytics__ber-vs-snr.csv,scenario_execution_identity,True,True,True,6,0,
domain_runtime,analytics/csv/contract__error-reliability-analytics__ber-vs-snr.csv,populated_physical_value_ranges,True,True,True,6,0,
domain_runtime,analytics/csv/contract__error-reliability-analytics__ber-vs-snr.csv,in_path_truth_proxy_separation,True,True,True,6,0,
domain_runtime,analytics/csv/contract__error-reliability-analytics__ber.csv,schema_and_runtime_rows,True,True,True,1,0,
domain_runtime,analytics/csv/contract__error-reliability-analytics__ber.csv,scenario_execution_identity,True,True,True,1,0,
domain_runtime,analytics/csv/contract__error-reliability-analytics__ber.csv,populated_physical_value_ranges,True,True,True,1,0,
domain_runtime,analytics/csv/contract__error-reliability-analytics__ber.csv,in_path_truth_proxy_separation,True,True,True,1,0,
domain_runtime,analytics/csv/contract__error-reliability-analytics__bler-vs-mcs.csv,schema_and_runtime_rows,True,True,True,1,0,
domain_runtime,analytics/csv/contract__error-reliability-analytics__bler-vs-mcs.csv,scenario_execution_identity,True,True,True,1,0,
domain_runtime,analytics/csv/contract__error-reliability-analytics__bler-vs-mcs.csv,populated_physical_value_ranges,True,True,True,1,0,
domain_runtime,analytics/csv/contract__error-reliability-analytics__bler-vs-mcs.csv,in_path_truth_proxy_separation,True,True,True,1,0,
domain_runtime,analytics/csv/contract__error-reliability-analytics__bler-vs-sinr.csv,schema_and_runtime_rows,True,True,True,6,0,
domain_runtime,analytics/csv/contract__error-reliability-analytics__bler-vs-sinr.csv,scenario_execution_identity,True,True,True,6,0,
domain_runtime,analytics/csv/contract__error-reliability-analytics__bler-vs-sinr.csv,populated_physical_value_ranges,True,True,True,6,0,
domain_runtime,analytics/csv/contract__error-reliability-analytics__bler-vs-sinr.csv,in_path_truth_proxy_separation,True,True,True,6,0,
domain_runtime,analytics/csv/contract__error-reliability-analytics__bler-vs-snr.csv,schema_and_runtime_rows,True,True,True,6,0,
domain_runtime,analytics/csv/contract__error-reliability-analytics__bler-vs-snr.csv,scenario_execution_identity,True,True,True,6,0,
domain_runtime,analytics/csv/contract__error-reliability-analytics__bler-vs-snr.csv,populated_physical_value_ranges,True,True,True,6,0,
domain_runtime,analytics/csv/contract__error-reliability-analytics__bler-vs-snr.csv,in_path_truth_proxy_separation,True,True,True,6,0,
domain_runtime,analytics/csv/contract__error-reliability-analytics__bler.csv,schema_and_runtime_rows,True,True,True,1,0,
domain_runtime,analytics/csv/contract__error-reliability-analytics__bler.csv,scenario_execution_identity,True,True,True,1,0,
domain_runtime,analytics/csv/contract__error-reliability-analytics__bler.csv,populated_physical_value_ranges,True,True,True,1,0,
domain_runtime,analytics/csv/contract__error-reliability-analytics__bler.csv,in_path_truth_proxy_separation,True,True,True,1,0,
domain_runtime,analytics/csv/contract__error-reliability-analytics__cbg-error-rates.csv,schema_and_runtime_rows,True,True,True,2,0,
domain_runtime,analytics/csv/contract__error-reliability-analytics__cbg-error-rates.csv,scenario_execution_identity,True,True,True,2,0,
domain_runtime,analytics/csv/contract__error-reliability-analytics__cbg-error-rates.csv,populated_physical_value_ranges,True,True,True,2,0,
domain_runtime,analytics/csv/contract__error-reliability-analytics__cbg-error-rates.csv,in_path_truth_proxy_separation,True,True,True,2,0,
domain_runtime,analytics/csv/contract__error-reliability-analytics__code-block-error-rates.csv,schema_and_runtime_rows,True,True,True,2,0,
domain_runtime,analytics/csv/contract__error-reliability-analytics__code-block-error-rates.csv,scenario_execution_identity,True,True,True,2,0,
domain_runtime,analytics/csv/contract__error-reliability-analytics__code-block-error-rates.csv,populated_physical_value_ranges,True,True,True,2,0,
domain_runtime,analytics/csv/contract__error-reliability-analytics__code-block-error-rates.csv,in_path_truth_proxy_separation,True,True,True,2,0,
domain_runtime,analytics/csv/contract__error-reliability-analytics__crc-pass-fail-rates.csv,schema_and_runtime_rows,True,True,True,6,0,
domain_runtime,analytics/csv/contract__error-reliability-analytics__crc-pass-fail-rates.csv,scenario_execution_identity,True,True,True,6,0,
domain_runtime,analytics/csv/contract__error-reliability-analytics__crc-pass-fail-rates.csv,populated_physical_value_ranges,True,True,True,6,0,
domain_runtime,analytics/csv/contract__error-reliability-analytics__crc-pass-fail-rates.csv,in_path_truth_proxy_separation,True,True,True,6,0,
domain_runtime,analytics/csv/contract__error-reliability-analytics__decoder-iteration-distributions.csv,schema_and_runtime_rows,True,True,True,240,0,
domain_runtime,analytics/csv/contract__error-reliability-analytics__decoder-iteration-distributions.csv,scenario_execution_identity,True,True,True,240,0,
domain_runtime,analytics/csv/contract__error-reliability-analytics__decoder-iteration-distributions.csv,populated_physical_value_ranges,True,True,True,240,0,
domain_runtime,analytics/csv/contract__error-reliability-analytics__decoder-iteration-distributions.csv,in_path_truth_proxy_separation,True,True,True,240,0,
domain_runtime,analytics/csv/contract__error-reliability-analytics__fer-vs-snr.csv,schema_and_runtime_rows,True,True,True,6,0,
domain_runtime,analytics/csv/contract__error-reliability-analytics__fer-vs-snr.csv,scenario_execution_identity,True,True,True,6,0,
domain_runtime,analytics/csv/contract__error-reliability-analytics__fer-vs-snr.csv,populated_physical_value_ranges,True,True,True,6,0,
domain_runtime,analytics/csv/contract__error-reliability-analytics__fer-vs-snr.csv,in_path_truth_proxy_separation,True,True,True,6,0,
domain_runtime,analytics/csv/contract__error-reliability-analytics__fer.csv,schema_and_runtime_rows,True,True,True,1,0,
domain_runtime,analytics/csv/contract__error-reliability-analytics__fer.csv,scenario_execution_identity,True,True,True,1,0,
domain_runtime,analytics/csv/contract__error-reliability-analytics__fer.csv,populated_physical_value_ranges,True,True,True,1,0,
domain_runtime,analytics/csv/contract__error-reliability-analytics__fer.csv,in_path_truth_proxy_separation,True,True,True,1,0,
domain_runtime,analytics/csv/contract__error-reliability-analytics__per-channel-reliability-breakdown.csv,schema_and_runtime_rows,True,True,True,2,0,
domain_runtime,analytics/csv/contract__error-reliability-analytics__per-channel-reliability-breakdown.csv,scenario_execution_identity,True,True,True,2,0,
domain_runtime,analytics/csv/contract__error-reliability-analytics__per-channel-reliability-breakdown.csv,populated_physical_value_ranges,True,True,True,2,0,
domain_runtime,analytics/csv/contract__error-reliability-analytics__per-channel-reliability-breakdown.csv,in_path_truth_proxy_separation,True,True,True,2,0,
domain_runtime,analytics/csv/contract__error-reliability-analytics__per-ue-and-per-cell-reliability.csv,schema_and_runtime_rows,True,True,True,1,0,
domain_runtime,analytics/csv/contract__error-reliability-analytics__per-ue-and-per-cell-reliability.csv,scenario_execution_identity,True,True,True,1,0,
domain_runtime,analytics/csv/contract__error-reliability-analytics__per-ue-and-per-cell-reliability.csv,populated_physical_value_ranges,True,True,True,1,0,
domain_runtime,analytics/csv/contract__error-reliability-analytics__per-ue-and-per-cell-reliability.csv,in_path_truth_proxy_separation,True,True,True,1,0,
domain_runtime,analytics/csv/contract__export-consistency-truth-analytics__assumption-usage-summaries.csv,schema_and_runtime_rows,True,True,True,10,0,
domain_runtime,analytics/csv/contract__export-consistency-truth-analytics__assumption-usage-summaries.csv,scenario_execution_identity,True,True,True,10,0,
domain_runtime,analytics/csv/contract__export-consistency-truth-analytics__assumption-usage-summaries.csv,populated_physical_value_ranges,True,True,True,10,0,
domain_runtime,analytics/csv/contract__export-consistency-truth-analytics__assumption-usage-summaries.csv,in_path_truth_proxy_separation,True,True,True,10,0,
domain_runtime,analytics/csv/contract__export-consistency-truth-analytics__config-drift.csv,schema_and_runtime_rows,True,True,True,112,0,
domain_runtime,analytics/csv/contract__export-consistency-truth-analytics__config-drift.csv,scenario_execution_identity,True,True,True,112,0,
domain_runtime,analytics/csv/contract__export-consistency-truth-analytics__config-drift.csv,populated_physical_value_ranges,True,True,True,112,0,
domain_runtime,analytics/csv/contract__export-consistency-truth-analytics__config-drift.csv,in_path_truth_proxy_separation,True,True,True,112,0,
domain_runtime,analytics/csv/contract__export-consistency-truth-analytics__csv-vs-db-consistency.csv,schema_and_runtime_rows,True,True,True,1,0,
domain_runtime,analytics/csv/contract__export-consistency-truth-analytics__csv-vs-db-consistency.csv,scenario_execution_identity,True,True,True,1,0,
domain_runtime,analytics/csv/contract__export-consistency-truth-analytics__csv-vs-db-consistency.csv,populated_physical_value_ranges,True,True,True,1,0,
domain_runtime,analytics/csv/contract__export-consistency-truth-analytics__csv-vs-db-consistency.csv,in_path_truth_proxy_separation,True,True,True,1,0,
domain_runtime,analytics/csv/contract__export-consistency-truth-analytics__db-vs-browser-consistency.csv,schema_and_runtime_rows,True,True,True,1,0,
domain_runtime,analytics/csv/contract__export-consistency-truth-analytics__db-vs-browser-consistency.csv,scenario_execution_identity,True,True,True,1,0,
domain_runtime,analytics/csv/contract__export-consistency-truth-analytics__db-vs-browser-consistency.csv,populated_physical_value_ranges,True,True,True,1,0,
domain_runtime,analytics/csv/contract__export-consistency-truth-analytics__db-vs-browser-consistency.csv,in_path_truth_proxy_separation,True,True,True,1,0,
domain_runtime,analytics/csv/contract__export-consistency-truth-analytics__fallback-event-summaries.csv,schema_and_runtime_rows,True,True,True,1,0,
domain_runtime,analytics/csv/contract__export-consistency-truth-analytics__fallback-event-summaries.csv,scenario_execution_identity,True,True,True,1,0,
domain_runtime,analytics/csv/contract__export-consistency-truth-analytics__fallback-event-summaries.csv,populated_physical_value_ranges,True,True,True,1,0,
domain_runtime,analytics/csv/contract__export-consistency-truth-analytics__fallback-event-summaries.csv,in_path_truth_proxy_separation,True,True,True,1,0,
domain_runtime,analytics/csv/contract__export-consistency-truth-analytics__missing-field-audits.csv,schema_and_runtime_rows,True,True,True,4,0,
domain_runtime,analytics/csv/contract__export-consistency-truth-analytics__missing-field-audits.csv,scenario_execution_identity,True,True,True,4,0,
domain_runtime,analytics/csv/contract__export-consistency-truth-analytics__missing-field-audits.csv,populated_physical_value_ranges,True,True,True,4,0,
domain_runtime,analytics/csv/contract__export-consistency-truth-analytics__missing-field-audits.csv,in_path_truth_proxy_separation,True,True,True,4,0,
domain_runtime,analytics/csv/contract__export-consistency-truth-analytics__placeholder-exposure-checks.csv,schema_and_runtime_rows,True,True,True,1,0,
domain_runtime,analytics/csv/contract__export-consistency-truth-analytics__placeholder-exposure-checks.csv,scenario_execution_identity,True,True,True,1,0,
domain_runtime,analytics/csv/contract__export-consistency-truth-analytics__placeholder-exposure-checks.csv,populated_physical_value_ranges,True,True,True,1,0,
domain_runtime,analytics/csv/contract__export-consistency-truth-analytics__placeholder-exposure-checks.csv,in_path_truth_proxy_separation,True,True,True,1,0,
domain_runtime,analytics/csv/contract__export-consistency-truth-analytics__run-status-truth-checks.csv,schema_and_runtime_rows,True,True,True,1,0,
domain_runtime,analytics/csv/contract__export-consistency-truth-analytics__run-status-truth-checks.csv,scenario_execution_identity,True,True,True,1,0,
domain_runtime,analytics/csv/contract__export-consistency-truth-analytics__run-status-truth-checks.csv,populated_physical_value_ranges,True,True,True,1,0,
domain_runtime,analytics/csv/contract__export-consistency-truth-analytics__run-status-truth-checks.csv,in_path_truth_proxy_separation,True,True,True,1,0,
domain_runtime,analytics/csv/contract__export-consistency-truth-analytics__schema-drift.csv,schema_and_runtime_rows,True,True,True,2,0,
domain_runtime,analytics/csv/contract__export-consistency-truth-analytics__schema-drift.csv,scenario_execution_identity,True,True,True,2,0,
domain_runtime,analytics/csv/contract__export-consistency-truth-analytics__schema-drift.csv,populated_physical_value_ranges,True,True,True,2,0,
domain_runtime,analytics/csv/contract__export-consistency-truth-analytics__schema-drift.csv,in_path_truth_proxy_separation,True,True,True,2,0,
domain_runtime,analytics/csv/contract__export-consistency-truth-analytics__smoke-exposure-checks.csv,schema_and_runtime_rows,True,True,True,1,0,
domain_runtime,analytics/csv/contract__export-consistency-truth-analytics__smoke-exposure-checks.csv,scenario_execution_identity,True,True,True,1,0,
domain_runtime,analytics/csv/contract__export-consistency-truth-analytics__smoke-exposure-checks.csv,populated_physical_value_ranges,True,True,True,1,0,
domain_runtime,analytics/csv/contract__export-consistency-truth-analytics__smoke-exposure-checks.csv,in_path_truth_proxy_separation,True,True,True,1,0,
domain_runtime,analytics/csv/contract__export-consistency-truth-analytics__source-row-count-vs-analytics-row-count.csv,schema_and_runtime_rows,True,True,True,124,0,
domain_runtime,analytics/csv/contract__export-consistency-truth-analytics__source-row-count-vs-analytics-row-count.csv,scenario_execution_identity,True,True,True,124,0,
domain_runtime,analytics/csv/contract__export-consistency-truth-analytics__source-row-count-vs-analytics-row-count.csv,populated_physical_value_ranges,True,True,True,124,0,
domain_runtime,analytics/csv/contract__export-consistency-truth-analytics__source-row-count-vs-analytics-row-count.csv,in_path_truth_proxy_separation,True,True,True,124,0,
domain_runtime,analytics/csv/contract__export-consistency-truth-analytics__summary-vs-raw-contradiction-checks.csv,schema_and_runtime_rows,True,True,True,4,0,
domain_runtime,analytics/csv/contract__export-consistency-truth-analytics__summary-vs-raw-contradiction-checks.csv,scenario_execution_identity,True,True,True,4,0,
domain_runtime,analytics/csv/contract__export-consistency-truth-analytics__summary-vs-raw-contradiction-checks.csv,populated_physical_value_ranges,True,True,True,4,0,
domain_runtime,analytics/csv/contract__export-consistency-truth-analytics__summary-vs-raw-contradiction-checks.csv,in_path_truth_proxy_separation,True,True,True,4,0,
domain_runtime,analytics/csv/contract__export-consistency-truth-analytics__truth-policy-violation-counts.csv,schema_and_runtime_rows,True,True,True,1,0,
domain_runtime,analytics/csv/contract__export-consistency-truth-analytics__truth-policy-violation-counts.csv,scenario_execution_identity,True,True,True,1,0,
domain_runtime,analytics/csv/contract__export-consistency-truth-analytics__truth-policy-violation-counts.csv,populated_physical_value_ranges,True,True,True,1,0,
domain_runtime,analytics/csv/contract__export-consistency-truth-analytics__truth-policy-violation-counts.csv,in_path_truth_proxy_separation,True,True,True,1,0,
domain_runtime,analytics/csv/contract__impairments-tracking-analytics__cfo-true-vs-estimated-vs-residual.csv,schema_and_runtime_rows,True,True,True,240,0,
domain_runtime,analytics/csv/contract__impairments-tracking-analytics__cfo-true-vs-estimated-vs-residual.csv,scenario_execution_identity,True,True,True,240,0,
domain_runtime,analytics/csv/contract__impairments-tracking-analytics__cfo-true-vs-estimated-vs-residual.csv,populated_physical_value_ranges,True,True,True,240,0,
domain_runtime,analytics/csv/contract__impairments-tracking-analytics__cfo-true-vs-estimated-vs-residual.csv,in_path_truth_proxy_separation,True,True,True,240,0,
domain_runtime,analytics/csv/contract__measurement-csi-link-adaptation-analytics__applied-awgn-snr-vs-measured-runtime-sinr-comparison.csv,schema_and_runtime_rows,True,True,True,6,0,
domain_runtime,analytics/csv/contract__measurement-csi-link-adaptation-analytics__applied-awgn-snr-vs-measured-runtime-sinr-comparison.csv,scenario_execution_identity,True,True,True,6,0,
domain_runtime,analytics/csv/contract__measurement-csi-link-adaptation-analytics__applied-awgn-snr-vs-measured-runtime-sinr-comparison.csv,populated_physical_value_ranges,True,True,True,6,0,
domain_runtime,analytics/csv/contract__measurement-csi-link-adaptation-analytics__applied-awgn-snr-vs-measured-runtime-sinr-comparison.csv,in_path_truth_proxy_separation,True,True,True,6,0,
domain_runtime,analytics/csv/contract__measurement-csi-link-adaptation-analytics__config-vs-measured-conflict-dashboard.csv,schema_and_runtime_rows,True,True,True,2,0,
domain_runtime,analytics/csv/contract__measurement-csi-link-adaptation-analytics__config-vs-measured-conflict-dashboard.csv,scenario_execution_identity,True,True,True,2,0,
domain_runtime,analytics/csv/contract__measurement-csi-link-adaptation-analytics__config-vs-measured-conflict-dashboard.csv,populated_physical_value_ranges,True,True,True,2,0,
domain_runtime,analytics/csv/contract__measurement-csi-link-adaptation-analytics__config-vs-measured-conflict-dashboard.csv,in_path_truth_proxy_separation,True,True,True,2,0,
domain_runtime,analytics/csv/contract__measurement-csi-link-adaptation-analytics__per-layer-quality-plot.csv,schema_and_runtime_rows,True,True,True,1,0,
domain_runtime,analytics/csv/contract__measurement-csi-link-adaptation-analytics__per-layer-quality-plot.csv,scenario_execution_identity,True,True,True,1,0,
domain_runtime,analytics/csv/contract__measurement-csi-link-adaptation-analytics__per-layer-quality-plot.csv,populated_physical_value_ranges,True,True,True,1,0,
domain_runtime,analytics/csv/contract__measurement-csi-link-adaptation-analytics__per-layer-quality-plot.csv,in_path_truth_proxy_separation,True,True,True,1,0,
domain_runtime,analytics/csv/contract__power-energy-efficiency-analytics__active-bandwidth-vs-power.csv,schema_and_runtime_rows,True,True,True,480,0,
domain_runtime,analytics/csv/contract__power-energy-efficiency-analytics__active-bandwidth-vs-power.csv,scenario_execution_identity,True,True,True,480,0,
domain_runtime,analytics/csv/contract__power-energy-efficiency-analytics__active-bandwidth-vs-power.csv,populated_physical_value_ranges,True,True,True,480,0,
domain_runtime,analytics/csv/contract__power-energy-efficiency-analytics__active-bandwidth-vs-power.csv,in_path_truth_proxy_separation,True,True,True,480,0,
domain_runtime,analytics/csv/contract__power-energy-efficiency-analytics__baseband-power.csv,schema_and_runtime_rows,True,True,True,40,0,
domain_runtime,analytics/csv/contract__power-energy-efficiency-analytics__baseband-power.csv,scenario_execution_identity,True,True,True,40,0,
domain_runtime,analytics/csv/contract__power-energy-efficiency-analytics__baseband-power.csv,populated_physical_value_ranges,True,True,True,40,0,
domain_runtime,analytics/csv/contract__power-energy-efficiency-analytics__baseband-power.csv,in_path_truth_proxy_separation,True,True,True,40,0,
domain_runtime,analytics/csv/contract__power-energy-efficiency-analytics__dl-tx-power-per-cell-beam-ue.csv,schema_and_runtime_rows,True,True,True,1,0,
domain_runtime,analytics/csv/contract__power-energy-efficiency-analytics__dl-tx-power-per-cell-beam-ue.csv,scenario_execution_identity,True,True,True,1,0,
domain_runtime,analytics/csv/contract__power-energy-efficiency-analytics__dl-tx-power-per-cell-beam-ue.csv,populated_physical_value_ranges,True,True,True,1,0,
domain_runtime,analytics/csv/contract__power-energy-efficiency-analytics__dl-tx-power-per-cell-beam-ue.csv,in_path_truth_proxy_separation,True,True,True,1,0,
domain_runtime,analytics/csv/contract__power-energy-efficiency-analytics__energy-bit.csv,schema_and_runtime_rows,True,True,True,4,0,
domain_runtime,analytics/csv/contract__power-energy-efficiency-analytics__energy-bit.csv,scenario_execution_identity,True,True,True,4,0,
domain_runtime,analytics/csv/contract__power-energy-efficiency-analytics__energy-bit.csv,populated_physical_value_ranges,True,True,True,4,0,
domain_runtime,analytics/csv/contract__power-energy-efficiency-analytics__energy-bit.csv,in_path_truth_proxy_separation,True,True,True,4,0,
domain_runtime,analytics/csv/contract__power-energy-efficiency-analytics__energy-efficiency-by-ue.csv,schema_and_runtime_rows,True,True,True,1,0,
domain_runtime,analytics/csv/contract__power-energy-efficiency-analytics__energy-efficiency-by-ue.csv,scenario_execution_identity,True,True,True,1,0,
domain_runtime,analytics/csv/contract__power-energy-efficiency-analytics__energy-efficiency-by-ue.csv,populated_physical_value_ranges,True,True,True,1,0,
domain_runtime,analytics/csv/contract__power-energy-efficiency-analytics__energy-efficiency-by-ue.csv,in_path_truth_proxy_separation,True,True,True,1,0,
domain_runtime,analytics/csv/contract__power-energy-efficiency-analytics__energy-per-bit-histogram.csv,schema_and_runtime_rows,True,True,True,5,0,
domain_runtime,analytics/csv/contract__power-energy-efficiency-analytics__energy-per-bit-histogram.csv,scenario_execution_identity,True,True,True,5,0,
domain_runtime,analytics/csv/contract__power-energy-efficiency-analytics__energy-per-bit-histogram.csv,populated_physical_value_ranges,True,True,True,5,0,
domain_runtime,analytics/csv/contract__power-energy-efficiency-analytics__energy-per-bit-histogram.csv,in_path_truth_proxy_separation,True,True,True,5,0,
domain_runtime,analytics/csv/contract__power-energy-efficiency-analytics__joules-gb.csv,schema_and_runtime_rows,True,True,True,4,0,
domain_runtime,analytics/csv/contract__power-energy-efficiency-analytics__joules-gb.csv,scenario_execution_identity,True,True,True,4,0,
domain_runtime,analytics/csv/contract__power-energy-efficiency-analytics__joules-gb.csv,populated_physical_value_ranges,True,True,True,4,0,
domain_runtime,analytics/csv/contract__power-energy-efficiency-analytics__joules-gb.csv,in_path_truth_proxy_separation,True,True,True,4,0,
domain_runtime,analytics/csv/contract__power-energy-efficiency-analytics__papr-vs-power.csv,schema_and_runtime_rows,True,True,True,240,0,
domain_runtime,analytics/csv/contract__power-energy-efficiency-analytics__papr-vs-power.csv,scenario_execution_identity,True,True,True,240,0,
domain_runtime,analytics/csv/contract__power-energy-efficiency-analytics__papr-vs-power.csv,populated_physical_value_ranges,True,True,True,240,0,
domain_runtime,analytics/csv/contract__power-energy-efficiency-analytics__papr-vs-power.csv,in_path_truth_proxy_separation,True,True,True,240,0,
domain_runtime,analytics/csv/contract__power-energy-efficiency-analytics__power-vs-bler.csv,schema_and_runtime_rows,True,True,True,240,0,
domain_runtime,analytics/csv/contract__power-energy-efficiency-analytics__power-vs-bler.csv,scenario_execution_identity,True,True,True,240,0,
domain_runtime,analytics/csv/contract__power-energy-efficiency-analytics__power-vs-bler.csv,populated_physical_value_ranges,True,True,True,240,0,
domain_runtime,analytics/csv/contract__power-energy-efficiency-analytics__power-vs-bler.csv,in_path_truth_proxy_separation,True,True,True,240,0,
domain_runtime,analytics/csv/contract__power-energy-efficiency-analytics__power-vs-throughput.csv,schema_and_runtime_rows,True,True,True,240,0,
domain_runtime,analytics/csv/contract__power-energy-efficiency-analytics__power-vs-throughput.csv,scenario_execution_identity,True,True,True,240,0,
domain_runtime,analytics/csv/contract__power-energy-efficiency-analytics__power-vs-throughput.csv,populated_physical_value_ranges,True,True,True,240,0,
domain_runtime,analytics/csv/contract__power-energy-efficiency-analytics__power-vs-throughput.csv,in_path_truth_proxy_separation,True,True,True,240,0,
domain_runtime,analytics/csv/contract__power-energy-efficiency-analytics__sleep-idle-active-state-occupancy.csv,schema_and_runtime_rows,True,True,True,1,0,
domain_runtime,analytics/csv/contract__power-energy-efficiency-analytics__sleep-idle-active-state-occupancy.csv,scenario_execution_identity,True,True,True,1,0,
domain_runtime,analytics/csv/contract__power-energy-efficiency-analytics__sleep-idle-active-state-occupancy.csv,populated_physical_value_ranges,True,True,True,1,0,
domain_runtime,analytics/csv/contract__power-energy-efficiency-analytics__sleep-idle-active-state-occupancy.csv,in_path_truth_proxy_separation,True,True,True,1,0,
domain_runtime,analytics/csv/contract__runtime-compute-complexity-parallelism-analytics__decoder-complexity-units.csv,schema_and_runtime_rows,True,True,True,10,0,
domain_runtime,analytics/csv/contract__runtime-compute-complexity-parallelism-analytics__decoder-complexity-units.csv,scenario_execution_identity,True,True,True,10,0,
domain_runtime,analytics/csv/contract__runtime-compute-complexity-parallelism-analytics__decoder-complexity-units.csv,populated_physical_value_ranges,True,True,True,10,0,
domain_runtime,analytics/csv/contract__runtime-compute-complexity-parallelism-analytics__decoder-complexity-units.csv,in_path_truth_proxy_separation,True,True,True,10,0,
domain_runtime,analytics/csv/contract__runtime-compute-complexity-parallelism-analytics__dropped-row-duplicate-write-analytics.csv,schema_and_runtime_rows,True,True,True,910,0,
domain_runtime,analytics/csv/contract__runtime-compute-complexity-parallelism-analytics__dropped-row-duplicate-write-analytics.csv,scenario_execution_identity,True,True,True,910,0,
domain_runtime,analytics/csv/contract__runtime-compute-complexity-parallelism-analytics__dropped-row-duplicate-write-analytics.csv,populated_physical_value_ranges,True,True,True,910,0,
domain_runtime,analytics/csv/contract__runtime-compute-complexity-parallelism-analytics__dropped-row-duplicate-write-analytics.csv,in_path_truth_proxy_separation,True,True,True,910,0,
domain_runtime,analytics/csv/contract__runtime-compute-complexity-parallelism-analytics__latency-cdf.csv,schema_and_runtime_rows,True,True,True,240,0,
domain_runtime,analytics/csv/contract__runtime-compute-complexity-parallelism-analytics__latency-cdf.csv,scenario_execution_identity,True,True,True,240,0,
domain_runtime,analytics/csv/contract__runtime-compute-complexity-parallelism-analytics__latency-cdf.csv,populated_physical_value_ranges,True,True,True,240,0,
domain_runtime,analytics/csv/contract__runtime-compute-complexity-parallelism-analytics__latency-cdf.csv,in_path_truth_proxy_separation,True,True,True,240,0,
domain_runtime,analytics/csv/contract__runtime-compute-complexity-parallelism-analytics__normalized-decoder-complexity.csv,schema_and_runtime_rows,True,True,True,10,0,
domain_runtime,analytics/csv/contract__runtime-compute-complexity-parallelism-analytics__normalized-decoder-complexity.csv,scenario_execution_identity,True,True,True,10,0,
domain_runtime,analytics/csv/contract__runtime-compute-complexity-parallelism-analytics__normalized-decoder-complexity.csv,populated_physical_value_ranges,True,True,True,10,0,
domain_runtime,analytics/csv/contract__runtime-compute-complexity-parallelism-analytics__normalized-decoder-complexity.csv,in_path_truth_proxy_separation,True,True,True,10,0,
domain_runtime,analytics/csv/contract__spectrum-psd-papr-analytics__clipping-event-histogram.csv,schema_and_runtime_rows,True,True,True,1,0,
domain_runtime,analytics/csv/contract__spectrum-psd-papr-analytics__clipping-event-histogram.csv,scenario_execution_identity,True,True,True,1,0,
domain_runtime,analytics/csv/contract__spectrum-psd-papr-analytics__clipping-event-histogram.csv,populated_physical_value_ranges,True,True,True,1,0,
domain_runtime,analytics/csv/contract__spectrum-psd-papr-analytics__clipping-event-histogram.csv,in_path_truth_proxy_separation,True,True,True,1,0,
domain_runtime,analytics/csv/contract__spectrum-psd-papr-analytics__papr-histogram-cdf.csv,schema_and_runtime_rows,True,True,True,240,0,
domain_runtime,analytics/csv/contract__spectrum-psd-papr-analytics__papr-histogram-cdf.csv,scenario_execution_identity,True,True,True,240,0,
domain_runtime,analytics/csv/contract__spectrum-psd-papr-analytics__papr-histogram-cdf.csv,populated_physical_value_ranges,True,True,True,240,0,
domain_runtime,analytics/csv/contract__spectrum-psd-papr-analytics__papr-histogram-cdf.csv,in_path_truth_proxy_separation,True,True,True,240,0,
domain_runtime,analytics/csv/contract__throughput-goodput-spectral-efficiency-analytics__goodput.csv,schema_and_runtime_rows,True,True,True,2,0,
domain_runtime,analytics/csv/contract__throughput-goodput-spectral-efficiency-analytics__goodput.csv,scenario_execution_identity,True,True,True,2,0,
domain_runtime,analytics/csv/contract__throughput-goodput-spectral-efficiency-analytics__goodput.csv,populated_physical_value_ranges,True,True,True,2,0,
domain_runtime,analytics/csv/contract__throughput-goodput-spectral-efficiency-analytics__goodput.csv,in_path_truth_proxy_separation,True,True,True,2,0,
domain_runtime,analytics/csv/contract__throughput-goodput-spectral-efficiency-analytics__offered-throughput.csv,schema_and_runtime_rows,True,True,True,2,0,
domain_runtime,analytics/csv/contract__throughput-goodput-spectral-efficiency-analytics__offered-throughput.csv,scenario_execution_identity,True,True,True,2,0,
domain_runtime,analytics/csv/contract__throughput-goodput-spectral-efficiency-analytics__offered-throughput.csv,populated_physical_value_ranges,True,True,True,2,0,
domain_runtime,analytics/csv/contract__throughput-goodput-spectral-efficiency-analytics__offered-throughput.csv,in_path_truth_proxy_separation,True,True,True,2,0,
domain_runtime,analytics/csv/contract__throughput-goodput-spectral-efficiency-analytics__per-cell-throughput.csv,schema_and_runtime_rows,True,True,True,1,0,
domain_runtime,analytics/csv/contract__throughput-goodput-spectral-efficiency-analytics__per-cell-throughput.csv,scenario_execution_identity,True,True,True,1,0,
domain_runtime,analytics/csv/contract__throughput-goodput-spectral-efficiency-analytics__per-cell-throughput.csv,populated_physical_value_ranges,True,True,True,1,0,
domain_runtime,analytics/csv/contract__throughput-goodput-spectral-efficiency-analytics__per-cell-throughput.csv,in_path_truth_proxy_separation,True,True,True,1,0,
domain_runtime,analytics/csv/contract__throughput-goodput-spectral-efficiency-analytics__spectral-efficiency.csv,schema_and_runtime_rows,True,True,True,2,0,
domain_runtime,analytics/csv/contract__throughput-goodput-spectral-efficiency-analytics__spectral-efficiency.csv,scenario_execution_identity,True,True,True,2,0,
domain_runtime,analytics/csv/contract__throughput-goodput-spectral-efficiency-analytics__spectral-efficiency.csv,populated_physical_value_ranges,True,True,True,2,0,
domain_runtime,analytics/csv/contract__throughput-goodput-spectral-efficiency-analytics__spectral-efficiency.csv,in_path_truth_proxy_separation,True,True,True,2,0,
domain_runtime,analytics/csv/contract__throughput-goodput-spectral-efficiency-analytics__throughput-vs-load.csv,schema_and_runtime_rows,True,True,True,1,0,
domain_runtime,analytics/csv/contract__throughput-goodput-spectral-efficiency-analytics__throughput-vs-load.csv,scenario_execution_identity,True,True,True,1,0,
domain_runtime,analytics/csv/contract__throughput-goodput-spectral-efficiency-analytics__throughput-vs-load.csv,populated_physical_value_ranges,True,True,True,1,0,
domain_runtime,analytics/csv/contract__throughput-goodput-spectral-efficiency-analytics__throughput-vs-load.csv,in_path_truth_proxy_separation,True,True,True,1,0,
domain_runtime,analytics/csv/contract__throughput-goodput-spectral-efficiency-analytics__throughput-vs-sinr.csv,schema_and_runtime_rows,True,True,True,240,0,
domain_runtime,analytics/csv/contract__throughput-goodput-spectral-efficiency-analytics__throughput-vs-sinr.csv,scenario_execution_identity,True,True,True,240,0,
domain_runtime,analytics/csv/contract__throughput-goodput-spectral-efficiency-analytics__throughput-vs-sinr.csv,populated_physical_value_ranges,True,True,True,240,0,
domain_runtime,analytics/csv/contract__throughput-goodput-spectral-efficiency-analytics__throughput-vs-sinr.csv,in_path_truth_proxy_separation,True,True,True,240,0,
domain_runtime,analytics/csv/contract__throughput-goodput-spectral-efficiency-analytics__throughput-vs-snr.csv,schema_and_runtime_rows,True,True,True,6,0,
domain_runtime,analytics/csv/contract__throughput-goodput-spectral-efficiency-analytics__throughput-vs-snr.csv,scenario_execution_identity,True,True,True,6,0,
domain_runtime,analytics/csv/contract__throughput-goodput-spectral-efficiency-analytics__throughput-vs-snr.csv,populated_physical_value_ranges,True,True,True,6,0,
domain_runtime,analytics/csv/contract__throughput-goodput-spectral-efficiency-analytics__throughput-vs-snr.csv,in_path_truth_proxy_separation,True,True,True,6,0,
domain_runtime,analytics/csv/contract__throughput-goodput-spectral-efficiency-analytics__throughput.csv,schema_and_runtime_rows,True,True,True,2,0,
domain_runtime,analytics/csv/contract__throughput-goodput-spectral-efficiency-analytics__throughput.csv,scenario_execution_identity,True,True,True,2,0,
domain_runtime,analytics/csv/contract__throughput-goodput-spectral-efficiency-analytics__throughput.csv,populated_physical_value_ranges,True,True,True,2,0,
domain_runtime,analytics/csv/contract__throughput-goodput-spectral-efficiency-analytics__throughput.csv,in_path_truth_proxy_separation,True,True,True,2,0,
domain_runtime,analytics/csv/control_decode_analytics.csv,schema_and_runtime_rows,True,True,True,16,0,
domain_runtime,analytics/csv/control_decode_analytics.csv,scenario_execution_identity,True,True,True,16,0,
domain_runtime,analytics/csv/control_decode_analytics.csv,populated_physical_value_ranges,True,True,True,16,0,
domain_runtime,analytics/csv/control_decode_analytics.csv,in_path_truth_proxy_separation,True,True,True,16,0,
domain_runtime,analytics/csv/decoder_analytics.csv,schema_and_runtime_rows,True,True,True,64,0,
domain_runtime,analytics/csv/decoder_analytics.csv,scenario_execution_identity,True,True,True,64,0,
domain_runtime,analytics/csv/decoder_analytics.csv,populated_physical_value_ranges,True,True,True,64,0,
domain_runtime,analytics/csv/decoder_analytics.csv,in_path_truth_proxy_separation,True,True,True,64,0,
domain_runtime,analytics/csv/detection_analytics.csv,schema_and_runtime_rows,True,True,True,16,0,
domain_runtime,analytics/csv/detection_analytics.csv,scenario_execution_identity,True,True,True,16,0,
domain_runtime,analytics/csv/detection_analytics.csv,populated_physical_value_ranges,True,True,True,16,0,
domain_runtime,analytics/csv/detection_analytics.csv,in_path_truth_proxy_separation,True,True,True,16,0,
domain_runtime,analytics/csv/determinism_analytics.csv,schema_and_runtime_rows,True,True,True,111,0,
domain_runtime,analytics/csv/determinism_analytics.csv,scenario_execution_identity,True,True,True,111,0,
domain_runtime,analytics/csv/determinism_analytics.csv,populated_physical_value_ranges,True,True,True,111,0,
domain_runtime,analytics/csv/determinism_analytics.csv,in_path_truth_proxy_separation,True,True,True,111,0,
domain_runtime,analytics/csv/energy_efficiency_analytics.csv,schema_and_runtime_rows,True,True,True,4,0,
domain_runtime,analytics/csv/energy_efficiency_analytics.csv,scenario_execution_identity,True,True,True,4,0,
domain_runtime,analytics/csv/energy_efficiency_analytics.csv,populated_physical_value_ranges,True,True,True,4,0,
domain_runtime,analytics/csv/energy_efficiency_analytics.csv,in_path_truth_proxy_separation,True,True,True,4,0,
domain_runtime,analytics/csv/error_rate_analytics.csv,schema_and_runtime_rows,True,True,True,120,0,
domain_runtime,analytics/csv/error_rate_analytics.csv,scenario_execution_identity,True,True,True,120,0,
domain_runtime,analytics/csv/error_rate_analytics.csv,populated_physical_value_ranges,True,True,True,120,0,
domain_runtime,analytics/csv/error_rate_analytics.csv,in_path_truth_proxy_separation,True,True,True,120,0,
domain_runtime,analytics/csv/evm_analytics.csv,schema_and_runtime_rows,True,True,True,120,0,
domain_runtime,analytics/csv/evm_analytics.csv,scenario_execution_identity,True,True,True,120,0,
domain_runtime,analytics/csv/evm_analytics.csv,populated_physical_value_ranges,True,True,True,120,0,
domain_runtime,analytics/csv/evm_analytics.csv,in_path_truth_proxy_separation,True,True,True,120,0,
domain_runtime,analytics/csv/export_consistency_analytics.csv,schema_and_runtime_rows,True,True,True,111,0,
domain_runtime,analytics/csv/export_consistency_analytics.csv,scenario_execution_identity,True,True,True,111,0,
domain_runtime,analytics/csv/export_consistency_analytics.csv,populated_physical_value_ranges,True,True,True,111,0,
domain_runtime,analytics/csv/export_consistency_analytics.csv,in_path_truth_proxy_separation,True,True,True,111,0,
domain_runtime,analytics/csv/goodput_analytics.csv,schema_and_runtime_rows,True,True,True,120,0,
domain_runtime,analytics/csv/goodput_analytics.csv,scenario_execution_identity,True,True,True,120,0,
domain_runtime,analytics/csv/goodput_analytics.csv,populated_physical_value_ranges,True,True,True,120,0,
domain_runtime,analytics/csv/goodput_analytics.csv,in_path_truth_proxy_separation,True,True,True,120,0,
domain_runtime,analytics/csv/impairment_analytics.csv,schema_and_runtime_rows,True,True,True,34,0,
domain_runtime,analytics/csv/impairment_analytics.csv,scenario_execution_identity,True,True,True,34,0,
domain_runtime,analytics/csv/impairment_analytics.csv,populated_physical_value_ranges,True,True,True,34,0,
domain_runtime,analytics/csv/impairment_analytics.csv,in_path_truth_proxy_separation,True,True,True,34,0,
domain_runtime,analytics/csv/mimo_analytics.csv,schema_and_runtime_rows,True,True,True,2,0,
domain_runtime,analytics/csv/mimo_analytics.csv,scenario_execution_identity,True,True,True,2,0,
domain_runtime,analytics/csv/mimo_analytics.csv,populated_physical_value_ranges,True,True,True,2,0,
domain_runtime,analytics/csv/mimo_analytics.csv,in_path_truth_proxy_separation,True,True,True,2,0,
domain_runtime,analytics/csv/papr_analytics.csv,schema_and_runtime_rows,True,True,True,57,0,
domain_runtime,analytics/csv/papr_analytics.csv,scenario_execution_identity,True,True,True,57,0,
domain_runtime,analytics/csv/papr_analytics.csv,populated_physical_value_ranges,True,True,True,57,0,
domain_runtime,analytics/csv/papr_analytics.csv,in_path_truth_proxy_separation,True,True,True,57,0,
domain_runtime,analytics/csv/parallelism_analytics.csv,schema_and_runtime_rows,True,True,True,2,0,
domain_runtime,analytics/csv/parallelism_analytics.csv,scenario_execution_identity,True,True,True,2,0,
domain_runtime,analytics/csv/parallelism_analytics.csv,populated_physical_value_ranges,True,True,True,2,0,
domain_runtime,analytics/csv/parallelism_analytics.csv,in_path_truth_proxy_separation,True,True,True,2,0,
domain_runtime,analytics/csv/power_analytics.csv,schema_and_runtime_rows,True,True,True,4,0,
domain_runtime,analytics/csv/power_analytics.csv,scenario_execution_identity,True,True,True,4,0,
domain_runtime,analytics/csv/power_analytics.csv,populated_physical_value_ranges,True,True,True,4,0,
domain_runtime,analytics/csv/power_analytics.csv,in_path_truth_proxy_separation,True,True,True,4,0,
domain_runtime,analytics/csv/precoder_analytics.csv,schema_and_runtime_rows,True,True,True,240,0,
domain_runtime,analytics/csv/precoder_analytics.csv,scenario_execution_identity,True,True,True,240,0,
domain_runtime,analytics/csv/precoder_analytics.csv,populated_physical_value_ranges,True,True,True,240,0,
domain_runtime,analytics/csv/precoder_analytics.csv,in_path_truth_proxy_separation,True,True,True,240,0,
domain_runtime,analytics/csv/propagation_analytics.csv,schema_and_runtime_rows,True,True,True,240,0,
domain_runtime,analytics/csv/propagation_analytics.csv,scenario_execution_identity,True,True,True,240,0,
domain_runtime,analytics/csv/propagation_analytics.csv,populated_physical_value_ranges,True,True,True,240,0,
domain_runtime,analytics/csv/propagation_analytics.csv,in_path_truth_proxy_separation,True,True,True,240,0,
domain_runtime,analytics/csv/random_access_analytics.csv,schema_and_runtime_rows,True,True,True,26,0,
domain_runtime,analytics/csv/random_access_analytics.csv,scenario_execution_identity,True,True,True,26,0,
domain_runtime,analytics/csv/random_access_analytics.csv,populated_physical_value_ranges,True,True,True,26,0,
domain_runtime,analytics/csv/random_access_analytics.csv,in_path_truth_proxy_separation,True,True,True,26,0,
domain_runtime,analytics/csv/random_access_detection_analytics.csv,schema_and_runtime_rows,True,True,True,26,0,
domain_runtime,analytics/csv/random_access_detection_analytics.csv,scenario_execution_identity,True,True,True,26,0,
domain_runtime,analytics/csv/random_access_detection_analytics.csv,populated_physical_value_ranges,True,True,True,26,0,
domain_runtime,analytics/csv/random_access_detection_analytics.csv,in_path_truth_proxy_separation,True,True,True,26,0,
domain_runtime,analytics/csv/regression_analytics.csv,schema_and_runtime_rows,True,True,True,1,0,
domain_runtime,analytics/csv/regression_analytics.csv,scenario_execution_identity,True,True,True,1,0,
domain_runtime,analytics/csv/regression_analytics.csv,populated_physical_value_ranges,True,True,True,1,0,
domain_runtime,analytics/csv/regression_analytics.csv,in_path_truth_proxy_separation,True,True,True,1,0,
domain_runtime,analytics/csv/regression_baseline_view.csv,schema_and_runtime_rows,True,True,True,1,0,
domain_runtime,analytics/csv/regression_baseline_view.csv,scenario_execution_identity,True,True,True,1,0,
domain_runtime,analytics/csv/regression_baseline_view.csv,populated_physical_value_ranges,True,True,True,1,0,
domain_runtime,analytics/csv/regression_baseline_view.csv,in_path_truth_proxy_separation,True,True,True,1,0,
domain_runtime,analytics/csv/regression_candidate_view.csv,schema_and_runtime_rows,True,True,True,1,0,
domain_runtime,analytics/csv/regression_candidate_view.csv,scenario_execution_identity,True,True,True,1,0,
domain_runtime,analytics/csv/regression_candidate_view.csv,populated_physical_value_ranges,True,True,True,1,0,
domain_runtime,analytics/csv/regression_candidate_view.csv,in_path_truth_proxy_separation,True,True,True,1,0,
domain_runtime,analytics/csv/regression_delta_view.csv,schema_and_runtime_rows,True,True,True,1,0,
domain_runtime,analytics/csv/regression_delta_view.csv,scenario_execution_identity,True,True,True,1,0,
domain_runtime,analytics/csv/regression_delta_view.csv,populated_physical_value_ranges,True,True,True,1,0,
domain_runtime,analytics/csv/regression_delta_view.csv,in_path_truth_proxy_separation,True,True,True,1,0,
domain_runtime,analytics/csv/runtime_power_analytics.csv,schema_and_runtime_rows,True,True,True,6,0,
domain_runtime,analytics/csv/runtime_power_analytics.csv,scenario_execution_identity,True,True,True,6,0,
domain_runtime,analytics/csv/runtime_power_analytics.csv,populated_physical_value_ranges,True,True,True,6,0,
domain_runtime,analytics/csv/runtime_power_analytics.csv,in_path_truth_proxy_separation,True,True,True,6,0,
domain_runtime,analytics/csv/schema_drift_analytics.csv,schema_and_runtime_rows,True,True,True,76,0,
domain_runtime,analytics/csv/schema_drift_analytics.csv,scenario_execution_identity,True,True,True,76,0,
domain_runtime,analytics/csv/schema_drift_analytics.csv,populated_physical_value_ranges,True,True,True,76,0,
domain_runtime,analytics/csv/schema_drift_analytics.csv,in_path_truth_proxy_separation,True,True,True,76,0,
domain_runtime,analytics/csv/sleep_state_analytics.csv,schema_and_runtime_rows,True,True,True,4,0,
domain_runtime,analytics/csv/sleep_state_analytics.csv,scenario_execution_identity,True,True,True,4,0,
domain_runtime,analytics/csv/sleep_state_analytics.csv,populated_physical_value_ranges,True,True,True,4,0,
domain_runtime,analytics/csv/sleep_state_analytics.csv,in_path_truth_proxy_separation,True,True,True,4,0,
domain_runtime,analytics/csv/spectral_efficiency_analytics.csv,schema_and_runtime_rows,True,True,True,51,0,
domain_runtime,analytics/csv/spectral_efficiency_analytics.csv,scenario_execution_identity,True,True,True,51,0,
domain_runtime,analytics/csv/spectral_efficiency_analytics.csv,populated_physical_value_ranges,True,True,True,51,0,
domain_runtime,analytics/csv/spectral_efficiency_analytics.csv,in_path_truth_proxy_separation,True,True,True,51,0,
domain_runtime,analytics/csv/spectrum_analytics.csv,schema_and_runtime_rows,True,True,True,57,0,
domain_runtime,analytics/csv/spectrum_analytics.csv,scenario_execution_identity,True,True,True,57,0,
domain_runtime,analytics/csv/spectrum_analytics.csv,populated_physical_value_ranges,True,True,True,57,0,
domain_runtime,analytics/csv/spectrum_analytics.csv,in_path_truth_proxy_separation,True,True,True,57,0,
domain_runtime,analytics/csv/symbol_throughput_analytics.csv,schema_and_runtime_rows,True,True,True,574,0,
domain_runtime,analytics/csv/symbol_throughput_analytics.csv,scenario_execution_identity,True,True,True,574,0,
domain_runtime,analytics/csv/symbol_throughput_analytics.csv,populated_physical_value_ranges,True,True,True,574,0,
domain_runtime,analytics/csv/symbol_throughput_analytics.csv,in_path_truth_proxy_separation,True,True,True,574,0,
domain_runtime,analytics/csv/throughput_analytics.csv,schema_and_runtime_rows,True,True,True,120,0,
domain_runtime,analytics/csv/throughput_analytics.csv,scenario_execution_identity,True,True,True,120,0,
domain_runtime,analytics/csv/throughput_analytics.csv,populated_physical_value_ranges,True,True,True,120,0,
domain_runtime,analytics/csv/throughput_analytics.csv,in_path_truth_proxy_separation,True,True,True,120,0,
domain_runtime,analytics/csv/tracking_analytics.csv,schema_and_runtime_rows,True,True,True,240,0,
domain_runtime,analytics/csv/tracking_analytics.csv,scenario_execution_identity,True,True,True,240,0,
domain_runtime,analytics/csv/tracking_analytics.csv,populated_physical_value_ranges,True,True,True,240,0,
domain_runtime,analytics/csv/tracking_analytics.csv,in_path_truth_proxy_separation,True,True,True,240,0,
domain_runtime,analytics/csv/truth_policy_analytics.csv,schema_and_runtime_rows,True,True,True,1,0,
domain_runtime,analytics/csv/truth_policy_analytics.csv,scenario_execution_identity,True,True,True,1,0,
domain_runtime,analytics/csv/truth_policy_analytics.csv,populated_physical_value_ranges,True,True,True,1,0,
domain_runtime,analytics/csv/truth_policy_analytics.csv,in_path_truth_proxy_separation,True,True,True,1,0,
domain_runtime,analytics/csv/user_grouping_analytics.csv,schema_and_runtime_rows,True,True,True,2,0,
domain_runtime,analytics/csv/user_grouping_analytics.csv,scenario_execution_identity,True,True,True,2,0,
domain_runtime,analytics/csv/user_grouping_analytics.csv,populated_physical_value_ranges,True,True,True,2,0,
domain_runtime,analytics/csv/user_grouping_analytics.csv,in_path_truth_proxy_separation,True,True,True,2,0,
domain_runtime,analytics/csv/waveform_comparison_analytics.csv,schema_and_runtime_rows,True,True,True,4,0,
domain_runtime,analytics/csv/waveform_comparison_analytics.csv,scenario_execution_identity,True,True,True,4,0,
domain_runtime,analytics/csv/waveform_comparison_analytics.csv,populated_physical_value_ranges,True,True,True,4,0,
domain_runtime,analytics/csv/waveform_comparison_analytics.csv,in_path_truth_proxy_separation,True,True,True,4,0,
domain_runtime,beamforming/csv/antenna_array_config.csv,schema_and_runtime_rows,True,True,True,2,0,
domain_runtime,beamforming/csv/antenna_array_config.csv,scenario_execution_identity,True,True,True,2,0,
domain_runtime,beamforming/csv/antenna_array_config.csv,populated_physical_value_ranges,True,True,True,2,0,
domain_runtime,beamforming/csv/antenna_array_config.csv,in_path_truth_proxy_separation,True,True,True,2,0,
domain_runtime,beamforming/csv/antenna_port_mapping.csv,schema_and_runtime_rows,True,True,True,2,0,
domain_runtime,beamforming/csv/antenna_port_mapping.csv,scenario_execution_identity,True,True,True,2,0,
domain_runtime,beamforming/csv/antenna_port_mapping.csv,populated_physical_value_ranges,True,True,True,2,0,
domain_runtime,beamforming/csv/antenna_port_mapping.csv,in_path_truth_proxy_separation,True,True,True,2,0,
domain_runtime,beamforming/csv/beam_codebook.csv,schema_and_runtime_rows,True,True,True,2,0,
domain_runtime,beamforming/csv/beam_codebook.csv,scenario_execution_identity,True,True,True,2,0,
domain_runtime,beamforming/csv/beam_codebook.csv,populated_physical_value_ranges,True,True,True,2,0,
domain_runtime,beamforming/csv/beam_codebook.csv,in_path_truth_proxy_separation,True,True,True,2,0,
domain_runtime,beamforming/csv/beam_precoder_table.csv,schema_and_runtime_rows,True,True,True,240,0,
domain_runtime,beamforming/csv/beam_precoder_table.csv,scenario_execution_identity,True,True,True,240,0,
domain_runtime,beamforming/csv/beam_precoder_table.csv,populated_physical_value_ranges,True,True,True,240,0,
domain_runtime,beamforming/csv/beam_precoder_table.csv,in_path_truth_proxy_separation,True,True,True,240,0,
domain_runtime,beamforming/csv/beam_sweep_measurements.csv,schema_and_runtime_rows,True,True,True,240,0,
domain_runtime,beamforming/csv/beam_sweep_measurements.csv,scenario_execution_identity,True,True,True,240,0,
domain_runtime,beamforming/csv/beam_sweep_measurements.csv,populated_physical_value_ranges,True,True,True,240,0,
domain_runtime,beamforming/csv/beam_sweep_measurements.csv,in_path_truth_proxy_separation,True,True,True,240,0,
domain_runtime,beamforming/csv/beamforming_analytics_table.csv,schema_and_runtime_rows,True,True,True,2,0,
domain_runtime,beamforming/csv/beamforming_analytics_table.csv,scenario_execution_identity,True,True,True,2,0,
domain_runtime,beamforming/csv/beamforming_analytics_table.csv,populated_physical_value_ranges,True,True,True,2,0,
domain_runtime,beamforming/csv/beamforming_analytics_table.csv,in_path_truth_proxy_separation,True,True,True,2,0,
domain_runtime,beamforming/csv/mimo_config_strict.csv,schema_and_runtime_rows,True,True,True,2,0,
domain_runtime,beamforming/csv/mimo_config_strict.csv,scenario_execution_identity,True,True,True,2,0,
domain_runtime,beamforming/csv/mimo_config_strict.csv,populated_physical_value_ranges,True,True,True,2,0,
domain_runtime,beamforming/csv/mimo_config_strict.csv,in_path_truth_proxy_separation,True,True,True,2,0,
domain_runtime,beamforming/csv/mimo_config_validation.csv,schema_and_runtime_rows,True,True,True,12,0,
domain_runtime,beamforming/csv/mimo_config_validation.csv,scenario_execution_identity,True,True,True,12,0,
domain_runtime,beamforming/csv/mimo_config_validation.csv,populated_physical_value_ranges,True,True,True,12,0,
domain_runtime,beamforming/csv/mimo_config_validation.csv,in_path_truth_proxy_separation,True,True,True,12,0,
domain_runtime,beamforming/csv/mimo_configured_vs_effective.csv,schema_and_runtime_rows,True,True,True,2,0,
domain_runtime,beamforming/csv/mimo_configured_vs_effective.csv,scenario_execution_identity,True,True,True,2,0,
domain_runtime,beamforming/csv/mimo_configured_vs_effective.csv,populated_physical_value_ranges,True,True,True,2,0,
domain_runtime,beamforming/csv/mimo_configured_vs_effective.csv,in_path_truth_proxy_separation,True,True,True,2,0,
domain_runtime,beamforming/csv/mimo_layer_metrics.csv,schema_and_runtime_rows,True,True,True,240,0,
domain_runtime,beamforming/csv/mimo_layer_metrics.csv,scenario_execution_identity,True,True,True,240,0,
domain_runtime,beamforming/csv/mimo_layer_metrics.csv,populated_physical_value_ranges,True,True,True,240,0,
domain_runtime,beamforming/csv/mimo_layer_metrics.csv,in_path_truth_proxy_separation,True,True,True,240,0,
domain_runtime,beamforming/csv/mimo_negative_trials.csv,schema_and_runtime_rows,True,True,True,0,0,
domain_runtime,beamforming/csv/mimo_negative_trials.csv,scenario_execution_identity,True,True,True,0,0,
domain_runtime,beamforming/csv/mimo_negative_trials.csv,populated_physical_value_ranges,True,True,True,0,0,
domain_runtime,beamforming/csv/mimo_negative_trials.csv,in_path_truth_proxy_separation,True,True,True,0,0,
domain_runtime,beamforming/csv/mimo_oracle_guard.csv,schema_and_runtime_rows,True,True,True,240,0,
domain_runtime,beamforming/csv/mimo_oracle_guard.csv,scenario_execution_identity,True,True,True,240,0,
domain_runtime,beamforming/csv/mimo_oracle_guard.csv,populated_physical_value_ranges,True,True,True,240,0,
domain_runtime,beamforming/csv/mimo_oracle_guard.csv,in_path_truth_proxy_separation,True,True,True,240,0,
domain_runtime,beamforming/csv/mimo_rank_utilization_table.csv,schema_and_runtime_rows,True,True,True,2,0,
domain_runtime,beamforming/csv/mimo_rank_utilization_table.csv,scenario_execution_identity,True,True,True,2,0,
domain_runtime,beamforming/csv/mimo_rank_utilization_table.csv,populated_physical_value_ranges,True,True,True,2,0,
domain_runtime,beamforming/csv/mimo_rank_utilization_table.csv,in_path_truth_proxy_separation,True,True,True,2,0,
domain_runtime,beamforming/csv/mimo_strict_gate_summary.csv,schema_and_runtime_rows,True,True,True,8,0,
domain_runtime,beamforming/csv/mimo_strict_gate_summary.csv,scenario_execution_identity,True,True,True,8,0,
domain_runtime,beamforming/csv/mimo_strict_gate_summary.csv,populated_physical_value_ranges,True,True,True,8,0,
domain_runtime,beamforming/csv/mimo_strict_gate_summary.csv,in_path_truth_proxy_separation,True,True,True,8,0,
domain_runtime,beamforming/csv/precoder_evidence.csv,schema_and_runtime_rows,True,True,True,240,0,
domain_runtime,beamforming/csv/precoder_evidence.csv,scenario_execution_identity,True,True,True,240,0,
domain_runtime,beamforming/csv/precoder_evidence.csv,populated_physical_value_ranges,True,True,True,240,0,
domain_runtime,beamforming/csv/precoder_evidence.csv,in_path_truth_proxy_separation,True,True,True,240,0,
domain_runtime,beamforming/csv/rank_layer_trials.csv,schema_and_runtime_rows,True,True,True,240,0,
domain_runtime,beamforming/csv/rank_layer_trials.csv,scenario_execution_identity,True,True,True,240,0,
domain_runtime,beamforming/csv/rank_layer_trials.csv,populated_physical_value_ranges,True,True,True,240,0,
domain_runtime,beamforming/csv/rank_layer_trials.csv,in_path_truth_proxy_separation,True,True,True,240,0,
domain_runtime,beamforming/csv/rank_layer_usage_histogram.csv,schema_and_runtime_rows,True,True,True,2,0,
domain_runtime,beamforming/csv/rank_layer_usage_histogram.csv,scenario_execution_identity,True,True,True,2,0,
domain_runtime,beamforming/csv/rank_layer_usage_histogram.csv,populated_physical_value_ranges,True,True,True,2,0,
domain_runtime,beamforming/csv/rank_layer_usage_histogram.csv,in_path_truth_proxy_separation,True,True,True,2,0,
domain_runtime,component_anchors/protocol/protocol_stack/csv/protocol_configured_component_execution.csv,schema_and_runtime_rows,True,True,True,4,0,
domain_runtime,component_anchors/protocol/protocol_stack/csv/protocol_configured_component_execution.csv,scenario_execution_identity,True,True,True,4,0,
domain_runtime,component_anchors/protocol/protocol_stack/csv/protocol_configured_component_execution.csv,populated_physical_value_ranges,True,True,True,4,0,
domain_runtime,component_anchors/protocol/protocol_stack/csv/protocol_configured_component_execution.csv,in_path_truth_proxy_separation,True,True,True,4,0,
domain_runtime,component_anchors/protocol/protocol_stack/csv/protocol_configured_component_summary.csv,schema_and_runtime_rows,True,True,True,1,0,
domain_runtime,component_anchors/protocol/protocol_stack/csv/protocol_configured_component_summary.csv,scenario_execution_identity,True,True,True,1,0,
domain_runtime,component_anchors/protocol/protocol_stack/csv/protocol_configured_component_summary.csv,populated_physical_value_ranges,True,True,True,1,0,
domain_runtime,component_anchors/protocol/protocol_stack/csv/protocol_configured_component_summary.csv,in_path_truth_proxy_separation,True,True,True,1,0,
domain_runtime,component_anchors/protocol/protocol_stack/csv/protocol_configured_conservation.csv,schema_and_runtime_rows,True,True,True,2,0,
domain_runtime,component_anchors/protocol/protocol_stack/csv/protocol_configured_conservation.csv,scenario_execution_identity,True,True,True,2,0,
domain_runtime,component_anchors/protocol/protocol_stack/csv/protocol_configured_conservation.csv,populated_physical_value_ranges,True,True,True,2,0,
domain_runtime,component_anchors/protocol/protocol_stack/csv/protocol_configured_conservation.csv,in_path_truth_proxy_separation,True,True,True,2,0,
domain_runtime,component_anchors/protocol/protocol_stack/csv/protocol_configured_event_log.csv,schema_and_runtime_rows,True,True,True,24,0,
domain_runtime,component_anchors/protocol/protocol_stack/csv/protocol_configured_event_log.csv,scenario_execution_identity,True,True,True,24,0,
domain_runtime,component_anchors/protocol/protocol_stack/csv/protocol_configured_event_log.csv,populated_physical_value_ranges,True,True,True,24,0,
domain_runtime,component_anchors/protocol/protocol_stack/csv/protocol_configured_event_log.csv,in_path_truth_proxy_separation,True,True,True,24,0,
domain_runtime,configuration/csv/configuration_conflicts.csv,schema_and_runtime_rows,True,True,True,13,0,
domain_runtime,configuration/csv/configuration_conflicts.csv,scenario_execution_identity,True,True,True,13,0,
domain_runtime,configuration/csv/configuration_conflicts.csv,populated_physical_value_ranges,True,True,True,13,0,
domain_runtime,configuration/csv/configuration_conflicts.csv,in_path_truth_proxy_separation,True,True,True,13,0,
domain_runtime,configuration/csv/configuration_consumer_map.csv,schema_and_runtime_rows,True,True,True,13,0,
domain_runtime,configuration/csv/configuration_consumer_map.csv,scenario_execution_identity,True,True,True,13,0,
domain_runtime,configuration/csv/configuration_consumer_map.csv,populated_physical_value_ranges,True,True,True,13,0,
domain_runtime,configuration/csv/configuration_consumer_map.csv,in_path_truth_proxy_separation,True,True,True,13,0,
domain_runtime,configuration/csv/configuration_precedence.csv,schema_and_runtime_rows,True,True,True,13,0,
domain_runtime,configuration/csv/configuration_precedence.csv,scenario_execution_identity,True,True,True,13,0,
domain_runtime,configuration/csv/configuration_precedence.csv,populated_physical_value_ranges,True,True,True,13,0,
domain_runtime,configuration/csv/configuration_precedence.csv,in_path_truth_proxy_separation,True,True,True,13,0,
domain_runtime,configuration/csv/resolved_channel_rf_configuration.csv,schema_and_runtime_rows,True,True,True,23,0,
domain_runtime,configuration/csv/resolved_channel_rf_configuration.csv,scenario_execution_identity,True,True,True,23,0,
domain_runtime,configuration/csv/resolved_channel_rf_configuration.csv,populated_physical_value_ranges,True,True,True,23,0,
domain_runtime,configuration/csv/resolved_channel_rf_configuration.csv,in_path_truth_proxy_separation,True,True,True,23,0,
domain_runtime,control/csv/control_gating_summary.csv,schema_and_runtime_rows,True,True,True,1,0,
domain_runtime,control/csv/control_gating_summary.csv,scenario_execution_identity,True,True,True,1,0,
domain_runtime,control/csv/control_gating_summary.csv,populated_physical_value_ranges,True,True,True,1,0,
domain_runtime,control/csv/control_gating_summary.csv,in_path_truth_proxy_separation,True,True,True,1,0,
domain_runtime,control/csv/pdsch_table.csv,schema_and_runtime_rows,True,True,True,120,0,
domain_runtime,control/csv/pdsch_table.csv,scenario_execution_identity,True,True,True,120,0,
domain_runtime,control/csv/pdsch_table.csv,populated_physical_value_ranges,True,True,True,120,0,
domain_runtime,control/csv/pdsch_table.csv,in_path_truth_proxy_separation,True,True,True,120,0,
domain_runtime,control/csv/pusch_table.csv,schema_and_runtime_rows,True,True,True,120,0,
domain_runtime,control/csv/pusch_table.csv,scenario_execution_identity,True,True,True,120,0,
domain_runtime,control/csv/pusch_table.csv,populated_physical_value_ranges,True,True,True,120,0,
domain_runtime,control/csv/pusch_table.csv,in_path_truth_proxy_separation,True,True,True,120,0,
domain_runtime,control/csv/timing_synchronization_table.csv,schema_and_runtime_rows,True,True,True,240,0,
domain_runtime,control/csv/timing_synchronization_table.csv,scenario_execution_identity,True,True,True,240,0,
domain_runtime,control/csv/timing_synchronization_table.csv,populated_physical_value_ranges,True,True,True,240,0,
domain_runtime,control/csv/timing_synchronization_table.csv,in_path_truth_proxy_separation,True,True,True,240,0,
domain_runtime,geometry/csv/coordinate_system.csv,schema_and_runtime_rows,True,True,True,1,0,
domain_runtime,geometry/csv/coordinate_system.csv,scenario_execution_identity,True,True,True,1,0,
domain_runtime,geometry/csv/coordinate_system.csv,populated_physical_value_ranges,True,True,True,1,0,
domain_runtime,geometry/csv/coordinate_system.csv,in_path_truth_proxy_separation,True,True,True,1,0,
domain_runtime,geometry/csv/geometry_validation.csv,schema_and_runtime_rows,True,True,True,1,0,
domain_runtime,geometry/csv/geometry_validation.csv,scenario_execution_identity,True,True,True,1,0,
domain_runtime,geometry/csv/geometry_validation.csv,populated_physical_value_ranges,True,True,True,1,0,
domain_runtime,geometry/csv/geometry_validation.csv,in_path_truth_proxy_separation,True,True,True,1,0,
domain_runtime,geometry/csv/serving_cell_assignment.csv,schema_and_runtime_rows,False,False,False,0,0,
domain_runtime,geometry/csv/site_positions.csv,schema_and_runtime_rows,True,True,True,1,0,
domain_runtime,geometry/csv/site_positions.csv,scenario_execution_identity,True,True,True,1,0,
domain_runtime,geometry/csv/site_positions.csv,populated_physical_value_ranges,True,True,True,1,0,
domain_runtime,geometry/csv/site_positions.csv,in_path_truth_proxy_separation,True,True,True,1,0,
domain_runtime,geometry/csv/topology_nodes.csv,schema_and_runtime_rows,True,True,True,2,0,
domain_runtime,geometry/csv/topology_nodes.csv,scenario_execution_identity,True,True,True,2,0,
domain_runtime,geometry/csv/topology_nodes.csv,populated_physical_value_ranges,True,True,True,2,0,
domain_runtime,geometry/csv/topology_nodes.csv,in_path_truth_proxy_separation,True,True,True,2,0,
domain_runtime,geometry/csv/trajectory_geometry.csv,schema_and_runtime_rows,False,False,False,1,0,
domain_runtime,geometry/csv/ue_initial_positions.csv,schema_and_runtime_rows,False,False,False,1,0,
domain_runtime,harq/csv/live_harq_observation_summary.csv,schema_and_runtime_rows,True,True,True,2,0,
domain_runtime,harq/csv/live_harq_observation_summary.csv,scenario_execution_identity,True,True,True,2,0,
domain_runtime,harq/csv/live_harq_observation_summary.csv,populated_physical_value_ranges,True,True,True,2,0,
domain_runtime,harq/csv/live_harq_observation_summary.csv,in_path_truth_proxy_separation,True,True,True,2,0,
domain_runtime,harq/csv/live_harq_observation_timeline.csv,schema_and_runtime_rows,True,True,True,240,0,
domain_runtime,harq/csv/live_harq_observation_timeline.csv,scenario_execution_identity,True,True,True,240,0,
domain_runtime,harq/csv/live_harq_observation_timeline.csv,populated_physical_value_ranges,True,True,True,240,0,
domain_runtime,harq/csv/live_harq_observation_timeline.csv,in_path_truth_proxy_separation,True,True,True,240,0,
domain_runtime,meta/scenario_source_chain.csv,schema_and_runtime_rows,True,True,True,2,0,
domain_runtime,meta/scenario_source_chain.csv,scenario_execution_identity,True,True,True,2,0,
domain_runtime,meta/scenario_source_chain.csv,populated_physical_value_ranges,True,True,True,2,0,
domain_runtime,meta/scenario_source_chain.csv,in_path_truth_proxy_separation,True,True,True,2,0,
domain_runtime,mobility/csv/channel_continuity_reconciliation.csv,schema_and_runtime_rows,False,False,False,0,0,
domain_runtime,mobility/csv/doppler_reconciliation.csv,schema_and_runtime_rows,False,False,False,0,0,
domain_runtime,mobility/csv/inter_ue_distance_validation.csv,schema_and_runtime_rows,False,False,False,0,0,
domain_runtime,mobility/csv/pathloss_reconciliation.csv,schema_and_runtime_rows,False,False,False,0,0,
domain_runtime,mobility/csv/propagation_delay_reconciliation.csv,schema_and_runtime_rows,False,False,False,0,0,
domain_runtime,mobility/csv/trajectory_constraint_conflicts.csv,schema_and_runtime_rows,True,True,True,0,0,
domain_runtime,mobility/csv/trajectory_constraint_conflicts.csv,scenario_execution_identity,True,True,True,0,0,
domain_runtime,mobility/csv/trajectory_constraint_conflicts.csv,populated_physical_value_ranges,True,True,True,0,0,
domain_runtime,mobility/csv/trajectory_constraint_conflicts.csv,in_path_truth_proxy_separation,True,True,True,0,0,
domain_runtime,mobility/csv/trajectory_resolution.csv,schema_and_runtime_rows,True,True,True,1,0,
domain_runtime,mobility/csv/trajectory_resolution.csv,scenario_execution_identity,True,True,True,1,0,
domain_runtime,mobility/csv/trajectory_resolution.csv,populated_physical_value_ranges,True,True,True,1,0,
domain_runtime,mobility/csv/trajectory_resolution.csv,in_path_truth_proxy_separation,True,True,True,1,0,
domain_runtime,mobility/csv/trajectory_segment_table.csv,schema_and_runtime_rows,False,False,False,1,0,
domain_runtime,reports/csv/access_kpi_reconciliation.csv,schema_and_runtime_rows,True,True,True,1,0,
domain_runtime,reports/csv/access_kpi_reconciliation.csv,scenario_execution_identity,True,True,True,1,0,
domain_runtime,reports/csv/access_kpi_reconciliation.csv,populated_physical_value_ranges,True,True,True,1,0,
domain_runtime,reports/csv/access_kpi_reconciliation.csv,in_path_truth_proxy_separation,True,True,True,1,0,
domain_runtime,reports/csv/active_issue_gate_summary.csv,schema_and_runtime_rows,True,True,True,0,0,
domain_runtime,reports/csv/active_issue_gate_summary.csv,scenario_execution_identity,True,True,True,0,0,
domain_runtime,reports/csv/active_issue_gate_summary.csv,populated_physical_value_ranges,True,True,True,0,0,
domain_runtime,reports/csv/active_issue_gate_summary.csv,in_path_truth_proxy_separation,True,True,True,0,0,
domain_runtime,reports/csv/aggregated_reporting_outputs.csv,schema_and_runtime_rows,True,True,True,18,0,
domain_runtime,reports/csv/aggregated_reporting_outputs.csv,scenario_execution_identity,True,True,True,18,0,
domain_runtime,reports/csv/aggregated_reporting_outputs.csv,populated_physical_value_ranges,True,True,True,18,0,
domain_runtime,reports/csv/aggregated_reporting_outputs.csv,in_path_truth_proxy_separation,True,True,True,18,0,
domain_runtime,reports/csv/ai_confidence_trace.csv,schema_and_runtime_rows,True,True,True,1,0,
domain_runtime,reports/csv/ai_confidence_trace.csv,scenario_execution_identity,True,True,True,1,0,
domain_runtime,reports/csv/ai_confidence_trace.csv,populated_physical_value_ranges,True,True,True,1,0,
domain_runtime,reports/csv/ai_confidence_trace.csv,in_path_truth_proxy_separation,True,True,True,1,0,
domain_runtime,reports/csv/ai_ml_outputs.csv,schema_and_runtime_rows,True,True,True,31,0,
domain_runtime,reports/csv/ai_ml_outputs.csv,scenario_execution_identity,True,True,True,31,0,
domain_runtime,reports/csv/ai_ml_outputs.csv,populated_physical_value_ranges,True,True,True,31,0,
domain_runtime,reports/csv/ai_ml_outputs.csv,in_path_truth_proxy_separation,True,True,True,31,0,
domain_runtime,reports/csv/all_csv_artifact_audit.csv,schema_and_runtime_rows,True,True,True,592,0,
domain_runtime,reports/csv/all_csv_artifact_audit.csv,scenario_execution_identity,True,True,True,592,0,
domain_runtime,reports/csv/all_csv_artifact_audit.csv,populated_physical_value_ranges,True,True,True,592,0,
domain_runtime,reports/csv/all_csv_artifact_audit.csv,in_path_truth_proxy_separation,True,True,True,592,0,
domain_runtime,reports/csv/all_image_artifact_audit.csv,schema_and_runtime_rows,True,True,True,116,0,
domain_runtime,reports/csv/all_image_artifact_audit.csv,scenario_execution_identity,True,True,True,116,0,
domain_runtime,reports/csv/all_image_artifact_audit.csv,populated_physical_value_ranges,True,True,True,116,0,
domain_runtime,reports/csv/all_image_artifact_audit.csv,in_path_truth_proxy_separation,True,True,True,116,0,
domain_runtime,reports/csv/antenna_array_reconciliation.csv,schema_and_runtime_rows,True,True,True,2,0,
domain_runtime,reports/csv/antenna_array_reconciliation.csv,scenario_execution_identity,True,True,True,2,0,
domain_runtime,reports/csv/antenna_array_reconciliation.csv,populated_physical_value_ranges,True,True,True,2,0,
domain_runtime,reports/csv/antenna_array_reconciliation.csv,in_path_truth_proxy_separation,True,True,True,2,0,
domain_runtime,reports/csv/antenna_config_resolved.csv,schema_and_runtime_rows,True,True,True,2,0,
domain_runtime,reports/csv/antenna_config_resolved.csv,scenario_execution_identity,True,True,True,2,0,
domain_runtime,reports/csv/antenna_config_resolved.csv,populated_physical_value_ranges,True,True,True,2,0,
domain_runtime,reports/csv/antenna_config_resolved.csv,in_path_truth_proxy_separation,True,True,True,2,0,
domain_runtime,reports/csv/antenna_runtime_evidence.csv,schema_and_runtime_rows,True,True,True,240,0,
domain_runtime,reports/csv/antenna_runtime_evidence.csv,scenario_execution_identity,True,True,True,240,0,
domain_runtime,reports/csv/antenna_runtime_evidence.csv,populated_physical_value_ranges,True,True,True,240,0,
domain_runtime,reports/csv/antenna_runtime_evidence.csv,in_path_truth_proxy_separation,True,True,True,240,0,
domain_runtime,reports/csv/api_exposure_audit_table.csv,schema_and_runtime_rows,True,True,True,124,0,
domain_runtime,reports/csv/api_exposure_audit_table.csv,scenario_execution_identity,True,True,True,124,0,
domain_runtime,reports/csv/api_exposure_audit_table.csv,populated_physical_value_ranges,True,True,True,124,0,
domain_runtime,reports/csv/api_exposure_audit_table.csv,in_path_truth_proxy_separation,True,True,True,124,0,
domain_runtime,reports/csv/artifact_completeness_summary.csv,schema_and_runtime_rows,True,True,True,1,0,
domain_runtime,reports/csv/artifact_completeness_summary.csv,scenario_execution_identity,True,True,True,1,0,
domain_runtime,reports/csv/artifact_completeness_summary.csv,populated_physical_value_ranges,True,True,True,1,0,
domain_runtime,reports/csv/artifact_completeness_summary.csv,in_path_truth_proxy_separation,True,True,True,1,0,
domain_runtime,reports/csv/artifact_inventory.csv,schema_and_runtime_rows,True,True,True,910,0,
domain_runtime,reports/csv/artifact_inventory.csv,scenario_execution_identity,True,True,True,910,0,
domain_runtime,reports/csv/artifact_inventory.csv,populated_physical_value_ranges,True,True,True,910,0,
domain_runtime,reports/csv/artifact_inventory.csv,in_path_truth_proxy_separation,True,True,True,910,0,
domain_runtime,reports/csv/artifact_issue_registry.csv,schema_and_runtime_rows,True,True,True,697,0,
domain_runtime,reports/csv/artifact_issue_registry.csv,scenario_execution_identity,True,True,True,697,0,
domain_runtime,reports/csv/artifact_issue_registry.csv,populated_physical_value_ranges,True,True,True,697,0,
domain_runtime,reports/csv/artifact_issue_registry.csv,in_path_truth_proxy_separation,True,True,True,697,0,
domain_runtime,reports/csv/baseline_candidate_delta_tables.csv,schema_and_runtime_rows,True,True,True,1,0,
domain_runtime,reports/csv/baseline_candidate_delta_tables.csv,scenario_execution_identity,True,True,True,1,0,
domain_runtime,reports/csv/baseline_candidate_delta_tables.csv,populated_physical_value_ranges,True,True,True,1,0,
domain_runtime,reports/csv/baseline_candidate_delta_tables.csv,in_path_truth_proxy_separation,True,True,True,1,0,
domain_runtime,reports/csv/basic_phy_performance_outputs.csv,schema_and_runtime_rows,True,True,True,51,0,
domain_runtime,reports/csv/basic_phy_performance_outputs.csv,scenario_execution_identity,True,True,True,51,0,
domain_runtime,reports/csv/basic_phy_performance_outputs.csv,populated_physical_value_ranges,True,True,True,51,0,
domain_runtime,reports/csv/basic_phy_performance_outputs.csv,in_path_truth_proxy_separation,True,True,True,51,0,
domain_runtime,reports/csv/beam_management_outputs.csv,schema_and_runtime_rows,False,False,False,4,0,
domain_runtime,reports/csv/beam_stability_analytics_table.csv,schema_and_runtime_rows,True,True,True,1,0,
domain_runtime,reports/csv/beam_stability_analytics_table.csv,scenario_execution_identity,True,True,True,1,0,
domain_runtime,reports/csv/beam_stability_analytics_table.csv,populated_physical_value_ranges,True,True,True,1,0,
domain_runtime,reports/csv/beam_stability_analytics_table.csv,in_path_truth_proxy_separation,True,True,True,1,0,
domain_runtime,reports/csv/blerber_reconciliation.csv,schema_and_runtime_rows,True,True,True,1,0,
domain_runtime,reports/csv/blerber_reconciliation.csv,scenario_execution_identity,True,True,True,1,0,
domain_runtime,reports/csv/blerber_reconciliation.csv,populated_physical_value_ranges,True,True,True,1,0,
domain_runtime,reports/csv/blerber_reconciliation.csv,in_path_truth_proxy_separation,True,True,True,1,0,
domain_runtime,reports/csv/browser_config_surface_matrix.csv,schema_and_runtime_rows,True,True,True,4302,0,
domain_runtime,reports/csv/browser_config_surface_matrix.csv,scenario_execution_identity,True,True,True,4302,0,
domain_runtime,reports/csv/browser_config_surface_matrix.csv,populated_physical_value_ranges,True,True,True,4302,0,
domain_runtime,reports/csv/browser_config_surface_matrix.csv,in_path_truth_proxy_separation,True,True,True,4302,0,
domain_runtime,reports/csv/browser_runtime_db_consistency.csv,schema_and_runtime_rows,True,True,True,112,0,
domain_runtime,reports/csv/browser_runtime_db_consistency.csv,scenario_execution_identity,True,True,True,112,0,
domain_runtime,reports/csv/browser_runtime_db_consistency.csv,populated_physical_value_ranges,True,True,True,112,0,
domain_runtime,reports/csv/browser_runtime_db_consistency.csv,in_path_truth_proxy_separation,True,True,True,112,0,
domain_runtime,reports/csv/campaign_evidence_audit.csv,schema_and_runtime_rows,True,True,True,8,0,
domain_runtime,reports/csv/campaign_evidence_audit.csv,scenario_execution_identity,True,True,True,8,0,
domain_runtime,reports/csv/campaign_evidence_audit.csv,populated_physical_value_ranges,True,True,True,8,0,
domain_runtime,reports/csv/campaign_evidence_audit.csv,in_path_truth_proxy_separation,True,True,True,8,0,
domain_runtime,reports/csv/canonical_kpi_ledger.csv,schema_and_runtime_rows,True,True,True,1,0,
domain_runtime,reports/csv/canonical_kpi_ledger.csv,scenario_execution_identity,True,True,True,1,0,
domain_runtime,reports/csv/canonical_kpi_ledger.csv,populated_physical_value_ranges,True,True,True,1,0,
domain_runtime,reports/csv/canonical_kpi_ledger.csv,in_path_truth_proxy_separation,True,True,True,1,0,
domain_runtime,reports/csv/case_status.csv,schema_and_runtime_rows,True,True,True,1,0,
domain_runtime,reports/csv/case_status.csv,scenario_execution_identity,True,True,True,1,0,
domain_runtime,reports/csv/case_status.csv,populated_physical_value_ranges,True,True,True,1,0,
domain_runtime,reports/csv/case_status.csv,in_path_truth_proxy_separation,True,True,True,1,0,
domain_runtime,reports/csv/cfo_reconciliation.csv,schema_and_runtime_rows,True,True,True,2,0,
domain_runtime,reports/csv/cfo_reconciliation.csv,scenario_execution_identity,True,True,True,2,0,
domain_runtime,reports/csv/cfo_reconciliation.csv,populated_physical_value_ranges,True,True,True,2,0,
domain_runtime,reports/csv/cfo_reconciliation.csv,in_path_truth_proxy_separation,True,True,True,2,0,
domain_runtime,reports/csv/cfo_to_tracking_traces.csv,schema_and_runtime_rows,True,True,True,240,0,
domain_runtime,reports/csv/cfo_to_tracking_traces.csv,scenario_execution_identity,True,True,True,240,0,
domain_runtime,reports/csv/cfo_to_tracking_traces.csv,populated_physical_value_ranges,True,True,True,240,0,
domain_runtime,reports/csv/cfo_to_tracking_traces.csv,in_path_truth_proxy_separation,True,True,True,240,0,
domain_runtime,reports/csv/channel_array_consistency.csv,schema_and_runtime_rows,True,True,True,2,0,
domain_runtime,reports/csv/channel_array_consistency.csv,scenario_execution_identity,True,True,True,2,0,
domain_runtime,reports/csv/channel_array_consistency.csv,populated_physical_value_ranges,True,True,True,2,0,
domain_runtime,reports/csv/channel_array_consistency.csv,in_path_truth_proxy_separation,True,True,True,2,0,
domain_runtime,reports/csv/channel_estimation_tracking_outputs.csv,schema_and_runtime_rows,True,True,True,34,0,
domain_runtime,reports/csv/channel_estimation_tracking_outputs.csv,scenario_execution_identity,True,True,True,34,0,
domain_runtime,reports/csv/channel_estimation_tracking_outputs.csv,populated_physical_value_ranges,True,True,True,34,0,
domain_runtime,reports/csv/channel_estimation_tracking_outputs.csv,in_path_truth_proxy_separation,True,True,True,34,0,
domain_runtime,reports/csv/channel_impulse_response.csv,schema_and_runtime_rows,False,False,False,0,0,
domain_runtime,reports/csv/channel_realization_reconciliation.csv,schema_and_runtime_rows,True,True,True,2,0,
domain_runtime,reports/csv/channel_realization_reconciliation.csv,scenario_execution_identity,True,True,True,2,0,
domain_runtime,reports/csv/channel_realization_reconciliation.csv,populated_physical_value_ranges,True,True,True,2,0,
domain_runtime,reports/csv/channel_realization_reconciliation.csv,in_path_truth_proxy_separation,True,True,True,2,0,
domain_runtime,reports/csv/channel_rf_reconciliation.csv,schema_and_runtime_rows,True,True,True,1,0,
domain_runtime,reports/csv/channel_rf_reconciliation.csv,scenario_execution_identity,True,True,True,1,0,
domain_runtime,reports/csv/channel_rf_reconciliation.csv,populated_physical_value_ranges,True,True,True,1,0,
domain_runtime,reports/csv/channel_rf_reconciliation.csv,in_path_truth_proxy_separation,True,True,True,1,0,
domain_runtime,reports/csv/channel_snapshots.csv,schema_and_runtime_rows,True,True,True,240,0,
domain_runtime,reports/csv/channel_snapshots.csv,scenario_execution_identity,True,True,True,240,0,
domain_runtime,reports/csv/channel_snapshots.csv,populated_physical_value_ranges,True,True,True,240,0,
domain_runtime,reports/csv/channel_snapshots.csv,in_path_truth_proxy_separation,True,True,True,240,0,
domain_runtime,reports/csv/chart_source_registry.csv,schema_and_runtime_rows,True,True,True,27,0,
domain_runtime,reports/csv/chart_source_registry.csv,scenario_execution_identity,True,True,True,27,0,
domain_runtime,reports/csv/chart_source_registry.csv,populated_physical_value_ranges,True,True,True,27,0,
domain_runtime,reports/csv/chart_source_registry.csv,in_path_truth_proxy_separation,True,True,True,27,0,
domain_runtime,reports/csv/checkpoint_resume_equivalence.csv,schema_and_runtime_rows,True,True,True,1,0,
domain_runtime,reports/csv/checkpoint_resume_equivalence.csv,scenario_execution_identity,True,True,True,1,0,
domain_runtime,reports/csv/checkpoint_resume_equivalence.csv,populated_physical_value_ranges,True,True,True,1,0,
domain_runtime,reports/csv/checkpoint_resume_equivalence.csv,in_path_truth_proxy_separation,True,True,True,1,0,
domain_runtime,reports/csv/coding_decoder_outputs.csv,schema_and_runtime_rows,True,True,True,64,0,
domain_runtime,reports/csv/coding_decoder_outputs.csv,scenario_execution_identity,True,True,True,64,0,
domain_runtime,reports/csv/coding_decoder_outputs.csv,populated_physical_value_ranges,True,True,True,64,0,
domain_runtime,reports/csv/coding_decoder_outputs.csv,in_path_truth_proxy_separation,True,True,True,64,0,
domain_runtime,reports/csv/compare_run_prerequisites.csv,schema_and_runtime_rows,True,True,True,3,0,
domain_runtime,reports/csv/compare_run_prerequisites.csv,scenario_execution_identity,True,True,True,3,0,
domain_runtime,reports/csv/compare_run_prerequisites.csv,populated_physical_value_ranges,True,True,True,3,0,
domain_runtime,reports/csv/compare_run_prerequisites.csv,in_path_truth_proxy_separation,True,True,True,3,0,
domain_runtime,reports/csv/complexity_implementation_outputs.csv,schema_and_runtime_rows,True,True,True,49,0,
domain_runtime,reports/csv/complexity_implementation_outputs.csv,scenario_execution_identity,True,True,True,49,0,
domain_runtime,reports/csv/complexity_implementation_outputs.csv,populated_physical_value_ranges,True,True,True,49,0,
domain_runtime,reports/csv/complexity_implementation_outputs.csv,in_path_truth_proxy_separation,True,True,True,49,0,
domain_runtime,reports/csv/config_exposure_summary.csv,schema_and_runtime_rows,True,True,True,112,0,
domain_runtime,reports/csv/config_exposure_summary.csv,scenario_execution_identity,True,True,True,112,0,
domain_runtime,reports/csv/config_exposure_summary.csv,populated_physical_value_ranges,True,True,True,112,0,
domain_runtime,reports/csv/config_exposure_summary.csv,in_path_truth_proxy_separation,True,True,True,112,0,
domain_runtime,reports/csv/config_ownership_matrix.csv,schema_and_runtime_rows,True,True,True,112,0,
domain_runtime,reports/csv/config_ownership_matrix.csv,scenario_execution_identity,True,True,True,112,0,
domain_runtime,reports/csv/config_ownership_matrix.csv,populated_physical_value_ranges,True,True,True,112,0,
domain_runtime,reports/csv/config_ownership_matrix.csv,in_path_truth_proxy_separation,True,True,True,112,0,
domain_runtime,reports/csv/config_roundtrip_verification.csv,schema_and_runtime_rows,True,True,True,112,0,
domain_runtime,reports/csv/config_roundtrip_verification.csv,scenario_execution_identity,True,True,True,112,0,
domain_runtime,reports/csv/config_roundtrip_verification.csv,populated_physical_value_ranges,True,True,True,112,0,
domain_runtime,reports/csv/config_roundtrip_verification.csv,in_path_truth_proxy_separation,True,True,True,112,0,
domain_runtime,reports/csv/config_status_summary.csv,schema_and_runtime_rows,True,True,True,16,0,
domain_runtime,reports/csv/config_status_summary.csv,scenario_execution_identity,True,True,True,16,0,
domain_runtime,reports/csv/config_status_summary.csv,populated_physical_value_ranges,True,True,True,16,0,
domain_runtime,reports/csv/config_status_summary.csv,in_path_truth_proxy_separation,True,True,True,16,0,
domain_runtime,reports/csv/configured_effective_operating_point.csv,schema_and_runtime_rows,True,True,True,240,0,
domain_runtime,reports/csv/configured_effective_operating_point.csv,scenario_execution_identity,True,True,True,240,0,
domain_runtime,reports/csv/configured_effective_operating_point.csv,populated_physical_value_ranges,True,True,True,240,0,
domain_runtime,reports/csv/configured_effective_operating_point.csv,in_path_truth_proxy_separation,True,True,True,240,0,
domain_runtime,reports/csv/conformance_matrix_runtime_audit.csv,schema_and_runtime_rows,True,True,True,9,0,
domain_runtime,reports/csv/conformance_matrix_runtime_audit.csv,scenario_execution_identity,True,True,True,9,0,
domain_runtime,reports/csv/conformance_matrix_runtime_audit.csv,populated_physical_value_ranges,True,True,True,9,0,
domain_runtime,reports/csv/conformance_matrix_runtime_audit.csv,in_path_truth_proxy_separation,True,True,True,9,0,
domain_runtime,reports/csv/contract__beamforming-precoding-mimo-massive-mimo__precoder-mode-distribution.csv,schema_and_runtime_rows,True,True,True,2,0,
domain_runtime,reports/csv/contract__beamforming-precoding-mimo-massive-mimo__precoder-mode-distribution.csv,scenario_execution_identity,True,True,True,2,0,
domain_runtime,reports/csv/contract__beamforming-precoding-mimo-massive-mimo__precoder-mode-distribution.csv,populated_physical_value_ranges,True,True,True,2,0,
domain_runtime,reports/csv/contract__beamforming-precoding-mimo-massive-mimo__precoder-mode-distribution.csv,in_path_truth_proxy_separation,True,True,True,2,0,
domain_runtime,reports/csv/contract__channel-interference-impairments__cfo-true-vs-estimated-vs-residual.csv,schema_and_runtime_rows,True,True,True,240,0,
domain_runtime,reports/csv/contract__channel-interference-impairments__cfo-true-vs-estimated-vs-residual.csv,scenario_execution_identity,True,True,True,240,0,
domain_runtime,reports/csv/contract__channel-interference-impairments__cfo-true-vs-estimated-vs-residual.csv,populated_physical_value_ranges,True,True,True,240,0,
domain_runtime,reports/csv/contract__channel-interference-impairments__cfo-true-vs-estimated-vs-residual.csv,in_path_truth_proxy_separation,True,True,True,240,0,
domain_runtime,reports/csv/contract__channel-interference-impairments__channel-quality-timeline.csv,schema_and_runtime_rows,True,True,True,40,0,
domain_runtime,reports/csv/contract__channel-interference-impairments__channel-quality-timeline.csv,scenario_execution_identity,True,True,True,40,0,
domain_runtime,reports/csv/contract__channel-interference-impairments__channel-quality-timeline.csv,populated_physical_value_ranges,True,True,True,40,0,
domain_runtime,reports/csv/contract__channel-interference-impairments__channel-quality-timeline.csv,in_path_truth_proxy_separation,True,True,True,40,0,
domain_runtime,reports/csv/contract__fixed-snr-sinr-sweep-validation__dl-ber-vs-snr.csv,schema_and_runtime_rows,True,True,True,3,0,
domain_runtime,reports/csv/contract__fixed-snr-sinr-sweep-validation__dl-ber-vs-snr.csv,scenario_execution_identity,True,True,True,3,0,
domain_runtime,reports/csv/contract__fixed-snr-sinr-sweep-validation__dl-ber-vs-snr.csv,populated_physical_value_ranges,True,True,True,3,0,
domain_runtime,reports/csv/contract__fixed-snr-sinr-sweep-validation__dl-ber-vs-snr.csv,in_path_truth_proxy_separation,True,True,True,3,0,
domain_runtime,reports/csv/contract__fixed-snr-sinr-sweep-validation__dl-bler-vs-snr.csv,schema_and_runtime_rows,True,True,True,3,0,
domain_runtime,reports/csv/contract__fixed-snr-sinr-sweep-validation__dl-bler-vs-snr.csv,scenario_execution_identity,True,True,True,3,0,
domain_runtime,reports/csv/contract__fixed-snr-sinr-sweep-validation__dl-bler-vs-snr.csv,populated_physical_value_ranges,True,True,True,3,0,
domain_runtime,reports/csv/contract__fixed-snr-sinr-sweep-validation__dl-bler-vs-snr.csv,in_path_truth_proxy_separation,True,True,True,3,0,
domain_runtime,reports/csv/contract__fixed-snr-sinr-sweep-validation__measured-sinr-vs-configured-snr.csv,schema_and_runtime_rows,True,True,True,6,0,
domain_runtime,reports/csv/contract__fixed-snr-sinr-sweep-validation__measured-sinr-vs-configured-snr.csv,scenario_execution_identity,True,True,True,6,0,
domain_runtime,reports/csv/contract__fixed-snr-sinr-sweep-validation__measured-sinr-vs-configured-snr.csv,populated_physical_value_ranges,True,True,True,6,0,
domain_runtime,reports/csv/contract__fixed-snr-sinr-sweep-validation__measured-sinr-vs-configured-snr.csv,in_path_truth_proxy_separation,True,True,True,6,0,
domain_runtime,reports/csv/contract__fixed-snr-sinr-sweep-validation__throughput-vs-snr.csv,schema_and_runtime_rows,True,True,True,6,0,
domain_runtime,reports/csv/contract__fixed-snr-sinr-sweep-validation__throughput-vs-snr.csv,scenario_execution_identity,True,True,True,6,0,
domain_runtime,reports/csv/contract__fixed-snr-sinr-sweep-validation__throughput-vs-snr.csv,populated_physical_value_ranges,True,True,True,6,0,
domain_runtime,reports/csv/contract__fixed-snr-sinr-sweep-validation__throughput-vs-snr.csv,in_path_truth_proxy_separation,True,True,True,6,0,
domain_runtime,reports/csv/contract__fixed-snr-sinr-sweep-validation__ul-ber-vs-snr.csv,schema_and_runtime_rows,True,True,True,3,0,
domain_runtime,reports/csv/contract__fixed-snr-sinr-sweep-validation__ul-ber-vs-snr.csv,scenario_execution_identity,True,True,True,3,0,
domain_runtime,reports/csv/contract__fixed-snr-sinr-sweep-validation__ul-ber-vs-snr.csv,populated_physical_value_ranges,True,True,True,3,0,
domain_runtime,reports/csv/contract__fixed-snr-sinr-sweep-validation__ul-ber-vs-snr.csv,in_path_truth_proxy_separation,True,True,True,3,0,
domain_runtime,reports/csv/contract__fixed-snr-sinr-sweep-validation__ul-bler-vs-snr.csv,schema_and_runtime_rows,True,True,True,3,0,
domain_runtime,reports/csv/contract__fixed-snr-sinr-sweep-validation__ul-bler-vs-snr.csv,scenario_execution_identity,True,True,True,3,0,
domain_runtime,reports/csv/contract__fixed-snr-sinr-sweep-validation__ul-bler-vs-snr.csv,populated_physical_value_ranges,True,True,True,3,0,
domain_runtime,reports/csv/contract__fixed-snr-sinr-sweep-validation__ul-bler-vs-snr.csv,in_path_truth_proxy_separation,True,True,True,3,0,
domain_runtime,reports/csv/contract__generic-investigator-views__config-vs-measured-conflict-dashboard.csv,schema_and_runtime_rows,True,True,True,2,0,
domain_runtime,reports/csv/contract__generic-investigator-views__config-vs-measured-conflict-dashboard.csv,scenario_execution_identity,True,True,True,2,0,
domain_runtime,reports/csv/contract__generic-investigator-views__config-vs-measured-conflict-dashboard.csv,populated_physical_value_ranges,True,True,True,2,0,
domain_runtime,reports/csv/contract__generic-investigator-views__config-vs-measured-conflict-dashboard.csv,in_path_truth_proxy_separation,True,True,True,2,0,
domain_runtime,reports/csv/contract__generic-investigator-views__investigator-stage-lineage-graph.csv,schema_and_runtime_rows,True,True,True,48,0,
domain_runtime,reports/csv/contract__generic-investigator-views__investigator-stage-lineage-graph.csv,scenario_execution_identity,True,True,True,48,0,
domain_runtime,reports/csv/contract__generic-investigator-views__investigator-stage-lineage-graph.csv,populated_physical_value_ranges,True,True,True,48,0,
domain_runtime,reports/csv/contract__generic-investigator-views__investigator-stage-lineage-graph.csv,in_path_truth_proxy_separation,True,True,True,48,0,
domain_runtime,reports/csv/contract__generic-investigator-views__partial-or-missing-data-dashboard.csv,schema_and_runtime_rows,True,True,True,9,0,
domain_runtime,reports/csv/contract__generic-investigator-views__partial-or-missing-data-dashboard.csv,scenario_execution_identity,True,True,True,9,0,
domain_runtime,reports/csv/contract__generic-investigator-views__partial-or-missing-data-dashboard.csv,populated_physical_value_ranges,True,True,True,9,0,
domain_runtime,reports/csv/contract__generic-investigator-views__partial-or-missing-data-dashboard.csv,in_path_truth_proxy_separation,True,True,True,9,0,
domain_runtime,reports/csv/contract__generic-investigator-views__truth-violation-rollup.csv,schema_and_runtime_rows,True,True,True,1,0,
domain_runtime,reports/csv/contract__generic-investigator-views__truth-violation-rollup.csv,scenario_execution_identity,True,True,True,1,0,
domain_runtime,reports/csv/contract__generic-investigator-views__truth-violation-rollup.csv,populated_physical_value_ranges,True,True,True,1,0,
domain_runtime,reports/csv/contract__generic-investigator-views__truth-violation-rollup.csv,in_path_truth_proxy_separation,True,True,True,1,0,
domain_runtime,reports/csv/contract__generic-investigator-views__value-semantics-coverage-chart.csv,schema_and_runtime_rows,True,True,True,1,0,
domain_runtime,reports/csv/contract__generic-investigator-views__value-semantics-coverage-chart.csv,scenario_execution_identity,True,True,True,1,0,
domain_runtime,reports/csv/contract__generic-investigator-views__value-semantics-coverage-chart.csv,populated_physical_value_ranges,True,True,True,1,0,
domain_runtime,reports/csv/contract__generic-investigator-views__value-semantics-coverage-chart.csv,in_path_truth_proxy_separation,True,True,True,1,0,
domain_runtime,reports/csv/contract__geometry-mobility-validation__measured-sinr-vs-slot.csv,schema_and_runtime_rows,True,True,True,40,0,
domain_runtime,reports/csv/contract__geometry-mobility-validation__measured-sinr-vs-slot.csv,scenario_execution_identity,True,True,True,40,0,
domain_runtime,reports/csv/contract__geometry-mobility-validation__measured-sinr-vs-slot.csv,populated_physical_value_ranges,True,True,True,40,0,
domain_runtime,reports/csv/contract__geometry-mobility-validation__measured-sinr-vs-slot.csv,in_path_truth_proxy_separation,True,True,True,40,0,
domain_runtime,reports/csv/contract__measurements-csi-link-adaptation-inputs__applied-vs-measured-runtime-snr-sinr-comparison.csv,schema_and_runtime_rows,True,True,True,6,0,
domain_runtime,reports/csv/contract__measurements-csi-link-adaptation-inputs__applied-vs-measured-runtime-snr-sinr-comparison.csv,scenario_execution_identity,True,True,True,6,0,
domain_runtime,reports/csv/contract__measurements-csi-link-adaptation-inputs__applied-vs-measured-runtime-snr-sinr-comparison.csv,populated_physical_value_ranges,True,True,True,6,0,
domain_runtime,reports/csv/contract__measurements-csi-link-adaptation-inputs__applied-vs-measured-runtime-snr-sinr-comparison.csv,in_path_truth_proxy_separation,True,True,True,6,0,
domain_runtime,reports/csv/contract__measurements-csi-link-adaptation-inputs__config-vs-measured-conflict-dashboard.csv,schema_and_runtime_rows,True,True,True,2,0,
domain_runtime,reports/csv/contract__measurements-csi-link-adaptation-inputs__config-vs-measured-conflict-dashboard.csv,scenario_execution_identity,True,True,True,2,0,
domain_runtime,reports/csv/contract__measurements-csi-link-adaptation-inputs__config-vs-measured-conflict-dashboard.csv,populated_physical_value_ranges,True,True,True,2,0,
domain_runtime,reports/csv/contract__measurements-csi-link-adaptation-inputs__config-vs-measured-conflict-dashboard.csv,in_path_truth_proxy_separation,True,True,True,2,0,
domain_runtime,reports/csv/contract__measurements-csi-link-adaptation-inputs__measurement-source-coverage-chart.csv,schema_and_runtime_rows,True,True,True,3,0,
domain_runtime,reports/csv/contract__measurements-csi-link-adaptation-inputs__measurement-source-coverage-chart.csv,scenario_execution_identity,True,True,True,3,0,
domain_runtime,reports/csv/contract__measurements-csi-link-adaptation-inputs__measurement-source-coverage-chart.csv,populated_physical_value_ranges,True,True,True,3,0,
domain_runtime,reports/csv/contract__measurements-csi-link-adaptation-inputs__measurement-source-coverage-chart.csv,in_path_truth_proxy_separation,True,True,True,3,0,
domain_runtime,reports/csv/contract__pdsch-dl-data-chain__code-block-count-histogram.csv,schema_and_runtime_rows,True,True,True,1,0,
domain_runtime,reports/csv/contract__pdsch-dl-data-chain__code-block-count-histogram.csv,scenario_execution_identity,True,True,True,1,0,
domain_runtime,reports/csv/contract__pdsch-dl-data-chain__code-block-count-histogram.csv,populated_physical_value_ranges,True,True,True,1,0,
domain_runtime,reports/csv/contract__pdsch-dl-data-chain__code-block-count-histogram.csv,in_path_truth_proxy_separation,True,True,True,1,0,
domain_runtime,reports/csv/contract__pdsch-dl-data-chain__mcs-code-rate-timeline.csv,schema_and_runtime_rows,True,True,True,40,0,
domain_runtime,reports/csv/contract__pdsch-dl-data-chain__mcs-code-rate-timeline.csv,scenario_execution_identity,True,True,True,40,0,
domain_runtime,reports/csv/contract__pdsch-dl-data-chain__mcs-code-rate-timeline.csv,populated_physical_value_ranges,True,True,True,40,0,
domain_runtime,reports/csv/contract__pdsch-dl-data-chain__mcs-code-rate-timeline.csv,in_path_truth_proxy_separation,True,True,True,40,0,
domain_runtime,reports/csv/contract__pdsch-dl-data-chain__tb-size-over-time.csv,schema_and_runtime_rows,True,True,True,40,0,
domain_runtime,reports/csv/contract__pdsch-dl-data-chain__tb-size-over-time.csv,scenario_execution_identity,True,True,True,40,0,
domain_runtime,reports/csv/contract__pdsch-dl-data-chain__tb-size-over-time.csv,populated_physical_value_ranges,True,True,True,40,0,
domain_runtime,reports/csv/contract__pdsch-dl-data-chain__tb-size-over-time.csv,in_path_truth_proxy_separation,True,True,True,40,0,
domain_runtime,reports/csv/contract__persistence-export-consistency-browser-health__consistency-failure-trend.csv,schema_and_runtime_rows,True,True,True,130,0,
domain_runtime,reports/csv/contract__persistence-export-consistency-browser-health__consistency-failure-trend.csv,scenario_execution_identity,True,True,True,130,0,
domain_runtime,reports/csv/contract__persistence-export-consistency-browser-health__consistency-failure-trend.csv,populated_physical_value_ranges,True,True,True,130,0,
domain_runtime,reports/csv/contract__persistence-export-consistency-browser-health__consistency-failure-trend.csv,in_path_truth_proxy_separation,True,True,True,130,0,
domain_runtime,reports/csv/contract__persistence-export-consistency-browser-health__duplicate-write-count-trend.csv,schema_and_runtime_rows,True,True,True,910,0,
domain_runtime,reports/csv/contract__persistence-export-consistency-browser-health__duplicate-write-count-trend.csv,scenario_execution_identity,True,True,True,910,0,
domain_runtime,reports/csv/contract__persistence-export-consistency-browser-health__duplicate-write-count-trend.csv,populated_physical_value_ranges,True,True,True,910,0,
domain_runtime,reports/csv/contract__persistence-export-consistency-browser-health__duplicate-write-count-trend.csv,in_path_truth_proxy_separation,True,True,True,910,0,
domain_runtime,reports/csv/contract__power-energy-thermal-compute-runtime__efficiency-scatter-plots.csv,schema_and_runtime_rows,True,True,True,240,0,
domain_runtime,reports/csv/contract__power-energy-thermal-compute-runtime__efficiency-scatter-plots.csv,scenario_execution_identity,True,True,True,240,0,
domain_runtime,reports/csv/contract__power-energy-thermal-compute-runtime__efficiency-scatter-plots.csv,populated_physical_value_ranges,True,True,True,240,0,
domain_runtime,reports/csv/contract__power-energy-thermal-compute-runtime__efficiency-scatter-plots.csv,in_path_truth_proxy_separation,True,True,True,240,0,
domain_runtime,reports/csv/contract__power-energy-thermal-compute-runtime__energy-per-bit-over-time.csv,schema_and_runtime_rows,True,True,True,4,0,
domain_runtime,reports/csv/contract__power-energy-thermal-compute-runtime__energy-per-bit-over-time.csv,scenario_execution_identity,True,True,True,4,0,
domain_runtime,reports/csv/contract__power-energy-thermal-compute-runtime__energy-per-bit-over-time.csv,populated_physical_value_ranges,True,True,True,4,0,
domain_runtime,reports/csv/contract__power-energy-thermal-compute-runtime__energy-per-bit-over-time.csv,in_path_truth_proxy_separation,True,True,True,4,0,
domain_runtime,reports/csv/contract__power-energy-thermal-compute-runtime__joules-gb-over-time.csv,schema_and_runtime_rows,True,True,True,4,0,
domain_runtime,reports/csv/contract__power-energy-thermal-compute-runtime__joules-gb-over-time.csv,scenario_execution_identity,True,True,True,4,0,
domain_runtime,reports/csv/contract__power-energy-thermal-compute-runtime__joules-gb-over-time.csv,populated_physical_value_ranges,True,True,True,4,0,
domain_runtime,reports/csv/contract__power-energy-thermal-compute-runtime__joules-gb-over-time.csv,in_path_truth_proxy_separation,True,True,True,4,0,
domain_runtime,reports/csv/contract__power-energy-thermal-compute-runtime__papr-distribution.csv,schema_and_runtime_rows,True,True,True,15,0,
domain_runtime,reports/csv/contract__power-energy-thermal-compute-runtime__papr-distribution.csv,scenario_execution_identity,True,True,True,15,0,
domain_runtime,reports/csv/contract__power-energy-thermal-compute-runtime__papr-distribution.csv,populated_physical_value_ranges,True,True,True,15,0,
domain_runtime,reports/csv/contract__power-energy-thermal-compute-runtime__papr-distribution.csv,in_path_truth_proxy_separation,True,True,True,15,0,
domain_runtime,reports/csv/contract__power-energy-thermal-compute-runtime__power-vs-bler.csv,schema_and_runtime_rows,True,True,True,240,0,
domain_runtime,reports/csv/contract__power-energy-thermal-compute-runtime__power-vs-bler.csv,scenario_execution_identity,True,True,True,240,0,
domain_runtime,reports/csv/contract__power-energy-thermal-compute-runtime__power-vs-bler.csv,populated_physical_value_ranges,True,True,True,240,0,
domain_runtime,reports/csv/contract__power-energy-thermal-compute-runtime__power-vs-bler.csv,in_path_truth_proxy_separation,True,True,True,240,0,
domain_runtime,reports/csv/contract__power-energy-thermal-compute-runtime__power-vs-throughput.csv,schema_and_runtime_rows,True,True,True,240,0,
domain_runtime,reports/csv/contract__power-energy-thermal-compute-runtime__power-vs-throughput.csv,scenario_execution_identity,True,True,True,240,0,
domain_runtime,reports/csv/contract__power-energy-thermal-compute-runtime__power-vs-throughput.csv,populated_physical_value_ranges,True,True,True,240,0,
domain_runtime,reports/csv/contract__power-energy-thermal-compute-runtime__power-vs-throughput.csv,in_path_truth_proxy_separation,True,True,True,240,0,
domain_runtime,reports/csv/contract__power-energy-thermal-compute-runtime__sleep-state-timeline.csv,schema_and_runtime_rows,True,True,True,480,0,
domain_runtime,reports/csv/contract__power-energy-thermal-compute-runtime__sleep-state-timeline.csv,scenario_execution_identity,True,True,True,480,0,
domain_runtime,reports/csv/contract__power-energy-thermal-compute-runtime__sleep-state-timeline.csv,populated_physical_value_ranges,True,True,True,480,0,
domain_runtime,reports/csv/contract__power-energy-thermal-compute-runtime__sleep-state-timeline.csv,in_path_truth_proxy_separation,True,True,True,480,0,
domain_runtime,reports/csv/contract__power-energy-thermal-compute-runtime__tx-power-timeline-per-cell.csv,schema_and_runtime_rows,True,True,True,40,0,
domain_runtime,reports/csv/contract__power-energy-thermal-compute-runtime__tx-power-timeline-per-cell.csv,scenario_execution_identity,True,True,True,40,0,
domain_runtime,reports/csv/contract__power-energy-thermal-compute-runtime__tx-power-timeline-per-cell.csv,populated_physical_value_ranges,True,True,True,40,0,
domain_runtime,reports/csv/contract__power-energy-thermal-compute-runtime__tx-power-timeline-per-cell.csv,in_path_truth_proxy_separation,True,True,True,40,0,
domain_runtime,reports/csv/contract__power-energy-thermal-compute-runtime__tx-power-timeline-per-ue.csv,schema_and_runtime_rows,True,True,True,40,0,
domain_runtime,reports/csv/contract__power-energy-thermal-compute-runtime__tx-power-timeline-per-ue.csv,scenario_execution_identity,True,True,True,40,0,
domain_runtime,reports/csv/contract__power-energy-thermal-compute-runtime__tx-power-timeline-per-ue.csv,populated_physical_value_ranges,True,True,True,40,0,
domain_runtime,reports/csv/contract__power-energy-thermal-compute-runtime__tx-power-timeline-per-ue.csv,in_path_truth_proxy_separation,True,True,True,40,0,
domain_runtime,reports/csv/contract__pucch-f0-f1-f2-f3-f4__crash-error-timeline.csv,schema_and_runtime_rows,True,True,True,40,0,
domain_runtime,reports/csv/contract__pucch-f0-f1-f2-f3-f4__crash-error-timeline.csv,scenario_execution_identity,True,True,True,40,0,
domain_runtime,reports/csv/contract__pucch-f0-f1-f2-f3-f4__crash-error-timeline.csv,populated_physical_value_ranges,True,True,True,40,0,
domain_runtime,reports/csv/contract__pucch-f0-f1-f2-f3-f4__crash-error-timeline.csv,in_path_truth_proxy_separation,True,True,True,40,0,
domain_runtime,reports/csv/contract__pusch-ul-data-chain__decoder-iteration-histogram.csv,schema_and_runtime_rows,True,True,True,11,0,
domain_runtime,reports/csv/contract__pusch-ul-data-chain__decoder-iteration-histogram.csv,scenario_execution_identity,True,True,True,11,0,
domain_runtime,reports/csv/contract__pusch-ul-data-chain__decoder-iteration-histogram.csv,populated_physical_value_ranges,True,True,True,11,0,
domain_runtime,reports/csv/contract__pusch-ul-data-chain__decoder-iteration-histogram.csv,in_path_truth_proxy_separation,True,True,True,11,0,
domain_runtime,reports/csv/contract__pusch-ul-data-chain__llr-statistics-over-time.csv,schema_and_runtime_rows,True,True,True,40,0,
domain_runtime,reports/csv/contract__pusch-ul-data-chain__llr-statistics-over-time.csv,scenario_execution_identity,True,True,True,40,0,
domain_runtime,reports/csv/contract__pusch-ul-data-chain__llr-statistics-over-time.csv,populated_physical_value_ranges,True,True,True,40,0,
domain_runtime,reports/csv/contract__pusch-ul-data-chain__llr-statistics-over-time.csv,in_path_truth_proxy_separation,True,True,True,40,0,
domain_runtime,reports/csv/contract__run-trial-scenario-overview__error-warning-fallback-stacked-time-series.csv,schema_and_runtime_rows,True,True,True,10,0,
domain_runtime,reports/csv/contract__run-trial-scenario-overview__error-warning-fallback-stacked-time-series.csv,scenario_execution_identity,True,True,True,10,0,
domain_runtime,reports/csv/contract__run-trial-scenario-overview__error-warning-fallback-stacked-time-series.csv,populated_physical_value_ranges,True,True,True,10,0,
domain_runtime,reports/csv/contract__run-trial-scenario-overview__error-warning-fallback-stacked-time-series.csv,in_path_truth_proxy_separation,True,True,True,10,0,
domain_runtime,reports/csv/contract__run-trial-scenario-overview__required-vs-failed-case-bar-chart.csv,schema_and_runtime_rows,True,True,True,4,0,
domain_runtime,reports/csv/contract__run-trial-scenario-overview__required-vs-failed-case-bar-chart.csv,scenario_execution_identity,True,True,True,4,0,
domain_runtime,reports/csv/contract__run-trial-scenario-overview__required-vs-failed-case-bar-chart.csv,populated_physical_value_ranges,True,True,True,4,0,
domain_runtime,reports/csv/contract__run-trial-scenario-overview__required-vs-failed-case-bar-chart.csv,in_path_truth_proxy_separation,True,True,True,4,0,
domain_runtime,reports/csv/contract__run-trial-scenario-overview__run-health-timeline.csv,schema_and_runtime_rows,True,True,True,1,0,
domain_runtime,reports/csv/contract__run-trial-scenario-overview__run-health-timeline.csv,scenario_execution_identity,True,True,True,1,0,
domain_runtime,reports/csv/contract__run-trial-scenario-overview__run-health-timeline.csv,populated_physical_value_ranges,True,True,True,1,0,
domain_runtime,reports/csv/contract__run-trial-scenario-overview__run-health-timeline.csv,in_path_truth_proxy_separation,True,True,True,1,0,
domain_runtime,reports/csv/contract__run-trial-scenario-overview__truth-policy-violations-by-category.csv,schema_and_runtime_rows,True,True,True,1,0,
domain_runtime,reports/csv/contract__run-trial-scenario-overview__truth-policy-violations-by-category.csv,scenario_execution_identity,True,True,True,1,0,
domain_runtime,reports/csv/contract__run-trial-scenario-overview__truth-policy-violations-by-category.csv,populated_physical_value_ranges,True,True,True,1,0,
domain_runtime,reports/csv/contract__run-trial-scenario-overview__truth-policy-violations-by-category.csv,in_path_truth_proxy_separation,True,True,True,1,0,
domain_runtime,reports/csv/contract__srs-ul-sounding-massive-mimo-inputs__channel-estimate-quality-trend.csv,schema_and_runtime_rows,True,True,True,40,0,
domain_runtime,reports/csv/contract__srs-ul-sounding-massive-mimo-inputs__channel-estimate-quality-trend.csv,scenario_execution_identity,True,True,True,40,0,
domain_runtime,reports/csv/contract__srs-ul-sounding-massive-mimo-inputs__channel-estimate-quality-trend.csv,populated_physical_value_ranges,True,True,True,40,0,
domain_runtime,reports/csv/contract__srs-ul-sounding-massive-mimo-inputs__channel-estimate-quality-trend.csv,in_path_truth_proxy_separation,True,True,True,40,0,
domain_runtime,reports/csv/contract__ue-side-state-ue-power-ue-control__ue-control-report-timeline.csv,schema_and_runtime_rows,True,True,True,22,0,
domain_runtime,reports/csv/contract__ue-side-state-ue-power-ue-control__ue-control-report-timeline.csv,scenario_execution_identity,True,True,True,22,0,
domain_runtime,reports/csv/contract__ue-side-state-ue-power-ue-control__ue-control-report-timeline.csv,populated_physical_value_ranges,True,True,True,22,0,
domain_runtime,reports/csv/contract__ue-side-state-ue-power-ue-control__ue-control-report-timeline.csv,in_path_truth_proxy_separation,True,True,True,22,0,
domain_runtime,reports/csv/contract_materialization_coverage.csv,schema_and_runtime_rows,True,True,True,1,0,
domain_runtime,reports/csv/contract_materialization_coverage.csv,scenario_execution_identity,True,True,True,1,0,
domain_runtime,reports/csv/contract_materialization_coverage.csv,populated_physical_value_ranges,True,True,True,1,0,
domain_runtime,reports/csv/contract_materialization_coverage.csv,in_path_truth_proxy_separation,True,True,True,1,0,
domain_runtime,reports/csv/contract_materialization_manifest.csv,schema_and_runtime_rows,True,True,True,208,0,
domain_runtime,reports/csv/contract_materialization_manifest.csv,scenario_execution_identity,True,True,True,208,0,
domain_runtime,reports/csv/contract_materialization_manifest.csv,populated_physical_value_ranges,True,True,True,208,0,
domain_runtime,reports/csv/contract_materialization_manifest.csv,in_path_truth_proxy_separation,True,True,True,208,0,
domain_runtime,reports/csv/contract_plot_lineage.csv,schema_and_runtime_rows,True,True,True,103,0,
domain_runtime,reports/csv/contract_plot_lineage.csv,scenario_execution_identity,True,True,True,103,0,
domain_runtime,reports/csv/contract_plot_lineage.csv,populated_physical_value_ranges,True,True,True,103,0,
domain_runtime,reports/csv/contract_plot_lineage.csv,in_path_truth_proxy_separation,True,True,True,103,0,
domain_runtime,reports/csv/cqi_table_reference.csv,schema_and_runtime_rows,True,True,True,32,0,
domain_runtime,reports/csv/cqi_table_reference.csv,scenario_execution_identity,True,True,True,32,0,
domain_runtime,reports/csv/cqi_table_reference.csv,populated_physical_value_ranges,True,True,True,32,0,
domain_runtime,reports/csv/cqi_table_reference.csv,in_path_truth_proxy_separation,True,True,True,32,0,
domain_runtime,reports/csv/csi_outputs.csv,schema_and_runtime_rows,True,True,True,53,0,
domain_runtime,reports/csv/csi_outputs.csv,scenario_execution_identity,True,True,True,53,0,
domain_runtime,reports/csv/csi_outputs.csv,populated_physical_value_ranges,True,True,True,53,0,
domain_runtime,reports/csv/csi_outputs.csv,in_path_truth_proxy_separation,True,True,True,53,0,
domain_runtime,reports/csv/debug_trace_outputs.csv,schema_and_runtime_rows,True,True,True,24,0,
domain_runtime,reports/csv/debug_trace_outputs.csv,scenario_execution_identity,True,True,True,24,0,
domain_runtime,reports/csv/debug_trace_outputs.csv,populated_physical_value_ranges,True,True,True,24,0,
domain_runtime,reports/csv/debug_trace_outputs.csv,in_path_truth_proxy_separation,True,True,True,24,0,
domain_runtime,reports/csv/deployment_layout_reference.csv,schema_and_runtime_rows,True,True,True,1,0,
domain_runtime,reports/csv/deployment_layout_reference.csv,scenario_execution_identity,True,True,True,1,0,
domain_runtime,reports/csv/deployment_layout_reference.csv,populated_physical_value_ranges,True,True,True,1,0,
domain_runtime,reports/csv/deployment_layout_reference.csv,in_path_truth_proxy_separation,True,True,True,1,0,
domain_runtime,reports/csv/dl_fixed_link_ber_curve.csv,schema_and_runtime_rows,True,True,True,3,0,
domain_runtime,reports/csv/dl_fixed_link_ber_curve.csv,scenario_execution_identity,True,True,True,3,0,
domain_runtime,reports/csv/dl_fixed_link_ber_curve.csv,populated_physical_value_ranges,True,True,True,3,0,
domain_runtime,reports/csv/dl_fixed_link_ber_curve.csv,in_path_truth_proxy_separation,True,True,True,3,0,
domain_runtime,reports/csv/dl_fixed_link_bler_curve.csv,schema_and_runtime_rows,True,True,True,3,0,
domain_runtime,reports/csv/dl_fixed_link_bler_curve.csv,scenario_execution_identity,True,True,True,3,0,
domain_runtime,reports/csv/dl_fixed_link_bler_curve.csv,populated_physical_value_ranges,True,True,True,3,0,
domain_runtime,reports/csv/dl_fixed_link_bler_curve.csv,in_path_truth_proxy_separation,True,True,True,3,0,
domain_runtime,reports/csv/dl_fixed_link_campaign_trials.csv,schema_and_runtime_rows,True,True,True,120,0,
domain_runtime,reports/csv/dl_fixed_link_campaign_trials.csv,scenario_execution_identity,True,True,True,120,0,
domain_runtime,reports/csv/dl_fixed_link_campaign_trials.csv,populated_physical_value_ranges,True,True,True,120,0,
domain_runtime,reports/csv/dl_fixed_link_campaign_trials.csv,in_path_truth_proxy_separation,True,True,True,120,0,
domain_runtime,reports/csv/dl_fixed_snr_ber_curve.csv,schema_and_runtime_rows,True,True,True,3,0,
domain_runtime,reports/csv/dl_fixed_snr_ber_curve.csv,scenario_execution_identity,True,True,True,3,0,
domain_runtime,reports/csv/dl_fixed_snr_ber_curve.csv,populated_physical_value_ranges,True,True,True,3,0,
domain_runtime,reports/csv/dl_fixed_snr_ber_curve.csv,in_path_truth_proxy_separation,True,True,True,3,0,
domain_runtime,reports/csv/dl_fixed_snr_bler_curve.csv,schema_and_runtime_rows,True,True,True,3,0,
domain_runtime,reports/csv/dl_fixed_snr_bler_curve.csv,scenario_execution_identity,True,True,True,3,0,
domain_runtime,reports/csv/dl_fixed_snr_bler_curve.csv,populated_physical_value_ranges,True,True,True,3,0,
domain_runtime,reports/csv/dl_fixed_snr_bler_curve.csv,in_path_truth_proxy_separation,True,True,True,3,0,
domain_runtime,reports/csv/dl_pdsch_objective_artifact_schema.csv,schema_and_runtime_rows,True,True,True,4,0,
domain_runtime,reports/csv/dl_pdsch_objective_artifact_schema.csv,scenario_execution_identity,True,True,True,4,0,
domain_runtime,reports/csv/dl_pdsch_objective_artifact_schema.csv,populated_physical_value_ranges,True,True,True,4,0,
domain_runtime,reports/csv/dl_pdsch_objective_artifact_schema.csv,in_path_truth_proxy_separation,True,True,True,4,0,
domain_runtime,reports/csv/dl_pdsch_objective_failures.csv,schema_and_runtime_rows,True,True,True,0,0,
domain_runtime,reports/csv/dl_pdsch_objective_failures.csv,scenario_execution_identity,True,True,True,0,0,
domain_runtime,reports/csv/dl_pdsch_objective_failures.csv,populated_physical_value_ranges,True,True,True,0,0,
domain_runtime,reports/csv/dl_pdsch_objective_failures.csv,in_path_truth_proxy_separation,True,True,True,0,0,
domain_runtime,reports/csv/dl_pdsch_raw_bler_ber_objective.csv,schema_and_runtime_rows,True,True,True,1,0,
domain_runtime,reports/csv/dl_pdsch_raw_bler_ber_objective.csv,scenario_execution_identity,True,True,True,1,0,
domain_runtime,reports/csv/dl_pdsch_raw_bler_ber_objective.csv,populated_physical_value_ranges,True,True,True,1,0,
domain_runtime,reports/csv/dl_pdsch_raw_bler_ber_objective.csv,in_path_truth_proxy_separation,True,True,True,1,0,
domain_runtime,reports/csv/dut_reference_comparison.csv,schema_and_runtime_rows,True,True,True,35,0,
domain_runtime,reports/csv/dut_reference_comparison.csv,scenario_execution_identity,True,True,True,35,0,
domain_runtime,reports/csv/dut_reference_comparison.csv,populated_physical_value_ranges,True,True,True,35,0,
domain_runtime,reports/csv/dut_reference_comparison.csv,in_path_truth_proxy_separation,True,True,True,35,0,
domain_runtime,reports/csv/energy_efficiency_outputs.csv,schema_and_runtime_rows,True,True,True,15,0,
domain_runtime,reports/csv/energy_efficiency_outputs.csv,scenario_execution_identity,True,True,True,15,0,
domain_runtime,reports/csv/energy_efficiency_outputs.csv,populated_physical_value_ranges,True,True,True,15,0,
domain_runtime,reports/csv/energy_efficiency_outputs.csv,in_path_truth_proxy_separation,True,True,True,15,0,
domain_runtime,reports/csv/energy_model_gate.csv,schema_and_runtime_rows,True,True,True,1,0,
domain_runtime,reports/csv/energy_model_gate.csv,scenario_execution_identity,True,True,True,1,0,
domain_runtime,reports/csv/energy_model_gate.csv,populated_physical_value_ranges,True,True,True,1,0,
domain_runtime,reports/csv/energy_model_gate.csv,in_path_truth_proxy_separation,True,True,True,1,0,
domain_runtime,reports/csv/energy_root_cause_table.csv,schema_and_runtime_rows,True,True,True,2,0,
domain_runtime,reports/csv/energy_root_cause_table.csv,scenario_execution_identity,True,True,True,2,0,
domain_runtime,reports/csv/energy_root_cause_table.csv,populated_physical_value_ranges,True,True,True,2,0,
domain_runtime,reports/csv/energy_root_cause_table.csv,in_path_truth_proxy_separation,True,True,True,2,0,
domain_runtime,reports/csv/equalized_constellations.csv,schema_and_runtime_rows,False,False,False,0,0,
domain_runtime,reports/csv/evm_reconciliation.csv,schema_and_runtime_rows,True,True,True,2,0,
domain_runtime,reports/csv/evm_reconciliation.csv,scenario_execution_identity,True,True,True,2,0,
domain_runtime,reports/csv/evm_reconciliation.csv,populated_physical_value_ranges,True,True,True,2,0,
domain_runtime,reports/csv/evm_reconciliation.csv,in_path_truth_proxy_separation,True,True,True,2,0,
domain_runtime,reports/csv/feature_parameter_index.csv,schema_and_runtime_rows,True,True,True,53,0,
domain_runtime,reports/csv/feature_parameter_index.csv,scenario_execution_identity,True,True,True,53,0,
domain_runtime,reports/csv/feature_parameter_index.csv,populated_physical_value_ranges,True,True,True,53,0,
domain_runtime,reports/csv/feature_parameter_index.csv,in_path_truth_proxy_separation,True,True,True,53,0,
domain_runtime,reports/csv/fer_summary.csv,schema_and_runtime_rows,True,True,True,4,0,
domain_runtime,reports/csv/fer_summary.csv,scenario_execution_identity,True,True,True,4,0,
domain_runtime,reports/csv/fer_summary.csv,populated_physical_value_ranges,True,True,True,4,0,
domain_runtime,reports/csv/fer_summary.csv,in_path_truth_proxy_separation,True,True,True,4,0,
domain_runtime,reports/csv/final_scientific_claims_truthfulness.csv,schema_and_runtime_rows,True,True,True,1,0,
domain_runtime,reports/csv/final_scientific_claims_truthfulness.csv,scenario_execution_identity,True,True,True,1,0,
domain_runtime,reports/csv/final_scientific_claims_truthfulness.csv,populated_physical_value_ranges,True,True,True,1,0,
domain_runtime,reports/csv/final_scientific_claims_truthfulness.csv,in_path_truth_proxy_separation,True,True,True,1,0,
domain_runtime,reports/csv/fixed_link_campaign_summary.csv,schema_and_runtime_rows,True,True,True,2,0,
domain_runtime,reports/csv/fixed_link_campaign_summary.csv,scenario_execution_identity,True,True,True,2,0,
domain_runtime,reports/csv/fixed_link_campaign_summary.csv,populated_physical_value_ranges,True,True,True,2,0,
domain_runtime,reports/csv/fixed_link_campaign_summary.csv,in_path_truth_proxy_separation,True,True,True,2,0,
domain_runtime,reports/csv/fixed_link_campaign_task_plan.csv,schema_and_runtime_rows,True,True,True,6,0,
domain_runtime,reports/csv/fixed_link_campaign_task_plan.csv,scenario_execution_identity,True,True,True,6,0,
domain_runtime,reports/csv/fixed_link_campaign_task_plan.csv,populated_physical_value_ranges,True,True,True,6,0,
domain_runtime,reports/csv/fixed_link_campaign_task_plan.csv,in_path_truth_proxy_separation,True,True,True,6,0,
domain_runtime,reports/csv/fixed_snr_sweep_audit.csv,schema_and_runtime_rows,True,True,True,46,0,
domain_runtime,reports/csv/fixed_snr_sweep_audit.csv,scenario_execution_identity,True,True,True,46,0,
domain_runtime,reports/csv/fixed_snr_sweep_audit.csv,populated_physical_value_ranges,True,True,True,46,0,
domain_runtime,reports/csv/fixed_snr_sweep_audit.csv,in_path_truth_proxy_separation,True,True,True,46,0,
domain_runtime,reports/csv/fixed_snr_sweep_curve_crossing.csv,schema_and_runtime_rows,True,True,True,4,0,
domain_runtime,reports/csv/fixed_snr_sweep_curve_crossing.csv,scenario_execution_identity,True,True,True,4,0,
domain_runtime,reports/csv/fixed_snr_sweep_curve_crossing.csv,populated_physical_value_ranges,True,True,True,4,0,
domain_runtime,reports/csv/fixed_snr_sweep_curve_crossing.csv,in_path_truth_proxy_separation,True,True,True,4,0,
domain_runtime,reports/csv/fixed_snr_sweep_curve_summary.csv,schema_and_runtime_rows,True,True,True,6,0,
domain_runtime,reports/csv/fixed_snr_sweep_curve_summary.csv,scenario_execution_identity,True,True,True,6,0,
domain_runtime,reports/csv/fixed_snr_sweep_curve_summary.csv,populated_physical_value_ranges,True,True,True,6,0,
domain_runtime,reports/csv/fixed_snr_sweep_curve_summary.csv,in_path_truth_proxy_separation,True,True,True,6,0,
domain_runtime,reports/csv/fixed_snr_sweep_monotonicity_audit.csv,schema_and_runtime_rows,True,True,True,4,0,
domain_runtime,reports/csv/fixed_snr_sweep_monotonicity_audit.csv,scenario_execution_identity,True,True,True,4,0,
domain_runtime,reports/csv/fixed_snr_sweep_monotonicity_audit.csv,populated_physical_value_ranges,True,True,True,4,0,
domain_runtime,reports/csv/fixed_snr_sweep_monotonicity_audit.csv,in_path_truth_proxy_separation,True,True,True,4,0,
domain_runtime,reports/csv/fixed_snr_sweep_point_completeness.csv,schema_and_runtime_rows,True,True,True,6,0,
domain_runtime,reports/csv/fixed_snr_sweep_point_completeness.csv,scenario_execution_identity,True,True,True,6,0,
domain_runtime,reports/csv/fixed_snr_sweep_point_completeness.csv,populated_physical_value_ranges,True,True,True,6,0,
domain_runtime,reports/csv/fixed_snr_sweep_point_completeness.csv,in_path_truth_proxy_separation,True,True,True,6,0,
domain_runtime,reports/csv/fixed_snr_sweep_required_outputs.csv,schema_and_runtime_rows,True,True,True,11,0,
domain_runtime,reports/csv/fixed_snr_sweep_required_outputs.csv,scenario_execution_identity,True,True,True,11,0,
domain_runtime,reports/csv/fixed_snr_sweep_required_outputs.csv,populated_physical_value_ranges,True,True,True,11,0,
domain_runtime,reports/csv/fixed_snr_sweep_required_outputs.csv,in_path_truth_proxy_separation,True,True,True,11,0,
domain_runtime,reports/csv/frc_reference_diagnostic.csv,schema_and_runtime_rows,True,True,True,8,0,
domain_runtime,reports/csv/frc_reference_diagnostic.csv,scenario_execution_identity,True,True,True,8,0,
domain_runtime,reports/csv/frc_reference_diagnostic.csv,populated_physical_value_ranges,True,True,True,8,0,
domain_runtime,reports/csv/frc_reference_diagnostic.csv,in_path_truth_proxy_separation,True,True,True,8,0,
domain_runtime,reports/csv/frc_reference_plot_lineage.csv,schema_and_runtime_rows,True,True,True,8,0,
domain_runtime,reports/csv/frc_reference_plot_lineage.csv,scenario_execution_identity,True,True,True,8,0,
domain_runtime,reports/csv/frc_reference_plot_lineage.csv,populated_physical_value_ranges,True,True,True,8,0,
domain_runtime,reports/csv/frc_reference_plot_lineage.csv,in_path_truth_proxy_separation,True,True,True,8,0,
domain_runtime,reports/csv/frc_reference_points.csv,schema_and_runtime_rows,True,True,True,8,0,
domain_runtime,reports/csv/frc_reference_points.csv,scenario_execution_identity,True,True,True,8,0,
domain_runtime,reports/csv/frc_reference_points.csv,populated_physical_value_ranges,True,True,True,8,0,
domain_runtime,reports/csv/frc_reference_points.csv,in_path_truth_proxy_separation,True,True,True,8,0,
domain_runtime,reports/csv/frc_reference_points/dl_r_pdsch_1_1_4_fdd_awgn.csv,schema_and_runtime_rows,True,True,True,1,0,
domain_runtime,reports/csv/frc_reference_points/dl_r_pdsch_1_1_4_fdd_awgn.csv,scenario_execution_identity,True,True,True,1,0,
domain_runtime,reports/csv/frc_reference_points/dl_r_pdsch_1_1_4_fdd_awgn.csv,populated_physical_value_ranges,True,True,True,1,0,
domain_runtime,reports/csv/frc_reference_points/dl_r_pdsch_1_1_4_fdd_awgn.csv,in_path_truth_proxy_separation,True,True,True,1,0,
domain_runtime,reports/csv/frc_reference_points/dl_r_pdsch_1_2_4_fdd_tdla30_10.csv,schema_and_runtime_rows,True,True,True,1,0,
domain_runtime,reports/csv/frc_reference_points/dl_r_pdsch_1_2_4_fdd_tdla30_10.csv,scenario_execution_identity,True,True,True,1,0,
domain_runtime,reports/csv/frc_reference_points/dl_r_pdsch_1_2_4_fdd_tdla30_10.csv,populated_physical_value_ranges,True,True,True,1,0,
domain_runtime,reports/csv/frc_reference_points/dl_r_pdsch_1_2_4_fdd_tdla30_10.csv,in_path_truth_proxy_separation,True,True,True,1,0,
domain_runtime,reports/csv/frc_reference_points/dl_r_pdsch_1_3_1_fdd_tdla30_10.csv,schema_and_runtime_rows,True,True,True,1,0,
domain_runtime,reports/csv/frc_reference_points/dl_r_pdsch_1_3_1_fdd_tdla30_10.csv,scenario_execution_identity,True,True,True,1,0,
domain_runtime,reports/csv/frc_reference_points/dl_r_pdsch_1_3_1_fdd_tdla30_10.csv,populated_physical_value_ranges,True,True,True,1,0,
domain_runtime,reports/csv/frc_reference_points/dl_r_pdsch_1_3_1_fdd_tdla30_10.csv,in_path_truth_proxy_separation,True,True,True,1,0,
domain_runtime,reports/csv/frc_reference_points/dl_r_pdsch_1_3_6_fdd_atg_awgn.csv,schema_and_runtime_rows,True,True,True,1,0,
domain_runtime,reports/csv/frc_reference_points/dl_r_pdsch_1_3_6_fdd_atg_awgn.csv,scenario_execution_identity,True,True,True,1,0,
domain_runtime,reports/csv/frc_reference_points/dl_r_pdsch_1_3_6_fdd_atg_awgn.csv,populated_physical_value_ranges,True,True,True,1,0,
domain_runtime,reports/csv/frc_reference_points/dl_r_pdsch_1_3_6_fdd_atg_awgn.csv,in_path_truth_proxy_separation,True,True,True,1,0,
domain_runtime,reports/csv/frc_reference_points/dl_r_pdsch_1_4_1_fdd_atg_awgn.csv,schema_and_runtime_rows,True,True,True,1,0,
domain_runtime,reports/csv/frc_reference_points/dl_r_pdsch_1_4_1_fdd_atg_awgn.csv,scenario_execution_identity,True,True,True,1,0,
domain_runtime,reports/csv/frc_reference_points/dl_r_pdsch_1_4_1_fdd_atg_awgn.csv,populated_physical_value_ranges,True,True,True,1,0,
domain_runtime,reports/csv/frc_reference_points/dl_r_pdsch_1_4_1_fdd_atg_awgn.csv,in_path_truth_proxy_separation,True,True,True,1,0,
domain_runtime,reports/csv/frc_reference_points/ul_g_fr1_a13_1_atg_awgn.csv,schema_and_runtime_rows,True,True,True,1,0,
domain_runtime,reports/csv/frc_reference_points/ul_g_fr1_a13_1_atg_awgn.csv,scenario_execution_identity,True,True,True,1,0,
domain_runtime,reports/csv/frc_reference_points/ul_g_fr1_a13_1_atg_awgn.csv,populated_physical_value_ranges,True,True,True,1,0,
domain_runtime,reports/csv/frc_reference_points/ul_g_fr1_a13_1_atg_awgn.csv,in_path_truth_proxy_separation,True,True,True,1,0,
domain_runtime,reports/csv/frc_reference_points/ul_g_fr1_a3_8_tdlb100_400.csv,schema_and_runtime_rows,True,True,True,1,0,
domain_runtime,reports/csv/frc_reference_points/ul_g_fr1_a3_8_tdlb100_400.csv,scenario_execution_identity,True,True,True,1,0,
domain_runtime,reports/csv/frc_reference_points/ul_g_fr1_a3_8_tdlb100_400.csv,populated_physical_value_ranges,True,True,True,1,0,
domain_runtime,reports/csv/frc_reference_points/ul_g_fr1_a3_8_tdlb100_400.csv,in_path_truth_proxy_separation,True,True,True,1,0,
domain_runtime,reports/csv/frc_reference_points/ul_g_fr1_a3a_1_awgn.csv,schema_and_runtime_rows,True,True,True,1,0,
domain_runtime,reports/csv/frc_reference_points/ul_g_fr1_a3a_1_awgn.csv,scenario_execution_identity,True,True,True,1,0,
domain_runtime,reports/csv/frc_reference_points/ul_g_fr1_a3a_1_awgn.csv,populated_physical_value_ranges,True,True,True,1,0,
domain_runtime,reports/csv/frc_reference_points/ul_g_fr1_a3a_1_awgn.csv,in_path_truth_proxy_separation,True,True,True,1,0,
domain_runtime,reports/csv/frc_reference_progress/001_dl_r_pdsch_1_1_4_fdd_awgn/001_snr_p3p200000/frc_reference_progress.csv,schema_and_runtime_rows,True,True,True,1,0,
domain_runtime,reports/csv/frc_reference_progress/001_dl_r_pdsch_1_1_4_fdd_awgn/001_snr_p3p200000/frc_reference_progress.csv,scenario_execution_identity,True,True,True,1,0,
domain_runtime,reports/csv/frc_reference_progress/001_dl_r_pdsch_1_1_4_fdd_awgn/001_snr_p3p200000/frc_reference_progress.csv,populated_physical_value_ranges,True,True,True,1,0,
domain_runtime,reports/csv/frc_reference_progress/001_dl_r_pdsch_1_1_4_fdd_awgn/001_snr_p3p200000/frc_reference_progress.csv,in_path_truth_proxy_separation,True,True,True,1,0,
domain_runtime,reports/csv/frc_reference_progress/002_dl_r_pdsch_1_3_6_fdd_atg_awgn/001_snr_p13p600000/frc_reference_progress.csv,schema_and_runtime_rows,True,True,True,1,0,
domain_runtime,reports/csv/frc_reference_progress/002_dl_r_pdsch_1_3_6_fdd_atg_awgn/001_snr_p13p600000/frc_reference_progress.csv,scenario_execution_identity,True,True,True,1,0,
domain_runtime,reports/csv/frc_reference_progress/002_dl_r_pdsch_1_3_6_fdd_atg_awgn/001_snr_p13p600000/frc_reference_progress.csv,populated_physical_value_ranges,True,True,True,1,0,
domain_runtime,reports/csv/frc_reference_progress/002_dl_r_pdsch_1_3_6_fdd_atg_awgn/001_snr_p13p600000/frc_reference_progress.csv,in_path_truth_proxy_separation,True,True,True,1,0,
domain_runtime,reports/csv/frc_reference_progress/003_dl_r_pdsch_1_4_1_fdd_atg_awgn/001_snr_p22p500000/frc_reference_progress.csv,schema_and_runtime_rows,True,True,True,1,0,
domain_runtime,reports/csv/frc_reference_progress/003_dl_r_pdsch_1_4_1_fdd_atg_awgn/001_snr_p22p500000/frc_reference_progress.csv,scenario_execution_identity,True,True,True,1,0,
domain_runtime,reports/csv/frc_reference_progress/003_dl_r_pdsch_1_4_1_fdd_atg_awgn/001_snr_p22p500000/frc_reference_progress.csv,populated_physical_value_ranges,True,True,True,1,0,
domain_runtime,reports/csv/frc_reference_progress/003_dl_r_pdsch_1_4_1_fdd_atg_awgn/001_snr_p22p500000/frc_reference_progress.csv,in_path_truth_proxy_separation,True,True,True,1,0,
domain_runtime,reports/csv/frc_reference_progress/004_dl_r_pdsch_1_3_1_fdd_tdla30_10/001_snr_p19p400000/frc_reference_progress.csv,schema_and_runtime_rows,True,True,True,1,0,
domain_runtime,reports/csv/frc_reference_progress/004_dl_r_pdsch_1_3_1_fdd_tdla30_10/001_snr_p19p400000/frc_reference_progress.csv,scenario_execution_identity,True,True,True,1,0,
domain_runtime,reports/csv/frc_reference_progress/004_dl_r_pdsch_1_3_1_fdd_tdla30_10/001_snr_p19p400000/frc_reference_progress.csv,populated_physical_value_ranges,True,True,True,1,0,
domain_runtime,reports/csv/frc_reference_progress/004_dl_r_pdsch_1_3_1_fdd_tdla30_10/001_snr_p19p400000/frc_reference_progress.csv,in_path_truth_proxy_separation,True,True,True,1,0,
domain_runtime,reports/csv/frc_reference_progress/005_dl_r_pdsch_1_2_4_fdd_tdla30_10/001_snr_p15p600000/frc_reference_progress.csv,schema_and_runtime_rows,True,True,True,1,0,
domain_runtime,reports/csv/frc_reference_progress/005_dl_r_pdsch_1_2_4_fdd_tdla30_10/001_snr_p15p600000/frc_reference_progress.csv,scenario_execution_identity,True,True,True,1,0,
domain_runtime,reports/csv/frc_reference_progress/005_dl_r_pdsch_1_2_4_fdd_tdla30_10/001_snr_p15p600000/frc_reference_progress.csv,populated_physical_value_ranges,True,True,True,1,0,
domain_runtime,reports/csv/frc_reference_progress/005_dl_r_pdsch_1_2_4_fdd_tdla30_10/001_snr_p15p600000/frc_reference_progress.csv,in_path_truth_proxy_separation,True,True,True,1,0,
domain_runtime,reports/csv/frc_reference_progress/006_ul_g_fr1_a3a_1_awgn/001_snr_m5p100000/frc_reference_progress.csv,schema_and_runtime_rows,True,True,True,1,0,
domain_runtime,reports/csv/frc_reference_progress/006_ul_g_fr1_a3a_1_awgn/001_snr_m5p100000/frc_reference_progress.csv,scenario_execution_identity,True,True,True,1,0,
domain_runtime,reports/csv/frc_reference_progress/006_ul_g_fr1_a3a_1_awgn/001_snr_m5p100000/frc_reference_progress.csv,populated_physical_value_ranges,True,True,True,1,0,
domain_runtime,reports/csv/frc_reference_progress/006_ul_g_fr1_a3a_1_awgn/001_snr_m5p100000/frc_reference_progress.csv,in_path_truth_proxy_separation,True,True,True,1,0,
domain_runtime,reports/csv/frc_reference_progress/007_ul_g_fr1_a13_1_atg_awgn/001_snr_p19p100000/frc_reference_progress.csv,schema_and_runtime_rows,True,True,True,1,0,
domain_runtime,reports/csv/frc_reference_progress/007_ul_g_fr1_a13_1_atg_awgn/001_snr_p19p100000/frc_reference_progress.csv,scenario_execution_identity,True,True,True,1,0,
domain_runtime,reports/csv/frc_reference_progress/007_ul_g_fr1_a13_1_atg_awgn/001_snr_p19p100000/frc_reference_progress.csv,populated_physical_value_ranges,True,True,True,1,0,
domain_runtime,reports/csv/frc_reference_progress/007_ul_g_fr1_a13_1_atg_awgn/001_snr_p19p100000/frc_reference_progress.csv,in_path_truth_proxy_separation,True,True,True,1,0,
domain_runtime,reports/csv/frc_reference_progress/008_ul_g_fr1_a3_8_tdlb100_400/001_snr_m2p300000/frc_reference_progress.csv,schema_and_runtime_rows,True,True,True,1,0,
domain_runtime,reports/csv/frc_reference_progress/008_ul_g_fr1_a3_8_tdlb100_400/001_snr_m2p300000/frc_reference_progress.csv,scenario_execution_identity,True,True,True,1,0,
domain_runtime,reports/csv/frc_reference_progress/008_ul_g_fr1_a3_8_tdlb100_400/001_snr_m2p300000/frc_reference_progress.csv,populated_physical_value_ranges,True,True,True,1,0,
domain_runtime,reports/csv/frc_reference_progress/008_ul_g_fr1_a3_8_tdlb100_400/001_snr_m2p300000/frc_reference_progress.csv,in_path_truth_proxy_separation,True,True,True,1,0,
domain_runtime,reports/csv/generated_value_plausibility_audit.csv,schema_and_runtime_rows,True,True,True,5,0,
domain_runtime,reports/csv/generated_value_plausibility_audit.csv,scenario_execution_identity,True,True,True,5,0,
domain_runtime,reports/csv/generated_value_plausibility_audit.csv,populated_physical_value_ranges,True,True,True,5,0,
domain_runtime,reports/csv/generated_value_plausibility_audit.csv,in_path_truth_proxy_separation,True,True,True,5,0,
domain_runtime,reports/csv/hardcoded_parameter_audit.csv,schema_and_runtime_rows,True,True,True,26,0,
domain_runtime,reports/csv/hardcoded_parameter_audit.csv,scenario_execution_identity,True,True,True,26,0,
domain_runtime,reports/csv/hardcoded_parameter_audit.csv,populated_physical_value_ranges,True,True,True,26,0,
domain_runtime,reports/csv/hardcoded_parameter_audit.csv,in_path_truth_proxy_separation,True,True,True,26,0,
domain_runtime,reports/csv/harq_outputs.csv,schema_and_runtime_rows,True,True,True,10,0,
domain_runtime,reports/csv/harq_outputs.csv,scenario_execution_identity,True,True,True,10,0,
domain_runtime,reports/csv/harq_outputs.csv,populated_physical_value_ranges,True,True,True,10,0,
domain_runtime,reports/csv/harq_outputs.csv,in_path_truth_proxy_separation,True,True,True,10,0,
domain_runtime,reports/csv/honest_unavailable_registry.csv,schema_and_runtime_rows,True,True,True,67,0,
domain_runtime,reports/csv/honest_unavailable_registry.csv,scenario_execution_identity,True,True,True,67,0,
domain_runtime,reports/csv/honest_unavailable_registry.csv,populated_physical_value_ranges,True,True,True,67,0,
domain_runtime,reports/csv/honest_unavailable_registry.csv,in_path_truth_proxy_separation,True,True,True,67,0,
domain_runtime,reports/csv/implementation_function_coverage.csv,schema_and_runtime_rows,True,True,True,21,0,
domain_runtime,reports/csv/implementation_function_coverage.csv,scenario_execution_identity,True,True,True,21,0,
domain_runtime,reports/csv/implementation_function_coverage.csv,populated_physical_value_ranges,True,True,True,21,0,
domain_runtime,reports/csv/implementation_function_coverage.csv,in_path_truth_proxy_separation,True,True,True,21,0,
domain_runtime,reports/csv/initial_access_random_access_outputs.csv,schema_and_runtime_rows,True,True,True,26,0,
domain_runtime,reports/csv/initial_access_random_access_outputs.csv,scenario_execution_identity,True,True,True,26,0,
domain_runtime,reports/csv/initial_access_random_access_outputs.csv,populated_physical_value_ranges,True,True,True,26,0,
domain_runtime,reports/csv/initial_access_random_access_outputs.csv,in_path_truth_proxy_separation,True,True,True,26,0,
domain_runtime,reports/csv/instrumentation_coverage_table.csv,schema_and_runtime_rows,True,True,True,25,0,
domain_runtime,reports/csv/instrumentation_coverage_table.csv,scenario_execution_identity,True,True,True,25,0,
domain_runtime,reports/csv/instrumentation_coverage_table.csv,populated_physical_value_ranges,True,True,True,25,0,
domain_runtime,reports/csv/instrumentation_coverage_table.csv,in_path_truth_proxy_separation,True,True,True,25,0,
domain_runtime,reports/csv/interference_accounting.csv,schema_and_runtime_rows,True,True,True,2,0,
domain_runtime,reports/csv/interference_accounting.csv,scenario_execution_identity,True,True,True,2,0,
domain_runtime,reports/csv/interference_accounting.csv,populated_physical_value_ranges,True,True,True,2,0,
domain_runtime,reports/csv/interference_accounting.csv,in_path_truth_proxy_separation,True,True,True,2,0,
domain_runtime,reports/csv/iq_imbalance_reconciliation.csv,schema_and_runtime_rows,True,True,True,2,0,
domain_runtime,reports/csv/iq_imbalance_reconciliation.csv,scenario_execution_identity,True,True,True,2,0,
domain_runtime,reports/csv/iq_imbalance_reconciliation.csv,populated_physical_value_ranges,True,True,True,2,0,
domain_runtime,reports/csv/iq_imbalance_reconciliation.csv,in_path_truth_proxy_separation,True,True,True,2,0,
domain_runtime,reports/csv/kpi_consistency_gate.csv,schema_and_runtime_rows,True,True,True,6,0,
domain_runtime,reports/csv/kpi_consistency_gate.csv,scenario_execution_identity,True,True,True,6,0,
domain_runtime,reports/csv/kpi_consistency_gate.csv,populated_physical_value_ranges,True,True,True,6,0,
domain_runtime,reports/csv/kpi_consistency_gate.csv,in_path_truth_proxy_separation,True,True,True,6,0,
domain_runtime,reports/csv/kpi_direction_isolation_audit.csv,schema_and_runtime_rows,True,True,True,2,0,
domain_runtime,reports/csv/kpi_direction_isolation_audit.csv,scenario_execution_identity,True,True,True,2,0,
domain_runtime,reports/csv/kpi_direction_isolation_audit.csv,populated_physical_value_ranges,True,True,True,2,0,
domain_runtime,reports/csv/kpi_direction_isolation_audit.csv,in_path_truth_proxy_separation,True,True,True,2,0,
domain_runtime,reports/csv/kpi_duration_source_audit.csv,schema_and_runtime_rows,True,True,True,2,0,
domain_runtime,reports/csv/kpi_duration_source_audit.csv,scenario_execution_identity,True,True,True,2,0,
domain_runtime,reports/csv/kpi_duration_source_audit.csv,populated_physical_value_ranges,True,True,True,2,0,
domain_runtime,reports/csv/kpi_duration_source_audit.csv,in_path_truth_proxy_separation,True,True,True,2,0,
domain_runtime,reports/csv/kpi_formula_registry.csv,schema_and_runtime_rows,True,True,True,28,0,
domain_runtime,reports/csv/kpi_formula_registry.csv,scenario_execution_identity,True,True,True,28,0,
domain_runtime,reports/csv/kpi_formula_registry.csv,populated_physical_value_ranges,True,True,True,28,0,
domain_runtime,reports/csv/kpi_formula_registry.csv,in_path_truth_proxy_separation,True,True,True,28,0,
domain_runtime,reports/csv/kpi_harq_delivery_trace_dl.csv,schema_and_runtime_rows,True,True,True,120,0,
domain_runtime,reports/csv/kpi_harq_delivery_trace_dl.csv,scenario_execution_identity,True,True,True,120,0,
domain_runtime,reports/csv/kpi_harq_delivery_trace_dl.csv,populated_physical_value_ranges,True,True,True,120,0,
domain_runtime,reports/csv/kpi_harq_delivery_trace_dl.csv,in_path_truth_proxy_separation,True,True,True,120,0,
domain_runtime,reports/csv/kpi_harq_delivery_trace_ul.csv,schema_and_runtime_rows,True,True,True,120,0,
domain_runtime,reports/csv/kpi_harq_delivery_trace_ul.csv,scenario_execution_identity,True,True,True,120,0,
domain_runtime,reports/csv/kpi_harq_delivery_trace_ul.csv,populated_physical_value_ranges,True,True,True,120,0,
domain_runtime,reports/csv/kpi_harq_delivery_trace_ul.csv,in_path_truth_proxy_separation,True,True,True,120,0,
domain_runtime,reports/csv/kpi_health_flags.csv,schema_and_runtime_rows,True,True,True,12,0,
domain_runtime,reports/csv/kpi_health_flags.csv,scenario_execution_identity,True,True,True,12,0,
domain_runtime,reports/csv/kpi_health_flags.csv,populated_physical_value_ranges,True,True,True,12,0,
domain_runtime,reports/csv/kpi_health_flags.csv,in_path_truth_proxy_separation,True,True,True,12,0,
domain_runtime,reports/csv/kpi_known_bug_regression.csv,schema_and_runtime_rows,True,True,True,1,0,
domain_runtime,reports/csv/kpi_known_bug_regression.csv,scenario_execution_identity,True,True,True,1,0,
domain_runtime,reports/csv/kpi_known_bug_regression.csv,populated_physical_value_ranges,True,True,True,1,0,
domain_runtime,reports/csv/kpi_known_bug_regression.csv,in_path_truth_proxy_separation,True,True,True,1,0,
domain_runtime,reports/csv/kpi_legacy_alias_map.csv,schema_and_runtime_rows,True,True,True,4,0,
domain_runtime,reports/csv/kpi_legacy_alias_map.csv,scenario_execution_identity,True,True,True,4,0,
domain_runtime,reports/csv/kpi_legacy_alias_map.csv,populated_physical_value_ranges,True,True,True,4,0,
domain_runtime,reports/csv/kpi_legacy_alias_map.csv,in_path_truth_proxy_separation,True,True,True,4,0,
domain_runtime,reports/csv/kpi_lineage_table.csv,schema_and_runtime_rows,True,True,True,24,0,
domain_runtime,reports/csv/kpi_lineage_table.csv,scenario_execution_identity,True,True,True,24,0,
domain_runtime,reports/csv/kpi_lineage_table.csv,populated_physical_value_ranges,True,True,True,24,0,
domain_runtime,reports/csv/kpi_lineage_table.csv,in_path_truth_proxy_separation,True,True,True,24,0,
domain_runtime,reports/csv/kpi_objective_binding.csv,schema_and_runtime_rows,True,True,True,28,0,
domain_runtime,reports/csv/kpi_objective_binding.csv,scenario_execution_identity,True,True,True,28,0,
domain_runtime,reports/csv/kpi_objective_binding.csv,populated_physical_value_ranges,True,True,True,28,0,
domain_runtime,reports/csv/kpi_objective_binding.csv,in_path_truth_proxy_separation,True,True,True,28,0,
domain_runtime,reports/csv/kpi_raw_table_schema_audit.csv,schema_and_runtime_rows,True,True,True,10,0,
domain_runtime,reports/csv/kpi_raw_table_schema_audit.csv,scenario_execution_identity,True,True,True,10,0,
domain_runtime,reports/csv/kpi_raw_table_schema_audit.csv,populated_physical_value_ranges,True,True,True,10,0,
domain_runtime,reports/csv/kpi_raw_table_schema_audit.csv,in_path_truth_proxy_separation,True,True,True,10,0,
domain_runtime,reports/csv/kpi_reconstruction_summary.csv,schema_and_runtime_rows,True,True,True,24,0,
domain_runtime,reports/csv/kpi_reconstruction_summary.csv,scenario_execution_identity,True,True,True,24,0,
domain_runtime,reports/csv/kpi_reconstruction_summary.csv,populated_physical_value_ranges,True,True,True,24,0,
domain_runtime,reports/csv/kpi_reconstruction_summary.csv,in_path_truth_proxy_separation,True,True,True,24,0,
domain_runtime,reports/csv/kpi_row_contributions_dl.csv,schema_and_runtime_rows,True,True,True,120,0,
domain_runtime,reports/csv/kpi_row_contributions_dl.csv,scenario_execution_identity,True,True,True,120,0,
domain_runtime,reports/csv/kpi_row_contributions_dl.csv,populated_physical_value_ranges,True,True,True,120,0,
domain_runtime,reports/csv/kpi_row_contributions_dl.csv,in_path_truth_proxy_separation,True,True,True,120,0,
domain_runtime,reports/csv/kpi_row_contributions_ul.csv,schema_and_runtime_rows,True,True,True,120,0,
domain_runtime,reports/csv/kpi_row_contributions_ul.csv,scenario_execution_identity,True,True,True,120,0,
domain_runtime,reports/csv/kpi_row_contributions_ul.csv,populated_physical_value_ranges,True,True,True,120,0,
domain_runtime,reports/csv/kpi_row_contributions_ul.csv,in_path_truth_proxy_separation,True,True,True,120,0,
domain_runtime,reports/csv/kpi_source_table_manifest.csv,schema_and_runtime_rows,True,True,True,8,0,
domain_runtime,reports/csv/kpi_source_table_manifest.csv,scenario_execution_identity,True,True,True,8,0,
domain_runtime,reports/csv/kpi_source_table_manifest.csv,populated_physical_value_ranges,True,True,True,8,0,
domain_runtime,reports/csv/kpi_source_table_manifest.csv,in_path_truth_proxy_separation,True,True,True,8,0,
domain_runtime,reports/csv/kpi_tb_delivery_ledger_dl.csv,schema_and_runtime_rows,True,True,True,120,0,
domain_runtime,reports/csv/kpi_tb_delivery_ledger_dl.csv,scenario_execution_identity,True,True,True,120,0,
domain_runtime,reports/csv/kpi_tb_delivery_ledger_dl.csv,populated_physical_value_ranges,True,True,True,120,0,
domain_runtime,reports/csv/kpi_tb_delivery_ledger_dl.csv,in_path_truth_proxy_separation,True,True,True,120,0,
domain_runtime,reports/csv/kpi_tb_delivery_ledger_ul.csv,schema_and_runtime_rows,True,True,True,120,0,
domain_runtime,reports/csv/kpi_tb_delivery_ledger_ul.csv,scenario_execution_identity,True,True,True,120,0,
domain_runtime,reports/csv/kpi_tb_delivery_ledger_ul.csv,populated_physical_value_ranges,True,True,True,120,0,
domain_runtime,reports/csv/kpi_tb_delivery_ledger_ul.csv,in_path_truth_proxy_separation,True,True,True,120,0,
domain_runtime,reports/csv/kpi_unit_conversion_audit.csv,schema_and_runtime_rows,True,True,True,4,0,
domain_runtime,reports/csv/kpi_unit_conversion_audit.csv,scenario_execution_identity,True,True,True,4,0,
domain_runtime,reports/csv/kpi_unit_conversion_audit.csv,populated_physical_value_ranges,True,True,True,4,0,
domain_runtime,reports/csv/kpi_unit_conversion_audit.csv,in_path_truth_proxy_separation,True,True,True,4,0,
domain_runtime,reports/csv/latency_cdf_plot.csv,schema_and_runtime_rows,True,True,True,240,0,
domain_runtime,reports/csv/latency_cdf_plot.csv,scenario_execution_identity,True,True,True,240,0,
domain_runtime,reports/csv/latency_cdf_plot.csv,populated_physical_value_ranges,True,True,True,240,0,
domain_runtime,reports/csv/latency_cdf_plot.csv,in_path_truth_proxy_separation,True,True,True,240,0,
domain_runtime,reports/csv/latency_reconciliation.csv,schema_and_runtime_rows,True,True,True,1,0,
domain_runtime,reports/csv/latency_reconciliation.csv,scenario_execution_identity,True,True,True,1,0,
domain_runtime,reports/csv/latency_reconciliation.csv,populated_physical_value_ranges,True,True,True,1,0,
domain_runtime,reports/csv/latency_reconciliation.csv,in_path_truth_proxy_separation,True,True,True,1,0,
domain_runtime,reports/csv/latency_root_cause_table.csv,schema_and_runtime_rows,True,True,True,12,0,
domain_runtime,reports/csv/latency_root_cause_table.csv,scenario_execution_identity,True,True,True,12,0,
domain_runtime,reports/csv/latency_root_cause_table.csv,populated_physical_value_ranges,True,True,True,12,0,
domain_runtime,reports/csv/latency_root_cause_table.csv,in_path_truth_proxy_separation,True,True,True,12,0,
domain_runtime,reports/csv/live_access_state.csv,schema_and_runtime_rows,True,True,True,26,0,
domain_runtime,reports/csv/live_access_state.csv,scenario_execution_identity,True,True,True,26,0,
domain_runtime,reports/csv/live_access_state.csv,populated_physical_value_ranges,True,True,True,26,0,
domain_runtime,reports/csv/live_access_state.csv,in_path_truth_proxy_separation,True,True,True,26,0,
domain_runtime,reports/csv/live_artifact_write_table.csv,schema_and_runtime_rows,True,True,True,603,0,
domain_runtime,reports/csv/live_artifact_write_table.csv,scenario_execution_identity,True,True,True,603,0,
domain_runtime,reports/csv/live_artifact_write_table.csv,populated_physical_value_ranges,True,True,True,603,0,
domain_runtime,reports/csv/live_artifact_write_table.csv,in_path_truth_proxy_separation,True,True,True,603,0,
domain_runtime,reports/csv/live_bb_power_table.csv,schema_and_runtime_rows,True,True,True,240,0,
domain_runtime,reports/csv/live_bb_power_table.csv,scenario_execution_identity,True,True,True,240,0,
domain_runtime,reports/csv/live_bb_power_table.csv,populated_physical_value_ranges,True,True,True,240,0,
domain_runtime,reports/csv/live_bb_power_table.csv,in_path_truth_proxy_separation,True,True,True,240,0,
domain_runtime,reports/csv/live_beam_management_procedure_stats.csv,schema_and_runtime_rows,True,True,True,35,0,
domain_runtime,reports/csv/live_beam_management_procedure_stats.csv,scenario_execution_identity,True,True,True,35,0,
domain_runtime,reports/csv/live_beam_management_procedure_stats.csv,populated_physical_value_ranges,True,True,True,35,0,
domain_runtime,reports/csv/live_beam_management_procedure_stats.csv,in_path_truth_proxy_separation,True,True,True,35,0,
domain_runtime,reports/csv/live_beam_p1_acquisition_stats.csv,schema_and_runtime_rows,False,False,False,0,0,
domain_runtime,reports/csv/live_beam_p2_refinement_stats.csv,schema_and_runtime_rows,True,True,True,35,0,
domain_runtime,reports/csv/live_beam_p2_refinement_stats.csv,scenario_execution_identity,True,True,True,35,0,
domain_runtime,reports/csv/live_beam_p2_refinement_stats.csv,populated_physical_value_ranges,True,True,True,35,0,
domain_runtime,reports/csv/live_beam_p2_refinement_stats.csv,in_path_truth_proxy_separation,True,True,True,35,0,
domain_runtime,reports/csv/live_beam_selection_stats.csv,schema_and_runtime_rows,True,True,True,35,0,
domain_runtime,reports/csv/live_beam_selection_stats.csv,scenario_execution_identity,True,True,True,35,0,
domain_runtime,reports/csv/live_beam_selection_stats.csv,populated_physical_value_ranges,True,True,True,35,0,
domain_runtime,reports/csv/live_beam_selection_stats.csv,in_path_truth_proxy_separation,True,True,True,35,0,
domain_runtime,reports/csv/live_beam_selection_table.csv,schema_and_runtime_rows,True,True,True,240,0,
domain_runtime,reports/csv/live_beam_selection_table.csv,scenario_execution_identity,True,True,True,240,0,
domain_runtime,reports/csv/live_beam_selection_table.csv,populated_physical_value_ranges,True,True,True,240,0,
domain_runtime,reports/csv/live_beam_selection_table.csv,in_path_truth_proxy_separation,True,True,True,240,0,
domain_runtime,reports/csv/live_browser_surface_integrity_table.csv,schema_and_runtime_rows,True,True,True,130,0,
domain_runtime,reports/csv/live_browser_surface_integrity_table.csv,scenario_execution_identity,True,True,True,130,0,
domain_runtime,reports/csv/live_browser_surface_integrity_table.csv,populated_physical_value_ranges,True,True,True,130,0,
domain_runtime,reports/csv/live_browser_surface_integrity_table.csv,in_path_truth_proxy_separation,True,True,True,130,0,
domain_runtime,reports/csv/live_bwp_state.csv,schema_and_runtime_rows,True,True,True,2,0,
domain_runtime,reports/csv/live_bwp_state.csv,scenario_execution_identity,True,True,True,2,0,
domain_runtime,reports/csv/live_bwp_state.csv,populated_physical_value_ranges,True,True,True,2,0,
domain_runtime,reports/csv/live_bwp_state.csv,in_path_truth_proxy_separation,True,True,True,2,0,
domain_runtime,reports/csv/live_carrier_config.csv,schema_and_runtime_rows,True,True,True,2,0,
domain_runtime,reports/csv/live_carrier_config.csv,scenario_execution_identity,True,True,True,2,0,
domain_runtime,reports/csv/live_carrier_config.csv,populated_physical_value_ranges,True,True,True,2,0,
domain_runtime,reports/csv/live_carrier_config.csv,in_path_truth_proxy_separation,True,True,True,2,0,
domain_runtime,reports/csv/live_case_status.csv,schema_and_runtime_rows,True,True,True,10,0,
domain_runtime,reports/csv/live_case_status.csv,scenario_execution_identity,True,True,True,10,0,
domain_runtime,reports/csv/live_case_status.csv,populated_physical_value_ranges,True,True,True,10,0,
domain_runtime,reports/csv/live_case_status.csv,in_path_truth_proxy_separation,True,True,True,10,0,
domain_runtime,reports/csv/live_cell_table.csv,schema_and_runtime_rows,True,True,True,1,0,
domain_runtime,reports/csv/live_cell_table.csv,scenario_execution_identity,True,True,True,1,0,
domain_runtime,reports/csv/live_cell_table.csv,populated_physical_value_ranges,True,True,True,1,0,
domain_runtime,reports/csv/live_cell_table.csv,in_path_truth_proxy_separation,True,True,True,1,0,
domain_runtime,reports/csv/live_channel_estimation_stats.csv,schema_and_runtime_rows,True,True,True,33,0,
domain_runtime,reports/csv/live_channel_estimation_stats.csv,scenario_execution_identity,True,True,True,33,0,
domain_runtime,reports/csv/live_channel_estimation_stats.csv,populated_physical_value_ranges,True,True,True,33,0,
domain_runtime,reports/csv/live_channel_estimation_stats.csv,in_path_truth_proxy_separation,True,True,True,33,0,
domain_runtime,reports/csv/live_channel_realization_table.csv,schema_and_runtime_rows,True,True,True,240,0,
domain_runtime,reports/csv/live_channel_realization_table.csv,scenario_execution_identity,True,True,True,240,0,
domain_runtime,reports/csv/live_channel_realization_table.csv,populated_physical_value_ranges,True,True,True,240,0,
domain_runtime,reports/csv/live_channel_realization_table.csv,in_path_truth_proxy_separation,True,True,True,240,0,
domain_runtime,reports/csv/live_combiner_table.csv,schema_and_runtime_rows,True,True,True,240,0,
domain_runtime,reports/csv/live_combiner_table.csv,scenario_execution_identity,True,True,True,240,0,
domain_runtime,reports/csv/live_combiner_table.csv,populated_physical_value_ranges,True,True,True,240,0,
domain_runtime,reports/csv/live_combiner_table.csv,in_path_truth_proxy_separation,True,True,True,240,0,
domain_runtime,reports/csv/live_consistency_check_table.csv,schema_and_runtime_rows,True,True,True,130,0,
domain_runtime,reports/csv/live_consistency_check_table.csv,scenario_execution_identity,True,True,True,130,0,
domain_runtime,reports/csv/live_consistency_check_table.csv,populated_physical_value_ranges,True,True,True,130,0,
domain_runtime,reports/csv/live_consistency_check_table.csv,in_path_truth_proxy_separation,True,True,True,130,0,
domain_runtime,reports/csv/live_control_gating_summary.csv,schema_and_runtime_rows,True,True,True,1,0,
domain_runtime,reports/csv/live_control_gating_summary.csv,scenario_execution_identity,True,True,True,1,0,
domain_runtime,reports/csv/live_control_gating_summary.csv,populated_physical_value_ranges,True,True,True,1,0,
domain_runtime,reports/csv/live_control_gating_summary.csv,in_path_truth_proxy_separation,True,True,True,1,0,
domain_runtime,reports/csv/live_coverage_layer.csv,schema_and_runtime_rows,False,False,False,0,0,
domain_runtime,reports/csv/live_csi_feedback_stats.csv,schema_and_runtime_rows,True,True,True,6,0,
domain_runtime,reports/csv/live_csi_feedback_stats.csv,scenario_execution_identity,True,True,True,6,0,
domain_runtime,reports/csv/live_csi_feedback_stats.csv,populated_physical_value_ranges,True,True,True,6,0,
domain_runtime,reports/csv/live_csi_feedback_stats.csv,in_path_truth_proxy_separation,True,True,True,6,0,
domain_runtime,reports/csv/live_csi_feedback_table.csv,schema_and_runtime_rows,True,True,True,6,0,
domain_runtime,reports/csv/live_csi_feedback_table.csv,scenario_execution_identity,True,True,True,6,0,
domain_runtime,reports/csv/live_csi_feedback_table.csv,populated_physical_value_ranges,True,True,True,6,0,
domain_runtime,reports/csv/live_csi_feedback_table.csv,in_path_truth_proxy_separation,True,True,True,6,0,
domain_runtime,reports/csv/live_csi_output_table.csv,schema_and_runtime_rows,True,True,True,53,0,
domain_runtime,reports/csv/live_csi_output_table.csv,scenario_execution_identity,True,True,True,53,0,
domain_runtime,reports/csv/live_csi_output_table.csv,populated_physical_value_ranges,True,True,True,53,0,
domain_runtime,reports/csv/live_csi_output_table.csv,in_path_truth_proxy_separation,True,True,True,53,0,
domain_runtime,reports/csv/live_csirs_resource_table.csv,schema_and_runtime_rows,True,True,True,53,0,
domain_runtime,reports/csv/live_csirs_resource_table.csv,scenario_execution_identity,True,True,True,53,0,
domain_runtime,reports/csv/live_csirs_resource_table.csv,populated_physical_value_ranges,True,True,True,53,0,
domain_runtime,reports/csv/live_csirs_resource_table.csv,in_path_truth_proxy_separation,True,True,True,53,0,
domain_runtime,reports/csv/live_csirs_stage_table.csv,schema_and_runtime_rows,True,True,True,53,0,
domain_runtime,reports/csv/live_csirs_stage_table.csv,scenario_execution_identity,True,True,True,53,0,
domain_runtime,reports/csv/live_csirs_stage_table.csv,populated_physical_value_ranges,True,True,True,53,0,
domain_runtime,reports/csv/live_csirs_stage_table.csv,in_path_truth_proxy_separation,True,True,True,53,0,
domain_runtime,reports/csv/live_csirs_stats.csv,schema_and_runtime_rows,False,False,False,0,0,
domain_runtime,reports/csv/live_csv_write_table.csv,schema_and_runtime_rows,True,True,True,483,0,
domain_runtime,reports/csv/live_csv_write_table.csv,scenario_execution_identity,True,True,True,483,0,
domain_runtime,reports/csv/live_csv_write_table.csv,populated_physical_value_ranges,True,True,True,483,0,
domain_runtime,reports/csv/live_csv_write_table.csv,in_path_truth_proxy_separation,True,True,True,483,0,
domain_runtime,reports/csv/live_db_write_table.csv,schema_and_runtime_rows,True,True,True,601,0,
domain_runtime,reports/csv/live_db_write_table.csv,scenario_execution_identity,True,True,True,601,0,
domain_runtime,reports/csv/live_db_write_table.csv,populated_physical_value_ranges,True,True,True,601,0,
domain_runtime,reports/csv/live_db_write_table.csv,in_path_truth_proxy_separation,True,True,True,601,0,
domain_runtime,reports/csv/live_decoder_summary.csv,schema_and_runtime_rows,True,True,True,240,0,
domain_runtime,reports/csv/live_decoder_summary.csv,scenario_execution_identity,True,True,True,240,0,
domain_runtime,reports/csv/live_decoder_summary.csv,populated_physical_value_ranges,True,True,True,240,0,
domain_runtime,reports/csv/live_decoder_summary.csv,in_path_truth_proxy_separation,True,True,True,240,0,
domain_runtime,reports/csv/live_energy_efficiency_table.csv,schema_and_runtime_rows,True,True,True,4,0,
domain_runtime,reports/csv/live_energy_efficiency_table.csv,scenario_execution_identity,True,True,True,4,0,
domain_runtime,reports/csv/live_energy_efficiency_table.csv,populated_physical_value_ranges,True,True,True,4,0,
domain_runtime,reports/csv/live_energy_efficiency_table.csv,in_path_truth_proxy_separation,True,True,True,4,0,
domain_runtime,reports/csv/live_error_rate_summary.csv,schema_and_runtime_rows,True,True,True,4,0,
domain_runtime,reports/csv/live_error_rate_summary.csv,scenario_execution_identity,True,True,True,4,0,
domain_runtime,reports/csv/live_error_rate_summary.csv,populated_physical_value_ranges,True,True,True,4,0,
domain_runtime,reports/csv/live_error_rate_summary.csv,in_path_truth_proxy_separation,True,True,True,4,0,
domain_runtime,reports/csv/live_frame_grid_state.csv,schema_and_runtime_rows,True,True,True,2,0,
domain_runtime,reports/csv/live_frame_grid_state.csv,scenario_execution_identity,True,True,True,2,0,
domain_runtime,reports/csv/live_frame_grid_state.csv,populated_physical_value_ranges,True,True,True,2,0,
domain_runtime,reports/csv/live_frame_grid_state.csv,in_path_truth_proxy_separation,True,True,True,2,0,
domain_runtime,reports/csv/live_gnb_state_table.csv,schema_and_runtime_rows,True,True,True,1,0,
domain_runtime,reports/csv/live_gnb_state_table.csv,scenario_execution_identity,True,True,True,1,0,
domain_runtime,reports/csv/live_gnb_state_table.csv,populated_physical_value_ranges,True,True,True,1,0,
domain_runtime,reports/csv/live_gnb_state_table.csv,in_path_truth_proxy_separation,True,True,True,1,0,
domain_runtime,reports/csv/live_impairment_table.csv,schema_and_runtime_rows,True,True,True,240,0,
domain_runtime,reports/csv/live_impairment_table.csv,scenario_execution_identity,True,True,True,240,0,
domain_runtime,reports/csv/live_impairment_table.csv,populated_physical_value_ranges,True,True,True,240,0,
domain_runtime,reports/csv/live_impairment_table.csv,in_path_truth_proxy_separation,True,True,True,240,0,
domain_runtime,reports/csv/live_interference_table.csv,schema_and_runtime_rows,True,True,True,240,0,
domain_runtime,reports/csv/live_interference_table.csv,scenario_execution_identity,True,True,True,240,0,
domain_runtime,reports/csv/live_interference_table.csv,populated_physical_value_ranges,True,True,True,240,0,
domain_runtime,reports/csv/live_interference_table.csv,in_path_truth_proxy_separation,True,True,True,240,0,
domain_runtime,reports/csv/live_link_adaptation_input_table.csv,schema_and_runtime_rows,True,True,True,240,0,
domain_runtime,reports/csv/live_link_adaptation_input_table.csv,scenario_execution_identity,True,True,True,240,0,
domain_runtime,reports/csv/live_link_adaptation_input_table.csv,populated_physical_value_ranges,True,True,True,240,0,
domain_runtime,reports/csv/live_link_adaptation_input_table.csv,in_path_truth_proxy_separation,True,True,True,240,0,
domain_runtime,reports/csv/live_link_table.csv,schema_and_runtime_rows,True,True,True,240,0,
domain_runtime,reports/csv/live_link_table.csv,scenario_execution_identity,True,True,True,240,0,
domain_runtime,reports/csv/live_link_table.csv,populated_physical_value_ranges,True,True,True,240,0,
domain_runtime,reports/csv/live_link_table.csv,in_path_truth_proxy_separation,True,True,True,240,0,
domain_runtime,reports/csv/live_llr_summary.csv,schema_and_runtime_rows,True,True,True,240,0,
domain_runtime,reports/csv/live_llr_summary.csv,scenario_execution_identity,True,True,True,240,0,
domain_runtime,reports/csv/live_llr_summary.csv,populated_physical_value_ranges,True,True,True,240,0,
domain_runtime,reports/csv/live_llr_summary.csv,in_path_truth_proxy_separation,True,True,True,240,0,
domain_runtime,reports/csv/live_mac_ce_state.csv,schema_and_runtime_rows,True,True,True,27,0,
domain_runtime,reports/csv/live_mac_ce_state.csv,scenario_execution_identity,True,True,True,27,0,
domain_runtime,reports/csv/live_mac_ce_state.csv,populated_physical_value_ranges,True,True,True,27,0,
domain_runtime,reports/csv/live_mac_ce_state.csv,in_path_truth_proxy_separation,True,True,True,27,0,
domain_runtime,reports/csv/live_mac_pdu_summary.csv,schema_and_runtime_rows,True,True,True,240,0,
domain_runtime,reports/csv/live_mac_pdu_summary.csv,scenario_execution_identity,True,True,True,240,0,
domain_runtime,reports/csv/live_mac_pdu_summary.csv,populated_physical_value_ranges,True,True,True,240,0,
domain_runtime,reports/csv/live_mac_pdu_summary.csv,in_path_truth_proxy_separation,True,True,True,240,0,
domain_runtime,reports/csv/live_measurement_table.csv,schema_and_runtime_rows,True,True,True,240,0,
domain_runtime,reports/csv/live_measurement_table.csv,scenario_execution_identity,True,True,True,240,0,
domain_runtime,reports/csv/live_measurement_table.csv,populated_physical_value_ranges,True,True,True,240,0,
domain_runtime,reports/csv/live_measurement_table.csv,in_path_truth_proxy_separation,True,True,True,240,0,
domain_runtime,reports/csv/live_mimo_state_table.csv,schema_and_runtime_rows,True,True,True,2,0,
domain_runtime,reports/csv/live_mimo_state_table.csv,scenario_execution_identity,True,True,True,2,0,
domain_runtime,reports/csv/live_mimo_state_table.csv,populated_physical_value_ranges,True,True,True,2,0,
domain_runtime,reports/csv/live_mimo_state_table.csv,in_path_truth_proxy_separation,True,True,True,2,0,
domain_runtime,reports/csv/live_numerology_state.csv,schema_and_runtime_rows,True,True,True,2,0,
domain_runtime,reports/csv/live_numerology_state.csv,scenario_execution_identity,True,True,True,2,0,
domain_runtime,reports/csv/live_numerology_state.csv,populated_physical_value_ranges,True,True,True,2,0,
domain_runtime,reports/csv/live_numerology_state.csv,in_path_truth_proxy_separation,True,True,True,2,0,
domain_runtime,reports/csv/live_path_geometry_table.csv,schema_and_runtime_rows,True,True,True,2,0,
domain_runtime,reports/csv/live_path_geometry_table.csv,scenario_execution_identity,True,True,True,2,0,
domain_runtime,reports/csv/live_path_geometry_table.csv,populated_physical_value_ranges,True,True,True,2,0,
domain_runtime,reports/csv/live_path_geometry_table.csv,in_path_truth_proxy_separation,True,True,True,2,0,
domain_runtime,reports/csv/live_pdsch_code_block_table.csv,schema_and_runtime_rows,True,True,True,120,0,
domain_runtime,reports/csv/live_pdsch_code_block_table.csv,scenario_execution_identity,True,True,True,120,0,
domain_runtime,reports/csv/live_pdsch_code_block_table.csv,populated_physical_value_ranges,True,True,True,120,0,
domain_runtime,reports/csv/live_pdsch_code_block_table.csv,in_path_truth_proxy_separation,True,True,True,120,0,
domain_runtime,reports/csv/live_pdsch_dmrs_ptrs_table.csv,schema_and_runtime_rows,True,True,True,120,0,
domain_runtime,reports/csv/live_pdsch_dmrs_ptrs_table.csv,scenario_execution_identity,True,True,True,120,0,
domain_runtime,reports/csv/live_pdsch_dmrs_ptrs_table.csv,populated_physical_value_ranges,True,True,True,120,0,
domain_runtime,reports/csv/live_pdsch_dmrs_ptrs_table.csv,in_path_truth_proxy_separation,True,True,True,120,0,
domain_runtime,reports/csv/live_pdsch_stage_table.csv,schema_and_runtime_rows,True,True,True,22,0,
domain_runtime,reports/csv/live_pdsch_stage_table.csv,scenario_execution_identity,True,True,True,22,0,
domain_runtime,reports/csv/live_pdsch_stage_table.csv,populated_physical_value_ranges,True,True,True,22,0,
domain_runtime,reports/csv/live_pdsch_stage_table.csv,in_path_truth_proxy_separation,True,True,True,22,0,
domain_runtime,reports/csv/live_pdsch_transport_block_table.csv,schema_and_runtime_rows,True,True,True,120,0,
domain_runtime,reports/csv/live_pdsch_transport_block_table.csv,scenario_execution_identity,True,True,True,120,0,
domain_runtime,reports/csv/live_pdsch_transport_block_table.csv,populated_physical_value_ranges,True,True,True,120,0,
domain_runtime,reports/csv/live_pdsch_transport_block_table.csv,in_path_truth_proxy_separation,True,True,True,120,0,
domain_runtime,reports/csv/live_per_cell_context.csv,schema_and_runtime_rows,True,True,True,1,0,
domain_runtime,reports/csv/live_per_cell_context.csv,scenario_execution_identity,True,True,True,1,0,
domain_runtime,reports/csv/live_per_cell_context.csv,populated_physical_value_ranges,True,True,True,1,0,
domain_runtime,reports/csv/live_per_cell_context.csv,in_path_truth_proxy_separation,True,True,True,1,0,
domain_runtime,reports/csv/live_phr_state.csv,schema_and_runtime_rows,True,True,True,27,0,
domain_runtime,reports/csv/live_phr_state.csv,scenario_execution_identity,True,True,True,27,0,
domain_runtime,reports/csv/live_phr_state.csv,populated_physical_value_ranges,True,True,True,27,0,
domain_runtime,reports/csv/live_phr_state.csv,in_path_truth_proxy_separation,True,True,True,27,0,
domain_runtime,reports/csv/live_power_runtime_table.csv,schema_and_runtime_rows,True,True,True,480,0,
domain_runtime,reports/csv/live_power_runtime_table.csv,scenario_execution_identity,True,True,True,480,0,
domain_runtime,reports/csv/live_power_runtime_table.csv,populated_physical_value_ranges,True,True,True,480,0,
domain_runtime,reports/csv/live_power_runtime_table.csv,in_path_truth_proxy_separation,True,True,True,480,0,
domain_runtime,reports/csv/live_precoder_table.csv,schema_and_runtime_rows,True,True,True,240,0,
domain_runtime,reports/csv/live_precoder_table.csv,scenario_execution_identity,True,True,True,240,0,
domain_runtime,reports/csv/live_precoder_table.csv,populated_physical_value_ranges,True,True,True,240,0,
domain_runtime,reports/csv/live_precoder_table.csv,in_path_truth_proxy_separation,True,True,True,240,0,
domain_runtime,reports/csv/live_pusch_rx_summary.csv,schema_and_runtime_rows,True,True,True,120,0,
domain_runtime,reports/csv/live_pusch_rx_summary.csv,scenario_execution_identity,True,True,True,120,0,
domain_runtime,reports/csv/live_pusch_rx_summary.csv,populated_physical_value_ranges,True,True,True,120,0,
domain_runtime,reports/csv/live_pusch_rx_summary.csv,in_path_truth_proxy_separation,True,True,True,120,0,
domain_runtime,reports/csv/live_pusch_stage_table.csv,schema_and_runtime_rows,True,True,True,27,0,
domain_runtime,reports/csv/live_pusch_stage_table.csv,scenario_execution_identity,True,True,True,27,0,
domain_runtime,reports/csv/live_pusch_stage_table.csv,populated_physical_value_ranges,True,True,True,27,0,
domain_runtime,reports/csv/live_pusch_stage_table.csv,in_path_truth_proxy_separation,True,True,True,27,0,
domain_runtime,reports/csv/live_random_access_state.csv,schema_and_runtime_rows,True,True,True,26,0,
domain_runtime,reports/csv/live_random_access_state.csv,scenario_execution_identity,True,True,True,26,0,
domain_runtime,reports/csv/live_random_access_state.csv,populated_physical_value_ranges,True,True,True,26,0,
domain_runtime,reports/csv/live_random_access_state.csv,in_path_truth_proxy_separation,True,True,True,26,0,
domain_runtime,reports/csv/live_rank_estimation_stats.csv,schema_and_runtime_rows,True,True,True,15,0,
domain_runtime,reports/csv/live_rank_estimation_stats.csv,scenario_execution_identity,True,True,True,15,0,
domain_runtime,reports/csv/live_rank_estimation_stats.csv,populated_physical_value_ranges,True,True,True,15,0,
domain_runtime,reports/csv/live_rank_estimation_stats.csv,in_path_truth_proxy_separation,True,True,True,15,0,
domain_runtime,reports/csv/live_required_vs_optional_case_status.csv,schema_and_runtime_rows,True,True,True,62,0,
domain_runtime,reports/csv/live_required_vs_optional_case_status.csv,scenario_execution_identity,True,True,True,62,0,
domain_runtime,reports/csv/live_required_vs_optional_case_status.csv,populated_physical_value_ranges,True,True,True,62,0,
domain_runtime,reports/csv/live_required_vs_optional_case_status.csv,in_path_truth_proxy_separation,True,True,True,62,0,
domain_runtime,reports/csv/live_rf_power_table.csv,schema_and_runtime_rows,True,True,True,480,0,
domain_runtime,reports/csv/live_rf_power_table.csv,scenario_execution_identity,True,True,True,480,0,
domain_runtime,reports/csv/live_rf_power_table.csv,populated_physical_value_ranges,True,True,True,480,0,
domain_runtime,reports/csv/live_rf_power_table.csv,in_path_truth_proxy_separation,True,True,True,480,0,
domain_runtime,reports/csv/live_run_overview.csv,schema_and_runtime_rows,True,True,True,1,0,
domain_runtime,reports/csv/live_run_overview.csv,scenario_execution_identity,True,True,True,1,0,
domain_runtime,reports/csv/live_run_overview.csv,populated_physical_value_ranges,True,True,True,1,0,
domain_runtime,reports/csv/live_run_overview.csv,in_path_truth_proxy_separation,True,True,True,1,0,
domain_runtime,reports/csv/live_scenario_overview.csv,schema_and_runtime_rows,True,True,True,1,0,
domain_runtime,reports/csv/live_scenario_overview.csv,scenario_execution_identity,True,True,True,1,0,
domain_runtime,reports/csv/live_scenario_overview.csv,populated_physical_value_ranges,True,True,True,1,0,
domain_runtime,reports/csv/live_scenario_overview.csv,in_path_truth_proxy_separation,True,True,True,1,0,
domain_runtime,reports/csv/live_search_space_state.csv,schema_and_runtime_rows,True,True,True,16,0,
domain_runtime,reports/csv/live_search_space_state.csv,scenario_execution_identity,True,True,True,16,0,
domain_runtime,reports/csv/live_search_space_state.csv,populated_physical_value_ranges,True,True,True,16,0,
domain_runtime,reports/csv/live_search_space_state.csv,in_path_truth_proxy_separation,True,True,True,16,0,
domain_runtime,reports/csv/live_sector_table.csv,schema_and_runtime_rows,True,True,True,1,0,
domain_runtime,reports/csv/live_sector_table.csv,scenario_execution_identity,True,True,True,1,0,
domain_runtime,reports/csv/live_sector_table.csv,populated_physical_value_ranges,True,True,True,1,0,
domain_runtime,reports/csv/live_sector_table.csv,in_path_truth_proxy_separation,True,True,True,1,0,
domain_runtime,reports/csv/live_site_table.csv,schema_and_runtime_rows,True,True,True,1,0,
domain_runtime,reports/csv/live_site_table.csv,scenario_execution_identity,True,True,True,1,0,
domain_runtime,reports/csv/live_site_table.csv,populated_physical_value_ranges,True,True,True,1,0,
domain_runtime,reports/csv/live_site_table.csv,in_path_truth_proxy_separation,True,True,True,1,0,
domain_runtime,reports/csv/live_sleep_state_table.csv,schema_and_runtime_rows,True,True,True,4,0,
domain_runtime,reports/csv/live_sleep_state_table.csv,scenario_execution_identity,True,True,True,4,0,
domain_runtime,reports/csv/live_sleep_state_table.csv,populated_physical_value_ranges,True,True,True,4,0,
domain_runtime,reports/csv/live_sleep_state_table.csv,in_path_truth_proxy_separation,True,True,True,4,0,
domain_runtime,reports/csv/live_sr_state.csv,schema_and_runtime_rows,True,True,True,27,0,
domain_runtime,reports/csv/live_sr_state.csv,scenario_execution_identity,True,True,True,27,0,
domain_runtime,reports/csv/live_sr_state.csv,populated_physical_value_ranges,True,True,True,27,0,
domain_runtime,reports/csv/live_sr_state.csv,in_path_truth_proxy_separation,True,True,True,27,0,
domain_runtime,reports/csv/live_symbol_throughput_table.csv,schema_and_runtime_rows,True,True,True,574,0,
domain_runtime,reports/csv/live_symbol_throughput_table.csv,scenario_execution_identity,True,True,True,574,0,
domain_runtime,reports/csv/live_symbol_throughput_table.csv,populated_physical_value_ranges,True,True,True,574,0,
domain_runtime,reports/csv/live_symbol_throughput_table.csv,in_path_truth_proxy_separation,True,True,True,574,0,
domain_runtime,reports/csv/live_sync_signal_state.csv,schema_and_runtime_rows,True,True,True,240,0,
domain_runtime,reports/csv/live_sync_signal_state.csv,scenario_execution_identity,True,True,True,240,0,
domain_runtime,reports/csv/live_sync_signal_state.csv,populated_physical_value_ranges,True,True,True,240,0,
domain_runtime,reports/csv/live_sync_signal_state.csv,in_path_truth_proxy_separation,True,True,True,240,0,
domain_runtime,reports/csv/live_thread_orchestration_table.csv,schema_and_runtime_rows,True,True,True,2,0,
domain_runtime,reports/csv/live_thread_orchestration_table.csv,scenario_execution_identity,True,True,True,2,0,
domain_runtime,reports/csv/live_thread_orchestration_table.csv,populated_physical_value_ranges,True,True,True,2,0,
domain_runtime,reports/csv/live_thread_orchestration_table.csv,in_path_truth_proxy_separation,True,True,True,2,0,
domain_runtime,reports/csv/live_tracking_table.csv,schema_and_runtime_rows,True,True,True,240,0,
domain_runtime,reports/csv/live_tracking_table.csv,scenario_execution_identity,True,True,True,240,0,
domain_runtime,reports/csv/live_tracking_table.csv,populated_physical_value_ranges,True,True,True,240,0,
domain_runtime,reports/csv/live_tracking_table.csv,in_path_truth_proxy_separation,True,True,True,240,0,
domain_runtime,reports/csv/live_trial_overview.csv,schema_and_runtime_rows,True,True,True,2,0,
domain_runtime,reports/csv/live_trial_overview.csv,scenario_execution_identity,True,True,True,2,0,
domain_runtime,reports/csv/live_trial_overview.csv,populated_physical_value_ranges,True,True,True,2,0,
domain_runtime,reports/csv/live_trial_overview.csv,in_path_truth_proxy_separation,True,True,True,2,0,
domain_runtime,reports/csv/live_trp_table.csv,schema_and_runtime_rows,True,True,True,1,0,
domain_runtime,reports/csv/live_trp_table.csv,scenario_execution_identity,True,True,True,1,0,
domain_runtime,reports/csv/live_trp_table.csv,populated_physical_value_ranges,True,True,True,1,0,
domain_runtime,reports/csv/live_trp_table.csv,in_path_truth_proxy_separation,True,True,True,1,0,
domain_runtime,reports/csv/live_truth_policy_status.csv,schema_and_runtime_rows,True,True,True,10,0,
domain_runtime,reports/csv/live_truth_policy_status.csv,scenario_execution_identity,True,True,True,10,0,
domain_runtime,reports/csv/live_truth_policy_status.csv,populated_physical_value_ranges,True,True,True,10,0,
domain_runtime,reports/csv/live_truth_policy_status.csv,in_path_truth_proxy_separation,True,True,True,10,0,
domain_runtime,reports/csv/live_ue_control_state.csv,schema_and_runtime_rows,True,True,True,27,0,
domain_runtime,reports/csv/live_ue_control_state.csv,scenario_execution_identity,True,True,True,27,0,
domain_runtime,reports/csv/live_ue_control_state.csv,populated_physical_value_ranges,True,True,True,27,0,
domain_runtime,reports/csv/live_ue_control_state.csv,in_path_truth_proxy_separation,True,True,True,27,0,
domain_runtime,reports/csv/live_ue_table.csv,schema_and_runtime_rows,True,True,True,1,0,
domain_runtime,reports/csv/live_ue_table.csv,scenario_execution_identity,True,True,True,1,0,
domain_runtime,reports/csv/live_ue_table.csv,populated_physical_value_ranges,True,True,True,1,0,
domain_runtime,reports/csv/live_ue_table.csv,in_path_truth_proxy_separation,True,True,True,1,0,
domain_runtime,reports/csv/live_ul_dmrs_table.csv,schema_and_runtime_rows,True,True,True,120,0,
domain_runtime,reports/csv/live_ul_dmrs_table.csv,scenario_execution_identity,True,True,True,120,0,
domain_runtime,reports/csv/live_ul_dmrs_table.csv,populated_physical_value_ranges,True,True,True,120,0,
domain_runtime,reports/csv/live_ul_dmrs_table.csv,in_path_truth_proxy_separation,True,True,True,120,0,
domain_runtime,reports/csv/live_user_grouping_table.csv,schema_and_runtime_rows,True,True,True,2,0,
domain_runtime,reports/csv/live_user_grouping_table.csv,scenario_execution_identity,True,True,True,2,0,
domain_runtime,reports/csv/live_user_grouping_table.csv,populated_physical_value_ranges,True,True,True,2,0,
domain_runtime,reports/csv/live_user_grouping_table.csv,in_path_truth_proxy_separation,True,True,True,2,0,
domain_runtime,reports/csv/live_user_performance_snapshot.csv,schema_and_runtime_rows,True,True,True,1,0,
domain_runtime,reports/csv/live_user_performance_snapshot.csv,scenario_execution_identity,True,True,True,1,0,
domain_runtime,reports/csv/live_user_performance_snapshot.csv,populated_physical_value_ranges,True,True,True,1,0,
domain_runtime,reports/csv/live_user_performance_snapshot.csv,in_path_truth_proxy_separation,True,True,True,1,0,
domain_runtime,reports/csv/llr_histograms.csv,schema_and_runtime_rows,True,True,True,66,0,
domain_runtime,reports/csv/llr_histograms.csv,scenario_execution_identity,True,True,True,66,0,
domain_runtime,reports/csv/llr_histograms.csv,populated_physical_value_ranges,True,True,True,66,0,
domain_runtime,reports/csv/llr_histograms.csv,in_path_truth_proxy_separation,True,True,True,66,0,
domain_runtime,reports/csv/lls_block_correctness_summary.csv,schema_and_runtime_rows,True,True,True,14,0,
domain_runtime,reports/csv/lls_block_correctness_summary.csv,scenario_execution_identity,True,True,True,14,0,
domain_runtime,reports/csv/lls_block_correctness_summary.csv,populated_physical_value_ranges,True,True,True,14,0,
domain_runtime,reports/csv/lls_block_correctness_summary.csv,in_path_truth_proxy_separation,True,True,True,14,0,
domain_runtime,reports/csv/lls_implementation_register.csv,schema_and_runtime_rows,True,True,True,124,0,
domain_runtime,reports/csv/lls_implementation_register.csv,scenario_execution_identity,True,True,True,124,0,
domain_runtime,reports/csv/lls_implementation_register.csv,populated_physical_value_ranges,True,True,True,124,0,
domain_runtime,reports/csv/lls_implementation_register.csv,in_path_truth_proxy_separation,True,True,True,124,0,
domain_runtime,reports/csv/lls_link_performance_summary.csv,schema_and_runtime_rows,True,True,True,2,0,
domain_runtime,reports/csv/lls_link_performance_summary.csv,scenario_execution_identity,True,True,True,2,0,
domain_runtime,reports/csv/lls_link_performance_summary.csv,populated_physical_value_ranges,True,True,True,2,0,
domain_runtime,reports/csv/lls_link_performance_summary.csv,in_path_truth_proxy_separation,True,True,True,2,0,
domain_runtime,reports/csv/lls_output_contract.csv,schema_and_runtime_rows,True,True,True,18,0,
domain_runtime,reports/csv/lls_output_contract.csv,scenario_execution_identity,True,True,True,18,0,
domain_runtime,reports/csv/lls_output_contract.csv,populated_physical_value_ranges,True,True,True,18,0,
domain_runtime,reports/csv/lls_output_contract.csv,in_path_truth_proxy_separation,True,True,True,18,0,
domain_runtime,reports/csv/lls_output_metric_rows.csv,schema_and_runtime_rows,True,True,True,554,0,
domain_runtime,reports/csv/lls_output_metric_rows.csv,scenario_execution_identity,True,True,True,554,0,
domain_runtime,reports/csv/lls_output_metric_rows.csv,populated_physical_value_ranges,True,True,True,554,0,
domain_runtime,reports/csv/lls_output_metric_rows.csv,in_path_truth_proxy_separation,True,True,True,554,0,
domain_runtime,reports/csv/lls_output_spec_coverage.csv,schema_and_runtime_rows,True,True,True,221,0,
domain_runtime,reports/csv/lls_output_spec_coverage.csv,scenario_execution_identity,True,True,True,221,0,
domain_runtime,reports/csv/lls_output_spec_coverage.csv,populated_physical_value_ranges,True,True,True,221,0,
domain_runtime,reports/csv/lls_output_spec_coverage.csv,in_path_truth_proxy_separation,True,True,True,221,0,
domain_runtime,reports/csv/lls_phy_outcome_summary.csv,schema_and_runtime_rows,True,True,True,14,0,
domain_runtime,reports/csv/lls_phy_outcome_summary.csv,scenario_execution_identity,True,True,True,14,0,
domain_runtime,reports/csv/lls_phy_outcome_summary.csv,populated_physical_value_ranges,True,True,True,14,0,
domain_runtime,reports/csv/lls_phy_outcome_summary.csv,in_path_truth_proxy_separation,True,True,True,14,0,
domain_runtime,reports/csv/lls_real_implementation_coverage_summary.csv,schema_and_runtime_rows,True,True,True,12,0,
domain_runtime,reports/csv/lls_real_implementation_coverage_summary.csv,scenario_execution_identity,True,True,True,12,0,
domain_runtime,reports/csv/lls_real_implementation_coverage_summary.csv,populated_physical_value_ranges,True,True,True,12,0,
domain_runtime,reports/csv/lls_real_implementation_coverage_summary.csv,in_path_truth_proxy_separation,True,True,True,12,0,
domain_runtime,reports/csv/lls_reference_comparison_summary.csv,schema_and_runtime_rows,True,True,True,5,0,
domain_runtime,reports/csv/lls_reference_comparison_summary.csv,scenario_execution_identity,True,True,True,5,0,
domain_runtime,reports/csv/lls_reference_comparison_summary.csv,populated_physical_value_ranges,True,True,True,5,0,
domain_runtime,reports/csv/lls_reference_comparison_summary.csv,in_path_truth_proxy_separation,True,True,True,5,0,
domain_runtime,reports/csv/long_run_stability_summary.csv,schema_and_runtime_rows,True,True,True,1,0,
domain_runtime,reports/csv/long_run_stability_summary.csv,scenario_execution_identity,True,True,True,1,0,
domain_runtime,reports/csv/long_run_stability_summary.csv,populated_physical_value_ranges,True,True,True,1,0,
domain_runtime,reports/csv/long_run_stability_summary.csv,in_path_truth_proxy_separation,True,True,True,1,0,
domain_runtime,reports/csv/mcs_table_reference.csv,schema_and_runtime_rows,True,True,True,56,0,
domain_runtime,reports/csv/mcs_table_reference.csv,scenario_execution_identity,True,True,True,56,0,
domain_runtime,reports/csv/mcs_table_reference.csv,populated_physical_value_ranges,True,True,True,56,0,
domain_runtime,reports/csv/mcs_table_reference.csv,in_path_truth_proxy_separation,True,True,True,56,0,
domain_runtime,reports/csv/measured_sinr_timeseries.csv,schema_and_runtime_rows,True,True,True,240,0,
domain_runtime,reports/csv/measured_sinr_timeseries.csv,scenario_execution_identity,True,True,True,240,0,
domain_runtime,reports/csv/measured_sinr_timeseries.csv,populated_physical_value_ranges,True,True,True,240,0,
domain_runtime,reports/csv/measured_sinr_timeseries.csv,in_path_truth_proxy_separation,True,True,True,240,0,
domain_runtime,reports/csv/measurement_output_integrity_audit.csv,schema_and_runtime_rows,True,True,True,9,0,
domain_runtime,reports/csv/measurement_output_integrity_audit.csv,scenario_execution_identity,True,True,True,9,0,
domain_runtime,reports/csv/measurement_output_integrity_audit.csv,populated_physical_value_ranges,True,True,True,9,0,
domain_runtime,reports/csv/measurement_output_integrity_audit.csv,in_path_truth_proxy_separation,True,True,True,9,0,
domain_runtime,reports/csv/measurement_sidecar_manifest.csv,schema_and_runtime_rows,True,True,True,9,0,
domain_runtime,reports/csv/measurement_sidecar_manifest.csv,scenario_execution_identity,True,True,True,9,0,
domain_runtime,reports/csv/measurement_sidecar_manifest.csv,populated_physical_value_ranges,True,True,True,9,0,
domain_runtime,reports/csv/measurement_sidecar_manifest.csv,in_path_truth_proxy_separation,True,True,True,9,0,
domain_runtime,reports/csv/measurements/beam_precoder_measurements.csv,schema_and_runtime_rows,True,True,True,240,0,
domain_runtime,reports/csv/measurements/beam_precoder_measurements.csv,scenario_execution_identity,True,True,True,240,0,
domain_runtime,reports/csv/measurements/beam_precoder_measurements.csv,populated_physical_value_ranges,True,True,True,240,0,
domain_runtime,reports/csv/measurements/beam_precoder_measurements.csv,in_path_truth_proxy_separation,True,True,True,240,0,
domain_runtime,reports/csv/measurements/browser_config_runtime_values.csv,schema_and_runtime_rows,True,True,True,2064,0,
domain_runtime,reports/csv/measurements/browser_config_runtime_values.csv,scenario_execution_identity,True,True,True,2064,0,
domain_runtime,reports/csv/measurements/browser_config_runtime_values.csv,populated_physical_value_ranges,True,True,True,2064,0,
domain_runtime,reports/csv/measurements/browser_config_runtime_values.csv,in_path_truth_proxy_separation,True,True,True,2064,0,
domain_runtime,reports/csv/measurements/dl_pdsch_measurements.csv,schema_and_runtime_rows,True,True,True,120,0,
domain_runtime,reports/csv/measurements/dl_pdsch_measurements.csv,scenario_execution_identity,True,True,True,120,0,
domain_runtime,reports/csv/measurements/dl_pdsch_measurements.csv,populated_physical_value_ranges,True,True,True,120,0,
domain_runtime,reports/csv/measurements/dl_pdsch_measurements.csv,in_path_truth_proxy_separation,True,True,True,120,0,
domain_runtime,reports/csv/measurements/noise_variance_measurements.csv,schema_and_runtime_rows,True,True,True,240,0,
domain_runtime,reports/csv/measurements/noise_variance_measurements.csv,scenario_execution_identity,True,True,True,240,0,
domain_runtime,reports/csv/measurements/noise_variance_measurements.csv,populated_physical_value_ranges,True,True,True,240,0,
domain_runtime,reports/csv/measurements/noise_variance_measurements.csv,in_path_truth_proxy_separation,True,True,True,240,0,
domain_runtime,reports/csv/measurements/parameter_binding_runtime_values.csv,schema_and_runtime_rows,True,True,True,2064,0,
domain_runtime,reports/csv/measurements/parameter_binding_runtime_values.csv,scenario_execution_identity,True,True,True,2064,0,
domain_runtime,reports/csv/measurements/parameter_binding_runtime_values.csv,populated_physical_value_ranges,True,True,True,2064,0,
domain_runtime,reports/csv/measurements/parameter_binding_runtime_values.csv,in_path_truth_proxy_separation,True,True,True,2064,0,
domain_runtime,reports/csv/measurements/pdsch_runtime_event_measurements.csv,schema_and_runtime_rows,True,True,True,120,0,
domain_runtime,reports/csv/measurements/pdsch_runtime_event_measurements.csv,scenario_execution_identity,True,True,True,120,0,
domain_runtime,reports/csv/measurements/pdsch_runtime_event_measurements.csv,populated_physical_value_ranges,True,True,True,120,0,
domain_runtime,reports/csv/measurements/pdsch_runtime_event_measurements.csv,in_path_truth_proxy_separation,True,True,True,120,0,
domain_runtime,reports/csv/measurements/pusch_runtime_event_measurements.csv,schema_and_runtime_rows,True,True,True,120,0,
domain_runtime,reports/csv/measurements/pusch_runtime_event_measurements.csv,scenario_execution_identity,True,True,True,120,0,
domain_runtime,reports/csv/measurements/pusch_runtime_event_measurements.csv,populated_physical_value_ranges,True,True,True,120,0,
domain_runtime,reports/csv/measurements/pusch_runtime_event_measurements.csv,in_path_truth_proxy_separation,True,True,True,120,0,
domain_runtime,reports/csv/measurements/timing_synchronization_measurements.csv,schema_and_runtime_rows,True,True,True,240,0,
domain_runtime,reports/csv/measurements/timing_synchronization_measurements.csv,scenario_execution_identity,True,True,True,240,0,
domain_runtime,reports/csv/measurements/timing_synchronization_measurements.csv,populated_physical_value_ranges,True,True,True,240,0,
domain_runtime,reports/csv/measurements/timing_synchronization_measurements.csv,in_path_truth_proxy_separation,True,True,True,240,0,
domain_runtime,reports/csv/measurements/ul_pusch_measurements.csv,schema_and_runtime_rows,True,True,True,120,0,
domain_runtime,reports/csv/measurements/ul_pusch_measurements.csv,scenario_execution_identity,True,True,True,120,0,
domain_runtime,reports/csv/measurements/ul_pusch_measurements.csv,populated_physical_value_ranges,True,True,True,120,0,
domain_runtime,reports/csv/measurements/ul_pusch_measurements.csv,in_path_truth_proxy_separation,True,True,True,120,0,
domain_runtime,reports/csv/metric_definition_catalog.csv,schema_and_runtime_rows,True,True,True,13,0,
domain_runtime,reports/csv/metric_definition_catalog.csv,scenario_execution_identity,True,True,True,13,0,
domain_runtime,reports/csv/metric_definition_catalog.csv,populated_physical_value_ranges,True,True,True,13,0,
domain_runtime,reports/csv/metric_definition_catalog.csv,in_path_truth_proxy_separation,True,True,True,13,0,
domain_runtime,reports/csv/metric_unit_role_catalog.csv,schema_and_runtime_rows,True,True,True,13,0,
domain_runtime,reports/csv/metric_unit_role_catalog.csv,scenario_execution_identity,True,True,True,13,0,
domain_runtime,reports/csv/metric_unit_role_catalog.csv,populated_physical_value_ranges,True,True,True,13,0,
domain_runtime,reports/csv/metric_unit_role_catalog.csv,in_path_truth_proxy_separation,True,True,True,13,0,
domain_runtime,reports/csv/mimo_kpi_reconciliation.csv,schema_and_runtime_rows,True,True,True,1,0,
domain_runtime,reports/csv/mimo_kpi_reconciliation.csv,scenario_execution_identity,True,True,True,1,0,
domain_runtime,reports/csv/mimo_kpi_reconciliation.csv,populated_physical_value_ranges,True,True,True,1,0,
domain_runtime,reports/csv/mimo_kpi_reconciliation.csv,in_path_truth_proxy_separation,True,True,True,1,0,
domain_runtime,reports/csv/mimo_rank_utilization_table.csv,schema_and_runtime_rows,True,True,True,2,0,
domain_runtime,reports/csv/mimo_rank_utilization_table.csv,scenario_execution_identity,True,True,True,2,0,
domain_runtime,reports/csv/mimo_rank_utilization_table.csv,populated_physical_value_ranges,True,True,True,2,0,
domain_runtime,reports/csv/mimo_rank_utilization_table.csv,in_path_truth_proxy_separation,True,True,True,2,0,
domain_runtime,reports/csv/mobility_adequacy_report.csv,schema_and_runtime_rows,True,True,True,1,0,
domain_runtime,reports/csv/mobility_adequacy_report.csv,scenario_execution_identity,True,True,True,1,0,
domain_runtime,reports/csv/mobility_adequacy_report.csv,populated_physical_value_ranges,True,True,True,1,0,
domain_runtime,reports/csv/mobility_adequacy_report.csv,in_path_truth_proxy_separation,True,True,True,1,0,
domain_runtime,reports/csv/mobility_kpi_reconciliation.csv,schema_and_runtime_rows,True,True,True,1,0,
domain_runtime,reports/csv/mobility_kpi_reconciliation.csv,scenario_execution_identity,True,True,True,1,0,
domain_runtime,reports/csv/mobility_kpi_reconciliation.csv,populated_physical_value_ranges,True,True,True,1,0,
domain_runtime,reports/csv/mobility_kpi_reconciliation.csv,in_path_truth_proxy_separation,True,True,True,1,0,
domain_runtime,reports/csv/modulation_shaping_outputs.csv,schema_and_runtime_rows,True,True,True,57,0,
domain_runtime,reports/csv/modulation_shaping_outputs.csv,scenario_execution_identity,True,True,True,57,0,
domain_runtime,reports/csv/modulation_shaping_outputs.csv,populated_physical_value_ranges,True,True,True,57,0,
domain_runtime,reports/csv/modulation_shaping_outputs.csv,in_path_truth_proxy_separation,True,True,True,57,0,
domain_runtime,reports/csv/noise_reconciliation.csv,schema_and_runtime_rows,True,True,True,2,0,
domain_runtime,reports/csv/noise_reconciliation.csv,scenario_execution_identity,True,True,True,2,0,
domain_runtime,reports/csv/noise_reconciliation.csv,populated_physical_value_ranges,True,True,True,2,0,
domain_runtime,reports/csv/noise_reconciliation.csv,in_path_truth_proxy_separation,True,True,True,2,0,
domain_runtime,reports/csv/noise_variance_evidence_table.csv,schema_and_runtime_rows,True,True,True,240,0,
domain_runtime,reports/csv/noise_variance_evidence_table.csv,scenario_execution_identity,True,True,True,240,0,
domain_runtime,reports/csv/noise_variance_evidence_table.csv,populated_physical_value_ranges,True,True,True,240,0,
domain_runtime,reports/csv/noise_variance_evidence_table.csv,in_path_truth_proxy_separation,True,True,True,240,0,
domain_runtime,reports/csv/oracle_proxy_fallback_detector.csv,schema_and_runtime_rows,True,True,True,14,0,
domain_runtime,reports/csv/oracle_proxy_fallback_detector.csv,scenario_execution_identity,True,True,True,14,0,
domain_runtime,reports/csv/oracle_proxy_fallback_detector.csv,populated_physical_value_ranges,True,True,True,14,0,
domain_runtime,reports/csv/oracle_proxy_fallback_detector.csv,in_path_truth_proxy_separation,True,True,True,14,0,
domain_runtime,reports/csv/output_completeness_table.csv,schema_and_runtime_rows,True,True,True,124,0,
domain_runtime,reports/csv/output_completeness_table.csv,scenario_execution_identity,True,True,True,124,0,
domain_runtime,reports/csv/output_completeness_table.csv,populated_physical_value_ranges,True,True,True,124,0,
domain_runtime,reports/csv/output_completeness_table.csv,in_path_truth_proxy_separation,True,True,True,124,0,
domain_runtime,reports/csv/output_coverage_registry.csv,schema_and_runtime_rows,True,True,True,124,0,
domain_runtime,reports/csv/output_coverage_registry.csv,scenario_execution_identity,True,True,True,124,0,
domain_runtime,reports/csv/output_coverage_registry.csv,populated_physical_value_ranges,True,True,True,124,0,
domain_runtime,reports/csv/output_coverage_registry.csv,in_path_truth_proxy_separation,True,True,True,124,0,
domain_runtime,reports/csv/pa_reconciliation.csv,schema_and_runtime_rows,True,True,True,1,0,
domain_runtime,reports/csv/pa_reconciliation.csv,scenario_execution_identity,True,True,True,1,0,
domain_runtime,reports/csv/pa_reconciliation.csv,populated_physical_value_ranges,True,True,True,1,0,
domain_runtime,reports/csv/pa_reconciliation.csv,in_path_truth_proxy_separation,True,True,True,1,0,
domain_runtime,reports/csv/papr_reconciliation.csv,schema_and_runtime_rows,True,True,True,2,0,
domain_runtime,reports/csv/papr_reconciliation.csv,scenario_execution_identity,True,True,True,2,0,
domain_runtime,reports/csv/papr_reconciliation.csv,populated_physical_value_ranges,True,True,True,2,0,
domain_runtime,reports/csv/papr_reconciliation.csv,in_path_truth_proxy_separation,True,True,True,2,0,
domain_runtime,reports/csv/parameter_binding_matrix.csv,schema_and_runtime_rows,True,True,True,4302,0,
domain_runtime,reports/csv/parameter_binding_matrix.csv,scenario_execution_identity,True,True,True,4302,0,
domain_runtime,reports/csv/parameter_binding_matrix.csv,populated_physical_value_ranges,True,True,True,4302,0,
domain_runtime,reports/csv/parameter_binding_matrix.csv,in_path_truth_proxy_separation,True,True,True,4302,0,
domain_runtime,reports/csv/path_power_normalization_reconciliation.csv,schema_and_runtime_rows,True,True,True,2,0,
domain_runtime,reports/csv/path_power_normalization_reconciliation.csv,scenario_execution_identity,True,True,True,2,0,
domain_runtime,reports/csv/path_power_normalization_reconciliation.csv,populated_physical_value_ranges,True,True,True,2,0,
domain_runtime,reports/csv/path_power_normalization_reconciliation.csv,in_path_truth_proxy_separation,True,True,True,2,0,
domain_runtime,reports/csv/pdcch_control_outputs.csv,schema_and_runtime_rows,True,True,True,16,0,
domain_runtime,reports/csv/pdcch_control_outputs.csv,scenario_execution_identity,True,True,True,16,0,
domain_runtime,reports/csv/pdcch_control_outputs.csv,populated_physical_value_ranges,True,True,True,16,0,
domain_runtime,reports/csv/pdcch_control_outputs.csv,in_path_truth_proxy_separation,True,True,True,16,0,
domain_runtime,reports/csv/pdcch_grant_binding_evidence.csv,schema_and_runtime_rows,False,False,False,0,0,
domain_runtime,reports/csv/pdsch_outputs.csv,schema_and_runtime_rows,True,True,True,22,0,
domain_runtime,reports/csv/pdsch_outputs.csv,scenario_execution_identity,True,True,True,22,0,
domain_runtime,reports/csv/pdsch_outputs.csv,populated_physical_value_ranges,True,True,True,22,0,
domain_runtime,reports/csv/pdsch_outputs.csv,in_path_truth_proxy_separation,True,True,True,22,0,
domain_runtime,reports/csv/pdsch_runtime_event_table.csv,schema_and_runtime_rows,True,True,True,120,0,
domain_runtime,reports/csv/pdsch_runtime_event_table.csv,scenario_execution_identity,True,True,True,120,0,
domain_runtime,reports/csv/pdsch_runtime_event_table.csv,populated_physical_value_ranges,True,True,True,120,0,
domain_runtime,reports/csv/pdsch_runtime_event_table.csv,in_path_truth_proxy_separation,True,True,True,120,0,
domain_runtime,reports/csv/per_measured_sinr_comparison_tables.csv,schema_and_runtime_rows,True,True,True,4,0,
domain_runtime,reports/csv/per_measured_sinr_comparison_tables.csv,scenario_execution_identity,True,True,True,4,0,
domain_runtime,reports/csv/per_measured_sinr_comparison_tables.csv,populated_physical_value_ranges,True,True,True,4,0,
domain_runtime,reports/csv/per_measured_sinr_comparison_tables.csv,in_path_truth_proxy_separation,True,True,True,4,0,
domain_runtime,reports/csv/per_scenario_summary_tables.csv,schema_and_runtime_rows,True,True,True,1,0,
domain_runtime,reports/csv/per_scenario_summary_tables.csv,scenario_execution_identity,True,True,True,1,0,
domain_runtime,reports/csv/per_scenario_summary_tables.csv,populated_physical_value_ranges,True,True,True,1,0,
domain_runtime,reports/csv/per_scenario_summary_tables.csv,in_path_truth_proxy_separation,True,True,True,1,0,
domain_runtime,reports/csv/performance_profile_summary.csv,schema_and_runtime_rows,True,True,True,1,0,
domain_runtime,reports/csv/performance_profile_summary.csv,scenario_execution_identity,True,True,True,1,0,
domain_runtime,reports/csv/performance_profile_summary.csv,populated_physical_value_ranges,True,True,True,1,0,
domain_runtime,reports/csv/performance_profile_summary.csv,in_path_truth_proxy_separation,True,True,True,1,0,
domain_runtime,reports/csv/persistence_audit_table.csv,schema_and_runtime_rows,True,True,True,124,0,
domain_runtime,reports/csv/persistence_audit_table.csv,scenario_execution_identity,True,True,True,124,0,
domain_runtime,reports/csv/persistence_audit_table.csv,populated_physical_value_ranges,True,True,True,124,0,
domain_runtime,reports/csv/persistence_audit_table.csv,in_path_truth_proxy_separation,True,True,True,124,0,
domain_runtime,reports/csv/phase7_truth_gates.csv,schema_and_runtime_rows,True,True,True,1,0,
domain_runtime,reports/csv/phase7_truth_gates.csv,scenario_execution_identity,True,True,True,1,0,
domain_runtime,reports/csv/phase7_truth_gates.csv,populated_physical_value_ranges,True,True,True,1,0,
domain_runtime,reports/csv/phase7_truth_gates.csv,in_path_truth_proxy_separation,True,True,True,1,0,
domain_runtime,reports/csv/phase_noise_reconciliation.csv,schema_and_runtime_rows,True,True,True,1,0,
domain_runtime,reports/csv/phase_noise_reconciliation.csv,scenario_execution_identity,True,True,True,1,0,
domain_runtime,reports/csv/phase_noise_reconciliation.csv,populated_physical_value_ranges,True,True,True,1,0,
domain_runtime,reports/csv/phase_noise_reconciliation.csv,in_path_truth_proxy_separation,True,True,True,1,0,
domain_runtime,reports/csv/phy_block_validation_matrix.csv,schema_and_runtime_rows,True,True,True,14,0,
domain_runtime,reports/csv/phy_block_validation_matrix.csv,scenario_execution_identity,True,True,True,14,0,
domain_runtime,reports/csv/phy_block_validation_matrix.csv,populated_physical_value_ranges,True,True,True,14,0,
domain_runtime,reports/csv/phy_block_validation_matrix.csv,in_path_truth_proxy_separation,True,True,True,14,0,
domain_runtime,reports/csv/phy_package_execution_audit.csv,schema_and_runtime_rows,True,True,True,348,0,
domain_runtime,reports/csv/phy_package_execution_audit.csv,scenario_execution_identity,True,True,True,348,0,
domain_runtime,reports/csv/phy_package_execution_audit.csv,populated_physical_value_ranges,True,True,True,348,0,
domain_runtime,reports/csv/phy_package_execution_audit.csv,in_path_truth_proxy_separation,True,True,True,348,0,
domain_runtime,reports/csv/phy_package_execution_evidence_gate.csv,schema_and_runtime_rows,True,True,True,5,0,
domain_runtime,reports/csv/phy_package_execution_evidence_gate.csv,scenario_execution_identity,True,True,True,5,0,
domain_runtime,reports/csv/phy_package_execution_evidence_gate.csv,populated_physical_value_ranges,True,True,True,5,0,
domain_runtime,reports/csv/phy_package_execution_evidence_gate.csv,in_path_truth_proxy_separation,True,True,True,5,0,
domain_runtime,reports/csv/phy_package_execution_summary.csv,schema_and_runtime_rows,True,True,True,39,0,
domain_runtime,reports/csv/phy_package_execution_summary.csv,scenario_execution_identity,True,True,True,39,0,
domain_runtime,reports/csv/phy_package_execution_summary.csv,populated_physical_value_ranges,True,True,True,39,0,
domain_runtime,reports/csv/phy_package_execution_summary.csv,in_path_truth_proxy_separation,True,True,True,39,0,
domain_runtime,reports/csv/phy_value_invariant_checks.csv,schema_and_runtime_rows,True,True,True,5,0,
domain_runtime,reports/csv/phy_value_invariant_checks.csv,scenario_execution_identity,True,True,True,5,0,
domain_runtime,reports/csv/phy_value_invariant_checks.csv,populated_physical_value_ranges,True,True,True,5,0,
domain_runtime,reports/csv/phy_value_invariant_checks.csv,in_path_truth_proxy_separation,True,True,True,5,0,
domain_runtime,reports/csv/plot_data_lineage_summary.csv,schema_and_runtime_rows,True,True,True,1,0,
domain_runtime,reports/csv/plot_data_lineage_summary.csv,scenario_execution_identity,True,True,True,1,0,
domain_runtime,reports/csv/plot_data_lineage_summary.csv,populated_physical_value_ranges,True,True,True,1,0,
domain_runtime,reports/csv/plot_data_lineage_summary.csv,in_path_truth_proxy_separation,True,True,True,1,0,
domain_runtime,reports/csv/plot_data_quality_table.csv,schema_and_runtime_rows,True,True,True,27,0,
domain_runtime,reports/csv/plot_data_quality_table.csv,scenario_execution_identity,True,True,True,27,0,
domain_runtime,reports/csv/plot_data_quality_table.csv,populated_physical_value_ranges,True,True,True,27,0,
domain_runtime,reports/csv/plot_data_quality_table.csv,in_path_truth_proxy_separation,True,True,True,27,0,
domain_runtime,reports/csv/plot_manifest.csv,schema_and_runtime_rows,True,True,True,27,0,
domain_runtime,reports/csv/plot_manifest.csv,scenario_execution_identity,True,True,True,27,0,
domain_runtime,reports/csv/plot_manifest.csv,populated_physical_value_ranges,True,True,True,27,0,
domain_runtime,reports/csv/plot_manifest.csv,in_path_truth_proxy_separation,True,True,True,27,0,
domain_runtime,reports/csv/plot_render_status.csv,schema_and_runtime_rows,True,True,True,27,0,
domain_runtime,reports/csv/plot_render_status.csv,scenario_execution_identity,True,True,True,27,0,
domain_runtime,reports/csv/plot_render_status.csv,populated_physical_value_ranges,True,True,True,27,0,
domain_runtime,reports/csv/plot_render_status.csv,in_path_truth_proxy_separation,True,True,True,27,0,
domain_runtime,reports/csv/plot_suppression_table.csv,schema_and_runtime_rows,True,True,True,27,0,
domain_runtime,reports/csv/plot_suppression_table.csv,scenario_execution_identity,True,True,True,27,0,
domain_runtime,reports/csv/plot_suppression_table.csv,populated_physical_value_ranges,True,True,True,27,0,
domain_runtime,reports/csv/plot_suppression_table.csv,in_path_truth_proxy_separation,True,True,True,27,0,
domain_runtime,reports/csv/polarization_reconciliation.csv,schema_and_runtime_rows,True,True,True,2,0,
domain_runtime,reports/csv/polarization_reconciliation.csv,scenario_execution_identity,True,True,True,2,0,
domain_runtime,reports/csv/polarization_reconciliation.csv,populated_physical_value_ranges,True,True,True,2,0,
domain_runtime,reports/csv/polarization_reconciliation.csv,in_path_truth_proxy_separation,True,True,True,2,0,
domain_runtime,reports/csv/prach_correlation_trace.csv,schema_and_runtime_rows,False,False,False,0,0,
domain_runtime,reports/csv/prach_correlation_traces.csv,schema_and_runtime_rows,False,False,False,0,0,
domain_runtime,reports/csv/production_qualification_gate.csv,schema_and_runtime_rows,True,True,True,8,0,
domain_runtime,reports/csv/production_qualification_gate.csv,scenario_execution_identity,True,True,True,8,0,
domain_runtime,reports/csv/production_qualification_gate.csv,populated_physical_value_ranges,True,True,True,8,0,
domain_runtime,reports/csv/production_qualification_gate.csv,in_path_truth_proxy_separation,True,True,True,8,0,
domain_runtime,reports/csv/provenance_sidecars/beam_precoder_provenance.csv,schema_and_runtime_rows,True,True,True,240,0,
domain_runtime,reports/csv/provenance_sidecars/beam_precoder_provenance.csv,scenario_execution_identity,True,True,True,240,0,
domain_runtime,reports/csv/provenance_sidecars/beam_precoder_provenance.csv,populated_physical_value_ranges,True,True,True,240,0,
domain_runtime,reports/csv/provenance_sidecars/beam_precoder_provenance.csv,in_path_truth_proxy_separation,True,True,True,240,0,
domain_runtime,reports/csv/provenance_sidecars/browser_config_surface_provenance.csv,schema_and_runtime_rows,True,True,True,4302,0,
domain_runtime,reports/csv/provenance_sidecars/browser_config_surface_provenance.csv,scenario_execution_identity,True,True,True,4302,0,
domain_runtime,reports/csv/provenance_sidecars/browser_config_surface_provenance.csv,populated_physical_value_ranges,True,True,True,4302,0,
domain_runtime,reports/csv/provenance_sidecars/browser_config_surface_provenance.csv,in_path_truth_proxy_separation,True,True,True,4302,0,
domain_runtime,reports/csv/provenance_sidecars/dl_pdsch_provenance.csv,schema_and_runtime_rows,True,True,True,120,0,
domain_runtime,reports/csv/provenance_sidecars/dl_pdsch_provenance.csv,scenario_execution_identity,True,True,True,120,0,
domain_runtime,reports/csv/provenance_sidecars/dl_pdsch_provenance.csv,populated_physical_value_ranges,True,True,True,120,0,
domain_runtime,reports/csv/provenance_sidecars/dl_pdsch_provenance.csv,in_path_truth_proxy_separation,True,True,True,120,0,
domain_runtime,reports/csv/provenance_sidecars/noise_variance_provenance.csv,schema_and_runtime_rows,True,True,True,240,0,
domain_runtime,reports/csv/provenance_sidecars/noise_variance_provenance.csv,scenario_execution_identity,True,True,True,240,0,
domain_runtime,reports/csv/provenance_sidecars/noise_variance_provenance.csv,populated_physical_value_ranges,True,True,True,240,0,
domain_runtime,reports/csv/provenance_sidecars/noise_variance_provenance.csv,in_path_truth_proxy_separation,True,True,True,240,0,
domain_runtime,reports/csv/provenance_sidecars/parameter_binding_provenance.csv,schema_and_runtime_rows,True,True,True,4302,0,
domain_runtime,reports/csv/provenance_sidecars/parameter_binding_provenance.csv,scenario_execution_identity,True,True,True,4302,0,
domain_runtime,reports/csv/provenance_sidecars/parameter_binding_provenance.csv,populated_physical_value_ranges,True,True,True,4302,0,
domain_runtime,reports/csv/provenance_sidecars/parameter_binding_provenance.csv,in_path_truth_proxy_separation,True,True,True,4302,0,
domain_runtime,reports/csv/provenance_sidecars/pdsch_runtime_event_provenance.csv,schema_and_runtime_rows,True,True,True,120,0,
domain_runtime,reports/csv/provenance_sidecars/pdsch_runtime_event_provenance.csv,scenario_execution_identity,True,True,True,120,0,
domain_runtime,reports/csv/provenance_sidecars/pdsch_runtime_event_provenance.csv,populated_physical_value_ranges,True,True,True,120,0,
domain_runtime,reports/csv/provenance_sidecars/pdsch_runtime_event_provenance.csv,in_path_truth_proxy_separation,True,True,True,120,0,
domain_runtime,reports/csv/provenance_sidecars/pusch_runtime_event_provenance.csv,schema_and_runtime_rows,True,True,True,120,0,
domain_runtime,reports/csv/provenance_sidecars/pusch_runtime_event_provenance.csv,scenario_execution_identity,True,True,True,120,0,
domain_runtime,reports/csv/provenance_sidecars/pusch_runtime_event_provenance.csv,populated_physical_value_ranges,True,True,True,120,0,
domain_runtime,reports/csv/provenance_sidecars/pusch_runtime_event_provenance.csv,in_path_truth_proxy_separation,True,True,True,120,0,
domain_runtime,reports/csv/provenance_sidecars/timing_synchronization_provenance.csv,schema_and_runtime_rows,True,True,True,240,0,
domain_runtime,reports/csv/provenance_sidecars/timing_synchronization_provenance.csv,scenario_execution_identity,True,True,True,240,0,
domain_runtime,reports/csv/provenance_sidecars/timing_synchronization_provenance.csv,populated_physical_value_ranges,True,True,True,240,0,
domain_runtime,reports/csv/provenance_sidecars/timing_synchronization_provenance.csv,in_path_truth_proxy_separation,True,True,True,240,0,
domain_runtime,reports/csv/provenance_sidecars/ul_pusch_provenance.csv,schema_and_runtime_rows,True,True,True,120,0,
domain_runtime,reports/csv/provenance_sidecars/ul_pusch_provenance.csv,scenario_execution_identity,True,True,True,120,0,
domain_runtime,reports/csv/provenance_sidecars/ul_pusch_provenance.csv,populated_physical_value_ranges,True,True,True,120,0,
domain_runtime,reports/csv/provenance_sidecars/ul_pusch_provenance.csv,in_path_truth_proxy_separation,True,True,True,120,0,
domain_runtime,reports/csv/public_output_claim_scan.csv,schema_and_runtime_rows,True,True,True,7,0,
domain_runtime,reports/csv/public_output_claim_scan.csv,scenario_execution_identity,True,True,True,7,0,
domain_runtime,reports/csv/public_output_claim_scan.csv,populated_physical_value_ranges,True,True,True,7,0,
domain_runtime,reports/csv/public_output_claim_scan.csv,in_path_truth_proxy_separation,True,True,True,7,0,
domain_runtime,reports/csv/publication_readiness_gate_summary.csv,schema_and_runtime_rows,True,True,True,1,0,
domain_runtime,reports/csv/publication_readiness_gate_summary.csv,scenario_execution_identity,True,True,True,1,0,
domain_runtime,reports/csv/publication_readiness_gate_summary.csv,populated_physical_value_ranges,True,True,True,1,0,
domain_runtime,reports/csv/publication_readiness_gate_summary.csv,in_path_truth_proxy_separation,True,True,True,1,0,
domain_runtime,reports/csv/pusch_pucch_outputs.csv,schema_and_runtime_rows,True,True,True,27,0,
domain_runtime,reports/csv/pusch_pucch_outputs.csv,scenario_execution_identity,True,True,True,27,0,
domain_runtime,reports/csv/pusch_pucch_outputs.csv,populated_physical_value_ranges,True,True,True,27,0,
domain_runtime,reports/csv/pusch_pucch_outputs.csv,in_path_truth_proxy_separation,True,True,True,27,0,
domain_runtime,reports/csv/pusch_runtime_event_table.csv,schema_and_runtime_rows,True,True,True,120,0,
domain_runtime,reports/csv/pusch_runtime_event_table.csv,scenario_execution_identity,True,True,True,120,0,
domain_runtime,reports/csv/pusch_runtime_event_table.csv,populated_physical_value_ranges,True,True,True,120,0,
domain_runtime,reports/csv/pusch_runtime_event_table.csv,in_path_truth_proxy_separation,True,True,True,120,0,
domain_runtime,reports/csv/raster_replacement_inventory.csv,schema_and_runtime_rows,True,True,True,114,0,
domain_runtime,reports/csv/raster_replacement_inventory.csv,scenario_execution_identity,True,True,True,114,0,
domain_runtime,reports/csv/raster_replacement_inventory.csv,populated_physical_value_ranges,True,True,True,114,0,
domain_runtime,reports/csv/raster_replacement_inventory.csv,in_path_truth_proxy_separation,True,True,True,114,0,
domain_runtime,reports/csv/raw_to_derived_lineage.csv,schema_and_runtime_rows,True,True,True,48,0,
domain_runtime,reports/csv/raw_to_derived_lineage.csv,scenario_execution_identity,True,True,True,48,0,
domain_runtime,reports/csv/raw_to_derived_lineage.csv,populated_physical_value_ranges,True,True,True,48,0,
domain_runtime,reports/csv/raw_to_derived_lineage.csv,in_path_truth_proxy_separation,True,True,True,48,0,
domain_runtime,reports/csv/real_phy_path_evidence.csv,schema_and_runtime_rows,True,True,True,98,0,
domain_runtime,reports/csv/real_phy_path_evidence.csv,scenario_execution_identity,True,True,True,98,0,
domain_runtime,reports/csv/real_phy_path_evidence.csv,populated_physical_value_ranges,True,True,True,98,0,
domain_runtime,reports/csv/real_phy_path_evidence.csv,in_path_truth_proxy_separation,True,True,True,98,0,
domain_runtime,reports/csv/reports_all_artifacts_v.csv,schema_and_runtime_rows,True,True,True,610,0,
domain_runtime,reports/csv/reports_all_artifacts_v.csv,scenario_execution_identity,True,True,True,610,0,
domain_runtime,reports/csv/reports_all_artifacts_v.csv,populated_physical_value_ranges,True,True,True,610,0,
domain_runtime,reports/csv/reports_all_artifacts_v.csv,in_path_truth_proxy_separation,True,True,True,610,0,
domain_runtime,reports/csv/reports_all_enums_v.csv,schema_and_runtime_rows,True,True,True,10,0,
domain_runtime,reports/csv/reports_all_enums_v.csv,scenario_execution_identity,True,True,True,10,0,
domain_runtime,reports/csv/reports_all_enums_v.csv,populated_physical_value_ranges,True,True,True,10,0,
domain_runtime,reports/csv/reports_all_enums_v.csv,in_path_truth_proxy_separation,True,True,True,10,0,
domain_runtime,reports/csv/reports_all_scalars_v.csv,schema_and_runtime_rows,True,True,True,6,0,
domain_runtime,reports/csv/reports_all_scalars_v.csv,scenario_execution_identity,True,True,True,6,0,
domain_runtime,reports/csv/reports_all_scalars_v.csv,populated_physical_value_ranges,True,True,True,6,0,
domain_runtime,reports/csv/reports_all_scalars_v.csv,in_path_truth_proxy_separation,True,True,True,6,0,
domain_runtime,reports/csv/reports_config_vs_measured_conflicts_v.csv,schema_and_runtime_rows,True,True,True,2,0,
domain_runtime,reports/csv/reports_config_vs_measured_conflicts_v.csv,scenario_execution_identity,True,True,True,2,0,
domain_runtime,reports/csv/reports_config_vs_measured_conflicts_v.csv,populated_physical_value_ranges,True,True,True,2,0,
domain_runtime,reports/csv/reports_config_vs_measured_conflicts_v.csv,in_path_truth_proxy_separation,True,True,True,2,0,
domain_runtime,reports/csv/reports_partial_or_missing_v.csv,schema_and_runtime_rows,True,True,True,130,0,
domain_runtime,reports/csv/reports_partial_or_missing_v.csv,scenario_execution_identity,True,True,True,130,0,
domain_runtime,reports/csv/reports_partial_or_missing_v.csv,populated_physical_value_ranges,True,True,True,130,0,
domain_runtime,reports/csv/reports_partial_or_missing_v.csv,in_path_truth_proxy_separation,True,True,True,130,0,
domain_runtime,reports/csv/reports_stage_lineage_v.csv,schema_and_runtime_rows,True,True,True,2,0,
domain_runtime,reports/csv/reports_stage_lineage_v.csv,scenario_execution_identity,True,True,True,2,0,
domain_runtime,reports/csv/reports_stage_lineage_v.csv,populated_physical_value_ranges,True,True,True,2,0,
domain_runtime,reports/csv/reports_stage_lineage_v.csv,in_path_truth_proxy_separation,True,True,True,2,0,
domain_runtime,reports/csv/reports_status_rollup_explanations_v.csv,schema_and_runtime_rows,True,True,True,130,0,
domain_runtime,reports/csv/reports_status_rollup_explanations_v.csv,scenario_execution_identity,True,True,True,130,0,
domain_runtime,reports/csv/reports_status_rollup_explanations_v.csv,populated_physical_value_ranges,True,True,True,130,0,
domain_runtime,reports/csv/reports_status_rollup_explanations_v.csv,in_path_truth_proxy_separation,True,True,True,130,0,
domain_runtime,reports/csv/reports_truth_violations_v.csv,schema_and_runtime_rows,True,True,True,130,0,
domain_runtime,reports/csv/reports_truth_violations_v.csv,scenario_execution_identity,True,True,True,130,0,
domain_runtime,reports/csv/reports_truth_violations_v.csv,populated_physical_value_ranges,True,True,True,130,0,
domain_runtime,reports/csv/reports_truth_violations_v.csv,in_path_truth_proxy_separation,True,True,True,130,0,
domain_runtime,reports/csv/reports_value_semantics_coverage_v.csv,schema_and_runtime_rows,True,True,True,10,0,
domain_runtime,reports/csv/reports_value_semantics_coverage_v.csv,scenario_execution_identity,True,True,True,10,0,
domain_runtime,reports/csv/reports_value_semantics_coverage_v.csv,populated_physical_value_ranges,True,True,True,10,0,
domain_runtime,reports/csv/reports_value_semantics_coverage_v.csv,in_path_truth_proxy_separation,True,True,True,10,0,
domain_runtime,reports/csv/result_issue_registry.csv,schema_and_runtime_rows,True,True,True,0,0,
domain_runtime,reports/csv/result_issue_registry.csv,scenario_execution_identity,True,True,True,0,0,
domain_runtime,reports/csv/result_issue_registry.csv,populated_physical_value_ranges,True,True,True,0,0,
domain_runtime,reports/csv/result_issue_registry.csv,in_path_truth_proxy_separation,True,True,True,0,0,
domain_runtime,reports/csv/result_issue_registry_evaluation.csv,schema_and_runtime_rows,True,True,True,1,0,
domain_runtime,reports/csv/result_issue_registry_evaluation.csv,scenario_execution_identity,True,True,True,1,0,
domain_runtime,reports/csv/result_issue_registry_evaluation.csv,populated_physical_value_ranges,True,True,True,1,0,
domain_runtime,reports/csv/result_issue_registry_evaluation.csv,in_path_truth_proxy_separation,True,True,True,1,0,
domain_runtime,reports/csv/result_status_summary.csv,schema_and_runtime_rows,True,True,True,1,0,
domain_runtime,reports/csv/result_status_summary.csv,scenario_execution_identity,True,True,True,1,0,
domain_runtime,reports/csv/result_status_summary.csv,populated_physical_value_ranges,True,True,True,1,0,
domain_runtime,reports/csv/result_status_summary.csv,in_path_truth_proxy_separation,True,True,True,1,0,
domain_runtime,reports/csv/rf_chain_definition.csv,schema_and_runtime_rows,True,True,True,1,0,
domain_runtime,reports/csv/rf_chain_definition.csv,scenario_execution_identity,True,True,True,1,0,
domain_runtime,reports/csv/rf_chain_definition.csv,populated_physical_value_ranges,True,True,True,1,0,
domain_runtime,reports/csv/rf_chain_definition.csv,in_path_truth_proxy_separation,True,True,True,1,0,
domain_runtime,reports/csv/run_classification.csv,schema_and_runtime_rows,True,True,True,1,0,
domain_runtime,reports/csv/run_classification.csv,scenario_execution_identity,True,True,True,1,0,
domain_runtime,reports/csv/run_classification.csv,populated_physical_value_ranges,True,True,True,1,0,
domain_runtime,reports/csv/run_classification.csv,in_path_truth_proxy_separation,True,True,True,1,0,
domain_runtime,reports/csv/run_metadata_outputs.csv,schema_and_runtime_rows,True,True,True,53,0,
domain_runtime,reports/csv/run_metadata_outputs.csv,scenario_execution_identity,True,True,True,53,0,
domain_runtime,reports/csv/run_metadata_outputs.csv,populated_physical_value_ranges,True,True,True,53,0,
domain_runtime,reports/csv/run_metadata_outputs.csv,in_path_truth_proxy_separation,True,True,True,53,0,
domain_runtime,reports/csv/runtime_call_graph.csv,schema_and_runtime_rows,True,True,True,5,0,
domain_runtime,reports/csv/runtime_call_graph.csv,scenario_execution_identity,True,True,True,5,0,
domain_runtime,reports/csv/runtime_call_graph.csv,populated_physical_value_ranges,True,True,True,5,0,
domain_runtime,reports/csv/runtime_call_graph.csv,in_path_truth_proxy_separation,True,True,True,5,0,
domain_runtime,reports/csv/runtime_call_ledger.csv,schema_and_runtime_rows,True,True,True,1304,0,
domain_runtime,reports/csv/runtime_call_ledger.csv,scenario_execution_identity,True,True,True,1304,0,
domain_runtime,reports/csv/runtime_call_ledger.csv,populated_physical_value_ranges,True,True,True,1304,0,
domain_runtime,reports/csv/runtime_call_ledger.csv,in_path_truth_proxy_separation,True,True,True,1304,0,
domain_runtime,reports/csv/runtime_config_application_evidence.csv,schema_and_runtime_rows,True,True,True,70,0,
domain_runtime,reports/csv/runtime_config_application_evidence.csv,scenario_execution_identity,True,True,True,70,0,
domain_runtime,reports/csv/runtime_config_application_evidence.csv,populated_physical_value_ranges,True,True,True,70,0,
domain_runtime,reports/csv/runtime_config_application_evidence.csv,in_path_truth_proxy_separation,True,True,True,70,0,
domain_runtime,reports/csv/runtime_config_application_evidence.csv,runtime_config_application_identity,True,True,True,70,0,
domain_runtime,reports/csv/runtime_operating_mode.csv,schema_and_runtime_rows,True,True,True,2,0,
domain_runtime,reports/csv/runtime_operating_mode.csv,scenario_execution_identity,True,True,True,2,0,
domain_runtime,reports/csv/runtime_operating_mode.csv,populated_physical_value_ranges,True,True,True,2,0,
domain_runtime,reports/csv/runtime_operating_mode.csv,in_path_truth_proxy_separation,True,True,True,2,0,
domain_runtime,reports/csv/runtime_value_source_dictionary.csv,schema_and_runtime_rows,True,True,True,84,0,
domain_runtime,reports/csv/runtime_value_source_dictionary.csv,scenario_execution_identity,True,True,True,84,0,
domain_runtime,reports/csv/runtime_value_source_dictionary.csv,populated_physical_value_ranges,True,True,True,84,0,
domain_runtime,reports/csv/runtime_value_source_dictionary.csv,in_path_truth_proxy_separation,True,True,True,84,0,
domain_runtime,reports/csv/scenario_consistency_check_table.csv,schema_and_runtime_rows,True,True,True,11,0,
domain_runtime,reports/csv/scenario_consistency_check_table.csv,scenario_execution_identity,True,True,True,11,0,
domain_runtime,reports/csv/scenario_consistency_check_table.csv,populated_physical_value_ranges,True,True,True,11,0,
domain_runtime,reports/csv/scenario_consistency_check_table.csv,in_path_truth_proxy_separation,True,True,True,11,0,
domain_runtime,reports/csv/scenario_objective_gates.csv,schema_and_runtime_rows,True,True,True,8,0,
domain_runtime,reports/csv/scenario_objective_gates.csv,scenario_execution_identity,True,True,True,8,0,
domain_runtime,reports/csv/scenario_objective_gates.csv,populated_physical_value_ranges,True,True,True,8,0,
domain_runtime,reports/csv/scenario_objective_gates.csv,in_path_truth_proxy_separation,True,True,True,8,0,
domain_runtime,reports/csv/scenario_summary.csv,schema_and_runtime_rows,True,True,True,1,0,
domain_runtime,reports/csv/scenario_summary.csv,scenario_execution_identity,True,True,True,1,0,
domain_runtime,reports/csv/scenario_summary.csv,populated_physical_value_ranges,True,True,True,1,0,
domain_runtime,reports/csv/scenario_summary.csv,in_path_truth_proxy_separation,True,True,True,1,0,
domain_runtime,reports/csv/scheduler_kpi_reconciliation.csv,schema_and_runtime_rows,True,True,True,1,0,
domain_runtime,reports/csv/scheduler_kpi_reconciliation.csv,scenario_execution_identity,True,True,True,1,0,
domain_runtime,reports/csv/scheduler_kpi_reconciliation.csv,populated_physical_value_ranges,True,True,True,1,0,
domain_runtime,reports/csv/scheduler_kpi_reconciliation.csv,in_path_truth_proxy_separation,True,True,True,1,0,
domain_runtime,reports/csv/sector_utilization_summary_table.csv,schema_and_runtime_rows,True,True,True,1,0,
domain_runtime,reports/csv/sector_utilization_summary_table.csv,scenario_execution_identity,True,True,True,1,0,
domain_runtime,reports/csv/sector_utilization_summary_table.csv,populated_physical_value_ranges,True,True,True,1,0,
domain_runtime,reports/csv/sector_utilization_summary_table.csv,in_path_truth_proxy_separation,True,True,True,1,0,
domain_runtime,reports/csv/sectors.csv,schema_and_runtime_rows,True,True,True,1,0,
domain_runtime,reports/csv/sectors.csv,scenario_execution_identity,True,True,True,1,0,
domain_runtime,reports/csv/sectors.csv,populated_physical_value_ranges,True,True,True,1,0,
domain_runtime,reports/csv/sectors.csv,in_path_truth_proxy_separation,True,True,True,1,0,
domain_runtime,reports/csv/serial_parallel_determinism.csv,schema_and_runtime_rows,True,True,True,1,0,
domain_runtime,reports/csv/serial_parallel_determinism.csv,scenario_execution_identity,True,True,True,1,0,
domain_runtime,reports/csv/serial_parallel_determinism.csv,populated_physical_value_ranges,True,True,True,1,0,
domain_runtime,reports/csv/serial_parallel_determinism.csv,in_path_truth_proxy_separation,True,True,True,1,0,
domain_runtime,reports/csv/sites.csv,schema_and_runtime_rows,True,True,True,1,0,
domain_runtime,reports/csv/sites.csv,scenario_execution_identity,True,True,True,1,0,
domain_runtime,reports/csv/sites.csv,populated_physical_value_ranges,True,True,True,1,0,
domain_runtime,reports/csv/sites.csv,in_path_truth_proxy_separation,True,True,True,1,0,
domain_runtime,reports/csv/standards_claim_audit.csv,schema_and_runtime_rows,True,True,True,1,0,
domain_runtime,reports/csv/standards_claim_audit.csv,scenario_execution_identity,True,True,True,1,0,
domain_runtime,reports/csv/standards_claim_audit.csv,populated_physical_value_ranges,True,True,True,1,0,
domain_runtime,reports/csv/standards_claim_audit.csv,in_path_truth_proxy_separation,True,True,True,1,0,
domain_runtime,reports/csv/statistical_qualification_gate.csv,schema_and_runtime_rows,True,True,True,2,0,
domain_runtime,reports/csv/statistical_qualification_gate.csv,scenario_execution_identity,True,True,True,2,0,
domain_runtime,reports/csv/statistical_qualification_gate.csv,populated_physical_value_ranges,True,True,True,2,0,
domain_runtime,reports/csv/statistical_qualification_gate.csv,in_path_truth_proxy_separation,True,True,True,2,0,
domain_runtime,reports/csv/strict_anchor_acceptance_report.csv,schema_and_runtime_rows,True,True,True,17,0,
domain_runtime,reports/csv/strict_anchor_acceptance_report.csv,scenario_execution_identity,True,True,True,17,0,
domain_runtime,reports/csv/strict_anchor_acceptance_report.csv,populated_physical_value_ranges,True,True,True,17,0,
domain_runtime,reports/csv/strict_anchor_acceptance_report.csv,in_path_truth_proxy_separation,True,True,True,17,0,
domain_runtime,reports/csv/summary_vs_raw_consistency.csv,schema_and_runtime_rows,True,True,True,8,0,
domain_runtime,reports/csv/summary_vs_raw_consistency.csv,scenario_execution_identity,True,True,True,8,0,
domain_runtime,reports/csv/summary_vs_raw_consistency.csv,populated_physical_value_ranges,True,True,True,8,0,
domain_runtime,reports/csv/summary_vs_raw_consistency.csv,in_path_truth_proxy_separation,True,True,True,8,0,
domain_runtime,reports/csv/table_channel_summary.csv,schema_and_runtime_rows,True,True,True,1,0,
domain_runtime,reports/csv/table_channel_summary.csv,scenario_execution_identity,True,True,True,1,0,
domain_runtime,reports/csv/table_channel_summary.csv,populated_physical_value_ranges,True,True,True,1,0,
domain_runtime,reports/csv/table_channel_summary.csv,in_path_truth_proxy_separation,True,True,True,1,0,
domain_runtime,reports/csv/table_dl_transport_block.csv,schema_and_runtime_rows,True,True,True,120,0,
domain_runtime,reports/csv/table_dl_transport_block.csv,scenario_execution_identity,True,True,True,120,0,
domain_runtime,reports/csv/table_dl_transport_block.csv,populated_physical_value_ranges,True,True,True,120,0,
domain_runtime,reports/csv/table_dl_transport_block.csv,in_path_truth_proxy_separation,True,True,True,120,0,
domain_runtime,reports/csv/table_field_availability_matrix.csv,schema_and_runtime_rows,True,True,True,173,0,
domain_runtime,reports/csv/table_field_availability_matrix.csv,scenario_execution_identity,True,True,True,173,0,
domain_runtime,reports/csv/table_field_availability_matrix.csv,populated_physical_value_ranges,True,True,True,173,0,
domain_runtime,reports/csv/table_field_availability_matrix.csv,in_path_truth_proxy_separation,True,True,True,173,0,
domain_runtime,reports/csv/table_gnb_cell.csv,schema_and_runtime_rows,True,True,True,1,0,
domain_runtime,reports/csv/table_gnb_cell.csv,scenario_execution_identity,True,True,True,1,0,
domain_runtime,reports/csv/table_gnb_cell.csv,populated_physical_value_ranges,True,True,True,1,0,
domain_runtime,reports/csv/table_gnb_cell.csv,in_path_truth_proxy_separation,True,True,True,1,0,
domain_runtime,reports/csv/table_latency.csv,schema_and_runtime_rows,True,True,True,240,0,
domain_runtime,reports/csv/table_latency.csv,scenario_execution_identity,True,True,True,240,0,
domain_runtime,reports/csv/table_latency.csv,populated_physical_value_ranges,True,True,True,240,0,
domain_runtime,reports/csv/table_latency.csv,in_path_truth_proxy_separation,True,True,True,240,0,
domain_runtime,reports/csv/table_link_budget.csv,schema_and_runtime_rows,True,True,True,240,0,
domain_runtime,reports/csv/table_link_budget.csv,scenario_execution_identity,True,True,True,240,0,
domain_runtime,reports/csv/table_link_budget.csv,populated_physical_value_ranges,True,True,True,240,0,
domain_runtime,reports/csv/table_link_budget.csv,in_path_truth_proxy_separation,True,True,True,240,0,
domain_runtime,reports/csv/table_noise_interference.csv,schema_and_runtime_rows,True,True,True,240,0,
domain_runtime,reports/csv/table_noise_interference.csv,scenario_execution_identity,True,True,True,240,0,
domain_runtime,reports/csv/table_noise_interference.csv,populated_physical_value_ranges,True,True,True,240,0,
domain_runtime,reports/csv/table_noise_interference.csv,in_path_truth_proxy_separation,True,True,True,240,0,
domain_runtime,reports/csv/table_scenario_topology.csv,schema_and_runtime_rows,True,True,True,1,0,
domain_runtime,reports/csv/table_scenario_topology.csv,scenario_execution_identity,True,True,True,1,0,
domain_runtime,reports/csv/table_scenario_topology.csv,populated_physical_value_ranges,True,True,True,1,0,
domain_runtime,reports/csv/table_scenario_topology.csv,in_path_truth_proxy_separation,True,True,True,1,0,
domain_runtime,reports/csv/table_ul_transport_block.csv,schema_and_runtime_rows,True,True,True,120,0,
domain_runtime,reports/csv/table_ul_transport_block.csv,scenario_execution_identity,True,True,True,120,0,
domain_runtime,reports/csv/table_ul_transport_block.csv,populated_physical_value_ranges,True,True,True,120,0,
domain_runtime,reports/csv/table_ul_transport_block.csv,in_path_truth_proxy_separation,True,True,True,120,0,
domain_runtime,reports/csv/throughput_reconciliation.csv,schema_and_runtime_rows,True,True,True,1,0,
domain_runtime,reports/csv/throughput_reconciliation.csv,scenario_execution_identity,True,True,True,1,0,
domain_runtime,reports/csv/throughput_reconciliation.csv,populated_physical_value_ranges,True,True,True,1,0,
domain_runtime,reports/csv/throughput_reconciliation.csv,in_path_truth_proxy_separation,True,True,True,1,0,
domain_runtime,reports/csv/timing_offset_reconciliation.csv,schema_and_runtime_rows,True,True,True,2,0,
domain_runtime,reports/csv/timing_offset_reconciliation.csv,scenario_execution_identity,True,True,True,2,0,
domain_runtime,reports/csv/timing_offset_reconciliation.csv,populated_physical_value_ranges,True,True,True,2,0,
domain_runtime,reports/csv/timing_offset_reconciliation.csv,in_path_truth_proxy_separation,True,True,True,2,0,
domain_runtime,reports/csv/timing_positioning_runtime_evidence.csv,schema_and_runtime_rows,True,True,True,2,0,
domain_runtime,reports/csv/timing_positioning_runtime_evidence.csv,scenario_execution_identity,True,True,True,2,0,
domain_runtime,reports/csv/timing_positioning_runtime_evidence.csv,populated_physical_value_ranges,True,True,True,2,0,
domain_runtime,reports/csv/timing_positioning_runtime_evidence.csv,in_path_truth_proxy_separation,True,True,True,2,0,
domain_runtime,reports/csv/tod_toa_trace.csv,schema_and_runtime_rows,True,True,True,240,0,
domain_runtime,reports/csv/tod_toa_trace.csv,scenario_execution_identity,True,True,True,240,0,
domain_runtime,reports/csv/tod_toa_trace.csv,populated_physical_value_ranges,True,True,True,240,0,
domain_runtime,reports/csv/tod_toa_trace.csv,in_path_truth_proxy_separation,True,True,True,240,0,
domain_runtime,reports/csv/topology_density_table.csv,schema_and_runtime_rows,True,True,True,1,0,
domain_runtime,reports/csv/topology_density_table.csv,scenario_execution_identity,True,True,True,1,0,
domain_runtime,reports/csv/topology_density_table.csv,populated_physical_value_ranges,True,True,True,1,0,
domain_runtime,reports/csv/topology_density_table.csv,in_path_truth_proxy_separation,True,True,True,1,0,
domain_runtime,reports/csv/trajectory_geometry.csv,schema_and_runtime_rows,True,True,True,1,0,
domain_runtime,reports/csv/trajectory_geometry.csv,scenario_execution_identity,True,True,True,1,0,
domain_runtime,reports/csv/trajectory_geometry.csv,populated_physical_value_ranges,True,True,True,1,0,
domain_runtime,reports/csv/trajectory_geometry.csv,in_path_truth_proxy_separation,True,True,True,1,0,
domain_runtime,reports/csv/trps.csv,schema_and_runtime_rows,True,True,True,1,0,
domain_runtime,reports/csv/trps.csv,scenario_execution_identity,True,True,True,1,0,
domain_runtime,reports/csv/trps.csv,populated_physical_value_ranges,True,True,True,1,0,
domain_runtime,reports/csv/trps.csv,in_path_truth_proxy_separation,True,True,True,1,0,
domain_runtime,reports/csv/truth_contract_failures.csv,schema_and_runtime_rows,True,True,True,0,0,
domain_runtime,reports/csv/truth_contract_failures.csv,scenario_execution_identity,True,True,True,0,0,
domain_runtime,reports/csv/truth_contract_failures.csv,populated_physical_value_ranges,True,True,True,0,0,
domain_runtime,reports/csv/truth_contract_failures.csv,in_path_truth_proxy_separation,True,True,True,0,0,
domain_runtime,reports/csv/truth_contract_summary.csv,schema_and_runtime_rows,True,True,True,1,0,
domain_runtime,reports/csv/truth_contract_summary.csv,scenario_execution_identity,True,True,True,1,0,
domain_runtime,reports/csv/truth_contract_summary.csv,populated_physical_value_ranges,True,True,True,1,0,
domain_runtime,reports/csv/truth_contract_summary.csv,in_path_truth_proxy_separation,True,True,True,1,0,
domain_runtime,reports/csv/truth_primary_artifact_scan.csv,schema_and_runtime_rows,True,True,True,10,0,
domain_runtime,reports/csv/truth_primary_artifact_scan.csv,scenario_execution_identity,True,True,True,10,0,
domain_runtime,reports/csv/truth_primary_artifact_scan.csv,populated_physical_value_ranges,True,True,True,10,0,
domain_runtime,reports/csv/truth_primary_artifact_scan.csv,in_path_truth_proxy_separation,True,True,True,10,0,
domain_runtime,reports/csv/two_mode_acceptance_gates.csv,schema_and_runtime_rows,True,True,True,12,0,
domain_runtime,reports/csv/two_mode_acceptance_gates.csv,scenario_execution_identity,True,True,True,12,0,
domain_runtime,reports/csv/two_mode_acceptance_gates.csv,populated_physical_value_ranges,True,True,True,12,0,
domain_runtime,reports/csv/two_mode_acceptance_gates.csv,in_path_truth_proxy_separation,True,True,True,12,0,
domain_runtime,reports/csv/ues.csv,schema_and_runtime_rows,True,True,True,1,0,
domain_runtime,reports/csv/ues.csv,scenario_execution_identity,True,True,True,1,0,
domain_runtime,reports/csv/ues.csv,populated_physical_value_ranges,True,True,True,1,0,
domain_runtime,reports/csv/ues.csv,in_path_truth_proxy_separation,True,True,True,1,0,
domain_runtime,reports/csv/ui_feature_filter_audit.csv,schema_and_runtime_rows,True,True,True,215100,0,
domain_runtime,reports/csv/ui_feature_filter_audit.csv,scenario_execution_identity,True,True,True,215100,0,
domain_runtime,reports/csv/ui_feature_filter_audit.csv,populated_physical_value_ranges,True,True,True,215100,0,
domain_runtime,reports/csv/ui_feature_filter_audit.csv,in_path_truth_proxy_separation,True,True,True,215100,0,
domain_runtime,reports/csv/ul_fixed_link_ber_curve.csv,schema_and_runtime_rows,True,True,True,3,0,
domain_runtime,reports/csv/ul_fixed_link_ber_curve.csv,scenario_execution_identity,True,True,True,3,0,
domain_runtime,reports/csv/ul_fixed_link_ber_curve.csv,populated_physical_value_ranges,True,True,True,3,0,
domain_runtime,reports/csv/ul_fixed_link_ber_curve.csv,in_path_truth_proxy_separation,True,True,True,3,0,
domain_runtime,reports/csv/ul_fixed_link_bler_curve.csv,schema_and_runtime_rows,True,True,True,3,0,
domain_runtime,reports/csv/ul_fixed_link_bler_curve.csv,scenario_execution_identity,True,True,True,3,0,
domain_runtime,reports/csv/ul_fixed_link_bler_curve.csv,populated_physical_value_ranges,True,True,True,3,0,
domain_runtime,reports/csv/ul_fixed_link_bler_curve.csv,in_path_truth_proxy_separation,True,True,True,3,0,
domain_runtime,reports/csv/ul_fixed_link_campaign_trials.csv,schema_and_runtime_rows,True,True,True,120,0,
domain_runtime,reports/csv/ul_fixed_link_campaign_trials.csv,scenario_execution_identity,True,True,True,120,0,
domain_runtime,reports/csv/ul_fixed_link_campaign_trials.csv,populated_physical_value_ranges,True,True,True,120,0,
domain_runtime,reports/csv/ul_fixed_link_campaign_trials.csv,in_path_truth_proxy_separation,True,True,True,120,0,
domain_runtime,reports/csv/ul_fixed_snr_ber_curve.csv,schema_and_runtime_rows,True,True,True,3,0,
domain_runtime,reports/csv/ul_fixed_snr_ber_curve.csv,scenario_execution_identity,True,True,True,3,0,
domain_runtime,reports/csv/ul_fixed_snr_ber_curve.csv,populated_physical_value_ranges,True,True,True,3,0,
domain_runtime,reports/csv/ul_fixed_snr_ber_curve.csv,in_path_truth_proxy_separation,True,True,True,3,0,
domain_runtime,reports/csv/ul_fixed_snr_bler_curve.csv,schema_and_runtime_rows,True,True,True,3,0,
domain_runtime,reports/csv/ul_fixed_snr_bler_curve.csv,scenario_execution_identity,True,True,True,3,0,
domain_runtime,reports/csv/ul_fixed_snr_bler_curve.csv,populated_physical_value_ranges,True,True,True,3,0,
domain_runtime,reports/csv/ul_fixed_snr_bler_curve.csv,in_path_truth_proxy_separation,True,True,True,3,0,
domain_runtime,reports/csv/unavailable_plot_card_registry.csv,schema_and_runtime_rows,True,True,True,0,0,
domain_runtime,reports/csv/unavailable_plot_card_registry.csv,scenario_execution_identity,True,True,True,0,0,
domain_runtime,reports/csv/unavailable_plot_card_registry.csv,populated_physical_value_ranges,True,True,True,0,0,
domain_runtime,reports/csv/unavailable_plot_card_registry.csv,in_path_truth_proxy_separation,True,True,True,0,0,
domain_runtime,reports/csv/validation_messages.csv,schema_and_runtime_rows,True,True,True,1,0,
domain_runtime,reports/csv/validation_messages.csv,scenario_execution_identity,True,True,True,1,0,
domain_runtime,reports/csv/validation_messages.csv,populated_physical_value_ranges,True,True,True,1,0,
domain_runtime,reports/csv/validation_messages.csv,in_path_truth_proxy_separation,True,True,True,1,0,
domain_runtime,reports/csv/value_source_audit.csv,schema_and_runtime_rows,True,True,True,76,0,
domain_runtime,reports/csv/value_source_audit.csv,scenario_execution_identity,True,True,True,76,0,
domain_runtime,reports/csv/value_source_audit.csv,populated_physical_value_ranges,True,True,True,76,0,
domain_runtime,reports/csv/value_source_audit.csv,in_path_truth_proxy_separation,True,True,True,76,0,
domain_runtime,reports/csv/visual_artifact_audit.csv,schema_and_runtime_rows,True,True,True,241,0,
domain_runtime,reports/csv/visual_artifact_audit.csv,scenario_execution_identity,True,True,True,241,0,
domain_runtime,reports/csv/visual_artifact_audit.csv,populated_physical_value_ranges,True,True,True,241,0,
domain_runtime,reports/csv/visual_artifact_audit.csv,in_path_truth_proxy_separation,True,True,True,241,0,
domain_runtime,reports/csv/visual_artifact_integrity.csv,schema_and_runtime_rows,True,True,True,138,0,
domain_runtime,reports/csv/visual_artifact_integrity.csv,scenario_execution_identity,True,True,True,138,0,
domain_runtime,reports/csv/visual_artifact_integrity.csv,populated_physical_value_ranges,True,True,True,138,0,
domain_runtime,reports/csv/visual_artifact_integrity.csv,in_path_truth_proxy_separation,True,True,True,138,0,
domain_runtime,reports/final/final_campaign_summary.csv,schema_and_runtime_rows,True,True,True,1,0,
domain_runtime,reports/final/final_campaign_summary.csv,scenario_execution_identity,True,True,True,1,0,
domain_runtime,reports/final/final_campaign_summary.csv,populated_physical_value_ranges,True,True,True,1,0,
domain_runtime,reports/final/final_campaign_summary.csv,in_path_truth_proxy_separation,True,True,True,1,0,
domain_runtime,reports/final/final_defect_register.csv,schema_and_runtime_rows,True,True,True,12,0,
domain_runtime,reports/final/final_defect_register.csv,scenario_execution_identity,True,True,True,12,0,
domain_runtime,reports/final/final_defect_register.csv,populated_physical_value_ranges,True,True,True,12,0,
domain_runtime,reports/final/final_defect_register.csv,in_path_truth_proxy_separation,True,True,True,12,0,
domain_runtime,reports/final/final_kpi_tables.csv,schema_and_runtime_rows,True,True,True,1,0,
domain_runtime,reports/final/final_kpi_tables.csv,scenario_execution_identity,True,True,True,1,0,
domain_runtime,reports/final/final_kpi_tables.csv,populated_physical_value_ranges,True,True,True,1,0,
domain_runtime,reports/final/final_kpi_tables.csv,in_path_truth_proxy_separation,True,True,True,1,0,
domain_runtime,reports/final/final_scientific_claims_matrix.csv,schema_and_runtime_rows,True,True,True,7,0,
domain_runtime,reports/final/final_scientific_claims_matrix.csv,scenario_execution_identity,True,True,True,7,0,
domain_runtime,reports/final/final_scientific_claims_matrix.csv,populated_physical_value_ranges,True,True,True,7,0,
domain_runtime,reports/final/final_scientific_claims_matrix.csv,in_path_truth_proxy_separation,True,True,True,7,0,
domain_runtime,rf/csv/energy_model_terms.csv,schema_and_runtime_rows,True,True,True,12,0,
domain_runtime,rf/csv/energy_model_terms.csv,scenario_execution_identity,True,True,True,12,0,
domain_runtime,rf/csv/energy_model_terms.csv,populated_physical_value_ranges,True,True,True,12,0,
domain_runtime,rf/csv/energy_model_terms.csv,in_path_truth_proxy_separation,True,True,True,12,0,
domain_runtime,rf/csv/energy_timeline_trace.csv,schema_and_runtime_rows,True,True,True,480,0,
domain_runtime,rf/csv/energy_timeline_trace.csv,scenario_execution_identity,True,True,True,480,0,
domain_runtime,rf/csv/energy_timeline_trace.csv,populated_physical_value_ranges,True,True,True,480,0,
domain_runtime,rf/csv/energy_timeline_trace.csv,in_path_truth_proxy_separation,True,True,True,480,0,
domain_runtime,rf/csv/power_energy_table.csv,schema_and_runtime_rows,True,True,True,480,0,
domain_runtime,rf/csv/power_energy_table.csv,scenario_execution_identity,True,True,True,480,0,
domain_runtime,rf/csv/power_energy_table.csv,populated_physical_value_ranges,True,True,True,480,0,
domain_runtime,rf/csv/power_energy_table.csv,in_path_truth_proxy_separation,True,True,True,480,0,
domain_runtime,rf/csv/probe_rf_energy.csv,schema_and_runtime_rows,True,True,True,20,0,
domain_runtime,rf/csv/probe_rf_energy.csv,scenario_execution_identity,True,True,True,20,0,
domain_runtime,rf/csv/probe_rf_energy.csv,populated_physical_value_ranges,True,True,True,20,0,
domain_runtime,rf/csv/probe_rf_energy.csv,in_path_truth_proxy_separation,True,True,True,20,0,
domain_runtime,runtime/csv/artifact_transactions.csv,schema_and_runtime_rows,True,True,True,3216,0,
domain_runtime,runtime/csv/artifact_transactions.csv,scenario_execution_identity,True,True,True,3216,0,
domain_runtime,runtime/csv/artifact_transactions.csv,populated_physical_value_ranges,True,True,True,3216,0,
domain_runtime,runtime/csv/artifact_transactions.csv,in_path_truth_proxy_separation,True,True,True,3216,0,
domain_runtime,runtime/csv/progress_heartbeat.csv,schema_and_runtime_rows,True,True,True,344,0,
domain_runtime,runtime/csv/progress_heartbeat.csv,scenario_execution_identity,True,True,True,344,0,
domain_runtime,runtime/csv/progress_heartbeat.csv,populated_physical_value_ranges,True,True,True,344,0,
domain_runtime,runtime/csv/progress_heartbeat.csv,in_path_truth_proxy_separation,True,True,True,344,0,
domain_runtime,runtime/csv/stage_timing_events.csv,schema_and_runtime_rows,True,True,True,16,0,
domain_runtime,runtime/csv/stage_timing_events.csv,scenario_execution_identity,True,True,True,16,0,
domain_runtime,runtime/csv/stage_timing_events.csv,populated_physical_value_ranges,True,True,True,16,0,
domain_runtime,runtime/csv/stage_timing_events.csv,in_path_truth_proxy_separation,True,True,True,16,0,
domain_runtime,storage/csv/capture_budget_validation.csv,schema_and_runtime_rows,True,True,True,1,0,
domain_runtime,storage/csv/capture_budget_validation.csv,scenario_execution_identity,True,True,True,1,0,
domain_runtime,storage/csv/capture_budget_validation.csv,populated_physical_value_ranges,True,True,True,1,0,
domain_runtime,storage/csv/capture_budget_validation.csv,in_path_truth_proxy_separation,True,True,True,1,0,
domain_runtime,storage/csv/capture_policy.csv,schema_and_runtime_rows,True,True,True,1,0,
domain_runtime,storage/csv/capture_policy.csv,scenario_execution_identity,True,True,True,1,0,
domain_runtime,storage/csv/capture_policy.csv,populated_physical_value_ranges,True,True,True,1,0,
domain_runtime,storage/csv/capture_policy.csv,in_path_truth_proxy_separation,True,True,True,1,0,
domain_runtime,storage/csv/capture_volume_estimate.csv,schema_and_runtime_rows,True,True,True,1,0,
domain_runtime,storage/csv/capture_volume_estimate.csv,scenario_execution_identity,True,True,True,1,0,
domain_runtime,storage/csv/capture_volume_estimate.csv,populated_physical_value_ranges,True,True,True,1,0,
domain_runtime,storage/csv/capture_volume_estimate.csv,in_path_truth_proxy_separation,True,True,True,1,0,
domain_runtime,storage/csv/raw_capture_schedule.csv,schema_and_runtime_rows,True,True,True,3,0,
domain_runtime,storage/csv/raw_capture_schedule.csv,scenario_execution_identity,True,True,True,3,0,
domain_runtime,storage/csv/raw_capture_schedule.csv,populated_physical_value_ranges,True,True,True,3,0,
domain_runtime,storage/csv/raw_capture_schedule.csv,in_path_truth_proxy_separation,True,True,True,3,0,
cross_table_reconciliation,reports/csv/scenario_summary.csv,dl_summary_trial_count,True,True,True,120,0,
cross_table_reconciliation,reports/csv/scenario_summary.csv,ul_summary_trial_count,True,True,True,120,0,
cross_table_reconciliation,reports/csv/scenario_summary.csv,summary_config_hash_matches_trials,True,True,True,1,0,
status_reduction,reports/csv/scenario_summary.csv,terminal_visual_status_matches_persisted_audits,True,True,True,1,0,
status_reduction,reports/csv/result_status_summary.csv,truth_failure_and_root_status_reduction_consistent,True,True,True,1,0,
status_reduction,reports/csv/phase7_truth_gates.csv,phase7_exact_reduction,True,True,True,1,0,
cross_table_reconciliation,reports/csv/access_kpi_reconciliation.csv,outcome_matches_phase7_and_rows_are_coherent,True,True,True,1,0,
cross_table_reconciliation,reports/csv/antenna_array_reconciliation.csv,outcome_matches_phase7_and_rows_are_coherent,True,True,True,2,0,
cross_table_reconciliation,reports/csv/artifact_completeness_summary.csv,outcome_matches_phase7_and_rows_are_coherent,True,True,True,1,0,
cross_table_reconciliation,reports/csv/blerber_reconciliation.csv,outcome_matches_phase7_and_rows_are_coherent,True,True,True,1,0,
cross_table_reconciliation,reports/csv/cfo_reconciliation.csv,outcome_matches_phase7_and_rows_are_coherent,True,True,True,2,0,
cross_table_reconciliation,reports/csv/channel_realization_reconciliation.csv,outcome_matches_phase7_and_rows_are_coherent,True,True,True,2,0,
cross_table_reconciliation,reports/csv/channel_rf_reconciliation.csv,outcome_matches_phase7_and_rows_are_coherent,True,True,True,1,0,
cross_table_reconciliation,reports/csv/checkpoint_resume_equivalence.csv,outcome_matches_phase7_and_rows_are_coherent,True,True,True,1,0,
cross_table_reconciliation,reports/csv/energy_model_gate.csv,outcome_matches_phase7_and_rows_are_coherent,True,True,True,1,0,
cross_table_reconciliation,reports/csv/evm_reconciliation.csv,outcome_matches_phase7_and_rows_are_coherent,True,True,True,2,0,
cross_table_reconciliation,reports/csv/final_scientific_claims_truthfulness.csv,outcome_matches_phase7_and_rows_are_coherent,True,True,True,1,0,
cross_table_reconciliation,reports/csv/interference_accounting.csv,outcome_matches_phase7_and_rows_are_coherent,True,True,True,2,0,
cross_table_reconciliation,reports/csv/iq_imbalance_reconciliation.csv,outcome_matches_phase7_and_rows_are_coherent,True,True,True,2,0,
cross_table_reconciliation,reports/csv/latency_reconciliation.csv,outcome_matches_phase7_and_rows_are_coherent,True,True,True,1,0,
cross_table_reconciliation,reports/csv/long_run_stability_summary.csv,outcome_matches_phase7_and_rows_are_coherent,True,True,True,1,0,
cross_table_reconciliation,reports/csv/mimo_kpi_reconciliation.csv,outcome_matches_phase7_and_rows_are_coherent,True,True,True,1,0,
cross_table_reconciliation,reports/csv/mobility_kpi_reconciliation.csv,outcome_matches_phase7_and_rows_are_coherent,True,True,True,1,0,
cross_table_reconciliation,reports/csv/noise_reconciliation.csv,outcome_matches_phase7_and_rows_are_coherent,True,True,True,2,0,
cross_table_reconciliation,reports/csv/pa_reconciliation.csv,outcome_matches_phase7_and_rows_are_coherent,True,True,True,1,0,
cross_table_reconciliation,reports/csv/papr_reconciliation.csv,outcome_matches_phase7_and_rows_are_coherent,True,True,True,2,0,
cross_table_reconciliation,reports/csv/path_power_normalization_reconciliation.csv,outcome_matches_phase7_and_rows_are_coherent,True,True,True,2,0,
cross_table_reconciliation,reports/csv/performance_profile_summary.csv,outcome_matches_phase7_and_rows_are_coherent,True,True,True,1,0,
cross_table_reconciliation,reports/csv/phase_noise_reconciliation.csv,outcome_matches_phase7_and_rows_are_coherent,True,True,True,1,0,
cross_table_reconciliation,reports/csv/plot_data_lineage_summary.csv,outcome_matches_phase7_and_rows_are_coherent,True,True,True,1,0,
cross_table_reconciliation,reports/csv/polarization_reconciliation.csv,outcome_matches_phase7_and_rows_are_coherent,True,True,True,2,0,
cross_table_reconciliation,reports/csv/rf_chain_definition.csv,outcome_matches_phase7_and_rows_are_coherent,True,True,True,1,0,
cross_table_reconciliation,reports/csv/scheduler_kpi_reconciliation.csv,outcome_matches_phase7_and_rows_are_coherent,True,True,True,1,0,
cross_table_reconciliation,reports/csv/serial_parallel_determinism.csv,outcome_matches_phase7_and_rows_are_coherent,True,True,True,1,0,
cross_table_reconciliation,reports/csv/throughput_reconciliation.csv,outcome_matches_phase7_and_rows_are_coherent,True,True,True,1,0,
cross_table_reconciliation,reports/csv/timing_offset_reconciliation.csv,outcome_matches_phase7_and_rows_are_coherent,True,True,True,2,0,
status_reduction,reports/csv/publication_readiness_gate_summary.csv,publication_exact_reduction,True,True,True,1,0,
status_reduction,reports/csv/production_qualification_gate.csv,production_exact_reduction,True,True,True,8,0,
status_reduction,reports/csv/kpi_consistency_gate.csv,declared_gate_rows_are_coherent,True,True,True,6,0,
status_reduction,reports/csv/phy_package_execution_evidence_gate.csv,declared_gate_rows_are_coherent,True,True,True,5,0,
status_reduction,reports/csv/scenario_objective_gates.csv,declared_gate_rows_are_coherent,True,True,True,8,0,
status_reduction,reports/csv/strict_anchor_acceptance_report.csv,declared_gate_rows_are_coherent,True,True,True,17,0,
status_reduction,reports/csv/two_mode_acceptance_gates.csv,declared_gate_rows_are_coherent,True,True,True,12,0,
