relative_path,artifact_role,canonical_source,row_count,column_count,all_zero_finite_column_count,all_missing_column_count,mixed_finite_missing_column_count,semantic_check_count,required_semantic_failure_count,mirror_hash_verified,audit_disposition
air_interface/csv/distance_vs_sinr.csv,canonical_or_derived_artifact,air_interface/csv/distance_vs_sinr.csv,0,16,0,0,0,1,0,False,PASS_POLICY_DISABLED_NO_OBSERVATIONS
air_interface/csv/dl_fixed_link_campaign_trials.csv,primary_runtime_truth,air_interface/csv/dl_fixed_link_campaign_trials.csv,120,964,134,298,0,15,0,False,PASS_PRIMARY_RUNTIME_SEMANTICS
air_interface/csv/dl_measured_sinr_bler_curve.csv,canonical_or_derived_artifact,air_interface/csv/dl_measured_sinr_bler_curve.csv,12,16,0,0,2,3,0,False,PASS_DERIVED_LINK_SEMANTICS
air_interface/csv/dl_measured_sinr_throughput_curve.csv,canonical_or_derived_artifact,air_interface/csv/dl_measured_sinr_throughput_curve.csv,12,18,0,0,2,3,0,False,PASS_DERIVED_LINK_SEMANTICS
air_interface/csv/dl_multi_seed_bler_curve.csv,canonical_or_derived_artifact,air_interface/csv/dl_multi_seed_bler_curve.csv,3,15,0,0,0,4,0,False,PASS_DOMAIN_RUNTIME_SEMANTICS
air_interface/csv/dl_pdsch_receiver_evidence_audit.csv,canonical_or_derived_artifact,air_interface/csv/dl_pdsch_receiver_evidence_audit.csv,120,47,5,0,0,4,0,False,PASS_DOMAIN_RUNTIME_SEMANTICS
air_interface/csv/dl_pdsch_trials.csv,canonical_or_derived_artifact,air_interface/csv/dl_pdsch_trials.csv,120,958,134,298,0,4,0,False,PASS_DOMAIN_RUNTIME_SEMANTICS
air_interface/csv/fer_summary.csv,canonical_or_derived_artifact,air_interface/csv/fer_summary.csv,4,14,0,0,3,3,0,False,PASS_DERIVED_LINK_SEMANTICS
air_interface/csv/fixed_link_campaign_task_plan.csv,canonical_or_derived_artifact,air_interface/csv/fixed_link_campaign_task_plan.csv,6,19,0,0,0,4,0,False,PASS_DOMAIN_RUNTIME_SEMANTICS
air_interface/csv/harq_combining_gain.csv,canonical_or_derived_artifact,air_interface/csv/harq_combining_gain.csv,1,13,7,0,0,4,0,False,PASS_DOMAIN_RUNTIME_SEMANTICS
air_interface/csv/link_anchor_kpis.csv,canonical_or_derived_artifact,air_interface/csv/link_anchor_kpis.csv,3,18,3,1,6,4,0,False,PASS_DOMAIN_RUNTIME_SEMANTICS
air_interface/csv/link_kpis.csv,canonical_or_derived_artifact,air_interface/csv/link_kpis.csv,3,108,3,0,0,4,0,False,PASS_DOMAIN_RUNTIME_SEMANTICS
air_interface/csv/live_measured_sinr_summary.csv,canonical_or_derived_artifact,air_interface/csv/live_measured_sinr_summary.csv,4,22,0,0,2,3,0,False,PASS_DERIVED_LINK_SEMANTICS
air_interface/csv/lls_fixed_link_campaign.csv,canonical_or_derived_artifact,air_interface/csv/lls_fixed_link_campaign.csv,3,108,3,0,0,4,0,False,PASS_DOMAIN_RUNTIME_SEMANTICS
air_interface/csv/lls_kpi_summary.csv,canonical_or_derived_artifact,air_interface/csv/lls_kpi_summary.csv,4,24,0,1,1,3,0,False,PASS_DERIVED_LINK_SEMANTICS
air_interface/csv/lls_measured_sinr_summary.csv,canonical_or_derived_artifact,air_interface/csv/lls_measured_sinr_summary.csv,4,22,0,0,2,3,0,False,PASS_DERIVED_LINK_SEMANTICS
air_interface/csv/lls_snr_sweep.csv,canonical_or_derived_artifact,air_interface/csv/lls_snr_sweep.csv,3,108,3,0,0,3,0,False,PASS_DERIVED_LINK_SEMANTICS
air_interface/csv/measured_sinr_distribution.csv,canonical_or_derived_artifact,air_interface/csv/measured_sinr_distribution.csv,24,7,0,0,1,3,0,False,PASS_DERIVED_LINK_SEMANTICS
air_interface/csv/metric_unit_catalog.csv,canonical_or_derived_artifact,air_interface/csv/metric_unit_catalog.csv,4461,4,0,0,0,4,0,False,PASS_DOMAIN_RUNTIME_SEMANTICS
air_interface/csv/multi_seed_drop_statistics.csv,canonical_or_derived_artifact,air_interface/csv/multi_seed_drop_statistics.csv,6,11,0,0,0,4,0,False,PASS_DOMAIN_RUNTIME_SEMANTICS
air_interface/csv/ul_fixed_link_campaign_trials.csv,primary_runtime_truth,air_interface/csv/ul_fixed_link_campaign_trials.csv,120,963,140,296,0,15,0,False,PASS_PRIMARY_RUNTIME_SEMANTICS
air_interface/csv/ul_measured_sinr_bler_curve.csv,canonical_or_derived_artifact,air_interface/csv/ul_measured_sinr_bler_curve.csv,12,16,0,0,2,3,0,False,PASS_DERIVED_LINK_SEMANTICS
air_interface/csv/ul_measured_sinr_throughput_curve.csv,canonical_or_derived_artifact,air_interface/csv/ul_measured_sinr_throughput_curve.csv,12,18,0,0,2,3,0,False,PASS_DERIVED_LINK_SEMANTICS
air_interface/csv/ul_pusch_trials.csv,canonical_or_derived_artifact,air_interface/csv/ul_pusch_trials.csv,120,957,140,296,0,4,0,False,PASS_DOMAIN_RUNTIME_SEMANTICS
analytics/csv/beam_analytics.csv,canonical_or_derived_artifact,analytics/csv/beam_analytics.csv,2,22,0,0,0,4,0,False,PASS_DOMAIN_RUNTIME_SEMANTICS
analytics/csv/change_impact_analytics.csv,canonical_or_derived_artifact,analytics/csv/change_impact_analytics.csv,1,4,0,0,0,4,0,False,PASS_DOMAIN_RUNTIME_SEMANTICS
analytics/csv/channel_estimation_analytics.csv,canonical_or_derived_artifact,analytics/csv/channel_estimation_analytics.csv,33,20,0,0,0,4,0,False,PASS_DOMAIN_RUNTIME_SEMANTICS
analytics/csv/channel_quality_analytics.csv,canonical_or_derived_artifact,analytics/csv/channel_quality_analytics.csv,1,16,1,0,0,4,0,False,PASS_DOMAIN_RUNTIME_SEMANTICS
analytics/csv/clipping_analytics.csv,canonical_or_derived_artifact,analytics/csv/clipping_analytics.csv,57,14,0,0,1,4,0,False,PASS_DOMAIN_RUNTIME_SEMANTICS
analytics/csv/codeblock_analytics.csv,canonical_or_derived_artifact,analytics/csv/codeblock_analytics.csv,64,14,0,0,1,4,0,False,PASS_DOMAIN_RUNTIME_SEMANTICS
analytics/csv/compute_analytics.csv,canonical_or_derived_artifact,analytics/csv/compute_analytics.csv,51,14,0,0,0,4,0,False,PASS_DOMAIN_RUNTIME_SEMANTICS
analytics/csv/contract__beamforming-precoding-mimo-analytics__per-layer-sinr.csv,browser_contract_dataset,analytics/csv/contract__beamforming-precoding-mimo-analytics__per-layer-sinr.csv,6,15,0,2,0,5,0,False,PASS_CHART_DATASET_SEMANTICS
analytics/csv/contract__beamforming-precoding-mimo-analytics__precoder-mode-distribution.csv,browser_contract_dataset,analytics/csv/contract__beamforming-precoding-mimo-analytics__precoder-mode-distribution.csv,2,6,0,0,0,5,0,False,PASS_CHART_DATASET_SEMANTICS
analytics/csv/contract__channel-estimation-propagation-analytics__estimator-bias-variance-summaries.csv,browser_contract_dataset,analytics/csv/contract__channel-estimation-propagation-analytics__estimator-bias-variance-summaries.csv,3,15,0,2,0,5,0,False,PASS_CHART_DATASET_SEMANTICS
analytics/csv/contract__channel-estimation-propagation-analytics__nmse-vs-snr-sinr.csv,browser_contract_dataset,analytics/csv/contract__channel-estimation-propagation-analytics__nmse-vs-snr-sinr.csv,3,15,0,2,0,5,0,False,PASS_CHART_DATASET_SEMANTICS
analytics/csv/contract__channel-estimation-propagation-analytics__noise-variance-trend.csv,browser_contract_dataset,analytics/csv/contract__channel-estimation-propagation-analytics__noise-variance-trend.csv,40,15,0,2,0,5,0,False,PASS_CHART_DATASET_SEMANTICS
analytics/csv/contract__constellation-evm-analytics__evm-rms.csv,browser_contract_dataset,analytics/csv/contract__constellation-evm-analytics__evm-rms.csv,2,7,0,0,0,5,0,False,PASS_CHART_DATASET_SEMANTICS
analytics/csv/contract__error-reliability-analytics__ber-vs-snr.csv,browser_contract_dataset,analytics/csv/contract__error-reliability-analytics__ber-vs-snr.csv,6,19,0,0,0,5,0,False,PASS_CHART_DATASET_SEMANTICS
analytics/csv/contract__error-reliability-analytics__ber.csv,browser_contract_dataset,analytics/csv/contract__error-reliability-analytics__ber.csv,1,10,0,0,0,5,0,False,PASS_CHART_DATASET_SEMANTICS
analytics/csv/contract__error-reliability-analytics__bler-vs-mcs.csv,browser_contract_dataset,analytics/csv/contract__error-reliability-analytics__bler-vs-mcs.csv,1,7,0,0,0,5,0,False,PASS_CHART_DATASET_SEMANTICS
analytics/csv/contract__error-reliability-analytics__bler-vs-sinr.csv,browser_contract_dataset,analytics/csv/contract__error-reliability-analytics__bler-vs-sinr.csv,6,19,0,0,0,5,0,False,PASS_CHART_DATASET_SEMANTICS
analytics/csv/contract__error-reliability-analytics__bler-vs-snr.csv,browser_contract_dataset,analytics/csv/contract__error-reliability-analytics__bler-vs-snr.csv,6,19,0,0,0,5,0,False,PASS_CHART_DATASET_SEMANTICS
analytics/csv/contract__error-reliability-analytics__bler.csv,browser_contract_dataset,analytics/csv/contract__error-reliability-analytics__bler.csv,1,10,0,0,0,5,0,False,PASS_CHART_DATASET_SEMANTICS
analytics/csv/contract__error-reliability-analytics__cbg-error-rates.csv,browser_contract_dataset,analytics/csv/contract__error-reliability-analytics__cbg-error-rates.csv,2,15,0,2,0,5,0,False,PASS_CHART_DATASET_SEMANTICS
analytics/csv/contract__error-reliability-analytics__code-block-error-rates.csv,browser_contract_dataset,analytics/csv/contract__error-reliability-analytics__code-block-error-rates.csv,2,15,0,2,0,5,0,False,PASS_CHART_DATASET_SEMANTICS
analytics/csv/contract__error-reliability-analytics__crc-pass-fail-rates.csv,browser_contract_dataset,analytics/csv/contract__error-reliability-analytics__crc-pass-fail-rates.csv,6,13,0,0,0,5,0,False,PASS_CHART_DATASET_SEMANTICS
analytics/csv/contract__error-reliability-analytics__decoder-iteration-distributions.csv,browser_contract_dataset,analytics/csv/contract__error-reliability-analytics__decoder-iteration-distributions.csv,240,5,0,0,0,5,0,False,PASS_CHART_DATASET_SEMANTICS
analytics/csv/contract__error-reliability-analytics__fer-vs-snr.csv,browser_contract_dataset,analytics/csv/contract__error-reliability-analytics__fer-vs-snr.csv,6,19,0,0,0,5,0,False,PASS_CHART_DATASET_SEMANTICS
analytics/csv/contract__error-reliability-analytics__fer.csv,browser_contract_dataset,analytics/csv/contract__error-reliability-analytics__fer.csv,1,10,0,0,0,5,0,False,PASS_CHART_DATASET_SEMANTICS
analytics/csv/contract__error-reliability-analytics__per-channel-reliability-breakdown.csv,browser_contract_dataset,analytics/csv/contract__error-reliability-analytics__per-channel-reliability-breakdown.csv,2,11,0,0,0,5,0,False,PASS_CHART_DATASET_SEMANTICS
analytics/csv/contract__error-reliability-analytics__per-ue-and-per-cell-reliability.csv,browser_contract_dataset,analytics/csv/contract__error-reliability-analytics__per-ue-and-per-cell-reliability.csv,1,6,0,0,0,5,0,False,PASS_CHART_DATASET_SEMANTICS
analytics/csv/contract__export-consistency-truth-analytics__assumption-usage-summaries.csv,browser_contract_dataset,analytics/csv/contract__export-consistency-truth-analytics__assumption-usage-summaries.csv,10,7,0,0,0,5,0,False,PASS_CHART_DATASET_SEMANTICS
analytics/csv/contract__export-consistency-truth-analytics__config-drift.csv,browser_contract_dataset,analytics/csv/contract__export-consistency-truth-analytics__config-drift.csv,112,7,0,0,0,5,0,False,PASS_CHART_DATASET_SEMANTICS
analytics/csv/contract__export-consistency-truth-analytics__csv-vs-db-consistency.csv,browser_contract_dataset,analytics/csv/contract__export-consistency-truth-analytics__csv-vs-db-consistency.csv,1,15,0,2,0,5,0,False,PASS_CHART_DATASET_SEMANTICS
analytics/csv/contract__export-consistency-truth-analytics__db-vs-browser-consistency.csv,browser_contract_dataset,analytics/csv/contract__export-consistency-truth-analytics__db-vs-browser-consistency.csv,1,15,0,2,0,5,0,False,PASS_CHART_DATASET_SEMANTICS
analytics/csv/contract__export-consistency-truth-analytics__fallback-event-summaries.csv,browser_contract_dataset,analytics/csv/contract__export-consistency-truth-analytics__fallback-event-summaries.csv,1,15,1,2,0,5,0,False,PASS_CHART_DATASET_SEMANTICS
analytics/csv/contract__export-consistency-truth-analytics__missing-field-audits.csv,browser_contract_dataset,analytics/csv/contract__export-consistency-truth-analytics__missing-field-audits.csv,4,15,0,2,0,5,0,False,PASS_CHART_DATASET_SEMANTICS
analytics/csv/contract__export-consistency-truth-analytics__placeholder-exposure-checks.csv,browser_contract_dataset,analytics/csv/contract__export-consistency-truth-analytics__placeholder-exposure-checks.csv,1,15,1,2,0,5,0,False,PASS_CHART_DATASET_SEMANTICS
analytics/csv/contract__export-consistency-truth-analytics__run-status-truth-checks.csv,browser_contract_dataset,analytics/csv/contract__export-consistency-truth-analytics__run-status-truth-checks.csv,1,15,1,2,0,5,0,False,PASS_CHART_DATASET_SEMANTICS
analytics/csv/contract__export-consistency-truth-analytics__schema-drift.csv,browser_contract_dataset,analytics/csv/contract__export-consistency-truth-analytics__schema-drift.csv,2,15,0,2,0,5,0,False,PASS_CHART_DATASET_SEMANTICS
analytics/csv/contract__export-consistency-truth-analytics__smoke-exposure-checks.csv,browser_contract_dataset,analytics/csv/contract__export-consistency-truth-analytics__smoke-exposure-checks.csv,1,7,1,0,0,5,0,False,PASS_CHART_DATASET_SEMANTICS
analytics/csv/contract__export-consistency-truth-analytics__source-row-count-vs-analytics-row-count.csv,browser_contract_dataset,analytics/csv/contract__export-consistency-truth-analytics__source-row-count-vs-analytics-row-count.csv,124,15,0,2,0,5,0,False,PASS_CHART_DATASET_SEMANTICS
analytics/csv/contract__export-consistency-truth-analytics__summary-vs-raw-contradiction-checks.csv,browser_contract_dataset,analytics/csv/contract__export-consistency-truth-analytics__summary-vs-raw-contradiction-checks.csv,4,15,0,2,0,5,0,False,PASS_CHART_DATASET_SEMANTICS
analytics/csv/contract__export-consistency-truth-analytics__truth-policy-violation-counts.csv,browser_contract_dataset,analytics/csv/contract__export-consistency-truth-analytics__truth-policy-violation-counts.csv,1,15,0,2,0,5,0,False,PASS_CHART_DATASET_SEMANTICS
analytics/csv/contract__impairments-tracking-analytics__cfo-true-vs-estimated-vs-residual.csv,browser_contract_dataset,analytics/csv/contract__impairments-tracking-analytics__cfo-true-vs-estimated-vs-residual.csv,240,12,1,0,0,5,0,False,PASS_CHART_DATASET_SEMANTICS
analytics/csv/contract__measurement-csi-link-adaptation-analytics__applied-awgn-snr-vs-measured-runtime-sinr-comparison.csv,browser_contract_dataset,analytics/csv/contract__measurement-csi-link-adaptation-analytics__applied-awgn-snr-vs-measured-runtime-sinr-comparison.csv,6,19,0,2,0,5,0,False,PASS_CHART_DATASET_SEMANTICS
analytics/csv/contract__measurement-csi-link-adaptation-analytics__config-vs-measured-conflict-dashboard.csv,browser_contract_dataset,analytics/csv/contract__measurement-csi-link-adaptation-analytics__config-vs-measured-conflict-dashboard.csv,2,15,0,2,0,5,0,False,PASS_CHART_DATASET_SEMANTICS
analytics/csv/contract__measurement-csi-link-adaptation-analytics__per-layer-quality-plot.csv,browser_contract_dataset,analytics/csv/contract__measurement-csi-link-adaptation-analytics__per-layer-quality-plot.csv,1,15,0,2,0,5,0,False,PASS_CHART_DATASET_SEMANTICS
analytics/csv/contract__power-energy-efficiency-analytics__active-bandwidth-vs-power.csv,browser_contract_dataset,analytics/csv/contract__power-energy-efficiency-analytics__active-bandwidth-vs-power.csv,480,10,0,0,0,5,0,False,PASS_CHART_DATASET_SEMANTICS
analytics/csv/contract__power-energy-efficiency-analytics__baseband-power.csv,browser_contract_dataset,analytics/csv/contract__power-energy-efficiency-analytics__baseband-power.csv,40,15,0,2,0,5,0,False,PASS_CHART_DATASET_SEMANTICS
analytics/csv/contract__power-energy-efficiency-analytics__dl-tx-power-per-cell-beam-ue.csv,browser_contract_dataset,analytics/csv/contract__power-energy-efficiency-analytics__dl-tx-power-per-cell-beam-ue.csv,1,11,0,0,0,5,0,False,PASS_CHART_DATASET_SEMANTICS
analytics/csv/contract__power-energy-efficiency-analytics__energy-bit.csv,browser_contract_dataset,analytics/csv/contract__power-energy-efficiency-analytics__energy-bit.csv,4,15,0,2,0,5,0,False,PASS_CHART_DATASET_SEMANTICS
analytics/csv/contract__power-energy-efficiency-analytics__energy-efficiency-by-ue.csv,browser_contract_dataset,analytics/csv/contract__power-energy-efficiency-analytics__energy-efficiency-by-ue.csv,1,15,0,2,0,5,0,False,PASS_CHART_DATASET_SEMANTICS
analytics/csv/contract__power-energy-efficiency-analytics__energy-per-bit-histogram.csv,browser_contract_dataset,analytics/csv/contract__power-energy-efficiency-analytics__energy-per-bit-histogram.csv,5,11,0,0,0,5,0,False,PASS_CHART_DATASET_SEMANTICS
analytics/csv/contract__power-energy-efficiency-analytics__joules-gb.csv,browser_contract_dataset,analytics/csv/contract__power-energy-efficiency-analytics__joules-gb.csv,4,15,0,2,0,5,0,False,PASS_CHART_DATASET_SEMANTICS
analytics/csv/contract__power-energy-efficiency-analytics__papr-vs-power.csv,browser_contract_dataset,analytics/csv/contract__power-energy-efficiency-analytics__papr-vs-power.csv,240,7,0,0,0,5,0,False,PASS_CHART_DATASET_SEMANTICS
analytics/csv/contract__power-energy-efficiency-analytics__power-vs-bler.csv,browser_contract_dataset,analytics/csv/contract__power-energy-efficiency-analytics__power-vs-bler.csv,240,7,0,0,0,5,0,False,PASS_CHART_DATASET_SEMANTICS
analytics/csv/contract__power-energy-efficiency-analytics__power-vs-throughput.csv,browser_contract_dataset,analytics/csv/contract__power-energy-efficiency-analytics__power-vs-throughput.csv,240,7,0,0,0,5,0,False,PASS_CHART_DATASET_SEMANTICS
analytics/csv/contract__power-energy-efficiency-analytics__sleep-idle-active-state-occupancy.csv,browser_contract_dataset,analytics/csv/contract__power-energy-efficiency-analytics__sleep-idle-active-state-occupancy.csv,1,8,0,0,0,5,0,False,PASS_CHART_DATASET_SEMANTICS
analytics/csv/contract__runtime-compute-complexity-parallelism-analytics__decoder-complexity-units.csv,browser_contract_dataset,analytics/csv/contract__runtime-compute-complexity-parallelism-analytics__decoder-complexity-units.csv,10,15,0,2,0,5,0,False,PASS_CHART_DATASET_SEMANTICS
analytics/csv/contract__runtime-compute-complexity-parallelism-analytics__dropped-row-duplicate-write-analytics.csv,browser_contract_dataset,analytics/csv/contract__runtime-compute-complexity-parallelism-analytics__dropped-row-duplicate-write-analytics.csv,910,7,1,0,0,5,0,False,PASS_CHART_DATASET_SEMANTICS
analytics/csv/contract__runtime-compute-complexity-parallelism-analytics__latency-cdf.csv,browser_contract_dataset,analytics/csv/contract__runtime-compute-complexity-parallelism-analytics__latency-cdf.csv,240,11,0,0,0,5,0,False,PASS_CHART_DATASET_SEMANTICS
analytics/csv/contract__runtime-compute-complexity-parallelism-analytics__normalized-decoder-complexity.csv,browser_contract_dataset,analytics/csv/contract__runtime-compute-complexity-parallelism-analytics__normalized-decoder-complexity.csv,10,15,0,2,0,5,0,False,PASS_CHART_DATASET_SEMANTICS
analytics/csv/contract__spectrum-psd-papr-analytics__clipping-event-histogram.csv,browser_contract_dataset,analytics/csv/contract__spectrum-psd-papr-analytics__clipping-event-histogram.csv,1,15,1,2,0,5,0,False,PASS_CHART_DATASET_SEMANTICS
analytics/csv/contract__spectrum-psd-papr-analytics__papr-histogram-cdf.csv,browser_contract_dataset,analytics/csv/contract__spectrum-psd-papr-analytics__papr-histogram-cdf.csv,240,9,0,0,0,5,0,False,PASS_CHART_DATASET_SEMANTICS
analytics/csv/contract__throughput-goodput-spectral-efficiency-analytics__goodput.csv,browser_contract_dataset,analytics/csv/contract__throughput-goodput-spectral-efficiency-analytics__goodput.csv,2,7,0,0,0,5,0,False,PASS_CHART_DATASET_SEMANTICS
analytics/csv/contract__throughput-goodput-spectral-efficiency-analytics__offered-throughput.csv,browser_contract_dataset,analytics/csv/contract__throughput-goodput-spectral-efficiency-analytics__offered-throughput.csv,2,7,0,0,0,5,0,False,PASS_CHART_DATASET_SEMANTICS
analytics/csv/contract__throughput-goodput-spectral-efficiency-analytics__per-cell-throughput.csv,browser_contract_dataset,analytics/csv/contract__throughput-goodput-spectral-efficiency-analytics__per-cell-throughput.csv,1,6,0,0,0,5,0,False,PASS_CHART_DATASET_SEMANTICS
analytics/csv/contract__throughput-goodput-spectral-efficiency-analytics__spectral-efficiency.csv,browser_contract_dataset,analytics/csv/contract__throughput-goodput-spectral-efficiency-analytics__spectral-efficiency.csv,2,7,0,0,0,5,0,False,PASS_CHART_DATASET_SEMANTICS
analytics/csv/contract__throughput-goodput-spectral-efficiency-analytics__throughput-vs-load.csv,browser_contract_dataset,analytics/csv/contract__throughput-goodput-spectral-efficiency-analytics__throughput-vs-load.csv,1,6,0,0,0,5,0,False,PASS_CHART_DATASET_SEMANTICS
analytics/csv/contract__throughput-goodput-spectral-efficiency-analytics__throughput-vs-sinr.csv,browser_contract_dataset,analytics/csv/contract__throughput-goodput-spectral-efficiency-analytics__throughput-vs-sinr.csv,240,6,0,0,0,5,0,False,PASS_CHART_DATASET_SEMANTICS
analytics/csv/contract__throughput-goodput-spectral-efficiency-analytics__throughput-vs-snr.csv,browser_contract_dataset,analytics/csv/contract__throughput-goodput-spectral-efficiency-analytics__throughput-vs-snr.csv,6,19,0,2,0,5,0,False,PASS_CHART_DATASET_SEMANTICS
analytics/csv/contract__throughput-goodput-spectral-efficiency-analytics__throughput.csv,browser_contract_dataset,analytics/csv/contract__throughput-goodput-spectral-efficiency-analytics__throughput.csv,2,7,0,0,0,5,0,False,PASS_CHART_DATASET_SEMANTICS
analytics/csv/control_decode_analytics.csv,canonical_or_derived_artifact,analytics/csv/control_decode_analytics.csv,16,14,0,0,2,4,0,False,PASS_DOMAIN_RUNTIME_SEMANTICS
analytics/csv/decoder_analytics.csv,canonical_or_derived_artifact,analytics/csv/decoder_analytics.csv,64,14,0,0,1,4,0,False,PASS_DOMAIN_RUNTIME_SEMANTICS
analytics/csv/detection_analytics.csv,canonical_or_derived_artifact,analytics/csv/detection_analytics.csv,16,14,0,0,2,4,0,False,PASS_DOMAIN_RUNTIME_SEMANTICS
analytics/csv/determinism_analytics.csv,canonical_or_derived_artifact,analytics/csv/determinism_analytics.csv,111,40,0,0,6,4,0,False,PASS_DOMAIN_RUNTIME_SEMANTICS
analytics/csv/energy_efficiency_analytics.csv,canonical_or_derived_artifact,analytics/csv/energy_efficiency_analytics.csv,4,67,5,13,5,4,0,False,PASS_DOMAIN_RUNTIME_SEMANTICS
analytics/csv/error_rate_analytics.csv,canonical_or_derived_artifact,analytics/csv/error_rate_analytics.csv,120,643,134,0,0,4,0,False,PASS_DOMAIN_RUNTIME_SEMANTICS
analytics/csv/evm_analytics.csv,canonical_or_derived_artifact,analytics/csv/evm_analytics.csv,120,643,134,0,0,4,0,False,PASS_DOMAIN_RUNTIME_SEMANTICS
analytics/csv/export_consistency_analytics.csv,canonical_or_derived_artifact,analytics/csv/export_consistency_analytics.csv,111,11,0,0,2,4,0,False,PASS_DOMAIN_RUNTIME_SEMANTICS
analytics/csv/goodput_analytics.csv,canonical_or_derived_artifact,analytics/csv/goodput_analytics.csv,120,643,134,0,0,4,0,False,PASS_DOMAIN_RUNTIME_SEMANTICS
analytics/csv/impairment_analytics.csv,canonical_or_derived_artifact,analytics/csv/impairment_analytics.csv,34,14,0,0,2,4,0,False,PASS_DOMAIN_RUNTIME_SEMANTICS
analytics/csv/mimo_analytics.csv,canonical_or_derived_artifact,analytics/csv/mimo_analytics.csv,2,16,0,0,0,4,0,False,PASS_DOMAIN_RUNTIME_SEMANTICS
analytics/csv/papr_analytics.csv,canonical_or_derived_artifact,analytics/csv/papr_analytics.csv,57,14,0,0,1,4,0,False,PASS_DOMAIN_RUNTIME_SEMANTICS
analytics/csv/parallelism_analytics.csv,canonical_or_derived_artifact,analytics/csv/parallelism_analytics.csv,2,109,20,0,0,4,0,False,PASS_DOMAIN_RUNTIME_SEMANTICS
analytics/csv/power_analytics.csv,canonical_or_derived_artifact,analytics/csv/power_analytics.csv,4,69,8,6,4,4,0,False,PASS_DOMAIN_RUNTIME_SEMANTICS
analytics/csv/precoder_analytics.csv,canonical_or_derived_artifact,analytics/csv/precoder_analytics.csv,240,52,3,0,0,4,0,False,PASS_DOMAIN_RUNTIME_SEMANTICS
analytics/csv/propagation_analytics.csv,canonical_or_derived_artifact,analytics/csv/propagation_analytics.csv,240,17,0,0,0,4,0,False,PASS_DOMAIN_RUNTIME_SEMANTICS
analytics/csv/random_access_analytics.csv,canonical_or_derived_artifact,analytics/csv/random_access_analytics.csv,26,14,0,0,2,4,0,False,PASS_DOMAIN_RUNTIME_SEMANTICS
analytics/csv/random_access_detection_analytics.csv,canonical_or_derived_artifact,analytics/csv/random_access_detection_analytics.csv,26,14,0,0,2,4,0,False,PASS_DOMAIN_RUNTIME_SEMANTICS
analytics/csv/regression_analytics.csv,canonical_or_derived_artifact,analytics/csv/regression_analytics.csv,1,4,0,0,0,4,0,False,PASS_DOMAIN_RUNTIME_SEMANTICS
analytics/csv/regression_baseline_view.csv,canonical_or_derived_artifact,analytics/csv/regression_baseline_view.csv,1,55,4,0,0,4,0,False,PASS_DOMAIN_RUNTIME_SEMANTICS
analytics/csv/regression_candidate_view.csv,canonical_or_derived_artifact,analytics/csv/regression_candidate_view.csv,1,55,4,0,0,4,0,False,PASS_DOMAIN_RUNTIME_SEMANTICS
analytics/csv/regression_delta_view.csv,canonical_or_derived_artifact,analytics/csv/regression_delta_view.csv,1,4,0,0,0,4,0,False,PASS_DOMAIN_RUNTIME_SEMANTICS
analytics/csv/runtime_power_analytics.csv,canonical_or_derived_artifact,analytics/csv/runtime_power_analytics.csv,6,79,8,8,5,4,0,False,PASS_DOMAIN_RUNTIME_SEMANTICS
analytics/csv/schema_drift_analytics.csv,canonical_or_derived_artifact,analytics/csv/schema_drift_analytics.csv,76,17,1,0,1,4,0,False,PASS_DOMAIN_RUNTIME_SEMANTICS
analytics/csv/sleep_state_analytics.csv,canonical_or_derived_artifact,analytics/csv/sleep_state_analytics.csv,4,65,5,13,3,4,0,False,PASS_DOMAIN_RUNTIME_SEMANTICS
analytics/csv/spectral_efficiency_analytics.csv,canonical_or_derived_artifact,analytics/csv/spectral_efficiency_analytics.csv,51,14,0,0,2,4,0,False,PASS_DOMAIN_RUNTIME_SEMANTICS
analytics/csv/spectrum_analytics.csv,canonical_or_derived_artifact,analytics/csv/spectrum_analytics.csv,57,14,0,0,1,4,0,False,PASS_DOMAIN_RUNTIME_SEMANTICS
analytics/csv/symbol_throughput_analytics.csv,canonical_or_derived_artifact,analytics/csv/symbol_throughput_analytics.csv,574,25,0,0,2,4,0,False,PASS_DOMAIN_RUNTIME_SEMANTICS
analytics/csv/throughput_analytics.csv,canonical_or_derived_artifact,analytics/csv/throughput_analytics.csv,120,643,134,0,0,4,0,False,PASS_DOMAIN_RUNTIME_SEMANTICS
analytics/csv/tracking_analytics.csv,canonical_or_derived_artifact,analytics/csv/tracking_analytics.csv,240,27,7,0,4,4,0,False,PASS_DOMAIN_RUNTIME_SEMANTICS
analytics/csv/truth_policy_analytics.csv,canonical_or_derived_artifact,analytics/csv/truth_policy_analytics.csv,1,96,55,0,0,4,0,False,PASS_DOMAIN_RUNTIME_SEMANTICS
analytics/csv/user_grouping_analytics.csv,canonical_or_derived_artifact,analytics/csv/user_grouping_analytics.csv,2,22,0,0,0,4,0,False,PASS_DOMAIN_RUNTIME_SEMANTICS
analytics/csv/waveform_comparison_analytics.csv,canonical_or_derived_artifact,analytics/csv/waveform_comparison_analytics.csv,4,23,0,0,2,4,0,False,PASS_DOMAIN_RUNTIME_SEMANTICS
artifact_generation/artifact_generation_results.csv,canonical_or_derived_artifact,artifact_generation/artifact_generation_results.csv,2,20,5,1,0,1,0,False,PASS_MANIFEST_INTEGRITY_SEMANTICS
artifact_generation/artifact_generation_summary.csv,canonical_or_derived_artifact,artifact_generation/artifact_generation_summary.csv,2,13,3,0,0,1,0,False,PASS_MANIFEST_INTEGRITY_SEMANTICS
artifact_generation/canonical_component_manifest.csv,canonical_or_derived_artifact,artifact_generation/canonical_component_manifest.csv,2,21,5,1,0,1,0,False,PASS_MANIFEST_INTEGRITY_SEMANTICS
artifact_generation/contract_catalog_snapshot.csv,canonical_or_derived_artifact,artifact_generation/contract_catalog_snapshot.csv,2,27,5,6,0,1,0,False,PASS_MANIFEST_INTEGRITY_SEMANTICS
beamforming/csv/antenna_array_config.csv,canonical_or_derived_artifact,beamforming/csv/antenna_array_config.csv,2,30,3,1,0,6,0,False,PASS_DOMAIN_RUNTIME_SEMANTICS
beamforming/csv/antenna_port_mapping.csv,canonical_or_derived_artifact,beamforming/csv/antenna_port_mapping.csv,2,14,1,1,0,6,0,False,PASS_DOMAIN_RUNTIME_SEMANTICS
beamforming/csv/beam_codebook.csv,canonical_or_derived_artifact,beamforming/csv/beam_codebook.csv,2,7,0,1,0,6,0,False,PASS_DOMAIN_RUNTIME_SEMANTICS
beamforming/csv/beam_precoder_table.csv,canonical_or_derived_artifact,beamforming/csv/beam_precoder_table.csv,240,64,3,12,4,6,0,False,PASS_DOMAIN_RUNTIME_SEMANTICS
beamforming/csv/beam_sweep_measurements.csv,canonical_or_derived_artifact,beamforming/csv/beam_sweep_measurements.csv,240,8,0,1,0,6,0,False,PASS_DOMAIN_RUNTIME_SEMANTICS
beamforming/csv/beamforming_analytics_table.csv,canonical_or_derived_artifact,beamforming/csv/beamforming_analytics_table.csv,2,36,0,14,1,6,0,False,PASS_DOMAIN_RUNTIME_SEMANTICS
beamforming/csv/mimo_config_strict.csv,canonical_or_derived_artifact,beamforming/csv/mimo_config_strict.csv,2,48,6,4,0,6,0,False,PASS_DOMAIN_RUNTIME_SEMANTICS
beamforming/csv/mimo_config_validation.csv,canonical_or_derived_artifact,beamforming/csv/mimo_config_validation.csv,12,8,0,1,0,6,0,False,PASS_DOMAIN_RUNTIME_SEMANTICS
beamforming/csv/mimo_configured_vs_effective.csv,canonical_or_derived_artifact,beamforming/csv/mimo_configured_vs_effective.csv,2,55,7,1,0,6,0,False,PASS_DOMAIN_RUNTIME_SEMANTICS
beamforming/csv/mimo_layer_metrics.csv,canonical_or_derived_artifact,beamforming/csv/mimo_layer_metrics.csv,240,17,1,0,0,6,0,False,PASS_DOMAIN_RUNTIME_SEMANTICS
beamforming/csv/mimo_negative_trials.csv,canonical_or_derived_artifact,beamforming/csv/mimo_negative_trials.csv,0,10,0,0,0,4,0,False,PASS_CONTRACTED_ZERO_EVENT_NO_OBSERVATIONS
beamforming/csv/mimo_oracle_guard.csv,canonical_or_derived_artifact,beamforming/csv/mimo_oracle_guard.csv,240,12,3,1,0,6,0,False,PASS_DOMAIN_RUNTIME_SEMANTICS
beamforming/csv/mimo_rank_utilization_table.csv,canonical_or_derived_artifact,beamforming/csv/mimo_rank_utilization_table.csv,2,31,0,15,0,6,0,False,PASS_DOMAIN_RUNTIME_SEMANTICS
beamforming/csv/mimo_strict_gate_summary.csv,canonical_or_derived_artifact,beamforming/csv/mimo_strict_gate_summary.csv,8,4,0,1,0,4,0,False,PASS_DOMAIN_RUNTIME_SEMANTICS
beamforming/csv/precoder_evidence.csv,canonical_or_derived_artifact,beamforming/csv/precoder_evidence.csv,240,12,1,1,0,6,0,False,PASS_DOMAIN_RUNTIME_SEMANTICS
beamforming/csv/rank_layer_trials.csv,canonical_or_derived_artifact,beamforming/csv/rank_layer_trials.csv,240,105,14,3,4,10,0,False,PASS_DOMAIN_RUNTIME_SEMANTICS
beamforming/csv/rank_layer_usage_histogram.csv,canonical_or_derived_artifact,beamforming/csv/rank_layer_usage_histogram.csv,2,32,0,15,0,6,0,False,PASS_DOMAIN_RUNTIME_SEMANTICS
component_anchors/protocol/protocol_stack/csv/protocol_configured_component_execution.csv,canonical_or_derived_artifact,component_anchors/protocol/protocol_stack/csv/protocol_configured_component_execution.csv,4,24,4,0,0,4,0,False,PASS_DOMAIN_RUNTIME_SEMANTICS
component_anchors/protocol/protocol_stack/csv/protocol_configured_component_summary.csv,canonical_or_derived_artifact,component_anchors/protocol/protocol_stack/csv/protocol_configured_component_summary.csv,1,13,2,0,0,4,0,False,PASS_DOMAIN_RUNTIME_SEMANTICS
component_anchors/protocol/protocol_stack/csv/protocol_configured_conservation.csv,canonical_or_derived_artifact,component_anchors/protocol/protocol_stack/csv/protocol_configured_conservation.csv,2,13,6,0,0,4,0,False,PASS_DOMAIN_RUNTIME_SEMANTICS
component_anchors/protocol/protocol_stack/csv/protocol_configured_event_log.csv,canonical_or_derived_artifact,component_anchors/protocol/protocol_stack/csv/protocol_configured_event_log.csv,24,14,0,0,0,4,0,False,PASS_DOMAIN_RUNTIME_SEMANTICS
components/pdsch/csv/pdsch_bler_curve.csv,canonical_or_derived_artifact,components/pdsch/csv/pdsch_bler_curve.csv,3,32,4,0,0,5,0,False,PASS_DOMAIN_RUNTIME_SEMANTICS
components/pusch/csv/pusch_bler_curve.csv,canonical_or_derived_artifact,components/pusch/csv/pusch_bler_curve.csv,3,34,5,0,0,5,0,False,PASS_DOMAIN_RUNTIME_SEMANTICS
configuration/csv/configuration_conflicts.csv,canonical_or_derived_artifact,configuration/csv/configuration_conflicts.csv,13,5,0,0,1,4,0,False,PASS_DOMAIN_RUNTIME_SEMANTICS
configuration/csv/configuration_consumer_map.csv,canonical_or_derived_artifact,configuration/csv/configuration_consumer_map.csv,13,4,0,0,0,4,0,False,PASS_DOMAIN_RUNTIME_SEMANTICS
configuration/csv/configuration_precedence.csv,canonical_or_derived_artifact,configuration/csv/configuration_precedence.csv,13,5,0,0,1,4,0,False,PASS_DOMAIN_RUNTIME_SEMANTICS
configuration/csv/resolved_channel_rf_configuration.csv,canonical_or_derived_artifact,configuration/csv/resolved_channel_rf_configuration.csv,23,7,0,0,0,4,0,False,PASS_DOMAIN_RUNTIME_SEMANTICS
control/csv/control_gating_summary.csv,canonical_or_derived_artifact,control/csv/control_gating_summary.csv,1,11,5,0,0,4,0,False,PASS_DOMAIN_RUNTIME_SEMANTICS
control/csv/pdsch_table.csv,canonical_or_derived_artifact,control/csv/pdsch_table.csv,120,661,135,12,0,4,0,False,PASS_DOMAIN_RUNTIME_SEMANTICS
control/csv/pusch_table.csv,canonical_or_derived_artifact,control/csv/pusch_table.csv,120,664,141,12,0,4,0,False,PASS_DOMAIN_RUNTIME_SEMANTICS
control/csv/timing_synchronization_table.csv,canonical_or_derived_artifact,control/csv/timing_synchronization_table.csv,240,54,10,12,2,4,0,False,PASS_DOMAIN_RUNTIME_SEMANTICS
geometry/csv/coordinate_system.csv,canonical_or_derived_artifact,geometry/csv/coordinate_system.csv,1,6,0,0,0,4,0,False,PASS_DOMAIN_RUNTIME_SEMANTICS
geometry/csv/geometry_validation.csv,canonical_or_derived_artifact,geometry/csv/geometry_validation.csv,1,4,0,0,0,4,0,False,PASS_DOMAIN_RUNTIME_SEMANTICS
geometry/csv/serving_cell_assignment.csv,canonical_or_derived_artifact,geometry/csv/serving_cell_assignment.csv,0,9,0,0,0,1,0,False,PASS_POLICY_DISABLED_NO_OBSERVATIONS
geometry/csv/site_positions.csv,canonical_or_derived_artifact,geometry/csv/site_positions.csv,1,6,2,0,0,4,0,False,PASS_DOMAIN_RUNTIME_SEMANTICS
geometry/csv/topology_nodes.csv,canonical_or_derived_artifact,geometry/csv/topology_nodes.csv,2,15,0,3,7,4,0,False,PASS_DOMAIN_RUNTIME_SEMANTICS
geometry/csv/trajectory_geometry.csv,canonical_or_derived_artifact,geometry/csv/trajectory_geometry.csv,1,13,4,2,0,1,0,False,PASS_DOMAIN_RUNTIME_SEMANTICS
geometry/csv/ue_initial_positions.csv,canonical_or_derived_artifact,geometry/csv/ue_initial_positions.csv,1,7,2,0,0,1,0,False,PASS_DOMAIN_RUNTIME_SEMANTICS
harq/csv/live_harq_observation_summary.csv,canonical_or_derived_artifact,harq/csv/live_harq_observation_summary.csv,2,11,1,0,0,6,0,False,PASS_DOMAIN_RUNTIME_SEMANTICS
harq/csv/live_harq_observation_timeline.csv,canonical_or_derived_artifact,harq/csv/live_harq_observation_timeline.csv,240,22,6,0,1,6,0,False,PASS_DOMAIN_RUNTIME_SEMANTICS
meta/scenario_source_chain.csv,canonical_or_derived_artifact,meta/scenario_source_chain.csv,2,4,0,0,0,4,0,False,PASS_DOMAIN_RUNTIME_SEMANTICS
mobility/csv/channel_continuity_reconciliation.csv,canonical_or_derived_artifact,mobility/csv/channel_continuity_reconciliation.csv,0,13,0,0,0,1,0,False,PASS_POLICY_DISABLED_NO_OBSERVATIONS
mobility/csv/doppler_reconciliation.csv,canonical_or_derived_artifact,mobility/csv/doppler_reconciliation.csv,0,13,0,0,0,1,0,False,PASS_POLICY_DISABLED_NO_OBSERVATIONS
mobility/csv/inter_ue_distance_validation.csv,canonical_or_derived_artifact,mobility/csv/inter_ue_distance_validation.csv,0,7,0,0,0,1,0,False,PASS_POLICY_DISABLED_NO_OBSERVATIONS
mobility/csv/pathloss_reconciliation.csv,canonical_or_derived_artifact,mobility/csv/pathloss_reconciliation.csv,0,17,0,0,0,1,0,False,PASS_POLICY_DISABLED_NO_OBSERVATIONS
mobility/csv/propagation_delay_reconciliation.csv,canonical_or_derived_artifact,mobility/csv/propagation_delay_reconciliation.csv,0,11,0,0,0,1,0,False,PASS_POLICY_DISABLED_NO_OBSERVATIONS
mobility/csv/trajectory_constraint_conflicts.csv,canonical_or_derived_artifact,mobility/csv/trajectory_constraint_conflicts.csv,0,5,0,0,0,4,0,False,PASS_CONTRACTED_ZERO_EVENT_NO_OBSERVATIONS
mobility/csv/trajectory_resolution.csv,canonical_or_derived_artifact,mobility/csv/trajectory_resolution.csv,1,7,2,1,0,4,0,False,PASS_DOMAIN_RUNTIME_SEMANTICS
mobility/csv/trajectory_segment_table.csv,canonical_or_derived_artifact,mobility/csv/trajectory_segment_table.csv,1,13,4,2,0,1,0,False,PASS_DOMAIN_RUNTIME_SEMANTICS
raw/evidence/raw_evidence_index.csv,raw_runtime_or_lineage,raw/evidence/raw_evidence_index.csv,3,19,2,1,0,1,0,False,PASS_MANIFEST_INTEGRITY_SEMANTICS
raw/evidence/tables/rawtrials_controlgatingsummarytable.csv,raw_runtime_or_lineage,raw/evidence/tables/rawtrials_controlgatingsummarytable.csv,1,14,5,0,0,1,0,False,PASS_MANIFEST_INTEGRITY_SEMANTICS
raw/evidence/tables/rawtrials_dl.csv,raw_runtime_or_lineage,raw/evidence/tables/rawtrials_dl.csv,120,962,134,298,0,1,0,False,PASS_MANIFEST_INTEGRITY_SEMANTICS
raw/evidence/tables/rawtrials_ul.csv,raw_runtime_or_lineage,raw/evidence/tables/rawtrials_ul.csv,120,961,140,296,0,1,0,False,PASS_MANIFEST_INTEGRITY_SEMANTICS
reports/csv/access_kpi_reconciliation.csv,canonical_or_derived_artifact,reports/csv/access_kpi_reconciliation.csv,1,9,5,0,0,5,0,False,PASS_STATUS_REDUCTION_SEMANTICS
reports/csv/active_issue_gate_summary.csv,canonical_or_derived_artifact,reports/csv/active_issue_gate_summary.csv,0,16,0,0,0,4,0,False,PASS_CONTRACTED_ZERO_EVENT_NO_OBSERVATIONS
reports/csv/aggregated_reporting_outputs.csv,canonical_or_derived_artifact,reports/csv/aggregated_reporting_outputs.csv,18,14,0,2,0,9,0,False,PASS_DOMAIN_RUNTIME_SEMANTICS
reports/csv/ai_confidence_trace.csv,canonical_or_derived_artifact,reports/csv/ai_confidence_trace.csv,1,9,2,0,0,4,0,False,PASS_DOMAIN_RUNTIME_SEMANTICS
reports/csv/ai_ml_outputs.csv,canonical_or_derived_artifact,reports/csv/ai_ml_outputs.csv,31,14,1,0,1,9,0,False,PASS_DOMAIN_RUNTIME_SEMANTICS
reports/csv/all_csv_artifact_audit.csv,canonical_or_derived_artifact,reports/csv/all_csv_artifact_audit.csv,592,19,0,0,0,4,0,False,PASS_DOMAIN_RUNTIME_SEMANTICS
reports/csv/all_image_artifact_audit.csv,canonical_or_derived_artifact,reports/csv/all_image_artifact_audit.csv,116,18,1,0,4,4,0,False,PASS_DOMAIN_RUNTIME_SEMANTICS
reports/csv/antenna_array_reconciliation.csv,canonical_or_derived_artifact,reports/csv/antenna_array_reconciliation.csv,2,12,0,1,0,5,0,False,PASS_STATUS_REDUCTION_SEMANTICS
reports/csv/antenna_config_resolved.csv,canonical_or_derived_artifact,reports/csv/antenna_config_resolved.csv,2,21,0,2,2,4,0,False,PASS_DOMAIN_RUNTIME_SEMANTICS
reports/csv/antenna_runtime_evidence.csv,canonical_or_derived_artifact,reports/csv/antenna_runtime_evidence.csv,240,63,3,6,3,4,0,False,PASS_DOMAIN_RUNTIME_SEMANTICS
reports/csv/api_exposure_audit_table.csv,canonical_or_derived_artifact,reports/csv/api_exposure_audit_table.csv,124,35,0,16,0,4,0,False,PASS_DOMAIN_RUNTIME_SEMANTICS
reports/csv/artifact_completeness_summary.csv,canonical_or_derived_artifact,reports/csv/artifact_completeness_summary.csv,1,8,4,1,0,5,0,False,PASS_STATUS_REDUCTION_SEMANTICS
reports/csv/artifact_inventory.csv,canonical_or_derived_artifact,reports/csv/artifact_inventory.csv,910,11,0,0,0,4,0,False,PASS_DOMAIN_RUNTIME_SEMANTICS
reports/csv/artifact_issue_registry.csv,canonical_or_derived_artifact,reports/csv/artifact_issue_registry.csv,697,6,0,0,0,4,0,False,PASS_DOMAIN_RUNTIME_SEMANTICS
reports/csv/baseline_candidate_delta_tables.csv,canonical_or_derived_artifact,reports/csv/baseline_candidate_delta_tables.csv,1,4,0,0,0,4,0,False,PASS_DOMAIN_RUNTIME_SEMANTICS
reports/csv/basic_phy_performance_outputs.csv,canonical_or_derived_artifact,reports/csv/basic_phy_performance_outputs.csv,51,14,0,0,2,9,0,False,PASS_DOMAIN_RUNTIME_SEMANTICS
reports/csv/beam_management_outputs.csv,canonical_or_derived_artifact,reports/csv/beam_management_outputs.csv,4,14,0,0,0,6,0,False,PASS_DOMAIN_RUNTIME_SEMANTICS
reports/csv/beam_stability_analytics_table.csv,canonical_or_derived_artifact,reports/csv/beam_stability_analytics_table.csv,1,33,1,14,0,4,0,False,PASS_DOMAIN_RUNTIME_SEMANTICS
reports/csv/blerber_reconciliation.csv,canonical_or_derived_artifact,reports/csv/blerber_reconciliation.csv,1,7,0,1,0,5,0,False,PASS_STATUS_REDUCTION_SEMANTICS
reports/csv/browser_config_surface_matrix.csv,canonical_or_derived_artifact,reports/csv/browser_config_surface_matrix.csv,4302,17,0,1,5,4,0,False,PASS_DOMAIN_RUNTIME_SEMANTICS
reports/csv/browser_runtime_db_consistency.csv,canonical_or_derived_artifact,reports/csv/browser_runtime_db_consistency.csv,112,12,0,1,2,4,0,False,PASS_DOMAIN_RUNTIME_SEMANTICS
reports/csv/campaign_evidence_audit.csv,canonical_or_derived_artifact,reports/csv/campaign_evidence_audit.csv,8,5,0,0,0,4,0,False,PASS_DOMAIN_RUNTIME_SEMANTICS
reports/csv/canonical_kpi_ledger.csv,canonical_or_derived_artifact,reports/csv/canonical_kpi_ledger.csv,1,13,4,1,0,4,0,False,PASS_DOMAIN_RUNTIME_SEMANTICS
reports/csv/case_status.csv,canonical_or_derived_artifact,reports/csv/case_status.csv,1,6,0,0,0,4,0,False,PASS_DOMAIN_RUNTIME_SEMANTICS
reports/csv/cfo_reconciliation.csv,canonical_or_derived_artifact,reports/csv/cfo_reconciliation.csv,2,12,4,0,0,5,0,False,PASS_STATUS_REDUCTION_SEMANTICS
reports/csv/cfo_to_tracking_traces.csv,canonical_or_derived_artifact,reports/csv/cfo_to_tracking_traces.csv,240,27,7,0,4,4,0,False,PASS_DOMAIN_RUNTIME_SEMANTICS
reports/csv/channel_array_consistency.csv,canonical_or_derived_artifact,reports/csv/channel_array_consistency.csv,2,42,4,6,0,4,0,False,PASS_DOMAIN_RUNTIME_SEMANTICS
reports/csv/channel_estimation_tracking_outputs.csv,canonical_or_derived_artifact,reports/csv/channel_estimation_tracking_outputs.csv,34,14,0,0,2,9,0,False,PASS_DOMAIN_RUNTIME_SEMANTICS
reports/csv/channel_impulse_response.csv,canonical_or_derived_artifact,reports/csv/channel_impulse_response.csv,0,19,0,0,0,1,0,False,PASS_POLICY_DISABLED_NO_OBSERVATIONS
reports/csv/channel_realization_reconciliation.csv,canonical_or_derived_artifact,reports/csv/channel_realization_reconciliation.csv,2,13,5,2,0,5,0,False,PASS_STATUS_REDUCTION_SEMANTICS
reports/csv/channel_rf_reconciliation.csv,canonical_or_derived_artifact,reports/csv/channel_rf_reconciliation.csv,1,10,0,0,0,5,0,False,PASS_STATUS_REDUCTION_SEMANTICS
reports/csv/channel_snapshots.csv,canonical_or_derived_artifact,reports/csv/channel_snapshots.csv,240,18,1,0,3,4,0,False,PASS_DOMAIN_RUNTIME_SEMANTICS
reports/csv/chart_source_registry.csv,canonical_or_derived_artifact,reports/csv/chart_source_registry.csv,27,10,0,0,0,4,0,False,PASS_DOMAIN_RUNTIME_SEMANTICS
reports/csv/checkpoint_resume_equivalence.csv,canonical_or_derived_artifact,reports/csv/checkpoint_resume_equivalence.csv,1,13,0,1,0,5,0,False,PASS_STATUS_REDUCTION_SEMANTICS
reports/csv/coding_decoder_outputs.csv,canonical_or_derived_artifact,reports/csv/coding_decoder_outputs.csv,64,14,0,0,1,9,0,False,PASS_DOMAIN_RUNTIME_SEMANTICS
reports/csv/compare_run_prerequisites.csv,canonical_or_derived_artifact,reports/csv/compare_run_prerequisites.csv,3,35,0,16,0,4,0,False,PASS_DOMAIN_RUNTIME_SEMANTICS
reports/csv/complexity_implementation_outputs.csv,canonical_or_derived_artifact,reports/csv/complexity_implementation_outputs.csv,49,14,0,0,0,9,0,False,PASS_DOMAIN_RUNTIME_SEMANTICS
reports/csv/config_exposure_summary.csv,canonical_or_derived_artifact,reports/csv/config_exposure_summary.csv,112,14,0,0,0,4,0,False,PASS_DOMAIN_RUNTIME_SEMANTICS
reports/csv/config_ownership_matrix.csv,canonical_or_derived_artifact,reports/csv/config_ownership_matrix.csv,112,18,0,0,2,4,0,False,PASS_DOMAIN_RUNTIME_SEMANTICS
reports/csv/config_roundtrip_verification.csv,canonical_or_derived_artifact,reports/csv/config_roundtrip_verification.csv,112,42,0,2,6,4,0,False,PASS_DOMAIN_RUNTIME_SEMANTICS
reports/csv/config_status_summary.csv,canonical_or_derived_artifact,reports/csv/config_status_summary.csv,16,5,0,0,0,4,0,False,PASS_DOMAIN_RUNTIME_SEMANTICS
reports/csv/configured_effective_operating_point.csv,canonical_or_derived_artifact,reports/csv/configured_effective_operating_point.csv,240,25,1,2,0,4,0,False,PASS_DOMAIN_RUNTIME_SEMANTICS
reports/csv/conformance_matrix_runtime_audit.csv,canonical_or_derived_artifact,reports/csv/conformance_matrix_runtime_audit.csv,9,16,4,1,0,4,0,False,PASS_DOMAIN_RUNTIME_SEMANTICS
reports/csv/contract__beamforming-precoding-mimo-massive-mimo__precoder-mode-distribution.csv,browser_contract_dataset,reports/csv/contract__beamforming-precoding-mimo-massive-mimo__precoder-mode-distribution.csv,2,6,0,0,0,5,0,False,PASS_CHART_DATASET_SEMANTICS
reports/csv/contract__channel-interference-impairments__cfo-true-vs-estimated-vs-residual.csv,browser_contract_dataset,reports/csv/contract__channel-interference-impairments__cfo-true-vs-estimated-vs-residual.csv,240,12,1,0,0,5,0,False,PASS_CHART_DATASET_SEMANTICS
reports/csv/contract__channel-interference-impairments__channel-quality-timeline.csv,browser_contract_dataset,reports/csv/contract__channel-interference-impairments__channel-quality-timeline.csv,40,15,0,2,0,5,0,False,PASS_CHART_DATASET_SEMANTICS
reports/csv/contract__fixed-snr-sinr-sweep-validation__dl-ber-vs-snr.csv,browser_contract_dataset,reports/csv/contract__fixed-snr-sinr-sweep-validation__dl-ber-vs-snr.csv,3,19,0,0,0,5,0,False,PASS_CHART_DATASET_SEMANTICS
reports/csv/contract__fixed-snr-sinr-sweep-validation__dl-bler-vs-snr.csv,browser_contract_dataset,reports/csv/contract__fixed-snr-sinr-sweep-validation__dl-bler-vs-snr.csv,3,19,0,0,0,5,0,False,PASS_CHART_DATASET_SEMANTICS
reports/csv/contract__fixed-snr-sinr-sweep-validation__measured-sinr-vs-configured-snr.csv,browser_contract_dataset,reports/csv/contract__fixed-snr-sinr-sweep-validation__measured-sinr-vs-configured-snr.csv,6,19,0,2,0,5,0,False,PASS_CHART_DATASET_SEMANTICS
reports/csv/contract__fixed-snr-sinr-sweep-validation__throughput-vs-snr.csv,browser_contract_dataset,reports/csv/contract__fixed-snr-sinr-sweep-validation__throughput-vs-snr.csv,6,19,0,2,0,5,0,False,PASS_CHART_DATASET_SEMANTICS
reports/csv/contract__fixed-snr-sinr-sweep-validation__ul-ber-vs-snr.csv,browser_contract_dataset,reports/csv/contract__fixed-snr-sinr-sweep-validation__ul-ber-vs-snr.csv,3,19,0,0,0,5,0,False,PASS_CHART_DATASET_SEMANTICS
reports/csv/contract__fixed-snr-sinr-sweep-validation__ul-bler-vs-snr.csv,browser_contract_dataset,reports/csv/contract__fixed-snr-sinr-sweep-validation__ul-bler-vs-snr.csv,3,19,0,0,0,5,0,False,PASS_CHART_DATASET_SEMANTICS
reports/csv/contract__generic-investigator-views__config-vs-measured-conflict-dashboard.csv,browser_contract_dataset,reports/csv/contract__generic-investigator-views__config-vs-measured-conflict-dashboard.csv,2,15,0,2,0,5,0,False,PASS_CHART_DATASET_SEMANTICS
reports/csv/contract__generic-investigator-views__investigator-stage-lineage-graph.csv,browser_contract_dataset,reports/csv/contract__generic-investigator-views__investigator-stage-lineage-graph.csv,48,7,0,0,0,5,0,False,PASS_CHART_DATASET_SEMANTICS
reports/csv/contract__generic-investigator-views__partial-or-missing-data-dashboard.csv,browser_contract_dataset,reports/csv/contract__generic-investigator-views__partial-or-missing-data-dashboard.csv,9,15,0,2,0,5,0,False,PASS_CHART_DATASET_SEMANTICS
reports/csv/contract__generic-investigator-views__truth-violation-rollup.csv,browser_contract_dataset,reports/csv/contract__generic-investigator-views__truth-violation-rollup.csv,1,15,0,2,0,5,0,False,PASS_CHART_DATASET_SEMANTICS
reports/csv/contract__generic-investigator-views__value-semantics-coverage-chart.csv,browser_contract_dataset,reports/csv/contract__generic-investigator-views__value-semantics-coverage-chart.csv,1,15,0,2,0,5,0,False,PASS_CHART_DATASET_SEMANTICS
reports/csv/contract__geometry-mobility-validation__measured-sinr-vs-slot.csv,browser_contract_dataset,reports/csv/contract__geometry-mobility-validation__measured-sinr-vs-slot.csv,40,15,0,2,0,5,0,False,PASS_CHART_DATASET_SEMANTICS
reports/csv/contract__measurements-csi-link-adaptation-inputs__applied-vs-measured-runtime-snr-sinr-comparison.csv,browser_contract_dataset,reports/csv/contract__measurements-csi-link-adaptation-inputs__applied-vs-measured-runtime-snr-sinr-comparison.csv,6,19,0,2,0,5,0,False,PASS_CHART_DATASET_SEMANTICS
reports/csv/contract__measurements-csi-link-adaptation-inputs__config-vs-measured-conflict-dashboard.csv,browser_contract_dataset,reports/csv/contract__measurements-csi-link-adaptation-inputs__config-vs-measured-conflict-dashboard.csv,2,15,0,2,0,5,0,False,PASS_CHART_DATASET_SEMANTICS
reports/csv/contract__measurements-csi-link-adaptation-inputs__measurement-source-coverage-chart.csv,browser_contract_dataset,reports/csv/contract__measurements-csi-link-adaptation-inputs__measurement-source-coverage-chart.csv,3,15,0,2,0,5,0,False,PASS_CHART_DATASET_SEMANTICS
reports/csv/contract__pdsch-dl-data-chain__code-block-count-histogram.csv,browser_contract_dataset,reports/csv/contract__pdsch-dl-data-chain__code-block-count-histogram.csv,1,15,0,2,0,5,0,False,PASS_CHART_DATASET_SEMANTICS
reports/csv/contract__pdsch-dl-data-chain__mcs-code-rate-timeline.csv,browser_contract_dataset,reports/csv/contract__pdsch-dl-data-chain__mcs-code-rate-timeline.csv,40,15,0,2,0,5,0,False,PASS_CHART_DATASET_SEMANTICS
reports/csv/contract__pdsch-dl-data-chain__tb-size-over-time.csv,browser_contract_dataset,reports/csv/contract__pdsch-dl-data-chain__tb-size-over-time.csv,40,15,0,2,0,5,0,False,PASS_CHART_DATASET_SEMANTICS
reports/csv/contract__persistence-export-consistency-browser-health__consistency-failure-trend.csv,browser_contract_dataset,reports/csv/contract__persistence-export-consistency-browser-health__consistency-failure-trend.csv,130,7,0,0,0,5,0,False,PASS_CHART_DATASET_SEMANTICS
reports/csv/contract__persistence-export-consistency-browser-health__duplicate-write-count-trend.csv,browser_contract_dataset,reports/csv/contract__persistence-export-consistency-browser-health__duplicate-write-count-trend.csv,910,7,1,0,0,5,0,False,PASS_CHART_DATASET_SEMANTICS
reports/csv/contract__power-energy-thermal-compute-runtime__efficiency-scatter-plots.csv,browser_contract_dataset,reports/csv/contract__power-energy-thermal-compute-runtime__efficiency-scatter-plots.csv,240,11,0,0,0,5,0,False,PASS_CHART_DATASET_SEMANTICS
reports/csv/contract__power-energy-thermal-compute-runtime__energy-per-bit-over-time.csv,browser_contract_dataset,reports/csv/contract__power-energy-thermal-compute-runtime__energy-per-bit-over-time.csv,4,15,0,2,0,5,0,False,PASS_CHART_DATASET_SEMANTICS
reports/csv/contract__power-energy-thermal-compute-runtime__joules-gb-over-time.csv,browser_contract_dataset,reports/csv/contract__power-energy-thermal-compute-runtime__joules-gb-over-time.csv,4,15,0,2,0,5,0,False,PASS_CHART_DATASET_SEMANTICS
reports/csv/contract__power-energy-thermal-compute-runtime__papr-distribution.csv,browser_contract_dataset,reports/csv/contract__power-energy-thermal-compute-runtime__papr-distribution.csv,15,15,0,2,0,5,0,False,PASS_CHART_DATASET_SEMANTICS
reports/csv/contract__power-energy-thermal-compute-runtime__power-vs-bler.csv,browser_contract_dataset,reports/csv/contract__power-energy-thermal-compute-runtime__power-vs-bler.csv,240,7,0,0,0,5,0,False,PASS_CHART_DATASET_SEMANTICS
reports/csv/contract__power-energy-thermal-compute-runtime__power-vs-throughput.csv,browser_contract_dataset,reports/csv/contract__power-energy-thermal-compute-runtime__power-vs-throughput.csv,240,7,0,0,0,5,0,False,PASS_CHART_DATASET_SEMANTICS
reports/csv/contract__power-energy-thermal-compute-runtime__sleep-state-timeline.csv,browser_contract_dataset,reports/csv/contract__power-energy-thermal-compute-runtime__sleep-state-timeline.csv,480,13,0,0,0,5,0,False,PASS_CHART_DATASET_SEMANTICS
reports/csv/contract__power-energy-thermal-compute-runtime__tx-power-timeline-per-cell.csv,browser_contract_dataset,reports/csv/contract__power-energy-thermal-compute-runtime__tx-power-timeline-per-cell.csv,40,15,0,2,0,5,0,False,PASS_CHART_DATASET_SEMANTICS
reports/csv/contract__power-energy-thermal-compute-runtime__tx-power-timeline-per-ue.csv,browser_contract_dataset,reports/csv/contract__power-energy-thermal-compute-runtime__tx-power-timeline-per-ue.csv,40,15,0,2,0,5,0,False,PASS_CHART_DATASET_SEMANTICS
reports/csv/contract__pucch-f0-f1-f2-f3-f4__crash-error-timeline.csv,browser_contract_dataset,reports/csv/contract__pucch-f0-f1-f2-f3-f4__crash-error-timeline.csv,40,15,1,2,0,5,0,False,PASS_CHART_DATASET_SEMANTICS
reports/csv/contract__pusch-ul-data-chain__decoder-iteration-histogram.csv,browser_contract_dataset,reports/csv/contract__pusch-ul-data-chain__decoder-iteration-histogram.csv,11,15,0,2,0,5,0,False,PASS_CHART_DATASET_SEMANTICS
reports/csv/contract__pusch-ul-data-chain__llr-statistics-over-time.csv,browser_contract_dataset,reports/csv/contract__pusch-ul-data-chain__llr-statistics-over-time.csv,40,15,0,2,0,5,0,False,PASS_CHART_DATASET_SEMANTICS
reports/csv/contract__run-trial-scenario-overview__error-warning-fallback-stacked-time-series.csv,browser_contract_dataset,reports/csv/contract__run-trial-scenario-overview__error-warning-fallback-stacked-time-series.csv,10,15,1,2,0,5,0,False,PASS_CHART_DATASET_SEMANTICS
reports/csv/contract__run-trial-scenario-overview__required-vs-failed-case-bar-chart.csv,browser_contract_dataset,reports/csv/contract__run-trial-scenario-overview__required-vs-failed-case-bar-chart.csv,4,7,0,0,0,5,0,False,PASS_CHART_DATASET_SEMANTICS
reports/csv/contract__run-trial-scenario-overview__run-health-timeline.csv,browser_contract_dataset,reports/csv/contract__run-trial-scenario-overview__run-health-timeline.csv,1,15,1,2,0,5,0,False,PASS_CHART_DATASET_SEMANTICS
reports/csv/contract__run-trial-scenario-overview__truth-policy-violations-by-category.csv,browser_contract_dataset,reports/csv/contract__run-trial-scenario-overview__truth-policy-violations-by-category.csv,1,15,0,2,0,5,0,False,PASS_CHART_DATASET_SEMANTICS
reports/csv/contract__srs-ul-sounding-massive-mimo-inputs__channel-estimate-quality-trend.csv,browser_contract_dataset,reports/csv/contract__srs-ul-sounding-massive-mimo-inputs__channel-estimate-quality-trend.csv,40,15,0,2,0,5,0,False,PASS_CHART_DATASET_SEMANTICS
reports/csv/contract__ue-side-state-ue-power-ue-control__ue-control-report-timeline.csv,browser_contract_dataset,reports/csv/contract__ue-side-state-ue-power-ue-control__ue-control-report-timeline.csv,22,15,0,2,0,5,0,False,PASS_CHART_DATASET_SEMANTICS
reports/csv/contract_materialization_coverage.csv,canonical_or_derived_artifact,reports/csv/contract_materialization_coverage.csv,1,12,2,0,0,4,0,False,PASS_DOMAIN_RUNTIME_SEMANTICS
reports/csv/contract_materialization_manifest.csv,canonical_or_derived_artifact,reports/csv/contract_materialization_manifest.csv,208,5,0,0,0,4,0,False,PASS_DOMAIN_RUNTIME_SEMANTICS
reports/csv/contract_plot_lineage.csv,canonical_or_derived_artifact,reports/csv/contract_plot_lineage.csv,103,13,0,1,0,5,0,False,PASS_CHART_DATASET_SEMANTICS
reports/csv/cqi_table_reference.csv,canonical_or_derived_artifact,reports/csv/cqi_table_reference.csv,32,9,0,0,0,5,0,False,PASS_DOMAIN_RUNTIME_SEMANTICS
reports/csv/csi_outputs.csv,canonical_or_derived_artifact,reports/csv/csi_outputs.csv,53,14,0,0,2,9,0,False,PASS_DOMAIN_RUNTIME_SEMANTICS
reports/csv/debug_trace_outputs.csv,canonical_or_derived_artifact,reports/csv/debug_trace_outputs.csv,24,14,0,2,0,9,0,False,PASS_DOMAIN_RUNTIME_SEMANTICS
reports/csv/deployment_layout_reference.csv,canonical_or_derived_artifact,reports/csv/deployment_layout_reference.csv,1,17,4,0,0,4,0,False,PASS_DOMAIN_RUNTIME_SEMANTICS
reports/csv/dl_fixed_link_ber_curve.csv,canonical_or_derived_artifact,reports/csv/dl_fixed_link_ber_curve.csv,3,45,1,0,0,5,0,False,PASS_DERIVED_LINK_SEMANTICS
reports/csv/dl_fixed_link_bler_curve.csv,canonical_or_derived_artifact,reports/csv/dl_fixed_link_bler_curve.csv,3,45,1,0,0,5,0,False,PASS_DERIVED_LINK_SEMANTICS
reports/csv/dl_fixed_link_campaign_trials.csv,canonical_or_derived_artifact,reports/csv/dl_fixed_link_campaign_trials.csv,120,964,134,298,0,4,0,False,PASS_DOMAIN_RUNTIME_SEMANTICS
reports/csv/dl_fixed_snr_ber_curve.csv,canonical_or_derived_artifact,reports/csv/dl_fixed_snr_ber_curve.csv,3,54,1,0,0,5,0,False,PASS_DERIVED_LINK_SEMANTICS
reports/csv/dl_fixed_snr_bler_curve.csv,canonical_or_derived_artifact,reports/csv/dl_fixed_snr_bler_curve.csv,3,54,1,0,0,5,0,False,PASS_DERIVED_LINK_SEMANTICS
reports/csv/dl_pdsch_objective_artifact_schema.csv,canonical_or_derived_artifact,reports/csv/dl_pdsch_objective_artifact_schema.csv,4,5,0,0,0,4,0,False,PASS_DOMAIN_RUNTIME_SEMANTICS
reports/csv/dl_pdsch_objective_failures.csv,canonical_or_derived_artifact,reports/csv/dl_pdsch_objective_failures.csv,0,8,0,0,0,4,0,False,PASS_CONTRACTED_ZERO_EVENT_NO_OBSERVATIONS
reports/csv/dl_pdsch_raw_bler_ber_objective.csv,canonical_or_derived_artifact,reports/csv/dl_pdsch_raw_bler_ber_objective.csv,1,49,10,1,0,4,0,False,PASS_DOMAIN_RUNTIME_SEMANTICS
reports/csv/dut_reference_comparison.csv,canonical_or_derived_artifact,reports/csv/dut_reference_comparison.csv,35,21,0,0,9,5,0,False,PASS_STATUS_REDUCTION_SEMANTICS
reports/csv/energy_efficiency_outputs.csv,canonical_or_derived_artifact,reports/csv/energy_efficiency_outputs.csv,15,14,0,0,2,9,0,False,PASS_DOMAIN_RUNTIME_SEMANTICS
reports/csv/energy_model_gate.csv,canonical_or_derived_artifact,reports/csv/energy_model_gate.csv,1,14,0,0,0,5,0,False,PASS_STATUS_REDUCTION_SEMANTICS
reports/csv/energy_root_cause_table.csv,canonical_or_derived_artifact,reports/csv/energy_root_cause_table.csv,2,35,0,16,0,4,0,False,PASS_DOMAIN_RUNTIME_SEMANTICS
reports/csv/equalized_constellations.csv,canonical_or_derived_artifact,reports/csv/equalized_constellations.csv,0,40,0,0,0,1,0,False,PASS_POLICY_DISABLED_NO_OBSERVATIONS
reports/csv/evm_reconciliation.csv,canonical_or_derived_artifact,reports/csv/evm_reconciliation.csv,2,9,0,0,0,5,0,False,PASS_STATUS_REDUCTION_SEMANTICS
reports/csv/feature_parameter_index.csv,canonical_or_derived_artifact,reports/csv/feature_parameter_index.csv,53,8,0,0,0,4,0,False,PASS_DOMAIN_RUNTIME_SEMANTICS
reports/csv/fer_summary.csv,canonical_or_derived_artifact,reports/csv/fer_summary.csv,4,14,0,0,3,4,0,False,PASS_DOMAIN_RUNTIME_SEMANTICS
reports/csv/final_scientific_claims_truthfulness.csv,canonical_or_derived_artifact,reports/csv/final_scientific_claims_truthfulness.csv,1,8,2,0,0,5,0,False,PASS_STATUS_REDUCTION_SEMANTICS
reports/csv/fixed_link_campaign_summary.csv,canonical_or_derived_artifact,reports/csv/fixed_link_campaign_summary.csv,2,17,1,0,0,5,0,False,PASS_DERIVED_LINK_SEMANTICS
reports/csv/fixed_link_campaign_task_plan.csv,canonical_or_derived_artifact,reports/csv/fixed_link_campaign_task_plan.csv,6,19,0,0,0,4,0,False,PASS_DOMAIN_RUNTIME_SEMANTICS
reports/csv/fixed_snr_sweep_audit.csv,canonical_or_derived_artifact,reports/csv/fixed_snr_sweep_audit.csv,46,8,1,0,1,5,0,False,PASS_STATUS_REDUCTION_SEMANTICS
reports/csv/fixed_snr_sweep_curve_crossing.csv,canonical_or_derived_artifact,reports/csv/fixed_snr_sweep_curve_crossing.csv,4,6,0,0,0,4,0,False,PASS_DOMAIN_RUNTIME_SEMANTICS
reports/csv/fixed_snr_sweep_curve_summary.csv,canonical_or_derived_artifact,reports/csv/fixed_snr_sweep_curve_summary.csv,6,54,1,0,0,5,0,False,PASS_DERIVED_LINK_SEMANTICS
reports/csv/fixed_snr_sweep_monotonicity_audit.csv,canonical_or_derived_artifact,reports/csv/fixed_snr_sweep_monotonicity_audit.csv,4,12,2,0,0,4,0,False,PASS_DOMAIN_RUNTIME_SEMANTICS
reports/csv/fixed_snr_sweep_point_completeness.csv,canonical_or_derived_artifact,reports/csv/fixed_snr_sweep_point_completeness.csv,6,21,2,0,0,4,0,False,PASS_DOMAIN_RUNTIME_SEMANTICS
reports/csv/fixed_snr_sweep_required_outputs.csv,canonical_or_derived_artifact,reports/csv/fixed_snr_sweep_required_outputs.csv,11,8,0,0,0,5,0,False,PASS_MANIFEST_INTEGRITY_SEMANTICS
reports/csv/frc_reference_diagnostic.csv,canonical_or_derived_artifact,reports/csv/frc_reference_diagnostic.csv,8,29,8,3,0,6,0,False,PASS_DOMAIN_RUNTIME_SEMANTICS
reports/csv/frc_reference_plot_lineage.csv,canonical_or_derived_artifact,reports/csv/frc_reference_plot_lineage.csv,8,13,0,1,0,6,0,False,PASS_DOMAIN_RUNTIME_SEMANTICS
reports/csv/frc_reference_points/dl_r_pdsch_1_1_4_fdd_awgn.csv,canonical_or_derived_artifact,reports/csv/frc_reference_points/dl_r_pdsch_1_1_4_fdd_awgn.csv,1,84,16,3,0,8,0,False,PASS_DOMAIN_RUNTIME_SEMANTICS
reports/csv/frc_reference_points/dl_r_pdsch_1_2_4_fdd_tdla30_10.csv,canonical_or_derived_artifact,reports/csv/frc_reference_points/dl_r_pdsch_1_2_4_fdd_tdla30_10.csv,1,84,8,0,0,8,0,False,PASS_DOMAIN_RUNTIME_SEMANTICS
reports/csv/frc_reference_points/dl_r_pdsch_1_3_1_fdd_tdla30_10.csv,canonical_or_derived_artifact,reports/csv/frc_reference_points/dl_r_pdsch_1_3_1_fdd_tdla30_10.csv,1,84,12,0,0,8,0,False,PASS_DOMAIN_RUNTIME_SEMANTICS
reports/csv/frc_reference_points/dl_r_pdsch_1_3_6_fdd_atg_awgn.csv,canonical_or_derived_artifact,reports/csv/frc_reference_points/dl_r_pdsch_1_3_6_fdd_atg_awgn.csv,1,84,12,3,0,8,0,False,PASS_DOMAIN_RUNTIME_SEMANTICS
reports/csv/frc_reference_points/dl_r_pdsch_1_4_1_fdd_atg_awgn.csv,canonical_or_derived_artifact,reports/csv/frc_reference_points/dl_r_pdsch_1_4_1_fdd_atg_awgn.csv,1,84,12,3,0,8,0,False,PASS_DOMAIN_RUNTIME_SEMANTICS
reports/csv/frc_reference_points/ul_g_fr1_a13_1_atg_awgn.csv,canonical_or_derived_artifact,reports/csv/frc_reference_points/ul_g_fr1_a13_1_atg_awgn.csv,1,84,12,3,0,8,0,False,PASS_DOMAIN_RUNTIME_SEMANTICS
reports/csv/frc_reference_points/ul_g_fr1_a3_8_tdlb100_400.csv,canonical_or_derived_artifact,reports/csv/frc_reference_points/ul_g_fr1_a3_8_tdlb100_400.csv,1,84,10,0,0,8,0,False,PASS_DOMAIN_RUNTIME_SEMANTICS
reports/csv/frc_reference_points/ul_g_fr1_a3a_1_awgn.csv,canonical_or_derived_artifact,reports/csv/frc_reference_points/ul_g_fr1_a3a_1_awgn.csv,1,84,16,3,0,8,0,False,PASS_DOMAIN_RUNTIME_SEMANTICS
reports/csv/frc_reference_points.csv,canonical_or_derived_artifact,reports/csv/frc_reference_points.csv,8,84,7,0,2,9,0,False,PASS_DOMAIN_RUNTIME_SEMANTICS
reports/csv/generated_value_plausibility_audit.csv,canonical_or_derived_artifact,reports/csv/generated_value_plausibility_audit.csv,5,13,1,1,1,4,0,False,PASS_DOMAIN_RUNTIME_SEMANTICS
reports/csv/hardcoded_parameter_audit.csv,canonical_or_derived_artifact,reports/csv/hardcoded_parameter_audit.csv,26,13,0,0,0,4,0,False,PASS_DOMAIN_RUNTIME_SEMANTICS
reports/csv/harq_outputs.csv,canonical_or_derived_artifact,reports/csv/harq_outputs.csv,10,14,1,6,0,9,0,False,PASS_DOMAIN_RUNTIME_SEMANTICS
reports/csv/honest_unavailable_registry.csv,canonical_or_derived_artifact,reports/csv/honest_unavailable_registry.csv,67,36,0,16,0,4,0,False,PASS_DOMAIN_RUNTIME_SEMANTICS
reports/csv/implementation_function_coverage.csv,canonical_or_derived_artifact,reports/csv/implementation_function_coverage.csv,21,19,4,0,0,4,0,False,PASS_DOMAIN_RUNTIME_SEMANTICS
reports/csv/initial_access_random_access_outputs.csv,canonical_or_derived_artifact,reports/csv/initial_access_random_access_outputs.csv,26,14,0,0,2,9,0,False,PASS_DOMAIN_RUNTIME_SEMANTICS
reports/csv/instrumentation_coverage_table.csv,canonical_or_derived_artifact,reports/csv/instrumentation_coverage_table.csv,25,36,1,15,0,4,0,False,PASS_DOMAIN_RUNTIME_SEMANTICS
reports/csv/interference_accounting.csv,canonical_or_derived_artifact,reports/csv/interference_accounting.csv,2,12,3,0,0,5,0,False,PASS_STATUS_REDUCTION_SEMANTICS
reports/csv/iq_imbalance_reconciliation.csv,canonical_or_derived_artifact,reports/csv/iq_imbalance_reconciliation.csv,2,11,6,0,0,5,0,False,PASS_STATUS_REDUCTION_SEMANTICS
reports/csv/kpi_consistency_gate.csv,canonical_or_derived_artifact,reports/csv/kpi_consistency_gate.csv,6,8,1,1,0,5,0,False,PASS_STATUS_REDUCTION_SEMANTICS
reports/csv/kpi_direction_isolation_audit.csv,canonical_or_derived_artifact,reports/csv/kpi_direction_isolation_audit.csv,2,13,3,1,0,5,0,False,PASS_STATUS_REDUCTION_SEMANTICS
reports/csv/kpi_duration_source_audit.csv,canonical_or_derived_artifact,reports/csv/kpi_duration_source_audit.csv,2,14,2,1,0,5,0,False,PASS_STATUS_REDUCTION_SEMANTICS
reports/csv/kpi_formula_registry.csv,canonical_or_derived_artifact,reports/csv/kpi_formula_registry.csv,28,22,0,0,0,5,0,False,PASS_MANIFEST_INTEGRITY_SEMANTICS
reports/csv/kpi_harq_delivery_trace_dl.csv,canonical_or_derived_artifact,reports/csv/kpi_harq_delivery_trace_dl.csv,120,26,4,1,2,6,0,False,PASS_DOMAIN_RUNTIME_SEMANTICS
reports/csv/kpi_harq_delivery_trace_ul.csv,canonical_or_derived_artifact,reports/csv/kpi_harq_delivery_trace_ul.csv,120,26,4,1,2,6,0,False,PASS_DOMAIN_RUNTIME_SEMANTICS
reports/csv/kpi_health_flags.csv,canonical_or_derived_artifact,reports/csv/kpi_health_flags.csv,12,39,2,15,0,4,0,False,PASS_DOMAIN_RUNTIME_SEMANTICS
reports/csv/kpi_known_bug_regression.csv,canonical_or_derived_artifact,reports/csv/kpi_known_bug_regression.csv,1,10,1,1,0,5,0,False,PASS_STATUS_REDUCTION_SEMANTICS
reports/csv/kpi_legacy_alias_map.csv,canonical_or_derived_artifact,reports/csv/kpi_legacy_alias_map.csv,4,12,0,1,0,5,0,False,PASS_STATUS_REDUCTION_SEMANTICS
reports/csv/kpi_lineage_table.csv,canonical_or_derived_artifact,reports/csv/kpi_lineage_table.csv,24,26,3,1,3,5,0,False,PASS_STATUS_REDUCTION_SEMANTICS
reports/csv/kpi_objective_binding.csv,canonical_or_derived_artifact,reports/csv/kpi_objective_binding.csv,28,15,0,0,0,5,0,False,PASS_STATUS_REDUCTION_SEMANTICS
reports/csv/kpi_raw_table_schema_audit.csv,canonical_or_derived_artifact,reports/csv/kpi_raw_table_schema_audit.csv,10,13,2,1,0,4,0,False,PASS_DOMAIN_RUNTIME_SEMANTICS
reports/csv/kpi_reconstruction_summary.csv,canonical_or_derived_artifact,reports/csv/kpi_reconstruction_summary.csv,24,42,5,1,7,5,0,False,PASS_STATUS_REDUCTION_SEMANTICS
reports/csv/kpi_row_contributions_dl.csv,canonical_or_derived_artifact,reports/csv/kpi_row_contributions_dl.csv,120,32,3,1,2,6,0,False,PASS_DOMAIN_RUNTIME_SEMANTICS
reports/csv/kpi_row_contributions_ul.csv,canonical_or_derived_artifact,reports/csv/kpi_row_contributions_ul.csv,120,32,3,1,2,6,0,False,PASS_DOMAIN_RUNTIME_SEMANTICS
reports/csv/kpi_source_table_manifest.csv,canonical_or_derived_artifact,reports/csv/kpi_source_table_manifest.csv,8,19,0,0,0,5,0,False,PASS_MANIFEST_INTEGRITY_SEMANTICS
reports/csv/kpi_tb_delivery_ledger_dl.csv,canonical_or_derived_artifact,reports/csv/kpi_tb_delivery_ledger_dl.csv,120,26,4,1,2,6,0,False,PASS_DOMAIN_RUNTIME_SEMANTICS
reports/csv/kpi_tb_delivery_ledger_ul.csv,canonical_or_derived_artifact,reports/csv/kpi_tb_delivery_ledger_ul.csv,120,26,4,1,2,6,0,False,PASS_DOMAIN_RUNTIME_SEMANTICS
reports/csv/kpi_unit_conversion_audit.csv,canonical_or_derived_artifact,reports/csv/kpi_unit_conversion_audit.csv,4,14,1,1,0,5,0,False,PASS_STATUS_REDUCTION_SEMANTICS
reports/csv/latency_cdf_plot.csv,canonical_or_derived_artifact,reports/csv/latency_cdf_plot.csv,240,33,0,16,0,4,0,False,PASS_DOMAIN_RUNTIME_SEMANTICS
reports/csv/latency_reconciliation.csv,canonical_or_derived_artifact,reports/csv/latency_reconciliation.csv,1,5,0,1,0,5,0,False,PASS_STATUS_REDUCTION_SEMANTICS
reports/csv/latency_root_cause_table.csv,canonical_or_derived_artifact,reports/csv/latency_root_cause_table.csv,12,32,0,14,0,4,0,False,PASS_DOMAIN_RUNTIME_SEMANTICS
reports/csv/live_access_state.csv,canonical_or_derived_artifact,reports/csv/live_access_state.csv,26,14,0,0,2,4,0,False,PASS_DOMAIN_RUNTIME_SEMANTICS
reports/csv/live_artifact_write_table.csv,canonical_or_derived_artifact,reports/csv/live_artifact_write_table.csv,603,7,0,0,0,4,0,False,PASS_DOMAIN_RUNTIME_SEMANTICS
reports/csv/live_bb_power_table.csv,canonical_or_derived_artifact,reports/csv/live_bb_power_table.csv,240,72,4,8,3,4,0,False,PASS_DOMAIN_RUNTIME_SEMANTICS
reports/csv/live_beam_management_procedure_stats.csv,canonical_or_derived_artifact,reports/csv/live_beam_management_procedure_stats.csv,35,19,0,0,5,4,0,False,PASS_DOMAIN_RUNTIME_SEMANTICS
reports/csv/live_beam_p1_acquisition_stats.csv,canonical_or_derived_artifact,reports/csv/live_beam_p1_acquisition_stats.csv,0,19,0,0,0,1,0,False,PASS_POLICY_DISABLED_NO_OBSERVATIONS
reports/csv/live_beam_p2_refinement_stats.csv,canonical_or_derived_artifact,reports/csv/live_beam_p2_refinement_stats.csv,35,19,0,0,5,4,0,False,PASS_DOMAIN_RUNTIME_SEMANTICS
reports/csv/live_beam_selection_stats.csv,canonical_or_derived_artifact,reports/csv/live_beam_selection_stats.csv,35,19,0,0,5,4,0,False,PASS_DOMAIN_RUNTIME_SEMANTICS
reports/csv/live_beam_selection_table.csv,canonical_or_derived_artifact,reports/csv/live_beam_selection_table.csv,240,29,0,0,10,4,0,False,PASS_DOMAIN_RUNTIME_SEMANTICS
reports/csv/live_browser_surface_integrity_table.csv,canonical_or_derived_artifact,reports/csv/live_browser_surface_integrity_table.csv,130,8,0,0,0,4,0,False,PASS_DOMAIN_RUNTIME_SEMANTICS
reports/csv/live_bwp_state.csv,canonical_or_derived_artifact,reports/csv/live_bwp_state.csv,2,101,20,0,0,4,0,False,PASS_DOMAIN_RUNTIME_SEMANTICS
reports/csv/live_carrier_config.csv,canonical_or_derived_artifact,reports/csv/live_carrier_config.csv,2,101,20,0,0,4,0,False,PASS_DOMAIN_RUNTIME_SEMANTICS
reports/csv/live_case_status.csv,canonical_or_derived_artifact,reports/csv/live_case_status.csv,10,9,2,0,0,4,0,False,PASS_DOMAIN_RUNTIME_SEMANTICS
reports/csv/live_cell_table.csv,canonical_or_derived_artifact,reports/csv/live_cell_table.csv,1,21,0,0,0,4,0,False,PASS_DOMAIN_RUNTIME_SEMANTICS
reports/csv/live_channel_estimation_stats.csv,canonical_or_derived_artifact,reports/csv/live_channel_estimation_stats.csv,33,17,0,0,0,4,0,False,PASS_DOMAIN_RUNTIME_SEMANTICS
reports/csv/live_channel_realization_table.csv,canonical_or_derived_artifact,reports/csv/live_channel_realization_table.csv,240,9,1,0,0,4,0,False,PASS_DOMAIN_RUNTIME_SEMANTICS
reports/csv/live_combiner_table.csv,canonical_or_derived_artifact,reports/csv/live_combiner_table.csv,240,52,3,0,6,4,0,False,PASS_DOMAIN_RUNTIME_SEMANTICS
reports/csv/live_consistency_check_table.csv,canonical_or_derived_artifact,reports/csv/live_consistency_check_table.csv,130,8,0,0,0,4,0,False,PASS_DOMAIN_RUNTIME_SEMANTICS
reports/csv/live_control_gating_summary.csv,canonical_or_derived_artifact,reports/csv/live_control_gating_summary.csv,1,10,5,0,0,4,0,False,PASS_DOMAIN_RUNTIME_SEMANTICS
reports/csv/live_coverage_layer.csv,canonical_or_derived_artifact,reports/csv/live_coverage_layer.csv,0,53,0,0,0,1,0,False,PASS_POLICY_DISABLED_NO_OBSERVATIONS
reports/csv/live_csi_feedback_stats.csv,canonical_or_derived_artifact,reports/csv/live_csi_feedback_stats.csv,6,17,0,0,0,4,0,False,PASS_DOMAIN_RUNTIME_SEMANTICS
reports/csv/live_csi_feedback_table.csv,canonical_or_derived_artifact,reports/csv/live_csi_feedback_table.csv,6,20,0,0,0,4,0,False,PASS_DOMAIN_RUNTIME_SEMANTICS
reports/csv/live_csi_output_table.csv,canonical_or_derived_artifact,reports/csv/live_csi_output_table.csv,53,14,0,0,2,4,0,False,PASS_DOMAIN_RUNTIME_SEMANTICS
reports/csv/live_csirs_resource_table.csv,canonical_or_derived_artifact,reports/csv/live_csirs_resource_table.csv,53,14,0,0,2,4,0,False,PASS_DOMAIN_RUNTIME_SEMANTICS
reports/csv/live_csirs_stage_table.csv,canonical_or_derived_artifact,reports/csv/live_csirs_stage_table.csv,53,14,0,0,2,4,0,False,PASS_DOMAIN_RUNTIME_SEMANTICS
reports/csv/live_csirs_stats.csv,canonical_or_derived_artifact,reports/csv/live_csirs_stats.csv,0,11,0,0,0,1,0,False,PASS_POLICY_DISABLED_NO_OBSERVATIONS
reports/csv/live_csv_write_table.csv,canonical_or_derived_artifact,reports/csv/live_csv_write_table.csv,483,7,0,0,0,4,0,False,PASS_DOMAIN_RUNTIME_SEMANTICS
reports/csv/live_db_write_table.csv,canonical_or_derived_artifact,reports/csv/live_db_write_table.csv,601,7,0,0,0,4,0,False,PASS_DOMAIN_RUNTIME_SEMANTICS
reports/csv/live_decoder_summary.csv,canonical_or_derived_artifact,reports/csv/live_decoder_summary.csv,240,10,0,0,0,4,0,False,PASS_DOMAIN_RUNTIME_SEMANTICS
reports/csv/live_energy_efficiency_table.csv,canonical_or_derived_artifact,reports/csv/live_energy_efficiency_table.csv,4,63,4,13,5,4,0,False,PASS_DOMAIN_RUNTIME_SEMANTICS
reports/csv/live_error_rate_summary.csv,canonical_or_derived_artifact,reports/csv/live_error_rate_summary.csv,4,14,0,0,3,4,0,False,PASS_DOMAIN_RUNTIME_SEMANTICS
reports/csv/live_frame_grid_state.csv,canonical_or_derived_artifact,reports/csv/live_frame_grid_state.csv,2,101,20,0,0,4,0,False,PASS_DOMAIN_RUNTIME_SEMANTICS
reports/csv/live_gnb_state_table.csv,canonical_or_derived_artifact,reports/csv/live_gnb_state_table.csv,1,21,0,0,0,4,0,False,PASS_DOMAIN_RUNTIME_SEMANTICS
reports/csv/live_impairment_table.csv,canonical_or_derived_artifact,reports/csv/live_impairment_table.csv,240,31,12,0,3,4,0,False,PASS_DOMAIN_RUNTIME_SEMANTICS
reports/csv/live_interference_table.csv,canonical_or_derived_artifact,reports/csv/live_interference_table.csv,240,9,1,0,0,4,0,False,PASS_DOMAIN_RUNTIME_SEMANTICS
reports/csv/live_link_adaptation_input_table.csv,canonical_or_derived_artifact,reports/csv/live_link_adaptation_input_table.csv,240,21,0,0,1,4,0,False,PASS_DOMAIN_RUNTIME_SEMANTICS
reports/csv/live_link_table.csv,canonical_or_derived_artifact,reports/csv/live_link_table.csv,240,11,0,0,0,4,0,False,PASS_DOMAIN_RUNTIME_SEMANTICS
reports/csv/live_llr_summary.csv,canonical_or_derived_artifact,reports/csv/live_llr_summary.csv,240,10,0,0,0,4,0,False,PASS_DOMAIN_RUNTIME_SEMANTICS
reports/csv/live_mac_ce_state.csv,canonical_or_derived_artifact,reports/csv/live_mac_ce_state.csv,27,14,0,0,2,4,0,False,PASS_DOMAIN_RUNTIME_SEMANTICS
reports/csv/live_mac_pdu_summary.csv,canonical_or_derived_artifact,reports/csv/live_mac_pdu_summary.csv,240,11,0,0,0,4,0,False,PASS_DOMAIN_RUNTIME_SEMANTICS
reports/csv/live_measurement_table.csv,canonical_or_derived_artifact,reports/csv/live_measurement_table.csv,240,28,1,0,0,4,0,False,PASS_DOMAIN_RUNTIME_SEMANTICS
reports/csv/live_mimo_state_table.csv,canonical_or_derived_artifact,reports/csv/live_mimo_state_table.csv,2,16,0,0,0,4,0,False,PASS_DOMAIN_RUNTIME_SEMANTICS
reports/csv/live_numerology_state.csv,canonical_or_derived_artifact,reports/csv/live_numerology_state.csv,2,101,20,0,0,4,0,False,PASS_DOMAIN_RUNTIME_SEMANTICS
reports/csv/live_path_geometry_table.csv,canonical_or_derived_artifact,reports/csv/live_path_geometry_table.csv,2,7,0,0,2,4,0,False,PASS_DOMAIN_RUNTIME_SEMANTICS
reports/csv/live_pdsch_code_block_table.csv,canonical_or_derived_artifact,reports/csv/live_pdsch_code_block_table.csv,120,29,3,0,0,4,0,False,PASS_DOMAIN_RUNTIME_SEMANTICS
reports/csv/live_pdsch_dmrs_ptrs_table.csv,canonical_or_derived_artifact,reports/csv/live_pdsch_dmrs_ptrs_table.csv,120,624,134,0,0,4,0,False,PASS_DOMAIN_RUNTIME_SEMANTICS
reports/csv/live_pdsch_stage_table.csv,canonical_or_derived_artifact,reports/csv/live_pdsch_stage_table.csv,22,14,0,0,2,4,0,False,PASS_DOMAIN_RUNTIME_SEMANTICS
reports/csv/live_pdsch_transport_block_table.csv,canonical_or_derived_artifact,reports/csv/live_pdsch_transport_block_table.csv,120,30,2,0,0,4,0,False,PASS_DOMAIN_RUNTIME_SEMANTICS
reports/csv/live_per_cell_context.csv,canonical_or_derived_artifact,reports/csv/live_per_cell_context.csv,1,21,0,0,0,4,0,False,PASS_DOMAIN_RUNTIME_SEMANTICS
reports/csv/live_phr_state.csv,canonical_or_derived_artifact,reports/csv/live_phr_state.csv,27,14,0,0,2,4,0,False,PASS_DOMAIN_RUNTIME_SEMANTICS
reports/csv/live_power_runtime_table.csv,canonical_or_derived_artifact,reports/csv/live_power_runtime_table.csv,480,76,4,8,6,4,0,False,PASS_DOMAIN_RUNTIME_SEMANTICS
reports/csv/live_precoder_table.csv,canonical_or_derived_artifact,reports/csv/live_precoder_table.csv,240,52,3,0,6,4,0,False,PASS_DOMAIN_RUNTIME_SEMANTICS
reports/csv/live_pusch_rx_summary.csv,canonical_or_derived_artifact,reports/csv/live_pusch_rx_summary.csv,120,11,0,0,0,4,0,False,PASS_DOMAIN_RUNTIME_SEMANTICS
reports/csv/live_pusch_stage_table.csv,canonical_or_derived_artifact,reports/csv/live_pusch_stage_table.csv,27,14,0,0,2,4,0,False,PASS_DOMAIN_RUNTIME_SEMANTICS
reports/csv/live_random_access_state.csv,canonical_or_derived_artifact,reports/csv/live_random_access_state.csv,26,14,0,0,2,4,0,False,PASS_DOMAIN_RUNTIME_SEMANTICS
reports/csv/live_rank_estimation_stats.csv,canonical_or_derived_artifact,reports/csv/live_rank_estimation_stats.csv,15,17,0,0,0,4,0,False,PASS_DOMAIN_RUNTIME_SEMANTICS
reports/csv/live_required_vs_optional_case_status.csv,canonical_or_derived_artifact,reports/csv/live_required_vs_optional_case_status.csv,62,9,2,0,0,4,0,False,PASS_DOMAIN_RUNTIME_SEMANTICS
reports/csv/live_rf_power_table.csv,canonical_or_derived_artifact,reports/csv/live_rf_power_table.csv,480,77,4,8,6,4,0,False,PASS_DOMAIN_RUNTIME_SEMANTICS
reports/csv/live_run_overview.csv,canonical_or_derived_artifact,reports/csv/live_run_overview.csv,1,12,0,0,0,4,0,False,PASS_DOMAIN_RUNTIME_SEMANTICS
reports/csv/live_scenario_overview.csv,canonical_or_derived_artifact,reports/csv/live_scenario_overview.csv,1,17,0,0,0,4,0,False,PASS_DOMAIN_RUNTIME_SEMANTICS
reports/csv/live_search_space_state.csv,canonical_or_derived_artifact,reports/csv/live_search_space_state.csv,16,14,0,0,2,4,0,False,PASS_DOMAIN_RUNTIME_SEMANTICS
reports/csv/live_sector_table.csv,canonical_or_derived_artifact,reports/csv/live_sector_table.csv,1,13,3,0,0,4,0,False,PASS_DOMAIN_RUNTIME_SEMANTICS
reports/csv/live_site_table.csv,canonical_or_derived_artifact,reports/csv/live_site_table.csv,1,8,2,0,0,4,0,False,PASS_DOMAIN_RUNTIME_SEMANTICS
reports/csv/live_sleep_state_table.csv,canonical_or_derived_artifact,reports/csv/live_sleep_state_table.csv,4,61,4,13,3,4,0,False,PASS_DOMAIN_RUNTIME_SEMANTICS
reports/csv/live_sr_state.csv,canonical_or_derived_artifact,reports/csv/live_sr_state.csv,27,14,0,0,2,4,0,False,PASS_DOMAIN_RUNTIME_SEMANTICS
reports/csv/live_symbol_throughput_table.csv,canonical_or_derived_artifact,reports/csv/live_symbol_throughput_table.csv,574,25,0,0,2,4,0,False,PASS_DOMAIN_RUNTIME_SEMANTICS
reports/csv/live_sync_signal_state.csv,canonical_or_derived_artifact,reports/csv/live_sync_signal_state.csv,240,42,10,0,2,4,0,False,PASS_DOMAIN_RUNTIME_SEMANTICS
reports/csv/live_thread_orchestration_table.csv,canonical_or_derived_artifact,reports/csv/live_thread_orchestration_table.csv,2,101,20,0,0,4,0,False,PASS_DOMAIN_RUNTIME_SEMANTICS
reports/csv/live_tracking_table.csv,canonical_or_derived_artifact,reports/csv/live_tracking_table.csv,240,12,3,0,1,4,0,False,PASS_DOMAIN_RUNTIME_SEMANTICS
reports/csv/live_trial_overview.csv,canonical_or_derived_artifact,reports/csv/live_trial_overview.csv,2,9,0,0,0,4,0,False,PASS_DOMAIN_RUNTIME_SEMANTICS
reports/csv/live_trp_table.csv,canonical_or_derived_artifact,reports/csv/live_trp_table.csv,1,15,3,0,0,4,0,False,PASS_DOMAIN_RUNTIME_SEMANTICS
reports/csv/live_truth_policy_status.csv,canonical_or_derived_artifact,reports/csv/live_truth_policy_status.csv,10,9,2,0,0,4,0,False,PASS_DOMAIN_RUNTIME_SEMANTICS
reports/csv/live_ue_control_state.csv,canonical_or_derived_artifact,reports/csv/live_ue_control_state.csv,27,14,0,0,2,4,0,False,PASS_DOMAIN_RUNTIME_SEMANTICS
reports/csv/live_ue_table.csv,canonical_or_derived_artifact,reports/csv/live_ue_table.csv,1,12,2,0,0,4,0,False,PASS_DOMAIN_RUNTIME_SEMANTICS
reports/csv/live_ul_dmrs_table.csv,canonical_or_derived_artifact,reports/csv/live_ul_dmrs_table.csv,120,623,140,0,0,4,0,False,PASS_DOMAIN_RUNTIME_SEMANTICS
reports/csv/live_user_grouping_table.csv,canonical_or_derived_artifact,reports/csv/live_user_grouping_table.csv,2,22,0,0,1,4,0,False,PASS_DOMAIN_RUNTIME_SEMANTICS
reports/csv/live_user_performance_snapshot.csv,canonical_or_derived_artifact,reports/csv/live_user_performance_snapshot.csv,1,29,0,0,0,4,0,False,PASS_DOMAIN_RUNTIME_SEMANTICS
reports/csv/llr_histograms.csv,canonical_or_derived_artifact,reports/csv/llr_histograms.csv,66,8,0,0,0,4,0,False,PASS_DOMAIN_RUNTIME_SEMANTICS
reports/csv/lls_block_correctness_summary.csv,canonical_or_derived_artifact,reports/csv/lls_block_correctness_summary.csv,14,12,1,0,0,4,0,False,PASS_DOMAIN_RUNTIME_SEMANTICS
reports/csv/lls_implementation_register.csv,canonical_or_derived_artifact,reports/csv/lls_implementation_register.csv,124,52,0,16,0,4,0,False,PASS_DOMAIN_RUNTIME_SEMANTICS
reports/csv/lls_link_performance_summary.csv,canonical_or_derived_artifact,reports/csv/lls_link_performance_summary.csv,2,22,4,0,0,4,0,False,PASS_DOMAIN_RUNTIME_SEMANTICS
reports/csv/lls_output_contract.csv,canonical_or_derived_artifact,reports/csv/lls_output_contract.csv,18,22,2,0,2,4,0,False,PASS_DOMAIN_RUNTIME_SEMANTICS
reports/csv/lls_output_metric_rows.csv,canonical_or_derived_artifact,reports/csv/lls_output_metric_rows.csv,554,14,0,0,2,9,0,False,PASS_DOMAIN_RUNTIME_SEMANTICS
reports/csv/lls_output_spec_coverage.csv,canonical_or_derived_artifact,reports/csv/lls_output_spec_coverage.csv,221,18,2,0,0,7,0,False,PASS_DOMAIN_RUNTIME_SEMANTICS
reports/csv/lls_phy_outcome_summary.csv,canonical_or_derived_artifact,reports/csv/lls_phy_outcome_summary.csv,14,17,3,0,0,4,0,False,PASS_DOMAIN_RUNTIME_SEMANTICS
reports/csv/lls_real_implementation_coverage_summary.csv,canonical_or_derived_artifact,reports/csv/lls_real_implementation_coverage_summary.csv,12,9,2,0,0,4,0,False,PASS_DOMAIN_RUNTIME_SEMANTICS
reports/csv/lls_reference_comparison_summary.csv,canonical_or_derived_artifact,reports/csv/lls_reference_comparison_summary.csv,5,10,0,0,1,5,0,False,PASS_STATUS_REDUCTION_SEMANTICS
reports/csv/long_run_stability_summary.csv,canonical_or_derived_artifact,reports/csv/long_run_stability_summary.csv,1,9,2,0,0,5,0,False,PASS_STATUS_REDUCTION_SEMANTICS
reports/csv/mcs_table_reference.csv,canonical_or_derived_artifact,reports/csv/mcs_table_reference.csv,56,9,0,0,0,5,0,False,PASS_DOMAIN_RUNTIME_SEMANTICS
reports/csv/measured_sinr_timeseries.csv,canonical_or_derived_artifact,reports/csv/measured_sinr_timeseries.csv,240,13,0,0,0,4,0,False,PASS_DOMAIN_RUNTIME_SEMANTICS
reports/csv/measurement_output_integrity_audit.csv,canonical_or_derived_artifact,reports/csv/measurement_output_integrity_audit.csv,9,10,3,0,0,4,0,False,PASS_DOMAIN_RUNTIME_SEMANTICS
reports/csv/measurement_sidecar_manifest.csv,canonical_or_derived_artifact,reports/csv/measurement_sidecar_manifest.csv,9,9,0,0,0,5,0,False,PASS_MANIFEST_INTEGRITY_SEMANTICS
reports/csv/measurements/beam_precoder_measurements.csv,canonical_or_derived_artifact,reports/csv/measurements/beam_precoder_measurements.csv,240,30,1,12,3,5,0,False,PASS_MANIFEST_INTEGRITY_SEMANTICS
reports/csv/measurements/browser_config_runtime_values.csv,canonical_or_derived_artifact,reports/csv/measurements/browser_config_runtime_values.csv,2064,3,0,0,0,5,0,False,PASS_MANIFEST_INTEGRITY_SEMANTICS
reports/csv/measurements/dl_pdsch_measurements.csv,canonical_or_derived_artifact,reports/csv/measurements/dl_pdsch_measurements.csv,120,304,72,23,0,5,0,False,PASS_MANIFEST_INTEGRITY_SEMANTICS
reports/csv/measurements/noise_variance_measurements.csv,canonical_or_derived_artifact,reports/csv/measurements/noise_variance_measurements.csv,240,8,1,1,0,5,0,False,PASS_MANIFEST_INTEGRITY_SEMANTICS
reports/csv/measurements/parameter_binding_runtime_values.csv,canonical_or_derived_artifact,reports/csv/measurements/parameter_binding_runtime_values.csv,2064,3,0,0,0,5,0,False,PASS_MANIFEST_INTEGRITY_SEMANTICS
reports/csv/measurements/pdsch_runtime_event_measurements.csv,canonical_or_derived_artifact,reports/csv/measurements/pdsch_runtime_event_measurements.csv,120,23,2,1,0,5,0,False,PASS_MANIFEST_INTEGRITY_SEMANTICS
reports/csv/measurements/pusch_runtime_event_measurements.csv,canonical_or_derived_artifact,reports/csv/measurements/pusch_runtime_event_measurements.csv,120,27,6,1,0,5,0,False,PASS_MANIFEST_INTEGRITY_SEMANTICS
reports/csv/measurements/timing_synchronization_measurements.csv,canonical_or_derived_artifact,reports/csv/measurements/timing_synchronization_measurements.csv,240,35,7,12,2,5,0,False,PASS_MANIFEST_INTEGRITY_SEMANTICS
reports/csv/measurements/ul_pusch_measurements.csv,canonical_or_derived_artifact,reports/csv/measurements/ul_pusch_measurements.csv,120,309,75,23,0,5,0,False,PASS_MANIFEST_INTEGRITY_SEMANTICS
reports/csv/metric_definition_catalog.csv,canonical_or_derived_artifact,reports/csv/metric_definition_catalog.csv,13,12,1,0,0,4,0,False,PASS_DOMAIN_RUNTIME_SEMANTICS
reports/csv/metric_unit_role_catalog.csv,canonical_or_derived_artifact,reports/csv/metric_unit_role_catalog.csv,13,9,1,0,0,4,0,False,PASS_DOMAIN_RUNTIME_SEMANTICS
reports/csv/mimo_kpi_reconciliation.csv,canonical_or_derived_artifact,reports/csv/mimo_kpi_reconciliation.csv,1,56,5,0,0,5,0,False,PASS_STATUS_REDUCTION_SEMANTICS
reports/csv/mimo_rank_utilization_table.csv,canonical_or_derived_artifact,reports/csv/mimo_rank_utilization_table.csv,2,14,0,1,0,4,0,False,PASS_DOMAIN_RUNTIME_SEMANTICS
reports/csv/mobility_adequacy_report.csv,canonical_or_derived_artifact,reports/csv/mobility_adequacy_report.csv,1,30,11,0,0,4,0,False,PASS_DOMAIN_RUNTIME_SEMANTICS
reports/csv/mobility_kpi_reconciliation.csv,canonical_or_derived_artifact,reports/csv/mobility_kpi_reconciliation.csv,1,9,6,1,0,5,0,False,PASS_STATUS_REDUCTION_SEMANTICS
reports/csv/modulation_shaping_outputs.csv,canonical_or_derived_artifact,reports/csv/modulation_shaping_outputs.csv,57,14,0,0,1,9,0,False,PASS_DOMAIN_RUNTIME_SEMANTICS
reports/csv/noise_reconciliation.csv,canonical_or_derived_artifact,reports/csv/noise_reconciliation.csv,2,27,1,0,0,5,0,False,PASS_STATUS_REDUCTION_SEMANTICS
reports/csv/noise_variance_evidence_table.csv,canonical_or_derived_artifact,reports/csv/noise_variance_evidence_table.csv,240,21,1,2,0,4,0,False,PASS_DOMAIN_RUNTIME_SEMANTICS
reports/csv/oracle_proxy_fallback_detector.csv,canonical_or_derived_artifact,reports/csv/oracle_proxy_fallback_detector.csv,14,10,4,0,0,4,0,False,PASS_DOMAIN_RUNTIME_SEMANTICS
reports/csv/output_completeness_table.csv,canonical_or_derived_artifact,reports/csv/output_completeness_table.csv,124,48,0,16,0,4,0,False,PASS_DOMAIN_RUNTIME_SEMANTICS
reports/csv/output_coverage_registry.csv,canonical_or_derived_artifact,reports/csv/output_coverage_registry.csv,124,43,1,16,0,4,0,False,PASS_DOMAIN_RUNTIME_SEMANTICS
reports/csv/pa_reconciliation.csv,canonical_or_derived_artifact,reports/csv/pa_reconciliation.csv,1,7,2,0,0,5,0,False,PASS_STATUS_REDUCTION_SEMANTICS
reports/csv/papr_reconciliation.csv,canonical_or_derived_artifact,reports/csv/papr_reconciliation.csv,2,9,0,0,0,5,0,False,PASS_STATUS_REDUCTION_SEMANTICS
reports/csv/parameter_binding_matrix.csv,canonical_or_derived_artifact,reports/csv/parameter_binding_matrix.csv,4302,36,1,1,6,4,0,False,PASS_DOMAIN_RUNTIME_SEMANTICS
reports/csv/path_power_normalization_reconciliation.csv,canonical_or_derived_artifact,reports/csv/path_power_normalization_reconciliation.csv,2,16,6,4,0,5,0,False,PASS_STATUS_REDUCTION_SEMANTICS
reports/csv/pdcch_control_outputs.csv,canonical_or_derived_artifact,reports/csv/pdcch_control_outputs.csv,16,14,0,0,2,9,0,False,PASS_DOMAIN_RUNTIME_SEMANTICS
reports/csv/pdcch_grant_binding_evidence.csv,canonical_or_derived_artifact,reports/csv/pdcch_grant_binding_evidence.csv,0,18,0,0,0,1,0,False,PASS_POLICY_DISABLED_NO_OBSERVATIONS
reports/csv/pdsch_outputs.csv,canonical_or_derived_artifact,reports/csv/pdsch_outputs.csv,22,14,0,0,2,9,0,False,PASS_DOMAIN_RUNTIME_SEMANTICS
reports/csv/pdsch_runtime_event_table.csv,canonical_or_derived_artifact,reports/csv/pdsch_runtime_event_table.csv,120,40,2,2,0,4,0,False,PASS_DOMAIN_RUNTIME_SEMANTICS
reports/csv/per_measured_sinr_comparison_tables.csv,canonical_or_derived_artifact,reports/csv/per_measured_sinr_comparison_tables.csv,4,23,0,0,2,4,0,False,PASS_DOMAIN_RUNTIME_SEMANTICS
reports/csv/per_scenario_summary_tables.csv,canonical_or_derived_artifact,reports/csv/per_scenario_summary_tables.csv,1,54,5,0,0,4,0,False,PASS_DOMAIN_RUNTIME_SEMANTICS
reports/csv/performance_profile_summary.csv,canonical_or_derived_artifact,reports/csv/performance_profile_summary.csv,1,10,4,1,0,5,0,False,PASS_STATUS_REDUCTION_SEMANTICS
reports/csv/persistence_audit_table.csv,canonical_or_derived_artifact,reports/csv/persistence_audit_table.csv,124,37,1,16,0,4,0,False,PASS_DOMAIN_RUNTIME_SEMANTICS
reports/csv/phase7_truth_gates.csv,canonical_or_derived_artifact,reports/csv/phase7_truth_gates.csv,1,78,30,0,0,5,0,False,PASS_STATUS_REDUCTION_SEMANTICS
reports/csv/phase_noise_reconciliation.csv,canonical_or_derived_artifact,reports/csv/phase_noise_reconciliation.csv,1,6,2,0,0,5,0,False,PASS_STATUS_REDUCTION_SEMANTICS
reports/csv/phy_block_validation_matrix.csv,canonical_or_derived_artifact,reports/csv/phy_block_validation_matrix.csv,14,38,6,0,0,4,0,False,PASS_DOMAIN_RUNTIME_SEMANTICS
reports/csv/phy_package_execution_audit.csv,canonical_or_derived_artifact,reports/csv/phy_package_execution_audit.csv,348,16,4,0,0,4,0,False,PASS_DOMAIN_RUNTIME_SEMANTICS
reports/csv/phy_package_execution_evidence_gate.csv,canonical_or_derived_artifact,reports/csv/phy_package_execution_evidence_gate.csv,5,6,0,0,0,5,0,False,PASS_STATUS_REDUCTION_SEMANTICS
reports/csv/phy_package_execution_summary.csv,canonical_or_derived_artifact,reports/csv/phy_package_execution_summary.csv,39,9,3,0,0,4,0,False,PASS_DOMAIN_RUNTIME_SEMANTICS
reports/csv/phy_value_invariant_checks.csv,canonical_or_derived_artifact,reports/csv/phy_value_invariant_checks.csv,5,17,1,4,1,4,0,False,PASS_DOMAIN_RUNTIME_SEMANTICS
reports/csv/plot_data_lineage_summary.csv,canonical_or_derived_artifact,reports/csv/plot_data_lineage_summary.csv,1,12,0,1,0,5,0,False,PASS_STATUS_REDUCTION_SEMANTICS
reports/csv/plot_data_quality_table.csv,canonical_or_derived_artifact,reports/csv/plot_data_quality_table.csv,27,10,1,0,4,4,0,False,PASS_DOMAIN_RUNTIME_SEMANTICS
reports/csv/plot_manifest.csv,canonical_or_derived_artifact,reports/csv/plot_manifest.csv,27,26,5,1,4,4,0,False,PASS_DOMAIN_RUNTIME_SEMANTICS
reports/csv/plot_render_status.csv,canonical_or_derived_artifact,reports/csv/plot_render_status.csv,27,12,3,1,0,4,0,False,PASS_DOMAIN_RUNTIME_SEMANTICS
reports/csv/plot_suppression_table.csv,canonical_or_derived_artifact,reports/csv/plot_suppression_table.csv,27,6,1,0,0,4,0,False,PASS_DOMAIN_RUNTIME_SEMANTICS
reports/csv/polarization_reconciliation.csv,canonical_or_derived_artifact,reports/csv/polarization_reconciliation.csv,2,13,0,1,0,5,0,False,PASS_STATUS_REDUCTION_SEMANTICS
reports/csv/prach_correlation_trace.csv,canonical_or_derived_artifact,reports/csv/prach_correlation_trace.csv,0,20,0,0,0,1,0,False,PASS_POLICY_DISABLED_NO_OBSERVATIONS
reports/csv/prach_correlation_traces.csv,canonical_or_derived_artifact,reports/csv/prach_correlation_traces.csv,0,20,0,0,0,1,0,False,PASS_POLICY_DISABLED_NO_OBSERVATIONS
reports/csv/production_qualification_gate.csv,canonical_or_derived_artifact,reports/csv/production_qualification_gate.csv,8,6,0,0,0,5,0,False,PASS_STATUS_REDUCTION_SEMANTICS
reports/csv/provenance_sidecars/beam_precoder_provenance.csv,canonical_or_derived_artifact,reports/csv/provenance_sidecars/beam_precoder_provenance.csv,240,48,2,5,3,5,0,False,PASS_MANIFEST_INTEGRITY_SEMANTICS
reports/csv/provenance_sidecars/browser_config_surface_provenance.csv,canonical_or_derived_artifact,reports/csv/provenance_sidecars/browser_config_surface_provenance.csv,4302,18,0,1,5,5,0,False,PASS_MANIFEST_INTEGRITY_SEMANTICS
reports/csv/provenance_sidecars/dl_pdsch_provenance.csv,canonical_or_derived_artifact,reports/csv/provenance_sidecars/dl_pdsch_provenance.csv,120,373,62,7,0,5,0,False,PASS_MANIFEST_INTEGRITY_SEMANTICS
reports/csv/provenance_sidecars/noise_variance_provenance.csv,canonical_or_derived_artifact,reports/csv/provenance_sidecars/noise_variance_provenance.csv,240,20,0,2,0,5,0,False,PASS_MANIFEST_INTEGRITY_SEMANTICS
reports/csv/provenance_sidecars/parameter_binding_provenance.csv,canonical_or_derived_artifact,reports/csv/provenance_sidecars/parameter_binding_provenance.csv,4302,37,1,1,6,5,0,False,PASS_MANIFEST_INTEGRITY_SEMANTICS
reports/csv/provenance_sidecars/pdsch_runtime_event_provenance.csv,canonical_or_derived_artifact,reports/csv/provenance_sidecars/pdsch_runtime_event_provenance.csv,120,26,0,2,0,5,0,False,PASS_MANIFEST_INTEGRITY_SEMANTICS
reports/csv/provenance_sidecars/pusch_runtime_event_provenance.csv,canonical_or_derived_artifact,reports/csv/provenance_sidecars/pusch_runtime_event_provenance.csv,120,30,0,3,0,5,0,False,PASS_MANIFEST_INTEGRITY_SEMANTICS
reports/csv/provenance_sidecars/timing_synchronization_provenance.csv,canonical_or_derived_artifact,reports/csv/provenance_sidecars/timing_synchronization_provenance.csv,240,33,3,5,0,5,0,False,PASS_MANIFEST_INTEGRITY_SEMANTICS
reports/csv/provenance_sidecars/ul_pusch_provenance.csv,canonical_or_derived_artifact,reports/csv/provenance_sidecars/ul_pusch_provenance.csv,120,371,65,8,0,5,0,False,PASS_MANIFEST_INTEGRITY_SEMANTICS
reports/csv/public_output_claim_scan.csv,canonical_or_derived_artifact,reports/csv/public_output_claim_scan.csv,7,7,0,1,0,4,0,False,PASS_DOMAIN_RUNTIME_SEMANTICS
reports/csv/publication_readiness_gate_summary.csv,canonical_or_derived_artifact,reports/csv/publication_readiness_gate_summary.csv,1,12,7,0,0,5,0,False,PASS_STATUS_REDUCTION_SEMANTICS
reports/csv/pusch_pucch_outputs.csv,canonical_or_derived_artifact,reports/csv/pusch_pucch_outputs.csv,27,14,0,0,2,9,0,False,PASS_DOMAIN_RUNTIME_SEMANTICS
reports/csv/pusch_runtime_event_table.csv,canonical_or_derived_artifact,reports/csv/pusch_runtime_event_table.csv,120,48,6,3,0,4,0,False,PASS_DOMAIN_RUNTIME_SEMANTICS
reports/csv/raster_replacement_inventory.csv,canonical_or_derived_artifact,reports/csv/raster_replacement_inventory.csv,114,7,0,0,0,4,0,False,PASS_DOMAIN_RUNTIME_SEMANTICS
reports/csv/raw_to_derived_lineage.csv,canonical_or_derived_artifact,reports/csv/raw_to_derived_lineage.csv,48,10,0,0,0,4,0,False,PASS_DOMAIN_RUNTIME_SEMANTICS
reports/csv/real_phy_path_evidence.csv,canonical_or_derived_artifact,reports/csv/real_phy_path_evidence.csv,98,7,0,0,0,4,0,False,PASS_DOMAIN_RUNTIME_SEMANTICS
reports/csv/reports_all_artifacts_v.csv,canonical_or_derived_artifact,reports/csv/reports_all_artifacts_v.csv,610,7,0,0,0,4,0,False,PASS_DOMAIN_RUNTIME_SEMANTICS
reports/csv/reports_all_enums_v.csv,canonical_or_derived_artifact,reports/csv/reports_all_enums_v.csv,10,5,0,0,0,4,0,False,PASS_DOMAIN_RUNTIME_SEMANTICS
reports/csv/reports_all_scalars_v.csv,canonical_or_derived_artifact,reports/csv/reports_all_scalars_v.csv,6,5,0,0,0,4,0,False,PASS_DOMAIN_RUNTIME_SEMANTICS
reports/csv/reports_config_vs_measured_conflicts_v.csv,canonical_or_derived_artifact,reports/csv/reports_config_vs_measured_conflicts_v.csv,2,6,0,0,0,4,0,False,PASS_DOMAIN_RUNTIME_SEMANTICS
reports/csv/reports_partial_or_missing_v.csv,canonical_or_derived_artifact,reports/csv/reports_partial_or_missing_v.csv,130,8,0,0,0,4,0,False,PASS_DOMAIN_RUNTIME_SEMANTICS
reports/csv/reports_stage_lineage_v.csv,canonical_or_derived_artifact,reports/csv/reports_stage_lineage_v.csv,2,4,0,0,0,4,0,False,PASS_DOMAIN_RUNTIME_SEMANTICS
reports/csv/reports_status_rollup_explanations_v.csv,canonical_or_derived_artifact,reports/csv/reports_status_rollup_explanations_v.csv,130,8,0,0,0,4,0,False,PASS_DOMAIN_RUNTIME_SEMANTICS
reports/csv/reports_truth_violations_v.csv,canonical_or_derived_artifact,reports/csv/reports_truth_violations_v.csv,130,8,0,0,0,4,0,False,PASS_DOMAIN_RUNTIME_SEMANTICS
reports/csv/reports_value_semantics_coverage_v.csv,canonical_or_derived_artifact,reports/csv/reports_value_semantics_coverage_v.csv,10,5,0,0,0,4,0,False,PASS_DOMAIN_RUNTIME_SEMANTICS
reports/csv/result_issue_registry.csv,canonical_or_derived_artifact,reports/csv/result_issue_registry.csv,0,21,0,0,0,4,0,False,PASS_CONTRACTED_ZERO_EVENT_NO_OBSERVATIONS
reports/csv/result_issue_registry_evaluation.csv,canonical_or_derived_artifact,reports/csv/result_issue_registry_evaluation.csv,1,10,1,0,0,4,0,False,PASS_DOMAIN_RUNTIME_SEMANTICS
reports/csv/result_status_summary.csv,canonical_or_derived_artifact,reports/csv/result_status_summary.csv,1,107,29,15,0,5,0,False,PASS_STATUS_REDUCTION_SEMANTICS
reports/csv/rf_chain_definition.csv,canonical_or_derived_artifact,reports/csv/rf_chain_definition.csv,1,10,0,0,0,5,0,False,PASS_STATUS_REDUCTION_SEMANTICS
reports/csv/run_classification.csv,canonical_or_derived_artifact,reports/csv/run_classification.csv,1,15,2,0,0,4,0,False,PASS_DOMAIN_RUNTIME_SEMANTICS
reports/csv/run_metadata_outputs.csv,canonical_or_derived_artifact,reports/csv/run_metadata_outputs.csv,53,14,0,0,2,9,0,False,PASS_DOMAIN_RUNTIME_SEMANTICS
reports/csv/runtime_call_graph.csv,canonical_or_derived_artifact,reports/csv/runtime_call_graph.csv,5,6,0,0,0,4,0,False,PASS_DOMAIN_RUNTIME_SEMANTICS
reports/csv/runtime_call_ledger.csv,canonical_or_derived_artifact,reports/csv/runtime_call_ledger.csv,1304,12,0,0,0,11,0,False,PASS_DOMAIN_RUNTIME_SEMANTICS
reports/csv/runtime_config_application_evidence.csv,canonical_or_derived_artifact,reports/csv/runtime_config_application_evidence.csv,70,20,0,3,1,5,0,False,PASS_DOMAIN_RUNTIME_SEMANTICS
reports/csv/runtime_operating_mode.csv,canonical_or_derived_artifact,reports/csv/runtime_operating_mode.csv,2,111,20,6,0,4,0,False,PASS_DOMAIN_RUNTIME_SEMANTICS
reports/csv/runtime_value_source_dictionary.csv,canonical_or_derived_artifact,reports/csv/runtime_value_source_dictionary.csv,84,14,1,0,0,4,0,False,PASS_DOMAIN_RUNTIME_SEMANTICS
reports/csv/scenario_consistency_check_table.csv,canonical_or_derived_artifact,reports/csv/scenario_consistency_check_table.csv,11,35,0,16,2,4,0,False,PASS_DOMAIN_RUNTIME_SEMANTICS
reports/csv/scenario_objective_gates.csv,canonical_or_derived_artifact,reports/csv/scenario_objective_gates.csv,8,13,0,0,1,5,0,False,PASS_STATUS_REDUCTION_SEMANTICS
reports/csv/scenario_summary.csv,canonical_or_derived_artifact,reports/csv/scenario_summary.csv,1,97,13,0,0,8,0,False,PASS_STATUS_REDUCTION_SEMANTICS
reports/csv/scheduler_kpi_reconciliation.csv,canonical_or_derived_artifact,reports/csv/scheduler_kpi_reconciliation.csv,1,9,5,0,0,5,0,False,PASS_STATUS_REDUCTION_SEMANTICS
reports/csv/sector_utilization_summary_table.csv,canonical_or_derived_artifact,reports/csv/sector_utilization_summary_table.csv,1,32,2,13,0,4,0,False,PASS_DOMAIN_RUNTIME_SEMANTICS
reports/csv/sectors.csv,canonical_or_derived_artifact,reports/csv/sectors.csv,1,13,3,0,0,4,0,False,PASS_DOMAIN_RUNTIME_SEMANTICS
reports/csv/serial_parallel_determinism.csv,canonical_or_derived_artifact,reports/csv/serial_parallel_determinism.csv,1,10,0,1,0,5,0,False,PASS_STATUS_REDUCTION_SEMANTICS
reports/csv/sites.csv,canonical_or_derived_artifact,reports/csv/sites.csv,1,8,2,0,0,4,0,False,PASS_DOMAIN_RUNTIME_SEMANTICS
reports/csv/standards_claim_audit.csv,canonical_or_derived_artifact,reports/csv/standards_claim_audit.csv,1,16,3,1,0,4,0,False,PASS_DOMAIN_RUNTIME_SEMANTICS
reports/csv/statistical_qualification_gate.csv,canonical_or_derived_artifact,reports/csv/statistical_qualification_gate.csv,2,7,3,0,0,4,0,False,PASS_DOMAIN_RUNTIME_SEMANTICS
reports/csv/strict_anchor_acceptance_report.csv,canonical_or_derived_artifact,reports/csv/strict_anchor_acceptance_report.csv,17,8,1,0,0,5,0,False,PASS_STATUS_REDUCTION_SEMANTICS
reports/csv/summary_vs_raw_consistency.csv,canonical_or_derived_artifact,reports/csv/summary_vs_raw_consistency.csv,8,11,0,0,0,5,0,False,PASS_STATUS_REDUCTION_SEMANTICS
reports/csv/table_channel_summary.csv,canonical_or_derived_artifact,reports/csv/table_channel_summary.csv,1,31,1,15,0,4,0,False,PASS_DOMAIN_RUNTIME_SEMANTICS
reports/csv/table_dl_transport_block.csv,canonical_or_derived_artifact,reports/csv/table_dl_transport_block.csv,120,42,2,12,0,4,0,False,PASS_DOMAIN_RUNTIME_SEMANTICS
reports/csv/table_field_availability_matrix.csv,canonical_or_derived_artifact,reports/csv/table_field_availability_matrix.csv,173,9,0,0,0,4,0,False,PASS_DOMAIN_RUNTIME_SEMANTICS
reports/csv/table_gnb_cell.csv,canonical_or_derived_artifact,reports/csv/table_gnb_cell.csv,1,35,1,13,0,4,0,False,PASS_DOMAIN_RUNTIME_SEMANTICS
reports/csv/table_latency.csv,canonical_or_derived_artifact,reports/csv/table_latency.csv,240,37,1,12,0,4,0,False,PASS_DOMAIN_RUNTIME_SEMANTICS
reports/csv/table_link_budget.csv,canonical_or_derived_artifact,reports/csv/table_link_budget.csv,240,30,0,13,0,4,0,False,PASS_DOMAIN_RUNTIME_SEMANTICS
reports/csv/table_noise_interference.csv,canonical_or_derived_artifact,reports/csv/table_noise_interference.csv,240,31,2,13,0,4,0,False,PASS_DOMAIN_RUNTIME_SEMANTICS
reports/csv/table_scenario_topology.csv,canonical_or_derived_artifact,reports/csv/table_scenario_topology.csv,1,55,6,16,0,4,0,False,PASS_DOMAIN_RUNTIME_SEMANTICS
reports/csv/table_ul_transport_block.csv,canonical_or_derived_artifact,reports/csv/table_ul_transport_block.csv,120,43,3,12,0,4,0,False,PASS_DOMAIN_RUNTIME_SEMANTICS
reports/csv/throughput_reconciliation.csv,canonical_or_derived_artifact,reports/csv/throughput_reconciliation.csv,1,9,0,1,0,5,0,False,PASS_STATUS_REDUCTION_SEMANTICS
reports/csv/timing_offset_reconciliation.csv,canonical_or_derived_artifact,reports/csv/timing_offset_reconciliation.csv,2,10,5,0,1,5,0,False,PASS_STATUS_REDUCTION_SEMANTICS
reports/csv/timing_positioning_runtime_evidence.csv,canonical_or_derived_artifact,reports/csv/timing_positioning_runtime_evidence.csv,2,13,3,0,0,4,0,False,PASS_DOMAIN_RUNTIME_SEMANTICS
reports/csv/tod_toa_trace.csv,canonical_or_derived_artifact,reports/csv/tod_toa_trace.csv,240,23,2,5,0,4,0,False,PASS_DOMAIN_RUNTIME_SEMANTICS
reports/csv/topology_density_table.csv,canonical_or_derived_artifact,reports/csv/topology_density_table.csv,1,41,0,16,0,4,0,False,PASS_DOMAIN_RUNTIME_SEMANTICS
reports/csv/trajectory_geometry.csv,canonical_or_derived_artifact,reports/csv/trajectory_geometry.csv,1,11,4,0,0,4,0,False,PASS_DOMAIN_RUNTIME_SEMANTICS
reports/csv/trps.csv,canonical_or_derived_artifact,reports/csv/trps.csv,1,15,3,0,0,4,0,False,PASS_DOMAIN_RUNTIME_SEMANTICS
reports/csv/truth_contract_failures.csv,canonical_or_derived_artifact,reports/csv/truth_contract_failures.csv,0,10,0,0,0,4,0,False,PASS_CONTRACTED_ZERO_EVENT_NO_OBSERVATIONS
reports/csv/truth_contract_summary.csv,canonical_or_derived_artifact,reports/csv/truth_contract_summary.csv,1,96,53,0,0,4,0,False,PASS_DOMAIN_RUNTIME_SEMANTICS
reports/csv/truth_primary_artifact_scan.csv,canonical_or_derived_artifact,reports/csv/truth_primary_artifact_scan.csv,10,5,1,0,0,4,0,False,PASS_DOMAIN_RUNTIME_SEMANTICS
reports/csv/two_mode_acceptance_gates.csv,canonical_or_derived_artifact,reports/csv/two_mode_acceptance_gates.csv,12,9,0,0,0,5,0,False,PASS_STATUS_REDUCTION_SEMANTICS
reports/csv/ues.csv,canonical_or_derived_artifact,reports/csv/ues.csv,1,12,2,0,0,4,0,False,PASS_DOMAIN_RUNTIME_SEMANTICS
reports/csv/ui_feature_filter_audit.csv,canonical_or_derived_artifact,reports/csv/ui_feature_filter_audit.csv,215100,5,0,0,0,4,0,False,PASS_DOMAIN_RUNTIME_SEMANTICS
reports/csv/ul_fixed_link_ber_curve.csv,canonical_or_derived_artifact,reports/csv/ul_fixed_link_ber_curve.csv,3,45,1,0,0,5,0,False,PASS_DERIVED_LINK_SEMANTICS
reports/csv/ul_fixed_link_bler_curve.csv,canonical_or_derived_artifact,reports/csv/ul_fixed_link_bler_curve.csv,3,45,1,0,0,5,0,False,PASS_DERIVED_LINK_SEMANTICS
reports/csv/ul_fixed_link_campaign_trials.csv,canonical_or_derived_artifact,reports/csv/ul_fixed_link_campaign_trials.csv,120,963,140,296,0,4,0,False,PASS_DOMAIN_RUNTIME_SEMANTICS
reports/csv/ul_fixed_snr_ber_curve.csv,canonical_or_derived_artifact,reports/csv/ul_fixed_snr_ber_curve.csv,3,54,1,0,0,5,0,False,PASS_DERIVED_LINK_SEMANTICS
reports/csv/ul_fixed_snr_bler_curve.csv,canonical_or_derived_artifact,reports/csv/ul_fixed_snr_bler_curve.csv,3,54,1,0,0,5,0,False,PASS_DERIVED_LINK_SEMANTICS
reports/csv/unavailable_plot_card_registry.csv,canonical_or_derived_artifact,reports/csv/unavailable_plot_card_registry.csv,0,5,0,0,0,4,0,False,PASS_CONTRACTED_ZERO_EVENT_NO_OBSERVATIONS
reports/csv/validation_messages.csv,canonical_or_derived_artifact,reports/csv/validation_messages.csv,1,3,0,0,0,4,0,False,PASS_DOMAIN_RUNTIME_SEMANTICS
reports/csv/value_source_audit.csv,canonical_or_derived_artifact,reports/csv/value_source_audit.csv,76,17,1,0,1,4,0,False,PASS_DOMAIN_RUNTIME_SEMANTICS
reports/csv/visual_artifact_audit.csv,canonical_or_derived_artifact,reports/csv/visual_artifact_audit.csv,241,27,0,2,4,4,0,False,PASS_DOMAIN_RUNTIME_SEMANTICS
reports/csv/visual_artifact_integrity.csv,canonical_or_derived_artifact,reports/csv/visual_artifact_integrity.csv,138,14,1,1,0,4,0,False,PASS_DOMAIN_RUNTIME_SEMANTICS
reports/final/final_campaign_summary.csv,canonical_or_derived_artifact,reports/final/final_campaign_summary.csv,1,31,8,0,0,4,0,False,PASS_DOMAIN_RUNTIME_SEMANTICS
reports/final/final_defect_register.csv,canonical_or_derived_artifact,reports/final/final_defect_register.csv,12,4,0,0,0,4,0,False,PASS_DOMAIN_RUNTIME_SEMANTICS
reports/final/final_kpi_tables.csv,canonical_or_derived_artifact,reports/final/final_kpi_tables.csv,1,3,0,0,0,4,0,False,PASS_DOMAIN_RUNTIME_SEMANTICS
reports/final/final_scientific_claims_matrix.csv,canonical_or_derived_artifact,reports/final/final_scientific_claims_matrix.csv,7,3,0,0,0,4,0,False,PASS_DOMAIN_RUNTIME_SEMANTICS
rf/csv/energy_model_terms.csv,canonical_or_derived_artifact,rf/csv/energy_model_terms.csv,12,8,0,0,0,4,0,False,PASS_DOMAIN_RUNTIME_SEMANTICS
rf/csv/energy_timeline_trace.csv,canonical_or_derived_artifact,rf/csv/energy_timeline_trace.csv,480,36,1,0,2,4,0,False,PASS_DOMAIN_RUNTIME_SEMANTICS
rf/csv/power_energy_table.csv,canonical_or_derived_artifact,rf/csv/power_energy_table.csv,480,50,0,14,3,4,0,False,PASS_DOMAIN_RUNTIME_SEMANTICS
rf/csv/probe_rf_energy.csv,canonical_or_derived_artifact,rf/csv/probe_rf_energy.csv,20,10,0,0,2,4,0,False,PASS_DOMAIN_RUNTIME_SEMANTICS
runtime/csv/artifact_transactions.csv,canonical_or_derived_artifact,runtime/csv/artifact_transactions.csv,3216,20,0,3,1,4,0,False,PASS_DOMAIN_RUNTIME_SEMANTICS
runtime/csv/progress_heartbeat.csv,canonical_or_derived_artifact,runtime/csv/progress_heartbeat.csv,344,19,1,4,0,4,0,False,PASS_DOMAIN_RUNTIME_SEMANTICS
runtime/csv/stage_timing_events.csv,canonical_or_derived_artifact,runtime/csv/stage_timing_events.csv,16,19,1,4,0,4,0,False,PASS_DOMAIN_RUNTIME_SEMANTICS
storage/csv/capture_budget_validation.csv,canonical_or_derived_artifact,storage/csv/capture_budget_validation.csv,1,4,0,0,0,4,0,False,PASS_DOMAIN_RUNTIME_SEMANTICS
storage/csv/capture_policy.csv,canonical_or_derived_artifact,storage/csv/capture_policy.csv,1,6,2,0,0,4,0,False,PASS_DOMAIN_RUNTIME_SEMANTICS
storage/csv/capture_volume_estimate.csv,canonical_or_derived_artifact,storage/csv/capture_volume_estimate.csv,1,11,0,0,0,4,0,False,PASS_DOMAIN_RUNTIME_SEMANTICS
storage/csv/raw_capture_schedule.csv,canonical_or_derived_artifact,storage/csv/raw_capture_schedule.csv,3,4,0,0,1,4,0,False,PASS_DOMAIN_RUNTIME_SEMANTICS
