category,artifact_path,check_id,required,evaluated,passed,row_count,failure_count,details
primary_link,air_interface/csv/dl_pdsch_trials.csv,required_columns,True,True,True,6,0,
primary_link,air_interface/csv/dl_pdsch_trials.csv,expected_trial_count,True,True,True,6,0,
runtime_identity,air_interface/csv/dl_pdsch_trials.csv,identity_complete_and_consistent,True,True,True,6,0,
runtime_identity,air_interface/csv/dl_pdsch_trials.csv,single_RunID,True,True,True,6,0,
runtime_identity,air_interface/csv/dl_pdsch_trials.csv,single_RunTag,True,True,True,6,0,
runtime_identity,air_interface/csv/dl_pdsch_trials.csv,single_ScenarioID,True,True,True,6,0,
runtime_identity,air_interface/csv/dl_pdsch_trials.csv,single_ConfigHash,True,True,True,6,0,
runtime_identity,air_interface/csv/dl_pdsch_trials.csv,single_ExecutionID,True,True,True,6,0,
primary_link,air_interface/csv/dl_pdsch_trials.csv,unique_trial_primary_key,True,True,True,6,0,
primary_link,air_interface/csv/dl_pdsch_trials.csv,direction_and_basic_values,True,True,True,6,0,
primary_link,air_interface/csv/dl_pdsch_trials.csv,scheduled_transmitted_effective_operating_point,True,True,True,6,0,
primary_link,air_interface/csv/dl_pdsch_trials.csv,transport_crc_ber_goodput_arithmetic,True,True,True,6,0,
primary_link,air_interface/csv/dl_pdsch_trials.csv,noise_sinr_evm_lineage,True,True,True,6,0,
primary_link,air_interface/csv/dl_pdsch_trials.csv,mu_mimo_receiver_execution,True,True,True,6,0,
primary_link,air_interface/csv/dl_pdsch_trials.csv,truth_proxy_and_lifecycle,True,True,True,6,0,
primary_link,air_interface/csv/ul_pusch_trials.csv,required_columns,True,True,True,2,0,
primary_link,air_interface/csv/ul_pusch_trials.csv,expected_trial_count,True,True,True,2,0,
runtime_identity,air_interface/csv/ul_pusch_trials.csv,identity_complete_and_consistent,True,True,True,2,0,
runtime_identity,air_interface/csv/ul_pusch_trials.csv,single_RunID,True,True,True,2,0,
runtime_identity,air_interface/csv/ul_pusch_trials.csv,single_RunTag,True,True,True,2,0,
runtime_identity,air_interface/csv/ul_pusch_trials.csv,single_ScenarioID,True,True,True,2,0,
runtime_identity,air_interface/csv/ul_pusch_trials.csv,single_ConfigHash,True,True,True,2,0,
runtime_identity,air_interface/csv/ul_pusch_trials.csv,single_ExecutionID,True,True,True,2,0,
primary_link,air_interface/csv/ul_pusch_trials.csv,unique_trial_primary_key,True,True,True,2,0,
primary_link,air_interface/csv/ul_pusch_trials.csv,direction_and_basic_values,True,True,True,2,0,
primary_link,air_interface/csv/ul_pusch_trials.csv,scheduled_transmitted_effective_operating_point,True,True,True,2,0,
primary_link,air_interface/csv/ul_pusch_trials.csv,transport_crc_ber_goodput_arithmetic,True,True,True,2,0,
primary_link,air_interface/csv/ul_pusch_trials.csv,noise_sinr_evm_lineage,True,True,True,2,0,
primary_link,air_interface/csv/ul_pusch_trials.csv,mu_mimo_receiver_execution,True,True,True,2,0,
primary_link,air_interface/csv/ul_pusch_trials.csv,truth_proxy_and_lifecycle,True,True,True,2,0,
runtime_identity,air_interface/csv/pbch_trials.csv,identity_complete_and_consistent,True,True,True,4,0,
runtime_identity,air_interface/csv/pbch_trials.csv,single_RunID,True,True,True,4,0,
runtime_identity,air_interface/csv/pbch_trials.csv,single_RunTag,True,True,True,4,0,
runtime_identity,air_interface/csv/pbch_trials.csv,single_ScenarioID,True,True,True,4,0,
runtime_identity,air_interface/csv/pbch_trials.csv,single_ConfigHash,True,True,True,4,0,
runtime_identity,air_interface/csv/pbch_trials.csv,single_ExecutionID,True,True,True,4,0,
control_runtime,air_interface/csv/pbch_trials.csv,runtime_measurement_and_truth,True,True,True,4,0,
runtime_identity,air_interface/csv/prach_trials.csv,identity_complete_and_consistent,True,True,True,1,0,
runtime_identity,air_interface/csv/prach_trials.csv,single_RunID,True,True,True,1,0,
runtime_identity,air_interface/csv/prach_trials.csv,single_RunTag,True,True,True,1,0,
runtime_identity,air_interface/csv/prach_trials.csv,single_ScenarioID,True,True,True,1,0,
runtime_identity,air_interface/csv/prach_trials.csv,single_ConfigHash,True,True,True,1,0,
runtime_identity,air_interface/csv/prach_trials.csv,single_ExecutionID,True,True,True,1,0,
control_runtime,air_interface/csv/prach_trials.csv,runtime_measurement_and_truth,True,True,True,1,0,
runtime_identity,air_interface/csv/pdcch_trials.csv,identity_complete_and_consistent,True,True,True,8,0,
runtime_identity,air_interface/csv/pdcch_trials.csv,single_RunID,True,True,True,8,0,
runtime_identity,air_interface/csv/pdcch_trials.csv,single_RunTag,True,True,True,8,0,
runtime_identity,air_interface/csv/pdcch_trials.csv,single_ScenarioID,True,True,True,8,0,
runtime_identity,air_interface/csv/pdcch_trials.csv,single_ConfigHash,True,True,True,8,0,
runtime_identity,air_interface/csv/pdcch_trials.csv,single_ExecutionID,True,True,True,8,0,
control_runtime,air_interface/csv/pdcch_trials.csv,runtime_measurement_and_truth,True,True,True,8,0,
runtime_identity,air_interface/csv/csi_rs_trials.csv,identity_complete_and_consistent,True,True,True,2,0,
runtime_identity,air_interface/csv/csi_rs_trials.csv,single_RunID,True,True,True,2,0,
runtime_identity,air_interface/csv/csi_rs_trials.csv,single_RunTag,True,True,True,2,0,
runtime_identity,air_interface/csv/csi_rs_trials.csv,single_ScenarioID,True,True,True,2,0,
runtime_identity,air_interface/csv/csi_rs_trials.csv,single_ConfigHash,True,True,True,2,0,
runtime_identity,air_interface/csv/csi_rs_trials.csv,single_ExecutionID,True,True,True,2,0,
control_runtime,air_interface/csv/csi_rs_trials.csv,runtime_measurement_and_truth,True,True,True,2,0,
runtime_identity,air_interface/csv/srs_trials.csv,identity_complete_and_consistent,True,True,True,2,0,
runtime_identity,air_interface/csv/srs_trials.csv,single_RunID,True,True,True,2,0,
runtime_identity,air_interface/csv/srs_trials.csv,single_RunTag,True,True,True,2,0,
runtime_identity,air_interface/csv/srs_trials.csv,single_ScenarioID,True,True,True,2,0,
runtime_identity,air_interface/csv/srs_trials.csv,single_ConfigHash,True,True,True,2,0,
runtime_identity,air_interface/csv/srs_trials.csv,single_ExecutionID,True,True,True,2,0,
control_runtime,air_interface/csv/srs_trials.csv,runtime_measurement_and_truth,True,True,True,2,0,
runtime_identity,air_interface/csv/trs_trials.csv,identity_complete_and_consistent,True,True,True,5,0,
runtime_identity,air_interface/csv/trs_trials.csv,single_RunID,True,True,True,5,0,
runtime_identity,air_interface/csv/trs_trials.csv,single_RunTag,True,True,True,5,0,
runtime_identity,air_interface/csv/trs_trials.csv,single_ScenarioID,True,True,True,5,0,
runtime_identity,air_interface/csv/trs_trials.csv,single_ConfigHash,True,True,True,5,0,
runtime_identity,air_interface/csv/trs_trials.csv,single_ExecutionID,True,True,True,5,0,
control_runtime,air_interface/csv/trs_trials.csv,runtime_measurement_and_truth,True,True,True,5,0,
derived_link,air_interface/csv/distance_vs_sinr.csv,required_schema_and_rows,True,True,True,8,0,
derived_link,air_interface/csv/distance_vs_sinr.csv,physical_ranges_and_arithmetic,True,True,True,8,0,
derived_link,air_interface/csv/distance_vs_sinr.csv,same_trial_population_reconciliation,True,True,True,8,0,
derived_link,air_interface/csv/dl_measured_sinr_bler_curve.csv,required_schema_and_rows,True,True,True,4,0,
derived_link,air_interface/csv/dl_measured_sinr_bler_curve.csv,physical_ranges_and_arithmetic,True,True,True,4,0,
derived_link,air_interface/csv/dl_measured_sinr_bler_curve.csv,same_trial_population_reconciliation,True,True,True,4,0,
derived_link,air_interface/csv/ul_measured_sinr_bler_curve.csv,required_schema_and_rows,True,True,True,4,0,
derived_link,air_interface/csv/ul_measured_sinr_bler_curve.csv,physical_ranges_and_arithmetic,True,True,True,4,0,
derived_link,air_interface/csv/ul_measured_sinr_bler_curve.csv,same_trial_population_reconciliation,True,True,True,4,0,
derived_link,air_interface/csv/dl_measured_sinr_throughput_curve.csv,required_schema_and_rows,True,True,True,4,0,
derived_link,air_interface/csv/dl_measured_sinr_throughput_curve.csv,physical_ranges_and_arithmetic,True,True,True,4,0,
derived_link,air_interface/csv/dl_measured_sinr_throughput_curve.csv,same_trial_population_reconciliation,True,True,True,4,0,
derived_link,air_interface/csv/ul_measured_sinr_throughput_curve.csv,required_schema_and_rows,True,True,True,4,0,
derived_link,air_interface/csv/ul_measured_sinr_throughput_curve.csv,physical_ranges_and_arithmetic,True,True,True,4,0,
derived_link,air_interface/csv/ul_measured_sinr_throughput_curve.csv,same_trial_population_reconciliation,True,True,True,4,0,
derived_link,air_interface/csv/fer_summary.csv,required_schema_and_rows,True,True,True,4,0,
derived_link,air_interface/csv/fer_summary.csv,physical_ranges_and_arithmetic,True,True,True,4,0,
derived_link,air_interface/csv/fer_summary.csv,same_trial_population_reconciliation,True,True,True,4,0,
derived_link,air_interface/csv/live_measured_sinr_summary.csv,required_schema_and_rows,True,True,True,4,0,
derived_link,air_interface/csv/live_measured_sinr_summary.csv,physical_ranges_and_arithmetic,True,True,True,4,0,
derived_link,air_interface/csv/live_measured_sinr_summary.csv,same_trial_population_reconciliation,True,True,True,4,0,
derived_link,air_interface/csv/lls_measured_sinr_summary.csv,required_schema_and_rows,True,True,True,4,0,
derived_link,air_interface/csv/lls_measured_sinr_summary.csv,physical_ranges_and_arithmetic,True,True,True,4,0,
derived_link,air_interface/csv/lls_measured_sinr_summary.csv,same_trial_population_reconciliation,True,True,True,4,0,
derived_link,air_interface/csv/lls_kpi_summary.csv,required_schema_and_rows,True,True,True,4,0,
derived_link,air_interface/csv/lls_kpi_summary.csv,physical_ranges_and_arithmetic,True,True,True,4,0,
derived_link,air_interface/csv/lls_kpi_summary.csv,same_trial_population_reconciliation,True,True,True,4,0,
derived_link,air_interface/csv/measured_sinr_distribution.csv,required_schema_and_rows,True,True,True,8,0,
derived_link,air_interface/csv/measured_sinr_distribution.csv,physical_ranges_and_arithmetic,True,True,True,8,0,
derived_link,air_interface/csv/measured_sinr_distribution.csv,same_trial_population_reconciliation,True,True,True,8,0,
derived_link,air_interface/csv/multiuser_user_summary.csv,required_schema_and_rows,True,True,True,2,0,
derived_link,air_interface/csv/multiuser_user_summary.csv,physical_ranges_and_arithmetic,True,True,True,2,0,
derived_link,air_interface/csv/multiuser_user_summary.csv,same_trial_population_reconciliation,True,True,True,2,0,
derived_link,air_interface/csv/papr_ccdf.csv,required_schema_and_rows,True,True,True,32,0,
derived_link,air_interface/csv/papr_ccdf.csv,physical_ranges_and_arithmetic,True,True,True,32,0,
derived_link,air_interface/csv/papr_ccdf.csv,same_trial_population_reconciliation,True,True,True,32,0,
component_bler,components/pdsch/csv/pdsch_bler_curve.csv,required_columns,True,True,True,2,0,
component_bler,components/pdsch/csv/pdsch_bler_curve.csv,runtime_identity_and_truth_origin,True,True,True,2,0,
component_bler,components/pdsch/csv/pdsch_bler_curve.csv,operating_point_bler_and_exact_interval,True,True,True,2,0,
component_bler,components/pdsch/csv/pdsch_bler_curve.csv,qualification_status_fail_closed,True,True,True,2,0,
component_bler,components/pdsch/csv/pdsch_bler_curve.csv,exact_primary_trial_reconciliation,True,True,True,2,0,
component_bler,components/pusch/csv/pusch_bler_curve.csv,required_columns,True,True,True,2,0,
component_bler,components/pusch/csv/pusch_bler_curve.csv,runtime_identity_and_truth_origin,True,True,True,2,0,
component_bler,components/pusch/csv/pusch_bler_curve.csv,operating_point_bler_and_exact_interval,True,True,True,2,0,
component_bler,components/pusch/csv/pusch_bler_curve.csv,qualification_status_fail_closed,True,True,True,2,0,
component_bler,components/pusch/csv/pusch_bler_curve.csv,exact_primary_trial_reconciliation,True,True,True,2,0,
mimo_rank_layer,beamforming/csv/rank_layer_trials.csv,required_columns,True,True,True,8,0,
mimo_rank_layer,beamforming/csv/rank_layer_trials.csv,one_row_per_primary_link_trial,True,True,True,8,0,
mimo_rank_layer,beamforming/csv/rank_layer_trials.csv,rank_layer_port_precoder_values,True,True,True,8,0,
mimo_rank_layer,beamforming/csv/rank_layer_trials.csv,execution_contract_boolean_reduction,True,True,True,8,0,
mimo_rank_layer,beamforming/csv/rank_layer_trials.csv,decode_reliability_separate_from_execution,True,True,True,8,0,
mimo_rank_layer,beamforming/csv/rank_layer_trials.csv,ordered_primary_trial_and_lineage_reconciliation,True,True,True,8,0,
mimo_companion,beamforming/csv/antenna_array_config.csv,required_columns,True,True,True,2,0,
mimo_companion,beamforming/csv/antenna_array_config.csv,antenna_execution_domain_recomputed_from_rank_trials,True,True,True,2,0,
mimo_companion,beamforming/csv/antenna_port_mapping.csv,required_columns,True,True,True,2,0,
mimo_companion,beamforming/csv/antenna_port_mapping.csv,antenna_port_mapping_recomputed_from_config_and_rank_trials,True,True,True,2,0,
mimo_companion,beamforming/csv/beam_codebook.csv,required_columns,True,True,True,3,0,
mimo_companion,beamforming/csv/beam_codebook.csv,beam_codebook_reconciles_rank_trial_beams,True,True,True,3,0,
mimo_companion,beamforming/csv/beam_precoder_table.csv,required_columns,True,True,True,8,0,
mimo_companion,beamforming/csv/beam_precoder_table.csv,ordered_trial_and_all_beam_precoder_fields_reconcile,True,True,True,8,0,
mimo_companion,beamforming/csv/beam_sweep_measurements.csv,required_columns,True,True,True,8,0,
mimo_companion,beamforming/csv/beam_sweep_measurements.csv,ordered_row_reconciliation_to_rank_trials,True,True,True,8,0,
mimo_companion,beamforming/csv/beamforming_analytics_table.csv,required_columns,True,True,True,2,0,
mimo_companion,beamforming/csv/beamforming_analytics_table.csv,grouped_beam_analytics_recomputed_from_precoder_rows,True,True,True,2,0,
mimo_companion,beamforming/csv/mimo_config_strict.csv,required_columns,True,True,True,2,0,
mimo_companion,beamforming/csv/mimo_config_strict.csv,strict_config_runtime_summary_and_status_recomputed,True,True,True,2,0,
mimo_companion,beamforming/csv/mimo_config_validation.csv,required_columns,True,True,True,12,0,
mimo_companion,beamforming/csv/mimo_config_validation.csv,strict_config_rules_recomputed_from_mimo_config,True,True,True,12,0,
mimo_companion,beamforming/csv/mimo_configured_vs_effective.csv,required_columns,True,True,True,2,0,
mimo_companion,beamforming/csv/mimo_configured_vs_effective.csv,configured_effective_summary_recomputed_from_rank_trials,True,True,True,2,0,
mimo_companion,beamforming/csv/mimo_layer_metrics.csv,required_columns,True,True,True,8,0,
mimo_companion,beamforming/csv/mimo_layer_metrics.csv,per_layer_receiver_metrics_reconcile_rank_trials,True,True,True,8,0,
mimo_companion,beamforming/csv/mimo_oracle_guard.csv,required_columns,True,True,True,8,0,
mimo_companion,beamforming/csv/mimo_oracle_guard.csv,ordered_row_reconciliation_to_rank_trials,True,True,True,8,0,
mimo_companion,beamforming/csv/mimo_rank_utilization_table.csv,required_columns,True,True,True,2,0,
mimo_companion,beamforming/csv/mimo_rank_utilization_table.csv,rank_utilization_recomputed_from_precoder_rows,True,True,True,2,0,
mimo_companion,beamforming/csv/precoder_evidence.csv,required_columns,True,True,True,8,0,
mimo_companion,beamforming/csv/precoder_evidence.csv,ordered_row_reconciliation_to_rank_trials,True,True,True,8,0,
mimo_companion,beamforming/csv/rank_layer_usage_histogram.csv,required_columns,True,True,True,2,0,
mimo_companion,beamforming/csv/rank_layer_usage_histogram.csv,rank_histogram_recomputed_from_precoder_rows,True,True,True,2,0,
harq_runtime,harq/csv/live_harq_observation_timeline.csv,required_columns,True,True,True,8,0,
harq_runtime,harq/csv/live_harq_observation_timeline.csv,ordered_observations_reconcile_primary_link_trials,True,True,True,8,0,
harq_runtime,harq/csv/live_harq_observation_summary.csv,required_columns,True,True,True,2,0,
harq_runtime,harq/csv/live_harq_observation_summary.csv,direction_summary_recomputed_from_timeline,True,True,True,2,0,
kpi_delivery,reports/csv/kpi_harq_delivery_trace_dl.csv,required_columns,True,True,True,6,0,
kpi_delivery,reports/csv/kpi_harq_delivery_trace_dl.csv,tb_identity_deduplication_and_goodput_recomputed_from_primary_trials,True,True,True,6,0,
kpi_delivery,reports/csv/kpi_tb_delivery_ledger_dl.csv,required_columns,True,True,True,6,0,
kpi_delivery,reports/csv/kpi_tb_delivery_ledger_dl.csv,exact_harq_trace_mirror,True,True,True,6,0,
kpi_delivery,reports/csv/kpi_row_contributions_dl.csv,required_columns,True,True,True,6,0,
kpi_delivery,reports/csv/kpi_row_contributions_dl.csv,row_contributions_reconcile_primary_trials_and_harq_trace,True,True,True,6,0,
kpi_delivery,reports/csv/kpi_harq_delivery_trace_ul.csv,required_columns,True,True,True,2,0,
kpi_delivery,reports/csv/kpi_harq_delivery_trace_ul.csv,tb_identity_deduplication_and_goodput_recomputed_from_primary_trials,True,True,True,2,0,
kpi_delivery,reports/csv/kpi_tb_delivery_ledger_ul.csv,required_columns,True,True,True,2,0,
kpi_delivery,reports/csv/kpi_tb_delivery_ledger_ul.csv,exact_harq_trace_mirror,True,True,True,2,0,
kpi_delivery,reports/csv/kpi_row_contributions_ul.csv,required_columns,True,True,True,2,0,
kpi_delivery,reports/csv/kpi_row_contributions_ul.csv,row_contributions_reconcile_primary_trials_and_harq_trace,True,True,True,2,0,
manifest_integrity,reports/csv/kpi_formula_registry.csv,kpi_registry_unique_versioned_formulas,True,True,True,28,0,
manifest_integrity,reports/csv/kpi_source_table_manifest.csv,kpi_source_manifest_matches_exact_persisted_tables,True,True,True,8,0,
cross_table_reconciliation,reports/csv/kpi_reconstruction_summary.csv,kpi_reconstruction_matches_registry_sources_and_applicability,True,True,True,28,0,
cross_table_reconciliation,reports/csv/kpi_objective_binding.csv,kpi_objective_binding_exact_registry_and_reconstruction_reduction,True,True,True,28,0,
cross_table_reconciliation,reports/csv/kpi_direction_isolation_audit.csv,kpi_direction_isolation_matches_source_manifest,True,True,True,2,0,
cross_table_reconciliation,reports/csv/kpi_duration_source_audit.csv,kpi_duration_uses_radio_not_wallclock_time,True,True,True,2,0,
cross_table_reconciliation,reports/csv/kpi_unit_conversion_audit.csv,kpi_bit_duration_mbps_conversion_recomputed,True,True,True,8,0,
cross_table_reconciliation,reports/csv/kpi_legacy_alias_map.csv,legacy_kpi_aliases_equal_canonical_values,True,True,True,4,0,
cross_table_reconciliation,reports/csv/kpi_known_bug_regression.csv,ul_kpi_copy_regression_guard,True,True,True,1,0,
cross_table_reconciliation,reports/csv/kpi_lineage_table.csv,kpi_lineage_exact_reconstruction_projection,True,True,True,28,0,
cross_table_reconciliation,reports/csv/summary_vs_raw_consistency.csv,scenario_summary_values_match_raw_and_browser,True,True,True,8,0,
runtime_execution_lineage,reports/csv/runtime_call_ledger.csv,runtime_call_ledger_present_nonempty,True,True,True,103,0,
runtime_execution_lineage,reports/csv/runtime_call_ledger.csv,runtime_call_ledger_exact_schema,True,True,True,103,0,
runtime_execution_lineage,reports/csv/runtime_call_ledger.csv,runtime_call_sequence_positive_unique_monotonic,True,True,True,103,0,
runtime_execution_lineage,reports/csv/runtime_call_ledger.csv,runtime_call_identity_matches_run,True,True,True,103,0,
runtime_execution_lineage,reports/csv/runtime_call_ledger.csv,runtime_call_rows_are_actual_nonproxy_entries,True,True,True,103,0,
runtime_execution_lineage,reports/csv/runtime_call_ledger.csv,dl_canonical_tx_rx_entry_points_observed,True,True,True,103,0,
runtime_execution_lineage,reports/csv/runtime_call_ledger.csv,ul_canonical_tx_rx_entry_points_observed,True,True,True,103,0,
manifest_integrity,artifact_generation/artifact_generation_results.csv,declared_artifacts_match_filesystem,True,True,True,3,0,
manifest_integrity,artifact_generation/artifact_generation_summary.csv,artifact_summary_reconciles_results,True,True,True,3,0,
manifest_integrity,raw/evidence/tables/rawtrials_csifeedbackreports.csv,raw_evidence_index_binding,True,True,True,8,0,
manifest_integrity,raw/evidence/tables/rawtrials_csirs.csv,raw_evidence_index_binding,True,True,True,2,0,
manifest_integrity,raw/evidence/tables/rawtrials_dl.csv,raw_evidence_index_binding,True,True,True,6,0,
manifest_integrity,raw/evidence/tables/rawtrials_dlconstellation.csv,raw_evidence_index_binding,True,True,True,2314,0,
manifest_integrity,raw/evidence/tables/rawtrials_initialaccesslifecycletracetable.csv,raw_evidence_index_binding,True,True,True,8,0,
manifest_integrity,raw/evidence/tables/rawtrials_multiuserdl.csv,raw_evidence_index_binding,True,True,True,1,0,
manifest_integrity,raw/evidence/tables/rawtrials_multiuserul.csv,raw_evidence_index_binding,True,True,True,1,0,
manifest_integrity,raw/evidence/tables/rawtrials_pbch.csv,raw_evidence_index_binding,True,True,True,4,0,
manifest_integrity,raw/evidence/tables/rawtrials_pdcch.csv,raw_evidence_index_binding,True,True,True,8,0,
manifest_integrity,raw/evidence/tables/rawtrials_prach.csv,raw_evidence_index_binding,True,True,True,1,0,
manifest_integrity,raw/evidence/tables/rawtrials_prachcorrelationtrace.csv,raw_evidence_index_binding,True,True,True,1,0,
manifest_integrity,raw/evidence/tables/rawtrials_pucch.csv,raw_evidence_index_binding,True,True,True,6,0,
manifest_integrity,raw/evidence/tables/rawtrials_referencesignalmeasurements.csv,raw_evidence_index_binding,True,True,True,17,0,
manifest_integrity,raw/evidence/tables/rawtrials_srs.csv,raw_evidence_index_binding,True,True,True,2,0,
manifest_integrity,raw/evidence/tables/rawtrials_trs.csv,raw_evidence_index_binding,True,True,True,5,0,
manifest_integrity,raw/evidence/tables/rawtrials_ul.csv,raw_evidence_index_binding,True,True,True,2,0,
manifest_integrity,raw/evidence/tables/rawtrials_ulconstellation.csv,raw_evidence_index_binding,True,True,True,1024,0,
manifest_integrity,raw/evidence/raw_evidence_index.csv,raw_evidence_index_matches_tables,True,True,True,17,0,
manifest_integrity,reports/csv/measurement_sidecar_manifest.csv,measurement_sidecars_match_sources,True,True,True,19,0,
manifest_integrity,reports/csv/measurements/dl_pdsch_measurements.csv,measurement_split_matches_manifest,True,True,True,6,0,
manifest_integrity,reports/csv/provenance_sidecars/dl_pdsch_provenance.csv,provenance_split_matches_manifest,True,True,True,6,0,
manifest_integrity,reports/csv/measurements/ul_pusch_measurements.csv,measurement_split_matches_manifest,True,True,True,2,0,
manifest_integrity,reports/csv/provenance_sidecars/ul_pusch_provenance.csv,provenance_split_matches_manifest,True,True,True,2,0,
manifest_integrity,reports/csv/measurements/pbch_measurements.csv,measurement_split_matches_manifest,True,True,True,4,0,
manifest_integrity,reports/csv/provenance_sidecars/pbch_provenance.csv,provenance_split_matches_manifest,True,True,True,4,0,
manifest_integrity,reports/csv/measurements/prach_measurements.csv,measurement_split_matches_manifest,True,True,True,1,0,
manifest_integrity,reports/csv/provenance_sidecars/prach_provenance.csv,provenance_split_matches_manifest,True,True,True,1,0,
manifest_integrity,reports/csv/measurements/pdcch_measurements.csv,measurement_split_matches_manifest,True,True,True,8,0,
manifest_integrity,reports/csv/provenance_sidecars/pdcch_provenance.csv,provenance_split_matches_manifest,True,True,True,8,0,
manifest_integrity,reports/csv/measurements/pucch_measurements.csv,measurement_split_matches_manifest,True,True,True,6,0,
manifest_integrity,reports/csv/provenance_sidecars/pucch_provenance.csv,provenance_split_matches_manifest,True,True,True,6,0,
manifest_integrity,reports/csv/measurements/srs_measurements.csv,measurement_split_matches_manifest,True,True,True,2,0,
manifest_integrity,reports/csv/provenance_sidecars/srs_provenance.csv,provenance_split_matches_manifest,True,True,True,2,0,
manifest_integrity,reports/csv/measurements/trs_measurements.csv,measurement_split_matches_manifest,True,True,True,5,0,
manifest_integrity,reports/csv/provenance_sidecars/trs_provenance.csv,provenance_split_matches_manifest,True,True,True,5,0,
manifest_integrity,reports/csv/measurements/pdsch_runtime_event_measurements.csv,measurement_split_matches_manifest,True,True,True,6,0,
manifest_integrity,reports/csv/provenance_sidecars/pdsch_runtime_event_provenance.csv,provenance_split_matches_manifest,True,True,True,6,0,
manifest_integrity,reports/csv/measurements/pusch_runtime_event_measurements.csv,measurement_split_matches_manifest,True,True,True,2,0,
manifest_integrity,reports/csv/provenance_sidecars/pusch_runtime_event_provenance.csv,provenance_split_matches_manifest,True,True,True,2,0,
manifest_integrity,reports/csv/measurements/pdcch_dci_measurements.csv,measurement_split_matches_manifest,True,True,True,8,0,
manifest_integrity,reports/csv/provenance_sidecars/pdcch_dci_provenance.csv,provenance_split_matches_manifest,True,True,True,8,0,
manifest_integrity,reports/csv/measurements/pucch_uci_measurements.csv,measurement_split_matches_manifest,True,True,True,6,0,
manifest_integrity,reports/csv/provenance_sidecars/pucch_uci_provenance.csv,provenance_split_matches_manifest,True,True,True,6,0,
manifest_integrity,reports/csv/measurements/prach_detection_measurements.csv,measurement_split_matches_manifest,True,True,True,1,0,
manifest_integrity,reports/csv/provenance_sidecars/prach_detection_provenance.csv,provenance_split_matches_manifest,True,True,True,1,0,
manifest_integrity,reports/csv/measurements/srs_public_measurements.csv,measurement_split_matches_manifest,True,True,True,2,0,
manifest_integrity,reports/csv/provenance_sidecars/srs_public_provenance.csv,provenance_split_matches_manifest,True,True,True,2,0,
manifest_integrity,reports/csv/measurements/noise_variance_measurements.csv,measurement_split_matches_manifest,True,True,True,16,0,
manifest_integrity,reports/csv/provenance_sidecars/noise_variance_provenance.csv,provenance_split_matches_manifest,True,True,True,16,0,
manifest_integrity,reports/csv/measurements/timing_synchronization_measurements.csv,measurement_split_matches_manifest,True,True,True,8,0,
manifest_integrity,reports/csv/provenance_sidecars/timing_synchronization_provenance.csv,provenance_split_matches_manifest,True,True,True,8,0,
manifest_integrity,reports/csv/measurements/beam_precoder_measurements.csv,measurement_split_matches_manifest,True,True,True,8,0,
manifest_integrity,reports/csv/provenance_sidecars/beam_precoder_provenance.csv,provenance_split_matches_manifest,True,True,True,8,0,
manifest_integrity,reports/csv/measurements/parameter_binding_runtime_values.csv,measurement_split_matches_manifest,True,True,True,1049,0,
manifest_integrity,reports/csv/provenance_sidecars/parameter_binding_provenance.csv,provenance_split_matches_manifest,True,True,True,2336,0,
manifest_integrity,reports/csv/measurements/browser_config_runtime_values.csv,measurement_split_matches_manifest,True,True,True,1049,0,
manifest_integrity,reports/csv/provenance_sidecars/browser_config_surface_provenance.csv,provenance_split_matches_manifest,True,True,True,2336,0,
manifest_integrity,artifact_generation/canonical_component_manifest.csv,canonical_manifest_matches_catalog_and_filesystem,True,True,True,3,0,
manifest_integrity,artifact_generation/contract_catalog_snapshot.csv,contract_catalog_matches_canonical_manifest,True,True,True,3,0,
domain_runtime,reports/csv/mcs_table_reference.csv,mcs_cqi_reference_arithmetic_and_keys,True,True,True,58,0,
domain_runtime,reports/csv/cqi_table_reference.csv,mcs_cqi_reference_arithmetic_and_keys,True,True,True,32,0,
cross_table_reconciliation,reports/csv/dut_reference_comparison.csv,dut_reference_values_and_tolerances,True,True,True,49,0,
cross_table_reconciliation,reports/csv/lls_reference_comparison_summary.csv,reference_summary_recomputed_from_detail,True,True,True,13,0,
metric_output,reports/csv/aggregated_reporting_outputs.csv,required_metric_catalog_columns,True,True,True,18,0,
metric_output,reports/csv/aggregated_reporting_outputs.csv,metric_identity_and_unique_key,True,True,True,18,0,
metric_output,reports/csv/aggregated_reporting_outputs.csv,availability_matches_runtime_coverage,True,True,True,18,0,
metric_output,reports/csv/aggregated_reporting_outputs.csv,metric_values_and_units_are_coherent,True,True,True,18,0,
metric_output,reports/csv/aggregated_reporting_outputs.csv,counted_metrics_bind_existing_run_artifacts,True,True,True,18,0,
metric_output,reports/csv/ai_ml_outputs.csv,required_metric_catalog_columns,True,True,True,32,0,
metric_output,reports/csv/ai_ml_outputs.csv,metric_identity_and_unique_key,True,True,True,32,0,
metric_output,reports/csv/ai_ml_outputs.csv,availability_matches_runtime_coverage,True,True,True,32,0,
metric_output,reports/csv/ai_ml_outputs.csv,metric_values_and_units_are_coherent,True,True,True,32,0,
metric_output,reports/csv/ai_ml_outputs.csv,counted_metrics_bind_existing_run_artifacts,True,True,True,32,0,
metric_output,reports/csv/basic_phy_performance_outputs.csv,required_metric_catalog_columns,True,True,True,51,0,
metric_output,reports/csv/basic_phy_performance_outputs.csv,metric_identity_and_unique_key,True,True,True,51,0,
metric_output,reports/csv/basic_phy_performance_outputs.csv,availability_matches_runtime_coverage,True,True,True,51,0,
metric_output,reports/csv/basic_phy_performance_outputs.csv,metric_values_and_units_are_coherent,True,True,True,51,0,
metric_output,reports/csv/basic_phy_performance_outputs.csv,counted_metrics_bind_existing_run_artifacts,True,True,True,51,0,
metric_output,reports/csv/channel_estimation_tracking_outputs.csv,required_metric_catalog_columns,True,True,True,87,0,
metric_output,reports/csv/channel_estimation_tracking_outputs.csv,metric_identity_and_unique_key,True,True,True,87,0,
metric_output,reports/csv/channel_estimation_tracking_outputs.csv,availability_matches_runtime_coverage,True,True,True,87,0,
metric_output,reports/csv/channel_estimation_tracking_outputs.csv,metric_values_and_units_are_coherent,True,True,True,87,0,
metric_output,reports/csv/channel_estimation_tracking_outputs.csv,counted_metrics_bind_existing_run_artifacts,True,True,True,87,0,
metric_output,reports/csv/coding_decoder_outputs.csv,required_metric_catalog_columns,True,True,True,67,0,
metric_output,reports/csv/coding_decoder_outputs.csv,metric_identity_and_unique_key,True,True,True,67,0,
metric_output,reports/csv/coding_decoder_outputs.csv,availability_matches_runtime_coverage,True,True,True,67,0,
metric_output,reports/csv/coding_decoder_outputs.csv,metric_values_and_units_are_coherent,True,True,True,67,0,
metric_output,reports/csv/coding_decoder_outputs.csv,counted_metrics_bind_existing_run_artifacts,True,True,True,67,0,
metric_output,reports/csv/complexity_implementation_outputs.csv,required_metric_catalog_columns,True,True,True,60,0,
metric_output,reports/csv/complexity_implementation_outputs.csv,metric_identity_and_unique_key,True,True,True,60,0,
metric_output,reports/csv/complexity_implementation_outputs.csv,availability_matches_runtime_coverage,True,True,True,60,0,
metric_output,reports/csv/complexity_implementation_outputs.csv,metric_values_and_units_are_coherent,True,True,True,60,0,
metric_output,reports/csv/complexity_implementation_outputs.csv,counted_metrics_bind_existing_run_artifacts,True,True,True,60,0,
metric_output,reports/csv/csi_outputs.csv,required_metric_catalog_columns,True,True,True,83,0,
metric_output,reports/csv/csi_outputs.csv,metric_identity_and_unique_key,True,True,True,83,0,
metric_output,reports/csv/csi_outputs.csv,availability_matches_runtime_coverage,True,True,True,83,0,
metric_output,reports/csv/csi_outputs.csv,metric_values_and_units_are_coherent,True,True,True,83,0,
metric_output,reports/csv/csi_outputs.csv,counted_metrics_bind_existing_run_artifacts,True,True,True,83,0,
metric_output,reports/csv/beam_management_outputs.csv,required_metric_catalog_columns,True,True,True,70,0,
metric_output,reports/csv/beam_management_outputs.csv,metric_identity_and_unique_key,True,True,True,70,0,
metric_output,reports/csv/beam_management_outputs.csv,availability_matches_runtime_coverage,True,True,True,70,0,
metric_output,reports/csv/beam_management_outputs.csv,metric_values_and_units_are_coherent,True,True,True,70,0,
metric_output,reports/csv/beam_management_outputs.csv,counted_metrics_bind_existing_run_artifacts,True,True,True,70,0,
metric_output,reports/csv/debug_trace_outputs.csv,required_metric_catalog_columns,True,True,True,24,0,
metric_output,reports/csv/debug_trace_outputs.csv,metric_identity_and_unique_key,True,True,True,24,0,
metric_output,reports/csv/debug_trace_outputs.csv,availability_matches_runtime_coverage,True,True,True,24,0,
metric_output,reports/csv/debug_trace_outputs.csv,metric_values_and_units_are_coherent,True,True,True,24,0,
metric_output,reports/csv/debug_trace_outputs.csv,counted_metrics_bind_existing_run_artifacts,True,True,True,24,0,
metric_output,reports/csv/energy_efficiency_outputs.csv,required_metric_catalog_columns,True,True,True,15,0,
metric_output,reports/csv/energy_efficiency_outputs.csv,metric_identity_and_unique_key,True,True,True,15,0,
metric_output,reports/csv/energy_efficiency_outputs.csv,availability_matches_runtime_coverage,True,True,True,15,0,
metric_output,reports/csv/energy_efficiency_outputs.csv,metric_values_and_units_are_coherent,True,True,True,15,0,
metric_output,reports/csv/energy_efficiency_outputs.csv,counted_metrics_bind_existing_run_artifacts,True,True,True,15,0,
metric_output,reports/csv/harq_outputs.csv,required_metric_catalog_columns,True,True,True,10,0,
metric_output,reports/csv/harq_outputs.csv,metric_identity_and_unique_key,True,True,True,10,0,
metric_output,reports/csv/harq_outputs.csv,availability_matches_runtime_coverage,True,True,True,10,0,
metric_output,reports/csv/harq_outputs.csv,metric_values_and_units_are_coherent,True,True,True,10,0,
metric_output,reports/csv/harq_outputs.csv,counted_metrics_bind_existing_run_artifacts,True,True,True,10,0,
metric_output,reports/csv/initial_access_random_access_outputs.csv,required_metric_catalog_columns,True,True,True,51,0,
metric_output,reports/csv/initial_access_random_access_outputs.csv,metric_identity_and_unique_key,True,True,True,51,0,
metric_output,reports/csv/initial_access_random_access_outputs.csv,availability_matches_runtime_coverage,True,True,True,51,0,
metric_output,reports/csv/initial_access_random_access_outputs.csv,metric_values_and_units_are_coherent,True,True,True,51,0,
metric_output,reports/csv/initial_access_random_access_outputs.csv,counted_metrics_bind_existing_run_artifacts,True,True,True,51,0,
metric_output,reports/csv/lls_output_metric_rows.csv,required_metric_catalog_columns,True,True,True,786,0,
metric_output,reports/csv/lls_output_metric_rows.csv,metric_identity_and_unique_key,True,True,True,786,0,
metric_output,reports/csv/lls_output_metric_rows.csv,availability_matches_runtime_coverage,True,True,True,786,0,
metric_output,reports/csv/lls_output_metric_rows.csv,metric_values_and_units_are_coherent,True,True,True,786,0,
metric_output,reports/csv/lls_output_metric_rows.csv,counted_metrics_bind_existing_run_artifacts,True,True,True,786,0,
metric_output,reports/csv/modulation_shaping_outputs.csv,required_metric_catalog_columns,True,True,True,57,0,
metric_output,reports/csv/modulation_shaping_outputs.csv,metric_identity_and_unique_key,True,True,True,57,0,
metric_output,reports/csv/modulation_shaping_outputs.csv,availability_matches_runtime_coverage,True,True,True,57,0,
metric_output,reports/csv/modulation_shaping_outputs.csv,metric_values_and_units_are_coherent,True,True,True,57,0,
metric_output,reports/csv/modulation_shaping_outputs.csv,counted_metrics_bind_existing_run_artifacts,True,True,True,57,0,
metric_output,reports/csv/pdcch_control_outputs.csv,required_metric_catalog_columns,True,True,True,47,0,
metric_output,reports/csv/pdcch_control_outputs.csv,metric_identity_and_unique_key,True,True,True,47,0,
metric_output,reports/csv/pdcch_control_outputs.csv,availability_matches_runtime_coverage,True,True,True,47,0,
metric_output,reports/csv/pdcch_control_outputs.csv,metric_values_and_units_are_coherent,True,True,True,47,0,
metric_output,reports/csv/pdcch_control_outputs.csv,counted_metrics_bind_existing_run_artifacts,True,True,True,47,0,
metric_output,reports/csv/pdsch_outputs.csv,required_metric_catalog_columns,True,True,True,25,0,
metric_output,reports/csv/pdsch_outputs.csv,metric_identity_and_unique_key,True,True,True,25,0,
metric_output,reports/csv/pdsch_outputs.csv,availability_matches_runtime_coverage,True,True,True,25,0,
metric_output,reports/csv/pdsch_outputs.csv,metric_values_and_units_are_coherent,True,True,True,25,0,
metric_output,reports/csv/pdsch_outputs.csv,counted_metrics_bind_existing_run_artifacts,True,True,True,25,0,
metric_output,reports/csv/pusch_pucch_outputs.csv,required_metric_catalog_columns,True,True,True,36,0,
metric_output,reports/csv/pusch_pucch_outputs.csv,metric_identity_and_unique_key,True,True,True,36,0,
metric_output,reports/csv/pusch_pucch_outputs.csv,availability_matches_runtime_coverage,True,True,True,36,0,
metric_output,reports/csv/pusch_pucch_outputs.csv,metric_values_and_units_are_coherent,True,True,True,36,0,
metric_output,reports/csv/pusch_pucch_outputs.csv,counted_metrics_bind_existing_run_artifacts,True,True,True,36,0,
metric_output,reports/csv/run_metadata_outputs.csv,required_metric_catalog_columns,True,True,True,53,0,
metric_output,reports/csv/run_metadata_outputs.csv,metric_identity_and_unique_key,True,True,True,53,0,
metric_output,reports/csv/run_metadata_outputs.csv,availability_matches_runtime_coverage,True,True,True,53,0,
metric_output,reports/csv/run_metadata_outputs.csv,metric_values_and_units_are_coherent,True,True,True,53,0,
metric_output,reports/csv/run_metadata_outputs.csv,counted_metrics_bind_existing_run_artifacts,True,True,True,53,0,
metric_coverage,reports/csv/lls_output_spec_coverage.csv,required_coverage_columns,True,True,True,221,0,
metric_coverage,reports/csv/lls_output_spec_coverage.csv,canonical_metric_ledger_present,True,True,True,221,0,
metric_coverage,reports/csv/lls_output_spec_coverage.csv,coverage_recomputed_from_metric_ledger,True,True,True,221,0,
domain_runtime,air_interface/csv/csi_feedback_reports.csv,schema_and_runtime_rows,True,True,True,8,0,
domain_runtime,air_interface/csv/csi_feedback_reports.csv,scenario_execution_identity,True,True,True,8,0,
domain_runtime,air_interface/csv/csi_feedback_reports.csv,populated_physical_value_ranges,True,True,True,8,0,
domain_runtime,air_interface/csv/csi_feedback_reports.csv,in_path_truth_proxy_separation,True,True,True,8,0,
domain_runtime,air_interface/csv/dl_constellation_samples.csv,schema_and_runtime_rows,True,True,True,2314,0,
domain_runtime,air_interface/csv/dl_constellation_samples.csv,scenario_execution_identity,True,True,True,2314,0,
domain_runtime,air_interface/csv/dl_constellation_samples.csv,populated_physical_value_ranges,True,True,True,2314,0,
domain_runtime,air_interface/csv/dl_constellation_samples.csv,in_path_truth_proxy_separation,True,True,True,2314,0,
domain_runtime,air_interface/csv/dl_pdsch_receiver_evidence_audit.csv,schema_and_runtime_rows,True,True,True,6,0,
domain_runtime,air_interface/csv/dl_pdsch_receiver_evidence_audit.csv,scenario_execution_identity,True,True,True,6,0,
domain_runtime,air_interface/csv/dl_pdsch_receiver_evidence_audit.csv,populated_physical_value_ranges,True,True,True,6,0,
domain_runtime,air_interface/csv/dl_pdsch_receiver_evidence_audit.csv,in_path_truth_proxy_separation,True,True,True,6,0,
domain_runtime,air_interface/csv/harq_combining_gain.csv,schema_and_runtime_rows,True,True,True,1,0,
domain_runtime,air_interface/csv/harq_combining_gain.csv,scenario_execution_identity,True,True,True,1,0,
domain_runtime,air_interface/csv/harq_combining_gain.csv,populated_physical_value_ranges,True,True,True,1,0,
domain_runtime,air_interface/csv/harq_combining_gain.csv,in_path_truth_proxy_separation,True,True,True,1,0,
domain_runtime,air_interface/csv/link_anchor_kpis.csv,schema_and_runtime_rows,True,True,True,6,0,
domain_runtime,air_interface/csv/link_anchor_kpis.csv,scenario_execution_identity,True,True,True,6,0,
domain_runtime,air_interface/csv/link_anchor_kpis.csv,populated_physical_value_ranges,True,True,True,6,0,
domain_runtime,air_interface/csv/link_anchor_kpis.csv,in_path_truth_proxy_separation,True,True,True,6,0,
domain_runtime,air_interface/csv/link_kpis.csv,schema_and_runtime_rows,True,True,True,6,0,
domain_runtime,air_interface/csv/link_kpis.csv,scenario_execution_identity,True,True,True,6,0,
domain_runtime,air_interface/csv/link_kpis.csv,populated_physical_value_ranges,True,True,True,6,0,
domain_runtime,air_interface/csv/link_kpis.csv,in_path_truth_proxy_separation,True,True,True,6,0,
domain_runtime,air_interface/csv/metric_unit_catalog.csv,schema_and_runtime_rows,True,True,True,4839,0,
domain_runtime,air_interface/csv/metric_unit_catalog.csv,scenario_execution_identity,True,True,True,4839,0,
domain_runtime,air_interface/csv/metric_unit_catalog.csv,populated_physical_value_ranges,True,True,True,4839,0,
domain_runtime,air_interface/csv/metric_unit_catalog.csv,in_path_truth_proxy_separation,True,True,True,4839,0,
domain_runtime,air_interface/csv/pucch_trials.csv,schema_and_runtime_rows,True,True,True,6,0,
domain_runtime,air_interface/csv/pucch_trials.csv,scenario_execution_identity,True,True,True,6,0,
domain_runtime,air_interface/csv/pucch_trials.csv,populated_physical_value_ranges,True,True,True,6,0,
domain_runtime,air_interface/csv/pucch_trials.csv,in_path_truth_proxy_separation,True,True,True,6,0,
domain_runtime,air_interface/csv/srs_resource_decisions.csv,schema_and_runtime_rows,True,True,True,2,0,
domain_runtime,air_interface/csv/srs_resource_decisions.csv,scenario_execution_identity,True,True,True,2,0,
domain_runtime,air_interface/csv/srs_resource_decisions.csv,populated_physical_value_ranges,True,True,True,2,0,
domain_runtime,air_interface/csv/srs_resource_decisions.csv,in_path_truth_proxy_separation,True,True,True,2,0,
domain_runtime,air_interface/csv/ul_constellation_samples.csv,schema_and_runtime_rows,True,True,True,1024,0,
domain_runtime,air_interface/csv/ul_constellation_samples.csv,scenario_execution_identity,True,True,True,1024,0,
domain_runtime,air_interface/csv/ul_constellation_samples.csv,populated_physical_value_ranges,True,True,True,1024,0,
domain_runtime,air_interface/csv/ul_constellation_samples.csv,in_path_truth_proxy_separation,True,True,True,1024,0,
domain_runtime,air_interface/reports/csv/live_stage_status.csv,schema_and_runtime_rows,True,True,True,1,0,
domain_runtime,air_interface/reports/csv/live_stage_status.csv,scenario_execution_identity,True,True,True,1,0,
domain_runtime,air_interface/reports/csv/live_stage_status.csv,populated_physical_value_ranges,True,True,True,1,0,
domain_runtime,air_interface/reports/csv/live_stage_status.csv,in_path_truth_proxy_separation,True,True,True,1,0,
domain_runtime,analytics/csv/energy_efficiency_analytics.csv,schema_and_runtime_rows,True,True,True,4,0,
domain_runtime,analytics/csv/energy_efficiency_analytics.csv,scenario_execution_identity,True,True,True,4,0,
domain_runtime,analytics/csv/energy_efficiency_analytics.csv,populated_physical_value_ranges,True,True,True,4,0,
domain_runtime,analytics/csv/energy_efficiency_analytics.csv,in_path_truth_proxy_separation,True,True,True,4,0,
domain_runtime,analytics/csv/power_analytics.csv,schema_and_runtime_rows,True,True,True,4,0,
domain_runtime,analytics/csv/power_analytics.csv,scenario_execution_identity,True,True,True,4,0,
domain_runtime,analytics/csv/power_analytics.csv,populated_physical_value_ranges,True,True,True,4,0,
domain_runtime,analytics/csv/power_analytics.csv,in_path_truth_proxy_separation,True,True,True,4,0,
domain_runtime,analytics/csv/runtime_power_analytics.csv,schema_and_runtime_rows,True,True,True,6,0,
domain_runtime,analytics/csv/runtime_power_analytics.csv,scenario_execution_identity,True,True,True,6,0,
domain_runtime,analytics/csv/runtime_power_analytics.csv,populated_physical_value_ranges,True,True,True,6,0,
domain_runtime,analytics/csv/runtime_power_analytics.csv,in_path_truth_proxy_separation,True,True,True,6,0,
domain_runtime,analytics/csv/sleep_state_analytics.csv,schema_and_runtime_rows,True,True,True,5,0,
domain_runtime,analytics/csv/sleep_state_analytics.csv,scenario_execution_identity,True,True,True,5,0,
domain_runtime,analytics/csv/sleep_state_analytics.csv,populated_physical_value_ranges,True,True,True,5,0,
domain_runtime,analytics/csv/sleep_state_analytics.csv,in_path_truth_proxy_separation,True,True,True,5,0,
domain_runtime,analytics/csv/symbol_throughput_analytics.csv,schema_and_runtime_rows,True,True,True,364,0,
domain_runtime,analytics/csv/symbol_throughput_analytics.csv,scenario_execution_identity,True,True,True,364,0,
domain_runtime,analytics/csv/symbol_throughput_analytics.csv,populated_physical_value_ranges,True,True,True,364,0,
domain_runtime,analytics/csv/symbol_throughput_analytics.csv,in_path_truth_proxy_separation,True,True,True,364,0,
domain_runtime,analytics/csv/time_profile_analytics.csv,schema_and_runtime_rows,True,True,True,66,0,
domain_runtime,analytics/csv/time_profile_analytics.csv,scenario_execution_identity,True,True,True,66,0,
domain_runtime,analytics/csv/time_profile_analytics.csv,populated_physical_value_ranges,True,True,True,66,0,
domain_runtime,analytics/csv/time_profile_analytics.csv,in_path_truth_proxy_separation,True,True,True,66,0,
domain_runtime,beamforming/csv/antenna_array_config.csv,schema_and_runtime_rows,True,True,True,2,0,
domain_runtime,beamforming/csv/antenna_array_config.csv,scenario_execution_identity,True,True,True,2,0,
domain_runtime,beamforming/csv/antenna_array_config.csv,populated_physical_value_ranges,True,True,True,2,0,
domain_runtime,beamforming/csv/antenna_array_config.csv,in_path_truth_proxy_separation,True,True,True,2,0,
domain_runtime,beamforming/csv/antenna_port_mapping.csv,schema_and_runtime_rows,True,True,True,2,0,
domain_runtime,beamforming/csv/antenna_port_mapping.csv,scenario_execution_identity,True,True,True,2,0,
domain_runtime,beamforming/csv/antenna_port_mapping.csv,populated_physical_value_ranges,True,True,True,2,0,
domain_runtime,beamforming/csv/antenna_port_mapping.csv,in_path_truth_proxy_separation,True,True,True,2,0,
domain_runtime,beamforming/csv/beam_codebook.csv,schema_and_runtime_rows,True,True,True,3,0,
domain_runtime,beamforming/csv/beam_codebook.csv,scenario_execution_identity,True,True,True,3,0,
domain_runtime,beamforming/csv/beam_codebook.csv,populated_physical_value_ranges,True,True,True,3,0,
domain_runtime,beamforming/csv/beam_codebook.csv,in_path_truth_proxy_separation,True,True,True,3,0,
domain_runtime,beamforming/csv/beam_management_event_trace.csv,schema_and_runtime_rows,True,True,True,8,0,
domain_runtime,beamforming/csv/beam_management_event_trace.csv,scenario_execution_identity,True,True,True,8,0,
domain_runtime,beamforming/csv/beam_management_event_trace.csv,populated_physical_value_ranges,True,True,True,8,0,
domain_runtime,beamforming/csv/beam_management_event_trace.csv,in_path_truth_proxy_separation,True,True,True,8,0,
domain_runtime,beamforming/csv/beam_management_state_trace.csv,schema_and_runtime_rows,True,True,True,8,0,
domain_runtime,beamforming/csv/beam_management_state_trace.csv,scenario_execution_identity,True,True,True,8,0,
domain_runtime,beamforming/csv/beam_management_state_trace.csv,populated_physical_value_ranges,True,True,True,8,0,
domain_runtime,beamforming/csv/beam_management_state_trace.csv,in_path_truth_proxy_separation,True,True,True,8,0,
domain_runtime,beamforming/csv/beam_precoder_table.csv,schema_and_runtime_rows,True,True,True,8,0,
domain_runtime,beamforming/csv/beam_precoder_table.csv,scenario_execution_identity,True,True,True,8,0,
domain_runtime,beamforming/csv/beam_precoder_table.csv,populated_physical_value_ranges,True,True,True,8,0,
domain_runtime,beamforming/csv/beam_precoder_table.csv,in_path_truth_proxy_separation,True,True,True,8,0,
domain_runtime,beamforming/csv/beam_score_trace.csv,schema_and_runtime_rows,True,True,True,8,0,
domain_runtime,beamforming/csv/beam_score_trace.csv,scenario_execution_identity,True,True,True,8,0,
domain_runtime,beamforming/csv/beam_score_trace.csv,populated_physical_value_ranges,True,True,True,8,0,
domain_runtime,beamforming/csv/beam_score_trace.csv,in_path_truth_proxy_separation,True,True,True,8,0,
domain_runtime,beamforming/csv/beam_sweep_measurements.csv,schema_and_runtime_rows,True,True,True,8,0,
domain_runtime,beamforming/csv/beam_sweep_measurements.csv,scenario_execution_identity,True,True,True,8,0,
domain_runtime,beamforming/csv/beam_sweep_measurements.csv,populated_physical_value_ranges,True,True,True,8,0,
domain_runtime,beamforming/csv/beam_sweep_measurements.csv,in_path_truth_proxy_separation,True,True,True,8,0,
domain_runtime,beamforming/csv/beamforming_analytics_table.csv,schema_and_runtime_rows,True,True,True,2,0,
domain_runtime,beamforming/csv/beamforming_analytics_table.csv,scenario_execution_identity,True,True,True,2,0,
domain_runtime,beamforming/csv/beamforming_analytics_table.csv,populated_physical_value_ranges,True,True,True,2,0,
domain_runtime,beamforming/csv/beamforming_analytics_table.csv,in_path_truth_proxy_separation,True,True,True,2,0,
domain_runtime,beamforming/csv/mimo_config_strict.csv,schema_and_runtime_rows,True,True,True,2,0,
domain_runtime,beamforming/csv/mimo_config_strict.csv,scenario_execution_identity,True,True,True,2,0,
domain_runtime,beamforming/csv/mimo_config_strict.csv,populated_physical_value_ranges,True,True,True,2,0,
domain_runtime,beamforming/csv/mimo_config_strict.csv,in_path_truth_proxy_separation,True,True,True,2,0,
domain_runtime,beamforming/csv/mimo_config_validation.csv,schema_and_runtime_rows,True,True,True,12,0,
domain_runtime,beamforming/csv/mimo_config_validation.csv,scenario_execution_identity,True,True,True,12,0,
domain_runtime,beamforming/csv/mimo_config_validation.csv,populated_physical_value_ranges,True,True,True,12,0,
domain_runtime,beamforming/csv/mimo_config_validation.csv,in_path_truth_proxy_separation,True,True,True,12,0,
domain_runtime,beamforming/csv/mimo_configured_vs_effective.csv,schema_and_runtime_rows,True,True,True,2,0,
domain_runtime,beamforming/csv/mimo_configured_vs_effective.csv,scenario_execution_identity,True,True,True,2,0,
domain_runtime,beamforming/csv/mimo_configured_vs_effective.csv,populated_physical_value_ranges,True,True,True,2,0,
domain_runtime,beamforming/csv/mimo_configured_vs_effective.csv,in_path_truth_proxy_separation,True,True,True,2,0,
domain_runtime,beamforming/csv/mimo_layer_metrics.csv,schema_and_runtime_rows,True,True,True,8,0,
domain_runtime,beamforming/csv/mimo_layer_metrics.csv,scenario_execution_identity,True,True,True,8,0,
domain_runtime,beamforming/csv/mimo_layer_metrics.csv,populated_physical_value_ranges,True,True,True,8,0,
domain_runtime,beamforming/csv/mimo_layer_metrics.csv,in_path_truth_proxy_separation,True,True,True,8,0,
domain_runtime,beamforming/csv/mimo_negative_trials.csv,schema_and_runtime_rows,True,True,True,0,0,
domain_runtime,beamforming/csv/mimo_negative_trials.csv,scenario_execution_identity,True,True,True,0,0,
domain_runtime,beamforming/csv/mimo_negative_trials.csv,populated_physical_value_ranges,True,True,True,0,0,
domain_runtime,beamforming/csv/mimo_negative_trials.csv,in_path_truth_proxy_separation,True,True,True,0,0,
domain_runtime,beamforming/csv/mimo_oracle_guard.csv,schema_and_runtime_rows,True,True,True,8,0,
domain_runtime,beamforming/csv/mimo_oracle_guard.csv,scenario_execution_identity,True,True,True,8,0,
domain_runtime,beamforming/csv/mimo_oracle_guard.csv,populated_physical_value_ranges,True,True,True,8,0,
domain_runtime,beamforming/csv/mimo_oracle_guard.csv,in_path_truth_proxy_separation,True,True,True,8,0,
domain_runtime,beamforming/csv/mimo_primary_trial_source_reconciliation.csv,schema_and_runtime_rows,True,True,True,2,0,
domain_runtime,beamforming/csv/mimo_primary_trial_source_reconciliation.csv,scenario_execution_identity,True,True,True,2,0,
domain_runtime,beamforming/csv/mimo_primary_trial_source_reconciliation.csv,populated_physical_value_ranges,True,True,True,2,0,
domain_runtime,beamforming/csv/mimo_primary_trial_source_reconciliation.csv,in_path_truth_proxy_separation,True,True,True,2,0,
domain_runtime,beamforming/csv/mimo_rank_utilization_table.csv,schema_and_runtime_rows,True,True,True,2,0,
domain_runtime,beamforming/csv/mimo_rank_utilization_table.csv,scenario_execution_identity,True,True,True,2,0,
domain_runtime,beamforming/csv/mimo_rank_utilization_table.csv,populated_physical_value_ranges,True,True,True,2,0,
domain_runtime,beamforming/csv/mimo_rank_utilization_table.csv,in_path_truth_proxy_separation,True,True,True,2,0,
domain_runtime,beamforming/csv/mimo_strict_gate_summary.csv,schema_and_runtime_rows,True,True,True,8,0,
domain_runtime,beamforming/csv/mimo_strict_gate_summary.csv,scenario_execution_identity,True,True,True,8,0,
domain_runtime,beamforming/csv/mimo_strict_gate_summary.csv,populated_physical_value_ranges,True,True,True,8,0,
domain_runtime,beamforming/csv/mimo_strict_gate_summary.csv,in_path_truth_proxy_separation,True,True,True,8,0,
domain_runtime,beamforming/csv/precoder_evidence.csv,schema_and_runtime_rows,True,True,True,8,0,
domain_runtime,beamforming/csv/precoder_evidence.csv,scenario_execution_identity,True,True,True,8,0,
domain_runtime,beamforming/csv/precoder_evidence.csv,populated_physical_value_ranges,True,True,True,8,0,
domain_runtime,beamforming/csv/precoder_evidence.csv,in_path_truth_proxy_separation,True,True,True,8,0,
domain_runtime,beamforming/csv/probe_beam_management.csv,schema_and_runtime_rows,True,True,True,20,0,
domain_runtime,beamforming/csv/probe_beam_management.csv,scenario_execution_identity,True,True,True,20,0,
domain_runtime,beamforming/csv/probe_beam_management.csv,populated_physical_value_ranges,True,True,True,20,0,
domain_runtime,beamforming/csv/probe_beam_management.csv,in_path_truth_proxy_separation,True,True,True,20,0,
domain_runtime,beamforming/csv/probe_beam_mimo.csv,schema_and_runtime_rows,True,True,True,8,0,
domain_runtime,beamforming/csv/probe_beam_mimo.csv,scenario_execution_identity,True,True,True,8,0,
domain_runtime,beamforming/csv/probe_beam_mimo.csv,populated_physical_value_ranges,True,True,True,8,0,
domain_runtime,beamforming/csv/probe_beam_mimo.csv,in_path_truth_proxy_separation,True,True,True,8,0,
domain_runtime,beamforming/csv/rank_layer_trials.csv,schema_and_runtime_rows,True,True,True,8,0,
domain_runtime,beamforming/csv/rank_layer_trials.csv,scenario_execution_identity,True,True,True,8,0,
domain_runtime,beamforming/csv/rank_layer_trials.csv,populated_physical_value_ranges,True,True,True,8,0,
domain_runtime,beamforming/csv/rank_layer_trials.csv,in_path_truth_proxy_separation,True,True,True,8,0,
domain_runtime,beamforming/csv/rank_layer_usage_histogram.csv,schema_and_runtime_rows,True,True,True,2,0,
domain_runtime,beamforming/csv/rank_layer_usage_histogram.csv,scenario_execution_identity,True,True,True,2,0,
domain_runtime,beamforming/csv/rank_layer_usage_histogram.csv,populated_physical_value_ranges,True,True,True,2,0,
domain_runtime,beamforming/csv/rank_layer_usage_histogram.csv,in_path_truth_proxy_separation,True,True,True,2,0,
domain_runtime,component_anchors/channel_rf/air_interface/csv/downstream_channel_references.csv,schema_and_runtime_rows,True,True,True,3,0,
domain_runtime,component_anchors/channel_rf/air_interface/csv/downstream_channel_references.csv,scenario_execution_identity,True,True,True,3,0,
domain_runtime,component_anchors/channel_rf/air_interface/csv/downstream_channel_references.csv,populated_physical_value_ranges,True,True,True,3,0,
domain_runtime,component_anchors/channel_rf/air_interface/csv/downstream_channel_references.csv,in_path_truth_proxy_separation,True,True,True,3,0,
domain_runtime,component_anchors/channel_rf/channel/csv/channel_configured_vs_applied.csv,schema_and_runtime_rows,True,True,True,10,0,
domain_runtime,component_anchors/channel_rf/channel/csv/channel_configured_vs_applied.csv,scenario_execution_identity,True,True,True,10,0,
domain_runtime,component_anchors/channel_rf/channel/csv/channel_configured_vs_applied.csv,populated_physical_value_ranges,True,True,True,10,0,
domain_runtime,component_anchors/channel_rf/channel/csv/channel_configured_vs_applied.csv,in_path_truth_proxy_separation,True,True,True,10,0,
domain_runtime,component_anchors/channel_rf/channel/csv/channel_realizations.csv,schema_and_runtime_rows,True,True,True,1,0,
domain_runtime,component_anchors/channel_rf/channel/csv/channel_realizations.csv,scenario_execution_identity,True,True,True,1,0,
domain_runtime,component_anchors/channel_rf/channel/csv/channel_realizations.csv,populated_physical_value_ranges,True,True,True,1,0,
domain_runtime,component_anchors/channel_rf/channel/csv/channel_realizations.csv,in_path_truth_proxy_separation,True,True,True,1,0,
domain_runtime,component_anchors/channel_rf/channel/csv/channel_rf_config_strict.csv,schema_and_runtime_rows,True,True,True,1,0,
domain_runtime,component_anchors/channel_rf/channel/csv/channel_rf_config_strict.csv,scenario_execution_identity,True,True,True,1,0,
domain_runtime,component_anchors/channel_rf/channel/csv/channel_rf_config_strict.csv,populated_physical_value_ranges,True,True,True,1,0,
domain_runtime,component_anchors/channel_rf/channel/csv/channel_rf_config_strict.csv,in_path_truth_proxy_separation,True,True,True,1,0,
domain_runtime,component_anchors/channel_rf/channel/csv/channel_rf_plot_lineage.csv,schema_and_runtime_rows,True,True,True,2,0,
domain_runtime,component_anchors/channel_rf/channel/csv/channel_rf_plot_lineage.csv,scenario_execution_identity,True,True,True,2,0,
domain_runtime,component_anchors/channel_rf/channel/csv/channel_rf_plot_lineage.csv,populated_physical_value_ranges,True,True,True,2,0,
domain_runtime,component_anchors/channel_rf/channel/csv/channel_rf_plot_lineage.csv,in_path_truth_proxy_separation,True,True,True,2,0,
domain_runtime,component_anchors/channel_rf/channel/csv/channel_rf_strict_artifact_manifest.csv,schema_and_runtime_rows,True,True,True,27,0,
domain_runtime,component_anchors/channel_rf/channel/csv/channel_rf_strict_artifact_manifest.csv,scenario_execution_identity,True,True,True,27,0,
domain_runtime,component_anchors/channel_rf/channel/csv/channel_rf_strict_artifact_manifest.csv,populated_physical_value_ranges,True,True,True,27,0,
domain_runtime,component_anchors/channel_rf/channel/csv/channel_rf_strict_artifact_manifest.csv,in_path_truth_proxy_separation,True,True,True,27,0,
domain_runtime,component_anchors/channel_rf/channel/csv/channel_snapshots.csv,schema_and_runtime_rows,True,True,True,1,0,
domain_runtime,component_anchors/channel_rf/channel/csv/channel_snapshots.csv,scenario_execution_identity,True,True,True,1,0,
domain_runtime,component_anchors/channel_rf/channel/csv/channel_snapshots.csv,populated_physical_value_ranges,True,True,True,1,0,
domain_runtime,component_anchors/channel_rf/channel/csv/channel_snapshots.csv,in_path_truth_proxy_separation,True,True,True,1,0,
domain_runtime,component_anchors/channel_rf/channel/csv/large_scale_parameters.csv,schema_and_runtime_rows,True,True,True,1,0,
domain_runtime,component_anchors/channel_rf/channel/csv/large_scale_parameters.csv,scenario_execution_identity,True,True,True,1,0,
domain_runtime,component_anchors/channel_rf/channel/csv/large_scale_parameters.csv,populated_physical_value_ranges,True,True,True,1,0,
domain_runtime,component_anchors/channel_rf/channel/csv/large_scale_parameters.csv,in_path_truth_proxy_separation,True,True,True,1,0,
domain_runtime,component_anchors/channel_rf/channel/csv/link_geometry.csv,schema_and_runtime_rows,True,True,True,1,0,
domain_runtime,component_anchors/channel_rf/channel/csv/link_geometry.csv,scenario_execution_identity,True,True,True,1,0,
domain_runtime,component_anchors/channel_rf/channel/csv/link_geometry.csv,populated_physical_value_ranges,True,True,True,1,0,
domain_runtime,component_anchors/channel_rf/channel/csv/link_geometry.csv,in_path_truth_proxy_separation,True,True,True,1,0,
domain_runtime,component_anchors/channel_rf/channel/csv/path_gains.csv,schema_and_runtime_rows,True,True,True,1,0,
domain_runtime,component_anchors/channel_rf/channel/csv/path_gains.csv,scenario_execution_identity,True,True,True,1,0,
domain_runtime,component_anchors/channel_rf/channel/csv/path_gains.csv,populated_physical_value_ranges,True,True,True,1,0,
domain_runtime,component_anchors/channel_rf/channel/csv/path_gains.csv,in_path_truth_proxy_separation,True,True,True,1,0,
domain_runtime,component_anchors/channel_rf/channel/csv/sectors.csv,schema_and_runtime_rows,True,True,True,1,0,
domain_runtime,component_anchors/channel_rf/channel/csv/sectors.csv,scenario_execution_identity,True,True,True,1,0,
domain_runtime,component_anchors/channel_rf/channel/csv/sectors.csv,populated_physical_value_ranges,True,True,True,1,0,
domain_runtime,component_anchors/channel_rf/channel/csv/sectors.csv,in_path_truth_proxy_separation,True,True,True,1,0,
domain_runtime,component_anchors/channel_rf/channel/csv/sites.csv,schema_and_runtime_rows,True,True,True,1,0,
domain_runtime,component_anchors/channel_rf/channel/csv/sites.csv,scenario_execution_identity,True,True,True,1,0,
domain_runtime,component_anchors/channel_rf/channel/csv/sites.csv,populated_physical_value_ranges,True,True,True,1,0,
domain_runtime,component_anchors/channel_rf/channel/csv/sites.csv,in_path_truth_proxy_separation,True,True,True,1,0,
domain_runtime,component_anchors/channel_rf/channel/csv/ues.csv,schema_and_runtime_rows,True,True,True,1,0,
domain_runtime,component_anchors/channel_rf/channel/csv/ues.csv,scenario_execution_identity,True,True,True,1,0,
domain_runtime,component_anchors/channel_rf/channel/csv/ues.csv,populated_physical_value_ranges,True,True,True,1,0,
domain_runtime,component_anchors/channel_rf/channel/csv/ues.csv,in_path_truth_proxy_separation,True,True,True,1,0,
domain_runtime,component_anchors/channel_rf/interference/csv/interference_topology.csv,schema_and_runtime_rows,True,True,True,1,0,
domain_runtime,component_anchors/channel_rf/interference/csv/interference_topology.csv,scenario_execution_identity,True,True,True,1,0,
domain_runtime,component_anchors/channel_rf/interference/csv/interference_topology.csv,populated_physical_value_ranges,True,True,True,1,0,
domain_runtime,component_anchors/channel_rf/interference/csv/interference_topology.csv,in_path_truth_proxy_separation,True,True,True,1,0,
domain_runtime,component_anchors/channel_rf/reports/csv/channel_rf_cdlc_realization_table.csv,schema_and_runtime_rows,False,False,False,0,0,
domain_runtime,component_anchors/channel_rf/reports/csv/channel_rf_configured_applied.csv,schema_and_runtime_rows,True,True,True,4,0,
domain_runtime,component_anchors/channel_rf/reports/csv/channel_rf_configured_applied.csv,scenario_execution_identity,True,True,True,4,0,
domain_runtime,component_anchors/channel_rf/reports/csv/channel_rf_configured_applied.csv,populated_physical_value_ranges,True,True,True,4,0,
domain_runtime,component_anchors/channel_rf/reports/csv/channel_rf_configured_applied.csv,in_path_truth_proxy_separation,True,True,True,4,0,
domain_runtime,component_anchors/channel_rf/reports/csv/channel_rf_negative_trials.csv,schema_and_runtime_rows,True,True,True,6,0,
domain_runtime,component_anchors/channel_rf/reports/csv/channel_rf_negative_trials.csv,scenario_execution_identity,True,True,True,6,0,
domain_runtime,component_anchors/channel_rf/reports/csv/channel_rf_negative_trials.csv,populated_physical_value_ranges,True,True,True,6,0,
domain_runtime,component_anchors/channel_rf/reports/csv/channel_rf_negative_trials.csv,in_path_truth_proxy_separation,True,True,True,6,0,
domain_runtime,component_anchors/channel_rf/reports/csv/channel_rf_per_ue_realization.csv,schema_and_runtime_rows,True,True,True,1,0,
domain_runtime,component_anchors/channel_rf/reports/csv/channel_rf_per_ue_realization.csv,scenario_execution_identity,True,True,True,1,0,
domain_runtime,component_anchors/channel_rf/reports/csv/channel_rf_per_ue_realization.csv,populated_physical_value_ranges,True,True,True,1,0,
domain_runtime,component_anchors/channel_rf/reports/csv/channel_rf_per_ue_realization.csv,in_path_truth_proxy_separation,True,True,True,1,0,
domain_runtime,component_anchors/channel_rf/reports/csv/channel_rf_strict_summary.csv,schema_and_runtime_rows,True,True,True,1,0,
domain_runtime,component_anchors/channel_rf/reports/csv/channel_rf_strict_summary.csv,scenario_execution_identity,True,True,True,1,0,
domain_runtime,component_anchors/channel_rf/reports/csv/channel_rf_strict_summary.csv,populated_physical_value_ranges,True,True,True,1,0,
domain_runtime,component_anchors/channel_rf/reports/csv/channel_rf_strict_summary.csv,in_path_truth_proxy_separation,True,True,True,1,0,
domain_runtime,component_anchors/channel_rf/rf/csv/channel_rf_negative_trials.csv,schema_and_runtime_rows,True,True,True,6,0,
domain_runtime,component_anchors/channel_rf/rf/csv/channel_rf_negative_trials.csv,scenario_execution_identity,True,True,True,6,0,
domain_runtime,component_anchors/channel_rf/rf/csv/channel_rf_negative_trials.csv,populated_physical_value_ranges,True,True,True,6,0,
domain_runtime,component_anchors/channel_rf/rf/csv/channel_rf_negative_trials.csv,in_path_truth_proxy_separation,True,True,True,6,0,
domain_runtime,component_anchors/channel_rf/rf/csv/channel_rf_oracle_guard.csv,schema_and_runtime_rows,True,True,True,3,0,
domain_runtime,component_anchors/channel_rf/rf/csv/channel_rf_oracle_guard.csv,scenario_execution_identity,True,True,True,3,0,
domain_runtime,component_anchors/channel_rf/rf/csv/channel_rf_oracle_guard.csv,populated_physical_value_ranges,True,True,True,3,0,
domain_runtime,component_anchors/channel_rf/rf/csv/channel_rf_oracle_guard.csv,in_path_truth_proxy_separation,True,True,True,3,0,
domain_runtime,component_anchors/channel_rf/rf/csv/evm_impairment_measurements.csv,schema_and_runtime_rows,True,True,True,1,0,
domain_runtime,component_anchors/channel_rf/rf/csv/evm_impairment_measurements.csv,scenario_execution_identity,True,True,True,1,0,
domain_runtime,component_anchors/channel_rf/rf/csv/evm_impairment_measurements.csv,populated_physical_value_ranges,True,True,True,1,0,
domain_runtime,component_anchors/channel_rf/rf/csv/evm_impairment_measurements.csv,in_path_truth_proxy_separation,True,True,True,1,0,
domain_runtime,component_anchors/channel_rf/rf/csv/rf_impairment_chain.csv,schema_and_runtime_rows,True,True,True,1,0,
domain_runtime,component_anchors/channel_rf/rf/csv/rf_impairment_chain.csv,scenario_execution_identity,True,True,True,1,0,
domain_runtime,component_anchors/channel_rf/rf/csv/rf_impairment_chain.csv,populated_physical_value_ranges,True,True,True,1,0,
domain_runtime,component_anchors/channel_rf/rf/csv/rf_impairment_chain.csv,in_path_truth_proxy_separation,True,True,True,1,0,
domain_runtime,component_anchors/channel_rf/rf/csv/thermal_noise_validation.csv,schema_and_runtime_rows,True,True,True,1,0,
domain_runtime,component_anchors/channel_rf/rf/csv/thermal_noise_validation.csv,scenario_execution_identity,True,True,True,1,0,
domain_runtime,component_anchors/channel_rf/rf/csv/thermal_noise_validation.csv,populated_physical_value_ranges,True,True,True,1,0,
domain_runtime,component_anchors/channel_rf/rf/csv/thermal_noise_validation.csv,in_path_truth_proxy_separation,True,True,True,1,0,
domain_runtime,components/prach/csv/prach_detection_trials.csv,schema_and_runtime_rows,True,True,True,1,0,
domain_runtime,components/prach/csv/prach_detection_trials.csv,scenario_execution_identity,True,True,True,1,0,
domain_runtime,components/prach/csv/prach_detection_trials.csv,populated_physical_value_ranges,True,True,True,1,0,
domain_runtime,components/prach/csv/prach_detection_trials.csv,in_path_truth_proxy_separation,True,True,True,1,0,
domain_runtime,configuration/csv/configuration_conflicts.csv,schema_and_runtime_rows,True,True,True,13,0,
domain_runtime,configuration/csv/configuration_conflicts.csv,scenario_execution_identity,True,True,True,13,0,
domain_runtime,configuration/csv/configuration_conflicts.csv,populated_physical_value_ranges,True,True,True,13,0,
domain_runtime,configuration/csv/configuration_conflicts.csv,in_path_truth_proxy_separation,True,True,True,13,0,
domain_runtime,configuration/csv/configuration_consumer_map.csv,schema_and_runtime_rows,True,True,True,13,0,
domain_runtime,configuration/csv/configuration_consumer_map.csv,scenario_execution_identity,True,True,True,13,0,
domain_runtime,configuration/csv/configuration_consumer_map.csv,populated_physical_value_ranges,True,True,True,13,0,
domain_runtime,configuration/csv/configuration_consumer_map.csv,in_path_truth_proxy_separation,True,True,True,13,0,
domain_runtime,configuration/csv/configuration_precedence.csv,schema_and_runtime_rows,True,True,True,13,0,
domain_runtime,configuration/csv/configuration_precedence.csv,scenario_execution_identity,True,True,True,13,0,
domain_runtime,configuration/csv/configuration_precedence.csv,populated_physical_value_ranges,True,True,True,13,0,
domain_runtime,configuration/csv/configuration_precedence.csv,in_path_truth_proxy_separation,True,True,True,13,0,
domain_runtime,configuration/csv/resolved_channel_rf_configuration.csv,schema_and_runtime_rows,True,True,True,20,0,
domain_runtime,configuration/csv/resolved_channel_rf_configuration.csv,scenario_execution_identity,True,True,True,20,0,
domain_runtime,configuration/csv/resolved_channel_rf_configuration.csv,populated_physical_value_ranges,True,True,True,20,0,
domain_runtime,configuration/csv/resolved_channel_rf_configuration.csv,in_path_truth_proxy_separation,True,True,True,20,0,
domain_runtime,control/csv/access_state_timeline.csv,schema_and_runtime_rows,True,True,True,2,0,
domain_runtime,control/csv/access_state_timeline.csv,scenario_execution_identity,True,True,True,2,0,
domain_runtime,control/csv/access_state_timeline.csv,populated_physical_value_ranges,True,True,True,2,0,
domain_runtime,control/csv/access_state_timeline.csv,in_path_truth_proxy_separation,True,True,True,2,0,
domain_runtime,control/csv/access_transition_ledger.csv,schema_and_runtime_rows,True,True,True,2,0,
domain_runtime,control/csv/access_transition_ledger.csv,scenario_execution_identity,True,True,True,2,0,
domain_runtime,control/csv/access_transition_ledger.csv,populated_physical_value_ranges,True,True,True,2,0,
domain_runtime,control/csv/access_transition_ledger.csv,in_path_truth_proxy_separation,True,True,True,2,0,
domain_runtime,control/csv/attach_state_trace.csv,schema_and_runtime_rows,True,True,True,1,0,
domain_runtime,control/csv/attach_state_trace.csv,scenario_execution_identity,True,True,True,1,0,
domain_runtime,control/csv/attach_state_trace.csv,populated_physical_value_ranges,True,True,True,1,0,
domain_runtime,control/csv/attach_state_trace.csv,in_path_truth_proxy_separation,True,True,True,1,0,
domain_runtime,control/csv/cell_search_trials.csv,schema_and_runtime_rows,True,True,True,4,0,
domain_runtime,control/csv/cell_search_trials.csv,scenario_execution_identity,True,True,True,4,0,
domain_runtime,control/csv/cell_search_trials.csv,populated_physical_value_ranges,True,True,True,4,0,
domain_runtime,control/csv/cell_search_trials.csv,in_path_truth_proxy_separation,True,True,True,4,0,
domain_runtime,control/csv/control_gating_state.csv,schema_and_runtime_rows,True,True,True,1,0,
domain_runtime,control/csv/control_gating_state.csv,scenario_execution_identity,True,True,True,1,0,
domain_runtime,control/csv/control_gating_state.csv,populated_physical_value_ranges,True,True,True,1,0,
domain_runtime,control/csv/control_gating_state.csv,in_path_truth_proxy_separation,True,True,True,1,0,
domain_runtime,control/csv/control_gating_summary.csv,schema_and_runtime_rows,True,True,True,1,0,
domain_runtime,control/csv/control_gating_summary.csv,scenario_execution_identity,True,True,True,1,0,
domain_runtime,control/csv/control_gating_summary.csv,populated_physical_value_ranges,True,True,True,1,0,
domain_runtime,control/csv/control_gating_summary.csv,in_path_truth_proxy_separation,True,True,True,1,0,
domain_runtime,control/csv/csi_feedback_reports.csv,schema_and_runtime_rows,True,True,True,8,0,
domain_runtime,control/csv/csi_feedback_reports.csv,scenario_execution_identity,True,True,True,8,0,
domain_runtime,control/csv/csi_feedback_reports.csv,populated_physical_value_ranges,True,True,True,8,0,
domain_runtime,control/csv/csi_feedback_reports.csv,in_path_truth_proxy_separation,True,True,True,8,0,
domain_runtime,control/csv/csi_rs_table.csv,schema_and_runtime_rows,True,True,True,2,0,
domain_runtime,control/csv/csi_rs_table.csv,scenario_execution_identity,True,True,True,2,0,
domain_runtime,control/csv/csi_rs_table.csv,populated_physical_value_ranges,True,True,True,2,0,
domain_runtime,control/csv/csi_rs_table.csv,in_path_truth_proxy_separation,True,True,True,2,0,
domain_runtime,control/csv/csi_rs_trials.csv,schema_and_runtime_rows,True,True,True,2,0,
domain_runtime,control/csv/csi_rs_trials.csv,scenario_execution_identity,True,True,True,2,0,
domain_runtime,control/csv/csi_rs_trials.csv,populated_physical_value_ranges,True,True,True,2,0,
domain_runtime,control/csv/csi_rs_trials.csv,in_path_truth_proxy_separation,True,True,True,2,0,
domain_runtime,control/csv/initial_access_lifecycle_trace.csv,schema_and_runtime_rows,True,True,True,8,0,
domain_runtime,control/csv/initial_access_lifecycle_trace.csv,scenario_execution_identity,True,True,True,8,0,
domain_runtime,control/csv/initial_access_lifecycle_trace.csv,populated_physical_value_ranges,True,True,True,8,0,
domain_runtime,control/csv/initial_access_lifecycle_trace.csv,in_path_truth_proxy_separation,True,True,True,8,0,
domain_runtime,control/csv/msg1_prach_detection.csv,schema_and_runtime_rows,True,True,True,1,0,
domain_runtime,control/csv/msg1_prach_detection.csv,scenario_execution_identity,True,True,True,1,0,
domain_runtime,control/csv/msg1_prach_detection.csv,populated_physical_value_ranges,True,True,True,1,0,
domain_runtime,control/csv/msg1_prach_detection.csv,in_path_truth_proxy_separation,True,True,True,1,0,
domain_runtime,control/csv/msg2_pdcch_candidates.csv,schema_and_runtime_rows,True,True,True,8,0,
domain_runtime,control/csv/msg2_pdcch_candidates.csv,scenario_execution_identity,True,True,True,8,0,
domain_runtime,control/csv/msg2_pdcch_candidates.csv,populated_physical_value_ranges,True,True,True,8,0,
domain_runtime,control/csv/msg2_pdcch_candidates.csv,in_path_truth_proxy_separation,True,True,True,8,0,
domain_runtime,control/csv/msg2_rar_trials.csv,schema_and_runtime_rows,True,True,True,1,0,
domain_runtime,control/csv/msg2_rar_trials.csv,scenario_execution_identity,True,True,True,1,0,
domain_runtime,control/csv/msg2_rar_trials.csv,populated_physical_value_ranges,True,True,True,1,0,
domain_runtime,control/csv/msg2_rar_trials.csv,in_path_truth_proxy_separation,True,True,True,1,0,
domain_runtime,control/csv/msg3_pusch_trials.csv,schema_and_runtime_rows,True,True,True,1,0,
domain_runtime,control/csv/msg3_pusch_trials.csv,scenario_execution_identity,True,True,True,1,0,
domain_runtime,control/csv/msg3_pusch_trials.csv,populated_physical_value_ranges,True,True,True,1,0,
domain_runtime,control/csv/msg3_pusch_trials.csv,in_path_truth_proxy_separation,True,True,True,1,0,
domain_runtime,control/csv/msg4_contention_resolution.csv,schema_and_runtime_rows,True,True,True,1,0,
domain_runtime,control/csv/msg4_contention_resolution.csv,scenario_execution_identity,True,True,True,1,0,
domain_runtime,control/csv/msg4_contention_resolution.csv,populated_physical_value_ranges,True,True,True,1,0,
domain_runtime,control/csv/msg4_contention_resolution.csv,in_path_truth_proxy_separation,True,True,True,1,0,
domain_runtime,control/csv/msg4_trials.csv,schema_and_runtime_rows,True,True,True,1,0,
domain_runtime,control/csv/msg4_trials.csv,scenario_execution_identity,True,True,True,1,0,
domain_runtime,control/csv/msg4_trials.csv,populated_physical_value_ranges,True,True,True,1,0,
domain_runtime,control/csv/msg4_trials.csv,in_path_truth_proxy_separation,True,True,True,1,0,
domain_runtime,control/csv/pbch_recovery_trials.csv,schema_and_runtime_rows,True,True,True,4,0,
domain_runtime,control/csv/pbch_recovery_trials.csv,scenario_execution_identity,True,True,True,4,0,
domain_runtime,control/csv/pbch_recovery_trials.csv,populated_physical_value_ranges,True,True,True,4,0,
domain_runtime,control/csv/pbch_recovery_trials.csv,in_path_truth_proxy_separation,True,True,True,4,0,
domain_runtime,control/csv/pbch_trials.csv,schema_and_runtime_rows,True,True,True,4,0,
domain_runtime,control/csv/pbch_trials.csv,scenario_execution_identity,True,True,True,4,0,
domain_runtime,control/csv/pbch_trials.csv,populated_physical_value_ranges,True,True,True,4,0,
domain_runtime,control/csv/pbch_trials.csv,in_path_truth_proxy_separation,True,True,True,4,0,
domain_runtime,control/csv/pdcch_dci_table.csv,schema_and_runtime_rows,True,True,True,8,0,
domain_runtime,control/csv/pdcch_dci_table.csv,scenario_execution_identity,True,True,True,8,0,
domain_runtime,control/csv/pdcch_dci_table.csv,populated_physical_value_ranges,True,True,True,8,0,
domain_runtime,control/csv/pdcch_dci_table.csv,in_path_truth_proxy_separation,True,True,True,8,0,
domain_runtime,control/csv/pdcch_trials.csv,schema_and_runtime_rows,True,True,True,8,0,
domain_runtime,control/csv/pdcch_trials.csv,scenario_execution_identity,True,True,True,8,0,
domain_runtime,control/csv/pdcch_trials.csv,populated_physical_value_ranges,True,True,True,8,0,
domain_runtime,control/csv/pdcch_trials.csv,in_path_truth_proxy_separation,True,True,True,8,0,
domain_runtime,control/csv/pdsch_table.csv,schema_and_runtime_rows,True,True,True,6,0,
domain_runtime,control/csv/pdsch_table.csv,scenario_execution_identity,True,True,True,6,0,
domain_runtime,control/csv/pdsch_table.csv,populated_physical_value_ranges,True,True,True,6,0,
domain_runtime,control/csv/pdsch_table.csv,in_path_truth_proxy_separation,True,True,True,6,0,
domain_runtime,control/csv/prach_table.csv,schema_and_runtime_rows,True,True,True,1,0,
domain_runtime,control/csv/prach_table.csv,scenario_execution_identity,True,True,True,1,0,
domain_runtime,control/csv/prach_table.csv,populated_physical_value_ranges,True,True,True,1,0,
domain_runtime,control/csv/prach_table.csv,in_path_truth_proxy_separation,True,True,True,1,0,
domain_runtime,control/csv/prach_trials.csv,schema_and_runtime_rows,True,True,True,1,0,
domain_runtime,control/csv/prach_trials.csv,scenario_execution_identity,True,True,True,1,0,
domain_runtime,control/csv/prach_trials.csv,populated_physical_value_ranges,True,True,True,1,0,
domain_runtime,control/csv/prach_trials.csv,in_path_truth_proxy_separation,True,True,True,1,0,
domain_runtime,control/csv/pucch_table.csv,schema_and_runtime_rows,True,True,True,6,0,
domain_runtime,control/csv/pucch_table.csv,scenario_execution_identity,True,True,True,6,0,
domain_runtime,control/csv/pucch_table.csv,populated_physical_value_ranges,True,True,True,6,0,
domain_runtime,control/csv/pucch_table.csv,in_path_truth_proxy_separation,True,True,True,6,0,
domain_runtime,control/csv/pucch_trials.csv,schema_and_runtime_rows,True,True,True,6,0,
domain_runtime,control/csv/pucch_trials.csv,scenario_execution_identity,True,True,True,6,0,
domain_runtime,control/csv/pucch_trials.csv,populated_physical_value_ranges,True,True,True,6,0,
domain_runtime,control/csv/pucch_trials.csv,in_path_truth_proxy_separation,True,True,True,6,0,
domain_runtime,control/csv/pusch_table.csv,schema_and_runtime_rows,True,True,True,2,0,
domain_runtime,control/csv/pusch_table.csv,scenario_execution_identity,True,True,True,2,0,
domain_runtime,control/csv/pusch_table.csv,populated_physical_value_ranges,True,True,True,2,0,
domain_runtime,control/csv/pusch_table.csv,in_path_truth_proxy_separation,True,True,True,2,0,
domain_runtime,control/csv/ra_attempts.csv,schema_and_runtime_rows,True,True,True,1,0,
domain_runtime,control/csv/ra_attempts.csv,scenario_execution_identity,True,True,True,1,0,
domain_runtime,control/csv/ra_attempts.csv,populated_physical_value_ranges,True,True,True,1,0,
domain_runtime,control/csv/ra_attempts.csv,in_path_truth_proxy_separation,True,True,True,1,0,
domain_runtime,control/csv/ra_oracle_guard.csv,schema_and_runtime_rows,True,True,True,4,0,
domain_runtime,control/csv/ra_oracle_guard.csv,scenario_execution_identity,True,True,True,4,0,
domain_runtime,control/csv/ra_oracle_guard.csv,populated_physical_value_ranges,True,True,True,4,0,
domain_runtime,control/csv/ra_oracle_guard.csv,in_path_truth_proxy_separation,True,True,True,4,0,
domain_runtime,control/csv/ra_runtime_stage_waveforms.csv,schema_and_runtime_rows,True,True,True,5,0,
domain_runtime,control/csv/ra_runtime_stage_waveforms.csv,scenario_execution_identity,True,True,True,5,0,
domain_runtime,control/csv/ra_runtime_stage_waveforms.csv,populated_physical_value_ranges,True,True,True,5,0,
domain_runtime,control/csv/ra_runtime_stage_waveforms.csv,in_path_truth_proxy_separation,True,True,True,5,0,
domain_runtime,control/csv/ra_state_transitions.csv,schema_and_runtime_rows,True,True,True,8,0,
domain_runtime,control/csv/ra_state_transitions.csv,scenario_execution_identity,True,True,True,8,0,
domain_runtime,control/csv/ra_state_transitions.csv,populated_physical_value_ranges,True,True,True,8,0,
domain_runtime,control/csv/ra_state_transitions.csv,in_path_truth_proxy_separation,True,True,True,8,0,
domain_runtime,control/csv/ra_timer_events.csv,schema_and_runtime_rows,True,True,True,4,0,
domain_runtime,control/csv/ra_timer_events.csv,scenario_execution_identity,True,True,True,4,0,
domain_runtime,control/csv/ra_timer_events.csv,populated_physical_value_ranges,True,True,True,4,0,
domain_runtime,control/csv/ra_timer_events.csv,in_path_truth_proxy_separation,True,True,True,4,0,
domain_runtime,control/csv/reference_signal_measurements.csv,schema_and_runtime_rows,True,True,True,17,0,
domain_runtime,control/csv/reference_signal_measurements.csv,scenario_execution_identity,True,True,True,17,0,
domain_runtime,control/csv/reference_signal_measurements.csv,populated_physical_value_ranges,True,True,True,17,0,
domain_runtime,control/csv/reference_signal_measurements.csv,in_path_truth_proxy_separation,True,True,True,17,0,
domain_runtime,control/csv/rrc_connection_events.csv,schema_and_runtime_rows,True,True,True,8,0,
domain_runtime,control/csv/rrc_connection_events.csv,scenario_execution_identity,True,True,True,8,0,
domain_runtime,control/csv/rrc_connection_events.csv,populated_physical_value_ranges,True,True,True,8,0,
domain_runtime,control/csv/rrc_connection_events.csv,in_path_truth_proxy_separation,True,True,True,8,0,
domain_runtime,control/csv/rrc_setup_complete.csv,schema_and_runtime_rows,True,True,True,1,0,
domain_runtime,control/csv/rrc_setup_complete.csv,scenario_execution_identity,True,True,True,1,0,
domain_runtime,control/csv/rrc_setup_complete.csv,populated_physical_value_ranges,True,True,True,1,0,
domain_runtime,control/csv/rrc_setup_complete.csv,in_path_truth_proxy_separation,True,True,True,1,0,
domain_runtime,control/csv/srs_resource_decisions.csv,schema_and_runtime_rows,True,True,True,2,0,
domain_runtime,control/csv/srs_resource_decisions.csv,scenario_execution_identity,True,True,True,2,0,
domain_runtime,control/csv/srs_resource_decisions.csv,populated_physical_value_ranges,True,True,True,2,0,
domain_runtime,control/csv/srs_resource_decisions.csv,in_path_truth_proxy_separation,True,True,True,2,0,
domain_runtime,control/csv/srs_table.csv,schema_and_runtime_rows,True,True,True,2,0,
domain_runtime,control/csv/srs_table.csv,scenario_execution_identity,True,True,True,2,0,
domain_runtime,control/csv/srs_table.csv,populated_physical_value_ranges,True,True,True,2,0,
domain_runtime,control/csv/srs_table.csv,in_path_truth_proxy_separation,True,True,True,2,0,
domain_runtime,control/csv/srs_trials.csv,schema_and_runtime_rows,True,True,True,2,0,
domain_runtime,control/csv/srs_trials.csv,scenario_execution_identity,True,True,True,2,0,
domain_runtime,control/csv/srs_trials.csv,populated_physical_value_ranges,True,True,True,2,0,
domain_runtime,control/csv/srs_trials.csv,in_path_truth_proxy_separation,True,True,True,2,0,
domain_runtime,control/csv/ssb_pbch_table.csv,schema_and_runtime_rows,True,True,True,4,0,
domain_runtime,control/csv/ssb_pbch_table.csv,scenario_execution_identity,True,True,True,4,0,
domain_runtime,control/csv/ssb_pbch_table.csv,populated_physical_value_ranges,True,True,True,4,0,
domain_runtime,control/csv/ssb_pbch_table.csv,in_path_truth_proxy_separation,True,True,True,4,0,
domain_runtime,control/csv/timing_synchronization_table.csv,schema_and_runtime_rows,True,True,True,8,0,
domain_runtime,control/csv/timing_synchronization_table.csv,scenario_execution_identity,True,True,True,8,0,
domain_runtime,control/csv/timing_synchronization_table.csv,populated_physical_value_ranges,True,True,True,8,0,
domain_runtime,control/csv/timing_synchronization_table.csv,in_path_truth_proxy_separation,True,True,True,8,0,
domain_runtime,control/csv/trs_receiver_tracking_table.csv,schema_and_runtime_rows,True,True,True,5,0,
domain_runtime,control/csv/trs_receiver_tracking_table.csv,scenario_execution_identity,True,True,True,5,0,
domain_runtime,control/csv/trs_receiver_tracking_table.csv,populated_physical_value_ranges,True,True,True,5,0,
domain_runtime,control/csv/trs_receiver_tracking_table.csv,in_path_truth_proxy_separation,True,True,True,5,0,
domain_runtime,control/csv/trs_trials.csv,schema_and_runtime_rows,True,True,True,5,0,
domain_runtime,control/csv/trs_trials.csv,scenario_execution_identity,True,True,True,5,0,
domain_runtime,control/csv/trs_trials.csv,populated_physical_value_ranges,True,True,True,5,0,
domain_runtime,control/csv/trs_trials.csv,in_path_truth_proxy_separation,True,True,True,5,0,
domain_runtime,frame_grid/csv/observed_re_allocation.csv,schema_and_runtime_rows,True,True,True,3118,0,
domain_runtime,frame_grid/csv/observed_re_allocation.csv,scenario_execution_identity,True,True,True,3118,0,
domain_runtime,frame_grid/csv/observed_re_allocation.csv,populated_physical_value_ranges,True,True,True,3118,0,
domain_runtime,frame_grid/csv/observed_re_allocation.csv,in_path_truth_proxy_separation,True,True,True,3118,0,
domain_runtime,geometry/csv/coordinate_system.csv,schema_and_runtime_rows,True,True,True,1,0,
domain_runtime,geometry/csv/coordinate_system.csv,scenario_execution_identity,True,True,True,1,0,
domain_runtime,geometry/csv/coordinate_system.csv,populated_physical_value_ranges,True,True,True,1,0,
domain_runtime,geometry/csv/coordinate_system.csv,in_path_truth_proxy_separation,True,True,True,1,0,
domain_runtime,geometry/csv/geometry_validation.csv,schema_and_runtime_rows,True,True,True,1,0,
domain_runtime,geometry/csv/geometry_validation.csv,scenario_execution_identity,True,True,True,1,0,
domain_runtime,geometry/csv/geometry_validation.csv,populated_physical_value_ranges,True,True,True,1,0,
domain_runtime,geometry/csv/geometry_validation.csv,in_path_truth_proxy_separation,True,True,True,1,0,
domain_runtime,geometry/csv/serving_cell_assignment.csv,schema_and_runtime_rows,True,True,True,25,0,
domain_runtime,geometry/csv/serving_cell_assignment.csv,scenario_execution_identity,True,True,True,25,0,
domain_runtime,geometry/csv/serving_cell_assignment.csv,populated_physical_value_ranges,True,True,True,25,0,
domain_runtime,geometry/csv/serving_cell_assignment.csv,in_path_truth_proxy_separation,True,True,True,25,0,
domain_runtime,geometry/csv/site_positions.csv,schema_and_runtime_rows,True,True,True,1,0,
domain_runtime,geometry/csv/site_positions.csv,scenario_execution_identity,True,True,True,1,0,
domain_runtime,geometry/csv/site_positions.csv,populated_physical_value_ranges,True,True,True,1,0,
domain_runtime,geometry/csv/site_positions.csv,in_path_truth_proxy_separation,True,True,True,1,0,
domain_runtime,geometry/csv/topology_nodes.csv,schema_and_runtime_rows,True,True,True,2,0,
domain_runtime,geometry/csv/topology_nodes.csv,scenario_execution_identity,True,True,True,2,0,
domain_runtime,geometry/csv/topology_nodes.csv,populated_physical_value_ranges,True,True,True,2,0,
domain_runtime,geometry/csv/topology_nodes.csv,in_path_truth_proxy_separation,True,True,True,2,0,
domain_runtime,geometry/csv/trajectory_geometry.csv,schema_and_runtime_rows,True,True,True,25,0,
domain_runtime,geometry/csv/trajectory_geometry.csv,scenario_execution_identity,True,True,True,25,0,
domain_runtime,geometry/csv/trajectory_geometry.csv,populated_physical_value_ranges,True,True,True,25,0,
domain_runtime,geometry/csv/trajectory_geometry.csv,in_path_truth_proxy_separation,True,True,True,25,0,
domain_runtime,geometry/csv/ue_initial_positions.csv,schema_and_runtime_rows,True,True,True,1,0,
domain_runtime,geometry/csv/ue_initial_positions.csv,scenario_execution_identity,True,True,True,1,0,
domain_runtime,geometry/csv/ue_initial_positions.csv,populated_physical_value_ranges,True,True,True,1,0,
domain_runtime,geometry/csv/ue_initial_positions.csv,in_path_truth_proxy_separation,True,True,True,1,0,
domain_runtime,harq/csv/harq_process_timeline.csv,schema_and_runtime_rows,True,True,True,8,0,
domain_runtime,harq/csv/harq_process_timeline.csv,scenario_execution_identity,True,True,True,8,0,
domain_runtime,harq/csv/harq_process_timeline.csv,populated_physical_value_ranges,True,True,True,8,0,
domain_runtime,harq/csv/harq_process_timeline.csv,in_path_truth_proxy_separation,True,True,True,8,0,
domain_runtime,harq/csv/live_harq_observation_summary.csv,schema_and_runtime_rows,True,True,True,2,0,
domain_runtime,harq/csv/live_harq_observation_summary.csv,scenario_execution_identity,True,True,True,2,0,
domain_runtime,harq/csv/live_harq_observation_summary.csv,populated_physical_value_ranges,True,True,True,2,0,
domain_runtime,harq/csv/live_harq_observation_summary.csv,in_path_truth_proxy_separation,True,True,True,2,0,
domain_runtime,harq/csv/live_harq_observation_timeline.csv,schema_and_runtime_rows,True,True,True,8,0,
domain_runtime,harq/csv/live_harq_observation_timeline.csv,scenario_execution_identity,True,True,True,8,0,
domain_runtime,harq/csv/live_harq_observation_timeline.csv,populated_physical_value_ranges,True,True,True,8,0,
domain_runtime,harq/csv/live_harq_observation_timeline.csv,in_path_truth_proxy_separation,True,True,True,8,0,
domain_runtime,harq/csv/probe_harq_packets.csv,schema_and_runtime_rows,True,True,True,8,0,
domain_runtime,harq/csv/probe_harq_packets.csv,scenario_execution_identity,True,True,True,8,0,
domain_runtime,harq/csv/probe_harq_packets.csv,populated_physical_value_ranges,True,True,True,8,0,
domain_runtime,harq/csv/probe_harq_packets.csv,in_path_truth_proxy_separation,True,True,True,8,0,
domain_runtime,harq/csv/probe_harq_summary.csv,schema_and_runtime_rows,True,True,True,38,0,
domain_runtime,harq/csv/probe_harq_summary.csv,scenario_execution_identity,True,True,True,38,0,
domain_runtime,harq/csv/probe_harq_summary.csv,populated_physical_value_ranges,True,True,True,38,0,
domain_runtime,harq/csv/probe_harq_summary.csv,in_path_truth_proxy_separation,True,True,True,38,0,
domain_runtime,meta/scenario_source_chain.csv,schema_and_runtime_rows,True,True,True,20,0,
domain_runtime,meta/scenario_source_chain.csv,scenario_execution_identity,True,True,True,20,0,
domain_runtime,meta/scenario_source_chain.csv,populated_physical_value_ranges,True,True,True,20,0,
domain_runtime,meta/scenario_source_chain.csv,in_path_truth_proxy_separation,True,True,True,20,0,
domain_runtime,mobility/csv/channel_continuity_reconciliation.csv,schema_and_runtime_rows,True,True,True,1,0,
domain_runtime,mobility/csv/channel_continuity_reconciliation.csv,scenario_execution_identity,True,True,True,1,0,
domain_runtime,mobility/csv/channel_continuity_reconciliation.csv,populated_physical_value_ranges,True,True,True,1,0,
domain_runtime,mobility/csv/channel_continuity_reconciliation.csv,in_path_truth_proxy_separation,True,True,True,1,0,
domain_runtime,mobility/csv/doppler_reconciliation.csv,schema_and_runtime_rows,True,True,True,25,0,
domain_runtime,mobility/csv/doppler_reconciliation.csv,scenario_execution_identity,True,True,True,25,0,
domain_runtime,mobility/csv/doppler_reconciliation.csv,populated_physical_value_ranges,True,True,True,25,0,
domain_runtime,mobility/csv/doppler_reconciliation.csv,in_path_truth_proxy_separation,True,True,True,25,0,
domain_runtime,mobility/csv/inter_ue_distance_validation.csv,schema_and_runtime_rows,False,False,False,0,0,
domain_runtime,mobility/csv/pathloss_reconciliation.csv,schema_and_runtime_rows,True,True,True,25,0,
domain_runtime,mobility/csv/pathloss_reconciliation.csv,scenario_execution_identity,True,True,True,25,0,
domain_runtime,mobility/csv/pathloss_reconciliation.csv,populated_physical_value_ranges,True,True,True,25,0,
domain_runtime,mobility/csv/pathloss_reconciliation.csv,in_path_truth_proxy_separation,True,True,True,25,0,
domain_runtime,mobility/csv/propagation_delay_reconciliation.csv,schema_and_runtime_rows,True,True,True,25,0,
domain_runtime,mobility/csv/propagation_delay_reconciliation.csv,scenario_execution_identity,True,True,True,25,0,
domain_runtime,mobility/csv/propagation_delay_reconciliation.csv,populated_physical_value_ranges,True,True,True,25,0,
domain_runtime,mobility/csv/propagation_delay_reconciliation.csv,in_path_truth_proxy_separation,True,True,True,25,0,
domain_runtime,mobility/csv/trajectory_constraint_conflicts.csv,schema_and_runtime_rows,True,True,True,0,0,
domain_runtime,mobility/csv/trajectory_constraint_conflicts.csv,scenario_execution_identity,True,True,True,0,0,
domain_runtime,mobility/csv/trajectory_constraint_conflicts.csv,populated_physical_value_ranges,True,True,True,0,0,
domain_runtime,mobility/csv/trajectory_constraint_conflicts.csv,in_path_truth_proxy_separation,True,True,True,0,0,
domain_runtime,mobility/csv/trajectory_resolution.csv,schema_and_runtime_rows,True,True,True,1,0,
domain_runtime,mobility/csv/trajectory_resolution.csv,scenario_execution_identity,True,True,True,1,0,
domain_runtime,mobility/csv/trajectory_resolution.csv,populated_physical_value_ranges,True,True,True,1,0,
domain_runtime,mobility/csv/trajectory_resolution.csv,in_path_truth_proxy_separation,True,True,True,1,0,
domain_runtime,mobility/csv/trajectory_segment_table.csv,schema_and_runtime_rows,True,True,True,1,0,
domain_runtime,mobility/csv/trajectory_segment_table.csv,scenario_execution_identity,True,True,True,1,0,
domain_runtime,mobility/csv/trajectory_segment_table.csv,populated_physical_value_ranges,True,True,True,1,0,
domain_runtime,mobility/csv/trajectory_segment_table.csv,in_path_truth_proxy_separation,True,True,True,1,0,
domain_runtime,packet_flow/csv/live_application_packet_delivery_ledger.csv,schema_and_runtime_rows,True,True,True,50,0,
domain_runtime,packet_flow/csv/live_application_packet_delivery_ledger.csv,scenario_execution_identity,True,True,True,50,0,
domain_runtime,packet_flow/csv/live_application_packet_delivery_ledger.csv,populated_physical_value_ranges,True,True,True,50,0,
domain_runtime,packet_flow/csv/live_application_packet_delivery_ledger.csv,in_path_truth_proxy_separation,True,True,True,50,0,
domain_runtime,packet_flow/csv/live_dl_scheduler_grants.csv,schema_and_runtime_rows,True,True,True,6,0,
domain_runtime,packet_flow/csv/live_dl_scheduler_grants.csv,scenario_execution_identity,True,True,True,6,0,
domain_runtime,packet_flow/csv/live_dl_scheduler_grants.csv,populated_physical_value_ranges,True,True,True,6,0,
domain_runtime,packet_flow/csv/live_dl_scheduler_grants.csv,in_path_truth_proxy_separation,True,True,True,6,0,
domain_runtime,packet_flow/csv/live_packet_sdu_delivery_ledger.csv,schema_and_runtime_rows,True,True,True,45,0,
domain_runtime,packet_flow/csv/live_packet_sdu_delivery_ledger.csv,scenario_execution_identity,True,True,True,45,0,
domain_runtime,packet_flow/csv/live_packet_sdu_delivery_ledger.csv,populated_physical_value_ranges,True,True,True,45,0,
domain_runtime,packet_flow/csv/live_packet_sdu_delivery_ledger.csv,in_path_truth_proxy_separation,True,True,True,45,0,
domain_runtime,packet_flow/csv/live_prb_allocation.csv,schema_and_runtime_rows,True,True,True,8,0,
domain_runtime,packet_flow/csv/live_prb_allocation.csv,scenario_execution_identity,True,True,True,8,0,
domain_runtime,packet_flow/csv/live_prb_allocation.csv,populated_physical_value_ranges,True,True,True,8,0,
domain_runtime,packet_flow/csv/live_prb_allocation.csv,in_path_truth_proxy_separation,True,True,True,8,0,
domain_runtime,packet_flow/csv/live_pucch_grants.csv,schema_and_runtime_rows,True,True,True,6,0,
domain_runtime,packet_flow/csv/live_pucch_grants.csv,scenario_execution_identity,True,True,True,6,0,
domain_runtime,packet_flow/csv/live_pucch_grants.csv,populated_physical_value_ranges,True,True,True,6,0,
domain_runtime,packet_flow/csv/live_pucch_grants.csv,in_path_truth_proxy_separation,True,True,True,6,0,
domain_runtime,packet_flow/csv/live_scheduler_decision_log.csv,schema_and_runtime_rows,True,True,True,8,0,
domain_runtime,packet_flow/csv/live_scheduler_decision_log.csv,scenario_execution_identity,True,True,True,8,0,
domain_runtime,packet_flow/csv/live_scheduler_decision_log.csv,populated_physical_value_ranges,True,True,True,8,0,
domain_runtime,packet_flow/csv/live_scheduler_decision_log.csv,in_path_truth_proxy_separation,True,True,True,8,0,
domain_runtime,packet_flow/csv/live_ul_scheduler_grants.csv,schema_and_runtime_rows,True,True,True,2,0,
domain_runtime,packet_flow/csv/live_ul_scheduler_grants.csv,scenario_execution_identity,True,True,True,2,0,
domain_runtime,packet_flow/csv/live_ul_scheduler_grants.csv,populated_physical_value_ranges,True,True,True,2,0,
domain_runtime,packet_flow/csv/live_ul_scheduler_grants.csv,in_path_truth_proxy_separation,True,True,True,2,0,
domain_runtime,packet_flow/csv/scheduler_decision_log.csv,schema_and_runtime_rows,True,True,True,8,0,
domain_runtime,packet_flow/csv/scheduler_decision_log.csv,scenario_execution_identity,True,True,True,8,0,
domain_runtime,packet_flow/csv/scheduler_decision_log.csv,populated_physical_value_ranges,True,True,True,8,0,
domain_runtime,packet_flow/csv/scheduler_decision_log.csv,in_path_truth_proxy_separation,True,True,True,8,0,
domain_runtime,packet_flow/csv/scheduler_ue_summary.csv,schema_and_runtime_rows,True,True,True,2,0,
domain_runtime,packet_flow/csv/scheduler_ue_summary.csv,scenario_execution_identity,True,True,True,2,0,
domain_runtime,packet_flow/csv/scheduler_ue_summary.csv,populated_physical_value_ranges,True,True,True,2,0,
domain_runtime,packet_flow/csv/scheduler_ue_summary.csv,in_path_truth_proxy_separation,True,True,True,2,0,
domain_runtime,packet_flow/csv/slot_trace.csv,schema_and_runtime_rows,True,True,True,25,0,
domain_runtime,packet_flow/csv/slot_trace.csv,scenario_execution_identity,True,True,True,25,0,
domain_runtime,packet_flow/csv/slot_trace.csv,populated_physical_value_ranges,True,True,True,25,0,
domain_runtime,packet_flow/csv/slot_trace.csv,in_path_truth_proxy_separation,True,True,True,25,0,
domain_runtime,packet_flow/csv/table_scheduler_decision.csv,schema_and_runtime_rows,True,True,True,8,0,
domain_runtime,packet_flow/csv/table_scheduler_decision.csv,scenario_execution_identity,True,True,True,8,0,
domain_runtime,packet_flow/csv/table_scheduler_decision.csv,populated_physical_value_ranges,True,True,True,8,0,
domain_runtime,packet_flow/csv/table_scheduler_decision.csv,in_path_truth_proxy_separation,True,True,True,8,0,
domain_runtime,reports/csv/access_kpi_reconciliation.csv,schema_and_runtime_rows,True,True,True,1,0,
domain_runtime,reports/csv/access_kpi_reconciliation.csv,scenario_execution_identity,True,True,True,1,0,
domain_runtime,reports/csv/access_kpi_reconciliation.csv,populated_physical_value_ranges,True,True,True,1,0,
domain_runtime,reports/csv/access_kpi_reconciliation.csv,in_path_truth_proxy_separation,True,True,True,1,0,
domain_runtime,reports/csv/access_state_timeline.csv,schema_and_runtime_rows,True,True,True,2,0,
domain_runtime,reports/csv/access_state_timeline.csv,scenario_execution_identity,True,True,True,2,0,
domain_runtime,reports/csv/access_state_timeline.csv,populated_physical_value_ranges,True,True,True,2,0,
domain_runtime,reports/csv/access_state_timeline.csv,in_path_truth_proxy_separation,True,True,True,2,0,
domain_runtime,reports/csv/access_transition_ledger.csv,schema_and_runtime_rows,True,True,True,2,0,
domain_runtime,reports/csv/access_transition_ledger.csv,scenario_execution_identity,True,True,True,2,0,
domain_runtime,reports/csv/access_transition_ledger.csv,populated_physical_value_ranges,True,True,True,2,0,
domain_runtime,reports/csv/access_transition_ledger.csv,in_path_truth_proxy_separation,True,True,True,2,0,
domain_runtime,reports/csv/active_issue_gate_summary.csv,schema_and_runtime_rows,True,True,True,0,0,
domain_runtime,reports/csv/active_issue_gate_summary.csv,scenario_execution_identity,True,True,True,0,0,
domain_runtime,reports/csv/active_issue_gate_summary.csv,populated_physical_value_ranges,True,True,True,0,0,
domain_runtime,reports/csv/active_issue_gate_summary.csv,in_path_truth_proxy_separation,True,True,True,0,0,
domain_runtime,reports/csv/aggregated_reporting_outputs.csv,schema_and_runtime_rows,True,True,True,18,0,
domain_runtime,reports/csv/aggregated_reporting_outputs.csv,scenario_execution_identity,True,True,True,18,0,
domain_runtime,reports/csv/aggregated_reporting_outputs.csv,populated_physical_value_ranges,True,True,True,18,0,
domain_runtime,reports/csv/aggregated_reporting_outputs.csv,in_path_truth_proxy_separation,True,True,True,18,0,
domain_runtime,reports/csv/ai_confidence_trace.csv,schema_and_runtime_rows,True,True,True,1,0,
domain_runtime,reports/csv/ai_confidence_trace.csv,scenario_execution_identity,True,True,True,1,0,
domain_runtime,reports/csv/ai_confidence_trace.csv,populated_physical_value_ranges,True,True,True,1,0,
domain_runtime,reports/csv/ai_confidence_trace.csv,in_path_truth_proxy_separation,True,True,True,1,0,
domain_runtime,reports/csv/ai_ml_outputs.csv,schema_and_runtime_rows,True,True,True,32,0,
domain_runtime,reports/csv/ai_ml_outputs.csv,scenario_execution_identity,True,True,True,32,0,
domain_runtime,reports/csv/ai_ml_outputs.csv,populated_physical_value_ranges,True,True,True,32,0,
domain_runtime,reports/csv/ai_ml_outputs.csv,in_path_truth_proxy_separation,True,True,True,32,0,
domain_runtime,reports/csv/all_csv_artifact_audit.csv,schema_and_runtime_rows,True,True,True,532,0,
domain_runtime,reports/csv/all_csv_artifact_audit.csv,scenario_execution_identity,True,True,True,532,0,
domain_runtime,reports/csv/all_csv_artifact_audit.csv,populated_physical_value_ranges,True,True,True,532,0,
domain_runtime,reports/csv/all_csv_artifact_audit.csv,in_path_truth_proxy_separation,True,True,True,532,0,
domain_runtime,reports/csv/all_image_artifact_audit.csv,schema_and_runtime_rows,True,True,True,2,0,
domain_runtime,reports/csv/all_image_artifact_audit.csv,scenario_execution_identity,True,True,True,2,0,
domain_runtime,reports/csv/all_image_artifact_audit.csv,populated_physical_value_ranges,True,True,True,2,0,
domain_runtime,reports/csv/all_image_artifact_audit.csv,in_path_truth_proxy_separation,True,True,True,2,0,
domain_runtime,reports/csv/antenna_array_reconciliation.csv,schema_and_runtime_rows,True,True,True,2,0,
domain_runtime,reports/csv/antenna_array_reconciliation.csv,scenario_execution_identity,True,True,True,2,0,
domain_runtime,reports/csv/antenna_array_reconciliation.csv,populated_physical_value_ranges,True,True,True,2,0,
domain_runtime,reports/csv/antenna_array_reconciliation.csv,in_path_truth_proxy_separation,True,True,True,2,0,
domain_runtime,reports/csv/antenna_config_resolved.csv,schema_and_runtime_rows,True,True,True,2,0,
domain_runtime,reports/csv/antenna_config_resolved.csv,scenario_execution_identity,True,True,True,2,0,
domain_runtime,reports/csv/antenna_config_resolved.csv,populated_physical_value_ranges,True,True,True,2,0,
domain_runtime,reports/csv/antenna_config_resolved.csv,in_path_truth_proxy_separation,True,True,True,2,0,
domain_runtime,reports/csv/antenna_runtime_evidence.csv,schema_and_runtime_rows,True,True,True,8,0,
domain_runtime,reports/csv/antenna_runtime_evidence.csv,scenario_execution_identity,True,True,True,8,0,
domain_runtime,reports/csv/antenna_runtime_evidence.csv,populated_physical_value_ranges,True,True,True,8,0,
domain_runtime,reports/csv/antenna_runtime_evidence.csv,in_path_truth_proxy_separation,True,True,True,8,0,
domain_runtime,reports/csv/api_exposure_audit_table.csv,schema_and_runtime_rows,True,True,True,124,0,
domain_runtime,reports/csv/api_exposure_audit_table.csv,scenario_execution_identity,True,True,True,124,0,
domain_runtime,reports/csv/api_exposure_audit_table.csv,populated_physical_value_ranges,True,True,True,124,0,
domain_runtime,reports/csv/api_exposure_audit_table.csv,in_path_truth_proxy_separation,True,True,True,124,0,
domain_runtime,reports/csv/artifact_completeness_summary.csv,schema_and_runtime_rows,True,True,True,1,0,
domain_runtime,reports/csv/artifact_completeness_summary.csv,scenario_execution_identity,True,True,True,1,0,
domain_runtime,reports/csv/artifact_completeness_summary.csv,populated_physical_value_ranges,True,True,True,1,0,
domain_runtime,reports/csv/artifact_completeness_summary.csv,in_path_truth_proxy_separation,True,True,True,1,0,
domain_runtime,reports/csv/artifact_inventory.csv,schema_and_runtime_rows,True,True,True,776,0,
domain_runtime,reports/csv/artifact_inventory.csv,scenario_execution_identity,True,True,True,776,0,
domain_runtime,reports/csv/artifact_inventory.csv,populated_physical_value_ranges,True,True,True,776,0,
domain_runtime,reports/csv/artifact_inventory.csv,in_path_truth_proxy_separation,True,True,True,776,0,
domain_runtime,reports/csv/artifact_issue_registry.csv,schema_and_runtime_rows,True,True,True,258,0,
domain_runtime,reports/csv/artifact_issue_registry.csv,scenario_execution_identity,True,True,True,258,0,
domain_runtime,reports/csv/artifact_issue_registry.csv,populated_physical_value_ranges,True,True,True,258,0,
domain_runtime,reports/csv/artifact_issue_registry.csv,in_path_truth_proxy_separation,True,True,True,258,0,
domain_runtime,reports/csv/baseline_candidate_delta_tables.csv,schema_and_runtime_rows,True,True,True,1,0,
domain_runtime,reports/csv/baseline_candidate_delta_tables.csv,scenario_execution_identity,True,True,True,1,0,
domain_runtime,reports/csv/baseline_candidate_delta_tables.csv,populated_physical_value_ranges,True,True,True,1,0,
domain_runtime,reports/csv/baseline_candidate_delta_tables.csv,in_path_truth_proxy_separation,True,True,True,1,0,
domain_runtime,reports/csv/basic_phy_performance_outputs.csv,schema_and_runtime_rows,True,True,True,51,0,
domain_runtime,reports/csv/basic_phy_performance_outputs.csv,scenario_execution_identity,True,True,True,51,0,
domain_runtime,reports/csv/basic_phy_performance_outputs.csv,populated_physical_value_ranges,True,True,True,51,0,
domain_runtime,reports/csv/basic_phy_performance_outputs.csv,in_path_truth_proxy_separation,True,True,True,51,0,
domain_runtime,reports/csv/beam_management_outputs.csv,schema_and_runtime_rows,True,True,True,70,0,
domain_runtime,reports/csv/beam_management_outputs.csv,scenario_execution_identity,True,True,True,70,0,
domain_runtime,reports/csv/beam_management_outputs.csv,populated_physical_value_ranges,True,True,True,70,0,
domain_runtime,reports/csv/beam_management_outputs.csv,in_path_truth_proxy_separation,True,True,True,70,0,
domain_runtime,reports/csv/beam_stability_analytics_table.csv,schema_and_runtime_rows,True,True,True,1,0,
domain_runtime,reports/csv/beam_stability_analytics_table.csv,scenario_execution_identity,True,True,True,1,0,
domain_runtime,reports/csv/beam_stability_analytics_table.csv,populated_physical_value_ranges,True,True,True,1,0,
domain_runtime,reports/csv/beam_stability_analytics_table.csv,in_path_truth_proxy_separation,True,True,True,1,0,
domain_runtime,reports/csv/blerber_reconciliation.csv,schema_and_runtime_rows,True,True,True,1,0,
domain_runtime,reports/csv/blerber_reconciliation.csv,scenario_execution_identity,True,True,True,1,0,
domain_runtime,reports/csv/blerber_reconciliation.csv,populated_physical_value_ranges,True,True,True,1,0,
domain_runtime,reports/csv/blerber_reconciliation.csv,in_path_truth_proxy_separation,True,True,True,1,0,
domain_runtime,reports/csv/browser_config_surface_matrix.csv,schema_and_runtime_rows,True,True,True,2336,0,
domain_runtime,reports/csv/browser_config_surface_matrix.csv,scenario_execution_identity,True,True,True,2336,0,
domain_runtime,reports/csv/browser_config_surface_matrix.csv,populated_physical_value_ranges,True,True,True,2336,0,
domain_runtime,reports/csv/browser_config_surface_matrix.csv,in_path_truth_proxy_separation,True,True,True,2336,0,
domain_runtime,reports/csv/browser_runtime_db_consistency.csv,schema_and_runtime_rows,True,True,True,112,0,
domain_runtime,reports/csv/browser_runtime_db_consistency.csv,scenario_execution_identity,True,True,True,112,0,
domain_runtime,reports/csv/browser_runtime_db_consistency.csv,populated_physical_value_ranges,True,True,True,112,0,
domain_runtime,reports/csv/browser_runtime_db_consistency.csv,in_path_truth_proxy_separation,True,True,True,112,0,
domain_runtime,reports/csv/campaign_evidence_audit.csv,schema_and_runtime_rows,True,True,True,10,0,
domain_runtime,reports/csv/campaign_evidence_audit.csv,scenario_execution_identity,True,True,True,10,0,
domain_runtime,reports/csv/campaign_evidence_audit.csv,populated_physical_value_ranges,True,True,True,10,0,
domain_runtime,reports/csv/campaign_evidence_audit.csv,in_path_truth_proxy_separation,True,True,True,10,0,
domain_runtime,reports/csv/canonical_kpi_ledger.csv,schema_and_runtime_rows,True,True,True,1,0,
domain_runtime,reports/csv/canonical_kpi_ledger.csv,scenario_execution_identity,True,True,True,1,0,
domain_runtime,reports/csv/canonical_kpi_ledger.csv,populated_physical_value_ranges,True,True,True,1,0,
domain_runtime,reports/csv/canonical_kpi_ledger.csv,in_path_truth_proxy_separation,True,True,True,1,0,
domain_runtime,reports/csv/case_status.csv,schema_and_runtime_rows,True,True,True,13,0,
domain_runtime,reports/csv/case_status.csv,scenario_execution_identity,True,True,True,13,0,
domain_runtime,reports/csv/case_status.csv,populated_physical_value_ranges,True,True,True,13,0,
domain_runtime,reports/csv/case_status.csv,in_path_truth_proxy_separation,True,True,True,13,0,
domain_runtime,reports/csv/causal_phy_chain_audit.csv,schema_and_runtime_rows,True,True,True,28,0,
domain_runtime,reports/csv/causal_phy_chain_audit.csv,scenario_execution_identity,True,True,True,28,0,
domain_runtime,reports/csv/causal_phy_chain_audit.csv,populated_physical_value_ranges,True,True,True,28,0,
domain_runtime,reports/csv/causal_phy_chain_audit.csv,in_path_truth_proxy_separation,True,True,True,28,0,
domain_runtime,reports/csv/causal_phy_chain_gate.csv,schema_and_runtime_rows,True,True,True,1,0,
domain_runtime,reports/csv/causal_phy_chain_gate.csv,scenario_execution_identity,True,True,True,1,0,
domain_runtime,reports/csv/causal_phy_chain_gate.csv,populated_physical_value_ranges,True,True,True,1,0,
domain_runtime,reports/csv/causal_phy_chain_gate.csv,in_path_truth_proxy_separation,True,True,True,1,0,
domain_runtime,reports/csv/causal_phy_parameter_authority.csv,schema_and_runtime_rows,True,True,True,85,0,
domain_runtime,reports/csv/causal_phy_parameter_authority.csv,scenario_execution_identity,True,True,True,85,0,
domain_runtime,reports/csv/causal_phy_parameter_authority.csv,populated_physical_value_ranges,True,True,True,85,0,
domain_runtime,reports/csv/causal_phy_parameter_authority.csv,in_path_truth_proxy_separation,True,True,True,85,0,
domain_runtime,reports/csv/cfo_reconciliation.csv,schema_and_runtime_rows,True,True,True,2,0,
domain_runtime,reports/csv/cfo_reconciliation.csv,scenario_execution_identity,True,True,True,2,0,
domain_runtime,reports/csv/cfo_reconciliation.csv,populated_physical_value_ranges,True,True,True,2,0,
domain_runtime,reports/csv/cfo_reconciliation.csv,in_path_truth_proxy_separation,True,True,True,2,0,
domain_runtime,reports/csv/cfo_to_tracking_traces.csv,schema_and_runtime_rows,True,True,True,19,0,
domain_runtime,reports/csv/cfo_to_tracking_traces.csv,scenario_execution_identity,True,True,True,19,0,
domain_runtime,reports/csv/cfo_to_tracking_traces.csv,populated_physical_value_ranges,True,True,True,19,0,
domain_runtime,reports/csv/cfo_to_tracking_traces.csv,in_path_truth_proxy_separation,True,True,True,19,0,
domain_runtime,reports/csv/channel_array_consistency.csv,schema_and_runtime_rows,True,True,True,2,0,
domain_runtime,reports/csv/channel_array_consistency.csv,scenario_execution_identity,True,True,True,2,0,
domain_runtime,reports/csv/channel_array_consistency.csv,populated_physical_value_ranges,True,True,True,2,0,
domain_runtime,reports/csv/channel_array_consistency.csv,in_path_truth_proxy_separation,True,True,True,2,0,
domain_runtime,reports/csv/channel_estimation_tracking_outputs.csv,schema_and_runtime_rows,True,True,True,87,0,
domain_runtime,reports/csv/channel_estimation_tracking_outputs.csv,scenario_execution_identity,True,True,True,87,0,
domain_runtime,reports/csv/channel_estimation_tracking_outputs.csv,populated_physical_value_ranges,True,True,True,87,0,
domain_runtime,reports/csv/channel_estimation_tracking_outputs.csv,in_path_truth_proxy_separation,True,True,True,87,0,
domain_runtime,reports/csv/channel_impulse_response.csv,schema_and_runtime_rows,True,True,True,46,0,
domain_runtime,reports/csv/channel_impulse_response.csv,scenario_execution_identity,True,True,True,46,0,
domain_runtime,reports/csv/channel_impulse_response.csv,populated_physical_value_ranges,True,True,True,46,0,
domain_runtime,reports/csv/channel_impulse_response.csv,in_path_truth_proxy_separation,True,True,True,46,0,
domain_runtime,reports/csv/channel_realization_reconciliation.csv,schema_and_runtime_rows,True,True,True,2,0,
domain_runtime,reports/csv/channel_realization_reconciliation.csv,scenario_execution_identity,True,True,True,2,0,
domain_runtime,reports/csv/channel_realization_reconciliation.csv,populated_physical_value_ranges,True,True,True,2,0,
domain_runtime,reports/csv/channel_realization_reconciliation.csv,in_path_truth_proxy_separation,True,True,True,2,0,
domain_runtime,reports/csv/channel_rf_reconciliation.csv,schema_and_runtime_rows,True,True,True,1,0,
domain_runtime,reports/csv/channel_rf_reconciliation.csv,scenario_execution_identity,True,True,True,1,0,
domain_runtime,reports/csv/channel_rf_reconciliation.csv,populated_physical_value_ranges,True,True,True,1,0,
domain_runtime,reports/csv/channel_rf_reconciliation.csv,in_path_truth_proxy_separation,True,True,True,1,0,
domain_runtime,reports/csv/channel_snapshots.csv,schema_and_runtime_rows,True,True,True,20,0,
domain_runtime,reports/csv/channel_snapshots.csv,scenario_execution_identity,True,True,True,20,0,
domain_runtime,reports/csv/channel_snapshots.csv,populated_physical_value_ranges,True,True,True,20,0,
domain_runtime,reports/csv/channel_snapshots.csv,in_path_truth_proxy_separation,True,True,True,20,0,
domain_runtime,reports/csv/chart_source_registry.csv,schema_and_runtime_rows,True,True,True,27,0,
domain_runtime,reports/csv/chart_source_registry.csv,scenario_execution_identity,True,True,True,27,0,
domain_runtime,reports/csv/chart_source_registry.csv,populated_physical_value_ranges,True,True,True,27,0,
domain_runtime,reports/csv/chart_source_registry.csv,in_path_truth_proxy_separation,True,True,True,27,0,
domain_runtime,reports/csv/checkpoint_resume_equivalence.csv,schema_and_runtime_rows,True,True,True,1,0,
domain_runtime,reports/csv/checkpoint_resume_equivalence.csv,scenario_execution_identity,True,True,True,1,0,
domain_runtime,reports/csv/checkpoint_resume_equivalence.csv,populated_physical_value_ranges,True,True,True,1,0,
domain_runtime,reports/csv/checkpoint_resume_equivalence.csv,in_path_truth_proxy_separation,True,True,True,1,0,
domain_runtime,reports/csv/coding_decoder_outputs.csv,schema_and_runtime_rows,True,True,True,67,0,
domain_runtime,reports/csv/coding_decoder_outputs.csv,scenario_execution_identity,True,True,True,67,0,
domain_runtime,reports/csv/coding_decoder_outputs.csv,populated_physical_value_ranges,True,True,True,67,0,
domain_runtime,reports/csv/coding_decoder_outputs.csv,in_path_truth_proxy_separation,True,True,True,67,0,
domain_runtime,reports/csv/compare_run_prerequisites.csv,schema_and_runtime_rows,True,True,True,3,0,
domain_runtime,reports/csv/compare_run_prerequisites.csv,scenario_execution_identity,True,True,True,3,0,
domain_runtime,reports/csv/compare_run_prerequisites.csv,populated_physical_value_ranges,True,True,True,3,0,
domain_runtime,reports/csv/compare_run_prerequisites.csv,in_path_truth_proxy_separation,True,True,True,3,0,
domain_runtime,reports/csv/complexity_implementation_outputs.csv,schema_and_runtime_rows,True,True,True,60,0,
domain_runtime,reports/csv/complexity_implementation_outputs.csv,scenario_execution_identity,True,True,True,60,0,
domain_runtime,reports/csv/complexity_implementation_outputs.csv,populated_physical_value_ranges,True,True,True,60,0,
domain_runtime,reports/csv/complexity_implementation_outputs.csv,in_path_truth_proxy_separation,True,True,True,60,0,
domain_runtime,reports/csv/config_exposure_summary.csv,schema_and_runtime_rows,True,True,True,112,0,
domain_runtime,reports/csv/config_exposure_summary.csv,scenario_execution_identity,True,True,True,112,0,
domain_runtime,reports/csv/config_exposure_summary.csv,populated_physical_value_ranges,True,True,True,112,0,
domain_runtime,reports/csv/config_exposure_summary.csv,in_path_truth_proxy_separation,True,True,True,112,0,
domain_runtime,reports/csv/config_ownership_matrix.csv,schema_and_runtime_rows,True,True,True,112,0,
domain_runtime,reports/csv/config_ownership_matrix.csv,scenario_execution_identity,True,True,True,112,0,
domain_runtime,reports/csv/config_ownership_matrix.csv,populated_physical_value_ranges,True,True,True,112,0,
domain_runtime,reports/csv/config_ownership_matrix.csv,in_path_truth_proxy_separation,True,True,True,112,0,
domain_runtime,reports/csv/config_roundtrip_verification.csv,schema_and_runtime_rows,True,True,True,112,0,
domain_runtime,reports/csv/config_roundtrip_verification.csv,scenario_execution_identity,True,True,True,112,0,
domain_runtime,reports/csv/config_roundtrip_verification.csv,populated_physical_value_ranges,True,True,True,112,0,
domain_runtime,reports/csv/config_roundtrip_verification.csv,in_path_truth_proxy_separation,True,True,True,112,0,
domain_runtime,reports/csv/config_status_summary.csv,schema_and_runtime_rows,True,True,True,15,0,
domain_runtime,reports/csv/config_status_summary.csv,scenario_execution_identity,True,True,True,15,0,
domain_runtime,reports/csv/config_status_summary.csv,populated_physical_value_ranges,True,True,True,15,0,
domain_runtime,reports/csv/config_status_summary.csv,in_path_truth_proxy_separation,True,True,True,15,0,
domain_runtime,reports/csv/configured_effective_operating_point.csv,schema_and_runtime_rows,True,True,True,8,0,
domain_runtime,reports/csv/configured_effective_operating_point.csv,scenario_execution_identity,True,True,True,8,0,
domain_runtime,reports/csv/configured_effective_operating_point.csv,populated_physical_value_ranges,True,True,True,8,0,
domain_runtime,reports/csv/configured_effective_operating_point.csv,in_path_truth_proxy_separation,True,True,True,8,0,
domain_runtime,reports/csv/conformance_matrix_runtime_audit.csv,schema_and_runtime_rows,True,True,True,9,0,
domain_runtime,reports/csv/conformance_matrix_runtime_audit.csv,scenario_execution_identity,True,True,True,9,0,
domain_runtime,reports/csv/conformance_matrix_runtime_audit.csv,populated_physical_value_ranges,True,True,True,9,0,
domain_runtime,reports/csv/conformance_matrix_runtime_audit.csv,in_path_truth_proxy_separation,True,True,True,9,0,
domain_runtime,reports/csv/control_overhead_analytics_table.csv,schema_and_runtime_rows,True,True,True,7,0,
domain_runtime,reports/csv/control_overhead_analytics_table.csv,scenario_execution_identity,True,True,True,7,0,
domain_runtime,reports/csv/control_overhead_analytics_table.csv,populated_physical_value_ranges,True,True,True,7,0,
domain_runtime,reports/csv/control_overhead_analytics_table.csv,in_path_truth_proxy_separation,True,True,True,7,0,
domain_runtime,reports/csv/cqi_table_reference.csv,schema_and_runtime_rows,True,True,True,32,0,
domain_runtime,reports/csv/cqi_table_reference.csv,scenario_execution_identity,True,True,True,32,0,
domain_runtime,reports/csv/cqi_table_reference.csv,populated_physical_value_ranges,True,True,True,32,0,
domain_runtime,reports/csv/cqi_table_reference.csv,in_path_truth_proxy_separation,True,True,True,32,0,
domain_runtime,reports/csv/cross_layer_correlation_table.csv,schema_and_runtime_rows,True,True,True,2,0,
domain_runtime,reports/csv/cross_layer_correlation_table.csv,scenario_execution_identity,True,True,True,2,0,
domain_runtime,reports/csv/cross_layer_correlation_table.csv,populated_physical_value_ranges,True,True,True,2,0,
domain_runtime,reports/csv/cross_layer_correlation_table.csv,in_path_truth_proxy_separation,True,True,True,2,0,
domain_runtime,reports/csv/csi_outputs.csv,schema_and_runtime_rows,True,True,True,83,0,
domain_runtime,reports/csv/csi_outputs.csv,scenario_execution_identity,True,True,True,83,0,
domain_runtime,reports/csv/csi_outputs.csv,populated_physical_value_ranges,True,True,True,83,0,
domain_runtime,reports/csv/csi_outputs.csv,in_path_truth_proxy_separation,True,True,True,83,0,
domain_runtime,reports/csv/csi_report_table.csv,schema_and_runtime_rows,True,True,True,8,0,
domain_runtime,reports/csv/csi_report_table.csv,scenario_execution_identity,True,True,True,8,0,
domain_runtime,reports/csv/csi_report_table.csv,populated_physical_value_ranges,True,True,True,8,0,
domain_runtime,reports/csv/csi_report_table.csv,in_path_truth_proxy_separation,True,True,True,8,0,
domain_runtime,reports/csv/csi_rs_runtime_event_table.csv,schema_and_runtime_rows,True,True,True,2,0,
domain_runtime,reports/csv/csi_rs_runtime_event_table.csv,scenario_execution_identity,True,True,True,2,0,
domain_runtime,reports/csv/csi_rs_runtime_event_table.csv,populated_physical_value_ranges,True,True,True,2,0,
domain_runtime,reports/csv/csi_rs_runtime_event_table.csv,in_path_truth_proxy_separation,True,True,True,2,0,
domain_runtime,reports/csv/debug_trace_outputs.csv,schema_and_runtime_rows,True,True,True,24,0,
domain_runtime,reports/csv/debug_trace_outputs.csv,scenario_execution_identity,True,True,True,24,0,
domain_runtime,reports/csv/debug_trace_outputs.csv,populated_physical_value_ranges,True,True,True,24,0,
domain_runtime,reports/csv/debug_trace_outputs.csv,in_path_truth_proxy_separation,True,True,True,24,0,
domain_runtime,reports/csv/deployment_layout_reference.csv,schema_and_runtime_rows,True,True,True,1,0,
domain_runtime,reports/csv/deployment_layout_reference.csv,scenario_execution_identity,True,True,True,1,0,
domain_runtime,reports/csv/deployment_layout_reference.csv,populated_physical_value_ranges,True,True,True,1,0,
domain_runtime,reports/csv/deployment_layout_reference.csv,in_path_truth_proxy_separation,True,True,True,1,0,
domain_runtime,reports/csv/dl_pdsch_objective_artifact_schema.csv,schema_and_runtime_rows,True,True,True,4,0,
domain_runtime,reports/csv/dl_pdsch_objective_artifact_schema.csv,scenario_execution_identity,True,True,True,4,0,
domain_runtime,reports/csv/dl_pdsch_objective_artifact_schema.csv,populated_physical_value_ranges,True,True,True,4,0,
domain_runtime,reports/csv/dl_pdsch_objective_artifact_schema.csv,in_path_truth_proxy_separation,True,True,True,4,0,
domain_runtime,reports/csv/dl_pdsch_objective_failures.csv,schema_and_runtime_rows,True,True,True,0,0,
domain_runtime,reports/csv/dl_pdsch_objective_failures.csv,scenario_execution_identity,True,True,True,0,0,
domain_runtime,reports/csv/dl_pdsch_objective_failures.csv,populated_physical_value_ranges,True,True,True,0,0,
domain_runtime,reports/csv/dl_pdsch_objective_failures.csv,in_path_truth_proxy_separation,True,True,True,0,0,
domain_runtime,reports/csv/dl_pdsch_raw_bler_ber_objective.csv,schema_and_runtime_rows,True,True,True,1,0,
domain_runtime,reports/csv/dl_pdsch_raw_bler_ber_objective.csv,scenario_execution_identity,True,True,True,1,0,
domain_runtime,reports/csv/dl_pdsch_raw_bler_ber_objective.csv,populated_physical_value_ranges,True,True,True,1,0,
domain_runtime,reports/csv/dl_pdsch_raw_bler_ber_objective.csv,in_path_truth_proxy_separation,True,True,True,1,0,
domain_runtime,reports/csv/dl_resource_grid_heatmap.csv,schema_and_runtime_rows,True,True,True,102,0,
domain_runtime,reports/csv/dl_resource_grid_heatmap.csv,scenario_execution_identity,True,True,True,102,0,
domain_runtime,reports/csv/dl_resource_grid_heatmap.csv,populated_physical_value_ranges,True,True,True,102,0,
domain_runtime,reports/csv/dl_resource_grid_heatmap.csv,in_path_truth_proxy_separation,True,True,True,102,0,
domain_runtime,reports/csv/dut_reference_comparison.csv,schema_and_runtime_rows,True,True,True,49,0,
domain_runtime,reports/csv/dut_reference_comparison.csv,scenario_execution_identity,True,True,True,49,0,
domain_runtime,reports/csv/dut_reference_comparison.csv,populated_physical_value_ranges,True,True,True,49,0,
domain_runtime,reports/csv/dut_reference_comparison.csv,in_path_truth_proxy_separation,True,True,True,49,0,
domain_runtime,reports/csv/energy_efficiency_outputs.csv,schema_and_runtime_rows,True,True,True,15,0,
domain_runtime,reports/csv/energy_efficiency_outputs.csv,scenario_execution_identity,True,True,True,15,0,
domain_runtime,reports/csv/energy_efficiency_outputs.csv,populated_physical_value_ranges,True,True,True,15,0,
domain_runtime,reports/csv/energy_efficiency_outputs.csv,in_path_truth_proxy_separation,True,True,True,15,0,
domain_runtime,reports/csv/energy_model_gate.csv,schema_and_runtime_rows,True,True,True,1,0,
domain_runtime,reports/csv/energy_model_gate.csv,scenario_execution_identity,True,True,True,1,0,
domain_runtime,reports/csv/energy_model_gate.csv,populated_physical_value_ranges,True,True,True,1,0,
domain_runtime,reports/csv/energy_model_gate.csv,in_path_truth_proxy_separation,True,True,True,1,0,
domain_runtime,reports/csv/energy_root_cause_table.csv,schema_and_runtime_rows,True,True,True,2,0,
domain_runtime,reports/csv/energy_root_cause_table.csv,scenario_execution_identity,True,True,True,2,0,
domain_runtime,reports/csv/energy_root_cause_table.csv,populated_physical_value_ranges,True,True,True,2,0,
domain_runtime,reports/csv/energy_root_cause_table.csv,in_path_truth_proxy_separation,True,True,True,2,0,
domain_runtime,reports/csv/equalized_constellations.csv,schema_and_runtime_rows,True,True,True,3338,0,
domain_runtime,reports/csv/equalized_constellations.csv,scenario_execution_identity,True,True,True,3338,0,
domain_runtime,reports/csv/equalized_constellations.csv,populated_physical_value_ranges,True,True,True,3338,0,
domain_runtime,reports/csv/equalized_constellations.csv,in_path_truth_proxy_separation,True,True,True,3338,0,
domain_runtime,reports/csv/evm_reconciliation.csv,schema_and_runtime_rows,True,True,True,2,0,
domain_runtime,reports/csv/evm_reconciliation.csv,scenario_execution_identity,True,True,True,2,0,
domain_runtime,reports/csv/evm_reconciliation.csv,populated_physical_value_ranges,True,True,True,2,0,
domain_runtime,reports/csv/evm_reconciliation.csv,in_path_truth_proxy_separation,True,True,True,2,0,
domain_runtime,reports/csv/feature_parameter_index.csv,schema_and_runtime_rows,True,True,True,45,0,
domain_runtime,reports/csv/feature_parameter_index.csv,scenario_execution_identity,True,True,True,45,0,
domain_runtime,reports/csv/feature_parameter_index.csv,populated_physical_value_ranges,True,True,True,45,0,
domain_runtime,reports/csv/feature_parameter_index.csv,in_path_truth_proxy_separation,True,True,True,45,0,
domain_runtime,reports/csv/fer_summary.csv,schema_and_runtime_rows,True,True,True,4,0,
domain_runtime,reports/csv/fer_summary.csv,scenario_execution_identity,True,True,True,4,0,
domain_runtime,reports/csv/fer_summary.csv,populated_physical_value_ranges,True,True,True,4,0,
domain_runtime,reports/csv/fer_summary.csv,in_path_truth_proxy_separation,True,True,True,4,0,
domain_runtime,reports/csv/final_scientific_claims_truthfulness.csv,schema_and_runtime_rows,True,True,True,1,0,
domain_runtime,reports/csv/final_scientific_claims_truthfulness.csv,scenario_execution_identity,True,True,True,1,0,
domain_runtime,reports/csv/final_scientific_claims_truthfulness.csv,populated_physical_value_ranges,True,True,True,1,0,
domain_runtime,reports/csv/final_scientific_claims_truthfulness.csv,in_path_truth_proxy_separation,True,True,True,1,0,
domain_runtime,reports/csv/generated_value_plausibility_audit.csv,schema_and_runtime_rows,True,True,True,6,0,
domain_runtime,reports/csv/generated_value_plausibility_audit.csv,scenario_execution_identity,True,True,True,6,0,
domain_runtime,reports/csv/generated_value_plausibility_audit.csv,populated_physical_value_ranges,True,True,True,6,0,
domain_runtime,reports/csv/generated_value_plausibility_audit.csv,in_path_truth_proxy_separation,True,True,True,6,0,
domain_runtime,reports/csv/hardcoded_parameter_audit.csv,schema_and_runtime_rows,True,True,True,26,0,
domain_runtime,reports/csv/hardcoded_parameter_audit.csv,scenario_execution_identity,True,True,True,26,0,
domain_runtime,reports/csv/hardcoded_parameter_audit.csv,populated_physical_value_ranges,True,True,True,26,0,
domain_runtime,reports/csv/hardcoded_parameter_audit.csv,in_path_truth_proxy_separation,True,True,True,26,0,
domain_runtime,reports/csv/harq_outputs.csv,schema_and_runtime_rows,True,True,True,10,0,
domain_runtime,reports/csv/harq_outputs.csv,scenario_execution_identity,True,True,True,10,0,
domain_runtime,reports/csv/harq_outputs.csv,populated_physical_value_ranges,True,True,True,10,0,
domain_runtime,reports/csv/harq_outputs.csv,in_path_truth_proxy_separation,True,True,True,10,0,
domain_runtime,reports/csv/honest_unavailable_registry.csv,schema_and_runtime_rows,True,True,True,36,0,
domain_runtime,reports/csv/honest_unavailable_registry.csv,scenario_execution_identity,True,True,True,36,0,
domain_runtime,reports/csv/honest_unavailable_registry.csv,populated_physical_value_ranges,True,True,True,36,0,
domain_runtime,reports/csv/honest_unavailable_registry.csv,in_path_truth_proxy_separation,True,True,True,36,0,
domain_runtime,reports/csv/hotspot_analytics_table.csv,schema_and_runtime_rows,True,True,True,1,0,
domain_runtime,reports/csv/hotspot_analytics_table.csv,scenario_execution_identity,True,True,True,1,0,
domain_runtime,reports/csv/hotspot_analytics_table.csv,populated_physical_value_ranges,True,True,True,1,0,
domain_runtime,reports/csv/hotspot_analytics_table.csv,in_path_truth_proxy_separation,True,True,True,1,0,
domain_runtime,reports/csv/implementation_function_coverage.csv,schema_and_runtime_rows,True,True,True,21,0,
domain_runtime,reports/csv/implementation_function_coverage.csv,scenario_execution_identity,True,True,True,21,0,
domain_runtime,reports/csv/implementation_function_coverage.csv,populated_physical_value_ranges,True,True,True,21,0,
domain_runtime,reports/csv/implementation_function_coverage.csv,in_path_truth_proxy_separation,True,True,True,21,0,
domain_runtime,reports/csv/initial_access_lifecycle_trace.csv,schema_and_runtime_rows,True,True,True,8,0,
domain_runtime,reports/csv/initial_access_lifecycle_trace.csv,scenario_execution_identity,True,True,True,8,0,
domain_runtime,reports/csv/initial_access_lifecycle_trace.csv,populated_physical_value_ranges,True,True,True,8,0,
domain_runtime,reports/csv/initial_access_lifecycle_trace.csv,in_path_truth_proxy_separation,True,True,True,8,0,
domain_runtime,reports/csv/initial_access_random_access_outputs.csv,schema_and_runtime_rows,True,True,True,51,0,
domain_runtime,reports/csv/initial_access_random_access_outputs.csv,scenario_execution_identity,True,True,True,51,0,
domain_runtime,reports/csv/initial_access_random_access_outputs.csv,populated_physical_value_ranges,True,True,True,51,0,
domain_runtime,reports/csv/initial_access_random_access_outputs.csv,in_path_truth_proxy_separation,True,True,True,51,0,
domain_runtime,reports/csv/instrumentation_coverage_table.csv,schema_and_runtime_rows,True,True,True,25,0,
domain_runtime,reports/csv/instrumentation_coverage_table.csv,scenario_execution_identity,True,True,True,25,0,
domain_runtime,reports/csv/instrumentation_coverage_table.csv,populated_physical_value_ranges,True,True,True,25,0,
domain_runtime,reports/csv/instrumentation_coverage_table.csv,in_path_truth_proxy_separation,True,True,True,25,0,
domain_runtime,reports/csv/interference_accounting.csv,schema_and_runtime_rows,True,True,True,2,0,
domain_runtime,reports/csv/interference_accounting.csv,scenario_execution_identity,True,True,True,2,0,
domain_runtime,reports/csv/interference_accounting.csv,populated_physical_value_ranges,True,True,True,2,0,
domain_runtime,reports/csv/interference_accounting.csv,in_path_truth_proxy_separation,True,True,True,2,0,
domain_runtime,reports/csv/iq_imbalance_reconciliation.csv,schema_and_runtime_rows,True,True,True,2,0,
domain_runtime,reports/csv/iq_imbalance_reconciliation.csv,scenario_execution_identity,True,True,True,2,0,
domain_runtime,reports/csv/iq_imbalance_reconciliation.csv,populated_physical_value_ranges,True,True,True,2,0,
domain_runtime,reports/csv/iq_imbalance_reconciliation.csv,in_path_truth_proxy_separation,True,True,True,2,0,
domain_runtime,reports/csv/kpi_application_packet_delivery_ledger_dl.csv,schema_and_runtime_rows,True,True,True,25,0,
domain_runtime,reports/csv/kpi_application_packet_delivery_ledger_dl.csv,scenario_execution_identity,True,True,True,25,0,
domain_runtime,reports/csv/kpi_application_packet_delivery_ledger_dl.csv,populated_physical_value_ranges,True,True,True,25,0,
domain_runtime,reports/csv/kpi_application_packet_delivery_ledger_dl.csv,in_path_truth_proxy_separation,True,True,True,25,0,
domain_runtime,reports/csv/kpi_application_packet_delivery_ledger_ul.csv,schema_and_runtime_rows,True,True,True,25,0,
domain_runtime,reports/csv/kpi_application_packet_delivery_ledger_ul.csv,scenario_execution_identity,True,True,True,25,0,
domain_runtime,reports/csv/kpi_application_packet_delivery_ledger_ul.csv,populated_physical_value_ranges,True,True,True,25,0,
domain_runtime,reports/csv/kpi_application_packet_delivery_ledger_ul.csv,in_path_truth_proxy_separation,True,True,True,25,0,
domain_runtime,reports/csv/kpi_consistency_gate.csv,schema_and_runtime_rows,True,True,True,6,0,
domain_runtime,reports/csv/kpi_consistency_gate.csv,scenario_execution_identity,True,True,True,6,0,
domain_runtime,reports/csv/kpi_consistency_gate.csv,populated_physical_value_ranges,True,True,True,6,0,
domain_runtime,reports/csv/kpi_consistency_gate.csv,in_path_truth_proxy_separation,True,True,True,6,0,
domain_runtime,reports/csv/kpi_direction_isolation_audit.csv,schema_and_runtime_rows,True,True,True,2,0,
domain_runtime,reports/csv/kpi_direction_isolation_audit.csv,scenario_execution_identity,True,True,True,2,0,
domain_runtime,reports/csv/kpi_direction_isolation_audit.csv,populated_physical_value_ranges,True,True,True,2,0,
domain_runtime,reports/csv/kpi_direction_isolation_audit.csv,in_path_truth_proxy_separation,True,True,True,2,0,
domain_runtime,reports/csv/kpi_duration_source_audit.csv,schema_and_runtime_rows,True,True,True,2,0,
domain_runtime,reports/csv/kpi_duration_source_audit.csv,scenario_execution_identity,True,True,True,2,0,
domain_runtime,reports/csv/kpi_duration_source_audit.csv,populated_physical_value_ranges,True,True,True,2,0,
domain_runtime,reports/csv/kpi_duration_source_audit.csv,in_path_truth_proxy_separation,True,True,True,2,0,
domain_runtime,reports/csv/kpi_formula_registry.csv,schema_and_runtime_rows,True,True,True,28,0,
domain_runtime,reports/csv/kpi_formula_registry.csv,scenario_execution_identity,True,True,True,28,0,
domain_runtime,reports/csv/kpi_formula_registry.csv,populated_physical_value_ranges,True,True,True,28,0,
domain_runtime,reports/csv/kpi_formula_registry.csv,in_path_truth_proxy_separation,True,True,True,28,0,
domain_runtime,reports/csv/kpi_harq_delivery_trace_dl.csv,schema_and_runtime_rows,True,True,True,6,0,
domain_runtime,reports/csv/kpi_harq_delivery_trace_dl.csv,scenario_execution_identity,True,True,True,6,0,
domain_runtime,reports/csv/kpi_harq_delivery_trace_dl.csv,populated_physical_value_ranges,True,True,True,6,0,
domain_runtime,reports/csv/kpi_harq_delivery_trace_dl.csv,in_path_truth_proxy_separation,True,True,True,6,0,
domain_runtime,reports/csv/kpi_harq_delivery_trace_ul.csv,schema_and_runtime_rows,True,True,True,2,0,
domain_runtime,reports/csv/kpi_harq_delivery_trace_ul.csv,scenario_execution_identity,True,True,True,2,0,
domain_runtime,reports/csv/kpi_harq_delivery_trace_ul.csv,populated_physical_value_ranges,True,True,True,2,0,
domain_runtime,reports/csv/kpi_harq_delivery_trace_ul.csv,in_path_truth_proxy_separation,True,True,True,2,0,
domain_runtime,reports/csv/kpi_health_flags.csv,schema_and_runtime_rows,True,True,True,12,0,
domain_runtime,reports/csv/kpi_health_flags.csv,scenario_execution_identity,True,True,True,12,0,
domain_runtime,reports/csv/kpi_health_flags.csv,populated_physical_value_ranges,True,True,True,12,0,
domain_runtime,reports/csv/kpi_health_flags.csv,in_path_truth_proxy_separation,True,True,True,12,0,
domain_runtime,reports/csv/kpi_known_bug_regression.csv,schema_and_runtime_rows,True,True,True,1,0,
domain_runtime,reports/csv/kpi_known_bug_regression.csv,scenario_execution_identity,True,True,True,1,0,
domain_runtime,reports/csv/kpi_known_bug_regression.csv,populated_physical_value_ranges,True,True,True,1,0,
domain_runtime,reports/csv/kpi_known_bug_regression.csv,in_path_truth_proxy_separation,True,True,True,1,0,
domain_runtime,reports/csv/kpi_legacy_alias_map.csv,schema_and_runtime_rows,True,True,True,4,0,
domain_runtime,reports/csv/kpi_legacy_alias_map.csv,scenario_execution_identity,True,True,True,4,0,
domain_runtime,reports/csv/kpi_legacy_alias_map.csv,populated_physical_value_ranges,True,True,True,4,0,
domain_runtime,reports/csv/kpi_legacy_alias_map.csv,in_path_truth_proxy_separation,True,True,True,4,0,
domain_runtime,reports/csv/kpi_lineage_table.csv,schema_and_runtime_rows,True,True,True,28,0,
domain_runtime,reports/csv/kpi_lineage_table.csv,scenario_execution_identity,True,True,True,28,0,
domain_runtime,reports/csv/kpi_lineage_table.csv,populated_physical_value_ranges,True,True,True,28,0,
domain_runtime,reports/csv/kpi_lineage_table.csv,in_path_truth_proxy_separation,True,True,True,28,0,
domain_runtime,reports/csv/kpi_objective_binding.csv,schema_and_runtime_rows,True,True,True,28,0,
domain_runtime,reports/csv/kpi_objective_binding.csv,scenario_execution_identity,True,True,True,28,0,
domain_runtime,reports/csv/kpi_objective_binding.csv,populated_physical_value_ranges,True,True,True,28,0,
domain_runtime,reports/csv/kpi_objective_binding.csv,in_path_truth_proxy_separation,True,True,True,28,0,
domain_runtime,reports/csv/kpi_packet_sdu_delivery_ledger_dl.csv,schema_and_runtime_rows,True,True,True,27,0,
domain_runtime,reports/csv/kpi_packet_sdu_delivery_ledger_dl.csv,scenario_execution_identity,True,True,True,27,0,
domain_runtime,reports/csv/kpi_packet_sdu_delivery_ledger_dl.csv,populated_physical_value_ranges,True,True,True,27,0,
domain_runtime,reports/csv/kpi_packet_sdu_delivery_ledger_dl.csv,in_path_truth_proxy_separation,True,True,True,27,0,
domain_runtime,reports/csv/kpi_packet_sdu_delivery_ledger_ul.csv,schema_and_runtime_rows,True,True,True,18,0,
domain_runtime,reports/csv/kpi_packet_sdu_delivery_ledger_ul.csv,scenario_execution_identity,True,True,True,18,0,
domain_runtime,reports/csv/kpi_packet_sdu_delivery_ledger_ul.csv,populated_physical_value_ranges,True,True,True,18,0,
domain_runtime,reports/csv/kpi_packet_sdu_delivery_ledger_ul.csv,in_path_truth_proxy_separation,True,True,True,18,0,
domain_runtime,reports/csv/kpi_primary_trial_source_reconciliation.csv,schema_and_runtime_rows,True,True,True,2,0,
domain_runtime,reports/csv/kpi_primary_trial_source_reconciliation.csv,scenario_execution_identity,True,True,True,2,0,
domain_runtime,reports/csv/kpi_primary_trial_source_reconciliation.csv,populated_physical_value_ranges,True,True,True,2,0,
domain_runtime,reports/csv/kpi_primary_trial_source_reconciliation.csv,in_path_truth_proxy_separation,True,True,True,2,0,
domain_runtime,reports/csv/kpi_raw_table_schema_audit.csv,schema_and_runtime_rows,True,True,True,10,0,
domain_runtime,reports/csv/kpi_raw_table_schema_audit.csv,scenario_execution_identity,True,True,True,10,0,
domain_runtime,reports/csv/kpi_raw_table_schema_audit.csv,populated_physical_value_ranges,True,True,True,10,0,
domain_runtime,reports/csv/kpi_raw_table_schema_audit.csv,in_path_truth_proxy_separation,True,True,True,10,0,
domain_runtime,reports/csv/kpi_reconstruction_summary.csv,schema_and_runtime_rows,True,True,True,28,0,
domain_runtime,reports/csv/kpi_reconstruction_summary.csv,scenario_execution_identity,True,True,True,28,0,
domain_runtime,reports/csv/kpi_reconstruction_summary.csv,populated_physical_value_ranges,True,True,True,28,0,
domain_runtime,reports/csv/kpi_reconstruction_summary.csv,in_path_truth_proxy_separation,True,True,True,28,0,
domain_runtime,reports/csv/kpi_row_contributions_dl.csv,schema_and_runtime_rows,True,True,True,6,0,
domain_runtime,reports/csv/kpi_row_contributions_dl.csv,scenario_execution_identity,True,True,True,6,0,
domain_runtime,reports/csv/kpi_row_contributions_dl.csv,populated_physical_value_ranges,True,True,True,6,0,
domain_runtime,reports/csv/kpi_row_contributions_dl.csv,in_path_truth_proxy_separation,True,True,True,6,0,
domain_runtime,reports/csv/kpi_row_contributions_ul.csv,schema_and_runtime_rows,True,True,True,2,0,
domain_runtime,reports/csv/kpi_row_contributions_ul.csv,scenario_execution_identity,True,True,True,2,0,
domain_runtime,reports/csv/kpi_row_contributions_ul.csv,populated_physical_value_ranges,True,True,True,2,0,
domain_runtime,reports/csv/kpi_row_contributions_ul.csv,in_path_truth_proxy_separation,True,True,True,2,0,
domain_runtime,reports/csv/kpi_source_table_manifest.csv,schema_and_runtime_rows,True,True,True,8,0,
domain_runtime,reports/csv/kpi_source_table_manifest.csv,scenario_execution_identity,True,True,True,8,0,
domain_runtime,reports/csv/kpi_source_table_manifest.csv,populated_physical_value_ranges,True,True,True,8,0,
domain_runtime,reports/csv/kpi_source_table_manifest.csv,in_path_truth_proxy_separation,True,True,True,8,0,
domain_runtime,reports/csv/kpi_tb_delivery_ledger_dl.csv,schema_and_runtime_rows,True,True,True,6,0,
domain_runtime,reports/csv/kpi_tb_delivery_ledger_dl.csv,scenario_execution_identity,True,True,True,6,0,
domain_runtime,reports/csv/kpi_tb_delivery_ledger_dl.csv,populated_physical_value_ranges,True,True,True,6,0,
domain_runtime,reports/csv/kpi_tb_delivery_ledger_dl.csv,in_path_truth_proxy_separation,True,True,True,6,0,
domain_runtime,reports/csv/kpi_tb_delivery_ledger_ul.csv,schema_and_runtime_rows,True,True,True,2,0,
domain_runtime,reports/csv/kpi_tb_delivery_ledger_ul.csv,scenario_execution_identity,True,True,True,2,0,
domain_runtime,reports/csv/kpi_tb_delivery_ledger_ul.csv,populated_physical_value_ranges,True,True,True,2,0,
domain_runtime,reports/csv/kpi_tb_delivery_ledger_ul.csv,in_path_truth_proxy_separation,True,True,True,2,0,
domain_runtime,reports/csv/kpi_unit_conversion_audit.csv,schema_and_runtime_rows,True,True,True,8,0,
domain_runtime,reports/csv/kpi_unit_conversion_audit.csv,scenario_execution_identity,True,True,True,8,0,
domain_runtime,reports/csv/kpi_unit_conversion_audit.csv,populated_physical_value_ranges,True,True,True,8,0,
domain_runtime,reports/csv/kpi_unit_conversion_audit.csv,in_path_truth_proxy_separation,True,True,True,8,0,
domain_runtime,reports/csv/latency_cdf_plot.csv,schema_and_runtime_rows,True,True,True,8,0,
domain_runtime,reports/csv/latency_cdf_plot.csv,scenario_execution_identity,True,True,True,8,0,
domain_runtime,reports/csv/latency_cdf_plot.csv,populated_physical_value_ranges,True,True,True,8,0,
domain_runtime,reports/csv/latency_cdf_plot.csv,in_path_truth_proxy_separation,True,True,True,8,0,
domain_runtime,reports/csv/latency_reconciliation.csv,schema_and_runtime_rows,True,True,True,1,0,
domain_runtime,reports/csv/latency_reconciliation.csv,scenario_execution_identity,True,True,True,1,0,
domain_runtime,reports/csv/latency_reconciliation.csv,populated_physical_value_ranges,True,True,True,1,0,
domain_runtime,reports/csv/latency_reconciliation.csv,in_path_truth_proxy_separation,True,True,True,1,0,
domain_runtime,reports/csv/latency_root_cause_table.csv,schema_and_runtime_rows,True,True,True,1,0,
domain_runtime,reports/csv/latency_root_cause_table.csv,scenario_execution_identity,True,True,True,1,0,
domain_runtime,reports/csv/latency_root_cause_table.csv,populated_physical_value_ranges,True,True,True,1,0,
domain_runtime,reports/csv/latency_root_cause_table.csv,in_path_truth_proxy_separation,True,True,True,1,0,
domain_runtime,reports/csv/live_bb_power_table.csv,schema_and_runtime_rows,True,True,True,29,0,
domain_runtime,reports/csv/live_bb_power_table.csv,scenario_execution_identity,True,True,True,29,0,
domain_runtime,reports/csv/live_bb_power_table.csv,populated_physical_value_ranges,True,True,True,29,0,
domain_runtime,reports/csv/live_bb_power_table.csv,in_path_truth_proxy_separation,True,True,True,29,0,
domain_runtime,reports/csv/live_beam_management_procedure_stats.csv,schema_and_runtime_rows,True,True,True,65,0,
domain_runtime,reports/csv/live_beam_management_procedure_stats.csv,scenario_execution_identity,True,True,True,65,0,
domain_runtime,reports/csv/live_beam_management_procedure_stats.csv,populated_physical_value_ranges,True,True,True,65,0,
domain_runtime,reports/csv/live_beam_management_procedure_stats.csv,in_path_truth_proxy_separation,True,True,True,65,0,
domain_runtime,reports/csv/live_beam_p1_acquisition_stats.csv,schema_and_runtime_rows,True,True,True,17,0,
domain_runtime,reports/csv/live_beam_p1_acquisition_stats.csv,scenario_execution_identity,True,True,True,17,0,
domain_runtime,reports/csv/live_beam_p1_acquisition_stats.csv,populated_physical_value_ranges,True,True,True,17,0,
domain_runtime,reports/csv/live_beam_p1_acquisition_stats.csv,in_path_truth_proxy_separation,True,True,True,17,0,
domain_runtime,reports/csv/live_beam_p2_refinement_stats.csv,schema_and_runtime_rows,True,True,True,48,0,
domain_runtime,reports/csv/live_beam_p2_refinement_stats.csv,scenario_execution_identity,True,True,True,48,0,
domain_runtime,reports/csv/live_beam_p2_refinement_stats.csv,populated_physical_value_ranges,True,True,True,48,0,
domain_runtime,reports/csv/live_beam_p2_refinement_stats.csv,in_path_truth_proxy_separation,True,True,True,48,0,
domain_runtime,reports/csv/live_beam_selection_stats.csv,schema_and_runtime_rows,True,True,True,65,0,
domain_runtime,reports/csv/live_beam_selection_stats.csv,scenario_execution_identity,True,True,True,65,0,
domain_runtime,reports/csv/live_beam_selection_stats.csv,populated_physical_value_ranges,True,True,True,65,0,
domain_runtime,reports/csv/live_beam_selection_stats.csv,in_path_truth_proxy_separation,True,True,True,65,0,
domain_runtime,reports/csv/live_candidate_cell_runtime.csv,schema_and_runtime_rows,True,True,True,8,0,
domain_runtime,reports/csv/live_candidate_cell_runtime.csv,scenario_execution_identity,True,True,True,8,0,
domain_runtime,reports/csv/live_candidate_cell_runtime.csv,populated_physical_value_ranges,True,True,True,8,0,
domain_runtime,reports/csv/live_candidate_cell_runtime.csv,in_path_truth_proxy_separation,True,True,True,8,0,
domain_runtime,reports/csv/live_cell_measurement_trace.csv,schema_and_runtime_rows,True,True,True,8,0,
domain_runtime,reports/csv/live_cell_measurement_trace.csv,scenario_execution_identity,True,True,True,8,0,
domain_runtime,reports/csv/live_cell_measurement_trace.csv,populated_physical_value_ranges,True,True,True,8,0,
domain_runtime,reports/csv/live_cell_measurement_trace.csv,in_path_truth_proxy_separation,True,True,True,8,0,
domain_runtime,reports/csv/live_cell_reselection_events.csv,schema_and_runtime_rows,True,True,True,0,0,
domain_runtime,reports/csv/live_cell_reselection_events.csv,scenario_execution_identity,True,True,True,0,0,
domain_runtime,reports/csv/live_cell_reselection_events.csv,populated_physical_value_ranges,True,True,True,0,0,
domain_runtime,reports/csv/live_cell_reselection_events.csv,in_path_truth_proxy_separation,True,True,True,0,0,
domain_runtime,reports/csv/live_channel_estimation_stats.csv,schema_and_runtime_rows,True,True,True,50,0,
domain_runtime,reports/csv/live_channel_estimation_stats.csv,scenario_execution_identity,True,True,True,50,0,
domain_runtime,reports/csv/live_channel_estimation_stats.csv,populated_physical_value_ranges,True,True,True,50,0,
domain_runtime,reports/csv/live_channel_estimation_stats.csv,in_path_truth_proxy_separation,True,True,True,50,0,
domain_runtime,reports/csv/live_channel_estimation_tti.csv,schema_and_runtime_rows,True,True,True,8,0,
domain_runtime,reports/csv/live_channel_estimation_tti.csv,scenario_execution_identity,True,True,True,8,0,
domain_runtime,reports/csv/live_channel_estimation_tti.csv,populated_physical_value_ranges,True,True,True,8,0,
domain_runtime,reports/csv/live_channel_estimation_tti.csv,in_path_truth_proxy_separation,True,True,True,8,0,
domain_runtime,reports/csv/live_channel_state_tti.csv,schema_and_runtime_rows,True,True,True,8,0,
domain_runtime,reports/csv/live_channel_state_tti.csv,scenario_execution_identity,True,True,True,8,0,
domain_runtime,reports/csv/live_channel_state_tti.csv,populated_physical_value_ranges,True,True,True,8,0,
domain_runtime,reports/csv/live_channel_state_tti.csv,in_path_truth_proxy_separation,True,True,True,8,0,
domain_runtime,reports/csv/live_control_gating_state.csv,schema_and_runtime_rows,True,True,True,1,0,
domain_runtime,reports/csv/live_control_gating_state.csv,scenario_execution_identity,True,True,True,1,0,
domain_runtime,reports/csv/live_control_gating_state.csv,populated_physical_value_ranges,True,True,True,1,0,
domain_runtime,reports/csv/live_control_gating_state.csv,in_path_truth_proxy_separation,True,True,True,1,0,
domain_runtime,reports/csv/live_control_gating_summary.csv,schema_and_runtime_rows,True,True,True,1,0,
domain_runtime,reports/csv/live_control_gating_summary.csv,scenario_execution_identity,True,True,True,1,0,
domain_runtime,reports/csv/live_control_gating_summary.csv,populated_physical_value_ranges,True,True,True,1,0,
domain_runtime,reports/csv/live_control_gating_summary.csv,in_path_truth_proxy_separation,True,True,True,1,0,
domain_runtime,reports/csv/live_coverage_layer.csv,schema_and_runtime_rows,True,True,True,1,0,
domain_runtime,reports/csv/live_coverage_layer.csv,scenario_execution_identity,True,True,True,1,0,
domain_runtime,reports/csv/live_coverage_layer.csv,populated_physical_value_ranges,True,True,True,1,0,
domain_runtime,reports/csv/live_coverage_layer.csv,in_path_truth_proxy_separation,True,True,True,1,0,
domain_runtime,reports/csv/live_coverage_snapshot.csv,schema_and_runtime_rows,True,True,True,1,0,
domain_runtime,reports/csv/live_coverage_snapshot.csv,scenario_execution_identity,True,True,True,1,0,
domain_runtime,reports/csv/live_coverage_snapshot.csv,populated_physical_value_ranges,True,True,True,1,0,
domain_runtime,reports/csv/live_coverage_snapshot.csv,in_path_truth_proxy_separation,True,True,True,1,0,
domain_runtime,reports/csv/live_csi_feedback_stats.csv,schema_and_runtime_rows,True,True,True,12,0,
domain_runtime,reports/csv/live_csi_feedback_stats.csv,scenario_execution_identity,True,True,True,12,0,
domain_runtime,reports/csv/live_csi_feedback_stats.csv,populated_physical_value_ranges,True,True,True,12,0,
domain_runtime,reports/csv/live_csi_feedback_stats.csv,in_path_truth_proxy_separation,True,True,True,12,0,
domain_runtime,reports/csv/live_csirs_stats.csv,schema_and_runtime_rows,True,True,True,7,0,
domain_runtime,reports/csv/live_csirs_stats.csv,scenario_execution_identity,True,True,True,7,0,
domain_runtime,reports/csv/live_csirs_stats.csv,populated_physical_value_ranges,True,True,True,7,0,
domain_runtime,reports/csv/live_csirs_stats.csv,in_path_truth_proxy_separation,True,True,True,7,0,
domain_runtime,reports/csv/live_energy_efficiency_table.csv,schema_and_runtime_rows,True,True,True,4,0,
domain_runtime,reports/csv/live_energy_efficiency_table.csv,scenario_execution_identity,True,True,True,4,0,
domain_runtime,reports/csv/live_energy_efficiency_table.csv,populated_physical_value_ranges,True,True,True,4,0,
domain_runtime,reports/csv/live_energy_efficiency_table.csv,in_path_truth_proxy_separation,True,True,True,4,0,
domain_runtime,reports/csv/live_error_rate_summary.csv,schema_and_runtime_rows,True,True,True,4,0,
domain_runtime,reports/csv/live_error_rate_summary.csv,scenario_execution_identity,True,True,True,4,0,
domain_runtime,reports/csv/live_error_rate_summary.csv,populated_physical_value_ranges,True,True,True,4,0,
domain_runtime,reports/csv/live_error_rate_summary.csv,in_path_truth_proxy_separation,True,True,True,4,0,
domain_runtime,reports/csv/live_link_adaptation_input_table.csv,schema_and_runtime_rows,True,True,True,8,0,
domain_runtime,reports/csv/live_link_adaptation_input_table.csv,scenario_execution_identity,True,True,True,8,0,
domain_runtime,reports/csv/live_link_adaptation_input_table.csv,populated_physical_value_ranges,True,True,True,8,0,
domain_runtime,reports/csv/live_link_adaptation_input_table.csv,in_path_truth_proxy_separation,True,True,True,8,0,
domain_runtime,reports/csv/live_modulation_demodulation_trace.csv,schema_and_runtime_rows,True,True,True,8,0,
domain_runtime,reports/csv/live_modulation_demodulation_trace.csv,scenario_execution_identity,True,True,True,8,0,
domain_runtime,reports/csv/live_modulation_demodulation_trace.csv,populated_physical_value_ranges,True,True,True,8,0,
domain_runtime,reports/csv/live_modulation_demodulation_trace.csv,in_path_truth_proxy_separation,True,True,True,8,0,
domain_runtime,reports/csv/live_power_runtime_table.csv,schema_and_runtime_rows,True,True,True,58,0,
domain_runtime,reports/csv/live_power_runtime_table.csv,scenario_execution_identity,True,True,True,58,0,
domain_runtime,reports/csv/live_power_runtime_table.csv,populated_physical_value_ranges,True,True,True,58,0,
domain_runtime,reports/csv/live_power_runtime_table.csv,in_path_truth_proxy_separation,True,True,True,58,0,
domain_runtime,reports/csv/live_rank_estimation_stats.csv,schema_and_runtime_rows,True,True,True,6,0,
domain_runtime,reports/csv/live_rank_estimation_stats.csv,scenario_execution_identity,True,True,True,6,0,
domain_runtime,reports/csv/live_rank_estimation_stats.csv,populated_physical_value_ranges,True,True,True,6,0,
domain_runtime,reports/csv/live_rank_estimation_stats.csv,in_path_truth_proxy_separation,True,True,True,6,0,
domain_runtime,reports/csv/live_re_allocation_snapshot.csv,schema_and_runtime_rows,True,True,True,3118,0,
domain_runtime,reports/csv/live_re_allocation_snapshot.csv,scenario_execution_identity,True,True,True,3118,0,
domain_runtime,reports/csv/live_re_allocation_snapshot.csv,populated_physical_value_ranges,True,True,True,3118,0,
domain_runtime,reports/csv/live_re_allocation_snapshot.csv,in_path_truth_proxy_separation,True,True,True,3118,0,
domain_runtime,reports/csv/live_receiver_tracking_state.csv,schema_and_runtime_rows,True,True,True,1,0,
domain_runtime,reports/csv/live_receiver_tracking_state.csv,scenario_execution_identity,True,True,True,1,0,
domain_runtime,reports/csv/live_receiver_tracking_state.csv,populated_physical_value_ranges,True,True,True,1,0,
domain_runtime,reports/csv/live_receiver_tracking_state.csv,in_path_truth_proxy_separation,True,True,True,1,0,
domain_runtime,reports/csv/live_receiver_tracking_trace.csv,schema_and_runtime_rows,True,True,True,5,0,
domain_runtime,reports/csv/live_receiver_tracking_trace.csv,scenario_execution_identity,True,True,True,5,0,
domain_runtime,reports/csv/live_receiver_tracking_trace.csv,populated_physical_value_ranges,True,True,True,5,0,
domain_runtime,reports/csv/live_receiver_tracking_trace.csv,in_path_truth_proxy_separation,True,True,True,5,0,
domain_runtime,reports/csv/live_rf_power_table.csv,schema_and_runtime_rows,True,True,True,58,0,
domain_runtime,reports/csv/live_rf_power_table.csv,scenario_execution_identity,True,True,True,58,0,
domain_runtime,reports/csv/live_rf_power_table.csv,populated_physical_value_ranges,True,True,True,58,0,
domain_runtime,reports/csv/live_rf_power_table.csv,in_path_truth_proxy_separation,True,True,True,58,0,
domain_runtime,reports/csv/live_rsrp_serving_trace.csv,schema_and_runtime_rows,True,True,True,25,0,
domain_runtime,reports/csv/live_rsrp_serving_trace.csv,scenario_execution_identity,True,True,True,25,0,
domain_runtime,reports/csv/live_rsrp_serving_trace.csv,populated_physical_value_ranges,True,True,True,25,0,
domain_runtime,reports/csv/live_rsrp_serving_trace.csv,in_path_truth_proxy_separation,True,True,True,25,0,
domain_runtime,reports/csv/live_sector_table.csv,schema_and_runtime_rows,True,True,True,1,0,
domain_runtime,reports/csv/live_sector_table.csv,scenario_execution_identity,True,True,True,1,0,
domain_runtime,reports/csv/live_sector_table.csv,populated_physical_value_ranges,True,True,True,1,0,
domain_runtime,reports/csv/live_sector_table.csv,in_path_truth_proxy_separation,True,True,True,1,0,
domain_runtime,reports/csv/live_site_table.csv,schema_and_runtime_rows,True,True,True,1,0,
domain_runtime,reports/csv/live_site_table.csv,scenario_execution_identity,True,True,True,1,0,
domain_runtime,reports/csv/live_site_table.csv,populated_physical_value_ranges,True,True,True,1,0,
domain_runtime,reports/csv/live_site_table.csv,in_path_truth_proxy_separation,True,True,True,1,0,
domain_runtime,reports/csv/live_sleep_state_table.csv,schema_and_runtime_rows,True,True,True,5,0,
domain_runtime,reports/csv/live_sleep_state_table.csv,scenario_execution_identity,True,True,True,5,0,
domain_runtime,reports/csv/live_sleep_state_table.csv,populated_physical_value_ranges,True,True,True,5,0,
domain_runtime,reports/csv/live_sleep_state_table.csv,in_path_truth_proxy_separation,True,True,True,5,0,
domain_runtime,reports/csv/live_symbol_throughput_table.csv,schema_and_runtime_rows,True,True,True,364,0,
domain_runtime,reports/csv/live_symbol_throughput_table.csv,scenario_execution_identity,True,True,True,364,0,
domain_runtime,reports/csv/live_symbol_throughput_table.csv,populated_physical_value_ranges,True,True,True,364,0,
domain_runtime,reports/csv/live_symbol_throughput_table.csv,in_path_truth_proxy_separation,True,True,True,364,0,
domain_runtime,reports/csv/live_trp_table.csv,schema_and_runtime_rows,True,True,True,1,0,
domain_runtime,reports/csv/live_trp_table.csv,scenario_execution_identity,True,True,True,1,0,
domain_runtime,reports/csv/live_trp_table.csv,populated_physical_value_ranges,True,True,True,1,0,
domain_runtime,reports/csv/live_trp_table.csv,in_path_truth_proxy_separation,True,True,True,1,0,
domain_runtime,reports/csv/live_tx_rx_stage_trace.csv,schema_and_runtime_rows,True,True,True,8,0,
domain_runtime,reports/csv/live_tx_rx_stage_trace.csv,scenario_execution_identity,True,True,True,8,0,
domain_runtime,reports/csv/live_tx_rx_stage_trace.csv,populated_physical_value_ranges,True,True,True,8,0,
domain_runtime,reports/csv/live_tx_rx_stage_trace.csv,in_path_truth_proxy_separation,True,True,True,8,0,
domain_runtime,reports/csv/live_ue_table.csv,schema_and_runtime_rows,True,True,True,1,0,
domain_runtime,reports/csv/live_ue_table.csv,scenario_execution_identity,True,True,True,1,0,
domain_runtime,reports/csv/live_ue_table.csv,populated_physical_value_ranges,True,True,True,1,0,
domain_runtime,reports/csv/live_ue_table.csv,in_path_truth_proxy_separation,True,True,True,1,0,
domain_runtime,reports/csv/live_user_performance_snapshot.csv,schema_and_runtime_rows,True,True,True,1,0,
domain_runtime,reports/csv/live_user_performance_snapshot.csv,scenario_execution_identity,True,True,True,1,0,
domain_runtime,reports/csv/live_user_performance_snapshot.csv,populated_physical_value_ranges,True,True,True,1,0,
domain_runtime,reports/csv/live_user_performance_snapshot.csv,in_path_truth_proxy_separation,True,True,True,1,0,
domain_runtime,reports/csv/live_waveform_preview.csv,schema_and_runtime_rows,True,True,True,256,0,
domain_runtime,reports/csv/live_waveform_preview.csv,scenario_execution_identity,True,True,True,256,0,
domain_runtime,reports/csv/live_waveform_preview.csv,populated_physical_value_ranges,True,True,True,256,0,
domain_runtime,reports/csv/live_waveform_preview.csv,in_path_truth_proxy_separation,True,True,True,256,0,
domain_runtime,reports/csv/llr_histograms.csv,schema_and_runtime_rows,True,True,True,24,0,
domain_runtime,reports/csv/llr_histograms.csv,scenario_execution_identity,True,True,True,24,0,
domain_runtime,reports/csv/llr_histograms.csv,populated_physical_value_ranges,True,True,True,24,0,
domain_runtime,reports/csv/llr_histograms.csv,in_path_truth_proxy_separation,True,True,True,24,0,
domain_runtime,reports/csv/lls_block_correctness_summary.csv,schema_and_runtime_rows,True,True,True,14,0,
domain_runtime,reports/csv/lls_block_correctness_summary.csv,scenario_execution_identity,True,True,True,14,0,
domain_runtime,reports/csv/lls_block_correctness_summary.csv,populated_physical_value_ranges,True,True,True,14,0,
domain_runtime,reports/csv/lls_block_correctness_summary.csv,in_path_truth_proxy_separation,True,True,True,14,0,
domain_runtime,reports/csv/lls_implementation_register.csv,schema_and_runtime_rows,True,True,True,124,0,
domain_runtime,reports/csv/lls_implementation_register.csv,scenario_execution_identity,True,True,True,124,0,
domain_runtime,reports/csv/lls_implementation_register.csv,populated_physical_value_ranges,True,True,True,124,0,
domain_runtime,reports/csv/lls_implementation_register.csv,in_path_truth_proxy_separation,True,True,True,124,0,
domain_runtime,reports/csv/lls_link_performance_summary.csv,schema_and_runtime_rows,True,True,True,2,0,
domain_runtime,reports/csv/lls_link_performance_summary.csv,scenario_execution_identity,True,True,True,2,0,
domain_runtime,reports/csv/lls_link_performance_summary.csv,populated_physical_value_ranges,True,True,True,2,0,
domain_runtime,reports/csv/lls_link_performance_summary.csv,in_path_truth_proxy_separation,True,True,True,2,0,
domain_runtime,reports/csv/lls_output_contract.csv,schema_and_runtime_rows,True,True,True,18,0,
domain_runtime,reports/csv/lls_output_contract.csv,scenario_execution_identity,True,True,True,18,0,
domain_runtime,reports/csv/lls_output_contract.csv,populated_physical_value_ranges,True,True,True,18,0,
domain_runtime,reports/csv/lls_output_contract.csv,in_path_truth_proxy_separation,True,True,True,18,0,
domain_runtime,reports/csv/lls_output_metric_rows.csv,schema_and_runtime_rows,True,True,True,786,0,
domain_runtime,reports/csv/lls_output_metric_rows.csv,scenario_execution_identity,True,True,True,786,0,
domain_runtime,reports/csv/lls_output_metric_rows.csv,populated_physical_value_ranges,True,True,True,786,0,
domain_runtime,reports/csv/lls_output_metric_rows.csv,in_path_truth_proxy_separation,True,True,True,786,0,
domain_runtime,reports/csv/lls_output_spec_coverage.csv,schema_and_runtime_rows,True,True,True,221,0,
domain_runtime,reports/csv/lls_output_spec_coverage.csv,scenario_execution_identity,True,True,True,221,0,
domain_runtime,reports/csv/lls_output_spec_coverage.csv,populated_physical_value_ranges,True,True,True,221,0,
domain_runtime,reports/csv/lls_output_spec_coverage.csv,in_path_truth_proxy_separation,True,True,True,221,0,
domain_runtime,reports/csv/lls_phy_outcome_summary.csv,schema_and_runtime_rows,True,True,True,14,0,
domain_runtime,reports/csv/lls_phy_outcome_summary.csv,scenario_execution_identity,True,True,True,14,0,
domain_runtime,reports/csv/lls_phy_outcome_summary.csv,populated_physical_value_ranges,True,True,True,14,0,
domain_runtime,reports/csv/lls_phy_outcome_summary.csv,in_path_truth_proxy_separation,True,True,True,14,0,
domain_runtime,reports/csv/lls_real_implementation_coverage_summary.csv,schema_and_runtime_rows,True,True,True,12,0,
domain_runtime,reports/csv/lls_real_implementation_coverage_summary.csv,scenario_execution_identity,True,True,True,12,0,
domain_runtime,reports/csv/lls_real_implementation_coverage_summary.csv,populated_physical_value_ranges,True,True,True,12,0,
domain_runtime,reports/csv/lls_real_implementation_coverage_summary.csv,in_path_truth_proxy_separation,True,True,True,12,0,
domain_runtime,reports/csv/lls_reference_comparison_summary.csv,schema_and_runtime_rows,True,True,True,13,0,
domain_runtime,reports/csv/lls_reference_comparison_summary.csv,scenario_execution_identity,True,True,True,13,0,
domain_runtime,reports/csv/lls_reference_comparison_summary.csv,populated_physical_value_ranges,True,True,True,13,0,
domain_runtime,reports/csv/lls_reference_comparison_summary.csv,in_path_truth_proxy_separation,True,True,True,13,0,
domain_runtime,reports/csv/long_run_stability_summary.csv,schema_and_runtime_rows,True,True,True,1,0,
domain_runtime,reports/csv/long_run_stability_summary.csv,scenario_execution_identity,True,True,True,1,0,
domain_runtime,reports/csv/long_run_stability_summary.csv,populated_physical_value_ranges,True,True,True,1,0,
domain_runtime,reports/csv/long_run_stability_summary.csv,in_path_truth_proxy_separation,True,True,True,1,0,
domain_runtime,reports/csv/mcs_cqi_decision_trace_table.csv,schema_and_runtime_rows,True,True,True,8,0,
domain_runtime,reports/csv/mcs_cqi_decision_trace_table.csv,scenario_execution_identity,True,True,True,8,0,
domain_runtime,reports/csv/mcs_cqi_decision_trace_table.csv,populated_physical_value_ranges,True,True,True,8,0,
domain_runtime,reports/csv/mcs_cqi_decision_trace_table.csv,in_path_truth_proxy_separation,True,True,True,8,0,
domain_runtime,reports/csv/mcs_table_reference.csv,schema_and_runtime_rows,True,True,True,58,0,
domain_runtime,reports/csv/mcs_table_reference.csv,scenario_execution_identity,True,True,True,58,0,
domain_runtime,reports/csv/mcs_table_reference.csv,populated_physical_value_ranges,True,True,True,58,0,
domain_runtime,reports/csv/mcs_table_reference.csv,in_path_truth_proxy_separation,True,True,True,58,0,
domain_runtime,reports/csv/measured_sinr_timeseries.csv,schema_and_runtime_rows,True,True,True,8,0,
domain_runtime,reports/csv/measured_sinr_timeseries.csv,scenario_execution_identity,True,True,True,8,0,
domain_runtime,reports/csv/measured_sinr_timeseries.csv,populated_physical_value_ranges,True,True,True,8,0,
domain_runtime,reports/csv/measured_sinr_timeseries.csv,in_path_truth_proxy_separation,True,True,True,8,0,
domain_runtime,reports/csv/measurement_output_integrity_audit.csv,schema_and_runtime_rows,True,True,True,19,0,
domain_runtime,reports/csv/measurement_output_integrity_audit.csv,scenario_execution_identity,True,True,True,19,0,
domain_runtime,reports/csv/measurement_output_integrity_audit.csv,populated_physical_value_ranges,True,True,True,19,0,
domain_runtime,reports/csv/measurement_output_integrity_audit.csv,in_path_truth_proxy_separation,True,True,True,19,0,
domain_runtime,reports/csv/measurement_sidecar_manifest.csv,schema_and_runtime_rows,True,True,True,19,0,
domain_runtime,reports/csv/measurement_sidecar_manifest.csv,scenario_execution_identity,True,True,True,19,0,
domain_runtime,reports/csv/measurement_sidecar_manifest.csv,populated_physical_value_ranges,True,True,True,19,0,
domain_runtime,reports/csv/measurement_sidecar_manifest.csv,in_path_truth_proxy_separation,True,True,True,19,0,
domain_runtime,reports/csv/measurements/beam_precoder_measurements.csv,schema_and_runtime_rows,True,True,True,8,0,
domain_runtime,reports/csv/measurements/beam_precoder_measurements.csv,scenario_execution_identity,True,True,True,8,0,
domain_runtime,reports/csv/measurements/beam_precoder_measurements.csv,populated_physical_value_ranges,True,True,True,8,0,
domain_runtime,reports/csv/measurements/beam_precoder_measurements.csv,in_path_truth_proxy_separation,True,True,True,8,0,
domain_runtime,reports/csv/measurements/browser_config_runtime_values.csv,schema_and_runtime_rows,True,True,True,1049,0,
domain_runtime,reports/csv/measurements/browser_config_runtime_values.csv,scenario_execution_identity,True,True,True,1049,0,
domain_runtime,reports/csv/measurements/browser_config_runtime_values.csv,populated_physical_value_ranges,True,True,True,1049,0,
domain_runtime,reports/csv/measurements/browser_config_runtime_values.csv,in_path_truth_proxy_separation,True,True,True,1049,0,
domain_runtime,reports/csv/measurements/dl_pdsch_measurements.csv,schema_and_runtime_rows,True,True,True,6,0,
domain_runtime,reports/csv/measurements/dl_pdsch_measurements.csv,scenario_execution_identity,True,True,True,6,0,
domain_runtime,reports/csv/measurements/dl_pdsch_measurements.csv,populated_physical_value_ranges,True,True,True,6,0,
domain_runtime,reports/csv/measurements/dl_pdsch_measurements.csv,in_path_truth_proxy_separation,True,True,True,6,0,
domain_runtime,reports/csv/measurements/noise_variance_measurements.csv,schema_and_runtime_rows,True,True,True,16,0,
domain_runtime,reports/csv/measurements/noise_variance_measurements.csv,scenario_execution_identity,True,True,True,16,0,
domain_runtime,reports/csv/measurements/noise_variance_measurements.csv,populated_physical_value_ranges,True,True,True,16,0,
domain_runtime,reports/csv/measurements/noise_variance_measurements.csv,in_path_truth_proxy_separation,True,True,True,16,0,
domain_runtime,reports/csv/measurements/parameter_binding_runtime_values.csv,schema_and_runtime_rows,True,True,True,1049,0,
domain_runtime,reports/csv/measurements/parameter_binding_runtime_values.csv,scenario_execution_identity,True,True,True,1049,0,
domain_runtime,reports/csv/measurements/parameter_binding_runtime_values.csv,populated_physical_value_ranges,True,True,True,1049,0,
domain_runtime,reports/csv/measurements/parameter_binding_runtime_values.csv,in_path_truth_proxy_separation,True,True,True,1049,0,
domain_runtime,reports/csv/measurements/pbch_measurements.csv,schema_and_runtime_rows,True,True,True,4,0,
domain_runtime,reports/csv/measurements/pbch_measurements.csv,scenario_execution_identity,True,True,True,4,0,
domain_runtime,reports/csv/measurements/pbch_measurements.csv,populated_physical_value_ranges,True,True,True,4,0,
domain_runtime,reports/csv/measurements/pbch_measurements.csv,in_path_truth_proxy_separation,True,True,True,4,0,
domain_runtime,reports/csv/measurements/pdcch_dci_measurements.csv,schema_and_runtime_rows,True,True,True,8,0,
domain_runtime,reports/csv/measurements/pdcch_dci_measurements.csv,scenario_execution_identity,True,True,True,8,0,
domain_runtime,reports/csv/measurements/pdcch_dci_measurements.csv,populated_physical_value_ranges,True,True,True,8,0,
domain_runtime,reports/csv/measurements/pdcch_dci_measurements.csv,in_path_truth_proxy_separation,True,True,True,8,0,
domain_runtime,reports/csv/measurements/pdcch_measurements.csv,schema_and_runtime_rows,True,True,True,8,0,
domain_runtime,reports/csv/measurements/pdcch_measurements.csv,scenario_execution_identity,True,True,True,8,0,
domain_runtime,reports/csv/measurements/pdcch_measurements.csv,populated_physical_value_ranges,True,True,True,8,0,
domain_runtime,reports/csv/measurements/pdcch_measurements.csv,in_path_truth_proxy_separation,True,True,True,8,0,
domain_runtime,reports/csv/measurements/pdsch_runtime_event_measurements.csv,schema_and_runtime_rows,True,True,True,6,0,
domain_runtime,reports/csv/measurements/pdsch_runtime_event_measurements.csv,scenario_execution_identity,True,True,True,6,0,
domain_runtime,reports/csv/measurements/pdsch_runtime_event_measurements.csv,populated_physical_value_ranges,True,True,True,6,0,
domain_runtime,reports/csv/measurements/pdsch_runtime_event_measurements.csv,in_path_truth_proxy_separation,True,True,True,6,0,
domain_runtime,reports/csv/measurements/prach_detection_measurements.csv,schema_and_runtime_rows,True,True,True,1,0,
domain_runtime,reports/csv/measurements/prach_detection_measurements.csv,scenario_execution_identity,True,True,True,1,0,
domain_runtime,reports/csv/measurements/prach_detection_measurements.csv,populated_physical_value_ranges,True,True,True,1,0,
domain_runtime,reports/csv/measurements/prach_detection_measurements.csv,in_path_truth_proxy_separation,True,True,True,1,0,
domain_runtime,reports/csv/measurements/prach_measurements.csv,schema_and_runtime_rows,True,True,True,1,0,
domain_runtime,reports/csv/measurements/prach_measurements.csv,scenario_execution_identity,True,True,True,1,0,
domain_runtime,reports/csv/measurements/prach_measurements.csv,populated_physical_value_ranges,True,True,True,1,0,
domain_runtime,reports/csv/measurements/prach_measurements.csv,in_path_truth_proxy_separation,True,True,True,1,0,
domain_runtime,reports/csv/measurements/pucch_measurements.csv,schema_and_runtime_rows,True,True,True,6,0,
domain_runtime,reports/csv/measurements/pucch_measurements.csv,scenario_execution_identity,True,True,True,6,0,
domain_runtime,reports/csv/measurements/pucch_measurements.csv,populated_physical_value_ranges,True,True,True,6,0,
domain_runtime,reports/csv/measurements/pucch_measurements.csv,in_path_truth_proxy_separation,True,True,True,6,0,
domain_runtime,reports/csv/measurements/pucch_uci_measurements.csv,schema_and_runtime_rows,True,True,True,6,0,
domain_runtime,reports/csv/measurements/pucch_uci_measurements.csv,scenario_execution_identity,True,True,True,6,0,
domain_runtime,reports/csv/measurements/pucch_uci_measurements.csv,populated_physical_value_ranges,True,True,True,6,0,
domain_runtime,reports/csv/measurements/pucch_uci_measurements.csv,in_path_truth_proxy_separation,True,True,True,6,0,
domain_runtime,reports/csv/measurements/pusch_runtime_event_measurements.csv,schema_and_runtime_rows,True,True,True,2,0,
domain_runtime,reports/csv/measurements/pusch_runtime_event_measurements.csv,scenario_execution_identity,True,True,True,2,0,
domain_runtime,reports/csv/measurements/pusch_runtime_event_measurements.csv,populated_physical_value_ranges,True,True,True,2,0,
domain_runtime,reports/csv/measurements/pusch_runtime_event_measurements.csv,in_path_truth_proxy_separation,True,True,True,2,0,
domain_runtime,reports/csv/measurements/srs_measurements.csv,schema_and_runtime_rows,True,True,True,2,0,
domain_runtime,reports/csv/measurements/srs_measurements.csv,scenario_execution_identity,True,True,True,2,0,
domain_runtime,reports/csv/measurements/srs_measurements.csv,populated_physical_value_ranges,True,True,True,2,0,
domain_runtime,reports/csv/measurements/srs_measurements.csv,in_path_truth_proxy_separation,True,True,True,2,0,
domain_runtime,reports/csv/measurements/srs_public_measurements.csv,schema_and_runtime_rows,True,True,True,2,0,
domain_runtime,reports/csv/measurements/srs_public_measurements.csv,scenario_execution_identity,True,True,True,2,0,
domain_runtime,reports/csv/measurements/srs_public_measurements.csv,populated_physical_value_ranges,True,True,True,2,0,
domain_runtime,reports/csv/measurements/srs_public_measurements.csv,in_path_truth_proxy_separation,True,True,True,2,0,
domain_runtime,reports/csv/measurements/timing_synchronization_measurements.csv,schema_and_runtime_rows,True,True,True,8,0,
domain_runtime,reports/csv/measurements/timing_synchronization_measurements.csv,scenario_execution_identity,True,True,True,8,0,
domain_runtime,reports/csv/measurements/timing_synchronization_measurements.csv,populated_physical_value_ranges,True,True,True,8,0,
domain_runtime,reports/csv/measurements/timing_synchronization_measurements.csv,in_path_truth_proxy_separation,True,True,True,8,0,
domain_runtime,reports/csv/measurements/trs_measurements.csv,schema_and_runtime_rows,True,True,True,5,0,
domain_runtime,reports/csv/measurements/trs_measurements.csv,scenario_execution_identity,True,True,True,5,0,
domain_runtime,reports/csv/measurements/trs_measurements.csv,populated_physical_value_ranges,True,True,True,5,0,
domain_runtime,reports/csv/measurements/trs_measurements.csv,in_path_truth_proxy_separation,True,True,True,5,0,
domain_runtime,reports/csv/measurements/ul_pusch_measurements.csv,schema_and_runtime_rows,True,True,True,2,0,
domain_runtime,reports/csv/measurements/ul_pusch_measurements.csv,scenario_execution_identity,True,True,True,2,0,
domain_runtime,reports/csv/measurements/ul_pusch_measurements.csv,populated_physical_value_ranges,True,True,True,2,0,
domain_runtime,reports/csv/measurements/ul_pusch_measurements.csv,in_path_truth_proxy_separation,True,True,True,2,0,
domain_runtime,reports/csv/metric_definition_catalog.csv,schema_and_runtime_rows,True,True,True,13,0,
domain_runtime,reports/csv/metric_definition_catalog.csv,scenario_execution_identity,True,True,True,13,0,
domain_runtime,reports/csv/metric_definition_catalog.csv,populated_physical_value_ranges,True,True,True,13,0,
domain_runtime,reports/csv/metric_definition_catalog.csv,in_path_truth_proxy_separation,True,True,True,13,0,
domain_runtime,reports/csv/metric_unit_role_catalog.csv,schema_and_runtime_rows,True,True,True,13,0,
domain_runtime,reports/csv/metric_unit_role_catalog.csv,scenario_execution_identity,True,True,True,13,0,
domain_runtime,reports/csv/metric_unit_role_catalog.csv,populated_physical_value_ranges,True,True,True,13,0,
domain_runtime,reports/csv/metric_unit_role_catalog.csv,in_path_truth_proxy_separation,True,True,True,13,0,
domain_runtime,reports/csv/mimo_kpi_reconciliation.csv,schema_and_runtime_rows,True,True,True,1,0,
domain_runtime,reports/csv/mimo_kpi_reconciliation.csv,scenario_execution_identity,True,True,True,1,0,
domain_runtime,reports/csv/mimo_kpi_reconciliation.csv,populated_physical_value_ranges,True,True,True,1,0,
domain_runtime,reports/csv/mimo_kpi_reconciliation.csv,in_path_truth_proxy_separation,True,True,True,1,0,
domain_runtime,reports/csv/mimo_rank_utilization_table.csv,schema_and_runtime_rows,True,True,True,2,0,
domain_runtime,reports/csv/mimo_rank_utilization_table.csv,scenario_execution_identity,True,True,True,2,0,
domain_runtime,reports/csv/mimo_rank_utilization_table.csv,populated_physical_value_ranges,True,True,True,2,0,
domain_runtime,reports/csv/mimo_rank_utilization_table.csv,in_path_truth_proxy_separation,True,True,True,2,0,
domain_runtime,reports/csv/mobility_adequacy_report.csv,schema_and_runtime_rows,True,True,True,1,0,
domain_runtime,reports/csv/mobility_adequacy_report.csv,scenario_execution_identity,True,True,True,1,0,
domain_runtime,reports/csv/mobility_adequacy_report.csv,populated_physical_value_ranges,True,True,True,1,0,
domain_runtime,reports/csv/mobility_adequacy_report.csv,in_path_truth_proxy_separation,True,True,True,1,0,
domain_runtime,reports/csv/mobility_kpi_reconciliation.csv,schema_and_runtime_rows,True,True,True,1,0,
domain_runtime,reports/csv/mobility_kpi_reconciliation.csv,scenario_execution_identity,True,True,True,1,0,
domain_runtime,reports/csv/mobility_kpi_reconciliation.csv,populated_physical_value_ranges,True,True,True,1,0,
domain_runtime,reports/csv/mobility_kpi_reconciliation.csv,in_path_truth_proxy_separation,True,True,True,1,0,
domain_runtime,reports/csv/modulation_shaping_outputs.csv,schema_and_runtime_rows,True,True,True,57,0,
domain_runtime,reports/csv/modulation_shaping_outputs.csv,scenario_execution_identity,True,True,True,57,0,
domain_runtime,reports/csv/modulation_shaping_outputs.csv,populated_physical_value_ranges,True,True,True,57,0,
domain_runtime,reports/csv/modulation_shaping_outputs.csv,in_path_truth_proxy_separation,True,True,True,57,0,
domain_runtime,reports/csv/neighbor_degree_histogram_data.csv,schema_and_runtime_rows,True,True,True,1,0,
domain_runtime,reports/csv/neighbor_degree_histogram_data.csv,scenario_execution_identity,True,True,True,1,0,
domain_runtime,reports/csv/neighbor_degree_histogram_data.csv,populated_physical_value_ranges,True,True,True,1,0,
domain_runtime,reports/csv/neighbor_degree_histogram_data.csv,in_path_truth_proxy_separation,True,True,True,1,0,
domain_runtime,reports/csv/noise_reconciliation.csv,schema_and_runtime_rows,True,True,True,2,0,
domain_runtime,reports/csv/noise_reconciliation.csv,scenario_execution_identity,True,True,True,2,0,
domain_runtime,reports/csv/noise_reconciliation.csv,populated_physical_value_ranges,True,True,True,2,0,
domain_runtime,reports/csv/noise_reconciliation.csv,in_path_truth_proxy_separation,True,True,True,2,0,
domain_runtime,reports/csv/noise_variance_evidence_table.csv,schema_and_runtime_rows,True,True,True,16,0,
domain_runtime,reports/csv/noise_variance_evidence_table.csv,scenario_execution_identity,True,True,True,16,0,
domain_runtime,reports/csv/noise_variance_evidence_table.csv,populated_physical_value_ranges,True,True,True,16,0,
domain_runtime,reports/csv/noise_variance_evidence_table.csv,in_path_truth_proxy_separation,True,True,True,16,0,
domain_runtime,reports/csv/oracle_proxy_fallback_detector.csv,schema_and_runtime_rows,True,True,True,14,0,
domain_runtime,reports/csv/oracle_proxy_fallback_detector.csv,scenario_execution_identity,True,True,True,14,0,
domain_runtime,reports/csv/oracle_proxy_fallback_detector.csv,populated_physical_value_ranges,True,True,True,14,0,
domain_runtime,reports/csv/oracle_proxy_fallback_detector.csv,in_path_truth_proxy_separation,True,True,True,14,0,
domain_runtime,reports/csv/output_completeness_table.csv,schema_and_runtime_rows,True,True,True,124,0,
domain_runtime,reports/csv/output_completeness_table.csv,scenario_execution_identity,True,True,True,124,0,
domain_runtime,reports/csv/output_completeness_table.csv,populated_physical_value_ranges,True,True,True,124,0,
domain_runtime,reports/csv/output_completeness_table.csv,in_path_truth_proxy_separation,True,True,True,124,0,
domain_runtime,reports/csv/output_coverage_registry.csv,schema_and_runtime_rows,True,True,True,124,0,
domain_runtime,reports/csv/output_coverage_registry.csv,scenario_execution_identity,True,True,True,124,0,
domain_runtime,reports/csv/output_coverage_registry.csv,populated_physical_value_ranges,True,True,True,124,0,
domain_runtime,reports/csv/output_coverage_registry.csv,in_path_truth_proxy_separation,True,True,True,124,0,
domain_runtime,reports/csv/pa_reconciliation.csv,schema_and_runtime_rows,True,True,True,1,0,
domain_runtime,reports/csv/pa_reconciliation.csv,scenario_execution_identity,True,True,True,1,0,
domain_runtime,reports/csv/pa_reconciliation.csv,populated_physical_value_ranges,True,True,True,1,0,
domain_runtime,reports/csv/pa_reconciliation.csv,in_path_truth_proxy_separation,True,True,True,1,0,
domain_runtime,reports/csv/papr_reconciliation.csv,schema_and_runtime_rows,True,True,True,2,0,
domain_runtime,reports/csv/papr_reconciliation.csv,scenario_execution_identity,True,True,True,2,0,
domain_runtime,reports/csv/papr_reconciliation.csv,populated_physical_value_ranges,True,True,True,2,0,
domain_runtime,reports/csv/papr_reconciliation.csv,in_path_truth_proxy_separation,True,True,True,2,0,
domain_runtime,reports/csv/parameter_binding_matrix.csv,schema_and_runtime_rows,True,True,True,2336,0,
domain_runtime,reports/csv/parameter_binding_matrix.csv,scenario_execution_identity,True,True,True,2336,0,
domain_runtime,reports/csv/parameter_binding_matrix.csv,populated_physical_value_ranges,True,True,True,2336,0,
domain_runtime,reports/csv/parameter_binding_matrix.csv,in_path_truth_proxy_separation,True,True,True,2336,0,
domain_runtime,reports/csv/path_power_normalization_reconciliation.csv,schema_and_runtime_rows,True,True,True,2,0,
domain_runtime,reports/csv/path_power_normalization_reconciliation.csv,scenario_execution_identity,True,True,True,2,0,
domain_runtime,reports/csv/path_power_normalization_reconciliation.csv,populated_physical_value_ranges,True,True,True,2,0,
domain_runtime,reports/csv/path_power_normalization_reconciliation.csv,in_path_truth_proxy_separation,True,True,True,2,0,
domain_runtime,reports/csv/pdcch_control_outputs.csv,schema_and_runtime_rows,True,True,True,47,0,
domain_runtime,reports/csv/pdcch_control_outputs.csv,scenario_execution_identity,True,True,True,47,0,
domain_runtime,reports/csv/pdcch_control_outputs.csv,populated_physical_value_ranges,True,True,True,47,0,
domain_runtime,reports/csv/pdcch_control_outputs.csv,in_path_truth_proxy_separation,True,True,True,47,0,
domain_runtime,reports/csv/pdcch_dci_table.csv,schema_and_runtime_rows,True,True,True,8,0,
domain_runtime,reports/csv/pdcch_dci_table.csv,scenario_execution_identity,True,True,True,8,0,
domain_runtime,reports/csv/pdcch_dci_table.csv,populated_physical_value_ranges,True,True,True,8,0,
domain_runtime,reports/csv/pdcch_dci_table.csv,in_path_truth_proxy_separation,True,True,True,8,0,
domain_runtime,reports/csv/pdcch_grant_binding_evidence.csv,schema_and_runtime_rows,True,True,True,8,0,
domain_runtime,reports/csv/pdcch_grant_binding_evidence.csv,scenario_execution_identity,True,True,True,8,0,
domain_runtime,reports/csv/pdcch_grant_binding_evidence.csv,populated_physical_value_ranges,True,True,True,8,0,
domain_runtime,reports/csv/pdcch_grant_binding_evidence.csv,in_path_truth_proxy_separation,True,True,True,8,0,
domain_runtime,reports/csv/pdsch_outputs.csv,schema_and_runtime_rows,True,True,True,25,0,
domain_runtime,reports/csv/pdsch_outputs.csv,scenario_execution_identity,True,True,True,25,0,
domain_runtime,reports/csv/pdsch_outputs.csv,populated_physical_value_ranges,True,True,True,25,0,
domain_runtime,reports/csv/pdsch_outputs.csv,in_path_truth_proxy_separation,True,True,True,25,0,
domain_runtime,reports/csv/pdsch_runtime_event_table.csv,schema_and_runtime_rows,True,True,True,6,0,
domain_runtime,reports/csv/pdsch_runtime_event_table.csv,scenario_execution_identity,True,True,True,6,0,
domain_runtime,reports/csv/pdsch_runtime_event_table.csv,populated_physical_value_ranges,True,True,True,6,0,
domain_runtime,reports/csv/pdsch_runtime_event_table.csv,in_path_truth_proxy_separation,True,True,True,6,0,
domain_runtime,reports/csv/per_measured_sinr_comparison_tables.csv,schema_and_runtime_rows,True,True,True,4,0,
domain_runtime,reports/csv/per_measured_sinr_comparison_tables.csv,scenario_execution_identity,True,True,True,4,0,
domain_runtime,reports/csv/per_measured_sinr_comparison_tables.csv,populated_physical_value_ranges,True,True,True,4,0,
domain_runtime,reports/csv/per_measured_sinr_comparison_tables.csv,in_path_truth_proxy_separation,True,True,True,4,0,
domain_runtime,reports/csv/per_scenario_summary_tables.csv,schema_and_runtime_rows,True,True,True,1,0,
domain_runtime,reports/csv/per_scenario_summary_tables.csv,scenario_execution_identity,True,True,True,1,0,
domain_runtime,reports/csv/per_scenario_summary_tables.csv,populated_physical_value_ranges,True,True,True,1,0,
domain_runtime,reports/csv/per_scenario_summary_tables.csv,in_path_truth_proxy_separation,True,True,True,1,0,
domain_runtime,reports/csv/performance_profile_summary.csv,schema_and_runtime_rows,True,True,True,1,0,
domain_runtime,reports/csv/performance_profile_summary.csv,scenario_execution_identity,True,True,True,1,0,
domain_runtime,reports/csv/performance_profile_summary.csv,populated_physical_value_ranges,True,True,True,1,0,
domain_runtime,reports/csv/performance_profile_summary.csv,in_path_truth_proxy_separation,True,True,True,1,0,
domain_runtime,reports/csv/persistence_audit_table.csv,schema_and_runtime_rows,True,True,True,124,0,
domain_runtime,reports/csv/persistence_audit_table.csv,scenario_execution_identity,True,True,True,124,0,
domain_runtime,reports/csv/persistence_audit_table.csv,populated_physical_value_ranges,True,True,True,124,0,
domain_runtime,reports/csv/persistence_audit_table.csv,in_path_truth_proxy_separation,True,True,True,124,0,
domain_runtime,reports/csv/phase7_truth_gates.csv,schema_and_runtime_rows,True,True,True,1,0,
domain_runtime,reports/csv/phase7_truth_gates.csv,scenario_execution_identity,True,True,True,1,0,
domain_runtime,reports/csv/phase7_truth_gates.csv,populated_physical_value_ranges,True,True,True,1,0,
domain_runtime,reports/csv/phase7_truth_gates.csv,in_path_truth_proxy_separation,True,True,True,1,0,
domain_runtime,reports/csv/phase_noise_reconciliation.csv,schema_and_runtime_rows,True,True,True,1,0,
domain_runtime,reports/csv/phase_noise_reconciliation.csv,scenario_execution_identity,True,True,True,1,0,
domain_runtime,reports/csv/phase_noise_reconciliation.csv,populated_physical_value_ranges,True,True,True,1,0,
domain_runtime,reports/csv/phase_noise_reconciliation.csv,in_path_truth_proxy_separation,True,True,True,1,0,
domain_runtime,reports/csv/phy_block_validation_matrix.csv,schema_and_runtime_rows,True,True,True,14,0,
domain_runtime,reports/csv/phy_block_validation_matrix.csv,scenario_execution_identity,True,True,True,14,0,
domain_runtime,reports/csv/phy_block_validation_matrix.csv,populated_physical_value_ranges,True,True,True,14,0,
domain_runtime,reports/csv/phy_block_validation_matrix.csv,in_path_truth_proxy_separation,True,True,True,14,0,
domain_runtime,reports/csv/phy_package_execution_audit.csv,schema_and_runtime_rows,True,True,True,1768,0,
domain_runtime,reports/csv/phy_package_execution_audit.csv,scenario_execution_identity,True,True,True,1768,0,
domain_runtime,reports/csv/phy_package_execution_audit.csv,populated_physical_value_ranges,True,True,True,1768,0,
domain_runtime,reports/csv/phy_package_execution_audit.csv,in_path_truth_proxy_separation,True,True,True,1768,0,
domain_runtime,reports/csv/phy_package_execution_evidence_gate.csv,schema_and_runtime_rows,True,True,True,5,0,
domain_runtime,reports/csv/phy_package_execution_evidence_gate.csv,scenario_execution_identity,True,True,True,5,0,
domain_runtime,reports/csv/phy_package_execution_evidence_gate.csv,populated_physical_value_ranges,True,True,True,5,0,
domain_runtime,reports/csv/phy_package_execution_evidence_gate.csv,in_path_truth_proxy_separation,True,True,True,5,0,
domain_runtime,reports/csv/phy_package_execution_summary.csv,schema_and_runtime_rows,True,True,True,182,0,
domain_runtime,reports/csv/phy_package_execution_summary.csv,scenario_execution_identity,True,True,True,182,0,
domain_runtime,reports/csv/phy_package_execution_summary.csv,populated_physical_value_ranges,True,True,True,182,0,
domain_runtime,reports/csv/phy_package_execution_summary.csv,in_path_truth_proxy_separation,True,True,True,182,0,
domain_runtime,reports/csv/phy_value_invariant_checks.csv,schema_and_runtime_rows,True,True,True,6,0,
domain_runtime,reports/csv/phy_value_invariant_checks.csv,scenario_execution_identity,True,True,True,6,0,
domain_runtime,reports/csv/phy_value_invariant_checks.csv,populated_physical_value_ranges,True,True,True,6,0,
domain_runtime,reports/csv/phy_value_invariant_checks.csv,in_path_truth_proxy_separation,True,True,True,6,0,
domain_runtime,reports/csv/plot_data_lineage_summary.csv,schema_and_runtime_rows,True,True,True,1,0,
domain_runtime,reports/csv/plot_data_lineage_summary.csv,scenario_execution_identity,True,True,True,1,0,
domain_runtime,reports/csv/plot_data_lineage_summary.csv,populated_physical_value_ranges,True,True,True,1,0,
domain_runtime,reports/csv/plot_data_lineage_summary.csv,in_path_truth_proxy_separation,True,True,True,1,0,
domain_runtime,reports/csv/plot_data_quality_table.csv,schema_and_runtime_rows,True,True,True,27,0,
domain_runtime,reports/csv/plot_data_quality_table.csv,scenario_execution_identity,True,True,True,27,0,
domain_runtime,reports/csv/plot_data_quality_table.csv,populated_physical_value_ranges,True,True,True,27,0,
domain_runtime,reports/csv/plot_data_quality_table.csv,in_path_truth_proxy_separation,True,True,True,27,0,
domain_runtime,reports/csv/plot_manifest.csv,schema_and_runtime_rows,True,True,True,27,0,
domain_runtime,reports/csv/plot_manifest.csv,scenario_execution_identity,True,True,True,27,0,
domain_runtime,reports/csv/plot_manifest.csv,populated_physical_value_ranges,True,True,True,27,0,
domain_runtime,reports/csv/plot_manifest.csv,in_path_truth_proxy_separation,True,True,True,27,0,
domain_runtime,reports/csv/plot_render_status.csv,schema_and_runtime_rows,True,True,True,27,0,
domain_runtime,reports/csv/plot_render_status.csv,scenario_execution_identity,True,True,True,27,0,
domain_runtime,reports/csv/plot_render_status.csv,populated_physical_value_ranges,True,True,True,27,0,
domain_runtime,reports/csv/plot_render_status.csv,in_path_truth_proxy_separation,True,True,True,27,0,
domain_runtime,reports/csv/plot_suppression_table.csv,schema_and_runtime_rows,True,True,True,27,0,
domain_runtime,reports/csv/plot_suppression_table.csv,scenario_execution_identity,True,True,True,27,0,
domain_runtime,reports/csv/plot_suppression_table.csv,populated_physical_value_ranges,True,True,True,27,0,
domain_runtime,reports/csv/plot_suppression_table.csv,in_path_truth_proxy_separation,True,True,True,27,0,
domain_runtime,reports/csv/polarization_reconciliation.csv,schema_and_runtime_rows,True,True,True,2,0,
domain_runtime,reports/csv/polarization_reconciliation.csv,scenario_execution_identity,True,True,True,2,0,
domain_runtime,reports/csv/polarization_reconciliation.csv,populated_physical_value_ranges,True,True,True,2,0,
domain_runtime,reports/csv/polarization_reconciliation.csv,in_path_truth_proxy_separation,True,True,True,2,0,
domain_runtime,reports/csv/prach_correlation_trace.csv,schema_and_runtime_rows,True,True,True,1,0,
domain_runtime,reports/csv/prach_correlation_trace.csv,scenario_execution_identity,True,True,True,1,0,
domain_runtime,reports/csv/prach_correlation_trace.csv,populated_physical_value_ranges,True,True,True,1,0,
domain_runtime,reports/csv/prach_correlation_trace.csv,in_path_truth_proxy_separation,True,True,True,1,0,
domain_runtime,reports/csv/prach_correlation_traces.csv,schema_and_runtime_rows,True,True,True,1,0,
domain_runtime,reports/csv/prach_correlation_traces.csv,scenario_execution_identity,True,True,True,1,0,
domain_runtime,reports/csv/prach_correlation_traces.csv,populated_physical_value_ranges,True,True,True,1,0,
domain_runtime,reports/csv/prach_correlation_traces.csv,in_path_truth_proxy_separation,True,True,True,1,0,
domain_runtime,reports/csv/prach_detection_table.csv,schema_and_runtime_rows,True,True,True,1,0,
domain_runtime,reports/csv/prach_detection_table.csv,scenario_execution_identity,True,True,True,1,0,
domain_runtime,reports/csv/prach_detection_table.csv,populated_physical_value_ranges,True,True,True,1,0,
domain_runtime,reports/csv/prach_detection_table.csv,in_path_truth_proxy_separation,True,True,True,1,0,
domain_runtime,reports/csv/prb_allocation_heatmap.csv,schema_and_runtime_rows,True,True,True,102,0,
domain_runtime,reports/csv/prb_allocation_heatmap.csv,scenario_execution_identity,True,True,True,102,0,
domain_runtime,reports/csv/prb_allocation_heatmap.csv,populated_physical_value_ranges,True,True,True,102,0,
domain_runtime,reports/csv/prb_allocation_heatmap.csv,in_path_truth_proxy_separation,True,True,True,102,0,
domain_runtime,reports/csv/production_qualification_gate.csv,schema_and_runtime_rows,True,True,True,9,0,
domain_runtime,reports/csv/production_qualification_gate.csv,scenario_execution_identity,True,True,True,9,0,
domain_runtime,reports/csv/production_qualification_gate.csv,populated_physical_value_ranges,True,True,True,9,0,
domain_runtime,reports/csv/production_qualification_gate.csv,in_path_truth_proxy_separation,True,True,True,9,0,
domain_runtime,reports/csv/provenance_sidecars/beam_precoder_provenance.csv,schema_and_runtime_rows,True,True,True,8,0,
domain_runtime,reports/csv/provenance_sidecars/beam_precoder_provenance.csv,scenario_execution_identity,True,True,True,8,0,
domain_runtime,reports/csv/provenance_sidecars/beam_precoder_provenance.csv,populated_physical_value_ranges,True,True,True,8,0,
domain_runtime,reports/csv/provenance_sidecars/beam_precoder_provenance.csv,in_path_truth_proxy_separation,True,True,True,8,0,
domain_runtime,reports/csv/provenance_sidecars/browser_config_surface_provenance.csv,schema_and_runtime_rows,True,True,True,2336,0,
domain_runtime,reports/csv/provenance_sidecars/browser_config_surface_provenance.csv,scenario_execution_identity,True,True,True,2336,0,
domain_runtime,reports/csv/provenance_sidecars/browser_config_surface_provenance.csv,populated_physical_value_ranges,True,True,True,2336,0,
domain_runtime,reports/csv/provenance_sidecars/browser_config_surface_provenance.csv,in_path_truth_proxy_separation,True,True,True,2336,0,
domain_runtime,reports/csv/provenance_sidecars/dl_pdsch_provenance.csv,schema_and_runtime_rows,True,True,True,6,0,
domain_runtime,reports/csv/provenance_sidecars/dl_pdsch_provenance.csv,scenario_execution_identity,True,True,True,6,0,
domain_runtime,reports/csv/provenance_sidecars/dl_pdsch_provenance.csv,populated_physical_value_ranges,True,True,True,6,0,
domain_runtime,reports/csv/provenance_sidecars/dl_pdsch_provenance.csv,in_path_truth_proxy_separation,True,True,True,6,0,
domain_runtime,reports/csv/provenance_sidecars/noise_variance_provenance.csv,schema_and_runtime_rows,True,True,True,16,0,
domain_runtime,reports/csv/provenance_sidecars/noise_variance_provenance.csv,scenario_execution_identity,True,True,True,16,0,
domain_runtime,reports/csv/provenance_sidecars/noise_variance_provenance.csv,populated_physical_value_ranges,True,True,True,16,0,
domain_runtime,reports/csv/provenance_sidecars/noise_variance_provenance.csv,in_path_truth_proxy_separation,True,True,True,16,0,
domain_runtime,reports/csv/provenance_sidecars/parameter_binding_provenance.csv,schema_and_runtime_rows,True,True,True,2336,0,
domain_runtime,reports/csv/provenance_sidecars/parameter_binding_provenance.csv,scenario_execution_identity,True,True,True,2336,0,
domain_runtime,reports/csv/provenance_sidecars/parameter_binding_provenance.csv,populated_physical_value_ranges,True,True,True,2336,0,
domain_runtime,reports/csv/provenance_sidecars/parameter_binding_provenance.csv,in_path_truth_proxy_separation,True,True,True,2336,0,
domain_runtime,reports/csv/provenance_sidecars/pbch_provenance.csv,schema_and_runtime_rows,True,True,True,4,0,
domain_runtime,reports/csv/provenance_sidecars/pbch_provenance.csv,scenario_execution_identity,True,True,True,4,0,
domain_runtime,reports/csv/provenance_sidecars/pbch_provenance.csv,populated_physical_value_ranges,True,True,True,4,0,
domain_runtime,reports/csv/provenance_sidecars/pbch_provenance.csv,in_path_truth_proxy_separation,True,True,True,4,0,
domain_runtime,reports/csv/provenance_sidecars/pdcch_dci_provenance.csv,schema_and_runtime_rows,True,True,True,8,0,
domain_runtime,reports/csv/provenance_sidecars/pdcch_dci_provenance.csv,scenario_execution_identity,True,True,True,8,0,
domain_runtime,reports/csv/provenance_sidecars/pdcch_dci_provenance.csv,populated_physical_value_ranges,True,True,True,8,0,
domain_runtime,reports/csv/provenance_sidecars/pdcch_dci_provenance.csv,in_path_truth_proxy_separation,True,True,True,8,0,
domain_runtime,reports/csv/provenance_sidecars/pdcch_provenance.csv,schema_and_runtime_rows,True,True,True,8,0,
domain_runtime,reports/csv/provenance_sidecars/pdcch_provenance.csv,scenario_execution_identity,True,True,True,8,0,
domain_runtime,reports/csv/provenance_sidecars/pdcch_provenance.csv,populated_physical_value_ranges,True,True,True,8,0,
domain_runtime,reports/csv/provenance_sidecars/pdcch_provenance.csv,in_path_truth_proxy_separation,True,True,True,8,0,
domain_runtime,reports/csv/provenance_sidecars/pdsch_runtime_event_provenance.csv,schema_and_runtime_rows,True,True,True,6,0,
domain_runtime,reports/csv/provenance_sidecars/pdsch_runtime_event_provenance.csv,scenario_execution_identity,True,True,True,6,0,
domain_runtime,reports/csv/provenance_sidecars/pdsch_runtime_event_provenance.csv,populated_physical_value_ranges,True,True,True,6,0,
domain_runtime,reports/csv/provenance_sidecars/pdsch_runtime_event_provenance.csv,in_path_truth_proxy_separation,True,True,True,6,0,
domain_runtime,reports/csv/provenance_sidecars/prach_detection_provenance.csv,schema_and_runtime_rows,True,True,True,1,0,
domain_runtime,reports/csv/provenance_sidecars/prach_detection_provenance.csv,scenario_execution_identity,True,True,True,1,0,
domain_runtime,reports/csv/provenance_sidecars/prach_detection_provenance.csv,populated_physical_value_ranges,True,True,True,1,0,
domain_runtime,reports/csv/provenance_sidecars/prach_detection_provenance.csv,in_path_truth_proxy_separation,True,True,True,1,0,
domain_runtime,reports/csv/provenance_sidecars/prach_provenance.csv,schema_and_runtime_rows,True,True,True,1,0,
domain_runtime,reports/csv/provenance_sidecars/prach_provenance.csv,scenario_execution_identity,True,True,True,1,0,
domain_runtime,reports/csv/provenance_sidecars/prach_provenance.csv,populated_physical_value_ranges,True,True,True,1,0,
domain_runtime,reports/csv/provenance_sidecars/prach_provenance.csv,in_path_truth_proxy_separation,True,True,True,1,0,
domain_runtime,reports/csv/provenance_sidecars/pucch_provenance.csv,schema_and_runtime_rows,True,True,True,6,0,
domain_runtime,reports/csv/provenance_sidecars/pucch_provenance.csv,scenario_execution_identity,True,True,True,6,0,
domain_runtime,reports/csv/provenance_sidecars/pucch_provenance.csv,populated_physical_value_ranges,True,True,True,6,0,
domain_runtime,reports/csv/provenance_sidecars/pucch_provenance.csv,in_path_truth_proxy_separation,True,True,True,6,0,
domain_runtime,reports/csv/provenance_sidecars/pucch_uci_provenance.csv,schema_and_runtime_rows,True,True,True,6,0,
domain_runtime,reports/csv/provenance_sidecars/pucch_uci_provenance.csv,scenario_execution_identity,True,True,True,6,0,
domain_runtime,reports/csv/provenance_sidecars/pucch_uci_provenance.csv,populated_physical_value_ranges,True,True,True,6,0,
domain_runtime,reports/csv/provenance_sidecars/pucch_uci_provenance.csv,in_path_truth_proxy_separation,True,True,True,6,0,
domain_runtime,reports/csv/provenance_sidecars/pusch_runtime_event_provenance.csv,schema_and_runtime_rows,True,True,True,2,0,
domain_runtime,reports/csv/provenance_sidecars/pusch_runtime_event_provenance.csv,scenario_execution_identity,True,True,True,2,0,
domain_runtime,reports/csv/provenance_sidecars/pusch_runtime_event_provenance.csv,populated_physical_value_ranges,True,True,True,2,0,
domain_runtime,reports/csv/provenance_sidecars/pusch_runtime_event_provenance.csv,in_path_truth_proxy_separation,True,True,True,2,0,
domain_runtime,reports/csv/provenance_sidecars/srs_provenance.csv,schema_and_runtime_rows,True,True,True,2,0,
domain_runtime,reports/csv/provenance_sidecars/srs_provenance.csv,scenario_execution_identity,True,True,True,2,0,
domain_runtime,reports/csv/provenance_sidecars/srs_provenance.csv,populated_physical_value_ranges,True,True,True,2,0,
domain_runtime,reports/csv/provenance_sidecars/srs_provenance.csv,in_path_truth_proxy_separation,True,True,True,2,0,
domain_runtime,reports/csv/provenance_sidecars/srs_public_provenance.csv,schema_and_runtime_rows,True,True,True,2,0,
domain_runtime,reports/csv/provenance_sidecars/srs_public_provenance.csv,scenario_execution_identity,True,True,True,2,0,
domain_runtime,reports/csv/provenance_sidecars/srs_public_provenance.csv,populated_physical_value_ranges,True,True,True,2,0,
domain_runtime,reports/csv/provenance_sidecars/srs_public_provenance.csv,in_path_truth_proxy_separation,True,True,True,2,0,
domain_runtime,reports/csv/provenance_sidecars/timing_synchronization_provenance.csv,schema_and_runtime_rows,True,True,True,8,0,
domain_runtime,reports/csv/provenance_sidecars/timing_synchronization_provenance.csv,scenario_execution_identity,True,True,True,8,0,
domain_runtime,reports/csv/provenance_sidecars/timing_synchronization_provenance.csv,populated_physical_value_ranges,True,True,True,8,0,
domain_runtime,reports/csv/provenance_sidecars/timing_synchronization_provenance.csv,in_path_truth_proxy_separation,True,True,True,8,0,
domain_runtime,reports/csv/provenance_sidecars/trs_provenance.csv,schema_and_runtime_rows,True,True,True,5,0,
domain_runtime,reports/csv/provenance_sidecars/trs_provenance.csv,scenario_execution_identity,True,True,True,5,0,
domain_runtime,reports/csv/provenance_sidecars/trs_provenance.csv,populated_physical_value_ranges,True,True,True,5,0,
domain_runtime,reports/csv/provenance_sidecars/trs_provenance.csv,in_path_truth_proxy_separation,True,True,True,5,0,
domain_runtime,reports/csv/provenance_sidecars/ul_pusch_provenance.csv,schema_and_runtime_rows,True,True,True,2,0,
domain_runtime,reports/csv/provenance_sidecars/ul_pusch_provenance.csv,scenario_execution_identity,True,True,True,2,0,
domain_runtime,reports/csv/provenance_sidecars/ul_pusch_provenance.csv,populated_physical_value_ranges,True,True,True,2,0,
domain_runtime,reports/csv/provenance_sidecars/ul_pusch_provenance.csv,in_path_truth_proxy_separation,True,True,True,2,0,
domain_runtime,reports/csv/public_output_claim_scan.csv,schema_and_runtime_rows,True,True,True,7,0,
domain_runtime,reports/csv/public_output_claim_scan.csv,scenario_execution_identity,True,True,True,7,0,
domain_runtime,reports/csv/public_output_claim_scan.csv,populated_physical_value_ranges,True,True,True,7,0,
domain_runtime,reports/csv/public_output_claim_scan.csv,in_path_truth_proxy_separation,True,True,True,7,0,
domain_runtime,reports/csv/publication_readiness_gate_summary.csv,schema_and_runtime_rows,True,True,True,1,0,
domain_runtime,reports/csv/publication_readiness_gate_summary.csv,scenario_execution_identity,True,True,True,1,0,
domain_runtime,reports/csv/publication_readiness_gate_summary.csv,populated_physical_value_ranges,True,True,True,1,0,
domain_runtime,reports/csv/publication_readiness_gate_summary.csv,in_path_truth_proxy_separation,True,True,True,1,0,
domain_runtime,reports/csv/pucch_uci_table.csv,schema_and_runtime_rows,True,True,True,6,0,
domain_runtime,reports/csv/pucch_uci_table.csv,scenario_execution_identity,True,True,True,6,0,
domain_runtime,reports/csv/pucch_uci_table.csv,populated_physical_value_ranges,True,True,True,6,0,
domain_runtime,reports/csv/pucch_uci_table.csv,in_path_truth_proxy_separation,True,True,True,6,0,
domain_runtime,reports/csv/pusch_pucch_outputs.csv,schema_and_runtime_rows,True,True,True,36,0,
domain_runtime,reports/csv/pusch_pucch_outputs.csv,scenario_execution_identity,True,True,True,36,0,
domain_runtime,reports/csv/pusch_pucch_outputs.csv,populated_physical_value_ranges,True,True,True,36,0,
domain_runtime,reports/csv/pusch_pucch_outputs.csv,in_path_truth_proxy_separation,True,True,True,36,0,
domain_runtime,reports/csv/pusch_runtime_event_table.csv,schema_and_runtime_rows,True,True,True,2,0,
domain_runtime,reports/csv/pusch_runtime_event_table.csv,scenario_execution_identity,True,True,True,2,0,
domain_runtime,reports/csv/pusch_runtime_event_table.csv,populated_physical_value_ranges,True,True,True,2,0,
domain_runtime,reports/csv/pusch_runtime_event_table.csv,in_path_truth_proxy_separation,True,True,True,2,0,
domain_runtime,reports/csv/raw_to_derived_lineage.csv,schema_and_runtime_rows,True,True,True,83,0,
domain_runtime,reports/csv/raw_to_derived_lineage.csv,scenario_execution_identity,True,True,True,83,0,
domain_runtime,reports/csv/raw_to_derived_lineage.csv,populated_physical_value_ranges,True,True,True,83,0,
domain_runtime,reports/csv/raw_to_derived_lineage.csv,in_path_truth_proxy_separation,True,True,True,83,0,
domain_runtime,reports/csv/real_phy_path_evidence.csv,schema_and_runtime_rows,True,True,True,98,0,
domain_runtime,reports/csv/real_phy_path_evidence.csv,scenario_execution_identity,True,True,True,98,0,
domain_runtime,reports/csv/real_phy_path_evidence.csv,populated_physical_value_ranges,True,True,True,98,0,
domain_runtime,reports/csv/real_phy_path_evidence.csv,in_path_truth_proxy_separation,True,True,True,98,0,
domain_runtime,reports/csv/reference_signal_measurements.csv,schema_and_runtime_rows,True,True,True,17,0,
domain_runtime,reports/csv/reference_signal_measurements.csv,scenario_execution_identity,True,True,True,17,0,
domain_runtime,reports/csv/reference_signal_measurements.csv,populated_physical_value_ranges,True,True,True,17,0,
domain_runtime,reports/csv/reference_signal_measurements.csv,in_path_truth_proxy_separation,True,True,True,17,0,
domain_runtime,reports/csv/resource_overhead_analytics_table.csv,schema_and_runtime_rows,True,True,True,2,0,
domain_runtime,reports/csv/resource_overhead_analytics_table.csv,scenario_execution_identity,True,True,True,2,0,
domain_runtime,reports/csv/resource_overhead_analytics_table.csv,populated_physical_value_ranges,True,True,True,2,0,
domain_runtime,reports/csv/resource_overhead_analytics_table.csv,in_path_truth_proxy_separation,True,True,True,2,0,
domain_runtime,reports/csv/result_issue_registry.csv,schema_and_runtime_rows,True,True,True,0,0,
domain_runtime,reports/csv/result_issue_registry.csv,scenario_execution_identity,True,True,True,0,0,
domain_runtime,reports/csv/result_issue_registry.csv,populated_physical_value_ranges,True,True,True,0,0,
domain_runtime,reports/csv/result_issue_registry.csv,in_path_truth_proxy_separation,True,True,True,0,0,
domain_runtime,reports/csv/result_issue_registry_evaluation.csv,schema_and_runtime_rows,True,True,True,1,0,
domain_runtime,reports/csv/result_issue_registry_evaluation.csv,scenario_execution_identity,True,True,True,1,0,
domain_runtime,reports/csv/result_issue_registry_evaluation.csv,populated_physical_value_ranges,True,True,True,1,0,
domain_runtime,reports/csv/result_issue_registry_evaluation.csv,in_path_truth_proxy_separation,True,True,True,1,0,
domain_runtime,reports/csv/result_status_summary.csv,schema_and_runtime_rows,True,True,True,1,0,
domain_runtime,reports/csv/result_status_summary.csv,scenario_execution_identity,True,True,True,1,0,
domain_runtime,reports/csv/result_status_summary.csv,populated_physical_value_ranges,True,True,True,1,0,
domain_runtime,reports/csv/result_status_summary.csv,in_path_truth_proxy_separation,True,True,True,1,0,
domain_runtime,reports/csv/rf_chain_definition.csv,schema_and_runtime_rows,True,True,True,1,0,
domain_runtime,reports/csv/rf_chain_definition.csv,scenario_execution_identity,True,True,True,1,0,
domain_runtime,reports/csv/rf_chain_definition.csv,populated_physical_value_ranges,True,True,True,1,0,
domain_runtime,reports/csv/rf_chain_definition.csv,in_path_truth_proxy_separation,True,True,True,1,0,
domain_runtime,reports/csv/run_classification.csv,schema_and_runtime_rows,True,True,True,1,0,
domain_runtime,reports/csv/run_classification.csv,scenario_execution_identity,True,True,True,1,0,
domain_runtime,reports/csv/run_classification.csv,populated_physical_value_ranges,True,True,True,1,0,
domain_runtime,reports/csv/run_classification.csv,in_path_truth_proxy_separation,True,True,True,1,0,
domain_runtime,reports/csv/run_metadata_outputs.csv,schema_and_runtime_rows,True,True,True,53,0,
domain_runtime,reports/csv/run_metadata_outputs.csv,scenario_execution_identity,True,True,True,53,0,
domain_runtime,reports/csv/run_metadata_outputs.csv,populated_physical_value_ranges,True,True,True,53,0,
domain_runtime,reports/csv/run_metadata_outputs.csv,in_path_truth_proxy_separation,True,True,True,53,0,
domain_runtime,reports/csv/run_state.csv,schema_and_runtime_rows,True,True,True,1,0,
domain_runtime,reports/csv/run_state.csv,scenario_execution_identity,True,True,True,1,0,
domain_runtime,reports/csv/run_state.csv,populated_physical_value_ranges,True,True,True,1,0,
domain_runtime,reports/csv/run_state.csv,in_path_truth_proxy_separation,True,True,True,1,0,
domain_runtime,reports/csv/runtime_call_graph.csv,schema_and_runtime_rows,True,True,True,9,0,
domain_runtime,reports/csv/runtime_call_graph.csv,scenario_execution_identity,True,True,True,9,0,
domain_runtime,reports/csv/runtime_call_graph.csv,populated_physical_value_ranges,True,True,True,9,0,
domain_runtime,reports/csv/runtime_call_graph.csv,in_path_truth_proxy_separation,True,True,True,9,0,
domain_runtime,reports/csv/runtime_call_ledger.csv,schema_and_runtime_rows,True,True,True,103,0,
domain_runtime,reports/csv/runtime_call_ledger.csv,scenario_execution_identity,True,True,True,103,0,
domain_runtime,reports/csv/runtime_call_ledger.csv,populated_physical_value_ranges,True,True,True,103,0,
domain_runtime,reports/csv/runtime_call_ledger.csv,in_path_truth_proxy_separation,True,True,True,103,0,
domain_runtime,reports/csv/runtime_config_application_evidence.csv,schema_and_runtime_rows,True,True,True,88,0,
domain_runtime,reports/csv/runtime_config_application_evidence.csv,scenario_execution_identity,True,True,True,88,0,
domain_runtime,reports/csv/runtime_config_application_evidence.csv,populated_physical_value_ranges,True,True,True,88,0,
domain_runtime,reports/csv/runtime_config_application_evidence.csv,in_path_truth_proxy_separation,True,True,True,88,0,
domain_runtime,reports/csv/runtime_config_application_evidence.csv,runtime_config_application_identity,True,True,True,88,0,
domain_runtime,reports/csv/runtime_function_call_edges.csv,schema_and_runtime_rows,True,True,True,20000,0,
domain_runtime,reports/csv/runtime_function_call_edges.csv,scenario_execution_identity,True,True,True,20000,0,
domain_runtime,reports/csv/runtime_function_call_edges.csv,populated_physical_value_ranges,True,True,True,20000,0,
domain_runtime,reports/csv/runtime_function_call_edges.csv,in_path_truth_proxy_separation,True,True,True,20000,0,
domain_runtime,reports/csv/runtime_function_profile.csv,schema_and_runtime_rows,True,True,True,8216,0,
domain_runtime,reports/csv/runtime_function_profile.csv,scenario_execution_identity,True,True,True,8216,0,
domain_runtime,reports/csv/runtime_function_profile.csv,populated_physical_value_ranges,True,True,True,8216,0,
domain_runtime,reports/csv/runtime_function_profile.csv,in_path_truth_proxy_separation,True,True,True,8216,0,
domain_runtime,reports/csv/runtime_operating_mode.csv,schema_and_runtime_rows,True,True,True,2,0,
domain_runtime,reports/csv/runtime_operating_mode.csv,scenario_execution_identity,True,True,True,2,0,
domain_runtime,reports/csv/runtime_operating_mode.csv,populated_physical_value_ranges,True,True,True,2,0,
domain_runtime,reports/csv/runtime_operating_mode.csv,in_path_truth_proxy_separation,True,True,True,2,0,
domain_runtime,reports/csv/runtime_profiler_summary.csv,schema_and_runtime_rows,True,True,True,1,0,
domain_runtime,reports/csv/runtime_profiler_summary.csv,scenario_execution_identity,True,True,True,1,0,
domain_runtime,reports/csv/runtime_profiler_summary.csv,populated_physical_value_ranges,True,True,True,1,0,
domain_runtime,reports/csv/runtime_profiler_summary.csv,in_path_truth_proxy_separation,True,True,True,1,0,
domain_runtime,reports/csv/runtime_stage_profile.csv,schema_and_runtime_rows,True,True,True,20,0,
domain_runtime,reports/csv/runtime_stage_profile.csv,scenario_execution_identity,True,True,True,20,0,
domain_runtime,reports/csv/runtime_stage_profile.csv,populated_physical_value_ranges,True,True,True,20,0,
domain_runtime,reports/csv/runtime_stage_profile.csv,in_path_truth_proxy_separation,True,True,True,20,0,
domain_runtime,reports/csv/runtime_value_source_dictionary.csv,schema_and_runtime_rows,True,True,True,84,0,
domain_runtime,reports/csv/runtime_value_source_dictionary.csv,scenario_execution_identity,True,True,True,84,0,
domain_runtime,reports/csv/runtime_value_source_dictionary.csv,populated_physical_value_ranges,True,True,True,84,0,
domain_runtime,reports/csv/runtime_value_source_dictionary.csv,in_path_truth_proxy_separation,True,True,True,84,0,
domain_runtime,reports/csv/scenario_consistency_check_table.csv,schema_and_runtime_rows,True,True,True,11,0,
domain_runtime,reports/csv/scenario_consistency_check_table.csv,scenario_execution_identity,True,True,True,11,0,
domain_runtime,reports/csv/scenario_consistency_check_table.csv,populated_physical_value_ranges,True,True,True,11,0,
domain_runtime,reports/csv/scenario_consistency_check_table.csv,in_path_truth_proxy_separation,True,True,True,11,0,
domain_runtime,reports/csv/scenario_objective_gates.csv,schema_and_runtime_rows,True,True,True,8,0,
domain_runtime,reports/csv/scenario_objective_gates.csv,scenario_execution_identity,True,True,True,8,0,
domain_runtime,reports/csv/scenario_objective_gates.csv,populated_physical_value_ranges,True,True,True,8,0,
domain_runtime,reports/csv/scenario_objective_gates.csv,in_path_truth_proxy_separation,True,True,True,8,0,
domain_runtime,reports/csv/scenario_summary.csv,schema_and_runtime_rows,True,True,True,1,0,
domain_runtime,reports/csv/scenario_summary.csv,scenario_execution_identity,True,True,True,1,0,
domain_runtime,reports/csv/scenario_summary.csv,populated_physical_value_ranges,True,True,True,1,0,
domain_runtime,reports/csv/scenario_summary.csv,in_path_truth_proxy_separation,True,True,True,1,0,
domain_runtime,reports/csv/scheduler_kpi_reconciliation.csv,schema_and_runtime_rows,True,True,True,1,0,
domain_runtime,reports/csv/scheduler_kpi_reconciliation.csv,scenario_execution_identity,True,True,True,1,0,
domain_runtime,reports/csv/scheduler_kpi_reconciliation.csv,populated_physical_value_ranges,True,True,True,1,0,
domain_runtime,reports/csv/scheduler_kpi_reconciliation.csv,in_path_truth_proxy_separation,True,True,True,1,0,
domain_runtime,reports/csv/sector_utilization_summary_table.csv,schema_and_runtime_rows,True,True,True,1,0,
domain_runtime,reports/csv/sector_utilization_summary_table.csv,scenario_execution_identity,True,True,True,1,0,
domain_runtime,reports/csv/sector_utilization_summary_table.csv,populated_physical_value_ranges,True,True,True,1,0,
domain_runtime,reports/csv/sector_utilization_summary_table.csv,in_path_truth_proxy_separation,True,True,True,1,0,
domain_runtime,reports/csv/sectors.csv,schema_and_runtime_rows,True,True,True,1,0,
domain_runtime,reports/csv/sectors.csv,scenario_execution_identity,True,True,True,1,0,
domain_runtime,reports/csv/sectors.csv,populated_physical_value_ranges,True,True,True,1,0,
domain_runtime,reports/csv/sectors.csv,in_path_truth_proxy_separation,True,True,True,1,0,
domain_runtime,reports/csv/serial_parallel_determinism.csv,schema_and_runtime_rows,True,True,True,1,0,
domain_runtime,reports/csv/serial_parallel_determinism.csv,scenario_execution_identity,True,True,True,1,0,
domain_runtime,reports/csv/serial_parallel_determinism.csv,populated_physical_value_ranges,True,True,True,1,0,
domain_runtime,reports/csv/serial_parallel_determinism.csv,in_path_truth_proxy_separation,True,True,True,1,0,
domain_runtime,reports/csv/serving_cell_population_table.csv,schema_and_runtime_rows,True,True,True,1,0,
domain_runtime,reports/csv/serving_cell_population_table.csv,scenario_execution_identity,True,True,True,1,0,
domain_runtime,reports/csv/serving_cell_population_table.csv,populated_physical_value_ranges,True,True,True,1,0,
domain_runtime,reports/csv/serving_cell_population_table.csv,in_path_truth_proxy_separation,True,True,True,1,0,
domain_runtime,reports/csv/sites.csv,schema_and_runtime_rows,True,True,True,1,0,
domain_runtime,reports/csv/sites.csv,scenario_execution_identity,True,True,True,1,0,
domain_runtime,reports/csv/sites.csv,populated_physical_value_ranges,True,True,True,1,0,
domain_runtime,reports/csv/sites.csv,in_path_truth_proxy_separation,True,True,True,1,0,
domain_runtime,reports/csv/sixgr_source_file_execution_inventory.csv,schema_and_runtime_rows,True,True,True,1768,0,
domain_runtime,reports/csv/sixgr_source_file_execution_inventory.csv,scenario_execution_identity,True,True,True,1768,0,
domain_runtime,reports/csv/sixgr_source_file_execution_inventory.csv,populated_physical_value_ranges,True,True,True,1768,0,
domain_runtime,reports/csv/sixgr_source_file_execution_inventory.csv,in_path_truth_proxy_separation,True,True,True,1768,0,
domain_runtime,reports/csv/sixgr_source_function_execution_inventory.csv,schema_and_runtime_rows,True,True,True,16286,0,
domain_runtime,reports/csv/sixgr_source_function_execution_inventory.csv,scenario_execution_identity,True,True,True,16286,0,
domain_runtime,reports/csv/sixgr_source_function_execution_inventory.csv,populated_physical_value_ranges,True,True,True,16286,0,
domain_runtime,reports/csv/sixgr_source_function_execution_inventory.csv,in_path_truth_proxy_separation,True,True,True,16286,0,
domain_runtime,reports/csv/slot_trace.csv,schema_and_runtime_rows,True,True,True,25,0,
domain_runtime,reports/csv/slot_trace.csv,scenario_execution_identity,True,True,True,25,0,
domain_runtime,reports/csv/slot_trace.csv,populated_physical_value_ranges,True,True,True,25,0,
domain_runtime,reports/csv/slot_trace.csv,in_path_truth_proxy_separation,True,True,True,25,0,
domain_runtime,reports/csv/srs_measurement_table.csv,schema_and_runtime_rows,True,True,True,2,0,
domain_runtime,reports/csv/srs_measurement_table.csv,scenario_execution_identity,True,True,True,2,0,
domain_runtime,reports/csv/srs_measurement_table.csv,populated_physical_value_ranges,True,True,True,2,0,
domain_runtime,reports/csv/srs_measurement_table.csv,in_path_truth_proxy_separation,True,True,True,2,0,
domain_runtime,reports/csv/ssb_pbch_cell_search_table.csv,schema_and_runtime_rows,True,True,True,4,0,
domain_runtime,reports/csv/ssb_pbch_cell_search_table.csv,scenario_execution_identity,True,True,True,4,0,
domain_runtime,reports/csv/ssb_pbch_cell_search_table.csv,populated_physical_value_ranges,True,True,True,4,0,
domain_runtime,reports/csv/ssb_pbch_cell_search_table.csv,in_path_truth_proxy_separation,True,True,True,4,0,
domain_runtime,reports/csv/standards_claim_audit.csv,schema_and_runtime_rows,True,True,True,1,0,
domain_runtime,reports/csv/standards_claim_audit.csv,scenario_execution_identity,True,True,True,1,0,
domain_runtime,reports/csv/standards_claim_audit.csv,populated_physical_value_ranges,True,True,True,1,0,
domain_runtime,reports/csv/standards_claim_audit.csv,in_path_truth_proxy_separation,True,True,True,1,0,
domain_runtime,reports/csv/statistical_qualification_gate.csv,schema_and_runtime_rows,True,True,True,2,0,
domain_runtime,reports/csv/statistical_qualification_gate.csv,scenario_execution_identity,True,True,True,2,0,
domain_runtime,reports/csv/statistical_qualification_gate.csv,populated_physical_value_ranges,True,True,True,2,0,
domain_runtime,reports/csv/statistical_qualification_gate.csv,in_path_truth_proxy_separation,True,True,True,2,0,
domain_runtime,reports/csv/strict_anchor_acceptance_report.csv,schema_and_runtime_rows,True,True,True,17,0,
domain_runtime,reports/csv/strict_anchor_acceptance_report.csv,scenario_execution_identity,True,True,True,17,0,
domain_runtime,reports/csv/strict_anchor_acceptance_report.csv,populated_physical_value_ranges,True,True,True,17,0,
domain_runtime,reports/csv/strict_anchor_acceptance_report.csv,in_path_truth_proxy_separation,True,True,True,17,0,
domain_runtime,reports/csv/study_to_runtime_measurement_registry.csv,schema_and_runtime_rows,True,True,True,6,0,
domain_runtime,reports/csv/study_to_runtime_measurement_registry.csv,scenario_execution_identity,True,True,True,6,0,
domain_runtime,reports/csv/study_to_runtime_measurement_registry.csv,populated_physical_value_ranges,True,True,True,6,0,
domain_runtime,reports/csv/study_to_runtime_measurement_registry.csv,in_path_truth_proxy_separation,True,True,True,6,0,
domain_runtime,reports/csv/summary_vs_raw_consistency.csv,schema_and_runtime_rows,True,True,True,8,0,
domain_runtime,reports/csv/summary_vs_raw_consistency.csv,scenario_execution_identity,True,True,True,8,0,
domain_runtime,reports/csv/summary_vs_raw_consistency.csv,populated_physical_value_ranges,True,True,True,8,0,
domain_runtime,reports/csv/summary_vs_raw_consistency.csv,in_path_truth_proxy_separation,True,True,True,8,0,
domain_runtime,reports/csv/table_channel_summary.csv,schema_and_runtime_rows,True,True,True,1,0,
domain_runtime,reports/csv/table_channel_summary.csv,scenario_execution_identity,True,True,True,1,0,
domain_runtime,reports/csv/table_channel_summary.csv,populated_physical_value_ranges,True,True,True,1,0,
domain_runtime,reports/csv/table_channel_summary.csv,in_path_truth_proxy_separation,True,True,True,1,0,
domain_runtime,reports/csv/table_cqi_pmi_ri.csv,schema_and_runtime_rows,True,True,True,8,0,
domain_runtime,reports/csv/table_cqi_pmi_ri.csv,scenario_execution_identity,True,True,True,8,0,
domain_runtime,reports/csv/table_cqi_pmi_ri.csv,populated_physical_value_ranges,True,True,True,8,0,
domain_runtime,reports/csv/table_cqi_pmi_ri.csv,in_path_truth_proxy_separation,True,True,True,8,0,
domain_runtime,reports/csv/table_dl_transport_block.csv,schema_and_runtime_rows,True,True,True,6,0,
domain_runtime,reports/csv/table_dl_transport_block.csv,scenario_execution_identity,True,True,True,6,0,
domain_runtime,reports/csv/table_dl_transport_block.csv,populated_physical_value_ranges,True,True,True,6,0,
domain_runtime,reports/csv/table_dl_transport_block.csv,in_path_truth_proxy_separation,True,True,True,6,0,
domain_runtime,reports/csv/table_field_availability_matrix.csv,schema_and_runtime_rows,True,True,True,173,0,
domain_runtime,reports/csv/table_field_availability_matrix.csv,scenario_execution_identity,True,True,True,173,0,
domain_runtime,reports/csv/table_field_availability_matrix.csv,populated_physical_value_ranges,True,True,True,173,0,
domain_runtime,reports/csv/table_field_availability_matrix.csv,in_path_truth_proxy_separation,True,True,True,173,0,
domain_runtime,reports/csv/table_gnb_cell.csv,schema_and_runtime_rows,True,True,True,1,0,
domain_runtime,reports/csv/table_gnb_cell.csv,scenario_execution_identity,True,True,True,1,0,
domain_runtime,reports/csv/table_gnb_cell.csv,populated_physical_value_ranges,True,True,True,1,0,
domain_runtime,reports/csv/table_gnb_cell.csv,in_path_truth_proxy_separation,True,True,True,1,0,
domain_runtime,reports/csv/table_harq_process.csv,schema_and_runtime_rows,True,True,True,4,0,
domain_runtime,reports/csv/table_harq_process.csv,scenario_execution_identity,True,True,True,4,0,
domain_runtime,reports/csv/table_harq_process.csv,populated_physical_value_ranges,True,True,True,4,0,
domain_runtime,reports/csv/table_harq_process.csv,in_path_truth_proxy_separation,True,True,True,4,0,
domain_runtime,reports/csv/table_latency.csv,schema_and_runtime_rows,True,True,True,8,0,
domain_runtime,reports/csv/table_latency.csv,scenario_execution_identity,True,True,True,8,0,
domain_runtime,reports/csv/table_latency.csv,populated_physical_value_ranges,True,True,True,8,0,
domain_runtime,reports/csv/table_latency.csv,in_path_truth_proxy_separation,True,True,True,8,0,
domain_runtime,reports/csv/table_link_budget.csv,schema_and_runtime_rows,True,True,True,8,0,
domain_runtime,reports/csv/table_link_budget.csv,scenario_execution_identity,True,True,True,8,0,
domain_runtime,reports/csv/table_link_budget.csv,populated_physical_value_ranges,True,True,True,8,0,
domain_runtime,reports/csv/table_link_budget.csv,in_path_truth_proxy_separation,True,True,True,8,0,
domain_runtime,reports/csv/table_mcs_tbs_evolution.csv,schema_and_runtime_rows,True,True,True,8,0,
domain_runtime,reports/csv/table_mcs_tbs_evolution.csv,scenario_execution_identity,True,True,True,8,0,
domain_runtime,reports/csv/table_mcs_tbs_evolution.csv,populated_physical_value_ranges,True,True,True,8,0,
domain_runtime,reports/csv/table_mcs_tbs_evolution.csv,in_path_truth_proxy_separation,True,True,True,8,0,
domain_runtime,reports/csv/table_noise_interference.csv,schema_and_runtime_rows,True,True,True,8,0,
domain_runtime,reports/csv/table_noise_interference.csv,scenario_execution_identity,True,True,True,8,0,
domain_runtime,reports/csv/table_noise_interference.csv,populated_physical_value_ranges,True,True,True,8,0,
domain_runtime,reports/csv/table_noise_interference.csv,in_path_truth_proxy_separation,True,True,True,8,0,
domain_runtime,reports/csv/table_scenario_topology.csv,schema_and_runtime_rows,True,True,True,1,0,
domain_runtime,reports/csv/table_scenario_topology.csv,scenario_execution_identity,True,True,True,1,0,
domain_runtime,reports/csv/table_scenario_topology.csv,populated_physical_value_ranges,True,True,True,1,0,
domain_runtime,reports/csv/table_scenario_topology.csv,in_path_truth_proxy_separation,True,True,True,1,0,
domain_runtime,reports/csv/table_ul_transport_block.csv,schema_and_runtime_rows,True,True,True,2,0,
domain_runtime,reports/csv/table_ul_transport_block.csv,scenario_execution_identity,True,True,True,2,0,
domain_runtime,reports/csv/table_ul_transport_block.csv,populated_physical_value_ranges,True,True,True,2,0,
domain_runtime,reports/csv/table_ul_transport_block.csv,in_path_truth_proxy_separation,True,True,True,2,0,
domain_runtime,reports/csv/throughput_reconciliation.csv,schema_and_runtime_rows,True,True,True,1,0,
domain_runtime,reports/csv/throughput_reconciliation.csv,scenario_execution_identity,True,True,True,1,0,
domain_runtime,reports/csv/throughput_reconciliation.csv,populated_physical_value_ranges,True,True,True,1,0,
domain_runtime,reports/csv/throughput_reconciliation.csv,in_path_truth_proxy_separation,True,True,True,1,0,
domain_runtime,reports/csv/time_profile_calls.csv,schema_and_runtime_rows,True,True,True,66,0,
domain_runtime,reports/csv/time_profile_calls.csv,scenario_execution_identity,True,True,True,66,0,
domain_runtime,reports/csv/time_profile_calls.csv,populated_physical_value_ranges,True,True,True,66,0,
domain_runtime,reports/csv/time_profile_calls.csv,in_path_truth_proxy_separation,True,True,True,66,0,
domain_runtime,reports/csv/time_profile_coverage.csv,schema_and_runtime_rows,True,True,True,9,0,
domain_runtime,reports/csv/time_profile_coverage.csv,scenario_execution_identity,True,True,True,9,0,
domain_runtime,reports/csv/time_profile_coverage.csv,populated_physical_value_ranges,True,True,True,9,0,
domain_runtime,reports/csv/time_profile_coverage.csv,in_path_truth_proxy_separation,True,True,True,9,0,
domain_runtime,reports/csv/time_profile_summary.csv,schema_and_runtime_rows,True,True,True,1,0,
domain_runtime,reports/csv/time_profile_summary.csv,scenario_execution_identity,True,True,True,1,0,
domain_runtime,reports/csv/time_profile_summary.csv,populated_physical_value_ranges,True,True,True,1,0,
domain_runtime,reports/csv/time_profile_summary.csv,in_path_truth_proxy_separation,True,True,True,1,0,
domain_runtime,reports/csv/timing_offset_reconciliation.csv,schema_and_runtime_rows,True,True,True,2,0,
domain_runtime,reports/csv/timing_offset_reconciliation.csv,scenario_execution_identity,True,True,True,2,0,
domain_runtime,reports/csv/timing_offset_reconciliation.csv,populated_physical_value_ranges,True,True,True,2,0,
domain_runtime,reports/csv/timing_offset_reconciliation.csv,in_path_truth_proxy_separation,True,True,True,2,0,
domain_runtime,reports/csv/timing_positioning_runtime_evidence.csv,schema_and_runtime_rows,True,True,True,2,0,
domain_runtime,reports/csv/timing_positioning_runtime_evidence.csv,scenario_execution_identity,True,True,True,2,0,
domain_runtime,reports/csv/timing_positioning_runtime_evidence.csv,populated_physical_value_ranges,True,True,True,2,0,
domain_runtime,reports/csv/timing_positioning_runtime_evidence.csv,in_path_truth_proxy_separation,True,True,True,2,0,
domain_runtime,reports/csv/tod_toa_trace.csv,schema_and_runtime_rows,True,True,True,8,0,
domain_runtime,reports/csv/tod_toa_trace.csv,scenario_execution_identity,True,True,True,8,0,
domain_runtime,reports/csv/tod_toa_trace.csv,populated_physical_value_ranges,True,True,True,8,0,
domain_runtime,reports/csv/tod_toa_trace.csv,in_path_truth_proxy_separation,True,True,True,8,0,
domain_runtime,reports/csv/top50_visualization_contract.csv,schema_and_runtime_rows,True,True,True,50,0,
domain_runtime,reports/csv/top50_visualization_contract.csv,scenario_execution_identity,True,True,True,50,0,
domain_runtime,reports/csv/top50_visualization_contract.csv,populated_physical_value_ranges,True,True,True,50,0,
domain_runtime,reports/csv/top50_visualization_contract.csv,in_path_truth_proxy_separation,True,True,True,50,0,
domain_runtime,reports/csv/top50_visualization_evidence_inventory.csv,schema_and_runtime_rows,True,True,True,50,0,
domain_runtime,reports/csv/top50_visualization_evidence_inventory.csv,scenario_execution_identity,True,True,True,50,0,
domain_runtime,reports/csv/top50_visualization_evidence_inventory.csv,populated_physical_value_ranges,True,True,True,50,0,
domain_runtime,reports/csv/top50_visualization_evidence_inventory.csv,in_path_truth_proxy_separation,True,True,True,50,0,
domain_runtime,reports/csv/topology_density_table.csv,schema_and_runtime_rows,True,True,True,1,0,
domain_runtime,reports/csv/topology_density_table.csv,scenario_execution_identity,True,True,True,1,0,
domain_runtime,reports/csv/topology_density_table.csv,populated_physical_value_ranges,True,True,True,1,0,
domain_runtime,reports/csv/topology_density_table.csv,in_path_truth_proxy_separation,True,True,True,1,0,
domain_runtime,reports/csv/trps.csv,schema_and_runtime_rows,True,True,True,1,0,
domain_runtime,reports/csv/trps.csv,scenario_execution_identity,True,True,True,1,0,
domain_runtime,reports/csv/trps.csv,populated_physical_value_ranges,True,True,True,1,0,
domain_runtime,reports/csv/trps.csv,in_path_truth_proxy_separation,True,True,True,1,0,
domain_runtime,reports/csv/trs_receiver_tracking_table.csv,schema_and_runtime_rows,True,True,True,5,0,
domain_runtime,reports/csv/trs_receiver_tracking_table.csv,scenario_execution_identity,True,True,True,5,0,
domain_runtime,reports/csv/trs_receiver_tracking_table.csv,populated_physical_value_ranges,True,True,True,5,0,
domain_runtime,reports/csv/trs_receiver_tracking_table.csv,in_path_truth_proxy_separation,True,True,True,5,0,
domain_runtime,reports/csv/truth_contract_failures.csv,schema_and_runtime_rows,True,True,True,0,0,
domain_runtime,reports/csv/truth_contract_failures.csv,scenario_execution_identity,True,True,True,0,0,
domain_runtime,reports/csv/truth_contract_failures.csv,populated_physical_value_ranges,True,True,True,0,0,
domain_runtime,reports/csv/truth_contract_failures.csv,in_path_truth_proxy_separation,True,True,True,0,0,
domain_runtime,reports/csv/truth_contract_summary.csv,schema_and_runtime_rows,True,True,True,1,0,
domain_runtime,reports/csv/truth_contract_summary.csv,scenario_execution_identity,True,True,True,1,0,
domain_runtime,reports/csv/truth_contract_summary.csv,populated_physical_value_ranges,True,True,True,1,0,
domain_runtime,reports/csv/truth_contract_summary.csv,in_path_truth_proxy_separation,True,True,True,1,0,
domain_runtime,reports/csv/truth_primary_artifact_scan.csv,schema_and_runtime_rows,True,True,True,25,0,
domain_runtime,reports/csv/truth_primary_artifact_scan.csv,scenario_execution_identity,True,True,True,25,0,
domain_runtime,reports/csv/truth_primary_artifact_scan.csv,populated_physical_value_ranges,True,True,True,25,0,
domain_runtime,reports/csv/truth_primary_artifact_scan.csv,in_path_truth_proxy_separation,True,True,True,25,0,
domain_runtime,reports/csv/two_mode_acceptance_gates.csv,schema_and_runtime_rows,True,True,True,1,0,
domain_runtime,reports/csv/two_mode_acceptance_gates.csv,scenario_execution_identity,True,True,True,1,0,
domain_runtime,reports/csv/two_mode_acceptance_gates.csv,populated_physical_value_ranges,True,True,True,1,0,
domain_runtime,reports/csv/two_mode_acceptance_gates.csv,in_path_truth_proxy_separation,True,True,True,1,0,
domain_runtime,reports/csv/ues.csv,schema_and_runtime_rows,True,True,True,1,0,
domain_runtime,reports/csv/ues.csv,scenario_execution_identity,True,True,True,1,0,
domain_runtime,reports/csv/ues.csv,populated_physical_value_ranges,True,True,True,1,0,
domain_runtime,reports/csv/ues.csv,in_path_truth_proxy_separation,True,True,True,1,0,
domain_runtime,reports/csv/ui_feature_filter_audit.csv,schema_and_runtime_rows,True,True,True,100448,0,
domain_runtime,reports/csv/ui_feature_filter_audit.csv,scenario_execution_identity,True,True,True,100448,0,
domain_runtime,reports/csv/ui_feature_filter_audit.csv,populated_physical_value_ranges,True,True,True,100448,0,
domain_runtime,reports/csv/ui_feature_filter_audit.csv,in_path_truth_proxy_separation,True,True,True,100448,0,
domain_runtime,reports/csv/ul_resource_grid_heatmap.csv,schema_and_runtime_rows,True,True,True,50,0,
domain_runtime,reports/csv/ul_resource_grid_heatmap.csv,scenario_execution_identity,True,True,True,50,0,
domain_runtime,reports/csv/ul_resource_grid_heatmap.csv,populated_physical_value_ranges,True,True,True,50,0,
domain_runtime,reports/csv/ul_resource_grid_heatmap.csv,in_path_truth_proxy_separation,True,True,True,50,0,
domain_runtime,reports/csv/unavailable_plot_card_registry.csv,schema_and_runtime_rows,True,True,True,0,0,
domain_runtime,reports/csv/unavailable_plot_card_registry.csv,scenario_execution_identity,True,True,True,0,0,
domain_runtime,reports/csv/unavailable_plot_card_registry.csv,populated_physical_value_ranges,True,True,True,0,0,
domain_runtime,reports/csv/unavailable_plot_card_registry.csv,in_path_truth_proxy_separation,True,True,True,0,0,
domain_runtime,reports/csv/validation_messages.csv,schema_and_runtime_rows,True,True,True,1,0,
domain_runtime,reports/csv/validation_messages.csv,scenario_execution_identity,True,True,True,1,0,
domain_runtime,reports/csv/validation_messages.csv,populated_physical_value_ranges,True,True,True,1,0,
domain_runtime,reports/csv/validation_messages.csv,in_path_truth_proxy_separation,True,True,True,1,0,
domain_runtime,reports/csv/value_source_audit.csv,schema_and_runtime_rows,True,True,True,76,0,
domain_runtime,reports/csv/value_source_audit.csv,scenario_execution_identity,True,True,True,76,0,
domain_runtime,reports/csv/value_source_audit.csv,populated_physical_value_ranges,True,True,True,76,0,
domain_runtime,reports/csv/value_source_audit.csv,in_path_truth_proxy_separation,True,True,True,76,0,
domain_runtime,reports/csv/visual_artifact_audit.csv,schema_and_runtime_rows,True,True,True,29,0,
domain_runtime,reports/csv/visual_artifact_audit.csv,scenario_execution_identity,True,True,True,29,0,
domain_runtime,reports/csv/visual_artifact_audit.csv,populated_physical_value_ranges,True,True,True,29,0,
domain_runtime,reports/csv/visual_artifact_audit.csv,in_path_truth_proxy_separation,True,True,True,29,0,
domain_runtime,reports/csv/visual_artifact_integrity.csv,schema_and_runtime_rows,True,True,True,29,0,
domain_runtime,reports/csv/visual_artifact_integrity.csv,scenario_execution_identity,True,True,True,29,0,
domain_runtime,reports/csv/visual_artifact_integrity.csv,populated_physical_value_ranges,True,True,True,29,0,
domain_runtime,reports/csv/visual_artifact_integrity.csv,in_path_truth_proxy_separation,True,True,True,29,0,
domain_runtime,reports/final/final_campaign_summary.csv,schema_and_runtime_rows,True,True,True,1,0,
domain_runtime,reports/final/final_campaign_summary.csv,scenario_execution_identity,True,True,True,1,0,
domain_runtime,reports/final/final_campaign_summary.csv,populated_physical_value_ranges,True,True,True,1,0,
domain_runtime,reports/final/final_campaign_summary.csv,in_path_truth_proxy_separation,True,True,True,1,0,
domain_runtime,reports/final/final_defect_register.csv,schema_and_runtime_rows,True,True,True,18,0,
domain_runtime,reports/final/final_defect_register.csv,scenario_execution_identity,True,True,True,18,0,
domain_runtime,reports/final/final_defect_register.csv,populated_physical_value_ranges,True,True,True,18,0,
domain_runtime,reports/final/final_defect_register.csv,in_path_truth_proxy_separation,True,True,True,18,0,
domain_runtime,reports/final/final_kpi_tables.csv,schema_and_runtime_rows,True,True,True,1,0,
domain_runtime,reports/final/final_kpi_tables.csv,scenario_execution_identity,True,True,True,1,0,
domain_runtime,reports/final/final_kpi_tables.csv,populated_physical_value_ranges,True,True,True,1,0,
domain_runtime,reports/final/final_kpi_tables.csv,in_path_truth_proxy_separation,True,True,True,1,0,
domain_runtime,reports/final/final_scientific_claims_matrix.csv,schema_and_runtime_rows,True,True,True,7,0,
domain_runtime,reports/final/final_scientific_claims_matrix.csv,scenario_execution_identity,True,True,True,7,0,
domain_runtime,reports/final/final_scientific_claims_matrix.csv,populated_physical_value_ranges,True,True,True,7,0,
domain_runtime,reports/final/final_scientific_claims_matrix.csv,in_path_truth_proxy_separation,True,True,True,7,0,
domain_runtime,rf/csv/energy_model_terms.csv,schema_and_runtime_rows,True,True,True,12,0,
domain_runtime,rf/csv/energy_model_terms.csv,scenario_execution_identity,True,True,True,12,0,
domain_runtime,rf/csv/energy_model_terms.csv,populated_physical_value_ranges,True,True,True,12,0,
domain_runtime,rf/csv/energy_model_terms.csv,in_path_truth_proxy_separation,True,True,True,12,0,
domain_runtime,rf/csv/energy_timeline_trace.csv,schema_and_runtime_rows,True,True,True,58,0,
domain_runtime,rf/csv/energy_timeline_trace.csv,scenario_execution_identity,True,True,True,58,0,
domain_runtime,rf/csv/energy_timeline_trace.csv,populated_physical_value_ranges,True,True,True,58,0,
domain_runtime,rf/csv/energy_timeline_trace.csv,in_path_truth_proxy_separation,True,True,True,58,0,
domain_runtime,rf/csv/iq_imbalance_timeline_trace.csv,schema_and_runtime_rows,True,True,True,8,0,
domain_runtime,rf/csv/iq_imbalance_timeline_trace.csv,scenario_execution_identity,True,True,True,8,0,
domain_runtime,rf/csv/iq_imbalance_timeline_trace.csv,populated_physical_value_ranges,True,True,True,8,0,
domain_runtime,rf/csv/iq_imbalance_timeline_trace.csv,in_path_truth_proxy_separation,True,True,True,8,0,
domain_runtime,rf/csv/power_energy_table.csv,schema_and_runtime_rows,True,True,True,58,0,
domain_runtime,rf/csv/power_energy_table.csv,scenario_execution_identity,True,True,True,58,0,
domain_runtime,rf/csv/power_energy_table.csv,populated_physical_value_ranges,True,True,True,58,0,
domain_runtime,rf/csv/power_energy_table.csv,in_path_truth_proxy_separation,True,True,True,58,0,
domain_runtime,rf/csv/probe_rf_energy.csv,schema_and_runtime_rows,True,True,True,20,0,
domain_runtime,rf/csv/probe_rf_energy.csv,scenario_execution_identity,True,True,True,20,0,
domain_runtime,rf/csv/probe_rf_energy.csv,populated_physical_value_ranges,True,True,True,20,0,
domain_runtime,rf/csv/probe_rf_energy.csv,in_path_truth_proxy_separation,True,True,True,20,0,
domain_runtime,rf/csv/probe_rf_iq_imbalance.csv,schema_and_runtime_rows,True,True,True,3,0,
domain_runtime,rf/csv/probe_rf_iq_imbalance.csv,scenario_execution_identity,True,True,True,3,0,
domain_runtime,rf/csv/probe_rf_iq_imbalance.csv,populated_physical_value_ranges,True,True,True,3,0,
domain_runtime,rf/csv/probe_rf_iq_imbalance.csv,in_path_truth_proxy_separation,True,True,True,3,0,
domain_runtime,runtime/csv/artifact_transactions.csv,schema_and_runtime_rows,True,True,True,598,0,
domain_runtime,runtime/csv/artifact_transactions.csv,scenario_execution_identity,True,True,True,598,0,
domain_runtime,runtime/csv/artifact_transactions.csv,populated_physical_value_ranges,True,True,True,598,0,
domain_runtime,runtime/csv/artifact_transactions.csv,in_path_truth_proxy_separation,True,True,True,598,0,
domain_runtime,runtime/csv/progress_heartbeat.csv,schema_and_runtime_rows,True,True,True,51,0,
domain_runtime,runtime/csv/progress_heartbeat.csv,scenario_execution_identity,True,True,True,51,0,
domain_runtime,runtime/csv/progress_heartbeat.csv,populated_physical_value_ranges,True,True,True,51,0,
domain_runtime,runtime/csv/progress_heartbeat.csv,in_path_truth_proxy_separation,True,True,True,51,0,
domain_runtime,runtime/csv/stage_timing_events.csv,schema_and_runtime_rows,True,True,True,2,0,
domain_runtime,runtime/csv/stage_timing_events.csv,scenario_execution_identity,True,True,True,2,0,
domain_runtime,runtime/csv/stage_timing_events.csv,populated_physical_value_ranges,True,True,True,2,0,
domain_runtime,runtime/csv/stage_timing_events.csv,in_path_truth_proxy_separation,True,True,True,2,0,
domain_runtime,storage/csv/capture_budget_validation.csv,schema_and_runtime_rows,True,True,True,1,0,
domain_runtime,storage/csv/capture_budget_validation.csv,scenario_execution_identity,True,True,True,1,0,
domain_runtime,storage/csv/capture_budget_validation.csv,populated_physical_value_ranges,True,True,True,1,0,
domain_runtime,storage/csv/capture_budget_validation.csv,in_path_truth_proxy_separation,True,True,True,1,0,
domain_runtime,storage/csv/capture_policy.csv,schema_and_runtime_rows,True,True,True,1,0,
domain_runtime,storage/csv/capture_policy.csv,scenario_execution_identity,True,True,True,1,0,
domain_runtime,storage/csv/capture_policy.csv,populated_physical_value_ranges,True,True,True,1,0,
domain_runtime,storage/csv/capture_policy.csv,in_path_truth_proxy_separation,True,True,True,1,0,
domain_runtime,storage/csv/capture_volume_estimate.csv,schema_and_runtime_rows,True,True,True,1,0,
domain_runtime,storage/csv/capture_volume_estimate.csv,scenario_execution_identity,True,True,True,1,0,
domain_runtime,storage/csv/capture_volume_estimate.csv,populated_physical_value_ranges,True,True,True,1,0,
domain_runtime,storage/csv/capture_volume_estimate.csv,in_path_truth_proxy_separation,True,True,True,1,0,
domain_runtime,storage/csv/raw_capture_schedule.csv,schema_and_runtime_rows,True,True,True,3,0,
domain_runtime,storage/csv/raw_capture_schedule.csv,scenario_execution_identity,True,True,True,3,0,
domain_runtime,storage/csv/raw_capture_schedule.csv,populated_physical_value_ranges,True,True,True,3,0,
domain_runtime,storage/csv/raw_capture_schedule.csv,in_path_truth_proxy_separation,True,True,True,3,0,
domain_runtime,waveform/csv/final_tx_iq_capture_manifest.csv,schema_and_runtime_rows,True,True,True,2,0,
domain_runtime,waveform/csv/final_tx_iq_capture_manifest.csv,scenario_execution_identity,True,True,True,2,0,
domain_runtime,waveform/csv/final_tx_iq_capture_manifest.csv,populated_physical_value_ranges,True,True,True,2,0,
domain_runtime,waveform/csv/final_tx_iq_capture_manifest.csv,in_path_truth_proxy_separation,True,True,True,2,0,
domain_runtime,waveform/csv/final_tx_iq_dl.csv,schema_and_runtime_rows,True,True,True,7680,0,
domain_runtime,waveform/csv/final_tx_iq_dl.csv,scenario_execution_identity,True,True,True,7680,0,
domain_runtime,waveform/csv/final_tx_iq_dl.csv,populated_physical_value_ranges,True,True,True,7680,0,
domain_runtime,waveform/csv/final_tx_iq_dl.csv,in_path_truth_proxy_separation,True,True,True,7680,0,
domain_runtime,waveform/csv/final_tx_iq_ul.csv,schema_and_runtime_rows,True,True,True,7680,0,
domain_runtime,waveform/csv/final_tx_iq_ul.csv,scenario_execution_identity,True,True,True,7680,0,
domain_runtime,waveform/csv/final_tx_iq_ul.csv,populated_physical_value_ranges,True,True,True,7680,0,
domain_runtime,waveform/csv/final_tx_iq_ul.csv,in_path_truth_proxy_separation,True,True,True,7680,0,
domain_runtime,components/prach/csv/prach_detection_trials.csv,prach_detection_schema,True,True,True,1,0,
domain_runtime,components/prach/csv/prach_detection_trials.csv,prach_detection_decision_reconciliation,True,True,True,1,0,
domain_runtime,frame_grid/csv/observed_re_allocation.csv,exact_RE_allocation_schema,True,True,True,3118,0,
domain_runtime,frame_grid/csv/observed_re_allocation.csv,exact_RE_bounds_direction_and_collision,True,True,False,3118,200,row=63:duplicate_RE_run | row=64:duplicate_RE_run | row=65:duplicate_RE_run | row=66:duplicate_RE_run | row=67:duplicate_RE_run | row=68:duplicate_RE_run | row=69:duplicate_RE_run | row=70:duplicate_RE_run | row=71:duplicate_RE_run | row=72:duplicate_RE_run | row=73:duplicate_RE_run | row=74:duplicate_RE_run | row=75:duplicate_RE_run | row=76:duplicate_RE_run | row=77:duplicate_RE_run | row=78:duplicate_RE_run | row=79:duplicate_RE_run | row=80:duplicate_RE_run | row=81:duplicate_RE_run | row=82:duplicate_RE_run | row=83:duplicate_RE_run | row=84:duplicate_RE_run | row=85:duplicate_RE_run | row=86:duplicate_RE_run
domain_runtime,waveform/csv/final_tx_iq_capture_manifest.csv,VSG_IQ_manifest_schema,True,True,True,2,0,
domain_runtime,waveform/csv/final_tx_iq_dl.csv,VSG_IQ_sample_time_power_and_hash,True,True,True,7680,0,
domain_runtime,waveform/csv/final_tx_iq_dl_port1_keysight.csv,Keysight_headerless_normalized_IQ_matches_canonical,True,True,True,7680,0,
domain_runtime,waveform/csv/final_tx_iq_dl_port2_keysight.csv,Keysight_headerless_normalized_IQ_matches_canonical,True,True,True,7680,0,
domain_runtime,waveform/csv/final_tx_iq_ul.csv,VSG_IQ_sample_time_power_and_hash,True,True,True,7680,0,
domain_runtime,waveform/csv/final_tx_iq_ul_port1_keysight.csv,Keysight_headerless_normalized_IQ_matches_canonical,True,True,True,7680,0,
domain_runtime,waveform/csv/final_tx_iq_capture_manifest.csv,VSG_IQ_manifest_files_and_authority,True,True,True,2,0,
cross_table_reconciliation,reports/csv/scenario_summary.csv,dl_summary_trial_count,True,True,True,6,0,
cross_table_reconciliation,reports/csv/scenario_summary.csv,ul_summary_trial_count,True,True,True,2,0,
cross_table_reconciliation,reports/csv/scenario_summary.csv,summary_config_hash_matches_trials,True,True,True,1,0,
status_reduction,reports/csv/scenario_summary.csv,terminal_visual_status_matches_persisted_audits,True,True,True,1,0,
status_reduction,reports/csv/result_status_summary.csv,truth_failure_and_root_status_reduction_consistent,True,True,True,1,0,
status_reduction,reports/csv/phase7_truth_gates.csv,phase7_exact_reduction,True,True,True,1,0,
cross_table_reconciliation,reports/csv/access_kpi_reconciliation.csv,outcome_matches_phase7_and_rows_are_coherent,True,True,True,1,0,
cross_table_reconciliation,reports/csv/antenna_array_reconciliation.csv,outcome_matches_phase7_and_rows_are_coherent,True,True,True,2,0,
cross_table_reconciliation,reports/csv/artifact_completeness_summary.csv,outcome_matches_phase7_and_rows_are_coherent,True,True,True,1,0,
cross_table_reconciliation,reports/csv/blerber_reconciliation.csv,outcome_matches_phase7_and_rows_are_coherent,True,True,True,1,0,
cross_table_reconciliation,reports/csv/cfo_reconciliation.csv,outcome_matches_phase7_and_rows_are_coherent,True,True,True,2,0,
cross_table_reconciliation,reports/csv/channel_realization_reconciliation.csv,outcome_matches_phase7_and_rows_are_coherent,True,True,True,2,0,
cross_table_reconciliation,reports/csv/channel_rf_reconciliation.csv,outcome_matches_phase7_and_rows_are_coherent,True,True,True,1,0,
cross_table_reconciliation,reports/csv/checkpoint_resume_equivalence.csv,outcome_matches_phase7_and_rows_are_coherent,True,True,True,1,0,
cross_table_reconciliation,reports/csv/energy_model_gate.csv,outcome_matches_phase7_and_rows_are_coherent,True,True,True,1,0,
cross_table_reconciliation,reports/csv/evm_reconciliation.csv,outcome_matches_phase7_and_rows_are_coherent,True,True,True,2,0,
cross_table_reconciliation,reports/csv/final_scientific_claims_truthfulness.csv,outcome_matches_phase7_and_rows_are_coherent,True,True,True,1,0,
cross_table_reconciliation,reports/csv/interference_accounting.csv,outcome_matches_phase7_and_rows_are_coherent,True,True,True,2,0,
cross_table_reconciliation,reports/csv/iq_imbalance_reconciliation.csv,outcome_matches_phase7_and_rows_are_coherent,True,True,True,2,0,
cross_table_reconciliation,reports/csv/latency_reconciliation.csv,outcome_matches_phase7_and_rows_are_coherent,True,True,True,1,0,
cross_table_reconciliation,reports/csv/long_run_stability_summary.csv,outcome_matches_phase7_and_rows_are_coherent,True,True,True,1,0,
cross_table_reconciliation,reports/csv/mimo_kpi_reconciliation.csv,outcome_matches_phase7_and_rows_are_coherent,True,True,True,1,0,
cross_table_reconciliation,reports/csv/mobility_kpi_reconciliation.csv,outcome_matches_phase7_and_rows_are_coherent,True,True,True,1,0,
cross_table_reconciliation,reports/csv/noise_reconciliation.csv,outcome_matches_phase7_and_rows_are_coherent,True,True,True,2,0,
cross_table_reconciliation,reports/csv/pa_reconciliation.csv,outcome_matches_phase7_and_rows_are_coherent,True,True,True,1,0,
cross_table_reconciliation,reports/csv/papr_reconciliation.csv,outcome_matches_phase7_and_rows_are_coherent,True,True,True,2,0,
cross_table_reconciliation,reports/csv/path_power_normalization_reconciliation.csv,outcome_matches_phase7_and_rows_are_coherent,True,True,True,2,0,
cross_table_reconciliation,reports/csv/performance_profile_summary.csv,outcome_matches_phase7_and_rows_are_coherent,True,True,True,1,0,
cross_table_reconciliation,reports/csv/phase_noise_reconciliation.csv,outcome_matches_phase7_and_rows_are_coherent,True,True,True,1,0,
cross_table_reconciliation,reports/csv/plot_data_lineage_summary.csv,outcome_matches_phase7_and_rows_are_coherent,True,True,True,1,0,
cross_table_reconciliation,reports/csv/polarization_reconciliation.csv,outcome_matches_phase7_and_rows_are_coherent,True,True,True,2,0,
cross_table_reconciliation,reports/csv/rf_chain_definition.csv,outcome_matches_phase7_and_rows_are_coherent,True,True,True,1,0,
cross_table_reconciliation,reports/csv/scheduler_kpi_reconciliation.csv,outcome_matches_phase7_and_rows_are_coherent,True,True,True,1,0,
cross_table_reconciliation,reports/csv/serial_parallel_determinism.csv,outcome_matches_phase7_and_rows_are_coherent,True,True,True,1,0,
cross_table_reconciliation,reports/csv/throughput_reconciliation.csv,outcome_matches_phase7_and_rows_are_coherent,True,True,True,1,0,
cross_table_reconciliation,reports/csv/timing_offset_reconciliation.csv,outcome_matches_phase7_and_rows_are_coherent,True,True,True,2,0,
status_reduction,reports/csv/publication_readiness_gate_summary.csv,publication_exact_reduction,True,True,True,1,0,
status_reduction,reports/csv/production_qualification_gate.csv,production_exact_reduction,True,True,True,9,0,
status_reduction,reports/csv/kpi_consistency_gate.csv,declared_gate_rows_are_coherent,True,True,True,6,0,
status_reduction,reports/csv/phy_package_execution_evidence_gate.csv,declared_gate_rows_are_coherent,True,True,True,5,0,
status_reduction,reports/csv/scenario_objective_gates.csv,declared_gate_rows_are_coherent,True,True,True,8,0,
status_reduction,reports/csv/strict_anchor_acceptance_report.csv,declared_gate_rows_are_coherent,True,True,True,17,0,
status_reduction,reports/csv/two_mode_acceptance_gates.csv,declared_gate_rows_are_coherent,True,True,True,1,0,
