----------------------------------------
Exception occurred during processing of request from ('127.0.0.1', 53293)
----------------------------------------
Exception occurred during processing of request from ('127.0.0.1', 53276)
Traceback (most recent call last):
  File "C:\Anup\6gsimulation\sixgr_foundation_v2 (2)\apps\lls_web_dashboard.py", line 12522, in do_GET
    self.respond_html(
  File "C:\Anup\6gsimulation\sixgr_foundation_v2 (2)\apps\lls_web_dashboard.py", line 12776, in respond_html
    self.wfile.write(payload)
  File "C:\Program Files\Python311\Lib\socketserver.py", line 834, in write
    self._sock.sendall(b)
ConnectionAbortedError: [WinError 10053] An established connection was aborted by the software in your host machine

During handling of the above exception, another exception occurred:

Traceback (most recent call last):
  File "C:\Program Files\Python311\Lib\socketserver.py", line 691, in process_request_thread
    self.finish_request(request, client_address)
  File "C:\Program Files\Python311\Lib\socketserver.py", line 361, in finish_request
    self.RequestHandlerClass(request, client_address, self)
  File "C:\Program Files\Python311\Lib\socketserver.py", line 755, in __init__
    self.handle()
  File "C:\Program Files\Python311\Lib\http\server.py", line 436, in handle
    self.handle_one_request()
  File "C:\Program Files\Python311\Lib\http\server.py", line 424, in handle_one_request
    method()
  File "C:\Anup\6gsimulation\sixgr_foundation_v2 (2)\apps\lls_web_dashboard.py", line 12676, in do_GET
    self.send_error(HTTPStatus.INTERNAL_SERVER_ERROR, str(exc))
  File "C:\Program Files\Python311\Lib\http\server.py", line 488, in send_error
    self.end_headers()
  File "C:\Program Files\Python311\Lib\http\server.py", line 538, in end_headers
    self.flush_headers()
  File "C:\Program Files\Python311\Lib\http\server.py", line 542, in flush_headers
    self.wfile.write(b"".join(self._headers_buffer))
  File "C:\Program Files\Python311\Lib\socketserver.py", line 834, in write
    self._sock.sendall(b)
ConnectionAbortedError: [WinError 10053] An established connection was aborted by the software in your host machine
----------------------------------------
Traceback (most recent call last):
  File "C:\Anup\6gsimulation\sixgr_foundation_v2 (2)\apps\lls_web_dashboard.py", line 12522, in do_GET
    self.respond_html(
  File "C:\Anup\6gsimulation\sixgr_foundation_v2 (2)\apps\lls_web_dashboard.py", line 12776, in respond_html
    self.wfile.write(payload)
  File "C:\Program Files\Python311\Lib\socketserver.py", line 834, in write
    self._sock.sendall(b)
ConnectionAbortedError: [WinError 10053] An established connection was aborted by the software in your host machine

During handling of the above exception, another exception occurred:

Traceback (most recent call last):
  File "C:\Program Files\Python311\Lib\socketserver.py", line 691, in process_request_thread
    self.finish_request(request, client_address)
  File "C:\Program Files\Python311\Lib\socketserver.py", line 361, in finish_request
    self.RequestHandlerClass(request, client_address, self)
  File "C:\Program Files\Python311\Lib\socketserver.py", line 755, in __init__
    self.handle()
  File "C:\Program Files\Python311\Lib\http\server.py", line 436, in handle
    self.handle_one_request()
  File "C:\Program Files\Python311\Lib\http\server.py", line 424, in handle_one_request
    method()
  File "C:\Anup\6gsimulation\sixgr_foundation_v2 (2)\apps\lls_web_dashboard.py", line 12676, in do_GET
    self.send_error(HTTPStatus.INTERNAL_SERVER_ERROR, str(exc))
  File "C:\Program Files\Python311\Lib\http\server.py", line 488, in send_error
    self.end_headers()
  File "C:\Program Files\Python311\Lib\http\server.py", line 538, in end_headers
    self.flush_headers()
  File "C:\Program Files\Python311\Lib\http\server.py", line 542, in flush_headers
    self.wfile.write(b"".join(self._headers_buffer))
  File "C:\Program Files\Python311\Lib\socketserver.py", line 834, in write
    self._sock.sendall(b)
ConnectionAbortedError: [WinError 10053] An established connection was aborted by the software in your host machine
----------------------------------------
----------------------------------------
Exception occurred during processing of request from ('127.0.0.1', 54695)
Traceback (most recent call last):
  File "C:\Anup\6gsimulation\sixgr_foundation_v2 (2)\apps\lls_web_dashboard.py", line 12654, in do_GET
    self.respond_json(build_live_payload(run_id))
  File "C:\Anup\6gsimulation\sixgr_foundation_v2 (2)\apps\lls_web_dashboard.py", line 12784, in respond_json
    self.end_headers()
  File "C:\Program Files\Python311\Lib\http\server.py", line 538, in end_headers
    self.flush_headers()
  File "C:\Program Files\Python311\Lib\http\server.py", line 542, in flush_headers
    self.wfile.write(b"".join(self._headers_buffer))
  File "C:\Program Files\Python311\Lib\socketserver.py", line 834, in write
    self._sock.sendall(b)
ConnectionResetError: [WinError 10054] An existing connection was forcibly closed by the remote host

During handling of the above exception, another exception occurred:

Traceback (most recent call last):
  File "C:\Program Files\Python311\Lib\socketserver.py", line 691, in process_request_thread
    self.finish_request(request, client_address)
  File "C:\Program Files\Python311\Lib\socketserver.py", line 361, in finish_request
    self.RequestHandlerClass(request, client_address, self)
  File "C:\Program Files\Python311\Lib\socketserver.py", line 755, in __init__
    self.handle()
  File "C:\Program Files\Python311\Lib\http\server.py", line 436, in handle
    self.handle_one_request()
  File "C:\Program Files\Python311\Lib\http\server.py", line 424, in handle_one_request
    method()
  File "C:\Anup\6gsimulation\sixgr_foundation_v2 (2)\apps\lls_web_dashboard.py", line 12676, in do_GET
    self.send_error(HTTPStatus.INTERNAL_SERVER_ERROR, str(exc))
  File "C:\Program Files\Python311\Lib\http\server.py", line 488, in send_error
    self.end_headers()
  File "C:\Program Files\Python311\Lib\http\server.py", line 538, in end_headers
    self.flush_headers()
  File "C:\Program Files\Python311\Lib\http\server.py", line 542, in flush_headers
    self.wfile.write(b"".join(self._headers_buffer))
  File "C:\Program Files\Python311\Lib\socketserver.py", line 834, in write
    self._sock.sendall(b)
ConnectionResetError: [WinError 10054] An existing connection was forcibly closed by the remote host
----------------------------------------
----------------------------------------
Exception occurred during processing of request from ('127.0.0.1', 51287)
Traceback (most recent call last):
  File "C:\Anup\6gsimulation\sixgr_foundation_v2 (2)\apps\lls_web_dashboard.py", line 12654, in do_GET
    self.respond_json(build_live_payload(run_id))
  File "C:\Anup\6gsimulation\sixgr_foundation_v2 (2)\apps\lls_web_dashboard.py", line 12785, in respond_json
    self.wfile.write(raw)
  File "C:\Program Files\Python311\Lib\socketserver.py", line 834, in write
    self._sock.sendall(b)
ConnectionAbortedError: [WinError 10053] An established connection was aborted by the software in your host machine

During handling of the above exception, another exception occurred:

Traceback (most recent call last):
  File "C:\Program Files\Python311\Lib\socketserver.py", line 691, in process_request_thread
    self.finish_request(request, client_address)
  File "C:\Program Files\Python311\Lib\socketserver.py", line 361, in finish_request
    self.RequestHandlerClass(request, client_address, self)
  File "C:\Program Files\Python311\Lib\socketserver.py", line 755, in __init__
    self.handle()
  File "C:\Program Files\Python311\Lib\http\server.py", line 436, in handle
    self.handle_one_request()
  File "C:\Program Files\Python311\Lib\http\server.py", line 424, in handle_one_request
    method()
  File "C:\Anup\6gsimulation\sixgr_foundation_v2 (2)\apps\lls_web_dashboard.py", line 12676, in do_GET
    self.send_error(HTTPStatus.INTERNAL_SERVER_ERROR, str(exc))
  File "C:\Program Files\Python311\Lib\http\server.py", line 488, in send_error
    self.end_headers()
  File "C:\Program Files\Python311\Lib\http\server.py", line 538, in end_headers
    self.flush_headers()
  File "C:\Program Files\Python311\Lib\http\server.py", line 542, in flush_headers
    self.wfile.write(b"".join(self._headers_buffer))
----------------------------------------
  File "C:\Program Files\Python311\Lib\socketserver.py", line 834, in write
    self._sock.sendall(b)
Exception occurred during processing of request from ('127.0.0.1', 51293)
ConnectionAbortedError: [WinError 10053] An established connection was aborted by the software in your host machine
----------------------------------------
Traceback (most recent call last):
  File "C:\Anup\6gsimulation\sixgr_foundation_v2 (2)\apps\lls_web_dashboard.py", line 12654, in do_GET
    self.respond_json(build_live_payload(run_id))
  File "C:\Anup\6gsimulation\sixgr_foundation_v2 (2)\apps\lls_web_dashboard.py", line 12785, in respond_json
    self.wfile.write(raw)
  File "C:\Program Files\Python311\Lib\socketserver.py", line 834, in write
    self._sock.sendall(b)
ConnectionAbortedError: [WinError 10053] An established connection was aborted by the software in your host machine

During handling of the above exception, another exception occurred:

Traceback (most recent call last):
  File "C:\Program Files\Python311\Lib\socketserver.py", line 691, in process_request_thread
    self.finish_request(request, client_address)
  File "C:\Program Files\Python311\Lib\socketserver.py", line 361, in finish_request
    self.RequestHandlerClass(request, client_address, self)
  File "C:\Program Files\Python311\Lib\socketserver.py", line 755, in __init__
    self.handle()
  File "C:\Program Files\Python311\Lib\http\server.py", line 436, in handle
    self.handle_one_request()
  File "C:\Program Files\Python311\Lib\http\server.py", line 424, in handle_one_request
    method()
  File "C:\Anup\6gsimulation\sixgr_foundation_v2 (2)\apps\lls_web_dashboard.py", line 12676, in do_GET
    self.send_error(HTTPStatus.INTERNAL_SERVER_ERROR, str(exc))
  File "C:\Program Files\Python311\Lib\http\server.py", line 488, in send_error
    self.end_headers()
  File "C:\Program Files\Python311\Lib\http\server.py", line 538, in end_headers
    self.flush_headers()
  File "C:\Program Files\Python311\Lib\http\server.py", line 542, in flush_headers
    self.wfile.write(b"".join(self._headers_buffer))
  File "C:\Program Files\Python311\Lib\socketserver.py", line 834, in write
    self._sock.sendall(b)
ConnectionAbortedError: [WinError 10053] An established connection was aborted by the software in your host machine
----------------------------------------
----------------------------------------
Exception occurred during processing of request from ('127.0.0.1', 51296)
Traceback (most recent call last):
  File "C:\Anup\6gsimulation\sixgr_foundation_v2 (2)\apps\lls_web_dashboard.py", line 12654, in do_GET
    self.respond_json(build_live_payload(run_id))
  File "C:\Anup\6gsimulation\sixgr_foundation_v2 (2)\apps\lls_web_dashboard.py", line 12785, in respond_json
    self.wfile.write(raw)
  File "C:\Program Files\Python311\Lib\socketserver.py", line 834, in write
    self._sock.sendall(b)
ConnectionAbortedError: [WinError 10053] An established connection was aborted by the software in your host machine

During handling of the above exception, another exception occurred:

Traceback (most recent call last):
  File "C:\Program Files\Python311\Lib\socketserver.py", line 691, in process_request_thread
    self.finish_request(request, client_address)
  File "C:\Program Files\Python311\Lib\socketserver.py", line 361, in finish_request
    self.RequestHandlerClass(request, client_address, self)
  File "C:\Program Files\Python311\Lib\socketserver.py", line 755, in __init__
    self.handle()
  File "C:\Program Files\Python311\Lib\http\server.py", line 436, in handle
    self.handle_one_request()
  File "C:\Program Files\Python311\Lib\http\server.py", line 424, in handle_one_request
    method()
  File "C:\Anup\6gsimulation\sixgr_foundation_v2 (2)\apps\lls_web_dashboard.py", line 12676, in do_GET
    self.send_error(HTTPStatus.INTERNAL_SERVER_ERROR, str(exc))
  File "C:\Program Files\Python311\Lib\http\server.py", line 488, in send_error
    self.end_headers()
  File "C:\Program Files\Python311\Lib\http\server.py", line 538, in end_headers
    self.flush_headers()
  File "C:\Program Files\Python311\Lib\http\server.py", line 542, in flush_headers
    self.wfile.write(b"".join(self._headers_buffer))
  File "C:\Program Files\Python311\Lib\socketserver.py", line 834, in write
    self._sock.sendall(b)
ConnectionAbortedError: [WinError 10053] An established connection was aborted by the software in your host machine
----------------------------------------
----------------------------------------
Exception occurred during processing of request from ('127.0.0.1', 61896)
----------------------------------------
Exception occurred during processing of request from ('127.0.0.1', 61884)
Traceback (most recent call last):
  File "C:\Program Files\Python311\Lib\site-packages\mysql\connector\pooling.py", line 654, in get_connection
    cnx = self._cnx_queue.get(block=False)
          ^^^^^^^^^^^^^^^^^^^^^^^^^^^^^^^^
  File "C:\Program Files\Python311\Lib\queue.py", line 168, in get
    raise Empty
_queue.Empty

The above exception was the direct cause of the following exception:

Traceback (most recent call last):
Traceback (most recent call last):
  File "C:\Anup\6gsimulation\sixgr_foundation_v2 (2)\apps\lls_web_dashboard.py", line 12654, in do_GET
    self.respond_json(build_live_payload(run_id))
                      ^^^^^^^^^^^^^^^^^^^^^^^^^^
  File "C:\Program Files\Python311\Lib\site-packages\mysql\connector\pooling.py", line 654, in get_connection
    cnx = self._cnx_queue.get(block=False)
          ^^^^^^^^^^^^^^^^^^^^^^^^^^^^^^^^
  File "C:\Anup\6gsimulation\sixgr_foundation_v2 (2)\apps\lls_web_dashboard.py", line 7876, in build_live_payload
    contract_materializer.materialize_run_contract_artifacts(
  File "C:\Program Files\Python311\Lib\queue.py", line 168, in get
    raise Empty
  File "C:\Anup\6gsimulation\sixgr_foundation_v2 (2)\apps\lls_contract_materializer.py", line 1941, in materialize_run_contract_artifacts
    artifact_id = _store_artifact(
                  ^^^^^^^^^^^^^^^^
  File "C:\Anup\6gsimulation\sixgr_foundation_v2 (2)\apps\lls_contract_materializer.py", line 1678, in _store_artifact
    with db_connection_factory() as conn:
         ^^^^^^^^^^^^^^^^^^^^^^^
_queue.Empty
  File "C:\Anup\6gsimulation\sixgr_foundation_v2 (2)\apps\lls_web_dashboard.py", line 147, in db_connection
    return pool.get_connection()
           ^^^^^^^^^^^^^^^^^^^^^

The above exception was the direct cause of the following exception:

  File "C:\Program Files\Python311\Lib\site-packages\mysql\connector\pooling.py", line 656, in get_connection
    raise PoolError("Failed getting connection; pool exhausted") from err
Traceback (most recent call last):
mysql.connector.errors.PoolError: Failed getting connection; pool exhausted
  File "C:\Anup\6gsimulation\sixgr_foundation_v2 (2)\apps\lls_web_dashboard.py", line 12654, in do_GET
    self.respond_json(build_live_payload(run_id))
                      ^^^^^^^^^^^^^^^^^^^^^^^^^^

During handling of the above exception, another exception occurred:

  File "C:\Anup\6gsimulation\sixgr_foundation_v2 (2)\apps\lls_web_dashboard.py", line 7876, in build_live_payload
    contract_materializer.materialize_run_contract_artifacts(
Traceback (most recent call last):
  File "C:\Anup\6gsimulation\sixgr_foundation_v2 (2)\apps\lls_contract_materializer.py", line 1941, in materialize_run_contract_artifacts
    artifact_id = _store_artifact(
                  ^^^^^^^^^^^^^^^^
  File "C:\Program Files\Python311\Lib\socketserver.py", line 691, in process_request_thread
    self.finish_request(request, client_address)
  File "C:\Anup\6gsimulation\sixgr_foundation_v2 (2)\apps\lls_contract_materializer.py", line 1678, in _store_artifact
    with db_connection_factory() as conn:
         ^^^^^^^^^^^^^^^^^^^^^^^
  File "C:\Program Files\Python311\Lib\socketserver.py", line 361, in finish_request
    self.RequestHandlerClass(request, client_address, self)
  File "C:\Anup\6gsimulation\sixgr_foundation_v2 (2)\apps\lls_web_dashboard.py", line 147, in db_connection
    return pool.get_connection()
           ^^^^^^^^^^^^^^^^^^^^^
  File "C:\Program Files\Python311\Lib\site-packages\mysql\connector\pooling.py", line 656, in get_connection
    raise PoolError("Failed getting connection; pool exhausted") from err
  File "C:\Program Files\Python311\Lib\socketserver.py", line 755, in __init__
    self.handle()
mysql.connector.errors.PoolError: Failed getting connection; pool exhausted
  File "C:\Program Files\Python311\Lib\http\server.py", line 436, in handle
    self.handle_one_request()

During handling of the above exception, another exception occurred:

  File "C:\Program Files\Python311\Lib\http\server.py", line 424, in handle_one_request
    method()
----------------------------------------
  File "C:\Anup\6gsimulation\sixgr_foundation_v2 (2)\apps\lls_web_dashboard.py", line 12676, in do_GET
    self.send_error(HTTPStatus.INTERNAL_SERVER_ERROR, str(exc))
Exception occurred during processing of request from ('127.0.0.1', 61889)
  File "C:\Program Files\Python311\Lib\http\server.py", line 491, in send_error
    self.wfile.write(body)
Traceback (most recent call last):
  File "C:\Program Files\Python311\Lib\socketserver.py", line 834, in write
    self._sock.sendall(b)
  File "C:\Program Files\Python311\Lib\socketserver.py", line 691, in process_request_thread
    self.finish_request(request, client_address)
ConnectionAbortedError: [WinError 10053] An established connection was aborted by the software in your host machine
  File "C:\Program Files\Python311\Lib\socketserver.py", line 361, in finish_request
    self.RequestHandlerClass(request, client_address, self)
Traceback (most recent call last):
  File "C:\Program Files\Python311\Lib\socketserver.py", line 755, in __init__
    self.handle()
  File "C:\Program Files\Python311\Lib\site-packages\mysql\connector\pooling.py", line 654, in get_connection
    cnx = self._cnx_queue.get(block=False)
          ^^^^^^^^^^^^^^^^^^^^^^^^^^^^^^^^
  File "C:\Program Files\Python311\Lib\http\server.py", line 436, in handle
    self.handle_one_request()
  File "C:\Program Files\Python311\Lib\queue.py", line 168, in get
    raise Empty
  File "C:\Program Files\Python311\Lib\http\server.py", line 424, in handle_one_request
    method()
----------------------------------------
_queue.Empty
  File "C:\Anup\6gsimulation\sixgr_foundation_v2 (2)\apps\lls_web_dashboard.py", line 12676, in do_GET
    self.send_error(HTTPStatus.INTERNAL_SERVER_ERROR, str(exc))

The above exception was the direct cause of the following exception:

  File "C:\Program Files\Python311\Lib\http\server.py", line 491, in send_error
    self.wfile.write(body)
Traceback (most recent call last):
  File "C:\Program Files\Python311\Lib\socketserver.py", line 834, in write
    self._sock.sendall(b)
  File "C:\Anup\6gsimulation\sixgr_foundation_v2 (2)\apps\lls_web_dashboard.py", line 12654, in do_GET
    self.respond_json(build_live_payload(run_id))
                      ^^^^^^^^^^^^^^^^^^^^^^^^^^
ConnectionAbortedError: [WinError 10053] An established connection was aborted by the software in your host machine
  File "C:\Anup\6gsimulation\sixgr_foundation_v2 (2)\apps\lls_web_dashboard.py", line 7876, in build_live_payload
    contract_materializer.materialize_run_contract_artifacts(
----------------------------------------
  File "C:\Anup\6gsimulation\sixgr_foundation_v2 (2)\apps\lls_contract_materializer.py", line 1941, in materialize_run_contract_artifacts
    artifact_id = _store_artifact(
                  ^^^^^^^^^^^^^^^^
  File "C:\Anup\6gsimulation\sixgr_foundation_v2 (2)\apps\lls_contract_materializer.py", line 1678, in _store_artifact
    with db_connection_factory() as conn:
         ^^^^^^^^^^^^^^^^^^^^^^^
  File "C:\Anup\6gsimulation\sixgr_foundation_v2 (2)\apps\lls_web_dashboard.py", line 147, in db_connection
    return pool.get_connection()
           ^^^^^^^^^^^^^^^^^^^^^
  File "C:\Program Files\Python311\Lib\site-packages\mysql\connector\pooling.py", line 656, in get_connection
    raise PoolError("Failed getting connection; pool exhausted") from err
mysql.connector.errors.PoolError: Failed getting connection; pool exhausted

During handling of the above exception, another exception occurred:

Traceback (most recent call last):
  File "C:\Program Files\Python311\Lib\socketserver.py", line 691, in process_request_thread
    self.finish_request(request, client_address)
  File "C:\Program Files\Python311\Lib\socketserver.py", line 361, in finish_request
    self.RequestHandlerClass(request, client_address, self)
  File "C:\Program Files\Python311\Lib\socketserver.py", line 755, in __init__
    self.handle()
  File "C:\Program Files\Python311\Lib\http\server.py", line 436, in handle
    self.handle_one_request()
  File "C:\Program Files\Python311\Lib\http\server.py", line 424, in handle_one_request
    method()
  File "C:\Anup\6gsimulation\sixgr_foundation_v2 (2)\apps\lls_web_dashboard.py", line 12676, in do_GET
    self.send_error(HTTPStatus.INTERNAL_SERVER_ERROR, str(exc))
  File "C:\Program Files\Python311\Lib\http\server.py", line 491, in send_error
    self.wfile.write(body)
  File "C:\Program Files\Python311\Lib\socketserver.py", line 834, in write
    self._sock.sendall(b)
ConnectionAbortedError: [WinError 10053] An established connection was aborted by the software in your host machine
----------------------------------------
----------------------------------------
Exception occurred during processing of request from ('127.0.0.1', 61886)
----------------------------------------
Exception occurred during processing of request from ('127.0.0.1', 62511)
Traceback (most recent call last):
  File "C:\Program Files\Python311\Lib\site-packages\mysql\connector\pooling.py", line 654, in get_connection
    cnx = self._cnx_queue.get(block=False)
          ^^^^^^^^^^^^^^^^^^^^^^^^^^^^^^^^
  File "C:\Program Files\Python311\Lib\queue.py", line 168, in get
    raise Empty
_queue.Empty

The above exception was the direct cause of the following exception:

Traceback (most recent call last):
Traceback (most recent call last):
  File "C:\Anup\6gsimulation\sixgr_foundation_v2 (2)\apps\lls_web_dashboard.py", line 12522, in do_GET
    self.respond_html(
  File "C:\Anup\6gsimulation\sixgr_foundation_v2 (2)\apps\lls_web_dashboard.py", line 12654, in do_GET
    self.respond_json(build_live_payload(run_id))
                      ^^^^^^^^^^^^^^^^^^^^^^^^^^
  File "C:\Anup\6gsimulation\sixgr_foundation_v2 (2)\apps\lls_web_dashboard.py", line 12776, in respond_html
    self.wfile.write(payload)
  File "C:\Anup\6gsimulation\sixgr_foundation_v2 (2)\apps\lls_web_dashboard.py", line 7876, in build_live_payload
    contract_materializer.materialize_run_contract_artifacts(
  File "C:\Anup\6gsimulation\sixgr_foundation_v2 (2)\apps\lls_contract_materializer.py", line 1941, in materialize_run_contract_artifacts
    artifact_id = _store_artifact(
                  ^^^^^^^^^^^^^^^^
  File "C:\Program Files\Python311\Lib\socketserver.py", line 834, in write
    self._sock.sendall(b)
  File "C:\Anup\6gsimulation\sixgr_foundation_v2 (2)\apps\lls_contract_materializer.py", line 1678, in _store_artifact
    with db_connection_factory() as conn:
         ^^^^^^^^^^^^^^^^^^^^^^^
ConnectionAbortedError: [WinError 10053] An established connection was aborted by the software in your host machine
  File "C:\Anup\6gsimulation\sixgr_foundation_v2 (2)\apps\lls_web_dashboard.py", line 147, in db_connection
    return pool.get_connection()
           ^^^^^^^^^^^^^^^^^^^^^

During handling of the above exception, another exception occurred:

  File "C:\Program Files\Python311\Lib\site-packages\mysql\connector\pooling.py", line 656, in get_connection
    raise PoolError("Failed getting connection; pool exhausted") from err
Traceback (most recent call last):
mysql.connector.errors.PoolError: Failed getting connection; pool exhausted
  File "C:\Program Files\Python311\Lib\socketserver.py", line 691, in process_request_thread
    self.finish_request(request, client_address)

During handling of the above exception, another exception occurred:

  File "C:\Program Files\Python311\Lib\socketserver.py", line 361, in finish_request
    self.RequestHandlerClass(request, client_address, self)
Traceback (most recent call last):
  File "C:\Program Files\Python311\Lib\socketserver.py", line 755, in __init__
    self.handle()
  File "C:\Program Files\Python311\Lib\socketserver.py", line 691, in process_request_thread
    self.finish_request(request, client_address)
  File "C:\Program Files\Python311\Lib\http\server.py", line 436, in handle
    self.handle_one_request()
  File "C:\Program Files\Python311\Lib\socketserver.py", line 361, in finish_request
    self.RequestHandlerClass(request, client_address, self)
  File "C:\Program Files\Python311\Lib\http\server.py", line 424, in handle_one_request
    method()
  File "C:\Program Files\Python311\Lib\socketserver.py", line 755, in __init__
    self.handle()
  File "C:\Anup\6gsimulation\sixgr_foundation_v2 (2)\apps\lls_web_dashboard.py", line 12676, in do_GET
    self.send_error(HTTPStatus.INTERNAL_SERVER_ERROR, str(exc))
  File "C:\Program Files\Python311\Lib\http\server.py", line 436, in handle
    self.handle_one_request()
  File "C:\Program Files\Python311\Lib\http\server.py", line 488, in send_error
    self.end_headers()
  File "C:\Program Files\Python311\Lib\http\server.py", line 424, in handle_one_request
    method()
  File "C:\Program Files\Python311\Lib\http\server.py", line 538, in end_headers
    self.flush_headers()
  File "C:\Anup\6gsimulation\sixgr_foundation_v2 (2)\apps\lls_web_dashboard.py", line 12676, in do_GET
    self.send_error(HTTPStatus.INTERNAL_SERVER_ERROR, str(exc))
  File "C:\Program Files\Python311\Lib\http\server.py", line 542, in flush_headers
    self.wfile.write(b"".join(self._headers_buffer))
  File "C:\Program Files\Python311\Lib\http\server.py", line 491, in send_error
    self.wfile.write(body)
  File "C:\Program Files\Python311\Lib\socketserver.py", line 834, in write
    self._sock.sendall(b)
  File "C:\Program Files\Python311\Lib\socketserver.py", line 834, in write
    self._sock.sendall(b)
ConnectionAbortedError: [WinError 10053] An established connection was aborted by the software in your host machine
ConnectionAbortedError: [WinError 10053] An established connection was aborted by the software in your host machine
----------------------------------------
----------------------------------------
----------------------------------------
Exception occurred during processing of request from ('127.0.0.1', 62526)
Traceback (most recent call last):
  File "C:\Anup\6gsimulation\sixgr_foundation_v2 (2)\apps\lls_web_dashboard.py", line 12522, in do_GET
    self.respond_html(
  File "C:\Anup\6gsimulation\sixgr_foundation_v2 (2)\apps\lls_web_dashboard.py", line 12776, in respond_html
    self.wfile.write(payload)
  File "C:\Program Files\Python311\Lib\socketserver.py", line 834, in write
    self._sock.sendall(b)
ConnectionAbortedError: [WinError 10053] An established connection was aborted by the software in your host machine

During handling of the above exception, another exception occurred:

Traceback (most recent call last):
  File "C:\Program Files\Python311\Lib\socketserver.py", line 691, in process_request_thread
    self.finish_request(request, client_address)
  File "C:\Program Files\Python311\Lib\socketserver.py", line 361, in finish_request
    self.RequestHandlerClass(request, client_address, self)
  File "C:\Program Files\Python311\Lib\socketserver.py", line 755, in __init__
    self.handle()
  File "C:\Program Files\Python311\Lib\http\server.py", line 436, in handle
    self.handle_one_request()
  File "C:\Program Files\Python311\Lib\http\server.py", line 424, in handle_one_request
    method()
  File "C:\Anup\6gsimulation\sixgr_foundation_v2 (2)\apps\lls_web_dashboard.py", line 12676, in do_GET
    self.send_error(HTTPStatus.INTERNAL_SERVER_ERROR, str(exc))
  File "C:\Program Files\Python311\Lib\http\server.py", line 488, in send_error
    self.end_headers()
  File "C:\Program Files\Python311\Lib\http\server.py", line 538, in end_headers
    self.flush_headers()
  File "C:\Program Files\Python311\Lib\http\server.py", line 542, in flush_headers
    self.wfile.write(b"".join(self._headers_buffer))
  File "C:\Program Files\Python311\Lib\socketserver.py", line 834, in write
    self._sock.sendall(b)
ConnectionAbortedError: [WinError 10053] An established connection was aborted by the software in your host machine
----------------------------------------
----------------------------------------
Exception occurred during processing of request from ('127.0.0.1', 61899)
Traceback (most recent call last):
  File "C:\Program Files\Python311\Lib\site-packages\mysql\connector\pooling.py", line 654, in get_connection
    cnx = self._cnx_queue.get(block=False)
          ^^^^^^^^^^^^^^^^^^^^^^^^^^^^^^^^
  File "C:\Program Files\Python311\Lib\queue.py", line 168, in get
    raise Empty
_queue.Empty

The above exception was the direct cause of the following exception:

Traceback (most recent call last):
  File "C:\Anup\6gsimulation\sixgr_foundation_v2 (2)\apps\lls_web_dashboard.py", line 12654, in do_GET
    self.respond_json(build_live_payload(run_id))
                      ^^^^^^^^^^^^^^^^^^^^^^^^^^
  File "C:\Anup\6gsimulation\sixgr_foundation_v2 (2)\apps\lls_web_dashboard.py", line 7876, in build_live_payload
    contract_materializer.materialize_run_contract_artifacts(
  File "C:\Anup\6gsimulation\sixgr_foundation_v2 (2)\apps\lls_contract_materializer.py", line 1941, in materialize_run_contract_artifacts
    artifact_id = _store_artifact(
                  ^^^^^^^^^^^^^^^^
  File "C:\Anup\6gsimulation\sixgr_foundation_v2 (2)\apps\lls_contract_materializer.py", line 1678, in _store_artifact
    with db_connection_factory() as conn:
         ^^^^^^^^^^^^^^^^^^^^^^^
  File "C:\Anup\6gsimulation\sixgr_foundation_v2 (2)\apps\lls_web_dashboard.py", line 147, in db_connection
    return pool.get_connection()
           ^^^^^^^^^^^^^^^^^^^^^
  File "C:\Program Files\Python311\Lib\site-packages\mysql\connector\pooling.py", line 656, in get_connection
    raise PoolError("Failed getting connection; pool exhausted") from err
mysql.connector.errors.PoolError: Failed getting connection; pool exhausted

During handling of the above exception, another exception occurred:

Traceback (most recent call last):
  File "C:\Program Files\Python311\Lib\socketserver.py", line 691, in process_request_thread
    self.finish_request(request, client_address)
  File "C:\Program Files\Python311\Lib\socketserver.py", line 361, in finish_request
    self.RequestHandlerClass(request, client_address, self)
  File "C:\Program Files\Python311\Lib\socketserver.py", line 755, in __init__
    self.handle()
  File "C:\Program Files\Python311\Lib\http\server.py", line 436, in handle
    self.handle_one_request()
  File "C:\Program Files\Python311\Lib\http\server.py", line 424, in handle_one_request
    method()
  File "C:\Anup\6gsimulation\sixgr_foundation_v2 (2)\apps\lls_web_dashboard.py", line 12676, in do_GET
    self.send_error(HTTPStatus.INTERNAL_SERVER_ERROR, str(exc))
  File "C:\Program Files\Python311\Lib\http\server.py", line 491, in send_error
    self.wfile.write(body)
  File "C:\Program Files\Python311\Lib\socketserver.py", line 834, in write
    self._sock.sendall(b)
ConnectionAbortedError: [WinError 10053] An established connection was aborted by the software in your host machine
----------------------------------------
----------------------------------------
Exception occurred during processing of request from ('127.0.0.1', 62515)
Traceback (most recent call last):
  File "C:\Program Files\Python311\Lib\site-packages\mysql\connector\pooling.py", line 654, in get_connection
    cnx = self._cnx_queue.get(block=False)
          ^^^^^^^^^^^^^^^^^^^^^^^^^^^^^^^^
  File "C:\Program Files\Python311\Lib\queue.py", line 168, in get
    raise Empty
_queue.Empty

The above exception was the direct cause of the following exception:

Traceback (most recent call last):
  File "C:\Anup\6gsimulation\sixgr_foundation_v2 (2)\apps\lls_web_dashboard.py", line 12654, in do_GET
    self.respond_json(build_live_payload(run_id))
                      ^^^^^^^^^^^^^^^^^^^^^^^^^^
  File "C:\Anup\6gsimulation\sixgr_foundation_v2 (2)\apps\lls_web_dashboard.py", line 7876, in build_live_payload
    contract_materializer.materialize_run_contract_artifacts(
  File "C:\Anup\6gsimulation\sixgr_foundation_v2 (2)\apps\lls_contract_materializer.py", line 1841, in materialize_run_contract_artifacts
    contract_owned_paths = _contract_owned_paths(artifacts, db_connection_factory)
                           ^^^^^^^^^^^^^^^^^^^^^^^^^^^^^^^^^^^^^^^^^^^^^^^^^^^^^^^
  File "C:\Anup\6gsimulation\sixgr_foundation_v2 (2)\apps\lls_contract_materializer.py", line 857, in _contract_owned_paths
    if _artifact_is_contract_owned(artifact, db_connection_factory):
       ^^^^^^^^^^^^^^^^^^^^^^^^^^^^^^^^^^^^^^^^^^^^^^^^^^^^^^^^^^^^
  File "C:\Anup\6gsimulation\sixgr_foundation_v2 (2)\apps\lls_contract_materializer.py", line 840, in _artifact_is_contract_owned
    payload = _artifact_metadata_json(artifact, db_connection_factory)
              ^^^^^^^^^^^^^^^^^^^^^^^^^^^^^^^^^^^^^^^^^^^^^^^^^^^^^^^^
----------------------------------------
----------------------------------------
Exception occurred during processing of request from ('127.0.0.1', 62502)
  File "C:\Anup\6gsimulation\sixgr_foundation_v2 (2)\apps\lls_contract_materializer.py", line 1739, in _artifact_metadata_json
    with db_connection_factory() as conn:
         ^^^^^^^^^^^^^^^^^^^^^^^
----------------------------------------
  File "C:\Anup\6gsimulation\sixgr_foundation_v2 (2)\apps\lls_web_dashboard.py", line 147, in db_connection
    return pool.get_connection()
           ^^^^^^^^^^^^^^^^^^^^^
Exception occurred during processing of request from ('127.0.0.1', 62500)
Exception occurred during processing of request from ('127.0.0.1', 62521)
Traceback (most recent call last):
  File "C:\Program Files\Python311\Lib\site-packages\mysql\connector\pooling.py", line 656, in get_connection
    raise PoolError("Failed getting connection; pool exhausted") from err
Traceback (most recent call last):
mysql.connector.errors.PoolError: Failed getting connection; pool exhausted
  File "C:\Program Files\Python311\Lib\site-packages\mysql\connector\pooling.py", line 654, in get_connection
    cnx = self._cnx_queue.get(block=False)
          ^^^^^^^^^^^^^^^^^^^^^^^^^^^^^^^^
  File "C:\Program Files\Python311\Lib\queue.py", line 168, in get
    raise Empty
  File "C:\Program Files\Python311\Lib\site-packages\mysql\connector\pooling.py", line 654, in get_connection
    cnx = self._cnx_queue.get(block=False)
          ^^^^^^^^^^^^^^^^^^^^^^^^^^^^^^^^
Traceback (most recent call last):
  File "C:\Program Files\Python311\Lib\queue.py", line 168, in get
    raise Empty
_queue.Empty
_queue.Empty
  File "C:\Program Files\Python311\Lib\site-packages\mysql\connector\pooling.py", line 654, in get_connection
    cnx = self._cnx_queue.get(block=False)
          ^^^^^^^^^^^^^^^^^^^^^^^^^^^^^^^^
  File "C:\Program Files\Python311\Lib\queue.py", line 168, in get
    raise Empty

The above exception was the direct cause of the following exception:


During handling of the above exception, another exception occurred:


The above exception was the direct cause of the following exception:

Traceback (most recent call last):
Traceback (most recent call last):
Traceback (most recent call last):
_queue.Empty
  File "C:\Anup\6gsimulation\sixgr_foundation_v2 (2)\apps\lls_web_dashboard.py", line 12654, in do_GET
    self.respond_json(build_live_payload(run_id))
                      ^^^^^^^^^^^^^^^^^^^^^^^^^^
  File "C:\Anup\6gsimulation\sixgr_foundation_v2 (2)\apps\lls_web_dashboard.py", line 12654, in do_GET
    self.respond_json(build_live_payload(run_id))
                      ^^^^^^^^^^^^^^^^^^^^^^^^^^
  File "C:\Anup\6gsimulation\sixgr_foundation_v2 (2)\apps\lls_web_dashboard.py", line 7876, in build_live_payload
    contract_materializer.materialize_run_contract_artifacts(

The above exception was the direct cause of the following exception:

  File "C:\Program Files\Python311\Lib\socketserver.py", line 691, in process_request_thread
    self.finish_request(request, client_address)
  File "C:\Anup\6gsimulation\sixgr_foundation_v2 (2)\apps\lls_web_dashboard.py", line 7876, in build_live_payload
    contract_materializer.materialize_run_contract_artifacts(
  File "C:\Anup\6gsimulation\sixgr_foundation_v2 (2)\apps\lls_contract_materializer.py", line 1841, in materialize_run_contract_artifacts
    contract_owned_paths = _contract_owned_paths(artifacts, db_connection_factory)
                           ^^^^^^^^^^^^^^^^^^^^^^^^^^^^^^^^^^^^^^^^^^^^^^^^^^^^^^^
Traceback (most recent call last):
  File "C:\Program Files\Python311\Lib\socketserver.py", line 361, in finish_request
    self.RequestHandlerClass(request, client_address, self)
  File "C:\Anup\6gsimulation\sixgr_foundation_v2 (2)\apps\lls_contract_materializer.py", line 1841, in materialize_run_contract_artifacts
    contract_owned_paths = _contract_owned_paths(artifacts, db_connection_factory)
                           ^^^^^^^^^^^^^^^^^^^^^^^^^^^^^^^^^^^^^^^^^^^^^^^^^^^^^^^
  File "C:\Anup\6gsimulation\sixgr_foundation_v2 (2)\apps\lls_contract_materializer.py", line 857, in _contract_owned_paths
    if _artifact_is_contract_owned(artifact, db_connection_factory):
       ^^^^^^^^^^^^^^^^^^^^^^^^^^^^^^^^^^^^^^^^^^^^^^^^^^^^^^^^^^^^
  File "C:\Anup\6gsimulation\sixgr_foundation_v2 (2)\apps\lls_web_dashboard.py", line 12654, in do_GET
    self.respond_json(build_live_payload(run_id))
                      ^^^^^^^^^^^^^^^^^^^^^^^^^^
  File "C:\Program Files\Python311\Lib\socketserver.py", line 755, in __init__
    self.handle()
  File "C:\Anup\6gsimulation\sixgr_foundation_v2 (2)\apps\lls_contract_materializer.py", line 857, in _contract_owned_paths
    if _artifact_is_contract_owned(artifact, db_connection_factory):
       ^^^^^^^^^^^^^^^^^^^^^^^^^^^^^^^^^^^^^^^^^^^^^^^^^^^^^^^^^^^^
  File "C:\Anup\6gsimulation\sixgr_foundation_v2 (2)\apps\lls_contract_materializer.py", line 840, in _artifact_is_contract_owned
    payload = _artifact_metadata_json(artifact, db_connection_factory)
              ^^^^^^^^^^^^^^^^^^^^^^^^^^^^^^^^^^^^^^^^^^^^^^^^^^^^^^^^
  File "C:\Anup\6gsimulation\sixgr_foundation_v2 (2)\apps\lls_contract_materializer.py", line 1739, in _artifact_metadata_json
    with db_connection_factory() as conn:
         ^^^^^^^^^^^^^^^^^^^^^^^
  File "C:\Anup\6gsimulation\sixgr_foundation_v2 (2)\apps\lls_web_dashboard.py", line 147, in db_connection
    return pool.get_connection()
           ^^^^^^^^^^^^^^^^^^^^^
  File "C:\Program Files\Python311\Lib\site-packages\mysql\connector\pooling.py", line 656, in get_connection
    raise PoolError("Failed getting connection; pool exhausted") from err
mysql.connector.errors.PoolError: Failed getting connection; pool exhausted
  File "C:\Anup\6gsimulation\sixgr_foundation_v2 (2)\apps\lls_web_dashboard.py", line 7876, in build_live_payload
    contract_materializer.materialize_run_contract_artifacts(
  File "C:\Program Files\Python311\Lib\http\server.py", line 436, in handle
    self.handle_one_request()
  File "C:\Anup\6gsimulation\sixgr_foundation_v2 (2)\apps\lls_contract_materializer.py", line 840, in _artifact_is_contract_owned
    payload = _artifact_metadata_json(artifact, db_connection_factory)
              ^^^^^^^^^^^^^^^^^^^^^^^^^^^^^^^^^^^^^^^^^^^^^^^^^^^^^^^^
  File "C:\Anup\6gsimulation\sixgr_foundation_v2 (2)\apps\lls_contract_materializer.py", line 1739, in _artifact_metadata_json
    with db_connection_factory() as conn:
         ^^^^^^^^^^^^^^^^^^^^^^^
  File "C:\Anup\6gsimulation\sixgr_foundation_v2 (2)\apps\lls_contract_materializer.py", line 1841, in materialize_run_contract_artifacts
    contract_owned_paths = _contract_owned_paths(artifacts, db_connection_factory)
                           ^^^^^^^^^^^^^^^^^^^^^^^^^^^^^^^^^^^^^^^^^^^^^^^^^^^^^^^
  File "C:\Program Files\Python311\Lib\http\server.py", line 424, in handle_one_request
    method()

During handling of the above exception, another exception occurred:

  File "C:\Anup\6gsimulation\sixgr_foundation_v2 (2)\apps\lls_web_dashboard.py", line 147, in db_connection
    return pool.get_connection()
           ^^^^^^^^^^^^^^^^^^^^^
----------------------------------------
Exception occurred during processing of request from ('127.0.0.1', 62498)
  File "C:\Program Files\Python311\Lib\site-packages\mysql\connector\pooling.py", line 656, in get_connection
    raise PoolError("Failed getting connection; pool exhausted") from err
mysql.connector.errors.PoolError: Failed getting connection; pool exhausted

During handling of the above exception, another exception occurred:

  File "C:\Anup\6gsimulation\sixgr_foundation_v2 (2)\apps\lls_web_dashboard.py", line 12676, in do_GET
    self.send_error(HTTPStatus.INTERNAL_SERVER_ERROR, str(exc))
  File "C:\Anup\6gsimulation\sixgr_foundation_v2 (2)\apps\lls_contract_materializer.py", line 857, in _contract_owned_paths
    if _artifact_is_contract_owned(artifact, db_connection_factory):
       ^^^^^^^^^^^^^^^^^^^^^^^^^^^^^^^^^^^^^^^^^^^^^^^^^^^^^^^^^^^^
Traceback (most recent call last):
  File "C:\Program Files\Python311\Lib\http\server.py", line 491, in send_error
    self.wfile.write(body)
  File "C:\Anup\6gsimulation\sixgr_foundation_v2 (2)\apps\lls_contract_materializer.py", line 840, in _artifact_is_contract_owned
    payload = _artifact_metadata_json(artifact, db_connection_factory)
              ^^^^^^^^^^^^^^^^^^^^^^^^^^^^^^^^^^^^^^^^^^^^^^^^^^^^^^^^
  File "C:\Program Files\Python311\Lib\socketserver.py", line 691, in process_request_thread
    self.finish_request(request, client_address)
  File "C:\Program Files\Python311\Lib\socketserver.py", line 834, in write
    self._sock.sendall(b)
  File "C:\Anup\6gsimulation\sixgr_foundation_v2 (2)\apps\lls_contract_materializer.py", line 1739, in _artifact_metadata_json
    with db_connection_factory() as conn:
         ^^^^^^^^^^^^^^^^^^^^^^^
  File "C:\Program Files\Python311\Lib\socketserver.py", line 361, in finish_request
    self.RequestHandlerClass(request, client_address, self)
ConnectionAbortedError: [WinError 10053] An established connection was aborted by the software in your host machine
  File "C:\Anup\6gsimulation\sixgr_foundation_v2 (2)\apps\lls_web_dashboard.py", line 147, in db_connection
    return pool.get_connection()
           ^^^^^^^^^^^^^^^^^^^^^
  File "C:\Program Files\Python311\Lib\socketserver.py", line 755, in __init__
    self.handle()
----------------------------------------
  File "C:\Program Files\Python311\Lib\site-packages\mysql\connector\pooling.py", line 656, in get_connection
    raise PoolError("Failed getting connection; pool exhausted") from err
  File "C:\Program Files\Python311\Lib\http\server.py", line 436, in handle
    self.handle_one_request()
Traceback (most recent call last):
Traceback (most recent call last):
mysql.connector.errors.PoolError: Failed getting connection; pool exhausted
  File "C:\Program Files\Python311\Lib\http\server.py", line 424, in handle_one_request
    method()
  File "C:\Program Files\Python311\Lib\socketserver.py", line 691, in process_request_thread
    self.finish_request(request, client_address)
  File "C:\Program Files\Python311\Lib\site-packages\mysql\connector\pooling.py", line 654, in get_connection
    cnx = self._cnx_queue.get(block=False)
          ^^^^^^^^^^^^^^^^^^^^^^^^^^^^^^^^

During handling of the above exception, another exception occurred:

  File "C:\Anup\6gsimulation\sixgr_foundation_v2 (2)\apps\lls_web_dashboard.py", line 12676, in do_GET
    self.send_error(HTTPStatus.INTERNAL_SERVER_ERROR, str(exc))
  File "C:\Program Files\Python311\Lib\socketserver.py", line 361, in finish_request
    self.RequestHandlerClass(request, client_address, self)
  File "C:\Program Files\Python311\Lib\queue.py", line 168, in get
    raise Empty
Traceback (most recent call last):
  File "C:\Program Files\Python311\Lib\http\server.py", line 491, in send_error
    self.wfile.write(body)
  File "C:\Program Files\Python311\Lib\socketserver.py", line 755, in __init__
    self.handle()
_queue.Empty

The above exception was the direct cause of the following exception:

Traceback (most recent call last):
  File "C:\Program Files\Python311\Lib\http\server.py", line 436, in handle
    self.handle_one_request()
  File "C:\Program Files\Python311\Lib\socketserver.py", line 691, in process_request_thread
    self.finish_request(request, client_address)
  File "C:\Program Files\Python311\Lib\socketserver.py", line 834, in write
    self._sock.sendall(b)
ConnectionAbortedError: [WinError 10053] An established connection was aborted by the software in your host machine
  File "C:\Program Files\Python311\Lib\http\server.py", line 424, in handle_one_request
    method()
  File "C:\Program Files\Python311\Lib\socketserver.py", line 361, in finish_request
    self.RequestHandlerClass(request, client_address, self)
  File "C:\Anup\6gsimulation\sixgr_foundation_v2 (2)\apps\lls_web_dashboard.py", line 12654, in do_GET
    self.respond_json(build_live_payload(run_id))
                      ^^^^^^^^^^^^^^^^^^^^^^^^^^
----------------------------------------
  File "C:\Anup\6gsimulation\sixgr_foundation_v2 (2)\apps\lls_web_dashboard.py", line 12676, in do_GET
    self.send_error(HTTPStatus.INTERNAL_SERVER_ERROR, str(exc))
  File "C:\Program Files\Python311\Lib\http\server.py", line 491, in send_error
    self.wfile.write(body)
  File "C:\Program Files\Python311\Lib\socketserver.py", line 834, in write
    self._sock.sendall(b)
  File "C:\Anup\6gsimulation\sixgr_foundation_v2 (2)\apps\lls_web_dashboard.py", line 7876, in build_live_payload
    contract_materializer.materialize_run_contract_artifacts(
ConnectionAbortedError: [WinError 10053] An established connection was aborted by the software in your host machine
  File "C:\Anup\6gsimulation\sixgr_foundation_v2 (2)\apps\lls_contract_materializer.py", line 1841, in materialize_run_contract_artifacts
    contract_owned_paths = _contract_owned_paths(artifacts, db_connection_factory)
                           ^^^^^^^^^^^^^^^^^^^^^^^^^^^^^^^^^^^^^^^^^^^^^^^^^^^^^^^
----------------------------------------
  File "C:\Anup\6gsimulation\sixgr_foundation_v2 (2)\apps\lls_contract_materializer.py", line 857, in _contract_owned_paths
    if _artifact_is_contract_owned(artifact, db_connection_factory):
       ^^^^^^^^^^^^^^^^^^^^^^^^^^^^^^^^^^^^^^^^^^^^^^^^^^^^^^^^^^^^
  File "C:\Program Files\Python311\Lib\socketserver.py", line 755, in __init__
    self.handle()
  File "C:\Anup\6gsimulation\sixgr_foundation_v2 (2)\apps\lls_contract_materializer.py", line 840, in _artifact_is_contract_owned
    payload = _artifact_metadata_json(artifact, db_connection_factory)
              ^^^^^^^^^^^^^^^^^^^^^^^^^^^^^^^^^^^^^^^^^^^^^^^^^^^^^^^^
  File "C:\Program Files\Python311\Lib\http\server.py", line 436, in handle
    self.handle_one_request()
  File "C:\Anup\6gsimulation\sixgr_foundation_v2 (2)\apps\lls_contract_materializer.py", line 1739, in _artifact_metadata_json
    with db_connection_factory() as conn:
         ^^^^^^^^^^^^^^^^^^^^^^^
  File "C:\Anup\6gsimulation\sixgr_foundation_v2 (2)\apps\lls_web_dashboard.py", line 147, in db_connection
    return pool.get_connection()
           ^^^^^^^^^^^^^^^^^^^^^
  File "C:\Program Files\Python311\Lib\http\server.py", line 424, in handle_one_request
    method()
  File "C:\Program Files\Python311\Lib\site-packages\mysql\connector\pooling.py", line 656, in get_connection
    raise PoolError("Failed getting connection; pool exhausted") from err
  File "C:\Anup\6gsimulation\sixgr_foundation_v2 (2)\apps\lls_web_dashboard.py", line 12676, in do_GET
    self.send_error(HTTPStatus.INTERNAL_SERVER_ERROR, str(exc))
mysql.connector.errors.PoolError: Failed getting connection; pool exhausted
  File "C:\Program Files\Python311\Lib\http\server.py", line 491, in send_error
    self.wfile.write(body)
  File "C:\Program Files\Python311\Lib\socketserver.py", line 834, in write
    self._sock.sendall(b)

During handling of the above exception, another exception occurred:

ConnectionAbortedError: [WinError 10053] An established connection was aborted by the software in your host machine
Traceback (most recent call last):
----------------------------------------
  File "C:\Program Files\Python311\Lib\socketserver.py", line 691, in process_request_thread
    self.finish_request(request, client_address)
----------------------------------------
  File "C:\Program Files\Python311\Lib\socketserver.py", line 361, in finish_request
    self.RequestHandlerClass(request, client_address, self)
Exception occurred during processing of request from ('127.0.0.1', 62513)
  File "C:\Program Files\Python311\Lib\socketserver.py", line 755, in __init__
    self.handle()
Traceback (most recent call last):
  File "C:\Program Files\Python311\Lib\http\server.py", line 436, in handle
    self.handle_one_request()
  File "C:\Program Files\Python311\Lib\site-packages\mysql\connector\pooling.py", line 654, in get_connection
    cnx = self._cnx_queue.get(block=False)
          ^^^^^^^^^^^^^^^^^^^^^^^^^^^^^^^^
  File "C:\Program Files\Python311\Lib\http\server.py", line 424, in handle_one_request
    method()
  File "C:\Program Files\Python311\Lib\queue.py", line 168, in get
    raise Empty
  File "C:\Anup\6gsimulation\sixgr_foundation_v2 (2)\apps\lls_web_dashboard.py", line 12676, in do_GET
    self.send_error(HTTPStatus.INTERNAL_SERVER_ERROR, str(exc))
_queue.Empty
  File "C:\Program Files\Python311\Lib\http\server.py", line 491, in send_error
    self.wfile.write(body)

The above exception was the direct cause of the following exception:

  File "C:\Program Files\Python311\Lib\socketserver.py", line 834, in write
    self._sock.sendall(b)
Traceback (most recent call last):
ConnectionAbortedError: [WinError 10053] An established connection was aborted by the software in your host machine
  File "C:\Anup\6gsimulation\sixgr_foundation_v2 (2)\apps\lls_web_dashboard.py", line 12654, in do_GET
    self.respond_json(build_live_payload(run_id))
                      ^^^^^^^^^^^^^^^^^^^^^^^^^^
----------------------------------------
  File "C:\Anup\6gsimulation\sixgr_foundation_v2 (2)\apps\lls_web_dashboard.py", line 7876, in build_live_payload
    contract_materializer.materialize_run_contract_artifacts(
  File "C:\Anup\6gsimulation\sixgr_foundation_v2 (2)\apps\lls_contract_materializer.py", line 1841, in materialize_run_contract_artifacts
    contract_owned_paths = _contract_owned_paths(artifacts, db_connection_factory)
                           ^^^^^^^^^^^^^^^^^^^^^^^^^^^^^^^^^^^^^^^^^^^^^^^^^^^^^^^
  File "C:\Anup\6gsimulation\sixgr_foundation_v2 (2)\apps\lls_contract_materializer.py", line 857, in _contract_owned_paths
    if _artifact_is_contract_owned(artifact, db_connection_factory):
       ^^^^^^^^^^^^^^^^^^^^^^^^^^^^^^^^^^^^^^^^^^^^^^^^^^^^^^^^^^^^
  File "C:\Anup\6gsimulation\sixgr_foundation_v2 (2)\apps\lls_contract_materializer.py", line 840, in _artifact_is_contract_owned
    payload = _artifact_metadata_json(artifact, db_connection_factory)
              ^^^^^^^^^^^^^^^^^^^^^^^^^^^^^^^^^^^^^^^^^^^^^^^^^^^^^^^^
  File "C:\Anup\6gsimulation\sixgr_foundation_v2 (2)\apps\lls_contract_materializer.py", line 1739, in _artifact_metadata_json
    with db_connection_factory() as conn:
         ^^^^^^^^^^^^^^^^^^^^^^^
  File "C:\Anup\6gsimulation\sixgr_foundation_v2 (2)\apps\lls_web_dashboard.py", line 147, in db_connection
    return pool.get_connection()
           ^^^^^^^^^^^^^^^^^^^^^
  File "C:\Program Files\Python311\Lib\site-packages\mysql\connector\pooling.py", line 656, in get_connection
    raise PoolError("Failed getting connection; pool exhausted") from err
mysql.connector.errors.PoolError: Failed getting connection; pool exhausted

During handling of the above exception, another exception occurred:

Traceback (most recent call last):
  File "C:\Program Files\Python311\Lib\socketserver.py", line 691, in process_request_thread
    self.finish_request(request, client_address)
  File "C:\Program Files\Python311\Lib\socketserver.py", line 361, in finish_request
    self.RequestHandlerClass(request, client_address, self)
  File "C:\Program Files\Python311\Lib\socketserver.py", line 755, in __init__
    self.handle()
  File "C:\Program Files\Python311\Lib\http\server.py", line 436, in handle
    self.handle_one_request()
  File "C:\Program Files\Python311\Lib\http\server.py", line 424, in handle_one_request
    method()
  File "C:\Anup\6gsimulation\sixgr_foundation_v2 (2)\apps\lls_web_dashboard.py", line 12676, in do_GET
    self.send_error(HTTPStatus.INTERNAL_SERVER_ERROR, str(exc))
  File "C:\Program Files\Python311\Lib\http\server.py", line 491, in send_error
    self.wfile.write(body)
  File "C:\Program Files\Python311\Lib\socketserver.py", line 834, in write
    self._sock.sendall(b)
ConnectionAbortedError: [WinError 10053] An established connection was aborted by the software in your host machine
----------------------------------------
----------------------------------------
Exception occurred during processing of request from ('127.0.0.1', 62605)
Traceback (most recent call last):
  File "C:\Program Files\Python311\Lib\site-packages\mysql\connector\pooling.py", line 654, in get_connection
    cnx = self._cnx_queue.get(block=False)
          ^^^^^^^^^^^^^^^^^^^^^^^^^^^^^^^^
  File "C:\Program Files\Python311\Lib\queue.py", line 168, in get
    raise Empty
_queue.Empty

The above exception was the direct cause of the following exception:

Traceback (most recent call last):
  File "C:\Anup\6gsimulation\sixgr_foundation_v2 (2)\apps\lls_web_dashboard.py", line 12654, in do_GET
    self.respond_json(build_live_payload(run_id))
                      ^^^^^^^^^^^^^^^^^^^^^^^^^^
  File "C:\Anup\6gsimulation\sixgr_foundation_v2 (2)\apps\lls_web_dashboard.py", line 7876, in build_live_payload
    contract_materializer.materialize_run_contract_artifacts(
  File "C:\Anup\6gsimulation\sixgr_foundation_v2 (2)\apps\lls_contract_materializer.py", line 1841, in materialize_run_contract_artifacts
    contract_owned_paths = _contract_owned_paths(artifacts, db_connection_factory)
                           ^^^^^^^^^^^^^^^^^^^^^^^^^^^^^^^^^^^^^^^^^^^^^^^^^^^^^^^
  File "C:\Anup\6gsimulation\sixgr_foundation_v2 (2)\apps\lls_contract_materializer.py", line 857, in _contract_owned_paths
    if _artifact_is_contract_owned(artifact, db_connection_factory):
       ^^^^^^^^^^^^^^^^^^^^^^^^^^^^^^^^^^^^^^^^^^^^^^^^^^^^^^^^^^^^
  File "C:\Anup\6gsimulation\sixgr_foundation_v2 (2)\apps\lls_contract_materializer.py", line 840, in _artifact_is_contract_owned
    payload = _artifact_metadata_json(artifact, db_connection_factory)
              ^^^^^^^^^^^^^^^^^^^^^^^^^^^^^^^^^^^^^^^^^^^^^^^^^^^^^^^^
  File "C:\Anup\6gsimulation\sixgr_foundation_v2 (2)\apps\lls_contract_materializer.py", line 1739, in _artifact_metadata_json
    with db_connection_factory() as conn:
         ^^^^^^^^^^^^^^^^^^^^^^^
----------------------------------------
  File "C:\Anup\6gsimulation\sixgr_foundation_v2 (2)\apps\lls_web_dashboard.py", line 147, in db_connection
    return pool.get_connection()
           ^^^^^^^^^^^^^^^^^^^^^
Exception occurred during processing of request from ('127.0.0.1', 62592)
  File "C:\Program Files\Python311\Lib\site-packages\mysql\connector\pooling.py", line 656, in get_connection
    raise PoolError("Failed getting connection; pool exhausted") from err
mysql.connector.errors.PoolError: Failed getting connection; pool exhausted

During handling of the above exception, another exception occurred:

Traceback (most recent call last):
  File "C:\Program Files\Python311\Lib\socketserver.py", line 691, in process_request_thread
    self.finish_request(request, client_address)
  File "C:\Program Files\Python311\Lib\socketserver.py", line 361, in finish_request
    self.RequestHandlerClass(request, client_address, self)
  File "C:\Program Files\Python311\Lib\socketserver.py", line 755, in __init__
    self.handle()
  File "C:\Program Files\Python311\Lib\http\server.py", line 436, in handle
    self.handle_one_request()
  File "C:\Program Files\Python311\Lib\http\server.py", line 424, in handle_one_request
    method()
  File "C:\Anup\6gsimulation\sixgr_foundation_v2 (2)\apps\lls_web_dashboard.py", line 12676, in do_GET
    self.send_error(HTTPStatus.INTERNAL_SERVER_ERROR, str(exc))
  File "C:\Program Files\Python311\Lib\http\server.py", line 491, in send_error
    self.wfile.write(body)
Traceback (most recent call last):
  File "C:\Program Files\Python311\Lib\socketserver.py", line 834, in write
    self._sock.sendall(b)
  File "C:\Program Files\Python311\Lib\site-packages\mysql\connector\pooling.py", line 654, in get_connection
    cnx = self._cnx_queue.get(block=False)
          ^^^^^^^^^^^^^^^^^^^^^^^^^^^^^^^^
ConnectionAbortedError: [WinError 10053] An established connection was aborted by the software in your host machine
  File "C:\Program Files\Python311\Lib\queue.py", line 168, in get
    raise Empty
----------------------------------------
_queue.Empty
----------------------------------------

The above exception was the direct cause of the following exception:

Exception occurred during processing of request from ('127.0.0.1', 62599)
Traceback (most recent call last):
  File "C:\Anup\6gsimulation\sixgr_foundation_v2 (2)\apps\lls_web_dashboard.py", line 12654, in do_GET
    self.respond_json(build_live_payload(run_id))
                      ^^^^^^^^^^^^^^^^^^^^^^^^^^
  File "C:\Anup\6gsimulation\sixgr_foundation_v2 (2)\apps\lls_web_dashboard.py", line 7876, in build_live_payload
    contract_materializer.materialize_run_contract_artifacts(
  File "C:\Anup\6gsimulation\sixgr_foundation_v2 (2)\apps\lls_contract_materializer.py", line 1841, in materialize_run_contract_artifacts
    contract_owned_paths = _contract_owned_paths(artifacts, db_connection_factory)
                           ^^^^^^^^^^^^^^^^^^^^^^^^^^^^^^^^^^^^^^^^^^^^^^^^^^^^^^^
----------------------------------------
  File "C:\Anup\6gsimulation\sixgr_foundation_v2 (2)\apps\lls_contract_materializer.py", line 857, in _contract_owned_paths
    if _artifact_is_contract_owned(artifact, db_connection_factory):
       ^^^^^^^^^^^^^^^^^^^^^^^^^^^^^^^^^^^^^^^^^^^^^^^^^^^^^^^^^^^^
Exception occurred during processing of request from ('127.0.0.1', 62519)
  File "C:\Anup\6gsimulation\sixgr_foundation_v2 (2)\apps\lls_contract_materializer.py", line 840, in _artifact_is_contract_owned
    payload = _artifact_metadata_json(artifact, db_connection_factory)
              ^^^^^^^^^^^^^^^^^^^^^^^^^^^^^^^^^^^^^^^^^^^^^^^^^^^^^^^^
----------------------------------------
Traceback (most recent call last):
Traceback (most recent call last):
  File "C:\Anup\6gsimulation\sixgr_foundation_v2 (2)\apps\lls_contract_materializer.py", line 1739, in _artifact_metadata_json
    with db_connection_factory() as conn:
         ^^^^^^^^^^^^^^^^^^^^^^^
Exception occurred during processing of request from ('127.0.0.1', 62596)
  File "C:\Program Files\Python311\Lib\site-packages\mysql\connector\pooling.py", line 654, in get_connection
    cnx = self._cnx_queue.get(block=False)
          ^^^^^^^^^^^^^^^^^^^^^^^^^^^^^^^^
  File "C:\Program Files\Python311\Lib\queue.py", line 168, in get
    raise Empty
_queue.Empty
  File "C:\Program Files\Python311\Lib\site-packages\mysql\connector\pooling.py", line 654, in get_connection
    cnx = self._cnx_queue.get(block=False)
          ^^^^^^^^^^^^^^^^^^^^^^^^^^^^^^^^
  File "C:\Anup\6gsimulation\sixgr_foundation_v2 (2)\apps\lls_web_dashboard.py", line 147, in db_connection
    return pool.get_connection()
           ^^^^^^^^^^^^^^^^^^^^^
----------------------------------------
Exception occurred during processing of request from ('127.0.0.1', 61902)
  File "C:\Program Files\Python311\Lib\site-packages\mysql\connector\pooling.py", line 656, in get_connection
    raise PoolError("Failed getting connection; pool exhausted") from err

The above exception was the direct cause of the following exception:

  File "C:\Program Files\Python311\Lib\queue.py", line 168, in get
    raise Empty
Traceback (most recent call last):
mysql.connector.errors.PoolError: Failed getting connection; pool exhausted
Traceback (most recent call last):
  File "C:\Program Files\Python311\Lib\site-packages\mysql\connector\pooling.py", line 654, in get_connection
    cnx = self._cnx_queue.get(block=False)
          ^^^^^^^^^^^^^^^^^^^^^^^^^^^^^^^^

During handling of the above exception, another exception occurred:

  File "C:\Program Files\Python311\Lib\site-packages\mysql\connector\pooling.py", line 654, in get_connection
    cnx = self._cnx_queue.get(block=False)
          ^^^^^^^^^^^^^^^^^^^^^^^^^^^^^^^^
  File "C:\Program Files\Python311\Lib\queue.py", line 168, in get
    raise Empty
Traceback (most recent call last):
  File "C:\Program Files\Python311\Lib\queue.py", line 168, in get
    raise Empty
_queue.Empty
  File "C:\Program Files\Python311\Lib\socketserver.py", line 691, in process_request_thread
    self.finish_request(request, client_address)
_queue.Empty

The above exception was the direct cause of the following exception:

  File "C:\Program Files\Python311\Lib\socketserver.py", line 361, in finish_request
    self.RequestHandlerClass(request, client_address, self)

The above exception was the direct cause of the following exception:

Traceback (most recent call last):
  File "C:\Program Files\Python311\Lib\socketserver.py", line 755, in __init__
    self.handle()
  File "C:\Program Files\Python311\Lib\http\server.py", line 436, in handle
    self.handle_one_request()
  File "C:\Anup\6gsimulation\sixgr_foundation_v2 (2)\apps\lls_web_dashboard.py", line 12654, in do_GET
    self.respond_json(build_live_payload(run_id))
                      ^^^^^^^^^^^^^^^^^^^^^^^^^^
_queue.Empty
  File "C:\Program Files\Python311\Lib\http\server.py", line 424, in handle_one_request
    method()
  File "C:\Anup\6gsimulation\sixgr_foundation_v2 (2)\apps\lls_web_dashboard.py", line 7876, in build_live_payload
    contract_materializer.materialize_run_contract_artifacts(
  File "C:\Anup\6gsimulation\sixgr_foundation_v2 (2)\apps\lls_contract_materializer.py", line 1941, in materialize_run_contract_artifacts
    artifact_id = _store_artifact(
                  ^^^^^^^^^^^^^^^^

The above exception was the direct cause of the following exception:

Traceback (most recent call last):
  File "C:\Anup\6gsimulation\sixgr_foundation_v2 (2)\apps\lls_web_dashboard.py", line 12676, in do_GET
    self.send_error(HTTPStatus.INTERNAL_SERVER_ERROR, str(exc))
Traceback (most recent call last):
  File "C:\Anup\6gsimulation\sixgr_foundation_v2 (2)\apps\lls_contract_materializer.py", line 1678, in _store_artifact
    with db_connection_factory() as conn:
         ^^^^^^^^^^^^^^^^^^^^^^^
  File "C:\Program Files\Python311\Lib\http\server.py", line 491, in send_error
    self.wfile.write(body)
  File "C:\Anup\6gsimulation\sixgr_foundation_v2 (2)\apps\lls_web_dashboard.py", line 12654, in do_GET
    self.respond_json(build_live_payload(run_id))
                      ^^^^^^^^^^^^^^^^^^^^^^^^^^
  File "C:\Anup\6gsimulation\sixgr_foundation_v2 (2)\apps\lls_web_dashboard.py", line 147, in db_connection
    return pool.get_connection()
           ^^^^^^^^^^^^^^^^^^^^^
  File "C:\Program Files\Python311\Lib\socketserver.py", line 834, in write
    self._sock.sendall(b)
  File "C:\Anup\6gsimulation\sixgr_foundation_v2 (2)\apps\lls_web_dashboard.py", line 7876, in build_live_payload
    contract_materializer.materialize_run_contract_artifacts(
  File "C:\Program Files\Python311\Lib\site-packages\mysql\connector\pooling.py", line 656, in get_connection
    raise PoolError("Failed getting connection; pool exhausted") from err
ConnectionAbortedError: [WinError 10053] An established connection was aborted by the software in your host machine
  File "C:\Anup\6gsimulation\sixgr_foundation_v2 (2)\apps\lls_contract_materializer.py", line 1841, in materialize_run_contract_artifacts
    contract_owned_paths = _contract_owned_paths(artifacts, db_connection_factory)
                           ^^^^^^^^^^^^^^^^^^^^^^^^^^^^^^^^^^^^^^^^^^^^^^^^^^^^^^^
mysql.connector.errors.PoolError: Failed getting connection; pool exhausted
----------------------------------------
  File "C:\Anup\6gsimulation\sixgr_foundation_v2 (2)\apps\lls_contract_materializer.py", line 857, in _contract_owned_paths
    if _artifact_is_contract_owned(artifact, db_connection_factory):
       ^^^^^^^^^^^^^^^^^^^^^^^^^^^^^^^^^^^^^^^^^^^^^^^^^^^^^^^^^^^^

During handling of the above exception, another exception occurred:

  File "C:\Anup\6gsimulation\sixgr_foundation_v2 (2)\apps\lls_web_dashboard.py", line 12654, in do_GET
    self.respond_json(build_live_payload(run_id))
                      ^^^^^^^^^^^^^^^^^^^^^^^^^^
Traceback (most recent call last):
  File "C:\Anup\6gsimulation\sixgr_foundation_v2 (2)\apps\lls_contract_materializer.py", line 840, in _artifact_is_contract_owned
    payload = _artifact_metadata_json(artifact, db_connection_factory)
              ^^^^^^^^^^^^^^^^^^^^^^^^^^^^^^^^^^^^^^^^^^^^^^^^^^^^^^^^
Traceback (most recent call last):
  File "C:\Anup\6gsimulation\sixgr_foundation_v2 (2)\apps\lls_web_dashboard.py", line 7876, in build_live_payload
    contract_materializer.materialize_run_contract_artifacts(
  File "C:\Anup\6gsimulation\sixgr_foundation_v2 (2)\apps\lls_web_dashboard.py", line 12654, in do_GET
    self.respond_json(build_live_payload(run_id))
                      ^^^^^^^^^^^^^^^^^^^^^^^^^^
  File "C:\Anup\6gsimulation\sixgr_foundation_v2 (2)\apps\lls_contract_materializer.py", line 1739, in _artifact_metadata_json
    with db_connection_factory() as conn:
         ^^^^^^^^^^^^^^^^^^^^^^^
  File "C:\Program Files\Python311\Lib\socketserver.py", line 691, in process_request_thread
    self.finish_request(request, client_address)
  File "C:\Anup\6gsimulation\sixgr_foundation_v2 (2)\apps\lls_contract_materializer.py", line 1841, in materialize_run_contract_artifacts
    contract_owned_paths = _contract_owned_paths(artifacts, db_connection_factory)
                           ^^^^^^^^^^^^^^^^^^^^^^^^^^^^^^^^^^^^^^^^^^^^^^^^^^^^^^^
  File "C:\Anup\6gsimulation\sixgr_foundation_v2 (2)\apps\lls_web_dashboard.py", line 7876, in build_live_payload
    contract_materializer.materialize_run_contract_artifacts(
  File "C:\Anup\6gsimulation\sixgr_foundation_v2 (2)\apps\lls_web_dashboard.py", line 147, in db_connection
    return pool.get_connection()
           ^^^^^^^^^^^^^^^^^^^^^
  File "C:\Program Files\Python311\Lib\socketserver.py", line 361, in finish_request
    self.RequestHandlerClass(request, client_address, self)
  File "C:\Program Files\Python311\Lib\socketserver.py", line 755, in __init__
    self.handle()
  File "C:\Anup\6gsimulation\sixgr_foundation_v2 (2)\apps\lls_contract_materializer.py", line 1841, in materialize_run_contract_artifacts
    contract_owned_paths = _contract_owned_paths(artifacts, db_connection_factory)
                           ^^^^^^^^^^^^^^^^^^^^^^^^^^^^^^^^^^^^^^^^^^^^^^^^^^^^^^^
  File "C:\Anup\6gsimulation\sixgr_foundation_v2 (2)\apps\lls_contract_materializer.py", line 857, in _contract_owned_paths
    if _artifact_is_contract_owned(artifact, db_connection_factory):
       ^^^^^^^^^^^^^^^^^^^^^^^^^^^^^^^^^^^^^^^^^^^^^^^^^^^^^^^^^^^^
  File "C:\Program Files\Python311\Lib\site-packages\mysql\connector\pooling.py", line 656, in get_connection
    raise PoolError("Failed getting connection; pool exhausted") from err
  File "C:\Anup\6gsimulation\sixgr_foundation_v2 (2)\apps\lls_contract_materializer.py", line 857, in _contract_owned_paths
    if _artifact_is_contract_owned(artifact, db_connection_factory):
       ^^^^^^^^^^^^^^^^^^^^^^^^^^^^^^^^^^^^^^^^^^^^^^^^^^^^^^^^^^^^
  File "C:\Program Files\Python311\Lib\http\server.py", line 436, in handle
    self.handle_one_request()
  File "C:\Anup\6gsimulation\sixgr_foundation_v2 (2)\apps\lls_contract_materializer.py", line 840, in _artifact_is_contract_owned
    payload = _artifact_metadata_json(artifact, db_connection_factory)
              ^^^^^^^^^^^^^^^^^^^^^^^^^^^^^^^^^^^^^^^^^^^^^^^^^^^^^^^^
  File "C:\Anup\6gsimulation\sixgr_foundation_v2 (2)\apps\lls_contract_materializer.py", line 1739, in _artifact_metadata_json
    with db_connection_factory() as conn:
         ^^^^^^^^^^^^^^^^^^^^^^^
  File "C:\Anup\6gsimulation\sixgr_foundation_v2 (2)\apps\lls_contract_materializer.py", line 840, in _artifact_is_contract_owned
    payload = _artifact_metadata_json(artifact, db_connection_factory)
              ^^^^^^^^^^^^^^^^^^^^^^^^^^^^^^^^^^^^^^^^^^^^^^^^^^^^^^^^
mysql.connector.errors.PoolError: Failed getting connection; pool exhausted
  File "C:\Program Files\Python311\Lib\http\server.py", line 424, in handle_one_request
    method()
  File "C:\Anup\6gsimulation\sixgr_foundation_v2 (2)\apps\lls_web_dashboard.py", line 147, in db_connection
    return pool.get_connection()
           ^^^^^^^^^^^^^^^^^^^^^
  File "C:\Program Files\Python311\Lib\site-packages\mysql\connector\pooling.py", line 656, in get_connection
    raise PoolError("Failed getting connection; pool exhausted") from err
mysql.connector.errors.PoolError: Failed getting connection; pool exhausted
  File "C:\Anup\6gsimulation\sixgr_foundation_v2 (2)\apps\lls_contract_materializer.py", line 1739, in _artifact_metadata_json
    with db_connection_factory() as conn:
         ^^^^^^^^^^^^^^^^^^^^^^^
  File "C:\Anup\6gsimulation\sixgr_foundation_v2 (2)\apps\lls_web_dashboard.py", line 147, in db_connection
    return pool.get_connection()
           ^^^^^^^^^^^^^^^^^^^^^
  File "C:\Anup\6gsimulation\sixgr_foundation_v2 (2)\apps\lls_web_dashboard.py", line 12676, in do_GET
    self.send_error(HTTPStatus.INTERNAL_SERVER_ERROR, str(exc))

During handling of the above exception, another exception occurred:

Traceback (most recent call last):
  File "C:\Program Files\Python311\Lib\site-packages\mysql\connector\pooling.py", line 656, in get_connection
    raise PoolError("Failed getting connection; pool exhausted") from err
mysql.connector.errors.PoolError: Failed getting connection; pool exhausted

During handling of the above exception, another exception occurred:

  File "C:\Program Files\Python311\Lib\socketserver.py", line 691, in process_request_thread
    self.finish_request(request, client_address)
Traceback (most recent call last):
  File "C:\Program Files\Python311\Lib\http\server.py", line 491, in send_error
    self.wfile.write(body)
  File "C:\Program Files\Python311\Lib\socketserver.py", line 834, in write
    self._sock.sendall(b)
  File "C:\Program Files\Python311\Lib\socketserver.py", line 361, in finish_request
    self.RequestHandlerClass(request, client_address, self)

During handling of the above exception, another exception occurred:

  File "C:\Program Files\Python311\Lib\socketserver.py", line 691, in process_request_thread
    self.finish_request(request, client_address)
ConnectionAbortedError: [WinError 10053] An established connection was aborted by the software in your host machine
----------------------------------------
Traceback (most recent call last):
  File "C:\Program Files\Python311\Lib\socketserver.py", line 361, in finish_request
    self.RequestHandlerClass(request, client_address, self)
  File "C:\Program Files\Python311\Lib\socketserver.py", line 691, in process_request_thread
    self.finish_request(request, client_address)
  File "C:\Program Files\Python311\Lib\socketserver.py", line 755, in __init__
    self.handle()
  File "C:\Program Files\Python311\Lib\socketserver.py", line 361, in finish_request
    self.RequestHandlerClass(request, client_address, self)
  File "C:\Program Files\Python311\Lib\http\server.py", line 436, in handle
    self.handle_one_request()
  File "C:\Program Files\Python311\Lib\socketserver.py", line 755, in __init__
    self.handle()
  File "C:\Program Files\Python311\Lib\http\server.py", line 424, in handle_one_request
    method()
  File "C:\Program Files\Python311\Lib\http\server.py", line 436, in handle
    self.handle_one_request()
  File "C:\Anup\6gsimulation\sixgr_foundation_v2 (2)\apps\lls_web_dashboard.py", line 12676, in do_GET
    self.send_error(HTTPStatus.INTERNAL_SERVER_ERROR, str(exc))
  File "C:\Program Files\Python311\Lib\http\server.py", line 424, in handle_one_request
    method()
  File "C:\Program Files\Python311\Lib\http\server.py", line 491, in send_error
    self.wfile.write(body)
  File "C:\Anup\6gsimulation\sixgr_foundation_v2 (2)\apps\lls_web_dashboard.py", line 12676, in do_GET
    self.send_error(HTTPStatus.INTERNAL_SERVER_ERROR, str(exc))
  File "C:\Program Files\Python311\Lib\socketserver.py", line 834, in write
    self._sock.sendall(b)
  File "C:\Program Files\Python311\Lib\http\server.py", line 491, in send_error
    self.wfile.write(body)
  File "C:\Program Files\Python311\Lib\socketserver.py", line 834, in write
    self._sock.sendall(b)
ConnectionAbortedError: [WinError 10053] An established connection was aborted by the software in your host machine
  File "C:\Program Files\Python311\Lib\socketserver.py", line 755, in __init__
    self.handle()
----------------------------------------
  File "C:\Program Files\Python311\Lib\http\server.py", line 436, in handle
    self.handle_one_request()
ConnectionAbortedError: [WinError 10053] An established connection was aborted by the software in your host machine
  File "C:\Program Files\Python311\Lib\http\server.py", line 424, in handle_one_request
    method()
----------------------------------------
  File "C:\Anup\6gsimulation\sixgr_foundation_v2 (2)\apps\lls_web_dashboard.py", line 12676, in do_GET
    self.send_error(HTTPStatus.INTERNAL_SERVER_ERROR, str(exc))
  File "C:\Program Files\Python311\Lib\http\server.py", line 491, in send_error
    self.wfile.write(body)
  File "C:\Program Files\Python311\Lib\socketserver.py", line 834, in write
    self._sock.sendall(b)
ConnectionAbortedError: [WinError 10053] An established connection was aborted by the software in your host machine
----------------------------------------
----------------------------------------
Exception occurred during processing of request from ('127.0.0.1', 62591)
Traceback (most recent call last):
  File "C:\Anup\6gsimulation\sixgr_foundation_v2 (2)\apps\lls_web_dashboard.py", line 12654, in do_GET
    self.respond_json(build_live_payload(run_id))
  File "C:\Anup\6gsimulation\sixgr_foundation_v2 (2)\apps\lls_web_dashboard.py", line 12784, in respond_json
    self.end_headers()
  File "C:\Program Files\Python311\Lib\http\server.py", line 538, in end_headers
    self.flush_headers()
  File "C:\Program Files\Python311\Lib\http\server.py", line 542, in flush_headers
    self.wfile.write(b"".join(self._headers_buffer))
  File "C:\Program Files\Python311\Lib\socketserver.py", line 834, in write
    self._sock.sendall(b)
ConnectionAbortedError: [WinError 10053] An established connection was aborted by the software in your host machine

During handling of the above exception, another exception occurred:

Traceback (most recent call last):
  File "C:\Program Files\Python311\Lib\socketserver.py", line 691, in process_request_thread
    self.finish_request(request, client_address)
  File "C:\Program Files\Python311\Lib\socketserver.py", line 361, in finish_request
    self.RequestHandlerClass(request, client_address, self)
  File "C:\Program Files\Python311\Lib\socketserver.py", line 755, in __init__
    self.handle()
  File "C:\Program Files\Python311\Lib\http\server.py", line 436, in handle
    self.handle_one_request()
  File "C:\Program Files\Python311\Lib\http\server.py", line 424, in handle_one_request
    method()
  File "C:\Anup\6gsimulation\sixgr_foundation_v2 (2)\apps\lls_web_dashboard.py", line 12676, in do_GET
    self.send_error(HTTPStatus.INTERNAL_SERVER_ERROR, str(exc))
  File "C:\Program Files\Python311\Lib\http\server.py", line 488, in send_error
    self.end_headers()
  File "C:\Program Files\Python311\Lib\http\server.py", line 538, in end_headers
    self.flush_headers()
  File "C:\Program Files\Python311\Lib\http\server.py", line 542, in flush_headers
    self.wfile.write(b"".join(self._headers_buffer))
  File "C:\Program Files\Python311\Lib\socketserver.py", line 834, in write
    self._sock.sendall(b)
ConnectionAbortedError: [WinError 10053] An established connection was aborted by the software in your host machine
----------------------------------------
----------------------------------------
Exception occurred during processing of request from ('127.0.0.1', 62595)
Traceback (most recent call last):
  File "C:\Anup\6gsimulation\sixgr_foundation_v2 (2)\apps\lls_web_dashboard.py", line 12654, in do_GET
    self.respond_json(build_live_payload(run_id))
  File "C:\Anup\6gsimulation\sixgr_foundation_v2 (2)\apps\lls_web_dashboard.py", line 12784, in respond_json
    self.end_headers()
  File "C:\Program Files\Python311\Lib\http\server.py", line 538, in end_headers
    self.flush_headers()
  File "C:\Program Files\Python311\Lib\http\server.py", line 542, in flush_headers
    self.wfile.write(b"".join(self._headers_buffer))
  File "C:\Program Files\Python311\Lib\socketserver.py", line 834, in write
    self._sock.sendall(b)
ConnectionAbortedError: [WinError 10053] An established connection was aborted by the software in your host machine

During handling of the above exception, another exception occurred:

Traceback (most recent call last):
  File "C:\Program Files\Python311\Lib\socketserver.py", line 691, in process_request_thread
    self.finish_request(request, client_address)
  File "C:\Program Files\Python311\Lib\socketserver.py", line 361, in finish_request
    self.RequestHandlerClass(request, client_address, self)
  File "C:\Program Files\Python311\Lib\socketserver.py", line 755, in __init__
    self.handle()
  File "C:\Program Files\Python311\Lib\http\server.py", line 436, in handle
    self.handle_one_request()
  File "C:\Program Files\Python311\Lib\http\server.py", line 424, in handle_one_request
    method()
  File "C:\Anup\6gsimulation\sixgr_foundation_v2 (2)\apps\lls_web_dashboard.py", line 12676, in do_GET
    self.send_error(HTTPStatus.INTERNAL_SERVER_ERROR, str(exc))
  File "C:\Program Files\Python311\Lib\http\server.py", line 488, in send_error
    self.end_headers()
  File "C:\Program Files\Python311\Lib\http\server.py", line 538, in end_headers
    self.flush_headers()
  File "C:\Program Files\Python311\Lib\http\server.py", line 542, in flush_headers
    self.wfile.write(b"".join(self._headers_buffer))
  File "C:\Program Files\Python311\Lib\socketserver.py", line 834, in write
    self._sock.sendall(b)
ConnectionAbortedError: [WinError 10053] An established connection was aborted by the software in your host machine
----------------------------------------
----------------------------------------
Exception occurred during processing of request from ('127.0.0.1', 62499)
Traceback (most recent call last):
  File "C:\Anup\6gsimulation\sixgr_foundation_v2 (2)\apps\lls_web_dashboard.py", line 12654, in do_GET
    self.respond_json(build_live_payload(run_id))
  File "C:\Anup\6gsimulation\sixgr_foundation_v2 (2)\apps\lls_web_dashboard.py", line 12784, in respond_json
    self.end_headers()
----------------------------------------
Exception occurred during processing of request from ('127.0.0.1', 62501)
  File "C:\Program Files\Python311\Lib\http\server.py", line 538, in end_headers
    self.flush_headers()
----------------------------------------
  File "C:\Program Files\Python311\Lib\http\server.py", line 542, in flush_headers
    self.wfile.write(b"".join(self._headers_buffer))
Exception occurred during processing of request from ('127.0.0.1', 62528)
  File "C:\Program Files\Python311\Lib\socketserver.py", line 834, in write
    self._sock.sendall(b)
Traceback (most recent call last):
ConnectionAbortedError: [WinError 10053] An established connection was aborted by the software in your host machine
Traceback (most recent call last):

During handling of the above exception, another exception occurred:

Traceback (most recent call last):
  File "C:\Anup\6gsimulation\sixgr_foundation_v2 (2)\apps\lls_web_dashboard.py", line 12654, in do_GET
    self.respond_json(build_live_payload(run_id))
  File "C:\Program Files\Python311\Lib\socketserver.py", line 691, in process_request_thread
    self.finish_request(request, client_address)
  File "C:\Anup\6gsimulation\sixgr_foundation_v2 (2)\apps\lls_web_dashboard.py", line 12784, in respond_json
    self.end_headers()
  File "C:\Program Files\Python311\Lib\socketserver.py", line 361, in finish_request
    self.RequestHandlerClass(request, client_address, self)
  File "C:\Program Files\Python311\Lib\http\server.py", line 538, in end_headers
    self.flush_headers()
  File "C:\Program Files\Python311\Lib\socketserver.py", line 755, in __init__
    self.handle()
  File "C:\Program Files\Python311\Lib\http\server.py", line 542, in flush_headers
    self.wfile.write(b"".join(self._headers_buffer))
  File "C:\Program Files\Python311\Lib\http\server.py", line 436, in handle
    self.handle_one_request()
  File "C:\Program Files\Python311\Lib\socketserver.py", line 834, in write
    self._sock.sendall(b)
  File "C:\Program Files\Python311\Lib\http\server.py", line 424, in handle_one_request
    method()
  File "C:\Anup\6gsimulation\sixgr_foundation_v2 (2)\apps\lls_web_dashboard.py", line 12676, in do_GET
    self.send_error(HTTPStatus.INTERNAL_SERVER_ERROR, str(exc))
  File "C:\Anup\6gsimulation\sixgr_foundation_v2 (2)\apps\lls_web_dashboard.py", line 12654, in do_GET
    self.respond_json(build_live_payload(run_id))
  File "C:\Program Files\Python311\Lib\http\server.py", line 488, in send_error
    self.end_headers()
  File "C:\Anup\6gsimulation\sixgr_foundation_v2 (2)\apps\lls_web_dashboard.py", line 12784, in respond_json
    self.end_headers()
  File "C:\Program Files\Python311\Lib\http\server.py", line 538, in end_headers
    self.flush_headers()
  File "C:\Program Files\Python311\Lib\http\server.py", line 538, in end_headers
    self.flush_headers()
  File "C:\Program Files\Python311\Lib\http\server.py", line 542, in flush_headers
    self.wfile.write(b"".join(self._headers_buffer))
  File "C:\Program Files\Python311\Lib\http\server.py", line 542, in flush_headers
    self.wfile.write(b"".join(self._headers_buffer))
  File "C:\Program Files\Python311\Lib\socketserver.py", line 834, in write
    self._sock.sendall(b)
  File "C:\Program Files\Python311\Lib\socketserver.py", line 834, in write
    self._sock.sendall(b)
ConnectionAbortedError: [WinError 10053] An established connection was aborted by the software in your host machine
ConnectionAbortedError: [WinError 10053] An established connection was aborted by the software in your host machine
----------------------------------------

During handling of the above exception, another exception occurred:

ConnectionAbortedError: [WinError 10053] An established connection was aborted by the software in your host machine
Traceback (most recent call last):

During handling of the above exception, another exception occurred:

  File "C:\Program Files\Python311\Lib\socketserver.py", line 691, in process_request_thread
    self.finish_request(request, client_address)
Traceback (most recent call last):
  File "C:\Program Files\Python311\Lib\socketserver.py", line 361, in finish_request
    self.RequestHandlerClass(request, client_address, self)
  File "C:\Program Files\Python311\Lib\socketserver.py", line 691, in process_request_thread
    self.finish_request(request, client_address)
  File "C:\Program Files\Python311\Lib\socketserver.py", line 755, in __init__
    self.handle()
  File "C:\Program Files\Python311\Lib\http\server.py", line 436, in handle
    self.handle_one_request()
  File "C:\Program Files\Python311\Lib\socketserver.py", line 361, in finish_request
    self.RequestHandlerClass(request, client_address, self)
  File "C:\Program Files\Python311\Lib\socketserver.py", line 755, in __init__
    self.handle()
  File "C:\Program Files\Python311\Lib\http\server.py", line 424, in handle_one_request
    method()
  File "C:\Program Files\Python311\Lib\http\server.py", line 436, in handle
    self.handle_one_request()
  File "C:\Anup\6gsimulation\sixgr_foundation_v2 (2)\apps\lls_web_dashboard.py", line 12676, in do_GET
    self.send_error(HTTPStatus.INTERNAL_SERVER_ERROR, str(exc))
  File "C:\Program Files\Python311\Lib\http\server.py", line 424, in handle_one_request
    method()
  File "C:\Program Files\Python311\Lib\http\server.py", line 488, in send_error
    self.end_headers()
  File "C:\Anup\6gsimulation\sixgr_foundation_v2 (2)\apps\lls_web_dashboard.py", line 12676, in do_GET
    self.send_error(HTTPStatus.INTERNAL_SERVER_ERROR, str(exc))
  File "C:\Program Files\Python311\Lib\http\server.py", line 488, in send_error
    self.end_headers()
  File "C:\Program Files\Python311\Lib\http\server.py", line 538, in end_headers
    self.flush_headers()
  File "C:\Program Files\Python311\Lib\http\server.py", line 538, in end_headers
    self.flush_headers()
  File "C:\Program Files\Python311\Lib\http\server.py", line 542, in flush_headers
    self.wfile.write(b"".join(self._headers_buffer))
  File "C:\Program Files\Python311\Lib\http\server.py", line 542, in flush_headers
    self.wfile.write(b"".join(self._headers_buffer))
  File "C:\Program Files\Python311\Lib\socketserver.py", line 834, in write
    self._sock.sendall(b)
  File "C:\Program Files\Python311\Lib\socketserver.py", line 834, in write
    self._sock.sendall(b)
ConnectionAbortedError: [WinError 10053] An established connection was aborted by the software in your host machine
ConnectionAbortedError: [WinError 10053] An established connection was aborted by the software in your host machine
----------------------------------------
----------------------------------------
----------------------------------------
Exception occurred during processing of request from ('127.0.0.1', 62517)
Traceback (most recent call last):
  File "C:\Anup\6gsimulation\sixgr_foundation_v2 (2)\apps\lls_web_dashboard.py", line 12654, in do_GET
    self.respond_json(build_live_payload(run_id))
  File "C:\Anup\6gsimulation\sixgr_foundation_v2 (2)\apps\lls_web_dashboard.py", line 12784, in respond_json
    self.end_headers()
  File "C:\Program Files\Python311\Lib\http\server.py", line 538, in end_headers
    self.flush_headers()
  File "C:\Program Files\Python311\Lib\http\server.py", line 542, in flush_headers
    self.wfile.write(b"".join(self._headers_buffer))
  File "C:\Program Files\Python311\Lib\socketserver.py", line 834, in write
    self._sock.sendall(b)
ConnectionAbortedError: [WinError 10053] An established connection was aborted by the software in your host machine

During handling of the above exception, another exception occurred:

Traceback (most recent call last):
  File "C:\Program Files\Python311\Lib\socketserver.py", line 691, in process_request_thread
    self.finish_request(request, client_address)
  File "C:\Program Files\Python311\Lib\socketserver.py", line 361, in finish_request
    self.RequestHandlerClass(request, client_address, self)
  File "C:\Program Files\Python311\Lib\socketserver.py", line 755, in __init__
    self.handle()
  File "C:\Program Files\Python311\Lib\http\server.py", line 436, in handle
    self.handle_one_request()
  File "C:\Program Files\Python311\Lib\http\server.py", line 424, in handle_one_request
    method()
  File "C:\Anup\6gsimulation\sixgr_foundation_v2 (2)\apps\lls_web_dashboard.py", line 12676, in do_GET
    self.send_error(HTTPStatus.INTERNAL_SERVER_ERROR, str(exc))
  File "C:\Program Files\Python311\Lib\http\server.py", line 488, in send_error
    self.end_headers()
  File "C:\Program Files\Python311\Lib\http\server.py", line 538, in end_headers
    self.flush_headers()
  File "C:\Program Files\Python311\Lib\http\server.py", line 542, in flush_headers
    self.wfile.write(b"".join(self._headers_buffer))
  File "C:\Program Files\Python311\Lib\socketserver.py", line 834, in write
    self._sock.sendall(b)
ConnectionAbortedError: [WinError 10053] An established connection was aborted by the software in your host machine
----------------------------------------
----------------------------------------
Exception occurred during processing of request from ('127.0.0.1', 49782)
Traceback (most recent call last):
  File "C:\Anup\6gsimulation\sixgr_foundation_v2 (2)\apps\lls_web_dashboard.py", line 12654, in do_GET
    self.respond_json(build_live_payload(run_id))
  File "C:\Anup\6gsimulation\sixgr_foundation_v2 (2)\apps\lls_web_dashboard.py", line 12785, in respond_json
    self.wfile.write(raw)
  File "C:\Program Files\Python311\Lib\socketserver.py", line 834, in write
    self._sock.sendall(b)
ConnectionAbortedError: [WinError 10053] An established connection was aborted by the software in your host machine

During handling of the above exception, another exception occurred:

Traceback (most recent call last):
  File "C:\Program Files\Python311\Lib\socketserver.py", line 691, in process_request_thread
    self.finish_request(request, client_address)
  File "C:\Program Files\Python311\Lib\socketserver.py", line 361, in finish_request
    self.RequestHandlerClass(request, client_address, self)
  File "C:\Program Files\Python311\Lib\socketserver.py", line 755, in __init__
    self.handle()
  File "C:\Program Files\Python311\Lib\http\server.py", line 436, in handle
    self.handle_one_request()
  File "C:\Program Files\Python311\Lib\http\server.py", line 424, in handle_one_request
    method()
  File "C:\Anup\6gsimulation\sixgr_foundation_v2 (2)\apps\lls_web_dashboard.py", line 12676, in do_GET
    self.send_error(HTTPStatus.INTERNAL_SERVER_ERROR, str(exc))
  File "C:\Program Files\Python311\Lib\http\server.py", line 488, in send_error
    self.end_headers()
  File "C:\Program Files\Python311\Lib\http\server.py", line 538, in end_headers
    self.flush_headers()
  File "C:\Program Files\Python311\Lib\http\server.py", line 542, in flush_headers
    self.wfile.write(b"".join(self._headers_buffer))
  File "C:\Program Files\Python311\Lib\socketserver.py", line 834, in write
    self._sock.sendall(b)
ConnectionAbortedError: [WinError 10053] An established connection was aborted by the software in your host machine
----------------------------------------
----------------------------------------
Exception occurred during processing of request from ('127.0.0.1', 49784)
Traceback (most recent call last):
  File "C:\Anup\6gsimulation\sixgr_foundation_v2 (2)\apps\lls_web_dashboard.py", line 12654, in do_GET
    self.respond_json(build_live_payload(run_id))
  File "C:\Anup\6gsimulation\sixgr_foundation_v2 (2)\apps\lls_web_dashboard.py", line 12785, in respond_json
    self.wfile.write(raw)
  File "C:\Program Files\Python311\Lib\socketserver.py", line 834, in write
    self._sock.sendall(b)
ConnectionAbortedError: [WinError 10053] An established connection was aborted by the software in your host machine

During handling of the above exception, another exception occurred:

Traceback (most recent call last):
  File "C:\Program Files\Python311\Lib\socketserver.py", line 691, in process_request_thread
    self.finish_request(request, client_address)
  File "C:\Program Files\Python311\Lib\socketserver.py", line 361, in finish_request
    self.RequestHandlerClass(request, client_address, self)
  File "C:\Program Files\Python311\Lib\socketserver.py", line 755, in __init__
    self.handle()
  File "C:\Program Files\Python311\Lib\http\server.py", line 436, in handle
    self.handle_one_request()
  File "C:\Program Files\Python311\Lib\http\server.py", line 424, in handle_one_request
    method()
  File "C:\Anup\6gsimulation\sixgr_foundation_v2 (2)\apps\lls_web_dashboard.py", line 12676, in do_GET
    self.send_error(HTTPStatus.INTERNAL_SERVER_ERROR, str(exc))
  File "C:\Program Files\Python311\Lib\http\server.py", line 488, in send_error
    self.end_headers()
  File "C:\Program Files\Python311\Lib\http\server.py", line 538, in end_headers
    self.flush_headers()
  File "C:\Program Files\Python311\Lib\http\server.py", line 542, in flush_headers
    self.wfile.write(b"".join(self._headers_buffer))
  File "C:\Program Files\Python311\Lib\socketserver.py", line 834, in write
    self._sock.sendall(b)
ConnectionAbortedError: [WinError 10053] An established connection was aborted by the software in your host machine
----------------------------------------
----------------------------------------
Exception occurred during processing of request from ('127.0.0.1', 49786)
Traceback (most recent call last):
  File "C:\Anup\6gsimulation\sixgr_foundation_v2 (2)\apps\lls_web_dashboard.py", line 12654, in do_GET
    self.respond_json(build_live_payload(run_id))
  File "C:\Anup\6gsimulation\sixgr_foundation_v2 (2)\apps\lls_web_dashboard.py", line 12785, in respond_json
    self.wfile.write(raw)
  File "C:\Program Files\Python311\Lib\socketserver.py", line 834, in write
    self._sock.sendall(b)
ConnectionAbortedError: [WinError 10053] An established connection was aborted by the software in your host machine

During handling of the above exception, another exception occurred:

Traceback (most recent call last):
  File "C:\Program Files\Python311\Lib\socketserver.py", line 691, in process_request_thread
    self.finish_request(request, client_address)
  File "C:\Program Files\Python311\Lib\socketserver.py", line 361, in finish_request
    self.RequestHandlerClass(request, client_address, self)
  File "C:\Program Files\Python311\Lib\socketserver.py", line 755, in __init__
    self.handle()
  File "C:\Program Files\Python311\Lib\http\server.py", line 436, in handle
    self.handle_one_request()
  File "C:\Program Files\Python311\Lib\http\server.py", line 424, in handle_one_request
    method()
  File "C:\Anup\6gsimulation\sixgr_foundation_v2 (2)\apps\lls_web_dashboard.py", line 12676, in do_GET
    self.send_error(HTTPStatus.INTERNAL_SERVER_ERROR, str(exc))
  File "C:\Program Files\Python311\Lib\http\server.py", line 488, in send_error
    self.end_headers()
  File "C:\Program Files\Python311\Lib\http\server.py", line 538, in end_headers
    self.flush_headers()
  File "C:\Program Files\Python311\Lib\http\server.py", line 542, in flush_headers
    self.wfile.write(b"".join(self._headers_buffer))
  File "C:\Program Files\Python311\Lib\socketserver.py", line 834, in write
    self._sock.sendall(b)
ConnectionAbortedError: [WinError 10053] An established connection was aborted by the software in your host machine
----------------------------------------
----------------------------------------
Exception occurred during processing of request from ('127.0.0.1', 49787)
Traceback (most recent call last):
  File "C:\Anup\6gsimulation\sixgr_foundation_v2 (2)\apps\lls_web_dashboard.py", line 12654, in do_GET
    self.respond_json(build_live_payload(run_id))
  File "C:\Anup\6gsimulation\sixgr_foundation_v2 (2)\apps\lls_web_dashboard.py", line 12785, in respond_json
    self.wfile.write(raw)
  File "C:\Program Files\Python311\Lib\socketserver.py", line 834, in write
    self._sock.sendall(b)
ConnectionAbortedError: [WinError 10053] An established connection was aborted by the software in your host machine

During handling of the above exception, another exception occurred:

Traceback (most recent call last):
  File "C:\Program Files\Python311\Lib\socketserver.py", line 691, in process_request_thread
    self.finish_request(request, client_address)
  File "C:\Program Files\Python311\Lib\socketserver.py", line 361, in finish_request
    self.RequestHandlerClass(request, client_address, self)
  File "C:\Program Files\Python311\Lib\socketserver.py", line 755, in __init__
    self.handle()
  File "C:\Program Files\Python311\Lib\http\server.py", line 436, in handle
    self.handle_one_request()
  File "C:\Program Files\Python311\Lib\http\server.py", line 424, in handle_one_request
    method()
  File "C:\Anup\6gsimulation\sixgr_foundation_v2 (2)\apps\lls_web_dashboard.py", line 12676, in do_GET
    self.send_error(HTTPStatus.INTERNAL_SERVER_ERROR, str(exc))
  File "C:\Program Files\Python311\Lib\http\server.py", line 488, in send_error
    self.end_headers()
  File "C:\Program Files\Python311\Lib\http\server.py", line 538, in end_headers
    self.flush_headers()
  File "C:\Program Files\Python311\Lib\http\server.py", line 542, in flush_headers
    self.wfile.write(b"".join(self._headers_buffer))
  File "C:\Program Files\Python311\Lib\socketserver.py", line 834, in write
    self._sock.sendall(b)
ConnectionAbortedError: [WinError 10053] An established connection was aborted by the software in your host machine
----------------------------------------
----------------------------------------
Exception occurred during processing of request from ('127.0.0.1', 49788)
Traceback (most recent call last):
  File "C:\Anup\6gsimulation\sixgr_foundation_v2 (2)\apps\lls_web_dashboard.py", line 12654, in do_GET
    self.respond_json(build_live_payload(run_id))
  File "C:\Anup\6gsimulation\sixgr_foundation_v2 (2)\apps\lls_web_dashboard.py", line 12785, in respond_json
    self.wfile.write(raw)
  File "C:\Program Files\Python311\Lib\socketserver.py", line 834, in write
    self._sock.sendall(b)
ConnectionAbortedError: [WinError 10053] An established connection was aborted by the software in your host machine

During handling of the above exception, another exception occurred:

Traceback (most recent call last):
  File "C:\Program Files\Python311\Lib\socketserver.py", line 691, in process_request_thread
    self.finish_request(request, client_address)
  File "C:\Program Files\Python311\Lib\socketserver.py", line 361, in finish_request
    self.RequestHandlerClass(request, client_address, self)
  File "C:\Program Files\Python311\Lib\socketserver.py", line 755, in __init__
    self.handle()
  File "C:\Program Files\Python311\Lib\http\server.py", line 436, in handle
    self.handle_one_request()
  File "C:\Program Files\Python311\Lib\http\server.py", line 424, in handle_one_request
    method()
  File "C:\Anup\6gsimulation\sixgr_foundation_v2 (2)\apps\lls_web_dashboard.py", line 12676, in do_GET
    self.send_error(HTTPStatus.INTERNAL_SERVER_ERROR, str(exc))
  File "C:\Program Files\Python311\Lib\http\server.py", line 488, in send_error
    self.end_headers()
  File "C:\Program Files\Python311\Lib\http\server.py", line 538, in end_headers
    self.flush_headers()
  File "C:\Program Files\Python311\Lib\http\server.py", line 542, in flush_headers
    self.wfile.write(b"".join(self._headers_buffer))
  File "C:\Program Files\Python311\Lib\socketserver.py", line 834, in write
    self._sock.sendall(b)
ConnectionAbortedError: [WinError 10053] An established connection was aborted by the software in your host machine
----------------------------------------
----------------------------------------
Exception occurred during processing of request from ('127.0.0.1', 49789)
Traceback (most recent call last):
  File "C:\Anup\6gsimulation\sixgr_foundation_v2 (2)\apps\lls_web_dashboard.py", line 12654, in do_GET
    self.respond_json(build_live_payload(run_id))
  File "C:\Anup\6gsimulation\sixgr_foundation_v2 (2)\apps\lls_web_dashboard.py", line 12785, in respond_json
    self.wfile.write(raw)
  File "C:\Program Files\Python311\Lib\socketserver.py", line 834, in write
    self._sock.sendall(b)
ConnectionAbortedError: [WinError 10053] An established connection was aborted by the software in your host machine

During handling of the above exception, another exception occurred:

Traceback (most recent call last):
  File "C:\Program Files\Python311\Lib\socketserver.py", line 691, in process_request_thread
    self.finish_request(request, client_address)
  File "C:\Program Files\Python311\Lib\socketserver.py", line 361, in finish_request
    self.RequestHandlerClass(request, client_address, self)
  File "C:\Program Files\Python311\Lib\socketserver.py", line 755, in __init__
    self.handle()
  File "C:\Program Files\Python311\Lib\http\server.py", line 436, in handle
    self.handle_one_request()
  File "C:\Program Files\Python311\Lib\http\server.py", line 424, in handle_one_request
    method()
  File "C:\Anup\6gsimulation\sixgr_foundation_v2 (2)\apps\lls_web_dashboard.py", line 12676, in do_GET
    self.send_error(HTTPStatus.INTERNAL_SERVER_ERROR, str(exc))
  File "C:\Program Files\Python311\Lib\http\server.py", line 488, in send_error
    self.end_headers()
  File "C:\Program Files\Python311\Lib\http\server.py", line 538, in end_headers
    self.flush_headers()
  File "C:\Program Files\Python311\Lib\http\server.py", line 542, in flush_headers
    self.wfile.write(b"".join(self._headers_buffer))
  File "C:\Program Files\Python311\Lib\socketserver.py", line 834, in write
    self._sock.sendall(b)
ConnectionAbortedError: [WinError 10053] An established connection was aborted by the software in your host machine
----------------------------------------
----------------------------------------
Exception occurred during processing of request from ('127.0.0.1', 49791)
Traceback (most recent call last):
  File "C:\Anup\6gsimulation\sixgr_foundation_v2 (2)\apps\lls_web_dashboard.py", line 12654, in do_GET
    self.respond_json(build_live_payload(run_id))
  File "C:\Anup\6gsimulation\sixgr_foundation_v2 (2)\apps\lls_web_dashboard.py", line 12785, in respond_json
    self.wfile.write(raw)
  File "C:\Program Files\Python311\Lib\socketserver.py", line 834, in write
    self._sock.sendall(b)
ConnectionAbortedError: [WinError 10053] An established connection was aborted by the software in your host machine

During handling of the above exception, another exception occurred:

Traceback (most recent call last):
  File "C:\Program Files\Python311\Lib\socketserver.py", line 691, in process_request_thread
    self.finish_request(request, client_address)
----------------------------------------
  File "C:\Program Files\Python311\Lib\socketserver.py", line 361, in finish_request
    self.RequestHandlerClass(request, client_address, self)
Exception occurred during processing of request from ('127.0.0.1', 49790)
  File "C:\Program Files\Python311\Lib\socketserver.py", line 755, in __init__
    self.handle()
  File "C:\Program Files\Python311\Lib\http\server.py", line 436, in handle
    self.handle_one_request()
Traceback (most recent call last):
  File "C:\Program Files\Python311\Lib\http\server.py", line 424, in handle_one_request
    method()
  File "C:\Anup\6gsimulation\sixgr_foundation_v2 (2)\apps\lls_web_dashboard.py", line 12654, in do_GET
    self.respond_json(build_live_payload(run_id))
  File "C:\Anup\6gsimulation\sixgr_foundation_v2 (2)\apps\lls_web_dashboard.py", line 12676, in do_GET
    self.send_error(HTTPStatus.INTERNAL_SERVER_ERROR, str(exc))
  File "C:\Anup\6gsimulation\sixgr_foundation_v2 (2)\apps\lls_web_dashboard.py", line 12785, in respond_json
    self.wfile.write(raw)
  File "C:\Program Files\Python311\Lib\http\server.py", line 488, in send_error
    self.end_headers()
  File "C:\Program Files\Python311\Lib\socketserver.py", line 834, in write
    self._sock.sendall(b)
  File "C:\Program Files\Python311\Lib\http\server.py", line 538, in end_headers
    self.flush_headers()
ConnectionAbortedError: [WinError 10053] An established connection was aborted by the software in your host machine
  File "C:\Program Files\Python311\Lib\http\server.py", line 542, in flush_headers
    self.wfile.write(b"".join(self._headers_buffer))

During handling of the above exception, another exception occurred:

  File "C:\Program Files\Python311\Lib\socketserver.py", line 834, in write
    self._sock.sendall(b)
Traceback (most recent call last):
ConnectionAbortedError: [WinError 10053] An established connection was aborted by the software in your host machine
  File "C:\Program Files\Python311\Lib\socketserver.py", line 691, in process_request_thread
    self.finish_request(request, client_address)
----------------------------------------
  File "C:\Program Files\Python311\Lib\socketserver.py", line 361, in finish_request
    self.RequestHandlerClass(request, client_address, self)
  File "C:\Program Files\Python311\Lib\socketserver.py", line 755, in __init__
    self.handle()
  File "C:\Program Files\Python311\Lib\http\server.py", line 436, in handle
    self.handle_one_request()
  File "C:\Program Files\Python311\Lib\http\server.py", line 424, in handle_one_request
    method()
  File "C:\Anup\6gsimulation\sixgr_foundation_v2 (2)\apps\lls_web_dashboard.py", line 12676, in do_GET
    self.send_error(HTTPStatus.INTERNAL_SERVER_ERROR, str(exc))
  File "C:\Program Files\Python311\Lib\http\server.py", line 488, in send_error
    self.end_headers()
  File "C:\Program Files\Python311\Lib\http\server.py", line 538, in end_headers
    self.flush_headers()
----------------------------------------
  File "C:\Program Files\Python311\Lib\http\server.py", line 542, in flush_headers
    self.wfile.write(b"".join(self._headers_buffer))
Exception occurred during processing of request from ('127.0.0.1', 49792)
  File "C:\Program Files\Python311\Lib\socketserver.py", line 834, in write
    self._sock.sendall(b)
ConnectionAbortedError: [WinError 10053] An established connection was aborted by the software in your host machine
Traceback (most recent call last):
----------------------------------------
  File "C:\Anup\6gsimulation\sixgr_foundation_v2 (2)\apps\lls_web_dashboard.py", line 12654, in do_GET
    self.respond_json(build_live_payload(run_id))
  File "C:\Anup\6gsimulation\sixgr_foundation_v2 (2)\apps\lls_web_dashboard.py", line 12785, in respond_json
    self.wfile.write(raw)
  File "C:\Program Files\Python311\Lib\socketserver.py", line 834, in write
    self._sock.sendall(b)
ConnectionAbortedError: [WinError 10053] An established connection was aborted by the software in your host machine

During handling of the above exception, another exception occurred:

Traceback (most recent call last):
  File "C:\Program Files\Python311\Lib\socketserver.py", line 691, in process_request_thread
    self.finish_request(request, client_address)
  File "C:\Program Files\Python311\Lib\socketserver.py", line 361, in finish_request
    self.RequestHandlerClass(request, client_address, self)
  File "C:\Program Files\Python311\Lib\socketserver.py", line 755, in __init__
    self.handle()
  File "C:\Program Files\Python311\Lib\http\server.py", line 436, in handle
    self.handle_one_request()
  File "C:\Program Files\Python311\Lib\http\server.py", line 424, in handle_one_request
    method()
  File "C:\Anup\6gsimulation\sixgr_foundation_v2 (2)\apps\lls_web_dashboard.py", line 12676, in do_GET
    self.send_error(HTTPStatus.INTERNAL_SERVER_ERROR, str(exc))
  File "C:\Program Files\Python311\Lib\http\server.py", line 488, in send_error
    self.end_headers()
  File "C:\Program Files\Python311\Lib\http\server.py", line 538, in end_headers
    self.flush_headers()
  File "C:\Program Files\Python311\Lib\http\server.py", line 542, in flush_headers
    self.wfile.write(b"".join(self._headers_buffer))
  File "C:\Program Files\Python311\Lib\socketserver.py", line 834, in write
    self._sock.sendall(b)
ConnectionAbortedError: [WinError 10053] An established connection was aborted by the software in your host machine
----------------------------------------
----------------------------------------
Exception occurred during processing of request from ('127.0.0.1', 49794)
Traceback (most recent call last):
  File "C:\Anup\6gsimulation\sixgr_foundation_v2 (2)\apps\lls_web_dashboard.py", line 12654, in do_GET
    self.respond_json(build_live_payload(run_id))
  File "C:\Anup\6gsimulation\sixgr_foundation_v2 (2)\apps\lls_web_dashboard.py", line 12785, in respond_json
    self.wfile.write(raw)
  File "C:\Program Files\Python311\Lib\socketserver.py", line 834, in write
    self._sock.sendall(b)
ConnectionAbortedError: [WinError 10053] An established connection was aborted by the software in your host machine

During handling of the above exception, another exception occurred:

Traceback (most recent call last):
  File "C:\Program Files\Python311\Lib\socketserver.py", line 691, in process_request_thread
    self.finish_request(request, client_address)
  File "C:\Program Files\Python311\Lib\socketserver.py", line 361, in finish_request
    self.RequestHandlerClass(request, client_address, self)
  File "C:\Program Files\Python311\Lib\socketserver.py", line 755, in __init__
    self.handle()
  File "C:\Program Files\Python311\Lib\http\server.py", line 436, in handle
    self.handle_one_request()
  File "C:\Program Files\Python311\Lib\http\server.py", line 424, in handle_one_request
    method()
  File "C:\Anup\6gsimulation\sixgr_foundation_v2 (2)\apps\lls_web_dashboard.py", line 12676, in do_GET
    self.send_error(HTTPStatus.INTERNAL_SERVER_ERROR, str(exc))
  File "C:\Program Files\Python311\Lib\http\server.py", line 488, in send_error
    self.end_headers()
  File "C:\Program Files\Python311\Lib\http\server.py", line 538, in end_headers
    self.flush_headers()
  File "C:\Program Files\Python311\Lib\http\server.py", line 542, in flush_headers
    self.wfile.write(b"".join(self._headers_buffer))
  File "C:\Program Files\Python311\Lib\socketserver.py", line 834, in write
    self._sock.sendall(b)
ConnectionAbortedError: [WinError 10053] An established connection was aborted by the software in your host machine
----------------------------------------
----------------------------------------
Exception occurred during processing of request from ('127.0.0.1', 49793)
Traceback (most recent call last):
  File "C:\Anup\6gsimulation\sixgr_foundation_v2 (2)\apps\lls_web_dashboard.py", line 12654, in do_GET
    self.respond_json(build_live_payload(run_id))
  File "C:\Anup\6gsimulation\sixgr_foundation_v2 (2)\apps\lls_web_dashboard.py", line 12785, in respond_json
    self.wfile.write(raw)
  File "C:\Program Files\Python311\Lib\socketserver.py", line 834, in write
    self._sock.sendall(b)
ConnectionAbortedError: [WinError 10053] An established connection was aborted by the software in your host machine

During handling of the above exception, another exception occurred:

Traceback (most recent call last):
  File "C:\Program Files\Python311\Lib\socketserver.py", line 691, in process_request_thread
    self.finish_request(request, client_address)
  File "C:\Program Files\Python311\Lib\socketserver.py", line 361, in finish_request
    self.RequestHandlerClass(request, client_address, self)
  File "C:\Program Files\Python311\Lib\socketserver.py", line 755, in __init__
    self.handle()
  File "C:\Program Files\Python311\Lib\http\server.py", line 436, in handle
    self.handle_one_request()
  File "C:\Program Files\Python311\Lib\http\server.py", line 424, in handle_one_request
    method()
  File "C:\Anup\6gsimulation\sixgr_foundation_v2 (2)\apps\lls_web_dashboard.py", line 12676, in do_GET
    self.send_error(HTTPStatus.INTERNAL_SERVER_ERROR, str(exc))
  File "C:\Program Files\Python311\Lib\http\server.py", line 488, in send_error
    self.end_headers()
  File "C:\Program Files\Python311\Lib\http\server.py", line 538, in end_headers
    self.flush_headers()
  File "C:\Program Files\Python311\Lib\http\server.py", line 542, in flush_headers
    self.wfile.write(b"".join(self._headers_buffer))
  File "C:\Program Files\Python311\Lib\socketserver.py", line 834, in write
    self._sock.sendall(b)
ConnectionAbortedError: [WinError 10053] An established connection was aborted by the software in your host machine
----------------------------------------
----------------------------------------
Exception occurred during processing of request from ('127.0.0.1', 49825)
Traceback (most recent call last):
  File "C:\Anup\6gsimulation\sixgr_foundation_v2 (2)\apps\lls_web_dashboard.py", line 12654, in do_GET
    self.respond_json(build_live_payload(run_id))
  File "C:\Anup\6gsimulation\sixgr_foundation_v2 (2)\apps\lls_web_dashboard.py", line 12785, in respond_json
    self.wfile.write(raw)
  File "C:\Program Files\Python311\Lib\socketserver.py", line 834, in write
    self._sock.sendall(b)
ConnectionAbortedError: [WinError 10053] An established connection was aborted by the software in your host machine

During handling of the above exception, another exception occurred:

Traceback (most recent call last):
  File "C:\Program Files\Python311\Lib\socketserver.py", line 691, in process_request_thread
    self.finish_request(request, client_address)
  File "C:\Program Files\Python311\Lib\socketserver.py", line 361, in finish_request
    self.RequestHandlerClass(request, client_address, self)
  File "C:\Program Files\Python311\Lib\socketserver.py", line 755, in __init__
    self.handle()
  File "C:\Program Files\Python311\Lib\http\server.py", line 436, in handle
    self.handle_one_request()
  File "C:\Program Files\Python311\Lib\http\server.py", line 424, in handle_one_request
    method()
  File "C:\Anup\6gsimulation\sixgr_foundation_v2 (2)\apps\lls_web_dashboard.py", line 12676, in do_GET
    self.send_error(HTTPStatus.INTERNAL_SERVER_ERROR, str(exc))
  File "C:\Program Files\Python311\Lib\http\server.py", line 488, in send_error
    self.end_headers()
  File "C:\Program Files\Python311\Lib\http\server.py", line 538, in end_headers
    self.flush_headers()
  File "C:\Program Files\Python311\Lib\http\server.py", line 542, in flush_headers
    self.wfile.write(b"".join(self._headers_buffer))
  File "C:\Program Files\Python311\Lib\socketserver.py", line 834, in write
    self._sock.sendall(b)
ConnectionAbortedError: [WinError 10053] An established connection was aborted by the software in your host machine
----------------------------------------
----------------------------------------
Exception occurred during processing of request from ('127.0.0.1', 49830)
Traceback (most recent call last):
  File "C:\Anup\6gsimulation\sixgr_foundation_v2 (2)\apps\lls_web_dashboard.py", line 12654, in do_GET
    self.respond_json(build_live_payload(run_id))
  File "C:\Anup\6gsimulation\sixgr_foundation_v2 (2)\apps\lls_web_dashboard.py", line 12785, in respond_json
    self.wfile.write(raw)
  File "C:\Program Files\Python311\Lib\socketserver.py", line 834, in write
    self._sock.sendall(b)
ConnectionAbortedError: [WinError 10053] An established connection was aborted by the software in your host machine

During handling of the above exception, another exception occurred:

Traceback (most recent call last):
  File "C:\Program Files\Python311\Lib\socketserver.py", line 691, in process_request_thread
    self.finish_request(request, client_address)
  File "C:\Program Files\Python311\Lib\socketserver.py", line 361, in finish_request
    self.RequestHandlerClass(request, client_address, self)
  File "C:\Program Files\Python311\Lib\socketserver.py", line 755, in __init__
    self.handle()
  File "C:\Program Files\Python311\Lib\http\server.py", line 436, in handle
    self.handle_one_request()
  File "C:\Program Files\Python311\Lib\http\server.py", line 424, in handle_one_request
    method()
  File "C:\Anup\6gsimulation\sixgr_foundation_v2 (2)\apps\lls_web_dashboard.py", line 12676, in do_GET
    self.send_error(HTTPStatus.INTERNAL_SERVER_ERROR, str(exc))
  File "C:\Program Files\Python311\Lib\http\server.py", line 488, in send_error
    self.end_headers()
  File "C:\Program Files\Python311\Lib\http\server.py", line 538, in end_headers
    self.flush_headers()
  File "C:\Program Files\Python311\Lib\http\server.py", line 542, in flush_headers
    self.wfile.write(b"".join(self._headers_buffer))
  File "C:\Program Files\Python311\Lib\socketserver.py", line 834, in write
    self._sock.sendall(b)
ConnectionAbortedError: [WinError 10053] An established connection was aborted by the software in your host machine
----------------------------------------
----------------------------------------
Exception occurred during processing of request from ('127.0.0.1', 49832)
Traceback (most recent call last):
  File "C:\Anup\6gsimulation\sixgr_foundation_v2 (2)\apps\lls_web_dashboard.py", line 12654, in do_GET
    self.respond_json(build_live_payload(run_id))
  File "C:\Anup\6gsimulation\sixgr_foundation_v2 (2)\apps\lls_web_dashboard.py", line 12785, in respond_json
    self.wfile.write(raw)
  File "C:\Program Files\Python311\Lib\socketserver.py", line 834, in write
    self._sock.sendall(b)
ConnectionAbortedError: [WinError 10053] An established connection was aborted by the software in your host machine

During handling of the above exception, another exception occurred:

Traceback (most recent call last):
  File "C:\Program Files\Python311\Lib\socketserver.py", line 691, in process_request_thread
    self.finish_request(request, client_address)
  File "C:\Program Files\Python311\Lib\socketserver.py", line 361, in finish_request
    self.RequestHandlerClass(request, client_address, self)
  File "C:\Program Files\Python311\Lib\socketserver.py", line 755, in __init__
    self.handle()
  File "C:\Program Files\Python311\Lib\http\server.py", line 436, in handle
    self.handle_one_request()
  File "C:\Program Files\Python311\Lib\http\server.py", line 424, in handle_one_request
    method()
  File "C:\Anup\6gsimulation\sixgr_foundation_v2 (2)\apps\lls_web_dashboard.py", line 12676, in do_GET
    self.send_error(HTTPStatus.INTERNAL_SERVER_ERROR, str(exc))
  File "C:\Program Files\Python311\Lib\http\server.py", line 488, in send_error
    self.end_headers()
  File "C:\Program Files\Python311\Lib\http\server.py", line 538, in end_headers
    self.flush_headers()
  File "C:\Program Files\Python311\Lib\http\server.py", line 542, in flush_headers
    self.wfile.write(b"".join(self._headers_buffer))
  File "C:\Program Files\Python311\Lib\socketserver.py", line 834, in write
    self._sock.sendall(b)
ConnectionAbortedError: [WinError 10053] An established connection was aborted by the software in your host machine
----------------------------------------
----------------------------------------
Exception occurred during processing of request from ('127.0.0.1', 49873)
Traceback (most recent call last):
  File "C:\Anup\6gsimulation\sixgr_foundation_v2 (2)\apps\lls_web_dashboard.py", line 12654, in do_GET
    self.respond_json(build_live_payload(run_id))
  File "C:\Anup\6gsimulation\sixgr_foundation_v2 (2)\apps\lls_web_dashboard.py", line 12785, in respond_json
    self.wfile.write(raw)
  File "C:\Program Files\Python311\Lib\socketserver.py", line 834, in write
    self._sock.sendall(b)
ConnectionAbortedError: [WinError 10053] An established connection was aborted by the software in your host machine

During handling of the above exception, another exception occurred:

Traceback (most recent call last):
  File "C:\Program Files\Python311\Lib\socketserver.py", line 691, in process_request_thread
    self.finish_request(request, client_address)
  File "C:\Program Files\Python311\Lib\socketserver.py", line 361, in finish_request
    self.RequestHandlerClass(request, client_address, self)
  File "C:\Program Files\Python311\Lib\socketserver.py", line 755, in __init__
    self.handle()
  File "C:\Program Files\Python311\Lib\http\server.py", line 436, in handle
    self.handle_one_request()
  File "C:\Program Files\Python311\Lib\http\server.py", line 424, in handle_one_request
    method()
  File "C:\Anup\6gsimulation\sixgr_foundation_v2 (2)\apps\lls_web_dashboard.py", line 12676, in do_GET
    self.send_error(HTTPStatus.INTERNAL_SERVER_ERROR, str(exc))
  File "C:\Program Files\Python311\Lib\http\server.py", line 488, in send_error
    self.end_headers()
  File "C:\Program Files\Python311\Lib\http\server.py", line 538, in end_headers
    self.flush_headers()
  File "C:\Program Files\Python311\Lib\http\server.py", line 542, in flush_headers
    self.wfile.write(b"".join(self._headers_buffer))
  File "C:\Program Files\Python311\Lib\socketserver.py", line 834, in write
    self._sock.sendall(b)
ConnectionAbortedError: [WinError 10053] An established connection was aborted by the software in your host machine
----------------------------------------
----------------------------------------
Exception occurred during processing of request from ('127.0.0.1', 49874)
Traceback (most recent call last):
  File "C:\Anup\6gsimulation\sixgr_foundation_v2 (2)\apps\lls_web_dashboard.py", line 12654, in do_GET
    self.respond_json(build_live_payload(run_id))
  File "C:\Anup\6gsimulation\sixgr_foundation_v2 (2)\apps\lls_web_dashboard.py", line 12785, in respond_json
    self.wfile.write(raw)
  File "C:\Program Files\Python311\Lib\socketserver.py", line 834, in write
    self._sock.sendall(b)
ConnectionAbortedError: [WinError 10053] An established connection was aborted by the software in your host machine

During handling of the above exception, another exception occurred:

Traceback (most recent call last):
  File "C:\Program Files\Python311\Lib\socketserver.py", line 691, in process_request_thread
    self.finish_request(request, client_address)
  File "C:\Program Files\Python311\Lib\socketserver.py", line 361, in finish_request
    self.RequestHandlerClass(request, client_address, self)
  File "C:\Program Files\Python311\Lib\socketserver.py", line 755, in __init__
    self.handle()
  File "C:\Program Files\Python311\Lib\http\server.py", line 436, in handle
    self.handle_one_request()
  File "C:\Program Files\Python311\Lib\http\server.py", line 424, in handle_one_request
    method()
  File "C:\Anup\6gsimulation\sixgr_foundation_v2 (2)\apps\lls_web_dashboard.py", line 12676, in do_GET
    self.send_error(HTTPStatus.INTERNAL_SERVER_ERROR, str(exc))
  File "C:\Program Files\Python311\Lib\http\server.py", line 488, in send_error
    self.end_headers()
  File "C:\Program Files\Python311\Lib\http\server.py", line 538, in end_headers
    self.flush_headers()
  File "C:\Program Files\Python311\Lib\http\server.py", line 542, in flush_headers
    self.wfile.write(b"".join(self._headers_buffer))
  File "C:\Program Files\Python311\Lib\socketserver.py", line 834, in write
    self._sock.sendall(b)
ConnectionAbortedError: [WinError 10053] An established connection was aborted by the software in your host machine
----------------------------------------
----------------------------------------
Exception occurred during processing of request from ('127.0.0.1', 49875)
Traceback (most recent call last):
  File "C:\Anup\6gsimulation\sixgr_foundation_v2 (2)\apps\lls_web_dashboard.py", line 12654, in do_GET
    self.respond_json(build_live_payload(run_id))
  File "C:\Anup\6gsimulation\sixgr_foundation_v2 (2)\apps\lls_web_dashboard.py", line 12785, in respond_json
    self.wfile.write(raw)
  File "C:\Program Files\Python311\Lib\socketserver.py", line 834, in write
    self._sock.sendall(b)
ConnectionAbortedError: [WinError 10053] An established connection was aborted by the software in your host machine

During handling of the above exception, another exception occurred:

Traceback (most recent call last):
  File "C:\Program Files\Python311\Lib\socketserver.py", line 691, in process_request_thread
    self.finish_request(request, client_address)
  File "C:\Program Files\Python311\Lib\socketserver.py", line 361, in finish_request
    self.RequestHandlerClass(request, client_address, self)
  File "C:\Program Files\Python311\Lib\socketserver.py", line 755, in __init__
    self.handle()
  File "C:\Program Files\Python311\Lib\http\server.py", line 436, in handle
    self.handle_one_request()
  File "C:\Program Files\Python311\Lib\http\server.py", line 424, in handle_one_request
    method()
  File "C:\Anup\6gsimulation\sixgr_foundation_v2 (2)\apps\lls_web_dashboard.py", line 12676, in do_GET
    self.send_error(HTTPStatus.INTERNAL_SERVER_ERROR, str(exc))
  File "C:\Program Files\Python311\Lib\http\server.py", line 488, in send_error
    self.end_headers()
  File "C:\Program Files\Python311\Lib\http\server.py", line 538, in end_headers
    self.flush_headers()
  File "C:\Program Files\Python311\Lib\http\server.py", line 542, in flush_headers
    self.wfile.write(b"".join(self._headers_buffer))
  File "C:\Program Files\Python311\Lib\socketserver.py", line 834, in write
    self._sock.sendall(b)
ConnectionAbortedError: [WinError 10053] An established connection was aborted by the software in your host machine
----------------------------------------
----------------------------------------
Exception occurred during processing of request from ('127.0.0.1', 49876)
Traceback (most recent call last):
  File "C:\Anup\6gsimulation\sixgr_foundation_v2 (2)\apps\lls_web_dashboard.py", line 12654, in do_GET
    self.respond_json(build_live_payload(run_id))
  File "C:\Anup\6gsimulation\sixgr_foundation_v2 (2)\apps\lls_web_dashboard.py", line 12785, in respond_json
    self.wfile.write(raw)
  File "C:\Program Files\Python311\Lib\socketserver.py", line 834, in write
    self._sock.sendall(b)
ConnectionAbortedError: [WinError 10053] An established connection was aborted by the software in your host machine

During handling of the above exception, another exception occurred:

Traceback (most recent call last):
  File "C:\Program Files\Python311\Lib\socketserver.py", line 691, in process_request_thread
    self.finish_request(request, client_address)
  File "C:\Program Files\Python311\Lib\socketserver.py", line 361, in finish_request
    self.RequestHandlerClass(request, client_address, self)
  File "C:\Program Files\Python311\Lib\socketserver.py", line 755, in __init__
    self.handle()
  File "C:\Program Files\Python311\Lib\http\server.py", line 436, in handle
    self.handle_one_request()
  File "C:\Program Files\Python311\Lib\http\server.py", line 424, in handle_one_request
    method()
  File "C:\Anup\6gsimulation\sixgr_foundation_v2 (2)\apps\lls_web_dashboard.py", line 12676, in do_GET
    self.send_error(HTTPStatus.INTERNAL_SERVER_ERROR, str(exc))
  File "C:\Program Files\Python311\Lib\http\server.py", line 488, in send_error
    self.end_headers()
  File "C:\Program Files\Python311\Lib\http\server.py", line 538, in end_headers
    self.flush_headers()
  File "C:\Program Files\Python311\Lib\http\server.py", line 542, in flush_headers
    self.wfile.write(b"".join(self._headers_buffer))
  File "C:\Program Files\Python311\Lib\socketserver.py", line 834, in write
    self._sock.sendall(b)
ConnectionAbortedError: [WinError 10053] An established connection was aborted by the software in your host machine
----------------------------------------
----------------------------------------
Exception occurred during processing of request from ('127.0.0.1', 49900)
Traceback (most recent call last):
  File "C:\Anup\6gsimulation\sixgr_foundation_v2 (2)\apps\lls_web_dashboard.py", line 12654, in do_GET
    self.respond_json(build_live_payload(run_id))
  File "C:\Anup\6gsimulation\sixgr_foundation_v2 (2)\apps\lls_web_dashboard.py", line 12785, in respond_json
    self.wfile.write(raw)
  File "C:\Program Files\Python311\Lib\socketserver.py", line 834, in write
    self._sock.sendall(b)
ConnectionAbortedError: [WinError 10053] An established connection was aborted by the software in your host machine

During handling of the above exception, another exception occurred:

Traceback (most recent call last):
  File "C:\Program Files\Python311\Lib\socketserver.py", line 691, in process_request_thread
    self.finish_request(request, client_address)
  File "C:\Program Files\Python311\Lib\socketserver.py", line 361, in finish_request
    self.RequestHandlerClass(request, client_address, self)
  File "C:\Program Files\Python311\Lib\socketserver.py", line 755, in __init__
    self.handle()
  File "C:\Program Files\Python311\Lib\http\server.py", line 436, in handle
    self.handle_one_request()
  File "C:\Program Files\Python311\Lib\http\server.py", line 424, in handle_one_request
    method()
  File "C:\Anup\6gsimulation\sixgr_foundation_v2 (2)\apps\lls_web_dashboard.py", line 12676, in do_GET
    self.send_error(HTTPStatus.INTERNAL_SERVER_ERROR, str(exc))
  File "C:\Program Files\Python311\Lib\http\server.py", line 488, in send_error
    self.end_headers()
  File "C:\Program Files\Python311\Lib\http\server.py", line 538, in end_headers
    self.flush_headers()
  File "C:\Program Files\Python311\Lib\http\server.py", line 542, in flush_headers
    self.wfile.write(b"".join(self._headers_buffer))
  File "C:\Program Files\Python311\Lib\socketserver.py", line 834, in write
    self._sock.sendall(b)
ConnectionAbortedError: [WinError 10053] An established connection was aborted by the software in your host machine
----------------------------------------
----------------------------------------
Exception occurred during processing of request from ('127.0.0.1', 49901)
Traceback (most recent call last):
  File "C:\Anup\6gsimulation\sixgr_foundation_v2 (2)\apps\lls_web_dashboard.py", line 12654, in do_GET
    self.respond_json(build_live_payload(run_id))
  File "C:\Anup\6gsimulation\sixgr_foundation_v2 (2)\apps\lls_web_dashboard.py", line 12785, in respond_json
    self.wfile.write(raw)
  File "C:\Program Files\Python311\Lib\socketserver.py", line 834, in write
    self._sock.sendall(b)
ConnectionAbortedError: [WinError 10053] An established connection was aborted by the software in your host machine

During handling of the above exception, another exception occurred:

Traceback (most recent call last):
  File "C:\Program Files\Python311\Lib\socketserver.py", line 691, in process_request_thread
    self.finish_request(request, client_address)
  File "C:\Program Files\Python311\Lib\socketserver.py", line 361, in finish_request
    self.RequestHandlerClass(request, client_address, self)
  File "C:\Program Files\Python311\Lib\socketserver.py", line 755, in __init__
    self.handle()
  File "C:\Program Files\Python311\Lib\http\server.py", line 436, in handle
    self.handle_one_request()
  File "C:\Program Files\Python311\Lib\http\server.py", line 424, in handle_one_request
    method()
  File "C:\Anup\6gsimulation\sixgr_foundation_v2 (2)\apps\lls_web_dashboard.py", line 12676, in do_GET
    self.send_error(HTTPStatus.INTERNAL_SERVER_ERROR, str(exc))
  File "C:\Program Files\Python311\Lib\http\server.py", line 488, in send_error
    self.end_headers()
  File "C:\Program Files\Python311\Lib\http\server.py", line 538, in end_headers
    self.flush_headers()
  File "C:\Program Files\Python311\Lib\http\server.py", line 542, in flush_headers
    self.wfile.write(b"".join(self._headers_buffer))
  File "C:\Program Files\Python311\Lib\socketserver.py", line 834, in write
    self._sock.sendall(b)
ConnectionAbortedError: [WinError 10053] An established connection was aborted by the software in your host machine
----------------------------------------
----------------------------------------
Exception occurred during processing of request from ('127.0.0.1', 49902)
Traceback (most recent call last):
  File "C:\Anup\6gsimulation\sixgr_foundation_v2 (2)\apps\lls_web_dashboard.py", line 12654, in do_GET
    self.respond_json(build_live_payload(run_id))
  File "C:\Anup\6gsimulation\sixgr_foundation_v2 (2)\apps\lls_web_dashboard.py", line 12785, in respond_json
    self.wfile.write(raw)
  File "C:\Program Files\Python311\Lib\socketserver.py", line 834, in write
    self._sock.sendall(b)
ConnectionAbortedError: [WinError 10053] An established connection was aborted by the software in your host machine

During handling of the above exception, another exception occurred:

Traceback (most recent call last):
  File "C:\Program Files\Python311\Lib\socketserver.py", line 691, in process_request_thread
    self.finish_request(request, client_address)
  File "C:\Program Files\Python311\Lib\socketserver.py", line 361, in finish_request
    self.RequestHandlerClass(request, client_address, self)
  File "C:\Program Files\Python311\Lib\socketserver.py", line 755, in __init__
    self.handle()
  File "C:\Program Files\Python311\Lib\http\server.py", line 436, in handle
    self.handle_one_request()
  File "C:\Program Files\Python311\Lib\http\server.py", line 424, in handle_one_request
    method()
  File "C:\Anup\6gsimulation\sixgr_foundation_v2 (2)\apps\lls_web_dashboard.py", line 12676, in do_GET
    self.send_error(HTTPStatus.INTERNAL_SERVER_ERROR, str(exc))
  File "C:\Program Files\Python311\Lib\http\server.py", line 488, in send_error
    self.end_headers()
  File "C:\Program Files\Python311\Lib\http\server.py", line 538, in end_headers
    self.flush_headers()
  File "C:\Program Files\Python311\Lib\http\server.py", line 542, in flush_headers
    self.wfile.write(b"".join(self._headers_buffer))
  File "C:\Program Files\Python311\Lib\socketserver.py", line 834, in write
    self._sock.sendall(b)
ConnectionAbortedError: [WinError 10053] An established connection was aborted by the software in your host machine
----------------------------------------
----------------------------------------
Exception occurred during processing of request from ('127.0.0.1', 49903)
Traceback (most recent call last):
  File "C:\Anup\6gsimulation\sixgr_foundation_v2 (2)\apps\lls_web_dashboard.py", line 12654, in do_GET
    self.respond_json(build_live_payload(run_id))
  File "C:\Anup\6gsimulation\sixgr_foundation_v2 (2)\apps\lls_web_dashboard.py", line 12785, in respond_json
    self.wfile.write(raw)
  File "C:\Program Files\Python311\Lib\socketserver.py", line 834, in write
    self._sock.sendall(b)
ConnectionAbortedError: [WinError 10053] An established connection was aborted by the software in your host machine

During handling of the above exception, another exception occurred:

Traceback (most recent call last):
  File "C:\Program Files\Python311\Lib\socketserver.py", line 691, in process_request_thread
    self.finish_request(request, client_address)
  File "C:\Program Files\Python311\Lib\socketserver.py", line 361, in finish_request
    self.RequestHandlerClass(request, client_address, self)
  File "C:\Program Files\Python311\Lib\socketserver.py", line 755, in __init__
    self.handle()
  File "C:\Program Files\Python311\Lib\http\server.py", line 436, in handle
    self.handle_one_request()
  File "C:\Program Files\Python311\Lib\http\server.py", line 424, in handle_one_request
    method()
  File "C:\Anup\6gsimulation\sixgr_foundation_v2 (2)\apps\lls_web_dashboard.py", line 12676, in do_GET
    self.send_error(HTTPStatus.INTERNAL_SERVER_ERROR, str(exc))
  File "C:\Program Files\Python311\Lib\http\server.py", line 488, in send_error
    self.end_headers()
  File "C:\Program Files\Python311\Lib\http\server.py", line 538, in end_headers
    self.flush_headers()
  File "C:\Program Files\Python311\Lib\http\server.py", line 542, in flush_headers
    self.wfile.write(b"".join(self._headers_buffer))
  File "C:\Program Files\Python311\Lib\socketserver.py", line 834, in write
    self._sock.sendall(b)
ConnectionAbortedError: [WinError 10053] An established connection was aborted by the software in your host machine
----------------------------------------
----------------------------------------
Exception occurred during processing of request from ('127.0.0.1', 49904)
Traceback (most recent call last):
  File "C:\Anup\6gsimulation\sixgr_foundation_v2 (2)\apps\lls_web_dashboard.py", line 12654, in do_GET
    self.respond_json(build_live_payload(run_id))
  File "C:\Anup\6gsimulation\sixgr_foundation_v2 (2)\apps\lls_web_dashboard.py", line 12785, in respond_json
    self.wfile.write(raw)
  File "C:\Program Files\Python311\Lib\socketserver.py", line 834, in write
    self._sock.sendall(b)
ConnectionAbortedError: [WinError 10053] An established connection was aborted by the software in your host machine

During handling of the above exception, another exception occurred:

Traceback (most recent call last):
  File "C:\Program Files\Python311\Lib\socketserver.py", line 691, in process_request_thread
    self.finish_request(request, client_address)
  File "C:\Program Files\Python311\Lib\socketserver.py", line 361, in finish_request
    self.RequestHandlerClass(request, client_address, self)
  File "C:\Program Files\Python311\Lib\socketserver.py", line 755, in __init__
    self.handle()
  File "C:\Program Files\Python311\Lib\http\server.py", line 436, in handle
    self.handle_one_request()
  File "C:\Program Files\Python311\Lib\http\server.py", line 424, in handle_one_request
    method()
  File "C:\Anup\6gsimulation\sixgr_foundation_v2 (2)\apps\lls_web_dashboard.py", line 12676, in do_GET
    self.send_error(HTTPStatus.INTERNAL_SERVER_ERROR, str(exc))
  File "C:\Program Files\Python311\Lib\http\server.py", line 488, in send_error
    self.end_headers()
  File "C:\Program Files\Python311\Lib\http\server.py", line 538, in end_headers
    self.flush_headers()
  File "C:\Program Files\Python311\Lib\http\server.py", line 542, in flush_headers
    self.wfile.write(b"".join(self._headers_buffer))
  File "C:\Program Files\Python311\Lib\socketserver.py", line 834, in write
    self._sock.sendall(b)
ConnectionAbortedError: [WinError 10053] An established connection was aborted by the software in your host machine
----------------------------------------
----------------------------------------
Exception occurred during processing of request from ('127.0.0.1', 49905)
Traceback (most recent call last):
  File "C:\Anup\6gsimulation\sixgr_foundation_v2 (2)\apps\lls_web_dashboard.py", line 12654, in do_GET
    self.respond_json(build_live_payload(run_id))
  File "C:\Anup\6gsimulation\sixgr_foundation_v2 (2)\apps\lls_web_dashboard.py", line 12785, in respond_json
    self.wfile.write(raw)
  File "C:\Program Files\Python311\Lib\socketserver.py", line 834, in write
    self._sock.sendall(b)
ConnectionAbortedError: [WinError 10053] An established connection was aborted by the software in your host machine

During handling of the above exception, another exception occurred:

Traceback (most recent call last):
  File "C:\Program Files\Python311\Lib\socketserver.py", line 691, in process_request_thread
    self.finish_request(request, client_address)
  File "C:\Program Files\Python311\Lib\socketserver.py", line 361, in finish_request
    self.RequestHandlerClass(request, client_address, self)
  File "C:\Program Files\Python311\Lib\socketserver.py", line 755, in __init__
    self.handle()
  File "C:\Program Files\Python311\Lib\http\server.py", line 436, in handle
    self.handle_one_request()
  File "C:\Program Files\Python311\Lib\http\server.py", line 424, in handle_one_request
    method()
  File "C:\Anup\6gsimulation\sixgr_foundation_v2 (2)\apps\lls_web_dashboard.py", line 12676, in do_GET
    self.send_error(HTTPStatus.INTERNAL_SERVER_ERROR, str(exc))
  File "C:\Program Files\Python311\Lib\http\server.py", line 488, in send_error
    self.end_headers()
  File "C:\Program Files\Python311\Lib\http\server.py", line 538, in end_headers
    self.flush_headers()
  File "C:\Program Files\Python311\Lib\http\server.py", line 542, in flush_headers
    self.wfile.write(b"".join(self._headers_buffer))
  File "C:\Program Files\Python311\Lib\socketserver.py", line 834, in write
    self._sock.sendall(b)
ConnectionAbortedError: [WinError 10053] An established connection was aborted by the software in your host machine
----------------------------------------
----------------------------------------
Exception occurred during processing of request from ('127.0.0.1', 49916)
Traceback (most recent call last):
  File "C:\Anup\6gsimulation\sixgr_foundation_v2 (2)\apps\lls_web_dashboard.py", line 12654, in do_GET
    self.respond_json(build_live_payload(run_id))
  File "C:\Anup\6gsimulation\sixgr_foundation_v2 (2)\apps\lls_web_dashboard.py", line 12785, in respond_json
    self.wfile.write(raw)
  File "C:\Program Files\Python311\Lib\socketserver.py", line 834, in write
    self._sock.sendall(b)
ConnectionAbortedError: [WinError 10053] An established connection was aborted by the software in your host machine

During handling of the above exception, another exception occurred:

Traceback (most recent call last):
  File "C:\Program Files\Python311\Lib\socketserver.py", line 691, in process_request_thread
    self.finish_request(request, client_address)
  File "C:\Program Files\Python311\Lib\socketserver.py", line 361, in finish_request
    self.RequestHandlerClass(request, client_address, self)
  File "C:\Program Files\Python311\Lib\socketserver.py", line 755, in __init__
    self.handle()
  File "C:\Program Files\Python311\Lib\http\server.py", line 436, in handle
    self.handle_one_request()
  File "C:\Program Files\Python311\Lib\http\server.py", line 424, in handle_one_request
    method()
  File "C:\Anup\6gsimulation\sixgr_foundation_v2 (2)\apps\lls_web_dashboard.py", line 12676, in do_GET
    self.send_error(HTTPStatus.INTERNAL_SERVER_ERROR, str(exc))
  File "C:\Program Files\Python311\Lib\http\server.py", line 488, in send_error
    self.end_headers()
  File "C:\Program Files\Python311\Lib\http\server.py", line 538, in end_headers
    self.flush_headers()
  File "C:\Program Files\Python311\Lib\http\server.py", line 542, in flush_headers
    self.wfile.write(b"".join(self._headers_buffer))
  File "C:\Program Files\Python311\Lib\socketserver.py", line 834, in write
    self._sock.sendall(b)
ConnectionAbortedError: [WinError 10053] An established connection was aborted by the software in your host machine
----------------------------------------
----------------------------------------
Exception occurred during processing of request from ('127.0.0.1', 49924)
Traceback (most recent call last):
  File "C:\Anup\6gsimulation\sixgr_foundation_v2 (2)\apps\lls_web_dashboard.py", line 12654, in do_GET
    self.respond_json(build_live_payload(run_id))
  File "C:\Anup\6gsimulation\sixgr_foundation_v2 (2)\apps\lls_web_dashboard.py", line 12785, in respond_json
    self.wfile.write(raw)
  File "C:\Program Files\Python311\Lib\socketserver.py", line 834, in write
    self._sock.sendall(b)
ConnectionAbortedError: [WinError 10053] An established connection was aborted by the software in your host machine

During handling of the above exception, another exception occurred:

Traceback (most recent call last):
  File "C:\Program Files\Python311\Lib\socketserver.py", line 691, in process_request_thread
    self.finish_request(request, client_address)
  File "C:\Program Files\Python311\Lib\socketserver.py", line 361, in finish_request
    self.RequestHandlerClass(request, client_address, self)
  File "C:\Program Files\Python311\Lib\socketserver.py", line 755, in __init__
    self.handle()
  File "C:\Program Files\Python311\Lib\http\server.py", line 436, in handle
    self.handle_one_request()
  File "C:\Program Files\Python311\Lib\http\server.py", line 424, in handle_one_request
    method()
  File "C:\Anup\6gsimulation\sixgr_foundation_v2 (2)\apps\lls_web_dashboard.py", line 12676, in do_GET
    self.send_error(HTTPStatus.INTERNAL_SERVER_ERROR, str(exc))
  File "C:\Program Files\Python311\Lib\http\server.py", line 488, in send_error
    self.end_headers()
  File "C:\Program Files\Python311\Lib\http\server.py", line 538, in end_headers
    self.flush_headers()
  File "C:\Program Files\Python311\Lib\http\server.py", line 542, in flush_headers
    self.wfile.write(b"".join(self._headers_buffer))
  File "C:\Program Files\Python311\Lib\socketserver.py", line 834, in write
    self._sock.sendall(b)
ConnectionAbortedError: [WinError 10053] An established connection was aborted by the software in your host machine
----------------------------------------
----------------------------------------
Exception occurred during processing of request from ('127.0.0.1', 49925)
Traceback (most recent call last):
  File "C:\Anup\6gsimulation\sixgr_foundation_v2 (2)\apps\lls_web_dashboard.py", line 12654, in do_GET
    self.respond_json(build_live_payload(run_id))
  File "C:\Anup\6gsimulation\sixgr_foundation_v2 (2)\apps\lls_web_dashboard.py", line 12785, in respond_json
    self.wfile.write(raw)
  File "C:\Program Files\Python311\Lib\socketserver.py", line 834, in write
    self._sock.sendall(b)
ConnectionAbortedError: [WinError 10053] An established connection was aborted by the software in your host machine

During handling of the above exception, another exception occurred:

Traceback (most recent call last):
  File "C:\Program Files\Python311\Lib\socketserver.py", line 691, in process_request_thread
    self.finish_request(request, client_address)
  File "C:\Program Files\Python311\Lib\socketserver.py", line 361, in finish_request
    self.RequestHandlerClass(request, client_address, self)
  File "C:\Program Files\Python311\Lib\socketserver.py", line 755, in __init__
    self.handle()
  File "C:\Program Files\Python311\Lib\http\server.py", line 436, in handle
    self.handle_one_request()
  File "C:\Program Files\Python311\Lib\http\server.py", line 424, in handle_one_request
    method()
  File "C:\Anup\6gsimulation\sixgr_foundation_v2 (2)\apps\lls_web_dashboard.py", line 12676, in do_GET
    self.send_error(HTTPStatus.INTERNAL_SERVER_ERROR, str(exc))
  File "C:\Program Files\Python311\Lib\http\server.py", line 488, in send_error
    self.end_headers()
  File "C:\Program Files\Python311\Lib\http\server.py", line 538, in end_headers
    self.flush_headers()
  File "C:\Program Files\Python311\Lib\http\server.py", line 542, in flush_headers
    self.wfile.write(b"".join(self._headers_buffer))
  File "C:\Program Files\Python311\Lib\socketserver.py", line 834, in write
    self._sock.sendall(b)
ConnectionAbortedError: [WinError 10053] An established connection was aborted by the software in your host machine
----------------------------------------
----------------------------------------
Exception occurred during processing of request from ('127.0.0.1', 49950)
Traceback (most recent call last):
  File "C:\Anup\6gsimulation\sixgr_foundation_v2 (2)\apps\lls_web_dashboard.py", line 12654, in do_GET
    self.respond_json(build_live_payload(run_id))
  File "C:\Anup\6gsimulation\sixgr_foundation_v2 (2)\apps\lls_web_dashboard.py", line 12785, in respond_json
    self.wfile.write(raw)
  File "C:\Program Files\Python311\Lib\socketserver.py", line 834, in write
    self._sock.sendall(b)
ConnectionAbortedError: [WinError 10053] An established connection was aborted by the software in your host machine

During handling of the above exception, another exception occurred:

Traceback (most recent call last):
  File "C:\Program Files\Python311\Lib\socketserver.py", line 691, in process_request_thread
    self.finish_request(request, client_address)
  File "C:\Program Files\Python311\Lib\socketserver.py", line 361, in finish_request
    self.RequestHandlerClass(request, client_address, self)
  File "C:\Program Files\Python311\Lib\socketserver.py", line 755, in __init__
    self.handle()
  File "C:\Program Files\Python311\Lib\http\server.py", line 436, in handle
    self.handle_one_request()
  File "C:\Program Files\Python311\Lib\http\server.py", line 424, in handle_one_request
    method()
  File "C:\Anup\6gsimulation\sixgr_foundation_v2 (2)\apps\lls_web_dashboard.py", line 12676, in do_GET
    self.send_error(HTTPStatus.INTERNAL_SERVER_ERROR, str(exc))
  File "C:\Program Files\Python311\Lib\http\server.py", line 488, in send_error
    self.end_headers()
  File "C:\Program Files\Python311\Lib\http\server.py", line 538, in end_headers
    self.flush_headers()
  File "C:\Program Files\Python311\Lib\http\server.py", line 542, in flush_headers
    self.wfile.write(b"".join(self._headers_buffer))
  File "C:\Program Files\Python311\Lib\socketserver.py", line 834, in write
    self._sock.sendall(b)
ConnectionAbortedError: [WinError 10053] An established connection was aborted by the software in your host machine
----------------------------------------
----------------------------------------
Exception occurred during processing of request from ('127.0.0.1', 49951)
Traceback (most recent call last):
  File "C:\Anup\6gsimulation\sixgr_foundation_v2 (2)\apps\lls_web_dashboard.py", line 12654, in do_GET
    self.respond_json(build_live_payload(run_id))
  File "C:\Anup\6gsimulation\sixgr_foundation_v2 (2)\apps\lls_web_dashboard.py", line 12785, in respond_json
    self.wfile.write(raw)
  File "C:\Program Files\Python311\Lib\socketserver.py", line 834, in write
    self._sock.sendall(b)
ConnectionAbortedError: [WinError 10053] An established connection was aborted by the software in your host machine

During handling of the above exception, another exception occurred:

Traceback (most recent call last):
  File "C:\Program Files\Python311\Lib\socketserver.py", line 691, in process_request_thread
    self.finish_request(request, client_address)
  File "C:\Program Files\Python311\Lib\socketserver.py", line 361, in finish_request
    self.RequestHandlerClass(request, client_address, self)
  File "C:\Program Files\Python311\Lib\socketserver.py", line 755, in __init__
    self.handle()
  File "C:\Program Files\Python311\Lib\http\server.py", line 436, in handle
    self.handle_one_request()
  File "C:\Program Files\Python311\Lib\http\server.py", line 424, in handle_one_request
    method()
  File "C:\Anup\6gsimulation\sixgr_foundation_v2 (2)\apps\lls_web_dashboard.py", line 12676, in do_GET
    self.send_error(HTTPStatus.INTERNAL_SERVER_ERROR, str(exc))
  File "C:\Program Files\Python311\Lib\http\server.py", line 488, in send_error
    self.end_headers()
  File "C:\Program Files\Python311\Lib\http\server.py", line 538, in end_headers
    self.flush_headers()
  File "C:\Program Files\Python311\Lib\http\server.py", line 542, in flush_headers
    self.wfile.write(b"".join(self._headers_buffer))
  File "C:\Program Files\Python311\Lib\socketserver.py", line 834, in write
    self._sock.sendall(b)
ConnectionAbortedError: [WinError 10053] An established connection was aborted by the software in your host machine
----------------------------------------
----------------------------------------
Exception occurred during processing of request from ('127.0.0.1', 49952)
Traceback (most recent call last):
  File "C:\Anup\6gsimulation\sixgr_foundation_v2 (2)\apps\lls_web_dashboard.py", line 12654, in do_GET
    self.respond_json(build_live_payload(run_id))
  File "C:\Anup\6gsimulation\sixgr_foundation_v2 (2)\apps\lls_web_dashboard.py", line 12785, in respond_json
    self.wfile.write(raw)
  File "C:\Program Files\Python311\Lib\socketserver.py", line 834, in write
    self._sock.sendall(b)
ConnectionAbortedError: [WinError 10053] An established connection was aborted by the software in your host machine

During handling of the above exception, another exception occurred:

Traceback (most recent call last):
  File "C:\Program Files\Python311\Lib\socketserver.py", line 691, in process_request_thread
    self.finish_request(request, client_address)
  File "C:\Program Files\Python311\Lib\socketserver.py", line 361, in finish_request
    self.RequestHandlerClass(request, client_address, self)
  File "C:\Program Files\Python311\Lib\socketserver.py", line 755, in __init__
    self.handle()
  File "C:\Program Files\Python311\Lib\http\server.py", line 436, in handle
    self.handle_one_request()
  File "C:\Program Files\Python311\Lib\http\server.py", line 424, in handle_one_request
    method()
  File "C:\Anup\6gsimulation\sixgr_foundation_v2 (2)\apps\lls_web_dashboard.py", line 12676, in do_GET
    self.send_error(HTTPStatus.INTERNAL_SERVER_ERROR, str(exc))
  File "C:\Program Files\Python311\Lib\http\server.py", line 488, in send_error
    self.end_headers()
  File "C:\Program Files\Python311\Lib\http\server.py", line 538, in end_headers
    self.flush_headers()
  File "C:\Program Files\Python311\Lib\http\server.py", line 542, in flush_headers
    self.wfile.write(b"".join(self._headers_buffer))
  File "C:\Program Files\Python311\Lib\socketserver.py", line 834, in write
    self._sock.sendall(b)
ConnectionAbortedError: [WinError 10053] An established connection was aborted by the software in your host machine
----------------------------------------
----------------------------------------
Exception occurred during processing of request from ('127.0.0.1', 49978)
Traceback (most recent call last):
  File "C:\Anup\6gsimulation\sixgr_foundation_v2 (2)\apps\lls_web_dashboard.py", line 12654, in do_GET
    self.respond_json(build_live_payload(run_id))
  File "C:\Anup\6gsimulation\sixgr_foundation_v2 (2)\apps\lls_web_dashboard.py", line 12785, in respond_json
    self.wfile.write(raw)
  File "C:\Program Files\Python311\Lib\socketserver.py", line 834, in write
    self._sock.sendall(b)
ConnectionAbortedError: [WinError 10053] An established connection was aborted by the software in your host machine

During handling of the above exception, another exception occurred:

Traceback (most recent call last):
  File "C:\Program Files\Python311\Lib\socketserver.py", line 691, in process_request_thread
    self.finish_request(request, client_address)
  File "C:\Program Files\Python311\Lib\socketserver.py", line 361, in finish_request
    self.RequestHandlerClass(request, client_address, self)
  File "C:\Program Files\Python311\Lib\socketserver.py", line 755, in __init__
    self.handle()
  File "C:\Program Files\Python311\Lib\http\server.py", line 436, in handle
    self.handle_one_request()
  File "C:\Program Files\Python311\Lib\http\server.py", line 424, in handle_one_request
    method()
  File "C:\Anup\6gsimulation\sixgr_foundation_v2 (2)\apps\lls_web_dashboard.py", line 12676, in do_GET
    self.send_error(HTTPStatus.INTERNAL_SERVER_ERROR, str(exc))
  File "C:\Program Files\Python311\Lib\http\server.py", line 488, in send_error
    self.end_headers()
  File "C:\Program Files\Python311\Lib\http\server.py", line 538, in end_headers
    self.flush_headers()
  File "C:\Program Files\Python311\Lib\http\server.py", line 542, in flush_headers
    self.wfile.write(b"".join(self._headers_buffer))
  File "C:\Program Files\Python311\Lib\socketserver.py", line 834, in write
    self._sock.sendall(b)
ConnectionAbortedError: [WinError 10053] An established connection was aborted by the software in your host machine
----------------------------------------
----------------------------------------
Exception occurred during processing of request from ('127.0.0.1', 49979)
Traceback (most recent call last):
  File "C:\Anup\6gsimulation\sixgr_foundation_v2 (2)\apps\lls_web_dashboard.py", line 12654, in do_GET
    self.respond_json(build_live_payload(run_id))
  File "C:\Anup\6gsimulation\sixgr_foundation_v2 (2)\apps\lls_web_dashboard.py", line 12785, in respond_json
    self.wfile.write(raw)
  File "C:\Program Files\Python311\Lib\socketserver.py", line 834, in write
    self._sock.sendall(b)
ConnectionAbortedError: [WinError 10053] An established connection was aborted by the software in your host machine

During handling of the above exception, another exception occurred:

Traceback (most recent call last):
  File "C:\Program Files\Python311\Lib\socketserver.py", line 691, in process_request_thread
    self.finish_request(request, client_address)
  File "C:\Program Files\Python311\Lib\socketserver.py", line 361, in finish_request
    self.RequestHandlerClass(request, client_address, self)
  File "C:\Program Files\Python311\Lib\socketserver.py", line 755, in __init__
    self.handle()
  File "C:\Program Files\Python311\Lib\http\server.py", line 436, in handle
    self.handle_one_request()
  File "C:\Program Files\Python311\Lib\http\server.py", line 424, in handle_one_request
    method()
  File "C:\Anup\6gsimulation\sixgr_foundation_v2 (2)\apps\lls_web_dashboard.py", line 12676, in do_GET
    self.send_error(HTTPStatus.INTERNAL_SERVER_ERROR, str(exc))
  File "C:\Program Files\Python311\Lib\http\server.py", line 488, in send_error
    self.end_headers()
  File "C:\Program Files\Python311\Lib\http\server.py", line 538, in end_headers
    self.flush_headers()
  File "C:\Program Files\Python311\Lib\http\server.py", line 542, in flush_headers
    self.wfile.write(b"".join(self._headers_buffer))
  File "C:\Program Files\Python311\Lib\socketserver.py", line 834, in write
    self._sock.sendall(b)
ConnectionAbortedError: [WinError 10053] An established connection was aborted by the software in your host machine
----------------------------------------
----------------------------------------
Exception occurred during processing of request from ('127.0.0.1', 49990)
Traceback (most recent call last):
  File "C:\Anup\6gsimulation\sixgr_foundation_v2 (2)\apps\lls_web_dashboard.py", line 12654, in do_GET
    self.respond_json(build_live_payload(run_id))
  File "C:\Anup\6gsimulation\sixgr_foundation_v2 (2)\apps\lls_web_dashboard.py", line 12785, in respond_json
    self.wfile.write(raw)
  File "C:\Program Files\Python311\Lib\socketserver.py", line 834, in write
    self._sock.sendall(b)
ConnectionAbortedError: [WinError 10053] An established connection was aborted by the software in your host machine

During handling of the above exception, another exception occurred:

Traceback (most recent call last):
  File "C:\Program Files\Python311\Lib\socketserver.py", line 691, in process_request_thread
    self.finish_request(request, client_address)
  File "C:\Program Files\Python311\Lib\socketserver.py", line 361, in finish_request
    self.RequestHandlerClass(request, client_address, self)
  File "C:\Program Files\Python311\Lib\socketserver.py", line 755, in __init__
    self.handle()
  File "C:\Program Files\Python311\Lib\http\server.py", line 436, in handle
    self.handle_one_request()
  File "C:\Program Files\Python311\Lib\http\server.py", line 424, in handle_one_request
    method()
  File "C:\Anup\6gsimulation\sixgr_foundation_v2 (2)\apps\lls_web_dashboard.py", line 12676, in do_GET
    self.send_error(HTTPStatus.INTERNAL_SERVER_ERROR, str(exc))
  File "C:\Program Files\Python311\Lib\http\server.py", line 488, in send_error
    self.end_headers()
  File "C:\Program Files\Python311\Lib\http\server.py", line 538, in end_headers
    self.flush_headers()
  File "C:\Program Files\Python311\Lib\http\server.py", line 542, in flush_headers
    self.wfile.write(b"".join(self._headers_buffer))
  File "C:\Program Files\Python311\Lib\socketserver.py", line 834, in write
    self._sock.sendall(b)
ConnectionAbortedError: [WinError 10053] An established connection was aborted by the software in your host machine
----------------------------------------
----------------------------------------
Exception occurred during processing of request from ('127.0.0.1', 49991)
Traceback (most recent call last):
  File "C:\Anup\6gsimulation\sixgr_foundation_v2 (2)\apps\lls_web_dashboard.py", line 12654, in do_GET
    self.respond_json(build_live_payload(run_id))
  File "C:\Anup\6gsimulation\sixgr_foundation_v2 (2)\apps\lls_web_dashboard.py", line 12785, in respond_json
    self.wfile.write(raw)
  File "C:\Program Files\Python311\Lib\socketserver.py", line 834, in write
    self._sock.sendall(b)
ConnectionAbortedError: [WinError 10053] An established connection was aborted by the software in your host machine

During handling of the above exception, another exception occurred:

Traceback (most recent call last):
  File "C:\Program Files\Python311\Lib\socketserver.py", line 691, in process_request_thread
    self.finish_request(request, client_address)
  File "C:\Program Files\Python311\Lib\socketserver.py", line 361, in finish_request
    self.RequestHandlerClass(request, client_address, self)
  File "C:\Program Files\Python311\Lib\socketserver.py", line 755, in __init__
    self.handle()
  File "C:\Program Files\Python311\Lib\http\server.py", line 436, in handle
    self.handle_one_request()
  File "C:\Program Files\Python311\Lib\http\server.py", line 424, in handle_one_request
    method()
  File "C:\Anup\6gsimulation\sixgr_foundation_v2 (2)\apps\lls_web_dashboard.py", line 12676, in do_GET
    self.send_error(HTTPStatus.INTERNAL_SERVER_ERROR, str(exc))
  File "C:\Program Files\Python311\Lib\http\server.py", line 488, in send_error
    self.end_headers()
  File "C:\Program Files\Python311\Lib\http\server.py", line 538, in end_headers
    self.flush_headers()
  File "C:\Program Files\Python311\Lib\http\server.py", line 542, in flush_headers
    self.wfile.write(b"".join(self._headers_buffer))
  File "C:\Program Files\Python311\Lib\socketserver.py", line 834, in write
    self._sock.sendall(b)
ConnectionAbortedError: [WinError 10053] An established connection was aborted by the software in your host machine
----------------------------------------
----------------------------------------
Exception occurred during processing of request from ('127.0.0.1', 50001)
Traceback (most recent call last):
  File "C:\Anup\6gsimulation\sixgr_foundation_v2 (2)\apps\lls_web_dashboard.py", line 12654, in do_GET
    self.respond_json(build_live_payload(run_id))
  File "C:\Anup\6gsimulation\sixgr_foundation_v2 (2)\apps\lls_web_dashboard.py", line 12785, in respond_json
    self.wfile.write(raw)
  File "C:\Program Files\Python311\Lib\socketserver.py", line 834, in write
    self._sock.sendall(b)
ConnectionAbortedError: [WinError 10053] An established connection was aborted by the software in your host machine

During handling of the above exception, another exception occurred:

Traceback (most recent call last):
  File "C:\Program Files\Python311\Lib\socketserver.py", line 691, in process_request_thread
    self.finish_request(request, client_address)
  File "C:\Program Files\Python311\Lib\socketserver.py", line 361, in finish_request
    self.RequestHandlerClass(request, client_address, self)
  File "C:\Program Files\Python311\Lib\socketserver.py", line 755, in __init__
    self.handle()
  File "C:\Program Files\Python311\Lib\http\server.py", line 436, in handle
    self.handle_one_request()
  File "C:\Program Files\Python311\Lib\http\server.py", line 424, in handle_one_request
    method()
  File "C:\Anup\6gsimulation\sixgr_foundation_v2 (2)\apps\lls_web_dashboard.py", line 12676, in do_GET
    self.send_error(HTTPStatus.INTERNAL_SERVER_ERROR, str(exc))
  File "C:\Program Files\Python311\Lib\http\server.py", line 488, in send_error
    self.end_headers()
  File "C:\Program Files\Python311\Lib\http\server.py", line 538, in end_headers
    self.flush_headers()
  File "C:\Program Files\Python311\Lib\http\server.py", line 542, in flush_headers
    self.wfile.write(b"".join(self._headers_buffer))
  File "C:\Program Files\Python311\Lib\socketserver.py", line 834, in write
    self._sock.sendall(b)
ConnectionAbortedError: [WinError 10053] An established connection was aborted by the software in your host machine
----------------------------------------
----------------------------------------
Exception occurred during processing of request from ('127.0.0.1', 50002)
Traceback (most recent call last):
  File "C:\Anup\6gsimulation\sixgr_foundation_v2 (2)\apps\lls_web_dashboard.py", line 12654, in do_GET
    self.respond_json(build_live_payload(run_id))
  File "C:\Anup\6gsimulation\sixgr_foundation_v2 (2)\apps\lls_web_dashboard.py", line 12785, in respond_json
    self.wfile.write(raw)
  File "C:\Program Files\Python311\Lib\socketserver.py", line 834, in write
    self._sock.sendall(b)
ConnectionAbortedError: [WinError 10053] An established connection was aborted by the software in your host machine

During handling of the above exception, another exception occurred:

Traceback (most recent call last):
  File "C:\Program Files\Python311\Lib\socketserver.py", line 691, in process_request_thread
    self.finish_request(request, client_address)
  File "C:\Program Files\Python311\Lib\socketserver.py", line 361, in finish_request
    self.RequestHandlerClass(request, client_address, self)
  File "C:\Program Files\Python311\Lib\socketserver.py", line 755, in __init__
    self.handle()
  File "C:\Program Files\Python311\Lib\http\server.py", line 436, in handle
    self.handle_one_request()
  File "C:\Program Files\Python311\Lib\http\server.py", line 424, in handle_one_request
    method()
  File "C:\Anup\6gsimulation\sixgr_foundation_v2 (2)\apps\lls_web_dashboard.py", line 12676, in do_GET
    self.send_error(HTTPStatus.INTERNAL_SERVER_ERROR, str(exc))
  File "C:\Program Files\Python311\Lib\http\server.py", line 488, in send_error
    self.end_headers()
  File "C:\Program Files\Python311\Lib\http\server.py", line 538, in end_headers
    self.flush_headers()
  File "C:\Program Files\Python311\Lib\http\server.py", line 542, in flush_headers
    self.wfile.write(b"".join(self._headers_buffer))
  File "C:\Program Files\Python311\Lib\socketserver.py", line 834, in write
    self._sock.sendall(b)
ConnectionAbortedError: [WinError 10053] An established connection was aborted by the software in your host machine
----------------------------------------
----------------------------------------
Exception occurred during processing of request from ('127.0.0.1', 50012)
Traceback (most recent call last):
  File "C:\Anup\6gsimulation\sixgr_foundation_v2 (2)\apps\lls_web_dashboard.py", line 12654, in do_GET
    self.respond_json(build_live_payload(run_id))
  File "C:\Anup\6gsimulation\sixgr_foundation_v2 (2)\apps\lls_web_dashboard.py", line 12785, in respond_json
    self.wfile.write(raw)
  File "C:\Program Files\Python311\Lib\socketserver.py", line 834, in write
    self._sock.sendall(b)
ConnectionAbortedError: [WinError 10053] An established connection was aborted by the software in your host machine

During handling of the above exception, another exception occurred:

Traceback (most recent call last):
  File "C:\Program Files\Python311\Lib\socketserver.py", line 691, in process_request_thread
    self.finish_request(request, client_address)
  File "C:\Program Files\Python311\Lib\socketserver.py", line 361, in finish_request
    self.RequestHandlerClass(request, client_address, self)
  File "C:\Program Files\Python311\Lib\socketserver.py", line 755, in __init__
    self.handle()
  File "C:\Program Files\Python311\Lib\http\server.py", line 436, in handle
    self.handle_one_request()
  File "C:\Program Files\Python311\Lib\http\server.py", line 424, in handle_one_request
    method()
  File "C:\Anup\6gsimulation\sixgr_foundation_v2 (2)\apps\lls_web_dashboard.py", line 12676, in do_GET
    self.send_error(HTTPStatus.INTERNAL_SERVER_ERROR, str(exc))
  File "C:\Program Files\Python311\Lib\http\server.py", line 488, in send_error
    self.end_headers()
  File "C:\Program Files\Python311\Lib\http\server.py", line 538, in end_headers
    self.flush_headers()
  File "C:\Program Files\Python311\Lib\http\server.py", line 542, in flush_headers
    self.wfile.write(b"".join(self._headers_buffer))
  File "C:\Program Files\Python311\Lib\socketserver.py", line 834, in write
    self._sock.sendall(b)
ConnectionAbortedError: [WinError 10053] An established connection was aborted by the software in your host machine
----------------------------------------
----------------------------------------
Exception occurred during processing of request from ('127.0.0.1', 52342)
Traceback (most recent call last):
  File "C:\Program Files\Python311\Lib\site-packages\mysql\connector\pooling.py", line 654, in get_connection
    cnx = self._cnx_queue.get(block=False)
          ^^^^^^^^^^^^^^^^^^^^^^^^^^^^^^^^
  File "C:\Program Files\Python311\Lib\queue.py", line 168, in get
    raise Empty
_queue.Empty

The above exception was the direct cause of the following exception:

Traceback (most recent call last):
----------------------------------------
  File "C:\Anup\6gsimulation\sixgr_foundation_v2 (2)\apps\lls_web_dashboard.py", line 12654, in do_GET
    self.respond_json(build_live_payload(run_id))
                      ^^^^^^^^^^^^^^^^^^^^^^^^^^
----------------------------------------
  File "C:\Anup\6gsimulation\sixgr_foundation_v2 (2)\apps\lls_web_dashboard.py", line 7858, in build_live_payload
    artifacts = fetch_artifacts(run_id)
                ^^^^^^^^^^^^^^^^^^^^^^^
Exception occurred during processing of request from ('127.0.0.1', 52335)
----------------------------------------
Exception occurred during processing of request from ('127.0.0.1', 52333)
----------------------------------------
----------------------------------------
Exception occurred during processing of request from ('127.0.0.1', 52356)
Exception occurred during processing of request from ('127.0.0.1', 52362)
Traceback (most recent call last):
  File "C:\Anup\6gsimulation\sixgr_foundation_v2 (2)\apps\lls_web_dashboard.py", line 2815, in fetch_artifacts
    with db_connection() as conn:
         ^^^^^^^^^^^^^^^
  File "C:\Anup\6gsimulation\sixgr_foundation_v2 (2)\apps\lls_web_dashboard.py", line 147, in db_connection
    return pool.get_connection()
           ^^^^^^^^^^^^^^^^^^^^^
Exception occurred during processing of request from ('127.0.0.1', 52365)
Traceback (most recent call last):
----------------------------------------
Exception occurred during processing of request from ('127.0.0.1', 52330)
Traceback (most recent call last):
  File "C:\Program Files\Python311\Lib\site-packages\mysql\connector\pooling.py", line 656, in get_connection
    raise PoolError("Failed getting connection; pool exhausted") from err
mysql.connector.errors.PoolError: Failed getting connection; pool exhausted
Traceback (most recent call last):
Traceback (most recent call last):
  File "C:\Program Files\Python311\Lib\site-packages\mysql\connector\pooling.py", line 654, in get_connection
    cnx = self._cnx_queue.get(block=False)
          ^^^^^^^^^^^^^^^^^^^^^^^^^^^^^^^^
Traceback (most recent call last):
----------------------------------------
  File "C:\Program Files\Python311\Lib\site-packages\mysql\connector\pooling.py", line 654, in get_connection
    cnx = self._cnx_queue.get(block=False)
          ^^^^^^^^^^^^^^^^^^^^^^^^^^^^^^^^

During handling of the above exception, another exception occurred:

  File "C:\Program Files\Python311\Lib\queue.py", line 168, in get
    raise Empty
----------------------------------------
----------------------------------------
Exception occurred during processing of request from ('127.0.0.1', 52345)
Exception occurred during processing of request from ('127.0.0.1', 52344)
----------------------------------------
Traceback (most recent call last):
_queue.Empty
Exception occurred during processing of request from ('127.0.0.1', 52355)
  File "C:\Program Files\Python311\Lib\queue.py", line 168, in get
    raise Empty
  File "C:\Program Files\Python311\Lib\site-packages\mysql\connector\pooling.py", line 654, in get_connection
    cnx = self._cnx_queue.get(block=False)
          ^^^^^^^^^^^^^^^^^^^^^^^^^^^^^^^^
Exception occurred during processing of request from ('127.0.0.1', 52351)
----------------------------------------
  File "C:\Program Files\Python311\Lib\site-packages\mysql\connector\pooling.py", line 654, in get_connection
    cnx = self._cnx_queue.get(block=False)
          ^^^^^^^^^^^^^^^^^^^^^^^^^^^^^^^^
  File "C:\Program Files\Python311\Lib\queue.py", line 168, in get
    raise Empty
_queue.Empty
  File "C:\Program Files\Python311\Lib\queue.py", line 168, in get
    raise Empty
  File "C:\Program Files\Python311\Lib\socketserver.py", line 691, in process_request_thread
    self.finish_request(request, client_address)
Exception occurred during processing of request from ('127.0.0.1', 52354)
Traceback (most recent call last):
  File "C:\Program Files\Python311\Lib\site-packages\mysql\connector\pooling.py", line 654, in get_connection
    cnx = self._cnx_queue.get(block=False)
          ^^^^^^^^^^^^^^^^^^^^^^^^^^^^^^^^
_queue.Empty

The above exception was the direct cause of the following exception:

_queue.Empty
  File "C:\Program Files\Python311\Lib\socketserver.py", line 361, in finish_request
    self.RequestHandlerClass(request, client_address, self)
  File "C:\Program Files\Python311\Lib\socketserver.py", line 755, in __init__
    self.handle()
Traceback (most recent call last):
----------------------------------------
Exception occurred during processing of request from ('127.0.0.1', 52348)
Traceback (most recent call last):

The above exception was the direct cause of the following exception:

Traceback (most recent call last):
  File "C:\Program Files\Python311\Lib\queue.py", line 168, in get
    raise Empty

The above exception was the direct cause of the following exception:

Traceback (most recent call last):
  File "C:\Program Files\Python311\Lib\site-packages\mysql\connector\pooling.py", line 654, in get_connection
    cnx = self._cnx_queue.get(block=False)
          ^^^^^^^^^^^^^^^^^^^^^^^^^^^^^^^^
Traceback (most recent call last):
Traceback (most recent call last):
  File "C:\Anup\6gsimulation\sixgr_foundation_v2 (2)\apps\lls_web_dashboard.py", line 12654, in do_GET
    self.respond_json(build_live_payload(run_id))
                      ^^^^^^^^^^^^^^^^^^^^^^^^^^
  File "C:\Anup\6gsimulation\sixgr_foundation_v2 (2)\apps\lls_web_dashboard.py", line 7876, in build_live_payload
    contract_materializer.materialize_run_contract_artifacts(

The above exception was the direct cause of the following exception:

  File "C:\Anup\6gsimulation\sixgr_foundation_v2 (2)\apps\lls_web_dashboard.py", line 12654, in do_GET
    self.respond_json(build_live_payload(run_id))
                      ^^^^^^^^^^^^^^^^^^^^^^^^^^
  File "C:\Anup\6gsimulation\sixgr_foundation_v2 (2)\apps\lls_web_dashboard.py", line 7876, in build_live_payload
    contract_materializer.materialize_run_contract_artifacts(
  File "C:\Program Files\Python311\Lib\site-packages\mysql\connector\pooling.py", line 654, in get_connection
    cnx = self._cnx_queue.get(block=False)
          ^^^^^^^^^^^^^^^^^^^^^^^^^^^^^^^^
  File "C:\Program Files\Python311\Lib\site-packages\mysql\connector\pooling.py", line 654, in get_connection
    cnx = self._cnx_queue.get(block=False)
          ^^^^^^^^^^^^^^^^^^^^^^^^^^^^^^^^
_queue.Empty

The above exception was the direct cause of the following exception:

Traceback (most recent call last):
  File "C:\Program Files\Python311\Lib\http\server.py", line 436, in handle
    self.handle_one_request()
  File "C:\Anup\6gsimulation\sixgr_foundation_v2 (2)\apps\lls_contract_materializer.py", line 1859, in materialize_run_contract_artifacts
    contract_current = _existing_contract_artifacts_current(existing, db_connection_factory, feature_policy)
                       ^^^^^^^^^^^^^^^^^^^^^^^^^^^^^^^^^^^^^^^^^^^^^^^^^^^^^^^^^^^^^^^^^^^^^^^^^^^^^^^^^^^^^
  File "C:\Anup\6gsimulation\sixgr_foundation_v2 (2)\apps\lls_contract_materializer.py", line 1777, in _existing_contract_artifacts_current
    if not _artifact_has_current_materializer_version(csv_artifact, db_connection_factory):
           ^^^^^^^^^^^^^^^^^^^^^^^^^^^^^^^^^^^^^^^^^^^^^^^^^^^^^^^^^^^^^^^^^^^^^^^^^^^^^^^
  File "C:\Anup\6gsimulation\sixgr_foundation_v2 (2)\apps\lls_contract_materializer.py", line 1752, in _artifact_has_current_materializer_version
    payload = _artifact_metadata_json(artifact, db_connection_factory)
              ^^^^^^^^^^^^^^^^^^^^^^^^^^^^^^^^^^^^^^^^^^^^^^^^^^^^^^^^
  File "C:\Anup\6gsimulation\sixgr_foundation_v2 (2)\apps\lls_contract_materializer.py", line 1850, in materialize_run_contract_artifacts
    current_source_watermark = _source_artifact_high_watermark(artifacts, db_connection_factory)
                               ^^^^^^^^^^^^^^^^^^^^^^^^^^^^^^^^^^^^^^^^^^^^^^^^^^^^^^^^^^^^^^^^^
  File "C:\Anup\6gsimulation\sixgr_foundation_v2 (2)\apps\lls_web_dashboard.py", line 12612, in do_GET
    self.respond_json({"runs": fetch_runs(limit=limit, run_tag=params.get("run_tag", [None])[0])})
  File "C:\Anup\6gsimulation\sixgr_foundation_v2 (2)\apps\lls_web_dashboard.py", line 12785, in respond_json
    self.wfile.write(raw)
  File "C:\Program Files\Python311\Lib\socketserver.py", line 834, in write
    self._sock.sendall(b)
  File "C:\Program Files\Python311\Lib\queue.py", line 168, in get
    raise Empty
  File "C:\Program Files\Python311\Lib\queue.py", line 168, in get
    raise Empty
  File "C:\Anup\6gsimulation\sixgr_foundation_v2 (2)\apps\lls_contract_materializer.py", line 1739, in _artifact_metadata_json
    with db_connection_factory() as conn:
         ^^^^^^^^^^^^^^^^^^^^^^^
  File "C:\Anup\6gsimulation\sixgr_foundation_v2 (2)\apps\lls_web_dashboard.py", line 147, in db_connection
    return pool.get_connection()
           ^^^^^^^^^^^^^^^^^^^^^
  File "C:\Program Files\Python311\Lib\site-packages\mysql\connector\pooling.py", line 656, in get_connection
    raise PoolError("Failed getting connection; pool exhausted") from err
  File "C:\Program Files\Python311\Lib\http\server.py", line 424, in handle_one_request
    method()
ConnectionAbortedError: [WinError 10053] An established connection was aborted by the software in your host machine
_queue.Empty
_queue.Empty

The above exception was the direct cause of the following exception:

  File "C:\Program Files\Python311\Lib\queue.py", line 168, in get
    raise Empty
mysql.connector.errors.PoolError: Failed getting connection; pool exhausted
  File "C:\Anup\6gsimulation\sixgr_foundation_v2 (2)\apps\lls_web_dashboard.py", line 12676, in do_GET
    self.send_error(HTTPStatus.INTERNAL_SERVER_ERROR, str(exc))

During handling of the above exception, another exception occurred:


The above exception was the direct cause of the following exception:

Traceback (most recent call last):
Traceback (most recent call last):
_queue.Empty

During handling of the above exception, another exception occurred:

  File "C:\Program Files\Python311\Lib\http\server.py", line 491, in send_error
    self.wfile.write(body)
  File "C:\Program Files\Python311\Lib\socketserver.py", line 834, in write
    self._sock.sendall(b)
ConnectionAbortedError: [WinError 10053] An established connection was aborted by the software in your host machine
  File "C:\Anup\6gsimulation\sixgr_foundation_v2 (2)\apps\lls_web_dashboard.py", line 12654, in do_GET
    self.respond_json(build_live_payload(run_id))
                      ^^^^^^^^^^^^^^^^^^^^^^^^^^
  File "C:\Anup\6gsimulation\sixgr_foundation_v2 (2)\apps\lls_web_dashboard.py", line 12654, in do_GET
    self.respond_json(build_live_payload(run_id))
                      ^^^^^^^^^^^^^^^^^^^^^^^^^^
  File "C:\Anup\6gsimulation\sixgr_foundation_v2 (2)\apps\lls_web_dashboard.py", line 7858, in build_live_payload
    artifacts = fetch_artifacts(run_id)
                ^^^^^^^^^^^^^^^^^^^^^^^
Traceback (most recent call last):
Traceback (most recent call last):
  File "C:\Anup\6gsimulation\sixgr_foundation_v2 (2)\apps\lls_contract_materializer.py", line 868, in _source_artifact_high_watermark
    contract_paths = _contract_owned_paths(artifacts, db_connection_factory)
                     ^^^^^^^^^^^^^^^^^^^^^^^^^^^^^^^^^^^^^^^^^^^^^^^^^^^^^^^
----------------------------------------
  File "C:\Anup\6gsimulation\sixgr_foundation_v2 (2)\apps\lls_web_dashboard.py", line 7858, in build_live_payload
    artifacts = fetch_artifacts(run_id)
                ^^^^^^^^^^^^^^^^^^^^^^^

The above exception was the direct cause of the following exception:

  File "C:\Anup\6gsimulation\sixgr_foundation_v2 (2)\apps\lls_web_dashboard.py", line 2815, in fetch_artifacts
    with db_connection() as conn:
         ^^^^^^^^^^^^^^^
  File "C:\Program Files\Python311\Lib\socketserver.py", line 691, in process_request_thread
    self.finish_request(request, client_address)
  File "C:\Program Files\Python311\Lib\socketserver.py", line 691, in process_request_thread
    self.finish_request(request, client_address)
  File "C:\Program Files\Python311\Lib\socketserver.py", line 361, in finish_request
    self.RequestHandlerClass(request, client_address, self)
  File "C:\Program Files\Python311\Lib\socketserver.py", line 755, in __init__
    self.handle()
  File "C:\Program Files\Python311\Lib\site-packages\mysql\connector\pooling.py", line 654, in get_connection
    cnx = self._cnx_queue.get(block=False)
          ^^^^^^^^^^^^^^^^^^^^^^^^^^^^^^^^
Traceback (most recent call last):
  File "C:\Program Files\Python311\Lib\site-packages\mysql\connector\pooling.py", line 654, in get_connection
    cnx = self._cnx_queue.get(block=False)
          ^^^^^^^^^^^^^^^^^^^^^^^^^^^^^^^^
Traceback (most recent call last):
  File "C:\Anup\6gsimulation\sixgr_foundation_v2 (2)\apps\lls_web_dashboard.py", line 12654, in do_GET
    self.respond_json(build_live_payload(run_id))
                      ^^^^^^^^^^^^^^^^^^^^^^^^^^
Traceback (most recent call last):
Traceback (most recent call last):
  File "C:\Anup\6gsimulation\sixgr_foundation_v2 (2)\apps\lls_web_dashboard.py", line 147, in db_connection
    return pool.get_connection()
           ^^^^^^^^^^^^^^^^^^^^^
  File "C:\Program Files\Python311\Lib\socketserver.py", line 361, in finish_request
    self.RequestHandlerClass(request, client_address, self)
  File "C:\Program Files\Python311\Lib\socketserver.py", line 755, in __init__
    self.handle()
  File "C:\Anup\6gsimulation\sixgr_foundation_v2 (2)\apps\lls_web_dashboard.py", line 2815, in fetch_artifacts
    with db_connection() as conn:
         ^^^^^^^^^^^^^^^
  File "C:\Anup\6gsimulation\sixgr_foundation_v2 (2)\apps\lls_web_dashboard.py", line 147, in db_connection
    return pool.get_connection()
           ^^^^^^^^^^^^^^^^^^^^^
  File "C:\Program Files\Python311\Lib\site-packages\mysql\connector\pooling.py", line 656, in get_connection
    raise PoolError("Failed getting connection; pool exhausted") from err
  File "C:\Anup\6gsimulation\sixgr_foundation_v2 (2)\apps\lls_web_dashboard.py", line 12654, in do_GET
    self.respond_json(build_live_payload(run_id))
                      ^^^^^^^^^^^^^^^^^^^^^^^^^^
  File "C:\Program Files\Python311\Lib\queue.py", line 168, in get
    raise Empty
_queue.Empty

The above exception was the direct cause of the following exception:

  File "C:\Program Files\Python311\Lib\http\server.py", line 436, in handle
    self.handle_one_request()
  File "C:\Anup\6gsimulation\sixgr_foundation_v2 (2)\apps\lls_web_dashboard.py", line 12654, in do_GET
    self.respond_json(build_live_payload(run_id))
                      ^^^^^^^^^^^^^^^^^^^^^^^^^^
  File "C:\Anup\6gsimulation\sixgr_foundation_v2 (2)\apps\lls_web_dashboard.py", line 7852, in build_live_payload
    run_row = fetch_run(run_id)
              ^^^^^^^^^^^^^^^^^
  File "C:\Anup\6gsimulation\sixgr_foundation_v2 (2)\apps\lls_contract_materializer.py", line 857, in _contract_owned_paths
    if _artifact_is_contract_owned(artifact, db_connection_factory):
       ^^^^^^^^^^^^^^^^^^^^^^^^^^^^^^^^^^^^^^^^^^^^^^^^^^^^^^^^^^^^
  File "C:\Anup\6gsimulation\sixgr_foundation_v2 (2)\apps\lls_web_dashboard.py", line 12654, in do_GET
    self.respond_json(build_live_payload(run_id))
                      ^^^^^^^^^^^^^^^^^^^^^^^^^^
  File "C:\Anup\6gsimulation\sixgr_foundation_v2 (2)\apps\lls_web_dashboard.py", line 7852, in build_live_payload
    run_row = fetch_run(run_id)
              ^^^^^^^^^^^^^^^^^
  File "C:\Anup\6gsimulation\sixgr_foundation_v2 (2)\apps\lls_web_dashboard.py", line 2752, in fetch_run
    with db_connection() as conn:
         ^^^^^^^^^^^^^^^
mysql.connector.errors.PoolError: Failed getting connection; pool exhausted

During handling of the above exception, another exception occurred:

  File "C:\Program Files\Python311\Lib\http\server.py", line 436, in handle
    self.handle_one_request()
  File "C:\Anup\6gsimulation\sixgr_foundation_v2 (2)\apps\lls_web_dashboard.py", line 7876, in build_live_payload
    contract_materializer.materialize_run_contract_artifacts(
  File "C:\Anup\6gsimulation\sixgr_foundation_v2 (2)\apps\lls_contract_materializer.py", line 1850, in materialize_run_contract_artifacts
    current_source_watermark = _source_artifact_high_watermark(artifacts, db_connection_factory)
                               ^^^^^^^^^^^^^^^^^^^^^^^^^^^^^^^^^^^^^^^^^^^^^^^^^^^^^^^^^^^^^^^^^
Traceback (most recent call last):
  File "C:\Anup\6gsimulation\sixgr_foundation_v2 (2)\apps\lls_web_dashboard.py", line 147, in db_connection
    return pool.get_connection()
           ^^^^^^^^^^^^^^^^^^^^^
  File "C:\Anup\6gsimulation\sixgr_foundation_v2 (2)\apps\lls_web_dashboard.py", line 7852, in build_live_payload
    run_row = fetch_run(run_id)
              ^^^^^^^^^^^^^^^^^
Traceback (most recent call last):
  File "C:\Program Files\Python311\Lib\http\server.py", line 424, in handle_one_request
    method()
  File "C:\Program Files\Python311\Lib\http\server.py", line 424, in handle_one_request
    method()
  File "C:\Anup\6gsimulation\sixgr_foundation_v2 (2)\apps\lls_web_dashboard.py", line 12676, in do_GET
    self.send_error(HTTPStatus.INTERNAL_SERVER_ERROR, str(exc))
  File "C:\Program Files\Python311\Lib\site-packages\mysql\connector\pooling.py", line 656, in get_connection
    raise PoolError("Failed getting connection; pool exhausted") from err
mysql.connector.errors.PoolError: Failed getting connection; pool exhausted
  File "C:\Anup\6gsimulation\sixgr_foundation_v2 (2)\apps\lls_web_dashboard.py", line 2752, in fetch_run
    with db_connection() as conn:
         ^^^^^^^^^^^^^^^
  File "C:\Anup\6gsimulation\sixgr_foundation_v2 (2)\apps\lls_contract_materializer.py", line 840, in _artifact_is_contract_owned
    payload = _artifact_metadata_json(artifact, db_connection_factory)
              ^^^^^^^^^^^^^^^^^^^^^^^^^^^^^^^^^^^^^^^^^^^^^^^^^^^^^^^^
  File "C:\Anup\6gsimulation\sixgr_foundation_v2 (2)\apps\lls_web_dashboard.py", line 12676, in do_GET
    self.send_error(HTTPStatus.INTERNAL_SERVER_ERROR, str(exc))
  File "C:\Program Files\Python311\Lib\http\server.py", line 491, in send_error
    self.wfile.write(body)
  File "C:\Program Files\Python311\Lib\socketserver.py", line 834, in write
    self._sock.sendall(b)
  File "C:\Anup\6gsimulation\sixgr_foundation_v2 (2)\apps\lls_web_dashboard.py", line 2752, in fetch_run
    with db_connection() as conn:
         ^^^^^^^^^^^^^^^
  File "C:\Program Files\Python311\Lib\socketserver.py", line 691, in process_request_thread
    self.finish_request(request, client_address)
  File "C:\Program Files\Python311\Lib\site-packages\mysql\connector\pooling.py", line 654, in get_connection
    cnx = self._cnx_queue.get(block=False)
          ^^^^^^^^^^^^^^^^^^^^^^^^^^^^^^^^
  File "C:\Anup\6gsimulation\sixgr_foundation_v2 (2)\apps\lls_contract_materializer.py", line 868, in _source_artifact_high_watermark
    contract_paths = _contract_owned_paths(artifacts, db_connection_factory)
                     ^^^^^^^^^^^^^^^^^^^^^^^^^^^^^^^^^^^^^^^^^^^^^^^^^^^^^^^
  File "C:\Anup\6gsimulation\sixgr_foundation_v2 (2)\apps\lls_contract_materializer.py", line 857, in _contract_owned_paths
    if _artifact_is_contract_owned(artifact, db_connection_factory):
       ^^^^^^^^^^^^^^^^^^^^^^^^^^^^^^^^^^^^^^^^^^^^^^^^^^^^^^^^^^^^
  File "C:\Anup\6gsimulation\sixgr_foundation_v2 (2)\apps\lls_contract_materializer.py", line 840, in _artifact_is_contract_owned
    payload = _artifact_metadata_json(artifact, db_connection_factory)
              ^^^^^^^^^^^^^^^^^^^^^^^^^^^^^^^^^^^^^^^^^^^^^^^^^^^^^^^^
  File "C:\Anup\6gsimulation\sixgr_foundation_v2 (2)\apps\lls_contract_materializer.py", line 1739, in _artifact_metadata_json
    with db_connection_factory() as conn:
         ^^^^^^^^^^^^^^^^^^^^^^^
  File "C:\Program Files\Python311\Lib\socketserver.py", line 361, in finish_request
    self.RequestHandlerClass(request, client_address, self)
  File "C:\Program Files\Python311\Lib\socketserver.py", line 755, in __init__
    self.handle()
  File "C:\Program Files\Python311\Lib\queue.py", line 168, in get
    raise Empty
  File "C:\Program Files\Python311\Lib\queue.py", line 168, in get
    raise Empty
ConnectionAbortedError: [WinError 10053] An established connection was aborted by the software in your host machine
----------------------------------------
  File "C:\Anup\6gsimulation\sixgr_foundation_v2 (2)\apps\lls_web_dashboard.py", line 147, in db_connection
    return pool.get_connection()
           ^^^^^^^^^^^^^^^^^^^^^
  File "C:\Program Files\Python311\Lib\site-packages\mysql\connector\pooling.py", line 656, in get_connection
    raise PoolError("Failed getting connection; pool exhausted") from err
  File "C:\Program Files\Python311\Lib\http\server.py", line 488, in send_error
    self.end_headers()
  File "C:\Program Files\Python311\Lib\http\server.py", line 538, in end_headers
    self.flush_headers()
  File "C:\Program Files\Python311\Lib\site-packages\mysql\connector\pooling.py", line 656, in get_connection
    raise PoolError("Failed getting connection; pool exhausted") from err
mysql.connector.errors.PoolError: Failed getting connection; pool exhausted
  File "C:\Anup\6gsimulation\sixgr_foundation_v2 (2)\apps\lls_web_dashboard.py", line 147, in db_connection
    return pool.get_connection()
           ^^^^^^^^^^^^^^^^^^^^^
  File "C:\Anup\6gsimulation\sixgr_foundation_v2 (2)\apps\lls_contract_materializer.py", line 1739, in _artifact_metadata_json
    with db_connection_factory() as conn:
         ^^^^^^^^^^^^^^^^^^^^^^^
_queue.Empty
  File "C:\Anup\6gsimulation\sixgr_foundation_v2 (2)\apps\lls_web_dashboard.py", line 12654, in do_GET
    self.respond_json(build_live_payload(run_id))
                      ^^^^^^^^^^^^^^^^^^^^^^^^^^
  File "C:\Anup\6gsimulation\sixgr_foundation_v2 (2)\apps\lls_web_dashboard.py", line 147, in db_connection
    return pool.get_connection()
           ^^^^^^^^^^^^^^^^^^^^^

During handling of the above exception, another exception occurred:

  File "C:\Program Files\Python311\Lib\site-packages\mysql\connector\pooling.py", line 656, in get_connection
    raise PoolError("Failed getting connection; pool exhausted") from err
mysql.connector.errors.PoolError: Failed getting connection; pool exhausted
  File "C:\Anup\6gsimulation\sixgr_foundation_v2 (2)\apps\lls_web_dashboard.py", line 147, in db_connection
    return pool.get_connection()
           ^^^^^^^^^^^^^^^^^^^^^
  File "C:\Program Files\Python311\Lib\site-packages\mysql\connector\pooling.py", line 656, in get_connection
    raise PoolError("Failed getting connection; pool exhausted") from err
mysql.connector.errors.PoolError: Failed getting connection; pool exhausted
Traceback (most recent call last):
  File "C:\Program Files\Python311\Lib\http\server.py", line 542, in flush_headers
    self.wfile.write(b"".join(self._headers_buffer))
  File "C:\Program Files\Python311\Lib\socketserver.py", line 834, in write
    self._sock.sendall(b)
ConnectionAbortedError: [WinError 10053] An established connection was aborted by the software in your host machine
  File "C:\Program Files\Python311\Lib\http\server.py", line 436, in handle
    self.handle_one_request()
  File "C:\Program Files\Python311\Lib\socketserver.py", line 691, in process_request_thread
    self.finish_request(request, client_address)

The above exception was the direct cause of the following exception:

Traceback (most recent call last):
_queue.Empty

During handling of the above exception, another exception occurred:

----------------------------------------
  File "C:\Program Files\Python311\Lib\http\server.py", line 424, in handle_one_request
    method()
  File "C:\Program Files\Python311\Lib\socketserver.py", line 361, in finish_request
    self.RequestHandlerClass(request, client_address, self)

During handling of the above exception, another exception occurred:

Traceback (most recent call last):
mysql.connector.errors.PoolError: Failed getting connection; pool exhausted
  File "C:\Anup\6gsimulation\sixgr_foundation_v2 (2)\apps\lls_web_dashboard.py", line 12676, in do_GET
    self.send_error(HTTPStatus.INTERNAL_SERVER_ERROR, str(exc))
  File "C:\Program Files\Python311\Lib\socketserver.py", line 755, in __init__
    self.handle()
  File "C:\Program Files\Python311\Lib\http\server.py", line 436, in handle
    self.handle_one_request()
  File "C:\Program Files\Python311\Lib\http\server.py", line 424, in handle_one_request
    method()

During handling of the above exception, another exception occurred:

Traceback (most recent call last):
  File "C:\Anup\6gsimulation\sixgr_foundation_v2 (2)\apps\lls_web_dashboard.py", line 12654, in do_GET
    self.respond_json(build_live_payload(run_id))
                      ^^^^^^^^^^^^^^^^^^^^^^^^^^
  File "C:\Anup\6gsimulation\sixgr_foundation_v2 (2)\apps\lls_web_dashboard.py", line 7858, in build_live_payload
    artifacts = fetch_artifacts(run_id)
                ^^^^^^^^^^^^^^^^^^^^^^^
  File "C:\Anup\6gsimulation\sixgr_foundation_v2 (2)\apps\lls_web_dashboard.py", line 2815, in fetch_artifacts
    with db_connection() as conn:
         ^^^^^^^^^^^^^^^

During handling of the above exception, another exception occurred:

  File "C:\Anup\6gsimulation\sixgr_foundation_v2 (2)\apps\lls_web_dashboard.py", line 7852, in build_live_payload
    run_row = fetch_run(run_id)
              ^^^^^^^^^^^^^^^^^
  File "C:\Anup\6gsimulation\sixgr_foundation_v2 (2)\apps\lls_web_dashboard.py", line 2752, in fetch_run
    with db_connection() as conn:
         ^^^^^^^^^^^^^^^
  File "C:\Program Files\Python311\Lib\socketserver.py", line 691, in process_request_thread
    self.finish_request(request, client_address)
  File "C:\Program Files\Python311\Lib\socketserver.py", line 361, in finish_request
    self.RequestHandlerClass(request, client_address, self)
  File "C:\Program Files\Python311\Lib\http\server.py", line 491, in send_error
    self.wfile.write(body)
  File "C:\Program Files\Python311\Lib\socketserver.py", line 834, in write
    self._sock.sendall(b)
  File "C:\Anup\6gsimulation\sixgr_foundation_v2 (2)\apps\lls_web_dashboard.py", line 147, in db_connection
    return pool.get_connection()
           ^^^^^^^^^^^^^^^^^^^^^
  File "C:\Anup\6gsimulation\sixgr_foundation_v2 (2)\apps\lls_web_dashboard.py", line 147, in db_connection
    return pool.get_connection()
           ^^^^^^^^^^^^^^^^^^^^^
  File "C:\Program Files\Python311\Lib\site-packages\mysql\connector\pooling.py", line 656, in get_connection
    raise PoolError("Failed getting connection; pool exhausted") from err
mysql.connector.errors.PoolError: Failed getting connection; pool exhausted
ConnectionAbortedError: [WinError 10053] An established connection was aborted by the software in your host machine
----------------------------------------

The above exception was the direct cause of the following exception:

Traceback (most recent call last):
  File "C:\Program Files\Python311\Lib\site-packages\mysql\connector\pooling.py", line 656, in get_connection
    raise PoolError("Failed getting connection; pool exhausted") from err
Traceback (most recent call last):
  File "C:\Program Files\Python311\Lib\site-packages\mysql\connector\pooling.py", line 656, in get_connection
    raise PoolError("Failed getting connection; pool exhausted") from err
Traceback (most recent call last):
  File "C:\Anup\6gsimulation\sixgr_foundation_v2 (2)\apps\lls_web_dashboard.py", line 12654, in do_GET
    self.respond_json(build_live_payload(run_id))
                      ^^^^^^^^^^^^^^^^^^^^^^^^^^
  File "C:\Anup\6gsimulation\sixgr_foundation_v2 (2)\apps\lls_web_dashboard.py", line 7858, in build_live_payload
    artifacts = fetch_artifacts(run_id)
                ^^^^^^^^^^^^^^^^^^^^^^^
  File "C:\Program Files\Python311\Lib\socketserver.py", line 691, in process_request_thread
    self.finish_request(request, client_address)
  File "C:\Program Files\Python311\Lib\socketserver.py", line 361, in finish_request
    self.RequestHandlerClass(request, client_address, self)
  File "C:\Program Files\Python311\Lib\socketserver.py", line 755, in __init__
    self.handle()
mysql.connector.errors.PoolError: Failed getting connection; pool exhausted

During handling of the above exception, another exception occurred:

mysql.connector.errors.PoolError: Failed getting connection; pool exhausted

During handling of the above exception, another exception occurred:

Traceback (most recent call last):
  File "C:\Anup\6gsimulation\sixgr_foundation_v2 (2)\apps\lls_web_dashboard.py", line 2815, in fetch_artifacts
    with db_connection() as conn:
         ^^^^^^^^^^^^^^^
  File "C:\Anup\6gsimulation\sixgr_foundation_v2 (2)\apps\lls_web_dashboard.py", line 147, in db_connection
    return pool.get_connection()
           ^^^^^^^^^^^^^^^^^^^^^
Traceback (most recent call last):
  File "C:\Program Files\Python311\Lib\socketserver.py", line 691, in process_request_thread
    self.finish_request(request, client_address)
  File "C:\Anup\6gsimulation\sixgr_foundation_v2 (2)\apps\lls_web_dashboard.py", line 12676, in do_GET
    self.send_error(HTTPStatus.INTERNAL_SERVER_ERROR, str(exc))
  File "C:\Program Files\Python311\Lib\http\server.py", line 491, in send_error
    self.wfile.write(body)
  File "C:\Program Files\Python311\Lib\socketserver.py", line 834, in write
    self._sock.sendall(b)
  File "C:\Program Files\Python311\Lib\socketserver.py", line 691, in process_request_thread
    self.finish_request(request, client_address)
  File "C:\Program Files\Python311\Lib\socketserver.py", line 361, in finish_request
    self.RequestHandlerClass(request, client_address, self)
  File "C:\Program Files\Python311\Lib\socketserver.py", line 755, in __init__
    self.handle()

During handling of the above exception, another exception occurred:

Traceback (most recent call last):
  File "C:\Program Files\Python311\Lib\socketserver.py", line 361, in finish_request
    self.RequestHandlerClass(request, client_address, self)
  File "C:\Program Files\Python311\Lib\socketserver.py", line 755, in __init__
    self.handle()
  File "C:\Program Files\Python311\Lib\http\server.py", line 436, in handle
    self.handle_one_request()
  File "C:\Program Files\Python311\Lib\http\server.py", line 424, in handle_one_request
    method()
  File "C:\Anup\6gsimulation\sixgr_foundation_v2 (2)\apps\lls_web_dashboard.py", line 12676, in do_GET
    self.send_error(HTTPStatus.INTERNAL_SERVER_ERROR, str(exc))
  File "C:\Program Files\Python311\Lib\http\server.py", line 491, in send_error
    self.wfile.write(body)
  File "C:\Program Files\Python311\Lib\http\server.py", line 436, in handle
    self.handle_one_request()
ConnectionAbortedError: [WinError 10053] An established connection was aborted by the software in your host machine
  File "C:\Program Files\Python311\Lib\socketserver.py", line 691, in process_request_thread
    self.finish_request(request, client_address)
  File "C:\Program Files\Python311\Lib\socketserver.py", line 361, in finish_request
    self.RequestHandlerClass(request, client_address, self)
  File "C:\Program Files\Python311\Lib\socketserver.py", line 755, in __init__
    self.handle()
  File "C:\Program Files\Python311\Lib\http\server.py", line 436, in handle
    self.handle_one_request()
  File "C:\Program Files\Python311\Lib\http\server.py", line 424, in handle_one_request
    method()
  File "C:\Anup\6gsimulation\sixgr_foundation_v2 (2)\apps\lls_web_dashboard.py", line 12676, in do_GET
    self.send_error(HTTPStatus.INTERNAL_SERVER_ERROR, str(exc))
  File "C:\Program Files\Python311\Lib\socketserver.py", line 691, in process_request_thread
    self.finish_request(request, client_address)
  File "C:\Program Files\Python311\Lib\http\server.py", line 436, in handle
    self.handle_one_request()
  File "C:\Program Files\Python311\Lib\socketserver.py", line 691, in process_request_thread
    self.finish_request(request, client_address)
  File "C:\Program Files\Python311\Lib\socketserver.py", line 755, in __init__
    self.handle()
  File "C:\Program Files\Python311\Lib\http\server.py", line 491, in send_error
    self.wfile.write(body)
  File "C:\Program Files\Python311\Lib\socketserver.py", line 834, in write
    self._sock.sendall(b)
  File "C:\Program Files\Python311\Lib\http\server.py", line 424, in handle_one_request
    method()
  File "C:\Anup\6gsimulation\sixgr_foundation_v2 (2)\apps\lls_web_dashboard.py", line 12676, in do_GET
    self.send_error(HTTPStatus.INTERNAL_SERVER_ERROR, str(exc))
  File "C:\Program Files\Python311\Lib\http\server.py", line 491, in send_error
    self.wfile.write(body)
  File "C:\Program Files\Python311\Lib\socketserver.py", line 834, in write
    self._sock.sendall(b)
ConnectionAbortedError: [WinError 10053] An established connection was aborted by the software in your host machine
----------------------------------------
  File "C:\Program Files\Python311\Lib\http\server.py", line 436, in handle
    self.handle_one_request()
  File "C:\Program Files\Python311\Lib\http\server.py", line 424, in handle_one_request
    method()
  File "C:\Anup\6gsimulation\sixgr_foundation_v2 (2)\apps\lls_web_dashboard.py", line 12676, in do_GET
    self.send_error(HTTPStatus.INTERNAL_SERVER_ERROR, str(exc))
  File "C:\Program Files\Python311\Lib\http\server.py", line 491, in send_error
    self.wfile.write(body)
  File "C:\Program Files\Python311\Lib\socketserver.py", line 834, in write
    self._sock.sendall(b)
ConnectionAbortedError: [WinError 10053] An established connection was aborted by the software in your host machine
ConnectionAbortedError: [WinError 10053] An established connection was aborted by the software in your host machine
----------------------------------------
  File "C:\Program Files\Python311\Lib\http\server.py", line 424, in handle_one_request
    method()
  File "C:\Anup\6gsimulation\sixgr_foundation_v2 (2)\apps\lls_web_dashboard.py", line 12676, in do_GET
    self.send_error(HTTPStatus.INTERNAL_SERVER_ERROR, str(exc))
  File "C:\Program Files\Python311\Lib\http\server.py", line 491, in send_error
    self.wfile.write(body)
  File "C:\Program Files\Python311\Lib\socketserver.py", line 834, in write
    self._sock.sendall(b)
----------------------------------------
  File "C:\Program Files\Python311\Lib\site-packages\mysql\connector\pooling.py", line 656, in get_connection
    raise PoolError("Failed getting connection; pool exhausted") from err
  File "C:\Program Files\Python311\Lib\socketserver.py", line 361, in finish_request
    self.RequestHandlerClass(request, client_address, self)
  File "C:\Program Files\Python311\Lib\socketserver.py", line 755, in __init__
    self.handle()
  File "C:\Program Files\Python311\Lib\http\server.py", line 436, in handle
    self.handle_one_request()
  File "C:\Program Files\Python311\Lib\http\server.py", line 424, in handle_one_request
    method()
  File "C:\Anup\6gsimulation\sixgr_foundation_v2 (2)\apps\lls_web_dashboard.py", line 12676, in do_GET
    self.send_error(HTTPStatus.INTERNAL_SERVER_ERROR, str(exc))
  File "C:\Program Files\Python311\Lib\http\server.py", line 491, in send_error
    self.wfile.write(body)
  File "C:\Program Files\Python311\Lib\socketserver.py", line 361, in finish_request
    self.RequestHandlerClass(request, client_address, self)
  File "C:\Program Files\Python311\Lib\socketserver.py", line 834, in write
    self._sock.sendall(b)
ConnectionAbortedError: [WinError 10053] An established connection was aborted by the software in your host machine
ConnectionAbortedError: [WinError 10053] An established connection was aborted by the software in your host machine
  File "C:\Program Files\Python311\Lib\socketserver.py", line 834, in write
    self._sock.sendall(b)
mysql.connector.errors.PoolError: Failed getting connection; pool exhausted

During handling of the above exception, another exception occurred:

Traceback (most recent call last):
----------------------------------------
----------------------------------------
  File "C:\Program Files\Python311\Lib\socketserver.py", line 691, in process_request_thread
    self.finish_request(request, client_address)
  File "C:\Program Files\Python311\Lib\socketserver.py", line 361, in finish_request
    self.RequestHandlerClass(request, client_address, self)
  File "C:\Program Files\Python311\Lib\socketserver.py", line 755, in __init__
    self.handle()
----------------------------------------
  File "C:\Program Files\Python311\Lib\socketserver.py", line 755, in __init__
    self.handle()
  File "C:\Program Files\Python311\Lib\http\server.py", line 436, in handle
    self.handle_one_request()
  File "C:\Program Files\Python311\Lib\http\server.py", line 436, in handle
    self.handle_one_request()
----------------------------------------
ConnectionAbortedError: [WinError 10053] An established connection was aborted by the software in your host machine
  File "C:\Program Files\Python311\Lib\http\server.py", line 424, in handle_one_request
    method()
  File "C:\Program Files\Python311\Lib\http\server.py", line 424, in handle_one_request
    method()
Exception occurred during processing of request from ('127.0.0.1', 52328)
----------------------------------------
  File "C:\Anup\6gsimulation\sixgr_foundation_v2 (2)\apps\lls_web_dashboard.py", line 12676, in do_GET
    self.send_error(HTTPStatus.INTERNAL_SERVER_ERROR, str(exc))
  File "C:\Anup\6gsimulation\sixgr_foundation_v2 (2)\apps\lls_web_dashboard.py", line 12676, in do_GET
    self.send_error(HTTPStatus.INTERNAL_SERVER_ERROR, str(exc))
Traceback (most recent call last):
  File "C:\Program Files\Python311\Lib\http\server.py", line 491, in send_error
    self.wfile.write(body)
  File "C:\Anup\6gsimulation\sixgr_foundation_v2 (2)\apps\lls_web_dashboard.py", line 12654, in do_GET
    self.respond_json(build_live_payload(run_id))
  File "C:\Program Files\Python311\Lib\socketserver.py", line 834, in write
    self._sock.sendall(b)
  File "C:\Anup\6gsimulation\sixgr_foundation_v2 (2)\apps\lls_web_dashboard.py", line 12785, in respond_json
    self.wfile.write(raw)
ConnectionAbortedError: [WinError 10053] An established connection was aborted by the software in your host machine
  File "C:\Program Files\Python311\Lib\socketserver.py", line 834, in write
    self._sock.sendall(b)
ConnectionAbortedError: [WinError 10053] An established connection was aborted by the software in your host machine
----------------------------------------

During handling of the above exception, another exception occurred:

  File "C:\Program Files\Python311\Lib\http\server.py", line 491, in send_error
    self.wfile.write(body)
Traceback (most recent call last):
  File "C:\Program Files\Python311\Lib\socketserver.py", line 834, in write
    self._sock.sendall(b)
  File "C:\Program Files\Python311\Lib\socketserver.py", line 691, in process_request_thread
    self.finish_request(request, client_address)
ConnectionAbortedError: [WinError 10053] An established connection was aborted by the software in your host machine
  File "C:\Program Files\Python311\Lib\socketserver.py", line 361, in finish_request
    self.RequestHandlerClass(request, client_address, self)
----------------------------------------
  File "C:\Program Files\Python311\Lib\socketserver.py", line 755, in __init__
    self.handle()
  File "C:\Program Files\Python311\Lib\http\server.py", line 436, in handle
    self.handle_one_request()
  File "C:\Program Files\Python311\Lib\http\server.py", line 424, in handle_one_request
    method()
  File "C:\Anup\6gsimulation\sixgr_foundation_v2 (2)\apps\lls_web_dashboard.py", line 12676, in do_GET
    self.send_error(HTTPStatus.INTERNAL_SERVER_ERROR, str(exc))
  File "C:\Program Files\Python311\Lib\http\server.py", line 488, in send_error
    self.end_headers()
  File "C:\Program Files\Python311\Lib\http\server.py", line 538, in end_headers
    self.flush_headers()
  File "C:\Program Files\Python311\Lib\http\server.py", line 542, in flush_headers
    self.wfile.write(b"".join(self._headers_buffer))
  File "C:\Program Files\Python311\Lib\socketserver.py", line 834, in write
    self._sock.sendall(b)
ConnectionAbortedError: [WinError 10053] An established connection was aborted by the software in your host machine
----------------------------------------
----------------------------------------
Exception occurred during processing of request from ('127.0.0.1', 52339)
Traceback (most recent call last):
  File "C:\Anup\6gsimulation\sixgr_foundation_v2 (2)\apps\lls_web_dashboard.py", line 12654, in do_GET
    self.respond_json(build_live_payload(run_id))
  File "C:\Anup\6gsimulation\sixgr_foundation_v2 (2)\apps\lls_web_dashboard.py", line 12785, in respond_json
    self.wfile.write(raw)
  File "C:\Program Files\Python311\Lib\socketserver.py", line 834, in write
    self._sock.sendall(b)
ConnectionAbortedError: [WinError 10053] An established connection was aborted by the software in your host machine

During handling of the above exception, another exception occurred:

Traceback (most recent call last):
  File "C:\Program Files\Python311\Lib\socketserver.py", line 691, in process_request_thread
    self.finish_request(request, client_address)
  File "C:\Program Files\Python311\Lib\socketserver.py", line 361, in finish_request
    self.RequestHandlerClass(request, client_address, self)
  File "C:\Program Files\Python311\Lib\socketserver.py", line 755, in __init__
    self.handle()
  File "C:\Program Files\Python311\Lib\http\server.py", line 436, in handle
    self.handle_one_request()
  File "C:\Program Files\Python311\Lib\http\server.py", line 424, in handle_one_request
    method()
  File "C:\Anup\6gsimulation\sixgr_foundation_v2 (2)\apps\lls_web_dashboard.py", line 12676, in do_GET
    self.send_error(HTTPStatus.INTERNAL_SERVER_ERROR, str(exc))
  File "C:\Program Files\Python311\Lib\http\server.py", line 488, in send_error
    self.end_headers()
  File "C:\Program Files\Python311\Lib\http\server.py", line 538, in end_headers
    self.flush_headers()
  File "C:\Program Files\Python311\Lib\http\server.py", line 542, in flush_headers
    self.wfile.write(b"".join(self._headers_buffer))
  File "C:\Program Files\Python311\Lib\socketserver.py", line 834, in write
    self._sock.sendall(b)
ConnectionAbortedError: [WinError 10053] An established connection was aborted by the software in your host machine
----------------------------------------
----------------------------------------
Exception occurred during processing of request from ('127.0.0.1', 52350)
Traceback (most recent call last):
  File "C:\Anup\6gsimulation\sixgr_foundation_v2 (2)\apps\lls_web_dashboard.py", line 12654, in do_GET
    self.respond_json(build_live_payload(run_id))
  File "C:\Anup\6gsimulation\sixgr_foundation_v2 (2)\apps\lls_web_dashboard.py", line 12785, in respond_json
    self.wfile.write(raw)
  File "C:\Program Files\Python311\Lib\socketserver.py", line 834, in write
    self._sock.sendall(b)
ConnectionAbortedError: [WinError 10053] An established connection was aborted by the software in your host machine

During handling of the above exception, another exception occurred:

Traceback (most recent call last):
  File "C:\Program Files\Python311\Lib\socketserver.py", line 691, in process_request_thread
    self.finish_request(request, client_address)
  File "C:\Program Files\Python311\Lib\socketserver.py", line 361, in finish_request
    self.RequestHandlerClass(request, client_address, self)
  File "C:\Program Files\Python311\Lib\socketserver.py", line 755, in __init__
    self.handle()
  File "C:\Program Files\Python311\Lib\http\server.py", line 436, in handle
    self.handle_one_request()
  File "C:\Program Files\Python311\Lib\http\server.py", line 424, in handle_one_request
    method()
  File "C:\Anup\6gsimulation\sixgr_foundation_v2 (2)\apps\lls_web_dashboard.py", line 12676, in do_GET
    self.send_error(HTTPStatus.INTERNAL_SERVER_ERROR, str(exc))
  File "C:\Program Files\Python311\Lib\http\server.py", line 488, in send_error
    self.end_headers()
  File "C:\Program Files\Python311\Lib\http\server.py", line 538, in end_headers
    self.flush_headers()
  File "C:\Program Files\Python311\Lib\http\server.py", line 542, in flush_headers
    self.wfile.write(b"".join(self._headers_buffer))
  File "C:\Program Files\Python311\Lib\socketserver.py", line 834, in write
    self._sock.sendall(b)
ConnectionAbortedError: [WinError 10053] An established connection was aborted by the software in your host machine
----------------------------------------
----------------------------------------
Exception occurred during processing of request from ('127.0.0.1', 52349)
Traceback (most recent call last):
  File "C:\Anup\6gsimulation\sixgr_foundation_v2 (2)\apps\lls_web_dashboard.py", line 12654, in do_GET
    self.respond_json(build_live_payload(run_id))
  File "C:\Anup\6gsimulation\sixgr_foundation_v2 (2)\apps\lls_web_dashboard.py", line 12785, in respond_json
    self.wfile.write(raw)
  File "C:\Program Files\Python311\Lib\socketserver.py", line 834, in write
    self._sock.sendall(b)
ConnectionAbortedError: [WinError 10053] An established connection was aborted by the software in your host machine

During handling of the above exception, another exception occurred:

Traceback (most recent call last):
  File "C:\Program Files\Python311\Lib\socketserver.py", line 691, in process_request_thread
    self.finish_request(request, client_address)
  File "C:\Program Files\Python311\Lib\socketserver.py", line 361, in finish_request
    self.RequestHandlerClass(request, client_address, self)
  File "C:\Program Files\Python311\Lib\socketserver.py", line 755, in __init__
    self.handle()
  File "C:\Program Files\Python311\Lib\http\server.py", line 436, in handle
    self.handle_one_request()
  File "C:\Program Files\Python311\Lib\http\server.py", line 424, in handle_one_request
    method()
  File "C:\Anup\6gsimulation\sixgr_foundation_v2 (2)\apps\lls_web_dashboard.py", line 12676, in do_GET
    self.send_error(HTTPStatus.INTERNAL_SERVER_ERROR, str(exc))
  File "C:\Program Files\Python311\Lib\http\server.py", line 488, in send_error
    self.end_headers()
  File "C:\Program Files\Python311\Lib\http\server.py", line 538, in end_headers
    self.flush_headers()
  File "C:\Program Files\Python311\Lib\http\server.py", line 542, in flush_headers
    self.wfile.write(b"".join(self._headers_buffer))
  File "C:\Program Files\Python311\Lib\socketserver.py", line 834, in write
    self._sock.sendall(b)
ConnectionAbortedError: [WinError 10053] An established connection was aborted by the software in your host machine
----------------------------------------
----------------------------------------
Exception occurred during processing of request from ('127.0.0.1', 52347)
Traceback (most recent call last):
  File "C:\Anup\6gsimulation\sixgr_foundation_v2 (2)\apps\lls_web_dashboard.py", line 12654, in do_GET
    self.respond_json(build_live_payload(run_id))
  File "C:\Anup\6gsimulation\sixgr_foundation_v2 (2)\apps\lls_web_dashboard.py", line 12785, in respond_json
    self.wfile.write(raw)
  File "C:\Program Files\Python311\Lib\socketserver.py", line 834, in write
    self._sock.sendall(b)
ConnectionAbortedError: [WinError 10053] An established connection was aborted by the software in your host machine

During handling of the above exception, another exception occurred:

Traceback (most recent call last):
  File "C:\Program Files\Python311\Lib\socketserver.py", line 691, in process_request_thread
    self.finish_request(request, client_address)
  File "C:\Program Files\Python311\Lib\socketserver.py", line 361, in finish_request
    self.RequestHandlerClass(request, client_address, self)
  File "C:\Program Files\Python311\Lib\socketserver.py", line 755, in __init__
    self.handle()
  File "C:\Program Files\Python311\Lib\http\server.py", line 436, in handle
    self.handle_one_request()
  File "C:\Program Files\Python311\Lib\http\server.py", line 424, in handle_one_request
    method()
  File "C:\Anup\6gsimulation\sixgr_foundation_v2 (2)\apps\lls_web_dashboard.py", line 12676, in do_GET
    self.send_error(HTTPStatus.INTERNAL_SERVER_ERROR, str(exc))
  File "C:\Program Files\Python311\Lib\http\server.py", line 488, in send_error
    self.end_headers()
  File "C:\Program Files\Python311\Lib\http\server.py", line 538, in end_headers
    self.flush_headers()
  File "C:\Program Files\Python311\Lib\http\server.py", line 542, in flush_headers
    self.wfile.write(b"".join(self._headers_buffer))
  File "C:\Program Files\Python311\Lib\socketserver.py", line 834, in write
    self._sock.sendall(b)
ConnectionAbortedError: [WinError 10053] An established connection was aborted by the software in your host machine
----------------------------------------
----------------------------------------
Exception occurred during processing of request from ('127.0.0.1', 52346)
Traceback (most recent call last):
  File "C:\Anup\6gsimulation\sixgr_foundation_v2 (2)\apps\lls_web_dashboard.py", line 12654, in do_GET
    self.respond_json(build_live_payload(run_id))
  File "C:\Anup\6gsimulation\sixgr_foundation_v2 (2)\apps\lls_web_dashboard.py", line 12785, in respond_json
    self.wfile.write(raw)
  File "C:\Program Files\Python311\Lib\socketserver.py", line 834, in write
    self._sock.sendall(b)
ConnectionAbortedError: [WinError 10053] An established connection was aborted by the software in your host machine

During handling of the above exception, another exception occurred:

Traceback (most recent call last):
  File "C:\Program Files\Python311\Lib\socketserver.py", line 691, in process_request_thread
    self.finish_request(request, client_address)
  File "C:\Program Files\Python311\Lib\socketserver.py", line 361, in finish_request
    self.RequestHandlerClass(request, client_address, self)
  File "C:\Program Files\Python311\Lib\socketserver.py", line 755, in __init__
    self.handle()
  File "C:\Program Files\Python311\Lib\http\server.py", line 436, in handle
    self.handle_one_request()
  File "C:\Program Files\Python311\Lib\http\server.py", line 424, in handle_one_request
    method()
  File "C:\Anup\6gsimulation\sixgr_foundation_v2 (2)\apps\lls_web_dashboard.py", line 12676, in do_GET
    self.send_error(HTTPStatus.INTERNAL_SERVER_ERROR, str(exc))
  File "C:\Program Files\Python311\Lib\http\server.py", line 488, in send_error
    self.end_headers()
  File "C:\Program Files\Python311\Lib\http\server.py", line 538, in end_headers
    self.flush_headers()
  File "C:\Program Files\Python311\Lib\http\server.py", line 542, in flush_headers
    self.wfile.write(b"".join(self._headers_buffer))
  File "C:\Program Files\Python311\Lib\socketserver.py", line 834, in write
    self._sock.sendall(b)
ConnectionAbortedError: [WinError 10053] An established connection was aborted by the software in your host machine
----------------------------------------
----------------------------------------
Exception occurred during processing of request from ('127.0.0.1', 52341)
Traceback (most recent call last):
  File "C:\Anup\6gsimulation\sixgr_foundation_v2 (2)\apps\lls_web_dashboard.py", line 12654, in do_GET
    self.respond_json(build_live_payload(run_id))
  File "C:\Anup\6gsimulation\sixgr_foundation_v2 (2)\apps\lls_web_dashboard.py", line 12785, in respond_json
    self.wfile.write(raw)
  File "C:\Program Files\Python311\Lib\socketserver.py", line 834, in write
    self._sock.sendall(b)
ConnectionAbortedError: [WinError 10053] An established connection was aborted by the software in your host machine

During handling of the above exception, another exception occurred:

Traceback (most recent call last):
  File "C:\Program Files\Python311\Lib\socketserver.py", line 691, in process_request_thread
    self.finish_request(request, client_address)
  File "C:\Program Files\Python311\Lib\socketserver.py", line 361, in finish_request
    self.RequestHandlerClass(request, client_address, self)
  File "C:\Program Files\Python311\Lib\socketserver.py", line 755, in __init__
    self.handle()
  File "C:\Program Files\Python311\Lib\http\server.py", line 436, in handle
    self.handle_one_request()
  File "C:\Program Files\Python311\Lib\http\server.py", line 424, in handle_one_request
    method()
  File "C:\Anup\6gsimulation\sixgr_foundation_v2 (2)\apps\lls_web_dashboard.py", line 12676, in do_GET
    self.send_error(HTTPStatus.INTERNAL_SERVER_ERROR, str(exc))
  File "C:\Program Files\Python311\Lib\http\server.py", line 488, in send_error
    self.end_headers()
  File "C:\Program Files\Python311\Lib\http\server.py", line 538, in end_headers
    self.flush_headers()
  File "C:\Program Files\Python311\Lib\http\server.py", line 542, in flush_headers
    self.wfile.write(b"".join(self._headers_buffer))
  File "C:\Program Files\Python311\Lib\socketserver.py", line 834, in write
    self._sock.sendall(b)
ConnectionAbortedError: [WinError 10053] An established connection was aborted by the software in your host machine
----------------------------------------
----------------------------------------
Exception occurred during processing of request from ('127.0.0.1', 52352)
Traceback (most recent call last):
  File "C:\Anup\6gsimulation\sixgr_foundation_v2 (2)\apps\lls_web_dashboard.py", line 12654, in do_GET
    self.respond_json(build_live_payload(run_id))
  File "C:\Anup\6gsimulation\sixgr_foundation_v2 (2)\apps\lls_web_dashboard.py", line 12785, in respond_json
    self.wfile.write(raw)
  File "C:\Program Files\Python311\Lib\socketserver.py", line 834, in write
    self._sock.sendall(b)
ConnectionAbortedError: [WinError 10053] An established connection was aborted by the software in your host machine

During handling of the above exception, another exception occurred:

Traceback (most recent call last):
  File "C:\Program Files\Python311\Lib\socketserver.py", line 691, in process_request_thread
    self.finish_request(request, client_address)
  File "C:\Program Files\Python311\Lib\socketserver.py", line 361, in finish_request
    self.RequestHandlerClass(request, client_address, self)
  File "C:\Program Files\Python311\Lib\socketserver.py", line 755, in __init__
    self.handle()
  File "C:\Program Files\Python311\Lib\http\server.py", line 436, in handle
    self.handle_one_request()
  File "C:\Program Files\Python311\Lib\http\server.py", line 424, in handle_one_request
    method()
  File "C:\Anup\6gsimulation\sixgr_foundation_v2 (2)\apps\lls_web_dashboard.py", line 12676, in do_GET
    self.send_error(HTTPStatus.INTERNAL_SERVER_ERROR, str(exc))
  File "C:\Program Files\Python311\Lib\http\server.py", line 488, in send_error
    self.end_headers()
  File "C:\Program Files\Python311\Lib\http\server.py", line 538, in end_headers
    self.flush_headers()
  File "C:\Program Files\Python311\Lib\http\server.py", line 542, in flush_headers
    self.wfile.write(b"".join(self._headers_buffer))
  File "C:\Program Files\Python311\Lib\socketserver.py", line 834, in write
    self._sock.sendall(b)
ConnectionAbortedError: [WinError 10053] An established connection was aborted by the software in your host machine
----------------------------------------
----------------------------------------
Exception occurred during processing of request from ('127.0.0.1', 52343)
Traceback (most recent call last):
  File "C:\Anup\6gsimulation\sixgr_foundation_v2 (2)\apps\lls_web_dashboard.py", line 12654, in do_GET
    self.respond_json(build_live_payload(run_id))
  File "C:\Anup\6gsimulation\sixgr_foundation_v2 (2)\apps\lls_web_dashboard.py", line 12785, in respond_json
    self.wfile.write(raw)
  File "C:\Program Files\Python311\Lib\socketserver.py", line 834, in write
    self._sock.sendall(b)
ConnectionAbortedError: [WinError 10053] An established connection was aborted by the software in your host machine

During handling of the above exception, another exception occurred:

Traceback (most recent call last):
  File "C:\Program Files\Python311\Lib\socketserver.py", line 691, in process_request_thread
    self.finish_request(request, client_address)
  File "C:\Program Files\Python311\Lib\socketserver.py", line 361, in finish_request
    self.RequestHandlerClass(request, client_address, self)
  File "C:\Program Files\Python311\Lib\socketserver.py", line 755, in __init__
    self.handle()
  File "C:\Program Files\Python311\Lib\http\server.py", line 436, in handle
    self.handle_one_request()
  File "C:\Program Files\Python311\Lib\http\server.py", line 424, in handle_one_request
    method()
  File "C:\Anup\6gsimulation\sixgr_foundation_v2 (2)\apps\lls_web_dashboard.py", line 12676, in do_GET
    self.send_error(HTTPStatus.INTERNAL_SERVER_ERROR, str(exc))
  File "C:\Program Files\Python311\Lib\http\server.py", line 488, in send_error
    self.end_headers()
  File "C:\Program Files\Python311\Lib\http\server.py", line 538, in end_headers
    self.flush_headers()
  File "C:\Program Files\Python311\Lib\http\server.py", line 542, in flush_headers
    self.wfile.write(b"".join(self._headers_buffer))
  File "C:\Program Files\Python311\Lib\socketserver.py", line 834, in write
    self._sock.sendall(b)
ConnectionAbortedError: [WinError 10053] An established connection was aborted by the software in your host machine
----------------------------------------
