csv_path,column_name,unit,description
"air_interface\csv\dl_pdsch_receiver_evidence_audit.csv","TrialRow","index","Protocol/table index."
"air_interface\csv\dl_pdsch_receiver_evidence_audit.csv","PositiveObjectiveRow","unknown","Unit not classified by catalogue."
"air_interface\csv\dl_pdsch_receiver_evidence_audit.csv","TBAttempted","unknown","Unit not classified by catalogue."
"air_interface\csv\dl_pdsch_receiver_evidence_audit.csv","ObjectiveRowPass","unknown","Unit not classified by catalogue."
"air_interface\csv\dl_pdsch_receiver_evidence_audit.csv","StrictReceiverEvidenceOk","index","Protocol/table index."
"air_interface\csv\dl_pdsch_receiver_evidence_audit.csv","ChannelEstimateAttempted","unknown","Unit not classified by catalogue."
"air_interface\csv\dl_pdsch_receiver_evidence_audit.csv","ChannelEstimateAvailable","unknown","Unit not classified by catalogue."
"air_interface\csv\dl_pdsch_receiver_evidence_audit.csv","ResourceExtractionAttempted","unknown","Unit not classified by catalogue."
"air_interface\csv\dl_pdsch_receiver_evidence_audit.csv","ResourceExtractionAvailable","unknown","Unit not classified by catalogue."
"air_interface\csv\dl_pdsch_receiver_evidence_audit.csv","EqualizationAttempted","unknown","Unit not classified by catalogue."
"air_interface\csv\dl_pdsch_receiver_evidence_audit.csv","EqualizationAvailable","unknown","Unit not classified by catalogue."
"air_interface\csv\dl_pdsch_receiver_evidence_audit.csv","DLSCHDecodeAttempted","unknown","Unit not classified by catalogue."
"air_interface\csv\dl_pdsch_receiver_evidence_audit.csv","DLSCHDecodeAvailable","unknown","Unit not classified by catalogue."
"air_interface\csv\dl_pdsch_receiver_evidence_audit.csv","LLRAvailable","unknown","Unit not classified by catalogue."
"air_interface\csv\dl_pdsch_receiver_evidence_audit.csv","LLRFinite","unknown","Unit not classified by catalogue."
"air_interface\csv\dl_pdsch_receiver_evidence_audit.csv","PostEqSINRAvailable","dB","Log-domain radio metric."
"air_interface\csv\dl_pdsch_receiver_evidence_audit.csv","PostEqSINRReceiverDerived","dB","Log-domain radio metric."
"air_interface\csv\dl_pdsch_receiver_evidence_audit.csv","PostEqSINRWidebanddB","dB","Log-domain radio metric."
"air_interface\csv\dl_pdsch_receiver_evidence_audit.csv","SINRValidationStatus","dB","Log-domain radio metric."
"air_interface\csv\dl_pdsch_receiver_evidence_audit.csv","ConfiguredSNRLikeSourceRejected","unknown","Unit not classified by catalogue."
"air_interface\csv\dl_pdsch_receiver_evidence_audit.csv","TBCrcKnown","unknown","Unit not classified by catalogue."
"air_interface\csv\dl_pdsch_receiver_evidence_audit.csv","TBCrcPass","unknown","Unit not classified by catalogue."
"air_interface\csv\dl_pdsch_receiver_evidence_audit.csv","BitErrors","unknown","Unit not classified by catalogue."
"air_interface\csv\dl_pdsch_receiver_evidence_audit.csv","BitsCompared","bits","Bit count."
"air_interface\csv\dl_pdsch_receiver_evidence_audit.csv","SNR_dB","dB","Log-domain radio metric."
"air_interface\csv\dl_pdsch_receiver_evidence_audit.csv","EffectiveMCSIndex","index","Protocol/table index."
"air_interface\csv\dl_pdsch_receiver_evidence_audit.csv","EffectiveModulation","unknown","Unit not classified by catalogue."
"air_interface\csv\dl_pdsch_receiver_evidence_audit.csv","EffectiveLayers","unknown","Unit not classified by catalogue."
"air_interface\csv\dl_pdsch_receiver_evidence_audit.csv","EffectiveRank","unknown","Unit not classified by catalogue."
"air_interface\csv\dl_pdsch_receiver_evidence_audit.csv","ConfiguredMCSIndex","index","Protocol/table index."
"air_interface\csv\dl_pdsch_receiver_evidence_audit.csv","ConfiguredModulation","unknown","Unit not classified by catalogue."
"air_interface\csv\dl_pdsch_receiver_evidence_audit.csv","ConfiguredLayers","unknown","Unit not classified by catalogue."
"air_interface\csv\dl_pdsch_receiver_evidence_audit.csv","ConfiguredRank","unknown","Unit not classified by catalogue."
"air_interface\csv\dl_pdsch_receiver_evidence_audit.csv","ConfiguredEffectiveCheckApplicable","unknown","Unit not classified by catalogue."
"air_interface\csv\dl_pdsch_receiver_evidence_audit.csv","ConfiguredEffectiveMatch","unknown","Unit not classified by catalogue."
"air_interface\csv\dl_pdsch_receiver_evidence_audit.csv","MCSMatch","index","Protocol/table index."
"air_interface\csv\dl_pdsch_receiver_evidence_audit.csv","ModulationMatch","unknown","Unit not classified by catalogue."
"air_interface\csv\dl_pdsch_receiver_evidence_audit.csv","LayerMatch","unknown","Unit not classified by catalogue."
"air_interface\csv\dl_pdsch_receiver_evidence_audit.csv","RankMatch","unknown","Unit not classified by catalogue."
"air_interface\csv\dl_pdsch_receiver_evidence_audit.csv","NoProxyEvidenceOk","unknown","Unit not classified by catalogue."
"air_interface\csv\dl_pdsch_receiver_evidence_audit.csv","SkippedOrUnavailable","unknown","Unit not classified by catalogue."
"air_interface\csv\dl_pdsch_receiver_evidence_audit.csv","Crash","unknown","Unit not classified by catalogue."
"air_interface\csv\dl_pdsch_receiver_evidence_audit.csv","IsRetransmission","unknown","Unit not classified by catalogue."
"air_interface\csv\dl_pdsch_receiver_evidence_audit.csv","GrantBindingOk","unknown","Unit not classified by catalogue."
"air_interface\csv\dl_pdsch_receiver_evidence_audit.csv","MIMOEvidenceReferenceOk","unknown","Unit not classified by catalogue."
"air_interface\csv\dl_pdsch_receiver_evidence_audit.csv","ChannelRFReferenceOk","unknown","Unit not classified by catalogue."
"air_interface\csv\dl_pdsch_receiver_evidence_audit.csv","ObjectiveRowClass","unknown","Unit not classified by catalogue."
"air_interface\csv\dl_pdsch_receiver_evidence_audit.csv","RowFailureReason","unknown","Unit not classified by catalogue."
"beamforming\csv\antenna_array_config.csv","RunId","unknown","Unit not classified by catalogue."
"beamforming\csv\antenna_array_config.csv","Direction","unknown","Unit not classified by catalogue."
"beamforming\csv\antenna_array_config.csv","ArrayGeometryId","unknown","Unit not classified by catalogue."
"beamforming\csv\antenna_array_config.csv","PhysicalTxAntennaCount","count","Count."
"beamforming\csv\antenna_array_config.csv","PhysicalRxAntennaCount","count","Count."
"beamforming\csv\antenna_array_config.csv","TxRFChainCount","count","Count."
"beamforming\csv\antenna_array_config.csv","RxRFChainCount","count","Count."
"beamforming\csv\antenna_array_config.csv","TxAntennaPortCount","count","Count."
"beamforming\csv\antenna_array_config.csv","RxAntennaPortCount","count","Count."
"beamforming\csv\antenna_array_config.csv","ObservedTxPortCount","count","Count."
"beamforming\csv\antenna_array_config.csv","ObservedRxAntennaCount","count","Count."
"beamforming\csv\antenna_array_config.csv","RuntimePopulated","unknown","Unit not classified by catalogue."
"beamforming\csv\antenna_array_config.csv","FullElementDomainRequired","unknown","Unit not classified by catalogue."
"beamforming\csv\antenna_array_config.csv","ExpectedRuntimeTxCount","count","Count."
"beamforming\csv\antenna_array_config.csv","ExpectedRuntimeRxCount","count","Count."
"beamforming\csv\antenna_array_config.csv","ExactRuntimeAntennaMatch","unknown","Unit not classified by catalogue."
"beamforming\csv\antenna_array_config.csv","ObservedPhysicalTxAntennaCount","count","Count."
"beamforming\csv\antenna_array_config.csv","ObservedPhysicalRxAntennaCount","count","Count."
"beamforming\csv\antenna_array_config.csv","ObservedLogicalTxPortCount","count","Count."
"beamforming\csv\antenna_array_config.csv","ObservedLogicalRxBranchCount","count","Count."
"beamforming\csv\antenna_array_config.csv","LogicalPortLayerMatch","unknown","Unit not classified by catalogue."
"beamforming\csv\antenna_array_config.csv","RuntimeAntennaObjectCreated","unknown","Unit not classified by catalogue."
"beamforming\csv\antenna_array_config.csv","ChannelUsesSameRuntimeAntennaAssumptions","unknown","Unit not classified by catalogue."
"beamforming\csv\antenna_array_config.csv","NominalCapabilityOnly","unknown","Unit not classified by catalogue."
"beamforming\csv\antenna_array_config.csv","EvidenceClass","unknown","Unit not classified by catalogue."
"beamforming\csv\antenna_array_config.csv","RuntimeEvidenceSource","unknown","Unit not classified by catalogue."
"beamforming\csv\antenna_array_config.csv","SourceHash","unknown","Unit not classified by catalogue."
"beamforming\csv\antenna_array_config.csv","Status","us","Time duration in microseconds."
"beamforming\csv\antenna_array_config.csv","FailureReason","unknown","Unit not classified by catalogue."
"beamforming\csv\antenna_port_mapping.csv","RunId","unknown","Unit not classified by catalogue."
"beamforming\csv\antenna_port_mapping.csv","Direction","unknown","Unit not classified by catalogue."
"beamforming\csv\antenna_port_mapping.csv","TxAntennaPortCount","count","Count."
"beamforming\csv\antenna_port_mapping.csv","RxAntennaPortCount","count","Count."
"beamforming\csv\antenna_port_mapping.csv","DMRSPorts","unknown","Unit not classified by catalogue."
"beamforming\csv\antenna_port_mapping.csv","DMRSPortCount","count","Count."
"beamforming\csv\antenna_port_mapping.csv","ConfiguredLayers","unknown","Unit not classified by catalogue."
"beamforming\csv\antenna_port_mapping.csv","ObservedTransmittedLayers","unknown","Unit not classified by catalogue."
"beamforming\csv\antenna_port_mapping.csv","ObservedEffectiveDecodedLayers","unknown","Unit not classified by catalogue."
"beamforming\csv\antenna_port_mapping.csv","MappingEvidenceSource","unknown","Unit not classified by catalogue."
"beamforming\csv\antenna_port_mapping.csv","SourceRowsHash","unknown","Unit not classified by catalogue."
"beamforming\csv\antenna_port_mapping.csv","Status","us","Time duration in microseconds."
"beamforming\csv\antenna_port_mapping.csv","FailureReason","unknown","Unit not classified by catalogue."
"beamforming\csv\beam_codebook.csv","RunId","unknown","Unit not classified by catalogue."
"beamforming\csv\beam_codebook.csv","Direction","unknown","Unit not classified by catalogue."
"beamforming\csv\beam_codebook.csv","BeamId","unknown","Unit not classified by catalogue."
"beamforming\csv\beam_codebook.csv","WeightVectorHash","unknown","Unit not classified by catalogue."
"beamforming\csv\beam_codebook.csv","SourceRowsHash","unknown","Unit not classified by catalogue."
"beamforming\csv\beam_codebook.csv","Status","us","Time duration in microseconds."
"beamforming\csv\beam_codebook.csv","FailureReason","unknown","Unit not classified by catalogue."
"beamforming\csv\beam_sweep_measurements.csv","RunId","unknown","Unit not classified by catalogue."
"beamforming\csv\beam_sweep_measurements.csv","TrialId","index","Protocol/table index."
"beamforming\csv\beam_sweep_measurements.csv","Direction","unknown","Unit not classified by catalogue."
"beamforming\csv\beam_sweep_measurements.csv","SelectedBeamId","unknown","Unit not classified by catalogue."
"beamforming\csv\beam_sweep_measurements.csv","CSIReportId","unknown","Unit not classified by catalogue."
"beamforming\csv\beam_sweep_measurements.csv","MeasurementSource","unknown","Unit not classified by catalogue."
"beamforming\csv\beam_sweep_measurements.csv","SourceRowsHash","unknown","Unit not classified by catalogue."
"beamforming\csv\beam_sweep_measurements.csv","Status","us","Time duration in microseconds."
"beamforming\csv\beam_sweep_measurements.csv","FailureReason","unknown","Unit not classified by catalogue."
"beamforming\csv\mimo_config_strict.csv","RunId","unknown","Unit not classified by catalogue."
"beamforming\csv\mimo_config_strict.csv","Direction","unknown","Unit not classified by catalogue."
"beamforming\csv\mimo_config_strict.csv","CellId","unknown","Unit not classified by catalogue."
"beamforming\csv\mimo_config_strict.csv","UEId","unknown","Unit not classified by catalogue."
"beamforming\csv\mimo_config_strict.csv","NCellID","unknown","Unit not classified by catalogue."
"beamforming\csv\mimo_config_strict.csv","NSizeGrid","index","Protocol/table index."
"beamforming\csv\mimo_config_strict.csv","SubcarrierSpacingKHz","Hz","Frequency in hertz."
"beamforming\csv\mimo_config_strict.csv","PhysicalTxAntennaCount","count","Count."
"beamforming\csv\mimo_config_strict.csv","PhysicalRxAntennaCount","count","Count."
"beamforming\csv\mimo_config_strict.csv","TxRFChainCount","count","Count."
"beamforming\csv\mimo_config_strict.csv","RxRFChainCount","count","Count."
"beamforming\csv\mimo_config_strict.csv","TxAntennaPortCount","count","Count."
"beamforming\csv\mimo_config_strict.csv","RxAntennaPortCount","count","Count."
"beamforming\csv\mimo_config_strict.csv","FullElementDomainRequired","unknown","Unit not classified by catalogue."
"beamforming\csv\mimo_config_strict.csv","DMRSPorts","unknown","Unit not classified by catalogue."
"beamforming\csv\mimo_config_strict.csv","DMRSPortCount","count","Count."
"beamforming\csv\mimo_config_strict.csv","ConfiguredRank","unknown","Unit not classified by catalogue."
"beamforming\csv\mimo_config_strict.csv","ConfiguredLayers","unknown","Unit not classified by catalogue."
"beamforming\csv\mimo_config_strict.csv","ConfiguredCodewords","unknown","Unit not classified by catalogue."
"beamforming\csv\mimo_config_strict.csv","ConfiguredModulation","unknown","Unit not classified by catalogue."
"beamforming\csv\mimo_config_strict.csv","ConfiguredMCS","index","Protocol/table index."
"beamforming\csv\mimo_config_strict.csv","ConfiguredInitialMCS","index","Protocol/table index."
"beamforming\csv\mimo_config_strict.csv","ConfiguredMaximumMCS","index","Protocol/table index."
"beamforming\csv\mimo_config_strict.csv","ConfiguredMCSSelectionPolicy","index","Protocol/table index."
"beamforming\csv\mimo_config_strict.csv","ConfiguredMUMIMOEnabled","unknown","Unit not classified by catalogue."
"beamforming\csv\mimo_config_strict.csv","ConfiguredMUUsersPerPRB","unknown","Unit not classified by catalogue."
"beamforming\csv\mimo_config_strict.csv","ConfiguredMUMIMOLeakageThreshold_dB","dB","Log-domain radio metric."
"beamforming\csv\mimo_config_strict.csv","ConfiguredMUMIMOExecutionMode","unknown","Unit not classified by catalogue."
"beamforming\csv\mimo_config_strict.csv","ConfiguredMCSTable","index","Protocol/table index."
"beamforming\csv\mimo_config_strict.csv","ConfiguredTransmissionScheme","unknown","Unit not classified by catalogue."
"beamforming\csv\mimo_config_strict.csv","CodebookType","unknown","Unit not classified by catalogue."
"beamforming\csv\mimo_config_strict.csv","PrecodingMode","unknown","Unit not classified by catalogue."
"beamforming\csv\mimo_config_strict.csv","ConfiguredPMI","index","Protocol/table index."
"beamforming\csv\mimo_config_strict.csv","FixedAnchorMode","unknown","Unit not classified by catalogue."
"beamforming\csv\mimo_config_strict.csv","AdaptiveMode","unknown","Unit not classified by catalogue."
"beamforming\csv\mimo_config_strict.csv","RankSelectionSource","unknown","Unit not classified by catalogue."
"beamforming\csv\mimo_config_strict.csv","PrecoderSelectionSource","unknown","Unit not classified by catalogue."
"beamforming\csv\mimo_config_strict.csv","BeamSelectionSource","unknown","Unit not classified by catalogue."
"beamforming\csv\mimo_config_strict.csv","StrictUnsupportedReason","index","Protocol/table index."
"beamforming\csv\mimo_config_strict.csv","ConfigHash","unknown","Unit not classified by catalogue."
"beamforming\csv\mimo_config_strict.csv","Status","us","Time duration in microseconds."
"beamforming\csv\mimo_config_strict.csv","RuntimePopulated","unknown","Unit not classified by catalogue."
"beamforming\csv\mimo_config_strict.csv","RuntimeTrialCount","index","Protocol/table index."
"beamforming\csv\mimo_config_strict.csv","RuntimeRank2Fraction","unknown","Unit not classified by catalogue."
"beamforming\csv\mimo_config_strict.csv","RuntimeExactMatchFraction","unknown","Unit not classified by catalogue."
"beamforming\csv\mimo_config_strict.csv","RuntimeMeanConditionNumber_dB","dB","Log-domain radio metric."
"beamforming\csv\mimo_config_strict.csv","RuntimeEvidenceSource","unknown","Unit not classified by catalogue."
"beamforming\csv\mimo_config_strict.csv","EvidenceClass","unknown","Unit not classified by catalogue."
"beamforming\csv\mimo_config_validation.csv","RunId","unknown","Unit not classified by catalogue."
"beamforming\csv\mimo_config_validation.csv","Direction","unknown","Unit not classified by catalogue."
"beamforming\csv\mimo_config_validation.csv","ValidationRule","unknown","Unit not classified by catalogue."
"beamforming\csv\mimo_config_validation.csv","Pass","unknown","Unit not classified by catalogue."
"beamforming\csv\mimo_config_validation.csv","Status","us","Time duration in microseconds."
"beamforming\csv\mimo_config_validation.csv","FailureReason","unknown","Unit not classified by catalogue."
"beamforming\csv\mimo_config_validation.csv","ConfigHash","unknown","Unit not classified by catalogue."
"beamforming\csv\mimo_configured_vs_effective.csv","RunId","unknown","Unit not classified by catalogue."
"beamforming\csv\mimo_configured_vs_effective.csv","Direction","unknown","Unit not classified by catalogue."
"beamforming\csv\mimo_configured_vs_effective.csv","ConfiguredRank","unknown","Unit not classified by catalogue."
"beamforming\csv\mimo_configured_vs_effective.csv","DominantScheduledRank","unknown","Unit not classified by catalogue."
"beamforming\csv\mimo_configured_vs_effective.csv","DominantTransmittedRank","unknown","Unit not classified by catalogue."
"beamforming\csv\mimo_configured_vs_effective.csv","DominantEffectiveDecodedRank","unknown","Unit not classified by catalogue."
"beamforming\csv\mimo_configured_vs_effective.csv","ConfiguredLayers","unknown","Unit not classified by catalogue."
"beamforming\csv\mimo_configured_vs_effective.csv","DominantScheduledLayers","unknown","Unit not classified by catalogue."
"beamforming\csv\mimo_configured_vs_effective.csv","DominantTransmittedLayers","unknown","Unit not classified by catalogue."
"beamforming\csv\mimo_configured_vs_effective.csv","DominantEffectiveDecodedLayers","unknown","Unit not classified by catalogue."
"beamforming\csv\mimo_configured_vs_effective.csv","ConfiguredModulation","unknown","Unit not classified by catalogue."
"beamforming\csv\mimo_configured_vs_effective.csv","DominantEffectiveModulation","unknown","Unit not classified by catalogue."
"beamforming\csv\mimo_configured_vs_effective.csv","ConfiguredMCS","index","Protocol/table index."
"beamforming\csv\mimo_configured_vs_effective.csv","ConfiguredInitialMCS","index","Protocol/table index."
"beamforming\csv\mimo_configured_vs_effective.csv","ConfiguredMaximumMCS","index","Protocol/table index."
"beamforming\csv\mimo_configured_vs_effective.csv","DominantEffectiveMCS","index","Protocol/table index."
"beamforming\csv\mimo_configured_vs_effective.csv","AdaptiveMode","unknown","Unit not classified by catalogue."
"beamforming\csv\mimo_configured_vs_effective.csv","StrictEligibleRowCount","ratio","Unitless ratio/probability."
"beamforming\csv\mimo_configured_vs_effective.csv","ExactMatchRowCount","count","Count."
"beamforming\csv\mimo_configured_vs_effective.csv","ExactMatchPercent","unknown","Unit not classified by catalogue."
"beamforming\csv\mimo_configured_vs_effective.csv","ExactSpatialMatchRowCount","count","Count."
"beamforming\csv\mimo_configured_vs_effective.csv","ExactSpatialMatchPercent","unknown","Unit not classified by catalogue."
"beamforming\csv\mimo_configured_vs_effective.csv","ExactOperatingPointMatchRowCount","count","Count."
"beamforming\csv\mimo_configured_vs_effective.csv","ExactOperatingPointMatchPercent","unknown","Unit not classified by catalogue."
"beamforming\csv\mimo_configured_vs_effective.csv","AdaptivePolicyMatchRowCount","count","Count."
"beamforming\csv\mimo_configured_vs_effective.csv","AdaptivePolicyMatchPercent","unknown","Unit not classified by catalogue."
"beamforming\csv\mimo_configured_vs_effective.csv","ExecutionContractMatchRowCount","count","Count."
"beamforming\csv\mimo_configured_vs_effective.csv","ExecutionContractMatchPercent","unknown","Unit not classified by catalogue."
"beamforming\csv\mimo_configured_vs_effective.csv","SpatialContractRequired","unknown","Unit not classified by catalogue."
"beamforming\csv\mimo_configured_vs_effective.csv","SpatialContractMatch","unknown","Unit not classified by catalogue."
"beamforming\csv\mimo_configured_vs_effective.csv","FixedOperatingPointRequired","unknown","Unit not classified by catalogue."
"beamforming\csv\mimo_configured_vs_effective.csv","FixedOperatingPointMatch","unknown","Unit not classified by catalogue."
"beamforming\csv\mimo_configured_vs_effective.csv","AdaptivePolicyRequired","unknown","Unit not classified by catalogue."
"beamforming\csv\mimo_configured_vs_effective.csv","AdaptivePolicyConformance","unknown","Unit not classified by catalogue."
"beamforming\csv\mimo_configured_vs_effective.csv","MUExecutionRequired","unknown","Unit not classified by catalogue."
"beamforming\csv\mimo_configured_vs_effective.csv","RequiredMUUserCount","count","Count."
"beamforming\csv\mimo_configured_vs_effective.csv","RequiredMULeakageThreshold_dB","dB","Log-domain radio metric."
"beamforming\csv\mimo_configured_vs_effective.csv","RequiredMUExecutionMode","unknown","Unit not classified by catalogue."
"beamforming\csv\mimo_configured_vs_effective.csv","MUExecutedTrialRowCount","index","Protocol/table index."
"beamforming\csv\mimo_configured_vs_effective.csv","MUExecutedDistinctGroupCount","count","Count."
"beamforming\csv\mimo_configured_vs_effective.csv","MUExecutionMatch","unknown","Unit not classified by catalogue."
"beamforming\csv\mimo_configured_vs_effective.csv","RequiredExecutionContractMatchPercent","unknown","Unit not classified by catalogue."
"beamforming\csv\mimo_configured_vs_effective.csv","ScenarioObjectivePass","index","Protocol/table index."
"beamforming\csv\mimo_configured_vs_effective.csv","RuntimePopulated","unknown","Unit not classified by catalogue."
"beamforming\csv\mimo_configured_vs_effective.csv","RuntimeTrialCount","index","Protocol/table index."
"beamforming\csv\mimo_configured_vs_effective.csv","RuntimeRank2Fraction","unknown","Unit not classified by catalogue."
"beamforming\csv\mimo_configured_vs_effective.csv","RuntimeExactMatchFraction","unknown","Unit not classified by catalogue."
"beamforming\csv\mimo_configured_vs_effective.csv","RuntimeMeanConditionNumber_dB","dB","Log-domain radio metric."
"beamforming\csv\mimo_configured_vs_effective.csv","RuntimeEvidenceSource","unknown","Unit not classified by catalogue."
"beamforming\csv\mimo_configured_vs_effective.csv","EvidenceClass","unknown","Unit not classified by catalogue."
"beamforming\csv\mimo_configured_vs_effective.csv","Status","us","Time duration in microseconds."
"beamforming\csv\mimo_configured_vs_effective.csv","FailureReason","unknown","Unit not classified by catalogue."
"beamforming\csv\mimo_layer_metrics.csv","RunId","unknown","Unit not classified by catalogue."
"beamforming\csv\mimo_layer_metrics.csv","TrialId","index","Protocol/table index."
"beamforming\csv\mimo_layer_metrics.csv","CellId","unknown","Unit not classified by catalogue."
"beamforming\csv\mimo_layer_metrics.csv","UEId","unknown","Unit not classified by catalogue."
"beamforming\csv\mimo_layer_metrics.csv","Direction","unknown","Unit not classified by catalogue."
"beamforming\csv\mimo_layer_metrics.csv","Slot","unknown","Unit not classified by catalogue."
"beamforming\csv\mimo_layer_metrics.csv","LayerIndex","index","Protocol/table index."
"beamforming\csv\mimo_layer_metrics.csv","CodewordIndex","index","Protocol/table index."
"beamforming\csv\mimo_layer_metrics.csv","DMRSPort","unknown","Unit not classified by catalogue."
"beamforming\csv\mimo_layer_metrics.csv","PostEqSINRdB","dB","Log-domain radio metric."
"beamforming\csv\mimo_layer_metrics.csv","EVMdB","dB","Log-domain radio metric."
"beamforming\csv\mimo_layer_metrics.csv","ChannelEstimateNMSEdB","dB","Log-domain radio metric."
"beamforming\csv\mimo_layer_metrics.csv","LLRMeanAbs","unknown","Unit not classified by catalogue."
"beamforming\csv\mimo_layer_metrics.csv","DecodeCrcPass","unknown","Unit not classified by catalogue."
"beamforming\csv\mimo_layer_metrics.csv","BER","ratio","Unitless ratio/probability."
"beamforming\csv\mimo_layer_metrics.csv","BLERContribution","ratio","Unitless ratio/probability."
"beamforming\csv\mimo_layer_metrics.csv","Status","us","Time duration in microseconds."
"beamforming\csv\mimo_negative_trials.csv","RunId","unknown","Unit not classified by catalogue."
"beamforming\csv\mimo_negative_trials.csv","NegativeTrialType","index","Protocol/table index."
"beamforming\csv\mimo_negative_trials.csv","InjectedFault","unknown","Unit not classified by catalogue."
"beamforming\csv\mimo_negative_trials.csv","ExpectedFailureStage","unknown","Unit not classified by catalogue."
"beamforming\csv\mimo_negative_trials.csv","ObservedFailureStage","unknown","Unit not classified by catalogue."
"beamforming\csv\mimo_negative_trials.csv","ExactConfiguredMatch","unknown","Unit not classified by catalogue."
"beamforming\csv\mimo_negative_trials.csv","DecodeCrcPass","unknown","Unit not classified by catalogue."
"beamforming\csv\mimo_negative_trials.csv","StrictOk","index","Protocol/table index."
"beamforming\csv\mimo_negative_trials.csv","NegativeExpectedOk","unknown","Unit not classified by catalogue."
"beamforming\csv\mimo_negative_trials.csv","FailureReason","unknown","Unit not classified by catalogue."
"beamforming\csv\mimo_oracle_guard.csv","RunId","unknown","Unit not classified by catalogue."
"beamforming\csv\mimo_oracle_guard.csv","TrialId","index","Protocol/table index."
"beamforming\csv\mimo_oracle_guard.csv","Stage","unknown","Unit not classified by catalogue."
"beamforming\csv\mimo_oracle_guard.csv","OracleFieldName","unknown","Unit not classified by catalogue."
"beamforming\csv\mimo_oracle_guard.csv","WasAccessed","unknown","Unit not classified by catalogue."
"beamforming\csv\mimo_oracle_guard.csv","Allowed","unknown","Unit not classified by catalogue."
"beamforming\csv\mimo_oracle_guard.csv","Violation","unknown","Unit not classified by catalogue."
"beamforming\csv\mimo_oracle_guard.csv","Status","us","Time duration in microseconds."
"beamforming\csv\mimo_oracle_guard.csv","FailureReason","unknown","Unit not classified by catalogue."
"beamforming\csv\precoder_evidence.csv","RunId","unknown","Unit not classified by catalogue."
"beamforming\csv\precoder_evidence.csv","TrialId","index","Protocol/table index."
"beamforming\csv\precoder_evidence.csv","Direction","unknown","Unit not classified by catalogue."
"beamforming\csv\precoder_evidence.csv","PrecoderId","index","Protocol/table index."
"beamforming\csv\precoder_evidence.csv","PMI","index","Protocol/table index."
"beamforming\csv\precoder_evidence.csv","PrecoderSource","unknown","Unit not classified by catalogue."
"beamforming\csv\precoder_evidence.csv","PrecodingActive","unknown","Unit not classified by catalogue."
"beamforming\csv\precoder_evidence.csv","SourceRowsHash","unknown","Unit not classified by catalogue."
"beamforming\csv\precoder_evidence.csv","Status","us","Time duration in microseconds."
"beamforming\csv\precoder_evidence.csv","FailureReason","unknown","Unit not classified by catalogue."
"beamforming\csv\rank_layer_trials.csv","RunId","unknown","Unit not classified by catalogue."
"beamforming\csv\rank_layer_trials.csv","TrialId","index","Protocol/table index."
"beamforming\csv\rank_layer_trials.csv","Direction","unknown","Unit not classified by catalogue."
"beamforming\csv\rank_layer_trials.csv","CellId","unknown","Unit not classified by catalogue."
"beamforming\csv\rank_layer_trials.csv","UEId","unknown","Unit not classified by catalogue."
"beamforming\csv\rank_layer_trials.csv","Frame","unknown","Unit not classified by catalogue."
"beamforming\csv\rank_layer_trials.csv","Slot","unknown","Unit not classified by catalogue."
"beamforming\csv\rank_layer_trials.csv","ConfiguredRank","unknown","Unit not classified by catalogue."
"beamforming\csv\rank_layer_trials.csv","ConfiguredLayers","unknown","Unit not classified by catalogue."
"beamforming\csv\rank_layer_trials.csv","ScheduledRank","unknown","Unit not classified by catalogue."
"beamforming\csv\rank_layer_trials.csv","ScheduledLayers","unknown","Unit not classified by catalogue."
"beamforming\csv\rank_layer_trials.csv","TransmittedRank","unknown","Unit not classified by catalogue."
"beamforming\csv\rank_layer_trials.csv","TransmittedLayers","unknown","Unit not classified by catalogue."
"beamforming\csv\rank_layer_trials.csv","ReceiverEstimatedRank","unknown","Unit not classified by catalogue."
"beamforming\csv\rank_layer_trials.csv","EffectiveDecodedRank","unknown","Unit not classified by catalogue."
"beamforming\csv\rank_layer_trials.csv","EffectiveDecodedLayers","unknown","Unit not classified by catalogue."
"beamforming\csv\rank_layer_trials.csv","NumRxAntennas","count","Count."
"beamforming\csv\rank_layer_trials.csv","NumTxPorts","count","Count."
"beamforming\csv\rank_layer_trials.csv","TxWaveformColumns","unknown","Unit not classified by catalogue."
"beamforming\csv\rank_layer_trials.csv","PhysicalTxAntennas","unknown","Unit not classified by catalogue."
"beamforming\csv\rank_layer_trials.csv","RxWaveformBranches","unknown","Unit not classified by catalogue."
"beamforming\csv\rank_layer_trials.csv","PhysicalRxAntennas","unknown","Unit not classified by catalogue."
"beamforming\csv\rank_layer_trials.csv","LogicalTxPortCount","count","Count."
"beamforming\csv\rank_layer_trials.csv","LogicalRxBranchCount","count","Count."
"beamforming\csv\rank_layer_trials.csv","BSAntennaNumPorts","unknown","Unit not classified by catalogue."
"beamforming\csv\rank_layer_trials.csv","UEAntennaNumPorts","unknown","Unit not classified by catalogue."
"beamforming\csv\rank_layer_trials.csv","BSAntennaElements","unknown","Unit not classified by catalogue."
"beamforming\csv\rank_layer_trials.csv","UEAntennaElements","unknown","Unit not classified by catalogue."
"beamforming\csv\rank_layer_trials.csv","AntennaRuntimeObjectCreated","unknown","Unit not classified by catalogue."
"beamforming\csv\rank_layer_trials.csv","ChannelUsesSameRuntimeAntennaAssumptions","unknown","Unit not classified by catalogue."
"beamforming\csv\rank_layer_trials.csv","ConditionNumber_dB","dB","Log-domain radio metric."
"beamforming\csv\rank_layer_trials.csv","ConfiguredModulation","unknown","Unit not classified by catalogue."
"beamforming\csv\rank_layer_trials.csv","ScheduledModulation","unknown","Unit not classified by catalogue."
"beamforming\csv\rank_layer_trials.csv","TransmittedModulation","unknown","Unit not classified by catalogue."
"beamforming\csv\rank_layer_trials.csv","EffectiveDecodedModulation","unknown","Unit not classified by catalogue."
"beamforming\csv\rank_layer_trials.csv","ConfiguredMCS","index","Protocol/table index."
"beamforming\csv\rank_layer_trials.csv","ConfiguredInitialMCS","index","Protocol/table index."
"beamforming\csv\rank_layer_trials.csv","ConfiguredMaximumMCS","index","Protocol/table index."
"beamforming\csv\rank_layer_trials.csv","ScheduledMCS","index","Protocol/table index."
"beamforming\csv\rank_layer_trials.csv","TransmittedMCS","index","Protocol/table index."
"beamforming\csv\rank_layer_trials.csv","EffectiveDecodedMCS","index","Protocol/table index."
"beamforming\csv\rank_layer_trials.csv","DMRSPorts","unknown","Unit not classified by catalogue."
"beamforming\csv\rank_layer_trials.csv","ConfiguredMCSSelectionPolicy","index","Protocol/table index."
"beamforming\csv\rank_layer_trials.csv","ActualMCSSelectionMode","index","Protocol/table index."
"beamforming\csv\rank_layer_trials.csv","MCSSelectionSource","index","Protocol/table index."
"beamforming\csv\rank_layer_trials.csv","MCSAuthority","index","Protocol/table index."
"beamforming\csv\rank_layer_trials.csv","ModulationAuthority","index","Protocol/table index."
"beamforming\csv\rank_layer_trials.csv","AppliedOperatingPointSource","unknown","Unit not classified by catalogue."
"beamforming\csv\rank_layer_trials.csv","LinkAdaptationScheduled","unknown","Unit not classified by catalogue."
"beamforming\csv\rank_layer_trials.csv","LinkAdaptationApplied","unknown","Unit not classified by catalogue."
"beamforming\csv\rank_layer_trials.csv","WidebandCQI","index","Protocol/table index."
"beamforming\csv\rank_layer_trials.csv","CQIDerivedMCS","index","Protocol/table index."
"beamforming\csv\rank_layer_trials.csv","PrecoderId","index","Protocol/table index."
"beamforming\csv\rank_layer_trials.csv","BeamId","unknown","Unit not classified by catalogue."
"beamforming\csv\rank_layer_trials.csv","CSIReportId","unknown","Unit not classified by catalogue."
"beamforming\csv\rank_layer_trials.csv","LayerSINRdB","dB","Log-domain radio metric."
"beamforming\csv\rank_layer_trials.csv","RuntimeRI","index","Protocol/table index."
"beamforming\csv\rank_layer_trials.csv","RuntimePMI","index","Protocol/table index."
"beamforming\csv\rank_layer_trials.csv","RuntimeRankSelectionSource","unknown","Unit not classified by catalogue."
"beamforming\csv\rank_layer_trials.csv","EffectiveRankDecisionReason","unknown","Unit not classified by catalogue."
"beamforming\csv\rank_layer_trials.csv","DecodeCrcPass","unknown","Unit not classified by catalogue."
"beamforming\csv\rank_layer_trials.csv","ExactSpatialMatch","unknown","Unit not classified by catalogue."
"beamforming\csv\rank_layer_trials.csv","SpatialContractMatch","unknown","Unit not classified by catalogue."
"beamforming\csv\rank_layer_trials.csv","ExactOperatingPointMatch","unknown","Unit not classified by catalogue."
"beamforming\csv\rank_layer_trials.csv","FixedOperatingPointMatch","unknown","Unit not classified by catalogue."
"beamforming\csv\rank_layer_trials.csv","AdaptivePolicyRequired","unknown","Unit not classified by catalogue."
"beamforming\csv\rank_layer_trials.csv","AdaptivePolicyMatch","unknown","Unit not classified by catalogue."
"beamforming\csv\rank_layer_trials.csv","AdaptivePolicyConformance","unknown","Unit not classified by catalogue."
"beamforming\csv\rank_layer_trials.csv","OperatingPointContractMatch","unknown","Unit not classified by catalogue."
"beamforming\csv\rank_layer_trials.csv","MUExecutionRequired","unknown","Unit not classified by catalogue."
"beamforming\csv\rank_layer_trials.csv","RequiredMUUserCount","count","Count."
"beamforming\csv\rank_layer_trials.csv","RequiredMULeakageThreshold_dB","dB","Log-domain radio metric."
"beamforming\csv\rank_layer_trials.csv","RequiredMUExecutionMode","unknown","Unit not classified by catalogue."
"beamforming\csv\rank_layer_trials.csv","MUMIMOEnabled","unknown","Unit not classified by catalogue."
"beamforming\csv\rank_layer_trials.csv","MUMIMOGroupSize","unknown","Unit not classified by catalogue."
"beamforming\csv\rank_layer_trials.csv","MUMIMOGroupId","unknown","Unit not classified by catalogue."
"beamforming\csv\rank_layer_trials.csv","MUMIMOPairingStatus","us","Time duration in microseconds."
"beamforming\csv\rank_layer_trials.csv","MUMIMOPairingMetricSource","index","Protocol/table index."
"beamforming\csv\rank_layer_trials.csv","MUMIMOPairingMetricValue_dB","dB","Log-domain radio metric."
"beamforming\csv\rank_layer_trials.csv","MUMIMOPairingEvidenceSource","index","Protocol/table index."
"beamforming\csv\rank_layer_trials.csv","MUMIMOSpatialFilterMatrixSHA256","index","Protocol/table index."
"beamforming\csv\rank_layer_trials.csv","AppliedPrecoderMatrixSHA256","index","Protocol/table index."
"beamforming\csv\rank_layer_trials.csv","MUMIMOReceiveCombinerApplied","unknown","Unit not classified by catalogue."
"beamforming\csv\rank_layer_trials.csv","MUMIMOReceiveCombinerStatus","us","Time duration in microseconds."
"beamforming\csv\rank_layer_trials.csv","MUMIMOReceiveCombinerMatrixSHA256","index","Protocol/table index."
"beamforming\csv\rank_layer_trials.csv","MUMIMOReceiveCombinerInputBranches","index","Protocol/table index."
"beamforming\csv\rank_layer_trials.csv","MUMIMOReceiveCombinerOutputBranches","unknown","Unit not classified by catalogue."
"beamforming\csv\rank_layer_trials.csv","MUMIMOReceiveCombinerInterferenceProjected","index","Protocol/table index."
"beamforming\csv\rank_layer_trials.csv","MUMIMOReceiverAlgorithm","index","Protocol/table index."
"beamforming\csv\rank_layer_trials.csv","InterferenceCovarianceSource","index","Protocol/table index."
"beamforming\csv\rank_layer_trials.csv","InterferenceCovarianceAvailable","index","Protocol/table index."
"beamforming\csv\rank_layer_trials.csv","InterferenceMode","unknown","Unit not classified by catalogue."
"beamforming\csv\rank_layer_trials.csv","InterferenceContributorCount","index","Protocol/table index."
"beamforming\csv\rank_layer_trials.csv","PRBStart","unknown","Unit not classified by catalogue."
"beamforming\csv\rank_layer_trials.csv","PRBCount","count","Count."
"beamforming\csv\rank_layer_trials.csv","SymbolStart","unknown","Unit not classified by catalogue."
"beamforming\csv\rank_layer_trials.csv","NumSymbols","count","Count."
"beamforming\csv\rank_layer_trials.csv","MUExecutionMatch","unknown","Unit not classified by catalogue."
"beamforming\csv\rank_layer_trials.csv","ExactConfiguredMatch","unknown","Unit not classified by catalogue."
"beamforming\csv\rank_layer_trials.csv","ExecutionContractMatch","unknown","Unit not classified by catalogue."
"beamforming\csv\rank_layer_trials.csv","MismatchCause","unknown","Unit not classified by catalogue."
"beamforming\csv\rank_layer_trials.csv","AdaptiveMode","unknown","Unit not classified by catalogue."
"beamforming\csv\rank_layer_trials.csv","AdaptationEvidenceId","unknown","Unit not classified by catalogue."
"beamforming\csv\rank_layer_trials.csv","FixedAnchorMode","unknown","Unit not classified by catalogue."
"beamforming\csv\rank_layer_trials.csv","StrictEligible","index","Protocol/table index."
"beamforming\csv\rank_layer_trials.csv","StrictOk","index","Protocol/table index."
"beamforming\csv\rank_layer_trials.csv","SourceArtifactRef","unknown","Unit not classified by catalogue."
"beamforming\csv\rank_layer_trials.csv","SourceRowsHash","unknown","Unit not classified by catalogue."
"beamforming\csv\rank_layer_trials.csv","Status","us","Time duration in microseconds."
"beamforming\csv\rank_layer_trials.csv","FailureReason","unknown","Unit not classified by catalogue."
"csv\csi_rs_trials.csv","Direction","unknown","Unit not classified by catalogue."
"csv\csi_rs_trials.csv","SignalFamily","unknown","Unit not classified by catalogue."
"csv\csi_rs_trials.csv","SNR_dB","dB","Log-domain radio metric."
"csv\csi_rs_trials.csv","SFN","unknown","Unit not classified by catalogue."
"csv\csi_rs_trials.csv","Frame","unknown","Unit not classified by catalogue."
"csv\csi_rs_trials.csv","Slot","unknown","Unit not classified by catalogue."
"csv\csi_rs_trials.csv","Time_s","unknown","Unit not classified by catalogue."
"csv\csi_rs_trials.csv","CellID","unknown","Unit not classified by catalogue."
"csv\csi_rs_trials.csv","BWPID","unknown","Unit not classified by catalogue."
"csv\csi_rs_trials.csv","UEIndex","index","Protocol/table index."
"csv\csi_rs_trials.csv","RNTI","unknown","Unit not classified by catalogue."
"csv\csi_rs_trials.csv","ResourceID","unknown","Unit not classified by catalogue."
"csv\csi_rs_trials.csv","ResourceSetID","unknown","Unit not classified by catalogue."
"csv\csi_rs_trials.csv","CSIRSType","unknown","Unit not classified by catalogue."
"csv\csi_rs_trials.csv","NumPorts","count","Count."
"csv\csi_rs_trials.csv","RowNumber","ratio","Unitless ratio/probability."
"csv\csi_rs_trials.csv","Density","unknown","Unit not classified by catalogue."
"csv\csi_rs_trials.csv","Periodicity","index","Protocol/table index."
"csv\csi_rs_trials.csv","SymbolLocations","unknown","Unit not classified by catalogue."
"csv\csi_rs_trials.csv","SubcarrierLocations","index","Protocol/table index."
"csv\csi_rs_trials.csv","RBOffset","unknown","Unit not classified by catalogue."
"csv\csi_rs_trials.csv","NumRB","count","Count."
"csv\csi_rs_trials.csv","NRE","unknown","Unit not classified by catalogue."
"csv\csi_rs_trials.csv","Scheduled","unknown","Unit not classified by catalogue."
"csv\csi_rs_trials.csv","Transmitted","unknown","Unit not classified by catalogue."
"csv\csi_rs_trials.csv","Observed","unknown","Unit not classified by catalogue."
"csv\csi_rs_trials.csv","Consumed","unknown","Unit not classified by catalogue."
"csv\csi_rs_trials.csv","Consumer","unknown","Unit not classified by catalogue."
"csv\csi_rs_trials.csv","MeasurementRSRP_dB","dB","Log-domain radio metric."
"csv\csi_rs_trials.csv","MeasurementSource","unknown","Unit not classified by catalogue."
"csv\csi_rs_trials.csv","UpdateOutcome","unknown","Unit not classified by catalogue."
"csv\csi_rs_trials.csv","RuntimeMaterializationStatus","us","Time duration in microseconds."
"csv\csi_rs_trials.csv","RuntimeEvidenceSource","unknown","Unit not classified by catalogue."
"csv\csi_rs_trials.csv","RuntimeEventObserved","unknown","Unit not classified by catalogue."
"csv\csi_rs_trials.csv","SourceArtifact","unknown","Unit not classified by catalogue."
"csv\csi_rs_trials.csv","SourceTable","unknown","Unit not classified by catalogue."
"csv\dl_constellation_samples.csv","RuntimeDirection","unknown","Unit not classified by catalogue."
"csv\dl_constellation_samples.csv","RuntimeModulation","unknown","Unit not classified by catalogue."
"csv\dl_constellation_samples.csv","RuntimeSNR_dB","dB","Log-domain radio metric."
"csv\dl_constellation_samples.csv","SampleIndex","samples","Discrete sample count or offset."
"csv\dl_constellation_samples.csv","SymbolComparisonDomain","index","Protocol/table index."
"csv\dl_constellation_samples.csv","SymbolOrdering","index","Protocol/table index."
"csv\dl_constellation_samples.csv","SymbolOrderingStatus","us","Time duration in microseconds."
"csv\dl_constellation_samples.csv","SubcarrierIndex","index","Protocol/table index."
"csv\dl_constellation_samples.csv","OFDMSymbolIndex","index","Protocol/table index."
"csv\dl_constellation_samples.csv","LayerIndex","index","Protocol/table index."
"csv\dl_constellation_samples.csv","CodewordIndex","index","Protocol/table index."
"csv\dl_constellation_samples.csv","ReferenceSymbolReal","unknown","Unit not classified by catalogue."
"csv\dl_constellation_samples.csv","ReferenceSymbolImag","unknown","Unit not classified by catalogue."
"csv\dl_constellation_samples.csv","TxReal","unknown","Unit not classified by catalogue."
"csv\dl_constellation_samples.csv","TxImag","unknown","Unit not classified by catalogue."
"csv\dl_constellation_samples.csv","RawEqualizedReal","unknown","Unit not classified by catalogue."
"csv\dl_constellation_samples.csv","RawEqualizedImag","unknown","Unit not classified by catalogue."
"csv\dl_constellation_samples.csv","EqualizedReal","unknown","Unit not classified by catalogue."
"csv\dl_constellation_samples.csv","EqualizedImag","unknown","Unit not classified by catalogue."
"csv\dl_constellation_samples.csv","HardDecisionReal","unknown","Unit not classified by catalogue."
"csv\dl_constellation_samples.csv","HardDecisionImag","unknown","Unit not classified by catalogue."
"csv\dl_constellation_samples.csv","DecisionReal","unknown","Unit not classified by catalogue."
"csv\dl_constellation_samples.csv","DecisionImag","unknown","Unit not classified by catalogue."
"csv\dl_constellation_samples.csv","DetectorOutputReal","unknown","Unit not classified by catalogue."
"csv\dl_constellation_samples.csv","DetectorOutputImag","unknown","Unit not classified by catalogue."
"csv\dl_constellation_samples.csv","SymbolErrorMagnitude","unknown","Unit not classified by catalogue."
"csv\dl_constellation_samples.csv","SymbolEVM_rms","ms","Time duration in milliseconds."
"csv\dl_constellation_samples.csv","Frame","unknown","Unit not classified by catalogue."
"csv\dl_constellation_samples.csv","RuntimeSlot","unknown","Unit not classified by catalogue."
"csv\dl_constellation_samples.csv","TBId","unknown","Unit not classified by catalogue."
"csv\dl_constellation_samples.csv","MCSIndex","index","Protocol/table index."
"csv\dl_constellation_samples.csv","MCS","index","Protocol/table index."
"csv\dl_constellation_samples.csv","Layers","unknown","Unit not classified by catalogue."
"csv\dl_constellation_samples.csv","PostEqSINR_dB","dB","Log-domain radio metric."
"csv\dl_constellation_samples.csv","MeasuredSINR_dB","dB","Log-domain radio metric."
"csv\dl_constellation_samples.csv","EVM_rms","ms","Time duration in milliseconds."
"csv\dl_constellation_samples.csv","RuntimeEVMRms_pct","unknown","Unit not classified by catalogue."
"csv\dl_constellation_samples.csv","RuntimeEVM_dB","dB","Log-domain radio metric."
"csv\dl_constellation_samples.csv","RuntimeNormalization","unknown","Unit not classified by catalogue."
"csv\dl_constellation_samples.csv","TruthStatus","us","Time duration in microseconds."
"csv\dl_constellation_samples.csv","direction","unknown","Unit not classified by catalogue."
"csv\dl_constellation_samples.csv","ue_id","unknown","Unit not classified by catalogue."
"csv\dl_constellation_samples.csv","slot","unknown","Unit not classified by catalogue."
"csv\dl_constellation_samples.csv","tb_id","unknown","Unit not classified by catalogue."
"csv\dl_constellation_samples.csv","layer","unknown","Unit not classified by catalogue."
"csv\dl_constellation_samples.csv","modulation","unknown","Unit not classified by catalogue."
"csv\dl_constellation_samples.csv","mcs_index","index","Protocol/table index."
"csv\dl_constellation_samples.csv","snr_db","dB","Log-domain radio metric."
"csv\dl_constellation_samples.csv","posteq_sinr_db","dB","Log-domain radio metric."
"csv\dl_constellation_samples.csv","symbol_index","index","Protocol/table index."
"csv\dl_constellation_samples.csv","reference_symbol_i","unknown","Unit not classified by catalogue."
"csv\dl_constellation_samples.csv","reference_symbol_q","unknown","Unit not classified by catalogue."
"csv\dl_constellation_samples.csv","equalized_i","unknown","Unit not classified by catalogue."
"csv\dl_constellation_samples.csv","equalized_q","unknown","Unit not classified by catalogue."
"csv\dl_constellation_samples.csv","evm_rms_pct","unknown","Unit not classified by catalogue."
"csv\dl_constellation_samples.csv","evm_db","dB","Log-domain radio metric."
"csv\dl_constellation_samples.csv","normalization","unknown","Unit not classified by catalogue."
"csv\dl_constellation_samples.csv","truth_status","us","Time duration in microseconds."
"csv\dl_constellation_samples.csv","UEIndex","index","Protocol/table index."
"csv\dl_constellation_samples.csv","RNTI","unknown","Unit not classified by catalogue."
"csv\dl_constellation_samples.csv","BeamSelectionStrategy","ratio","Unitless ratio/probability."
"csv\dl_constellation_samples.csv","ConfiguredTxAntennas","unknown","Unit not classified by catalogue."
"csv\dl_constellation_samples.csv","ConfiguredRxAntennas","unknown","Unit not classified by catalogue."
"csv\dl_pdsch_trials.csv","Direction","unknown","Unit not classified by catalogue."
"csv\dl_pdsch_trials.csv","SNR_dB","dB","Log-domain radio metric."
"csv\dl_pdsch_trials.csv","Seed","unknown","Unit not classified by catalogue."
"csv\dl_pdsch_trials.csv","Frame","unknown","Unit not classified by catalogue."
"csv\dl_pdsch_trials.csv","Slot","unknown","Unit not classified by catalogue."
"csv\dl_pdsch_trials.csv","MCS","index","Protocol/table index."
"csv\dl_pdsch_trials.csv","PRBs","unknown","Unit not classified by catalogue."
"csv\dl_pdsch_trials.csv","Layers","unknown","Unit not classified by catalogue."
"csv\dl_pdsch_trials.csv","ConfiguredLayers","unknown","Unit not classified by catalogue."
"csv\dl_pdsch_trials.csv","ConfiguredTxAntennas","unknown","Unit not classified by catalogue."
"csv\dl_pdsch_trials.csv","ConfiguredRxAntennas","unknown","Unit not classified by catalogue."
"csv\dl_pdsch_trials.csv","Modulation","unknown","Unit not classified by catalogue."
"csv\dl_pdsch_trials.csv","TargetCodeRate","ratio","Unitless ratio/probability."
"csv\dl_pdsch_trials.csv","TBSize_bits","bits","Bit count."
"csv\dl_pdsch_trials.csv","PRBStart","unknown","Unit not classified by catalogue."
"csv\dl_pdsch_trials.csv","AllocatedPRBCount","count","Count."
"csv\dl_pdsch_trials.csv","PRBCount","count","Count."
"csv\dl_pdsch_trials.csv","SymbolStart","unknown","Unit not classified by catalogue."
"csv\dl_pdsch_trials.csv","NumSymbols","count","Count."
"csv\dl_pdsch_trials.csv","ChannelModel","unknown","Unit not classified by catalogue."
"csv\dl_pdsch_trials.csv","ChannelModelApplied","unknown","Unit not classified by catalogue."
"csv\dl_pdsch_trials.csv","ChannelFadingApplied","unknown","Unit not classified by catalogue."
"csv\dl_pdsch_trials.csv","DopplerHz","Hz","Frequency in hertz."
"csv\dl_pdsch_trials.csv","CRCPass","unknown","Unit not classified by catalogue."
"csv\dl_pdsch_trials.csv","CRCApplicable","unknown","Unit not classified by catalogue."
"csv\dl_pdsch_trials.csv","CRCOutcome","unknown","Unit not classified by catalogue."
"csv\dl_pdsch_trials.csv","HARQProcess","unknown","Unit not classified by catalogue."
"csv\dl_pdsch_trials.csv","HARQNDI","unknown","Unit not classified by catalogue."
"csv\dl_pdsch_trials.csv","HARQRV","unknown","Unit not classified by catalogue."
"csv\dl_pdsch_trials.csv","HARQIsRetransmission","unknown","Unit not classified by catalogue."
"csv\dl_pdsch_trials.csv","HARQFeedbackDueSlot","unknown","Unit not classified by catalogue."
"csv\dl_pdsch_trials.csv","RV","unknown","Unit not classified by catalogue."
"csv\dl_pdsch_trials.csv","HARQProcessId","unknown","Unit not classified by catalogue."
"csv\dl_pdsch_trials.csv","HarqID","unknown","Unit not classified by catalogue."
"csv\dl_pdsch_trials.csv","HARQRound","unknown","Unit not classified by catalogue."
"csv\dl_pdsch_trials.csv","NDI","unknown","Unit not classified by catalogue."
"csv\dl_pdsch_trials.csv","IsRetransmission","unknown","Unit not classified by catalogue."
"csv\dl_pdsch_trials.csv","NDIEpoch","unknown","Unit not classified by catalogue."
"csv\dl_pdsch_trials.csv","OriginalTBSBits","bits","Bit count."
"csv\dl_pdsch_trials.csv","CurrentTBSBits","bits","Bit count."
"csv\dl_pdsch_trials.csv","OriginalRateMatchedBits","ratio","Unitless ratio/probability."
"csv\dl_pdsch_trials.csv","CurrentRateMatchedBits","ratio","Unitless ratio/probability."
"csv\dl_pdsch_trials.csv","EffectiveInitialCodeRate","ratio","Unitless ratio/probability."
"csv\dl_pdsch_trials.csv","EffectiveCurrentTxCodeRate","ratio","Unitless ratio/probability."
"csv\dl_pdsch_trials.csv","ShortIRRetx","unknown","Unit not classified by catalogue."
"csv\dl_pdsch_trials.csv","CodeBlockLayoutHash","unknown","Unit not classified by catalogue."
"csv\dl_pdsch_trials.csv","HARQContextHash","unknown","Unit not classified by catalogue."
"csv\dl_pdsch_trials.csv","HARQContextStatus","us","Time duration in microseconds."
"csv\dl_pdsch_trials.csv","HARQCurrentDecodeOK","unknown","Unit not classified by catalogue."
"csv\dl_pdsch_trials.csv","HARQCombinedDecodeOK","unknown","Unit not classified by catalogue."
"csv\dl_pdsch_trials.csv","HARQCombiningApplied","unknown","Unit not classified by catalogue."
"csv\dl_pdsch_trials.csv","HARQLLRCombiningGain_dB","dB","Log-domain radio metric."
"csv\dl_pdsch_trials.csv","HARQPreviousLLRCount","count","Count."
"csv\dl_pdsch_trials.csv","HARQCurrentLLRCount","count","Count."
"csv\dl_pdsch_trials.csv","HARQCombinedLLRCount","count","Count."
"csv\dl_pdsch_trials.csv","DecoderIterations","index","Protocol/table index."
"csv\dl_pdsch_trials.csv","EVM_rms","ms","Time duration in milliseconds."
"csv\dl_pdsch_trials.csv","NMSE_dB","dB","Log-domain radio metric."
"csv\dl_pdsch_trials.csv","DetectionMetric","index","Protocol/table index."
"csv\dl_pdsch_trials.csv","DetectionThreshold","unknown","Unit not classified by catalogue."
"csv\dl_pdsch_trials.csv","CandidateCount","count","Count."
"csv\dl_pdsch_trials.csv","MissedDetection","unknown","Unit not classified by catalogue."
"csv\dl_pdsch_trials.csv","FalseAlarm","unknown","Unit not classified by catalogue."
"csv\dl_pdsch_trials.csv","DTXFlag","unknown","Unit not classified by catalogue."
"csv\dl_pdsch_trials.csv","PreambleIndex","index","Protocol/table index."
"csv\dl_pdsch_trials.csv","RequestedPreambleIndex","index","Protocol/table index."
"csv\dl_pdsch_trials.csv","DetectedPreambleIndex","index","Protocol/table index."
"csv\dl_pdsch_trials.csv","PreambleIndexFromPeak","index","Protocol/table index."
"csv\dl_pdsch_trials.csv","MeasuredSINR_dB","dB","Log-domain radio metric."
"csv\dl_pdsch_trials.csv","WidebandCQI","index","Protocol/table index."
"csv\dl_pdsch_trials.csv","CQIDerivedMCS","index","Protocol/table index."
"csv\dl_pdsch_trials.csv","CQIDerivedModulation","index","Protocol/table index."
"csv\dl_pdsch_trials.csv","CQIDerivedTargetCodeRate","ratio","Unitless ratio/probability."
"csv\dl_pdsch_trials.csv","LinkAdaptationMode","unknown","Unit not classified by catalogue."
"csv\dl_pdsch_trials.csv","ConfiguredLinkAdaptationMode","unknown","Unit not classified by catalogue."
"csv\dl_pdsch_trials.csv","LinkAdaptationDomain","unknown","Unit not classified by catalogue."
"csv\dl_pdsch_trials.csv","ActualMCSSelectionMode","index","Protocol/table index."
"csv\dl_pdsch_trials.csv","ConfiguredMCSSelectionPolicy","index","Protocol/table index."
"csv\dl_pdsch_trials.csv","SchedulerGrantMCSSelectionMode","index","Protocol/table index."
"csv\dl_pdsch_trials.csv","CQISource","index","Protocol/table index."
"csv\dl_pdsch_trials.csv","MCSSelectionSource","index","Protocol/table index."
"csv\dl_pdsch_trials.csv","MCSValueStatus","us","Time duration in microseconds."
"csv\dl_pdsch_trials.csv","OLLADomain","unknown","Unit not classified by catalogue."
"csv\dl_pdsch_trials.csv","OuterLoopEnabled","unknown","Unit not classified by catalogue."
"csv\dl_pdsch_trials.csv","InnerLoopEnabled","unknown","Unit not classified by catalogue."
"csv\dl_pdsch_trials.csv","OuterLoopApplied","unknown","Unit not classified by catalogue."
"csv\dl_pdsch_trials.csv","InnerLoopApplied","unknown","Unit not classified by catalogue."
"csv\dl_pdsch_trials.csv","OLLAState","unknown","Unit not classified by catalogue."
"csv\dl_pdsch_trials.csv","CalibrationProfile","unknown","Unit not classified by catalogue."
"csv\dl_pdsch_trials.csv","RequestedOperatingPointSource","unknown","Unit not classified by catalogue."
"csv\dl_pdsch_trials.csv","CQITable","index","Protocol/table index."
"csv\dl_pdsch_trials.csv","MCSTable","index","Protocol/table index."
"csv\dl_pdsch_trials.csv","RankIndicator","unknown","Unit not classified by catalogue."
"csv\dl_pdsch_trials.csv","RankSelectionPolicy","unknown","Unit not classified by catalogue."
"csv\dl_pdsch_trials.csv","RankSelectionSource","unknown","Unit not classified by catalogue."
"csv\dl_pdsch_trials.csv","RankDecisionReason","unknown","Unit not classified by catalogue."
"csv\dl_pdsch_trials.csv","RankDowngradeApplied","unknown","Unit not classified by catalogue."
"csv\dl_pdsch_trials.csv","MaxSupportedLayers","unknown","Unit not classified by catalogue."
"csv\dl_pdsch_trials.csv","PMI","index","Protocol/table index."
"csv\dl_pdsch_trials.csv","CRI","index","Protocol/table index."
"csv\dl_pdsch_trials.csv","PMIType","index","Protocol/table index."
"csv\dl_pdsch_trials.csv","MUMIMOEnabled","unknown","Unit not classified by catalogue."
"csv\dl_pdsch_trials.csv","MUMIMOGroupSize","unknown","Unit not classified by catalogue."
"csv\dl_pdsch_trials.csv","MUMIMOGroupId","unknown","Unit not classified by catalogue."
"csv\dl_pdsch_trials.csv","MUMIMOPairingStatus","us","Time duration in microseconds."
"csv\dl_pdsch_trials.csv","MUMIMOPairingMetricSource","index","Protocol/table index."
"csv\dl_pdsch_trials.csv","MUMIMOPairingMetricValue_dB","dB","Log-domain radio metric."
"csv\dl_pdsch_trials.csv","MUMIMOPairingWorstMetricValue_dB","dB","Log-domain radio metric."
"csv\dl_pdsch_trials.csv","MUMIMOPairingEvidenceSource","index","Protocol/table index."
"csv\dl_pdsch_trials.csv","MUMIMOPrecoderType","unknown","Unit not classified by catalogue."
"csv\dl_pdsch_trials.csv","MUMIMORequiredLeakageThreshold_dB","dB","Log-domain radio metric."
"csv\dl_pdsch_trials.csv","MUMIMODesiredSubspaceGain_dB","dB","Log-domain radio metric."
"csv\dl_pdsch_trials.csv","MUMIMORequiredMinimumDesiredGain_dB","dB","Log-domain radio metric."
"csv\dl_pdsch_trials.csv","MUMIMOSpatialDesignStatus","us","Time duration in microseconds."
"csv\dl_pdsch_trials.csv","MUMIMOSpatialDesignContractVersion","unknown","Unit not classified by catalogue."
"csv\dl_pdsch_trials.csv","MUMIMOSpatialDesignEvidenceSource","unknown","Unit not classified by catalogue."
"csv\dl_pdsch_trials.csv","MUMIMOSpatialFilterMatrixSHA256","index","Protocol/table index."
"csv\dl_pdsch_trials.csv","MUMIMOReceiveCombinerApplied","unknown","Unit not classified by catalogue."
"csv\dl_pdsch_trials.csv","MUMIMOReceiveCombinerSource","unknown","Unit not classified by catalogue."
"csv\dl_pdsch_trials.csv","MUMIMOReceiveCombinerInterferenceProjected","index","Protocol/table index."
"csv\dl_pdsch_trials.csv","MUMIMOHybridRFDesignPolicy","index","Protocol/table index."
"csv\dl_pdsch_trials.csv","MUMIMOHybridRFDesignStatus","us","Time duration in microseconds."
"csv\dl_pdsch_trials.csv","HybridElementToPortMatrixSHA256","index","Protocol/table index."
"csv\dl_pdsch_trials.csv","BaseHybridElementToPortMatrixSHA256","index","Protocol/table index."
"csv\dl_pdsch_trials.csv","NumLogicalPorts","count","Count."
"csv\dl_pdsch_trials.csv","NumRFChains","count","Count."
"csv\dl_pdsch_trials.csv","PMICodebookMode","index","Protocol/table index."
"csv\dl_pdsch_trials.csv","CSIReportMode","unknown","Unit not classified by catalogue."
"csv\dl_pdsch_trials.csv","CSIPayloadBitLength","unknown","Unit not classified by catalogue."
"csv\dl_pdsch_trials.csv","CSIPayloadHex","unknown","Unit not classified by catalogue."
"csv\dl_pdsch_trials.csv","ConfiguredBeamSelectionStrategy","ratio","Unitless ratio/probability."
"csv\dl_pdsch_trials.csv","PrecoderSource","unknown","Unit not classified by catalogue."
"csv\dl_pdsch_trials.csv","PrecodingMode","unknown","Unit not classified by catalogue."
"csv\dl_pdsch_trials.csv","PrecodingApplicationStage","unknown","Unit not classified by catalogue."
"csv\dl_pdsch_trials.csv","PrecodingActive","unknown","Unit not classified by catalogue."
"csv\dl_pdsch_trials.csv","ExplicitBeamWeightsApplied","unknown","Unit not classified by catalogue."
"csv\dl_pdsch_trials.csv","TransformPrecodingApplied","unknown","Unit not classified by catalogue."
"csv\dl_pdsch_trials.csv","BeamformingApplied","unknown","Unit not classified by catalogue."
"csv\dl_pdsch_trials.csv","AppliedBeamIndexSet","index","Protocol/table index."
"csv\dl_pdsch_trials.csv","AppliedPrecoderPMI","index","Protocol/table index."
"csv\dl_pdsch_trials.csv","AppliedPrecoderPMIType","index","Protocol/table index."
"csv\dl_pdsch_trials.csv","AppliedPrecoderCodebookMode","unknown","Unit not classified by catalogue."
"csv\dl_pdsch_trials.csv","RequestedVsAppliedPrecoderPMIMatchStatus","us","Time duration in microseconds."
"csv\dl_pdsch_trials.csv","BeamSelectionStrategy","ratio","Unitless ratio/probability."
"csv\dl_pdsch_trials.csv","BeamSelectionAuthority","index","Protocol/table index."
"csv\dl_pdsch_trials.csv","BeamSelectionPolicyType","unknown","Unit not classified by catalogue."
"csv\dl_pdsch_trials.csv","BeamSelectionPolicyFixed","unknown","Unit not classified by catalogue."
"csv\dl_pdsch_trials.csv","RequestedBeamIndexSet","index","Protocol/table index."
"csv\dl_pdsch_trials.csv","RequestedPrecoderPMI","index","Protocol/table index."
"csv\dl_pdsch_trials.csv","RequestedPrecoderSource","unknown","Unit not classified by catalogue."
"csv\dl_pdsch_trials.csv","AppliedPrecoderSource","unknown","Unit not classified by catalogue."
"csv\dl_pdsch_trials.csv","RequestedBeamTruthClassification","unknown","Unit not classified by catalogue."
"csv\dl_pdsch_trials.csv","RequestedPrecoderPMITruthClassification","index","Protocol/table index."
"csv\dl_pdsch_trials.csv","AppliedBeamApplicationSource","unknown","Unit not classified by catalogue."
"csv\dl_pdsch_trials.csv","AppliedBeamTruthClassification","unknown","Unit not classified by catalogue."
"csv\dl_pdsch_trials.csv","AppliedPrecoderPMIApplicationSource","index","Protocol/table index."
"csv\dl_pdsch_trials.csv","AppliedPrecoderPMITruthClassification","index","Protocol/table index."
"csv\dl_pdsch_trials.csv","MCSAuthority","index","Protocol/table index."
"csv\dl_pdsch_trials.csv","ModulationAuthority","index","Protocol/table index."
"csv\dl_pdsch_trials.csv","GrantOperatingPointSource","unknown","Unit not classified by catalogue."
"csv\dl_pdsch_trials.csv","AppliedOperatingPointSource","unknown","Unit not classified by catalogue."
"csv\dl_pdsch_trials.csv","PrecodingNumPorts","unknown","Unit not classified by catalogue."
"csv\dl_pdsch_trials.csv","PrecodingNumLayers","unknown","Unit not classified by catalogue."
"csv\dl_pdsch_trials.csv","PrecodingMatrixRows","index","Protocol/table index."
"csv\dl_pdsch_trials.csv","PrecodingMatrixCols","index","Protocol/table index."
"csv\dl_pdsch_trials.csv","AppliedPrecoderMatrixSHA256","index","Protocol/table index."
"csv\dl_pdsch_trials.csv","FormatAdapted","unknown","Unit not classified by catalogue."
"csv\dl_pdsch_trials.csv","ControlResourceValidity","unknown","Unit not classified by catalogue."
"csv\dl_pdsch_trials.csv","ControlResourceSource","unknown","Unit not classified by catalogue."
"csv\dl_pdsch_trials.csv","UCICRCApplicable","unknown","Unit not classified by catalogue."
"csv\dl_pdsch_trials.csv","ReceiverHestSINRApplicable","dB","Log-domain radio metric."
"csv\dl_pdsch_trials.csv","FalseAlarmFlag","unknown","Unit not classified by catalogue."
"csv\dl_pdsch_trials.csv","DCICrcPass","unknown","Unit not classified by catalogue."
"csv\dl_pdsch_trials.csv","PDCCHPayloadMatch","unknown","Unit not classified by catalogue."
"csv\dl_pdsch_trials.csv","PDCCHCausalGrantDecodeOk","unknown","Unit not classified by catalogue."
"csv\dl_pdsch_trials.csv","PDCCHMissedDetection","unknown","Unit not classified by catalogue."
"csv\dl_pdsch_trials.csv","PDCCHFalseAlarm","unknown","Unit not classified by catalogue."
"csv\dl_pdsch_trials.csv","GrantValid","unknown","Unit not classified by catalogue."
"csv\dl_pdsch_trials.csv","NegativeExpectedOk","unknown","Unit not classified by catalogue."
"csv\dl_pdsch_trials.csv","PDCCHBlindSearchEnabled","unknown","Unit not classified by catalogue."
"csv\dl_pdsch_trials.csv","PDCCHREGMappingAvailable","unknown","Unit not classified by catalogue."
"csv\dl_pdsch_trials.csv","ChannelGain_dB","dB","Log-domain radio metric."
"csv\dl_pdsch_trials.csv","NoiseVariance","index","Protocol/table index."
"csv\dl_pdsch_trials.csv","DesiredSignalPowerBeforeNoise","unknown","Unit not classified by catalogue."
"csv\dl_pdsch_trials.csv","CompositeSignalPowerBeforeNoise","unknown","Unit not classified by catalogue."
"csv\dl_pdsch_trials.csv","AppliedNoiseSNR_dB","dB","Log-domain radio metric."
"csv\dl_pdsch_trials.csv","NoiseVarianceSource","index","Protocol/table index."
"csv\dl_pdsch_trials.csv","NoiseVarStatus","us","Time duration in microseconds."
"csv\dl_pdsch_trials.csv","NoiseVarSource","unknown","Unit not classified by catalogue."
"csv\dl_pdsch_trials.csv","NoiseVarStrictFailure","index","Protocol/table index."
"csv\dl_pdsch_trials.csv","ReceiverUsable","unknown","Unit not classified by catalogue."
"csv\dl_pdsch_trials.csv","DecodeAttempted","unknown","Unit not classified by catalogue."
"csv\dl_pdsch_trials.csv","DecodeUsable","unknown","Unit not classified by catalogue."
"csv\dl_pdsch_trials.csv","StrictReceiverEvidenceOk","index","Protocol/table index."
"csv\dl_pdsch_trials.csv","StrictOk","index","Protocol/table index."
"csv\dl_pdsch_trials.csv","TruthStatus","us","Time duration in microseconds."
"csv\dl_pdsch_trials.csv","ChannelEstimateAttempted","unknown","Unit not classified by catalogue."
"csv\dl_pdsch_trials.csv","ChannelEstimateAvailable","unknown","Unit not classified by catalogue."
"csv\dl_pdsch_trials.csv","ChannelEstimateSource","unknown","Unit not classified by catalogue."
"csv\dl_pdsch_trials.csv","ResourceExtractionAttempted","unknown","Unit not classified by catalogue."
"csv\dl_pdsch_trials.csv","ResourceExtractionAvailable","unknown","Unit not classified by catalogue."
"csv\dl_pdsch_trials.csv","EqualizationAttempted","unknown","Unit not classified by catalogue."
"csv\dl_pdsch_trials.csv","EqualizationAvailable","unknown","Unit not classified by catalogue."
"csv\dl_pdsch_trials.csv","DLSCHDecodeAttempted","unknown","Unit not classified by catalogue."
"csv\dl_pdsch_trials.csv","DLSCHDecodeAvailable","unknown","Unit not classified by catalogue."
"csv\dl_pdsch_trials.csv","ULSCHDecodeAttempted","unknown","Unit not classified by catalogue."
"csv\dl_pdsch_trials.csv","ULSCHDecodeAvailable","unknown","Unit not classified by catalogue."
"csv\dl_pdsch_trials.csv","LLRAvailable","unknown","Unit not classified by catalogue."
"csv\dl_pdsch_trials.csv","LLRFinite","unknown","Unit not classified by catalogue."
"csv\dl_pdsch_trials.csv","LLRScaleSource","unknown","Unit not classified by catalogue."
"csv\dl_pdsch_trials.csv","LLRNoiseVariance","index","Protocol/table index."
"csv\dl_pdsch_trials.csv","PostEqSINRWidebanddB","dB","Log-domain radio metric."
"csv\dl_pdsch_trials.csv","PostEqSINRAvailable","dB","Log-domain radio metric."
"csv\dl_pdsch_trials.csv","PostEqSINRReceiverDerived","dB","Log-domain radio metric."
"csv\dl_pdsch_trials.csv","SINRValidationStatus","dB","Log-domain radio metric."
"csv\dl_pdsch_trials.csv","SINRComputationMethod","dB","Log-domain radio metric."
"csv\dl_pdsch_trials.csv","ConfiguredSNRLikeSourceRejected","unknown","Unit not classified by catalogue."
"csv\dl_pdsch_trials.csv","EqualizerType","unknown","Unit not classified by catalogue."
"csv\dl_pdsch_trials.csv","EqualizerRequestedType","unknown","Unit not classified by catalogue."
"csv\dl_pdsch_trials.csv","EqualizerEngine","unknown","Unit not classified by catalogue."
"csv\dl_pdsch_trials.csv","InterferenceCovarianceAvailable","index","Protocol/table index."
"csv\dl_pdsch_trials.csv","InterferenceCovarianceSource","index","Protocol/table index."
"csv\dl_pdsch_trials.csv","InterferenceCovarianceStatus","us","Time duration in microseconds."
"csv\dl_pdsch_trials.csv","DetectionAttempted","unknown","Unit not classified by catalogue."
"csv\dl_pdsch_trials.csv","DetectionSuccess","unknown","Unit not classified by catalogue."
"csv\dl_pdsch_trials.csv","DetectionUsable","unknown","Unit not classified by catalogue."
"csv\dl_pdsch_trials.csv","MeasurementAttempted","unknown","Unit not classified by catalogue."
"csv\dl_pdsch_trials.csv","MeasurementUsable","unknown","Unit not classified by catalogue."
"csv\dl_pdsch_trials.csv","FailureReason","unknown","Unit not classified by catalogue."
"csv\dl_pdsch_trials.csv","TimingOffset_samples","samples","Discrete sample count or offset."
"csv\dl_pdsch_trials.csv","TAOutOfRangeFlag","unknown","Unit not classified by catalogue."
"csv\dl_pdsch_trials.csv","RankEstimate","unknown","Unit not classified by catalogue."
"csv\dl_pdsch_trials.csv","ConditionNumber_dB","dB","Log-domain radio metric."
"csv\dl_pdsch_trials.csv","NumRxAntennas","count","Count."
"csv\dl_pdsch_trials.csv","NumTxPorts","count","Count."
"csv\dl_pdsch_trials.csv","TxWaveformColumns","unknown","Unit not classified by catalogue."
"csv\dl_pdsch_trials.csv","PhysicalTxAntennas","unknown","Unit not classified by catalogue."
"csv\dl_pdsch_trials.csv","TxWaveformDomain","unknown","Unit not classified by catalogue."
"csv\dl_pdsch_trials.csv","HybridElementDomainApplied","index","Protocol/table index."
"csv\dl_pdsch_trials.csv","SelectedBeamIndex","index","Protocol/table index."
"csv\dl_pdsch_trials.csv","BestBeamIndex","index","Protocol/table index."
"csv\dl_pdsch_trials.csv","BeamHit","unknown","Unit not classified by catalogue."
"csv\dl_pdsch_trials.csv","TopKBeamHit","unknown","Unit not classified by catalogue."
"csv\dl_pdsch_trials.csv","BeamCandidateCount","count","Count."
"csv\dl_pdsch_trials.csv","SelectedBeamGain_dB","dB","Log-domain radio metric."
"csv\dl_pdsch_trials.csv","BestBeamGain_dB","dB","Log-domain radio metric."
"csv\dl_pdsch_trials.csv","BeamGainGap_dB","dB","Log-domain radio metric."
"csv\dl_pdsch_trials.csv","ConfiguredPMI","index","Protocol/table index."
"csv\dl_pdsch_trials.csv","BitErrors","unknown","Unit not classified by catalogue."
"csv\dl_pdsch_trials.csv","BitsCompared","bits","Bit count."
"csv\dl_pdsch_trials.csv","RawBER","ratio","Unitless ratio/probability."
"csv\dl_pdsch_trials.csv","OfferedBits","bits","Bit count."
"csv\dl_pdsch_trials.csv","GoodBits","bits","Bit count."
"csv\dl_pdsch_trials.csv","OfferedThroughput_Mbps","Mbps","Megabits per second."
"csv\dl_pdsch_trials.csv","Goodput_Mbps","Mbps","Megabits per second."
"csv\dl_pdsch_trials.csv","AirInterfaceTTI_ms","ms","Time duration in milliseconds."
"csv\dl_pdsch_trials.csv","EarlyStopRate","ratio","Unitless ratio/probability."
"csv\dl_pdsch_trials.csv","DecoderComplexityUnits","unknown","Unit not classified by catalogue."
"csv\dl_pdsch_trials.csv","NormalizedDecoderComplexity","unknown","Unit not classified by catalogue."
"csv\dl_pdsch_trials.csv","AreaEfficiencyProxy","unknown","Unit not classified by catalogue."
"csv\dl_pdsch_trials.csv","NumCodeBlocks","count","Count."
"csv\dl_pdsch_trials.csv","CodeBlockLength_bits","bits","Bit count."
"csv\dl_pdsch_trials.csv","SegmentationOccurred","unknown","Unit not classified by catalogue."
"csv\dl_pdsch_trials.csv","SegmentationPaddingBits","bits","Bit count."
"csv\dl_pdsch_trials.csv","TBCRCLength_bits","bits","Bit count."
"csv\dl_pdsch_trials.csv","TBLengthWithCRC_bits","bits","Bit count."
"csv\dl_pdsch_trials.csv","BaseGraph","unknown","Unit not classified by catalogue."
"csv\dl_pdsch_trials.csv","EncodedBits","bits","Bit count."
"csv\dl_pdsch_trials.csv","RateMatchedBits","ratio","Unitless ratio/probability."
"csv\dl_pdsch_trials.csv","RateMatchPunctureBits","ratio","Unitless ratio/probability."
"csv\dl_pdsch_trials.csv","RateMatchRepetitionBits","ratio","Unitless ratio/probability."
"csv\dl_pdsch_trials.csv","MeasuredCodeBlockDecodeErrorCount","count","Count."
"csv\dl_pdsch_trials.csv","MeasuredCodeBlockDecodeCount","count","Count."
"csv\dl_pdsch_trials.csv","MeasuredCodeBlockDecodeFailureRate","ratio","Unitless ratio/probability."
"csv\dl_pdsch_trials.csv","MeasuredCodeBlockCRCCount","count","Count."
"csv\dl_pdsch_trials.csv","MeasuredCodeBlockCRCFailureRate","ratio","Unitless ratio/probability."
"csv\dl_pdsch_trials.csv","MeasuredCodeBlockDecodeErrorVector","unknown","Unit not classified by catalogue."
"csv\dl_pdsch_trials.csv","CodeBlockErrors","unknown","Unit not classified by catalogue."
"csv\dl_pdsch_trials.csv","CodeBlockCount","count","Count."
"csv\dl_pdsch_trials.csv","CodeBlockBLER","ratio","Unitless ratio/probability."
"csv\dl_pdsch_trials.csv","CBGErrors","unknown","Unit not classified by catalogue."
"csv\dl_pdsch_trials.csv","CBGCount","count","Count."
"csv\dl_pdsch_trials.csv","CBGBLER","ratio","Unitless ratio/probability."
"csv\dl_pdsch_trials.csv","PAPR_dB","dB","Log-domain radio metric."
"csv\dl_pdsch_trials.csv","PeakClippingEvents","unknown","Unit not classified by catalogue."
"csv\dl_pdsch_trials.csv","SymbolErrors","unknown","Unit not classified by catalogue."
"csv\dl_pdsch_trials.csv","SymbolsCompared","unknown","Unit not classified by catalogue."
"csv\dl_pdsch_trials.csv","SymbolErrorRate","ratio","Unitless ratio/probability."
"csv\dl_pdsch_trials.csv","ResidualInterferencePower_dB","dB","Log-domain radio metric."
"csv\dl_pdsch_trials.csv","LLRMeanAbs","unknown","Unit not classified by catalogue."
"csv\dl_pdsch_trials.csv","LLRStdAbs","unknown","Unit not classified by catalogue."
"csv\dl_pdsch_trials.csv","LLRImbalance","index","Protocol/table index."
"csv\dl_pdsch_trials.csv","ModulationMappingSensitivity","unknown","Unit not classified by catalogue."
"csv\dl_pdsch_trials.csv","ShapingRateLoss","ratio","Unitless ratio/probability."
"csv\dl_pdsch_trials.csv","DistributionMatchingLatency_ms","ms","Time duration in milliseconds."
"csv\dl_pdsch_trials.csv","HighOrderRobustness","unknown","Unit not classified by catalogue."
"csv\dl_pdsch_trials.csv","DetectorComplexityUnits_Modulation","unknown","Unit not classified by catalogue."
"csv\dl_pdsch_trials.csv","DataRECount","count","Count."
"csv\dl_pdsch_trials.csv","DataRECountPerLayer","count","Count."
"csv\dl_pdsch_trials.csv","TotalDataRECount","count","Count."
"csv\dl_pdsch_trials.csv","ModulationOrderQm","unknown","Unit not classified by catalogue."
"csv\dl_pdsch_trials.csv","ComputedE_TS38212","unknown","Unit not classified by catalogue."
"csv\dl_pdsch_trials.csv","RateMatchedBitsDelta_TS38212","ratio","Unitless ratio/probability."
"csv\dl_pdsch_trials.csv","DMRSRECount","count","Count."
"csv\dl_pdsch_trials.csv","PTRSRECount","count","Count."
"csv\dl_pdsch_trials.csv","RSOverheadFraction","unknown","Unit not classified by catalogue."
"csv\dl_pdsch_trials.csv","InjectedCFO_Hz","Hz","Frequency in hertz."
"csv\dl_pdsch_trials.csv","TrueCFO_Hz","Hz","Frequency in hertz."
"csv\dl_pdsch_trials.csv","InjectedTimingOffset_samples","samples","Discrete sample count or offset."
"csv\dl_pdsch_trials.csv","EstimatedTimingOffset_PreCorrection_samples","samples","Discrete sample count or offset."
"csv\dl_pdsch_trials.csv","ResidualTimingError_PostCorrection_samples","samples","Discrete sample count or offset."
"csv\dl_pdsch_trials.csv","TrueTimingOffset_samples","samples","Discrete sample count or offset."
"csv\dl_pdsch_trials.csv","TimingError_samples","samples","Discrete sample count or offset."
"csv\dl_pdsch_trials.csv","IQImbalanceConfigured","unknown","Unit not classified by catalogue."
"csv\dl_pdsch_trials.csv","IQImbalanceApplied","unknown","Unit not classified by catalogue."
"csv\dl_pdsch_trials.csv","IQImbalanceModel","unknown","Unit not classified by catalogue."
"csv\dl_pdsch_trials.csv","ConfiguredIQGainImbalance_dB","dB","Log-domain radio metric."
"csv\dl_pdsch_trials.csv","ConfiguredIQPhaseImbalance_deg","unknown","Unit not classified by catalogue."
"csv\dl_pdsch_trials.csv","IQImbalanceMirrorPowerRatio_dB","dB","Log-domain radio metric."
"csv\dl_pdsch_trials.csv","IQImbalanceImageRejection_dB","dB","Log-domain radio metric."
"csv\dl_pdsch_trials.csv","IQImbalanceIQPowerRatio_dB","dB","Log-domain radio metric."
"csv\dl_pdsch_trials.csv","IQImbalanceIQCorrelation","unknown","Unit not classified by catalogue."
"csv\dl_pdsch_trials.csv","IQImbalanceEstimatedAlphaAbs","unknown","Unit not classified by catalogue."
"csv\dl_pdsch_trials.csv","IQImbalanceEstimatedBetaAbs","unknown","Unit not classified by catalogue."
"csv\dl_pdsch_trials.csv","IQImbalanceMeasurementSource","unknown","Unit not classified by catalogue."
"csv\dl_pdsch_trials.csv","IQImbalanceMeasurementStatus","us","Time duration in microseconds."
"csv\dl_pdsch_trials.csv","InjectedDoppler_Hz","Hz","Frequency in hertz."
"csv\dl_pdsch_trials.csv","EstimatedDopplerHz","Hz","Frequency in hertz."
"csv\dl_pdsch_trials.csv","DopplerError_Hz","Hz","Frequency in hertz."
"csv\dl_pdsch_trials.csv","PhaseTrackingError_deg","unknown","Unit not classified by catalogue."
"csv\dl_pdsch_trials.csv","QCLAccuracy","unknown","Unit not classified by catalogue."
"csv\dl_pdsch_trials.csv","ChannelAgingLoss_dB","dB","Log-domain radio metric."
"csv\dl_pdsch_trials.csv","InterpolationLoss_dB","dB","Log-domain radio metric."
"csv\dl_pdsch_trials.csv","MismatchSensitivity_dB","dB","Log-domain radio metric."
"csv\dl_pdsch_trials.csv","Status","us","Time duration in microseconds."
"csv\dl_pdsch_trials.csv","Crash","unknown","Unit not classified by catalogue."
"csv\dl_pdsch_trials.csv","LinkAdaptationApplied","unknown","Unit not classified by catalogue."
"csv\dl_pdsch_trials.csv","LinkAdaptationScheduled","unknown","Unit not classified by catalogue."
"csv\dl_pdsch_trials.csv","IsWarmupFrame","unknown","Unit not classified by catalogue."
"csv\dl_pdsch_trials.csv","SFN","unknown","Unit not classified by catalogue."
"csv\dl_pdsch_trials.csv","UEID","unknown","Unit not classified by catalogue."
"csv\dl_pdsch_trials.csv","UEIndex","index","Protocol/table index."
"csv\dl_pdsch_trials.csv","RNTI","unknown","Unit not classified by catalogue."
"csv\dl_pdsch_trials.csv","BaseStationID","unknown","Unit not classified by catalogue."
"csv\dl_pdsch_trials.csv","AllocatedPRBCount_1","count","Count."
"csv\dl_pdsch_trials.csv","PRBStart_1","unknown","Unit not classified by catalogue."
"csv\dl_pdsch_trials.csv","MCSIndex","index","Protocol/table index."
"csv\dl_pdsch_trials.csv","Rank","unknown","Unit not classified by catalogue."
"csv\dl_pdsch_trials.csv","ConfiguredSNR_dB","dB","Log-domain radio metric."
"csv\dl_pdsch_trials.csv","ConfiguredSNRSource","unknown","Unit not classified by catalogue."
"csv\dl_pdsch_trials.csv","SNRValueRole","unknown","Unit not classified by catalogue."
"csv\dl_pdsch_trials.csv","AppliedAWGNSNR_dB","dB","Log-domain radio metric."
"csv\dl_pdsch_trials.csv","AppliedAWGNSNRSource","unknown","Unit not classified by catalogue."
"csv\dl_pdsch_trials.csv","ReceiverHestSINR_dB","dB","Log-domain radio metric."
"csv\dl_pdsch_trials.csv","ReceiverHestSINRSource","dB","Log-domain radio metric."
"csv\dl_pdsch_trials.csv","ReceiverHestSINRValueRole","dB","Log-domain radio metric."
"csv\dl_pdsch_trials.csv","ReceiverHestSINRValueStatus","dB","Log-domain radio metric."
"csv\dl_pdsch_trials.csv","ReceiverHestSINRNAReason","dB","Log-domain radio metric."
"csv\dl_pdsch_trials.csv","PostEqSINR_dB","dB","Log-domain radio metric."
"csv\dl_pdsch_trials.csv","PostEqSINRSource","dB","Log-domain radio metric."
"csv\dl_pdsch_trials.csv","PostEqSINRValueRole","dB","Log-domain radio metric."
"csv\dl_pdsch_trials.csv","PostEqSINRValueStatus","dB","Log-domain radio metric."
"csv\dl_pdsch_trials.csv","PostEqSINRNAReason","dB","Log-domain radio metric."
"csv\dl_pdsch_trials.csv","PostEqSINRPerLayer_dB","dB","Log-domain radio metric."
"csv\dl_pdsch_trials.csv","EVMProxySINR_dB","dB","Log-domain radio metric."
"csv\dl_pdsch_trials.csv","EVMProxySINRSource","dB","Log-domain radio metric."
"csv\dl_pdsch_trials.csv","EVMProxySINRValueRole","dB","Log-domain radio metric."
"csv\dl_pdsch_trials.csv","EVMProxySINRValueStatus","dB","Log-domain radio metric."
"csv\dl_pdsch_trials.csv","EVMProxySINRNAReason","dB","Log-domain radio metric."
"csv\dl_pdsch_trials.csv","DecoderTruthProxySINR_dB","dB","Log-domain radio metric."
"csv\dl_pdsch_trials.csv","DecoderTruthProxySINRSource","dB","Log-domain radio metric."
"csv\dl_pdsch_trials.csv","DecoderTruthProxySINRValueRole","dB","Log-domain radio metric."
"csv\dl_pdsch_trials.csv","DecoderTruthProxySINRValueStatus","dB","Log-domain radio metric."
"csv\dl_pdsch_trials.csv","DecoderTruthProxySINRNAReason","dB","Log-domain radio metric."
"csv\dl_pdsch_trials.csv","SINRValueRole","dB","Log-domain radio metric."
"csv\dl_pdsch_trials.csv","SINRSource","dB","Log-domain radio metric."
"csv\dl_pdsch_trials.csv","SINRValueStatus","dB","Log-domain radio metric."
"csv\dl_pdsch_trials.csv","SINRValueDefinition","dB","Log-domain radio metric."
"csv\dl_pdsch_trials.csv","MeasuredTrialSINR_dB","dB","Log-domain radio metric."
"csv\dl_pdsch_trials.csv","MeasuredTrialSINRSource","dB","Log-domain radio metric."
"csv\dl_pdsch_trials.csv","MeasuredTrialSINRValueRole","dB","Log-domain radio metric."
"csv\dl_pdsch_trials.csv","MeasuredTrialSINRValueStatus","dB","Log-domain radio metric."
"csv\dl_pdsch_trials.csv","MeasuredTrialSINRNAReason","dB","Log-domain radio metric."
"csv\dl_pdsch_trials.csv","LargeScaleSINR_dB","dB","Log-domain radio metric."
"csv\dl_pdsch_trials.csv","LargeScaleSINRSource","dB","Log-domain radio metric."
"csv\dl_pdsch_trials.csv","ServingRSRP_dBm","dB","Log-domain radio metric."
"csv\dl_pdsch_trials.csv","ServingRSRPSource","dB","Log-domain radio metric."
"csv\dl_pdsch_trials.csv","CSI_RSRP_dB","dB","Log-domain radio metric."
"csv\dl_pdsch_trials.csv","CSI_RSRPSource","dB","Log-domain radio metric."
"csv\dl_pdsch_trials.csv","AppliedLargeScaleGain_dB","dB","Log-domain radio metric."
"csv\dl_pdsch_trials.csv","AppliedLargeScaleLoss_dB","dB","Log-domain radio metric."
"csv\dl_pdsch_trials.csv","AppliedBasePathloss_dB","dB","Log-domain radio metric."
"csv\dl_pdsch_trials.csv","AppliedPathloss_dB","dB","Log-domain radio metric."
"csv\dl_pdsch_trials.csv","AppliedShadowFading_dB","dB","Log-domain radio metric."
"csv\dl_pdsch_trials.csv","AppliedO2I_dB","dB","Log-domain radio metric."
"csv\dl_pdsch_trials.csv","AppliedLargeScaleGainSource","unknown","Unit not classified by catalogue."
"csv\dl_pdsch_trials.csv","ChannelComplianceMode","unknown","Unit not classified by catalogue."
"csv\dl_pdsch_trials.csv","PathlossModelSource","unknown","Unit not classified by catalogue."
"csv\dl_pdsch_trials.csv","PathlossComplianceStatus","us","Time duration in microseconds."
"csv\dl_pdsch_trials.csv","FallbackUsedForPathloss","unknown","Unit not classified by catalogue."
"csv\dl_pdsch_trials.csv","O2IModelSource","unknown","Unit not classified by catalogue."
"csv\dl_pdsch_trials.csv","O2IComplianceStatus","us","Time duration in microseconds."
"csv\dl_pdsch_trials.csv","LOSProbabilitySource","ratio","Unitless ratio/probability."
"csv\dl_pdsch_trials.csv","LOSComplianceStatus","us","Time duration in microseconds."
"csv\dl_pdsch_trials.csv","TimingEstimateUsed","unknown","Unit not classified by catalogue."
"csv\dl_pdsch_trials.csv","UseIdealTimingSync","unknown","Unit not classified by catalogue."
"csv\dl_pdsch_trials.csv","AppliedTimingCorrection_samples","samples","Discrete sample count or offset."
"csv\dl_pdsch_trials.csv","TimingEstimateApplicationPolicy","unknown","Unit not classified by catalogue."
"csv\dl_pdsch_trials.csv","TimingEstimateStatus","us","Time duration in microseconds."
"csv\dl_pdsch_trials.csv","TimingEstimateWasClipped","unknown","Unit not classified by catalogue."
"csv\dl_pdsch_trials.csv","InterferenceMode","unknown","Unit not classified by catalogue."
"csv\dl_pdsch_trials.csv","InterferenceContributorCount","index","Protocol/table index."
"csv\dl_pdsch_trials.csv","InterferenceAggregatedRxPower_dBm","dBm","Absolute power in dBm."
"csv\dl_pdsch_trials.csv","InterferencePowerSource","unknown","Unit not classified by catalogue."
"csv\dl_pdsch_trials.csv","FullInterfererChannelTruthUsed","unknown","Unit not classified by catalogue."
"csv\dl_pdsch_trials.csv","CFOEstimateAvailability","unknown","Unit not classified by catalogue."
"csv\dl_pdsch_trials.csv","CFOErrorDefinition","unknown","Unit not classified by catalogue."
"csv\dl_pdsch_trials.csv","CFOValueStatus","us","Time duration in microseconds."
"csv\dl_pdsch_trials.csv","TimingEstimateAvailability","unknown","Unit not classified by catalogue."
"csv\dl_pdsch_trials.csv","TimingErrorDefinition","unknown","Unit not classified by catalogue."
"csv\dl_pdsch_trials.csv","TimingValueStatus","us","Time duration in microseconds."
"csv\dl_pdsch_trials.csv","LargeScaleSINRValueStatus","dB","Log-domain radio metric."
"csv\dl_pdsch_trials.csv","LargeScaleSINRFinalizedFlag","dB","Log-domain radio metric."
"csv\dl_pdsch_trials.csv","LargeScaleSINRNAReason","dB","Log-domain radio metric."
"csv\dl_pdsch_trials.csv","PrimaryTruthValueStatus","us","Time duration in microseconds."
"csv\dl_pdsch_trials.csv","SecondaryFieldGapFlag","unknown","Unit not classified by catalogue."
"csv\dl_pdsch_trials.csv","SecondaryFieldGapCount","count","Count."
"csv\dl_pdsch_trials.csv","SecondaryFieldGapReason","unknown","Unit not classified by catalogue."
"csv\dl_pdsch_trials.csv","RowLifecycleState","unknown","Unit not classified by catalogue."
"csv\dl_pdsch_trials.csv","PartialRowFlag","unknown","Unit not classified by catalogue."
"csv\dl_pdsch_trials.csv","FinalizedFlag","unknown","Unit not classified by catalogue."
"csv\dl_pdsch_trials.csv","FallbackFlag","unknown","Unit not classified by catalogue."
"csv\dl_pdsch_trials.csv","PlaceholderFlag","unknown","Unit not classified by catalogue."
"csv\dl_pdsch_trials.csv","NAReason","unknown","Unit not classified by catalogue."
"csv\dl_pdsch_trials.csv","ScenarioID","index","Protocol/table index."
"csv\dl_pdsch_trials.csv","RunnerProfile","unknown","Unit not classified by catalogue."
"csv\dl_pdsch_trials.csv","ConfigHash","unknown","Unit not classified by catalogue."
"csv\dl_pdsch_trials.csv","SourceArtifact","unknown","Unit not classified by catalogue."
"csv\dl_pdsch_trials.csv","SourceTable","unknown","Unit not classified by catalogue."
"csv\dl_pdsch_trials.csv","ArtifactClass","unknown","Unit not classified by catalogue."
"csv\dl_pdsch_trials.csv","SemanticState","unknown","Unit not classified by catalogue."
"csv\dl_pdsch_trials.csv","CountsTowardCoverage","count","Count."
"csv\dl_pdsch_trials.csv","MachineReadable","unknown","Unit not classified by catalogue."
"csv\dl_pdsch_trials.csv","HumanReadable","unknown","Unit not classified by catalogue."
"csv\dl_pdsch_trials.csv","InterfererBeamformingAppliedCount","count","Count."
"csv\dl_pdsch_trials.csv","InterfererExplicitBeamWeightCount","count","Count."
"csv\dl_pdsch_trials.csv","InterfererTransformPrecodingCount","count","Count."
"csv\dl_pdsch_trials.csv","InterfererPrecoderSourceSet","unknown","Unit not classified by catalogue."
"csv\dl_pdsch_trials.csv","InterfererPrecodingModeSet","unknown","Unit not classified by catalogue."
"csv\dl_pdsch_trials.csv","InterfererBeamIndexSetSummary","index","Protocol/table index."
"csv\dl_pdsch_trials.csv","DopplerSourceMode","unknown","Unit not classified by catalogue."
"csv\dl_pdsch_trials.csv","DopplerValueRole","unknown","Unit not classified by catalogue."
"csv\dl_pdsch_trials.csv","PBCHGatingActive","unknown","Unit not classified by catalogue."
"csv\dl_pdsch_trials.csv","PRACHGatingActive","unknown","Unit not classified by catalogue."
"csv\dl_pdsch_trials.csv","PDCCHGatingActive","unknown","Unit not classified by catalogue."
"csv\dl_pdsch_trials.csv","SRSGatingActive","unknown","Unit not classified by catalogue."
"csv\dl_pdsch_trials.csv","ControlEligible","unknown","Unit not classified by catalogue."
"csv\dl_pdsch_trials.csv","ControlDecodeOk","unknown","Unit not classified by catalogue."
"csv\dl_pdsch_trials.csv","PDCCHCausalGrantDecodeOk_1","unknown","Unit not classified by catalogue."
"csv\dl_pdsch_trials.csv","PDCCHControlFailureReason","unknown","Unit not classified by catalogue."
"csv\dl_pdsch_trials.csv","PDCCHControlEvidenceSource","unknown","Unit not classified by catalogue."
"csv\dl_pdsch_trials.csv","ControlDecodeSource","unknown","Unit not classified by catalogue."
"csv\dl_pdsch_trials.csv","GrantControlState","unknown","Unit not classified by catalogue."
"csv\dl_pdsch_trials.csv","CellAcquisitionState","unknown","Unit not classified by catalogue."
"csv\dl_pdsch_trials.csv","AccessState","unknown","Unit not classified by catalogue."
"csv\dl_pdsch_trials.csv","SRSValidityState","unknown","Unit not classified by catalogue."
"csv\dl_pdsch_trials.csv","CSIValidityState","unknown","Unit not classified by catalogue."
"csv\dl_pdsch_trials.csv","SRSValid","unknown","Unit not classified by catalogue."
"csv\dl_pdsch_trials.csv","SRSAgeSlots","unknown","Unit not classified by catalogue."
"csv\dl_pdsch_trials.csv","TRSGatingActive","unknown","Unit not classified by catalogue."
"csv\dl_pdsch_trials.csv","TRSValidityState","unknown","Unit not classified by catalogue."
"csv\dl_pdsch_trials.csv","TrackingEligibility","unknown","Unit not classified by catalogue."
"csv\dl_pdsch_trials.csv","TRSAgeSlots","unknown","Unit not classified by catalogue."
"csv\dl_pdsch_trials.csv","LastSuccessfulTRSSlot","unknown","Unit not classified by catalogue."
"csv\dl_pdsch_trials.csv","LastEstimatedTRSDopplerHz","Hz","Frequency in hertz."
"csv\dl_pdsch_trials.csv","TRSStateSource","unknown","Unit not classified by catalogue."
"csv\dl_pdsch_trials.csv","TRSRuntimeConsumer","unknown","Unit not classified by catalogue."
"csv\dl_pdsch_trials.csv","TRSInfluencedDecision","unknown","Unit not classified by catalogue."
"csv\dl_pdsch_trials.csv","TRSInfluenceDefinition","unknown","Unit not classified by catalogue."
"csv\dl_pdsch_trials.csv","TRSReceiverIntegrationStatus","us","Time duration in microseconds."
"csv\dl_pdsch_trials.csv","TRSReceiverIntegrationBlocker","index","Protocol/table index."
"csv\dl_pdsch_trials.csv","GrantContextId","unknown","Unit not classified by catalogue."
"csv\dl_pdsch_trials.csv","PDCCHGrantBindingRequired","unknown","Unit not classified by catalogue."
"csv\dl_pdsch_trials.csv","PDCCHGrantBindingOk","unknown","Unit not classified by catalogue."
"csv\dl_pdsch_trials.csv","PDCCHGrantBindingStatus","us","Time duration in microseconds."
"csv\dl_pdsch_trials.csv","PDCCHGrantDCIId","unknown","Unit not classified by catalogue."
"csv\dl_pdsch_trials.csv","PDCCHGrantDCIFieldsHash","unknown","Unit not classified by catalogue."
"csv\dl_pdsch_trials.csv","PDCCHGrantFieldsHash","unknown","Unit not classified by catalogue."
"csv\dl_pdsch_trials.csv","PDCCHGrantSearchSpaceId","unknown","Unit not classified by catalogue."
"csv\dl_pdsch_trials.csv","PDCCHGrantCORESETId","unknown","Unit not classified by catalogue."
"csv\dl_pdsch_trials.csv","PDCCHGrantAggregationLevel","unknown","Unit not classified by catalogue."
"csv\dl_pdsch_trials.csv","PDCCHGrantCandidateIndex","index","Protocol/table index."
"csv\dl_pdsch_trials.csv","PDCCHGrantDCIFormat","unknown","Unit not classified by catalogue."
"csv\dl_pdsch_trials.csv","GrantWorkerSafe","unknown","Unit not classified by catalogue."
"csv\dl_pdsch_trials.csv","GrantSharedStateCommitMode","unknown","Unit not classified by catalogue."
"csv\dl_pdsch_trials.csv","BSAntennaArrayClass","unknown","Unit not classified by catalogue."
"csv\dl_pdsch_trials.csv","BSAntennaElementClass","unknown","Unit not classified by catalogue."
"csv\dl_pdsch_trials.csv","BSAntennaArrayType","unknown","Unit not classified by catalogue."
"csv\dl_pdsch_trials.csv","BSAntennaRows","unknown","Unit not classified by catalogue."
"csv\dl_pdsch_trials.csv","BSAntennaCols","unknown","Unit not classified by catalogue."
"csv\dl_pdsch_trials.csv","BSAntennaElements","unknown","Unit not classified by catalogue."
"csv\dl_pdsch_trials.csv","BSAntennaSpacingH_lambda","unknown","Unit not classified by catalogue."
"csv\dl_pdsch_trials.csv","BSAntennaSpacingV_lambda","unknown","Unit not classified by catalogue."
"csv\dl_pdsch_trials.csv","BSAntennaPolarization","index","Protocol/table index."
"csv\dl_pdsch_trials.csv","BSAntennaAzimuth_deg","unknown","Unit not classified by catalogue."
"csv\dl_pdsch_trials.csv","BSAntennaNumPorts","unknown","Unit not classified by catalogue."
"csv\dl_pdsch_trials.csv","BSAntennaHasPhasedArrayObject","unknown","Unit not classified by catalogue."
"csv\dl_pdsch_trials.csv","UEAntennaArrayClass","unknown","Unit not classified by catalogue."
"csv\dl_pdsch_trials.csv","UEAntennaElementClass","unknown","Unit not classified by catalogue."
"csv\dl_pdsch_trials.csv","UEAntennaArrayType","unknown","Unit not classified by catalogue."
"csv\dl_pdsch_trials.csv","UEAntennaRows","unknown","Unit not classified by catalogue."
"csv\dl_pdsch_trials.csv","UEAntennaCols","unknown","Unit not classified by catalogue."
"csv\dl_pdsch_trials.csv","UEAntennaElements","unknown","Unit not classified by catalogue."
"csv\dl_pdsch_trials.csv","UEAntennaSpacingH_lambda","unknown","Unit not classified by catalogue."
"csv\dl_pdsch_trials.csv","UEAntennaSpacingV_lambda","unknown","Unit not classified by catalogue."
"csv\dl_pdsch_trials.csv","UEAntennaPolarization","index","Protocol/table index."
"csv\dl_pdsch_trials.csv","UEAntennaHeading_deg","unknown","Unit not classified by catalogue."
"csv\dl_pdsch_trials.csv","UEAntennaNumPorts","unknown","Unit not classified by catalogue."
"csv\dl_pdsch_trials.csv","UEAntennaHasPhasedArrayObject","unknown","Unit not classified by catalogue."
"csv\dl_pdsch_trials.csv","AntennaConfigSource","unknown","Unit not classified by catalogue."
"csv\dl_pdsch_trials.csv","RuntimeAntennaObjectSource","unknown","Unit not classified by catalogue."
"csv\dl_pdsch_trials.csv","AntennaRuntimeObjectCreated","unknown","Unit not classified by catalogue."
"csv\dl_pdsch_trials.csv","ChannelArrayModel","unknown","Unit not classified by catalogue."
"csv\dl_pdsch_trials.csv","ChannelObjectSource","unknown","Unit not classified by catalogue."
"csv\dl_pdsch_trials.csv","ChannelObjectClass","unknown","Unit not classified by catalogue."
"csv\dl_pdsch_trials.csv","ChannelArrayHandlingStatus","us","Time duration in microseconds."
"csv\dl_pdsch_trials.csv","ChannelArrayHandlingBlocker","unknown","Unit not classified by catalogue."
"csv\dl_pdsch_trials.csv","ChannelGeometryCouplingLevel","unknown","Unit not classified by catalogue."
"csv\dl_pdsch_trials.csv","GeometryAdapterType","unknown","Unit not classified by catalogue."
"csv\dl_pdsch_trials.csv","GeometryAdapterSource","unknown","Unit not classified by catalogue."
"csv\dl_pdsch_trials.csv","GeometryAdapterLimitation","unknown","Unit not classified by catalogue."
"csv\dl_pdsch_trials.csv","GeometryAdapterPortMapping","unknown","Unit not classified by catalogue."
"csv\dl_pdsch_trials.csv","ChannelUsesCountOnlyAntennaModel","count","Count."
"csv\dl_pdsch_trials.csv","ChannelUsesSameRuntimeAntennaAssumptions","unknown","Unit not classified by catalogue."
"csv\dl_pdsch_trials.csv","InterferenceChannelObjectSource","unknown","Unit not classified by catalogue."
"csv\dl_pdsch_trials.csv","InterferenceChannelObjectClass","unknown","Unit not classified by catalogue."
"csv\dl_pdsch_trials.csv","InterferenceChannelArrayHandlingStatus","us","Time duration in microseconds."
"csv\dl_pdsch_trials.csv","InterferenceChannelArrayHandlingBlocker","unknown","Unit not classified by catalogue."
"csv\dl_pdsch_trials.csv","InterferenceUsesSameRuntimeAntennaAssumptions","unknown","Unit not classified by catalogue."
"csv\dl_pdsch_trials.csv","InterferencePathUsesSameArrayAssumptions","unknown","Unit not classified by catalogue."
"csv\dl_pdsch_trials.csv","PropagationDistance_m","m","Distance in meters."
"csv\dl_pdsch_trials.csv","GeometricPropagationDelay_s","index","Protocol/table index."
"csv\dl_pdsch_trials.csv","DominantPathDelay_s","unknown","Unit not classified by catalogue."
"csv\dl_pdsch_trials.csv","ChannelFilterDelay_s","unknown","Unit not classified by catalogue."
"csv\dl_pdsch_trials.csv","PropagationDelay_s","unknown","Unit not classified by catalogue."
"csv\dl_pdsch_trials.csv","ToD_s","unknown","Unit not classified by catalogue."
"csv\dl_pdsch_trials.csv","ToA_s","unknown","Unit not classified by catalogue."
"csv\dl_pdsch_trials.csv","ToAEstimate_s","unknown","Unit not classified by catalogue."
"csv\dl_pdsch_trials.csv","ToDSource","unknown","Unit not classified by catalogue."
"csv\dl_pdsch_trials.csv","ToASource","unknown","Unit not classified by catalogue."
"csv\dl_pdsch_trials.csv","ToAEstimateSource","unknown","Unit not classified by catalogue."
"csv\dl_pdsch_trials.csv","ChannelDelaySource","unknown","Unit not classified by catalogue."
"csv\dl_pdsch_trials.csv","AntennaGeometrySource","unknown","Unit not classified by catalogue."
"csv\dl_pdsch_trials.csv","RuntimeTraceSource","unknown","Unit not classified by catalogue."
"csv\dl_pdsch_trials.csv","AntennaEvidenceSource","unknown","Unit not classified by catalogue."
"csv\dl_pdsch_trials.csv","SameFlowEvidenceSource","unknown","Unit not classified by catalogue."
"csv\dl_pdsch_trials.csv","RawTimingEstimate_samples","samples","Discrete sample count or offset."
"csv\dl_pdsch_trials.csv","RuntimeMaterializationStatus","us","Time duration in microseconds."
"csv\dl_pdsch_trials.csv","RuntimeEvidenceSource","unknown","Unit not classified by catalogue."
"csv\link_kpis.csv","Case","unknown","Unit not classified by catalogue."
"csv\link_kpis.csv","Ok","unknown","Unit not classified by catalogue."
"csv\link_kpis.csv","Skipped","unknown","Unit not classified by catalogue."
"csv\link_kpis.csv","BER","ratio","Unitless ratio/probability."
"csv\link_kpis.csv","BLER","ratio","Unitless ratio/probability."
"csv\link_kpis.csv","Throughput_Mbps","Mbps","Megabits per second."
"csv\link_kpis.csv","EVM_rms","ms","Time duration in milliseconds."
"csv\link_kpis.csv","PAPR_CP_dB","dB","Log-domain radio metric."
"csv\link_kpis.csv","NMSE_dB","dB","Log-domain radio metric."
"csv\link_kpis.csv","Notes","unknown","Unit not classified by catalogue."
"csv\link_kpis.csv","TrialCount","index","Protocol/table index."
"csv\link_kpis.csv","PassCount","count","Count."
"csv\link_kpis.csv","FailCount","count","Count."
"csv\link_kpis.csv","CrashCount","count","Count."
"csv\link_kpis.csv","RequestedChannelModel","unknown","Unit not classified by catalogue."
"csv\link_kpis.csv","ObservedChannelModel","unknown","Unit not classified by catalogue."
"csv\link_kpis.csv","FallbackUsed","unknown","Unit not classified by catalogue."
"csv\lls_kpi_summary.csv","RunId","unknown","Unit not classified by catalogue."
"csv\lls_kpi_summary.csv","BLER_DL_min","ratio","Unitless ratio/probability."
"csv\lls_kpi_summary.csv","BLER_UL_min","ratio","Unitless ratio/probability."
"csv\lls_kpi_summary.csv","Goodput_DL_max_Mbps","Mbps","Megabits per second."
"csv\lls_kpi_summary.csv","Goodput_UL_max_Mbps","Mbps","Megabits per second."
"csv\lls_kpi_summary.csv","KPIFormulaVersion","unknown","Unit not classified by catalogue."
"csv\lls_kpi_summary.csv","KPIReconciliationPass","unknown","Unit not classified by catalogue."
"csv\lls_kpi_summary.csv","StrictOk","index","Protocol/table index."
"csv\lls_kpi_summary.csv","Status","us","Time duration in microseconds."
"csv\lls_kpi_summary.csv","FailureReason","unknown","Unit not classified by catalogue."
"csv\lls_kpi_summary.csv","ULSourceRowsHash","unknown","Unit not classified by catalogue."
"csv\lls_kpi_summary.csv","DLSourceRowsHash","unknown","Unit not classified by catalogue."
"csv\lls_kpi_summary.csv","ULSourceRowCount","count","Count."
"csv\lls_kpi_summary.csv","DLSourceRowCount","count","Count."
"csv\lls_kpi_summary.csv","ULEligibleRowCount","ratio","Unitless ratio/probability."
"csv\lls_kpi_summary.csv","DLEligibleRowCount","ratio","Unitless ratio/probability."
"csv\lls_kpi_summary.csv","ULSourceDirection","unknown","Unit not classified by catalogue."
"csv\lls_kpi_summary.csv","DLSourceDirection","unknown","Unit not classified by catalogue."
"csv\lls_snr_sweep.csv","SNR_dB","dB","Log-domain radio metric."
"csv\lls_snr_sweep.csv","CampaignKind","unknown","Unit not classified by catalogue."
"csv\lls_snr_sweep.csv","SweepKind","unknown","Unit not classified by catalogue."
"csv\lls_snr_sweep.csv","FixedReferenceMode","unknown","Unit not classified by catalogue."
"csv\lls_snr_sweep.csv","DL_BER","ratio","Unitless ratio/probability."
"csv\lls_snr_sweep.csv","DL_BER_CI_Low","ratio","Unitless ratio/probability."
"csv\lls_snr_sweep.csv","DL_BER_CI_High","ratio","Unitless ratio/probability."
"csv\lls_snr_sweep.csv","DL_BLER","ratio","Unitless ratio/probability."
"csv\lls_snr_sweep.csv","DL_BLER_CI_Low","ratio","Unitless ratio/probability."
"csv\lls_snr_sweep.csv","DL_BLER_CI_High","ratio","Unitless ratio/probability."
"csv\lls_snr_sweep.csv","DL_TrialCount","index","Protocol/table index."
"csv\lls_snr_sweep.csv","DL_FailureCount","count","Count."
"csv\lls_snr_sweep.csv","DL_Incomplete","unknown","Unit not classified by catalogue."
"csv\lls_snr_sweep.csv","DL_Throughput_Mbps","Mbps","Megabits per second."
"csv\lls_snr_sweep.csv","DL_Throughput_CI_Low","unknown","Unit not classified by catalogue."
"csv\lls_snr_sweep.csv","DL_Throughput_CI_High","unknown","Unit not classified by catalogue."
"csv\lls_snr_sweep.csv","DL_OfferedThroughput_Mbps","Mbps","Megabits per second."
"csv\lls_snr_sweep.csv","DL_Goodput_Mbps","Mbps","Megabits per second."
"csv\lls_snr_sweep.csv","DL_CodeBlockBLER","ratio","Unitless ratio/probability."
"csv\lls_snr_sweep.csv","DL_CBG_BLER","ratio","Unitless ratio/probability."
"csv\lls_snr_sweep.csv","DL_DecoderComplexityUnits","unknown","Unit not classified by catalogue."
"csv\lls_snr_sweep.csv","DL_NormalizedDecoderComplexity","unknown","Unit not classified by catalogue."
"csv\lls_snr_sweep.csv","UL_BER","ratio","Unitless ratio/probability."
"csv\lls_snr_sweep.csv","UL_BER_CI_Low","ratio","Unitless ratio/probability."
"csv\lls_snr_sweep.csv","UL_BER_CI_High","ratio","Unitless ratio/probability."
"csv\lls_snr_sweep.csv","UL_BLER","ratio","Unitless ratio/probability."
"csv\lls_snr_sweep.csv","UL_BLER_CI_Low","ratio","Unitless ratio/probability."
"csv\lls_snr_sweep.csv","UL_BLER_CI_High","ratio","Unitless ratio/probability."
"csv\lls_snr_sweep.csv","UL_TrialCount","index","Protocol/table index."
"csv\lls_snr_sweep.csv","UL_FailureCount","count","Count."
"csv\lls_snr_sweep.csv","UL_Incomplete","unknown","Unit not classified by catalogue."
"csv\lls_snr_sweep.csv","UL_Throughput_Mbps","Mbps","Megabits per second."
"csv\lls_snr_sweep.csv","UL_Throughput_CI_Low","unknown","Unit not classified by catalogue."
"csv\lls_snr_sweep.csv","UL_Throughput_CI_High","unknown","Unit not classified by catalogue."
"csv\lls_snr_sweep.csv","UL_OfferedThroughput_Mbps","Mbps","Megabits per second."
"csv\lls_snr_sweep.csv","UL_Goodput_Mbps","Mbps","Megabits per second."
"csv\lls_snr_sweep.csv","UL_CodeBlockBLER","ratio","Unitless ratio/probability."
"csv\lls_snr_sweep.csv","UL_CBG_BLER","ratio","Unitless ratio/probability."
"csv\lls_snr_sweep.csv","UL_DecodeLatency_ms","ms","Time duration in milliseconds."
"csv\lls_snr_sweep.csv","UL_DecoderComplexityUnits","unknown","Unit not classified by catalogue."
"csv\lls_snr_sweep.csv","UL_NormalizedDecoderComplexity","unknown","Unit not classified by catalogue."
"csv\lls_snr_sweep.csv","SRS_NMSE_dB","dB","Log-domain radio metric."
"csv\lls_snr_sweep.csv","SRS_NMSE_CI_Low","unknown","Unit not classified by catalogue."
"csv\lls_snr_sweep.csv","SRS_NMSE_CI_High","unknown","Unit not classified by catalogue."
"csv\lls_snr_sweep.csv","SRS_TrialCount","index","Protocol/table index."
"csv\multiuser_user_summary.csv","UEIndex","index","Protocol/table index."
"csv\multiuser_user_summary.csv","RNTI","unknown","Unit not classified by catalogue."
"csv\multiuser_user_summary.csv","Direction","unknown","Unit not classified by catalogue."
"csv\multiuser_user_summary.csv","ConfiguredLayers","unknown","Unit not classified by catalogue."
"csv\multiuser_user_summary.csv","ConfiguredTxAntennas","unknown","Unit not classified by catalogue."
"csv\multiuser_user_summary.csv","ConfiguredRxAntennas","unknown","Unit not classified by catalogue."
"csv\multiuser_user_summary.csv","BeamformingApplied","unknown","Unit not classified by catalogue."
"csv\multiuser_user_summary.csv","BeamSelectionStrategy","ratio","Unitless ratio/probability."
"csv\multiuser_user_summary.csv","BeamIndexSet","index","Protocol/table index."
"csv\multiuser_user_summary.csv","ExecutionModel","unknown","Unit not classified by catalogue."
"csv\multiuser_user_summary.csv","Throughput_Mbps","Mbps","Megabits per second."
"csv\multiuser_user_summary.csv","ObservedRowCount","count","Count."
"csv\multiuser_user_summary.csv","BLER","ratio","Unitless ratio/probability."
"csv\multiuser_user_summary.csv","BER","ratio","Unitless ratio/probability."
"csv\multiuser_user_summary.csv","PassRate","ratio","Unitless ratio/probability."
"csv\multiuser_user_summary.csv","MeanMeasuredSINR_dB","dB","Log-domain radio metric."
"csv\multiuser_user_summary.csv","MeanChannelGain_dB","dB","Log-domain radio metric."
"csv\multiuser_user_summary.csv","SummaryRowValid","unknown","Unit not classified by catalogue."
"csv\multiuser_user_summary.csv","RuntimeDataPresent","unknown","Unit not classified by catalogue."
"csv\multiuser_user_summary.csv","UserHadAnySuccessfulTx","unknown","Unit not classified by catalogue."
"csv\multiuser_user_summary.csv","UserHadAnySuccessfulRx","unknown","Unit not classified by catalogue."
"csv\multiuser_user_summary.csv","PartialSuccess","unknown","Unit not classified by catalogue."
"csv\multiuser_user_summary.csv","AllObservedRowsSuccessful","unknown","Unit not classified by catalogue."
"csv\multiuser_user_summary.csv","SummaryStatus","us","Time duration in microseconds."
"csv\multiuser_user_summary.csv","Ok","unknown","Unit not classified by catalogue."
"csv\multiuser_user_summary.csv","OkDefinition","unknown","Unit not classified by catalogue."
"csv\multiuser_user_summary.csv","NumUsersConfigured","count","Count."
"csv\papr_ccdf.csv","Direction","unknown","Unit not classified by catalogue."
"csv\papr_ccdf.csv","PAPR_dB","dB","Log-domain radio metric."
"csv\papr_ccdf.csv","CCDF","unknown","Unit not classified by catalogue."
"csv\pbch_trials.csv","Direction","unknown","Unit not classified by catalogue."
"csv\pbch_trials.csv","SNR_dB","dB","Log-domain radio metric."
"csv\pbch_trials.csv","Seed","unknown","Unit not classified by catalogue."
"csv\pbch_trials.csv","Frame","unknown","Unit not classified by catalogue."
"csv\pbch_trials.csv","Slot","unknown","Unit not classified by catalogue."
"csv\pbch_trials.csv","SSBIndex","index","Protocol/table index."
"csv\pbch_trials.csv","BeamIndex","index","Protocol/table index."
"csv\pbch_trials.csv","MCS","index","Protocol/table index."
"csv\pbch_trials.csv","Modulation","unknown","Unit not classified by catalogue."
"csv\pbch_trials.csv","TargetCodeRate","ratio","Unitless ratio/probability."
"csv\pbch_trials.csv","PRBStart","unknown","Unit not classified by catalogue."
"csv\pbch_trials.csv","ChannelModel","unknown","Unit not classified by catalogue."
"csv\pbch_trials.csv","ChannelFadingApplied","unknown","Unit not classified by catalogue."
"csv\pbch_trials.csv","DopplerHz","Hz","Frequency in hertz."
"csv\pbch_trials.csv","CRCPass","unknown","Unit not classified by catalogue."
"csv\pbch_trials.csv","CRCApplicable","unknown","Unit not classified by catalogue."
"csv\pbch_trials.csv","CRCOutcome","unknown","Unit not classified by catalogue."
"csv\pbch_trials.csv","BCHCrcPass","unknown","Unit not classified by catalogue."
"csv\pbch_trials.csv","MIBDecoded","unknown","Unit not classified by catalogue."
"csv\pbch_trials.csv","BCHTransportBlockNumBits","bits","Bit count."
"csv\pbch_trials.csv","BCHTransportBlockHex","unknown","Unit not classified by catalogue."
"csv\pbch_trials.csv","BCHTransportBlockHash","unknown","Unit not classified by catalogue."
"csv\pbch_trials.csv","BCHScrambledBlockNumBits","bits","Bit count."
"csv\pbch_trials.csv","BCHScrambledBlockHex","unknown","Unit not classified by catalogue."
"csv\pbch_trials.csv","BCHScrambledBlockHash","unknown","Unit not classified by catalogue."
"csv\pbch_trials.csv","MIBDecodedBitSource","bits","Bit count."
"csv\pbch_trials.csv","MIBSFN4LSBValue","unknown","Unit not classified by catalogue."
"csv\pbch_trials.csv","MIBSFN4LSBBitString","bits","Bit count."
"csv\pbch_trials.csv","MIBHalfFrameBit","unknown","Unit not classified by catalogue."
"csv\pbch_trials.csv","MIBKSSBSubcarrierOffset","index","Protocol/table index."
"csv\pbch_trials.csv","MIBSSBIndex","index","Protocol/table index."
"csv\pbch_trials.csv","PBCHiBarSSB","unknown","Unit not classified by catalogue."
"csv\pbch_trials.csv","PBCHv","unknown","Unit not classified by catalogue."
"csv\pbch_trials.csv","SIB1StrictOk","index","Protocol/table index."
"csv\pbch_trials.csv","SIB1TreeEqual","unknown","Unit not classified by catalogue."
"csv\pbch_trials.csv","SIB1DCICrcPass","unknown","Unit not classified by catalogue."
"csv\pbch_trials.csv","SIB1DLSCHCrcPass","unknown","Unit not classified by catalogue."
"csv\pbch_trials.csv","SIB1ASN1DecodeOk","unknown","Unit not classified by catalogue."
"csv\pbch_trials.csv","UCIContentMatch","unknown","Unit not classified by catalogue."
"csv\pbch_trials.csv","UCICRCApplicable","unknown","Unit not classified by catalogue."
"csv\pbch_trials.csv","DetectionOutcome","unknown","Unit not classified by catalogue."
"csv\pbch_trials.csv","FormatAdapted","unknown","Unit not classified by catalogue."
"csv\pbch_trials.csv","ControlResourceValidity","unknown","Unit not classified by catalogue."
"csv\pbch_trials.csv","ReceiverHestSINRApplicable","dB","Log-domain radio metric."
"csv\pbch_trials.csv","NMSE_dB","dB","Log-domain radio metric."
"csv\pbch_trials.csv","NMSEReferenceSource","unknown","Unit not classified by catalogue."
"csv\pbch_trials.csv","TrueChannelOracleAvailable","unknown","Unit not classified by catalogue."
"csv\pbch_trials.csv","DetectionMetric","index","Protocol/table index."
"csv\pbch_trials.csv","DetectionThreshold","unknown","Unit not classified by catalogue."
"csv\pbch_trials.csv","CandidateCount","count","Count."
"csv\pbch_trials.csv","MissedDetection","unknown","Unit not classified by catalogue."
"csv\pbch_trials.csv","FalseAlarm","unknown","Unit not classified by catalogue."
"csv\pbch_trials.csv","DTXFlag","unknown","Unit not classified by catalogue."
"csv\pbch_trials.csv","PreambleIndex","index","Protocol/table index."
"csv\pbch_trials.csv","RequestedPreambleIndex","index","Protocol/table index."
"csv\pbch_trials.csv","DetectedPreambleIndex","index","Protocol/table index."
"csv\pbch_trials.csv","PreambleIndexFromPeak","index","Protocol/table index."
"csv\pbch_trials.csv","PreambleIndexTx","index","Protocol/table index."
"csv\pbch_trials.csv","PreambleIndexDetected","index","Protocol/table index."
"csv\pbch_trials.csv","PreambleDetected","unknown","Unit not classified by catalogue."
"csv\pbch_trials.csv","CollisionDetected","unknown","Unit not classified by catalogue."
"csv\pbch_trials.csv","PreambleAmbiguityDetected","unknown","Unit not classified by catalogue."
"csv\pbch_trials.csv","PowerPathloss_dB","dB","Log-domain radio metric."
"csv\pbch_trials.csv","DownlinkTxPower_dBm","dBm","Absolute power in dBm."
"csv\pbch_trials.csv","RARNTI","unknown","Unit not classified by catalogue."
"csv\pbch_trials.csv","RARWindowExpired","unknown","Unit not classified by catalogue."
"csv\pbch_trials.csv","Msg2RARNTIDetected","unknown","Unit not classified by catalogue."
"csv\pbch_trials.csv","Msg2DCICrcPass","unknown","Unit not classified by catalogue."
"csv\pbch_trials.csv","Msg2PDSCHCrcPass","unknown","Unit not classified by catalogue."
"csv\pbch_trials.csv","Msg2PDSCHExplicitMatrixPresent","index","Protocol/table index."
"csv\pbch_trials.csv","Msg2PDSCHPrecodingActive","unknown","Unit not classified by catalogue."
"csv\pbch_trials.csv","Msg2TimingEstimateUsed","unknown","Unit not classified by catalogue."
"csv\pbch_trials.csv","Msg2ChannelEstimateAvailable","unknown","Unit not classified by catalogue."
"csv\pbch_trials.csv","Msg2EqualizationAvailable","unknown","Unit not classified by catalogue."
"csv\pbch_trials.csv","Msg2LLRFinite","unknown","Unit not classified by catalogue."
"csv\pbch_trials.csv","RAPIDMatches","unknown","Unit not classified by catalogue."
"csv\pbch_trials.csv","RARULGrantValid","unknown","Unit not classified by catalogue."
"csv\pbch_trials.csv","Msg3TimingAdvanceApplied","unknown","Unit not classified by catalogue."
"csv\pbch_trials.csv","Msg3PUSCHCrcPass","unknown","Unit not classified by catalogue."
"csv\pbch_trials.csv","Msg4PDCCHCrcPass","unknown","Unit not classified by catalogue."
"csv\pbch_trials.csv","Msg4PDSCHCrcPass","unknown","Unit not classified by catalogue."
"csv\pbch_trials.csv","Msg4PDSCHExplicitMatrixPresent","index","Protocol/table index."
"csv\pbch_trials.csv","Msg4PDSCHPrecodingActive","unknown","Unit not classified by catalogue."
"csv\pbch_trials.csv","Msg4TimingEstimateUsed","unknown","Unit not classified by catalogue."
"csv\pbch_trials.csv","Msg4ChannelEstimateAvailable","unknown","Unit not classified by catalogue."
"csv\pbch_trials.csv","Msg4EqualizationAvailable","unknown","Unit not classified by catalogue."
"csv\pbch_trials.csv","Msg4LLRFinite","unknown","Unit not classified by catalogue."
"csv\pbch_trials.csv","ContentionIdentityMatches","unknown","Unit not classified by catalogue."
"csv\pbch_trials.csv","RACompleted","unknown","Unit not classified by catalogue."
"csv\pbch_trials.csv","ProxyUsed","unknown","Unit not classified by catalogue."
"csv\pbch_trials.csv","Skipped","unknown","Unit not classified by catalogue."
"csv\pbch_trials.csv","ToolboxMissing","unknown","Unit not classified by catalogue."
"csv\pbch_trials.csv","UsedOracleFields","unknown","Unit not classified by catalogue."
"csv\pbch_trials.csv","RuntimeStageWaveformsRequired","unknown","Unit not classified by catalogue."
"csv\pbch_trials.csv","RuntimeStageWaveformsUsed","unknown","Unit not classified by catalogue."
"csv\pbch_trials.csv","RuntimeSelfLoopWaveformsUsed","unknown","Unit not classified by catalogue."
"csv\pbch_trials.csv","RuntimeChannelStateUsed","unknown","Unit not classified by catalogue."
"csv\pbch_trials.csv","RuntimeNoiseApplied","unknown","Unit not classified by catalogue."
"csv\pbch_trials.csv","MeasuredSINR_dB","dB","Log-domain radio metric."
"csv\pbch_trials.csv","ReceiverHestSINR_dB","dB","Log-domain radio metric."
"csv\pbch_trials.csv","ReceiverHestSINRSource","dB","Log-domain radio metric."
"csv\pbch_trials.csv","ReceiverHestSINRValueRole","dB","Log-domain radio metric."
"csv\pbch_trials.csv","ReceiverHestSINRValueStatus","dB","Log-domain radio metric."
"csv\pbch_trials.csv","ReceiverHestSINRNAReason","dB","Log-domain radio metric."
"csv\pbch_trials.csv","PostEqSINR_dB","dB","Log-domain radio metric."
"csv\pbch_trials.csv","PostEqSINRSource","dB","Log-domain radio metric."
"csv\pbch_trials.csv","PostEqSINRValueRole","dB","Log-domain radio metric."
"csv\pbch_trials.csv","PostEqSINRValueStatus","dB","Log-domain radio metric."
"csv\pbch_trials.csv","PostEqSINRNAReason","dB","Log-domain radio metric."
"csv\pbch_trials.csv","PostEqSINRPerLayer_dB","dB","Log-domain radio metric."
"csv\pbch_trials.csv","MeasuredTrialSINR_dB","dB","Log-domain radio metric."
"csv\pbch_trials.csv","MeasuredTrialSINRSource","dB","Log-domain radio metric."
"csv\pbch_trials.csv","MeasuredTrialSINRValueRole","dB","Log-domain radio metric."
"csv\pbch_trials.csv","MeasuredTrialSINRValueStatus","dB","Log-domain radio metric."
"csv\pbch_trials.csv","MeasuredTrialSINRNAReason","dB","Log-domain radio metric."
"csv\pbch_trials.csv","DecoderTruthProxySINR_dB","dB","Log-domain radio metric."
"csv\pbch_trials.csv","DecoderTruthProxySINRSource","dB","Log-domain radio metric."
"csv\pbch_trials.csv","SINRValueRole","dB","Log-domain radio metric."
"csv\pbch_trials.csv","SINRSource","dB","Log-domain radio metric."
"csv\pbch_trials.csv","SINRValueStatus","dB","Log-domain radio metric."
"csv\pbch_trials.csv","SINRValueDefinition","dB","Log-domain radio metric."
"csv\pbch_trials.csv","WidebandCQI","index","Protocol/table index."
"csv\pbch_trials.csv","CQIDerivedMCS","index","Protocol/table index."
"csv\pbch_trials.csv","CQIDerivedModulation","index","Protocol/table index."
"csv\pbch_trials.csv","CQIDerivedTargetCodeRate","ratio","Unitless ratio/probability."
"csv\pbch_trials.csv","CQISource","index","Protocol/table index."
"csv\pbch_trials.csv","MCSSelectionSource","index","Protocol/table index."
"csv\pbch_trials.csv","MCSValueStatus","us","Time duration in microseconds."
"csv\pbch_trials.csv","OuterLoopEnabled","unknown","Unit not classified by catalogue."
"csv\pbch_trials.csv","InnerLoopEnabled","unknown","Unit not classified by catalogue."
"csv\pbch_trials.csv","OuterLoopApplied","unknown","Unit not classified by catalogue."
"csv\pbch_trials.csv","InnerLoopApplied","unknown","Unit not classified by catalogue."
"csv\pbch_trials.csv","CalibrationProfile","unknown","Unit not classified by catalogue."
"csv\pbch_trials.csv","RankDowngradeApplied","unknown","Unit not classified by catalogue."
"csv\pbch_trials.csv","MUMIMOEnabled","unknown","Unit not classified by catalogue."
"csv\pbch_trials.csv","PrecoderSource","unknown","Unit not classified by catalogue."
"csv\pbch_trials.csv","PrecodingMode","unknown","Unit not classified by catalogue."
"csv\pbch_trials.csv","PrecodingActive","unknown","Unit not classified by catalogue."
"csv\pbch_trials.csv","ExplicitBeamWeightsApplied","unknown","Unit not classified by catalogue."
"csv\pbch_trials.csv","TransformPrecodingApplied","unknown","Unit not classified by catalogue."
"csv\pbch_trials.csv","BeamformingApplied","unknown","Unit not classified by catalogue."
"csv\pbch_trials.csv","AppliedBeamIndexSet","index","Protocol/table index."
"csv\pbch_trials.csv","AppliedPrecoderPMI","index","Protocol/table index."
"csv\pbch_trials.csv","AppliedPrecoderPMIType","index","Protocol/table index."
"csv\pbch_trials.csv","AppliedPrecoderCodebookMode","unknown","Unit not classified by catalogue."
"csv\pbch_trials.csv","RequestedVsAppliedPrecoderPMIMatchStatus","us","Time duration in microseconds."
"csv\pbch_trials.csv","PrecodingMatrixRows","index","Protocol/table index."
"csv\pbch_trials.csv","PrecodingMatrixCols","index","Protocol/table index."
"csv\pbch_trials.csv","FalseAlarmFlag","unknown","Unit not classified by catalogue."
"csv\pbch_trials.csv","DCICrcPass","unknown","Unit not classified by catalogue."
"csv\pbch_trials.csv","PDCCHPayloadMatch","unknown","Unit not classified by catalogue."
"csv\pbch_trials.csv","PDCCHCausalGrantDecodeOk","unknown","Unit not classified by catalogue."
"csv\pbch_trials.csv","PDCCHMissedDetection","unknown","Unit not classified by catalogue."
"csv\pbch_trials.csv","PDCCHFalseAlarm","unknown","Unit not classified by catalogue."
"csv\pbch_trials.csv","GrantValid","unknown","Unit not classified by catalogue."
"csv\pbch_trials.csv","NegativeExpectedOk","unknown","Unit not classified by catalogue."
"csv\pbch_trials.csv","PDCCHBlindSearchEnabled","unknown","Unit not classified by catalogue."
"csv\pbch_trials.csv","PDCCHREGMappingAvailable","unknown","Unit not classified by catalogue."
"csv\pbch_trials.csv","NoiseVariance","index","Protocol/table index."
"csv\pbch_trials.csv","ServingRxPower_dBm","dBm","Absolute power in dBm."
"csv\pbch_trials.csv","NoiseVarStatus","us","Time duration in microseconds."
"csv\pbch_trials.csv","NoiseVarSource","unknown","Unit not classified by catalogue."
"csv\pbch_trials.csv","NoiseVarStrictFailure","index","Protocol/table index."
"csv\pbch_trials.csv","ReceiverUsable","unknown","Unit not classified by catalogue."
"csv\pbch_trials.csv","DecodeAttempted","unknown","Unit not classified by catalogue."
"csv\pbch_trials.csv","DecodeUsable","unknown","Unit not classified by catalogue."
"csv\pbch_trials.csv","StrictReceiverEvidenceOk","index","Protocol/table index."
"csv\pbch_trials.csv","StrictOk","index","Protocol/table index."
"csv\pbch_trials.csv","SourceClassification","unknown","Unit not classified by catalogue."
"csv\pbch_trials.csv","RuntimeMaterializationStatus","us","Time duration in microseconds."
"csv\pbch_trials.csv","ControlGatingEffect","unknown","Unit not classified by catalogue."
"csv\pbch_trials.csv","RuntimeStateConsumer","unknown","Unit not classified by catalogue."
"csv\pbch_trials.csv","RuntimeConsumer","unknown","Unit not classified by catalogue."
"csv\pbch_trials.csv","RuntimeEvidenceSource","unknown","Unit not classified by catalogue."
"csv\pbch_trials.csv","ChannelEstimateAttempted","unknown","Unit not classified by catalogue."
"csv\pbch_trials.csv","ChannelEstimateAvailable","unknown","Unit not classified by catalogue."
"csv\pbch_trials.csv","SRSChannelEstimateAvailable","unknown","Unit not classified by catalogue."
"csv\pbch_trials.csv","ChannelEstimateSource","unknown","Unit not classified by catalogue."
"csv\pbch_trials.csv","ResourceExtractionAttempted","unknown","Unit not classified by catalogue."
"csv\pbch_trials.csv","ResourceExtractionAvailable","unknown","Unit not classified by catalogue."
"csv\pbch_trials.csv","EqualizationAttempted","unknown","Unit not classified by catalogue."
"csv\pbch_trials.csv","EqualizationAvailable","unknown","Unit not classified by catalogue."
"csv\pbch_trials.csv","DLSCHDecodeAttempted","unknown","Unit not classified by catalogue."
"csv\pbch_trials.csv","DLSCHDecodeAvailable","unknown","Unit not classified by catalogue."
"csv\pbch_trials.csv","ULSCHDecodeAttempted","unknown","Unit not classified by catalogue."
"csv\pbch_trials.csv","ULSCHDecodeAvailable","unknown","Unit not classified by catalogue."
"csv\pbch_trials.csv","LLRAvailable","unknown","Unit not classified by catalogue."
"csv\pbch_trials.csv","LLRFinite","unknown","Unit not classified by catalogue."
"csv\pbch_trials.csv","LLRNoiseVariance","index","Protocol/table index."
"csv\pbch_trials.csv","PostEqSINRAvailable","dB","Log-domain radio metric."
"csv\pbch_trials.csv","PostEqSINRReceiverDerived","dB","Log-domain radio metric."
"csv\pbch_trials.csv","ConfiguredSNRLikeSourceRejected","unknown","Unit not classified by catalogue."
"csv\pbch_trials.csv","EqualizerType","unknown","Unit not classified by catalogue."
"csv\pbch_trials.csv","InterferenceCovarianceAvailable","index","Protocol/table index."
"csv\pbch_trials.csv","DetectionAttempted","unknown","Unit not classified by catalogue."
"csv\pbch_trials.csv","DetectionSuccess","unknown","Unit not classified by catalogue."
"csv\pbch_trials.csv","DetectionUsable","unknown","Unit not classified by catalogue."
"csv\pbch_trials.csv","MeasurementAttempted","unknown","Unit not classified by catalogue."
"csv\pbch_trials.csv","MeasurementUsable","unknown","Unit not classified by catalogue."
"csv\pbch_trials.csv","SRSRuntimeEvidenceUsable","unknown","Unit not classified by catalogue."
"csv\pbch_trials.csv","FailureReason","unknown","Unit not classified by catalogue."
"csv\pbch_trials.csv","TimingOffset_samples","samples","Discrete sample count or offset."
"csv\pbch_trials.csv","TAOutOfRangeFlag","unknown","Unit not classified by catalogue."
"csv\pbch_trials.csv","ComputeLatency_ms","ms","Time duration in milliseconds."
"csv\pbch_trials.csv","AirInterfaceObservation_ms","ms","Time duration in milliseconds."
"csv\pbch_trials.csv","EstimatedCFO_Hz","Hz","Frequency in hertz."
"csv\pbch_trials.csv","TrueCFO_Hz","Hz","Frequency in hertz."
"csv\pbch_trials.csv","CFOError_Hz","Hz","Frequency in hertz."
"csv\pbch_trials.csv","CFOEstimateAvailability","unknown","Unit not classified by catalogue."
"csv\pbch_trials.csv","CFOErrorDefinition","unknown","Unit not classified by catalogue."
"csv\pbch_trials.csv","CFOValueStatus","us","Time duration in microseconds."
"csv\pbch_trials.csv","EstimatedTimingOffset_PreCorrection_samples","samples","Discrete sample count or offset."
"csv\pbch_trials.csv","TimingEstimate_samples","samples","Discrete sample count or offset."
"csv\pbch_trials.csv","TimingEstimateStatus","us","Time duration in microseconds."
"csv\pbch_trials.csv","TimingEstimateWasClipped","unknown","Unit not classified by catalogue."
"csv\pbch_trials.csv","IQImbalanceConfigured","unknown","Unit not classified by catalogue."
"csv\pbch_trials.csv","IQImbalanceApplied","unknown","Unit not classified by catalogue."
"csv\pbch_trials.csv","InjectedDoppler_Hz","Hz","Frequency in hertz."
"csv\pbch_trials.csv","AcquisitionTime_ms","ms","Time duration in milliseconds."
"csv\pbch_trials.csv","TrackingFailureProbability","ratio","Unitless ratio/probability."
"csv\pbch_trials.csv","Status","us","Time duration in microseconds."
"csv\pbch_trials.csv","Crash","unknown","Unit not classified by catalogue."
"csv\pbch_trials.csv","LinkAdaptationApplied","unknown","Unit not classified by catalogue."
"csv\pbch_trials.csv","LinkAdaptationScheduled","unknown","Unit not classified by catalogue."
"csv\pbch_trials.csv","IsWarmupFrame","unknown","Unit not classified by catalogue."
"csv\pbch_trials.csv","SFN","unknown","Unit not classified by catalogue."
"csv\pbch_trials.csv","UEID","unknown","Unit not classified by catalogue."
"csv\pbch_trials.csv","BaseStationID","unknown","Unit not classified by catalogue."
"csv\pbch_trials.csv","MCSIndex","index","Protocol/table index."
"csv\pbch_trials.csv","ConfiguredSNR_dB","dB","Log-domain radio metric."
"csv\pbch_trials.csv","ConfiguredSNRSource","unknown","Unit not classified by catalogue."
"csv\pbch_trials.csv","SNRValueRole","unknown","Unit not classified by catalogue."
"csv\pbch_trials.csv","AppliedAWGNSNR_dB","dB","Log-domain radio metric."
"csv\pbch_trials.csv","LargeScaleSINR_dB","dB","Log-domain radio metric."
"csv\pbch_trials.csv","ServingRSRP_dBm","dB","Log-domain radio metric."
"csv\pbch_trials.csv","CSI_RSRP_dB","dB","Log-domain radio metric."
"csv\pbch_trials.csv","AppliedLargeScaleGain_dB","dB","Log-domain radio metric."
"csv\pbch_trials.csv","TimingEstimateUsed","unknown","Unit not classified by catalogue."
"csv\pbch_trials.csv","UseIdealTimingSync","unknown","Unit not classified by catalogue."
"csv\pbch_trials.csv","InterfererBeamformingAppliedCount","count","Count."
"csv\pbch_trials.csv","InterfererExplicitBeamWeightCount","count","Count."
"csv\pbch_trials.csv","InterfererTransformPrecodingCount","count","Count."
"csv\pbch_trials.csv","DopplerSourceMode","unknown","Unit not classified by catalogue."
"csv\pbch_trials.csv","DopplerValueRole","unknown","Unit not classified by catalogue."
"csv\pbch_trials.csv","TRSGatingActive","unknown","Unit not classified by catalogue."
"csv\pbch_trials.csv","TrackingEligibility","unknown","Unit not classified by catalogue."
"csv\pbch_trials.csv","TRSInfluencedDecision","unknown","Unit not classified by catalogue."
"csv\pbch_trials.csv","TRSReceiverIntegrationBlocker","index","Protocol/table index."
"csv\pbch_trials.csv","TRSProcessed","unknown","Unit not classified by catalogue."
"csv\pbch_trials.csv","TimingTrackingAttempted","unknown","Unit not classified by catalogue."
"csv\pbch_trials.csv","TRSTimingEstimateAvailable","unknown","Unit not classified by catalogue."
"csv\pbch_trials.csv","TRSTimingEstimateUsable","unknown","Unit not classified by catalogue."
"csv\pbch_trials.csv","FrequencyTrackingAttempted","unknown","Unit not classified by catalogue."
"csv\pbch_trials.csv","TRSCFOEstimateAvailable","unknown","Unit not classified by catalogue."
"csv\pbch_trials.csv","TRSCFOEstimateUsable","unknown","Unit not classified by catalogue."
"csv\pbch_trials.csv","ChannelEstimationAttempted","unknown","Unit not classified by catalogue."
"csv\pbch_trials.csv","TRSChannelEstimateAvailable","unknown","Unit not classified by catalogue."
"csv\pbch_trials.csv","TRSRuntimeEvidenceUsable","unknown","Unit not classified by catalogue."
"csv\pbch_trials.csv","PDCCHGrantBindingRequired","unknown","Unit not classified by catalogue."
"csv\pbch_trials.csv","PDCCHGrantBindingOk","unknown","Unit not classified by catalogue."
"csv\pbch_trials.csv","GrantWorkerSafe","unknown","Unit not classified by catalogue."
"csv\pbch_trials.csv","Notes","unknown","Unit not classified by catalogue."
"csv\pbch_trials.csv","UEIndex","index","Protocol/table index."
"csv\pbch_trials.csv","RNTI","unknown","Unit not classified by catalogue."
"csv\pbch_trials.csv","TrialDirection","index","Protocol/table index."
"csv\pbch_trials.csv","LinkDirection","unknown","Unit not classified by catalogue."
"csv\pbch_trials.csv","GrantDirection","unknown","Unit not classified by catalogue."
"csv\pbch_trials.csv","SignalFamily","unknown","Unit not classified by catalogue."
"csv\pbch_trials.csv","DecodeSuccess","unknown","Unit not classified by catalogue."
"csv\pbch_trials.csv","SuccessFlag","unknown","Unit not classified by catalogue."
"csv\pbch_trials.csv","FailureFlag","unknown","Unit not classified by catalogue."
"csv\pbch_trials.csv","ControlObservationAvailable","unknown","Unit not classified by catalogue."
"csv\pbch_trials.csv","ValueSource","unknown","Unit not classified by catalogue."
"csv\pbch_trials.csv","ValueRole","unknown","Unit not classified by catalogue."
"csv\pbch_trials.csv","ValueStatus","us","Time duration in microseconds."
"csv\pbch_trials.csv","ValueDefinition","unknown","Unit not classified by catalogue."
"csv\pbch_trials.csv","FinalizedFlag","unknown","Unit not classified by catalogue."
"csv\pbch_trials.csv","PlaceholderFlag","unknown","Unit not classified by catalogue."
"csv\pbch_trials.csv","FallbackFlag","unknown","Unit not classified by catalogue."
"csv\pbch_trials.csv","NAReason","unknown","Unit not classified by catalogue."
"csv\pbch_trials.csv","RunID","unknown","Unit not classified by catalogue."
"csv\pbch_trials.csv","ScenarioID","index","Protocol/table index."
"csv\pbch_trials.csv","ConfigHash","unknown","Unit not classified by catalogue."
"csv\pbch_trials.csv","SourceArtifact","unknown","Unit not classified by catalogue."
"csv\pbch_trials.csv","SourceTable","unknown","Unit not classified by catalogue."
"csv\pbch_trials.csv","ArtifactClass","unknown","Unit not classified by catalogue."
"csv\pbch_trials.csv","SemanticState","unknown","Unit not classified by catalogue."
"csv\pbch_trials.csv","DecoderTruthProxySINRValueRole","dB","Log-domain radio metric."
"csv\pbch_trials.csv","DecoderTruthProxySINRValueStatus","dB","Log-domain radio metric."
"csv\pbch_trials.csv","DecoderTruthProxySINRNAReason","dB","Log-domain radio metric."
"csv\pdcch_trials.csv","Direction","unknown","Unit not classified by catalogue."
"csv\pdcch_trials.csv","SNR_dB","dB","Log-domain radio metric."
"csv\pdcch_trials.csv","Seed","unknown","Unit not classified by catalogue."
"csv\pdcch_trials.csv","Frame","unknown","Unit not classified by catalogue."
"csv\pdcch_trials.csv","Slot","unknown","Unit not classified by catalogue."
"csv\pdcch_trials.csv","MCS","index","Protocol/table index."
"csv\pdcch_trials.csv","Layers","unknown","Unit not classified by catalogue."
"csv\pdcch_trials.csv","Modulation","unknown","Unit not classified by catalogue."
"csv\pdcch_trials.csv","TargetCodeRate","ratio","Unitless ratio/probability."
"csv\pdcch_trials.csv","TBSize_bits","bits","Bit count."
"csv\pdcch_trials.csv","PRBStart","unknown","Unit not classified by catalogue."
"csv\pdcch_trials.csv","AllocatedPRBCount","count","Count."
"csv\pdcch_trials.csv","ChannelModel","unknown","Unit not classified by catalogue."
"csv\pdcch_trials.csv","ChannelModelApplied","unknown","Unit not classified by catalogue."
"csv\pdcch_trials.csv","ChannelFadingApplied","unknown","Unit not classified by catalogue."
"csv\pdcch_trials.csv","DopplerHz","Hz","Frequency in hertz."
"csv\pdcch_trials.csv","CRCPass","unknown","Unit not classified by catalogue."
"csv\pdcch_trials.csv","CRCApplicable","unknown","Unit not classified by catalogue."
"csv\pdcch_trials.csv","CRCOutcome","unknown","Unit not classified by catalogue."
"csv\pdcch_trials.csv","UCIContentMatch","unknown","Unit not classified by catalogue."
"csv\pdcch_trials.csv","UCICRCApplicable","unknown","Unit not classified by catalogue."
"csv\pdcch_trials.csv","FormatAdapted","unknown","Unit not classified by catalogue."
"csv\pdcch_trials.csv","ControlResourceValidity","unknown","Unit not classified by catalogue."
"csv\pdcch_trials.csv","ReceiverHestSINRApplicable","dB","Log-domain radio metric."
"csv\pdcch_trials.csv","EVM_rms","ms","Time duration in milliseconds."
"csv\pdcch_trials.csv","NMSE_dB","dB","Log-domain radio metric."
"csv\pdcch_trials.csv","NMSEReferenceSource","unknown","Unit not classified by catalogue."
"csv\pdcch_trials.csv","TrueChannelOracleAvailable","unknown","Unit not classified by catalogue."
"csv\pdcch_trials.csv","DetectionMetric","index","Protocol/table index."
"csv\pdcch_trials.csv","DetectionThreshold","unknown","Unit not classified by catalogue."
"csv\pdcch_trials.csv","CandidateCount","count","Count."
"csv\pdcch_trials.csv","MissedDetection","unknown","Unit not classified by catalogue."
"csv\pdcch_trials.csv","FalseAlarm","unknown","Unit not classified by catalogue."
"csv\pdcch_trials.csv","DTXFlag","unknown","Unit not classified by catalogue."
"csv\pdcch_trials.csv","PreambleIndex","index","Protocol/table index."
"csv\pdcch_trials.csv","RequestedPreambleIndex","index","Protocol/table index."
"csv\pdcch_trials.csv","DetectedPreambleIndex","index","Protocol/table index."
"csv\pdcch_trials.csv","PreambleIndexFromPeak","index","Protocol/table index."
"csv\pdcch_trials.csv","PreambleIndexTx","index","Protocol/table index."
"csv\pdcch_trials.csv","PreambleIndexDetected","index","Protocol/table index."
"csv\pdcch_trials.csv","PreambleDetected","unknown","Unit not classified by catalogue."
"csv\pdcch_trials.csv","CollisionDetected","unknown","Unit not classified by catalogue."
"csv\pdcch_trials.csv","PreambleAmbiguityDetected","unknown","Unit not classified by catalogue."
"csv\pdcch_trials.csv","PowerPathloss_dB","dB","Log-domain radio metric."
"csv\pdcch_trials.csv","DownlinkTxPower_dBm","dBm","Absolute power in dBm."
"csv\pdcch_trials.csv","RARNTI","unknown","Unit not classified by catalogue."
"csv\pdcch_trials.csv","RARWindowExpired","unknown","Unit not classified by catalogue."
"csv\pdcch_trials.csv","Msg2RARNTIDetected","unknown","Unit not classified by catalogue."
"csv\pdcch_trials.csv","Msg2DCICrcPass","unknown","Unit not classified by catalogue."
"csv\pdcch_trials.csv","Msg2PDSCHCrcPass","unknown","Unit not classified by catalogue."
"csv\pdcch_trials.csv","Msg2PDSCHExplicitMatrixPresent","index","Protocol/table index."
"csv\pdcch_trials.csv","Msg2PDSCHPrecodingActive","unknown","Unit not classified by catalogue."
"csv\pdcch_trials.csv","Msg2TimingEstimateUsed","unknown","Unit not classified by catalogue."
"csv\pdcch_trials.csv","Msg2ChannelEstimateAvailable","unknown","Unit not classified by catalogue."
"csv\pdcch_trials.csv","Msg2EqualizationAvailable","unknown","Unit not classified by catalogue."
"csv\pdcch_trials.csv","Msg2LLRFinite","unknown","Unit not classified by catalogue."
"csv\pdcch_trials.csv","RAPIDMatches","unknown","Unit not classified by catalogue."
"csv\pdcch_trials.csv","RARULGrantValid","unknown","Unit not classified by catalogue."
"csv\pdcch_trials.csv","Msg3TimingAdvanceApplied","unknown","Unit not classified by catalogue."
"csv\pdcch_trials.csv","Msg3PUSCHCrcPass","unknown","Unit not classified by catalogue."
"csv\pdcch_trials.csv","Msg4PDCCHCrcPass","unknown","Unit not classified by catalogue."
"csv\pdcch_trials.csv","Msg4PDSCHCrcPass","unknown","Unit not classified by catalogue."
"csv\pdcch_trials.csv","Msg4PDSCHExplicitMatrixPresent","index","Protocol/table index."
"csv\pdcch_trials.csv","Msg4PDSCHPrecodingActive","unknown","Unit not classified by catalogue."
"csv\pdcch_trials.csv","Msg4TimingEstimateUsed","unknown","Unit not classified by catalogue."
"csv\pdcch_trials.csv","Msg4ChannelEstimateAvailable","unknown","Unit not classified by catalogue."
"csv\pdcch_trials.csv","Msg4EqualizationAvailable","unknown","Unit not classified by catalogue."
"csv\pdcch_trials.csv","Msg4LLRFinite","unknown","Unit not classified by catalogue."
"csv\pdcch_trials.csv","ContentionIdentityMatches","unknown","Unit not classified by catalogue."
"csv\pdcch_trials.csv","RACompleted","unknown","Unit not classified by catalogue."
"csv\pdcch_trials.csv","ProxyUsed","unknown","Unit not classified by catalogue."
"csv\pdcch_trials.csv","Skipped","unknown","Unit not classified by catalogue."
"csv\pdcch_trials.csv","ToolboxMissing","unknown","Unit not classified by catalogue."
"csv\pdcch_trials.csv","UsedOracleFields","unknown","Unit not classified by catalogue."
"csv\pdcch_trials.csv","RuntimeStageWaveformsRequired","unknown","Unit not classified by catalogue."
"csv\pdcch_trials.csv","RuntimeStageWaveformsUsed","unknown","Unit not classified by catalogue."
"csv\pdcch_trials.csv","RuntimeSelfLoopWaveformsUsed","unknown","Unit not classified by catalogue."
"csv\pdcch_trials.csv","RuntimeChannelStateUsed","unknown","Unit not classified by catalogue."
"csv\pdcch_trials.csv","RuntimeNoiseApplied","unknown","Unit not classified by catalogue."
"csv\pdcch_trials.csv","MeasuredSINR_dB","dB","Log-domain radio metric."
"csv\pdcch_trials.csv","ReceiverHestSINR_dB","dB","Log-domain radio metric."
"csv\pdcch_trials.csv","ReceiverHestSINRSource","dB","Log-domain radio metric."
"csv\pdcch_trials.csv","ReceiverHestSINRValueRole","dB","Log-domain radio metric."
"csv\pdcch_trials.csv","ReceiverHestSINRValueStatus","dB","Log-domain radio metric."
"csv\pdcch_trials.csv","ReceiverHestSINRNAReason","dB","Log-domain radio metric."
"csv\pdcch_trials.csv","PostEqSINR_dB","dB","Log-domain radio metric."
"csv\pdcch_trials.csv","PostEqSINRSource","dB","Log-domain radio metric."
"csv\pdcch_trials.csv","PostEqSINRValueRole","dB","Log-domain radio metric."
"csv\pdcch_trials.csv","PostEqSINRValueStatus","dB","Log-domain radio metric."
"csv\pdcch_trials.csv","PostEqSINRNAReason","dB","Log-domain radio metric."
"csv\pdcch_trials.csv","PostEqSINRPerLayer_dB","dB","Log-domain radio metric."
"csv\pdcch_trials.csv","MeasuredTrialSINR_dB","dB","Log-domain radio metric."
"csv\pdcch_trials.csv","MeasuredTrialSINRSource","dB","Log-domain radio metric."
"csv\pdcch_trials.csv","MeasuredTrialSINRValueRole","dB","Log-domain radio metric."
"csv\pdcch_trials.csv","MeasuredTrialSINRValueStatus","dB","Log-domain radio metric."
"csv\pdcch_trials.csv","MeasuredTrialSINRNAReason","dB","Log-domain radio metric."
"csv\pdcch_trials.csv","DecoderTruthProxySINR_dB","dB","Log-domain radio metric."
"csv\pdcch_trials.csv","DecoderTruthProxySINRSource","dB","Log-domain radio metric."
"csv\pdcch_trials.csv","SINRValueRole","dB","Log-domain radio metric."
"csv\pdcch_trials.csv","SINRSource","dB","Log-domain radio metric."
"csv\pdcch_trials.csv","SINRValueStatus","dB","Log-domain radio metric."
"csv\pdcch_trials.csv","SINRValueDefinition","dB","Log-domain radio metric."
"csv\pdcch_trials.csv","WidebandCQI","index","Protocol/table index."
"csv\pdcch_trials.csv","CQIDerivedMCS","index","Protocol/table index."
"csv\pdcch_trials.csv","CQIDerivedModulation","index","Protocol/table index."
"csv\pdcch_trials.csv","CQIDerivedTargetCodeRate","ratio","Unitless ratio/probability."
"csv\pdcch_trials.csv","CQISource","index","Protocol/table index."
"csv\pdcch_trials.csv","MCSSelectionSource","index","Protocol/table index."
"csv\pdcch_trials.csv","MCSValueStatus","us","Time duration in microseconds."
"csv\pdcch_trials.csv","OuterLoopEnabled","unknown","Unit not classified by catalogue."
"csv\pdcch_trials.csv","InnerLoopEnabled","unknown","Unit not classified by catalogue."
"csv\pdcch_trials.csv","OuterLoopApplied","unknown","Unit not classified by catalogue."
"csv\pdcch_trials.csv","InnerLoopApplied","unknown","Unit not classified by catalogue."
"csv\pdcch_trials.csv","CalibrationProfile","unknown","Unit not classified by catalogue."
"csv\pdcch_trials.csv","RankIndicator","unknown","Unit not classified by catalogue."
"csv\pdcch_trials.csv","RankDowngradeApplied","unknown","Unit not classified by catalogue."
"csv\pdcch_trials.csv","MUMIMOEnabled","unknown","Unit not classified by catalogue."
"csv\pdcch_trials.csv","PrecoderSource","unknown","Unit not classified by catalogue."
"csv\pdcch_trials.csv","PrecodingMode","unknown","Unit not classified by catalogue."
"csv\pdcch_trials.csv","PrecodingActive","unknown","Unit not classified by catalogue."
"csv\pdcch_trials.csv","ExplicitBeamWeightsApplied","unknown","Unit not classified by catalogue."
"csv\pdcch_trials.csv","TransformPrecodingApplied","unknown","Unit not classified by catalogue."
"csv\pdcch_trials.csv","BeamformingApplied","unknown","Unit not classified by catalogue."
"csv\pdcch_trials.csv","AppliedBeamIndexSet","index","Protocol/table index."
"csv\pdcch_trials.csv","AppliedPrecoderPMI","index","Protocol/table index."
"csv\pdcch_trials.csv","AppliedPrecoderPMIType","index","Protocol/table index."
"csv\pdcch_trials.csv","AppliedPrecoderCodebookMode","unknown","Unit not classified by catalogue."
"csv\pdcch_trials.csv","RequestedVsAppliedPrecoderPMIMatchStatus","us","Time duration in microseconds."
"csv\pdcch_trials.csv","PrecodingMatrixRows","index","Protocol/table index."
"csv\pdcch_trials.csv","PrecodingMatrixCols","index","Protocol/table index."
"csv\pdcch_trials.csv","FalseAlarmFlag","unknown","Unit not classified by catalogue."
"csv\pdcch_trials.csv","BlockingFlag","unknown","Unit not classified by catalogue."
"csv\pdcch_trials.csv","BlindDecodeCount","count","Count."
"csv\pdcch_trials.csv","CandidatesAttempted","unknown","Unit not classified by catalogue."
"csv\pdcch_trials.csv","DCICrcPass","unknown","Unit not classified by catalogue."
"csv\pdcch_trials.csv","PDCCHPayloadMatch","unknown","Unit not classified by catalogue."
"csv\pdcch_trials.csv","PDCCHCausalGrantDecodeOk","unknown","Unit not classified by catalogue."
"csv\pdcch_trials.csv","PDCCHExpectedDCIBitCount","count","Count."
"csv\pdcch_trials.csv","PDCCHDecodedDCIBitCount","count","Count."
"csv\pdcch_trials.csv","PDCCHDCIBitsCompared","bits","Bit count."
"csv\pdcch_trials.csv","PDCCHDCIBitErrors","unknown","Unit not classified by catalogue."
"csv\pdcch_trials.csv","PDCCHMissedDetection","unknown","Unit not classified by catalogue."
"csv\pdcch_trials.csv","PDCCHFalseAlarm","unknown","Unit not classified by catalogue."
"csv\pdcch_trials.csv","PDCCHErrFlag","unknown","Unit not classified by catalogue."
"csv\pdcch_trials.csv","TxCCEIndex","index","Protocol/table index."
"csv\pdcch_trials.csv","SelectedCCEIndex","index","Protocol/table index."
"csv\pdcch_trials.csv","GrantValid","unknown","Unit not classified by catalogue."
"csv\pdcch_trials.csv","NegativeExpectedOk","unknown","Unit not classified by catalogue."
"csv\pdcch_trials.csv","PDCCHBlindSearchEnabled","unknown","Unit not classified by catalogue."
"csv\pdcch_trials.csv","PDCCHCandidatesAvailable","unknown","Unit not classified by catalogue."
"csv\pdcch_trials.csv","PDCCHCandidatesAttempted","unknown","Unit not classified by catalogue."
"csv\pdcch_trials.csv","PDCCHCandidateIndex","index","Protocol/table index."
"csv\pdcch_trials.csv","PDCCHTxCCEIndex","index","Protocol/table index."
"csv\pdcch_trials.csv","PDCCHSelectedCCEIndex","index","Protocol/table index."
"csv\pdcch_trials.csv","PDCCHDCICrcRNTI","unknown","Unit not classified by catalogue."
"csv\pdcch_trials.csv","PDCCHScramblingRNTI","unknown","Unit not classified by catalogue."
"csv\pdcch_trials.csv","PDCCHEncodedBits","bits","Bit count."
"csv\pdcch_trials.csv","PDCCHRECount","count","Count."
"csv\pdcch_trials.csv","PDCCHDMRSRECount","count","Count."
"csv\pdcch_trials.csv","PDCCHCandidateErrFlagVector","unknown","Unit not classified by catalogue."
"csv\pdcch_trials.csv","PDCCHCandidateDecodeOKVector","unknown","Unit not classified by catalogue."
"csv\pdcch_trials.csv","PDCCHCandidateSINRVector_dB","dB","Log-domain radio metric."
"csv\pdcch_trials.csv","PDCCHCandidateRECountVector","count","Count."
"csv\pdcch_trials.csv","PDCCHCandidateDMRSRECountVector","count","Count."
"csv\pdcch_trials.csv","PDCCHCRCDecodeSource","unknown","Unit not classified by catalogue."
"csv\pdcch_trials.csv","PDCCHBlindDecodeEvidenceSource","unknown","Unit not classified by catalogue."
"csv\pdcch_trials.csv","PDCCHCCE_REGMappingEvidence","unknown","Unit not classified by catalogue."
"csv\pdcch_trials.csv","PDCCHREGMappingAvailable","unknown","Unit not classified by catalogue."
"csv\pdcch_trials.csv","PDCCHCORESETDuration","unknown","Unit not classified by catalogue."
"csv\pdcch_trials.csv","PDCCHCORESETFrequencyResources","unknown","Unit not classified by catalogue."
"csv\pdcch_trials.csv","PDCCHSearchSpaceNumCandidates","unknown","Unit not classified by catalogue."
"csv\pdcch_trials.csv","CORESETId","unknown","Unit not classified by catalogue."
"csv\pdcch_trials.csv","SearchSpaceId","unknown","Unit not classified by catalogue."
"csv\pdcch_trials.csv","CandidateIndex","index","Protocol/table index."
"csv\pdcch_trials.csv","DCIFormat","unknown","Unit not classified by catalogue."
"csv\pdcch_trials.csv","DCIId","unknown","Unit not classified by catalogue."
"csv\pdcch_trials.csv","DCIFieldsHash","unknown","Unit not classified by catalogue."
"csv\pdcch_trials.csv","DecodedDCIHARQProcessId","unknown","Unit not classified by catalogue."
"csv\pdcch_trials.csv","DecodedDCIPRBStart","unknown","Unit not classified by catalogue."
"csv\pdcch_trials.csv","DecodedDCIAllocatedPRBCount","count","Count."
"csv\pdcch_trials.csv","DecodedDCISymbolStart","unknown","Unit not classified by catalogue."
"csv\pdcch_trials.csv","DecodedDCINumSymbols","unknown","Unit not classified by catalogue."
"csv\pdcch_trials.csv","DecodedDCIMCSIndex","index","Protocol/table index."
"csv\pdcch_trials.csv","DecodedDCIRV","unknown","Unit not classified by catalogue."
"csv\pdcch_trials.csv","DecodedDCINDI","unknown","Unit not classified by catalogue."
"csv\pdcch_trials.csv","DecodedDCITimeDomainAssignmentIndex","index","Protocol/table index."
"csv\pdcch_trials.csv","LinkedGrantId","unknown","Unit not classified by catalogue."
"csv\pdcch_trials.csv","LinkedPDSCHOrPUSCH","unknown","Unit not classified by catalogue."
"csv\pdcch_trials.csv","PDCCHGridHash","index","Protocol/table index."
"csv\pdcch_trials.csv","PDCCHWaveformHash","unknown","Unit not classified by catalogue."
"csv\pdcch_trials.csv","PDCCHResourceHash","unknown","Unit not classified by catalogue."
"csv\pdcch_trials.csv","AvailableCCECount","count","Count."
"csv\pdcch_trials.csv","UsedCCECount","count","Count."
"csv\pdcch_trials.csv","NonOverlappedCCEUsage","unknown","Unit not classified by catalogue."
"csv\pdcch_trials.csv","AggregationLevel","unknown","Unit not classified by catalogue."
"csv\pdcch_trials.csv","DCISize_bits","bits","Bit count."
"csv\pdcch_trials.csv","ControlCapacityBits","bits","Bit count."
"csv\pdcch_trials.csv","ControlCapacityUtilization","unknown","Unit not classified by catalogue."
"csv\pdcch_trials.csv","CORESETUtilization","unknown","Unit not classified by catalogue."
"csv\pdcch_trials.csv","ControlLatency_ms","ms","Time duration in milliseconds."
"csv\pdcch_trials.csv","NoiseVariance","index","Protocol/table index."
"csv\pdcch_trials.csv","DesiredSignalPowerBeforeNoise","unknown","Unit not classified by catalogue."
"csv\pdcch_trials.csv","CompositeSignalPowerBeforeNoise","unknown","Unit not classified by catalogue."
"csv\pdcch_trials.csv","AppliedNoiseSNR_dB","dB","Log-domain radio metric."
"csv\pdcch_trials.csv","NoiseVarianceSource","index","Protocol/table index."
"csv\pdcch_trials.csv","ServingRxPower_dBm","dBm","Absolute power in dBm."
"csv\pdcch_trials.csv","NoiseVarStatus","us","Time duration in microseconds."
"csv\pdcch_trials.csv","NoiseVarSource","unknown","Unit not classified by catalogue."
"csv\pdcch_trials.csv","NoiseVarStrictFailure","index","Protocol/table index."
"csv\pdcch_trials.csv","ReceiverUsable","unknown","Unit not classified by catalogue."
"csv\pdcch_trials.csv","DecodeAttempted","unknown","Unit not classified by catalogue."
"csv\pdcch_trials.csv","DecodeUsable","unknown","Unit not classified by catalogue."
"csv\pdcch_trials.csv","StrictReceiverEvidenceOk","index","Protocol/table index."
"csv\pdcch_trials.csv","StrictOk","index","Protocol/table index."
"csv\pdcch_trials.csv","TruthStatus","us","Time duration in microseconds."
"csv\pdcch_trials.csv","SourceClassification","unknown","Unit not classified by catalogue."
"csv\pdcch_trials.csv","RuntimeMaterializationStatus","us","Time duration in microseconds."
"csv\pdcch_trials.csv","ControlGatingEffect","unknown","Unit not classified by catalogue."
"csv\pdcch_trials.csv","RuntimeStateConsumer","unknown","Unit not classified by catalogue."
"csv\pdcch_trials.csv","RuntimeConsumer","unknown","Unit not classified by catalogue."
"csv\pdcch_trials.csv","RuntimeEvidenceSource","unknown","Unit not classified by catalogue."
"csv\pdcch_trials.csv","ChannelEstimateAttempted","unknown","Unit not classified by catalogue."
"csv\pdcch_trials.csv","ChannelEstimateAvailable","unknown","Unit not classified by catalogue."
"csv\pdcch_trials.csv","SRSChannelEstimateAvailable","unknown","Unit not classified by catalogue."
"csv\pdcch_trials.csv","ChannelEstimateSource","unknown","Unit not classified by catalogue."
"csv\pdcch_trials.csv","ResourceExtractionAttempted","unknown","Unit not classified by catalogue."
"csv\pdcch_trials.csv","ResourceExtractionAvailable","unknown","Unit not classified by catalogue."
"csv\pdcch_trials.csv","EqualizationAttempted","unknown","Unit not classified by catalogue."
"csv\pdcch_trials.csv","EqualizationAvailable","unknown","Unit not classified by catalogue."
"csv\pdcch_trials.csv","DLSCHDecodeAttempted","unknown","Unit not classified by catalogue."
"csv\pdcch_trials.csv","DLSCHDecodeAvailable","unknown","Unit not classified by catalogue."
"csv\pdcch_trials.csv","ULSCHDecodeAttempted","unknown","Unit not classified by catalogue."
"csv\pdcch_trials.csv","ULSCHDecodeAvailable","unknown","Unit not classified by catalogue."
"csv\pdcch_trials.csv","LLRAvailable","unknown","Unit not classified by catalogue."
"csv\pdcch_trials.csv","LLRFinite","unknown","Unit not classified by catalogue."
"csv\pdcch_trials.csv","PostEqSINRAvailable","dB","Log-domain radio metric."
"csv\pdcch_trials.csv","PostEqSINRReceiverDerived","dB","Log-domain radio metric."
"csv\pdcch_trials.csv","ConfiguredSNRLikeSourceRejected","unknown","Unit not classified by catalogue."
"csv\pdcch_trials.csv","InterferenceCovarianceAvailable","index","Protocol/table index."
"csv\pdcch_trials.csv","DetectionAttempted","unknown","Unit not classified by catalogue."
"csv\pdcch_trials.csv","DetectionSuccess","unknown","Unit not classified by catalogue."
"csv\pdcch_trials.csv","DetectionUsable","unknown","Unit not classified by catalogue."
"csv\pdcch_trials.csv","MeasurementAttempted","unknown","Unit not classified by catalogue."
"csv\pdcch_trials.csv","MeasurementUsable","unknown","Unit not classified by catalogue."
"csv\pdcch_trials.csv","SRSRuntimeEvidenceUsable","unknown","Unit not classified by catalogue."
"csv\pdcch_trials.csv","FailureReason","unknown","Unit not classified by catalogue."
"csv\pdcch_trials.csv","TAOutOfRangeFlag","unknown","Unit not classified by catalogue."
"csv\pdcch_trials.csv","BitErrors","unknown","Unit not classified by catalogue."
"csv\pdcch_trials.csv","BitsCompared","bits","Bit count."
"csv\pdcch_trials.csv","ComputeLatency_ms","ms","Time duration in milliseconds."
"csv\pdcch_trials.csv","AirInterfaceTTI_ms","ms","Time duration in milliseconds."
"csv\pdcch_trials.csv","InjectedCFO_Hz","Hz","Frequency in hertz."
"csv\pdcch_trials.csv","TrueCFO_Hz","Hz","Frequency in hertz."
"csv\pdcch_trials.csv","CFOEstimateAvailability","unknown","Unit not classified by catalogue."
"csv\pdcch_trials.csv","CFOErrorDefinition","unknown","Unit not classified by catalogue."
"csv\pdcch_trials.csv","CFOValueStatus","us","Time duration in microseconds."
"csv\pdcch_trials.csv","InjectedTimingOffset_samples","samples","Discrete sample count or offset."
"csv\pdcch_trials.csv","TimingEstimate_samples","samples","Discrete sample count or offset."
"csv\pdcch_trials.csv","TrueTimingOffset_samples","samples","Discrete sample count or offset."
"csv\pdcch_trials.csv","TimingEstimateWasClipped","unknown","Unit not classified by catalogue."
"csv\pdcch_trials.csv","IQImbalanceConfigured","unknown","Unit not classified by catalogue."
"csv\pdcch_trials.csv","IQImbalanceApplied","unknown","Unit not classified by catalogue."
"csv\pdcch_trials.csv","IQImbalanceModel","unknown","Unit not classified by catalogue."
"csv\pdcch_trials.csv","ConfiguredIQGainImbalance_dB","dB","Log-domain radio metric."
"csv\pdcch_trials.csv","ConfiguredIQPhaseImbalance_deg","unknown","Unit not classified by catalogue."
"csv\pdcch_trials.csv","IQImbalanceMirrorPowerRatio_dB","dB","Log-domain radio metric."
"csv\pdcch_trials.csv","IQImbalanceImageRejection_dB","dB","Log-domain radio metric."
"csv\pdcch_trials.csv","IQImbalanceIQPowerRatio_dB","dB","Log-domain radio metric."
"csv\pdcch_trials.csv","IQImbalanceIQCorrelation","unknown","Unit not classified by catalogue."
"csv\pdcch_trials.csv","IQImbalanceEstimatedAlphaAbs","unknown","Unit not classified by catalogue."
"csv\pdcch_trials.csv","IQImbalanceEstimatedBetaAbs","unknown","Unit not classified by catalogue."
"csv\pdcch_trials.csv","IQImbalanceMeasurementSource","unknown","Unit not classified by catalogue."
"csv\pdcch_trials.csv","IQImbalanceMeasurementStatus","us","Time duration in microseconds."
"csv\pdcch_trials.csv","InjectedDoppler_Hz","Hz","Frequency in hertz."
"csv\pdcch_trials.csv","Status","us","Time duration in microseconds."
"csv\pdcch_trials.csv","Crash","unknown","Unit not classified by catalogue."
"csv\pdcch_trials.csv","LinkAdaptationApplied","unknown","Unit not classified by catalogue."
"csv\pdcch_trials.csv","LinkAdaptationScheduled","unknown","Unit not classified by catalogue."
"csv\pdcch_trials.csv","IsWarmupFrame","unknown","Unit not classified by catalogue."
"csv\pdcch_trials.csv","SFN","unknown","Unit not classified by catalogue."
"csv\pdcch_trials.csv","UEID","unknown","Unit not classified by catalogue."
"csv\pdcch_trials.csv","BaseStationID","unknown","Unit not classified by catalogue."
"csv\pdcch_trials.csv","MCSIndex","index","Protocol/table index."
"csv\pdcch_trials.csv","Rank","unknown","Unit not classified by catalogue."
"csv\pdcch_trials.csv","ConfiguredSNR_dB","dB","Log-domain radio metric."
"csv\pdcch_trials.csv","ConfiguredSNRSource","unknown","Unit not classified by catalogue."
"csv\pdcch_trials.csv","SNRValueRole","unknown","Unit not classified by catalogue."
"csv\pdcch_trials.csv","AppliedAWGNSNR_dB","dB","Log-domain radio metric."
"csv\pdcch_trials.csv","LargeScaleSINR_dB","dB","Log-domain radio metric."
"csv\pdcch_trials.csv","LargeScaleSINRSource","dB","Log-domain radio metric."
"csv\pdcch_trials.csv","ServingRSRP_dBm","dB","Log-domain radio metric."
"csv\pdcch_trials.csv","ServingRSRPSource","dB","Log-domain radio metric."
"csv\pdcch_trials.csv","CSI_RSRP_dB","dB","Log-domain radio metric."
"csv\pdcch_trials.csv","AppliedLargeScaleGain_dB","dB","Log-domain radio metric."
"csv\pdcch_trials.csv","AppliedLargeScaleLoss_dB","dB","Log-domain radio metric."
"csv\pdcch_trials.csv","AppliedBasePathloss_dB","dB","Log-domain radio metric."
"csv\pdcch_trials.csv","AppliedPathloss_dB","dB","Log-domain radio metric."
"csv\pdcch_trials.csv","AppliedShadowFading_dB","dB","Log-domain radio metric."
"csv\pdcch_trials.csv","AppliedO2I_dB","dB","Log-domain radio metric."
"csv\pdcch_trials.csv","AppliedLargeScaleGainSource","unknown","Unit not classified by catalogue."
"csv\pdcch_trials.csv","TimingEstimateUsed","unknown","Unit not classified by catalogue."
"csv\pdcch_trials.csv","UseIdealTimingSync","unknown","Unit not classified by catalogue."
"csv\pdcch_trials.csv","InterferenceMode","unknown","Unit not classified by catalogue."
"csv\pdcch_trials.csv","InterfererBeamformingAppliedCount","count","Count."
"csv\pdcch_trials.csv","InterfererExplicitBeamWeightCount","count","Count."
"csv\pdcch_trials.csv","InterfererTransformPrecodingCount","count","Count."
"csv\pdcch_trials.csv","DopplerSourceMode","unknown","Unit not classified by catalogue."
"csv\pdcch_trials.csv","DopplerValueRole","unknown","Unit not classified by catalogue."
"csv\pdcch_trials.csv","TRSGatingActive","unknown","Unit not classified by catalogue."
"csv\pdcch_trials.csv","TrackingEligibility","unknown","Unit not classified by catalogue."
"csv\pdcch_trials.csv","TRSInfluencedDecision","unknown","Unit not classified by catalogue."
"csv\pdcch_trials.csv","TRSReceiverIntegrationBlocker","index","Protocol/table index."
"csv\pdcch_trials.csv","TRSProcessed","unknown","Unit not classified by catalogue."
"csv\pdcch_trials.csv","TimingTrackingAttempted","unknown","Unit not classified by catalogue."
"csv\pdcch_trials.csv","TRSTimingEstimateAvailable","unknown","Unit not classified by catalogue."
"csv\pdcch_trials.csv","TRSTimingEstimateUsable","unknown","Unit not classified by catalogue."
"csv\pdcch_trials.csv","FrequencyTrackingAttempted","unknown","Unit not classified by catalogue."
"csv\pdcch_trials.csv","TRSCFOEstimateAvailable","unknown","Unit not classified by catalogue."
"csv\pdcch_trials.csv","TRSCFOEstimateUsable","unknown","Unit not classified by catalogue."
"csv\pdcch_trials.csv","ChannelEstimationAttempted","unknown","Unit not classified by catalogue."
"csv\pdcch_trials.csv","TRSChannelEstimateAvailable","unknown","Unit not classified by catalogue."
"csv\pdcch_trials.csv","TRSRuntimeEvidenceUsable","unknown","Unit not classified by catalogue."
"csv\pdcch_trials.csv","GrantContextId","unknown","Unit not classified by catalogue."
"csv\pdcch_trials.csv","PDCCHGrantBindingRequired","unknown","Unit not classified by catalogue."
"csv\pdcch_trials.csv","PDCCHGrantBindingOk","unknown","Unit not classified by catalogue."
"csv\pdcch_trials.csv","GrantWorkerSafe","unknown","Unit not classified by catalogue."
"csv\pdcch_trials.csv","Notes","unknown","Unit not classified by catalogue."
"csv\pdcch_trials.csv","UEIndex","index","Protocol/table index."
"csv\pdcch_trials.csv","RNTI","unknown","Unit not classified by catalogue."
"csv\pdcch_trials.csv","TrialDirection","index","Protocol/table index."
"csv\pdcch_trials.csv","LinkDirection","unknown","Unit not classified by catalogue."
"csv\pdcch_trials.csv","GrantDirection","unknown","Unit not classified by catalogue."
"csv\pdcch_trials.csv","PDCCHGatingActive","unknown","Unit not classified by catalogue."
"csv\pdcch_trials.csv","GrantControlState","unknown","Unit not classified by catalogue."
"csv\pdcch_trials.csv","ControlDecodeOk","unknown","Unit not classified by catalogue."
"csv\pdcch_trials.csv","GrantFrame","unknown","Unit not classified by catalogue."
"csv\pdcch_trials.csv","GrantSlot","unknown","Unit not classified by catalogue."
"csv\pdcch_trials.csv","ControlFrame","unknown","Unit not classified by catalogue."
"csv\pdcch_trials.csv","ControlSlot","unknown","Unit not classified by catalogue."
"csv\pdcch_trials.csv","ScheduledAbsoluteSlot","unknown","Unit not classified by catalogue."
"csv\pdcch_trials.csv","K2Slots","unknown","Unit not classified by catalogue."
"csv\pdcch_trials.csv","LastSuccessfulSRSSlot","unknown","Unit not classified by catalogue."
"csv\pdcch_trials.csv","SRSAgeSlots","unknown","Unit not classified by catalogue."
"csv\pdcch_trials.csv","GrantBindingRequired","unknown","Unit not classified by catalogue."
"csv\pdcch_trials.csv","GrantBindingOk","unknown","Unit not classified by catalogue."
"csv\pdcch_trials.csv","GrantBindingStatus","us","Time duration in microseconds."
"csv\pdcch_trials.csv","GrantFieldsHash","unknown","Unit not classified by catalogue."
"csv\pdcch_trials.csv","GrantSearchSpaceId","unknown","Unit not classified by catalogue."
"csv\pdcch_trials.csv","GrantCORESETId","unknown","Unit not classified by catalogue."
"csv\pdcch_trials.csv","SignalFamily","unknown","Unit not classified by catalogue."
"csv\pdcch_trials.csv","DecodeSuccess","unknown","Unit not classified by catalogue."
"csv\pdcch_trials.csv","SuccessFlag","unknown","Unit not classified by catalogue."
"csv\pdcch_trials.csv","FailureFlag","unknown","Unit not classified by catalogue."
"csv\pdcch_trials.csv","ControlObservationAvailable","unknown","Unit not classified by catalogue."
"csv\pdcch_trials.csv","ValueSource","unknown","Unit not classified by catalogue."
"csv\pdcch_trials.csv","ValueRole","unknown","Unit not classified by catalogue."
"csv\pdcch_trials.csv","ValueStatus","us","Time duration in microseconds."
"csv\pdcch_trials.csv","ValueDefinition","unknown","Unit not classified by catalogue."
"csv\pdcch_trials.csv","FinalizedFlag","unknown","Unit not classified by catalogue."
"csv\pdcch_trials.csv","PlaceholderFlag","unknown","Unit not classified by catalogue."
"csv\pdcch_trials.csv","FallbackFlag","unknown","Unit not classified by catalogue."
"csv\pdcch_trials.csv","NAReason","unknown","Unit not classified by catalogue."
"csv\pdcch_trials.csv","RunID","unknown","Unit not classified by catalogue."
"csv\pdcch_trials.csv","ScenarioID","index","Protocol/table index."
"csv\pdcch_trials.csv","ConfigHash","unknown","Unit not classified by catalogue."
"csv\pdcch_trials.csv","SourceArtifact","unknown","Unit not classified by catalogue."
"csv\pdcch_trials.csv","SourceTable","unknown","Unit not classified by catalogue."
"csv\pdcch_trials.csv","ArtifactClass","unknown","Unit not classified by catalogue."
"csv\pdcch_trials.csv","SemanticState","unknown","Unit not classified by catalogue."
"csv\pdcch_trials.csv","DecoderTruthProxySINRValueRole","dB","Log-domain radio metric."
"csv\pdcch_trials.csv","DecoderTruthProxySINRValueStatus","dB","Log-domain radio metric."
"csv\pdcch_trials.csv","DecoderTruthProxySINRNAReason","dB","Log-domain radio metric."
"csv\prach_trials.csv","Direction","unknown","Unit not classified by catalogue."
"csv\prach_trials.csv","SNR_dB","dB","Log-domain radio metric."
"csv\prach_trials.csv","Seed","unknown","Unit not classified by catalogue."
"csv\prach_trials.csv","Frame","unknown","Unit not classified by catalogue."
"csv\prach_trials.csv","Slot","unknown","Unit not classified by catalogue."
"csv\prach_trials.csv","MCS","index","Protocol/table index."
"csv\prach_trials.csv","Modulation","unknown","Unit not classified by catalogue."
"csv\prach_trials.csv","TargetCodeRate","ratio","Unitless ratio/probability."
"csv\prach_trials.csv","PRBStart","unknown","Unit not classified by catalogue."
"csv\prach_trials.csv","ChannelModel","unknown","Unit not classified by catalogue."
"csv\prach_trials.csv","ChannelFadingApplied","unknown","Unit not classified by catalogue."
"csv\prach_trials.csv","DopplerHz","Hz","Frequency in hertz."
"csv\prach_trials.csv","CRCPass","unknown","Unit not classified by catalogue."
"csv\prach_trials.csv","CRCApplicable","unknown","Unit not classified by catalogue."
"csv\prach_trials.csv","CRCOutcome","unknown","Unit not classified by catalogue."
"csv\prach_trials.csv","UCIContentMatch","unknown","Unit not classified by catalogue."
"csv\prach_trials.csv","UCICRCApplicable","unknown","Unit not classified by catalogue."
"csv\prach_trials.csv","FormatAdapted","unknown","Unit not classified by catalogue."
"csv\prach_trials.csv","ControlResourceValidity","unknown","Unit not classified by catalogue."
"csv\prach_trials.csv","ReceiverHestSINRApplicable","dB","Log-domain radio metric."
"csv\prach_trials.csv","NMSE_dB","dB","Log-domain radio metric."
"csv\prach_trials.csv","NMSEReferenceSource","unknown","Unit not classified by catalogue."
"csv\prach_trials.csv","TrueChannelOracleAvailable","unknown","Unit not classified by catalogue."
"csv\prach_trials.csv","DetectionMetric","index","Protocol/table index."
"csv\prach_trials.csv","DetectionThreshold","unknown","Unit not classified by catalogue."
"csv\prach_trials.csv","RxAntennaCount","count","Count."
"csv\prach_trials.csv","PDPAverageNoiseFloor","unknown","Unit not classified by catalogue."
"csv\prach_trials.csv","PeakToThresholdRatio","unknown","Unit not classified by catalogue."
"csv\prach_trials.csv","PeakToNoiseRatio","unknown","Unit not classified by catalogue."
"csv\prach_trials.csv","PeakToNoiseRatio_dB","dB","Log-domain radio metric."
"csv\prach_trials.csv","CandidateCount","count","Count."
"csv\prach_trials.csv","CandidatesAboveThreshold","unknown","Unit not classified by catalogue."
"csv\prach_trials.csv","ThresholdBackgroundComponent","unknown","Unit not classified by catalogue."
"csv\prach_trials.csv","DetectorPeakLagSamples","samples","Discrete sample count or offset."
"csv\prach_trials.csv","CorrelationPeak","unknown","Unit not classified by catalogue."
"csv\prach_trials.csv","MissedDetection","unknown","Unit not classified by catalogue."
"csv\prach_trials.csv","FalseAlarm","unknown","Unit not classified by catalogue."
"csv\prach_trials.csv","DTXFlag","unknown","Unit not classified by catalogue."
"csv\prach_trials.csv","PreambleIndex","index","Protocol/table index."
"csv\prach_trials.csv","RequestedPreambleIndex","index","Protocol/table index."
"csv\prach_trials.csv","DetectedPreambleIndex","index","Protocol/table index."
"csv\prach_trials.csv","PreambleIndexFromPeak","index","Protocol/table index."
"csv\prach_trials.csv","RAProcedureType","unknown","Unit not classified by catalogue."
"csv\prach_trials.csv","RABindingSource","unknown","Unit not classified by catalogue."
"csv\prach_trials.csv","RACHConfigHash","unknown","Unit not classified by catalogue."
"csv\prach_trials.csv","RARunId","unknown","Unit not classified by catalogue."
"csv\prach_trials.csv","RAScenarioName","index","Protocol/table index."
"csv\prach_trials.csv","RACellId","unknown","Unit not classified by catalogue."
"csv\prach_trials.csv","RAUEId","unknown","Unit not classified by catalogue."
"csv\prach_trials.csv","RAAttemptId","unknown","Unit not classified by catalogue."
"csv\prach_trials.csv","PreambleIndexTx","index","Protocol/table index."
"csv\prach_trials.csv","PreambleIndexDetected","index","Protocol/table index."
"csv\prach_trials.csv","PreambleDetectionMetric","index","Protocol/table index."
"csv\prach_trials.csv","PreambleDetectionThreshold","unknown","Unit not classified by catalogue."
"csv\prach_trials.csv","PreambleDetected","unknown","Unit not classified by catalogue."
"csv\prach_trials.csv","CollisionDetected","unknown","Unit not classified by catalogue."
"csv\prach_trials.csv","CollisionFlag","unknown","Unit not classified by catalogue."
"csv\prach_trials.csv","PreambleAmbiguityDetected","unknown","Unit not classified by catalogue."
"csv\prach_trials.csv","PreambleReceivedTargetPower_dBm","dBm","Absolute power in dBm."
"csv\prach_trials.csv","PowerRampingStep_dB","dB","Log-domain radio metric."
"csv\prach_trials.csv","PreambleTransMax","unknown","Unit not classified by catalogue."
"csv\prach_trials.csv","PreambleAttemptNumber","ratio","Unitless ratio/probability."
"csv\prach_trials.csv","PowerPathloss_dB","dB","Log-domain radio metric."
"csv\prach_trials.csv","PowerBasePathloss_dB","dB","Log-domain radio metric."
"csv\prach_trials.csv","PowerPathlossSource","unknown","Unit not classified by catalogue."
"csv\prach_trials.csv","ReferenceTxPower_dBm","dBm","Absolute power in dBm."
"csv\prach_trials.csv","PreambleDelta_dB","dB","Log-domain radio metric."
"csv\prach_trials.csv","PreambleTargetReceivedPower_dBm","dBm","Absolute power in dBm."
"csv\prach_trials.csv","PreambleRequestedTxPower_dBm","dBm","Absolute power in dBm."
"csv\prach_trials.csv","PreambleTxPower_dBm","dBm","Absolute power in dBm."
"csv\prach_trials.csv","PreamblePowerHeadroom_dB","dB","Log-domain radio metric."
"csv\prach_trials.csv","PreambleTxAmplitudeScale","unknown","Unit not classified by catalogue."
"csv\prach_trials.csv","PowerControlStatus","us","Time duration in microseconds."
"csv\prach_trials.csv","P0PUSCH_dBm","dBm","Absolute power in dBm."
"csv\prach_trials.csv","AlphaPUSCH","unknown","Unit not classified by catalogue."
"csv\prach_trials.csv","Pcmax_dBm","dBm","Absolute power in dBm."
"csv\prach_trials.csv","Msg3Pathloss_dB","dB","Log-domain radio metric."
"csv\prach_trials.csv","Msg3P0PUSCH_dBm","dBm","Absolute power in dBm."
"csv\prach_trials.csv","Msg3Alpha","unknown","Unit not classified by catalogue."
"csv\prach_trials.csv","Msg3NumPRBForPower","unknown","Unit not classified by catalogue."
"csv\prach_trials.csv","Msg3DeltaTF_dB","dB","Log-domain radio metric."
"csv\prach_trials.csv","Msg3ClosedLoopCorrection_dB","dB","Log-domain radio metric."
"csv\prach_trials.csv","Msg3RequestedTxPower_dBm","dBm","Absolute power in dBm."
"csv\prach_trials.csv","Msg3TxPower_dBm","dBm","Absolute power in dBm."
"csv\prach_trials.csv","Msg3PowerHeadroom_dB","dB","Log-domain radio metric."
"csv\prach_trials.csv","Msg3TxAmplitudeScale","unknown","Unit not classified by catalogue."
"csv\prach_trials.csv","DownlinkTxPower_dBm","dBm","Absolute power in dBm."
"csv\prach_trials.csv","DownlinkTxPowerSource","unknown","Unit not classified by catalogue."
"csv\prach_trials.csv","Msg2TxPower_dBm","dBm","Absolute power in dBm."
"csv\prach_trials.csv","Msg2TxAmplitudeScale","unknown","Unit not classified by catalogue."
"csv\prach_trials.csv","Msg4TxPower_dBm","dBm","Absolute power in dBm."
"csv\prach_trials.csv","Msg4TxAmplitudeScale","unknown","Unit not classified by catalogue."
"csv\prach_trials.csv","TimingAdvanceCommand","unknown","Unit not classified by catalogue."
"csv\prach_trials.csv","RARNTI","unknown","Unit not classified by catalogue."
"csv\prach_trials.csv","RAResponseWindowStartSlot","unknown","Unit not classified by catalogue."
"csv\prach_trials.csv","RAResponseWindowEndSlot","unknown","Unit not classified by catalogue."
"csv\prach_trials.csv","RARWindowExpired","unknown","Unit not classified by catalogue."
"csv\prach_trials.csv","Msg2PDCCHCandidatesAttempted","unknown","Unit not classified by catalogue."
"csv\prach_trials.csv","Msg2RARNTIDetected","unknown","Unit not classified by catalogue."
"csv\prach_trials.csv","Msg2DCICrcPass","unknown","Unit not classified by catalogue."
"csv\prach_trials.csv","Msg2DCIFormat","unknown","Unit not classified by catalogue."
"csv\prach_trials.csv","Msg2PDSCHCrcPass","unknown","Unit not classified by catalogue."
"csv\prach_trials.csv","Msg2PDSCHNumLayers","unknown","Unit not classified by catalogue."
"csv\prach_trials.csv","Msg2PDSCHConfiguredNumPorts","unknown","Unit not classified by catalogue."
"csv\prach_trials.csv","Msg2PDSCHResolvedNumPorts","unknown","Unit not classified by catalogue."
"csv\prach_trials.csv","Msg2PDSCHExplicitMatrixPresent","index","Protocol/table index."
"csv\prach_trials.csv","Msg2PDSCHPrecodingActive","unknown","Unit not classified by catalogue."
"csv\prach_trials.csv","Msg2PDSCHPrecodingMode","unknown","Unit not classified by catalogue."
"csv\prach_trials.csv","Msg2PDSCHPrecodingSource","unknown","Unit not classified by catalogue."
"csv\prach_trials.csv","Msg2TimingEstimateUsed","unknown","Unit not classified by catalogue."
"csv\prach_trials.csv","Msg2AppliedTimingCorrection_samples","samples","Discrete sample count or offset."
"csv\prach_trials.csv","Msg2TimingEstimateSource","unknown","Unit not classified by catalogue."
"csv\prach_trials.csv","Msg2PostEqSINR_dB","dB","Log-domain radio metric."
"csv\prach_trials.csv","Msg2ReceiverHestSINR_dB","dB","Log-domain radio metric."
"csv\prach_trials.csv","Msg2PreEqualizationNoiseVar","unknown","Unit not classified by catalogue."
"csv\prach_trials.csv","Msg2DecoderNoiseVar","unknown","Unit not classified by catalogue."
"csv\prach_trials.csv","Msg2ChannelEstimateAvailable","unknown","Unit not classified by catalogue."
"csv\prach_trials.csv","Msg2ChannelEstimateMethod","unknown","Unit not classified by catalogue."
"csv\prach_trials.csv","Msg2ChannelEstimatePilotResidualNMSE_dB","dB","Log-domain radio metric."
"csv\prach_trials.csv","Msg2EqualizationAvailable","unknown","Unit not classified by catalogue."
"csv\prach_trials.csv","Msg2LLRFinite","unknown","Unit not classified by catalogue."
"csv\prach_trials.csv","Msg2DemapperLLRCount","count","Count."
"csv\prach_trials.csv","Msg2DecoderIterations","index","Protocol/table index."
"csv\prach_trials.csv","RARBytesHex","bytes","Byte count."
"csv\prach_trials.csv","RAPIDDecoded","unknown","Unit not classified by catalogue."
"csv\prach_trials.csv","RAPIDMatches","unknown","Unit not classified by catalogue."
"csv\prach_trials.csv","TemporaryCRNTI","unknown","Unit not classified by catalogue."
"csv\prach_trials.csv","RARULGrantHex","unknown","Unit not classified by catalogue."
"csv\prach_trials.csv","RARULGrantValid","unknown","Unit not classified by catalogue."
"csv\prach_trials.csv","Msg3ScheduledSlot","unknown","Unit not classified by catalogue."
"csv\prach_trials.csv","Msg3PUSCHPRBStart","unknown","Unit not classified by catalogue."
"csv\prach_trials.csv","Msg3PUSCHNumPRB","unknown","Unit not classified by catalogue."
"csv\prach_trials.csv","Msg3PUSCHSymbolStart","unknown","Unit not classified by catalogue."
"csv\prach_trials.csv","Msg3PUSCHNumSymbols","unknown","Unit not classified by catalogue."
"csv\prach_trials.csv","Msg3MCS","index","Protocol/table index."
"csv\prach_trials.csv","Msg3Modulation","unknown","Unit not classified by catalogue."
"csv\prach_trials.csv","Msg3TBS","unknown","Unit not classified by catalogue."
"csv\prach_trials.csv","Msg3TimingAdvanceApplied","unknown","Unit not classified by catalogue."
"csv\prach_trials.csv","Msg3PUSCHCrcPass","unknown","Unit not classified by catalogue."
"csv\prach_trials.csv","Msg3PayloadHex","unknown","Unit not classified by catalogue."
"csv\prach_trials.csv","Msg3ContentionIdentity","unknown","Unit not classified by catalogue."
"csv\prach_trials.csv","Msg4ScheduledSlot","unknown","Unit not classified by catalogue."
"csv\prach_trials.csv","Msg4PDCCHCrcPass","unknown","Unit not classified by catalogue."
"csv\prach_trials.csv","Msg4PDSCHCrcPass","unknown","Unit not classified by catalogue."
"csv\prach_trials.csv","Msg4PDSCHNumLayers","unknown","Unit not classified by catalogue."
"csv\prach_trials.csv","Msg4PDSCHConfiguredNumPorts","unknown","Unit not classified by catalogue."
"csv\prach_trials.csv","Msg4PDSCHResolvedNumPorts","unknown","Unit not classified by catalogue."
"csv\prach_trials.csv","Msg4PDSCHExplicitMatrixPresent","index","Protocol/table index."
"csv\prach_trials.csv","Msg4PDSCHPrecodingActive","unknown","Unit not classified by catalogue."
"csv\prach_trials.csv","Msg4PDSCHPrecodingMode","unknown","Unit not classified by catalogue."
"csv\prach_trials.csv","Msg4PDSCHPrecodingSource","unknown","Unit not classified by catalogue."
"csv\prach_trials.csv","Msg4TimingEstimateUsed","unknown","Unit not classified by catalogue."
"csv\prach_trials.csv","Msg4AppliedTimingCorrection_samples","samples","Discrete sample count or offset."
"csv\prach_trials.csv","Msg4TimingEstimateSource","unknown","Unit not classified by catalogue."
"csv\prach_trials.csv","Msg4PostEqSINR_dB","dB","Log-domain radio metric."
"csv\prach_trials.csv","Msg4ReceiverHestSINR_dB","dB","Log-domain radio metric."
"csv\prach_trials.csv","Msg4PreEqualizationNoiseVar","unknown","Unit not classified by catalogue."
"csv\prach_trials.csv","Msg4DecoderNoiseVar","unknown","Unit not classified by catalogue."
"csv\prach_trials.csv","Msg4ChannelEstimateAvailable","unknown","Unit not classified by catalogue."
"csv\prach_trials.csv","Msg4ChannelEstimateMethod","unknown","Unit not classified by catalogue."
"csv\prach_trials.csv","Msg4ChannelEstimatePilotResidualNMSE_dB","dB","Log-domain radio metric."
"csv\prach_trials.csv","Msg4EqualizationAvailable","unknown","Unit not classified by catalogue."
"csv\prach_trials.csv","Msg4LLRFinite","unknown","Unit not classified by catalogue."
"csv\prach_trials.csv","Msg4DemapperLLRCount","count","Count."
"csv\prach_trials.csv","Msg4DecoderIterations","index","Protocol/table index."
"csv\prach_trials.csv","Msg4PayloadHex","unknown","Unit not classified by catalogue."
"csv\prach_trials.csv","Msg4ContentionIdentity","unknown","Unit not classified by catalogue."
"csv\prach_trials.csv","ContentionIdentityMatches","unknown","Unit not classified by catalogue."
"csv\prach_trials.csv","FinalCRNTI","unknown","Unit not classified by catalogue."
"csv\prach_trials.csv","RACompleted","unknown","Unit not classified by catalogue."
"csv\prach_trials.csv","RAStage","unknown","Unit not classified by catalogue."
"csv\prach_trials.csv","ProxyUsed","unknown","Unit not classified by catalogue."
"csv\prach_trials.csv","Skipped","unknown","Unit not classified by catalogue."
"csv\prach_trials.csv","ToolboxMissing","unknown","Unit not classified by catalogue."
"csv\prach_trials.csv","UsedOracleFields","unknown","Unit not classified by catalogue."
"csv\prach_trials.csv","FullRAEvidenceSource","unknown","Unit not classified by catalogue."
"csv\prach_trials.csv","FullRAArtifactRunFolder","unknown","Unit not classified by catalogue."
"csv\prach_trials.csv","RuntimeIntegrationMode","unknown","Unit not classified by catalogue."
"csv\prach_trials.csv","RuntimeTransportMode","unknown","Unit not classified by catalogue."
"csv\prach_trials.csv","RuntimeStageWaveformsRequired","unknown","Unit not classified by catalogue."
"csv\prach_trials.csv","RuntimeStageWaveformsUsed","unknown","Unit not classified by catalogue."
"csv\prach_trials.csv","RuntimeSelfLoopWaveformsUsed","unknown","Unit not classified by catalogue."
"csv\prach_trials.csv","RuntimeChannelStateUsed","unknown","Unit not classified by catalogue."
"csv\prach_trials.csv","RuntimeNoiseApplied","unknown","Unit not classified by catalogue."
"csv\prach_trials.csv","RuntimeNoiseVarianceMean","index","Protocol/table index."
"csv\prach_trials.csv","RuntimeChannelLinkKeys","unknown","Unit not classified by catalogue."
"csv\prach_trials.csv","RuntimeStageCount","count","Count."
"csv\prach_trials.csv","MeasuredSINR_dB","dB","Log-domain radio metric."
"csv\prach_trials.csv","ReceiverHestSINR_dB","dB","Log-domain radio metric."
"csv\prach_trials.csv","ReceiverHestSINRSource","dB","Log-domain radio metric."
"csv\prach_trials.csv","ReceiverHestSINRValueRole","dB","Log-domain radio metric."
"csv\prach_trials.csv","ReceiverHestSINRValueStatus","dB","Log-domain radio metric."
"csv\prach_trials.csv","ReceiverHestSINRNAReason","dB","Log-domain radio metric."
"csv\prach_trials.csv","PostEqSINR_dB","dB","Log-domain radio metric."
"csv\prach_trials.csv","PostEqSINRSource","dB","Log-domain radio metric."
"csv\prach_trials.csv","PostEqSINRValueRole","dB","Log-domain radio metric."
"csv\prach_trials.csv","PostEqSINRValueStatus","dB","Log-domain radio metric."
"csv\prach_trials.csv","PostEqSINRNAReason","dB","Log-domain radio metric."
"csv\prach_trials.csv","PostEqSINRPerLayer_dB","dB","Log-domain radio metric."
"csv\prach_trials.csv","MeasuredTrialSINR_dB","dB","Log-domain radio metric."
"csv\prach_trials.csv","MeasuredTrialSINRSource","dB","Log-domain radio metric."
"csv\prach_trials.csv","MeasuredTrialSINRValueRole","dB","Log-domain radio metric."
"csv\prach_trials.csv","MeasuredTrialSINRValueStatus","dB","Log-domain radio metric."
"csv\prach_trials.csv","MeasuredTrialSINRNAReason","dB","Log-domain radio metric."
"csv\prach_trials.csv","DecoderTruthProxySINR_dB","dB","Log-domain radio metric."
"csv\prach_trials.csv","DecoderTruthProxySINRSource","dB","Log-domain radio metric."
"csv\prach_trials.csv","SINRValueRole","dB","Log-domain radio metric."
"csv\prach_trials.csv","SINRSource","dB","Log-domain radio metric."
"csv\prach_trials.csv","SINRValueStatus","dB","Log-domain radio metric."
"csv\prach_trials.csv","SINRValueDefinition","dB","Log-domain radio metric."
"csv\prach_trials.csv","WidebandCQI","index","Protocol/table index."
"csv\prach_trials.csv","CQIDerivedMCS","index","Protocol/table index."
"csv\prach_trials.csv","CQIDerivedModulation","index","Protocol/table index."
"csv\prach_trials.csv","CQIDerivedTargetCodeRate","ratio","Unitless ratio/probability."
"csv\prach_trials.csv","CQISource","index","Protocol/table index."
"csv\prach_trials.csv","MCSSelectionSource","index","Protocol/table index."
"csv\prach_trials.csv","MCSValueStatus","us","Time duration in microseconds."
"csv\prach_trials.csv","OuterLoopEnabled","unknown","Unit not classified by catalogue."
"csv\prach_trials.csv","InnerLoopEnabled","unknown","Unit not classified by catalogue."
"csv\prach_trials.csv","OuterLoopApplied","unknown","Unit not classified by catalogue."
"csv\prach_trials.csv","InnerLoopApplied","unknown","Unit not classified by catalogue."
"csv\prach_trials.csv","CalibrationProfile","unknown","Unit not classified by catalogue."
"csv\prach_trials.csv","RankDowngradeApplied","unknown","Unit not classified by catalogue."
"csv\prach_trials.csv","MUMIMOEnabled","unknown","Unit not classified by catalogue."
"csv\prach_trials.csv","PrecoderSource","unknown","Unit not classified by catalogue."
"csv\prach_trials.csv","PrecodingMode","unknown","Unit not classified by catalogue."
"csv\prach_trials.csv","PrecodingActive","unknown","Unit not classified by catalogue."
"csv\prach_trials.csv","ExplicitBeamWeightsApplied","unknown","Unit not classified by catalogue."
"csv\prach_trials.csv","TransformPrecodingApplied","unknown","Unit not classified by catalogue."
"csv\prach_trials.csv","BeamformingApplied","unknown","Unit not classified by catalogue."
"csv\prach_trials.csv","AppliedBeamIndexSet","index","Protocol/table index."
"csv\prach_trials.csv","AppliedPrecoderPMI","index","Protocol/table index."
"csv\prach_trials.csv","AppliedPrecoderPMIType","index","Protocol/table index."
"csv\prach_trials.csv","AppliedPrecoderCodebookMode","unknown","Unit not classified by catalogue."
"csv\prach_trials.csv","RequestedVsAppliedPrecoderPMIMatchStatus","us","Time duration in microseconds."
"csv\prach_trials.csv","PrecodingMatrixRows","index","Protocol/table index."
"csv\prach_trials.csv","PrecodingMatrixCols","index","Protocol/table index."
"csv\prach_trials.csv","FalseAlarmFlag","unknown","Unit not classified by catalogue."
"csv\prach_trials.csv","DCICrcPass","unknown","Unit not classified by catalogue."
"csv\prach_trials.csv","PDCCHPayloadMatch","unknown","Unit not classified by catalogue."
"csv\prach_trials.csv","PDCCHCausalGrantDecodeOk","unknown","Unit not classified by catalogue."
"csv\prach_trials.csv","PDCCHMissedDetection","unknown","Unit not classified by catalogue."
"csv\prach_trials.csv","PDCCHFalseAlarm","unknown","Unit not classified by catalogue."
"csv\prach_trials.csv","GrantValid","unknown","Unit not classified by catalogue."
"csv\prach_trials.csv","NegativeExpectedOk","unknown","Unit not classified by catalogue."
"csv\prach_trials.csv","PDCCHBlindSearchEnabled","unknown","Unit not classified by catalogue."
"csv\prach_trials.csv","PDCCHREGMappingAvailable","unknown","Unit not classified by catalogue."
"csv\prach_trials.csv","ServingRxPower_dBm","dBm","Absolute power in dBm."
"csv\prach_trials.csv","NoiseVarStatus","us","Time duration in microseconds."
"csv\prach_trials.csv","NoiseVarSource","unknown","Unit not classified by catalogue."
"csv\prach_trials.csv","NoiseVarStrictFailure","index","Protocol/table index."
"csv\prach_trials.csv","ReceiverUsable","unknown","Unit not classified by catalogue."
"csv\prach_trials.csv","DecodeAttempted","unknown","Unit not classified by catalogue."
"csv\prach_trials.csv","DecodeUsable","unknown","Unit not classified by catalogue."
"csv\prach_trials.csv","StrictReceiverEvidenceOk","index","Protocol/table index."
"csv\prach_trials.csv","StrictOk","index","Protocol/table index."
"csv\prach_trials.csv","TruthStatus","us","Time duration in microseconds."
"csv\prach_trials.csv","SourceClassification","unknown","Unit not classified by catalogue."
"csv\prach_trials.csv","RuntimeMaterializationStatus","us","Time duration in microseconds."
"csv\prach_trials.csv","ControlGatingEffect","unknown","Unit not classified by catalogue."
"csv\prach_trials.csv","RuntimeStateConsumer","unknown","Unit not classified by catalogue."
"csv\prach_trials.csv","RuntimeConsumer","unknown","Unit not classified by catalogue."
"csv\prach_trials.csv","RuntimeEvidenceSource","unknown","Unit not classified by catalogue."
"csv\prach_trials.csv","ChannelEstimateAttempted","unknown","Unit not classified by catalogue."
"csv\prach_trials.csv","ChannelEstimateAvailable","unknown","Unit not classified by catalogue."
"csv\prach_trials.csv","SRSChannelEstimateAvailable","unknown","Unit not classified by catalogue."
"csv\prach_trials.csv","ResourceExtractionAttempted","unknown","Unit not classified by catalogue."
"csv\prach_trials.csv","ResourceExtractionAvailable","unknown","Unit not classified by catalogue."
"csv\prach_trials.csv","EqualizationAttempted","unknown","Unit not classified by catalogue."
"csv\prach_trials.csv","EqualizationAvailable","unknown","Unit not classified by catalogue."
"csv\prach_trials.csv","DLSCHDecodeAttempted","unknown","Unit not classified by catalogue."
"csv\prach_trials.csv","DLSCHDecodeAvailable","unknown","Unit not classified by catalogue."
"csv\prach_trials.csv","ULSCHDecodeAttempted","unknown","Unit not classified by catalogue."
"csv\prach_trials.csv","ULSCHDecodeAvailable","unknown","Unit not classified by catalogue."
"csv\prach_trials.csv","LLRAvailable","unknown","Unit not classified by catalogue."
"csv\prach_trials.csv","LLRFinite","unknown","Unit not classified by catalogue."
"csv\prach_trials.csv","PostEqSINRAvailable","dB","Log-domain radio metric."
"csv\prach_trials.csv","PostEqSINRReceiverDerived","dB","Log-domain radio metric."
"csv\prach_trials.csv","ConfiguredSNRLikeSourceRejected","unknown","Unit not classified by catalogue."
"csv\prach_trials.csv","InterferenceCovarianceAvailable","index","Protocol/table index."
"csv\prach_trials.csv","DetectionAttempted","unknown","Unit not classified by catalogue."
"csv\prach_trials.csv","DetectionSuccess","unknown","Unit not classified by catalogue."
"csv\prach_trials.csv","DetectionUsable","unknown","Unit not classified by catalogue."
"csv\prach_trials.csv","MeasurementAttempted","unknown","Unit not classified by catalogue."
"csv\prach_trials.csv","MeasurementUsable","unknown","Unit not classified by catalogue."
"csv\prach_trials.csv","SRSRuntimeEvidenceUsable","unknown","Unit not classified by catalogue."
"csv\prach_trials.csv","FailureReason","unknown","Unit not classified by catalogue."
"csv\prach_trials.csv","TimingOffset_samples","samples","Discrete sample count or offset."
"csv\prach_trials.csv","TimingAdvance_samples","samples","Discrete sample count or offset."
"csv\prach_trials.csv","TAOutOfRangeFlag","unknown","Unit not classified by catalogue."
"csv\prach_trials.csv","CFOEstimateAvailability","unknown","Unit not classified by catalogue."
"csv\prach_trials.csv","CFOErrorDefinition","unknown","Unit not classified by catalogue."
"csv\prach_trials.csv","CFOValueStatus","us","Time duration in microseconds."
"csv\prach_trials.csv","InjectedTimingOffset_samples","samples","Discrete sample count or offset."
"csv\prach_trials.csv","TimingEstimate_samples","samples","Discrete sample count or offset."
"csv\prach_trials.csv","TrueTimingOffset_samples","samples","Discrete sample count or offset."
"csv\prach_trials.csv","TimingError_samples","samples","Discrete sample count or offset."
"csv\prach_trials.csv","TimingEstimateWasClipped","unknown","Unit not classified by catalogue."
"csv\prach_trials.csv","IQImbalanceConfigured","unknown","Unit not classified by catalogue."
"csv\prach_trials.csv","IQImbalanceApplied","unknown","Unit not classified by catalogue."
"csv\prach_trials.csv","InjectedDoppler_Hz","Hz","Frequency in hertz."
"csv\prach_trials.csv","Status","us","Time duration in microseconds."
"csv\prach_trials.csv","Crash","unknown","Unit not classified by catalogue."
"csv\prach_trials.csv","LinkAdaptationApplied","unknown","Unit not classified by catalogue."
"csv\prach_trials.csv","LinkAdaptationScheduled","unknown","Unit not classified by catalogue."
"csv\prach_trials.csv","IsWarmupFrame","unknown","Unit not classified by catalogue."
"csv\prach_trials.csv","SFN","unknown","Unit not classified by catalogue."
"csv\prach_trials.csv","UEID","unknown","Unit not classified by catalogue."
"csv\prach_trials.csv","BaseStationID","unknown","Unit not classified by catalogue."
"csv\prach_trials.csv","MCSIndex","index","Protocol/table index."
"csv\prach_trials.csv","ConfiguredSNR_dB","dB","Log-domain radio metric."
"csv\prach_trials.csv","ConfiguredSNRSource","unknown","Unit not classified by catalogue."
"csv\prach_trials.csv","SNRValueRole","unknown","Unit not classified by catalogue."
"csv\prach_trials.csv","AppliedAWGNSNR_dB","dB","Log-domain radio metric."
"csv\prach_trials.csv","LargeScaleSINR_dB","dB","Log-domain radio metric."
"csv\prach_trials.csv","ServingRSRP_dBm","dB","Log-domain radio metric."
"csv\prach_trials.csv","CSI_RSRP_dB","dB","Log-domain radio metric."
"csv\prach_trials.csv","AppliedLargeScaleGain_dB","dB","Log-domain radio metric."
"csv\prach_trials.csv","TimingEstimateUsed","unknown","Unit not classified by catalogue."
"csv\prach_trials.csv","UseIdealTimingSync","unknown","Unit not classified by catalogue."
"csv\prach_trials.csv","InterfererBeamformingAppliedCount","count","Count."
"csv\prach_trials.csv","InterfererExplicitBeamWeightCount","count","Count."
"csv\prach_trials.csv","InterfererTransformPrecodingCount","count","Count."
"csv\prach_trials.csv","DopplerSourceMode","unknown","Unit not classified by catalogue."
"csv\prach_trials.csv","DopplerValueRole","unknown","Unit not classified by catalogue."
"csv\prach_trials.csv","TRSGatingActive","unknown","Unit not classified by catalogue."
"csv\prach_trials.csv","TrackingEligibility","unknown","Unit not classified by catalogue."
"csv\prach_trials.csv","TRSInfluencedDecision","unknown","Unit not classified by catalogue."
"csv\prach_trials.csv","TRSReceiverIntegrationBlocker","index","Protocol/table index."
"csv\prach_trials.csv","TRSProcessed","unknown","Unit not classified by catalogue."
"csv\prach_trials.csv","TimingTrackingAttempted","unknown","Unit not classified by catalogue."
"csv\prach_trials.csv","TRSTimingEstimateAvailable","unknown","Unit not classified by catalogue."
"csv\prach_trials.csv","TRSTimingEstimateUsable","unknown","Unit not classified by catalogue."
"csv\prach_trials.csv","FrequencyTrackingAttempted","unknown","Unit not classified by catalogue."
"csv\prach_trials.csv","TRSCFOEstimateAvailable","unknown","Unit not classified by catalogue."
"csv\prach_trials.csv","TRSCFOEstimateUsable","unknown","Unit not classified by catalogue."
"csv\prach_trials.csv","ChannelEstimationAttempted","unknown","Unit not classified by catalogue."
"csv\prach_trials.csv","TRSChannelEstimateAvailable","unknown","Unit not classified by catalogue."
"csv\prach_trials.csv","TRSRuntimeEvidenceUsable","unknown","Unit not classified by catalogue."
"csv\prach_trials.csv","PDCCHGrantBindingRequired","unknown","Unit not classified by catalogue."
"csv\prach_trials.csv","PDCCHGrantBindingOk","unknown","Unit not classified by catalogue."
"csv\prach_trials.csv","GrantWorkerSafe","unknown","Unit not classified by catalogue."
"csv\prach_trials.csv","Notes","unknown","Unit not classified by catalogue."
"csv\prach_trials.csv","UEIndex","index","Protocol/table index."
"csv\prach_trials.csv","RNTI","unknown","Unit not classified by catalogue."
"csv\prach_trials.csv","TrialDirection","index","Protocol/table index."
"csv\prach_trials.csv","LinkDirection","unknown","Unit not classified by catalogue."
"csv\prach_trials.csv","GrantDirection","unknown","Unit not classified by catalogue."
"csv\prach_trials.csv","SignalFamily","unknown","Unit not classified by catalogue."
"csv\prach_trials.csv","ValueDefinition","unknown","Unit not classified by catalogue."
"csv\prach_trials.csv","DecodeSuccess","unknown","Unit not classified by catalogue."
"csv\prach_trials.csv","SuccessFlag","unknown","Unit not classified by catalogue."
"csv\prach_trials.csv","FailureFlag","unknown","Unit not classified by catalogue."
"csv\prach_trials.csv","ControlObservationAvailable","unknown","Unit not classified by catalogue."
"csv\prach_trials.csv","ValueSource","unknown","Unit not classified by catalogue."
"csv\prach_trials.csv","ValueRole","unknown","Unit not classified by catalogue."
"csv\prach_trials.csv","ValueStatus","us","Time duration in microseconds."
"csv\prach_trials.csv","FinalizedFlag","unknown","Unit not classified by catalogue."
"csv\prach_trials.csv","PlaceholderFlag","unknown","Unit not classified by catalogue."
"csv\prach_trials.csv","FallbackFlag","unknown","Unit not classified by catalogue."
"csv\prach_trials.csv","NAReason","unknown","Unit not classified by catalogue."
"csv\prach_trials.csv","RunID","unknown","Unit not classified by catalogue."
"csv\prach_trials.csv","ScenarioID","index","Protocol/table index."
"csv\prach_trials.csv","ConfigHash","unknown","Unit not classified by catalogue."
"csv\prach_trials.csv","SourceArtifact","unknown","Unit not classified by catalogue."
"csv\prach_trials.csv","SourceTable","unknown","Unit not classified by catalogue."
"csv\prach_trials.csv","ArtifactClass","unknown","Unit not classified by catalogue."
"csv\prach_trials.csv","SemanticState","unknown","Unit not classified by catalogue."
"csv\prach_trials.csv","DecoderTruthProxySINRValueRole","dB","Log-domain radio metric."
"csv\prach_trials.csv","DecoderTruthProxySINRValueStatus","dB","Log-domain radio metric."
"csv\prach_trials.csv","DecoderTruthProxySINRNAReason","dB","Log-domain radio metric."
"csv\pucch_trials.csv","Direction","unknown","Unit not classified by catalogue."
"csv\pucch_trials.csv","Frame","unknown","Unit not classified by catalogue."
"csv\pucch_trials.csv","Slot","unknown","Unit not classified by catalogue."
"csv\pucch_trials.csv","UEIndex","index","Protocol/table index."
"csv\pucch_trials.csv","UEID","unknown","Unit not classified by catalogue."
"csv\pucch_trials.csv","RNTI","unknown","Unit not classified by catalogue."
"csv\pucch_trials.csv","BaseStationID","unknown","Unit not classified by catalogue."
"csv\pucch_trials.csv","TBSize_bits","bits","Bit count."
"csv\pucch_trials.csv","ExpectedBitCount","count","Count."
"csv\pucch_trials.csv","DecodedBitCount","count","Count."
"csv\pucch_trials.csv","UCIExpectedBitVector","unknown","Unit not classified by catalogue."
"csv\pucch_trials.csv","UCIDecodedBitVector","unknown","Unit not classified by catalogue."
"csv\pucch_trials.csv","UCIBitErrorVector","unknown","Unit not classified by catalogue."
"csv\pucch_trials.csv","UCICodedBitCount","count","Count."
"csv\pucch_trials.csv","UCICRCBitCount","count","Count."
"csv\pucch_trials.csv","UCICRCApplicable","unknown","Unit not classified by catalogue."
"csv\pucch_trials.csv","BitsCompared","bits","Bit count."
"csv\pucch_trials.csv","BitErrors","unknown","Unit not classified by catalogue."
"csv\pucch_trials.csv","CRCApplicable","unknown","Unit not classified by catalogue."
"csv\pucch_trials.csv","CRCOutcome","unknown","Unit not classified by catalogue."
"csv\pucch_trials.csv","UCIContentMatch","unknown","Unit not classified by catalogue."
"csv\pucch_trials.csv","DetectionOutcome","unknown","Unit not classified by catalogue."
"csv\pucch_trials.csv","DetectionMetric","index","Protocol/table index."
"csv\pucch_trials.csv","DetectionThreshold","unknown","Unit not classified by catalogue."
"csv\pucch_trials.csv","DTXFlag","unknown","Unit not classified by catalogue."
"csv\pucch_trials.csv","AirInterfaceTTI_ms","ms","Time duration in milliseconds."
"csv\pucch_trials.csv","NoiseVariance","index","Protocol/table index."
"csv\pucch_trials.csv","NoiseVarStatus","us","Time duration in microseconds."
"csv\pucch_trials.csv","NoiseVarSource","unknown","Unit not classified by catalogue."
"csv\pucch_trials.csv","NoiseVarStrictFailure","index","Protocol/table index."
"csv\pucch_trials.csv","ReceiverUsable","unknown","Unit not classified by catalogue."
"csv\pucch_trials.csv","ChannelEstimateAttempted","unknown","Unit not classified by catalogue."
"csv\pucch_trials.csv","ChannelEstimateAvailable","unknown","Unit not classified by catalogue."
"csv\pucch_trials.csv","ChannelEstimateSource","unknown","Unit not classified by catalogue."
"csv\pucch_trials.csv","ResourceExtractionAttempted","unknown","Unit not classified by catalogue."
"csv\pucch_trials.csv","ResourceExtractionAvailable","unknown","Unit not classified by catalogue."
"csv\pucch_trials.csv","EqualizationAttempted","unknown","Unit not classified by catalogue."
"csv\pucch_trials.csv","EqualizationAvailable","unknown","Unit not classified by catalogue."
"csv\pucch_trials.csv","StrictReceiverEvidenceOk","index","Protocol/table index."
"csv\pucch_trials.csv","StrictOk","index","Protocol/table index."
"csv\pucch_trials.csv","TruthStatus","us","Time duration in microseconds."
"csv\pucch_trials.csv","DetectionAttempted","unknown","Unit not classified by catalogue."
"csv\pucch_trials.csv","DetectionUsable","unknown","Unit not classified by catalogue."
"csv\pucch_trials.csv","FailureReason","unknown","Unit not classified by catalogue."
"csv\pucch_trials.csv","ConfiguredSNR_dB","dB","Log-domain radio metric."
"csv\pucch_trials.csv","ConfiguredSNRSource","unknown","Unit not classified by catalogue."
"csv\pucch_trials.csv","SNRValueRole","unknown","Unit not classified by catalogue."
"csv\pucch_trials.csv","ReceiverHestSINR_dB","dB","Log-domain radio metric."
"csv\pucch_trials.csv","ReceiverHestSINRApplicable","dB","Log-domain radio metric."
"csv\pucch_trials.csv","ReceiverHestSINRSource","dB","Log-domain radio metric."
"csv\pucch_trials.csv","ReceiverHestSINRValueRole","dB","Log-domain radio metric."
"csv\pucch_trials.csv","ReceiverHestSINRValueStatus","dB","Log-domain radio metric."
"csv\pucch_trials.csv","ReceiverHestSINRNAReason","dB","Log-domain radio metric."
"csv\pucch_trials.csv","DecoderTruthProxySINR_dB","dB","Log-domain radio metric."
"csv\pucch_trials.csv","DecoderTruthProxySINRSource","dB","Log-domain radio metric."
"csv\pucch_trials.csv","DecoderTruthProxySINRValueRole","dB","Log-domain radio metric."
"csv\pucch_trials.csv","DecoderTruthProxySINRValueStatus","dB","Log-domain radio metric."
"csv\pucch_trials.csv","DecoderTruthProxySINRNAReason","dB","Log-domain radio metric."
"csv\pucch_trials.csv","MeasuredTrialSINR_dB","dB","Log-domain radio metric."
"csv\pucch_trials.csv","MeasuredTrialSINRSource","dB","Log-domain radio metric."
"csv\pucch_trials.csv","MeasuredTrialSINRValueRole","dB","Log-domain radio metric."
"csv\pucch_trials.csv","MeasuredTrialSINRValueStatus","dB","Log-domain radio metric."
"csv\pucch_trials.csv","MeasuredTrialSINRNAReason","dB","Log-domain radio metric."
"csv\pucch_trials.csv","MeasuredSINR_dB","dB","Log-domain radio metric."
"csv\pucch_trials.csv","SINRValueRole","dB","Log-domain radio metric."
"csv\pucch_trials.csv","SINRSource","dB","Log-domain radio metric."
"csv\pucch_trials.csv","SINRValueStatus","dB","Log-domain radio metric."
"csv\pucch_trials.csv","SINRValueDefinition","dB","Log-domain radio metric."
"csv\pucch_trials.csv","RequestedFormat","unknown","Unit not classified by catalogue."
"csv\pucch_trials.csv","ResolvedFormat","unknown","Unit not classified by catalogue."
"csv\pucch_trials.csv","PUCCHFormat","unknown","Unit not classified by catalogue."
"csv\pucch_trials.csv","FormatAdapted","unknown","Unit not classified by catalogue."
"csv\pucch_trials.csv","FormatAdaptationReason","unknown","Unit not classified by catalogue."
"csv\pucch_trials.csv","PUCCHResourceId","unknown","Unit not classified by catalogue."
"csv\pucch_trials.csv","PUCCHPRBStart","unknown","Unit not classified by catalogue."
"csv\pucch_trials.csv","PUCCHPRBCount","count","Count."
"csv\pucch_trials.csv","PUCCHSymbolStart","unknown","Unit not classified by catalogue."
"csv\pucch_trials.csv","PUCCHNumSymbols","unknown","Unit not classified by catalogue."
"csv\pucch_trials.csv","PUCCHRECount","count","Count."
"csv\pucch_trials.csv","PUCCHDMRSRECount","count","Count."
"csv\pucch_trials.csv","PUCCHExpectedBitCount","count","Count."
"csv\pucch_trials.csv","PUCCHDecodedBitCount","count","Count."
"csv\pucch_trials.csv","PUCCHControlSINR_dB","dB","Log-domain radio metric."
"csv\pucch_trials.csv","PUCCHReceiverEvidenceSource","unknown","Unit not classified by catalogue."
"csv\pucch_trials.csv","PUCCHGridHash","index","Protocol/table index."
"csv\pucch_trials.csv","PUCCHWaveformHash","unknown","Unit not classified by catalogue."
"csv\pucch_trials.csv","ChannelModel","unknown","Unit not classified by catalogue."
"csv\pucch_trials.csv","TimingEstimateUsed","unknown","Unit not classified by catalogue."
"csv\pucch_trials.csv","UseIdealTimingSync","unknown","Unit not classified by catalogue."
"csv\pucch_trials.csv","InterferenceMode","unknown","Unit not classified by catalogue."
"csv\pucch_trials.csv","InterferenceContributorCount","index","Protocol/table index."
"csv\pucch_trials.csv","FullInterfererChannelTruthUsed","unknown","Unit not classified by catalogue."
"csv\pucch_trials.csv","SourceSlot","unknown","Unit not classified by catalogue."
"csv\pucch_trials.csv","FeedbackForDirection","unknown","Unit not classified by catalogue."
"csv\pucch_trials.csv","HARQProcess","unknown","Unit not classified by catalogue."
"csv\pucch_trials.csv","UCIBitCount","count","Count."
"csv\pucch_trials.csv","PUCCHGrantId","unknown","Unit not classified by catalogue."
"csv\pucch_trials.csv","UCIType","unknown","Unit not classified by catalogue."
"csv\pucch_trials.csv","ControlResourceSource","unknown","Unit not classified by catalogue."
"csv\pucch_trials.csv","ControlResourceValidity","unknown","Unit not classified by catalogue."
"csv\pucch_trials.csv","ExpectedAck","unknown","Unit not classified by catalogue."
"csv\pucch_trials.csv","ObservedAck","unknown","Unit not classified by catalogue."
"csv\pucch_trials.csv","DecodedAck","unknown","Unit not classified by catalogue."
"csv\pucch_trials.csv","FalseAck","unknown","Unit not classified by catalogue."
"csv\pucch_trials.csv","FalseNack","unknown","Unit not classified by catalogue."
"csv\pucch_trials.csv","MissedFeedback","unknown","Unit not classified by catalogue."
"csv\pucch_trials.csv","PUCCHDecodeOk","unknown","Unit not classified by catalogue."
"csv\pucch_trials.csv","RuntimeStateUpdated","unknown","Unit not classified by catalogue."
"csv\pucch_trials.csv","RuntimeStateConsumer","unknown","Unit not classified by catalogue."
"csv\pucch_trials.csv","ControlStateChanged","unknown","Unit not classified by catalogue."
"csv\pucch_trials.csv","StateChangeApplied","unknown","Unit not classified by catalogue."
"csv\pucch_trials.csv","ControlStateChangeDefinition","unknown","Unit not classified by catalogue."
"csv\pucch_trials.csv","Status","us","Time duration in microseconds."
"csv\pucch_trials.csv","Crash","unknown","Unit not classified by catalogue."
"csv\pucch_trials.csv","Notes","unknown","Unit not classified by catalogue."
"csv\pucch_trials.csv","SignalFamily","unknown","Unit not classified by catalogue."
"csv\pucch_trials.csv","SourceClassification","unknown","Unit not classified by catalogue."
"csv\pucch_trials.csv","RuntimeMaterializationStatus","us","Time duration in microseconds."
"csv\pucch_trials.csv","ControlGatingEffect","unknown","Unit not classified by catalogue."
"csv\pucch_trials.csv","RuntimeConsumer","unknown","Unit not classified by catalogue."
"csv\pucch_trials.csv","DecodeSuccess","unknown","Unit not classified by catalogue."
"csv\pucch_trials.csv","SuccessFlag","unknown","Unit not classified by catalogue."
"csv\pucch_trials.csv","FailureFlag","unknown","Unit not classified by catalogue."
"csv\pucch_trials.csv","ControlObservationAvailable","unknown","Unit not classified by catalogue."
"csv\pucch_trials.csv","ValueSource","unknown","Unit not classified by catalogue."
"csv\pucch_trials.csv","ValueRole","unknown","Unit not classified by catalogue."
"csv\pucch_trials.csv","ValueStatus","us","Time duration in microseconds."
"csv\pucch_trials.csv","ValueDefinition","unknown","Unit not classified by catalogue."
"csv\pucch_trials.csv","FinalizedFlag","unknown","Unit not classified by catalogue."
"csv\pucch_trials.csv","PlaceholderFlag","unknown","Unit not classified by catalogue."
"csv\pucch_trials.csv","FallbackFlag","unknown","Unit not classified by catalogue."
"csv\pucch_trials.csv","NAReason","unknown","Unit not classified by catalogue."
"csv\pucch_trials.csv","RunID","unknown","Unit not classified by catalogue."
"csv\pucch_trials.csv","ScenarioID","index","Protocol/table index."
"csv\pucch_trials.csv","ConfigHash","unknown","Unit not classified by catalogue."
"csv\pucch_trials.csv","SourceArtifact","unknown","Unit not classified by catalogue."
"csv\pucch_trials.csv","SourceTable","unknown","Unit not classified by catalogue."
"csv\pucch_trials.csv","ArtifactClass","unknown","Unit not classified by catalogue."
"csv\pucch_trials.csv","SemanticState","unknown","Unit not classified by catalogue."
"csv\pucch_trials.csv","TrialDirection","index","Protocol/table index."
"csv\pucch_trials.csv","LinkDirection","unknown","Unit not classified by catalogue."
"csv\pucch_trials.csv","GrantDirection","unknown","Unit not classified by catalogue."
"csv\srs_trials.csv","Direction","unknown","Unit not classified by catalogue."
"csv\srs_trials.csv","SNR_dB","dB","Log-domain radio metric."
"csv\srs_trials.csv","Seed","unknown","Unit not classified by catalogue."
"csv\srs_trials.csv","Frame","unknown","Unit not classified by catalogue."
"csv\srs_trials.csv","Slot","unknown","Unit not classified by catalogue."
"csv\srs_trials.csv","MCS","index","Protocol/table index."
"csv\srs_trials.csv","Modulation","unknown","Unit not classified by catalogue."
"csv\srs_trials.csv","TargetCodeRate","ratio","Unitless ratio/probability."
"csv\srs_trials.csv","PRBStart","unknown","Unit not classified by catalogue."
"csv\srs_trials.csv","ChannelModel","unknown","Unit not classified by catalogue."
"csv\srs_trials.csv","ChannelModelApplied","unknown","Unit not classified by catalogue."
"csv\srs_trials.csv","ChannelFadingApplied","unknown","Unit not classified by catalogue."
"csv\srs_trials.csv","DopplerHz","Hz","Frequency in hertz."
"csv\srs_trials.csv","CRCApplicable","unknown","Unit not classified by catalogue."
"csv\srs_trials.csv","CRCOutcome","unknown","Unit not classified by catalogue."
"csv\srs_trials.csv","UCIContentMatch","unknown","Unit not classified by catalogue."
"csv\srs_trials.csv","UCICRCApplicable","unknown","Unit not classified by catalogue."
"csv\srs_trials.csv","FormatAdapted","unknown","Unit not classified by catalogue."
"csv\srs_trials.csv","ControlResourceValidity","unknown","Unit not classified by catalogue."
"csv\srs_trials.csv","ReceiverHestSINRApplicable","dB","Log-domain radio metric."
"csv\srs_trials.csv","NMSE_dB","dB","Log-domain radio metric."
"csv\srs_trials.csv","NMSEReferenceSource","unknown","Unit not classified by catalogue."
"csv\srs_trials.csv","TrueChannelOracleAvailable","unknown","Unit not classified by catalogue."
"csv\srs_trials.csv","TrueChannelNMSE_dB","dB","Log-domain radio metric."
"csv\srs_trials.csv","ChannelNMSEThreshold_dB","dB","Log-domain radio metric."
"csv\srs_trials.csv","DetectionMetric","index","Protocol/table index."
"csv\srs_trials.csv","DetectionThreshold","unknown","Unit not classified by catalogue."
"csv\srs_trials.csv","CandidateCount","count","Count."
"csv\srs_trials.csv","MissedDetection","unknown","Unit not classified by catalogue."
"csv\srs_trials.csv","FalseAlarm","unknown","Unit not classified by catalogue."
"csv\srs_trials.csv","DTXFlag","unknown","Unit not classified by catalogue."
"csv\srs_trials.csv","PreambleIndex","index","Protocol/table index."
"csv\srs_trials.csv","RequestedPreambleIndex","index","Protocol/table index."
"csv\srs_trials.csv","DetectedPreambleIndex","index","Protocol/table index."
"csv\srs_trials.csv","PreambleIndexFromPeak","index","Protocol/table index."
"csv\srs_trials.csv","PreambleIndexTx","index","Protocol/table index."
"csv\srs_trials.csv","PreambleIndexDetected","index","Protocol/table index."
"csv\srs_trials.csv","PreambleDetected","unknown","Unit not classified by catalogue."
"csv\srs_trials.csv","CollisionDetected","unknown","Unit not classified by catalogue."
"csv\srs_trials.csv","PreambleAmbiguityDetected","unknown","Unit not classified by catalogue."
"csv\srs_trials.csv","PowerPathloss_dB","dB","Log-domain radio metric."
"csv\srs_trials.csv","DownlinkTxPower_dBm","dBm","Absolute power in dBm."
"csv\srs_trials.csv","RARNTI","unknown","Unit not classified by catalogue."
"csv\srs_trials.csv","RARWindowExpired","unknown","Unit not classified by catalogue."
"csv\srs_trials.csv","Msg2RARNTIDetected","unknown","Unit not classified by catalogue."
"csv\srs_trials.csv","Msg2DCICrcPass","unknown","Unit not classified by catalogue."
"csv\srs_trials.csv","Msg2PDSCHCrcPass","unknown","Unit not classified by catalogue."
"csv\srs_trials.csv","Msg2PDSCHExplicitMatrixPresent","index","Protocol/table index."
"csv\srs_trials.csv","Msg2PDSCHPrecodingActive","unknown","Unit not classified by catalogue."
"csv\srs_trials.csv","Msg2TimingEstimateUsed","unknown","Unit not classified by catalogue."
"csv\srs_trials.csv","Msg2ChannelEstimateAvailable","unknown","Unit not classified by catalogue."
"csv\srs_trials.csv","Msg2EqualizationAvailable","unknown","Unit not classified by catalogue."
"csv\srs_trials.csv","Msg2LLRFinite","unknown","Unit not classified by catalogue."
"csv\srs_trials.csv","RAPIDMatches","unknown","Unit not classified by catalogue."
"csv\srs_trials.csv","RARULGrantValid","unknown","Unit not classified by catalogue."
"csv\srs_trials.csv","Msg3TimingAdvanceApplied","unknown","Unit not classified by catalogue."
"csv\srs_trials.csv","Msg3PUSCHCrcPass","unknown","Unit not classified by catalogue."
"csv\srs_trials.csv","Msg4PDCCHCrcPass","unknown","Unit not classified by catalogue."
"csv\srs_trials.csv","Msg4PDSCHCrcPass","unknown","Unit not classified by catalogue."
"csv\srs_trials.csv","Msg4PDSCHExplicitMatrixPresent","index","Protocol/table index."
"csv\srs_trials.csv","Msg4PDSCHPrecodingActive","unknown","Unit not classified by catalogue."
"csv\srs_trials.csv","Msg4TimingEstimateUsed","unknown","Unit not classified by catalogue."
"csv\srs_trials.csv","Msg4ChannelEstimateAvailable","unknown","Unit not classified by catalogue."
"csv\srs_trials.csv","Msg4EqualizationAvailable","unknown","Unit not classified by catalogue."
"csv\srs_trials.csv","Msg4LLRFinite","unknown","Unit not classified by catalogue."
"csv\srs_trials.csv","ContentionIdentityMatches","unknown","Unit not classified by catalogue."
"csv\srs_trials.csv","RACompleted","unknown","Unit not classified by catalogue."
"csv\srs_trials.csv","ProxyUsed","unknown","Unit not classified by catalogue."
"csv\srs_trials.csv","Skipped","unknown","Unit not classified by catalogue."
"csv\srs_trials.csv","ToolboxMissing","unknown","Unit not classified by catalogue."
"csv\srs_trials.csv","UsedOracleFields","unknown","Unit not classified by catalogue."
"csv\srs_trials.csv","RuntimeStageWaveformsRequired","unknown","Unit not classified by catalogue."
"csv\srs_trials.csv","RuntimeStageWaveformsUsed","unknown","Unit not classified by catalogue."
"csv\srs_trials.csv","RuntimeSelfLoopWaveformsUsed","unknown","Unit not classified by catalogue."
"csv\srs_trials.csv","RuntimeChannelStateUsed","unknown","Unit not classified by catalogue."
"csv\srs_trials.csv","RuntimeNoiseApplied","unknown","Unit not classified by catalogue."
"csv\srs_trials.csv","MeasuredSINR_dB","dB","Log-domain radio metric."
"csv\srs_trials.csv","ReceiverHestSINR_dB","dB","Log-domain radio metric."
"csv\srs_trials.csv","ReceiverHestSINRSource","dB","Log-domain radio metric."
"csv\srs_trials.csv","ReceiverHestSINRValueRole","dB","Log-domain radio metric."
"csv\srs_trials.csv","ReceiverHestSINRValueStatus","dB","Log-domain radio metric."
"csv\srs_trials.csv","ReceiverHestSINRNAReason","dB","Log-domain radio metric."
"csv\srs_trials.csv","PostEqSINR_dB","dB","Log-domain radio metric."
"csv\srs_trials.csv","PostEqSINRSource","dB","Log-domain radio metric."
"csv\srs_trials.csv","PostEqSINRValueRole","dB","Log-domain radio metric."
"csv\srs_trials.csv","PostEqSINRValueStatus","dB","Log-domain radio metric."
"csv\srs_trials.csv","PostEqSINRNAReason","dB","Log-domain radio metric."
"csv\srs_trials.csv","PostEqSINRPerLayer_dB","dB","Log-domain radio metric."
"csv\srs_trials.csv","MeasuredTrialSINR_dB","dB","Log-domain radio metric."
"csv\srs_trials.csv","MeasuredTrialSINRSource","dB","Log-domain radio metric."
"csv\srs_trials.csv","MeasuredTrialSINRValueRole","dB","Log-domain radio metric."
"csv\srs_trials.csv","MeasuredTrialSINRValueStatus","dB","Log-domain radio metric."
"csv\srs_trials.csv","MeasuredTrialSINRNAReason","dB","Log-domain radio metric."
"csv\srs_trials.csv","DecoderTruthProxySINR_dB","dB","Log-domain radio metric."
"csv\srs_trials.csv","DecoderTruthProxySINRSource","dB","Log-domain radio metric."
"csv\srs_trials.csv","SINRValueRole","dB","Log-domain radio metric."
"csv\srs_trials.csv","SINRSource","dB","Log-domain radio metric."
"csv\srs_trials.csv","SINRValueStatus","dB","Log-domain radio metric."
"csv\srs_trials.csv","SINRValueDefinition","dB","Log-domain radio metric."
"csv\srs_trials.csv","WidebandCQI","index","Protocol/table index."
"csv\srs_trials.csv","CQIDerivedMCS","index","Protocol/table index."
"csv\srs_trials.csv","CQIDerivedModulation","index","Protocol/table index."
"csv\srs_trials.csv","CQIDerivedTargetCodeRate","ratio","Unitless ratio/probability."
"csv\srs_trials.csv","CQISource","index","Protocol/table index."
"csv\srs_trials.csv","MCSSelectionSource","index","Protocol/table index."
"csv\srs_trials.csv","MCSValueStatus","us","Time duration in microseconds."
"csv\srs_trials.csv","OuterLoopEnabled","unknown","Unit not classified by catalogue."
"csv\srs_trials.csv","InnerLoopEnabled","unknown","Unit not classified by catalogue."
"csv\srs_trials.csv","OuterLoopApplied","unknown","Unit not classified by catalogue."
"csv\srs_trials.csv","InnerLoopApplied","unknown","Unit not classified by catalogue."
"csv\srs_trials.csv","CalibrationProfile","unknown","Unit not classified by catalogue."
"csv\srs_trials.csv","RankIndicator","unknown","Unit not classified by catalogue."
"csv\srs_trials.csv","RankDowngradeApplied","unknown","Unit not classified by catalogue."
"csv\srs_trials.csv","MUMIMOEnabled","unknown","Unit not classified by catalogue."
"csv\srs_trials.csv","PrecoderSource","unknown","Unit not classified by catalogue."
"csv\srs_trials.csv","PrecodingMode","unknown","Unit not classified by catalogue."
"csv\srs_trials.csv","PrecodingActive","unknown","Unit not classified by catalogue."
"csv\srs_trials.csv","ExplicitBeamWeightsApplied","unknown","Unit not classified by catalogue."
"csv\srs_trials.csv","TransformPrecodingApplied","unknown","Unit not classified by catalogue."
"csv\srs_trials.csv","BeamformingApplied","unknown","Unit not classified by catalogue."
"csv\srs_trials.csv","AppliedBeamIndexSet","index","Protocol/table index."
"csv\srs_trials.csv","AppliedPrecoderPMI","index","Protocol/table index."
"csv\srs_trials.csv","AppliedPrecoderPMIType","index","Protocol/table index."
"csv\srs_trials.csv","AppliedPrecoderCodebookMode","unknown","Unit not classified by catalogue."
"csv\srs_trials.csv","RequestedVsAppliedPrecoderPMIMatchStatus","us","Time duration in microseconds."
"csv\srs_trials.csv","PrecodingMatrixRows","index","Protocol/table index."
"csv\srs_trials.csv","PrecodingMatrixCols","index","Protocol/table index."
"csv\srs_trials.csv","FalseAlarmFlag","unknown","Unit not classified by catalogue."
"csv\srs_trials.csv","DCICrcPass","unknown","Unit not classified by catalogue."
"csv\srs_trials.csv","PDCCHPayloadMatch","unknown","Unit not classified by catalogue."
"csv\srs_trials.csv","PDCCHCausalGrantDecodeOk","unknown","Unit not classified by catalogue."
"csv\srs_trials.csv","PDCCHMissedDetection","unknown","Unit not classified by catalogue."
"csv\srs_trials.csv","PDCCHFalseAlarm","unknown","Unit not classified by catalogue."
"csv\srs_trials.csv","GrantValid","unknown","Unit not classified by catalogue."
"csv\srs_trials.csv","NegativeExpectedOk","unknown","Unit not classified by catalogue."
"csv\srs_trials.csv","PDCCHBlindSearchEnabled","unknown","Unit not classified by catalogue."
"csv\srs_trials.csv","PDCCHREGMappingAvailable","unknown","Unit not classified by catalogue."
"csv\srs_trials.csv","NoiseVariance","index","Protocol/table index."
"csv\srs_trials.csv","NoiseOperatingMode","unknown","Unit not classified by catalogue."
"csv\srs_trials.csv","NoisePowerSource","unknown","Unit not classified by catalogue."
"csv\srs_trials.csv","ServingRxPower_dBm","dBm","Absolute power in dBm."
"csv\srs_trials.csv","ServingRxPowerSource","unknown","Unit not classified by catalogue."
"csv\srs_trials.csv","PowerContextDirection","unknown","Unit not classified by catalogue."
"csv\srs_trials.csv","PowerContextTotalTxPower_dBm","dBm","Absolute power in dBm."
"csv\srs_trials.csv","NoiseVarStatus","us","Time duration in microseconds."
"csv\srs_trials.csv","NoiseVarSource","unknown","Unit not classified by catalogue."
"csv\srs_trials.csv","NoiseVarReason","unknown","Unit not classified by catalogue."
"csv\srs_trials.csv","NoiseVarStrictFailure","index","Protocol/table index."
"csv\srs_trials.csv","ReceiverUsable","unknown","Unit not classified by catalogue."
"csv\srs_trials.csv","DecodeAttempted","unknown","Unit not classified by catalogue."
"csv\srs_trials.csv","DecodeUsable","unknown","Unit not classified by catalogue."
"csv\srs_trials.csv","StrictReceiverEvidenceOk","index","Protocol/table index."
"csv\srs_trials.csv","StrictOk","index","Protocol/table index."
"csv\srs_trials.csv","SourceClassification","unknown","Unit not classified by catalogue."
"csv\srs_trials.csv","RuntimeMaterializationStatus","us","Time duration in microseconds."
"csv\srs_trials.csv","ControlGatingEffect","unknown","Unit not classified by catalogue."
"csv\srs_trials.csv","RuntimeStateConsumer","unknown","Unit not classified by catalogue."
"csv\srs_trials.csv","RuntimeConsumer","unknown","Unit not classified by catalogue."
"csv\srs_trials.csv","RuntimeEvidenceSource","unknown","Unit not classified by catalogue."
"csv\srs_trials.csv","ChannelEstimateAttempted","unknown","Unit not classified by catalogue."
"csv\srs_trials.csv","ChannelEstimateAvailable","unknown","Unit not classified by catalogue."
"csv\srs_trials.csv","SRSChannelEstimateAvailable","unknown","Unit not classified by catalogue."
"csv\srs_trials.csv","SpatialSignatureToken","unknown","Unit not classified by catalogue."
"csv\srs_trials.csv","SpatialSignatureSHA256","unknown","Unit not classified by catalogue."
"csv\srs_trials.csv","SpatialSignatureRows","unknown","Unit not classified by catalogue."
"csv\srs_trials.csv","SpatialSignatureColumns","unknown","Unit not classified by catalogue."
"csv\srs_trials.csv","SpatialSignatureSource","unknown","Unit not classified by catalogue."
"csv\srs_trials.csv","SpatialSignatureRawRank","unknown","Unit not classified by catalogue."
"csv\srs_trials.csv","SpatialSignatureRetainedRank","unknown","Unit not classified by catalogue."
"csv\srs_trials.csv","SpatialSignatureDetectionThreshold","unknown","Unit not classified by catalogue."
"csv\srs_trials.csv","SpatialSignatureNoiseVariance","index","Protocol/table index."
"csv\srs_trials.csv","SpatialSignatureNoiseMargin_dB","dB","Log-domain radio metric."
"csv\srs_trials.csv","SpatialSignatureSnapshotCount","count","Count."
"csv\srs_trials.csv","SpatialSignatureReductionMode","unknown","Unit not classified by catalogue."
"csv\srs_trials.csv","ResourceExtractionAttempted","unknown","Unit not classified by catalogue."
"csv\srs_trials.csv","ResourceExtractionAvailable","unknown","Unit not classified by catalogue."
"csv\srs_trials.csv","EqualizationAttempted","unknown","Unit not classified by catalogue."
"csv\srs_trials.csv","EqualizationAvailable","unknown","Unit not classified by catalogue."
"csv\srs_trials.csv","DLSCHDecodeAttempted","unknown","Unit not classified by catalogue."
"csv\srs_trials.csv","DLSCHDecodeAvailable","unknown","Unit not classified by catalogue."
"csv\srs_trials.csv","ULSCHDecodeAttempted","unknown","Unit not classified by catalogue."
"csv\srs_trials.csv","ULSCHDecodeAvailable","unknown","Unit not classified by catalogue."
"csv\srs_trials.csv","LLRAvailable","unknown","Unit not classified by catalogue."
"csv\srs_trials.csv","LLRFinite","unknown","Unit not classified by catalogue."
"csv\srs_trials.csv","PostEqSINRAvailable","dB","Log-domain radio metric."
"csv\srs_trials.csv","PostEqSINRReceiverDerived","dB","Log-domain radio metric."
"csv\srs_trials.csv","ConfiguredSNRLikeSourceRejected","unknown","Unit not classified by catalogue."
"csv\srs_trials.csv","InterferenceCovarianceAvailable","index","Protocol/table index."
"csv\srs_trials.csv","DetectionAttempted","unknown","Unit not classified by catalogue."
"csv\srs_trials.csv","DetectionSuccess","unknown","Unit not classified by catalogue."
"csv\srs_trials.csv","DetectionUsable","unknown","Unit not classified by catalogue."
"csv\srs_trials.csv","MeasurementAttempted","unknown","Unit not classified by catalogue."
"csv\srs_trials.csv","MeasurementUsable","unknown","Unit not classified by catalogue."
"csv\srs_trials.csv","SRSRuntimeEvidenceUsable","unknown","Unit not classified by catalogue."
"csv\srs_trials.csv","FailureReason","unknown","Unit not classified by catalogue."
"csv\srs_trials.csv","TAOutOfRangeFlag","unknown","Unit not classified by catalogue."
"csv\srs_trials.csv","RankEstimate","unknown","Unit not classified by catalogue."
"csv\srs_trials.csv","SRSOccupiedPRBCount","count","Count."
"csv\srs_trials.csv","SRSCarrierPRBCount","index","Protocol/table index."
"csv\srs_trials.csv","SRSBandwidthFraction","unknown","Unit not classified by catalogue."
"csv\srs_trials.csv","SRSFrequencyPRBStart","unknown","Unit not classified by catalogue."
"csv\srs_trials.csv","SRSFrequencyPRBEnd","unknown","Unit not classified by catalogue."
"csv\srs_trials.csv","SRSBandwidthCoverageStatus","us","Time duration in microseconds."
"csv\srs_trials.csv","ConditionNumber_dB","dB","Log-domain radio metric."
"csv\srs_trials.csv","ComputeLatency_ms","ms","Time duration in milliseconds."
"csv\srs_trials.csv","ProcedureDelay_ms","ms","Time duration in milliseconds."
"csv\srs_trials.csv","AirInterfaceObservation_ms","ms","Time duration in milliseconds."
"csv\srs_trials.csv","InjectedCFO_Hz","Hz","Frequency in hertz."
"csv\srs_trials.csv","CFOEstimateAvailability","unknown","Unit not classified by catalogue."
"csv\srs_trials.csv","CFOErrorDefinition","unknown","Unit not classified by catalogue."
"csv\srs_trials.csv","CFOValueStatus","us","Time duration in microseconds."
"csv\srs_trials.csv","InjectedTimingOffset_samples","samples","Discrete sample count or offset."
"csv\srs_trials.csv","TimingEstimate_samples","samples","Discrete sample count or offset."
"csv\srs_trials.csv","TrueTimingOffset_samples","samples","Discrete sample count or offset."
"csv\srs_trials.csv","TimingEstimateWasClipped","unknown","Unit not classified by catalogue."
"csv\srs_trials.csv","IQImbalanceConfigured","unknown","Unit not classified by catalogue."
"csv\srs_trials.csv","IQImbalanceApplied","unknown","Unit not classified by catalogue."
"csv\srs_trials.csv","InjectedDoppler_Hz","Hz","Frequency in hertz."
"csv\srs_trials.csv","EstimatedDopplerHz","Hz","Frequency in hertz."
"csv\srs_trials.csv","DopplerError_Hz","Hz","Frequency in hertz."
"csv\srs_trials.csv","QCLAccuracy","unknown","Unit not classified by catalogue."
"csv\srs_trials.csv","InterpolationLoss_dB","dB","Log-domain radio metric."
"csv\srs_trials.csv","MismatchSensitivity_dB","dB","Log-domain radio metric."
"csv\srs_trials.csv","AcquisitionTime_ms","ms","Time duration in milliseconds."
"csv\srs_trials.csv","TrackingFailureProbability","ratio","Unitless ratio/probability."
"csv\srs_trials.csv","Status","us","Time duration in microseconds."
"csv\srs_trials.csv","Crash","unknown","Unit not classified by catalogue."
"csv\srs_trials.csv","LinkAdaptationApplied","unknown","Unit not classified by catalogue."
"csv\srs_trials.csv","LinkAdaptationScheduled","unknown","Unit not classified by catalogue."
"csv\srs_trials.csv","IsWarmupFrame","unknown","Unit not classified by catalogue."
"csv\srs_trials.csv","SFN","unknown","Unit not classified by catalogue."
"csv\srs_trials.csv","UEID","unknown","Unit not classified by catalogue."
"csv\srs_trials.csv","BaseStationID","unknown","Unit not classified by catalogue."
"csv\srs_trials.csv","MCSIndex","index","Protocol/table index."
"csv\srs_trials.csv","ConfiguredSNR_dB","dB","Log-domain radio metric."
"csv\srs_trials.csv","ConfiguredSNRSource","unknown","Unit not classified by catalogue."
"csv\srs_trials.csv","SNRValueRole","unknown","Unit not classified by catalogue."
"csv\srs_trials.csv","AppliedAWGNSNR_dB","dB","Log-domain radio metric."
"csv\srs_trials.csv","LargeScaleSINR_dB","dB","Log-domain radio metric."
"csv\srs_trials.csv","ServingRSRP_dBm","dB","Log-domain radio metric."
"csv\srs_trials.csv","CSI_RSRP_dB","dB","Log-domain radio metric."
"csv\srs_trials.csv","AppliedLargeScaleGain_dB","dB","Log-domain radio metric."
"csv\srs_trials.csv","AppliedLargeScaleLoss_dB","dB","Log-domain radio metric."
"csv\srs_trials.csv","AppliedBasePathloss_dB","dB","Log-domain radio metric."
"csv\srs_trials.csv","AppliedPathloss_dB","dB","Log-domain radio metric."
"csv\srs_trials.csv","AppliedShadowFading_dB","dB","Log-domain radio metric."
"csv\srs_trials.csv","AppliedO2I_dB","dB","Log-domain radio metric."
"csv\srs_trials.csv","AppliedLargeScaleGainSource","unknown","Unit not classified by catalogue."
"csv\srs_trials.csv","TimingEstimateUsed","unknown","Unit not classified by catalogue."
"csv\srs_trials.csv","UseIdealTimingSync","unknown","Unit not classified by catalogue."
"csv\srs_trials.csv","InterfererBeamformingAppliedCount","count","Count."
"csv\srs_trials.csv","InterfererExplicitBeamWeightCount","count","Count."
"csv\srs_trials.csv","InterfererTransformPrecodingCount","count","Count."
"csv\srs_trials.csv","DopplerSourceMode","unknown","Unit not classified by catalogue."
"csv\srs_trials.csv","DopplerValueRole","unknown","Unit not classified by catalogue."
"csv\srs_trials.csv","TRSGatingActive","unknown","Unit not classified by catalogue."
"csv\srs_trials.csv","TrackingEligibility","unknown","Unit not classified by catalogue."
"csv\srs_trials.csv","TRSInfluencedDecision","unknown","Unit not classified by catalogue."
"csv\srs_trials.csv","TRSReceiverIntegrationBlocker","index","Protocol/table index."
"csv\srs_trials.csv","TRSProcessed","unknown","Unit not classified by catalogue."
"csv\srs_trials.csv","TimingTrackingAttempted","unknown","Unit not classified by catalogue."
"csv\srs_trials.csv","TRSTimingEstimateAvailable","unknown","Unit not classified by catalogue."
"csv\srs_trials.csv","TRSTimingEstimateUsable","unknown","Unit not classified by catalogue."
"csv\srs_trials.csv","FrequencyTrackingAttempted","unknown","Unit not classified by catalogue."
"csv\srs_trials.csv","TRSCFOEstimateAvailable","unknown","Unit not classified by catalogue."
"csv\srs_trials.csv","TRSCFOEstimateUsable","unknown","Unit not classified by catalogue."
"csv\srs_trials.csv","ChannelEstimationAttempted","unknown","Unit not classified by catalogue."
"csv\srs_trials.csv","TRSChannelEstimateAvailable","unknown","Unit not classified by catalogue."
"csv\srs_trials.csv","TRSRuntimeEvidenceUsable","unknown","Unit not classified by catalogue."
"csv\srs_trials.csv","PDCCHGrantBindingRequired","unknown","Unit not classified by catalogue."
"csv\srs_trials.csv","PDCCHGrantBindingOk","unknown","Unit not classified by catalogue."
"csv\srs_trials.csv","GrantWorkerSafe","unknown","Unit not classified by catalogue."
"csv\srs_trials.csv","Notes","unknown","Unit not classified by catalogue."
"csv\srs_trials.csv","UEIndex","index","Protocol/table index."
"csv\srs_trials.csv","RNTI","unknown","Unit not classified by catalogue."
"csv\srs_trials.csv","TrialDirection","index","Protocol/table index."
"csv\srs_trials.csv","LinkDirection","unknown","Unit not classified by catalogue."
"csv\srs_trials.csv","GrantDirection","unknown","Unit not classified by catalogue."
"csv\srs_trials.csv","SignalFamily","unknown","Unit not classified by catalogue."
"csv\srs_trials.csv","DecodeSuccess","unknown","Unit not classified by catalogue."
"csv\srs_trials.csv","SuccessFlag","unknown","Unit not classified by catalogue."
"csv\srs_trials.csv","FailureFlag","unknown","Unit not classified by catalogue."
"csv\srs_trials.csv","ControlObservationAvailable","unknown","Unit not classified by catalogue."
"csv\srs_trials.csv","ValueSource","unknown","Unit not classified by catalogue."
"csv\srs_trials.csv","ValueRole","unknown","Unit not classified by catalogue."
"csv\srs_trials.csv","ValueStatus","us","Time duration in microseconds."
"csv\srs_trials.csv","ValueDefinition","unknown","Unit not classified by catalogue."
"csv\srs_trials.csv","FinalizedFlag","unknown","Unit not classified by catalogue."
"csv\srs_trials.csv","PlaceholderFlag","unknown","Unit not classified by catalogue."
"csv\srs_trials.csv","FallbackFlag","unknown","Unit not classified by catalogue."
"csv\srs_trials.csv","NAReason","unknown","Unit not classified by catalogue."
"csv\srs_trials.csv","RunID","unknown","Unit not classified by catalogue."
"csv\srs_trials.csv","ScenarioID","index","Protocol/table index."
"csv\srs_trials.csv","ConfigHash","unknown","Unit not classified by catalogue."
"csv\srs_trials.csv","SourceArtifact","unknown","Unit not classified by catalogue."
"csv\srs_trials.csv","SourceTable","unknown","Unit not classified by catalogue."
"csv\srs_trials.csv","ArtifactClass","unknown","Unit not classified by catalogue."
"csv\srs_trials.csv","SemanticState","unknown","Unit not classified by catalogue."
"csv\srs_trials.csv","DecoderTruthProxySINRValueRole","dB","Log-domain radio metric."
"csv\srs_trials.csv","DecoderTruthProxySINRValueStatus","dB","Log-domain radio metric."
"csv\srs_trials.csv","DecoderTruthProxySINRNAReason","dB","Log-domain radio metric."
"csv\ssb_pbch_sib1_beam_sweep.csv","SSBIndex","index","Protocol/table index."
"csv\ssb_pbch_sib1_beam_sweep.csv","BeamIndex","index","Protocol/table index."
"csv\ssb_pbch_sib1_beam_sweep.csv","BeamManagementProcedure","unknown","Unit not classified by catalogue."
"csv\ssb_pbch_sib1_beam_sweep.csv","SNR_dB","dB","Log-domain radio metric."
"csv\ssb_pbch_sib1_beam_sweep.csv","NCellID","unknown","Unit not classified by catalogue."
"csv\ssb_pbch_sib1_beam_sweep.csv","CarrierSCS_kHz","Hz","Frequency in hertz."
"csv\ssb_pbch_sib1_beam_sweep.csv","SSBSCS_kHz","Hz","Frequency in hertz."
"csv\ssb_pbch_sib1_beam_sweep.csv","SSBBlockPattern","unknown","Unit not classified by catalogue."
"csv\ssb_pbch_sib1_beam_sweep.csv","SSBLmax","unknown","Unit not classified by catalogue."
"csv\ssb_pbch_sib1_beam_sweep.csv","ConfiguredSSBBeamCount","count","Count."
"csv\ssb_pbch_sib1_beam_sweep.csv","SSBPeriodicity_ms","ms","Time duration in milliseconds."
"csv\ssb_pbch_sib1_beam_sweep.csv","Ok","unknown","Unit not classified by catalogue."
"csv\ssb_pbch_sib1_beam_sweep.csv","Skipped","unknown","Unit not classified by catalogue."
"csv\ssb_pbch_sib1_beam_sweep.csv","Crash","unknown","Unit not classified by catalogue."
"csv\ssb_pbch_sib1_beam_sweep.csv","BCHCrcPass","unknown","Unit not classified by catalogue."
"csv\ssb_pbch_sib1_beam_sweep.csv","MIBDecoded","unknown","Unit not classified by catalogue."
"csv\ssb_pbch_sib1_beam_sweep.csv","SIB1StrictOk","index","Protocol/table index."
"csv\ssb_pbch_sib1_beam_sweep.csv","SIB1TreeEqual","unknown","Unit not classified by catalogue."
"csv\ssb_pbch_sib1_beam_sweep.csv","SIB1DCICrcPass","unknown","Unit not classified by catalogue."
"csv\ssb_pbch_sib1_beam_sweep.csv","SIB1DLSCHCrcPass","unknown","Unit not classified by catalogue."
"csv\ssb_pbch_sib1_beam_sweep.csv","SIB1ASN1DecodeOk","unknown","Unit not classified by catalogue."
"csv\ssb_pbch_sib1_beam_sweep.csv","DetectionSuccess","unknown","Unit not classified by catalogue."
"csv\ssb_pbch_sib1_beam_sweep.csv","DetectionOutcome","unknown","Unit not classified by catalogue."
"csv\ssb_pbch_sib1_beam_sweep.csv","SSBReceivedPower_dB","dB","Log-domain radio metric."
"csv\ssb_pbch_sib1_beam_sweep.csv","PBCHDMRSMetric","index","Protocol/table index."
"csv\ssb_pbch_sib1_beam_sweep.csv","PBCHNoiseVar","unknown","Unit not classified by catalogue."
"csv\ssb_pbch_sib1_beam_sweep.csv","ChannelEstimateAvailable","unknown","Unit not classified by catalogue."
"csv\ssb_pbch_sib1_beam_sweep.csv","ChannelEstimateSource","unknown","Unit not classified by catalogue."
"csv\ssb_pbch_sib1_beam_sweep.csv","EqualizationAvailable","unknown","Unit not classified by catalogue."
"csv\ssb_pbch_sib1_beam_sweep.csv","EqualizerType","unknown","Unit not classified by catalogue."
"csv\ssb_pbch_sib1_beam_sweep.csv","ReceiverHestSINR_dB","dB","Log-domain radio metric."
"csv\ssb_pbch_sib1_beam_sweep.csv","ReceiverHestSINRSource","dB","Log-domain radio metric."
"csv\ssb_pbch_sib1_beam_sweep.csv","ReceiverHestSINRValueRole","dB","Log-domain radio metric."
"csv\ssb_pbch_sib1_beam_sweep.csv","ReceiverHestSINRValueStatus","dB","Log-domain radio metric."
"csv\ssb_pbch_sib1_beam_sweep.csv","ReceiverHestSINRNAReason","dB","Log-domain radio metric."
"csv\ssb_pbch_sib1_beam_sweep.csv","MeasuredTrialSINR_dB","dB","Log-domain radio metric."
"csv\ssb_pbch_sib1_beam_sweep.csv","MeasuredTrialSINRSource","dB","Log-domain radio metric."
"csv\ssb_pbch_sib1_beam_sweep.csv","MeasuredTrialSINRValueRole","dB","Log-domain radio metric."
"csv\ssb_pbch_sib1_beam_sweep.csv","MeasuredTrialSINRValueStatus","dB","Log-domain radio metric."
"csv\ssb_pbch_sib1_beam_sweep.csv","MeasuredTrialSINRNAReason","dB","Log-domain radio metric."
"csv\ssb_pbch_sib1_beam_sweep.csv","PostEqSINR_dB","dB","Log-domain radio metric."
"csv\ssb_pbch_sib1_beam_sweep.csv","PostEqSINRSource","dB","Log-domain radio metric."
"csv\ssb_pbch_sib1_beam_sweep.csv","PostEqSINRValueRole","dB","Log-domain radio metric."
"csv\ssb_pbch_sib1_beam_sweep.csv","PostEqSINRValueStatus","dB","Log-domain radio metric."
"csv\ssb_pbch_sib1_beam_sweep.csv","PostEqSINRNAReason","dB","Log-domain radio metric."
"csv\ssb_pbch_sib1_beam_sweep.csv","StrictReceiverEvidenceOk","index","Protocol/table index."
"csv\ssb_pbch_sib1_beam_sweep.csv","SIB1PDSCHChannelEstimateAvailable","unknown","Unit not classified by catalogue."
"csv\ssb_pbch_sib1_beam_sweep.csv","SIB1PDSCHEqualizationAvailable","unknown","Unit not classified by catalogue."
"csv\ssb_pbch_sib1_beam_sweep.csv","SIB1PDSCHReceiverHestSINR_dB","dB","Log-domain radio metric."
"csv\ssb_pbch_sib1_beam_sweep.csv","SIB1PDSCHReceiverHestSINRSource","dB","Log-domain radio metric."
"csv\ssb_pbch_sib1_beam_sweep.csv","SIB1PDSCHStrictReceiverEvidenceOk","index","Protocol/table index."
"csv\ssb_pbch_sib1_beam_sweep.csv","TimingOffset_samples","samples","Discrete sample count or offset."
"csv\ssb_pbch_sib1_beam_sweep.csv","RawTimingEstimate_samples","samples","Discrete sample count or offset."
"csv\ssb_pbch_sib1_beam_sweep.csv","EstimatedTimingOffset_PreCorrection_samples","samples","Discrete sample count or offset."
"csv\ssb_pbch_sib1_beam_sweep.csv","TimingEstimateStatus","us","Time duration in microseconds."
"csv\ssb_pbch_sib1_beam_sweep.csv","TimingEstimateWasClipped","unknown","Unit not classified by catalogue."
"csv\ssb_pbch_sib1_beam_sweep.csv","FrequencyOffsetHz","Hz","Frequency in hertz."
"csv\ssb_pbch_sib1_beam_sweep.csv","TrueCFO_Hz","Hz","Frequency in hertz."
"csv\ssb_pbch_sib1_beam_sweep.csv","CFOError_Hz","Hz","Frequency in hertz."
"csv\ssb_pbch_sib1_beam_sweep.csv","AirInterfaceObservation_ms","ms","Time duration in milliseconds."
"csv\ssb_pbch_sib1_beam_sweep.csv","AcquisitionTime_ms","ms","Time duration in milliseconds."
"csv\ssb_pbch_sib1_beam_sweep.csv","ComputeLatency_ms","ms","Time duration in milliseconds."
"csv\ssb_pbch_sib1_beam_sweep.csv","Status","us","Time duration in microseconds."
"csv\ssb_pbch_sib1_beam_sweep.csv","FailureReason","unknown","Unit not classified by catalogue."
"csv\ssb_pbch_sib1_beam_sweep.csv","Notes","unknown","Unit not classified by catalogue."
"csv\trs_trials.csv","Direction","unknown","Unit not classified by catalogue."
"csv\trs_trials.csv","SNR_dB","dB","Log-domain radio metric."
"csv\trs_trials.csv","Seed","unknown","Unit not classified by catalogue."
"csv\trs_trials.csv","Frame","unknown","Unit not classified by catalogue."
"csv\trs_trials.csv","Slot","unknown","Unit not classified by catalogue."
"csv\trs_trials.csv","MCS","index","Protocol/table index."
"csv\trs_trials.csv","Modulation","unknown","Unit not classified by catalogue."
"csv\trs_trials.csv","TargetCodeRate","ratio","Unitless ratio/probability."
"csv\trs_trials.csv","PRBStart","unknown","Unit not classified by catalogue."
"csv\trs_trials.csv","ChannelModel","unknown","Unit not classified by catalogue."
"csv\trs_trials.csv","ChannelModelApplied","unknown","Unit not classified by catalogue."
"csv\trs_trials.csv","ChannelFadingApplied","unknown","Unit not classified by catalogue."
"csv\trs_trials.csv","DopplerHz","Hz","Frequency in hertz."
"csv\trs_trials.csv","CRCApplicable","unknown","Unit not classified by catalogue."
"csv\trs_trials.csv","CRCOutcome","unknown","Unit not classified by catalogue."
"csv\trs_trials.csv","UCIContentMatch","unknown","Unit not classified by catalogue."
"csv\trs_trials.csv","UCICRCApplicable","unknown","Unit not classified by catalogue."
"csv\trs_trials.csv","FormatAdapted","unknown","Unit not classified by catalogue."
"csv\trs_trials.csv","ControlResourceValidity","unknown","Unit not classified by catalogue."
"csv\trs_trials.csv","ReceiverHestSINRApplicable","dB","Log-domain radio metric."
"csv\trs_trials.csv","NMSE_dB","dB","Log-domain radio metric."
"csv\trs_trials.csv","NMSEReferenceSource","unknown","Unit not classified by catalogue."
"csv\trs_trials.csv","TrueChannelOracleAvailable","unknown","Unit not classified by catalogue."
"csv\trs_trials.csv","DetectionMetric","index","Protocol/table index."
"csv\trs_trials.csv","DetectionThreshold","unknown","Unit not classified by catalogue."
"csv\trs_trials.csv","ResourceCoverageRatio","unknown","Unit not classified by catalogue."
"csv\trs_trials.csv","MinCoverageRatio","unknown","Unit not classified by catalogue."
"csv\trs_trials.csv","CandidateCount","count","Count."
"csv\trs_trials.csv","MissedDetection","unknown","Unit not classified by catalogue."
"csv\trs_trials.csv","FalseAlarm","unknown","Unit not classified by catalogue."
"csv\trs_trials.csv","DTXFlag","unknown","Unit not classified by catalogue."
"csv\trs_trials.csv","PreambleIndex","index","Protocol/table index."
"csv\trs_trials.csv","RequestedPreambleIndex","index","Protocol/table index."
"csv\trs_trials.csv","DetectedPreambleIndex","index","Protocol/table index."
"csv\trs_trials.csv","PreambleIndexFromPeak","index","Protocol/table index."
"csv\trs_trials.csv","PreambleIndexTx","index","Protocol/table index."
"csv\trs_trials.csv","PreambleIndexDetected","index","Protocol/table index."
"csv\trs_trials.csv","PreambleDetected","unknown","Unit not classified by catalogue."
"csv\trs_trials.csv","CollisionDetected","unknown","Unit not classified by catalogue."
"csv\trs_trials.csv","PreambleAmbiguityDetected","unknown","Unit not classified by catalogue."
"csv\trs_trials.csv","PowerPathloss_dB","dB","Log-domain radio metric."
"csv\trs_trials.csv","DownlinkTxPower_dBm","dBm","Absolute power in dBm."
"csv\trs_trials.csv","RARNTI","unknown","Unit not classified by catalogue."
"csv\trs_trials.csv","RARWindowExpired","unknown","Unit not classified by catalogue."
"csv\trs_trials.csv","Msg2RARNTIDetected","unknown","Unit not classified by catalogue."
"csv\trs_trials.csv","Msg2DCICrcPass","unknown","Unit not classified by catalogue."
"csv\trs_trials.csv","Msg2PDSCHCrcPass","unknown","Unit not classified by catalogue."
"csv\trs_trials.csv","Msg2PDSCHExplicitMatrixPresent","index","Protocol/table index."
"csv\trs_trials.csv","Msg2PDSCHPrecodingActive","unknown","Unit not classified by catalogue."
"csv\trs_trials.csv","Msg2TimingEstimateUsed","unknown","Unit not classified by catalogue."
"csv\trs_trials.csv","Msg2ChannelEstimateAvailable","unknown","Unit not classified by catalogue."
"csv\trs_trials.csv","Msg2EqualizationAvailable","unknown","Unit not classified by catalogue."
"csv\trs_trials.csv","Msg2LLRFinite","unknown","Unit not classified by catalogue."
"csv\trs_trials.csv","RAPIDMatches","unknown","Unit not classified by catalogue."
"csv\trs_trials.csv","RARULGrantValid","unknown","Unit not classified by catalogue."
"csv\trs_trials.csv","Msg3TimingAdvanceApplied","unknown","Unit not classified by catalogue."
"csv\trs_trials.csv","Msg3PUSCHCrcPass","unknown","Unit not classified by catalogue."
"csv\trs_trials.csv","Msg4PDCCHCrcPass","unknown","Unit not classified by catalogue."
"csv\trs_trials.csv","Msg4PDSCHCrcPass","unknown","Unit not classified by catalogue."
"csv\trs_trials.csv","Msg4PDSCHExplicitMatrixPresent","index","Protocol/table index."
"csv\trs_trials.csv","Msg4PDSCHPrecodingActive","unknown","Unit not classified by catalogue."
"csv\trs_trials.csv","Msg4TimingEstimateUsed","unknown","Unit not classified by catalogue."
"csv\trs_trials.csv","Msg4ChannelEstimateAvailable","unknown","Unit not classified by catalogue."
"csv\trs_trials.csv","Msg4EqualizationAvailable","unknown","Unit not classified by catalogue."
"csv\trs_trials.csv","Msg4LLRFinite","unknown","Unit not classified by catalogue."
"csv\trs_trials.csv","ContentionIdentityMatches","unknown","Unit not classified by catalogue."
"csv\trs_trials.csv","RACompleted","unknown","Unit not classified by catalogue."
"csv\trs_trials.csv","ProxyUsed","unknown","Unit not classified by catalogue."
"csv\trs_trials.csv","Skipped","unknown","Unit not classified by catalogue."
"csv\trs_trials.csv","ToolboxMissing","unknown","Unit not classified by catalogue."
"csv\trs_trials.csv","UsedOracleFields","unknown","Unit not classified by catalogue."
"csv\trs_trials.csv","RuntimeStageWaveformsRequired","unknown","Unit not classified by catalogue."
"csv\trs_trials.csv","RuntimeStageWaveformsUsed","unknown","Unit not classified by catalogue."
"csv\trs_trials.csv","RuntimeSelfLoopWaveformsUsed","unknown","Unit not classified by catalogue."
"csv\trs_trials.csv","RuntimeChannelStateUsed","unknown","Unit not classified by catalogue."
"csv\trs_trials.csv","RuntimeNoiseApplied","unknown","Unit not classified by catalogue."
"csv\trs_trials.csv","MeasuredSINR_dB","dB","Log-domain radio metric."
"csv\trs_trials.csv","ReceiverHestSINR_dB","dB","Log-domain radio metric."
"csv\trs_trials.csv","ReceiverHestSINRSource","dB","Log-domain radio metric."
"csv\trs_trials.csv","ReceiverHestSINRValueRole","dB","Log-domain radio metric."
"csv\trs_trials.csv","ReceiverHestSINRValueStatus","dB","Log-domain radio metric."
"csv\trs_trials.csv","ReceiverHestSINRNAReason","dB","Log-domain radio metric."
"csv\trs_trials.csv","PostEqSINR_dB","dB","Log-domain radio metric."
"csv\trs_trials.csv","PostEqSINRSource","dB","Log-domain radio metric."
"csv\trs_trials.csv","PostEqSINRValueRole","dB","Log-domain radio metric."
"csv\trs_trials.csv","PostEqSINRValueStatus","dB","Log-domain radio metric."
"csv\trs_trials.csv","PostEqSINRNAReason","dB","Log-domain radio metric."
"csv\trs_trials.csv","PostEqSINRPerLayer_dB","dB","Log-domain radio metric."
"csv\trs_trials.csv","MeasuredTrialSINR_dB","dB","Log-domain radio metric."
"csv\trs_trials.csv","MeasuredTrialSINRSource","dB","Log-domain radio metric."
"csv\trs_trials.csv","MeasuredTrialSINRValueRole","dB","Log-domain radio metric."
"csv\trs_trials.csv","MeasuredTrialSINRValueStatus","dB","Log-domain radio metric."
"csv\trs_trials.csv","MeasuredTrialSINRNAReason","dB","Log-domain radio metric."
"csv\trs_trials.csv","DecoderTruthProxySINR_dB","dB","Log-domain radio metric."
"csv\trs_trials.csv","DecoderTruthProxySINRSource","dB","Log-domain radio metric."
"csv\trs_trials.csv","SINRValueRole","dB","Log-domain radio metric."
"csv\trs_trials.csv","SINRSource","dB","Log-domain radio metric."
"csv\trs_trials.csv","SINRValueStatus","dB","Log-domain radio metric."
"csv\trs_trials.csv","SINRValueDefinition","dB","Log-domain radio metric."
"csv\trs_trials.csv","WidebandCQI","index","Protocol/table index."
"csv\trs_trials.csv","CQIDerivedMCS","index","Protocol/table index."
"csv\trs_trials.csv","CQIDerivedModulation","index","Protocol/table index."
"csv\trs_trials.csv","CQIDerivedTargetCodeRate","ratio","Unitless ratio/probability."
"csv\trs_trials.csv","CQISource","index","Protocol/table index."
"csv\trs_trials.csv","MCSSelectionSource","index","Protocol/table index."
"csv\trs_trials.csv","MCSValueStatus","us","Time duration in microseconds."
"csv\trs_trials.csv","OuterLoopEnabled","unknown","Unit not classified by catalogue."
"csv\trs_trials.csv","InnerLoopEnabled","unknown","Unit not classified by catalogue."
"csv\trs_trials.csv","OuterLoopApplied","unknown","Unit not classified by catalogue."
"csv\trs_trials.csv","InnerLoopApplied","unknown","Unit not classified by catalogue."
"csv\trs_trials.csv","CalibrationProfile","unknown","Unit not classified by catalogue."
"csv\trs_trials.csv","RankDowngradeApplied","unknown","Unit not classified by catalogue."
"csv\trs_trials.csv","MUMIMOEnabled","unknown","Unit not classified by catalogue."
"csv\trs_trials.csv","PrecoderSource","unknown","Unit not classified by catalogue."
"csv\trs_trials.csv","PrecodingMode","unknown","Unit not classified by catalogue."
"csv\trs_trials.csv","PrecodingActive","unknown","Unit not classified by catalogue."
"csv\trs_trials.csv","ExplicitBeamWeightsApplied","unknown","Unit not classified by catalogue."
"csv\trs_trials.csv","TransformPrecodingApplied","unknown","Unit not classified by catalogue."
"csv\trs_trials.csv","BeamformingApplied","unknown","Unit not classified by catalogue."
"csv\trs_trials.csv","AppliedBeamIndexSet","index","Protocol/table index."
"csv\trs_trials.csv","AppliedPrecoderPMI","index","Protocol/table index."
"csv\trs_trials.csv","AppliedPrecoderPMIType","index","Protocol/table index."
"csv\trs_trials.csv","AppliedPrecoderCodebookMode","unknown","Unit not classified by catalogue."
"csv\trs_trials.csv","RequestedVsAppliedPrecoderPMIMatchStatus","us","Time duration in microseconds."
"csv\trs_trials.csv","PrecodingMatrixRows","index","Protocol/table index."
"csv\trs_trials.csv","PrecodingMatrixCols","index","Protocol/table index."
"csv\trs_trials.csv","FalseAlarmFlag","unknown","Unit not classified by catalogue."
"csv\trs_trials.csv","DCICrcPass","unknown","Unit not classified by catalogue."
"csv\trs_trials.csv","PDCCHPayloadMatch","unknown","Unit not classified by catalogue."
"csv\trs_trials.csv","PDCCHCausalGrantDecodeOk","unknown","Unit not classified by catalogue."
"csv\trs_trials.csv","PDCCHMissedDetection","unknown","Unit not classified by catalogue."
"csv\trs_trials.csv","PDCCHFalseAlarm","unknown","Unit not classified by catalogue."
"csv\trs_trials.csv","GrantValid","unknown","Unit not classified by catalogue."
"csv\trs_trials.csv","NegativeExpectedOk","unknown","Unit not classified by catalogue."
"csv\trs_trials.csv","PDCCHBlindSearchEnabled","unknown","Unit not classified by catalogue."
"csv\trs_trials.csv","PDCCHREGMappingAvailable","unknown","Unit not classified by catalogue."
"csv\trs_trials.csv","NoiseVariance","index","Protocol/table index."
"csv\trs_trials.csv","ServingRxPower_dBm","dBm","Absolute power in dBm."
"csv\trs_trials.csv","NoiseVarStatus","us","Time duration in microseconds."
"csv\trs_trials.csv","NoiseVarSource","unknown","Unit not classified by catalogue."
"csv\trs_trials.csv","NoiseVarStrictFailure","index","Protocol/table index."
"csv\trs_trials.csv","ReceiverUsable","unknown","Unit not classified by catalogue."
"csv\trs_trials.csv","DecodeAttempted","unknown","Unit not classified by catalogue."
"csv\trs_trials.csv","DecodeUsable","unknown","Unit not classified by catalogue."
"csv\trs_trials.csv","StrictReceiverEvidenceOk","index","Protocol/table index."
"csv\trs_trials.csv","StrictOk","index","Protocol/table index."
"csv\trs_trials.csv","SourceClassification","unknown","Unit not classified by catalogue."
"csv\trs_trials.csv","RuntimeMaterializationStatus","us","Time duration in microseconds."
"csv\trs_trials.csv","ControlGatingEffect","unknown","Unit not classified by catalogue."
"csv\trs_trials.csv","RuntimeStateConsumer","unknown","Unit not classified by catalogue."
"csv\trs_trials.csv","RuntimeConsumer","unknown","Unit not classified by catalogue."
"csv\trs_trials.csv","RuntimeEvidenceSource","unknown","Unit not classified by catalogue."
"csv\trs_trials.csv","ChannelEstimateAttempted","unknown","Unit not classified by catalogue."
"csv\trs_trials.csv","ChannelEstimateAvailable","unknown","Unit not classified by catalogue."
"csv\trs_trials.csv","SRSChannelEstimateAvailable","unknown","Unit not classified by catalogue."
"csv\trs_trials.csv","ResourceExtractionAttempted","unknown","Unit not classified by catalogue."
"csv\trs_trials.csv","ResourceExtractionAvailable","unknown","Unit not classified by catalogue."
"csv\trs_trials.csv","EqualizationAttempted","unknown","Unit not classified by catalogue."
"csv\trs_trials.csv","EqualizationAvailable","unknown","Unit not classified by catalogue."
"csv\trs_trials.csv","DLSCHDecodeAttempted","unknown","Unit not classified by catalogue."
"csv\trs_trials.csv","DLSCHDecodeAvailable","unknown","Unit not classified by catalogue."
"csv\trs_trials.csv","ULSCHDecodeAttempted","unknown","Unit not classified by catalogue."
"csv\trs_trials.csv","ULSCHDecodeAvailable","unknown","Unit not classified by catalogue."
"csv\trs_trials.csv","LLRAvailable","unknown","Unit not classified by catalogue."
"csv\trs_trials.csv","LLRFinite","unknown","Unit not classified by catalogue."
"csv\trs_trials.csv","PostEqSINRAvailable","dB","Log-domain radio metric."
"csv\trs_trials.csv","PostEqSINRReceiverDerived","dB","Log-domain radio metric."
"csv\trs_trials.csv","ConfiguredSNRLikeSourceRejected","unknown","Unit not classified by catalogue."
"csv\trs_trials.csv","InterferenceCovarianceAvailable","index","Protocol/table index."
"csv\trs_trials.csv","DetectionAttempted","unknown","Unit not classified by catalogue."
"csv\trs_trials.csv","DetectionSuccess","unknown","Unit not classified by catalogue."
"csv\trs_trials.csv","DetectionUsable","unknown","Unit not classified by catalogue."
"csv\trs_trials.csv","MeasurementAttempted","unknown","Unit not classified by catalogue."
"csv\trs_trials.csv","MeasurementUsable","unknown","Unit not classified by catalogue."
"csv\trs_trials.csv","SRSRuntimeEvidenceUsable","unknown","Unit not classified by catalogue."
"csv\trs_trials.csv","FailureReason","unknown","Unit not classified by catalogue."
"csv\trs_trials.csv","TAOutOfRangeFlag","unknown","Unit not classified by catalogue."
"csv\trs_trials.csv","ComputeLatency_ms","ms","Time duration in milliseconds."
"csv\trs_trials.csv","AirInterfaceObservation_ms","ms","Time duration in milliseconds."
"csv\trs_trials.csv","InjectedCFO_Hz","Hz","Frequency in hertz."
"csv\trs_trials.csv","EstimatedCFO_PreCorrection_Hz","Hz","Frequency in hertz."
"csv\trs_trials.csv","ResidualCFO_PostCorrection_Hz","Hz","Frequency in hertz."
"csv\trs_trials.csv","EstimatedCFO_Hz","Hz","Frequency in hertz."
"csv\trs_trials.csv","TrueCFO_Hz","Hz","Frequency in hertz."
"csv\trs_trials.csv","CFOError_Hz","Hz","Frequency in hertz."
"csv\trs_trials.csv","CFOEstimateAvailability","unknown","Unit not classified by catalogue."
"csv\trs_trials.csv","CFOErrorDefinition","unknown","Unit not classified by catalogue."
"csv\trs_trials.csv","CFOValueStatus","us","Time duration in microseconds."
"csv\trs_trials.csv","InjectedTimingOffset_samples","samples","Discrete sample count or offset."
"csv\trs_trials.csv","EstimatedTimingOffset_PreCorrection_samples","samples","Discrete sample count or offset."
"csv\trs_trials.csv","EstimatedTimingOffset_samples","samples","Discrete sample count or offset."
"csv\trs_trials.csv","TimingEstimate_samples","samples","Discrete sample count or offset."
"csv\trs_trials.csv","TrueTimingOffset_samples","samples","Discrete sample count or offset."
"csv\trs_trials.csv","TimingError_samples","samples","Discrete sample count or offset."
"csv\trs_trials.csv","TimingEstimateWasClipped","unknown","Unit not classified by catalogue."
"csv\trs_trials.csv","IQImbalanceConfigured","unknown","Unit not classified by catalogue."
"csv\trs_trials.csv","IQImbalanceApplied","unknown","Unit not classified by catalogue."
"csv\trs_trials.csv","InjectedDoppler_Hz","Hz","Frequency in hertz."
"csv\trs_trials.csv","EstimatedDopplerHz","Hz","Frequency in hertz."
"csv\trs_trials.csv","DopplerError_Hz","Hz","Frequency in hertz."
"csv\trs_trials.csv","PhaseTrackingError_deg","unknown","Unit not classified by catalogue."
"csv\trs_trials.csv","TrackingEstimateSource","unknown","Unit not classified by catalogue."
"csv\trs_trials.csv","QCLAccuracy","unknown","Unit not classified by catalogue."
"csv\trs_trials.csv","AcquisitionTime_ms","ms","Time duration in milliseconds."
"csv\trs_trials.csv","TrackingFailureProbability","ratio","Unitless ratio/probability."
"csv\trs_trials.csv","Status","us","Time duration in microseconds."
"csv\trs_trials.csv","Crash","unknown","Unit not classified by catalogue."
"csv\trs_trials.csv","LinkAdaptationApplied","unknown","Unit not classified by catalogue."
"csv\trs_trials.csv","LinkAdaptationScheduled","unknown","Unit not classified by catalogue."
"csv\trs_trials.csv","IsWarmupFrame","unknown","Unit not classified by catalogue."
"csv\trs_trials.csv","SFN","unknown","Unit not classified by catalogue."
"csv\trs_trials.csv","UEID","unknown","Unit not classified by catalogue."
"csv\trs_trials.csv","BaseStationID","unknown","Unit not classified by catalogue."
"csv\trs_trials.csv","MCSIndex","index","Protocol/table index."
"csv\trs_trials.csv","ConfiguredSNR_dB","dB","Log-domain radio metric."
"csv\trs_trials.csv","ConfiguredSNRSource","unknown","Unit not classified by catalogue."
"csv\trs_trials.csv","SNRValueRole","unknown","Unit not classified by catalogue."
"csv\trs_trials.csv","AppliedAWGNSNR_dB","dB","Log-domain radio metric."
"csv\trs_trials.csv","LargeScaleSINR_dB","dB","Log-domain radio metric."
"csv\trs_trials.csv","ServingRSRP_dBm","dB","Log-domain radio metric."
"csv\trs_trials.csv","CSI_RSRP_dB","dB","Log-domain radio metric."
"csv\trs_trials.csv","AppliedLargeScaleGain_dB","dB","Log-domain radio metric."
"csv\trs_trials.csv","TimingEstimateUsed","unknown","Unit not classified by catalogue."
"csv\trs_trials.csv","UseIdealTimingSync","unknown","Unit not classified by catalogue."
"csv\trs_trials.csv","InterfererBeamformingAppliedCount","count","Count."
"csv\trs_trials.csv","InterfererExplicitBeamWeightCount","count","Count."
"csv\trs_trials.csv","InterfererTransformPrecodingCount","count","Count."
"csv\trs_trials.csv","DopplerSourceMode","unknown","Unit not classified by catalogue."
"csv\trs_trials.csv","DopplerValueRole","unknown","Unit not classified by catalogue."
"csv\trs_trials.csv","TRSGatingActive","unknown","Unit not classified by catalogue."
"csv\trs_trials.csv","TRSValidityState","unknown","Unit not classified by catalogue."
"csv\trs_trials.csv","TrackingEligibility","unknown","Unit not classified by catalogue."
"csv\trs_trials.csv","TRSAgeSlots","unknown","Unit not classified by catalogue."
"csv\trs_trials.csv","LastSuccessfulTRSSlot","unknown","Unit not classified by catalogue."
"csv\trs_trials.csv","LastEstimatedTRSDopplerHz","Hz","Frequency in hertz."
"csv\trs_trials.csv","TRSStateSource","unknown","Unit not classified by catalogue."
"csv\trs_trials.csv","TRSRuntimeConsumer","unknown","Unit not classified by catalogue."
"csv\trs_trials.csv","TRSInfluencedDecision","unknown","Unit not classified by catalogue."
"csv\trs_trials.csv","TRSInfluenceDefinition","unknown","Unit not classified by catalogue."
"csv\trs_trials.csv","TRSReceiverIntegrationStatus","us","Time duration in microseconds."
"csv\trs_trials.csv","TRSReceiverIntegrationBlocker","index","Protocol/table index."
"csv\trs_trials.csv","TRSProcessed","unknown","Unit not classified by catalogue."
"csv\trs_trials.csv","TRSReceiverConsumerType","unknown","Unit not classified by catalogue."
"csv\trs_trials.csv","TRSTrackingStateBefore","unknown","Unit not classified by catalogue."
"csv\trs_trials.csv","TRSTrackingStateAfter","unknown","Unit not classified by catalogue."
"csv\trs_trials.csv","TRSTrackingUpdateTime_s","unknown","Unit not classified by catalogue."
"csv\trs_trials.csv","TRSAssociatedCell","unknown","Unit not classified by catalogue."
"csv\trs_trials.csv","TRSUpdateOutcome","unknown","Unit not classified by catalogue."
"csv\trs_trials.csv","TRSChannelTrackingFreshnessState","unknown","Unit not classified by catalogue."
"csv\trs_trials.csv","TRSFrequencyTrackingState","unknown","Unit not classified by catalogue."
"csv\trs_trials.csv","TRSTimingTrackingState","unknown","Unit not classified by catalogue."
"csv\trs_trials.csv","TimingTrackingAttempted","unknown","Unit not classified by catalogue."
"csv\trs_trials.csv","TRSTimingEstimateAvailable","unknown","Unit not classified by catalogue."
"csv\trs_trials.csv","TRSTimingEstimateUsable","unknown","Unit not classified by catalogue."
"csv\trs_trials.csv","TRSTimingEstimate_samples","samples","Discrete sample count or offset."
"csv\trs_trials.csv","FrequencyTrackingAttempted","unknown","Unit not classified by catalogue."
"csv\trs_trials.csv","TRSCFOEstimateAvailable","unknown","Unit not classified by catalogue."
"csv\trs_trials.csv","TRSCFOEstimateUsable","unknown","Unit not classified by catalogue."
"csv\trs_trials.csv","TRSEstimatedCFO_Hz","Hz","Frequency in hertz."
"csv\trs_trials.csv","ChannelEstimationAttempted","unknown","Unit not classified by catalogue."
"csv\trs_trials.csv","TRSChannelEstimateAvailable","unknown","Unit not classified by catalogue."
"csv\trs_trials.csv","TRSRuntimeEvidenceSource","unknown","Unit not classified by catalogue."
"csv\trs_trials.csv","TRSRuntimeEvidenceUsable","unknown","Unit not classified by catalogue."
"csv\trs_trials.csv","PDCCHGrantBindingRequired","unknown","Unit not classified by catalogue."
"csv\trs_trials.csv","PDCCHGrantBindingOk","unknown","Unit not classified by catalogue."
"csv\trs_trials.csv","GrantWorkerSafe","unknown","Unit not classified by catalogue."
"csv\trs_trials.csv","Notes","unknown","Unit not classified by catalogue."
"csv\trs_trials.csv","UEIndex","index","Protocol/table index."
"csv\trs_trials.csv","RNTI","unknown","Unit not classified by catalogue."
"csv\trs_trials.csv","TrialDirection","index","Protocol/table index."
"csv\trs_trials.csv","LinkDirection","unknown","Unit not classified by catalogue."
"csv\trs_trials.csv","GrantDirection","unknown","Unit not classified by catalogue."
"csv\trs_trials.csv","ServingCell","unknown","Unit not classified by catalogue."
"csv\trs_trials.csv","TraceRole","unknown","Unit not classified by catalogue."
"csv\trs_trials.csv","RuntimeStateUpdated","unknown","Unit not classified by catalogue."
"csv\trs_trials.csv","TrackingStateSource","unknown","Unit not classified by catalogue."
"csv\trs_trials.csv","SignalFamily","unknown","Unit not classified by catalogue."
"csv\trs_trials.csv","DecodeSuccess","unknown","Unit not classified by catalogue."
"csv\trs_trials.csv","SuccessFlag","unknown","Unit not classified by catalogue."
"csv\trs_trials.csv","FailureFlag","unknown","Unit not classified by catalogue."
"csv\trs_trials.csv","ControlObservationAvailable","unknown","Unit not classified by catalogue."
"csv\trs_trials.csv","ValueSource","unknown","Unit not classified by catalogue."
"csv\trs_trials.csv","ValueRole","unknown","Unit not classified by catalogue."
"csv\trs_trials.csv","ValueStatus","us","Time duration in microseconds."
"csv\trs_trials.csv","ValueDefinition","unknown","Unit not classified by catalogue."
"csv\trs_trials.csv","FinalizedFlag","unknown","Unit not classified by catalogue."
"csv\trs_trials.csv","PlaceholderFlag","unknown","Unit not classified by catalogue."
"csv\trs_trials.csv","FallbackFlag","unknown","Unit not classified by catalogue."
"csv\trs_trials.csv","NAReason","unknown","Unit not classified by catalogue."
"csv\trs_trials.csv","RunID","unknown","Unit not classified by catalogue."
"csv\trs_trials.csv","ScenarioID","index","Protocol/table index."
"csv\trs_trials.csv","ConfigHash","unknown","Unit not classified by catalogue."
"csv\trs_trials.csv","SourceArtifact","unknown","Unit not classified by catalogue."
"csv\trs_trials.csv","SourceTable","unknown","Unit not classified by catalogue."
"csv\trs_trials.csv","ArtifactClass","unknown","Unit not classified by catalogue."
"csv\trs_trials.csv","SemanticState","unknown","Unit not classified by catalogue."
"csv\trs_trials.csv","DecoderTruthProxySINRValueRole","dB","Log-domain radio metric."
"csv\trs_trials.csv","DecoderTruthProxySINRValueStatus","dB","Log-domain radio metric."
"csv\trs_trials.csv","DecoderTruthProxySINRNAReason","dB","Log-domain radio metric."
"csv\ul_constellation_samples.csv","RuntimeDirection","unknown","Unit not classified by catalogue."
"csv\ul_constellation_samples.csv","RuntimeModulation","unknown","Unit not classified by catalogue."
"csv\ul_constellation_samples.csv","RuntimeSNR_dB","dB","Log-domain radio metric."
"csv\ul_constellation_samples.csv","SampleIndex","samples","Discrete sample count or offset."
"csv\ul_constellation_samples.csv","SymbolComparisonDomain","index","Protocol/table index."
"csv\ul_constellation_samples.csv","SymbolOrdering","index","Protocol/table index."
"csv\ul_constellation_samples.csv","SymbolOrderingStatus","us","Time duration in microseconds."
"csv\ul_constellation_samples.csv","SubcarrierIndex","index","Protocol/table index."
"csv\ul_constellation_samples.csv","OFDMSymbolIndex","index","Protocol/table index."
"csv\ul_constellation_samples.csv","LayerIndex","index","Protocol/table index."
"csv\ul_constellation_samples.csv","CodewordIndex","index","Protocol/table index."
"csv\ul_constellation_samples.csv","ReferenceSymbolReal","unknown","Unit not classified by catalogue."
"csv\ul_constellation_samples.csv","ReferenceSymbolImag","unknown","Unit not classified by catalogue."
"csv\ul_constellation_samples.csv","TxReal","unknown","Unit not classified by catalogue."
"csv\ul_constellation_samples.csv","TxImag","unknown","Unit not classified by catalogue."
"csv\ul_constellation_samples.csv","RawEqualizedReal","unknown","Unit not classified by catalogue."
"csv\ul_constellation_samples.csv","RawEqualizedImag","unknown","Unit not classified by catalogue."
"csv\ul_constellation_samples.csv","EqualizedReal","unknown","Unit not classified by catalogue."
"csv\ul_constellation_samples.csv","EqualizedImag","unknown","Unit not classified by catalogue."
"csv\ul_constellation_samples.csv","HardDecisionReal","unknown","Unit not classified by catalogue."
"csv\ul_constellation_samples.csv","HardDecisionImag","unknown","Unit not classified by catalogue."
"csv\ul_constellation_samples.csv","DecisionReal","unknown","Unit not classified by catalogue."
"csv\ul_constellation_samples.csv","DecisionImag","unknown","Unit not classified by catalogue."
"csv\ul_constellation_samples.csv","DetectorOutputReal","unknown","Unit not classified by catalogue."
"csv\ul_constellation_samples.csv","DetectorOutputImag","unknown","Unit not classified by catalogue."
"csv\ul_constellation_samples.csv","SymbolErrorMagnitude","unknown","Unit not classified by catalogue."
"csv\ul_constellation_samples.csv","SymbolEVM_rms","ms","Time duration in milliseconds."
"csv\ul_constellation_samples.csv","Frame","unknown","Unit not classified by catalogue."
"csv\ul_constellation_samples.csv","RuntimeSlot","unknown","Unit not classified by catalogue."
"csv\ul_constellation_samples.csv","TBId","unknown","Unit not classified by catalogue."
"csv\ul_constellation_samples.csv","MCSIndex","index","Protocol/table index."
"csv\ul_constellation_samples.csv","MCS","index","Protocol/table index."
"csv\ul_constellation_samples.csv","Layers","unknown","Unit not classified by catalogue."
"csv\ul_constellation_samples.csv","PostEqSINR_dB","dB","Log-domain radio metric."
"csv\ul_constellation_samples.csv","MeasuredSINR_dB","dB","Log-domain radio metric."
"csv\ul_constellation_samples.csv","EVM_rms","ms","Time duration in milliseconds."
"csv\ul_constellation_samples.csv","RuntimeEVMRms_pct","unknown","Unit not classified by catalogue."
"csv\ul_constellation_samples.csv","RuntimeEVM_dB","dB","Log-domain radio metric."
"csv\ul_constellation_samples.csv","RuntimeNormalization","unknown","Unit not classified by catalogue."
"csv\ul_constellation_samples.csv","TruthStatus","us","Time duration in microseconds."
"csv\ul_constellation_samples.csv","direction","unknown","Unit not classified by catalogue."
"csv\ul_constellation_samples.csv","ue_id","unknown","Unit not classified by catalogue."
"csv\ul_constellation_samples.csv","slot","unknown","Unit not classified by catalogue."
"csv\ul_constellation_samples.csv","tb_id","unknown","Unit not classified by catalogue."
"csv\ul_constellation_samples.csv","layer","unknown","Unit not classified by catalogue."
"csv\ul_constellation_samples.csv","modulation","unknown","Unit not classified by catalogue."
"csv\ul_constellation_samples.csv","mcs_index","index","Protocol/table index."
"csv\ul_constellation_samples.csv","snr_db","dB","Log-domain radio metric."
"csv\ul_constellation_samples.csv","posteq_sinr_db","dB","Log-domain radio metric."
"csv\ul_constellation_samples.csv","symbol_index","index","Protocol/table index."
"csv\ul_constellation_samples.csv","reference_symbol_i","unknown","Unit not classified by catalogue."
"csv\ul_constellation_samples.csv","reference_symbol_q","unknown","Unit not classified by catalogue."
"csv\ul_constellation_samples.csv","equalized_i","unknown","Unit not classified by catalogue."
"csv\ul_constellation_samples.csv","equalized_q","unknown","Unit not classified by catalogue."
"csv\ul_constellation_samples.csv","evm_rms_pct","unknown","Unit not classified by catalogue."
"csv\ul_constellation_samples.csv","evm_db","dB","Log-domain radio metric."
"csv\ul_constellation_samples.csv","normalization","unknown","Unit not classified by catalogue."
"csv\ul_constellation_samples.csv","truth_status","us","Time duration in microseconds."
"csv\ul_constellation_samples.csv","UEIndex","index","Protocol/table index."
"csv\ul_constellation_samples.csv","RNTI","unknown","Unit not classified by catalogue."
"csv\ul_constellation_samples.csv","BeamSelectionStrategy","ratio","Unitless ratio/probability."
"csv\ul_constellation_samples.csv","ConfiguredTxAntennas","unknown","Unit not classified by catalogue."
"csv\ul_constellation_samples.csv","ConfiguredRxAntennas","unknown","Unit not classified by catalogue."
"csv\ul_pusch_trials.csv","Direction","unknown","Unit not classified by catalogue."
"csv\ul_pusch_trials.csv","SNR_dB","dB","Log-domain radio metric."
"csv\ul_pusch_trials.csv","Seed","unknown","Unit not classified by catalogue."
"csv\ul_pusch_trials.csv","Frame","unknown","Unit not classified by catalogue."
"csv\ul_pusch_trials.csv","Slot","unknown","Unit not classified by catalogue."
"csv\ul_pusch_trials.csv","MCS","index","Protocol/table index."
"csv\ul_pusch_trials.csv","PRBs","unknown","Unit not classified by catalogue."
"csv\ul_pusch_trials.csv","Layers","unknown","Unit not classified by catalogue."
"csv\ul_pusch_trials.csv","ConfiguredLayers","unknown","Unit not classified by catalogue."
"csv\ul_pusch_trials.csv","ConfiguredTxAntennas","unknown","Unit not classified by catalogue."
"csv\ul_pusch_trials.csv","ConfiguredRxAntennas","unknown","Unit not classified by catalogue."
"csv\ul_pusch_trials.csv","Modulation","unknown","Unit not classified by catalogue."
"csv\ul_pusch_trials.csv","TargetCodeRate","ratio","Unitless ratio/probability."
"csv\ul_pusch_trials.csv","TBSize_bits","bits","Bit count."
"csv\ul_pusch_trials.csv","PRBStart","unknown","Unit not classified by catalogue."
"csv\ul_pusch_trials.csv","AllocatedPRBCount","count","Count."
"csv\ul_pusch_trials.csv","PRBCount","count","Count."
"csv\ul_pusch_trials.csv","SymbolStart","unknown","Unit not classified by catalogue."
"csv\ul_pusch_trials.csv","NumSymbols","count","Count."
"csv\ul_pusch_trials.csv","ChannelModel","unknown","Unit not classified by catalogue."
"csv\ul_pusch_trials.csv","ChannelModelApplied","unknown","Unit not classified by catalogue."
"csv\ul_pusch_trials.csv","ChannelFadingApplied","unknown","Unit not classified by catalogue."
"csv\ul_pusch_trials.csv","DopplerHz","Hz","Frequency in hertz."
"csv\ul_pusch_trials.csv","CRCPass","unknown","Unit not classified by catalogue."
"csv\ul_pusch_trials.csv","CRCApplicable","unknown","Unit not classified by catalogue."
"csv\ul_pusch_trials.csv","CRCOutcome","unknown","Unit not classified by catalogue."
"csv\ul_pusch_trials.csv","HARQProcess","unknown","Unit not classified by catalogue."
"csv\ul_pusch_trials.csv","HARQNDI","unknown","Unit not classified by catalogue."
"csv\ul_pusch_trials.csv","HARQRV","unknown","Unit not classified by catalogue."
"csv\ul_pusch_trials.csv","HARQIsRetransmission","unknown","Unit not classified by catalogue."
"csv\ul_pusch_trials.csv","HARQFeedbackDueSlot","unknown","Unit not classified by catalogue."
"csv\ul_pusch_trials.csv","RV","unknown","Unit not classified by catalogue."
"csv\ul_pusch_trials.csv","HARQProcessId","unknown","Unit not classified by catalogue."
"csv\ul_pusch_trials.csv","HarqID","unknown","Unit not classified by catalogue."
"csv\ul_pusch_trials.csv","HARQRound","unknown","Unit not classified by catalogue."
"csv\ul_pusch_trials.csv","NDI","unknown","Unit not classified by catalogue."
"csv\ul_pusch_trials.csv","IsRetransmission","unknown","Unit not classified by catalogue."
"csv\ul_pusch_trials.csv","NDIEpoch","unknown","Unit not classified by catalogue."
"csv\ul_pusch_trials.csv","OriginalTBSBits","bits","Bit count."
"csv\ul_pusch_trials.csv","CurrentTBSBits","bits","Bit count."
"csv\ul_pusch_trials.csv","OriginalRateMatchedBits","ratio","Unitless ratio/probability."
"csv\ul_pusch_trials.csv","CurrentRateMatchedBits","ratio","Unitless ratio/probability."
"csv\ul_pusch_trials.csv","EffectiveInitialCodeRate","ratio","Unitless ratio/probability."
"csv\ul_pusch_trials.csv","EffectiveCurrentTxCodeRate","ratio","Unitless ratio/probability."
"csv\ul_pusch_trials.csv","ShortIRRetx","unknown","Unit not classified by catalogue."
"csv\ul_pusch_trials.csv","CodeBlockLayoutHash","unknown","Unit not classified by catalogue."
"csv\ul_pusch_trials.csv","HARQContextHash","unknown","Unit not classified by catalogue."
"csv\ul_pusch_trials.csv","HARQContextStatus","us","Time duration in microseconds."
"csv\ul_pusch_trials.csv","HARQCurrentDecodeOK","unknown","Unit not classified by catalogue."
"csv\ul_pusch_trials.csv","HARQCombinedDecodeOK","unknown","Unit not classified by catalogue."
"csv\ul_pusch_trials.csv","HARQCombiningApplied","unknown","Unit not classified by catalogue."
"csv\ul_pusch_trials.csv","HARQLLRCombiningGain_dB","dB","Log-domain radio metric."
"csv\ul_pusch_trials.csv","HARQPreviousLLRCount","count","Count."
"csv\ul_pusch_trials.csv","HARQCurrentLLRCount","count","Count."
"csv\ul_pusch_trials.csv","HARQCombinedLLRCount","count","Count."
"csv\ul_pusch_trials.csv","DecoderIterations","index","Protocol/table index."
"csv\ul_pusch_trials.csv","EVM_rms","ms","Time duration in milliseconds."
"csv\ul_pusch_trials.csv","NMSE_dB","dB","Log-domain radio metric."
"csv\ul_pusch_trials.csv","DetectionMetric","index","Protocol/table index."
"csv\ul_pusch_trials.csv","DetectionThreshold","unknown","Unit not classified by catalogue."
"csv\ul_pusch_trials.csv","CandidateCount","count","Count."
"csv\ul_pusch_trials.csv","MissedDetection","unknown","Unit not classified by catalogue."
"csv\ul_pusch_trials.csv","FalseAlarm","unknown","Unit not classified by catalogue."
"csv\ul_pusch_trials.csv","DTXFlag","unknown","Unit not classified by catalogue."
"csv\ul_pusch_trials.csv","PreambleIndex","index","Protocol/table index."
"csv\ul_pusch_trials.csv","RequestedPreambleIndex","index","Protocol/table index."
"csv\ul_pusch_trials.csv","DetectedPreambleIndex","index","Protocol/table index."
"csv\ul_pusch_trials.csv","PreambleIndexFromPeak","index","Protocol/table index."
"csv\ul_pusch_trials.csv","MeasuredSINR_dB","dB","Log-domain radio metric."
"csv\ul_pusch_trials.csv","WidebandCQI","index","Protocol/table index."
"csv\ul_pusch_trials.csv","CQIDerivedMCS","index","Protocol/table index."
"csv\ul_pusch_trials.csv","CQIDerivedModulation","index","Protocol/table index."
"csv\ul_pusch_trials.csv","CQIDerivedTargetCodeRate","ratio","Unitless ratio/probability."
"csv\ul_pusch_trials.csv","LinkAdaptationMode","unknown","Unit not classified by catalogue."
"csv\ul_pusch_trials.csv","ConfiguredLinkAdaptationMode","unknown","Unit not classified by catalogue."
"csv\ul_pusch_trials.csv","LinkAdaptationDomain","unknown","Unit not classified by catalogue."
"csv\ul_pusch_trials.csv","ActualMCSSelectionMode","index","Protocol/table index."
"csv\ul_pusch_trials.csv","ConfiguredMCSSelectionPolicy","index","Protocol/table index."
"csv\ul_pusch_trials.csv","SchedulerGrantMCSSelectionMode","index","Protocol/table index."
"csv\ul_pusch_trials.csv","CQISource","index","Protocol/table index."
"csv\ul_pusch_trials.csv","MCSSelectionSource","index","Protocol/table index."
"csv\ul_pusch_trials.csv","MCSValueStatus","us","Time duration in microseconds."
"csv\ul_pusch_trials.csv","OLLADomain","unknown","Unit not classified by catalogue."
"csv\ul_pusch_trials.csv","OuterLoopEnabled","unknown","Unit not classified by catalogue."
"csv\ul_pusch_trials.csv","InnerLoopEnabled","unknown","Unit not classified by catalogue."
"csv\ul_pusch_trials.csv","OuterLoopApplied","unknown","Unit not classified by catalogue."
"csv\ul_pusch_trials.csv","InnerLoopApplied","unknown","Unit not classified by catalogue."
"csv\ul_pusch_trials.csv","OLLAState","unknown","Unit not classified by catalogue."
"csv\ul_pusch_trials.csv","CalibrationProfile","unknown","Unit not classified by catalogue."
"csv\ul_pusch_trials.csv","RequestedOperatingPointSource","unknown","Unit not classified by catalogue."
"csv\ul_pusch_trials.csv","CQITable","index","Protocol/table index."
"csv\ul_pusch_trials.csv","MCSTable","index","Protocol/table index."
"csv\ul_pusch_trials.csv","RankIndicator","unknown","Unit not classified by catalogue."
"csv\ul_pusch_trials.csv","RankSelectionPolicy","unknown","Unit not classified by catalogue."
"csv\ul_pusch_trials.csv","RankSelectionSource","unknown","Unit not classified by catalogue."
"csv\ul_pusch_trials.csv","RankDecisionReason","unknown","Unit not classified by catalogue."
"csv\ul_pusch_trials.csv","RankDowngradeApplied","unknown","Unit not classified by catalogue."
"csv\ul_pusch_trials.csv","MaxSupportedLayers","unknown","Unit not classified by catalogue."
"csv\ul_pusch_trials.csv","MUMIMOEnabled","unknown","Unit not classified by catalogue."
"csv\ul_pusch_trials.csv","MUMIMOGroupSize","unknown","Unit not classified by catalogue."
"csv\ul_pusch_trials.csv","MUMIMOGroupId","unknown","Unit not classified by catalogue."
"csv\ul_pusch_trials.csv","MUMIMOPairingStatus","us","Time duration in microseconds."
"csv\ul_pusch_trials.csv","MUMIMOPairingMetricSource","index","Protocol/table index."
"csv\ul_pusch_trials.csv","MUMIMOPairingMetricValue_dB","dB","Log-domain radio metric."
"csv\ul_pusch_trials.csv","MUMIMOPairingWorstMetricValue_dB","dB","Log-domain radio metric."
"csv\ul_pusch_trials.csv","MUMIMOPairingEvidenceSource","index","Protocol/table index."
"csv\ul_pusch_trials.csv","MUMIMOPrecoderType","unknown","Unit not classified by catalogue."
"csv\ul_pusch_trials.csv","MUMIMORequiredLeakageThreshold_dB","dB","Log-domain radio metric."
"csv\ul_pusch_trials.csv","MUMIMODesiredSubspaceGain_dB","dB","Log-domain radio metric."
"csv\ul_pusch_trials.csv","MUMIMORequiredMinimumDesiredGain_dB","dB","Log-domain radio metric."
"csv\ul_pusch_trials.csv","MUMIMOSpatialDesignStatus","us","Time duration in microseconds."
"csv\ul_pusch_trials.csv","MUMIMOSpatialDesignContractVersion","unknown","Unit not classified by catalogue."
"csv\ul_pusch_trials.csv","MUMIMOSpatialDesignEvidenceSource","unknown","Unit not classified by catalogue."
"csv\ul_pusch_trials.csv","MUMIMOSpatialFilterMatrixSHA256","index","Protocol/table index."
"csv\ul_pusch_trials.csv","MUMIMOReceiveCombiningMatrixSHA256","index","Protocol/table index."
"csv\ul_pusch_trials.csv","MUMIMOReceiverAlgorithm","index","Protocol/table index."
"csv\ul_pusch_trials.csv","MUMIMOReceiveCombinerApplied","unknown","Unit not classified by catalogue."
"csv\ul_pusch_trials.csv","MUMIMOReceiveCombinerStatus","us","Time duration in microseconds."
"csv\ul_pusch_trials.csv","MUMIMOReceiveCombinerSource","unknown","Unit not classified by catalogue."
"csv\ul_pusch_trials.csv","MUMIMOReceiveCombinerInputBranches","index","Protocol/table index."
"csv\ul_pusch_trials.csv","MUMIMOReceiveCombinerOutputBranches","unknown","Unit not classified by catalogue."
"csv\ul_pusch_trials.csv","MUMIMOReceiveCombinerMatrixSHA256","index","Protocol/table index."
"csv\ul_pusch_trials.csv","MUMIMOReceiveCombinerInterferenceProjected","index","Protocol/table index."
"csv\ul_pusch_trials.csv","CSIReportMode","unknown","Unit not classified by catalogue."
"csv\ul_pusch_trials.csv","ConfiguredBeamSelectionStrategy","ratio","Unitless ratio/probability."
"csv\ul_pusch_trials.csv","PrecoderSource","unknown","Unit not classified by catalogue."
"csv\ul_pusch_trials.csv","PrecodingMode","unknown","Unit not classified by catalogue."
"csv\ul_pusch_trials.csv","PrecodingApplicationStage","unknown","Unit not classified by catalogue."
"csv\ul_pusch_trials.csv","PrecodingActive","unknown","Unit not classified by catalogue."
"csv\ul_pusch_trials.csv","ExplicitBeamWeightsApplied","unknown","Unit not classified by catalogue."
"csv\ul_pusch_trials.csv","TransformPrecodingApplied","unknown","Unit not classified by catalogue."
"csv\ul_pusch_trials.csv","BeamformingApplied","unknown","Unit not classified by catalogue."
"csv\ul_pusch_trials.csv","AppliedBeamIndexSet","index","Protocol/table index."
"csv\ul_pusch_trials.csv","AppliedPrecoderPMI","index","Protocol/table index."
"csv\ul_pusch_trials.csv","AppliedPrecoderPMIType","index","Protocol/table index."
"csv\ul_pusch_trials.csv","AppliedPrecoderCodebookMode","unknown","Unit not classified by catalogue."
"csv\ul_pusch_trials.csv","RequestedVsAppliedPrecoderPMIMatchStatus","us","Time duration in microseconds."
"csv\ul_pusch_trials.csv","BeamSelectionStrategy","ratio","Unitless ratio/probability."
"csv\ul_pusch_trials.csv","BeamSelectionAuthority","index","Protocol/table index."
"csv\ul_pusch_trials.csv","BeamSelectionPolicyType","unknown","Unit not classified by catalogue."
"csv\ul_pusch_trials.csv","BeamSelectionPolicyFixed","unknown","Unit not classified by catalogue."
"csv\ul_pusch_trials.csv","RequestedBeamIndexSet","index","Protocol/table index."
"csv\ul_pusch_trials.csv","RequestedPrecoderPMI","index","Protocol/table index."
"csv\ul_pusch_trials.csv","RequestedPrecoderSource","unknown","Unit not classified by catalogue."
"csv\ul_pusch_trials.csv","AppliedPrecoderSource","unknown","Unit not classified by catalogue."
"csv\ul_pusch_trials.csv","RequestedBeamTruthClassification","unknown","Unit not classified by catalogue."
"csv\ul_pusch_trials.csv","RequestedPrecoderPMITruthClassification","index","Protocol/table index."
"csv\ul_pusch_trials.csv","AppliedBeamApplicationSource","unknown","Unit not classified by catalogue."
"csv\ul_pusch_trials.csv","AppliedBeamTruthClassification","unknown","Unit not classified by catalogue."
"csv\ul_pusch_trials.csv","AppliedPrecoderPMIApplicationSource","index","Protocol/table index."
"csv\ul_pusch_trials.csv","AppliedPrecoderPMITruthClassification","index","Protocol/table index."
"csv\ul_pusch_trials.csv","MCSAuthority","index","Protocol/table index."
"csv\ul_pusch_trials.csv","ModulationAuthority","index","Protocol/table index."
"csv\ul_pusch_trials.csv","GrantOperatingPointSource","unknown","Unit not classified by catalogue."
"csv\ul_pusch_trials.csv","AppliedOperatingPointSource","unknown","Unit not classified by catalogue."
"csv\ul_pusch_trials.csv","PrecodingNumPorts","unknown","Unit not classified by catalogue."
"csv\ul_pusch_trials.csv","PrecodingNumLayers","unknown","Unit not classified by catalogue."
"csv\ul_pusch_trials.csv","PrecodingMatrixRows","index","Protocol/table index."
"csv\ul_pusch_trials.csv","PrecodingMatrixCols","index","Protocol/table index."
"csv\ul_pusch_trials.csv","FormatAdapted","unknown","Unit not classified by catalogue."
"csv\ul_pusch_trials.csv","ControlResourceValidity","unknown","Unit not classified by catalogue."
"csv\ul_pusch_trials.csv","ControlResourceSource","unknown","Unit not classified by catalogue."
"csv\ul_pusch_trials.csv","UCICRCApplicable","unknown","Unit not classified by catalogue."
"csv\ul_pusch_trials.csv","ReceiverHestSINRApplicable","dB","Log-domain radio metric."
"csv\ul_pusch_trials.csv","FalseAlarmFlag","unknown","Unit not classified by catalogue."
"csv\ul_pusch_trials.csv","DCICrcPass","unknown","Unit not classified by catalogue."
"csv\ul_pusch_trials.csv","PDCCHPayloadMatch","unknown","Unit not classified by catalogue."
"csv\ul_pusch_trials.csv","PDCCHCausalGrantDecodeOk","unknown","Unit not classified by catalogue."
"csv\ul_pusch_trials.csv","PDCCHMissedDetection","unknown","Unit not classified by catalogue."
"csv\ul_pusch_trials.csv","PDCCHFalseAlarm","unknown","Unit not classified by catalogue."
"csv\ul_pusch_trials.csv","GrantValid","unknown","Unit not classified by catalogue."
"csv\ul_pusch_trials.csv","NegativeExpectedOk","unknown","Unit not classified by catalogue."
"csv\ul_pusch_trials.csv","PDCCHBlindSearchEnabled","unknown","Unit not classified by catalogue."
"csv\ul_pusch_trials.csv","PDCCHREGMappingAvailable","unknown","Unit not classified by catalogue."
"csv\ul_pusch_trials.csv","ChannelGain_dB","dB","Log-domain radio metric."
"csv\ul_pusch_trials.csv","NoiseVariance","index","Protocol/table index."
"csv\ul_pusch_trials.csv","DesiredSignalPowerBeforeNoise","unknown","Unit not classified by catalogue."
"csv\ul_pusch_trials.csv","CompositeSignalPowerBeforeNoise","unknown","Unit not classified by catalogue."
"csv\ul_pusch_trials.csv","AppliedNoiseSNR_dB","dB","Log-domain radio metric."
"csv\ul_pusch_trials.csv","NoiseVarianceSource","index","Protocol/table index."
"csv\ul_pusch_trials.csv","NoiseVarStatus","us","Time duration in microseconds."
"csv\ul_pusch_trials.csv","NoiseVarSource","unknown","Unit not classified by catalogue."
"csv\ul_pusch_trials.csv","NoiseVarReason","unknown","Unit not classified by catalogue."
"csv\ul_pusch_trials.csv","NoiseVarStrictFailure","index","Protocol/table index."
"csv\ul_pusch_trials.csv","ReceiverUsable","unknown","Unit not classified by catalogue."
"csv\ul_pusch_trials.csv","DecodeAttempted","unknown","Unit not classified by catalogue."
"csv\ul_pusch_trials.csv","DecodeUsable","unknown","Unit not classified by catalogue."
"csv\ul_pusch_trials.csv","StrictReceiverEvidenceOk","index","Protocol/table index."
"csv\ul_pusch_trials.csv","StrictOk","index","Protocol/table index."
"csv\ul_pusch_trials.csv","TruthStatus","us","Time duration in microseconds."
"csv\ul_pusch_trials.csv","ChannelEstimateAttempted","unknown","Unit not classified by catalogue."
"csv\ul_pusch_trials.csv","ChannelEstimateAvailable","unknown","Unit not classified by catalogue."
"csv\ul_pusch_trials.csv","ChannelEstimateSource","unknown","Unit not classified by catalogue."
"csv\ul_pusch_trials.csv","ResourceExtractionAttempted","unknown","Unit not classified by catalogue."
"csv\ul_pusch_trials.csv","ResourceExtractionAvailable","unknown","Unit not classified by catalogue."
"csv\ul_pusch_trials.csv","EqualizationAttempted","unknown","Unit not classified by catalogue."
"csv\ul_pusch_trials.csv","EqualizationAvailable","unknown","Unit not classified by catalogue."
"csv\ul_pusch_trials.csv","DLSCHDecodeAttempted","unknown","Unit not classified by catalogue."
"csv\ul_pusch_trials.csv","DLSCHDecodeAvailable","unknown","Unit not classified by catalogue."
"csv\ul_pusch_trials.csv","ULSCHDecodeAttempted","unknown","Unit not classified by catalogue."
"csv\ul_pusch_trials.csv","ULSCHDecodeAvailable","unknown","Unit not classified by catalogue."
"csv\ul_pusch_trials.csv","LLRAvailable","unknown","Unit not classified by catalogue."
"csv\ul_pusch_trials.csv","LLRFinite","unknown","Unit not classified by catalogue."
"csv\ul_pusch_trials.csv","LLRScaleSource","unknown","Unit not classified by catalogue."
"csv\ul_pusch_trials.csv","LLRNoiseVariance","index","Protocol/table index."
"csv\ul_pusch_trials.csv","PostEqSINRWidebanddB","dB","Log-domain radio metric."
"csv\ul_pusch_trials.csv","PostEqSINRAvailable","dB","Log-domain radio metric."
"csv\ul_pusch_trials.csv","PostEqSINRReceiverDerived","dB","Log-domain radio metric."
"csv\ul_pusch_trials.csv","SINRValidationStatus","dB","Log-domain radio metric."
"csv\ul_pusch_trials.csv","SINRComputationMethod","dB","Log-domain radio metric."
"csv\ul_pusch_trials.csv","ConfiguredSNRLikeSourceRejected","unknown","Unit not classified by catalogue."
"csv\ul_pusch_trials.csv","EqualizerType","unknown","Unit not classified by catalogue."
"csv\ul_pusch_trials.csv","EqualizerRequestedType","unknown","Unit not classified by catalogue."
"csv\ul_pusch_trials.csv","EqualizerEngine","unknown","Unit not classified by catalogue."
"csv\ul_pusch_trials.csv","InterferenceCovarianceAvailable","index","Protocol/table index."
"csv\ul_pusch_trials.csv","InterferenceCovarianceSource","index","Protocol/table index."
"csv\ul_pusch_trials.csv","InterferenceCovarianceStatus","us","Time duration in microseconds."
"csv\ul_pusch_trials.csv","DetectionAttempted","unknown","Unit not classified by catalogue."
"csv\ul_pusch_trials.csv","DetectionSuccess","unknown","Unit not classified by catalogue."
"csv\ul_pusch_trials.csv","DetectionUsable","unknown","Unit not classified by catalogue."
"csv\ul_pusch_trials.csv","MeasurementAttempted","unknown","Unit not classified by catalogue."
"csv\ul_pusch_trials.csv","MeasurementUsable","unknown","Unit not classified by catalogue."
"csv\ul_pusch_trials.csv","FailureReason","unknown","Unit not classified by catalogue."
"csv\ul_pusch_trials.csv","TimingOffset_samples","samples","Discrete sample count or offset."
"csv\ul_pusch_trials.csv","TAOutOfRangeFlag","unknown","Unit not classified by catalogue."
"csv\ul_pusch_trials.csv","RankEstimate","unknown","Unit not classified by catalogue."
"csv\ul_pusch_trials.csv","ConditionNumber_dB","dB","Log-domain radio metric."
"csv\ul_pusch_trials.csv","NumRxAntennas","count","Count."
"csv\ul_pusch_trials.csv","NumTxPorts","count","Count."
"csv\ul_pusch_trials.csv","TxWaveformColumns","unknown","Unit not classified by catalogue."
"csv\ul_pusch_trials.csv","PhysicalTxAntennas","unknown","Unit not classified by catalogue."
"csv\ul_pusch_trials.csv","RxWaveformBranches","unknown","Unit not classified by catalogue."
"csv\ul_pusch_trials.csv","PhysicalRxAntennas","unknown","Unit not classified by catalogue."
"csv\ul_pusch_trials.csv","TxWaveformDomain","unknown","Unit not classified by catalogue."
"csv\ul_pusch_trials.csv","HybridElementDomainApplied","index","Protocol/table index."
"csv\ul_pusch_trials.csv","SelectedBeamIndex","index","Protocol/table index."
"csv\ul_pusch_trials.csv","BestBeamIndex","index","Protocol/table index."
"csv\ul_pusch_trials.csv","BeamHit","unknown","Unit not classified by catalogue."
"csv\ul_pusch_trials.csv","TopKBeamHit","unknown","Unit not classified by catalogue."
"csv\ul_pusch_trials.csv","BeamCandidateCount","count","Count."
"csv\ul_pusch_trials.csv","SelectedBeamGain_dB","dB","Log-domain radio metric."
"csv\ul_pusch_trials.csv","BestBeamGain_dB","dB","Log-domain radio metric."
"csv\ul_pusch_trials.csv","BeamGainGap_dB","dB","Log-domain radio metric."
"csv\ul_pusch_trials.csv","ConfiguredPMI","index","Protocol/table index."
"csv\ul_pusch_trials.csv","BitErrors","unknown","Unit not classified by catalogue."
"csv\ul_pusch_trials.csv","BitsCompared","bits","Bit count."
"csv\ul_pusch_trials.csv","RawBER","ratio","Unitless ratio/probability."
"csv\ul_pusch_trials.csv","OfferedBits","bits","Bit count."
"csv\ul_pusch_trials.csv","GoodBits","bits","Bit count."
"csv\ul_pusch_trials.csv","OfferedThroughput_Mbps","Mbps","Megabits per second."
"csv\ul_pusch_trials.csv","Goodput_Mbps","Mbps","Megabits per second."
"csv\ul_pusch_trials.csv","ComputeLatency_ms","ms","Time duration in milliseconds."
"csv\ul_pusch_trials.csv","ProcedureDelay_ms","ms","Time duration in milliseconds."
"csv\ul_pusch_trials.csv","AirInterfaceTTI_ms","ms","Time duration in milliseconds."
"csv\ul_pusch_trials.csv","AirInterfaceObservation_ms","ms","Time duration in milliseconds."
"csv\ul_pusch_trials.csv","DecodeLatency_ms","ms","Time duration in milliseconds."
"csv\ul_pusch_trials.csv","EarlyStopRate","ratio","Unitless ratio/probability."
"csv\ul_pusch_trials.csv","DecoderComplexityUnits","unknown","Unit not classified by catalogue."
"csv\ul_pusch_trials.csv","NormalizedDecoderComplexity","unknown","Unit not classified by catalogue."
"csv\ul_pusch_trials.csv","AreaEfficiencyProxy","unknown","Unit not classified by catalogue."
"csv\ul_pusch_trials.csv","NumCodeBlocks","count","Count."
"csv\ul_pusch_trials.csv","CodeBlockLength_bits","bits","Bit count."
"csv\ul_pusch_trials.csv","SegmentationOccurred","unknown","Unit not classified by catalogue."
"csv\ul_pusch_trials.csv","SegmentationPaddingBits","bits","Bit count."
"csv\ul_pusch_trials.csv","TBCRCLength_bits","bits","Bit count."
"csv\ul_pusch_trials.csv","TBLengthWithCRC_bits","bits","Bit count."
"csv\ul_pusch_trials.csv","BaseGraph","unknown","Unit not classified by catalogue."
"csv\ul_pusch_trials.csv","EncodedBits","bits","Bit count."
"csv\ul_pusch_trials.csv","RateMatchedBits","ratio","Unitless ratio/probability."
"csv\ul_pusch_trials.csv","RateMatchPunctureBits","ratio","Unitless ratio/probability."
"csv\ul_pusch_trials.csv","RateMatchRepetitionBits","ratio","Unitless ratio/probability."
"csv\ul_pusch_trials.csv","MeasuredDMRSRECount","count","Count."
"csv\ul_pusch_trials.csv","MeasuredDMRSAntennaRECount","count","Count."
"csv\ul_pusch_trials.csv","MeasuredDMRSSymbolCount","count","Count."
"csv\ul_pusch_trials.csv","MeasuredDMRSPortCount","count","Count."
"csv\ul_pusch_trials.csv","MeasuredDMRSAntennaPortCount","count","Count."
"csv\ul_pusch_trials.csv","MeasuredRateMatchedCodewordLLRBits","ratio","Unitless ratio/probability."
"csv\ul_pusch_trials.csv","MeasuredRateRecoveredLLRBits","ratio","Unitless ratio/probability."
"csv\ul_pusch_trials.csv","MeasuredRateRecoveredFiniteLLRCount","ratio","Unitless ratio/probability."
"csv\ul_pusch_trials.csv","MeasuredRateRecoverFillerBits","ratio","Unitless ratio/probability."
"csv\ul_pusch_trials.csv","MeasuredRateRecoveredCodeBlockCount","ratio","Unitless ratio/probability."
"csv\ul_pusch_trials.csv","MeasuredRateRecoveredCodeBlockLength_bits","ratio","Unitless ratio/probability."
"csv\ul_pusch_trials.csv","MeasuredLDPCDecoderMeanIterations","unknown","Unit not classified by catalogue."
"csv\ul_pusch_trials.csv","MeasuredLDPCDecoderMinIterations","unknown","Unit not classified by catalogue."
"csv\ul_pusch_trials.csv","MeasuredLDPCDecoderMaxIterations","unknown","Unit not classified by catalogue."
"csv\ul_pusch_trials.csv","MeasuredLDPCParityCheckFailures","index","Protocol/table index."
"csv\ul_pusch_trials.csv","MeasuredCodeBlockDecodeErrorCount","count","Count."
"csv\ul_pusch_trials.csv","MeasuredCodeBlockDecodeCount","count","Count."
"csv\ul_pusch_trials.csv","MeasuredCodeBlockDecodeFailureRate","ratio","Unitless ratio/probability."
"csv\ul_pusch_trials.csv","MeasuredCodeBlockCRCErrorCount","count","Count."
"csv\ul_pusch_trials.csv","MeasuredCodeBlockCRCCount","count","Count."
"csv\ul_pusch_trials.csv","MeasuredCodeBlockCRCFailureRate","ratio","Unitless ratio/probability."
"csv\ul_pusch_trials.csv","MeasuredLDPCDecoderAlgorithm","index","Protocol/table index."
"csv\ul_pusch_trials.csv","MeasuredLDPCDecoderEngine","unknown","Unit not classified by catalogue."
"csv\ul_pusch_trials.csv","MeasuredLDPCIterationVector","unknown","Unit not classified by catalogue."
"csv\ul_pusch_trials.csv","MeasuredLDPCParityCheckVector","index","Protocol/table index."
"csv\ul_pusch_trials.csv","MeasuredCodeBlockDecodeErrorVector","unknown","Unit not classified by catalogue."
"csv\ul_pusch_trials.csv","MeasuredCodeBlockCRCErrorVector","unknown","Unit not classified by catalogue."
"csv\ul_pusch_trials.csv","CodeBlockErrors","unknown","Unit not classified by catalogue."
"csv\ul_pusch_trials.csv","CodeBlockCount","count","Count."
"csv\ul_pusch_trials.csv","CodeBlockBLER","ratio","Unitless ratio/probability."
"csv\ul_pusch_trials.csv","CBGErrors","unknown","Unit not classified by catalogue."
"csv\ul_pusch_trials.csv","CBGCount","count","Count."
"csv\ul_pusch_trials.csv","CBGBLER","ratio","Unitless ratio/probability."
"csv\ul_pusch_trials.csv","PAPR_dB","dB","Log-domain radio metric."
"csv\ul_pusch_trials.csv","PeakClippingEvents","unknown","Unit not classified by catalogue."
"csv\ul_pusch_trials.csv","SymbolErrors","unknown","Unit not classified by catalogue."
"csv\ul_pusch_trials.csv","SymbolsCompared","unknown","Unit not classified by catalogue."
"csv\ul_pusch_trials.csv","SymbolErrorRate","ratio","Unitless ratio/probability."
"csv\ul_pusch_trials.csv","ResidualInterferencePower_dB","dB","Log-domain radio metric."
"csv\ul_pusch_trials.csv","LLRMeanAbs","unknown","Unit not classified by catalogue."
"csv\ul_pusch_trials.csv","LLRStdAbs","unknown","Unit not classified by catalogue."
"csv\ul_pusch_trials.csv","LLRImbalance","index","Protocol/table index."
"csv\ul_pusch_trials.csv","ModulationMappingSensitivity","unknown","Unit not classified by catalogue."
"csv\ul_pusch_trials.csv","ShapingRateLoss","ratio","Unitless ratio/probability."
"csv\ul_pusch_trials.csv","DistributionMatchingLatency_ms","ms","Time duration in milliseconds."
"csv\ul_pusch_trials.csv","HighOrderRobustness","unknown","Unit not classified by catalogue."
"csv\ul_pusch_trials.csv","DetectorComplexityUnits_Modulation","unknown","Unit not classified by catalogue."
"csv\ul_pusch_trials.csv","DataRECount","count","Count."
"csv\ul_pusch_trials.csv","DataRECountPerLayer","count","Count."
"csv\ul_pusch_trials.csv","TotalDataRECount","count","Count."
"csv\ul_pusch_trials.csv","ModulationOrderQm","unknown","Unit not classified by catalogue."
"csv\ul_pusch_trials.csv","ComputedE_TS38212","unknown","Unit not classified by catalogue."
"csv\ul_pusch_trials.csv","RateMatchedBitsDelta_TS38212","ratio","Unitless ratio/probability."
"csv\ul_pusch_trials.csv","DMRSRECount","count","Count."
"csv\ul_pusch_trials.csv","PTRSRECount","count","Count."
"csv\ul_pusch_trials.csv","RSOverheadFraction","unknown","Unit not classified by catalogue."
"csv\ul_pusch_trials.csv","InjectedCFO_Hz","Hz","Frequency in hertz."
"csv\ul_pusch_trials.csv","EstimatedCFO_PreCorrection_Hz","Hz","Frequency in hertz."
"csv\ul_pusch_trials.csv","ResidualCFO_PostCorrection_Hz","Hz","Frequency in hertz."
"csv\ul_pusch_trials.csv","EstimatedCFO_Hz","Hz","Frequency in hertz."
"csv\ul_pusch_trials.csv","TrueCFO_Hz","Hz","Frequency in hertz."
"csv\ul_pusch_trials.csv","CFOError_Hz","Hz","Frequency in hertz."
"csv\ul_pusch_trials.csv","InjectedTimingOffset_samples","samples","Discrete sample count or offset."
"csv\ul_pusch_trials.csv","EstimatedTimingOffset_PreCorrection_samples","samples","Discrete sample count or offset."
"csv\ul_pusch_trials.csv","ResidualTimingError_PostCorrection_samples","samples","Discrete sample count or offset."
"csv\ul_pusch_trials.csv","TrueTimingOffset_samples","samples","Discrete sample count or offset."
"csv\ul_pusch_trials.csv","TimingError_samples","samples","Discrete sample count or offset."
"csv\ul_pusch_trials.csv","IQImbalanceConfigured","unknown","Unit not classified by catalogue."
"csv\ul_pusch_trials.csv","IQImbalanceApplied","unknown","Unit not classified by catalogue."
"csv\ul_pusch_trials.csv","IQImbalanceModel","unknown","Unit not classified by catalogue."
"csv\ul_pusch_trials.csv","ConfiguredIQGainImbalance_dB","dB","Log-domain radio metric."
"csv\ul_pusch_trials.csv","ConfiguredIQPhaseImbalance_deg","unknown","Unit not classified by catalogue."
"csv\ul_pusch_trials.csv","IQImbalanceMirrorPowerRatio_dB","dB","Log-domain radio metric."
"csv\ul_pusch_trials.csv","IQImbalanceImageRejection_dB","dB","Log-domain radio metric."
"csv\ul_pusch_trials.csv","IQImbalanceIQPowerRatio_dB","dB","Log-domain radio metric."
"csv\ul_pusch_trials.csv","IQImbalanceIQCorrelation","unknown","Unit not classified by catalogue."
"csv\ul_pusch_trials.csv","IQImbalanceEstimatedAlphaAbs","unknown","Unit not classified by catalogue."
"csv\ul_pusch_trials.csv","IQImbalanceEstimatedBetaAbs","unknown","Unit not classified by catalogue."
"csv\ul_pusch_trials.csv","IQImbalanceMeasurementSource","unknown","Unit not classified by catalogue."
"csv\ul_pusch_trials.csv","IQImbalanceMeasurementStatus","us","Time duration in microseconds."
"csv\ul_pusch_trials.csv","InjectedDoppler_Hz","Hz","Frequency in hertz."
"csv\ul_pusch_trials.csv","EstimatedDopplerHz","Hz","Frequency in hertz."
"csv\ul_pusch_trials.csv","DopplerError_Hz","Hz","Frequency in hertz."
"csv\ul_pusch_trials.csv","PhaseTrackingError_deg","unknown","Unit not classified by catalogue."
"csv\ul_pusch_trials.csv","QCLAccuracy","unknown","Unit not classified by catalogue."
"csv\ul_pusch_trials.csv","ChannelAgingLoss_dB","dB","Log-domain radio metric."
"csv\ul_pusch_trials.csv","InterpolationLoss_dB","dB","Log-domain radio metric."
"csv\ul_pusch_trials.csv","MismatchSensitivity_dB","dB","Log-domain radio metric."
"csv\ul_pusch_trials.csv","Status","us","Time duration in microseconds."
"csv\ul_pusch_trials.csv","Crash","unknown","Unit not classified by catalogue."
"csv\ul_pusch_trials.csv","LinkAdaptationApplied","unknown","Unit not classified by catalogue."
"csv\ul_pusch_trials.csv","LinkAdaptationScheduled","unknown","Unit not classified by catalogue."
"csv\ul_pusch_trials.csv","IsWarmupFrame","unknown","Unit not classified by catalogue."
"csv\ul_pusch_trials.csv","SFN","unknown","Unit not classified by catalogue."
"csv\ul_pusch_trials.csv","UEID","unknown","Unit not classified by catalogue."
"csv\ul_pusch_trials.csv","UEIndex","index","Protocol/table index."
"csv\ul_pusch_trials.csv","RNTI","unknown","Unit not classified by catalogue."
"csv\ul_pusch_trials.csv","BaseStationID","unknown","Unit not classified by catalogue."
"csv\ul_pusch_trials.csv","AllocatedPRBCount_1","count","Count."
"csv\ul_pusch_trials.csv","PRBStart_1","unknown","Unit not classified by catalogue."
"csv\ul_pusch_trials.csv","MCSIndex","index","Protocol/table index."
"csv\ul_pusch_trials.csv","Rank","unknown","Unit not classified by catalogue."
"csv\ul_pusch_trials.csv","ConfiguredSNR_dB","dB","Log-domain radio metric."
"csv\ul_pusch_trials.csv","ConfiguredSNRSource","unknown","Unit not classified by catalogue."
"csv\ul_pusch_trials.csv","SNRValueRole","unknown","Unit not classified by catalogue."
"csv\ul_pusch_trials.csv","AppliedAWGNSNR_dB","dB","Log-domain radio metric."
"csv\ul_pusch_trials.csv","AppliedAWGNSNRSource","unknown","Unit not classified by catalogue."
"csv\ul_pusch_trials.csv","ReceiverHestSINR_dB","dB","Log-domain radio metric."
"csv\ul_pusch_trials.csv","ReceiverHestSINRSource","dB","Log-domain radio metric."
"csv\ul_pusch_trials.csv","ReceiverHestSINRValueRole","dB","Log-domain radio metric."
"csv\ul_pusch_trials.csv","ReceiverHestSINRValueStatus","dB","Log-domain radio metric."
"csv\ul_pusch_trials.csv","ReceiverHestSINRNAReason","dB","Log-domain radio metric."
"csv\ul_pusch_trials.csv","PostEqSINR_dB","dB","Log-domain radio metric."
"csv\ul_pusch_trials.csv","PostEqSINRSource","dB","Log-domain radio metric."
"csv\ul_pusch_trials.csv","PostEqSINRValueRole","dB","Log-domain radio metric."
"csv\ul_pusch_trials.csv","PostEqSINRValueStatus","dB","Log-domain radio metric."
"csv\ul_pusch_trials.csv","PostEqSINRNAReason","dB","Log-domain radio metric."
"csv\ul_pusch_trials.csv","PostEqSINRPerLayer_dB","dB","Log-domain radio metric."
"csv\ul_pusch_trials.csv","EVMProxySINR_dB","dB","Log-domain radio metric."
"csv\ul_pusch_trials.csv","EVMProxySINRSource","dB","Log-domain radio metric."
"csv\ul_pusch_trials.csv","EVMProxySINRValueRole","dB","Log-domain radio metric."
"csv\ul_pusch_trials.csv","EVMProxySINRValueStatus","dB","Log-domain radio metric."
"csv\ul_pusch_trials.csv","EVMProxySINRNAReason","dB","Log-domain radio metric."
"csv\ul_pusch_trials.csv","DecoderTruthProxySINR_dB","dB","Log-domain radio metric."
"csv\ul_pusch_trials.csv","DecoderTruthProxySINRSource","dB","Log-domain radio metric."
"csv\ul_pusch_trials.csv","DecoderTruthProxySINRValueRole","dB","Log-domain radio metric."
"csv\ul_pusch_trials.csv","DecoderTruthProxySINRValueStatus","dB","Log-domain radio metric."
"csv\ul_pusch_trials.csv","DecoderTruthProxySINRNAReason","dB","Log-domain radio metric."
"csv\ul_pusch_trials.csv","SINRValueRole","dB","Log-domain radio metric."
"csv\ul_pusch_trials.csv","SINRSource","dB","Log-domain radio metric."
"csv\ul_pusch_trials.csv","SINRValueStatus","dB","Log-domain radio metric."
"csv\ul_pusch_trials.csv","SINRValueDefinition","dB","Log-domain radio metric."
"csv\ul_pusch_trials.csv","MeasuredTrialSINR_dB","dB","Log-domain radio metric."
"csv\ul_pusch_trials.csv","MeasuredTrialSINRSource","dB","Log-domain radio metric."
"csv\ul_pusch_trials.csv","MeasuredTrialSINRValueRole","dB","Log-domain radio metric."
"csv\ul_pusch_trials.csv","MeasuredTrialSINRValueStatus","dB","Log-domain radio metric."
"csv\ul_pusch_trials.csv","MeasuredTrialSINRNAReason","dB","Log-domain radio metric."
"csv\ul_pusch_trials.csv","LargeScaleSINR_dB","dB","Log-domain radio metric."
"csv\ul_pusch_trials.csv","LargeScaleSINRSource","dB","Log-domain radio metric."
"csv\ul_pusch_trials.csv","ServingRSRP_dBm","dB","Log-domain radio metric."
"csv\ul_pusch_trials.csv","ServingRSRPSource","dB","Log-domain radio metric."
"csv\ul_pusch_trials.csv","CSI_RSRP_dB","dB","Log-domain radio metric."
"csv\ul_pusch_trials.csv","CSI_RSRPSource","dB","Log-domain radio metric."
"csv\ul_pusch_trials.csv","AppliedLargeScaleGain_dB","dB","Log-domain radio metric."
"csv\ul_pusch_trials.csv","AppliedLargeScaleLoss_dB","dB","Log-domain radio metric."
"csv\ul_pusch_trials.csv","AppliedBasePathloss_dB","dB","Log-domain radio metric."
"csv\ul_pusch_trials.csv","AppliedPathloss_dB","dB","Log-domain radio metric."
"csv\ul_pusch_trials.csv","AppliedShadowFading_dB","dB","Log-domain radio metric."
"csv\ul_pusch_trials.csv","AppliedO2I_dB","dB","Log-domain radio metric."
"csv\ul_pusch_trials.csv","AppliedLargeScaleGainSource","unknown","Unit not classified by catalogue."
"csv\ul_pusch_trials.csv","ChannelComplianceMode","unknown","Unit not classified by catalogue."
"csv\ul_pusch_trials.csv","PathlossModelSource","unknown","Unit not classified by catalogue."
"csv\ul_pusch_trials.csv","PathlossComplianceStatus","us","Time duration in microseconds."
"csv\ul_pusch_trials.csv","FallbackUsedForPathloss","unknown","Unit not classified by catalogue."
"csv\ul_pusch_trials.csv","O2IModelSource","unknown","Unit not classified by catalogue."
"csv\ul_pusch_trials.csv","O2IComplianceStatus","us","Time duration in microseconds."
"csv\ul_pusch_trials.csv","LOSProbabilitySource","ratio","Unitless ratio/probability."
"csv\ul_pusch_trials.csv","LOSComplianceStatus","us","Time duration in microseconds."
"csv\ul_pusch_trials.csv","TimingEstimateUsed","unknown","Unit not classified by catalogue."
"csv\ul_pusch_trials.csv","UseIdealTimingSync","unknown","Unit not classified by catalogue."
"csv\ul_pusch_trials.csv","AppliedTimingCorrection_samples","samples","Discrete sample count or offset."
"csv\ul_pusch_trials.csv","TimingEstimateApplicationPolicy","unknown","Unit not classified by catalogue."
"csv\ul_pusch_trials.csv","TimingEstimateStatus","us","Time duration in microseconds."
"csv\ul_pusch_trials.csv","TimingEstimateWasClipped","unknown","Unit not classified by catalogue."
"csv\ul_pusch_trials.csv","InterferenceMode","unknown","Unit not classified by catalogue."
"csv\ul_pusch_trials.csv","InterferenceContributorCount","index","Protocol/table index."
"csv\ul_pusch_trials.csv","InterferenceAggregatedRxPower_dBm","dBm","Absolute power in dBm."
"csv\ul_pusch_trials.csv","InterferencePowerSource","unknown","Unit not classified by catalogue."
"csv\ul_pusch_trials.csv","FullInterfererChannelTruthUsed","unknown","Unit not classified by catalogue."
"csv\ul_pusch_trials.csv","CFOEstimateAvailability","unknown","Unit not classified by catalogue."
"csv\ul_pusch_trials.csv","CFOErrorDefinition","unknown","Unit not classified by catalogue."
"csv\ul_pusch_trials.csv","CFOValueStatus","us","Time duration in microseconds."
"csv\ul_pusch_trials.csv","TimingEstimateAvailability","unknown","Unit not classified by catalogue."
"csv\ul_pusch_trials.csv","TimingErrorDefinition","unknown","Unit not classified by catalogue."
"csv\ul_pusch_trials.csv","TimingValueStatus","us","Time duration in microseconds."
"csv\ul_pusch_trials.csv","LargeScaleSINRValueStatus","dB","Log-domain radio metric."
"csv\ul_pusch_trials.csv","LargeScaleSINRFinalizedFlag","dB","Log-domain radio metric."
"csv\ul_pusch_trials.csv","LargeScaleSINRNAReason","dB","Log-domain radio metric."
"csv\ul_pusch_trials.csv","PrimaryTruthValueStatus","us","Time duration in microseconds."
"csv\ul_pusch_trials.csv","SecondaryFieldGapFlag","unknown","Unit not classified by catalogue."
"csv\ul_pusch_trials.csv","SecondaryFieldGapCount","count","Count."
"csv\ul_pusch_trials.csv","SecondaryFieldGapReason","unknown","Unit not classified by catalogue."
"csv\ul_pusch_trials.csv","RowLifecycleState","unknown","Unit not classified by catalogue."
"csv\ul_pusch_trials.csv","PartialRowFlag","unknown","Unit not classified by catalogue."
"csv\ul_pusch_trials.csv","FinalizedFlag","unknown","Unit not classified by catalogue."
"csv\ul_pusch_trials.csv","FallbackFlag","unknown","Unit not classified by catalogue."
"csv\ul_pusch_trials.csv","PlaceholderFlag","unknown","Unit not classified by catalogue."
"csv\ul_pusch_trials.csv","NAReason","unknown","Unit not classified by catalogue."
"csv\ul_pusch_trials.csv","ScenarioID","index","Protocol/table index."
"csv\ul_pusch_trials.csv","RunnerProfile","unknown","Unit not classified by catalogue."
"csv\ul_pusch_trials.csv","ConfigHash","unknown","Unit not classified by catalogue."
"csv\ul_pusch_trials.csv","SourceArtifact","unknown","Unit not classified by catalogue."
"csv\ul_pusch_trials.csv","SourceTable","unknown","Unit not classified by catalogue."
"csv\ul_pusch_trials.csv","ArtifactClass","unknown","Unit not classified by catalogue."
"csv\ul_pusch_trials.csv","SemanticState","unknown","Unit not classified by catalogue."
"csv\ul_pusch_trials.csv","CountsTowardCoverage","count","Count."
"csv\ul_pusch_trials.csv","MachineReadable","unknown","Unit not classified by catalogue."
"csv\ul_pusch_trials.csv","HumanReadable","unknown","Unit not classified by catalogue."
"csv\ul_pusch_trials.csv","InterfererBeamformingAppliedCount","count","Count."
"csv\ul_pusch_trials.csv","InterfererExplicitBeamWeightCount","count","Count."
"csv\ul_pusch_trials.csv","InterfererTransformPrecodingCount","count","Count."
"csv\ul_pusch_trials.csv","DopplerSourceMode","unknown","Unit not classified by catalogue."
"csv\ul_pusch_trials.csv","DopplerValueRole","unknown","Unit not classified by catalogue."
"csv\ul_pusch_trials.csv","PBCHGatingActive","unknown","Unit not classified by catalogue."
"csv\ul_pusch_trials.csv","PRACHGatingActive","unknown","Unit not classified by catalogue."
"csv\ul_pusch_trials.csv","PDCCHGatingActive","unknown","Unit not classified by catalogue."
"csv\ul_pusch_trials.csv","SRSGatingActive","unknown","Unit not classified by catalogue."
"csv\ul_pusch_trials.csv","ControlEligible","unknown","Unit not classified by catalogue."
"csv\ul_pusch_trials.csv","ControlDecodeOk","unknown","Unit not classified by catalogue."
"csv\ul_pusch_trials.csv","PDCCHCausalGrantDecodeOk_1","unknown","Unit not classified by catalogue."
"csv\ul_pusch_trials.csv","PDCCHControlFailureReason","unknown","Unit not classified by catalogue."
"csv\ul_pusch_trials.csv","PDCCHControlEvidenceSource","unknown","Unit not classified by catalogue."
"csv\ul_pusch_trials.csv","ControlDecodeSource","unknown","Unit not classified by catalogue."
"csv\ul_pusch_trials.csv","GrantControlState","unknown","Unit not classified by catalogue."
"csv\ul_pusch_trials.csv","CellAcquisitionState","unknown","Unit not classified by catalogue."
"csv\ul_pusch_trials.csv","AccessState","unknown","Unit not classified by catalogue."
"csv\ul_pusch_trials.csv","SRSValidityState","unknown","Unit not classified by catalogue."
"csv\ul_pusch_trials.csv","CSIValidityState","unknown","Unit not classified by catalogue."
"csv\ul_pusch_trials.csv","SRSValid","unknown","Unit not classified by catalogue."
"csv\ul_pusch_trials.csv","SRSAgeSlots","unknown","Unit not classified by catalogue."
"csv\ul_pusch_trials.csv","TRSGatingActive","unknown","Unit not classified by catalogue."
"csv\ul_pusch_trials.csv","TRSValidityState","unknown","Unit not classified by catalogue."
"csv\ul_pusch_trials.csv","TrackingEligibility","unknown","Unit not classified by catalogue."
"csv\ul_pusch_trials.csv","TRSAgeSlots","unknown","Unit not classified by catalogue."
"csv\ul_pusch_trials.csv","LastSuccessfulTRSSlot","unknown","Unit not classified by catalogue."
"csv\ul_pusch_trials.csv","LastEstimatedTRSDopplerHz","Hz","Frequency in hertz."
"csv\ul_pusch_trials.csv","TRSStateSource","unknown","Unit not classified by catalogue."
"csv\ul_pusch_trials.csv","TRSRuntimeConsumer","unknown","Unit not classified by catalogue."
"csv\ul_pusch_trials.csv","TRSInfluencedDecision","unknown","Unit not classified by catalogue."
"csv\ul_pusch_trials.csv","TRSInfluenceDefinition","unknown","Unit not classified by catalogue."
"csv\ul_pusch_trials.csv","TRSReceiverIntegrationStatus","us","Time duration in microseconds."
"csv\ul_pusch_trials.csv","TRSReceiverIntegrationBlocker","index","Protocol/table index."
"csv\ul_pusch_trials.csv","GrantContextId","unknown","Unit not classified by catalogue."
"csv\ul_pusch_trials.csv","PDCCHGrantBindingRequired","unknown","Unit not classified by catalogue."
"csv\ul_pusch_trials.csv","PDCCHGrantBindingOk","unknown","Unit not classified by catalogue."
"csv\ul_pusch_trials.csv","PDCCHGrantBindingStatus","us","Time duration in microseconds."
"csv\ul_pusch_trials.csv","PDCCHGrantDCIId","unknown","Unit not classified by catalogue."
"csv\ul_pusch_trials.csv","PDCCHGrantDCIFieldsHash","unknown","Unit not classified by catalogue."
"csv\ul_pusch_trials.csv","PDCCHGrantFieldsHash","unknown","Unit not classified by catalogue."
"csv\ul_pusch_trials.csv","PDCCHGrantSearchSpaceId","unknown","Unit not classified by catalogue."
"csv\ul_pusch_trials.csv","PDCCHGrantCORESETId","unknown","Unit not classified by catalogue."
"csv\ul_pusch_trials.csv","PDCCHGrantAggregationLevel","unknown","Unit not classified by catalogue."
"csv\ul_pusch_trials.csv","PDCCHGrantCandidateIndex","index","Protocol/table index."
"csv\ul_pusch_trials.csv","PDCCHGrantDCIFormat","unknown","Unit not classified by catalogue."
"csv\ul_pusch_trials.csv","GrantWorkerSafe","unknown","Unit not classified by catalogue."
"csv\ul_pusch_trials.csv","GrantSharedStateCommitMode","unknown","Unit not classified by catalogue."
"csv\ul_pusch_trials.csv","BSAntennaArrayClass","unknown","Unit not classified by catalogue."
"csv\ul_pusch_trials.csv","BSAntennaElementClass","unknown","Unit not classified by catalogue."
"csv\ul_pusch_trials.csv","BSAntennaArrayType","unknown","Unit not classified by catalogue."
"csv\ul_pusch_trials.csv","BSAntennaRows","unknown","Unit not classified by catalogue."
"csv\ul_pusch_trials.csv","BSAntennaCols","unknown","Unit not classified by catalogue."
"csv\ul_pusch_trials.csv","BSAntennaElements","unknown","Unit not classified by catalogue."
"csv\ul_pusch_trials.csv","BSAntennaSpacingH_lambda","unknown","Unit not classified by catalogue."
"csv\ul_pusch_trials.csv","BSAntennaSpacingV_lambda","unknown","Unit not classified by catalogue."
"csv\ul_pusch_trials.csv","BSAntennaPolarization","index","Protocol/table index."
"csv\ul_pusch_trials.csv","BSAntennaAzimuth_deg","unknown","Unit not classified by catalogue."
"csv\ul_pusch_trials.csv","BSAntennaNumPorts","unknown","Unit not classified by catalogue."
"csv\ul_pusch_trials.csv","BSAntennaHasPhasedArrayObject","unknown","Unit not classified by catalogue."
"csv\ul_pusch_trials.csv","UEAntennaArrayClass","unknown","Unit not classified by catalogue."
"csv\ul_pusch_trials.csv","UEAntennaElementClass","unknown","Unit not classified by catalogue."
"csv\ul_pusch_trials.csv","UEAntennaArrayType","unknown","Unit not classified by catalogue."
"csv\ul_pusch_trials.csv","UEAntennaRows","unknown","Unit not classified by catalogue."
"csv\ul_pusch_trials.csv","UEAntennaCols","unknown","Unit not classified by catalogue."
"csv\ul_pusch_trials.csv","UEAntennaElements","unknown","Unit not classified by catalogue."
"csv\ul_pusch_trials.csv","UEAntennaSpacingH_lambda","unknown","Unit not classified by catalogue."
"csv\ul_pusch_trials.csv","UEAntennaSpacingV_lambda","unknown","Unit not classified by catalogue."
"csv\ul_pusch_trials.csv","UEAntennaPolarization","index","Protocol/table index."
"csv\ul_pusch_trials.csv","UEAntennaHeading_deg","unknown","Unit not classified by catalogue."
"csv\ul_pusch_trials.csv","UEAntennaNumPorts","unknown","Unit not classified by catalogue."
"csv\ul_pusch_trials.csv","UEAntennaHasPhasedArrayObject","unknown","Unit not classified by catalogue."
"csv\ul_pusch_trials.csv","AntennaConfigSource","unknown","Unit not classified by catalogue."
"csv\ul_pusch_trials.csv","RuntimeAntennaObjectSource","unknown","Unit not classified by catalogue."
"csv\ul_pusch_trials.csv","AntennaRuntimeObjectCreated","unknown","Unit not classified by catalogue."
"csv\ul_pusch_trials.csv","ChannelArrayModel","unknown","Unit not classified by catalogue."
"csv\ul_pusch_trials.csv","ChannelObjectSource","unknown","Unit not classified by catalogue."
"csv\ul_pusch_trials.csv","ChannelObjectClass","unknown","Unit not classified by catalogue."
"csv\ul_pusch_trials.csv","ChannelArrayHandlingStatus","us","Time duration in microseconds."
"csv\ul_pusch_trials.csv","ChannelArrayHandlingBlocker","unknown","Unit not classified by catalogue."
"csv\ul_pusch_trials.csv","ChannelGeometryCouplingLevel","unknown","Unit not classified by catalogue."
"csv\ul_pusch_trials.csv","GeometryAdapterType","unknown","Unit not classified by catalogue."
"csv\ul_pusch_trials.csv","GeometryAdapterSource","unknown","Unit not classified by catalogue."
"csv\ul_pusch_trials.csv","GeometryAdapterLimitation","unknown","Unit not classified by catalogue."
"csv\ul_pusch_trials.csv","GeometryAdapterPortMapping","unknown","Unit not classified by catalogue."
"csv\ul_pusch_trials.csv","ChannelUsesCountOnlyAntennaModel","count","Count."
"csv\ul_pusch_trials.csv","ChannelUsesSameRuntimeAntennaAssumptions","unknown","Unit not classified by catalogue."
"csv\ul_pusch_trials.csv","InterferenceChannelObjectSource","unknown","Unit not classified by catalogue."
"csv\ul_pusch_trials.csv","InterferenceChannelObjectClass","unknown","Unit not classified by catalogue."
"csv\ul_pusch_trials.csv","InterferenceChannelArrayHandlingStatus","us","Time duration in microseconds."
"csv\ul_pusch_trials.csv","InterferenceChannelArrayHandlingBlocker","unknown","Unit not classified by catalogue."
"csv\ul_pusch_trials.csv","InterferenceUsesSameRuntimeAntennaAssumptions","unknown","Unit not classified by catalogue."
"csv\ul_pusch_trials.csv","InterferencePathUsesSameArrayAssumptions","unknown","Unit not classified by catalogue."
"csv\ul_pusch_trials.csv","PropagationDistance_m","m","Distance in meters."
"csv\ul_pusch_trials.csv","GeometricPropagationDelay_s","index","Protocol/table index."
"csv\ul_pusch_trials.csv","DominantPathDelay_s","unknown","Unit not classified by catalogue."
"csv\ul_pusch_trials.csv","ChannelFilterDelay_s","unknown","Unit not classified by catalogue."
"csv\ul_pusch_trials.csv","PropagationDelay_s","unknown","Unit not classified by catalogue."
"csv\ul_pusch_trials.csv","ToD_s","unknown","Unit not classified by catalogue."
"csv\ul_pusch_trials.csv","ToA_s","unknown","Unit not classified by catalogue."
"csv\ul_pusch_trials.csv","ToAEstimate_s","unknown","Unit not classified by catalogue."
"csv\ul_pusch_trials.csv","ToDSource","unknown","Unit not classified by catalogue."
"csv\ul_pusch_trials.csv","ToASource","unknown","Unit not classified by catalogue."
"csv\ul_pusch_trials.csv","ToAEstimateSource","unknown","Unit not classified by catalogue."
"csv\ul_pusch_trials.csv","ChannelDelaySource","unknown","Unit not classified by catalogue."
"csv\ul_pusch_trials.csv","AntennaGeometrySource","unknown","Unit not classified by catalogue."
"csv\ul_pusch_trials.csv","RuntimeTraceSource","unknown","Unit not classified by catalogue."
"csv\ul_pusch_trials.csv","AntennaEvidenceSource","unknown","Unit not classified by catalogue."
"csv\ul_pusch_trials.csv","SameFlowEvidenceSource","unknown","Unit not classified by catalogue."
"csv\ul_pusch_trials.csv","RawTimingEstimate_samples","samples","Discrete sample count or offset."
"csv\ul_pusch_trials.csv","RuntimeMaterializationStatus","us","Time duration in microseconds."
"csv\ul_pusch_trials.csv","RuntimeEvidenceSource","unknown","Unit not classified by catalogue."
"reports\csv\dl_pdsch_objective_artifact_schema.csv","ArtifactId","unknown","Unit not classified by catalogue."
"reports\csv\dl_pdsch_objective_artifact_schema.csv","FilePath","unknown","Unit not classified by catalogue."
"reports\csv\dl_pdsch_objective_artifact_schema.csv","FolderFamily","unknown","Unit not classified by catalogue."
"reports\csv\dl_pdsch_objective_artifact_schema.csv","SemanticRole","unknown","Unit not classified by catalogue."
"reports\csv\dl_pdsch_objective_artifact_schema.csv","MachineReadable","unknown","Unit not classified by catalogue."
"reports\csv\dl_pdsch_objective_failures.csv","RunId","unknown","Unit not classified by catalogue."
"reports\csv\dl_pdsch_objective_failures.csv","FailureIndex","index","Protocol/table index."
"reports\csv\dl_pdsch_objective_failures.csv","FailureCode","unknown","Unit not classified by catalogue."
"reports\csv\dl_pdsch_objective_failures.csv","FailureCategory","unknown","Unit not classified by catalogue."
"reports\csv\dl_pdsch_objective_failures.csv","FailureSeverity","index","Protocol/table index."
"reports\csv\dl_pdsch_objective_failures.csv","RequiredFailureCountContribution","index","Protocol/table index."
"reports\csv\dl_pdsch_objective_failures.csv","FailureDefinition","unknown","Unit not classified by catalogue."
"reports\csv\dl_pdsch_raw_bler_ber_objective.csv","RunId","unknown","Unit not classified by catalogue."
"reports\csv\dl_pdsch_raw_bler_ber_objective.csv","Direction","unknown","Unit not classified by catalogue."
"reports\csv\dl_pdsch_raw_bler_ber_objective.csv","ProducerModule","unknown","Unit not classified by catalogue."
"reports\csv\dl_pdsch_raw_bler_ber_objective.csv","StrictMode","index","Protocol/table index."
"reports\csv\dl_pdsch_raw_bler_ber_objective.csv","TrialCount","index","Protocol/table index."
"reports\csv\dl_pdsch_raw_bler_ber_objective.csv","PositiveTrialCount","index","Protocol/table index."
"reports\csv\dl_pdsch_raw_bler_ber_objective.csv","TBAttemptCount","count","Count."
"reports\csv\dl_pdsch_raw_bler_ber_objective.csv","NewDataTBAttemptCount","count","Count."
"reports\csv\dl_pdsch_raw_bler_ber_objective.csv","RetransmissionAttemptCount","count","Count."
"reports\csv\dl_pdsch_raw_bler_ber_objective.csv","ObjectiveEligibleRowCount","ratio","Unitless ratio/probability."
"reports\csv\dl_pdsch_raw_bler_ber_objective.csv","TBCrcPassCount","count","Count."
"reports\csv\dl_pdsch_raw_bler_ber_objective.csv","TBCrcFailCount","count","Count."
"reports\csv\dl_pdsch_raw_bler_ber_objective.csv","MissingTBCrcCount","count","Count."
"reports\csv\dl_pdsch_raw_bler_ber_objective.csv","RawBLER","ratio","Unitless ratio/probability."
"reports\csv\dl_pdsch_raw_bler_ber_objective.csv","RawNewDataBLER","ratio","Unitless ratio/probability."
"reports\csv\dl_pdsch_raw_bler_ber_objective.csv","BitErrors","unknown","Unit not classified by catalogue."
"reports\csv\dl_pdsch_raw_bler_ber_objective.csv","BitsCompared","bits","Bit count."
"reports\csv\dl_pdsch_raw_bler_ber_objective.csv","RawBERWeighted","ratio","Unitless ratio/probability."
"reports\csv\dl_pdsch_raw_bler_ber_objective.csv","RawBERUnweighted","ratio","Unitless ratio/probability."
"reports\csv\dl_pdsch_raw_bler_ber_objective.csv","CodeBlockErrorCount","count","Count."
"reports\csv\dl_pdsch_raw_bler_ber_objective.csv","CodeBlockCount","count","Count."
"reports\csv\dl_pdsch_raw_bler_ber_objective.csv","DecoderFailureCount","count","Count."
"reports\csv\dl_pdsch_raw_bler_ber_objective.csv","HighSNRPositivePassCount","count","Count."
"reports\csv\dl_pdsch_raw_bler_ber_objective.csv","OutageRowCount","count","Count."
"reports\csv\dl_pdsch_raw_bler_ber_objective.csv","ObjectiveEvaluationScope","unknown","Unit not classified by catalogue."
"reports\csv\dl_pdsch_raw_bler_ber_objective.csv","ObjectiveTrialCount","index","Protocol/table index."
"reports\csv\dl_pdsch_raw_bler_ber_objective.csv","ObjectiveBLER","ratio","Unitless ratio/probability."
"reports\csv\dl_pdsch_raw_bler_ber_objective.csv","ObjectiveBERWeighted","ratio","Unitless ratio/probability."
"reports\csv\dl_pdsch_raw_bler_ber_objective.csv","ObjectiveDecodeSuccessRate","ratio","Unitless ratio/probability."
"reports\csv\dl_pdsch_raw_bler_ber_objective.csv","RawBLERObjectiveThreshold","ratio","Unitless ratio/probability."
"reports\csv\dl_pdsch_raw_bler_ber_objective.csv","RawBERObjectiveThreshold","ratio","Unitless ratio/probability."
"reports\csv\dl_pdsch_raw_bler_ber_objective.csv","RequiredDecodeSuccessRate","ratio","Unitless ratio/probability."
"reports\csv\dl_pdsch_raw_bler_ber_objective.csv","DecodeSuccessRate","ratio","Unitless ratio/probability."
"reports\csv\dl_pdsch_raw_bler_ber_objective.csv","RequiredConfiguredMatchRate","ratio","Unitless ratio/probability."
"reports\csv\dl_pdsch_raw_bler_ber_objective.csv","ConfiguredEffectiveMatchRate","ratio","Unitless ratio/probability."
"reports\csv\dl_pdsch_raw_bler_ber_objective.csv","RunClass","unknown","Unit not classified by catalogue."
"reports\csv\dl_pdsch_raw_bler_ber_objective.csv","FixedAnchorMode","unknown","Unit not classified by catalogue."
"reports\csv\dl_pdsch_raw_bler_ber_objective.csv","AdaptiveMode","unknown","Unit not classified by catalogue."
"reports\csv\dl_pdsch_raw_bler_ber_objective.csv","GrantBindingRequired","unknown","Unit not classified by catalogue."
"reports\csv\dl_pdsch_raw_bler_ber_objective.csv","MIMOReferenceRequired","unknown","Unit not classified by catalogue."
"reports\csv\dl_pdsch_raw_bler_ber_objective.csv","ChannelRFReferenceRequired","unknown","Unit not classified by catalogue."
"reports\csv\dl_pdsch_raw_bler_ber_objective.csv","ObjectivePass","unknown","Unit not classified by catalogue."
"reports\csv\dl_pdsch_raw_bler_ber_objective.csv","ScenarioObjectiveOk","index","Protocol/table index."
"reports\csv\dl_pdsch_raw_bler_ber_objective.csv","ResultOk","unknown","Unit not classified by catalogue."
"reports\csv\dl_pdsch_raw_bler_ber_objective.csv","TruthStatus","us","Time duration in microseconds."
"reports\csv\dl_pdsch_raw_bler_ber_objective.csv","FailureReason","unknown","Unit not classified by catalogue."
"reports\csv\dl_pdsch_raw_bler_ber_objective.csv","SourceTable","unknown","Unit not classified by catalogue."
"reports\csv\kpi_application_packet_delivery_ledger_dl.csv","Direction","unknown","Unit not classified by catalogue."
"reports\csv\kpi_application_packet_delivery_ledger_dl.csv","UEIndex","index","Protocol/table index."
"reports\csv\kpi_application_packet_delivery_ledger_dl.csv","RNTI","unknown","Unit not classified by catalogue."
"reports\csv\kpi_application_packet_delivery_ledger_dl.csv","PacketId","unknown","Unit not classified by catalogue."
"reports\csv\kpi_application_packet_delivery_ledger_dl.csv","ApplicationPacketId","unknown","Unit not classified by catalogue."
"reports\csv\kpi_application_packet_delivery_ledger_dl.csv","FlowId","unknown","Unit not classified by catalogue."
"reports\csv\kpi_application_packet_delivery_ledger_dl.csv","EnqueueFrame","unknown","Unit not classified by catalogue."
"reports\csv\kpi_application_packet_delivery_ledger_dl.csv","EnqueueSlot","unknown","Unit not classified by catalogue."
"reports\csv\kpi_application_packet_delivery_ledger_dl.csv","EnqueueCanonicalSlot","unknown","Unit not classified by catalogue."
"reports\csv\kpi_application_packet_delivery_ledger_dl.csv","EnqueueSlotInFrame","unknown","Unit not classified by catalogue."
"reports\csv\kpi_application_packet_delivery_ledger_dl.csv","EnqueueTime_s","unknown","Unit not classified by catalogue."
"reports\csv\kpi_application_packet_delivery_ledger_dl.csv","OfferedBits","bits","Bit count."
"reports\csv\kpi_application_packet_delivery_ledger_dl.csv","ScheduledBits","bits","Bit count."
"reports\csv\kpi_application_packet_delivery_ledger_dl.csv","DeliveredBits","bits","Bit count."
"reports\csv\kpi_application_packet_delivery_ledger_dl.csv","RemainingBits","bits","Bit count."
"reports\csv\kpi_application_packet_delivery_ledger_dl.csv","SegmentCount","count","Count."
"reports\csv\kpi_application_packet_delivery_ledger_dl.csv","HARQAttemptCount","count","Count."
"reports\csv\kpi_application_packet_delivery_ledger_dl.csv","FirstGrantSlot","unknown","Unit not classified by catalogue."
"reports\csv\kpi_application_packet_delivery_ledger_dl.csv","FirstGrantTime_s","unknown","Unit not classified by catalogue."
"reports\csv\kpi_application_packet_delivery_ledger_dl.csv","ReassemblyCompleteFlag","unknown","Unit not classified by catalogue."
"reports\csv\kpi_application_packet_delivery_ledger_dl.csv","DeliverySuccess","unknown","Unit not classified by catalogue."
"reports\csv\kpi_application_packet_delivery_ledger_dl.csv","PacketizationSource","unknown","Unit not classified by catalogue."
"reports\csv\kpi_application_packet_delivery_ledger_dl.csv","TimingStatus","us","Time duration in microseconds."
"reports\csv\kpi_application_packet_delivery_ledger_dl.csv","Status","us","Time duration in microseconds."
"reports\csv\kpi_application_packet_delivery_ledger_dl.csv","Notes","unknown","Unit not classified by catalogue."
"reports\csv\kpi_application_packet_delivery_ledger_ul.csv","Direction","unknown","Unit not classified by catalogue."
"reports\csv\kpi_application_packet_delivery_ledger_ul.csv","UEIndex","index","Protocol/table index."
"reports\csv\kpi_application_packet_delivery_ledger_ul.csv","RNTI","unknown","Unit not classified by catalogue."
"reports\csv\kpi_application_packet_delivery_ledger_ul.csv","PacketId","unknown","Unit not classified by catalogue."
"reports\csv\kpi_application_packet_delivery_ledger_ul.csv","ApplicationPacketId","unknown","Unit not classified by catalogue."
"reports\csv\kpi_application_packet_delivery_ledger_ul.csv","FlowId","unknown","Unit not classified by catalogue."
"reports\csv\kpi_application_packet_delivery_ledger_ul.csv","EnqueueFrame","unknown","Unit not classified by catalogue."
"reports\csv\kpi_application_packet_delivery_ledger_ul.csv","EnqueueSlot","unknown","Unit not classified by catalogue."
"reports\csv\kpi_application_packet_delivery_ledger_ul.csv","EnqueueCanonicalSlot","unknown","Unit not classified by catalogue."
"reports\csv\kpi_application_packet_delivery_ledger_ul.csv","EnqueueSlotInFrame","unknown","Unit not classified by catalogue."
"reports\csv\kpi_application_packet_delivery_ledger_ul.csv","EnqueueTime_s","unknown","Unit not classified by catalogue."
"reports\csv\kpi_application_packet_delivery_ledger_ul.csv","OfferedBits","bits","Bit count."
"reports\csv\kpi_application_packet_delivery_ledger_ul.csv","ScheduledBits","bits","Bit count."
"reports\csv\kpi_application_packet_delivery_ledger_ul.csv","DeliveredBits","bits","Bit count."
"reports\csv\kpi_application_packet_delivery_ledger_ul.csv","RemainingBits","bits","Bit count."
"reports\csv\kpi_application_packet_delivery_ledger_ul.csv","SegmentCount","count","Count."
"reports\csv\kpi_application_packet_delivery_ledger_ul.csv","HARQAttemptCount","count","Count."
"reports\csv\kpi_application_packet_delivery_ledger_ul.csv","FirstGrantSlot","unknown","Unit not classified by catalogue."
"reports\csv\kpi_application_packet_delivery_ledger_ul.csv","FirstGrantTime_s","unknown","Unit not classified by catalogue."
"reports\csv\kpi_application_packet_delivery_ledger_ul.csv","ReassemblyCompleteFlag","unknown","Unit not classified by catalogue."
"reports\csv\kpi_application_packet_delivery_ledger_ul.csv","DeliverySuccess","unknown","Unit not classified by catalogue."
"reports\csv\kpi_application_packet_delivery_ledger_ul.csv","PacketizationSource","unknown","Unit not classified by catalogue."
"reports\csv\kpi_application_packet_delivery_ledger_ul.csv","TimingStatus","us","Time duration in microseconds."
"reports\csv\kpi_application_packet_delivery_ledger_ul.csv","Status","us","Time duration in microseconds."
"reports\csv\kpi_application_packet_delivery_ledger_ul.csv","Notes","unknown","Unit not classified by catalogue."
"reports\csv\kpi_direction_isolation_audit.csv","RunId","unknown","Unit not classified by catalogue."
"reports\csv\kpi_direction_isolation_audit.csv","KPIName","unknown","Unit not classified by catalogue."
"reports\csv\kpi_direction_isolation_audit.csv","Direction","unknown","Unit not classified by catalogue."
"reports\csv\kpi_direction_isolation_audit.csv","SourceTablePath","unknown","Unit not classified by catalogue."
"reports\csv\kpi_direction_isolation_audit.csv","SourceDirection","unknown","Unit not classified by catalogue."
"reports\csv\kpi_direction_isolation_audit.csv","RowsWithExpectedDirection","unknown","Unit not classified by catalogue."
"reports\csv\kpi_direction_isolation_audit.csv","RowsWithWrongDirection","unknown","Unit not classified by catalogue."
"reports\csv\kpi_direction_isolation_audit.csv","CrossDirectionSourceUsed","unknown","Unit not classified by catalogue."
"reports\csv\kpi_direction_isolation_audit.csv","SourceRowsHash","unknown","Unit not classified by catalogue."
"reports\csv\kpi_direction_isolation_audit.csv","OppositeDirectionRowsHash","unknown","Unit not classified by catalogue."
"reports\csv\kpi_direction_isolation_audit.csv","HashCollisionOrCopySuspected","unknown","Unit not classified by catalogue."
"reports\csv\kpi_direction_isolation_audit.csv","Status","us","Time duration in microseconds."
"reports\csv\kpi_direction_isolation_audit.csv","FailureReason","unknown","Unit not classified by catalogue."
"reports\csv\kpi_duration_source_audit.csv","RunId","unknown","Unit not classified by catalogue."
"reports\csv\kpi_duration_source_audit.csv","Direction","unknown","Unit not classified by catalogue."
"reports\csv\kpi_duration_source_audit.csv","DurationSource","unknown","Unit not classified by catalogue."
"reports\csv\kpi_duration_source_audit.csv","SlotCount","count","Count."
"reports\csv\kpi_duration_source_audit.csv","RadioDurationSec","unknown","Unit not classified by catalogue."
"reports\csv\kpi_duration_source_audit.csv","ScheduledResourceExposureSec","unknown","Unit not classified by catalogue."
"reports\csv\kpi_duration_source_audit.csv","MeasurementWindowSec","unknown","Unit not classified by catalogue."
"reports\csv\kpi_duration_source_audit.csv","WarmupDurationSec","unknown","Unit not classified by catalogue."
"reports\csv\kpi_duration_source_audit.csv","AggregationDurationSec","unknown","Unit not classified by catalogue."
"reports\csv\kpi_duration_source_audit.csv","WallClockUsedForRadioThroughput","unknown","Unit not classified by catalogue."
"reports\csv\kpi_duration_source_audit.csv","Pass","unknown","Unit not classified by catalogue."
"reports\csv\kpi_duration_source_audit.csv","Status","us","Time duration in microseconds."
"reports\csv\kpi_duration_source_audit.csv","FailureReason","unknown","Unit not classified by catalogue."
"reports\csv\kpi_formula_registry.csv","KPIName","unknown","Unit not classified by catalogue."
"reports\csv\kpi_formula_registry.csv","Direction","unknown","Unit not classified by catalogue."
"reports\csv\kpi_formula_registry.csv","Layer","unknown","Unit not classified by catalogue."
"reports\csv\kpi_formula_registry.csv","Units","unknown","Unit not classified by catalogue."
"reports\csv\kpi_formula_registry.csv","NumeratorDefinition","count","Count."
"reports\csv\kpi_formula_registry.csv","DenominatorDefinition","unknown","Unit not classified by catalogue."
"reports\csv\kpi_formula_registry.csv","TimeWindowDefinition","unknown","Unit not classified by catalogue."
"reports\csv\kpi_formula_registry.csv","RequiredSourceTables","unknown","Unit not classified by catalogue."
"reports\csv\kpi_formula_registry.csv","RequiredColumns","unknown","Unit not classified by catalogue."
"reports\csv\kpi_formula_registry.csv","FilterPredicate","unknown","Unit not classified by catalogue."
"reports\csv\kpi_formula_registry.csv","DuplicateHandling","unknown","Unit not classified by catalogue."
"reports\csv\kpi_formula_registry.csv","HARQHandling","unknown","Unit not classified by catalogue."
"reports\csv\kpi_formula_registry.csv","FailedTBHandling","unknown","Unit not classified by catalogue."
"reports\csv\kpi_formula_registry.csv","MissingRowBehavior","unknown","Unit not classified by catalogue."
"reports\csv\kpi_formula_registry.csv","ProxyRowBehavior","unknown","Unit not classified by catalogue."
"reports\csv\kpi_formula_registry.csv","RoundingPolicy","unknown","Unit not classified by catalogue."
"reports\csv\kpi_formula_registry.csv","Tolerance","unknown","Unit not classified by catalogue."
"reports\csv\kpi_formula_registry.csv","StrictAllowed","index","Protocol/table index."
"reports\csv\kpi_formula_registry.csv","FormulaVersion","unknown","Unit not classified by catalogue."
"reports\csv\kpi_formula_registry.csv","ProducerModule","unknown","Unit not classified by catalogue."
"reports\csv\kpi_formula_registry.csv","FormulaEquation","unknown","Unit not classified by catalogue."
"reports\csv\kpi_formula_registry.csv","Status","us","Time duration in microseconds."
"reports\csv\kpi_harq_delivery_trace_dl.csv","RunId","unknown","Unit not classified by catalogue."
"reports\csv\kpi_harq_delivery_trace_dl.csv","Direction","unknown","Unit not classified by catalogue."
"reports\csv\kpi_harq_delivery_trace_dl.csv","UEId","unknown","Unit not classified by catalogue."
"reports\csv\kpi_harq_delivery_trace_dl.csv","TransportBlockId","unknown","Unit not classified by catalogue."
"reports\csv\kpi_harq_delivery_trace_dl.csv","Codeword","unknown","Unit not classified by catalogue."
"reports\csv\kpi_harq_delivery_trace_dl.csv","HARQProcessId","unknown","Unit not classified by catalogue."
"reports\csv\kpi_harq_delivery_trace_dl.csv","AttemptIndex","index","Protocol/table index."
"reports\csv\kpi_harq_delivery_trace_dl.csv","RV","unknown","Unit not classified by catalogue."
"reports\csv\kpi_harq_delivery_trace_dl.csv","NDI","unknown","Unit not classified by catalogue."
"reports\csv\kpi_harq_delivery_trace_dl.csv","NewDataFlag","unknown","Unit not classified by catalogue."
"reports\csv\kpi_harq_delivery_trace_dl.csv","RetransmissionFlag","unknown","Unit not classified by catalogue."
"reports\csv\kpi_harq_delivery_trace_dl.csv","ScheduleTime_s","unknown","Unit not classified by catalogue."
"reports\csv\kpi_harq_delivery_trace_dl.csv","AttemptStartTime_s","unknown","Unit not classified by catalogue."
"reports\csv\kpi_harq_delivery_trace_dl.csv","AttemptEndTime_s","unknown","Unit not classified by catalogue."
"reports\csv\kpi_harq_delivery_trace_dl.csv","ScheduledBits","bits","Bit count."
"reports\csv\kpi_harq_delivery_trace_dl.csv","TBCrcPass","unknown","Unit not classified by catalogue."
"reports\csv\kpi_harq_delivery_trace_dl.csv","DeliveredThisAttempt","unknown","Unit not classified by catalogue."
"reports\csv\kpi_harq_delivery_trace_dl.csv","FirstSuccessDelivery","unknown","Unit not classified by catalogue."
"reports\csv\kpi_harq_delivery_trace_dl.csv","DuplicateDelivery","unknown","Unit not classified by catalogue."
"reports\csv\kpi_harq_delivery_trace_dl.csv","CountedGoodputBits","bits","Bit count."
"reports\csv\kpi_harq_delivery_trace_dl.csv","ScheduledResourceExposureSec","unknown","Unit not classified by catalogue."
"reports\csv\kpi_harq_delivery_trace_dl.csv","MeasurementWindowSec","unknown","Unit not classified by catalogue."
"reports\csv\kpi_harq_delivery_trace_dl.csv","DeliveryStatus","us","Time duration in microseconds."
"reports\csv\kpi_harq_delivery_trace_dl.csv","Status","us","Time duration in microseconds."
"reports\csv\kpi_harq_delivery_trace_dl.csv","FailureReason","unknown","Unit not classified by catalogue."
"reports\csv\kpi_harq_delivery_trace_ul.csv","RunId","unknown","Unit not classified by catalogue."
"reports\csv\kpi_harq_delivery_trace_ul.csv","Direction","unknown","Unit not classified by catalogue."
"reports\csv\kpi_harq_delivery_trace_ul.csv","UEId","unknown","Unit not classified by catalogue."
"reports\csv\kpi_harq_delivery_trace_ul.csv","TransportBlockId","unknown","Unit not classified by catalogue."
"reports\csv\kpi_harq_delivery_trace_ul.csv","Codeword","unknown","Unit not classified by catalogue."
"reports\csv\kpi_harq_delivery_trace_ul.csv","HARQProcessId","unknown","Unit not classified by catalogue."
"reports\csv\kpi_harq_delivery_trace_ul.csv","AttemptIndex","index","Protocol/table index."
"reports\csv\kpi_harq_delivery_trace_ul.csv","RV","unknown","Unit not classified by catalogue."
"reports\csv\kpi_harq_delivery_trace_ul.csv","NDI","unknown","Unit not classified by catalogue."
"reports\csv\kpi_harq_delivery_trace_ul.csv","NewDataFlag","unknown","Unit not classified by catalogue."
"reports\csv\kpi_harq_delivery_trace_ul.csv","RetransmissionFlag","unknown","Unit not classified by catalogue."
"reports\csv\kpi_harq_delivery_trace_ul.csv","ScheduleTime_s","unknown","Unit not classified by catalogue."
"reports\csv\kpi_harq_delivery_trace_ul.csv","AttemptStartTime_s","unknown","Unit not classified by catalogue."
"reports\csv\kpi_harq_delivery_trace_ul.csv","AttemptEndTime_s","unknown","Unit not classified by catalogue."
"reports\csv\kpi_harq_delivery_trace_ul.csv","ScheduledBits","bits","Bit count."
"reports\csv\kpi_harq_delivery_trace_ul.csv","TBCrcPass","unknown","Unit not classified by catalogue."
"reports\csv\kpi_harq_delivery_trace_ul.csv","DeliveredThisAttempt","unknown","Unit not classified by catalogue."
"reports\csv\kpi_harq_delivery_trace_ul.csv","FirstSuccessDelivery","unknown","Unit not classified by catalogue."
"reports\csv\kpi_harq_delivery_trace_ul.csv","DuplicateDelivery","unknown","Unit not classified by catalogue."
"reports\csv\kpi_harq_delivery_trace_ul.csv","CountedGoodputBits","bits","Bit count."
"reports\csv\kpi_harq_delivery_trace_ul.csv","ScheduledResourceExposureSec","unknown","Unit not classified by catalogue."
"reports\csv\kpi_harq_delivery_trace_ul.csv","MeasurementWindowSec","unknown","Unit not classified by catalogue."
"reports\csv\kpi_harq_delivery_trace_ul.csv","DeliveryStatus","us","Time duration in microseconds."
"reports\csv\kpi_harq_delivery_trace_ul.csv","Status","us","Time duration in microseconds."
"reports\csv\kpi_harq_delivery_trace_ul.csv","FailureReason","unknown","Unit not classified by catalogue."
"reports\csv\kpi_known_bug_regression.csv","RunId","unknown","Unit not classified by catalogue."
"reports\csv\kpi_known_bug_regression.csv","RegressionCase","unknown","Unit not classified by catalogue."
"reports\csv\kpi_known_bug_regression.csv","DLRawValueMbps","Mbps","Megabits per second."
"reports\csv\kpi_known_bug_regression.csv","ULRawValueMbps","Mbps","Megabits per second."
"reports\csv\kpi_known_bug_regression.csv","BadExportedULValueMbps","Mbps","Megabits per second."
"reports\csv\kpi_known_bug_regression.csv","CorrectExportedULValueMbps","Mbps","Megabits per second."
"reports\csv\kpi_known_bug_regression.csv","BugDetected","unknown","Unit not classified by catalogue."
"reports\csv\kpi_known_bug_regression.csv","BugPrevented","unknown","Unit not classified by catalogue."
"reports\csv\kpi_known_bug_regression.csv","Status","us","Time duration in microseconds."
"reports\csv\kpi_known_bug_regression.csv","FailureReason","unknown","Unit not classified by catalogue."
"reports\csv\kpi_legacy_alias_map.csv","RunId","unknown","Unit not classified by catalogue."
"reports\csv\kpi_legacy_alias_map.csv","LegacyAliasName","unknown","Unit not classified by catalogue."
"reports\csv\kpi_legacy_alias_map.csv","KPIName","unknown","Unit not classified by catalogue."
"reports\csv\kpi_legacy_alias_map.csv","Direction","unknown","Unit not classified by catalogue."
"reports\csv\kpi_legacy_alias_map.csv","Layer","unknown","Unit not classified by catalogue."
"reports\csv\kpi_legacy_alias_map.csv","FormulaId","unknown","Unit not classified by catalogue."
"reports\csv\kpi_legacy_alias_map.csv","FormulaVersion","unknown","Unit not classified by catalogue."
"reports\csv\kpi_legacy_alias_map.csv","AliasValue","unknown","Unit not classified by catalogue."
"reports\csv\kpi_legacy_alias_map.csv","CanonicalValue","unknown","Unit not classified by catalogue."
"reports\csv\kpi_legacy_alias_map.csv","Equal","unknown","Unit not classified by catalogue."
"reports\csv\kpi_legacy_alias_map.csv","Status","us","Time duration in microseconds."
"reports\csv\kpi_legacy_alias_map.csv","FailureReason","unknown","Unit not classified by catalogue."
"reports\csv\kpi_lineage_table.csv","RunId","unknown","Unit not classified by catalogue."
"reports\csv\kpi_lineage_table.csv","KPIName","unknown","Unit not classified by catalogue."
"reports\csv\kpi_lineage_table.csv","Direction","unknown","Unit not classified by catalogue."
"reports\csv\kpi_lineage_table.csv","FormulaId","unknown","Unit not classified by catalogue."
"reports\csv\kpi_lineage_table.csv","FormulaVersion","unknown","Unit not classified by catalogue."
"reports\csv\kpi_lineage_table.csv","Value","unknown","Unit not classified by catalogue."
"reports\csv\kpi_lineage_table.csv","NumeratorValue","count","Count."
"reports\csv\kpi_lineage_table.csv","DenominatorValue","unknown","Unit not classified by catalogue."
"reports\csv\kpi_lineage_table.csv","AggregationDurationSec","unknown","Unit not classified by catalogue."
"reports\csv\kpi_lineage_table.csv","DurationSource","unknown","Unit not classified by catalogue."
"reports\csv\kpi_lineage_table.csv","RadioDurationOk","unknown","Unit not classified by catalogue."
"reports\csv\kpi_lineage_table.csv","SourceTablePaths","unknown","Unit not classified by catalogue."
"reports\csv\kpi_lineage_table.csv","SourceRowCount","count","Count."
"reports\csv\kpi_lineage_table.csv","EligibleRowCount","ratio","Unitless ratio/probability."
"reports\csv\kpi_lineage_table.csv","SourceRowsHash","unknown","Unit not classified by catalogue."
"reports\csv\kpi_lineage_table.csv","ProxyRowsExcluded","unknown","Unit not classified by catalogue."
"reports\csv\kpi_lineage_table.csv","SkippedRowsExcluded","unknown","Unit not classified by catalogue."
"reports\csv\kpi_lineage_table.csv","HARQDeduplicationApplied","unknown","Unit not classified by catalogue."
"reports\csv\kpi_lineage_table.csv","DuplicateDeliveryCount","count","Count."
"reports\csv\kpi_lineage_table.csv","ReconstructionPass","unknown","Unit not classified by catalogue."
"reports\csv\kpi_lineage_table.csv","StrictOk","index","Protocol/table index."
"reports\csv\kpi_lineage_table.csv","Status","us","Time duration in microseconds."
"reports\csv\kpi_lineage_table.csv","FailureReason","unknown","Unit not classified by catalogue."
"reports\csv\kpi_objective_binding.csv","RunId","unknown","Unit not classified by catalogue."
"reports\csv\kpi_objective_binding.csv","KPIName","unknown","Unit not classified by catalogue."
"reports\csv\kpi_objective_binding.csv","Direction","unknown","Unit not classified by catalogue."
"reports\csv\kpi_objective_binding.csv","Layer","unknown","Unit not classified by catalogue."
"reports\csv\kpi_objective_binding.csv","MandatoryInScenarioObjective","index","Protocol/table index."
"reports\csv\kpi_objective_binding.csv","FormulaId","unknown","Unit not classified by catalogue."
"reports\csv\kpi_objective_binding.csv","RawEvidenceAvailable","unknown","Unit not classified by catalogue."
"reports\csv\kpi_objective_binding.csv","ReconstructionPass","unknown","Unit not classified by catalogue."
"reports\csv\kpi_objective_binding.csv","StrictOk","index","Protocol/table index."
"reports\csv\kpi_objective_binding.csv","ScenarioObjectiveContribution","index","Protocol/table index."
"reports\csv\kpi_objective_binding.csv","Status","us","Time duration in microseconds."
"reports\csv\kpi_objective_binding.csv","FailureReason","unknown","Unit not classified by catalogue."
"reports\csv\kpi_packet_sdu_delivery_ledger_dl.csv","Direction","unknown","Unit not classified by catalogue."
"reports\csv\kpi_packet_sdu_delivery_ledger_dl.csv","UEIndex","index","Protocol/table index."
"reports\csv\kpi_packet_sdu_delivery_ledger_dl.csv","RNTI","unknown","Unit not classified by catalogue."
"reports\csv\kpi_packet_sdu_delivery_ledger_dl.csv","PacketId","unknown","Unit not classified by catalogue."
"reports\csv\kpi_packet_sdu_delivery_ledger_dl.csv","ApplicationPacketId","unknown","Unit not classified by catalogue."
"reports\csv\kpi_packet_sdu_delivery_ledger_dl.csv","MACSDUId","unknown","Unit not classified by catalogue."
"reports\csv\kpi_packet_sdu_delivery_ledger_dl.csv","TransportBlockId","unknown","Unit not classified by catalogue."
"reports\csv\kpi_packet_sdu_delivery_ledger_dl.csv","GrantContextId","unknown","Unit not classified by catalogue."
"reports\csv\kpi_packet_sdu_delivery_ledger_dl.csv","HARQProcessId","unknown","Unit not classified by catalogue."
"reports\csv\kpi_packet_sdu_delivery_ledger_dl.csv","NDI","unknown","Unit not classified by catalogue."
"reports\csv\kpi_packet_sdu_delivery_ledger_dl.csv","RV","unknown","Unit not classified by catalogue."
"reports\csv\kpi_packet_sdu_delivery_ledger_dl.csv","SegmentIndex","index","Protocol/table index."
"reports\csv\kpi_packet_sdu_delivery_ledger_dl.csv","PayloadBits","bits","Bit count."
"reports\csv\kpi_packet_sdu_delivery_ledger_dl.csv","ScheduleSlot","unknown","Unit not classified by catalogue."
"reports\csv\kpi_packet_sdu_delivery_ledger_dl.csv","ScheduleCanonicalSlot","unknown","Unit not classified by catalogue."
"reports\csv\kpi_packet_sdu_delivery_ledger_dl.csv","ScheduleTime_s","unknown","Unit not classified by catalogue."
"reports\csv\kpi_packet_sdu_delivery_ledger_dl.csv","HARQAttemptCount","count","Count."
"reports\csv\kpi_packet_sdu_delivery_ledger_dl.csv","LastAttemptSlot","unknown","Unit not classified by catalogue."
"reports\csv\kpi_packet_sdu_delivery_ledger_dl.csv","LastRV","unknown","Unit not classified by catalogue."
"reports\csv\kpi_packet_sdu_delivery_ledger_dl.csv","TBCrcPass","unknown","Unit not classified by catalogue."
"reports\csv\kpi_packet_sdu_delivery_ledger_dl.csv","DeliverySuccess","unknown","Unit not classified by catalogue."
"reports\csv\kpi_packet_sdu_delivery_ledger_dl.csv","FirstSuccessDelivery","unknown","Unit not classified by catalogue."
"reports\csv\kpi_packet_sdu_delivery_ledger_dl.csv","ReassemblyCompleteFlag","unknown","Unit not classified by catalogue."
"reports\csv\kpi_packet_sdu_delivery_ledger_dl.csv","ApplicationDeliveryFlag","unknown","Unit not classified by catalogue."
"reports\csv\kpi_packet_sdu_delivery_ledger_dl.csv","Status","us","Time duration in microseconds."
"reports\csv\kpi_packet_sdu_delivery_ledger_dl.csv","Notes","unknown","Unit not classified by catalogue."
"reports\csv\kpi_packet_sdu_delivery_ledger_ul.csv","Direction","unknown","Unit not classified by catalogue."
"reports\csv\kpi_packet_sdu_delivery_ledger_ul.csv","UEIndex","index","Protocol/table index."
"reports\csv\kpi_packet_sdu_delivery_ledger_ul.csv","RNTI","unknown","Unit not classified by catalogue."
"reports\csv\kpi_packet_sdu_delivery_ledger_ul.csv","PacketId","unknown","Unit not classified by catalogue."
"reports\csv\kpi_packet_sdu_delivery_ledger_ul.csv","ApplicationPacketId","unknown","Unit not classified by catalogue."
"reports\csv\kpi_packet_sdu_delivery_ledger_ul.csv","MACSDUId","unknown","Unit not classified by catalogue."
"reports\csv\kpi_packet_sdu_delivery_ledger_ul.csv","TransportBlockId","unknown","Unit not classified by catalogue."
"reports\csv\kpi_packet_sdu_delivery_ledger_ul.csv","GrantContextId","unknown","Unit not classified by catalogue."
"reports\csv\kpi_packet_sdu_delivery_ledger_ul.csv","HARQProcessId","unknown","Unit not classified by catalogue."
"reports\csv\kpi_packet_sdu_delivery_ledger_ul.csv","NDI","unknown","Unit not classified by catalogue."
"reports\csv\kpi_packet_sdu_delivery_ledger_ul.csv","RV","unknown","Unit not classified by catalogue."
"reports\csv\kpi_packet_sdu_delivery_ledger_ul.csv","SegmentIndex","index","Protocol/table index."
"reports\csv\kpi_packet_sdu_delivery_ledger_ul.csv","PayloadBits","bits","Bit count."
"reports\csv\kpi_packet_sdu_delivery_ledger_ul.csv","ScheduleSlot","unknown","Unit not classified by catalogue."
"reports\csv\kpi_packet_sdu_delivery_ledger_ul.csv","ScheduleCanonicalSlot","unknown","Unit not classified by catalogue."
"reports\csv\kpi_packet_sdu_delivery_ledger_ul.csv","ScheduleTime_s","unknown","Unit not classified by catalogue."
"reports\csv\kpi_packet_sdu_delivery_ledger_ul.csv","HARQAttemptCount","count","Count."
"reports\csv\kpi_packet_sdu_delivery_ledger_ul.csv","LastAttemptSlot","unknown","Unit not classified by catalogue."
"reports\csv\kpi_packet_sdu_delivery_ledger_ul.csv","LastRV","unknown","Unit not classified by catalogue."
"reports\csv\kpi_packet_sdu_delivery_ledger_ul.csv","TBCrcPass","unknown","Unit not classified by catalogue."
"reports\csv\kpi_packet_sdu_delivery_ledger_ul.csv","DeliverySuccess","unknown","Unit not classified by catalogue."
"reports\csv\kpi_packet_sdu_delivery_ledger_ul.csv","FirstSuccessDelivery","unknown","Unit not classified by catalogue."
"reports\csv\kpi_packet_sdu_delivery_ledger_ul.csv","ReassemblyCompleteFlag","unknown","Unit not classified by catalogue."
"reports\csv\kpi_packet_sdu_delivery_ledger_ul.csv","ApplicationDeliveryFlag","unknown","Unit not classified by catalogue."
"reports\csv\kpi_packet_sdu_delivery_ledger_ul.csv","Status","us","Time duration in microseconds."
"reports\csv\kpi_packet_sdu_delivery_ledger_ul.csv","Notes","unknown","Unit not classified by catalogue."
"reports\csv\kpi_raw_table_schema_audit.csv","RunId","unknown","Unit not classified by catalogue."
"reports\csv\kpi_raw_table_schema_audit.csv","SourceTableName","unknown","Unit not classified by catalogue."
"reports\csv\kpi_raw_table_schema_audit.csv","Direction","unknown","Unit not classified by catalogue."
"reports\csv\kpi_raw_table_schema_audit.csv","RequiredColumn","unknown","Unit not classified by catalogue."
"reports\csv\kpi_raw_table_schema_audit.csv","Present","unknown","Unit not classified by catalogue."
"reports\csv\kpi_raw_table_schema_audit.csv","TypeValid","unknown","Unit not classified by catalogue."
"reports\csv\kpi_raw_table_schema_audit.csv","RowCount","count","Count."
"reports\csv\kpi_raw_table_schema_audit.csv","MissingCount","count","Count."
"reports\csv\kpi_raw_table_schema_audit.csv","InvalidCount","count","Count."
"reports\csv\kpi_raw_table_schema_audit.csv","Status","us","Time duration in microseconds."
"reports\csv\kpi_raw_table_schema_audit.csv","FailureReason","unknown","Unit not classified by catalogue."
"reports\csv\kpi_reconstruction_summary.csv","RunId","unknown","Unit not classified by catalogue."
"reports\csv\kpi_reconstruction_summary.csv","KPIName","unknown","Unit not classified by catalogue."
"reports\csv\kpi_reconstruction_summary.csv","Direction","unknown","Unit not classified by catalogue."
"reports\csv\kpi_reconstruction_summary.csv","Layer","unknown","Unit not classified by catalogue."
"reports\csv\kpi_reconstruction_summary.csv","Units","unknown","Unit not classified by catalogue."
"reports\csv\kpi_reconstruction_summary.csv","FormulaId","unknown","Unit not classified by catalogue."
"reports\csv\kpi_reconstruction_summary.csv","FormulaVersion","unknown","Unit not classified by catalogue."
"reports\csv\kpi_reconstruction_summary.csv","NumeratorValue","count","Count."
"reports\csv\kpi_reconstruction_summary.csv","DenominatorValue","unknown","Unit not classified by catalogue."
"reports\csv\kpi_reconstruction_summary.csv","Value","unknown","Unit not classified by catalogue."
"reports\csv\kpi_reconstruction_summary.csv","AggregationDurationSec","unknown","Unit not classified by catalogue."
"reports\csv\kpi_reconstruction_summary.csv","ScheduledResourceExposureSec","unknown","Unit not classified by catalogue."
"reports\csv\kpi_reconstruction_summary.csv","MeasurementWindowSec","unknown","Unit not classified by catalogue."
"reports\csv\kpi_reconstruction_summary.csv","WarmupDurationSec","unknown","Unit not classified by catalogue."
"reports\csv\kpi_reconstruction_summary.csv","FirstSuccessDeliveryCount","count","Count."
"reports\csv\kpi_reconstruction_summary.csv","RetransmissionAttemptCount","count","Count."
"reports\csv\kpi_reconstruction_summary.csv","DurationSource","unknown","Unit not classified by catalogue."
"reports\csv\kpi_reconstruction_summary.csv","SourceTablePaths","unknown","Unit not classified by catalogue."
"reports\csv\kpi_reconstruction_summary.csv","SourceRowCount","count","Count."
"reports\csv\kpi_reconstruction_summary.csv","EligibleRowCount","ratio","Unitless ratio/probability."
"reports\csv\kpi_reconstruction_summary.csv","ExcludedRowCount","count","Count."
"reports\csv\kpi_reconstruction_summary.csv","SourceRowsHash","unknown","Unit not classified by catalogue."
"reports\csv\kpi_reconstruction_summary.csv","SourceDirection","unknown","Unit not classified by catalogue."
"reports\csv\kpi_reconstruction_summary.csv","ProxyRowsExcluded","unknown","Unit not classified by catalogue."
"reports\csv\kpi_reconstruction_summary.csv","SkippedRowsExcluded","unknown","Unit not classified by catalogue."
"reports\csv\kpi_reconstruction_summary.csv","FailedRowsIncluded","unknown","Unit not classified by catalogue."
"reports\csv\kpi_reconstruction_summary.csv","HARQDeduplicationApplied","unknown","Unit not classified by catalogue."
"reports\csv\kpi_reconstruction_summary.csv","DuplicateDeliveryCount","count","Count."
"reports\csv\kpi_reconstruction_summary.csv","MissingRawData","unknown","Unit not classified by catalogue."
"reports\csv\kpi_reconstruction_summary.csv","SchemaValid","unknown","Unit not classified by catalogue."
"reports\csv\kpi_reconstruction_summary.csv","FormulaExecuted","unknown","Unit not classified by catalogue."
"reports\csv\kpi_reconstruction_summary.csv","ReconstructionValue","unknown","Unit not classified by catalogue."
"reports\csv\kpi_reconstruction_summary.csv","ReconciliationTolerance","unknown","Unit not classified by catalogue."
"reports\csv\kpi_reconstruction_summary.csv","ReconciliationPass","unknown","Unit not classified by catalogue."
"reports\csv\kpi_reconstruction_summary.csv","StrictOk","index","Protocol/table index."
"reports\csv\kpi_reconstruction_summary.csv","Status","us","Time duration in microseconds."
"reports\csv\kpi_reconstruction_summary.csv","FailureReason","unknown","Unit not classified by catalogue."
"reports\csv\kpi_row_contributions_dl.csv","RunId","unknown","Unit not classified by catalogue."
"reports\csv\kpi_row_contributions_dl.csv","KPIName","unknown","Unit not classified by catalogue."
"reports\csv\kpi_row_contributions_dl.csv","FormulaId","unknown","Unit not classified by catalogue."
"reports\csv\kpi_row_contributions_dl.csv","Direction","unknown","Unit not classified by catalogue."
"reports\csv\kpi_row_contributions_dl.csv","SourceTablePath","unknown","Unit not classified by catalogue."
"reports\csv\kpi_row_contributions_dl.csv","SourceRowIndex","index","Protocol/table index."
"reports\csv\kpi_row_contributions_dl.csv","CellId","unknown","Unit not classified by catalogue."
"reports\csv\kpi_row_contributions_dl.csv","UEId","unknown","Unit not classified by catalogue."
"reports\csv\kpi_row_contributions_dl.csv","TrialId","index","Protocol/table index."
"reports\csv\kpi_row_contributions_dl.csv","Slot","unknown","Unit not classified by catalogue."
"reports\csv\kpi_row_contributions_dl.csv","Frame","unknown","Unit not classified by catalogue."
"reports\csv\kpi_row_contributions_dl.csv","TransportBlockId","unknown","Unit not classified by catalogue."
"reports\csv\kpi_row_contributions_dl.csv","HARQProcessId","unknown","Unit not classified by catalogue."
"reports\csv\kpi_row_contributions_dl.csv","RV","unknown","Unit not classified by catalogue."
"reports\csv\kpi_row_contributions_dl.csv","NDI","unknown","Unit not classified by catalogue."
"reports\csv\kpi_row_contributions_dl.csv","NewDataFlag","unknown","Unit not classified by catalogue."
"reports\csv\kpi_row_contributions_dl.csv","RetransmissionFlag","unknown","Unit not classified by catalogue."
"reports\csv\kpi_row_contributions_dl.csv","TBCrcPass","unknown","Unit not classified by catalogue."
"reports\csv\kpi_row_contributions_dl.csv","ScheduledBitsContribution","bits","Bit count."
"reports\csv\kpi_row_contributions_dl.csv","DeliveredBitsContribution","bits","Bit count."
"reports\csv\kpi_row_contributions_dl.csv","GoodputBitsContribution","bits","Bit count."
"reports\csv\kpi_row_contributions_dl.csv","DurationContributionSec","index","Protocol/table index."
"reports\csv\kpi_row_contributions_dl.csv","MeasurementWindowContributionSec","index","Protocol/table index."
"reports\csv\kpi_row_contributions_dl.csv","ScheduleTime_s","unknown","Unit not classified by catalogue."
"reports\csv\kpi_row_contributions_dl.csv","AttemptStartTime_s","unknown","Unit not classified by catalogue."
"reports\csv\kpi_row_contributions_dl.csv","AttemptEndTime_s","unknown","Unit not classified by catalogue."
"reports\csv\kpi_row_contributions_dl.csv","FirstSuccessDelivery","unknown","Unit not classified by catalogue."
"reports\csv\kpi_row_contributions_dl.csv","DuplicateDelivery","unknown","Unit not classified by catalogue."
"reports\csv\kpi_row_contributions_dl.csv","Included","unknown","Unit not classified by catalogue."
"reports\csv\kpi_row_contributions_dl.csv","Status","us","Time duration in microseconds."
"reports\csv\kpi_row_contributions_ul.csv","RunId","unknown","Unit not classified by catalogue."
"reports\csv\kpi_row_contributions_ul.csv","KPIName","unknown","Unit not classified by catalogue."
"reports\csv\kpi_row_contributions_ul.csv","FormulaId","unknown","Unit not classified by catalogue."
"reports\csv\kpi_row_contributions_ul.csv","Direction","unknown","Unit not classified by catalogue."
"reports\csv\kpi_row_contributions_ul.csv","SourceTablePath","unknown","Unit not classified by catalogue."
"reports\csv\kpi_row_contributions_ul.csv","SourceRowIndex","index","Protocol/table index."
"reports\csv\kpi_row_contributions_ul.csv","CellId","unknown","Unit not classified by catalogue."
"reports\csv\kpi_row_contributions_ul.csv","UEId","unknown","Unit not classified by catalogue."
"reports\csv\kpi_row_contributions_ul.csv","TrialId","index","Protocol/table index."
"reports\csv\kpi_row_contributions_ul.csv","Slot","unknown","Unit not classified by catalogue."
"reports\csv\kpi_row_contributions_ul.csv","Frame","unknown","Unit not classified by catalogue."
"reports\csv\kpi_row_contributions_ul.csv","TransportBlockId","unknown","Unit not classified by catalogue."
"reports\csv\kpi_row_contributions_ul.csv","HARQProcessId","unknown","Unit not classified by catalogue."
"reports\csv\kpi_row_contributions_ul.csv","RV","unknown","Unit not classified by catalogue."
"reports\csv\kpi_row_contributions_ul.csv","NDI","unknown","Unit not classified by catalogue."
"reports\csv\kpi_row_contributions_ul.csv","NewDataFlag","unknown","Unit not classified by catalogue."
"reports\csv\kpi_row_contributions_ul.csv","RetransmissionFlag","unknown","Unit not classified by catalogue."
"reports\csv\kpi_row_contributions_ul.csv","TBCrcPass","unknown","Unit not classified by catalogue."
"reports\csv\kpi_row_contributions_ul.csv","ScheduledBitsContribution","bits","Bit count."
"reports\csv\kpi_row_contributions_ul.csv","DeliveredBitsContribution","bits","Bit count."
"reports\csv\kpi_row_contributions_ul.csv","GoodputBitsContribution","bits","Bit count."
"reports\csv\kpi_row_contributions_ul.csv","DurationContributionSec","index","Protocol/table index."
"reports\csv\kpi_row_contributions_ul.csv","MeasurementWindowContributionSec","index","Protocol/table index."
"reports\csv\kpi_row_contributions_ul.csv","ScheduleTime_s","unknown","Unit not classified by catalogue."
"reports\csv\kpi_row_contributions_ul.csv","AttemptStartTime_s","unknown","Unit not classified by catalogue."
"reports\csv\kpi_row_contributions_ul.csv","AttemptEndTime_s","unknown","Unit not classified by catalogue."
"reports\csv\kpi_row_contributions_ul.csv","FirstSuccessDelivery","unknown","Unit not classified by catalogue."
"reports\csv\kpi_row_contributions_ul.csv","DuplicateDelivery","unknown","Unit not classified by catalogue."
"reports\csv\kpi_row_contributions_ul.csv","Included","unknown","Unit not classified by catalogue."
"reports\csv\kpi_row_contributions_ul.csv","Status","us","Time duration in microseconds."
"reports\csv\kpi_source_table_manifest.csv","RunId","unknown","Unit not classified by catalogue."
"reports\csv\kpi_source_table_manifest.csv","SourceTablePath","unknown","Unit not classified by catalogue."
"reports\csv\kpi_source_table_manifest.csv","SourceTableName","unknown","Unit not classified by catalogue."
"reports\csv\kpi_source_table_manifest.csv","Direction","unknown","Unit not classified by catalogue."
"reports\csv\kpi_source_table_manifest.csv","Layer","unknown","Unit not classified by catalogue."
"reports\csv\kpi_source_table_manifest.csv","RequiredForObjective","unknown","Unit not classified by catalogue."
"reports\csv\kpi_source_table_manifest.csv","Exists","unknown","Unit not classified by catalogue."
"reports\csv\kpi_source_table_manifest.csv","RowCount","count","Count."
"reports\csv\kpi_source_table_manifest.csv","ColumnCount","count","Count."
"reports\csv\kpi_source_table_manifest.csv","FileHash","unknown","Unit not classified by catalogue."
"reports\csv\kpi_source_table_manifest.csv","SchemaHash","unknown","Unit not classified by catalogue."
"reports\csv\kpi_source_table_manifest.csv","ProducerModule","unknown","Unit not classified by catalogue."
"reports\csv\kpi_source_table_manifest.csv","Status","us","Time duration in microseconds."
"reports\csv\kpi_source_table_manifest.csv","FailureReason","unknown","Unit not classified by catalogue."
"reports\csv\kpi_tb_delivery_ledger_dl.csv","RunId","unknown","Unit not classified by catalogue."
"reports\csv\kpi_tb_delivery_ledger_dl.csv","Direction","unknown","Unit not classified by catalogue."
"reports\csv\kpi_tb_delivery_ledger_dl.csv","UEId","unknown","Unit not classified by catalogue."
"reports\csv\kpi_tb_delivery_ledger_dl.csv","TransportBlockId","unknown","Unit not classified by catalogue."
"reports\csv\kpi_tb_delivery_ledger_dl.csv","Codeword","unknown","Unit not classified by catalogue."
"reports\csv\kpi_tb_delivery_ledger_dl.csv","HARQProcessId","unknown","Unit not classified by catalogue."
"reports\csv\kpi_tb_delivery_ledger_dl.csv","AttemptIndex","index","Protocol/table index."
"reports\csv\kpi_tb_delivery_ledger_dl.csv","RV","unknown","Unit not classified by catalogue."
"reports\csv\kpi_tb_delivery_ledger_dl.csv","NDI","unknown","Unit not classified by catalogue."
"reports\csv\kpi_tb_delivery_ledger_dl.csv","NewDataFlag","unknown","Unit not classified by catalogue."
"reports\csv\kpi_tb_delivery_ledger_dl.csv","RetransmissionFlag","unknown","Unit not classified by catalogue."
"reports\csv\kpi_tb_delivery_ledger_dl.csv","ScheduleTime_s","unknown","Unit not classified by catalogue."
"reports\csv\kpi_tb_delivery_ledger_dl.csv","AttemptStartTime_s","unknown","Unit not classified by catalogue."
"reports\csv\kpi_tb_delivery_ledger_dl.csv","AttemptEndTime_s","unknown","Unit not classified by catalogue."
"reports\csv\kpi_tb_delivery_ledger_dl.csv","ScheduledBits","bits","Bit count."
"reports\csv\kpi_tb_delivery_ledger_dl.csv","TBCrcPass","unknown","Unit not classified by catalogue."
"reports\csv\kpi_tb_delivery_ledger_dl.csv","DeliveredThisAttempt","unknown","Unit not classified by catalogue."
"reports\csv\kpi_tb_delivery_ledger_dl.csv","FirstSuccessDelivery","unknown","Unit not classified by catalogue."
"reports\csv\kpi_tb_delivery_ledger_dl.csv","DuplicateDelivery","unknown","Unit not classified by catalogue."
"reports\csv\kpi_tb_delivery_ledger_dl.csv","CountedGoodputBits","bits","Bit count."
"reports\csv\kpi_tb_delivery_ledger_dl.csv","ScheduledResourceExposureSec","unknown","Unit not classified by catalogue."
"reports\csv\kpi_tb_delivery_ledger_dl.csv","MeasurementWindowSec","unknown","Unit not classified by catalogue."
"reports\csv\kpi_tb_delivery_ledger_dl.csv","DeliveryStatus","us","Time duration in microseconds."
"reports\csv\kpi_tb_delivery_ledger_dl.csv","Status","us","Time duration in microseconds."
"reports\csv\kpi_tb_delivery_ledger_dl.csv","FailureReason","unknown","Unit not classified by catalogue."
"reports\csv\kpi_tb_delivery_ledger_ul.csv","RunId","unknown","Unit not classified by catalogue."
"reports\csv\kpi_tb_delivery_ledger_ul.csv","Direction","unknown","Unit not classified by catalogue."
"reports\csv\kpi_tb_delivery_ledger_ul.csv","UEId","unknown","Unit not classified by catalogue."
"reports\csv\kpi_tb_delivery_ledger_ul.csv","TransportBlockId","unknown","Unit not classified by catalogue."
"reports\csv\kpi_tb_delivery_ledger_ul.csv","Codeword","unknown","Unit not classified by catalogue."
"reports\csv\kpi_tb_delivery_ledger_ul.csv","HARQProcessId","unknown","Unit not classified by catalogue."
"reports\csv\kpi_tb_delivery_ledger_ul.csv","AttemptIndex","index","Protocol/table index."
"reports\csv\kpi_tb_delivery_ledger_ul.csv","RV","unknown","Unit not classified by catalogue."
"reports\csv\kpi_tb_delivery_ledger_ul.csv","NDI","unknown","Unit not classified by catalogue."
"reports\csv\kpi_tb_delivery_ledger_ul.csv","NewDataFlag","unknown","Unit not classified by catalogue."
"reports\csv\kpi_tb_delivery_ledger_ul.csv","RetransmissionFlag","unknown","Unit not classified by catalogue."
"reports\csv\kpi_tb_delivery_ledger_ul.csv","ScheduleTime_s","unknown","Unit not classified by catalogue."
"reports\csv\kpi_tb_delivery_ledger_ul.csv","AttemptStartTime_s","unknown","Unit not classified by catalogue."
"reports\csv\kpi_tb_delivery_ledger_ul.csv","AttemptEndTime_s","unknown","Unit not classified by catalogue."
"reports\csv\kpi_tb_delivery_ledger_ul.csv","ScheduledBits","bits","Bit count."
"reports\csv\kpi_tb_delivery_ledger_ul.csv","TBCrcPass","unknown","Unit not classified by catalogue."
"reports\csv\kpi_tb_delivery_ledger_ul.csv","DeliveredThisAttempt","unknown","Unit not classified by catalogue."
"reports\csv\kpi_tb_delivery_ledger_ul.csv","FirstSuccessDelivery","unknown","Unit not classified by catalogue."
"reports\csv\kpi_tb_delivery_ledger_ul.csv","DuplicateDelivery","unknown","Unit not classified by catalogue."
"reports\csv\kpi_tb_delivery_ledger_ul.csv","CountedGoodputBits","bits","Bit count."
"reports\csv\kpi_tb_delivery_ledger_ul.csv","ScheduledResourceExposureSec","unknown","Unit not classified by catalogue."
"reports\csv\kpi_tb_delivery_ledger_ul.csv","MeasurementWindowSec","unknown","Unit not classified by catalogue."
"reports\csv\kpi_tb_delivery_ledger_ul.csv","DeliveryStatus","us","Time duration in microseconds."
"reports\csv\kpi_tb_delivery_ledger_ul.csv","Status","us","Time duration in microseconds."
"reports\csv\kpi_tb_delivery_ledger_ul.csv","FailureReason","unknown","Unit not classified by catalogue."
"reports\csv\kpi_unit_conversion_audit.csv","RunId","unknown","Unit not classified by catalogue."
"reports\csv\kpi_unit_conversion_audit.csv","KPIName","unknown","Unit not classified by catalogue."
"reports\csv\kpi_unit_conversion_audit.csv","Direction","unknown","Unit not classified by catalogue."
"reports\csv\kpi_unit_conversion_audit.csv","Bits","bits","Bit count."
"reports\csv\kpi_unit_conversion_audit.csv","DurationSec","unknown","Unit not classified by catalogue."
"reports\csv\kpi_unit_conversion_audit.csv","ExpectedMbps","Mbps","Megabits per second."
"reports\csv\kpi_unit_conversion_audit.csv","ComputedMbps","Mbps","Megabits per second."
"reports\csv\kpi_unit_conversion_audit.csv","Delta","unknown","Unit not classified by catalogue."
"reports\csv\kpi_unit_conversion_audit.csv","Tolerance","unknown","Unit not classified by catalogue."
"reports\csv\kpi_unit_conversion_audit.csv","Pass","unknown","Unit not classified by catalogue."
"reports\csv\kpi_unit_conversion_audit.csv","Status","us","Time duration in microseconds."
"reports\csv\kpi_unit_conversion_audit.csv","FailureReason","unknown","Unit not classified by catalogue."
"reports\csv\live_stage_status.csv","AnchorKPIsReady","unknown","Unit not classified by catalogue."
"reports\csv\live_stage_status.csv","BeamReady","unknown","Unit not classified by catalogue."
"reports\csv\live_stage_status.csv","BidirectionalInterleavingEnabled","unknown","Unit not classified by catalogue."
"reports\csv\live_stage_status.csv","CompletedFrames","unknown","Unit not classified by catalogue."
"reports\csv\live_stage_status.csv","ControlPhase","unknown","Unit not classified by catalogue."
"reports\csv\live_stage_status.csv","ControlReady","unknown","Unit not classified by catalogue."
"reports\csv\live_stage_status.csv","CurrentDirection","unknown","Unit not classified by catalogue."
"reports\csv\live_stage_status.csv","CurrentSNR_dB","dB","Log-domain radio metric."
"reports\csv\live_stage_status.csv","CurrentSlot","unknown","Unit not classified by catalogue."
"reports\csv\live_stage_status.csv","CurrentUEIndex","index","Protocol/table index."
"reports\csv\live_stage_status.csv","DLActiveUsers","unknown","Unit not classified by catalogue."
"reports\csv\live_stage_status.csv","DLCompletedFrames","unknown","Unit not classified by catalogue."
"reports\csv\live_stage_status.csv","DLGrantCount","count","Count."
"reports\csv\live_stage_status.csv","DLGrantedUsers","unknown","Unit not classified by catalogue."
"reports\csv\live_stage_status.csv","DLQueueBits","bits","Bit count."
"reports\csv\live_stage_status.csv","DLSummaryUsersPublished","unknown","Unit not classified by catalogue."
"reports\csv\live_stage_status.csv","DLTrialRows","index","Protocol/table index."
"reports\csv\live_stage_status.csv","DLTrialsReady","index","Protocol/table index."
"reports\csv\live_stage_status.csv","DLUniqueUsersPublished","unknown","Unit not classified by catalogue."
"reports\csv\live_stage_status.csv","DLUserProgressFraction","unknown","Unit not classified by catalogue."
"reports\csv\live_stage_status.csv","FinalBundleReady","unknown","Unit not classified by catalogue."
"reports\csv\live_stage_status.csv","HARQReady","unknown","Unit not classified by catalogue."
"reports\csv\live_stage_status.csv","Notes","unknown","Unit not classified by catalogue."
"reports\csv\live_stage_status.csv","PBCHAttemptCount","count","Count."
"reports\csv\live_stage_status.csv","PRACHAttemptCount","count","Count."
"reports\csv\live_stage_status.csv","RFReady","unknown","Unit not classified by catalogue."
"reports\csv\live_stage_status.csv","RunCompletion","unknown","Unit not classified by catalogue."
"reports\csv\live_stage_status.csv","SRSAttemptCount","count","Count."
"reports\csv\live_stage_status.csv","Stage","unknown","Unit not classified by catalogue."
"reports\csv\live_stage_status.csv","SweepPointCount","count","Count."
"reports\csv\live_stage_status.csv","SweepPointIndex","index","Protocol/table index."
"reports\csv\live_stage_status.csv","SweepReady","unknown","Unit not classified by catalogue."
"reports\csv\live_stage_status.csv","TRSAttemptCount","count","Count."
"reports\csv\live_stage_status.csv","TotalFrames","unknown","Unit not classified by catalogue."
"reports\csv\live_stage_status.csv","TotalSlots","unknown","Unit not classified by catalogue."
"reports\csv\live_stage_status.csv","TotalUsers","unknown","Unit not classified by catalogue."
"reports\csv\live_stage_status.csv","ULActiveUsers","unknown","Unit not classified by catalogue."
"reports\csv\live_stage_status.csv","ULCompletedFrames","unknown","Unit not classified by catalogue."
"reports\csv\live_stage_status.csv","ULGrantCount","count","Count."
"reports\csv\live_stage_status.csv","ULGrantedUsers","unknown","Unit not classified by catalogue."
"reports\csv\live_stage_status.csv","ULQueueBits","bits","Bit count."
"reports\csv\live_stage_status.csv","ULSummaryUsersPublished","unknown","Unit not classified by catalogue."
"reports\csv\live_stage_status.csv","ULTrialRows","index","Protocol/table index."
"reports\csv\live_stage_status.csv","ULTrialsReady","index","Protocol/table index."
"reports\csv\live_stage_status.csv","ULUniqueUsersPublished","unknown","Unit not classified by catalogue."
"reports\csv\live_stage_status.csv","ULUserProgressFraction","unknown","Unit not classified by catalogue."
"reports\csv\mimo_rank_utilization_table.csv","RunId","unknown","Unit not classified by catalogue."
"reports\csv\mimo_rank_utilization_table.csv","Direction","unknown","Unit not classified by catalogue."
"reports\csv\mimo_rank_utilization_table.csv","Rank","unknown","Unit not classified by catalogue."
"reports\csv\mimo_rank_utilization_table.csv","LayerCount","count","Count."
"reports\csv\mimo_rank_utilization_table.csv","EligibleRows","ratio","Unitless ratio/probability."
"reports\csv\mimo_rank_utilization_table.csv","DecodeSuccessRows","unknown","Unit not classified by catalogue."
"reports\csv\mimo_rank_utilization_table.csv","UsagePercent","unknown","Unit not classified by catalogue."
"reports\csv\mimo_rank_utilization_table.csv","SuccessPercent","unknown","Unit not classified by catalogue."
"reports\csv\mimo_rank_utilization_table.csv","BLER","ratio","Unitless ratio/probability."
"reports\csv\mimo_rank_utilization_table.csv","StrictObjectiveRequired","index","Protocol/table index."
"reports\csv\mimo_rank_utilization_table.csv","StrictObjectivePass","index","Protocol/table index."
"reports\csv\mimo_rank_utilization_table.csv","Status","us","Time duration in microseconds."
"reports\csv\mimo_rank_utilization_table.csv","FailureReason","unknown","Unit not classified by catalogue."
