----------------------------------------
Exception occurred during processing of request from ('127.0.0.1', 59597)
Traceback (most recent call last):
  File "C:\Anup\6gsimulation\sixgr_foundation_v2 (2)\apps\lls_web_dashboard.py", line 12692, in do_GET
    self.respond_json(build_live_payload(run_id))
  File "C:\Anup\6gsimulation\sixgr_foundation_v2 (2)\apps\lls_web_dashboard.py", line 12823, in respond_json
    self.wfile.write(raw)
  File "C:\Program Files\Python311\Lib\socketserver.py", line 834, in write
    self._sock.sendall(b)
ConnectionAbortedError: [WinError 10053] An established connection was aborted by the software in your host machine

During handling of the above exception, another exception occurred:

Traceback (most recent call last):
  File "C:\Program Files\Python311\Lib\socketserver.py", line 691, in process_request_thread
    self.finish_request(request, client_address)
  File "C:\Program Files\Python311\Lib\socketserver.py", line 361, in finish_request
    self.RequestHandlerClass(request, client_address, self)
  File "C:\Program Files\Python311\Lib\socketserver.py", line 755, in __init__
    self.handle()
  File "C:\Program Files\Python311\Lib\http\server.py", line 436, in handle
    self.handle_one_request()
  File "C:\Program Files\Python311\Lib\http\server.py", line 424, in handle_one_request
    method()
  File "C:\Anup\6gsimulation\sixgr_foundation_v2 (2)\apps\lls_web_dashboard.py", line 12714, in do_GET
    self.send_error(HTTPStatus.INTERNAL_SERVER_ERROR, str(exc))
  File "C:\Program Files\Python311\Lib\http\server.py", line 488, in send_error
    self.end_headers()
  File "C:\Program Files\Python311\Lib\http\server.py", line 538, in end_headers
    self.flush_headers()
  File "C:\Program Files\Python311\Lib\http\server.py", line 542, in flush_headers
    self.wfile.write(b"".join(self._headers_buffer))
  File "C:\Program Files\Python311\Lib\socketserver.py", line 834, in write
    self._sock.sendall(b)
ConnectionAbortedError: [WinError 10053] An established connection was aborted by the software in your host machine
----------------------------------------
----------------------------------------
Exception occurred during processing of request from ('127.0.0.1', 59599)
Traceback (most recent call last):
  File "C:\Anup\6gsimulation\sixgr_foundation_v2 (2)\apps\lls_web_dashboard.py", line 12692, in do_GET
    self.respond_json(build_live_payload(run_id))
  File "C:\Anup\6gsimulation\sixgr_foundation_v2 (2)\apps\lls_web_dashboard.py", line 12823, in respond_json
    self.wfile.write(raw)
  File "C:\Program Files\Python311\Lib\socketserver.py", line 834, in write
    self._sock.sendall(b)
ConnectionAbortedError: [WinError 10053] An established connection was aborted by the software in your host machine

During handling of the above exception, another exception occurred:

Traceback (most recent call last):
  File "C:\Program Files\Python311\Lib\socketserver.py", line 691, in process_request_thread
    self.finish_request(request, client_address)
  File "C:\Program Files\Python311\Lib\socketserver.py", line 361, in finish_request
    self.RequestHandlerClass(request, client_address, self)
  File "C:\Program Files\Python311\Lib\socketserver.py", line 755, in __init__
    self.handle()
  File "C:\Program Files\Python311\Lib\http\server.py", line 436, in handle
    self.handle_one_request()
  File "C:\Program Files\Python311\Lib\http\server.py", line 424, in handle_one_request
    method()
  File "C:\Anup\6gsimulation\sixgr_foundation_v2 (2)\apps\lls_web_dashboard.py", line 12714, in do_GET
    self.send_error(HTTPStatus.INTERNAL_SERVER_ERROR, str(exc))
  File "C:\Program Files\Python311\Lib\http\server.py", line 488, in send_error
    self.end_headers()
  File "C:\Program Files\Python311\Lib\http\server.py", line 538, in end_headers
    self.flush_headers()
  File "C:\Program Files\Python311\Lib\http\server.py", line 542, in flush_headers
    self.wfile.write(b"".join(self._headers_buffer))
  File "C:\Program Files\Python311\Lib\socketserver.py", line 834, in write
    self._sock.sendall(b)
ConnectionAbortedError: [WinError 10053] An established connection was aborted by the software in your host machine
----------------------------------------
----------------------------------------
Exception occurred during processing of request from ('127.0.0.1', 59601)
Traceback (most recent call last):
  File "C:\Anup\6gsimulation\sixgr_foundation_v2 (2)\apps\lls_web_dashboard.py", line 12692, in do_GET
    self.respond_json(build_live_payload(run_id))
  File "C:\Anup\6gsimulation\sixgr_foundation_v2 (2)\apps\lls_web_dashboard.py", line 12822, in respond_json
    self.end_headers()
  File "C:\Program Files\Python311\Lib\http\server.py", line 538, in end_headers
    self.flush_headers()
  File "C:\Program Files\Python311\Lib\http\server.py", line 542, in flush_headers
    self.wfile.write(b"".join(self._headers_buffer))
  File "C:\Program Files\Python311\Lib\socketserver.py", line 834, in write
    self._sock.sendall(b)
ConnectionAbortedError: [WinError 10053] An established connection was aborted by the software in your host machine

During handling of the above exception, another exception occurred:

Traceback (most recent call last):
  File "C:\Program Files\Python311\Lib\socketserver.py", line 691, in process_request_thread
    self.finish_request(request, client_address)
  File "C:\Program Files\Python311\Lib\socketserver.py", line 361, in finish_request
    self.RequestHandlerClass(request, client_address, self)
  File "C:\Program Files\Python311\Lib\socketserver.py", line 755, in __init__
    self.handle()
  File "C:\Program Files\Python311\Lib\http\server.py", line 436, in handle
    self.handle_one_request()
  File "C:\Program Files\Python311\Lib\http\server.py", line 424, in handle_one_request
    method()
  File "C:\Anup\6gsimulation\sixgr_foundation_v2 (2)\apps\lls_web_dashboard.py", line 12714, in do_GET
    self.send_error(HTTPStatus.INTERNAL_SERVER_ERROR, str(exc))
  File "C:\Program Files\Python311\Lib\http\server.py", line 488, in send_error
    self.end_headers()
  File "C:\Program Files\Python311\Lib\http\server.py", line 538, in end_headers
    self.flush_headers()
  File "C:\Program Files\Python311\Lib\http\server.py", line 542, in flush_headers
    self.wfile.write(b"".join(self._headers_buffer))
  File "C:\Program Files\Python311\Lib\socketserver.py", line 834, in write
    self._sock.sendall(b)
ConnectionAbortedError: [WinError 10053] An established connection was aborted by the software in your host machine
----------------------------------------
----------------------------------------
Exception occurred during processing of request from ('127.0.0.1', 59602)
Traceback (most recent call last):
  File "C:\Anup\6gsimulation\sixgr_foundation_v2 (2)\apps\lls_web_dashboard.py", line 12692, in do_GET
    self.respond_json(build_live_payload(run_id))
  File "C:\Anup\6gsimulation\sixgr_foundation_v2 (2)\apps\lls_web_dashboard.py", line 12822, in respond_json
    self.end_headers()
  File "C:\Program Files\Python311\Lib\http\server.py", line 538, in end_headers
    self.flush_headers()
  File "C:\Program Files\Python311\Lib\http\server.py", line 542, in flush_headers
    self.wfile.write(b"".join(self._headers_buffer))
  File "C:\Program Files\Python311\Lib\socketserver.py", line 834, in write
    self._sock.sendall(b)
ConnectionAbortedError: [WinError 10053] An established connection was aborted by the software in your host machine

During handling of the above exception, another exception occurred:

Traceback (most recent call last):
  File "C:\Program Files\Python311\Lib\socketserver.py", line 691, in process_request_thread
    self.finish_request(request, client_address)
  File "C:\Program Files\Python311\Lib\socketserver.py", line 361, in finish_request
    self.RequestHandlerClass(request, client_address, self)
  File "C:\Program Files\Python311\Lib\socketserver.py", line 755, in __init__
    self.handle()
  File "C:\Program Files\Python311\Lib\http\server.py", line 436, in handle
    self.handle_one_request()
  File "C:\Program Files\Python311\Lib\http\server.py", line 424, in handle_one_request
    method()
  File "C:\Anup\6gsimulation\sixgr_foundation_v2 (2)\apps\lls_web_dashboard.py", line 12714, in do_GET
    self.send_error(HTTPStatus.INTERNAL_SERVER_ERROR, str(exc))
  File "C:\Program Files\Python311\Lib\http\server.py", line 488, in send_error
    self.end_headers()
  File "C:\Program Files\Python311\Lib\http\server.py", line 538, in end_headers
    self.flush_headers()
  File "C:\Program Files\Python311\Lib\http\server.py", line 542, in flush_headers
    self.wfile.write(b"".join(self._headers_buffer))
  File "C:\Program Files\Python311\Lib\socketserver.py", line 834, in write
    self._sock.sendall(b)
ConnectionAbortedError: [WinError 10053] An established connection was aborted by the software in your host machine
----------------------------------------
----------------------------------------
Exception occurred during processing of request from ('127.0.0.1', 59606)
Traceback (most recent call last):
  File "C:\Anup\6gsimulation\sixgr_foundation_v2 (2)\apps\lls_web_dashboard.py", line 12692, in do_GET
    self.respond_json(build_live_payload(run_id))
  File "C:\Anup\6gsimulation\sixgr_foundation_v2 (2)\apps\lls_web_dashboard.py", line 12822, in respond_json
    self.end_headers()
  File "C:\Program Files\Python311\Lib\http\server.py", line 538, in end_headers
    self.flush_headers()
  File "C:\Program Files\Python311\Lib\http\server.py", line 542, in flush_headers
    self.wfile.write(b"".join(self._headers_buffer))
  File "C:\Program Files\Python311\Lib\socketserver.py", line 834, in write
    self._sock.sendall(b)
ConnectionAbortedError: [WinError 10053] An established connection was aborted by the software in your host machine

During handling of the above exception, another exception occurred:

Traceback (most recent call last):
  File "C:\Program Files\Python311\Lib\socketserver.py", line 691, in process_request_thread
    self.finish_request(request, client_address)
  File "C:\Program Files\Python311\Lib\socketserver.py", line 361, in finish_request
    self.RequestHandlerClass(request, client_address, self)
  File "C:\Program Files\Python311\Lib\socketserver.py", line 755, in __init__
    self.handle()
  File "C:\Program Files\Python311\Lib\http\server.py", line 436, in handle
    self.handle_one_request()
  File "C:\Program Files\Python311\Lib\http\server.py", line 424, in handle_one_request
    method()
  File "C:\Anup\6gsimulation\sixgr_foundation_v2 (2)\apps\lls_web_dashboard.py", line 12714, in do_GET
    self.send_error(HTTPStatus.INTERNAL_SERVER_ERROR, str(exc))
  File "C:\Program Files\Python311\Lib\http\server.py", line 488, in send_error
    self.end_headers()
  File "C:\Program Files\Python311\Lib\http\server.py", line 538, in end_headers
    self.flush_headers()
  File "C:\Program Files\Python311\Lib\http\server.py", line 542, in flush_headers
    self.wfile.write(b"".join(self._headers_buffer))
  File "C:\Program Files\Python311\Lib\socketserver.py", line 834, in write
    self._sock.sendall(b)
ConnectionAbortedError: [WinError 10053] An established connection was aborted by the software in your host machine
----------------------------------------
----------------------------------------
Exception occurred during processing of request from ('127.0.0.1', 59609)
Traceback (most recent call last):
  File "C:\Anup\6gsimulation\sixgr_foundation_v2 (2)\apps\lls_web_dashboard.py", line 12692, in do_GET
    self.respond_json(build_live_payload(run_id))
  File "C:\Anup\6gsimulation\sixgr_foundation_v2 (2)\apps\lls_web_dashboard.py", line 12822, in respond_json
    self.end_headers()
  File "C:\Program Files\Python311\Lib\http\server.py", line 538, in end_headers
    self.flush_headers()
  File "C:\Program Files\Python311\Lib\http\server.py", line 542, in flush_headers
    self.wfile.write(b"".join(self._headers_buffer))
  File "C:\Program Files\Python311\Lib\socketserver.py", line 834, in write
    self._sock.sendall(b)
ConnectionAbortedError: [WinError 10053] An established connection was aborted by the software in your host machine

During handling of the above exception, another exception occurred:

Traceback (most recent call last):
  File "C:\Program Files\Python311\Lib\socketserver.py", line 691, in process_request_thread
    self.finish_request(request, client_address)
  File "C:\Program Files\Python311\Lib\socketserver.py", line 361, in finish_request
    self.RequestHandlerClass(request, client_address, self)
  File "C:\Program Files\Python311\Lib\socketserver.py", line 755, in __init__
    self.handle()
  File "C:\Program Files\Python311\Lib\http\server.py", line 436, in handle
    self.handle_one_request()
  File "C:\Program Files\Python311\Lib\http\server.py", line 424, in handle_one_request
    method()
  File "C:\Anup\6gsimulation\sixgr_foundation_v2 (2)\apps\lls_web_dashboard.py", line 12714, in do_GET
    self.send_error(HTTPStatus.INTERNAL_SERVER_ERROR, str(exc))
  File "C:\Program Files\Python311\Lib\http\server.py", line 488, in send_error
    self.end_headers()
  File "C:\Program Files\Python311\Lib\http\server.py", line 538, in end_headers
    self.flush_headers()
  File "C:\Program Files\Python311\Lib\http\server.py", line 542, in flush_headers
    self.wfile.write(b"".join(self._headers_buffer))
  File "C:\Program Files\Python311\Lib\socketserver.py", line 834, in write
    self._sock.sendall(b)
ConnectionAbortedError: [WinError 10053] An established connection was aborted by the software in your host machine
----------------------------------------
----------------------------------------
Exception occurred during processing of request from ('127.0.0.1', 59608)
Traceback (most recent call last):
  File "C:\Anup\6gsimulation\sixgr_foundation_v2 (2)\apps\lls_web_dashboard.py", line 12692, in do_GET
    self.respond_json(build_live_payload(run_id))
  File "C:\Anup\6gsimulation\sixgr_foundation_v2 (2)\apps\lls_web_dashboard.py", line 12823, in respond_json
    self.wfile.write(raw)
  File "C:\Program Files\Python311\Lib\socketserver.py", line 834, in write
    self._sock.sendall(b)
ConnectionAbortedError: [WinError 10053] An established connection was aborted by the software in your host machine

During handling of the above exception, another exception occurred:

Traceback (most recent call last):
  File "C:\Program Files\Python311\Lib\socketserver.py", line 691, in process_request_thread
    self.finish_request(request, client_address)
  File "C:\Program Files\Python311\Lib\socketserver.py", line 361, in finish_request
    self.RequestHandlerClass(request, client_address, self)
  File "C:\Program Files\Python311\Lib\socketserver.py", line 755, in __init__
    self.handle()
  File "C:\Program Files\Python311\Lib\http\server.py", line 436, in handle
    self.handle_one_request()
  File "C:\Program Files\Python311\Lib\http\server.py", line 424, in handle_one_request
    method()
  File "C:\Anup\6gsimulation\sixgr_foundation_v2 (2)\apps\lls_web_dashboard.py", line 12714, in do_GET
    self.send_error(HTTPStatus.INTERNAL_SERVER_ERROR, str(exc))
  File "C:\Program Files\Python311\Lib\http\server.py", line 488, in send_error
    self.end_headers()
  File "C:\Program Files\Python311\Lib\http\server.py", line 538, in end_headers
    self.flush_headers()
  File "C:\Program Files\Python311\Lib\http\server.py", line 542, in flush_headers
    self.wfile.write(b"".join(self._headers_buffer))
  File "C:\Program Files\Python311\Lib\socketserver.py", line 834, in write
    self._sock.sendall(b)
ConnectionAbortedError: [WinError 10053] An established connection was aborted by the software in your host machine
----------------------------------------
----------------------------------------
Exception occurred during processing of request from ('127.0.0.1', 59832)
Traceback (most recent call last):
  File "C:\Anup\6gsimulation\sixgr_foundation_v2 (2)\apps\lls_web_dashboard.py", line 12692, in do_GET
    self.respond_json(build_live_payload(run_id))
  File "C:\Anup\6gsimulation\sixgr_foundation_v2 (2)\apps\lls_web_dashboard.py", line 12822, in respond_json
    self.end_headers()
  File "C:\Program Files\Python311\Lib\http\server.py", line 538, in end_headers
    self.flush_headers()
  File "C:\Program Files\Python311\Lib\http\server.py", line 542, in flush_headers
    self.wfile.write(b"".join(self._headers_buffer))
  File "C:\Program Files\Python311\Lib\socketserver.py", line 834, in write
    self._sock.sendall(b)
ConnectionAbortedError: [WinError 10053] An established connection was aborted by the software in your host machine

During handling of the above exception, another exception occurred:

Traceback (most recent call last):
  File "C:\Program Files\Python311\Lib\socketserver.py", line 691, in process_request_thread
    self.finish_request(request, client_address)
  File "C:\Program Files\Python311\Lib\socketserver.py", line 361, in finish_request
    self.RequestHandlerClass(request, client_address, self)
  File "C:\Program Files\Python311\Lib\socketserver.py", line 755, in __init__
    self.handle()
  File "C:\Program Files\Python311\Lib\http\server.py", line 436, in handle
    self.handle_one_request()
  File "C:\Program Files\Python311\Lib\http\server.py", line 424, in handle_one_request
    method()
  File "C:\Anup\6gsimulation\sixgr_foundation_v2 (2)\apps\lls_web_dashboard.py", line 12714, in do_GET
    self.send_error(HTTPStatus.INTERNAL_SERVER_ERROR, str(exc))
  File "C:\Program Files\Python311\Lib\http\server.py", line 488, in send_error
    self.end_headers()
  File "C:\Program Files\Python311\Lib\http\server.py", line 538, in end_headers
    self.flush_headers()
  File "C:\Program Files\Python311\Lib\http\server.py", line 542, in flush_headers
    self.wfile.write(b"".join(self._headers_buffer))
  File "C:\Program Files\Python311\Lib\socketserver.py", line 834, in write
    self._sock.sendall(b)
ConnectionAbortedError: [WinError 10053] An established connection was aborted by the software in your host machine
----------------------------------------
----------------------------------------
Exception occurred during processing of request from ('127.0.0.1', 60419)
Traceback (most recent call last):
  File "C:\Anup\6gsimulation\sixgr_foundation_v2 (2)\apps\lls_web_dashboard.py", line 12560, in do_GET
    self.respond_html(
  File "C:\Anup\6gsimulation\sixgr_foundation_v2 (2)\apps\lls_web_dashboard.py", line 12814, in respond_html
    self.wfile.write(payload)
  File "C:\Program Files\Python311\Lib\socketserver.py", line 834, in write
    self._sock.sendall(b)
ConnectionAbortedError: [WinError 10053] An established connection was aborted by the software in your host machine

During handling of the above exception, another exception occurred:

Traceback (most recent call last):
  File "C:\Program Files\Python311\Lib\socketserver.py", line 691, in process_request_thread
    self.finish_request(request, client_address)
  File "C:\Program Files\Python311\Lib\socketserver.py", line 361, in finish_request
    self.RequestHandlerClass(request, client_address, self)
  File "C:\Program Files\Python311\Lib\socketserver.py", line 755, in __init__
    self.handle()
  File "C:\Program Files\Python311\Lib\http\server.py", line 436, in handle
    self.handle_one_request()
  File "C:\Program Files\Python311\Lib\http\server.py", line 424, in handle_one_request
    method()
  File "C:\Anup\6gsimulation\sixgr_foundation_v2 (2)\apps\lls_web_dashboard.py", line 12714, in do_GET
    self.send_error(HTTPStatus.INTERNAL_SERVER_ERROR, str(exc))
  File "C:\Program Files\Python311\Lib\http\server.py", line 488, in send_error
    self.end_headers()
  File "C:\Program Files\Python311\Lib\http\server.py", line 538, in end_headers
    self.flush_headers()
  File "C:\Program Files\Python311\Lib\http\server.py", line 542, in flush_headers
    self.wfile.write(b"".join(self._headers_buffer))
  File "C:\Program Files\Python311\Lib\socketserver.py", line 834, in write
    self._sock.sendall(b)
ConnectionAbortedError: [WinError 10053] An established connection was aborted by the software in your host machine
----------------------------------------
----------------------------------------
Exception occurred during processing of request from ('127.0.0.1', 60427)
Traceback (most recent call last):
  File "C:\Anup\6gsimulation\sixgr_foundation_v2 (2)\apps\lls_web_dashboard.py", line 12692, in do_GET
    self.respond_json(build_live_payload(run_id))
  File "C:\Anup\6gsimulation\sixgr_foundation_v2 (2)\apps\lls_web_dashboard.py", line 12822, in respond_json
    self.end_headers()
  File "C:\Program Files\Python311\Lib\http\server.py", line 538, in end_headers
    self.flush_headers()
  File "C:\Program Files\Python311\Lib\http\server.py", line 542, in flush_headers
    self.wfile.write(b"".join(self._headers_buffer))
  File "C:\Program Files\Python311\Lib\socketserver.py", line 834, in write
    self._sock.sendall(b)
ConnectionAbortedError: [WinError 10053] An established connection was aborted by the software in your host machine

During handling of the above exception, another exception occurred:

Traceback (most recent call last):
  File "C:\Program Files\Python311\Lib\socketserver.py", line 691, in process_request_thread
    self.finish_request(request, client_address)
  File "C:\Program Files\Python311\Lib\socketserver.py", line 361, in finish_request
    self.RequestHandlerClass(request, client_address, self)
  File "C:\Program Files\Python311\Lib\socketserver.py", line 755, in __init__
    self.handle()
  File "C:\Program Files\Python311\Lib\http\server.py", line 436, in handle
    self.handle_one_request()
  File "C:\Program Files\Python311\Lib\http\server.py", line 424, in handle_one_request
    method()
  File "C:\Anup\6gsimulation\sixgr_foundation_v2 (2)\apps\lls_web_dashboard.py", line 12714, in do_GET
    self.send_error(HTTPStatus.INTERNAL_SERVER_ERROR, str(exc))
  File "C:\Program Files\Python311\Lib\http\server.py", line 488, in send_error
    self.end_headers()
  File "C:\Program Files\Python311\Lib\http\server.py", line 538, in end_headers
    self.flush_headers()
  File "C:\Program Files\Python311\Lib\http\server.py", line 542, in flush_headers
    self.wfile.write(b"".join(self._headers_buffer))
  File "C:\Program Files\Python311\Lib\socketserver.py", line 834, in write
    self._sock.sendall(b)
ConnectionAbortedError: [WinError 10053] An established connection was aborted by the software in your host machine
----------------------------------------
----------------------------------------
Exception occurred during processing of request from ('127.0.0.1', 61047)
Traceback (most recent call last):
  File "C:\Program Files\Python311\Lib\site-packages\mysql\connector\pooling.py", line 654, in get_connection
    cnx = self._cnx_queue.get(block=False)
          ^^^^^^^^^^^^^^^^^^^^^^^^^^^^^^^^
  File "C:\Program Files\Python311\Lib\queue.py", line 168, in get
    raise Empty
_queue.Empty

The above exception was the direct cause of the following exception:

Traceback (most recent call last):
  File "C:\Anup\6gsimulation\sixgr_foundation_v2 (2)\apps\lls_web_dashboard.py", line 12692, in do_GET
    self.respond_json(build_live_payload(run_id))
                      ^^^^^^^^^^^^^^^^^^^^^^^^^^
  File "C:\Anup\6gsimulation\sixgr_foundation_v2 (2)\apps\lls_web_dashboard.py", line 7896, in build_live_payload
    artifacts = fetch_artifacts(run_id)
                ^^^^^^^^^^^^^^^^^^^^^^^
  File "C:\Anup\6gsimulation\sixgr_foundation_v2 (2)\apps\lls_web_dashboard.py", line 2821, in fetch_artifacts
    with db_connection() as conn:
         ^^^^^^^^^^^^^^^
  File "C:\Anup\6gsimulation\sixgr_foundation_v2 (2)\apps\lls_web_dashboard.py", line 153, in db_connection
    return pool.get_connection()
           ^^^^^^^^^^^^^^^^^^^^^
  File "C:\Program Files\Python311\Lib\site-packages\mysql\connector\pooling.py", line 656, in get_connection
    raise PoolError("Failed getting connection; pool exhausted") from err
mysql.connector.errors.PoolError: Failed getting connection; pool exhausted

During handling of the above exception, another exception occurred:

Traceback (most recent call last):
  File "C:\Program Files\Python311\Lib\socketserver.py", line 691, in process_request_thread
    self.finish_request(request, client_address)
  File "C:\Program Files\Python311\Lib\socketserver.py", line 361, in finish_request
    self.RequestHandlerClass(request, client_address, self)
  File "C:\Program Files\Python311\Lib\socketserver.py", line 755, in __init__
    self.handle()
  File "C:\Program Files\Python311\Lib\http\server.py", line 436, in handle
    self.handle_one_request()
  File "C:\Program Files\Python311\Lib\http\server.py", line 424, in handle_one_request
    method()
  File "C:\Anup\6gsimulation\sixgr_foundation_v2 (2)\apps\lls_web_dashboard.py", line 12714, in do_GET
    self.send_error(HTTPStatus.INTERNAL_SERVER_ERROR, str(exc))
  File "C:\Program Files\Python311\Lib\http\server.py", line 491, in send_error
    self.wfile.write(body)
  File "C:\Program Files\Python311\Lib\socketserver.py", line 834, in write
    self._sock.sendall(b)
ConnectionAbortedError: [WinError 10053] An established connection was aborted by the software in your host machine
----------------------------------------
----------------------------------------
Exception occurred during processing of request from ('127.0.0.1', 61050)
----------------------------------------
Exception occurred during processing of request from ('127.0.0.1', 60854)
Traceback (most recent call last):
  File "C:\Program Files\Python311\Lib\site-packages\mysql\connector\pooling.py", line 654, in get_connection
    cnx = self._cnx_queue.get(block=False)
          ^^^^^^^^^^^^^^^^^^^^^^^^^^^^^^^^
  File "C:\Program Files\Python311\Lib\queue.py", line 168, in get
    raise Empty
_queue.Empty

The above exception was the direct cause of the following exception:

Traceback (most recent call last):
  File "C:\Anup\6gsimulation\sixgr_foundation_v2 (2)\apps\lls_web_dashboard.py", line 12692, in do_GET
    self.respond_json(build_live_payload(run_id))
                      ^^^^^^^^^^^^^^^^^^^^^^^^^^
  File "C:\Anup\6gsimulation\sixgr_foundation_v2 (2)\apps\lls_web_dashboard.py", line 7896, in build_live_payload
    artifacts = fetch_artifacts(run_id)
                ^^^^^^^^^^^^^^^^^^^^^^^
  File "C:\Anup\6gsimulation\sixgr_foundation_v2 (2)\apps\lls_web_dashboard.py", line 2821, in fetch_artifacts
    with db_connection() as conn:
         ^^^^^^^^^^^^^^^
  File "C:\Anup\6gsimulation\sixgr_foundation_v2 (2)\apps\lls_web_dashboard.py", line 153, in db_connection
    return pool.get_connection()
           ^^^^^^^^^^^^^^^^^^^^^
  File "C:\Program Files\Python311\Lib\site-packages\mysql\connector\pooling.py", line 656, in get_connection
    raise PoolError("Failed getting connection; pool exhausted") from err
mysql.connector.errors.PoolError: Failed getting connection; pool exhausted

During handling of the above exception, another exception occurred:

Traceback (most recent call last):
Traceback (most recent call last):
  File "C:\Program Files\Python311\Lib\socketserver.py", line 691, in process_request_thread
    self.finish_request(request, client_address)
  File "C:\Program Files\Python311\Lib\site-packages\mysql\connector\pooling.py", line 654, in get_connection
    cnx = self._cnx_queue.get(block=False)
          ^^^^^^^^^^^^^^^^^^^^^^^^^^^^^^^^
  File "C:\Program Files\Python311\Lib\queue.py", line 168, in get
    raise Empty
  File "C:\Program Files\Python311\Lib\socketserver.py", line 361, in finish_request
    self.RequestHandlerClass(request, client_address, self)
----------------------------------------
  File "C:\Program Files\Python311\Lib\socketserver.py", line 755, in __init__
    self.handle()
Exception occurred during processing of request from ('127.0.0.1', 60853)
  File "C:\Program Files\Python311\Lib\http\server.py", line 436, in handle
    self.handle_one_request()
_queue.Empty
  File "C:\Program Files\Python311\Lib\http\server.py", line 424, in handle_one_request
    method()

The above exception was the direct cause of the following exception:

  File "C:\Anup\6gsimulation\sixgr_foundation_v2 (2)\apps\lls_web_dashboard.py", line 12714, in do_GET
    self.send_error(HTTPStatus.INTERNAL_SERVER_ERROR, str(exc))
Traceback (most recent call last):
  File "C:\Program Files\Python311\Lib\http\server.py", line 491, in send_error
    self.wfile.write(body)
  File "C:\Anup\6gsimulation\sixgr_foundation_v2 (2)\apps\lls_web_dashboard.py", line 12692, in do_GET
    self.respond_json(build_live_payload(run_id))
                      ^^^^^^^^^^^^^^^^^^^^^^^^^^
  File "C:\Program Files\Python311\Lib\socketserver.py", line 834, in write
    self._sock.sendall(b)
  File "C:\Anup\6gsimulation\sixgr_foundation_v2 (2)\apps\lls_web_dashboard.py", line 7914, in build_live_payload
    contract_materializer.materialize_run_contract_artifacts(
ConnectionAbortedError: [WinError 10053] An established connection was aborted by the software in your host machine
  File "C:\Anup\6gsimulation\sixgr_foundation_v2 (2)\apps\lls_contract_materializer.py", line 2139, in materialize_run_contract_artifacts
    csv_artifact_id = _store_artifact(
                      ^^^^^^^^^^^^^^^^
----------------------------------------
  File "C:\Anup\6gsimulation\sixgr_foundation_v2 (2)\apps\lls_contract_materializer.py", line 1678, in _store_artifact
    with db_connection_factory() as conn:
         ^^^^^^^^^^^^^^^^^^^^^^^
Traceback (most recent call last):
  File "C:\Anup\6gsimulation\sixgr_foundation_v2 (2)\apps\lls_web_dashboard.py", line 153, in db_connection
    return pool.get_connection()
           ^^^^^^^^^^^^^^^^^^^^^
  File "C:\Program Files\Python311\Lib\site-packages\mysql\connector\pooling.py", line 654, in get_connection
    cnx = self._cnx_queue.get(block=False)
          ^^^^^^^^^^^^^^^^^^^^^^^^^^^^^^^^
  File "C:\Program Files\Python311\Lib\site-packages\mysql\connector\pooling.py", line 656, in get_connection
    raise PoolError("Failed getting connection; pool exhausted") from err
  File "C:\Program Files\Python311\Lib\queue.py", line 168, in get
    raise Empty
mysql.connector.errors.PoolError: Failed getting connection; pool exhausted
_queue.Empty

During handling of the above exception, another exception occurred:


The above exception was the direct cause of the following exception:

Traceback (most recent call last):
Traceback (most recent call last):
  File "C:\Program Files\Python311\Lib\socketserver.py", line 691, in process_request_thread
    self.finish_request(request, client_address)
  File "C:\Anup\6gsimulation\sixgr_foundation_v2 (2)\apps\lls_web_dashboard.py", line 12692, in do_GET
    self.respond_json(build_live_payload(run_id))
                      ^^^^^^^^^^^^^^^^^^^^^^^^^^
  File "C:\Program Files\Python311\Lib\socketserver.py", line 361, in finish_request
    self.RequestHandlerClass(request, client_address, self)
  File "C:\Anup\6gsimulation\sixgr_foundation_v2 (2)\apps\lls_web_dashboard.py", line 7914, in build_live_payload
    contract_materializer.materialize_run_contract_artifacts(
  File "C:\Program Files\Python311\Lib\socketserver.py", line 755, in __init__
    self.handle()
  File "C:\Anup\6gsimulation\sixgr_foundation_v2 (2)\apps\lls_contract_materializer.py", line 2079, in materialize_run_contract_artifacts
    source_table_bytes = fetch_artifact_bytes(int(source_table["artifact_id"]))
                         ^^^^^^^^^^^^^^^^^^^^^^^^^^^^^^^^^^^^^^^^^^^^^^^^^^^^^^
  File "C:\Program Files\Python311\Lib\http\server.py", line 436, in handle
    self.handle_one_request()
  File "C:\Program Files\Python311\Lib\http\server.py", line 424, in handle_one_request
    method()
  File "C:\Anup\6gsimulation\sixgr_foundation_v2 (2)\apps\lls_web_dashboard.py", line 2846, in fetch_artifact_bytes
    with db_connection() as conn:
         ^^^^^^^^^^^^^^^
  File "C:\Anup\6gsimulation\sixgr_foundation_v2 (2)\apps\lls_web_dashboard.py", line 12714, in do_GET
    self.send_error(HTTPStatus.INTERNAL_SERVER_ERROR, str(exc))
  File "C:\Anup\6gsimulation\sixgr_foundation_v2 (2)\apps\lls_web_dashboard.py", line 153, in db_connection
    return pool.get_connection()
           ^^^^^^^^^^^^^^^^^^^^^
  File "C:\Program Files\Python311\Lib\http\server.py", line 491, in send_error
    self.wfile.write(body)
  File "C:\Program Files\Python311\Lib\site-packages\mysql\connector\pooling.py", line 656, in get_connection
    raise PoolError("Failed getting connection; pool exhausted") from err
  File "C:\Program Files\Python311\Lib\socketserver.py", line 834, in write
    self._sock.sendall(b)
mysql.connector.errors.PoolError: Failed getting connection; pool exhausted
ConnectionAbortedError: [WinError 10053] An established connection was aborted by the software in your host machine

During handling of the above exception, another exception occurred:

----------------------------------------
Traceback (most recent call last):
  File "C:\Program Files\Python311\Lib\socketserver.py", line 691, in process_request_thread
    self.finish_request(request, client_address)
  File "C:\Program Files\Python311\Lib\socketserver.py", line 361, in finish_request
    self.RequestHandlerClass(request, client_address, self)
  File "C:\Program Files\Python311\Lib\socketserver.py", line 755, in __init__
    self.handle()
  File "C:\Program Files\Python311\Lib\http\server.py", line 436, in handle
    self.handle_one_request()
  File "C:\Program Files\Python311\Lib\http\server.py", line 424, in handle_one_request
    method()
  File "C:\Anup\6gsimulation\sixgr_foundation_v2 (2)\apps\lls_web_dashboard.py", line 12714, in do_GET
    self.send_error(HTTPStatus.INTERNAL_SERVER_ERROR, str(exc))
  File "C:\Program Files\Python311\Lib\http\server.py", line 491, in send_error
    self.wfile.write(body)
  File "C:\Program Files\Python311\Lib\socketserver.py", line 834, in write
    self._sock.sendall(b)
ConnectionAbortedError: [WinError 10053] An established connection was aborted by the software in your host machine
----------------------------------------
----------------------------------------
Exception occurred during processing of request from ('127.0.0.1', 60855)
----------------------------------------
Exception occurred during processing of request from ('127.0.0.1', 60996)
Traceback (most recent call last):
  File "C:\Program Files\Python311\Lib\site-packages\mysql\connector\pooling.py", line 654, in get_connection
    cnx = self._cnx_queue.get(block=False)
          ^^^^^^^^^^^^^^^^^^^^^^^^^^^^^^^^
  File "C:\Program Files\Python311\Lib\queue.py", line 168, in get
    raise Empty
_queue.Empty

The above exception was the direct cause of the following exception:

Traceback (most recent call last):
  File "C:\Anup\6gsimulation\sixgr_foundation_v2 (2)\apps\lls_web_dashboard.py", line 12692, in do_GET
    self.respond_json(build_live_payload(run_id))
                      ^^^^^^^^^^^^^^^^^^^^^^^^^^
Traceback (most recent call last):
  File "C:\Anup\6gsimulation\sixgr_foundation_v2 (2)\apps\lls_web_dashboard.py", line 7914, in build_live_payload
    contract_materializer.materialize_run_contract_artifacts(
  File "C:\Program Files\Python311\Lib\site-packages\mysql\connector\pooling.py", line 654, in get_connection
    cnx = self._cnx_queue.get(block=False)
          ^^^^^^^^^^^^^^^^^^^^^^^^^^^^^^^^
  File "C:\Anup\6gsimulation\sixgr_foundation_v2 (2)\apps\lls_contract_materializer.py", line 1941, in materialize_run_contract_artifacts
    artifact_id = _store_artifact(
                  ^^^^^^^^^^^^^^^^
  File "C:\Program Files\Python311\Lib\queue.py", line 168, in get
    raise Empty
  File "C:\Anup\6gsimulation\sixgr_foundation_v2 (2)\apps\lls_contract_materializer.py", line 1678, in _store_artifact
    with db_connection_factory() as conn:
         ^^^^^^^^^^^^^^^^^^^^^^^
_queue.Empty
  File "C:\Anup\6gsimulation\sixgr_foundation_v2 (2)\apps\lls_web_dashboard.py", line 153, in db_connection
    return pool.get_connection()
           ^^^^^^^^^^^^^^^^^^^^^

The above exception was the direct cause of the following exception:

  File "C:\Program Files\Python311\Lib\site-packages\mysql\connector\pooling.py", line 656, in get_connection
    raise PoolError("Failed getting connection; pool exhausted") from err
Traceback (most recent call last):
mysql.connector.errors.PoolError: Failed getting connection; pool exhausted
  File "C:\Anup\6gsimulation\sixgr_foundation_v2 (2)\apps\lls_web_dashboard.py", line 12692, in do_GET
    self.respond_json(build_live_payload(run_id))
                      ^^^^^^^^^^^^^^^^^^^^^^^^^^

During handling of the above exception, another exception occurred:

  File "C:\Anup\6gsimulation\sixgr_foundation_v2 (2)\apps\lls_web_dashboard.py", line 7914, in build_live_payload
    contract_materializer.materialize_run_contract_artifacts(
----------------------------------------
  File "C:\Anup\6gsimulation\sixgr_foundation_v2 (2)\apps\lls_contract_materializer.py", line 2139, in materialize_run_contract_artifacts
    csv_artifact_id = _store_artifact(
                      ^^^^^^^^^^^^^^^^
Exception occurred during processing of request from ('127.0.0.1', 60852)
  File "C:\Anup\6gsimulation\sixgr_foundation_v2 (2)\apps\lls_contract_materializer.py", line 1678, in _store_artifact
    with db_connection_factory() as conn:
         ^^^^^^^^^^^^^^^^^^^^^^^
Traceback (most recent call last):
  File "C:\Anup\6gsimulation\sixgr_foundation_v2 (2)\apps\lls_web_dashboard.py", line 153, in db_connection
    return pool.get_connection()
           ^^^^^^^^^^^^^^^^^^^^^
  File "C:\Program Files\Python311\Lib\socketserver.py", line 691, in process_request_thread
    self.finish_request(request, client_address)
  File "C:\Program Files\Python311\Lib\site-packages\mysql\connector\pooling.py", line 656, in get_connection
    raise PoolError("Failed getting connection; pool exhausted") from err
  File "C:\Program Files\Python311\Lib\socketserver.py", line 361, in finish_request
    self.RequestHandlerClass(request, client_address, self)
mysql.connector.errors.PoolError: Failed getting connection; pool exhausted
  File "C:\Program Files\Python311\Lib\socketserver.py", line 755, in __init__
    self.handle()

During handling of the above exception, another exception occurred:

  File "C:\Program Files\Python311\Lib\http\server.py", line 436, in handle
    self.handle_one_request()
Traceback (most recent call last):
  File "C:\Program Files\Python311\Lib\http\server.py", line 424, in handle_one_request
    method()
  File "C:\Program Files\Python311\Lib\socketserver.py", line 691, in process_request_thread
    self.finish_request(request, client_address)
  File "C:\Program Files\Python311\Lib\socketserver.py", line 361, in finish_request
    self.RequestHandlerClass(request, client_address, self)
Traceback (most recent call last):
  File "C:\Anup\6gsimulation\sixgr_foundation_v2 (2)\apps\lls_web_dashboard.py", line 12714, in do_GET
    self.send_error(HTTPStatus.INTERNAL_SERVER_ERROR, str(exc))
  File "C:\Program Files\Python311\Lib\socketserver.py", line 755, in __init__
    self.handle()
  File "C:\Program Files\Python311\Lib\site-packages\mysql\connector\pooling.py", line 654, in get_connection
    cnx = self._cnx_queue.get(block=False)
          ^^^^^^^^^^^^^^^^^^^^^^^^^^^^^^^^
  File "C:\Program Files\Python311\Lib\http\server.py", line 436, in handle
    self.handle_one_request()
  File "C:\Program Files\Python311\Lib\queue.py", line 168, in get
    raise Empty
  File "C:\Program Files\Python311\Lib\http\server.py", line 424, in handle_one_request
    method()
_queue.Empty
  File "C:\Anup\6gsimulation\sixgr_foundation_v2 (2)\apps\lls_web_dashboard.py", line 12714, in do_GET
    self.send_error(HTTPStatus.INTERNAL_SERVER_ERROR, str(exc))

The above exception was the direct cause of the following exception:

  File "C:\Program Files\Python311\Lib\http\server.py", line 491, in send_error
    self.wfile.write(body)
Traceback (most recent call last):
  File "C:\Program Files\Python311\Lib\socketserver.py", line 834, in write
    self._sock.sendall(b)
  File "C:\Anup\6gsimulation\sixgr_foundation_v2 (2)\apps\lls_web_dashboard.py", line 12692, in do_GET
    self.respond_json(build_live_payload(run_id))
                      ^^^^^^^^^^^^^^^^^^^^^^^^^^
ConnectionAbortedError: [WinError 10053] An established connection was aborted by the software in your host machine
  File "C:\Anup\6gsimulation\sixgr_foundation_v2 (2)\apps\lls_web_dashboard.py", line 7914, in build_live_payload
    contract_materializer.materialize_run_contract_artifacts(
----------------------------------------
  File "C:\Anup\6gsimulation\sixgr_foundation_v2 (2)\apps\lls_contract_materializer.py", line 2139, in materialize_run_contract_artifacts
    csv_artifact_id = _store_artifact(
                      ^^^^^^^^^^^^^^^^
  File "C:\Program Files\Python311\Lib\http\server.py", line 491, in send_error
    self.wfile.write(body)
  File "C:\Anup\6gsimulation\sixgr_foundation_v2 (2)\apps\lls_contract_materializer.py", line 1678, in _store_artifact
    with db_connection_factory() as conn:
         ^^^^^^^^^^^^^^^^^^^^^^^
  File "C:\Program Files\Python311\Lib\socketserver.py", line 834, in write
    self._sock.sendall(b)
  File "C:\Anup\6gsimulation\sixgr_foundation_v2 (2)\apps\lls_web_dashboard.py", line 153, in db_connection
    return pool.get_connection()
           ^^^^^^^^^^^^^^^^^^^^^
ConnectionAbortedError: [WinError 10053] An established connection was aborted by the software in your host machine
  File "C:\Program Files\Python311\Lib\site-packages\mysql\connector\pooling.py", line 656, in get_connection
    raise PoolError("Failed getting connection; pool exhausted") from err
----------------------------------------
mysql.connector.errors.PoolError: Failed getting connection; pool exhausted

During handling of the above exception, another exception occurred:

Traceback (most recent call last):
  File "C:\Program Files\Python311\Lib\socketserver.py", line 691, in process_request_thread
    self.finish_request(request, client_address)
  File "C:\Program Files\Python311\Lib\socketserver.py", line 361, in finish_request
    self.RequestHandlerClass(request, client_address, self)
  File "C:\Program Files\Python311\Lib\socketserver.py", line 755, in __init__
    self.handle()
  File "C:\Program Files\Python311\Lib\http\server.py", line 436, in handle
    self.handle_one_request()
  File "C:\Program Files\Python311\Lib\http\server.py", line 424, in handle_one_request
    method()
  File "C:\Anup\6gsimulation\sixgr_foundation_v2 (2)\apps\lls_web_dashboard.py", line 12714, in do_GET
    self.send_error(HTTPStatus.INTERNAL_SERVER_ERROR, str(exc))
  File "C:\Program Files\Python311\Lib\http\server.py", line 491, in send_error
    self.wfile.write(body)
  File "C:\Program Files\Python311\Lib\socketserver.py", line 834, in write
    self._sock.sendall(b)
ConnectionAbortedError: [WinError 10053] An established connection was aborted by the software in your host machine
----------------------------------------
----------------------------------------
Exception occurred during processing of request from ('10.51.142.91', 59649)
Traceback (most recent call last):
  File "C:\Anup\6gsimulation\sixgr_foundation_v2 (2)\apps\lls_web_dashboard.py", line 12560, in do_GET
    self.respond_html(
  File "C:\Anup\6gsimulation\sixgr_foundation_v2 (2)\apps\lls_web_dashboard.py", line 12814, in respond_html
    self.wfile.write(payload)
  File "C:\Program Files\Python311\Lib\socketserver.py", line 834, in write
    self._sock.sendall(b)
ConnectionAbortedError: [WinError 10053] An established connection was aborted by the software in your host machine

During handling of the above exception, another exception occurred:

Traceback (most recent call last):
  File "C:\Program Files\Python311\Lib\socketserver.py", line 691, in process_request_thread
    self.finish_request(request, client_address)
  File "C:\Program Files\Python311\Lib\socketserver.py", line 361, in finish_request
    self.RequestHandlerClass(request, client_address, self)
  File "C:\Program Files\Python311\Lib\socketserver.py", line 755, in __init__
    self.handle()
  File "C:\Program Files\Python311\Lib\http\server.py", line 436, in handle
    self.handle_one_request()
  File "C:\Program Files\Python311\Lib\http\server.py", line 424, in handle_one_request
    method()
  File "C:\Anup\6gsimulation\sixgr_foundation_v2 (2)\apps\lls_web_dashboard.py", line 12714, in do_GET
    self.send_error(HTTPStatus.INTERNAL_SERVER_ERROR, str(exc))
  File "C:\Program Files\Python311\Lib\http\server.py", line 488, in send_error
    self.end_headers()
  File "C:\Program Files\Python311\Lib\http\server.py", line 538, in end_headers
    self.flush_headers()
  File "C:\Program Files\Python311\Lib\http\server.py", line 542, in flush_headers
    self.wfile.write(b"".join(self._headers_buffer))
  File "C:\Program Files\Python311\Lib\socketserver.py", line 834, in write
    self._sock.sendall(b)
ConnectionAbortedError: [WinError 10053] An established connection was aborted by the software in your host machine
----------------------------------------
----------------------------------------
Exception occurred during processing of request from ('10.51.142.91', 53816)
Traceback (most recent call last):
  File "C:\Anup\6gsimulation\sixgr_foundation_v2 (2)\apps\lls_web_dashboard.py", line 12560, in do_GET
    self.respond_html(
  File "C:\Anup\6gsimulation\sixgr_foundation_v2 (2)\apps\lls_web_dashboard.py", line 12814, in respond_html
    self.wfile.write(payload)
  File "C:\Program Files\Python311\Lib\socketserver.py", line 834, in write
    self._sock.sendall(b)
ConnectionAbortedError: [WinError 10053] An established connection was aborted by the software in your host machine

During handling of the above exception, another exception occurred:

Traceback (most recent call last):
  File "C:\Program Files\Python311\Lib\socketserver.py", line 691, in process_request_thread
    self.finish_request(request, client_address)
  File "C:\Program Files\Python311\Lib\socketserver.py", line 361, in finish_request
    self.RequestHandlerClass(request, client_address, self)
  File "C:\Program Files\Python311\Lib\socketserver.py", line 755, in __init__
    self.handle()
  File "C:\Program Files\Python311\Lib\http\server.py", line 436, in handle
    self.handle_one_request()
  File "C:\Program Files\Python311\Lib\http\server.py", line 424, in handle_one_request
    method()
  File "C:\Anup\6gsimulation\sixgr_foundation_v2 (2)\apps\lls_web_dashboard.py", line 12714, in do_GET
    self.send_error(HTTPStatus.INTERNAL_SERVER_ERROR, str(exc))
  File "C:\Program Files\Python311\Lib\http\server.py", line 488, in send_error
    self.end_headers()
  File "C:\Program Files\Python311\Lib\http\server.py", line 538, in end_headers
    self.flush_headers()
  File "C:\Program Files\Python311\Lib\http\server.py", line 542, in flush_headers
    self.wfile.write(b"".join(self._headers_buffer))
  File "C:\Program Files\Python311\Lib\socketserver.py", line 834, in write
    self._sock.sendall(b)
ConnectionAbortedError: [WinError 10053] An established connection was aborted by the software in your host machine
----------------------------------------
----------------------------------------
Exception occurred during processing of request from ('127.0.0.1', 61235)
Traceback (most recent call last):
  File "C:\Anup\6gsimulation\sixgr_foundation_v2 (2)\apps\lls_web_dashboard.py", line 12560, in do_GET
    self.respond_html(
  File "C:\Anup\6gsimulation\sixgr_foundation_v2 (2)\apps\lls_web_dashboard.py", line 12813, in respond_html
    self.end_headers()
  File "C:\Program Files\Python311\Lib\http\server.py", line 538, in end_headers
    self.flush_headers()
  File "C:\Program Files\Python311\Lib\http\server.py", line 542, in flush_headers
    self.wfile.write(b"".join(self._headers_buffer))
  File "C:\Program Files\Python311\Lib\socketserver.py", line 834, in write
    self._sock.sendall(b)
ConnectionResetError: [WinError 10054] An existing connection was forcibly closed by the remote host

During handling of the above exception, another exception occurred:

Traceback (most recent call last):
  File "C:\Program Files\Python311\Lib\socketserver.py", line 691, in process_request_thread
    self.finish_request(request, client_address)
  File "C:\Program Files\Python311\Lib\socketserver.py", line 361, in finish_request
    self.RequestHandlerClass(request, client_address, self)
  File "C:\Program Files\Python311\Lib\socketserver.py", line 755, in __init__
    self.handle()
  File "C:\Program Files\Python311\Lib\http\server.py", line 436, in handle
    self.handle_one_request()
  File "C:\Program Files\Python311\Lib\http\server.py", line 424, in handle_one_request
    method()
  File "C:\Anup\6gsimulation\sixgr_foundation_v2 (2)\apps\lls_web_dashboard.py", line 12714, in do_GET
    self.send_error(HTTPStatus.INTERNAL_SERVER_ERROR, str(exc))
  File "C:\Program Files\Python311\Lib\http\server.py", line 488, in send_error
    self.end_headers()
  File "C:\Program Files\Python311\Lib\http\server.py", line 538, in end_headers
    self.flush_headers()
  File "C:\Program Files\Python311\Lib\http\server.py", line 542, in flush_headers
    self.wfile.write(b"".join(self._headers_buffer))
  File "C:\Program Files\Python311\Lib\socketserver.py", line 834, in write
    self._sock.sendall(b)
ConnectionResetError: [WinError 10054] An existing connection was forcibly closed by the remote host
----------------------------------------
----------------------------------------
Exception occurred during processing of request from ('127.0.0.1', 61126)
----------------------------------------
Exception occurred during processing of request from ('127.0.0.1', 61072)
Traceback (most recent call last):
Traceback (most recent call last):
  File "C:\Program Files\Python311\Lib\site-packages\mysql\connector\pooling.py", line 654, in get_connection
    cnx = self._cnx_queue.get(block=False)
          ^^^^^^^^^^^^^^^^^^^^^^^^^^^^^^^^
  File "C:\Program Files\Python311\Lib\site-packages\mysql\connector\pooling.py", line 654, in get_connection
    cnx = self._cnx_queue.get(block=False)
          ^^^^^^^^^^^^^^^^^^^^^^^^^^^^^^^^
  File "C:\Program Files\Python311\Lib\queue.py", line 168, in get
    raise Empty
  File "C:\Program Files\Python311\Lib\queue.py", line 168, in get
    raise Empty
_queue.Empty
_queue.Empty

The above exception was the direct cause of the following exception:

Traceback (most recent call last):

The above exception was the direct cause of the following exception:

  File "C:\Anup\6gsimulation\sixgr_foundation_v2 (2)\apps\lls_web_dashboard.py", line 12692, in do_GET
    self.respond_json(build_live_payload(run_id))
                      ^^^^^^^^^^^^^^^^^^^^^^^^^^
  File "C:\Anup\6gsimulation\sixgr_foundation_v2 (2)\apps\lls_web_dashboard.py", line 7914, in build_live_payload
    contract_materializer.materialize_run_contract_artifacts(
Traceback (most recent call last):
  File "C:\Anup\6gsimulation\sixgr_foundation_v2 (2)\apps\lls_web_dashboard.py", line 12692, in do_GET
    self.respond_json(build_live_payload(run_id))
                      ^^^^^^^^^^^^^^^^^^^^^^^^^^
  File "C:\Anup\6gsimulation\sixgr_foundation_v2 (2)\apps\lls_contract_materializer.py", line 1841, in materialize_run_contract_artifacts
    contract_owned_paths = _contract_owned_paths(artifacts, db_connection_factory)
                           ^^^^^^^^^^^^^^^^^^^^^^^^^^^^^^^^^^^^^^^^^^^^^^^^^^^^^^^
  File "C:\Anup\6gsimulation\sixgr_foundation_v2 (2)\apps\lls_web_dashboard.py", line 7914, in build_live_payload
    contract_materializer.materialize_run_contract_artifacts(
  File "C:\Anup\6gsimulation\sixgr_foundation_v2 (2)\apps\lls_contract_materializer.py", line 857, in _contract_owned_paths
    if _artifact_is_contract_owned(artifact, db_connection_factory):
       ^^^^^^^^^^^^^^^^^^^^^^^^^^^^^^^^^^^^^^^^^^^^^^^^^^^^^^^^^^^^
  File "C:\Anup\6gsimulation\sixgr_foundation_v2 (2)\apps\lls_contract_materializer.py", line 840, in _artifact_is_contract_owned
    payload = _artifact_metadata_json(artifact, db_connection_factory)
              ^^^^^^^^^^^^^^^^^^^^^^^^^^^^^^^^^^^^^^^^^^^^^^^^^^^^^^^^
  File "C:\Anup\6gsimulation\sixgr_foundation_v2 (2)\apps\lls_contract_materializer.py", line 1896, in materialize_run_contract_artifacts
    source_art, source_data, header, rows = _select_source_table_artifact(source_paths, source_lookup, fetch_artifact_bytes)
                                            ^^^^^^^^^^^^^^^^^^^^^^^^^^^^^^^^^^^^^^^^^^^^^^^^^^^^^^^^^^^^^^^^^^^^^^^^^^^^^^^^
  File "C:\Anup\6gsimulation\sixgr_foundation_v2 (2)\apps\lls_contract_materializer.py", line 1739, in _artifact_metadata_json
    with db_connection_factory() as conn:
         ^^^^^^^^^^^^^^^^^^^^^^^
  File "C:\Anup\6gsimulation\sixgr_foundation_v2 (2)\apps\lls_contract_materializer.py", line 1027, in _select_source_table_artifact
    source_data = fetch_artifact_bytes(int(art["artifact_id"]))
                  ^^^^^^^^^^^^^^^^^^^^^^^^^^^^^^^^^^^^^^^^^^^^^
  File "C:\Anup\6gsimulation\sixgr_foundation_v2 (2)\apps\lls_web_dashboard.py", line 2846, in fetch_artifact_bytes
    with db_connection() as conn:
         ^^^^^^^^^^^^^^^
  File "C:\Anup\6gsimulation\sixgr_foundation_v2 (2)\apps\lls_web_dashboard.py", line 153, in db_connection
    return pool.get_connection()
           ^^^^^^^^^^^^^^^^^^^^^
  File "C:\Anup\6gsimulation\sixgr_foundation_v2 (2)\apps\lls_web_dashboard.py", line 153, in db_connection
    return pool.get_connection()
           ^^^^^^^^^^^^^^^^^^^^^
  File "C:\Program Files\Python311\Lib\site-packages\mysql\connector\pooling.py", line 656, in get_connection
    raise PoolError("Failed getting connection; pool exhausted") from err
  File "C:\Program Files\Python311\Lib\site-packages\mysql\connector\pooling.py", line 656, in get_connection
    raise PoolError("Failed getting connection; pool exhausted") from err
mysql.connector.errors.PoolError: Failed getting connection; pool exhausted
mysql.connector.errors.PoolError: Failed getting connection; pool exhausted

During handling of the above exception, another exception occurred:


During handling of the above exception, another exception occurred:

Traceback (most recent call last):
Traceback (most recent call last):
  File "C:\Program Files\Python311\Lib\socketserver.py", line 691, in process_request_thread
    self.finish_request(request, client_address)
  File "C:\Program Files\Python311\Lib\socketserver.py", line 691, in process_request_thread
    self.finish_request(request, client_address)
  File "C:\Program Files\Python311\Lib\socketserver.py", line 361, in finish_request
    self.RequestHandlerClass(request, client_address, self)
  File "C:\Program Files\Python311\Lib\socketserver.py", line 361, in finish_request
    self.RequestHandlerClass(request, client_address, self)
  File "C:\Program Files\Python311\Lib\socketserver.py", line 755, in __init__
    self.handle()
  File "C:\Program Files\Python311\Lib\socketserver.py", line 755, in __init__
    self.handle()
  File "C:\Program Files\Python311\Lib\http\server.py", line 436, in handle
    self.handle_one_request()
  File "C:\Program Files\Python311\Lib\http\server.py", line 436, in handle
    self.handle_one_request()
  File "C:\Program Files\Python311\Lib\http\server.py", line 424, in handle_one_request
    method()
----------------------------------------
  File "C:\Program Files\Python311\Lib\http\server.py", line 424, in handle_one_request
    method()
  File "C:\Anup\6gsimulation\sixgr_foundation_v2 (2)\apps\lls_web_dashboard.py", line 12714, in do_GET
    self.send_error(HTTPStatus.INTERNAL_SERVER_ERROR, str(exc))
  File "C:\Anup\6gsimulation\sixgr_foundation_v2 (2)\apps\lls_web_dashboard.py", line 12714, in do_GET
    self.send_error(HTTPStatus.INTERNAL_SERVER_ERROR, str(exc))
  File "C:\Program Files\Python311\Lib\http\server.py", line 488, in send_error
    self.end_headers()
  File "C:\Program Files\Python311\Lib\http\server.py", line 488, in send_error
    self.end_headers()
  File "C:\Program Files\Python311\Lib\http\server.py", line 538, in end_headers
    self.flush_headers()
  File "C:\Program Files\Python311\Lib\http\server.py", line 538, in end_headers
    self.flush_headers()
  File "C:\Program Files\Python311\Lib\http\server.py", line 542, in flush_headers
    self.wfile.write(b"".join(self._headers_buffer))
  File "C:\Program Files\Python311\Lib\http\server.py", line 542, in flush_headers
    self.wfile.write(b"".join(self._headers_buffer))
  File "C:\Program Files\Python311\Lib\socketserver.py", line 834, in write
    self._sock.sendall(b)
  File "C:\Program Files\Python311\Lib\socketserver.py", line 834, in write
    self._sock.sendall(b)
ConnectionAbortedError: [WinError 10053] An established connection was aborted by the software in your host machine
ConnectionAbortedError: [WinError 10053] An established connection was aborted by the software in your host machine
Exception occurred during processing of request from ('127.0.0.1', 61044)
----------------------------------------
----------------------------------------
Traceback (most recent call last):
  File "C:\Program Files\Python311\Lib\site-packages\mysql\connector\pooling.py", line 654, in get_connection
    cnx = self._cnx_queue.get(block=False)
          ^^^^^^^^^^^^^^^^^^^^^^^^^^^^^^^^
  File "C:\Program Files\Python311\Lib\queue.py", line 168, in get
    raise Empty
_queue.Empty

The above exception was the direct cause of the following exception:

Traceback (most recent call last):
  File "C:\Anup\6gsimulation\sixgr_foundation_v2 (2)\apps\lls_web_dashboard.py", line 12692, in do_GET
    self.respond_json(build_live_payload(run_id))
                      ^^^^^^^^^^^^^^^^^^^^^^^^^^
  File "C:\Anup\6gsimulation\sixgr_foundation_v2 (2)\apps\lls_web_dashboard.py", line 7914, in build_live_payload
    contract_materializer.materialize_run_contract_artifacts(
  File "C:\Anup\6gsimulation\sixgr_foundation_v2 (2)\apps\lls_contract_materializer.py", line 1941, in materialize_run_contract_artifacts
    artifact_id = _store_artifact(
                  ^^^^^^^^^^^^^^^^
  File "C:\Anup\6gsimulation\sixgr_foundation_v2 (2)\apps\lls_contract_materializer.py", line 1678, in _store_artifact
    with db_connection_factory() as conn:
         ^^^^^^^^^^^^^^^^^^^^^^^
  File "C:\Anup\6gsimulation\sixgr_foundation_v2 (2)\apps\lls_web_dashboard.py", line 153, in db_connection
    return pool.get_connection()
           ^^^^^^^^^^^^^^^^^^^^^
  File "C:\Program Files\Python311\Lib\site-packages\mysql\connector\pooling.py", line 656, in get_connection
    raise PoolError("Failed getting connection; pool exhausted") from err
mysql.connector.errors.PoolError: Failed getting connection; pool exhausted

During handling of the above exception, another exception occurred:

Traceback (most recent call last):
  File "C:\Program Files\Python311\Lib\socketserver.py", line 691, in process_request_thread
    self.finish_request(request, client_address)
  File "C:\Program Files\Python311\Lib\socketserver.py", line 361, in finish_request
    self.RequestHandlerClass(request, client_address, self)
  File "C:\Program Files\Python311\Lib\socketserver.py", line 755, in __init__
    self.handle()
  File "C:\Program Files\Python311\Lib\http\server.py", line 436, in handle
    self.handle_one_request()
  File "C:\Program Files\Python311\Lib\http\server.py", line 424, in handle_one_request
    method()
  File "C:\Anup\6gsimulation\sixgr_foundation_v2 (2)\apps\lls_web_dashboard.py", line 12714, in do_GET
    self.send_error(HTTPStatus.INTERNAL_SERVER_ERROR, str(exc))
  File "C:\Program Files\Python311\Lib\http\server.py", line 488, in send_error
    self.end_headers()
  File "C:\Program Files\Python311\Lib\http\server.py", line 538, in end_headers
    self.flush_headers()
  File "C:\Program Files\Python311\Lib\http\server.py", line 542, in flush_headers
    self.wfile.write(b"".join(self._headers_buffer))
  File "C:\Program Files\Python311\Lib\socketserver.py", line 834, in write
    self._sock.sendall(b)
ConnectionAbortedError: [WinError 10053] An established connection was aborted by the software in your host machine
----------------------------------------
----------------------------------------
Exception occurred during processing of request from ('127.0.0.1', 61125)
Traceback (most recent call last):
  File "C:\Program Files\Python311\Lib\site-packages\mysql\connector\pooling.py", line 654, in get_connection
    cnx = self._cnx_queue.get(block=False)
          ^^^^^^^^^^^^^^^^^^^^^^^^^^^^^^^^
  File "C:\Program Files\Python311\Lib\queue.py", line 168, in get
    raise Empty
_queue.Empty

The above exception was the direct cause of the following exception:

Traceback (most recent call last):
  File "C:\Anup\6gsimulation\sixgr_foundation_v2 (2)\apps\lls_web_dashboard.py", line 12692, in do_GET
    self.respond_json(build_live_payload(run_id))
                      ^^^^^^^^^^^^^^^^^^^^^^^^^^
  File "C:\Anup\6gsimulation\sixgr_foundation_v2 (2)\apps\lls_web_dashboard.py", line 7914, in build_live_payload
    contract_materializer.materialize_run_contract_artifacts(
  File "C:\Anup\6gsimulation\sixgr_foundation_v2 (2)\apps\lls_contract_materializer.py", line 1841, in materialize_run_contract_artifacts
    contract_owned_paths = _contract_owned_paths(artifacts, db_connection_factory)
                           ^^^^^^^^^^^^^^^^^^^^^^^^^^^^^^^^^^^^^^^^^^^^^^^^^^^^^^^
  File "C:\Anup\6gsimulation\sixgr_foundation_v2 (2)\apps\lls_contract_materializer.py", line 857, in _contract_owned_paths
    if _artifact_is_contract_owned(artifact, db_connection_factory):
       ^^^^^^^^^^^^^^^^^^^^^^^^^^^^^^^^^^^^^^^^^^^^^^^^^^^^^^^^^^^^
  File "C:\Anup\6gsimulation\sixgr_foundation_v2 (2)\apps\lls_contract_materializer.py", line 840, in _artifact_is_contract_owned
    payload = _artifact_metadata_json(artifact, db_connection_factory)
              ^^^^^^^^^^^^^^^^^^^^^^^^^^^^^^^^^^^^^^^^^^^^^^^^^^^^^^^^
----------------------------------------
----------------------------------------
Exception occurred during processing of request from ('127.0.0.1', 61131)
----------------------------------------
Exception occurred during processing of request from ('127.0.0.1', 61134)
  File "C:\Anup\6gsimulation\sixgr_foundation_v2 (2)\apps\lls_contract_materializer.py", line 1739, in _artifact_metadata_json
    with db_connection_factory() as conn:
         ^^^^^^^^^^^^^^^^^^^^^^^
Traceback (most recent call last):
  File "C:\Anup\6gsimulation\sixgr_foundation_v2 (2)\apps\lls_web_dashboard.py", line 153, in db_connection
    return pool.get_connection()
           ^^^^^^^^^^^^^^^^^^^^^
  File "C:\Program Files\Python311\Lib\site-packages\mysql\connector\pooling.py", line 654, in get_connection
    cnx = self._cnx_queue.get(block=False)
          ^^^^^^^^^^^^^^^^^^^^^^^^^^^^^^^^
  File "C:\Program Files\Python311\Lib\site-packages\mysql\connector\pooling.py", line 656, in get_connection
    raise PoolError("Failed getting connection; pool exhausted") from err
  File "C:\Program Files\Python311\Lib\queue.py", line 168, in get
    raise Empty
mysql.connector.errors.PoolError: Failed getting connection; pool exhausted
_queue.Empty

During handling of the above exception, another exception occurred:


The above exception was the direct cause of the following exception:

Traceback (most recent call last):
Traceback (most recent call last):
  File "C:\Program Files\Python311\Lib\socketserver.py", line 691, in process_request_thread
    self.finish_request(request, client_address)
Exception occurred during processing of request from ('127.0.0.1', 61146)
Traceback (most recent call last):
  File "C:\Anup\6gsimulation\sixgr_foundation_v2 (2)\apps\lls_web_dashboard.py", line 12692, in do_GET
    self.respond_json(build_live_payload(run_id))
                      ^^^^^^^^^^^^^^^^^^^^^^^^^^
  File "C:\Program Files\Python311\Lib\socketserver.py", line 361, in finish_request
    self.RequestHandlerClass(request, client_address, self)
----------------------------------------
  File "C:\Anup\6gsimulation\sixgr_foundation_v2 (2)\apps\lls_web_dashboard.py", line 7914, in build_live_payload
    contract_materializer.materialize_run_contract_artifacts(
  File "C:\Program Files\Python311\Lib\socketserver.py", line 755, in __init__
    self.handle()
  File "C:\Program Files\Python311\Lib\site-packages\mysql\connector\pooling.py", line 654, in get_connection
    cnx = self._cnx_queue.get(block=False)
          ^^^^^^^^^^^^^^^^^^^^^^^^^^^^^^^^
  File "C:\Anup\6gsimulation\sixgr_foundation_v2 (2)\apps\lls_contract_materializer.py", line 1841, in materialize_run_contract_artifacts
    contract_owned_paths = _contract_owned_paths(artifacts, db_connection_factory)
                           ^^^^^^^^^^^^^^^^^^^^^^^^^^^^^^^^^^^^^^^^^^^^^^^^^^^^^^^
  File "C:\Program Files\Python311\Lib\http\server.py", line 436, in handle
    self.handle_one_request()
  File "C:\Program Files\Python311\Lib\queue.py", line 168, in get
    raise Empty
  File "C:\Anup\6gsimulation\sixgr_foundation_v2 (2)\apps\lls_contract_materializer.py", line 857, in _contract_owned_paths
    if _artifact_is_contract_owned(artifact, db_connection_factory):
       ^^^^^^^^^^^^^^^^^^^^^^^^^^^^^^^^^^^^^^^^^^^^^^^^^^^^^^^^^^^^
  File "C:\Program Files\Python311\Lib\http\server.py", line 424, in handle_one_request
    method()
_queue.Empty
  File "C:\Anup\6gsimulation\sixgr_foundation_v2 (2)\apps\lls_contract_materializer.py", line 840, in _artifact_is_contract_owned
    payload = _artifact_metadata_json(artifact, db_connection_factory)
              ^^^^^^^^^^^^^^^^^^^^^^^^^^^^^^^^^^^^^^^^^^^^^^^^^^^^^^^^
  File "C:\Anup\6gsimulation\sixgr_foundation_v2 (2)\apps\lls_web_dashboard.py", line 12714, in do_GET
    self.send_error(HTTPStatus.INTERNAL_SERVER_ERROR, str(exc))

The above exception was the direct cause of the following exception:

  File "C:\Anup\6gsimulation\sixgr_foundation_v2 (2)\apps\lls_contract_materializer.py", line 1739, in _artifact_metadata_json
    with db_connection_factory() as conn:
         ^^^^^^^^^^^^^^^^^^^^^^^
  File "C:\Program Files\Python311\Lib\http\server.py", line 488, in send_error
    self.end_headers()
Traceback (most recent call last):
  File "C:\Anup\6gsimulation\sixgr_foundation_v2 (2)\apps\lls_web_dashboard.py", line 153, in db_connection
    return pool.get_connection()
           ^^^^^^^^^^^^^^^^^^^^^
  File "C:\Program Files\Python311\Lib\site-packages\mysql\connector\pooling.py", line 656, in get_connection
    raise PoolError("Failed getting connection; pool exhausted") from err
  File "C:\Anup\6gsimulation\sixgr_foundation_v2 (2)\apps\lls_web_dashboard.py", line 12692, in do_GET
    self.respond_json(build_live_payload(run_id))
                      ^^^^^^^^^^^^^^^^^^^^^^^^^^
Traceback (most recent call last):
mysql.connector.errors.PoolError: Failed getting connection; pool exhausted
  File "C:\Anup\6gsimulation\sixgr_foundation_v2 (2)\apps\lls_web_dashboard.py", line 7914, in build_live_payload
    contract_materializer.materialize_run_contract_artifacts(
  File "C:\Program Files\Python311\Lib\site-packages\mysql\connector\pooling.py", line 654, in get_connection
    cnx = self._cnx_queue.get(block=False)
          ^^^^^^^^^^^^^^^^^^^^^^^^^^^^^^^^

During handling of the above exception, another exception occurred:

  File "C:\Anup\6gsimulation\sixgr_foundation_v2 (2)\apps\lls_contract_materializer.py", line 1841, in materialize_run_contract_artifacts
    contract_owned_paths = _contract_owned_paths(artifacts, db_connection_factory)
                           ^^^^^^^^^^^^^^^^^^^^^^^^^^^^^^^^^^^^^^^^^^^^^^^^^^^^^^^
  File "C:\Program Files\Python311\Lib\queue.py", line 168, in get
    raise Empty
Traceback (most recent call last):
  File "C:\Anup\6gsimulation\sixgr_foundation_v2 (2)\apps\lls_contract_materializer.py", line 857, in _contract_owned_paths
    if _artifact_is_contract_owned(artifact, db_connection_factory):
       ^^^^^^^^^^^^^^^^^^^^^^^^^^^^^^^^^^^^^^^^^^^^^^^^^^^^^^^^^^^^
_queue.Empty
  File "C:\Program Files\Python311\Lib\socketserver.py", line 691, in process_request_thread
    self.finish_request(request, client_address)
  File "C:\Anup\6gsimulation\sixgr_foundation_v2 (2)\apps\lls_contract_materializer.py", line 840, in _artifact_is_contract_owned
    payload = _artifact_metadata_json(artifact, db_connection_factory)
              ^^^^^^^^^^^^^^^^^^^^^^^^^^^^^^^^^^^^^^^^^^^^^^^^^^^^^^^^

The above exception was the direct cause of the following exception:

  File "C:\Program Files\Python311\Lib\socketserver.py", line 361, in finish_request
    self.RequestHandlerClass(request, client_address, self)
  File "C:\Anup\6gsimulation\sixgr_foundation_v2 (2)\apps\lls_contract_materializer.py", line 1739, in _artifact_metadata_json
    with db_connection_factory() as conn:
         ^^^^^^^^^^^^^^^^^^^^^^^
Traceback (most recent call last):
  File "C:\Program Files\Python311\Lib\socketserver.py", line 755, in __init__
    self.handle()
----------------------------------------
Exception occurred during processing of request from ('127.0.0.1', 61045)
  File "C:\Program Files\Python311\Lib\http\server.py", line 538, in end_headers
    self.flush_headers()
Exception occurred during processing of request from ('127.0.0.1', 60859)
  File "C:\Program Files\Python311\Lib\http\server.py", line 436, in handle
    self.handle_one_request()
  File "C:\Program Files\Python311\Lib\http\server.py", line 542, in flush_headers
    self.wfile.write(b"".join(self._headers_buffer))
  File "C:\Anup\6gsimulation\sixgr_foundation_v2 (2)\apps\lls_web_dashboard.py", line 153, in db_connection
    return pool.get_connection()
           ^^^^^^^^^^^^^^^^^^^^^
  File "C:\Anup\6gsimulation\sixgr_foundation_v2 (2)\apps\lls_web_dashboard.py", line 12692, in do_GET
    self.respond_json(build_live_payload(run_id))
                      ^^^^^^^^^^^^^^^^^^^^^^^^^^
  File "C:\Program Files\Python311\Lib\socketserver.py", line 834, in write
    self._sock.sendall(b)
  File "C:\Program Files\Python311\Lib\http\server.py", line 424, in handle_one_request
    method()
----------------------------------------
  File "C:\Anup\6gsimulation\sixgr_foundation_v2 (2)\apps\lls_web_dashboard.py", line 7914, in build_live_payload
    contract_materializer.materialize_run_contract_artifacts(
ConnectionAbortedError: [WinError 10053] An established connection was aborted by the software in your host machine
  File "C:\Anup\6gsimulation\sixgr_foundation_v2 (2)\apps\lls_web_dashboard.py", line 12714, in do_GET
    self.send_error(HTTPStatus.INTERNAL_SERVER_ERROR, str(exc))
Exception occurred during processing of request from ('127.0.0.1', 61049)
  File "C:\Anup\6gsimulation\sixgr_foundation_v2 (2)\apps\lls_contract_materializer.py", line 1841, in materialize_run_contract_artifacts
    contract_owned_paths = _contract_owned_paths(artifacts, db_connection_factory)
                           ^^^^^^^^^^^^^^^^^^^^^^^^^^^^^^^^^^^^^^^^^^^^^^^^^^^^^^^
----------------------------------------
  File "C:\Program Files\Python311\Lib\http\server.py", line 488, in send_error
    self.end_headers()
  File "C:\Program Files\Python311\Lib\site-packages\mysql\connector\pooling.py", line 656, in get_connection
    raise PoolError("Failed getting connection; pool exhausted") from err
Traceback (most recent call last):
Traceback (most recent call last):
  File "C:\Anup\6gsimulation\sixgr_foundation_v2 (2)\apps\lls_contract_materializer.py", line 857, in _contract_owned_paths
    if _artifact_is_contract_owned(artifact, db_connection_factory):
       ^^^^^^^^^^^^^^^^^^^^^^^^^^^^^^^^^^^^^^^^^^^^^^^^^^^^^^^^^^^^
  File "C:\Program Files\Python311\Lib\http\server.py", line 538, in end_headers
    self.flush_headers()
  File "C:\Program Files\Python311\Lib\http\server.py", line 542, in flush_headers
    self.wfile.write(b"".join(self._headers_buffer))
  File "C:\Anup\6gsimulation\sixgr_foundation_v2 (2)\apps\lls_contract_materializer.py", line 840, in _artifact_is_contract_owned
    payload = _artifact_metadata_json(artifact, db_connection_factory)
              ^^^^^^^^^^^^^^^^^^^^^^^^^^^^^^^^^^^^^^^^^^^^^^^^^^^^^^^^
Traceback (most recent call last):
  File "C:\Program Files\Python311\Lib\site-packages\mysql\connector\pooling.py", line 654, in get_connection
    cnx = self._cnx_queue.get(block=False)
          ^^^^^^^^^^^^^^^^^^^^^^^^^^^^^^^^
  File "C:\Program Files\Python311\Lib\site-packages\mysql\connector\pooling.py", line 654, in get_connection
    cnx = self._cnx_queue.get(block=False)
          ^^^^^^^^^^^^^^^^^^^^^^^^^^^^^^^^
  File "C:\Anup\6gsimulation\sixgr_foundation_v2 (2)\apps\lls_contract_materializer.py", line 1739, in _artifact_metadata_json
    with db_connection_factory() as conn:
         ^^^^^^^^^^^^^^^^^^^^^^^
  File "C:\Program Files\Python311\Lib\site-packages\mysql\connector\pooling.py", line 654, in get_connection
    cnx = self._cnx_queue.get(block=False)
          ^^^^^^^^^^^^^^^^^^^^^^^^^^^^^^^^
  File "C:\Program Files\Python311\Lib\socketserver.py", line 834, in write
    self._sock.sendall(b)
mysql.connector.errors.PoolError: Failed getting connection; pool exhausted
  File "C:\Program Files\Python311\Lib\queue.py", line 168, in get
    raise Empty
  File "C:\Program Files\Python311\Lib\queue.py", line 168, in get
    raise Empty

During handling of the above exception, another exception occurred:

ConnectionAbortedError: [WinError 10053] An established connection was aborted by the software in your host machine
  File "C:\Anup\6gsimulation\sixgr_foundation_v2 (2)\apps\lls_web_dashboard.py", line 153, in db_connection
    return pool.get_connection()
           ^^^^^^^^^^^^^^^^^^^^^
  File "C:\Program Files\Python311\Lib\queue.py", line 168, in get
    raise Empty
_queue.Empty
_queue.Empty
Traceback (most recent call last):
_queue.Empty

The above exception was the direct cause of the following exception:

----------------------------------------
----------------------------------------

The above exception was the direct cause of the following exception:

Traceback (most recent call last):
Exception occurred during processing of request from ('127.0.0.1', 61048)
  File "C:\Program Files\Python311\Lib\site-packages\mysql\connector\pooling.py", line 656, in get_connection
    raise PoolError("Failed getting connection; pool exhausted") from err

The above exception was the direct cause of the following exception:

  File "C:\Program Files\Python311\Lib\socketserver.py", line 691, in process_request_thread
    self.finish_request(request, client_address)
mysql.connector.errors.PoolError: Failed getting connection; pool exhausted
Traceback (most recent call last):
  File "C:\Program Files\Python311\Lib\socketserver.py", line 361, in finish_request
    self.RequestHandlerClass(request, client_address, self)
Traceback (most recent call last):
Traceback (most recent call last):
  File "C:\Anup\6gsimulation\sixgr_foundation_v2 (2)\apps\lls_web_dashboard.py", line 12692, in do_GET
    self.respond_json(build_live_payload(run_id))
                      ^^^^^^^^^^^^^^^^^^^^^^^^^^

During handling of the above exception, another exception occurred:

  File "C:\Anup\6gsimulation\sixgr_foundation_v2 (2)\apps\lls_web_dashboard.py", line 12692, in do_GET
    self.respond_json(build_live_payload(run_id))
                      ^^^^^^^^^^^^^^^^^^^^^^^^^^
  File "C:\Program Files\Python311\Lib\socketserver.py", line 755, in __init__
    self.handle()
  File "C:\Anup\6gsimulation\sixgr_foundation_v2 (2)\apps\lls_web_dashboard.py", line 7914, in build_live_payload
    contract_materializer.materialize_run_contract_artifacts(
Traceback (most recent call last):
  File "C:\Anup\6gsimulation\sixgr_foundation_v2 (2)\apps\lls_web_dashboard.py", line 7914, in build_live_payload
    contract_materializer.materialize_run_contract_artifacts(
  File "C:\Program Files\Python311\Lib\site-packages\mysql\connector\pooling.py", line 654, in get_connection
    cnx = self._cnx_queue.get(block=False)
          ^^^^^^^^^^^^^^^^^^^^^^^^^^^^^^^^
  File "C:\Anup\6gsimulation\sixgr_foundation_v2 (2)\apps\lls_contract_materializer.py", line 1941, in materialize_run_contract_artifacts
    artifact_id = _store_artifact(
                  ^^^^^^^^^^^^^^^^
  File "C:\Program Files\Python311\Lib\socketserver.py", line 691, in process_request_thread
    self.finish_request(request, client_address)
  File "C:\Program Files\Python311\Lib\socketserver.py", line 361, in finish_request
    self.RequestHandlerClass(request, client_address, self)
  File "C:\Anup\6gsimulation\sixgr_foundation_v2 (2)\apps\lls_web_dashboard.py", line 12692, in do_GET
    self.respond_json(build_live_payload(run_id))
                      ^^^^^^^^^^^^^^^^^^^^^^^^^^
  File "C:\Anup\6gsimulation\sixgr_foundation_v2 (2)\apps\lls_contract_materializer.py", line 2149, in materialize_run_contract_artifacts
    img_artifact_id = _store_artifact(
                      ^^^^^^^^^^^^^^^^
  File "C:\Anup\6gsimulation\sixgr_foundation_v2 (2)\apps\lls_contract_materializer.py", line 1678, in _store_artifact
    with db_connection_factory() as conn:
         ^^^^^^^^^^^^^^^^^^^^^^^
  File "C:\Program Files\Python311\Lib\http\server.py", line 436, in handle
    self.handle_one_request()
  File "C:\Program Files\Python311\Lib\queue.py", line 168, in get
    raise Empty
  File "C:\Anup\6gsimulation\sixgr_foundation_v2 (2)\apps\lls_contract_materializer.py", line 1678, in _store_artifact
    with db_connection_factory() as conn:
         ^^^^^^^^^^^^^^^^^^^^^^^
  File "C:\Anup\6gsimulation\sixgr_foundation_v2 (2)\apps\lls_web_dashboard.py", line 153, in db_connection
    return pool.get_connection()
           ^^^^^^^^^^^^^^^^^^^^^
  File "C:\Program Files\Python311\Lib\http\server.py", line 424, in handle_one_request
    method()
_queue.Empty
  File "C:\Anup\6gsimulation\sixgr_foundation_v2 (2)\apps\lls_web_dashboard.py", line 153, in db_connection
    return pool.get_connection()
           ^^^^^^^^^^^^^^^^^^^^^
  File "C:\Program Files\Python311\Lib\site-packages\mysql\connector\pooling.py", line 656, in get_connection
    raise PoolError("Failed getting connection; pool exhausted") from err
  File "C:\Anup\6gsimulation\sixgr_foundation_v2 (2)\apps\lls_web_dashboard.py", line 12714, in do_GET
    self.send_error(HTTPStatus.INTERNAL_SERVER_ERROR, str(exc))

The above exception was the direct cause of the following exception:

  File "C:\Program Files\Python311\Lib\site-packages\mysql\connector\pooling.py", line 656, in get_connection
    raise PoolError("Failed getting connection; pool exhausted") from err
mysql.connector.errors.PoolError: Failed getting connection; pool exhausted
  File "C:\Program Files\Python311\Lib\http\server.py", line 488, in send_error
    self.end_headers()
Traceback (most recent call last):
mysql.connector.errors.PoolError: Failed getting connection; pool exhausted

During handling of the above exception, another exception occurred:

  File "C:\Program Files\Python311\Lib\http\server.py", line 538, in end_headers
    self.flush_headers()
  File "C:\Anup\6gsimulation\sixgr_foundation_v2 (2)\apps\lls_web_dashboard.py", line 12692, in do_GET
    self.respond_json(build_live_payload(run_id))
                      ^^^^^^^^^^^^^^^^^^^^^^^^^^

During handling of the above exception, another exception occurred:

Traceback (most recent call last):
  File "C:\Program Files\Python311\Lib\http\server.py", line 542, in flush_headers
    self.wfile.write(b"".join(self._headers_buffer))
  File "C:\Anup\6gsimulation\sixgr_foundation_v2 (2)\apps\lls_web_dashboard.py", line 7914, in build_live_payload
    contract_materializer.materialize_run_contract_artifacts(
Traceback (most recent call last):
  File "C:\Program Files\Python311\Lib\socketserver.py", line 691, in process_request_thread
    self.finish_request(request, client_address)
  File "C:\Program Files\Python311\Lib\socketserver.py", line 834, in write
    self._sock.sendall(b)
  File "C:\Anup\6gsimulation\sixgr_foundation_v2 (2)\apps\lls_contract_materializer.py", line 1941, in materialize_run_contract_artifacts
    artifact_id = _store_artifact(
                  ^^^^^^^^^^^^^^^^
  File "C:\Program Files\Python311\Lib\socketserver.py", line 691, in process_request_thread
    self.finish_request(request, client_address)
  File "C:\Program Files\Python311\Lib\socketserver.py", line 361, in finish_request
    self.RequestHandlerClass(request, client_address, self)
----------------------------------------
  File "C:\Program Files\Python311\Lib\socketserver.py", line 755, in __init__
    self.handle()
  File "C:\Anup\6gsimulation\sixgr_foundation_v2 (2)\apps\lls_web_dashboard.py", line 7914, in build_live_payload
    contract_materializer.materialize_run_contract_artifacts(
----------------------------------------
ConnectionAbortedError: [WinError 10053] An established connection was aborted by the software in your host machine
  File "C:\Anup\6gsimulation\sixgr_foundation_v2 (2)\apps\lls_contract_materializer.py", line 1678, in _store_artifact
    with db_connection_factory() as conn:
         ^^^^^^^^^^^^^^^^^^^^^^^
  File "C:\Program Files\Python311\Lib\socketserver.py", line 361, in finish_request
    self.RequestHandlerClass(request, client_address, self)
  File "C:\Program Files\Python311\Lib\socketserver.py", line 755, in __init__
    self.handle()
Exception occurred during processing of request from ('127.0.0.1', 61068)
  File "C:\Program Files\Python311\Lib\http\server.py", line 436, in handle
    self.handle_one_request()
  File "C:\Anup\6gsimulation\sixgr_foundation_v2 (2)\apps\lls_contract_materializer.py", line 1941, in materialize_run_contract_artifacts
    artifact_id = _store_artifact(
                  ^^^^^^^^^^^^^^^^
Exception occurred during processing of request from ('127.0.0.1', 61066)
----------------------------------------
  File "C:\Program Files\Python311\Lib\http\server.py", line 424, in handle_one_request
    method()
  File "C:\Anup\6gsimulation\sixgr_foundation_v2 (2)\apps\lls_contract_materializer.py", line 1678, in _store_artifact
    with db_connection_factory() as conn:
         ^^^^^^^^^^^^^^^^^^^^^^^
Traceback (most recent call last):
  File "C:\Program Files\Python311\Lib\socketserver.py", line 755, in __init__
    self.handle()
  File "C:\Program Files\Python311\Lib\http\server.py", line 436, in handle
    self.handle_one_request()
  File "C:\Anup\6gsimulation\sixgr_foundation_v2 (2)\apps\lls_web_dashboard.py", line 153, in db_connection
    return pool.get_connection()
           ^^^^^^^^^^^^^^^^^^^^^
Traceback (most recent call last):
  File "C:\Program Files\Python311\Lib\http\server.py", line 436, in handle
    self.handle_one_request()
  File "C:\Program Files\Python311\Lib\http\server.py", line 424, in handle_one_request
    method()
  File "C:\Program Files\Python311\Lib\site-packages\mysql\connector\pooling.py", line 656, in get_connection
    raise PoolError("Failed getting connection; pool exhausted") from err
  File "C:\Program Files\Python311\Lib\site-packages\mysql\connector\pooling.py", line 654, in get_connection
    cnx = self._cnx_queue.get(block=False)
          ^^^^^^^^^^^^^^^^^^^^^^^^^^^^^^^^
  File "C:\Program Files\Python311\Lib\http\server.py", line 424, in handle_one_request
    method()
  File "C:\Anup\6gsimulation\sixgr_foundation_v2 (2)\apps\lls_web_dashboard.py", line 12714, in do_GET
    self.send_error(HTTPStatus.INTERNAL_SERVER_ERROR, str(exc))
mysql.connector.errors.PoolError: Failed getting connection; pool exhausted
  File "C:\Program Files\Python311\Lib\queue.py", line 168, in get
    raise Empty
  File "C:\Anup\6gsimulation\sixgr_foundation_v2 (2)\apps\lls_web_dashboard.py", line 12714, in do_GET
    self.send_error(HTTPStatus.INTERNAL_SERVER_ERROR, str(exc))
  File "C:\Program Files\Python311\Lib\http\server.py", line 488, in send_error
    self.end_headers()

During handling of the above exception, another exception occurred:

_queue.Empty
  File "C:\Program Files\Python311\Lib\http\server.py", line 488, in send_error
    self.end_headers()
  File "C:\Program Files\Python311\Lib\http\server.py", line 538, in end_headers
    self.flush_headers()
Traceback (most recent call last):

The above exception was the direct cause of the following exception:

  File "C:\Program Files\Python311\Lib\http\server.py", line 538, in end_headers
    self.flush_headers()
  File "C:\Program Files\Python311\Lib\http\server.py", line 542, in flush_headers
    self.wfile.write(b"".join(self._headers_buffer))
  File "C:\Program Files\Python311\Lib\socketserver.py", line 691, in process_request_thread
    self.finish_request(request, client_address)
Traceback (most recent call last):
  File "C:\Program Files\Python311\Lib\http\server.py", line 542, in flush_headers
    self.wfile.write(b"".join(self._headers_buffer))
----------------------------------------
  File "C:\Anup\6gsimulation\sixgr_foundation_v2 (2)\apps\lls_web_dashboard.py", line 153, in db_connection
    return pool.get_connection()
           ^^^^^^^^^^^^^^^^^^^^^
  File "C:\Program Files\Python311\Lib\site-packages\mysql\connector\pooling.py", line 654, in get_connection
    cnx = self._cnx_queue.get(block=False)
          ^^^^^^^^^^^^^^^^^^^^^^^^^^^^^^^^
  File "C:\Anup\6gsimulation\sixgr_foundation_v2 (2)\apps\lls_web_dashboard.py", line 12692, in do_GET
    self.respond_json(build_live_payload(run_id))
                      ^^^^^^^^^^^^^^^^^^^^^^^^^^
  File "C:\Program Files\Python311\Lib\socketserver.py", line 834, in write
    self._sock.sendall(b)
  File "C:\Program Files\Python311\Lib\socketserver.py", line 834, in write
    self._sock.sendall(b)
  File "C:\Program Files\Python311\Lib\socketserver.py", line 361, in finish_request
    self.RequestHandlerClass(request, client_address, self)
  File "C:\Anup\6gsimulation\sixgr_foundation_v2 (2)\apps\lls_web_dashboard.py", line 12714, in do_GET
    self.send_error(HTTPStatus.INTERNAL_SERVER_ERROR, str(exc))
Exception occurred during processing of request from ('127.0.0.1', 61067)
  File "C:\Program Files\Python311\Lib\site-packages\mysql\connector\pooling.py", line 656, in get_connection
    raise PoolError("Failed getting connection; pool exhausted") from err
  File "C:\Program Files\Python311\Lib\queue.py", line 168, in get
    raise Empty
  File "C:\Program Files\Python311\Lib\http\server.py", line 488, in send_error
    self.end_headers()
ConnectionAbortedError: [WinError 10053] An established connection was aborted by the software in your host machine
mysql.connector.errors.PoolError: Failed getting connection; pool exhausted
_queue.Empty
ConnectionAbortedError: [WinError 10053] An established connection was aborted by the software in your host machine
  File "C:\Program Files\Python311\Lib\socketserver.py", line 755, in __init__
    self.handle()
  File "C:\Anup\6gsimulation\sixgr_foundation_v2 (2)\apps\lls_web_dashboard.py", line 7914, in build_live_payload
    contract_materializer.materialize_run_contract_artifacts(
Traceback (most recent call last):
  File "C:\Program Files\Python311\Lib\http\server.py", line 538, in end_headers
    self.flush_headers()
----------------------------------------

During handling of the above exception, another exception occurred:


The above exception was the direct cause of the following exception:

----------------------------------------
  File "C:\Program Files\Python311\Lib\http\server.py", line 436, in handle
    self.handle_one_request()
Traceback (most recent call last):
Traceback (most recent call last):
  File "C:\Anup\6gsimulation\sixgr_foundation_v2 (2)\apps\lls_contract_materializer.py", line 1941, in materialize_run_contract_artifacts
    artifact_id = _store_artifact(
                  ^^^^^^^^^^^^^^^^
  File "C:\Program Files\Python311\Lib\site-packages\mysql\connector\pooling.py", line 654, in get_connection
    cnx = self._cnx_queue.get(block=False)
          ^^^^^^^^^^^^^^^^^^^^^^^^^^^^^^^^
  File "C:\Program Files\Python311\Lib\http\server.py", line 542, in flush_headers
    self.wfile.write(b"".join(self._headers_buffer))
  File "C:\Program Files\Python311\Lib\http\server.py", line 424, in handle_one_request
    method()
  File "C:\Program Files\Python311\Lib\socketserver.py", line 691, in process_request_thread
    self.finish_request(request, client_address)
  File "C:\Anup\6gsimulation\sixgr_foundation_v2 (2)\apps\lls_web_dashboard.py", line 12692, in do_GET
    self.respond_json(build_live_payload(run_id))
                      ^^^^^^^^^^^^^^^^^^^^^^^^^^
  File "C:\Anup\6gsimulation\sixgr_foundation_v2 (2)\apps\lls_contract_materializer.py", line 1678, in _store_artifact
    with db_connection_factory() as conn:
         ^^^^^^^^^^^^^^^^^^^^^^^
  File "C:\Program Files\Python311\Lib\queue.py", line 168, in get
    raise Empty
  File "C:\Program Files\Python311\Lib\socketserver.py", line 834, in write
    self._sock.sendall(b)
  File "C:\Anup\6gsimulation\sixgr_foundation_v2 (2)\apps\lls_web_dashboard.py", line 12714, in do_GET
    self.send_error(HTTPStatus.INTERNAL_SERVER_ERROR, str(exc))
  File "C:\Program Files\Python311\Lib\socketserver.py", line 361, in finish_request
    self.RequestHandlerClass(request, client_address, self)
  File "C:\Program Files\Python311\Lib\socketserver.py", line 755, in __init__
    self.handle()
  File "C:\Anup\6gsimulation\sixgr_foundation_v2 (2)\apps\lls_web_dashboard.py", line 153, in db_connection
    return pool.get_connection()
           ^^^^^^^^^^^^^^^^^^^^^
_queue.Empty
ConnectionAbortedError: [WinError 10053] An established connection was aborted by the software in your host machine
  File "C:\Program Files\Python311\Lib\http\server.py", line 488, in send_error
    self.end_headers()
  File "C:\Anup\6gsimulation\sixgr_foundation_v2 (2)\apps\lls_web_dashboard.py", line 7914, in build_live_payload
    contract_materializer.materialize_run_contract_artifacts(
  File "C:\Program Files\Python311\Lib\http\server.py", line 436, in handle
    self.handle_one_request()
  File "C:\Program Files\Python311\Lib\site-packages\mysql\connector\pooling.py", line 656, in get_connection
    raise PoolError("Failed getting connection; pool exhausted") from err

The above exception was the direct cause of the following exception:

----------------------------------------
  File "C:\Program Files\Python311\Lib\http\server.py", line 538, in end_headers
    self.flush_headers()
  File "C:\Anup\6gsimulation\sixgr_foundation_v2 (2)\apps\lls_contract_materializer.py", line 1941, in materialize_run_contract_artifacts
    artifact_id = _store_artifact(
                  ^^^^^^^^^^^^^^^^
  File "C:\Program Files\Python311\Lib\http\server.py", line 424, in handle_one_request
    method()
  File "C:\Program Files\Python311\Lib\http\server.py", line 542, in flush_headers
    self.wfile.write(b"".join(self._headers_buffer))
  File "C:\Anup\6gsimulation\sixgr_foundation_v2 (2)\apps\lls_contract_materializer.py", line 1678, in _store_artifact
    with db_connection_factory() as conn:
         ^^^^^^^^^^^^^^^^^^^^^^^
  File "C:\Anup\6gsimulation\sixgr_foundation_v2 (2)\apps\lls_web_dashboard.py", line 12714, in do_GET
    self.send_error(HTTPStatus.INTERNAL_SERVER_ERROR, str(exc))
  File "C:\Program Files\Python311\Lib\socketserver.py", line 834, in write
    self._sock.sendall(b)
  File "C:\Anup\6gsimulation\sixgr_foundation_v2 (2)\apps\lls_web_dashboard.py", line 153, in db_connection
    return pool.get_connection()
           ^^^^^^^^^^^^^^^^^^^^^
  File "C:\Program Files\Python311\Lib\http\server.py", line 488, in send_error
    self.end_headers()
ConnectionAbortedError: [WinError 10053] An established connection was aborted by the software in your host machine
  File "C:\Program Files\Python311\Lib\site-packages\mysql\connector\pooling.py", line 656, in get_connection
    raise PoolError("Failed getting connection; pool exhausted") from err
  File "C:\Program Files\Python311\Lib\http\server.py", line 538, in end_headers
    self.flush_headers()
----------------------------------------
mysql.connector.errors.PoolError: Failed getting connection; pool exhausted
  File "C:\Program Files\Python311\Lib\http\server.py", line 542, in flush_headers
    self.wfile.write(b"".join(self._headers_buffer))
Traceback (most recent call last):
mysql.connector.errors.PoolError: Failed getting connection; pool exhausted

During handling of the above exception, another exception occurred:

  File "C:\Program Files\Python311\Lib\socketserver.py", line 834, in write
    self._sock.sendall(b)
  File "C:\Anup\6gsimulation\sixgr_foundation_v2 (2)\apps\lls_web_dashboard.py", line 12692, in do_GET
    self.respond_json(build_live_payload(run_id))
                      ^^^^^^^^^^^^^^^^^^^^^^^^^^

During handling of the above exception, another exception occurred:

Traceback (most recent call last):
ConnectionAbortedError: [WinError 10053] An established connection was aborted by the software in your host machine
  File "C:\Anup\6gsimulation\sixgr_foundation_v2 (2)\apps\lls_web_dashboard.py", line 7914, in build_live_payload
    contract_materializer.materialize_run_contract_artifacts(
Traceback (most recent call last):
  File "C:\Program Files\Python311\Lib\socketserver.py", line 691, in process_request_thread
    self.finish_request(request, client_address)
----------------------------------------
  File "C:\Anup\6gsimulation\sixgr_foundation_v2 (2)\apps\lls_contract_materializer.py", line 1941, in materialize_run_contract_artifacts
    artifact_id = _store_artifact(
                  ^^^^^^^^^^^^^^^^
  File "C:\Program Files\Python311\Lib\socketserver.py", line 691, in process_request_thread
    self.finish_request(request, client_address)
  File "C:\Anup\6gsimulation\sixgr_foundation_v2 (2)\apps\lls_contract_materializer.py", line 1678, in _store_artifact
    with db_connection_factory() as conn:
         ^^^^^^^^^^^^^^^^^^^^^^^
  File "C:\Program Files\Python311\Lib\socketserver.py", line 361, in finish_request
    self.RequestHandlerClass(request, client_address, self)
  File "C:\Anup\6gsimulation\sixgr_foundation_v2 (2)\apps\lls_web_dashboard.py", line 153, in db_connection
    return pool.get_connection()
           ^^^^^^^^^^^^^^^^^^^^^
  File "C:\Program Files\Python311\Lib\socketserver.py", line 755, in __init__
    self.handle()
  File "C:\Program Files\Python311\Lib\site-packages\mysql\connector\pooling.py", line 656, in get_connection
    raise PoolError("Failed getting connection; pool exhausted") from err
  File "C:\Program Files\Python311\Lib\http\server.py", line 436, in handle
    self.handle_one_request()
  File "C:\Program Files\Python311\Lib\socketserver.py", line 361, in finish_request
    self.RequestHandlerClass(request, client_address, self)
----------------------------------------
mysql.connector.errors.PoolError: Failed getting connection; pool exhausted
  File "C:\Program Files\Python311\Lib\http\server.py", line 424, in handle_one_request
    method()
  File "C:\Program Files\Python311\Lib\socketserver.py", line 755, in __init__
    self.handle()
Exception occurred during processing of request from ('127.0.0.1', 61077)

During handling of the above exception, another exception occurred:

  File "C:\Anup\6gsimulation\sixgr_foundation_v2 (2)\apps\lls_web_dashboard.py", line 12714, in do_GET
    self.send_error(HTTPStatus.INTERNAL_SERVER_ERROR, str(exc))
Traceback (most recent call last):
  File "C:\Program Files\Python311\Lib\http\server.py", line 436, in handle
    self.handle_one_request()
Traceback (most recent call last):
  File "C:\Program Files\Python311\Lib\http\server.py", line 488, in send_error
    self.end_headers()
  File "C:\Program Files\Python311\Lib\http\server.py", line 424, in handle_one_request
    method()
  File "C:\Program Files\Python311\Lib\site-packages\mysql\connector\pooling.py", line 654, in get_connection
    cnx = self._cnx_queue.get(block=False)
          ^^^^^^^^^^^^^^^^^^^^^^^^^^^^^^^^
  File "C:\Program Files\Python311\Lib\socketserver.py", line 691, in process_request_thread
    self.finish_request(request, client_address)
  File "C:\Program Files\Python311\Lib\queue.py", line 168, in get
    raise Empty
  File "C:\Program Files\Python311\Lib\socketserver.py", line 361, in finish_request
    self.RequestHandlerClass(request, client_address, self)
  File "C:\Anup\6gsimulation\sixgr_foundation_v2 (2)\apps\lls_web_dashboard.py", line 12714, in do_GET
    self.send_error(HTTPStatus.INTERNAL_SERVER_ERROR, str(exc))
  File "C:\Program Files\Python311\Lib\http\server.py", line 538, in end_headers
    self.flush_headers()
_queue.Empty
  File "C:\Program Files\Python311\Lib\socketserver.py", line 755, in __init__
    self.handle()
  File "C:\Program Files\Python311\Lib\http\server.py", line 488, in send_error
    self.end_headers()
  File "C:\Program Files\Python311\Lib\http\server.py", line 542, in flush_headers
    self.wfile.write(b"".join(self._headers_buffer))

The above exception was the direct cause of the following exception:

  File "C:\Program Files\Python311\Lib\http\server.py", line 436, in handle
    self.handle_one_request()
  File "C:\Program Files\Python311\Lib\http\server.py", line 538, in end_headers
    self.flush_headers()
  File "C:\Program Files\Python311\Lib\socketserver.py", line 834, in write
    self._sock.sendall(b)
Traceback (most recent call last):
  File "C:\Program Files\Python311\Lib\http\server.py", line 424, in handle_one_request
    method()
  File "C:\Program Files\Python311\Lib\http\server.py", line 542, in flush_headers
    self.wfile.write(b"".join(self._headers_buffer))
ConnectionAbortedError: [WinError 10053] An established connection was aborted by the software in your host machine
  File "C:\Anup\6gsimulation\sixgr_foundation_v2 (2)\apps\lls_web_dashboard.py", line 12692, in do_GET
    self.respond_json(build_live_payload(run_id))
                      ^^^^^^^^^^^^^^^^^^^^^^^^^^
  File "C:\Anup\6gsimulation\sixgr_foundation_v2 (2)\apps\lls_web_dashboard.py", line 12714, in do_GET
    self.send_error(HTTPStatus.INTERNAL_SERVER_ERROR, str(exc))
  File "C:\Program Files\Python311\Lib\socketserver.py", line 834, in write
    self._sock.sendall(b)
----------------------------------------
  File "C:\Anup\6gsimulation\sixgr_foundation_v2 (2)\apps\lls_web_dashboard.py", line 7914, in build_live_payload
    contract_materializer.materialize_run_contract_artifacts(
  File "C:\Program Files\Python311\Lib\http\server.py", line 488, in send_error
    self.end_headers()
  File "C:\Anup\6gsimulation\sixgr_foundation_v2 (2)\apps\lls_contract_materializer.py", line 1941, in materialize_run_contract_artifacts
    artifact_id = _store_artifact(
                  ^^^^^^^^^^^^^^^^
  File "C:\Program Files\Python311\Lib\http\server.py", line 538, in end_headers
    self.flush_headers()
  File "C:\Anup\6gsimulation\sixgr_foundation_v2 (2)\apps\lls_contract_materializer.py", line 1678, in _store_artifact
    with db_connection_factory() as conn:
         ^^^^^^^^^^^^^^^^^^^^^^^
  File "C:\Program Files\Python311\Lib\http\server.py", line 542, in flush_headers
    self.wfile.write(b"".join(self._headers_buffer))
  File "C:\Anup\6gsimulation\sixgr_foundation_v2 (2)\apps\lls_web_dashboard.py", line 153, in db_connection
    return pool.get_connection()
           ^^^^^^^^^^^^^^^^^^^^^
  File "C:\Program Files\Python311\Lib\socketserver.py", line 834, in write
    self._sock.sendall(b)
  File "C:\Program Files\Python311\Lib\site-packages\mysql\connector\pooling.py", line 656, in get_connection
    raise PoolError("Failed getting connection; pool exhausted") from err
ConnectionAbortedError: [WinError 10053] An established connection was aborted by the software in your host machine
mysql.connector.errors.PoolError: Failed getting connection; pool exhausted
----------------------------------------

During handling of the above exception, another exception occurred:

ConnectionAbortedError: [WinError 10053] An established connection was aborted by the software in your host machine
Traceback (most recent call last):
----------------------------------------
  File "C:\Program Files\Python311\Lib\socketserver.py", line 691, in process_request_thread
    self.finish_request(request, client_address)
  File "C:\Program Files\Python311\Lib\socketserver.py", line 361, in finish_request
    self.RequestHandlerClass(request, client_address, self)
  File "C:\Program Files\Python311\Lib\socketserver.py", line 755, in __init__
    self.handle()
  File "C:\Program Files\Python311\Lib\http\server.py", line 436, in handle
    self.handle_one_request()
  File "C:\Program Files\Python311\Lib\http\server.py", line 424, in handle_one_request
    method()
  File "C:\Anup\6gsimulation\sixgr_foundation_v2 (2)\apps\lls_web_dashboard.py", line 12714, in do_GET
    self.send_error(HTTPStatus.INTERNAL_SERVER_ERROR, str(exc))
  File "C:\Program Files\Python311\Lib\http\server.py", line 488, in send_error
    self.end_headers()
  File "C:\Program Files\Python311\Lib\http\server.py", line 538, in end_headers
    self.flush_headers()
  File "C:\Program Files\Python311\Lib\http\server.py", line 542, in flush_headers
    self.wfile.write(b"".join(self._headers_buffer))
  File "C:\Program Files\Python311\Lib\socketserver.py", line 834, in write
    self._sock.sendall(b)
ConnectionAbortedError: [WinError 10053] An established connection was aborted by the software in your host machine
----------------------------------------
----------------------------------------
Exception occurred during processing of request from ('127.0.0.1', 61046)
Traceback (most recent call last):
  File "C:\Program Files\Python311\Lib\site-packages\mysql\connector\pooling.py", line 654, in get_connection
    cnx = self._cnx_queue.get(block=False)
          ^^^^^^^^^^^^^^^^^^^^^^^^^^^^^^^^
  File "C:\Program Files\Python311\Lib\queue.py", line 168, in get
    raise Empty
_queue.Empty

The above exception was the direct cause of the following exception:

Traceback (most recent call last):
  File "C:\Anup\6gsimulation\sixgr_foundation_v2 (2)\apps\lls_web_dashboard.py", line 12692, in do_GET
    self.respond_json(build_live_payload(run_id))
                      ^^^^^^^^^^^^^^^^^^^^^^^^^^
  File "C:\Anup\6gsimulation\sixgr_foundation_v2 (2)\apps\lls_web_dashboard.py", line 7914, in build_live_payload
    contract_materializer.materialize_run_contract_artifacts(
  File "C:\Anup\6gsimulation\sixgr_foundation_v2 (2)\apps\lls_contract_materializer.py", line 1941, in materialize_run_contract_artifacts
    artifact_id = _store_artifact(
                  ^^^^^^^^^^^^^^^^
  File "C:\Anup\6gsimulation\sixgr_foundation_v2 (2)\apps\lls_contract_materializer.py", line 1678, in _store_artifact
    with db_connection_factory() as conn:
         ^^^^^^^^^^^^^^^^^^^^^^^
  File "C:\Anup\6gsimulation\sixgr_foundation_v2 (2)\apps\lls_web_dashboard.py", line 153, in db_connection
    return pool.get_connection()
           ^^^^^^^^^^^^^^^^^^^^^
  File "C:\Program Files\Python311\Lib\site-packages\mysql\connector\pooling.py", line 656, in get_connection
    raise PoolError("Failed getting connection; pool exhausted") from err
mysql.connector.errors.PoolError: Failed getting connection; pool exhausted

During handling of the above exception, another exception occurred:

Traceback (most recent call last):
  File "C:\Program Files\Python311\Lib\socketserver.py", line 691, in process_request_thread
    self.finish_request(request, client_address)
  File "C:\Program Files\Python311\Lib\socketserver.py", line 361, in finish_request
    self.RequestHandlerClass(request, client_address, self)
  File "C:\Program Files\Python311\Lib\socketserver.py", line 755, in __init__
    self.handle()
  File "C:\Program Files\Python311\Lib\http\server.py", line 436, in handle
    self.handle_one_request()
  File "C:\Program Files\Python311\Lib\http\server.py", line 424, in handle_one_request
    method()
  File "C:\Anup\6gsimulation\sixgr_foundation_v2 (2)\apps\lls_web_dashboard.py", line 12714, in do_GET
    self.send_error(HTTPStatus.INTERNAL_SERVER_ERROR, str(exc))
  File "C:\Program Files\Python311\Lib\http\server.py", line 488, in send_error
    self.end_headers()
  File "C:\Program Files\Python311\Lib\http\server.py", line 538, in end_headers
    self.flush_headers()
  File "C:\Program Files\Python311\Lib\http\server.py", line 542, in flush_headers
    self.wfile.write(b"".join(self._headers_buffer))
  File "C:\Program Files\Python311\Lib\socketserver.py", line 834, in write
    self._sock.sendall(b)
ConnectionAbortedError: [WinError 10053] An established connection was aborted by the software in your host machine
----------------------------------------
----------------------------------------
Exception occurred during processing of request from ('127.0.0.1', 61133)
Traceback (most recent call last):
  File "C:\Program Files\Python311\Lib\site-packages\mysql\connector\pooling.py", line 654, in get_connection
    cnx = self._cnx_queue.get(block=False)
          ^^^^^^^^^^^^^^^^^^^^^^^^^^^^^^^^
  File "C:\Program Files\Python311\Lib\queue.py", line 168, in get
    raise Empty
_queue.Empty

The above exception was the direct cause of the following exception:

Traceback (most recent call last):
  File "C:\Anup\6gsimulation\sixgr_foundation_v2 (2)\apps\lls_web_dashboard.py", line 12692, in do_GET
    self.respond_json(build_live_payload(run_id))
                      ^^^^^^^^^^^^^^^^^^^^^^^^^^
  File "C:\Anup\6gsimulation\sixgr_foundation_v2 (2)\apps\lls_web_dashboard.py", line 7914, in build_live_payload
    contract_materializer.materialize_run_contract_artifacts(
  File "C:\Anup\6gsimulation\sixgr_foundation_v2 (2)\apps\lls_contract_materializer.py", line 1850, in materialize_run_contract_artifacts
    current_source_watermark = _source_artifact_high_watermark(artifacts, db_connection_factory)
                               ^^^^^^^^^^^^^^^^^^^^^^^^^^^^^^^^^^^^^^^^^^^^^^^^^^^^^^^^^^^^^^^^^
  File "C:\Anup\6gsimulation\sixgr_foundation_v2 (2)\apps\lls_contract_materializer.py", line 868, in _source_artifact_high_watermark
    contract_paths = _contract_owned_paths(artifacts, db_connection_factory)
                     ^^^^^^^^^^^^^^^^^^^^^^^^^^^^^^^^^^^^^^^^^^^^^^^^^^^^^^^
  File "C:\Anup\6gsimulation\sixgr_foundation_v2 (2)\apps\lls_contract_materializer.py", line 857, in _contract_owned_paths
    if _artifact_is_contract_owned(artifact, db_connection_factory):
       ^^^^^^^^^^^^^^^^^^^^^^^^^^^^^^^^^^^^^^^^^^^^^^^^^^^^^^^^^^^^
  File "C:\Anup\6gsimulation\sixgr_foundation_v2 (2)\apps\lls_contract_materializer.py", line 840, in _artifact_is_contract_owned
    payload = _artifact_metadata_json(artifact, db_connection_factory)
              ^^^^^^^^^^^^^^^^^^^^^^^^^^^^^^^^^^^^^^^^^^^^^^^^^^^^^^^^
  File "C:\Anup\6gsimulation\sixgr_foundation_v2 (2)\apps\lls_contract_materializer.py", line 1739, in _artifact_metadata_json
    with db_connection_factory() as conn:
         ^^^^^^^^^^^^^^^^^^^^^^^
  File "C:\Anup\6gsimulation\sixgr_foundation_v2 (2)\apps\lls_web_dashboard.py", line 153, in db_connection
    return pool.get_connection()
           ^^^^^^^^^^^^^^^^^^^^^
  File "C:\Program Files\Python311\Lib\site-packages\mysql\connector\pooling.py", line 656, in get_connection
    raise PoolError("Failed getting connection; pool exhausted") from err
mysql.connector.errors.PoolError: Failed getting connection; pool exhausted

During handling of the above exception, another exception occurred:

Traceback (most recent call last):
  File "C:\Program Files\Python311\Lib\socketserver.py", line 691, in process_request_thread
    self.finish_request(request, client_address)
  File "C:\Program Files\Python311\Lib\socketserver.py", line 361, in finish_request
    self.RequestHandlerClass(request, client_address, self)
  File "C:\Program Files\Python311\Lib\socketserver.py", line 755, in __init__
    self.handle()
  File "C:\Program Files\Python311\Lib\http\server.py", line 436, in handle
    self.handle_one_request()
  File "C:\Program Files\Python311\Lib\http\server.py", line 424, in handle_one_request
    method()
  File "C:\Anup\6gsimulation\sixgr_foundation_v2 (2)\apps\lls_web_dashboard.py", line 12714, in do_GET
    self.send_error(HTTPStatus.INTERNAL_SERVER_ERROR, str(exc))
  File "C:\Program Files\Python311\Lib\http\server.py", line 488, in send_error
    self.end_headers()
  File "C:\Program Files\Python311\Lib\http\server.py", line 538, in end_headers
    self.flush_headers()
  File "C:\Program Files\Python311\Lib\http\server.py", line 542, in flush_headers
    self.wfile.write(b"".join(self._headers_buffer))
  File "C:\Program Files\Python311\Lib\socketserver.py", line 834, in write
    self._sock.sendall(b)
ConnectionAbortedError: [WinError 10053] An established connection was aborted by the software in your host machine
----------------------------------------
----------------------------------------
Exception occurred during processing of request from ('127.0.0.1', 61273)
Traceback (most recent call last):
  File "C:\Program Files\Python311\Lib\site-packages\mysql\connector\pooling.py", line 654, in get_connection
    cnx = self._cnx_queue.get(block=False)
          ^^^^^^^^^^^^^^^^^^^^^^^^^^^^^^^^
  File "C:\Program Files\Python311\Lib\queue.py", line 168, in get
    raise Empty
_queue.Empty

The above exception was the direct cause of the following exception:

Traceback (most recent call last):
  File "C:\Anup\6gsimulation\sixgr_foundation_v2 (2)\apps\lls_web_dashboard.py", line 12692, in do_GET
    self.respond_json(build_live_payload(run_id))
                      ^^^^^^^^^^^^^^^^^^^^^^^^^^
  File "C:\Anup\6gsimulation\sixgr_foundation_v2 (2)\apps\lls_web_dashboard.py", line 7914, in build_live_payload
    contract_materializer.materialize_run_contract_artifacts(
  File "C:\Anup\6gsimulation\sixgr_foundation_v2 (2)\apps\lls_contract_materializer.py", line 1841, in materialize_run_contract_artifacts
    contract_owned_paths = _contract_owned_paths(artifacts, db_connection_factory)
                           ^^^^^^^^^^^^^^^^^^^^^^^^^^^^^^^^^^^^^^^^^^^^^^^^^^^^^^^
  File "C:\Anup\6gsimulation\sixgr_foundation_v2 (2)\apps\lls_contract_materializer.py", line 857, in _contract_owned_paths
    if _artifact_is_contract_owned(artifact, db_connection_factory):
       ^^^^^^^^^^^^^^^^^^^^^^^^^^^^^^^^^^^^^^^^^^^^^^^^^^^^^^^^^^^^
  File "C:\Anup\6gsimulation\sixgr_foundation_v2 (2)\apps\lls_contract_materializer.py", line 840, in _artifact_is_contract_owned
    payload = _artifact_metadata_json(artifact, db_connection_factory)
              ^^^^^^^^^^^^^^^^^^^^^^^^^^^^^^^^^^^^^^^^^^^^^^^^^^^^^^^^
  File "C:\Anup\6gsimulation\sixgr_foundation_v2 (2)\apps\lls_contract_materializer.py", line 1739, in _artifact_metadata_json
    with db_connection_factory() as conn:
         ^^^^^^^^^^^^^^^^^^^^^^^
  File "C:\Anup\6gsimulation\sixgr_foundation_v2 (2)\apps\lls_web_dashboard.py", line 153, in db_connection
    return pool.get_connection()
           ^^^^^^^^^^^^^^^^^^^^^
  File "C:\Program Files\Python311\Lib\site-packages\mysql\connector\pooling.py", line 656, in get_connection
    raise PoolError("Failed getting connection; pool exhausted") from err
mysql.connector.errors.PoolError: Failed getting connection; pool exhausted

During handling of the above exception, another exception occurred:

Traceback (most recent call last):
  File "C:\Program Files\Python311\Lib\socketserver.py", line 691, in process_request_thread
    self.finish_request(request, client_address)
  File "C:\Program Files\Python311\Lib\socketserver.py", line 361, in finish_request
    self.RequestHandlerClass(request, client_address, self)
  File "C:\Program Files\Python311\Lib\socketserver.py", line 755, in __init__
    self.handle()
  File "C:\Program Files\Python311\Lib\http\server.py", line 436, in handle
    self.handle_one_request()
  File "C:\Program Files\Python311\Lib\http\server.py", line 424, in handle_one_request
    method()
  File "C:\Anup\6gsimulation\sixgr_foundation_v2 (2)\apps\lls_web_dashboard.py", line 12714, in do_GET
    self.send_error(HTTPStatus.INTERNAL_SERVER_ERROR, str(exc))
  File "C:\Program Files\Python311\Lib\http\server.py", line 491, in send_error
    self.wfile.write(body)
  File "C:\Program Files\Python311\Lib\socketserver.py", line 834, in write
    self._sock.sendall(b)
ConnectionAbortedError: [WinError 10053] An established connection was aborted by the software in your host machine
----------------------------------------
----------------------------------------
Exception occurred during processing of request from ('127.0.0.1', 61269)
Traceback (most recent call last):
  File "C:\Program Files\Python311\Lib\site-packages\mysql\connector\pooling.py", line 654, in get_connection
    cnx = self._cnx_queue.get(block=False)
          ^^^^^^^^^^^^^^^^^^^^^^^^^^^^^^^^
  File "C:\Program Files\Python311\Lib\queue.py", line 168, in get
    raise Empty
_queue.Empty

The above exception was the direct cause of the following exception:

Traceback (most recent call last):
  File "C:\Anup\6gsimulation\sixgr_foundation_v2 (2)\apps\lls_web_dashboard.py", line 12692, in do_GET
    self.respond_json(build_live_payload(run_id))
                      ^^^^^^^^^^^^^^^^^^^^^^^^^^
  File "C:\Anup\6gsimulation\sixgr_foundation_v2 (2)\apps\lls_web_dashboard.py", line 7914, in build_live_payload
    contract_materializer.materialize_run_contract_artifacts(
  File "C:\Anup\6gsimulation\sixgr_foundation_v2 (2)\apps\lls_contract_materializer.py", line 1841, in materialize_run_contract_artifacts
    contract_owned_paths = _contract_owned_paths(artifacts, db_connection_factory)
                           ^^^^^^^^^^^^^^^^^^^^^^^^^^^^^^^^^^^^^^^^^^^^^^^^^^^^^^^
  File "C:\Anup\6gsimulation\sixgr_foundation_v2 (2)\apps\lls_contract_materializer.py", line 857, in _contract_owned_paths
    if _artifact_is_contract_owned(artifact, db_connection_factory):
       ^^^^^^^^^^^^^^^^^^^^^^^^^^^^^^^^^^^^^^^^^^^^^^^^^^^^^^^^^^^^
  File "C:\Anup\6gsimulation\sixgr_foundation_v2 (2)\apps\lls_contract_materializer.py", line 840, in _artifact_is_contract_owned
    payload = _artifact_metadata_json(artifact, db_connection_factory)
              ^^^^^^^^^^^^^^^^^^^^^^^^^^^^^^^^^^^^^^^^^^^^^^^^^^^^^^^^
  File "C:\Anup\6gsimulation\sixgr_foundation_v2 (2)\apps\lls_contract_materializer.py", line 1739, in _artifact_metadata_json
    with db_connection_factory() as conn:
         ^^^^^^^^^^^^^^^^^^^^^^^
  File "C:\Anup\6gsimulation\sixgr_foundation_v2 (2)\apps\lls_web_dashboard.py", line 153, in db_connection
    return pool.get_connection()
           ^^^^^^^^^^^^^^^^^^^^^
  File "C:\Program Files\Python311\Lib\site-packages\mysql\connector\pooling.py", line 656, in get_connection
    raise PoolError("Failed getting connection; pool exhausted") from err
mysql.connector.errors.PoolError: Failed getting connection; pool exhausted

During handling of the above exception, another exception occurred:

Traceback (most recent call last):
  File "C:\Program Files\Python311\Lib\socketserver.py", line 691, in process_request_thread
    self.finish_request(request, client_address)
  File "C:\Program Files\Python311\Lib\socketserver.py", line 361, in finish_request
    self.RequestHandlerClass(request, client_address, self)
  File "C:\Program Files\Python311\Lib\socketserver.py", line 755, in __init__
    self.handle()
  File "C:\Program Files\Python311\Lib\http\server.py", line 436, in handle
    self.handle_one_request()
  File "C:\Program Files\Python311\Lib\http\server.py", line 424, in handle_one_request
    method()
  File "C:\Anup\6gsimulation\sixgr_foundation_v2 (2)\apps\lls_web_dashboard.py", line 12714, in do_GET
    self.send_error(HTTPStatus.INTERNAL_SERVER_ERROR, str(exc))
  File "C:\Program Files\Python311\Lib\http\server.py", line 491, in send_error
    self.wfile.write(body)
  File "C:\Program Files\Python311\Lib\socketserver.py", line 834, in write
    self._sock.sendall(b)
ConnectionAbortedError: [WinError 10053] An established connection was aborted by the software in your host machine
----------------------------------------
----------------------------------------
Exception occurred during processing of request from ('127.0.0.1', 61292)
Traceback (most recent call last):
  File "C:\Program Files\Python311\Lib\site-packages\mysql\connector\pooling.py", line 654, in get_connection
    cnx = self._cnx_queue.get(block=False)
          ^^^^^^^^^^^^^^^^^^^^^^^^^^^^^^^^
  File "C:\Program Files\Python311\Lib\queue.py", line 168, in get
    raise Empty
_queue.Empty

The above exception was the direct cause of the following exception:

Traceback (most recent call last):
  File "C:\Anup\6gsimulation\sixgr_foundation_v2 (2)\apps\lls_web_dashboard.py", line 12692, in do_GET
    self.respond_json(build_live_payload(run_id))
                      ^^^^^^^^^^^^^^^^^^^^^^^^^^
  File "C:\Anup\6gsimulation\sixgr_foundation_v2 (2)\apps\lls_web_dashboard.py", line 7914, in build_live_payload
    contract_materializer.materialize_run_contract_artifacts(
  File "C:\Anup\6gsimulation\sixgr_foundation_v2 (2)\apps\lls_contract_materializer.py", line 1841, in materialize_run_contract_artifacts
    contract_owned_paths = _contract_owned_paths(artifacts, db_connection_factory)
                           ^^^^^^^^^^^^^^^^^^^^^^^^^^^^^^^^^^^^^^^^^^^^^^^^^^^^^^^
  File "C:\Anup\6gsimulation\sixgr_foundation_v2 (2)\apps\lls_contract_materializer.py", line 857, in _contract_owned_paths
    if _artifact_is_contract_owned(artifact, db_connection_factory):
       ^^^^^^^^^^^^^^^^^^^^^^^^^^^^^^^^^^^^^^^^^^^^^^^^^^^^^^^^^^^^
  File "C:\Anup\6gsimulation\sixgr_foundation_v2 (2)\apps\lls_contract_materializer.py", line 840, in _artifact_is_contract_owned
    payload = _artifact_metadata_json(artifact, db_connection_factory)
              ^^^^^^^^^^^^^^^^^^^^^^^^^^^^^^^^^^^^^^^^^^^^^^^^^^^^^^^^
  File "C:\Anup\6gsimulation\sixgr_foundation_v2 (2)\apps\lls_contract_materializer.py", line 1739, in _artifact_metadata_json
    with db_connection_factory() as conn:
         ^^^^^^^^^^^^^^^^^^^^^^^
  File "C:\Anup\6gsimulation\sixgr_foundation_v2 (2)\apps\lls_web_dashboard.py", line 153, in db_connection
    return pool.get_connection()
           ^^^^^^^^^^^^^^^^^^^^^
  File "C:\Program Files\Python311\Lib\site-packages\mysql\connector\pooling.py", line 656, in get_connection
    raise PoolError("Failed getting connection; pool exhausted") from err
mysql.connector.errors.PoolError: Failed getting connection; pool exhausted

During handling of the above exception, another exception occurred:

Traceback (most recent call last):
  File "C:\Program Files\Python311\Lib\socketserver.py", line 691, in process_request_thread
    self.finish_request(request, client_address)
  File "C:\Program Files\Python311\Lib\socketserver.py", line 361, in finish_request
    self.RequestHandlerClass(request, client_address, self)
  File "C:\Program Files\Python311\Lib\socketserver.py", line 755, in __init__
    self.handle()
  File "C:\Program Files\Python311\Lib\http\server.py", line 436, in handle
    self.handle_one_request()
  File "C:\Program Files\Python311\Lib\http\server.py", line 424, in handle_one_request
    method()
  File "C:\Anup\6gsimulation\sixgr_foundation_v2 (2)\apps\lls_web_dashboard.py", line 12714, in do_GET
    self.send_error(HTTPStatus.INTERNAL_SERVER_ERROR, str(exc))
  File "C:\Program Files\Python311\Lib\http\server.py", line 491, in send_error
    self.wfile.write(body)
  File "C:\Program Files\Python311\Lib\socketserver.py", line 834, in write
    self._sock.sendall(b)
ConnectionAbortedError: [WinError 10053] An established connection was aborted by the software in your host machine
----------------------------------------
----------------------------------------
Exception occurred during processing of request from ('127.0.0.1', 61080)
Traceback (most recent call last):
  File "C:\Program Files\Python311\Lib\site-packages\mysql\connector\pooling.py", line 654, in get_connection
    cnx = self._cnx_queue.get(block=False)
          ^^^^^^^^^^^^^^^^^^^^^^^^^^^^^^^^
  File "C:\Program Files\Python311\Lib\queue.py", line 168, in get
    raise Empty
_queue.Empty

The above exception was the direct cause of the following exception:

Traceback (most recent call last):
  File "C:\Anup\6gsimulation\sixgr_foundation_v2 (2)\apps\lls_web_dashboard.py", line 12692, in do_GET
    self.respond_json(build_live_payload(run_id))
                      ^^^^^^^^^^^^^^^^^^^^^^^^^^
  File "C:\Anup\6gsimulation\sixgr_foundation_v2 (2)\apps\lls_web_dashboard.py", line 7914, in build_live_payload
    contract_materializer.materialize_run_contract_artifacts(
  File "C:\Anup\6gsimulation\sixgr_foundation_v2 (2)\apps\lls_contract_materializer.py", line 1941, in materialize_run_contract_artifacts
    artifact_id = _store_artifact(
                  ^^^^^^^^^^^^^^^^
  File "C:\Anup\6gsimulation\sixgr_foundation_v2 (2)\apps\lls_contract_materializer.py", line 1678, in _store_artifact
    with db_connection_factory() as conn:
         ^^^^^^^^^^^^^^^^^^^^^^^
  File "C:\Anup\6gsimulation\sixgr_foundation_v2 (2)\apps\lls_web_dashboard.py", line 153, in db_connection
    return pool.get_connection()
           ^^^^^^^^^^^^^^^^^^^^^
  File "C:\Program Files\Python311\Lib\site-packages\mysql\connector\pooling.py", line 656, in get_connection
    raise PoolError("Failed getting connection; pool exhausted") from err
mysql.connector.errors.PoolError: Failed getting connection; pool exhausted

During handling of the above exception, another exception occurred:

Traceback (most recent call last):
  File "C:\Program Files\Python311\Lib\socketserver.py", line 691, in process_request_thread
    self.finish_request(request, client_address)
  File "C:\Program Files\Python311\Lib\socketserver.py", line 361, in finish_request
    self.RequestHandlerClass(request, client_address, self)
  File "C:\Program Files\Python311\Lib\socketserver.py", line 755, in __init__
    self.handle()
  File "C:\Program Files\Python311\Lib\http\server.py", line 436, in handle
    self.handle_one_request()
  File "C:\Program Files\Python311\Lib\http\server.py", line 424, in handle_one_request
    method()
  File "C:\Anup\6gsimulation\sixgr_foundation_v2 (2)\apps\lls_web_dashboard.py", line 12714, in do_GET
    self.send_error(HTTPStatus.INTERNAL_SERVER_ERROR, str(exc))
  File "C:\Program Files\Python311\Lib\http\server.py", line 488, in send_error
    self.end_headers()
  File "C:\Program Files\Python311\Lib\http\server.py", line 538, in end_headers
    self.flush_headers()
  File "C:\Program Files\Python311\Lib\http\server.py", line 542, in flush_headers
    self.wfile.write(b"".join(self._headers_buffer))
  File "C:\Program Files\Python311\Lib\socketserver.py", line 834, in write
    self._sock.sendall(b)
ConnectionAbortedError: [WinError 10053] An established connection was aborted by the software in your host machine
----------------------------------------
----------------------------------------
Exception occurred during processing of request from ('127.0.0.1', 61276)
Traceback (most recent call last):
  File "C:\Program Files\Python311\Lib\site-packages\mysql\connector\pooling.py", line 654, in get_connection
    cnx = self._cnx_queue.get(block=False)
          ^^^^^^^^^^^^^^^^^^^^^^^^^^^^^^^^
  File "C:\Program Files\Python311\Lib\queue.py", line 168, in get
    raise Empty
_queue.Empty

The above exception was the direct cause of the following exception:

Traceback (most recent call last):
  File "C:\Anup\6gsimulation\sixgr_foundation_v2 (2)\apps\lls_web_dashboard.py", line 12692, in do_GET
    self.respond_json(build_live_payload(run_id))
                      ^^^^^^^^^^^^^^^^^^^^^^^^^^
  File "C:\Anup\6gsimulation\sixgr_foundation_v2 (2)\apps\lls_web_dashboard.py", line 7914, in build_live_payload
    contract_materializer.materialize_run_contract_artifacts(
  File "C:\Anup\6gsimulation\sixgr_foundation_v2 (2)\apps\lls_contract_materializer.py", line 1841, in materialize_run_contract_artifacts
    contract_owned_paths = _contract_owned_paths(artifacts, db_connection_factory)
                           ^^^^^^^^^^^^^^^^^^^^^^^^^^^^^^^^^^^^^^^^^^^^^^^^^^^^^^^
  File "C:\Anup\6gsimulation\sixgr_foundation_v2 (2)\apps\lls_contract_materializer.py", line 857, in _contract_owned_paths
    if _artifact_is_contract_owned(artifact, db_connection_factory):
       ^^^^^^^^^^^^^^^^^^^^^^^^^^^^^^^^^^^^^^^^^^^^^^^^^^^^^^^^^^^^
  File "C:\Anup\6gsimulation\sixgr_foundation_v2 (2)\apps\lls_contract_materializer.py", line 840, in _artifact_is_contract_owned
    payload = _artifact_metadata_json(artifact, db_connection_factory)
              ^^^^^^^^^^^^^^^^^^^^^^^^^^^^^^^^^^^^^^^^^^^^^^^^^^^^^^^^
  File "C:\Anup\6gsimulation\sixgr_foundation_v2 (2)\apps\lls_contract_materializer.py", line 1739, in _artifact_metadata_json
    with db_connection_factory() as conn:
         ^^^^^^^^^^^^^^^^^^^^^^^
  File "C:\Anup\6gsimulation\sixgr_foundation_v2 (2)\apps\lls_web_dashboard.py", line 153, in db_connection
    return pool.get_connection()
           ^^^^^^^^^^^^^^^^^^^^^
  File "C:\Program Files\Python311\Lib\site-packages\mysql\connector\pooling.py", line 656, in get_connection
    raise PoolError("Failed getting connection; pool exhausted") from err
mysql.connector.errors.PoolError: Failed getting connection; pool exhausted

During handling of the above exception, another exception occurred:

Traceback (most recent call last):
  File "C:\Program Files\Python311\Lib\socketserver.py", line 691, in process_request_thread
    self.finish_request(request, client_address)
  File "C:\Program Files\Python311\Lib\socketserver.py", line 361, in finish_request
    self.RequestHandlerClass(request, client_address, self)
  File "C:\Program Files\Python311\Lib\socketserver.py", line 755, in __init__
    self.handle()
  File "C:\Program Files\Python311\Lib\http\server.py", line 436, in handle
    self.handle_one_request()
  File "C:\Program Files\Python311\Lib\http\server.py", line 424, in handle_one_request
    method()
  File "C:\Anup\6gsimulation\sixgr_foundation_v2 (2)\apps\lls_web_dashboard.py", line 12714, in do_GET
    self.send_error(HTTPStatus.INTERNAL_SERVER_ERROR, str(exc))
  File "C:\Program Files\Python311\Lib\http\server.py", line 491, in send_error
    self.wfile.write(body)
  File "C:\Program Files\Python311\Lib\socketserver.py", line 834, in write
    self._sock.sendall(b)
ConnectionAbortedError: [WinError 10053] An established connection was aborted by the software in your host machine
----------------------------------------
----------------------------------------
Exception occurred during processing of request from ('127.0.0.1', 61272)
Traceback (most recent call last):
  File "C:\Program Files\Python311\Lib\site-packages\mysql\connector\pooling.py", line 654, in get_connection
    cnx = self._cnx_queue.get(block=False)
          ^^^^^^^^^^^^^^^^^^^^^^^^^^^^^^^^
  File "C:\Program Files\Python311\Lib\queue.py", line 168, in get
    raise Empty
_queue.Empty

The above exception was the direct cause of the following exception:

Traceback (most recent call last):
  File "C:\Anup\6gsimulation\sixgr_foundation_v2 (2)\apps\lls_web_dashboard.py", line 12692, in do_GET
    self.respond_json(build_live_payload(run_id))
                      ^^^^^^^^^^^^^^^^^^^^^^^^^^
  File "C:\Anup\6gsimulation\sixgr_foundation_v2 (2)\apps\lls_web_dashboard.py", line 7914, in build_live_payload
    contract_materializer.materialize_run_contract_artifacts(
  File "C:\Anup\6gsimulation\sixgr_foundation_v2 (2)\apps\lls_contract_materializer.py", line 1841, in materialize_run_contract_artifacts
    contract_owned_paths = _contract_owned_paths(artifacts, db_connection_factory)
                           ^^^^^^^^^^^^^^^^^^^^^^^^^^^^^^^^^^^^^^^^^^^^^^^^^^^^^^^
  File "C:\Anup\6gsimulation\sixgr_foundation_v2 (2)\apps\lls_contract_materializer.py", line 857, in _contract_owned_paths
    if _artifact_is_contract_owned(artifact, db_connection_factory):
       ^^^^^^^^^^^^^^^^^^^^^^^^^^^^^^^^^^^^^^^^^^^^^^^^^^^^^^^^^^^^
  File "C:\Anup\6gsimulation\sixgr_foundation_v2 (2)\apps\lls_contract_materializer.py", line 840, in _artifact_is_contract_owned
    payload = _artifact_metadata_json(artifact, db_connection_factory)
              ^^^^^^^^^^^^^^^^^^^^^^^^^^^^^^^^^^^^^^^^^^^^^^^^^^^^^^^^
  File "C:\Anup\6gsimulation\sixgr_foundation_v2 (2)\apps\lls_contract_materializer.py", line 1739, in _artifact_metadata_json
    with db_connection_factory() as conn:
         ^^^^^^^^^^^^^^^^^^^^^^^
  File "C:\Anup\6gsimulation\sixgr_foundation_v2 (2)\apps\lls_web_dashboard.py", line 153, in db_connection
    return pool.get_connection()
           ^^^^^^^^^^^^^^^^^^^^^
  File "C:\Program Files\Python311\Lib\site-packages\mysql\connector\pooling.py", line 656, in get_connection
    raise PoolError("Failed getting connection; pool exhausted") from err
mysql.connector.errors.PoolError: Failed getting connection; pool exhausted

During handling of the above exception, another exception occurred:

Traceback (most recent call last):
  File "C:\Program Files\Python311\Lib\socketserver.py", line 691, in process_request_thread
    self.finish_request(request, client_address)
  File "C:\Program Files\Python311\Lib\socketserver.py", line 361, in finish_request
    self.RequestHandlerClass(request, client_address, self)
  File "C:\Program Files\Python311\Lib\socketserver.py", line 755, in __init__
    self.handle()
  File "C:\Program Files\Python311\Lib\http\server.py", line 436, in handle
    self.handle_one_request()
  File "C:\Program Files\Python311\Lib\http\server.py", line 424, in handle_one_request
    method()
  File "C:\Anup\6gsimulation\sixgr_foundation_v2 (2)\apps\lls_web_dashboard.py", line 12714, in do_GET
    self.send_error(HTTPStatus.INTERNAL_SERVER_ERROR, str(exc))
  File "C:\Program Files\Python311\Lib\http\server.py", line 491, in send_error
    self.wfile.write(body)
  File "C:\Program Files\Python311\Lib\socketserver.py", line 834, in write
    self._sock.sendall(b)
ConnectionAbortedError: [WinError 10053] An established connection was aborted by the software in your host machine
----------------------------------------
----------------------------------------
Exception occurred during processing of request from ('127.0.0.1', 61331)
Traceback (most recent call last):
  File "C:\Program Files\Python311\Lib\site-packages\mysql\connector\pooling.py", line 654, in get_connection
    cnx = self._cnx_queue.get(block=False)
          ^^^^^^^^^^^^^^^^^^^^^^^^^^^^^^^^
  File "C:\Program Files\Python311\Lib\queue.py", line 168, in get
    raise Empty
_queue.Empty

The above exception was the direct cause of the following exception:

Traceback (most recent call last):
  File "C:\Anup\6gsimulation\sixgr_foundation_v2 (2)\apps\lls_web_dashboard.py", line 12692, in do_GET
    self.respond_json(build_live_payload(run_id))
                      ^^^^^^^^^^^^^^^^^^^^^^^^^^
  File "C:\Anup\6gsimulation\sixgr_foundation_v2 (2)\apps\lls_web_dashboard.py", line 7890, in build_live_payload
    run_row = fetch_run(run_id)
              ^^^^^^^^^^^^^^^^^
  File "C:\Anup\6gsimulation\sixgr_foundation_v2 (2)\apps\lls_web_dashboard.py", line 2758, in fetch_run
    with db_connection() as conn:
         ^^^^^^^^^^^^^^^
  File "C:\Anup\6gsimulation\sixgr_foundation_v2 (2)\apps\lls_web_dashboard.py", line 153, in db_connection
    return pool.get_connection()
           ^^^^^^^^^^^^^^^^^^^^^
  File "C:\Program Files\Python311\Lib\site-packages\mysql\connector\pooling.py", line 656, in get_connection
    raise PoolError("Failed getting connection; pool exhausted") from err
mysql.connector.errors.PoolError: Failed getting connection; pool exhausted

During handling of the above exception, another exception occurred:

Traceback (most recent call last):
  File "C:\Program Files\Python311\Lib\socketserver.py", line 691, in process_request_thread
    self.finish_request(request, client_address)
  File "C:\Program Files\Python311\Lib\socketserver.py", line 361, in finish_request
    self.RequestHandlerClass(request, client_address, self)
  File "C:\Program Files\Python311\Lib\socketserver.py", line 755, in __init__
    self.handle()
  File "C:\Program Files\Python311\Lib\http\server.py", line 436, in handle
    self.handle_one_request()
  File "C:\Program Files\Python311\Lib\http\server.py", line 424, in handle_one_request
    method()
  File "C:\Anup\6gsimulation\sixgr_foundation_v2 (2)\apps\lls_web_dashboard.py", line 12714, in do_GET
    self.send_error(HTTPStatus.INTERNAL_SERVER_ERROR, str(exc))
  File "C:\Program Files\Python311\Lib\http\server.py", line 491, in send_error
    self.wfile.write(body)
  File "C:\Program Files\Python311\Lib\socketserver.py", line 834, in write
    self._sock.sendall(b)
ConnectionAbortedError: [WinError 10053] An established connection was aborted by the software in your host machine
----------------------------------------
----------------------------------------
Exception occurred during processing of request from ('127.0.0.1', 61313)
Traceback (most recent call last):
  File "C:\Program Files\Python311\Lib\site-packages\mysql\connector\pooling.py", line 654, in get_connection
    cnx = self._cnx_queue.get(block=False)
          ^^^^^^^^^^^^^^^^^^^^^^^^^^^^^^^^
  File "C:\Program Files\Python311\Lib\queue.py", line 168, in get
    raise Empty
_queue.Empty

The above exception was the direct cause of the following exception:

Traceback (most recent call last):
  File "C:\Anup\6gsimulation\sixgr_foundation_v2 (2)\apps\lls_web_dashboard.py", line 12692, in do_GET
    self.respond_json(build_live_payload(run_id))
                      ^^^^^^^^^^^^^^^^^^^^^^^^^^
  File "C:\Anup\6gsimulation\sixgr_foundation_v2 (2)\apps\lls_web_dashboard.py", line 8002, in build_live_payload
    "map": build_map_payload(run_id, artifacts),
           ^^^^^^^^^^^^^^^^^^^^^^^^^^^^^^^^^^^^
  File "C:\Anup\6gsimulation\sixgr_foundation_v2 (2)\apps\lls_web_dashboard.py", line 7696, in build_map_payload
    measurement_rows = load_first_available_csv_rows(artifacts, ["reports/csv/live_cell_measurement_trace.csv"], max_rows=5000)
                       ^^^^^^^^^^^^^^^^^^^^^^^^^^^^^^^^^^^^^^^^^^^^^^^^^^^^^^^^^^^^^^^^^^^^^^^^^^^^^^^^^^^^^^^^^^^^^^^^^^^^^^^^
  File "C:\Anup\6gsimulation\sixgr_foundation_v2 (2)\apps\lls_web_dashboard.py", line 4669, in load_first_available_csv_rows
    rows = load_small_csv_rows(artifacts, logical_path, max_rows=max_rows)
           ^^^^^^^^^^^^^^^^^^^^^^^^^^^^^^^^^^^^^^^^^^^^^^^^^^^^^^^^^^^^^^^
  File "C:\Anup\6gsimulation\sixgr_foundation_v2 (2)\apps\lls_web_dashboard.py", line 4604, in load_small_csv_rows
    header, rows = load_cached_csv_rows(int(art["artifact_id"]), max_rows)
                   ^^^^^^^^^^^^^^^^^^^^^^^^^^^^^^^^^^^^^^^^^^^^^^^^^^^^^^^
  File "C:\Anup\6gsimulation\sixgr_foundation_v2 (2)\apps\lls_web_dashboard.py", line 3253, in load_cached_csv_rows
    header, rows = load_cached_csv_preview(int(artifact_id), max_rows)
                   ^^^^^^^^^^^^^^^^^^^^^^^^^^^^^^^^^^^^^^^^^^^^^^^^^^^
  File "C:\Anup\6gsimulation\sixgr_foundation_v2 (2)\apps\lls_web_dashboard.py", line 3248, in load_cached_csv_preview
    return parse_csv_bytes(fetch_artifact_bytes(int(artifact_id)), max_rows=max_rows)
                           ^^^^^^^^^^^^^^^^^^^^^^^^^^^^^^^^^^^^^^
  File "C:\Anup\6gsimulation\sixgr_foundation_v2 (2)\apps\lls_web_dashboard.py", line 2846, in fetch_artifact_bytes
    with db_connection() as conn:
         ^^^^^^^^^^^^^^^
  File "C:\Anup\6gsimulation\sixgr_foundation_v2 (2)\apps\lls_web_dashboard.py", line 153, in db_connection
    return pool.get_connection()
           ^^^^^^^^^^^^^^^^^^^^^
  File "C:\Program Files\Python311\Lib\site-packages\mysql\connector\pooling.py", line 656, in get_connection
    raise PoolError("Failed getting connection; pool exhausted") from err
mysql.connector.errors.PoolError: Failed getting connection; pool exhausted

During handling of the above exception, another exception occurred:

Traceback (most recent call last):
  File "C:\Program Files\Python311\Lib\socketserver.py", line 691, in process_request_thread
    self.finish_request(request, client_address)
  File "C:\Program Files\Python311\Lib\socketserver.py", line 361, in finish_request
    self.RequestHandlerClass(request, client_address, self)
  File "C:\Program Files\Python311\Lib\socketserver.py", line 755, in __init__
    self.handle()
  File "C:\Program Files\Python311\Lib\http\server.py", line 436, in handle
    self.handle_one_request()
  File "C:\Program Files\Python311\Lib\http\server.py", line 424, in handle_one_request
    method()
  File "C:\Anup\6gsimulation\sixgr_foundation_v2 (2)\apps\lls_web_dashboard.py", line 12714, in do_GET
    self.send_error(HTTPStatus.INTERNAL_SERVER_ERROR, str(exc))
  File "C:\Program Files\Python311\Lib\http\server.py", line 491, in send_error
    self.wfile.write(body)
  File "C:\Program Files\Python311\Lib\socketserver.py", line 834, in write
    self._sock.sendall(b)
ConnectionAbortedError: [WinError 10053] An established connection was aborted by the software in your host machine
----------------------------------------
----------------------------------------
Exception occurred during processing of request from ('127.0.0.1', 61322)
----------------------------------------
----------------------------------------
----------------------------------------
Exception occurred during processing of request from ('127.0.0.1', 61314)
Exception occurred during processing of request from ('127.0.0.1', 61320)
Traceback (most recent call last):
Exception occurred during processing of request from ('127.0.0.1', 61321)
  File "C:\Anup\6gsimulation\sixgr_foundation_v2 (2)\apps\lls_web_dashboard.py", line 12692, in do_GET
    self.respond_json(build_live_payload(run_id))
Traceback (most recent call last):
  File "C:\Anup\6gsimulation\sixgr_foundation_v2 (2)\apps\lls_web_dashboard.py", line 12823, in respond_json
    self.wfile.write(raw)
Traceback (most recent call last):
Traceback (most recent call last):
  File "C:\Anup\6gsimulation\sixgr_foundation_v2 (2)\apps\lls_web_dashboard.py", line 12692, in do_GET
    self.respond_json(build_live_payload(run_id))
  File "C:\Program Files\Python311\Lib\socketserver.py", line 834, in write
    self._sock.sendall(b)
  File "C:\Anup\6gsimulation\sixgr_foundation_v2 (2)\apps\lls_web_dashboard.py", line 12692, in do_GET
    self.respond_json(build_live_payload(run_id))
  File "C:\Anup\6gsimulation\sixgr_foundation_v2 (2)\apps\lls_web_dashboard.py", line 12692, in do_GET
    self.respond_json(build_live_payload(run_id))
  File "C:\Anup\6gsimulation\sixgr_foundation_v2 (2)\apps\lls_web_dashboard.py", line 12823, in respond_json
    self.wfile.write(raw)
ConnectionAbortedError: [WinError 10053] An established connection was aborted by the software in your host machine
  File "C:\Anup\6gsimulation\sixgr_foundation_v2 (2)\apps\lls_web_dashboard.py", line 12823, in respond_json
    self.wfile.write(raw)
  File "C:\Anup\6gsimulation\sixgr_foundation_v2 (2)\apps\lls_web_dashboard.py", line 12823, in respond_json
    self.wfile.write(raw)
  File "C:\Program Files\Python311\Lib\socketserver.py", line 834, in write
    self._sock.sendall(b)

During handling of the above exception, another exception occurred:

  File "C:\Program Files\Python311\Lib\socketserver.py", line 834, in write
    self._sock.sendall(b)
  File "C:\Program Files\Python311\Lib\socketserver.py", line 834, in write
    self._sock.sendall(b)
ConnectionAbortedError: [WinError 10053] An established connection was aborted by the software in your host machine
Traceback (most recent call last):
ConnectionAbortedError: [WinError 10053] An established connection was aborted by the software in your host machine
ConnectionAbortedError: [WinError 10053] An established connection was aborted by the software in your host machine

During handling of the above exception, another exception occurred:

  File "C:\Program Files\Python311\Lib\socketserver.py", line 691, in process_request_thread
    self.finish_request(request, client_address)

During handling of the above exception, another exception occurred:


During handling of the above exception, another exception occurred:

Traceback (most recent call last):
  File "C:\Program Files\Python311\Lib\socketserver.py", line 361, in finish_request
    self.RequestHandlerClass(request, client_address, self)
Traceback (most recent call last):
Traceback (most recent call last):
  File "C:\Program Files\Python311\Lib\socketserver.py", line 691, in process_request_thread
    self.finish_request(request, client_address)
  File "C:\Program Files\Python311\Lib\socketserver.py", line 755, in __init__
    self.handle()
  File "C:\Program Files\Python311\Lib\socketserver.py", line 691, in process_request_thread
    self.finish_request(request, client_address)
  File "C:\Program Files\Python311\Lib\socketserver.py", line 691, in process_request_thread
    self.finish_request(request, client_address)
  File "C:\Program Files\Python311\Lib\socketserver.py", line 361, in finish_request
    self.RequestHandlerClass(request, client_address, self)
  File "C:\Program Files\Python311\Lib\http\server.py", line 436, in handle
    self.handle_one_request()
  File "C:\Program Files\Python311\Lib\socketserver.py", line 361, in finish_request
    self.RequestHandlerClass(request, client_address, self)
  File "C:\Program Files\Python311\Lib\socketserver.py", line 361, in finish_request
    self.RequestHandlerClass(request, client_address, self)
  File "C:\Program Files\Python311\Lib\socketserver.py", line 755, in __init__
    self.handle()
  File "C:\Program Files\Python311\Lib\http\server.py", line 424, in handle_one_request
    method()
  File "C:\Program Files\Python311\Lib\socketserver.py", line 755, in __init__
    self.handle()
  File "C:\Program Files\Python311\Lib\socketserver.py", line 755, in __init__
    self.handle()
  File "C:\Program Files\Python311\Lib\http\server.py", line 436, in handle
    self.handle_one_request()
  File "C:\Anup\6gsimulation\sixgr_foundation_v2 (2)\apps\lls_web_dashboard.py", line 12714, in do_GET
    self.send_error(HTTPStatus.INTERNAL_SERVER_ERROR, str(exc))
  File "C:\Program Files\Python311\Lib\http\server.py", line 436, in handle
    self.handle_one_request()
  File "C:\Program Files\Python311\Lib\http\server.py", line 436, in handle
    self.handle_one_request()
  File "C:\Program Files\Python311\Lib\http\server.py", line 424, in handle_one_request
    method()
  File "C:\Program Files\Python311\Lib\http\server.py", line 488, in send_error
    self.end_headers()
  File "C:\Program Files\Python311\Lib\http\server.py", line 424, in handle_one_request
    method()
  File "C:\Program Files\Python311\Lib\http\server.py", line 424, in handle_one_request
    method()
  File "C:\Anup\6gsimulation\sixgr_foundation_v2 (2)\apps\lls_web_dashboard.py", line 12714, in do_GET
    self.send_error(HTTPStatus.INTERNAL_SERVER_ERROR, str(exc))
  File "C:\Program Files\Python311\Lib\http\server.py", line 538, in end_headers
    self.flush_headers()
  File "C:\Anup\6gsimulation\sixgr_foundation_v2 (2)\apps\lls_web_dashboard.py", line 12714, in do_GET
    self.send_error(HTTPStatus.INTERNAL_SERVER_ERROR, str(exc))
  File "C:\Anup\6gsimulation\sixgr_foundation_v2 (2)\apps\lls_web_dashboard.py", line 12714, in do_GET
    self.send_error(HTTPStatus.INTERNAL_SERVER_ERROR, str(exc))
  File "C:\Program Files\Python311\Lib\http\server.py", line 488, in send_error
    self.end_headers()
  File "C:\Program Files\Python311\Lib\http\server.py", line 542, in flush_headers
    self.wfile.write(b"".join(self._headers_buffer))
  File "C:\Program Files\Python311\Lib\http\server.py", line 488, in send_error
    self.end_headers()
  File "C:\Program Files\Python311\Lib\http\server.py", line 488, in send_error
    self.end_headers()
  File "C:\Program Files\Python311\Lib\http\server.py", line 538, in end_headers
    self.flush_headers()
  File "C:\Program Files\Python311\Lib\socketserver.py", line 834, in write
    self._sock.sendall(b)
  File "C:\Program Files\Python311\Lib\http\server.py", line 538, in end_headers
    self.flush_headers()
  File "C:\Program Files\Python311\Lib\http\server.py", line 538, in end_headers
    self.flush_headers()
  File "C:\Program Files\Python311\Lib\http\server.py", line 542, in flush_headers
    self.wfile.write(b"".join(self._headers_buffer))
ConnectionAbortedError: [WinError 10053] An established connection was aborted by the software in your host machine
  File "C:\Program Files\Python311\Lib\http\server.py", line 542, in flush_headers
    self.wfile.write(b"".join(self._headers_buffer))
  File "C:\Program Files\Python311\Lib\http\server.py", line 542, in flush_headers
    self.wfile.write(b"".join(self._headers_buffer))
  File "C:\Program Files\Python311\Lib\socketserver.py", line 834, in write
    self._sock.sendall(b)
----------------------------------------
  File "C:\Program Files\Python311\Lib\socketserver.py", line 834, in write
    self._sock.sendall(b)
  File "C:\Program Files\Python311\Lib\socketserver.py", line 834, in write
    self._sock.sendall(b)
ConnectionAbortedError: [WinError 10053] An established connection was aborted by the software in your host machine
ConnectionAbortedError: [WinError 10053] An established connection was aborted by the software in your host machine
----------------------------------------
----------------------------------------
ConnectionAbortedError: [WinError 10053] An established connection was aborted by the software in your host machine
----------------------------------------
----------------------------------------
Exception occurred during processing of request from ('127.0.0.1', 61317)
Traceback (most recent call last):
  File "C:\Anup\6gsimulation\sixgr_foundation_v2 (2)\apps\lls_web_dashboard.py", line 12692, in do_GET
    self.respond_json(build_live_payload(run_id))
  File "C:\Anup\6gsimulation\sixgr_foundation_v2 (2)\apps\lls_web_dashboard.py", line 12823, in respond_json
    self.wfile.write(raw)
  File "C:\Program Files\Python311\Lib\socketserver.py", line 834, in write
    self._sock.sendall(b)
ConnectionAbortedError: [WinError 10053] An established connection was aborted by the software in your host machine

During handling of the above exception, another exception occurred:

Traceback (most recent call last):
  File "C:\Program Files\Python311\Lib\socketserver.py", line 691, in process_request_thread
    self.finish_request(request, client_address)
  File "C:\Program Files\Python311\Lib\socketserver.py", line 361, in finish_request
    self.RequestHandlerClass(request, client_address, self)
  File "C:\Program Files\Python311\Lib\socketserver.py", line 755, in __init__
    self.handle()
  File "C:\Program Files\Python311\Lib\http\server.py", line 436, in handle
    self.handle_one_request()
  File "C:\Program Files\Python311\Lib\http\server.py", line 424, in handle_one_request
    method()
  File "C:\Anup\6gsimulation\sixgr_foundation_v2 (2)\apps\lls_web_dashboard.py", line 12714, in do_GET
    self.send_error(HTTPStatus.INTERNAL_SERVER_ERROR, str(exc))
  File "C:\Program Files\Python311\Lib\http\server.py", line 488, in send_error
    self.end_headers()
  File "C:\Program Files\Python311\Lib\http\server.py", line 538, in end_headers
    self.flush_headers()
  File "C:\Program Files\Python311\Lib\http\server.py", line 542, in flush_headers
    self.wfile.write(b"".join(self._headers_buffer))
  File "C:\Program Files\Python311\Lib\socketserver.py", line 834, in write
    self._sock.sendall(b)
ConnectionAbortedError: [WinError 10053] An established connection was aborted by the software in your host machine
----------------------------------------
----------------------------------------
Exception occurred during processing of request from ('10.51.142.91', 54666)
Traceback (most recent call last):
  File "C:\Anup\6gsimulation\sixgr_foundation_v2 (2)\apps\lls_web_dashboard.py", line 12692, in do_GET
    self.respond_json(build_live_payload(run_id))
  File "C:\Anup\6gsimulation\sixgr_foundation_v2 (2)\apps\lls_web_dashboard.py", line 12823, in respond_json
    self.wfile.write(raw)
  File "C:\Program Files\Python311\Lib\socketserver.py", line 834, in write
    self._sock.sendall(b)
ConnectionAbortedError: [WinError 10053] An established connection was aborted by the software in your host machine

During handling of the above exception, another exception occurred:

Traceback (most recent call last):
  File "C:\Program Files\Python311\Lib\socketserver.py", line 691, in process_request_thread
    self.finish_request(request, client_address)
  File "C:\Program Files\Python311\Lib\socketserver.py", line 361, in finish_request
    self.RequestHandlerClass(request, client_address, self)
  File "C:\Program Files\Python311\Lib\socketserver.py", line 755, in __init__
    self.handle()
  File "C:\Program Files\Python311\Lib\http\server.py", line 436, in handle
    self.handle_one_request()
  File "C:\Program Files\Python311\Lib\http\server.py", line 424, in handle_one_request
    method()
  File "C:\Anup\6gsimulation\sixgr_foundation_v2 (2)\apps\lls_web_dashboard.py", line 12714, in do_GET
    self.send_error(HTTPStatus.INTERNAL_SERVER_ERROR, str(exc))
  File "C:\Program Files\Python311\Lib\http\server.py", line 488, in send_error
    self.end_headers()
  File "C:\Program Files\Python311\Lib\http\server.py", line 538, in end_headers
    self.flush_headers()
  File "C:\Program Files\Python311\Lib\http\server.py", line 542, in flush_headers
    self.wfile.write(b"".join(self._headers_buffer))
  File "C:\Program Files\Python311\Lib\socketserver.py", line 834, in write
    self._sock.sendall(b)
ConnectionAbortedError: [WinError 10053] An established connection was aborted by the software in your host machine
----------------------------------------
----------------------------------------
Exception occurred during processing of request from ('127.0.0.1', 61357)
Traceback (most recent call last):
  File "C:\Program Files\Python311\Lib\site-packages\mysql\connector\pooling.py", line 654, in get_connection
    cnx = self._cnx_queue.get(block=False)
          ^^^^^^^^^^^^^^^^^^^^^^^^^^^^^^^^
  File "C:\Program Files\Python311\Lib\queue.py", line 168, in get
    raise Empty
_queue.Empty

The above exception was the direct cause of the following exception:

Traceback (most recent call last):
  File "C:\Anup\6gsimulation\sixgr_foundation_v2 (2)\apps\lls_web_dashboard.py", line 12692, in do_GET
    self.respond_json(build_live_payload(run_id))
                      ^^^^^^^^^^^^^^^^^^^^^^^^^^
  File "C:\Anup\6gsimulation\sixgr_foundation_v2 (2)\apps\lls_web_dashboard.py", line 7914, in build_live_payload
    contract_materializer.materialize_run_contract_artifacts(
  File "C:\Anup\6gsimulation\sixgr_foundation_v2 (2)\apps\lls_contract_materializer.py", line 1841, in materialize_run_contract_artifacts
    contract_owned_paths = _contract_owned_paths(artifacts, db_connection_factory)
                           ^^^^^^^^^^^^^^^^^^^^^^^^^^^^^^^^^^^^^^^^^^^^^^^^^^^^^^^
  File "C:\Anup\6gsimulation\sixgr_foundation_v2 (2)\apps\lls_contract_materializer.py", line 857, in _contract_owned_paths
    if _artifact_is_contract_owned(artifact, db_connection_factory):
       ^^^^^^^^^^^^^^^^^^^^^^^^^^^^^^^^^^^^^^^^^^^^^^^^^^^^^^^^^^^^
  File "C:\Anup\6gsimulation\sixgr_foundation_v2 (2)\apps\lls_contract_materializer.py", line 840, in _artifact_is_contract_owned
    payload = _artifact_metadata_json(artifact, db_connection_factory)
              ^^^^^^^^^^^^^^^^^^^^^^^^^^^^^^^^^^^^^^^^^^^^^^^^^^^^^^^^
  File "C:\Anup\6gsimulation\sixgr_foundation_v2 (2)\apps\lls_contract_materializer.py", line 1739, in _artifact_metadata_json
    with db_connection_factory() as conn:
         ^^^^^^^^^^^^^^^^^^^^^^^
  File "C:\Anup\6gsimulation\sixgr_foundation_v2 (2)\apps\lls_web_dashboard.py", line 153, in db_connection
    return pool.get_connection()
           ^^^^^^^^^^^^^^^^^^^^^
  File "C:\Program Files\Python311\Lib\site-packages\mysql\connector\pooling.py", line 656, in get_connection
    raise PoolError("Failed getting connection; pool exhausted") from err
mysql.connector.errors.PoolError: Failed getting connection; pool exhausted

During handling of the above exception, another exception occurred:

Traceback (most recent call last):
  File "C:\Program Files\Python311\Lib\socketserver.py", line 691, in process_request_thread
    self.finish_request(request, client_address)
  File "C:\Program Files\Python311\Lib\socketserver.py", line 361, in finish_request
    self.RequestHandlerClass(request, client_address, self)
  File "C:\Program Files\Python311\Lib\socketserver.py", line 755, in __init__
    self.handle()
  File "C:\Program Files\Python311\Lib\http\server.py", line 436, in handle
    self.handle_one_request()
  File "C:\Program Files\Python311\Lib\http\server.py", line 424, in handle_one_request
    method()
  File "C:\Anup\6gsimulation\sixgr_foundation_v2 (2)\apps\lls_web_dashboard.py", line 12714, in do_GET
    self.send_error(HTTPStatus.INTERNAL_SERVER_ERROR, str(exc))
  File "C:\Program Files\Python311\Lib\http\server.py", line 491, in send_error
    self.wfile.write(body)
  File "C:\Program Files\Python311\Lib\socketserver.py", line 834, in write
    self._sock.sendall(b)
ConnectionAbortedError: [WinError 10053] An established connection was aborted by the software in your host machine
----------------------------------------
----------------------------------------
Exception occurred during processing of request from ('127.0.0.1', 61353)
Traceback (most recent call last):
  File "C:\Program Files\Python311\Lib\site-packages\mysql\connector\pooling.py", line 654, in get_connection
    cnx = self._cnx_queue.get(block=False)
          ^^^^^^^^^^^^^^^^^^^^^^^^^^^^^^^^
  File "C:\Program Files\Python311\Lib\queue.py", line 168, in get
    raise Empty
_queue.Empty

The above exception was the direct cause of the following exception:

Traceback (most recent call last):
  File "C:\Anup\6gsimulation\sixgr_foundation_v2 (2)\apps\lls_web_dashboard.py", line 12692, in do_GET
    self.respond_json(build_live_payload(run_id))
                      ^^^^^^^^^^^^^^^^^^^^^^^^^^
  File "C:\Anup\6gsimulation\sixgr_foundation_v2 (2)\apps\lls_web_dashboard.py", line 7914, in build_live_payload
    contract_materializer.materialize_run_contract_artifacts(
  File "C:\Anup\6gsimulation\sixgr_foundation_v2 (2)\apps\lls_contract_materializer.py", line 1850, in materialize_run_contract_artifacts
    current_source_watermark = _source_artifact_high_watermark(artifacts, db_connection_factory)
                               ^^^^^^^^^^^^^^^^^^^^^^^^^^^^^^^^^^^^^^^^^^^^^^^^^^^^^^^^^^^^^^^^^
  File "C:\Anup\6gsimulation\sixgr_foundation_v2 (2)\apps\lls_contract_materializer.py", line 868, in _source_artifact_high_watermark
    contract_paths = _contract_owned_paths(artifacts, db_connection_factory)
                     ^^^^^^^^^^^^^^^^^^^^^^^^^^^^^^^^^^^^^^^^^^^^^^^^^^^^^^^
  File "C:\Anup\6gsimulation\sixgr_foundation_v2 (2)\apps\lls_contract_materializer.py", line 857, in _contract_owned_paths
    if _artifact_is_contract_owned(artifact, db_connection_factory):
       ^^^^^^^^^^^^^^^^^^^^^^^^^^^^^^^^^^^^^^^^^^^^^^^^^^^^^^^^^^^^
  File "C:\Anup\6gsimulation\sixgr_foundation_v2 (2)\apps\lls_contract_materializer.py", line 840, in _artifact_is_contract_owned
    payload = _artifact_metadata_json(artifact, db_connection_factory)
              ^^^^^^^^^^^^^^^^^^^^^^^^^^^^^^^^^^^^^^^^^^^^^^^^^^^^^^^^
  File "C:\Anup\6gsimulation\sixgr_foundation_v2 (2)\apps\lls_contract_materializer.py", line 1739, in _artifact_metadata_json
    with db_connection_factory() as conn:
         ^^^^^^^^^^^^^^^^^^^^^^^
  File "C:\Anup\6gsimulation\sixgr_foundation_v2 (2)\apps\lls_web_dashboard.py", line 153, in db_connection
    return pool.get_connection()
           ^^^^^^^^^^^^^^^^^^^^^
  File "C:\Program Files\Python311\Lib\site-packages\mysql\connector\pooling.py", line 656, in get_connection
    raise PoolError("Failed getting connection; pool exhausted") from err
mysql.connector.errors.PoolError: Failed getting connection; pool exhausted

During handling of the above exception, another exception occurred:

Traceback (most recent call last):
  File "C:\Program Files\Python311\Lib\socketserver.py", line 691, in process_request_thread
    self.finish_request(request, client_address)
  File "C:\Program Files\Python311\Lib\socketserver.py", line 361, in finish_request
    self.RequestHandlerClass(request, client_address, self)
  File "C:\Program Files\Python311\Lib\socketserver.py", line 755, in __init__
    self.handle()
  File "C:\Program Files\Python311\Lib\http\server.py", line 436, in handle
    self.handle_one_request()
  File "C:\Program Files\Python311\Lib\http\server.py", line 424, in handle_one_request
    method()
  File "C:\Anup\6gsimulation\sixgr_foundation_v2 (2)\apps\lls_web_dashboard.py", line 12714, in do_GET
    self.send_error(HTTPStatus.INTERNAL_SERVER_ERROR, str(exc))
  File "C:\Program Files\Python311\Lib\http\server.py", line 491, in send_error
    self.wfile.write(body)
  File "C:\Program Files\Python311\Lib\socketserver.py", line 834, in write
    self._sock.sendall(b)
ConnectionAbortedError: [WinError 10053] An established connection was aborted by the software in your host machine
----------------------------------------
----------------------------------------
Exception occurred during processing of request from ('127.0.0.1', 61352)
Traceback (most recent call last):
  File "C:\Program Files\Python311\Lib\site-packages\mysql\connector\pooling.py", line 654, in get_connection
    cnx = self._cnx_queue.get(block=False)
          ^^^^^^^^^^^^^^^^^^^^^^^^^^^^^^^^
  File "C:\Program Files\Python311\Lib\queue.py", line 168, in get
    raise Empty
_queue.Empty

The above exception was the direct cause of the following exception:

Traceback (most recent call last):
  File "C:\Anup\6gsimulation\sixgr_foundation_v2 (2)\apps\lls_web_dashboard.py", line 12692, in do_GET
    self.respond_json(build_live_payload(run_id))
                      ^^^^^^^^^^^^^^^^^^^^^^^^^^
  File "C:\Anup\6gsimulation\sixgr_foundation_v2 (2)\apps\lls_web_dashboard.py", line 7914, in build_live_payload
    contract_materializer.materialize_run_contract_artifacts(
  File "C:\Anup\6gsimulation\sixgr_foundation_v2 (2)\apps\lls_contract_materializer.py", line 1859, in materialize_run_contract_artifacts
    contract_current = _existing_contract_artifacts_current(existing, db_connection_factory, feature_policy)
                       ^^^^^^^^^^^^^^^^^^^^^^^^^^^^^^^^^^^^^^^^^^^^^^^^^^^^^^^^^^^^^^^^^^^^^^^^^^^^^^^^^^^^^
  File "C:\Anup\6gsimulation\sixgr_foundation_v2 (2)\apps\lls_contract_materializer.py", line 1777, in _existing_contract_artifacts_current
    if not _artifact_has_current_materializer_version(csv_artifact, db_connection_factory):
           ^^^^^^^^^^^^^^^^^^^^^^^^^^^^^^^^^^^^^^^^^^^^^^^^^^^^^^^^^^^^^^^^^^^^^^^^^^^^^^^
  File "C:\Anup\6gsimulation\sixgr_foundation_v2 (2)\apps\lls_contract_materializer.py", line 1752, in _artifact_has_current_materializer_version
    payload = _artifact_metadata_json(artifact, db_connection_factory)
              ^^^^^^^^^^^^^^^^^^^^^^^^^^^^^^^^^^^^^^^^^^^^^^^^^^^^^^^^
  File "C:\Anup\6gsimulation\sixgr_foundation_v2 (2)\apps\lls_contract_materializer.py", line 1739, in _artifact_metadata_json
    with db_connection_factory() as conn:
         ^^^^^^^^^^^^^^^^^^^^^^^
  File "C:\Anup\6gsimulation\sixgr_foundation_v2 (2)\apps\lls_web_dashboard.py", line 153, in db_connection
    return pool.get_connection()
           ^^^^^^^^^^^^^^^^^^^^^
  File "C:\Program Files\Python311\Lib\site-packages\mysql\connector\pooling.py", line 656, in get_connection
    raise PoolError("Failed getting connection; pool exhausted") from err
mysql.connector.errors.PoolError: Failed getting connection; pool exhausted

During handling of the above exception, another exception occurred:

Traceback (most recent call last):
  File "C:\Program Files\Python311\Lib\socketserver.py", line 691, in process_request_thread
    self.finish_request(request, client_address)
  File "C:\Program Files\Python311\Lib\socketserver.py", line 361, in finish_request
    self.RequestHandlerClass(request, client_address, self)
  File "C:\Program Files\Python311\Lib\socketserver.py", line 755, in __init__
    self.handle()
  File "C:\Program Files\Python311\Lib\http\server.py", line 436, in handle
    self.handle_one_request()
  File "C:\Program Files\Python311\Lib\http\server.py", line 424, in handle_one_request
    method()
  File "C:\Anup\6gsimulation\sixgr_foundation_v2 (2)\apps\lls_web_dashboard.py", line 12714, in do_GET
    self.send_error(HTTPStatus.INTERNAL_SERVER_ERROR, str(exc))
  File "C:\Program Files\Python311\Lib\http\server.py", line 491, in send_error
    self.wfile.write(body)
  File "C:\Program Files\Python311\Lib\socketserver.py", line 834, in write
    self._sock.sendall(b)
ConnectionAbortedError: [WinError 10053] An established connection was aborted by the software in your host machine
----------------------------------------
----------------------------------------
Exception occurred during processing of request from ('127.0.0.1', 61354)
Traceback (most recent call last):
  File "C:\Program Files\Python311\Lib\site-packages\mysql\connector\pooling.py", line 654, in get_connection
    cnx = self._cnx_queue.get(block=False)
          ^^^^^^^^^^^^^^^^^^^^^^^^^^^^^^^^
  File "C:\Program Files\Python311\Lib\queue.py", line 168, in get
    raise Empty
_queue.Empty

The above exception was the direct cause of the following exception:

Traceback (most recent call last):
  File "C:\Anup\6gsimulation\sixgr_foundation_v2 (2)\apps\lls_web_dashboard.py", line 12692, in do_GET
    self.respond_json(build_live_payload(run_id))
                      ^^^^^^^^^^^^^^^^^^^^^^^^^^
  File "C:\Anup\6gsimulation\sixgr_foundation_v2 (2)\apps\lls_web_dashboard.py", line 7914, in build_live_payload
    contract_materializer.materialize_run_contract_artifacts(
  File "C:\Anup\6gsimulation\sixgr_foundation_v2 (2)\apps\lls_contract_materializer.py", line 1859, in materialize_run_contract_artifacts
    contract_current = _existing_contract_artifacts_current(existing, db_connection_factory, feature_policy)
                       ^^^^^^^^^^^^^^^^^^^^^^^^^^^^^^^^^^^^^^^^^^^^^^^^^^^^^^^^^^^^^^^^^^^^^^^^^^^^^^^^^^^^^
  File "C:\Anup\6gsimulation\sixgr_foundation_v2 (2)\apps\lls_contract_materializer.py", line 1777, in _existing_contract_artifacts_current
    if not _artifact_has_current_materializer_version(csv_artifact, db_connection_factory):
           ^^^^^^^^^^^^^^^^^^^^^^^^^^^^^^^^^^^^^^^^^^^^^^^^^^^^^^^^^^^^^^^^^^^^^^^^^^^^^^^
  File "C:\Anup\6gsimulation\sixgr_foundation_v2 (2)\apps\lls_contract_materializer.py", line 1752, in _artifact_has_current_materializer_version
    payload = _artifact_metadata_json(artifact, db_connection_factory)
              ^^^^^^^^^^^^^^^^^^^^^^^^^^^^^^^^^^^^^^^^^^^^^^^^^^^^^^^^
  File "C:\Anup\6gsimulation\sixgr_foundation_v2 (2)\apps\lls_contract_materializer.py", line 1739, in _artifact_metadata_json
    with db_connection_factory() as conn:
         ^^^^^^^^^^^^^^^^^^^^^^^
  File "C:\Anup\6gsimulation\sixgr_foundation_v2 (2)\apps\lls_web_dashboard.py", line 153, in db_connection
    return pool.get_connection()
           ^^^^^^^^^^^^^^^^^^^^^
  File "C:\Program Files\Python311\Lib\site-packages\mysql\connector\pooling.py", line 656, in get_connection
    raise PoolError("Failed getting connection; pool exhausted") from err
mysql.connector.errors.PoolError: Failed getting connection; pool exhausted

During handling of the above exception, another exception occurred:

Traceback (most recent call last):
  File "C:\Program Files\Python311\Lib\socketserver.py", line 691, in process_request_thread
    self.finish_request(request, client_address)
  File "C:\Program Files\Python311\Lib\socketserver.py", line 361, in finish_request
    self.RequestHandlerClass(request, client_address, self)
  File "C:\Program Files\Python311\Lib\socketserver.py", line 755, in __init__
    self.handle()
  File "C:\Program Files\Python311\Lib\http\server.py", line 436, in handle
    self.handle_one_request()
  File "C:\Program Files\Python311\Lib\http\server.py", line 424, in handle_one_request
    method()
  File "C:\Anup\6gsimulation\sixgr_foundation_v2 (2)\apps\lls_web_dashboard.py", line 12714, in do_GET
    self.send_error(HTTPStatus.INTERNAL_SERVER_ERROR, str(exc))
  File "C:\Program Files\Python311\Lib\http\server.py", line 491, in send_error
    self.wfile.write(body)
  File "C:\Program Files\Python311\Lib\socketserver.py", line 834, in write
    self._sock.sendall(b)
ConnectionAbortedError: [WinError 10053] An established connection was aborted by the software in your host machine
----------------------------------------
----------------------------------------
Exception occurred during processing of request from ('127.0.0.1', 61359)
Traceback (most recent call last):
  File "C:\Program Files\Python311\Lib\site-packages\mysql\connector\pooling.py", line 654, in get_connection
    cnx = self._cnx_queue.get(block=False)
          ^^^^^^^^^^^^^^^^^^^^^^^^^^^^^^^^
  File "C:\Program Files\Python311\Lib\queue.py", line 168, in get
    raise Empty
_queue.Empty

The above exception was the direct cause of the following exception:

Traceback (most recent call last):
  File "C:\Anup\6gsimulation\sixgr_foundation_v2 (2)\apps\lls_web_dashboard.py", line 12692, in do_GET
    self.respond_json(build_live_payload(run_id))
                      ^^^^^^^^^^^^^^^^^^^^^^^^^^
  File "C:\Anup\6gsimulation\sixgr_foundation_v2 (2)\apps\lls_web_dashboard.py", line 7914, in build_live_payload
    contract_materializer.materialize_run_contract_artifacts(
  File "C:\Anup\6gsimulation\sixgr_foundation_v2 (2)\apps\lls_contract_materializer.py", line 1850, in materialize_run_contract_artifacts
    current_source_watermark = _source_artifact_high_watermark(artifacts, db_connection_factory)
                               ^^^^^^^^^^^^^^^^^^^^^^^^^^^^^^^^^^^^^^^^^^^^^^^^^^^^^^^^^^^^^^^^^
  File "C:\Anup\6gsimulation\sixgr_foundation_v2 (2)\apps\lls_contract_materializer.py", line 868, in _source_artifact_high_watermark
    contract_paths = _contract_owned_paths(artifacts, db_connection_factory)
                     ^^^^^^^^^^^^^^^^^^^^^^^^^^^^^^^^^^^^^^^^^^^^^^^^^^^^^^^
  File "C:\Anup\6gsimulation\sixgr_foundation_v2 (2)\apps\lls_contract_materializer.py", line 857, in _contract_owned_paths
    if _artifact_is_contract_owned(artifact, db_connection_factory):
       ^^^^^^^^^^^^^^^^^^^^^^^^^^^^^^^^^^^^^^^^^^^^^^^^^^^^^^^^^^^^
  File "C:\Anup\6gsimulation\sixgr_foundation_v2 (2)\apps\lls_contract_materializer.py", line 840, in _artifact_is_contract_owned
    payload = _artifact_metadata_json(artifact, db_connection_factory)
              ^^^^^^^^^^^^^^^^^^^^^^^^^^^^^^^^^^^^^^^^^^^^^^^^^^^^^^^^
  File "C:\Anup\6gsimulation\sixgr_foundation_v2 (2)\apps\lls_contract_materializer.py", line 1739, in _artifact_metadata_json
    with db_connection_factory() as conn:
         ^^^^^^^^^^^^^^^^^^^^^^^
  File "C:\Anup\6gsimulation\sixgr_foundation_v2 (2)\apps\lls_web_dashboard.py", line 153, in db_connection
    return pool.get_connection()
           ^^^^^^^^^^^^^^^^^^^^^
  File "C:\Program Files\Python311\Lib\site-packages\mysql\connector\pooling.py", line 656, in get_connection
    raise PoolError("Failed getting connection; pool exhausted") from err
mysql.connector.errors.PoolError: Failed getting connection; pool exhausted

During handling of the above exception, another exception occurred:

Traceback (most recent call last):
  File "C:\Program Files\Python311\Lib\socketserver.py", line 691, in process_request_thread
    self.finish_request(request, client_address)
  File "C:\Program Files\Python311\Lib\socketserver.py", line 361, in finish_request
    self.RequestHandlerClass(request, client_address, self)
  File "C:\Program Files\Python311\Lib\socketserver.py", line 755, in __init__
    self.handle()
  File "C:\Program Files\Python311\Lib\http\server.py", line 436, in handle
    self.handle_one_request()
  File "C:\Program Files\Python311\Lib\http\server.py", line 424, in handle_one_request
    method()
  File "C:\Anup\6gsimulation\sixgr_foundation_v2 (2)\apps\lls_web_dashboard.py", line 12714, in do_GET
    self.send_error(HTTPStatus.INTERNAL_SERVER_ERROR, str(exc))
  File "C:\Program Files\Python311\Lib\http\server.py", line 491, in send_error
    self.wfile.write(body)
  File "C:\Program Files\Python311\Lib\socketserver.py", line 834, in write
    self._sock.sendall(b)
ConnectionAbortedError: [WinError 10053] An established connection was aborted by the software in your host machine
----------------------------------------
----------------------------------------
Exception occurred during processing of request from ('127.0.0.1', 61355)
Traceback (most recent call last):
  File "C:\Anup\6gsimulation\sixgr_foundation_v2 (2)\apps\lls_web_dashboard.py", line 12692, in do_GET
    self.respond_json(build_live_payload(run_id))
  File "C:\Anup\6gsimulation\sixgr_foundation_v2 (2)\apps\lls_web_dashboard.py", line 12823, in respond_json
    self.wfile.write(raw)
  File "C:\Program Files\Python311\Lib\socketserver.py", line 834, in write
    self._sock.sendall(b)
ConnectionAbortedError: [WinError 10053] An established connection was aborted by the software in your host machine

During handling of the above exception, another exception occurred:

Traceback (most recent call last):
  File "C:\Program Files\Python311\Lib\socketserver.py", line 691, in process_request_thread
    self.finish_request(request, client_address)
  File "C:\Program Files\Python311\Lib\socketserver.py", line 361, in finish_request
    self.RequestHandlerClass(request, client_address, self)
  File "C:\Program Files\Python311\Lib\socketserver.py", line 755, in __init__
    self.handle()
  File "C:\Program Files\Python311\Lib\http\server.py", line 436, in handle
    self.handle_one_request()
  File "C:\Program Files\Python311\Lib\http\server.py", line 424, in handle_one_request
    method()
  File "C:\Anup\6gsimulation\sixgr_foundation_v2 (2)\apps\lls_web_dashboard.py", line 12714, in do_GET
    self.send_error(HTTPStatus.INTERNAL_SERVER_ERROR, str(exc))
  File "C:\Program Files\Python311\Lib\http\server.py", line 488, in send_error
    self.end_headers()
  File "C:\Program Files\Python311\Lib\http\server.py", line 538, in end_headers
    self.flush_headers()
  File "C:\Program Files\Python311\Lib\http\server.py", line 542, in flush_headers
    self.wfile.write(b"".join(self._headers_buffer))
  File "C:\Program Files\Python311\Lib\socketserver.py", line 834, in write
    self._sock.sendall(b)
ConnectionAbortedError: [WinError 10053] An established connection was aborted by the software in your host machine
----------------------------------------
----------------------------------------
Exception occurred during processing of request from ('127.0.0.1', 61366)
----------------------------------------
Traceback (most recent call last):
Exception occurred during processing of request from ('127.0.0.1', 61356)
  File "C:\Program Files\Python311\Lib\site-packages\mysql\connector\pooling.py", line 654, in get_connection
    cnx = self._cnx_queue.get(block=False)
          ^^^^^^^^^^^^^^^^^^^^^^^^^^^^^^^^
  File "C:\Program Files\Python311\Lib\queue.py", line 168, in get
    raise Empty
Traceback (most recent call last):
_queue.Empty
  File "C:\Anup\6gsimulation\sixgr_foundation_v2 (2)\apps\lls_web_dashboard.py", line 12692, in do_GET
    self.respond_json(build_live_payload(run_id))

The above exception was the direct cause of the following exception:

  File "C:\Anup\6gsimulation\sixgr_foundation_v2 (2)\apps\lls_web_dashboard.py", line 12823, in respond_json
    self.wfile.write(raw)
Traceback (most recent call last):
  File "C:\Program Files\Python311\Lib\socketserver.py", line 834, in write
    self._sock.sendall(b)
  File "C:\Anup\6gsimulation\sixgr_foundation_v2 (2)\apps\lls_web_dashboard.py", line 12692, in do_GET
    self.respond_json(build_live_payload(run_id))
                      ^^^^^^^^^^^^^^^^^^^^^^^^^^
ConnectionAbortedError: [WinError 10053] An established connection was aborted by the software in your host machine
  File "C:\Anup\6gsimulation\sixgr_foundation_v2 (2)\apps\lls_web_dashboard.py", line 7914, in build_live_payload
    contract_materializer.materialize_run_contract_artifacts(

During handling of the above exception, another exception occurred:

Traceback (most recent call last):
  File "C:\Anup\6gsimulation\sixgr_foundation_v2 (2)\apps\lls_contract_materializer.py", line 1841, in materialize_run_contract_artifacts
    contract_owned_paths = _contract_owned_paths(artifacts, db_connection_factory)
                           ^^^^^^^^^^^^^^^^^^^^^^^^^^^^^^^^^^^^^^^^^^^^^^^^^^^^^^^
  File "C:\Program Files\Python311\Lib\socketserver.py", line 691, in process_request_thread
    self.finish_request(request, client_address)
  File "C:\Anup\6gsimulation\sixgr_foundation_v2 (2)\apps\lls_contract_materializer.py", line 857, in _contract_owned_paths
    if _artifact_is_contract_owned(artifact, db_connection_factory):
       ^^^^^^^^^^^^^^^^^^^^^^^^^^^^^^^^^^^^^^^^^^^^^^^^^^^^^^^^^^^^
  File "C:\Program Files\Python311\Lib\socketserver.py", line 361, in finish_request
    self.RequestHandlerClass(request, client_address, self)
  File "C:\Anup\6gsimulation\sixgr_foundation_v2 (2)\apps\lls_contract_materializer.py", line 840, in _artifact_is_contract_owned
    payload = _artifact_metadata_json(artifact, db_connection_factory)
              ^^^^^^^^^^^^^^^^^^^^^^^^^^^^^^^^^^^^^^^^^^^^^^^^^^^^^^^^
  File "C:\Program Files\Python311\Lib\socketserver.py", line 755, in __init__
    self.handle()
  File "C:\Program Files\Python311\Lib\http\server.py", line 436, in handle
    self.handle_one_request()
  File "C:\Anup\6gsimulation\sixgr_foundation_v2 (2)\apps\lls_contract_materializer.py", line 1739, in _artifact_metadata_json
    with db_connection_factory() as conn:
         ^^^^^^^^^^^^^^^^^^^^^^^
  File "C:\Program Files\Python311\Lib\http\server.py", line 424, in handle_one_request
    method()
  File "C:\Anup\6gsimulation\sixgr_foundation_v2 (2)\apps\lls_web_dashboard.py", line 153, in db_connection
    return pool.get_connection()
           ^^^^^^^^^^^^^^^^^^^^^
  File "C:\Anup\6gsimulation\sixgr_foundation_v2 (2)\apps\lls_web_dashboard.py", line 12714, in do_GET
    self.send_error(HTTPStatus.INTERNAL_SERVER_ERROR, str(exc))
  File "C:\Program Files\Python311\Lib\site-packages\mysql\connector\pooling.py", line 656, in get_connection
    raise PoolError("Failed getting connection; pool exhausted") from err
  File "C:\Program Files\Python311\Lib\http\server.py", line 488, in send_error
    self.end_headers()
mysql.connector.errors.PoolError: Failed getting connection; pool exhausted
  File "C:\Program Files\Python311\Lib\http\server.py", line 538, in end_headers
    self.flush_headers()

During handling of the above exception, another exception occurred:

  File "C:\Program Files\Python311\Lib\http\server.py", line 542, in flush_headers
    self.wfile.write(b"".join(self._headers_buffer))
Traceback (most recent call last):
  File "C:\Program Files\Python311\Lib\socketserver.py", line 834, in write
    self._sock.sendall(b)
  File "C:\Program Files\Python311\Lib\socketserver.py", line 691, in process_request_thread
    self.finish_request(request, client_address)
ConnectionAbortedError: [WinError 10053] An established connection was aborted by the software in your host machine
  File "C:\Program Files\Python311\Lib\socketserver.py", line 361, in finish_request
    self.RequestHandlerClass(request, client_address, self)
----------------------------------------
  File "C:\Program Files\Python311\Lib\socketserver.py", line 755, in __init__
    self.handle()
  File "C:\Program Files\Python311\Lib\http\server.py", line 436, in handle
    self.handle_one_request()
  File "C:\Program Files\Python311\Lib\http\server.py", line 424, in handle_one_request
    method()
  File "C:\Anup\6gsimulation\sixgr_foundation_v2 (2)\apps\lls_web_dashboard.py", line 12714, in do_GET
    self.send_error(HTTPStatus.INTERNAL_SERVER_ERROR, str(exc))
  File "C:\Program Files\Python311\Lib\http\server.py", line 491, in send_error
    self.wfile.write(body)
  File "C:\Program Files\Python311\Lib\socketserver.py", line 834, in write
    self._sock.sendall(b)
ConnectionAbortedError: [WinError 10053] An established connection was aborted by the software in your host machine
----------------------------------------
----------------------------------------
Exception occurred during processing of request from ('127.0.0.1', 61363)
Traceback (most recent call last):
  File "C:\Program Files\Python311\Lib\site-packages\mysql\connector\pooling.py", line 654, in get_connection
    cnx = self._cnx_queue.get(block=False)
          ^^^^^^^^^^^^^^^^^^^^^^^^^^^^^^^^
  File "C:\Program Files\Python311\Lib\queue.py", line 168, in get
    raise Empty
_queue.Empty

The above exception was the direct cause of the following exception:

Traceback (most recent call last):
  File "C:\Anup\6gsimulation\sixgr_foundation_v2 (2)\apps\lls_web_dashboard.py", line 12692, in do_GET
    self.respond_json(build_live_payload(run_id))
                      ^^^^^^^^^^^^^^^^^^^^^^^^^^
  File "C:\Anup\6gsimulation\sixgr_foundation_v2 (2)\apps\lls_web_dashboard.py", line 7914, in build_live_payload
    contract_materializer.materialize_run_contract_artifacts(
  File "C:\Anup\6gsimulation\sixgr_foundation_v2 (2)\apps\lls_contract_materializer.py", line 1850, in materialize_run_contract_artifacts
    current_source_watermark = _source_artifact_high_watermark(artifacts, db_connection_factory)
                               ^^^^^^^^^^^^^^^^^^^^^^^^^^^^^^^^^^^^^^^^^^^^^^^^^^^^^^^^^^^^^^^^^
  File "C:\Anup\6gsimulation\sixgr_foundation_v2 (2)\apps\lls_contract_materializer.py", line 868, in _source_artifact_high_watermark
    contract_paths = _contract_owned_paths(artifacts, db_connection_factory)
                     ^^^^^^^^^^^^^^^^^^^^^^^^^^^^^^^^^^^^^^^^^^^^^^^^^^^^^^^
  File "C:\Anup\6gsimulation\sixgr_foundation_v2 (2)\apps\lls_contract_materializer.py", line 857, in _contract_owned_paths
    if _artifact_is_contract_owned(artifact, db_connection_factory):
       ^^^^^^^^^^^^^^^^^^^^^^^^^^^^^^^^^^^^^^^^^^^^^^^^^^^^^^^^^^^^
  File "C:\Anup\6gsimulation\sixgr_foundation_v2 (2)\apps\lls_contract_materializer.py", line 840, in _artifact_is_contract_owned
    payload = _artifact_metadata_json(artifact, db_connection_factory)
              ^^^^^^^^^^^^^^^^^^^^^^^^^^^^^^^^^^^^^^^^^^^^^^^^^^^^^^^^
  File "C:\Anup\6gsimulation\sixgr_foundation_v2 (2)\apps\lls_contract_materializer.py", line 1739, in _artifact_metadata_json
    with db_connection_factory() as conn:
         ^^^^^^^^^^^^^^^^^^^^^^^
  File "C:\Anup\6gsimulation\sixgr_foundation_v2 (2)\apps\lls_web_dashboard.py", line 153, in db_connection
    return pool.get_connection()
           ^^^^^^^^^^^^^^^^^^^^^
  File "C:\Program Files\Python311\Lib\site-packages\mysql\connector\pooling.py", line 656, in get_connection
    raise PoolError("Failed getting connection; pool exhausted") from err
mysql.connector.errors.PoolError: Failed getting connection; pool exhausted

During handling of the above exception, another exception occurred:

Traceback (most recent call last):
  File "C:\Program Files\Python311\Lib\socketserver.py", line 691, in process_request_thread
    self.finish_request(request, client_address)
  File "C:\Program Files\Python311\Lib\socketserver.py", line 361, in finish_request
    self.RequestHandlerClass(request, client_address, self)
  File "C:\Program Files\Python311\Lib\socketserver.py", line 755, in __init__
    self.handle()
  File "C:\Program Files\Python311\Lib\http\server.py", line 436, in handle
    self.handle_one_request()
  File "C:\Program Files\Python311\Lib\http\server.py", line 424, in handle_one_request
    method()
  File "C:\Anup\6gsimulation\sixgr_foundation_v2 (2)\apps\lls_web_dashboard.py", line 12714, in do_GET
    self.send_error(HTTPStatus.INTERNAL_SERVER_ERROR, str(exc))
  File "C:\Program Files\Python311\Lib\http\server.py", line 491, in send_error
    self.wfile.write(body)
  File "C:\Program Files\Python311\Lib\socketserver.py", line 834, in write
    self._sock.sendall(b)
ConnectionAbortedError: [WinError 10053] An established connection was aborted by the software in your host machine
----------------------------------------
----------------------------------------
Exception occurred during processing of request from ('127.0.0.1', 61361)
Traceback (most recent call last):
  File "C:\Program Files\Python311\Lib\site-packages\mysql\connector\pooling.py", line 654, in get_connection
    cnx = self._cnx_queue.get(block=False)
          ^^^^^^^^^^^^^^^^^^^^^^^^^^^^^^^^
  File "C:\Program Files\Python311\Lib\queue.py", line 168, in get
    raise Empty
_queue.Empty

The above exception was the direct cause of the following exception:

Traceback (most recent call last):
  File "C:\Anup\6gsimulation\sixgr_foundation_v2 (2)\apps\lls_web_dashboard.py", line 12692, in do_GET
    self.respond_json(build_live_payload(run_id))
                      ^^^^^^^^^^^^^^^^^^^^^^^^^^
  File "C:\Anup\6gsimulation\sixgr_foundation_v2 (2)\apps\lls_web_dashboard.py", line 7914, in build_live_payload
    contract_materializer.materialize_run_contract_artifacts(
  File "C:\Anup\6gsimulation\sixgr_foundation_v2 (2)\apps\lls_contract_materializer.py", line 1850, in materialize_run_contract_artifacts
    current_source_watermark = _source_artifact_high_watermark(artifacts, db_connection_factory)
                               ^^^^^^^^^^^^^^^^^^^^^^^^^^^^^^^^^^^^^^^^^^^^^^^^^^^^^^^^^^^^^^^^^
  File "C:\Anup\6gsimulation\sixgr_foundation_v2 (2)\apps\lls_contract_materializer.py", line 868, in _source_artifact_high_watermark
    contract_paths = _contract_owned_paths(artifacts, db_connection_factory)
                     ^^^^^^^^^^^^^^^^^^^^^^^^^^^^^^^^^^^^^^^^^^^^^^^^^^^^^^^
  File "C:\Anup\6gsimulation\sixgr_foundation_v2 (2)\apps\lls_contract_materializer.py", line 857, in _contract_owned_paths
    if _artifact_is_contract_owned(artifact, db_connection_factory):
       ^^^^^^^^^^^^^^^^^^^^^^^^^^^^^^^^^^^^^^^^^^^^^^^^^^^^^^^^^^^^
  File "C:\Anup\6gsimulation\sixgr_foundation_v2 (2)\apps\lls_contract_materializer.py", line 840, in _artifact_is_contract_owned
    payload = _artifact_metadata_json(artifact, db_connection_factory)
              ^^^^^^^^^^^^^^^^^^^^^^^^^^^^^^^^^^^^^^^^^^^^^^^^^^^^^^^^
  File "C:\Anup\6gsimulation\sixgr_foundation_v2 (2)\apps\lls_contract_materializer.py", line 1739, in _artifact_metadata_json
    with db_connection_factory() as conn:
         ^^^^^^^^^^^^^^^^^^^^^^^
  File "C:\Anup\6gsimulation\sixgr_foundation_v2 (2)\apps\lls_web_dashboard.py", line 153, in db_connection
    return pool.get_connection()
           ^^^^^^^^^^^^^^^^^^^^^
  File "C:\Program Files\Python311\Lib\site-packages\mysql\connector\pooling.py", line 656, in get_connection
    raise PoolError("Failed getting connection; pool exhausted") from err
mysql.connector.errors.PoolError: Failed getting connection; pool exhausted

During handling of the above exception, another exception occurred:

Traceback (most recent call last):
  File "C:\Program Files\Python311\Lib\socketserver.py", line 691, in process_request_thread
    self.finish_request(request, client_address)
  File "C:\Program Files\Python311\Lib\socketserver.py", line 361, in finish_request
    self.RequestHandlerClass(request, client_address, self)
  File "C:\Program Files\Python311\Lib\socketserver.py", line 755, in __init__
    self.handle()
  File "C:\Program Files\Python311\Lib\http\server.py", line 436, in handle
    self.handle_one_request()
  File "C:\Program Files\Python311\Lib\http\server.py", line 424, in handle_one_request
    method()
  File "C:\Anup\6gsimulation\sixgr_foundation_v2 (2)\apps\lls_web_dashboard.py", line 12714, in do_GET
    self.send_error(HTTPStatus.INTERNAL_SERVER_ERROR, str(exc))
  File "C:\Program Files\Python311\Lib\http\server.py", line 491, in send_error
    self.wfile.write(body)
  File "C:\Program Files\Python311\Lib\socketserver.py", line 834, in write
    self._sock.sendall(b)
ConnectionAbortedError: [WinError 10053] An established connection was aborted by the software in your host machine
----------------------------------------
----------------------------------------
Exception occurred during processing of request from ('127.0.0.1', 61368)
Traceback (most recent call last):
  File "C:\Program Files\Python311\Lib\site-packages\mysql\connector\pooling.py", line 654, in get_connection
    cnx = self._cnx_queue.get(block=False)
          ^^^^^^^^^^^^^^^^^^^^^^^^^^^^^^^^
  File "C:\Program Files\Python311\Lib\queue.py", line 168, in get
    raise Empty
_queue.Empty

The above exception was the direct cause of the following exception:

Traceback (most recent call last):
  File "C:\Anup\6gsimulation\sixgr_foundation_v2 (2)\apps\lls_web_dashboard.py", line 12692, in do_GET
    self.respond_json(build_live_payload(run_id))
                      ^^^^^^^^^^^^^^^^^^^^^^^^^^
  File "C:\Anup\6gsimulation\sixgr_foundation_v2 (2)\apps\lls_web_dashboard.py", line 7914, in build_live_payload
    contract_materializer.materialize_run_contract_artifacts(
  File "C:\Anup\6gsimulation\sixgr_foundation_v2 (2)\apps\lls_contract_materializer.py", line 1941, in materialize_run_contract_artifacts
    artifact_id = _store_artifact(
                  ^^^^^^^^^^^^^^^^
  File "C:\Anup\6gsimulation\sixgr_foundation_v2 (2)\apps\lls_contract_materializer.py", line 1678, in _store_artifact
    with db_connection_factory() as conn:
         ^^^^^^^^^^^^^^^^^^^^^^^
  File "C:\Anup\6gsimulation\sixgr_foundation_v2 (2)\apps\lls_web_dashboard.py", line 153, in db_connection
    return pool.get_connection()
           ^^^^^^^^^^^^^^^^^^^^^
  File "C:\Program Files\Python311\Lib\site-packages\mysql\connector\pooling.py", line 656, in get_connection
    raise PoolError("Failed getting connection; pool exhausted") from err
mysql.connector.errors.PoolError: Failed getting connection; pool exhausted

During handling of the above exception, another exception occurred:

Traceback (most recent call last):
  File "C:\Program Files\Python311\Lib\socketserver.py", line 691, in process_request_thread
    self.finish_request(request, client_address)
  File "C:\Program Files\Python311\Lib\socketserver.py", line 361, in finish_request
    self.RequestHandlerClass(request, client_address, self)
  File "C:\Program Files\Python311\Lib\socketserver.py", line 755, in __init__
    self.handle()
  File "C:\Program Files\Python311\Lib\http\server.py", line 436, in handle
    self.handle_one_request()
  File "C:\Program Files\Python311\Lib\http\server.py", line 424, in handle_one_request
    method()
  File "C:\Anup\6gsimulation\sixgr_foundation_v2 (2)\apps\lls_web_dashboard.py", line 12714, in do_GET
    self.send_error(HTTPStatus.INTERNAL_SERVER_ERROR, str(exc))
  File "C:\Program Files\Python311\Lib\http\server.py", line 491, in send_error
    self.wfile.write(body)
  File "C:\Program Files\Python311\Lib\socketserver.py", line 834, in write
    self._sock.sendall(b)
ConnectionAbortedError: [WinError 10053] An established connection was aborted by the software in your host machine
----------------------------------------
----------------------------------------
Exception occurred during processing of request from ('127.0.0.1', 61382)
Traceback (most recent call last):
  File "C:\Program Files\Python311\Lib\site-packages\mysql\connector\pooling.py", line 654, in get_connection
    cnx = self._cnx_queue.get(block=False)
          ^^^^^^^^^^^^^^^^^^^^^^^^^^^^^^^^
  File "C:\Program Files\Python311\Lib\queue.py", line 168, in get
    raise Empty
_queue.Empty

The above exception was the direct cause of the following exception:

Traceback (most recent call last):
  File "C:\Anup\6gsimulation\sixgr_foundation_v2 (2)\apps\lls_web_dashboard.py", line 12692, in do_GET
    self.respond_json(build_live_payload(run_id))
                      ^^^^^^^^^^^^^^^^^^^^^^^^^^
  File "C:\Anup\6gsimulation\sixgr_foundation_v2 (2)\apps\lls_web_dashboard.py", line 7914, in build_live_payload
    contract_materializer.materialize_run_contract_artifacts(
  File "C:\Anup\6gsimulation\sixgr_foundation_v2 (2)\apps\lls_contract_materializer.py", line 1941, in materialize_run_contract_artifacts
    artifact_id = _store_artifact(
                  ^^^^^^^^^^^^^^^^
  File "C:\Anup\6gsimulation\sixgr_foundation_v2 (2)\apps\lls_contract_materializer.py", line 1678, in _store_artifact
    with db_connection_factory() as conn:
         ^^^^^^^^^^^^^^^^^^^^^^^
  File "C:\Anup\6gsimulation\sixgr_foundation_v2 (2)\apps\lls_web_dashboard.py", line 153, in db_connection
    return pool.get_connection()
           ^^^^^^^^^^^^^^^^^^^^^
  File "C:\Program Files\Python311\Lib\site-packages\mysql\connector\pooling.py", line 656, in get_connection
    raise PoolError("Failed getting connection; pool exhausted") from err
mysql.connector.errors.PoolError: Failed getting connection; pool exhausted

During handling of the above exception, another exception occurred:

Traceback (most recent call last):
  File "C:\Program Files\Python311\Lib\socketserver.py", line 691, in process_request_thread
    self.finish_request(request, client_address)
  File "C:\Program Files\Python311\Lib\socketserver.py", line 361, in finish_request
    self.RequestHandlerClass(request, client_address, self)
  File "C:\Program Files\Python311\Lib\socketserver.py", line 755, in __init__
    self.handle()
  File "C:\Program Files\Python311\Lib\http\server.py", line 436, in handle
    self.handle_one_request()
  File "C:\Program Files\Python311\Lib\http\server.py", line 424, in handle_one_request
    method()
  File "C:\Anup\6gsimulation\sixgr_foundation_v2 (2)\apps\lls_web_dashboard.py", line 12714, in do_GET
    self.send_error(HTTPStatus.INTERNAL_SERVER_ERROR, str(exc))
  File "C:\Program Files\Python311\Lib\http\server.py", line 491, in send_error
    self.wfile.write(body)
  File "C:\Program Files\Python311\Lib\socketserver.py", line 834, in write
    self._sock.sendall(b)
ConnectionAbortedError: [WinError 10053] An established connection was aborted by the software in your host machine
----------------------------------------
----------------------------------------
Exception occurred during processing of request from ('127.0.0.1', 61372)
Traceback (most recent call last):
  File "C:\Program Files\Python311\Lib\site-packages\mysql\connector\pooling.py", line 654, in get_connection
    cnx = self._cnx_queue.get(block=False)
          ^^^^^^^^^^^^^^^^^^^^^^^^^^^^^^^^
  File "C:\Program Files\Python311\Lib\queue.py", line 168, in get
    raise Empty
_queue.Empty

The above exception was the direct cause of the following exception:

Traceback (most recent call last):
  File "C:\Anup\6gsimulation\sixgr_foundation_v2 (2)\apps\lls_web_dashboard.py", line 12692, in do_GET
    self.respond_json(build_live_payload(run_id))
                      ^^^^^^^^^^^^^^^^^^^^^^^^^^
  File "C:\Anup\6gsimulation\sixgr_foundation_v2 (2)\apps\lls_web_dashboard.py", line 7914, in build_live_payload
    contract_materializer.materialize_run_contract_artifacts(
  File "C:\Anup\6gsimulation\sixgr_foundation_v2 (2)\apps\lls_contract_materializer.py", line 1941, in materialize_run_contract_artifacts
    artifact_id = _store_artifact(
                  ^^^^^^^^^^^^^^^^
  File "C:\Anup\6gsimulation\sixgr_foundation_v2 (2)\apps\lls_contract_materializer.py", line 1678, in _store_artifact
    with db_connection_factory() as conn:
         ^^^^^^^^^^^^^^^^^^^^^^^
  File "C:\Anup\6gsimulation\sixgr_foundation_v2 (2)\apps\lls_web_dashboard.py", line 153, in db_connection
    return pool.get_connection()
           ^^^^^^^^^^^^^^^^^^^^^
  File "C:\Program Files\Python311\Lib\site-packages\mysql\connector\pooling.py", line 656, in get_connection
    raise PoolError("Failed getting connection; pool exhausted") from err
mysql.connector.errors.PoolError: Failed getting connection; pool exhausted

During handling of the above exception, another exception occurred:

Traceback (most recent call last):
  File "C:\Program Files\Python311\Lib\socketserver.py", line 691, in process_request_thread
    self.finish_request(request, client_address)
  File "C:\Program Files\Python311\Lib\socketserver.py", line 361, in finish_request
    self.RequestHandlerClass(request, client_address, self)
  File "C:\Program Files\Python311\Lib\socketserver.py", line 755, in __init__
    self.handle()
  File "C:\Program Files\Python311\Lib\http\server.py", line 436, in handle
    self.handle_one_request()
  File "C:\Program Files\Python311\Lib\http\server.py", line 424, in handle_one_request
    method()
  File "C:\Anup\6gsimulation\sixgr_foundation_v2 (2)\apps\lls_web_dashboard.py", line 12714, in do_GET
    self.send_error(HTTPStatus.INTERNAL_SERVER_ERROR, str(exc))
  File "C:\Program Files\Python311\Lib\http\server.py", line 491, in send_error
    self.wfile.write(body)
  File "C:\Program Files\Python311\Lib\socketserver.py", line 834, in write
    self._sock.sendall(b)
ConnectionAbortedError: [WinError 10053] An established connection was aborted by the software in your host machine
----------------------------------------
----------------------------------------
Exception occurred during processing of request from ('127.0.0.1', 61371)
Traceback (most recent call last):
  File "C:\Program Files\Python311\Lib\site-packages\mysql\connector\pooling.py", line 654, in get_connection
    cnx = self._cnx_queue.get(block=False)
          ^^^^^^^^^^^^^^^^^^^^^^^^^^^^^^^^
  File "C:\Program Files\Python311\Lib\queue.py", line 168, in get
    raise Empty
_queue.Empty

The above exception was the direct cause of the following exception:

Traceback (most recent call last):
  File "C:\Anup\6gsimulation\sixgr_foundation_v2 (2)\apps\lls_web_dashboard.py", line 12692, in do_GET
    self.respond_json(build_live_payload(run_id))
                      ^^^^^^^^^^^^^^^^^^^^^^^^^^
  File "C:\Anup\6gsimulation\sixgr_foundation_v2 (2)\apps\lls_web_dashboard.py", line 7914, in build_live_payload
    contract_materializer.materialize_run_contract_artifacts(
  File "C:\Anup\6gsimulation\sixgr_foundation_v2 (2)\apps\lls_contract_materializer.py", line 1941, in materialize_run_contract_artifacts
    artifact_id = _store_artifact(
                  ^^^^^^^^^^^^^^^^
  File "C:\Anup\6gsimulation\sixgr_foundation_v2 (2)\apps\lls_contract_materializer.py", line 1678, in _store_artifact
    with db_connection_factory() as conn:
         ^^^^^^^^^^^^^^^^^^^^^^^
  File "C:\Anup\6gsimulation\sixgr_foundation_v2 (2)\apps\lls_web_dashboard.py", line 153, in db_connection
    return pool.get_connection()
           ^^^^^^^^^^^^^^^^^^^^^
  File "C:\Program Files\Python311\Lib\site-packages\mysql\connector\pooling.py", line 656, in get_connection
    raise PoolError("Failed getting connection; pool exhausted") from err
mysql.connector.errors.PoolError: Failed getting connection; pool exhausted

During handling of the above exception, another exception occurred:

Traceback (most recent call last):
  File "C:\Program Files\Python311\Lib\socketserver.py", line 691, in process_request_thread
    self.finish_request(request, client_address)
  File "C:\Program Files\Python311\Lib\socketserver.py", line 361, in finish_request
    self.RequestHandlerClass(request, client_address, self)
  File "C:\Program Files\Python311\Lib\socketserver.py", line 755, in __init__
    self.handle()
  File "C:\Program Files\Python311\Lib\http\server.py", line 436, in handle
    self.handle_one_request()
----------------------------------------
  File "C:\Program Files\Python311\Lib\http\server.py", line 424, in handle_one_request
    method()
Exception occurred during processing of request from ('127.0.0.1', 61375)
  File "C:\Anup\6gsimulation\sixgr_foundation_v2 (2)\apps\lls_web_dashboard.py", line 12714, in do_GET
    self.send_error(HTTPStatus.INTERNAL_SERVER_ERROR, str(exc))
  File "C:\Program Files\Python311\Lib\http\server.py", line 491, in send_error
    self.wfile.write(body)
  File "C:\Program Files\Python311\Lib\socketserver.py", line 834, in write
    self._sock.sendall(b)
ConnectionAbortedError: [WinError 10053] An established connection was aborted by the software in your host machine
----------------------------------------
Traceback (most recent call last):
  File "C:\Program Files\Python311\Lib\site-packages\mysql\connector\pooling.py", line 654, in get_connection
    cnx = self._cnx_queue.get(block=False)
          ^^^^^^^^^^^^^^^^^^^^^^^^^^^^^^^^
  File "C:\Program Files\Python311\Lib\queue.py", line 168, in get
    raise Empty
_queue.Empty

The above exception was the direct cause of the following exception:

Traceback (most recent call last):
  File "C:\Anup\6gsimulation\sixgr_foundation_v2 (2)\apps\lls_web_dashboard.py", line 12692, in do_GET
    self.respond_json(build_live_payload(run_id))
                      ^^^^^^^^^^^^^^^^^^^^^^^^^^
  File "C:\Anup\6gsimulation\sixgr_foundation_v2 (2)\apps\lls_web_dashboard.py", line 7914, in build_live_payload
    contract_materializer.materialize_run_contract_artifacts(
  File "C:\Anup\6gsimulation\sixgr_foundation_v2 (2)\apps\lls_contract_materializer.py", line 1941, in materialize_run_contract_artifacts
    artifact_id = _store_artifact(
                  ^^^^^^^^^^^^^^^^
  File "C:\Anup\6gsimulation\sixgr_foundation_v2 (2)\apps\lls_contract_materializer.py", line 1678, in _store_artifact
    with db_connection_factory() as conn:
         ^^^^^^^^^^^^^^^^^^^^^^^
  File "C:\Anup\6gsimulation\sixgr_foundation_v2 (2)\apps\lls_web_dashboard.py", line 153, in db_connection
    return pool.get_connection()
           ^^^^^^^^^^^^^^^^^^^^^
  File "C:\Program Files\Python311\Lib\site-packages\mysql\connector\pooling.py", line 656, in get_connection
    raise PoolError("Failed getting connection; pool exhausted") from err
mysql.connector.errors.PoolError: Failed getting connection; pool exhausted

During handling of the above exception, another exception occurred:

Traceback (most recent call last):
  File "C:\Program Files\Python311\Lib\socketserver.py", line 691, in process_request_thread
    self.finish_request(request, client_address)
  File "C:\Program Files\Python311\Lib\socketserver.py", line 361, in finish_request
    self.RequestHandlerClass(request, client_address, self)
  File "C:\Program Files\Python311\Lib\socketserver.py", line 755, in __init__
    self.handle()
  File "C:\Program Files\Python311\Lib\http\server.py", line 436, in handle
    self.handle_one_request()
  File "C:\Program Files\Python311\Lib\http\server.py", line 424, in handle_one_request
    method()
  File "C:\Anup\6gsimulation\sixgr_foundation_v2 (2)\apps\lls_web_dashboard.py", line 12714, in do_GET
    self.send_error(HTTPStatus.INTERNAL_SERVER_ERROR, str(exc))
  File "C:\Program Files\Python311\Lib\http\server.py", line 491, in send_error
    self.wfile.write(body)
  File "C:\Program Files\Python311\Lib\socketserver.py", line 834, in write
    self._sock.sendall(b)
ConnectionAbortedError: [WinError 10053] An established connection was aborted by the software in your host machine
----------------------------------------
----------------------------------------
Exception occurred during processing of request from ('127.0.0.1', 61393)
Traceback (most recent call last):
  File "C:\Program Files\Python311\Lib\site-packages\mysql\connector\pooling.py", line 654, in get_connection
    cnx = self._cnx_queue.get(block=False)
          ^^^^^^^^^^^^^^^^^^^^^^^^^^^^^^^^
  File "C:\Program Files\Python311\Lib\queue.py", line 168, in get
    raise Empty
_queue.Empty
----------------------------------------

The above exception was the direct cause of the following exception:

Exception occurred during processing of request from ('127.0.0.1', 61392)
Traceback (most recent call last):
  File "C:\Anup\6gsimulation\sixgr_foundation_v2 (2)\apps\lls_web_dashboard.py", line 12692, in do_GET
    self.respond_json(build_live_payload(run_id))
                      ^^^^^^^^^^^^^^^^^^^^^^^^^^
  File "C:\Anup\6gsimulation\sixgr_foundation_v2 (2)\apps\lls_web_dashboard.py", line 7930, in build_live_payload
    runtime_context = extract_runtime_context(run_row, artifacts)
                      ^^^^^^^^^^^^^^^^^^^^^^^^^^^^^^^^^^^^^^^^^^^
  File "C:\Anup\6gsimulation\sixgr_foundation_v2 (2)\apps\lls_web_dashboard.py", line 5829, in extract_runtime_context
    raw_trial_lifecycle = build_raw_trial_lifecycle_context(artifacts)
                          ^^^^^^^^^^^^^^^^^^^^^^^^^^^^^^^^^^^^^^^^^^^^
Traceback (most recent call last):
  File "C:\Anup\6gsimulation\sixgr_foundation_v2 (2)\apps\lls_web_dashboard.py", line 5754, in build_raw_trial_lifecycle_context
    rows = load_small_csv_rows(artifacts, logical_path, max_rows=50000)
           ^^^^^^^^^^^^^^^^^^^^^^^^^^^^^^^^^^^^^^^^^^^^^^^^^^^^^^^^^^^^
  File "C:\Anup\6gsimulation\sixgr_foundation_v2 (2)\apps\lls_web_dashboard.py", line 12560, in do_GET
    self.respond_html(
  File "C:\Anup\6gsimulation\sixgr_foundation_v2 (2)\apps\lls_web_dashboard.py", line 4604, in load_small_csv_rows
    header, rows = load_cached_csv_rows(int(art["artifact_id"]), max_rows)
                   ^^^^^^^^^^^^^^^^^^^^^^^^^^^^^^^^^^^^^^^^^^^^^^^^^^^^^^^
  File "C:\Anup\6gsimulation\sixgr_foundation_v2 (2)\apps\lls_web_dashboard.py", line 12814, in respond_html
    self.wfile.write(payload)
  File "C:\Anup\6gsimulation\sixgr_foundation_v2 (2)\apps\lls_web_dashboard.py", line 3253, in load_cached_csv_rows
    header, rows = load_cached_csv_preview(int(artifact_id), max_rows)
                   ^^^^^^^^^^^^^^^^^^^^^^^^^^^^^^^^^^^^^^^^^^^^^^^^^^^
  File "C:\Program Files\Python311\Lib\socketserver.py", line 834, in write
    self._sock.sendall(b)
  File "C:\Anup\6gsimulation\sixgr_foundation_v2 (2)\apps\lls_web_dashboard.py", line 3248, in load_cached_csv_preview
    return parse_csv_bytes(fetch_artifact_bytes(int(artifact_id)), max_rows=max_rows)
                           ^^^^^^^^^^^^^^^^^^^^^^^^^^^^^^^^^^^^^^
ConnectionAbortedError: [WinError 10053] An established connection was aborted by the software in your host machine
  File "C:\Anup\6gsimulation\sixgr_foundation_v2 (2)\apps\lls_web_dashboard.py", line 2846, in fetch_artifact_bytes
    with db_connection() as conn:
         ^^^^^^^^^^^^^^^

During handling of the above exception, another exception occurred:

  File "C:\Anup\6gsimulation\sixgr_foundation_v2 (2)\apps\lls_web_dashboard.py", line 153, in db_connection
    return pool.get_connection()
           ^^^^^^^^^^^^^^^^^^^^^
Traceback (most recent call last):
  File "C:\Program Files\Python311\Lib\site-packages\mysql\connector\pooling.py", line 656, in get_connection
    raise PoolError("Failed getting connection; pool exhausted") from err
  File "C:\Program Files\Python311\Lib\socketserver.py", line 691, in process_request_thread
    self.finish_request(request, client_address)
mysql.connector.errors.PoolError: Failed getting connection; pool exhausted
  File "C:\Program Files\Python311\Lib\socketserver.py", line 361, in finish_request
    self.RequestHandlerClass(request, client_address, self)
  File "C:\Program Files\Python311\Lib\socketserver.py", line 755, in __init__
    self.handle()

During handling of the above exception, another exception occurred:

  File "C:\Program Files\Python311\Lib\http\server.py", line 436, in handle
    self.handle_one_request()
Traceback (most recent call last):
  File "C:\Program Files\Python311\Lib\http\server.py", line 424, in handle_one_request
    method()
  File "C:\Program Files\Python311\Lib\socketserver.py", line 691, in process_request_thread
    self.finish_request(request, client_address)
  File "C:\Anup\6gsimulation\sixgr_foundation_v2 (2)\apps\lls_web_dashboard.py", line 12714, in do_GET
    self.send_error(HTTPStatus.INTERNAL_SERVER_ERROR, str(exc))
  File "C:\Program Files\Python311\Lib\socketserver.py", line 361, in finish_request
    self.RequestHandlerClass(request, client_address, self)
  File "C:\Program Files\Python311\Lib\http\server.py", line 488, in send_error
    self.end_headers()
  File "C:\Program Files\Python311\Lib\socketserver.py", line 755, in __init__
    self.handle()
  File "C:\Program Files\Python311\Lib\http\server.py", line 538, in end_headers
    self.flush_headers()
  File "C:\Program Files\Python311\Lib\http\server.py", line 436, in handle
    self.handle_one_request()
  File "C:\Program Files\Python311\Lib\http\server.py", line 542, in flush_headers
    self.wfile.write(b"".join(self._headers_buffer))
  File "C:\Program Files\Python311\Lib\http\server.py", line 424, in handle_one_request
    method()
  File "C:\Program Files\Python311\Lib\socketserver.py", line 834, in write
    self._sock.sendall(b)
  File "C:\Anup\6gsimulation\sixgr_foundation_v2 (2)\apps\lls_web_dashboard.py", line 12714, in do_GET
    self.send_error(HTTPStatus.INTERNAL_SERVER_ERROR, str(exc))
ConnectionAbortedError: [WinError 10053] An established connection was aborted by the software in your host machine
  File "C:\Program Files\Python311\Lib\http\server.py", line 491, in send_error
    self.wfile.write(body)
----------------------------------------
  File "C:\Program Files\Python311\Lib\socketserver.py", line 834, in write
    self._sock.sendall(b)
ConnectionAbortedError: [WinError 10053] An established connection was aborted by the software in your host machine
----------------------------------------
----------------------------------------
Exception occurred during processing of request from ('127.0.0.1', 61374)
Traceback (most recent call last):
  File "C:\Program Files\Python311\Lib\site-packages\mysql\connector\pooling.py", line 654, in get_connection
    cnx = self._cnx_queue.get(block=False)
          ^^^^^^^^^^^^^^^^^^^^^^^^^^^^^^^^
  File "C:\Program Files\Python311\Lib\queue.py", line 168, in get
    raise Empty
_queue.Empty

The above exception was the direct cause of the following exception:

Traceback (most recent call last):
  File "C:\Anup\6gsimulation\sixgr_foundation_v2 (2)\apps\lls_web_dashboard.py", line 12692, in do_GET
    self.respond_json(build_live_payload(run_id))
                      ^^^^^^^^^^^^^^^^^^^^^^^^^^
  File "C:\Anup\6gsimulation\sixgr_foundation_v2 (2)\apps\lls_web_dashboard.py", line 7914, in build_live_payload
    contract_materializer.materialize_run_contract_artifacts(
  File "C:\Anup\6gsimulation\sixgr_foundation_v2 (2)\apps\lls_contract_materializer.py", line 1941, in materialize_run_contract_artifacts
    artifact_id = _store_artifact(
                  ^^^^^^^^^^^^^^^^
  File "C:\Anup\6gsimulation\sixgr_foundation_v2 (2)\apps\lls_contract_materializer.py", line 1678, in _store_artifact
    with db_connection_factory() as conn:
         ^^^^^^^^^^^^^^^^^^^^^^^
  File "C:\Anup\6gsimulation\sixgr_foundation_v2 (2)\apps\lls_web_dashboard.py", line 153, in db_connection
    return pool.get_connection()
           ^^^^^^^^^^^^^^^^^^^^^
  File "C:\Program Files\Python311\Lib\site-packages\mysql\connector\pooling.py", line 656, in get_connection
    raise PoolError("Failed getting connection; pool exhausted") from err
mysql.connector.errors.PoolError: Failed getting connection; pool exhausted

During handling of the above exception, another exception occurred:

Traceback (most recent call last):
  File "C:\Program Files\Python311\Lib\socketserver.py", line 691, in process_request_thread
    self.finish_request(request, client_address)
  File "C:\Program Files\Python311\Lib\socketserver.py", line 361, in finish_request
    self.RequestHandlerClass(request, client_address, self)
  File "C:\Program Files\Python311\Lib\socketserver.py", line 755, in __init__
    self.handle()
  File "C:\Program Files\Python311\Lib\http\server.py", line 436, in handle
    self.handle_one_request()
  File "C:\Program Files\Python311\Lib\http\server.py", line 424, in handle_one_request
    method()
  File "C:\Anup\6gsimulation\sixgr_foundation_v2 (2)\apps\lls_web_dashboard.py", line 12714, in do_GET
    self.send_error(HTTPStatus.INTERNAL_SERVER_ERROR, str(exc))
  File "C:\Program Files\Python311\Lib\http\server.py", line 491, in send_error
    self.wfile.write(body)
  File "C:\Program Files\Python311\Lib\socketserver.py", line 834, in write
    self._sock.sendall(b)
ConnectionAbortedError: [WinError 10053] An established connection was aborted by the software in your host machine
----------------------------------------
----------------------------------------
Exception occurred during processing of request from ('127.0.0.1', 61373)
Traceback (most recent call last):
  File "C:\Program Files\Python311\Lib\site-packages\mysql\connector\pooling.py", line 654, in get_connection
    cnx = self._cnx_queue.get(block=False)
          ^^^^^^^^^^^^^^^^^^^^^^^^^^^^^^^^
  File "C:\Program Files\Python311\Lib\queue.py", line 168, in get
    raise Empty
_queue.Empty

The above exception was the direct cause of the following exception:

Traceback (most recent call last):
  File "C:\Anup\6gsimulation\sixgr_foundation_v2 (2)\apps\lls_web_dashboard.py", line 12692, in do_GET
    self.respond_json(build_live_payload(run_id))
                      ^^^^^^^^^^^^^^^^^^^^^^^^^^
  File "C:\Anup\6gsimulation\sixgr_foundation_v2 (2)\apps\lls_web_dashboard.py", line 7914, in build_live_payload
    contract_materializer.materialize_run_contract_artifacts(
  File "C:\Anup\6gsimulation\sixgr_foundation_v2 (2)\apps\lls_contract_materializer.py", line 1941, in materialize_run_contract_artifacts
    artifact_id = _store_artifact(
                  ^^^^^^^^^^^^^^^^
  File "C:\Anup\6gsimulation\sixgr_foundation_v2 (2)\apps\lls_contract_materializer.py", line 1678, in _store_artifact
    with db_connection_factory() as conn:
         ^^^^^^^^^^^^^^^^^^^^^^^
  File "C:\Anup\6gsimulation\sixgr_foundation_v2 (2)\apps\lls_web_dashboard.py", line 153, in db_connection
    return pool.get_connection()
           ^^^^^^^^^^^^^^^^^^^^^
  File "C:\Program Files\Python311\Lib\site-packages\mysql\connector\pooling.py", line 656, in get_connection
    raise PoolError("Failed getting connection; pool exhausted") from err
mysql.connector.errors.PoolError: Failed getting connection; pool exhausted

During handling of the above exception, another exception occurred:

Traceback (most recent call last):
  File "C:\Program Files\Python311\Lib\socketserver.py", line 691, in process_request_thread
    self.finish_request(request, client_address)
  File "C:\Program Files\Python311\Lib\socketserver.py", line 361, in finish_request
    self.RequestHandlerClass(request, client_address, self)
  File "C:\Program Files\Python311\Lib\socketserver.py", line 755, in __init__
    self.handle()
  File "C:\Program Files\Python311\Lib\http\server.py", line 436, in handle
    self.handle_one_request()
  File "C:\Program Files\Python311\Lib\http\server.py", line 424, in handle_one_request
    method()
  File "C:\Anup\6gsimulation\sixgr_foundation_v2 (2)\apps\lls_web_dashboard.py", line 12714, in do_GET
    self.send_error(HTTPStatus.INTERNAL_SERVER_ERROR, str(exc))
  File "C:\Program Files\Python311\Lib\http\server.py", line 488, in send_error
    self.end_headers()
  File "C:\Program Files\Python311\Lib\http\server.py", line 538, in end_headers
    self.flush_headers()
  File "C:\Program Files\Python311\Lib\http\server.py", line 542, in flush_headers
    self.wfile.write(b"".join(self._headers_buffer))
  File "C:\Program Files\Python311\Lib\socketserver.py", line 834, in write
    self._sock.sendall(b)
ConnectionAbortedError: [WinError 10053] An established connection was aborted by the software in your host machine
----------------------------------------
----------------------------------------
Exception occurred during processing of request from ('127.0.0.1', 61697)
Traceback (most recent call last):
  File "C:\Program Files\Python311\Lib\site-packages\mysql\connector\pooling.py", line 654, in get_connection
    cnx = self._cnx_queue.get(block=False)
          ^^^^^^^^^^^^^^^^^^^^^^^^^^^^^^^^
  File "C:\Program Files\Python311\Lib\queue.py", line 168, in get
    raise Empty
_queue.Empty

The above exception was the direct cause of the following exception:

Traceback (most recent call last):
  File "C:\Anup\6gsimulation\sixgr_foundation_v2 (2)\apps\lls_web_dashboard.py", line 12692, in do_GET
    self.respond_json(build_live_payload(run_id))
                      ^^^^^^^^^^^^^^^^^^^^^^^^^^
  File "C:\Anup\6gsimulation\sixgr_foundation_v2 (2)\apps\lls_web_dashboard.py", line 7914, in build_live_payload
    contract_materializer.materialize_run_contract_artifacts(
  File "C:\Anup\6gsimulation\sixgr_foundation_v2 (2)\apps\lls_contract_materializer.py", line 1896, in materialize_run_contract_artifacts
    source_art, source_data, header, rows = _select_source_table_artifact(source_paths, source_lookup, fetch_artifact_bytes)
                                            ^^^^^^^^^^^^^^^^^^^^^^^^^^^^^^^^^^^^^^^^^^^^^^^^^^^^^^^^^^^^^^^^^^^^^^^^^^^^^^^^
  File "C:\Anup\6gsimulation\sixgr_foundation_v2 (2)\apps\lls_contract_materializer.py", line 1027, in _select_source_table_artifact
    source_data = fetch_artifact_bytes(int(art["artifact_id"]))
                  ^^^^^^^^^^^^^^^^^^^^^^^^^^^^^^^^^^^^^^^^^^^^^
  File "C:\Anup\6gsimulation\sixgr_foundation_v2 (2)\apps\lls_web_dashboard.py", line 2846, in fetch_artifact_bytes
    with db_connection() as conn:
         ^^^^^^^^^^^^^^^
  File "C:\Anup\6gsimulation\sixgr_foundation_v2 (2)\apps\lls_web_dashboard.py", line 153, in db_connection
    return pool.get_connection()
           ^^^^^^^^^^^^^^^^^^^^^
  File "C:\Program Files\Python311\Lib\site-packages\mysql\connector\pooling.py", line 656, in get_connection
    raise PoolError("Failed getting connection; pool exhausted") from err
mysql.connector.errors.PoolError: Failed getting connection; pool exhausted

During handling of the above exception, another exception occurred:

Traceback (most recent call last):
  File "C:\Program Files\Python311\Lib\socketserver.py", line 691, in process_request_thread
    self.finish_request(request, client_address)
  File "C:\Program Files\Python311\Lib\socketserver.py", line 361, in finish_request
    self.RequestHandlerClass(request, client_address, self)
  File "C:\Program Files\Python311\Lib\socketserver.py", line 755, in __init__
    self.handle()
  File "C:\Program Files\Python311\Lib\http\server.py", line 436, in handle
    self.handle_one_request()
  File "C:\Program Files\Python311\Lib\http\server.py", line 424, in handle_one_request
    method()
  File "C:\Anup\6gsimulation\sixgr_foundation_v2 (2)\apps\lls_web_dashboard.py", line 12714, in do_GET
    self.send_error(HTTPStatus.INTERNAL_SERVER_ERROR, str(exc))
  File "C:\Program Files\Python311\Lib\http\server.py", line 491, in send_error
    self.wfile.write(body)
  File "C:\Program Files\Python311\Lib\socketserver.py", line 834, in write
    self._sock.sendall(b)
ConnectionAbortedError: [WinError 10053] An established connection was aborted by the software in your host machine
----------------------------------------
----------------------------------------
Exception occurred during processing of request from ('127.0.0.1', 61759)
----------------------------------------
Traceback (most recent call last):
Exception occurred during processing of request from ('127.0.0.1', 61772)
  File "C:\Program Files\Python311\Lib\site-packages\mysql\connector\pooling.py", line 654, in get_connection
    cnx = self._cnx_queue.get(block=False)
          ^^^^^^^^^^^^^^^^^^^^^^^^^^^^^^^^
----------------------------------------
Exception occurred during processing of request from ('127.0.0.1', 61694)
----------------------------------------
----------------------------------------
Exception occurred during processing of request from ('127.0.0.1', 61775)
  File "C:\Program Files\Python311\Lib\queue.py", line 168, in get
    raise Empty
Traceback (most recent call last):
_queue.Empty
  File "C:\Program Files\Python311\Lib\site-packages\mysql\connector\pooling.py", line 654, in get_connection
    cnx = self._cnx_queue.get(block=False)
          ^^^^^^^^^^^^^^^^^^^^^^^^^^^^^^^^
Traceback (most recent call last):

The above exception was the direct cause of the following exception:

  File "C:\Program Files\Python311\Lib\queue.py", line 168, in get
    raise Empty
_queue.Empty
  File "C:\Program Files\Python311\Lib\site-packages\mysql\connector\pooling.py", line 654, in get_connection
    cnx = self._cnx_queue.get(block=False)
          ^^^^^^^^^^^^^^^^^^^^^^^^^^^^^^^^
Exception occurred during processing of request from ('127.0.0.1', 61693)
Traceback (most recent call last):
Traceback (most recent call last):
  File "C:\Anup\6gsimulation\sixgr_foundation_v2 (2)\apps\lls_web_dashboard.py", line 12692, in do_GET
    self.respond_json(build_live_payload(run_id))
                      ^^^^^^^^^^^^^^^^^^^^^^^^^^
  File "C:\Program Files\Python311\Lib\site-packages\mysql\connector\pooling.py", line 654, in get_connection
    cnx = self._cnx_queue.get(block=False)
          ^^^^^^^^^^^^^^^^^^^^^^^^^^^^^^^^
  File "C:\Program Files\Python311\Lib\queue.py", line 168, in get
    raise Empty
  File "C:\Program Files\Python311\Lib\queue.py", line 168, in get
    raise Empty

The above exception was the direct cause of the following exception:

  File "C:\Anup\6gsimulation\sixgr_foundation_v2 (2)\apps\lls_web_dashboard.py", line 7896, in build_live_payload
    artifacts = fetch_artifacts(run_id)
                ^^^^^^^^^^^^^^^^^^^^^^^
Traceback (most recent call last):
Traceback (most recent call last):
  File "C:\Anup\6gsimulation\sixgr_foundation_v2 (2)\apps\lls_web_dashboard.py", line 2821, in fetch_artifacts
    with db_connection() as conn:
         ^^^^^^^^^^^^^^^
  File "C:\Program Files\Python311\Lib\site-packages\mysql\connector\pooling.py", line 654, in get_connection
    cnx = self._cnx_queue.get(block=False)
          ^^^^^^^^^^^^^^^^^^^^^^^^^^^^^^^^
  File "C:\Program Files\Python311\Lib\queue.py", line 168, in get
    raise Empty
  File "C:\Anup\6gsimulation\sixgr_foundation_v2 (2)\apps\lls_web_dashboard.py", line 153, in db_connection
    return pool.get_connection()
           ^^^^^^^^^^^^^^^^^^^^^
_queue.Empty
_queue.Empty
  File "C:\Program Files\Python311\Lib\site-packages\mysql\connector\pooling.py", line 656, in get_connection
    raise PoolError("Failed getting connection; pool exhausted") from err
mysql.connector.errors.PoolError: Failed getting connection; pool exhausted

The above exception was the direct cause of the following exception:

Traceback (most recent call last):

During handling of the above exception, another exception occurred:


The above exception was the direct cause of the following exception:

  File "C:\Anup\6gsimulation\sixgr_foundation_v2 (2)\apps\lls_web_dashboard.py", line 12692, in do_GET
    self.respond_json(build_live_payload(run_id))
                      ^^^^^^^^^^^^^^^^^^^^^^^^^^
_queue.Empty
Traceback (most recent call last):
  File "C:\Anup\6gsimulation\sixgr_foundation_v2 (2)\apps\lls_web_dashboard.py", line 7914, in build_live_payload
    contract_materializer.materialize_run_contract_artifacts(

The above exception was the direct cause of the following exception:

  File "C:\Anup\6gsimulation\sixgr_foundation_v2 (2)\apps\lls_web_dashboard.py", line 12692, in do_GET
    self.respond_json(build_live_payload(run_id))
                      ^^^^^^^^^^^^^^^^^^^^^^^^^^
  File "C:\Anup\6gsimulation\sixgr_foundation_v2 (2)\apps\lls_contract_materializer.py", line 1941, in materialize_run_contract_artifacts
    artifact_id = _store_artifact(
                  ^^^^^^^^^^^^^^^^
Traceback (most recent call last):
  File "C:\Anup\6gsimulation\sixgr_foundation_v2 (2)\apps\lls_web_dashboard.py", line 7890, in build_live_payload
    run_row = fetch_run(run_id)
              ^^^^^^^^^^^^^^^^^
  File "C:\Anup\6gsimulation\sixgr_foundation_v2 (2)\apps\lls_contract_materializer.py", line 1678, in _store_artifact
    with db_connection_factory() as conn:
         ^^^^^^^^^^^^^^^^^^^^^^^
  File "C:\Anup\6gsimulation\sixgr_foundation_v2 (2)\apps\lls_web_dashboard.py", line 12692, in do_GET
    self.respond_json(build_live_payload(run_id))
                      ^^^^^^^^^^^^^^^^^^^^^^^^^^
  File "C:\Anup\6gsimulation\sixgr_foundation_v2 (2)\apps\lls_web_dashboard.py", line 2758, in fetch_run
    with db_connection() as conn:
         ^^^^^^^^^^^^^^^
  File "C:\Anup\6gsimulation\sixgr_foundation_v2 (2)\apps\lls_web_dashboard.py", line 153, in db_connection
    return pool.get_connection()
           ^^^^^^^^^^^^^^^^^^^^^
  File "C:\Anup\6gsimulation\sixgr_foundation_v2 (2)\apps\lls_web_dashboard.py", line 7914, in build_live_payload
    contract_materializer.materialize_run_contract_artifacts(
  File "C:\Anup\6gsimulation\sixgr_foundation_v2 (2)\apps\lls_web_dashboard.py", line 153, in db_connection
    return pool.get_connection()
           ^^^^^^^^^^^^^^^^^^^^^
  File "C:\Program Files\Python311\Lib\site-packages\mysql\connector\pooling.py", line 656, in get_connection
    raise PoolError("Failed getting connection; pool exhausted") from err
  File "C:\Anup\6gsimulation\sixgr_foundation_v2 (2)\apps\lls_contract_materializer.py", line 1941, in materialize_run_contract_artifacts
    artifact_id = _store_artifact(
                  ^^^^^^^^^^^^^^^^
  File "C:\Program Files\Python311\Lib\site-packages\mysql\connector\pooling.py", line 656, in get_connection
    raise PoolError("Failed getting connection; pool exhausted") from err
mysql.connector.errors.PoolError: Failed getting connection; pool exhausted
  File "C:\Anup\6gsimulation\sixgr_foundation_v2 (2)\apps\lls_contract_materializer.py", line 1678, in _store_artifact
    with db_connection_factory() as conn:
         ^^^^^^^^^^^^^^^^^^^^^^^
mysql.connector.errors.PoolError: Failed getting connection; pool exhausted

During handling of the above exception, another exception occurred:

  File "C:\Anup\6gsimulation\sixgr_foundation_v2 (2)\apps\lls_web_dashboard.py", line 153, in db_connection
    return pool.get_connection()
           ^^^^^^^^^^^^^^^^^^^^^

During handling of the above exception, another exception occurred:

Traceback (most recent call last):
  File "C:\Program Files\Python311\Lib\site-packages\mysql\connector\pooling.py", line 656, in get_connection
    raise PoolError("Failed getting connection; pool exhausted") from err
Traceback (most recent call last):
  File "C:\Program Files\Python311\Lib\socketserver.py", line 691, in process_request_thread
    self.finish_request(request, client_address)
mysql.connector.errors.PoolError: Failed getting connection; pool exhausted
  File "C:\Program Files\Python311\Lib\socketserver.py", line 691, in process_request_thread
    self.finish_request(request, client_address)
  File "C:\Program Files\Python311\Lib\socketserver.py", line 361, in finish_request
    self.RequestHandlerClass(request, client_address, self)

During handling of the above exception, another exception occurred:

  File "C:\Program Files\Python311\Lib\socketserver.py", line 361, in finish_request
    self.RequestHandlerClass(request, client_address, self)
  File "C:\Program Files\Python311\Lib\socketserver.py", line 755, in __init__
    self.handle()
Traceback (most recent call last):
  File "C:\Program Files\Python311\Lib\socketserver.py", line 755, in __init__
    self.handle()
  File "C:\Program Files\Python311\Lib\http\server.py", line 436, in handle
    self.handle_one_request()
  File "C:\Program Files\Python311\Lib\socketserver.py", line 691, in process_request_thread
    self.finish_request(request, client_address)
  File "C:\Anup\6gsimulation\sixgr_foundation_v2 (2)\apps\lls_web_dashboard.py", line 12692, in do_GET
    self.respond_json(build_live_payload(run_id))
                      ^^^^^^^^^^^^^^^^^^^^^^^^^^
  File "C:\Program Files\Python311\Lib\http\server.py", line 424, in handle_one_request
    method()
  File "C:\Program Files\Python311\Lib\socketserver.py", line 361, in finish_request
    self.RequestHandlerClass(request, client_address, self)
  File "C:\Anup\6gsimulation\sixgr_foundation_v2 (2)\apps\lls_web_dashboard.py", line 7896, in build_live_payload
    artifacts = fetch_artifacts(run_id)
                ^^^^^^^^^^^^^^^^^^^^^^^
  File "C:\Anup\6gsimulation\sixgr_foundation_v2 (2)\apps\lls_web_dashboard.py", line 12714, in do_GET
    self.send_error(HTTPStatus.INTERNAL_SERVER_ERROR, str(exc))
  File "C:\Program Files\Python311\Lib\socketserver.py", line 755, in __init__
    self.handle()
  File "C:\Anup\6gsimulation\sixgr_foundation_v2 (2)\apps\lls_web_dashboard.py", line 2821, in fetch_artifacts
    with db_connection() as conn:
         ^^^^^^^^^^^^^^^
  File "C:\Program Files\Python311\Lib\http\server.py", line 491, in send_error
    self.wfile.write(body)
  File "C:\Program Files\Python311\Lib\http\server.py", line 436, in handle
    self.handle_one_request()
  File "C:\Anup\6gsimulation\sixgr_foundation_v2 (2)\apps\lls_web_dashboard.py", line 153, in db_connection
    return pool.get_connection()
           ^^^^^^^^^^^^^^^^^^^^^
  File "C:\Program Files\Python311\Lib\site-packages\mysql\connector\pooling.py", line 656, in get_connection
    raise PoolError("Failed getting connection; pool exhausted") from err
  File "C:\Program Files\Python311\Lib\socketserver.py", line 834, in write
    self._sock.sendall(b)
  File "C:\Program Files\Python311\Lib\http\server.py", line 436, in handle
    self.handle_one_request()
  File "C:\Program Files\Python311\Lib\http\server.py", line 424, in handle_one_request
    method()
Traceback (most recent call last):
mysql.connector.errors.PoolError: Failed getting connection; pool exhausted
ConnectionAbortedError: [WinError 10053] An established connection was aborted by the software in your host machine
  File "C:\Program Files\Python311\Lib\socketserver.py", line 691, in process_request_thread
    self.finish_request(request, client_address)

During handling of the above exception, another exception occurred:

----------------------------------------
  File "C:\Program Files\Python311\Lib\socketserver.py", line 361, in finish_request
    self.RequestHandlerClass(request, client_address, self)
Traceback (most recent call last):
  File "C:\Program Files\Python311\Lib\http\server.py", line 424, in handle_one_request
    method()
  File "C:\Program Files\Python311\Lib\socketserver.py", line 691, in process_request_thread
    self.finish_request(request, client_address)
  File "C:\Anup\6gsimulation\sixgr_foundation_v2 (2)\apps\lls_web_dashboard.py", line 12714, in do_GET
    self.send_error(HTTPStatus.INTERNAL_SERVER_ERROR, str(exc))
  File "C:\Program Files\Python311\Lib\socketserver.py", line 755, in __init__
    self.handle()
  File "C:\Anup\6gsimulation\sixgr_foundation_v2 (2)\apps\lls_web_dashboard.py", line 12714, in do_GET
    self.send_error(HTTPStatus.INTERNAL_SERVER_ERROR, str(exc))
  File "C:\Program Files\Python311\Lib\socketserver.py", line 361, in finish_request
    self.RequestHandlerClass(request, client_address, self)
  File "C:\Program Files\Python311\Lib\http\server.py", line 491, in send_error
    self.wfile.write(body)
  File "C:\Program Files\Python311\Lib\http\server.py", line 436, in handle
    self.handle_one_request()
  File "C:\Program Files\Python311\Lib\http\server.py", line 491, in send_error
    self.wfile.write(body)
  File "C:\Program Files\Python311\Lib\socketserver.py", line 755, in __init__
    self.handle()
  File "C:\Program Files\Python311\Lib\socketserver.py", line 834, in write
    self._sock.sendall(b)
  File "C:\Program Files\Python311\Lib\http\server.py", line 424, in handle_one_request
    method()
  File "C:\Program Files\Python311\Lib\socketserver.py", line 834, in write
    self._sock.sendall(b)
  File "C:\Program Files\Python311\Lib\http\server.py", line 436, in handle
    self.handle_one_request()
ConnectionAbortedError: [WinError 10053] An established connection was aborted by the software in your host machine
  File "C:\Anup\6gsimulation\sixgr_foundation_v2 (2)\apps\lls_web_dashboard.py", line 12714, in do_GET
    self.send_error(HTTPStatus.INTERNAL_SERVER_ERROR, str(exc))
ConnectionAbortedError: [WinError 10053] An established connection was aborted by the software in your host machine
  File "C:\Program Files\Python311\Lib\http\server.py", line 424, in handle_one_request
    method()
----------------------------------------
  File "C:\Program Files\Python311\Lib\http\server.py", line 491, in send_error
    self.wfile.write(body)
----------------------------------------
  File "C:\Program Files\Python311\Lib\socketserver.py", line 834, in write
    self._sock.sendall(b)
  File "C:\Anup\6gsimulation\sixgr_foundation_v2 (2)\apps\lls_web_dashboard.py", line 12714, in do_GET
    self.send_error(HTTPStatus.INTERNAL_SERVER_ERROR, str(exc))
ConnectionAbortedError: [WinError 10053] An established connection was aborted by the software in your host machine
  File "C:\Program Files\Python311\Lib\http\server.py", line 491, in send_error
    self.wfile.write(body)
----------------------------------------
  File "C:\Program Files\Python311\Lib\socketserver.py", line 834, in write
    self._sock.sendall(b)
ConnectionAbortedError: [WinError 10053] An established connection was aborted by the software in your host machine
----------------------------------------
----------------------------------------
Exception occurred during processing of request from ('127.0.0.1', 61695)
Traceback (most recent call last):
  File "C:\Program Files\Python311\Lib\site-packages\mysql\connector\pooling.py", line 654, in get_connection
    cnx = self._cnx_queue.get(block=False)
          ^^^^^^^^^^^^^^^^^^^^^^^^^^^^^^^^
  File "C:\Program Files\Python311\Lib\queue.py", line 168, in get
    raise Empty
_queue.Empty

The above exception was the direct cause of the following exception:

Traceback (most recent call last):
  File "C:\Anup\6gsimulation\sixgr_foundation_v2 (2)\apps\lls_web_dashboard.py", line 12692, in do_GET
    self.respond_json(build_live_payload(run_id))
                      ^^^^^^^^^^^^^^^^^^^^^^^^^^
  File "C:\Anup\6gsimulation\sixgr_foundation_v2 (2)\apps\lls_web_dashboard.py", line 7914, in build_live_payload
    contract_materializer.materialize_run_contract_artifacts(
  File "C:\Anup\6gsimulation\sixgr_foundation_v2 (2)\apps\lls_contract_materializer.py", line 1941, in materialize_run_contract_artifacts
    artifact_id = _store_artifact(
                  ^^^^^^^^^^^^^^^^
  File "C:\Anup\6gsimulation\sixgr_foundation_v2 (2)\apps\lls_contract_materializer.py", line 1678, in _store_artifact
    with db_connection_factory() as conn:
         ^^^^^^^^^^^^^^^^^^^^^^^
  File "C:\Anup\6gsimulation\sixgr_foundation_v2 (2)\apps\lls_web_dashboard.py", line 153, in db_connection
    return pool.get_connection()
           ^^^^^^^^^^^^^^^^^^^^^
  File "C:\Program Files\Python311\Lib\site-packages\mysql\connector\pooling.py", line 656, in get_connection
    raise PoolError("Failed getting connection; pool exhausted") from err
mysql.connector.errors.PoolError: Failed getting connection; pool exhausted

During handling of the above exception, another exception occurred:

Traceback (most recent call last):
  File "C:\Program Files\Python311\Lib\socketserver.py", line 691, in process_request_thread
    self.finish_request(request, client_address)
  File "C:\Program Files\Python311\Lib\socketserver.py", line 361, in finish_request
    self.RequestHandlerClass(request, client_address, self)
  File "C:\Program Files\Python311\Lib\socketserver.py", line 755, in __init__
    self.handle()
  File "C:\Program Files\Python311\Lib\http\server.py", line 436, in handle
    self.handle_one_request()
  File "C:\Program Files\Python311\Lib\http\server.py", line 424, in handle_one_request
    method()
  File "C:\Anup\6gsimulation\sixgr_foundation_v2 (2)\apps\lls_web_dashboard.py", line 12714, in do_GET
    self.send_error(HTTPStatus.INTERNAL_SERVER_ERROR, str(exc))
  File "C:\Program Files\Python311\Lib\http\server.py", line 491, in send_error
    self.wfile.write(body)
  File "C:\Program Files\Python311\Lib\socketserver.py", line 834, in write
    self._sock.sendall(b)
ConnectionAbortedError: [WinError 10053] An established connection was aborted by the software in your host machine
----------------------------------------
----------------------------------------
Exception occurred during processing of request from ('127.0.0.1', 61692)
Traceback (most recent call last):
  File "C:\Program Files\Python311\Lib\site-packages\mysql\connector\pooling.py", line 654, in get_connection
    cnx = self._cnx_queue.get(block=False)
          ^^^^^^^^^^^^^^^^^^^^^^^^^^^^^^^^
  File "C:\Program Files\Python311\Lib\queue.py", line 168, in get
    raise Empty
_queue.Empty

The above exception was the direct cause of the following exception:

Traceback (most recent call last):
  File "C:\Anup\6gsimulation\sixgr_foundation_v2 (2)\apps\lls_web_dashboard.py", line 12692, in do_GET
    self.respond_json(build_live_payload(run_id))
                      ^^^^^^^^^^^^^^^^^^^^^^^^^^
  File "C:\Anup\6gsimulation\sixgr_foundation_v2 (2)\apps\lls_web_dashboard.py", line 7914, in build_live_payload
    contract_materializer.materialize_run_contract_artifacts(
  File "C:\Anup\6gsimulation\sixgr_foundation_v2 (2)\apps\lls_contract_materializer.py", line 1941, in materialize_run_contract_artifacts
    artifact_id = _store_artifact(
                  ^^^^^^^^^^^^^^^^
  File "C:\Anup\6gsimulation\sixgr_foundation_v2 (2)\apps\lls_contract_materializer.py", line 1678, in _store_artifact
    with db_connection_factory() as conn:
         ^^^^^^^^^^^^^^^^^^^^^^^
  File "C:\Anup\6gsimulation\sixgr_foundation_v2 (2)\apps\lls_web_dashboard.py", line 153, in db_connection
    return pool.get_connection()
           ^^^^^^^^^^^^^^^^^^^^^
  File "C:\Program Files\Python311\Lib\site-packages\mysql\connector\pooling.py", line 656, in get_connection
    raise PoolError("Failed getting connection; pool exhausted") from err
mysql.connector.errors.PoolError: Failed getting connection; pool exhausted

During handling of the above exception, another exception occurred:

Traceback (most recent call last):
  File "C:\Program Files\Python311\Lib\socketserver.py", line 691, in process_request_thread
    self.finish_request(request, client_address)
  File "C:\Program Files\Python311\Lib\socketserver.py", line 361, in finish_request
    self.RequestHandlerClass(request, client_address, self)
  File "C:\Program Files\Python311\Lib\socketserver.py", line 755, in __init__
    self.handle()
  File "C:\Program Files\Python311\Lib\http\server.py", line 436, in handle
    self.handle_one_request()
  File "C:\Program Files\Python311\Lib\http\server.py", line 424, in handle_one_request
    method()
  File "C:\Anup\6gsimulation\sixgr_foundation_v2 (2)\apps\lls_web_dashboard.py", line 12714, in do_GET
    self.send_error(HTTPStatus.INTERNAL_SERVER_ERROR, str(exc))
  File "C:\Program Files\Python311\Lib\http\server.py", line 491, in send_error
    self.wfile.write(body)
  File "C:\Program Files\Python311\Lib\socketserver.py", line 834, in write
    self._sock.sendall(b)
ConnectionAbortedError: [WinError 10053] An established connection was aborted by the software in your host machine
----------------------------------------
----------------------------------------
Exception occurred during processing of request from ('127.0.0.1', 61756)
Traceback (most recent call last):
  File "C:\Program Files\Python311\Lib\site-packages\mysql\connector\pooling.py", line 654, in get_connection
    cnx = self._cnx_queue.get(block=False)
          ^^^^^^^^^^^^^^^^^^^^^^^^^^^^^^^^
  File "C:\Program Files\Python311\Lib\queue.py", line 168, in get
    raise Empty
_queue.Empty

The above exception was the direct cause of the following exception:

Traceback (most recent call last):
  File "C:\Anup\6gsimulation\sixgr_foundation_v2 (2)\apps\lls_web_dashboard.py", line 12692, in do_GET
    self.respond_json(build_live_payload(run_id))
                      ^^^^^^^^^^^^^^^^^^^^^^^^^^
  File "C:\Anup\6gsimulation\sixgr_foundation_v2 (2)\apps\lls_web_dashboard.py", line 7914, in build_live_payload
    contract_materializer.materialize_run_contract_artifacts(
  File "C:\Anup\6gsimulation\sixgr_foundation_v2 (2)\apps\lls_contract_materializer.py", line 1841, in materialize_run_contract_artifacts
    contract_owned_paths = _contract_owned_paths(artifacts, db_connection_factory)
                           ^^^^^^^^^^^^^^^^^^^^^^^^^^^^^^^^^^^^^^^^^^^^^^^^^^^^^^^
  File "C:\Anup\6gsimulation\sixgr_foundation_v2 (2)\apps\lls_contract_materializer.py", line 857, in _contract_owned_paths
    if _artifact_is_contract_owned(artifact, db_connection_factory):
       ^^^^^^^^^^^^^^^^^^^^^^^^^^^^^^^^^^^^^^^^^^^^^^^^^^^^^^^^^^^^
  File "C:\Anup\6gsimulation\sixgr_foundation_v2 (2)\apps\lls_contract_materializer.py", line 840, in _artifact_is_contract_owned
    payload = _artifact_metadata_json(artifact, db_connection_factory)
              ^^^^^^^^^^^^^^^^^^^^^^^^^^^^^^^^^^^^^^^^^^^^^^^^^^^^^^^^
  File "C:\Anup\6gsimulation\sixgr_foundation_v2 (2)\apps\lls_contract_materializer.py", line 1739, in _artifact_metadata_json
    with db_connection_factory() as conn:
         ^^^^^^^^^^^^^^^^^^^^^^^
  File "C:\Anup\6gsimulation\sixgr_foundation_v2 (2)\apps\lls_web_dashboard.py", line 153, in db_connection
    return pool.get_connection()
           ^^^^^^^^^^^^^^^^^^^^^
  File "C:\Program Files\Python311\Lib\site-packages\mysql\connector\pooling.py", line 656, in get_connection
    raise PoolError("Failed getting connection; pool exhausted") from err
mysql.connector.errors.PoolError: Failed getting connection; pool exhausted

During handling of the above exception, another exception occurred:

Traceback (most recent call last):
  File "C:\Program Files\Python311\Lib\socketserver.py", line 691, in process_request_thread
    self.finish_request(request, client_address)
  File "C:\Program Files\Python311\Lib\socketserver.py", line 361, in finish_request
    self.RequestHandlerClass(request, client_address, self)
  File "C:\Program Files\Python311\Lib\socketserver.py", line 755, in __init__
    self.handle()
  File "C:\Program Files\Python311\Lib\http\server.py", line 436, in handle
    self.handle_one_request()
  File "C:\Program Files\Python311\Lib\http\server.py", line 424, in handle_one_request
    method()
  File "C:\Anup\6gsimulation\sixgr_foundation_v2 (2)\apps\lls_web_dashboard.py", line 12714, in do_GET
    self.send_error(HTTPStatus.INTERNAL_SERVER_ERROR, str(exc))
  File "C:\Program Files\Python311\Lib\http\server.py", line 491, in send_error
    self.wfile.write(body)
  File "C:\Program Files\Python311\Lib\socketserver.py", line 834, in write
    self._sock.sendall(b)
ConnectionAbortedError: [WinError 10053] An established connection was aborted by the software in your host machine
----------------------------------------
----------------------------------------
Exception occurred during processing of request from ('127.0.0.1', 61773)
Traceback (most recent call last):
  File "C:\Program Files\Python311\Lib\site-packages\mysql\connector\pooling.py", line 654, in get_connection
    cnx = self._cnx_queue.get(block=False)
          ^^^^^^^^^^^^^^^^^^^^^^^^^^^^^^^^
  File "C:\Program Files\Python311\Lib\queue.py", line 168, in get
    raise Empty
_queue.Empty

The above exception was the direct cause of the following exception:

Traceback (most recent call last):
  File "C:\Anup\6gsimulation\sixgr_foundation_v2 (2)\apps\lls_web_dashboard.py", line 12692, in do_GET
    self.respond_json(build_live_payload(run_id))
                      ^^^^^^^^^^^^^^^^^^^^^^^^^^
  File "C:\Anup\6gsimulation\sixgr_foundation_v2 (2)\apps\lls_web_dashboard.py", line 7914, in build_live_payload
    contract_materializer.materialize_run_contract_artifacts(
  File "C:\Anup\6gsimulation\sixgr_foundation_v2 (2)\apps\lls_contract_materializer.py", line 1850, in materialize_run_contract_artifacts
    current_source_watermark = _source_artifact_high_watermark(artifacts, db_connection_factory)
                               ^^^^^^^^^^^^^^^^^^^^^^^^^^^^^^^^^^^^^^^^^^^^^^^^^^^^^^^^^^^^^^^^^
  File "C:\Anup\6gsimulation\sixgr_foundation_v2 (2)\apps\lls_contract_materializer.py", line 868, in _source_artifact_high_watermark
    contract_paths = _contract_owned_paths(artifacts, db_connection_factory)
                     ^^^^^^^^^^^^^^^^^^^^^^^^^^^^^^^^^^^^^^^^^^^^^^^^^^^^^^^
  File "C:\Anup\6gsimulation\sixgr_foundation_v2 (2)\apps\lls_contract_materializer.py", line 857, in _contract_owned_paths
    if _artifact_is_contract_owned(artifact, db_connection_factory):
       ^^^^^^^^^^^^^^^^^^^^^^^^^^^^^^^^^^^^^^^^^^^^^^^^^^^^^^^^^^^^
  File "C:\Anup\6gsimulation\sixgr_foundation_v2 (2)\apps\lls_contract_materializer.py", line 840, in _artifact_is_contract_owned
    payload = _artifact_metadata_json(artifact, db_connection_factory)
              ^^^^^^^^^^^^^^^^^^^^^^^^^^^^^^^^^^^^^^^^^^^^^^^^^^^^^^^^
  File "C:\Anup\6gsimulation\sixgr_foundation_v2 (2)\apps\lls_contract_materializer.py", line 1739, in _artifact_metadata_json
    with db_connection_factory() as conn:
         ^^^^^^^^^^^^^^^^^^^^^^^
  File "C:\Anup\6gsimulation\sixgr_foundation_v2 (2)\apps\lls_web_dashboard.py", line 153, in db_connection
    return pool.get_connection()
           ^^^^^^^^^^^^^^^^^^^^^
  File "C:\Program Files\Python311\Lib\site-packages\mysql\connector\pooling.py", line 656, in get_connection
    raise PoolError("Failed getting connection; pool exhausted") from err
mysql.connector.errors.PoolError: Failed getting connection; pool exhausted

During handling of the above exception, another exception occurred:

Traceback (most recent call last):
  File "C:\Program Files\Python311\Lib\socketserver.py", line 691, in process_request_thread
    self.finish_request(request, client_address)
  File "C:\Program Files\Python311\Lib\socketserver.py", line 361, in finish_request
    self.RequestHandlerClass(request, client_address, self)
  File "C:\Program Files\Python311\Lib\socketserver.py", line 755, in __init__
    self.handle()
  File "C:\Program Files\Python311\Lib\http\server.py", line 436, in handle
    self.handle_one_request()
  File "C:\Program Files\Python311\Lib\http\server.py", line 424, in handle_one_request
    method()
  File "C:\Anup\6gsimulation\sixgr_foundation_v2 (2)\apps\lls_web_dashboard.py", line 12714, in do_GET
    self.send_error(HTTPStatus.INTERNAL_SERVER_ERROR, str(exc))
  File "C:\Program Files\Python311\Lib\http\server.py", line 491, in send_error
    self.wfile.write(body)
  File "C:\Program Files\Python311\Lib\socketserver.py", line 834, in write
    self._sock.sendall(b)
ConnectionAbortedError: [WinError 10053] An established connection was aborted by the software in your host machine
----------------------------------------
----------------------------------------
Exception occurred during processing of request from ('10.51.142.91', 52631)
Traceback (most recent call last):
  File "C:\Program Files\Python311\Lib\site-packages\mysql\connector\pooling.py", line 654, in get_connection
    cnx = self._cnx_queue.get(block=False)
          ^^^^^^^^^^^^^^^^^^^^^^^^^^^^^^^^
  File "C:\Program Files\Python311\Lib\queue.py", line 168, in get
    raise Empty
_queue.Empty

The above exception was the direct cause of the following exception:

Traceback (most recent call last):
  File "C:\Anup\6gsimulation\sixgr_foundation_v2 (2)\apps\lls_web_dashboard.py", line 12692, in do_GET
    self.respond_json(build_live_payload(run_id))
                      ^^^^^^^^^^^^^^^^^^^^^^^^^^
  File "C:\Anup\6gsimulation\sixgr_foundation_v2 (2)\apps\lls_web_dashboard.py", line 7914, in build_live_payload
    contract_materializer.materialize_run_contract_artifacts(
  File "C:\Anup\6gsimulation\sixgr_foundation_v2 (2)\apps\lls_contract_materializer.py", line 1850, in materialize_run_contract_artifacts
    current_source_watermark = _source_artifact_high_watermark(artifacts, db_connection_factory)
                               ^^^^^^^^^^^^^^^^^^^^^^^^^^^^^^^^^^^^^^^^^^^^^^^^^^^^^^^^^^^^^^^^^
  File "C:\Anup\6gsimulation\sixgr_foundation_v2 (2)\apps\lls_contract_materializer.py", line 868, in _source_artifact_high_watermark
    contract_paths = _contract_owned_paths(artifacts, db_connection_factory)
                     ^^^^^^^^^^^^^^^^^^^^^^^^^^^^^^^^^^^^^^^^^^^^^^^^^^^^^^^
  File "C:\Anup\6gsimulation\sixgr_foundation_v2 (2)\apps\lls_contract_materializer.py", line 857, in _contract_owned_paths
    if _artifact_is_contract_owned(artifact, db_connection_factory):
       ^^^^^^^^^^^^^^^^^^^^^^^^^^^^^^^^^^^^^^^^^^^^^^^^^^^^^^^^^^^^
  File "C:\Anup\6gsimulation\sixgr_foundation_v2 (2)\apps\lls_contract_materializer.py", line 840, in _artifact_is_contract_owned
    payload = _artifact_metadata_json(artifact, db_connection_factory)
              ^^^^^^^^^^^^^^^^^^^^^^^^^^^^^^^^^^^^^^^^^^^^^^^^^^^^^^^^
  File "C:\Anup\6gsimulation\sixgr_foundation_v2 (2)\apps\lls_contract_materializer.py", line 1739, in _artifact_metadata_json
    with db_connection_factory() as conn:
         ^^^^^^^^^^^^^^^^^^^^^^^
  File "C:\Anup\6gsimulation\sixgr_foundation_v2 (2)\apps\lls_web_dashboard.py", line 153, in db_connection
    return pool.get_connection()
           ^^^^^^^^^^^^^^^^^^^^^
  File "C:\Program Files\Python311\Lib\site-packages\mysql\connector\pooling.py", line 656, in get_connection
    raise PoolError("Failed getting connection; pool exhausted") from err
mysql.connector.errors.PoolError: Failed getting connection; pool exhausted

During handling of the above exception, another exception occurred:

----------------------------------------
Traceback (most recent call last):
Exception occurred during processing of request from ('10.51.142.91', 57846)
  File "C:\Program Files\Python311\Lib\socketserver.py", line 691, in process_request_thread
    self.finish_request(request, client_address)
  File "C:\Program Files\Python311\Lib\socketserver.py", line 361, in finish_request
    self.RequestHandlerClass(request, client_address, self)
  File "C:\Program Files\Python311\Lib\socketserver.py", line 755, in __init__
    self.handle()
  File "C:\Program Files\Python311\Lib\http\server.py", line 436, in handle
    self.handle_one_request()
  File "C:\Program Files\Python311\Lib\http\server.py", line 424, in handle_one_request
    method()
  File "C:\Anup\6gsimulation\sixgr_foundation_v2 (2)\apps\lls_web_dashboard.py", line 12714, in do_GET
    self.send_error(HTTPStatus.INTERNAL_SERVER_ERROR, str(exc))
  File "C:\Program Files\Python311\Lib\http\server.py", line 491, in send_error
    self.wfile.write(body)
  File "C:\Program Files\Python311\Lib\socketserver.py", line 834, in write
    self._sock.sendall(b)
ConnectionAbortedError: [WinError 10053] An established connection was aborted by the software in your host machine
Traceback (most recent call last):
----------------------------------------
  File "C:\Program Files\Python311\Lib\site-packages\mysql\connector\pooling.py", line 654, in get_connection
    cnx = self._cnx_queue.get(block=False)
          ^^^^^^^^^^^^^^^^^^^^^^^^^^^^^^^^
  File "C:\Program Files\Python311\Lib\queue.py", line 168, in get
    raise Empty
_queue.Empty

The above exception was the direct cause of the following exception:

Traceback (most recent call last):
  File "C:\Anup\6gsimulation\sixgr_foundation_v2 (2)\apps\lls_web_dashboard.py", line 12692, in do_GET
    self.respond_json(build_live_payload(run_id))
                      ^^^^^^^^^^^^^^^^^^^^^^^^^^
  File "C:\Anup\6gsimulation\sixgr_foundation_v2 (2)\apps\lls_web_dashboard.py", line 7914, in build_live_payload
    contract_materializer.materialize_run_contract_artifacts(
  File "C:\Anup\6gsimulation\sixgr_foundation_v2 (2)\apps\lls_contract_materializer.py", line 1850, in materialize_run_contract_artifacts
    current_source_watermark = _source_artifact_high_watermark(artifacts, db_connection_factory)
                               ^^^^^^^^^^^^^^^^^^^^^^^^^^^^^^^^^^^^^^^^^^^^^^^^^^^^^^^^^^^^^^^^^
  File "C:\Anup\6gsimulation\sixgr_foundation_v2 (2)\apps\lls_contract_materializer.py", line 868, in _source_artifact_high_watermark
    contract_paths = _contract_owned_paths(artifacts, db_connection_factory)
                     ^^^^^^^^^^^^^^^^^^^^^^^^^^^^^^^^^^^^^^^^^^^^^^^^^^^^^^^
  File "C:\Anup\6gsimulation\sixgr_foundation_v2 (2)\apps\lls_contract_materializer.py", line 857, in _contract_owned_paths
    if _artifact_is_contract_owned(artifact, db_connection_factory):
       ^^^^^^^^^^^^^^^^^^^^^^^^^^^^^^^^^^^^^^^^^^^^^^^^^^^^^^^^^^^^
  File "C:\Anup\6gsimulation\sixgr_foundation_v2 (2)\apps\lls_contract_materializer.py", line 840, in _artifact_is_contract_owned
    payload = _artifact_metadata_json(artifact, db_connection_factory)
              ^^^^^^^^^^^^^^^^^^^^^^^^^^^^^^^^^^^^^^^^^^^^^^^^^^^^^^^^
  File "C:\Anup\6gsimulation\sixgr_foundation_v2 (2)\apps\lls_contract_materializer.py", line 1739, in _artifact_metadata_json
    with db_connection_factory() as conn:
         ^^^^^^^^^^^^^^^^^^^^^^^
  File "C:\Anup\6gsimulation\sixgr_foundation_v2 (2)\apps\lls_web_dashboard.py", line 153, in db_connection
    return pool.get_connection()
           ^^^^^^^^^^^^^^^^^^^^^
  File "C:\Program Files\Python311\Lib\site-packages\mysql\connector\pooling.py", line 656, in get_connection
    raise PoolError("Failed getting connection; pool exhausted") from err
mysql.connector.errors.PoolError: Failed getting connection; pool exhausted

During handling of the above exception, another exception occurred:

Traceback (most recent call last):
  File "C:\Program Files\Python311\Lib\socketserver.py", line 691, in process_request_thread
    self.finish_request(request, client_address)
  File "C:\Program Files\Python311\Lib\socketserver.py", line 361, in finish_request
    self.RequestHandlerClass(request, client_address, self)
  File "C:\Program Files\Python311\Lib\socketserver.py", line 755, in __init__
    self.handle()
  File "C:\Program Files\Python311\Lib\http\server.py", line 436, in handle
    self.handle_one_request()
  File "C:\Program Files\Python311\Lib\http\server.py", line 424, in handle_one_request
    method()
  File "C:\Anup\6gsimulation\sixgr_foundation_v2 (2)\apps\lls_web_dashboard.py", line 12714, in do_GET
    self.send_error(HTTPStatus.INTERNAL_SERVER_ERROR, str(exc))
  File "C:\Program Files\Python311\Lib\http\server.py", line 491, in send_error
    self.wfile.write(body)
  File "C:\Program Files\Python311\Lib\socketserver.py", line 834, in write
    self._sock.sendall(b)
ConnectionAbortedError: [WinError 10053] An established connection was aborted by the software in your host machine
----------------------------------------
----------------------------------------
Exception occurred during processing of request from ('10.64.253.106', 61783)
Traceback (most recent call last):
  File "C:\Program Files\Python311\Lib\site-packages\mysql\connector\pooling.py", line 654, in get_connection
    cnx = self._cnx_queue.get(block=False)
          ^^^^^^^^^^^^^^^^^^^^^^^^^^^^^^^^
  File "C:\Program Files\Python311\Lib\queue.py", line 168, in get
    raise Empty
_queue.Empty

The above exception was the direct cause of the following exception:

Traceback (most recent call last):
  File "C:\Anup\6gsimulation\sixgr_foundation_v2 (2)\apps\lls_web_dashboard.py", line 12692, in do_GET
    self.respond_json(build_live_payload(run_id))
                      ^^^^^^^^^^^^^^^^^^^^^^^^^^
  File "C:\Anup\6gsimulation\sixgr_foundation_v2 (2)\apps\lls_web_dashboard.py", line 7914, in build_live_payload
    contract_materializer.materialize_run_contract_artifacts(
  File "C:\Anup\6gsimulation\sixgr_foundation_v2 (2)\apps\lls_contract_materializer.py", line 2149, in materialize_run_contract_artifacts
    img_artifact_id = _store_artifact(
                      ^^^^^^^^^^^^^^^^
  File "C:\Anup\6gsimulation\sixgr_foundation_v2 (2)\apps\lls_contract_materializer.py", line 1678, in _store_artifact
    with db_connection_factory() as conn:
         ^^^^^^^^^^^^^^^^^^^^^^^
  File "C:\Anup\6gsimulation\sixgr_foundation_v2 (2)\apps\lls_web_dashboard.py", line 153, in db_connection
    return pool.get_connection()
           ^^^^^^^^^^^^^^^^^^^^^
  File "C:\Program Files\Python311\Lib\site-packages\mysql\connector\pooling.py", line 656, in get_connection
    raise PoolError("Failed getting connection; pool exhausted") from err
----------------------------------------
mysql.connector.errors.PoolError: Failed getting connection; pool exhausted
Exception occurred during processing of request from ('127.0.0.1', 61774)

During handling of the above exception, another exception occurred:

Traceback (most recent call last):
  File "C:\Program Files\Python311\Lib\socketserver.py", line 691, in process_request_thread
    self.finish_request(request, client_address)
  File "C:\Program Files\Python311\Lib\socketserver.py", line 361, in finish_request
    self.RequestHandlerClass(request, client_address, self)
  File "C:\Program Files\Python311\Lib\socketserver.py", line 755, in __init__
    self.handle()
  File "C:\Program Files\Python311\Lib\http\server.py", line 436, in handle
    self.handle_one_request()
Traceback (most recent call last):
  File "C:\Program Files\Python311\Lib\http\server.py", line 424, in handle_one_request
    method()
  File "C:\Program Files\Python311\Lib\site-packages\mysql\connector\pooling.py", line 654, in get_connection
    cnx = self._cnx_queue.get(block=False)
          ^^^^^^^^^^^^^^^^^^^^^^^^^^^^^^^^
  File "C:\Anup\6gsimulation\sixgr_foundation_v2 (2)\apps\lls_web_dashboard.py", line 12714, in do_GET
    self.send_error(HTTPStatus.INTERNAL_SERVER_ERROR, str(exc))
  File "C:\Program Files\Python311\Lib\http\server.py", line 491, in send_error
    self.wfile.write(body)
  File "C:\Program Files\Python311\Lib\queue.py", line 168, in get
    raise Empty
  File "C:\Program Files\Python311\Lib\socketserver.py", line 834, in write
    self._sock.sendall(b)
_queue.Empty

The above exception was the direct cause of the following exception:

ConnectionAbortedError: [WinError 10053] An established connection was aborted by the software in your host machine
Traceback (most recent call last):
----------------------------------------
  File "C:\Anup\6gsimulation\sixgr_foundation_v2 (2)\apps\lls_web_dashboard.py", line 12692, in do_GET
    self.respond_json(build_live_payload(run_id))
                      ^^^^^^^^^^^^^^^^^^^^^^^^^^
  File "C:\Anup\6gsimulation\sixgr_foundation_v2 (2)\apps\lls_web_dashboard.py", line 7914, in build_live_payload
    contract_materializer.materialize_run_contract_artifacts(
  File "C:\Anup\6gsimulation\sixgr_foundation_v2 (2)\apps\lls_contract_materializer.py", line 2139, in materialize_run_contract_artifacts
    csv_artifact_id = _store_artifact(
                      ^^^^^^^^^^^^^^^^
  File "C:\Anup\6gsimulation\sixgr_foundation_v2 (2)\apps\lls_contract_materializer.py", line 1678, in _store_artifact
    with db_connection_factory() as conn:
         ^^^^^^^^^^^^^^^^^^^^^^^
  File "C:\Anup\6gsimulation\sixgr_foundation_v2 (2)\apps\lls_web_dashboard.py", line 153, in db_connection
    return pool.get_connection()
           ^^^^^^^^^^^^^^^^^^^^^
  File "C:\Program Files\Python311\Lib\site-packages\mysql\connector\pooling.py", line 656, in get_connection
    raise PoolError("Failed getting connection; pool exhausted") from err
mysql.connector.errors.PoolError: Failed getting connection; pool exhausted

During handling of the above exception, another exception occurred:

Traceback (most recent call last):
  File "C:\Program Files\Python311\Lib\socketserver.py", line 691, in process_request_thread
    self.finish_request(request, client_address)
  File "C:\Program Files\Python311\Lib\socketserver.py", line 361, in finish_request
    self.RequestHandlerClass(request, client_address, self)
  File "C:\Program Files\Python311\Lib\socketserver.py", line 755, in __init__
    self.handle()
  File "C:\Program Files\Python311\Lib\http\server.py", line 436, in handle
    self.handle_one_request()
  File "C:\Program Files\Python311\Lib\http\server.py", line 424, in handle_one_request
    method()
  File "C:\Anup\6gsimulation\sixgr_foundation_v2 (2)\apps\lls_web_dashboard.py", line 12714, in do_GET
    self.send_error(HTTPStatus.INTERNAL_SERVER_ERROR, str(exc))
  File "C:\Program Files\Python311\Lib\http\server.py", line 488, in send_error
    self.end_headers()
  File "C:\Program Files\Python311\Lib\http\server.py", line 538, in end_headers
    self.flush_headers()
  File "C:\Program Files\Python311\Lib\http\server.py", line 542, in flush_headers
    self.wfile.write(b"".join(self._headers_buffer))
  File "C:\Program Files\Python311\Lib\socketserver.py", line 834, in write
    self._sock.sendall(b)
ConnectionAbortedError: [WinError 10053] An established connection was aborted by the software in your host machine
----------------------------------------
----------------------------------------
Exception occurred during processing of request from ('10.64.253.106', 61955)
Traceback (most recent call last):
  File "C:\Program Files\Python311\Lib\site-packages\mysql\connector\pooling.py", line 654, in get_connection
    cnx = self._cnx_queue.get(block=False)
          ^^^^^^^^^^^^^^^^^^^^^^^^^^^^^^^^
  File "C:\Program Files\Python311\Lib\queue.py", line 168, in get
    raise Empty
_queue.Empty

The above exception was the direct cause of the following exception:

Traceback (most recent call last):
  File "C:\Anup\6gsimulation\sixgr_foundation_v2 (2)\apps\lls_web_dashboard.py", line 12692, in do_GET
    self.respond_json(build_live_payload(run_id))
                      ^^^^^^^^^^^^^^^^^^^^^^^^^^
  File "C:\Anup\6gsimulation\sixgr_foundation_v2 (2)\apps\lls_web_dashboard.py", line 7914, in build_live_payload
    contract_materializer.materialize_run_contract_artifacts(
  File "C:\Anup\6gsimulation\sixgr_foundation_v2 (2)\apps\lls_contract_materializer.py", line 1841, in materialize_run_contract_artifacts
    contract_owned_paths = _contract_owned_paths(artifacts, db_connection_factory)
                           ^^^^^^^^^^^^^^^^^^^^^^^^^^^^^^^^^^^^^^^^^^^^^^^^^^^^^^^
  File "C:\Anup\6gsimulation\sixgr_foundation_v2 (2)\apps\lls_contract_materializer.py", line 857, in _contract_owned_paths
    if _artifact_is_contract_owned(artifact, db_connection_factory):
       ^^^^^^^^^^^^^^^^^^^^^^^^^^^^^^^^^^^^^^^^^^^^^^^^^^^^^^^^^^^^
  File "C:\Anup\6gsimulation\sixgr_foundation_v2 (2)\apps\lls_contract_materializer.py", line 840, in _artifact_is_contract_owned
    payload = _artifact_metadata_json(artifact, db_connection_factory)
              ^^^^^^^^^^^^^^^^^^^^^^^^^^^^^^^^^^^^^^^^^^^^^^^^^^^^^^^^
  File "C:\Anup\6gsimulation\sixgr_foundation_v2 (2)\apps\lls_contract_materializer.py", line 1739, in _artifact_metadata_json
    with db_connection_factory() as conn:
         ^^^^^^^^^^^^^^^^^^^^^^^
  File "C:\Anup\6gsimulation\sixgr_foundation_v2 (2)\apps\lls_web_dashboard.py", line 153, in db_connection
    return pool.get_connection()
           ^^^^^^^^^^^^^^^^^^^^^
  File "C:\Program Files\Python311\Lib\site-packages\mysql\connector\pooling.py", line 656, in get_connection
    raise PoolError("Failed getting connection; pool exhausted") from err
mysql.connector.errors.PoolError: Failed getting connection; pool exhausted

During handling of the above exception, another exception occurred:

Traceback (most recent call last):
  File "C:\Program Files\Python311\Lib\socketserver.py", line 691, in process_request_thread
    self.finish_request(request, client_address)
  File "C:\Program Files\Python311\Lib\socketserver.py", line 361, in finish_request
    self.RequestHandlerClass(request, client_address, self)
  File "C:\Program Files\Python311\Lib\socketserver.py", line 755, in __init__
    self.handle()
  File "C:\Program Files\Python311\Lib\http\server.py", line 436, in handle
    self.handle_one_request()
  File "C:\Program Files\Python311\Lib\http\server.py", line 424, in handle_one_request
    method()
  File "C:\Anup\6gsimulation\sixgr_foundation_v2 (2)\apps\lls_web_dashboard.py", line 12714, in do_GET
    self.send_error(HTTPStatus.INTERNAL_SERVER_ERROR, str(exc))
  File "C:\Program Files\Python311\Lib\http\server.py", line 491, in send_error
    self.wfile.write(body)
  File "C:\Program Files\Python311\Lib\socketserver.py", line 834, in write
    self._sock.sendall(b)
ConnectionAbortedError: [WinError 10053] An established connection was aborted by the software in your host machine
----------------------------------------
----------------------------------------
Exception occurred during processing of request from ('127.0.0.1', 61696)
Traceback (most recent call last):
  File "C:\Program Files\Python311\Lib\site-packages\mysql\connector\pooling.py", line 654, in get_connection
    cnx = self._cnx_queue.get(block=False)
          ^^^^^^^^^^^^^^^^^^^^^^^^^^^^^^^^
  File "C:\Program Files\Python311\Lib\queue.py", line 168, in get
    raise Empty
_queue.Empty

The above exception was the direct cause of the following exception:

Traceback (most recent call last):
  File "C:\Anup\6gsimulation\sixgr_foundation_v2 (2)\apps\lls_web_dashboard.py", line 12692, in do_GET
    self.respond_json(build_live_payload(run_id))
                      ^^^^^^^^^^^^^^^^^^^^^^^^^^
  File "C:\Anup\6gsimulation\sixgr_foundation_v2 (2)\apps\lls_web_dashboard.py", line 7970, in build_live_payload
    summary_tabs = build_numeric_charts_from_artifacts(summary_chart_artifacts, limit=16)
                   ^^^^^^^^^^^^^^^^^^^^^^^^^^^^^^^^^^^^^^^^^^^^^^^^^^^^^^^^^^^^^^^^^^^^^^
  File "C:\Anup\6gsimulation\sixgr_foundation_v2 (2)\apps\lls_web_dashboard.py", line 7026, in build_numeric_charts_from_artifacts
    chart = build_numeric_chart_from_artifact(art)
            ^^^^^^^^^^^^^^^^^^^^^^^^^^^^^^^^^^^^^^
  File "C:\Anup\6gsimulation\sixgr_foundation_v2 (2)\apps\lls_web_dashboard.py", line 6897, in build_numeric_chart_from_artifact
    header, rows = load_cached_csv_preview(int(artifact["artifact_id"]), MAX_ACTIVITY_POINTS)
                   ^^^^^^^^^^^^^^^^^^^^^^^^^^^^^^^^^^^^^^^^^^^^^^^^^^^^^^^^^^^^^^^^^^^^^^^^^^
----------------------------------------
  File "C:\Anup\6gsimulation\sixgr_foundation_v2 (2)\apps\lls_web_dashboard.py", line 3248, in load_cached_csv_preview
    return parse_csv_bytes(fetch_artifact_bytes(int(artifact_id)), max_rows=max_rows)
                           ^^^^^^^^^^^^^^^^^^^^^^^^^^^^^^^^^^^^^^
Exception occurred during processing of request from ('10.64.253.106', 61886)
  File "C:\Anup\6gsimulation\sixgr_foundation_v2 (2)\apps\lls_web_dashboard.py", line 2846, in fetch_artifact_bytes
    with db_connection() as conn:
         ^^^^^^^^^^^^^^^
----------------------------------------
Exception occurred during processing of request from ('10.64.253.106', 61882)
  File "C:\Anup\6gsimulation\sixgr_foundation_v2 (2)\apps\lls_web_dashboard.py", line 153, in db_connection
    return pool.get_connection()
           ^^^^^^^^^^^^^^^^^^^^^
  File "C:\Program Files\Python311\Lib\site-packages\mysql\connector\pooling.py", line 656, in get_connection
    raise PoolError("Failed getting connection; pool exhausted") from err
Traceback (most recent call last):
mysql.connector.errors.PoolError: Failed getting connection; pool exhausted
  File "C:\Program Files\Python311\Lib\site-packages\mysql\connector\pooling.py", line 654, in get_connection
    cnx = self._cnx_queue.get(block=False)
          ^^^^^^^^^^^^^^^^^^^^^^^^^^^^^^^^

During handling of the above exception, another exception occurred:

  File "C:\Program Files\Python311\Lib\queue.py", line 168, in get
    raise Empty
Traceback (most recent call last):
_queue.Empty
  File "C:\Program Files\Python311\Lib\socketserver.py", line 691, in process_request_thread
    self.finish_request(request, client_address)

The above exception was the direct cause of the following exception:

  File "C:\Program Files\Python311\Lib\socketserver.py", line 361, in finish_request
    self.RequestHandlerClass(request, client_address, self)
Traceback (most recent call last):
  File "C:\Program Files\Python311\Lib\socketserver.py", line 755, in __init__
    self.handle()
  File "C:\Anup\6gsimulation\sixgr_foundation_v2 (2)\apps\lls_web_dashboard.py", line 12692, in do_GET
    self.respond_json(build_live_payload(run_id))
                      ^^^^^^^^^^^^^^^^^^^^^^^^^^
  File "C:\Program Files\Python311\Lib\http\server.py", line 436, in handle
    self.handle_one_request()
  File "C:\Anup\6gsimulation\sixgr_foundation_v2 (2)\apps\lls_web_dashboard.py", line 7914, in build_live_payload
    contract_materializer.materialize_run_contract_artifacts(
  File "C:\Program Files\Python311\Lib\http\server.py", line 424, in handle_one_request
    method()
  File "C:\Anup\6gsimulation\sixgr_foundation_v2 (2)\apps\lls_contract_materializer.py", line 1859, in materialize_run_contract_artifacts
    contract_current = _existing_contract_artifacts_current(existing, db_connection_factory, feature_policy)
                       ^^^^^^^^^^^^^^^^^^^^^^^^^^^^^^^^^^^^^^^^^^^^^^^^^^^^^^^^^^^^^^^^^^^^^^^^^^^^^^^^^^^^^
  File "C:\Anup\6gsimulation\sixgr_foundation_v2 (2)\apps\lls_web_dashboard.py", line 12714, in do_GET
    self.send_error(HTTPStatus.INTERNAL_SERVER_ERROR, str(exc))
  File "C:\Anup\6gsimulation\sixgr_foundation_v2 (2)\apps\lls_contract_materializer.py", line 1767, in _existing_contract_artifacts_current
    if artifact is None or not _artifact_has_current_materializer_version(artifact, db_connection_factory):
                               ^^^^^^^^^^^^^^^^^^^^^^^^^^^^^^^^^^^^^^^^^^^^^^^^^^^^^^^^^^^^^^^^^^^^^^^^^^^
  File "C:\Program Files\Python311\Lib\http\server.py", line 488, in send_error
    self.end_headers()
  File "C:\Program Files\Python311\Lib\http\server.py", line 538, in end_headers
    self.flush_headers()
Traceback (most recent call last):
  File "C:\Program Files\Python311\Lib\http\server.py", line 542, in flush_headers
    self.wfile.write(b"".join(self._headers_buffer))
  File "C:\Program Files\Python311\Lib\site-packages\mysql\connector\pooling.py", line 654, in get_connection
    cnx = self._cnx_queue.get(block=False)
          ^^^^^^^^^^^^^^^^^^^^^^^^^^^^^^^^
  File "C:\Program Files\Python311\Lib\socketserver.py", line 834, in write
    self._sock.sendall(b)
  File "C:\Program Files\Python311\Lib\queue.py", line 168, in get
    raise Empty
ConnectionAbortedError: [WinError 10053] An established connection was aborted by the software in your host machine
_queue.Empty
----------------------------------------

The above exception was the direct cause of the following exception:

  File "C:\Anup\6gsimulation\sixgr_foundation_v2 (2)\apps\lls_contract_materializer.py", line 1752, in _artifact_has_current_materializer_version
    payload = _artifact_metadata_json(artifact, db_connection_factory)
              ^^^^^^^^^^^^^^^^^^^^^^^^^^^^^^^^^^^^^^^^^^^^^^^^^^^^^^^^
----------------------------------------
  File "C:\Anup\6gsimulation\sixgr_foundation_v2 (2)\apps\lls_contract_materializer.py", line 1739, in _artifact_metadata_json
    with db_connection_factory() as conn:
         ^^^^^^^^^^^^^^^^^^^^^^^
Exception occurred during processing of request from ('10.64.253.106', 61885)
  File "C:\Anup\6gsimulation\sixgr_foundation_v2 (2)\apps\lls_web_dashboard.py", line 153, in db_connection
    return pool.get_connection()
           ^^^^^^^^^^^^^^^^^^^^^
Traceback (most recent call last):
  File "C:\Program Files\Python311\Lib\site-packages\mysql\connector\pooling.py", line 656, in get_connection
    raise PoolError("Failed getting connection; pool exhausted") from err
  File "C:\Anup\6gsimulation\sixgr_foundation_v2 (2)\apps\lls_web_dashboard.py", line 12692, in do_GET
    self.respond_json(build_live_payload(run_id))
                      ^^^^^^^^^^^^^^^^^^^^^^^^^^
mysql.connector.errors.PoolError: Failed getting connection; pool exhausted
  File "C:\Anup\6gsimulation\sixgr_foundation_v2 (2)\apps\lls_web_dashboard.py", line 7914, in build_live_payload
    contract_materializer.materialize_run_contract_artifacts(

During handling of the above exception, another exception occurred:

  File "C:\Anup\6gsimulation\sixgr_foundation_v2 (2)\apps\lls_contract_materializer.py", line 2079, in materialize_run_contract_artifacts
    source_table_bytes = fetch_artifact_bytes(int(source_table["artifact_id"]))
                         ^^^^^^^^^^^^^^^^^^^^^^^^^^^^^^^^^^^^^^^^^^^^^^^^^^^^^^
Traceback (most recent call last):
  File "C:\Anup\6gsimulation\sixgr_foundation_v2 (2)\apps\lls_web_dashboard.py", line 2846, in fetch_artifact_bytes
    with db_connection() as conn:
         ^^^^^^^^^^^^^^^
  File "C:\Program Files\Python311\Lib\socketserver.py", line 691, in process_request_thread
    self.finish_request(request, client_address)
  File "C:\Anup\6gsimulation\sixgr_foundation_v2 (2)\apps\lls_web_dashboard.py", line 153, in db_connection
    return pool.get_connection()
           ^^^^^^^^^^^^^^^^^^^^^
  File "C:\Program Files\Python311\Lib\socketserver.py", line 361, in finish_request
    self.RequestHandlerClass(request, client_address, self)
  File "C:\Program Files\Python311\Lib\site-packages\mysql\connector\pooling.py", line 656, in get_connection
    raise PoolError("Failed getting connection; pool exhausted") from err
  File "C:\Program Files\Python311\Lib\socketserver.py", line 755, in __init__
    self.handle()
mysql.connector.errors.PoolError: Failed getting connection; pool exhausted

During handling of the above exception, another exception occurred:

  File "C:\Program Files\Python311\Lib\http\server.py", line 436, in handle
    self.handle_one_request()
Traceback (most recent call last):
  File "C:\Program Files\Python311\Lib\http\server.py", line 424, in handle_one_request
    method()
  File "C:\Program Files\Python311\Lib\site-packages\mysql\connector\pooling.py", line 654, in get_connection
    cnx = self._cnx_queue.get(block=False)
          ^^^^^^^^^^^^^^^^^^^^^^^^^^^^^^^^
  File "C:\Anup\6gsimulation\sixgr_foundation_v2 (2)\apps\lls_web_dashboard.py", line 12714, in do_GET
    self.send_error(HTTPStatus.INTERNAL_SERVER_ERROR, str(exc))
  File "C:\Program Files\Python311\Lib\http\server.py", line 488, in send_error
    self.end_headers()
  File "C:\Program Files\Python311\Lib\queue.py", line 168, in get
    raise Empty
Traceback (most recent call last):
_queue.Empty
  File "C:\Program Files\Python311\Lib\socketserver.py", line 691, in process_request_thread
    self.finish_request(request, client_address)

The above exception was the direct cause of the following exception:

  File "C:\Program Files\Python311\Lib\socketserver.py", line 361, in finish_request
    self.RequestHandlerClass(request, client_address, self)
Traceback (most recent call last):
  File "C:\Program Files\Python311\Lib\socketserver.py", line 755, in __init__
    self.handle()
  File "C:\Program Files\Python311\Lib\http\server.py", line 538, in end_headers
    self.flush_headers()
  File "C:\Anup\6gsimulation\sixgr_foundation_v2 (2)\apps\lls_web_dashboard.py", line 12692, in do_GET
    self.respond_json(build_live_payload(run_id))
                      ^^^^^^^^^^^^^^^^^^^^^^^^^^
  File "C:\Program Files\Python311\Lib\http\server.py", line 436, in handle
    self.handle_one_request()
  File "C:\Anup\6gsimulation\sixgr_foundation_v2 (2)\apps\lls_web_dashboard.py", line 7914, in build_live_payload
    contract_materializer.materialize_run_contract_artifacts(
  File "C:\Program Files\Python311\Lib\http\server.py", line 424, in handle_one_request
    method()
  File "C:\Anup\6gsimulation\sixgr_foundation_v2 (2)\apps\lls_contract_materializer.py", line 2139, in materialize_run_contract_artifacts
    csv_artifact_id = _store_artifact(
                      ^^^^^^^^^^^^^^^^
  File "C:\Anup\6gsimulation\sixgr_foundation_v2 (2)\apps\lls_web_dashboard.py", line 12714, in do_GET
    self.send_error(HTTPStatus.INTERNAL_SERVER_ERROR, str(exc))
  File "C:\Anup\6gsimulation\sixgr_foundation_v2 (2)\apps\lls_contract_materializer.py", line 1678, in _store_artifact
    with db_connection_factory() as conn:
         ^^^^^^^^^^^^^^^^^^^^^^^
  File "C:\Program Files\Python311\Lib\http\server.py", line 488, in send_error
    self.end_headers()
  File "C:\Anup\6gsimulation\sixgr_foundation_v2 (2)\apps\lls_web_dashboard.py", line 153, in db_connection
    return pool.get_connection()
           ^^^^^^^^^^^^^^^^^^^^^
  File "C:\Program Files\Python311\Lib\http\server.py", line 538, in end_headers
    self.flush_headers()
  File "C:\Program Files\Python311\Lib\site-packages\mysql\connector\pooling.py", line 656, in get_connection
    raise PoolError("Failed getting connection; pool exhausted") from err
  File "C:\Program Files\Python311\Lib\http\server.py", line 542, in flush_headers
    self.wfile.write(b"".join(self._headers_buffer))
mysql.connector.errors.PoolError: Failed getting connection; pool exhausted
  File "C:\Program Files\Python311\Lib\socketserver.py", line 834, in write
    self._sock.sendall(b)

During handling of the above exception, another exception occurred:

ConnectionAbortedError: [WinError 10053] An established connection was aborted by the software in your host machine
Traceback (most recent call last):
----------------------------------------
  File "C:\Program Files\Python311\Lib\socketserver.py", line 691, in process_request_thread
    self.finish_request(request, client_address)
  File "C:\Program Files\Python311\Lib\http\server.py", line 542, in flush_headers
    self.wfile.write(b"".join(self._headers_buffer))
  File "C:\Program Files\Python311\Lib\socketserver.py", line 361, in finish_request
    self.RequestHandlerClass(request, client_address, self)
  File "C:\Program Files\Python311\Lib\socketserver.py", line 834, in write
    self._sock.sendall(b)
  File "C:\Program Files\Python311\Lib\socketserver.py", line 755, in __init__
    self.handle()
ConnectionAbortedError: [WinError 10053] An established connection was aborted by the software in your host machine
  File "C:\Program Files\Python311\Lib\http\server.py", line 436, in handle
    self.handle_one_request()
----------------------------------------
  File "C:\Program Files\Python311\Lib\http\server.py", line 424, in handle_one_request
    method()
  File "C:\Anup\6gsimulation\sixgr_foundation_v2 (2)\apps\lls_web_dashboard.py", line 12714, in do_GET
    self.send_error(HTTPStatus.INTERNAL_SERVER_ERROR, str(exc))
  File "C:\Program Files\Python311\Lib\http\server.py", line 488, in send_error
    self.end_headers()
  File "C:\Program Files\Python311\Lib\http\server.py", line 538, in end_headers
    self.flush_headers()
  File "C:\Program Files\Python311\Lib\http\server.py", line 542, in flush_headers
    self.wfile.write(b"".join(self._headers_buffer))
  File "C:\Program Files\Python311\Lib\socketserver.py", line 834, in write
    self._sock.sendall(b)
ConnectionAbortedError: [WinError 10053] An established connection was aborted by the software in your host machine
----------------------------------------
----------------------------------------
Exception occurred during processing of request from ('10.64.253.106', 61880)
Traceback (most recent call last):
  File "C:\Program Files\Python311\Lib\site-packages\mysql\connector\pooling.py", line 654, in get_connection
    cnx = self._cnx_queue.get(block=False)
          ^^^^^^^^^^^^^^^^^^^^^^^^^^^^^^^^
  File "C:\Program Files\Python311\Lib\queue.py", line 168, in get
    raise Empty
_queue.Empty

The above exception was the direct cause of the following exception:

Traceback (most recent call last):
  File "C:\Anup\6gsimulation\sixgr_foundation_v2 (2)\apps\lls_web_dashboard.py", line 12692, in do_GET
    self.respond_json(build_live_payload(run_id))
                      ^^^^^^^^^^^^^^^^^^^^^^^^^^
  File "C:\Anup\6gsimulation\sixgr_foundation_v2 (2)\apps\lls_web_dashboard.py", line 7914, in build_live_payload
    contract_materializer.materialize_run_contract_artifacts(
  File "C:\Anup\6gsimulation\sixgr_foundation_v2 (2)\apps\lls_contract_materializer.py", line 2139, in materialize_run_contract_artifacts
    csv_artifact_id = _store_artifact(
                      ^^^^^^^^^^^^^^^^
  File "C:\Anup\6gsimulation\sixgr_foundation_v2 (2)\apps\lls_contract_materializer.py", line 1678, in _store_artifact
    with db_connection_factory() as conn:
         ^^^^^^^^^^^^^^^^^^^^^^^
  File "C:\Anup\6gsimulation\sixgr_foundation_v2 (2)\apps\lls_web_dashboard.py", line 153, in db_connection
    return pool.get_connection()
           ^^^^^^^^^^^^^^^^^^^^^
  File "C:\Program Files\Python311\Lib\site-packages\mysql\connector\pooling.py", line 656, in get_connection
    raise PoolError("Failed getting connection; pool exhausted") from err
mysql.connector.errors.PoolError: Failed getting connection; pool exhausted

During handling of the above exception, another exception occurred:

Traceback (most recent call last):
  File "C:\Program Files\Python311\Lib\socketserver.py", line 691, in process_request_thread
    self.finish_request(request, client_address)
  File "C:\Program Files\Python311\Lib\socketserver.py", line 361, in finish_request
    self.RequestHandlerClass(request, client_address, self)
  File "C:\Program Files\Python311\Lib\socketserver.py", line 755, in __init__
    self.handle()
  File "C:\Program Files\Python311\Lib\http\server.py", line 436, in handle
    self.handle_one_request()
  File "C:\Program Files\Python311\Lib\http\server.py", line 424, in handle_one_request
    method()
  File "C:\Anup\6gsimulation\sixgr_foundation_v2 (2)\apps\lls_web_dashboard.py", line 12714, in do_GET
    self.send_error(HTTPStatus.INTERNAL_SERVER_ERROR, str(exc))
  File "C:\Program Files\Python311\Lib\http\server.py", line 488, in send_error
    self.end_headers()
  File "C:\Program Files\Python311\Lib\http\server.py", line 538, in end_headers
    self.flush_headers()
  File "C:\Program Files\Python311\Lib\http\server.py", line 542, in flush_headers
    self.wfile.write(b"".join(self._headers_buffer))
  File "C:\Program Files\Python311\Lib\socketserver.py", line 834, in write
    self._sock.sendall(b)
ConnectionAbortedError: [WinError 10053] An established connection was aborted by the software in your host machine
----------------------------------------
----------------------------------------
Exception occurred during processing of request from ('127.0.0.1', 61755)
Traceback (most recent call last):
  File "C:\Anup\6gsimulation\sixgr_foundation_v2 (2)\apps\lls_web_dashboard.py", line 12692, in do_GET
    self.respond_json(build_live_payload(run_id))
----------------------------------------
  File "C:\Anup\6gsimulation\sixgr_foundation_v2 (2)\apps\lls_web_dashboard.py", line 12822, in respond_json
    self.end_headers()
  File "C:\Program Files\Python311\Lib\http\server.py", line 538, in end_headers
    self.flush_headers()
  File "C:\Program Files\Python311\Lib\http\server.py", line 542, in flush_headers
    self.wfile.write(b"".join(self._headers_buffer))
Exception occurred during processing of request from ('127.0.0.1', 61758)
  File "C:\Program Files\Python311\Lib\socketserver.py", line 834, in write
    self._sock.sendall(b)
Traceback (most recent call last):
----------------------------------------
  File "C:\Anup\6gsimulation\sixgr_foundation_v2 (2)\apps\lls_web_dashboard.py", line 12692, in do_GET
    self.respond_json(build_live_payload(run_id))
Exception occurred during processing of request from ('127.0.0.1', 61760)
  File "C:\Anup\6gsimulation\sixgr_foundation_v2 (2)\apps\lls_web_dashboard.py", line 12822, in respond_json
    self.end_headers()
ConnectionAbortedError: [WinError 10053] An established connection was aborted by the software in your host machine

During handling of the above exception, another exception occurred:

  File "C:\Program Files\Python311\Lib\http\server.py", line 538, in end_headers
    self.flush_headers()
Traceback (most recent call last):
  File "C:\Program Files\Python311\Lib\http\server.py", line 542, in flush_headers
    self.wfile.write(b"".join(self._headers_buffer))
  File "C:\Anup\6gsimulation\sixgr_foundation_v2 (2)\apps\lls_web_dashboard.py", line 12692, in do_GET
    self.respond_json(build_live_payload(run_id))
  File "C:\Program Files\Python311\Lib\socketserver.py", line 834, in write
    self._sock.sendall(b)
  File "C:\Anup\6gsimulation\sixgr_foundation_v2 (2)\apps\lls_web_dashboard.py", line 12822, in respond_json
    self.end_headers()
  File "C:\Program Files\Python311\Lib\http\server.py", line 538, in end_headers
    self.flush_headers()
ConnectionAbortedError: [WinError 10053] An established connection was aborted by the software in your host machine
  File "C:\Program Files\Python311\Lib\http\server.py", line 542, in flush_headers
    self.wfile.write(b"".join(self._headers_buffer))

During handling of the above exception, another exception occurred:

  File "C:\Program Files\Python311\Lib\socketserver.py", line 834, in write
    self._sock.sendall(b)
Traceback (most recent call last):
ConnectionAbortedError: [WinError 10053] An established connection was aborted by the software in your host machine
  File "C:\Program Files\Python311\Lib\socketserver.py", line 691, in process_request_thread
    self.finish_request(request, client_address)

During handling of the above exception, another exception occurred:

  File "C:\Program Files\Python311\Lib\socketserver.py", line 361, in finish_request
    self.RequestHandlerClass(request, client_address, self)
Traceback (most recent call last):
  File "C:\Program Files\Python311\Lib\socketserver.py", line 755, in __init__
    self.handle()
  File "C:\Program Files\Python311\Lib\socketserver.py", line 691, in process_request_thread
    self.finish_request(request, client_address)
  File "C:\Program Files\Python311\Lib\http\server.py", line 436, in handle
    self.handle_one_request()
  File "C:\Program Files\Python311\Lib\socketserver.py", line 361, in finish_request
    self.RequestHandlerClass(request, client_address, self)
  File "C:\Program Files\Python311\Lib\http\server.py", line 424, in handle_one_request
    method()
  File "C:\Program Files\Python311\Lib\socketserver.py", line 755, in __init__
    self.handle()
  File "C:\Anup\6gsimulation\sixgr_foundation_v2 (2)\apps\lls_web_dashboard.py", line 12714, in do_GET
    self.send_error(HTTPStatus.INTERNAL_SERVER_ERROR, str(exc))
  File "C:\Program Files\Python311\Lib\http\server.py", line 436, in handle
    self.handle_one_request()
  File "C:\Program Files\Python311\Lib\http\server.py", line 488, in send_error
    self.end_headers()
  File "C:\Program Files\Python311\Lib\http\server.py", line 424, in handle_one_request
    method()
  File "C:\Program Files\Python311\Lib\http\server.py", line 538, in end_headers
    self.flush_headers()
  File "C:\Anup\6gsimulation\sixgr_foundation_v2 (2)\apps\lls_web_dashboard.py", line 12714, in do_GET
    self.send_error(HTTPStatus.INTERNAL_SERVER_ERROR, str(exc))
  File "C:\Program Files\Python311\Lib\http\server.py", line 542, in flush_headers
    self.wfile.write(b"".join(self._headers_buffer))
  File "C:\Program Files\Python311\Lib\http\server.py", line 488, in send_error
    self.end_headers()
  File "C:\Program Files\Python311\Lib\socketserver.py", line 834, in write
    self._sock.sendall(b)
  File "C:\Program Files\Python311\Lib\http\server.py", line 538, in end_headers
    self.flush_headers()
ConnectionAbortedError: [WinError 10053] An established connection was aborted by the software in your host machine
  File "C:\Program Files\Python311\Lib\http\server.py", line 542, in flush_headers
    self.wfile.write(b"".join(self._headers_buffer))
----------------------------------------
  File "C:\Program Files\Python311\Lib\socketserver.py", line 834, in write
    self._sock.sendall(b)
Traceback (most recent call last):
ConnectionAbortedError: [WinError 10053] An established connection was aborted by the software in your host machine
  File "C:\Program Files\Python311\Lib\socketserver.py", line 691, in process_request_thread
    self.finish_request(request, client_address)
----------------------------------------
  File "C:\Program Files\Python311\Lib\socketserver.py", line 361, in finish_request
    self.RequestHandlerClass(request, client_address, self)
  File "C:\Program Files\Python311\Lib\socketserver.py", line 755, in __init__
    self.handle()
  File "C:\Program Files\Python311\Lib\http\server.py", line 436, in handle
    self.handle_one_request()
  File "C:\Program Files\Python311\Lib\http\server.py", line 424, in handle_one_request
    method()
  File "C:\Anup\6gsimulation\sixgr_foundation_v2 (2)\apps\lls_web_dashboard.py", line 12714, in do_GET
    self.send_error(HTTPStatus.INTERNAL_SERVER_ERROR, str(exc))
  File "C:\Program Files\Python311\Lib\http\server.py", line 488, in send_error
    self.end_headers()
  File "C:\Program Files\Python311\Lib\http\server.py", line 538, in end_headers
    self.flush_headers()
  File "C:\Program Files\Python311\Lib\http\server.py", line 542, in flush_headers
    self.wfile.write(b"".join(self._headers_buffer))
  File "C:\Program Files\Python311\Lib\socketserver.py", line 834, in write
    self._sock.sendall(b)
ConnectionAbortedError: [WinError 10053] An established connection was aborted by the software in your host machine
----------------------------------------
----------------------------------------
Exception occurred during processing of request from ('10.64.253.106', 61881)
Traceback (most recent call last):
  File "C:\Anup\6gsimulation\sixgr_foundation_v2 (2)\apps\lls_web_dashboard.py", line 12692, in do_GET
    self.respond_json(build_live_payload(run_id))
  File "C:\Anup\6gsimulation\sixgr_foundation_v2 (2)\apps\lls_web_dashboard.py", line 12822, in respond_json
    self.end_headers()
  File "C:\Program Files\Python311\Lib\http\server.py", line 538, in end_headers
    self.flush_headers()
  File "C:\Program Files\Python311\Lib\http\server.py", line 542, in flush_headers
    self.wfile.write(b"".join(self._headers_buffer))
  File "C:\Program Files\Python311\Lib\socketserver.py", line 834, in write
    self._sock.sendall(b)
ConnectionAbortedError: [WinError 10053] An established connection was aborted by the software in your host machine

During handling of the above exception, another exception occurred:

Traceback (most recent call last):
----------------------------------------
Exception occurred during processing of request from ('10.64.253.106', 61879)
  File "C:\Program Files\Python311\Lib\socketserver.py", line 691, in process_request_thread
    self.finish_request(request, client_address)
  File "C:\Program Files\Python311\Lib\socketserver.py", line 361, in finish_request
    self.RequestHandlerClass(request, client_address, self)
  File "C:\Program Files\Python311\Lib\socketserver.py", line 755, in __init__
    self.handle()
  File "C:\Program Files\Python311\Lib\http\server.py", line 436, in handle
    self.handle_one_request()
  File "C:\Program Files\Python311\Lib\http\server.py", line 424, in handle_one_request
    method()
  File "C:\Anup\6gsimulation\sixgr_foundation_v2 (2)\apps\lls_web_dashboard.py", line 12714, in do_GET
    self.send_error(HTTPStatus.INTERNAL_SERVER_ERROR, str(exc))
  File "C:\Program Files\Python311\Lib\http\server.py", line 488, in send_error
    self.end_headers()
Traceback (most recent call last):
  File "C:\Program Files\Python311\Lib\http\server.py", line 538, in end_headers
    self.flush_headers()
  File "C:\Anup\6gsimulation\sixgr_foundation_v2 (2)\apps\lls_web_dashboard.py", line 12692, in do_GET
    self.respond_json(build_live_payload(run_id))
  File "C:\Program Files\Python311\Lib\http\server.py", line 542, in flush_headers
    self.wfile.write(b"".join(self._headers_buffer))
  File "C:\Anup\6gsimulation\sixgr_foundation_v2 (2)\apps\lls_web_dashboard.py", line 12822, in respond_json
    self.end_headers()
  File "C:\Program Files\Python311\Lib\socketserver.py", line 834, in write
    self._sock.sendall(b)
  File "C:\Program Files\Python311\Lib\http\server.py", line 538, in end_headers
    self.flush_headers()
ConnectionAbortedError: [WinError 10053] An established connection was aborted by the software in your host machine
  File "C:\Program Files\Python311\Lib\http\server.py", line 542, in flush_headers
    self.wfile.write(b"".join(self._headers_buffer))
  File "C:\Program Files\Python311\Lib\socketserver.py", line 834, in write
    self._sock.sendall(b)
----------------------------------------
ConnectionAbortedError: [WinError 10053] An established connection was aborted by the software in your host machine

During handling of the above exception, another exception occurred:

Traceback (most recent call last):
  File "C:\Program Files\Python311\Lib\socketserver.py", line 691, in process_request_thread
    self.finish_request(request, client_address)
  File "C:\Program Files\Python311\Lib\socketserver.py", line 361, in finish_request
    self.RequestHandlerClass(request, client_address, self)
  File "C:\Program Files\Python311\Lib\socketserver.py", line 755, in __init__
    self.handle()
  File "C:\Program Files\Python311\Lib\http\server.py", line 436, in handle
    self.handle_one_request()
  File "C:\Program Files\Python311\Lib\http\server.py", line 424, in handle_one_request
    method()
  File "C:\Anup\6gsimulation\sixgr_foundation_v2 (2)\apps\lls_web_dashboard.py", line 12714, in do_GET
    self.send_error(HTTPStatus.INTERNAL_SERVER_ERROR, str(exc))
  File "C:\Program Files\Python311\Lib\http\server.py", line 488, in send_error
    self.end_headers()
  File "C:\Program Files\Python311\Lib\http\server.py", line 538, in end_headers
    self.flush_headers()
  File "C:\Program Files\Python311\Lib\http\server.py", line 542, in flush_headers
    self.wfile.write(b"".join(self._headers_buffer))
  File "C:\Program Files\Python311\Lib\socketserver.py", line 834, in write
    self._sock.sendall(b)
ConnectionAbortedError: [WinError 10053] An established connection was aborted by the software in your host machine
----------------------------------------
----------------------------------------
Exception occurred during processing of request from ('10.51.142.91', 52915)
Traceback (most recent call last):
  File "C:\Anup\6gsimulation\sixgr_foundation_v2 (2)\apps\lls_web_dashboard.py", line 12692, in do_GET
    self.respond_json(build_live_payload(run_id))
  File "C:\Anup\6gsimulation\sixgr_foundation_v2 (2)\apps\lls_web_dashboard.py", line 12823, in respond_json
    self.wfile.write(raw)
  File "C:\Program Files\Python311\Lib\socketserver.py", line 834, in write
    self._sock.sendall(b)
ConnectionAbortedError: [WinError 10053] An established connection was aborted by the software in your host machine

During handling of the above exception, another exception occurred:

Traceback (most recent call last):
  File "C:\Program Files\Python311\Lib\socketserver.py", line 691, in process_request_thread
    self.finish_request(request, client_address)
  File "C:\Program Files\Python311\Lib\socketserver.py", line 361, in finish_request
    self.RequestHandlerClass(request, client_address, self)
  File "C:\Program Files\Python311\Lib\socketserver.py", line 755, in __init__
    self.handle()
  File "C:\Program Files\Python311\Lib\http\server.py", line 436, in handle
    self.handle_one_request()
  File "C:\Program Files\Python311\Lib\http\server.py", line 424, in handle_one_request
    method()
  File "C:\Anup\6gsimulation\sixgr_foundation_v2 (2)\apps\lls_web_dashboard.py", line 12714, in do_GET
    self.send_error(HTTPStatus.INTERNAL_SERVER_ERROR, str(exc))
  File "C:\Program Files\Python311\Lib\http\server.py", line 488, in send_error
    self.end_headers()
  File "C:\Program Files\Python311\Lib\http\server.py", line 538, in end_headers
    self.flush_headers()
  File "C:\Program Files\Python311\Lib\http\server.py", line 542, in flush_headers
    self.wfile.write(b"".join(self._headers_buffer))
  File "C:\Program Files\Python311\Lib\socketserver.py", line 834, in write
    self._sock.sendall(b)
ConnectionAbortedError: [WinError 10053] An established connection was aborted by the software in your host machine
----------------------------------------
----------------------------------------
Exception occurred during processing of request from ('10.64.253.106', 62147)
Traceback (most recent call last):
  File "C:\Program Files\Python311\Lib\site-packages\mysql\connector\pooling.py", line 654, in get_connection
    cnx = self._cnx_queue.get(block=False)
          ^^^^^^^^^^^^^^^^^^^^^^^^^^^^^^^^
  File "C:\Program Files\Python311\Lib\queue.py", line 168, in get
    raise Empty
_queue.Empty

The above exception was the direct cause of the following exception:

Traceback (most recent call last):
  File "C:\Anup\6gsimulation\sixgr_foundation_v2 (2)\apps\lls_web_dashboard.py", line 12692, in do_GET
    self.respond_json(build_live_payload(run_id))
                      ^^^^^^^^^^^^^^^^^^^^^^^^^^
  File "C:\Anup\6gsimulation\sixgr_foundation_v2 (2)\apps\lls_web_dashboard.py", line 7914, in build_live_payload
    contract_materializer.materialize_run_contract_artifacts(
  File "C:\Anup\6gsimulation\sixgr_foundation_v2 (2)\apps\lls_contract_materializer.py", line 1841, in materialize_run_contract_artifacts
    contract_owned_paths = _contract_owned_paths(artifacts, db_connection_factory)
                           ^^^^^^^^^^^^^^^^^^^^^^^^^^^^^^^^^^^^^^^^^^^^^^^^^^^^^^^
  File "C:\Anup\6gsimulation\sixgr_foundation_v2 (2)\apps\lls_contract_materializer.py", line 857, in _contract_owned_paths
    if _artifact_is_contract_owned(artifact, db_connection_factory):
       ^^^^^^^^^^^^^^^^^^^^^^^^^^^^^^^^^^^^^^^^^^^^^^^^^^^^^^^^^^^^
  File "C:\Anup\6gsimulation\sixgr_foundation_v2 (2)\apps\lls_contract_materializer.py", line 840, in _artifact_is_contract_owned
    payload = _artifact_metadata_json(artifact, db_connection_factory)
              ^^^^^^^^^^^^^^^^^^^^^^^^^^^^^^^^^^^^^^^^^^^^^^^^^^^^^^^^
  File "C:\Anup\6gsimulation\sixgr_foundation_v2 (2)\apps\lls_contract_materializer.py", line 1739, in _artifact_metadata_json
    with db_connection_factory() as conn:
         ^^^^^^^^^^^^^^^^^^^^^^^
  File "C:\Anup\6gsimulation\sixgr_foundation_v2 (2)\apps\lls_web_dashboard.py", line 153, in db_connection
    return pool.get_connection()
           ^^^^^^^^^^^^^^^^^^^^^
  File "C:\Program Files\Python311\Lib\site-packages\mysql\connector\pooling.py", line 656, in get_connection
    raise PoolError("Failed getting connection; pool exhausted") from err
mysql.connector.errors.PoolError: Failed getting connection; pool exhausted

During handling of the above exception, another exception occurred:

Traceback (most recent call last):
  File "C:\Program Files\Python311\Lib\socketserver.py", line 691, in process_request_thread
    self.finish_request(request, client_address)
  File "C:\Program Files\Python311\Lib\socketserver.py", line 361, in finish_request
    self.RequestHandlerClass(request, client_address, self)
  File "C:\Program Files\Python311\Lib\socketserver.py", line 755, in __init__
    self.handle()
  File "C:\Program Files\Python311\Lib\http\server.py", line 436, in handle
    self.handle_one_request()
  File "C:\Program Files\Python311\Lib\http\server.py", line 424, in handle_one_request
    method()
  File "C:\Anup\6gsimulation\sixgr_foundation_v2 (2)\apps\lls_web_dashboard.py", line 12714, in do_GET
    self.send_error(HTTPStatus.INTERNAL_SERVER_ERROR, str(exc))
  File "C:\Program Files\Python311\Lib\http\server.py", line 491, in send_error
    self.wfile.write(body)
  File "C:\Program Files\Python311\Lib\socketserver.py", line 834, in write
    self._sock.sendall(b)
ConnectionAbortedError: [WinError 10053] An established connection was aborted by the software in your host machine
----------------------------------------
----------------------------------------
Exception occurred during processing of request from ('10.64.253.106', 62137)
Traceback (most recent call last):
  File "C:\Program Files\Python311\Lib\site-packages\mysql\connector\pooling.py", line 654, in get_connection
    cnx = self._cnx_queue.get(block=False)
          ^^^^^^^^^^^^^^^^^^^^^^^^^^^^^^^^
  File "C:\Program Files\Python311\Lib\queue.py", line 168, in get
    raise Empty
_queue.Empty

The above exception was the direct cause of the following exception:

Traceback (most recent call last):
  File "C:\Anup\6gsimulation\sixgr_foundation_v2 (2)\apps\lls_web_dashboard.py", line 12692, in do_GET
    self.respond_json(build_live_payload(run_id))
                      ^^^^^^^^^^^^^^^^^^^^^^^^^^
  File "C:\Anup\6gsimulation\sixgr_foundation_v2 (2)\apps\lls_web_dashboard.py", line 7914, in build_live_payload
    contract_materializer.materialize_run_contract_artifacts(
  File "C:\Anup\6gsimulation\sixgr_foundation_v2 (2)\apps\lls_contract_materializer.py", line 1859, in materialize_run_contract_artifacts
    contract_current = _existing_contract_artifacts_current(existing, db_connection_factory, feature_policy)
                       ^^^^^^^^^^^^^^^^^^^^^^^^^^^^^^^^^^^^^^^^^^^^^^^^^^^^^^^^^^^^^^^^^^^^^^^^^^^^^^^^^^^^^
  File "C:\Anup\6gsimulation\sixgr_foundation_v2 (2)\apps\lls_contract_materializer.py", line 1779, in _existing_contract_artifacts_current
    if not _artifact_has_current_materializer_version(image_artifact, db_connection_factory):
           ^^^^^^^^^^^^^^^^^^^^^^^^^^^^^^^^^^^^^^^^^^^^^^^^^^^^^^^^^^^^^^^^^^^^^^^^^^^^^^^^^
  File "C:\Anup\6gsimulation\sixgr_foundation_v2 (2)\apps\lls_contract_materializer.py", line 1752, in _artifact_has_current_materializer_version
    payload = _artifact_metadata_json(artifact, db_connection_factory)
              ^^^^^^^^^^^^^^^^^^^^^^^^^^^^^^^^^^^^^^^^^^^^^^^^^^^^^^^^
  File "C:\Anup\6gsimulation\sixgr_foundation_v2 (2)\apps\lls_contract_materializer.py", line 1739, in _artifact_metadata_json
    with db_connection_factory() as conn:
         ^^^^^^^^^^^^^^^^^^^^^^^
  File "C:\Anup\6gsimulation\sixgr_foundation_v2 (2)\apps\lls_web_dashboard.py", line 153, in db_connection
    return pool.get_connection()
           ^^^^^^^^^^^^^^^^^^^^^
  File "C:\Program Files\Python311\Lib\site-packages\mysql\connector\pooling.py", line 656, in get_connection
    raise PoolError("Failed getting connection; pool exhausted") from err
mysql.connector.errors.PoolError: Failed getting connection; pool exhausted

During handling of the above exception, another exception occurred:

Traceback (most recent call last):
  File "C:\Program Files\Python311\Lib\socketserver.py", line 691, in process_request_thread
    self.finish_request(request, client_address)
  File "C:\Program Files\Python311\Lib\socketserver.py", line 361, in finish_request
    self.RequestHandlerClass(request, client_address, self)
  File "C:\Program Files\Python311\Lib\socketserver.py", line 755, in __init__
    self.handle()
  File "C:\Program Files\Python311\Lib\http\server.py", line 436, in handle
    self.handle_one_request()
  File "C:\Program Files\Python311\Lib\http\server.py", line 424, in handle_one_request
    method()
  File "C:\Anup\6gsimulation\sixgr_foundation_v2 (2)\apps\lls_web_dashboard.py", line 12714, in do_GET
    self.send_error(HTTPStatus.INTERNAL_SERVER_ERROR, str(exc))
  File "C:\Program Files\Python311\Lib\http\server.py", line 491, in send_error
    self.wfile.write(body)
  File "C:\Program Files\Python311\Lib\socketserver.py", line 834, in write
    self._sock.sendall(b)
ConnectionAbortedError: [WinError 10053] An established connection was aborted by the software in your host machine
----------------------------------------
----------------------------------------
Exception occurred during processing of request from ('10.64.253.106', 62136)
Traceback (most recent call last):
  File "C:\Program Files\Python311\Lib\site-packages\mysql\connector\pooling.py", line 654, in get_connection
    cnx = self._cnx_queue.get(block=False)
          ^^^^^^^^^^^^^^^^^^^^^^^^^^^^^^^^
  File "C:\Program Files\Python311\Lib\queue.py", line 168, in get
    raise Empty
_queue.Empty

The above exception was the direct cause of the following exception:

Traceback (most recent call last):
  File "C:\Anup\6gsimulation\sixgr_foundation_v2 (2)\apps\lls_web_dashboard.py", line 12692, in do_GET
    self.respond_json(build_live_payload(run_id))
                      ^^^^^^^^^^^^^^^^^^^^^^^^^^
  File "C:\Anup\6gsimulation\sixgr_foundation_v2 (2)\apps\lls_web_dashboard.py", line 7914, in build_live_payload
    contract_materializer.materialize_run_contract_artifacts(
  File "C:\Anup\6gsimulation\sixgr_foundation_v2 (2)\apps\lls_contract_materializer.py", line 1859, in materialize_run_contract_artifacts
    contract_current = _existing_contract_artifacts_current(existing, db_connection_factory, feature_policy)
                       ^^^^^^^^^^^^^^^^^^^^^^^^^^^^^^^^^^^^^^^^^^^^^^^^^^^^^^^^^^^^^^^^^^^^^^^^^^^^^^^^^^^^^
  File "C:\Anup\6gsimulation\sixgr_foundation_v2 (2)\apps\lls_contract_materializer.py", line 1777, in _existing_contract_artifacts_current
    if not _artifact_has_current_materializer_version(csv_artifact, db_connection_factory):
           ^^^^^^^^^^^^^^^^^^^^^^^^^^^^^^^^^^^^^^^^^^^^^^^^^^^^^^^^^^^^^^^^^^^^^^^^^^^^^^^
  File "C:\Anup\6gsimulation\sixgr_foundation_v2 (2)\apps\lls_contract_materializer.py", line 1752, in _artifact_has_current_materializer_version
    payload = _artifact_metadata_json(artifact, db_connection_factory)
              ^^^^^^^^^^^^^^^^^^^^^^^^^^^^^^^^^^^^^^^^^^^^^^^^^^^^^^^^
  File "C:\Anup\6gsimulation\sixgr_foundation_v2 (2)\apps\lls_contract_materializer.py", line 1739, in _artifact_metadata_json
    with db_connection_factory() as conn:
         ^^^^^^^^^^^^^^^^^^^^^^^
  File "C:\Anup\6gsimulation\sixgr_foundation_v2 (2)\apps\lls_web_dashboard.py", line 153, in db_connection
    return pool.get_connection()
           ^^^^^^^^^^^^^^^^^^^^^
  File "C:\Program Files\Python311\Lib\site-packages\mysql\connector\pooling.py", line 656, in get_connection
    raise PoolError("Failed getting connection; pool exhausted") from err
mysql.connector.errors.PoolError: Failed getting connection; pool exhausted

During handling of the above exception, another exception occurred:

Traceback (most recent call last):
  File "C:\Program Files\Python311\Lib\socketserver.py", line 691, in process_request_thread
    self.finish_request(request, client_address)
  File "C:\Program Files\Python311\Lib\socketserver.py", line 361, in finish_request
    self.RequestHandlerClass(request, client_address, self)
  File "C:\Program Files\Python311\Lib\socketserver.py", line 755, in __init__
    self.handle()
  File "C:\Program Files\Python311\Lib\http\server.py", line 436, in handle
    self.handle_one_request()
  File "C:\Program Files\Python311\Lib\http\server.py", line 424, in handle_one_request
    method()
  File "C:\Anup\6gsimulation\sixgr_foundation_v2 (2)\apps\lls_web_dashboard.py", line 12714, in do_GET
    self.send_error(HTTPStatus.INTERNAL_SERVER_ERROR, str(exc))
  File "C:\Program Files\Python311\Lib\http\server.py", line 491, in send_error
    self.wfile.write(body)
  File "C:\Program Files\Python311\Lib\socketserver.py", line 834, in write
    self._sock.sendall(b)
ConnectionAbortedError: [WinError 10053] An established connection was aborted by the software in your host machine
----------------------------------------
----------------------------------------
Exception occurred during processing of request from ('10.64.253.106', 62133)
Traceback (most recent call last):
  File "C:\Anup\6gsimulation\sixgr_foundation_v2 (2)\apps\lls_web_dashboard.py", line 12692, in do_GET
    self.respond_json(build_live_payload(run_id))
  File "C:\Anup\6gsimulation\sixgr_foundation_v2 (2)\apps\lls_web_dashboard.py", line 12823, in respond_json
    self.wfile.write(raw)
  File "C:\Program Files\Python311\Lib\socketserver.py", line 834, in write
    self._sock.sendall(b)
ConnectionAbortedError: [WinError 10053] An established connection was aborted by the software in your host machine

During handling of the above exception, another exception occurred:

Traceback (most recent call last):
  File "C:\Program Files\Python311\Lib\socketserver.py", line 691, in process_request_thread
    self.finish_request(request, client_address)
  File "C:\Program Files\Python311\Lib\socketserver.py", line 361, in finish_request
    self.RequestHandlerClass(request, client_address, self)
  File "C:\Program Files\Python311\Lib\socketserver.py", line 755, in __init__
    self.handle()
  File "C:\Program Files\Python311\Lib\http\server.py", line 436, in handle
    self.handle_one_request()
  File "C:\Program Files\Python311\Lib\http\server.py", line 424, in handle_one_request
    method()
  File "C:\Anup\6gsimulation\sixgr_foundation_v2 (2)\apps\lls_web_dashboard.py", line 12714, in do_GET
    self.send_error(HTTPStatus.INTERNAL_SERVER_ERROR, str(exc))
  File "C:\Program Files\Python311\Lib\http\server.py", line 488, in send_error
    self.end_headers()
  File "C:\Program Files\Python311\Lib\http\server.py", line 538, in end_headers
    self.flush_headers()
  File "C:\Program Files\Python311\Lib\http\server.py", line 542, in flush_headers
    self.wfile.write(b"".join(self._headers_buffer))
  File "C:\Program Files\Python311\Lib\socketserver.py", line 834, in write
    self._sock.sendall(b)
ConnectionAbortedError: [WinError 10053] An established connection was aborted by the software in your host machine
----------------------------------------
----------------------------------------
Exception occurred during processing of request from ('10.64.253.106', 62141)
Traceback (most recent call last):
  File "C:\Anup\6gsimulation\sixgr_foundation_v2 (2)\apps\lls_web_dashboard.py", line 12692, in do_GET
    self.respond_json(build_live_payload(run_id))
  File "C:\Anup\6gsimulation\sixgr_foundation_v2 (2)\apps\lls_web_dashboard.py", line 12823, in respond_json
    self.wfile.write(raw)
  File "C:\Program Files\Python311\Lib\socketserver.py", line 834, in write
    self._sock.sendall(b)
ConnectionAbortedError: [WinError 10053] An established connection was aborted by the software in your host machine

During handling of the above exception, another exception occurred:

Traceback (most recent call last):
  File "C:\Program Files\Python311\Lib\socketserver.py", line 691, in process_request_thread
    self.finish_request(request, client_address)
  File "C:\Program Files\Python311\Lib\socketserver.py", line 361, in finish_request
    self.RequestHandlerClass(request, client_address, self)
  File "C:\Program Files\Python311\Lib\socketserver.py", line 755, in __init__
    self.handle()
  File "C:\Program Files\Python311\Lib\http\server.py", line 436, in handle
    self.handle_one_request()
  File "C:\Program Files\Python311\Lib\http\server.py", line 424, in handle_one_request
    method()
  File "C:\Anup\6gsimulation\sixgr_foundation_v2 (2)\apps\lls_web_dashboard.py", line 12714, in do_GET
    self.send_error(HTTPStatus.INTERNAL_SERVER_ERROR, str(exc))
  File "C:\Program Files\Python311\Lib\http\server.py", line 488, in send_error
    self.end_headers()
  File "C:\Program Files\Python311\Lib\http\server.py", line 538, in end_headers
    self.flush_headers()
  File "C:\Program Files\Python311\Lib\http\server.py", line 542, in flush_headers
    self.wfile.write(b"".join(self._headers_buffer))
  File "C:\Program Files\Python311\Lib\socketserver.py", line 834, in write
    self._sock.sendall(b)
ConnectionAbortedError: [WinError 10053] An established connection was aborted by the software in your host machine
----------------------------------------
----------------------------------------
Exception occurred during processing of request from ('10.64.253.106', 62140)
Traceback (most recent call last):
  File "C:\Anup\6gsimulation\sixgr_foundation_v2 (2)\apps\lls_web_dashboard.py", line 12692, in do_GET
    self.respond_json(build_live_payload(run_id))
  File "C:\Anup\6gsimulation\sixgr_foundation_v2 (2)\apps\lls_web_dashboard.py", line 12823, in respond_json
    self.wfile.write(raw)
  File "C:\Program Files\Python311\Lib\socketserver.py", line 834, in write
    self._sock.sendall(b)
ConnectionAbortedError: [WinError 10053] An established connection was aborted by the software in your host machine

During handling of the above exception, another exception occurred:

Traceback (most recent call last):
  File "C:\Program Files\Python311\Lib\socketserver.py", line 691, in process_request_thread
    self.finish_request(request, client_address)
  File "C:\Program Files\Python311\Lib\socketserver.py", line 361, in finish_request
    self.RequestHandlerClass(request, client_address, self)
  File "C:\Program Files\Python311\Lib\socketserver.py", line 755, in __init__
    self.handle()
  File "C:\Program Files\Python311\Lib\http\server.py", line 436, in handle
    self.handle_one_request()
  File "C:\Program Files\Python311\Lib\http\server.py", line 424, in handle_one_request
    method()
  File "C:\Anup\6gsimulation\sixgr_foundation_v2 (2)\apps\lls_web_dashboard.py", line 12714, in do_GET
    self.send_error(HTTPStatus.INTERNAL_SERVER_ERROR, str(exc))
  File "C:\Program Files\Python311\Lib\http\server.py", line 488, in send_error
    self.end_headers()
  File "C:\Program Files\Python311\Lib\http\server.py", line 538, in end_headers
    self.flush_headers()
  File "C:\Program Files\Python311\Lib\http\server.py", line 542, in flush_headers
    self.wfile.write(b"".join(self._headers_buffer))
  File "C:\Program Files\Python311\Lib\socketserver.py", line 834, in write
    self._sock.sendall(b)
ConnectionAbortedError: [WinError 10053] An established connection was aborted by the software in your host machine
----------------------------------------
----------------------------------------
Exception occurred during processing of request from ('10.64.253.106', 62149)
Traceback (most recent call last):
  File "C:\Anup\6gsimulation\sixgr_foundation_v2 (2)\apps\lls_web_dashboard.py", line 12692, in do_GET
    self.respond_json(build_live_payload(run_id))
  File "C:\Anup\6gsimulation\sixgr_foundation_v2 (2)\apps\lls_web_dashboard.py", line 12823, in respond_json
    self.wfile.write(raw)
  File "C:\Program Files\Python311\Lib\socketserver.py", line 834, in write
    self._sock.sendall(b)
ConnectionAbortedError: [WinError 10053] An established connection was aborted by the software in your host machine

During handling of the above exception, another exception occurred:

Traceback (most recent call last):
  File "C:\Program Files\Python311\Lib\socketserver.py", line 691, in process_request_thread
    self.finish_request(request, client_address)
  File "C:\Program Files\Python311\Lib\socketserver.py", line 361, in finish_request
    self.RequestHandlerClass(request, client_address, self)
  File "C:\Program Files\Python311\Lib\socketserver.py", line 755, in __init__
    self.handle()
  File "C:\Program Files\Python311\Lib\http\server.py", line 436, in handle
    self.handle_one_request()
  File "C:\Program Files\Python311\Lib\http\server.py", line 424, in handle_one_request
    method()
  File "C:\Anup\6gsimulation\sixgr_foundation_v2 (2)\apps\lls_web_dashboard.py", line 12714, in do_GET
    self.send_error(HTTPStatus.INTERNAL_SERVER_ERROR, str(exc))
  File "C:\Program Files\Python311\Lib\http\server.py", line 488, in send_error
    self.end_headers()
  File "C:\Program Files\Python311\Lib\http\server.py", line 538, in end_headers
    self.flush_headers()
  File "C:\Program Files\Python311\Lib\http\server.py", line 542, in flush_headers
    self.wfile.write(b"".join(self._headers_buffer))
  File "C:\Program Files\Python311\Lib\socketserver.py", line 834, in write
    self._sock.sendall(b)
ConnectionAbortedError: [WinError 10053] An established connection was aborted by the software in your host machine
----------------------------------------
----------------------------------------
Exception occurred during processing of request from ('10.64.253.106', 62150)
Traceback (most recent call last):
  File "C:\Anup\6gsimulation\sixgr_foundation_v2 (2)\apps\lls_web_dashboard.py", line 12692, in do_GET
    self.respond_json(build_live_payload(run_id))
  File "C:\Anup\6gsimulation\sixgr_foundation_v2 (2)\apps\lls_web_dashboard.py", line 12823, in respond_json
    self.wfile.write(raw)
  File "C:\Program Files\Python311\Lib\socketserver.py", line 834, in write
    self._sock.sendall(b)
ConnectionAbortedError: [WinError 10053] An established connection was aborted by the software in your host machine

During handling of the above exception, another exception occurred:

Traceback (most recent call last):
  File "C:\Program Files\Python311\Lib\socketserver.py", line 691, in process_request_thread
    self.finish_request(request, client_address)
  File "C:\Program Files\Python311\Lib\socketserver.py", line 361, in finish_request
    self.RequestHandlerClass(request, client_address, self)
  File "C:\Program Files\Python311\Lib\socketserver.py", line 755, in __init__
    self.handle()
  File "C:\Program Files\Python311\Lib\http\server.py", line 436, in handle
    self.handle_one_request()
  File "C:\Program Files\Python311\Lib\http\server.py", line 424, in handle_one_request
    method()
  File "C:\Anup\6gsimulation\sixgr_foundation_v2 (2)\apps\lls_web_dashboard.py", line 12714, in do_GET
    self.send_error(HTTPStatus.INTERNAL_SERVER_ERROR, str(exc))
  File "C:\Program Files\Python311\Lib\http\server.py", line 488, in send_error
    self.end_headers()
  File "C:\Program Files\Python311\Lib\http\server.py", line 538, in end_headers
    self.flush_headers()
  File "C:\Program Files\Python311\Lib\http\server.py", line 542, in flush_headers
    self.wfile.write(b"".join(self._headers_buffer))
  File "C:\Program Files\Python311\Lib\socketserver.py", line 834, in write
    self._sock.sendall(b)
ConnectionAbortedError: [WinError 10053] An established connection was aborted by the software in your host machine
----------------------------------------
----------------------------------------
Exception occurred during processing of request from ('10.64.253.106', 62151)
Traceback (most recent call last):
  File "C:\Anup\6gsimulation\sixgr_foundation_v2 (2)\apps\lls_web_dashboard.py", line 12692, in do_GET
    self.respond_json(build_live_payload(run_id))
  File "C:\Anup\6gsimulation\sixgr_foundation_v2 (2)\apps\lls_web_dashboard.py", line 12823, in respond_json
    self.wfile.write(raw)
  File "C:\Program Files\Python311\Lib\socketserver.py", line 834, in write
    self._sock.sendall(b)
ConnectionAbortedError: [WinError 10053] An established connection was aborted by the software in your host machine

During handling of the above exception, another exception occurred:

Traceback (most recent call last):
  File "C:\Program Files\Python311\Lib\socketserver.py", line 691, in process_request_thread
    self.finish_request(request, client_address)
  File "C:\Program Files\Python311\Lib\socketserver.py", line 361, in finish_request
    self.RequestHandlerClass(request, client_address, self)
  File "C:\Program Files\Python311\Lib\socketserver.py", line 755, in __init__
    self.handle()
  File "C:\Program Files\Python311\Lib\http\server.py", line 436, in handle
    self.handle_one_request()
  File "C:\Program Files\Python311\Lib\http\server.py", line 424, in handle_one_request
    method()
  File "C:\Anup\6gsimulation\sixgr_foundation_v2 (2)\apps\lls_web_dashboard.py", line 12714, in do_GET
    self.send_error(HTTPStatus.INTERNAL_SERVER_ERROR, str(exc))
  File "C:\Program Files\Python311\Lib\http\server.py", line 488, in send_error
    self.end_headers()
  File "C:\Program Files\Python311\Lib\http\server.py", line 538, in end_headers
    self.flush_headers()
  File "C:\Program Files\Python311\Lib\http\server.py", line 542, in flush_headers
    self.wfile.write(b"".join(self._headers_buffer))
  File "C:\Program Files\Python311\Lib\socketserver.py", line 834, in write
    self._sock.sendall(b)
ConnectionAbortedError: [WinError 10053] An established connection was aborted by the software in your host machine
----------------------------------------
----------------------------------------
Exception occurred during processing of request from ('10.64.253.106', 62449)
Traceback (most recent call last):
  File "C:\Program Files\Python311\Lib\site-packages\mysql\connector\pooling.py", line 654, in get_connection
    cnx = self._cnx_queue.get(block=False)
          ^^^^^^^^^^^^^^^^^^^^^^^^^^^^^^^^
  File "C:\Program Files\Python311\Lib\queue.py", line 168, in get
    raise Empty
_queue.Empty

The above exception was the direct cause of the following exception:

Traceback (most recent call last):
  File "C:\Anup\6gsimulation\sixgr_foundation_v2 (2)\apps\lls_web_dashboard.py", line 12692, in do_GET
    self.respond_json(build_live_payload(run_id))
                      ^^^^^^^^^^^^^^^^^^^^^^^^^^
  File "C:\Anup\6gsimulation\sixgr_foundation_v2 (2)\apps\lls_web_dashboard.py", line 7914, in build_live_payload
    contract_materializer.materialize_run_contract_artifacts(
  File "C:\Anup\6gsimulation\sixgr_foundation_v2 (2)\apps\lls_contract_materializer.py", line 1850, in materialize_run_contract_artifacts
    current_source_watermark = _source_artifact_high_watermark(artifacts, db_connection_factory)
                               ^^^^^^^^^^^^^^^^^^^^^^^^^^^^^^^^^^^^^^^^^^^^^^^^^^^^^^^^^^^^^^^^^
  File "C:\Anup\6gsimulation\sixgr_foundation_v2 (2)\apps\lls_contract_materializer.py", line 868, in _source_artifact_high_watermark
    contract_paths = _contract_owned_paths(artifacts, db_connection_factory)
                     ^^^^^^^^^^^^^^^^^^^^^^^^^^^^^^^^^^^^^^^^^^^^^^^^^^^^^^^
  File "C:\Anup\6gsimulation\sixgr_foundation_v2 (2)\apps\lls_contract_materializer.py", line 857, in _contract_owned_paths
    if _artifact_is_contract_owned(artifact, db_connection_factory):
       ^^^^^^^^^^^^^^^^^^^^^^^^^^^^^^^^^^^^^^^^^^^^^^^^^^^^^^^^^^^^
----------------------------------------
----------------------------------------
Exception occurred during processing of request from ('10.64.253.106', 62466)
Exception occurred during processing of request from ('10.64.253.106', 62455)
----------------------------------------
  File "C:\Anup\6gsimulation\sixgr_foundation_v2 (2)\apps\lls_contract_materializer.py", line 840, in _artifact_is_contract_owned
    payload = _artifact_metadata_json(artifact, db_connection_factory)
              ^^^^^^^^^^^^^^^^^^^^^^^^^^^^^^^^^^^^^^^^^^^^^^^^^^^^^^^^
Traceback (most recent call last):
----------------------------------------
Exception occurred during processing of request from ('10.64.253.106', 62468)
  File "C:\Anup\6gsimulation\sixgr_foundation_v2 (2)\apps\lls_contract_materializer.py", line 1739, in _artifact_metadata_json
    with db_connection_factory() as conn:
         ^^^^^^^^^^^^^^^^^^^^^^^
Traceback (most recent call last):
Exception occurred during processing of request from ('10.64.253.106', 62446)
  File "C:\Program Files\Python311\Lib\site-packages\mysql\connector\pooling.py", line 654, in get_connection
    cnx = self._cnx_queue.get(block=False)
          ^^^^^^^^^^^^^^^^^^^^^^^^^^^^^^^^
  File "C:\Anup\6gsimulation\sixgr_foundation_v2 (2)\apps\lls_web_dashboard.py", line 153, in db_connection
    return pool.get_connection()
           ^^^^^^^^^^^^^^^^^^^^^
Traceback (most recent call last):
  File "C:\Program Files\Python311\Lib\site-packages\mysql\connector\pooling.py", line 654, in get_connection
    cnx = self._cnx_queue.get(block=False)
          ^^^^^^^^^^^^^^^^^^^^^^^^^^^^^^^^
  File "C:\Program Files\Python311\Lib\site-packages\mysql\connector\pooling.py", line 656, in get_connection
    raise PoolError("Failed getting connection; pool exhausted") from err
  File "C:\Program Files\Python311\Lib\site-packages\mysql\connector\pooling.py", line 654, in get_connection
    cnx = self._cnx_queue.get(block=False)
          ^^^^^^^^^^^^^^^^^^^^^^^^^^^^^^^^
  File "C:\Program Files\Python311\Lib\queue.py", line 168, in get
    raise Empty
mysql.connector.errors.PoolError: Failed getting connection; pool exhausted
  File "C:\Program Files\Python311\Lib\queue.py", line 168, in get
    raise Empty
_queue.Empty
Traceback (most recent call last):
  File "C:\Program Files\Python311\Lib\queue.py", line 168, in get
    raise Empty
----------------------------------------

During handling of the above exception, another exception occurred:

_queue.Empty

The above exception was the direct cause of the following exception:

  File "C:\Program Files\Python311\Lib\site-packages\mysql\connector\pooling.py", line 654, in get_connection
    cnx = self._cnx_queue.get(block=False)
          ^^^^^^^^^^^^^^^^^^^^^^^^^^^^^^^^
_queue.Empty
Exception occurred during processing of request from ('10.64.253.106', 62460)
Traceback (most recent call last):

The above exception was the direct cause of the following exception:

Traceback (most recent call last):
  File "C:\Program Files\Python311\Lib\socketserver.py", line 691, in process_request_thread
    self.finish_request(request, client_address)
Traceback (most recent call last):
  File "C:\Anup\6gsimulation\sixgr_foundation_v2 (2)\apps\lls_web_dashboard.py", line 12692, in do_GET
    self.respond_json(build_live_payload(run_id))
                      ^^^^^^^^^^^^^^^^^^^^^^^^^^
Traceback (most recent call last):
  File "C:\Program Files\Python311\Lib\queue.py", line 168, in get
    raise Empty
  File "C:\Anup\6gsimulation\sixgr_foundation_v2 (2)\apps\lls_web_dashboard.py", line 12692, in do_GET
    self.respond_json(build_live_payload(run_id))
                      ^^^^^^^^^^^^^^^^^^^^^^^^^^
  File "C:\Program Files\Python311\Lib\socketserver.py", line 361, in finish_request
    self.RequestHandlerClass(request, client_address, self)
_queue.Empty
  File "C:\Anup\6gsimulation\sixgr_foundation_v2 (2)\apps\lls_web_dashboard.py", line 7914, in build_live_payload
    contract_materializer.materialize_run_contract_artifacts(
  File "C:\Program Files\Python311\Lib\site-packages\mysql\connector\pooling.py", line 654, in get_connection
    cnx = self._cnx_queue.get(block=False)
          ^^^^^^^^^^^^^^^^^^^^^^^^^^^^^^^^

The above exception was the direct cause of the following exception:

  File "C:\Anup\6gsimulation\sixgr_foundation_v2 (2)\apps\lls_web_dashboard.py", line 7890, in build_live_payload
    run_row = fetch_run(run_id)
              ^^^^^^^^^^^^^^^^^
  File "C:\Program Files\Python311\Lib\socketserver.py", line 755, in __init__
    self.handle()

The above exception was the direct cause of the following exception:

  File "C:\Anup\6gsimulation\sixgr_foundation_v2 (2)\apps\lls_contract_materializer.py", line 1841, in materialize_run_contract_artifacts
    contract_owned_paths = _contract_owned_paths(artifacts, db_connection_factory)
                           ^^^^^^^^^^^^^^^^^^^^^^^^^^^^^^^^^^^^^^^^^^^^^^^^^^^^^^^
  File "C:\Program Files\Python311\Lib\queue.py", line 168, in get
    raise Empty
Traceback (most recent call last):
  File "C:\Anup\6gsimulation\sixgr_foundation_v2 (2)\apps\lls_web_dashboard.py", line 2758, in fetch_run
    with db_connection() as conn:
         ^^^^^^^^^^^^^^^
  File "C:\Program Files\Python311\Lib\http\server.py", line 436, in handle
    self.handle_one_request()
Traceback (most recent call last):
  File "C:\Anup\6gsimulation\sixgr_foundation_v2 (2)\apps\lls_contract_materializer.py", line 857, in _contract_owned_paths
    if _artifact_is_contract_owned(artifact, db_connection_factory):
       ^^^^^^^^^^^^^^^^^^^^^^^^^^^^^^^^^^^^^^^^^^^^^^^^^^^^^^^^^^^^
_queue.Empty
  File "C:\Anup\6gsimulation\sixgr_foundation_v2 (2)\apps\lls_web_dashboard.py", line 12692, in do_GET
    self.respond_json(build_live_payload(run_id))
                      ^^^^^^^^^^^^^^^^^^^^^^^^^^
  File "C:\Anup\6gsimulation\sixgr_foundation_v2 (2)\apps\lls_web_dashboard.py", line 153, in db_connection
    return pool.get_connection()
           ^^^^^^^^^^^^^^^^^^^^^
  File "C:\Program Files\Python311\Lib\http\server.py", line 424, in handle_one_request
    method()
  File "C:\Anup\6gsimulation\sixgr_foundation_v2 (2)\apps\lls_web_dashboard.py", line 12692, in do_GET
    self.respond_json(build_live_payload(run_id))
                      ^^^^^^^^^^^^^^^^^^^^^^^^^^
  File "C:\Anup\6gsimulation\sixgr_foundation_v2 (2)\apps\lls_contract_materializer.py", line 840, in _artifact_is_contract_owned
    payload = _artifact_metadata_json(artifact, db_connection_factory)
              ^^^^^^^^^^^^^^^^^^^^^^^^^^^^^^^^^^^^^^^^^^^^^^^^^^^^^^^^

The above exception was the direct cause of the following exception:

  File "C:\Anup\6gsimulation\sixgr_foundation_v2 (2)\apps\lls_web_dashboard.py", line 7890, in build_live_payload
    run_row = fetch_run(run_id)
              ^^^^^^^^^^^^^^^^^
  File "C:\Program Files\Python311\Lib\site-packages\mysql\connector\pooling.py", line 656, in get_connection
    raise PoolError("Failed getting connection; pool exhausted") from err
  File "C:\Anup\6gsimulation\sixgr_foundation_v2 (2)\apps\lls_web_dashboard.py", line 12714, in do_GET
    self.send_error(HTTPStatus.INTERNAL_SERVER_ERROR, str(exc))
  File "C:\Anup\6gsimulation\sixgr_foundation_v2 (2)\apps\lls_web_dashboard.py", line 7914, in build_live_payload
    contract_materializer.materialize_run_contract_artifacts(
  File "C:\Anup\6gsimulation\sixgr_foundation_v2 (2)\apps\lls_contract_materializer.py", line 1739, in _artifact_metadata_json
    with db_connection_factory() as conn:
         ^^^^^^^^^^^^^^^^^^^^^^^
Traceback (most recent call last):
  File "C:\Anup\6gsimulation\sixgr_foundation_v2 (2)\apps\lls_web_dashboard.py", line 2758, in fetch_run
    with db_connection() as conn:
         ^^^^^^^^^^^^^^^
mysql.connector.errors.PoolError: Failed getting connection; pool exhausted
  File "C:\Program Files\Python311\Lib\http\server.py", line 491, in send_error
    self.wfile.write(body)
  File "C:\Anup\6gsimulation\sixgr_foundation_v2 (2)\apps\lls_contract_materializer.py", line 1859, in materialize_run_contract_artifacts
    contract_current = _existing_contract_artifacts_current(existing, db_connection_factory, feature_policy)
                       ^^^^^^^^^^^^^^^^^^^^^^^^^^^^^^^^^^^^^^^^^^^^^^^^^^^^^^^^^^^^^^^^^^^^^^^^^^^^^^^^^^^^^
  File "C:\Anup\6gsimulation\sixgr_foundation_v2 (2)\apps\lls_web_dashboard.py", line 153, in db_connection
    return pool.get_connection()
           ^^^^^^^^^^^^^^^^^^^^^
  File "C:\Anup\6gsimulation\sixgr_foundation_v2 (2)\apps\lls_web_dashboard.py", line 12692, in do_GET
    self.respond_json(build_live_payload(run_id))
                      ^^^^^^^^^^^^^^^^^^^^^^^^^^
  File "C:\Anup\6gsimulation\sixgr_foundation_v2 (2)\apps\lls_web_dashboard.py", line 153, in db_connection
    return pool.get_connection()
           ^^^^^^^^^^^^^^^^^^^^^

During handling of the above exception, another exception occurred:

  File "C:\Program Files\Python311\Lib\socketserver.py", line 834, in write
    self._sock.sendall(b)
  File "C:\Anup\6gsimulation\sixgr_foundation_v2 (2)\apps\lls_contract_materializer.py", line 1777, in _existing_contract_artifacts_current
    if not _artifact_has_current_materializer_version(csv_artifact, db_connection_factory):
           ^^^^^^^^^^^^^^^^^^^^^^^^^^^^^^^^^^^^^^^^^^^^^^^^^^^^^^^^^^^^^^^^^^^^^^^^^^^^^^^
  File "C:\Program Files\Python311\Lib\site-packages\mysql\connector\pooling.py", line 656, in get_connection
    raise PoolError("Failed getting connection; pool exhausted") from err
  File "C:\Anup\6gsimulation\sixgr_foundation_v2 (2)\apps\lls_web_dashboard.py", line 7896, in build_live_payload
    artifacts = fetch_artifacts(run_id)
                ^^^^^^^^^^^^^^^^^^^^^^^
  File "C:\Program Files\Python311\Lib\site-packages\mysql\connector\pooling.py", line 656, in get_connection
    raise PoolError("Failed getting connection; pool exhausted") from err
Traceback (most recent call last):
ConnectionAbortedError: [WinError 10053] An established connection was aborted by the software in your host machine
  File "C:\Anup\6gsimulation\sixgr_foundation_v2 (2)\apps\lls_contract_materializer.py", line 1752, in _artifact_has_current_materializer_version
    payload = _artifact_metadata_json(artifact, db_connection_factory)
              ^^^^^^^^^^^^^^^^^^^^^^^^^^^^^^^^^^^^^^^^^^^^^^^^^^^^^^^^
mysql.connector.errors.PoolError: Failed getting connection; pool exhausted
  File "C:\Anup\6gsimulation\sixgr_foundation_v2 (2)\apps\lls_web_dashboard.py", line 2821, in fetch_artifacts
    with db_connection() as conn:
         ^^^^^^^^^^^^^^^
mysql.connector.errors.PoolError: Failed getting connection; pool exhausted
  File "C:\Program Files\Python311\Lib\socketserver.py", line 691, in process_request_thread
    self.finish_request(request, client_address)
----------------------------------------
  File "C:\Anup\6gsimulation\sixgr_foundation_v2 (2)\apps\lls_contract_materializer.py", line 1739, in _artifact_metadata_json
    with db_connection_factory() as conn:
         ^^^^^^^^^^^^^^^^^^^^^^^

During handling of the above exception, another exception occurred:

  File "C:\Anup\6gsimulation\sixgr_foundation_v2 (2)\apps\lls_web_dashboard.py", line 153, in db_connection
    return pool.get_connection()
           ^^^^^^^^^^^^^^^^^^^^^
  File "C:\Anup\6gsimulation\sixgr_foundation_v2 (2)\apps\lls_web_dashboard.py", line 153, in db_connection
    return pool.get_connection()
           ^^^^^^^^^^^^^^^^^^^^^
Traceback (most recent call last):
  File "C:\Program Files\Python311\Lib\site-packages\mysql\connector\pooling.py", line 656, in get_connection
    raise PoolError("Failed getting connection; pool exhausted") from err
  File "C:\Program Files\Python311\Lib\site-packages\mysql\connector\pooling.py", line 656, in get_connection
    raise PoolError("Failed getting connection; pool exhausted") from err
mysql.connector.errors.PoolError: Failed getting connection; pool exhausted
  File "C:\Program Files\Python311\Lib\socketserver.py", line 691, in process_request_thread
    self.finish_request(request, client_address)
  File "C:\Program Files\Python311\Lib\socketserver.py", line 361, in finish_request
    self.RequestHandlerClass(request, client_address, self)
  File "C:\Program Files\Python311\Lib\socketserver.py", line 361, in finish_request
    self.RequestHandlerClass(request, client_address, self)
  File "C:\Program Files\Python311\Lib\socketserver.py", line 755, in __init__
    self.handle()
mysql.connector.errors.PoolError: Failed getting connection; pool exhausted
  File "C:\Program Files\Python311\Lib\socketserver.py", line 755, in __init__
    self.handle()
  File "C:\Program Files\Python311\Lib\http\server.py", line 436, in handle
    self.handle_one_request()
  File "C:\Program Files\Python311\Lib\http\server.py", line 436, in handle
    self.handle_one_request()

During handling of the above exception, another exception occurred:


During handling of the above exception, another exception occurred:

  File "C:\Program Files\Python311\Lib\http\server.py", line 424, in handle_one_request
    method()
Traceback (most recent call last):
Traceback (most recent call last):
----------------------------------------

During handling of the above exception, another exception occurred:

  File "C:\Program Files\Python311\Lib\socketserver.py", line 691, in process_request_thread
    self.finish_request(request, client_address)
Exception occurred during processing of request from ('10.64.253.106', 62457)
Traceback (most recent call last):
  File "C:\Anup\6gsimulation\sixgr_foundation_v2 (2)\apps\lls_web_dashboard.py", line 12714, in do_GET
    self.send_error(HTTPStatus.INTERNAL_SERVER_ERROR, str(exc))
  File "C:\Program Files\Python311\Lib\socketserver.py", line 361, in finish_request
    self.RequestHandlerClass(request, client_address, self)
  File "C:\Program Files\Python311\Lib\http\server.py", line 424, in handle_one_request
    method()
----------------------------------------
  File "C:\Program Files\Python311\Lib\http\server.py", line 491, in send_error
    self.wfile.write(body)
  File "C:\Program Files\Python311\Lib\socketserver.py", line 755, in __init__
    self.handle()
  File "C:\Anup\6gsimulation\sixgr_foundation_v2 (2)\apps\lls_web_dashboard.py", line 12714, in do_GET
    self.send_error(HTTPStatus.INTERNAL_SERVER_ERROR, str(exc))
Exception occurred during processing of request from ('10.64.253.106', 62464)
  File "C:\Program Files\Python311\Lib\socketserver.py", line 834, in write
    self._sock.sendall(b)
  File "C:\Program Files\Python311\Lib\http\server.py", line 436, in handle
    self.handle_one_request()
  File "C:\Program Files\Python311\Lib\http\server.py", line 491, in send_error
    self.wfile.write(body)
  File "C:\Program Files\Python311\Lib\socketserver.py", line 691, in process_request_thread
    self.finish_request(request, client_address)
Traceback (most recent call last):
  File "C:\Program Files\Python311\Lib\http\server.py", line 424, in handle_one_request
    method()
  File "C:\Program Files\Python311\Lib\socketserver.py", line 834, in write
    self._sock.sendall(b)
  File "C:\Program Files\Python311\Lib\socketserver.py", line 361, in finish_request
    self.RequestHandlerClass(request, client_address, self)
  File "C:\Program Files\Python311\Lib\site-packages\mysql\connector\pooling.py", line 654, in get_connection
    cnx = self._cnx_queue.get(block=False)
          ^^^^^^^^^^^^^^^^^^^^^^^^^^^^^^^^
  File "C:\Anup\6gsimulation\sixgr_foundation_v2 (2)\apps\lls_web_dashboard.py", line 12714, in do_GET
    self.send_error(HTTPStatus.INTERNAL_SERVER_ERROR, str(exc))
ConnectionAbortedError: [WinError 10053] An established connection was aborted by the software in your host machine
  File "C:\Program Files\Python311\Lib\socketserver.py", line 755, in __init__
    self.handle()
  File "C:\Program Files\Python311\Lib\queue.py", line 168, in get
    raise Empty
  File "C:\Program Files\Python311\Lib\http\server.py", line 491, in send_error
    self.wfile.write(body)
----------------------------------------
  File "C:\Program Files\Python311\Lib\http\server.py", line 436, in handle
    self.handle_one_request()
_queue.Empty
  File "C:\Program Files\Python311\Lib\socketserver.py", line 834, in write
    self._sock.sendall(b)
ConnectionAbortedError: [WinError 10053] An established connection was aborted by the software in your host machine
Traceback (most recent call last):
  File "C:\Program Files\Python311\Lib\socketserver.py", line 691, in process_request_thread
    self.finish_request(request, client_address)
ConnectionAbortedError: [WinError 10053] An established connection was aborted by the software in your host machine
----------------------------------------
Exception occurred during processing of request from ('10.64.253.106', 62458)
  File "C:\Program Files\Python311\Lib\site-packages\mysql\connector\pooling.py", line 654, in get_connection
    cnx = self._cnx_queue.get(block=False)
          ^^^^^^^^^^^^^^^^^^^^^^^^^^^^^^^^
----------------------------------------
  File "C:\Program Files\Python311\Lib\http\server.py", line 424, in handle_one_request
    method()
----------------------------------------
----------------------------------------
  File "C:\Program Files\Python311\Lib\queue.py", line 168, in get
    raise Empty
  File "C:\Program Files\Python311\Lib\socketserver.py", line 361, in finish_request
    self.RequestHandlerClass(request, client_address, self)
----------------------------------------

The above exception was the direct cause of the following exception:

Traceback (most recent call last):
Exception occurred during processing of request from ('10.64.253.106', 62450)
  File "C:\Anup\6gsimulation\sixgr_foundation_v2 (2)\apps\lls_web_dashboard.py", line 12714, in do_GET
    self.send_error(HTTPStatus.INTERNAL_SERVER_ERROR, str(exc))
  File "C:\Program Files\Python311\Lib\http\server.py", line 491, in send_error
    self.wfile.write(body)
  File "C:\Anup\6gsimulation\sixgr_foundation_v2 (2)\apps\lls_web_dashboard.py", line 12692, in do_GET
    self.respond_json(build_live_payload(run_id))
                      ^^^^^^^^^^^^^^^^^^^^^^^^^^
  File "C:\Program Files\Python311\Lib\socketserver.py", line 755, in __init__
    self.handle()
Traceback (most recent call last):
  File "C:\Program Files\Python311\Lib\socketserver.py", line 834, in write
    self._sock.sendall(b)
  File "C:\Anup\6gsimulation\sixgr_foundation_v2 (2)\apps\lls_web_dashboard.py", line 7890, in build_live_payload
    run_row = fetch_run(run_id)
              ^^^^^^^^^^^^^^^^^
Traceback (most recent call last):
----------------------------------------
_queue.Empty
Exception occurred during processing of request from ('10.64.253.106', 62445)
  File "C:\Program Files\Python311\Lib\http\server.py", line 436, in handle
    self.handle_one_request()
  File "C:\Program Files\Python311\Lib\site-packages\mysql\connector\pooling.py", line 654, in get_connection
    cnx = self._cnx_queue.get(block=False)
          ^^^^^^^^^^^^^^^^^^^^^^^^^^^^^^^^
ConnectionAbortedError: [WinError 10053] An established connection was aborted by the software in your host machine
  File "C:\Anup\6gsimulation\sixgr_foundation_v2 (2)\apps\lls_web_dashboard.py", line 2758, in fetch_run
    with db_connection() as conn:
         ^^^^^^^^^^^^^^^
  File "C:\Anup\6gsimulation\sixgr_foundation_v2 (2)\apps\lls_web_dashboard.py", line 153, in db_connection
    return pool.get_connection()
           ^^^^^^^^^^^^^^^^^^^^^
  File "C:\Program Files\Python311\Lib\queue.py", line 168, in get
    raise Empty
----------------------------------------
Exception occurred during processing of request from ('10.64.253.106', 62459)
  File "C:\Program Files\Python311\Lib\site-packages\mysql\connector\pooling.py", line 656, in get_connection
    raise PoolError("Failed getting connection; pool exhausted") from err

The above exception was the direct cause of the following exception:

  File "C:\Program Files\Python311\Lib\site-packages\mysql\connector\pooling.py", line 654, in get_connection
    cnx = self._cnx_queue.get(block=False)
          ^^^^^^^^^^^^^^^^^^^^^^^^^^^^^^^^
Traceback (most recent call last):
_queue.Empty

The above exception was the direct cause of the following exception:

  File "C:\Program Files\Python311\Lib\queue.py", line 168, in get
    raise Empty
  File "C:\Program Files\Python311\Lib\site-packages\mysql\connector\pooling.py", line 654, in get_connection
    cnx = self._cnx_queue.get(block=False)
          ^^^^^^^^^^^^^^^^^^^^^^^^^^^^^^^^
  File "C:\Program Files\Python311\Lib\http\server.py", line 424, in handle_one_request
    method()
Traceback (most recent call last):
_queue.Empty
  File "C:\Program Files\Python311\Lib\queue.py", line 168, in get
    raise Empty
  File "C:\Anup\6gsimulation\sixgr_foundation_v2 (2)\apps\lls_web_dashboard.py", line 12714, in do_GET
    self.send_error(HTTPStatus.INTERNAL_SERVER_ERROR, str(exc))
  File "C:\Anup\6gsimulation\sixgr_foundation_v2 (2)\apps\lls_web_dashboard.py", line 12692, in do_GET
    self.respond_json(build_live_payload(run_id))
                      ^^^^^^^^^^^^^^^^^^^^^^^^^^

The above exception was the direct cause of the following exception:

_queue.Empty
  File "C:\Program Files\Python311\Lib\http\server.py", line 491, in send_error
    self.wfile.write(body)
  File "C:\Anup\6gsimulation\sixgr_foundation_v2 (2)\apps\lls_web_dashboard.py", line 7896, in build_live_payload
    artifacts = fetch_artifacts(run_id)
                ^^^^^^^^^^^^^^^^^^^^^^^
  File "C:\Anup\6gsimulation\sixgr_foundation_v2 (2)\apps\lls_web_dashboard.py", line 2821, in fetch_artifacts
    with db_connection() as conn:
         ^^^^^^^^^^^^^^^

The above exception was the direct cause of the following exception:

  File "C:\Program Files\Python311\Lib\socketserver.py", line 834, in write
    self._sock.sendall(b)
mysql.connector.errors.PoolError: Failed getting connection; pool exhausted
  File "C:\Anup\6gsimulation\sixgr_foundation_v2 (2)\apps\lls_web_dashboard.py", line 153, in db_connection
    return pool.get_connection()
           ^^^^^^^^^^^^^^^^^^^^^
Traceback (most recent call last):
ConnectionAbortedError: [WinError 10053] An established connection was aborted by the software in your host machine

During handling of the above exception, another exception occurred:

Traceback (most recent call last):
  File "C:\Anup\6gsimulation\sixgr_foundation_v2 (2)\apps\lls_web_dashboard.py", line 12692, in do_GET
    self.respond_json(build_live_payload(run_id))
                      ^^^^^^^^^^^^^^^^^^^^^^^^^^
----------------------------------------
  File "C:\Program Files\Python311\Lib\site-packages\mysql\connector\pooling.py", line 656, in get_connection
    raise PoolError("Failed getting connection; pool exhausted") from err
  File "C:\Program Files\Python311\Lib\socketserver.py", line 691, in process_request_thread
    self.finish_request(request, client_address)
  File "C:\Program Files\Python311\Lib\socketserver.py", line 361, in finish_request
    self.RequestHandlerClass(request, client_address, self)
Traceback (most recent call last):
Traceback (most recent call last):
  File "C:\Anup\6gsimulation\sixgr_foundation_v2 (2)\apps\lls_web_dashboard.py", line 7914, in build_live_payload
    contract_materializer.materialize_run_contract_artifacts(
mysql.connector.errors.PoolError: Failed getting connection; pool exhausted
Traceback (most recent call last):
  File "C:\Program Files\Python311\Lib\socketserver.py", line 755, in __init__
    self.handle()
  File "C:\Program Files\Python311\Lib\site-packages\mysql\connector\pooling.py", line 654, in get_connection
    cnx = self._cnx_queue.get(block=False)
          ^^^^^^^^^^^^^^^^^^^^^^^^^^^^^^^^
  File "C:\Anup\6gsimulation\sixgr_foundation_v2 (2)\apps\lls_web_dashboard.py", line 12692, in do_GET
    self.respond_json(build_live_payload(run_id))
                      ^^^^^^^^^^^^^^^^^^^^^^^^^^
  File "C:\Anup\6gsimulation\sixgr_foundation_v2 (2)\apps\lls_contract_materializer.py", line 1859, in materialize_run_contract_artifacts
    contract_current = _existing_contract_artifacts_current(existing, db_connection_factory, feature_policy)
                       ^^^^^^^^^^^^^^^^^^^^^^^^^^^^^^^^^^^^^^^^^^^^^^^^^^^^^^^^^^^^^^^^^^^^^^^^^^^^^^^^^^^^^

During handling of the above exception, another exception occurred:

  File "C:\Anup\6gsimulation\sixgr_foundation_v2 (2)\apps\lls_web_dashboard.py", line 12692, in do_GET
    self.respond_json(build_live_payload(run_id))
                      ^^^^^^^^^^^^^^^^^^^^^^^^^^
  File "C:\Program Files\Python311\Lib\http\server.py", line 436, in handle
    self.handle_one_request()
  File "C:\Program Files\Python311\Lib\queue.py", line 168, in get
    raise Empty
  File "C:\Anup\6gsimulation\sixgr_foundation_v2 (2)\apps\lls_web_dashboard.py", line 7914, in build_live_payload
    contract_materializer.materialize_run_contract_artifacts(
  File "C:\Anup\6gsimulation\sixgr_foundation_v2 (2)\apps\lls_contract_materializer.py", line 1779, in _existing_contract_artifacts_current
    if not _artifact_has_current_materializer_version(image_artifact, db_connection_factory):
           ^^^^^^^^^^^^^^^^^^^^^^^^^^^^^^^^^^^^^^^^^^^^^^^^^^^^^^^^^^^^^^^^^^^^^^^^^^^^^^^^^
Traceback (most recent call last):
  File "C:\Anup\6gsimulation\sixgr_foundation_v2 (2)\apps\lls_web_dashboard.py", line 7890, in build_live_payload
    run_row = fetch_run(run_id)
              ^^^^^^^^^^^^^^^^^
  File "C:\Program Files\Python311\Lib\http\server.py", line 424, in handle_one_request
    method()
_queue.Empty
  File "C:\Anup\6gsimulation\sixgr_foundation_v2 (2)\apps\lls_contract_materializer.py", line 1850, in materialize_run_contract_artifacts
    current_source_watermark = _source_artifact_high_watermark(artifacts, db_connection_factory)
                               ^^^^^^^^^^^^^^^^^^^^^^^^^^^^^^^^^^^^^^^^^^^^^^^^^^^^^^^^^^^^^^^^^
  File "C:\Anup\6gsimulation\sixgr_foundation_v2 (2)\apps\lls_contract_materializer.py", line 868, in _source_artifact_high_watermark
    contract_paths = _contract_owned_paths(artifacts, db_connection_factory)
                     ^^^^^^^^^^^^^^^^^^^^^^^^^^^^^^^^^^^^^^^^^^^^^^^^^^^^^^^
  File "C:\Program Files\Python311\Lib\socketserver.py", line 691, in process_request_thread
    self.finish_request(request, client_address)
  File "C:\Anup\6gsimulation\sixgr_foundation_v2 (2)\apps\lls_web_dashboard.py", line 2758, in fetch_run
    with db_connection() as conn:
         ^^^^^^^^^^^^^^^
  File "C:\Anup\6gsimulation\sixgr_foundation_v2 (2)\apps\lls_contract_materializer.py", line 1752, in _artifact_has_current_materializer_version
    payload = _artifact_metadata_json(artifact, db_connection_factory)
              ^^^^^^^^^^^^^^^^^^^^^^^^^^^^^^^^^^^^^^^^^^^^^^^^^^^^^^^^

The above exception was the direct cause of the following exception:

Traceback (most recent call last):
  File "C:\Anup\6gsimulation\sixgr_foundation_v2 (2)\apps\lls_contract_materializer.py", line 857, in _contract_owned_paths
    if _artifact_is_contract_owned(artifact, db_connection_factory):
       ^^^^^^^^^^^^^^^^^^^^^^^^^^^^^^^^^^^^^^^^^^^^^^^^^^^^^^^^^^^^
  File "C:\Program Files\Python311\Lib\socketserver.py", line 361, in finish_request
    self.RequestHandlerClass(request, client_address, self)
  File "C:\Anup\6gsimulation\sixgr_foundation_v2 (2)\apps\lls_web_dashboard.py", line 153, in db_connection
    return pool.get_connection()
           ^^^^^^^^^^^^^^^^^^^^^
  File "C:\Anup\6gsimulation\sixgr_foundation_v2 (2)\apps\lls_contract_materializer.py", line 1739, in _artifact_metadata_json
    with db_connection_factory() as conn:
         ^^^^^^^^^^^^^^^^^^^^^^^
  File "C:\Anup\6gsimulation\sixgr_foundation_v2 (2)\apps\lls_web_dashboard.py", line 12714, in do_GET
    self.send_error(HTTPStatus.INTERNAL_SERVER_ERROR, str(exc))
  File "C:\Anup\6gsimulation\sixgr_foundation_v2 (2)\apps\lls_web_dashboard.py", line 12692, in do_GET
    self.respond_json(build_live_payload(run_id))
                      ^^^^^^^^^^^^^^^^^^^^^^^^^^
  File "C:\Anup\6gsimulation\sixgr_foundation_v2 (2)\apps\lls_contract_materializer.py", line 840, in _artifact_is_contract_owned
    payload = _artifact_metadata_json(artifact, db_connection_factory)
              ^^^^^^^^^^^^^^^^^^^^^^^^^^^^^^^^^^^^^^^^^^^^^^^^^^^^^^^^
  File "C:\Program Files\Python311\Lib\socketserver.py", line 755, in __init__
    self.handle()
  File "C:\Program Files\Python311\Lib\site-packages\mysql\connector\pooling.py", line 656, in get_connection
    raise PoolError("Failed getting connection; pool exhausted") from err
  File "C:\Anup\6gsimulation\sixgr_foundation_v2 (2)\apps\lls_web_dashboard.py", line 153, in db_connection
    return pool.get_connection()
           ^^^^^^^^^^^^^^^^^^^^^
  File "C:\Program Files\Python311\Lib\http\server.py", line 491, in send_error
    self.wfile.write(body)
  File "C:\Anup\6gsimulation\sixgr_foundation_v2 (2)\apps\lls_web_dashboard.py", line 7896, in build_live_payload
    artifacts = fetch_artifacts(run_id)
                ^^^^^^^^^^^^^^^^^^^^^^^
  File "C:\Anup\6gsimulation\sixgr_foundation_v2 (2)\apps\lls_contract_materializer.py", line 1739, in _artifact_metadata_json
    with db_connection_factory() as conn:
         ^^^^^^^^^^^^^^^^^^^^^^^
  File "C:\Program Files\Python311\Lib\http\server.py", line 436, in handle
    self.handle_one_request()
mysql.connector.errors.PoolError: Failed getting connection; pool exhausted
  File "C:\Program Files\Python311\Lib\site-packages\mysql\connector\pooling.py", line 656, in get_connection
    raise PoolError("Failed getting connection; pool exhausted") from err
  File "C:\Program Files\Python311\Lib\socketserver.py", line 834, in write
    self._sock.sendall(b)
  File "C:\Anup\6gsimulation\sixgr_foundation_v2 (2)\apps\lls_web_dashboard.py", line 2821, in fetch_artifacts
    with db_connection() as conn:
         ^^^^^^^^^^^^^^^
  File "C:\Anup\6gsimulation\sixgr_foundation_v2 (2)\apps\lls_web_dashboard.py", line 153, in db_connection
    return pool.get_connection()
           ^^^^^^^^^^^^^^^^^^^^^
  File "C:\Program Files\Python311\Lib\site-packages\mysql\connector\pooling.py", line 656, in get_connection
    raise PoolError("Failed getting connection; pool exhausted") from err

During handling of the above exception, another exception occurred:

mysql.connector.errors.PoolError: Failed getting connection; pool exhausted
  File "C:\Program Files\Python311\Lib\http\server.py", line 424, in handle_one_request
    method()
  File "C:\Anup\6gsimulation\sixgr_foundation_v2 (2)\apps\lls_web_dashboard.py", line 153, in db_connection
    return pool.get_connection()
           ^^^^^^^^^^^^^^^^^^^^^
ConnectionAbortedError: [WinError 10053] An established connection was aborted by the software in your host machine
mysql.connector.errors.PoolError: Failed getting connection; pool exhausted
Traceback (most recent call last):

During handling of the above exception, another exception occurred:

Traceback (most recent call last):
----------------------------------------
  File "C:\Anup\6gsimulation\sixgr_foundation_v2 (2)\apps\lls_web_dashboard.py", line 12714, in do_GET
    self.send_error(HTTPStatus.INTERNAL_SERVER_ERROR, str(exc))
  File "C:\Program Files\Python311\Lib\socketserver.py", line 691, in process_request_thread
    self.finish_request(request, client_address)
  File "C:\Program Files\Python311\Lib\socketserver.py", line 691, in process_request_thread
    self.finish_request(request, client_address)
  File "C:\Program Files\Python311\Lib\http\server.py", line 491, in send_error
    self.wfile.write(body)
  File "C:\Program Files\Python311\Lib\socketserver.py", line 361, in finish_request
    self.RequestHandlerClass(request, client_address, self)
  File "C:\Program Files\Python311\Lib\socketserver.py", line 361, in finish_request
    self.RequestHandlerClass(request, client_address, self)
  File "C:\Program Files\Python311\Lib\socketserver.py", line 834, in write
    self._sock.sendall(b)
  File "C:\Program Files\Python311\Lib\socketserver.py", line 755, in __init__
    self.handle()
  File "C:\Program Files\Python311\Lib\socketserver.py", line 755, in __init__
    self.handle()
ConnectionAbortedError: [WinError 10053] An established connection was aborted by the software in your host machine
  File "C:\Program Files\Python311\Lib\http\server.py", line 436, in handle
    self.handle_one_request()
  File "C:\Program Files\Python311\Lib\http\server.py", line 436, in handle
    self.handle_one_request()
----------------------------------------
  File "C:\Program Files\Python311\Lib\http\server.py", line 424, in handle_one_request
    method()
  File "C:\Program Files\Python311\Lib\http\server.py", line 424, in handle_one_request
    method()
  File "C:\Program Files\Python311\Lib\site-packages\mysql\connector\pooling.py", line 656, in get_connection
    raise PoolError("Failed getting connection; pool exhausted") from err

During handling of the above exception, another exception occurred:

  File "C:\Anup\6gsimulation\sixgr_foundation_v2 (2)\apps\lls_web_dashboard.py", line 12714, in do_GET
    self.send_error(HTTPStatus.INTERNAL_SERVER_ERROR, str(exc))
  File "C:\Anup\6gsimulation\sixgr_foundation_v2 (2)\apps\lls_web_dashboard.py", line 12714, in do_GET
    self.send_error(HTTPStatus.INTERNAL_SERVER_ERROR, str(exc))
mysql.connector.errors.PoolError: Failed getting connection; pool exhausted
Traceback (most recent call last):
  File "C:\Program Files\Python311\Lib\http\server.py", line 491, in send_error
    self.wfile.write(body)
  File "C:\Program Files\Python311\Lib\http\server.py", line 491, in send_error
    self.wfile.write(body)

During handling of the above exception, another exception occurred:

  File "C:\Program Files\Python311\Lib\socketserver.py", line 691, in process_request_thread
    self.finish_request(request, client_address)
  File "C:\Program Files\Python311\Lib\socketserver.py", line 834, in write
    self._sock.sendall(b)
  File "C:\Program Files\Python311\Lib\socketserver.py", line 834, in write
    self._sock.sendall(b)
Traceback (most recent call last):
  File "C:\Program Files\Python311\Lib\socketserver.py", line 361, in finish_request
    self.RequestHandlerClass(request, client_address, self)
ConnectionAbortedError: [WinError 10053] An established connection was aborted by the software in your host machine
ConnectionAbortedError: [WinError 10053] An established connection was aborted by the software in your host machine
  File "C:\Program Files\Python311\Lib\socketserver.py", line 691, in process_request_thread
    self.finish_request(request, client_address)
  File "C:\Program Files\Python311\Lib\socketserver.py", line 755, in __init__
    self.handle()
----------------------------------------
  File "C:\Program Files\Python311\Lib\socketserver.py", line 361, in finish_request
    self.RequestHandlerClass(request, client_address, self)
  File "C:\Program Files\Python311\Lib\http\server.py", line 436, in handle
    self.handle_one_request()
----------------------------------------
  File "C:\Program Files\Python311\Lib\http\server.py", line 424, in handle_one_request
    method()
  File "C:\Program Files\Python311\Lib\socketserver.py", line 755, in __init__
    self.handle()
  File "C:\Anup\6gsimulation\sixgr_foundation_v2 (2)\apps\lls_web_dashboard.py", line 12714, in do_GET
    self.send_error(HTTPStatus.INTERNAL_SERVER_ERROR, str(exc))
  File "C:\Program Files\Python311\Lib\http\server.py", line 436, in handle
    self.handle_one_request()
  File "C:\Program Files\Python311\Lib\http\server.py", line 424, in handle_one_request
    method()
  File "C:\Anup\6gsimulation\sixgr_foundation_v2 (2)\apps\lls_web_dashboard.py", line 12714, in do_GET
    self.send_error(HTTPStatus.INTERNAL_SERVER_ERROR, str(exc))
  File "C:\Program Files\Python311\Lib\http\server.py", line 491, in send_error
    self.wfile.write(body)
  File "C:\Program Files\Python311\Lib\http\server.py", line 491, in send_error
    self.wfile.write(body)
  File "C:\Program Files\Python311\Lib\socketserver.py", line 834, in write
    self._sock.sendall(b)
  File "C:\Program Files\Python311\Lib\socketserver.py", line 834, in write
    self._sock.sendall(b)
ConnectionAbortedError: [WinError 10053] An established connection was aborted by the software in your host machine
ConnectionAbortedError: [WinError 10053] An established connection was aborted by the software in your host machine
----------------------------------------
----------------------------------------
----------------------------------------
Exception occurred during processing of request from ('10.64.253.106', 62463)
Traceback (most recent call last):
  File "C:\Program Files\Python311\Lib\site-packages\mysql\connector\pooling.py", line 654, in get_connection
    cnx = self._cnx_queue.get(block=False)
          ^^^^^^^^^^^^^^^^^^^^^^^^^^^^^^^^
  File "C:\Program Files\Python311\Lib\queue.py", line 168, in get
    raise Empty
_queue.Empty

The above exception was the direct cause of the following exception:

Traceback (most recent call last):
  File "C:\Anup\6gsimulation\sixgr_foundation_v2 (2)\apps\lls_web_dashboard.py", line 12692, in do_GET
    self.respond_json(build_live_payload(run_id))
                      ^^^^^^^^^^^^^^^^^^^^^^^^^^
  File "C:\Anup\6gsimulation\sixgr_foundation_v2 (2)\apps\lls_web_dashboard.py", line 7914, in build_live_payload
    contract_materializer.materialize_run_contract_artifacts(
  File "C:\Anup\6gsimulation\sixgr_foundation_v2 (2)\apps\lls_contract_materializer.py", line 1841, in materialize_run_contract_artifacts
    contract_owned_paths = _contract_owned_paths(artifacts, db_connection_factory)
                           ^^^^^^^^^^^^^^^^^^^^^^^^^^^^^^^^^^^^^^^^^^^^^^^^^^^^^^^
  File "C:\Anup\6gsimulation\sixgr_foundation_v2 (2)\apps\lls_contract_materializer.py", line 857, in _contract_owned_paths
    if _artifact_is_contract_owned(artifact, db_connection_factory):
       ^^^^^^^^^^^^^^^^^^^^^^^^^^^^^^^^^^^^^^^^^^^^^^^^^^^^^^^^^^^^
  File "C:\Anup\6gsimulation\sixgr_foundation_v2 (2)\apps\lls_contract_materializer.py", line 840, in _artifact_is_contract_owned
    payload = _artifact_metadata_json(artifact, db_connection_factory)
              ^^^^^^^^^^^^^^^^^^^^^^^^^^^^^^^^^^^^^^^^^^^^^^^^^^^^^^^^
  File "C:\Anup\6gsimulation\sixgr_foundation_v2 (2)\apps\lls_contract_materializer.py", line 1739, in _artifact_metadata_json
    with db_connection_factory() as conn:
         ^^^^^^^^^^^^^^^^^^^^^^^
  File "C:\Anup\6gsimulation\sixgr_foundation_v2 (2)\apps\lls_web_dashboard.py", line 153, in db_connection
    return pool.get_connection()
           ^^^^^^^^^^^^^^^^^^^^^
  File "C:\Program Files\Python311\Lib\site-packages\mysql\connector\pooling.py", line 656, in get_connection
    raise PoolError("Failed getting connection; pool exhausted") from err
mysql.connector.errors.PoolError: Failed getting connection; pool exhausted

During handling of the above exception, another exception occurred:

Traceback (most recent call last):
  File "C:\Program Files\Python311\Lib\socketserver.py", line 691, in process_request_thread
    self.finish_request(request, client_address)
  File "C:\Program Files\Python311\Lib\socketserver.py", line 361, in finish_request
    self.RequestHandlerClass(request, client_address, self)
  File "C:\Program Files\Python311\Lib\socketserver.py", line 755, in __init__
    self.handle()
  File "C:\Program Files\Python311\Lib\http\server.py", line 436, in handle
    self.handle_one_request()
  File "C:\Program Files\Python311\Lib\http\server.py", line 424, in handle_one_request
    method()
  File "C:\Anup\6gsimulation\sixgr_foundation_v2 (2)\apps\lls_web_dashboard.py", line 12714, in do_GET
    self.send_error(HTTPStatus.INTERNAL_SERVER_ERROR, str(exc))
  File "C:\Program Files\Python311\Lib\http\server.py", line 491, in send_error
    self.wfile.write(body)
  File "C:\Program Files\Python311\Lib\socketserver.py", line 834, in write
    self._sock.sendall(b)
ConnectionAbortedError: [WinError 10053] An established connection was aborted by the software in your host machine
----------------------------------------
----------------------------------------
Exception occurred during processing of request from ('10.64.253.106', 62467)
Traceback (most recent call last):
  File "C:\Program Files\Python311\Lib\site-packages\mysql\connector\pooling.py", line 654, in get_connection
    cnx = self._cnx_queue.get(block=False)
          ^^^^^^^^^^^^^^^^^^^^^^^^^^^^^^^^
  File "C:\Program Files\Python311\Lib\queue.py", line 168, in get
    raise Empty
_queue.Empty

The above exception was the direct cause of the following exception:

Traceback (most recent call last):
  File "C:\Anup\6gsimulation\sixgr_foundation_v2 (2)\apps\lls_web_dashboard.py", line 12692, in do_GET
    self.respond_json(build_live_payload(run_id))
                      ^^^^^^^^^^^^^^^^^^^^^^^^^^
  File "C:\Anup\6gsimulation\sixgr_foundation_v2 (2)\apps\lls_web_dashboard.py", line 7914, in build_live_payload
    contract_materializer.materialize_run_contract_artifacts(
  File "C:\Anup\6gsimulation\sixgr_foundation_v2 (2)\apps\lls_contract_materializer.py", line 1841, in materialize_run_contract_artifacts
    contract_owned_paths = _contract_owned_paths(artifacts, db_connection_factory)
                           ^^^^^^^^^^^^^^^^^^^^^^^^^^^^^^^^^^^^^^^^^^^^^^^^^^^^^^^
  File "C:\Anup\6gsimulation\sixgr_foundation_v2 (2)\apps\lls_contract_materializer.py", line 857, in _contract_owned_paths
    if _artifact_is_contract_owned(artifact, db_connection_factory):
       ^^^^^^^^^^^^^^^^^^^^^^^^^^^^^^^^^^^^^^^^^^^^^^^^^^^^^^^^^^^^
  File "C:\Anup\6gsimulation\sixgr_foundation_v2 (2)\apps\lls_contract_materializer.py", line 840, in _artifact_is_contract_owned
    payload = _artifact_metadata_json(artifact, db_connection_factory)
              ^^^^^^^^^^^^^^^^^^^^^^^^^^^^^^^^^^^^^^^^^^^^^^^^^^^^^^^^
  File "C:\Anup\6gsimulation\sixgr_foundation_v2 (2)\apps\lls_contract_materializer.py", line 1739, in _artifact_metadata_json
    with db_connection_factory() as conn:
         ^^^^^^^^^^^^^^^^^^^^^^^
  File "C:\Anup\6gsimulation\sixgr_foundation_v2 (2)\apps\lls_web_dashboard.py", line 153, in db_connection
    return pool.get_connection()
           ^^^^^^^^^^^^^^^^^^^^^
  File "C:\Program Files\Python311\Lib\site-packages\mysql\connector\pooling.py", line 656, in get_connection
    raise PoolError("Failed getting connection; pool exhausted") from err
mysql.connector.errors.PoolError: Failed getting connection; pool exhausted

During handling of the above exception, another exception occurred:

Traceback (most recent call last):
  File "C:\Program Files\Python311\Lib\socketserver.py", line 691, in process_request_thread
    self.finish_request(request, client_address)
  File "C:\Program Files\Python311\Lib\socketserver.py", line 361, in finish_request
    self.RequestHandlerClass(request, client_address, self)
  File "C:\Program Files\Python311\Lib\socketserver.py", line 755, in __init__
    self.handle()
  File "C:\Program Files\Python311\Lib\http\server.py", line 436, in handle
    self.handle_one_request()
  File "C:\Program Files\Python311\Lib\http\server.py", line 424, in handle_one_request
    method()
  File "C:\Anup\6gsimulation\sixgr_foundation_v2 (2)\apps\lls_web_dashboard.py", line 12714, in do_GET
    self.send_error(HTTPStatus.INTERNAL_SERVER_ERROR, str(exc))
  File "C:\Program Files\Python311\Lib\http\server.py", line 491, in send_error
    self.wfile.write(body)
  File "C:\Program Files\Python311\Lib\socketserver.py", line 834, in write
    self._sock.sendall(b)
ConnectionAbortedError: [WinError 10053] An established connection was aborted by the software in your host machine
----------------------------------------
----------------------------------------
Exception occurred during processing of request from ('10.64.253.106', 62448)
Traceback (most recent call last):
  File "C:\Anup\6gsimulation\sixgr_foundation_v2 (2)\apps\lls_web_dashboard.py", line 12692, in do_GET
    self.respond_json(build_live_payload(run_id))
  File "C:\Anup\6gsimulation\sixgr_foundation_v2 (2)\apps\lls_web_dashboard.py", line 12823, in respond_json
    self.wfile.write(raw)
  File "C:\Program Files\Python311\Lib\socketserver.py", line 834, in write
    self._sock.sendall(b)
ConnectionAbortedError: [WinError 10053] An established connection was aborted by the software in your host machine

During handling of the above exception, another exception occurred:

Traceback (most recent call last):
  File "C:\Program Files\Python311\Lib\socketserver.py", line 691, in process_request_thread
    self.finish_request(request, client_address)
  File "C:\Program Files\Python311\Lib\socketserver.py", line 361, in finish_request
    self.RequestHandlerClass(request, client_address, self)
  File "C:\Program Files\Python311\Lib\socketserver.py", line 755, in __init__
    self.handle()
  File "C:\Program Files\Python311\Lib\http\server.py", line 436, in handle
    self.handle_one_request()
  File "C:\Program Files\Python311\Lib\http\server.py", line 424, in handle_one_request
    method()
  File "C:\Anup\6gsimulation\sixgr_foundation_v2 (2)\apps\lls_web_dashboard.py", line 12714, in do_GET
    self.send_error(HTTPStatus.INTERNAL_SERVER_ERROR, str(exc))
  File "C:\Program Files\Python311\Lib\http\server.py", line 488, in send_error
    self.end_headers()
  File "C:\Program Files\Python311\Lib\http\server.py", line 538, in end_headers
    self.flush_headers()
  File "C:\Program Files\Python311\Lib\http\server.py", line 542, in flush_headers
    self.wfile.write(b"".join(self._headers_buffer))
  File "C:\Program Files\Python311\Lib\socketserver.py", line 834, in write
    self._sock.sendall(b)
ConnectionAbortedError: [WinError 10053] An established connection was aborted by the software in your host machine
----------------------------------------
----------------------------------------
Exception occurred during processing of request from ('10.64.253.106', 62461)
Traceback (most recent call last):
  File "C:\Program Files\Python311\Lib\site-packages\mysql\connector\pooling.py", line 654, in get_connection
    cnx = self._cnx_queue.get(block=False)
          ^^^^^^^^^^^^^^^^^^^^^^^^^^^^^^^^
  File "C:\Program Files\Python311\Lib\queue.py", line 168, in get
    raise Empty
_queue.Empty

The above exception was the direct cause of the following exception:

Traceback (most recent call last):
  File "C:\Anup\6gsimulation\sixgr_foundation_v2 (2)\apps\lls_web_dashboard.py", line 12692, in do_GET
    self.respond_json(build_live_payload(run_id))
                      ^^^^^^^^^^^^^^^^^^^^^^^^^^
  File "C:\Anup\6gsimulation\sixgr_foundation_v2 (2)\apps\lls_web_dashboard.py", line 7914, in build_live_payload
    contract_materializer.materialize_run_contract_artifacts(
  File "C:\Anup\6gsimulation\sixgr_foundation_v2 (2)\apps\lls_contract_materializer.py", line 1841, in materialize_run_contract_artifacts
    contract_owned_paths = _contract_owned_paths(artifacts, db_connection_factory)
                           ^^^^^^^^^^^^^^^^^^^^^^^^^^^^^^^^^^^^^^^^^^^^^^^^^^^^^^^
  File "C:\Anup\6gsimulation\sixgr_foundation_v2 (2)\apps\lls_contract_materializer.py", line 857, in _contract_owned_paths
    if _artifact_is_contract_owned(artifact, db_connection_factory):
       ^^^^^^^^^^^^^^^^^^^^^^^^^^^^^^^^^^^^^^^^^^^^^^^^^^^^^^^^^^^^
  File "C:\Anup\6gsimulation\sixgr_foundation_v2 (2)\apps\lls_contract_materializer.py", line 840, in _artifact_is_contract_owned
    payload = _artifact_metadata_json(artifact, db_connection_factory)
              ^^^^^^^^^^^^^^^^^^^^^^^^^^^^^^^^^^^^^^^^^^^^^^^^^^^^^^^^
  File "C:\Anup\6gsimulation\sixgr_foundation_v2 (2)\apps\lls_contract_materializer.py", line 1739, in _artifact_metadata_json
    with db_connection_factory() as conn:
         ^^^^^^^^^^^^^^^^^^^^^^^
  File "C:\Anup\6gsimulation\sixgr_foundation_v2 (2)\apps\lls_web_dashboard.py", line 153, in db_connection
    return pool.get_connection()
           ^^^^^^^^^^^^^^^^^^^^^
  File "C:\Program Files\Python311\Lib\site-packages\mysql\connector\pooling.py", line 656, in get_connection
    raise PoolError("Failed getting connection; pool exhausted") from err
mysql.connector.errors.PoolError: Failed getting connection; pool exhausted

During handling of the above exception, another exception occurred:

Traceback (most recent call last):
  File "C:\Program Files\Python311\Lib\socketserver.py", line 691, in process_request_thread
    self.finish_request(request, client_address)
  File "C:\Program Files\Python311\Lib\socketserver.py", line 361, in finish_request
    self.RequestHandlerClass(request, client_address, self)
  File "C:\Program Files\Python311\Lib\socketserver.py", line 755, in __init__
    self.handle()
  File "C:\Program Files\Python311\Lib\http\server.py", line 436, in handle
    self.handle_one_request()
  File "C:\Program Files\Python311\Lib\http\server.py", line 424, in handle_one_request
    method()
  File "C:\Anup\6gsimulation\sixgr_foundation_v2 (2)\apps\lls_web_dashboard.py", line 12714, in do_GET
    self.send_error(HTTPStatus.INTERNAL_SERVER_ERROR, str(exc))
  File "C:\Program Files\Python311\Lib\http\server.py", line 491, in send_error
    self.wfile.write(body)
  File "C:\Program Files\Python311\Lib\socketserver.py", line 834, in write
    self._sock.sendall(b)
ConnectionAbortedError: [WinError 10053] An established connection was aborted by the software in your host machine
----------------------------------------
----------------------------------------
Exception occurred during processing of request from ('10.64.253.106', 62465)
Traceback (most recent call last):
  File "C:\Program Files\Python311\Lib\site-packages\mysql\connector\pooling.py", line 654, in get_connection
    cnx = self._cnx_queue.get(block=False)
          ^^^^^^^^^^^^^^^^^^^^^^^^^^^^^^^^
  File "C:\Program Files\Python311\Lib\queue.py", line 168, in get
    raise Empty
_queue.Empty

The above exception was the direct cause of the following exception:

Traceback (most recent call last):
  File "C:\Anup\6gsimulation\sixgr_foundation_v2 (2)\apps\lls_web_dashboard.py", line 12692, in do_GET
    self.respond_json(build_live_payload(run_id))
                      ^^^^^^^^^^^^^^^^^^^^^^^^^^
  File "C:\Anup\6gsimulation\sixgr_foundation_v2 (2)\apps\lls_web_dashboard.py", line 7914, in build_live_payload
    contract_materializer.materialize_run_contract_artifacts(
  File "C:\Anup\6gsimulation\sixgr_foundation_v2 (2)\apps\lls_contract_materializer.py", line 1841, in materialize_run_contract_artifacts
    contract_owned_paths = _contract_owned_paths(artifacts, db_connection_factory)
                           ^^^^^^^^^^^^^^^^^^^^^^^^^^^^^^^^^^^^^^^^^^^^^^^^^^^^^^^
  File "C:\Anup\6gsimulation\sixgr_foundation_v2 (2)\apps\lls_contract_materializer.py", line 857, in _contract_owned_paths
    if _artifact_is_contract_owned(artifact, db_connection_factory):
       ^^^^^^^^^^^^^^^^^^^^^^^^^^^^^^^^^^^^^^^^^^^^^^^^^^^^^^^^^^^^
  File "C:\Anup\6gsimulation\sixgr_foundation_v2 (2)\apps\lls_contract_materializer.py", line 840, in _artifact_is_contract_owned
    payload = _artifact_metadata_json(artifact, db_connection_factory)
              ^^^^^^^^^^^^^^^^^^^^^^^^^^^^^^^^^^^^^^^^^^^^^^^^^^^^^^^^
  File "C:\Anup\6gsimulation\sixgr_foundation_v2 (2)\apps\lls_contract_materializer.py", line 1739, in _artifact_metadata_json
    with db_connection_factory() as conn:
         ^^^^^^^^^^^^^^^^^^^^^^^
  File "C:\Anup\6gsimulation\sixgr_foundation_v2 (2)\apps\lls_web_dashboard.py", line 153, in db_connection
    return pool.get_connection()
           ^^^^^^^^^^^^^^^^^^^^^
  File "C:\Program Files\Python311\Lib\site-packages\mysql\connector\pooling.py", line 656, in get_connection
    raise PoolError("Failed getting connection; pool exhausted") from err
mysql.connector.errors.PoolError: Failed getting connection; pool exhausted

During handling of the above exception, another exception occurred:

Traceback (most recent call last):
  File "C:\Program Files\Python311\Lib\socketserver.py", line 691, in process_request_thread
    self.finish_request(request, client_address)
  File "C:\Program Files\Python311\Lib\socketserver.py", line 361, in finish_request
    self.RequestHandlerClass(request, client_address, self)
  File "C:\Program Files\Python311\Lib\socketserver.py", line 755, in __init__
    self.handle()
  File "C:\Program Files\Python311\Lib\http\server.py", line 436, in handle
    self.handle_one_request()
  File "C:\Program Files\Python311\Lib\http\server.py", line 424, in handle_one_request
    method()
  File "C:\Anup\6gsimulation\sixgr_foundation_v2 (2)\apps\lls_web_dashboard.py", line 12714, in do_GET
    self.send_error(HTTPStatus.INTERNAL_SERVER_ERROR, str(exc))
  File "C:\Program Files\Python311\Lib\http\server.py", line 491, in send_error
    self.wfile.write(body)
  File "C:\Program Files\Python311\Lib\socketserver.py", line 834, in write
    self._sock.sendall(b)
ConnectionAbortedError: [WinError 10053] An established connection was aborted by the software in your host machine
----------------------------------------
----------------------------------------
Exception occurred during processing of request from ('10.64.253.106', 62462)
Traceback (most recent call last):
  File "C:\Anup\6gsimulation\sixgr_foundation_v2 (2)\apps\lls_web_dashboard.py", line 12692, in do_GET
    self.respond_json(build_live_payload(run_id))
  File "C:\Anup\6gsimulation\sixgr_foundation_v2 (2)\apps\lls_web_dashboard.py", line 12823, in respond_json
    self.wfile.write(raw)
  File "C:\Program Files\Python311\Lib\socketserver.py", line 834, in write
    self._sock.sendall(b)
ConnectionAbortedError: [WinError 10053] An established connection was aborted by the software in your host machine

During handling of the above exception, another exception occurred:

Traceback (most recent call last):
  File "C:\Program Files\Python311\Lib\socketserver.py", line 691, in process_request_thread
    self.finish_request(request, client_address)
  File "C:\Program Files\Python311\Lib\socketserver.py", line 361, in finish_request
    self.RequestHandlerClass(request, client_address, self)
  File "C:\Program Files\Python311\Lib\socketserver.py", line 755, in __init__
    self.handle()
  File "C:\Program Files\Python311\Lib\http\server.py", line 436, in handle
    self.handle_one_request()
  File "C:\Program Files\Python311\Lib\http\server.py", line 424, in handle_one_request
    method()
  File "C:\Anup\6gsimulation\sixgr_foundation_v2 (2)\apps\lls_web_dashboard.py", line 12714, in do_GET
    self.send_error(HTTPStatus.INTERNAL_SERVER_ERROR, str(exc))
  File "C:\Program Files\Python311\Lib\http\server.py", line 488, in send_error
    self.end_headers()
  File "C:\Program Files\Python311\Lib\http\server.py", line 538, in end_headers
    self.flush_headers()
  File "C:\Program Files\Python311\Lib\http\server.py", line 542, in flush_headers
    self.wfile.write(b"".join(self._headers_buffer))
  File "C:\Program Files\Python311\Lib\socketserver.py", line 834, in write
    self._sock.sendall(b)
ConnectionAbortedError: [WinError 10053] An established connection was aborted by the software in your host machine
----------------------------------------
----------------------------------------
Exception occurred during processing of request from ('10.64.253.106', 62456)
Traceback (most recent call last):
  File "C:\Anup\6gsimulation\sixgr_foundation_v2 (2)\apps\lls_web_dashboard.py", line 12692, in do_GET
    self.respond_json(build_live_payload(run_id))
  File "C:\Anup\6gsimulation\sixgr_foundation_v2 (2)\apps\lls_web_dashboard.py", line 12823, in respond_json
    self.wfile.write(raw)
  File "C:\Program Files\Python311\Lib\socketserver.py", line 834, in write
    self._sock.sendall(b)
ConnectionAbortedError: [WinError 10053] An established connection was aborted by the software in your host machine

During handling of the above exception, another exception occurred:

Traceback (most recent call last):
  File "C:\Program Files\Python311\Lib\socketserver.py", line 691, in process_request_thread
    self.finish_request(request, client_address)
  File "C:\Program Files\Python311\Lib\socketserver.py", line 361, in finish_request
    self.RequestHandlerClass(request, client_address, self)
  File "C:\Program Files\Python311\Lib\socketserver.py", line 755, in __init__
    self.handle()
  File "C:\Program Files\Python311\Lib\http\server.py", line 436, in handle
    self.handle_one_request()
  File "C:\Program Files\Python311\Lib\http\server.py", line 424, in handle_one_request
    method()
  File "C:\Anup\6gsimulation\sixgr_foundation_v2 (2)\apps\lls_web_dashboard.py", line 12714, in do_GET
    self.send_error(HTTPStatus.INTERNAL_SERVER_ERROR, str(exc))
  File "C:\Program Files\Python311\Lib\http\server.py", line 488, in send_error
    self.end_headers()
  File "C:\Program Files\Python311\Lib\http\server.py", line 538, in end_headers
    self.flush_headers()
  File "C:\Program Files\Python311\Lib\http\server.py", line 542, in flush_headers
    self.wfile.write(b"".join(self._headers_buffer))
  File "C:\Program Files\Python311\Lib\socketserver.py", line 834, in write
    self._sock.sendall(b)
ConnectionAbortedError: [WinError 10053] An established connection was aborted by the software in your host machine
----------------------------------------
----------------------------------------
Exception occurred during processing of request from ('127.0.0.1', 63509)
Traceback (most recent call last):
  File "C:\Anup\6gsimulation\sixgr_foundation_v2 (2)\apps\lls_web_dashboard.py", line 12692, in do_GET
    self.respond_json(build_live_payload(run_id))
  File "C:\Anup\6gsimulation\sixgr_foundation_v2 (2)\apps\lls_web_dashboard.py", line 12823, in respond_json
    self.wfile.write(raw)
  File "C:\Program Files\Python311\Lib\socketserver.py", line 834, in write
    self._sock.sendall(b)
ConnectionAbortedError: [WinError 10053] An established connection was aborted by the software in your host machine

During handling of the above exception, another exception occurred:

Traceback (most recent call last):
  File "C:\Program Files\Python311\Lib\socketserver.py", line 691, in process_request_thread
    self.finish_request(request, client_address)
  File "C:\Program Files\Python311\Lib\socketserver.py", line 361, in finish_request
    self.RequestHandlerClass(request, client_address, self)
  File "C:\Program Files\Python311\Lib\socketserver.py", line 755, in __init__
    self.handle()
  File "C:\Program Files\Python311\Lib\http\server.py", line 436, in handle
    self.handle_one_request()
  File "C:\Program Files\Python311\Lib\http\server.py", line 424, in handle_one_request
    method()
  File "C:\Anup\6gsimulation\sixgr_foundation_v2 (2)\apps\lls_web_dashboard.py", line 12714, in do_GET
    self.send_error(HTTPStatus.INTERNAL_SERVER_ERROR, str(exc))
  File "C:\Program Files\Python311\Lib\http\server.py", line 488, in send_error
    self.end_headers()
  File "C:\Program Files\Python311\Lib\http\server.py", line 538, in end_headers
    self.flush_headers()
  File "C:\Program Files\Python311\Lib\http\server.py", line 542, in flush_headers
    self.wfile.write(b"".join(self._headers_buffer))
  File "C:\Program Files\Python311\Lib\socketserver.py", line 834, in write
    self._sock.sendall(b)
ConnectionAbortedError: [WinError 10053] An established connection was aborted by the software in your host machine
----------------------------------------
----------------------------------------
Exception occurred during processing of request from ('10.64.253.106', 64574)
----------------------------------------
Exception occurred during processing of request from ('10.64.253.106', 64571)
Traceback (most recent call last):
  File "C:\Program Files\Python311\Lib\site-packages\mysql\connector\pooling.py", line 654, in get_connection
    cnx = self._cnx_queue.get(block=False)
          ^^^^^^^^^^^^^^^^^^^^^^^^^^^^^^^^
  File "C:\Program Files\Python311\Lib\queue.py", line 168, in get
    raise Empty
----------------------------------------
----------------------------------------
Traceback (most recent call last):
Exception occurred during processing of request from ('10.64.253.106', 64593)
Exception occurred during processing of request from ('10.64.253.106', 64594)
----------------------------------------
  File "C:\Program Files\Python311\Lib\site-packages\mysql\connector\pooling.py", line 654, in get_connection
    cnx = self._cnx_queue.get(block=False)
          ^^^^^^^^^^^^^^^^^^^^^^^^^^^^^^^^
----------------------------------------
----------------------------------------
_queue.Empty
----------------------------------------
Exception occurred during processing of request from ('10.64.253.106', 64585)
Exception occurred during processing of request from ('10.64.253.106', 64577)

The above exception was the direct cause of the following exception:

Exception occurred during processing of request from ('10.64.253.106', 64573)
Traceback (most recent call last):
----------------------------------------
  File "C:\Program Files\Python311\Lib\queue.py", line 168, in get
    raise Empty
_queue.Empty
Exception occurred during processing of request from ('10.64.253.106', 64601)
Traceback (most recent call last):
Traceback (most recent call last):
Traceback (most recent call last):
Exception occurred during processing of request from ('10.64.253.106', 64575)
  File "C:\Program Files\Python311\Lib\site-packages\mysql\connector\pooling.py", line 654, in get_connection
    cnx = self._cnx_queue.get(block=False)
          ^^^^^^^^^^^^^^^^^^^^^^^^^^^^^^^^
  File "C:\Anup\6gsimulation\sixgr_foundation_v2 (2)\apps\lls_web_dashboard.py", line 12692, in do_GET
    self.respond_json(build_live_payload(run_id))
                      ^^^^^^^^^^^^^^^^^^^^^^^^^^
Traceback (most recent call last):
Traceback (most recent call last):

The above exception was the direct cause of the following exception:

  File "C:\Program Files\Python311\Lib\queue.py", line 168, in get
    raise Empty
  File "C:\Anup\6gsimulation\sixgr_foundation_v2 (2)\apps\lls_web_dashboard.py", line 7914, in build_live_payload
    contract_materializer.materialize_run_contract_artifacts(
  File "C:\Program Files\Python311\Lib\site-packages\mysql\connector\pooling.py", line 654, in get_connection
    cnx = self._cnx_queue.get(block=False)
          ^^^^^^^^^^^^^^^^^^^^^^^^^^^^^^^^
  File "C:\Program Files\Python311\Lib\site-packages\mysql\connector\pooling.py", line 654, in get_connection
    cnx = self._cnx_queue.get(block=False)
          ^^^^^^^^^^^^^^^^^^^^^^^^^^^^^^^^
Traceback (most recent call last):
----------------------------------------
  File "C:\Program Files\Python311\Lib\site-packages\mysql\connector\pooling.py", line 654, in get_connection
    cnx = self._cnx_queue.get(block=False)
          ^^^^^^^^^^^^^^^^^^^^^^^^^^^^^^^^
  File "C:\Program Files\Python311\Lib\site-packages\mysql\connector\pooling.py", line 654, in get_connection
    cnx = self._cnx_queue.get(block=False)
          ^^^^^^^^^^^^^^^^^^^^^^^^^^^^^^^^
  File "C:\Anup\6gsimulation\sixgr_foundation_v2 (2)\apps\lls_contract_materializer.py", line 1850, in materialize_run_contract_artifacts
    current_source_watermark = _source_artifact_high_watermark(artifacts, db_connection_factory)
                               ^^^^^^^^^^^^^^^^^^^^^^^^^^^^^^^^^^^^^^^^^^^^^^^^^^^^^^^^^^^^^^^^^
  File "C:\Program Files\Python311\Lib\queue.py", line 168, in get
    raise Empty
----------------------------------------
----------------------------------------
Traceback (most recent call last):
_queue.Empty
----------------------------------------
----------------------------------------
Traceback (most recent call last):
  File "C:\Program Files\Python311\Lib\queue.py", line 168, in get
    raise Empty
  File "C:\Program Files\Python311\Lib\site-packages\mysql\connector\pooling.py", line 654, in get_connection
    cnx = self._cnx_queue.get(block=False)
          ^^^^^^^^^^^^^^^^^^^^^^^^^^^^^^^^
Exception occurred during processing of request from ('10.64.253.106', 64590)
  File "C:\Program Files\Python311\Lib\queue.py", line 168, in get
    raise Empty
  File "C:\Program Files\Python311\Lib\queue.py", line 168, in get
    raise Empty
  File "C:\Anup\6gsimulation\sixgr_foundation_v2 (2)\apps\lls_contract_materializer.py", line 868, in _source_artifact_high_watermark
    contract_paths = _contract_owned_paths(artifacts, db_connection_factory)
                     ^^^^^^^^^^^^^^^^^^^^^^^^^^^^^^^^^^^^^^^^^^^^^^^^^^^^^^^
_queue.Empty
Exception occurred during processing of request from ('10.64.253.106', 64591)
Exception occurred during processing of request from ('10.64.253.106', 64602)
  File "C:\Anup\6gsimulation\sixgr_foundation_v2 (2)\apps\lls_web_dashboard.py", line 12692, in do_GET
    self.respond_json(build_live_payload(run_id))
                      ^^^^^^^^^^^^^^^^^^^^^^^^^^
_queue.Empty
Traceback (most recent call last):
Exception occurred during processing of request from ('10.64.253.106', 64600)
  File "C:\Program Files\Python311\Lib\site-packages\mysql\connector\pooling.py", line 654, in get_connection
    cnx = self._cnx_queue.get(block=False)
          ^^^^^^^^^^^^^^^^^^^^^^^^^^^^^^^^
_queue.Empty

The above exception was the direct cause of the following exception:

  File "C:\Anup\6gsimulation\sixgr_foundation_v2 (2)\apps\lls_web_dashboard.py", line 7914, in build_live_payload
    contract_materializer.materialize_run_contract_artifacts(

The above exception was the direct cause of the following exception:

_queue.Empty
  File "C:\Anup\6gsimulation\sixgr_foundation_v2 (2)\apps\lls_contract_materializer.py", line 857, in _contract_owned_paths
    if _artifact_is_contract_owned(artifact, db_connection_factory):
       ^^^^^^^^^^^^^^^^^^^^^^^^^^^^^^^^^^^^^^^^^^^^^^^^^^^^^^^^^^^^
  File "C:\Program Files\Python311\Lib\queue.py", line 168, in get
    raise Empty
Traceback (most recent call last):
Traceback (most recent call last):
Exception occurred during processing of request from ('10.64.253.106', 64596)
Traceback (most recent call last):
  File "C:\Program Files\Python311\Lib\site-packages\mysql\connector\pooling.py", line 654, in get_connection
    cnx = self._cnx_queue.get(block=False)
          ^^^^^^^^^^^^^^^^^^^^^^^^^^^^^^^^

The above exception was the direct cause of the following exception:

  File "C:\Program Files\Python311\Lib\queue.py", line 168, in get
    raise Empty

The above exception was the direct cause of the following exception:

Traceback (most recent call last):
  File "C:\Anup\6gsimulation\sixgr_foundation_v2 (2)\apps\lls_contract_materializer.py", line 1859, in materialize_run_contract_artifacts
    contract_current = _existing_contract_artifacts_current(existing, db_connection_factory, feature_policy)
                       ^^^^^^^^^^^^^^^^^^^^^^^^^^^^^^^^^^^^^^^^^^^^^^^^^^^^^^^^^^^^^^^^^^^^^^^^^^^^^^^^^^^^^
Traceback (most recent call last):

The above exception was the direct cause of the following exception:

  File "C:\Anup\6gsimulation\sixgr_foundation_v2 (2)\apps\lls_contract_materializer.py", line 840, in _artifact_is_contract_owned
    payload = _artifact_metadata_json(artifact, db_connection_factory)
              ^^^^^^^^^^^^^^^^^^^^^^^^^^^^^^^^^^^^^^^^^^^^^^^^^^^^^^^^
_queue.Empty
  File "C:\Program Files\Python311\Lib\site-packages\mysql\connector\pooling.py", line 654, in get_connection
    cnx = self._cnx_queue.get(block=False)
          ^^^^^^^^^^^^^^^^^^^^^^^^^^^^^^^^
  File "C:\Anup\6gsimulation\sixgr_foundation_v2 (2)\apps\lls_web_dashboard.py", line 12650, in do_GET
    self.respond_json({"runs": fetch_runs(limit=limit, run_tag=params.get("run_tag", [None])[0])})
Traceback (most recent call last):
  File "C:\Program Files\Python311\Lib\site-packages\mysql\connector\pooling.py", line 654, in get_connection
    cnx = self._cnx_queue.get(block=False)
          ^^^^^^^^^^^^^^^^^^^^^^^^^^^^^^^^
  File "C:\Program Files\Python311\Lib\queue.py", line 168, in get
    raise Empty
Traceback (most recent call last):
_queue.Empty
Traceback (most recent call last):
  File "C:\Anup\6gsimulation\sixgr_foundation_v2 (2)\apps\lls_web_dashboard.py", line 12692, in do_GET
    self.respond_json(build_live_payload(run_id))
                      ^^^^^^^^^^^^^^^^^^^^^^^^^^
  File "C:\Anup\6gsimulation\sixgr_foundation_v2 (2)\apps\lls_contract_materializer.py", line 1777, in _existing_contract_artifacts_current
    if not _artifact_has_current_materializer_version(csv_artifact, db_connection_factory):
           ^^^^^^^^^^^^^^^^^^^^^^^^^^^^^^^^^^^^^^^^^^^^^^^^^^^^^^^^^^^^^^^^^^^^^^^^^^^^^^^
  File "C:\Anup\6gsimulation\sixgr_foundation_v2 (2)\apps\lls_web_dashboard.py", line 12692, in do_GET
    self.respond_json(build_live_payload(run_id))
                      ^^^^^^^^^^^^^^^^^^^^^^^^^^
Traceback (most recent call last):
  File "C:\Anup\6gsimulation\sixgr_foundation_v2 (2)\apps\lls_contract_materializer.py", line 1739, in _artifact_metadata_json
    with db_connection_factory() as conn:
         ^^^^^^^^^^^^^^^^^^^^^^^

The above exception was the direct cause of the following exception:

  File "C:\Program Files\Python311\Lib\queue.py", line 168, in get
    raise Empty
  File "C:\Anup\6gsimulation\sixgr_foundation_v2 (2)\apps\lls_web_dashboard.py", line 12823, in respond_json
    self.wfile.write(raw)
  File "C:\Program Files\Python311\Lib\site-packages\mysql\connector\pooling.py", line 654, in get_connection
    cnx = self._cnx_queue.get(block=False)
          ^^^^^^^^^^^^^^^^^^^^^^^^^^^^^^^^
  File "C:\Program Files\Python311\Lib\queue.py", line 168, in get
    raise Empty
_queue.Empty
  File "C:\Anup\6gsimulation\sixgr_foundation_v2 (2)\apps\lls_web_dashboard.py", line 12692, in do_GET
    self.respond_json(build_live_payload(run_id))
                      ^^^^^^^^^^^^^^^^^^^^^^^^^^

The above exception was the direct cause of the following exception:

  File "C:\Anup\6gsimulation\sixgr_foundation_v2 (2)\apps\lls_web_dashboard.py", line 12692, in do_GET
    self.respond_json(build_live_payload(run_id))
                      ^^^^^^^^^^^^^^^^^^^^^^^^^^
  File "C:\Anup\6gsimulation\sixgr_foundation_v2 (2)\apps\lls_web_dashboard.py", line 7890, in build_live_payload
    run_row = fetch_run(run_id)
              ^^^^^^^^^^^^^^^^^
  File "C:\Anup\6gsimulation\sixgr_foundation_v2 (2)\apps\lls_contract_materializer.py", line 1752, in _artifact_has_current_materializer_version
    payload = _artifact_metadata_json(artifact, db_connection_factory)
              ^^^^^^^^^^^^^^^^^^^^^^^^^^^^^^^^^^^^^^^^^^^^^^^^^^^^^^^^
  File "C:\Anup\6gsimulation\sixgr_foundation_v2 (2)\apps\lls_web_dashboard.py", line 7890, in build_live_payload
    run_row = fetch_run(run_id)
              ^^^^^^^^^^^^^^^^^
  File "C:\Anup\6gsimulation\sixgr_foundation_v2 (2)\apps\lls_web_dashboard.py", line 12692, in do_GET
    self.respond_json(build_live_payload(run_id))
                      ^^^^^^^^^^^^^^^^^^^^^^^^^^
  File "C:\Anup\6gsimulation\sixgr_foundation_v2 (2)\apps\lls_web_dashboard.py", line 153, in db_connection
    return pool.get_connection()
           ^^^^^^^^^^^^^^^^^^^^^
Traceback (most recent call last):
_queue.Empty
  File "C:\Program Files\Python311\Lib\socketserver.py", line 834, in write
    self._sock.sendall(b)
  File "C:\Program Files\Python311\Lib\queue.py", line 168, in get
    raise Empty
_queue.Empty

The above exception was the direct cause of the following exception:

  File "C:\Anup\6gsimulation\sixgr_foundation_v2 (2)\apps\lls_web_dashboard.py", line 7914, in build_live_payload
    contract_materializer.materialize_run_contract_artifacts(
Traceback (most recent call last):
  File "C:\Anup\6gsimulation\sixgr_foundation_v2 (2)\apps\lls_web_dashboard.py", line 7890, in build_live_payload
    run_row = fetch_run(run_id)
              ^^^^^^^^^^^^^^^^^
  File "C:\Anup\6gsimulation\sixgr_foundation_v2 (2)\apps\lls_web_dashboard.py", line 2758, in fetch_run
    with db_connection() as conn:
         ^^^^^^^^^^^^^^^
  File "C:\Anup\6gsimulation\sixgr_foundation_v2 (2)\apps\lls_contract_materializer.py", line 1739, in _artifact_metadata_json
    with db_connection_factory() as conn:
         ^^^^^^^^^^^^^^^^^^^^^^^
  File "C:\Anup\6gsimulation\sixgr_foundation_v2 (2)\apps\lls_web_dashboard.py", line 2758, in fetch_run
    with db_connection() as conn:
         ^^^^^^^^^^^^^^^
  File "C:\Anup\6gsimulation\sixgr_foundation_v2 (2)\apps\lls_web_dashboard.py", line 7914, in build_live_payload
    contract_materializer.materialize_run_contract_artifacts(
  File "C:\Program Files\Python311\Lib\site-packages\mysql\connector\pooling.py", line 656, in get_connection
    raise PoolError("Failed getting connection; pool exhausted") from err
  File "C:\Anup\6gsimulation\sixgr_foundation_v2 (2)\apps\lls_web_dashboard.py", line 12692, in do_GET
    self.respond_json(build_live_payload(run_id))
                      ^^^^^^^^^^^^^^^^^^^^^^^^^^

The above exception was the direct cause of the following exception:

ConnectionAbortedError: [WinError 10053] An established connection was aborted by the software in your host machine
_queue.Empty

The above exception was the direct cause of the following exception:

Traceback (most recent call last):
  File "C:\Anup\6gsimulation\sixgr_foundation_v2 (2)\apps\lls_contract_materializer.py", line 1859, in materialize_run_contract_artifacts
    contract_current = _existing_contract_artifacts_current(existing, db_connection_factory, feature_policy)
                       ^^^^^^^^^^^^^^^^^^^^^^^^^^^^^^^^^^^^^^^^^^^^^^^^^^^^^^^^^^^^^^^^^^^^^^^^^^^^^^^^^^^^^
  File "C:\Anup\6gsimulation\sixgr_foundation_v2 (2)\apps\lls_web_dashboard.py", line 12692, in do_GET
    self.respond_json(build_live_payload(run_id))
                      ^^^^^^^^^^^^^^^^^^^^^^^^^^
  File "C:\Anup\6gsimulation\sixgr_foundation_v2 (2)\apps\lls_web_dashboard.py", line 2758, in fetch_run
    with db_connection() as conn:
         ^^^^^^^^^^^^^^^
  File "C:\Anup\6gsimulation\sixgr_foundation_v2 (2)\apps\lls_web_dashboard.py", line 153, in db_connection
    return pool.get_connection()
           ^^^^^^^^^^^^^^^^^^^^^
  File "C:\Anup\6gsimulation\sixgr_foundation_v2 (2)\apps\lls_web_dashboard.py", line 153, in db_connection
    return pool.get_connection()
           ^^^^^^^^^^^^^^^^^^^^^
  File "C:\Anup\6gsimulation\sixgr_foundation_v2 (2)\apps\lls_web_dashboard.py", line 153, in db_connection
    return pool.get_connection()
           ^^^^^^^^^^^^^^^^^^^^^
  File "C:\Anup\6gsimulation\sixgr_foundation_v2 (2)\apps\lls_contract_materializer.py", line 1841, in materialize_run_contract_artifacts
    contract_owned_paths = _contract_owned_paths(artifacts, db_connection_factory)
                           ^^^^^^^^^^^^^^^^^^^^^^^^^^^^^^^^^^^^^^^^^^^^^^^^^^^^^^^
mysql.connector.errors.PoolError: Failed getting connection; pool exhausted
  File "C:\Anup\6gsimulation\sixgr_foundation_v2 (2)\apps\lls_web_dashboard.py", line 7890, in build_live_payload
    run_row = fetch_run(run_id)
              ^^^^^^^^^^^^^^^^^
Traceback (most recent call last):

During handling of the above exception, another exception occurred:


The above exception was the direct cause of the following exception:

Traceback (most recent call last):
  File "C:\Anup\6gsimulation\sixgr_foundation_v2 (2)\apps\lls_web_dashboard.py", line 12692, in do_GET
    self.respond_json(build_live_payload(run_id))
                      ^^^^^^^^^^^^^^^^^^^^^^^^^^
  File "C:\Anup\6gsimulation\sixgr_foundation_v2 (2)\apps\lls_contract_materializer.py", line 1777, in _existing_contract_artifacts_current
    if not _artifact_has_current_materializer_version(csv_artifact, db_connection_factory):
           ^^^^^^^^^^^^^^^^^^^^^^^^^^^^^^^^^^^^^^^^^^^^^^^^^^^^^^^^^^^^^^^^^^^^^^^^^^^^^^^
  File "C:\Anup\6gsimulation\sixgr_foundation_v2 (2)\apps\lls_web_dashboard.py", line 7914, in build_live_payload
    contract_materializer.materialize_run_contract_artifacts(
  File "C:\Anup\6gsimulation\sixgr_foundation_v2 (2)\apps\lls_web_dashboard.py", line 153, in db_connection
    return pool.get_connection()
           ^^^^^^^^^^^^^^^^^^^^^
  File "C:\Program Files\Python311\Lib\site-packages\mysql\connector\pooling.py", line 656, in get_connection
    raise PoolError("Failed getting connection; pool exhausted") from err
  File "C:\Program Files\Python311\Lib\site-packages\mysql\connector\pooling.py", line 656, in get_connection
    raise PoolError("Failed getting connection; pool exhausted") from err
  File "C:\Program Files\Python311\Lib\site-packages\mysql\connector\pooling.py", line 656, in get_connection
    raise PoolError("Failed getting connection; pool exhausted") from err
  File "C:\Anup\6gsimulation\sixgr_foundation_v2 (2)\apps\lls_contract_materializer.py", line 857, in _contract_owned_paths
    if _artifact_is_contract_owned(artifact, db_connection_factory):
       ^^^^^^^^^^^^^^^^^^^^^^^^^^^^^^^^^^^^^^^^^^^^^^^^^^^^^^^^^^^^

During handling of the above exception, another exception occurred:

  File "C:\Anup\6gsimulation\sixgr_foundation_v2 (2)\apps\lls_web_dashboard.py", line 2758, in fetch_run
    with db_connection() as conn:
         ^^^^^^^^^^^^^^^
  File "C:\Anup\6gsimulation\sixgr_foundation_v2 (2)\apps\lls_web_dashboard.py", line 12692, in do_GET
    self.respond_json(build_live_payload(run_id))
                      ^^^^^^^^^^^^^^^^^^^^^^^^^^
Traceback (most recent call last):
Traceback (most recent call last):
  File "C:\Anup\6gsimulation\sixgr_foundation_v2 (2)\apps\lls_web_dashboard.py", line 12692, in do_GET
    self.respond_json(build_live_payload(run_id))
                      ^^^^^^^^^^^^^^^^^^^^^^^^^^
  File "C:\Anup\6gsimulation\sixgr_foundation_v2 (2)\apps\lls_web_dashboard.py", line 7896, in build_live_payload
    artifacts = fetch_artifacts(run_id)
                ^^^^^^^^^^^^^^^^^^^^^^^
  File "C:\Anup\6gsimulation\sixgr_foundation_v2 (2)\apps\lls_web_dashboard.py", line 2821, in fetch_artifacts
    with db_connection() as conn:
         ^^^^^^^^^^^^^^^
  File "C:\Anup\6gsimulation\sixgr_foundation_v2 (2)\apps\lls_contract_materializer.py", line 1850, in materialize_run_contract_artifacts
    current_source_watermark = _source_artifact_high_watermark(artifacts, db_connection_factory)
                               ^^^^^^^^^^^^^^^^^^^^^^^^^^^^^^^^^^^^^^^^^^^^^^^^^^^^^^^^^^^^^^^^^
  File "C:\Program Files\Python311\Lib\site-packages\mysql\connector\pooling.py", line 656, in get_connection
    raise PoolError("Failed getting connection; pool exhausted") from err
mysql.connector.errors.PoolError: Failed getting connection; pool exhausted
mysql.connector.errors.PoolError: Failed getting connection; pool exhausted
mysql.connector.errors.PoolError: Failed getting connection; pool exhausted
  File "C:\Anup\6gsimulation\sixgr_foundation_v2 (2)\apps\lls_contract_materializer.py", line 840, in _artifact_is_contract_owned
    payload = _artifact_metadata_json(artifact, db_connection_factory)
              ^^^^^^^^^^^^^^^^^^^^^^^^^^^^^^^^^^^^^^^^^^^^^^^^^^^^^^^^
Traceback (most recent call last):
  File "C:\Anup\6gsimulation\sixgr_foundation_v2 (2)\apps\lls_web_dashboard.py", line 153, in db_connection
    return pool.get_connection()
           ^^^^^^^^^^^^^^^^^^^^^
  File "C:\Anup\6gsimulation\sixgr_foundation_v2 (2)\apps\lls_web_dashboard.py", line 7890, in build_live_payload
    run_row = fetch_run(run_id)
              ^^^^^^^^^^^^^^^^^
  File "C:\Anup\6gsimulation\sixgr_foundation_v2 (2)\apps\lls_web_dashboard.py", line 2758, in fetch_run
    with db_connection() as conn:
         ^^^^^^^^^^^^^^^
  File "C:\Anup\6gsimulation\sixgr_foundation_v2 (2)\apps\lls_web_dashboard.py", line 12692, in do_GET
    self.respond_json(build_live_payload(run_id))
                      ^^^^^^^^^^^^^^^^^^^^^^^^^^
  File "C:\Anup\6gsimulation\sixgr_foundation_v2 (2)\apps\lls_web_dashboard.py", line 7896, in build_live_payload
    artifacts = fetch_artifacts(run_id)
                ^^^^^^^^^^^^^^^^^^^^^^^
  File "C:\Anup\6gsimulation\sixgr_foundation_v2 (2)\apps\lls_contract_materializer.py", line 1752, in _artifact_has_current_materializer_version
    payload = _artifact_metadata_json(artifact, db_connection_factory)
              ^^^^^^^^^^^^^^^^^^^^^^^^^^^^^^^^^^^^^^^^^^^^^^^^^^^^^^^^
  File "C:\Anup\6gsimulation\sixgr_foundation_v2 (2)\apps\lls_web_dashboard.py", line 153, in db_connection
    return pool.get_connection()
           ^^^^^^^^^^^^^^^^^^^^^
  File "C:\Program Files\Python311\Lib\site-packages\mysql\connector\pooling.py", line 656, in get_connection
    raise PoolError("Failed getting connection; pool exhausted") from err
mysql.connector.errors.PoolError: Failed getting connection; pool exhausted

During handling of the above exception, another exception occurred:


During handling of the above exception, another exception occurred:


During handling of the above exception, another exception occurred:

Traceback (most recent call last):
  File "C:\Program Files\Python311\Lib\socketserver.py", line 691, in process_request_thread
    self.finish_request(request, client_address)
  File "C:\Program Files\Python311\Lib\socketserver.py", line 361, in finish_request
    self.RequestHandlerClass(request, client_address, self)
  File "C:\Program Files\Python311\Lib\socketserver.py", line 755, in __init__
    self.handle()
  File "C:\Program Files\Python311\Lib\http\server.py", line 436, in handle
    self.handle_one_request()
  File "C:\Anup\6gsimulation\sixgr_foundation_v2 (2)\apps\lls_web_dashboard.py", line 7896, in build_live_payload
    artifacts = fetch_artifacts(run_id)
                ^^^^^^^^^^^^^^^^^^^^^^^
  File "C:\Anup\6gsimulation\sixgr_foundation_v2 (2)\apps\lls_web_dashboard.py", line 2821, in fetch_artifacts
    with db_connection() as conn:
         ^^^^^^^^^^^^^^^
  File "C:\Anup\6gsimulation\sixgr_foundation_v2 (2)\apps\lls_contract_materializer.py", line 1739, in _artifact_metadata_json
    with db_connection_factory() as conn:
         ^^^^^^^^^^^^^^^^^^^^^^^
  File "C:\Program Files\Python311\Lib\site-packages\mysql\connector\pooling.py", line 656, in get_connection
    raise PoolError("Failed getting connection; pool exhausted") from err
  File "C:\Anup\6gsimulation\sixgr_foundation_v2 (2)\apps\lls_contract_materializer.py", line 868, in _source_artifact_high_watermark
    contract_paths = _contract_owned_paths(artifacts, db_connection_factory)
                     ^^^^^^^^^^^^^^^^^^^^^^^^^^^^^^^^^^^^^^^^^^^^^^^^^^^^^^^
  File "C:\Anup\6gsimulation\sixgr_foundation_v2 (2)\apps\lls_contract_materializer.py", line 857, in _contract_owned_paths
    if _artifact_is_contract_owned(artifact, db_connection_factory):
       ^^^^^^^^^^^^^^^^^^^^^^^^^^^^^^^^^^^^^^^^^^^^^^^^^^^^^^^^^^^^
  File "C:\Anup\6gsimulation\sixgr_foundation_v2 (2)\apps\lls_web_dashboard.py", line 153, in db_connection
    return pool.get_connection()
           ^^^^^^^^^^^^^^^^^^^^^
Traceback (most recent call last):
  File "C:\Anup\6gsimulation\sixgr_foundation_v2 (2)\apps\lls_contract_materializer.py", line 1739, in _artifact_metadata_json
    with db_connection_factory() as conn:
         ^^^^^^^^^^^^^^^^^^^^^^^
  File "C:\Program Files\Python311\Lib\socketserver.py", line 691, in process_request_thread
    self.finish_request(request, client_address)
  File "C:\Program Files\Python311\Lib\socketserver.py", line 361, in finish_request
    self.RequestHandlerClass(request, client_address, self)

During handling of the above exception, another exception occurred:

Traceback (most recent call last):
  File "C:\Program Files\Python311\Lib\http\server.py", line 424, in handle_one_request
    method()
  File "C:\Anup\6gsimulation\sixgr_foundation_v2 (2)\apps\lls_web_dashboard.py", line 12714, in do_GET
    self.send_error(HTTPStatus.INTERNAL_SERVER_ERROR, str(exc))
  File "C:\Anup\6gsimulation\sixgr_foundation_v2 (2)\apps\lls_web_dashboard.py", line 153, in db_connection
    return pool.get_connection()
           ^^^^^^^^^^^^^^^^^^^^^
  File "C:\Anup\6gsimulation\sixgr_foundation_v2 (2)\apps\lls_web_dashboard.py", line 153, in db_connection
    return pool.get_connection()
           ^^^^^^^^^^^^^^^^^^^^^
mysql.connector.errors.PoolError: Failed getting connection; pool exhausted
  File "C:\Program Files\Python311\Lib\socketserver.py", line 691, in process_request_thread
    self.finish_request(request, client_address)
  File "C:\Anup\6gsimulation\sixgr_foundation_v2 (2)\apps\lls_contract_materializer.py", line 840, in _artifact_is_contract_owned
    payload = _artifact_metadata_json(artifact, db_connection_factory)
              ^^^^^^^^^^^^^^^^^^^^^^^^^^^^^^^^^^^^^^^^^^^^^^^^^^^^^^^^
  File "C:\Program Files\Python311\Lib\site-packages\mysql\connector\pooling.py", line 656, in get_connection
    raise PoolError("Failed getting connection; pool exhausted") from err
  File "C:\Anup\6gsimulation\sixgr_foundation_v2 (2)\apps\lls_web_dashboard.py", line 2821, in fetch_artifacts
    with db_connection() as conn:
         ^^^^^^^^^^^^^^^
  File "C:\Anup\6gsimulation\sixgr_foundation_v2 (2)\apps\lls_web_dashboard.py", line 153, in db_connection
    return pool.get_connection()
           ^^^^^^^^^^^^^^^^^^^^^
mysql.connector.errors.PoolError: Failed getting connection; pool exhausted
  File "C:\Program Files\Python311\Lib\socketserver.py", line 755, in __init__
    self.handle()
Traceback (most recent call last):
  File "C:\Program Files\Python311\Lib\socketserver.py", line 691, in process_request_thread
    self.finish_request(request, client_address)
  File "C:\Program Files\Python311\Lib\socketserver.py", line 691, in process_request_thread
    self.finish_request(request, client_address)
  File "C:\Program Files\Python311\Lib\http\server.py", line 491, in send_error
    self.wfile.write(body)
  File "C:\Program Files\Python311\Lib\site-packages\mysql\connector\pooling.py", line 656, in get_connection
    raise PoolError("Failed getting connection; pool exhausted") from err
  File "C:\Program Files\Python311\Lib\site-packages\mysql\connector\pooling.py", line 656, in get_connection
    raise PoolError("Failed getting connection; pool exhausted") from err

During handling of the above exception, another exception occurred:

  File "C:\Program Files\Python311\Lib\socketserver.py", line 361, in finish_request
    self.RequestHandlerClass(request, client_address, self)
  File "C:\Anup\6gsimulation\sixgr_foundation_v2 (2)\apps\lls_contract_materializer.py", line 1739, in _artifact_metadata_json
    with db_connection_factory() as conn:
         ^^^^^^^^^^^^^^^^^^^^^^^
mysql.connector.errors.PoolError: Failed getting connection; pool exhausted
  File "C:\Anup\6gsimulation\sixgr_foundation_v2 (2)\apps\lls_web_dashboard.py", line 153, in db_connection
    return pool.get_connection()
           ^^^^^^^^^^^^^^^^^^^^^
  File "C:\Program Files\Python311\Lib\site-packages\mysql\connector\pooling.py", line 656, in get_connection
    raise PoolError("Failed getting connection; pool exhausted") from err

During handling of the above exception, another exception occurred:

  File "C:\Program Files\Python311\Lib\http\server.py", line 436, in handle
    self.handle_one_request()
  File "C:\Program Files\Python311\Lib\socketserver.py", line 691, in process_request_thread
    self.finish_request(request, client_address)
  File "C:\Program Files\Python311\Lib\socketserver.py", line 361, in finish_request
    self.RequestHandlerClass(request, client_address, self)
  File "C:\Program Files\Python311\Lib\socketserver.py", line 361, in finish_request
    self.RequestHandlerClass(request, client_address, self)
  File "C:\Program Files\Python311\Lib\socketserver.py", line 834, in write
    self._sock.sendall(b)
mysql.connector.errors.PoolError: Failed getting connection; pool exhausted
mysql.connector.errors.PoolError: Failed getting connection; pool exhausted
Traceback (most recent call last):
  File "C:\Program Files\Python311\Lib\socketserver.py", line 755, in __init__
    self.handle()
  File "C:\Anup\6gsimulation\sixgr_foundation_v2 (2)\apps\lls_web_dashboard.py", line 153, in db_connection
    return pool.get_connection()
           ^^^^^^^^^^^^^^^^^^^^^

During handling of the above exception, another exception occurred:

Traceback (most recent call last):
mysql.connector.errors.PoolError: Failed getting connection; pool exhausted
Traceback (most recent call last):
  File "C:\Program Files\Python311\Lib\http\server.py", line 424, in handle_one_request
    method()
  File "C:\Program Files\Python311\Lib\socketserver.py", line 361, in finish_request
    self.RequestHandlerClass(request, client_address, self)
  File "C:\Program Files\Python311\Lib\socketserver.py", line 755, in __init__
    self.handle()
  File "C:\Program Files\Python311\Lib\socketserver.py", line 755, in __init__
    self.handle()
ConnectionAbortedError: [WinError 10053] An established connection was aborted by the software in your host machine

During handling of the above exception, another exception occurred:


During handling of the above exception, another exception occurred:

  File "C:\Program Files\Python311\Lib\socketserver.py", line 691, in process_request_thread
    self.finish_request(request, client_address)
  File "C:\Anup\6gsimulation\sixgr_foundation_v2 (2)\apps\lls_web_dashboard.py", line 12714, in do_GET
    self.send_error(HTTPStatus.INTERNAL_SERVER_ERROR, str(exc))
  File "C:\Program Files\Python311\Lib\socketserver.py", line 755, in __init__
    self.handle()
  File "C:\Program Files\Python311\Lib\http\server.py", line 436, in handle
    self.handle_one_request()
  File "C:\Program Files\Python311\Lib\http\server.py", line 436, in handle
    self.handle_one_request()
----------------------------------------
Traceback (most recent call last):
Traceback (most recent call last):
  File "C:\Program Files\Python311\Lib\socketserver.py", line 361, in finish_request
    self.RequestHandlerClass(request, client_address, self)
  File "C:\Program Files\Python311\Lib\http\server.py", line 491, in send_error
    self.wfile.write(body)
  File "C:\Program Files\Python311\Lib\http\server.py", line 436, in handle
    self.handle_one_request()
  File "C:\Program Files\Python311\Lib\http\server.py", line 424, in handle_one_request
    method()
  File "C:\Anup\6gsimulation\sixgr_foundation_v2 (2)\apps\lls_web_dashboard.py", line 12714, in do_GET
    self.send_error(HTTPStatus.INTERNAL_SERVER_ERROR, str(exc))
  File "C:\Program Files\Python311\Lib\http\server.py", line 491, in send_error
    self.wfile.write(body)
  File "C:\Program Files\Python311\Lib\socketserver.py", line 691, in process_request_thread
    self.finish_request(request, client_address)
  File "C:\Program Files\Python311\Lib\http\server.py", line 436, in handle
    self.handle_one_request()
  File "C:\Program Files\Python311\Lib\site-packages\mysql\connector\pooling.py", line 656, in get_connection
    raise PoolError("Failed getting connection; pool exhausted") from err
  File "C:\Program Files\Python311\Lib\site-packages\mysql\connector\pooling.py", line 656, in get_connection
    raise PoolError("Failed getting connection; pool exhausted") from err
mysql.connector.errors.PoolError: Failed getting connection; pool exhausted
  File "C:\Program Files\Python311\Lib\http\server.py", line 424, in handle_one_request
    method()
  File "C:\Program Files\Python311\Lib\socketserver.py", line 691, in process_request_thread
    self.finish_request(request, client_address)
  File "C:\Program Files\Python311\Lib\socketserver.py", line 834, in write
    self._sock.sendall(b)
  File "C:\Program Files\Python311\Lib\socketserver.py", line 361, in finish_request
    self.RequestHandlerClass(request, client_address, self)
  File "C:\Program Files\Python311\Lib\socketserver.py", line 755, in __init__
    self.handle()
  File "C:\Program Files\Python311\Lib\http\server.py", line 424, in handle_one_request
    method()
  File "C:\Program Files\Python311\Lib\socketserver.py", line 691, in process_request_thread
    self.finish_request(request, client_address)
  File "C:\Program Files\Python311\Lib\socketserver.py", line 361, in finish_request
    self.RequestHandlerClass(request, client_address, self)
  File "C:\Anup\6gsimulation\sixgr_foundation_v2 (2)\apps\lls_web_dashboard.py", line 12714, in do_GET
    self.send_error(HTTPStatus.INTERNAL_SERVER_ERROR, str(exc))
  File "C:\Program Files\Python311\Lib\socketserver.py", line 361, in finish_request
    self.RequestHandlerClass(request, client_address, self)
ConnectionAbortedError: [WinError 10053] An established connection was aborted by the software in your host machine
  File "C:\Program Files\Python311\Lib\socketserver.py", line 834, in write
    self._sock.sendall(b)
  File "C:\Anup\6gsimulation\sixgr_foundation_v2 (2)\apps\lls_web_dashboard.py", line 12714, in do_GET
    self.send_error(HTTPStatus.INTERNAL_SERVER_ERROR, str(exc))

During handling of the above exception, another exception occurred:

----------------------------------------
  File "C:\Program Files\Python311\Lib\socketserver.py", line 691, in process_request_thread
    self.finish_request(request, client_address)
  File "C:\Program Files\Python311\Lib\socketserver.py", line 361, in finish_request
    self.RequestHandlerClass(request, client_address, self)
  File "C:\Program Files\Python311\Lib\socketserver.py", line 755, in __init__
    self.handle()
  File "C:\Program Files\Python311\Lib\http\server.py", line 436, in handle
    self.handle_one_request()
  File "C:\Program Files\Python311\Lib\http\server.py", line 424, in handle_one_request
    method()
  File "C:\Program Files\Python311\Lib\socketserver.py", line 755, in __init__
    self.handle()
Traceback (most recent call last):
Exception occurred during processing of request from ('10.64.253.106', 64579)
----------------------------------------
mysql.connector.errors.PoolError: Failed getting connection; pool exhausted
ConnectionAbortedError: [WinError 10053] An established connection was aborted by the software in your host machine
  File "C:\Program Files\Python311\Lib\http\server.py", line 488, in send_error
    self.end_headers()
  File "C:\Program Files\Python311\Lib\http\server.py", line 538, in end_headers
    self.flush_headers()
  File "C:\Program Files\Python311\Lib\http\server.py", line 542, in flush_headers
    self.wfile.write(b"".join(self._headers_buffer))
  File "C:\Program Files\Python311\Lib\socketserver.py", line 755, in __init__
    self.handle()

During handling of the above exception, another exception occurred:

----------------------------------------
  File "C:\Anup\6gsimulation\sixgr_foundation_v2 (2)\apps\lls_web_dashboard.py", line 12714, in do_GET
    self.send_error(HTTPStatus.INTERNAL_SERVER_ERROR, str(exc))

During handling of the above exception, another exception occurred:

  File "C:\Program Files\Python311\Lib\socketserver.py", line 691, in process_request_thread
    self.finish_request(request, client_address)
  File "C:\Program Files\Python311\Lib\socketserver.py", line 755, in __init__
    self.handle()
  File "C:\Program Files\Python311\Lib\http\server.py", line 436, in handle
    self.handle_one_request()
Traceback (most recent call last):
  File "C:\Program Files\Python311\Lib\http\server.py", line 436, in handle
    self.handle_one_request()
  File "C:\Program Files\Python311\Lib\http\server.py", line 491, in send_error
    self.wfile.write(body)
  File "C:\Program Files\Python311\Lib\socketserver.py", line 834, in write
    self._sock.sendall(b)
  File "C:\Program Files\Python311\Lib\http\server.py", line 436, in handle
    self.handle_one_request()
  File "C:\Program Files\Python311\Lib\http\server.py", line 424, in handle_one_request
    method()
Traceback (most recent call last):
  File "C:\Program Files\Python311\Lib\http\server.py", line 491, in send_error
    self.wfile.write(body)
Traceback (most recent call last):
  File "C:\Program Files\Python311\Lib\socketserver.py", line 361, in finish_request
    self.RequestHandlerClass(request, client_address, self)
  File "C:\Program Files\Python311\Lib\http\server.py", line 436, in handle
    self.handle_one_request()
  File "C:\Program Files\Python311\Lib\http\server.py", line 424, in handle_one_request
    method()
  File "C:\Program Files\Python311\Lib\socketserver.py", line 691, in process_request_thread
    self.finish_request(request, client_address)
  File "C:\Program Files\Python311\Lib\http\server.py", line 424, in handle_one_request
    method()
  File "C:\Program Files\Python311\Lib\socketserver.py", line 834, in write
    self._sock.sendall(b)
ConnectionAbortedError: [WinError 10053] An established connection was aborted by the software in your host machine
  File "C:\Program Files\Python311\Lib\http\server.py", line 424, in handle_one_request
    method()
  File "C:\Anup\6gsimulation\sixgr_foundation_v2 (2)\apps\lls_web_dashboard.py", line 12714, in do_GET
    self.send_error(HTTPStatus.INTERNAL_SERVER_ERROR, str(exc))
  File "C:\Program Files\Python311\Lib\http\server.py", line 491, in send_error
    self.wfile.write(body)
  File "C:\Program Files\Python311\Lib\socketserver.py", line 834, in write
    self._sock.sendall(b)
  File "C:\Program Files\Python311\Lib\socketserver.py", line 691, in process_request_thread
    self.finish_request(request, client_address)
  File "C:\Program Files\Python311\Lib\socketserver.py", line 755, in __init__
    self.handle()
  File "C:\Program Files\Python311\Lib\http\server.py", line 424, in handle_one_request
    method()
  File "C:\Anup\6gsimulation\sixgr_foundation_v2 (2)\apps\lls_web_dashboard.py", line 12714, in do_GET
    self.send_error(HTTPStatus.INTERNAL_SERVER_ERROR, str(exc))
  File "C:\Anup\6gsimulation\sixgr_foundation_v2 (2)\apps\lls_web_dashboard.py", line 12650, in do_GET
    self.respond_json({"runs": fetch_runs(limit=limit, run_tag=params.get("run_tag", [None])[0])})
  File "C:\Anup\6gsimulation\sixgr_foundation_v2 (2)\apps\lls_web_dashboard.py", line 12714, in do_GET
    self.send_error(HTTPStatus.INTERNAL_SERVER_ERROR, str(exc))
ConnectionAbortedError: [WinError 10053] An established connection was aborted by the software in your host machine
----------------------------------------
  File "C:\Anup\6gsimulation\sixgr_foundation_v2 (2)\apps\lls_web_dashboard.py", line 12714, in do_GET
    self.send_error(HTTPStatus.INTERNAL_SERVER_ERROR, str(exc))
  File "C:\Program Files\Python311\Lib\socketserver.py", line 361, in finish_request
    self.RequestHandlerClass(request, client_address, self)
  File "C:\Program Files\Python311\Lib\socketserver.py", line 834, in write
    self._sock.sendall(b)
ConnectionAbortedError: [WinError 10053] An established connection was aborted by the software in your host machine
  File "C:\Program Files\Python311\Lib\socketserver.py", line 361, in finish_request
    self.RequestHandlerClass(request, client_address, self)
  File "C:\Program Files\Python311\Lib\http\server.py", line 436, in handle
    self.handle_one_request()
  File "C:\Program Files\Python311\Lib\http\server.py", line 491, in send_error
    self.wfile.write(body)
  File "C:\Program Files\Python311\Lib\socketserver.py", line 755, in __init__
    self.handle()
ConnectionAbortedError: [WinError 10053] An established connection was aborted by the software in your host machine
----------------------------------------
  File "C:\Program Files\Python311\Lib\socketserver.py", line 755, in __init__
    self.handle()
  File "C:\Program Files\Python311\Lib\http\server.py", line 424, in handle_one_request
    method()
  File "C:\Program Files\Python311\Lib\socketserver.py", line 834, in write
    self._sock.sendall(b)
  File "C:\Program Files\Python311\Lib\http\server.py", line 436, in handle
    self.handle_one_request()
----------------------------------------
  File "C:\Anup\6gsimulation\sixgr_foundation_v2 (2)\apps\lls_web_dashboard.py", line 12714, in do_GET
    self.send_error(HTTPStatus.INTERNAL_SERVER_ERROR, str(exc))
  File "C:\Program Files\Python311\Lib\http\server.py", line 491, in send_error
    self.wfile.write(body)
  File "C:\Program Files\Python311\Lib\socketserver.py", line 834, in write
    self._sock.sendall(b)
  File "C:\Program Files\Python311\Lib\http\server.py", line 491, in send_error
    self.wfile.write(body)
----------------------------------------
  File "C:\Program Files\Python311\Lib\http\server.py", line 491, in send_error
    self.wfile.write(body)
ConnectionAbortedError: [WinError 10053] An established connection was aborted by the software in your host machine
----------------------------------------
  File "C:\Program Files\Python311\Lib\socketserver.py", line 834, in write
    self._sock.sendall(b)
  File "C:\Anup\6gsimulation\sixgr_foundation_v2 (2)\apps\lls_web_dashboard.py", line 12714, in do_GET
    self.send_error(HTTPStatus.INTERNAL_SERVER_ERROR, str(exc))
  File "C:\Anup\6gsimulation\sixgr_foundation_v2 (2)\apps\lls_web_dashboard.py", line 12823, in respond_json
    self.wfile.write(raw)
  File "C:\Program Files\Python311\Lib\http\server.py", line 424, in handle_one_request
    method()
  File "C:\Anup\6gsimulation\sixgr_foundation_v2 (2)\apps\lls_web_dashboard.py", line 12714, in do_GET
    self.send_error(HTTPStatus.INTERNAL_SERVER_ERROR, str(exc))
  File "C:\Program Files\Python311\Lib\http\server.py", line 491, in send_error
    self.wfile.write(body)
  File "C:\Program Files\Python311\Lib\socketserver.py", line 834, in write
    self._sock.sendall(b)
ConnectionAbortedError: [WinError 10053] An established connection was aborted by the software in your host machine
  File "C:\Program Files\Python311\Lib\http\server.py", line 491, in send_error
    self.wfile.write(body)
  File "C:\Program Files\Python311\Lib\socketserver.py", line 834, in write
    self._sock.sendall(b)
ConnectionAbortedError: [WinError 10053] An established connection was aborted by the software in your host machine
----------------------------------------
  File "C:\Program Files\Python311\Lib\socketserver.py", line 834, in write
    self._sock.sendall(b)
ConnectionAbortedError: [WinError 10053] An established connection was aborted by the software in your host machine
----------------------------------------
  File "C:\Program Files\Python311\Lib\http\server.py", line 436, in handle
    self.handle_one_request()
  File "C:\Program Files\Python311\Lib\socketserver.py", line 834, in write
    self._sock.sendall(b)
ConnectionAbortedError: [WinError 10053] An established connection was aborted by the software in your host machine
----------------------------------------
ConnectionAbortedError: [WinError 10053] An established connection was aborted by the software in your host machine
  File "C:\Program Files\Python311\Lib\http\server.py", line 424, in handle_one_request
    method()
ConnectionAbortedError: [WinError 10053] An established connection was aborted by the software in your host machine

During handling of the above exception, another exception occurred:

Traceback (most recent call last):
  File "C:\Anup\6gsimulation\sixgr_foundation_v2 (2)\apps\lls_web_dashboard.py", line 12714, in do_GET
    self.send_error(HTTPStatus.INTERNAL_SERVER_ERROR, str(exc))
----------------------------------------
----------------------------------------
  File "C:\Program Files\Python311\Lib\socketserver.py", line 691, in process_request_thread
    self.finish_request(request, client_address)
  File "C:\Program Files\Python311\Lib\http\server.py", line 491, in send_error
    self.wfile.write(body)
  File "C:\Program Files\Python311\Lib\socketserver.py", line 834, in write
    self._sock.sendall(b)
ConnectionAbortedError: [WinError 10053] An established connection was aborted by the software in your host machine
----------------------------------------
  File "C:\Program Files\Python311\Lib\socketserver.py", line 361, in finish_request
    self.RequestHandlerClass(request, client_address, self)
  File "C:\Program Files\Python311\Lib\socketserver.py", line 755, in __init__
    self.handle()
  File "C:\Program Files\Python311\Lib\http\server.py", line 436, in handle
    self.handle_one_request()
  File "C:\Program Files\Python311\Lib\http\server.py", line 424, in handle_one_request
    method()
  File "C:\Anup\6gsimulation\sixgr_foundation_v2 (2)\apps\lls_web_dashboard.py", line 12714, in do_GET
    self.send_error(HTTPStatus.INTERNAL_SERVER_ERROR, str(exc))
  File "C:\Program Files\Python311\Lib\http\server.py", line 488, in send_error
    self.end_headers()
  File "C:\Program Files\Python311\Lib\http\server.py", line 538, in end_headers
    self.flush_headers()
  File "C:\Program Files\Python311\Lib\http\server.py", line 542, in flush_headers
    self.wfile.write(b"".join(self._headers_buffer))
  File "C:\Program Files\Python311\Lib\socketserver.py", line 834, in write
    self._sock.sendall(b)
ConnectionAbortedError: [WinError 10053] An established connection was aborted by the software in your host machine
----------------------------------------
----------------------------------------
Exception occurred during processing of request from ('10.64.253.106', 64572)
Traceback (most recent call last):
  File "C:\Anup\6gsimulation\sixgr_foundation_v2 (2)\apps\lls_web_dashboard.py", line 12692, in do_GET
    self.respond_json(build_live_payload(run_id))
  File "C:\Anup\6gsimulation\sixgr_foundation_v2 (2)\apps\lls_web_dashboard.py", line 12823, in respond_json
    self.wfile.write(raw)
  File "C:\Program Files\Python311\Lib\socketserver.py", line 834, in write
    self._sock.sendall(b)
ConnectionAbortedError: [WinError 10053] An established connection was aborted by the software in your host machine

During handling of the above exception, another exception occurred:

Traceback (most recent call last):
  File "C:\Program Files\Python311\Lib\socketserver.py", line 691, in process_request_thread
    self.finish_request(request, client_address)
  File "C:\Program Files\Python311\Lib\socketserver.py", line 361, in finish_request
    self.RequestHandlerClass(request, client_address, self)
  File "C:\Program Files\Python311\Lib\socketserver.py", line 755, in __init__
    self.handle()
  File "C:\Program Files\Python311\Lib\http\server.py", line 436, in handle
    self.handle_one_request()
  File "C:\Program Files\Python311\Lib\http\server.py", line 424, in handle_one_request
    method()
  File "C:\Anup\6gsimulation\sixgr_foundation_v2 (2)\apps\lls_web_dashboard.py", line 12714, in do_GET
    self.send_error(HTTPStatus.INTERNAL_SERVER_ERROR, str(exc))
  File "C:\Program Files\Python311\Lib\http\server.py", line 488, in send_error
    self.end_headers()
  File "C:\Program Files\Python311\Lib\http\server.py", line 538, in end_headers
    self.flush_headers()
  File "C:\Program Files\Python311\Lib\http\server.py", line 542, in flush_headers
    self.wfile.write(b"".join(self._headers_buffer))
  File "C:\Program Files\Python311\Lib\socketserver.py", line 834, in write
    self._sock.sendall(b)
ConnectionAbortedError: [WinError 10053] An established connection was aborted by the software in your host machine
----------------------------------------
----------------------------------------
Exception occurred during processing of request from ('10.64.253.106', 64583)
Traceback (most recent call last):
  File "C:\Program Files\Python311\Lib\site-packages\mysql\connector\pooling.py", line 654, in get_connection
    cnx = self._cnx_queue.get(block=False)
          ^^^^^^^^^^^^^^^^^^^^^^^^^^^^^^^^
  File "C:\Program Files\Python311\Lib\queue.py", line 168, in get
    raise Empty
_queue.Empty

The above exception was the direct cause of the following exception:

Traceback (most recent call last):
  File "C:\Anup\6gsimulation\sixgr_foundation_v2 (2)\apps\lls_web_dashboard.py", line 12692, in do_GET
    self.respond_json(build_live_payload(run_id))
                      ^^^^^^^^^^^^^^^^^^^^^^^^^^
  File "C:\Anup\6gsimulation\sixgr_foundation_v2 (2)\apps\lls_web_dashboard.py", line 7914, in build_live_payload
    contract_materializer.materialize_run_contract_artifacts(
  File "C:\Anup\6gsimulation\sixgr_foundation_v2 (2)\apps\lls_contract_materializer.py", line 1850, in materialize_run_contract_artifacts
    current_source_watermark = _source_artifact_high_watermark(artifacts, db_connection_factory)
                               ^^^^^^^^^^^^^^^^^^^^^^^^^^^^^^^^^^^^^^^^^^^^^^^^^^^^^^^^^^^^^^^^^
  File "C:\Anup\6gsimulation\sixgr_foundation_v2 (2)\apps\lls_contract_materializer.py", line 868, in _source_artifact_high_watermark
    contract_paths = _contract_owned_paths(artifacts, db_connection_factory)
                     ^^^^^^^^^^^^^^^^^^^^^^^^^^^^^^^^^^^^^^^^^^^^^^^^^^^^^^^
  File "C:\Anup\6gsimulation\sixgr_foundation_v2 (2)\apps\lls_contract_materializer.py", line 857, in _contract_owned_paths
    if _artifact_is_contract_owned(artifact, db_connection_factory):
       ^^^^^^^^^^^^^^^^^^^^^^^^^^^^^^^^^^^^^^^^^^^^^^^^^^^^^^^^^^^^
  File "C:\Anup\6gsimulation\sixgr_foundation_v2 (2)\apps\lls_contract_materializer.py", line 840, in _artifact_is_contract_owned
    payload = _artifact_metadata_json(artifact, db_connection_factory)
              ^^^^^^^^^^^^^^^^^^^^^^^^^^^^^^^^^^^^^^^^^^^^^^^^^^^^^^^^
  File "C:\Anup\6gsimulation\sixgr_foundation_v2 (2)\apps\lls_contract_materializer.py", line 1739, in _artifact_metadata_json
    with db_connection_factory() as conn:
         ^^^^^^^^^^^^^^^^^^^^^^^
  File "C:\Anup\6gsimulation\sixgr_foundation_v2 (2)\apps\lls_web_dashboard.py", line 153, in db_connection
    return pool.get_connection()
           ^^^^^^^^^^^^^^^^^^^^^
  File "C:\Program Files\Python311\Lib\site-packages\mysql\connector\pooling.py", line 656, in get_connection
    raise PoolError("Failed getting connection; pool exhausted") from err
mysql.connector.errors.PoolError: Failed getting connection; pool exhausted

During handling of the above exception, another exception occurred:

Traceback (most recent call last):
  File "C:\Program Files\Python311\Lib\socketserver.py", line 691, in process_request_thread
    self.finish_request(request, client_address)
  File "C:\Program Files\Python311\Lib\socketserver.py", line 361, in finish_request
    self.RequestHandlerClass(request, client_address, self)
  File "C:\Program Files\Python311\Lib\socketserver.py", line 755, in __init__
    self.handle()
  File "C:\Program Files\Python311\Lib\http\server.py", line 436, in handle
    self.handle_one_request()
  File "C:\Program Files\Python311\Lib\http\server.py", line 424, in handle_one_request
    method()
  File "C:\Anup\6gsimulation\sixgr_foundation_v2 (2)\apps\lls_web_dashboard.py", line 12714, in do_GET
    self.send_error(HTTPStatus.INTERNAL_SERVER_ERROR, str(exc))
  File "C:\Program Files\Python311\Lib\http\server.py", line 491, in send_error
    self.wfile.write(body)
  File "C:\Program Files\Python311\Lib\socketserver.py", line 834, in write
    self._sock.sendall(b)
ConnectionAbortedError: [WinError 10053] An established connection was aborted by the software in your host machine
----------------------------------------
----------------------------------------
Exception occurred during processing of request from ('10.64.253.106', 64580)
Traceback (most recent call last):
  File "C:\Program Files\Python311\Lib\site-packages\mysql\connector\pooling.py", line 654, in get_connection
    cnx = self._cnx_queue.get(block=False)
          ^^^^^^^^^^^^^^^^^^^^^^^^^^^^^^^^
  File "C:\Program Files\Python311\Lib\queue.py", line 168, in get
    raise Empty
_queue.Empty

The above exception was the direct cause of the following exception:

Traceback (most recent call last):
  File "C:\Anup\6gsimulation\sixgr_foundation_v2 (2)\apps\lls_web_dashboard.py", line 12692, in do_GET
    self.respond_json(build_live_payload(run_id))
                      ^^^^^^^^^^^^^^^^^^^^^^^^^^
  File "C:\Anup\6gsimulation\sixgr_foundation_v2 (2)\apps\lls_web_dashboard.py", line 7914, in build_live_payload
    contract_materializer.materialize_run_contract_artifacts(
  File "C:\Anup\6gsimulation\sixgr_foundation_v2 (2)\apps\lls_contract_materializer.py", line 1859, in materialize_run_contract_artifacts
    contract_current = _existing_contract_artifacts_current(existing, db_connection_factory, feature_policy)
                       ^^^^^^^^^^^^^^^^^^^^^^^^^^^^^^^^^^^^^^^^^^^^^^^^^^^^^^^^^^^^^^^^^^^^^^^^^^^^^^^^^^^^^
  File "C:\Anup\6gsimulation\sixgr_foundation_v2 (2)\apps\lls_contract_materializer.py", line 1779, in _existing_contract_artifacts_current
    if not _artifact_has_current_materializer_version(image_artifact, db_connection_factory):
           ^^^^^^^^^^^^^^^^^^^^^^^^^^^^^^^^^^^^^^^^^^^^^^^^^^^^^^^^^^^^^^^^^^^^^^^^^^^^^^^^^
  File "C:\Anup\6gsimulation\sixgr_foundation_v2 (2)\apps\lls_contract_materializer.py", line 1752, in _artifact_has_current_materializer_version
    payload = _artifact_metadata_json(artifact, db_connection_factory)
              ^^^^^^^^^^^^^^^^^^^^^^^^^^^^^^^^^^^^^^^^^^^^^^^^^^^^^^^^
  File "C:\Anup\6gsimulation\sixgr_foundation_v2 (2)\apps\lls_contract_materializer.py", line 1739, in _artifact_metadata_json
    with db_connection_factory() as conn:
         ^^^^^^^^^^^^^^^^^^^^^^^
  File "C:\Anup\6gsimulation\sixgr_foundation_v2 (2)\apps\lls_web_dashboard.py", line 153, in db_connection
    return pool.get_connection()
           ^^^^^^^^^^^^^^^^^^^^^
  File "C:\Program Files\Python311\Lib\site-packages\mysql\connector\pooling.py", line 656, in get_connection
    raise PoolError("Failed getting connection; pool exhausted") from err
mysql.connector.errors.PoolError: Failed getting connection; pool exhausted

During handling of the above exception, another exception occurred:

Traceback (most recent call last):
  File "C:\Program Files\Python311\Lib\socketserver.py", line 691, in process_request_thread
    self.finish_request(request, client_address)
  File "C:\Program Files\Python311\Lib\socketserver.py", line 361, in finish_request
    self.RequestHandlerClass(request, client_address, self)
  File "C:\Program Files\Python311\Lib\socketserver.py", line 755, in __init__
    self.handle()
  File "C:\Program Files\Python311\Lib\http\server.py", line 436, in handle
    self.handle_one_request()
  File "C:\Program Files\Python311\Lib\http\server.py", line 424, in handle_one_request
    method()
  File "C:\Anup\6gsimulation\sixgr_foundation_v2 (2)\apps\lls_web_dashboard.py", line 12714, in do_GET
    self.send_error(HTTPStatus.INTERNAL_SERVER_ERROR, str(exc))
  File "C:\Program Files\Python311\Lib\http\server.py", line 491, in send_error
    self.wfile.write(body)
  File "C:\Program Files\Python311\Lib\socketserver.py", line 834, in write
    self._sock.sendall(b)
ConnectionAbortedError: [WinError 10053] An established connection was aborted by the software in your host machine
----------------------------------------
----------------------------------------
Exception occurred during processing of request from ('10.64.253.106', 64581)
Traceback (most recent call last):
  File "C:\Program Files\Python311\Lib\site-packages\mysql\connector\pooling.py", line 654, in get_connection
    cnx = self._cnx_queue.get(block=False)
          ^^^^^^^^^^^^^^^^^^^^^^^^^^^^^^^^
  File "C:\Program Files\Python311\Lib\queue.py", line 168, in get
    raise Empty
_queue.Empty

The above exception was the direct cause of the following exception:

Traceback (most recent call last):
  File "C:\Anup\6gsimulation\sixgr_foundation_v2 (2)\apps\lls_web_dashboard.py", line 12692, in do_GET
    self.respond_json(build_live_payload(run_id))
                      ^^^^^^^^^^^^^^^^^^^^^^^^^^
  File "C:\Anup\6gsimulation\sixgr_foundation_v2 (2)\apps\lls_web_dashboard.py", line 7914, in build_live_payload
    contract_materializer.materialize_run_contract_artifacts(
  File "C:\Anup\6gsimulation\sixgr_foundation_v2 (2)\apps\lls_contract_materializer.py", line 1859, in materialize_run_contract_artifacts
    contract_current = _existing_contract_artifacts_current(existing, db_connection_factory, feature_policy)
                       ^^^^^^^^^^^^^^^^^^^^^^^^^^^^^^^^^^^^^^^^^^^^^^^^^^^^^^^^^^^^^^^^^^^^^^^^^^^^^^^^^^^^^
  File "C:\Anup\6gsimulation\sixgr_foundation_v2 (2)\apps\lls_contract_materializer.py", line 1777, in _existing_contract_artifacts_current
    if not _artifact_has_current_materializer_version(csv_artifact, db_connection_factory):
           ^^^^^^^^^^^^^^^^^^^^^^^^^^^^^^^^^^^^^^^^^^^^^^^^^^^^^^^^^^^^^^^^^^^^^^^^^^^^^^^
  File "C:\Anup\6gsimulation\sixgr_foundation_v2 (2)\apps\lls_contract_materializer.py", line 1752, in _artifact_has_current_materializer_version
    payload = _artifact_metadata_json(artifact, db_connection_factory)
              ^^^^^^^^^^^^^^^^^^^^^^^^^^^^^^^^^^^^^^^^^^^^^^^^^^^^^^^^
  File "C:\Anup\6gsimulation\sixgr_foundation_v2 (2)\apps\lls_contract_materializer.py", line 1739, in _artifact_metadata_json
    with db_connection_factory() as conn:
         ^^^^^^^^^^^^^^^^^^^^^^^
  File "C:\Anup\6gsimulation\sixgr_foundation_v2 (2)\apps\lls_web_dashboard.py", line 153, in db_connection
    return pool.get_connection()
           ^^^^^^^^^^^^^^^^^^^^^
  File "C:\Program Files\Python311\Lib\site-packages\mysql\connector\pooling.py", line 656, in get_connection
    raise PoolError("Failed getting connection; pool exhausted") from err
mysql.connector.errors.PoolError: Failed getting connection; pool exhausted

During handling of the above exception, another exception occurred:

Traceback (most recent call last):
  File "C:\Program Files\Python311\Lib\socketserver.py", line 691, in process_request_thread
    self.finish_request(request, client_address)
  File "C:\Program Files\Python311\Lib\socketserver.py", line 361, in finish_request
    self.RequestHandlerClass(request, client_address, self)
  File "C:\Program Files\Python311\Lib\socketserver.py", line 755, in __init__
    self.handle()
  File "C:\Program Files\Python311\Lib\http\server.py", line 436, in handle
    self.handle_one_request()
  File "C:\Program Files\Python311\Lib\http\server.py", line 424, in handle_one_request
    method()
  File "C:\Anup\6gsimulation\sixgr_foundation_v2 (2)\apps\lls_web_dashboard.py", line 12714, in do_GET
    self.send_error(HTTPStatus.INTERNAL_SERVER_ERROR, str(exc))
  File "C:\Program Files\Python311\Lib\http\server.py", line 491, in send_error
    self.wfile.write(body)
  File "C:\Program Files\Python311\Lib\socketserver.py", line 834, in write
    self._sock.sendall(b)
ConnectionAbortedError: [WinError 10053] An established connection was aborted by the software in your host machine
----------------------------------------
----------------------------------------
Exception occurred during processing of request from ('10.64.253.106', 64597)
Traceback (most recent call last):
  File "C:\Anup\6gsimulation\sixgr_foundation_v2 (2)\apps\lls_web_dashboard.py", line 12692, in do_GET
    self.respond_json(build_live_payload(run_id))
  File "C:\Anup\6gsimulation\sixgr_foundation_v2 (2)\apps\lls_web_dashboard.py", line 12823, in respond_json
    self.wfile.write(raw)
  File "C:\Program Files\Python311\Lib\socketserver.py", line 834, in write
    self._sock.sendall(b)
ConnectionAbortedError: [WinError 10053] An established connection was aborted by the software in your host machine

During handling of the above exception, another exception occurred:

Traceback (most recent call last):
  File "C:\Program Files\Python311\Lib\socketserver.py", line 691, in process_request_thread
    self.finish_request(request, client_address)
  File "C:\Program Files\Python311\Lib\socketserver.py", line 361, in finish_request
    self.RequestHandlerClass(request, client_address, self)
  File "C:\Program Files\Python311\Lib\socketserver.py", line 755, in __init__
    self.handle()
  File "C:\Program Files\Python311\Lib\http\server.py", line 436, in handle
    self.handle_one_request()
  File "C:\Program Files\Python311\Lib\http\server.py", line 424, in handle_one_request
    method()
  File "C:\Anup\6gsimulation\sixgr_foundation_v2 (2)\apps\lls_web_dashboard.py", line 12714, in do_GET
    self.send_error(HTTPStatus.INTERNAL_SERVER_ERROR, str(exc))
  File "C:\Program Files\Python311\Lib\http\server.py", line 488, in send_error
    self.end_headers()
  File "C:\Program Files\Python311\Lib\http\server.py", line 538, in end_headers
    self.flush_headers()
  File "C:\Program Files\Python311\Lib\http\server.py", line 542, in flush_headers
    self.wfile.write(b"".join(self._headers_buffer))
  File "C:\Program Files\Python311\Lib\socketserver.py", line 834, in write
    self._sock.sendall(b)
ConnectionAbortedError: [WinError 10053] An established connection was aborted by the software in your host machine
----------------------------------------
----------------------------------------
Exception occurred during processing of request from ('10.64.253.106', 64595)
Traceback (most recent call last):
  File "C:\Anup\6gsimulation\sixgr_foundation_v2 (2)\apps\lls_web_dashboard.py", line 12692, in do_GET
    self.respond_json(build_live_payload(run_id))
  File "C:\Anup\6gsimulation\sixgr_foundation_v2 (2)\apps\lls_web_dashboard.py", line 12823, in respond_json
    self.wfile.write(raw)
  File "C:\Program Files\Python311\Lib\socketserver.py", line 834, in write
    self._sock.sendall(b)
ConnectionAbortedError: [WinError 10053] An established connection was aborted by the software in your host machine

During handling of the above exception, another exception occurred:

Traceback (most recent call last):
  File "C:\Program Files\Python311\Lib\socketserver.py", line 691, in process_request_thread
    self.finish_request(request, client_address)
  File "C:\Program Files\Python311\Lib\socketserver.py", line 361, in finish_request
    self.RequestHandlerClass(request, client_address, self)
  File "C:\Program Files\Python311\Lib\socketserver.py", line 755, in __init__
    self.handle()
  File "C:\Program Files\Python311\Lib\http\server.py", line 436, in handle
    self.handle_one_request()
  File "C:\Program Files\Python311\Lib\http\server.py", line 424, in handle_one_request
    method()
  File "C:\Anup\6gsimulation\sixgr_foundation_v2 (2)\apps\lls_web_dashboard.py", line 12714, in do_GET
    self.send_error(HTTPStatus.INTERNAL_SERVER_ERROR, str(exc))
  File "C:\Program Files\Python311\Lib\http\server.py", line 488, in send_error
    self.end_headers()
  File "C:\Program Files\Python311\Lib\http\server.py", line 538, in end_headers
    self.flush_headers()
  File "C:\Program Files\Python311\Lib\http\server.py", line 542, in flush_headers
    self.wfile.write(b"".join(self._headers_buffer))
  File "C:\Program Files\Python311\Lib\socketserver.py", line 834, in write
    self._sock.sendall(b)
ConnectionAbortedError: [WinError 10053] An established connection was aborted by the software in your host machine
----------------------------------------
----------------------------------------
Exception occurred during processing of request from ('10.64.253.106', 64587)
Traceback (most recent call last):
  File "C:\Anup\6gsimulation\sixgr_foundation_v2 (2)\apps\lls_web_dashboard.py", line 12692, in do_GET
    self.respond_json(build_live_payload(run_id))
  File "C:\Anup\6gsimulation\sixgr_foundation_v2 (2)\apps\lls_web_dashboard.py", line 12823, in respond_json
    self.wfile.write(raw)
  File "C:\Program Files\Python311\Lib\socketserver.py", line 834, in write
    self._sock.sendall(b)
ConnectionAbortedError: [WinError 10053] An established connection was aborted by the software in your host machine

During handling of the above exception, another exception occurred:

Traceback (most recent call last):
  File "C:\Program Files\Python311\Lib\socketserver.py", line 691, in process_request_thread
    self.finish_request(request, client_address)
  File "C:\Program Files\Python311\Lib\socketserver.py", line 361, in finish_request
    self.RequestHandlerClass(request, client_address, self)
  File "C:\Program Files\Python311\Lib\socketserver.py", line 755, in __init__
    self.handle()
  File "C:\Program Files\Python311\Lib\http\server.py", line 436, in handle
    self.handle_one_request()
  File "C:\Program Files\Python311\Lib\http\server.py", line 424, in handle_one_request
    method()
  File "C:\Anup\6gsimulation\sixgr_foundation_v2 (2)\apps\lls_web_dashboard.py", line 12714, in do_GET
    self.send_error(HTTPStatus.INTERNAL_SERVER_ERROR, str(exc))
  File "C:\Program Files\Python311\Lib\http\server.py", line 488, in send_error
    self.end_headers()
  File "C:\Program Files\Python311\Lib\http\server.py", line 538, in end_headers
    self.flush_headers()
  File "C:\Program Files\Python311\Lib\http\server.py", line 542, in flush_headers
    self.wfile.write(b"".join(self._headers_buffer))
  File "C:\Program Files\Python311\Lib\socketserver.py", line 834, in write
    self._sock.sendall(b)
ConnectionAbortedError: [WinError 10053] An established connection was aborted by the software in your host machine
----------------------------------------
----------------------------------------
Exception occurred during processing of request from ('10.64.253.106', 64592)
Traceback (most recent call last):
  File "C:\Anup\6gsimulation\sixgr_foundation_v2 (2)\apps\lls_web_dashboard.py", line 12692, in do_GET
    self.respond_json(build_live_payload(run_id))
  File "C:\Anup\6gsimulation\sixgr_foundation_v2 (2)\apps\lls_web_dashboard.py", line 12823, in respond_json
    self.wfile.write(raw)
  File "C:\Program Files\Python311\Lib\socketserver.py", line 834, in write
    self._sock.sendall(b)
ConnectionAbortedError: [WinError 10053] An established connection was aborted by the software in your host machine

During handling of the above exception, another exception occurred:

Traceback (most recent call last):
  File "C:\Program Files\Python311\Lib\socketserver.py", line 691, in process_request_thread
    self.finish_request(request, client_address)
  File "C:\Program Files\Python311\Lib\socketserver.py", line 361, in finish_request
    self.RequestHandlerClass(request, client_address, self)
  File "C:\Program Files\Python311\Lib\socketserver.py", line 755, in __init__
    self.handle()
  File "C:\Program Files\Python311\Lib\http\server.py", line 436, in handle
    self.handle_one_request()
  File "C:\Program Files\Python311\Lib\http\server.py", line 424, in handle_one_request
    method()
  File "C:\Anup\6gsimulation\sixgr_foundation_v2 (2)\apps\lls_web_dashboard.py", line 12714, in do_GET
    self.send_error(HTTPStatus.INTERNAL_SERVER_ERROR, str(exc))
  File "C:\Program Files\Python311\Lib\http\server.py", line 488, in send_error
    self.end_headers()
  File "C:\Program Files\Python311\Lib\http\server.py", line 538, in end_headers
    self.flush_headers()
  File "C:\Program Files\Python311\Lib\http\server.py", line 542, in flush_headers
    self.wfile.write(b"".join(self._headers_buffer))
  File "C:\Program Files\Python311\Lib\socketserver.py", line 834, in write
    self._sock.sendall(b)
ConnectionAbortedError: [WinError 10053] An established connection was aborted by the software in your host machine
----------------------------------------
----------------------------------------
Exception occurred during processing of request from ('10.64.253.106', 64586)
Traceback (most recent call last):
  File "C:\Anup\6gsimulation\sixgr_foundation_v2 (2)\apps\lls_web_dashboard.py", line 12692, in do_GET
    self.respond_json(build_live_payload(run_id))
  File "C:\Anup\6gsimulation\sixgr_foundation_v2 (2)\apps\lls_web_dashboard.py", line 12823, in respond_json
    self.wfile.write(raw)
  File "C:\Program Files\Python311\Lib\socketserver.py", line 834, in write
    self._sock.sendall(b)
ConnectionAbortedError: [WinError 10053] An established connection was aborted by the software in your host machine

During handling of the above exception, another exception occurred:

Traceback (most recent call last):
  File "C:\Program Files\Python311\Lib\socketserver.py", line 691, in process_request_thread
    self.finish_request(request, client_address)
  File "C:\Program Files\Python311\Lib\socketserver.py", line 361, in finish_request
    self.RequestHandlerClass(request, client_address, self)
  File "C:\Program Files\Python311\Lib\socketserver.py", line 755, in __init__
    self.handle()
  File "C:\Program Files\Python311\Lib\http\server.py", line 436, in handle
    self.handle_one_request()
  File "C:\Program Files\Python311\Lib\http\server.py", line 424, in handle_one_request
    method()
  File "C:\Anup\6gsimulation\sixgr_foundation_v2 (2)\apps\lls_web_dashboard.py", line 12714, in do_GET
    self.send_error(HTTPStatus.INTERNAL_SERVER_ERROR, str(exc))
  File "C:\Program Files\Python311\Lib\http\server.py", line 488, in send_error
    self.end_headers()
  File "C:\Program Files\Python311\Lib\http\server.py", line 538, in end_headers
    self.flush_headers()
  File "C:\Program Files\Python311\Lib\http\server.py", line 542, in flush_headers
    self.wfile.write(b"".join(self._headers_buffer))
  File "C:\Program Files\Python311\Lib\socketserver.py", line 834, in write
    self._sock.sendall(b)
ConnectionAbortedError: [WinError 10053] An established connection was aborted by the software in your host machine
----------------------------------------
----------------------------------------
Exception occurred during processing of request from ('10.64.253.106', 64584)
Traceback (most recent call last):
  File "C:\Anup\6gsimulation\sixgr_foundation_v2 (2)\apps\lls_web_dashboard.py", line 12692, in do_GET
    self.respond_json(build_live_payload(run_id))
  File "C:\Anup\6gsimulation\sixgr_foundation_v2 (2)\apps\lls_web_dashboard.py", line 12823, in respond_json
    self.wfile.write(raw)
  File "C:\Program Files\Python311\Lib\socketserver.py", line 834, in write
    self._sock.sendall(b)
ConnectionAbortedError: [WinError 10053] An established connection was aborted by the software in your host machine

During handling of the above exception, another exception occurred:

Traceback (most recent call last):
  File "C:\Program Files\Python311\Lib\socketserver.py", line 691, in process_request_thread
    self.finish_request(request, client_address)
  File "C:\Program Files\Python311\Lib\socketserver.py", line 361, in finish_request
    self.RequestHandlerClass(request, client_address, self)
  File "C:\Program Files\Python311\Lib\socketserver.py", line 755, in __init__
    self.handle()
  File "C:\Program Files\Python311\Lib\http\server.py", line 436, in handle
    self.handle_one_request()
  File "C:\Program Files\Python311\Lib\http\server.py", line 424, in handle_one_request
    method()
  File "C:\Anup\6gsimulation\sixgr_foundation_v2 (2)\apps\lls_web_dashboard.py", line 12714, in do_GET
    self.send_error(HTTPStatus.INTERNAL_SERVER_ERROR, str(exc))
  File "C:\Program Files\Python311\Lib\http\server.py", line 488, in send_error
    self.end_headers()
  File "C:\Program Files\Python311\Lib\http\server.py", line 538, in end_headers
    self.flush_headers()
  File "C:\Program Files\Python311\Lib\http\server.py", line 542, in flush_headers
    self.wfile.write(b"".join(self._headers_buffer))
  File "C:\Program Files\Python311\Lib\socketserver.py", line 834, in write
    self._sock.sendall(b)
ConnectionAbortedError: [WinError 10053] An established connection was aborted by the software in your host machine
----------------------------------------
----------------------------------------
Exception occurred during processing of request from ('10.64.253.106', 64606)
Traceback (most recent call last):
  File "C:\Anup\6gsimulation\sixgr_foundation_v2 (2)\apps\lls_web_dashboard.py", line 12692, in do_GET
    self.respond_json(build_live_payload(run_id))
  File "C:\Anup\6gsimulation\sixgr_foundation_v2 (2)\apps\lls_web_dashboard.py", line 12823, in respond_json
    self.wfile.write(raw)
  File "C:\Program Files\Python311\Lib\socketserver.py", line 834, in write
    self._sock.sendall(b)
ConnectionAbortedError: [WinError 10053] An established connection was aborted by the software in your host machine

During handling of the above exception, another exception occurred:

Traceback (most recent call last):
  File "C:\Program Files\Python311\Lib\socketserver.py", line 691, in process_request_thread
    self.finish_request(request, client_address)
  File "C:\Program Files\Python311\Lib\socketserver.py", line 361, in finish_request
    self.RequestHandlerClass(request, client_address, self)
  File "C:\Program Files\Python311\Lib\socketserver.py", line 755, in __init__
    self.handle()
  File "C:\Program Files\Python311\Lib\http\server.py", line 436, in handle
    self.handle_one_request()
  File "C:\Program Files\Python311\Lib\http\server.py", line 424, in handle_one_request
    method()
  File "C:\Anup\6gsimulation\sixgr_foundation_v2 (2)\apps\lls_web_dashboard.py", line 12714, in do_GET
    self.send_error(HTTPStatus.INTERNAL_SERVER_ERROR, str(exc))
  File "C:\Program Files\Python311\Lib\http\server.py", line 488, in send_error
    self.end_headers()
  File "C:\Program Files\Python311\Lib\http\server.py", line 538, in end_headers
    self.flush_headers()
  File "C:\Program Files\Python311\Lib\http\server.py", line 542, in flush_headers
    self.wfile.write(b"".join(self._headers_buffer))
  File "C:\Program Files\Python311\Lib\socketserver.py", line 834, in write
    self._sock.sendall(b)
ConnectionAbortedError: [WinError 10053] An established connection was aborted by the software in your host machine
----------------------------------------
----------------------------------------
Exception occurred during processing of request from ('10.64.253.106', 64613)
Traceback (most recent call last):
  File "C:\Anup\6gsimulation\sixgr_foundation_v2 (2)\apps\lls_web_dashboard.py", line 12692, in do_GET
    self.respond_json(build_live_payload(run_id))
  File "C:\Anup\6gsimulation\sixgr_foundation_v2 (2)\apps\lls_web_dashboard.py", line 12823, in respond_json
    self.wfile.write(raw)
  File "C:\Program Files\Python311\Lib\socketserver.py", line 834, in write
    self._sock.sendall(b)
ConnectionAbortedError: [WinError 10053] An established connection was aborted by the software in your host machine

During handling of the above exception, another exception occurred:

Traceback (most recent call last):
  File "C:\Program Files\Python311\Lib\socketserver.py", line 691, in process_request_thread
    self.finish_request(request, client_address)
  File "C:\Program Files\Python311\Lib\socketserver.py", line 361, in finish_request
    self.RequestHandlerClass(request, client_address, self)
  File "C:\Program Files\Python311\Lib\socketserver.py", line 755, in __init__
    self.handle()
  File "C:\Program Files\Python311\Lib\http\server.py", line 436, in handle
    self.handle_one_request()
  File "C:\Program Files\Python311\Lib\http\server.py", line 424, in handle_one_request
    method()
  File "C:\Anup\6gsimulation\sixgr_foundation_v2 (2)\apps\lls_web_dashboard.py", line 12714, in do_GET
    self.send_error(HTTPStatus.INTERNAL_SERVER_ERROR, str(exc))
  File "C:\Program Files\Python311\Lib\http\server.py", line 488, in send_error
    self.end_headers()
  File "C:\Program Files\Python311\Lib\http\server.py", line 538, in end_headers
    self.flush_headers()
  File "C:\Program Files\Python311\Lib\http\server.py", line 542, in flush_headers
    self.wfile.write(b"".join(self._headers_buffer))
  File "C:\Program Files\Python311\Lib\socketserver.py", line 834, in write
    self._sock.sendall(b)
ConnectionAbortedError: [WinError 10053] An established connection was aborted by the software in your host machine
----------------------------------------
----------------------------------------
Exception occurred during processing of request from ('10.64.253.106', 64619)
Traceback (most recent call last):
  File "C:\Anup\6gsimulation\sixgr_foundation_v2 (2)\apps\lls_web_dashboard.py", line 12692, in do_GET
    self.respond_json(build_live_payload(run_id))
  File "C:\Anup\6gsimulation\sixgr_foundation_v2 (2)\apps\lls_web_dashboard.py", line 12823, in respond_json
    self.wfile.write(raw)
  File "C:\Program Files\Python311\Lib\socketserver.py", line 834, in write
    self._sock.sendall(b)
ConnectionAbortedError: [WinError 10053] An established connection was aborted by the software in your host machine

During handling of the above exception, another exception occurred:

Traceback (most recent call last):
  File "C:\Program Files\Python311\Lib\socketserver.py", line 691, in process_request_thread
    self.finish_request(request, client_address)
  File "C:\Program Files\Python311\Lib\socketserver.py", line 361, in finish_request
    self.RequestHandlerClass(request, client_address, self)
  File "C:\Program Files\Python311\Lib\socketserver.py", line 755, in __init__
    self.handle()
  File "C:\Program Files\Python311\Lib\http\server.py", line 436, in handle
    self.handle_one_request()
  File "C:\Program Files\Python311\Lib\http\server.py", line 424, in handle_one_request
    method()
  File "C:\Anup\6gsimulation\sixgr_foundation_v2 (2)\apps\lls_web_dashboard.py", line 12714, in do_GET
    self.send_error(HTTPStatus.INTERNAL_SERVER_ERROR, str(exc))
  File "C:\Program Files\Python311\Lib\http\server.py", line 488, in send_error
    self.end_headers()
  File "C:\Program Files\Python311\Lib\http\server.py", line 538, in end_headers
    self.flush_headers()
  File "C:\Program Files\Python311\Lib\http\server.py", line 542, in flush_headers
    self.wfile.write(b"".join(self._headers_buffer))
  File "C:\Program Files\Python311\Lib\socketserver.py", line 834, in write
    self._sock.sendall(b)
ConnectionAbortedError: [WinError 10053] An established connection was aborted by the software in your host machine
----------------------------------------
----------------------------------------
Exception occurred during processing of request from ('10.64.253.106', 64617)
Traceback (most recent call last):
  File "C:\Anup\6gsimulation\sixgr_foundation_v2 (2)\apps\lls_web_dashboard.py", line 12692, in do_GET
    self.respond_json(build_live_payload(run_id))
  File "C:\Anup\6gsimulation\sixgr_foundation_v2 (2)\apps\lls_web_dashboard.py", line 12823, in respond_json
    self.wfile.write(raw)
  File "C:\Program Files\Python311\Lib\socketserver.py", line 834, in write
    self._sock.sendall(b)
ConnectionAbortedError: [WinError 10053] An established connection was aborted by the software in your host machine

During handling of the above exception, another exception occurred:

Traceback (most recent call last):
  File "C:\Program Files\Python311\Lib\socketserver.py", line 691, in process_request_thread
    self.finish_request(request, client_address)
  File "C:\Program Files\Python311\Lib\socketserver.py", line 361, in finish_request
    self.RequestHandlerClass(request, client_address, self)
  File "C:\Program Files\Python311\Lib\socketserver.py", line 755, in __init__
    self.handle()
  File "C:\Program Files\Python311\Lib\http\server.py", line 436, in handle
    self.handle_one_request()
  File "C:\Program Files\Python311\Lib\http\server.py", line 424, in handle_one_request
    method()
  File "C:\Anup\6gsimulation\sixgr_foundation_v2 (2)\apps\lls_web_dashboard.py", line 12714, in do_GET
    self.send_error(HTTPStatus.INTERNAL_SERVER_ERROR, str(exc))
  File "C:\Program Files\Python311\Lib\http\server.py", line 488, in send_error
    self.end_headers()
  File "C:\Program Files\Python311\Lib\http\server.py", line 538, in end_headers
    self.flush_headers()
  File "C:\Program Files\Python311\Lib\http\server.py", line 542, in flush_headers
    self.wfile.write(b"".join(self._headers_buffer))
  File "C:\Program Files\Python311\Lib\socketserver.py", line 834, in write
    self._sock.sendall(b)
ConnectionAbortedError: [WinError 10053] An established connection was aborted by the software in your host machine
----------------------------------------
----------------------------------------
Exception occurred during processing of request from ('10.64.253.106', 50620)
Traceback (most recent call last):
  File "C:\Anup\6gsimulation\sixgr_foundation_v2 (2)\apps\lls_web_dashboard.py", line 12692, in do_GET
    self.respond_json(build_live_payload(run_id))
  File "C:\Anup\6gsimulation\sixgr_foundation_v2 (2)\apps\lls_web_dashboard.py", line 12823, in respond_json
    self.wfile.write(raw)
  File "C:\Program Files\Python311\Lib\socketserver.py", line 834, in write
    self._sock.sendall(b)
ConnectionAbortedError: [WinError 10053] An established connection was aborted by the software in your host machine

During handling of the above exception, another exception occurred:

Traceback (most recent call last):
  File "C:\Program Files\Python311\Lib\socketserver.py", line 691, in process_request_thread
    self.finish_request(request, client_address)
  File "C:\Program Files\Python311\Lib\socketserver.py", line 361, in finish_request
    self.RequestHandlerClass(request, client_address, self)
  File "C:\Program Files\Python311\Lib\socketserver.py", line 755, in __init__
    self.handle()
  File "C:\Program Files\Python311\Lib\http\server.py", line 436, in handle
    self.handle_one_request()
  File "C:\Program Files\Python311\Lib\http\server.py", line 424, in handle_one_request
    method()
  File "C:\Anup\6gsimulation\sixgr_foundation_v2 (2)\apps\lls_web_dashboard.py", line 12714, in do_GET
    self.send_error(HTTPStatus.INTERNAL_SERVER_ERROR, str(exc))
  File "C:\Program Files\Python311\Lib\http\server.py", line 488, in send_error
    self.end_headers()
  File "C:\Program Files\Python311\Lib\http\server.py", line 538, in end_headers
    self.flush_headers()
  File "C:\Program Files\Python311\Lib\http\server.py", line 542, in flush_headers
    self.wfile.write(b"".join(self._headers_buffer))
  File "C:\Program Files\Python311\Lib\socketserver.py", line 834, in write
    self._sock.sendall(b)
ConnectionAbortedError: [WinError 10053] An established connection was aborted by the software in your host machine
----------------------------------------
----------------------------------------
Exception occurred during processing of request from ('10.64.253.106', 50617)
Traceback (most recent call last):
  File "C:\Anup\6gsimulation\sixgr_foundation_v2 (2)\apps\lls_web_dashboard.py", line 12692, in do_GET
    self.respond_json(build_live_payload(run_id))
  File "C:\Anup\6gsimulation\sixgr_foundation_v2 (2)\apps\lls_web_dashboard.py", line 12823, in respond_json
    self.wfile.write(raw)
  File "C:\Program Files\Python311\Lib\socketserver.py", line 834, in write
    self._sock.sendall(b)
ConnectionAbortedError: [WinError 10053] An established connection was aborted by the software in your host machine

During handling of the above exception, another exception occurred:

Traceback (most recent call last):
  File "C:\Program Files\Python311\Lib\socketserver.py", line 691, in process_request_thread
    self.finish_request(request, client_address)
  File "C:\Program Files\Python311\Lib\socketserver.py", line 361, in finish_request
    self.RequestHandlerClass(request, client_address, self)
  File "C:\Program Files\Python311\Lib\socketserver.py", line 755, in __init__
    self.handle()
  File "C:\Program Files\Python311\Lib\http\server.py", line 436, in handle
    self.handle_one_request()
  File "C:\Program Files\Python311\Lib\http\server.py", line 424, in handle_one_request
    method()
  File "C:\Anup\6gsimulation\sixgr_foundation_v2 (2)\apps\lls_web_dashboard.py", line 12714, in do_GET
    self.send_error(HTTPStatus.INTERNAL_SERVER_ERROR, str(exc))
  File "C:\Program Files\Python311\Lib\http\server.py", line 488, in send_error
    self.end_headers()
  File "C:\Program Files\Python311\Lib\http\server.py", line 538, in end_headers
    self.flush_headers()
  File "C:\Program Files\Python311\Lib\http\server.py", line 542, in flush_headers
    self.wfile.write(b"".join(self._headers_buffer))
  File "C:\Program Files\Python311\Lib\socketserver.py", line 834, in write
    self._sock.sendall(b)
ConnectionAbortedError: [WinError 10053] An established connection was aborted by the software in your host machine
----------------------------------------
----------------------------------------
Exception occurred during processing of request from ('10.64.253.106', 50616)
Traceback (most recent call last):
  File "C:\Anup\6gsimulation\sixgr_foundation_v2 (2)\apps\lls_web_dashboard.py", line 12692, in do_GET
    self.respond_json(build_live_payload(run_id))
  File "C:\Anup\6gsimulation\sixgr_foundation_v2 (2)\apps\lls_web_dashboard.py", line 12823, in respond_json
    self.wfile.write(raw)
  File "C:\Program Files\Python311\Lib\socketserver.py", line 834, in write
    self._sock.sendall(b)
ConnectionAbortedError: [WinError 10053] An established connection was aborted by the software in your host machine

During handling of the above exception, another exception occurred:

Traceback (most recent call last):
  File "C:\Program Files\Python311\Lib\socketserver.py", line 691, in process_request_thread
    self.finish_request(request, client_address)
  File "C:\Program Files\Python311\Lib\socketserver.py", line 361, in finish_request
    self.RequestHandlerClass(request, client_address, self)
  File "C:\Program Files\Python311\Lib\socketserver.py", line 755, in __init__
    self.handle()
  File "C:\Program Files\Python311\Lib\http\server.py", line 436, in handle
    self.handle_one_request()
  File "C:\Program Files\Python311\Lib\http\server.py", line 424, in handle_one_request
    method()
  File "C:\Anup\6gsimulation\sixgr_foundation_v2 (2)\apps\lls_web_dashboard.py", line 12714, in do_GET
    self.send_error(HTTPStatus.INTERNAL_SERVER_ERROR, str(exc))
  File "C:\Program Files\Python311\Lib\http\server.py", line 488, in send_error
    self.end_headers()
  File "C:\Program Files\Python311\Lib\http\server.py", line 538, in end_headers
    self.flush_headers()
  File "C:\Program Files\Python311\Lib\http\server.py", line 542, in flush_headers
    self.wfile.write(b"".join(self._headers_buffer))
  File "C:\Program Files\Python311\Lib\socketserver.py", line 834, in write
    self._sock.sendall(b)
ConnectionAbortedError: [WinError 10053] An established connection was aborted by the software in your host machine
----------------------------------------
----------------------------------------
Exception occurred during processing of request from ('10.64.253.106', 50618)
Traceback (most recent call last):
  File "C:\Anup\6gsimulation\sixgr_foundation_v2 (2)\apps\lls_web_dashboard.py", line 12692, in do_GET
    self.respond_json(build_live_payload(run_id))
  File "C:\Anup\6gsimulation\sixgr_foundation_v2 (2)\apps\lls_web_dashboard.py", line 12823, in respond_json
    self.wfile.write(raw)
  File "C:\Program Files\Python311\Lib\socketserver.py", line 834, in write
    self._sock.sendall(b)
ConnectionAbortedError: [WinError 10053] An established connection was aborted by the software in your host machine

During handling of the above exception, another exception occurred:

Traceback (most recent call last):
  File "C:\Program Files\Python311\Lib\socketserver.py", line 691, in process_request_thread
    self.finish_request(request, client_address)
  File "C:\Program Files\Python311\Lib\socketserver.py", line 361, in finish_request
    self.RequestHandlerClass(request, client_address, self)
  File "C:\Program Files\Python311\Lib\socketserver.py", line 755, in __init__
    self.handle()
  File "C:\Program Files\Python311\Lib\http\server.py", line 436, in handle
    self.handle_one_request()
  File "C:\Program Files\Python311\Lib\http\server.py", line 424, in handle_one_request
    method()
  File "C:\Anup\6gsimulation\sixgr_foundation_v2 (2)\apps\lls_web_dashboard.py", line 12714, in do_GET
    self.send_error(HTTPStatus.INTERNAL_SERVER_ERROR, str(exc))
  File "C:\Program Files\Python311\Lib\http\server.py", line 488, in send_error
    self.end_headers()
  File "C:\Program Files\Python311\Lib\http\server.py", line 538, in end_headers
    self.flush_headers()
  File "C:\Program Files\Python311\Lib\http\server.py", line 542, in flush_headers
    self.wfile.write(b"".join(self._headers_buffer))
  File "C:\Program Files\Python311\Lib\socketserver.py", line 834, in write
    self._sock.sendall(b)
ConnectionAbortedError: [WinError 10053] An established connection was aborted by the software in your host machine
----------------------------------------
----------------------------------------
Exception occurred during processing of request from ('10.64.253.106', 50621)
Traceback (most recent call last):
  File "C:\Anup\6gsimulation\sixgr_foundation_v2 (2)\apps\lls_web_dashboard.py", line 12692, in do_GET
    self.respond_json(build_live_payload(run_id))
  File "C:\Anup\6gsimulation\sixgr_foundation_v2 (2)\apps\lls_web_dashboard.py", line 12823, in respond_json
    self.wfile.write(raw)
  File "C:\Program Files\Python311\Lib\socketserver.py", line 834, in write
    self._sock.sendall(b)
ConnectionAbortedError: [WinError 10053] An established connection was aborted by the software in your host machine

During handling of the above exception, another exception occurred:

Traceback (most recent call last):
  File "C:\Program Files\Python311\Lib\socketserver.py", line 691, in process_request_thread
    self.finish_request(request, client_address)
  File "C:\Program Files\Python311\Lib\socketserver.py", line 361, in finish_request
    self.RequestHandlerClass(request, client_address, self)
  File "C:\Program Files\Python311\Lib\socketserver.py", line 755, in __init__
    self.handle()
  File "C:\Program Files\Python311\Lib\http\server.py", line 436, in handle
    self.handle_one_request()
  File "C:\Program Files\Python311\Lib\http\server.py", line 424, in handle_one_request
    method()
  File "C:\Anup\6gsimulation\sixgr_foundation_v2 (2)\apps\lls_web_dashboard.py", line 12714, in do_GET
    self.send_error(HTTPStatus.INTERNAL_SERVER_ERROR, str(exc))
  File "C:\Program Files\Python311\Lib\http\server.py", line 488, in send_error
    self.end_headers()
  File "C:\Program Files\Python311\Lib\http\server.py", line 538, in end_headers
    self.flush_headers()
  File "C:\Program Files\Python311\Lib\http\server.py", line 542, in flush_headers
    self.wfile.write(b"".join(self._headers_buffer))
  File "C:\Program Files\Python311\Lib\socketserver.py", line 834, in write
    self._sock.sendall(b)
ConnectionAbortedError: [WinError 10053] An established connection was aborted by the software in your host machine
----------------------------------------
----------------------------------------
Exception occurred during processing of request from ('10.64.253.106', 50622)
Traceback (most recent call last):
  File "C:\Anup\6gsimulation\sixgr_foundation_v2 (2)\apps\lls_web_dashboard.py", line 12692, in do_GET
    self.respond_json(build_live_payload(run_id))
  File "C:\Anup\6gsimulation\sixgr_foundation_v2 (2)\apps\lls_web_dashboard.py", line 12823, in respond_json
    self.wfile.write(raw)
  File "C:\Program Files\Python311\Lib\socketserver.py", line 834, in write
    self._sock.sendall(b)
ConnectionAbortedError: [WinError 10053] An established connection was aborted by the software in your host machine

During handling of the above exception, another exception occurred:

Traceback (most recent call last):
  File "C:\Program Files\Python311\Lib\socketserver.py", line 691, in process_request_thread
    self.finish_request(request, client_address)
  File "C:\Program Files\Python311\Lib\socketserver.py", line 361, in finish_request
    self.RequestHandlerClass(request, client_address, self)
  File "C:\Program Files\Python311\Lib\socketserver.py", line 755, in __init__
    self.handle()
  File "C:\Program Files\Python311\Lib\http\server.py", line 436, in handle
    self.handle_one_request()
  File "C:\Program Files\Python311\Lib\http\server.py", line 424, in handle_one_request
    method()
  File "C:\Anup\6gsimulation\sixgr_foundation_v2 (2)\apps\lls_web_dashboard.py", line 12714, in do_GET
    self.send_error(HTTPStatus.INTERNAL_SERVER_ERROR, str(exc))
  File "C:\Program Files\Python311\Lib\http\server.py", line 488, in send_error
    self.end_headers()
  File "C:\Program Files\Python311\Lib\http\server.py", line 538, in end_headers
    self.flush_headers()
  File "C:\Program Files\Python311\Lib\http\server.py", line 542, in flush_headers
    self.wfile.write(b"".join(self._headers_buffer))
  File "C:\Program Files\Python311\Lib\socketserver.py", line 834, in write
    self._sock.sendall(b)
ConnectionAbortedError: [WinError 10053] An established connection was aborted by the software in your host machine
----------------------------------------
----------------------------------------
Exception occurred during processing of request from ('10.64.253.106', 50626)
Traceback (most recent call last):
  File "C:\Anup\6gsimulation\sixgr_foundation_v2 (2)\apps\lls_web_dashboard.py", line 12692, in do_GET
    self.respond_json(build_live_payload(run_id))
  File "C:\Anup\6gsimulation\sixgr_foundation_v2 (2)\apps\lls_web_dashboard.py", line 12823, in respond_json
    self.wfile.write(raw)
  File "C:\Program Files\Python311\Lib\socketserver.py", line 834, in write
    self._sock.sendall(b)
ConnectionAbortedError: [WinError 10053] An established connection was aborted by the software in your host machine

During handling of the above exception, another exception occurred:

Traceback (most recent call last):
  File "C:\Program Files\Python311\Lib\socketserver.py", line 691, in process_request_thread
    self.finish_request(request, client_address)
  File "C:\Program Files\Python311\Lib\socketserver.py", line 361, in finish_request
    self.RequestHandlerClass(request, client_address, self)
  File "C:\Program Files\Python311\Lib\socketserver.py", line 755, in __init__
    self.handle()
  File "C:\Program Files\Python311\Lib\http\server.py", line 436, in handle
    self.handle_one_request()
  File "C:\Program Files\Python311\Lib\http\server.py", line 424, in handle_one_request
    method()
  File "C:\Anup\6gsimulation\sixgr_foundation_v2 (2)\apps\lls_web_dashboard.py", line 12714, in do_GET
    self.send_error(HTTPStatus.INTERNAL_SERVER_ERROR, str(exc))
  File "C:\Program Files\Python311\Lib\http\server.py", line 488, in send_error
    self.end_headers()
  File "C:\Program Files\Python311\Lib\http\server.py", line 538, in end_headers
    self.flush_headers()
  File "C:\Program Files\Python311\Lib\http\server.py", line 542, in flush_headers
    self.wfile.write(b"".join(self._headers_buffer))
  File "C:\Program Files\Python311\Lib\socketserver.py", line 834, in write
    self._sock.sendall(b)
ConnectionAbortedError: [WinError 10053] An established connection was aborted by the software in your host machine
----------------------------------------
----------------------------------------
----------------------------------------
Exception occurred during processing of request from ('10.64.253.106', 50623)
----------------------------------------
Traceback (most recent call last):
Exception occurred during processing of request from ('10.64.253.106', 50629)
  File "C:\Anup\6gsimulation\sixgr_foundation_v2 (2)\apps\lls_web_dashboard.py", line 12692, in do_GET
    self.respond_json(build_live_payload(run_id))
Exception occurred during processing of request from ('10.64.253.106', 50625)
  File "C:\Anup\6gsimulation\sixgr_foundation_v2 (2)\apps\lls_web_dashboard.py", line 12823, in respond_json
    self.wfile.write(raw)
Traceback (most recent call last):
  File "C:\Program Files\Python311\Lib\socketserver.py", line 834, in write
    self._sock.sendall(b)
  File "C:\Anup\6gsimulation\sixgr_foundation_v2 (2)\apps\lls_web_dashboard.py", line 12692, in do_GET
    self.respond_json(build_live_payload(run_id))
ConnectionAbortedError: [WinError 10053] An established connection was aborted by the software in your host machine
  File "C:\Anup\6gsimulation\sixgr_foundation_v2 (2)\apps\lls_web_dashboard.py", line 12823, in respond_json
    self.wfile.write(raw)

During handling of the above exception, another exception occurred:

Traceback (most recent call last):
  File "C:\Program Files\Python311\Lib\socketserver.py", line 834, in write
    self._sock.sendall(b)
Traceback (most recent call last):
----------------------------------------
Exception occurred during processing of request from ('10.64.253.106', 50624)
  File "C:\Program Files\Python311\Lib\socketserver.py", line 691, in process_request_thread
    self.finish_request(request, client_address)
----------------------------------------
ConnectionAbortedError: [WinError 10053] An established connection was aborted by the software in your host machine
Exception occurred during processing of request from ('10.64.253.106', 50627)

During handling of the above exception, another exception occurred:

Traceback (most recent call last):
Traceback (most recent call last):
  File "C:\Program Files\Python311\Lib\socketserver.py", line 361, in finish_request
    self.RequestHandlerClass(request, client_address, self)
  File "C:\Program Files\Python311\Lib\socketserver.py", line 691, in process_request_thread
    self.finish_request(request, client_address)
  File "C:\Anup\6gsimulation\sixgr_foundation_v2 (2)\apps\lls_web_dashboard.py", line 12692, in do_GET
    self.respond_json(build_live_payload(run_id))
  File "C:\Anup\6gsimulation\sixgr_foundation_v2 (2)\apps\lls_web_dashboard.py", line 12823, in respond_json
    self.wfile.write(raw)
  File "C:\Program Files\Python311\Lib\socketserver.py", line 361, in finish_request
    self.RequestHandlerClass(request, client_address, self)
  File "C:\Program Files\Python311\Lib\socketserver.py", line 755, in __init__
    self.handle()
  File "C:\Program Files\Python311\Lib\socketserver.py", line 834, in write
    self._sock.sendall(b)
  File "C:\Anup\6gsimulation\sixgr_foundation_v2 (2)\apps\lls_web_dashboard.py", line 12692, in do_GET
    self.respond_json(build_live_payload(run_id))
  File "C:\Anup\6gsimulation\sixgr_foundation_v2 (2)\apps\lls_web_dashboard.py", line 12823, in respond_json
    self.wfile.write(raw)
  File "C:\Program Files\Python311\Lib\socketserver.py", line 834, in write
    self._sock.sendall(b)
Traceback (most recent call last):
  File "C:\Program Files\Python311\Lib\socketserver.py", line 755, in __init__
    self.handle()
  File "C:\Program Files\Python311\Lib\http\server.py", line 436, in handle
    self.handle_one_request()
  File "C:\Anup\6gsimulation\sixgr_foundation_v2 (2)\apps\lls_web_dashboard.py", line 12692, in do_GET
    self.respond_json(build_live_payload(run_id))
  File "C:\Program Files\Python311\Lib\http\server.py", line 436, in handle
    self.handle_one_request()
  File "C:\Program Files\Python311\Lib\http\server.py", line 424, in handle_one_request
    method()
  File "C:\Anup\6gsimulation\sixgr_foundation_v2 (2)\apps\lls_web_dashboard.py", line 12823, in respond_json
    self.wfile.write(raw)
  File "C:\Program Files\Python311\Lib\http\server.py", line 424, in handle_one_request
    method()
  File "C:\Anup\6gsimulation\sixgr_foundation_v2 (2)\apps\lls_web_dashboard.py", line 12714, in do_GET
    self.send_error(HTTPStatus.INTERNAL_SERVER_ERROR, str(exc))
  File "C:\Program Files\Python311\Lib\socketserver.py", line 834, in write
    self._sock.sendall(b)
  File "C:\Anup\6gsimulation\sixgr_foundation_v2 (2)\apps\lls_web_dashboard.py", line 12714, in do_GET
    self.send_error(HTTPStatus.INTERNAL_SERVER_ERROR, str(exc))
  File "C:\Program Files\Python311\Lib\http\server.py", line 488, in send_error
    self.end_headers()
ConnectionAbortedError: [WinError 10053] An established connection was aborted by the software in your host machine

During handling of the above exception, another exception occurred:

  File "C:\Program Files\Python311\Lib\http\server.py", line 538, in end_headers
    self.flush_headers()
ConnectionAbortedError: [WinError 10053] An established connection was aborted by the software in your host machine
Traceback (most recent call last):
  File "C:\Program Files\Python311\Lib\http\server.py", line 542, in flush_headers
    self.wfile.write(b"".join(self._headers_buffer))

During handling of the above exception, another exception occurred:

  File "C:\Program Files\Python311\Lib\socketserver.py", line 691, in process_request_thread
    self.finish_request(request, client_address)
  File "C:\Program Files\Python311\Lib\socketserver.py", line 834, in write
    self._sock.sendall(b)
Traceback (most recent call last):
  File "C:\Program Files\Python311\Lib\socketserver.py", line 361, in finish_request
    self.RequestHandlerClass(request, client_address, self)
ConnectionAbortedError: [WinError 10053] An established connection was aborted by the software in your host machine
----------------------------------------
  File "C:\Program Files\Python311\Lib\socketserver.py", line 755, in __init__
    self.handle()
  File "C:\Program Files\Python311\Lib\http\server.py", line 436, in handle
    self.handle_one_request()
  File "C:\Program Files\Python311\Lib\http\server.py", line 488, in send_error
    self.end_headers()
ConnectionAbortedError: [WinError 10053] An established connection was aborted by the software in your host machine
  File "C:\Program Files\Python311\Lib\socketserver.py", line 691, in process_request_thread
    self.finish_request(request, client_address)
  File "C:\Program Files\Python311\Lib\http\server.py", line 424, in handle_one_request
    method()
  File "C:\Program Files\Python311\Lib\http\server.py", line 538, in end_headers
    self.flush_headers()

During handling of the above exception, another exception occurred:

Traceback (most recent call last):
  File "C:\Anup\6gsimulation\sixgr_foundation_v2 (2)\apps\lls_web_dashboard.py", line 12714, in do_GET
    self.send_error(HTTPStatus.INTERNAL_SERVER_ERROR, str(exc))
  File "C:\Program Files\Python311\Lib\http\server.py", line 488, in send_error
    self.end_headers()
  File "C:\Program Files\Python311\Lib\http\server.py", line 542, in flush_headers
    self.wfile.write(b"".join(self._headers_buffer))
  File "C:\Program Files\Python311\Lib\socketserver.py", line 361, in finish_request
    self.RequestHandlerClass(request, client_address, self)
  File "C:\Program Files\Python311\Lib\socketserver.py", line 755, in __init__
    self.handle()
  File "C:\Program Files\Python311\Lib\http\server.py", line 538, in end_headers
    self.flush_headers()
  File "C:\Program Files\Python311\Lib\http\server.py", line 542, in flush_headers
    self.wfile.write(b"".join(self._headers_buffer))
  File "C:\Program Files\Python311\Lib\socketserver.py", line 834, in write
    self._sock.sendall(b)
ConnectionAbortedError: [WinError 10053] An established connection was aborted by the software in your host machine
  File "C:\Program Files\Python311\Lib\http\server.py", line 436, in handle
    self.handle_one_request()
  File "C:\Program Files\Python311\Lib\socketserver.py", line 834, in write
    self._sock.sendall(b)
  File "C:\Program Files\Python311\Lib\socketserver.py", line 691, in process_request_thread
    self.finish_request(request, client_address)
----------------------------------------
  File "C:\Program Files\Python311\Lib\http\server.py", line 424, in handle_one_request
    method()
  File "C:\Anup\6gsimulation\sixgr_foundation_v2 (2)\apps\lls_web_dashboard.py", line 12714, in do_GET
    self.send_error(HTTPStatus.INTERNAL_SERVER_ERROR, str(exc))
  File "C:\Program Files\Python311\Lib\socketserver.py", line 361, in finish_request
    self.RequestHandlerClass(request, client_address, self)
  File "C:\Program Files\Python311\Lib\http\server.py", line 488, in send_error
    self.end_headers()
  File "C:\Program Files\Python311\Lib\socketserver.py", line 755, in __init__
    self.handle()
  File "C:\Program Files\Python311\Lib\http\server.py", line 538, in end_headers
    self.flush_headers()
  File "C:\Program Files\Python311\Lib\http\server.py", line 436, in handle
    self.handle_one_request()
  File "C:\Program Files\Python311\Lib\http\server.py", line 542, in flush_headers
    self.wfile.write(b"".join(self._headers_buffer))
  File "C:\Program Files\Python311\Lib\socketserver.py", line 834, in write
    self._sock.sendall(b)
ConnectionAbortedError: [WinError 10053] An established connection was aborted by the software in your host machine
ConnectionAbortedError: [WinError 10053] An established connection was aborted by the software in your host machine
----------------------------------------
----------------------------------------
  File "C:\Program Files\Python311\Lib\http\server.py", line 424, in handle_one_request
    method()
  File "C:\Anup\6gsimulation\sixgr_foundation_v2 (2)\apps\lls_web_dashboard.py", line 12714, in do_GET
    self.send_error(HTTPStatus.INTERNAL_SERVER_ERROR, str(exc))
  File "C:\Program Files\Python311\Lib\http\server.py", line 488, in send_error
    self.end_headers()
  File "C:\Program Files\Python311\Lib\http\server.py", line 538, in end_headers
    self.flush_headers()
  File "C:\Program Files\Python311\Lib\http\server.py", line 542, in flush_headers
    self.wfile.write(b"".join(self._headers_buffer))
  File "C:\Program Files\Python311\Lib\socketserver.py", line 834, in write
    self._sock.sendall(b)
ConnectionAbortedError: [WinError 10053] An established connection was aborted by the software in your host machine
----------------------------------------
----------------------------------------
Exception occurred during processing of request from ('10.64.253.106', 50665)
Traceback (most recent call last):
  File "C:\Anup\6gsimulation\sixgr_foundation_v2 (2)\apps\lls_web_dashboard.py", line 12692, in do_GET
    self.respond_json(build_live_payload(run_id))
  File "C:\Anup\6gsimulation\sixgr_foundation_v2 (2)\apps\lls_web_dashboard.py", line 12823, in respond_json
    self.wfile.write(raw)
  File "C:\Program Files\Python311\Lib\socketserver.py", line 834, in write
    self._sock.sendall(b)
ConnectionAbortedError: [WinError 10053] An established connection was aborted by the software in your host machine

During handling of the above exception, another exception occurred:

Traceback (most recent call last):
  File "C:\Program Files\Python311\Lib\socketserver.py", line 691, in process_request_thread
    self.finish_request(request, client_address)
  File "C:\Program Files\Python311\Lib\socketserver.py", line 361, in finish_request
    self.RequestHandlerClass(request, client_address, self)
  File "C:\Program Files\Python311\Lib\socketserver.py", line 755, in __init__
    self.handle()
  File "C:\Program Files\Python311\Lib\http\server.py", line 436, in handle
    self.handle_one_request()
  File "C:\Program Files\Python311\Lib\http\server.py", line 424, in handle_one_request
    method()
  File "C:\Anup\6gsimulation\sixgr_foundation_v2 (2)\apps\lls_web_dashboard.py", line 12714, in do_GET
    self.send_error(HTTPStatus.INTERNAL_SERVER_ERROR, str(exc))
  File "C:\Program Files\Python311\Lib\http\server.py", line 488, in send_error
    self.end_headers()
  File "C:\Program Files\Python311\Lib\http\server.py", line 538, in end_headers
    self.flush_headers()
  File "C:\Program Files\Python311\Lib\http\server.py", line 542, in flush_headers
    self.wfile.write(b"".join(self._headers_buffer))
  File "C:\Program Files\Python311\Lib\socketserver.py", line 834, in write
    self._sock.sendall(b)
ConnectionAbortedError: [WinError 10053] An established connection was aborted by the software in your host machine
----------------------------------------
----------------------------------------
Exception occurred during processing of request from ('10.64.253.106', 50689)
Traceback (most recent call last):
  File "C:\Anup\6gsimulation\sixgr_foundation_v2 (2)\apps\lls_web_dashboard.py", line 12692, in do_GET
    self.respond_json(build_live_payload(run_id))
  File "C:\Anup\6gsimulation\sixgr_foundation_v2 (2)\apps\lls_web_dashboard.py", line 12823, in respond_json
    self.wfile.write(raw)
  File "C:\Program Files\Python311\Lib\socketserver.py", line 834, in write
    self._sock.sendall(b)
ConnectionAbortedError: [WinError 10053] An established connection was aborted by the software in your host machine

During handling of the above exception, another exception occurred:

Traceback (most recent call last):
  File "C:\Program Files\Python311\Lib\socketserver.py", line 691, in process_request_thread
    self.finish_request(request, client_address)
  File "C:\Program Files\Python311\Lib\socketserver.py", line 361, in finish_request
    self.RequestHandlerClass(request, client_address, self)
  File "C:\Program Files\Python311\Lib\socketserver.py", line 755, in __init__
    self.handle()
  File "C:\Program Files\Python311\Lib\http\server.py", line 436, in handle
    self.handle_one_request()
  File "C:\Program Files\Python311\Lib\http\server.py", line 424, in handle_one_request
    method()
  File "C:\Anup\6gsimulation\sixgr_foundation_v2 (2)\apps\lls_web_dashboard.py", line 12714, in do_GET
    self.send_error(HTTPStatus.INTERNAL_SERVER_ERROR, str(exc))
  File "C:\Program Files\Python311\Lib\http\server.py", line 488, in send_error
    self.end_headers()
  File "C:\Program Files\Python311\Lib\http\server.py", line 538, in end_headers
    self.flush_headers()
  File "C:\Program Files\Python311\Lib\http\server.py", line 542, in flush_headers
    self.wfile.write(b"".join(self._headers_buffer))
  File "C:\Program Files\Python311\Lib\socketserver.py", line 834, in write
    self._sock.sendall(b)
ConnectionAbortedError: [WinError 10053] An established connection was aborted by the software in your host machine
----------------------------------------
----------------------------------------
Exception occurred during processing of request from ('10.64.253.106', 50690)
Traceback (most recent call last):
  File "C:\Anup\6gsimulation\sixgr_foundation_v2 (2)\apps\lls_web_dashboard.py", line 12692, in do_GET
    self.respond_json(build_live_payload(run_id))
  File "C:\Anup\6gsimulation\sixgr_foundation_v2 (2)\apps\lls_web_dashboard.py", line 12823, in respond_json
    self.wfile.write(raw)
  File "C:\Program Files\Python311\Lib\socketserver.py", line 834, in write
    self._sock.sendall(b)
ConnectionAbortedError: [WinError 10053] An established connection was aborted by the software in your host machine

During handling of the above exception, another exception occurred:

Traceback (most recent call last):
  File "C:\Program Files\Python311\Lib\socketserver.py", line 691, in process_request_thread
    self.finish_request(request, client_address)
  File "C:\Program Files\Python311\Lib\socketserver.py", line 361, in finish_request
    self.RequestHandlerClass(request, client_address, self)
  File "C:\Program Files\Python311\Lib\socketserver.py", line 755, in __init__
    self.handle()
  File "C:\Program Files\Python311\Lib\http\server.py", line 436, in handle
    self.handle_one_request()
  File "C:\Program Files\Python311\Lib\http\server.py", line 424, in handle_one_request
    method()
  File "C:\Anup\6gsimulation\sixgr_foundation_v2 (2)\apps\lls_web_dashboard.py", line 12714, in do_GET
    self.send_error(HTTPStatus.INTERNAL_SERVER_ERROR, str(exc))
  File "C:\Program Files\Python311\Lib\http\server.py", line 488, in send_error
    self.end_headers()
  File "C:\Program Files\Python311\Lib\http\server.py", line 538, in end_headers
    self.flush_headers()
  File "C:\Program Files\Python311\Lib\http\server.py", line 542, in flush_headers
    self.wfile.write(b"".join(self._headers_buffer))
  File "C:\Program Files\Python311\Lib\socketserver.py", line 834, in write
    self._sock.sendall(b)
ConnectionAbortedError: [WinError 10053] An established connection was aborted by the software in your host machine
----------------------------------------
----------------------------------------
Exception occurred during processing of request from ('10.64.253.106', 51989)
Traceback (most recent call last):
  File "C:\Program Files\Python311\Lib\site-packages\mysql\connector\pooling.py", line 654, in get_connection
    cnx = self._cnx_queue.get(block=False)
          ^^^^^^^^^^^^^^^^^^^^^^^^^^^^^^^^
  File "C:\Program Files\Python311\Lib\queue.py", line 168, in get
    raise Empty
_queue.Empty

The above exception was the direct cause of the following exception:

Traceback (most recent call last):
  File "C:\Anup\6gsimulation\sixgr_foundation_v2 (2)\apps\lls_web_dashboard.py", line 12692, in do_GET
    self.respond_json(build_live_payload(run_id))
                      ^^^^^^^^^^^^^^^^^^^^^^^^^^
  File "C:\Anup\6gsimulation\sixgr_foundation_v2 (2)\apps\lls_web_dashboard.py", line 7914, in build_live_payload
    contract_materializer.materialize_run_contract_artifacts(
  File "C:\Anup\6gsimulation\sixgr_foundation_v2 (2)\apps\lls_contract_materializer.py", line 1841, in materialize_run_contract_artifacts
    contract_owned_paths = _contract_owned_paths(artifacts, db_connection_factory)
                           ^^^^^^^^^^^^^^^^^^^^^^^^^^^^^^^^^^^^^^^^^^^^^^^^^^^^^^^
  File "C:\Anup\6gsimulation\sixgr_foundation_v2 (2)\apps\lls_contract_materializer.py", line 857, in _contract_owned_paths
    if _artifact_is_contract_owned(artifact, db_connection_factory):
       ^^^^^^^^^^^^^^^^^^^^^^^^^^^^^^^^^^^^^^^^^^^^^^^^^^^^^^^^^^^^
  File "C:\Anup\6gsimulation\sixgr_foundation_v2 (2)\apps\lls_contract_materializer.py", line 840, in _artifact_is_contract_owned
    payload = _artifact_metadata_json(artifact, db_connection_factory)
              ^^^^^^^^^^^^^^^^^^^^^^^^^^^^^^^^^^^^^^^^^^^^^^^^^^^^^^^^
  File "C:\Anup\6gsimulation\sixgr_foundation_v2 (2)\apps\lls_contract_materializer.py", line 1739, in _artifact_metadata_json
    with db_connection_factory() as conn:
         ^^^^^^^^^^^^^^^^^^^^^^^
  File "C:\Anup\6gsimulation\sixgr_foundation_v2 (2)\apps\lls_web_dashboard.py", line 153, in db_connection
    return pool.get_connection()
           ^^^^^^^^^^^^^^^^^^^^^
  File "C:\Program Files\Python311\Lib\site-packages\mysql\connector\pooling.py", line 656, in get_connection
    raise PoolError("Failed getting connection; pool exhausted") from err
mysql.connector.errors.PoolError: Failed getting connection; pool exhausted

During handling of the above exception, another exception occurred:

Traceback (most recent call last):
  File "C:\Program Files\Python311\Lib\socketserver.py", line 691, in process_request_thread
    self.finish_request(request, client_address)
  File "C:\Program Files\Python311\Lib\socketserver.py", line 361, in finish_request
    self.RequestHandlerClass(request, client_address, self)
  File "C:\Program Files\Python311\Lib\socketserver.py", line 755, in __init__
    self.handle()
  File "C:\Program Files\Python311\Lib\http\server.py", line 436, in handle
    self.handle_one_request()
  File "C:\Program Files\Python311\Lib\http\server.py", line 424, in handle_one_request
    method()
  File "C:\Anup\6gsimulation\sixgr_foundation_v2 (2)\apps\lls_web_dashboard.py", line 12714, in do_GET
    self.send_error(HTTPStatus.INTERNAL_SERVER_ERROR, str(exc))
  File "C:\Program Files\Python311\Lib\http\server.py", line 491, in send_error
    self.wfile.write(body)
  File "C:\Program Files\Python311\Lib\socketserver.py", line 834, in write
    self._sock.sendall(b)
ConnectionAbortedError: [WinError 10053] An established connection was aborted by the software in your host machine
----------------------------------------
----------------------------------------
Exception occurred during processing of request from ('10.64.253.106', 51969)
----------------------------------------
Exception occurred during processing of request from ('10.64.253.106', 51967)
Traceback (most recent call last):
  File "C:\Program Files\Python311\Lib\site-packages\mysql\connector\pooling.py", line 654, in get_connection
    cnx = self._cnx_queue.get(block=False)
          ^^^^^^^^^^^^^^^^^^^^^^^^^^^^^^^^
  File "C:\Program Files\Python311\Lib\queue.py", line 168, in get
    raise Empty
_queue.Empty

The above exception was the direct cause of the following exception:

Traceback (most recent call last):
Traceback (most recent call last):
  File "C:\Anup\6gsimulation\sixgr_foundation_v2 (2)\apps\lls_web_dashboard.py", line 12692, in do_GET
    self.respond_json(build_live_payload(run_id))
                      ^^^^^^^^^^^^^^^^^^^^^^^^^^
  File "C:\Program Files\Python311\Lib\site-packages\mysql\connector\pooling.py", line 654, in get_connection
    cnx = self._cnx_queue.get(block=False)
          ^^^^^^^^^^^^^^^^^^^^^^^^^^^^^^^^
  File "C:\Anup\6gsimulation\sixgr_foundation_v2 (2)\apps\lls_web_dashboard.py", line 7914, in build_live_payload
    contract_materializer.materialize_run_contract_artifacts(
  File "C:\Program Files\Python311\Lib\queue.py", line 168, in get
    raise Empty
  File "C:\Anup\6gsimulation\sixgr_foundation_v2 (2)\apps\lls_contract_materializer.py", line 1859, in materialize_run_contract_artifacts
    contract_current = _existing_contract_artifacts_current(existing, db_connection_factory, feature_policy)
                       ^^^^^^^^^^^^^^^^^^^^^^^^^^^^^^^^^^^^^^^^^^^^^^^^^^^^^^^^^^^^^^^^^^^^^^^^^^^^^^^^^^^^^
_queue.Empty
  File "C:\Anup\6gsimulation\sixgr_foundation_v2 (2)\apps\lls_contract_materializer.py", line 1779, in _existing_contract_artifacts_current
    if not _artifact_has_current_materializer_version(image_artifact, db_connection_factory):
           ^^^^^^^^^^^^^^^^^^^^^^^^^^^^^^^^^^^^^^^^^^^^^^^^^^^^^^^^^^^^^^^^^^^^^^^^^^^^^^^^^

The above exception was the direct cause of the following exception:

  File "C:\Anup\6gsimulation\sixgr_foundation_v2 (2)\apps\lls_contract_materializer.py", line 1752, in _artifact_has_current_materializer_version
    payload = _artifact_metadata_json(artifact, db_connection_factory)
              ^^^^^^^^^^^^^^^^^^^^^^^^^^^^^^^^^^^^^^^^^^^^^^^^^^^^^^^^
Traceback (most recent call last):
  File "C:\Anup\6gsimulation\sixgr_foundation_v2 (2)\apps\lls_contract_materializer.py", line 1739, in _artifact_metadata_json
    with db_connection_factory() as conn:
         ^^^^^^^^^^^^^^^^^^^^^^^
  File "C:\Anup\6gsimulation\sixgr_foundation_v2 (2)\apps\lls_web_dashboard.py", line 12692, in do_GET
    self.respond_json(build_live_payload(run_id))
                      ^^^^^^^^^^^^^^^^^^^^^^^^^^
  File "C:\Anup\6gsimulation\sixgr_foundation_v2 (2)\apps\lls_web_dashboard.py", line 153, in db_connection
    return pool.get_connection()
           ^^^^^^^^^^^^^^^^^^^^^
  File "C:\Anup\6gsimulation\sixgr_foundation_v2 (2)\apps\lls_web_dashboard.py", line 7914, in build_live_payload
    contract_materializer.materialize_run_contract_artifacts(
  File "C:\Program Files\Python311\Lib\site-packages\mysql\connector\pooling.py", line 656, in get_connection
    raise PoolError("Failed getting connection; pool exhausted") from err
  File "C:\Anup\6gsimulation\sixgr_foundation_v2 (2)\apps\lls_contract_materializer.py", line 1859, in materialize_run_contract_artifacts
    contract_current = _existing_contract_artifacts_current(existing, db_connection_factory, feature_policy)
                       ^^^^^^^^^^^^^^^^^^^^^^^^^^^^^^^^^^^^^^^^^^^^^^^^^^^^^^^^^^^^^^^^^^^^^^^^^^^^^^^^^^^^^
----------------------------------------
  File "C:\Anup\6gsimulation\sixgr_foundation_v2 (2)\apps\lls_contract_materializer.py", line 1777, in _existing_contract_artifacts_current
    if not _artifact_has_current_materializer_version(csv_artifact, db_connection_factory):
           ^^^^^^^^^^^^^^^^^^^^^^^^^^^^^^^^^^^^^^^^^^^^^^^^^^^^^^^^^^^^^^^^^^^^^^^^^^^^^^^
Exception occurred during processing of request from ('127.0.0.1', 51957)
  File "C:\Anup\6gsimulation\sixgr_foundation_v2 (2)\apps\lls_contract_materializer.py", line 1752, in _artifact_has_current_materializer_version
    payload = _artifact_metadata_json(artifact, db_connection_factory)
              ^^^^^^^^^^^^^^^^^^^^^^^^^^^^^^^^^^^^^^^^^^^^^^^^^^^^^^^^
mysql.connector.errors.PoolError: Failed getting connection; pool exhausted
  File "C:\Anup\6gsimulation\sixgr_foundation_v2 (2)\apps\lls_contract_materializer.py", line 1739, in _artifact_metadata_json
    with db_connection_factory() as conn:
         ^^^^^^^^^^^^^^^^^^^^^^^

During handling of the above exception, another exception occurred:

Traceback (most recent call last):
  File "C:\Anup\6gsimulation\sixgr_foundation_v2 (2)\apps\lls_web_dashboard.py", line 153, in db_connection
    return pool.get_connection()
           ^^^^^^^^^^^^^^^^^^^^^
  File "C:\Program Files\Python311\Lib\socketserver.py", line 691, in process_request_thread
    self.finish_request(request, client_address)
  File "C:\Program Files\Python311\Lib\site-packages\mysql\connector\pooling.py", line 656, in get_connection
    raise PoolError("Failed getting connection; pool exhausted") from err
  File "C:\Program Files\Python311\Lib\socketserver.py", line 361, in finish_request
    self.RequestHandlerClass(request, client_address, self)
mysql.connector.errors.PoolError: Failed getting connection; pool exhausted
  File "C:\Program Files\Python311\Lib\socketserver.py", line 755, in __init__
    self.handle()

During handling of the above exception, another exception occurred:

  File "C:\Program Files\Python311\Lib\http\server.py", line 436, in handle
    self.handle_one_request()
Traceback (most recent call last):
  File "C:\Program Files\Python311\Lib\http\server.py", line 424, in handle_one_request
    method()
  File "C:\Program Files\Python311\Lib\socketserver.py", line 691, in process_request_thread
    self.finish_request(request, client_address)
  File "C:\Anup\6gsimulation\sixgr_foundation_v2 (2)\apps\lls_web_dashboard.py", line 12714, in do_GET
    self.send_error(HTTPStatus.INTERNAL_SERVER_ERROR, str(exc))
  File "C:\Program Files\Python311\Lib\http\server.py", line 491, in send_error
    self.wfile.write(body)
  File "C:\Program Files\Python311\Lib\socketserver.py", line 834, in write
    self._sock.sendall(b)
Traceback (most recent call last):
ConnectionAbortedError: [WinError 10053] An established connection was aborted by the software in your host machine
  File "C:\Program Files\Python311\Lib\site-packages\mysql\connector\pooling.py", line 654, in get_connection
    cnx = self._cnx_queue.get(block=False)
          ^^^^^^^^^^^^^^^^^^^^^^^^^^^^^^^^
----------------------------------------
  File "C:\Program Files\Python311\Lib\queue.py", line 168, in get
    raise Empty
  File "C:\Program Files\Python311\Lib\socketserver.py", line 361, in finish_request
    self.RequestHandlerClass(request, client_address, self)
_queue.Empty
  File "C:\Program Files\Python311\Lib\socketserver.py", line 755, in __init__
    self.handle()

The above exception was the direct cause of the following exception:

  File "C:\Program Files\Python311\Lib\http\server.py", line 436, in handle
    self.handle_one_request()
Traceback (most recent call last):
  File "C:\Program Files\Python311\Lib\http\server.py", line 424, in handle_one_request
    method()
  File "C:\Anup\6gsimulation\sixgr_foundation_v2 (2)\apps\lls_web_dashboard.py", line 12692, in do_GET
    self.respond_json(build_live_payload(run_id))
                      ^^^^^^^^^^^^^^^^^^^^^^^^^^
  File "C:\Anup\6gsimulation\sixgr_foundation_v2 (2)\apps\lls_web_dashboard.py", line 12714, in do_GET
    self.send_error(HTTPStatus.INTERNAL_SERVER_ERROR, str(exc))
  File "C:\Anup\6gsimulation\sixgr_foundation_v2 (2)\apps\lls_web_dashboard.py", line 7914, in build_live_payload
    contract_materializer.materialize_run_contract_artifacts(
  File "C:\Program Files\Python311\Lib\http\server.py", line 491, in send_error
    self.wfile.write(body)
  File "C:\Anup\6gsimulation\sixgr_foundation_v2 (2)\apps\lls_contract_materializer.py", line 2139, in materialize_run_contract_artifacts
    csv_artifact_id = _store_artifact(
                      ^^^^^^^^^^^^^^^^
  File "C:\Program Files\Python311\Lib\socketserver.py", line 834, in write
    self._sock.sendall(b)
  File "C:\Anup\6gsimulation\sixgr_foundation_v2 (2)\apps\lls_contract_materializer.py", line 1678, in _store_artifact
    with db_connection_factory() as conn:
         ^^^^^^^^^^^^^^^^^^^^^^^
ConnectionAbortedError: [WinError 10053] An established connection was aborted by the software in your host machine
  File "C:\Anup\6gsimulation\sixgr_foundation_v2 (2)\apps\lls_web_dashboard.py", line 153, in db_connection
    return pool.get_connection()
           ^^^^^^^^^^^^^^^^^^^^^
----------------------------------------
  File "C:\Program Files\Python311\Lib\site-packages\mysql\connector\pooling.py", line 656, in get_connection
    raise PoolError("Failed getting connection; pool exhausted") from err
mysql.connector.errors.PoolError: Failed getting connection; pool exhausted

During handling of the above exception, another exception occurred:

Traceback (most recent call last):
  File "C:\Program Files\Python311\Lib\socketserver.py", line 691, in process_request_thread
    self.finish_request(request, client_address)
  File "C:\Program Files\Python311\Lib\socketserver.py", line 361, in finish_request
    self.RequestHandlerClass(request, client_address, self)
  File "C:\Program Files\Python311\Lib\socketserver.py", line 755, in __init__
    self.handle()
  File "C:\Program Files\Python311\Lib\http\server.py", line 436, in handle
    self.handle_one_request()
  File "C:\Program Files\Python311\Lib\http\server.py", line 424, in handle_one_request
    method()
  File "C:\Anup\6gsimulation\sixgr_foundation_v2 (2)\apps\lls_web_dashboard.py", line 12714, in do_GET
    self.send_error(HTTPStatus.INTERNAL_SERVER_ERROR, str(exc))
  File "C:\Program Files\Python311\Lib\http\server.py", line 491, in send_error
    self.wfile.write(body)
  File "C:\Program Files\Python311\Lib\socketserver.py", line 834, in write
    self._sock.sendall(b)
ConnectionAbortedError: [WinError 10053] An established connection was aborted by the software in your host machine
----------------------------------------
----------------------------------------
Exception occurred during processing of request from ('10.64.253.106', 51980)
Traceback (most recent call last):
  File "C:\Program Files\Python311\Lib\site-packages\mysql\connector\pooling.py", line 654, in get_connection
    cnx = self._cnx_queue.get(block=False)
          ^^^^^^^^^^^^^^^^^^^^^^^^^^^^^^^^
  File "C:\Program Files\Python311\Lib\queue.py", line 168, in get
    raise Empty
_queue.Empty

The above exception was the direct cause of the following exception:

Traceback (most recent call last):
  File "C:\Anup\6gsimulation\sixgr_foundation_v2 (2)\apps\lls_web_dashboard.py", line 12692, in do_GET
    self.respond_json(build_live_payload(run_id))
                      ^^^^^^^^^^^^^^^^^^^^^^^^^^
  File "C:\Anup\6gsimulation\sixgr_foundation_v2 (2)\apps\lls_web_dashboard.py", line 7914, in build_live_payload
    contract_materializer.materialize_run_contract_artifacts(
  File "C:\Anup\6gsimulation\sixgr_foundation_v2 (2)\apps\lls_contract_materializer.py", line 1859, in materialize_run_contract_artifacts
    contract_current = _existing_contract_artifacts_current(existing, db_connection_factory, feature_policy)
                       ^^^^^^^^^^^^^^^^^^^^^^^^^^^^^^^^^^^^^^^^^^^^^^^^^^^^^^^^^^^^^^^^^^^^^^^^^^^^^^^^^^^^^
  File "C:\Anup\6gsimulation\sixgr_foundation_v2 (2)\apps\lls_contract_materializer.py", line 1779, in _existing_contract_artifacts_current
    if not _artifact_has_current_materializer_version(image_artifact, db_connection_factory):
           ^^^^^^^^^^^^^^^^^^^^^^^^^^^^^^^^^^^^^^^^^^^^^^^^^^^^^^^^^^^^^^^^^^^^^^^^^^^^^^^^^
  File "C:\Anup\6gsimulation\sixgr_foundation_v2 (2)\apps\lls_contract_materializer.py", line 1752, in _artifact_has_current_materializer_version
    payload = _artifact_metadata_json(artifact, db_connection_factory)
              ^^^^^^^^^^^^^^^^^^^^^^^^^^^^^^^^^^^^^^^^^^^^^^^^^^^^^^^^
  File "C:\Anup\6gsimulation\sixgr_foundation_v2 (2)\apps\lls_contract_materializer.py", line 1739, in _artifact_metadata_json
    with db_connection_factory() as conn:
         ^^^^^^^^^^^^^^^^^^^^^^^
  File "C:\Anup\6gsimulation\sixgr_foundation_v2 (2)\apps\lls_web_dashboard.py", line 153, in db_connection
    return pool.get_connection()
           ^^^^^^^^^^^^^^^^^^^^^
  File "C:\Program Files\Python311\Lib\site-packages\mysql\connector\pooling.py", line 656, in get_connection
    raise PoolError("Failed getting connection; pool exhausted") from err
mysql.connector.errors.PoolError: Failed getting connection; pool exhausted

During handling of the above exception, another exception occurred:

Traceback (most recent call last):
  File "C:\Program Files\Python311\Lib\socketserver.py", line 691, in process_request_thread
    self.finish_request(request, client_address)
  File "C:\Program Files\Python311\Lib\socketserver.py", line 361, in finish_request
    self.RequestHandlerClass(request, client_address, self)
  File "C:\Program Files\Python311\Lib\socketserver.py", line 755, in __init__
    self.handle()
  File "C:\Program Files\Python311\Lib\http\server.py", line 436, in handle
    self.handle_one_request()
  File "C:\Program Files\Python311\Lib\http\server.py", line 424, in handle_one_request
    method()
  File "C:\Anup\6gsimulation\sixgr_foundation_v2 (2)\apps\lls_web_dashboard.py", line 12714, in do_GET
    self.send_error(HTTPStatus.INTERNAL_SERVER_ERROR, str(exc))
  File "C:\Program Files\Python311\Lib\http\server.py", line 491, in send_error
    self.wfile.write(body)
  File "C:\Program Files\Python311\Lib\socketserver.py", line 834, in write
    self._sock.sendall(b)
ConnectionAbortedError: [WinError 10053] An established connection was aborted by the software in your host machine
----------------------------------------
----------------------------------------
Exception occurred during processing of request from ('10.64.253.106', 52007)
Traceback (most recent call last):
  File "C:\Program Files\Python311\Lib\site-packages\mysql\connector\pooling.py", line 654, in get_connection
    cnx = self._cnx_queue.get(block=False)
          ^^^^^^^^^^^^^^^^^^^^^^^^^^^^^^^^
  File "C:\Program Files\Python311\Lib\queue.py", line 168, in get
    raise Empty
_queue.Empty

The above exception was the direct cause of the following exception:

Traceback (most recent call last):
  File "C:\Anup\6gsimulation\sixgr_foundation_v2 (2)\apps\lls_web_dashboard.py", line 12692, in do_GET
    self.respond_json(build_live_payload(run_id))
                      ^^^^^^^^^^^^^^^^^^^^^^^^^^
  File "C:\Anup\6gsimulation\sixgr_foundation_v2 (2)\apps\lls_web_dashboard.py", line 7914, in build_live_payload
    contract_materializer.materialize_run_contract_artifacts(
  File "C:\Anup\6gsimulation\sixgr_foundation_v2 (2)\apps\lls_contract_materializer.py", line 1841, in materialize_run_contract_artifacts
    contract_owned_paths = _contract_owned_paths(artifacts, db_connection_factory)
                           ^^^^^^^^^^^^^^^^^^^^^^^^^^^^^^^^^^^^^^^^^^^^^^^^^^^^^^^
  File "C:\Anup\6gsimulation\sixgr_foundation_v2 (2)\apps\lls_contract_materializer.py", line 857, in _contract_owned_paths
    if _artifact_is_contract_owned(artifact, db_connection_factory):
       ^^^^^^^^^^^^^^^^^^^^^^^^^^^^^^^^^^^^^^^^^^^^^^^^^^^^^^^^^^^^
  File "C:\Anup\6gsimulation\sixgr_foundation_v2 (2)\apps\lls_contract_materializer.py", line 840, in _artifact_is_contract_owned
    payload = _artifact_metadata_json(artifact, db_connection_factory)
              ^^^^^^^^^^^^^^^^^^^^^^^^^^^^^^^^^^^^^^^^^^^^^^^^^^^^^^^^
  File "C:\Anup\6gsimulation\sixgr_foundation_v2 (2)\apps\lls_contract_materializer.py", line 1739, in _artifact_metadata_json
    with db_connection_factory() as conn:
         ^^^^^^^^^^^^^^^^^^^^^^^
  File "C:\Anup\6gsimulation\sixgr_foundation_v2 (2)\apps\lls_web_dashboard.py", line 153, in db_connection
    return pool.get_connection()
           ^^^^^^^^^^^^^^^^^^^^^
  File "C:\Program Files\Python311\Lib\site-packages\mysql\connector\pooling.py", line 656, in get_connection
    raise PoolError("Failed getting connection; pool exhausted") from err
mysql.connector.errors.PoolError: Failed getting connection; pool exhausted

During handling of the above exception, another exception occurred:

Traceback (most recent call last):
  File "C:\Program Files\Python311\Lib\socketserver.py", line 691, in process_request_thread
    self.finish_request(request, client_address)
  File "C:\Program Files\Python311\Lib\socketserver.py", line 361, in finish_request
    self.RequestHandlerClass(request, client_address, self)
  File "C:\Program Files\Python311\Lib\socketserver.py", line 755, in __init__
    self.handle()
  File "C:\Program Files\Python311\Lib\http\server.py", line 436, in handle
    self.handle_one_request()
  File "C:\Program Files\Python311\Lib\http\server.py", line 424, in handle_one_request
    method()
  File "C:\Anup\6gsimulation\sixgr_foundation_v2 (2)\apps\lls_web_dashboard.py", line 12714, in do_GET
    self.send_error(HTTPStatus.INTERNAL_SERVER_ERROR, str(exc))
  File "C:\Program Files\Python311\Lib\http\server.py", line 491, in send_error
    self.wfile.write(body)
  File "C:\Program Files\Python311\Lib\socketserver.py", line 834, in write
    self._sock.sendall(b)
ConnectionAbortedError: [WinError 10053] An established connection was aborted by the software in your host machine
----------------------------------------
