[2026-04-17T11:33:34Z] INFO Preparing LLS run: scenario=lls_3gpp_rel20_anchor_4ghz_100mhz_waveform_honest_5gnb_50ue_10slot runTag=webgui_rel20_4ghz_100mhz_5gnb_50ue_10slot_20260417_170900 runFolder=C:\Users\Administrator\AppData\Local\Temp\2\sixgr_mysql_web_runs\lls_3gpp_rel20_anchor_4ghz_100mhz_waveform_honest_5gnb_50ue_10slot\webgui_rel20_4ghz_100mhz_5gnb_50ue_10slot_20260417_170900
[2026-04-17T11:33:35Z] INFO Artifact store active=1 backend=mysql_web schema=sixgr_results
[2026-04-17T11:33:35Z] INFO Writing resolved snapshots.
[2026-04-17T11:33:36Z] INFO Exporting live geometry artifacts.
[2026-04-17T11:33:37Z] INFO Executing runner profile=waveform_bundle.
[2026-04-17T11:33:37Z] INFO Waveform bundle starting: snr=12.000 dB sweepPoints=1 canonicalSlots=10 monteCarlo=1 slotDuration_s=0.000500
[TR38901Plus] Resolved config: Scenario=UMa Fc_Hz=4000000000 PathlossModel=nrPathLoss ShadowSigma_dB=6 PathlossEnabled=1 ShadowEnabled=1 LOSEnabled=1
[2026-04-17T11:33:43Z] INFO Coupled canonical slot prepared: sweep=1/1 slot=1/10 duplex=DL allow_dl=1 allow_ul=0.
[2026-04-17T11:33:54Z] INFO Coupled control gating complete: slot=1 frame=1 pbch_attempts=50 prach_attempts=0 srs_attempts=0 trs_attempts=5 acquired=50/50 access=0/50 valid_srs=0/50 valid_trs_cells=5/5 tracked_serving_users=50/50 eligible=0/50.
[2026-04-17T11:33:58Z] INFO DL coupled publish: sweep 1/1 snr=12.000 ue=0/50 dlFrames=0/10 ulFrames=0/10 dlRows=0 ulRows=0.
[2026-04-17T11:33:59Z] INFO Coupled DL schedule complete: sweep=1/1 slot=1/10 active=0 granted=0 grants=0.
[2026-04-17T11:33:59Z] INFO Coupled DL PDCCH qualification complete: sweep=1/1 slot=1/10 executable_grants=0.
[2026-04-17T11:33:59Z] INFO Preparing coupled DL batches: sweep=1/1 slot=1/10 candidate_grants=0 batch_size=1.
[2026-04-17T11:33:59Z] INFO Coupled canonical slot prepared: sweep=1/1 slot=2/10 duplex=DL allow_dl=1 allow_ul=0.
[2026-04-17T11:34:00Z] INFO Coupled control gating complete: slot=2 frame=1 pbch_attempts=0 prach_attempts=0 srs_attempts=0 trs_attempts=0 acquired=50/50 access=0/50 valid_srs=0/50 valid_trs_cells=5/5 tracked_serving_users=50/50 eligible=0/50.
[2026-04-17T11:34:03Z] INFO DL coupled publish: sweep 1/1 snr=12.000 ue=0/50 dlFrames=0/10 ulFrames=0/10 dlRows=0 ulRows=0.
[2026-04-17T11:34:04Z] INFO Coupled DL schedule complete: sweep=1/1 slot=2/10 active=0 granted=0 grants=0.
[2026-04-17T11:34:04Z] INFO Coupled DL PDCCH qualification complete: sweep=1/1 slot=2/10 executable_grants=0.
[2026-04-17T11:34:04Z] INFO Preparing coupled DL batches: sweep=1/1 slot=2/10 candidate_grants=0 batch_size=1.
[2026-04-17T11:34:04Z] INFO Coupled canonical slot prepared: sweep=1/1 slot=3/10 duplex=DL allow_dl=1 allow_ul=0.
[2026-04-17T11:34:04Z] INFO Coupled control gating complete: slot=3 frame=1 pbch_attempts=0 prach_attempts=0 srs_attempts=0 trs_attempts=0 acquired=50/50 access=0/50 valid_srs=0/50 valid_trs_cells=5/5 tracked_serving_users=50/50 eligible=0/50.
[2026-04-17T11:34:07Z] INFO DL coupled publish: sweep 1/1 snr=12.000 ue=0/50 dlFrames=0/10 ulFrames=0/10 dlRows=0 ulRows=0.
[2026-04-17T11:34:08Z] INFO Coupled DL schedule complete: sweep=1/1 slot=3/10 active=0 granted=0 grants=0.
[2026-04-17T11:34:08Z] INFO Coupled DL PDCCH qualification complete: sweep=1/1 slot=3/10 executable_grants=0.
[2026-04-17T11:34:08Z] INFO Preparing coupled DL batches: sweep=1/1 slot=3/10 candidate_grants=0 batch_size=1.
[2026-04-17T11:34:08Z] INFO Coupled canonical slot prepared: sweep=1/1 slot=4/10 duplex=S allow_dl=1 allow_ul=1.
[2026-04-17T11:34:09Z] INFO Coupled control gating complete: slot=4 frame=1 pbch_attempts=0 prach_attempts=0 srs_attempts=0 trs_attempts=0 acquired=50/50 access=0/50 valid_srs=0/50 valid_trs_cells=5/5 tracked_serving_users=50/50 eligible=0/50.
[2026-04-17T11:34:11Z] INFO DL coupled publish: sweep 1/1 snr=12.000 ue=0/50 dlFrames=0/10 ulFrames=0/10 dlRows=0 ulRows=0.
[2026-04-17T11:34:12Z] INFO Coupled DL schedule complete: sweep=1/1 slot=4/10 active=0 granted=0 grants=0.
[2026-04-17T11:34:12Z] INFO Coupled DL PDCCH qualification complete: sweep=1/1 slot=4/10 executable_grants=0.
[2026-04-17T11:34:12Z] INFO Preparing coupled DL batches: sweep=1/1 slot=4/10 candidate_grants=0 batch_size=1.
[2026-04-17T11:34:13Z] INFO Coupled UL schedule complete: sweep=1/1 slot=4/10 active=0 granted=0 grants=0.
[2026-04-17T11:34:13Z] INFO Coupled UL PDCCH qualification complete: sweep=1/1 slot=4/10 executable_grants=0.
[2026-04-17T11:34:13Z] INFO Preparing coupled UL batches: sweep=1/1 slot=4/10 candidate_grants=0 batch_size=1.
[2026-04-17T11:34:13Z] INFO Coupled canonical slot prepared: sweep=1/1 slot=5/10 duplex=UL allow_dl=0 allow_ul=1.
[2026-04-17T11:34:15Z] INFO Coupled control gating complete: slot=5 frame=1 pbch_attempts=0 prach_attempts=0 srs_attempts=0 trs_attempts=5 acquired=50/50 access=0/50 valid_srs=0/50 valid_trs_cells=5/5 tracked_serving_users=50/50 eligible=0/50.
[2026-04-17T11:34:18Z] INFO UL coupled publish: sweep 1/1 snr=12.000 ue=0/50 dlFrames=0/10 ulFrames=0/10 dlRows=0 ulRows=0.
[2026-04-17T11:34:19Z] INFO Coupled UL schedule complete: sweep=1/1 slot=5/10 active=0 granted=0 grants=0.
[2026-04-17T11:34:19Z] INFO Coupled UL PDCCH qualification complete: sweep=1/1 slot=5/10 executable_grants=0.
[2026-04-17T11:34:19Z] INFO Preparing coupled UL batches: sweep=1/1 slot=5/10 candidate_grants=0 batch_size=1.
[2026-04-17T11:34:19Z] INFO Coupled canonical slot prepared: sweep=1/1 slot=6/10 duplex=DL allow_dl=1 allow_ul=0.
[2026-04-17T11:34:19Z] INFO Coupled control gating complete: slot=6 frame=1 pbch_attempts=0 prach_attempts=0 srs_attempts=0 trs_attempts=0 acquired=50/50 access=0/50 valid_srs=0/50 valid_trs_cells=5/5 tracked_serving_users=50/50 eligible=0/50.
[2026-04-17T11:34:22Z] INFO DL coupled publish: sweep 1/1 snr=12.000 ue=0/50 dlFrames=0/10 ulFrames=0/10 dlRows=0 ulRows=0.
[2026-04-17T11:34:23Z] INFO Coupled DL schedule complete: sweep=1/1 slot=6/10 active=0 granted=0 grants=0.
[2026-04-17T11:34:23Z] INFO Coupled DL PDCCH qualification complete: sweep=1/1 slot=6/10 executable_grants=0.
[2026-04-17T11:34:23Z] INFO Preparing coupled DL batches: sweep=1/1 slot=6/10 candidate_grants=0 batch_size=1.
[2026-04-17T11:34:23Z] INFO Coupled canonical slot prepared: sweep=1/1 slot=7/10 duplex=DL allow_dl=1 allow_ul=0.
[2026-04-17T11:34:28Z] INFO Coupled control gating complete: slot=7 frame=1 pbch_attempts=0 prach_attempts=50 srs_attempts=0 trs_attempts=0 acquired=50/50 access=50/50 valid_srs=0/50 valid_trs_cells=5/5 tracked_serving_users=50/50 eligible=50/50.
[2026-04-17T11:34:31Z] INFO DL coupled publish: sweep 1/1 snr=12.000 ue=0/50 dlFrames=0/10 ulFrames=0/10 dlRows=0 ulRows=0.
[2026-04-17T11:34:34Z] INFO Coupled DL schedule complete: sweep=1/1 slot=7/10 active=50 granted=50 grants=50.
[2026-04-17T11:34:43Z] INFO Coupled DL PDCCH qualification complete: sweep=1/1 slot=7/10 executable_grants=50.
[2026-04-17T11:34:43Z] INFO Preparing coupled DL batches: sweep=1/1 slot=7/10 candidate_grants=50 batch_size=1.
[2026-04-17T11:34:45Z] INFO Prepared coupled DL chunk: sweep=1/1 slot=7/10 executable_plans=1 chunk=1-1 of 50.
[2026-04-17T11:34:45Z] INFO Executing coupled DL chunk: sweep=1/1 slot=7/10 chunk=1-1 of 50.
[2026-04-17T11:34:58Z] INFO Publishing coupled DL chunk results: sweep=1/1 slot=7/10 committed_rows=1 current_primary_rows=1.
[2026-04-17T11:35:03Z] INFO DL coupled publish: sweep 1/1 snr=12.000 ue=3/50 dlFrames=1/10 ulFrames=0/10 dlRows=1 ulRows=0.
[2026-04-17T11:35:04Z] INFO Prepared coupled DL chunk: sweep=1/1 slot=7/10 executable_plans=1 chunk=2-2 of 50.
[2026-04-17T11:35:04Z] INFO Executing coupled DL chunk: sweep=1/1 slot=7/10 chunk=2-2 of 50.
[2026-04-17T11:35:14Z] INFO Publishing coupled DL chunk results: sweep=1/1 slot=7/10 committed_rows=1 current_primary_rows=2.
[2026-04-17T11:35:19Z] INFO DL coupled publish: sweep 1/1 snr=12.000 ue=5/50 dlFrames=1/10 ulFrames=0/10 dlRows=2 ulRows=0.
[2026-04-17T11:35:20Z] INFO Prepared coupled DL chunk: sweep=1/1 slot=7/10 executable_plans=1 chunk=3-3 of 50.
[2026-04-17T11:35:20Z] INFO Executing coupled DL chunk: sweep=1/1 slot=7/10 chunk=3-3 of 50.
[2026-04-17T11:35:30Z] INFO Publishing coupled DL chunk results: sweep=1/1 slot=7/10 committed_rows=1 current_primary_rows=3.
[2026-04-17T11:35:34Z] INFO DL coupled publish: sweep 1/1 snr=12.000 ue=7/50 dlFrames=1/10 ulFrames=0/10 dlRows=3 ulRows=0.
[2026-04-17T11:35:35Z] INFO Prepared coupled DL chunk: sweep=1/1 slot=7/10 executable_plans=1 chunk=4-4 of 50.
[2026-04-17T11:35:35Z] INFO Executing coupled DL chunk: sweep=1/1 slot=7/10 chunk=4-4 of 50.
[2026-04-17T11:35:45Z] INFO Publishing coupled DL chunk results: sweep=1/1 slot=7/10 committed_rows=1 current_primary_rows=4.
[2026-04-17T11:35:50Z] INFO DL coupled publish: sweep 1/1 snr=12.000 ue=9/50 dlFrames=1/10 ulFrames=0/10 dlRows=4 ulRows=0.
[2026-04-17T11:35:51Z] INFO Prepared coupled DL chunk: sweep=1/1 slot=7/10 executable_plans=1 chunk=5-5 of 50.
[2026-04-17T11:35:51Z] INFO Executing coupled DL chunk: sweep=1/1 slot=7/10 chunk=5-5 of 50.
[2026-04-17T11:36:00Z] INFO Publishing coupled DL chunk results: sweep=1/1 slot=7/10 committed_rows=1 current_primary_rows=5.
[2026-04-17T11:36:05Z] INFO DL coupled publish: sweep 1/1 snr=12.000 ue=14/50 dlFrames=1/10 ulFrames=0/10 dlRows=5 ulRows=0.
[2026-04-17T11:36:06Z] INFO Prepared coupled DL chunk: sweep=1/1 slot=7/10 executable_plans=1 chunk=6-6 of 50.
[2026-04-17T11:36:06Z] INFO Executing coupled DL chunk: sweep=1/1 slot=7/10 chunk=6-6 of 50.
[2026-04-17T11:36:15Z] INFO Publishing coupled DL chunk results: sweep=1/1 slot=7/10 committed_rows=1 current_primary_rows=6.
[2026-04-17T11:36:19Z] INFO DL coupled publish: sweep 1/1 snr=12.000 ue=19/50 dlFrames=1/10 ulFrames=0/10 dlRows=6 ulRows=0.
[2026-04-17T11:36:20Z] INFO Prepared coupled DL chunk: sweep=1/1 slot=7/10 executable_plans=1 chunk=7-7 of 50.
[2026-04-17T11:36:20Z] INFO Executing coupled DL chunk: sweep=1/1 slot=7/10 chunk=7-7 of 50.
[2026-04-17T11:36:30Z] INFO Publishing coupled DL chunk results: sweep=1/1 slot=7/10 committed_rows=1 current_primary_rows=7.
[2026-04-17T11:36:34Z] INFO DL coupled publish: sweep 1/1 snr=12.000 ue=26/50 dlFrames=1/10 ulFrames=0/10 dlRows=7 ulRows=0.
[2026-04-17T11:36:35Z] INFO Prepared coupled DL chunk: sweep=1/1 slot=7/10 executable_plans=1 chunk=8-8 of 50.
[2026-04-17T11:36:35Z] INFO Executing coupled DL chunk: sweep=1/1 slot=7/10 chunk=8-8 of 50.
[2026-04-17T11:36:44Z] INFO Publishing coupled DL chunk results: sweep=1/1 slot=7/10 committed_rows=1 current_primary_rows=8.
[2026-04-17T11:36:48Z] INFO DL coupled publish: sweep 1/1 snr=12.000 ue=27/50 dlFrames=1/10 ulFrames=0/10 dlRows=8 ulRows=0.
[2026-04-17T11:36:49Z] INFO Prepared coupled DL chunk: sweep=1/1 slot=7/10 executable_plans=1 chunk=9-9 of 50.
[2026-04-17T11:36:49Z] INFO Executing coupled DL chunk: sweep=1/1 slot=7/10 chunk=9-9 of 50.
[2026-04-17T11:36:59Z] INFO Publishing coupled DL chunk results: sweep=1/1 slot=7/10 committed_rows=1 current_primary_rows=9.
[2026-04-17T11:37:03Z] INFO DL coupled publish: sweep 1/1 snr=12.000 ue=43/50 dlFrames=1/10 ulFrames=0/10 dlRows=9 ulRows=0.
[2026-04-17T11:37:04Z] INFO Prepared coupled DL chunk: sweep=1/1 slot=7/10 executable_plans=1 chunk=10-10 of 50.
[2026-04-17T11:37:04Z] INFO Executing coupled DL chunk: sweep=1/1 slot=7/10 chunk=10-10 of 50.
[2026-04-17T11:37:11Z] INFO Publishing coupled DL chunk results: sweep=1/1 slot=7/10 committed_rows=1 current_primary_rows=10.
[2026-04-17T11:37:15Z] INFO DL coupled publish: sweep 1/1 snr=12.000 ue=47/50 dlFrames=1/10 ulFrames=0/10 dlRows=10 ulRows=0.
[2026-04-17T11:37:17Z] INFO Prepared coupled DL chunk: sweep=1/1 slot=7/10 executable_plans=1 chunk=11-11 of 50.
[2026-04-17T11:37:17Z] INFO Executing coupled DL chunk: sweep=1/1 slot=7/10 chunk=11-11 of 50.
[2026-04-17T11:37:28Z] INFO Publishing coupled DL chunk results: sweep=1/1 slot=7/10 committed_rows=1 current_primary_rows=11.
[2026-04-17T11:37:33Z] INFO DL coupled publish: sweep 1/1 snr=12.000 ue=4/50 dlFrames=1/10 ulFrames=0/10 dlRows=11 ulRows=0.
[2026-04-17T11:37:34Z] INFO Prepared coupled DL chunk: sweep=1/1 slot=7/10 executable_plans=1 chunk=12-12 of 50.
[2026-04-17T11:37:34Z] INFO Executing coupled DL chunk: sweep=1/1 slot=7/10 chunk=12-12 of 50.
[2026-04-17T11:37:44Z] INFO Publishing coupled DL chunk results: sweep=1/1 slot=7/10 committed_rows=1 current_primary_rows=12.
[2026-04-17T11:37:49Z] INFO DL coupled publish: sweep 1/1 snr=12.000 ue=6/50 dlFrames=1/10 ulFrames=0/10 dlRows=12 ulRows=0.
[2026-04-17T11:37:50Z] INFO Prepared coupled DL chunk: sweep=1/1 slot=7/10 executable_plans=1 chunk=13-13 of 50.
[2026-04-17T11:37:50Z] INFO Executing coupled DL chunk: sweep=1/1 slot=7/10 chunk=13-13 of 50.
[2026-04-17T11:38:00Z] INFO Publishing coupled DL chunk results: sweep=1/1 slot=7/10 committed_rows=1 current_primary_rows=13.
[2026-04-17T11:38:04Z] INFO DL coupled publish: sweep 1/1 snr=12.000 ue=10/50 dlFrames=1/10 ulFrames=0/10 dlRows=13 ulRows=0.
[2026-04-17T11:38:05Z] INFO Prepared coupled DL chunk: sweep=1/1 slot=7/10 executable_plans=1 chunk=14-14 of 50.
[2026-04-17T11:38:06Z] INFO Executing coupled DL chunk: sweep=1/1 slot=7/10 chunk=14-14 of 50.
[2026-04-17T11:38:18Z] INFO Publishing coupled DL chunk results: sweep=1/1 slot=7/10 committed_rows=1 current_primary_rows=14.
[2026-04-17T11:38:22Z] INFO DL coupled publish: sweep 1/1 snr=12.000 ue=29/50 dlFrames=1/10 ulFrames=0/10 dlRows=14 ulRows=0.
[2026-04-17T11:38:24Z] INFO Prepared coupled DL chunk: sweep=1/1 slot=7/10 executable_plans=1 chunk=15-15 of 50.
[2026-04-17T11:38:24Z] INFO Executing coupled DL chunk: sweep=1/1 slot=7/10 chunk=15-15 of 50.
[2026-04-17T11:38:34Z] INFO Publishing coupled DL chunk results: sweep=1/1 slot=7/10 committed_rows=1 current_primary_rows=15.
[2026-04-17T11:38:39Z] INFO DL coupled publish: sweep 1/1 snr=12.000 ue=35/50 dlFrames=1/10 ulFrames=0/10 dlRows=15 ulRows=0.
[2026-04-17T11:38:40Z] INFO Prepared coupled DL chunk: sweep=1/1 slot=7/10 executable_plans=1 chunk=16-16 of 50.
[2026-04-17T11:38:40Z] INFO Executing coupled DL chunk: sweep=1/1 slot=7/10 chunk=16-16 of 50.
[2026-04-17T11:38:49Z] INFO Publishing coupled DL chunk results: sweep=1/1 slot=7/10 committed_rows=1 current_primary_rows=16.
[2026-04-17T11:38:54Z] INFO DL coupled publish: sweep 1/1 snr=12.000 ue=41/50 dlFrames=1/10 ulFrames=0/10 dlRows=16 ulRows=0.
[2026-04-17T11:38:55Z] INFO Prepared coupled DL chunk: sweep=1/1 slot=7/10 executable_plans=1 chunk=17-17 of 50.
[2026-04-17T11:38:55Z] INFO Executing coupled DL chunk: sweep=1/1 slot=7/10 chunk=17-17 of 50.
[2026-04-17T11:39:06Z] INFO Publishing coupled DL chunk results: sweep=1/1 slot=7/10 committed_rows=1 current_primary_rows=17.
[2026-04-17T11:39:10Z] INFO DL coupled publish: sweep 1/1 snr=12.000 ue=45/50 dlFrames=1/10 ulFrames=0/10 dlRows=17 ulRows=0.
[2026-04-17T11:39:11Z] INFO Prepared coupled DL chunk: sweep=1/1 slot=7/10 executable_plans=1 chunk=18-18 of 50.
[2026-04-17T11:39:12Z] INFO Executing coupled DL chunk: sweep=1/1 slot=7/10 chunk=18-18 of 50.
[2026-04-17T11:39:21Z] INFO Publishing coupled DL chunk results: sweep=1/1 slot=7/10 committed_rows=1 current_primary_rows=18.
[2026-04-17T11:39:26Z] INFO DL coupled publish: sweep 1/1 snr=12.000 ue=50/50 dlFrames=1/10 ulFrames=0/10 dlRows=18 ulRows=0.
[2026-04-17T11:39:27Z] INFO Prepared coupled DL chunk: sweep=1/1 slot=7/10 executable_plans=1 chunk=19-19 of 50.
[2026-04-17T11:39:27Z] INFO Executing coupled DL chunk: sweep=1/1 slot=7/10 chunk=19-19 of 50.
[2026-04-17T11:39:34Z] INFO Publishing coupled DL chunk results: sweep=1/1 slot=7/10 committed_rows=1 current_primary_rows=19.
[2026-04-17T11:39:38Z] INFO DL coupled publish: sweep 1/1 snr=12.000 ue=2/50 dlFrames=1/10 ulFrames=0/10 dlRows=19 ulRows=0.
[2026-04-17T11:39:39Z] INFO Prepared coupled DL chunk: sweep=1/1 slot=7/10 executable_plans=1 chunk=20-20 of 50.
[2026-04-17T11:39:39Z] INFO Executing coupled DL chunk: sweep=1/1 slot=7/10 chunk=20-20 of 50.
[2026-04-17T11:39:49Z] INFO Publishing coupled DL chunk results: sweep=1/1 slot=7/10 committed_rows=1 current_primary_rows=20.
[2026-04-17T11:39:53Z] INFO DL coupled publish: sweep 1/1 snr=12.000 ue=12/50 dlFrames=1/10 ulFrames=0/10 dlRows=20 ulRows=0.
[2026-04-17T11:39:54Z] INFO Prepared coupled DL chunk: sweep=1/1 slot=7/10 executable_plans=1 chunk=21-21 of 50.
[2026-04-17T11:39:54Z] INFO Executing coupled DL chunk: sweep=1/1 slot=7/10 chunk=21-21 of 50.
[2026-04-17T11:40:03Z] INFO Publishing coupled DL chunk results: sweep=1/1 slot=7/10 committed_rows=1 current_primary_rows=21.
[2026-04-17T11:40:08Z] INFO DL coupled publish: sweep 1/1 snr=12.000 ue=13/50 dlFrames=1/10 ulFrames=0/10 dlRows=21 ulRows=0.
[2026-04-17T11:40:09Z] INFO Prepared coupled DL chunk: sweep=1/1 slot=7/10 executable_plans=1 chunk=22-22 of 50.
[2026-04-17T11:40:09Z] INFO Executing coupled DL chunk: sweep=1/1 slot=7/10 chunk=22-22 of 50.
[2026-04-17T11:40:19Z] INFO Publishing coupled DL chunk results: sweep=1/1 slot=7/10 committed_rows=1 current_primary_rows=22.
[2026-04-17T11:40:24Z] INFO DL coupled publish: sweep 1/1 snr=12.000 ue=15/50 dlFrames=1/10 ulFrames=0/10 dlRows=22 ulRows=0.
[2026-04-17T11:40:25Z] INFO Prepared coupled DL chunk: sweep=1/1 slot=7/10 executable_plans=1 chunk=23-23 of 50.
[2026-04-17T11:40:25Z] INFO Executing coupled DL chunk: sweep=1/1 slot=7/10 chunk=23-23 of 50.
[2026-04-17T11:40:33Z] INFO Publishing coupled DL chunk results: sweep=1/1 slot=7/10 committed_rows=1 current_primary_rows=23.
[2026-04-17T11:40:37Z] INFO DL coupled publish: sweep 1/1 snr=12.000 ue=16/50 dlFrames=1/10 ulFrames=0/10 dlRows=23 ulRows=0.
[2026-04-17T11:40:38Z] INFO Prepared coupled DL chunk: sweep=1/1 slot=7/10 executable_plans=1 chunk=24-24 of 50.
[2026-04-17T11:40:38Z] INFO Executing coupled DL chunk: sweep=1/1 slot=7/10 chunk=24-24 of 50.
[2026-04-17T11:40:48Z] INFO Publishing coupled DL chunk results: sweep=1/1 slot=7/10 committed_rows=1 current_primary_rows=24.
[2026-04-17T11:40:52Z] INFO DL coupled publish: sweep 1/1 snr=12.000 ue=18/50 dlFrames=1/10 ulFrames=0/10 dlRows=24 ulRows=0.
[2026-04-17T11:40:53Z] INFO Prepared coupled DL chunk: sweep=1/1 slot=7/10 executable_plans=1 chunk=25-25 of 50.
[2026-04-17T11:40:53Z] INFO Executing coupled DL chunk: sweep=1/1 slot=7/10 chunk=25-25 of 50.
[2026-04-17T11:41:03Z] INFO Publishing coupled DL chunk results: sweep=1/1 slot=7/10 committed_rows=1 current_primary_rows=25.
[2026-04-17T11:41:07Z] INFO DL coupled publish: sweep 1/1 snr=12.000 ue=23/50 dlFrames=1/10 ulFrames=0/10 dlRows=25 ulRows=0.
[2026-04-17T11:41:08Z] INFO Prepared coupled DL chunk: sweep=1/1 slot=7/10 executable_plans=1 chunk=26-26 of 50.
[2026-04-17T11:41:08Z] INFO Executing coupled DL chunk: sweep=1/1 slot=7/10 chunk=26-26 of 50.
[2026-04-17T11:41:18Z] INFO Publishing coupled DL chunk results: sweep=1/1 slot=7/10 committed_rows=1 current_primary_rows=26.
[2026-04-17T11:41:22Z] INFO DL coupled publish: sweep 1/1 snr=12.000 ue=24/50 dlFrames=1/10 ulFrames=0/10 dlRows=26 ulRows=0.
[2026-04-17T11:41:23Z] INFO Prepared coupled DL chunk: sweep=1/1 slot=7/10 executable_plans=1 chunk=27-27 of 50.
[2026-04-17T11:41:23Z] INFO Executing coupled DL chunk: sweep=1/1 slot=7/10 chunk=27-27 of 50.
[2026-04-17T11:41:32Z] INFO Publishing coupled DL chunk results: sweep=1/1 slot=7/10 committed_rows=1 current_primary_rows=27.
[2026-04-17T11:41:37Z] INFO DL coupled publish: sweep 1/1 snr=12.000 ue=33/50 dlFrames=1/10 ulFrames=0/10 dlRows=27 ulRows=0.
[2026-04-17T11:41:38Z] INFO Prepared coupled DL chunk: sweep=1/1 slot=7/10 executable_plans=1 chunk=28-28 of 50.
[2026-04-17T11:41:38Z] INFO Executing coupled DL chunk: sweep=1/1 slot=7/10 chunk=28-28 of 50.
[2026-04-17T11:41:45Z] INFO Publishing coupled DL chunk results: sweep=1/1 slot=7/10 committed_rows=1 current_primary_rows=28.
[2026-04-17T11:41:50Z] INFO DL coupled publish: sweep 1/1 snr=12.000 ue=34/50 dlFrames=1/10 ulFrames=0/10 dlRows=28 ulRows=0.
[2026-04-17T11:41:51Z] INFO Prepared coupled DL chunk: sweep=1/1 slot=7/10 executable_plans=1 chunk=29-29 of 50.
[2026-04-17T11:41:51Z] INFO Executing coupled DL chunk: sweep=1/1 slot=7/10 chunk=29-29 of 50.
[2026-04-17T11:42:01Z] INFO Publishing coupled DL chunk results: sweep=1/1 slot=7/10 committed_rows=1 current_primary_rows=29.
[2026-04-17T11:42:06Z] INFO DL coupled publish: sweep 1/1 snr=12.000 ue=20/50 dlFrames=1/10 ulFrames=0/10 dlRows=29 ulRows=0.
[2026-04-17T11:42:07Z] INFO Prepared coupled DL chunk: sweep=1/1 slot=7/10 executable_plans=1 chunk=30-30 of 50.
[2026-04-17T11:42:07Z] INFO Executing coupled DL chunk: sweep=1/1 slot=7/10 chunk=30-30 of 50.
[2026-04-17T11:42:17Z] INFO Publishing coupled DL chunk results: sweep=1/1 slot=7/10 committed_rows=1 current_primary_rows=30.
[2026-04-17T11:42:22Z] INFO DL coupled publish: sweep 1/1 snr=12.000 ue=22/50 dlFrames=1/10 ulFrames=0/10 dlRows=30 ulRows=0.
[2026-04-17T11:42:23Z] INFO Prepared coupled DL chunk: sweep=1/1 slot=7/10 executable_plans=1 chunk=31-31 of 50.
[2026-04-17T11:42:23Z] INFO Executing coupled DL chunk: sweep=1/1 slot=7/10 chunk=31-31 of 50.
[2026-04-17T11:42:34Z] INFO Publishing coupled DL chunk results: sweep=1/1 slot=7/10 committed_rows=1 current_primary_rows=31.
[2026-04-17T11:42:38Z] INFO DL coupled publish: sweep 1/1 snr=12.000 ue=32/50 dlFrames=1/10 ulFrames=0/10 dlRows=31 ulRows=0.
[2026-04-17T11:42:39Z] INFO Prepared coupled DL chunk: sweep=1/1 slot=7/10 executable_plans=1 chunk=32-32 of 50.
[2026-04-17T11:42:39Z] INFO Executing coupled DL chunk: sweep=1/1 slot=7/10 chunk=32-32 of 50.
[2026-04-17T11:42:49Z] INFO Publishing coupled DL chunk results: sweep=1/1 slot=7/10 committed_rows=1 current_primary_rows=32.
[2026-04-17T11:42:54Z] INFO DL coupled publish: sweep 1/1 snr=12.000 ue=37/50 dlFrames=1/10 ulFrames=0/10 dlRows=32 ulRows=0.
[2026-04-17T11:42:55Z] INFO Prepared coupled DL chunk: sweep=1/1 slot=7/10 executable_plans=1 chunk=33-33 of 50.
[2026-04-17T11:42:55Z] INFO Executing coupled DL chunk: sweep=1/1 slot=7/10 chunk=33-33 of 50.
[2026-04-17T11:43:06Z] INFO Publishing coupled DL chunk results: sweep=1/1 slot=7/10 committed_rows=1 current_primary_rows=33.
[2026-04-17T11:43:11Z] INFO DL coupled publish: sweep 1/1 snr=12.000 ue=38/50 dlFrames=1/10 ulFrames=0/10 dlRows=33 ulRows=0.
[2026-04-17T11:43:12Z] INFO Prepared coupled DL chunk: sweep=1/1 slot=7/10 executable_plans=1 chunk=34-34 of 50.
[2026-04-17T11:43:12Z] INFO Executing coupled DL chunk: sweep=1/1 slot=7/10 chunk=34-34 of 50.
[2026-04-17T11:43:22Z] INFO Publishing coupled DL chunk results: sweep=1/1 slot=7/10 committed_rows=1 current_primary_rows=34.
[2026-04-17T11:43:27Z] INFO DL coupled publish: sweep 1/1 snr=12.000 ue=40/50 dlFrames=1/10 ulFrames=0/10 dlRows=34 ulRows=0.
[2026-04-17T11:43:28Z] INFO Prepared coupled DL chunk: sweep=1/1 slot=7/10 executable_plans=1 chunk=35-35 of 50.
[2026-04-17T11:43:28Z] INFO Executing coupled DL chunk: sweep=1/1 slot=7/10 chunk=35-35 of 50.
[2026-04-17T11:43:38Z] INFO Publishing coupled DL chunk results: sweep=1/1 slot=7/10 committed_rows=1 current_primary_rows=35.
[2026-04-17T11:43:43Z] INFO DL coupled publish: sweep 1/1 snr=12.000 ue=42/50 dlFrames=1/10 ulFrames=0/10 dlRows=35 ulRows=0.
[2026-04-17T11:43:44Z] INFO Prepared coupled DL chunk: sweep=1/1 slot=7/10 executable_plans=1 chunk=36-36 of 50.
[2026-04-17T11:43:44Z] INFO Executing coupled DL chunk: sweep=1/1 slot=7/10 chunk=36-36 of 50.
[2026-04-17T11:43:54Z] INFO Publishing coupled DL chunk results: sweep=1/1 slot=7/10 committed_rows=1 current_primary_rows=36.
[2026-04-17T11:43:59Z] INFO DL coupled publish: sweep 1/1 snr=12.000 ue=44/50 dlFrames=1/10 ulFrames=0/10 dlRows=36 ulRows=0.
[2026-04-17T11:44:00Z] INFO Prepared coupled DL chunk: sweep=1/1 slot=7/10 executable_plans=1 chunk=37-37 of 50.
[2026-04-17T11:44:00Z] INFO Executing coupled DL chunk: sweep=1/1 slot=7/10 chunk=37-37 of 50.
[2026-04-17T11:44:09Z] INFO Publishing coupled DL chunk results: sweep=1/1 slot=7/10 committed_rows=1 current_primary_rows=37.
[2026-04-17T11:44:14Z] INFO DL coupled publish: sweep 1/1 snr=12.000 ue=49/50 dlFrames=1/10 ulFrames=0/10 dlRows=37 ulRows=0.
[2026-04-17T11:44:14Z] INFO Prepared coupled DL chunk: sweep=1/1 slot=7/10 executable_plans=1 chunk=38-38 of 50.
[2026-04-17T11:44:14Z] INFO Executing coupled DL chunk: sweep=1/1 slot=7/10 chunk=38-38 of 50.
[2026-04-17T11:44:22Z] INFO Publishing coupled DL chunk results: sweep=1/1 slot=7/10 committed_rows=1 current_primary_rows=38.
[2026-04-17T11:44:27Z] INFO DL coupled publish: sweep 1/1 snr=12.000 ue=1/50 dlFrames=1/10 ulFrames=0/10 dlRows=38 ulRows=0.
[2026-04-17T11:44:28Z] INFO Prepared coupled DL chunk: sweep=1/1 slot=7/10 executable_plans=1 chunk=39-39 of 50.
[2026-04-17T11:44:28Z] INFO Executing coupled DL chunk: sweep=1/1 slot=7/10 chunk=39-39 of 50.
[2026-04-17T11:44:38Z] INFO Publishing coupled DL chunk results: sweep=1/1 slot=7/10 committed_rows=1 current_primary_rows=39.
[2026-04-17T11:44:43Z] INFO DL coupled publish: sweep 1/1 snr=12.000 ue=8/50 dlFrames=1/10 ulFrames=0/10 dlRows=39 ulRows=0.
[2026-04-17T11:44:44Z] INFO Prepared coupled DL chunk: sweep=1/1 slot=7/10 executable_plans=1 chunk=40-40 of 50.
[2026-04-17T11:44:44Z] INFO Executing coupled DL chunk: sweep=1/1 slot=7/10 chunk=40-40 of 50.
[2026-04-17T11:44:53Z] INFO Publishing coupled DL chunk results: sweep=1/1 slot=7/10 committed_rows=1 current_primary_rows=40.
[2026-04-17T11:44:58Z] INFO DL coupled publish: sweep 1/1 snr=12.000 ue=11/50 dlFrames=1/10 ulFrames=0/10 dlRows=40 ulRows=0.
[2026-04-17T11:44:59Z] INFO Prepared coupled DL chunk: sweep=1/1 slot=7/10 executable_plans=1 chunk=41-41 of 50.
[2026-04-17T11:44:59Z] INFO Executing coupled DL chunk: sweep=1/1 slot=7/10 chunk=41-41 of 50.
[2026-04-17T11:45:08Z] INFO Publishing coupled DL chunk results: sweep=1/1 slot=7/10 committed_rows=1 current_primary_rows=41.
[2026-04-17T11:45:13Z] INFO DL coupled publish: sweep 1/1 snr=12.000 ue=17/50 dlFrames=1/10 ulFrames=0/10 dlRows=41 ulRows=0.
[2026-04-17T11:45:14Z] INFO Prepared coupled DL chunk: sweep=1/1 slot=7/10 executable_plans=1 chunk=42-42 of 50.
[2026-04-17T11:45:14Z] INFO Executing coupled DL chunk: sweep=1/1 slot=7/10 chunk=42-42 of 50.
[2026-04-17T11:45:23Z] INFO Publishing coupled DL chunk results: sweep=1/1 slot=7/10 committed_rows=1 current_primary_rows=42.
[2026-04-17T11:45:28Z] INFO DL coupled publish: sweep 1/1 snr=12.000 ue=21/50 dlFrames=1/10 ulFrames=0/10 dlRows=42 ulRows=0.
[2026-04-17T11:45:29Z] INFO Prepared coupled DL chunk: sweep=1/1 slot=7/10 executable_plans=1 chunk=43-43 of 50.
[2026-04-17T11:45:29Z] INFO Executing coupled DL chunk: sweep=1/1 slot=7/10 chunk=43-43 of 50.
[2026-04-17T11:45:38Z] INFO Publishing coupled DL chunk results: sweep=1/1 slot=7/10 committed_rows=1 current_primary_rows=43.
[2026-04-17T11:45:43Z] INFO DL coupled publish: sweep 1/1 snr=12.000 ue=25/50 dlFrames=1/10 ulFrames=0/10 dlRows=43 ulRows=0.
[2026-04-17T11:45:44Z] INFO Prepared coupled DL chunk: sweep=1/1 slot=7/10 executable_plans=1 chunk=44-44 of 50.
[2026-04-17T11:45:44Z] INFO Executing coupled DL chunk: sweep=1/1 slot=7/10 chunk=44-44 of 50.
[2026-04-17T11:45:53Z] INFO Publishing coupled DL chunk results: sweep=1/1 slot=7/10 committed_rows=1 current_primary_rows=44.
[2026-04-17T11:45:58Z] INFO DL coupled publish: sweep 1/1 snr=12.000 ue=28/50 dlFrames=1/10 ulFrames=0/10 dlRows=44 ulRows=0.
[2026-04-17T11:45:59Z] INFO Prepared coupled DL chunk: sweep=1/1 slot=7/10 executable_plans=1 chunk=45-45 of 50.
[2026-04-17T11:45:59Z] INFO Executing coupled DL chunk: sweep=1/1 slot=7/10 chunk=45-45 of 50.
[2026-04-17T11:46:08Z] INFO Publishing coupled DL chunk results: sweep=1/1 slot=7/10 committed_rows=1 current_primary_rows=45.
[2026-04-17T11:46:14Z] INFO DL coupled publish: sweep 1/1 snr=12.000 ue=30/50 dlFrames=1/10 ulFrames=0/10 dlRows=45 ulRows=0.
[2026-04-17T11:46:14Z] INFO Prepared coupled DL chunk: sweep=1/1 slot=7/10 executable_plans=1 chunk=46-46 of 50.
[2026-04-17T11:46:14Z] INFO Executing coupled DL chunk: sweep=1/1 slot=7/10 chunk=46-46 of 50.
[2026-04-17T11:46:23Z] INFO Publishing coupled DL chunk results: sweep=1/1 slot=7/10 committed_rows=1 current_primary_rows=46.
[2026-04-17T11:46:28Z] INFO DL coupled publish: sweep 1/1 snr=12.000 ue=31/50 dlFrames=1/10 ulFrames=0/10 dlRows=46 ulRows=0.
[2026-04-17T11:46:29Z] INFO Prepared coupled DL chunk: sweep=1/1 slot=7/10 executable_plans=1 chunk=47-47 of 50.
[2026-04-17T11:46:29Z] INFO Executing coupled DL chunk: sweep=1/1 slot=7/10 chunk=47-47 of 50.
[2026-04-17T11:46:37Z] INFO Publishing coupled DL chunk results: sweep=1/1 slot=7/10 committed_rows=1 current_primary_rows=47.
[2026-04-17T11:46:42Z] INFO DL coupled publish: sweep 1/1 snr=12.000 ue=36/50 dlFrames=1/10 ulFrames=0/10 dlRows=47 ulRows=0.
[2026-04-17T11:46:42Z] INFO Prepared coupled DL chunk: sweep=1/1 slot=7/10 executable_plans=1 chunk=48-48 of 50.
[2026-04-17T11:46:42Z] INFO Executing coupled DL chunk: sweep=1/1 slot=7/10 chunk=48-48 of 50.
[2026-04-17T11:46:51Z] INFO Publishing coupled DL chunk results: sweep=1/1 slot=7/10 committed_rows=1 current_primary_rows=48.
[2026-04-17T11:46:56Z] INFO DL coupled publish: sweep 1/1 snr=12.000 ue=39/50 dlFrames=1/10 ulFrames=0/10 dlRows=48 ulRows=0.
[2026-04-17T11:46:57Z] INFO Prepared coupled DL chunk: sweep=1/1 slot=7/10 executable_plans=1 chunk=49-49 of 50.
[2026-04-17T11:46:57Z] INFO Executing coupled DL chunk: sweep=1/1 slot=7/10 chunk=49-49 of 50.
[2026-04-17T11:47:07Z] INFO Publishing coupled DL chunk results: sweep=1/1 slot=7/10 committed_rows=1 current_primary_rows=49.
[2026-04-17T11:47:12Z] INFO DL coupled publish: sweep 1/1 snr=12.000 ue=46/50 dlFrames=1/10 ulFrames=0/10 dlRows=49 ulRows=0.
[2026-04-17T11:47:13Z] INFO Prepared coupled DL chunk: sweep=1/1 slot=7/10 executable_plans=1 chunk=50-50 of 50.
[2026-04-17T11:47:13Z] INFO Executing coupled DL chunk: sweep=1/1 slot=7/10 chunk=50-50 of 50.
[2026-04-17T11:47:20Z] INFO Publishing coupled DL chunk results: sweep=1/1 slot=7/10 committed_rows=1 current_primary_rows=50.
[2026-04-17T11:47:25Z] INFO DL coupled publish: sweep 1/1 snr=12.000 ue=48/50 dlFrames=1/10 ulFrames=0/10 dlRows=50 ulRows=0.
[2026-04-17T11:47:25Z] INFO Coupled canonical slot prepared: sweep=1/1 slot=8/10 duplex=DL allow_dl=1 allow_ul=0.
[2026-04-17T11:47:27Z] INFO Coupled control gating complete: slot=8 frame=1 pbch_attempts=0 prach_attempts=0 srs_attempts=13 trs_attempts=0 acquired=50/50 access=50/50 valid_srs=13/50 valid_trs_cells=5/5 tracked_serving_users=50/50 eligible=50/50.
[2026-04-17T11:47:32Z] INFO DL coupled publish: sweep 1/1 snr=12.000 ue=0/50 dlFrames=1/10 ulFrames=0/10 dlRows=50 ulRows=0.
[2026-04-17T11:47:34Z] INFO Coupled DL schedule complete: sweep=1/1 slot=8/10 active=50 granted=50 grants=50.
[2026-04-17T11:47:41Z] INFO Coupled DL PDCCH qualification complete: sweep=1/1 slot=8/10 executable_grants=50.
[2026-04-17T11:47:41Z] INFO Preparing coupled DL batches: sweep=1/1 slot=8/10 candidate_grants=50 batch_size=1.
[2026-04-17T11:47:42Z] INFO Prepared coupled DL chunk: sweep=1/1 slot=8/10 executable_plans=1 chunk=1-1 of 50.
[2026-04-17T11:47:42Z] INFO Executing coupled DL chunk: sweep=1/1 slot=8/10 chunk=1-1 of 50.
[2026-04-17T11:47:53Z] INFO Publishing coupled DL chunk results: sweep=1/1 slot=8/10 committed_rows=1 current_primary_rows=51.
[2026-04-17T11:47:59Z] INFO DL coupled publish: sweep 1/1 snr=12.000 ue=26/50 dlFrames=1/10 ulFrames=0/10 dlRows=51 ulRows=0.
[2026-04-17T11:48:00Z] INFO Prepared coupled DL chunk: sweep=1/1 slot=8/10 executable_plans=1 chunk=2-2 of 50.
[2026-04-17T11:48:00Z] INFO Executing coupled DL chunk: sweep=1/1 slot=8/10 chunk=2-2 of 50.
[2026-04-17T11:48:14Z] INFO Publishing coupled DL chunk results: sweep=1/1 slot=8/10 committed_rows=1 current_primary_rows=52.
[2026-04-17T11:48:21Z] INFO DL coupled publish: sweep 1/1 snr=12.000 ue=14/50 dlFrames=1/10 ulFrames=0/10 dlRows=52 ulRows=0.
[2026-04-17T11:48:22Z] INFO Prepared coupled DL chunk: sweep=1/1 slot=8/10 executable_plans=1 chunk=3-3 of 50.
[2026-04-17T11:48:22Z] INFO Executing coupled DL chunk: sweep=1/1 slot=8/10 chunk=3-3 of 50.
[2026-04-17T11:48:32Z] INFO Publishing coupled DL chunk results: sweep=1/1 slot=8/10 committed_rows=1 current_primary_rows=53.
[2026-04-17T11:48:38Z] INFO DL coupled publish: sweep 1/1 snr=12.000 ue=3/50 dlFrames=1/10 ulFrames=0/10 dlRows=53 ulRows=0.
[2026-04-17T11:48:39Z] INFO Prepared coupled DL chunk: sweep=1/1 slot=8/10 executable_plans=1 chunk=4-4 of 50.
[2026-04-17T11:48:39Z] INFO Executing coupled DL chunk: sweep=1/1 slot=8/10 chunk=4-4 of 50.
[2026-04-17T11:48:50Z] INFO Publishing coupled DL chunk results: sweep=1/1 slot=8/10 committed_rows=1 current_primary_rows=54.
[2026-04-17T11:48:56Z] INFO DL coupled publish: sweep 1/1 snr=12.000 ue=5/50 dlFrames=1/10 ulFrames=0/10 dlRows=54 ulRows=0.
[2026-04-17T11:48:57Z] INFO Prepared coupled DL chunk: sweep=1/1 slot=8/10 executable_plans=1 chunk=5-5 of 50.
[2026-04-17T11:48:57Z] INFO Executing coupled DL chunk: sweep=1/1 slot=8/10 chunk=5-5 of 50.
[2026-04-17T11:49:07Z] INFO Publishing coupled DL chunk results: sweep=1/1 slot=8/10 committed_rows=1 current_primary_rows=55.
[2026-04-17T11:49:13Z] INFO DL coupled publish: sweep 1/1 snr=12.000 ue=7/50 dlFrames=1/10 ulFrames=0/10 dlRows=55 ulRows=0.
[2026-04-17T11:49:14Z] INFO Prepared coupled DL chunk: sweep=1/1 slot=8/10 executable_plans=1 chunk=6-6 of 50.
[2026-04-17T11:49:14Z] INFO Executing coupled DL chunk: sweep=1/1 slot=8/10 chunk=6-6 of 50.
[2026-04-17T11:49:25Z] INFO Publishing coupled DL chunk results: sweep=1/1 slot=8/10 committed_rows=1 current_primary_rows=56.
[2026-04-17T11:49:31Z] INFO DL coupled publish: sweep 1/1 snr=12.000 ue=9/50 dlFrames=1/10 ulFrames=0/10 dlRows=56 ulRows=0.
[2026-04-17T11:49:32Z] INFO Prepared coupled DL chunk: sweep=1/1 slot=8/10 executable_plans=1 chunk=7-7 of 50.
[2026-04-17T11:49:32Z] INFO Executing coupled DL chunk: sweep=1/1 slot=8/10 chunk=7-7 of 50.
[2026-04-17T11:49:43Z] INFO Publishing coupled DL chunk results: sweep=1/1 slot=8/10 committed_rows=1 current_primary_rows=57.
[2026-04-17T11:49:49Z] INFO DL coupled publish: sweep 1/1 snr=12.000 ue=19/50 dlFrames=1/10 ulFrames=0/10 dlRows=57 ulRows=0.
[2026-04-17T11:49:50Z] INFO Prepared coupled DL chunk: sweep=1/1 slot=8/10 executable_plans=1 chunk=8-8 of 50.
[2026-04-17T11:49:50Z] INFO Executing coupled DL chunk: sweep=1/1 slot=8/10 chunk=8-8 of 50.
[2026-04-17T11:49:59Z] INFO Publishing coupled DL chunk results: sweep=1/1 slot=8/10 committed_rows=1 current_primary_rows=58.
[2026-04-17T11:50:05Z] INFO DL coupled publish: sweep 1/1 snr=12.000 ue=27/50 dlFrames=1/10 ulFrames=0/10 dlRows=58 ulRows=0.
[2026-04-17T11:50:05Z] INFO Prepared coupled DL chunk: sweep=1/1 slot=8/10 executable_plans=1 chunk=9-9 of 50.
[2026-04-17T11:50:05Z] INFO Executing coupled DL chunk: sweep=1/1 slot=8/10 chunk=9-9 of 50.
[2026-04-17T11:50:15Z] INFO Publishing coupled DL chunk results: sweep=1/1 slot=8/10 committed_rows=1 current_primary_rows=59.
[2026-04-17T11:50:20Z] INFO DL coupled publish: sweep 1/1 snr=12.000 ue=43/50 dlFrames=1/10 ulFrames=0/10 dlRows=59 ulRows=0.
[2026-04-17T11:50:21Z] INFO Prepared coupled DL chunk: sweep=1/1 slot=8/10 executable_plans=1 chunk=10-10 of 50.
[2026-04-17T11:50:21Z] INFO Executing coupled DL chunk: sweep=1/1 slot=8/10 chunk=10-10 of 50.
[2026-04-17T11:50:28Z] INFO Publishing coupled DL chunk results: sweep=1/1 slot=8/10 committed_rows=1 current_primary_rows=60.
[2026-04-17T11:50:34Z] INFO DL coupled publish: sweep 1/1 snr=12.000 ue=47/50 dlFrames=1/10 ulFrames=0/10 dlRows=60 ulRows=0.
[2026-04-17T11:50:35Z] INFO Prepared coupled DL chunk: sweep=1/1 slot=8/10 executable_plans=1 chunk=11-11 of 50.
[2026-04-17T11:50:35Z] INFO Executing coupled DL chunk: sweep=1/1 slot=8/10 chunk=11-11 of 50.
[2026-04-17T11:50:44Z] INFO Publishing coupled DL chunk results: sweep=1/1 slot=8/10 committed_rows=1 current_primary_rows=61.
[2026-04-17T11:50:50Z] INFO DL coupled publish: sweep 1/1 snr=12.000 ue=10/50 dlFrames=1/10 ulFrames=0/10 dlRows=61 ulRows=0.
[2026-04-17T11:50:51Z] INFO Prepared coupled DL chunk: sweep=1/1 slot=8/10 executable_plans=1 chunk=12-12 of 50.
[2026-04-17T11:50:51Z] INFO Executing coupled DL chunk: sweep=1/1 slot=8/10 chunk=12-12 of 50.
[2026-04-17T11:51:02Z] INFO Publishing coupled DL chunk results: sweep=1/1 slot=8/10 committed_rows=1 current_primary_rows=62.
[2026-04-17T11:51:08Z] INFO DL coupled publish: sweep 1/1 snr=12.000 ue=50/50 dlFrames=1/10 ulFrames=0/10 dlRows=62 ulRows=0.
[2026-04-17T11:51:10Z] INFO Prepared coupled DL chunk: sweep=1/1 slot=8/10 executable_plans=1 chunk=13-13 of 50.
[2026-04-17T11:51:10Z] INFO Executing coupled DL chunk: sweep=1/1 slot=8/10 chunk=13-13 of 50.
[2026-04-17T11:51:22Z] INFO Publishing coupled DL chunk results: sweep=1/1 slot=8/10 committed_rows=1 current_primary_rows=63.
[2026-04-17T11:51:28Z] INFO DL coupled publish: sweep 1/1 snr=12.000 ue=6/50 dlFrames=1/10 ulFrames=0/10 dlRows=63 ulRows=0.
[2026-04-17T11:51:29Z] INFO Prepared coupled DL chunk: sweep=1/1 slot=8/10 executable_plans=1 chunk=14-14 of 50.
[2026-04-17T11:51:29Z] INFO Executing coupled DL chunk: sweep=1/1 slot=8/10 chunk=14-14 of 50.
[2026-04-17T11:51:42Z] INFO Publishing coupled DL chunk results: sweep=1/1 slot=8/10 committed_rows=1 current_primary_rows=64.
[2026-04-17T11:51:48Z] INFO DL coupled publish: sweep 1/1 snr=12.000 ue=4/50 dlFrames=1/10 ulFrames=0/10 dlRows=64 ulRows=0.
[2026-04-17T11:51:50Z] INFO Prepared coupled DL chunk: sweep=1/1 slot=8/10 executable_plans=1 chunk=15-15 of 50.
[2026-04-17T11:51:50Z] INFO Executing coupled DL chunk: sweep=1/1 slot=8/10 chunk=15-15 of 50.
[2026-04-17T11:52:02Z] INFO Publishing coupled DL chunk results: sweep=1/1 slot=8/10 committed_rows=1 current_primary_rows=65.
[2026-04-17T11:52:08Z] INFO DL coupled publish: sweep 1/1 snr=12.000 ue=29/50 dlFrames=1/10 ulFrames=0/10 dlRows=65 ulRows=0.
[2026-04-17T11:52:09Z] INFO Prepared coupled DL chunk: sweep=1/1 slot=8/10 executable_plans=1 chunk=16-16 of 50.
[2026-04-17T11:52:09Z] INFO Executing coupled DL chunk: sweep=1/1 slot=8/10 chunk=16-16 of 50.
[2026-04-17T11:52:19Z] INFO Publishing coupled DL chunk results: sweep=1/1 slot=8/10 committed_rows=1 current_primary_rows=66.
[2026-04-17T11:52:25Z] INFO DL coupled publish: sweep 1/1 snr=12.000 ue=35/50 dlFrames=1/10 ulFrames=0/10 dlRows=66 ulRows=0.
[2026-04-17T11:52:27Z] INFO Prepared coupled DL chunk: sweep=1/1 slot=8/10 executable_plans=1 chunk=17-17 of 50.
[2026-04-17T11:52:27Z] INFO Executing coupled DL chunk: sweep=1/1 slot=8/10 chunk=17-17 of 50.
[2026-04-17T11:52:37Z] INFO Publishing coupled DL chunk results: sweep=1/1 slot=8/10 committed_rows=1 current_primary_rows=67.
[2026-04-17T11:52:43Z] INFO DL coupled publish: sweep 1/1 snr=12.000 ue=41/50 dlFrames=1/10 ulFrames=0/10 dlRows=67 ulRows=0.
[2026-04-17T11:52:45Z] INFO Prepared coupled DL chunk: sweep=1/1 slot=8/10 executable_plans=1 chunk=18-18 of 50.
[2026-04-17T11:52:45Z] INFO Executing coupled DL chunk: sweep=1/1 slot=8/10 chunk=18-18 of 50.
[2026-04-17T11:52:54Z] INFO Publishing coupled DL chunk results: sweep=1/1 slot=8/10 committed_rows=1 current_primary_rows=68.
[2026-04-17T11:53:01Z] INFO DL coupled publish: sweep 1/1 snr=12.000 ue=45/50 dlFrames=1/10 ulFrames=0/10 dlRows=68 ulRows=0.
[2026-04-17T11:53:02Z] INFO Prepared coupled DL chunk: sweep=1/1 slot=8/10 executable_plans=1 chunk=19-19 of 50.
[2026-04-17T11:53:02Z] INFO Executing coupled DL chunk: sweep=1/1 slot=8/10 chunk=19-19 of 50.
[2026-04-17T11:53:09Z] INFO Publishing coupled DL chunk results: sweep=1/1 slot=8/10 committed_rows=1 current_primary_rows=69.
[2026-04-17T11:53:15Z] INFO DL coupled publish: sweep 1/1 snr=12.000 ue=2/50 dlFrames=1/10 ulFrames=0/10 dlRows=69 ulRows=0.
[2026-04-17T11:53:16Z] INFO Prepared coupled DL chunk: sweep=1/1 slot=8/10 executable_plans=1 chunk=20-20 of 50.
[2026-04-17T11:53:16Z] INFO Executing coupled DL chunk: sweep=1/1 slot=8/10 chunk=20-20 of 50.
[2026-04-17T11:53:26Z] INFO Publishing coupled DL chunk results: sweep=1/1 slot=8/10 committed_rows=1 current_primary_rows=70.
[2026-04-17T11:53:32Z] INFO DL coupled publish: sweep 1/1 snr=12.000 ue=18/50 dlFrames=1/10 ulFrames=0/10 dlRows=70 ulRows=0.
[2026-04-17T11:53:33Z] INFO Prepared coupled DL chunk: sweep=1/1 slot=8/10 executable_plans=1 chunk=21-21 of 50.
[2026-04-17T11:53:33Z] INFO Executing coupled DL chunk: sweep=1/1 slot=8/10 chunk=21-21 of 50.
[2026-04-17T11:53:42Z] INFO Publishing coupled DL chunk results: sweep=1/1 slot=8/10 committed_rows=1 current_primary_rows=71.
[2026-04-17T11:53:48Z] INFO DL coupled publish: sweep 1/1 snr=12.000 ue=34/50 dlFrames=1/10 ulFrames=0/10 dlRows=71 ulRows=0.
[2026-04-17T11:53:49Z] INFO Prepared coupled DL chunk: sweep=1/1 slot=8/10 executable_plans=1 chunk=22-22 of 50.
[2026-04-17T11:53:49Z] INFO Executing coupled DL chunk: sweep=1/1 slot=8/10 chunk=22-22 of 50.
[2026-04-17T11:53:59Z] INFO Publishing coupled DL chunk results: sweep=1/1 slot=8/10 committed_rows=1 current_primary_rows=72.
[2026-04-17T11:54:06Z] INFO DL coupled publish: sweep 1/1 snr=12.000 ue=12/50 dlFrames=1/10 ulFrames=0/10 dlRows=72 ulRows=0.
[2026-04-17T11:54:07Z] INFO Prepared coupled DL chunk: sweep=1/1 slot=8/10 executable_plans=1 chunk=23-23 of 50.
[2026-04-17T11:54:07Z] INFO Executing coupled DL chunk: sweep=1/1 slot=8/10 chunk=23-23 of 50.
[2026-04-17T11:54:15Z] INFO Publishing coupled DL chunk results: sweep=1/1 slot=8/10 committed_rows=1 current_primary_rows=73.
[2026-04-17T11:54:21Z] INFO DL coupled publish: sweep 1/1 snr=12.000 ue=13/50 dlFrames=1/10 ulFrames=0/10 dlRows=73 ulRows=0.
[2026-04-17T11:54:22Z] INFO Prepared coupled DL chunk: sweep=1/1 slot=8/10 executable_plans=1 chunk=24-24 of 50.
[2026-04-17T11:54:22Z] INFO Executing coupled DL chunk: sweep=1/1 slot=8/10 chunk=24-24 of 50.
[2026-04-17T11:54:32Z] INFO Publishing coupled DL chunk results: sweep=1/1 slot=8/10 committed_rows=1 current_primary_rows=74.
[2026-04-17T11:54:38Z] INFO DL coupled publish: sweep 1/1 snr=12.000 ue=15/50 dlFrames=1/10 ulFrames=0/10 dlRows=74 ulRows=0.
[2026-04-17T11:54:39Z] INFO Prepared coupled DL chunk: sweep=1/1 slot=8/10 executable_plans=1 chunk=25-25 of 50.
[2026-04-17T11:54:39Z] INFO Executing coupled DL chunk: sweep=1/1 slot=8/10 chunk=25-25 of 50.
[2026-04-17T11:54:49Z] INFO Publishing coupled DL chunk results: sweep=1/1 slot=8/10 committed_rows=1 current_primary_rows=75.
[2026-04-17T11:54:55Z] INFO DL coupled publish: sweep 1/1 snr=12.000 ue=16/50 dlFrames=1/10 ulFrames=0/10 dlRows=75 ulRows=0.
[2026-04-17T11:54:56Z] INFO Prepared coupled DL chunk: sweep=1/1 slot=8/10 executable_plans=1 chunk=26-26 of 50.
[2026-04-17T11:54:56Z] INFO Executing coupled DL chunk: sweep=1/1 slot=8/10 chunk=26-26 of 50.
[2026-04-17T11:55:05Z] INFO Publishing coupled DL chunk results: sweep=1/1 slot=8/10 committed_rows=1 current_primary_rows=76.
[2026-04-17T11:55:12Z] INFO DL coupled publish: sweep 1/1 snr=12.000 ue=23/50 dlFrames=1/10 ulFrames=0/10 dlRows=76 ulRows=0.
[2026-04-17T11:55:13Z] INFO Prepared coupled DL chunk: sweep=1/1 slot=8/10 executable_plans=1 chunk=27-27 of 50.
[2026-04-17T11:55:13Z] INFO Executing coupled DL chunk: sweep=1/1 slot=8/10 chunk=27-27 of 50.
[2026-04-17T11:55:22Z] INFO Publishing coupled DL chunk results: sweep=1/1 slot=8/10 committed_rows=1 current_primary_rows=77.
[2026-04-17T11:55:28Z] INFO DL coupled publish: sweep 1/1 snr=12.000 ue=24/50 dlFrames=1/10 ulFrames=0/10 dlRows=77 ulRows=0.
[2026-04-17T11:55:29Z] INFO Prepared coupled DL chunk: sweep=1/1 slot=8/10 executable_plans=1 chunk=28-28 of 50.
[2026-04-17T11:55:29Z] INFO Executing coupled DL chunk: sweep=1/1 slot=8/10 chunk=28-28 of 50.
[2026-04-17T11:55:37Z] INFO Publishing coupled DL chunk results: sweep=1/1 slot=8/10 committed_rows=1 current_primary_rows=78.
[2026-04-17T11:55:43Z] INFO DL coupled publish: sweep 1/1 snr=12.000 ue=33/50 dlFrames=1/10 ulFrames=0/10 dlRows=78 ulRows=0.
[2026-04-17T11:55:44Z] INFO Prepared coupled DL chunk: sweep=1/1 slot=8/10 executable_plans=1 chunk=29-29 of 50.
[2026-04-17T11:55:44Z] INFO Executing coupled DL chunk: sweep=1/1 slot=8/10 chunk=29-29 of 50.
[2026-04-17T11:55:53Z] INFO Publishing coupled DL chunk results: sweep=1/1 slot=8/10 committed_rows=1 current_primary_rows=79.
[2026-04-17T11:56:00Z] INFO DL coupled publish: sweep 1/1 snr=12.000 ue=22/50 dlFrames=1/10 ulFrames=0/10 dlRows=79 ulRows=0.
[2026-04-17T11:56:01Z] INFO Prepared coupled DL chunk: sweep=1/1 slot=8/10 executable_plans=1 chunk=30-30 of 50.
[2026-04-17T11:56:01Z] INFO Executing coupled DL chunk: sweep=1/1 slot=8/10 chunk=30-30 of 50.
[2026-04-17T11:56:11Z] INFO Publishing coupled DL chunk results: sweep=1/1 slot=8/10 committed_rows=1 current_primary_rows=80.
[2026-04-17T11:56:17Z] INFO DL coupled publish: sweep 1/1 snr=12.000 ue=38/50 dlFrames=1/10 ulFrames=0/10 dlRows=80 ulRows=0.
[2026-04-17T11:56:18Z] INFO Prepared coupled DL chunk: sweep=1/1 slot=8/10 executable_plans=1 chunk=31-31 of 50.
[2026-04-17T11:56:18Z] INFO Executing coupled DL chunk: sweep=1/1 slot=8/10 chunk=31-31 of 50.
[2026-04-17T11:56:29Z] INFO Publishing coupled DL chunk results: sweep=1/1 slot=8/10 committed_rows=1 current_primary_rows=81.
[2026-04-17T11:56:36Z] INFO DL coupled publish: sweep 1/1 snr=12.000 ue=42/50 dlFrames=1/10 ulFrames=0/10 dlRows=81 ulRows=0.
[2026-04-17T11:56:37Z] INFO Prepared coupled DL chunk: sweep=1/1 slot=8/10 executable_plans=1 chunk=32-32 of 50.
[2026-04-17T11:56:37Z] INFO Executing coupled DL chunk: sweep=1/1 slot=8/10 chunk=32-32 of 50.
[2026-04-17T11:56:47Z] INFO Publishing coupled DL chunk results: sweep=1/1 slot=8/10 committed_rows=1 current_primary_rows=82.
[2026-04-17T11:56:54Z] INFO DL coupled publish: sweep 1/1 snr=12.000 ue=20/50 dlFrames=1/10 ulFrames=0/10 dlRows=82 ulRows=0.
[2026-04-17T11:56:55Z] INFO Prepared coupled DL chunk: sweep=1/1 slot=8/10 executable_plans=1 chunk=33-33 of 50.
[2026-04-17T11:56:55Z] INFO Executing coupled DL chunk: sweep=1/1 slot=8/10 chunk=33-33 of 50.
[2026-04-17T11:57:06Z] INFO Publishing coupled DL chunk results: sweep=1/1 slot=8/10 committed_rows=1 current_primary_rows=83.
[2026-04-17T11:57:12Z] INFO DL coupled publish: sweep 1/1 snr=12.000 ue=32/50 dlFrames=1/10 ulFrames=0/10 dlRows=83 ulRows=0.
[2026-04-17T11:57:14Z] INFO Prepared coupled DL chunk: sweep=1/1 slot=8/10 executable_plans=1 chunk=34-34 of 50.
[2026-04-17T11:57:14Z] INFO Executing coupled DL chunk: sweep=1/1 slot=8/10 chunk=34-34 of 50.
[2026-04-17T11:57:24Z] INFO Publishing coupled DL chunk results: sweep=1/1 slot=8/10 committed_rows=1 current_primary_rows=84.
[2026-04-17T11:57:30Z] INFO DL coupled publish: sweep 1/1 snr=12.000 ue=37/50 dlFrames=1/10 ulFrames=0/10 dlRows=84 ulRows=0.
[2026-04-17T11:57:31Z] INFO Prepared coupled DL chunk: sweep=1/1 slot=8/10 executable_plans=1 chunk=35-35 of 50.
[2026-04-17T11:57:31Z] INFO Executing coupled DL chunk: sweep=1/1 slot=8/10 chunk=35-35 of 50.
[2026-04-17T11:57:42Z] INFO Publishing coupled DL chunk results: sweep=1/1 slot=8/10 committed_rows=1 current_primary_rows=85.
[2026-04-17T11:57:48Z] INFO DL coupled publish: sweep 1/1 snr=12.000 ue=40/50 dlFrames=1/10 ulFrames=0/10 dlRows=85 ulRows=0.
[2026-04-17T11:57:49Z] INFO Prepared coupled DL chunk: sweep=1/1 slot=8/10 executable_plans=1 chunk=36-36 of 50.
[2026-04-17T11:57:49Z] INFO Executing coupled DL chunk: sweep=1/1 slot=8/10 chunk=36-36 of 50.
[2026-04-17T11:57:59Z] INFO Publishing coupled DL chunk results: sweep=1/1 slot=8/10 committed_rows=1 current_primary_rows=86.
[2026-04-17T11:58:06Z] INFO DL coupled publish: sweep 1/1 snr=12.000 ue=44/50 dlFrames=1/10 ulFrames=0/10 dlRows=86 ulRows=0.
[2026-04-17T11:58:07Z] INFO Prepared coupled DL chunk: sweep=1/1 slot=8/10 executable_plans=1 chunk=37-37 of 50.
[2026-04-17T11:58:07Z] INFO Executing coupled DL chunk: sweep=1/1 slot=8/10 chunk=37-37 of 50.
[2026-04-17T11:58:16Z] INFO Publishing coupled DL chunk results: sweep=1/1 slot=8/10 committed_rows=1 current_primary_rows=87.
[2026-04-17T11:58:23Z] INFO DL coupled publish: sweep 1/1 snr=12.000 ue=49/50 dlFrames=1/10 ulFrames=0/10 dlRows=87 ulRows=0.
[2026-04-17T11:58:24Z] INFO Prepared coupled DL chunk: sweep=1/1 slot=8/10 executable_plans=1 chunk=38-38 of 50.
[2026-04-17T11:58:24Z] INFO Executing coupled DL chunk: sweep=1/1 slot=8/10 chunk=38-38 of 50.
[2026-04-17T11:58:34Z] INFO Publishing coupled DL chunk results: sweep=1/1 slot=8/10 committed_rows=1 current_primary_rows=88.
[2026-04-17T11:58:41Z] INFO DL coupled publish: sweep 1/1 snr=12.000 ue=30/50 dlFrames=1/10 ulFrames=0/10 dlRows=88 ulRows=0.
[2026-04-17T11:58:42Z] INFO Prepared coupled DL chunk: sweep=1/1 slot=8/10 executable_plans=1 chunk=39-39 of 50.
[2026-04-17T11:58:42Z] INFO Executing coupled DL chunk: sweep=1/1 slot=8/10 chunk=39-39 of 50.
[2026-04-17T11:58:52Z] INFO Publishing coupled DL chunk results: sweep=1/1 slot=8/10 committed_rows=1 current_primary_rows=89.
[2026-04-17T11:58:59Z] INFO DL coupled publish: sweep 1/1 snr=12.000 ue=46/50 dlFrames=1/10 ulFrames=0/10 dlRows=89 ulRows=0.
[2026-04-17T11:58:59Z] INFO Prepared coupled DL chunk: sweep=1/1 slot=8/10 executable_plans=1 chunk=40-40 of 50.
[2026-04-17T11:58:59Z] INFO Executing coupled DL chunk: sweep=1/1 slot=8/10 chunk=40-40 of 50.
[2026-04-17T11:59:09Z] INFO Publishing coupled DL chunk results: sweep=1/1 slot=8/10 committed_rows=1 current_primary_rows=90.
[2026-04-17T11:59:16Z] INFO DL coupled publish: sweep 1/1 snr=12.000 ue=1/50 dlFrames=1/10 ulFrames=0/10 dlRows=90 ulRows=0.
[2026-04-17T11:59:16Z] INFO Prepared coupled DL chunk: sweep=1/1 slot=8/10 executable_plans=1 chunk=41-41 of 50.
[2026-04-17T11:59:16Z] INFO Executing coupled DL chunk: sweep=1/1 slot=8/10 chunk=41-41 of 50.
[2026-04-17T11:59:26Z] INFO Publishing coupled DL chunk results: sweep=1/1 slot=8/10 committed_rows=1 current_primary_rows=91.
[2026-04-17T11:59:33Z] INFO DL coupled publish: sweep 1/1 snr=12.000 ue=8/50 dlFrames=1/10 ulFrames=0/10 dlRows=91 ulRows=0.
[2026-04-17T11:59:33Z] INFO Prepared coupled DL chunk: sweep=1/1 slot=8/10 executable_plans=1 chunk=42-42 of 50.
[2026-04-17T11:59:33Z] INFO Executing coupled DL chunk: sweep=1/1 slot=8/10 chunk=42-42 of 50.
[2026-04-17T11:59:42Z] INFO Publishing coupled DL chunk results: sweep=1/1 slot=8/10 committed_rows=1 current_primary_rows=92.
[2026-04-17T11:59:49Z] INFO DL coupled publish: sweep 1/1 snr=12.000 ue=11/50 dlFrames=1/10 ulFrames=0/10 dlRows=92 ulRows=0.
[2026-04-17T11:59:50Z] INFO Prepared coupled DL chunk: sweep=1/1 slot=8/10 executable_plans=1 chunk=43-43 of 50.
[2026-04-17T11:59:50Z] INFO Executing coupled DL chunk: sweep=1/1 slot=8/10 chunk=43-43 of 50.
[2026-04-17T11:59:59Z] INFO Publishing coupled DL chunk results: sweep=1/1 slot=8/10 committed_rows=1 current_primary_rows=93.
[2026-04-17T12:00:06Z] INFO DL coupled publish: sweep 1/1 snr=12.000 ue=17/50 dlFrames=1/10 ulFrames=0/10 dlRows=93 ulRows=0.
[2026-04-17T12:00:07Z] INFO Prepared coupled DL chunk: sweep=1/1 slot=8/10 executable_plans=1 chunk=44-44 of 50.
[2026-04-17T12:00:07Z] INFO Executing coupled DL chunk: sweep=1/1 slot=8/10 chunk=44-44 of 50.
[2026-04-17T12:00:17Z] INFO Publishing coupled DL chunk results: sweep=1/1 slot=8/10 committed_rows=1 current_primary_rows=94.
[2026-04-17T12:00:23Z] INFO DL coupled publish: sweep 1/1 snr=12.000 ue=21/50 dlFrames=1/10 ulFrames=0/10 dlRows=94 ulRows=0.
[2026-04-17T12:00:24Z] INFO Prepared coupled DL chunk: sweep=1/1 slot=8/10 executable_plans=1 chunk=45-45 of 50.
[2026-04-17T12:00:24Z] INFO Executing coupled DL chunk: sweep=1/1 slot=8/10 chunk=45-45 of 50.
[2026-04-17T12:00:34Z] INFO Publishing coupled DL chunk results: sweep=1/1 slot=8/10 committed_rows=1 current_primary_rows=95.
[2026-04-17T12:00:41Z] INFO DL coupled publish: sweep 1/1 snr=12.000 ue=25/50 dlFrames=1/10 ulFrames=0/10 dlRows=95 ulRows=0.
[2026-04-17T12:00:41Z] INFO Prepared coupled DL chunk: sweep=1/1 slot=8/10 executable_plans=1 chunk=46-46 of 50.
[2026-04-17T12:00:41Z] INFO Executing coupled DL chunk: sweep=1/1 slot=8/10 chunk=46-46 of 50.
[2026-04-17T12:00:51Z] INFO Publishing coupled DL chunk results: sweep=1/1 slot=8/10 committed_rows=1 current_primary_rows=96.
[2026-04-17T12:00:57Z] INFO DL coupled publish: sweep 1/1 snr=12.000 ue=28/50 dlFrames=1/10 ulFrames=0/10 dlRows=96 ulRows=0.
[2026-04-17T12:00:58Z] INFO Prepared coupled DL chunk: sweep=1/1 slot=8/10 executable_plans=1 chunk=47-47 of 50.
[2026-04-17T12:00:58Z] INFO Executing coupled DL chunk: sweep=1/1 slot=8/10 chunk=47-47 of 50.
[2026-04-17T12:01:06Z] INFO Publishing coupled DL chunk results: sweep=1/1 slot=8/10 committed_rows=1 current_primary_rows=97.
[2026-04-17T12:01:13Z] INFO DL coupled publish: sweep 1/1 snr=12.000 ue=31/50 dlFrames=1/10 ulFrames=0/10 dlRows=97 ulRows=0.
[2026-04-17T12:01:14Z] INFO Prepared coupled DL chunk: sweep=1/1 slot=8/10 executable_plans=1 chunk=48-48 of 50.
[2026-04-17T12:01:14Z] INFO Executing coupled DL chunk: sweep=1/1 slot=8/10 chunk=48-48 of 50.
[2026-04-17T12:01:22Z] INFO Publishing coupled DL chunk results: sweep=1/1 slot=8/10 committed_rows=1 current_primary_rows=98.
[2026-04-17T12:01:29Z] INFO DL coupled publish: sweep 1/1 snr=12.000 ue=36/50 dlFrames=1/10 ulFrames=0/10 dlRows=98 ulRows=0.
[2026-04-17T12:01:30Z] INFO Prepared coupled DL chunk: sweep=1/1 slot=8/10 executable_plans=1 chunk=49-49 of 50.
[2026-04-17T12:01:30Z] INFO Executing coupled DL chunk: sweep=1/1 slot=8/10 chunk=49-49 of 50.
[2026-04-17T12:01:41Z] INFO Publishing coupled DL chunk results: sweep=1/1 slot=8/10 committed_rows=1 current_primary_rows=99.
[2026-04-17T12:01:48Z] INFO DL coupled publish: sweep 1/1 snr=12.000 ue=39/50 dlFrames=1/10 ulFrames=0/10 dlRows=99 ulRows=0.
[2026-04-17T12:01:49Z] INFO Prepared coupled DL chunk: sweep=1/1 slot=8/10 executable_plans=1 chunk=50-50 of 50.
[2026-04-17T12:01:49Z] INFO Executing coupled DL chunk: sweep=1/1 slot=8/10 chunk=50-50 of 50.
[2026-04-17T12:01:55Z] INFO Publishing coupled DL chunk results: sweep=1/1 slot=8/10 committed_rows=1 current_primary_rows=100.
[2026-04-17T12:02:02Z] INFO DL coupled publish: sweep 1/1 snr=12.000 ue=48/50 dlFrames=1/10 ulFrames=0/10 dlRows=100 ulRows=0.
[2026-04-17T12:02:02Z] INFO Coupled canonical slot prepared: sweep=1/1 slot=9/10 duplex=S allow_dl=1 allow_ul=1.
[2026-04-17T12:02:05Z] INFO Coupled control gating complete: slot=9 frame=1 pbch_attempts=0 prach_attempts=0 srs_attempts=12 trs_attempts=5 acquired=50/50 access=50/50 valid_srs=25/50 valid_trs_cells=5/5 tracked_serving_users=50/50 eligible=50/50.
[2026-04-17T12:02:12Z] INFO DL coupled publish: sweep 1/1 snr=12.000 ue=0/50 dlFrames=1/10 ulFrames=0/10 dlRows=100 ulRows=0.
[2026-04-17T12:02:13Z] INFO Coupled DL schedule complete: sweep=1/1 slot=9/10 active=50 granted=50 grants=50.
[2026-04-17T12:02:21Z] INFO Coupled DL PDCCH qualification complete: sweep=1/1 slot=9/10 executable_grants=50.
[2026-04-17T12:02:21Z] INFO Preparing coupled DL batches: sweep=1/1 slot=9/10 candidate_grants=50 batch_size=1.
[2026-04-17T12:02:22Z] INFO Prepared coupled DL chunk: sweep=1/1 slot=9/10 executable_plans=1 chunk=1-1 of 50.
[2026-04-17T12:02:22Z] INFO Executing coupled DL chunk: sweep=1/1 slot=9/10 chunk=1-1 of 50.
[2026-04-17T12:02:29Z] INFO Publishing coupled DL chunk results: sweep=1/1 slot=9/10 committed_rows=1 current_primary_rows=101.
[2026-04-17T12:02:36Z] INFO DL coupled publish: sweep 1/1 snr=12.000 ue=3/50 dlFrames=1/10 ulFrames=0/10 dlRows=101 ulRows=0.
[2026-04-17T12:02:37Z] INFO Prepared coupled DL chunk: sweep=1/1 slot=9/10 executable_plans=1 chunk=2-2 of 50.
[2026-04-17T12:02:37Z] INFO Executing coupled DL chunk: sweep=1/1 slot=9/10 chunk=2-2 of 50.
[2026-04-17T12:02:43Z] INFO Publishing coupled DL chunk results: sweep=1/1 slot=9/10 committed_rows=1 current_primary_rows=102.
[2026-04-17T12:02:51Z] INFO DL coupled publish: sweep 1/1 snr=12.000 ue=26/50 dlFrames=1/10 ulFrames=0/10 dlRows=102 ulRows=0.
[2026-04-17T12:02:51Z] INFO Prepared coupled DL chunk: sweep=1/1 slot=9/10 executable_plans=1 chunk=3-3 of 50.
[2026-04-17T12:02:51Z] INFO Executing coupled DL chunk: sweep=1/1 slot=9/10 chunk=3-3 of 50.
[2026-04-17T12:02:58Z] INFO Publishing coupled DL chunk results: sweep=1/1 slot=9/10 committed_rows=1 current_primary_rows=103.
[2026-04-17T12:03:05Z] INFO DL coupled publish: sweep 1/1 snr=12.000 ue=43/50 dlFrames=1/10 ulFrames=0/10 dlRows=103 ulRows=0.
[2026-04-17T12:03:05Z] INFO Prepared coupled DL chunk: sweep=1/1 slot=9/10 executable_plans=1 chunk=4-4 of 50.
[2026-04-17T12:03:05Z] INFO Executing coupled DL chunk: sweep=1/1 slot=9/10 chunk=4-4 of 50.
[2026-04-17T12:03:12Z] INFO Publishing coupled DL chunk results: sweep=1/1 slot=9/10 committed_rows=1 current_primary_rows=104.
[2026-04-17T12:03:19Z] INFO DL coupled publish: sweep 1/1 snr=12.000 ue=47/50 dlFrames=1/10 ulFrames=0/10 dlRows=104 ulRows=0.
[2026-04-17T12:03:20Z] INFO Prepared coupled DL chunk: sweep=1/1 slot=9/10 executable_plans=1 chunk=5-5 of 50.
[2026-04-17T12:03:20Z] INFO Executing coupled DL chunk: sweep=1/1 slot=9/10 chunk=5-5 of 50.
[2026-04-17T12:03:28Z] INFO Publishing coupled DL chunk results: sweep=1/1 slot=9/10 committed_rows=1 current_primary_rows=105.
[2026-04-17T12:03:35Z] INFO DL coupled publish: sweep 1/1 snr=12.000 ue=19/50 dlFrames=1/10 ulFrames=0/10 dlRows=105 ulRows=0.
[2026-04-17T12:03:36Z] INFO Prepared coupled DL chunk: sweep=1/1 slot=9/10 executable_plans=1 chunk=6-6 of 50.
[2026-04-17T12:03:36Z] INFO Executing coupled DL chunk: sweep=1/1 slot=9/10 chunk=6-6 of 50.
[2026-04-17T12:03:45Z] INFO Publishing coupled DL chunk results: sweep=1/1 slot=9/10 committed_rows=1 current_primary_rows=106.
[2026-04-17T12:03:52Z] INFO DL coupled publish: sweep 1/1 snr=12.000 ue=14/50 dlFrames=1/10 ulFrames=0/10 dlRows=106 ulRows=0.
[2026-04-17T12:03:52Z] INFO Prepared coupled DL chunk: sweep=1/1 slot=9/10 executable_plans=1 chunk=7-7 of 50.
[2026-04-17T12:03:52Z] INFO Executing coupled DL chunk: sweep=1/1 slot=9/10 chunk=7-7 of 50.
[2026-04-17T12:03:59Z] INFO Publishing coupled DL chunk results: sweep=1/1 slot=9/10 committed_rows=1 current_primary_rows=107.
[2026-04-17T12:04:06Z] INFO DL coupled publish: sweep 1/1 snr=12.000 ue=5/50 dlFrames=1/10 ulFrames=0/10 dlRows=107 ulRows=0.
[2026-04-17T12:04:07Z] INFO Prepared coupled DL chunk: sweep=1/1 slot=9/10 executable_plans=1 chunk=8-8 of 50.
[2026-04-17T12:04:07Z] INFO Executing coupled DL chunk: sweep=1/1 slot=9/10 chunk=8-8 of 50.
[2026-04-17T12:04:14Z] INFO Publishing coupled DL chunk results: sweep=1/1 slot=9/10 committed_rows=1 current_primary_rows=108.
[2026-04-17T12:04:21Z] INFO DL coupled publish: sweep 1/1 snr=12.000 ue=9/50 dlFrames=1/10 ulFrames=0/10 dlRows=108 ulRows=0.
[2026-04-17T12:04:22Z] INFO Prepared coupled DL chunk: sweep=1/1 slot=9/10 executable_plans=1 chunk=9-9 of 50.
[2026-04-17T12:04:22Z] INFO Executing coupled DL chunk: sweep=1/1 slot=9/10 chunk=9-9 of 50.
[2026-04-17T12:04:27Z] INFO Publishing coupled DL chunk results: sweep=1/1 slot=9/10 committed_rows=1 current_primary_rows=109.
[2026-04-17T12:04:34Z] INFO DL coupled publish: sweep 1/1 snr=12.000 ue=40/50 dlFrames=1/10 ulFrames=0/10 dlRows=109 ulRows=0.
[2026-04-17T12:04:34Z] INFO Prepared coupled DL chunk: sweep=1/1 slot=9/10 executable_plans=1 chunk=10-10 of 50.
[2026-04-17T12:04:34Z] INFO Executing coupled DL chunk: sweep=1/1 slot=9/10 chunk=10-10 of 50.
[2026-04-17T12:04:45Z] INFO Publishing coupled DL chunk results: sweep=1/1 slot=9/10 committed_rows=1 current_primary_rows=110.
[2026-04-17T12:04:52Z] INFO DL coupled publish: sweep 1/1 snr=12.000 ue=10/50 dlFrames=1/10 ulFrames=0/10 dlRows=110 ulRows=0.
[2026-04-17T12:04:52Z] INFO Prepared coupled DL chunk: sweep=1/1 slot=9/10 executable_plans=1 chunk=11-11 of 50.
[2026-04-17T12:04:52Z] INFO Executing coupled DL chunk: sweep=1/1 slot=9/10 chunk=11-11 of 50.
[2026-04-17T12:04:59Z] INFO Publishing coupled DL chunk results: sweep=1/1 slot=9/10 committed_rows=1 current_primary_rows=111.
[2026-04-17T12:05:06Z] INFO DL coupled publish: sweep 1/1 snr=12.000 ue=35/50 dlFrames=1/10 ulFrames=0/10 dlRows=111 ulRows=0.
[2026-04-17T12:05:07Z] INFO Prepared coupled DL chunk: sweep=1/1 slot=9/10 executable_plans=1 chunk=12-12 of 50.
[2026-04-17T12:05:07Z] INFO Executing coupled DL chunk: sweep=1/1 slot=9/10 chunk=12-12 of 50.
[2026-04-17T12:05:16Z] INFO Publishing coupled DL chunk results: sweep=1/1 slot=9/10 committed_rows=1 current_primary_rows=112.
[2026-04-17T12:05:23Z] INFO DL coupled publish: sweep 1/1 snr=12.000 ue=50/50 dlFrames=1/10 ulFrames=0/10 dlRows=112 ulRows=0.
[2026-04-17T12:05:24Z] INFO Prepared coupled DL chunk: sweep=1/1 slot=9/10 executable_plans=1 chunk=13-13 of 50.
[2026-04-17T12:05:24Z] INFO Executing coupled DL chunk: sweep=1/1 slot=9/10 chunk=13-13 of 50.
[2026-04-17T12:05:32Z] INFO Publishing coupled DL chunk results: sweep=1/1 slot=9/10 committed_rows=1 current_primary_rows=113.
[2026-04-17T12:05:39Z] INFO DL coupled publish: sweep 1/1 snr=12.000 ue=4/50 dlFrames=1/10 ulFrames=0/10 dlRows=113 ulRows=0.
[2026-04-17T12:05:40Z] INFO Prepared coupled DL chunk: sweep=1/1 slot=9/10 executable_plans=1 chunk=14-14 of 50.
[2026-04-17T12:05:40Z] INFO Executing coupled DL chunk: sweep=1/1 slot=9/10 chunk=14-14 of 50.
[2026-04-17T12:05:47Z] INFO Publishing coupled DL chunk results: sweep=1/1 slot=9/10 committed_rows=1 current_primary_rows=114.
[2026-04-17T12:05:54Z] INFO DL coupled publish: sweep 1/1 snr=12.000 ue=6/50 dlFrames=1/10 ulFrames=0/10 dlRows=114 ulRows=0.
[2026-04-17T12:05:55Z] INFO Prepared coupled DL chunk: sweep=1/1 slot=9/10 executable_plans=1 chunk=15-15 of 50.
[2026-04-17T12:05:55Z] INFO Executing coupled DL chunk: sweep=1/1 slot=9/10 chunk=15-15 of 50.
[2026-04-17T12:06:02Z] INFO Publishing coupled DL chunk results: sweep=1/1 slot=9/10 committed_rows=1 current_primary_rows=115.
[2026-04-17T12:06:09Z] INFO DL coupled publish: sweep 1/1 snr=12.000 ue=29/50 dlFrames=1/10 ulFrames=0/10 dlRows=115 ulRows=0.
[2026-04-17T12:06:09Z] INFO Prepared coupled DL chunk: sweep=1/1 slot=9/10 executable_plans=1 chunk=16-16 of 50.
[2026-04-17T12:06:09Z] INFO Executing coupled DL chunk: sweep=1/1 slot=9/10 chunk=16-16 of 50.
[2026-04-17T12:06:16Z] INFO Publishing coupled DL chunk results: sweep=1/1 slot=9/10 committed_rows=1 current_primary_rows=116.
[2026-04-17T12:06:23Z] INFO DL coupled publish: sweep 1/1 snr=12.000 ue=41/50 dlFrames=1/10 ulFrames=0/10 dlRows=116 ulRows=0.
[2026-04-17T12:06:23Z] INFO Prepared coupled DL chunk: sweep=1/1 slot=9/10 executable_plans=1 chunk=17-17 of 50.
[2026-04-17T12:06:23Z] INFO Executing coupled DL chunk: sweep=1/1 slot=9/10 chunk=17-17 of 50.
[2026-04-17T12:06:29Z] INFO Publishing coupled DL chunk results: sweep=1/1 slot=9/10 committed_rows=1 current_primary_rows=117.
[2026-04-17T12:06:35Z] INFO DL coupled publish: sweep 1/1 snr=12.000 ue=45/50 dlFrames=1/10 ulFrames=0/10 dlRows=117 ulRows=0.
[2026-04-17T12:06:36Z] INFO Prepared coupled DL chunk: sweep=1/1 slot=9/10 executable_plans=1 chunk=18-18 of 50.
[2026-04-17T12:06:36Z] INFO Executing coupled DL chunk: sweep=1/1 slot=9/10 chunk=18-18 of 50.
[2026-04-17T12:06:41Z] INFO Publishing coupled DL chunk results: sweep=1/1 slot=9/10 committed_rows=1 current_primary_rows=118.
[2026-04-17T12:06:48Z] INFO DL coupled publish: sweep 1/1 snr=12.000 ue=2/50 dlFrames=1/10 ulFrames=0/10 dlRows=118 ulRows=0.
[2026-04-17T12:06:48Z] INFO Prepared coupled DL chunk: sweep=1/1 slot=9/10 executable_plans=1 chunk=19-19 of 50.
[2026-04-17T12:06:48Z] INFO Executing coupled DL chunk: sweep=1/1 slot=9/10 chunk=19-19 of 50.
[2026-04-17T12:06:54Z] INFO Publishing coupled DL chunk results: sweep=1/1 slot=9/10 committed_rows=1 current_primary_rows=119.
[2026-04-17T12:07:01Z] INFO DL coupled publish: sweep 1/1 snr=12.000 ue=15/50 dlFrames=1/10 ulFrames=0/10 dlRows=119 ulRows=0.
[2026-04-17T12:07:01Z] INFO Prepared coupled DL chunk: sweep=1/1 slot=9/10 executable_plans=1 chunk=20-20 of 50.
[2026-04-17T12:07:01Z] INFO Executing coupled DL chunk: sweep=1/1 slot=9/10 chunk=20-20 of 50.
[2026-04-17T12:07:07Z] INFO Publishing coupled DL chunk results: sweep=1/1 slot=9/10 committed_rows=1 current_primary_rows=120.
[2026-04-17T12:07:14Z] INFO DL coupled publish: sweep 1/1 snr=12.000 ue=23/50 dlFrames=1/10 ulFrames=0/10 dlRows=120 ulRows=0.
[2026-04-17T12:07:14Z] INFO Prepared coupled DL chunk: sweep=1/1 slot=9/10 executable_plans=1 chunk=21-21 of 50.
[2026-04-17T12:07:14Z] INFO Executing coupled DL chunk: sweep=1/1 slot=9/10 chunk=21-21 of 50.
[2026-04-17T12:07:21Z] INFO Publishing coupled DL chunk results: sweep=1/1 slot=9/10 committed_rows=1 current_primary_rows=121.
[2026-04-17T12:07:28Z] INFO DL coupled publish: sweep 1/1 snr=12.000 ue=18/50 dlFrames=1/10 ulFrames=0/10 dlRows=121 ulRows=0.
[2026-04-17T12:07:28Z] INFO Prepared coupled DL chunk: sweep=1/1 slot=9/10 executable_plans=1 chunk=22-22 of 50.
[2026-04-17T12:07:28Z] INFO Executing coupled DL chunk: sweep=1/1 slot=9/10 chunk=22-22 of 50.
[2026-04-17T12:07:34Z] INFO Publishing coupled DL chunk results: sweep=1/1 slot=9/10 committed_rows=1 current_primary_rows=122.
[2026-04-17T12:07:41Z] INFO DL coupled publish: sweep 1/1 snr=12.000 ue=12/50 dlFrames=1/10 ulFrames=0/10 dlRows=122 ulRows=0.
[2026-04-17T12:07:41Z] INFO Prepared coupled DL chunk: sweep=1/1 slot=9/10 executable_plans=1 chunk=23-23 of 50.
[2026-04-17T12:07:41Z] INFO Executing coupled DL chunk: sweep=1/1 slot=9/10 chunk=23-23 of 50.
[2026-04-17T12:07:47Z] INFO Publishing coupled DL chunk results: sweep=1/1 slot=9/10 committed_rows=1 current_primary_rows=123.
[2026-04-17T12:07:54Z] INFO DL coupled publish: sweep 1/1 snr=12.000 ue=13/50 dlFrames=1/10 ulFrames=0/10 dlRows=123 ulRows=0.
[2026-04-17T12:07:54Z] INFO Prepared coupled DL chunk: sweep=1/1 slot=9/10 executable_plans=1 chunk=24-24 of 50.
[2026-04-17T12:07:54Z] INFO Executing coupled DL chunk: sweep=1/1 slot=9/10 chunk=24-24 of 50.
[2026-04-17T12:08:00Z] INFO Publishing coupled DL chunk results: sweep=1/1 slot=9/10 committed_rows=1 current_primary_rows=124.
[2026-04-17T12:08:07Z] INFO DL coupled publish: sweep 1/1 snr=12.000 ue=16/50 dlFrames=1/10 ulFrames=0/10 dlRows=124 ulRows=0.
[2026-04-17T12:08:08Z] INFO Prepared coupled DL chunk: sweep=1/1 slot=9/10 executable_plans=1 chunk=25-25 of 50.
[2026-04-17T12:08:08Z] INFO Executing coupled DL chunk: sweep=1/1 slot=9/10 chunk=25-25 of 50.
[2026-04-17T12:08:14Z] INFO Publishing coupled DL chunk results: sweep=1/1 slot=9/10 committed_rows=1 current_primary_rows=125.
[2026-04-17T12:08:20Z] INFO DL coupled publish: sweep 1/1 snr=12.000 ue=24/50 dlFrames=1/10 ulFrames=0/10 dlRows=125 ulRows=0.
[2026-04-17T12:08:21Z] INFO Prepared coupled DL chunk: sweep=1/1 slot=9/10 executable_plans=1 chunk=26-26 of 50.
[2026-04-17T12:08:21Z] INFO Executing coupled DL chunk: sweep=1/1 slot=9/10 chunk=26-26 of 50.
[2026-04-17T12:08:25Z] INFO Publishing coupled DL chunk results: sweep=1/1 slot=9/10 committed_rows=1 current_primary_rows=126.
[2026-04-17T12:08:32Z] INFO DL coupled publish: sweep 1/1 snr=12.000 ue=33/50 dlFrames=1/10 ulFrames=0/10 dlRows=126 ulRows=0.
[2026-04-17T12:08:32Z] INFO Prepared coupled DL chunk: sweep=1/1 slot=9/10 executable_plans=1 chunk=27-27 of 50.
[2026-04-17T12:08:32Z] INFO Executing coupled DL chunk: sweep=1/1 slot=9/10 chunk=27-27 of 50.
[2026-04-17T12:08:39Z] INFO Publishing coupled DL chunk results: sweep=1/1 slot=9/10 committed_rows=1 current_primary_rows=127.
[2026-04-17T12:08:46Z] INFO DL coupled publish: sweep 1/1 snr=12.000 ue=22/50 dlFrames=1/10 ulFrames=0/10 dlRows=127 ulRows=0.
[2026-04-17T12:08:46Z] INFO Prepared coupled DL chunk: sweep=1/1 slot=9/10 executable_plans=1 chunk=28-28 of 50.
[2026-04-17T12:08:46Z] INFO Executing coupled DL chunk: sweep=1/1 slot=9/10 chunk=28-28 of 50.
[2026-04-17T12:08:53Z] INFO Publishing coupled DL chunk results: sweep=1/1 slot=9/10 committed_rows=1 current_primary_rows=128.
[2026-04-17T12:09:00Z] INFO DL coupled publish: sweep 1/1 snr=12.000 ue=34/50 dlFrames=1/10 ulFrames=0/10 dlRows=128 ulRows=0.
[2026-04-17T12:09:00Z] INFO Prepared coupled DL chunk: sweep=1/1 slot=9/10 executable_plans=1 chunk=29-29 of 50.
[2026-04-17T12:09:00Z] INFO Executing coupled DL chunk: sweep=1/1 slot=9/10 chunk=29-29 of 50.
[2026-04-17T12:09:07Z] INFO Publishing coupled DL chunk results: sweep=1/1 slot=9/10 committed_rows=1 current_primary_rows=129.
[2026-04-17T12:09:13Z] INFO DL coupled publish: sweep 1/1 snr=12.000 ue=42/50 dlFrames=1/10 ulFrames=0/10 dlRows=129 ulRows=0.
[2026-04-17T12:09:14Z] INFO Prepared coupled DL chunk: sweep=1/1 slot=9/10 executable_plans=1 chunk=30-30 of 50.
[2026-04-17T12:09:14Z] INFO Executing coupled DL chunk: sweep=1/1 slot=9/10 chunk=30-30 of 50.
[2026-04-17T12:09:21Z] INFO Publishing coupled DL chunk results: sweep=1/1 slot=9/10 committed_rows=1 current_primary_rows=130.
[2026-04-17T12:09:28Z] INFO DL coupled publish: sweep 1/1 snr=12.000 ue=38/50 dlFrames=1/10 ulFrames=0/10 dlRows=130 ulRows=0.
[2026-04-17T12:09:28Z] INFO Prepared coupled DL chunk: sweep=1/1 slot=9/10 executable_plans=1 chunk=31-31 of 50.
[2026-04-17T12:09:28Z] INFO Executing coupled DL chunk: sweep=1/1 slot=9/10 chunk=31-31 of 50.
[2026-04-17T12:09:34Z] INFO Publishing coupled DL chunk results: sweep=1/1 slot=9/10 committed_rows=1 current_primary_rows=131.
[2026-04-17T12:09:41Z] INFO DL coupled publish: sweep 1/1 snr=12.000 ue=8/50 dlFrames=1/10 ulFrames=0/10 dlRows=131 ulRows=0.
[2026-04-17T12:09:41Z] INFO Prepared coupled DL chunk: sweep=1/1 slot=9/10 executable_plans=1 chunk=32-32 of 50.
[2026-04-17T12:09:41Z] INFO Executing coupled DL chunk: sweep=1/1 slot=9/10 chunk=32-32 of 50.
[2026-04-17T12:09:48Z] INFO Publishing coupled DL chunk results: sweep=1/1 slot=9/10 committed_rows=1 current_primary_rows=132.
[2026-04-17T12:09:55Z] INFO DL coupled publish: sweep 1/1 snr=12.000 ue=20/50 dlFrames=1/10 ulFrames=0/10 dlRows=132 ulRows=0.
[2026-04-17T12:09:55Z] INFO Prepared coupled DL chunk: sweep=1/1 slot=9/10 executable_plans=1 chunk=33-33 of 50.
[2026-04-17T12:09:55Z] INFO Executing coupled DL chunk: sweep=1/1 slot=9/10 chunk=33-33 of 50.
[2026-04-17T12:10:02Z] INFO Publishing coupled DL chunk results: sweep=1/1 slot=9/10 committed_rows=1 current_primary_rows=133.
[2026-04-17T12:10:09Z] INFO DL coupled publish: sweep 1/1 snr=12.000 ue=32/50 dlFrames=1/10 ulFrames=0/10 dlRows=133 ulRows=0.
[2026-04-17T12:10:09Z] INFO Prepared coupled DL chunk: sweep=1/1 slot=9/10 executable_plans=1 chunk=34-34 of 50.
[2026-04-17T12:10:09Z] INFO Executing coupled DL chunk: sweep=1/1 slot=9/10 chunk=34-34 of 50.
[2026-04-17T12:10:14Z] INFO Publishing coupled DL chunk results: sweep=1/1 slot=9/10 committed_rows=1 current_primary_rows=134.
[2026-04-17T12:10:21Z] INFO DL coupled publish: sweep 1/1 snr=12.000 ue=37/50 dlFrames=1/10 ulFrames=0/10 dlRows=134 ulRows=0.
[2026-04-17T12:10:22Z] INFO Prepared coupled DL chunk: sweep=1/1 slot=9/10 executable_plans=1 chunk=35-35 of 50.
[2026-04-17T12:10:22Z] INFO Executing coupled DL chunk: sweep=1/1 slot=9/10 chunk=35-35 of 50.
[2026-04-17T12:10:27Z] INFO Publishing coupled DL chunk results: sweep=1/1 slot=9/10 committed_rows=1 current_primary_rows=135.
[2026-04-17T12:10:34Z] INFO DL coupled publish: sweep 1/1 snr=12.000 ue=44/50 dlFrames=1/10 ulFrames=0/10 dlRows=135 ulRows=0.
[2026-04-17T12:10:35Z] INFO Prepared coupled DL chunk: sweep=1/1 slot=9/10 executable_plans=1 chunk=36-36 of 50.
[2026-04-17T12:10:35Z] INFO Executing coupled DL chunk: sweep=1/1 slot=9/10 chunk=36-36 of 50.
[2026-04-17T12:10:41Z] INFO Publishing coupled DL chunk results: sweep=1/1 slot=9/10 committed_rows=1 current_primary_rows=136.
[2026-04-17T12:10:48Z] INFO DL coupled publish: sweep 1/1 snr=12.000 ue=49/50 dlFrames=1/10 ulFrames=0/10 dlRows=136 ulRows=0.
[2026-04-17T12:10:48Z] INFO Prepared coupled DL chunk: sweep=1/1 slot=9/10 executable_plans=1 chunk=37-37 of 50.
[2026-04-17T12:10:48Z] INFO Executing coupled DL chunk: sweep=1/1 slot=9/10 chunk=37-37 of 50.
[2026-04-17T12:10:52Z] INFO Publishing coupled DL chunk results: sweep=1/1 slot=9/10 committed_rows=1 current_primary_rows=137.
[2026-04-17T12:10:59Z] INFO DL coupled publish: sweep 1/1 snr=12.000 ue=30/50 dlFrames=1/10 ulFrames=0/10 dlRows=137 ulRows=0.
[2026-04-17T12:11:00Z] INFO Prepared coupled DL chunk: sweep=1/1 slot=9/10 executable_plans=1 chunk=38-38 of 50.
[2026-04-17T12:11:00Z] INFO Executing coupled DL chunk: sweep=1/1 slot=9/10 chunk=38-38 of 50.
[2026-04-17T12:11:06Z] INFO Publishing coupled DL chunk results: sweep=1/1 slot=9/10 committed_rows=1 current_primary_rows=138.
[2026-04-17T12:11:13Z] INFO DL coupled publish: sweep 1/1 snr=12.000 ue=39/50 dlFrames=1/10 ulFrames=0/10 dlRows=138 ulRows=0.
[2026-04-17T12:11:13Z] INFO Prepared coupled DL chunk: sweep=1/1 slot=9/10 executable_plans=1 chunk=39-39 of 50.
[2026-04-17T12:11:13Z] INFO Executing coupled DL chunk: sweep=1/1 slot=9/10 chunk=39-39 of 50.
[2026-04-17T12:11:21Z] INFO Publishing coupled DL chunk results: sweep=1/1 slot=9/10 committed_rows=1 current_primary_rows=139.
[2026-04-17T12:11:27Z] INFO DL coupled publish: sweep 1/1 snr=12.000 ue=7/50 dlFrames=1/10 ulFrames=0/10 dlRows=139 ulRows=0.
[2026-04-17T12:11:28Z] INFO Prepared coupled DL chunk: sweep=1/1 slot=9/10 executable_plans=1 chunk=40-40 of 50.
[2026-04-17T12:11:28Z] INFO Executing coupled DL chunk: sweep=1/1 slot=9/10 chunk=40-40 of 50.
[2026-04-17T12:11:35Z] INFO Publishing coupled DL chunk results: sweep=1/1 slot=9/10 committed_rows=1 current_primary_rows=140.
[2026-04-17T12:11:42Z] INFO DL coupled publish: sweep 1/1 snr=12.000 ue=46/50 dlFrames=1/10 ulFrames=0/10 dlRows=140 ulRows=0.
[2026-04-17T12:11:42Z] INFO Prepared coupled DL chunk: sweep=1/1 slot=9/10 executable_plans=1 chunk=41-41 of 50.
[2026-04-17T12:11:42Z] INFO Executing coupled DL chunk: sweep=1/1 slot=9/10 chunk=41-41 of 50.
[2026-04-17T12:11:48Z] INFO Publishing coupled DL chunk results: sweep=1/1 slot=9/10 committed_rows=1 current_primary_rows=141.
[2026-04-17T12:11:54Z] INFO DL coupled publish: sweep 1/1 snr=12.000 ue=27/50 dlFrames=1/10 ulFrames=0/10 dlRows=141 ulRows=0.
[2026-04-17T12:11:55Z] INFO Prepared coupled DL chunk: sweep=1/1 slot=9/10 executable_plans=1 chunk=42-42 of 50.
[2026-04-17T12:11:55Z] INFO Executing coupled DL chunk: sweep=1/1 slot=9/10 chunk=42-42 of 50.
[2026-04-17T12:12:00Z] INFO Publishing coupled DL chunk results: sweep=1/1 slot=9/10 committed_rows=1 current_primary_rows=142.
[2026-04-17T12:12:07Z] INFO DL coupled publish: sweep 1/1 snr=12.000 ue=11/50 dlFrames=1/10 ulFrames=0/10 dlRows=142 ulRows=0.
[2026-04-17T12:12:08Z] INFO Prepared coupled DL chunk: sweep=1/1 slot=9/10 executable_plans=1 chunk=43-43 of 50.
[2026-04-17T12:12:08Z] INFO Executing coupled DL chunk: sweep=1/1 slot=9/10 chunk=43-43 of 50.
[2026-04-17T12:12:13Z] INFO Publishing coupled DL chunk results: sweep=1/1 slot=9/10 committed_rows=1 current_primary_rows=143.
[2026-04-17T12:12:20Z] INFO DL coupled publish: sweep 1/1 snr=12.000 ue=1/50 dlFrames=1/10 ulFrames=0/10 dlRows=143 ulRows=0.
[2026-04-17T12:12:20Z] INFO Prepared coupled DL chunk: sweep=1/1 slot=9/10 executable_plans=1 chunk=44-44 of 50.
[2026-04-17T12:12:20Z] INFO Executing coupled DL chunk: sweep=1/1 slot=9/10 chunk=44-44 of 50.
[2026-04-17T12:12:26Z] INFO Publishing coupled DL chunk results: sweep=1/1 slot=9/10 committed_rows=1 current_primary_rows=144.
[2026-04-17T12:12:33Z] INFO DL coupled publish: sweep 1/1 snr=12.000 ue=17/50 dlFrames=1/10 ulFrames=0/10 dlRows=144 ulRows=0.
[2026-04-17T12:12:33Z] INFO Prepared coupled DL chunk: sweep=1/1 slot=9/10 executable_plans=1 chunk=45-45 of 50.
[2026-04-17T12:12:33Z] INFO Executing coupled DL chunk: sweep=1/1 slot=9/10 chunk=45-45 of 50.
[2026-04-17T12:12:39Z] INFO Publishing coupled DL chunk results: sweep=1/1 slot=9/10 committed_rows=1 current_primary_rows=145.
[2026-04-17T12:12:46Z] INFO DL coupled publish: sweep 1/1 snr=12.000 ue=21/50 dlFrames=1/10 ulFrames=0/10 dlRows=145 ulRows=0.
[2026-04-17T12:12:46Z] INFO Prepared coupled DL chunk: sweep=1/1 slot=9/10 executable_plans=1 chunk=46-46 of 50.
[2026-04-17T12:12:46Z] INFO Executing coupled DL chunk: sweep=1/1 slot=9/10 chunk=46-46 of 50.
[2026-04-17T12:12:51Z] INFO Publishing coupled DL chunk results: sweep=1/1 slot=9/10 committed_rows=1 current_primary_rows=146.
[2026-04-17T12:12:58Z] INFO DL coupled publish: sweep 1/1 snr=12.000 ue=25/50 dlFrames=1/10 ulFrames=0/10 dlRows=146 ulRows=0.
[2026-04-17T12:12:59Z] INFO Prepared coupled DL chunk: sweep=1/1 slot=9/10 executable_plans=1 chunk=47-47 of 50.
[2026-04-17T12:12:59Z] INFO Executing coupled DL chunk: sweep=1/1 slot=9/10 chunk=47-47 of 50.
[2026-04-17T12:13:03Z] INFO Publishing coupled DL chunk results: sweep=1/1 slot=9/10 committed_rows=1 current_primary_rows=147.
[2026-04-17T12:13:10Z] INFO DL coupled publish: sweep 1/1 snr=12.000 ue=28/50 dlFrames=1/10 ulFrames=0/10 dlRows=147 ulRows=0.
[2026-04-17T12:13:11Z] INFO Prepared coupled DL chunk: sweep=1/1 slot=9/10 executable_plans=1 chunk=48-48 of 50.
[2026-04-17T12:13:11Z] INFO Executing coupled DL chunk: sweep=1/1 slot=9/10 chunk=48-48 of 50.
[2026-04-17T12:13:18Z] INFO Publishing coupled DL chunk results: sweep=1/1 slot=9/10 committed_rows=1 current_primary_rows=148.
[2026-04-17T12:13:25Z] INFO DL coupled publish: sweep 1/1 snr=12.000 ue=31/50 dlFrames=1/10 ulFrames=0/10 dlRows=148 ulRows=0.
[2026-04-17T12:13:25Z] INFO Prepared coupled DL chunk: sweep=1/1 slot=9/10 executable_plans=1 chunk=49-49 of 50.
[2026-04-17T12:13:25Z] INFO Executing coupled DL chunk: sweep=1/1 slot=9/10 chunk=49-49 of 50.
[2026-04-17T12:13:29Z] INFO Publishing coupled DL chunk results: sweep=1/1 slot=9/10 committed_rows=1 current_primary_rows=149.
[2026-04-17T12:13:36Z] INFO DL coupled publish: sweep 1/1 snr=12.000 ue=36/50 dlFrames=1/10 ulFrames=0/10 dlRows=149 ulRows=0.
[2026-04-17T12:13:37Z] INFO Prepared coupled DL chunk: sweep=1/1 slot=9/10 executable_plans=1 chunk=50-50 of 50.
[2026-04-17T12:13:37Z] INFO Executing coupled DL chunk: sweep=1/1 slot=9/10 chunk=50-50 of 50.
[2026-04-17T12:13:43Z] INFO Publishing coupled DL chunk results: sweep=1/1 slot=9/10 committed_rows=1 current_primary_rows=150.
[2026-04-17T12:13:50Z] INFO DL coupled publish: sweep 1/1 snr=12.000 ue=48/50 dlFrames=1/10 ulFrames=0/10 dlRows=150 ulRows=0.
[2026-04-17T12:13:52Z] INFO Coupled UL schedule complete: sweep=1/1 slot=9/10 active=50 granted=48 grants=48.
[2026-04-17T12:14:00Z] INFO Coupled UL PDCCH qualification complete: sweep=1/1 slot=9/10 executable_grants=48.
[2026-04-17T12:14:00Z] INFO Preparing coupled UL batches: sweep=1/1 slot=9/10 candidate_grants=48 batch_size=1.
[2026-04-17T12:14:00Z] INFO Prepared coupled UL chunk: sweep=1/1 slot=9/10 executable_plans=1 chunk=1-1 of 48.
[2026-04-17T12:14:00Z] INFO Executing coupled UL chunk: sweep=1/1 slot=9/10 chunk=1-1 of 48.
[2026-04-17T12:14:18Z] INFO Publishing coupled UL chunk results: sweep=1/1 slot=9/10 committed_rows=1 current_primary_rows=1.
[2026-04-17T12:14:26Z] INFO UL coupled publish: sweep 1/1 snr=12.000 ue=3/50 dlFrames=1/10 ulFrames=1/10 dlRows=150 ulRows=1.
[2026-04-17T12:14:26Z] INFO Prepared coupled UL chunk: sweep=1/1 slot=9/10 executable_plans=1 chunk=2-2 of 48.
[2026-04-17T12:14:26Z] INFO Executing coupled UL chunk: sweep=1/1 slot=9/10 chunk=2-2 of 48.
[2026-04-17T12:14:42Z] INFO Publishing coupled UL chunk results: sweep=1/1 slot=9/10 committed_rows=1 current_primary_rows=2.
[2026-04-17T12:14:49Z] INFO UL coupled publish: sweep 1/1 snr=12.000 ue=5/50 dlFrames=1/10 ulFrames=1/10 dlRows=150 ulRows=2.
[2026-04-17T12:14:49Z] INFO Prepared coupled UL chunk: sweep=1/1 slot=9/10 executable_plans=1 chunk=3-3 of 48.
[2026-04-17T12:14:49Z] INFO Executing coupled UL chunk: sweep=1/1 slot=9/10 chunk=3-3 of 48.
[2026-04-17T12:15:06Z] INFO Publishing coupled UL chunk results: sweep=1/1 slot=9/10 committed_rows=1 current_primary_rows=3.
[2026-04-17T12:15:13Z] INFO UL coupled publish: sweep 1/1 snr=12.000 ue=9/50 dlFrames=1/10 ulFrames=1/10 dlRows=150 ulRows=3.
[2026-04-17T12:15:14Z] INFO Prepared coupled UL chunk: sweep=1/1 slot=9/10 executable_plans=1 chunk=4-4 of 48.
[2026-04-17T12:15:14Z] INFO Executing coupled UL chunk: sweep=1/1 slot=9/10 chunk=4-4 of 48.
[2026-04-17T12:15:28Z] INFO Publishing coupled UL chunk results: sweep=1/1 slot=9/10 committed_rows=1 current_primary_rows=4.
[2026-04-17T12:15:36Z] INFO UL coupled publish: sweep 1/1 snr=12.000 ue=14/50 dlFrames=1/10 ulFrames=1/10 dlRows=150 ulRows=4.
[2026-04-17T12:15:36Z] INFO Prepared coupled UL chunk: sweep=1/1 slot=9/10 executable_plans=1 chunk=5-5 of 48.
[2026-04-17T12:15:36Z] INFO Executing coupled UL chunk: sweep=1/1 slot=9/10 chunk=5-5 of 48.
[2026-04-17T12:15:52Z] INFO Publishing coupled UL chunk results: sweep=1/1 slot=9/10 committed_rows=1 current_primary_rows=5.
[2026-04-17T12:15:59Z] INFO UL coupled publish: sweep 1/1 snr=12.000 ue=19/50 dlFrames=1/10 ulFrames=1/10 dlRows=150 ulRows=5.
[2026-04-17T12:16:00Z] INFO Prepared coupled UL chunk: sweep=1/1 slot=9/10 executable_plans=1 chunk=6-6 of 48.
[2026-04-17T12:16:00Z] INFO Executing coupled UL chunk: sweep=1/1 slot=9/10 chunk=6-6 of 48.
[2026-04-17T12:16:16Z] INFO Publishing coupled UL chunk results: sweep=1/1 slot=9/10 committed_rows=1 current_primary_rows=6.
[2026-04-17T12:16:24Z] INFO UL coupled publish: sweep 1/1 snr=12.000 ue=26/50 dlFrames=1/10 ulFrames=1/10 dlRows=150 ulRows=6.
[2026-04-17T12:16:24Z] INFO Prepared coupled UL chunk: sweep=1/1 slot=9/10 executable_plans=1 chunk=7-7 of 48.
[2026-04-17T12:16:24Z] INFO Executing coupled UL chunk: sweep=1/1 slot=9/10 chunk=7-7 of 48.
[2026-04-17T12:16:40Z] INFO Publishing coupled UL chunk results: sweep=1/1 slot=9/10 committed_rows=1 current_primary_rows=7.
[2026-04-17T12:16:48Z] INFO UL coupled publish: sweep 1/1 snr=12.000 ue=40/50 dlFrames=1/10 ulFrames=1/10 dlRows=150 ulRows=7.
[2026-04-17T12:16:48Z] INFO Prepared coupled UL chunk: sweep=1/1 slot=9/10 executable_plans=1 chunk=8-8 of 48.
[2026-04-17T12:16:48Z] INFO Executing coupled UL chunk: sweep=1/1 slot=9/10 chunk=8-8 of 48.
[2026-04-17T12:17:03Z] INFO Publishing coupled UL chunk results: sweep=1/1 slot=9/10 committed_rows=1 current_primary_rows=8.
[2026-04-17T12:17:11Z] INFO UL coupled publish: sweep 1/1 snr=12.000 ue=43/50 dlFrames=1/10 ulFrames=1/10 dlRows=150 ulRows=8.
[2026-04-17T12:17:11Z] INFO Prepared coupled UL chunk: sweep=1/1 slot=9/10 executable_plans=1 chunk=9-9 of 48.
[2026-04-17T12:17:11Z] INFO Executing coupled UL chunk: sweep=1/1 slot=9/10 chunk=9-9 of 48.
[2026-04-17T12:17:23Z] INFO Publishing coupled UL chunk results: sweep=1/1 slot=9/10 committed_rows=1 current_primary_rows=9.
[2026-04-17T12:17:31Z] INFO UL coupled publish: sweep 1/1 snr=12.000 ue=47/50 dlFrames=1/10 ulFrames=1/10 dlRows=150 ulRows=9.
[2026-04-17T12:17:31Z] INFO Prepared coupled UL chunk: sweep=1/1 slot=9/10 executable_plans=1 chunk=10-10 of 48.
[2026-04-17T12:17:31Z] INFO Executing coupled UL chunk: sweep=1/1 slot=9/10 chunk=10-10 of 48.
[2026-04-17T12:17:47Z] INFO Publishing coupled UL chunk results: sweep=1/1 slot=9/10 committed_rows=1 current_primary_rows=10.
[2026-04-17T12:17:55Z] INFO UL coupled publish: sweep 1/1 snr=12.000 ue=4/50 dlFrames=1/10 ulFrames=1/10 dlRows=150 ulRows=10.
[2026-04-17T12:17:55Z] INFO Prepared coupled UL chunk: sweep=1/1 slot=9/10 executable_plans=1 chunk=11-11 of 48.
[2026-04-17T12:17:55Z] INFO Executing coupled UL chunk: sweep=1/1 slot=9/10 chunk=11-11 of 48.
[2026-04-17T12:18:13Z] INFO Publishing coupled UL chunk results: sweep=1/1 slot=9/10 committed_rows=1 current_primary_rows=11.
[2026-04-17T12:18:20Z] INFO UL coupled publish: sweep 1/1 snr=12.000 ue=6/50 dlFrames=1/10 ulFrames=1/10 dlRows=150 ulRows=11.
[2026-04-17T12:18:21Z] INFO Prepared coupled UL chunk: sweep=1/1 slot=9/10 executable_plans=1 chunk=12-12 of 48.
[2026-04-17T12:18:21Z] INFO Executing coupled UL chunk: sweep=1/1 slot=9/10 chunk=12-12 of 48.
[2026-04-17T12:18:37Z] INFO Publishing coupled UL chunk results: sweep=1/1 slot=9/10 committed_rows=1 current_primary_rows=12.
[2026-04-17T12:18:45Z] INFO UL coupled publish: sweep 1/1 snr=12.000 ue=10/50 dlFrames=1/10 ulFrames=1/10 dlRows=150 ulRows=12.
[2026-04-17T12:18:45Z] INFO Prepared coupled UL chunk: sweep=1/1 slot=9/10 executable_plans=1 chunk=13-13 of 48.
[2026-04-17T12:18:45Z] INFO Executing coupled UL chunk: sweep=1/1 slot=9/10 chunk=13-13 of 48.
[2026-04-17T12:19:03Z] INFO Publishing coupled UL chunk results: sweep=1/1 slot=9/10 committed_rows=1 current_primary_rows=13.
[2026-04-17T12:19:11Z] INFO UL coupled publish: sweep 1/1 snr=12.000 ue=29/50 dlFrames=1/10 ulFrames=1/10 dlRows=150 ulRows=13.
[2026-04-17T12:19:11Z] INFO Prepared coupled UL chunk: sweep=1/1 slot=9/10 executable_plans=1 chunk=14-14 of 48.
[2026-04-17T12:19:11Z] INFO Executing coupled UL chunk: sweep=1/1 slot=9/10 chunk=14-14 of 48.
[2026-04-17T12:19:27Z] INFO Publishing coupled UL chunk results: sweep=1/1 slot=9/10 committed_rows=1 current_primary_rows=14.
[2026-04-17T12:19:35Z] INFO UL coupled publish: sweep 1/1 snr=12.000 ue=35/50 dlFrames=1/10 ulFrames=1/10 dlRows=150 ulRows=14.
[2026-04-17T12:19:35Z] INFO Prepared coupled UL chunk: sweep=1/1 slot=9/10 executable_plans=1 chunk=15-15 of 48.
[2026-04-17T12:19:35Z] INFO Executing coupled UL chunk: sweep=1/1 slot=9/10 chunk=15-15 of 48.
[2026-04-17T12:19:53Z] INFO Publishing coupled UL chunk results: sweep=1/1 slot=9/10 committed_rows=1 current_primary_rows=15.
[2026-04-17T12:20:01Z] INFO UL coupled publish: sweep 1/1 snr=12.000 ue=41/50 dlFrames=1/10 ulFrames=1/10 dlRows=150 ulRows=15.
[2026-04-17T12:20:01Z] INFO Prepared coupled UL chunk: sweep=1/1 slot=9/10 executable_plans=1 chunk=16-16 of 48.
[2026-04-17T12:20:01Z] INFO Executing coupled UL chunk: sweep=1/1 slot=9/10 chunk=16-16 of 48.
[2026-04-17T12:20:18Z] INFO Publishing coupled UL chunk results: sweep=1/1 slot=9/10 committed_rows=1 current_primary_rows=16.
[2026-04-17T12:20:26Z] INFO UL coupled publish: sweep 1/1 snr=12.000 ue=45/50 dlFrames=1/10 ulFrames=1/10 dlRows=150 ulRows=16.
[2026-04-17T12:20:26Z] INFO Prepared coupled UL chunk: sweep=1/1 slot=9/10 executable_plans=1 chunk=17-17 of 48.
[2026-04-17T12:20:26Z] INFO Executing coupled UL chunk: sweep=1/1 slot=9/10 chunk=17-17 of 48.
[2026-04-17T12:20:41Z] INFO Publishing coupled UL chunk results: sweep=1/1 slot=9/10 committed_rows=1 current_primary_rows=17.
[2026-04-17T12:20:49Z] INFO UL coupled publish: sweep 1/1 snr=12.000 ue=50/50 dlFrames=1/10 ulFrames=1/10 dlRows=150 ulRows=17.
[2026-04-17T12:20:49Z] INFO Prepared coupled UL chunk: sweep=1/1 slot=9/10 executable_plans=1 chunk=18-18 of 48.
[2026-04-17T12:20:49Z] INFO Executing coupled UL chunk: sweep=1/1 slot=9/10 chunk=18-18 of 48.
[2026-04-17T12:21:03Z] INFO Publishing coupled UL chunk results: sweep=1/1 slot=9/10 committed_rows=1 current_primary_rows=18.
[2026-04-17T12:21:11Z] INFO UL coupled publish: sweep 1/1 snr=12.000 ue=2/50 dlFrames=1/10 ulFrames=1/10 dlRows=150 ulRows=18.
[2026-04-17T12:21:11Z] INFO Prepared coupled UL chunk: sweep=1/1 slot=9/10 executable_plans=1 chunk=19-19 of 48.
[2026-04-17T12:21:11Z] INFO Executing coupled UL chunk: sweep=1/1 slot=9/10 chunk=19-19 of 48.
[2026-04-17T12:21:26Z] INFO Publishing coupled UL chunk results: sweep=1/1 slot=9/10 committed_rows=1 current_primary_rows=19.
[2026-04-17T12:21:34Z] INFO UL coupled publish: sweep 1/1 snr=12.000 ue=12/50 dlFrames=1/10 ulFrames=1/10 dlRows=150 ulRows=19.
[2026-04-17T12:21:34Z] INFO Prepared coupled UL chunk: sweep=1/1 slot=9/10 executable_plans=1 chunk=20-20 of 48.
[2026-04-17T12:21:34Z] INFO Executing coupled UL chunk: sweep=1/1 slot=9/10 chunk=20-20 of 48.
[2026-04-17T12:21:50Z] INFO Publishing coupled UL chunk results: sweep=1/1 slot=9/10 committed_rows=1 current_primary_rows=20.
[2026-04-17T12:21:58Z] INFO UL coupled publish: sweep 1/1 snr=12.000 ue=13/50 dlFrames=1/10 ulFrames=1/10 dlRows=150 ulRows=20.
[2026-04-17T12:21:58Z] INFO Prepared coupled UL chunk: sweep=1/1 slot=9/10 executable_plans=1 chunk=21-21 of 48.
[2026-04-17T12:21:58Z] INFO Executing coupled UL chunk: sweep=1/1 slot=9/10 chunk=21-21 of 48.
[2026-04-17T12:22:13Z] INFO Publishing coupled UL chunk results: sweep=1/1 slot=9/10 committed_rows=1 current_primary_rows=21.
[2026-04-17T12:22:21Z] INFO UL coupled publish: sweep 1/1 snr=12.000 ue=15/50 dlFrames=1/10 ulFrames=1/10 dlRows=150 ulRows=21.
[2026-04-17T12:22:21Z] INFO Prepared coupled UL chunk: sweep=1/1 slot=9/10 executable_plans=1 chunk=22-22 of 48.
[2026-04-17T12:22:21Z] INFO Executing coupled UL chunk: sweep=1/1 slot=9/10 chunk=22-22 of 48.
[2026-04-17T12:22:36Z] INFO Publishing coupled UL chunk results: sweep=1/1 slot=9/10 committed_rows=1 current_primary_rows=22.
[2026-04-17T12:22:44Z] INFO UL coupled publish: sweep 1/1 snr=12.000 ue=16/50 dlFrames=1/10 ulFrames=1/10 dlRows=150 ulRows=22.
[2026-04-17T12:22:44Z] INFO Prepared coupled UL chunk: sweep=1/1 slot=9/10 executable_plans=1 chunk=23-23 of 48.
[2026-04-17T12:22:44Z] INFO Executing coupled UL chunk: sweep=1/1 slot=9/10 chunk=23-23 of 48.
[2026-04-17T12:23:00Z] INFO Publishing coupled UL chunk results: sweep=1/1 slot=9/10 committed_rows=1 current_primary_rows=23.
[2026-04-17T12:23:09Z] INFO UL coupled publish: sweep 1/1 snr=12.000 ue=18/50 dlFrames=1/10 ulFrames=1/10 dlRows=150 ulRows=23.
[2026-04-17T12:23:09Z] INFO Prepared coupled UL chunk: sweep=1/1 slot=9/10 executable_plans=1 chunk=24-24 of 48.
[2026-04-17T12:23:09Z] INFO Executing coupled UL chunk: sweep=1/1 slot=9/10 chunk=24-24 of 48.
[2026-04-17T12:23:25Z] INFO Publishing coupled UL chunk results: sweep=1/1 slot=9/10 committed_rows=1 current_primary_rows=24.
[2026-04-17T12:23:34Z] INFO UL coupled publish: sweep 1/1 snr=12.000 ue=23/50 dlFrames=1/10 ulFrames=1/10 dlRows=150 ulRows=24.
[2026-04-17T12:23:34Z] INFO Prepared coupled UL chunk: sweep=1/1 slot=9/10 executable_plans=1 chunk=25-25 of 48.
[2026-04-17T12:23:34Z] INFO Executing coupled UL chunk: sweep=1/1 slot=9/10 chunk=25-25 of 48.
[2026-04-17T12:23:48Z] INFO Publishing coupled UL chunk results: sweep=1/1 slot=9/10 committed_rows=1 current_primary_rows=25.
[2026-04-17T12:23:58Z] INFO UL coupled publish: sweep 1/1 snr=12.000 ue=24/50 dlFrames=1/10 ulFrames=1/10 dlRows=150 ulRows=25.
[2026-04-17T12:23:58Z] INFO Prepared coupled UL chunk: sweep=1/1 slot=9/10 executable_plans=1 chunk=26-26 of 48.
[2026-04-17T12:23:58Z] INFO Executing coupled UL chunk: sweep=1/1 slot=9/10 chunk=26-26 of 48.
[2026-04-17T12:24:10Z] INFO Publishing coupled UL chunk results: sweep=1/1 slot=9/10 committed_rows=1 current_primary_rows=26.
[2026-04-17T12:24:19Z] INFO UL coupled publish: sweep 1/1 snr=12.000 ue=33/50 dlFrames=1/10 ulFrames=1/10 dlRows=150 ulRows=26.
[2026-04-17T12:24:19Z] INFO Prepared coupled UL chunk: sweep=1/1 slot=9/10 executable_plans=1 chunk=27-27 of 48.
[2026-04-17T12:24:19Z] INFO Executing coupled UL chunk: sweep=1/1 slot=9/10 chunk=27-27 of 48.
[2026-04-17T12:24:31Z] INFO Publishing coupled UL chunk results: sweep=1/1 slot=9/10 committed_rows=1 current_primary_rows=27.
[2026-04-17T12:24:40Z] INFO UL coupled publish: sweep 1/1 snr=12.000 ue=8/50 dlFrames=1/10 ulFrames=1/10 dlRows=150 ulRows=27.
[2026-04-17T12:24:40Z] INFO Prepared coupled UL chunk: sweep=1/1 slot=9/10 executable_plans=1 chunk=28-28 of 48.
[2026-04-17T12:24:40Z] INFO Executing coupled UL chunk: sweep=1/1 slot=9/10 chunk=28-28 of 48.
[2026-04-17T12:24:56Z] INFO Publishing coupled UL chunk results: sweep=1/1 slot=9/10 committed_rows=1 current_primary_rows=28.
[2026-04-17T12:25:04Z] INFO UL coupled publish: sweep 1/1 snr=12.000 ue=20/50 dlFrames=1/10 ulFrames=1/10 dlRows=150 ulRows=28.
[2026-04-17T12:25:04Z] INFO Prepared coupled UL chunk: sweep=1/1 slot=9/10 executable_plans=1 chunk=29-29 of 48.
[2026-04-17T12:25:04Z] INFO Executing coupled UL chunk: sweep=1/1 slot=9/10 chunk=29-29 of 48.
[2026-04-17T12:25:20Z] INFO Publishing coupled UL chunk results: sweep=1/1 slot=9/10 committed_rows=1 current_primary_rows=29.
[2026-04-17T12:25:28Z] INFO UL coupled publish: sweep 1/1 snr=12.000 ue=22/50 dlFrames=1/10 ulFrames=1/10 dlRows=150 ulRows=29.
[2026-04-17T12:25:28Z] INFO Prepared coupled UL chunk: sweep=1/1 slot=9/10 executable_plans=1 chunk=30-30 of 48.
[2026-04-17T12:25:28Z] INFO Executing coupled UL chunk: sweep=1/1 slot=9/10 chunk=30-30 of 48.
[2026-04-17T12:25:44Z] INFO Publishing coupled UL chunk results: sweep=1/1 slot=9/10 committed_rows=1 current_primary_rows=30.
[2026-04-17T12:25:52Z] INFO UL coupled publish: sweep 1/1 snr=12.000 ue=32/50 dlFrames=1/10 ulFrames=1/10 dlRows=150 ulRows=30.
[2026-04-17T12:25:53Z] INFO Prepared coupled UL chunk: sweep=1/1 slot=9/10 executable_plans=1 chunk=31-31 of 48.
[2026-04-17T12:25:53Z] INFO Executing coupled UL chunk: sweep=1/1 slot=9/10 chunk=31-31 of 48.
[2026-04-17T12:26:07Z] INFO Publishing coupled UL chunk results: sweep=1/1 slot=9/10 committed_rows=1 current_primary_rows=31.
[2026-04-17T12:26:16Z] INFO UL coupled publish: sweep 1/1 snr=12.000 ue=34/50 dlFrames=1/10 ulFrames=1/10 dlRows=150 ulRows=31.
[2026-04-17T12:26:16Z] INFO Prepared coupled UL chunk: sweep=1/1 slot=9/10 executable_plans=1 chunk=32-32 of 48.
[2026-04-17T12:26:16Z] INFO Executing coupled UL chunk: sweep=1/1 slot=9/10 chunk=32-32 of 48.
[2026-04-17T12:26:33Z] INFO Publishing coupled UL chunk results: sweep=1/1 slot=9/10 committed_rows=1 current_primary_rows=32.
[2026-04-17T12:26:41Z] INFO UL coupled publish: sweep 1/1 snr=12.000 ue=37/50 dlFrames=1/10 ulFrames=1/10 dlRows=150 ulRows=32.
[2026-04-17T12:26:41Z] INFO Prepared coupled UL chunk: sweep=1/1 slot=9/10 executable_plans=1 chunk=33-33 of 48.
[2026-04-17T12:26:41Z] INFO Executing coupled UL chunk: sweep=1/1 slot=9/10 chunk=33-33 of 48.
[2026-04-17T12:26:57Z] INFO Publishing coupled UL chunk results: sweep=1/1 slot=9/10 committed_rows=1 current_primary_rows=33.
[2026-04-17T12:27:05Z] INFO UL coupled publish: sweep 1/1 snr=12.000 ue=38/50 dlFrames=1/10 ulFrames=1/10 dlRows=150 ulRows=33.
[2026-04-17T12:27:06Z] INFO Prepared coupled UL chunk: sweep=1/1 slot=9/10 executable_plans=1 chunk=34-34 of 48.
[2026-04-17T12:27:06Z] INFO Executing coupled UL chunk: sweep=1/1 slot=9/10 chunk=34-34 of 48.
[2026-04-17T12:27:19Z] INFO Publishing coupled UL chunk results: sweep=1/1 slot=9/10 committed_rows=1 current_primary_rows=34.
[2026-04-17T12:27:27Z] INFO UL coupled publish: sweep 1/1 snr=12.000 ue=42/50 dlFrames=1/10 ulFrames=1/10 dlRows=150 ulRows=34.
[2026-04-17T12:27:27Z] INFO Prepared coupled UL chunk: sweep=1/1 slot=9/10 executable_plans=1 chunk=35-35 of 48.
[2026-04-17T12:27:27Z] INFO Executing coupled UL chunk: sweep=1/1 slot=9/10 chunk=35-35 of 48.
[2026-04-17T12:27:42Z] INFO Publishing coupled UL chunk results: sweep=1/1 slot=9/10 committed_rows=1 current_primary_rows=35.
[2026-04-17T12:27:50Z] INFO UL coupled publish: sweep 1/1 snr=12.000 ue=44/50 dlFrames=1/10 ulFrames=1/10 dlRows=150 ulRows=35.
[2026-04-17T12:27:50Z] INFO Prepared coupled UL chunk: sweep=1/1 slot=9/10 executable_plans=1 chunk=36-36 of 48.
[2026-04-17T12:27:50Z] INFO Executing coupled UL chunk: sweep=1/1 slot=9/10 chunk=36-36 of 48.
[2026-04-17T12:28:06Z] INFO Publishing coupled UL chunk results: sweep=1/1 slot=9/10 committed_rows=1 current_primary_rows=36.
[2026-04-17T12:28:15Z] INFO UL coupled publish: sweep 1/1 snr=12.000 ue=49/50 dlFrames=1/10 ulFrames=1/10 dlRows=150 ulRows=36.
[2026-04-17T12:28:15Z] INFO Prepared coupled UL chunk: sweep=1/1 slot=9/10 executable_plans=1 chunk=37-37 of 48.
[2026-04-17T12:28:15Z] INFO Executing coupled UL chunk: sweep=1/1 slot=9/10 chunk=37-37 of 48.
[2026-04-17T12:28:26Z] INFO Publishing coupled UL chunk results: sweep=1/1 slot=9/10 committed_rows=1 current_primary_rows=37.
[2026-04-17T12:28:34Z] INFO UL coupled publish: sweep 1/1 snr=12.000 ue=1/50 dlFrames=1/10 ulFrames=1/10 dlRows=150 ulRows=37.
[2026-04-17T12:28:34Z] INFO Prepared coupled UL chunk: sweep=1/1 slot=9/10 executable_plans=1 chunk=38-38 of 48.
[2026-04-17T12:28:34Z] INFO Executing coupled UL chunk: sweep=1/1 slot=9/10 chunk=38-38 of 48.
[2026-04-17T12:28:50Z] INFO Publishing coupled UL chunk results: sweep=1/1 slot=9/10 committed_rows=1 current_primary_rows=38.
[2026-04-17T12:28:58Z] INFO UL coupled publish: sweep 1/1 snr=12.000 ue=7/50 dlFrames=1/10 ulFrames=1/10 dlRows=150 ulRows=38.
[2026-04-17T12:28:59Z] INFO Prepared coupled UL chunk: sweep=1/1 slot=9/10 executable_plans=1 chunk=39-39 of 48.
[2026-04-17T12:28:59Z] INFO Executing coupled UL chunk: sweep=1/1 slot=9/10 chunk=39-39 of 48.
[2026-04-17T12:29:13Z] INFO Publishing coupled UL chunk results: sweep=1/1 slot=9/10 committed_rows=1 current_primary_rows=39.
[2026-04-17T12:29:21Z] INFO UL coupled publish: sweep 1/1 snr=12.000 ue=11/50 dlFrames=1/10 ulFrames=1/10 dlRows=150 ulRows=39.
[2026-04-17T12:29:22Z] INFO Prepared coupled UL chunk: sweep=1/1 slot=9/10 executable_plans=1 chunk=40-40 of 48.
[2026-04-17T12:29:22Z] INFO Executing coupled UL chunk: sweep=1/1 slot=9/10 chunk=40-40 of 48.
[2026-04-17T12:29:35Z] INFO Publishing coupled UL chunk results: sweep=1/1 slot=9/10 committed_rows=1 current_primary_rows=40.
[2026-04-17T12:29:43Z] INFO UL coupled publish: sweep 1/1 snr=12.000 ue=17/50 dlFrames=1/10 ulFrames=1/10 dlRows=150 ulRows=40.
[2026-04-17T12:29:43Z] INFO Prepared coupled UL chunk: sweep=1/1 slot=9/10 executable_plans=1 chunk=41-41 of 48.
[2026-04-17T12:29:43Z] INFO Executing coupled UL chunk: sweep=1/1 slot=9/10 chunk=41-41 of 48.
[2026-04-17T12:29:59Z] INFO Publishing coupled UL chunk results: sweep=1/1 slot=9/10 committed_rows=1 current_primary_rows=41.
[2026-04-17T12:30:08Z] INFO UL coupled publish: sweep 1/1 snr=12.000 ue=21/50 dlFrames=1/10 ulFrames=1/10 dlRows=150 ulRows=41.
[2026-04-17T12:30:08Z] INFO Prepared coupled UL chunk: sweep=1/1 slot=9/10 executable_plans=1 chunk=42-42 of 48.
[2026-04-17T12:30:08Z] INFO Executing coupled UL chunk: sweep=1/1 slot=9/10 chunk=42-42 of 48.
[2026-04-17T12:30:23Z] INFO Publishing coupled UL chunk results: sweep=1/1 slot=9/10 committed_rows=1 current_primary_rows=42.
[2026-04-17T12:30:31Z] INFO UL coupled publish: sweep 1/1 snr=12.000 ue=25/50 dlFrames=1/10 ulFrames=1/10 dlRows=150 ulRows=42.
[2026-04-17T12:30:31Z] INFO Prepared coupled UL chunk: sweep=1/1 slot=9/10 executable_plans=1 chunk=43-43 of 48.
[2026-04-17T12:30:31Z] INFO Executing coupled UL chunk: sweep=1/1 slot=9/10 chunk=43-43 of 48.
[2026-04-17T12:30:46Z] INFO Publishing coupled UL chunk results: sweep=1/1 slot=9/10 committed_rows=1 current_primary_rows=43.
[2026-04-17T12:30:54Z] INFO UL coupled publish: sweep 1/1 snr=12.000 ue=27/50 dlFrames=1/10 ulFrames=1/10 dlRows=150 ulRows=43.
[2026-04-17T12:30:54Z] INFO Prepared coupled UL chunk: sweep=1/1 slot=9/10 executable_plans=1 chunk=44-44 of 48.
[2026-04-17T12:30:54Z] INFO Executing coupled UL chunk: sweep=1/1 slot=9/10 chunk=44-44 of 48.
[2026-04-17T12:31:08Z] INFO Publishing coupled UL chunk results: sweep=1/1 slot=9/10 committed_rows=1 current_primary_rows=44.
[2026-04-17T12:31:16Z] INFO UL coupled publish: sweep 1/1 snr=12.000 ue=28/50 dlFrames=1/10 ulFrames=1/10 dlRows=150 ulRows=44.
[2026-04-17T12:31:16Z] INFO Prepared coupled UL chunk: sweep=1/1 slot=9/10 executable_plans=1 chunk=45-45 of 48.
[2026-04-17T12:31:16Z] INFO Executing coupled UL chunk: sweep=1/1 slot=9/10 chunk=45-45 of 48.
[2026-04-17T12:31:31Z] INFO Publishing coupled UL chunk results: sweep=1/1 slot=9/10 committed_rows=1 current_primary_rows=45.
[2026-04-17T12:31:39Z] INFO UL coupled publish: sweep 1/1 snr=12.000 ue=30/50 dlFrames=1/10 ulFrames=1/10 dlRows=150 ulRows=45.
[2026-04-17T12:31:40Z] INFO Prepared coupled UL chunk: sweep=1/1 slot=9/10 executable_plans=1 chunk=46-46 of 48.
[2026-04-17T12:31:40Z] INFO Executing coupled UL chunk: sweep=1/1 slot=9/10 chunk=46-46 of 48.
[2026-04-17T12:31:55Z] INFO Publishing coupled UL chunk results: sweep=1/1 slot=9/10 committed_rows=1 current_primary_rows=46.
[2026-04-17T12:32:04Z] INFO UL coupled publish: sweep 1/1 snr=12.000 ue=31/50 dlFrames=1/10 ulFrames=1/10 dlRows=150 ulRows=46.
[2026-04-17T12:32:04Z] INFO Prepared coupled UL chunk: sweep=1/1 slot=9/10 executable_plans=1 chunk=47-47 of 48.
[2026-04-17T12:32:04Z] INFO Executing coupled UL chunk: sweep=1/1 slot=9/10 chunk=47-47 of 48.
[2026-04-17T12:32:20Z] INFO Publishing coupled UL chunk results: sweep=1/1 slot=9/10 committed_rows=1 current_primary_rows=47.
[2026-04-17T12:32:29Z] INFO UL coupled publish: sweep 1/1 snr=12.000 ue=36/50 dlFrames=1/10 ulFrames=1/10 dlRows=150 ulRows=47.
[2026-04-17T12:32:29Z] INFO Prepared coupled UL chunk: sweep=1/1 slot=9/10 executable_plans=1 chunk=48-48 of 48.
[2026-04-17T12:32:29Z] INFO Executing coupled UL chunk: sweep=1/1 slot=9/10 chunk=48-48 of 48.
[2026-04-17T12:32:39Z] INFO Publishing coupled UL chunk results: sweep=1/1 slot=9/10 committed_rows=1 current_primary_rows=48.
[2026-04-17T12:32:48Z] INFO UL coupled publish: sweep 1/1 snr=12.000 ue=39/50 dlFrames=1/10 ulFrames=1/10 dlRows=150 ulRows=48.
[2026-04-17T12:32:48Z] INFO Coupled canonical slot prepared: sweep=1/1 slot=10/10 duplex=UL allow_dl=0 allow_ul=1.
[2026-04-17T12:32:49Z] INFO Coupled control gating complete: slot=10 frame=1 pbch_attempts=0 prach_attempts=0 srs_attempts=12 trs_attempts=0 acquired=50/50 access=50/50 valid_srs=37/50 valid_trs_cells=5/5 tracked_serving_users=50/50 eligible=50/50.
[2026-04-17T12:32:58Z] INFO UL coupled publish: sweep 1/1 snr=12.000 ue=0/50 dlFrames=1/10 ulFrames=1/10 dlRows=150 ulRows=48.
[2026-04-17T12:32:59Z] INFO Coupled UL schedule complete: sweep=1/1 slot=10/10 active=50 granted=48 grants=48.
[2026-04-17T12:33:06Z] INFO Coupled UL PDCCH qualification complete: sweep=1/1 slot=10/10 executable_grants=48.
[2026-04-17T12:33:06Z] INFO Preparing coupled UL batches: sweep=1/1 slot=10/10 candidate_grants=48 batch_size=1.
[2026-04-17T12:33:06Z] INFO Prepared coupled UL chunk: sweep=1/1 slot=10/10 executable_plans=1 chunk=1-1 of 48.
[2026-04-17T12:33:06Z] INFO Executing coupled UL chunk: sweep=1/1 slot=10/10 chunk=1-1 of 48.
[2026-04-17T12:33:20Z] INFO Publishing coupled UL chunk results: sweep=1/1 slot=10/10 committed_rows=1 current_primary_rows=49.
[2026-04-17T12:33:29Z] INFO UL coupled publish: sweep 1/1 snr=12.000 ue=3/50 dlFrames=1/10 ulFrames=1/10 dlRows=150 ulRows=49.
[2026-04-17T12:33:30Z] INFO Prepared coupled UL chunk: sweep=1/1 slot=10/10 executable_plans=1 chunk=2-2 of 48.
[2026-04-17T12:33:30Z] INFO Executing coupled UL chunk: sweep=1/1 slot=10/10 chunk=2-2 of 48.
[2026-04-17T12:33:45Z] INFO Publishing coupled UL chunk results: sweep=1/1 slot=10/10 committed_rows=1 current_primary_rows=50.
[2026-04-17T12:33:54Z] INFO UL coupled publish: sweep 1/1 snr=12.000 ue=5/50 dlFrames=1/10 ulFrames=1/10 dlRows=150 ulRows=50.
[2026-04-17T12:33:54Z] INFO Prepared coupled UL chunk: sweep=1/1 slot=10/10 executable_plans=1 chunk=3-3 of 48.
[2026-04-17T12:33:54Z] INFO Executing coupled UL chunk: sweep=1/1 slot=10/10 chunk=3-3 of 48.
[2026-04-17T12:34:11Z] INFO Publishing coupled UL chunk results: sweep=1/1 slot=10/10 committed_rows=1 current_primary_rows=51.
[2026-04-17T12:34:20Z] INFO UL coupled publish: sweep 1/1 snr=12.000 ue=9/50 dlFrames=1/10 ulFrames=1/10 dlRows=150 ulRows=51.
[2026-04-17T12:34:20Z] INFO Prepared coupled UL chunk: sweep=1/1 slot=10/10 executable_plans=1 chunk=4-4 of 48.
[2026-04-17T12:34:20Z] INFO Executing coupled UL chunk: sweep=1/1 slot=10/10 chunk=4-4 of 48.
[2026-04-17T12:34:35Z] INFO Publishing coupled UL chunk results: sweep=1/1 slot=10/10 committed_rows=1 current_primary_rows=52.
[2026-04-17T12:34:44Z] INFO UL coupled publish: sweep 1/1 snr=12.000 ue=14/50 dlFrames=1/10 ulFrames=1/10 dlRows=150 ulRows=52.
[2026-04-17T12:34:44Z] INFO Prepared coupled UL chunk: sweep=1/1 slot=10/10 executable_plans=1 chunk=5-5 of 48.
[2026-04-17T12:34:44Z] INFO Executing coupled UL chunk: sweep=1/1 slot=10/10 chunk=5-5 of 48.
[2026-04-17T12:34:59Z] INFO Publishing coupled UL chunk results: sweep=1/1 slot=10/10 committed_rows=1 current_primary_rows=53.
[2026-04-17T12:35:08Z] INFO UL coupled publish: sweep 1/1 snr=12.000 ue=19/50 dlFrames=1/10 ulFrames=1/10 dlRows=150 ulRows=53.
[2026-04-17T12:35:09Z] INFO Prepared coupled UL chunk: sweep=1/1 slot=10/10 executable_plans=1 chunk=6-6 of 48.
[2026-04-17T12:35:09Z] INFO Executing coupled UL chunk: sweep=1/1 slot=10/10 chunk=6-6 of 48.
[2026-04-17T12:35:25Z] INFO Publishing coupled UL chunk results: sweep=1/1 slot=10/10 committed_rows=1 current_primary_rows=54.
[2026-04-17T12:35:34Z] INFO UL coupled publish: sweep 1/1 snr=12.000 ue=26/50 dlFrames=1/10 ulFrames=1/10 dlRows=150 ulRows=54.
[2026-04-17T12:35:34Z] INFO Prepared coupled UL chunk: sweep=1/1 slot=10/10 executable_plans=1 chunk=7-7 of 48.
[2026-04-17T12:35:34Z] INFO Executing coupled UL chunk: sweep=1/1 slot=10/10 chunk=7-7 of 48.
[2026-04-17T12:35:50Z] INFO Publishing coupled UL chunk results: sweep=1/1 slot=10/10 committed_rows=1 current_primary_rows=55.
[2026-04-17T12:35:59Z] INFO UL coupled publish: sweep 1/1 snr=12.000 ue=40/50 dlFrames=1/10 ulFrames=1/10 dlRows=150 ulRows=55.
[2026-04-17T12:35:59Z] INFO Prepared coupled UL chunk: sweep=1/1 slot=10/10 executable_plans=1 chunk=8-8 of 48.
[2026-04-17T12:35:59Z] INFO Executing coupled UL chunk: sweep=1/1 slot=10/10 chunk=8-8 of 48.
[2026-04-17T12:36:14Z] INFO Publishing coupled UL chunk results: sweep=1/1 slot=10/10 committed_rows=1 current_primary_rows=56.
[2026-04-17T12:36:23Z] INFO UL coupled publish: sweep 1/1 snr=12.000 ue=43/50 dlFrames=1/10 ulFrames=1/10 dlRows=150 ulRows=56.
[2026-04-17T12:36:23Z] INFO Prepared coupled UL chunk: sweep=1/1 slot=10/10 executable_plans=1 chunk=9-9 of 48.
[2026-04-17T12:36:23Z] INFO Executing coupled UL chunk: sweep=1/1 slot=10/10 chunk=9-9 of 48.
[2026-04-17T12:36:37Z] INFO Publishing coupled UL chunk results: sweep=1/1 slot=10/10 committed_rows=1 current_primary_rows=57.
[2026-04-17T12:36:46Z] INFO UL coupled publish: sweep 1/1 snr=12.000 ue=47/50 dlFrames=1/10 ulFrames=1/10 dlRows=150 ulRows=57.
[2026-04-17T12:36:46Z] INFO Prepared coupled UL chunk: sweep=1/1 slot=10/10 executable_plans=1 chunk=10-10 of 48.
[2026-04-17T12:36:46Z] INFO Executing coupled UL chunk: sweep=1/1 slot=10/10 chunk=10-10 of 48.
[2026-04-17T12:37:03Z] INFO Publishing coupled UL chunk results: sweep=1/1 slot=10/10 committed_rows=1 current_primary_rows=58.
[2026-04-17T12:37:12Z] INFO UL coupled publish: sweep 1/1 snr=12.000 ue=4/50 dlFrames=1/10 ulFrames=1/10 dlRows=150 ulRows=58.
[2026-04-17T12:37:12Z] INFO Prepared coupled UL chunk: sweep=1/1 slot=10/10 executable_plans=1 chunk=11-11 of 48.
[2026-04-17T12:37:12Z] INFO Executing coupled UL chunk: sweep=1/1 slot=10/10 chunk=11-11 of 48.
[2026-04-17T12:37:30Z] INFO Publishing coupled UL chunk results: sweep=1/1 slot=10/10 committed_rows=1 current_primary_rows=59.
[2026-04-17T12:37:39Z] INFO UL coupled publish: sweep 1/1 snr=12.000 ue=6/50 dlFrames=1/10 ulFrames=1/10 dlRows=150 ulRows=59.
[2026-04-17T12:37:40Z] INFO Prepared coupled UL chunk: sweep=1/1 slot=10/10 executable_plans=1 chunk=12-12 of 48.
[2026-04-17T12:37:40Z] INFO Executing coupled UL chunk: sweep=1/1 slot=10/10 chunk=12-12 of 48.
[2026-04-17T12:37:56Z] INFO Publishing coupled UL chunk results: sweep=1/1 slot=10/10 committed_rows=1 current_primary_rows=60.
[2026-04-17T12:38:05Z] INFO UL coupled publish: sweep 1/1 snr=12.000 ue=10/50 dlFrames=1/10 ulFrames=1/10 dlRows=150 ulRows=60.
[2026-04-17T12:38:05Z] INFO Prepared coupled UL chunk: sweep=1/1 slot=10/10 executable_plans=1 chunk=13-13 of 48.
[2026-04-17T12:38:05Z] INFO Executing coupled UL chunk: sweep=1/1 slot=10/10 chunk=13-13 of 48.
[2026-04-17T12:38:25Z] INFO Publishing coupled UL chunk results: sweep=1/1 slot=10/10 committed_rows=1 current_primary_rows=61.
[2026-04-17T12:38:34Z] INFO UL coupled publish: sweep 1/1 snr=12.000 ue=29/50 dlFrames=1/10 ulFrames=1/10 dlRows=150 ulRows=61.
[2026-04-17T12:38:34Z] INFO Prepared coupled UL chunk: sweep=1/1 slot=10/10 executable_plans=1 chunk=14-14 of 48.
[2026-04-17T12:38:34Z] INFO Executing coupled UL chunk: sweep=1/1 slot=10/10 chunk=14-14 of 48.
[2026-04-17T12:38:50Z] INFO Publishing coupled UL chunk results: sweep=1/1 slot=10/10 committed_rows=1 current_primary_rows=62.
[2026-04-17T12:38:59Z] INFO UL coupled publish: sweep 1/1 snr=12.000 ue=41/50 dlFrames=1/10 ulFrames=1/10 dlRows=150 ulRows=62.
[2026-04-17T12:39:00Z] INFO Prepared coupled UL chunk: sweep=1/1 slot=10/10 executable_plans=1 chunk=15-15 of 48.
[2026-04-17T12:39:00Z] INFO Executing coupled UL chunk: sweep=1/1 slot=10/10 chunk=15-15 of 48.
[2026-04-17T12:39:18Z] INFO Publishing coupled UL chunk results: sweep=1/1 slot=10/10 committed_rows=1 current_primary_rows=63.
[2026-04-17T12:39:27Z] INFO UL coupled publish: sweep 1/1 snr=12.000 ue=45/50 dlFrames=1/10 ulFrames=1/10 dlRows=150 ulRows=63.
[2026-04-17T12:39:27Z] INFO Prepared coupled UL chunk: sweep=1/1 slot=10/10 executable_plans=1 chunk=16-16 of 48.
[2026-04-17T12:39:27Z] INFO Executing coupled UL chunk: sweep=1/1 slot=10/10 chunk=16-16 of 48.
[2026-04-17T12:39:44Z] INFO Publishing coupled UL chunk results: sweep=1/1 slot=10/10 committed_rows=1 current_primary_rows=64.
[2026-04-17T12:39:53Z] INFO UL coupled publish: sweep 1/1 snr=12.000 ue=50/50 dlFrames=1/10 ulFrames=1/10 dlRows=150 ulRows=64.
[2026-04-17T12:39:53Z] INFO Prepared coupled UL chunk: sweep=1/1 slot=10/10 executable_plans=1 chunk=17-17 of 48.
[2026-04-17T12:39:53Z] INFO Executing coupled UL chunk: sweep=1/1 slot=10/10 chunk=17-17 of 48.
[2026-04-17T12:40:09Z] INFO Publishing coupled UL chunk results: sweep=1/1 slot=10/10 committed_rows=1 current_primary_rows=65.
[2026-04-17T12:40:19Z] INFO UL coupled publish: sweep 1/1 snr=12.000 ue=35/50 dlFrames=1/10 ulFrames=1/10 dlRows=150 ulRows=65.
[2026-04-17T12:40:19Z] INFO Prepared coupled UL chunk: sweep=1/1 slot=10/10 executable_plans=1 chunk=18-18 of 48.
[2026-04-17T12:40:19Z] INFO Executing coupled UL chunk: sweep=1/1 slot=10/10 chunk=18-18 of 48.
[2026-04-17T12:40:33Z] INFO Publishing coupled UL chunk results: sweep=1/1 slot=10/10 committed_rows=1 current_primary_rows=66.
[2026-04-17T12:40:42Z] INFO UL coupled publish: sweep 1/1 snr=12.000 ue=12/50 dlFrames=1/10 ulFrames=1/10 dlRows=150 ulRows=66.
[2026-04-17T12:40:42Z] INFO Prepared coupled UL chunk: sweep=1/1 slot=10/10 executable_plans=1 chunk=19-19 of 48.
[2026-04-17T12:40:42Z] INFO Executing coupled UL chunk: sweep=1/1 slot=10/10 chunk=19-19 of 48.
[2026-04-17T12:40:57Z] INFO Publishing coupled UL chunk results: sweep=1/1 slot=10/10 committed_rows=1 current_primary_rows=67.
[2026-04-17T12:41:06Z] INFO UL coupled publish: sweep 1/1 snr=12.000 ue=13/50 dlFrames=1/10 ulFrames=1/10 dlRows=150 ulRows=67.
[2026-04-17T12:41:07Z] INFO Prepared coupled UL chunk: sweep=1/1 slot=10/10 executable_plans=1 chunk=20-20 of 48.
[2026-04-17T12:41:07Z] INFO Executing coupled UL chunk: sweep=1/1 slot=10/10 chunk=20-20 of 48.
[2026-04-17T12:41:23Z] INFO Publishing coupled UL chunk results: sweep=1/1 slot=10/10 committed_rows=1 current_primary_rows=68.
[2026-04-17T12:41:32Z] INFO UL coupled publish: sweep 1/1 snr=12.000 ue=18/50 dlFrames=1/10 ulFrames=1/10 dlRows=150 ulRows=68.
[2026-04-17T12:41:33Z] INFO Prepared coupled UL chunk: sweep=1/1 slot=10/10 executable_plans=1 chunk=21-21 of 48.
[2026-04-17T12:41:33Z] INFO Executing coupled UL chunk: sweep=1/1 slot=10/10 chunk=21-21 of 48.
[2026-04-17T12:41:48Z] INFO Publishing coupled UL chunk results: sweep=1/1 slot=10/10 committed_rows=1 current_primary_rows=69.
[2026-04-17T12:41:57Z] INFO UL coupled publish: sweep 1/1 snr=12.000 ue=23/50 dlFrames=1/10 ulFrames=1/10 dlRows=150 ulRows=69.
[2026-04-17T12:41:57Z] INFO Prepared coupled UL chunk: sweep=1/1 slot=10/10 executable_plans=1 chunk=22-22 of 48.
[2026-04-17T12:41:57Z] INFO Executing coupled UL chunk: sweep=1/1 slot=10/10 chunk=22-22 of 48.
[2026-04-17T12:42:12Z] INFO Publishing coupled UL chunk results: sweep=1/1 slot=10/10 committed_rows=1 current_primary_rows=70.
[2026-04-17T12:42:22Z] INFO UL coupled publish: sweep 1/1 snr=12.000 ue=15/50 dlFrames=1/10 ulFrames=1/10 dlRows=150 ulRows=70.
[2026-04-17T12:42:22Z] INFO Prepared coupled UL chunk: sweep=1/1 slot=10/10 executable_plans=1 chunk=23-23 of 48.
[2026-04-17T12:42:22Z] INFO Executing coupled UL chunk: sweep=1/1 slot=10/10 chunk=23-23 of 48.
[2026-04-17T12:42:38Z] INFO Publishing coupled UL chunk results: sweep=1/1 slot=10/10 committed_rows=1 current_primary_rows=71.
[2026-04-17T12:42:48Z] INFO UL coupled publish: sweep 1/1 snr=12.000 ue=24/50 dlFrames=1/10 ulFrames=1/10 dlRows=150 ulRows=71.
[2026-04-17T12:42:48Z] INFO Prepared coupled UL chunk: sweep=1/1 slot=10/10 executable_plans=1 chunk=24-24 of 48.
[2026-04-17T12:42:48Z] INFO Executing coupled UL chunk: sweep=1/1 slot=10/10 chunk=24-24 of 48.
[2026-04-17T12:43:03Z] INFO Publishing coupled UL chunk results: sweep=1/1 slot=10/10 committed_rows=1 current_primary_rows=72.
[2026-04-17T12:43:12Z] INFO UL coupled publish: sweep 1/1 snr=12.000 ue=2/50 dlFrames=1/10 ulFrames=1/10 dlRows=150 ulRows=72.
[2026-04-17T12:43:12Z] INFO Prepared coupled UL chunk: sweep=1/1 slot=10/10 executable_plans=1 chunk=25-25 of 48.
[2026-04-17T12:43:12Z] INFO Executing coupled UL chunk: sweep=1/1 slot=10/10 chunk=25-25 of 48.
[2026-04-17T12:43:28Z] INFO Publishing coupled UL chunk results: sweep=1/1 slot=10/10 committed_rows=1 current_primary_rows=73.
[2026-04-17T12:43:37Z] INFO UL coupled publish: sweep 1/1 snr=12.000 ue=16/50 dlFrames=1/10 ulFrames=1/10 dlRows=150 ulRows=73.
[2026-04-17T12:43:37Z] INFO Prepared coupled UL chunk: sweep=1/1 slot=10/10 executable_plans=1 chunk=26-26 of 48.
[2026-04-17T12:43:37Z] INFO Executing coupled UL chunk: sweep=1/1 slot=10/10 chunk=26-26 of 48.
[2026-04-17T12:43:51Z] INFO Publishing coupled UL chunk results: sweep=1/1 slot=10/10 committed_rows=1 current_primary_rows=74.
[2026-04-17T12:44:00Z] INFO UL coupled publish: sweep 1/1 snr=12.000 ue=33/50 dlFrames=1/10 ulFrames=1/10 dlRows=150 ulRows=74.
[2026-04-17T12:44:00Z] INFO Prepared coupled UL chunk: sweep=1/1 slot=10/10 executable_plans=1 chunk=27-27 of 48.
[2026-04-17T12:44:00Z] INFO Executing coupled UL chunk: sweep=1/1 slot=10/10 chunk=27-27 of 48.
[2026-04-17T12:44:13Z] INFO Publishing coupled UL chunk results: sweep=1/1 slot=10/10 committed_rows=1 current_primary_rows=75.
[2026-04-17T12:44:22Z] INFO UL coupled publish: sweep 1/1 snr=12.000 ue=22/50 dlFrames=1/10 ulFrames=1/10 dlRows=150 ulRows=75.
[2026-04-17T12:44:22Z] INFO Prepared coupled UL chunk: sweep=1/1 slot=10/10 executable_plans=1 chunk=28-28 of 48.
[2026-04-17T12:44:22Z] INFO Executing coupled UL chunk: sweep=1/1 slot=10/10 chunk=28-28 of 48.
[2026-04-17T12:44:39Z] INFO Publishing coupled UL chunk results: sweep=1/1 slot=10/10 committed_rows=1 current_primary_rows=76.
[2026-04-17T12:44:48Z] INFO UL coupled publish: sweep 1/1 snr=12.000 ue=32/50 dlFrames=1/10 ulFrames=1/10 dlRows=150 ulRows=76.
[2026-04-17T12:44:48Z] INFO Prepared coupled UL chunk: sweep=1/1 slot=10/10 executable_plans=1 chunk=29-29 of 48.
[2026-04-17T12:44:48Z] INFO Executing coupled UL chunk: sweep=1/1 slot=10/10 chunk=29-29 of 48.
[2026-04-17T12:45:05Z] INFO Publishing coupled UL chunk results: sweep=1/1 slot=10/10 committed_rows=1 current_primary_rows=77.
[2026-04-17T12:45:15Z] INFO UL coupled publish: sweep 1/1 snr=12.000 ue=34/50 dlFrames=1/10 ulFrames=1/10 dlRows=150 ulRows=77.
[2026-04-17T12:45:15Z] INFO Prepared coupled UL chunk: sweep=1/1 slot=10/10 executable_plans=1 chunk=30-30 of 48.
[2026-04-17T12:45:15Z] INFO Executing coupled UL chunk: sweep=1/1 slot=10/10 chunk=30-30 of 48.
[2026-04-17T12:45:32Z] INFO Publishing coupled UL chunk results: sweep=1/1 slot=10/10 committed_rows=1 current_primary_rows=78.
[2026-04-17T12:45:41Z] INFO UL coupled publish: sweep 1/1 snr=12.000 ue=37/50 dlFrames=1/10 ulFrames=1/10 dlRows=150 ulRows=78.
[2026-04-17T12:45:41Z] INFO Prepared coupled UL chunk: sweep=1/1 slot=10/10 executable_plans=1 chunk=31-31 of 48.
[2026-04-17T12:45:41Z] INFO Executing coupled UL chunk: sweep=1/1 slot=10/10 chunk=31-31 of 48.
[2026-04-17T12:45:58Z] INFO Publishing coupled UL chunk results: sweep=1/1 slot=10/10 committed_rows=1 current_primary_rows=79.
[2026-04-17T12:46:07Z] INFO UL coupled publish: sweep 1/1 snr=12.000 ue=38/50 dlFrames=1/10 ulFrames=1/10 dlRows=150 ulRows=79.
[2026-04-17T12:46:07Z] INFO Prepared coupled UL chunk: sweep=1/1 slot=10/10 executable_plans=1 chunk=32-32 of 48.
[2026-04-17T12:46:07Z] INFO Executing coupled UL chunk: sweep=1/1 slot=10/10 chunk=32-32 of 48.
[2026-04-17T12:46:24Z] INFO Publishing coupled UL chunk results: sweep=1/1 slot=10/10 committed_rows=1 current_primary_rows=80.
[2026-04-17T12:46:33Z] INFO UL coupled publish: sweep 1/1 snr=12.000 ue=44/50 dlFrames=1/10 ulFrames=1/10 dlRows=150 ulRows=80.
[2026-04-17T12:46:33Z] INFO Prepared coupled UL chunk: sweep=1/1 slot=10/10 executable_plans=1 chunk=33-33 of 48.
[2026-04-17T12:46:33Z] INFO Executing coupled UL chunk: sweep=1/1 slot=10/10 chunk=33-33 of 48.
[2026-04-17T12:46:50Z] INFO Publishing coupled UL chunk results: sweep=1/1 slot=10/10 committed_rows=1 current_primary_rows=81.
[2026-04-17T12:46:59Z] INFO UL coupled publish: sweep 1/1 snr=12.000 ue=49/50 dlFrames=1/10 ulFrames=1/10 dlRows=150 ulRows=81.
[2026-04-17T12:46:59Z] INFO Prepared coupled UL chunk: sweep=1/1 slot=10/10 executable_plans=1 chunk=34-34 of 48.
[2026-04-17T12:46:59Z] INFO Executing coupled UL chunk: sweep=1/1 slot=10/10 chunk=34-34 of 48.
[2026-04-17T12:47:16Z] INFO Publishing coupled UL chunk results: sweep=1/1 slot=10/10 committed_rows=1 current_primary_rows=82.
[2026-04-17T12:47:25Z] INFO UL coupled publish: sweep 1/1 snr=12.000 ue=42/50 dlFrames=1/10 ulFrames=1/10 dlRows=150 ulRows=82.
[2026-04-17T12:47:26Z] INFO Prepared coupled UL chunk: sweep=1/1 slot=10/10 executable_plans=1 chunk=35-35 of 48.
[2026-04-17T12:47:26Z] INFO Executing coupled UL chunk: sweep=1/1 slot=10/10 chunk=35-35 of 48.
[2026-04-17T12:47:44Z] INFO Publishing coupled UL chunk results: sweep=1/1 slot=10/10 committed_rows=1 current_primary_rows=83.
[2026-04-17T12:47:53Z] INFO UL coupled publish: sweep 1/1 snr=12.000 ue=20/50 dlFrames=1/10 ulFrames=1/10 dlRows=150 ulRows=83.
[2026-04-17T12:47:53Z] INFO Prepared coupled UL chunk: sweep=1/1 slot=10/10 executable_plans=1 chunk=36-36 of 48.
[2026-04-17T12:47:53Z] INFO Executing coupled UL chunk: sweep=1/1 slot=10/10 chunk=36-36 of 48.
[2026-04-17T12:48:04Z] INFO Publishing coupled UL chunk results: sweep=1/1 slot=10/10 committed_rows=1 current_primary_rows=84.
[2026-04-17T12:48:14Z] INFO UL coupled publish: sweep 1/1 snr=12.000 ue=8/50 dlFrames=1/10 ulFrames=1/10 dlRows=150 ulRows=84.
[2026-04-17T12:48:14Z] INFO Prepared coupled UL chunk: sweep=1/1 slot=10/10 executable_plans=1 chunk=37-37 of 48.
[2026-04-17T12:48:14Z] INFO Executing coupled UL chunk: sweep=1/1 slot=10/10 chunk=37-37 of 48.
[2026-04-17T12:48:25Z] INFO Publishing coupled UL chunk results: sweep=1/1 slot=10/10 committed_rows=1 current_primary_rows=85.
[2026-04-17T12:48:34Z] INFO UL coupled publish: sweep 1/1 snr=12.000 ue=7/50 dlFrames=1/10 ulFrames=1/10 dlRows=150 ulRows=85.
[2026-04-17T12:48:35Z] INFO Prepared coupled UL chunk: sweep=1/1 slot=10/10 executable_plans=1 chunk=38-38 of 48.
[2026-04-17T12:48:35Z] INFO Executing coupled UL chunk: sweep=1/1 slot=10/10 chunk=38-38 of 48.
[2026-04-17T12:48:51Z] INFO Publishing coupled UL chunk results: sweep=1/1 slot=10/10 committed_rows=1 current_primary_rows=86.
[2026-04-17T12:49:01Z] INFO UL coupled publish: sweep 1/1 snr=12.000 ue=11/50 dlFrames=1/10 ulFrames=1/10 dlRows=150 ulRows=86.
[2026-04-17T12:49:01Z] INFO Prepared coupled UL chunk: sweep=1/1 slot=10/10 executable_plans=1 chunk=39-39 of 48.
[2026-04-17T12:49:01Z] INFO Executing coupled UL chunk: sweep=1/1 slot=10/10 chunk=39-39 of 48.
[2026-04-17T12:49:16Z] INFO Publishing coupled UL chunk results: sweep=1/1 slot=10/10 committed_rows=1 current_primary_rows=87.
[2026-04-17T12:49:26Z] INFO UL coupled publish: sweep 1/1 snr=12.000 ue=25/50 dlFrames=1/10 ulFrames=1/10 dlRows=150 ulRows=87.
[2026-04-17T12:49:26Z] INFO Prepared coupled UL chunk: sweep=1/1 slot=10/10 executable_plans=1 chunk=40-40 of 48.
[2026-04-17T12:49:26Z] INFO Executing coupled UL chunk: sweep=1/1 slot=10/10 chunk=40-40 of 48.
[2026-04-17T12:49:40Z] INFO Publishing coupled UL chunk results: sweep=1/1 slot=10/10 committed_rows=1 current_primary_rows=88.
[2026-04-17T12:49:49Z] INFO UL coupled publish: sweep 1/1 snr=12.000 ue=27/50 dlFrames=1/10 ulFrames=1/10 dlRows=150 ulRows=88.
[2026-04-17T12:49:49Z] INFO Prepared coupled UL chunk: sweep=1/1 slot=10/10 executable_plans=1 chunk=41-41 of 48.
[2026-04-17T12:49:49Z] INFO Executing coupled UL chunk: sweep=1/1 slot=10/10 chunk=41-41 of 48.
[2026-04-17T12:50:06Z] INFO Publishing coupled UL chunk results: sweep=1/1 slot=10/10 committed_rows=1 current_primary_rows=89.
[2026-04-17T12:50:15Z] INFO UL coupled publish: sweep 1/1 snr=12.000 ue=28/50 dlFrames=1/10 ulFrames=1/10 dlRows=150 ulRows=89.
[2026-04-17T12:50:15Z] INFO Prepared coupled UL chunk: sweep=1/1 slot=10/10 executable_plans=1 chunk=42-42 of 48.
[2026-04-17T12:50:15Z] INFO Executing coupled UL chunk: sweep=1/1 slot=10/10 chunk=42-42 of 48.
[2026-04-17T12:50:29Z] INFO Publishing coupled UL chunk results: sweep=1/1 slot=10/10 committed_rows=1 current_primary_rows=90.
[2026-04-17T12:50:39Z] INFO UL coupled publish: sweep 1/1 snr=12.000 ue=30/50 dlFrames=1/10 ulFrames=1/10 dlRows=150 ulRows=90.
[2026-04-17T12:50:39Z] INFO Prepared coupled UL chunk: sweep=1/1 slot=10/10 executable_plans=1 chunk=43-43 of 48.
[2026-04-17T12:50:39Z] INFO Executing coupled UL chunk: sweep=1/1 slot=10/10 chunk=43-43 of 48.
[2026-04-17T12:50:56Z] INFO Publishing coupled UL chunk results: sweep=1/1 slot=10/10 committed_rows=1 current_primary_rows=91.
[2026-04-17T12:51:05Z] INFO UL coupled publish: sweep 1/1 snr=12.000 ue=31/50 dlFrames=1/10 ulFrames=1/10 dlRows=150 ulRows=91.
[2026-04-17T12:51:05Z] INFO Prepared coupled UL chunk: sweep=1/1 slot=10/10 executable_plans=1 chunk=44-44 of 48.
[2026-04-17T12:51:05Z] INFO Executing coupled UL chunk: sweep=1/1 slot=10/10 chunk=44-44 of 48.
[2026-04-17T12:51:19Z] INFO Publishing coupled UL chunk results: sweep=1/1 slot=10/10 committed_rows=1 current_primary_rows=92.
[2026-04-17T12:51:29Z] INFO UL coupled publish: sweep 1/1 snr=12.000 ue=36/50 dlFrames=1/10 ulFrames=1/10 dlRows=150 ulRows=92.
[2026-04-17T12:51:29Z] INFO Prepared coupled UL chunk: sweep=1/1 slot=10/10 executable_plans=1 chunk=45-45 of 48.
[2026-04-17T12:51:29Z] INFO Executing coupled UL chunk: sweep=1/1 slot=10/10 chunk=45-45 of 48.
[2026-04-17T12:51:44Z] INFO Publishing coupled UL chunk results: sweep=1/1 slot=10/10 committed_rows=1 current_primary_rows=93.
[2026-04-17T12:51:53Z] INFO UL coupled publish: sweep 1/1 snr=12.000 ue=21/50 dlFrames=1/10 ulFrames=1/10 dlRows=150 ulRows=93.
[2026-04-17T12:51:54Z] INFO Prepared coupled UL chunk: sweep=1/1 slot=10/10 executable_plans=1 chunk=46-46 of 48.
[2026-04-17T12:51:54Z] INFO Executing coupled UL chunk: sweep=1/1 slot=10/10 chunk=46-46 of 48.
[2026-04-17T12:52:10Z] INFO Publishing coupled UL chunk results: sweep=1/1 slot=10/10 committed_rows=1 current_primary_rows=94.
[2026-04-17T12:52:20Z] INFO UL coupled publish: sweep 1/1 snr=12.000 ue=1/50 dlFrames=1/10 ulFrames=1/10 dlRows=150 ulRows=94.
[2026-04-17T12:52:20Z] INFO Prepared coupled UL chunk: sweep=1/1 slot=10/10 executable_plans=1 chunk=47-47 of 48.
[2026-04-17T12:52:20Z] INFO Executing coupled UL chunk: sweep=1/1 slot=10/10 chunk=47-47 of 48.
[2026-04-17T12:52:35Z] INFO Publishing coupled UL chunk results: sweep=1/1 slot=10/10 committed_rows=1 current_primary_rows=95.
[2026-04-17T12:52:45Z] INFO UL coupled publish: sweep 1/1 snr=12.000 ue=17/50 dlFrames=1/10 ulFrames=1/10 dlRows=150 ulRows=95.
[2026-04-17T12:52:45Z] INFO Prepared coupled UL chunk: sweep=1/1 slot=10/10 executable_plans=1 chunk=48-48 of 48.
[2026-04-17T12:52:45Z] INFO Executing coupled UL chunk: sweep=1/1 slot=10/10 chunk=48-48 of 48.
[2026-04-17T12:52:58Z] INFO Publishing coupled UL chunk results: sweep=1/1 slot=10/10 committed_rows=1 current_primary_rows=96.
[2026-04-17T12:53:07Z] INFO UL coupled publish: sweep 1/1 snr=12.000 ue=39/50 dlFrames=1/10 ulFrames=1/10 dlRows=150 ulRows=96.
[2026-04-17T12:53:07Z] INFO DL raw trial sweep progress: point 1/1 at 12.000 dB, rows=150.
[2026-04-17T12:53:07Z] INFO UL raw trial sweep progress: point 1/1 at 12.000 dB, rows=96.
[Warning: MATLAB has disabled some advanced graphics rendering features by switching to software OpenGL. For more information, click <a href="matlab:opengl('problems')">here</a>.] 
[2026-04-17T12:54:39Z] INFO Waveform bundle finished: ok=1
[2026-04-17T12:54:40Z] INFO Control-plane trace export complete.
[2026-04-17T12:54:40Z] INFO Runner profile completed. result.Ok=1
[2026-04-17T12:54:40Z] INFO Scenario status aggregated: completion=completed resultOk=1 requiredFailures=0 optionalPruned=0
[2026-04-17T12:54:40Z] INFO Annotating CSV artifacts.
[2026-04-17T12:54:40Z] INFO Writing scenario summary CSV.
[2026-04-17T12:54:40Z] INFO Writing runtime and environment summaries.
[2026-04-17T12:54:41Z] INFO Writing scenario manifest.
[2026-04-17T12:54:41Z] INFO Exporting config-ownership and hardcoding audit artifacts.
[2026-04-17T12:54:45Z] INFO Runtime truth contract evaluated: ok=1 roundtripMismatch=0 evidenceMissing=0 strictFailures=0
[2026-04-17T12:54:45Z] INFO Rewriting scenario summary CSV with final truth-gated status.
[2026-04-17T12:54:46Z] INFO Rewriting scenario manifest with final truth-gated status.
[2026-04-17T12:54:46Z] INFO Exporting LLS reporting bundle.
[2026-04-17T12:55:14Z] INFO Scanning truth primary artifacts for active proxy/fallback markers.
[2026-04-17T12:55:36Z] INFO Exporting output-coverage and honest-unavailable artifacts.
[2026-04-17T12:55:36Z] ERROR Run failed: MATLAB:datetime:UnsupportedSymbol | The format 'yyyy-MM-dd''T''HH:mm:ss''Z''' contains an unsupported symbol: 'T'. See the <a href="matlab:doc('datetime.Format')">datetime.Format property</a> for a complete description of the identifiers used in datetime formats.
{Error using datetime
The format 'yyyy-MM-dd''T''HH:mm:ss''Z''' contains an unsupported symbol: 'T'. See the <a
href="matlab:doc('datetime.Format')">datetime.Format property</a> for a complete description of the identifiers used in datetime formats.

Error in sixgr.truth.exportLLSOutputCoverageArtifacts>localCoverageLog (line 2817)
    sixgr.db.appendLogLine("INFO", string(datetime("now", "TimeZone", "UTC", "Format", "yyyy-MM-dd''T''HH:mm:ss''Z''")), string(msg));

Error in sixgr.truth.exportLLSOutputCoverageArtifacts (line 13)
localCoverageLog("start", runFolder);

Error in sixgr.lls6g.runners.runSingle>localExecutePreparedScenario (line 725)
    outputCoverage = sixgr.truth.exportLLSOutputCoverageArtifacts(runFolder, scfg, cfg);

Error in sixgr.lls6g.runners.runSingle (line 30)
execOut = localExecutePreparedScenario(scfg, runFolder, leaf, logicalRunFolder);

Error in run_6g_phy_lls_single (line 14)
out = sixgr.lls6g.runners.runSingle(configPath, outputDir, runTag);
} 
ERROR: MATLAB error Exit Status: 0x00000001
