SERVER_VALIDATION_START scope=focused_tests MATLAB=26.1.0.3312084 (R2026a) Update 4 release=2026a
TOOLBOX 5G Toolbox | 26.1 | (R2026a)
TOOLBOX 6G Exploration Library for 5G Toolbox | 26.1.5 | (R2026a)
TOOLBOX AUTOSAR Blockset | 26.1 | (R2026a)
TOOLBOX Aerospace Blockset | 26.1 | (R2026a)
TOOLBOX Aerospace Toolbox | 26.1 | (R2026a)
TOOLBOX Antenna Toolbox | 26.1 | (R2026a)
TOOLBOX Audio Toolbox | 26.1 | (R2026a)
TOOLBOX Automated Driving Toolbox | 26.1 | (R2026a)
TOOLBOX Bioinformatics Toolbox | 26.1 | (R2026a)
TOOLBOX Bluetooth Toolbox | 26.1 | (R2026a)
TOOLBOX C2000 Microcontroller Blockset | 26.1 | (R2026a)
TOOLBOX Communications Toolbox | 26.1 | (R2026a)
TOOLBOX Computer Vision Toolbox | 26.1 | (R2026a)
TOOLBOX Control System Toolbox | 26.1 | (R2026a)
TOOLBOX Curve Fitting Toolbox | 26.1 | (R2026a)
TOOLBOX DDS Blockset | 26.1 | (R2026a)
TOOLBOX DSP HDL Toolbox | 26.1 | (R2026a)
TOOLBOX DSP System Toolbox | 26.1 | (R2026a)
TOOLBOX Data Acquisition Toolbox | 26.1 | (R2026a)
TOOLBOX Database Toolbox | 26.1 | (R2026a)
TOOLBOX Datafeed Toolbox | 26.1 | (R2026a)
TOOLBOX Deep Learning HDL Toolbox | 26.1 | (R2026a)
TOOLBOX Deep Learning Toolbox | 26.1 | (R2026a)
TOOLBOX Econometrics Toolbox | 26.1 | (R2026a)
TOOLBOX Embedded Coder | 26.1 | (R2026a)
TOOLBOX Financial Instruments Toolbox | 26.1 | (R2026a)
TOOLBOX Financial Toolbox | 26.1 | (R2026a)
TOOLBOX Fixed-Point Designer | 26.1 | (R2026a)
TOOLBOX Fuzzy Logic Toolbox | 26.1 | (R2026a)
TOOLBOX GPU Coder | 26.1 | (R2026a)
TOOLBOX Global Optimization Toolbox | 26.1 | (R2026a)
TOOLBOX HDL Coder | 26.1 | (R2026a)
TOOLBOX HDL Verifier | 26.1 | (R2026a)
TOOLBOX Image Acquisition Toolbox | 26.1 | (R2026a)
TOOLBOX Image Processing Toolbox | 26.1 | (R2026a)
TOOLBOX Industrial Communication Toolbox | 26.1 | (R2026a)
TOOLBOX Instrument Control Toolbox | 26.1 | (R2026a)
TOOLBOX LTE Toolbox | 26.1 | (R2026a)
TOOLBOX Lidar Toolbox | 26.1 | (R2026a)
TOOLBOX MATLAB | 26.1 | (R2026a)
TOOLBOX MATLAB Coder | 26.1 | (R2026a)
TOOLBOX MATLAB Compiler | 26.1 | (R2026a)
TOOLBOX MATLAB Compiler SDK | 26.1 | (R2026a)
TOOLBOX MATLAB Report Generator | 26.1 | (R2026a)
TOOLBOX MATLAB Test | 26.1 | (R2026a)
TOOLBOX Mapping Toolbox | 26.1 | (R2026a)
TOOLBOX Medical Imaging Toolbox | 26.1 | (R2026a)
TOOLBOX Mixed-Signal Blockset | 26.1 | (R2026a)
TOOLBOX Model Predictive Control Toolbox | 26.1 | (R2026a)
TOOLBOX Model-Based Calibration Toolbox | 26.1 | (R2026a)
TOOLBOX Motor Control Blockset | 26.1 | (R2026a)
TOOLBOX Navigation Toolbox | 26.1 | (R2026a)
TOOLBOX Optimization Toolbox | 26.1 | (R2026a)
TOOLBOX Parallel Computing Toolbox | 26.1 | (R2026a)
TOOLBOX Partial Differential Equation Toolbox | 26.1 | (R2026a)
TOOLBOX Phased Array System Toolbox | 26.1 | (R2026a)
TOOLBOX Powertrain Blockset | 26.1 | (R2026a)
TOOLBOX Predictive Maintenance Toolbox | 26.1 | (R2026a)
TOOLBOX RF Blockset | 26.1 | (R2026a)
TOOLBOX RF PCB Toolbox | 26.1 | (R2026a)
TOOLBOX RF Toolbox | 26.1 | (R2026a)
TOOLBOX ROS Toolbox | 26.1 | (R2026a)
TOOLBOX Radar Toolbox | 26.1 | (R2026a)
TOOLBOX Raspberry Pi Blockset | 26.1 | (R2026a)
TOOLBOX Reinforcement Learning Toolbox | 26.1 | (R2026a)
TOOLBOX Requirements Toolbox | 26.1 | (R2026a)
TOOLBOX Risk Management Toolbox | 26.1 | (R2026a)
TOOLBOX Robotics System Toolbox | 26.1 | (R2026a)
TOOLBOX Robust Control Toolbox | 26.1 | (R2026a)
TOOLBOX STM32 Microcontroller Blockset | 26.1 | (R2026a)
TOOLBOX Satellite Communications Toolbox | 26.1 | (R2026a)
TOOLBOX Sensor Fusion and Tracking Toolbox | 26.1 | (R2026a)
TOOLBOX SerDes Toolbox | 26.1 | (R2026a)
TOOLBOX Signal Integrity Toolbox | 26.1 | (R2026a)
TOOLBOX Signal Processing Toolbox | 26.1 | (R2026a)
TOOLBOX SimBiology | 26.1 | (R2026a)
TOOLBOX SimEvents | 26.1 | (R2026a)
TOOLBOX Simscape | 26.1 | (R2026a)
TOOLBOX Simscape Battery | 26.1 | (R2026a)
TOOLBOX Simscape Driveline | 26.1 | (R2026a)
TOOLBOX Simscape Electrical | 26.1 | (R2026a)
TOOLBOX Simscape Fluids | 26.1 | (R2026a)
TOOLBOX Simscape Multibody | 26.1 | (R2026a)
TOOLBOX Simulink | 26.1 | (R2026a)
TOOLBOX Simulink 3D Animation | 26.1 | (R2026a)
TOOLBOX Simulink Check | 26.1 | (R2026a)
TOOLBOX Simulink Code Inspector | 26.1 | (R2026a)
TOOLBOX Simulink Coder | 26.1 | (R2026a)
TOOLBOX Simulink Compiler | 26.1 | (R2026a)
TOOLBOX Simulink Control Design | 26.1 | (R2026a)
TOOLBOX Simulink Coverage | 26.1 | (R2026a)
TOOLBOX Simulink Design Optimization | 26.1 | (R2026a)
TOOLBOX Simulink Design Verifier | 26.1 | (R2026a)
TOOLBOX Simulink Desktop Real-Time | 26.1 | (R2026a)
TOOLBOX Simulink FMU Builder | 26.1 | (R2026a)
TOOLBOX Simulink Fault Analyzer | 26.1 | (R2026a)
TOOLBOX Simulink PLC Coder | 26.1 | (R2026a)
TOOLBOX Simulink Real-Time | 26.1 | (R2026a)
TOOLBOX Simulink Report Generator | 26.1 | (R2026a)
TOOLBOX Simulink Test | 26.1 | (R2026a)
TOOLBOX SoC Blockset | 26.1 | (R2026a)
TOOLBOX Spreadsheet Link | 26.1 | (R2026a)
TOOLBOX Stateflow | 26.1 | (R2026a)
TOOLBOX Statistics and Machine Learning Toolbox | 26.1 | (R2026a)
TOOLBOX Symbolic Math Toolbox | 26.1 | (R2026a)
TOOLBOX System Composer | 26.1 | (R2026a)
TOOLBOX System Identification Toolbox | 26.1 | (R2026a)
TOOLBOX Text Analytics Toolbox | 26.1 | (R2026a)
TOOLBOX UAV Toolbox | 26.1 | (R2026a)
TOOLBOX Vehicle Dynamics Blockset | 26.1 | (R2026a)
TOOLBOX Vehicle Network Toolbox | 26.1 | (R2026a)
TOOLBOX Vision HDL Toolbox | 26.1 | (R2026a)
TOOLBOX WLAN Toolbox | 26.1 | (R2026a)
TOOLBOX Wavelet Toolbox | 26.1 | (R2026a)
TOOLBOX Wireless HDL Toolbox | 26.1 | (R2026a)
TOOLBOX Wireless Network Toolbox | 26.1 | (R2026a)
TOOLBOX Wireless Testbench | 26.1 | (R2026a)
[setup] Added paths under: C:\Users\anup0\AppData\Local\Temp\sixgr_type2_runtime_20260913
[setup] OK  : 5G Toolbox                   (nrOFDMInfo)
[setup] OK  : 5G Toolbox                   (nrPUSCH)
[setup] OK  : 5G Toolbox                   (nrPDSCH)
[setup] OK  : 5G Toolbox                   (nrLDPCEncode)
[setup] OK  : 5G Toolbox                   (nrRateRecoverLDPC)
[setup] OK  : COMM Toolbox                 (awgn)
[setup] OK  : DL Toolbox                   (trainNetwork)
[setup] OK  : PCT                          (parpool)
[setup] OK  : PHASED                       (phased.URA)
[setup] OK  : WNS Lib                      (wirelessNetworkSimulator)
[setup] OK  : Site Viewer                  (siteviewer)
[setup] OK  : RF Prop                      (txsite)
[setup] OK  : 5G Toolbox                   (nrPathLoss)
[setup] Done.
[setup] YAML runtime: ready      backend=external_python
[setup] YAML python:  C:\ProgramData\anaconda3\python.EXE
[setup] YAML version: 3.12.4
HARQ_FEEDBACK_DISPOSITION_PASS declared_MAC_reducer_only=1
[PASS] testHARQFeedbackDisposition (16.15s)
NO_SIGNAL_FALSE_ALARMS 60/64 (component observation, not threshold qualification)
RECEIVED_HARQ_ACK_NACK_DTX_PASS
[PASS] testReceivedHARQFeedbackOutcome (21.82s)
PUSCH_PUCCH_DECISION_CSV_ROUNDTRIP_PASS: C:\Users\anup0\AppData\Local\Temp\tp59632bff_cbe5_47c5_9e1e_2f06e7943ac2
testLLSPUSCHHARQACKRuntimeFeedback: PASS
[PASS] testLLSPUSCHHARQACKRuntimeFeedback (48.02s)
testLLSULHARQDirectionalFeedback: PASS
[PASS] testLLSULHARQDirectionalFeedback (0.47s)
RECEIVED_DL_FEEDBACK_FIXTURE: slot=3 process=0 CRC=1 sample=23047 noise=1e-13
PUCCH_POWER_EXPORT_PASS: actual shared receiver ledger, scoped power plane, CSV roundtrip.
SHARED_PUCCH_FEEDBACK_CLOCK_PASS
[PASS] testSharedPUCCHFeedbackClock (125.46s)
SHARED_PUCCH_RECEIVE_ONLY_GUARDS_PASS rejections=8 unchanged_rejected_HARQ_state=1 actual_IQ_replay_equivalence=1
SHARED_PUCCH_RECEIVE_ONLY_PASS actual_DL_TX=2 UE_UCI_producers=0 outcomes=DTX,DTX folder=C:\Users\anup0\AppData\Local\Temp\tpde1c4a40_0f20_46bf_a81f_ec463b66ebc3
[PASS] testSharedPUCCHReceiveOnlyClock (99.16s)
[PASS] testConfig (24.96s)
[PASS] testStrictProxyGuards (0.73s)
[PASS] testStrictMode_NoFallbackAnywhere (7.64s)
[PASS] testLLS_DL (100.04s)
[PASS] testLLS_UL (157.60s)
[PASS] testLLS_ReferencePoints (160.23s)
[PASS] testLinkExportPipeline (102.99s)
[PASS] testArtifactIntegrity (0.57s)
[PASS] testOrganizeRunResults_E2EArtifactPreservation (1.87s)
[PASS] testSchedulerGrantConsistency (17.17s)
[TR38901Plus] Resolved config: Scenario=UMa Fc_Hz=4000000000 PathlossModel=nrPathLoss ShadowSigma_dB=6 PathlossEnabled=1 ShadowEnabled=1 LOSEnabled=1
[2026-09-13T10:11:53Z] INFO system_level_lls_started slot=0/20 completion=0.0000 elapsed_s=3.4 slot_direction=initializing active_ue=2 cells=57 grants=0 served_bits=0 dropped_bits=0 overflow_events=0
[2026-09-13T10:11:53Z] INFO system_level_lls_slot1_post_mobility_update slot=0/20 completion=0.0000 elapsed_s=3.5 slot_direction=slot1_post_mobility_update active_ue=2 cells=57 grants=0 served_bits=0 dropped_bits=0 overflow_events=0
[2026-09-13T10:11:54Z] INFO system_level_lls_slot1_large_scale_ready slot=0/20 completion=0.0000 elapsed_s=4.2 slot_direction=slot1_large_scale_ready active_ue=2 cells=57 grants=0 served_bits=0 dropped_bits=0 overflow_events=0
[2026-09-13T10:11:56Z] INFO system_level_lls_slot1_active_ues_ready slot=0/20 completion=0.0000 elapsed_s=6.1 slot_direction=FDD_SEPARATE_DL_UL active_ue=0 cells=57 grants=0 served_bits=0 dropped_bits=0 overflow_events=0
[2026-09-13T10:11:56Z] INFO system_level_lls_slot1_ue_by_cell_ready slot=0/20 completion=0.0000 elapsed_s=6.1 slot_direction=FDD_SEPARATE_DL_UL active_ue=0 cells=57 grants=0 served_bits=0 dropped_bits=0 overflow_events=0
[2026-09-13T10:11:56Z] INFO system_level_lls_slot1_scheduler_inputs_ready slot=0/20 completion=0.0000 elapsed_s=6.5 slot_direction=FDD_SEPARATE_DL_UL active_ue=0 cells=57 grants=0 served_bits=0 dropped_bits=0 overflow_events=0
[2026-09-13T10:11:56Z] INFO system_level_lls_slot1_dl_scheduler_ready slot=0/20 completion=0.0000 elapsed_s=6.5 slot_direction=FDD_SEPARATE_DL_UL active_ue=0 cells=57 grants=0 served_bits=0 dropped_bits=0 overflow_events=0
[2026-09-13T10:11:56Z] INFO system_level_lls_slot1_ul_scheduler_ready slot=0/20 completion=0.0000 elapsed_s=6.5 slot_direction=FDD_SEPARATE_DL_UL active_ue=0 cells=57 grants=0 served_bits=0 dropped_bits=0 overflow_events=0
[2026-09-13T10:11:56Z] INFO system_level_lls_slot1_scheduler_ready slot=0/20 completion=0.0000 elapsed_s=6.5 slot_direction=FDD_SEPARATE_DL_UL active_ue=0 cells=57 grants=0 served_bits=0 dropped_bits=0 overflow_events=0
[2026-09-13T10:11:56Z] INFO system_level_lls_slot_progress slot=1/20 completion=0.0500 elapsed_s=6.6 slot_direction=FDD_SEPARATE_DL_UL active_ue=0 cells=57 grants=0 served_bits=0 dropped_bits=0 overflow_events=0
[2026-09-13T10:11:57Z] INFO system_level_lls_slot_progress slot=2/20 completion=0.1000 elapsed_s=7.6 slot_direction=FDD_SEPARATE_DL_UL active_ue=0 cells=57 grants=0 served_bits=0 dropped_bits=0 overflow_events=0
[2026-09-13T10:11:58Z] INFO system_level_lls_slot_progress slot=3/20 completion=0.1500 elapsed_s=8.4 slot_direction=FDD_SEPARATE_DL_UL active_ue=0 cells=57 grants=0 served_bits=0 dropped_bits=0 overflow_events=0
[2026-09-13T10:12:15Z] INFO system_level_lls_dl_replay_progress slot=3/20 completion=0.1500 elapsed_s=25.3 slot_direction=FDD_SEPARATE_DL_UL replay_direction=DL replay_grant=1/1 cell=1 ue=1 active_ue=1 cells=57 grants=1 served_bits=0 dropped_bits=0 overflow_events=0
[2026-09-13T10:12:26Z] INFO system_level_lls_slot_progress slot=4/20 completion=0.2000 elapsed_s=36.4 slot_direction=FDD_SEPARATE_DL_UL active_ue=1 cells=57 grants=1 served_bits=3752 dropped_bits=0 overflow_events=0
[2026-09-13T10:12:55Z] INFO system_level_lls_dl_replay_progress slot=4/20 completion=0.2000 elapsed_s=65.7 slot_direction=FDD_SEPARATE_DL_UL replay_direction=DL replay_grant=1/2 cell=1 ue=1 active_ue=2 cells=57 grants=2 served_bits=3752 dropped_bits=0 overflow_events=0
[2026-09-13T10:12:58Z] INFO system_level_lls_dl_replay_progress slot=4/20 completion=0.2000 elapsed_s=68.4 slot_direction=FDD_SEPARATE_DL_UL replay_direction=DL replay_grant=2/2 cell=2 ue=2 active_ue=2 cells=57 grants=2 served_bits=7504 dropped_bits=0 overflow_events=0
[2026-09-13T10:13:00Z] INFO system_level_lls_slot_progress slot=5/20 completion=0.2500 elapsed_s=70.1 slot_direction=FDD_SEPARATE_DL_UL active_ue=2 cells=57 grants=2 served_bits=11256 dropped_bits=0 overflow_events=0
[2026-09-13T10:13:20Z] INFO system_level_lls_dl_replay_progress slot=5/20 completion=0.2500 elapsed_s=90.6 slot_direction=FDD_SEPARATE_DL_UL replay_direction=DL replay_grant=1/2 cell=1 ue=1 active_ue=2 cells=57 grants=3 served_bits=11256 dropped_bits=0 overflow_events=0
[2026-09-13T10:13:22Z] INFO system_level_lls_dl_replay_progress slot=5/20 completion=0.2500 elapsed_s=92.1 slot_direction=FDD_SEPARATE_DL_UL replay_direction=DL replay_grant=2/2 cell=2 ue=2 active_ue=2 cells=57 grants=3 served_bits=15008 dropped_bits=0 overflow_events=0
[2026-09-13T10:13:24Z] INFO system_level_lls_ul_replay_progress slot=5/20 completion=0.2500 elapsed_s=94.0 slot_direction=FDD_SEPARATE_DL_UL replay_direction=UL replay_grant=1/1 cell=1 ue=1 active_ue=2 cells=57 grants=3 served_bits=18760 dropped_bits=0 overflow_events=0
[2026-09-13T10:13:30Z] INFO system_level_lls_slot_progress slot=6/20 completion=0.3000 elapsed_s=100.1 slot_direction=FDD_SEPARATE_DL_UL active_ue=2 cells=57 grants=3 served_bits=29776 dropped_bits=0 overflow_events=0
[2026-09-13T10:13:50Z] INFO system_level_lls_dl_replay_progress slot=6/20 completion=0.3000 elapsed_s=120.2 slot_direction=FDD_SEPARATE_DL_UL replay_direction=DL replay_grant=1/2 cell=1 ue=1 active_ue=2 cells=57 grants=3 served_bits=29776 dropped_bits=0 overflow_events=0
[2026-09-13T10:13:51Z] INFO system_level_lls_dl_replay_progress slot=6/20 completion=0.3000 elapsed_s=121.7 slot_direction=FDD_SEPARATE_DL_UL replay_direction=DL replay_grant=2/2 cell=2 ue=2 active_ue=2 cells=57 grants=3 served_bits=33528 dropped_bits=0 overflow_events=0
[2026-09-13T10:13:53Z] INFO system_level_lls_ul_replay_progress slot=6/20 completion=0.3000 elapsed_s=123.1 slot_direction=FDD_SEPARATE_DL_UL replay_direction=UL replay_grant=1/1 cell=2 ue=2 active_ue=2 cells=57 grants=3 served_bits=37280 dropped_bits=0 overflow_events=0
[2026-09-13T10:13:53Z] INFO system_level_lls_slot_progress slot=7/20 completion=0.3500 elapsed_s=123.8 slot_direction=FDD_SEPARATE_DL_UL active_ue=2 cells=57 grants=3 served_bits=48296 dropped_bits=0 overflow_events=0
[2026-09-13T10:14:14Z] INFO system_level_lls_dl_replay_progress slot=7/20 completion=0.3500 elapsed_s=144.9 slot_direction=FDD_SEPARATE_DL_UL replay_direction=DL replay_grant=1/2 cell=1 ue=1 active_ue=2 cells=57 grants=2 served_bits=48296 dropped_bits=0 overflow_events=0
[2026-09-13T10:14:16Z] INFO system_level_lls_dl_replay_progress slot=7/20 completion=0.3500 elapsed_s=146.5 slot_direction=FDD_SEPARATE_DL_UL replay_direction=DL replay_grant=2/2 cell=2 ue=2 active_ue=2 cells=57 grants=2 served_bits=52048 dropped_bits=0 overflow_events=0
[2026-09-13T10:14:17Z] INFO system_level_lls_slot_progress slot=8/20 completion=0.4000 elapsed_s=147.8 slot_direction=FDD_SEPARATE_DL_UL active_ue=2 cells=57 grants=2 served_bits=55800 dropped_bits=0 overflow_events=0
[2026-09-13T10:14:39Z] INFO system_level_lls_dl_replay_progress slot=8/20 completion=0.4000 elapsed_s=169.6 slot_direction=FDD_SEPARATE_DL_UL replay_direction=DL replay_grant=1/2 cell=1 ue=1 active_ue=2 cells=57 grants=3 served_bits=55800 dropped_bits=0 overflow_events=0
[2026-09-13T10:14:41Z] INFO system_level_lls_dl_replay_progress slot=8/20 completion=0.4000 elapsed_s=171.2 slot_direction=FDD_SEPARATE_DL_UL replay_direction=DL replay_grant=2/2 cell=2 ue=2 active_ue=2 cells=57 grants=3 served_bits=59552 dropped_bits=0 overflow_events=0
[2026-09-13T10:14:42Z] INFO system_level_lls_ul_replay_progress slot=8/20 completion=0.4000 elapsed_s=172.7 slot_direction=FDD_SEPARATE_DL_UL replay_direction=UL replay_grant=1/1 cell=1 ue=1 active_ue=2 cells=57 grants=3 served_bits=63304 dropped_bits=0 overflow_events=0
[2026-09-13T10:14:43Z] INFO system_level_lls_slot_progress slot=9/20 completion=0.4500 elapsed_s=173.6 slot_direction=FDD_SEPARATE_DL_UL active_ue=2 cells=57 grants=3 served_bits=64112 dropped_bits=0 overflow_events=0
[2026-09-13T10:15:03Z] INFO system_level_lls_dl_replay_progress slot=9/20 completion=0.4500 elapsed_s=193.9 slot_direction=FDD_SEPARATE_DL_UL replay_direction=DL replay_grant=1/2 cell=1 ue=1 active_ue=2 cells=57 grants=3 served_bits=64112 dropped_bits=0 overflow_events=0
[2026-09-13T10:15:05Z] INFO system_level_lls_dl_replay_progress slot=9/20 completion=0.4500 elapsed_s=195.2 slot_direction=FDD_SEPARATE_DL_UL replay_direction=DL replay_grant=2/2 cell=2 ue=2 active_ue=2 cells=57 grants=3 served_bits=67864 dropped_bits=0 overflow_events=0
[2026-09-13T10:15:06Z] INFO system_level_lls_ul_replay_progress slot=9/20 completion=0.4500 elapsed_s=196.6 slot_direction=FDD_SEPARATE_DL_UL replay_direction=UL replay_grant=1/1 cell=2 ue=2 active_ue=2 cells=57 grants=3 served_bits=71616 dropped_bits=0 overflow_events=0
[2026-09-13T10:15:07Z] INFO system_level_lls_slot_progress slot=10/20 completion=0.5000 elapsed_s=197.2 slot_direction=FDD_SEPARATE_DL_UL active_ue=2 cells=57 grants=3 served_bits=72320 dropped_bits=0 overflow_events=0
[2026-09-13T10:15:28Z] INFO system_level_lls_dl_replay_progress slot=10/20 completion=0.5000 elapsed_s=218.2 slot_direction=FDD_SEPARATE_DL_UL replay_direction=DL replay_grant=1/2 cell=1 ue=1 active_ue=2 cells=57 grants=2 served_bits=72320 dropped_bits=0 overflow_events=0
[2026-09-13T10:15:29Z] INFO system_level_lls_dl_replay_progress slot=10/20 completion=0.5000 elapsed_s=219.8 slot_direction=FDD_SEPARATE_DL_UL replay_direction=DL replay_grant=2/2 cell=2 ue=2 active_ue=2 cells=57 grants=2 served_bits=76072 dropped_bits=0 overflow_events=0
[2026-09-13T10:15:31Z] INFO system_level_lls_slot_progress slot=11/20 completion=0.5500 elapsed_s=221.0 slot_direction=FDD_SEPARATE_DL_UL active_ue=2 cells=57 grants=2 served_bits=79824 dropped_bits=0 overflow_events=0
[2026-09-13T10:15:51Z] INFO system_level_lls_dl_replay_progress slot=11/20 completion=0.5500 elapsed_s=241.6 slot_direction=FDD_SEPARATE_DL_UL replay_direction=DL replay_grant=1/2 cell=1 ue=1 active_ue=2 cells=57 grants=3 served_bits=79824 dropped_bits=0 overflow_events=0
[2026-09-13T10:15:53Z] INFO system_level_lls_dl_replay_progress slot=11/20 completion=0.5500 elapsed_s=243.0 slot_direction=FDD_SEPARATE_DL_UL replay_direction=DL replay_grant=2/2 cell=2 ue=2 active_ue=2 cells=57 grants=3 served_bits=83576 dropped_bits=0 overflow_events=0
[2026-09-13T10:15:54Z] INFO system_level_lls_ul_replay_progress slot=11/20 completion=0.5500 elapsed_s=244.3 slot_direction=FDD_SEPARATE_DL_UL replay_direction=UL replay_grant=1/1 cell=1 ue=1 active_ue=2 cells=57 grants=3 served_bits=87328 dropped_bits=0 overflow_events=0
[2026-09-13T10:15:54Z] INFO system_level_lls_slot_progress slot=12/20 completion=0.6000 elapsed_s=244.9 slot_direction=FDD_SEPARATE_DL_UL active_ue=2 cells=57 grants=3 served_bits=88136 dropped_bits=0 overflow_events=0
[2026-09-13T10:16:13Z] INFO system_level_lls_dl_replay_progress slot=12/20 completion=0.6000 elapsed_s=263.4 slot_direction=FDD_SEPARATE_DL_UL replay_direction=DL replay_grant=1/2 cell=1 ue=1 active_ue=2 cells=57 grants=3 served_bits=88136 dropped_bits=0 overflow_events=0
[2026-09-13T10:16:14Z] INFO system_level_lls_dl_replay_progress slot=12/20 completion=0.6000 elapsed_s=264.8 slot_direction=FDD_SEPARATE_DL_UL replay_direction=DL replay_grant=2/2 cell=2 ue=2 active_ue=2 cells=57 grants=3 served_bits=91888 dropped_bits=0 overflow_events=0
[2026-09-13T10:16:16Z] INFO system_level_lls_ul_replay_progress slot=12/20 completion=0.6000 elapsed_s=266.0 slot_direction=FDD_SEPARATE_DL_UL replay_direction=UL replay_grant=1/1 cell=2 ue=2 active_ue=2 cells=57 grants=3 served_bits=95640 dropped_bits=0 overflow_events=0
[2026-09-13T10:16:16Z] INFO system_level_lls_slot_progress slot=13/20 completion=0.6500 elapsed_s=266.5 slot_direction=FDD_SEPARATE_DL_UL active_ue=2 cells=57 grants=3 served_bits=96448 dropped_bits=0 overflow_events=0
[2026-09-13T10:16:35Z] INFO system_level_lls_dl_replay_progress slot=13/20 completion=0.6500 elapsed_s=285.0 slot_direction=FDD_SEPARATE_DL_UL replay_direction=DL replay_grant=1/2 cell=1 ue=1 active_ue=2 cells=57 grants=2 served_bits=96448 dropped_bits=0 overflow_events=0
[2026-09-13T10:16:36Z] INFO system_level_lls_dl_replay_progress slot=13/20 completion=0.6500 elapsed_s=286.2 slot_direction=FDD_SEPARATE_DL_UL replay_direction=DL replay_grant=2/2 cell=2 ue=2 active_ue=2 cells=57 grants=2 served_bits=100200 dropped_bits=0 overflow_events=0
[2026-09-13T10:16:37Z] INFO system_level_lls_slot_progress slot=14/20 completion=0.7000 elapsed_s=287.3 slot_direction=FDD_SEPARATE_DL_UL active_ue=2 cells=57 grants=2 served_bits=103952 dropped_bits=0 overflow_events=0
[2026-09-13T10:16:54Z] INFO system_level_lls_dl_replay_progress slot=14/20 completion=0.7000 elapsed_s=304.3 slot_direction=FDD_SEPARATE_DL_UL replay_direction=DL replay_grant=1/2 cell=1 ue=1 active_ue=2 cells=57 grants=3 served_bits=103952 dropped_bits=0 overflow_events=0
[2026-09-13T10:16:55Z] INFO system_level_lls_dl_replay_progress slot=14/20 completion=0.7000 elapsed_s=305.6 slot_direction=FDD_SEPARATE_DL_UL replay_direction=DL replay_grant=2/2 cell=2 ue=2 active_ue=2 cells=57 grants=3 served_bits=107704 dropped_bits=0 overflow_events=0
[2026-09-13T10:16:56Z] INFO system_level_lls_ul_replay_progress slot=14/20 completion=0.7000 elapsed_s=306.7 slot_direction=FDD_SEPARATE_DL_UL replay_direction=UL replay_grant=1/1 cell=1 ue=1 active_ue=2 cells=57 grants=3 served_bits=111456 dropped_bits=0 overflow_events=0
[2026-09-13T10:16:57Z] INFO system_level_lls_slot_progress slot=15/20 completion=0.7500 elapsed_s=307.2 slot_direction=FDD_SEPARATE_DL_UL active_ue=2 cells=57 grants=3 served_bits=112264 dropped_bits=0 overflow_events=0
[2026-09-13T10:17:16Z] INFO system_level_lls_dl_replay_progress slot=15/20 completion=0.7500 elapsed_s=326.1 slot_direction=FDD_SEPARATE_DL_UL replay_direction=DL replay_grant=1/2 cell=1 ue=1 active_ue=2 cells=57 grants=3 served_bits=112264 dropped_bits=0 overflow_events=0
[2026-09-13T10:17:18Z] INFO system_level_lls_dl_replay_progress slot=15/20 completion=0.7500 elapsed_s=328.5 slot_direction=FDD_SEPARATE_DL_UL replay_direction=DL replay_grant=2/2 cell=2 ue=2 active_ue=2 cells=57 grants=3 served_bits=116016 dropped_bits=0 overflow_events=0
[2026-09-13T10:17:20Z] INFO system_level_lls_ul_replay_progress slot=15/20 completion=0.7500 elapsed_s=330.1 slot_direction=FDD_SEPARATE_DL_UL replay_direction=UL replay_grant=1/1 cell=2 ue=2 active_ue=2 cells=57 grants=3 served_bits=119768 dropped_bits=0 overflow_events=0
[2026-09-13T10:17:20Z] INFO system_level_lls_slot_progress slot=16/20 completion=0.8000 elapsed_s=330.8 slot_direction=FDD_SEPARATE_DL_UL active_ue=2 cells=57 grants=3 served_bits=120576 dropped_bits=0 overflow_events=0
[2026-09-13T10:17:42Z] INFO system_level_lls_dl_replay_progress slot=16/20 completion=0.8000 elapsed_s=352.1 slot_direction=FDD_SEPARATE_DL_UL replay_direction=DL replay_grant=1/2 cell=1 ue=1 active_ue=2 cells=57 grants=2 served_bits=120576 dropped_bits=0 overflow_events=0
[2026-09-13T10:17:43Z] INFO system_level_lls_dl_replay_progress slot=16/20 completion=0.8000 elapsed_s=353.5 slot_direction=FDD_SEPARATE_DL_UL replay_direction=DL replay_grant=2/2 cell=2 ue=2 active_ue=2 cells=57 grants=2 served_bits=124328 dropped_bits=0 overflow_events=0
[2026-09-13T10:17:44Z] INFO system_level_lls_slot_progress slot=17/20 completion=0.8500 elapsed_s=354.9 slot_direction=FDD_SEPARATE_DL_UL active_ue=2 cells=57 grants=2 served_bits=128080 dropped_bits=0 overflow_events=0
[2026-09-13T10:18:06Z] INFO system_level_lls_dl_replay_progress slot=17/20 completion=0.8500 elapsed_s=376.4 slot_direction=FDD_SEPARATE_DL_UL replay_direction=DL replay_grant=1/2 cell=1 ue=1 active_ue=2 cells=57 grants=3 served_bits=128080 dropped_bits=0 overflow_events=0
[2026-09-13T10:18:07Z] INFO system_level_lls_dl_replay_progress slot=17/20 completion=0.8500 elapsed_s=377.8 slot_direction=FDD_SEPARATE_DL_UL replay_direction=DL replay_grant=2/2 cell=2 ue=2 active_ue=2 cells=57 grants=3 served_bits=131832 dropped_bits=0 overflow_events=0
[2026-09-13T10:18:09Z] INFO system_level_lls_ul_replay_progress slot=17/20 completion=0.8500 elapsed_s=379.1 slot_direction=FDD_SEPARATE_DL_UL replay_direction=UL replay_grant=1/1 cell=1 ue=1 active_ue=2 cells=57 grants=3 served_bits=135584 dropped_bits=0 overflow_events=0
[2026-09-13T10:18:09Z] INFO system_level_lls_slot_progress slot=18/20 completion=0.9000 elapsed_s=379.8 slot_direction=FDD_SEPARATE_DL_UL active_ue=2 cells=57 grants=3 served_bits=136392 dropped_bits=0 overflow_events=0
[2026-09-13T10:18:28Z] INFO system_level_lls_dl_replay_progress slot=18/20 completion=0.9000 elapsed_s=398.2 slot_direction=FDD_SEPARATE_DL_UL replay_direction=DL replay_grant=1/2 cell=1 ue=1 active_ue=2 cells=57 grants=3 served_bits=136392 dropped_bits=0 overflow_events=0
[2026-09-13T10:18:29Z] INFO system_level_lls_dl_replay_progress slot=18/20 completion=0.9000 elapsed_s=399.5 slot_direction=FDD_SEPARATE_DL_UL replay_direction=DL replay_grant=2/2 cell=2 ue=2 active_ue=2 cells=57 grants=3 served_bits=140144 dropped_bits=0 overflow_events=0
[2026-09-13T10:18:30Z] INFO system_level_lls_ul_replay_progress slot=18/20 completion=0.9000 elapsed_s=400.8 slot_direction=FDD_SEPARATE_DL_UL replay_direction=UL replay_grant=1/1 cell=2 ue=2 active_ue=2 cells=57 grants=3 served_bits=143896 dropped_bits=0 overflow_events=0
[2026-09-13T10:18:31Z] INFO system_level_lls_slot_progress slot=19/20 completion=0.9500 elapsed_s=401.4 slot_direction=FDD_SEPARATE_DL_UL active_ue=2 cells=57 grants=3 served_bits=144704 dropped_bits=0 overflow_events=0
[2026-09-13T10:18:50Z] INFO system_level_lls_dl_replay_progress slot=19/20 completion=0.9500 elapsed_s=420.9 slot_direction=FDD_SEPARATE_DL_UL replay_direction=DL replay_grant=1/2 cell=1 ue=1 active_ue=2 cells=57 grants=2 served_bits=144704 dropped_bits=0 overflow_events=0
[2026-09-13T10:18:52Z] INFO system_level_lls_dl_replay_progress slot=19/20 completion=0.9500 elapsed_s=422.1 slot_direction=FDD_SEPARATE_DL_UL replay_direction=DL replay_grant=2/2 cell=2 ue=2 active_ue=2 cells=57 grants=2 served_bits=148456 dropped_bits=0 overflow_events=0
[2026-09-13T10:18:53Z] INFO system_level_lls_slot_progress slot=20/20 completion=1.0000 elapsed_s=423.3 slot_direction=FDD_SEPARATE_DL_UL active_ue=2 cells=57 grants=2 served_bits=152208 dropped_bits=0 overflow_events=0
[2026-09-13T10:18:53Z] INFO system_level_lls_finalizing_exports slot=20/20 completion=1.0000 elapsed_s=423.3 slot_direction=finalizing active_ue=2 cells=57 grants=2 served_bits=152208 dropped_bits=0 overflow_events=0
[2026-09-13T10:18:53Z] INFO system_level_lls_finalizing_tables_started slot=20/20 completion=1.0000 elapsed_s=423.3 slot_direction=finalizing_tables active_ue=2 cells=57 grants=2 served_bits=152208 dropped_bits=0 overflow_events=0
[2026-09-13T10:19:08Z] INFO system_level_lls_finalizing_tables_ready slot=20/20 completion=1.0000 elapsed_s=438.7 slot_direction=finalizing_tables_ready active_ue=2 cells=57 grants=2 served_bits=152208 dropped_bits=0 overflow_events=0
[2026-09-13T10:19:09Z] INFO system_level_lls_finalizing_persistence_started slot=20/20 completion=1.0000 elapsed_s=439.6 slot_direction=finalizing_persistence active_ue=2 cells=57 grants=2 served_bits=152208 dropped_bits=0 overflow_events=0
[2026-09-13T10:19:10Z] INFO system_level_lls_finalizing_persistence_ready slot=20/20 completion=1.0000 elapsed_s=440.0 slot_direction=finalizing_persistence_ready active_ue=2 cells=57 grants=2 served_bits=152208 dropped_bits=0 overflow_events=0
CONFIGURED_CAMPAIGN_SEED_PASS: master=111
[2026-09-13T10:19:46Z] INFO system_level_lls_started slot=0/20 completion=0.0000 elapsed_s=2.3 slot_direction=initializing active_ue=2 cells=57 grants=0 served_bits=0 dropped_bits=0 overflow_events=0
[2026-09-13T10:19:46Z] INFO system_level_lls_slot1_post_mobility_update slot=0/20 completion=0.0000 elapsed_s=2.3 slot_direction=slot1_post_mobility_update active_ue=2 cells=57 grants=0 served_bits=0 dropped_bits=0 overflow_events=0
[2026-09-13T10:19:46Z] INFO system_level_lls_slot1_large_scale_ready slot=0/20 completion=0.0000 elapsed_s=2.8 slot_direction=slot1_large_scale_ready active_ue=2 cells=57 grants=0 served_bits=0 dropped_bits=0 overflow_events=0
[2026-09-13T10:19:47Z] INFO system_level_lls_slot1_active_ues_ready slot=0/20 completion=0.0000 elapsed_s=3.9 slot_direction=FDD_SEPARATE_DL_UL active_ue=0 cells=57 grants=0 served_bits=0 dropped_bits=0 overflow_events=0
[2026-09-13T10:19:47Z] INFO system_level_lls_slot1_ue_by_cell_ready slot=0/20 completion=0.0000 elapsed_s=3.9 slot_direction=FDD_SEPARATE_DL_UL active_ue=0 cells=57 grants=0 served_bits=0 dropped_bits=0 overflow_events=0
[2026-09-13T10:19:47Z] INFO system_level_lls_slot1_scheduler_inputs_ready slot=0/20 completion=0.0000 elapsed_s=4.0 slot_direction=FDD_SEPARATE_DL_UL active_ue=0 cells=57 grants=0 served_bits=0 dropped_bits=0 overflow_events=0
[2026-09-13T10:19:47Z] INFO system_level_lls_slot1_dl_scheduler_ready slot=0/20 completion=0.0000 elapsed_s=4.0 slot_direction=FDD_SEPARATE_DL_UL active_ue=0 cells=57 grants=0 served_bits=0 dropped_bits=0 overflow_events=0
[2026-09-13T10:19:47Z] INFO system_level_lls_slot1_ul_scheduler_ready slot=0/20 completion=0.0000 elapsed_s=4.0 slot_direction=FDD_SEPARATE_DL_UL active_ue=0 cells=57 grants=0 served_bits=0 dropped_bits=0 overflow_events=0
[2026-09-13T10:19:47Z] INFO system_level_lls_slot1_scheduler_ready slot=0/20 completion=0.0000 elapsed_s=4.0 slot_direction=FDD_SEPARATE_DL_UL active_ue=0 cells=57 grants=0 served_bits=0 dropped_bits=0 overflow_events=0
[2026-09-13T10:19:47Z] INFO system_level_lls_slot_progress slot=1/20 completion=0.0500 elapsed_s=4.0 slot_direction=FDD_SEPARATE_DL_UL active_ue=0 cells=57 grants=0 served_bits=0 dropped_bits=0 overflow_events=0
[2026-09-13T10:19:48Z] INFO system_level_lls_slot_progress slot=2/20 completion=0.1000 elapsed_s=4.7 slot_direction=FDD_SEPARATE_DL_UL active_ue=0 cells=57 grants=0 served_bits=0 dropped_bits=0 overflow_events=0
[2026-09-13T10:19:49Z] INFO system_level_lls_slot_progress slot=3/20 completion=0.1500 elapsed_s=5.4 slot_direction=FDD_SEPARATE_DL_UL active_ue=0 cells=57 grants=0 served_bits=0 dropped_bits=0 overflow_events=0
[2026-09-13T10:19:49Z] INFO system_level_lls_slot_progress slot=4/20 completion=0.2000 elapsed_s=6.0 slot_direction=FDD_SEPARATE_DL_UL active_ue=0 cells=57 grants=0 served_bits=0 dropped_bits=0 overflow_events=0
[2026-09-13T10:19:50Z] INFO system_level_lls_slot_progress slot=5/20 completion=0.2500 elapsed_s=6.7 slot_direction=FDD_SEPARATE_DL_UL active_ue=0 cells=57 grants=0 served_bits=0 dropped_bits=0 overflow_events=0
[2026-09-13T10:20:02Z] INFO system_level_lls_dl_replay_progress slot=5/20 completion=0.2500 elapsed_s=18.4 slot_direction=FDD_SEPARATE_DL_UL replay_direction=DL replay_grant=1/1 cell=2 ue=2 active_ue=1 cells=57 grants=1 served_bits=0 dropped_bits=0 overflow_events=0
[2026-09-13T10:20:04Z] INFO system_level_lls_slot_progress slot=6/20 completion=0.3000 elapsed_s=20.6 slot_direction=FDD_SEPARATE_DL_UL active_ue=1 cells=57 grants=1 served_bits=3752 dropped_bits=0 overflow_events=0
[2026-09-13T10:20:14Z] INFO system_level_lls_dl_replay_progress slot=6/20 completion=0.3000 elapsed_s=30.7 slot_direction=FDD_SEPARATE_DL_UL replay_direction=DL replay_grant=1/1 cell=2 ue=2 active_ue=1 cells=57 grants=1 served_bits=3752 dropped_bits=0 overflow_events=0
[2026-09-13T10:20:15Z] INFO system_level_lls_slot_progress slot=7/20 completion=0.3500 elapsed_s=31.6 slot_direction=FDD_SEPARATE_DL_UL active_ue=1 cells=57 grants=1 served_bits=7504 dropped_bits=0 overflow_events=0
[2026-09-13T10:20:24Z] INFO system_level_lls_dl_replay_progress slot=7/20 completion=0.3500 elapsed_s=40.5 slot_direction=FDD_SEPARATE_DL_UL replay_direction=DL replay_grant=1/1 cell=2 ue=2 active_ue=1 cells=57 grants=2 served_bits=7504 dropped_bits=0 overflow_events=0
[2026-09-13T10:20:25Z] INFO system_level_lls_ul_replay_progress slot=7/20 completion=0.3500 elapsed_s=41.5 slot_direction=FDD_SEPARATE_DL_UL replay_direction=UL replay_grant=1/1 cell=2 ue=2 active_ue=1 cells=57 grants=2 served_bits=11256 dropped_bits=0 overflow_events=0
[2026-09-13T10:20:29Z] INFO system_level_lls_slot_progress slot=8/20 completion=0.4000 elapsed_s=45.3 slot_direction=FDD_SEPARATE_DL_UL active_ue=1 cells=57 grants=2 served_bits=20480 dropped_bits=0 overflow_events=0
[2026-09-13T10:20:47Z] INFO system_level_lls_dl_replay_progress slot=8/20 completion=0.4000 elapsed_s=64.0 slot_direction=FDD_SEPARATE_DL_UL replay_direction=DL replay_grant=1/2 cell=2 ue=2 active_ue=2 cells=57 grants=2 served_bits=20480 dropped_bits=0 overflow_events=0
[2026-09-13T10:20:48Z] INFO system_level_lls_dl_replay_progress slot=8/20 completion=0.4000 elapsed_s=64.9 slot_direction=FDD_SEPARATE_DL_UL replay_direction=DL replay_grant=2/2 cell=8 ue=1 active_ue=2 cells=57 grants=2 served_bits=24232 dropped_bits=0 overflow_events=0
[2026-09-13T10:20:49Z] INFO system_level_lls_slot_progress slot=9/20 completion=0.4500 elapsed_s=65.6 slot_direction=FDD_SEPARATE_DL_UL active_ue=2 cells=57 grants=2 served_bits=27984 dropped_bits=0 overflow_events=0
[2026-09-13T10:21:06Z] INFO system_level_lls_dl_replay_progress slot=9/20 completion=0.4500 elapsed_s=82.7 slot_direction=FDD_SEPARATE_DL_UL replay_direction=DL replay_grant=1/2 cell=2 ue=2 active_ue=2 cells=57 grants=2 served_bits=27984 dropped_bits=0 overflow_events=0
[2026-09-13T10:21:07Z] INFO system_level_lls_dl_replay_progress slot=9/20 completion=0.4500 elapsed_s=83.7 slot_direction=FDD_SEPARATE_DL_UL replay_direction=DL replay_grant=2/2 cell=8 ue=1 active_ue=2 cells=57 grants=2 served_bits=31736 dropped_bits=0 overflow_events=0
[2026-09-13T10:21:08Z] INFO system_level_lls_slot_progress slot=10/20 completion=0.5000 elapsed_s=84.4 slot_direction=FDD_SEPARATE_DL_UL active_ue=2 cells=57 grants=2 served_bits=35488 dropped_bits=0 overflow_events=0
[2026-09-13T10:21:24Z] INFO system_level_lls_dl_replay_progress slot=10/20 completion=0.5000 elapsed_s=100.7 slot_direction=FDD_SEPARATE_DL_UL replay_direction=DL replay_grant=1/2 cell=2 ue=2 active_ue=2 cells=57 grants=4 served_bits=35488 dropped_bits=0 overflow_events=0
[2026-09-13T10:21:25Z] INFO system_level_lls_dl_replay_progress slot=10/20 completion=0.5000 elapsed_s=101.7 slot_direction=FDD_SEPARATE_DL_UL replay_direction=DL replay_grant=2/2 cell=8 ue=1 active_ue=2 cells=57 grants=4 served_bits=39240 dropped_bits=0 overflow_events=0
[2026-09-13T10:21:26Z] INFO system_level_lls_ul_replay_progress slot=10/20 completion=0.5000 elapsed_s=102.5 slot_direction=FDD_SEPARATE_DL_UL replay_direction=UL replay_grant=1/2 cell=2 ue=2 active_ue=2 cells=57 grants=4 served_bits=42992 dropped_bits=0 overflow_events=0
[2026-09-13T10:21:26Z] INFO system_level_lls_ul_replay_progress slot=10/20 completion=0.5000 elapsed_s=103.1 slot_direction=FDD_SEPARATE_DL_UL replay_direction=UL replay_grant=2/2 cell=8 ue=1 active_ue=2 cells=57 grants=4 served_bits=43800 dropped_bits=0 overflow_events=0
[2026-09-13T10:21:27Z] INFO system_level_lls_slot_progress slot=11/20 completion=0.5500 elapsed_s=103.8 slot_direction=FDD_SEPARATE_DL_UL active_ue=2 cells=57 grants=4 served_bits=43800 dropped_bits=0 overflow_events=0
[2026-09-13T10:21:45Z] INFO system_level_lls_dl_replay_progress slot=11/20 completion=0.5500 elapsed_s=122.1 slot_direction=FDD_SEPARATE_DL_UL replay_direction=DL replay_grant=1/2 cell=2 ue=2 active_ue=2 cells=57 grants=2 served_bits=43800 dropped_bits=0 overflow_events=0
[2026-09-13T10:21:47Z] INFO system_level_lls_dl_replay_progress slot=11/20 completion=0.5500 elapsed_s=123.6 slot_direction=FDD_SEPARATE_DL_UL replay_direction=DL replay_grant=2/2 cell=8 ue=1 active_ue=2 cells=57 grants=2 served_bits=47552 dropped_bits=0 overflow_events=0
[2026-09-13T10:21:48Z] INFO system_level_lls_slot_progress slot=12/20 completion=0.6000 elapsed_s=124.4 slot_direction=FDD_SEPARATE_DL_UL active_ue=2 cells=57 grants=2 served_bits=51304 dropped_bits=0 overflow_events=0
[2026-09-13T10:22:05Z] INFO system_level_lls_dl_replay_progress slot=12/20 completion=0.6000 elapsed_s=142.1 slot_direction=FDD_SEPARATE_DL_UL replay_direction=DL replay_grant=1/2 cell=2 ue=2 active_ue=2 cells=57 grants=2 served_bits=51304 dropped_bits=0 overflow_events=0
[2026-09-13T10:22:06Z] INFO system_level_lls_dl_replay_progress slot=12/20 completion=0.6000 elapsed_s=143.1 slot_direction=FDD_SEPARATE_DL_UL replay_direction=DL replay_grant=2/2 cell=8 ue=1 active_ue=2 cells=57 grants=2 served_bits=55056 dropped_bits=0 overflow_events=0
[2026-09-13T10:22:07Z] INFO system_level_lls_slot_progress slot=13/20 completion=0.6500 elapsed_s=144.1 slot_direction=FDD_SEPARATE_DL_UL active_ue=2 cells=57 grants=2 served_bits=58808 dropped_bits=0 overflow_events=0
[2026-09-13T10:22:28Z] INFO system_level_lls_dl_replay_progress slot=13/20 completion=0.6500 elapsed_s=164.9 slot_direction=FDD_SEPARATE_DL_UL replay_direction=DL replay_grant=1/2 cell=2 ue=2 active_ue=2 cells=57 grants=4 served_bits=58808 dropped_bits=0 overflow_events=0
[2026-09-13T10:22:29Z] INFO system_level_lls_dl_replay_progress slot=13/20 completion=0.6500 elapsed_s=165.8 slot_direction=FDD_SEPARATE_DL_UL replay_direction=DL replay_grant=2/2 cell=8 ue=1 active_ue=2 cells=57 grants=4 served_bits=62560 dropped_bits=0 overflow_events=0
[2026-09-13T10:22:30Z] INFO system_level_lls_ul_replay_progress slot=13/20 completion=0.6500 elapsed_s=166.6 slot_direction=FDD_SEPARATE_DL_UL replay_direction=UL replay_grant=1/2 cell=2 ue=2 active_ue=2 cells=57 grants=4 served_bits=66312 dropped_bits=0 overflow_events=0
[2026-09-13T10:22:31Z] INFO system_level_lls_ul_replay_progress slot=13/20 completion=0.6500 elapsed_s=167.4 slot_direction=FDD_SEPARATE_DL_UL replay_direction=UL replay_grant=2/2 cell=8 ue=1 active_ue=2 cells=57 grants=4 served_bits=67120 dropped_bits=0 overflow_events=0
[2026-09-13T10:22:32Z] INFO system_level_lls_slot_progress slot=14/20 completion=0.7000 elapsed_s=168.7 slot_direction=FDD_SEPARATE_DL_UL active_ue=2 cells=57 grants=4 served_bits=67120 dropped_bits=0 overflow_events=0
[2026-09-13T10:22:51Z] INFO system_level_lls_dl_replay_progress slot=14/20 completion=0.7000 elapsed_s=187.6 slot_direction=FDD_SEPARATE_DL_UL replay_direction=DL replay_grant=1/2 cell=2 ue=2 active_ue=2 cells=57 grants=2 served_bits=67120 dropped_bits=0 overflow_events=0
[2026-09-13T10:22:52Z] INFO system_level_lls_dl_replay_progress slot=14/20 completion=0.7000 elapsed_s=188.7 slot_direction=FDD_SEPARATE_DL_UL replay_direction=DL replay_grant=2/2 cell=8 ue=1 active_ue=2 cells=57 grants=2 served_bits=70872 dropped_bits=0 overflow_events=0
[2026-09-13T10:22:53Z] INFO system_level_lls_slot_progress slot=15/20 completion=0.7500 elapsed_s=189.9 slot_direction=FDD_SEPARATE_DL_UL active_ue=2 cells=57 grants=2 served_bits=74624 dropped_bits=0 overflow_events=0
[2026-09-13T10:23:11Z] INFO system_level_lls_dl_replay_progress slot=15/20 completion=0.7500 elapsed_s=207.5 slot_direction=FDD_SEPARATE_DL_UL replay_direction=DL replay_grant=1/2 cell=2 ue=2 active_ue=2 cells=57 grants=2 served_bits=74624 dropped_bits=0 overflow_events=0
[2026-09-13T10:23:12Z] INFO system_level_lls_dl_replay_progress slot=15/20 completion=0.7500 elapsed_s=208.3 slot_direction=FDD_SEPARATE_DL_UL replay_direction=DL replay_grant=2/2 cell=8 ue=1 active_ue=2 cells=57 grants=2 served_bits=78376 dropped_bits=0 overflow_events=0
[2026-09-13T10:23:12Z] INFO system_level_lls_slot_progress slot=16/20 completion=0.8000 elapsed_s=209.1 slot_direction=FDD_SEPARATE_DL_UL active_ue=2 cells=57 grants=2 served_bits=82128 dropped_bits=0 overflow_events=0
[2026-09-13T10:23:27Z] INFO system_level_lls_dl_replay_progress slot=16/20 completion=0.8000 elapsed_s=223.9 slot_direction=FDD_SEPARATE_DL_UL replay_direction=DL replay_grant=1/2 cell=2 ue=2 active_ue=2 cells=57 grants=4 served_bits=82128 dropped_bits=0 overflow_events=0
[2026-09-13T10:23:28Z] INFO system_level_lls_dl_replay_progress slot=16/20 completion=0.8000 elapsed_s=224.7 slot_direction=FDD_SEPARATE_DL_UL replay_direction=DL replay_grant=2/2 cell=8 ue=1 active_ue=2 cells=57 grants=4 served_bits=85880 dropped_bits=0 overflow_events=0
[2026-09-13T10:23:29Z] INFO system_level_lls_ul_replay_progress slot=16/20 completion=0.8000 elapsed_s=225.5 slot_direction=FDD_SEPARATE_DL_UL replay_direction=UL replay_grant=1/2 cell=2 ue=2 active_ue=2 cells=57 grants=4 served_bits=89632 dropped_bits=0 overflow_events=0
[2026-09-13T10:23:29Z] INFO system_level_lls_ul_replay_progress slot=16/20 completion=0.8000 elapsed_s=225.9 slot_direction=FDD_SEPARATE_DL_UL replay_direction=UL replay_grant=2/2 cell=8 ue=1 active_ue=2 cells=57 grants=4 served_bits=90440 dropped_bits=0 overflow_events=0
[2026-09-13T10:23:30Z] INFO system_level_lls_slot_progress slot=17/20 completion=0.8500 elapsed_s=226.5 slot_direction=FDD_SEPARATE_DL_UL active_ue=2 cells=57 grants=4 served_bits=99664 dropped_bits=0 overflow_events=0
[2026-09-13T10:23:47Z] INFO system_level_lls_dl_replay_progress slot=17/20 completion=0.8500 elapsed_s=243.2 slot_direction=FDD_SEPARATE_DL_UL replay_direction=DL replay_grant=1/2 cell=2 ue=2 active_ue=2 cells=57 grants=2 served_bits=99664 dropped_bits=0 overflow_events=0
[2026-09-13T10:23:47Z] INFO system_level_lls_dl_replay_progress slot=17/20 completion=0.8500 elapsed_s=244.1 slot_direction=FDD_SEPARATE_DL_UL replay_direction=DL replay_grant=2/2 cell=8 ue=1 active_ue=2 cells=57 grants=2 served_bits=103416 dropped_bits=0 overflow_events=0
[2026-09-13T10:23:48Z] INFO system_level_lls_slot_progress slot=18/20 completion=0.9000 elapsed_s=244.9 slot_direction=FDD_SEPARATE_DL_UL active_ue=2 cells=57 grants=2 served_bits=107168 dropped_bits=0 overflow_events=0
[2026-09-13T10:24:05Z] INFO system_level_lls_dl_replay_progress slot=18/20 completion=0.9000 elapsed_s=261.5 slot_direction=FDD_SEPARATE_DL_UL replay_direction=DL replay_grant=1/2 cell=2 ue=2 active_ue=2 cells=57 grants=2 served_bits=107168 dropped_bits=0 overflow_events=0
[2026-09-13T10:24:06Z] INFO system_level_lls_dl_replay_progress slot=18/20 completion=0.9000 elapsed_s=262.4 slot_direction=FDD_SEPARATE_DL_UL replay_direction=DL replay_grant=2/2 cell=8 ue=1 active_ue=2 cells=57 grants=2 served_bits=110920 dropped_bits=0 overflow_events=0
[2026-09-13T10:24:07Z] INFO system_level_lls_slot_progress slot=19/20 completion=0.9500 elapsed_s=263.3 slot_direction=FDD_SEPARATE_DL_UL active_ue=2 cells=57 grants=2 served_bits=114672 dropped_bits=0 overflow_events=0
[2026-09-13T10:24:26Z] INFO system_level_lls_dl_replay_progress slot=19/20 completion=0.9500 elapsed_s=282.6 slot_direction=FDD_SEPARATE_DL_UL replay_direction=DL replay_grant=1/2 cell=2 ue=2 active_ue=2 cells=57 grants=4 served_bits=114672 dropped_bits=0 overflow_events=0
[2026-09-13T10:24:27Z] INFO system_level_lls_dl_replay_progress slot=19/20 completion=0.9500 elapsed_s=283.4 slot_direction=FDD_SEPARATE_DL_UL replay_direction=DL replay_grant=2/2 cell=8 ue=1 active_ue=2 cells=57 grants=4 served_bits=118424 dropped_bits=0 overflow_events=0
[2026-09-13T10:24:28Z] INFO system_level_lls_ul_replay_progress slot=19/20 completion=0.9500 elapsed_s=284.2 slot_direction=FDD_SEPARATE_DL_UL replay_direction=UL replay_grant=1/2 cell=2 ue=2 active_ue=2 cells=57 grants=4 served_bits=122176 dropped_bits=0 overflow_events=0
[2026-09-13T10:24:28Z] INFO system_level_lls_ul_replay_progress slot=19/20 completion=0.9500 elapsed_s=284.7 slot_direction=FDD_SEPARATE_DL_UL replay_direction=UL replay_grant=2/2 cell=8 ue=1 active_ue=2 cells=57 grants=4 served_bits=122984 dropped_bits=0 overflow_events=0
[2026-09-13T10:24:29Z] INFO system_level_lls_slot_progress slot=20/20 completion=1.0000 elapsed_s=285.3 slot_direction=FDD_SEPARATE_DL_UL active_ue=2 cells=57 grants=4 served_bits=123160 dropped_bits=0 overflow_events=0
[2026-09-13T10:24:29Z] INFO system_level_lls_finalizing_exports slot=20/20 completion=1.0000 elapsed_s=285.3 slot_direction=finalizing active_ue=2 cells=57 grants=4 served_bits=123160 dropped_bits=0 overflow_events=0
[2026-09-13T10:24:29Z] INFO system_level_lls_finalizing_tables_started slot=20/20 completion=1.0000 elapsed_s=285.3 slot_direction=finalizing_tables active_ue=2 cells=57 grants=4 served_bits=123160 dropped_bits=0 overflow_events=0
[2026-09-13T10:24:29Z] INFO system_level_lls_finalizing_tables_ready slot=20/20 completion=1.0000 elapsed_s=286.1 slot_direction=finalizing_tables_ready active_ue=2 cells=57 grants=4 served_bits=123160 dropped_bits=0 overflow_events=0
[2026-09-13T10:24:30Z] INFO system_level_lls_finalizing_persistence_started slot=20/20 completion=1.0000 elapsed_s=286.2 slot_direction=finalizing_persistence active_ue=2 cells=57 grants=4 served_bits=123160 dropped_bits=0 overflow_events=0
[2026-09-13T10:24:30Z] INFO system_level_lls_finalizing_persistence_ready slot=20/20 completion=1.0000 elapsed_s=286.2 slot_direction=finalizing_persistence_ready active_ue=2 cells=57 grants=4 served_bits=123160 dropped_bits=0 overflow_events=0
CONFIGURED_CAMPAIGN_SEED_PASS: master=303
[PASS] testE2E_FastVsTruth (774.00s)
[2026-09-13T10:24:41Z] INFO system_level_lls_started slot=0/20 completion=0.0000 elapsed_s=1.7 slot_direction=initializing active_ue=2 cells=57 grants=0 served_bits=0 dropped_bits=0 overflow_events=0
[2026-09-13T10:24:41Z] INFO system_level_lls_slot1_post_mobility_update slot=0/20 completion=0.0000 elapsed_s=1.7 slot_direction=slot1_post_mobility_update active_ue=2 cells=57 grants=0 served_bits=0 dropped_bits=0 overflow_events=0
[2026-09-13T10:24:42Z] INFO system_level_lls_slot1_large_scale_ready slot=0/20 completion=0.0000 elapsed_s=2.0 slot_direction=slot1_large_scale_ready active_ue=2 cells=57 grants=0 served_bits=0 dropped_bits=0 overflow_events=0
[2026-09-13T10:24:42Z] INFO system_level_lls_slot1_active_ues_ready slot=0/20 completion=0.0000 elapsed_s=2.5 slot_direction=FDD_SEPARATE_DL_UL active_ue=0 cells=57 grants=0 served_bits=0 dropped_bits=0 overflow_events=0
[2026-09-13T10:24:42Z] INFO system_level_lls_slot1_ue_by_cell_ready slot=0/20 completion=0.0000 elapsed_s=2.5 slot_direction=FDD_SEPARATE_DL_UL active_ue=0 cells=57 grants=0 served_bits=0 dropped_bits=0 overflow_events=0
[2026-09-13T10:24:42Z] INFO system_level_lls_slot1_scheduler_inputs_ready slot=0/20 completion=0.0000 elapsed_s=2.5 slot_direction=FDD_SEPARATE_DL_UL active_ue=0 cells=57 grants=0 served_bits=0 dropped_bits=0 overflow_events=0
[2026-09-13T10:24:42Z] INFO system_level_lls_slot1_dl_scheduler_ready slot=0/20 completion=0.0000 elapsed_s=2.5 slot_direction=FDD_SEPARATE_DL_UL active_ue=0 cells=57 grants=0 served_bits=0 dropped_bits=0 overflow_events=0
[2026-09-13T10:24:42Z] INFO system_level_lls_slot1_ul_scheduler_ready slot=0/20 completion=0.0000 elapsed_s=2.5 slot_direction=FDD_SEPARATE_DL_UL active_ue=0 cells=57 grants=0 served_bits=0 dropped_bits=0 overflow_events=0
[2026-09-13T10:24:42Z] INFO system_level_lls_slot1_scheduler_ready slot=0/20 completion=0.0000 elapsed_s=2.5 slot_direction=FDD_SEPARATE_DL_UL active_ue=0 cells=57 grants=0 served_bits=0 dropped_bits=0 overflow_events=0
[2026-09-13T10:24:42Z] INFO system_level_lls_slot_progress slot=1/20 completion=0.0500 elapsed_s=2.5 slot_direction=FDD_SEPARATE_DL_UL active_ue=0 cells=57 grants=0 served_bits=0 dropped_bits=0 overflow_events=0
[2026-09-13T10:24:43Z] INFO system_level_lls_slot_progress slot=2/20 completion=0.1000 elapsed_s=3.1 slot_direction=FDD_SEPARATE_DL_UL active_ue=0 cells=57 grants=0 served_bits=0 dropped_bits=0 overflow_events=0
[2026-09-13T10:24:43Z] INFO system_level_lls_slot_progress slot=3/20 completion=0.1500 elapsed_s=3.8 slot_direction=FDD_SEPARATE_DL_UL active_ue=0 cells=57 grants=0 served_bits=0 dropped_bits=0 overflow_events=0
[2026-09-13T10:25:01Z] INFO system_level_lls_dl_replay_progress slot=3/20 completion=0.1500 elapsed_s=21.6 slot_direction=FDD_SEPARATE_DL_UL replay_direction=DL replay_grant=1/2 cell=1 ue=1 active_ue=2 cells=57 grants=2 served_bits=0 dropped_bits=0 overflow_events=0
[2026-09-13T10:25:02Z] INFO system_level_lls_dl_replay_progress slot=3/20 completion=0.1500 elapsed_s=22.4 slot_direction=FDD_SEPARATE_DL_UL replay_direction=DL replay_grant=2/2 cell=16 ue=2 active_ue=2 cells=57 grants=2 served_bits=3752 dropped_bits=0 overflow_events=0
[2026-09-13T10:25:03Z] INFO system_level_lls_slot_progress slot=4/20 completion=0.2000 elapsed_s=23.8 slot_direction=FDD_SEPARATE_DL_UL active_ue=2 cells=57 grants=2 served_bits=7504 dropped_bits=0 overflow_events=0
[2026-09-13T10:25:20Z] INFO system_level_lls_dl_replay_progress slot=4/20 completion=0.2000 elapsed_s=40.6 slot_direction=FDD_SEPARATE_DL_UL replay_direction=DL replay_grant=1/2 cell=1 ue=1 active_ue=2 cells=57 grants=2 served_bits=7504 dropped_bits=0 overflow_events=0
[2026-09-13T10:25:21Z] INFO system_level_lls_dl_replay_progress slot=4/20 completion=0.2000 elapsed_s=41.6 slot_direction=FDD_SEPARATE_DL_UL replay_direction=DL replay_grant=2/2 cell=16 ue=2 active_ue=2 cells=57 grants=2 served_bits=11256 dropped_bits=0 overflow_events=0
[2026-09-13T10:25:22Z] INFO system_level_lls_slot_progress slot=5/20 completion=0.2500 elapsed_s=42.5 slot_direction=FDD_SEPARATE_DL_UL active_ue=2 cells=57 grants=2 served_bits=15008 dropped_bits=0 overflow_events=0
[2026-09-13T10:25:39Z] INFO system_level_lls_dl_replay_progress slot=5/20 completion=0.2500 elapsed_s=59.9 slot_direction=FDD_SEPARATE_DL_UL replay_direction=DL replay_grant=1/2 cell=1 ue=1 active_ue=2 cells=57 grants=4 served_bits=15008 dropped_bits=0 overflow_events=0
[2026-09-13T10:25:40Z] INFO system_level_lls_dl_replay_progress slot=5/20 completion=0.2500 elapsed_s=60.8 slot_direction=FDD_SEPARATE_DL_UL replay_direction=DL replay_grant=2/2 cell=16 ue=2 active_ue=2 cells=57 grants=4 served_bits=18760 dropped_bits=0 overflow_events=0
[2026-09-13T10:25:41Z] INFO system_level_lls_ul_replay_progress slot=5/20 completion=0.2500 elapsed_s=61.8 slot_direction=FDD_SEPARATE_DL_UL replay_direction=UL replay_grant=1/2 cell=1 ue=1 active_ue=2 cells=57 grants=4 served_bits=22512 dropped_bits=0 overflow_events=0
[2026-09-13T10:25:45Z] INFO system_level_lls_ul_replay_progress slot=5/20 completion=0.2500 elapsed_s=65.5 slot_direction=FDD_SEPARATE_DL_UL replay_direction=UL replay_grant=2/2 cell=16 ue=2 active_ue=2 cells=57 grants=4 served_bits=32504 dropped_bits=0 overflow_events=0
[2026-09-13T10:25:45Z] INFO system_level_lls_slot_progress slot=6/20 completion=0.3000 elapsed_s=66.0 slot_direction=FDD_SEPARATE_DL_UL active_ue=2 cells=57 grants=4 served_bits=41728 dropped_bits=0 overflow_events=0
[2026-09-13T10:26:05Z] INFO system_level_lls_dl_replay_progress slot=6/20 completion=0.3000 elapsed_s=86.0 slot_direction=FDD_SEPARATE_DL_UL replay_direction=DL replay_grant=1/2 cell=1 ue=1 active_ue=2 cells=57 grants=2 served_bits=41728 dropped_bits=0 overflow_events=0
[2026-09-13T10:26:06Z] INFO system_level_lls_dl_replay_progress slot=6/20 completion=0.3000 elapsed_s=86.8 slot_direction=FDD_SEPARATE_DL_UL replay_direction=DL replay_grant=2/2 cell=16 ue=2 active_ue=2 cells=57 grants=2 served_bits=45480 dropped_bits=0 overflow_events=0
[2026-09-13T10:26:07Z] INFO system_level_lls_slot_progress slot=7/20 completion=0.3500 elapsed_s=87.6 slot_direction=FDD_SEPARATE_DL_UL active_ue=2 cells=57 grants=2 served_bits=49232 dropped_bits=0 overflow_events=0
[2026-09-13T10:26:24Z] INFO system_level_lls_dl_replay_progress slot=7/20 completion=0.3500 elapsed_s=104.5 slot_direction=FDD_SEPARATE_DL_UL replay_direction=DL replay_grant=1/2 cell=1 ue=1 active_ue=2 cells=57 grants=2 served_bits=49232 dropped_bits=0 overflow_events=0
[2026-09-13T10:26:25Z] INFO system_level_lls_dl_replay_progress slot=7/20 completion=0.3500 elapsed_s=105.3 slot_direction=FDD_SEPARATE_DL_UL replay_direction=DL replay_grant=2/2 cell=16 ue=2 active_ue=2 cells=57 grants=2 served_bits=52984 dropped_bits=0 overflow_events=0
[2026-09-13T10:26:26Z] INFO system_level_lls_slot_progress slot=8/20 completion=0.4000 elapsed_s=106.1 slot_direction=FDD_SEPARATE_DL_UL active_ue=2 cells=57 grants=2 served_bits=56736 dropped_bits=0 overflow_events=0
[2026-09-13T10:26:41Z] INFO system_level_lls_dl_replay_progress slot=8/20 completion=0.4000 elapsed_s=121.9 slot_direction=FDD_SEPARATE_DL_UL replay_direction=DL replay_grant=1/2 cell=1 ue=1 active_ue=2 cells=57 grants=4 served_bits=56736 dropped_bits=0 overflow_events=0
[2026-09-13T10:26:42Z] INFO system_level_lls_dl_replay_progress slot=8/20 completion=0.4000 elapsed_s=122.7 slot_direction=FDD_SEPARATE_DL_UL replay_direction=DL replay_grant=2/2 cell=16 ue=2 active_ue=2 cells=57 grants=4 served_bits=60488 dropped_bits=0 overflow_events=0
[2026-09-13T10:26:43Z] INFO system_level_lls_ul_replay_progress slot=8/20 completion=0.4000 elapsed_s=123.5 slot_direction=FDD_SEPARATE_DL_UL replay_direction=UL replay_grant=1/2 cell=1 ue=1 active_ue=2 cells=57 grants=4 served_bits=64240 dropped_bits=0 overflow_events=0
[2026-09-13T10:26:43Z] INFO system_level_lls_ul_replay_progress slot=8/20 completion=0.4000 elapsed_s=123.9 slot_direction=FDD_SEPARATE_DL_UL replay_direction=UL replay_grant=2/2 cell=16 ue=2 active_ue=2 cells=57 grants=4 served_bits=64944 dropped_bits=0 overflow_events=0
[2026-09-13T10:26:44Z] INFO system_level_lls_slot_progress slot=9/20 completion=0.4500 elapsed_s=124.5 slot_direction=FDD_SEPARATE_DL_UL active_ue=2 cells=57 grants=4 served_bits=65312 dropped_bits=0 overflow_events=0
[2026-09-13T10:27:02Z] INFO system_level_lls_dl_replay_progress slot=9/20 completion=0.4500 elapsed_s=142.6 slot_direction=FDD_SEPARATE_DL_UL replay_direction=DL replay_grant=1/2 cell=1 ue=1 active_ue=2 cells=57 grants=2 served_bits=65312 dropped_bits=0 overflow_events=0
[2026-09-13T10:27:03Z] INFO system_level_lls_dl_replay_progress slot=9/20 completion=0.4500 elapsed_s=143.4 slot_direction=FDD_SEPARATE_DL_UL replay_direction=DL replay_grant=2/2 cell=16 ue=2 active_ue=2 cells=57 grants=2 served_bits=69064 dropped_bits=0 overflow_events=0
[2026-09-13T10:27:04Z] INFO system_level_lls_slot_progress slot=10/20 completion=0.5000 elapsed_s=144.1 slot_direction=FDD_SEPARATE_DL_UL active_ue=2 cells=57 grants=2 served_bits=72816 dropped_bits=0 overflow_events=0
[2026-09-13T10:27:20Z] INFO system_level_lls_dl_replay_progress slot=10/20 completion=0.5000 elapsed_s=160.9 slot_direction=FDD_SEPARATE_DL_UL replay_direction=DL replay_grant=1/2 cell=1 ue=1 active_ue=2 cells=57 grants=2 served_bits=72816 dropped_bits=0 overflow_events=0
[2026-09-13T10:27:21Z] INFO system_level_lls_dl_replay_progress slot=10/20 completion=0.5000 elapsed_s=161.7 slot_direction=FDD_SEPARATE_DL_UL replay_direction=DL replay_grant=2/2 cell=16 ue=2 active_ue=2 cells=57 grants=2 served_bits=76568 dropped_bits=0 overflow_events=0
[2026-09-13T10:27:22Z] INFO system_level_lls_slot_progress slot=11/20 completion=0.5500 elapsed_s=162.7 slot_direction=FDD_SEPARATE_DL_UL active_ue=2 cells=57 grants=2 served_bits=80320 dropped_bits=0 overflow_events=0
[2026-09-13T10:27:40Z] INFO system_level_lls_dl_replay_progress slot=11/20 completion=0.5500 elapsed_s=180.3 slot_direction=FDD_SEPARATE_DL_UL replay_direction=DL replay_grant=1/2 cell=1 ue=1 active_ue=2 cells=57 grants=4 served_bits=80320 dropped_bits=0 overflow_events=0
[2026-09-13T10:27:41Z] INFO system_level_lls_dl_replay_progress slot=11/20 completion=0.5500 elapsed_s=181.0 slot_direction=FDD_SEPARATE_DL_UL replay_direction=DL replay_grant=2/2 cell=16 ue=2 active_ue=2 cells=57 grants=4 served_bits=84072 dropped_bits=0 overflow_events=0
[2026-09-13T10:27:41Z] INFO system_level_lls_ul_replay_progress slot=11/20 completion=0.5500 elapsed_s=181.8 slot_direction=FDD_SEPARATE_DL_UL replay_direction=UL replay_grant=1/2 cell=1 ue=1 active_ue=2 cells=57 grants=4 served_bits=87824 dropped_bits=0 overflow_events=0
[2026-09-13T10:27:42Z] INFO system_level_lls_ul_replay_progress slot=11/20 completion=0.5500 elapsed_s=182.3 slot_direction=FDD_SEPARATE_DL_UL replay_direction=UL replay_grant=2/2 cell=16 ue=2 active_ue=2 cells=57 grants=4 served_bits=88632 dropped_bits=0 overflow_events=0
[2026-09-13T10:27:42Z] INFO system_level_lls_slot_progress slot=12/20 completion=0.6000 elapsed_s=182.8 slot_direction=FDD_SEPARATE_DL_UL active_ue=2 cells=57 grants=4 served_bits=89440 dropped_bits=0 overflow_events=0
[2026-09-13T10:28:02Z] INFO system_level_lls_dl_replay_progress slot=12/20 completion=0.6000 elapsed_s=202.3 slot_direction=FDD_SEPARATE_DL_UL replay_direction=DL replay_grant=1/2 cell=1 ue=1 active_ue=2 cells=57 grants=2 served_bits=89440 dropped_bits=0 overflow_events=0
[2026-09-13T10:28:03Z] INFO system_level_lls_dl_replay_progress slot=12/20 completion=0.6000 elapsed_s=203.1 slot_direction=FDD_SEPARATE_DL_UL replay_direction=DL replay_grant=2/2 cell=16 ue=2 active_ue=2 cells=57 grants=2 served_bits=93192 dropped_bits=0 overflow_events=0
[2026-09-13T10:28:03Z] INFO system_level_lls_slot_progress slot=13/20 completion=0.6500 elapsed_s=203.9 slot_direction=FDD_SEPARATE_DL_UL active_ue=2 cells=57 grants=2 served_bits=96944 dropped_bits=0 overflow_events=0
[2026-09-13T10:28:22Z] INFO system_level_lls_dl_replay_progress slot=13/20 completion=0.6500 elapsed_s=222.6 slot_direction=FDD_SEPARATE_DL_UL replay_direction=DL replay_grant=1/2 cell=1 ue=1 active_ue=2 cells=57 grants=2 served_bits=96944 dropped_bits=0 overflow_events=0
[2026-09-13T10:28:23Z] INFO system_level_lls_dl_replay_progress slot=13/20 completion=0.6500 elapsed_s=223.4 slot_direction=FDD_SEPARATE_DL_UL replay_direction=DL replay_grant=2/2 cell=16 ue=2 active_ue=2 cells=57 grants=2 served_bits=100696 dropped_bits=0 overflow_events=0
[2026-09-13T10:28:24Z] INFO system_level_lls_slot_progress slot=14/20 completion=0.7000 elapsed_s=224.2 slot_direction=FDD_SEPARATE_DL_UL active_ue=2 cells=57 grants=2 served_bits=104448 dropped_bits=0 overflow_events=0
[2026-09-13T10:28:43Z] INFO system_level_lls_dl_replay_progress slot=14/20 completion=0.7000 elapsed_s=243.5 slot_direction=FDD_SEPARATE_DL_UL replay_direction=DL replay_grant=1/2 cell=1 ue=1 active_ue=2 cells=57 grants=4 served_bits=104448 dropped_bits=0 overflow_events=0
[2026-09-13T10:28:44Z] INFO system_level_lls_dl_replay_progress slot=14/20 completion=0.7000 elapsed_s=244.6 slot_direction=FDD_SEPARATE_DL_UL replay_direction=DL replay_grant=2/2 cell=16 ue=2 active_ue=2 cells=57 grants=4 served_bits=108200 dropped_bits=0 overflow_events=0
[2026-09-13T10:28:45Z] INFO system_level_lls_ul_replay_progress slot=14/20 completion=0.7000 elapsed_s=245.5 slot_direction=FDD_SEPARATE_DL_UL replay_direction=UL replay_grant=1/2 cell=1 ue=1 active_ue=2 cells=57 grants=4 served_bits=111952 dropped_bits=0 overflow_events=0
[2026-09-13T10:28:45Z] INFO system_level_lls_ul_replay_progress slot=14/20 completion=0.7000 elapsed_s=245.8 slot_direction=FDD_SEPARATE_DL_UL replay_direction=UL replay_grant=2/2 cell=16 ue=2 active_ue=2 cells=57 grants=4 served_bits=112760 dropped_bits=0 overflow_events=0
[2026-09-13T10:28:46Z] INFO system_level_lls_slot_progress slot=15/20 completion=0.7500 elapsed_s=246.2 slot_direction=FDD_SEPARATE_DL_UL active_ue=2 cells=57 grants=4 served_bits=113568 dropped_bits=0 overflow_events=0
[2026-09-13T10:29:06Z] INFO system_level_lls_dl_replay_progress slot=15/20 completion=0.7500 elapsed_s=266.0 slot_direction=FDD_SEPARATE_DL_UL replay_direction=DL replay_grant=1/2 cell=1 ue=1 active_ue=2 cells=57 grants=2 served_bits=113568 dropped_bits=0 overflow_events=0
[2026-09-13T10:29:06Z] INFO system_level_lls_dl_replay_progress slot=15/20 completion=0.7500 elapsed_s=266.9 slot_direction=FDD_SEPARATE_DL_UL replay_direction=DL replay_grant=2/2 cell=16 ue=2 active_ue=2 cells=57 grants=2 served_bits=117320 dropped_bits=0 overflow_events=0
[2026-09-13T10:29:07Z] INFO system_level_lls_slot_progress slot=16/20 completion=0.8000 elapsed_s=267.6 slot_direction=FDD_SEPARATE_DL_UL active_ue=2 cells=57 grants=2 served_bits=121072 dropped_bits=0 overflow_events=0
[2026-09-13T10:29:25Z] INFO system_level_lls_dl_replay_progress slot=16/20 completion=0.8000 elapsed_s=285.6 slot_direction=FDD_SEPARATE_DL_UL replay_direction=DL replay_grant=1/2 cell=1 ue=1 active_ue=2 cells=57 grants=2 served_bits=121072 dropped_bits=0 overflow_events=0
[2026-09-13T10:29:26Z] INFO system_level_lls_dl_replay_progress slot=16/20 completion=0.8000 elapsed_s=286.6 slot_direction=FDD_SEPARATE_DL_UL replay_direction=DL replay_grant=2/2 cell=16 ue=2 active_ue=2 cells=57 grants=2 served_bits=124824 dropped_bits=0 overflow_events=0
[2026-09-13T10:29:27Z] INFO system_level_lls_slot_progress slot=17/20 completion=0.8500 elapsed_s=287.4 slot_direction=FDD_SEPARATE_DL_UL active_ue=2 cells=57 grants=2 served_bits=128576 dropped_bits=0 overflow_events=0
[2026-09-13T10:29:45Z] INFO system_level_lls_dl_replay_progress slot=17/20 completion=0.8500 elapsed_s=305.4 slot_direction=FDD_SEPARATE_DL_UL replay_direction=DL replay_grant=1/2 cell=1 ue=1 active_ue=2 cells=57 grants=4 served_bits=128576 dropped_bits=0 overflow_events=0
[2026-09-13T10:29:46Z] INFO system_level_lls_dl_replay_progress slot=17/20 completion=0.8500 elapsed_s=306.3 slot_direction=FDD_SEPARATE_DL_UL replay_direction=DL replay_grant=2/2 cell=16 ue=2 active_ue=2 cells=57 grants=4 served_bits=132328 dropped_bits=0 overflow_events=0
[2026-09-13T10:29:47Z] INFO system_level_lls_ul_replay_progress slot=17/20 completion=0.8500 elapsed_s=307.3 slot_direction=FDD_SEPARATE_DL_UL replay_direction=UL replay_grant=1/2 cell=1 ue=1 active_ue=2 cells=57 grants=4 served_bits=136080 dropped_bits=0 overflow_events=0
[2026-09-13T10:29:47Z] INFO system_level_lls_ul_replay_progress slot=17/20 completion=0.8500 elapsed_s=307.7 slot_direction=FDD_SEPARATE_DL_UL replay_direction=UL replay_grant=2/2 cell=16 ue=2 active_ue=2 cells=57 grants=4 served_bits=136888 dropped_bits=0 overflow_events=0
[2026-09-13T10:29:48Z] INFO system_level_lls_slot_progress slot=18/20 completion=0.9000 elapsed_s=308.3 slot_direction=FDD_SEPARATE_DL_UL active_ue=2 cells=57 grants=4 served_bits=137696 dropped_bits=0 overflow_events=0
[2026-09-13T10:30:06Z] INFO system_level_lls_dl_replay_progress slot=18/20 completion=0.9000 elapsed_s=326.3 slot_direction=FDD_SEPARATE_DL_UL replay_direction=DL replay_grant=1/2 cell=1 ue=1 active_ue=2 cells=57 grants=2 served_bits=137696 dropped_bits=0 overflow_events=0
[2026-09-13T10:30:07Z] INFO system_level_lls_dl_replay_progress slot=18/20 completion=0.9000 elapsed_s=327.2 slot_direction=FDD_SEPARATE_DL_UL replay_direction=DL replay_grant=2/2 cell=16 ue=2 active_ue=2 cells=57 grants=2 served_bits=141448 dropped_bits=0 overflow_events=0
[2026-09-13T10:30:08Z] INFO system_level_lls_slot_progress slot=19/20 completion=0.9500 elapsed_s=328.0 slot_direction=FDD_SEPARATE_DL_UL active_ue=2 cells=57 grants=2 served_bits=145200 dropped_bits=0 overflow_events=0
[2026-09-13T10:30:25Z] INFO system_level_lls_dl_replay_progress slot=19/20 completion=0.9500 elapsed_s=345.1 slot_direction=FDD_SEPARATE_DL_UL replay_direction=DL replay_grant=1/2 cell=1 ue=1 active_ue=2 cells=57 grants=2 served_bits=145200 dropped_bits=0 overflow_events=0
[2026-09-13T10:30:25Z] INFO system_level_lls_dl_replay_progress slot=19/20 completion=0.9500 elapsed_s=345.9 slot_direction=FDD_SEPARATE_DL_UL replay_direction=DL replay_grant=2/2 cell=16 ue=2 active_ue=2 cells=57 grants=2 served_bits=148952 dropped_bits=0 overflow_events=0
[2026-09-13T10:30:26Z] INFO system_level_lls_slot_progress slot=20/20 completion=1.0000 elapsed_s=346.7 slot_direction=FDD_SEPARATE_DL_UL active_ue=2 cells=57 grants=2 served_bits=152704 dropped_bits=0 overflow_events=0
[2026-09-13T10:30:26Z] INFO system_level_lls_finalizing_exports slot=20/20 completion=1.0000 elapsed_s=346.7 slot_direction=finalizing active_ue=2 cells=57 grants=2 served_bits=152704 dropped_bits=0 overflow_events=0
[2026-09-13T10:30:26Z] INFO system_level_lls_finalizing_tables_started slot=20/20 completion=1.0000 elapsed_s=346.7 slot_direction=finalizing_tables active_ue=2 cells=57 grants=2 served_bits=152704 dropped_bits=0 overflow_events=0
[2026-09-13T10:30:27Z] INFO system_level_lls_finalizing_tables_ready slot=20/20 completion=1.0000 elapsed_s=347.2 slot_direction=finalizing_tables_ready active_ue=2 cells=57 grants=2 served_bits=152704 dropped_bits=0 overflow_events=0
[2026-09-13T10:30:27Z] INFO system_level_lls_finalizing_persistence_started slot=20/20 completion=1.0000 elapsed_s=347.3 slot_direction=finalizing_persistence active_ue=2 cells=57 grants=2 served_bits=152704 dropped_bits=0 overflow_events=0
[2026-09-13T10:30:27Z] INFO system_level_lls_finalizing_persistence_ready slot=20/20 completion=1.0000 elapsed_s=347.5 slot_direction=finalizing_persistence_ready active_ue=2 cells=57 grants=2 served_bits=152704 dropped_bits=0 overflow_events=0
CONFIGURED_CAMPAIGN_SEED_PASS: master=11
[2026-09-13T10:30:45Z] INFO system_level_lls_started slot=0/20 completion=0.0000 elapsed_s=2.0 slot_direction=initializing active_ue=2 cells=57 grants=0 served_bits=0 dropped_bits=0 overflow_events=0
[2026-09-13T10:30:45Z] INFO system_level_lls_slot1_post_mobility_update slot=0/20 completion=0.0000 elapsed_s=2.0 slot_direction=slot1_post_mobility_update active_ue=2 cells=57 grants=0 served_bits=0 dropped_bits=0 overflow_events=0
[2026-09-13T10:30:45Z] INFO system_level_lls_slot1_large_scale_ready slot=0/20 completion=0.0000 elapsed_s=2.4 slot_direction=slot1_large_scale_ready active_ue=2 cells=57 grants=0 served_bits=0 dropped_bits=0 overflow_events=0
[2026-09-13T10:30:46Z] INFO system_level_lls_slot1_active_ues_ready slot=0/20 completion=0.0000 elapsed_s=3.3 slot_direction=FDD_SEPARATE_DL_UL active_ue=0 cells=57 grants=0 served_bits=0 dropped_bits=0 overflow_events=0
[2026-09-13T10:30:46Z] INFO system_level_lls_slot1_ue_by_cell_ready slot=0/20 completion=0.0000 elapsed_s=3.3 slot_direction=FDD_SEPARATE_DL_UL active_ue=0 cells=57 grants=0 served_bits=0 dropped_bits=0 overflow_events=0
[2026-09-13T10:30:46Z] INFO system_level_lls_slot1_scheduler_inputs_ready slot=0/20 completion=0.0000 elapsed_s=3.4 slot_direction=FDD_SEPARATE_DL_UL active_ue=0 cells=57 grants=0 served_bits=0 dropped_bits=0 overflow_events=0
[2026-09-13T10:30:46Z] INFO system_level_lls_slot1_dl_scheduler_ready slot=0/20 completion=0.0000 elapsed_s=3.4 slot_direction=FDD_SEPARATE_DL_UL active_ue=0 cells=57 grants=0 served_bits=0 dropped_bits=0 overflow_events=0
[2026-09-13T10:30:46Z] INFO system_level_lls_slot1_ul_scheduler_ready slot=0/20 completion=0.0000 elapsed_s=3.4 slot_direction=FDD_SEPARATE_DL_UL active_ue=0 cells=57 grants=0 served_bits=0 dropped_bits=0 overflow_events=0
[2026-09-13T10:30:46Z] INFO system_level_lls_slot1_scheduler_ready slot=0/20 completion=0.0000 elapsed_s=3.4 slot_direction=FDD_SEPARATE_DL_UL active_ue=0 cells=57 grants=0 served_bits=0 dropped_bits=0 overflow_events=0
[2026-09-13T10:30:46Z] INFO system_level_lls_slot_progress slot=1/20 completion=0.0500 elapsed_s=3.4 slot_direction=FDD_SEPARATE_DL_UL active_ue=0 cells=57 grants=0 served_bits=0 dropped_bits=0 overflow_events=0
[2026-09-13T10:30:47Z] INFO system_level_lls_slot_progress slot=2/20 completion=0.1000 elapsed_s=3.9 slot_direction=FDD_SEPARATE_DL_UL active_ue=0 cells=57 grants=0 served_bits=0 dropped_bits=0 overflow_events=0
[2026-09-13T10:30:47Z] INFO system_level_lls_slot_progress slot=3/20 completion=0.1500 elapsed_s=4.5 slot_direction=FDD_SEPARATE_DL_UL active_ue=0 cells=57 grants=0 served_bits=0 dropped_bits=0 overflow_events=0
[2026-09-13T10:31:06Z] INFO system_level_lls_dl_replay_progress slot=3/20 completion=0.1500 elapsed_s=23.5 slot_direction=FDD_SEPARATE_DL_UL replay_direction=DL replay_grant=1/2 cell=2 ue=2 active_ue=2 cells=57 grants=2 served_bits=0 dropped_bits=0 overflow_events=0
[2026-09-13T10:31:08Z] INFO system_level_lls_dl_replay_progress slot=3/20 completion=0.1500 elapsed_s=24.9 slot_direction=FDD_SEPARATE_DL_UL replay_direction=DL replay_grant=2/2 cell=6 ue=1 active_ue=2 cells=57 grants=2 served_bits=3752 dropped_bits=0 overflow_events=0
[2026-09-13T10:31:09Z] INFO system_level_lls_slot_progress slot=4/20 completion=0.2000 elapsed_s=25.7 slot_direction=FDD_SEPARATE_DL_UL active_ue=2 cells=57 grants=2 served_bits=7504 dropped_bits=0 overflow_events=0
[2026-09-13T10:31:27Z] INFO system_level_lls_dl_replay_progress slot=4/20 completion=0.2000 elapsed_s=43.6 slot_direction=FDD_SEPARATE_DL_UL replay_direction=DL replay_grant=1/2 cell=2 ue=2 active_ue=2 cells=57 grants=2 served_bits=7504 dropped_bits=0 overflow_events=0
[2026-09-13T10:31:27Z] INFO system_level_lls_dl_replay_progress slot=4/20 completion=0.2000 elapsed_s=44.5 slot_direction=FDD_SEPARATE_DL_UL replay_direction=DL replay_grant=2/2 cell=6 ue=1 active_ue=2 cells=57 grants=2 served_bits=11256 dropped_bits=0 overflow_events=0
[2026-09-13T10:31:28Z] INFO system_level_lls_slot_progress slot=5/20 completion=0.2500 elapsed_s=45.3 slot_direction=FDD_SEPARATE_DL_UL active_ue=2 cells=57 grants=2 served_bits=15008 dropped_bits=0 overflow_events=0
[2026-09-13T10:31:45Z] INFO system_level_lls_dl_replay_progress slot=5/20 completion=0.2500 elapsed_s=62.5 slot_direction=FDD_SEPARATE_DL_UL replay_direction=DL replay_grant=1/2 cell=2 ue=2 active_ue=2 cells=57 grants=4 served_bits=15008 dropped_bits=0 overflow_events=0
[2026-09-13T10:31:46Z] INFO system_level_lls_dl_replay_progress slot=5/20 completion=0.2500 elapsed_s=63.3 slot_direction=FDD_SEPARATE_DL_UL replay_direction=DL replay_grant=2/2 cell=6 ue=1 active_ue=2 cells=57 grants=4 served_bits=18760 dropped_bits=0 overflow_events=0
[2026-09-13T10:31:47Z] INFO system_level_lls_ul_replay_progress slot=5/20 completion=0.2500 elapsed_s=64.1 slot_direction=FDD_SEPARATE_DL_UL replay_direction=UL replay_grant=1/2 cell=2 ue=2 active_ue=2 cells=57 grants=4 served_bits=22512 dropped_bits=0 overflow_events=0
[2026-09-13T10:31:47Z] INFO system_level_lls_ul_replay_progress slot=5/20 completion=0.2500 elapsed_s=64.5 slot_direction=FDD_SEPARATE_DL_UL replay_direction=UL replay_grant=2/2 cell=6 ue=1 active_ue=2 cells=57 grants=4 served_bits=31736 dropped_bits=0 overflow_events=0
[2026-09-13T10:31:48Z] INFO system_level_lls_slot_progress slot=6/20 completion=0.3000 elapsed_s=65.1 slot_direction=FDD_SEPARATE_DL_UL active_ue=2 cells=57 grants=4 served_bits=40960 dropped_bits=0 overflow_events=0
[2026-09-13T10:32:12Z] INFO system_level_lls_dl_replay_progress slot=6/20 completion=0.3000 elapsed_s=89.1 slot_direction=FDD_SEPARATE_DL_UL replay_direction=DL replay_grant=1/2 cell=2 ue=2 active_ue=2 cells=57 grants=2 served_bits=40960 dropped_bits=0 overflow_events=0
[2026-09-13T10:32:13Z] INFO system_level_lls_dl_replay_progress slot=6/20 completion=0.3000 elapsed_s=90.2 slot_direction=FDD_SEPARATE_DL_UL replay_direction=DL replay_grant=2/2 cell=6 ue=1 active_ue=2 cells=57 grants=2 served_bits=44712 dropped_bits=0 overflow_events=0
[2026-09-13T10:32:14Z] INFO system_level_lls_slot_progress slot=7/20 completion=0.3500 elapsed_s=91.1 slot_direction=FDD_SEPARATE_DL_UL active_ue=2 cells=57 grants=2 served_bits=48464 dropped_bits=0 overflow_events=0
[2026-09-13T10:32:32Z] INFO system_level_lls_dl_replay_progress slot=7/20 completion=0.3500 elapsed_s=109.5 slot_direction=FDD_SEPARATE_DL_UL replay_direction=DL replay_grant=1/2 cell=2 ue=2 active_ue=2 cells=57 grants=2 served_bits=48464 dropped_bits=0 overflow_events=0
[2026-09-13T10:32:33Z] INFO system_level_lls_dl_replay_progress slot=7/20 completion=0.3500 elapsed_s=110.4 slot_direction=FDD_SEPARATE_DL_UL replay_direction=DL replay_grant=2/2 cell=6 ue=1 active_ue=2 cells=57 grants=2 served_bits=52216 dropped_bits=0 overflow_events=0
[2026-09-13T10:32:34Z] INFO system_level_lls_slot_progress slot=8/20 completion=0.4000 elapsed_s=111.2 slot_direction=FDD_SEPARATE_DL_UL active_ue=2 cells=57 grants=2 served_bits=55968 dropped_bits=0 overflow_events=0
[2026-09-13T10:32:52Z] INFO system_level_lls_dl_replay_progress slot=8/20 completion=0.4000 elapsed_s=128.8 slot_direction=FDD_SEPARATE_DL_UL replay_direction=DL replay_grant=1/2 cell=2 ue=2 active_ue=2 cells=57 grants=4 served_bits=55968 dropped_bits=0 overflow_events=0
[2026-09-13T10:32:53Z] INFO system_level_lls_dl_replay_progress slot=8/20 completion=0.4000 elapsed_s=129.7 slot_direction=FDD_SEPARATE_DL_UL replay_direction=DL replay_grant=2/2 cell=6 ue=1 active_ue=2 cells=57 grants=4 served_bits=59720 dropped_bits=0 overflow_events=0
[2026-09-13T10:32:54Z] INFO system_level_lls_ul_replay_progress slot=8/20 completion=0.4000 elapsed_s=130.7 slot_direction=FDD_SEPARATE_DL_UL replay_direction=UL replay_grant=1/2 cell=2 ue=2 active_ue=2 cells=57 grants=4 served_bits=63472 dropped_bits=0 overflow_events=0
[2026-09-13T10:32:55Z] INFO system_level_lls_ul_replay_progress slot=8/20 completion=0.4000 elapsed_s=131.8 slot_direction=FDD_SEPARATE_DL_UL replay_direction=UL replay_grant=2/2 cell=6 ue=1 active_ue=2 cells=57 grants=4 served_bits=63472 dropped_bits=0 overflow_events=0
[2026-09-13T10:32:55Z] INFO system_level_lls_slot_progress slot=9/20 completion=0.4500 elapsed_s=132.3 slot_direction=FDD_SEPARATE_DL_UL active_ue=2 cells=57 grants=4 served_bits=64280 dropped_bits=0 overflow_events=0
[2026-09-13T10:33:15Z] INFO system_level_lls_dl_replay_progress slot=9/20 completion=0.4500 elapsed_s=151.8 slot_direction=FDD_SEPARATE_DL_UL replay_direction=DL replay_grant=1/2 cell=2 ue=2 active_ue=2 cells=57 grants=2 served_bits=64280 dropped_bits=0 overflow_events=0
[2026-09-13T10:33:16Z] INFO system_level_lls_dl_replay_progress slot=9/20 completion=0.4500 elapsed_s=152.6 slot_direction=FDD_SEPARATE_DL_UL replay_direction=DL replay_grant=2/2 cell=6 ue=1 active_ue=2 cells=57 grants=2 served_bits=68032 dropped_bits=0 overflow_events=0
[2026-09-13T10:33:16Z] INFO system_level_lls_slot_progress slot=10/20 completion=0.5000 elapsed_s=153.3 slot_direction=FDD_SEPARATE_DL_UL active_ue=2 cells=57 grants=2 served_bits=71784 dropped_bits=0 overflow_events=0
[2026-09-13T10:33:34Z] INFO system_level_lls_dl_replay_progress slot=10/20 completion=0.5000 elapsed_s=171.5 slot_direction=FDD_SEPARATE_DL_UL replay_direction=DL replay_grant=1/2 cell=2 ue=2 active_ue=2 cells=57 grants=2 served_bits=71784 dropped_bits=0 overflow_events=0
[2026-09-13T10:33:35Z] INFO system_level_lls_dl_replay_progress slot=10/20 completion=0.5000 elapsed_s=172.4 slot_direction=FDD_SEPARATE_DL_UL replay_direction=DL replay_grant=2/2 cell=6 ue=1 active_ue=2 cells=57 grants=2 served_bits=75536 dropped_bits=0 overflow_events=0
[2026-09-13T10:33:36Z] INFO system_level_lls_slot_progress slot=11/20 completion=0.5500 elapsed_s=173.1 slot_direction=FDD_SEPARATE_DL_UL active_ue=2 cells=57 grants=2 served_bits=79288 dropped_bits=0 overflow_events=0
[2026-09-13T10:33:54Z] INFO system_level_lls_dl_replay_progress slot=11/20 completion=0.5500 elapsed_s=190.8 slot_direction=FDD_SEPARATE_DL_UL replay_direction=DL replay_grant=1/2 cell=2 ue=2 active_ue=2 cells=57 grants=4 served_bits=79288 dropped_bits=0 overflow_events=0
[2026-09-13T10:33:55Z] INFO system_level_lls_dl_replay_progress slot=11/20 completion=0.5500 elapsed_s=191.7 slot_direction=FDD_SEPARATE_DL_UL replay_direction=DL replay_grant=2/2 cell=6 ue=1 active_ue=2 cells=57 grants=4 served_bits=83040 dropped_bits=0 overflow_events=0
[2026-09-13T10:33:55Z] INFO system_level_lls_ul_replay_progress slot=11/20 completion=0.5500 elapsed_s=192.5 slot_direction=FDD_SEPARATE_DL_UL replay_direction=UL replay_grant=1/2 cell=2 ue=2 active_ue=2 cells=57 grants=4 served_bits=86792 dropped_bits=0 overflow_events=0
[2026-09-13T10:33:57Z] INFO system_level_lls_ul_replay_progress slot=11/20 completion=0.5500 elapsed_s=193.7 slot_direction=FDD_SEPARATE_DL_UL replay_direction=UL replay_grant=2/2 cell=6 ue=1 active_ue=2 cells=57 grants=4 served_bits=86792 dropped_bits=0 overflow_events=0
[2026-09-13T10:33:57Z] INFO system_level_lls_slot_progress slot=12/20 completion=0.6000 elapsed_s=194.3 slot_direction=FDD_SEPARATE_DL_UL active_ue=2 cells=57 grants=4 served_bits=87600 dropped_bits=0 overflow_events=0
[2026-09-13T10:34:20Z] INFO system_level_lls_dl_replay_progress slot=12/20 completion=0.6000 elapsed_s=216.6 slot_direction=FDD_SEPARATE_DL_UL replay_direction=DL replay_grant=1/2 cell=2 ue=2 active_ue=2 cells=57 grants=2 served_bits=87600 dropped_bits=0 overflow_events=0
[2026-09-13T10:34:21Z] INFO system_level_lls_dl_replay_progress slot=12/20 completion=0.6000 elapsed_s=218.2 slot_direction=FDD_SEPARATE_DL_UL replay_direction=DL replay_grant=2/2 cell=6 ue=1 active_ue=2 cells=57 grants=2 served_bits=91352 dropped_bits=0 overflow_events=0
[2026-09-13T10:34:22Z] INFO system_level_lls_slot_progress slot=13/20 completion=0.6500 elapsed_s=219.1 slot_direction=FDD_SEPARATE_DL_UL active_ue=2 cells=57 grants=2 served_bits=95104 dropped_bits=0 overflow_events=0
[2026-09-13T10:34:42Z] INFO system_level_lls_dl_replay_progress slot=13/20 completion=0.6500 elapsed_s=239.2 slot_direction=FDD_SEPARATE_DL_UL replay_direction=DL replay_grant=1/2 cell=2 ue=2 active_ue=2 cells=57 grants=2 served_bits=95104 dropped_bits=0 overflow_events=0
[2026-09-13T10:34:43Z] INFO system_level_lls_dl_replay_progress slot=13/20 completion=0.6500 elapsed_s=240.2 slot_direction=FDD_SEPARATE_DL_UL replay_direction=DL replay_grant=2/2 cell=6 ue=1 active_ue=2 cells=57 grants=2 served_bits=98856 dropped_bits=0 overflow_events=0
[2026-09-13T10:34:44Z] INFO system_level_lls_slot_progress slot=14/20 completion=0.7000 elapsed_s=241.0 slot_direction=FDD_SEPARATE_DL_UL active_ue=2 cells=57 grants=2 served_bits=102608 dropped_bits=0 overflow_events=0
[2026-09-13T10:35:05Z] INFO system_level_lls_dl_replay_progress slot=14/20 completion=0.7000 elapsed_s=262.0 slot_direction=FDD_SEPARATE_DL_UL replay_direction=DL replay_grant=1/2 cell=2 ue=2 active_ue=2 cells=57 grants=4 served_bits=102608 dropped_bits=0 overflow_events=0
[2026-09-13T10:35:06Z] INFO system_level_lls_dl_replay_progress slot=14/20 completion=0.7000 elapsed_s=262.8 slot_direction=FDD_SEPARATE_DL_UL replay_direction=DL replay_grant=2/2 cell=6 ue=1 active_ue=2 cells=57 grants=4 served_bits=106360 dropped_bits=0 overflow_events=0
[2026-09-13T10:35:07Z] INFO system_level_lls_ul_replay_progress slot=14/20 completion=0.7000 elapsed_s=264.0 slot_direction=FDD_SEPARATE_DL_UL replay_direction=UL replay_grant=1/2 cell=2 ue=2 active_ue=2 cells=57 grants=4 served_bits=110112 dropped_bits=0 overflow_events=0
[2026-09-13T10:35:07Z] INFO system_level_lls_ul_replay_progress slot=14/20 completion=0.7000 elapsed_s=264.5 slot_direction=FDD_SEPARATE_DL_UL replay_direction=UL replay_grant=2/2 cell=6 ue=1 active_ue=2 cells=57 grants=4 served_bits=110112 dropped_bits=0 overflow_events=0
[2026-09-13T10:35:08Z] INFO system_level_lls_slot_progress slot=15/20 completion=0.7500 elapsed_s=264.8 slot_direction=FDD_SEPARATE_DL_UL active_ue=2 cells=57 grants=4 served_bits=110920 dropped_bits=0 overflow_events=0
[2026-09-13T10:35:26Z] INFO system_level_lls_dl_replay_progress slot=15/20 completion=0.7500 elapsed_s=283.4 slot_direction=FDD_SEPARATE_DL_UL replay_direction=DL replay_grant=1/2 cell=2 ue=2 active_ue=2 cells=57 grants=2 served_bits=110920 dropped_bits=0 overflow_events=0
[2026-09-13T10:35:27Z] INFO system_level_lls_dl_replay_progress slot=15/20 completion=0.7500 elapsed_s=284.1 slot_direction=FDD_SEPARATE_DL_UL replay_direction=DL replay_grant=2/2 cell=6 ue=1 active_ue=2 cells=57 grants=2 served_bits=114672 dropped_bits=0 overflow_events=0
[2026-09-13T10:35:28Z] INFO system_level_lls_slot_progress slot=16/20 completion=0.8000 elapsed_s=284.8 slot_direction=FDD_SEPARATE_DL_UL active_ue=2 cells=57 grants=2 served_bits=118424 dropped_bits=0 overflow_events=0
[2026-09-13T10:35:45Z] INFO system_level_lls_dl_replay_progress slot=16/20 completion=0.8000 elapsed_s=302.2 slot_direction=FDD_SEPARATE_DL_UL replay_direction=DL replay_grant=1/2 cell=2 ue=2 active_ue=2 cells=57 grants=2 served_bits=118424 dropped_bits=0 overflow_events=0
[2026-09-13T10:35:46Z] INFO system_level_lls_dl_replay_progress slot=16/20 completion=0.8000 elapsed_s=303.0 slot_direction=FDD_SEPARATE_DL_UL replay_direction=DL replay_grant=2/2 cell=6 ue=1 active_ue=2 cells=57 grants=2 served_bits=122176 dropped_bits=0 overflow_events=0
[2026-09-13T10:35:47Z] INFO system_level_lls_slot_progress slot=17/20 completion=0.8500 elapsed_s=303.7 slot_direction=FDD_SEPARATE_DL_UL active_ue=2 cells=57 grants=2 served_bits=125928 dropped_bits=0 overflow_events=0
[2026-09-13T10:36:02Z] INFO system_level_lls_dl_replay_progress slot=17/20 completion=0.8500 elapsed_s=318.6 slot_direction=FDD_SEPARATE_DL_UL replay_direction=DL replay_grant=1/2 cell=2 ue=2 active_ue=2 cells=57 grants=4 served_bits=125928 dropped_bits=0 overflow_events=0
[2026-09-13T10:36:02Z] INFO system_level_lls_dl_replay_progress slot=17/20 completion=0.8500 elapsed_s=319.4 slot_direction=FDD_SEPARATE_DL_UL replay_direction=DL replay_grant=2/2 cell=6 ue=1 active_ue=2 cells=57 grants=4 served_bits=129680 dropped_bits=0 overflow_events=0
[2026-09-13T10:36:03Z] INFO system_level_lls_ul_replay_progress slot=17/20 completion=0.8500 elapsed_s=320.3 slot_direction=FDD_SEPARATE_DL_UL replay_direction=UL replay_grant=1/2 cell=2 ue=2 active_ue=2 cells=57 grants=4 served_bits=133432 dropped_bits=0 overflow_events=0
[2026-09-13T10:36:04Z] INFO system_level_lls_ul_replay_progress slot=17/20 completion=0.8500 elapsed_s=320.9 slot_direction=FDD_SEPARATE_DL_UL replay_direction=UL replay_grant=2/2 cell=6 ue=1 active_ue=2 cells=57 grants=4 served_bits=133432 dropped_bits=0 overflow_events=0
[2026-09-13T10:36:04Z] INFO system_level_lls_slot_progress slot=18/20 completion=0.9000 elapsed_s=321.2 slot_direction=FDD_SEPARATE_DL_UL active_ue=2 cells=57 grants=4 served_bits=134240 dropped_bits=0 overflow_events=0
[2026-09-13T10:36:20Z] INFO system_level_lls_dl_replay_progress slot=18/20 completion=0.9000 elapsed_s=337.2 slot_direction=FDD_SEPARATE_DL_UL replay_direction=DL replay_grant=1/2 cell=2 ue=2 active_ue=2 cells=57 grants=2 served_bits=134240 dropped_bits=0 overflow_events=0
[2026-09-13T10:36:21Z] INFO system_level_lls_dl_replay_progress slot=18/20 completion=0.9000 elapsed_s=338.0 slot_direction=FDD_SEPARATE_DL_UL replay_direction=DL replay_grant=2/2 cell=6 ue=1 active_ue=2 cells=57 grants=2 served_bits=137992 dropped_bits=0 overflow_events=0
[2026-09-13T10:36:22Z] INFO system_level_lls_slot_progress slot=19/20 completion=0.9500 elapsed_s=338.8 slot_direction=FDD_SEPARATE_DL_UL active_ue=2 cells=57 grants=2 served_bits=141744 dropped_bits=0 overflow_events=0
[2026-09-13T10:36:37Z] INFO system_level_lls_dl_replay_progress slot=19/20 completion=0.9500 elapsed_s=353.7 slot_direction=FDD_SEPARATE_DL_UL replay_direction=DL replay_grant=1/2 cell=2 ue=2 active_ue=2 cells=57 grants=2 served_bits=141744 dropped_bits=0 overflow_events=0
[2026-09-13T10:36:37Z] INFO system_level_lls_dl_replay_progress slot=19/20 completion=0.9500 elapsed_s=354.5 slot_direction=FDD_SEPARATE_DL_UL replay_direction=DL replay_grant=2/2 cell=6 ue=1 active_ue=2 cells=57 grants=2 served_bits=145496 dropped_bits=0 overflow_events=0
[2026-09-13T10:36:38Z] INFO system_level_lls_slot_progress slot=20/20 completion=1.0000 elapsed_s=355.3 slot_direction=FDD_SEPARATE_DL_UL active_ue=2 cells=57 grants=2 served_bits=149248 dropped_bits=0 overflow_events=0
[2026-09-13T10:36:38Z] INFO system_level_lls_finalizing_exports slot=20/20 completion=1.0000 elapsed_s=355.3 slot_direction=finalizing active_ue=2 cells=57 grants=2 served_bits=149248 dropped_bits=0 overflow_events=0
[2026-09-13T10:36:38Z] INFO system_level_lls_finalizing_tables_started slot=20/20 completion=1.0000 elapsed_s=355.3 slot_direction=finalizing_tables active_ue=2 cells=57 grants=2 served_bits=149248 dropped_bits=0 overflow_events=0
[2026-09-13T10:36:39Z] INFO system_level_lls_finalizing_tables_ready slot=20/20 completion=1.0000 elapsed_s=356.1 slot_direction=finalizing_tables_ready active_ue=2 cells=57 grants=2 served_bits=149248 dropped_bits=0 overflow_events=0
[2026-09-13T10:36:39Z] INFO system_level_lls_finalizing_persistence_started slot=20/20 completion=1.0000 elapsed_s=356.2 slot_direction=finalizing_persistence active_ue=2 cells=57 grants=2 served_bits=149248 dropped_bits=0 overflow_events=0
[2026-09-13T10:36:39Z] INFO system_level_lls_finalizing_persistence_ready slot=20/20 completion=1.0000 elapsed_s=356.3 slot_direction=finalizing_persistence_ready active_ue=2 cells=57 grants=2 served_bits=149248 dropped_bits=0 overflow_events=0
CONFIGURED_CAMPAIGN_SEED_PASS: master=22
[2026-09-13T10:36:50Z] INFO system_level_lls_started slot=0/20 completion=0.0000 elapsed_s=2.8 slot_direction=initializing active_ue=2 cells=57 grants=0 served_bits=0 dropped_bits=0 overflow_events=0
[2026-09-13T10:36:51Z] INFO system_level_lls_slot1_post_mobility_update slot=0/20 completion=0.0000 elapsed_s=2.9 slot_direction=slot1_post_mobility_update active_ue=2 cells=57 grants=0 served_bits=0 dropped_bits=0 overflow_events=0
[2026-09-13T10:36:51Z] INFO system_level_lls_slot1_large_scale_ready slot=0/20 completion=0.0000 elapsed_s=3.5 slot_direction=slot1_large_scale_ready active_ue=2 cells=57 grants=0 served_bits=0 dropped_bits=0 overflow_events=0
[2026-09-13T10:36:52Z] INFO system_level_lls_slot1_active_ues_ready slot=0/20 completion=0.0000 elapsed_s=4.1 slot_direction=FDD_SEPARATE_DL_UL active_ue=0 cells=57 grants=0 served_bits=0 dropped_bits=0 overflow_events=0
[2026-09-13T10:36:52Z] INFO system_level_lls_slot1_ue_by_cell_ready slot=0/20 completion=0.0000 elapsed_s=4.1 slot_direction=FDD_SEPARATE_DL_UL active_ue=0 cells=57 grants=0 served_bits=0 dropped_bits=0 overflow_events=0
[2026-09-13T10:36:52Z] INFO system_level_lls_slot1_scheduler_inputs_ready slot=0/20 completion=0.0000 elapsed_s=4.2 slot_direction=FDD_SEPARATE_DL_UL active_ue=0 cells=57 grants=0 served_bits=0 dropped_bits=0 overflow_events=0
[2026-09-13T10:36:52Z] INFO system_level_lls_slot1_dl_scheduler_ready slot=0/20 completion=0.0000 elapsed_s=4.2 slot_direction=FDD_SEPARATE_DL_UL active_ue=0 cells=57 grants=0 served_bits=0 dropped_bits=0 overflow_events=0
[2026-09-13T10:36:52Z] INFO system_level_lls_slot1_ul_scheduler_ready slot=0/20 completion=0.0000 elapsed_s=4.2 slot_direction=FDD_SEPARATE_DL_UL active_ue=0 cells=57 grants=0 served_bits=0 dropped_bits=0 overflow_events=0
[2026-09-13T10:36:52Z] INFO system_level_lls_slot1_scheduler_ready slot=0/20 completion=0.0000 elapsed_s=4.2 slot_direction=FDD_SEPARATE_DL_UL active_ue=0 cells=57 grants=0 served_bits=0 dropped_bits=0 overflow_events=0
[2026-09-13T10:36:52Z] INFO system_level_lls_slot_progress slot=1/20 completion=0.0500 elapsed_s=4.2 slot_direction=FDD_SEPARATE_DL_UL active_ue=0 cells=57 grants=0 served_bits=0 dropped_bits=0 overflow_events=0
[2026-09-13T10:36:52Z] INFO system_level_lls_slot_progress slot=2/20 completion=0.1000 elapsed_s=4.7 slot_direction=FDD_SEPARATE_DL_UL active_ue=0 cells=57 grants=0 served_bits=0 dropped_bits=0 overflow_events=0
[2026-09-13T10:36:53Z] INFO system_level_lls_slot_progress slot=3/20 completion=0.1500 elapsed_s=5.3 slot_direction=FDD_SEPARATE_DL_UL active_ue=0 cells=57 grants=0 served_bits=0 dropped_bits=0 overflow_events=0
[2026-09-13T10:37:13Z] INFO system_level_lls_dl_replay_progress slot=3/20 completion=0.1500 elapsed_s=25.1 slot_direction=FDD_SEPARATE_DL_UL replay_direction=DL replay_grant=1/2 cell=21 ue=1 active_ue=2 cells=57 grants=2 served_bits=0 dropped_bits=0 overflow_events=0
[2026-09-13T10:37:14Z] INFO system_level_lls_dl_replay_progress slot=3/20 completion=0.1500 elapsed_s=26.2 slot_direction=FDD_SEPARATE_DL_UL replay_direction=DL replay_grant=2/2 cell=54 ue=2 active_ue=2 cells=57 grants=2 served_bits=3752 dropped_bits=0 overflow_events=0
[2026-09-13T10:37:15Z] INFO system_level_lls_slot_progress slot=4/20 completion=0.2000 elapsed_s=27.0 slot_direction=FDD_SEPARATE_DL_UL active_ue=2 cells=57 grants=2 served_bits=7504 dropped_bits=0 overflow_events=0
[2026-09-13T10:37:32Z] INFO system_level_lls_dl_replay_progress slot=4/20 completion=0.2000 elapsed_s=44.0 slot_direction=FDD_SEPARATE_DL_UL replay_direction=DL replay_grant=1/2 cell=21 ue=1 active_ue=2 cells=57 grants=2 served_bits=7504 dropped_bits=0 overflow_events=0
[2026-09-13T10:37:32Z] INFO system_level_lls_dl_replay_progress slot=4/20 completion=0.2000 elapsed_s=44.9 slot_direction=FDD_SEPARATE_DL_UL replay_direction=DL replay_grant=2/2 cell=54 ue=2 active_ue=2 cells=57 grants=2 served_bits=11256 dropped_bits=0 overflow_events=0
[2026-09-13T10:37:33Z] INFO system_level_lls_slot_progress slot=5/20 completion=0.2500 elapsed_s=45.6 slot_direction=FDD_SEPARATE_DL_UL active_ue=2 cells=57 grants=2 served_bits=15008 dropped_bits=0 overflow_events=0
[2026-09-13T10:37:48Z] INFO system_level_lls_dl_replay_progress slot=5/20 completion=0.2500 elapsed_s=60.8 slot_direction=FDD_SEPARATE_DL_UL replay_direction=DL replay_grant=1/2 cell=21 ue=1 active_ue=2 cells=57 grants=4 served_bits=15008 dropped_bits=0 overflow_events=0
[2026-09-13T10:37:49Z] INFO system_level_lls_dl_replay_progress slot=5/20 completion=0.2500 elapsed_s=61.5 slot_direction=FDD_SEPARATE_DL_UL replay_direction=DL replay_grant=2/2 cell=54 ue=2 active_ue=2 cells=57 grants=4 served_bits=18760 dropped_bits=0 overflow_events=0
[2026-09-13T10:37:50Z] INFO system_level_lls_ul_replay_progress slot=5/20 completion=0.2500 elapsed_s=62.4 slot_direction=FDD_SEPARATE_DL_UL replay_direction=UL replay_grant=1/2 cell=21 ue=1 active_ue=2 cells=57 grants=4 served_bits=22512 dropped_bits=0 overflow_events=0
[2026-09-13T10:37:50Z] INFO system_level_lls_ul_replay_progress slot=5/20 completion=0.2500 elapsed_s=62.8 slot_direction=FDD_SEPARATE_DL_UL replay_direction=UL replay_grant=2/2 cell=54 ue=2 active_ue=2 cells=57 grants=4 served_bits=33528 dropped_bits=0 overflow_events=0
[2026-09-13T10:37:51Z] INFO system_level_lls_slot_progress slot=6/20 completion=0.3000 elapsed_s=63.4 slot_direction=FDD_SEPARATE_DL_UL active_ue=2 cells=57 grants=4 served_bits=43520 dropped_bits=0 overflow_events=0
[2026-09-13T10:38:06Z] INFO system_level_lls_dl_replay_progress slot=6/20 completion=0.3000 elapsed_s=78.5 slot_direction=FDD_SEPARATE_DL_UL replay_direction=DL replay_grant=1/2 cell=21 ue=1 active_ue=2 cells=57 grants=2 served_bits=43520 dropped_bits=0 overflow_events=0
[2026-09-13T10:38:07Z] INFO system_level_lls_dl_replay_progress slot=6/20 completion=0.3000 elapsed_s=79.3 slot_direction=FDD_SEPARATE_DL_UL replay_direction=DL replay_grant=2/2 cell=54 ue=2 active_ue=2 cells=57 grants=2 served_bits=47272 dropped_bits=0 overflow_events=0
[2026-09-13T10:38:08Z] INFO system_level_lls_slot_progress slot=7/20 completion=0.3500 elapsed_s=80.0 slot_direction=FDD_SEPARATE_DL_UL active_ue=2 cells=57 grants=2 served_bits=51024 dropped_bits=0 overflow_events=0
[2026-09-13T10:38:23Z] INFO system_level_lls_dl_replay_progress slot=7/20 completion=0.3500 elapsed_s=95.4 slot_direction=FDD_SEPARATE_DL_UL replay_direction=DL replay_grant=1/2 cell=21 ue=1 active_ue=2 cells=57 grants=2 served_bits=51024 dropped_bits=0 overflow_events=0
[2026-09-13T10:38:24Z] INFO system_level_lls_dl_replay_progress slot=7/20 completion=0.3500 elapsed_s=96.2 slot_direction=FDD_SEPARATE_DL_UL replay_direction=DL replay_grant=2/2 cell=54 ue=2 active_ue=2 cells=57 grants=2 served_bits=54776 dropped_bits=0 overflow_events=0
[2026-09-13T10:38:25Z] INFO system_level_lls_slot_progress slot=8/20 completion=0.4000 elapsed_s=97.0 slot_direction=FDD_SEPARATE_DL_UL active_ue=2 cells=57 grants=2 served_bits=58528 dropped_bits=0 overflow_events=0
[2026-09-13T10:38:40Z] INFO system_level_lls_dl_replay_progress slot=8/20 completion=0.4000 elapsed_s=112.0 slot_direction=FDD_SEPARATE_DL_UL replay_direction=DL replay_grant=1/2 cell=21 ue=1 active_ue=2 cells=57 grants=4 served_bits=58528 dropped_bits=0 overflow_events=0
[2026-09-13T10:38:40Z] INFO system_level_lls_dl_replay_progress slot=8/20 completion=0.4000 elapsed_s=112.7 slot_direction=FDD_SEPARATE_DL_UL replay_direction=DL replay_grant=2/2 cell=54 ue=2 active_ue=2 cells=57 grants=4 served_bits=62280 dropped_bits=0 overflow_events=0
[2026-09-13T10:38:41Z] INFO system_level_lls_ul_replay_progress slot=8/20 completion=0.4000 elapsed_s=113.4 slot_direction=FDD_SEPARATE_DL_UL replay_direction=UL replay_grant=1/2 cell=21 ue=1 active_ue=2 cells=57 grants=4 served_bits=66032 dropped_bits=0 overflow_events=0
[2026-09-13T10:38:41Z] INFO system_level_lls_ul_replay_progress slot=8/20 completion=0.4000 elapsed_s=113.7 slot_direction=FDD_SEPARATE_DL_UL replay_direction=UL replay_grant=2/2 cell=54 ue=2 active_ue=2 cells=57 grants=4 served_bits=66840 dropped_bits=0 overflow_events=0
[2026-09-13T10:38:42Z] INFO system_level_lls_slot_progress slot=9/20 completion=0.4500 elapsed_s=114.5 slot_direction=FDD_SEPARATE_DL_UL active_ue=2 cells=57 grants=4 served_bits=67368 dropped_bits=0 overflow_events=0
[2026-09-13T10:38:59Z] INFO system_level_lls_dl_replay_progress slot=9/20 completion=0.4500 elapsed_s=131.4 slot_direction=FDD_SEPARATE_DL_UL replay_direction=DL replay_grant=1/2 cell=21 ue=1 active_ue=2 cells=57 grants=2 served_bits=67368 dropped_bits=0 overflow_events=0
[2026-09-13T10:39:00Z] INFO system_level_lls_dl_replay_progress slot=9/20 completion=0.4500 elapsed_s=132.2 slot_direction=FDD_SEPARATE_DL_UL replay_direction=DL replay_grant=2/2 cell=54 ue=2 active_ue=2 cells=57 grants=2 served_bits=71120 dropped_bits=0 overflow_events=0
[2026-09-13T10:39:01Z] INFO system_level_lls_slot_progress slot=10/20 completion=0.5000 elapsed_s=133.0 slot_direction=FDD_SEPARATE_DL_UL active_ue=2 cells=57 grants=2 served_bits=74872 dropped_bits=0 overflow_events=0
[2026-09-13T10:39:17Z] INFO system_level_lls_dl_replay_progress slot=10/20 completion=0.5000 elapsed_s=149.0 slot_direction=FDD_SEPARATE_DL_UL replay_direction=DL replay_grant=1/2 cell=21 ue=1 active_ue=2 cells=57 grants=2 served_bits=74872 dropped_bits=0 overflow_events=0
[2026-09-13T10:39:18Z] INFO system_level_lls_dl_replay_progress slot=10/20 completion=0.5000 elapsed_s=149.9 slot_direction=FDD_SEPARATE_DL_UL replay_direction=DL replay_grant=2/2 cell=54 ue=2 active_ue=2 cells=57 grants=2 served_bits=78624 dropped_bits=0 overflow_events=0
[2026-09-13T10:39:18Z] INFO system_level_lls_slot_progress slot=11/20 completion=0.5500 elapsed_s=150.9 slot_direction=FDD_SEPARATE_DL_UL active_ue=2 cells=57 grants=2 served_bits=82376 dropped_bits=0 overflow_events=0
[2026-09-13T10:39:37Z] INFO system_level_lls_dl_replay_progress slot=11/20 completion=0.5500 elapsed_s=169.0 slot_direction=FDD_SEPARATE_DL_UL replay_direction=DL replay_grant=1/2 cell=21 ue=1 active_ue=2 cells=57 grants=4 served_bits=82376 dropped_bits=0 overflow_events=0
[2026-09-13T10:39:38Z] INFO system_level_lls_dl_replay_progress slot=11/20 completion=0.5500 elapsed_s=169.9 slot_direction=FDD_SEPARATE_DL_UL replay_direction=DL replay_grant=2/2 cell=54 ue=2 active_ue=2 cells=57 grants=4 served_bits=86128 dropped_bits=0 overflow_events=0
[2026-09-13T10:39:38Z] INFO system_level_lls_ul_replay_progress slot=11/20 completion=0.5500 elapsed_s=170.7 slot_direction=FDD_SEPARATE_DL_UL replay_direction=UL replay_grant=1/2 cell=21 ue=1 active_ue=2 cells=57 grants=4 served_bits=89880 dropped_bits=0 overflow_events=0
[2026-09-13T10:39:39Z] INFO system_level_lls_ul_replay_progress slot=11/20 completion=0.5500 elapsed_s=171.0 slot_direction=FDD_SEPARATE_DL_UL replay_direction=UL replay_grant=2/2 cell=54 ue=2 active_ue=2 cells=57 grants=4 served_bits=90688 dropped_bits=0 overflow_events=0
[2026-09-13T10:39:39Z] INFO system_level_lls_slot_progress slot=12/20 completion=0.6000 elapsed_s=171.3 slot_direction=FDD_SEPARATE_DL_UL active_ue=2 cells=57 grants=4 served_bits=91496 dropped_bits=0 overflow_events=0
[2026-09-13T10:39:55Z] INFO system_level_lls_dl_replay_progress slot=12/20 completion=0.6000 elapsed_s=187.5 slot_direction=FDD_SEPARATE_DL_UL replay_direction=DL replay_grant=1/2 cell=21 ue=1 active_ue=2 cells=57 grants=2 served_bits=91496 dropped_bits=0 overflow_events=0
[2026-09-13T10:39:56Z] INFO system_level_lls_dl_replay_progress slot=12/20 completion=0.6000 elapsed_s=188.2 slot_direction=FDD_SEPARATE_DL_UL replay_direction=DL replay_grant=2/2 cell=54 ue=2 active_ue=2 cells=57 grants=2 served_bits=95248 dropped_bits=0 overflow_events=0
[2026-09-13T10:39:57Z] INFO system_level_lls_slot_progress slot=13/20 completion=0.6500 elapsed_s=189.0 slot_direction=FDD_SEPARATE_DL_UL active_ue=2 cells=57 grants=2 served_bits=99000 dropped_bits=0 overflow_events=0
[2026-09-13T10:40:14Z] INFO system_level_lls_dl_replay_progress slot=13/20 completion=0.6500 elapsed_s=206.1 slot_direction=FDD_SEPARATE_DL_UL replay_direction=DL replay_grant=1/2 cell=21 ue=1 active_ue=2 cells=57 grants=2 served_bits=99000 dropped_bits=0 overflow_events=0
[2026-09-13T10:40:15Z] INFO system_level_lls_dl_replay_progress slot=13/20 completion=0.6500 elapsed_s=207.0 slot_direction=FDD_SEPARATE_DL_UL replay_direction=DL replay_grant=2/2 cell=54 ue=2 active_ue=2 cells=57 grants=2 served_bits=102752 dropped_bits=0 overflow_events=0
[2026-09-13T10:40:16Z] INFO system_level_lls_slot_progress slot=14/20 completion=0.7000 elapsed_s=207.9 slot_direction=FDD_SEPARATE_DL_UL active_ue=2 cells=57 grants=2 served_bits=106504 dropped_bits=0 overflow_events=0
[2026-09-13T10:40:34Z] INFO system_level_lls_dl_replay_progress slot=14/20 completion=0.7000 elapsed_s=226.2 slot_direction=FDD_SEPARATE_DL_UL replay_direction=DL replay_grant=1/2 cell=21 ue=1 active_ue=2 cells=57 grants=4 served_bits=106504 dropped_bits=0 overflow_events=0
[2026-09-13T10:40:35Z] INFO system_level_lls_dl_replay_progress slot=14/20 completion=0.7000 elapsed_s=227.0 slot_direction=FDD_SEPARATE_DL_UL replay_direction=DL replay_grant=2/2 cell=54 ue=2 active_ue=2 cells=57 grants=4 served_bits=110256 dropped_bits=0 overflow_events=0
[2026-09-13T10:40:36Z] INFO system_level_lls_ul_replay_progress slot=14/20 completion=0.7000 elapsed_s=228.0 slot_direction=FDD_SEPARATE_DL_UL replay_direction=UL replay_grant=1/2 cell=21 ue=1 active_ue=2 cells=57 grants=4 served_bits=114008 dropped_bits=0 overflow_events=0
[2026-09-13T10:40:36Z] INFO system_level_lls_ul_replay_progress slot=14/20 completion=0.7000 elapsed_s=228.3 slot_direction=FDD_SEPARATE_DL_UL replay_direction=UL replay_grant=2/2 cell=54 ue=2 active_ue=2 cells=57 grants=4 served_bits=114816 dropped_bits=0 overflow_events=0
[2026-09-13T10:40:36Z] INFO system_level_lls_slot_progress slot=15/20 completion=0.7500 elapsed_s=228.7 slot_direction=FDD_SEPARATE_DL_UL active_ue=2 cells=57 grants=4 served_bits=115624 dropped_bits=0 overflow_events=0
[2026-09-13T10:40:55Z] INFO system_level_lls_dl_replay_progress slot=15/20 completion=0.7500 elapsed_s=247.0 slot_direction=FDD_SEPARATE_DL_UL replay_direction=DL replay_grant=1/2 cell=21 ue=1 active_ue=2 cells=57 grants=2 served_bits=115624 dropped_bits=0 overflow_events=0
[2026-09-13T10:40:55Z] INFO system_level_lls_dl_replay_progress slot=15/20 completion=0.7500 elapsed_s=247.8 slot_direction=FDD_SEPARATE_DL_UL replay_direction=DL replay_grant=2/2 cell=54 ue=2 active_ue=2 cells=57 grants=2 served_bits=119376 dropped_bits=0 overflow_events=0
[2026-09-13T10:40:56Z] INFO system_level_lls_slot_progress slot=16/20 completion=0.8000 elapsed_s=248.6 slot_direction=FDD_SEPARATE_DL_UL active_ue=2 cells=57 grants=2 served_bits=123128 dropped_bits=0 overflow_events=0
[2026-09-13T10:41:16Z] INFO system_level_lls_dl_replay_progress slot=16/20 completion=0.8000 elapsed_s=268.4 slot_direction=FDD_SEPARATE_DL_UL replay_direction=DL replay_grant=1/2 cell=21 ue=1 active_ue=2 cells=57 grants=2 served_bits=123128 dropped_bits=0 overflow_events=0
[2026-09-13T10:41:17Z] INFO system_level_lls_dl_replay_progress slot=16/20 completion=0.8000 elapsed_s=269.4 slot_direction=FDD_SEPARATE_DL_UL replay_direction=DL replay_grant=2/2 cell=54 ue=2 active_ue=2 cells=57 grants=2 served_bits=126880 dropped_bits=0 overflow_events=0
[2026-09-13T10:41:18Z] INFO system_level_lls_slot_progress slot=17/20 completion=0.8500 elapsed_s=270.7 slot_direction=FDD_SEPARATE_DL_UL active_ue=2 cells=57 grants=2 served_bits=130632 dropped_bits=0 overflow_events=0
[2026-09-13T10:41:35Z] INFO system_level_lls_dl_replay_progress slot=17/20 completion=0.8500 elapsed_s=287.6 slot_direction=FDD_SEPARATE_DL_UL replay_direction=DL replay_grant=1/2 cell=21 ue=1 active_ue=2 cells=57 grants=4 served_bits=130632 dropped_bits=0 overflow_events=0
[2026-09-13T10:41:36Z] INFO system_level_lls_dl_replay_progress slot=17/20 completion=0.8500 elapsed_s=288.7 slot_direction=FDD_SEPARATE_DL_UL replay_direction=DL replay_grant=2/2 cell=54 ue=2 active_ue=2 cells=57 grants=4 served_bits=134384 dropped_bits=0 overflow_events=0
[2026-09-13T10:41:37Z] INFO system_level_lls_ul_replay_progress slot=17/20 completion=0.8500 elapsed_s=289.5 slot_direction=FDD_SEPARATE_DL_UL replay_direction=UL replay_grant=1/2 cell=21 ue=1 active_ue=2 cells=57 grants=4 served_bits=138136 dropped_bits=0 overflow_events=0
[2026-09-13T10:41:37Z] INFO system_level_lls_ul_replay_progress slot=17/20 completion=0.8500 elapsed_s=289.9 slot_direction=FDD_SEPARATE_DL_UL replay_direction=UL replay_grant=2/2 cell=54 ue=2 active_ue=2 cells=57 grants=4 served_bits=138944 dropped_bits=0 overflow_events=0
[2026-09-13T10:41:38Z] INFO system_level_lls_slot_progress slot=18/20 completion=0.9000 elapsed_s=290.2 slot_direction=FDD_SEPARATE_DL_UL active_ue=2 cells=57 grants=4 served_bits=139752 dropped_bits=0 overflow_events=0
[2026-09-13T10:41:54Z] INFO system_level_lls_dl_replay_progress slot=18/20 completion=0.9000 elapsed_s=306.5 slot_direction=FDD_SEPARATE_DL_UL replay_direction=DL replay_grant=1/2 cell=21 ue=1 active_ue=2 cells=57 grants=2 served_bits=139752 dropped_bits=0 overflow_events=0
[2026-09-13T10:41:55Z] INFO system_level_lls_dl_replay_progress slot=18/20 completion=0.9000 elapsed_s=307.3 slot_direction=FDD_SEPARATE_DL_UL replay_direction=DL replay_grant=2/2 cell=54 ue=2 active_ue=2 cells=57 grants=2 served_bits=143504 dropped_bits=0 overflow_events=0
[2026-09-13T10:41:56Z] INFO system_level_lls_slot_progress slot=19/20 completion=0.9500 elapsed_s=308.0 slot_direction=FDD_SEPARATE_DL_UL active_ue=2 cells=57 grants=2 served_bits=147256 dropped_bits=0 overflow_events=0
[2026-09-13T10:42:11Z] INFO system_level_lls_dl_replay_progress slot=19/20 completion=0.9500 elapsed_s=323.8 slot_direction=FDD_SEPARATE_DL_UL replay_direction=DL replay_grant=1/2 cell=21 ue=1 active_ue=2 cells=57 grants=2 served_bits=147256 dropped_bits=0 overflow_events=0
[2026-09-13T10:42:12Z] INFO system_level_lls_dl_replay_progress slot=19/20 completion=0.9500 elapsed_s=324.5 slot_direction=FDD_SEPARATE_DL_UL replay_direction=DL replay_grant=2/2 cell=54 ue=2 active_ue=2 cells=57 grants=2 served_bits=151008 dropped_bits=0 overflow_events=0
[2026-09-13T10:42:13Z] INFO system_level_lls_slot_progress slot=20/20 completion=1.0000 elapsed_s=325.2 slot_direction=FDD_SEPARATE_DL_UL active_ue=2 cells=57 grants=2 served_bits=154760 dropped_bits=0 overflow_events=0
[2026-09-13T10:42:13Z] INFO system_level_lls_finalizing_exports slot=20/20 completion=1.0000 elapsed_s=325.2 slot_direction=finalizing active_ue=2 cells=57 grants=2 served_bits=154760 dropped_bits=0 overflow_events=0
[2026-09-13T10:42:13Z] INFO system_level_lls_finalizing_tables_started slot=20/20 completion=1.0000 elapsed_s=325.2 slot_direction=finalizing_tables active_ue=2 cells=57 grants=2 served_bits=154760 dropped_bits=0 overflow_events=0
[2026-09-13T10:42:14Z] INFO system_level_lls_finalizing_tables_ready slot=20/20 completion=1.0000 elapsed_s=325.9 slot_direction=finalizing_tables_ready active_ue=2 cells=57 grants=2 served_bits=154760 dropped_bits=0 overflow_events=0
[2026-09-13T10:42:14Z] INFO system_level_lls_finalizing_persistence_started slot=20/20 completion=1.0000 elapsed_s=326.4 slot_direction=finalizing_persistence active_ue=2 cells=57 grants=2 served_bits=154760 dropped_bits=0 overflow_events=0
[2026-09-13T10:42:14Z] INFO system_level_lls_finalizing_persistence_ready slot=20/20 completion=1.0000 elapsed_s=326.5 slot_direction=finalizing_persistence_ready active_ue=2 cells=57 grants=2 served_bits=154760 dropped_bits=0 overflow_events=0
CONFIGURED_CAMPAIGN_SEED_PASS: master=33
[PASS] testE2E_TruthPacketSemanticCampaign (1063.24s)
Slowest 10 test(s):
   1. testE2E_TruthPacketSemanticCampaign (1063.24s)
   2. testE2E_FastVsTruth (774.00s)
   3. testLLS_ReferencePoints (160.23s)
   4. testLLS_UL (157.60s)
   5. testSharedPUCCHFeedbackClock (125.46s)
   6. testLinkExportPipeline (102.99s)
   7. testLLS_DL (100.04s)
   8. testSharedPUCCHReceiveOnlyClock (99.16s)
   9. testLLSPUSCHHARQACKRuntimeFeedback (48.02s)
  10. testConfig (24.96s)
SERVER_VALIDATION_PASS scope=focused_tests NOT_12DB_QUALIFICATION=1
