relative_path,bytes,sha256,parse_ok,row_count,column_count,duplicate_header_count,row_width_mismatch_count,blank_cell_count,blank_fraction,nan_token_count,inf_token_count,duplicate_row_count,failure_token_count,proxy_token_count,synthetic_token_count,fallback_token_count,placeholder_token_count,schema_only,observation_count,observations,issue_count,issues
air_interface/csv/csi_feedback_reports.csv,8980,9e7207db121d99d612ec4e8c7aeea4d5b2b78e93b348b8c1ee6438a544a3bb38,True,8,71,0,0,57,0.10035211267605634,31,0,0,0,0,0,0,0,False,0,,0,
air_interface/csv/csi_rs_trials.csv,7252,f94aa153e0038d992a158e313509ceddbc4a0d0fbdb0b47fb93baf180ad610a6,True,2,125,0,0,0,0.0,0,0,0,0,0,0,0,0,False,0,,0,
air_interface/csv/distance_vs_sinr.csv,1238,d5ab414625cfdbd55b4a0eabefabcb424b132e4ae1ade02ae5b388e1b0c866c0,True,8,16,0,0,8,0.0625,8,0,0,0,0,0,0,0,False,0,,0,
air_interface/csv/dl_constellation_samples.csv,1995113,9b448d85f9f5f1e8ad6edab9d5bb8137d3ac430bde3e479787025a67f3fb7987,True,2314,63,0,0,0,0.0,0,0,0,0,0,0,0,0,False,0,,0,
air_interface/csv/dl_measured_sinr_bler_curve.csv,1381,8c7a9ef258ff947f182a48f05e588e1e7813db010eb77c4029e990e91934a9d8,True,8,19,0,0,8,0.05263157894736842,8,0,0,0,0,0,0,0,False,0,,0,
air_interface/csv/dl_measured_sinr_throughput_curve.csv,1301,f6e363bcc384420b2dc3761717415637c17a1dca14279f05007b576042e28ef6,True,8,18,0,0,8,0.05555555555555555,8,0,0,0,0,0,0,0,False,0,,0,
air_interface/csv/dl_pdsch_receiver_evidence_audit.csv,1789,80e5be63dbf270ec4e725741283585d6ed60df09298f96ca06749987ccb1d346,True,6,47,0,0,0,0.0,0,0,0,0,0,0,0,0,False,0,,0,
air_interface/csv/dl_pdsch_trials.csv,321527,79ac4b30c1501bb1e6795f8f2d6881b00134529c22564482199a9bdf016f66b7,True,6,996,0,0,1329,0.22238955823293172,45,0,0,0,24,0,0,0,False,0,,0,
air_interface/csv/fer_summary.csv,1861,85470286265e35ee57b691c0803c1bf1e556d5376e73b794e155c99961365662,True,4,14,0,0,6,0.10714285714285714,6,0,0,0,0,0,0,0,False,0,,0,
air_interface/csv/harq_combining_gain.csv,398,d3fdbf1f2a68ccdce44a5dac53473db4a9dc362525028a8f5bef9665ec2d029c,True,1,16,0,0,0,0.0,0,0,0,0,0,0,0,0,False,0,,0,
air_interface/csv/link_anchor_kpis.csv,1714,9f08d55094cd5cbf184f2e4b5e95d1a9323fcac2a3f6f9dd16c68deab1019d10,True,6,23,0,0,57,0.41304347826086957,45,0,0,0,0,0,0,0,False,0,,0,
air_interface/csv/link_kpis.csv,1642,9bdc927a83e41ddb732010cd2b59b1dd74c5988bfcae84087f4d4f91ace8783f,True,6,17,0,0,30,0.29411764705882354,28,0,0,0,0,0,0,0,False,0,,0,
air_interface/csv/live_measured_sinr_summary.csv,1390,52676c78939116a5c3d617cf63521af6290ca426ff5a0389d15aec7159b2a94e,True,4,24,0,0,2,0.020833333333333332,2,0,0,0,0,0,0,0,False,0,,0,
air_interface/csv/lls_kpi_summary.csv,1262,d3917be89d6c23ee96f233f17a53fabd74ace7392c4aac5a613cf04ac8a8ec8a,True,4,24,0,0,6,0.0625,2,0,0,0,0,0,0,0,False,0,,0,
air_interface/csv/lls_measured_sinr_summary.csv,1390,52676c78939116a5c3d617cf63521af6290ca426ff5a0389d15aec7159b2a94e,True,4,24,0,0,2,0.020833333333333332,2,0,0,0,0,0,0,0,False,0,,0,
air_interface/csv/measured_sinr_distribution.csv,1514,84451653b79b6c01d1534edfaa9a9694d067b6a4df52d0573df5aa0c4d537eb5,True,12,12,0,0,18,0.125,18,0,0,0,0,0,0,0,False,0,,0,
air_interface/csv/metric_unit_catalog.csv,426319,2c1d4c413bb08f8d8643195f4692e39b5a6e264e9c9235194511fb909367237f,True,4852,4,0,0,0,0.0,0,0,0,9,106,0,12,8,False,0,,0,
air_interface/csv/multiuser_user_summary.csv,862,5649940a928ca84459976519b853302c17534e3ab3dd139a03a4d8e31d1cdbdf,True,2,29,0,0,0,0.0,0,0,0,0,0,0,0,0,False,0,,0,
air_interface/csv/papr_ccdf.csv,715,d96b5989cd588d2b1abcb5603645e5477bcc91f6559f6c8e9e167356ae46ec09,True,32,3,0,0,0,0.0,0,0,0,0,0,0,0,0,False,0,,0,
air_interface/csv/pbch_trials.csv,26872,75997787066edc532c9359813007e64bcccc4030a4ab70e070f2f98690f7ed11,True,4,379,0,0,124,0.08179419525065963,0,0,0,0,8,0,0,0,False,0,,0,
air_interface/csv/pdcch_trials.csv,53064,9aee211518d3ec26cc6418de71737396013a8d6533c4e7b823c8632f476f74a2,True,8,441,0,0,258,0.07312925170068027,18,0,0,0,16,0,0,0,False,0,,0,
air_interface/csv/prach_trials.csv,15135,bea05c0e6d977f0a2d8f2670b406fe15b6df6ada52e9eff55be99d37576813cb,True,1,460,0,0,26,0.05652173913043478,0,0,0,0,2,0,0,0,False,0,,0,
air_interface/csv/pucch_trials.csv,20748,874670670e56dfc75a719b84bb4cbcfa0da950eb39fe2f47f542e413f8466388,True,6,177,0,0,24,0.022598870056497175,0,0,0,0,12,0,0,0,False,0,,0,
air_interface/csv/srs_resource_decisions.csv,2697,3d791f20d50e18e8a07fbeaadbcaa6b15896fbb49df208a979d98d8c972a7800,True,2,20,0,0,0,0.0,0,0,0,0,0,0,0,0,False,0,,0,
air_interface/csv/srs_trials.csv,16621,4583a007d3abfb0a5b5a79df1af08995d16fcf528e926867021031630dbab4ef,True,2,365,0,0,55,0.07534246575342465,1,0,0,0,4,0,0,0,False,0,,0,
air_interface/csv/trs_trials.csv,31158,753252818f43d90d540cf5abf40fe7d3e01cd5d72f59bc024cc7203cc497c051,True,5,355,0,0,150,0.08450704225352113,0,0,0,0,10,0,0,0,False,0,,0,
air_interface/csv/ul_constellation_samples.csv,882495,5e8c81ba8163a2cba868e42348e3f31810c5ecf889d6cc184407ac8409945cdb,True,1024,63,0,0,0,0.0,0,0,0,0,0,0,0,0,False,0,,0,
air_interface/csv/ul_measured_sinr_bler_curve.csv,837,05fb1a2f0cbb920617d33963dec4152f9ef62d1468cc75c82e39f2681787bc32,True,4,19,0,0,4,0.05263157894736842,4,0,0,0,0,0,0,0,False,0,,0,
air_interface/csv/ul_measured_sinr_throughput_curve.csv,791,573a891a01f9ac3b1092c9c91d0dfd0bef6d7af0dd3b76da9d0bb6f200809423,True,4,18,0,0,4,0.05555555555555555,4,0,0,0,0,0,0,0,False,0,,0,
air_interface/csv/ul_pusch_trials.csv,48202,9303423d126627778c358a6907e55dad54f2883c2a7d709ef0195c9ea8ba8439,True,2,986,0,0,471,0.23884381338742394,9,0,0,0,8,0,0,0,False,0,,0,
air_interface/reports/csv/live_stage_status.csv,1012,9ab71615e667c4a4286185b8e3372c36b6e3420932215968c1cc579b5ecaa1b5,True,1,52,0,0,0,0.0,0,0,0,0,0,0,0,0,False,0,,0,
analytics/csv/beam_analytics.csv,1341,5c8b75ab613b6c6cd0bc28bd6c5f2236545df5dc04a63caaa404f9f4957ebfb8,True,2,23,0,0,0,0.0,0,0,0,0,0,0,0,0,False,0,,0,
analytics/csv/change_impact_analytics.csv,209,71722ef4da696ad0305f68845ae10f387465028843240d82fea1f218b2676236,True,1,4,0,0,0,0.0,0,0,0,0,0,0,0,1,False,0,,0,
analytics/csv/channel_estimation_analytics.csv,13702,fdcf0fb2b4b16978ef6263d5094918a55b60983215eff042b77108c8bdb9e652,True,50,17,0,0,0,0.0,0,0,0,0,0,0,0,0,False,0,,0,
analytics/csv/channel_quality_analytics.csv,882,66532391f23d364c0cde749bf5825db4eb9f5885b13f640f031c1f7e7ecf0d9f,True,1,19,0,0,0,0.0,0,0,0,0,0,0,0,0,False,0,,0,
analytics/csv/clipping_analytics.csv,11825,ba8b46ed737b86a880caa787147c95bb113f06a89ff25473cd71b7190a540186,True,57,14,0,0,54,0.06766917293233082,3,0,0,0,0,0,0,0,False,0,,0,
analytics/csv/codeblock_analytics.csv,14593,982abd772146ddeb90f14e88da01626ab8e81eebe81091ecf749b76c7658d1ef,True,69,14,0,0,63,0.06521739130434782,4,0,0,0,14,0,0,0,False,0,,0,
analytics/csv/compute_analytics.csv,27467,bc2cf54c6243b71d19771bc862bb82105276b215953632c39c420a31d79446fc,True,60,14,0,0,0,0.0,0,0,0,0,0,0,0,0,False,0,,0,
analytics/csv/constellation_analytics.csv,2983598,10f8641fddd0b1e2b86cccd948d0f66039ab346bb4e282aa3173a2cf91b10a54,True,3338,65,0,0,0,0.0,0,0,0,0,0,0,0,0,False,0,,0,
analytics/csv/contract__beamforming-precoding-mimo-analytics__antenna-element-layout.csv,480,90b6b05b2d9f0dc88dcf770b88a65e1f9d1b5a7751c5a5e3274f81690ed37b0e,True,2,13,0,0,0,0.0,0,0,0,0,0,0,0,0,False,0,,0,
analytics/csv/contract__beamforming-precoding-mimo-analytics__antenna-radiation-pattern.csv,1972580,c556f49d8acf4c3a698d69d9a7cd50854d4839afae0b7db551d0574e4a500092,True,5402,21,0,0,5402,0.047619047619047616,5402,0,0,0,0,0,0,0,False,0,,0,
analytics/csv/contract__beamforming-precoding-mimo-analytics__beam-gain-gap-histogram.csv,1121,cf34ca94592e00c63cff20132cddc9891e7dfbe4997e7a0e686c9f7b58a53397,True,12,5,0,0,0,0.0,0,0,6,0,0,0,0,0,False,0,,0,
analytics/csv/contract__beamforming-precoding-mimo-analytics__beam-hit-rate-top-k-hit-rate.csv,553,278ca63eaacd78216a3075f319125c5a876b39772f1022013208a3b0b1d155c5,True,6,6,0,0,0,0.0,0,0,0,0,0,0,0,0,False,0,,0,
analytics/csv/contract__beamforming-precoding-mimo-analytics__beam-id-timeline.csv,1637,57b3fd0c2680e6a37f5d5522a33dbfc35c52fdb25517dc589dddaab25a7dc77f,True,18,7,0,0,0,0.0,0,0,0,0,0,0,0,0,False,0,,0,
analytics/csv/contract__beamforming-precoding-mimo-analytics__beam-pair-timeline.csv,1673,2fffe7e06d497f8aaef861a0519c074c63ea63e117ee659c84228f39fff21993,True,18,7,0,0,0,0.0,0,0,0,0,0,0,0,0,False,0,,0,
analytics/csv/contract__beamforming-precoding-mimo-analytics__beam-pattern-3d.csv,174999,157ffbb246170d5d9e85ba9719487714c67585316a68a852e8d0b400cbb40480,True,925,11,0,0,0,0.0,0,0,0,0,0,0,0,0,False,0,,0,
analytics/csv/contract__beamforming-precoding-mimo-analytics__combiner-summary.csv,802,475c9ff9ab0c7e51132abe509bca386385ecdf6e6897266b65c0b6bc434c4095,True,3,15,0,0,6,0.13333333333333333,0,0,0,0,0,0,0,0,False,0,,0,
analytics/csv/contract__beamforming-precoding-mimo-analytics__condition-number-distribution.csv,650,51494b522ec62ed0438ce2aaa61b9279b9d5083f0ef84b372eb54d2796ccf9ff,True,6,5,0,0,0,0.0,0,0,4,0,0,0,0,0,False,0,,0,
analytics/csv/contract__beamforming-precoding-mimo-analytics__mu-grouping-analytics.csv,443,af3d6b4952075cd32908c2b277954a0f4256f6a79b835e58dbaf0f7018f648a9,True,1,15,0,0,2,0.13333333333333333,0,0,0,0,0,0,0,0,False,0,,0,
analytics/csv/contract__beamforming-precoding-mimo-analytics__per-layer-sinr.csv,2045,b228e3394b4df6a0ff6db4052f76882c56331deda5cce8ff225c3bcb71664c49,True,8,15,0,0,16,0.13333333333333333,0,0,0,0,0,0,0,0,False,0,,0,
analytics/csv/contract__beamforming-precoding-mimo-analytics__precoder-mode-distribution.csv,295,ecbc2f6471aaa646b152fe3b959aa7236bdedf6794793ffef135f0b33ac259f7,True,2,6,0,0,0,0.0,0,0,0,0,0,0,0,0,False,0,,0,
analytics/csv/contract__beamforming-precoding-mimo-analytics__rank-distribution.csv,148,9e61247ce323fe6853b98feef7a9ab7c58afdf93b1917a8af73aff511646bec4,True,1,6,0,0,0,0.0,0,0,0,0,0,0,0,0,False,0,,0,
analytics/csv/contract__beamforming-precoding-mimo-analytics__selected-vs-best-beam-gap.csv,1145,3a678d2c7a5283c314e4ad249867a1abadf26584af5d25a90cf291d82c94ba95,True,12,5,0,0,0,0.0,0,0,6,0,0,0,0,0,False,0,,0,
analytics/csv/contract__channel-estimation-propagation-analytics__channel-impulse-response.csv,6420,ea4a3a0bedaabc5e1fe4d96b69fc050eb481548ddfe189789d6c859b1a0217a9,True,46,8,0,0,0,0.0,0,0,0,0,0,0,0,0,False,0,,0,
analytics/csv/contract__channel-estimation-propagation-analytics__channel-magnitude-heatmap.csv,3160612,2e3a1f08c6e1922a7d0f23a7fa9ec604c68953307315b2eafeb728aa22adb255,True,8400,27,0,0,17428,0.07684303350970018,9028,0,0,0,0,0,0,0,False,0,,0,
analytics/csv/contract__channel-estimation-propagation-analytics__channel-phase-heatmap.csv,3127012,fd50feb7fea997b66f83f75975826b213c176270ee58d825011d7428721bb423,True,8400,27,0,0,17428,0.07684303350970018,9028,0,0,0,0,0,0,0,False,0,,0,
analytics/csv/contract__channel-estimation-propagation-analytics__estimated-hhat-f.csv,93648,88c5f4c29ac4c8bec1b646d23cde8c3bb06da1087cb7f4fb3170a338e2a0e216,True,300,16,0,0,300,0.0625,300,0,0,0,0,0,0,0,False,0,,0,
analytics/csv/contract__channel-estimation-propagation-analytics__estimated-hhat-tau.csv,103107,19186c0d9e018be4b30293939b5412b5e6ca26f04e2fb55c1c47c58e26872cbe,True,300,18,0,0,600,0.1111111111111111,300,0,0,0,0,0,0,0,False,0,,0,
analytics/csv/contract__channel-estimation-propagation-analytics__estimator-bias-variance-summaries.csv,1791,657ad42c6ed53dcc47f459d21328ab6fa76fabfb6011c87a43128af081b79c92,True,6,15,0,0,12,0.13333333333333333,0,0,0,0,0,0,0,0,False,0,,0,
analytics/csv/contract__channel-estimation-propagation-analytics__nmse-vs-snr-sinr.csv,467,fd85bbe26225ea6921795f6a5786d117901e0c1c02392908c5c5eaca57957f26,True,1,15,0,0,2,0.13333333333333333,0,0,0,0,0,0,0,0,False,0,,0,
analytics/csv/contract__channel-estimation-propagation-analytics__noise-variance-trend.csv,1737,4d3cb0621e8b97f390e4e26312f0e852019985ea9e0b85aa43dce024c0fc019c,True,6,15,0,0,12,0.13333333333333333,0,0,0,0,0,0,0,0,False,0,,0,
analytics/csv/contract__channel-estimation-propagation-analytics__pathloss-distribution.csv,1615,82fa830fe869d8a01b1709af832b97c649d8e3be3c7662f39a0499ddd4ec24d8,True,12,8,0,0,0,0.0,0,0,0,0,0,0,0,0,False,0,,0,
analytics/csv/contract__channel-estimation-propagation-analytics__tap-power-profile.csv,6098,6ae524d3640c3dc36c9378fc48af874f60d4231db239629c95598aacc425ec4d,True,46,8,0,0,0,0.0,0,0,0,0,0,0,0,0,False,0,,0,
analytics/csv/contract__channel-estimation-propagation-analytics__true-h-f-if-available.csv,86904,52a66de1137c76ca09e368ce026de0bd71b270c2b6503b862add61349d70b112,True,300,16,0,0,600,0.125,300,0,0,0,0,0,0,0,False,0,,0,
analytics/csv/contract__channel-estimation-propagation-analytics__true-h-tau-if-available.csv,7927,1c5b99c3c1801fb1aa2ef62a4d8599a720251603409e8f98419c7144c9250537,True,23,18,0,0,46,0.1111111111111111,23,0,0,0,0,0,0,0,False,0,,0,
analytics/csv/contract__constellation-evm-analytics__constellation-per-codeword.csv,543413,f748d91b9a182ceeba6b9ab48242e4cab2fe873d871400a8b1313ff1e413ed20,True,3338,10,0,0,0,0.0,0,0,0,0,0,0,0,0,False,0,,0,
analytics/csv/contract__constellation-evm-analytics__constellation-per-layer.csv,533396,14cf5ffbc9435ac8588ddd14201a0b28b9a578f84630d658bea3c23b4f30b4d4,True,3338,10,0,0,0,0.0,0,0,0,0,0,0,0,0,False,0,,0,
analytics/csv/contract__constellation-evm-analytics__constellation-per-modulation-order.csv,1169091,004f433b179aa0ea7b36d72b846807f52028a4d127c837b5b0f937b0a5a7d609,True,6676,10,0,0,0,0.0,0,0,0,0,0,0,0,0,False,0,,0,
analytics/csv/contract__constellation-evm-analytics__evm-per-layer.csv,328481,e01c30a00ae65c60bc3254bcc55595b39335141b3aff50dc5a3e51b5a7e3eb49,True,3338,7,0,0,0,0.0,0,0,0,0,0,0,0,0,False,0,,0,
analytics/csv/contract__constellation-evm-analytics__evm-per-subcarrier.csv,350046,f15369dd9513c41849c9d74cc87e0a9c39389ea903825c1fa8c8088df418efd9,True,3338,7,0,0,0,0.0,0,0,0,0,0,0,0,0,False,0,,0,
analytics/csv/contract__constellation-evm-analytics__evm-per-symbol.csv,331940,74c3b6245b63a684c61142befc21e006692474a2ff255ade68a031a2abeb8664,True,3338,7,0,0,0,0.0,0,0,0,0,0,0,0,0,False,0,,0,
analytics/csv/contract__constellation-evm-analytics__evm-rms.csv,279,6b8ad97edd8c359664345fb75d42261ab719815872f367f3619ba3eb809bd1c9,True,2,7,0,0,0,0.0,0,0,0,0,0,0,0,0,False,0,,0,
analytics/csv/contract__constellation-evm-analytics__post-equalization-constellation.csv,1109992,c76a611f58afbdc8d163cbc6cd6047769b89953a4c9a7c9048a67ae55b8856e7,True,6676,9,0,0,0,0.0,0,0,0,0,0,0,0,0,False,0,,0,
analytics/csv/contract__constellation-evm-analytics__pre-equalization-constellation.csv,1103386,61ecf289fbcb604ddfefbf40b00f8721d12d518c7824be37f60cd30aefe33dcf,True,6676,9,0,0,0,0.0,0,0,0,0,0,0,0,0,False,0,,0,
analytics/csv/contract__constellation-evm-analytics__symbol-decision-error-histogram.csv,763961,35b0f1934ac53baf798bf29e03f899e3abcb9eb1fb01a7a23b86fd16e0efe1a4,True,6676,6,0,0,0,0.0,0,0,0,0,0,0,0,0,False,0,,0,
analytics/csv/contract__detection-control-analytics__control-decode-success-failure-tables.csv,447,bb1439a69d754040dadae1302c713c87529f778fe47d5cae6f24ee51253496b7,True,1,15,0,0,2,0.13333333333333333,0,0,0,0,0,0,0,0,False,0,,0,
analytics/csv/contract__detection-control-analytics__far.csv,234,aef8f0c13fc386685b8d5052a91a9161cf21a6a82db2fc1cdf4bf834562c5279,True,1,10,0,0,1,0.1,0,0,0,0,0,0,0,0,False,0,,0,
analytics/csv/contract__detection-control-analytics__p-d.csv,235,893569ce7cc0a91d31b2966bbdc8d518e6cf840f918abaa0db80b3cc1b7feaeb,True,1,10,0,0,1,0.1,0,0,0,0,0,0,0,0,False,0,,0,
analytics/csv/contract__detection-control-analytics__p-fa.csv,235,c8763a145f9a7af6a5723a43bd94301280ac7b5c1241399b22ec575bffa71029,True,1,10,0,0,1,0.1,0,0,0,0,0,0,0,0,False,0,,0,
analytics/csv/contract__detection-control-analytics__p-md.csv,235,f4d82f972dd2df35307e77bbf63a3d6fd64cef0ad211d5d63a48200395bdd900,True,1,10,0,0,1,0.1,0,0,0,0,0,0,0,0,False,0,,0,
analytics/csv/contract__detection-control-analytics__pbch-pdcch-pucch-detection-and-decode-timelines.csv,464,3be1923f1bee9d17c71ab23b49fa79dc46de16e93ded196b5b74949f06188111,True,1,15,0,0,2,0.13333333333333333,0,0,0,0,0,0,0,0,False,0,,0,
analytics/csv/contract__detection-control-analytics__prach-correlation-peak-distributions.csv,312,8dcf504d06b2043445ebc47cbd06fb49ca57a8ec96c8f24dea270e4c1a692aa9,True,1,11,0,0,1,0.09090909090909091,0,0,0,0,0,0,0,0,False,0,,0,
analytics/csv/contract__detection-control-analytics__prach-noise-floor-distributions.csv,307,fa9e14393eeeceb519360b504dec397a9e17e51e90d2b67723f60381c97f87dd,True,1,11,0,0,1,0.09090909090909091,0,0,0,0,0,0,0,0,False,0,,0,
analytics/csv/contract__detection-control-analytics__prach-peak-search-results.csv,301,b312ac9d15dfa3a9158324b60dcfcfe327b474ee384000e1e9e443fad6b56449,True,1,11,0,0,1,0.09090909090909091,0,0,0,0,0,0,0,0,False,0,,0,
analytics/csv/contract__detection-control-analytics__pucch-dtx-statistics.csv,874,cded34a4e790b34f41903eac3e4e6a4611159a6e1955262649f48dae0b954426,True,6,13,0,0,12,0.15384615384615385,0,0,4,0,0,0,0,0,False,0,,0,
analytics/csv/contract__detection-control-analytics__ssb-detection-statistics.csv,440,7bcda83e3d4c390d7265058ae689c8315f8d7f6395736b12e9de0fd76de81d95,True,1,15,0,0,2,0.13333333333333333,0,0,0,0,0,0,0,0,False,0,,0,
analytics/csv/contract__error-reliability-analytics__ber-vs-snr.csv,1030,4a7ba270ea974caace665cb657f12eaa00013c3bc824abce89f820922e22414d,True,8,6,0,0,0,0.0,0,0,0,0,0,0,0,0,False,0,,0,
analytics/csv/contract__error-reliability-analytics__ber.csv,298,e10cf474deb2135ee507e550a2106d1477fe7a17b41dc08b60c3c0d3dd3ba805,True,1,10,0,0,0,0.0,0,0,0,0,0,0,0,0,False,0,,0,
analytics/csv/contract__error-reliability-analytics__bler-vs-mcs.csv,467,256b0e894bec20e964f85f0678af3354339799633b0712eff3129b81a87f06a1,True,5,7,0,0,0,0.0,0,0,0,0,0,0,0,0,False,0,,0,
analytics/csv/contract__error-reliability-analytics__bler-vs-sinr.csv,762,e92a4a86e658d2f45488429e6319e17633b3b565246b8c5df0413042fc01ff2e,True,5,9,0,0,0,0.0,0,0,0,0,0,0,0,0,False,0,,0,
analytics/csv/contract__error-reliability-analytics__bler-vs-snr.csv,1039,687f1015ea8349f16a1c01c67039d402e5d81a9870ea8eac00adf0de63399d34,True,8,6,0,0,0,0.0,0,0,0,0,0,0,0,0,False,0,,0,
analytics/csv/contract__error-reliability-analytics__bler.csv,275,4d2d685f3ffd0ac6d502996a8f13a579daf9049b56cbf7e9ab49a956b873ad91,True,1,10,0,0,0,0.0,0,0,0,0,0,0,0,0,False,0,,0,
analytics/csv/contract__error-reliability-analytics__cbg-error-rates.csv,415,b324100a7e13779c3176bb1c1dd3a44ff857779c2bd04f0a84769e6e121a62c0,True,1,15,0,0,2,0.13333333333333333,0,0,0,0,0,0,0,0,False,0,,0,
analytics/csv/contract__error-reliability-analytics__code-block-error-rates.csv,436,d7a5b157b65f7b0953e22fe61f79c069df73e539ae59d4f46deb23d2717b1099,True,1,15,0,0,2,0.13333333333333333,0,0,0,0,0,0,0,0,False,0,,0,
analytics/csv/contract__error-reliability-analytics__crc-pass-fail-rates.csv,603,7c26b01905823c86fb84d8d1365f1f550d675f775ad734ee473b8bdf71fee173,True,2,10,0,0,6,0.3,0,0,0,1,0,0,0,0,False,0,,0,
analytics/csv/contract__error-reliability-analytics__decoder-iteration-distributions.csv,701,ef9179564ef7180e09f150d0d802b2c2b98627c3b5243f1b93f1b93b34aa0303,True,8,5,0,0,0,0.0,0,0,6,0,0,0,0,0,False,0,,0,
analytics/csv/contract__error-reliability-analytics__fer-vs-snr.csv,1123,40b7cae04b66fd0dc72db338932299abc7014abb00a1164eea6f420c8dc6f7e1,True,13,6,0,0,0,0.0,0,0,0,0,0,0,0,0,False,0,,0,
analytics/csv/contract__error-reliability-analytics__fer.csv,377,1ac770b85dd6cb1cb8197595f980306d083408c8ef04393fa9786132c1e6e529,True,1,10,0,0,0,0.0,0,0,0,0,0,0,0,0,False,0,,0,
analytics/csv/contract__error-reliability-analytics__per-channel-reliability-breakdown.csv,1018,3cb9f33567c42155d7dee71ec38c4fad7bba51ada8900296f738180d2f26fcc3,True,7,11,0,0,0,0.0,0,0,0,0,0,0,0,0,False,0,,0,
analytics/csv/contract__error-reliability-analytics__per-format-reliability-breakdown.csv,446,46ad3af5287a9d37eede93d3e72658800fe525cfba06d9b8edcca47abab26446,True,1,15,0,0,2,0.13333333333333333,0,0,0,0,0,0,0,0,False,0,,0,
analytics/csv/contract__error-reliability-analytics__per-ue-and-per-cell-reliability.csv,167,dd6a30c840e0ca8157e82c888ada92ac8c46e70f096c39bbc2e5cbd300f6690b,True,1,6,0,0,0,0.0,0,0,0,0,0,0,0,0,False,0,,0,
analytics/csv/contract__error-reliability-analytics__residual-bler-after-harq.csv,642,5bd4981273d9c34de89136021c6d54f96e50fd507abbce3f5e8614d6827c0b8e,True,2,15,0,0,4,0.13333333333333333,0,0,0,0,0,0,0,0,False,0,,0,
analytics/csv/contract__export-consistency-truth-analytics__assumption-usage-summaries.csv,1081,948b140b90c01f9167adacbd39421c2083a5ca0340f1d0e6165121ae73523406,True,11,7,0,0,0,0.0,0,0,0,0,0,0,0,0,False,0,,0,
analytics/csv/contract__export-consistency-truth-analytics__config-drift.csv,9958,3568200a38d239f5890540016c670454fdfcd358594c6b1181e648e3e5992e79,True,112,7,0,0,0,0.0,0,0,0,0,0,0,0,0,False,0,,0,
analytics/csv/contract__export-consistency-truth-analytics__csv-vs-db-consistency.csv,475,ee07dd5ce038db21f6fc8a4de1be48adde2c3fd58bfb5befd04da2883d2e640c,True,1,15,0,0,2,0.13333333333333333,0,0,0,0,0,0,0,0,False,0,,0,
analytics/csv/contract__export-consistency-truth-analytics__db-vs-browser-consistency.csv,487,0865a6712fe1dd942a2bd4d73351eaf2fe92e18a1b6ba39d286fe9de7939d48e,True,1,15,0,0,2,0.13333333333333333,0,0,0,0,0,0,0,0,False,0,,0,
analytics/csv/contract__export-consistency-truth-analytics__fallback-event-summaries.csv,414,6524ffc158859df22e1429086eebb38363bdcaf49100b42bd58d72970f9d6149,True,1,15,0,0,2,0.13333333333333333,0,0,0,0,0,0,3,0,False,0,,0,
analytics/csv/contract__export-consistency-truth-analytics__missing-field-audits.csv,4371,db2e999264a65b5d391be7bf01ae161cd050604af2f1ed89702b52260e8aba40,True,16,15,0,0,32,0.13333333333333333,0,0,0,0,0,0,0,0,False,0,,0,
analytics/csv/contract__export-consistency-truth-analytics__placeholder-exposure-checks.csv,441,8415e2344fed8e3c52dfbc1645ed76eeef0991b4e3991c81832bb0c71b44f92c,True,1,15,0,0,2,0.13333333333333333,0,0,0,0,0,0,0,3,False,0,,0,
analytics/csv/contract__export-consistency-truth-analytics__run-status-truth-checks.csv,427,95592ab193e50633b5ab206a5f30897d41c90187676f6e1b45df197c0720ceee,True,1,15,0,0,2,0.13333333333333333,0,0,0,0,0,0,0,0,False,0,,0,
analytics/csv/contract__export-consistency-truth-analytics__schema-drift.csv,677,6b99137730a51b71380b5bb9007531cc40c662a420a2accda16438af1c5738fa,True,2,15,0,0,4,0.13333333333333333,0,0,0,0,0,0,0,0,False,0,,0,
analytics/csv/contract__export-consistency-truth-analytics__smoke-exposure-checks.csv,178,6f231ae11b76dfeff85dd4804a328bb269a6b219fc7efe4355ec9cded6ef3040,True,1,7,0,0,0,0.0,0,0,0,0,0,0,0,0,False,0,,0,
analytics/csv/contract__export-consistency-truth-analytics__source-row-count-vs-analytics-row-count.csv,36831,197c578283c4ac84e44ef90b12a6f05a43f7d6f761e01bda7a64335416f33b2f,True,124,15,0,0,248,0.13333333333333333,0,0,0,0,0,0,0,0,False,0,,0,
analytics/csv/contract__export-consistency-truth-analytics__summary-vs-raw-contradiction-checks.csv,1274,facbf2c5db552eefa2d56ee0804af2dc2013405c813e5fa0181caf2b18aa5fd3,True,4,15,0,0,8,0.13333333333333333,0,0,0,0,0,0,0,0,False,0,,0,
analytics/csv/contract__export-consistency-truth-analytics__truth-policy-violation-counts.csv,453,c4ff0133d545af300c0146d55ba461990bb15bdac69028200065217e14413cc9,True,1,15,0,0,2,0.13333333333333333,0,0,0,0,0,0,0,0,False,0,,0,
analytics/csv/contract__harq-analytics__harq-combining-gain-distribution.csv,420,137c1c9154bc280997866f460959946dab85869d2e709f7f6bc970502568b2b3,True,1,15,0,0,2,0.13333333333333333,0,0,0,0,0,0,0,0,False,0,,0,
analytics/csv/contract__harq-analytics__harq-process-timeline.csv,2046,2620c1e159df0ab8506aa1e174b13f359ec5cf511cd56a8293c51038ec94c326,True,8,15,0,0,16,0.13333333333333333,0,0,0,0,0,0,0,0,False,0,,0,
analytics/csv/contract__harq-analytics__harq-rtt-distribution.csv,817,c3afb3d1d24f46362fcb0827e85d7ff231861ee51eabec6c4c1cb106d01d0a80,True,3,15,0,0,6,0.13333333333333333,0,0,0,0,0,0,0,0,False,0,,0,
analytics/csv/contract__harq-analytics__newtx-vs-retx-comparison.csv,410,946c1285f5624b30fb264f0feff2911a1a6bea029c956cc4041de7f7de374685,True,1,15,0,0,2,0.13333333333333333,0,0,0,0,0,0,0,0,False,0,,0,
analytics/csv/contract__harq-analytics__residual-failure-patterns.csv,405,3d94d81c6822a554666802325638197396614f35c69275e463cdde60ca9b1131,True,1,15,0,0,2,0.13333333333333333,0,0,0,0,0,0,0,0,False,0,,0,
analytics/csv/contract__harq-analytics__retransmission-count-histogram.csv,426,6207fff1c50cbe8b9cf4f5a5ce4e926acb0d042b1fdfe36b437200f7560a512d,True,1,15,0,0,2,0.13333333333333333,0,0,0,0,0,0,0,0,False,0,,0,
analytics/csv/contract__harq-analytics__retransmission-rate-trend.csv,1998,3bab4beb364277ce09a8ca1dd5cad897fe62bc431f92cada33ddd6e7449f96b1,True,8,15,0,0,16,0.13333333333333333,0,0,0,0,0,0,0,0,False,0,,0,
analytics/csv/contract__impairments-tracking-analytics__cfo-true-vs-estimated-vs-residual.csv,2457,4a84d888eacc5b45481b1455c87823e6c905d636201cb7a4fcce2099cdf24305,True,17,12,0,0,4,0.0196078431372549,0,0,0,0,0,0,0,0,False,0,,0,
analytics/csv/contract__impairments-tracking-analytics__timing-offset-true-vs-estimated-vs-residual.csv,705,1ab10ebac124d0b8a8d42f34c3811514747a58710a5ff8be0118bcabb1d16801,True,1,26,0,0,2,0.07692307692307693,0,0,0,0,0,0,0,0,False,0,,0,
analytics/csv/contract__measurement-csi-link-adaptation-analytics__applied-awgn-snr-vs-measured-runtime-sinr-comparison.csv,1487,4a080e3a6f023d26dd19020466655d169f601634bc95a8d3923dcdbb225763c8,True,8,6,0,0,0,0.0,0,0,0,0,0,0,0,0,False,0,,0,
analytics/csv/contract__measurement-csi-link-adaptation-analytics__config-vs-measured-conflict-dashboard.csv,872,756addfb384701845d2a4fc5d6291587beac4fbc7218e41b64743344d6033e6e,True,2,15,0,0,4,0.13333333333333333,0,0,0,0,0,0,0,0,False,0,,0,
analytics/csv/contract__measurement-csi-link-adaptation-analytics__cqi-pmi-ri-cri-ssbri-trends.csv,2644,2914a77fb64b92635f4802d0d94e86e79b6e679d1c379826917b38371d2b3b8a,True,22,7,0,0,0,0.0,0,0,0,0,0,0,0,0,False,0,,0,
analytics/csv/contract__measurement-csi-link-adaptation-analytics__cqi-to-mcs-mapping-plot.csv,399,08cc8f9edb5e40f8b7ceb6d4093b67254b427b1b7c8b6ef6b993be1f4b973660,True,3,6,0,0,0,0.0,0,0,0,0,0,0,0,0,False,0,,0,
analytics/csv/contract__measurement-csi-link-adaptation-analytics__per-beam-quality-plot.csv,735,5c1e48b8aa9b03b1cadd7937cb52af556a33657f79f07ec75277c2a3cfff8b6f,True,2,15,0,0,4,0.13333333333333333,0,0,0,0,0,0,0,0,False,0,,0,
analytics/csv/contract__measurement-csi-link-adaptation-analytics__per-layer-quality-plot.csv,454,45e8ade8229a8894bcc138e24a1f66e3489594c85777f22f2c76d070f29443d7,True,1,15,0,0,2,0.13333333333333333,0,0,0,0,0,0,0,0,False,0,,0,
analytics/csv/contract__measurement-csi-link-adaptation-analytics__quality-vs-selected-mcs-mismatch-plot.csv,1047,5b5390d91330d7eebf2be5837de4e7ea58278d2cc9cd15ea4b591938c214740a,True,8,6,0,0,0,0.0,0,0,0,0,0,0,0,0,False,0,,0,
analytics/csv/contract__measurement-csi-link-adaptation-analytics__selected-mcs-distribution.csv,851,b077cb7a9a343dbada5c903a23159ae2cf911bbf47527654b2c9da711c65219f,True,8,5,0,0,0,0.0,0,0,3,0,0,0,0,0,False,0,,0,
analytics/csv/contract__measurement-csi-link-adaptation-analytics__selected-vs-derived-mcs-confusion-matrix.csv,1032,0e41aca68b5f751a1f67279ee44b8d74af73d732d4cf8fd5a1775c89e0279209,True,8,7,0,0,0,0.0,0,0,3,0,0,0,0,0,False,0,,0,
analytics/csv/contract__measurement-csi-link-adaptation-analytics__servingrsrp-rsrp-csi-rsrp-trends.csv,7444,7f49b111c80794a12a6a17bff8aef5da6e6638e3c3bb259662b3e14e934e5ea6,True,25,15,0,0,50,0.13333333333333333,0,0,0,0,0,0,0,0,False,0,,0,
analytics/csv/contract__power-energy-efficiency-analytics__active-bandwidth-vs-power.csv,8579,c70f65327db5894a808f4466beb015a9c38b008421ed73aa719662b55b264ea1,True,58,10,0,0,0,0.0,0,0,52,0,0,0,0,0,False,0,,0,
analytics/csv/contract__power-energy-efficiency-analytics__active-rank-vs-power.csv,4669,0928c151d6f288e26fc0dd35dc6af6bbf8e463c1dbf39e309689ed793c65b5de,True,36,10,0,0,0,0.0,0,0,31,0,0,0,0,0,False,0,,0,
analytics/csv/contract__power-energy-efficiency-analytics__baseband-power.csv,3567,9449b0e3d902847f3641f8128ec2674d6c43bd4fe86ef9ffedcefa9b9c46c778,True,14,15,0,0,28,0.13333333333333333,0,0,0,0,0,0,0,0,False,0,,0,
analytics/csv/contract__power-energy-efficiency-analytics__dl-tx-power-per-cell-beam-ue.csv,743,b118e5629345d272e3c1640cb5b371bcd513a89604f5e9375ecc7abdb5c89a6e,True,3,11,0,0,0,0.0,0,0,0,0,0,0,0,0,False,0,,0,
analytics/csv/contract__power-energy-efficiency-analytics__energy-bit.csv,1215,6a278f232d469124742e2bcedc5cd40be764d3c99345db6a631126a1fdf3bbb1,True,4,15,0,0,8,0.13333333333333333,0,0,0,0,0,0,0,0,False,0,,0,
analytics/csv/contract__power-energy-efficiency-analytics__energy-efficiency-by-cell.csv,481,68a6e5a43163b1e4a27fe42770459ea7a05e4f834dbd0b441af2bd56da2e04bb,True,1,15,0,0,2,0.13333333333333333,0,0,0,0,0,0,0,0,False,0,,0,
analytics/csv/contract__power-energy-efficiency-analytics__energy-efficiency-by-ue.csv,473,db15f6053fc84e1e4444cf500c1fa4ecf1c5369e4e0607b2554bbb370f3f6175,True,1,15,0,0,2,0.13333333333333333,0,0,0,0,0,0,0,0,False,0,,0,
analytics/csv/contract__power-energy-efficiency-analytics__energy-per-bit-histogram.csv,584,8fdf12e0563efb8e93406720f236e11f412036dbefab5b0fe8694720bd9c249f,True,2,11,0,0,0,0.0,0,0,0,0,0,0,0,0,False,0,,0,
analytics/csv/contract__power-energy-efficiency-analytics__joules-gb.csv,1161,2e71d0a93ffc275822febbc7ef29798410bc7bbc63ba101f71f6251b1e60396f,True,4,15,0,0,8,0.13333333333333333,0,0,0,0,0,0,0,0,False,0,,0,
analytics/csv/contract__power-energy-efficiency-analytics__papr-vs-power.csv,1140,cd4529e899862caea0f9f4141287a0ad3dc3cc930fb61eaaaebeaf53fcf68d89,True,8,7,0,0,0,0.0,0,0,0,0,0,0,0,0,False,0,,0,
analytics/csv/contract__power-energy-efficiency-analytics__power-vs-bler.csv,1038,2585435711013253330cd8f3d2e262c83911b8e0decefc62c79be6220be11c85,True,8,7,0,0,0,0.0,0,0,0,0,0,0,0,0,False,0,,0,
analytics/csv/contract__power-energy-efficiency-analytics__power-vs-throughput.csv,1107,2c3fa0101e2094342ed960987d8fbc15b99b3575bc8e8e8187fb9d7fc48832db,True,8,7,0,0,0,0.0,0,0,0,0,0,0,0,0,False,0,,0,
analytics/csv/contract__power-energy-efficiency-analytics__sleep-idle-active-state-occupancy.csv,372,aa99126ec70656ea350d31cc7614140696c6f79d12669542b49c99704143ff35,True,2,8,0,0,0,0.0,0,0,0,0,0,0,0,0,False,0,,0,
analytics/csv/contract__random-access-prach-analytics__access-latency.csv,676,02d0fe15bad51e1387eaca579348071fca1fec5bf3bf80f57e538170981def36,True,1,26,0,0,2,0.07692307692307693,0,0,0,0,0,0,0,0,False,0,,0,
analytics/csv/contract__random-access-prach-analytics__detection-rate.csv,246,9694d470d3c15a7cb0f80a83a6c71b2b8f4852a77905881e8c2fbdcb29fa2fc1,True,1,10,0,0,1,0.1,0,0,0,0,0,0,0,0,False,0,,0,
analytics/csv/contract__random-access-prach-analytics__false-alarm-rate.csv,247,d5cce30c55d1c19ec633fa44371675bfbfa4538ff4afab755d2f32ef10aaaaec,True,1,10,0,0,1,0.1,0,0,0,0,0,0,0,0,False,0,,0,
analytics/csv/contract__random-access-prach-analytics__missed-detection-rate.csv,252,35589cb1a110d0753da1e5f345ebb9841f1ec441fcb2733eebb161a87aadae85,True,1,10,0,0,1,0.1,0,0,0,0,0,0,0,0,False,0,,0,
analytics/csv/contract__random-access-prach-analytics__preamble-root-cyclic-shift-usage-summary.csv,702,98791c6055b572c80b3afb19e1f28379bf93f541bdb686235284f4ba236a9713,True,1,26,0,0,2,0.07692307692307693,0,0,0,0,0,0,0,0,False,0,,0,
analytics/csv/contract__random-access-prach-analytics__retry-count-distribution.csv,686,d4154c1b1ff757b74f422a508e0bc4c8fc4e4f5218a503bd55ae191fe55670da,True,1,26,0,0,2,0.07692307692307693,0,0,0,0,0,0,0,0,False,0,,0,
analytics/csv/contract__random-access-prach-analytics__timing-advance-distribution.csv,689,24130ed57f8f1d7078f25b9f64d2d2eb52c02490656f74ae658bac0a80c4219e,True,1,26,0,0,2,0.07692307692307693,0,0,0,0,0,0,0,0,False,0,,0,
analytics/csv/contract__resource-grid-re-occupancy-analytics__csi-rs-map.csv,2560,1da0f2e557e6c2db2982c577190c45c1a239d666ec358d5de262fc450898fc96,True,25,11,0,0,0,0.0,0,0,0,0,0,0,0,0,False,0,,0,
analytics/csv/contract__resource-grid-re-occupancy-analytics__dmrs-ptrs-occupancy-map.csv,1029,72c60666b7472a8ebe45ac24bdd33586cf23c602074522c03ce97b9f9bf0fa6d,True,8,12,0,0,0,0.0,0,0,0,0,0,0,0,0,False,0,,0,
analytics/csv/contract__resource-grid-re-occupancy-analytics__pbch-ssb-map.csv,409,516f4b49a93a049af339b1e4658663e171726fd5dd25232dae551093b7a82785,True,4,8,0,0,0,0.0,0,0,3,0,0,0,0,0,False,0,,0,
analytics/csv/contract__resource-grid-re-occupancy-analytics__pdcch-map.csv,724,f6366abb8b3f773cadec10d15be849a9a37e5e55771fced72f1fadf081589d21,True,8,8,0,0,0,0.0,0,0,0,0,0,0,0,0,False,0,,0,
analytics/csv/contract__resource-grid-re-occupancy-analytics__pdsch-map.csv,9650,d75228d4ebae1f8a246cee36d2a3aad817d25ad02e6e952763a5d1e0a79bfff6,True,102,8,0,0,0,0.0,0,0,0,0,0,0,0,0,False,0,,0,
analytics/csv/contract__resource-grid-re-occupancy-analytics__prach-opportunity-map.csv,683,36a2a19e5df96dbaf32365b16339b7e6d004f0c2af7f4a663f935466924e032e,True,1,26,0,0,2,0.07692307692307693,0,0,0,0,0,0,0,0,False,0,,0,
analytics/csv/contract__resource-grid-re-occupancy-analytics__prb-heatmap.csv,8324,1d2872dc1284794a4db754e92922bd98e0272cef275be8a4082a6c6e9f73d5a7,True,102,8,0,0,0,0.0,0,0,0,0,0,0,0,0,False,0,,0,
analytics/csv/contract__resource-grid-re-occupancy-analytics__pucch-map.csv,560,1dd261ab539f5a21d831b0b51b5524f7ba21ab7e646914ecfcd139ca3f22dc17,True,6,8,0,0,0,0.0,0,0,4,0,0,0,0,0,False,0,,0,
analytics/csv/contract__resource-grid-re-occupancy-analytics__pusch-map.csv,4084,a8f7be33bb40305e4ea85b4148d8df797a1c0d76a805b7015853f0ec692c0a2f,True,50,8,0,0,0,0.0,0,0,0,0,0,0,0,0,False,0,,0,
analytics/csv/contract__resource-grid-re-occupancy-analytics__re-occupancy-heatmap.csv,241695,ab439953f965e5672f06aad9a05831e0c81ddbcf5e43232f8968a348f92fa0c4,True,2226,12,0,0,0,0.0,0,0,0,0,0,0,0,0,False,0,,0,
analytics/csv/contract__resource-grid-re-occupancy-analytics__srs-map.csv,291,21bbdab89ed1ee7045ed22f6dcc85a313e13785c420114a232da7045fa59ba28,True,2,9,0,0,0,0.0,0,0,0,0,0,0,0,0,False,0,,0,
analytics/csv/contract__runtime-compute-complexity-parallelism-analytics__block-execution-time.csv,2691,69b844ce0ab856d192455c3e17ba43b0d204ad4c866545f3240aabf692ee4815,True,20,8,0,0,0,0.0,0,0,0,0,0,0,0,0,False,0,,0,
analytics/csv/contract__runtime-compute-complexity-parallelism-analytics__compute-latency.csv,1376,51260a1a060ebd54017174732adc16bb53ac84091e5f33be7a17985f853c4796,True,16,6,0,0,0,0.0,0,0,0,0,0,0,0,0,False,0,,0,
analytics/csv/contract__runtime-compute-complexity-parallelism-analytics__decode-latency.csv,730,ae5059023ee30d456b40a240ad7b9d5c40980658a1f49aa2e4be5217236fcff5,True,8,6,0,0,0,0.0,0,0,0,0,0,0,0,0,False,0,,0,
analytics/csv/contract__runtime-compute-complexity-parallelism-analytics__decoder-complexity-units.csv,1733,9d23da15ce29fd4cdebe8757c624e9ca524b7568dfb02f3b4065eda5f8af9e81,True,6,15,0,0,12,0.13333333333333333,0,0,0,0,0,0,0,0,False,0,,0,
analytics/csv/contract__runtime-compute-complexity-parallelism-analytics__dropped-row-duplicate-write-analytics.csv,82452,ccc79aaf4af4b0665fda23829e25ebaf62af12254126be0c119fb3578092b158,True,779,7,0,0,0,0.0,0,0,0,0,0,0,0,0,False,0,,0,
analytics/csv/contract__runtime-compute-complexity-parallelism-analytics__end-to-end-latency.csv,2651,7a04fbda1120de2d88f7d66e9399b01541c91b783f143e2a4edca4372a041b9a,True,20,8,0,0,0,0.0,0,0,0,0,0,0,0,0,False,0,,0,
analytics/csv/contract__runtime-compute-complexity-parallelism-analytics__latency-cdf.csv,4148,3ad3e76ea70209fac2fa3f97ef35eb9256bd89b1a8f321e2e2298847f0a348d5,True,30,11,0,0,0,0.0,0,0,0,0,0,0,0,0,False,0,,0,
analytics/csv/contract__runtime-compute-complexity-parallelism-analytics__normalized-decoder-complexity.csv,1846,daf16799d1566af2d49920d7836ad3be2840a00431db2c17f237881df08b8601,True,6,15,0,0,12,0.13333333333333333,0,0,0,0,0,0,0,0,False,0,,0,
analytics/csv/contract__runtime-compute-complexity-parallelism-analytics__stage-latency.csv,2551,a15895f072fa41bac4865a82a50dade08ca8a467d49a510d5b8528bd3ce20dbb,True,20,8,0,0,0,0.0,0,0,0,0,0,0,0,0,False,0,,0,
analytics/csv/contract__spectrum-psd-papr-analytics__clipping-event-histogram.csv,426,4626d4426f11e9f14c494f71abc4ffc296f5ae5accc71437663c1c1307bdb9e4,True,1,15,0,0,2,0.13333333333333333,0,0,0,0,0,0,0,0,False,0,,0,
analytics/csv/contract__spectrum-psd-papr-analytics__occupied-bandwidth.csv,194,85649dd328e6be3b617c08fdcd11570ff9aa6ace4b9846e2c9c32f1926760903,True,1,7,0,0,0,0.0,0,0,0,0,0,0,0,0,False,0,,0,
analytics/csv/contract__spectrum-psd-papr-analytics__out-of-band-spectral-summaries-if-measurable.csv,219,6bf4cca51c8ccd0c14f7c85946e44fb858b46b255dbdf94a4ce9d31c965b8103,True,1,7,0,0,0,0.0,0,0,0,0,0,0,0,0,False,0,,0,
analytics/csv/contract__spectrum-psd-papr-analytics__papr-histogram-cdf.csv,929,2a405fcdb69f8e7bf24ced814b0f5e6aeadf7847209154ccfe162558f5a04aa4,True,8,9,0,0,0,0.0,0,0,0,0,0,0,0,0,False,0,,0,
analytics/csv/contract__spectrum-psd-papr-analytics__power-spectral-comparison-before-after-impairment.csv,75852,51fa64ea3a4ba3f1b57eb5017e7227f96ad823e8f601a82cd8c25cc9103397c2,True,512,7,0,0,0,0.0,0,0,0,0,0,0,0,0,False,0,,0,
analytics/csv/contract__spectrum-psd-papr-analytics__psd.csv,52300,e96dc3e93fcbf368e7d96944a8550677150e1dcdd2da0a0d37b4287ad714e125,True,512,7,0,0,0,0.0,0,0,0,0,0,0,0,0,False,0,,0,
analytics/csv/contract__throughput-goodput-spectral-efficiency-analytics__fairness-index-trend.csv,426,fe8c56e13c5244295242a04c32c012f32c08f2d192136bd3f12721a288026512,True,3,8,0,0,0,0.0,0,0,0,0,0,0,0,0,False,0,,0,
analytics/csv/contract__throughput-goodput-spectral-efficiency-analytics__goodput-over-time.csv,1738,da3ec11aadf405067fe12fda9ffecd8216afb16a04349df49719afc4c2162a66,True,8,15,0,0,0,0.0,0,0,0,0,0,0,0,0,False,0,,0,
analytics/csv/contract__throughput-goodput-spectral-efficiency-analytics__goodput-vs-retransmissions.csv,429,54e9a5602402fa9db2c78ffb1d935fb8632538071fc13ab1bb3d1241b86664f7,True,1,15,0,0,2,0.13333333333333333,0,0,0,0,0,0,0,0,False,0,,0,
analytics/csv/contract__throughput-goodput-spectral-efficiency-analytics__goodput.csv,264,21b4fdd2328047fc5f0c38e59d03654125428fcc0471dcbddefa4741f45f6347,True,2,7,0,0,0,0.0,0,0,0,0,0,0,0,0,False,0,,0,
analytics/csv/contract__throughput-goodput-spectral-efficiency-analytics__offered-throughput.csv,286,3eda4df68fec06e34347d3eff997b8f40482e592a57cd469eead4b79b22f6eeb,True,2,7,0,0,0,0.0,0,0,0,0,0,0,0,0,False,0,,0,
analytics/csv/contract__throughput-goodput-spectral-efficiency-analytics__per-cell-throughput.csv,162,a3f53f5039a16bfccda1e2651651f19cffafc1dcd8ee284ea55b1ee729fa2d6e,True,1,6,0,0,0,0.0,0,0,0,0,0,0,0,0,False,0,,0,
analytics/csv/contract__throughput-goodput-spectral-efficiency-analytics__per-ue-throughput.csv,179,b5af6aeb7338e80f732d5510dfe13ac856270b2a38953cd65c42b09bb63250c7,True,1,6,0,0,0,0.0,0,0,0,0,0,0,0,0,False,0,,0,
analytics/csv/contract__throughput-goodput-spectral-efficiency-analytics__spectral-efficiency.csv,278,1f60d414c69cfbe94852e94842af8e4006c1fcc4625ae13e8b315be29086b115,True,2,7,0,0,0,0.0,0,0,0,0,0,0,0,0,False,0,,0,
analytics/csv/contract__throughput-goodput-spectral-efficiency-analytics__throughput-over-time.csv,1786,80c02b50e5ee7c1c4fec257501db425eb07d9bff20cde8f154daf0ae33243ecc,True,8,15,0,0,0,0.0,0,0,0,0,0,0,0,0,False,0,,0,
analytics/csv/contract__throughput-goodput-spectral-efficiency-analytics__throughput-vs-load.csv,282,994173417e1b5d6a013a193743edb0290c1f69c5473fead54dc9ef1fdf4bc98f,True,2,6,0,0,0,0.0,0,0,0,0,0,0,0,0,False,0,,0,
analytics/csv/contract__throughput-goodput-spectral-efficiency-analytics__throughput-vs-sinr.csv,820,031097780f55671a7ecb56a3036f8a146ec843dd4d61a95fb0bf8eda1a577ea2,True,8,6,0,0,0,0.0,0,0,0,0,0,0,0,0,False,0,,0,
analytics/csv/contract__throughput-goodput-spectral-efficiency-analytics__throughput-vs-snr.csv,1119,4a7a6794aeb08e724f509423999d0a4cc8ff2d3af58201bded4d22b918648a27,True,8,6,0,0,0,0.0,0,0,0,0,0,0,0,0,False,0,,0,
analytics/csv/contract__throughput-goodput-spectral-efficiency-analytics__throughput.csv,270,a5de1913b1e2bb16eb143b4e53d8fa048f5c1f12678db5a54ae3da35ddd22e6f,True,2,7,0,0,0,0.0,0,0,0,0,0,0,0,0,False,0,,0,
analytics/csv/contract__waveform-time-domain-analytics__magnitude-vs-sample.csv,69266,09205267dd7be562f584cb85c56c908cf2e7196aebb5b741a6ff52375e5aa43a,True,512,8,0,0,0,0.0,0,0,0,0,0,0,0,0,False,0,,0,
analytics/csv/contract__waveform-time-domain-analytics__phase-vs-sample.csv,66170,d0b3586dbe6e994555deab32cd18aa5ba4100571c32bebabc8bfe0067b758069,True,512,8,0,0,0,0.0,0,0,0,0,0,0,0,0,False,0,,0,
analytics/csv/contract__waveform-time-domain-analytics__post-channel-waveform.csv,1271522,e491ba2ba42525adbdd23577340b16e0e16b7a60e07e7e3fa5e03c3c244b03bd,True,4096,18,0,0,4096,0.05555555555555555,4096,0,0,0,0,0,0,0,False,0,,0,
analytics/csv/contract__waveform-time-domain-analytics__post-impairment-waveform.csv,1321038,6b35f69a43e9fc0a65268c07df3edfb303df50b590e3ab958b1b2d9ca3e6a2f4,True,4096,18,0,0,4096,0.05555555555555555,4096,0,0,0,0,0,0,0,False,0,,0,
analytics/csv/contract__waveform-time-domain-analytics__power-vs-sample.csv,64011,8bdb0f1c1e795b9434e02e808736dd18d8904f088b1f9ae15dbfdf3fda13b9f5,True,512,8,0,0,0,0.0,0,0,0,0,0,0,0,0,False,0,,0,
analytics/csv/contract__waveform-time-domain-analytics__pre-channel-waveform.csv,1222633,88559630f0fd07896a3ff2434a03a660e72141478d8044603bc601ef0c1867f4,True,4096,18,0,0,4096,0.05555555555555555,4096,0,0,0,0,0,0,0,False,0,,0,
analytics/csv/contract__waveform-time-domain-analytics__rx-waveform.csv,60699,71d9634a428be09bd3c0d88d28682fd05ed8edaf0bcdd40cc6071884a0498ebf,True,512,8,0,0,0,0.0,0,0,0,0,0,0,0,0,False,0,,0,
analytics/csv/contract__waveform-time-domain-analytics__stage-overlay-plots.csv,2518901,d640062d287044e31e4069d580f2741abbe4e53e323f23958b67e961e42c2b78,True,8192,18,0,0,8192,0.05555555555555555,8192,0,0,0,0,0,0,0,False,0,,0,
analytics/csv/contract__waveform-time-domain-analytics__tx-waveform.csv,60093,07f9d86a1f5dcd61c5d8d1c7fe47cc694aabf8c1544ffc374cc518e097de07a3,True,512,8,0,0,0,0.0,0,0,0,0,0,0,0,0,False,0,,0,
analytics/csv/contract__waveform-time-domain-analytics__ue-wise-link-wise-waveform-comparison.csv,4027797,982ef176ecdc0761d7cb9bf3e16c942e3b8a7b5e9c628075ae7d7b6b161fead4,True,12288,18,0,0,12288,0.05555555555555555,12288,0,0,0,0,0,0,0,False,0,,0,
analytics/csv/control_decode_analytics.csv,9655,dc52c8a2f76558cee2e3cc4950b756fa10ab60db32f7c2b18b9a81318afea8ff,True,47,14,0,0,30,0.04559270516717325,0,0,0,0,0,0,0,0,False,0,,0,
analytics/csv/cqi_mcs_consistency_analytics.csv,3167,a9a641447fd585388817fb36828a2825c6843dddd299c0142197953e1518b76c,True,8,27,0,0,0,0.0,0,0,0,0,0,0,0,0,False,0,,0,
analytics/csv/decoder_analytics.csv,14593,982abd772146ddeb90f14e88da01626ab8e81eebe81091ecf749b76c7658d1ef,True,69,14,0,0,63,0.06521739130434782,4,0,0,0,14,0,0,0,False,0,,0,
analytics/csv/detection_analytics.csv,9655,dc52c8a2f76558cee2e3cc4950b756fa10ab60db32f7c2b18b9a81318afea8ff,True,47,14,0,0,30,0.04559270516717325,0,0,0,0,0,0,0,0,False,0,,0,
analytics/csv/determinism_analytics.csv,113159,92fec285d4344b56a7d85f0f2133c54deefe2c974c64b7f679910c718fb42120,True,112,40,0,0,252,0.05625,0,0,0,0,0,0,1,0,False,0,,0,
analytics/csv/energy_efficiency_analytics.csv,5921,6458b11959398fb7e69e41a1e16bc018e7ff2a720fda0732045b30f0f3e76862,True,4,67,0,0,62,0.23134328358208955,54,0,0,0,0,0,0,0,False,0,,0,
analytics/csv/error_rate_analytics.csv,316398,7816ebbc79677eb286587915ca039460f7fdd1a68d912e0e12422294608c7f00,True,6,805,0,0,44,0.009109730848861283,44,0,0,0,24,0,0,0,False,0,,0,
analytics/csv/evm_analytics.csv,316398,7816ebbc79677eb286587915ca039460f7fdd1a68d912e0e12422294608c7f00,True,6,805,0,0,44,0.009109730848861283,44,0,0,0,24,0,0,0,False,0,,0,
analytics/csv/export_consistency_analytics.csv,37131,9c1b71203a0e81fe6f4ee9b1838d084a702ba5cbe0fb186c7a8764e70642e26e,True,112,11,0,0,4,0.003246753246753247,0,0,0,0,0,0,0,0,False,0,,0,
analytics/csv/fairness_analytics.csv,539,0831e33e79443646f594b877e32e4dec2cee8952892487aae2b6c724332a74e2,True,3,13,0,0,0,0.0,0,0,0,0,0,0,0,0,False,0,,0,
analytics/csv/goodput_analytics.csv,316398,7816ebbc79677eb286587915ca039460f7fdd1a68d912e0e12422294608c7f00,True,6,805,0,0,44,0.009109730848861283,44,0,0,0,24,0,0,0,False,0,,0,
analytics/csv/harq_analytics.csv,2373,78dde2bd1103b79368585ea5c17fa3cf789ac6cca263e5999b452318bdcfda6d,True,4,25,0,0,0,0.0,0,0,0,0,0,0,0,0,False,0,,0,
analytics/csv/harq_process_analytics.csv,2373,78dde2bd1103b79368585ea5c17fa3cf789ac6cca263e5999b452318bdcfda6d,True,4,25,0,0,0,0.0,0,0,0,0,0,0,0,0,False,0,,0,
analytics/csv/impairment_analytics.csv,1693,2b79937325d9a2726a68fffb5242db1d52a08a523940372a0007a4a242b52147,True,3,25,0,0,0,0.0,0,0,0,0,0,0,0,0,False,0,,0,
analytics/csv/link_adaptation_analytics.csv,3167,a9a641447fd585388817fb36828a2825c6843dddd299c0142197953e1518b76c,True,8,27,0,0,0,0.0,0,0,0,0,0,0,0,0,False,0,,0,
analytics/csv/measurement_feedback_analytics.csv,3167,a9a641447fd585388817fb36828a2825c6843dddd299c0142197953e1518b76c,True,8,27,0,0,0,0.0,0,0,0,0,0,0,0,0,False,0,,0,
analytics/csv/mimo_analytics.csv,1059,729abf4a7d09f88f14a48cd25e0ed5aec0f6ae1a03121fcd4084d7a92b7ddb22,True,2,17,0,0,0,0.0,0,0,0,0,0,0,0,0,False,0,,0,
analytics/csv/mobility_analytics.csv,39144,7a04d9486a001552b144a23e3c0a192da13b8b6608ecc6cdff465633cddb6b5d,True,25,72,0,0,136,0.07555555555555556,136,0,0,0,8,0,0,0,False,0,,0,
analytics/csv/papr_analytics.csv,11825,ba8b46ed737b86a880caa787147c95bb113f06a89ff25473cd71b7190a540186,True,57,14,0,0,54,0.06766917293233082,3,0,0,0,0,0,0,0,False,0,,0,
analytics/csv/parallelism_analytics.csv,6662,879dfa8d30e63074036e06623e84e309c650a97be1965cb84fbf566f28674bad,True,2,112,0,0,0,0.0,0,0,0,0,0,0,0,0,False,0,,0,
analytics/csv/power_analytics.csv,4599,0954779aa2faa6ccd92e11c515bf922d20bb9134de6f27119ccbc3281694938f,True,4,71,0,0,34,0.11971830985915492,34,0,0,0,0,0,0,0,False,0,,0,
analytics/csv/prach_analytics.csv,335,35ec7361141a8f30b973ed06eb04731d8a115be5148c82ba08952a5c9e2b85b5,True,1,16,0,0,0,0.0,0,0,0,0,0,0,0,0,False,0,,0,
analytics/csv/precoder_analytics.csv,9297,f627b5d4644c1f82efeefa0892a129096a88883a81a467c47108662a1990e145,True,8,53,0,0,0,0.0,0,0,0,0,0,0,0,0,False,0,,0,
analytics/csv/propagation_analytics.csv,4616,6922d2eebc73d8fa73cbab921ba60f896dad5153d535944ec5bb5e92caa2e26c,True,8,21,0,0,2,0.011904761904761904,2,0,0,0,0,0,0,0,False,0,,0,
analytics/csv/random_access_analytics.csv,17392,81318e111b3e6268a016056a2e4102c9e4faf7241fffad75a1feca3bdaf4f887,True,51,14,0,0,10,0.014005602240896359,1,0,0,0,0,0,0,0,False,0,,0,
analytics/csv/random_access_detection_analytics.csv,335,35ec7361141a8f30b973ed06eb04731d8a115be5148c82ba08952a5c9e2b85b5,True,1,16,0,0,0,0.0,0,0,0,0,0,0,0,0,False,0,,0,
analytics/csv/regression_analytics.csv,209,71722ef4da696ad0305f68845ae10f387465028843240d82fea1f218b2676236,True,1,4,0,0,0,0.0,0,0,0,0,0,0,0,1,False,0,,0,
analytics/csv/regression_baseline_view.csv,3060,a182f1e49a36bc0e9c07e02bda1e71798befed0dcee82fd533ae2671ac6d4e29,True,1,59,0,0,0,0.0,0,0,0,0,0,0,0,0,False,0,,0,
analytics/csv/regression_candidate_view.csv,3060,a182f1e49a36bc0e9c07e02bda1e71798befed0dcee82fd533ae2671ac6d4e29,True,1,59,0,0,0,0.0,0,0,0,0,0,0,0,0,False,0,,0,
analytics/csv/regression_delta_view.csv,209,71722ef4da696ad0305f68845ae10f387465028843240d82fea1f218b2676236,True,1,4,0,0,0,0.0,0,0,0,0,0,0,0,1,False,0,,0,
analytics/csv/resource_grid_analytics.csv,2322448,9086968fb5875f920b56921d428e96139760055df61d70ccdfb003028fdbe5c3,True,2918,34,0,0,2576,0.02596460105632383,2576,0,0,0,0,0,0,0,False,0,,0,
analytics/csv/runtime_latency_analytics.csv,2373,78dde2bd1103b79368585ea5c17fa3cf789ac6cca263e5999b452318bdcfda6d,True,4,25,0,0,0,0.0,0,0,0,0,0,0,0,0,False,0,,0,
analytics/csv/runtime_power_analytics.csv,8300,954891f907aca29ca2860095f47d0a5d439f64b7da9b25f6b60a710db4db4f8b,True,6,81,0,0,67,0.13786008230452676,53,0,0,0,0,0,0,0,False,0,,0,
analytics/csv/schema_drift_analytics.csv,33801,e0e77ff031c10a1d309102ca333167f1b395c5f83bc8dc30421384aeb60b9de0,True,76,17,0,0,2,0.0015479876160990713,0,0,0,0,19,0,2,0,False,0,,0,
analytics/csv/selection_reselection_analytics.csv,39144,7a04d9486a001552b144a23e3c0a192da13b8b6608ecc6cdff465633cddb6b5d,True,25,72,0,0,136,0.07555555555555556,136,0,0,0,8,0,0,0,False,0,,0,
analytics/csv/sleep_state_analytics.csv,6779,767ff25ba09027a8bd666468471a31b7ee821cf6dc69bb1362a5d4df0217c1c8,True,5,65,0,0,73,0.2246153846153846,63,0,0,0,0,0,0,0,False,0,,0,
analytics/csv/soft_buffer_analytics.csv,2373,78dde2bd1103b79368585ea5c17fa3cf789ac6cca263e5999b452318bdcfda6d,True,4,25,0,0,0,0.0,0,0,0,0,0,0,0,0,False,0,,0,
analytics/csv/spectral_efficiency_analytics.csv,13111,4e911d858d2070c80e7028d4708919e6cc03fc14ad7e371caf0b63bb999e3c4a,True,51,14,0,0,26,0.036414565826330535,5,0,0,0,0,0,0,0,False,0,,0,
analytics/csv/spectrum_analytics.csv,11825,ba8b46ed737b86a880caa787147c95bb113f06a89ff25473cd71b7190a540186,True,57,14,0,0,54,0.06766917293233082,3,0,0,0,0,0,0,0,False,0,,0,
analytics/csv/symbol_throughput_analytics.csv,78895,f2b3aadfbf84f7f96bbd2e9bf27c0266e935b9184505d3c7e11e4d5c3473ca68,True,364,27,0,0,1256,0.1277981277981278,1256,0,0,0,0,0,0,0,False,0,,0,
analytics/csv/throughput_analytics.csv,316398,7816ebbc79677eb286587915ca039460f7fdd1a68d912e0e12422294608c7f00,True,6,805,0,0,44,0.009109730848861283,44,0,0,0,24,0,0,0,False,0,,0,
analytics/csv/time_profile_analytics.csv,24168,f250fab0413959aedb778bb4fdea39ce52c1d557b5ab6a3061897716536c58d2,True,66,13,0,0,8,0.009324009324009324,8,0,0,0,2,0,0,0,False,0,,0,
analytics/csv/tracking_analytics.csv,5855,69e71c2ecc3692bd1e57331e16f5ad9a35220e2682d1fd54303095e15ca2f1b4,True,19,29,0,0,55,0.0998185117967332,55,0,0,0,0,0,0,0,False,0,,0,
analytics/csv/truth_policy_analytics.csv,3532,f0320e6646b94ec4a2eef3d1a7f161c146f89a27fa408d544f79e66e35e3f3b1,True,1,94,0,0,0,0.0,0,0,0,0,0,0,1,0,False,0,,0,
analytics/csv/user_grouping_analytics.csv,1341,5c8b75ab613b6c6cd0bc28bd6c5f2236545df5dc04a63caaa404f9f4957ebfb8,True,2,23,0,0,0,0.0,0,0,0,0,0,0,0,0,False,0,,0,
analytics/csv/waveform_analytics.csv,67671,728bcfba62985c2de632a6c3e9d2c2f643f25c96141cf1a4966e797c3162b118,True,256,17,0,0,0,0.0,0,0,0,0,0,0,0,0,False,0,,0,
analytics/csv/waveform_comparison_analytics.csv,1549,1fc514fb5dc6f77b198da4e7f1e32092ff8b32b632b38dd8403e99024ee28c59,True,4,25,0,0,4,0.04,4,0,0,0,0,0,0,0,False,0,,0,
analytics/csv/waveform_stage_overlay_analytics.csv,45396,28eeefdb4f059047858990ea3e783e2e61ea5ba7173dbac59a3c427aa6cc11db,True,8,262,0,0,6,0.0028625954198473282,6,0,0,0,32,0,0,0,False,0,,0,
artifact_generation/artifact_generation_results.csv,1424,642636695a79e9913cb5ef9365c230664c0871c4024d481bfed20ef2b2da9b0b,True,3,20,0,0,3,0.05,0,0,0,0,0,0,0,0,False,0,,0,
artifact_generation/artifact_generation_summary.csv,345,c5b6a4d517cc92e418f685ade668d34aa7cbe6f69bcd9682154c23dd011180c7,True,3,13,0,0,0,0.0,0,0,0,0,0,0,0,0,False,0,,0,
artifact_generation/canonical_component_manifest.csv,1584,4cf3c9d5b338d00f5ec7b2f767b6915fce99f2650ca62de6464248554fb81ccd,True,3,21,0,0,3,0.047619047619047616,0,0,0,0,0,0,0,0,False,0,,0,
artifact_generation/contract_catalog_snapshot.csv,2331,1fe5ebf29fbbbc1323b79c09a8c14cdb21b87e83dad68202e458ed53ef1f44d8,True,3,27,0,0,18,0.2222222222222222,0,0,0,0,0,0,0,0,False,0,,0,
beamforming/csv/antenna_array_config.csv,1302,6e78c961a7d6fe935e9124bce9ab31bd8aaf9dd96c602ea3aaf2e057c5e9993a,True,2,30,0,0,2,0.03333333333333333,0,0,0,0,0,0,0,0,False,0,,0,
beamforming/csv/antenna_pattern_samples.csv,2469563,f950d3e34b6db62601343062700da898e2bd5d4f3bfc825b7d68c417ed6fd60d,True,5402,21,0,0,5402,0.047619047619047616,5402,0,0,0,0,0,0,0,False,0,,0,
beamforming/csv/antenna_port_mapping.csv,674,87bfd9bd2668711a36fbcf87865627f233b6559573193a5e31d930fab1dea142,True,2,14,0,0,2,0.07142857142857142,0,0,0,0,0,0,0,0,False,0,,0,
beamforming/csv/beam_codebook.csv,752,10f993bc0f237918ee0f8f347926dc9f551b40010813448a78c80a2129d5fb90,True,3,10,0,0,12,0.4,9,0,0,0,0,0,0,0,False,0,,0,
beamforming/csv/beam_management_event_trace.csv,1765,bfb7780b4819d735cbcbd0cbeba593fbc25b4c160289801dbe774564fb13e60d,True,8,29,0,0,24,0.10344827586206896,24,0,0,0,0,0,0,0,False,0,,0,
beamforming/csv/beam_management_state_trace.csv,2035,9d19420db9004e7d84de700d38cb3149e84d7f6d1a2faa937d383f3b3bc0e75a,True,8,30,0,0,20,0.08333333333333333,20,0,0,0,0,0,0,0,False,0,,0,
beamforming/csv/beam_precoder_table.csv,10006,d30de1f909706df732f430bc636dd4e02a92d1f02678ed2c93de257fa0a4abbc,True,8,64,0,0,94,0.18359375,78,0,0,0,0,0,0,0,False,0,,0,
beamforming/csv/beam_score_trace.csv,3383,9d1606b1f84b55f641a01542bcac19e30fa67170c06a65c45bebb43ea54bc8ea,True,8,38,0,0,16,0.05263157894736842,16,0,0,0,0,0,0,0,False,0,,0,
beamforming/csv/beam_sweep_measurements.csv,1486,bf91f1e9b6bd7f5abf8e9734bdf323f21137456e698fc8b601c48169ae83a98f,True,8,9,0,0,10,0.1388888888888889,0,0,0,0,0,0,0,0,False,0,,0,
beamforming/csv/beamforming_analytics_table.csv,1567,101930227c5020fbac498478769d830bc6263dc690914fd6b956010fde93ec93,True,2,36,0,0,27,0.375,23,0,0,0,0,0,0,0,False,0,,0,
beamforming/csv/mimo_config_strict.csv,2051,2ab2877f4c4a2f7e98c8b70f03189319e7e95a60979515f8f0e433a3bf60c00c,True,2,57,0,0,25,0.21929824561403508,13,0,0,0,0,0,0,0,False,0,,0,
beamforming/csv/mimo_config_validation.csv,2536,990a44e53a4b966d05244f3d1c946d782c39c042329a230d027731a1c1f9f085,True,12,8,0,0,12,0.125,0,0,0,0,0,0,0,0,False,0,,0,
beamforming/csv/mimo_configured_vs_effective.csv,2018,39eb4d3f9749bbbb7098cbd80895917ec6ce8fe6faeb03aae7f6a657f3e7d365,True,2,58,0,0,9,0.07758620689655173,7,0,0,0,0,0,0,0,False,0,,0,
beamforming/csv/mimo_layer_metrics.csv,1302,e239d02179494a06fe332520e0f11da6510f52831ce37ccd6814113a6ae3211f,True,8,17,0,0,0,0.0,0,0,0,0,0,0,0,0,False,0,,0,
beamforming/csv/mimo_negative_trials.csv,158,34cb09f70250b5d54228c41ad4e1d6e81d2c9bab6ab1e2fd726b85ce3a38ad64,True,0,10,0,0,0,0.0,0,0,0,0,0,0,0,0,True,1,header_only_no_rows,0,
beamforming/csv/mimo_oracle_guard.csv,1070,59fc12bc362fe2369bee1da7983e4ed67a5697e61a3a6d93a768bb590bb4c0ab,True,8,12,0,0,8,0.08333333333333333,0,0,0,0,0,0,0,0,False,0,,0,
beamforming/csv/mimo_primary_trial_source_reconciliation.csv,555,e364ef97f3306eaa26ba646f45884a6219d75be9699b9d26eae91ef1bca39bbe,True,2,7,0,0,0,0.0,0,0,0,0,0,0,0,0,False,0,,0,
beamforming/csv/mimo_rank_utilization_table.csv,1335,f83b83f05d6f7301022bbbf686a2b27151bd9e523d877bc55c3e805460209b0c,True,2,31,0,0,28,0.45161290322580644,24,0,0,0,0,0,0,0,False,0,,0,
beamforming/csv/mimo_strict_gate_summary.csv,292,be8886a6cf4b94d5f0a9efb1d974c741e517d1787e3273a4de0da0db91f6197b,True,8,4,0,0,8,0.25,0,0,0,0,0,0,0,0,False,0,,0,
beamforming/csv/precoder_evidence.csv,3060,2e2122b222af66063f86e67d27a6ee955db706193043da17b128d34abbda63fe,True,8,12,0,0,8,0.08333333333333333,0,0,0,0,0,0,0,0,False,0,,0,
beamforming/csv/probe_beam_management.csv,3206,851bc83be7f594d06cb54cb4a8b9c17accb902eb378c53dee5172b3d1245efd9,True,20,8,0,0,24,0.15,12,0,0,0,0,0,0,0,False,0,,0,
beamforming/csv/probe_beam_mimo.csv,3955,b28624b864c78a9af4deda99a0cb94beae63c25d062d86a33d58b42422e3f2e0,True,8,52,0,0,22,0.052884615384615384,22,0,0,0,0,0,0,0,False,0,,0,
beamforming/csv/rank_layer_trials.csv,10010,7ba421db54b8c2d1b52f2d6c0e4d88469829e2825adf584a03895b6ccab5608e,True,8,123,0,0,122,0.12398373983739837,58,0,0,0,0,0,0,0,False,0,,0,
beamforming/csv/rank_layer_usage_histogram.csv,1474,2ef636ac23be2205468301648e2e7eee9e0d456b3ae12f6fc11432d5070a7330,True,2,32,0,0,28,0.4375,24,0,0,0,0,0,0,0,False,0,,0,
component_anchors/channel_rf/air_interface/csv/downstream_channel_references.csv,784,fd5e9c62d2b83ee3bdaf42f7e7cfc89051ec178708e4ca8d814b05fa5a8912c2,True,3,12,0,0,3,0.08333333333333333,0,0,0,0,0,0,0,0,False,0,,0,
component_anchors/channel_rf/channel/csv/channel_configured_vs_applied.csv,1867,d0987b388751ff556af1a3d59a19c2743286b0726df976bbfe2c5322c39dc33a,True,10,13,0,0,4,0.03076923076923077,0,0,0,0,0,0,0,0,False,0,,0,
component_anchors/channel_rf/channel/csv/channel_realizations.csv,855,2e3f25277d4bc9e667978ad4adfaef568c608a96825bc76815b2381000f28f18,True,1,24,0,0,1,0.041666666666666664,0,0,0,0,0,0,0,0,False,0,,0,
component_anchors/channel_rf/channel/csv/channel_rf_config_strict.csv,662,650f3d062a3b434636317dab605245fd26e9416cce5b90bd4cc35aa4258d3f8c,True,1,24,0,0,1,0.041666666666666664,0,0,0,0,0,0,0,0,False,0,,0,
component_anchors/channel_rf/channel/csv/channel_rf_plot_lineage.csv,727,b104fb1ff5b87c78d1f781a174091a4136fb12b9ed24f78ddc5a808abd9b77d9,True,2,13,0,0,2,0.07692307692307693,0,0,0,0,0,0,0,0,False,0,,0,
component_anchors/channel_rf/channel/csv/channel_rf_strict_artifact_manifest.csv,9616,dbd375fd8ef895d07f554cbd2a212fa5d077ac24ec0f9ae4f9574b525835670b,True,27,6,0,0,0,0.0,0,0,0,0,0,0,0,0,False,0,,0,
component_anchors/channel_rf/channel/csv/channel_snapshots.csv,291,343d9f5f7e72b659a632253b7bc769ae5d193e7c52d466b305d43819537b2501,True,1,9,0,0,0,0.0,0,0,0,0,0,0,0,0,False,0,,0,
component_anchors/channel_rf/channel/csv/large_scale_parameters.csv,840,b5c91d81c07816b13cfcd0f075ba6b496568ca5448b73854b7a7d447a124fb9f,True,1,30,0,0,1,0.03333333333333333,0,0,0,0,0,0,0,0,False,0,,0,
component_anchors/channel_rf/channel/csv/link_geometry.csv,424,30fb9476b223a6bd57787d71bf9398c9afc9944cff88b3a58f83151826e9c5ad,True,1,19,0,0,0,0.0,0,0,0,0,0,0,0,0,False,0,,0,
component_anchors/channel_rf/channel/csv/path_gains.csv,345,a17de40373a737cf7884fd998e9f56e7c16d1b25a13e0468506b2ec162cb4302,True,1,8,0,0,0,0.0,0,0,0,0,0,0,0,0,False,0,,0,
component_anchors/channel_rf/channel/csv/sectors.csv,224,993f11ea6932b63d5213d1b2d87f7d81963b44843b4d561b70e128ff93b3ba9e,True,1,9,0,0,0,0.0,0,0,0,0,0,0,0,0,False,0,,0,
component_anchors/channel_rf/channel/csv/sites.csv,169,6ac17a23ee4148a5d99e50c4f6f4fae4d965fd67af8ca87ca158c122e83b7826,True,1,8,0,0,0,0.0,0,0,0,0,0,0,0,0,False,0,,0,
component_anchors/channel_rf/channel/csv/ues.csv,311,b855be5a40b33e06f12641be019d8376ad2d60c587b475f67ce27e549d49bc65,True,1,13,0,0,0,0.0,0,0,0,0,0,0,0,0,False,0,,0,
component_anchors/channel_rf/interference/csv/interference_topology.csv,697,06f2cb9a10413c56f1d59d84a5ea30cd4edd5d9a417429d0e085edfe94aa3617,True,1,22,0,0,1,0.045454545454545456,0,0,0,0,0,0,0,0,False,0,,0,
component_anchors/channel_rf/reports/csv/channel_rf_cdlc_realization_table.csv,268,74a28b0d490df89d60db585ab7dfb09dc5350e7ce45c1940aef56ad7e6376e7a,True,0,20,0,0,0,0.0,0,0,0,0,0,0,0,0,True,1,header_only_no_rows,0,
component_anchors/channel_rf/reports/csv/channel_rf_configured_applied.csv,773,4f4a95b2f27b77dafaa2c9dba85cdf744edafdf1d04c1017ac1c3f905d9b8c69,True,4,13,0,0,4,0.07692307692307693,0,0,0,0,0,0,0,0,False,0,,0,
component_anchors/channel_rf/reports/csv/channel_rf_negative_trials.csv,1161,839377f50f0ab3ddc0dee672c5636d3a6bb23b3144fca25167176e1c52dc757d,True,6,9,0,0,0,0.0,0,0,0,0,0,0,0,0,False,0,,0,
component_anchors/channel_rf/reports/csv/channel_rf_per_ue_realization.csv,472,63414fcca6d596f544fdc6ce7d8694f33341ad6c5bf6ec4058ad12f743e7ba5c,True,1,16,0,0,0,0.0,0,0,0,0,0,0,0,0,False,0,,0,
component_anchors/channel_rf/reports/csv/channel_rf_strict_summary.csv,384,49b244c49f2684875d97355a110c48f5815c8ef13656641f7f35967d8463d884,True,1,16,0,0,1,0.0625,0,0,0,0,0,0,0,0,False,0,,0,
component_anchors/channel_rf/rf/csv/channel_rf_negative_trials.csv,1161,839377f50f0ab3ddc0dee672c5636d3a6bb23b3144fca25167176e1c52dc757d,True,6,9,0,0,0,0.0,0,0,0,0,0,0,0,0,False,0,,0,
component_anchors/channel_rf/rf/csv/channel_rf_oracle_guard.csv,481,7a4d54c93484568b6fbc95d75f386601456239abd73bf2f2db0df4b3b814ab0d,True,3,8,0,0,0,0.0,0,0,0,0,0,0,0,0,False,0,,0,
component_anchors/channel_rf/rf/csv/evm_impairment_measurements.csv,338,2b2b2c6ab23f47a6b8060eeb90a35c005b65235a2079ea79281c82524d5af4bf,True,1,12,0,0,1,0.08333333333333333,0,0,0,0,0,0,0,0,False,0,,0,
component_anchors/channel_rf/rf/csv/rf_impairment_chain.csv,1259,eb72d0a88ecea39fa3b6ccfea47b07bbc3f9f628956875cac1452b25f0482a79,True,1,40,0,0,1,0.025,0,0,0,0,0,0,0,0,False,0,,0,
component_anchors/channel_rf/rf/csv/thermal_noise_validation.csv,421,3a861bded6225bf7e2d9a84c3d14840faca8af1996c05f73ff8edca9dfd2cf84,True,1,14,0,0,1,0.07142857142857142,0,0,0,0,0,0,0,0,False,0,,0,
components/pdsch/csv/pdsch_bler_curve.csv,2759,3068dca4dda0d9318fdaf463e823c5c10ec5b4aa837d6aa2401fb04b66cfdc8f,True,4,32,0,0,0,0.0,0,0,0,0,0,0,0,0,False,0,,0,
components/prach/csv/prach_detection_trials.csv,793,02e3284b8c0cd4aedaf6ab2f3f895d203894c3c91ce16eaeea448da9da91193d,True,1,25,0,0,1,0.04,1,0,0,0,0,0,0,0,False,0,,0,
components/pusch/csv/pusch_bler_curve.csv,1615,50b25d5d645fdf582d931675eae11e12654a064258e7d7ae7800c39b93f776b2,True,2,34,0,0,0,0.0,0,0,0,0,0,0,0,0,False,0,,0,
configuration/csv/configuration_conflicts.csv,1211,1975e7c34befc08b4ea26ae9bd5d5f74bdbb9267968e7b5efa0a3c95540277ed,True,13,5,0,0,4,0.06153846153846154,0,0,0,0,0,0,0,0,False,0,,0,
configuration/csv/configuration_consumer_map.csv,1741,01a56880a6ebaedd94cf8192df9a316e6c2f6d089c8472d2481a5f9ef3350141,True,13,4,0,0,0,0.0,0,0,0,0,7,0,0,0,False,0,,0,
configuration/csv/configuration_precedence.csv,1839,836f7fedc7becdfa4031196b5d59827587661c53a24c4b4ec06cd7ceafb2b60c,True,13,5,0,0,8,0.12307692307692308,0,0,0,0,0,0,0,0,False,0,,0,
configuration/csv/resolved_channel_rf_configuration.csv,2638,240e36921d4f988e648ceae57df2174a5f7d5028bb21a66de6c447604cbf759a,True,20,7,0,0,0,0.0,0,0,0,0,0,0,0,0,False,0,,0,
control/csv/access_state_timeline.csv,659,a98e54ae37e580c116cd4813bcdf6c6e849c129e51e7204eff6d4099455d84f3,True,2,16,0,0,2,0.0625,2,0,0,0,0,0,0,0,False,0,,0,
control/csv/access_transition_ledger.csv,1415,dda73b3f53fe6b37c4e39d87c163e25863878d0199a8851e486043d403ec415e,True,2,38,0,0,9,0.11842105263157894,9,0,0,0,0,0,0,0,False,0,,0,
control/csv/attach_state_trace.csv,314,645638f2083d5abb672012bc9cfe898c7dcf9cdf36160159b3ba97ecddd75923,True,1,12,0,0,0,0.0,0,0,0,0,0,0,0,0,False,0,,0,
control/csv/cell_search_trials.csv,26802,91e02acf66af3502f8b3c68ad744c98a72f904dd835e069712f80f83910b525d,True,4,371,0,0,84,0.05660377358490566,84,0,0,0,8,0,0,0,False,0,,0,
control/csv/control_gating_state.csv,1947,ccc7b137d08566e9fdd02a514141810bbe3b4072f8a2e0e0aafcd5f78b4722bb,True,1,61,0,0,0,0.0,0,0,0,0,0,0,0,0,False,0,,0,
control/csv/control_gating_summary.csv,853,061a12cce124f0046646e9ea65a5dc09a05a3c20d8b17700caa557d49035f0c8,True,1,30,0,0,0,0.0,0,0,0,0,0,0,0,0,False,0,,0,
control/csv/csi_feedback_reports.csv,9966,9d373953d1f820e3046263779f8cf4316d7ded8d63018406d85ecf91e197a013,True,8,74,0,0,57,0.09628378378378379,33,0,0,0,0,0,0,0,False,0,,0,
control/csv/csi_rs_table.csv,8697,a16b7add886bb212f03ea2cbadb7cd2d882abfeb1ba9ec15c2fa1413e5a141dd,True,2,155,0,0,20,0.06451612903225806,16,0,0,0,0,0,0,0,False,0,,0,
control/csv/csi_rs_trials.csv,7302,589ac4fdb9c7e357b907840fdf2f768decc924a5176b9246092779ff4fd2571f,True,2,126,0,0,0,0.0,0,0,0,0,0,0,0,0,False,0,,0,
control/csv/initial_access_lifecycle_trace.csv,5010,523ae268037178a58464c92ca458fb8ed0289276311fa99a28bee2c5dae14bb6,True,8,33,0,0,32,0.12121212121212122,32,0,0,0,5,0,0,0,False,0,,0,
control/csv/msg1_prach_detection.csv,1923,a20a27ecb6ae9dae168bdcefc3197ad2aa2770a209afb3dba60eabeac742a21f,True,1,63,0,0,0,0.0,0,0,0,0,0,0,0,0,False,0,,0,
control/csv/msg2_pdcch_candidates.csv,2034,e20ebd9db9b2e3059e1e6b61c61ee5ec91c9925fa6c27a70e2ca8940242caedd,True,8,15,0,0,1,0.008333333333333333,0,0,0,0,0,0,0,0,False,0,,0,
control/csv/msg2_rar_trials.csv,1265,b5f1dcbe88adadf23640b4296146c46e7dfb33bda64be060d29cf468c75a4df1,True,1,43,0,0,1,0.023255813953488372,1,0,0,0,0,0,0,0,False,0,,0,
control/csv/msg3_pusch_trials.csv,1545,643518457e0803b17c55a0a478398642a6f37855bd3be0983d8a002dad957c6f,True,1,56,0,0,1,0.017857142857142856,1,0,0,0,0,0,0,0,False,0,,0,
control/csv/msg4_contention_resolution.csv,1175,4670e1d4eada0e3672cb1c5378f9c7e59e5f2cdcf178691d1caaf203efd6624d,True,1,37,0,0,1,0.02702702702702703,1,0,0,0,0,0,0,0,False,0,,0,
control/csv/msg4_trials.csv,1175,4670e1d4eada0e3672cb1c5378f9c7e59e5f2cdcf178691d1caaf203efd6624d,True,1,37,0,0,1,0.02702702702702703,1,0,0,0,0,0,0,0,False,0,,0,
control/csv/pbch_recovery_trials.csv,26810,e477de6bcd8a0248444093b02ea5fd17014fba8a2b98ad8e995fe9681b848b77,True,4,371,0,0,84,0.05660377358490566,84,0,0,0,8,0,0,0,False,0,,0,
control/csv/pbch_trials.csv,26649,ad0dd624db83283166aaf6d9bafa7aa85a848a197accfbf064ba2bf4ea6bff10,True,4,370,0,0,84,0.05675675675675676,0,0,0,0,8,0,0,0,False,0,,0,
control/csv/pdcch_dci_table.csv,56929,a4c3719d5eb7522d5c0d995e54216a0bd25b156a796063cd6a542e93c756a1a5,True,8,441,0,0,106,0.030045351473922902,90,0,0,0,16,0,0,0,False,0,,0,
control/csv/pdcch_trials.csv,53060,c0dd775dc3dad7d75491ab8a81288496e9364195ce58eb2e16a34f8b671c09ca,True,8,436,0,0,202,0.05791284403669725,18,0,0,0,16,0,0,0,False,0,,0,
control/csv/pdsch_table.csv,311983,cfdd96c4d09fcb59b35312e61508c7eba99c8244a7ad006afdac41a3060be1db,True,6,795,0,0,111,0.023270440251572325,99,0,0,0,24,0,0,0,False,0,,0,
control/csv/prach_table.csv,15601,dcba3e95028c2cc4ed81966b38eb7df328b2680dfd920d0931737f67dd62475d,True,1,464,0,0,11,0.023706896551724137,9,0,0,0,2,0,0,0,False,0,,0,
control/csv/prach_trials.csv,14998,ef640b5c82c34b7af2964aad95418f9f2dbdab9cff930f080a41d01fd49f1b47,True,1,453,0,0,17,0.037527593818984545,0,0,0,0,2,0,0,0,False,0,,0,
control/csv/pucch_table.csv,24477,7c34fa4a776b04ea98b5270340217dcad50d449566e545c537f90843344829c3,True,6,203,0,0,72,0.059113300492610835,60,0,0,0,12,0,0,0,False,0,,0,
control/csv/pucch_trials.csv,20979,f1cf009b7200cec7ee9c59981237776c7e929368a11416a2562ef260dc2d769c,True,6,179,0,0,24,0.0223463687150838,0,0,0,0,12,0,0,0,False,0,,0,
control/csv/pusch_table.csv,41068,1a0a3f3467d506fd65afb6d650894f07adeeefa92ef9b6acde6bbc393736691d,True,2,767,0,0,31,0.020208604954367666,27,0,0,0,8,0,0,0,False,0,,0,
control/csv/ra_attempts.csv,5119,9936d82b58ac9091f099df6c8803f544be502d6a54153da72549e7f613a68132,True,1,149,0,0,2,0.013422818791946308,2,0,0,0,0,0,0,0,False,0,,0,
control/csv/ra_oracle_guard.csv,1156,85fede90b1e6d1ec93a301a2f11540c4ff164df8021b18b3ab1a8f5e1a895fea,True,4,13,0,0,0,0.0,0,0,0,0,0,0,0,0,False,0,,0,
control/csv/ra_runtime_stage_waveforms.csv,6261,b7b9ea616c8f2dec6a63de7d495ba3f52f5d749c6b8aeea6fd9ca0402e2ac194,True,5,51,0,0,3,0.011764705882352941,0,0,0,0,0,0,0,0,False,0,,0,
control/csv/ra_state_transitions.csv,2554,186306c854b1f93440c3ecbe74463f72f9ddaf654aa72de8bbff76441ee72971,True,8,19,0,0,22,0.14473684210526316,17,0,0,0,3,0,0,0,False,0,,0,
control/csv/ra_timer_events.csv,1176,d893a526d88fcb51b82a69e2ee56b8895f3f6513ae44235da9622d4da50c7413,True,4,15,0,0,2,0.03333333333333333,2,0,0,0,1,0,0,0,False,0,,0,
control/csv/reference_signal_measurements.csv,5709,9344b3031898f9beb0fc49cde1e78bc774e869819a5c1a21bfbd9ec35dcd2c16,True,17,22,0,0,51,0.13636363636363635,51,0,0,0,0,0,0,0,False,0,,0,
control/csv/rrc_connection_events.csv,3053,1cc213bce0de9c6e0438ad218a312638274f84085403354b95b512075710b9b6,True,8,17,0,0,8,0.058823529411764705,8,0,0,0,0,0,0,0,False,0,,0,
control/csv/rrc_setup_complete.csv,1012,84783f66a0b008238c8b5e012762d1bc5e807a78b2dd62b23155f460e6ac8488,True,1,37,0,0,1,0.02702702702702703,1,0,0,0,0,0,0,0,False,0,,0,
control/csv/srs_resource_decisions.csv,2981,95b5317c750e955cce7ac2dcd0a3c5c3bbd1b65f8f40b8ceef25bb1d61635c53,True,2,23,0,0,0,0.0,0,0,0,0,0,0,0,0,False,0,,0,
control/csv/srs_table.csv,17576,6a2d3f6f6309d0a2ec38b95667596aa3879e6566118bc3aaa30c1e0728505bd3,True,2,368,0,0,23,0.03125,19,0,0,0,4,0,0,0,False,0,,0,
control/csv/srs_trials.csv,16516,d19f6d7ed7de75756456b6d3462dee3782d2b327856765e70a6411ec8113652f,True,2,359,0,0,39,0.054317548746518104,1,0,0,0,4,0,0,0,False,0,,0,
control/csv/ssb_pbch_table.csv,28635,5773c39ba93da92e794558ec620a83fd942ead66608f28be174cf6e77734e916,True,4,377,0,0,44,0.029177718832891247,36,0,0,0,8,0,0,0,False,0,,0,
control/csv/timing_synchronization_table.csv,7361,48897b163b0c2ae129907b4f4d3594c4d3d7021ae1f534cabd701d63ebffff1a,True,8,52,0,0,88,0.21153846153846154,72,0,0,0,0,0,0,0,False,0,,0,
control/csv/trs_receiver_tracking_table.csv,7156,87dc98a4065fd4d7507a6d380ccaa63a9a070392de0539f532a1fca733235197,True,5,63,0,0,60,0.19047619047619047,50,0,0,0,0,0,0,0,False,0,,0,
control/csv/trs_trials.csv,31044,4aed6137413bacd057949f7712658a087509fc97c50c5fac00e04cd7ba56524d,True,5,348,0,0,105,0.0603448275862069,0,0,0,0,10,0,0,0,False,0,,0,
frame_grid/csv/observed_re_allocation.csv,2588106,7d14cc416331edee1254e96c4219d3667a03fca6425e26468ae4355245f27b2e,True,2918,47,0,0,40510,0.2953786475726598,34674,0,0,0,0,0,0,0,False,0,,0,
geometry/csv/coordinate_system.csv,213,a210a3a6379be7d8c7a7ba54ed5d14ffc795e902d7abc1722d2e0d102051dfa7,True,1,6,0,0,0,0.0,0,0,0,0,0,0,0,0,False,0,,0,
geometry/csv/geometry_validation.csv,174,6b1c294a21e93e404c08f84d645b4fed9d2964b9e27d31a9cb44f0ecd17e40b1,True,1,4,0,0,0,0.0,0,0,0,0,0,0,0,0,False,0,,0,
geometry/csv/serving_cell_assignment.csv,3003,492e8afdd10ee4817e3dbf243a47135d7da411c272ecd50ca47b05105d6b8118,True,25,9,0,0,0,0.0,0,0,0,0,0,0,0,0,False,0,,0,
geometry/csv/site_positions.csv,54,aa09d236d713da65a4f9c47ddd96d5c3a9773a6d2a00e61fc802ab89d3e774d3,True,1,6,0,0,0,0.0,0,0,0,0,0,0,0,0,False,0,,0,
geometry/csv/topology_nodes.csv,391,79707ce1205aa114c689ee286af28f9cf8690802de095a1766632a94a123a6ab,True,2,15,0,0,10,0.3333333333333333,10,0,0,0,0,0,0,0,False,0,,0,
geometry/csv/trajectory_geometry.csv,8657,b914c41410c9b2e8ab86668d0958cc635249d3d5652652448d6fd12c6081fd64,True,25,29,0,0,0,0.0,0,0,0,0,0,0,0,0,False,0,,0,
geometry/csv/ue_initial_positions.csv,160,a736f1202ea5e26d4e71ee7064af2dae7c6fc819cccfe32247139b8bd7ed094e,True,1,7,0,0,0,0.0,0,0,0,0,0,0,0,0,False,0,,0,
harq/csv/harq_process_timeline.csv,5572,11df4d8ccae6058a8eddc9819669d034624a833abf3a4e40f179e0cc4c5ecee7,True,8,42,0,0,0,0.0,0,0,0,0,0,0,0,0,False,0,,0,
harq/csv/live_harq_observation_summary.csv,540,3c41054f12277f9130c25a0fc9b8748b6d1c28f893c7b7a0571f944306139ab3,True,2,13,0,0,0,0.0,0,0,0,0,0,0,0,0,False,0,,0,
harq/csv/live_harq_observation_timeline.csv,2487,a24ba8b0555a06e8dfd2d1203d978c36a9801772529393e3c020f57ac48225e7,True,8,31,0,0,2,0.008064516129032258,2,0,0,0,0,0,0,0,False,0,,0,
harq/csv/probe_harq_packets.csv,5572,11df4d8ccae6058a8eddc9819669d034624a833abf3a4e40f179e0cc4c5ecee7,True,8,42,0,0,0,0.0,0,0,0,0,0,0,0,0,False,0,,0,
harq/csv/probe_harq_summary.csv,11845,bacc73912f96696dc352e524be723aab1a02e5921955078affea784a8b256406,True,38,11,0,0,12,0.028708133971291867,12,0,0,0,0,0,0,0,False,0,,0,
meta/scenario_source_chain.csv,5081,abf49605c13f9ed57c9b7a2f9ab43d1d9da3dd29c4f383b07daf3357ec3b0b46,True,20,4,0,0,0,0.0,0,0,0,0,0,0,0,0,False,0,,0,
mobility/csv/channel_continuity_reconciliation.csv,291,757332eaede8b70e703ee92897878f519a2b91b147bbcc2d27b2993293f51691,True,1,13,0,0,1,0.07692307692307693,0,0,0,0,0,0,0,0,False,0,,0,
mobility/csv/doppler_reconciliation.csv,3812,0353d304b8f9bb034028bb432e930ebbdddc7ea9605548cbd3880568c6d18c1a,True,25,13,0,0,0,0.0,0,0,0,0,0,0,0,0,False,0,,0,
mobility/csv/inter_ue_distance_validation.csv,100,40ddc03b0409a4ff55eadc3555fa15a7d7429d4162e688ef5eda29c9d611c0a4,True,0,7,0,0,0,0.0,0,0,0,0,0,0,0,0,True,1,header_only_no_rows,0,
mobility/csv/pathloss_reconciliation.csv,4013,2b730beed11fd4a929adf087806f3d799ac55241703582a02015582070dc5ce9,True,25,17,0,0,0,0.0,0,0,0,0,0,0,0,0,False,0,,0,
mobility/csv/propagation_delay_reconciliation.csv,4406,7d18cf60edbfe6ebda78cff65ac8b7dfd60deaec918697dacc6530e99a24402a,True,25,11,0,0,0,0.0,0,0,0,0,0,0,0,0,False,0,,0,
mobility/csv/trajectory_constraint_conflicts.csv,85,18d74d836844ae3d2a2c38e0eb9da46d57b89549e465fd68881cfcdfe7d07820,True,0,5,0,0,0,0.0,0,0,0,0,0,0,0,0,True,1,header_only_no_rows,0,
mobility/csv/trajectory_resolution.csv,225,bf5ded09487ba11a03527b948ff77af3f92e3a0e8293c6351a5cd161ec0d0e94,True,1,7,0,0,0,0.0,0,0,0,0,0,0,0,0,False,0,,0,
mobility/csv/trajectory_segment_table.csv,362,4570789df9bb74a8e68f662fd50062a13529914b7160cef078699fea1b2912d1,True,1,16,0,0,0,0.0,0,0,0,0,0,0,0,0,False,0,,0,
packet_flow/csv/live_application_packet_delivery_ledger.csv,26752,56b2198ae32832b5c98ee1623d90d3b51f9ff5908d52a4fa2a3c8eb5ec3bc264,True,50,32,0,0,41,0.025625,26,0,0,0,0,0,0,0,False,0,,0,
packet_flow/csv/live_dl_scheduler_grants.csv,12957,33a589913a45ef16e639f4049ca9205dae35ffe05224b4ab8e398a604db17d81,True,6,136,0,0,13,0.015931372549019607,12,0,0,0,0,0,0,0,False,0,,0,
packet_flow/csv/live_packet_sdu_delivery_ledger.csv,23706,f605a60c6f850a48a6d71a3529b3a6bd1bec546ecaf5e53002ea7853435b4373,True,43,38,0,0,0,0.0,0,0,0,0,0,0,0,0,False,0,,0,
packet_flow/csv/live_prb_allocation.csv,4589,fb6a218fdf15713687f566c0b7f86445629890f236fcdbc1ef39c151e3bcfe63,True,8,39,0,0,80,0.2564102564102564,64,0,0,0,0,0,0,0,False,0,,0,
packet_flow/csv/live_pucch_grants.csv,9249,132ff39cda18e1e79be56093835b943d78748052dc01c7dab7bd9116424c865f,True,6,91,0,0,0,0.0,0,0,0,0,0,0,0,0,False,0,,0,
packet_flow/csv/live_scheduler_decision_log.csv,7580,d352ae088fe266dc875af32a768b65ff2f8c6af1c7494bf4b056cc07e77616ff,True,8,59,0,0,28,0.059322033898305086,22,0,0,0,0,0,0,0,False,0,,0,
packet_flow/csv/live_ul_scheduler_grants.csv,5987,3c2b50bf260b9638c65315c199ddd2f50b4f5b434b975d1ae0079053f3885792,True,2,135,0,0,11,0.040740740740740744,10,0,0,0,0,0,0,0,False,0,,0,
packet_flow/csv/scheduler_decision_log.csv,7580,d352ae088fe266dc875af32a768b65ff2f8c6af1c7494bf4b056cc07e77616ff,True,8,59,0,0,28,0.059322033898305086,22,0,0,0,0,0,0,0,False,0,,0,
packet_flow/csv/scheduler_ue_summary.csv,666,49b57bc7be390aee3133251e905ac7adce2fd2281388e89d3fda816fefb1167f,True,2,15,0,0,0,0.0,0,0,0,0,0,0,0,0,False,0,,0,
packet_flow/csv/slot_trace.csv,21256,64fd2d058a96c9cea463870b62a716383e99b5e20227f7a2c06b2566fc0ee268,True,25,62,0,0,99,0.06387096774193549,63,0,0,0,0,0,0,0,False,0,,0,
packet_flow/csv/table_scheduler_decision.csv,5348,1dd6f5545c56a61302945966d221c918703fccd025c73fe2db7b8225db93315d,True,8,46,0,0,81,0.22010869565217392,65,0,0,0,0,0,0,0,False,0,,0,
raw/evidence/raw_evidence_index.csv,8196,47bb2a1be3090ac58336cc0d058f07fe0931b2321c0dcb33a534bb290c914c3d,True,17,19,0,0,16,0.04953560371517028,0,0,0,0,0,0,0,0,False,0,,0,
raw/evidence/tables/rawtrials_csifeedbackreports.csv,10736,517cd805d89c8bddd849a382537b1b334810fe2dba705081c2cb3c5ef19d0f8c,True,8,90,0,0,161,0.22361111111111112,39,0,0,0,0,0,0,0,False,0,,0,
raw/evidence/tables/rawtrials_csirs.csv,7551,1e45728d1baf6333219762286b03bb2fd0ce6eab29c99d39b6c93f026d3a2174,True,2,136,0,0,18,0.0661764705882353,4,0,0,0,0,0,0,0,False,0,,0,
raw/evidence/tables/rawtrials_dl.csv,318636,c9e3383c66881725fcbb2c804453a4e79b288e7dd3b3219d352cefa48ba66ed2,True,6,998,0,0,1323,0.22094188376753507,885,0,0,0,24,0,0,0,False,0,,0,
raw/evidence/tables/rawtrials_dlconstellation.csv,2411722,0e61f6ecf0579f8085cd1c8de852b173bdb7acc669a3d8e6948dc22b1253e8a9,True,2314,69,0,0,0,0.0,0,0,0,0,0,0,0,0,False,0,,0,
raw/evidence/tables/rawtrials_initialaccesslifecycletracetable.csv,5611,18cfab97c16092e0b6588c6913b9de27b34c871eb980eafde69be343e2032016,True,8,38,0,0,48,0.15789473684210525,40,0,0,0,5,0,0,0,False,0,,0,
raw/evidence/tables/rawtrials_multiuserdl.csv,914,52752878a070337275fa24f3fdb737764a898c4ba702f6f79662e7efcd1c6942,True,1,34,0,0,0,0.0,0,0,0,0,0,0,0,0,False,0,,0,
raw/evidence/tables/rawtrials_multiuserul.csv,917,9cc48e079fa902429a61ea49fc6f285538a7c6f61d18ac40f9bade7535b83813,True,1,34,0,0,0,0.0,0,0,0,0,0,0,0,0,False,0,,0,
raw/evidence/tables/rawtrials_pbch.csv,81626,269280ca52409c2409264eccb8e2e38cc658147326bb109739a89468dd14bea0,True,4,962,0,0,1628,0.4230769230769231,1620,0,0,0,8,0,0,0,False,0,,0,
raw/evidence/tables/rawtrials_pdcch.csv,132528,0af39c23793e3b7083ba35d346dca3fe24d904ed78d395486f6e695c7f73b61c,True,8,967,0,0,2954,0.38185108583247157,2938,0,0,0,16,0,0,0,False,0,,0,
raw/evidence/tables/rawtrials_prach.csv,33620,ebf8ec27aa85f5d68617b49e71a518aba1d20b70fb643e0751f6094ec918be3b,True,1,949,0,0,328,0.34562697576396206,327,0,0,0,2,0,0,0,False,0,,0,
raw/evidence/tables/rawtrials_prachcorrelationtrace.csv,829,ba6ef93d4419570f3e8922eed48a503ef888b25d5d11d4d4b5688d8ce9133d04,True,1,37,0,0,5,0.13513513513513514,4,0,0,0,0,0,0,0,False,0,,0,
raw/evidence/tables/rawtrials_pucch.csv,23022,e68fc48c6e45a06760372ec9e3e989784e280a44ce47e0e0e8061b110e8a1873,True,6,194,0,0,66,0.05670103092783505,66,0,0,0,12,0,0,0,False,0,,0,
raw/evidence/tables/rawtrials_referencesignalmeasurements.csv,6884,3df43781d8ab5cfd215b655423e94a5d3e36069c8632c95ed294b771e82c93da,True,17,25,0,0,51,0.12,51,0,0,0,0,0,0,0,False,0,,0,
raw/evidence/tables/rawtrials_srs.csv,47700,ca186fa9245bf267deb8c540520b09340477dd479c54760ea2523e8e04d6f698,True,2,963,0,0,827,0.42938733125649015,823,0,0,0,4,0,0,0,False,0,,0,
raw/evidence/tables/rawtrials_trs.csv,89319,31c0d66aa58f87a251eddc78ea123710c645f88f88f79c62420a413f58048be3,True,5,952,0,0,2095,0.44012605042016806,2085,0,0,0,10,0,0,0,False,0,,0,
raw/evidence/tables/rawtrials_ul.csv,47349,4891d06861cd02a6b5530792260fde31af5159354d43d1e3c7c0397e4d4d52b7,True,2,988,0,0,471,0.23836032388663966,337,0,0,0,8,0,0,0,False,0,,0,
raw/evidence/tables/rawtrials_ulconstellation.csv,1066904,4de5361b86e3ceecac67e4a6a643cc3aed782706bec8a0e81904586e30eb54c3,True,1024,69,0,0,0,0.0,0,0,0,0,0,0,0,0,False,0,,0,
reports/csv/access_kpi_reconciliation.csv,261,1b6306f2d2353ffa3afcdc000a2e85968b032da892ebd96d66fa39ce6a8c4de3,True,1,9,0,0,1,0.1111111111111111,0,0,0,0,0,0,0,0,False,0,,0,
reports/csv/access_state_timeline.csv,659,a98e54ae37e580c116cd4813bcdf6c6e849c129e51e7204eff6d4099455d84f3,True,2,16,0,0,2,0.0625,2,0,0,0,0,0,0,0,False,0,,0,
reports/csv/access_transition_ledger.csv,1415,dda73b3f53fe6b37c4e39d87c163e25863878d0199a8851e486043d403ec415e,True,2,38,0,0,9,0.11842105263157894,9,0,0,0,0,0,0,0,False,0,,0,
reports/csv/active_issue_gate_summary.csv,198,aff9a9f1debe455322539b1832ad5d8a6da5ac9f1fd5aa2495c63c79e03e94c0,True,0,16,0,0,0,0.0,0,0,0,0,0,0,0,0,True,1,header_only_no_rows,0,
reports/csv/aggregated_reporting_outputs.csv,6631,3943143292a691a185f5d1517ca78e886f1dc268889f80a401feec927bb0aa8c,True,18,14,0,0,41,0.1626984126984127,18,0,0,0,0,0,0,0,False,0,,0,
reports/csv/ai_confidence_trace.csv,306,ad36f8671651ce2f4c5e25e97e972999abf0d063b45c00fbbcf9c3a8ff8bcbb9,True,1,9,0,0,0,0.0,0,0,0,0,0,0,0,0,False,0,,0,
reports/csv/ai_ml_outputs.csv,10789,4e2d5291a57b0f6506a1c9d7721ecb5d7ba4edd33137eb733e980025122018f4,True,32,14,0,0,26,0.05803571428571429,13,0,0,0,3,0,3,0,False,0,,0,
reports/csv/all_csv_artifact_audit.csv,1712470,177731c26d697f05207f199de44815db66b751faef1b9f1fe9b6095cc4958d56,True,982,19,0,0,2116,0.11340979740593847,0,0,0,0,194,2,124,95,False,0,,0,
reports/csv/all_image_artifact_audit.csv,163783,bf92852f381cad03ff724eda81d4f4e31301880f62864e1f7e3d37ca7471e108,True,287,18,0,0,574,0.1111111111111111,0,0,0,0,3,0,6,3,False,0,,0,
reports/csv/antenna_array_reconciliation.csv,455,524b4920d765d4f6cd1e05674cc04ba8095121c17b8fff5ded227a7e78c1188a,True,2,12,0,0,2,0.08333333333333333,0,0,0,0,0,0,0,0,False,0,,0,
reports/csv/antenna_config_resolved.csv,896,ca36e77c600af8c5720b1ec34b761d8fb3abee37e758d742e0d71d857a6a2432,True,2,21,0,0,4,0.09523809523809523,4,0,0,0,0,0,0,0,False,0,,0,
reports/csv/antenna_pattern_samples.csv,3139447,9c719d3507d10b3de4feafe4a2f9e4d4cf345b4f0746f7ce7a312fc9e621618b,True,5402,24,0,0,5402,0.041666666666666664,5402,0,0,0,0,0,0,0,False,0,,0,
reports/csv/antenna_runtime_evidence.csv,11435,15e8849340eba66f3ad2849e73ad7df8492e9d713ff9fbcf46a97249577f3f6d,True,8,71,0,0,34,0.05985915492957746,34,0,0,0,0,0,0,0,False,0,,0,
reports/csv/api_exposure_audit_table.csv,72571,d12e49be67d9bfa88bab35921d9b4b4596ec59e461675f0805e9dc10c17650c4,True,124,35,0,0,1984,0.45714285714285713,1612,0,0,0,1,0,0,0,False,0,,0,
reports/csv/artifact_completeness_summary.csv,294,2577ee1218570b064eb1303c5364ec6f0d868cc4d75f9219eafb21f37736de63,True,1,8,0,0,2,0.25,0,0,0,0,0,0,0,0,False,0,,0,
reports/csv/artifact_inventory.csv,98451,2661104ec352381bd45e3e582434976a570ae7beccdaff116d223a77c922c8d3,True,779,11,0,0,0,0.0,0,0,0,0,5,0,1,0,False,0,,0,
reports/csv/artifact_issue_registry.csv,52640,c98c37bb84696a258042f29450fb8e8e541a695f63d0bcf48d0f20024f87e82b,True,412,6,0,0,0,0.0,0,0,0,0,3,0,2,1,False,0,,0,
reports/csv/baseline_candidate_delta_tables.csv,219,c9d4bb23a02ba2ba2983e39ca5aba9130f00efea4dce084aa8733188735263fe,True,1,4,0,0,0,0.0,0,0,0,0,0,0,0,1,False,0,,0,
reports/csv/basic_phy_performance_outputs.csv,14383,85f27a3471e54ecc731adb6ba3c698d491845a23e8005bc220554467188beaa2,True,51,14,0,0,26,0.036414565826330535,5,0,0,0,0,0,0,0,False,0,,0,
reports/csv/beam_management_outputs.csv,38528,9caf158b9bbf7bacc9aefe77ab55f2b1dc057be0825bc02e275ca37608185211,True,70,14,0,0,4,0.004081632653061225,2,0,0,0,0,0,0,0,False,0,,0,
reports/csv/beam_stability_analytics_table.csv,955,fee7263bb0e721fbd676fda160c1b9a21e0e55c942fdb301dfa782a3115adfbd,True,1,33,0,0,14,0.42424242424242425,11,0,0,0,0,0,0,0,False,0,,0,
reports/csv/blerber_reconciliation.csv,127,8fdeab5e74eb103e58d7609dd21df82c6048071388c2f74ec4abab4f007c1e6a,True,1,7,0,0,1,0.14285714285714285,0,0,0,0,0,0,0,0,False,0,,0,
reports/csv/browser_config_surface_matrix.csv,886824,d2d0d6afe047d73e70a5851724d7b8af2538c963806ba65f2cd33b0473e07a8f,True,2346,17,0,0,8332,0.20891630309412768,0,0,0,0,36,0,10,4,False,0,,0,
reports/csv/browser_runtime_db_consistency.csv,39836,55c6325b1795c3fac1eccde7000ad07af861954f82cc1e9d3b229eaa763ae2df,True,112,12,0,0,116,0.08630952380952381,0,0,0,0,0,0,0,0,False,0,,0,
reports/csv/campaign_evidence_audit.csv,701,9cd5abd5390193b5808c2872ff5ae9509def06b03d07d95c831207f683ec2dca,True,10,5,0,0,0,0.0,0,0,0,0,0,0,0,0,False,0,,0,
reports/csv/canonical_kpi_ledger.csv,381,64a8d2ced704e9d1c057277ae2afe56f4bbc0d683edd7f44b92d04fd33b026ee,True,1,13,0,0,1,0.07692307692307693,0,0,0,0,0,0,0,0,False,0,,0,
reports/csv/case_status.csv,3378,fb5613cef0f74230c6ddd8dc87f2e05dd787403d9c1a86d9c43d2bacce70a84a,True,13,6,0,0,0,0.0,0,0,0,0,0,0,0,0,False,0,,0,
reports/csv/causal_phy_chain_audit.csv,19884,d9d22c0597cb16d719d5558de2d17d8f45baea66c33aa11e70d3bc12113592da,True,28,37,0,0,61,0.05888030888030888,0,0,0,0,4,0,0,0,False,0,,0,
reports/csv/causal_phy_chain_gate.csv,297,9f7c49109a8fc6abecfd5b2839087bdfe5e4fcdfe30271991376771d857f46de,True,1,11,0,0,1,0.09090909090909091,0,0,0,0,0,0,0,0,False,0,,0,
reports/csv/causal_phy_parameter_authority.csv,34856,e156d91b1700c65fe81cb321d672bfab28c0a0793f6bcc40a42a72c86f0b1f4c,True,85,22,0,0,275,0.14705882352941177,0,0,0,0,0,0,0,0,False,0,,0,
reports/csv/cfo_reconciliation.csv,502,4e6f929c0ffccbc6eef2550da3adeba5ee265f68270111407bc298563483aa52,True,2,12,0,0,0,0.0,0,0,0,0,0,0,0,0,False,0,,0,
reports/csv/cfo_to_tracking_traces.csv,4501,4d9ed93c5f9e6c1ddc77cdbe96821192143e4c5d117d74419cde4d7483a49afc,True,19,30,0,0,106,0.18596491228070175,87,0,0,0,0,0,0,0,False,0,,0,
reports/csv/channel_array_consistency.csv,3240,2bfb6e643020fac705338a6622cee5b28a160e2742be66ba420645cf658c2bd6,True,2,46,0,0,8,0.08695652173913043,0,0,0,0,0,0,0,0,False,0,,0,
reports/csv/channel_estimation_tracking_outputs.csv,19991,2ebdd28e72fa2ac974d85c1d4ba3d746b2be0b8f3162dc000bddfec9d0d64e71,True,87,14,0,0,78,0.06403940886699508,0,0,0,0,0,0,0,0,False,0,,0,
reports/csv/channel_impulse_response.csv,17309,6fbe4bfa819afbbbde1631b80a190fa4507abee11772a901dcc7980853bc48d0,True,46,31,0,0,0,0.0,0,0,0,0,0,0,0,0,False,0,,0,
reports/csv/channel_realization_reconciliation.csv,428,25f351f6900a4c851e9ce47b94cea4bc26b0b6f7386698f62b8e04bb223cd088,True,2,13,0,0,2,0.07692307692307693,0,0,0,0,0,0,0,0,False,0,,0,
reports/csv/channel_rf_reconciliation.csv,172,651aab3c93d4c0e54e561df078fef7f78ce2e675f1e38c7229b3e0bb1e19f96d,True,1,10,0,0,0,0.0,0,0,0,0,0,0,0,0,False,0,,0,
reports/csv/channel_snapshots.csv,4002,e1fe8e2f781d2289129cff4743b34fe95c90468b6566ac7c968ba6b4cce56c56,True,20,19,0,0,78,0.20526315789473684,78,0,0,0,0,0,0,0,False,0,,0,
reports/csv/chart_source_registry.csv,7526,738def0c42f6748bd42ca9edfad259b1539b899f16d4b8955aedcc0b75af04d3,True,27,10,0,0,0,0.0,0,0,0,0,0,0,0,0,False,0,,0,
reports/csv/checkpoint_resume_equivalence.csv,401,d64643e03d02eb08f0d59580f82aa8b62087455f4a059ba304676682aeddc488,True,1,9,0,0,0,0.0,0,0,0,0,0,0,0,0,False,0,,0,
reports/csv/coding_decoder_outputs.csv,16319,c149be637abac106c0f76d801919870d89257a80dee559b3c1af21774e48d44c,True,69,14,0,0,63,0.06521739130434782,4,0,0,0,14,0,0,0,False,0,,0,
reports/csv/compare_run_prerequisites.csv,2686,aa2d7f24ec44a347e98ee318dca9c27d7bafb02cbfe5b2b2efe22f9bb68f69dc,True,3,35,0,0,48,0.45714285714285713,39,0,0,0,0,0,0,0,False,0,,0,
reports/csv/complexity_implementation_outputs.csv,28962,38a1066fa9965d134cb6a149fcabbcc02ad5552547c0f8de4d57e16581882c34,True,60,14,0,0,0,0.0,0,0,0,0,0,0,0,0,False,0,,0,
reports/csv/config_exposure_summary.csv,48225,e88c62f87730d856ed229d8e4a0256dbc8aaaabcf6087a68dfd58968717fe0b1,True,112,14,0,0,0,0.0,0,0,0,0,0,0,1,0,False,0,,0,
reports/csv/config_ownership_matrix.csv,58232,1e3a59349eaa66434a4c1b106f8e7262fb91f6628a2df7b3b27d1242280cf1d7,True,112,18,0,0,4,0.001984126984126984,0,0,0,0,0,0,1,0,False,0,,0,
reports/csv/config_roundtrip_verification.csv,114689,cc9d42e2d4baf237b46d4849dcb2f330cd6d1f95c904c1d1d0c4967cbf576cca,True,112,42,0,0,687,0.14604591836734693,0,0,0,0,0,0,1,0,False,0,,0,
reports/csv/config_status_summary.csv,1407,9495759e44aa7fc30379edc4d97132830756ac6227147d45cded8c2a0e062bb3,True,12,5,0,0,0,0.0,0,0,0,0,0,0,0,0,False,0,,0,
reports/csv/configured_effective_operating_point.csv,2860,12f460ebb42f1fe3b30cd5d2dfd440cb2254853a7a09fdb6f8b175086498f943,True,8,30,0,0,8,0.03333333333333333,8,0,0,0,0,0,0,0,False,0,,0,
reports/csv/conformance_matrix_runtime_audit.csv,1197,2aa88699b5df59b2158c450cd9df199691c8008a0cb384d68074cc827667cd15,True,9,16,0,0,9,0.0625,0,0,0,0,0,0,0,0,False,0,,0,
reports/csv/contract__air-interface-frame-slot-symbol-grid__coreset-search-space-occupancy-chart.csv,2422,f7fb6584946ccfc1672db580f031db24fac0ed084f5cf3fe9b862679018a2392,True,8,15,0,0,16,0.13333333333333333,0,0,0,0,0,0,0,0,False,0,,0,
reports/csv/contract__air-interface-frame-slot-symbol-grid__dl-ul-guard-slot-pattern-chart.csv,6217,62da5b146e9813e53f55d35f9db35c9fb3c9ce52311e5b440d23c649c8c35de9,True,25,15,0,0,50,0.13333333333333333,0,0,0,0,0,0,0,0,False,0,,0,
reports/csv/contract__air-interface-frame-slot-symbol-grid__frame-slot-symbol-occupancy-timeline.csv,6217,991f2b2396c83ba30697a92647499dc024d3b7a8cab7fb5b1c71bdf9798b50c9,True,25,15,0,0,50,0.13333333333333333,0,0,0,0,0,0,0,0,False,0,,0,
reports/csv/contract__air-interface-frame-slot-symbol-grid__prach-occasion-timeline.csv,685,33d3776de4d3dca8457f1a239d25c9bfbbb47cd2e8843a440727435ffcdc4aed,True,1,26,0,0,2,0.07692307692307693,0,0,0,0,0,0,0,0,False,0,,0,
reports/csv/contract__air-interface-frame-slot-symbol-grid__prb-heatmap.csv,8324,1d2872dc1284794a4db754e92922bd98e0272cef275be8a4082a6c6e9f73d5a7,True,102,8,0,0,0,0.0,0,0,0,0,0,0,0,0,False,0,,0,
reports/csv/contract__air-interface-frame-slot-symbol-grid__re-occupancy-heatmap.csv,241695,ab439953f965e5672f06aad9a05831e0c81ddbcf5e43232f8968a348f92fa0c4,True,2226,12,0,0,0,0.0,0,0,0,0,0,0,0,0,False,0,,0,
reports/csv/contract__air-interface-frame-slot-symbol-grid__ssb-occasion-timeline.csv,424,8d1c66e7a72253909e03881c1571bfa4e2c81cc8bc33f2b2fd9264b2b2389b7e,True,1,15,0,0,2,0.13333333333333333,0,0,0,0,0,0,0,0,False,0,,0,
reports/csv/contract__beamforming-precoding-mimo-massive-mimo__beam-gain-gap-histogram.csv,1121,cf34ca94592e00c63cff20132cddc9891e7dfbe4997e7a0e686c9f7b58a53397,True,12,5,0,0,0,0.0,0,0,6,0,0,0,0,0,False,0,,0,
reports/csv/contract__beamforming-precoding-mimo-massive-mimo__beam-hit-rate-timeline.csv,505,2ab5b3d6eed47908352449822bf8bb390c54700abdba3fcc3b0a56014202d274,True,6,6,0,0,0,0.0,0,0,0,0,0,0,0,0,False,0,,0,
reports/csv/contract__beamforming-precoding-mimo-massive-mimo__condition-number-distribution.csv,650,51494b522ec62ed0438ce2aaa61b9279b9d5083f0ef84b372eb54d2796ccf9ff,True,6,5,0,0,0,0.0,0,0,4,0,0,0,0,0,False,0,,0,
reports/csv/contract__beamforming-precoding-mimo-massive-mimo__mu-grouping-summary.csv,441,885efe221bc1bff276ffe9a76ba14eed84195d37c328b7255d7cb35e3c7f584c,True,1,15,0,0,2,0.13333333333333333,0,0,0,0,0,0,0,0,False,0,,0,
reports/csv/contract__beamforming-precoding-mimo-massive-mimo__precoder-mode-distribution.csv,295,ecbc2f6471aaa646b152fe3b959aa7236bdedf6794793ffef135f0b33ac259f7,True,2,6,0,0,0,0.0,0,0,0,0,0,0,0,0,False,0,,0,
reports/csv/contract__beamforming-precoding-mimo-massive-mimo__rank-distribution.csv,148,9e61247ce323fe6853b98feef7a9ab7c58afdf93b1917a8af73aff511646bec4,True,1,6,0,0,0,0.0,0,0,0,0,0,0,0,0,False,0,,0,
reports/csv/contract__beamforming-precoding-mimo-massive-mimo__selected-vs-best-beam-timeline.csv,1889,fdc2041401fac1e290d573f82e2a4cb506bc869e986a6ee2c2e4cafc4500465f,True,18,7,0,0,0,0.0,0,0,0,0,0,0,0,0,False,0,,0,
reports/csv/contract__channel-interference-impairments__cfo-true-vs-estimated-vs-residual.csv,2457,4a84d888eacc5b45481b1455c87823e6c905d636201cb7a4fcce2099cdf24305,True,17,12,0,0,4,0.0196078431372549,0,0,0,0,0,0,0,0,False,0,,0,
reports/csv/contract__channel-interference-impairments__channel-heatmap-artifact-links.csv,3202612,686e2d1a6571c5e04ad61be1a791404c0fe54fbe199d98f8ef550187f7469949,True,8400,27,0,0,17428,0.07684303350970018,9028,0,0,0,0,0,0,0,False,0,,0,
reports/csv/contract__channel-interference-impairments__channel-quality-timeline.csv,2621,60dbd42ec1604e8570f3313c364fccadcfd9ba9001ea3fc9f2a6e408f6661616,True,8,15,0,0,16,0.13333333333333333,0,0,0,0,0,0,0,0,False,0,,0,
reports/csv/contract__channel-interference-impairments__pathloss-shadowing-distributions.csv,1747,7111bc315aeb0404fbfeeb7890a5275eaf1dffdea432dd0658c6eb0681fd5500,True,12,8,0,0,0,0.0,0,0,0,0,0,0,0,0,False,0,,0,
reports/csv/contract__channel-interference-impairments__timing-offset-true-vs-estimated-vs-residual.csv,705,1ab10ebac124d0b8a8d42f34c3811514747a58710a5ff8be0118bcabb1d16801,True,1,26,0,0,2,0.07692307692307693,0,0,0,0,0,0,0,0,False,0,,0,
reports/csv/contract__csi-rs__csi-rs-latency-trend.csv,260,be1a478c5fc38bc42c80c81bc689f1f012ef4636b8c1d46564a5c4cf93dc1b6f,True,2,6,0,0,0,0.0,0,0,0,0,0,0,0,0,False,0,,0,
reports/csv/contract__csi-rs__csi-rs-resource-occupancy.csv,2935,3ffdaea2b4bdfc00268f45e04c31dc868ad49c15143b8d30a0436304331a7951,True,25,11,0,0,0,0.0,0,0,0,0,0,0,0,0,False,0,,0,
reports/csv/contract__csi-rs__port-usage-chart.csv,2214,3c534bb4dc9804fd3cf165254ccac052256895fc1677c6e5cd9fb8e18ebb16a7,True,8,15,0,0,16,0.13333333333333333,0,0,0,0,0,0,0,0,False,0,,0,
reports/csv/contract__dl-control-phy-pdcch__aggregation-level-distribution.csv,264,64322e20e160aec20b2ab11c2a2cdc3abe6470c43cf21939371f3e67b1b3848a,True,2,6,0,0,0,0.0,0,0,0,0,0,0,0,0,False,0,,0,
reports/csv/contract__dl-control-phy-pdcch__cce-usage-heatmap.csv,788,1097389a5fad41367a62e5c7412d1ca4297a821385508085a7dedfb51580a296,True,8,8,0,0,0,0.0,0,0,0,0,0,0,0,0,False,0,,0,
reports/csv/contract__dl-control-phy-pdcch__pdcch-decode-success-failure-trend-if-applicable.csv,971,33862e58a8485e64aec249159be97e024b4b5d82d6ccb76234f680891629f1dd,True,8,6,0,0,0,0.0,0,0,0,0,0,0,0,0,False,0,,0,
reports/csv/contract__dl-control-phy-pdcch__pdcch-dmrs-occupancy.csv,757,4729563f2cffa7efb60131512ed671bc24c9c808f0b4436e789f00190ad9a168,True,8,7,0,0,0,0.0,0,0,0,0,0,0,0,0,False,0,,0,
reports/csv/contract__dl-control-phy-pdcch__pdcch-stage-latency-waterfall.csv,1537,e06290da6f04d8b7e26c695727df36447d1c76d4929967f80bb1578f442a62e8,True,16,6,0,0,0,0.0,0,0,0,0,0,0,0,0,False,0,,0,
reports/csv/contract__fixed-snr-sinr-sweep-validation__dl-ber-vs-snr.csv,585,9c07bb48e7012cfd918c49f343c639c3b7015027ad0fee90edebd9a87a2e2f5f,True,6,6,0,0,0,0.0,0,0,0,0,0,0,0,0,False,0,,0,
reports/csv/contract__fixed-snr-sinr-sweep-validation__dl-bler-vs-snr.csv,592,df754462e050de7d6c1816447fe9b3e9bb81cdc3fa5e14fb78c5f0910c89719e,True,6,6,0,0,0,0.0,0,0,0,0,0,0,0,0,False,0,,0,
reports/csv/contract__fixed-snr-sinr-sweep-validation__measured-sinr-vs-configured-snr.csv,1319,d75ec9e0954149a6659c96e0efe59ee9c38aab13c63f2b9c612715d8d2f4e267,True,8,6,0,0,0,0.0,0,0,0,0,0,0,0,0,False,0,,0,
reports/csv/contract__fixed-snr-sinr-sweep-validation__throughput-vs-snr.csv,1119,88a3f406a0e63824d3d9421dd59d309ceb22d7a6742292bde3bbc1e3f8dd7e67,True,8,6,0,0,0,0.0,0,0,0,0,0,0,0,0,False,0,,0,
reports/csv/contract__fixed-snr-sinr-sweep-validation__ul-ber-vs-snr.csv,253,8b89a296d7ed2fd985ddcd674b912b08afc45e41a51e4d3ba02e92453b5f3f41,True,2,6,0,0,0,0.0,0,0,0,0,0,0,0,0,False,0,,0,
reports/csv/contract__fixed-snr-sinr-sweep-validation__ul-bler-vs-snr.csv,256,2de3f3cea48f755ff22d03fc506cffe7e70b91bacee453a1374e65570d54f2af,True,2,6,0,0,0,0.0,0,0,0,0,0,0,0,0,False,0,,0,
reports/csv/contract__generic-investigator-views__config-vs-measured-conflict-dashboard.csv,872,be023fd11e3ebfb4fba8c032f4e50bbe6f4f7d09648f6788e9c62158c1a7a9f7,True,2,15,0,0,4,0.13333333333333333,0,0,0,0,0,0,0,0,False,0,,0,
reports/csv/contract__generic-investigator-views__investigator-stage-lineage-graph.csv,8459,f3465dc175ca822be04056ebdd71f237096659cce1fb65bed603a479c0df8c87,True,83,7,0,0,0,0.0,0,0,0,0,0,0,0,0,False,0,,0,
reports/csv/contract__generic-investigator-views__partial-or-missing-data-dashboard.csv,1582,02a51c70e84af42cf160ff1f4b80849758bc3c2eb3e1e24600e7ba4252d015a3,True,5,15,0,0,10,0.13333333333333333,0,0,0,0,0,0,0,0,False,0,,0,
reports/csv/contract__generic-investigator-views__truth-violation-rollup.csv,442,8f70e2301ee127ac074a22bfb7ff42dbe4d1806d029574ef3f02b81cc133e86a,True,1,15,0,0,2,0.13333333333333333,0,0,0,0,0,0,0,0,False,0,,0,
reports/csv/contract__generic-investigator-views__value-semantics-coverage-chart.csv,1962,bef6f7353fa8555d21a22864e4f93b178bcd54372367c7c749654702cf67b76b,True,6,15,0,0,12,0.13333333333333333,0,0,0,0,0,0,0,0,False,0,,0,
reports/csv/contract__geometry-mobility-validation__doppler-vs-slot.csv,2446,fca286222637485946430a08597d1bde9173baf18b2cc4330c570ad1fd3ffba1,True,25,7,0,0,0,0.0,0,0,0,0,0,0,0,0,False,0,,0,
reports/csv/contract__geometry-mobility-validation__measured-sinr-vs-slot.csv,1983,eb77fe1ca80bfb4e03f39625187d16afc03b6f2a21d1cff376b2624304e8f445,True,6,15,0,0,12,0.13333333333333333,0,0,0,0,0,0,0,0,False,0,,0,
reports/csv/contract__geometry-mobility-validation__topology-map.csv,271,24448244930fe00f6b76c54a82e696efd39c0431a0a98fabb1a0d16b291cf9fb,True,2,8,0,0,0,0.0,0,0,0,0,0,0,0,0,False,0,,0,
reports/csv/contract__geometry-mobility-validation__ue-trajectory-xy.csv,2906,1f600a3419ff49fd04cbe8fae014a1a0a2c24df990bb6711088cc79cb2a6ca3c,True,25,8,0,0,0,0.0,0,0,0,0,0,0,0,0,False,0,,0,
reports/csv/contract__gnb-side-state-thread-coordinator-phy-mac-api__orchestration-latency-chart.csv,2831,5285d7ef4b2e817e3c44c9370d29bb795f2f6d338b8c88327d4996e63956ddf3,True,20,8,0,0,0,0.0,0,0,0,0,0,0,0,0,False,0,,0,
reports/csv/contract__gnb-side-state-thread-coordinator-phy-mac-api__per-cell-context-health-timeline.csv,471,aadd8c8b5950c2424170bdc3686d38eb7fb1a82620867b7e8411a46ae3bf4766,True,1,15,0,0,2,0.13333333333333333,0,0,0,0,0,0,0,0,False,0,,0,
reports/csv/contract__harq-ack-nack-retransmission__ack-nack-timeline.csv,1798,4ea4d4f5a58012e7c8ee20f49d4d7ab8ba823fb465ede32b29c9ee26563cb37a,True,8,15,0,0,16,0.13333333333333333,0,0,0,0,0,0,0,0,False,0,,0,
reports/csv/contract__harq-ack-nack-retransmission__combining-gain-histogram.csv,412,d7ec13faf540e05b4434fc526d5a33cc242ebe774225314648904b68cf734f4c,True,1,15,0,0,2,0.13333333333333333,0,0,0,0,0,0,0,0,False,0,,0,
reports/csv/contract__harq-ack-nack-retransmission__harq-process-timeline.csv,2046,2620c1e159df0ab8506aa1e174b13f359ec5cf511cd56a8293c51038ec94c326,True,8,15,0,0,16,0.13333333333333333,0,0,0,0,0,0,0,0,False,0,,0,
reports/csv/contract__harq-ack-nack-retransmission__residual-bler-by-harq-process.csv,859,5086accd2cf9fdbb2323af4e5ef1fbb89100893d6591c590fa503236ce76e74f,True,3,15,0,0,6,0.13333333333333333,0,0,0,0,0,0,0,0,False,0,,0,
reports/csv/contract__harq-ack-nack-retransmission__retransmission-count-histogram.csv,426,6207fff1c50cbe8b9cf4f5a5ce4e926acb0d042b1fdfe36b437200f7560a512d,True,1,15,0,0,2,0.13333333333333333,0,0,0,0,0,0,0,0,False,0,,0,
reports/csv/contract__harq-ack-nack-retransmission__rv-usage-distribution.csv,387,84554c474cf4859de316c0b09ae6a95caa9c797c3e3c4015591afb42a2beec02,True,1,15,0,0,2,0.13333333333333333,0,0,0,0,0,0,0,0,False,0,,0,
reports/csv/contract__measurements-csi-link-adaptation-inputs__applied-vs-measured-runtime-snr-sinr-comparison.csv,1447,7db7e76e877b0d268d2cf70b696082dcfae2db8cccf78b37fea149b8714ea65d,True,8,6,0,0,0,0.0,0,0,0,0,0,0,0,0,False,0,,0,
reports/csv/contract__measurements-csi-link-adaptation-inputs__config-vs-measured-conflict-dashboard.csv,872,756addfb384701845d2a4fc5d6291587beac4fbc7218e41b64743344d6033e6e,True,2,15,0,0,4,0.13333333333333333,0,0,0,0,0,0,0,0,False,0,,0,
reports/csv/contract__measurements-csi-link-adaptation-inputs__cqi-pmi-ri-cri-timeline.csv,2262,0b49137f279a1bd385217bfd1f70381edfa7bbe7b4d7620d6021b028943d0f3f,True,8,15,0,0,16,0.13333333333333333,0,0,0,0,0,0,0,0,False,0,,0,
reports/csv/contract__measurements-csi-link-adaptation-inputs__measurement-source-coverage-chart.csv,2546,c2bc11d426a1ce0c12c08050a0d527259ef956a30a87f3ff722ac70f50087916,True,8,15,0,0,16,0.13333333333333333,0,0,0,0,0,0,0,0,False,0,,0,
reports/csv/contract__measurements-csi-link-adaptation-inputs__rsrp-csi-rsrp-timeline.csv,7094,4a71071244c2f6f9ee2ff8487bd02cc1016adb2088818d1e9e0dc361cc2ef7d7,True,25,15,0,0,50,0.13333333333333333,0,0,0,0,0,0,0,0,False,0,,0,
reports/csv/contract__pdsch-dl-data-chain__code-block-count-histogram.csv,946,a95dc66691b9fd175fd3b536352a0ac07b2323f7484beb652627ba69c8ba3613,True,3,15,0,0,6,0.13333333333333333,0,0,0,0,0,0,0,0,False,0,,0,
reports/csv/contract__pdsch-dl-data-chain__dl-resource-grid-heatmap.csv,11180,8aa08dbb7ab2101d1d71e329c4575f6850d7e11e5f060546d74b6b63d1f519cf,True,102,8,0,0,0,0.0,0,0,0,0,0,0,0,0,False,0,,0,
reports/csv/contract__pdsch-dl-data-chain__dmrs-ptrs-occupancy-plot.csv,1037,a0541e67225356f3fd46ce4a613c5e8e235a95cdb447c2df9b9c80d824b78fa8,True,8,12,0,0,0,0.0,0,0,0,0,0,0,0,0,False,0,,0,
reports/csv/contract__pdsch-dl-data-chain__ldpc-stage-latency-waterfall.csv,842,6d03506e3a1a7abdecb76a59c00ace3caf0d04c081ee97dd7e6077627f8dbe41,True,8,6,0,0,0,0.0,0,0,0,0,0,0,0,0,False,0,,0,
reports/csv/contract__pdsch-dl-data-chain__mcs-code-rate-timeline.csv,1856,6af5ac1e8ec220e98dabe565dc3939354b74d21bfad8a6568a6d4537b4a8dcbf,True,6,15,0,0,12,0.13333333333333333,0,0,0,0,0,0,0,0,False,0,,0,
reports/csv/contract__pdsch-dl-data-chain__precoder-beam-selection-timeline.csv,2382,1bf8b8c2cc908f0baa6608722e7af4ba7c481369814fac0913061c791684b4bc,True,8,15,0,0,16,0.13333333333333333,0,0,0,0,0,0,0,0,False,0,,0,
reports/csv/contract__pdsch-dl-data-chain__tb-size-over-time.csv,1925,134c96b8967349f674ff1f3cb050a68e8a4cc86eacbb7f8e21f3b0bd15c709e0,True,6,15,0,0,12,0.13333333333333333,0,0,0,0,0,0,0,0,False,0,,0,
reports/csv/contract__persistence-export-consistency-browser-health__consistency-failure-trend.csv,13138,209b4fce58d060e2e9f34376ee1d0d87f5947d6cdfcf2780d685c37c4cbea44b,True,130,7,0,0,0,0.0,0,0,0,0,0,0,0,0,False,0,,0,
reports/csv/contract__persistence-export-consistency-browser-health__duplicate-write-count-trend.csv,73104,cb213a4e21488b737c33d8cf0e035a5401ca30a12cf50aa772a54c0c75614494,True,779,7,0,0,0,0.0,0,0,0,0,0,0,0,0,False,0,,0,
reports/csv/contract__power-energy-thermal-compute-runtime__efficiency-scatter-plots.csv,4935,c90715be49422f01504931ff629805fab02d5a4feaef3559f4112352767ce003,True,29,11,0,0,0,0.0,0,0,0,0,0,0,0,0,False,0,,0,
reports/csv/contract__power-energy-thermal-compute-runtime__energy-per-bit-over-time.csv,1353,2dc0d5f433fcdb35b6949aed6c4ef74963c0b252b746bf8d5653fd20049e673f,True,4,15,0,0,8,0.13333333333333333,0,0,0,0,0,0,0,0,False,0,,0,
reports/csv/contract__power-energy-thermal-compute-runtime__joules-gb-over-time.csv,1246,9028f1b9c4e1f8e580be722ff58cde4ef7ea42e6fbc5686bfffcf6fc8ff0cc06,True,4,15,0,0,8,0.13333333333333333,0,0,0,0,0,0,0,0,False,0,,0,
reports/csv/contract__power-energy-thermal-compute-runtime__latency-breakdown-stacked-chart.csv,2911,221aff725fe01e76693c7080c94e975c439d6570119332ec6b56d61053d3d0db,True,20,8,0,0,0,0.0,0,0,0,0,0,0,0,0,False,0,,0,
reports/csv/contract__power-energy-thermal-compute-runtime__papr-distribution.csv,1541,9d235728a2a8f9e1561f03480d7693d7250fa75bcd9fcdde1a07a3b7e254fa2e,True,6,15,0,0,12,0.13333333333333333,0,0,0,0,0,0,0,0,False,0,,0,
reports/csv/contract__power-energy-thermal-compute-runtime__power-vs-bler.csv,1038,2585435711013253330cd8f3d2e262c83911b8e0decefc62c79be6220be11c85,True,8,7,0,0,0,0.0,0,0,0,0,0,0,0,0,False,0,,0,
reports/csv/contract__power-energy-thermal-compute-runtime__power-vs-throughput.csv,1107,2c3fa0101e2094342ed960987d8fbc15b99b3575bc8e8e8187fb9d7fc48832db,True,8,7,0,0,0,0.0,0,0,0,0,0,0,0,0,False,0,,0,
reports/csv/contract__power-energy-thermal-compute-runtime__sleep-state-timeline.csv,9049,f8800f7210f6219a454c3af7d22fda7a939c55c19f91f9894055d56f35fdef33,True,58,13,0,0,0,0.0,0,0,0,0,0,0,0,0,False,0,,0,
reports/csv/contract__power-energy-thermal-compute-runtime__tx-power-timeline-per-cell.csv,2574,da3fa83c0c69a8e1fc5e9f27e9aaeca7bbee9250a0a84a8326a84f7c53503452,True,9,15,0,0,18,0.13333333333333333,0,0,0,0,0,0,0,0,False,0,,0,
reports/csv/contract__power-energy-thermal-compute-runtime__tx-power-timeline-per-ue.csv,2001,4ea6be73544e1f14cd183ad68f345fae6ba30d17dc5d9bcc9109e7e251885142,True,7,15,0,0,14,0.13333333333333333,0,0,0,0,0,0,0,0,False,0,,0,
reports/csv/contract__prach-random-access__access-attempt-success-timeline.csv,693,75c626bc14b46da624c368bd998ac3b869aeb05a8f528033f5586b159707c6b7,True,1,26,0,0,2,0.07692307692307693,0,0,0,0,0,0,0,0,False,0,,0,
reports/csv/contract__prach-random-access__noise-floor-trend.csv,679,59237407b261ff05395d29073540004e32564ade11040e5188d197207c9fb058,True,1,26,0,0,2,0.07692307692307693,0,0,0,0,0,0,0,0,False,0,,0,
reports/csv/contract__prach-random-access__peak-value-histogram.csv,296,ef3ead3465c31d0cb8d06d321af8ee1c07382e3f1bf7aa12b05bdfe3d5093dbc,True,1,11,0,0,1,0.09090909090909091,0,0,0,0,0,0,0,0,False,0,,0,
reports/csv/contract__prach-random-access__prach-peak-search-timeline.csv,688,7baf6354e21fded3ebf6f6377ece79f58ed9381672be0a55ab11ecd85c67fa7b,True,1,26,0,0,2,0.07692307692307693,0,0,0,0,0,0,0,0,False,0,,0,
reports/csv/contract__prach-random-access__preamble-usage-chart.csv,682,78c767e53635538e63c20d41e0537fb8750cbed3477a7102f17ad312a3151770,True,1,26,0,0,2,0.07692307692307693,0,0,0,0,0,0,0,0,False,0,,0,
reports/csv/contract__prach-random-access__ta-estimate-trend.csv,679,84ae7bcff34a82602feca9865ec8d75e6ca5e309b79c74cf392feda8f2987b22,True,1,26,0,0,2,0.07692307692307693,0,0,0,0,0,0,0,0,False,0,,0,
reports/csv/contract__pucch-f0-f1-f2-f3-f4__ack-nack-match-chart.csv,682,46380ffadcbd1176be0dac654764b2cc2ab08ed0933b32d5ef8e6db2775c6926,True,2,15,0,0,4,0.13333333333333333,0,0,0,0,0,0,0,0,False,0,,0,
reports/csv/contract__pucch-f0-f1-f2-f3-f4__crash-error-timeline.csv,1660,8b35448c77dc84f3ea30769de7e5d973d164926756d38585e092d24869328c0d,True,6,15,0,0,12,0.13333333333333333,0,0,0,0,0,0,0,0,False,0,,0,
reports/csv/contract__pucch-f0-f1-f2-f3-f4__dtx-detection-chart.csv,393,963fe9319209e8b352dd951e3bd52e5e9b7de49a302d9e4defbcc534659acdb5,True,1,15,0,0,2,0.13333333333333333,0,0,0,0,0,0,0,0,False,0,,0,
reports/csv/contract__pucch-f0-f1-f2-f3-f4__per-format-latency-histograms.csv,982,b6328bec1b800272443bff29175d5abd88e0839366ec1db35368a5c1a09dcee9,True,6,9,0,0,0,0.0,0,0,0,0,0,0,0,0,False,0,,0,
reports/csv/contract__pucch-f0-f1-f2-f3-f4__pucch-decode-success-failure-trend.csv,714,bf906c9b6c9f54370672eb03ba9827ad14f378221870a5c003a7cb59ef1a1aab,True,2,15,0,0,4,0.13333333333333333,0,0,0,0,0,0,0,0,False,0,,0,
reports/csv/contract__pucch-f0-f1-f2-f3-f4__requested-vs-resolved-format-confusion-matrix.csv,729,fe0f708dd335c5ffc3edc1b4a561e6a32a3d85e5b1cb85a6334e8a1d1205f496,True,6,7,0,0,0,0.0,0,0,5,0,0,0,0,0,False,0,,0,
reports/csv/contract__pucch-f0-f1-f2-f3-f4__uci-bit-count-distribution.csv,410,e067a656da41f47de19ce0bb30fa1d10dc2df5a86f8d04906d8c6325bbffca2f,True,1,15,0,0,2,0.13333333333333333,0,0,0,0,0,0,0,0,False,0,,0,
reports/csv/contract__pusch-ul-data-chain__channel-estimation-latency.csv,1006,d291730571bb057b27719d7a3bdf75225050056b3150ff9d9b146ca03606b651,True,10,6,0,0,0,0.0,0,0,0,0,0,0,0,0,False,0,,0,
reports/csv/contract__pusch-ul-data-chain__decoder-iteration-histogram.csv,676,bed47ab357ea3839ed8ceb56e5c6164deecef8255a4640cdf0db9e1de8b082eb,True,2,15,0,0,4,0.13333333333333333,0,0,0,0,0,0,0,0,False,0,,0,
reports/csv/contract__pusch-ul-data-chain__equalizer-latency.csv,751,bd80ea8e8b5631f6704e26e6dfcf396696ddfdbff298622e3383f4dc490e850d,True,8,6,0,0,0,0.0,0,0,0,0,0,0,0,0,False,0,,0,
reports/csv/contract__pusch-ul-data-chain__llr-statistics-over-time.csv,2220,1e230b3c940d31974a869e89cbbdf6b12515fe43f46f4f66a6e9458101ff1754,True,8,15,0,0,16,0.13333333333333333,0,0,0,0,16,0,0,0,False,0,,0,
reports/csv/contract__pusch-ul-data-chain__ta-estimate-timeline.csv,682,a708a0aaa0fbd492d3cbd9c10aa2448274fde5db41c20295cd3b0c8592266897,True,1,26,0,0,2,0.07692307692307693,0,0,0,0,0,0,0,0,False,0,,0,
reports/csv/contract__pusch-ul-data-chain__ul-resource-grid-equalized-symbol-summaries.csv,441,1b073d7d61593979cf20d95dbe0d23f96cf24b45b9d5dacc8751d084651e67b7,True,2,10,0,0,0,0.0,0,0,0,0,0,0,0,0,False,0,,0,
reports/csv/contract__run-trial-scenario-overview__error-warning-fallback-stacked-time-series.csv,2942,1c290edeb0e0805f2b2cbb543f5dcc1190135f1826325ae4b008bcb515561a7d,True,10,15,0,0,20,0.13333333333333333,0,0,0,0,0,0,30,20,False,0,,0,
reports/csv/contract__run-trial-scenario-overview__required-vs-failed-case-bar-chart.csv,556,72606424dd01ce6ed210d8f151bfc5010666b990b4b71b18cf62dc21217fa3ea,True,4,7,0,0,0,0.0,0,0,0,0,0,0,0,0,False,0,,0,
reports/csv/contract__run-trial-scenario-overview__run-health-timeline.csv,444,000828b43b91896d2e0bd1fc9322a2c782e15a3cfe0bdcb9c96f38aea5fb4f37,True,1,15,0,0,2,0.13333333333333333,0,0,0,0,0,0,0,0,False,0,,0,
reports/csv/contract__run-trial-scenario-overview__truth-policy-violations-by-category.csv,469,d3246901817ea51affa108428e416609a83bf1be6e3af59450b8b8989949e8bc,True,1,15,0,0,2,0.13333333333333333,0,0,0,0,0,0,0,0,False,0,,0,
reports/csv/contract__scenario-geometry-topology-layout__azimuth-elevation-rose-plots.csv,22692,1e4fd49f6ec7de164890dcdea165aa670cc4def9078dbf425893ed5fb7870eae,True,184,8,0,0,0,0.0,0,0,0,0,0,0,0,0,False,0,,0,
reports/csv/contract__scenario-geometry-topology-layout__bs-sector-ue-topology-scatter-plot.csv,334,4acfad61da0d5e5a7625b44d3d36f58e1dc641fe8dcc59a02ffb3b02ec2bcadb,True,2,8,0,0,0,0.0,0,0,0,0,0,0,0,0,False,0,,0,
reports/csv/contract__scenario-geometry-topology-layout__candidate-cell-rank-heatmap.csv,883,1d08d2d9f033b9d0bc6a01418bd0f93ab9435c530022fbf936040ca9795b6b80,True,8,7,0,0,0,0.0,0,0,7,0,0,0,0,0,False,0,,0,
reports/csv/contract__scenario-geometry-topology-layout__distance-distribution-histogram.csv,1587,80e3670b904e55997d943df523a15a863b07653056d5f6ea7662e6a1b28d49ac,True,12,7,0,0,0,0.0,0,0,0,0,0,0,0,0,False,0,,0,
reports/csv/contract__scenario-geometry-topology-layout__path-geometry-summary-charts.csv,3148,be67013c32c6163bc55783d181778af8cf78a116bb80f41409dca396349ece43,True,25,7,0,0,0,0.0,0,0,0,0,0,0,0,0,False,0,,0,
reports/csv/contract__scenario-geometry-topology-layout__serving-cell-map.csv,296,b28322446254140453429a33027e5cdfc36dbf4d196a98aa50c2f6e5e4dd866e,True,2,8,0,0,0,0.0,0,0,0,0,0,0,0,0,False,0,,0,
reports/csv/contract__scenario-geometry-topology-layout__ue-trajectory-overlay.csv,3031,60047183ba691aaf659049cc18f0d5704d798157aa31f31c3ac164479f828cb6,True,25,8,0,0,0,0.0,0,0,0,0,0,0,0,0,False,0,,0,
reports/csv/contract__scheduler-mac-queue-qos-power-control-uci-flow__cqi-vs-selected-mcs.csv,841,bca0f4930d5d94cc31554e211e589e0385c625fbe04698e912f677d321468685,True,3,15,0,0,6,0.13333333333333333,0,0,0,0,0,0,0,0,False,0,,0,
reports/csv/contract__scheduler-mac-queue-qos-power-control-uci-flow__grant-reason-distribution.csv,493,89773bea5d33e3153d4a959609248ecf8d1c846eb8b040db514fe5d1f0cc9191,True,1,15,0,0,2,0.13333333333333333,0,0,0,0,0,0,0,0,False,0,,0,
reports/csv/contract__scheduler-mac-queue-qos-power-control-uci-flow__hol-delay-over-time.csv,4391,f909cbd7a64d4257605c4e160693dee5533ef08c4f6157f099857515ec85fc4d,True,37,7,0,0,0,0.0,0,0,0,0,0,0,0,0,False,0,,0,
reports/csv/contract__scheduler-mac-queue-qos-power-control-uci-flow__mcs-over-time.csv,1853,091556b7be831da0d2d5a8e3d19bcdd7c5efd9fd72d51febd6d17b2251181dbc,True,8,15,0,0,16,0.13333333333333333,0,0,0,0,0,0,0,0,False,0,,0,
reports/csv/contract__scheduler-mac-queue-qos-power-control-uci-flow__queue-depth-over-time.csv,1462,1ea21bc2c8967e3a1d089ea34ddb3e8797f317bed9b95d393ae7de9c61873c81,True,6,15,0,0,12,0.13333333333333333,0,0,0,0,0,0,0,0,False,0,,0,
reports/csv/contract__scheduler-mac-queue-qos-power-control-uci-flow__scheduled-prbs-per-ue-over-time.csv,1688,6fb8ef26fa34d5511185c805e3d721891279e2578432b69ba57af43a3d21f967,True,6,15,0,0,12,0.13333333333333333,0,0,0,0,0,0,0,0,False,0,,0,
reports/csv/contract__scheduler-mac-queue-qos-power-control-uci-flow__scheduler-fairness-over-time.csv,450,a69fa4f09799dc44e589f7f67ab6c3d859aaec1168f3f806131d6c0fdf187d5c,True,3,8,0,0,0,0.0,0,0,0,0,0,0,0,0,False,0,,0,
reports/csv/contract__scheduler-mac-queue-qos-power-control-uci-flow__sr-bsr-event-timeline.csv,672,fe82253ebad56f586e1bafe5b49137b0fa5e37a71ae88cbf51f102108e8217d5,True,2,15,0,0,4,0.13333333333333333,0,0,0,0,0,0,0,0,False,0,,0,
reports/csv/contract__srs-ul-sounding-massive-mimo-inputs__channel-estimate-quality-trend.csv,822,af52fee8e2258a2d1f6548f328c372499037b638d6d7b61925672bd034018a40,True,2,15,0,0,4,0.13333333333333333,0,0,0,0,0,0,0,0,False,0,,0,
reports/csv/contract__srs-ul-sounding-massive-mimo-inputs__srs-consumption-by-scheduler-beam-module.csv,784,9a785376d3cad2b91f05dfca7060004b50083026b0f4c70934d72ee42ef9baec,True,2,15,0,0,4,0.13333333333333333,0,0,0,0,0,0,0,0,False,0,,0,
reports/csv/contract__srs-ul-sounding-massive-mimo-inputs__srs-validity-timeline.csv,680,2f09bff2cf9437faa99cfc02e894174d430607bd8d1b8364b5def06c75d19949,True,2,15,0,0,4,0.13333333333333333,0,0,0,0,0,0,0,0,False,0,,0,
reports/csv/contract__ssb-pbch-pss-sss__pbch-stage-latency.csv,760,2a8551d25638de70c11d023f7193aa1155d4e11f4caf9b334007193d31aca6bf,True,8,6,0,0,0,0.0,0,0,0,0,0,0,0,0,False,0,,0,
reports/csv/contract__ssb-pbch-pss-sss__ssb-index-timeline.csv,405,b9ad2ef357259fbf45b5ec91c7ddfd8da17de33a956d5caaec03dd373260bd33,True,4,6,0,0,0,0.0,0,0,0,0,0,0,0,0,False,0,,0,
reports/csv/contract__ssb-pbch-pss-sss__ssb-pbch-occupancy-map.csv,449,128ea74522dcc0cd621cdbdcc22406e66e39b1784ffd3a3a6d4be25a1f566eb6,True,4,8,0,0,0,0.0,0,0,3,0,0,0,0,0,False,0,,0,
reports/csv/contract__ssb-pbch-pss-sss__sync-success-failure-timeline-if-available.csv,467,3c89a2532892f4766071ee4a883917e75de4f8721f7044305f540ffd97a69097,True,1,15,0,0,2,0.13333333333333333,0,0,0,0,0,0,0,0,False,0,,0,
reports/csv/contract__ue-side-state-ue-power-ue-control__drx-state-timeline.csv,420,9c1b0cff523d88b05b240f663df2a1e1198bca354ecf63ccdd072965e4e7ef9a,True,1,15,0,0,2,0.13333333333333333,0,0,0,0,0,0,0,0,False,0,,0,
reports/csv/contract__ue-side-state-ue-power-ue-control__ue-control-report-timeline.csv,8680,77356876f8c923ee1ae8e1d83c184a83c9cae465671c9caf58f235edee8e4943,True,31,15,0,0,62,0.13333333333333333,0,0,0,0,0,0,0,0,False,0,,0,
reports/csv/contract__ue-side-state-ue-power-ue-control__ue-energy-proxy-timeline.csv,3923,a50f0916e0a7ebbc2425a7f889c2d16c9ec5c7d13a523233e6e010047a9a3438,True,14,15,0,0,28,0.13333333333333333,0,0,0,0,14,0,0,0,False,0,,0,
reports/csv/contract__ue-side-state-ue-power-ue-control__ue-tx-power-timeline.csv,1903,dfe70b2064e0358a7766e739e79662be0f8f0ccc0dda70e4d19768519dc56c5c,True,7,15,0,0,14,0.13333333333333333,0,0,0,0,0,0,0,0,False,0,,0,
reports/csv/contract_materialization_coverage.csv,299,5fb4b4005914355351d93b985e9f4894bdaa37f0bb0d76c63f9e073e68e5a1dc,True,1,12,0,0,0,0.0,0,0,0,0,0,0,0,0,False,0,,0,
reports/csv/contract_materialization_manifest.csv,151925,02215e1255f4052c83e17f7aafd02b7f39842d2dd658d8fd806c61ae3d4312cb,True,733,5,0,0,1,0.00027285129604365623,0,0,0,0,4,0,11,8,False,0,,0,
reports/csv/contract_plot_lineage.csv,123787,8648d9d1deb9c17c19ab2316d78e3b58201d3c539934116c266a53d6791b105d,True,287,13,0,0,287,0.07692307692307693,0,0,0,0,3,0,6,3,False,0,,0,
reports/csv/control_overhead_analytics_table.csv,4663,6b56c772a9262a42a77a5549e9d1250d94c04acfa80e7c8fdcad023a40c194d9,True,7,33,0,0,112,0.48484848484848486,91,0,0,0,0,0,0,0,False,0,,0,
reports/csv/cqi_table_reference.csv,5431,0a00cd683a27d32930e844112515260bbfa255d7b7b42ea03cd6f9e35af0e246,True,32,9,0,0,2,0.006944444444444444,0,0,0,0,0,0,0,0,False,0,,0,
reports/csv/cross_layer_correlation_table.csv,1468,21deb28e8119b796268fd7e02dea8ef745edb17f2c6ce6241f0f0f985212bc17,True,2,33,0,0,30,0.45454545454545453,26,0,0,0,0,0,0,0,False,0,,0,
reports/csv/csi_outputs.csv,23736,81e43235a673b54c92a96f9766bfdfa55ba112075121075910fb3f88dd4d2a60,True,83,14,0,0,26,0.022375215146299483,2,0,0,0,4,0,8,0,False,0,,0,
reports/csv/csi_report_table.csv,3020,354a478cd9b701f0687247954b1fb544b67d0b72a4067b0224c39af1392067b7,True,8,21,0,0,19,0.1130952380952381,18,0,0,0,0,0,0,0,False,0,,0,
reports/csv/csi_rs_runtime_event_table.csv,1299,b87e89075823d4e1864357753df9f2d2babe79cdf44a31457e7e44664d31590d,True,2,29,0,0,0,0.0,0,0,0,0,0,0,0,0,False,0,,0,
reports/csv/debug_trace_outputs.csv,8725,b416df8c1245adc9c80b957c3d423d8d8e4a54532a1acc51dcf19a4225eb0c0d,True,24,14,0,0,59,0.17559523809523808,24,0,0,0,3,3,3,0,False,0,,0,
reports/csv/deployment_layout_reference.csv,439,8f28b489c3aa2639d1b86be0d22c8ad6f24c6504d046b7d4cccad449f10999d8,True,1,17,0,0,0,0.0,0,0,0,0,0,0,0,0,False,0,,0,
reports/csv/dl_pdsch_objective_artifact_schema.csv,1237,8af37f61abf7ddcdf66731659e3df6db8e2019ebf1312a44ae227a494c844a43,True,4,5,0,0,0,0.0,0,0,0,0,0,0,0,0,False,0,,0,
reports/csv/dl_pdsch_objective_failures.csv,128,ae5a314255cc8ed9f9bd628b39c52743b45e6b414ab295607e610cbf5ca2f6d5,True,0,8,0,0,0,0.0,0,0,0,0,0,0,0,0,True,1,header_only_no_rows,0,
reports/csv/dl_pdsch_raw_bler_ber_objective.csv,1198,37130f3c79253465a6ed419b0eebe24cf7304c74458fe5a984dcd6ece01f091a,True,1,48,0,0,1,0.020833333333333332,0,0,0,0,0,0,0,0,False,0,,0,
reports/csv/dl_resource_grid_heatmap.csv,51244,13b6996fe0356eff9501d2266d6a8f4af8d455247b83e8ca973fb27615b9e712,True,102,33,0,0,1224,0.36363636363636365,1020,0,0,0,0,0,0,0,False,0,,0,
reports/csv/doppler_reconciliation.csv,3686,4603f7e643869532cb0117926edf6af52b156a0af6a35e32df677564814b4823,True,25,13,0,0,0,0.0,0,0,0,0,0,0,0,0,False,0,,0,
reports/csv/dut_reference_comparison.csv,18377,9ea3b210cbb17360ede4c747bc31d772272bb5bcb828a9f39a40cfe9fc58c6b1,True,49,21,0,0,168,0.16326530612244897,109,0,0,0,0,0,0,0,False,0,,0,
reports/csv/energy_efficiency_outputs.csv,4491,8d3a0ee7a17c3e9c6e49f7b4e115383566918fa34eccf1808026258f11de9050,True,15,14,0,0,4,0.01904761904761905,2,0,0,0,2,0,0,0,False,0,,0,
reports/csv/energy_model_gate.csv,446,5214e7c0a28b2cd1aa8d80b18bac037fae654e76f215a0ecca3fd13ffd30d79b,True,1,14,0,0,0,0.0,0,0,0,0,0,0,0,0,False,0,,0,
reports/csv/energy_root_cause_table.csv,1499,b590c92dc1b73c28e4152d3e4881fafeeca5351fa2debc64982e87647168be50,True,2,35,0,0,32,0.45714285714285713,26,0,0,0,0,0,0,0,False,0,,0,
reports/csv/equalized_constellations.csv,3080401,843ab0373999618fa6e66887ba39710d63b3fbf6bea9eee4ea68643dc6b8f392,True,3338,65,0,0,0,0.0,0,0,0,0,0,0,0,0,False,0,,0,
reports/csv/evm_reconciliation.csv,491,51f113b93de35d68d2296071d7569a1fad2813d8a0ae380fb780b37d2a8462ae,True,2,9,0,0,0,0.0,0,0,0,0,0,0,0,0,False,0,,0,
reports/csv/feature_parameter_index.csv,2915,ca1c546686ef8622bb22ebe24e749d3f6330d8091be8eaa203aca95657329163,True,45,8,0,0,0,0.0,0,0,0,0,0,0,0,0,False,0,,0,
reports/csv/fer_summary.csv,1861,85470286265e35ee57b691c0803c1bf1e556d5376e73b794e155c99961365662,True,4,14,0,0,6,0.10714285714285714,6,0,0,0,0,0,0,0,False,0,,0,
reports/csv/final_scientific_claims_truthfulness.csv,329,8dbd96e89c8ef88fd367e2e94d22c55ef6b7aa529c4ba0901b38d5358fe6f719,True,1,8,0,0,0,0.0,0,0,0,0,0,0,0,0,False,0,,0,
reports/csv/generated_value_plausibility_audit.csv,1565,914cbeac7ef771c95ebfe7a79aab387fc1d31526a0a09eaffa9de86c30eae5fd,True,6,13,0,0,6,0.07692307692307693,0,3,0,0,0,0,0,0,False,0,,0,
reports/csv/geometry_runtime_audit.csv,3780,cd58dfdf08eeff35dfbca98b98ab604388cfe5d936c444bc6b7636b49faa0ea0,True,24,7,0,0,25,0.1488095238095238,0,0,0,0,0,0,0,0,False,0,,0,
reports/csv/hardcoded_parameter_audit.csv,11722,b8011e8fca3588543bb30e650c48823ce533a3410fdb436bead37701d260e028,True,26,13,0,0,0,0.0,0,0,0,0,0,0,46,0,False,0,,0,
reports/csv/harq_outputs.csv,2092,98c463f05dcd515e1b5c11794763d99a40342527f18410ef55b7308c3c5a0618,True,10,14,0,0,60,0.42857142857142855,10,0,0,0,0,0,0,0,False,0,,0,
reports/csv/honest_unavailable_registry.csv,25255,d67aa17a050bb63545be2d5482be174155c40361c84a301532dc3bef56359399,True,36,36,0,0,643,0.49614197530864196,468,0,0,0,0,0,0,0,False,0,,0,
reports/csv/hotspot_analytics_table.csv,1022,3a9d7df1b38b8ec110e172ccaf9b70533de20d3ad8f069dc6fc7d30faf0ceeea,True,1,36,0,0,16,0.4444444444444444,13,0,0,0,0,0,0,0,False,0,,0,
reports/csv/implementation_function_coverage.csv,5389,61900f1b5c8d0947a717cf6adf0d64df5b8bc439848566fbf058e4159f7fb92c,True,21,21,0,0,42,0.09523809523809523,10,0,0,0,0,0,0,0,False,0,,0,
reports/csv/initial_access_lifecycle_trace.csv,5010,523ae268037178a58464c92ca458fb8ed0289276311fa99a28bee2c5dae14bb6,True,8,33,0,0,32,0.12121212121212122,32,0,0,0,5,0,0,0,False,0,,0,
reports/csv/initial_access_random_access_outputs.csv,18648,b72bc06ebf6f58fc297c76fecd9a4bc3fc8ef497308d621b45d71a8fa87a7dbb,True,51,14,0,0,10,0.014005602240896359,1,0,0,0,0,0,0,0,False,0,,0,
reports/csv/instrumentation_coverage_table.csv,13406,da0ddadc004c8b1a6505af9b99ea78852324a989e642bc6b25abf73b2e190b51,True,25,36,0,0,375,0.4166666666666667,325,0,0,0,0,0,0,0,False,0,,0,
reports/csv/interference_accounting.csv,594,21103665730bef5c82030e01bdfdd30e0ff02612a461fa363c5f5803d1552063,True,2,13,0,0,0,0.0,0,0,0,0,0,0,0,0,False,0,,0,
reports/csv/iq_imbalance_reconciliation.csv,341,b260b18b05ccbd11bea530a03dc4e69c3d73a4560af65bb15a160031f47541b3,True,2,11,0,0,0,0.0,0,0,0,0,0,0,0,0,False,0,,0,
reports/csv/kpi_application_packet_delivery_ledger_dl.csv,13683,ddc37936146ace0b6c310b0809fa398dea7ee5228524db3d9539ac2ff011701b,True,25,32,0,0,16,0.02,10,0,0,0,0,0,0,0,False,0,,0,
reports/csv/kpi_application_packet_delivery_ledger_ul.csv,13536,461521d9fac9335e569aa07fcc2ea92d3346d3cf3743f4d38843756c680a212e,True,25,32,0,0,25,0.03125,16,0,0,0,0,0,0,0,False,0,,0,
reports/csv/kpi_consistency_gate.csv,902,c87b12325fa3f4263da6cdced1580e45a468606a0f87454bbede36c15acee6c0,True,6,8,0,0,6,0.125,0,0,0,0,0,0,0,0,False,0,,0,
reports/csv/kpi_direction_isolation_audit.csv,780,46fd23d5f646214060e05e3cbf03481a0240e16326434ff189f149c022affed8,True,2,13,0,0,2,0.07692307692307693,0,0,0,0,0,0,0,0,False,0,,0,
reports/csv/kpi_duration_source_audit.csv,561,d35c0d95ea6219100f5a2bd52fc00a22aaeac5c77310f9460ecc88168905e84f,True,2,14,0,0,2,0.07142857142857142,0,0,0,0,0,0,0,0,False,0,,0,
reports/csv/kpi_formula_registry.csv,17307,d7520f4798dcf19ab57a8b03f87aa77b53cec95054706f2e346a14ffaee38b20,True,28,22,0,0,0,0.0,0,0,0,0,28,0,0,0,False,0,,0,
reports/csv/kpi_harq_delivery_trace_dl.csv,1703,5e8002ce3a70c27ba96558c166cf09abc2a363d3f377bc69e441b63f0f97168b,True,6,27,0,0,6,0.037037037037037035,0,0,0,0,0,0,0,0,False,0,,0,
reports/csv/kpi_harq_delivery_trace_ul.csv,833,c096388458f59eb53431281eded89af96de27f19f65f03a0e6942a498c2b0b3b,True,2,27,0,0,2,0.037037037037037035,0,0,0,0,0,0,0,0,False,0,,0,
reports/csv/kpi_health_flags.csv,8141,c62a4a39d2247ac5cab760433a16596954a93ddee1e5142ec43574f0579ffcfd,True,12,39,0,0,190,0.405982905982906,156,0,0,0,14,0,12,0,False,0,,0,
reports/csv/kpi_known_bug_regression.csv,284,609d71d8200d4627fe73b3cc86aa90fc632ed8a452d645e5c8efdf878b1589da,True,1,10,0,0,1,0.1,0,0,0,0,0,0,0,0,False,0,,0,
reports/csv/kpi_legacy_alias_map.csv,717,1f7569eeec4d348bd00f6a3d8e32af75ac3d91117b5461204df1320a9af7dbf5,True,4,12,0,0,4,0.08333333333333333,0,0,0,0,0,0,0,0,False,0,,0,
reports/csv/kpi_lineage_table.csv,11440,f37467b39116240aa9ec79204e46c8dd8fead16d27805c0399af4fbb7aa1a35d,True,28,26,0,0,32,0.04395604395604396,4,0,0,0,0,0,0,0,False,0,,0,
reports/csv/kpi_objective_binding.csv,6292,677e36f024dc2bf4505a45808ced918029ff3bf41820df007a75808c2e80d371,True,28,15,0,0,24,0.05714285714285714,0,0,0,0,0,0,0,0,False,0,,0,
reports/csv/kpi_packet_sdu_delivery_ledger_dl.csv,13981,32587756d550fe403282ff1c967cc41cfe25bc4f50100c28dae9d645fecd85c0,True,25,38,0,0,0,0.0,0,0,0,0,0,0,0,0,False,0,,0,
reports/csv/kpi_packet_sdu_delivery_ledger_ul.csv,10284,254c62eea81f4d6176d807a5b19bbeeb08a8ea32d8bda290b78bd1047186e52d,True,18,38,0,0,0,0.0,0,0,0,0,0,0,0,0,False,0,,0,
reports/csv/kpi_primary_trial_source_reconciliation.csv,555,e364ef97f3306eaa26ba646f45884a6219d75be9699b9d26eae91ef1bca39bbe,True,2,7,0,0,0,0.0,0,0,0,0,0,0,0,0,False,0,,0,
reports/csv/kpi_raw_table_schema_audit.csv,1943,4ad0fcb3dbcbb20bf4c50a75feb13e3806715018b4a4b470303b08b5b6c82cff,True,10,13,0,0,10,0.07692307692307693,0,0,0,0,0,0,0,0,False,0,,0,
reports/csv/kpi_reconstruction_summary.csv,13493,9c17e132f3b6f2a1d0a4ae34d492d26e129fdf2e84c2c13290d8d07b9afb6c02,True,28,42,0,0,52,0.04421768707482993,24,0,0,0,0,0,0,0,False,0,,0,
reports/csv/kpi_row_contributions_dl.csv,2565,7dfecdaacf627d01f73f12f9d27b2526b1b0b936ed83c1f7b00457a800b19274,True,6,33,0,0,6,0.030303030303030304,6,0,0,0,0,0,0,0,False,0,,0,
reports/csv/kpi_row_contributions_ul.csv,1146,1047956007cbc2cab551a09a36226efc92650e798ec54cecf8cfd1b00d0c8205,True,2,33,0,0,2,0.030303030303030304,2,0,0,0,0,0,0,0,False,0,,0,
reports/csv/kpi_source_table_manifest.csv,3589,fc33ddc998b86ed79b84526038203a8c58c70c0698a577a9efa80e8c91562b34,True,8,19,0,0,8,0.05263157894736842,0,0,0,0,0,0,0,0,False,0,,0,
reports/csv/kpi_tb_delivery_ledger_dl.csv,1703,5e8002ce3a70c27ba96558c166cf09abc2a363d3f377bc69e441b63f0f97168b,True,6,27,0,0,6,0.037037037037037035,0,0,0,0,0,0,0,0,False,0,,0,
reports/csv/kpi_tb_delivery_ledger_ul.csv,833,c096388458f59eb53431281eded89af96de27f19f65f03a0e6942a498c2b0b3b,True,2,27,0,0,2,0.037037037037037035,0,0,0,0,0,0,0,0,False,0,,0,
reports/csv/kpi_unit_conversion_audit.csv,1491,848eedec78bb33451b3f2b10ba6ea05bbbc4a95b8c75dc984b42852d3e193237,True,8,14,0,0,16,0.14285714285714285,8,0,0,0,0,0,0,0,False,0,,0,
reports/csv/latency_cdf_plot.csv,4696,a0e306bff944900b3794485fe743323824fb6552f4e6eaf31064dd7f8ddfd393,True,8,33,0,0,128,0.48484848484848486,104,0,0,0,0,0,0,0,False,0,,0,
reports/csv/latency_reconciliation.csv,168,7634e9cf0a18c22cb4fbd422d39aa2f3e970638ffed239b9019fa5c841c8608e,True,1,5,0,0,1,0.2,0,0,0,0,0,0,0,0,False,0,,0,
reports/csv/latency_root_cause_table.csv,910,b8c215367b056db73a8c7e1e18b61e59b238a7fba58fc0ebb06f9d9869d18d88,True,1,32,0,0,13,0.40625,11,0,0,0,0,0,0,0,False,0,,0,
reports/csv/live_access_state.csv,14989,3c0c6cd08410b18f27be787dd3abcef9d0836ba578c46d752cb3a0c7026506d7,True,1,445,0,0,0,0.0,0,0,0,0,2,0,0,0,False,0,,0,
reports/csv/live_ack_nack_table.csv,2498,c5f680adb1d4f17e7ce71003c60450934c0a7dabb6d457dff29fee529a807717,True,8,31,0,0,0,0.0,0,0,0,0,0,0,0,0,False,0,,0,
reports/csv/live_artifact_write_table.csv,127882,8e9b09f6211675adb038689d5a201d508a04d2c7da965b3bfb02bbf1886c31b3,True,869,8,0,0,869,0.125,0,0,0,0,10,0,2,0,False,0,,0,
reports/csv/live_bb_power_table.csv,32797,14977ed0a689648fe4693fef4af39903b7f73f7121ac60e1ff92669e9ea06f37,True,29,72,0,0,289,0.13840996168582376,231,0,0,0,0,0,0,0,False,0,,0,
reports/csv/live_beam_management_procedure_stats.csv,17798,122ad296e9caec58a870775f21d23ed2073f59117f824b45b0e8b0c6977bee77,True,65,19,0,0,216,0.1748987854251012,216,0,0,0,0,0,0,0,False,0,,0,
reports/csv/live_beam_p1_acquisition_stats.csv,4303,5fafb0ba6417aa32b82d5698d7380356988296fb95c6312b65282cf2c88d56f6,True,17,15,0,0,0,0.0,0,0,0,0,0,0,0,0,False,0,,0,
reports/csv/live_beam_p2_refinement_stats.csv,13418,ec51dc134d814affeb7a8a8593e635eeea97057b2f8d08877f89473b5ef67d1e,True,48,19,0,0,148,0.16228070175438597,148,0,0,0,0,0,0,0,False,0,,0,
reports/csv/live_beam_selection_stats.csv,17798,122ad296e9caec58a870775f21d23ed2073f59117f824b45b0e8b0c6977bee77,True,65,19,0,0,216,0.1748987854251012,216,0,0,0,0,0,0,0,False,0,,0,
reports/csv/live_beam_selection_table.csv,6663,502501b8def7e8d0ce3c4d8503ac6bf97f405b370249a1abd6fc9a2faa317df7,True,16,36,0,0,160,0.2777777777777778,16,0,0,0,0,0,0,0,False,0,,0,
reports/csv/live_browser_surface_integrity_table.csv,31576,3e592b1b47492b0fc17dcc67d85e9543e7d46d793112d95900583d78cec4e283,True,130,8,0,0,0,0.0,0,0,0,0,1,0,0,0,False,0,,0,
reports/csv/live_bsr_state.csv,5784,3b706d1e90bd3f314af930bd5306c618e2f04d846ef9011e2fce31726a8e6767,True,2,135,0,0,11,0.040740740740740744,10,0,0,0,0,0,0,0,False,0,,0,
reports/csv/live_buffer_status.csv,12350,2cdd7fd0a4f3efaa1d2842da8a28c9fc7f020c31c9fdab1e6013a96d28b02d18,True,6,136,0,0,13,0.015931372549019607,12,0,0,0,0,0,0,0,False,0,,0,
reports/csv/live_bwp_state.csv,6662,879dfa8d30e63074036e06623e84e309c650a97be1965cb84fbf566f28674bad,True,2,112,0,0,0,0.0,0,0,0,0,0,0,0,0,False,0,,0,
reports/csv/live_candidate_cell_runtime.csv,7773,7d00b9e65fb6c82942196f18a7b91ff5d8877b2bb4151781849a8f54238eedf6,True,8,45,0,0,72,0.2,56,0,0,0,0,0,0,0,False,0,,0,
reports/csv/live_candidate_cell_table.csv,7189,00853e0459528c774c17a381763753dde2292535fab89a0b178b223036b881aa,True,8,36,0,0,0,0.0,0,0,0,0,0,0,0,0,False,0,,0,
reports/csv/live_carrier_config.csv,6662,879dfa8d30e63074036e06623e84e309c650a97be1965cb84fbf566f28674bad,True,2,112,0,0,0,0.0,0,0,0,0,0,0,0,0,False,0,,0,
reports/csv/live_case_status.csv,904,8b9818ee3353877477208f9dd42f4a09768141b1716599db6785da266c02a27f,True,10,9,0,0,0,0.0,0,0,0,0,0,0,0,0,False,0,,0,
reports/csv/live_cell_measurement_trace.csv,3943,4f8e3686e860f5a5fdd29199706592c0ff447e729962afc0f2759aaaa30f92ed,True,8,28,0,0,0,0.0,0,0,0,0,0,0,0,0,False,0,,0,
reports/csv/live_cell_reselection_events.csv,101,57aab5382a447764d5ded9f1ded89f441b96b7500ee3ba4fd35544ad880a6b6d,True,0,11,0,0,0,0.0,0,0,0,0,0,0,0,0,True,1,header_only_no_rows,0,
reports/csv/live_cell_table.csv,230,b61209f4144c74300c8796e5079373d01ecd0b6cb644e51e4d82a61310e72876,True,1,9,0,0,0,0.0,0,0,0,0,0,0,0,0,False,0,,0,
reports/csv/live_channel_estimation_stats.csv,14553,f6058472292d92bdeb8f4fe936a27c346fbbd394c12d5528d161b9fec2bbe07f,True,50,17,0,0,0,0.0,0,0,0,0,0,0,0,0,False,0,,0,
reports/csv/live_channel_estimation_tti.csv,6423,631cd2b269a0ce498164ee2c570ca524c81392be38c285ed6afcdc81e55b734c,True,8,41,0,0,6,0.018292682926829267,6,0,0,0,0,0,0,0,False,0,,0,
reports/csv/live_channel_realization_table.csv,3344,b8cdc3b45d4551bd472d8a8f2b8a398375e2ff2c8bcf3202222b97f4821862b4,True,34,11,0,0,58,0.15508021390374332,0,0,7,0,0,0,0,0,False,0,,0,
reports/csv/live_channel_state_tti.csv,43733,5ecf49193e9e46bd56d4f92b407d382045303a45fc166808bd48689ebe79234d,True,8,238,0,0,64,0.03361344537815126,64,0,0,0,32,0,0,0,False,0,,0,
reports/csv/live_combiner_table.csv,692,9c5817787fcc970a71b847dc9a4088a73b6c3a6f89426b47c9f43cb727a729ec,True,8,10,0,0,10,0.125,10,0,0,0,0,0,0,0,False,0,,0,
reports/csv/live_consistency_check_table.csv,31576,3e592b1b47492b0fc17dcc67d85e9543e7d46d793112d95900583d78cec4e283,True,130,8,0,0,0,0.0,0,0,0,0,1,0,0,0,False,0,,0,
reports/csv/live_control_gating_state.csv,1947,ccc7b137d08566e9fdd02a514141810bbe3b4072f8a2e0e0aafcd5f78b4722bb,True,1,61,0,0,0,0.0,0,0,0,0,0,0,0,0,False,0,,0,
reports/csv/live_control_gating_summary.csv,853,061a12cce124f0046646e9ea65a5dc09a05a3c20d8b17700caa557d49035f0c8,True,1,30,0,0,0,0.0,0,0,0,0,0,0,0,0,False,0,,0,
reports/csv/live_coreset_state.csv,53146,dba981e99e15c2483c1a673625165c4e1274e075e81b4e8a7f1457e74216c2a6,True,8,421,0,0,18,0.005344418052256532,18,0,0,0,16,0,0,0,False,0,,0,
reports/csv/live_coverage_layer.csv,1776,cc39923372984894861c7b60ffdecb89be304afcbd55682871da7160609b2363,True,1,45,0,0,0,0.0,0,0,0,0,1,0,0,0,False,0,,0,
reports/csv/live_coverage_snapshot.csv,1808,de30809aec44e8a8145a6d2a9db0145b3140f36ae58695f405ef25e5798d49cc,True,1,41,0,0,0,0.0,0,0,0,0,1,0,0,0,False,0,,0,
reports/csv/live_csi_feedback_stats.csv,3241,9331ab96ce5e1a3efa6c7e239ce4c37abd7fcfdade3ae211d4068702cbe80983,True,12,17,0,0,0,0.0,0,0,0,0,0,0,0,0,False,0,,0,
reports/csv/live_csi_feedback_table.csv,3036,bf35de09497c3c8de18cb2acc4bbb13ce64ab278a6af72abd02d2e4d5d0bb2f1,True,12,17,0,0,0,0.0,0,0,0,0,0,0,0,0,False,0,,0,
reports/csv/live_csi_output_table.csv,21692,ff522257f28a44526aafbf1f5df0a72c7c77fabebe1af2295a3b7006c56207c3,True,83,14,0,0,26,0.022375215146299483,2,0,0,0,4,0,8,0,False,0,,0,
reports/csv/live_csirs_resource_table.csv,1267,821755019565c147cdd10e91361b42af013717c5694ca736ca351c3e03485ad4,True,7,8,0,0,5,0.08928571428571429,5,0,0,0,0,0,0,0,False,0,,0,
reports/csv/live_csirs_stage_table.csv,1267,821755019565c147cdd10e91361b42af013717c5694ca736ca351c3e03485ad4,True,7,8,0,0,5,0.08928571428571429,5,0,0,0,0,0,0,0,False,0,,0,
reports/csv/live_csirs_stats.csv,1331,4c3e6f124156c4a24adf154c1353785f1fa0db7e2cec04192cbe796cac4a8c6a,True,7,8,0,0,5,0.08928571428571429,5,0,0,0,0,0,0,0,False,0,,0,
reports/csv/live_csv_write_table.csv,97647,653629b69f5f1f9de688632682c1c6c1d252b5d3a58f39d17ead600153df8cfe,True,618,8,0,0,618,0.125,0,0,0,0,6,0,2,0,False,0,,0,
reports/csv/live_db_write_table.csv,127592,76f0562cac1a12e5731edf227d11352b43626f3a7de2ee19c42e6b1871850660,True,867,8,0,0,867,0.125,0,0,0,0,10,0,2,0,False,0,,0,
reports/csv/live_decoder_summary.csv,1362,7ab6e652e3a4bfc9a520081d4fbea0f6eacc8d690ce88ffb6a4e3ea380f8c20d,True,20,10,0,0,36,0.18,0,0,3,0,0,0,0,0,False,0,,0,
reports/csv/live_dl_scheduler_grants.csv,12350,2cdd7fd0a4f3efaa1d2842da8a28c9fc7f020c31c9fdab1e6013a96d28b02d18,True,6,136,0,0,13,0.015931372549019607,12,0,0,0,0,0,0,0,False,0,,0,
reports/csv/live_drx_state.csv,168,f9a4ee27b1717ffa906baa56094d85fa9dd34b9d43315bfb2cb94303f390380c,True,1,8,0,0,0,0.0,0,0,0,0,0,0,0,0,False,0,,0,
reports/csv/live_energy_efficiency_table.csv,5430,dacc9c74430232a4389bfa3817ce381849a98efd8d2d1fc72403b2fa99ab9ffc,True,4,63,0,0,62,0.24603174603174602,54,0,0,0,0,0,0,0,False,0,,0,
reports/csv/live_error_rate_summary.csv,1861,85470286265e35ee57b691c0803c1bf1e556d5376e73b794e155c99961365662,True,4,14,0,0,6,0.10714285714285714,6,0,0,0,0,0,0,0,False,0,,0,
reports/csv/live_event_trigger_table.csv,39144,7a04d9486a001552b144a23e3c0a192da13b8b6608ecc6cdff465633cddb6b5d,True,25,72,0,0,136,0.07555555555555556,136,0,0,0,8,0,0,0,False,0,,0,
reports/csv/live_frame_grid_state.csv,6662,879dfa8d30e63074036e06623e84e309c650a97be1965cb84fbf566f28674bad,True,2,112,0,0,0,0.0,0,0,0,0,0,0,0,0,False,0,,0,
reports/csv/live_gnb_state_table.csv,1221,bd8098c7a99f5f9af04cf103e41faa98f7ab70738cbba7353308aa425375c3c3,True,1,28,0,0,0,0.0,0,0,0,0,0,0,0,0,False,0,,0,
reports/csv/live_harq_process_table.csv,2373,78dde2bd1103b79368585ea5c17fa3cf789ac6cca263e5999b452318bdcfda6d,True,4,25,0,0,0,0.0,0,0,0,0,0,0,0,0,False,0,,0,
reports/csv/live_harq_timeline.csv,2498,c5f680adb1d4f17e7ce71003c60450934c0a7dabb6d457dff29fee529a807717,True,8,31,0,0,0,0.0,0,0,0,0,0,0,0,0,False,0,,0,
reports/csv/live_hol_delay_state.csv,12350,2cdd7fd0a4f3efaa1d2842da8a28c9fc7f020c31c9fdab1e6013a96d28b02d18,True,6,136,0,0,13,0.015931372549019607,12,0,0,0,0,0,0,0,False,0,,0,
reports/csv/live_impairment_table.csv,4683,d88e6ae276a1819afa94030ff5875641fadc7f3777a4299138a0ab1406b15b5e,True,16,35,0,0,127,0.22678571428571428,0,0,0,0,0,0,0,0,False,0,,0,
reports/csv/live_interference_table.csv,1914,62fbe58a6347e54808f8c1509d3aa7fd63e17b8b359d7677a60901427476b658,True,20,11,0,0,60,0.2727272727272727,0,0,3,0,0,0,0,0,False,0,,0,
reports/csv/live_link_adaptation_input_table.csv,3202,129348c2204b2c8961d5d940bfacac866f5a074c1835c915bb2b99c6e9baea21,True,8,27,0,0,2,0.009259259259259259,2,0,0,0,0,0,0,0,False,0,,0,
reports/csv/live_link_table.csv,1796,f69e1c4903fd00dcf0b6b9be2a644a44821b09685e95a15d7b74a4afa8be4216,True,20,12,0,0,48,0.2,0,0,0,0,0,0,0,0,False,0,,0,
reports/csv/live_llr_summary.csv,1020,cbbcd86f8dff767c4a34fe5c864e1cb941c1f52aa5151f1375373804c5a1c45b,True,8,10,0,0,0,0.0,0,0,0,0,0,0,0,0,False,0,,0,
reports/csv/live_mac_ce_state.csv,545,db6d6b0e7b6e40be15252719e6ade093cb909531b4c187628aa3148b6522f4b6,True,6,10,0,0,0,0.0,0,0,4,0,0,0,0,0,False,0,,0,
reports/csv/live_mac_pdu_summary.csv,754,ab49aa7d0f0a14eded80a53618fcd9c36100c85b6273c97a34bd3eec7a7d19bc,True,8,11,0,0,0,0.0,0,0,0,0,0,0,0,0,False,0,,0,
reports/csv/live_measurement_filter_state.csv,39144,7a04d9486a001552b144a23e3c0a192da13b8b6608ecc6cdff465633cddb6b5d,True,25,72,0,0,136,0.07555555555555556,136,0,0,0,8,0,0,0,False,0,,0,
reports/csv/live_measurement_table.csv,4230,90f21d70fbecc9b554caa91570637eb6ef0e13a5cbbdeee6f1e34807dd00ed09,True,8,33,0,0,8,0.030303030303030304,4,0,0,0,0,0,0,0,False,0,,0,
reports/csv/live_mimo_state_table.csv,666,e8142c72af0e8323ece149bf691ac5807a6195e8eb546065a7fb5d429b07c12b,True,8,11,0,0,0,0.0,0,0,0,0,0,0,0,0,False,0,,0,
reports/csv/live_mobility_state.csv,39144,7a04d9486a001552b144a23e3c0a192da13b8b6608ecc6cdff465633cddb6b5d,True,25,72,0,0,136,0.07555555555555556,136,0,0,0,8,0,0,0,False,0,,0,
reports/csv/live_modulation_demodulation_trace.csv,15064,407b4d7284c77d5b15356931ac55da0f2d3df81e55d9135e17d71753d6dead54,True,8,79,0,0,16,0.02531645569620253,16,0,0,0,32,0,0,0,False,0,,0,
reports/csv/live_numerology_state.csv,6662,879dfa8d30e63074036e06623e84e309c650a97be1965cb84fbf566f28674bad,True,2,112,0,0,0,0.0,0,0,0,0,0,0,0,0,False,0,,0,
reports/csv/live_path_geometry_table.csv,205,62c89e52fb0870d652fe3629c3805aa33e30fea3fa6651c360236374236dff81,True,2,8,0,0,7,0.4375,0,0,0,0,0,0,0,0,False,0,,0,
reports/csv/live_pbch_summary.csv,26512,901bb91afe61addc8313c40cdaf9bee19eb917db83db10ffe6a607af37c0765c,True,4,356,0,0,0,0.0,0,0,0,0,8,0,0,0,False,0,,0,
reports/csv/live_pdcch_dmrs_table.csv,53146,dba981e99e15c2483c1a673625165c4e1274e075e81b4e8a7f1457e74216c2a6,True,8,421,0,0,18,0.005344418052256532,18,0,0,0,16,0,0,0,False,0,,0,
reports/csv/live_pdcch_stage_table.csv,53146,dba981e99e15c2483c1a673625165c4e1274e075e81b4e8a7f1457e74216c2a6,True,8,421,0,0,18,0.005344418052256532,18,0,0,0,16,0,0,0,False,0,,0,
reports/csv/live_pdcch_summary.csv,53146,dba981e99e15c2483c1a673625165c4e1274e075e81b4e8a7f1457e74216c2a6,True,8,421,0,0,18,0.005344418052256532,18,0,0,0,16,0,0,0,False,0,,0,
reports/csv/live_pdsch_code_block_table.csv,1440,82b6b899fedd6e2ea70b9238805a3f7ec4ffbb34b7d1f3830f55ab72cd1ac5c3,True,6,30,0,0,0,0.0,0,0,0,0,0,0,0,0,False,0,,0,
reports/csv/live_pdsch_dmrs_ptrs_table.csv,316398,7816ebbc79677eb286587915ca039460f7fdd1a68d912e0e12422294608c7f00,True,6,805,0,0,44,0.009109730848861283,44,0,0,0,24,0,0,0,False,0,,0,
reports/csv/live_pdsch_mapping_table.csv,44295,a39c817fd6f3a6a6cf91537ea27392398c22f582aae6bc0e856277ac082e1f60,True,102,21,0,0,0,0.0,0,0,0,0,0,0,0,0,False,0,,0,
reports/csv/live_pdsch_stage_table.csv,5369,579fed932694f857a0647816c4e61fc0b401f49e775343f872cfee8c83599d19,True,25,14,0,0,26,0.07428571428571429,3,0,0,0,0,0,0,0,False,0,,0,
reports/csv/live_pdsch_transport_block_table.csv,2972,9aa437d156b7db7209658d9820ad224f6c74bebc7e68222e440d0428d22012b8,True,6,32,0,0,0,0.0,0,0,0,0,0,0,0,0,False,0,,0,
reports/csv/live_per_cell_context.csv,230,b61209f4144c74300c8796e5079373d01ecd0b6cb644e51e4d82a61310e72876,True,1,9,0,0,0,0.0,0,0,0,0,0,0,0,0,False,0,,0,
reports/csv/live_per_ue_context.csv,717,43907d1430bbb1edea892194c6a466283b5530878a2e630b763d698bc31d2b31,True,1,29,0,0,0,0.0,0,0,0,0,0,0,0,0,False,0,,0,
reports/csv/live_phr_state.csv,10341,cb359a7a1959ea9cc748394dc46658d8135ef8ac91b295de8799b84a91448b76,True,36,14,0,0,21,0.041666666666666664,5,0,0,0,0,0,0,0,False,0,,0,
reports/csv/live_phy_mac_api_table.csv,4473,e3f01d1e7b977eb72d432f5c1226e2ea958aa6a2580a1752e405f1ff6e347b6c,True,25,12,0,0,0,0.0,0,0,0,0,0,0,0,0,False,0,,0,
reports/csv/live_power_runtime_table.csv,69207,f2d022a313c84aff01bd7c4aaf8721068e926ca10f04cc0549673204257b5fde,True,58,76,0,0,701,0.1590290381125227,585,0,0,0,0,0,0,0,False,0,,0,
reports/csv/live_prach_detection_table.csv,335,35ec7361141a8f30b973ed06eb04731d8a115be5148c82ba08952a5c9e2b85b5,True,1,16,0,0,0,0.0,0,0,0,0,0,0,0,0,False,0,,0,
reports/csv/live_prach_occasion_state.csv,14989,3c0c6cd08410b18f27be787dd3abcef9d0836ba578c46d752cb3a0c7026506d7,True,1,445,0,0,0,0.0,0,0,0,0,2,0,0,0,False,0,,0,
reports/csv/live_prach_stage_table.csv,14989,3c0c6cd08410b18f27be787dd3abcef9d0836ba578c46d752cb3a0c7026506d7,True,1,445,0,0,0,0.0,0,0,0,0,2,0,0,0,False,0,,0,
reports/csv/live_prb_allocation_snapshot.csv,4356,2739692a0529784734b81c7fc8aeb27e10a5040178b5ca2f0db660095208b6eb,True,8,39,0,0,80,0.2564102564102564,64,0,0,0,0,0,0,0,False,0,,0,
reports/csv/live_precoder_table.csv,1547,8d2c41f0cd3a69d335865f339837b5f6d990ef898b7fae0ee646ebe2a43a5652,True,8,13,0,0,0,0.0,0,0,0,0,0,0,0,0,False,0,,0,
reports/csv/live_pucch_f0_table.csv,19817,ec34dc27bfdf917e91bc339035b007c831db70ae1b40f3b74829c547bec3d596,True,6,177,0,0,24,0.022598870056497175,0,0,0,0,12,0,0,0,False,0,,0,
reports/csv/live_pucch_summary.csv,20438,d2aeb7b593687a03a8d5b01b7bbfb0ad77fd08d06054b1b06f20427c4f93dd8d,True,6,176,0,0,0,0.0,0,0,0,0,12,0,0,0,False,0,,0,
reports/csv/live_pusch_rx_summary.csv,266,d31f16271aa37a4b793e438300315d0669ec0b13c4d01e83c1722a3b4cf67302,True,2,11,0,0,0,0.0,0,0,0,0,0,0,0,0,False,0,,0,
reports/csv/live_pusch_stage_table.csv,10341,cb359a7a1959ea9cc748394dc46658d8135ef8ac91b295de8799b84a91448b76,True,36,14,0,0,21,0.041666666666666664,5,0,0,0,0,0,0,0,False,0,,0,
reports/csv/live_qos_state.csv,717,43907d1430bbb1edea892194c6a466283b5530878a2e630b763d698bc31d2b31,True,1,29,0,0,0,0.0,0,0,0,0,0,0,0,0,False,0,,0,
reports/csv/live_queue_state.csv,12350,2cdd7fd0a4f3efaa1d2842da8a28c9fc7f020c31c9fdab1e6013a96d28b02d18,True,6,136,0,0,13,0.015931372549019607,12,0,0,0,0,0,0,0,False,0,,0,
reports/csv/live_random_access_state.csv,14989,3c0c6cd08410b18f27be787dd3abcef9d0836ba578c46d752cb3a0c7026506d7,True,1,445,0,0,0,0.0,0,0,0,0,2,0,0,0,False,0,,0,
reports/csv/live_rank_estimation_stats.csv,1644,0d14c9b5c31f3e895c6b47288bdb2cbce0391ab22a9996af7982527773ef4d4e,True,6,17,0,0,0,0.0,0,0,0,0,0,0,0,0,False,0,,0,
reports/csv/live_re_allocation_snapshot.csv,2588106,7d14cc416331edee1254e96c4219d3667a03fca6425e26468ae4355245f27b2e,True,2918,47,0,0,40510,0.2953786475726598,34674,0,0,0,0,0,0,0,False,0,,0,
reports/csv/live_receiver_tracking_state.csv,1277,2989b0f111dd78c7aa8b6f098b6448e013d1f8be3a9e54795b1a98bc739b0192,True,1,33,0,0,0,0.0,0,0,0,0,0,0,0,0,False,0,,0,
reports/csv/live_receiver_tracking_trace.csv,4026,076565df9d73acc649027878321a059bd01e5f11088bf325654da6ae221dc5e6,True,5,33,0,0,0,0.0,0,0,0,0,0,0,0,0,False,0,,0,
reports/csv/live_required_vs_optional_case_status.csv,5962,dbbcb356bb97129445e02394fa9a700010acf30edfb1a81ce74690fdbf1cabc1,True,73,9,0,0,0,0.0,0,0,0,0,1,0,0,0,False,0,,0,
reports/csv/live_reselection_state.csv,39144,7a04d9486a001552b144a23e3c0a192da13b8b6608ecc6cdff465633cddb6b5d,True,25,72,0,0,136,0.07555555555555556,136,0,0,0,8,0,0,0,False,0,,0,
reports/csv/live_rf_power_table.csv,70634,a2a0a41dc4db70a878c2022b0a71330caf7ecf8477fa5e9cf037f88fc19c5f38,True,58,77,0,0,701,0.15696372592924318,585,0,0,0,0,0,0,0,False,0,,0,
reports/csv/live_rsrp_serving_trace.csv,35984,2d11e4ba1492e336d83b83f5d2cea8563bd013a3b850b5c95c11d8a3315fcdaa,True,25,72,0,0,221,0.12277777777777778,204,0,0,0,8,0,0,0,False,0,,0,
reports/csv/live_run_overview.csv,484,e0b4a0e4d5c80379e450ad68660ad3ccf1abe692da43f51a13c23f0669694f65,True,1,20,0,0,6,0.3,0,0,0,0,0,0,0,0,False,0,,0,
reports/csv/live_scenario_overview.csv,406,f3ac8ba31d151906e299f127feca34ab371e57a8a2235a8baac45789dd1ca688,True,1,18,0,0,1,0.05555555555555555,0,0,0,0,0,0,0,0,False,0,,0,
reports/csv/live_scheduler_cycle.csv,4711,b73e40aedc2fc54f43bb3c4eb4042c11994d65b1a8effb1ebd247cd4ba08753b,True,8,36,0,0,1,0.003472222222222222,1,0,0,0,0,0,0,0,False,0,,0,
reports/csv/live_search_space_state.csv,53146,dba981e99e15c2483c1a673625165c4e1274e075e81b4e8a7f1457e74216c2a6,True,8,421,0,0,18,0.005344418052256532,18,0,0,0,16,0,0,0,False,0,,0,
reports/csv/live_sector_table.csv,401,cbb5a1b6655921584f67c6b355897170334637c57f6c968d1d32d1deda418d34,True,1,16,0,0,0,0.0,0,0,0,0,0,0,0,0,False,0,,0,
reports/csv/live_selection_state.csv,39144,7a04d9486a001552b144a23e3c0a192da13b8b6608ecc6cdff465633cddb6b5d,True,25,72,0,0,136,0.07555555555555556,136,0,0,0,8,0,0,0,False,0,,0,
reports/csv/live_site_table.csv,351,ba0d231f95462d9825e764bff4c2f941169b617cfd03d65c7065b9c2d3d16746,True,1,11,0,0,0,0.0,0,0,0,0,0,0,0,0,False,0,,0,
reports/csv/live_sleep_state_table.csv,6100,6f3751089ab12070a588d0525bec8107052663e64718c0200fc5c1e11fcc8569,True,5,61,0,0,73,0.23934426229508196,63,0,0,0,0,0,0,0,False,0,,0,
reports/csv/live_soft_buffer_table.csv,2373,78dde2bd1103b79368585ea5c17fa3cf789ac6cca263e5999b452318bdcfda6d,True,4,25,0,0,0,0.0,0,0,0,0,0,0,0,0,False,0,,0,
reports/csv/live_sr_state.csv,8882,4a5d7d2881a11c6080b2d7bddc9c2360d607206336196cb9d3e6bef00ecfd56e,True,6,91,0,0,0,0.0,0,0,0,0,0,0,0,0,False,0,,0,
reports/csv/live_srs_channel_estimation_table.csv,16159,edae647463619e08ef5a4f9c6c55b70af26b026786f09638a744e0912c5e35ca,True,2,344,0,0,1,0.0014534883720930232,1,0,0,0,4,0,0,0,False,0,,0,
reports/csv/live_srs_stage_table.csv,16159,edae647463619e08ef5a4f9c6c55b70af26b026786f09638a744e0912c5e35ca,True,2,344,0,0,1,0.0014534883720930232,1,0,0,0,4,0,0,0,False,0,,0,
reports/csv/live_ssb_occasion_state.csv,26512,901bb91afe61addc8313c40cdaf9bee19eb917db83db10ffe6a607af37c0765c,True,4,356,0,0,0,0.0,0,0,0,0,8,0,0,0,False,0,,0,
reports/csv/live_ssb_stage_table.csv,26512,901bb91afe61addc8313c40cdaf9bee19eb917db83db10ffe6a607af37c0765c,True,4,356,0,0,0,0.0,0,0,0,0,8,0,0,0,False,0,,0,
reports/csv/live_symbol_throughput_table.csv,78895,f2b3aadfbf84f7f96bbd2e9bf27c0266e935b9184505d3c7e11e4d5c3473ca68,True,364,27,0,0,1256,0.1277981277981278,1256,0,0,0,0,0,0,0,False,0,,0,
reports/csv/live_sync_signal_state.csv,26512,901bb91afe61addc8313c40cdaf9bee19eb917db83db10ffe6a607af37c0765c,True,4,356,0,0,0,0.0,0,0,0,0,8,0,0,0,False,0,,0,
reports/csv/live_thread_orchestration_table.csv,6662,879dfa8d30e63074036e06623e84e309c650a97be1965cb84fbf566f28674bad,True,2,112,0,0,0,0.0,0,0,0,0,0,0,0,0,False,0,,0,
reports/csv/live_tracking_table.csv,1472,999dc13ace6b25cd1380a986adcd5c6298816147e04e8c4934a9db4648460c2c,True,13,12,0,0,13,0.08333333333333333,0,0,0,0,0,0,0,0,False,0,,0,
reports/csv/live_trial_overview.csv,962,b364e6bf49140e4164d9cbeef61af06ed11a042d0d0b92eb4624285e7ad922b7,True,8,10,0,0,14,0.175,0,0,0,0,0,0,0,0,False,0,,0,
reports/csv/live_trp_table.csv,424,4804447d9a886ab3138513fd3c6dd5cb2b115c274827e386320d23c7da98b4ba,True,1,18,0,0,0,0.0,0,0,0,0,0,0,0,0,False,0,,0,
reports/csv/live_truth_policy_status.csv,904,8b9818ee3353877477208f9dd42f4a09768141b1716599db6785da266c02a27f,True,10,9,0,0,0,0.0,0,0,0,0,0,0,0,0,False,0,,0,
reports/csv/live_tx_rx_stage_trace.csv,45353,549a2bba65f44332ff82538ced87da9a04710f2563aa5a36ee13f07fff622a60,True,8,264,0,0,64,0.030303030303030304,64,0,0,0,32,0,0,0,False,0,,0,
reports/csv/live_uci_table.csv,8882,4a5d7d2881a11c6080b2d7bddc9c2360d607206336196cb9d3e6bef00ecfd56e,True,6,91,0,0,0,0.0,0,0,0,0,0,0,0,0,False,0,,0,
reports/csv/live_ue_control_state.csv,10341,cb359a7a1959ea9cc748394dc46658d8135ef8ac91b295de8799b84a91448b76,True,36,14,0,0,21,0.041666666666666664,5,0,0,0,0,0,0,0,False,0,,0,
reports/csv/live_ue_measurement_state.csv,3934,acdba965aeff8d6c4b8def4c8e8b6f38a63519c0f64494fec0eedf41f440e058,True,8,23,0,0,1,0.005434782608695652,1,0,0,0,0,0,0,0,False,0,,0,
reports/csv/live_ue_power_state.csv,63505,5cf4ae0594149bf7362d53ad09be101ef3503d4741212072f9bb2817f5c31c48,True,58,68,0,0,237,0.06009127789046653,237,0,0,0,0,0,0,0,False,0,,0,
reports/csv/live_ue_state_table.csv,717,43907d1430bbb1edea892194c6a466283b5530878a2e630b763d698bc31d2b31,True,1,29,0,0,0,0.0,0,0,0,0,0,0,0,0,False,0,,0,
reports/csv/live_ue_table.csv,460,4f49a6bfd37b57af09e95705f9929b786fc4eedbc535621514d474a53e296434,True,1,15,0,0,0,0.0,0,0,0,0,0,0,0,0,False,0,,0,
reports/csv/live_ul_dmrs_table.csv,44430,234256ae35e284e2734fd65718fbbb64b72177c7da9e32e8001000dc3d1a3bbf,True,2,790,0,0,9,0.00569620253164557,9,0,0,0,8,0,0,0,False,0,,0,
reports/csv/live_ul_scheduler_grants.csv,5784,3b706d1e90bd3f314af930bd5306c618e2f04d846ef9011e2fce31726a8e6767,True,2,135,0,0,11,0.040740740740740744,10,0,0,0,0,0,0,0,False,0,,0,
reports/csv/live_user_grouping_table.csv,890,04f839a09da1a748300e49d22042c143a3650463e2bf9ff31b8a719ba1d7a292,True,8,11,0,0,8,0.09090909090909091,8,0,0,0,0,0,0,0,False,0,,0,
reports/csv/live_user_performance_snapshot.csv,719,dbd0de0f71543b6a8347e82e891783fac767eff4b12c5266ed5935373a0fdba2,True,1,29,0,0,0,0.0,0,0,0,0,0,0,0,0,False,0,,0,
reports/csv/live_waveform_preview.csv,69976,64ae55c6be3b261be743f23a1ab05aeba40094cace8d51d75984bc3415d10f8a,True,256,17,0,0,0,0.0,0,0,0,0,0,0,0,0,False,0,,0,
reports/csv/llr_histograms.csv,2139,25b042096a4a8a44238ebcfd2ffcf1df553b3515b698b56fb822d31f0fb3c97f,True,24,8,0,0,0,0.0,0,0,0,0,0,0,0,0,False,0,,0,
reports/csv/lls_block_correctness_summary.csv,2602,7a8271cac249ae6e30120fde858b75d0bfa40b37f7d406b4b6da167b07f061f8,True,14,12,0,0,5,0.02976190476190476,0,0,0,0,0,0,0,0,False,0,,0,
reports/csv/lls_implementation_register.csv,124617,a397d83ed793777dd1ac3e081f418744ff04ad23ce4393181d3d49c08f98808b,True,124,52,0,0,2275,0.3528225806451613,1612,0,0,0,3,0,0,0,False,0,,0,
reports/csv/lls_link_performance_summary.csv,721,028720a2ca35e7faadc831aa5f072ebb152db518a1957162c0ae3d1dfb660847,True,2,24,0,0,16,0.3333333333333333,16,0,0,0,0,0,0,0,False,0,,0,
reports/csv/lls_output_contract.csv,11356,a90c67651cb575509c68e5d9818fa96893b71c299acf5658dfa27a7c2b126f0e,True,18,22,0,0,48,0.12121212121212122,33,0,0,0,0,0,0,0,False,0,,0,
reports/csv/lls_output_metric_rows.csv,247357,13d47db8304da21d4684757127ead9ecf0a8003f5fa81900601c839b5bc25a18,True,788,14,0,0,619,0.05610949963741842,125,0,0,0,26,3,20,0,False,0,,0,
reports/csv/lls_output_spec_coverage.csv,68521,50a294c252ed29b48913f4d9aa0c70bbcf9c253ff00d2bcbc043faa8be3ad5cb,True,221,18,0,0,84,0.021116138763197588,0,0,0,0,8,1,6,0,False,0,,0,
reports/csv/lls_phy_outcome_summary.csv,2545,70af1a98c72fce58bd7a2372e7212cccd63787472531dcc045c32bfff912df4d,True,14,17,0,0,10,0.04201680672268908,0,0,0,0,0,0,0,0,False,0,,0,
reports/csv/lls_real_implementation_coverage_summary.csv,1599,0a093ce47be745dea7c24b7aff32a5063f67251fe6f90c78d98240460f536a53,True,12,9,0,0,10,0.09259259259259259,0,0,0,0,0,0,0,0,False,0,,0,
reports/csv/lls_reference_comparison_summary.csv,2253,c1d21b0de821ba59418809293b649fac1252a1c13dfc7261b8d4b001986a986a,True,13,10,0,0,13,0.1,9,0,0,0,0,0,0,0,False,0,,0,
reports/csv/long_run_stability_summary.csv,379,a802262788bd645d5206af1c9c85903fac0e1737498a97b85f91e88eb8709f96,True,1,11,0,0,3,0.2727272727272727,3,0,0,0,0,0,0,0,False,0,,0,
reports/csv/mcs_cqi_decision_trace_table.csv,4674,60a70bb09c6ec3d09557380ceb280a65ed09cb14fc95afaa0ed067ecb006aed1,True,8,26,0,0,5,0.02403846153846154,5,0,0,0,8,0,0,0,False,0,,0,
reports/csv/mcs_table_reference.csv,10216,dab9e849575aea6e93879bf62531ff0e3a1a2da78ae715072dbb0c51c501bb45,True,58,9,0,0,0,0.0,0,0,0,0,0,0,0,0,False,0,,0,
reports/csv/measured_sinr_timeseries.csv,1574,4c3fcb5287eeb758dce2d71a86aecc53812d40e1138cd0eb7d8e487a6118e2fe,True,8,13,0,0,0,0.0,0,0,0,0,0,0,0,0,False,0,,0,
reports/csv/measurement_output_integrity_audit.csv,1911,c80d3f76a2af1b5de1275e9f51218626675ad006a12bfeeb0d1c86c680dbece4,True,19,10,0,0,0,0.0,0,0,0,0,0,0,0,0,False,0,,0,
reports/csv/measurement_sidecar_manifest.csv,3682,1240d3c198d4e3e136f0a2eb6f170d367c87cc5f0a0304096c8d3b53f5a60024,True,19,9,0,0,0,0.0,0,0,0,0,0,0,0,0,False,0,,0,
reports/csv/measurements/beam_precoder_measurements.csv,2274,d301a6773ca98a523f2359b5641be57409351794720e2d538849b0d9632a0bb5,True,8,30,0,0,94,0.39166666666666666,94,0,0,0,0,0,0,0,False,0,,0,
reports/csv/measurements/browser_config_runtime_values.csv,71962,cb630c8009e75c87d64bb4574afa467780a095de1b2ecfd3df39e51487788332,True,1049,3,0,0,0,0.0,0,0,0,0,4,0,0,0,False,0,,0,
reports/csv/measurements/dl_pdsch_measurements.csv,20726,3ad758e4a04db59aac36b348a8456319143a1903c4471d1699ef343b329f693f,True,6,361,0,0,111,0.05124653739612189,111,0,0,0,0,0,0,0,False,0,,0,
reports/csv/measurements/noise_variance_measurements.csv,1847,a3c08af039992a87b6da5c917a0a82863f8716ace9ad93ea7852e5a34f21a5e5,True,16,8,0,0,8,0.0625,8,0,0,0,0,0,0,0,False,0,,0,
reports/csv/measurements/parameter_binding_runtime_values.csv,76178,cf379c31e028030a176bfafa48fc6d57c062406811986a462023cc1bf9ca4d7c,True,1049,3,0,0,0,0.0,0,0,0,0,4,0,0,0,False,0,,0,
reports/csv/measurements/pbch_measurements.csv,6605,2fe29e7f86143c075ecc4b5eb5139c460c8daf9a8f868bf2ed8d036f0e8d6b8a,True,4,176,0,0,72,0.10227272727272728,72,0,0,0,0,0,0,0,False,0,,0,
reports/csv/measurements/pdcch_dci_measurements.csv,949,00fbd9a8b168f7b318df287789150425dead62782f3cd00c962091994e4ade56,True,8,16,0,0,8,0.0625,8,0,0,0,0,0,0,0,False,0,,0,
reports/csv/measurements/pdcch_measurements.csv,11554,b29da9ab58855a7b569f3cb5517acb97c93786952b5a5abdde2dda36d487223d,True,8,207,0,0,178,0.10748792270531402,178,0,0,0,0,0,0,0,False,0,,0,
reports/csv/measurements/pdsch_runtime_event_measurements.csv,1405,8582e6e88875439b1f1d83a19ef13ca4ba2800fdd48905f45607bdc04c88ffd6,True,6,24,0,0,0,0.0,0,0,0,0,0,0,0,0,False,0,,0,
reports/csv/measurements/prach_detection_measurements.csv,329,39a1f334e74a059b6ef730100fcf2fc31c79856f0519544bab0cc594bcbac445,True,1,17,0,0,3,0.17647058823529413,3,0,0,0,0,0,0,0,False,0,,0,
reports/csv/measurements/prach_measurements.csv,5909,c51c351952b9082737f2a3ad8a787ddb8021767448b51de0a3552a4a652426be,True,1,235,0,0,16,0.06808510638297872,16,0,0,0,0,0,0,0,False,0,,0,
reports/csv/measurements/pucch_measurements.csv,3502,0a5e3f317404cd93f8f74805c85412947d3503085dfb6fcd151c2c84766145fc,True,6,64,0,0,18,0.046875,18,0,0,0,0,0,0,0,False,0,,0,
reports/csv/measurements/pucch_uci_measurements.csv,1026,5a655c2c1cda803e145b2aa7c2c60c72a340fcf73d978b819490a6ece61c8969,True,6,18,0,0,0,0.0,0,0,0,0,0,0,0,0,False,0,,0,
reports/csv/measurements/pusch_runtime_event_measurements.csv,684,99ea1fab0c3bc981349558c81cbf5b0036e6a414fb4287c43a8ed5dbff72e2e2,True,2,28,0,0,0,0.0,0,0,0,0,0,0,0,0,False,0,,0,
reports/csv/measurements/srs_measurements.csv,4423,af3d48c3e9abfdfc3aa4067947b04313adf4e821149d60cabe270fa1046d0c48,True,2,155,0,0,35,0.11290322580645161,35,0,0,0,0,0,0,0,False,0,,0,
reports/csv/measurements/srs_public_measurements.csv,667,4a8f563fbeb9cfc9ba87980d04ae3e0eba4642426832ef22c31431546d193ef7,True,2,21,0,0,8,0.19047619047619047,8,0,0,0,0,0,0,0,False,0,,0,
reports/csv/measurements/timing_synchronization_measurements.csv,2871,5afc021f3f88ca759cf18073ad929c6ddf9a9102b2f59cebb1a1617fcd8762c3,True,8,33,0,0,88,0.3333333333333333,88,0,0,0,0,0,0,0,False,0,,0,
reports/csv/measurements/trs_measurements.csv,7134,d20c867d5f0e414b52c8787e5086dd0ec031cc583648b5e84a7fb06a4ce11455,True,5,152,0,0,95,0.125,95,0,0,0,0,0,0,0,False,0,,0,
reports/csv/measurements/ul_pusch_measurements.csv,10985,ee333af82ca8187fd81a336ff9a5d3e450508b8b8f9e1cb702ae6362cb1664f8,True,2,342,0,0,30,0.043859649122807015,30,0,0,0,0,0,0,0,False,0,,0,
reports/csv/metric_definition_catalog.csv,2690,f51d2171be51c8456967d661b44beda729a8d7b35b17c7e8b54e28bcae6eaae3,True,13,12,0,0,5,0.03205128205128205,0,0,0,0,0,0,0,0,False,0,,0,
reports/csv/metric_unit_role_catalog.csv,1697,55766684fbed2ceec726a5a0ce1ca17a040a7805fff6616f6bdae1c9a682982f,True,13,9,0,0,5,0.042735042735042736,0,0,0,0,0,0,0,0,False,0,,0,
reports/csv/mimo_kpi_reconciliation.csv,1518,7fb7ed6e364dab0eb2f81ad6ab26429409115f41d371a35f236bf22d9f6b3fc9,True,1,56,0,0,0,0.0,0,0,0,0,0,0,0,0,False,0,,0,
reports/csv/mimo_rank_utilization_table.csv,455,30ed7ec6af2853b40126d916dba14e731808d64f025a7b7ce71feff6b9f77fb1,True,2,16,0,0,6,0.1875,4,0,0,0,0,0,0,0,False,0,,0,
reports/csv/mobility_adequacy_report.csv,853,197297b85c3518b66edd2c520e66a326931e5efdfcf317c925e558022daa1d57,True,1,31,0,0,0,0.0,0,0,0,0,0,0,0,0,False,0,,0,
reports/csv/mobility_kpi_reconciliation.csv,293,2e3b3be327b62ccf384395b89fbc8b9d567bc7195eb965911ea47db29833195c,True,1,9,0,0,0,0.0,0,0,0,0,1,0,0,0,False,0,,0,
reports/csv/modulation_shaping_outputs.csv,13247,cb525474eee77b722b1f1864273378eb44cfb43f69e2f70beec8e85106cd4446,True,57,14,0,0,54,0.06766917293233082,3,0,0,0,0,0,0,0,False,0,,0,
reports/csv/neighbor_degree_histogram_data.csv,925,a8edd86deecca0d79d01a6b26cea651add95f97a6df715d5bf2bf8ecd175f844,True,1,32,0,0,16,0.5,13,0,0,0,0,0,0,0,False,0,,0,
reports/csv/noise_reconciliation.csv,1464,4a07f663f01979b9571061231468eec797cc24ba5c2b0c30eedc8e40e6d58397,True,2,27,0,0,0,0.0,0,0,0,0,0,0,0,0,False,0,,0,
reports/csv/noise_variance_evidence_table.csv,6547,fbd3e5b57656b3f1b441d11ebd247af3c2494a93c7571b4b388288807fd30d84,True,16,21,0,0,46,0.13690476190476192,24,0,0,0,0,0,0,0,False,0,,0,
reports/csv/oracle_proxy_fallback_detector.csv,2504,b91270911b664421e9cc1f696a586c5a9ff6e8a64c9c9e93cb2f4155de05a8b8,True,14,10,0,0,13,0.09285714285714286,0,0,0,0,0,0,0,0,False,0,,0,
reports/csv/output_completeness_table.csv,81275,41c1afbe1502aee13feb16a710f9596a2d5432aab95db4051ad7b69b853a7338,True,124,49,0,0,2429,0.39976958525345624,1612,0,0,0,1,0,0,0,False,0,,0,
reports/csv/output_coverage_registry.csv,72002,fc80754a6bfeaffb1cf0d20fbb753da9d59fbcbc167dbca9ed1d34ff8dd7ad0a,True,124,43,0,0,2069,0.38803450862715677,1612,0,0,0,1,0,0,0,False,0,,0,
reports/csv/pa_reconciliation.csv,159,828dd259833e24296cc49ff3d0b431c5d7ee0be8cf3138f1a6847478d20a0b11,True,1,7,0,0,0,0.0,0,0,0,0,0,0,0,0,False,0,,0,
reports/csv/papr_reconciliation.csv,500,1f808c791adf6dcf9d8e2d7bbf6d5e872b7593804715ad03720f464bcd4cb850,True,2,9,0,0,0,0.0,0,0,0,0,0,0,0,0,False,0,,0,
reports/csv/parameter_binding_matrix.csv,1587264,b02fb10ef9bcfccd253ffea5a5eef94992cf7777fcd0b0db19a3be1270f3e4f2,True,2346,38,0,0,29219,0.32775833445506347,0,0,0,0,48,0,12,6,False,0,,0,
reports/csv/path_power_normalization_reconciliation.csv,932,c0a6276274243d9176bcbba69cee679c05b090e8da2194ec55a6a77db33c1499,True,2,16,0,0,2,0.0625,0,0,0,0,0,0,0,0,False,0,,0,
reports/csv/pdcch_control_outputs.csv,10827,9f2124ddd6058f2529027454aa481b4a4bc0141c4c84bb50b0230900bd9005b1,True,47,14,0,0,30,0.04559270516717325,0,0,0,0,0,0,0,0,False,0,,0,
reports/csv/pdcch_dci_table.csv,2958,c36ca744218cb8c0a56c32ec436bafadc8181837296ef093458450478a8192de,True,8,25,0,0,8,0.04,0,0,0,0,0,0,0,0,False,0,,0,
reports/csv/pdcch_grant_binding_evidence.csv,2512,ab510216ebe9132ed3f643c3b4f8b67da68911cf2a7408222b4eb28e271cc8d3,True,8,16,0,0,0,0.0,0,0,0,0,0,0,0,0,False,0,,0,
reports/csv/pdsch_outputs.csv,5987,ba7cd7289e7e0d704ddeef3a9aaf1fad7a323c866581cc8605115124aae8bb69,True,25,14,0,0,26,0.07428571428571429,3,0,0,0,0,0,0,0,False,0,,0,
reports/csv/pdsch_runtime_event_table.csv,3503,5a1eb5f9172f38a6cd047ec6c1c39be424422fd7bc005d44ae51e8fbaa1a75aa,True,6,41,0,0,6,0.024390243902439025,0,0,0,0,0,0,0,0,False,0,,0,
reports/csv/per_measured_sinr_comparison_tables.csv,1594,e58791f406994ff1fff132c83a88ec4b2bff8a19051bf5d079e34c06324d8cf3,True,4,25,0,0,4,0.04,4,0,0,0,0,0,0,0,False,0,,0,
reports/csv/per_scenario_summary_tables.csv,3092,9c01380f10e3ded6019dbcce31fc52f23b1298db3e269e12b148c3ca6b2e42e2,True,1,59,0,0,0,0.0,0,0,0,0,0,0,0,0,False,0,,0,
reports/csv/performance_profile_summary.csv,408,dfc56cd4409047beb440bab5356b9e0a68d2fe71b36e9b5ac86da05fd318b0da,True,1,10,0,0,0,0.0,0,0,0,0,0,0,0,0,False,0,,0,
reports/csv/persistence_audit_table.csv,66950,ca0f10c0186534ad3365b616cd62f40f83efdaaeb00a4442efcdf18a5c100f4d,True,124,37,0,0,2098,0.45727986050566694,1612,0,0,0,1,0,0,0,False,0,,0,
reports/csv/phase7_truth_gates.csv,2473,b8d60a65399505491bd882a9e8b8f3858bf9d87ff9fd4a00885c71bb400a5108,True,1,78,0,0,1,0.01282051282051282,0,0,0,0,0,0,0,0,False,0,,0,
reports/csv/phase_noise_reconciliation.csv,182,dc641f372d2117f4f835e4b3d67c6223af399e6838c58439fe0d6309d34724e4,True,1,6,0,0,0,0.0,0,0,0,0,0,0,0,0,False,0,,0,
reports/csv/phy_block_validation_matrix.csv,8323,8dc67f0cf84f1713d435e139a65993a68eb6eee06e9bb53279441128759e33ec,True,14,39,0,0,43,0.07875457875457875,7,0,0,0,0,0,0,0,False,0,,0,
reports/csv/phy_package_execution_audit.csv,983455,1c6ab3916774e3db61a86d2e78d9c006422d50b19199d09ba1ee0cd8236c5876,True,1769,27,0,0,0,0.0,0,0,0,0,30,0,0,0,False,0,,0,
reports/csv/phy_package_execution_evidence_gate.csv,671,3f1149070883d93913f4af063860b0d6301166cfcfa67f83b418c39ba40d242b,True,5,6,0,0,5,0.16666666666666666,0,0,0,0,0,0,0,0,False,0,,0,
reports/csv/phy_package_execution_summary.csv,14326,01941d0f68da16c9d0ce64911e99d9530f4c9efd885936a00f679dab864a6334,True,182,10,0,0,0,0.0,0,0,0,0,0,0,0,0,False,0,,0,
reports/csv/phy_signal_diagnostic_source.csv,40661386,4e2c55f2e75fb48ce84a20e25cd3c90bd7905db934f9f3ddf5c12411939d52af,True,36094,81,0,0,716764,0.24516369123967802,716736,0,0,0,0,0,0,0,False,0,,0,
reports/csv/phy_value_invariant_checks.csv,1682,7b3b6b550dd505f9feeef694ee16bc929df8821a13c88acb66486cfb6e18316a,True,6,17,0,0,24,0.23529411764705882,18,3,0,0,0,0,0,0,False,0,,0,
reports/csv/plot_data_lineage_summary.csv,448,fbad31d2214c586dd2689f47ea70e07e629dd459e81dd94f210ba2102da8efa1,True,1,12,0,0,1,0.08333333333333333,0,0,0,0,0,0,0,0,False,0,,0,
reports/csv/plot_data_quality_table.csv,3320,1c1580c3df6f2f8ff4bf380ad6243703c9f980a561cbd3e5616db6160bdb9518,True,27,10,0,0,68,0.2518518518518518,68,0,0,0,0,0,0,0,False,0,,0,
reports/csv/plot_manifest.csv,8791,722d863d6c14a20919ca7f10b7ff4394dcdcafbefa5e12daf9802a6c3e4f84be,True,27,27,0,0,120,0.1646090534979424,68,0,0,0,0,0,0,0,False,0,,0,
reports/csv/plot_render_status.csv,4351,e52c6f6e02f3a49a24952fb0f8a4f03fbe45cbd149887e902f5cc598ec5cb3a0,True,27,13,0,0,59,0.16809116809116809,0,0,0,0,0,0,0,0,False,0,,0,
reports/csv/plot_suppression_table.csv,3298,419a201e11aa3d4d8ec72bc3699f8fb6d74a9bc872b6b7016accb634a90ab3d7,True,27,7,0,0,32,0.1693121693121693,0,0,0,0,0,0,0,0,False,0,,0,
reports/csv/polarization_reconciliation.csv,520,336d3ca5b7916776398224cffe57caf1f6fe68a9c518756fafa35ca3712da870,True,2,13,0,0,2,0.07692307692307693,0,0,0,0,0,0,0,0,False,0,,0,
reports/csv/prach_correlation_trace.csv,420,824e1c6c0f0656cc46562fc026d4c97a4e9cb8e746373556825790462ad77b0b,True,1,20,0,0,4,0.2,4,0,0,0,0,0,0,0,False,0,,0,
reports/csv/prach_correlation_traces.csv,420,824e1c6c0f0656cc46562fc026d4c97a4e9cb8e746373556825790462ad77b0b,True,1,20,0,0,4,0.2,4,0,0,0,0,0,0,0,False,0,,0,
reports/csv/prach_detection_table.csv,598,926a0f68e660ccd54d3449a1e85b9a1dbc98b7d994ffd735b8c400aafa553807,True,1,22,0,0,4,0.18181818181818182,0,0,0,0,0,0,0,0,False,0,,0,
reports/csv/prb_allocation_heatmap.csv,51266,74a6d4deb01edb950cf61b5e68b0ed860e767500ace252ae79e46f0c7505b265,True,102,34,0,0,1224,0.35294117647058826,1020,0,0,0,0,0,0,0,False,0,,0,
reports/csv/production_qualification_gate.csv,1153,651b25f06c09923b0be623f1458f61a470a4dde0a9c24e1ae9d72d14386ec5bd,True,9,6,0,0,4,0.07407407407407407,0,0,0,3,0,0,0,0,False,0,,0,
reports/csv/provenance_sidecars/beam_precoder_provenance.csv,9664,e276a580f3cfc604ba2cfb332f8f59584e5150b6e46809f208e6750b74b86ec6,True,8,48,0,0,32,0.08333333333333333,32,0,0,0,0,0,0,0,False,0,,0,
reports/csv/provenance_sidecars/browser_config_surface_provenance.csv,1005360,8c6172543d29704870c60c8a6cbef436ad09abac2ca246ab9bef305df5b991ed,True,2346,18,0,0,8365,0.19809131382021408,8335,0,0,0,34,0,10,4,False,0,,0,
reports/csv/provenance_sidecars/dl_pdsch_provenance.csv,290565,7b5ddd6abd719edd2e751c1739be94b20e18f0cbac5cd18e5e0424f9952b3627,True,6,439,0,0,48,0.018223234624145785,48,0,0,0,24,0,0,0,False,0,,0,
reports/csv/provenance_sidecars/noise_variance_provenance.csv,6964,b46beecc1f658c7fcbce3f5b41acc3b9c7c9899fa2606a7dea51ddd88b476add,True,16,20,0,0,46,0.14375,24,0,0,0,0,0,0,0,False,0,,0,
reports/csv/provenance_sidecars/parameter_binding_provenance.csv,1695619,55102601dc7ce1a6254850fbabb1bb9c395cd1faaafbf04f4cc102e54c874673,True,2346,39,0,0,29326,0.3205237501912694,10629,0,0,0,45,0,12,6,False,0,,0,
reports/csv/provenance_sidecars/pbch_provenance.csv,20976,ea622f9889a08ff1867c2c844ea7132bc83b3f3922ceb132b000e9751e78bc31,True,4,204,0,0,8,0.00980392156862745,8,0,0,0,8,0,0,0,False,0,,0,
reports/csv/provenance_sidecars/pdcch_dci_provenance.csv,2963,19e160b300deb7a59be80440542122650cc28f5ad7ace9d4f4c43cfaa027d59c,True,8,17,0,0,0,0.0,0,0,0,0,0,0,0,0,False,0,,0,
reports/csv/provenance_sidecars/pdcch_provenance.csv,43675,9474c1546e700778d2e2c010951409fb863ebe0a74017eb0774ac243ca07683d,True,8,240,0,0,24,0.0125,24,0,0,0,16,0,0,0,False,0,,0,
reports/csv/provenance_sidecars/pdsch_runtime_event_provenance.csv,2967,34c3b2608a4168ce2b492acd2c6f67c6a6bac316d706ee770bc93cc7ef076aa5,True,6,26,0,0,6,0.038461538461538464,6,0,0,0,0,0,0,0,False,0,,0,
reports/csv/provenance_sidecars/prach_detection_provenance.csv,455,92e926d9a432a2749855109ae92c8e61d444da2ccea71751d94be9a0422a629d,True,1,13,0,0,1,0.07692307692307693,1,0,0,0,0,0,0,0,False,0,,0,
reports/csv/provenance_sidecars/prach_provenance.csv,9359,49d477621c6f8dfb1b6607b68caae295b96a85f2b99ddf156f103d1fc0e2d851,True,1,228,0,0,1,0.0043859649122807015,1,0,0,0,2,0,0,0,False,0,,0,
reports/csv/provenance_sidecars/pucch_provenance.csv,18673,8644661bdf26303b4bdbd24a1ee0c98f0be68f2688fe5419e4fde056d41d9455,True,6,124,0,0,6,0.008064516129032258,6,0,0,0,12,0,0,0,False,0,,0,
reports/csv/provenance_sidecars/pucch_uci_provenance.csv,2949,d3a68655b5f125f4a29b6c5d6122a740e486ea85c62b58f0c9b7a56945cb5638,True,6,23,0,0,0,0.0,0,0,0,0,0,0,0,0,False,0,,0,
reports/csv/provenance_sidecars/pusch_runtime_event_provenance.csv,1345,0b4f274a31d7033d2d7f5fe2fcb5437f812592a07fb970e1dacd8d5ba13811f2,True,2,30,0,0,2,0.03333333333333333,2,0,0,0,0,0,0,0,False,0,,0,
reports/csv/provenance_sidecars/srs_provenance.csv,12573,fea62120822090702b6868fb657e28d3457d192dbcae99ca9db3a18edbdca0d2,True,2,214,0,0,4,0.009345794392523364,4,0,0,0,4,0,0,0,False,0,,0,
reports/csv/provenance_sidecars/srs_public_provenance.csv,956,015361a3233166418f129223d92b66f4c0e773fb598bd879dc21bef6716d4c34,True,2,20,0,0,4,0.1,4,0,0,0,0,0,0,0,False,0,,0,
reports/csv/provenance_sidecars/timing_synchronization_provenance.csv,6494,a4ef853b182180c508871b4890dd2b43cd7d4a370342e3cc29b8184dafdcc39f,True,8,33,0,0,32,0.12121212121212122,32,0,0,0,0,0,0,0,False,0,,0,
reports/csv/provenance_sidecars/trs_provenance.csv,25019,3bec0d37bc5db53324b2c3a71bcb51715e34705bc853dfc48ec8c5c2917291db,True,5,206,0,0,10,0.009708737864077669,10,0,0,0,10,0,0,0,False,0,,0,
reports/csv/provenance_sidecars/ul_pusch_provenance.csv,29943,8ee75bba67dea73b63b8effcc2afe2e406ff831352c8270dba88dc567af8176a,True,2,430,0,0,17,0.019767441860465116,17,0,0,0,8,0,0,0,False,0,,0,
reports/csv/public_output_claim_scan.csv,1504,1cd753910191cf7804e15a95292d2068b2659222c1d027bb88bc5106487f6303,True,7,7,0,0,7,0.14285714285714285,0,0,0,0,2,0,1,0,False,0,,0,
reports/csv/publication_readiness_gate_summary.csv,335,181bc12cfd03075be5c42875ff4da49c362f1a5b55ab4c39fe0959dad94f650b,True,1,12,0,0,0,0.0,0,0,0,0,0,0,0,0,False,0,,0,
reports/csv/pucch_uci_table.csv,3307,ea769abd0632c71301edf8c718376aa9782ec055202ad0bc3d4e2d7e02d4e5aa,True,6,34,0,0,6,0.029411764705882353,6,0,0,0,0,0,0,0,False,0,,0,
reports/csv/pusch_pucch_outputs.csv,11228,0071093caf79d59ae17ff9dbca7205800a6b6d2dcd1b818205170975ce54bf8e,True,36,14,0,0,21,0.041666666666666664,5,0,0,0,0,0,0,0,False,0,,0,
reports/csv/pusch_runtime_event_table.csv,1700,0e7f2b4bcae62619c08e7053400e52a988ead89416aebc5cf7038ac1f007ef89,True,2,49,0,0,2,0.02040816326530612,0,0,0,0,0,0,0,0,False,0,,0,
reports/csv/raster_replacement_inventory.csv,1408,11877139d315cd1f53a2c497e9b8e930d99153e9ec785ec730634ccf6ed7f4f4,True,10,7,0,0,0,0.0,0,0,0,0,0,0,0,0,False,0,,0,
reports/csv/raw_to_derived_lineage.csv,29533,9a9cc17f681a1730fc8721493f23cb7c0993a9e163d25383a33f9ce169f0d440,True,83,10,0,0,100,0.12048192771084337,0,0,0,0,5,0,0,0,False,0,,0,
reports/csv/real_phy_path_evidence.csv,19404,581ecf7c14794f55acedaa7bc8ce62c7be0ab3bc288f171c360baeac1632e97a,True,98,7,0,0,28,0.04081632653061224,0,0,0,0,0,0,0,0,False,0,,0,
reports/csv/reference_signal_measurements.csv,5709,9344b3031898f9beb0fc49cde1e78bc774e869819a5c1a21bfbd9ec35dcd2c16,True,17,22,0,0,51,0.13636363636363635,51,0,0,0,0,0,0,0,False,0,,0,
reports/csv/reports_all_artifacts_v.csv,129114,cf6b78c5e8bbfde614c3e168defe84b95afa1a8cf4a2b711f181d7246e88e575,True,877,8,0,0,877,0.125,0,0,0,0,10,0,2,0,False,0,,0,
reports/csv/reports_all_enums_v.csv,3427,ea989917b5f9721b94d248bf710225ba62536f7a17b38e9028119ebd6dc6c9b0,True,59,5,0,0,0,0.0,0,0,0,0,0,0,0,0,False,0,,0,
reports/csv/reports_all_scalars_v.csv,533,899c5d7fa6be2b8701915a2283cee6a5bf0ce64b5e403fde63854c1a652b59db,True,6,5,0,0,0,0.0,0,0,0,0,0,0,0,0,False,0,,0,
reports/csv/reports_config_vs_measured_conflicts_v.csv,744,4e2b1402fe62d27907755f5731657439bd361ac7caa05bb4e56618f2e291b075,True,3,8,0,0,5,0.20833333333333334,0,0,0,0,0,0,0,0,False,0,,0,
reports/csv/reports_partial_or_missing_v.csv,31572,00ce49224d9d2e9177698224391b142eeccb825187104657d2f2d91d44881c26,True,130,8,0,0,0,0.0,0,0,0,0,1,0,0,0,False,0,,0,
reports/csv/reports_stage_lineage_v.csv,4900,ff2c678274cebeb9dff3ee7f0a6aa7174e44bc188f082b0f336790a639c8f550,True,20,4,0,0,0,0.0,0,0,0,0,0,0,0,0,False,0,,0,
reports/csv/reports_status_rollup_explanations_v.csv,31572,00ce49224d9d2e9177698224391b142eeccb825187104657d2f2d91d44881c26,True,130,8,0,0,0,0.0,0,0,0,0,1,0,0,0,False,0,,0,
reports/csv/reports_truth_violations_v.csv,31572,00ce49224d9d2e9177698224391b142eeccb825187104657d2f2d91d44881c26,True,130,8,0,0,0,0.0,0,0,0,0,1,0,0,0,False,0,,0,
reports/csv/reports_value_semantics_coverage_v.csv,3427,ea989917b5f9721b94d248bf710225ba62536f7a17b38e9028119ebd6dc6c9b0,True,59,5,0,0,0,0.0,0,0,0,0,0,0,0,0,False,0,,0,
reports/csv/resource_overhead_analytics_table.csv,1628,2525f9ce44d9eeaca97aef9efcd78116f5e8e7439abefe540005b5d3d592be71,True,2,34,0,0,28,0.4117647058823529,24,0,0,0,0,0,0,0,False,0,,0,
reports/csv/result_issue_registry.csv,255,e0201f0970d21fc1a0a12f217891da26ca41e2c4e1d6b27db01576620f21467f,True,0,21,0,0,0,0.0,0,0,0,0,0,0,0,0,True,1,header_only_no_rows,0,
reports/csv/result_issue_registry_evaluation.csv,558,79c3ae8ed23fa49a696bdca8ec40c5ff4c0e4d5e5fab2ac636f66d00b37b91b7,True,1,10,0,0,0,0.0,0,0,0,0,0,0,0,0,False,0,,0,
reports/csv/result_status_summary.csv,4361,6aff53d6d44b445c5178b7182eb85f6e2535262d8d60e9be370be9f4c6b48a7e,True,1,117,0,0,10,0.08547008547008547,4,0,0,2,0,0,0,0,False,0,,0,
reports/csv/rf_chain_definition.csv,306,c9664ac2b6837d3f3944488f8b2be72463d3b46d56690011d9509e0ea86bef35,True,1,10,0,0,0,0.0,0,0,0,0,0,0,0,0,False,0,,0,
reports/csv/run_classification.csv,559,61fa990cbddb60c9095a45e74f999c6ac1728182b4aa8ad41127b1772f7b24fe,True,1,15,0,0,0,0.0,0,0,0,0,0,0,0,0,False,0,,0,
reports/csv/run_metadata_outputs.csv,15333,a0476486c38857eec59f785dadd2e020d18325f75d03561654b86d2eaf69ce42,True,53,14,0,0,91,0.12264150943396226,33,0,0,0,0,0,6,0,False,0,,0,
reports/csv/run_state.csv,1473,168fe111f17025b8441554059076457405a81e3ba02c3b66e5aecee5d4c40699,True,1,42,0,0,1,0.023809523809523808,1,0,0,0,0,0,0,0,False,0,,0,
reports/csv/runtime_call_graph.csv,1441,df0729b06206b2598f0bdf0ac17e914e2f53fb66432ad8c324b1476f210d2bf8,True,9,6,0,0,0,0.0,0,0,0,0,0,0,0,0,False,0,,0,
reports/csv/runtime_call_ledger.csv,34464,ba5059b93b923981c268448ff4e4ecf4d25e5a76aa58581d946a253174f56bdb,True,103,12,0,0,0,0.0,0,0,0,0,0,0,0,0,False,0,,0,
reports/csv/runtime_config_application_evidence.csv,40043,f88e7e1d071b3f9d5c09e71a7fd17be2a7ff12f39d35a854aa4cf6f8787d0040,True,88,20,0,0,264,0.15,264,0,0,0,7,0,0,0,False,0,,0,
reports/csv/runtime_function_call_edges.csv,7457381,48624daa076fa10cda98f2635bcf639109aa0cb33083a387c6f937400704e764,True,20000,9,0,0,0,0.0,0,0,0,0,620,0,18,4,False,0,,0,
reports/csv/runtime_function_profile.csv,3150582,d50b1c780c08dce433044f832263bbae2fadaef2deae831883686851cf79f952,True,8323,14,0,0,7,6.007449237053947e-05,0,0,0,0,235,0,4,4,False,0,,0,
reports/csv/runtime_operating_mode.csv,6533,81c94e18a883f6cd50c981a88e1631c17f7a04510d17ee16ee38092dcd5c454d,True,2,112,0,0,8,0.03571428571428571,8,0,0,0,0,0,0,0,False,0,,0,
reports/csv/runtime_profiler_summary.csv,286,615b3cac1e642258ed85b054de475efd1cb1e975da961f40b20b97ecd39cd262,True,1,10,0,0,0,0.0,0,0,0,0,0,0,0,0,False,0,,0,
reports/csv/runtime_stage_profile.csv,5523,ee4de52cb49f7ad5286221d5a16a812dc426b01e1daa02567566ea878e798d57,True,20,9,0,0,0,0.0,0,0,0,0,0,0,0,0,False,0,,0,
reports/csv/runtime_value_source_dictionary.csv,32173,8556e2b76e204d112bedce569570ec88fb1c9c179e68645b01aafd90b3aea871,True,84,14,0,0,82,0.06972789115646258,0,0,0,0,12,0,1,0,False,0,,0,
reports/csv/scenario_consistency_check_table.csv,6406,7196615e2aee601db2c5cc66423d9886f49905005a5e6679e5032e716712ae7c,True,11,35,0,0,178,0.4623376623376623,143,0,0,0,0,0,0,0,False,0,,0,
reports/csv/scenario_objective_gates.csv,2047,77accfd468ad84d2a7980fe978e0d023ca4e732b17b618bb4cb0798c9e091295,True,8,14,0,0,19,0.16964285714285715,0,0,0,0,0,0,0,0,False,0,,0,
reports/csv/scenario_summary.csv,4393,6f85ed9bedc1d4382a08fa224e9c490e6c54db728bc9f10437e9695c6ce5e037,True,1,94,0,0,0,0.0,0,0,0,0,0,0,0,0,False,0,,0,
reports/csv/scheduler_kpi_reconciliation.csv,264,1d6caf9ab0f73fddb63de42b02a35f964c3113321d3e0ac3260cb6ee69411454,True,1,9,0,0,1,0.1111111111111111,0,0,0,0,0,0,0,0,False,0,,0,
reports/csv/sector_utilization_summary_table.csv,1113,3e2ef57bb34f94ba4bf6f7199101241ea4f86bdc6d41c2a2ddbd69e2a93da574,True,1,32,0,0,13,0.40625,10,0,0,0,0,0,0,0,False,0,,0,
reports/csv/sectors.csv,401,cbb5a1b6655921584f67c6b355897170334637c57f6c968d1d32d1deda418d34,True,1,16,0,0,0,0.0,0,0,0,0,0,0,0,0,False,0,,0,
reports/csv/serial_parallel_determinism.csv,213,b216d76aee326536397d0af65a248cd94783bc108106956a491c84638f0dc282,True,1,7,0,0,0,0.0,0,0,0,0,0,0,0,0,False,0,,0,
reports/csv/serving_cell_population_table.csv,1101,baf70fc7eb2b041466067560cd4845855300b69d2c472f57e6d58081e2df1931,True,1,35,0,0,15,0.42857142857142855,12,0,0,0,0,0,0,0,False,0,,0,
reports/csv/sites.csv,351,ba0d231f95462d9825e764bff4c2f941169b617cfd03d65c7065b9c2d3d16746,True,1,11,0,0,0,0.0,0,0,0,0,0,0,0,0,False,0,,0,
reports/csv/sixgr_source_file_execution_inventory.csv,983455,1c6ab3916774e3db61a86d2e78d9c006422d50b19199d09ba1ee0cd8236c5876,True,1769,27,0,0,0,0.0,0,0,0,0,30,0,0,0,False,0,,0,
reports/csv/sixgr_source_function_execution_inventory.csv,8500132,440cf5d968f5c1868031eaeef6a525c7349f99a168fff220a41779839dcbaf97,True,16299,24,0,0,0,0.0,0,0,0,4,285,2,34,40,False,0,,0,
reports/csv/slot_trace.csv,21256,64fd2d058a96c9cea463870b62a716383e99b5e20227f7a2c06b2566fc0ee268,True,25,62,0,0,99,0.06387096774193549,63,0,0,0,0,0,0,0,False,0,,0,
reports/csv/srs_measurement_table.csv,1315,ee7e06c79e42590d28ee189fe633e942d3445b32d8d37b05640141cfd95afb8d,True,2,33,0,0,12,0.18181818181818182,8,0,0,0,0,0,0,0,False,0,,0,
reports/csv/ssb_pbch_cell_search_table.csv,1374,fcd47107e8a4f926729c3b7df451324fe12f684236d46777a1499dac2684df57,True,4,19,0,0,0,0.0,0,0,0,0,0,0,0,0,False,0,,0,
reports/csv/standards_claim_audit.csv,1179,2ea2067513197780aca8595586d2b3c7769ca6d3e237f34f5001656369764394,True,1,16,0,0,1,0.0625,0,0,0,0,2,0,1,0,False,0,,0,
reports/csv/statistical_qualification_gate.csv,349,bdcc4f57c22648ecdaa87bf8a95e19bcc56362c8bb1133f59998b6e60e23b168,True,2,6,0,0,0,0.0,0,0,0,0,0,0,0,0,False,0,,0,
reports/csv/strict_anchor_acceptance_report.csv,2788,085f9981c553bc0cf9611e356f503c04c03ad6ce5817796abf832cf2e314cdce,True,17,9,0,0,16,0.10457516339869281,0,0,0,0,0,0,0,0,False,0,,0,
reports/csv/study_to_runtime_measurement_registry.csv,2829,d1b6bf18f54d398acd29e2f5c1bbf3c735fbb99e08759bc33e04681a72b4e44f,True,6,8,0,0,0,0.0,0,0,0,0,0,0,0,0,False,0,,0,
reports/csv/summary_vs_raw_consistency.csv,6850,6419ade02059f2c8de11386f43e6f0357a4a06f655ed04cc439f9571e2851ef6,True,8,11,0,0,0,0.0,0,0,0,0,0,0,0,0,False,0,,0,
reports/csv/table_channel_summary.csv,1088,02aada2af97a1823018d1b883fa59893696d9f2531fe1e2122068bebbfdd7bfd,True,1,33,0,0,14,0.42424242424242425,11,0,0,0,0,0,0,0,False,0,,0,
reports/csv/table_cqi_pmi_ri.csv,4670,db3c7fbcb4f31843865eb5e64c8b5d4cb54de7ad48c0145778dec22033796732,True,8,36,0,0,105,0.3645833333333333,89,0,0,0,0,0,0,0,False,0,,0,
reports/csv/table_dl_transport_block.csv,3459,77532d27dad963403a64b278dfcb03fb8ed39f555599ec7d283cbcc46aefe01a,True,6,43,0,0,66,0.2558139534883721,54,0,0,0,0,0,0,0,False,0,,0,
reports/csv/table_field_availability_matrix.csv,18604,19a19cc35ddda15d167eed3f341d3c2981c931d484a4ec72296c0ecd20e6f2c4,True,173,9,0,0,24,0.015414258188824663,0,0,0,0,0,0,0,0,False,0,,0,
reports/csv/table_gnb_cell.csv,1411,a6b99a978d478d53587e6b0f32862d2970266b642189e463c9a49609bc7ef27f,True,1,41,0,0,13,0.3170731707317073,10,0,0,0,0,0,0,0,False,0,,0,
reports/csv/table_harq_process.csv,2769,1e84f8f11a2556206378e194e7f628d730600a1a8092ce9b3b22c4cce4383d73,True,4,37,0,0,48,0.32432432432432434,40,0,0,0,0,0,0,0,False,0,,0,
reports/csv/table_latency.csv,5538,94d845825220b5ddf90cb5e155dcd8c927de469d5c4ce3bf2d9ff2bfe0389d9e,True,8,37,0,0,88,0.2972972972972973,72,0,0,0,0,0,0,0,False,0,,0,
reports/csv/table_link_budget.csv,5271,dec72b25c17cded4bd951166017b6c4422293a23904f3d8ed83007639ac4ca1d,True,8,33,0,0,98,0.3712121212121212,82,0,0,0,0,0,0,0,False,0,,0,
reports/csv/table_mcs_tbs_evolution.csv,7605,893f10465e4ca842bce9bac6e62a167d6ee1e4599a2000e6a356d6924a1c7609,True,8,61,0,0,102,0.20901639344262296,84,0,0,0,8,0,0,0,False,0,,0,
reports/csv/table_noise_interference.csv,5219,35c8ab3c3cfd8085b1ad79e886b7c60c752853a6607e17f9aea9db998401a8e1,True,8,33,0,0,104,0.3939393939393939,88,0,0,0,0,0,0,0,False,0,,0,
reports/csv/table_scenario_topology.csv,1453,0f2741425bea52c7a68bbfa9af80a35eb259811ff654cdd4f2a348bbc17d4afe,True,1,55,0,0,16,0.2909090909090909,13,0,0,0,0,0,0,0,False,0,,0,
reports/csv/table_ul_transport_block.csv,1460,4fbad020e042185ed393b620aba817de246f5a4a9e17c2d0c3e4a62cbcbe27eb,True,2,43,0,0,22,0.2558139534883721,18,0,0,0,0,0,0,0,False,0,,0,
reports/csv/throughput_reconciliation.csv,219,1bce5f23f6b8a7a1135726213c014ec806bec69ab4171eddfdce8d816b80d036,True,1,9,0,0,1,0.1111111111111111,0,0,0,0,0,0,0,0,False,0,,0,
reports/csv/time_profile_calls.csv,24168,f250fab0413959aedb778bb4fdea39ce52c1d557b5ab6a3061897716536c58d2,True,66,13,0,0,8,0.009324009324009324,8,0,0,0,2,0,0,0,False,0,,0,
reports/csv/time_profile_coverage.csv,2266,74e228cae6a4d0d8727a44c41414a71b245381b009bd2a23bcb3d87c652b64f7,True,9,10,0,0,7,0.07777777777777778,0,0,0,0,0,0,0,0,False,0,,0,
reports/csv/time_profile_summary.csv,498,043e4c2b3b6c1aa57585dc9a15612f775f72fd0642772d560adc2414063b0d2b,True,1,15,0,0,0,0.0,0,0,0,0,0,0,0,0,False,0,,0,
reports/csv/timing_offset_reconciliation.csv,328,a1e3267778efc7a6260330675c1e2652c152cbb3c78b77966cde06a48363017b,True,2,9,0,0,0,0.0,0,0,0,0,0,0,0,0,False,0,,0,
reports/csv/timing_positioning_runtime_evidence.csv,1290,519d736a1c3b8bb2645113705ba50ddd1031b75c719913e54d1596208fe86fc6,True,2,15,0,0,0,0.0,0,0,0,0,0,0,0,0,False,0,,0,
reports/csv/tod_toa_trace.csv,4053,84d66e8edb87d25c4d218d02c93fd3abe4a24a2ce8ebda046e92755ed3b2c327,True,8,23,0,0,0,0.0,0,0,0,0,0,0,0,0,False,0,,0,
reports/csv/top50_visualization_contract.csv,11860,c70f327c196b5a4abe0c42e2c2cbc03cce80281a083297bb2d137a9bea5c79c8,True,50,7,0,0,41,0.11714285714285715,0,0,0,0,60,0,0,50,False,0,,0,
reports/csv/top50_visualization_evidence_inventory.csv,19919,97e25c54bc5fe501ca4bedb708bd613d30c96274784377b6c3887fb6549f9c7d,True,50,14,0,0,114,0.16285714285714287,0,0,0,0,60,0,0,50,False,0,,0,
reports/csv/topology_density_table.csv,1273,b6cba9830ee02f1e1cc05bccfb4955a747a65c0b7b0b9ea8286f820c7ec777d9,True,1,41,0,0,16,0.3902439024390244,13,0,0,0,0,0,0,0,False,0,,0,
reports/csv/trajectory_geometry.csv,8481,00e6ced22595e4a8ecdeb38fb126eb4bf7b1921f6b7c43f1750aad0026a0b00f,True,25,29,0,0,0,0.0,0,0,0,0,0,0,0,0,False,0,,0,
reports/csv/trps.csv,424,4804447d9a886ab3138513fd3c6dd5cb2b115c274827e386320d23c7da98b4ba,True,1,18,0,0,0,0.0,0,0,0,0,0,0,0,0,False,0,,0,
reports/csv/trs_receiver_tracking_table.csv,1896,b206c9ef0b22b83d518bfd0bbc71e1f688f6bed6f84eaedc57a06ed4ab20aa6b,True,5,20,0,0,15,0.15,0,0,0,0,0,0,0,0,False,0,,0,
reports/csv/truth_contract_failures.csv,154,2f393dbc196cc9e56d647007ac979d86261e431d40679b3e56018726a0ea8071,True,0,10,0,0,0,0.0,0,0,0,0,0,0,0,0,True,1,header_only_no_rows,0,
reports/csv/truth_contract_summary.csv,2756,bcb2ed35200c3d5d5ec314f2cc823a907c08742807e2ab818dea7fa7e24edd85,True,1,94,0,0,0,0.0,0,0,0,0,0,0,1,0,False,0,,0,
reports/csv/truth_primary_artifact_scan.csv,5614,3737815047a5132276099b62ea733dc971e26b955a7f1fefff4778e5242828a3,True,25,5,0,0,0,0.0,0,0,0,0,0,0,0,0,False,0,,0,
reports/csv/two_mode_acceptance_gates.csv,278,64f6d61c9ba16ef6083a1d9848292f13dca4aade4dbcadf8669fb32de28b76b3,True,1,9,0,0,2,0.2222222222222222,0,0,0,0,0,0,0,0,False,0,,0,
reports/csv/ues.csv,460,4f49a6bfd37b57af09e95705f9929b786fc4eedbc535621514d474a53e296434,True,1,15,0,0,0,0.0,0,0,0,0,0,0,0,0,False,0,,0,
reports/csv/ui_feature_filter_audit.csv,12912503,471830f0d519e623a09882884fe2720feb197d0e81a62776b474811ff281bb91,True,100878,5,0,0,5622,0.011146136917861179,0,0,0,0,473,0,86,86,False,0,,0,
reports/csv/ul_resource_grid_heatmap.csv,24518,43669a9c9144612ad6405365f8a8dee2eefd64eb9076cac0fb1f80093e648e45,True,50,33,0,0,600,0.36363636363636365,500,0,0,0,0,0,0,0,False,0,,0,
reports/csv/unavailable_plot_card_registry.csv,65,ac158b4c8af3962d552485e9aced11c576c6eb77e0ae4761c13dc17ada367d74,True,0,5,0,0,0,0.0,0,0,0,0,0,0,0,0,True,1,header_only_no_rows,0,
reports/csv/validation_messages.csv,119,cd1392223e6e02484cbfdd6a8888daa1dbae8345e78cc9ffecaf1ac729d2e89f,True,1,3,0,0,0,0.0,0,0,0,0,0,0,0,0,False,0,,0,
reports/csv/value_source_audit.csv,32424,4be59306c6d489714145159e18e87b70f44e9ebba92aabf4ee4ebce15eec876c,True,76,17,0,0,68,0.05263157894736842,0,0,0,0,19,0,2,0,False,0,,0,
reports/csv/visual_artifact_audit.csv,251100,dd8bec6deddbe0e0f61e483ea6f3a4afb172f2124424df233d1986abd3e8791c,True,603,27,0,0,4827,0.2964805601621522,0,0,0,0,6,0,12,6,False,0,,0,
reports/csv/visual_artifact_integrity.csv,94268,90145ed07fc8492c04639e6a631cbf27b4c444e651e0aa2191063c7814321fd1,True,316,14,0,0,374,0.08453887884267632,0,0,0,0,2,0,4,2,False,0,,0,
reports/final/final_campaign_summary.csv,921,558ef44263ee638a1151e5c3f77f0b676f6b13008a742bb89cab4a105a0c4520,True,1,31,0,0,3,0.0967741935483871,3,0,0,0,0,0,0,0,False,0,,0,
reports/final/final_defect_register.csv,841,62d72417aec3e0bea25bba603213f7fa3bb68302fc6bcc9e963d51f1b9966798,True,15,4,0,0,0,0.0,0,0,0,0,0,0,0,0,False,0,,0,
reports/final/final_kpi_tables.csv,151,436324f067c85f36fe36255d7454e41897eb8b82a463f26b09f1362463e80aef,True,1,3,0,0,0,0.0,0,0,0,0,0,0,0,0,False,0,,0,
reports/final/final_scientific_claims_matrix.csv,741,dca80d714849cccb14bfd72b618da135b458984b5766247ea923757f8c5fc955,True,7,3,0,0,0,0.0,0,0,0,0,1,0,0,0,False,0,,0,
rf/csv/energy_model_terms.csv,2461,2d3273d0f2e1658fb9ed0b2699d01fcd5d92bc91d25181715b5a4a13ac7bd49b,True,12,8,0,0,0,0.0,0,0,0,0,0,0,0,0,False,0,,0,
rf/csv/energy_timeline_trace.csv,20831,5f0503774d283c2ee14d6da9f87881ce61ea92bab7598a19df03f3d3cc2d6446,True,58,37,0,0,275,0.12814538676607642,275,0,6,0,0,0,0,0,False,0,,0,
rf/csv/iq_imbalance_timeline_trace.csv,2691,ecf7a9325bfe1fbfb7df8aff83fe2d5d66e0a2b8692ebb9f4e71be70a7dd2394,True,8,28,0,0,0,0.0,0,0,0,0,0,0,0,0,False,0,,0,
rf/csv/power_energy_table.csv,41718,d913d89b7768fe71585b1d2260d974decee05b422fac17911b2f1cb52112c702,True,58,54,0,0,1143,0.3649425287356322,915,0,0,0,0,0,0,0,False,0,,0,
rf/csv/probe_rf_energy.csv,4786,600c27608327c5104b337fa7b9d9a0846735ac9f74b6804c406fb3db6f05c85b,True,20,10,0,0,4,0.02,2,0,0,0,2,0,0,0,False,0,,0,
rf/csv/probe_rf_iq_imbalance.csv,1739,2c3a10d7d2bdb0b50ab6f7dc2ba7ba5c78e486a52904767d3a083051196863aa,True,3,25,0,0,0,0.0,0,0,0,0,0,0,0,0,False,0,,0,
runtime/csv/artifact_transactions.csv,253657,10292b1717688ecae439e4efd6fee5b64bd3e6c90f79f2351bd352bc860efccc,True,598,20,0,0,2990,0.25,0,0,0,0,4,0,0,0,False,0,,0,
runtime/csv/progress_heartbeat.csv,29559,cc762b3b4447ec62c601a3b0ee51f98396d53a39e8f09b2a938374a9f1cd788d,True,51,19,0,0,204,0.21052631578947367,0,0,0,0,6,0,0,0,False,0,,0,
runtime/csv/stage_timing_events.csv,1233,e3339c33bb7101a4db0e1f1286e3e7083d698c7104f95da7e2e6b8dfc479b821,True,2,19,0,0,8,0.21052631578947367,0,0,0,0,0,0,0,0,False,0,,0,
storage/csv/capture_budget_validation.csv,151,0f4b1fdef6d32aa6e94520ebfb24efea4bbba3537bbb704ce1b15ca48be680a9,True,1,4,0,0,0,0.0,0,0,0,0,0,0,0,0,False,0,,0,
storage/csv/capture_policy.csv,265,4cbda9c0a29feb5b2954610a5a33babc3d1c6a0f37d6dfa6425bdfc7efa2cb2a,True,1,6,0,0,0,0.0,0,0,0,0,0,0,0,0,False,0,,0,
storage/csv/capture_volume_estimate.csv,267,c231b041ce594aa6a43d660d818da5ec5a012f05109c2cafc9d66abcb970c676,True,1,11,0,0,0,0.0,0,0,0,0,0,0,0,0,False,0,,0,
storage/csv/raw_capture_schedule.csv,260,d149b8341ca3f6761c3fb5e2ac72d3e26b0e41a9303e4889b92346915f27b0c5,True,3,4,0,0,2,0.16666666666666666,2,0,0,0,0,0,0,0,False,0,,0,
waveform/csv/final_tx_iq_capture_manifest.csv,1535,5da99a35b1058348d356af4e7ea939a01b6b3b7df2fd9f2ebc70e269bf827f6c,True,2,23,0,0,0,0.0,0,0,0,0,0,0,0,0,False,0,,0,
waveform/csv/final_tx_iq_dl.csv,655824,76c1c4407d11d31c3e7991dacbc7086ee2b0db95bb1655302a4c93c8d02b9a61,True,7680,6,0,0,0,0.0,0,0,0,0,0,0,0,0,False,0,,0,
waveform/csv/final_tx_iq_dl_port1_keysight.csv,258822,65d09b7feb4292fb01bcb0915acc075998c2db3be8467a6af1b5b77673918a57,True,7680,2,0,0,0,0.0,0,0,1535,0,0,0,0,0,False,1,headerless_keysight_iq_contract,0,
waveform/csv/final_tx_iq_dl_port2_keysight.csv,258822,65d09b7feb4292fb01bcb0915acc075998c2db3be8467a6af1b5b77673918a57,True,7680,2,0,0,0,0.0,0,0,1535,0,0,0,0,0,False,1,headerless_keysight_iq_contract,0,
waveform/csv/final_tx_iq_ul.csv,456488,813f9f9609ded6aad05322eb5a00880e2225df15a85136df340207c5c70fa5b3,True,7680,4,0,0,0,0.0,0,0,0,0,0,0,0,0,False,0,,0,
waveform/csv/final_tx_iq_ul_port1_keysight.csv,295740,a9998c148ed7298dbd8af37964a5b3a7b6e5c1826701328f44dd23b499792481,True,7680,2,0,0,0,0.0,0,0,768,0,0,0,0,0,False,1,headerless_keysight_iq_contract,0,
