sha256,copy_count,relative_paths
002bf51e3e1a550a569773d9c77cc9ce92ba73d8bee648d0ce1297fdf3e771bf,2,reports/csv/contract__generic-investigator-views__config-vs-measured-conflict-dashboard.csv|validation/csv/contract__generic-investigator-views__config-vs-measured-conflict-dashboard.csv
013083a420df2b6fef15f2636810900ce4714d8ad4248d3e9416a0580c7c0117,2,reports/csv/table_latency.csv|traffic/csv/table_latency.csv
01fd3aec8572761aa09f5987c548a96588d5154d6a7dcb97aef0f04481401698,2,reports/csv/live_re_allocation_snapshot.csv|validation/csv/live_re_allocation_snapshot.csv
023200cd9070ab61cbe250133fa1b73ebef8fcfe80e8e37608bc55686a17e5d2,2,reports/csv/contract__power-energy-thermal-compute-runtime__efficiency-scatter-plots.csv|validation/csv/contract__power-energy-thermal-compute-runtime__efficiency-scatter-plots.csv
03116ec37c488187222aeadfb676e96d228c90139293d1e6a9f9a22afb2e1f5d,2,pdsch/csv/live_pdsch_stage_table.csv|reports/csv/live_pdsch_stage_table.csv
0362258c63d5ae23d479ae19ea887ed062ac700d30185ff0d81d7047c5726db9,2,air_interface/csv/dl_pdsch_trials.csv|pdsch/csv/dl_pdsch_trials.csv
0366882379df70517ef7862fd8395a44a340c8a661513a92ddb6f01a13560317,4,pucch/csv/live_uci_table.csv|reports/csv/live_sr_state.csv|reports/csv/live_uci_table.csv|validation/csv/live_sr_state.csv
03a7cbc44ebe4385b8c875df7d1944e1d7fbd366dc9a5d3956769403d1b1e976,6,reports/csv/live_per_ue_context.csv|reports/csv/live_qos_state.csv|reports/csv/live_ue_state_table.csv|traffic/csv/live_qos_state.csv|validation/csv/live_per_ue_context.csv|validation/csv/live_ue_state_table.csv
03bb0ebd8f60560c69f5b070a95ae8066573290f34f59c86ed554a0cc9fb094f,2,control/csv/msg3_pusch_trials.csv|pusch/csv/msg3_pusch_trials.csv
03bdf0ac25d3531579cd670b39d0d67442f50a69bda76caf83d3b0e836525a1e,2,control/csv/pbch_recovery_trials.csv|ssb/csv/pbch_recovery_trials.csv
03d95196f6e92f392c533d8dd6f40eec146f8754af55244513bbdf970648d8c9,2,air_interface/csv/pdcch_trials.csv|pdcch/csv/pdcch_trials.csv
040f0b390cbad85661f96d6f6d38a77bf7bf26b523a765ab4909f7f259d43a2a,2,control/csv/rrc_connection_events.csv|l3/csv/rrc_connection_events.csv
0429ff9a3c77a0877fdc0de55f72ad5cb49870d84c4965af155e1c3b3d0f68a0,2,analytics/csv/contract__export-consistency-truth-analytics__csv-vs-db-consistency.csv|validation/csv/contract__export-consistency-truth-analytics__csv-vs-db-consistency.csv
043043c786b997aa6528e5bc76f97c0a4f83db807fec15c2dec42dcd0d6e94ca,2,mac_harq_scheduler/csv/table_harq_process.csv|reports/csv/table_harq_process.csv
043ae1234d8211d224d251e19089d9754d3765e43534440f922e0fa5133a601f,2,beamforming/csv/beam_management_event_trace.csv|mimo/csv/beam_management_event_trace.csv
04485ec6d84e52ca50cd7b757eb66f27ade86e6725b0ec96272ec2a96214eb37,2,pdcch/csv/contract__air-interface-frame-slot-symbol-grid__coreset-search-space-occupancy-chart.csv|reports/csv/contract__air-interface-frame-slot-symbol-grid__coreset-search-space-occupancy-chart.csv
052dc986a5bd708b5f7f071ca5822b398370c7915bc25913bf65bd10d0efd434,2,analytics/csv/contract__error-reliability-analytics__bler-vs-snr.csv|validation/csv/contract__error-reliability-analytics__bler-vs-snr.csv
05e3be777bfe876e78f8766d9cae144fa692ed055d24a9c5d85fc38fe8920114,2,reports/csv/plot_render_status.csv|validation/csv/plot_render_status.csv
0641c962b668ced7ee8bccfef5cdb66c8f831966020d1907c1c1ca5eb44e0f10,2,control/csv/ssb_pbch_table.csv|ssb/csv/ssb_pbch_table.csv
06756a9edde92a7884c60a43532c9c0343d4555b9e4b9e1f2966bc6dcd3756ec,2,analytics/csv/contract__error-reliability-analytics__fer-vs-snr.csv|validation/csv/contract__error-reliability-analytics__fer-vs-snr.csv
0703c53150748c2f090a8ae0812e819b7fc50199b08037f2f27f6c35520a815d,2,mimo/csv/live_mimo_state_table.csv|reports/csv/live_mimo_state_table.csv
0750656ef0b7556188cbe9e06824bb0d6debae4235448e781e0f91206cf67cf6,3,analytics/csv/change_impact_analytics.csv|analytics/csv/regression_analytics.csv|analytics/csv/regression_delta_view.csv
07af5e21f293bdb148065ab7a5b1d58924bce9b9826d67475e62669e5d551315,2,pucch/csv/contract__pucch-f0-f1-f2-f3-f4__crash-error-timeline.csv|reports/csv/contract__pucch-f0-f1-f2-f3-f4__crash-error-timeline.csv
07ce8c05ee1892f4aa2cf651ec4806cbde6b7df0e0191a601e35eaa036db912f,2,analytics/csv/contract__constellation-evm-analytics__evm-per-symbol.csv|waveform/csv/contract__constellation-evm-analytics__evm-per-symbol.csv
0887e4a98dbf90a085143b411643a1be27365ae58d903ce37b1bccac113a93c6,6,reports/csv/reports_partial_or_missing_v.csv|reports/csv/reports_status_rollup_explanations_v.csv|reports/csv/reports_truth_violations_v.csv|validation/csv/reports_partial_or_missing_v.csv|validation/csv/reports_status_rollup_explanations_v.csv|validation/csv/reports_truth_violations_v.csv
0894f496d7ae6b6e14c83010a88fd918be454512ba2035a4e0ac972e305e1e80,2,pusch/csv/pusch_runtime_event_measurements.csv|reports/csv/measurements/pusch_runtime_event_measurements.csv
095ffd7f20429c796dd704dad84d933ff0f41dfa882e429a09b08b042308fd8c,2,air_interface/csv/live_measured_sinr_summary.csv|air_interface/csv/lls_measured_sinr_summary.csv
0968eb5149365e52a842f81ce84444e137a7d6c3c85dec1322919e2b4c0b9fd8,4,prach/csv/prach_correlation_trace.csv|prach/csv/prach_correlation_traces.csv|reports/csv/prach_correlation_trace.csv|reports/csv/prach_correlation_traces.csv
09c25e7db1c5944cf34f32365a36b98a38ff644d640c4394d184ddb558b9f316,2,mac_harq_scheduler/csv/contract__harq-ack-nack-retransmission__combining-gain-histogram.csv|reports/csv/contract__harq-ack-nack-retransmission__combining-gain-histogram.csv
09deaad9ad03c6b0d3eb4652f43b992a0588d36fca9fbd1df13afc2a6bf27609,5,air_interface/csv/ssb_pbch_sib1_beam_sweep.csv|beamforming/csv/ssb_beam_sweep.csv|beamforming/csv/ssb_pbch_sib1_beam_sweep.csv|initial_access/csv/ssb_pbch_sib1_beam_sweep.csv|ssb/csv/ssb_beam_sweep.csv
0a4e919fc456e0dc6a2cf2fa6d6e17131e9e19526fd50135aae00fe010e56c9f,2,analytics/csv/contract__resource-grid-re-occupancy-analytics__dmrs-ptrs-occupancy-map.csv|reference_signals/csv/contract__resource-grid-re-occupancy-analytics__dmrs-ptrs-occupancy-map.csv
0a537b20fd606350438291acf1f1baa16511e9442e103297aed1613e6616ea21,2,reports/csv/phy_value_invariant_checks.csv|validation/csv/phy_value_invariant_checks.csv
0ac356cce5f21fcb4b78545909d53567dfb4eca957b76438e3b635589b4a3883,2,pdsch/csv/contract__pdsch-dl-data-chain__dmrs-ptrs-occupancy-plot.csv|reports/csv/contract__pdsch-dl-data-chain__dmrs-ptrs-occupancy-plot.csv
0adc09b6f5352a812798e39860d23270415cfc51a4733a42cfd4352316a4912b,2,analytics/csv/contract__beamforming-precoding-mimo-analytics__mu-grouping-analytics.csv|mimo/csv/contract__beamforming-precoding-mimo-analytics__mu-grouping-analytics.csv
0af28cc59e907bf9e915674a3b7a8132639c3a6e428d0525f20967ec071b4f99,3,control/csv/reference_signal_measurements.csv|reference_signals/csv/reference_signal_measurements.csv|reports/csv/reference_signal_measurements.csv
0b380f9f3191948aa3fee5a6492a5784351bf7b9829dc7495d88f374154b4793,2,analytics/csv/contract__resource-grid-re-occupancy-analytics__prach-opportunity-map.csv|prach/csv/contract__resource-grid-re-occupancy-analytics__prach-opportunity-map.csv
0bdeb85656211ee916a00b3771de415cb51ce0e70a7d2a4fa565505d4b0105db,2,raw/evidence/tables/rawtrials_srs.csv|reference_signals/csv/rawtrials_srs.csv
0be851dd613bd34c0a76311cc000ef56e002b8ac7758dec6edef3f5af3134dcc,2,reference_signals/csv/cqi_table_reference.csv|reports/csv/cqi_table_reference.csv
0c1e6b0082e7b285777031e7d388bee640a6d3b0d8bed7ed776a2af883248e68,2,prach/csv/contract__prach-random-access__noise-floor-trend.csv|reports/csv/contract__prach-random-access__noise-floor-trend.csv
0c2ef4a1900c0b356d3f8613f2a348728b0909165c3e3618934e9508e4c2069f,2,channel/csv/resolved_channel_rf_configuration.csv|configuration/csv/resolved_channel_rf_configuration.csv
0c8b9966047e8ca6a54825e5f3c27d88e532b64f85e0012529aa7ce7c1f13194,2,reports/csv/contract__csi-rs__port-usage-chart.csv|validation/csv/contract__csi-rs__port-usage-chart.csv
0cb44d539c6b140a5d9683dc76f29b07354b727afc479d89c2fb9802072c5fa4,2,reports/csv/mcs_table_reference.csv|validation/csv/mcs_table_reference.csv
0cc8f7cd7bfcea67b368e68e296f19320167fa79b642411bced93d583e3bae82,2,analytics/csv/contract__throughput-goodput-spectral-efficiency-analytics__throughput-over-time.csv|waveform/csv/contract__throughput-goodput-spectral-efficiency-analytics__throughput-over-time.csv
0ccaaf67476d2178e57ef27ecb752af1ab37a1a960247f63538dbd85058fb1f2,2,channel/csv/serving_cell_assignment.csv|geometry/csv/serving_cell_assignment.csv
0d557b77bcaa288d5eec560cddfc6fd460074a1da30c0eb8be306c125d8a1adf,2,beamforming/csv/rank_layer_trials.csv|mimo/csv/rank_layer_trials.csv
0dc38a7aa77cb0d61220f0f392c169370d48dc4f131b2f812eba10506d2f80fc,2,reports/csv/measurements/pbch_measurements.csv|ssb/csv/pbch_measurements.csv
0e19c2b6e64193ee5dd1cfe8a2a38ec5ebe4b301e59a5c6ce323f27989839d6d,8,pdsch/csv/live_dl_scheduler_grants__0e19c2b6e641.csv|reports/csv/live_buffer_status.csv|reports/csv/live_dl_scheduler_grants.csv|reports/csv/live_hol_delay_state.csv|reports/csv/live_queue_state.csv|validation/csv/live_buffer_status.csv|validation/csv/live_hol_delay_state.csv|validation/csv/live_queue_state.csv
0e28a6eaba3f23c3e013f716114fe84d0d70f5c4b58c3dc53c3e52976bff227a,2,reports/csv/run_metadata_outputs.csv|validation/csv/run_metadata_outputs.csv
0f72e26bc1e61086748da466b3f044e7d5e6874850f9e64b05ba9952c00bdaa5,2,reports/csv/contract__power-energy-thermal-compute-runtime__papr-distribution.csv|validation/csv/contract__power-energy-thermal-compute-runtime__papr-distribution.csv
0f8e57a52099cb0973b68a0c74a54b6b6600b59b174212dc2a332b004f7e40c2,2,analytics/csv/contract__export-consistency-truth-analytics__summary-vs-raw-contradiction-checks.csv|validation/csv/contract__export-consistency-truth-analytics__summary-vs-raw-contradiction-checks.csv
0fa8ba6721c5e723c0c010400618e90561e10bb58bb750813d96f5841f1d38f1,2,reports/csv/campaign_evidence_audit.csv|validation/csv/campaign_evidence_audit.csv
0fa8e3363f10a95de03abd5dfaef25a5ad30b5674d584e57adf7c983d1addaaa,2,raw/evidence/tables/rawtrials_ssbbeamsweep.csv|ssb/csv/rawtrials_ssbbeamsweep.csv
10c0b1c6f46ac92afec930ad5ca6fb097cfc5e6b9b85155c46a1703e27b4c859,2,pucch/csv/contract__pucch-f0-f1-f2-f3-f4__uci-bit-count-distribution.csv|reports/csv/contract__pucch-f0-f1-f2-f3-f4__uci-bit-count-distribution.csv
11838a456a10d0f6f7554d6ad714c02d66a4bdf86bbaa33c1e99a36e926e813e,2,reports/csv/contract__csi-rs__csi-rs-resource-occupancy.csv|validation/csv/contract__csi-rs__csi-rs-resource-occupancy.csv
11ec31d74ad7eb8f45eac49dfbea90881c80b7eb4cd12baa301bcf5ae8dd2e2f,2,analytics/csv/contract__constellation-evm-analytics__constellation-per-codeword.csv|waveform/csv/contract__constellation-evm-analytics__constellation-per-codeword.csv
1235e84ddc33e07405480cd9eab8b46719811d1710e197de4c89b36e252717b2,2,control/csv/srs_trials.csv|reference_signals/csv/srs_trials__1235e84ddc33.csv
12cf14ed3207c47a172515300bf279f22a47e0aab558ef09e80fdcfdcc67d9ce,2,reports/csv/output_coverage_registry.csv|validation/csv/output_coverage_registry.csv
12cf68c4b4ef37c9c56ef6bb554043eb6a75f1ffb1d584288731993399dcc7bb,2,analytics/csv/contract__impairments-tracking-analytics__iq-imbalance-summary.csv|validation/csv/contract__impairments-tracking-analytics__iq-imbalance-summary.csv
12ff868157c8407399099f268eee473dc2f0e615bc06b3ff1502e268969f940a,2,mac_harq_scheduler/csv/contract__scheduler-mac-queue-qos-power-control-uci-flow__scheduled-prbs-per-ue-over-time.csv|reports/csv/contract__scheduler-mac-queue-qos-power-control-uci-flow__scheduled-prbs-per-ue-over-time.csv
13416cb15bbfcc64f21c4d8e234553dbc601481c85ed211d08101855d6d73fa6,2,reports/csv/ssb_pbch_cell_search_table.csv|ssb/csv/ssb_pbch_cell_search_table.csv
148cebf627538e4ba3524ee6eabf999787d5f81d64185139314fa3de64769f31,2,channel/csv/table_channel_summary.csv|reports/csv/table_channel_summary.csv
14ec4f9a110f2bd823c13ca915f45d0f5c03abb156e1c82564bad87b0ad21155,2,analytics/csv/contract__detection-control-analytics__far.csv|validation/csv/contract__detection-control-analytics__far.csv
152dbdee3aff7a656161b191b0935ac3bd6ccc706f0f2c3f343189c236b4a5a8,2,reports/csv/conformance_matrix_runtime_audit.csv|validation/csv/conformance_matrix_runtime_audit.csv
15c5ed6b55ff3952df0bdb78edc8341c2b1e4b2500fa0cce0a15b97edf1e09f7,2,mimo/csv/beam_precoder_provenance.csv|reports/csv/provenance_sidecars/beam_precoder_provenance.csv
1665af43dc0ffb8ace690e65338509225eeaaa5c7a9d21c0014fd6dcd037a516,2,mac_harq_scheduler/csv/scheduler_ue_summary.csv|packet_flow/csv/scheduler_ue_summary.csv
168ce7c926ec55c8470584364ded404f6657d26618ce1272b38d2bfd94c79507,2,analytics/csv/contract__resource-grid-re-occupancy-analytics__pusch-map.csv|pusch/csv/contract__resource-grid-re-occupancy-analytics__pusch-map.csv
16d34375cefb1db91247f474dcf3424310bac93120f383ca0699954003ba2a67,2,reports/csv/truth_primary_artifact_scan.csv|validation/csv/truth_primary_artifact_scan.csv
171eb7884645621fc8c619161d81a9e5c5f86caf66c085f0e9af0e47878f0855,2,reports/csv/contract__fixed-snr-sinr-sweep-validation__ul-bler-vs-snr.csv|validation/csv/contract__fixed-snr-sinr-sweep-validation__ul-bler-vs-snr.csv
1744b0cd02ea1ea71d25461f378f299cbeaf5c811bd97d2759df9102447b80e7,2,reports/csv/lls_implementation_register.csv|validation/csv/lls_implementation_register.csv
18d74d836844ae3d2a2c38e0eb9da46d57b89549e465fd68881cfcdfe7d07820,2,channel/csv/trajectory_constraint_conflicts.csv|mobility/csv/trajectory_constraint_conflicts.csv
18f78994c495660250f6939aa6d0652ce6390a432b1397afcbb6484945918727,2,artifact_generation/contract_catalog_snapshot.csv|validation/csv/contract_catalog_snapshot.csv
19a85cbaa6d19ec01b1cb5539b8d4a256e6ff25512164346054a52cff8a7d694,2,analytics/csv/contract__throughput-goodput-spectral-efficiency-analytics__fairness-index-trend.csv|waveform/csv/contract__throughput-goodput-spectral-efficiency-analytics__fairness-index-trend.csv
19c46c63365e4762e392b6e923e084df381bf9036a7a167711a373b8f7c85673,2,reference_signals/csv/trs_receiver_tracking_table__19c46c63365e.csv|reports/csv/trs_receiver_tracking_table.csv
1a92666a48f3b52c902c889268009327d91965022b3fe921120733c662bf6532,2,analytics/csv/contract__power-energy-efficiency-analytics__sleep-idle-active-state-occupancy.csv|validation/csv/contract__power-energy-efficiency-analytics__sleep-idle-active-state-occupancy.csv
1ab1231a85da99850e411096adafa61f3f1fefa145280f64e685f6e0fab53953,2,mac_harq_scheduler/csv/contract__scheduler-mac-queue-qos-power-control-uci-flow__grant-reason-distribution.csv|reports/csv/contract__scheduler-mac-queue-qos-power-control-uci-flow__grant-reason-distribution.csv
1b7765db1544bb2ab3530f560f48095567d92c972aa4563607f8e3bdfbf1071f,2,reports/csv/kpi_reconstruction_summary.csv|validation/csv/kpi_reconstruction_summary.csv
1b7bb82b6e98e0d70ee40c8488cd7010a2034a89ae9d610d1cb8fdeb4b488247,2,reports/csv/chart_source_registry.csv|validation/csv/chart_source_registry.csv
1be556d24f277670174428c1f9425e53085afb2ae22c28735ff1ef6572be8315,2,channel/csv/channel_estimation_tracking_outputs.csv|reports/csv/channel_estimation_tracking_outputs.csv
1c19dc02f61cd6c19df879c02e0bdd8db1608a1eec3f6ed0b6e304fa216e31b3,2,control/csv/pdcch_dci_table.csv|pdcch/csv/pdcch_dci_table.csv
1c8137367e5cd04e8a1db5b0a7bdbfee4267c3f62db029ac66651f68f2450fd6,2,analytics/csv/contract__detection-control-analytics__p-fa.csv|validation/csv/contract__detection-control-analytics__p-fa.csv
1cb52a63260151b4239062b35985504222339a1788b94a928c24080d66c0da97,2,reports/csv/contract__generic-investigator-views__partial-or-missing-data-dashboard.csv|validation/csv/contract__generic-investigator-views__partial-or-missing-data-dashboard.csv
1cc3dfac631362512b79f7c24e7ace7fac3c0dda2237ff86f69863562a48d9d7,2,reports/csv/live_user_grouping_table.csv|validation/csv/live_user_grouping_table.csv
1df651edd50acaaccc65ac5e606259071f2354c6bbac5b5f12e3128743e21dd7,2,reports/csv/plot_suppression_table.csv|validation/csv/plot_suppression_table.csv
1df943e2ffc2cd9ca1e9a275f48a4efb2d7ec2c44323cfdab5a2848596efc381,2,analytics/csv/contract__measurement-csi-link-adaptation-analytics__quality-vs-selected-mcs-mismatch-plot.csv|validation/csv/contract__measurement-csi-link-adaptation-analytics__quality-vs-selected-mcs-mismatch-plot.csv
1e0b7cb31355872b7cc552297a299a8709d3c4ec8c8a6f9abda908987ba730f3,2,control/csv/csi_rs_table.csv|reference_signals/csv/csi_rs_table.csv
1e4629a5add25bee37997b66337484da0d04c77acd9b64b653ac0acdb26dcf00,2,channel/csv/ue_initial_positions.csv|geometry/csv/ue_initial_positions.csv
1ea62bbf08b8a036d38c01e3d546524303e3b44989eea5d7eb85c7344e71c3c2,2,reports/csv/live_scenario_overview.csv|validation/csv/live_scenario_overview.csv
1f460b4de08a4c1407d3fe9dac2b0536c492fd48f36dcf7e537346b6b31dfc76,2,reports/csv/bler_vs_measured_posteq_sinr_bins_diagnostic.csv|validation/csv/bler_vs_measured_posteq_sinr_bins_diagnostic.csv
202dc512a587fb428dee9e8f2ccf0dce883b81f4dbe851e204ee0a570202fd3e,2,channel/csv/channel_array_consistency.csv|reports/csv/channel_array_consistency.csv
20900e664f3ef1c8bb2749f8fbc37e6edd2e7c4003a74d890196faaee42f7ad1,4,reports/csv/live_site_table.csv|reports/csv/sites.csv|validation/csv/live_site_table.csv|validation/csv/sites.csv
20ab3ea90fcee1bbac94af6a33c2b5605d9ce1998a90559b0560f7b7cca860b7,2,reports/csv/live_artifact_write_table.csv|validation/csv/live_artifact_write_table.csv
210bbe9a2b8fcc55310cb7178f0dd6e443237863c599d9d1656b511ec817b23c,2,analytics/csv/contract__harq-analytics__retransmission-rate-trend.csv|mac_harq_scheduler/csv/contract__harq-analytics__retransmission-rate-trend.csv
2140deff1b484485374f33fbee0855218ae90b87232fbb349a845c21ef2070da,2,channel/csv/live_channel_realization_table.csv|reports/csv/live_channel_realization_table.csv
218ba6907a9aff7dedc5016b2a882198ec295f0a83bf1bf0090208b8e4871d6f,2,channel/csv/topology_nodes.csv|geometry/csv/topology_nodes.csv
2213c8d2ec5ab2d195d98f524c9d9addb821fd74e491f4c8b16f8c8df620f5c7,2,analytics/csv/contract__measurement-csi-link-adaptation-analytics__selected-mcs-distribution.csv|validation/csv/contract__measurement-csi-link-adaptation-analytics__selected-mcs-distribution.csv
2310ac42d845a9d3c95820a4e28932ac366c59319fe9de6811b2eff3404a88a5,2,analytics/csv/contract__throughput-goodput-spectral-efficiency-analytics__per-cell-throughput.csv|waveform/csv/contract__throughput-goodput-spectral-efficiency-analytics__per-cell-throughput.csv
242d7dff1e953947ca2b969abf951607abcfd145768eb8d602faf30444d85fe5,2,harq/csv/probe_harq_summary.csv|mac_harq_scheduler/csv/probe_harq_summary.csv
24a8444f04f1b5207362bad40340f1414ab4a41b3b49277e20d7c5372296acea,2,pdcch/csv/pdcch_dci_table__24a8444f04f1.csv|reports/csv/pdcch_dci_table.csv
250714aeab063b8214e24b1f0b7b80f393d3a6f31354aa9d0b202054680adbf2,3,control/csv/control_gating_summary.csv|reports/csv/live_control_gating_summary.csv|validation/csv/live_control_gating_summary.csv
2567d5c8d62e6e1ccce18d73196f7349118e424dc1faa654f0e636e0bc021862,2,channel/csv/pathloss_reconciliation.csv|mobility/csv/pathloss_reconciliation.csv
25ecfe4f3bec45f6b71a0fe9c4e147fe614f267a7f27ea720d28b7757f033158,2,analytics/csv/contract__power-energy-efficiency-analytics__joules-gb.csv|validation/csv/contract__power-energy-efficiency-analytics__joules-gb.csv
263013203e7c6278223ab4a449c54e6eb0ff92c6a3c266f9d130793c5fd2e8c4,2,pusch/csv/ul_pusch_provenance.csv|reports/csv/provenance_sidecars/ul_pusch_provenance.csv
265a67d8cbc05187f945c5ab2ac22072a9ced6324035667d778eb8b8cd48b83d,2,packet_flow/csv/live_dl_scheduler_grants.csv|pdsch/csv/live_dl_scheduler_grants.csv
268bd9f050c9079599b5d339a1a5b138269c50d934ebfde9d5b6e0bc57991479,2,analytics/csv/contract__detection-control-analytics__pbch-pdcch-pucch-detection-and-decode-timelines.csv|ssb/csv/contract__detection-control-analytics__pbch-pdcch-pucch-detection-and-decode-timelines.csv
269422ba0bdd0f4aa532ff3f8ce73c47d9b820bf4273e560f7e78a36f55d84c3,2,reports/csv/contract__air-interface-frame-slot-symbol-grid__dl-ul-guard-slot-pattern-chart.csv|validation/csv/contract__air-interface-frame-slot-symbol-grid__dl-ul-guard-slot-pattern-chart.csv
26a747deec636de493a401808e0d0df35e9a5ca1697635ccc12887c9fae963e0,2,analytics/csv/contract__throughput-goodput-spectral-efficiency-analytics__goodput-over-time.csv|waveform/csv/contract__throughput-goodput-spectral-efficiency-analytics__goodput-over-time.csv
26b550f615d8452020c111b30bc7876be499aef658df174cad76c1b5f6a71ac3,2,analytics/csv/contract__detection-control-analytics__p-md.csv|validation/csv/contract__detection-control-analytics__p-md.csv
272e85858614859d9cd008e173337fef86ea63d6ea51ef15a76ec25121f63517,4,analytics/csv/contract__resource-grid-re-occupancy-analytics__re-occupancy-heatmap.csv|reports/csv/contract__air-interface-frame-slot-symbol-grid__re-occupancy-heatmap.csv|validation/csv/contract__air-interface-frame-slot-symbol-grid__re-occupancy-heatmap.csv|validation/csv/contract__resource-grid-re-occupancy-analytics__re-occupancy-heatmap.csv
275b750a1a404678006a783fbad78be479fb6ab58cc53acd9c24b8e7e0df2a23,2,reports/csv/compare_run_prerequisites.csv|validation/csv/compare_run_prerequisites.csv
2769b63f9fc60530817d0ac8ec80d4f0c3ec12fac34987f4f2a255bcfef9a549,2,reports/csv/hotspot_analytics_table.csv|validation/csv/hotspot_analytics_table.csv
27ee6ade0abc32d5dc4a6511e5e90ca75e45d1c3014287c831ee00c76f10188a,2,reports/csv/contract__generic-investigator-views__truth-violation-rollup.csv|validation/csv/contract__generic-investigator-views__truth-violation-rollup.csv
28519f21851058eaf2f3e75e7537008cb7f9c82f1ad5a77088d84283e8776db5,2,reports/csv/measurements/timing_synchronization_measurements.csv|validation/csv/timing_synchronization_measurements.csv
2864176713c3350b22e287943ef341159d029b6c29424ae6cfcc070e8a109529,11,analytics/csv/parallelism_analytics.csv|frame_grid/csv/live_bwp_state.csv|frame_grid/csv/live_frame_grid_state.csv|frame_grid/csv/live_numerology_state.csv|reports/csv/live_bwp_state.csv|reports/csv/live_carrier_config.csv|reports/csv/live_frame_grid_state.csv|reports/csv/live_numerology_state.csv|reports/csv/live_thread_orchestration_table.csv|validation/csv/live_carrier_config.csv|validation/csv/live_thread_orchestration_table.csv
2875d7744f1c9b4d238c6c8da9ca48f64371bff380e1aa3011557ddf2063929c,2,analytics/csv/contract__measurement-csi-link-adaptation-analytics__per-layer-quality-plot.csv|validation/csv/contract__measurement-csi-link-adaptation-analytics__per-layer-quality-plot.csv
289dd1a20651b8200a4d5d7f32f825c287f39ad40fd3522dcb1e3106aa590a59,2,raw/evidence/tables/rawtrials_dlconstellation.csv|waveform/csv/rawtrials_dlconstellation.csv
2917fec94c97048e005876f69bbdabc0d3faf3259ba0b3e7e43ad9a643786ab0,2,pusch/csv/live_pusch_rx_summary.csv|reports/csv/live_pusch_rx_summary.csv
294ae8b6c23158d9b9e2f5ac26d71303fddaa816d5fc75ec855d7eea1742acd3,2,reports/csv/contract__run-trial-scenario-overview__error-warning-fallback-stacked-time-series.csv|validation/csv/contract__run-trial-scenario-overview__error-warning-fallback-stacked-time-series.csv
2a4006b8971b5131e5f23cd8fd46c7243d7411589e41ebc97eda36a3235b123b,2,pdsch/csv/pdsch_runtime_event_provenance.csv|reports/csv/provenance_sidecars/pdsch_runtime_event_provenance.csv
2a5a71dbf736df892744b54783cacd3789c840c97d7062476e1ea58311f5e8a5,2,reports/final/final_campaign_summary.csv|validation/csv/final_campaign_summary.csv
2a6991e0f8519c3f00cb2980bab72788eabcf32e9c26c8c213c3d1a700172c59,2,reports/csv/contract__run-trial-scenario-overview__run-health-timeline.csv|validation/csv/contract__run-trial-scenario-overview__run-health-timeline.csv
2a7bfb25e3a36524fafc30b0477ddc85888558184dbfea529cd860a382364766,2,reports/csv/latency_reconciliation.csv|traffic/csv/latency_reconciliation.csv
2abf67d8fafe590556b9afadd649c6aa3d67f56227ec655d3b2b8452e4ee6712,2,reports/csv/config_ownership_matrix.csv|validation/csv/config_ownership_matrix.csv
2aec8f6744359092a804dfd1d3a867433eb659ad96f1b80422c02cd6c9b8ab47,2,channel/csv/live_channel_estimation_tti.csv|reports/csv/live_channel_estimation_tti.csv
2b189a1f801cb46762872b240684022ea626583209c045d5ea74b4bf1364bcdc,2,reports/csv/live_link_table.csv|validation/csv/live_link_table.csv
2c0a2fa8a5257731aff97f0a741315622377422030f4a9af61f176408c1f9bd1,2,analytics/csv/contract__error-reliability-analytics__per-ue-and-per-cell-reliability.csv|validation/csv/contract__error-reliability-analytics__per-ue-and-per-cell-reliability.csv
2c5c942c1b910bd2087d13a88e04045a2043bd6ac3981bfc9a259545df65beec,2,channel/csv/contract__channel-interference-impairments__channel-quality-timeline.csv|reports/csv/contract__channel-interference-impairments__channel-quality-timeline.csv
2c68fe35a9474fec73cbfa5fce96c0acfdd73115a07009845e3d9d0d40d0f175,2,air_interface/csv/harq_combining_gain.csv|mac_harq_scheduler/csv/harq_combining_gain.csv
2c8455db63a9109e982bcaf41c8b3b2fc6a78604bf39983d4adfac3a0430d6fe,2,reports/csv/resource_overhead_analytics_table.csv|validation/csv/resource_overhead_analytics_table.csv
2ca38cc9ef5b97da7c7d674a248e38def827da797ccd638b70cd9fb0a9e2dd41,2,channel/csv/contract__scenario-geometry-topology-layout__bs-sector-ue-topology-scatter-plot.csv|reports/csv/contract__scenario-geometry-topology-layout__bs-sector-ue-topology-scatter-plot.csv
2ca9a25ddf6ad6327cfff5971483b9bc6af8bde4cae12ca676fbf6cbf22f1454,2,air_interface/csv/csi_rs_trials.csv|reference_signals/csv/csi_rs_trials.csv
2db2569aa39fce3de883ee9ef09a21500188aae33b8e8c6c7a4d487d3e222207,2,mimo/csv/contract__beamforming-precoding-mimo-massive-mimo__beam-hit-rate-timeline.csv|reports/csv/contract__beamforming-precoding-mimo-massive-mimo__beam-hit-rate-timeline.csv
2dc49d07fbc9fa2c2c1f3706fd01313fd156d01befedb425c873086c7aca24d0,2,pdsch/csv/contract__pdsch-dl-data-chain__tb-size-over-time.csv|reports/csv/contract__pdsch-dl-data-chain__tb-size-over-time.csv
2de9102b611dc5181338902a664edf9c87d57fd2691b6faed5310dff8a8753da,4,mimo/csv/live_beam_management_procedure_stats.csv|mimo/csv/live_beam_selection_stats.csv|reports/csv/live_beam_management_procedure_stats.csv|reports/csv/live_beam_selection_stats.csv
2e57eff72fdb6b92e6db76484738f859974a6bf7c66888cefdb3a446dd4026bc,2,channel/csv/geometry_validation.csv|geometry/csv/geometry_validation.csv
2e6aff02a6238019a8eccb6b753af19a765779edfa5517afe58e7a3de8760b51,2,mac_harq_scheduler/csv/scheduler_kpi_reconciliation.csv|reports/csv/scheduler_kpi_reconciliation.csv
2ec1675798198059eedb7e15271d9ab324df0386a4d3ab8ebbc5e6b1df8950f7,2,reports/csv/sector_utilization_summary_table.csv|validation/csv/sector_utilization_summary_table.csv
2ec7dce061bd7c63bb6f136fe266cd6af5246995bfefde9620978d43cd660ea0,2,components/prach/csv/prach_detection_trials.csv|prach/csv/prach_detection_trials.csv
2ecbd226010828e5e4d19b147933248cb7ae394e6e65de55c6c7a1b3d367d19c,4,reports/csv/live_measurement_table.csv|reports/csv/live_ue_measurement_state.csv|validation/csv/live_measurement_table.csv|validation/csv/live_ue_measurement_state.csv
2f352bd1c3a1932f8008ab3c88bdc64af963369645b2b9e8ace811007989fb0f,2,analytics/csv/contract__spectrum-psd-papr-analytics__occupied-bandwidth.csv|waveform/csv/contract__spectrum-psd-papr-analytics__occupied-bandwidth.csv
2f393dbc196cc9e56d647007ac979d86261e431d40679b3e56018726a0ea8071,2,reports/csv/truth_contract_failures.csv|validation/csv/truth_contract_failures.csv
2fb4ee1ab02b853b6462e8f15c4210781c82181d54923b4caa1bd04ffba33094,2,reports/csv/contract__run-trial-scenario-overview__required-vs-failed-case-bar-chart.csv|validation/csv/contract__run-trial-scenario-overview__required-vs-failed-case-bar-chart.csv
302b4b2cea2c36725fa2dd9c7ae35d1d4fb880128726fdce6ee175b4060c3862,2,reports/csv/parameter_binding_matrix.csv|validation/csv/parameter_binding_matrix.csv
3083e3031ef09ac7904246defc0b31e720f2e83175975cb66d2d0f00251ae74f,2,analytics/csv/contract__power-energy-efficiency-analytics__dl-tx-power-per-cell-beam-ue.csv|validation/csv/contract__power-energy-efficiency-analytics__dl-tx-power-per-cell-beam-ue.csv
30c6627c8982fb51d74c30fd5134cf9818f04d46d1f75f836f1eacdb66f34bf8,2,mimo/csv/mimo_kpi_reconciliation.csv|reports/csv/mimo_kpi_reconciliation.csv
3143ade4ce86f33926ee9930750fff2ea1df38e51ad50eabb561d1befc3acddb,2,analytics/csv/contract__power-energy-efficiency-analytics__energy-bit.csv|validation/csv/contract__power-energy-efficiency-analytics__energy-bit.csv
317c658449181e2c0db581bb87269621e4863d73e40bd10a18c856c40db4f292,2,reports/csv/debug_trace_outputs.csv|validation/csv/debug_trace_outputs.csv
318ba4a75769b1bd53982a8c33331c65caaf71015788c3b0fdafe6c13d52fcc1,4,reports/csv/live_cell_table.csv|reports/csv/live_per_cell_context.csv|validation/csv/live_cell_table.csv|validation/csv/live_per_cell_context.csv
318dd06520e52549995d123839a5261602d4b72f497118f8e937a21ff7aef21c,4,reports/csv/ber_vs_ecno.csv|reports/csv/bler_vs_ecno.csv|validation/csv/ber_vs_ecno.csv|validation/csv/bler_vs_ecno.csv
318e41b6ac1ab693c319a41f7d90c3a68fb51ddc63627f797e18754d906f8a72,2,analytics/csv/contract__waveform-time-domain-analytics__magnitude-vs-sample.csv|waveform/csv/contract__waveform-time-domain-analytics__magnitude-vs-sample.csv
31eee0e673a8c3017f0db79584b3d1f0be3ac7e2b4c28f9e1b0664dd9e64122c,2,reports/csv/performance_profile_summary.csv|validation/csv/performance_profile_summary.csv
31fa406c99dd03cc9a3e47a360921e482869e06869c2b57d789f9219d7e30072,2,pdsch/csv/live_pdsch_mapping_table.csv|reports/csv/live_pdsch_mapping_table.csv
321a56672181ec9d70824efbf9d1ca321904c36f7bd694ad16cd532d17a25145,2,analytics/csv/contract__constellation-evm-analytics__symbol-decision-error-histogram.csv|waveform/csv/contract__constellation-evm-analytics__symbol-decision-error-histogram.csv
3428cb4f6d70568d2a332ec3f7df5ad6439f3f0fe4918c19187caf58e44a23af,2,reports/csv/blerber_reconciliation.csv|validation/csv/blerber_reconciliation.csv
344205d0496c06489e97000fb43dbe05fe9fab1a7a4b32242345577e86cad473,2,air_interface/csv/downstream_channel_references.csv|channel/csv/downstream_channel_references.csv
34cb09f70250b5d54228c41ad4e1d6e81d2c9bab6ab1e2fd726b85ce3a38ad64,2,beamforming/csv/mimo_negative_trials.csv|mimo/csv/mimo_negative_trials.csv
34d5276f60f1b286b004bb5b2e32e9796adf99fce02a4f0cebd4cf4f89826a92,2,reports/csv/runtime_operating_mode.csv|validation/csv/runtime_operating_mode.csv
350be4d7721f10a64f4d8963a2a77a6c0ece996927d5db2495b49a2dd3ebd59b,2,reports/csv/control_pass_rates.csv|validation/csv/control_pass_rates.csv
351d258d9bdf631bf7416b5cc0df28587a27b62082555e2aff5b6cfc6b746988,2,analytics/csv/contract__export-consistency-truth-analytics__schema-drift.csv|validation/csv/contract__export-consistency-truth-analytics__schema-drift.csv
35af395b3b56f9594fc8131797b690f389014f688e0575bd3b66258136122753,2,channel/csv/live_channel_state_tti.csv|reports/csv/live_channel_state_tti.csv
35d2074173cf34d4e2a01a5e4ef4fd2327428da047e2993673acb0f6ac7aabb7,2,analytics/csv/contract__error-reliability-analytics__per-channel-reliability-breakdown.csv|validation/csv/contract__error-reliability-analytics__per-channel-reliability-breakdown.csv
36072de17c7be0769fdef4730fc22a9a970c0e3fe086ba4546f0c2e2189fb54a,2,reference_signals/csv/srs_provenance.csv|reports/csv/provenance_sidecars/srs_provenance.csv
362bc2a34694ac359303d44558457b01fba97c69f942eb09b45a1eb286c827d4,2,beamforming/csv/rank_layer_usage_histogram.csv|mimo/csv/rank_layer_usage_histogram.csv
365986c6325146b6f9a5a6cb5641736c78f0d243712196044c4e5f58e67daefa,2,analytics/csv/contract__error-reliability-analytics__residual-bler-after-harq.csv|mac_harq_scheduler/csv/contract__error-reliability-analytics__residual-bler-after-harq.csv
371a2f3e2e3fe489d940b69e28240fc17827f0f8ea23a229add2165784ae3e08,2,reports/csv/scenario_objective_gates.csv|validation/csv/scenario_objective_gates.csv
3743f9afe1bdc88ce601ff6137943800a307f317fed3d3644b74265a47400339,2,reports/csv/publication_readiness_gate_summary.csv|validation/csv/publication_readiness_gate_summary.csv
385bfbb53e53906a26986d5c8a249a97b9e1fe4f0b5fed9887f1c4f498a29da8,2,reports/csv/polarization_reconciliation.csv|validation/csv/polarization_reconciliation.csv
38c3f20c66946bc47e676dffabb4625c953a44d9fdad39e3093673bb8234cebc,2,pucch/csv/pucch_uci_table.csv|reports/csv/pucch_uci_table.csv
395ea5c3013e2904d2cc197768fd988e3d0a00feac7606089f87a8878656f09b,2,reports/csv/provenance_sidecars/noise_variance_provenance.csv|validation/csv/noise_variance_provenance.csv
3b3dbf4634275587c6a10ea6d9b7c18457f3a4785310e823f32060d588700493,2,reports/csv/cfo_reconciliation.csv|rf/csv/cfo_reconciliation.csv
3b51e5c6d575c5dbb2f3dc77f34493b145527c5461170f7d9daca53e3d62da17,2,reports/csv/kpi_raw_table_schema_audit.csv|validation/csv/kpi_raw_table_schema_audit.csv
3c1ebc017650e2e6b87afe460a159202725f80597a4bc45b000d0a9e79cc306a,2,analytics/csv/truth_policy_analytics.csv|validation/csv/truth_policy_analytics.csv
3c370de6ab5113dc1687baa615f2e731ac64b2ccd6804815f9ee06a01de9de16,2,reports/csv/metric_coverage_by_category.csv|validation/csv/metric_coverage_by_category.csv
3c92de4170a349622a63d5b96edacbf4a6fcded68e50a118b9523247455aef9e,2,pdsch/csv/contract__pdsch-dl-data-chain__code-block-count-histogram.csv|reports/csv/contract__pdsch-dl-data-chain__code-block-count-histogram.csv
3cec9f3b2765d18f35be105f6a715833294f1c189668cd9aa569c006bacaa62f,2,reports/csv/contract_plot_lineage.csv|validation/csv/contract_plot_lineage__3cec9f3b2765.csv
3d4699e3a47b96de4dce9c163462d74b38ec1d6024791d29382154a9ed78d2d8,2,analytics/csv/contract__export-consistency-truth-analytics__run-status-truth-checks.csv|validation/csv/contract__export-consistency-truth-analytics__run-status-truth-checks.csv
3d6b265d7f55218524369f257c317b596a8619bc5864b5aa82804ee131944e14,2,beamforming/csv/beamforming_analytics_table.csv|mimo/csv/beamforming_analytics_table.csv
3e3149f380d874e50f7964864195e81b5db68c959614a63c7ef811cced2472d5,2,reports/csv/provenance_sidecars/pbch_provenance.csv|ssb/csv/pbch_provenance.csv
3e77e461300a8872a76f7b3fc2d1d33eb8d4fb9937b31bdf772966d1cc65ce54,2,reports/csv/control_overhead_analytics_table.csv|validation/csv/control_overhead_analytics_table.csv
3ebed2fa1d3f8409dcb10b63a2ea26bde3225955fd01bb761955742ed966e97f,2,pucch/csv/pucch_uci_measurements.csv|reports/csv/measurements/pucch_uci_measurements.csv
3f5235aeed2bc9160bcd1f8b13e99e422f25f55a01d364fcc90486a0755c597b,2,reports/csv/phy_package_execution_audit.csv|validation/csv/phy_package_execution_audit.csv
3faa79959b46f71620b821f9011395c6ba5d35deb18df6311da73865459f58cc,2,analytics/csv/contract__export-consistency-truth-analytics__source-row-count-vs-analytics-row-count.csv|validation/csv/contract__export-consistency-truth-analytics__source-row-count-vs-analytics-row-count.csv
3fcc4bd36896adbe3401f551765bec8c84bc5fc74e6a53fb35dfb7c23de7c477,2,reports/csv/kpi_packet_sdu_delivery_ledger_ul.csv|validation/csv/kpi_packet_sdu_delivery_ledger_ul.csv
4004409b11c8aa74cbd5cba4bd8a3bc73d4e588f3b94d95c75d9cfb603ac6c11,2,analytics/csv/precoder_analytics.csv|mimo/csv/precoder_analytics.csv
40525604269458b6ae272075ecef65dd294682b1a5744ca00021f39f19579f78,2,pdcch/csv/pdcch_dci_provenance.csv|reports/csv/provenance_sidecars/pdcch_dci_provenance.csv
40700d75654bba45f0f51761bb588ec73bd4c2f6122502710ece52b8a52d77da,2,reference_signals/csv/csi_rs_runtime_event_table.csv|reports/csv/csi_rs_runtime_event_table.csv
408d1b9eb9dd0cb656325511469aca45812941b34f02814f0a4a1e7ab75819d6,2,reports/csv/ber_vs_bler.csv|validation/csv/ber_vs_bler.csv
410b1e4c4084229d47ea192e27e38d78e250030b08beb98d384e2a7019e37428,2,analytics/csv/contract__spectrum-psd-papr-analytics__psd.csv|waveform/csv/contract__spectrum-psd-papr-analytics__psd.csv
4133549b0e0a1a3f1ea26d8acacd813a59e03ead82da273408912958f738e919,2,analytics/csv/contract__random-access-prach-analytics__timing-advance-distribution.csv|prach/csv/contract__random-access-prach-analytics__timing-advance-distribution.csv
414e1c46f39b4b7229b00dbde1783f4d712413eb4275450c26a90b917061f49b,2,reports/csv/contract__generic-investigator-views__value-semantics-coverage-chart.csv|validation/csv/contract__generic-investigator-views__value-semantics-coverage-chart.csv
419d59826d3087365d106f20cc8a86176402f518333bd66136bed051e5c0d501,2,harq/csv/live_harq_observation_timeline.csv|mac_harq_scheduler/csv/live_harq_observation_timeline.csv
41b996da8ef0209e5cb22f613db052f325df9ef8a862f213b3eb5fc084aa7193,4,analytics/csv/contract__beamforming-precoding-mimo-analytics__beam-gain-gap-histogram.csv|mimo/csv/contract__beamforming-precoding-mimo-analytics__beam-gain-gap-histogram.csv|mimo/csv/contract__beamforming-precoding-mimo-massive-mimo__beam-gain-gap-histogram.csv|reports/csv/contract__beamforming-precoding-mimo-massive-mimo__beam-gain-gap-histogram.csv
421b2c2aa714d26c87949a83e1d99f86b0bbf947366785a84e747e251f4e8935,2,analytics/csv/contract__beamforming-precoding-mimo-analytics__inter-user-leakage.csv|mimo/csv/contract__beamforming-precoding-mimo-analytics__inter-user-leakage.csv
422e42ca61576cbe39976be2002787d31a4054b787c5c332cc5ec3b2cb8a4279,2,reports/csv/latency_cdf_plot.csv|traffic/csv/latency_cdf_plot.csv
425cdeb0acc09c0918fbfd517d0fa495a67ef7579a80c2142902ea320f4dbfd4,2,prach/csv/contract__prach-random-access__peak-value-histogram.csv|reports/csv/contract__prach-random-access__peak-value-histogram.csv
431dcb2a8a6f67ad8aaa2eb36d0d96cbd00240fd272d5d467b3d31f8f73e69e6,2,mimo/csv/live_beam_p2_refinement_stats.csv|reports/csv/live_beam_p2_refinement_stats.csv
436324f067c85f36fe36255d7454e41897eb8b82a463f26b09f1362463e80aef,2,reports/final/final_kpi_tables.csv|validation/csv/final_kpi_tables.csv
437c7768a7a72b498b4c4b4c3992081e10483a627ccab657efb147d38a3769fa,2,control/csv/pucch_table.csv|pucch/csv/pucch_table.csv
43d82caf755c6580e37e2c89c6c8f6b023793c2bcb55d19b4ca61539bfb6c3c5,2,reports/csv/live_waveform_preview.csv|waveform/csv/live_waveform_preview.csv
43df7b148ccf6f25e55f3130886aed6750c462ea08b67e6f8e7da8e8efede826,2,reports/csv/live_csi_feedback_stats.csv|validation/csv/live_csi_feedback_stats.csv
442a6e7d792d30783790100c4def281d7814b28f5fdb2c62a88b5ceb9100f2e3,2,reports/csv/live_power_runtime_table.csv|validation/csv/live_power_runtime_table.csv
455784d22ecd57e4c519103d42d20f49a3e7ffe5bef86754e608860d3a971832,2,reports/csv/config_exposure_summary.csv|validation/csv/config_exposure_summary.csv
45958b67e33b10a90bf8cd6766a5ee6dee1e20d3cc4a0fb53db35822a8eb499c,2,analytics/csv/contract__runtime-compute-complexity-parallelism-analytics__decoder-complexity-units.csv|validation/csv/contract__runtime-compute-complexity-parallelism-analytics__decoder-complexity-units.csv
45b2d6de010c6864e5759d01eb660f120c737e1ea55d631b0bc575c50b5b2835,2,control/csv/pdsch_table.csv|pdsch/csv/pdsch_table.csv
46a005cf747dad7c1eb3ae4fd4f7fd61f576ec52523b6cf6efdc502a75c090a1,4,reports/csv/fer_summary.csv|reports/csv/live_error_rate_summary.csv|validation/csv/fer_summary.csv|validation/csv/live_error_rate_summary.csv
46af71d044891aef051e89ee0ac9f63ce582acb82c394c8f007cb4ed6574cf2e,2,channel/csv/trajectory_geometry.csv|geometry/csv/trajectory_geometry.csv
46dc894628703ea177e27ae9edd6b36e828e3580e060355bc36b049be8e8ac67,2,reports/csv/kpi_application_packet_delivery_ledger_ul.csv|validation/csv/kpi_application_packet_delivery_ledger_ul.csv
4713cb8c63181df99871873395625580c1e0a58a221765cc8cb1748b53d7cb42,2,analytics/csv/contract__power-energy-efficiency-analytics__baseband-power.csv|validation/csv/contract__power-energy-efficiency-analytics__baseband-power.csv
472d20a01da84207c028c24ec971a76c8f94e2ccd21d37bbef2c9f0c3523df38,2,analytics/csv/contract__channel-estimation-propagation-analytics__nmse-vs-snr-sinr.csv|validation/csv/contract__channel-estimation-propagation-analytics__nmse-vs-snr-sinr.csv
4826b401775c7a1bf0da276b145105a529492d3b2c0e3d9a337641da784cb930,2,reports/csv/live_db_write_table.csv|validation/csv/live_db_write_table.csv
48b6b0af5a436ade21779eddef8839e26a97f50eb0a4cf0e284c3ef927c191cb,2,mimo/csv/beam_precoder_measurements.csv|reports/csv/measurements/beam_precoder_measurements.csv
493a442601be387471f4a84d2b73f5a49c771def0d8e8ef57065192f6f1ff94e,2,analytics/csv/contract__constellation-evm-analytics__evm-per-layer.csv|waveform/csv/contract__constellation-evm-analytics__evm-per-layer.csv
49e9d2c4768ec877a5f30ffd48f5a1690ff0c6e71ed6c9e5ebd7d3e5f1071d70,4,analytics/csv/contract__measurement-csi-link-adaptation-analytics__config-vs-measured-conflict-dashboard.csv|reports/csv/contract__measurements-csi-link-adaptation-inputs__config-vs-measured-conflict-dashboard.csv|validation/csv/contract__measurement-csi-link-adaptation-analytics__config-vs-measured-conflict-dashboard.csv|validation/csv/contract__measurements-csi-link-adaptation-inputs__config-vs-measured-conflict-dashboard.csv
4a082dddc51229befc730bbc82a61108f3e8fe845480e3f7525f0cfbb4b5a883,2,reports/csv/equalized_constellations.csv|waveform/csv/equalized_constellations.csv
4ad2c27fc2540027d733dcdfdfb222c038fd046331f6d1759f3d66c6bbd41d01,2,reference_signals/csv/live_link_adaptation_input_table.csv|reports/csv/live_link_adaptation_input_table.csv
4be6d1964b43873120c002ad2d3e325858f578a7391e81a575393fa7626a7c07,2,analytics/csv/contract__random-access-prach-analytics__detection-rate.csv|prach/csv/contract__random-access-prach-analytics__detection-rate.csv
4ca886b752cbe89bcd888abf96affc409e571998c626febc7fbd7c9253a91344,2,reports/csv/provenance_sidecars/parameter_binding_provenance.csv|validation/csv/parameter_binding_provenance.csv
4cc875e13b72088b5ff77541ae82197d68d4c8641c30c2398318758d2be8e0ca,2,reports/csv/lls_block_correctness_summary.csv|validation/csv/lls_block_correctness_summary.csv
4cc93e3d61f378db502864d406b85d0c9dfb2f7abef6e956918a14dcae9d9906,2,reports/csv/contract_materialization_manifest.csv|validation/csv/contract_materialization_manifest.csv
4ce3d8ca502e3aa58fb55c4642b73d4a6bf212075f69dbb46f250a3bbe7e1d31,2,reports/csv/energy_vs_throughput.csv|validation/csv/energy_vs_throughput.csv
4d4f7b53f6d1226e44b22292622a0627d825762d6fec80f61c45163abfc7a865,2,pdsch/csv/dl_pdsch_objective_artifact_schema.csv|reports/csv/dl_pdsch_objective_artifact_schema.csv
4d6a7b5ca57f4c404b9f93ace8164a7bb1c75046fe1c3a38ca1a94124c275be3,2,reports/csv/evm_reconciliation.csv|validation/csv/evm_reconciliation.csv
4df35bf288db8e0a910dd5c781b4144b898062604c7d5ac694a61a7cb5cda7f2,2,analytics/csv/contract__waveform-time-domain-analytics__rx-waveform.csv|waveform/csv/contract__waveform-time-domain-analytics__rx-waveform.csv
4e5b2e66ebce55275067dacc2e15e8a7315e61dd2fe8d6e1316c0bd56cd25e98,2,beamforming/csv/mimo_configured_vs_effective.csv|mimo/csv/mimo_configured_vs_effective.csv
4e8a10c7cd48ecad136913bc929b9446476a6ae8ba97b92ac4e62dc80951c6d2,2,reports/csv/tod_toa_trace.csv|validation/csv/tod_toa_trace.csv
4ee0d9ad5a4ae49b10e0bdbc974364d3e8f4e43cb77d301386f8b1249eac9fed,2,reports/csv/contract__measurements-csi-link-adaptation-inputs__rsrp-csi-rsrp-timeline.csv|validation/csv/contract__measurements-csi-link-adaptation-inputs__rsrp-csi-rsrp-timeline.csv
4ef913b484966c3c71660cbe8ac9ecbcb157a98a9bc63869f762ade4a4a44856,2,components/pusch/csv/pusch_bler_curve.csv|pusch/csv/pusch_bler_curve.csv
4f7c70efe3ed8b1482db2a1262f4d2d5034361247f3517baa64fdd4daec59794,2,mac_harq_scheduler/csv/live_scheduler_cycle.csv|reports/csv/live_scheduler_cycle.csv
4ff34a9ac280d99759c139686a356c14e092ad11ac755790c4facd3c84fd507a,2,analytics/csv/contract__random-access-prach-analytics__retry-count-distribution.csv|prach/csv/contract__random-access-prach-analytics__retry-count-distribution.csv
500463e2d95702bf31d8c48ad6f80676869245a17ba60577858c6319ddbe6735,2,channel/csv/channel_rf_negative_trials.csv|reports/csv/channel_rf_negative_trials.csv
5038f0e92225d1a4330637c27aa9c3fdce7e1df6720c8e38b7c1d7d9c76bb937,2,reports/csv/live_decoder_summary.csv|validation/csv/live_decoder_summary.csv
508504611c60fc2a2820dd68b7dd92b0679703b94a338943433caaa2b8eeb9dc,2,reports/csv/reports_config_vs_measured_conflicts_v.csv|validation/csv/reports_config_vs_measured_conflicts_v.csv
50d1772f517b990fdb7abbadb6195abf24d0d001a874e0ac3584578961757376,2,reports/csv/iq_imbalance_reconciliation.csv|rf/csv/iq_imbalance_reconciliation.csv
518e05c275b3b37536efdc47f7b4e0177094b1aae9fae2362a56714203c7fdf9,2,reports/csv/kpi_packet_sdu_delivery_ledger_dl.csv|validation/csv/kpi_packet_sdu_delivery_ledger_dl.csv
51ebfd8ac0f8bb01f5718e9946a067ae25365b41360111771b34adaff781f2d5,2,channel/csv/live_interference_table.csv|reports/csv/live_interference_table.csv
523d3c7b085fab55347451b592dfc447405c507962b899f219c2659f63b94e0d,2,reports/csv/contract__ssb-pbch-pss-sss__sync-success-failure-timeline-if-available.csv|ssb/csv/contract__ssb-pbch-pss-sss__sync-success-failure-timeline-if-available.csv
52642dc6ae4ea7f3673f9813344ab4b94560113592dbab1a7079e16089182c5e,2,beamforming/csv/beam_precoder_table.csv|mimo/csv/beam_precoder_table.csv
5303e53fe0a39235a3f8ccca7a178601e5400315001f53ccd5c6dee64a6ae3b1,2,beamforming/csv/probe_beam_management.csv|mimo/csv/probe_beam_management.csv
536b5b37f2b0bfd2fdb253eda40b9728e5a0a056d6f82a118eba966315cda77b,2,analytics/csv/contract__random-access-prach-analytics__false-alarm-rate.csv|prach/csv/contract__random-access-prach-analytics__false-alarm-rate.csv
55118fb46d971648509a3276661e4aeb4908d41ba637b6b5ead3d80991d685ff,2,raw/evidence/tables/rawtrials_trs.csv|reference_signals/csv/rawtrials_trs.csv
55339a4a7091d30806ddfd1986ef6c68dc111bec1ec412517757bbf0076812d7,2,reports/csv/kpi_unit_conversion_audit.csv|validation/csv/kpi_unit_conversion_audit.csv
5571bb1a9124d8897c23e1a2c8182297527e3b955b357934fb7f7af916b109aa,2,reports/csv/energy_efficiency_outputs.csv|validation/csv/energy_efficiency_outputs.csv
55766684fbed2ceec726a5a0ce1ca17a040a7805fff6616f6bdae1c9a682982f,2,reports/csv/metric_unit_role_catalog.csv|validation/csv/metric_unit_role_catalog.csv
558d86ac587190e0057d866554e99bfbd6f2a2ad5e568f152d7bc99112a26fc9,2,analytics/csv/contract__constellation-evm-analytics__constellation-per-modulation-order.csv|waveform/csv/contract__constellation-evm-analytics__constellation-per-modulation-order.csv
5718a3c81afe9bcfb681711744e68d64ecc8fc1a100b0314d010fc80bd291a06,4,reports/csv/live_ue_table.csv|reports/csv/ues.csv|validation/csv/live_ue_table.csv|validation/csv/ues.csv
57880a4ad894f143b330abf8967b00122518cad19b442eca9278661e1570142c,2,reports/csv/contract__ue-side-state-ue-power-ue-control__drx-state-timeline.csv|validation/csv/contract__ue-side-state-ue-power-ue-control__drx-state-timeline.csv
57a2a1406b6103fe58da06d9f6f0187e783a9c553d95b7cdf9cacce28da9402e,2,analytics/csv/contract__resource-grid-re-occupancy-analytics__srs-map.csv|reference_signals/csv/contract__resource-grid-re-occupancy-analytics__srs-map.csv
57aab5382a447764d5ded9f1ded89f441b96b7500ee3ba4fd35544ad880a6b6d,2,reports/csv/live_cell_reselection_events.csv|validation/csv/live_cell_reselection_events.csv
57ecb4980ba56773be022bf687f548d1e2e56aa1841975068ca877b28e8bac9c,2,analytics/csv/contract__export-consistency-truth-analytics__fallback-event-summaries.csv|validation/csv/contract__export-consistency-truth-analytics__fallback-event-summaries.csv
587e88fd27ed54aa863c419a52f02b14184db92baaf6576423ebb0706ef97212,2,reports/csv/configured_effective_operating_point.csv|validation/csv/configured_effective_operating_point.csv
58e38da140b87987adff5faa485190e92da2e119477318428cfd6ed5f977a490,2,reports/csv/contract__generic-investigator-views__investigator-stage-lineage-graph.csv|validation/csv/contract__generic-investigator-views__investigator-stage-lineage-graph.csv
5a1e63e44e0b88fab7d7893203f997769ca2a7a7b714653e6acc3c15b8589ec5,8,reports/csv/live_pbch_summary.csv|reports/csv/live_ssb_occasion_state.csv|reports/csv/live_ssb_stage_table.csv|reports/csv/live_sync_signal_state.csv|ssb/csv/live_pbch_summary.csv|ssb/csv/live_ssb_occasion_state.csv|ssb/csv/live_ssb_stage_table.csv|validation/csv/live_sync_signal_state.csv
5a4cd56fce9de983dc5196ffa9452b0b13c63683f720c620f0d4326ca3f375cf,2,reports/csv/summary_vs_raw_consistency.csv|validation/csv/summary_vs_raw_consistency.csv
5aa61537f8c5fd283a4b34cf82e29acdbb9d4987ce9ec4af5706623ff761db8d,2,analytics/csv/channel_quality_analytics.csv|channel/csv/channel_quality_analytics.csv
5adb182480f9a2590e0aa0b3e5ae49b0d341581bbe8989bf241b416f7bff8159,2,analytics/csv/contract__error-reliability-analytics__bler-vs-mcs.csv|validation/csv/contract__error-reliability-analytics__bler-vs-mcs.csv
5ade98cfc4f9a559b292a739bd8e91d04c1862f58cab291470f971748eeecc9b,2,beamforming/csv/beam_score_trace.csv|mimo/csv/beam_score_trace.csv
5b973aa3a927184bfd62360bfc92a309b8ff046f78630e7fc9f21c643e54a098,2,analytics/csv/mimo_analytics.csv|mimo/csv/mimo_analytics.csv
5beccc7f0149fd9b3a42a634948fe664fc2bd370e3c36f86729cf1e1d20aa262,2,packet_flow/csv/live_ul_scheduler_grants.csv|pusch/csv/live_ul_scheduler_grants.csv
5c2cc8c912303349200c783ee78c79b3076f3ce60034e2d4775f778f62f15942,2,channel/csv/contract__geometry-mobility-validation__measured-sinr-vs-slot.csv|reports/csv/contract__geometry-mobility-validation__measured-sinr-vs-slot.csv
5c760f8c7fca5c3e9dced21ffe94f26af6e8dcfd7e58381dc17f9737f881fbba,2,channel/csv/live_path_geometry_table.csv|reports/csv/live_path_geometry_table.csv
5db66dc2d25f8c35cd1712d47ca1582eb419175a7f1fd71cecefac3186d26b6c,2,prach/csv/contract__prach-random-access__ta-estimate-trend.csv|reports/csv/contract__prach-random-access__ta-estimate-trend.csv
5dd97743d172258fd1e22399fc4d4984fb6b72a634775e294a5775df0aed8d63,2,channel/csv/trajectory_geometry__5dd97743d172.csv|reports/csv/trajectory_geometry.csv
5e636df4738c3b951eb263d06e7f27f08eb37c57e96dda784eed134850181952,2,analytics/csv/contract__throughput-goodput-spectral-efficiency-analytics__throughput-vs-sinr.csv|waveform/csv/contract__throughput-goodput-spectral-efficiency-analytics__throughput-vs-sinr.csv
5fbf1ebfcdbb1b9975bc60f49ed870b99dbbd809000347d0a4953c185910694d,2,reports/csv/ai_ml_outputs.csv|validation/csv/ai_ml_outputs.csv
5ff6a1448fb007dd6c542ad5a9365da5fcd19ee67bede26bf3644bfc44634d81,2,pdsch/csv/pdsch_runtime_event_measurements.csv|reports/csv/measurements/pdsch_runtime_event_measurements.csv
60b011799a46b14cb734dda8457153d981be5621f08eb27eaee14cb54676da69,2,reports/csv/timing_offset_reconciliation.csv|validation/csv/timing_offset_reconciliation.csv
611b7ba2bd4fdeefa9b11b8eb2e27dcb4ba41cf2e04af44870fb53fef786601c,2,beamforming/csv/precoder_evidence.csv|mimo/csv/precoder_evidence.csv
6146c0996f1feb3d8f7cc91b15b7a1d776f4ad4fe87c086d227d01e8f07577d4,2,frame_grid/csv/dl_resource_grid_heatmap.csv|reports/csv/dl_resource_grid_heatmap.csv
623733bdf482387cb4addbb9c723843d395eda8cccf8d0e9f955756704913678,2,reports/csv/contract__fixed-snr-sinr-sweep-validation__measured-sinr-vs-configured-snr.csv|validation/csv/contract__fixed-snr-sinr-sweep-validation__measured-sinr-vs-configured-snr.csv
6259fb48c0a8160c719af09828adb8175dd0e79fcc93a79d79d246d5833075b2,2,pusch/csv/pusch_runtime_event_table.csv|reports/csv/pusch_runtime_event_table.csv
62a807a79fec4a53ae1a4f4a9395485f030655ffd3135e1ad646416a27bf028b,2,pdsch/csv/pdsch_runtime_event_table.csv|reports/csv/pdsch_runtime_event_table.csv
6300ec325097d2be39a283707dc80c78292f70078fe14f966be4a93fd6bf5c9d,2,analytics/csv/contract__beamforming-precoding-mimo-analytics__beam-pattern-3d.csv|mimo/csv/contract__beamforming-precoding-mimo-analytics__beam-pattern-3d.csv
6304f12d9f64bacd47ebfcc3bb07687a634d87c4ee859c45b7a9ea3828b46f90,2,pusch/csv/ul_pusch_measurements.csv|reports/csv/measurements/ul_pusch_measurements.csv
63725a6559a8b0a0fb768405974fb88b79ae060d733f0f6c1fc7354b7a9aed68,2,reports/csv/runtime_value_source_dictionary.csv|validation/csv/runtime_value_source_dictionary.csv
6392b5766a9a8ef2ab7bcbf4dc2e6f8408b5a49498974b4d7729b82cf8453f60,2,reports/csv/live_trial_overview.csv|validation/csv/live_trial_overview.csv
641288a1499de77fd01f0af7c70a2ddd2cf2aeeae245dbcd15350c2acfca01b3,2,channel/csv/mobility_adequacy_report.csv|reports/csv/mobility_adequacy_report.csv
641beb6f8669e58f94f9b990eed3a7e07b74b11ff0c10ea63255f77dbe4dda65,2,reports/csv/basic_phy_performance_outputs.csv|validation/csv/basic_phy_performance_outputs.csv
6440915a9ec980b7e5e254d48b43efcfc5ce051f7780fc4e96c342f1bb616b1d,2,reports/csv/contract__power-energy-thermal-compute-runtime__sleep-state-timeline.csv|validation/csv/contract__power-energy-thermal-compute-runtime__sleep-state-timeline.csv
647723ae08fb09dafe6f1795375c31c1e1d1b9b61a3ae2f2e5e4710984d72e1c,2,reports/csv/plot_data_quality_table.csv|validation/csv/plot_data_quality_table.csv
64b6c357c24745afc4cb8f0335319dcf28696f6aef5a61586dcf341ad3995289,2,pusch/csv/contract__pusch-ul-data-chain__ul-resource-grid-equalized-symbol-summaries.csv|reports/csv/contract__pusch-ul-data-chain__ul-resource-grid-equalized-symbol-summaries.csv
64b87afd6b4e94f65bbb75a88a6127eedc9870efd6f63a0fad285e759acd1f7d,2,reports/csv/runtime_config_application_evidence.csv|validation/csv/runtime_config_application_evidence.csv
6762f58118837251c30f55a4d95f379be10b5f7a534d95be7ff6dc1182a893ff,2,raw/evidence/tables/rawtrials_ulconstellation.csv|waveform/csv/rawtrials_ulconstellation.csv
67ae79a4ed02c006869d17e33f88757b2f2251ab1fd5ca35a40fb001d4287ee2,2,reports/csv/contract__measurements-csi-link-adaptation-inputs__measurement-source-coverage-chart.csv|validation/csv/contract__measurements-csi-link-adaptation-inputs__measurement-source-coverage-chart.csv
688f46aaabe36ca390fa4911c5131893c8efecd65b2a7ac3bc673f9ee19b9376,2,analytics/csv/contract__constellation-evm-analytics__evm-rms.csv|waveform/csv/contract__constellation-evm-analytics__evm-rms.csv
68930fcefb71a032e5ed5b5b1956b9bda197f19d4ced26b41da4bdbdf392faf8,2,reports/csv/antenna_array_reconciliation.csv|validation/csv/antenna_array_reconciliation.csv
69449cf2f56f3018d9895f4dadddba775ead1235d746c537e77406f3515c1747,2,reports/csv/measurements/parameter_binding_runtime_values.csv|validation/csv/parameter_binding_runtime_values.csv
69777d03a36379ff2ab4f1925a68ba1bc3caeaabac5ee45b899dcecd8899b7c8,2,reports/csv/real_phy_path_evidence.csv|validation/csv/real_phy_path_evidence.csv
69875ab5fbbd06d598e5bb4709b90bbfdd6b74a4effbabee573bc9f3fa683612,2,reports/csv/kpi_lineage_table.csv|validation/csv/kpi_lineage_table.csv
6a287bd4bd65e8d048890c345d8b5bba00e61173d12e808489f50f713f682f77,2,reports/csv/contract__measurements-csi-link-adaptation-inputs__applied-vs-measured-runtime-snr-sinr-comparison.csv|validation/csv/contract__measurements-csi-link-adaptation-inputs__applied-vs-measured-runtime-snr-sinr-comparison.csv
6af9d042ba5545968df3f37100aca2a4ecf116116c9a00976263c57f7cb6e2a1,2,analytics/csv/contract__measurement-csi-link-adaptation-analytics__servingrsrp-rsrp-csi-rsrp-trends.csv|validation/csv/contract__measurement-csi-link-adaptation-analytics__servingrsrp-rsrp-csi-rsrp-trends.csv
6afe63267ba2e4ea137bab06eb4d507c7f0bc88a531dec7371ecb2ca09d630ff,2,mimo/csv/heatmap_beam_rank_trp_kpi.csv|reports/csv/heatmap_beam_rank_trp_kpi.csv
6b25c96718d1c569dc252f8e1570313a9b5a1bdded2c6b34305c8945c7388617,2,pusch/csv/contract__pusch-ul-data-chain__llr-statistics-over-time.csv|reports/csv/contract__pusch-ul-data-chain__llr-statistics-over-time.csv
6bac2625c8025ffb4b8077f85b4e5fd31ef072452b0c52da633791900f3f1803,4,reports/csv/ber_vs_sinr.csv|reports/csv/bler_vs_sinr.csv|validation/csv/ber_vs_sinr.csv|validation/csv/bler_vs_sinr.csv
6bc946ff984a36c1dd25a25bee607f616be1dba52cd563ea0740fa40707d9128,2,pdsch/csv/contract__pdsch-dl-data-chain__dl-resource-grid-heatmap.csv|reports/csv/contract__pdsch-dl-data-chain__dl-resource-grid-heatmap.csv
6c85b9a4c7ef04fb4d2543ceedb14002d35e253370f5bc7aa3b5ef56dec585a6,2,reports/csv/rf_chain_definition.csv|rf/csv/rf_chain_definition.csv
6cafba24c85a0f7a55c79d79a18bec056b4271a091cf164a6d1c86c762711b30,2,control/csv/pdcch_trials.csv|pdcch/csv/pdcch_trials__6cafba24c85a.csv
6de41faf425dd1f0c02f2cddc25b62ef2df63ab8c70706c39bff321047b01ce7,4,reports/csv/live_power_control_state.csv|reports/csv/live_ue_power_state.csv|rf/csv/live_power_control_state.csv|validation/csv/live_ue_power_state.csv
6df4ed2ef9fa501f9bf69cf967cab42da7a8ccf4e4371b36e0382b217eb7f8db,2,reports/csv/phase_noise_reconciliation.csv|rf/csv/phase_noise_reconciliation.csv
6e295749f36bdc85a177c814c908ef90314eb7b5a010e4eba64550b9bf1a8f4c,2,reports/csv/measurement_sidecar_manifest.csv|validation/csv/measurement_sidecar_manifest.csv
6e466333be077014443ae31a5ca002ef2f37ceb9afd93e8f61103b547ba5a1a0,2,mimo/csv/contract__beamforming-precoding-mimo-massive-mimo__selected-vs-best-beam-timeline.csv|reports/csv/contract__beamforming-precoding-mimo-massive-mimo__selected-vs-best-beam-timeline.csv
6e56f1b7ca150518f54bcbdc8f1b1cb4a3632684ea82f4e10ee23f9cc5503fd4,2,reports/csv/access_kpi_reconciliation.csv|validation/csv/access_kpi_reconciliation.csv
6e67885e59963733907d7251a5813a743e95fbfbc09948ebae20b755f19b71ab,2,reports/csv/table_gnb_cell.csv|validation/csv/table_gnb_cell.csv
6ea280f251c94575760deb165d159edc1c3eb64d822dece9afcb9ef17ecbc953,2,channel/csv/propagation_delay_reconciliation.csv|mobility/csv/propagation_delay_reconciliation.csv
6ece98ad33d8c7bc58c80f85a44227e4683ef267362a08c88d4126a0f962fa41,2,analytics/csv/contract__throughput-goodput-spectral-efficiency-analytics__goodput.csv|waveform/csv/contract__throughput-goodput-spectral-efficiency-analytics__goodput.csv
6f4cc67d2be29b85928ff7e1315ee059c6d3880d3f51ff91f563a22aab598cd0,2,prach/csv/contract__prach-random-access__prach-peak-search-timeline.csv|reports/csv/contract__prach-random-access__prach-peak-search-timeline.csv
6f835ba9f7ef7d42ead23b3fc5d74e83cc6cb64b69dc7eedfdf9c0b5945d84df,2,analytics/csv/contract__power-energy-efficiency-analytics__active-rank-vs-power.csv|validation/csv/contract__power-energy-efficiency-analytics__active-rank-vs-power.csv
701de599188e8e845cce2f3b3ca00ee9397f928ff9d18670a6032953adcfdf9f,4,reports/csv/live_case_status.csv|reports/csv/live_truth_policy_status.csv|validation/csv/live_case_status.csv|validation/csv/live_truth_policy_status.csv
7044ce991032fb7523871300e6f7a75db201fa9181e34b8237480a73bc205e18,2,reports/csv/contract__run-trial-scenario-overview__truth-policy-violations-by-category.csv|validation/csv/contract__run-trial-scenario-overview__truth-policy-violations-by-category.csv
706acc23736b8fc6ebd968188750dd8cdcaaa055bfc2eb0fd01a4c88785556e1,2,analytics/csv/contract__waveform-time-domain-analytics__phase-vs-sample.csv|waveform/csv/contract__waveform-time-domain-analytics__phase-vs-sample.csv
70a72f121a842576e334c021a82855eced788acbecd9aec5e25ded56d91b509b,2,analytics/csv/contract__throughput-goodput-spectral-efficiency-analytics__throughput-vs-load.csv|waveform/csv/contract__throughput-goodput-spectral-efficiency-analytics__throughput-vs-load.csv
70d557186de7635cb69d3df1d74de0ca14e3957d7328b9130737d4aba3d8ac90,2,reports/csv/live_csi_feedback_table.csv|validation/csv/live_csi_feedback_table.csv
70f44939997df47f7cd62a56fdc9c5640d73275b4b5e924d5fb49582a1b08171,2,beamforming/csv/antenna_array_config.csv|mimo/csv/antenna_array_config.csv
7136faede7b9ac09203cd7442d0150e96f98295df02f4583e4fd60a67026204d,2,prach/csv/initial_access_random_access_outputs.csv|reports/csv/initial_access_random_access_outputs.csv
71f52a998c6176065c4c7a1eeb437dae4e337bbda54befa75ba8f0e86fea765a,2,mac_harq_scheduler/csv/table_scheduler_decision.csv|packet_flow/csv/table_scheduler_decision.csv
71f900dd535907d6ff0769b5413095ccdd2063b1b0ebc7b3e102fbf67286672f,2,analytics/csv/contract__waveform-time-domain-analytics__power-vs-sample.csv|waveform/csv/contract__waveform-time-domain-analytics__power-vs-sample.csv
72bdf1c902eb1b8fd861f747177963c2562e74c466e675009b4d0d98e958f262,2,reports/csv/long_run_stability_summary.csv|validation/csv/long_run_stability_summary.csv
73286c1c5f5522943f25044e60103c66b39fe2c3cdfd96c26db3dab42e0e8b19,2,analytics/csv/contract__constellation-evm-analytics__evm-per-subcarrier.csv|waveform/csv/contract__constellation-evm-analytics__evm-per-subcarrier.csv
7378065410a58df0eb811497366acdb0d55a50b4e677d9a16234f5b86cf8a882,2,analytics/csv/contract__beamforming-precoding-mimo-analytics__per-layer-sinr.csv|mimo/csv/contract__beamforming-precoding-mimo-analytics__per-layer-sinr.csv
740992fb3c3a752f065db8700e89182144a20eb0e12821e21c9d678ecc237046,2,reports/csv/measurements/noise_variance_measurements.csv|validation/csv/noise_variance_measurements.csv
74ca956239db87fdfa1c70bc0c2086f85a2103482493863dcf769e90e2d32a8a,2,reports/csv/table_scenario_topology.csv|validation/csv/table_scenario_topology.csv
74db30f3aa116d2f2913366b263f93558effebb572be90c0d2fca59ede6c6e97,2,analytics/csv/contract__detection-control-analytics__prach-peak-search-results.csv|prach/csv/contract__detection-control-analytics__prach-peak-search-results.csv
74e1de40f89f1ff306d7fec5e8bee2a197d40caf839101ea56be0aa3412491cb,2,reports/csv/contract__power-energy-thermal-compute-runtime__tx-power-timeline-per-ue.csv|validation/csv/contract__power-energy-thermal-compute-runtime__tx-power-timeline-per-ue.csv
74fa3bf6ba1f1939125908448b6ff9d7b64e5c3bf03b8dca4a8bf35572661395,2,reports/csv/provenance_sidecars/browser_config_surface_provenance.csv|validation/csv/browser_config_surface_provenance.csv
75802bd2448b845e10654d71d26766d75003ccc3844889decf242ea36061b3cc,2,reports/csv/phy_package_execution_summary.csv|validation/csv/phy_package_execution_summary.csv
75a322d38b4e1ea19c36d2bd83202793cf90b1298684f7f474cb6820232922e4,2,channel/csv/interference_topology.csv|interference/csv/interference_topology.csv
75f8f12791ea123485bb575b7b0039e267d4a6f6cc7e0f27f5262b9fed33c3ee,2,reports/csv/canonical_kpi_ledger.csv|validation/csv/canonical_kpi_ledger.csv
75f9acc81e649ba9ab54cdf2350849b0b0d2f90abcb44868024f189319ea3b62,2,mimo/csv/live_beam_selection_table.csv|reports/csv/live_beam_selection_table.csv
7610704e6245dd8e31bfca65b291f6dd47f79b7ef1807913d97bbd1d6402224d,2,analytics/csv/random_access_analytics.csv|prach/csv/random_access_analytics.csv
7645d5be7f2da863bc6bf7e46ad5dc91c2c29759397f713bff9fbf076acd399a,2,reports/csv/contract__ssb-pbch-pss-sss__ssb-index-timeline.csv|ssb/csv/contract__ssb-pbch-pss-sss__ssb-index-timeline.csv
7676a9863dd15b1d0896382bb475d227189480e66fbbb5498a4059834f71c065,2,control/csv/rrc_setup_complete.csv|l3/csv/rrc_setup_complete.csv
76d86bda154bc630c19ff94172dc5057eed606100fad1317a79d662afa3f72fd,2,control/csv/ssb_pbch_sib1_beam_sweep.csv|initial_access/csv/ssb_pbch_sib1_beam_sweep__76d86bda154b.csv
7750909d164931a2d2b66464d98d634c8a2f891a92ea7c0debc3c1e8f06683f3,2,reports/csv/config_status_summary.csv|validation/csv/config_status_summary.csv
779f7947922ad5d43b5d3a961d228e9de6c08910e2bb1c0751095ed86afc13ad,2,reports/csv/neighbor_degree_histogram_data.csv|validation/csv/neighbor_degree_histogram_data.csv
785cfa68f478ebb18232f99e1ca13fb19586faee5331e60e7aea7e8dc93563ac,2,control/csv/trs_trials.csv|reference_signals/csv/trs_trials__785cfa68f478.csv
78e50f31992d468d3415704df81e31af3e8e8df34646feca802326db368131e0,2,pdcch/csv/contract__dl-control-phy-pdcch__pdcch-decode-success-failure-trend-if-applicable.csv|reports/csv/contract__dl-control-phy-pdcch__pdcch-decode-success-failure-trend-if-applicable.csv
79426fafbb408478df9ac9bf997454b1a5b76b05e35b2b92ef90a2e22219d34f,4,analytics/csv/contract__impairments-tracking-analytics__cfo-true-vs-estimated-vs-residual.csv|channel/csv/contract__channel-interference-impairments__cfo-true-vs-estimated-vs-residual.csv|reports/csv/contract__channel-interference-impairments__cfo-true-vs-estimated-vs-residual.csv|rf/csv/contract__impairments-tracking-analytics__cfo-true-vs-estimated-vs-residual.csv
79503f77b5d2ae2112b8fbea752af30f78a9e7c5f14ee06b357d56c5adc0f718,4,analytics/csv/contract__beamforming-precoding-mimo-analytics__precoder-mode-distribution.csv|mimo/csv/contract__beamforming-precoding-mimo-analytics__precoder-mode-distribution.csv|mimo/csv/contract__beamforming-precoding-mimo-massive-mimo__precoder-mode-distribution.csv|reports/csv/contract__beamforming-precoding-mimo-massive-mimo__precoder-mode-distribution.csv
79764cdb2e27bd84ccbaf1b324ec3444b3d389c7fb7d7da80dd9412092da375a,2,reports/csv/lls_phy_outcome_summary.csv|validation/csv/lls_phy_outcome_summary.csv
7a9f71256f5f265a05c34f1dab3684b41b8a98e986ebe3b53ef0d4bcc2b07fbd,2,reports/csv/run_classification.csv|validation/csv/run_classification.csv
7aa7117fb1bc6705555c3eb6668c212bc776a114b35cd46bf4ef1cc4ef8ff048,3,control/csv/msg4_contention_resolution.csv|control/csv/msg4_trials.csv|prach/csv/msg4_contention_resolution.csv
7ae320c4e8037851ca2418f189ee4acc7b5ce50edd3a2d0551f1b55a6ecf0422,2,prach/csv/contract__air-interface-frame-slot-symbol-grid__prach-occasion-timeline.csv|reports/csv/contract__air-interface-frame-slot-symbol-grid__prach-occasion-timeline.csv
7b436952eec21deef1eb875736b59b2e040e4c53b6d45f8a787d07de92ade6ad,2,reports/csv/runtime_call_graph.csv|validation/csv/runtime_call_graph.csv
7b44cd2be03182c817c6846f4cdd849958cbe47032bdcc49b2568e896dca4aa7,2,reports/csv/live_bb_power_table.csv|validation/csv/live_bb_power_table.csv
7b77e0a85c8dcb5a6f903b3bee8cd74b309bde7560ebb47e49fca710eb84430d,2,channel/csv/inter_ue_distance_validation.csv|mobility/csv/inter_ue_distance_validation.csv
7bb280b954ccc8030b95f15d3b9fe773757db4e330a0b15f5a5b149cf27b5e53,2,analytics/csv/contract__detection-control-analytics__ssb-detection-statistics.csv|ssb/csv/contract__detection-control-analytics__ssb-detection-statistics.csv
7bd30b26d09fec0b239be7c18c28cafef2d26f5b5d547df347cd6805e41144e7,2,control/csv/pbch_trials.csv|ssb/csv/pbch_trials__7bd30b26d09f.csv
7bea479dff1df313f9c9e2f9531983b64a861923703c14712f569c32ee80bf28,2,analytics/csv/contract__beamforming-precoding-mimo-analytics__antenna-radiation-pattern.csv|mimo/csv/contract__beamforming-precoding-mimo-analytics__antenna-radiation-pattern.csv
7c16b0a118b80bdeb994adc395ceb93f57d13f01581208db18f7395fa3c6e8fd,2,analytics/csv/contract__throughput-goodput-spectral-efficiency-analytics__throughput-percentile-plots.csv|waveform/csv/contract__throughput-goodput-spectral-efficiency-analytics__throughput-percentile-plots.csv
7cd5b7e21522db8c802fe92bac2a04e6a5f87eabeeb22c60257465b31c4716fe,2,mimo/csv/contract__beamforming-precoding-mimo-massive-mimo__mu-grouping-summary.csv|reports/csv/contract__beamforming-precoding-mimo-massive-mimo__mu-grouping-summary.csv
7d03d2f45bf8ea39bd1e4bca467cda7789f445bb2c0cacc098766d6a8ede0930,2,reports/csv/api_exposure_audit_table.csv|validation/csv/api_exposure_audit_table.csv
7e47d24f248acb2f84edb36ab8fafab19bb57ebb3811388fbc332c6e1c889e5c,2,channel/csv/contract__scenario-geometry-topology-layout__candidate-cell-rank-heatmap.csv|reports/csv/contract__scenario-geometry-topology-layout__candidate-cell-rank-heatmap.csv
7e56ed08dc6b2c9517846601f8110bc925c34d4818b2757885e957ec7b97c609,2,analytics/csv/contract__harq-analytics__residual-failure-patterns.csv|mac_harq_scheduler/csv/contract__harq-analytics__residual-failure-patterns.csv
7e96fc1b57928d4c81b6d417b603f5c591cb792bbfb29b0b4c1a91d72c509c9a,2,reports/csv/prb_allocation_heatmap.csv|validation/csv/prb_allocation_heatmap.csv
7ed78d604f4f1c6ed4481835265ef300a8d5af939b2cf972bf66683a58c73cd7,2,reports/csv/contract__ssb-pbch-pss-sss__ssb-pbch-occupancy-map.csv|ssb/csv/contract__ssb-pbch-pss-sss__ssb-pbch-occupancy-map.csv
7ed84df56bccbbeafd51d90a52f998440df6519c7e2dc39201a481c98128ab64,2,analytics/csv/contract__throughput-goodput-spectral-efficiency-analytics__offered-throughput.csv|waveform/csv/contract__throughput-goodput-spectral-efficiency-analytics__offered-throughput.csv
7f0c655a4faa878eab2aba67aeb2444736560897b84d7a4615ae6e2f084e2d5f,2,reports/csv/ui_feature_filter_audit.csv|validation/csv/ui_feature_filter_audit.csv
7f67d8e18ef49c3e838fa83e1422a119021663f7da4a6c23e56087948633a549,2,pdcch/csv/pdcch_measurements.csv|reports/csv/measurements/pdcch_measurements.csv
7f8cc5c555bd38c674c52409d932487be92debd424fd8918806fdfdd59341996,2,reports/csv/case_status.csv|validation/csv/case_status.csv
7fddb72826e06d204fba5d2d5872a1c6dc8fbd55f230925934b938127017294a,2,reports/csv/contract__fixed-snr-sinr-sweep-validation__dl-ber-vs-snr.csv|validation/csv/contract__fixed-snr-sinr-sweep-validation__dl-ber-vs-snr.csv
80eea8b404e0f59a98bb128931c03a6dd3645b79910af2f6fcb07e6c2e4e910a,2,reports/csv/live_user_performance_snapshot.csv|validation/csv/live_user_performance_snapshot.csv
8111f59ad51036c001a26617604b118c5d5d912b3398be0c2cc5a11e29f3602b,2,channel/csv/trajectory_resolution.csv|mobility/csv/trajectory_resolution.csv
8172e72c32bd7c9626454c34c36ad8d6ebf1b9d85d087f2237f9ac692a5c12d2,2,reference_signals/csv/contract__measurements-csi-link-adaptation-inputs__cqi-pmi-ri-cri-timeline.csv|reports/csv/contract__measurements-csi-link-adaptation-inputs__cqi-pmi-ri-cri-timeline.csv
81f98fe76105e7551ae0b4061a78c2e1170a50328003e9976bbf6d0d436f9468,2,control/csv/prach_trials.csv|prach/csv/prach_trials__81f98fe76105.csv
820fdc2607b9689b0366649232149431d2b0eb4d36170178025f7c64a4e1e497,2,reports/csv/measured_sinr_timeseries.csv|validation/csv/measured_sinr_timeseries.csv
8248f77d27f396ea2e58fbe943800c17c2216f895d67d84ade888ad709f8571d,2,reports/csv/kpi_known_bug_regression.csv|validation/csv/kpi_known_bug_regression.csv
8281206235f5bd8c61ffca6347a6f2eeee1302f6c6218fcdf012893be7ec98eb,2,analytics/csv/contract__spectrum-psd-papr-analytics__papr-histogram-cdf.csv|waveform/csv/contract__spectrum-psd-papr-analytics__papr-histogram-cdf.csv
82de38e5dd6027f0b5b4dffeea7065492b8af7e48cc038da8d1b39f87bc57dae,2,analytics/csv/contract__waveform-time-domain-analytics__tx-waveform.csv|waveform/csv/contract__waveform-time-domain-analytics__tx-waveform.csv
83b4a8da345d8a8264c8ec5bce50ad5e7f1fabce8ce5a379ce6c5795320eee6a,2,reports/csv/serving_cell_population_table.csv|validation/csv/serving_cell_population_table.csv
83ff4e1505d9c3d57434091e2d6493995cb9f93a2277199d477287516d621622,2,reports/csv/lls_reference_comparison_summary.csv|validation/csv/lls_reference_comparison_summary.csv
84534af6c625e524933878a393ce2afdc76cfe1d8a9199b0d2fb24e7da7ff019,2,air_interface/csv/trs_trials.csv|reference_signals/csv/trs_trials.csv
84cafd79db2f75fcfb72d07a619ea7f99315d1a02ed09fccb2ba826d401d0a73,2,analytics/csv/contract__export-consistency-truth-analytics__missing-field-audits.csv|validation/csv/contract__export-consistency-truth-analytics__missing-field-audits.csv
850cb57c67dd44c79045ac16dfe4c59ede3e0e45b131bf0b41cf7f9d3e691109,2,analytics/csv/resource_grid_analytics.csv|frame_grid/csv/resource_grid_analytics.csv
85348c8e04e96659dbc8258b45c3f2e408c6ca5469d4ace7cc2dc227c80421a4,2,analytics/csv/contract__export-consistency-truth-analytics__placeholder-exposure-checks.csv|validation/csv/contract__export-consistency-truth-analytics__placeholder-exposure-checks.csv
8557f99a1bdf40671427bf78097c4effde879fcde2455203163d027d8235a0bf,2,analytics/csv/contract__throughput-goodput-spectral-efficiency-analytics__per-ue-throughput.csv|waveform/csv/contract__throughput-goodput-spectral-efficiency-analytics__per-ue-throughput.csv
86cc66fb38d15a38839686205b3aa2b438ce3adea4fca60febf8d0567cbcb28c,2,reports/csv/live_required_vs_optional_case_status.csv|validation/csv/live_required_vs_optional_case_status.csv
86ef72fc46ece85cd4f24289c52b274b2743700004477f772781349326487fa1,2,channel/csv/channel_rf_cdlc_realization_table.csv|reports/csv/channel_rf_cdlc_realization_table.csv
877decf7f887adf86f2fb5ad6ac6cfe5d852771def2eb67048bd1fa45354c236,2,analytics/csv/contract__measurement-csi-link-adaptation-analytics__selected-vs-derived-mcs-confusion-matrix.csv|validation/csv/contract__measurement-csi-link-adaptation-analytics__selected-vs-derived-mcs-confusion-matrix.csv
87986ac64b6118ce93cbc193bf8b332331bed44156df14390fef790a01ce9351,2,beamforming/csv/mimo_config_validation.csv|mimo/csv/mimo_config_validation.csv
87afbd7cd69062a0995f7bc5f8c06643caac7e444d2ac0e70b3384add4588ab2,2,pusch/csv/pusch_runtime_event_provenance.csv|reports/csv/provenance_sidecars/pusch_runtime_event_provenance.csv
87c275e12d11b543aad80f601e9762f3418d470fd025a502a709c6eb70da8fed,2,artifact_generation/canonical_component_manifest.csv|validation/csv/canonical_component_manifest.csv
87d44dfcfd935515541b85bc269aa5bb0f0747de538aab23e27f665d5ed60df6,2,reports/csv/scenario_consistency_check_table.csv|validation/csv/scenario_consistency_check_table.csv
87fad8c2d7b6666f9cdbc7ec28dcb0893c17645f6d854a5c24ea0f41cc08d4ed,2,reports/csv/antenna_runtime_evidence.csv|validation/csv/antenna_runtime_evidence.csv
880565d3b10943fc8c375365a2a5e92badcded771a96cfa4da19743827f8acee,2,control/csv/attach_state_trace.csv|initial_access/csv/attach_state_trace.csv
885d5af077ab14ab3ca2a90d6103d81aba77a74a56e2aa64eb853f8aba3312c7,2,control/csv/msg1_prach_detection.csv|prach/csv/msg1_prach_detection.csv
88a58ee318ee416ab2696702c8bc2a602b65948692161eb43272bac3bb4244cf,2,reports/csv/kpi_duration_source_audit.csv|validation/csv/kpi_duration_source_audit.csv
88b1421a4a9f4a83bd6ff98a9be7ff5f63e827746af5a05c2dc4e230d1ce38e9,2,mimo/csv/live_precoder_table.csv|reports/csv/live_precoder_table.csv
891d1633795e0d5caf8c9f7951e1cb51dca06c56d43f5c151c378c0d8a7addd2,2,reports/csv/live_llr_summary.csv|validation/csv/live_llr_summary.csv
89260d68f594149151fb2214d6814e0d844df5ed9a8f761416ae23d4ff89c74b,2,analytics/csv/contract__random-access-prach-analytics__missed-detection-rate.csv|prach/csv/contract__random-access-prach-analytics__missed-detection-rate.csv
898474683872e77452c6ade8eddf786d99c17debaa113f0db84beed50a2d7229,2,analytics/csv/constellation_analytics.csv|waveform/csv/constellation_analytics.csv
89b62d4f65c5490e993d6c6565e1b09ac8d9c9d9150803d37db7e3ad9cf3aaae,2,channel/csv/contract__scenario-geometry-topology-layout__serving-cell-map.csv|reports/csv/contract__scenario-geometry-topology-layout__serving-cell-map.csv
89e94fa22c0fb187b497621f32d72163759ecca471ac5816fe58d89216ba65b4,2,reports/csv/timing_positioning_runtime_evidence.csv|validation/csv/timing_positioning_runtime_evidence.csv
89eaddcdc917ccf5534d11cdc65bd089cfcb972f1a885d67b7644dc029004932,2,reports/csv/live_gnb_state_table.csv|validation/csv/live_gnb_state_table.csv
8a6f1fc01442d636f202953c865de5b43ccae75e6b264829d03af76d20ff392f,2,reports/csv/contract__ue-side-state-ue-power-ue-control__ue-energy-proxy-timeline.csv|validation/csv/contract__ue-side-state-ue-power-ue-control__ue-energy-proxy-timeline.csv
8aac85535f8c5a48609ab8a50cf60a5a6f5446ac564db24acdb3666da5c0958d,2,pdsch/csv/dl_pdsch_objective_failures.csv|reports/csv/dl_pdsch_objective_failures.csv
8b6356fd65e7d9c93dae3853277b6ecb1070e351be264a082b0afcff7f570d03,2,reports/csv/csi_outputs.csv|validation/csv/csi_outputs.csv
8ba34136c6f97b9aeb887309910047a51faddbe8b26211d80dce741184708b2a,2,reports/csv/antenna_config_resolved.csv|validation/csv/antenna_config_resolved.csv
8bc2e74ddbfadf4f83659247a8988c15a62544b2ee3ef0c088c4b8511026eca6,2,reports/csv/contract__air-interface-frame-slot-symbol-grid__ssb-occasion-timeline.csv|ssb/csv/contract__air-interface-frame-slot-symbol-grid__ssb-occasion-timeline.csv
8c68f34c501df1b1232727a2dc2bcdca619d074f40f139d70d3ca868e954e65a,2,meta/scenario_source_chain.csv|validation/csv/scenario_source_chain.csv
8c6f2b92c3784bf5fd00d25db06096a89e720384aeb1f19051387d449761b821,4,analytics/csv/contract__power-energy-efficiency-analytics__power-vs-bler.csv|reports/csv/contract__power-energy-thermal-compute-runtime__power-vs-bler.csv|validation/csv/contract__power-energy-efficiency-analytics__power-vs-bler.csv|validation/csv/contract__power-energy-thermal-compute-runtime__power-vs-bler.csv
8cb054adee0cc4350233264c2fc512c4472cb2ed044d04dc257030f6126705ce,2,analytics/csv/waveform_comparison_analytics.csv|waveform/csv/waveform_comparison_analytics.csv
8cc8abc35905a3e571bacc2fbb51c4b0f02db814eb1a824e9ef75bf297a29779,6,analytics/csv/prach_analytics.csv|analytics/csv/random_access_detection_analytics.csv|prach/csv/live_prach_detection_table.csv|prach/csv/prach_analytics.csv|prach/csv/random_access_detection_analytics.csv|reports/csv/live_prach_detection_table.csv
8cd070d2ccafca9571a8bb7691d60e9cd1d088719d05af8d083d6bb135ccd031,2,reports/csv/coding_decoder_outputs.csv|validation/csv/coding_decoder_outputs.csv
8cdceafcd10092e7b0b45b8052f71758fa16f859895c81c285159926ba8e6fa1,2,mimo/csv/beam_management_outputs.csv|reports/csv/beam_management_outputs.csv
8dbd96e89c8ef88fd367e2e94d22c55ef6b7aa529c4ba0901b38d5358fe6f719,2,reports/csv/final_scientific_claims_truthfulness.csv|validation/csv/final_scientific_claims_truthfulness.csv
8dcfc15b735147a1f460accb646fac9176c2506ece51fb7f47d7a3d686eeb45d,2,beamforming/csv/beam_management_state_trace.csv|mimo/csv/beam_management_state_trace.csv
8e788fb8c5e00fb2cf6aa230a3ad383d2e4252f9b936efea6e702cf14e6b21e4,4,analytics/csv/clipping_analytics.csv|analytics/csv/papr_analytics.csv|analytics/csv/spectrum_analytics.csv|waveform/csv/spectrum_analytics.csv
8ea3591f3d54fdafe19fc3664aad21e11602eaf1ef9869352cbe269f98f15d20,2,analytics/csv/contract__runtime-compute-complexity-parallelism-analytics__latency-cdf.csv|traffic/csv/contract__runtime-compute-complexity-parallelism-analytics__latency-cdf.csv
8ea52843246fb3b536b46666de5c7c81c54a8c5e1f16ee1dbe9b1936608da6b1,10,pdcch/csv/live_coreset_state.csv|pdcch/csv/live_pdcch_dmrs_table.csv|pdcch/csv/live_pdcch_stage_table.csv|pdcch/csv/live_pdcch_summary.csv|pdcch/csv/live_search_space_state.csv|reports/csv/live_coreset_state.csv|reports/csv/live_pdcch_dmrs_table.csv|reports/csv/live_pdcch_stage_table.csv|reports/csv/live_pdcch_summary.csv|reports/csv/live_search_space_state.csv
8fc2de95351fcbef05e698ad98e51cd993be3828967575a3cbcdaf9b912b91e1,4,analytics/csv/waveform_stage_overlay_analytics.csv|reports/csv/reports_all_stage_exec_v.csv|validation/csv/reports_all_stage_exec_v.csv|waveform/csv/waveform_stage_overlay_analytics.csv
90c3682aab6b997e042d7d2259c8eae86a32179ee621bd9c0fe401676c6b5458,2,mimo/csv/beam_stability_analytics_table.csv|reports/csv/beam_stability_analytics_table.csv
9148de3d05dd3cb5dbf33995119e108c8d293310b97d1a8d1fb71ad1c4157f7a,2,reports/csv/table_dl_transport_block.csv|validation/csv/table_dl_transport_block.csv
915af1cd032d37d7d05b934bb3eae57d6ef2b912cac73ecfa09209f43eca7dd3,2,reports/csv/deployment_layout_reference.csv|validation/csv/deployment_layout_reference.csv
917e569b4f51011a13f2794ed985b270ff485157c547021a8e7cb40c3db6cd24,2,channel/csv/doppler_reconciliation.csv|mobility/csv/doppler_reconciliation.csv
918974314dfc5cf03605a7039ce643e95788d5c765aec0edb932ff72d4b84b92,2,reports/csv/truth_contract_summary.csv|validation/csv/truth_contract_summary.csv
91a364701714b0218cccba1c05df327b37325d3084ca918c0dedfec5a1f035f6,2,analytics/csv/contract__random-access-prach-analytics__preamble-root-cyclic-shift-usage-summary.csv|prach/csv/contract__random-access-prach-analytics__preamble-root-cyclic-shift-usage-summary.csv
91b1aeca9567f56e05b90bd63a5d18baee343bf304ce09d41ffc582fed643764,2,mimo/csv/mimo_rank_utilization_table__91b1aeca9567.csv|reports/csv/mimo_rank_utilization_table.csv
925ea5043cbc37784a74a1d52ecc56dc03254f64f366fdda5b787dcaf461fb4a,2,air_interface/csv/pbch_trials.csv|ssb/csv/pbch_trials.csv
926af1e8c01ff3939345de352a0706ccd9e9305bc375aec69a69c2631d054e35,2,analytics/csv/contract__power-energy-efficiency-analytics__energy-per-bit-histogram.csv|validation/csv/contract__power-energy-efficiency-analytics__energy-per-bit-histogram.csv
9290019741d4558160c025fc9772ac478c46137f7d59aa497d7fe2a153d10862,2,channel/csv/site_positions.csv|geometry/csv/site_positions.csv
92add82c51b1aa711f4c4613cb6c13d6d5d2c30b85d573f148e13105f2f51d38,2,mac_harq_scheduler/csv/contract__harq-ack-nack-retransmission__residual-bler-by-harq-process.csv|reports/csv/contract__harq-ack-nack-retransmission__residual-bler-by-harq-process.csv
92b4771fe1faf5d2385d561a228929fcd4ef431d8c341c918b2b92c9a8327d88,2,pdcch/csv/rawtrials_pdcch.csv|raw/evidence/tables/rawtrials_pdcch.csv
92db6a39e0edbfdc65f0c439dfa8219dc6fe80d01911d8110f0a419b1c565856,2,reports/csv/browser_runtime_db_consistency.csv|validation/csv/browser_runtime_db_consistency.csv
931d59b59a44337c3bdad2f7a1b107798ca0bba8269d6423f461a710c5985bbb,2,reports/csv/baseline_candidate_delta_tables.csv|validation/csv/baseline_candidate_delta_tables.csv
93db2ffb25931edf194554bb3344196da56d437011d46be28462a2752b4a775b,2,reports/csv/lls_output_spec_coverage.csv|validation/csv/lls_output_spec_coverage.csv
93f0aa0085125b038e162914e5448b0aa2a14730fc7ce3d244001612aab394d1,2,analytics/csv/contract__error-reliability-analytics__fer.csv|validation/csv/contract__error-reliability-analytics__fer.csv
944d4f8fb218c6a711bb5e3833b72a0e8de7eab71df2280aa4778d0ae50ed5ee,2,pdcch/csv/contract__dl-control-phy-pdcch__pdcch-dmrs-occupancy.csv|reports/csv/contract__dl-control-phy-pdcch__pdcch-dmrs-occupancy.csv
94640953696bbdd4c3fa23bf4c6326ffa54861986e8204b0887c8f453dcaabe3,2,reference_signals/csv/live_ul_dmrs_table.csv|reports/csv/live_ul_dmrs_table.csv
94a8643f11e0e9bfc4c8d5fa6272edd0ae93178d0c7eb0ab1cc45df7ebb8bf02,2,reference_signals/csv/contract__scheduler-mac-queue-qos-power-control-uci-flow__cqi-vs-selected-mcs.csv|reports/csv/contract__scheduler-mac-queue-qos-power-control-uci-flow__cqi-vs-selected-mcs.csv
94bc2702f66fb90573b5f085d064f27cc6f5a3d9a99e2a22b916e4fc788d442d,2,reports/csv/implementation_function_coverage.csv|validation/csv/implementation_function_coverage.csv
951cc2b5e13bc44893d035738df15dad783b120880dc45f22db2814cd1498d12,4,packet_flow/csv/slot_trace.csv|reports/csv/slot_trace.csv|traffic/csv/slot_trace.csv|validation/csv/slot_trace.csv
9614843f5d42e89f9db7408a6ab1c6aaabc4ed973cee9986b321f8faab8d4fb0,2,reports/csv/dut_reference_comparison.csv|validation/csv/dut_reference_comparison.csv
9698beddcd1b28496616babbdda7a9aaa0e4b1fbd7fb002d6256d2989f07b4ee,2,analytics/csv/contract__detection-control-analytics__prach-correlation-peak-distributions.csv|prach/csv/contract__detection-control-analytics__prach-correlation-peak-distributions.csv
96a220d22c4b5f14630acd4f5e35f4baf0f83d17d9eed18e418bb7b215b16d44,2,reports/csv/live_candidate_cell_runtime.csv|validation/csv/live_candidate_cell_runtime.csv
96bb8d44892625d1690d1e97b89697c77fd94b1deb4e7f6eb5e08ab4bf75403c,2,channel/csv/channel_rf_per_ue_realization.csv|reports/csv/channel_rf_per_ue_realization.csv
96c12b45f66e8fb544e57287bc2fda4e9723220662fd1e173c9970b36e66242b,2,reference_signals/csv/contract__srs-ul-sounding-massive-mimo-inputs__channel-estimate-quality-trend.csv|reports/csv/contract__srs-ul-sounding-massive-mimo-inputs__channel-estimate-quality-trend.csv
97b6b165f98eb4c843f8f79bf43dc23385a0107fa0cc77e5b7166e7ee8acb9cb,2,analytics/csv/contract__measurement-csi-link-adaptation-analytics__cqi-pmi-ri-cri-ssbri-trends.csv|ssb/csv/contract__measurement-csi-link-adaptation-analytics__cqi-pmi-ri-cri-ssbri-trends.csv
97b6bc5a36c1286e68891423b5a606d7eb305bcb08eb6d06aea1fadb31c4e53e,2,raw/evidence/tables/rawtrials_csirs.csv|reference_signals/csv/rawtrials_csirs.csv
9885e0f8f2c67b622f7a645d9b9c843d2e3d0768afdb59da55e3a67d49cc0423,2,pdsch/csv/contract__pdsch-dl-data-chain__precoder-beam-selection-timeline.csv|reports/csv/contract__pdsch-dl-data-chain__precoder-beam-selection-timeline.csv
988fbd3c267124768e667c54bac137a396b43eb1aa9df6c070fde710a367b614,2,channel/csv/mobility_kpi_reconciliation.csv|reports/csv/mobility_kpi_reconciliation.csv
98bd3f211d9e1bcd1b12ea3062f7a749ac7b1f5c244d04dfc7a3ec4e878388bc,2,analytics/csv/contract__export-consistency-truth-analytics__smoke-exposure-checks.csv|validation/csv/contract__export-consistency-truth-analytics__smoke-exposure-checks.csv
98ec3a48e0e051dc4fd20d56a153f7f7edcd9411542e810eda2c69a9610c9558,2,analytics/csv/contract__measurement-csi-link-adaptation-analytics__per-beam-quality-plot.csv|validation/csv/contract__measurement-csi-link-adaptation-analytics__per-beam-quality-plot.csv
9963f92005bb797fa0ac6a8d0965551060b9e46e5a7cd0caaf0b2716826cc6db,2,air_interface/csv/ul_constellation_samples.csv|waveform/csv/ul_constellation_samples.csv
99a9f603519eb10c301a6254ecef924b4536e9896db53c05681795481bcffa55,2,reports/csv/kpi_row_contributions_dl.csv|validation/csv/kpi_row_contributions_dl.csv
99e098bb4c177bf315aff5cd18c7df5e189a495553004eea1bbcd53acd8b16ca,2,pdsch/csv/contract__pdsch-dl-data-chain__mcs-code-rate-timeline.csv|reports/csv/contract__pdsch-dl-data-chain__mcs-code-rate-timeline.csv
9a99d4c31dddc44342fb079b68c008ab4edff82c0443afd9cccc3dbdd02d8864,2,analytics/csv/waveform_analytics.csv|waveform/csv/waveform_analytics.csv
9b3ff7a753c6f0b3c64a4381bfae29b40f8c91fd87f19ea019e12b47d40070cd,2,reference_signals/csv/contract__srs-ul-sounding-massive-mimo-inputs__srs-validity-timeline.csv|reports/csv/contract__srs-ul-sounding-massive-mimo-inputs__srs-validity-timeline.csv
9b7746e7dc71703b297a1038bdf792287d86b5af48435d38c9ec7771f778c85d,2,analytics/csv/contract__error-reliability-analytics__code-block-error-rates.csv|validation/csv/contract__error-reliability-analytics__code-block-error-rates.csv
9c085bab666b1b788bbc918cc73f5c0bab29866d98043dd7f9e124aa12ede496,2,prach/csv/rawtrials_prach.csv|raw/evidence/tables/rawtrials_prach.csv
9d719b9b20da12c0ba3b0c0cbd4784f868712da5a8ee18460424353312e880b7,2,analytics/csv/contract__error-reliability-analytics__cbg-error-rates.csv|validation/csv/contract__error-reliability-analytics__cbg-error-rates.csv
9d95e12022a968d0b624b4a363bfb856f6c421142a41aa2fb8e22f76b815cc40,2,mac_harq_scheduler/csv/contract__scheduler-mac-queue-qos-power-control-uci-flow__hol-delay-over-time.csv|reports/csv/contract__scheduler-mac-queue-qos-power-control-uci-flow__hol-delay-over-time.csv
9da6eaacf692cea5345402de7d2b31c32baa8f1be3071dc57ada9eb7ef0b4f5c,2,analytics/csv/contract__error-reliability-analytics__ber.csv|validation/csv/contract__error-reliability-analytics__ber.csv
9eab9e30922debb33ef39c6e428c8f12af4f6dad79a396466511f67e173630db,2,reports/csv/live_coverage_snapshot.csv|validation/csv/live_coverage_snapshot.csv
9eb2fc52108de9e7ecb23f52378bd80c3776968b3b66dfd27ef9dd6ff42b2a6d,2,channel/csv/channel_rf_configured_applied.csv|reports/csv/channel_rf_configured_applied.csv
9f8c059a8fb805acb0e9dd3d40387e1cb736ffe57b40141c0dbae672096b4322,11,analytics/csv/harq_analytics.csv|analytics/csv/harq_process_analytics.csv|analytics/csv/runtime_latency_analytics.csv|analytics/csv/soft_buffer_analytics.csv|mac_harq_scheduler/csv/harq_analytics.csv|mac_harq_scheduler/csv/harq_process_analytics.csv|mac_harq_scheduler/csv/live_harq_process_table.csv|reports/csv/live_harq_process_table.csv|reports/csv/live_soft_buffer_table.csv|traffic/csv/runtime_latency_analytics.csv|validation/csv/live_soft_buffer_table.csv
9fe9309e979af1d4b4de8256395172a6a4ad8cc2ef6cb5d083f00152b44c7ca8,2,reference_signals/csv/live_csirs_stats.csv|reports/csv/live_csirs_stats.csv
a1223465b39d0910dddf40a342714b8fdc51d8566dbd5874fc94a32b8b18b91f,2,analytics/csv/contract__beamforming-precoding-mimo-analytics__beam-pair-timeline.csv|mimo/csv/contract__beamforming-precoding-mimo-analytics__beam-pair-timeline.csv
a1ca0aaabe4eddf5af34061e8d8fdd3a22cf8d11b321f593475c91a103eba999,2,reports/csv/table_mcs_tbs_evolution.csv|validation/csv/table_mcs_tbs_evolution.csv
a210a3a6379be7d8c7a7ba54ed5d14ffc795e902d7abc1722d2e0d102051dfa7,2,channel/csv/coordinate_system.csv|geometry/csv/coordinate_system.csv
a21e662d49a299af40f35345f612fa0b90cb8b6e430eda40b5ae4ecb43eca803,2,analytics/csv/contract__beamforming-precoding-mimo-analytics__selected-vs-best-beam-gap.csv|mimo/csv/contract__beamforming-precoding-mimo-analytics__selected-vs-best-beam-gap.csv
a286895c36b54c6ce745a6db5ca220a0c2c94dcdb8f80aac16b08d1212cb57d4,2,reports/csv/throughput_reconciliation.csv|validation/csv/throughput_reconciliation.csv
a3033811b38ae6b1940b60d43c03c00336daef193408de52d313bd1e568cbe51,2,reports/csv/live_cell_measurement_trace.csv|validation/csv/live_cell_measurement_trace.csv
a38f14b4e54367c1d8ae9acc8af5c384728fb5e3a124c8942ea743257f41ea28,2,analytics/csv/contract__resource-grid-re-occupancy-analytics__pucch-map.csv|pucch/csv/contract__resource-grid-re-occupancy-analytics__pucch-map.csv
a3b5d35e9e222b5b7e12a3b2b72f28f9c679fb8747c5c7dd3f284a3b2c99af3e,2,analytics/csv/contract__constellation-evm-analytics__post-equalization-constellation.csv|waveform/csv/contract__constellation-evm-analytics__post-equalization-constellation.csv
a472e387a65a6826cebf7fdbd4c2be4dd5cad2a62d98bb4b295ccbad55a1ef5e,2,analytics/csv/spectral_efficiency_analytics.csv|waveform/csv/spectral_efficiency_analytics.csv
a57638f4dde9600d033d6a71e3cb05fce5c1502eadc341a56ae0c6b24f2843c2,2,reference_signals/csv/srs_public_provenance.csv|reports/csv/provenance_sidecars/srs_public_provenance.csv
a6284f3f8553597412e509facb01db1154ab7ef97d492c59c66c1bc196f2bd17,2,reports/csv/kpi_row_contributions_ul.csv|validation/csv/kpi_row_contributions_ul.csv
a63194c5e28746ee7fb233bc46ee1a7a44d2227227ba3bb24773a1ef488344c4,2,analytics/csv/contract__channel-estimation-propagation-analytics__noise-variance-trend.csv|validation/csv/contract__channel-estimation-propagation-analytics__noise-variance-trend.csv
a6e22cc6ee2c74497566754446f6341a5485e3f36376497f2debee5b61f56eb0,2,reports/csv/phase7_truth_gates.csv|validation/csv/phase7_truth_gates.csv
a76694ca6d0dda659f46fb086992397f82e3183f5aaa127120d21ad9b55484de,2,reports/csv/value_source_audit.csv|validation/csv/value_source_audit.csv
a77706b7a95b143d164b00e6ec92e50a95ec9473c891e0756d52a584a463babb,2,channel/csv/live_channel_estimation_stats.csv|reports/csv/live_channel_estimation_stats.csv
a77870d920408a92b7afbfda32d119d1b5ed29bc2aa741c328ceb3b4a3a3387c,4,analytics/csv/contract__beamforming-precoding-mimo-analytics__condition-number-distribution.csv|mimo/csv/contract__beamforming-precoding-mimo-analytics__condition-number-distribution.csv|mimo/csv/contract__beamforming-precoding-mimo-massive-mimo__condition-number-distribution.csv|reports/csv/contract__beamforming-precoding-mimo-massive-mimo__condition-number-distribution.csv
a87942c96d2278424fa2f9103ac2d45ee3c0e46609bf8ccd93ff72146132c603,2,prach/csv/contract__prach-random-access__preamble-usage-chart.csv|reports/csv/contract__prach-random-access__preamble-usage-chart.csv
a88919156e08873a9901d925cafbdf897c9e2d06dab07c27a19affa4188b1feb,2,reports/csv/runtime_stage_profile.csv|validation/csv/runtime_stage_profile.csv
a90c67651cb575509c68e5d9818fa96893b71c299acf5658dfa27a7c2b126f0e,2,reports/csv/lls_output_contract.csv|validation/csv/lls_output_contract.csv
a937d981c582b104015841ce11acecb37b61cd10c1dfca427f5dc6887d0c9218,2,reference_signals/csv/mcs_cqi_decision_trace_table.csv|reports/csv/mcs_cqi_decision_trace_table.csv
a93bd5d0fcfcf9514759ba85ae3fc84a7c21cd4fff397659d18e544fad4ed0cc,2,reports/csv/contract__fixed-snr-sinr-sweep-validation__throughput-vs-snr.csv|validation/csv/contract__fixed-snr-sinr-sweep-validation__throughput-vs-snr.csv
a9f00059791bf88e5efa01f1023c524c9c4a7d15dac33d280075b65488362ba4,2,prach/csv/prach_detection_measurements.csv|reports/csv/measurements/prach_detection_measurements.csv
a9f7402bf0b8441736bcb46c78978ef8025abf6124c7416925bd2f2a5a5e2198,2,channel/csv/channel_impulse_response.csv|reports/csv/channel_impulse_response.csv
aafc8280cb39261310b1e2d6b8f977a17841a7acab6549e9ba90dc38e359a91b,2,reports/csv/kpi_consistency_gate.csv|validation/csv/kpi_consistency_gate.csv
ab3c73b83cdb15e1144f614590db22f13d6d2cabd5f9fc374dd58c6f1a271a16,2,reports/csv/contract__gnb-side-state-thread-coordinator-phy-mac-api__per-cell-context-health-timeline.csv|validation/csv/contract__gnb-side-state-thread-coordinator-phy-mac-api__per-cell-context-health-timeline.csv
ac158b4c8af3962d552485e9aced11c576c6eb77e0ae4761c13dc17ada367d74,2,reports/csv/unavailable_plot_card_registry.csv|validation/csv/unavailable_plot_card_registry.csv
ac1d42170f9a7d49d44d3d5802b9c766b0d2d27b7520615c8823aba46c898379,2,reports/csv/kpi_application_packet_delivery_ledger_dl.csv|validation/csv/kpi_application_packet_delivery_ledger_dl.csv
ac6cf2669ee680239ddd8fcf3b0de34b814c4b66e5ee15195fa4d6a93736ed9f,2,reports/csv/contract__persistence-export-consistency-browser-health__consistency-failure-trend.csv|validation/csv/contract__persistence-export-consistency-browser-health__consistency-failure-trend.csv
acbc5a1716a64aecdec6e336fd1fa1e141afe5e0406a083950cf68a5f57372cd,2,analytics/csv/contract__power-energy-efficiency-analytics__active-bandwidth-vs-power.csv|validation/csv/contract__power-energy-efficiency-analytics__active-bandwidth-vs-power.csv
ad36f8671651ce2f4c5e25e97e972999abf0d063b45c00fbbcf9c3a8ff8bcbb9,2,reports/csv/ai_confidence_trace.csv|validation/csv/ai_confidence_trace.csv
ad7fd37db300dff20d974a02308d0f2dd6f81faa10af2475327be799d84b24f3,13,analytics/csv/mobility_analytics.csv|analytics/csv/selection_reselection_analytics.csv|channel/csv/live_mobility_state.csv|channel/csv/mobility_analytics.csv|reports/csv/live_event_trigger_table.csv|reports/csv/live_measurement_filter_state.csv|reports/csv/live_mobility_state.csv|reports/csv/live_reselection_state.csv|reports/csv/live_selection_state.csv|validation/csv/live_event_trigger_table.csv|validation/csv/live_measurement_filter_state.csv|validation/csv/live_reselection_state.csv|validation/csv/live_selection_state.csv
ae18d07f9caf28eb6b3b966340cdb0fed347b4062aeb49fe9cd1f4ef786c599c,2,channel/csv/contract__channel-interference-impairments__interference-power-timeline.csv|reports/csv/contract__channel-interference-impairments__interference-power-timeline.csv
ae5602b972adbdd35449c4abb732a8f458c69489966db1abba31186779c25256,2,reports/csv/live_sleep_state_table.csv|validation/csv/live_sleep_state_table.csv
ae66648d946e8bbcf91fe0aade6c23268e003cd3361121b452f0621a22624477,2,reports/csv/live_rank_estimation_stats.csv|validation/csv/live_rank_estimation_stats.csv
ae66b4675795a96df25ac95797e547dcaa2aff86fd26846f6b7d4ade3b882a7c,2,reference_signals/csv/contract__srs-ul-sounding-massive-mimo-inputs__srs-consumption-by-scheduler-beam-module.csv|reports/csv/contract__srs-ul-sounding-massive-mimo-inputs__srs-consumption-by-scheduler-beam-module.csv
af0084ff1aa008f7b3d6a3abf991a7403ab974f2e2f8b6461b10b48d53af08bb,2,reports/csv/csi_report_table.csv|validation/csv/csi_report_table.csv
aff9a9f1debe455322539b1832ad5d8a6da5ac9f1fd5aa2495c63c79e03e94c0,2,reports/csv/active_issue_gate_summary.csv|validation/csv/active_issue_gate_summary.csv
b0436dd9d02e04f05b9c51ea7a2d558b670325c73724a68c1bcbbee51da1492d,2,reports/csv/plot_data_lineage_summary.csv|validation/csv/plot_data_lineage_summary.csv
b04b411917fccf34bdd40137344916de2e22806e6c8e89b5ceac5480177c6c1f,4,reports/csv/live_trp_table.csv|reports/csv/trps.csv|validation/csv/live_trp_table.csv|validation/csv/trps.csv
b0cfe6090f9ae299561fb18c8d7709daaac45e6a995f568ee2921620e5af8d12,2,reports/csv/live_prb_allocation_snapshot.csv|validation/csv/live_prb_allocation_snapshot.csv
b116478bce90d10ba27f564df38f32b4db5a1f6456e211f417134daf63c19007,2,analytics/csv/contract__resource-grid-re-occupancy-analytics__pdcch-map.csv|pdcch/csv/contract__resource-grid-re-occupancy-analytics__pdcch-map.csv
b17f0c2582e81362b7edc3ff6a03c155f9cb36c35bef93c96f0b0ba6d9310b19,3,control/csv/control_gating_state.csv|reports/csv/live_control_gating_state.csv|validation/csv/live_control_gating_state.csv
b1cbe2bc3495d3b2f487d645aaac4658244bde60f8ef4a9e4b9ccdcc9edc8680,2,reports/csv/live_drx_state.csv|validation/csv/live_drx_state.csv
b21482c09040927a785ac362269e01215e55e0874308d183a36b5cd2b4313fec,2,reports/csv/persistence_audit_table.csv|validation/csv/persistence_audit_table.csv
b21c06a1a825941588fe9228810bab22ed0010d9cd33363ae0accc34b4b18c2a,2,reports/csv/production_qualification_gate.csv|validation/csv/production_qualification_gate.csv
b22a03b6620a162d3e1d90ed3f442f58d32f8777b6a4d45cd58d188109276590,2,channel/csv/interference_accounting.csv|reports/csv/interference_accounting.csv
b24df475619161a4f90d591274c4917edf027557d59464a33e2b483ad3fb7205,4,analytics/csv/contract__resource-grid-re-occupancy-analytics__prb-heatmap.csv|reports/csv/contract__air-interface-frame-slot-symbol-grid__prb-heatmap.csv|validation/csv/contract__air-interface-frame-slot-symbol-grid__prb-heatmap.csv|validation/csv/contract__resource-grid-re-occupancy-analytics__prb-heatmap.csv
b2765bfd0f48bf501a22fc3c8d694f7709374b15fa367b79663d07b9a3d818d5,2,reports/csv/kpi_legacy_alias_map.csv|validation/csv/kpi_legacy_alias_map.csv
b2e3d76e0fd285b94af42571cd76fdfb54fb1d3a813b9c38d80df838b02797bd,2,pdcch/csv/contract__dl-control-phy-pdcch__aggregation-level-distribution.csv|reports/csv/contract__dl-control-phy-pdcch__aggregation-level-distribution.csv
b2f9cf733d36691e5c0fdd1ac4d5ccbea0c6944b4c1544b55e88949208f0f918,3,control/csv/access_state_timeline.csv|reports/csv/access_state_timeline.csv|validation/csv/access_state_timeline.csv
b3c8a7acc4f2a7ad1e5677ae09398524e0ed1526acd5f401f675ca354ca4f182,2,pdsch/csv/pdsch_outputs.csv|reports/csv/pdsch_outputs.csv
b3f60c95649c466a26d71c57fa19911fdb6498613165870092ef70b491c56f2e,2,analytics/csv/contract__error-reliability-analytics__bler.csv|validation/csv/contract__error-reliability-analytics__bler.csv
b5f15b43f2ea1e4fdd8cc615595f4eaeee21f844c5c529fa532cd9f08f2252ad,2,reference_signals/csv/srs_measurements.csv|reports/csv/measurements/srs_measurements.csv
b61a68dc6c8aee83f229b095034273f6e663341cb2c1daffbdc7a49467e6fce1,2,frame_grid/csv/ul_resource_grid_heatmap.csv|reports/csv/ul_resource_grid_heatmap.csv
b6517ba1d9e58e6e94d4f354568cde7886a4fdd25a7ec97a05c70e59c060bed2,2,pdcch/csv/contract__dl-control-phy-pdcch__cce-usage-heatmap.csv|reports/csv/contract__dl-control-phy-pdcch__cce-usage-heatmap.csv
b67c659621b6510a7f764cef02b57274d80861d9ffe80e47d96a55af3d2d1beb,2,reports/csv/table_link_budget.csv|validation/csv/table_link_budget.csv
b6c2b83d963d09fce2b47259ae66d953d3b696ea27ca80facedf29ab7b4fa965,4,mac_harq_scheduler/csv/live_harq_timeline.csv|reports/csv/live_ack_nack_table.csv|reports/csv/live_harq_timeline.csv|validation/csv/live_ack_nack_table.csv
b6f10e3874746386b7495010fa631fa32f283172f504967081466fcf6fcd799c,2,analytics/csv/contract__resource-grid-re-occupancy-analytics__csi-rs-map.csv|validation/csv/contract__resource-grid-re-occupancy-analytics__csi-rs-map.csv
b75d682e18acd993ba6f580d9a15f5d729c28332b344435b21e4729e624d687c,2,reports/csv/papr_ccdf.csv|validation/csv/papr_ccdf.csv
b79fecb19fdc478db7c0ad8ed648f354488ea74fed95dad80006c63e9cbb53a1,4,analytics/csv/contract__power-energy-efficiency-analytics__power-vs-throughput.csv|reports/csv/contract__power-energy-thermal-compute-runtime__power-vs-throughput.csv|validation/csv/contract__power-energy-efficiency-analytics__power-vs-throughput.csv|validation/csv/contract__power-energy-thermal-compute-runtime__power-vs-throughput.csv
b7c91e3cf02ed734781d8502c869ccde7c84aff02f03c726ba6769619f365c79,2,reports/csv/energy_root_cause_table.csv|validation/csv/energy_root_cause_table.csv
b836a2584211809302673b40ec078f342c072f36e7817e5d3438bacb73eb9700,4,mac_harq_scheduler/csv/kpi_harq_delivery_trace_ul.csv|reports/csv/kpi_harq_delivery_trace_ul.csv|reports/csv/kpi_tb_delivery_ledger_ul.csv|validation/csv/kpi_tb_delivery_ledger_ul.csv
b8e3c35da118732349196e31e1e9775d6ff979a51731e9e9487d7b788774dfc8,2,reports/csv/generated_value_plausibility_audit.csv|validation/csv/generated_value_plausibility_audit.csv
b9170dc947fd8fb135439efe4cb21802344fd151a417c92fb4702dfe25a2ede3,2,analytics/csv/contract__error-reliability-analytics__crc-pass-fail-rates.csv|validation/csv/contract__error-reliability-analytics__crc-pass-fail-rates.csv
b9a336534b3337c7a49d91f5a97a759f8ca2e371756bb95a8db470f60c1b4adb,2,beamforming/csv/mimo_config_strict.csv|mimo/csv/mimo_config_strict.csv
ba9834924df0892a1d3f681fcffa6cd8aec3bd99af45b2c33e4763ae01d3b557,2,analytics/csv/contract__runtime-compute-complexity-parallelism-analytics__dropped-row-duplicate-write-analytics.csv|validation/csv/contract__runtime-compute-complexity-parallelism-analytics__dropped-row-duplicate-write-analytics.csv
bab042a7d85f5193d881168e1295c0ef101e82a68ce8b8c0c76f9589dddb9fc6,4,reports/csv/reports_all_enums_v.csv|reports/csv/reports_value_semantics_coverage_v.csv|validation/csv/reports_all_enums_v.csv|validation/csv/reports_value_semantics_coverage_v.csv
baebbba67a649942c52ebc71eaef24be8d8c74fd609a796073b08760956b8228,2,channel/csv/channel_continuity_reconciliation.csv|mobility/csv/channel_continuity_reconciliation.csv
bb376d5f5e2c0a72bf897b981e61e57491ffa2eda4d808d74b67d285863ab399,2,pdsch/csv/live_pdsch_code_block_table.csv|reports/csv/live_pdsch_code_block_table.csv
bb68c22af2cf1e1070e1b18f70ec5df958a23d994669988a898dec69a624873e,2,pdcch/csv/pdcch_dci_measurements.csv|reports/csv/measurements/pdcch_dci_measurements.csv
bc572063682f6d5e4de9213787d9be8e3b6e4e5b161a33451072a68c6e30bd85,2,reports/csv/contract__fixed-snr-sinr-sweep-validation__ul-ber-vs-snr.csv|validation/csv/contract__fixed-snr-sinr-sweep-validation__ul-ber-vs-snr.csv
bc89fc8b94d6a34e954509564293eb996a977568da220471e9a8e21a2273b847,2,packet_flow/csv/live_prb_allocation.csv|traffic/csv/live_prb_allocation.csv
bcc7ad85289b8990e4d3c42b01f59926155552df83fe4eef4762234d1de15b7d,2,reports/csv/raw_to_derived_lineage.csv|validation/csv/raw_to_derived_lineage.csv
bcd24eda96be477d22073d008cfd287d0a58f8730dc7cea33a85f90265a51f39,2,beamforming/csv/probe_beam_mimo.csv|mimo/csv/probe_beam_mimo.csv
bd8527d03526ce09741dc293613f9ca5572670dbda736ecc78d6e49a31489fa0,2,components/pdsch/csv/pdsch_bler_curve.csv|pdsch/csv/pdsch_bler_curve.csv
bdb193a92cc8aa7685b73aafba15688508cbf8c9e1a28b9a8c60a2bd98effde0,2,analytics/csv/codeblock_analytics.csv|analytics/csv/decoder_analytics.csv
bdcc4f57c22648ecdaa87bf8a95e19bcc56362c8bb1133f59998b6e60e23b168,2,reports/csv/statistical_qualification_gate.csv|validation/csv/statistical_qualification_gate.csv
bdd63d544c0fb126eea86eb4a211af32edce396c94569f6ea9bf767e57d02cef,2,analytics/csv/control_decode_analytics.csv|analytics/csv/detection_analytics.csv
be826d7612893ec77725959e15c8f3da8e277854498027bcf15fe2bbd27b6af0,2,reports/csv/live_tx_rx_stage_trace.csv|validation/csv/live_tx_rx_stage_trace.csv
bfc51f83e6d1da7b15975e989c991f21c688ad8fa735980060620069a4eca6bb,2,packet_flow/csv/live_application_packet_delivery_ledger.csv|traffic/csv/live_application_packet_delivery_ledger.csv
bff125cdeda07a3e0b15a304dc4a942c6354db84594cbafb6235a027bef0808a,2,mac_harq_scheduler/csv/contract__scheduler-mac-queue-qos-power-control-uci-flow__scheduler-fairness-over-time.csv|reports/csv/contract__scheduler-mac-queue-qos-power-control-uci-flow__scheduler-fairness-over-time.csv
c018d695a734900b3b1d06931f2d08a2b52125c6b5b7f8bdf22246307d0acd7c,2,reports/csv/kpi_formula_registry.csv|validation/csv/kpi_formula_registry.csv
c06d9c8850bce308704a24ca45a297d1aa4ed6ca8ea33ad6bf6b6831fd614fea,2,channel/csv/channel_realization_reconciliation.csv|reports/csv/channel_realization_reconciliation.csv
c0c1bd0f13cb0a5e430c9609832bec93a5526c4f34f7705e8fe4e9c0d717ef0b,2,mimo/csv/live_beam_p1_acquisition_stats.csv|reports/csv/live_beam_p1_acquisition_stats.csv
c0d0244a7c96ec2ad8da904ecf52896c86c7c67621503b5fffd1e961a3e6fd4b,2,analytics/csv/contract__beamforming-precoding-mimo-analytics__antenna-element-layout.csv|mimo/csv/contract__beamforming-precoding-mimo-analytics__antenna-element-layout.csv
c0fa7d3f42ff1114347b2cfe953966e13e4692b7ac2792cceb3e85c6d94f719a,2,beamforming/csv/mimo_oracle_guard.csv|mimo/csv/mimo_oracle_guard.csv
c11520fe5b4a63e43dbcdc8e6f5755dd1fd027ac25a7c12cd57f1594faece4b4,4,reference_signals/csv/live_csirs_resource_table.csv|reference_signals/csv/live_csirs_stage_table.csv|reports/csv/live_csirs_resource_table.csv|reports/csv/live_csirs_stage_table.csv
c185528761aab65b841c2d04c7889f66492782735731cc11e5fd0957df6bd68a,2,pdsch/csv/dl_pdsch_measurements.csv|reports/csv/measurements/dl_pdsch_measurements.csv
c236e2513165e7dd2ce1868a13456995568f15dd7fc7cf42a0cc5182c66d08cf,2,channel/csv/channel_rf_strict_summary.csv|reports/csv/channel_rf_strict_summary.csv
c25f4cb347bc75280427432b09d0e01b2807e100a6f299266a49772be4530d13,2,analytics/csv/contract__resource-grid-re-occupancy-analytics__pdsch-map.csv|pdsch/csv/contract__resource-grid-re-occupancy-analytics__pdsch-map.csv
c2d685a1ee29b536e4ce837dcd6dad68b1a8f2407990e9b519e81842fb072a7f,2,mac_harq_scheduler/csv/harq_outputs.csv|reports/csv/harq_outputs.csv
c3041fb57bcdc72f76961c841852f100bb133a103accb1421ce0551d0918a3be,2,reports/csv/strict_anchor_acceptance_report.csv|validation/csv/strict_anchor_acceptance_report.csv
c337bd479d6dd609c1cc9e3569fe064f62d36f21ca7984ca27409baab75269ce,2,reports/csv/contract__power-energy-thermal-compute-runtime__joules-gb-over-time.csv|validation/csv/contract__power-energy-thermal-compute-runtime__joules-gb-over-time.csv
c3c685099851d9922b8e8ea4b8fbdba2a1785e43e38af89892c5c7fcc8418255,2,analytics/csv/contract__runtime-compute-complexity-parallelism-analytics__normalized-decoder-complexity.csv|validation/csv/contract__runtime-compute-complexity-parallelism-analytics__normalized-decoder-complexity.csv
c3cb526d804167639ce06bc5ebe0ac548f3739b51629512cc3769c7761032139,2,pdsch/csv/dl_pdsch_raw_bler_ber_objective.csv|reports/csv/dl_pdsch_raw_bler_ber_objective.csv
c3cddd6a6a95c84d2cc901a4fe1e0c485a8b85d7acc4c1dba5eda9553171026a,2,packet_flow/csv/live_pucch_grants.csv|pucch/csv/live_pucch_grants.csv
c3f6f4ac3e21bb714bbc9ec00063469530e0282512c250a04f745e2c9a196991,2,reports/csv/per_measured_sinr_comparison_tables.csv|validation/csv/per_measured_sinr_comparison_tables.csv
c444acb03393e7aed2b406402801259299e81f0e553bb5f260907a2387d213f6,2,control/csv/csi_rs_trials.csv|reference_signals/csv/csi_rs_trials__c444acb03393.csv
c4899d23a83265fa9297b3d6e6aeaa64da6198b2406399a0aa0c26e55bde762c,2,mac_harq_scheduler/csv/contract__harq-ack-nack-retransmission__rv-usage-distribution.csv|reports/csv/contract__harq-ack-nack-retransmission__rv-usage-distribution.csv
c49bef6c231114b5a17433b69416f7a40133e8f4a176ad0af2c7c1b2deee9650,2,mac_harq_scheduler/csv/live_mac_pdu_summary.csv|reports/csv/live_mac_pdu_summary.csv
c4e4b52574ce9f6d89a7c2507c83357cc8a028b823d7914463efcd04e38e51c6,2,beamforming/csv/mimo_rank_utilization_table.csv|mimo/csv/mimo_rank_utilization_table.csv
c5454fa6926db2fc6fcf802a34460679b1eb2780f297b140dbd5f3dc0957efff,2,analytics/csv/contract__throughput-goodput-spectral-efficiency-analytics__throughput-cdf.csv|waveform/csv/contract__throughput-goodput-spectral-efficiency-analytics__throughput-cdf.csv
c681d5fb1b1235677531c5c720079d9bfe4ec5e6f5730bea193687832dbbcae8,2,analytics/csv/contract__beamforming-precoding-mimo-analytics__combiner-summary.csv|mimo/csv/contract__beamforming-precoding-mimo-analytics__combiner-summary.csv
c694d31f0231855152bf72dd00536b08c5b885f27a6dadf4bd5fab83e4a06ab1,2,mac_harq_scheduler/csv/contract__scheduler-mac-queue-qos-power-control-uci-flow__sr-bsr-event-timeline.csv|reports/csv/contract__scheduler-mac-queue-qos-power-control-uci-flow__sr-bsr-event-timeline.csv
c6d6dc4e0654294b57062ef5d077f5635def670e89f1afa8641b8ba68e1a287a,2,analytics/csv/contract__random-access-prach-analytics__access-latency.csv|prach/csv/contract__random-access-prach-analytics__access-latency.csv
c818b6a82d2e1b812acd0b6073fb9a13f56e4725ad247086af1a07bf3636aa4b,2,reports/csv/path_power_normalization_reconciliation.csv|validation/csv/path_power_normalization_reconciliation.csv
c83d2d07c068893a932cce412ae0985264f5e16484cc33aa04b23b4bcee8d5c9,2,reports/csv/noise_reconciliation.csv|validation/csv/noise_reconciliation.csv
c8a4ad46c5f394f64ce2559e4eefec983628d4e8cac9d3ed6bf493ca0de72f64,2,air_interface/csv/dl_constellation_samples.csv|waveform/csv/dl_constellation_samples.csv
c8b36e557d1dbf7bb3a22f66dfc8f3b9da7271caf19196e0c24cdda3d0ee7f2d,2,analytics/csv/schema_drift_analytics.csv|validation/csv/schema_drift_analytics.csv
c8cc0fa00d33463a587f701aa40a35bb1fe51c31a6cbe87aa89103b6f4ae9290,2,reports/csv/reports_stage_lineage_v.csv|validation/csv/reports_stage_lineage_v.csv
c8f48ec0ecfcd1dfb06dc4b5c0ad15837f5e2fe74b88ac1c16c7d0d8f0036acb,2,analytics/csv/contract__export-consistency-truth-analytics__config-drift.csv|validation/csv/contract__export-consistency-truth-analytics__config-drift.csv
c96361fbfa8b94ab33a5dc6cb38a7bad29284eb8a78e79025260c082cbfe6fbc,2,mac_harq_scheduler/csv/live_mac_ce_state.csv|reports/csv/live_mac_ce_state.csv
c9a67a064f36280484b2b040d50be1429c770899066bc1bfceaa8f8992869bd4,2,beamforming/csv/beam_sweep_measurements.csv|mimo/csv/beam_sweep_measurements.csv
c9dcb29f43dfa563b17128edbf28546e712e4515aafb1a645ec97252174d3822,2,analytics/csv/contract__error-reliability-analytics__bler-vs-sinr.csv|validation/csv/contract__error-reliability-analytics__bler-vs-sinr.csv
ca16a10aa63e2e67cc8cdcea5951e7980c5f52ebbabb2bd58c1ee04ddcb9a1c3,2,reference_signals/csv/srs_public_measurements.csv|reports/csv/measurements/srs_public_measurements.csv
ca440bf34f52be3c80ab2026f2012f254836b1c40a15d0b2abe3ab6a5985a5ee,2,reports/csv/run_state.csv|validation/csv/run_state.csv
ca62bd909eea8f2fa2f1a6cb82a20fda35120a16bcbdc4822bf6bd3ddce33f56,2,air_interface/csv/prach_trials.csv|prach/csv/prach_trials.csv
cb2a67a46e7856456dd1e0cdb6159b190472f7507c06b7556c0a561fccdd299b,2,reports/csv/cross_layer_correlation_table.csv|validation/csv/cross_layer_correlation_table.csv
cbc496ea9da854e8d75b6326914fbf00048fe90d51cf6acdaa30bb05178df38c,3,control/csv/access_transition_ledger.csv|reports/csv/access_transition_ledger.csv|validation/csv/access_transition_ledger.csv
cc17192b11b2571d3f76714585d307c2e237d2a952814526ff35656bf0f4a153,2,reports/csv/hardcoded_parameter_audit.csv|validation/csv/hardcoded_parameter_audit.csv
cc6d3f65ba3de6039a805260e0834eb62fec5a02248efc417c46bdae4483694f,2,analytics/csv/contract__error-reliability-analytics__decoder-iteration-distributions.csv|validation/csv/contract__error-reliability-analytics__decoder-iteration-distributions.csv
cca048a716f25d47bc939cec9c8c016ac5d6b76cbdc7795180baa91870f891ac,4,reports/csv/live_sector_table.csv|reports/csv/sectors.csv|validation/csv/live_sector_table.csv|validation/csv/sectors.csv
cca7608c338b4fc5a27833051b6762a4fc134f7653576b99ecde594fd56825b8,4,analytics/csv/contract__harq-analytics__retransmission-count-histogram.csv|mac_harq_scheduler/csv/contract__harq-ack-nack-retransmission__retransmission-count-histogram.csv|mac_harq_scheduler/csv/contract__harq-analytics__retransmission-count-histogram.csv|reports/csv/contract__harq-ack-nack-retransmission__retransmission-count-histogram.csv
ccced76869d46b03cdbd9e4708a2d5a634b5fe39202b422f0d101f5ccfcc8dfc,3,analytics/csv/symbol_throughput_analytics.csv|reports/csv/live_symbol_throughput_table.csv|validation/csv/live_symbol_throughput_table.csv
ccd07ff15a8ec9388b1900bcff619f2195c45868257ad9ffbbf93e52e551a114,4,harq/csv/harq_process_timeline.csv|harq/csv/probe_harq_packets.csv|mac_harq_scheduler/csv/harq_process_timeline.csv|mac_harq_scheduler/csv/probe_harq_packets.csv
cd1392223e6e02484cbfdd6a8888daa1dbae8345e78cc9ffecaf1ac729d2e89f,2,reports/csv/validation_messages.csv|validation/csv/validation_messages.csv
cd4b27a72e4603b3ac4ee9c1d7d58a3463611bdc86d674a78cb339b5e8f5fc11,2,analytics/csv/regression_baseline_view.csv|analytics/csv/regression_candidate_view.csv
cd80628208141343150b4242326df272fc87b2985b703d5543f0f75aedbcb282,2,reports/csv/browser_config_surface_matrix.csv|validation/csv/browser_config_surface_matrix.csv
cd901ccdad4156697f5fadb635e0b9b0ef49b428cb291ccf072205e7c988cb4d,8,prach/csv/live_prach_occasion_state.csv|prach/csv/live_prach_stage_table.csv|prach/csv/live_random_access_state.csv|reports/csv/live_access_state.csv|reports/csv/live_prach_occasion_state.csv|reports/csv/live_prach_stage_table.csv|reports/csv/live_random_access_state.csv|validation/csv/live_access_state.csv
cdd3407fa538d22cd4df3b35f9866f26f50420befd1f02af2eddeea215fd367f,2,control/csv/pusch_table.csv|pusch/csv/pusch_table.csv
ce4ffd454a2ed6e986890aa9ab323a79a067b0b259c899cc8623b048ae276aad,2,reports/csv/live_run_overview.csv|validation/csv/live_run_overview.csv
ce8aae789db35c0570f76fb974781ec5e152c61c405446fc83f27c71d915cda9,2,reports/csv/lls_link_performance_summary.csv|validation/csv/lls_link_performance_summary.csv
cf08e0ad86dc4410c886c458264e79c6a039024c67176ecfaf055949fcf6ba00,2,reports/csv/live_rsrp_serving_trace.csv|validation/csv/live_rsrp_serving_trace.csv
cf39c57e2f88c2975210f0e6e565c4d5bc37101c10e51c54bcacaac2a281d028,2,reports/csv/table_field_availability_matrix.csv|validation/csv/table_field_availability_matrix.csv
cf5160a30aee1a221ec417d274fb7ac31a150cdcb3be46cf22121f85634997f4,2,reports/csv/plot_manifest.csv|validation/csv/plot_manifest.csv
cf5e0ae44be1e7bcfa4d28934e0111386b3e148dff19976d49d6ce6bcbcc8baa,2,analytics/csv/contract__throughput-goodput-spectral-efficiency-analytics__throughput-vs-snr.csv|waveform/csv/contract__throughput-goodput-spectral-efficiency-analytics__throughput-vs-snr.csv
cffabef8b6ce758b92fefa39f74d027ba8d221ff2b4222bd477b3575c1e56ee7,2,analytics/csv/contract__resource-grid-re-occupancy-analytics__pbch-ssb-map.csv|ssb/csv/contract__resource-grid-re-occupancy-analytics__pbch-ssb-map.csv
d0332dfc1aa1e4384a9620d0ad7e89db86816dc7330265c0242f5295eaa79a4d,2,channel/csv/trajectory_segment_table.csv|mobility/csv/trajectory_segment_table.csv
d0a6f9554ae87e1a993e404a090c6284320877515be4f746b27168e07aa7aa07,2,reference_signals/csv/srs_measurement_table.csv|reports/csv/srs_measurement_table.csv
d0c070b9f2d680ba93c32f15138d76858fcc82182311a9a46ddaaeb1dae36853,2,reports/csv/lls_output_metric_rows.csv|validation/csv/lls_output_metric_rows.csv
d0e274785074933df0dbda5dc31902d0d008f9c2901b522ed2589b062726cf85,2,beamforming/csv/antenna_port_mapping.csv|mimo/csv/antenna_port_mapping.csv
d26397a2ae29cb77cd7061f1648e4507a3078d83b9c56ac7f6e22aeff52847d1,2,reports/csv/honest_unavailable_registry.csv|validation/csv/honest_unavailable_registry.csv
d29819242f9687b6967a06db84348b9901023176b5da7e2f5e887528d61654c4,2,analytics/csv/contract__spectrum-psd-papr-analytics__power-spectral-comparison-before-after-impairment.csv|waveform/csv/contract__spectrum-psd-papr-analytics__power-spectral-comparison-before-after-impairment.csv
d2a07a12d4a900dadd1284b3db023e930cae95055acdd4e5f997a1cd283dc33f,2,reports/csv/raster_replacement_inventory.csv|validation/csv/raster_replacement_inventory.csv
d2d3b1d68ee236bb25711e7e683c1bb8e9c0ea53511d4b362f31374a10f02469,2,reports/csv/reports_all_scalars_v.csv|validation/csv/reports_all_scalars_v.csv
d3234da67b0f3cf5aead60a210f0aa8311ad08b795aff8e20dbc8bab69bd2054,4,reference_signals/csv/live_srs_channel_estimation_table.csv|reference_signals/csv/live_srs_stage_table.csv|reports/csv/live_srs_channel_estimation_table.csv|reports/csv/live_srs_stage_table.csv
d3ba98dfb99ca137e41889d321e77182c69a079fb2893845699e7dd7df3b5860,2,analytics/csv/contract__detection-control-analytics__prach-noise-floor-distributions.csv|prach/csv/contract__detection-control-analytics__prach-noise-floor-distributions.csv
d3ca7e41a7821b8b6b1e6245d32f91afe00c7ea2d1f3c8a657923afa75411731,2,reports/csv/live_csi_output_table.csv|validation/csv/live_csi_output_table.csv
d44b16299905f76911d56d94e40cf3e25c4bee3a8b91604a47fdab6dcf4ba7d3,2,prach/csv/prach_provenance.csv|reports/csv/provenance_sidecars/prach_provenance.csv
d45e12b2fa20649276e5577ad2b014beef08350da75e54dcf03afe5062e9650b,2,analytics/csv/contract__error-reliability-analytics__ber-vs-snr.csv|validation/csv/contract__error-reliability-analytics__ber-vs-snr.csv
d46ccc29d4929aa6eed0cb5eab32204a0815e390a145af8ac273817f4929569a,2,analytics/csv/contract__power-energy-efficiency-analytics__energy-efficiency-by-cell.csv|validation/csv/contract__power-energy-efficiency-analytics__energy-efficiency-by-cell.csv
d4a5effb3564bc6d31c10dc9754e5b36c58751f707f709ccbcb8eef0ad58b61a,2,reports/csv/energy_model_gate.csv|validation/csv/energy_model_gate.csv
d4b6a4182751194cc5e98127c5288d45d4ee2c7ec22aa5cc7dc79dacbe70e341,2,mac_harq_scheduler/csv/live_phy_mac_api_table.csv|reports/csv/live_phy_mac_api_table.csv
d4f207736c9de4626f89a79b4b964266496fe830ecac9c3509cb8a99762918c9,2,reports/csv/kpi_source_table_manifest.csv|validation/csv/kpi_source_table_manifest.csv
d501f9ff32d5cd4d7c374f12efc3b75bb4a135145e9c4f4cf7dd8bf8778dda42,2,reports/csv/artifact_completeness_summary.csv|validation/csv/artifact_completeness_summary.csv
d5194b26d3aa8a322751b703946007cd5a819bba15c1e44ea2ca077228264ce8,2,raw/evidence/tables/rawtrials_pbch.csv|ssb/csv/rawtrials_pbch.csv
d53c1a2c8470abcd54ae142c881a622fe74ac1b5cce42d5b7f939737da602c06,2,analytics/csv/contract__harq-analytics__newtx-vs-retx-comparison.csv|mac_harq_scheduler/csv/contract__harq-analytics__newtx-vs-retx-comparison.csv
d589baf1da1ab322845c1df559df6f73053522f80679eb203aff4d4e3d68b1f6,2,mac_harq_scheduler/csv/contract__harq-ack-nack-retransmission__ack-nack-timeline.csv|reports/csv/contract__harq-ack-nack-retransmission__ack-nack-timeline.csv
d5ba420385e35919940091765dac17645358e2e5928c44a77861c8257ce3cdf2,2,reports/csv/live_combiner_table.csv|validation/csv/live_combiner_table.csv
d60b8f41ea212d1d2c7196bba9d8eca28dcb4c25b847862003914078eefe6d53,2,analytics/csv/contract__channel-estimation-propagation-analytics__estimator-bias-variance-summaries.csv|validation/csv/contract__channel-estimation-propagation-analytics__estimator-bias-variance-summaries.csv
d6873a1731097ebf04fbe590944937bb477f6df88412a2272b7a76704bd00c0e,2,air_interface/csv/dl_pdsch_receiver_evidence_audit.csv|pdsch/csv/dl_pdsch_receiver_evidence_audit.csv
d68c3dbcb0d84674faee939ee71b2729c48f49eeafbf4d8afe3fb0233210171b,2,components/contract_plot_lineage.csv|validation/csv/contract_plot_lineage__d68c3dbcb0d8.csv
d68c935ff2a9604bf5c97a6292732cc74102651ae0bba4d4e9407ec574f7ca50,2,control/csv/msg2_pdcch_candidates.csv|pdcch/csv/msg2_pdcch_candidates.csv
d6a16b13184dc87abe4a6b1d8fb9ef90a71e6eeabfbc1dbcf26518619a374e4d,2,reports/csv/oracle_proxy_fallback_detector.csv|validation/csv/oracle_proxy_fallback_detector.csv
d706699b523b07487bfa25b29701478b3e437e16be33979fdef513573ec1fa0b,2,reports/csv/kpi_objective_binding.csv|validation/csv/kpi_objective_binding.csv
d706a57327118eb3459da977ce498c791371efc951a4e70743ea2caa3450f9f5,2,reports/csv/output_completeness_table.csv|validation/csv/output_completeness_table.csv
d759a1b29d410e73f438535dff0596b25e244f6226dbbbea99971dc940243dbc,2,reports/csv/contract__power-energy-thermal-compute-runtime__energy-per-bit-over-time.csv|validation/csv/contract__power-energy-thermal-compute-runtime__energy-per-bit-over-time.csv
d81bef895570aca035177c8c88f28fabb28806de08f04a203e6a42ef65c4cbd9,2,reports/csv/pa_reconciliation.csv|validation/csv/pa_reconciliation.csv
d841d89184dab3c4e8e0eae7a7645a7020142f184dfa8fcf25b957436171b0fc,2,pdcch/csv/pdcch_grant_binding_evidence.csv|reports/csv/pdcch_grant_binding_evidence.csv
d85eaa3d4fc0a301fbc503acf093984d81dd34841ec680ae34cf2dea4fd25aad,2,reports/csv/papr_reconciliation.csv|validation/csv/papr_reconciliation.csv
d85f81a0ce90272829cb2d4938f8cbe28022636d047b1746f8aaf5048554572c,2,prach/csv/contract__prach-random-access__access-attempt-success-timeline.csv|reports/csv/contract__prach-random-access__access-attempt-success-timeline.csv
d8d249e0b9f8d1632362a0ebd14e7b1ea4899c5b406cc0c6ab3d513d63c05947,2,analytics/csv/contract__export-consistency-truth-analytics__truth-policy-violation-counts.csv|validation/csv/contract__export-consistency-truth-analytics__truth-policy-violation-counts.csv
d96e36cdbb8e4b6363e049faadaf9e577e560e3898e53dbb1f0b390035df1257,2,reports/csv/live_impairment_table.csv|validation/csv/live_impairment_table.csv
da381c293d1d45b4dcf127228c5c8e58a2389f17c6d9dc9f846c1af91629c21b,2,analytics/csv/contract__spectrum-psd-papr-analytics__out-of-band-spectral-summaries-if-measurable.csv|waveform/csv/contract__spectrum-psd-papr-analytics__out-of-band-spectral-summaries-if-measurable.csv
da785e5973b5d41fdd5838eadb82b03a111748907142c7bc60f7a65f42828277,2,analytics/csv/contract__harq-analytics__harq-combining-gain-distribution.csv|mac_harq_scheduler/csv/contract__harq-analytics__harq-combining-gain-distribution.csv
da88c090d71bdc1f9280b1a05291b2d5ea2e560574ab3d5ef8a1b0452625d015,2,analytics/csv/contract__detection-control-analytics__control-decode-success-failure-tables.csv|validation/csv/contract__detection-control-analytics__control-decode-success-failure-tables.csv
daee6e78f7ca9b4e4e34c4541a85475b13b57537ac5a83883e723d14c7c5e102,2,channel/csv/channel_snapshots__daee6e78f7ca.csv|reports/csv/channel_snapshots.csv
dbe7f0b589f334d4908f4325d8b6e3273f72d10173c5700389672ba8a293c41a,2,pdcch/csv/pdcch_control_outputs.csv|reports/csv/pdcch_control_outputs.csv
dbf45fa170175213753056d9fc3fa5911f0d9ae73d0a15c20f3a7073ab613ff5,2,pusch/csv/contract__pusch-ul-data-chain__decoder-iteration-histogram.csv|reports/csv/contract__pusch-ul-data-chain__decoder-iteration-histogram.csv
dc158583a19197d3e45a20dd9bd317cef0c26ab7b9b4c8f80de429b7c31567c3,2,reports/csv/modulation_shaping_outputs.csv|validation/csv/modulation_shaping_outputs.csv
dc17023132e3c66580344bc6162c01884fb942130b6bb22693a1953aafee7087,2,reports/csv/result_issue_registry_evaluation.csv|validation/csv/result_issue_registry_evaluation.csv
dc373e02fc4926f925d240079960705d3046e5f501a3f13fb6ada4df57d1b8eb,2,reports/csv/per_scenario_summary_tables.csv|validation/csv/per_scenario_summary_tables.csv
dc3edb2f6fd977be27a0d5a2ee53b6968efe7d1b082f8c6fd02fc5258cc75fde,2,reports/csv/heatmap_impairment_kpi.csv|validation/csv/heatmap_impairment_kpi.csv
dc448272c70050c2096962285b390b10eeec7ac8a31e1f8aa1af76e2e5bce5ec,2,analytics/csv/contract__constellation-evm-analytics__constellation-per-layer.csv|waveform/csv/contract__constellation-evm-analytics__constellation-per-layer.csv
dca80d714849cccb14bfd72b618da135b458984b5766247ea923757f8c5fc955,2,reports/final/final_scientific_claims_matrix.csv|validation/csv/final_scientific_claims_matrix.csv
dcc130766bd8c247013b7139e369d7affa226a0248e14de020aa9df3546204f4,2,reports/csv/artifact_inventory.csv|validation/csv/artifact_inventory.csv
dd19e60132ae1b03a0eab1f55b00df436d228b5fb4069eece9f2abcad2ecd6ff,4,l2/csv/protocol_in_path_payload_delivery.csv|packet_flow/csv/live_packet_sdu_delivery_ledger.csv|packet_flow/csv/protocol_in_path_payload_delivery.csv|traffic/csv/live_packet_sdu_delivery_ledger.csv
dd1ec22f6d4d92ea4b0766b7f23d09d00de96e039bc49479119cf563e4612c4f,4,mac_harq_scheduler/csv/live_bsr_state.csv|pusch/csv/live_ul_scheduler_grants__dd1ec22f6d4d.csv|reports/csv/live_bsr_state.csv|reports/csv/live_ul_scheduler_grants.csv
dd38a2728608bc8c8bab6158b1d3cd4e1d5fde6d44b5b47529c1e5e14a8a5b92,2,reports/csv/phy_package_execution_evidence_gate.csv|validation/csv/phy_package_execution_evidence_gate.csv
dda0d2f2db1ced6406939d73e841c358d0ea8e962b742cc44867229903d2a915,2,reports/csv/live_candidate_cell_table.csv|validation/csv/live_candidate_cell_table.csv
de649f978cd1582183adbefdf0cdef211e347351d1696b2704731f409960c20a,2,reports/csv/table_ul_transport_block.csv|validation/csv/table_ul_transport_block.csv
dece2655c37d0641aafada382c6cd2daf1a78d7b56821883994c1e5ce8f1b753,2,reports/csv/cfo_to_tracking_traces.csv|rf/csv/cfo_to_tracking_traces.csv
df70f2bc8a24a591560ae7b5beeff2482dabdfed729116f6b6070285c023b480,2,reports/csv/heatmap_band_feature_kpi.csv|validation/csv/heatmap_band_feature_kpi.csv
dfe8a04b30448d8cfa8acc17f43fb175458fa1790eab08810472907b9136f6db,2,reports/csv/contract__ue-side-state-ue-power-ue-control__ue-tx-power-timeline.csv|validation/csv/contract__ue-side-state-ue-power-ue-control__ue-tx-power-timeline.csv
e00a3e135b7cfa8f0befaf24c254e701a9d8431a862cee9955b0c27c726c45b5,2,reference_signals/csv/trs_measurements.csv|reports/csv/measurements/trs_measurements.csv
e0201f0970d21fc1a0a12f217891da26ca41e2c4e1d6b27db01576620f21467f,2,reports/csv/result_issue_registry.csv|validation/csv/result_issue_registry.csv
e02772fbc678fff678d486c96825555df86599ffa447421a6000661d48e96045,2,reports/csv/runtime_call_ledger.csv|validation/csv/runtime_call_ledger.csv
e076739e478f53f242085c3b38a195ed6222a5ab159fcbf983065ee562042f1b,2,pdcch/csv/pdcch_provenance.csv|reports/csv/provenance_sidecars/pdcch_provenance.csv
e0ccbbd6dea323699055c8dd5f050ce259b168cbac5d8d86e580d9d04578570b,2,analytics/csv/contract__throughput-goodput-spectral-efficiency-analytics__goodput-vs-retransmissions.csv|waveform/csv/contract__throughput-goodput-spectral-efficiency-analytics__goodput-vs-retransmissions.csv
e105b7a3d786afd83dfa2cec05a31cc32f0efa12c066e76c80ec51305ef3278d,2,reports/csv/phy_block_validation_matrix.csv|validation/csv/phy_block_validation_matrix.csv
e115dc1483e44213de60b8fe1cc75e0a6440b5222098af498556fb23947d2c7e,2,control/csv/srs_table.csv|reference_signals/csv/srs_table.csv
e12f68b92f86605dc414458f8030b47a1114d6f055f8fd0c1d0cf758c08bc11f,2,analytics/csv/contract__spectrum-psd-papr-analytics__clipping-event-histogram.csv|waveform/csv/contract__spectrum-psd-papr-analytics__clipping-event-histogram.csv
e1c4e0079d9777684485cda0eeadf267698c5be122ee896004cbc62b9d5bf305,2,reports/csv/feature_parameter_index.csv|validation/csv/feature_parameter_index.csv
e3157b259e8e805c4daa98114139400ce6a6135e20d8fbf7c17ac713c31d517b,2,air_interface/csv/srs_trials.csv|reference_signals/csv/srs_trials.csv
e319641ec94d1022a2d3cc80f9e92d5ea7df2219140e0c04952cc109ad37f67f,4,mac_harq_scheduler/csv/kpi_harq_delivery_trace_dl.csv|reports/csv/kpi_harq_delivery_trace_dl.csv|reports/csv/kpi_tb_delivery_ledger_dl.csv|validation/csv/kpi_tb_delivery_ledger_dl.csv
e3315a4eff8c453f2b28d561512fc6a84ecd7613422d63880d903befc1193a28,2,channel/csv/doppler_reconciliation__e3315a4eff8c.csv|reports/csv/doppler_reconciliation.csv
e33f9fc1c3de5170d0f1bd6ad341a166d5a982b2ed24e351777c5cf115797de9,2,channel/csv/table_noise_interference.csv|reports/csv/table_noise_interference.csv
e35c0d418cdb65088f975d2822eede629f05c36489912ffc13037b4af258d3b6,2,reports/csv/live_receiver_tracking_trace.csv|validation/csv/live_receiver_tracking_trace.csv
e396538bf12a44f8eb47ae99a96b778c7068f48d51db5388e98f13a270c96104,2,reference_signals/csv/table_cqi_pmi_ri.csv|reports/csv/table_cqi_pmi_ri.csv
e3e30e09ba4ebd16419e2a94d6284b7d633ab8ff230cb9724cfc113d94f9ecc2,3,control/csv/initial_access_lifecycle_trace.csv|initial_access/csv/initial_access_lifecycle_trace.csv|reports/csv/initial_access_lifecycle_trace.csv
e4b63801e96e4fbfb67240cea24d31508af59fb5c1872c1ef5215876acf1fba5,4,analytics/csv/contract__harq-analytics__harq-process-timeline.csv|mac_harq_scheduler/csv/contract__harq-ack-nack-retransmission__harq-process-timeline.csv|mac_harq_scheduler/csv/contract__harq-analytics__harq-process-timeline.csv|reports/csv/contract__harq-ack-nack-retransmission__harq-process-timeline.csv
e4d3c88c0153c54034dae68ed98db985e48a4433b540bcaa838d460530096115,2,beamforming/csv/beam_codebook.csv|mimo/csv/beam_codebook.csv
e4e3b1f0a53f9a52bd6b488fab0473a302ca9f830e0960fbb62b29f8f544b809,2,mac_harq_scheduler/csv/contract__scheduler-mac-queue-qos-power-control-uci-flow__mcs-over-time.csv|reports/csv/contract__scheduler-mac-queue-qos-power-control-uci-flow__mcs-over-time.csv
e50d0b87d4be6a1da95b07fbe4a5755d4d040ea2f00a322d06bfbabf69a55eb5,2,analytics/csv/contract__export-consistency-truth-analytics__db-vs-browser-consistency.csv|validation/csv/contract__export-consistency-truth-analytics__db-vs-browser-consistency.csv
e61d96abd2e0ef7e1b228d3008dbf8c038869f01e2fd1ae1b116685c09ebd00f,2,analytics/csv/contract__beamforming-precoding-mimo-analytics__beam-hit-rate-top-k-hit-rate.csv|mimo/csv/contract__beamforming-precoding-mimo-analytics__beam-hit-rate-top-k-hit-rate.csv
e628626194425a86596de048e4245482465a131f7cf5ff78c481494b5c83c9da,2,reports/csv/kpi_health_flags.csv|validation/csv/kpi_health_flags.csv
e649e3af0f45078c8e48c1e11a6c46274764cbfa51093dbe4c68882205bc8912,2,prach/csv/prach_detection_provenance.csv|reports/csv/provenance_sidecars/prach_detection_provenance.csv
e660d76484f8171df2ede16a1eb6ef7bf201f04509457ad45265d2d8b14337a0,2,reports/csv/contract_materialization_coverage.csv|validation/csv/contract_materialization_coverage.csv
e679d626feb8734205c452324a465d6c0123e0482c59d2b5a8f2b1813c999d13,2,storage/csv/capture_budget_validation.csv|validation/csv/capture_budget_validation.csv
e696b995092138be3463627f8be4d2c3e00212abef9d786fede0b548ab054abd,2,reports/final/final_defect_register.csv|validation/csv/final_defect_register.csv
e753cf0ceb0d5784e23d408e8123a4996f8bc75159406278434572fecd09ddee,2,mac_harq_scheduler/csv/contract__scheduler-mac-queue-qos-power-control-uci-flow__queue-depth-over-time.csv|reports/csv/contract__scheduler-mac-queue-qos-power-control-uci-flow__queue-depth-over-time.csv
e756f9ba95b7068cc314c3579b060845a878121a069f9f4c8f893838fb7bcaf5,2,analytics/csv/contract__channel-estimation-propagation-analytics__serving-vs-interferer-decomposition.csv|validation/csv/contract__channel-estimation-propagation-analytics__serving-vs-interferer-decomposition.csv
e76c8e228f8062dee173dd47ecb7ce41b38c1d17264fb5089fad074c707d0ae4,2,reports/csv/live_tracking_table.csv|validation/csv/live_tracking_table.csv
e83d4bd91984e1a55db00747fe87d461a0b9543fc8dd40aa96194ff6361b5426,4,mac_harq_scheduler/csv/live_scheduler_decision_log.csv|mac_harq_scheduler/csv/scheduler_decision_log.csv|packet_flow/csv/live_scheduler_decision_log.csv|packet_flow/csv/scheduler_decision_log.csv
e897ef091ea89688f0e04a78bf5a9da02142a12f7f8576d27e8001e3084dc950,4,analytics/csv/contract__impairments-tracking-analytics__timing-offset-true-vs-estimated-vs-residual.csv|channel/csv/contract__channel-interference-impairments__timing-offset-true-vs-estimated-vs-residual.csv|reports/csv/contract__channel-interference-impairments__timing-offset-true-vs-estimated-vs-residual.csv|validation/csv/contract__impairments-tracking-analytics__timing-offset-true-vs-estimated-vs-residual.csv
e8dde40ce37ad07565b1be4dcab957491afd978391ea8f1ddd078281dcaf978e,2,reports/csv/contract__ue-side-state-ue-power-ue-control__ue-control-report-timeline.csv|validation/csv/contract__ue-side-state-ue-power-ue-control__ue-control-report-timeline.csv
e8fdc5bd2713721e08b18c3fb559ae397133708261114d9345d60efeca880a9a,5,analytics/csv/cqi_mcs_consistency_analytics.csv|analytics/csv/link_adaptation_analytics.csv|analytics/csv/measurement_feedback_analytics.csv|reference_signals/csv/cqi_mcs_consistency_analytics.csv|reference_signals/csv/link_adaptation_analytics.csv
e9a22779c84c82b7fe8dd701a66875e9e126c0e9dda17c17563bdeade85f4c27,2,analytics/csv/contract__measurement-csi-link-adaptation-analytics__applied-awgn-snr-vs-measured-runtime-sinr-comparison.csv|validation/csv/contract__measurement-csi-link-adaptation-analytics__applied-awgn-snr-vs-measured-runtime-sinr-comparison.csv
ea4c137ecc86da46eacdc73ae22717498a32c4a499f721cfc8781871207e5790,2,analytics/csv/contract__throughput-goodput-spectral-efficiency-analytics__throughput.csv|waveform/csv/contract__throughput-goodput-spectral-efficiency-analytics__throughput.csv
ea84c8eadd7f72a0ed137352c5ef4d8ac1d98d2c16e3438486058ece539e2151,2,air_interface/csv/ul_pusch_trials.csv|pusch/csv/ul_pusch_trials.csv
ea97554ee7d43a7054b8693358ace55cbe4847d3c27af60173a3fbcb686258d8,2,reports/csv/live_rf_power_table.csv|rf/csv/live_rf_power_table.csv
eb6f7e12dc939e2ec75cb131f09528ef54861554045dd79a5bbb465bf5511e46,2,reports/csv/contract__power-energy-thermal-compute-runtime__tx-power-timeline-per-cell.csv|validation/csv/contract__power-energy-thermal-compute-runtime__tx-power-timeline-per-cell.csv
eb7ed740ace0bf2320c7ee1e293d1ef9c952cf8c73b1b9742caa0f9f8ddc05d8,2,analytics/csv/contract__harq-analytics__harq-rtt-distribution.csv|mac_harq_scheduler/csv/contract__harq-analytics__harq-rtt-distribution.csv
eb8370ac81f9312171536dd308cc6063fa10ba55c389e4a51f9e29d04401f0de,2,harq/csv/live_harq_observation_summary.csv|mac_harq_scheduler/csv/live_harq_observation_summary.csv
ec2ce195a6e1d04072999c515fb0f0b4992328064622c0c9d97823b04a6a8371,2,analytics/csv/contract__export-consistency-truth-analytics__assumption-usage-summaries.csv|validation/csv/contract__export-consistency-truth-analytics__assumption-usage-summaries.csv
ecd21092a6a7fa5d8ef99cf5319eed363d74dd4f22c5790815a722b8dc32844c,2,reports/csv/live_modulation_demodulation_trace.csv|validation/csv/live_modulation_demodulation_trace.csv
ee4a3880eb7340b09fff310aa4626f5a79debad201bf20456387bbae4d41d7cc,2,reports/csv/noise_variance_evidence_table.csv|validation/csv/noise_variance_evidence_table.csv
ee724cb170b31b91aa2b864617e7d2e46a4bb1f4bcda4b5e67a6aa19beddcc46,2,reports/csv/aggregated_reporting_outputs.csv|validation/csv/aggregated_reporting_outputs.csv
eea35e68220fc0ef85159fe028c70094b4af86d77affb8bdbfc6152f42f99cf0,2,reports/csv/llr_histograms.csv|validation/csv/llr_histograms.csv
eea6deaaaad9a7f88d73a48b0a3cb3ff7236eb093b7ee222aceee5734fd2c593,2,reports/csv/contract__air-interface-frame-slot-symbol-grid__frame-slot-symbol-occupancy-timeline.csv|validation/csv/contract__air-interface-frame-slot-symbol-grid__frame-slot-symbol-occupancy-timeline.csv
efa8c8ec1b0a4727de6c400550dcd8188e9671c9724d0500ae24c2d98fb8f99a,2,reports/csv/live_csv_write_table.csv|validation/csv/live_csv_write_table.csv
efd2b465f7eab39ae81705dff2ad862f587209e755420fd4de116b8293dc430b,2,reports/csv/measurements/browser_config_runtime_values.csv|validation/csv/browser_config_runtime_values.csv
efe353e36c1dc7a4732c8339457b93bc9d545523ab37e3b756d205b082eafdb0,2,reports/csv/live_energy_efficiency_table.csv|validation/csv/live_energy_efficiency_table.csv
f0abd7b110cf9582fb0c398ec6f7c8b8b9bf536a30d9e770ad441fbc0969897e,2,channel/csv/channel_rf_reconciliation.csv|reports/csv/channel_rf_reconciliation.csv
f111a75f8b79e47cfc5546d4a7afbd81008f0c0115169b96fb90ac1d2ae13d57,2,reports/csv/two_mode_acceptance_gates.csv|validation/csv/two_mode_acceptance_gates.csv
f22fd45b1bc9d90bc88b1d0f09ae582a04a63c416d0acc46d5e3ddb2f1535488,2,reports/csv/provenance_sidecars/timing_synchronization_provenance.csv|validation/csv/timing_synchronization_provenance.csv
f231ae8f230c15f53db3a6db408a8f28e2f4f52be9f3849efec4538e3c3f9fb9,4,reports/csv/live_browser_surface_integrity_table.csv|reports/csv/live_consistency_check_table.csv|validation/csv/live_browser_surface_integrity_table.csv|validation/csv/live_consistency_check_table.csv
f24240d04a09637b1747ae0ea13c0ed1619d3568edfdf32c336a5d0ea0329931,2,analytics/csv/contract__power-energy-efficiency-analytics__energy-efficiency-by-ue.csv|validation/csv/contract__power-energy-efficiency-analytics__energy-efficiency-by-ue.csv
f25928683aeeef9e6ce15d2d227cffd233acfc8651637b8c4296a59416683d77,2,pusch/csv/pusch_pucch_outputs.csv|reports/csv/pusch_pucch_outputs.csv
f29eec29d4219e2511e3e7beddfbcb96a999233fbae7e990818d4fd32672bae6,2,pusch/csv/contract__pusch-ul-data-chain__ta-estimate-timeline.csv|reports/csv/contract__pusch-ul-data-chain__ta-estimate-timeline.csv
f2c3490381862b299cab65f6f834345baa4bad1c02a125a702ff4bc053728880,2,reports/csv/complexity_vs_gain.csv|validation/csv/complexity_vs_gain.csv
f308e4d8e34ed527a9d8fb4352d3b282da1d5c8b40e0a5677b5ae440ecd271e6,7,analytics/csv/error_rate_analytics.csv|analytics/csv/evm_analytics.csv|analytics/csv/goodput_analytics.csv|analytics/csv/throughput_analytics.csv|pdsch/csv/live_pdsch_dmrs_ptrs_table.csv|reports/csv/live_pdsch_dmrs_ptrs_table.csv|traffic/csv/goodput_analytics.csv
f3acff265b0fc28b150a0049f323251dc3bfaf7306539056b6cccdcdef9391ce,2,control/csv/prach_table.csv|prach/csv/prach_table.csv
f3f2c42a2de8a08f9469dec1e395dd7ad19a930aae9ca5a153dcdbc7c9432408,6,mac_harq_scheduler/csv/live_phr_state.csv|pusch/csv/live_pusch_stage_table.csv|reports/csv/live_phr_state.csv|reports/csv/live_pusch_stage_table.csv|reports/csv/live_ue_control_state.csv|validation/csv/live_ue_control_state.csv
f4586e50c1369f6408f675e958344d8d5efdf6931e894cc1c808d20a7bc47294,2,analytics/csv/contract__detection-control-analytics__p-d.csv|validation/csv/contract__detection-control-analytics__p-d.csv
f4b5d90a35f158d321628ec59dde741443d1da0654644aa5a3ecf8d6a9f5283e,2,control/csv/ra_runtime_stage_waveforms.csv|waveform/csv/ra_runtime_stage_waveforms.csv
f4de6666a59c5ce1b6a15fea7b3b058eeebcb38ed3681eaaebebaa29b105bac3,2,reports/csv/measurement_output_integrity_audit.csv|validation/csv/measurement_output_integrity_audit.csv
f51d2171be51c8456967d661b44beda729a8d7b35b17c7e8b54e28bcae6eaae3,2,reports/csv/metric_definition_catalog.csv|validation/csv/metric_definition_catalog.csv
f55ae6e94205e7afa8a2f98fe9862a8684c31b724a6e66e3112e7a24da484c63,2,reports/csv/reports_all_artifacts_v.csv|validation/csv/reports_all_artifacts_v.csv
f5622d835bd0f99a7f2e0e72073f650a895dc3b656506f74ccb3d383d627a1e7,3,analytics/csv/beam_analytics.csv|analytics/csv/user_grouping_analytics.csv|mimo/csv/beam_analytics.csv
f58d988b1de9f717cebefbe1eeb350fd167091a1c0a5fdcc31fb9e19e352e225,2,control/csv/trs_receiver_tracking_table.csv|reference_signals/csv/trs_receiver_tracking_table.csv
f590b4e94ad5ffbae2847366ea529648a942aba07d42df2caab76c9dfe2152b2,2,reports/csv/kpi_direction_isolation_audit.csv|validation/csv/kpi_direction_isolation_audit.csv
f5d349c9865e7a4a8497a6e2a289110b8304f6c437b159ba340ff429ec6e7145,2,pdsch/csv/live_pdsch_transport_block_table.csv|reports/csv/live_pdsch_transport_block_table.csv
f5d54ceec43b3fa553f151d4bc23e5b57c210fc2d58f15f9ee8fdc2b9c021165,2,analytics/csv/contract__measurement-csi-link-adaptation-analytics__cqi-to-mcs-mapping-plot.csv|reference_signals/csv/contract__measurement-csi-link-adaptation-analytics__cqi-to-mcs-mapping-plot.csv
f5f3c54c79f6b11a8e69375461677748a31771ad3480a785800d7162e286abf9,2,reports/csv/live_coverage_layer.csv|validation/csv/live_coverage_layer.csv
f6a23a27c779d63bed262da47870fb831858e6b6eff37ec1eee82db9aefdee1a,2,reference_signals/csv/trs_provenance.csv|reports/csv/provenance_sidecars/trs_provenance.csv
f76dd7742157ba42e299722c811952567254ab318f27e701d3630d339f4dbc5c,2,reports/csv/config_roundtrip_verification.csv|validation/csv/config_roundtrip_verification.csv
f8e41cb9cdb747ba23a5439e36f2b138ed38db67da3168c0a2c6951db7859f86,2,reports/csv/live_receiver_tracking_state.csv|validation/csv/live_receiver_tracking_state.csv
f94fd43ad9a131438b93f86c496db8bba6486689e5bb420a442c9e43ee95b575,2,reports/csv/complexity_implementation_outputs.csv|validation/csv/complexity_implementation_outputs.csv
f96e717c2ff8a38f15404e0a312d3bbbe933dad7cfe30da0e19e75a13689d2b0,2,analytics/csv/contract__power-energy-efficiency-analytics__papr-vs-power.csv|validation/csv/contract__power-energy-efficiency-analytics__papr-vs-power.csv
f9a12082a6d781176be9460bf0bccb90212c8474e69bed9d0f63fdc3caf2818c,2,reports/csv/latency_root_cause_table.csv|traffic/csv/latency_root_cause_table.csv
fa2a8b893fd861a518a1fc246ebd638c3c6e7d47dc7a8bebf6429c7eb036b1dd,2,pdsch/csv/dl_pdsch_provenance.csv|reports/csv/provenance_sidecars/dl_pdsch_provenance.csv
fac2e5f3fff1724e6d7c7c98b2510b981cc9700ddc5d6dbba8f76471a3fda449,2,reports/csv/topology_density_table.csv|validation/csv/topology_density_table.csv
fbe4fe25e815fa44e0d2a2abe258d25056e3430ddbca6ad4493c52548df86061,2,reports/csv/contract__persistence-export-consistency-browser-health__duplicate-write-count-trend.csv|validation/csv/contract__persistence-export-consistency-browser-health__duplicate-write-count-trend.csv
fc622e56be8fdf8948a489133ef4cc77b1d260bb6ec2f274df1c33a64343244f,2,pucch/csv/pucch_uci_provenance.csv|reports/csv/provenance_sidecars/pucch_uci_provenance.csv
fca34bf377231bec5ace68c79137f68a7cf744d3faa0fe4be6ba11c9457f8093,2,beamforming/csv/mimo_layer_metrics.csv|mimo/csv/mimo_layer_metrics.csv
fcaa63b2ee1b7bdc7fab8e1175537bc94471f6c203522d2c09cef13258aa8144,2,analytics/csv/contract__beamforming-precoding-mimo-analytics__beam-id-timeline.csv|mimo/csv/contract__beamforming-precoding-mimo-analytics__beam-id-timeline.csv
fd4ce942833de132d70fe69c6378ac187cec94a33b1ef46ba654b3606affdee6,2,prach/csv/prach_detection_table.csv|reports/csv/prach_detection_table.csv
fd5ca56e71cf7343e2891cac9e99462e721306f4af9c78b869f09dc1c281f778,4,analytics/csv/contract__beamforming-precoding-mimo-analytics__rank-distribution.csv|mimo/csv/contract__beamforming-precoding-mimo-analytics__rank-distribution.csv|mimo/csv/contract__beamforming-precoding-mimo-massive-mimo__rank-distribution.csv|reports/csv/contract__beamforming-precoding-mimo-massive-mimo__rank-distribution.csv
fda935be19cfe0015952d9d01838ef19fce3fdd9eeca3be57668c82d58e1b8b6,2,prach/csv/prach_measurements.csv|reports/csv/measurements/prach_measurements.csv
fdbf95f20ad87660d0088a0152e94901559339958a9cb6a6eea5e70eeed6ecea,2,analytics/csv/contract__throughput-goodput-spectral-efficiency-analytics__spectral-efficiency.csv|waveform/csv/contract__throughput-goodput-spectral-efficiency-analytics__spectral-efficiency.csv
fdfab44f29831f2d2411c2ae09bf76977bdf99f7712b750d48e0cc74cd67e035,2,reports/csv/contract__fixed-snr-sinr-sweep-validation__dl-bler-vs-snr.csv|validation/csv/contract__fixed-snr-sinr-sweep-validation__dl-bler-vs-snr.csv
fe028552042a160e4892d8efad77deea372160ac4fa61407526da783d8905f7d,2,analytics/csv/channel_estimation_analytics.csv|channel/csv/channel_estimation_analytics.csv
fe9fe15f555bfee59885cb2078151501347d9a11b97c86ad2fd16c26e090f712,2,reports/csv/instrumentation_coverage_table.csv|validation/csv/instrumentation_coverage_table.csv
ff07e452cbf7fb5ee41cf6f7c13d410799f65b8307dbd63208f909bc23546d63,2,reports/csv/lls_real_implementation_coverage_summary.csv|validation/csv/lls_real_implementation_coverage_summary.csv
