[2026-08-08T01:52:55Z] INFO Preparing LLS run: scenario=webgui_sinr_sweep_64x4_mu_mimo_full runTag=phase21_full_same_chain_sinr_20260808_01 runFolder=C:\Users\anup0\OneDrive\Documents\Simulator\6GR Simulator_v2_clean_main\results\lls\webgui_sinr_sweep_64x4_mu_mimo_full\phase21_full_same_chain_sinr_20260808_01
Starting parallel pool (parpool) using the 'Processes' profile ...
Connected to parallel pool with 4 workers.
[2026-08-08T01:54:15Z] INFO MATLAB profiler enabled for this run.
[2026-08-08T01:54:15Z] INFO Artifact store active=0 backend=filesystem schema=
[2026-08-08T01:54:15Z] INFO Writing resolved snapshots.
[2026-08-08T01:54:17Z] INFO Exporting live geometry artifacts.
[2026-08-08T01:54:17Z] INFO Executing runner profile=waveform_bundle.
[2026-08-08T01:54:17Z] INFO Waveform bundle runtime tuning: policy=yaml_exact_truth_runtime notes=exact_yaml_runtime_no_auto_reduction
[2026-08-08T01:54:17Z] INFO Waveform bundle starting: snr=0.000 dB sweepPoints=3 canonicalSlots=40 monteCarlo=1 slotDuration_s=0.000500
[TR38901Plus] Resolved config: Scenario=UMa Fc_Hz=3500000000 PathlossModel=nrPathLoss ShadowSigma_dB=6 PathlossEnabled=0 ShadowEnabled=0 LOSEnabled=0
[2026-08-08T01:54:31Z] INFO Coupled canonical slot prepared: sweep=1/3 slot=1/40 duplex=DL allow_dl=1 allow_ul=0.
[2026-08-08T01:54:32Z] INFO Starting coupled pre-scheduling control gating for slot 1/120 with 4 UEs.
[2026-08-08T01:56:11Z] INFO Coupled control gating progress for slot 1/120: UE 1/4, PBCH=1 PRACH=0 SRS=0 TRS=1.
[2026-08-08T01:57:26Z] INFO Coupled control gating progress for slot 1/120: UE 2/4, PBCH=2 PRACH=0 SRS=0 TRS=1.
[2026-08-08T01:58:39Z] INFO Coupled control gating progress for slot 1/120: UE 3/4, PBCH=3 PRACH=0 SRS=0 TRS=1.
[2026-08-08T01:59:49Z] INFO Coupled control gating progress for slot 1/120: UE 4/4, PBCH=4 PRACH=0 SRS=0 TRS=1.
[2026-08-08T01:59:49Z] INFO Coupled control gating complete: slot=1 frame=1 pbch_attempts=4 prach_attempts=0 srs_attempts=0 trs_attempts=1 acquired=4/4 access=0/4 valid_srs=0/4 valid_trs_cells=1/1 tracked_serving_users=4/4 eligible=0/4.
[2026-08-08T01:59:49Z] INFO Coupled control gating complete for slot 1/120: acquired=4/4 access=0/4 valid_srs=0/4 valid_trs_cells=1/1 tracked_serving_users=4/4 eligible=0/4.
[2026-08-08T01:59:49Z] INFO DL coupled publish: operating_point 1/3 configured_label_snr_dB=-20.000 ue=0/4 dlDirectionalFrames=0/40 ulDirectionalFrames=0/40 dlRows=0 ulRows=0.
[2026-08-08T01:59:50Z] INFO Coupled DL schedule complete: sweep=1/3 slot=1/40 active=0 granted=0 grants=0.
[2026-08-08T01:59:50Z] INFO Coupled DL PDCCH qualification complete: sweep=1/3 slot=1/40 executable_grants=0.
[2026-08-08T01:59:50Z] INFO Preparing coupled DL batches: sweep=1/3 slot=1/40 candidate_grants=0 batch_size=24.
[2026-08-08T01:59:52Z] INFO Coupled UL K2 preschedule complete: control_slot=1 due_slot=5 k2=4 active=0 granted=0 grants=0.
[2026-08-08T01:59:52Z] INFO Coupled canonical slot prepared: sweep=1/3 slot=2/40 duplex=DL allow_dl=1 allow_ul=0.
[2026-08-08T01:59:52Z] INFO Starting coupled pre-scheduling control gating for slot 2/120 with 4 UEs.
[2026-08-08T01:59:52Z] INFO Coupled control gating progress for slot 2/120: UE 1/4, PBCH=0 PRACH=0 SRS=0 TRS=0.
[2026-08-08T01:59:52Z] INFO Coupled control gating progress for slot 2/120: UE 2/4, PBCH=0 PRACH=0 SRS=0 TRS=0.
[2026-08-08T01:59:53Z] INFO Coupled control gating progress for slot 2/120: UE 3/4, PBCH=0 PRACH=0 SRS=0 TRS=0.
[2026-08-08T01:59:53Z] INFO Coupled control gating progress for slot 2/120: UE 4/4, PBCH=0 PRACH=0 SRS=0 TRS=0.
[2026-08-08T01:59:53Z] INFO Coupled control gating complete: slot=2 frame=1 pbch_attempts=0 prach_attempts=0 srs_attempts=0 trs_attempts=0 acquired=4/4 access=0/4 valid_srs=0/4 valid_trs_cells=1/1 tracked_serving_users=4/4 eligible=0/4.
[2026-08-08T01:59:53Z] INFO Coupled control gating complete for slot 2/120: acquired=4/4 access=0/4 valid_srs=0/4 valid_trs_cells=1/1 tracked_serving_users=4/4 eligible=0/4.
[2026-08-08T01:59:54Z] INFO DL coupled publish: operating_point 1/3 configured_label_snr_dB=-20.000 ue=0/4 dlDirectionalFrames=0/40 ulDirectionalFrames=0/40 dlRows=0 ulRows=0.
[2026-08-08T01:59:54Z] INFO Coupled DL schedule complete: sweep=1/3 slot=2/40 active=0 granted=0 grants=0.
[2026-08-08T01:59:54Z] INFO Coupled DL PDCCH qualification complete: sweep=1/3 slot=2/40 executable_grants=0.
[2026-08-08T01:59:54Z] INFO Preparing coupled DL batches: sweep=1/3 slot=2/40 candidate_grants=0 batch_size=24.
[2026-08-08T01:59:54Z] INFO Coupled UL K2 preschedule deferred: control_slot=2 reason=data_timing_rejected:target_hits_fixed_opposite_direction policy=no_valid_ul_occasion_from_current_dl_control_slot.
[2026-08-08T01:59:54Z] INFO Coupled canonical slot prepared: sweep=1/3 slot=3/40 duplex=DL allow_dl=1 allow_ul=0.
[2026-08-08T01:59:54Z] INFO Starting coupled pre-scheduling control gating for slot 3/120 with 4 UEs.
[2026-08-08T01:59:55Z] INFO Coupled control gating progress for slot 3/120: UE 1/4, PBCH=0 PRACH=0 SRS=0 TRS=0.
[2026-08-08T01:59:55Z] INFO Coupled control gating progress for slot 3/120: UE 2/4, PBCH=0 PRACH=0 SRS=0 TRS=0.
[2026-08-08T01:59:55Z] INFO Coupled control gating progress for slot 3/120: UE 3/4, PBCH=0 PRACH=0 SRS=0 TRS=0.
[2026-08-08T01:59:55Z] INFO Coupled control gating progress for slot 3/120: UE 4/4, PBCH=0 PRACH=0 SRS=0 TRS=0.
[2026-08-08T01:59:56Z] INFO Coupled control gating complete: slot=3 frame=1 pbch_attempts=0 prach_attempts=0 srs_attempts=0 trs_attempts=0 acquired=4/4 access=0/4 valid_srs=0/4 valid_trs_cells=1/1 tracked_serving_users=4/4 eligible=0/4.
[2026-08-08T01:59:56Z] INFO Coupled control gating complete for slot 3/120: acquired=4/4 access=0/4 valid_srs=0/4 valid_trs_cells=1/1 tracked_serving_users=4/4 eligible=0/4.
[2026-08-08T01:59:56Z] INFO DL coupled publish: operating_point 1/3 configured_label_snr_dB=-20.000 ue=0/4 dlDirectionalFrames=0/40 ulDirectionalFrames=0/40 dlRows=0 ulRows=0.
[2026-08-08T01:59:56Z] INFO Coupled DL schedule complete: sweep=1/3 slot=3/40 active=0 granted=0 grants=0.
[2026-08-08T01:59:56Z] INFO Coupled DL PDCCH qualification complete: sweep=1/3 slot=3/40 executable_grants=0.
[2026-08-08T01:59:56Z] INFO Preparing coupled DL batches: sweep=1/3 slot=3/40 candidate_grants=0 batch_size=24.
[2026-08-08T01:59:57Z] INFO Coupled UL K2 preschedule deferred: control_slot=3 reason=data_timing_rejected:target_hits_fixed_opposite_direction policy=no_valid_ul_occasion_from_current_dl_control_slot.
[2026-08-08T01:59:57Z] INFO Coupled canonical slot prepared: sweep=1/3 slot=4/40 duplex=FLEXIBLE_OR_MIXED allow_dl=1 allow_ul=1.
[2026-08-08T01:59:57Z] INFO Starting coupled pre-scheduling control gating for slot 4/120 with 4 UEs.
[2026-08-08T01:59:57Z] INFO Coupled control gating progress for slot 4/120: UE 1/4, PBCH=0 PRACH=0 SRS=0 TRS=0.
[2026-08-08T01:59:57Z] INFO Coupled control gating progress for slot 4/120: UE 2/4, PBCH=0 PRACH=0 SRS=0 TRS=0.
[2026-08-08T01:59:57Z] INFO Coupled control gating progress for slot 4/120: UE 3/4, PBCH=0 PRACH=0 SRS=0 TRS=0.
[2026-08-08T01:59:58Z] INFO Coupled control gating progress for slot 4/120: UE 4/4, PBCH=0 PRACH=0 SRS=0 TRS=0.
[2026-08-08T01:59:58Z] INFO Coupled control gating complete: slot=4 frame=1 pbch_attempts=0 prach_attempts=0 srs_attempts=0 trs_attempts=0 acquired=4/4 access=0/4 valid_srs=0/4 valid_trs_cells=1/1 tracked_serving_users=4/4 eligible=0/4.
[2026-08-08T01:59:58Z] INFO Coupled control gating complete for slot 4/120: acquired=4/4 access=0/4 valid_srs=0/4 valid_trs_cells=1/1 tracked_serving_users=4/4 eligible=0/4.
[2026-08-08T01:59:58Z] INFO DL coupled publish: operating_point 1/3 configured_label_snr_dB=-20.000 ue=0/4 dlDirectionalFrames=0/40 ulDirectionalFrames=0/40 dlRows=0 ulRows=0.
[2026-08-08T01:59:58Z] INFO Coupled DL scheduling deferred: sweep=1/3 slot=4/40 reason=configured_dl_symbol_allocation_not_available_in_tdd_slot policy=no_valid_harq_ack_occasion_from_current_dl_slot.
[2026-08-08T01:59:58Z] INFO Coupled DL schedule complete: sweep=1/3 slot=4/40 active=0 granted=0 grants=0.
[2026-08-08T01:59:58Z] INFO Coupled DL PDCCH qualification complete: sweep=1/3 slot=4/40 executable_grants=0.
[2026-08-08T01:59:58Z] INFO Preparing coupled DL batches: sweep=1/3 slot=4/40 candidate_grants=0 batch_size=24.
[2026-08-08T01:59:58Z] INFO Coupled UL K2 preschedule deferred: control_slot=4 reason=data_timing_rejected:target_hits_fixed_opposite_direction policy=no_valid_ul_occasion_from_current_dl_control_slot.
[2026-08-08T01:59:58Z] INFO Coupled UL queued grant lookup complete: sweep=1/3 slot=4/40 due_grants=0 pending_grants=0.
[2026-08-08T01:59:59Z] INFO Coupled canonical slot prepared: sweep=1/3 slot=5/40 duplex=UL allow_dl=0 allow_ul=1.
[2026-08-08T01:59:59Z] INFO Starting coupled pre-scheduling control gating for slot 5/120 with 4 UEs.
[2026-08-08T01:59:59Z] INFO Coupled control gating progress for slot 5/120: UE 1/4, PBCH=0 PRACH=0 SRS=0 TRS=0.
[2026-08-08T01:59:59Z] INFO Coupled control gating progress for slot 5/120: UE 2/4, PBCH=0 PRACH=0 SRS=0 TRS=0.
[2026-08-08T01:59:59Z] INFO Coupled control gating progress for slot 5/120: UE 3/4, PBCH=0 PRACH=0 SRS=0 TRS=0.
[2026-08-08T02:00:00Z] INFO Coupled control gating progress for slot 5/120: UE 4/4, PBCH=0 PRACH=0 SRS=0 TRS=0.
[2026-08-08T02:00:00Z] INFO Coupled control gating complete: slot=5 frame=1 pbch_attempts=0 prach_attempts=0 srs_attempts=0 trs_attempts=0 acquired=4/4 access=0/4 valid_srs=0/4 valid_trs_cells=1/1 tracked_serving_users=4/4 eligible=0/4.
[2026-08-08T02:00:00Z] INFO Coupled control gating complete for slot 5/120: acquired=4/4 access=0/4 valid_srs=0/4 valid_trs_cells=1/1 tracked_serving_users=4/4 eligible=0/4.
[2026-08-08T02:00:00Z] INFO UL coupled publish: operating_point 1/3 configured_label_snr_dB=-20.000 ue=0/4 dlDirectionalFrames=0/40 ulDirectionalFrames=0/40 dlRows=0 ulRows=0.
[2026-08-08T02:00:00Z] INFO Coupled UL queued grant lookup complete: sweep=1/3 slot=5/40 due_grants=0 pending_grants=0.
[2026-08-08T02:00:00Z] INFO Coupled canonical slot prepared: sweep=1/3 slot=6/40 duplex=DL allow_dl=1 allow_ul=0.
[2026-08-08T02:00:01Z] INFO Starting coupled pre-scheduling control gating for slot 6/120 with 4 UEs.
[2026-08-08T02:00:01Z] INFO Coupled control gating progress for slot 6/120: UE 1/4, PBCH=0 PRACH=0 SRS=0 TRS=0.
[2026-08-08T02:00:01Z] INFO Coupled control gating progress for slot 6/120: UE 2/4, PBCH=0 PRACH=0 SRS=0 TRS=0.
[2026-08-08T02:00:01Z] INFO Coupled control gating progress for slot 6/120: UE 3/4, PBCH=0 PRACH=0 SRS=0 TRS=0.
[2026-08-08T02:00:01Z] INFO Coupled control gating progress for slot 6/120: UE 4/4, PBCH=0 PRACH=0 SRS=0 TRS=0.
[2026-08-08T02:00:01Z] INFO Coupled control gating complete: slot=6 frame=1 pbch_attempts=0 prach_attempts=0 srs_attempts=0 trs_attempts=0 acquired=4/4 access=0/4 valid_srs=0/4 valid_trs_cells=1/1 tracked_serving_users=4/4 eligible=0/4.
[2026-08-08T02:00:01Z] INFO Coupled control gating complete for slot 6/120: acquired=4/4 access=0/4 valid_srs=0/4 valid_trs_cells=1/1 tracked_serving_users=4/4 eligible=0/4.
[2026-08-08T02:00:02Z] INFO DL coupled publish: operating_point 1/3 configured_label_snr_dB=-20.000 ue=0/4 dlDirectionalFrames=0/40 ulDirectionalFrames=0/40 dlRows=0 ulRows=0.
[2026-08-08T02:00:02Z] INFO Coupled DL schedule complete: sweep=1/3 slot=6/40 active=0 granted=0 grants=0.
[2026-08-08T02:00:02Z] INFO Coupled DL PDCCH qualification complete: sweep=1/3 slot=6/40 executable_grants=0.
[2026-08-08T02:00:02Z] INFO Preparing coupled DL batches: sweep=1/3 slot=6/40 candidate_grants=0 batch_size=24.
[2026-08-08T02:00:02Z] INFO Coupled UL K2 preschedule complete: control_slot=6 due_slot=10 k2=4 active=0 granted=0 grants=0.
[2026-08-08T02:00:02Z] INFO Coupled canonical slot prepared: sweep=1/3 slot=7/40 duplex=DL allow_dl=1 allow_ul=0.
[2026-08-08T02:00:02Z] INFO Starting coupled pre-scheduling control gating for slot 7/120 with 4 UEs.
[2026-08-08T02:00:03Z] INFO Coupled control gating progress for slot 7/120: UE 1/4, PBCH=0 PRACH=0 SRS=0 TRS=0.
[2026-08-08T02:00:03Z] INFO Coupled control gating progress for slot 7/120: UE 2/4, PBCH=0 PRACH=0 SRS=0 TRS=0.
[2026-08-08T02:00:03Z] INFO Coupled control gating progress for slot 7/120: UE 3/4, PBCH=0 PRACH=0 SRS=0 TRS=0.
[2026-08-08T02:00:03Z] INFO Coupled control gating progress for slot 7/120: UE 4/4, PBCH=0 PRACH=0 SRS=0 TRS=0.
[2026-08-08T02:00:03Z] INFO Coupled control gating complete: slot=7 frame=1 pbch_attempts=0 prach_attempts=0 srs_attempts=0 trs_attempts=0 acquired=4/4 access=0/4 valid_srs=0/4 valid_trs_cells=1/1 tracked_serving_users=4/4 eligible=0/4.
[2026-08-08T02:00:03Z] INFO Coupled control gating complete for slot 7/120: acquired=4/4 access=0/4 valid_srs=0/4 valid_trs_cells=1/1 tracked_serving_users=4/4 eligible=0/4.
[2026-08-08T02:00:04Z] INFO DL coupled publish: operating_point 1/3 configured_label_snr_dB=-20.000 ue=0/4 dlDirectionalFrames=0/40 ulDirectionalFrames=0/40 dlRows=0 ulRows=0.
[2026-08-08T02:00:04Z] INFO Coupled DL schedule complete: sweep=1/3 slot=7/40 active=0 granted=0 grants=0.
[2026-08-08T02:00:04Z] INFO Coupled DL PDCCH qualification complete: sweep=1/3 slot=7/40 executable_grants=0.
[2026-08-08T02:00:04Z] INFO Preparing coupled DL batches: sweep=1/3 slot=7/40 candidate_grants=0 batch_size=24.
[2026-08-08T02:00:04Z] INFO Coupled UL K2 preschedule deferred: control_slot=7 reason=data_timing_rejected:target_hits_fixed_opposite_direction policy=no_valid_ul_occasion_from_current_dl_control_slot.
[2026-08-08T02:00:04Z] INFO Coupled canonical slot prepared: sweep=1/3 slot=8/40 duplex=DL allow_dl=1 allow_ul=0.
[2026-08-08T02:00:04Z] INFO Starting coupled pre-scheduling control gating for slot 8/120 with 4 UEs.
[2026-08-08T02:00:04Z] INFO Coupled control gating progress for slot 8/120: UE 1/4, PBCH=0 PRACH=0 SRS=0 TRS=0.
[2026-08-08T02:00:04Z] INFO Coupled control gating progress for slot 8/120: UE 2/4, PBCH=0 PRACH=0 SRS=0 TRS=0.
[2026-08-08T02:00:04Z] INFO Coupled control gating progress for slot 8/120: UE 3/4, PBCH=0 PRACH=0 SRS=0 TRS=0.
[2026-08-08T02:00:04Z] INFO Coupled control gating progress for slot 8/120: UE 4/4, PBCH=0 PRACH=0 SRS=0 TRS=0.
[2026-08-08T02:00:05Z] INFO Coupled control gating complete: slot=8 frame=1 pbch_attempts=0 prach_attempts=0 srs_attempts=0 trs_attempts=0 acquired=4/4 access=0/4 valid_srs=0/4 valid_trs_cells=1/1 tracked_serving_users=4/4 eligible=0/4.
[2026-08-08T02:00:05Z] INFO Coupled control gating complete for slot 8/120: acquired=4/4 access=0/4 valid_srs=0/4 valid_trs_cells=1/1 tracked_serving_users=4/4 eligible=0/4.
[2026-08-08T02:00:05Z] INFO DL coupled publish: operating_point 1/3 configured_label_snr_dB=-20.000 ue=0/4 dlDirectionalFrames=0/40 ulDirectionalFrames=0/40 dlRows=0 ulRows=0.
[2026-08-08T02:00:05Z] INFO Coupled DL schedule complete: sweep=1/3 slot=8/40 active=0 granted=0 grants=0.
[2026-08-08T02:00:05Z] INFO Coupled DL PDCCH qualification complete: sweep=1/3 slot=8/40 executable_grants=0.
[2026-08-08T02:00:05Z] INFO Preparing coupled DL batches: sweep=1/3 slot=8/40 candidate_grants=0 batch_size=24.
[2026-08-08T02:00:05Z] INFO Coupled UL K2 preschedule deferred: control_slot=8 reason=data_timing_rejected:target_hits_fixed_opposite_direction policy=no_valid_ul_occasion_from_current_dl_control_slot.
[2026-08-08T02:00:05Z] INFO Coupled canonical slot prepared: sweep=1/3 slot=9/40 duplex=FLEXIBLE_OR_MIXED allow_dl=1 allow_ul=1.
[2026-08-08T02:00:05Z] INFO Starting coupled pre-scheduling control gating for slot 9/120 with 4 UEs.
[2026-08-08T02:00:05Z] INFO Coupled control gating progress for slot 9/120: UE 1/4, PBCH=0 PRACH=0 SRS=0 TRS=0.
[2026-08-08T02:00:06Z] INFO Coupled control gating progress for slot 9/120: UE 2/4, PBCH=0 PRACH=0 SRS=0 TRS=0.
[2026-08-08T02:00:06Z] INFO Coupled control gating progress for slot 9/120: UE 3/4, PBCH=0 PRACH=0 SRS=0 TRS=0.
[2026-08-08T02:00:06Z] INFO Coupled control gating progress for slot 9/120: UE 4/4, PBCH=0 PRACH=0 SRS=0 TRS=0.
[2026-08-08T02:00:06Z] INFO Coupled control gating complete: slot=9 frame=1 pbch_attempts=0 prach_attempts=0 srs_attempts=0 trs_attempts=0 acquired=4/4 access=0/4 valid_srs=0/4 valid_trs_cells=1/1 tracked_serving_users=4/4 eligible=0/4.
[2026-08-08T02:00:06Z] INFO Coupled control gating complete for slot 9/120: acquired=4/4 access=0/4 valid_srs=0/4 valid_trs_cells=1/1 tracked_serving_users=4/4 eligible=0/4.
[2026-08-08T02:00:06Z] INFO DL coupled publish: operating_point 1/3 configured_label_snr_dB=-20.000 ue=0/4 dlDirectionalFrames=0/40 ulDirectionalFrames=0/40 dlRows=0 ulRows=0.
[2026-08-08T02:00:06Z] INFO Coupled DL scheduling deferred: sweep=1/3 slot=9/40 reason=configured_dl_symbol_allocation_not_available_in_tdd_slot policy=no_valid_harq_ack_occasion_from_current_dl_slot.
[2026-08-08T02:00:06Z] INFO Coupled DL schedule complete: sweep=1/3 slot=9/40 active=0 granted=0 grants=0.
[2026-08-08T02:00:06Z] INFO Coupled DL PDCCH qualification complete: sweep=1/3 slot=9/40 executable_grants=0.
[2026-08-08T02:00:06Z] INFO Preparing coupled DL batches: sweep=1/3 slot=9/40 candidate_grants=0 batch_size=24.
[2026-08-08T02:00:06Z] INFO Coupled UL K2 preschedule deferred: control_slot=9 reason=data_timing_rejected:target_hits_fixed_opposite_direction policy=no_valid_ul_occasion_from_current_dl_control_slot.
[2026-08-08T02:00:06Z] INFO Coupled UL queued grant lookup complete: sweep=1/3 slot=9/40 due_grants=0 pending_grants=0.
[2026-08-08T02:00:06Z] INFO Coupled canonical slot prepared: sweep=1/3 slot=10/40 duplex=UL allow_dl=0 allow_ul=1.
[2026-08-08T02:00:06Z] INFO Starting coupled pre-scheduling control gating for slot 10/120 with 4 UEs.
[2026-08-08T02:00:13Z] INFO Coupled PRACH result: slot=10 ue=1 status=FAIL crc=0 ra_completed=false strict_ok=false tx_preamble=0 detected_preamble=? failure=preamble_not_detected.
[2026-08-08T02:00:13Z] INFO Coupled PRACH RA PDSCH evidence: slot=10 ue=1 msg2_crc=0 msg2_layers=? msg2_cfg_ports=? msg2_resolved_ports=? msg2_explicit_matrix=false msg2_precoding=/ msg2_tx_power_dBm=46 msg2_amp_scale=? msg2_timing_used=false msg2_timing=? msg2_posteq_sinr_dB=? msg2_hest_sinr_dB=? msg2_llr_finite=false msg4_crc=0 msg4_layers=? msg4_cfg_ports=? msg4_resolved_ports=? msg4_tx_power_dBm=46 msg4_amp_scale=?.
[2026-08-08T02:00:13Z] INFO Coupled control gating progress for slot 10/120: UE 1/4, PBCH=0 PRACH=1 SRS=0 TRS=0.
[2026-08-08T02:00:20Z] INFO Coupled PRACH result: slot=10 ue=2 status=FAIL crc=0 ra_completed=false strict_ok=false tx_preamble=1 detected_preamble=? failure=preamble_not_detected.
[2026-08-08T02:00:20Z] INFO Coupled PRACH RA PDSCH evidence: slot=10 ue=2 msg2_crc=0 msg2_layers=? msg2_cfg_ports=? msg2_resolved_ports=? msg2_explicit_matrix=false msg2_precoding=/ msg2_tx_power_dBm=46 msg2_amp_scale=? msg2_timing_used=false msg2_timing=? msg2_posteq_sinr_dB=? msg2_hest_sinr_dB=? msg2_llr_finite=false msg4_crc=0 msg4_layers=? msg4_cfg_ports=? msg4_resolved_ports=? msg4_tx_power_dBm=46 msg4_amp_scale=?.
[2026-08-08T02:00:20Z] INFO Coupled control gating progress for slot 10/120: UE 2/4, PBCH=0 PRACH=2 SRS=0 TRS=0.
[2026-08-08T02:00:25Z] INFO Coupled PRACH result: slot=10 ue=3 status=FAIL crc=0 ra_completed=false strict_ok=false tx_preamble=2 detected_preamble=? failure=preamble_not_detected.
[2026-08-08T02:00:25Z] INFO Coupled PRACH RA PDSCH evidence: slot=10 ue=3 msg2_crc=0 msg2_layers=? msg2_cfg_ports=? msg2_resolved_ports=? msg2_explicit_matrix=false msg2_precoding=/ msg2_tx_power_dBm=46 msg2_amp_scale=? msg2_timing_used=false msg2_timing=? msg2_posteq_sinr_dB=? msg2_hest_sinr_dB=? msg2_llr_finite=false msg4_crc=0 msg4_layers=? msg4_cfg_ports=? msg4_resolved_ports=? msg4_tx_power_dBm=46 msg4_amp_scale=?.
[2026-08-08T02:00:25Z] INFO Coupled control gating progress for slot 10/120: UE 3/4, PBCH=0 PRACH=3 SRS=0 TRS=0.
[2026-08-08T02:00:30Z] INFO Coupled PRACH result: slot=10 ue=4 status=FAIL crc=0 ra_completed=false strict_ok=false tx_preamble=3 detected_preamble=? failure=preamble_not_detected.
[2026-08-08T02:00:30Z] INFO Coupled PRACH RA PDSCH evidence: slot=10 ue=4 msg2_crc=0 msg2_layers=? msg2_cfg_ports=? msg2_resolved_ports=? msg2_explicit_matrix=false msg2_precoding=/ msg2_tx_power_dBm=46 msg2_amp_scale=? msg2_timing_used=false msg2_timing=? msg2_posteq_sinr_dB=? msg2_hest_sinr_dB=? msg2_llr_finite=false msg4_crc=0 msg4_layers=? msg4_cfg_ports=? msg4_resolved_ports=? msg4_tx_power_dBm=46 msg4_amp_scale=?.
[2026-08-08T02:00:30Z] INFO Coupled control gating progress for slot 10/120: UE 4/4, PBCH=0 PRACH=4 SRS=0 TRS=0.
[2026-08-08T02:00:30Z] INFO Coupled control gating complete: slot=10 frame=1 pbch_attempts=0 prach_attempts=4 srs_attempts=0 trs_attempts=0 acquired=4/4 access=0/4 valid_srs=0/4 valid_trs_cells=1/1 tracked_serving_users=4/4 eligible=0/4.
[2026-08-08T02:00:30Z] INFO Coupled control gating complete for slot 10/120: acquired=4/4 access=0/4 valid_srs=0/4 valid_trs_cells=1/1 tracked_serving_users=4/4 eligible=0/4.
[2026-08-08T02:00:31Z] INFO UL coupled publish: operating_point 1/3 configured_label_snr_dB=-20.000 ue=0/4 dlDirectionalFrames=0/40 ulDirectionalFrames=0/40 dlRows=0 ulRows=0.
[2026-08-08T02:00:31Z] INFO Coupled UL queued grant lookup complete: sweep=1/3 slot=10/40 due_grants=0 pending_grants=0.
[2026-08-08T02:00:31Z] INFO Coupled canonical slot prepared: sweep=1/3 slot=11/40 duplex=DL allow_dl=1 allow_ul=0.
[2026-08-08T02:00:31Z] INFO Starting coupled pre-scheduling control gating for slot 11/120 with 4 UEs.
[2026-08-08T02:00:31Z] INFO Coupled control gating progress for slot 11/120: UE 1/4, PBCH=0 PRACH=0 SRS=0 TRS=0.
[2026-08-08T02:00:31Z] INFO Coupled control gating progress for slot 11/120: UE 2/4, PBCH=0 PRACH=0 SRS=0 TRS=0.
[2026-08-08T02:00:32Z] INFO Coupled control gating progress for slot 11/120: UE 3/4, PBCH=0 PRACH=0 SRS=0 TRS=0.
[2026-08-08T02:00:32Z] INFO Coupled control gating progress for slot 11/120: UE 4/4, PBCH=0 PRACH=0 SRS=0 TRS=0.
[2026-08-08T02:00:32Z] INFO Coupled control gating complete: slot=11 frame=1 pbch_attempts=0 prach_attempts=0 srs_attempts=0 trs_attempts=0 acquired=4/4 access=0/4 valid_srs=0/4 valid_trs_cells=1/1 tracked_serving_users=4/4 eligible=0/4.
[2026-08-08T02:00:32Z] INFO Coupled control gating complete for slot 11/120: acquired=4/4 access=0/4 valid_srs=0/4 valid_trs_cells=1/1 tracked_serving_users=4/4 eligible=0/4.
[2026-08-08T02:00:32Z] INFO DL coupled publish: operating_point 1/3 configured_label_snr_dB=-20.000 ue=0/4 dlDirectionalFrames=0/40 ulDirectionalFrames=0/40 dlRows=0 ulRows=0.
[2026-08-08T02:00:32Z] INFO Coupled DL schedule complete: sweep=1/3 slot=11/40 active=0 granted=0 grants=0.
[2026-08-08T02:00:32Z] INFO Coupled DL PDCCH qualification complete: sweep=1/3 slot=11/40 executable_grants=0.
[2026-08-08T02:00:32Z] INFO Preparing coupled DL batches: sweep=1/3 slot=11/40 candidate_grants=0 batch_size=24.
[2026-08-08T02:00:33Z] INFO Coupled UL K2 preschedule complete: control_slot=11 due_slot=15 k2=4 active=0 granted=0 grants=0.
[2026-08-08T02:00:33Z] INFO Coupled canonical slot prepared: sweep=1/3 slot=12/40 duplex=DL allow_dl=1 allow_ul=0.
[2026-08-08T02:00:33Z] INFO Starting coupled pre-scheduling control gating for slot 12/120 with 4 UEs.
[2026-08-08T02:00:33Z] INFO Coupled control gating progress for slot 12/120: UE 1/4, PBCH=0 PRACH=0 SRS=0 TRS=0.
[2026-08-08T02:00:33Z] INFO Coupled control gating progress for slot 12/120: UE 2/4, PBCH=0 PRACH=0 SRS=0 TRS=0.
[2026-08-08T02:00:33Z] INFO Coupled control gating progress for slot 12/120: UE 3/4, PBCH=0 PRACH=0 SRS=0 TRS=0.
[2026-08-08T02:00:33Z] INFO Coupled control gating progress for slot 12/120: UE 4/4, PBCH=0 PRACH=0 SRS=0 TRS=0.
[2026-08-08T02:00:33Z] INFO Coupled control gating complete: slot=12 frame=1 pbch_attempts=0 prach_attempts=0 srs_attempts=0 trs_attempts=0 acquired=4/4 access=0/4 valid_srs=0/4 valid_trs_cells=1/1 tracked_serving_users=4/4 eligible=0/4.
[2026-08-08T02:00:33Z] INFO Coupled control gating complete for slot 12/120: acquired=4/4 access=0/4 valid_srs=0/4 valid_trs_cells=1/1 tracked_serving_users=4/4 eligible=0/4.
[2026-08-08T02:00:34Z] INFO DL coupled publish: operating_point 1/3 configured_label_snr_dB=-20.000 ue=0/4 dlDirectionalFrames=0/40 ulDirectionalFrames=0/40 dlRows=0 ulRows=0.
[2026-08-08T02:00:34Z] INFO Coupled DL schedule complete: sweep=1/3 slot=12/40 active=0 granted=0 grants=0.
[2026-08-08T02:00:34Z] INFO Coupled DL PDCCH qualification complete: sweep=1/3 slot=12/40 executable_grants=0.
[2026-08-08T02:00:34Z] INFO Preparing coupled DL batches: sweep=1/3 slot=12/40 candidate_grants=0 batch_size=24.
[2026-08-08T02:00:34Z] INFO Coupled UL K2 preschedule deferred: control_slot=12 reason=data_timing_rejected:target_hits_fixed_opposite_direction policy=no_valid_ul_occasion_from_current_dl_control_slot.
[2026-08-08T02:00:34Z] INFO Coupled canonical slot prepared: sweep=1/3 slot=13/40 duplex=DL allow_dl=1 allow_ul=0.
[2026-08-08T02:00:34Z] INFO Starting coupled pre-scheduling control gating for slot 13/120 with 4 UEs.
[2026-08-08T02:00:34Z] INFO Coupled control gating progress for slot 13/120: UE 1/4, PBCH=0 PRACH=0 SRS=0 TRS=0.
[2026-08-08T02:00:34Z] INFO Coupled control gating progress for slot 13/120: UE 2/4, PBCH=0 PRACH=0 SRS=0 TRS=0.
[2026-08-08T02:00:35Z] INFO Coupled control gating progress for slot 13/120: UE 3/4, PBCH=0 PRACH=0 SRS=0 TRS=0.
[2026-08-08T02:00:35Z] INFO Coupled control gating progress for slot 13/120: UE 4/4, PBCH=0 PRACH=0 SRS=0 TRS=0.
[2026-08-08T02:00:35Z] INFO Coupled control gating complete: slot=13 frame=1 pbch_attempts=0 prach_attempts=0 srs_attempts=0 trs_attempts=0 acquired=4/4 access=0/4 valid_srs=0/4 valid_trs_cells=1/1 tracked_serving_users=4/4 eligible=0/4.
[2026-08-08T02:00:35Z] INFO Coupled control gating complete for slot 13/120: acquired=4/4 access=0/4 valid_srs=0/4 valid_trs_cells=1/1 tracked_serving_users=4/4 eligible=0/4.
[2026-08-08T02:00:35Z] INFO DL coupled publish: operating_point 1/3 configured_label_snr_dB=-20.000 ue=0/4 dlDirectionalFrames=0/40 ulDirectionalFrames=0/40 dlRows=0 ulRows=0.
[2026-08-08T02:00:35Z] INFO Coupled DL schedule complete: sweep=1/3 slot=13/40 active=0 granted=0 grants=0.
[2026-08-08T02:00:35Z] INFO Coupled DL PDCCH qualification complete: sweep=1/3 slot=13/40 executable_grants=0.
[2026-08-08T02:00:35Z] INFO Preparing coupled DL batches: sweep=1/3 slot=13/40 candidate_grants=0 batch_size=24.
[2026-08-08T02:00:35Z] INFO Coupled UL K2 preschedule deferred: control_slot=13 reason=data_timing_rejected:target_hits_fixed_opposite_direction policy=no_valid_ul_occasion_from_current_dl_control_slot.
[2026-08-08T02:00:35Z] INFO Coupled canonical slot prepared: sweep=1/3 slot=14/40 duplex=FLEXIBLE_OR_MIXED allow_dl=1 allow_ul=1.
[2026-08-08T02:00:36Z] INFO Starting coupled pre-scheduling control gating for slot 14/120 with 4 UEs.
[2026-08-08T02:00:36Z] INFO Coupled control gating progress for slot 14/120: UE 1/4, PBCH=0 PRACH=0 SRS=0 TRS=0.
[2026-08-08T02:00:36Z] INFO Coupled control gating progress for slot 14/120: UE 2/4, PBCH=0 PRACH=0 SRS=0 TRS=0.
[2026-08-08T02:00:36Z] INFO Coupled control gating progress for slot 14/120: UE 3/4, PBCH=0 PRACH=0 SRS=0 TRS=0.
[2026-08-08T02:00:36Z] INFO Coupled control gating progress for slot 14/120: UE 4/4, PBCH=0 PRACH=0 SRS=0 TRS=0.
[2026-08-08T02:00:36Z] INFO Coupled control gating complete: slot=14 frame=1 pbch_attempts=0 prach_attempts=0 srs_attempts=0 trs_attempts=0 acquired=4/4 access=0/4 valid_srs=0/4 valid_trs_cells=1/1 tracked_serving_users=4/4 eligible=0/4.
[2026-08-08T02:00:36Z] INFO Coupled control gating complete for slot 14/120: acquired=4/4 access=0/4 valid_srs=0/4 valid_trs_cells=1/1 tracked_serving_users=4/4 eligible=0/4.
[2026-08-08T02:00:37Z] INFO DL coupled publish: operating_point 1/3 configured_label_snr_dB=-20.000 ue=0/4 dlDirectionalFrames=0/40 ulDirectionalFrames=0/40 dlRows=0 ulRows=0.
[2026-08-08T02:00:37Z] INFO Coupled DL scheduling deferred: sweep=1/3 slot=14/40 reason=configured_dl_symbol_allocation_not_available_in_tdd_slot policy=no_valid_harq_ack_occasion_from_current_dl_slot.
[2026-08-08T02:00:37Z] INFO Coupled DL schedule complete: sweep=1/3 slot=14/40 active=0 granted=0 grants=0.
[2026-08-08T02:00:37Z] INFO Coupled DL PDCCH qualification complete: sweep=1/3 slot=14/40 executable_grants=0.
[2026-08-08T02:00:37Z] INFO Preparing coupled DL batches: sweep=1/3 slot=14/40 candidate_grants=0 batch_size=24.
[2026-08-08T02:00:37Z] INFO Coupled UL K2 preschedule deferred: control_slot=14 reason=data_timing_rejected:target_hits_fixed_opposite_direction policy=no_valid_ul_occasion_from_current_dl_control_slot.
[2026-08-08T02:00:37Z] INFO Coupled UL queued grant lookup complete: sweep=1/3 slot=14/40 due_grants=0 pending_grants=0.
[2026-08-08T02:00:37Z] INFO Coupled canonical slot prepared: sweep=1/3 slot=15/40 duplex=UL allow_dl=0 allow_ul=1.
[2026-08-08T02:00:37Z] INFO Starting coupled pre-scheduling control gating for slot 15/120 with 4 UEs.
[2026-08-08T02:00:37Z] INFO Coupled control gating progress for slot 15/120: UE 1/4, PBCH=0 PRACH=0 SRS=0 TRS=0.
[2026-08-08T02:00:37Z] INFO Coupled control gating progress for slot 15/120: UE 2/4, PBCH=0 PRACH=0 SRS=0 TRS=0.
[2026-08-08T02:00:37Z] INFO Coupled control gating progress for slot 15/120: UE 3/4, PBCH=0 PRACH=0 SRS=0 TRS=0.
[2026-08-08T02:00:37Z] INFO Coupled control gating progress for slot 15/120: UE 4/4, PBCH=0 PRACH=0 SRS=0 TRS=0.
[2026-08-08T02:00:38Z] INFO Coupled control gating complete: slot=15 frame=1 pbch_attempts=0 prach_attempts=0 srs_attempts=0 trs_attempts=0 acquired=4/4 access=0/4 valid_srs=0/4 valid_trs_cells=1/1 tracked_serving_users=4/4 eligible=0/4.
[2026-08-08T02:00:38Z] INFO Coupled control gating complete for slot 15/120: acquired=4/4 access=0/4 valid_srs=0/4 valid_trs_cells=1/1 tracked_serving_users=4/4 eligible=0/4.
[2026-08-08T02:00:38Z] INFO UL coupled publish: operating_point 1/3 configured_label_snr_dB=-20.000 ue=0/4 dlDirectionalFrames=0/40 ulDirectionalFrames=0/40 dlRows=0 ulRows=0.
[2026-08-08T02:00:38Z] INFO Coupled UL queued grant lookup complete: sweep=1/3 slot=15/40 due_grants=0 pending_grants=0.
[2026-08-08T02:00:38Z] INFO Coupled canonical slot prepared: sweep=1/3 slot=16/40 duplex=DL allow_dl=1 allow_ul=0.
[2026-08-08T02:00:38Z] INFO Starting coupled pre-scheduling control gating for slot 16/120 with 4 UEs.
[2026-08-08T02:00:38Z] INFO Coupled control gating progress for slot 16/120: UE 1/4, PBCH=0 PRACH=0 SRS=0 TRS=0.
[2026-08-08T02:00:39Z] INFO Coupled control gating progress for slot 16/120: UE 2/4, PBCH=0 PRACH=0 SRS=0 TRS=0.
[2026-08-08T02:00:39Z] INFO Coupled control gating progress for slot 16/120: UE 3/4, PBCH=0 PRACH=0 SRS=0 TRS=0.
[2026-08-08T02:00:39Z] INFO Coupled control gating progress for slot 16/120: UE 4/4, PBCH=0 PRACH=0 SRS=0 TRS=0.
[2026-08-08T02:00:39Z] INFO Coupled control gating complete: slot=16 frame=1 pbch_attempts=0 prach_attempts=0 srs_attempts=0 trs_attempts=0 acquired=4/4 access=0/4 valid_srs=0/4 valid_trs_cells=1/1 tracked_serving_users=4/4 eligible=0/4.
[2026-08-08T02:00:39Z] INFO Coupled control gating complete for slot 16/120: acquired=4/4 access=0/4 valid_srs=0/4 valid_trs_cells=1/1 tracked_serving_users=4/4 eligible=0/4.
[2026-08-08T02:00:40Z] INFO DL coupled publish: operating_point 1/3 configured_label_snr_dB=-20.000 ue=0/4 dlDirectionalFrames=0/40 ulDirectionalFrames=0/40 dlRows=0 ulRows=0.
[2026-08-08T02:00:40Z] INFO Coupled DL schedule complete: sweep=1/3 slot=16/40 active=0 granted=0 grants=0.
[2026-08-08T02:00:40Z] INFO Coupled DL PDCCH qualification complete: sweep=1/3 slot=16/40 executable_grants=0.
[2026-08-08T02:00:40Z] INFO Preparing coupled DL batches: sweep=1/3 slot=16/40 candidate_grants=0 batch_size=24.
[2026-08-08T02:00:40Z] INFO Coupled UL K2 preschedule complete: control_slot=16 due_slot=20 k2=4 active=0 granted=0 grants=0.
[2026-08-08T02:00:40Z] INFO Coupled canonical slot prepared: sweep=1/3 slot=17/40 duplex=DL allow_dl=1 allow_ul=0.
[2026-08-08T02:00:40Z] INFO Starting coupled pre-scheduling control gating for slot 17/120 with 4 UEs.
[2026-08-08T02:00:40Z] INFO Coupled control gating progress for slot 17/120: UE 1/4, PBCH=0 PRACH=0 SRS=0 TRS=0.
[2026-08-08T02:00:41Z] INFO Coupled control gating progress for slot 17/120: UE 2/4, PBCH=0 PRACH=0 SRS=0 TRS=0.
[2026-08-08T02:00:41Z] INFO Coupled control gating progress for slot 17/120: UE 3/4, PBCH=0 PRACH=0 SRS=0 TRS=0.
[2026-08-08T02:00:41Z] INFO Coupled control gating progress for slot 17/120: UE 4/4, PBCH=0 PRACH=0 SRS=0 TRS=0.
[2026-08-08T02:00:41Z] INFO Coupled control gating complete: slot=17 frame=1 pbch_attempts=0 prach_attempts=0 srs_attempts=0 trs_attempts=0 acquired=4/4 access=0/4 valid_srs=0/4 valid_trs_cells=1/1 tracked_serving_users=4/4 eligible=0/4.
[2026-08-08T02:00:41Z] INFO Coupled control gating complete for slot 17/120: acquired=4/4 access=0/4 valid_srs=0/4 valid_trs_cells=1/1 tracked_serving_users=4/4 eligible=0/4.
[2026-08-08T02:00:41Z] INFO DL coupled publish: operating_point 1/3 configured_label_snr_dB=-20.000 ue=0/4 dlDirectionalFrames=0/40 ulDirectionalFrames=0/40 dlRows=0 ulRows=0.
[2026-08-08T02:00:41Z] INFO Coupled DL schedule complete: sweep=1/3 slot=17/40 active=0 granted=0 grants=0.
[2026-08-08T02:00:41Z] INFO Coupled DL PDCCH qualification complete: sweep=1/3 slot=17/40 executable_grants=0.
[2026-08-08T02:00:41Z] INFO Preparing coupled DL batches: sweep=1/3 slot=17/40 candidate_grants=0 batch_size=24.
[2026-08-08T02:00:41Z] INFO Coupled UL K2 preschedule deferred: control_slot=17 reason=data_timing_rejected:target_hits_fixed_opposite_direction policy=no_valid_ul_occasion_from_current_dl_control_slot.
[2026-08-08T02:00:42Z] INFO Coupled canonical slot prepared: sweep=1/3 slot=18/40 duplex=DL allow_dl=1 allow_ul=0.
[2026-08-08T02:00:42Z] INFO Starting coupled pre-scheduling control gating for slot 18/120 with 4 UEs.
[2026-08-08T02:00:42Z] INFO Coupled control gating progress for slot 18/120: UE 1/4, PBCH=0 PRACH=0 SRS=0 TRS=0.
[2026-08-08T02:00:42Z] INFO Coupled control gating progress for slot 18/120: UE 2/4, PBCH=0 PRACH=0 SRS=0 TRS=0.
[2026-08-08T02:00:42Z] INFO Coupled control gating progress for slot 18/120: UE 3/4, PBCH=0 PRACH=0 SRS=0 TRS=0.
[2026-08-08T02:00:42Z] INFO Coupled control gating progress for slot 18/120: UE 4/4, PBCH=0 PRACH=0 SRS=0 TRS=0.
[2026-08-08T02:00:42Z] INFO Coupled control gating complete: slot=18 frame=1 pbch_attempts=0 prach_attempts=0 srs_attempts=0 trs_attempts=0 acquired=4/4 access=0/4 valid_srs=0/4 valid_trs_cells=1/1 tracked_serving_users=4/4 eligible=0/4.
[2026-08-08T02:00:42Z] INFO Coupled control gating complete for slot 18/120: acquired=4/4 access=0/4 valid_srs=0/4 valid_trs_cells=1/1 tracked_serving_users=4/4 eligible=0/4.
[2026-08-08T02:00:43Z] INFO DL coupled publish: operating_point 1/3 configured_label_snr_dB=-20.000 ue=0/4 dlDirectionalFrames=0/40 ulDirectionalFrames=0/40 dlRows=0 ulRows=0.
[2026-08-08T02:00:43Z] INFO Coupled DL schedule complete: sweep=1/3 slot=18/40 active=0 granted=0 grants=0.
[2026-08-08T02:00:43Z] INFO Coupled DL PDCCH qualification complete: sweep=1/3 slot=18/40 executable_grants=0.
[2026-08-08T02:00:43Z] INFO Preparing coupled DL batches: sweep=1/3 slot=18/40 candidate_grants=0 batch_size=24.
[2026-08-08T02:00:43Z] INFO Coupled UL K2 preschedule deferred: control_slot=18 reason=data_timing_rejected:target_hits_fixed_opposite_direction policy=no_valid_ul_occasion_from_current_dl_control_slot.
[2026-08-08T02:00:43Z] INFO Coupled canonical slot prepared: sweep=1/3 slot=19/40 duplex=FLEXIBLE_OR_MIXED allow_dl=1 allow_ul=1.
[2026-08-08T02:00:43Z] INFO Starting coupled pre-scheduling control gating for slot 19/120 with 4 UEs.
[2026-08-08T02:00:43Z] INFO Coupled control gating progress for slot 19/120: UE 1/4, PBCH=0 PRACH=0 SRS=0 TRS=0.
[2026-08-08T02:00:43Z] INFO Coupled control gating progress for slot 19/120: UE 2/4, PBCH=0 PRACH=0 SRS=0 TRS=0.
[2026-08-08T02:00:43Z] INFO Coupled control gating progress for slot 19/120: UE 3/4, PBCH=0 PRACH=0 SRS=0 TRS=0.
[2026-08-08T02:00:44Z] INFO Coupled control gating progress for slot 19/120: UE 4/4, PBCH=0 PRACH=0 SRS=0 TRS=0.
[2026-08-08T02:00:44Z] INFO Coupled control gating complete: slot=19 frame=1 pbch_attempts=0 prach_attempts=0 srs_attempts=0 trs_attempts=0 acquired=4/4 access=0/4 valid_srs=0/4 valid_trs_cells=1/1 tracked_serving_users=4/4 eligible=0/4.
[2026-08-08T02:00:44Z] INFO Coupled control gating complete for slot 19/120: acquired=4/4 access=0/4 valid_srs=0/4 valid_trs_cells=1/1 tracked_serving_users=4/4 eligible=0/4.
[2026-08-08T02:00:44Z] INFO DL coupled publish: operating_point 1/3 configured_label_snr_dB=-20.000 ue=0/4 dlDirectionalFrames=0/40 ulDirectionalFrames=0/40 dlRows=0 ulRows=0.
[2026-08-08T02:00:44Z] INFO Coupled DL scheduling deferred: sweep=1/3 slot=19/40 reason=configured_dl_symbol_allocation_not_available_in_tdd_slot policy=no_valid_harq_ack_occasion_from_current_dl_slot.
[2026-08-08T02:00:44Z] INFO Coupled DL schedule complete: sweep=1/3 slot=19/40 active=0 granted=0 grants=0.
[2026-08-08T02:00:44Z] INFO Coupled DL PDCCH qualification complete: sweep=1/3 slot=19/40 executable_grants=0.
[2026-08-08T02:00:44Z] INFO Preparing coupled DL batches: sweep=1/3 slot=19/40 candidate_grants=0 batch_size=24.
[2026-08-08T02:00:44Z] INFO Coupled UL K2 preschedule deferred: control_slot=19 reason=data_timing_rejected:target_hits_fixed_opposite_direction policy=no_valid_ul_occasion_from_current_dl_control_slot.
[2026-08-08T02:00:44Z] INFO Coupled UL queued grant lookup complete: sweep=1/3 slot=19/40 due_grants=0 pending_grants=0.
[2026-08-08T02:00:44Z] INFO Coupled canonical slot prepared: sweep=1/3 slot=20/40 duplex=UL allow_dl=0 allow_ul=1.
[2026-08-08T02:00:44Z] INFO Starting coupled pre-scheduling control gating for slot 20/120 with 4 UEs.
[2026-08-08T02:00:44Z] INFO Coupled control gating progress for slot 20/120: UE 1/4, PBCH=0 PRACH=0 SRS=0 TRS=0.
[2026-08-08T02:00:45Z] INFO Coupled control gating progress for slot 20/120: UE 2/4, PBCH=0 PRACH=0 SRS=0 TRS=0.
[2026-08-08T02:00:45Z] INFO Coupled control gating progress for slot 20/120: UE 3/4, PBCH=0 PRACH=0 SRS=0 TRS=0.
[2026-08-08T02:00:45Z] INFO Coupled control gating progress for slot 20/120: UE 4/4, PBCH=0 PRACH=0 SRS=0 TRS=0.
[2026-08-08T02:00:45Z] INFO Coupled control gating complete: slot=20 frame=1 pbch_attempts=0 prach_attempts=0 srs_attempts=0 trs_attempts=0 acquired=4/4 access=0/4 valid_srs=0/4 valid_trs_cells=1/1 tracked_serving_users=4/4 eligible=0/4.
[2026-08-08T02:00:45Z] INFO Coupled control gating complete for slot 20/120: acquired=4/4 access=0/4 valid_srs=0/4 valid_trs_cells=1/1 tracked_serving_users=4/4 eligible=0/4.
[2026-08-08T02:00:45Z] INFO UL coupled publish: operating_point 1/3 configured_label_snr_dB=-20.000 ue=0/4 dlDirectionalFrames=0/40 ulDirectionalFrames=0/40 dlRows=0 ulRows=0.
[2026-08-08T02:00:45Z] INFO Coupled UL queued grant lookup complete: sweep=1/3 slot=20/40 due_grants=0 pending_grants=0.
[2026-08-08T02:00:45Z] INFO Coupled canonical slot prepared: sweep=1/3 slot=21/40 duplex=DL allow_dl=1 allow_ul=0.
[2026-08-08T02:00:46Z] INFO Starting coupled pre-scheduling control gating for slot 21/120 with 4 UEs.
[2026-08-08T02:00:48Z] INFO Coupled control gating progress for slot 21/120: UE 1/4, PBCH=0 PRACH=0 SRS=0 TRS=1.
[2026-08-08T02:00:48Z] INFO Coupled control gating progress for slot 21/120: UE 2/4, PBCH=0 PRACH=0 SRS=0 TRS=1.
[2026-08-08T02:00:49Z] INFO Coupled control gating progress for slot 21/120: UE 3/4, PBCH=0 PRACH=0 SRS=0 TRS=1.
[2026-08-08T02:00:49Z] INFO Coupled control gating progress for slot 21/120: UE 4/4, PBCH=0 PRACH=0 SRS=0 TRS=1.
[2026-08-08T02:00:49Z] INFO Coupled control gating complete: slot=21 frame=2 pbch_attempts=0 prach_attempts=0 srs_attempts=0 trs_attempts=1 acquired=4/4 access=0/4 valid_srs=0/4 valid_trs_cells=1/1 tracked_serving_users=4/4 eligible=0/4.
[2026-08-08T02:00:49Z] INFO Coupled control gating complete for slot 21/120: acquired=4/4 access=0/4 valid_srs=0/4 valid_trs_cells=1/1 tracked_serving_users=4/4 eligible=0/4.
[2026-08-08T02:00:49Z] INFO DL coupled publish: operating_point 1/3 configured_label_snr_dB=-20.000 ue=0/4 dlDirectionalFrames=0/40 ulDirectionalFrames=0/40 dlRows=0 ulRows=0.
[2026-08-08T02:00:49Z] INFO Coupled DL schedule complete: sweep=1/3 slot=21/40 active=0 granted=0 grants=0.
[2026-08-08T02:00:49Z] INFO Coupled DL PDCCH qualification complete: sweep=1/3 slot=21/40 executable_grants=0.
[2026-08-08T02:00:49Z] INFO Preparing coupled DL batches: sweep=1/3 slot=21/40 candidate_grants=0 batch_size=24.
[2026-08-08T02:00:50Z] INFO Coupled UL K2 preschedule complete: control_slot=21 due_slot=25 k2=4 active=0 granted=0 grants=0.
[2026-08-08T02:00:50Z] INFO Coupled canonical slot prepared: sweep=1/3 slot=22/40 duplex=DL allow_dl=1 allow_ul=0.
[2026-08-08T02:00:50Z] INFO Starting coupled pre-scheduling control gating for slot 22/120 with 4 UEs.
[2026-08-08T02:00:50Z] INFO Coupled control gating progress for slot 22/120: UE 1/4, PBCH=0 PRACH=0 SRS=0 TRS=0.
[2026-08-08T02:00:50Z] INFO Coupled control gating progress for slot 22/120: UE 2/4, PBCH=0 PRACH=0 SRS=0 TRS=0.
[2026-08-08T02:00:50Z] INFO Coupled control gating progress for slot 22/120: UE 3/4, PBCH=0 PRACH=0 SRS=0 TRS=0.
[2026-08-08T02:00:50Z] INFO Coupled control gating progress for slot 22/120: UE 4/4, PBCH=0 PRACH=0 SRS=0 TRS=0.
[2026-08-08T02:00:50Z] INFO Coupled control gating complete: slot=22 frame=2 pbch_attempts=0 prach_attempts=0 srs_attempts=0 trs_attempts=0 acquired=4/4 access=0/4 valid_srs=0/4 valid_trs_cells=1/1 tracked_serving_users=4/4 eligible=0/4.
[2026-08-08T02:00:50Z] INFO Coupled control gating complete for slot 22/120: acquired=4/4 access=0/4 valid_srs=0/4 valid_trs_cells=1/1 tracked_serving_users=4/4 eligible=0/4.
[2026-08-08T02:00:51Z] INFO DL coupled publish: operating_point 1/3 configured_label_snr_dB=-20.000 ue=0/4 dlDirectionalFrames=0/40 ulDirectionalFrames=0/40 dlRows=0 ulRows=0.
[2026-08-08T02:00:51Z] INFO Coupled DL schedule complete: sweep=1/3 slot=22/40 active=0 granted=0 grants=0.
[2026-08-08T02:00:51Z] INFO Coupled DL PDCCH qualification complete: sweep=1/3 slot=22/40 executable_grants=0.
[2026-08-08T02:00:51Z] INFO Preparing coupled DL batches: sweep=1/3 slot=22/40 candidate_grants=0 batch_size=24.
[2026-08-08T02:00:51Z] INFO Coupled UL K2 preschedule deferred: control_slot=22 reason=data_timing_rejected:target_hits_fixed_opposite_direction policy=no_valid_ul_occasion_from_current_dl_control_slot.
[2026-08-08T02:00:51Z] INFO Coupled canonical slot prepared: sweep=1/3 slot=23/40 duplex=DL allow_dl=1 allow_ul=0.
[2026-08-08T02:00:51Z] INFO Starting coupled pre-scheduling control gating for slot 23/120 with 4 UEs.
[2026-08-08T02:00:51Z] INFO Coupled control gating progress for slot 23/120: UE 1/4, PBCH=0 PRACH=0 SRS=0 TRS=0.
[2026-08-08T02:00:51Z] INFO Coupled control gating progress for slot 23/120: UE 2/4, PBCH=0 PRACH=0 SRS=0 TRS=0.
[2026-08-08T02:00:51Z] INFO Coupled control gating progress for slot 23/120: UE 3/4, PBCH=0 PRACH=0 SRS=0 TRS=0.
[2026-08-08T02:00:52Z] INFO Coupled control gating progress for slot 23/120: UE 4/4, PBCH=0 PRACH=0 SRS=0 TRS=0.
[2026-08-08T02:00:52Z] INFO Coupled control gating complete: slot=23 frame=2 pbch_attempts=0 prach_attempts=0 srs_attempts=0 trs_attempts=0 acquired=4/4 access=0/4 valid_srs=0/4 valid_trs_cells=1/1 tracked_serving_users=4/4 eligible=0/4.
[2026-08-08T02:00:52Z] INFO Coupled control gating complete for slot 23/120: acquired=4/4 access=0/4 valid_srs=0/4 valid_trs_cells=1/1 tracked_serving_users=4/4 eligible=0/4.
[2026-08-08T02:00:52Z] INFO DL coupled publish: operating_point 1/3 configured_label_snr_dB=-20.000 ue=0/4 dlDirectionalFrames=0/40 ulDirectionalFrames=0/40 dlRows=0 ulRows=0.
[2026-08-08T02:00:52Z] INFO Coupled DL schedule complete: sweep=1/3 slot=23/40 active=0 granted=0 grants=0.
[2026-08-08T02:00:52Z] INFO Coupled DL PDCCH qualification complete: sweep=1/3 slot=23/40 executable_grants=0.
[2026-08-08T02:00:52Z] INFO Preparing coupled DL batches: sweep=1/3 slot=23/40 candidate_grants=0 batch_size=24.
[2026-08-08T02:00:52Z] INFO Coupled UL K2 preschedule deferred: control_slot=23 reason=data_timing_rejected:target_hits_fixed_opposite_direction policy=no_valid_ul_occasion_from_current_dl_control_slot.
[2026-08-08T02:00:52Z] INFO Coupled canonical slot prepared: sweep=1/3 slot=24/40 duplex=FLEXIBLE_OR_MIXED allow_dl=1 allow_ul=1.
[2026-08-08T02:00:52Z] INFO Starting coupled pre-scheduling control gating for slot 24/120 with 4 UEs.
[2026-08-08T02:00:52Z] INFO Coupled control gating progress for slot 24/120: UE 1/4, PBCH=0 PRACH=0 SRS=0 TRS=0.
[2026-08-08T02:00:52Z] INFO Coupled control gating progress for slot 24/120: UE 2/4, PBCH=0 PRACH=0 SRS=0 TRS=0.
[2026-08-08T02:00:53Z] INFO Coupled control gating progress for slot 24/120: UE 3/4, PBCH=0 PRACH=0 SRS=0 TRS=0.
[2026-08-08T02:00:53Z] INFO Coupled control gating progress for slot 24/120: UE 4/4, PBCH=0 PRACH=0 SRS=0 TRS=0.
[2026-08-08T02:00:53Z] INFO Coupled control gating complete: slot=24 frame=2 pbch_attempts=0 prach_attempts=0 srs_attempts=0 trs_attempts=0 acquired=4/4 access=0/4 valid_srs=0/4 valid_trs_cells=1/1 tracked_serving_users=4/4 eligible=0/4.
[2026-08-08T02:00:53Z] INFO Coupled control gating complete for slot 24/120: acquired=4/4 access=0/4 valid_srs=0/4 valid_trs_cells=1/1 tracked_serving_users=4/4 eligible=0/4.
[2026-08-08T02:00:53Z] INFO DL coupled publish: operating_point 1/3 configured_label_snr_dB=-20.000 ue=0/4 dlDirectionalFrames=0/40 ulDirectionalFrames=0/40 dlRows=0 ulRows=0.
[2026-08-08T02:00:53Z] INFO Coupled DL scheduling deferred: sweep=1/3 slot=24/40 reason=configured_dl_symbol_allocation_not_available_in_tdd_slot policy=no_valid_harq_ack_occasion_from_current_dl_slot.
[2026-08-08T02:00:53Z] INFO Coupled DL schedule complete: sweep=1/3 slot=24/40 active=0 granted=0 grants=0.
[2026-08-08T02:00:53Z] INFO Coupled DL PDCCH qualification complete: sweep=1/3 slot=24/40 executable_grants=0.
[2026-08-08T02:00:53Z] INFO Preparing coupled DL batches: sweep=1/3 slot=24/40 candidate_grants=0 batch_size=24.
[2026-08-08T02:00:53Z] INFO Coupled UL K2 preschedule deferred: control_slot=24 reason=data_timing_rejected:target_hits_fixed_opposite_direction policy=no_valid_ul_occasion_from_current_dl_control_slot.
[2026-08-08T02:00:53Z] INFO Coupled UL queued grant lookup complete: sweep=1/3 slot=24/40 due_grants=0 pending_grants=0.
[2026-08-08T02:00:53Z] INFO Coupled canonical slot prepared: sweep=1/3 slot=25/40 duplex=UL allow_dl=0 allow_ul=1.
[2026-08-08T02:00:54Z] INFO Starting coupled pre-scheduling control gating for slot 25/120 with 4 UEs.
[2026-08-08T02:00:54Z] INFO Coupled control gating progress for slot 25/120: UE 1/4, PBCH=0 PRACH=0 SRS=0 TRS=0.
[2026-08-08T02:00:54Z] INFO Coupled control gating progress for slot 25/120: UE 2/4, PBCH=0 PRACH=0 SRS=0 TRS=0.
[2026-08-08T02:00:54Z] INFO Coupled control gating progress for slot 25/120: UE 3/4, PBCH=0 PRACH=0 SRS=0 TRS=0.
[2026-08-08T02:00:54Z] INFO Coupled control gating progress for slot 25/120: UE 4/4, PBCH=0 PRACH=0 SRS=0 TRS=0.
[2026-08-08T02:00:54Z] INFO Coupled control gating complete: slot=25 frame=2 pbch_attempts=0 prach_attempts=0 srs_attempts=0 trs_attempts=0 acquired=4/4 access=0/4 valid_srs=0/4 valid_trs_cells=1/1 tracked_serving_users=4/4 eligible=0/4.
[2026-08-08T02:00:54Z] INFO Coupled control gating complete for slot 25/120: acquired=4/4 access=0/4 valid_srs=0/4 valid_trs_cells=1/1 tracked_serving_users=4/4 eligible=0/4.
[2026-08-08T02:00:55Z] INFO UL coupled publish: operating_point 1/3 configured_label_snr_dB=-20.000 ue=0/4 dlDirectionalFrames=0/40 ulDirectionalFrames=0/40 dlRows=0 ulRows=0.
[2026-08-08T02:00:55Z] INFO Coupled UL queued grant lookup complete: sweep=1/3 slot=25/40 due_grants=0 pending_grants=0.
[2026-08-08T02:00:55Z] INFO Coupled canonical slot prepared: sweep=1/3 slot=26/40 duplex=DL allow_dl=1 allow_ul=0.
[2026-08-08T02:00:55Z] INFO Starting coupled pre-scheduling control gating for slot 26/120 with 4 UEs.
[2026-08-08T02:00:55Z] INFO Coupled control gating progress for slot 26/120: UE 1/4, PBCH=0 PRACH=0 SRS=0 TRS=0.
[2026-08-08T02:00:55Z] INFO Coupled control gating progress for slot 26/120: UE 2/4, PBCH=0 PRACH=0 SRS=0 TRS=0.
[2026-08-08T02:00:55Z] INFO Coupled control gating progress for slot 26/120: UE 3/4, PBCH=0 PRACH=0 SRS=0 TRS=0.
[2026-08-08T02:00:55Z] INFO Coupled control gating progress for slot 26/120: UE 4/4, PBCH=0 PRACH=0 SRS=0 TRS=0.
[2026-08-08T02:00:56Z] INFO Coupled control gating complete: slot=26 frame=2 pbch_attempts=0 prach_attempts=0 srs_attempts=0 trs_attempts=0 acquired=4/4 access=0/4 valid_srs=0/4 valid_trs_cells=1/1 tracked_serving_users=4/4 eligible=0/4.
[2026-08-08T02:00:56Z] INFO Coupled control gating complete for slot 26/120: acquired=4/4 access=0/4 valid_srs=0/4 valid_trs_cells=1/1 tracked_serving_users=4/4 eligible=0/4.
[2026-08-08T02:00:56Z] INFO DL coupled publish: operating_point 1/3 configured_label_snr_dB=-20.000 ue=0/4 dlDirectionalFrames=0/40 ulDirectionalFrames=0/40 dlRows=0 ulRows=0.
[2026-08-08T02:00:56Z] INFO Coupled DL schedule complete: sweep=1/3 slot=26/40 active=0 granted=0 grants=0.
[2026-08-08T02:00:56Z] INFO Coupled DL PDCCH qualification complete: sweep=1/3 slot=26/40 executable_grants=0.
[2026-08-08T02:00:56Z] INFO Preparing coupled DL batches: sweep=1/3 slot=26/40 candidate_grants=0 batch_size=24.
[2026-08-08T02:00:56Z] INFO Coupled UL K2 preschedule complete: control_slot=26 due_slot=30 k2=4 active=0 granted=0 grants=0.
[2026-08-08T02:00:56Z] INFO Coupled canonical slot prepared: sweep=1/3 slot=27/40 duplex=DL allow_dl=1 allow_ul=0.
[2026-08-08T02:00:56Z] INFO Starting coupled pre-scheduling control gating for slot 27/120 with 4 UEs.
[2026-08-08T02:00:56Z] INFO Coupled control gating progress for slot 27/120: UE 1/4, PBCH=0 PRACH=0 SRS=0 TRS=0.
[2026-08-08T02:00:56Z] INFO Coupled control gating progress for slot 27/120: UE 2/4, PBCH=0 PRACH=0 SRS=0 TRS=0.
[2026-08-08T02:00:57Z] INFO Coupled control gating progress for slot 27/120: UE 3/4, PBCH=0 PRACH=0 SRS=0 TRS=0.
[2026-08-08T02:00:57Z] INFO Coupled control gating progress for slot 27/120: UE 4/4, PBCH=0 PRACH=0 SRS=0 TRS=0.
[2026-08-08T02:00:57Z] INFO Coupled control gating complete: slot=27 frame=2 pbch_attempts=0 prach_attempts=0 srs_attempts=0 trs_attempts=0 acquired=4/4 access=0/4 valid_srs=0/4 valid_trs_cells=1/1 tracked_serving_users=4/4 eligible=0/4.
[2026-08-08T02:00:57Z] INFO Coupled control gating complete for slot 27/120: acquired=4/4 access=0/4 valid_srs=0/4 valid_trs_cells=1/1 tracked_serving_users=4/4 eligible=0/4.
[2026-08-08T02:00:57Z] INFO DL coupled publish: operating_point 1/3 configured_label_snr_dB=-20.000 ue=0/4 dlDirectionalFrames=0/40 ulDirectionalFrames=0/40 dlRows=0 ulRows=0.
[2026-08-08T02:00:57Z] INFO Coupled DL schedule complete: sweep=1/3 slot=27/40 active=0 granted=0 grants=0.
[2026-08-08T02:00:57Z] INFO Coupled DL PDCCH qualification complete: sweep=1/3 slot=27/40 executable_grants=0.
[2026-08-08T02:00:57Z] INFO Preparing coupled DL batches: sweep=1/3 slot=27/40 candidate_grants=0 batch_size=24.
[2026-08-08T02:00:57Z] INFO Coupled UL K2 preschedule deferred: control_slot=27 reason=data_timing_rejected:target_hits_fixed_opposite_direction policy=no_valid_ul_occasion_from_current_dl_control_slot.
[2026-08-08T02:00:57Z] INFO Coupled canonical slot prepared: sweep=1/3 slot=28/40 duplex=DL allow_dl=1 allow_ul=0.
[2026-08-08T02:00:57Z] INFO Starting coupled pre-scheduling control gating for slot 28/120 with 4 UEs.
[2026-08-08T02:00:58Z] INFO Coupled control gating progress for slot 28/120: UE 1/4, PBCH=0 PRACH=0 SRS=0 TRS=0.
[2026-08-08T02:00:58Z] INFO Coupled control gating progress for slot 28/120: UE 2/4, PBCH=0 PRACH=0 SRS=0 TRS=0.
[2026-08-08T02:00:58Z] INFO Coupled control gating progress for slot 28/120: UE 3/4, PBCH=0 PRACH=0 SRS=0 TRS=0.
[2026-08-08T02:00:58Z] INFO Coupled control gating progress for slot 28/120: UE 4/4, PBCH=0 PRACH=0 SRS=0 TRS=0.
[2026-08-08T02:00:58Z] INFO Coupled control gating complete: slot=28 frame=2 pbch_attempts=0 prach_attempts=0 srs_attempts=0 trs_attempts=0 acquired=4/4 access=0/4 valid_srs=0/4 valid_trs_cells=1/1 tracked_serving_users=4/4 eligible=0/4.
[2026-08-08T02:00:58Z] INFO Coupled control gating complete for slot 28/120: acquired=4/4 access=0/4 valid_srs=0/4 valid_trs_cells=1/1 tracked_serving_users=4/4 eligible=0/4.
[2026-08-08T02:00:59Z] INFO DL coupled publish: operating_point 1/3 configured_label_snr_dB=-20.000 ue=0/4 dlDirectionalFrames=0/40 ulDirectionalFrames=0/40 dlRows=0 ulRows=0.
[2026-08-08T02:00:59Z] INFO Coupled DL schedule complete: sweep=1/3 slot=28/40 active=0 granted=0 grants=0.
[2026-08-08T02:00:59Z] INFO Coupled DL PDCCH qualification complete: sweep=1/3 slot=28/40 executable_grants=0.
[2026-08-08T02:00:59Z] INFO Preparing coupled DL batches: sweep=1/3 slot=28/40 candidate_grants=0 batch_size=24.
[2026-08-08T02:00:59Z] INFO Coupled UL K2 preschedule deferred: control_slot=28 reason=data_timing_rejected:target_hits_fixed_opposite_direction policy=no_valid_ul_occasion_from_current_dl_control_slot.
[2026-08-08T02:00:59Z] INFO Coupled canonical slot prepared: sweep=1/3 slot=29/40 duplex=FLEXIBLE_OR_MIXED allow_dl=1 allow_ul=1.
[2026-08-08T02:00:59Z] INFO Starting coupled pre-scheduling control gating for slot 29/120 with 4 UEs.
[2026-08-08T02:00:59Z] INFO Coupled control gating progress for slot 29/120: UE 1/4, PBCH=0 PRACH=0 SRS=0 TRS=0.
[2026-08-08T02:00:59Z] INFO Coupled control gating progress for slot 29/120: UE 2/4, PBCH=0 PRACH=0 SRS=0 TRS=0.
[2026-08-08T02:00:59Z] INFO Coupled control gating progress for slot 29/120: UE 3/4, PBCH=0 PRACH=0 SRS=0 TRS=0.
[2026-08-08T02:00:59Z] INFO Coupled control gating progress for slot 29/120: UE 4/4, PBCH=0 PRACH=0 SRS=0 TRS=0.
[2026-08-08T02:01:00Z] INFO Coupled control gating complete: slot=29 frame=2 pbch_attempts=0 prach_attempts=0 srs_attempts=0 trs_attempts=0 acquired=4/4 access=0/4 valid_srs=0/4 valid_trs_cells=1/1 tracked_serving_users=4/4 eligible=0/4.
[2026-08-08T02:01:00Z] INFO Coupled control gating complete for slot 29/120: acquired=4/4 access=0/4 valid_srs=0/4 valid_trs_cells=1/1 tracked_serving_users=4/4 eligible=0/4.
[2026-08-08T02:01:00Z] INFO DL coupled publish: operating_point 1/3 configured_label_snr_dB=-20.000 ue=0/4 dlDirectionalFrames=0/40 ulDirectionalFrames=0/40 dlRows=0 ulRows=0.
[2026-08-08T02:01:00Z] INFO Coupled DL scheduling deferred: sweep=1/3 slot=29/40 reason=configured_dl_symbol_allocation_not_available_in_tdd_slot policy=no_valid_harq_ack_occasion_from_current_dl_slot.
[2026-08-08T02:01:00Z] INFO Coupled DL schedule complete: sweep=1/3 slot=29/40 active=0 granted=0 grants=0.
[2026-08-08T02:01:00Z] INFO Coupled DL PDCCH qualification complete: sweep=1/3 slot=29/40 executable_grants=0.
[2026-08-08T02:01:00Z] INFO Preparing coupled DL batches: sweep=1/3 slot=29/40 candidate_grants=0 batch_size=24.
[2026-08-08T02:01:00Z] INFO Coupled UL K2 preschedule deferred: control_slot=29 reason=data_timing_rejected:target_hits_fixed_opposite_direction policy=no_valid_ul_occasion_from_current_dl_control_slot.
[2026-08-08T02:01:00Z] INFO Coupled UL queued grant lookup complete: sweep=1/3 slot=29/40 due_grants=0 pending_grants=0.
[2026-08-08T02:01:00Z] INFO Coupled canonical slot prepared: sweep=1/3 slot=30/40 duplex=UL allow_dl=0 allow_ul=1.
[2026-08-08T02:01:00Z] INFO Starting coupled pre-scheduling control gating for slot 30/120 with 4 UEs.
[2026-08-08T02:01:04Z] INFO Coupled PRACH result: slot=30 ue=1 status=FAIL crc=0 ra_completed=false strict_ok=false tx_preamble=0 detected_preamble=? failure=preamble_not_detected.
[2026-08-08T02:01:04Z] INFO Coupled PRACH RA PDSCH evidence: slot=30 ue=1 msg2_crc=0 msg2_layers=? msg2_cfg_ports=? msg2_resolved_ports=? msg2_explicit_matrix=false msg2_precoding=/ msg2_tx_power_dBm=46 msg2_amp_scale=? msg2_timing_used=false msg2_timing=? msg2_posteq_sinr_dB=? msg2_hest_sinr_dB=? msg2_llr_finite=false msg4_crc=0 msg4_layers=? msg4_cfg_ports=? msg4_resolved_ports=? msg4_tx_power_dBm=46 msg4_amp_scale=?.
[2026-08-08T02:01:05Z] INFO Coupled control gating progress for slot 30/120: UE 1/4, PBCH=0 PRACH=1 SRS=0 TRS=0.
[2026-08-08T02:01:08Z] INFO Coupled PRACH result: slot=30 ue=2 status=FAIL crc=0 ra_completed=false strict_ok=false tx_preamble=1 detected_preamble=? failure=preamble_not_detected.
[2026-08-08T02:01:08Z] INFO Coupled PRACH RA PDSCH evidence: slot=30 ue=2 msg2_crc=0 msg2_layers=? msg2_cfg_ports=? msg2_resolved_ports=? msg2_explicit_matrix=false msg2_precoding=/ msg2_tx_power_dBm=46 msg2_amp_scale=? msg2_timing_used=false msg2_timing=? msg2_posteq_sinr_dB=? msg2_hest_sinr_dB=? msg2_llr_finite=false msg4_crc=0 msg4_layers=? msg4_cfg_ports=? msg4_resolved_ports=? msg4_tx_power_dBm=46 msg4_amp_scale=?.
[2026-08-08T02:01:09Z] INFO Coupled control gating progress for slot 30/120: UE 2/4, PBCH=0 PRACH=2 SRS=0 TRS=0.
[2026-08-08T02:01:12Z] INFO Coupled PRACH result: slot=30 ue=3 status=FAIL crc=0 ra_completed=false strict_ok=false tx_preamble=2 detected_preamble=? failure=preamble_not_detected.
[2026-08-08T02:01:12Z] INFO Coupled PRACH RA PDSCH evidence: slot=30 ue=3 msg2_crc=0 msg2_layers=? msg2_cfg_ports=? msg2_resolved_ports=? msg2_explicit_matrix=false msg2_precoding=/ msg2_tx_power_dBm=46 msg2_amp_scale=? msg2_timing_used=false msg2_timing=? msg2_posteq_sinr_dB=? msg2_hest_sinr_dB=? msg2_llr_finite=false msg4_crc=0 msg4_layers=? msg4_cfg_ports=? msg4_resolved_ports=? msg4_tx_power_dBm=46 msg4_amp_scale=?.
[2026-08-08T02:01:13Z] INFO Coupled control gating progress for slot 30/120: UE 3/4, PBCH=0 PRACH=3 SRS=0 TRS=0.
[2026-08-08T02:01:16Z] INFO Coupled PRACH result: slot=30 ue=4 status=FAIL crc=0 ra_completed=false strict_ok=false tx_preamble=3 detected_preamble=? failure=preamble_not_detected.
[2026-08-08T02:01:16Z] INFO Coupled PRACH RA PDSCH evidence: slot=30 ue=4 msg2_crc=0 msg2_layers=? msg2_cfg_ports=? msg2_resolved_ports=? msg2_explicit_matrix=false msg2_precoding=/ msg2_tx_power_dBm=46 msg2_amp_scale=? msg2_timing_used=false msg2_timing=? msg2_posteq_sinr_dB=? msg2_hest_sinr_dB=? msg2_llr_finite=false msg4_crc=0 msg4_layers=? msg4_cfg_ports=? msg4_resolved_ports=? msg4_tx_power_dBm=46 msg4_amp_scale=?.
[2026-08-08T02:01:17Z] INFO Coupled control gating progress for slot 30/120: UE 4/4, PBCH=0 PRACH=4 SRS=0 TRS=0.
[2026-08-08T02:01:17Z] INFO Coupled control gating complete: slot=30 frame=2 pbch_attempts=0 prach_attempts=4 srs_attempts=0 trs_attempts=0 acquired=4/4 access=0/4 valid_srs=0/4 valid_trs_cells=1/1 tracked_serving_users=4/4 eligible=0/4.
[2026-08-08T02:01:17Z] INFO Coupled control gating complete for slot 30/120: acquired=4/4 access=0/4 valid_srs=0/4 valid_trs_cells=1/1 tracked_serving_users=4/4 eligible=0/4.
[2026-08-08T02:01:17Z] INFO UL coupled publish: operating_point 1/3 configured_label_snr_dB=-20.000 ue=0/4 dlDirectionalFrames=0/40 ulDirectionalFrames=0/40 dlRows=0 ulRows=0.
[2026-08-08T02:01:17Z] INFO Coupled UL queued grant lookup complete: sweep=1/3 slot=30/40 due_grants=0 pending_grants=0.
[2026-08-08T02:01:17Z] INFO Coupled canonical slot prepared: sweep=1/3 slot=31/40 duplex=DL allow_dl=1 allow_ul=0.
[2026-08-08T02:01:17Z] INFO Starting coupled pre-scheduling control gating for slot 31/120 with 4 UEs.
[2026-08-08T02:01:17Z] INFO Coupled control gating progress for slot 31/120: UE 1/4, PBCH=0 PRACH=0 SRS=0 TRS=0.
[2026-08-08T02:01:18Z] INFO Coupled control gating progress for slot 31/120: UE 2/4, PBCH=0 PRACH=0 SRS=0 TRS=0.
[2026-08-08T02:01:18Z] INFO Coupled control gating progress for slot 31/120: UE 3/4, PBCH=0 PRACH=0 SRS=0 TRS=0.
[2026-08-08T02:01:18Z] INFO Coupled control gating progress for slot 31/120: UE 4/4, PBCH=0 PRACH=0 SRS=0 TRS=0.
[2026-08-08T02:01:18Z] INFO Coupled control gating complete: slot=31 frame=2 pbch_attempts=0 prach_attempts=0 srs_attempts=0 trs_attempts=0 acquired=4/4 access=0/4 valid_srs=0/4 valid_trs_cells=1/1 tracked_serving_users=4/4 eligible=0/4.
[2026-08-08T02:01:18Z] INFO Coupled control gating complete for slot 31/120: acquired=4/4 access=0/4 valid_srs=0/4 valid_trs_cells=1/1 tracked_serving_users=4/4 eligible=0/4.
[2026-08-08T02:01:19Z] INFO DL coupled publish: operating_point 1/3 configured_label_snr_dB=-20.000 ue=0/4 dlDirectionalFrames=0/40 ulDirectionalFrames=0/40 dlRows=0 ulRows=0.
[2026-08-08T02:01:19Z] INFO Coupled DL schedule complete: sweep=1/3 slot=31/40 active=0 granted=0 grants=0.
[2026-08-08T02:01:19Z] INFO Coupled DL PDCCH qualification complete: sweep=1/3 slot=31/40 executable_grants=0.
[2026-08-08T02:01:19Z] INFO Preparing coupled DL batches: sweep=1/3 slot=31/40 candidate_grants=0 batch_size=24.
[2026-08-08T02:01:19Z] INFO Coupled UL K2 preschedule complete: control_slot=31 due_slot=35 k2=4 active=0 granted=0 grants=0.
[2026-08-08T02:01:19Z] INFO Coupled canonical slot prepared: sweep=1/3 slot=32/40 duplex=DL allow_dl=1 allow_ul=0.
[2026-08-08T02:01:19Z] INFO Starting coupled pre-scheduling control gating for slot 32/120 with 4 UEs.
[2026-08-08T02:01:20Z] INFO Coupled control gating progress for slot 32/120: UE 1/4, PBCH=0 PRACH=0 SRS=0 TRS=0.
[2026-08-08T02:01:20Z] INFO Coupled control gating progress for slot 32/120: UE 2/4, PBCH=0 PRACH=0 SRS=0 TRS=0.
[2026-08-08T02:01:20Z] INFO Coupled control gating progress for slot 32/120: UE 3/4, PBCH=0 PRACH=0 SRS=0 TRS=0.
[2026-08-08T02:01:20Z] INFO Coupled control gating progress for slot 32/120: UE 4/4, PBCH=0 PRACH=0 SRS=0 TRS=0.
[2026-08-08T02:01:20Z] INFO Coupled control gating complete: slot=32 frame=2 pbch_attempts=0 prach_attempts=0 srs_attempts=0 trs_attempts=0 acquired=4/4 access=0/4 valid_srs=0/4 valid_trs_cells=1/1 tracked_serving_users=4/4 eligible=0/4.
[2026-08-08T02:01:20Z] INFO Coupled control gating complete for slot 32/120: acquired=4/4 access=0/4 valid_srs=0/4 valid_trs_cells=1/1 tracked_serving_users=4/4 eligible=0/4.
[2026-08-08T02:01:21Z] INFO DL coupled publish: operating_point 1/3 configured_label_snr_dB=-20.000 ue=0/4 dlDirectionalFrames=0/40 ulDirectionalFrames=0/40 dlRows=0 ulRows=0.
[2026-08-08T02:01:21Z] INFO Coupled DL schedule complete: sweep=1/3 slot=32/40 active=0 granted=0 grants=0.
[2026-08-08T02:01:21Z] INFO Coupled DL PDCCH qualification complete: sweep=1/3 slot=32/40 executable_grants=0.
[2026-08-08T02:01:21Z] INFO Preparing coupled DL batches: sweep=1/3 slot=32/40 candidate_grants=0 batch_size=24.
[2026-08-08T02:01:21Z] INFO Coupled UL K2 preschedule deferred: control_slot=32 reason=data_timing_rejected:target_hits_fixed_opposite_direction policy=no_valid_ul_occasion_from_current_dl_control_slot.
[2026-08-08T02:01:21Z] INFO Coupled canonical slot prepared: sweep=1/3 slot=33/40 duplex=DL allow_dl=1 allow_ul=0.
[2026-08-08T02:01:21Z] INFO Starting coupled pre-scheduling control gating for slot 33/120 with 4 UEs.
[2026-08-08T02:01:21Z] INFO Coupled control gating progress for slot 33/120: UE 1/4, PBCH=0 PRACH=0 SRS=0 TRS=0.
[2026-08-08T02:01:21Z] INFO Coupled control gating progress for slot 33/120: UE 2/4, PBCH=0 PRACH=0 SRS=0 TRS=0.
[2026-08-08T02:01:22Z] INFO Coupled control gating progress for slot 33/120: UE 3/4, PBCH=0 PRACH=0 SRS=0 TRS=0.
[2026-08-08T02:01:22Z] INFO Coupled control gating progress for slot 33/120: UE 4/4, PBCH=0 PRACH=0 SRS=0 TRS=0.
[2026-08-08T02:01:22Z] INFO Coupled control gating complete: slot=33 frame=2 pbch_attempts=0 prach_attempts=0 srs_attempts=0 trs_attempts=0 acquired=4/4 access=0/4 valid_srs=0/4 valid_trs_cells=1/1 tracked_serving_users=4/4 eligible=0/4.
[2026-08-08T02:01:22Z] INFO Coupled control gating complete for slot 33/120: acquired=4/4 access=0/4 valid_srs=0/4 valid_trs_cells=1/1 tracked_serving_users=4/4 eligible=0/4.
[2026-08-08T02:01:23Z] INFO DL coupled publish: operating_point 1/3 configured_label_snr_dB=-20.000 ue=0/4 dlDirectionalFrames=0/40 ulDirectionalFrames=0/40 dlRows=0 ulRows=0.
[2026-08-08T02:01:23Z] INFO Coupled DL schedule complete: sweep=1/3 slot=33/40 active=0 granted=0 grants=0.
[2026-08-08T02:01:23Z] INFO Coupled DL PDCCH qualification complete: sweep=1/3 slot=33/40 executable_grants=0.
[2026-08-08T02:01:23Z] INFO Preparing coupled DL batches: sweep=1/3 slot=33/40 candidate_grants=0 batch_size=24.
[2026-08-08T02:01:23Z] INFO Coupled UL K2 preschedule deferred: control_slot=33 reason=data_timing_rejected:target_hits_fixed_opposite_direction policy=no_valid_ul_occasion_from_current_dl_control_slot.
[2026-08-08T02:01:23Z] INFO Coupled canonical slot prepared: sweep=1/3 slot=34/40 duplex=FLEXIBLE_OR_MIXED allow_dl=1 allow_ul=1.
[2026-08-08T02:01:23Z] INFO Starting coupled pre-scheduling control gating for slot 34/120 with 4 UEs.
[2026-08-08T02:01:23Z] INFO Coupled control gating progress for slot 34/120: UE 1/4, PBCH=0 PRACH=0 SRS=0 TRS=0.
[2026-08-08T02:01:23Z] INFO Coupled control gating progress for slot 34/120: UE 2/4, PBCH=0 PRACH=0 SRS=0 TRS=0.
[2026-08-08T02:01:24Z] INFO Coupled control gating progress for slot 34/120: UE 3/4, PBCH=0 PRACH=0 SRS=0 TRS=0.
[2026-08-08T02:01:24Z] INFO Coupled control gating progress for slot 34/120: UE 4/4, PBCH=0 PRACH=0 SRS=0 TRS=0.
[2026-08-08T02:01:24Z] INFO Coupled control gating complete: slot=34 frame=2 pbch_attempts=0 prach_attempts=0 srs_attempts=0 trs_attempts=0 acquired=4/4 access=0/4 valid_srs=0/4 valid_trs_cells=1/1 tracked_serving_users=4/4 eligible=0/4.
[2026-08-08T02:01:24Z] INFO Coupled control gating complete for slot 34/120: acquired=4/4 access=0/4 valid_srs=0/4 valid_trs_cells=1/1 tracked_serving_users=4/4 eligible=0/4.
[2026-08-08T02:01:24Z] INFO DL coupled publish: operating_point 1/3 configured_label_snr_dB=-20.000 ue=0/4 dlDirectionalFrames=0/40 ulDirectionalFrames=0/40 dlRows=0 ulRows=0.
[2026-08-08T02:01:24Z] INFO Coupled DL scheduling deferred: sweep=1/3 slot=34/40 reason=configured_dl_symbol_allocation_not_available_in_tdd_slot policy=no_valid_harq_ack_occasion_from_current_dl_slot.
[2026-08-08T02:01:24Z] INFO Coupled DL schedule complete: sweep=1/3 slot=34/40 active=0 granted=0 grants=0.
[2026-08-08T02:01:24Z] INFO Coupled DL PDCCH qualification complete: sweep=1/3 slot=34/40 executable_grants=0.
[2026-08-08T02:01:24Z] INFO Preparing coupled DL batches: sweep=1/3 slot=34/40 candidate_grants=0 batch_size=24.
[2026-08-08T02:01:25Z] INFO Coupled UL K2 preschedule deferred: control_slot=34 reason=data_timing_rejected:target_hits_fixed_opposite_direction policy=no_valid_ul_occasion_from_current_dl_control_slot.
[2026-08-08T02:01:25Z] INFO Coupled UL queued grant lookup complete: sweep=1/3 slot=34/40 due_grants=0 pending_grants=0.
[2026-08-08T02:01:25Z] INFO Coupled canonical slot prepared: sweep=1/3 slot=35/40 duplex=UL allow_dl=0 allow_ul=1.
[2026-08-08T02:01:25Z] INFO Starting coupled pre-scheduling control gating for slot 35/120 with 4 UEs.
[2026-08-08T02:01:25Z] INFO Coupled control gating progress for slot 35/120: UE 1/4, PBCH=0 PRACH=0 SRS=0 TRS=0.
[2026-08-08T02:01:25Z] INFO Coupled control gating progress for slot 35/120: UE 2/4, PBCH=0 PRACH=0 SRS=0 TRS=0.
[2026-08-08T02:01:25Z] INFO Coupled control gating progress for slot 35/120: UE 3/4, PBCH=0 PRACH=0 SRS=0 TRS=0.
[2026-08-08T02:01:25Z] INFO Coupled control gating progress for slot 35/120: UE 4/4, PBCH=0 PRACH=0 SRS=0 TRS=0.
[2026-08-08T02:01:26Z] INFO Coupled control gating complete: slot=35 frame=2 pbch_attempts=0 prach_attempts=0 srs_attempts=0 trs_attempts=0 acquired=4/4 access=0/4 valid_srs=0/4 valid_trs_cells=1/1 tracked_serving_users=4/4 eligible=0/4.
[2026-08-08T02:01:26Z] INFO Coupled control gating complete for slot 35/120: acquired=4/4 access=0/4 valid_srs=0/4 valid_trs_cells=1/1 tracked_serving_users=4/4 eligible=0/4.
[2026-08-08T02:01:26Z] INFO UL coupled publish: operating_point 1/3 configured_label_snr_dB=-20.000 ue=0/4 dlDirectionalFrames=0/40 ulDirectionalFrames=0/40 dlRows=0 ulRows=0.
[2026-08-08T02:01:26Z] INFO Coupled UL queued grant lookup complete: sweep=1/3 slot=35/40 due_grants=0 pending_grants=0.
[2026-08-08T02:01:26Z] INFO Coupled canonical slot prepared: sweep=1/3 slot=36/40 duplex=DL allow_dl=1 allow_ul=0.
[2026-08-08T02:01:26Z] INFO Starting coupled pre-scheduling control gating for slot 36/120 with 4 UEs.
[2026-08-08T02:01:26Z] INFO Coupled control gating progress for slot 36/120: UE 1/4, PBCH=0 PRACH=0 SRS=0 TRS=0.
[2026-08-08T02:01:27Z] INFO Coupled control gating progress for slot 36/120: UE 2/4, PBCH=0 PRACH=0 SRS=0 TRS=0.
[2026-08-08T02:01:27Z] INFO Coupled control gating progress for slot 36/120: UE 3/4, PBCH=0 PRACH=0 SRS=0 TRS=0.
[2026-08-08T02:01:27Z] INFO Coupled control gating progress for slot 36/120: UE 4/4, PBCH=0 PRACH=0 SRS=0 TRS=0.
[2026-08-08T02:01:27Z] INFO Coupled control gating complete: slot=36 frame=2 pbch_attempts=0 prach_attempts=0 srs_attempts=0 trs_attempts=0 acquired=4/4 access=0/4 valid_srs=0/4 valid_trs_cells=1/1 tracked_serving_users=4/4 eligible=0/4.
[2026-08-08T02:01:27Z] INFO Coupled control gating complete for slot 36/120: acquired=4/4 access=0/4 valid_srs=0/4 valid_trs_cells=1/1 tracked_serving_users=4/4 eligible=0/4.
[2026-08-08T02:01:28Z] INFO DL coupled publish: operating_point 1/3 configured_label_snr_dB=-20.000 ue=0/4 dlDirectionalFrames=0/40 ulDirectionalFrames=0/40 dlRows=0 ulRows=0.
[2026-08-08T02:01:28Z] INFO Coupled DL schedule complete: sweep=1/3 slot=36/40 active=0 granted=0 grants=0.
[2026-08-08T02:01:28Z] INFO Coupled DL PDCCH qualification complete: sweep=1/3 slot=36/40 executable_grants=0.
[2026-08-08T02:01:28Z] INFO Preparing coupled DL batches: sweep=1/3 slot=36/40 candidate_grants=0 batch_size=24.
[2026-08-08T02:01:28Z] INFO Coupled UL K2 preschedule complete: control_slot=36 due_slot=40 k2=4 active=0 granted=0 grants=0.
[2026-08-08T02:01:28Z] INFO Coupled canonical slot prepared: sweep=1/3 slot=37/40 duplex=DL allow_dl=1 allow_ul=0.
[2026-08-08T02:01:28Z] INFO Starting coupled pre-scheduling control gating for slot 37/120 with 4 UEs.
[2026-08-08T02:01:28Z] INFO Coupled control gating progress for slot 37/120: UE 1/4, PBCH=0 PRACH=0 SRS=0 TRS=0.
[2026-08-08T02:01:28Z] INFO Coupled control gating progress for slot 37/120: UE 2/4, PBCH=0 PRACH=0 SRS=0 TRS=0.
[2026-08-08T02:01:29Z] INFO Coupled control gating progress for slot 37/120: UE 3/4, PBCH=0 PRACH=0 SRS=0 TRS=0.
[2026-08-08T02:01:29Z] INFO Coupled control gating progress for slot 37/120: UE 4/4, PBCH=0 PRACH=0 SRS=0 TRS=0.
[2026-08-08T02:01:29Z] INFO Coupled control gating complete: slot=37 frame=2 pbch_attempts=0 prach_attempts=0 srs_attempts=0 trs_attempts=0 acquired=4/4 access=0/4 valid_srs=0/4 valid_trs_cells=1/1 tracked_serving_users=4/4 eligible=0/4.
[2026-08-08T02:01:29Z] INFO Coupled control gating complete for slot 37/120: acquired=4/4 access=0/4 valid_srs=0/4 valid_trs_cells=1/1 tracked_serving_users=4/4 eligible=0/4.
[2026-08-08T02:01:29Z] INFO DL coupled publish: operating_point 1/3 configured_label_snr_dB=-20.000 ue=0/4 dlDirectionalFrames=0/40 ulDirectionalFrames=0/40 dlRows=0 ulRows=0.
[2026-08-08T02:01:29Z] INFO Coupled DL schedule complete: sweep=1/3 slot=37/40 active=0 granted=0 grants=0.
[2026-08-08T02:01:29Z] INFO Coupled DL PDCCH qualification complete: sweep=1/3 slot=37/40 executable_grants=0.
[2026-08-08T02:01:29Z] INFO Preparing coupled DL batches: sweep=1/3 slot=37/40 candidate_grants=0 batch_size=24.
[2026-08-08T02:01:29Z] INFO Coupled UL K2 preschedule deferred: control_slot=37 reason=data_timing_rejected:target_hits_fixed_opposite_direction policy=no_valid_ul_occasion_from_current_dl_control_slot.
[2026-08-08T02:01:29Z] INFO Coupled canonical slot prepared: sweep=1/3 slot=38/40 duplex=DL allow_dl=1 allow_ul=0.
[2026-08-08T02:01:29Z] INFO Starting coupled pre-scheduling control gating for slot 38/120 with 4 UEs.
[2026-08-08T02:01:30Z] INFO Coupled control gating progress for slot 38/120: UE 1/4, PBCH=0 PRACH=0 SRS=0 TRS=0.
[2026-08-08T02:01:30Z] INFO Coupled control gating progress for slot 38/120: UE 2/4, PBCH=0 PRACH=0 SRS=0 TRS=0.
[2026-08-08T02:01:30Z] INFO Coupled control gating progress for slot 38/120: UE 3/4, PBCH=0 PRACH=0 SRS=0 TRS=0.
[2026-08-08T02:01:30Z] INFO Coupled control gating progress for slot 38/120: UE 4/4, PBCH=0 PRACH=0 SRS=0 TRS=0.
[2026-08-08T02:01:30Z] INFO Coupled control gating complete: slot=38 frame=2 pbch_attempts=0 prach_attempts=0 srs_attempts=0 trs_attempts=0 acquired=4/4 access=0/4 valid_srs=0/4 valid_trs_cells=1/1 tracked_serving_users=4/4 eligible=0/4.
[2026-08-08T02:01:30Z] INFO Coupled control gating complete for slot 38/120: acquired=4/4 access=0/4 valid_srs=0/4 valid_trs_cells=1/1 tracked_serving_users=4/4 eligible=0/4.
[2026-08-08T02:01:30Z] INFO DL coupled publish: operating_point 1/3 configured_label_snr_dB=-20.000 ue=0/4 dlDirectionalFrames=0/40 ulDirectionalFrames=0/40 dlRows=0 ulRows=0.
[2026-08-08T02:01:31Z] INFO Coupled DL schedule complete: sweep=1/3 slot=38/40 active=0 granted=0 grants=0.
[2026-08-08T02:01:31Z] INFO Coupled DL PDCCH qualification complete: sweep=1/3 slot=38/40 executable_grants=0.
[2026-08-08T02:01:31Z] INFO Preparing coupled DL batches: sweep=1/3 slot=38/40 candidate_grants=0 batch_size=24.
[2026-08-08T02:01:31Z] INFO Coupled UL K2 preschedule deferred: control_slot=38 reason=data_timing_rejected:target_hits_fixed_opposite_direction policy=no_valid_ul_occasion_from_current_dl_control_slot.
[2026-08-08T02:01:31Z] INFO Coupled canonical slot prepared: sweep=1/3 slot=39/40 duplex=FLEXIBLE_OR_MIXED allow_dl=1 allow_ul=1.
[2026-08-08T02:01:31Z] INFO Starting coupled pre-scheduling control gating for slot 39/120 with 4 UEs.
[2026-08-08T02:01:31Z] INFO Coupled control gating progress for slot 39/120: UE 1/4, PBCH=0 PRACH=0 SRS=0 TRS=0.
[2026-08-08T02:01:31Z] INFO Coupled control gating progress for slot 39/120: UE 2/4, PBCH=0 PRACH=0 SRS=0 TRS=0.
[2026-08-08T02:01:31Z] INFO Coupled control gating progress for slot 39/120: UE 3/4, PBCH=0 PRACH=0 SRS=0 TRS=0.
[2026-08-08T02:01:31Z] INFO Coupled control gating progress for slot 39/120: UE 4/4, PBCH=0 PRACH=0 SRS=0 TRS=0.
[2026-08-08T02:01:31Z] INFO Coupled control gating complete: slot=39 frame=2 pbch_attempts=0 prach_attempts=0 srs_attempts=0 trs_attempts=0 acquired=4/4 access=0/4 valid_srs=0/4 valid_trs_cells=1/1 tracked_serving_users=4/4 eligible=0/4.
[2026-08-08T02:01:31Z] INFO Coupled control gating complete for slot 39/120: acquired=4/4 access=0/4 valid_srs=0/4 valid_trs_cells=1/1 tracked_serving_users=4/4 eligible=0/4.
[2026-08-08T02:01:32Z] INFO DL coupled publish: operating_point 1/3 configured_label_snr_dB=-20.000 ue=0/4 dlDirectionalFrames=0/40 ulDirectionalFrames=0/40 dlRows=0 ulRows=0.
[2026-08-08T02:01:32Z] INFO Coupled DL scheduling deferred: sweep=1/3 slot=39/40 reason=configured_dl_symbol_allocation_not_available_in_tdd_slot policy=no_valid_harq_ack_occasion_from_current_dl_slot.
[2026-08-08T02:01:32Z] INFO Coupled DL schedule complete: sweep=1/3 slot=39/40 active=0 granted=0 grants=0.
[2026-08-08T02:01:32Z] INFO Coupled DL PDCCH qualification complete: sweep=1/3 slot=39/40 executable_grants=0.
[2026-08-08T02:01:32Z] INFO Preparing coupled DL batches: sweep=1/3 slot=39/40 candidate_grants=0 batch_size=24.
[2026-08-08T02:01:32Z] INFO Coupled UL K2 preschedule deferred: control_slot=39 reason=data_timing_rejected:target_hits_fixed_opposite_direction policy=no_valid_ul_occasion_from_current_dl_control_slot.
[2026-08-08T02:01:32Z] INFO Coupled UL queued grant lookup complete: sweep=1/3 slot=39/40 due_grants=0 pending_grants=0.
[2026-08-08T02:01:32Z] INFO Coupled canonical slot prepared: sweep=1/3 slot=40/40 duplex=UL allow_dl=0 allow_ul=1.
[2026-08-08T02:01:32Z] INFO Starting coupled pre-scheduling control gating for slot 40/120 with 4 UEs.
[2026-08-08T02:01:32Z] INFO Coupled control gating progress for slot 40/120: UE 1/4, PBCH=0 PRACH=0 SRS=0 TRS=0.
[2026-08-08T02:01:32Z] INFO Coupled control gating progress for slot 40/120: UE 2/4, PBCH=0 PRACH=0 SRS=0 TRS=0.
[2026-08-08T02:01:33Z] INFO Coupled control gating progress for slot 40/120: UE 3/4, PBCH=0 PRACH=0 SRS=0 TRS=0.
[2026-08-08T02:01:33Z] INFO Coupled control gating progress for slot 40/120: UE 4/4, PBCH=0 PRACH=0 SRS=0 TRS=0.
[2026-08-08T02:01:33Z] INFO Coupled control gating complete: slot=40 frame=2 pbch_attempts=0 prach_attempts=0 srs_attempts=0 trs_attempts=0 acquired=4/4 access=0/4 valid_srs=0/4 valid_trs_cells=1/1 tracked_serving_users=4/4 eligible=0/4.
[2026-08-08T02:01:33Z] INFO Coupled control gating complete for slot 40/120: acquired=4/4 access=0/4 valid_srs=0/4 valid_trs_cells=1/1 tracked_serving_users=4/4 eligible=0/4.
[2026-08-08T02:01:33Z] INFO UL coupled publish: operating_point 1/3 configured_label_snr_dB=-20.000 ue=0/4 dlDirectionalFrames=0/40 ulDirectionalFrames=0/40 dlRows=0 ulRows=0.
[2026-08-08T02:01:33Z] INFO Coupled UL queued grant lookup complete: sweep=1/3 slot=40/40 due_grants=0 pending_grants=0.
[2026-08-08T02:01:33Z] INFO DL raw trial sweep progress: point 1/3, configured operating-point label -20.000 dB (not a measured SINR); PostEqSINR_dB pending; MeasuredTrialSINR_dB pending; ReceiverHestSINR_dB pending, rows=0.
[2026-08-08T02:01:33Z] INFO UL raw trial sweep progress: point 1/3, configured operating-point label -20.000 dB (not a measured SINR); PostEqSINR_dB pending; MeasuredTrialSINR_dB pending; ReceiverHestSINR_dB pending, rows=0.
[2026-08-08T02:01:33Z] INFO Reset causal HARQ, channel, reference-measurement, scheduler, link-adaptation and traffic-queue state at independent fixed-SNR point boundary: sweep=2/3 start_slot=41 snr_db=0.000 policy=independent_link_state_per_point.
[2026-08-08T02:01:33Z] INFO Coupled canonical slot prepared: sweep=2/3 slot=1/40 duplex=DL allow_dl=1 allow_ul=0.
[2026-08-08T02:01:33Z] INFO Starting coupled pre-scheduling control gating for slot 41/120 with 4 UEs.
[2026-08-08T02:01:36Z] INFO Coupled control gating progress for slot 41/120: UE 1/4, PBCH=0 PRACH=0 SRS=0 TRS=1.
[2026-08-08T02:01:36Z] INFO Coupled control gating progress for slot 41/120: UE 2/4, PBCH=0 PRACH=0 SRS=0 TRS=1.
[2026-08-08T02:01:36Z] INFO Coupled control gating progress for slot 41/120: UE 3/4, PBCH=0 PRACH=0 SRS=0 TRS=1.
[2026-08-08T02:01:36Z] INFO Coupled control gating progress for slot 41/120: UE 4/4, PBCH=0 PRACH=0 SRS=0 TRS=1.
[2026-08-08T02:01:37Z] INFO Coupled control gating complete: slot=41 frame=3 pbch_attempts=0 prach_attempts=0 srs_attempts=0 trs_attempts=1 acquired=4/4 access=0/4 valid_srs=0/4 valid_trs_cells=1/1 tracked_serving_users=4/4 eligible=0/4.
[2026-08-08T02:01:37Z] INFO Coupled control gating complete for slot 41/120: acquired=4/4 access=0/4 valid_srs=0/4 valid_trs_cells=1/1 tracked_serving_users=4/4 eligible=0/4.
[2026-08-08T02:01:37Z] INFO DL coupled publish: operating_point 2/3 configured_label_snr_dB=0.000 ue=0/4 dlDirectionalFrames=0/40 ulDirectionalFrames=0/40 dlRows=0 ulRows=0.
[2026-08-08T02:01:37Z] INFO Coupled DL schedule complete: sweep=2/3 slot=1/40 active=0 granted=0 grants=0.
[2026-08-08T02:01:37Z] INFO Coupled DL PDCCH qualification complete: sweep=2/3 slot=1/40 executable_grants=0.
[2026-08-08T02:01:37Z] INFO Preparing coupled DL batches: sweep=2/3 slot=1/40 candidate_grants=0 batch_size=24.
[2026-08-08T02:01:37Z] INFO Coupled UL K2 preschedule complete: control_slot=41 due_slot=45 k2=4 active=0 granted=0 grants=0.
[2026-08-08T02:01:37Z] INFO Coupled canonical slot prepared: sweep=2/3 slot=2/40 duplex=DL allow_dl=1 allow_ul=0.
[2026-08-08T02:01:37Z] INFO Starting coupled pre-scheduling control gating for slot 42/120 with 4 UEs.
[2026-08-08T02:01:38Z] INFO Coupled control gating progress for slot 42/120: UE 1/4, PBCH=0 PRACH=0 SRS=0 TRS=0.
[2026-08-08T02:01:38Z] INFO Coupled control gating progress for slot 42/120: UE 2/4, PBCH=0 PRACH=0 SRS=0 TRS=0.
[2026-08-08T02:01:38Z] INFO Coupled control gating progress for slot 42/120: UE 3/4, PBCH=0 PRACH=0 SRS=0 TRS=0.
[2026-08-08T02:01:38Z] INFO Coupled control gating progress for slot 42/120: UE 4/4, PBCH=0 PRACH=0 SRS=0 TRS=0.
[2026-08-08T02:01:38Z] INFO Coupled control gating complete: slot=42 frame=3 pbch_attempts=0 prach_attempts=0 srs_attempts=0 trs_attempts=0 acquired=4/4 access=0/4 valid_srs=0/4 valid_trs_cells=1/1 tracked_serving_users=4/4 eligible=0/4.
[2026-08-08T02:01:38Z] INFO Coupled control gating complete for slot 42/120: acquired=4/4 access=0/4 valid_srs=0/4 valid_trs_cells=1/1 tracked_serving_users=4/4 eligible=0/4.
[2026-08-08T02:01:39Z] INFO DL coupled publish: operating_point 2/3 configured_label_snr_dB=0.000 ue=0/4 dlDirectionalFrames=0/40 ulDirectionalFrames=0/40 dlRows=0 ulRows=0.
[2026-08-08T02:01:39Z] INFO Coupled DL schedule complete: sweep=2/3 slot=2/40 active=0 granted=0 grants=0.
[2026-08-08T02:01:39Z] INFO Coupled DL PDCCH qualification complete: sweep=2/3 slot=2/40 executable_grants=0.
[2026-08-08T02:01:39Z] INFO Preparing coupled DL batches: sweep=2/3 slot=2/40 candidate_grants=0 batch_size=24.
[2026-08-08T02:01:39Z] INFO Coupled UL K2 preschedule deferred: control_slot=42 reason=data_timing_rejected:target_hits_fixed_opposite_direction policy=no_valid_ul_occasion_from_current_dl_control_slot.
[2026-08-08T02:01:39Z] INFO Coupled canonical slot prepared: sweep=2/3 slot=3/40 duplex=DL allow_dl=1 allow_ul=0.
[2026-08-08T02:01:39Z] INFO Starting coupled pre-scheduling control gating for slot 43/120 with 4 UEs.
[2026-08-08T02:01:39Z] INFO Coupled control gating progress for slot 43/120: UE 1/4, PBCH=0 PRACH=0 SRS=0 TRS=0.
[2026-08-08T02:01:39Z] INFO Coupled control gating progress for slot 43/120: UE 2/4, PBCH=0 PRACH=0 SRS=0 TRS=0.
[2026-08-08T02:01:39Z] INFO Coupled control gating progress for slot 43/120: UE 3/4, PBCH=0 PRACH=0 SRS=0 TRS=0.
[2026-08-08T02:01:40Z] INFO Coupled control gating progress for slot 43/120: UE 4/4, PBCH=0 PRACH=0 SRS=0 TRS=0.
[2026-08-08T02:01:40Z] INFO Coupled control gating complete: slot=43 frame=3 pbch_attempts=0 prach_attempts=0 srs_attempts=0 trs_attempts=0 acquired=4/4 access=0/4 valid_srs=0/4 valid_trs_cells=1/1 tracked_serving_users=4/4 eligible=0/4.
[2026-08-08T02:01:40Z] INFO Coupled control gating complete for slot 43/120: acquired=4/4 access=0/4 valid_srs=0/4 valid_trs_cells=1/1 tracked_serving_users=4/4 eligible=0/4.
[2026-08-08T02:01:40Z] INFO DL coupled publish: operating_point 2/3 configured_label_snr_dB=0.000 ue=0/4 dlDirectionalFrames=0/40 ulDirectionalFrames=0/40 dlRows=0 ulRows=0.
[2026-08-08T02:01:40Z] INFO Coupled DL schedule complete: sweep=2/3 slot=3/40 active=0 granted=0 grants=0.
[2026-08-08T02:01:40Z] INFO Coupled DL PDCCH qualification complete: sweep=2/3 slot=3/40 executable_grants=0.
[2026-08-08T02:01:40Z] INFO Preparing coupled DL batches: sweep=2/3 slot=3/40 candidate_grants=0 batch_size=24.
[2026-08-08T02:01:40Z] INFO Coupled UL K2 preschedule deferred: control_slot=43 reason=data_timing_rejected:target_hits_fixed_opposite_direction policy=no_valid_ul_occasion_from_current_dl_control_slot.
[2026-08-08T02:01:40Z] INFO Coupled canonical slot prepared: sweep=2/3 slot=4/40 duplex=FLEXIBLE_OR_MIXED allow_dl=1 allow_ul=1.
[2026-08-08T02:01:40Z] INFO Starting coupled pre-scheduling control gating for slot 44/120 with 4 UEs.
[2026-08-08T02:01:40Z] INFO Coupled control gating progress for slot 44/120: UE 1/4, PBCH=0 PRACH=0 SRS=0 TRS=0.
[2026-08-08T02:01:41Z] INFO Coupled control gating progress for slot 44/120: UE 2/4, PBCH=0 PRACH=0 SRS=0 TRS=0.
[2026-08-08T02:01:41Z] INFO Coupled control gating progress for slot 44/120: UE 3/4, PBCH=0 PRACH=0 SRS=0 TRS=0.
[2026-08-08T02:01:41Z] INFO Coupled control gating progress for slot 44/120: UE 4/4, PBCH=0 PRACH=0 SRS=0 TRS=0.
[2026-08-08T02:01:41Z] INFO Coupled control gating complete: slot=44 frame=3 pbch_attempts=0 prach_attempts=0 srs_attempts=0 trs_attempts=0 acquired=4/4 access=0/4 valid_srs=0/4 valid_trs_cells=1/1 tracked_serving_users=4/4 eligible=0/4.
[2026-08-08T02:01:41Z] INFO Coupled control gating complete for slot 44/120: acquired=4/4 access=0/4 valid_srs=0/4 valid_trs_cells=1/1 tracked_serving_users=4/4 eligible=0/4.
[2026-08-08T02:01:41Z] INFO DL coupled publish: operating_point 2/3 configured_label_snr_dB=0.000 ue=0/4 dlDirectionalFrames=0/40 ulDirectionalFrames=0/40 dlRows=0 ulRows=0.
[2026-08-08T02:01:41Z] INFO Coupled DL scheduling deferred: sweep=2/3 slot=4/40 reason=configured_dl_symbol_allocation_not_available_in_tdd_slot policy=no_valid_harq_ack_occasion_from_current_dl_slot.
[2026-08-08T02:01:41Z] INFO Coupled DL schedule complete: sweep=2/3 slot=4/40 active=0 granted=0 grants=0.
[2026-08-08T02:01:41Z] INFO Coupled DL PDCCH qualification complete: sweep=2/3 slot=4/40 executable_grants=0.
[2026-08-08T02:01:41Z] INFO Preparing coupled DL batches: sweep=2/3 slot=4/40 candidate_grants=0 batch_size=24.
[2026-08-08T02:01:41Z] INFO Coupled UL K2 preschedule deferred: control_slot=44 reason=data_timing_rejected:target_hits_fixed_opposite_direction policy=no_valid_ul_occasion_from_current_dl_control_slot.
[2026-08-08T02:01:41Z] INFO Coupled UL queued grant lookup complete: sweep=2/3 slot=4/40 due_grants=0 pending_grants=0.
[2026-08-08T02:01:41Z] INFO Coupled canonical slot prepared: sweep=2/3 slot=5/40 duplex=UL allow_dl=0 allow_ul=1.
[2026-08-08T02:01:41Z] INFO Starting coupled pre-scheduling control gating for slot 45/120 with 4 UEs.
[2026-08-08T02:01:42Z] INFO Coupled control gating progress for slot 45/120: UE 1/4, PBCH=0 PRACH=0 SRS=0 TRS=0.
[2026-08-08T02:01:42Z] INFO Coupled control gating progress for slot 45/120: UE 2/4, PBCH=0 PRACH=0 SRS=0 TRS=0.
[2026-08-08T02:01:42Z] INFO Coupled control gating progress for slot 45/120: UE 3/4, PBCH=0 PRACH=0 SRS=0 TRS=0.
[2026-08-08T02:01:42Z] INFO Coupled control gating progress for slot 45/120: UE 4/4, PBCH=0 PRACH=0 SRS=0 TRS=0.
[2026-08-08T02:01:42Z] INFO Coupled control gating complete: slot=45 frame=3 pbch_attempts=0 prach_attempts=0 srs_attempts=0 trs_attempts=0 acquired=4/4 access=0/4 valid_srs=0/4 valid_trs_cells=1/1 tracked_serving_users=4/4 eligible=0/4.
[2026-08-08T02:01:42Z] INFO Coupled control gating complete for slot 45/120: acquired=4/4 access=0/4 valid_srs=0/4 valid_trs_cells=1/1 tracked_serving_users=4/4 eligible=0/4.
[2026-08-08T02:01:43Z] INFO UL coupled publish: operating_point 2/3 configured_label_snr_dB=0.000 ue=0/4 dlDirectionalFrames=0/40 ulDirectionalFrames=0/40 dlRows=0 ulRows=0.
[2026-08-08T02:01:43Z] INFO Coupled UL queued grant lookup complete: sweep=2/3 slot=5/40 due_grants=0 pending_grants=0.
[2026-08-08T02:01:43Z] INFO Coupled canonical slot prepared: sweep=2/3 slot=6/40 duplex=DL allow_dl=1 allow_ul=0.
[2026-08-08T02:01:43Z] INFO Starting coupled pre-scheduling control gating for slot 46/120 with 4 UEs.
[2026-08-08T02:01:43Z] INFO Coupled control gating progress for slot 46/120: UE 1/4, PBCH=0 PRACH=0 SRS=0 TRS=0.
[2026-08-08T02:01:43Z] INFO Coupled control gating progress for slot 46/120: UE 2/4, PBCH=0 PRACH=0 SRS=0 TRS=0.
[2026-08-08T02:01:43Z] INFO Coupled control gating progress for slot 46/120: UE 3/4, PBCH=0 PRACH=0 SRS=0 TRS=0.
[2026-08-08T02:01:43Z] INFO Coupled control gating progress for slot 46/120: UE 4/4, PBCH=0 PRACH=0 SRS=0 TRS=0.
[2026-08-08T02:01:44Z] INFO Coupled control gating complete: slot=46 frame=3 pbch_attempts=0 prach_attempts=0 srs_attempts=0 trs_attempts=0 acquired=4/4 access=0/4 valid_srs=0/4 valid_trs_cells=1/1 tracked_serving_users=4/4 eligible=0/4.
[2026-08-08T02:01:44Z] INFO Coupled control gating complete for slot 46/120: acquired=4/4 access=0/4 valid_srs=0/4 valid_trs_cells=1/1 tracked_serving_users=4/4 eligible=0/4.
[2026-08-08T02:01:44Z] INFO DL coupled publish: operating_point 2/3 configured_label_snr_dB=0.000 ue=0/4 dlDirectionalFrames=0/40 ulDirectionalFrames=0/40 dlRows=0 ulRows=0.
[2026-08-08T02:01:44Z] INFO Coupled DL schedule complete: sweep=2/3 slot=6/40 active=0 granted=0 grants=0.
[2026-08-08T02:01:44Z] INFO Coupled DL PDCCH qualification complete: sweep=2/3 slot=6/40 executable_grants=0.
[2026-08-08T02:01:44Z] INFO Preparing coupled DL batches: sweep=2/3 slot=6/40 candidate_grants=0 batch_size=24.
[2026-08-08T02:01:44Z] INFO Coupled UL K2 preschedule complete: control_slot=46 due_slot=50 k2=4 active=0 granted=0 grants=0.
[2026-08-08T02:01:44Z] INFO Coupled canonical slot prepared: sweep=2/3 slot=7/40 duplex=DL allow_dl=1 allow_ul=0.
[2026-08-08T02:01:44Z] INFO Starting coupled pre-scheduling control gating for slot 47/120 with 4 UEs.
[2026-08-08T02:01:44Z] INFO Coupled control gating progress for slot 47/120: UE 1/4, PBCH=0 PRACH=0 SRS=0 TRS=0.
[2026-08-08T02:01:44Z] INFO Coupled control gating progress for slot 47/120: UE 2/4, PBCH=0 PRACH=0 SRS=0 TRS=0.
[2026-08-08T02:01:45Z] INFO Coupled control gating progress for slot 47/120: UE 3/4, PBCH=0 PRACH=0 SRS=0 TRS=0.
[2026-08-08T02:01:45Z] INFO Coupled control gating progress for slot 47/120: UE 4/4, PBCH=0 PRACH=0 SRS=0 TRS=0.
[2026-08-08T02:01:45Z] INFO Coupled control gating complete: slot=47 frame=3 pbch_attempts=0 prach_attempts=0 srs_attempts=0 trs_attempts=0 acquired=4/4 access=0/4 valid_srs=0/4 valid_trs_cells=1/1 tracked_serving_users=4/4 eligible=0/4.
[2026-08-08T02:01:45Z] INFO Coupled control gating complete for slot 47/120: acquired=4/4 access=0/4 valid_srs=0/4 valid_trs_cells=1/1 tracked_serving_users=4/4 eligible=0/4.
[2026-08-08T02:01:45Z] INFO DL coupled publish: operating_point 2/3 configured_label_snr_dB=0.000 ue=0/4 dlDirectionalFrames=0/40 ulDirectionalFrames=0/40 dlRows=0 ulRows=0.
[2026-08-08T02:01:45Z] INFO Coupled DL schedule complete: sweep=2/3 slot=7/40 active=0 granted=0 grants=0.
[2026-08-08T02:01:45Z] INFO Coupled DL PDCCH qualification complete: sweep=2/3 slot=7/40 executable_grants=0.
[2026-08-08T02:01:45Z] INFO Preparing coupled DL batches: sweep=2/3 slot=7/40 candidate_grants=0 batch_size=24.
[2026-08-08T02:01:45Z] INFO Coupled UL K2 preschedule deferred: control_slot=47 reason=data_timing_rejected:target_hits_fixed_opposite_direction policy=no_valid_ul_occasion_from_current_dl_control_slot.
[2026-08-08T02:01:45Z] INFO Coupled canonical slot prepared: sweep=2/3 slot=8/40 duplex=DL allow_dl=1 allow_ul=0.
[2026-08-08T02:01:45Z] INFO Starting coupled pre-scheduling control gating for slot 48/120 with 4 UEs.
[2026-08-08T02:01:46Z] INFO Coupled control gating progress for slot 48/120: UE 1/4, PBCH=0 PRACH=0 SRS=0 TRS=0.
[2026-08-08T02:01:46Z] INFO Coupled control gating progress for slot 48/120: UE 2/4, PBCH=0 PRACH=0 SRS=0 TRS=0.
[2026-08-08T02:01:46Z] INFO Coupled control gating progress for slot 48/120: UE 3/4, PBCH=0 PRACH=0 SRS=0 TRS=0.
[2026-08-08T02:01:46Z] INFO Coupled control gating progress for slot 48/120: UE 4/4, PBCH=0 PRACH=0 SRS=0 TRS=0.
[2026-08-08T02:01:46Z] INFO Coupled control gating complete: slot=48 frame=3 pbch_attempts=0 prach_attempts=0 srs_attempts=0 trs_attempts=0 acquired=4/4 access=0/4 valid_srs=0/4 valid_trs_cells=1/1 tracked_serving_users=4/4 eligible=0/4.
[2026-08-08T02:01:46Z] INFO Coupled control gating complete for slot 48/120: acquired=4/4 access=0/4 valid_srs=0/4 valid_trs_cells=1/1 tracked_serving_users=4/4 eligible=0/4.
[2026-08-08T02:01:47Z] INFO DL coupled publish: operating_point 2/3 configured_label_snr_dB=0.000 ue=0/4 dlDirectionalFrames=0/40 ulDirectionalFrames=0/40 dlRows=0 ulRows=0.
[2026-08-08T02:01:47Z] INFO Coupled DL schedule complete: sweep=2/3 slot=8/40 active=0 granted=0 grants=0.
[2026-08-08T02:01:47Z] INFO Coupled DL PDCCH qualification complete: sweep=2/3 slot=8/40 executable_grants=0.
[2026-08-08T02:01:47Z] INFO Preparing coupled DL batches: sweep=2/3 slot=8/40 candidate_grants=0 batch_size=24.
[2026-08-08T02:01:47Z] INFO Coupled UL K2 preschedule deferred: control_slot=48 reason=data_timing_rejected:target_hits_fixed_opposite_direction policy=no_valid_ul_occasion_from_current_dl_control_slot.
[2026-08-08T02:01:47Z] INFO Coupled canonical slot prepared: sweep=2/3 slot=9/40 duplex=FLEXIBLE_OR_MIXED allow_dl=1 allow_ul=1.
[2026-08-08T02:01:47Z] INFO Starting coupled pre-scheduling control gating for slot 49/120 with 4 UEs.
[2026-08-08T02:01:47Z] INFO Coupled control gating progress for slot 49/120: UE 1/4, PBCH=0 PRACH=0 SRS=0 TRS=0.
[2026-08-08T02:01:47Z] INFO Coupled control gating progress for slot 49/120: UE 2/4, PBCH=0 PRACH=0 SRS=0 TRS=0.
[2026-08-08T02:01:47Z] INFO Coupled control gating progress for slot 49/120: UE 3/4, PBCH=0 PRACH=0 SRS=0 TRS=0.
[2026-08-08T02:01:48Z] INFO Coupled control gating progress for slot 49/120: UE 4/4, PBCH=0 PRACH=0 SRS=0 TRS=0.
[2026-08-08T02:01:48Z] INFO Coupled control gating complete: slot=49 frame=3 pbch_attempts=0 prach_attempts=0 srs_attempts=0 trs_attempts=0 acquired=4/4 access=0/4 valid_srs=0/4 valid_trs_cells=1/1 tracked_serving_users=4/4 eligible=0/4.
[2026-08-08T02:01:48Z] INFO Coupled control gating complete for slot 49/120: acquired=4/4 access=0/4 valid_srs=0/4 valid_trs_cells=1/1 tracked_serving_users=4/4 eligible=0/4.
[2026-08-08T02:01:48Z] INFO DL coupled publish: operating_point 2/3 configured_label_snr_dB=0.000 ue=0/4 dlDirectionalFrames=0/40 ulDirectionalFrames=0/40 dlRows=0 ulRows=0.
[2026-08-08T02:01:48Z] INFO Coupled DL scheduling deferred: sweep=2/3 slot=9/40 reason=configured_dl_symbol_allocation_not_available_in_tdd_slot policy=no_valid_harq_ack_occasion_from_current_dl_slot.
[2026-08-08T02:01:48Z] INFO Coupled DL schedule complete: sweep=2/3 slot=9/40 active=0 granted=0 grants=0.
[2026-08-08T02:01:48Z] INFO Coupled DL PDCCH qualification complete: sweep=2/3 slot=9/40 executable_grants=0.
[2026-08-08T02:01:48Z] INFO Preparing coupled DL batches: sweep=2/3 slot=9/40 candidate_grants=0 batch_size=24.
[2026-08-08T02:01:48Z] INFO Coupled UL K2 preschedule deferred: control_slot=49 reason=data_timing_rejected:target_hits_fixed_opposite_direction policy=no_valid_ul_occasion_from_current_dl_control_slot.
[2026-08-08T02:01:48Z] INFO Coupled UL queued grant lookup complete: sweep=2/3 slot=9/40 due_grants=0 pending_grants=0.
[2026-08-08T02:01:48Z] INFO Coupled canonical slot prepared: sweep=2/3 slot=10/40 duplex=UL allow_dl=0 allow_ul=1.
[2026-08-08T02:01:48Z] INFO Starting coupled pre-scheduling control gating for slot 50/120 with 4 UEs.
[2026-08-08T02:03:47Z] INFO Coupled PRACH result: slot=50 ue=1 status=PASS crc=1 ra_completed=true strict_ok=true tx_preamble=0 detected_preamble=0 failure=.
[2026-08-08T02:03:47Z] INFO Coupled PRACH RA PDSCH evidence: slot=50 ue=1 msg2_crc=1 msg2_layers=1 msg2_cfg_ports=1 msg2_resolved_ports=1 msg2_explicit_matrix=false msg2_precoding=siso_identity/ra_si_common_procedure_identity msg2_tx_power_dBm=46 msg2_amp_scale=14 msg2_timing_used=false msg2_timing=0 msg2_posteq_sinr_dB=18 msg2_hest_sinr_dB=18 msg2_llr_finite=true msg4_crc=1 msg4_layers=1 msg4_cfg_ports=1 msg4_resolved_ports=1 msg4_tx_power_dBm=46 msg4_amp_scale=14.
[2026-08-08T02:03:48Z] INFO Coupled control gating progress for slot 50/120: UE 1/4, PBCH=0 PRACH=1 SRS=0 TRS=0.
[2026-08-08T02:05:59Z] INFO Coupled PRACH result: slot=50 ue=2 status=PASS crc=1 ra_completed=true strict_ok=true tx_preamble=1 detected_preamble=1 failure=.
[2026-08-08T02:05:59Z] INFO Coupled PRACH RA PDSCH evidence: slot=50 ue=2 msg2_crc=1 msg2_layers=1 msg2_cfg_ports=1 msg2_resolved_ports=1 msg2_explicit_matrix=false msg2_precoding=siso_identity/ra_si_common_procedure_identity msg2_tx_power_dBm=46 msg2_amp_scale=14 msg2_timing_used=false msg2_timing=0 msg2_posteq_sinr_dB=18 msg2_hest_sinr_dB=18 msg2_llr_finite=true msg4_crc=1 msg4_layers=1 msg4_cfg_ports=1 msg4_resolved_ports=1 msg4_tx_power_dBm=46 msg4_amp_scale=14.
[2026-08-08T02:06:00Z] INFO Coupled control gating progress for slot 50/120: UE 2/4, PBCH=0 PRACH=2 SRS=0 TRS=0.
[2026-08-08T02:07:56Z] INFO Coupled PRACH result: slot=50 ue=3 status=PASS crc=1 ra_completed=true strict_ok=true tx_preamble=2 detected_preamble=2 failure=.
[2026-08-08T02:07:56Z] INFO Coupled PRACH RA PDSCH evidence: slot=50 ue=3 msg2_crc=1 msg2_layers=1 msg2_cfg_ports=1 msg2_resolved_ports=1 msg2_explicit_matrix=false msg2_precoding=siso_identity/ra_si_common_procedure_identity msg2_tx_power_dBm=46 msg2_amp_scale=14 msg2_timing_used=false msg2_timing=0 msg2_posteq_sinr_dB=18 msg2_hest_sinr_dB=18 msg2_llr_finite=true msg4_crc=1 msg4_layers=1 msg4_cfg_ports=1 msg4_resolved_ports=1 msg4_tx_power_dBm=46 msg4_amp_scale=14.
[2026-08-08T02:07:56Z] INFO Coupled control gating progress for slot 50/120: UE 3/4, PBCH=0 PRACH=3 SRS=0 TRS=0.
[2026-08-08T02:09:50Z] INFO Coupled PRACH result: slot=50 ue=4 status=PASS crc=1 ra_completed=true strict_ok=true tx_preamble=3 detected_preamble=3 failure=.
[2026-08-08T02:09:50Z] INFO Coupled PRACH RA PDSCH evidence: slot=50 ue=4 msg2_crc=1 msg2_layers=1 msg2_cfg_ports=1 msg2_resolved_ports=1 msg2_explicit_matrix=false msg2_precoding=siso_identity/ra_si_common_procedure_identity msg2_tx_power_dBm=46 msg2_amp_scale=14 msg2_timing_used=false msg2_timing=0 msg2_posteq_sinr_dB=17 msg2_hest_sinr_dB=17 msg2_llr_finite=true msg4_crc=1 msg4_layers=1 msg4_cfg_ports=1 msg4_resolved_ports=1 msg4_tx_power_dBm=46 msg4_amp_scale=14.
[2026-08-08T02:09:50Z] INFO Coupled control gating progress for slot 50/120: UE 4/4, PBCH=0 PRACH=4 SRS=0 TRS=0.
[2026-08-08T02:09:51Z] INFO Coupled control gating complete: slot=50 frame=3 pbch_attempts=0 prach_attempts=4 srs_attempts=0 trs_attempts=0 acquired=4/4 access=4/4 valid_srs=0/4 valid_trs_cells=1/1 tracked_serving_users=4/4 eligible=0/4.
[2026-08-08T02:09:51Z] INFO Coupled control gating complete for slot 50/120: acquired=4/4 access=4/4 valid_srs=0/4 valid_trs_cells=1/1 tracked_serving_users=4/4 eligible=0/4.
[2026-08-08T02:09:51Z] INFO UL coupled publish: operating_point 2/3 configured_label_snr_dB=0.000 ue=0/4 dlDirectionalFrames=0/40 ulDirectionalFrames=0/40 dlRows=0 ulRows=0.
[2026-08-08T02:09:51Z] INFO Coupled UL queued grant lookup complete: sweep=2/3 slot=10/40 due_grants=0 pending_grants=0.
[2026-08-08T02:09:51Z] INFO Coupled canonical slot prepared: sweep=2/3 slot=11/40 duplex=DL allow_dl=1 allow_ul=0.
[2026-08-08T02:09:51Z] INFO Starting coupled pre-scheduling control gating for slot 51/120 with 4 UEs.
[2026-08-08T02:09:52Z] INFO Coupled control gating progress for slot 51/120: UE 1/4, PBCH=0 PRACH=0 SRS=0 TRS=0.
[2026-08-08T02:09:52Z] INFO Coupled control gating progress for slot 51/120: UE 2/4, PBCH=0 PRACH=0 SRS=0 TRS=0.
[2026-08-08T02:09:52Z] INFO Coupled control gating progress for slot 51/120: UE 3/4, PBCH=0 PRACH=0 SRS=0 TRS=0.
[2026-08-08T02:09:52Z] INFO Coupled control gating progress for slot 51/120: UE 4/4, PBCH=0 PRACH=0 SRS=0 TRS=0.
[2026-08-08T02:09:52Z] INFO Coupled control gating complete: slot=51 frame=3 pbch_attempts=0 prach_attempts=0 srs_attempts=0 trs_attempts=0 acquired=4/4 access=4/4 valid_srs=0/4 valid_trs_cells=1/1 tracked_serving_users=4/4 eligible=0/4.
[2026-08-08T02:09:52Z] INFO Coupled control gating complete for slot 51/120: acquired=4/4 access=4/4 valid_srs=0/4 valid_trs_cells=1/1 tracked_serving_users=4/4 eligible=0/4.
[2026-08-08T02:09:53Z] INFO DL coupled publish: operating_point 2/3 configured_label_snr_dB=0.000 ue=0/4 dlDirectionalFrames=0/40 ulDirectionalFrames=0/40 dlRows=0 ulRows=0.
[2026-08-08T02:09:53Z] INFO Coupled DL schedule complete: sweep=2/3 slot=11/40 active=0 granted=0 grants=0.
[2026-08-08T02:09:53Z] INFO Coupled DL PDCCH qualification complete: sweep=2/3 slot=11/40 executable_grants=0.
[2026-08-08T02:09:53Z] INFO Preparing coupled DL batches: sweep=2/3 slot=11/40 candidate_grants=0 batch_size=24.
[2026-08-08T02:09:53Z] INFO Coupled UL K2 preschedule complete: control_slot=51 due_slot=55 k2=4 active=0 granted=0 grants=0.
[2026-08-08T02:09:53Z] INFO Coupled canonical slot prepared: sweep=2/3 slot=12/40 duplex=DL allow_dl=1 allow_ul=0.
[2026-08-08T02:09:53Z] INFO Starting coupled pre-scheduling control gating for slot 52/120 with 4 UEs.
[2026-08-08T02:09:53Z] INFO Coupled control gating progress for slot 52/120: UE 1/4, PBCH=0 PRACH=0 SRS=0 TRS=0.
[2026-08-08T02:09:53Z] INFO Coupled control gating progress for slot 52/120: UE 2/4, PBCH=0 PRACH=0 SRS=0 TRS=0.
[2026-08-08T02:09:53Z] INFO Coupled control gating progress for slot 52/120: UE 3/4, PBCH=0 PRACH=0 SRS=0 TRS=0.
[2026-08-08T02:09:54Z] INFO Coupled control gating progress for slot 52/120: UE 4/4, PBCH=0 PRACH=0 SRS=0 TRS=0.
[2026-08-08T02:09:54Z] INFO Coupled control gating complete: slot=52 frame=3 pbch_attempts=0 prach_attempts=0 srs_attempts=0 trs_attempts=0 acquired=4/4 access=4/4 valid_srs=0/4 valid_trs_cells=1/1 tracked_serving_users=4/4 eligible=0/4.
[2026-08-08T02:09:54Z] INFO Coupled control gating complete for slot 52/120: acquired=4/4 access=4/4 valid_srs=0/4 valid_trs_cells=1/1 tracked_serving_users=4/4 eligible=0/4.
[2026-08-08T02:09:54Z] INFO DL coupled publish: operating_point 2/3 configured_label_snr_dB=0.000 ue=0/4 dlDirectionalFrames=0/40 ulDirectionalFrames=0/40 dlRows=0 ulRows=0.
[2026-08-08T02:09:54Z] INFO Coupled DL schedule complete: sweep=2/3 slot=12/40 active=0 granted=0 grants=0.
[2026-08-08T02:09:54Z] INFO Coupled DL PDCCH qualification complete: sweep=2/3 slot=12/40 executable_grants=0.
[2026-08-08T02:09:54Z] INFO Preparing coupled DL batches: sweep=2/3 slot=12/40 candidate_grants=0 batch_size=24.
[2026-08-08T02:09:54Z] INFO Coupled UL K2 preschedule deferred: control_slot=52 reason=data_timing_rejected:target_hits_fixed_opposite_direction policy=no_valid_ul_occasion_from_current_dl_control_slot.
[2026-08-08T02:09:55Z] INFO Coupled canonical slot prepared: sweep=2/3 slot=13/40 duplex=DL allow_dl=1 allow_ul=0.
[2026-08-08T02:09:55Z] INFO Starting coupled pre-scheduling control gating for slot 53/120 with 4 UEs.
[2026-08-08T02:09:55Z] INFO Coupled control gating progress for slot 53/120: UE 1/4, PBCH=0 PRACH=0 SRS=0 TRS=0.
[2026-08-08T02:09:55Z] INFO Coupled control gating progress for slot 53/120: UE 2/4, PBCH=0 PRACH=0 SRS=0 TRS=0.
[2026-08-08T02:09:55Z] INFO Coupled control gating progress for slot 53/120: UE 3/4, PBCH=0 PRACH=0 SRS=0 TRS=0.
[2026-08-08T02:09:56Z] INFO Coupled control gating progress for slot 53/120: UE 4/4, PBCH=0 PRACH=0 SRS=0 TRS=0.
[2026-08-08T02:09:56Z] INFO Coupled control gating complete: slot=53 frame=3 pbch_attempts=0 prach_attempts=0 srs_attempts=0 trs_attempts=0 acquired=4/4 access=4/4 valid_srs=0/4 valid_trs_cells=1/1 tracked_serving_users=4/4 eligible=0/4.
[2026-08-08T02:09:56Z] INFO Coupled control gating complete for slot 53/120: acquired=4/4 access=4/4 valid_srs=0/4 valid_trs_cells=1/1 tracked_serving_users=4/4 eligible=0/4.
[2026-08-08T02:09:56Z] INFO DL coupled publish: operating_point 2/3 configured_label_snr_dB=0.000 ue=0/4 dlDirectionalFrames=0/40 ulDirectionalFrames=0/40 dlRows=0 ulRows=0.
[2026-08-08T02:09:56Z] INFO Coupled DL schedule complete: sweep=2/3 slot=13/40 active=0 granted=0 grants=0.
[2026-08-08T02:09:56Z] INFO Coupled DL PDCCH qualification complete: sweep=2/3 slot=13/40 executable_grants=0.
[2026-08-08T02:09:56Z] INFO Preparing coupled DL batches: sweep=2/3 slot=13/40 candidate_grants=0 batch_size=24.
[2026-08-08T02:09:56Z] INFO Coupled UL K2 preschedule deferred: control_slot=53 reason=data_timing_rejected:target_hits_fixed_opposite_direction policy=no_valid_ul_occasion_from_current_dl_control_slot.
[2026-08-08T02:09:56Z] INFO Coupled canonical slot prepared: sweep=2/3 slot=14/40 duplex=FLEXIBLE_OR_MIXED allow_dl=1 allow_ul=1.
[2026-08-08T02:09:56Z] INFO Starting coupled pre-scheduling control gating for slot 54/120 with 4 UEs.
[2026-08-08T02:09:57Z] INFO Coupled control gating progress for slot 54/120: UE 1/4, PBCH=0 PRACH=0 SRS=0 TRS=0.
[2026-08-08T02:09:57Z] INFO Coupled control gating progress for slot 54/120: UE 2/4, PBCH=0 PRACH=0 SRS=0 TRS=0.
[2026-08-08T02:09:57Z] INFO Coupled control gating progress for slot 54/120: UE 3/4, PBCH=0 PRACH=0 SRS=0 TRS=0.
[2026-08-08T02:09:57Z] INFO Coupled control gating progress for slot 54/120: UE 4/4, PBCH=0 PRACH=0 SRS=0 TRS=0.
[2026-08-08T02:09:58Z] INFO Coupled control gating complete: slot=54 frame=3 pbch_attempts=0 prach_attempts=0 srs_attempts=0 trs_attempts=0 acquired=4/4 access=4/4 valid_srs=0/4 valid_trs_cells=1/1 tracked_serving_users=4/4 eligible=0/4.
[2026-08-08T02:09:58Z] INFO Coupled control gating complete for slot 54/120: acquired=4/4 access=4/4 valid_srs=0/4 valid_trs_cells=1/1 tracked_serving_users=4/4 eligible=0/4.
[2026-08-08T02:09:58Z] INFO DL coupled publish: operating_point 2/3 configured_label_snr_dB=0.000 ue=0/4 dlDirectionalFrames=0/40 ulDirectionalFrames=0/40 dlRows=0 ulRows=0.
[2026-08-08T02:09:58Z] INFO Coupled DL scheduling deferred: sweep=2/3 slot=14/40 reason=configured_dl_symbol_allocation_not_available_in_tdd_slot policy=no_valid_harq_ack_occasion_from_current_dl_slot.
[2026-08-08T02:09:58Z] INFO Coupled DL schedule complete: sweep=2/3 slot=14/40 active=0 granted=0 grants=0.
[2026-08-08T02:09:58Z] INFO Coupled DL PDCCH qualification complete: sweep=2/3 slot=14/40 executable_grants=0.
[2026-08-08T02:09:58Z] INFO Preparing coupled DL batches: sweep=2/3 slot=14/40 candidate_grants=0 batch_size=24.
[2026-08-08T02:09:58Z] INFO Coupled UL K2 preschedule deferred: control_slot=54 reason=data_timing_rejected:target_hits_fixed_opposite_direction policy=no_valid_ul_occasion_from_current_dl_control_slot.
[2026-08-08T02:09:58Z] INFO Coupled UL queued grant lookup complete: sweep=2/3 slot=14/40 due_grants=0 pending_grants=0.
[2026-08-08T02:09:58Z] INFO Coupled canonical slot prepared: sweep=2/3 slot=15/40 duplex=UL allow_dl=0 allow_ul=1.
[2026-08-08T02:09:58Z] INFO Starting coupled pre-scheduling control gating for slot 55/120 with 4 UEs.
[2026-08-08T02:10:34Z] INFO Coupled control gating progress for slot 55/120: UE 1/4, PBCH=0 PRACH=0 SRS=1 TRS=0.
[2026-08-08T02:11:01Z] INFO Coupled control gating progress for slot 55/120: UE 2/4, PBCH=0 PRACH=0 SRS=2 TRS=0.
[2026-08-08T02:11:31Z] INFO Coupled control gating progress for slot 55/120: UE 3/4, PBCH=0 PRACH=0 SRS=3 TRS=0.
[2026-08-08T02:12:02Z] INFO Coupled control gating progress for slot 55/120: UE 4/4, PBCH=0 PRACH=0 SRS=4 TRS=0.
[2026-08-08T02:12:02Z] INFO Coupled control gating complete: slot=55 frame=3 pbch_attempts=0 prach_attempts=0 srs_attempts=4 trs_attempts=0 acquired=4/4 access=4/4 valid_srs=4/4 valid_trs_cells=1/1 tracked_serving_users=4/4 eligible=4/4.
[2026-08-08T02:12:02Z] INFO Coupled control gating complete for slot 55/120: acquired=4/4 access=4/4 valid_srs=4/4 valid_trs_cells=1/1 tracked_serving_users=4/4 eligible=4/4.
[2026-08-08T02:12:03Z] INFO UL coupled publish: operating_point 2/3 configured_label_snr_dB=0.000 ue=0/4 dlDirectionalFrames=0/40 ulDirectionalFrames=0/40 dlRows=0 ulRows=0.
[2026-08-08T02:12:03Z] INFO Coupled UL queued grant lookup complete: sweep=2/3 slot=15/40 due_grants=0 pending_grants=0.
[2026-08-08T02:12:03Z] INFO Coupled canonical slot prepared: sweep=2/3 slot=16/40 duplex=DL allow_dl=1 allow_ul=0.
[2026-08-08T02:12:03Z] INFO Starting coupled pre-scheduling control gating for slot 56/120 with 4 UEs.
[2026-08-08T02:12:03Z] INFO Coupled control gating progress for slot 56/120: UE 1/4, PBCH=0 PRACH=0 SRS=0 TRS=0.
[2026-08-08T02:12:03Z] INFO Coupled control gating progress for slot 56/120: UE 2/4, PBCH=0 PRACH=0 SRS=0 TRS=0.
[2026-08-08T02:12:03Z] INFO Coupled control gating progress for slot 56/120: UE 3/4, PBCH=0 PRACH=0 SRS=0 TRS=0.
[2026-08-08T02:12:04Z] INFO Coupled control gating progress for slot 56/120: UE 4/4, PBCH=0 PRACH=0 SRS=0 TRS=0.
[2026-08-08T02:12:04Z] INFO Coupled control gating complete: slot=56 frame=3 pbch_attempts=0 prach_attempts=0 srs_attempts=0 trs_attempts=0 acquired=4/4 access=4/4 valid_srs=4/4 valid_trs_cells=1/1 tracked_serving_users=4/4 eligible=4/4.
[2026-08-08T02:12:04Z] INFO Coupled control gating complete for slot 56/120: acquired=4/4 access=4/4 valid_srs=4/4 valid_trs_cells=1/1 tracked_serving_users=4/4 eligible=4/4.
[2026-08-08T02:12:04Z] INFO DL coupled publish: operating_point 2/3 configured_label_snr_dB=0.000 ue=0/4 dlDirectionalFrames=0/40 ulDirectionalFrames=0/40 dlRows=0 ulRows=0.
[2026-08-08T02:12:13Z] INFO Coupled DL schedule complete: sweep=2/3 slot=16/40 active=4 granted=2 grants=2.
[2026-08-08T02:12:17Z] INFO Coupled DL PDCCH grant binding: ue=1 required=1 ok=1 status=bound failure= dci=f5f5689b6bbcd77c8e6a12ea6ce7983e2c4000217ed157a128cc71cec1dbbd6f grant_ss=1 observed_ss=1 bound_ss=1 grant_coreset=0 observed_coreset=0 bound_coreset=0.
[2026-08-08T02:12:20Z] INFO Coupled DL PDCCH grant binding: ue=2 required=1 ok=1 status=bound failure= dci=f5f5689b6bbcd77c8e6a12ea6ce7983e2c4000217ed157a128cc71cec1dbbd6f grant_ss=1 observed_ss=1 bound_ss=1 grant_coreset=0 observed_coreset=0 bound_coreset=0.
[2026-08-08T02:12:20Z] INFO Coupled DL PDCCH qualification complete: sweep=2/3 slot=16/40 executable_grants=2.
[2026-08-08T02:12:20Z] INFO Preparing coupled DL batches: sweep=2/3 slot=16/40 candidate_grants=2 batch_size=24.
[2026-08-08T02:12:20Z] INFO Preparing coupled DL resolved grant cache: candidate_grants=2.
[2026-08-08T02:13:33Z] INFO Prepared coupled DL resolved grant cache entries: 2/2.
[2026-08-08T02:14:41Z] INFO Prepared coupled DL resolved grant cache complete: entries=2 elapsed_s=140.068.
[2026-08-08T02:14:42Z] INFO Prepared coupled DL chunk: sweep=2/3 slot=16/40 executable_plans=2 chunk=1-2 of 2.
[2026-08-08T02:14:42Z] INFO Executing coupled DL chunk: sweep=2/3 slot=16/40 chunk=1-2 of 2.
[2026-08-08T02:14:43Z] INFO Executing coupled DL grant chunk serially: plans=2 reason=parallel_safety_or_pool_unavailable.
[2026-08-08T02:17:57Z] INFO Publishing coupled DL chunk results: sweep=2/3 slot=16/40 committed_rows=2 current_primary_rows=2.
[2026-08-08T02:17:58Z] INFO DL coupled publish: operating_point 2/3 configured_label_snr_dB=0.000 ue=2/4 dlDirectionalFrames=3/40 ulDirectionalFrames=0/40 dlRows=2 ulRows=0.
[2026-08-08T02:18:02Z] INFO Coupled UL K2 preschedule complete: control_slot=56 due_slot=60 k2=4 active=4 granted=2 grants=2.
[2026-08-08T02:18:25Z] INFO Coupled UL PDCCH grant binding: ue=1 required=1 ok=1 status=bound failure= dci=d79fe85a3225d27c01aefe3c1882cc939f607a77d2b40238eb7cdf074a171420 grant_ss=1 observed_ss=1 bound_ss=1 grant_coreset=0 observed_coreset=0 bound_coreset=0.
[2026-08-08T02:18:51Z] INFO Coupled UL PDCCH grant binding: ue=2 required=1 ok=1 status=bound failure= dci=d79fe85a3225d27c01aefe3c1882cc939f607a77d2b40238eb7cdf074a171420 grant_ss=1 observed_ss=1 bound_ss=1 grant_coreset=0 observed_coreset=0 bound_coreset=0.
[2026-08-08T02:18:51Z] INFO Queued coupled UL grants after K2 PDCCH qualification: control_slot=56 due_slot=60 executable_grants=2 pending_total=2.
[2026-08-08T02:18:52Z] INFO Coupled canonical slot prepared: sweep=2/3 slot=17/40 duplex=DL allow_dl=1 allow_ul=0.
[2026-08-08T02:18:52Z] INFO Starting coupled pre-scheduling control gating for slot 57/120 with 4 UEs.
[2026-08-08T02:18:52Z] INFO Coupled control gating progress for slot 57/120: UE 1/4, PBCH=0 PRACH=0 SRS=0 TRS=0.
[2026-08-08T02:18:52Z] INFO Coupled control gating progress for slot 57/120: UE 2/4, PBCH=0 PRACH=0 SRS=0 TRS=0.
[2026-08-08T02:18:53Z] INFO Coupled control gating progress for slot 57/120: UE 3/4, PBCH=0 PRACH=0 SRS=0 TRS=0.
[2026-08-08T02:18:53Z] INFO Coupled control gating progress for slot 57/120: UE 4/4, PBCH=0 PRACH=0 SRS=0 TRS=0.
[2026-08-08T02:18:53Z] INFO Coupled control gating complete: slot=57 frame=3 pbch_attempts=0 prach_attempts=0 srs_attempts=0 trs_attempts=0 acquired=4/4 access=4/4 valid_srs=4/4 valid_trs_cells=1/1 tracked_serving_users=4/4 eligible=4/4.
[2026-08-08T02:18:53Z] INFO Coupled control gating complete for slot 57/120: acquired=4/4 access=4/4 valid_srs=4/4 valid_trs_cells=1/1 tracked_serving_users=4/4 eligible=4/4.
[2026-08-08T02:18:54Z] INFO DL coupled publish: operating_point 2/3 configured_label_snr_dB=0.000 ue=0/4 dlDirectionalFrames=3/40 ulDirectionalFrames=0/40 dlRows=2 ulRows=0.
[2026-08-08T02:18:56Z] INFO Coupled DL schedule complete: sweep=2/3 slot=17/40 active=4 granted=2 grants=2.
[2026-08-08T02:18:59Z] INFO Coupled DL PDCCH grant binding: ue=3 required=1 ok=1 status=bound failure= dci=2114e040b1ab44bab1c8ba294adfd0962d9d0be18d872be8fbecf91fd90f7239 grant_ss=1 observed_ss=1 bound_ss=1 grant_coreset=0 observed_coreset=0 bound_coreset=0.
[2026-08-08T02:19:02Z] INFO Coupled DL PDCCH grant binding: ue=4 required=1 ok=1 status=bound failure= dci=2114e040b1ab44bab1c8ba294adfd0962d9d0be18d872be8fbecf91fd90f7239 grant_ss=1 observed_ss=1 bound_ss=1 grant_coreset=0 observed_coreset=0 bound_coreset=0.
[2026-08-08T02:19:02Z] INFO Coupled DL PDCCH qualification complete: sweep=2/3 slot=17/40 executable_grants=2.
[2026-08-08T02:19:02Z] INFO Preparing coupled DL batches: sweep=2/3 slot=17/40 candidate_grants=2 batch_size=24.
[2026-08-08T02:19:02Z] INFO Preparing coupled DL resolved grant cache: candidate_grants=2.
[2026-08-08T02:20:09Z] INFO Prepared coupled DL resolved grant cache entries: 2/2.
[2026-08-08T02:21:17Z] INFO Prepared coupled DL resolved grant cache complete: entries=2 elapsed_s=134.776.
[2026-08-08T02:21:18Z] INFO Prepared coupled DL chunk: sweep=2/3 slot=17/40 executable_plans=2 chunk=1-2 of 2.
[2026-08-08T02:21:18Z] INFO Executing coupled DL chunk: sweep=2/3 slot=17/40 chunk=1-2 of 2.
[2026-08-08T02:21:18Z] INFO Executing coupled DL grant chunk serially: plans=2 reason=parallel_safety_or_pool_unavailable.
[2026-08-08T02:24:26Z] INFO Publishing coupled DL chunk results: sweep=2/3 slot=17/40 committed_rows=2 current_primary_rows=4.
[2026-08-08T02:24:27Z] INFO DL coupled publish: operating_point 2/3 configured_label_snr_dB=0.000 ue=4/4 dlDirectionalFrames=3/40 ulDirectionalFrames=0/40 dlRows=4 ulRows=0.
[2026-08-08T02:24:27Z] INFO Coupled UL K2 preschedule deferred: control_slot=57 reason=data_timing_rejected:target_hits_fixed_opposite_direction policy=no_valid_ul_occasion_from_current_dl_control_slot.
[2026-08-08T02:24:27Z] INFO Coupled canonical slot prepared: sweep=2/3 slot=18/40 duplex=DL allow_dl=1 allow_ul=0.
[2026-08-08T02:24:27Z] INFO Starting coupled pre-scheduling control gating for slot 58/120 with 4 UEs.
[2026-08-08T02:24:27Z] INFO Coupled control gating progress for slot 58/120: UE 1/4, PBCH=0 PRACH=0 SRS=0 TRS=0.
[2026-08-08T02:24:28Z] INFO Coupled control gating progress for slot 58/120: UE 2/4, PBCH=0 PRACH=0 SRS=0 TRS=0.
[2026-08-08T02:24:28Z] INFO Coupled control gating progress for slot 58/120: UE 3/4, PBCH=0 PRACH=0 SRS=0 TRS=0.
[2026-08-08T02:24:28Z] INFO Coupled control gating progress for slot 58/120: UE 4/4, PBCH=0 PRACH=0 SRS=0 TRS=0.
[2026-08-08T02:24:28Z] INFO Coupled control gating complete: slot=58 frame=3 pbch_attempts=0 prach_attempts=0 srs_attempts=0 trs_attempts=0 acquired=4/4 access=4/4 valid_srs=4/4 valid_trs_cells=1/1 tracked_serving_users=4/4 eligible=4/4.
[2026-08-08T02:24:28Z] INFO Coupled control gating complete for slot 58/120: acquired=4/4 access=4/4 valid_srs=4/4 valid_trs_cells=1/1 tracked_serving_users=4/4 eligible=4/4.
[2026-08-08T02:24:28Z] INFO DL coupled publish: operating_point 2/3 configured_label_snr_dB=0.000 ue=0/4 dlDirectionalFrames=3/40 ulDirectionalFrames=0/40 dlRows=4 ulRows=0.
[2026-08-08T02:24:30Z] INFO Coupled DL schedule complete: sweep=2/3 slot=18/40 active=4 granted=2 grants=2.
[2026-08-08T02:24:33Z] INFO Coupled DL PDCCH grant binding: ue=1 required=1 ok=1 status=bound failure= dci=95bb36a1f20da1f92b761cc6d636ddc657706e2cb13fe2532828b47d69c5b07a grant_ss=1 observed_ss=1 bound_ss=1 grant_coreset=0 observed_coreset=0 bound_coreset=0.
[2026-08-08T02:24:35Z] INFO Coupled DL PDCCH grant binding: ue=2 required=1 ok=1 status=bound failure= dci=95bb36a1f20da1f92b761cc6d636ddc657706e2cb13fe2532828b47d69c5b07a grant_ss=1 observed_ss=1 bound_ss=1 grant_coreset=0 observed_coreset=0 bound_coreset=0.
[2026-08-08T02:24:35Z] INFO Coupled DL PDCCH qualification complete: sweep=2/3 slot=18/40 executable_grants=2.
[2026-08-08T02:24:35Z] INFO Preparing coupled DL batches: sweep=2/3 slot=18/40 candidate_grants=2 batch_size=24.
[2026-08-08T02:24:35Z] INFO Preparing coupled DL resolved grant cache: candidate_grants=2.
[2026-08-08T02:25:39Z] INFO Prepared coupled DL resolved grant cache entries: 2/2.
[2026-08-08T02:26:40Z] INFO Prepared coupled DL resolved grant cache complete: entries=2 elapsed_s=125.114.
[2026-08-08T02:26:41Z] INFO Prepared coupled DL chunk: sweep=2/3 slot=18/40 executable_plans=2 chunk=1-2 of 2.
[2026-08-08T02:26:41Z] INFO Executing coupled DL chunk: sweep=2/3 slot=18/40 chunk=1-2 of 2.
[2026-08-08T02:26:41Z] INFO Executing coupled DL grant chunk serially: plans=2 reason=parallel_safety_or_pool_unavailable.
[2026-08-08T02:29:04Z] INFO Publishing coupled DL chunk results: sweep=2/3 slot=18/40 committed_rows=2 current_primary_rows=6.
[2026-08-08T02:29:05Z] INFO DL coupled publish: operating_point 2/3 configured_label_snr_dB=0.000 ue=2/4 dlDirectionalFrames=3/40 ulDirectionalFrames=0/40 dlRows=6 ulRows=0.
[2026-08-08T02:29:05Z] INFO Coupled UL K2 preschedule deferred: control_slot=58 reason=data_timing_rejected:target_hits_fixed_opposite_direction policy=no_valid_ul_occasion_from_current_dl_control_slot.
[2026-08-08T02:29:05Z] INFO Coupled canonical slot prepared: sweep=2/3 slot=19/40 duplex=FLEXIBLE_OR_MIXED allow_dl=1 allow_ul=1.
[2026-08-08T02:29:13Z] INFO Starting coupled pre-scheduling control gating for slot 59/120 with 4 UEs.
[2026-08-08T02:29:13Z] INFO Coupled control gating progress for slot 59/120: UE 1/4, PBCH=0 PRACH=0 SRS=0 TRS=0.
[2026-08-08T02:29:14Z] INFO Coupled control gating progress for slot 59/120: UE 2/4, PBCH=0 PRACH=0 SRS=0 TRS=0.
[2026-08-08T02:29:14Z] INFO Coupled control gating progress for slot 59/120: UE 3/4, PBCH=0 PRACH=0 SRS=0 TRS=0.
[2026-08-08T02:29:14Z] INFO Coupled control gating progress for slot 59/120: UE 4/4, PBCH=0 PRACH=0 SRS=0 TRS=0.
[2026-08-08T02:29:14Z] INFO Coupled control gating complete: slot=59 frame=3 pbch_attempts=0 prach_attempts=0 srs_attempts=0 trs_attempts=0 acquired=4/4 access=4/4 valid_srs=4/4 valid_trs_cells=1/1 tracked_serving_users=4/4 eligible=4/4.
[2026-08-08T02:29:14Z] INFO Coupled control gating complete for slot 59/120: acquired=4/4 access=4/4 valid_srs=4/4 valid_trs_cells=1/1 tracked_serving_users=4/4 eligible=4/4.
[2026-08-08T02:29:15Z] INFO DL coupled publish: operating_point 2/3 configured_label_snr_dB=0.000 ue=0/4 dlDirectionalFrames=3/40 ulDirectionalFrames=0/40 dlRows=6 ulRows=0.
[2026-08-08T02:29:15Z] INFO Coupled DL scheduling deferred: sweep=2/3 slot=19/40 reason=configured_dl_symbol_allocation_not_available_in_tdd_slot policy=no_valid_harq_ack_occasion_from_current_dl_slot.
[2026-08-08T02:29:15Z] INFO Coupled DL schedule complete: sweep=2/3 slot=19/40 active=0 granted=0 grants=0.
[2026-08-08T02:29:15Z] INFO Coupled DL PDCCH qualification complete: sweep=2/3 slot=19/40 executable_grants=0.
[2026-08-08T02:29:15Z] INFO Preparing coupled DL batches: sweep=2/3 slot=19/40 candidate_grants=0 batch_size=24.
[2026-08-08T02:29:15Z] INFO Coupled UL K2 preschedule deferred: control_slot=59 reason=data_timing_rejected:target_hits_fixed_opposite_direction policy=no_valid_ul_occasion_from_current_dl_control_slot.
[2026-08-08T02:29:15Z] INFO Coupled UL queued grant lookup complete: sweep=2/3 slot=19/40 due_grants=0 pending_grants=2.
[2026-08-08T02:29:15Z] INFO Coupled canonical slot prepared: sweep=2/3 slot=20/40 duplex=UL allow_dl=0 allow_ul=1.
[2026-08-08T02:29:15Z] INFO Starting coupled pre-scheduling control gating for slot 60/120 with 4 UEs.
[2026-08-08T02:29:16Z] INFO Coupled control gating progress for slot 60/120: UE 1/4, PBCH=0 PRACH=0 SRS=0 TRS=0.
[2026-08-08T02:29:16Z] INFO Coupled control gating progress for slot 60/120: UE 2/4, PBCH=0 PRACH=0 SRS=0 TRS=0.
[2026-08-08T02:29:16Z] INFO Coupled control gating progress for slot 60/120: UE 3/4, PBCH=0 PRACH=0 SRS=0 TRS=0.
[2026-08-08T02:29:16Z] INFO Coupled control gating progress for slot 60/120: UE 4/4, PBCH=0 PRACH=0 SRS=0 TRS=0.
[2026-08-08T02:29:16Z] INFO Coupled control gating complete: slot=60 frame=3 pbch_attempts=0 prach_attempts=0 srs_attempts=0 trs_attempts=0 acquired=4/4 access=4/4 valid_srs=4/4 valid_trs_cells=1/1 tracked_serving_users=4/4 eligible=4/4.
[2026-08-08T02:29:16Z] INFO Coupled control gating complete for slot 60/120: acquired=4/4 access=4/4 valid_srs=4/4 valid_trs_cells=1/1 tracked_serving_users=4/4 eligible=4/4.
[2026-08-08T02:29:17Z] INFO UL coupled publish: operating_point 2/3 configured_label_snr_dB=0.000 ue=0/4 dlDirectionalFrames=3/40 ulDirectionalFrames=0/40 dlRows=6 ulRows=0.
[2026-08-08T02:29:17Z] INFO Coupled UL queued grant lookup complete: sweep=2/3 slot=20/40 due_grants=2 pending_grants=0.
[2026-08-08T02:29:17Z] INFO Preparing coupled UL batches: sweep=2/3 slot=20/40 candidate_grants=2 batch_size=24.
[2026-08-08T02:29:17Z] INFO Preparing coupled UL resolved grant cache: candidate_grants=2.
[2026-08-08T02:29:23Z] INFO Prepared coupled UL resolved grant cache entries: 2/2.
[2026-08-08T02:29:23Z] INFO Prepared coupled UL resolved grant cache complete: entries=2 elapsed_s=6.792.
[2026-08-08T02:29:24Z] INFO Prepared coupled UL chunk: sweep=2/3 slot=20/40 executable_plans=2 chunk=1-2 of 2.
[2026-08-08T02:29:24Z] INFO Executing coupled UL chunk: sweep=2/3 slot=20/40 chunk=1-2 of 2.
[2026-08-08T02:29:24Z] INFO Executing coupled UL grant chunk serially: plans=2 reason=parallel_safety_or_pool_unavailable.
[2026-08-08T02:30:22Z] INFO Publishing coupled UL chunk results: sweep=2/3 slot=20/40 committed_rows=2 current_primary_rows=2.
[2026-08-08T02:30:37Z] INFO UL heavy live artifact refresh: reason=post_grant_chunk slot=20/40 interval=20.
[2026-08-08T02:30:38Z] INFO UL coupled publish: operating_point 2/3 configured_label_snr_dB=0.000 ue=2/4 dlDirectionalFrames=3/40 ulDirectionalFrames=3/40 dlRows=6 ulRows=2.
[2026-08-08T02:30:38Z] INFO Coupled canonical slot prepared: sweep=2/3 slot=21/40 duplex=DL allow_dl=1 allow_ul=0.
[2026-08-08T02:30:38Z] INFO Starting coupled pre-scheduling control gating for slot 61/120 with 4 UEs.
[2026-08-08T02:30:42Z] INFO Coupled control gating progress for slot 61/120: UE 1/4, PBCH=0 PRACH=0 SRS=0 TRS=1.
[2026-08-08T02:30:42Z] INFO Coupled control gating progress for slot 61/120: UE 2/4, PBCH=0 PRACH=0 SRS=0 TRS=1.
[2026-08-08T02:30:42Z] INFO Coupled control gating progress for slot 61/120: UE 3/4, PBCH=0 PRACH=0 SRS=0 TRS=1.
[2026-08-08T02:30:43Z] INFO Coupled control gating progress for slot 61/120: UE 4/4, PBCH=0 PRACH=0 SRS=0 TRS=1.
[2026-08-08T02:30:43Z] INFO Coupled control gating complete: slot=61 frame=4 pbch_attempts=0 prach_attempts=0 srs_attempts=0 trs_attempts=1 acquired=4/4 access=4/4 valid_srs=4/4 valid_trs_cells=1/1 tracked_serving_users=4/4 eligible=4/4.
[2026-08-08T02:30:43Z] INFO Coupled control gating complete for slot 61/120: acquired=4/4 access=4/4 valid_srs=4/4 valid_trs_cells=1/1 tracked_serving_users=4/4 eligible=4/4.
[2026-08-08T02:30:43Z] INFO DL coupled publish: operating_point 2/3 configured_label_snr_dB=0.000 ue=0/4 dlDirectionalFrames=3/40 ulDirectionalFrames=3/40 dlRows=6 ulRows=2.
[2026-08-08T02:30:46Z] INFO Coupled DL schedule complete: sweep=2/3 slot=21/40 active=4 granted=2 grants=2.
[2026-08-08T02:30:50Z] INFO Coupled DL PDCCH grant binding: ue=3 required=1 ok=1 status=bound failure= dci=30cad144098eeeb62eac7cf7f83088bb17ed4f0ba5b8f2f01bcc9edebb560bd1 grant_ss=1 observed_ss=1 bound_ss=1 grant_coreset=0 observed_coreset=0 bound_coreset=0.
[2026-08-08T02:30:53Z] INFO Coupled DL PDCCH grant binding: ue=4 required=1 ok=1 status=bound failure= dci=30cad144098eeeb62eac7cf7f83088bb17ed4f0ba5b8f2f01bcc9edebb560bd1 grant_ss=1 observed_ss=1 bound_ss=1 grant_coreset=0 observed_coreset=0 bound_coreset=0.
[2026-08-08T02:30:54Z] INFO Coupled DL PDCCH qualification complete: sweep=2/3 slot=21/40 executable_grants=2.
[2026-08-08T02:30:54Z] INFO Preparing coupled DL batches: sweep=2/3 slot=21/40 candidate_grants=2 batch_size=24.
[2026-08-08T02:30:54Z] INFO Preparing coupled DL resolved grant cache: candidate_grants=2.
[2026-08-08T02:32:00Z] INFO Prepared coupled DL resolved grant cache entries: 2/2.
[2026-08-08T02:33:01Z] INFO Prepared coupled DL resolved grant cache complete: entries=2 elapsed_s=127.278.
[2026-08-08T02:33:02Z] INFO Prepared coupled DL chunk: sweep=2/3 slot=21/40 executable_plans=2 chunk=1-2 of 2.
[2026-08-08T02:33:02Z] INFO Executing coupled DL chunk: sweep=2/3 slot=21/40 chunk=1-2 of 2.
[2026-08-08T02:33:02Z] INFO Executing coupled DL grant chunk serially: plans=2 reason=parallel_safety_or_pool_unavailable.
[2026-08-08T02:35:28Z] INFO Publishing coupled DL chunk results: sweep=2/3 slot=21/40 committed_rows=2 current_primary_rows=8.
[2026-08-08T02:35:28Z] INFO DL coupled publish: operating_point 2/3 configured_label_snr_dB=0.000 ue=4/4 dlDirectionalFrames=4/40 ulDirectionalFrames=3/40 dlRows=8 ulRows=2.
[2026-08-08T02:35:30Z] INFO Coupled UL K2 preschedule complete: control_slot=61 due_slot=65 k2=4 active=4 granted=2 grants=2.
[2026-08-08T02:35:53Z] INFO Coupled UL PDCCH grant binding: ue=3 required=1 ok=1 status=bound failure= dci=31108b77d120770a57be4b5f2626c9c9adead2af40e86c076d3caf3af5c533b2 grant_ss=1 observed_ss=1 bound_ss=1 grant_coreset=0 observed_coreset=0 bound_coreset=0.
[2026-08-08T02:36:18Z] INFO Coupled UL PDCCH grant binding: ue=4 required=1 ok=1 status=bound failure= dci=694be6f8b5badaaca4adc46693a622b684a442e52d3c2fb5c43549742f5a794e grant_ss=1 observed_ss=1 bound_ss=1 grant_coreset=0 observed_coreset=0 bound_coreset=0.
[2026-08-08T02:36:18Z] INFO Queued coupled UL grants after K2 PDCCH qualification: control_slot=61 due_slot=65 executable_grants=2 pending_total=2.
[2026-08-08T02:36:18Z] INFO Coupled canonical slot prepared: sweep=2/3 slot=22/40 duplex=DL allow_dl=1 allow_ul=0.
[2026-08-08T02:36:18Z] INFO Starting coupled pre-scheduling control gating for slot 62/120 with 4 UEs.
[2026-08-08T02:36:19Z] INFO Coupled control gating progress for slot 62/120: UE 1/4, PBCH=0 PRACH=0 SRS=0 TRS=0.
[2026-08-08T02:36:19Z] INFO Coupled control gating progress for slot 62/120: UE 2/4, PBCH=0 PRACH=0 SRS=0 TRS=0.
[2026-08-08T02:36:19Z] INFO Coupled control gating progress for slot 62/120: UE 3/4, PBCH=0 PRACH=0 SRS=0 TRS=0.
[2026-08-08T02:36:19Z] INFO Coupled control gating progress for slot 62/120: UE 4/4, PBCH=0 PRACH=0 SRS=0 TRS=0.
[2026-08-08T02:36:19Z] INFO Coupled control gating complete: slot=62 frame=4 pbch_attempts=0 prach_attempts=0 srs_attempts=0 trs_attempts=0 acquired=4/4 access=4/4 valid_srs=4/4 valid_trs_cells=1/1 tracked_serving_users=4/4 eligible=4/4.
[2026-08-08T02:36:19Z] INFO Coupled control gating complete for slot 62/120: acquired=4/4 access=4/4 valid_srs=4/4 valid_trs_cells=1/1 tracked_serving_users=4/4 eligible=4/4.
[2026-08-08T02:36:20Z] INFO DL coupled publish: operating_point 2/3 configured_label_snr_dB=0.000 ue=0/4 dlDirectionalFrames=4/40 ulDirectionalFrames=3/40 dlRows=8 ulRows=2.
[2026-08-08T02:36:21Z] INFO Coupled DL schedule complete: sweep=2/3 slot=22/40 active=4 granted=2 grants=2.
[2026-08-08T02:36:24Z] INFO Coupled DL PDCCH grant binding: ue=1 required=1 ok=1 status=bound failure= dci=131bc7a9078140fda7f2c6564519dd588fc42f9166b839710747eeaba3c89aa5 grant_ss=1 observed_ss=1 bound_ss=1 grant_coreset=0 observed_coreset=0 bound_coreset=0.
[2026-08-08T02:36:27Z] INFO Coupled DL PDCCH grant binding: ue=2 required=1 ok=1 status=bound failure= dci=131bc7a9078140fda7f2c6564519dd588fc42f9166b839710747eeaba3c89aa5 grant_ss=1 observed_ss=1 bound_ss=1 grant_coreset=0 observed_coreset=0 bound_coreset=0.
[2026-08-08T02:36:27Z] INFO Coupled DL PDCCH qualification complete: sweep=2/3 slot=22/40 executable_grants=2.
[2026-08-08T02:36:27Z] INFO Preparing coupled DL batches: sweep=2/3 slot=22/40 candidate_grants=2 batch_size=24.
[2026-08-08T02:36:27Z] INFO Preparing coupled DL resolved grant cache: candidate_grants=2.
[2026-08-08T02:37:35Z] INFO Prepared coupled DL resolved grant cache entries: 2/2.
[2026-08-08T02:38:36Z] INFO Prepared coupled DL resolved grant cache complete: entries=2 elapsed_s=129.111.
[2026-08-08T02:38:37Z] INFO Prepared coupled DL chunk: sweep=2/3 slot=22/40 executable_plans=2 chunk=1-2 of 2.
[2026-08-08T02:38:37Z] INFO Executing coupled DL chunk: sweep=2/3 slot=22/40 chunk=1-2 of 2.
[2026-08-08T02:38:37Z] INFO Executing coupled DL grant chunk serially: plans=2 reason=parallel_safety_or_pool_unavailable.
[2026-08-08T02:40:56Z] INFO Publishing coupled DL chunk results: sweep=2/3 slot=22/40 committed_rows=2 current_primary_rows=10.
[2026-08-08T02:40:57Z] INFO DL coupled publish: operating_point 2/3 configured_label_snr_dB=0.000 ue=2/4 dlDirectionalFrames=4/40 ulDirectionalFrames=3/40 dlRows=10 ulRows=2.
[2026-08-08T02:40:57Z] INFO Coupled UL K2 preschedule deferred: control_slot=62 reason=data_timing_rejected:target_hits_fixed_opposite_direction policy=no_valid_ul_occasion_from_current_dl_control_slot.
[2026-08-08T02:40:57Z] INFO Coupled canonical slot prepared: sweep=2/3 slot=23/40 duplex=DL allow_dl=1 allow_ul=0.
[2026-08-08T02:40:57Z] INFO Starting coupled pre-scheduling control gating for slot 63/120 with 4 UEs.
[2026-08-08T02:40:57Z] INFO Coupled control gating progress for slot 63/120: UE 1/4, PBCH=0 PRACH=0 SRS=0 TRS=0.
[2026-08-08T02:40:57Z] INFO Coupled control gating progress for slot 63/120: UE 2/4, PBCH=0 PRACH=0 SRS=0 TRS=0.
[2026-08-08T02:40:57Z] INFO Coupled control gating progress for slot 63/120: UE 3/4, PBCH=0 PRACH=0 SRS=0 TRS=0.
[2026-08-08T02:40:58Z] INFO Coupled control gating progress for slot 63/120: UE 4/4, PBCH=0 PRACH=0 SRS=0 TRS=0.
[2026-08-08T02:40:58Z] INFO Coupled control gating complete: slot=63 frame=4 pbch_attempts=0 prach_attempts=0 srs_attempts=0 trs_attempts=0 acquired=4/4 access=4/4 valid_srs=4/4 valid_trs_cells=1/1 tracked_serving_users=4/4 eligible=4/4.
[2026-08-08T02:40:58Z] INFO Coupled control gating complete for slot 63/120: acquired=4/4 access=4/4 valid_srs=4/4 valid_trs_cells=1/1 tracked_serving_users=4/4 eligible=4/4.
[2026-08-08T02:40:58Z] INFO DL coupled publish: operating_point 2/3 configured_label_snr_dB=0.000 ue=0/4 dlDirectionalFrames=4/40 ulDirectionalFrames=3/40 dlRows=10 ulRows=2.
[2026-08-08T02:40:59Z] INFO Coupled DL schedule complete: sweep=2/3 slot=23/40 active=4 granted=2 grants=2.
[2026-08-08T02:41:02Z] INFO Coupled DL PDCCH grant binding: ue=3 required=1 ok=1 status=bound failure= dci=95bb36a1f20da1f92b761cc6d636ddc657706e2cb13fe2532828b47d69c5b07a grant_ss=1 observed_ss=1 bound_ss=1 grant_coreset=0 observed_coreset=0 bound_coreset=0.
[2026-08-08T02:41:04Z] INFO Coupled DL PDCCH grant binding: ue=4 required=1 ok=1 status=bound failure= dci=95bb36a1f20da1f92b761cc6d636ddc657706e2cb13fe2532828b47d69c5b07a grant_ss=1 observed_ss=1 bound_ss=1 grant_coreset=0 observed_coreset=0 bound_coreset=0.
[2026-08-08T02:41:04Z] INFO Coupled DL PDCCH qualification complete: sweep=2/3 slot=23/40 executable_grants=2.
[2026-08-08T02:41:04Z] INFO Preparing coupled DL batches: sweep=2/3 slot=23/40 candidate_grants=2 batch_size=24.
[2026-08-08T02:41:04Z] INFO Preparing coupled DL resolved grant cache: candidate_grants=2.
[2026-08-08T02:42:07Z] INFO Prepared coupled DL resolved grant cache entries: 2/2.
[2026-08-08T02:43:08Z] INFO Prepared coupled DL resolved grant cache complete: entries=2 elapsed_s=123.614.
[2026-08-08T02:43:09Z] INFO Prepared coupled DL chunk: sweep=2/3 slot=23/40 executable_plans=2 chunk=1-2 of 2.
[2026-08-08T02:43:09Z] INFO Executing coupled DL chunk: sweep=2/3 slot=23/40 chunk=1-2 of 2.
[2026-08-08T02:43:09Z] INFO Executing coupled DL grant chunk serially: plans=2 reason=parallel_safety_or_pool_unavailable.
[2026-08-08T02:45:25Z] INFO Publishing coupled DL chunk results: sweep=2/3 slot=23/40 committed_rows=2 current_primary_rows=12.
[2026-08-08T02:45:25Z] INFO DL coupled publish: operating_point 2/3 configured_label_snr_dB=0.000 ue=4/4 dlDirectionalFrames=4/40 ulDirectionalFrames=3/40 dlRows=12 ulRows=2.
[2026-08-08T02:45:25Z] INFO Coupled UL K2 preschedule deferred: control_slot=63 reason=data_timing_rejected:target_hits_fixed_opposite_direction policy=no_valid_ul_occasion_from_current_dl_control_slot.
[2026-08-08T02:45:26Z] INFO Coupled canonical slot prepared: sweep=2/3 slot=24/40 duplex=FLEXIBLE_OR_MIXED allow_dl=1 allow_ul=1.
[2026-08-08T02:45:32Z] INFO Starting coupled pre-scheduling control gating for slot 64/120 with 4 UEs.
[2026-08-08T02:45:32Z] INFO Coupled control gating progress for slot 64/120: UE 1/4, PBCH=0 PRACH=0 SRS=0 TRS=0.
[2026-08-08T02:45:32Z] INFO Coupled control gating progress for slot 64/120: UE 2/4, PBCH=0 PRACH=0 SRS=0 TRS=0.
[2026-08-08T02:45:32Z] INFO Coupled control gating progress for slot 64/120: UE 3/4, PBCH=0 PRACH=0 SRS=0 TRS=0.
[2026-08-08T02:45:33Z] INFO Coupled control gating progress for slot 64/120: UE 4/4, PBCH=0 PRACH=0 SRS=0 TRS=0.
[2026-08-08T02:45:33Z] INFO Coupled control gating complete: slot=64 frame=4 pbch_attempts=0 prach_attempts=0 srs_attempts=0 trs_attempts=0 acquired=4/4 access=4/4 valid_srs=4/4 valid_trs_cells=1/1 tracked_serving_users=4/4 eligible=4/4.
[2026-08-08T02:45:33Z] INFO Coupled control gating complete for slot 64/120: acquired=4/4 access=4/4 valid_srs=4/4 valid_trs_cells=1/1 tracked_serving_users=4/4 eligible=4/4.
[2026-08-08T02:45:33Z] INFO DL coupled publish: operating_point 2/3 configured_label_snr_dB=0.000 ue=0/4 dlDirectionalFrames=4/40 ulDirectionalFrames=3/40 dlRows=12 ulRows=2.
[2026-08-08T02:45:33Z] INFO Coupled DL scheduling deferred: sweep=2/3 slot=24/40 reason=configured_dl_symbol_allocation_not_available_in_tdd_slot policy=no_valid_harq_ack_occasion_from_current_dl_slot.
[2026-08-08T02:45:33Z] INFO Coupled DL schedule complete: sweep=2/3 slot=24/40 active=0 granted=0 grants=0.
[2026-08-08T02:45:33Z] INFO Coupled DL PDCCH qualification complete: sweep=2/3 slot=24/40 executable_grants=0.
[2026-08-08T02:45:33Z] INFO Preparing coupled DL batches: sweep=2/3 slot=24/40 candidate_grants=0 batch_size=24.
[2026-08-08T02:45:34Z] INFO Coupled UL K2 preschedule deferred: control_slot=64 reason=data_timing_rejected:target_hits_fixed_opposite_direction policy=no_valid_ul_occasion_from_current_dl_control_slot.
[2026-08-08T02:45:34Z] INFO Coupled UL queued grant lookup complete: sweep=2/3 slot=24/40 due_grants=0 pending_grants=2.
[2026-08-08T02:45:34Z] INFO Coupled canonical slot prepared: sweep=2/3 slot=25/40 duplex=UL allow_dl=0 allow_ul=1.
[2026-08-08T02:45:34Z] INFO Starting coupled pre-scheduling control gating for slot 65/120 with 4 UEs.
[2026-08-08T02:45:34Z] INFO Coupled control gating progress for slot 65/120: UE 1/4, PBCH=0 PRACH=0 SRS=0 TRS=0.
[2026-08-08T02:45:34Z] INFO Coupled control gating progress for slot 65/120: UE 2/4, PBCH=0 PRACH=0 SRS=0 TRS=0.
[2026-08-08T02:45:34Z] INFO Coupled control gating progress for slot 65/120: UE 3/4, PBCH=0 PRACH=0 SRS=0 TRS=0.
[2026-08-08T02:45:35Z] INFO Coupled control gating progress for slot 65/120: UE 4/4, PBCH=0 PRACH=0 SRS=0 TRS=0.
[2026-08-08T02:45:35Z] INFO Coupled control gating complete: slot=65 frame=4 pbch_attempts=0 prach_attempts=0 srs_attempts=0 trs_attempts=0 acquired=4/4 access=4/4 valid_srs=4/4 valid_trs_cells=1/1 tracked_serving_users=4/4 eligible=4/4.
[2026-08-08T02:45:35Z] INFO Coupled control gating complete for slot 65/120: acquired=4/4 access=4/4 valid_srs=4/4 valid_trs_cells=1/1 tracked_serving_users=4/4 eligible=4/4.
[2026-08-08T02:45:35Z] INFO UL coupled publish: operating_point 2/3 configured_label_snr_dB=0.000 ue=0/4 dlDirectionalFrames=4/40 ulDirectionalFrames=3/40 dlRows=12 ulRows=2.
[2026-08-08T02:45:35Z] INFO Coupled UL queued grant lookup complete: sweep=2/3 slot=25/40 due_grants=2 pending_grants=0.
[2026-08-08T02:45:35Z] INFO Preparing coupled UL batches: sweep=2/3 slot=25/40 candidate_grants=2 batch_size=24.
[2026-08-08T02:45:35Z] INFO Preparing coupled UL resolved grant cache: candidate_grants=2.
[2026-08-08T02:45:43Z] INFO Prepared coupled UL resolved grant cache entries: 2/2.
[2026-08-08T02:45:44Z] INFO Prepared coupled UL resolved grant cache complete: entries=2 elapsed_s=8.626.
[2026-08-08T02:45:44Z] INFO Prepared coupled UL chunk: sweep=2/3 slot=25/40 executable_plans=2 chunk=1-2 of 2.
[2026-08-08T02:45:44Z] INFO Executing coupled UL chunk: sweep=2/3 slot=25/40 chunk=1-2 of 2.
[2026-08-08T02:45:44Z] INFO Executing coupled UL grant chunk serially: plans=2 reason=parallel_safety_or_pool_unavailable.
[2026-08-08T02:46:34Z] INFO Publishing coupled UL chunk results: sweep=2/3 slot=25/40 committed_rows=2 current_primary_rows=4.
[2026-08-08T02:46:34Z] INFO UL coupled publish: operating_point 2/3 configured_label_snr_dB=0.000 ue=4/4 dlDirectionalFrames=4/40 ulDirectionalFrames=4/40 dlRows=12 ulRows=4.
[2026-08-08T02:46:34Z] INFO Coupled canonical slot prepared: sweep=2/3 slot=26/40 duplex=DL allow_dl=1 allow_ul=0.
[2026-08-08T02:46:34Z] INFO Starting coupled pre-scheduling control gating for slot 66/120 with 4 UEs.
[2026-08-08T02:46:35Z] INFO Coupled control gating progress for slot 66/120: UE 1/4, PBCH=0 PRACH=0 SRS=0 TRS=0.
[2026-08-08T02:46:35Z] INFO Coupled control gating progress for slot 66/120: UE 2/4, PBCH=0 PRACH=0 SRS=0 TRS=0.
[2026-08-08T02:46:35Z] INFO Coupled control gating progress for slot 66/120: UE 3/4, PBCH=0 PRACH=0 SRS=0 TRS=0.
[2026-08-08T02:46:35Z] INFO Coupled control gating progress for slot 66/120: UE 4/4, PBCH=0 PRACH=0 SRS=0 TRS=0.
[2026-08-08T02:46:35Z] INFO Coupled control gating complete: slot=66 frame=4 pbch_attempts=0 prach_attempts=0 srs_attempts=0 trs_attempts=0 acquired=4/4 access=4/4 valid_srs=4/4 valid_trs_cells=1/1 tracked_serving_users=4/4 eligible=4/4.
[2026-08-08T02:46:35Z] INFO Coupled control gating complete for slot 66/120: acquired=4/4 access=4/4 valid_srs=4/4 valid_trs_cells=1/1 tracked_serving_users=4/4 eligible=4/4.
[2026-08-08T02:46:36Z] INFO DL coupled publish: operating_point 2/3 configured_label_snr_dB=0.000 ue=0/4 dlDirectionalFrames=4/40 ulDirectionalFrames=4/40 dlRows=12 ulRows=4.
[2026-08-08T02:46:37Z] INFO Coupled DL schedule complete: sweep=2/3 slot=26/40 active=4 granted=2 grants=2.
[2026-08-08T02:46:40Z] INFO Coupled DL PDCCH grant binding: ue=3 required=1 ok=1 status=bound failure= dci=f5f5689b6bbcd77c8e6a12ea6ce7983e2c4000217ed157a128cc71cec1dbbd6f grant_ss=1 observed_ss=1 bound_ss=1 grant_coreset=0 observed_coreset=0 bound_coreset=0.
[2026-08-08T02:46:43Z] INFO Coupled DL PDCCH grant binding: ue=4 required=1 ok=1 status=bound failure= dci=d680d4c9867e83a1a99a9b969c7ad04b007b3df192719d361e2cfb9b47c7ffc4 grant_ss=1 observed_ss=1 bound_ss=1 grant_coreset=0 observed_coreset=0 bound_coreset=0.
[2026-08-08T02:46:43Z] INFO Coupled DL PDCCH qualification complete: sweep=2/3 slot=26/40 executable_grants=2.
[2026-08-08T02:46:43Z] INFO Preparing coupled DL batches: sweep=2/3 slot=26/40 candidate_grants=2 batch_size=24.
[2026-08-08T02:46:43Z] INFO Preparing coupled DL resolved grant cache: candidate_grants=2.
[2026-08-08T02:47:47Z] INFO Prepared coupled DL resolved grant cache entries: 2/2.
[2026-08-08T02:48:49Z] INFO Prepared coupled DL resolved grant cache complete: entries=2 elapsed_s=125.227.
[2026-08-08T02:48:50Z] INFO Prepared coupled DL chunk: sweep=2/3 slot=26/40 executable_plans=2 chunk=1-2 of 2.
[2026-08-08T02:48:50Z] INFO Executing coupled DL chunk: sweep=2/3 slot=26/40 chunk=1-2 of 2.
[2026-08-08T02:48:50Z] INFO Executing coupled DL grant chunk serially: plans=2 reason=parallel_safety_or_pool_unavailable.
[2026-08-08T02:51:07Z] INFO Publishing coupled DL chunk results: sweep=2/3 slot=26/40 committed_rows=2 current_primary_rows=14.
[2026-08-08T02:51:08Z] INFO DL coupled publish: operating_point 2/3 configured_label_snr_dB=0.000 ue=4/4 dlDirectionalFrames=4/40 ulDirectionalFrames=4/40 dlRows=14 ulRows=4.
[2026-08-08T02:51:10Z] INFO Coupled UL K2 preschedule complete: control_slot=66 due_slot=70 k2=4 active=4 granted=2 grants=2.
[2026-08-08T02:51:30Z] INFO Coupled UL PDCCH grant binding: ue=2 required=1 ok=1 status=bound failure= dci=6bf78ed3199bccfffb77d39f79c4dd79e594ba067beea06fb3d020e092b52cc4 grant_ss=1 observed_ss=1 bound_ss=1 grant_coreset=0 observed_coreset=0 bound_coreset=0.
[2026-08-08T02:51:55Z] INFO Coupled UL PDCCH grant binding: ue=1 required=1 ok=1 status=bound failure= dci=ca096e50b188ac1c6882993ad1b61aa7ea42ad3e869fa5b48c87d113293ce781 grant_ss=1 observed_ss=1 bound_ss=1 grant_coreset=0 observed_coreset=0 bound_coreset=0.
[2026-08-08T02:51:55Z] INFO Queued coupled UL grants after K2 PDCCH qualification: control_slot=66 due_slot=70 executable_grants=2 pending_total=2.
[2026-08-08T02:51:56Z] INFO Coupled canonical slot prepared: sweep=2/3 slot=27/40 duplex=DL allow_dl=1 allow_ul=0.
[2026-08-08T02:51:56Z] INFO Starting coupled pre-scheduling control gating for slot 67/120 with 4 UEs.
[2026-08-08T02:51:56Z] INFO Coupled control gating progress for slot 67/120: UE 1/4, PBCH=0 PRACH=0 SRS=0 TRS=0.
[2026-08-08T02:51:56Z] INFO Coupled control gating progress for slot 67/120: UE 2/4, PBCH=0 PRACH=0 SRS=0 TRS=0.
[2026-08-08T02:51:56Z] INFO Coupled control gating progress for slot 67/120: UE 3/4, PBCH=0 PRACH=0 SRS=0 TRS=0.
[2026-08-08T02:51:56Z] INFO Coupled control gating progress for slot 67/120: UE 4/4, PBCH=0 PRACH=0 SRS=0 TRS=0.
[2026-08-08T02:51:56Z] INFO Coupled control gating complete: slot=67 frame=4 pbch_attempts=0 prach_attempts=0 srs_attempts=0 trs_attempts=0 acquired=4/4 access=4/4 valid_srs=4/4 valid_trs_cells=1/1 tracked_serving_users=4/4 eligible=4/4.
[2026-08-08T02:51:56Z] INFO Coupled control gating complete for slot 67/120: acquired=4/4 access=4/4 valid_srs=4/4 valid_trs_cells=1/1 tracked_serving_users=4/4 eligible=4/4.
[2026-08-08T02:51:57Z] INFO DL coupled publish: operating_point 2/3 configured_label_snr_dB=0.000 ue=0/4 dlDirectionalFrames=4/40 ulDirectionalFrames=4/40 dlRows=14 ulRows=4.
[2026-08-08T02:51:59Z] INFO Coupled DL schedule complete: sweep=2/3 slot=27/40 active=4 granted=2 grants=2.
[2026-08-08T02:52:01Z] INFO Coupled DL PDCCH grant binding: ue=1 required=1 ok=1 status=bound failure= dci=2114e040b1ab44bab1c8ba294adfd0962d9d0be18d872be8fbecf91fd90f7239 grant_ss=1 observed_ss=1 bound_ss=1 grant_coreset=0 observed_coreset=0 bound_coreset=0.
[2026-08-08T02:52:05Z] INFO Coupled DL PDCCH grant binding: ue=2 required=1 ok=1 status=bound failure= dci=3014161a1933f85dd95368834a130f758b85cec12c32f63ad12f93217f6216a6 grant_ss=1 observed_ss=1 bound_ss=1 grant_coreset=0 observed_coreset=0 bound_coreset=0.
[2026-08-08T02:52:05Z] INFO Coupled DL PDCCH qualification complete: sweep=2/3 slot=27/40 executable_grants=2.
[2026-08-08T02:52:05Z] INFO Preparing coupled DL batches: sweep=2/3 slot=27/40 candidate_grants=2 batch_size=24.
[2026-08-08T02:52:05Z] INFO Preparing coupled DL resolved grant cache: candidate_grants=2.
[2026-08-08T02:53:17Z] INFO Prepared coupled DL resolved grant cache entries: 2/2.
[2026-08-08T02:54:21Z] INFO Prepared coupled DL resolved grant cache complete: entries=2 elapsed_s=136.341.
[2026-08-08T02:54:22Z] INFO Prepared coupled DL chunk: sweep=2/3 slot=27/40 executable_plans=2 chunk=1-2 of 2.
[2026-08-08T02:54:22Z] INFO Executing coupled DL chunk: sweep=2/3 slot=27/40 chunk=1-2 of 2.
[2026-08-08T02:54:22Z] INFO Executing coupled DL grant chunk serially: plans=2 reason=parallel_safety_or_pool_unavailable.
[2026-08-08T02:56:49Z] INFO Publishing coupled DL chunk results: sweep=2/3 slot=27/40 committed_rows=2 current_primary_rows=16.
[2026-08-08T02:56:50Z] INFO DL coupled publish: operating_point 2/3 configured_label_snr_dB=0.000 ue=2/4 dlDirectionalFrames=4/40 ulDirectionalFrames=4/40 dlRows=16 ulRows=4.
[2026-08-08T02:56:50Z] INFO Coupled UL K2 preschedule deferred: control_slot=67 reason=data_timing_rejected:target_hits_fixed_opposite_direction policy=no_valid_ul_occasion_from_current_dl_control_slot.
[2026-08-08T02:56:50Z] INFO Coupled canonical slot prepared: sweep=2/3 slot=28/40 duplex=DL allow_dl=1 allow_ul=0.
[2026-08-08T02:56:50Z] INFO Starting coupled pre-scheduling control gating for slot 68/120 with 4 UEs.
[2026-08-08T02:56:50Z] INFO Coupled control gating progress for slot 68/120: UE 1/4, PBCH=0 PRACH=0 SRS=0 TRS=0.
[2026-08-08T02:56:50Z] INFO Coupled control gating progress for slot 68/120: UE 2/4, PBCH=0 PRACH=0 SRS=0 TRS=0.
[2026-08-08T02:56:51Z] INFO Coupled control gating progress for slot 68/120: UE 3/4, PBCH=0 PRACH=0 SRS=0 TRS=0.
[2026-08-08T02:56:51Z] INFO Coupled control gating progress for slot 68/120: UE 4/4, PBCH=0 PRACH=0 SRS=0 TRS=0.
[2026-08-08T02:56:51Z] INFO Coupled control gating complete: slot=68 frame=4 pbch_attempts=0 prach_attempts=0 srs_attempts=0 trs_attempts=0 acquired=4/4 access=4/4 valid_srs=4/4 valid_trs_cells=1/1 tracked_serving_users=4/4 eligible=4/4.
[2026-08-08T02:56:51Z] INFO Coupled control gating complete for slot 68/120: acquired=4/4 access=4/4 valid_srs=4/4 valid_trs_cells=1/1 tracked_serving_users=4/4 eligible=4/4.
[2026-08-08T02:56:51Z] INFO DL coupled publish: operating_point 2/3 configured_label_snr_dB=0.000 ue=0/4 dlDirectionalFrames=4/40 ulDirectionalFrames=4/40 dlRows=16 ulRows=4.
[2026-08-08T02:56:53Z] INFO Coupled DL schedule complete: sweep=2/3 slot=28/40 active=4 granted=2 grants=2.
[2026-08-08T02:56:55Z] INFO Coupled DL PDCCH grant binding: ue=3 required=1 ok=1 status=bound failure= dci=ab92efbf5a0907df90a9ade7bb04d68fe4ee861d5eb360a66ba4e839fc12ce45 grant_ss=1 observed_ss=1 bound_ss=1 grant_coreset=0 observed_coreset=0 bound_coreset=0.
[2026-08-08T02:56:58Z] INFO Coupled DL PDCCH grant binding: ue=4 required=1 ok=1 status=bound failure= dci=5fe9f1bf0fa4c6eab596d00af6532acb918033213b7946b1618e30bb7cf31ed5 grant_ss=1 observed_ss=1 bound_ss=1 grant_coreset=0 observed_coreset=0 bound_coreset=0.
[2026-08-08T02:56:58Z] INFO Coupled DL PDCCH qualification complete: sweep=2/3 slot=28/40 executable_grants=2.
[2026-08-08T02:56:58Z] INFO Preparing coupled DL batches: sweep=2/3 slot=28/40 candidate_grants=2 batch_size=24.
[2026-08-08T02:56:58Z] INFO Preparing coupled DL resolved grant cache: candidate_grants=2.
[2026-08-08T02:58:03Z] INFO Prepared coupled DL resolved grant cache entries: 2/2.
[2026-08-08T02:59:03Z] INFO Prepared coupled DL resolved grant cache complete: entries=2 elapsed_s=125.207.
[2026-08-08T02:59:04Z] INFO Prepared coupled DL chunk: sweep=2/3 slot=28/40 executable_plans=2 chunk=1-2 of 2.
[2026-08-08T02:59:04Z] INFO Executing coupled DL chunk: sweep=2/3 slot=28/40 chunk=1-2 of 2.
[2026-08-08T02:59:04Z] INFO Executing coupled DL grant chunk serially: plans=2 reason=parallel_safety_or_pool_unavailable.
[2026-08-08T03:01:19Z] INFO Publishing coupled DL chunk results: sweep=2/3 slot=28/40 committed_rows=2 current_primary_rows=18.
[2026-08-08T03:01:20Z] INFO DL coupled publish: operating_point 2/3 configured_label_snr_dB=0.000 ue=4/4 dlDirectionalFrames=4/40 ulDirectionalFrames=4/40 dlRows=18 ulRows=4.
[2026-08-08T03:01:20Z] INFO Coupled UL K2 preschedule deferred: control_slot=68 reason=data_timing_rejected:target_hits_fixed_opposite_direction policy=no_valid_ul_occasion_from_current_dl_control_slot.
[2026-08-08T03:01:20Z] INFO Coupled canonical slot prepared: sweep=2/3 slot=29/40 duplex=FLEXIBLE_OR_MIXED allow_dl=1 allow_ul=1.
[2026-08-08T03:01:28Z] INFO Starting coupled pre-scheduling control gating for slot 69/120 with 4 UEs.
[2026-08-08T03:01:28Z] INFO Coupled control gating progress for slot 69/120: UE 1/4, PBCH=0 PRACH=0 SRS=0 TRS=0.
[2026-08-08T03:01:28Z] INFO Coupled control gating progress for slot 69/120: UE 2/4, PBCH=0 PRACH=0 SRS=0 TRS=0.
[2026-08-08T03:01:28Z] INFO Coupled control gating progress for slot 69/120: UE 3/4, PBCH=0 PRACH=0 SRS=0 TRS=0.
[2026-08-08T03:01:28Z] INFO Coupled control gating progress for slot 69/120: UE 4/4, PBCH=0 PRACH=0 SRS=0 TRS=0.
[2026-08-08T03:01:28Z] INFO Coupled control gating complete: slot=69 frame=4 pbch_attempts=0 prach_attempts=0 srs_attempts=0 trs_attempts=0 acquired=4/4 access=4/4 valid_srs=4/4 valid_trs_cells=1/1 tracked_serving_users=4/4 eligible=4/4.
[2026-08-08T03:01:28Z] INFO Coupled control gating complete for slot 69/120: acquired=4/4 access=4/4 valid_srs=4/4 valid_trs_cells=1/1 tracked_serving_users=4/4 eligible=4/4.
[2026-08-08T03:01:29Z] INFO DL coupled publish: operating_point 2/3 configured_label_snr_dB=0.000 ue=0/4 dlDirectionalFrames=4/40 ulDirectionalFrames=4/40 dlRows=18 ulRows=4.
[2026-08-08T03:01:29Z] INFO Coupled DL scheduling deferred: sweep=2/3 slot=29/40 reason=configured_dl_symbol_allocation_not_available_in_tdd_slot policy=no_valid_harq_ack_occasion_from_current_dl_slot.
[2026-08-08T03:01:29Z] INFO Coupled DL schedule complete: sweep=2/3 slot=29/40 active=0 granted=0 grants=0.
[2026-08-08T03:01:29Z] INFO Coupled DL PDCCH qualification complete: sweep=2/3 slot=29/40 executable_grants=0.
[2026-08-08T03:01:29Z] INFO Preparing coupled DL batches: sweep=2/3 slot=29/40 candidate_grants=0 batch_size=24.
[2026-08-08T03:01:29Z] INFO Coupled UL K2 preschedule deferred: control_slot=69 reason=data_timing_rejected:target_hits_fixed_opposite_direction policy=no_valid_ul_occasion_from_current_dl_control_slot.
[2026-08-08T03:01:29Z] INFO Coupled UL queued grant lookup complete: sweep=2/3 slot=29/40 due_grants=0 pending_grants=2.
[2026-08-08T03:01:29Z] INFO Coupled canonical slot prepared: sweep=2/3 slot=30/40 duplex=UL allow_dl=0 allow_ul=1.
[2026-08-08T03:01:29Z] INFO Starting coupled pre-scheduling control gating for slot 70/120 with 4 UEs.
[2026-08-08T03:01:29Z] INFO Coupled control gating progress for slot 70/120: UE 1/4, PBCH=0 PRACH=0 SRS=0 TRS=0.
[2026-08-08T03:01:29Z] INFO Coupled control gating progress for slot 70/120: UE 2/4, PBCH=0 PRACH=0 SRS=0 TRS=0.
[2026-08-08T03:01:30Z] INFO Coupled control gating progress for slot 70/120: UE 3/4, PBCH=0 PRACH=0 SRS=0 TRS=0.
[2026-08-08T03:01:30Z] INFO Coupled control gating progress for slot 70/120: UE 4/4, PBCH=0 PRACH=0 SRS=0 TRS=0.
[2026-08-08T03:01:30Z] INFO Coupled control gating complete: slot=70 frame=4 pbch_attempts=0 prach_attempts=0 srs_attempts=0 trs_attempts=0 acquired=4/4 access=4/4 valid_srs=4/4 valid_trs_cells=1/1 tracked_serving_users=4/4 eligible=4/4.
[2026-08-08T03:01:30Z] INFO Coupled control gating complete for slot 70/120: acquired=4/4 access=4/4 valid_srs=4/4 valid_trs_cells=1/1 tracked_serving_users=4/4 eligible=4/4.
[2026-08-08T03:01:31Z] INFO UL coupled publish: operating_point 2/3 configured_label_snr_dB=0.000 ue=0/4 dlDirectionalFrames=4/40 ulDirectionalFrames=4/40 dlRows=18 ulRows=4.
[2026-08-08T03:01:31Z] INFO Coupled UL queued grant lookup complete: sweep=2/3 slot=30/40 due_grants=2 pending_grants=0.
[2026-08-08T03:01:31Z] INFO Preparing coupled UL batches: sweep=2/3 slot=30/40 candidate_grants=2 batch_size=24.
[2026-08-08T03:01:31Z] INFO Preparing coupled UL resolved grant cache: candidate_grants=2.
[2026-08-08T03:01:32Z] INFO Prepared coupled UL resolved grant cache entries: 2/2.
[2026-08-08T03:01:32Z] INFO Prepared coupled UL resolved grant cache complete: entries=2 elapsed_s=1.637.
[2026-08-08T03:01:33Z] INFO Prepared coupled UL chunk: sweep=2/3 slot=30/40 executable_plans=2 chunk=1-2 of 2.
[2026-08-08T03:01:33Z] INFO Executing coupled UL chunk: sweep=2/3 slot=30/40 chunk=1-2 of 2.
[2026-08-08T03:01:33Z] INFO Executing coupled UL grant chunk serially: plans=2 reason=parallel_safety_or_pool_unavailable.
[2026-08-08T03:01:52Z] ERROR Run failed: sixgr:link:StrictCoverageUnsupported | Strict mode forbids skipping PUSCH coverage because every frame crashed: UL HARQ replay TB length 7304 does not match stored transport block size 14856.
[2026-08-08T03:02:06Z] INFO Writing MATLAB profiler CSV artifacts: functions=250 edges=500
[2026-08-08T03:02:11Z] INFO Recovering truthful report artifacts from persisted raw evidence after failure.
exportLLSOutputCoverageArtifacts:start runFolder=C:\Users\anup0\OneDrive\Documents\Simulator\6GR Simulator_v2_clean_main\results\lls\webgui_sinr_sweep_64x4_mu_mimo_full\phase21_full_same_chain_sinr_20260808_01
exportLLSOutputCoverageArtifacts:sources_loaded runFolder=C:\Users\anup0\OneDrive\Documents\Simulator\6GR Simulator_v2_clean_main\results\lls\webgui_sinr_sweep_64x4_mu_mimo_full\phase21_full_same_chain_sinr_20260808_01
exportLLSOutputCoverageArtifacts:tables_core_topology_channel_built runFolder=C:\Users\anup0\OneDrive\Documents\Simulator\6GR Simulator_v2_clean_main\results\lls\webgui_sinr_sweep_64x4_mu_mimo_full\phase21_full_same_chain_sinr_20260808_01
exportLLSOutputCoverageArtifacts:building_live_prb_allocation runFolder=C:\Users\anup0\OneDrive\Documents\Simulator\6GR Simulator_v2_clean_main\results\lls\webgui_sinr_sweep_64x4_mu_mimo_full\phase21_full_same_chain_sinr_20260808_01
exportLLSOutputCoverageArtifacts:built_live_prb_allocation runFolder=C:\Users\anup0\OneDrive\Documents\Simulator\6GR Simulator_v2_clean_main\results\lls\webgui_sinr_sweep_64x4_mu_mimo_full\phase21_full_same_chain_sinr_20260808_01
exportLLSOutputCoverageArtifacts:building_live_re_allocation_snapshot runFolder=C:\Users\anup0\OneDrive\Documents\Simulator\6GR Simulator_v2_clean_main\results\lls\webgui_sinr_sweep_64x4_mu_mimo_full\phase21_full_same_chain_sinr_20260808_01
exportLLSOutputCoverageArtifacts:built_live_re_allocation_snapshot runFolder=C:\Users\anup0\OneDrive\Documents\Simulator\6GR Simulator_v2_clean_main\results\lls\webgui_sinr_sweep_64x4_mu_mimo_full\phase21_full_same_chain_sinr_20260808_01
exportLLSOutputCoverageArtifacts:building_scheduler_decision runFolder=C:\Users\anup0\OneDrive\Documents\Simulator\6GR Simulator_v2_clean_main\results\lls\webgui_sinr_sweep_64x4_mu_mimo_full\phase21_full_same_chain_sinr_20260808_01
exportLLSOutputCoverageArtifacts:built_scheduler_decision runFolder=C:\Users\anup0\OneDrive\Documents\Simulator\6GR Simulator_v2_clean_main\results\lls\webgui_sinr_sweep_64x4_mu_mimo_full\phase21_full_same_chain_sinr_20260808_01
exportLLSOutputCoverageArtifacts:building_prb_allocation_heatmap runFolder=C:\Users\anup0\OneDrive\Documents\Simulator\6GR Simulator_v2_clean_main\results\lls\webgui_sinr_sweep_64x4_mu_mimo_full\phase21_full_same_chain_sinr_20260808_01
exportLLSOutputCoverageArtifacts:built_prb_allocation_heatmap runFolder=C:\Users\anup0\OneDrive\Documents\Simulator\6GR Simulator_v2_clean_main\results\lls\webgui_sinr_sweep_64x4_mu_mimo_full\phase21_full_same_chain_sinr_20260808_01
exportLLSOutputCoverageArtifacts:building_dl_resource_grid_heatmap runFolder=C:\Users\anup0\OneDrive\Documents\Simulator\6GR Simulator_v2_clean_main\results\lls\webgui_sinr_sweep_64x4_mu_mimo_full\phase21_full_same_chain_sinr_20260808_01
exportLLSOutputCoverageArtifacts:built_dl_resource_grid_heatmap runFolder=C:\Users\anup0\OneDrive\Documents\Simulator\6GR Simulator_v2_clean_main\results\lls\webgui_sinr_sweep_64x4_mu_mimo_full\phase21_full_same_chain_sinr_20260808_01
exportLLSOutputCoverageArtifacts:building_ul_resource_grid_heatmap runFolder=C:\Users\anup0\OneDrive\Documents\Simulator\6GR Simulator_v2_clean_main\results\lls\webgui_sinr_sweep_64x4_mu_mimo_full\phase21_full_same_chain_sinr_20260808_01
exportLLSOutputCoverageArtifacts:built_ul_resource_grid_heatmap runFolder=C:\Users\anup0\OneDrive\Documents\Simulator\6GR Simulator_v2_clean_main\results\lls\webgui_sinr_sweep_64x4_mu_mimo_full\phase21_full_same_chain_sinr_20260808_01
exportLLSOutputCoverageArtifacts:building_dl_transport_block runFolder=C:\Users\anup0\OneDrive\Documents\Simulator\6GR Simulator_v2_clean_main\results\lls\webgui_sinr_sweep_64x4_mu_mimo_full\phase21_full_same_chain_sinr_20260808_01
exportLLSOutputCoverageArtifacts:built_dl_transport_block runFolder=C:\Users\anup0\OneDrive\Documents\Simulator\6GR Simulator_v2_clean_main\results\lls\webgui_sinr_sweep_64x4_mu_mimo_full\phase21_full_same_chain_sinr_20260808_01
exportLLSOutputCoverageArtifacts:building_ul_transport_block runFolder=C:\Users\anup0\OneDrive\Documents\Simulator\6GR Simulator_v2_clean_main\results\lls\webgui_sinr_sweep_64x4_mu_mimo_full\phase21_full_same_chain_sinr_20260808_01
exportLLSOutputCoverageArtifacts:built_ul_transport_block runFolder=C:\Users\anup0\OneDrive\Documents\Simulator\6GR Simulator_v2_clean_main\results\lls\webgui_sinr_sweep_64x4_mu_mimo_full\phase21_full_same_chain_sinr_20260808_01
exportLLSOutputCoverageArtifacts:building_harq_process runFolder=C:\Users\anup0\OneDrive\Documents\Simulator\6GR Simulator_v2_clean_main\results\lls\webgui_sinr_sweep_64x4_mu_mimo_full\phase21_full_same_chain_sinr_20260808_01
exportLLSOutputCoverageArtifacts:built_harq_process runFolder=C:\Users\anup0\OneDrive\Documents\Simulator\6GR Simulator_v2_clean_main\results\lls\webgui_sinr_sweep_64x4_mu_mimo_full\phase21_full_same_chain_sinr_20260808_01
exportLLSOutputCoverageArtifacts:building_cqi_pmi_ri runFolder=C:\Users\anup0\OneDrive\Documents\Simulator\6GR Simulator_v2_clean_main\results\lls\webgui_sinr_sweep_64x4_mu_mimo_full\phase21_full_same_chain_sinr_20260808_01
exportLLSOutputCoverageArtifacts:built_cqi_pmi_ri runFolder=C:\Users\anup0\OneDrive\Documents\Simulator\6GR Simulator_v2_clean_main\results\lls\webgui_sinr_sweep_64x4_mu_mimo_full\phase21_full_same_chain_sinr_20260808_01
exportLLSOutputCoverageArtifacts:building_mcs_tbs_evolution runFolder=C:\Users\anup0\OneDrive\Documents\Simulator\6GR Simulator_v2_clean_main\results\lls\webgui_sinr_sweep_64x4_mu_mimo_full\phase21_full_same_chain_sinr_20260808_01
exportLLSOutputCoverageArtifacts:built_mcs_tbs_evolution runFolder=C:\Users\anup0\OneDrive\Documents\Simulator\6GR Simulator_v2_clean_main\results\lls\webgui_sinr_sweep_64x4_mu_mimo_full\phase21_full_same_chain_sinr_20260808_01
exportLLSOutputCoverageArtifacts:tables_scheduler_transport_built runFolder=C:\Users\anup0\OneDrive\Documents\Simulator\6GR Simulator_v2_clean_main\results\lls\webgui_sinr_sweep_64x4_mu_mimo_full\phase21_full_same_chain_sinr_20260808_01
exportLLSOutputCoverageArtifacts:tables_latency_energy_built runFolder=C:\Users\anup0\OneDrive\Documents\Simulator\6GR Simulator_v2_clean_main\results\lls\webgui_sinr_sweep_64x4_mu_mimo_full\phase21_full_same_chain_sinr_20260808_01
exportLLSOutputCoverageArtifacts:tables_root_cause_built runFolder=C:\Users\anup0\OneDrive\Documents\Simulator\6GR Simulator_v2_clean_main\results\lls\webgui_sinr_sweep_64x4_mu_mimo_full\phase21_full_same_chain_sinr_20260808_01
exportLLSOutputCoverageArtifacts:tables_control_built runFolder=C:\Users\anup0\OneDrive\Documents\Simulator\6GR Simulator_v2_clean_main\results\lls\webgui_sinr_sweep_64x4_mu_mimo_full\phase21_full_same_chain_sinr_20260808_01
exportLLSOutputCoverageArtifacts:tables_beam_timing_built runFolder=C:\Users\anup0\OneDrive\Documents\Simulator\6GR Simulator_v2_clean_main\results\lls\webgui_sinr_sweep_64x4_mu_mimo_full\phase21_full_same_chain_sinr_20260808_01
exportLLSOutputCoverageArtifacts:tables_prompt8_adequacy_built runFolder=C:\Users\anup0\OneDrive\Documents\Simulator\6GR Simulator_v2_clean_main\results\lls\webgui_sinr_sweep_64x4_mu_mimo_full\phase21_full_same_chain_sinr_20260808_01
exportLLSOutputCoverageArtifacts:tables_built runFolder=C:\Users\anup0\OneDrive\Documents\Simulator\6GR Simulator_v2_clean_main\results\lls\webgui_sinr_sweep_64x4_mu_mimo_full\phase21_full_same_chain_sinr_20260808_01
exportLLSOutputCoverageArtifacts:json_sidecar_suppressed:reports/csv/live_power_runtime_table.csv:json_sidecar_suppressed_due_scale_guard_high_cardinality_runtime_table runFolder=C:\Users\anup0\OneDrive\Documents\Simulator\6GR Simulator_v2_clean_main\results\lls\webgui_sinr_sweep_64x4_mu_mimo_full\phase21_full_same_chain_sinr_20260808_01
exportLLSOutputCoverageArtifacts:json_sidecar_suppressed:reports/csv/live_rf_power_table.csv:json_sidecar_suppressed_due_scale_guard_high_cardinality_runtime_table runFolder=C:\Users\anup0\OneDrive\Documents\Simulator\6GR Simulator_v2_clean_main\results\lls\webgui_sinr_sweep_64x4_mu_mimo_full\phase21_full_same_chain_sinr_20260808_01
exportLLSOutputCoverageArtifacts:json_sidecar_suppressed:control/csv/timing_synchronization_table.csv:json_sidecar_suppressed_due_scale_guard_high_cardinality_runtime_table runFolder=C:\Users\anup0\OneDrive\Documents\Simulator\6GR Simulator_v2_clean_main\results\lls\webgui_sinr_sweep_64x4_mu_mimo_full\phase21_full_same_chain_sinr_20260808_01
exportLLSOutputCoverageArtifacts:table_artifacts_written runFolder=C:\Users\anup0\OneDrive\Documents\Simulator\6GR Simulator_v2_clean_main\results\lls\webgui_sinr_sweep_64x4_mu_mimo_full\phase21_full_same_chain_sinr_20260808_01
exportLLSOutputCoverageArtifacts:writing_power_energy_figure runFolder=C:\Users\anup0\OneDrive\Documents\Simulator\6GR Simulator_v2_clean_main\results\lls\webgui_sinr_sweep_64x4_mu_mimo_full\phase21_full_same_chain_sinr_20260808_01
exportLLSOutputCoverageArtifacts:figure_artifacts_written runFolder=C:\Users\anup0\OneDrive\Documents\Simulator\6GR Simulator_v2_clean_main\results\lls\webgui_sinr_sweep_64x4_mu_mimo_full\phase21_full_same_chain_sinr_20260808_01
exportLLSOutputCoverageArtifacts:coverage_registry_built runFolder=C:\Users\anup0\OneDrive\Documents\Simulator\6GR Simulator_v2_clean_main\results\lls\webgui_sinr_sweep_64x4_mu_mimo_full\phase21_full_same_chain_sinr_20260808_01
exportLLSOutputCoverageArtifacts:coverage_audits_built runFolder=C:\Users\anup0\OneDrive\Documents\Simulator\6GR Simulator_v2_clean_main\results\lls\webgui_sinr_sweep_64x4_mu_mimo_full\phase21_full_same_chain_sinr_20260808_01
exportLLSOutputCoverageArtifacts:coverage_tables_written runFolder=C:\Users\anup0\OneDrive\Documents\Simulator\6GR Simulator_v2_clean_main\results\lls\webgui_sinr_sweep_64x4_mu_mimo_full\phase21_full_same_chain_sinr_20260808_01
exportLLSOutputCoverageArtifacts:measurement_sidecars_written runFolder=C:\Users\anup0\OneDrive\Documents\Simulator\6GR Simulator_v2_clean_main\results\lls\webgui_sinr_sweep_64x4_mu_mimo_full\phase21_full_same_chain_sinr_20260808_01
exportLLSOutputCoverageArtifacts:live_stage_control_counts_reconciled runFolder=C:\Users\anup0\OneDrive\Documents\Simulator\6GR Simulator_v2_clean_main\results\lls\webgui_sinr_sweep_64x4_mu_mimo_full\phase21_full_same_chain_sinr_20260808_01
exportLLSOutputCoverageArtifacts:publication_readiness_refreshed runFolder=C:\Users\anup0\OneDrive\Documents\Simulator\6GR Simulator_v2_clean_main\results\lls\webgui_sinr_sweep_64x4_mu_mimo_full\phase21_full_same_chain_sinr_20260808_01
exportLLSOutputCoverageArtifacts:inventory_written runFolder=C:\Users\anup0\OneDrive\Documents\Simulator\6GR Simulator_v2_clean_main\results\lls\webgui_sinr_sweep_64x4_mu_mimo_full\phase21_full_same_chain_sinr_20260808_01
exportLLSOutputCoverageArtifacts:done runFolder=C:\Users\anup0\OneDrive\Documents\Simulator\6GR Simulator_v2_clean_main\results\lls\webgui_sinr_sweep_64x4_mu_mimo_full\phase21_full_same_chain_sinr_20260808_01
[2026-08-08T03:31:45Z] INFO Recovered failed-run artifacts: scenario=webgui_sinr_sweep_64x4_mu_mimo_full profile=waveform_bundle truthOk=0
[2026-08-08T03:31:46Z] WARN Failed-run artifact recovery did not complete: MATLAB:minrhs | Not enough input arguments.
