[2026-08-08T05:34:06Z] INFO Preparing LLS run: scenario=webgui_sinr_sweep_64x4_mu_mimo_full runTag=phase21_full_same_chain_sinr_20260808_03 runFolder=C:\Users\anup0\OneDrive\Documents\Simulator\6GR Simulator_v2_clean_main\results\lls\webgui_sinr_sweep_64x4_mu_mimo_full\phase21_full_same_chain_sinr_20260808_03
Starting parallel pool (parpool) using the 'Processes' profile ...
Connected to parallel pool with 4 workers.
[2026-08-08T05:35:11Z] INFO MATLAB profiler enabled for this run.
[2026-08-08T05:35:11Z] INFO Artifact store active=0 backend=filesystem schema=
[2026-08-08T05:35:11Z] INFO Writing resolved snapshots.
[2026-08-08T05:35:13Z] INFO Exporting live geometry artifacts.
[2026-08-08T05:35:13Z] INFO Executing runner profile=waveform_bundle.
[2026-08-08T05:35:13Z] INFO Waveform bundle runtime tuning: policy=yaml_exact_truth_runtime notes=exact_yaml_runtime_no_auto_reduction
[2026-08-08T05:35:13Z] INFO Waveform bundle starting: snr=0.000 dB sweepPoints=3 canonicalSlots=40 monteCarlo=1 slotDuration_s=0.000500
[TR38901Plus] Resolved config: Scenario=UMa Fc_Hz=3500000000 PathlossModel=nrPathLoss ShadowSigma_dB=6 PathlossEnabled=0 ShadowEnabled=0 LOSEnabled=0
[2026-08-08T05:35:24Z] INFO Coupled canonical slot prepared: sweep=1/3 slot=1/40 duplex=DL allow_dl=1 allow_ul=0.
[2026-08-08T05:35:24Z] INFO Starting coupled pre-scheduling control gating for slot 1/120 with 4 UEs.
[2026-08-08T05:37:07Z] INFO Coupled control gating progress for slot 1/120: UE 1/4, PBCH=1 PRACH=0 SRS=0 TRS=1.
[2026-08-08T05:38:23Z] INFO Coupled control gating progress for slot 1/120: UE 2/4, PBCH=2 PRACH=0 SRS=0 TRS=1.
[2026-08-08T05:39:35Z] INFO Coupled control gating progress for slot 1/120: UE 3/4, PBCH=3 PRACH=0 SRS=0 TRS=1.
[2026-08-08T05:40:49Z] INFO Coupled control gating progress for slot 1/120: UE 4/4, PBCH=4 PRACH=0 SRS=0 TRS=1.
[2026-08-08T05:40:49Z] INFO Coupled control gating complete: slot=1 frame=1 pbch_attempts=4 prach_attempts=0 srs_attempts=0 trs_attempts=1 acquired=4/4 access=0/4 valid_srs=0/4 valid_trs_cells=1/1 tracked_serving_users=4/4 eligible=0/4.
[2026-08-08T05:40:49Z] INFO Coupled control gating complete for slot 1/120: acquired=4/4 access=0/4 valid_srs=0/4 valid_trs_cells=1/1 tracked_serving_users=4/4 eligible=0/4.
[2026-08-08T05:40:50Z] INFO DL coupled publish: operating_point 1/3 configured_label_snr_dB=-20.000 ue=0/4 dlDirectionalFrames=0/40 ulDirectionalFrames=0/40 dlRows=0 ulRows=0.
[2026-08-08T05:40:51Z] INFO Coupled DL schedule complete: sweep=1/3 slot=1/40 active=0 granted=0 grants=0.
[2026-08-08T05:40:51Z] INFO Coupled DL PDCCH qualification complete: sweep=1/3 slot=1/40 executable_grants=0.
[2026-08-08T05:40:51Z] INFO Preparing coupled DL batches: sweep=1/3 slot=1/40 candidate_grants=0 batch_size=24.
[2026-08-08T05:40:53Z] INFO Coupled UL K2 preschedule complete: control_slot=1 due_slot=5 k2=4 active=0 granted=0 grants=0.
[2026-08-08T05:40:53Z] INFO Coupled canonical slot prepared: sweep=1/3 slot=2/40 duplex=DL allow_dl=1 allow_ul=0.
[2026-08-08T05:40:53Z] INFO Starting coupled pre-scheduling control gating for slot 2/120 with 4 UEs.
[2026-08-08T05:40:53Z] INFO Coupled control gating progress for slot 2/120: UE 1/4, PBCH=0 PRACH=0 SRS=0 TRS=0.
[2026-08-08T05:40:54Z] INFO Coupled control gating progress for slot 2/120: UE 2/4, PBCH=0 PRACH=0 SRS=0 TRS=0.
[2026-08-08T05:40:54Z] INFO Coupled control gating progress for slot 2/120: UE 3/4, PBCH=0 PRACH=0 SRS=0 TRS=0.
[2026-08-08T05:40:54Z] INFO Coupled control gating progress for slot 2/120: UE 4/4, PBCH=0 PRACH=0 SRS=0 TRS=0.
[2026-08-08T05:40:54Z] INFO Coupled control gating complete: slot=2 frame=1 pbch_attempts=0 prach_attempts=0 srs_attempts=0 trs_attempts=0 acquired=4/4 access=0/4 valid_srs=0/4 valid_trs_cells=1/1 tracked_serving_users=4/4 eligible=0/4.
[2026-08-08T05:40:54Z] INFO Coupled control gating complete for slot 2/120: acquired=4/4 access=0/4 valid_srs=0/4 valid_trs_cells=1/1 tracked_serving_users=4/4 eligible=0/4.
[2026-08-08T05:40:55Z] INFO DL coupled publish: operating_point 1/3 configured_label_snr_dB=-20.000 ue=0/4 dlDirectionalFrames=0/40 ulDirectionalFrames=0/40 dlRows=0 ulRows=0.
[2026-08-08T05:40:55Z] INFO Coupled DL schedule complete: sweep=1/3 slot=2/40 active=0 granted=0 grants=0.
[2026-08-08T05:40:55Z] INFO Coupled DL PDCCH qualification complete: sweep=1/3 slot=2/40 executable_grants=0.
[2026-08-08T05:40:55Z] INFO Preparing coupled DL batches: sweep=1/3 slot=2/40 candidate_grants=0 batch_size=24.
[2026-08-08T05:40:55Z] INFO Coupled UL K2 preschedule deferred: control_slot=2 reason=data_timing_rejected:target_hits_fixed_opposite_direction policy=no_valid_ul_occasion_from_current_dl_control_slot.
[2026-08-08T05:40:55Z] INFO Coupled canonical slot prepared: sweep=1/3 slot=3/40 duplex=DL allow_dl=1 allow_ul=0.
[2026-08-08T05:40:56Z] INFO Starting coupled pre-scheduling control gating for slot 3/120 with 4 UEs.
[2026-08-08T05:40:56Z] INFO Coupled control gating progress for slot 3/120: UE 1/4, PBCH=0 PRACH=0 SRS=0 TRS=0.
[2026-08-08T05:40:56Z] INFO Coupled control gating progress for slot 3/120: UE 2/4, PBCH=0 PRACH=0 SRS=0 TRS=0.
[2026-08-08T05:40:56Z] INFO Coupled control gating progress for slot 3/120: UE 3/4, PBCH=0 PRACH=0 SRS=0 TRS=0.
[2026-08-08T05:40:56Z] INFO Coupled control gating progress for slot 3/120: UE 4/4, PBCH=0 PRACH=0 SRS=0 TRS=0.
[2026-08-08T05:40:57Z] INFO Coupled control gating complete: slot=3 frame=1 pbch_attempts=0 prach_attempts=0 srs_attempts=0 trs_attempts=0 acquired=4/4 access=0/4 valid_srs=0/4 valid_trs_cells=1/1 tracked_serving_users=4/4 eligible=0/4.
[2026-08-08T05:40:57Z] INFO Coupled control gating complete for slot 3/120: acquired=4/4 access=0/4 valid_srs=0/4 valid_trs_cells=1/1 tracked_serving_users=4/4 eligible=0/4.
[2026-08-08T05:40:57Z] INFO DL coupled publish: operating_point 1/3 configured_label_snr_dB=-20.000 ue=0/4 dlDirectionalFrames=0/40 ulDirectionalFrames=0/40 dlRows=0 ulRows=0.
[2026-08-08T05:40:57Z] INFO Coupled DL schedule complete: sweep=1/3 slot=3/40 active=0 granted=0 grants=0.
[2026-08-08T05:40:57Z] INFO Coupled DL PDCCH qualification complete: sweep=1/3 slot=3/40 executable_grants=0.
[2026-08-08T05:40:57Z] INFO Preparing coupled DL batches: sweep=1/3 slot=3/40 candidate_grants=0 batch_size=24.
[2026-08-08T05:40:58Z] INFO Coupled UL K2 preschedule deferred: control_slot=3 reason=data_timing_rejected:target_hits_fixed_opposite_direction policy=no_valid_ul_occasion_from_current_dl_control_slot.
[2026-08-08T05:40:58Z] INFO Coupled canonical slot prepared: sweep=1/3 slot=4/40 duplex=FLEXIBLE_OR_MIXED allow_dl=1 allow_ul=1.
[2026-08-08T05:40:58Z] INFO Starting coupled pre-scheduling control gating for slot 4/120 with 4 UEs.
[2026-08-08T05:40:58Z] INFO Coupled control gating progress for slot 4/120: UE 1/4, PBCH=0 PRACH=0 SRS=0 TRS=0.
[2026-08-08T05:40:58Z] INFO Coupled control gating progress for slot 4/120: UE 2/4, PBCH=0 PRACH=0 SRS=0 TRS=0.
[2026-08-08T05:40:58Z] INFO Coupled control gating progress for slot 4/120: UE 3/4, PBCH=0 PRACH=0 SRS=0 TRS=0.
[2026-08-08T05:40:58Z] INFO Coupled control gating progress for slot 4/120: UE 4/4, PBCH=0 PRACH=0 SRS=0 TRS=0.
[2026-08-08T05:40:59Z] INFO Coupled control gating complete: slot=4 frame=1 pbch_attempts=0 prach_attempts=0 srs_attempts=0 trs_attempts=0 acquired=4/4 access=0/4 valid_srs=0/4 valid_trs_cells=1/1 tracked_serving_users=4/4 eligible=0/4.
[2026-08-08T05:40:59Z] INFO Coupled control gating complete for slot 4/120: acquired=4/4 access=0/4 valid_srs=0/4 valid_trs_cells=1/1 tracked_serving_users=4/4 eligible=0/4.
[2026-08-08T05:40:59Z] INFO DL coupled publish: operating_point 1/3 configured_label_snr_dB=-20.000 ue=0/4 dlDirectionalFrames=0/40 ulDirectionalFrames=0/40 dlRows=0 ulRows=0.
[2026-08-08T05:40:59Z] INFO Coupled DL scheduling deferred: sweep=1/3 slot=4/40 reason=configured_dl_symbol_allocation_not_available_in_tdd_slot policy=no_valid_harq_ack_occasion_from_current_dl_slot.
[2026-08-08T05:40:59Z] INFO Coupled DL schedule complete: sweep=1/3 slot=4/40 active=0 granted=0 grants=0.
[2026-08-08T05:40:59Z] INFO Coupled DL PDCCH qualification complete: sweep=1/3 slot=4/40 executable_grants=0.
[2026-08-08T05:40:59Z] INFO Preparing coupled DL batches: sweep=1/3 slot=4/40 candidate_grants=0 batch_size=24.
[2026-08-08T05:40:59Z] INFO Coupled UL K2 preschedule deferred: control_slot=4 reason=data_timing_rejected:target_hits_fixed_opposite_direction policy=no_valid_ul_occasion_from_current_dl_control_slot.
[2026-08-08T05:40:59Z] INFO Coupled UL queued grant lookup complete: sweep=1/3 slot=4/40 due_grants=0 pending_grants=0.
[2026-08-08T05:40:59Z] INFO Coupled canonical slot prepared: sweep=1/3 slot=5/40 duplex=UL allow_dl=0 allow_ul=1.
[2026-08-08T05:41:00Z] INFO Starting coupled pre-scheduling control gating for slot 5/120 with 4 UEs.
[2026-08-08T05:41:00Z] INFO Coupled control gating progress for slot 5/120: UE 1/4, PBCH=0 PRACH=0 SRS=0 TRS=0.
[2026-08-08T05:41:00Z] INFO Coupled control gating progress for slot 5/120: UE 2/4, PBCH=0 PRACH=0 SRS=0 TRS=0.
[2026-08-08T05:41:00Z] INFO Coupled control gating progress for slot 5/120: UE 3/4, PBCH=0 PRACH=0 SRS=0 TRS=0.
[2026-08-08T05:41:00Z] INFO Coupled control gating progress for slot 5/120: UE 4/4, PBCH=0 PRACH=0 SRS=0 TRS=0.
[2026-08-08T05:41:01Z] INFO Coupled control gating complete: slot=5 frame=1 pbch_attempts=0 prach_attempts=0 srs_attempts=0 trs_attempts=0 acquired=4/4 access=0/4 valid_srs=0/4 valid_trs_cells=1/1 tracked_serving_users=4/4 eligible=0/4.
[2026-08-08T05:41:01Z] INFO Coupled control gating complete for slot 5/120: acquired=4/4 access=0/4 valid_srs=0/4 valid_trs_cells=1/1 tracked_serving_users=4/4 eligible=0/4.
[2026-08-08T05:41:01Z] INFO UL coupled publish: operating_point 1/3 configured_label_snr_dB=-20.000 ue=0/4 dlDirectionalFrames=0/40 ulDirectionalFrames=0/40 dlRows=0 ulRows=0.
[2026-08-08T05:41:01Z] INFO Coupled UL queued grant lookup complete: sweep=1/3 slot=5/40 due_grants=0 pending_grants=0.
[2026-08-08T05:41:01Z] INFO Coupled canonical slot prepared: sweep=1/3 slot=6/40 duplex=DL allow_dl=1 allow_ul=0.
[2026-08-08T05:41:02Z] INFO Starting coupled pre-scheduling control gating for slot 6/120 with 4 UEs.
[2026-08-08T05:41:02Z] INFO Coupled control gating progress for slot 6/120: UE 1/4, PBCH=0 PRACH=0 SRS=0 TRS=0.
[2026-08-08T05:41:02Z] INFO Coupled control gating progress for slot 6/120: UE 2/4, PBCH=0 PRACH=0 SRS=0 TRS=0.
[2026-08-08T05:41:02Z] INFO Coupled control gating progress for slot 6/120: UE 3/4, PBCH=0 PRACH=0 SRS=0 TRS=0.
[2026-08-08T05:41:02Z] INFO Coupled control gating progress for slot 6/120: UE 4/4, PBCH=0 PRACH=0 SRS=0 TRS=0.
[2026-08-08T05:41:02Z] INFO Coupled control gating complete: slot=6 frame=1 pbch_attempts=0 prach_attempts=0 srs_attempts=0 trs_attempts=0 acquired=4/4 access=0/4 valid_srs=0/4 valid_trs_cells=1/1 tracked_serving_users=4/4 eligible=0/4.
[2026-08-08T05:41:02Z] INFO Coupled control gating complete for slot 6/120: acquired=4/4 access=0/4 valid_srs=0/4 valid_trs_cells=1/1 tracked_serving_users=4/4 eligible=0/4.
[2026-08-08T05:41:03Z] INFO DL coupled publish: operating_point 1/3 configured_label_snr_dB=-20.000 ue=0/4 dlDirectionalFrames=0/40 ulDirectionalFrames=0/40 dlRows=0 ulRows=0.
[2026-08-08T05:41:03Z] INFO Coupled DL schedule complete: sweep=1/3 slot=6/40 active=0 granted=0 grants=0.
[2026-08-08T05:41:03Z] INFO Coupled DL PDCCH qualification complete: sweep=1/3 slot=6/40 executable_grants=0.
[2026-08-08T05:41:03Z] INFO Preparing coupled DL batches: sweep=1/3 slot=6/40 candidate_grants=0 batch_size=24.
[2026-08-08T05:41:03Z] INFO Coupled UL K2 preschedule complete: control_slot=6 due_slot=10 k2=4 active=0 granted=0 grants=0.
[2026-08-08T05:41:03Z] INFO Coupled canonical slot prepared: sweep=1/3 slot=7/40 duplex=DL allow_dl=1 allow_ul=0.
[2026-08-08T05:41:03Z] INFO Starting coupled pre-scheduling control gating for slot 7/120 with 4 UEs.
[2026-08-08T05:41:04Z] INFO Coupled control gating progress for slot 7/120: UE 1/4, PBCH=0 PRACH=0 SRS=0 TRS=0.
[2026-08-08T05:41:04Z] INFO Coupled control gating progress for slot 7/120: UE 2/4, PBCH=0 PRACH=0 SRS=0 TRS=0.
[2026-08-08T05:41:04Z] INFO Coupled control gating progress for slot 7/120: UE 3/4, PBCH=0 PRACH=0 SRS=0 TRS=0.
[2026-08-08T05:41:04Z] INFO Coupled control gating progress for slot 7/120: UE 4/4, PBCH=0 PRACH=0 SRS=0 TRS=0.
[2026-08-08T05:41:04Z] INFO Coupled control gating complete: slot=7 frame=1 pbch_attempts=0 prach_attempts=0 srs_attempts=0 trs_attempts=0 acquired=4/4 access=0/4 valid_srs=0/4 valid_trs_cells=1/1 tracked_serving_users=4/4 eligible=0/4.
[2026-08-08T05:41:04Z] INFO Coupled control gating complete for slot 7/120: acquired=4/4 access=0/4 valid_srs=0/4 valid_trs_cells=1/1 tracked_serving_users=4/4 eligible=0/4.
[2026-08-08T05:41:05Z] INFO DL coupled publish: operating_point 1/3 configured_label_snr_dB=-20.000 ue=0/4 dlDirectionalFrames=0/40 ulDirectionalFrames=0/40 dlRows=0 ulRows=0.
[2026-08-08T05:41:05Z] INFO Coupled DL schedule complete: sweep=1/3 slot=7/40 active=0 granted=0 grants=0.
[2026-08-08T05:41:05Z] INFO Coupled DL PDCCH qualification complete: sweep=1/3 slot=7/40 executable_grants=0.
[2026-08-08T05:41:05Z] INFO Preparing coupled DL batches: sweep=1/3 slot=7/40 candidate_grants=0 batch_size=24.
[2026-08-08T05:41:05Z] INFO Coupled UL K2 preschedule deferred: control_slot=7 reason=data_timing_rejected:target_hits_fixed_opposite_direction policy=no_valid_ul_occasion_from_current_dl_control_slot.
[2026-08-08T05:41:05Z] INFO Coupled canonical slot prepared: sweep=1/3 slot=8/40 duplex=DL allow_dl=1 allow_ul=0.
[2026-08-08T05:41:05Z] INFO Starting coupled pre-scheduling control gating for slot 8/120 with 4 UEs.
[2026-08-08T05:41:05Z] INFO Coupled control gating progress for slot 8/120: UE 1/4, PBCH=0 PRACH=0 SRS=0 TRS=0.
[2026-08-08T05:41:05Z] INFO Coupled control gating progress for slot 8/120: UE 2/4, PBCH=0 PRACH=0 SRS=0 TRS=0.
[2026-08-08T05:41:06Z] INFO Coupled control gating progress for slot 8/120: UE 3/4, PBCH=0 PRACH=0 SRS=0 TRS=0.
[2026-08-08T05:41:06Z] INFO Coupled control gating progress for slot 8/120: UE 4/4, PBCH=0 PRACH=0 SRS=0 TRS=0.
[2026-08-08T05:41:06Z] INFO Coupled control gating complete: slot=8 frame=1 pbch_attempts=0 prach_attempts=0 srs_attempts=0 trs_attempts=0 acquired=4/4 access=0/4 valid_srs=0/4 valid_trs_cells=1/1 tracked_serving_users=4/4 eligible=0/4.
[2026-08-08T05:41:06Z] INFO Coupled control gating complete for slot 8/120: acquired=4/4 access=0/4 valid_srs=0/4 valid_trs_cells=1/1 tracked_serving_users=4/4 eligible=0/4.
[2026-08-08T05:41:06Z] INFO DL coupled publish: operating_point 1/3 configured_label_snr_dB=-20.000 ue=0/4 dlDirectionalFrames=0/40 ulDirectionalFrames=0/40 dlRows=0 ulRows=0.
[2026-08-08T05:41:06Z] INFO Coupled DL schedule complete: sweep=1/3 slot=8/40 active=0 granted=0 grants=0.
[2026-08-08T05:41:06Z] INFO Coupled DL PDCCH qualification complete: sweep=1/3 slot=8/40 executable_grants=0.
[2026-08-08T05:41:06Z] INFO Preparing coupled DL batches: sweep=1/3 slot=8/40 candidate_grants=0 batch_size=24.
[2026-08-08T05:41:06Z] INFO Coupled UL K2 preschedule deferred: control_slot=8 reason=data_timing_rejected:target_hits_fixed_opposite_direction policy=no_valid_ul_occasion_from_current_dl_control_slot.
[2026-08-08T05:41:06Z] INFO Coupled canonical slot prepared: sweep=1/3 slot=9/40 duplex=FLEXIBLE_OR_MIXED allow_dl=1 allow_ul=1.
[2026-08-08T05:41:06Z] INFO Starting coupled pre-scheduling control gating for slot 9/120 with 4 UEs.
[2026-08-08T05:41:07Z] INFO Coupled control gating progress for slot 9/120: UE 1/4, PBCH=0 PRACH=0 SRS=0 TRS=0.
[2026-08-08T05:41:07Z] INFO Coupled control gating progress for slot 9/120: UE 2/4, PBCH=0 PRACH=0 SRS=0 TRS=0.
[2026-08-08T05:41:07Z] INFO Coupled control gating progress for slot 9/120: UE 3/4, PBCH=0 PRACH=0 SRS=0 TRS=0.
[2026-08-08T05:41:07Z] INFO Coupled control gating progress for slot 9/120: UE 4/4, PBCH=0 PRACH=0 SRS=0 TRS=0.
[2026-08-08T05:41:07Z] INFO Coupled control gating complete: slot=9 frame=1 pbch_attempts=0 prach_attempts=0 srs_attempts=0 trs_attempts=0 acquired=4/4 access=0/4 valid_srs=0/4 valid_trs_cells=1/1 tracked_serving_users=4/4 eligible=0/4.
[2026-08-08T05:41:07Z] INFO Coupled control gating complete for slot 9/120: acquired=4/4 access=0/4 valid_srs=0/4 valid_trs_cells=1/1 tracked_serving_users=4/4 eligible=0/4.
[2026-08-08T05:41:08Z] INFO DL coupled publish: operating_point 1/3 configured_label_snr_dB=-20.000 ue=0/4 dlDirectionalFrames=0/40 ulDirectionalFrames=0/40 dlRows=0 ulRows=0.
[2026-08-08T05:41:08Z] INFO Coupled DL scheduling deferred: sweep=1/3 slot=9/40 reason=configured_dl_symbol_allocation_not_available_in_tdd_slot policy=no_valid_harq_ack_occasion_from_current_dl_slot.
[2026-08-08T05:41:08Z] INFO Coupled DL schedule complete: sweep=1/3 slot=9/40 active=0 granted=0 grants=0.
[2026-08-08T05:41:08Z] INFO Coupled DL PDCCH qualification complete: sweep=1/3 slot=9/40 executable_grants=0.
[2026-08-08T05:41:08Z] INFO Preparing coupled DL batches: sweep=1/3 slot=9/40 candidate_grants=0 batch_size=24.
[2026-08-08T05:41:08Z] INFO Coupled UL K2 preschedule deferred: control_slot=9 reason=data_timing_rejected:target_hits_fixed_opposite_direction policy=no_valid_ul_occasion_from_current_dl_control_slot.
[2026-08-08T05:41:08Z] INFO Coupled UL queued grant lookup complete: sweep=1/3 slot=9/40 due_grants=0 pending_grants=0.
[2026-08-08T05:41:08Z] INFO Coupled canonical slot prepared: sweep=1/3 slot=10/40 duplex=UL allow_dl=0 allow_ul=1.
[2026-08-08T05:41:08Z] INFO Starting coupled pre-scheduling control gating for slot 10/120 with 4 UEs.
[2026-08-08T05:41:14Z] INFO Coupled PRACH result: slot=10 ue=1 status=FAIL crc=0 ra_completed=false strict_ok=false tx_preamble=0 detected_preamble=? failure=preamble_not_detected.
[2026-08-08T05:41:14Z] INFO Coupled PRACH RA PDSCH evidence: slot=10 ue=1 msg2_crc=0 msg2_layers=? msg2_cfg_ports=? msg2_resolved_ports=? msg2_explicit_matrix=false msg2_precoding=/ msg2_tx_power_dBm=46 msg2_amp_scale=? msg2_timing_used=false msg2_timing=? msg2_posteq_sinr_dB=? msg2_hest_sinr_dB=? msg2_llr_finite=false msg4_crc=0 msg4_layers=? msg4_cfg_ports=? msg4_resolved_ports=? msg4_tx_power_dBm=46 msg4_amp_scale=?.
[2026-08-08T05:41:15Z] INFO Coupled control gating progress for slot 10/120: UE 1/4, PBCH=0 PRACH=1 SRS=0 TRS=0.
[2026-08-08T05:41:20Z] INFO Coupled PRACH result: slot=10 ue=2 status=FAIL crc=0 ra_completed=false strict_ok=false tx_preamble=1 detected_preamble=? failure=preamble_not_detected.
[2026-08-08T05:41:20Z] INFO Coupled PRACH RA PDSCH evidence: slot=10 ue=2 msg2_crc=0 msg2_layers=? msg2_cfg_ports=? msg2_resolved_ports=? msg2_explicit_matrix=false msg2_precoding=/ msg2_tx_power_dBm=46 msg2_amp_scale=? msg2_timing_used=false msg2_timing=? msg2_posteq_sinr_dB=? msg2_hest_sinr_dB=? msg2_llr_finite=false msg4_crc=0 msg4_layers=? msg4_cfg_ports=? msg4_resolved_ports=? msg4_tx_power_dBm=46 msg4_amp_scale=?.
[2026-08-08T05:41:20Z] INFO Coupled control gating progress for slot 10/120: UE 2/4, PBCH=0 PRACH=2 SRS=0 TRS=0.
[2026-08-08T05:41:25Z] INFO Coupled PRACH result: slot=10 ue=3 status=FAIL crc=0 ra_completed=false strict_ok=false tx_preamble=2 detected_preamble=? failure=preamble_not_detected.
[2026-08-08T05:41:25Z] INFO Coupled PRACH RA PDSCH evidence: slot=10 ue=3 msg2_crc=0 msg2_layers=? msg2_cfg_ports=? msg2_resolved_ports=? msg2_explicit_matrix=false msg2_precoding=/ msg2_tx_power_dBm=46 msg2_amp_scale=? msg2_timing_used=false msg2_timing=? msg2_posteq_sinr_dB=? msg2_hest_sinr_dB=? msg2_llr_finite=false msg4_crc=0 msg4_layers=? msg4_cfg_ports=? msg4_resolved_ports=? msg4_tx_power_dBm=46 msg4_amp_scale=?.
[2026-08-08T05:41:25Z] INFO Coupled control gating progress for slot 10/120: UE 3/4, PBCH=0 PRACH=3 SRS=0 TRS=0.
[2026-08-08T05:41:29Z] INFO Coupled PRACH result: slot=10 ue=4 status=FAIL crc=0 ra_completed=false strict_ok=false tx_preamble=3 detected_preamble=? failure=preamble_not_detected.
[2026-08-08T05:41:29Z] INFO Coupled PRACH RA PDSCH evidence: slot=10 ue=4 msg2_crc=0 msg2_layers=? msg2_cfg_ports=? msg2_resolved_ports=? msg2_explicit_matrix=false msg2_precoding=/ msg2_tx_power_dBm=46 msg2_amp_scale=? msg2_timing_used=false msg2_timing=? msg2_posteq_sinr_dB=? msg2_hest_sinr_dB=? msg2_llr_finite=false msg4_crc=0 msg4_layers=? msg4_cfg_ports=? msg4_resolved_ports=? msg4_tx_power_dBm=46 msg4_amp_scale=?.
[2026-08-08T05:41:30Z] INFO Coupled control gating progress for slot 10/120: UE 4/4, PBCH=0 PRACH=4 SRS=0 TRS=0.
[2026-08-08T05:41:30Z] INFO Coupled control gating complete: slot=10 frame=1 pbch_attempts=0 prach_attempts=4 srs_attempts=0 trs_attempts=0 acquired=4/4 access=0/4 valid_srs=0/4 valid_trs_cells=1/1 tracked_serving_users=4/4 eligible=0/4.
[2026-08-08T05:41:30Z] INFO Coupled control gating complete for slot 10/120: acquired=4/4 access=0/4 valid_srs=0/4 valid_trs_cells=1/1 tracked_serving_users=4/4 eligible=0/4.
[2026-08-08T05:41:30Z] INFO UL coupled publish: operating_point 1/3 configured_label_snr_dB=-20.000 ue=0/4 dlDirectionalFrames=0/40 ulDirectionalFrames=0/40 dlRows=0 ulRows=0.
[2026-08-08T05:41:30Z] INFO Coupled UL queued grant lookup complete: sweep=1/3 slot=10/40 due_grants=0 pending_grants=0.
[2026-08-08T05:41:30Z] INFO Coupled canonical slot prepared: sweep=1/3 slot=11/40 duplex=DL allow_dl=1 allow_ul=0.
[2026-08-08T05:41:30Z] INFO Starting coupled pre-scheduling control gating for slot 11/120 with 4 UEs.
[2026-08-08T05:41:31Z] INFO Coupled control gating progress for slot 11/120: UE 1/4, PBCH=0 PRACH=0 SRS=0 TRS=0.
[2026-08-08T05:41:31Z] INFO Coupled control gating progress for slot 11/120: UE 2/4, PBCH=0 PRACH=0 SRS=0 TRS=0.
[2026-08-08T05:41:31Z] INFO Coupled control gating progress for slot 11/120: UE 3/4, PBCH=0 PRACH=0 SRS=0 TRS=0.
[2026-08-08T05:41:31Z] INFO Coupled control gating progress for slot 11/120: UE 4/4, PBCH=0 PRACH=0 SRS=0 TRS=0.
[2026-08-08T05:41:31Z] INFO Coupled control gating complete: slot=11 frame=1 pbch_attempts=0 prach_attempts=0 srs_attempts=0 trs_attempts=0 acquired=4/4 access=0/4 valid_srs=0/4 valid_trs_cells=1/1 tracked_serving_users=4/4 eligible=0/4.
[2026-08-08T05:41:31Z] INFO Coupled control gating complete for slot 11/120: acquired=4/4 access=0/4 valid_srs=0/4 valid_trs_cells=1/1 tracked_serving_users=4/4 eligible=0/4.
[2026-08-08T05:41:32Z] INFO DL coupled publish: operating_point 1/3 configured_label_snr_dB=-20.000 ue=0/4 dlDirectionalFrames=0/40 ulDirectionalFrames=0/40 dlRows=0 ulRows=0.
[2026-08-08T05:41:32Z] INFO Coupled DL schedule complete: sweep=1/3 slot=11/40 active=0 granted=0 grants=0.
[2026-08-08T05:41:32Z] INFO Coupled DL PDCCH qualification complete: sweep=1/3 slot=11/40 executable_grants=0.
[2026-08-08T05:41:32Z] INFO Preparing coupled DL batches: sweep=1/3 slot=11/40 candidate_grants=0 batch_size=24.
[2026-08-08T05:41:32Z] INFO Coupled UL K2 preschedule complete: control_slot=11 due_slot=15 k2=4 active=0 granted=0 grants=0.
[2026-08-08T05:41:32Z] INFO Coupled canonical slot prepared: sweep=1/3 slot=12/40 duplex=DL allow_dl=1 allow_ul=0.
[2026-08-08T05:41:32Z] INFO Starting coupled pre-scheduling control gating for slot 12/120 with 4 UEs.
[2026-08-08T05:41:32Z] INFO Coupled control gating progress for slot 12/120: UE 1/4, PBCH=0 PRACH=0 SRS=0 TRS=0.
[2026-08-08T05:41:33Z] INFO Coupled control gating progress for slot 12/120: UE 2/4, PBCH=0 PRACH=0 SRS=0 TRS=0.
[2026-08-08T05:41:33Z] INFO Coupled control gating progress for slot 12/120: UE 3/4, PBCH=0 PRACH=0 SRS=0 TRS=0.
[2026-08-08T05:41:33Z] INFO Coupled control gating progress for slot 12/120: UE 4/4, PBCH=0 PRACH=0 SRS=0 TRS=0.
[2026-08-08T05:41:33Z] INFO Coupled control gating complete: slot=12 frame=1 pbch_attempts=0 prach_attempts=0 srs_attempts=0 trs_attempts=0 acquired=4/4 access=0/4 valid_srs=0/4 valid_trs_cells=1/1 tracked_serving_users=4/4 eligible=0/4.
[2026-08-08T05:41:33Z] INFO Coupled control gating complete for slot 12/120: acquired=4/4 access=0/4 valid_srs=0/4 valid_trs_cells=1/1 tracked_serving_users=4/4 eligible=0/4.
[2026-08-08T05:41:33Z] INFO DL coupled publish: operating_point 1/3 configured_label_snr_dB=-20.000 ue=0/4 dlDirectionalFrames=0/40 ulDirectionalFrames=0/40 dlRows=0 ulRows=0.
[2026-08-08T05:41:33Z] INFO Coupled DL schedule complete: sweep=1/3 slot=12/40 active=0 granted=0 grants=0.
[2026-08-08T05:41:33Z] INFO Coupled DL PDCCH qualification complete: sweep=1/3 slot=12/40 executable_grants=0.
[2026-08-08T05:41:33Z] INFO Preparing coupled DL batches: sweep=1/3 slot=12/40 candidate_grants=0 batch_size=24.
[2026-08-08T05:41:33Z] INFO Coupled UL K2 preschedule deferred: control_slot=12 reason=data_timing_rejected:target_hits_fixed_opposite_direction policy=no_valid_ul_occasion_from_current_dl_control_slot.
[2026-08-08T05:41:34Z] INFO Coupled canonical slot prepared: sweep=1/3 slot=13/40 duplex=DL allow_dl=1 allow_ul=0.
[2026-08-08T05:41:34Z] INFO Starting coupled pre-scheduling control gating for slot 13/120 with 4 UEs.
[2026-08-08T05:41:34Z] INFO Coupled control gating progress for slot 13/120: UE 1/4, PBCH=0 PRACH=0 SRS=0 TRS=0.
[2026-08-08T05:41:34Z] INFO Coupled control gating progress for slot 13/120: UE 2/4, PBCH=0 PRACH=0 SRS=0 TRS=0.
[2026-08-08T05:41:34Z] INFO Coupled control gating progress for slot 13/120: UE 3/4, PBCH=0 PRACH=0 SRS=0 TRS=0.
[2026-08-08T05:41:34Z] INFO Coupled control gating progress for slot 13/120: UE 4/4, PBCH=0 PRACH=0 SRS=0 TRS=0.
[2026-08-08T05:41:35Z] INFO Coupled control gating complete: slot=13 frame=1 pbch_attempts=0 prach_attempts=0 srs_attempts=0 trs_attempts=0 acquired=4/4 access=0/4 valid_srs=0/4 valid_trs_cells=1/1 tracked_serving_users=4/4 eligible=0/4.
[2026-08-08T05:41:35Z] INFO Coupled control gating complete for slot 13/120: acquired=4/4 access=0/4 valid_srs=0/4 valid_trs_cells=1/1 tracked_serving_users=4/4 eligible=0/4.
[2026-08-08T05:41:35Z] INFO DL coupled publish: operating_point 1/3 configured_label_snr_dB=-20.000 ue=0/4 dlDirectionalFrames=0/40 ulDirectionalFrames=0/40 dlRows=0 ulRows=0.
[2026-08-08T05:41:35Z] INFO Coupled DL schedule complete: sweep=1/3 slot=13/40 active=0 granted=0 grants=0.
[2026-08-08T05:41:35Z] INFO Coupled DL PDCCH qualification complete: sweep=1/3 slot=13/40 executable_grants=0.
[2026-08-08T05:41:35Z] INFO Preparing coupled DL batches: sweep=1/3 slot=13/40 candidate_grants=0 batch_size=24.
[2026-08-08T05:41:35Z] INFO Coupled UL K2 preschedule deferred: control_slot=13 reason=data_timing_rejected:target_hits_fixed_opposite_direction policy=no_valid_ul_occasion_from_current_dl_control_slot.
[2026-08-08T05:41:35Z] INFO Coupled canonical slot prepared: sweep=1/3 slot=14/40 duplex=FLEXIBLE_OR_MIXED allow_dl=1 allow_ul=1.
[2026-08-08T05:41:35Z] INFO Starting coupled pre-scheduling control gating for slot 14/120 with 4 UEs.
[2026-08-08T05:41:35Z] INFO Coupled control gating progress for slot 14/120: UE 1/4, PBCH=0 PRACH=0 SRS=0 TRS=0.
[2026-08-08T05:41:36Z] INFO Coupled control gating progress for slot 14/120: UE 2/4, PBCH=0 PRACH=0 SRS=0 TRS=0.
[2026-08-08T05:41:36Z] INFO Coupled control gating progress for slot 14/120: UE 3/4, PBCH=0 PRACH=0 SRS=0 TRS=0.
[2026-08-08T05:41:36Z] INFO Coupled control gating progress for slot 14/120: UE 4/4, PBCH=0 PRACH=0 SRS=0 TRS=0.
[2026-08-08T05:41:36Z] INFO Coupled control gating complete: slot=14 frame=1 pbch_attempts=0 prach_attempts=0 srs_attempts=0 trs_attempts=0 acquired=4/4 access=0/4 valid_srs=0/4 valid_trs_cells=1/1 tracked_serving_users=4/4 eligible=0/4.
[2026-08-08T05:41:36Z] INFO Coupled control gating complete for slot 14/120: acquired=4/4 access=0/4 valid_srs=0/4 valid_trs_cells=1/1 tracked_serving_users=4/4 eligible=0/4.
[2026-08-08T05:41:37Z] INFO DL coupled publish: operating_point 1/3 configured_label_snr_dB=-20.000 ue=0/4 dlDirectionalFrames=0/40 ulDirectionalFrames=0/40 dlRows=0 ulRows=0.
[2026-08-08T05:41:37Z] INFO Coupled DL scheduling deferred: sweep=1/3 slot=14/40 reason=configured_dl_symbol_allocation_not_available_in_tdd_slot policy=no_valid_harq_ack_occasion_from_current_dl_slot.
[2026-08-08T05:41:37Z] INFO Coupled DL schedule complete: sweep=1/3 slot=14/40 active=0 granted=0 grants=0.
[2026-08-08T05:41:37Z] INFO Coupled DL PDCCH qualification complete: sweep=1/3 slot=14/40 executable_grants=0.
[2026-08-08T05:41:37Z] INFO Preparing coupled DL batches: sweep=1/3 slot=14/40 candidate_grants=0 batch_size=24.
[2026-08-08T05:41:37Z] INFO Coupled UL K2 preschedule deferred: control_slot=14 reason=data_timing_rejected:target_hits_fixed_opposite_direction policy=no_valid_ul_occasion_from_current_dl_control_slot.
[2026-08-08T05:41:37Z] INFO Coupled UL queued grant lookup complete: sweep=1/3 slot=14/40 due_grants=0 pending_grants=0.
[2026-08-08T05:41:37Z] INFO Coupled canonical slot prepared: sweep=1/3 slot=15/40 duplex=UL allow_dl=0 allow_ul=1.
[2026-08-08T05:41:37Z] INFO Starting coupled pre-scheduling control gating for slot 15/120 with 4 UEs.
[2026-08-08T05:41:37Z] INFO Coupled control gating progress for slot 15/120: UE 1/4, PBCH=0 PRACH=0 SRS=0 TRS=0.
[2026-08-08T05:41:38Z] INFO Coupled control gating progress for slot 15/120: UE 2/4, PBCH=0 PRACH=0 SRS=0 TRS=0.
[2026-08-08T05:41:38Z] INFO Coupled control gating progress for slot 15/120: UE 3/4, PBCH=0 PRACH=0 SRS=0 TRS=0.
[2026-08-08T05:41:38Z] INFO Coupled control gating progress for slot 15/120: UE 4/4, PBCH=0 PRACH=0 SRS=0 TRS=0.
[2026-08-08T05:41:38Z] INFO Coupled control gating complete: slot=15 frame=1 pbch_attempts=0 prach_attempts=0 srs_attempts=0 trs_attempts=0 acquired=4/4 access=0/4 valid_srs=0/4 valid_trs_cells=1/1 tracked_serving_users=4/4 eligible=0/4.
[2026-08-08T05:41:38Z] INFO Coupled control gating complete for slot 15/120: acquired=4/4 access=0/4 valid_srs=0/4 valid_trs_cells=1/1 tracked_serving_users=4/4 eligible=0/4.
[2026-08-08T05:41:39Z] INFO UL coupled publish: operating_point 1/3 configured_label_snr_dB=-20.000 ue=0/4 dlDirectionalFrames=0/40 ulDirectionalFrames=0/40 dlRows=0 ulRows=0.
[2026-08-08T05:41:39Z] INFO Coupled UL queued grant lookup complete: sweep=1/3 slot=15/40 due_grants=0 pending_grants=0.
[2026-08-08T05:41:39Z] INFO Coupled canonical slot prepared: sweep=1/3 slot=16/40 duplex=DL allow_dl=1 allow_ul=0.
[2026-08-08T05:41:39Z] INFO Starting coupled pre-scheduling control gating for slot 16/120 with 4 UEs.
[2026-08-08T05:41:39Z] INFO Coupled control gating progress for slot 16/120: UE 1/4, PBCH=0 PRACH=0 SRS=0 TRS=0.
[2026-08-08T05:41:39Z] INFO Coupled control gating progress for slot 16/120: UE 2/4, PBCH=0 PRACH=0 SRS=0 TRS=0.
[2026-08-08T05:41:39Z] INFO Coupled control gating progress for slot 16/120: UE 3/4, PBCH=0 PRACH=0 SRS=0 TRS=0.
[2026-08-08T05:41:39Z] INFO Coupled control gating progress for slot 16/120: UE 4/4, PBCH=0 PRACH=0 SRS=0 TRS=0.
[2026-08-08T05:41:40Z] INFO Coupled control gating complete: slot=16 frame=1 pbch_attempts=0 prach_attempts=0 srs_attempts=0 trs_attempts=0 acquired=4/4 access=0/4 valid_srs=0/4 valid_trs_cells=1/1 tracked_serving_users=4/4 eligible=0/4.
[2026-08-08T05:41:40Z] INFO Coupled control gating complete for slot 16/120: acquired=4/4 access=0/4 valid_srs=0/4 valid_trs_cells=1/1 tracked_serving_users=4/4 eligible=0/4.
[2026-08-08T05:41:40Z] INFO DL coupled publish: operating_point 1/3 configured_label_snr_dB=-20.000 ue=0/4 dlDirectionalFrames=0/40 ulDirectionalFrames=0/40 dlRows=0 ulRows=0.
[2026-08-08T05:41:40Z] INFO Coupled DL schedule complete: sweep=1/3 slot=16/40 active=0 granted=0 grants=0.
[2026-08-08T05:41:40Z] INFO Coupled DL PDCCH qualification complete: sweep=1/3 slot=16/40 executable_grants=0.
[2026-08-08T05:41:40Z] INFO Preparing coupled DL batches: sweep=1/3 slot=16/40 candidate_grants=0 batch_size=24.
[2026-08-08T05:41:40Z] INFO Coupled UL K2 preschedule complete: control_slot=16 due_slot=20 k2=4 active=0 granted=0 grants=0.
[2026-08-08T05:41:40Z] INFO Coupled canonical slot prepared: sweep=1/3 slot=17/40 duplex=DL allow_dl=1 allow_ul=0.
[2026-08-08T05:41:40Z] INFO Starting coupled pre-scheduling control gating for slot 17/120 with 4 UEs.
[2026-08-08T05:41:41Z] INFO Coupled control gating progress for slot 17/120: UE 1/4, PBCH=0 PRACH=0 SRS=0 TRS=0.
[2026-08-08T05:41:41Z] INFO Coupled control gating progress for slot 17/120: UE 2/4, PBCH=0 PRACH=0 SRS=0 TRS=0.
[2026-08-08T05:41:41Z] INFO Coupled control gating progress for slot 17/120: UE 3/4, PBCH=0 PRACH=0 SRS=0 TRS=0.
[2026-08-08T05:41:41Z] INFO Coupled control gating progress for slot 17/120: UE 4/4, PBCH=0 PRACH=0 SRS=0 TRS=0.
[2026-08-08T05:41:42Z] INFO Coupled control gating complete: slot=17 frame=1 pbch_attempts=0 prach_attempts=0 srs_attempts=0 trs_attempts=0 acquired=4/4 access=0/4 valid_srs=0/4 valid_trs_cells=1/1 tracked_serving_users=4/4 eligible=0/4.
[2026-08-08T05:41:42Z] INFO Coupled control gating complete for slot 17/120: acquired=4/4 access=0/4 valid_srs=0/4 valid_trs_cells=1/1 tracked_serving_users=4/4 eligible=0/4.
[2026-08-08T05:41:42Z] INFO DL coupled publish: operating_point 1/3 configured_label_snr_dB=-20.000 ue=0/4 dlDirectionalFrames=0/40 ulDirectionalFrames=0/40 dlRows=0 ulRows=0.
[2026-08-08T05:41:42Z] INFO Coupled DL schedule complete: sweep=1/3 slot=17/40 active=0 granted=0 grants=0.
[2026-08-08T05:41:42Z] INFO Coupled DL PDCCH qualification complete: sweep=1/3 slot=17/40 executable_grants=0.
[2026-08-08T05:41:42Z] INFO Preparing coupled DL batches: sweep=1/3 slot=17/40 candidate_grants=0 batch_size=24.
[2026-08-08T05:41:42Z] INFO Coupled UL K2 preschedule deferred: control_slot=17 reason=data_timing_rejected:target_hits_fixed_opposite_direction policy=no_valid_ul_occasion_from_current_dl_control_slot.
[2026-08-08T05:41:42Z] INFO Coupled canonical slot prepared: sweep=1/3 slot=18/40 duplex=DL allow_dl=1 allow_ul=0.
[2026-08-08T05:41:42Z] INFO Starting coupled pre-scheduling control gating for slot 18/120 with 4 UEs.
[2026-08-08T05:41:42Z] INFO Coupled control gating progress for slot 18/120: UE 1/4, PBCH=0 PRACH=0 SRS=0 TRS=0.
[2026-08-08T05:41:42Z] INFO Coupled control gating progress for slot 18/120: UE 2/4, PBCH=0 PRACH=0 SRS=0 TRS=0.
[2026-08-08T05:41:43Z] INFO Coupled control gating progress for slot 18/120: UE 3/4, PBCH=0 PRACH=0 SRS=0 TRS=0.
[2026-08-08T05:41:43Z] INFO Coupled control gating progress for slot 18/120: UE 4/4, PBCH=0 PRACH=0 SRS=0 TRS=0.
[2026-08-08T05:41:43Z] INFO Coupled control gating complete: slot=18 frame=1 pbch_attempts=0 prach_attempts=0 srs_attempts=0 trs_attempts=0 acquired=4/4 access=0/4 valid_srs=0/4 valid_trs_cells=1/1 tracked_serving_users=4/4 eligible=0/4.
[2026-08-08T05:41:43Z] INFO Coupled control gating complete for slot 18/120: acquired=4/4 access=0/4 valid_srs=0/4 valid_trs_cells=1/1 tracked_serving_users=4/4 eligible=0/4.
[2026-08-08T05:41:43Z] INFO DL coupled publish: operating_point 1/3 configured_label_snr_dB=-20.000 ue=0/4 dlDirectionalFrames=0/40 ulDirectionalFrames=0/40 dlRows=0 ulRows=0.
[2026-08-08T05:41:43Z] INFO Coupled DL schedule complete: sweep=1/3 slot=18/40 active=0 granted=0 grants=0.
[2026-08-08T05:41:43Z] INFO Coupled DL PDCCH qualification complete: sweep=1/3 slot=18/40 executable_grants=0.
[2026-08-08T05:41:43Z] INFO Preparing coupled DL batches: sweep=1/3 slot=18/40 candidate_grants=0 batch_size=24.
[2026-08-08T05:41:43Z] INFO Coupled UL K2 preschedule deferred: control_slot=18 reason=data_timing_rejected:target_hits_fixed_opposite_direction policy=no_valid_ul_occasion_from_current_dl_control_slot.
[2026-08-08T05:41:43Z] INFO Coupled canonical slot prepared: sweep=1/3 slot=19/40 duplex=FLEXIBLE_OR_MIXED allow_dl=1 allow_ul=1.
[2026-08-08T05:41:43Z] INFO Starting coupled pre-scheduling control gating for slot 19/120 with 4 UEs.
[2026-08-08T05:41:44Z] INFO Coupled control gating progress for slot 19/120: UE 1/4, PBCH=0 PRACH=0 SRS=0 TRS=0.
[2026-08-08T05:41:44Z] INFO Coupled control gating progress for slot 19/120: UE 2/4, PBCH=0 PRACH=0 SRS=0 TRS=0.
[2026-08-08T05:41:44Z] INFO Coupled control gating progress for slot 19/120: UE 3/4, PBCH=0 PRACH=0 SRS=0 TRS=0.
[2026-08-08T05:41:44Z] INFO Coupled control gating progress for slot 19/120: UE 4/4, PBCH=0 PRACH=0 SRS=0 TRS=0.
[2026-08-08T05:41:44Z] INFO Coupled control gating complete: slot=19 frame=1 pbch_attempts=0 prach_attempts=0 srs_attempts=0 trs_attempts=0 acquired=4/4 access=0/4 valid_srs=0/4 valid_trs_cells=1/1 tracked_serving_users=4/4 eligible=0/4.
[2026-08-08T05:41:44Z] INFO Coupled control gating complete for slot 19/120: acquired=4/4 access=0/4 valid_srs=0/4 valid_trs_cells=1/1 tracked_serving_users=4/4 eligible=0/4.
[2026-08-08T05:41:45Z] INFO DL coupled publish: operating_point 1/3 configured_label_snr_dB=-20.000 ue=0/4 dlDirectionalFrames=0/40 ulDirectionalFrames=0/40 dlRows=0 ulRows=0.
[2026-08-08T05:41:45Z] INFO Coupled DL scheduling deferred: sweep=1/3 slot=19/40 reason=configured_dl_symbol_allocation_not_available_in_tdd_slot policy=no_valid_harq_ack_occasion_from_current_dl_slot.
[2026-08-08T05:41:45Z] INFO Coupled DL schedule complete: sweep=1/3 slot=19/40 active=0 granted=0 grants=0.
[2026-08-08T05:41:45Z] INFO Coupled DL PDCCH qualification complete: sweep=1/3 slot=19/40 executable_grants=0.
[2026-08-08T05:41:45Z] INFO Preparing coupled DL batches: sweep=1/3 slot=19/40 candidate_grants=0 batch_size=24.
[2026-08-08T05:41:45Z] INFO Coupled UL K2 preschedule deferred: control_slot=19 reason=data_timing_rejected:target_hits_fixed_opposite_direction policy=no_valid_ul_occasion_from_current_dl_control_slot.
[2026-08-08T05:41:45Z] INFO Coupled UL queued grant lookup complete: sweep=1/3 slot=19/40 due_grants=0 pending_grants=0.
[2026-08-08T05:41:45Z] INFO Coupled canonical slot prepared: sweep=1/3 slot=20/40 duplex=UL allow_dl=0 allow_ul=1.
[2026-08-08T05:41:45Z] INFO Starting coupled pre-scheduling control gating for slot 20/120 with 4 UEs.
[2026-08-08T05:41:45Z] INFO Coupled control gating progress for slot 20/120: UE 1/4, PBCH=0 PRACH=0 SRS=0 TRS=0.
[2026-08-08T05:41:45Z] INFO Coupled control gating progress for slot 20/120: UE 2/4, PBCH=0 PRACH=0 SRS=0 TRS=0.
[2026-08-08T05:41:45Z] INFO Coupled control gating progress for slot 20/120: UE 3/4, PBCH=0 PRACH=0 SRS=0 TRS=0.
[2026-08-08T05:41:46Z] INFO Coupled control gating progress for slot 20/120: UE 4/4, PBCH=0 PRACH=0 SRS=0 TRS=0.
[2026-08-08T05:41:46Z] INFO Coupled control gating complete: slot=20 frame=1 pbch_attempts=0 prach_attempts=0 srs_attempts=0 trs_attempts=0 acquired=4/4 access=0/4 valid_srs=0/4 valid_trs_cells=1/1 tracked_serving_users=4/4 eligible=0/4.
[2026-08-08T05:41:46Z] INFO Coupled control gating complete for slot 20/120: acquired=4/4 access=0/4 valid_srs=0/4 valid_trs_cells=1/1 tracked_serving_users=4/4 eligible=0/4.
[2026-08-08T05:41:46Z] INFO UL coupled publish: operating_point 1/3 configured_label_snr_dB=-20.000 ue=0/4 dlDirectionalFrames=0/40 ulDirectionalFrames=0/40 dlRows=0 ulRows=0.
[2026-08-08T05:41:46Z] INFO Coupled UL queued grant lookup complete: sweep=1/3 slot=20/40 due_grants=0 pending_grants=0.
[2026-08-08T05:41:46Z] INFO Coupled canonical slot prepared: sweep=1/3 slot=21/40 duplex=DL allow_dl=1 allow_ul=0.
[2026-08-08T05:41:46Z] INFO Starting coupled pre-scheduling control gating for slot 21/120 with 4 UEs.
[2026-08-08T05:41:49Z] INFO Coupled control gating progress for slot 21/120: UE 1/4, PBCH=0 PRACH=0 SRS=0 TRS=1.
[2026-08-08T05:41:49Z] INFO Coupled control gating progress for slot 21/120: UE 2/4, PBCH=0 PRACH=0 SRS=0 TRS=1.
[2026-08-08T05:41:50Z] INFO Coupled control gating progress for slot 21/120: UE 3/4, PBCH=0 PRACH=0 SRS=0 TRS=1.
[2026-08-08T05:41:50Z] INFO Coupled control gating progress for slot 21/120: UE 4/4, PBCH=0 PRACH=0 SRS=0 TRS=1.
[2026-08-08T05:41:50Z] INFO Coupled control gating complete: slot=21 frame=2 pbch_attempts=0 prach_attempts=0 srs_attempts=0 trs_attempts=1 acquired=4/4 access=0/4 valid_srs=0/4 valid_trs_cells=1/1 tracked_serving_users=4/4 eligible=0/4.
[2026-08-08T05:41:50Z] INFO Coupled control gating complete for slot 21/120: acquired=4/4 access=0/4 valid_srs=0/4 valid_trs_cells=1/1 tracked_serving_users=4/4 eligible=0/4.
[2026-08-08T05:41:50Z] INFO DL coupled publish: operating_point 1/3 configured_label_snr_dB=-20.000 ue=0/4 dlDirectionalFrames=0/40 ulDirectionalFrames=0/40 dlRows=0 ulRows=0.
[2026-08-08T05:41:50Z] INFO Coupled DL schedule complete: sweep=1/3 slot=21/40 active=0 granted=0 grants=0.
[2026-08-08T05:41:50Z] INFO Coupled DL PDCCH qualification complete: sweep=1/3 slot=21/40 executable_grants=0.
[2026-08-08T05:41:50Z] INFO Preparing coupled DL batches: sweep=1/3 slot=21/40 candidate_grants=0 batch_size=24.
[2026-08-08T05:41:50Z] INFO Coupled UL K2 preschedule complete: control_slot=21 due_slot=25 k2=4 active=0 granted=0 grants=0.
[2026-08-08T05:41:51Z] INFO Coupled canonical slot prepared: sweep=1/3 slot=22/40 duplex=DL allow_dl=1 allow_ul=0.
[2026-08-08T05:41:51Z] INFO Starting coupled pre-scheduling control gating for slot 22/120 with 4 UEs.
[2026-08-08T05:41:51Z] INFO Coupled control gating progress for slot 22/120: UE 1/4, PBCH=0 PRACH=0 SRS=0 TRS=0.
[2026-08-08T05:41:51Z] INFO Coupled control gating progress for slot 22/120: UE 2/4, PBCH=0 PRACH=0 SRS=0 TRS=0.
[2026-08-08T05:41:51Z] INFO Coupled control gating progress for slot 22/120: UE 3/4, PBCH=0 PRACH=0 SRS=0 TRS=0.
[2026-08-08T05:41:51Z] INFO Coupled control gating progress for slot 22/120: UE 4/4, PBCH=0 PRACH=0 SRS=0 TRS=0.
[2026-08-08T05:41:51Z] INFO Coupled control gating complete: slot=22 frame=2 pbch_attempts=0 prach_attempts=0 srs_attempts=0 trs_attempts=0 acquired=4/4 access=0/4 valid_srs=0/4 valid_trs_cells=1/1 tracked_serving_users=4/4 eligible=0/4.
[2026-08-08T05:41:51Z] INFO Coupled control gating complete for slot 22/120: acquired=4/4 access=0/4 valid_srs=0/4 valid_trs_cells=1/1 tracked_serving_users=4/4 eligible=0/4.
[2026-08-08T05:41:52Z] INFO DL coupled publish: operating_point 1/3 configured_label_snr_dB=-20.000 ue=0/4 dlDirectionalFrames=0/40 ulDirectionalFrames=0/40 dlRows=0 ulRows=0.
[2026-08-08T05:41:52Z] INFO Coupled DL schedule complete: sweep=1/3 slot=22/40 active=0 granted=0 grants=0.
[2026-08-08T05:41:52Z] INFO Coupled DL PDCCH qualification complete: sweep=1/3 slot=22/40 executable_grants=0.
[2026-08-08T05:41:52Z] INFO Preparing coupled DL batches: sweep=1/3 slot=22/40 candidate_grants=0 batch_size=24.
[2026-08-08T05:41:52Z] INFO Coupled UL K2 preschedule deferred: control_slot=22 reason=data_timing_rejected:target_hits_fixed_opposite_direction policy=no_valid_ul_occasion_from_current_dl_control_slot.
[2026-08-08T05:41:52Z] INFO Coupled canonical slot prepared: sweep=1/3 slot=23/40 duplex=DL allow_dl=1 allow_ul=0.
[2026-08-08T05:41:52Z] INFO Starting coupled pre-scheduling control gating for slot 23/120 with 4 UEs.
[2026-08-08T05:41:52Z] INFO Coupled control gating progress for slot 23/120: UE 1/4, PBCH=0 PRACH=0 SRS=0 TRS=0.
[2026-08-08T05:41:52Z] INFO Coupled control gating progress for slot 23/120: UE 2/4, PBCH=0 PRACH=0 SRS=0 TRS=0.
[2026-08-08T05:41:52Z] INFO Coupled control gating progress for slot 23/120: UE 3/4, PBCH=0 PRACH=0 SRS=0 TRS=0.
[2026-08-08T05:41:53Z] INFO Coupled control gating progress for slot 23/120: UE 4/4, PBCH=0 PRACH=0 SRS=0 TRS=0.
[2026-08-08T05:41:53Z] INFO Coupled control gating complete: slot=23 frame=2 pbch_attempts=0 prach_attempts=0 srs_attempts=0 trs_attempts=0 acquired=4/4 access=0/4 valid_srs=0/4 valid_trs_cells=1/1 tracked_serving_users=4/4 eligible=0/4.
[2026-08-08T05:41:53Z] INFO Coupled control gating complete for slot 23/120: acquired=4/4 access=0/4 valid_srs=0/4 valid_trs_cells=1/1 tracked_serving_users=4/4 eligible=0/4.
[2026-08-08T05:41:53Z] INFO DL coupled publish: operating_point 1/3 configured_label_snr_dB=-20.000 ue=0/4 dlDirectionalFrames=0/40 ulDirectionalFrames=0/40 dlRows=0 ulRows=0.
[2026-08-08T05:41:53Z] INFO Coupled DL schedule complete: sweep=1/3 slot=23/40 active=0 granted=0 grants=0.
[2026-08-08T05:41:53Z] INFO Coupled DL PDCCH qualification complete: sweep=1/3 slot=23/40 executable_grants=0.
[2026-08-08T05:41:53Z] INFO Preparing coupled DL batches: sweep=1/3 slot=23/40 candidate_grants=0 batch_size=24.
[2026-08-08T05:41:53Z] INFO Coupled UL K2 preschedule deferred: control_slot=23 reason=data_timing_rejected:target_hits_fixed_opposite_direction policy=no_valid_ul_occasion_from_current_dl_control_slot.
[2026-08-08T05:41:53Z] INFO Coupled canonical slot prepared: sweep=1/3 slot=24/40 duplex=FLEXIBLE_OR_MIXED allow_dl=1 allow_ul=1.
[2026-08-08T05:41:53Z] INFO Starting coupled pre-scheduling control gating for slot 24/120 with 4 UEs.
[2026-08-08T05:41:54Z] INFO Coupled control gating progress for slot 24/120: UE 1/4, PBCH=0 PRACH=0 SRS=0 TRS=0.
[2026-08-08T05:41:54Z] INFO Coupled control gating progress for slot 24/120: UE 2/4, PBCH=0 PRACH=0 SRS=0 TRS=0.
[2026-08-08T05:41:54Z] INFO Coupled control gating progress for slot 24/120: UE 3/4, PBCH=0 PRACH=0 SRS=0 TRS=0.
[2026-08-08T05:41:54Z] INFO Coupled control gating progress for slot 24/120: UE 4/4, PBCH=0 PRACH=0 SRS=0 TRS=0.
[2026-08-08T05:41:54Z] INFO Coupled control gating complete: slot=24 frame=2 pbch_attempts=0 prach_attempts=0 srs_attempts=0 trs_attempts=0 acquired=4/4 access=0/4 valid_srs=0/4 valid_trs_cells=1/1 tracked_serving_users=4/4 eligible=0/4.
[2026-08-08T05:41:54Z] INFO Coupled control gating complete for slot 24/120: acquired=4/4 access=0/4 valid_srs=0/4 valid_trs_cells=1/1 tracked_serving_users=4/4 eligible=0/4.
[2026-08-08T05:41:55Z] INFO DL coupled publish: operating_point 1/3 configured_label_snr_dB=-20.000 ue=0/4 dlDirectionalFrames=0/40 ulDirectionalFrames=0/40 dlRows=0 ulRows=0.
[2026-08-08T05:41:55Z] INFO Coupled DL scheduling deferred: sweep=1/3 slot=24/40 reason=configured_dl_symbol_allocation_not_available_in_tdd_slot policy=no_valid_harq_ack_occasion_from_current_dl_slot.
[2026-08-08T05:41:55Z] INFO Coupled DL schedule complete: sweep=1/3 slot=24/40 active=0 granted=0 grants=0.
[2026-08-08T05:41:55Z] INFO Coupled DL PDCCH qualification complete: sweep=1/3 slot=24/40 executable_grants=0.
[2026-08-08T05:41:55Z] INFO Preparing coupled DL batches: sweep=1/3 slot=24/40 candidate_grants=0 batch_size=24.
[2026-08-08T05:41:55Z] INFO Coupled UL K2 preschedule deferred: control_slot=24 reason=data_timing_rejected:target_hits_fixed_opposite_direction policy=no_valid_ul_occasion_from_current_dl_control_slot.
[2026-08-08T05:41:55Z] INFO Coupled UL queued grant lookup complete: sweep=1/3 slot=24/40 due_grants=0 pending_grants=0.
[2026-08-08T05:41:55Z] INFO Coupled canonical slot prepared: sweep=1/3 slot=25/40 duplex=UL allow_dl=0 allow_ul=1.
[2026-08-08T05:41:55Z] INFO Starting coupled pre-scheduling control gating for slot 25/120 with 4 UEs.
[2026-08-08T05:41:55Z] INFO Coupled control gating progress for slot 25/120: UE 1/4, PBCH=0 PRACH=0 SRS=0 TRS=0.
[2026-08-08T05:41:55Z] INFO Coupled control gating progress for slot 25/120: UE 2/4, PBCH=0 PRACH=0 SRS=0 TRS=0.
[2026-08-08T05:41:55Z] INFO Coupled control gating progress for slot 25/120: UE 3/4, PBCH=0 PRACH=0 SRS=0 TRS=0.
[2026-08-08T05:41:55Z] INFO Coupled control gating progress for slot 25/120: UE 4/4, PBCH=0 PRACH=0 SRS=0 TRS=0.
[2026-08-08T05:41:56Z] INFO Coupled control gating complete: slot=25 frame=2 pbch_attempts=0 prach_attempts=0 srs_attempts=0 trs_attempts=0 acquired=4/4 access=0/4 valid_srs=0/4 valid_trs_cells=1/1 tracked_serving_users=4/4 eligible=0/4.
[2026-08-08T05:41:56Z] INFO Coupled control gating complete for slot 25/120: acquired=4/4 access=0/4 valid_srs=0/4 valid_trs_cells=1/1 tracked_serving_users=4/4 eligible=0/4.
[2026-08-08T05:41:56Z] INFO UL coupled publish: operating_point 1/3 configured_label_snr_dB=-20.000 ue=0/4 dlDirectionalFrames=0/40 ulDirectionalFrames=0/40 dlRows=0 ulRows=0.
[2026-08-08T05:41:56Z] INFO Coupled UL queued grant lookup complete: sweep=1/3 slot=25/40 due_grants=0 pending_grants=0.
[2026-08-08T05:41:56Z] INFO Coupled canonical slot prepared: sweep=1/3 slot=26/40 duplex=DL allow_dl=1 allow_ul=0.
[2026-08-08T05:41:56Z] INFO Starting coupled pre-scheduling control gating for slot 26/120 with 4 UEs.
[2026-08-08T05:41:56Z] INFO Coupled control gating progress for slot 26/120: UE 1/4, PBCH=0 PRACH=0 SRS=0 TRS=0.
[2026-08-08T05:41:56Z] INFO Coupled control gating progress for slot 26/120: UE 2/4, PBCH=0 PRACH=0 SRS=0 TRS=0.
[2026-08-08T05:41:57Z] INFO Coupled control gating progress for slot 26/120: UE 3/4, PBCH=0 PRACH=0 SRS=0 TRS=0.
[2026-08-08T05:41:57Z] INFO Coupled control gating progress for slot 26/120: UE 4/4, PBCH=0 PRACH=0 SRS=0 TRS=0.
[2026-08-08T05:41:57Z] INFO Coupled control gating complete: slot=26 frame=2 pbch_attempts=0 prach_attempts=0 srs_attempts=0 trs_attempts=0 acquired=4/4 access=0/4 valid_srs=0/4 valid_trs_cells=1/1 tracked_serving_users=4/4 eligible=0/4.
[2026-08-08T05:41:57Z] INFO Coupled control gating complete for slot 26/120: acquired=4/4 access=0/4 valid_srs=0/4 valid_trs_cells=1/1 tracked_serving_users=4/4 eligible=0/4.
[2026-08-08T05:41:57Z] INFO DL coupled publish: operating_point 1/3 configured_label_snr_dB=-20.000 ue=0/4 dlDirectionalFrames=0/40 ulDirectionalFrames=0/40 dlRows=0 ulRows=0.
[2026-08-08T05:41:57Z] INFO Coupled DL schedule complete: sweep=1/3 slot=26/40 active=0 granted=0 grants=0.
[2026-08-08T05:41:57Z] INFO Coupled DL PDCCH qualification complete: sweep=1/3 slot=26/40 executable_grants=0.
[2026-08-08T05:41:57Z] INFO Preparing coupled DL batches: sweep=1/3 slot=26/40 candidate_grants=0 batch_size=24.
[2026-08-08T05:41:58Z] INFO Coupled UL K2 preschedule complete: control_slot=26 due_slot=30 k2=4 active=0 granted=0 grants=0.
[2026-08-08T05:41:58Z] INFO Coupled canonical slot prepared: sweep=1/3 slot=27/40 duplex=DL allow_dl=1 allow_ul=0.
[2026-08-08T05:41:58Z] INFO Starting coupled pre-scheduling control gating for slot 27/120 with 4 UEs.
[2026-08-08T05:41:58Z] INFO Coupled control gating progress for slot 27/120: UE 1/4, PBCH=0 PRACH=0 SRS=0 TRS=0.
[2026-08-08T05:41:58Z] INFO Coupled control gating progress for slot 27/120: UE 2/4, PBCH=0 PRACH=0 SRS=0 TRS=0.
[2026-08-08T05:41:58Z] INFO Coupled control gating progress for slot 27/120: UE 3/4, PBCH=0 PRACH=0 SRS=0 TRS=0.
[2026-08-08T05:41:58Z] INFO Coupled control gating progress for slot 27/120: UE 4/4, PBCH=0 PRACH=0 SRS=0 TRS=0.
[2026-08-08T05:41:59Z] INFO Coupled control gating complete: slot=27 frame=2 pbch_attempts=0 prach_attempts=0 srs_attempts=0 trs_attempts=0 acquired=4/4 access=0/4 valid_srs=0/4 valid_trs_cells=1/1 tracked_serving_users=4/4 eligible=0/4.
[2026-08-08T05:41:59Z] INFO Coupled control gating complete for slot 27/120: acquired=4/4 access=0/4 valid_srs=0/4 valid_trs_cells=1/1 tracked_serving_users=4/4 eligible=0/4.
[2026-08-08T05:41:59Z] INFO DL coupled publish: operating_point 1/3 configured_label_snr_dB=-20.000 ue=0/4 dlDirectionalFrames=0/40 ulDirectionalFrames=0/40 dlRows=0 ulRows=0.
[2026-08-08T05:41:59Z] INFO Coupled DL schedule complete: sweep=1/3 slot=27/40 active=0 granted=0 grants=0.
[2026-08-08T05:41:59Z] INFO Coupled DL PDCCH qualification complete: sweep=1/3 slot=27/40 executable_grants=0.
[2026-08-08T05:41:59Z] INFO Preparing coupled DL batches: sweep=1/3 slot=27/40 candidate_grants=0 batch_size=24.
[2026-08-08T05:41:59Z] INFO Coupled UL K2 preschedule deferred: control_slot=27 reason=data_timing_rejected:target_hits_fixed_opposite_direction policy=no_valid_ul_occasion_from_current_dl_control_slot.
[2026-08-08T05:41:59Z] INFO Coupled canonical slot prepared: sweep=1/3 slot=28/40 duplex=DL allow_dl=1 allow_ul=0.
[2026-08-08T05:41:59Z] INFO Starting coupled pre-scheduling control gating for slot 28/120 with 4 UEs.
[2026-08-08T05:41:59Z] INFO Coupled control gating progress for slot 28/120: UE 1/4, PBCH=0 PRACH=0 SRS=0 TRS=0.
[2026-08-08T05:41:59Z] INFO Coupled control gating progress for slot 28/120: UE 2/4, PBCH=0 PRACH=0 SRS=0 TRS=0.
[2026-08-08T05:42:00Z] INFO Coupled control gating progress for slot 28/120: UE 3/4, PBCH=0 PRACH=0 SRS=0 TRS=0.
[2026-08-08T05:42:00Z] INFO Coupled control gating progress for slot 28/120: UE 4/4, PBCH=0 PRACH=0 SRS=0 TRS=0.
[2026-08-08T05:42:00Z] INFO Coupled control gating complete: slot=28 frame=2 pbch_attempts=0 prach_attempts=0 srs_attempts=0 trs_attempts=0 acquired=4/4 access=0/4 valid_srs=0/4 valid_trs_cells=1/1 tracked_serving_users=4/4 eligible=0/4.
[2026-08-08T05:42:00Z] INFO Coupled control gating complete for slot 28/120: acquired=4/4 access=0/4 valid_srs=0/4 valid_trs_cells=1/1 tracked_serving_users=4/4 eligible=0/4.
[2026-08-08T05:42:00Z] INFO DL coupled publish: operating_point 1/3 configured_label_snr_dB=-20.000 ue=0/4 dlDirectionalFrames=0/40 ulDirectionalFrames=0/40 dlRows=0 ulRows=0.
[2026-08-08T05:42:00Z] INFO Coupled DL schedule complete: sweep=1/3 slot=28/40 active=0 granted=0 grants=0.
[2026-08-08T05:42:00Z] INFO Coupled DL PDCCH qualification complete: sweep=1/3 slot=28/40 executable_grants=0.
[2026-08-08T05:42:00Z] INFO Preparing coupled DL batches: sweep=1/3 slot=28/40 candidate_grants=0 batch_size=24.
[2026-08-08T05:42:00Z] INFO Coupled UL K2 preschedule deferred: control_slot=28 reason=data_timing_rejected:target_hits_fixed_opposite_direction policy=no_valid_ul_occasion_from_current_dl_control_slot.
[2026-08-08T05:42:00Z] INFO Coupled canonical slot prepared: sweep=1/3 slot=29/40 duplex=FLEXIBLE_OR_MIXED allow_dl=1 allow_ul=1.
[2026-08-08T05:42:00Z] INFO Starting coupled pre-scheduling control gating for slot 29/120 with 4 UEs.
[2026-08-08T05:42:01Z] INFO Coupled control gating progress for slot 29/120: UE 1/4, PBCH=0 PRACH=0 SRS=0 TRS=0.
[2026-08-08T05:42:01Z] INFO Coupled control gating progress for slot 29/120: UE 2/4, PBCH=0 PRACH=0 SRS=0 TRS=0.
[2026-08-08T05:42:01Z] INFO Coupled control gating progress for slot 29/120: UE 3/4, PBCH=0 PRACH=0 SRS=0 TRS=0.
[2026-08-08T05:42:01Z] INFO Coupled control gating progress for slot 29/120: UE 4/4, PBCH=0 PRACH=0 SRS=0 TRS=0.
[2026-08-08T05:42:01Z] INFO Coupled control gating complete: slot=29 frame=2 pbch_attempts=0 prach_attempts=0 srs_attempts=0 trs_attempts=0 acquired=4/4 access=0/4 valid_srs=0/4 valid_trs_cells=1/1 tracked_serving_users=4/4 eligible=0/4.
[2026-08-08T05:42:01Z] INFO Coupled control gating complete for slot 29/120: acquired=4/4 access=0/4 valid_srs=0/4 valid_trs_cells=1/1 tracked_serving_users=4/4 eligible=0/4.
[2026-08-08T05:42:02Z] INFO DL coupled publish: operating_point 1/3 configured_label_snr_dB=-20.000 ue=0/4 dlDirectionalFrames=0/40 ulDirectionalFrames=0/40 dlRows=0 ulRows=0.
[2026-08-08T05:42:02Z] INFO Coupled DL scheduling deferred: sweep=1/3 slot=29/40 reason=configured_dl_symbol_allocation_not_available_in_tdd_slot policy=no_valid_harq_ack_occasion_from_current_dl_slot.
[2026-08-08T05:42:02Z] INFO Coupled DL schedule complete: sweep=1/3 slot=29/40 active=0 granted=0 grants=0.
[2026-08-08T05:42:02Z] INFO Coupled DL PDCCH qualification complete: sweep=1/3 slot=29/40 executable_grants=0.
[2026-08-08T05:42:02Z] INFO Preparing coupled DL batches: sweep=1/3 slot=29/40 candidate_grants=0 batch_size=24.
[2026-08-08T05:42:02Z] INFO Coupled UL K2 preschedule deferred: control_slot=29 reason=data_timing_rejected:target_hits_fixed_opposite_direction policy=no_valid_ul_occasion_from_current_dl_control_slot.
[2026-08-08T05:42:02Z] INFO Coupled UL queued grant lookup complete: sweep=1/3 slot=29/40 due_grants=0 pending_grants=0.
[2026-08-08T05:42:02Z] INFO Coupled canonical slot prepared: sweep=1/3 slot=30/40 duplex=UL allow_dl=0 allow_ul=1.
[2026-08-08T05:42:02Z] INFO Starting coupled pre-scheduling control gating for slot 30/120 with 4 UEs.
[2026-08-08T05:42:06Z] INFO Coupled PRACH result: slot=30 ue=1 status=FAIL crc=0 ra_completed=false strict_ok=false tx_preamble=0 detected_preamble=? failure=preamble_not_detected.
[2026-08-08T05:42:06Z] INFO Coupled PRACH RA PDSCH evidence: slot=30 ue=1 msg2_crc=0 msg2_layers=? msg2_cfg_ports=? msg2_resolved_ports=? msg2_explicit_matrix=false msg2_precoding=/ msg2_tx_power_dBm=46 msg2_amp_scale=? msg2_timing_used=false msg2_timing=? msg2_posteq_sinr_dB=? msg2_hest_sinr_dB=? msg2_llr_finite=false msg4_crc=0 msg4_layers=? msg4_cfg_ports=? msg4_resolved_ports=? msg4_tx_power_dBm=46 msg4_amp_scale=?.
[2026-08-08T05:42:06Z] INFO Coupled control gating progress for slot 30/120: UE 1/4, PBCH=0 PRACH=1 SRS=0 TRS=0.
[2026-08-08T05:42:10Z] INFO Coupled PRACH result: slot=30 ue=2 status=FAIL crc=0 ra_completed=false strict_ok=false tx_preamble=1 detected_preamble=? failure=preamble_not_detected.
[2026-08-08T05:42:10Z] INFO Coupled PRACH RA PDSCH evidence: slot=30 ue=2 msg2_crc=0 msg2_layers=? msg2_cfg_ports=? msg2_resolved_ports=? msg2_explicit_matrix=false msg2_precoding=/ msg2_tx_power_dBm=46 msg2_amp_scale=? msg2_timing_used=false msg2_timing=? msg2_posteq_sinr_dB=? msg2_hest_sinr_dB=? msg2_llr_finite=false msg4_crc=0 msg4_layers=? msg4_cfg_ports=? msg4_resolved_ports=? msg4_tx_power_dBm=46 msg4_amp_scale=?.
[2026-08-08T05:42:11Z] INFO Coupled control gating progress for slot 30/120: UE 2/4, PBCH=0 PRACH=2 SRS=0 TRS=0.
[2026-08-08T05:42:14Z] INFO Coupled PRACH result: slot=30 ue=3 status=FAIL crc=0 ra_completed=false strict_ok=false tx_preamble=2 detected_preamble=? failure=preamble_not_detected.
[2026-08-08T05:42:14Z] INFO Coupled PRACH RA PDSCH evidence: slot=30 ue=3 msg2_crc=0 msg2_layers=? msg2_cfg_ports=? msg2_resolved_ports=? msg2_explicit_matrix=false msg2_precoding=/ msg2_tx_power_dBm=46 msg2_amp_scale=? msg2_timing_used=false msg2_timing=? msg2_posteq_sinr_dB=? msg2_hest_sinr_dB=? msg2_llr_finite=false msg4_crc=0 msg4_layers=? msg4_cfg_ports=? msg4_resolved_ports=? msg4_tx_power_dBm=46 msg4_amp_scale=?.
[2026-08-08T05:42:15Z] INFO Coupled control gating progress for slot 30/120: UE 3/4, PBCH=0 PRACH=3 SRS=0 TRS=0.
[2026-08-08T05:42:19Z] INFO Coupled PRACH result: slot=30 ue=4 status=FAIL crc=0 ra_completed=false strict_ok=false tx_preamble=3 detected_preamble=? failure=preamble_not_detected.
[2026-08-08T05:42:19Z] INFO Coupled PRACH RA PDSCH evidence: slot=30 ue=4 msg2_crc=0 msg2_layers=? msg2_cfg_ports=? msg2_resolved_ports=? msg2_explicit_matrix=false msg2_precoding=/ msg2_tx_power_dBm=46 msg2_amp_scale=? msg2_timing_used=false msg2_timing=? msg2_posteq_sinr_dB=? msg2_hest_sinr_dB=? msg2_llr_finite=false msg4_crc=0 msg4_layers=? msg4_cfg_ports=? msg4_resolved_ports=? msg4_tx_power_dBm=46 msg4_amp_scale=?.
[2026-08-08T05:42:19Z] INFO Coupled control gating progress for slot 30/120: UE 4/4, PBCH=0 PRACH=4 SRS=0 TRS=0.
[2026-08-08T05:42:19Z] INFO Coupled control gating complete: slot=30 frame=2 pbch_attempts=0 prach_attempts=4 srs_attempts=0 trs_attempts=0 acquired=4/4 access=0/4 valid_srs=0/4 valid_trs_cells=1/1 tracked_serving_users=4/4 eligible=0/4.
[2026-08-08T05:42:19Z] INFO Coupled control gating complete for slot 30/120: acquired=4/4 access=0/4 valid_srs=0/4 valid_trs_cells=1/1 tracked_serving_users=4/4 eligible=0/4.
[2026-08-08T05:42:19Z] INFO UL coupled publish: operating_point 1/3 configured_label_snr_dB=-20.000 ue=0/4 dlDirectionalFrames=0/40 ulDirectionalFrames=0/40 dlRows=0 ulRows=0.
[2026-08-08T05:42:19Z] INFO Coupled UL queued grant lookup complete: sweep=1/3 slot=30/40 due_grants=0 pending_grants=0.
[2026-08-08T05:42:20Z] INFO Coupled canonical slot prepared: sweep=1/3 slot=31/40 duplex=DL allow_dl=1 allow_ul=0.
[2026-08-08T05:42:20Z] INFO Starting coupled pre-scheduling control gating for slot 31/120 with 4 UEs.
[2026-08-08T05:42:20Z] INFO Coupled control gating progress for slot 31/120: UE 1/4, PBCH=0 PRACH=0 SRS=0 TRS=0.
[2026-08-08T05:42:20Z] INFO Coupled control gating progress for slot 31/120: UE 2/4, PBCH=0 PRACH=0 SRS=0 TRS=0.
[2026-08-08T05:42:20Z] INFO Coupled control gating progress for slot 31/120: UE 3/4, PBCH=0 PRACH=0 SRS=0 TRS=0.
[2026-08-08T05:42:20Z] INFO Coupled control gating progress for slot 31/120: UE 4/4, PBCH=0 PRACH=0 SRS=0 TRS=0.
[2026-08-08T05:42:20Z] INFO Coupled control gating complete: slot=31 frame=2 pbch_attempts=0 prach_attempts=0 srs_attempts=0 trs_attempts=0 acquired=4/4 access=0/4 valid_srs=0/4 valid_trs_cells=1/1 tracked_serving_users=4/4 eligible=0/4.
[2026-08-08T05:42:20Z] INFO Coupled control gating complete for slot 31/120: acquired=4/4 access=0/4 valid_srs=0/4 valid_trs_cells=1/1 tracked_serving_users=4/4 eligible=0/4.
[2026-08-08T05:42:21Z] INFO DL coupled publish: operating_point 1/3 configured_label_snr_dB=-20.000 ue=0/4 dlDirectionalFrames=0/40 ulDirectionalFrames=0/40 dlRows=0 ulRows=0.
[2026-08-08T05:42:21Z] INFO Coupled DL schedule complete: sweep=1/3 slot=31/40 active=0 granted=0 grants=0.
[2026-08-08T05:42:21Z] INFO Coupled DL PDCCH qualification complete: sweep=1/3 slot=31/40 executable_grants=0.
[2026-08-08T05:42:21Z] INFO Preparing coupled DL batches: sweep=1/3 slot=31/40 candidate_grants=0 batch_size=24.
[2026-08-08T05:42:21Z] INFO Coupled UL K2 preschedule complete: control_slot=31 due_slot=35 k2=4 active=0 granted=0 grants=0.
[2026-08-08T05:42:21Z] INFO Coupled canonical slot prepared: sweep=1/3 slot=32/40 duplex=DL allow_dl=1 allow_ul=0.
[2026-08-08T05:42:21Z] INFO Starting coupled pre-scheduling control gating for slot 32/120 with 4 UEs.
[2026-08-08T05:42:21Z] INFO Coupled control gating progress for slot 32/120: UE 1/4, PBCH=0 PRACH=0 SRS=0 TRS=0.
[2026-08-08T05:42:22Z] INFO Coupled control gating progress for slot 32/120: UE 2/4, PBCH=0 PRACH=0 SRS=0 TRS=0.
[2026-08-08T05:42:22Z] INFO Coupled control gating progress for slot 32/120: UE 3/4, PBCH=0 PRACH=0 SRS=0 TRS=0.
[2026-08-08T05:42:22Z] INFO Coupled control gating progress for slot 32/120: UE 4/4, PBCH=0 PRACH=0 SRS=0 TRS=0.
[2026-08-08T05:42:22Z] INFO Coupled control gating complete: slot=32 frame=2 pbch_attempts=0 prach_attempts=0 srs_attempts=0 trs_attempts=0 acquired=4/4 access=0/4 valid_srs=0/4 valid_trs_cells=1/1 tracked_serving_users=4/4 eligible=0/4.
[2026-08-08T05:42:22Z] INFO Coupled control gating complete for slot 32/120: acquired=4/4 access=0/4 valid_srs=0/4 valid_trs_cells=1/1 tracked_serving_users=4/4 eligible=0/4.
[2026-08-08T05:42:22Z] INFO DL coupled publish: operating_point 1/3 configured_label_snr_dB=-20.000 ue=0/4 dlDirectionalFrames=0/40 ulDirectionalFrames=0/40 dlRows=0 ulRows=0.
[2026-08-08T05:42:22Z] INFO Coupled DL schedule complete: sweep=1/3 slot=32/40 active=0 granted=0 grants=0.
[2026-08-08T05:42:22Z] INFO Coupled DL PDCCH qualification complete: sweep=1/3 slot=32/40 executable_grants=0.
[2026-08-08T05:42:22Z] INFO Preparing coupled DL batches: sweep=1/3 slot=32/40 candidate_grants=0 batch_size=24.
[2026-08-08T05:42:22Z] INFO Coupled UL K2 preschedule deferred: control_slot=32 reason=data_timing_rejected:target_hits_fixed_opposite_direction policy=no_valid_ul_occasion_from_current_dl_control_slot.
[2026-08-08T05:42:22Z] INFO Coupled canonical slot prepared: sweep=1/3 slot=33/40 duplex=DL allow_dl=1 allow_ul=0.
[2026-08-08T05:42:23Z] INFO Starting coupled pre-scheduling control gating for slot 33/120 with 4 UEs.
[2026-08-08T05:42:23Z] INFO Coupled control gating progress for slot 33/120: UE 1/4, PBCH=0 PRACH=0 SRS=0 TRS=0.
[2026-08-08T05:42:23Z] INFO Coupled control gating progress for slot 33/120: UE 2/4, PBCH=0 PRACH=0 SRS=0 TRS=0.
[2026-08-08T05:42:23Z] INFO Coupled control gating progress for slot 33/120: UE 3/4, PBCH=0 PRACH=0 SRS=0 TRS=0.
[2026-08-08T05:42:23Z] INFO Coupled control gating progress for slot 33/120: UE 4/4, PBCH=0 PRACH=0 SRS=0 TRS=0.
[2026-08-08T05:42:23Z] INFO Coupled control gating complete: slot=33 frame=2 pbch_attempts=0 prach_attempts=0 srs_attempts=0 trs_attempts=0 acquired=4/4 access=0/4 valid_srs=0/4 valid_trs_cells=1/1 tracked_serving_users=4/4 eligible=0/4.
[2026-08-08T05:42:23Z] INFO Coupled control gating complete for slot 33/120: acquired=4/4 access=0/4 valid_srs=0/4 valid_trs_cells=1/1 tracked_serving_users=4/4 eligible=0/4.
[2026-08-08T05:42:24Z] INFO DL coupled publish: operating_point 1/3 configured_label_snr_dB=-20.000 ue=0/4 dlDirectionalFrames=0/40 ulDirectionalFrames=0/40 dlRows=0 ulRows=0.
[2026-08-08T05:42:24Z] INFO Coupled DL schedule complete: sweep=1/3 slot=33/40 active=0 granted=0 grants=0.
[2026-08-08T05:42:24Z] INFO Coupled DL PDCCH qualification complete: sweep=1/3 slot=33/40 executable_grants=0.
[2026-08-08T05:42:24Z] INFO Preparing coupled DL batches: sweep=1/3 slot=33/40 candidate_grants=0 batch_size=24.
[2026-08-08T05:42:24Z] INFO Coupled UL K2 preschedule deferred: control_slot=33 reason=data_timing_rejected:target_hits_fixed_opposite_direction policy=no_valid_ul_occasion_from_current_dl_control_slot.
[2026-08-08T05:42:24Z] INFO Coupled canonical slot prepared: sweep=1/3 slot=34/40 duplex=FLEXIBLE_OR_MIXED allow_dl=1 allow_ul=1.
[2026-08-08T05:42:24Z] INFO Starting coupled pre-scheduling control gating for slot 34/120 with 4 UEs.
[2026-08-08T05:42:24Z] INFO Coupled control gating progress for slot 34/120: UE 1/4, PBCH=0 PRACH=0 SRS=0 TRS=0.
[2026-08-08T05:42:24Z] INFO Coupled control gating progress for slot 34/120: UE 2/4, PBCH=0 PRACH=0 SRS=0 TRS=0.
[2026-08-08T05:42:24Z] INFO Coupled control gating progress for slot 34/120: UE 3/4, PBCH=0 PRACH=0 SRS=0 TRS=0.
[2026-08-08T05:42:25Z] INFO Coupled control gating progress for slot 34/120: UE 4/4, PBCH=0 PRACH=0 SRS=0 TRS=0.
[2026-08-08T05:42:25Z] INFO Coupled control gating complete: slot=34 frame=2 pbch_attempts=0 prach_attempts=0 srs_attempts=0 trs_attempts=0 acquired=4/4 access=0/4 valid_srs=0/4 valid_trs_cells=1/1 tracked_serving_users=4/4 eligible=0/4.
[2026-08-08T05:42:25Z] INFO Coupled control gating complete for slot 34/120: acquired=4/4 access=0/4 valid_srs=0/4 valid_trs_cells=1/1 tracked_serving_users=4/4 eligible=0/4.
[2026-08-08T05:42:25Z] INFO DL coupled publish: operating_point 1/3 configured_label_snr_dB=-20.000 ue=0/4 dlDirectionalFrames=0/40 ulDirectionalFrames=0/40 dlRows=0 ulRows=0.
[2026-08-08T05:42:25Z] INFO Coupled DL scheduling deferred: sweep=1/3 slot=34/40 reason=configured_dl_symbol_allocation_not_available_in_tdd_slot policy=no_valid_harq_ack_occasion_from_current_dl_slot.
[2026-08-08T05:42:25Z] INFO Coupled DL schedule complete: sweep=1/3 slot=34/40 active=0 granted=0 grants=0.
[2026-08-08T05:42:25Z] INFO Coupled DL PDCCH qualification complete: sweep=1/3 slot=34/40 executable_grants=0.
[2026-08-08T05:42:25Z] INFO Preparing coupled DL batches: sweep=1/3 slot=34/40 candidate_grants=0 batch_size=24.
[2026-08-08T05:42:25Z] INFO Coupled UL K2 preschedule deferred: control_slot=34 reason=data_timing_rejected:target_hits_fixed_opposite_direction policy=no_valid_ul_occasion_from_current_dl_control_slot.
[2026-08-08T05:42:25Z] INFO Coupled UL queued grant lookup complete: sweep=1/3 slot=34/40 due_grants=0 pending_grants=0.
[2026-08-08T05:42:25Z] INFO Coupled canonical slot prepared: sweep=1/3 slot=35/40 duplex=UL allow_dl=0 allow_ul=1.
[2026-08-08T05:42:25Z] INFO Starting coupled pre-scheduling control gating for slot 35/120 with 4 UEs.
[2026-08-08T05:42:26Z] INFO Coupled control gating progress for slot 35/120: UE 1/4, PBCH=0 PRACH=0 SRS=0 TRS=0.
[2026-08-08T05:42:26Z] INFO Coupled control gating progress for slot 35/120: UE 2/4, PBCH=0 PRACH=0 SRS=0 TRS=0.
[2026-08-08T05:42:26Z] INFO Coupled control gating progress for slot 35/120: UE 3/4, PBCH=0 PRACH=0 SRS=0 TRS=0.
[2026-08-08T05:42:26Z] INFO Coupled control gating progress for slot 35/120: UE 4/4, PBCH=0 PRACH=0 SRS=0 TRS=0.
[2026-08-08T05:42:26Z] INFO Coupled control gating complete: slot=35 frame=2 pbch_attempts=0 prach_attempts=0 srs_attempts=0 trs_attempts=0 acquired=4/4 access=0/4 valid_srs=0/4 valid_trs_cells=1/1 tracked_serving_users=4/4 eligible=0/4.
[2026-08-08T05:42:26Z] INFO Coupled control gating complete for slot 35/120: acquired=4/4 access=0/4 valid_srs=0/4 valid_trs_cells=1/1 tracked_serving_users=4/4 eligible=0/4.
[2026-08-08T05:42:27Z] INFO UL coupled publish: operating_point 1/3 configured_label_snr_dB=-20.000 ue=0/4 dlDirectionalFrames=0/40 ulDirectionalFrames=0/40 dlRows=0 ulRows=0.
[2026-08-08T05:42:27Z] INFO Coupled UL queued grant lookup complete: sweep=1/3 slot=35/40 due_grants=0 pending_grants=0.
[2026-08-08T05:42:27Z] INFO Coupled canonical slot prepared: sweep=1/3 slot=36/40 duplex=DL allow_dl=1 allow_ul=0.
[2026-08-08T05:42:27Z] INFO Starting coupled pre-scheduling control gating for slot 36/120 with 4 UEs.
[2026-08-08T05:42:27Z] INFO Coupled control gating progress for slot 36/120: UE 1/4, PBCH=0 PRACH=0 SRS=0 TRS=0.
[2026-08-08T05:42:27Z] INFO Coupled control gating progress for slot 36/120: UE 2/4, PBCH=0 PRACH=0 SRS=0 TRS=0.
[2026-08-08T05:42:27Z] INFO Coupled control gating progress for slot 36/120: UE 3/4, PBCH=0 PRACH=0 SRS=0 TRS=0.
[2026-08-08T05:42:28Z] INFO Coupled control gating progress for slot 36/120: UE 4/4, PBCH=0 PRACH=0 SRS=0 TRS=0.
[2026-08-08T05:42:28Z] INFO Coupled control gating complete: slot=36 frame=2 pbch_attempts=0 prach_attempts=0 srs_attempts=0 trs_attempts=0 acquired=4/4 access=0/4 valid_srs=0/4 valid_trs_cells=1/1 tracked_serving_users=4/4 eligible=0/4.
[2026-08-08T05:42:28Z] INFO Coupled control gating complete for slot 36/120: acquired=4/4 access=0/4 valid_srs=0/4 valid_trs_cells=1/1 tracked_serving_users=4/4 eligible=0/4.
[2026-08-08T05:42:28Z] INFO DL coupled publish: operating_point 1/3 configured_label_snr_dB=-20.000 ue=0/4 dlDirectionalFrames=0/40 ulDirectionalFrames=0/40 dlRows=0 ulRows=0.
[2026-08-08T05:42:28Z] INFO Coupled DL schedule complete: sweep=1/3 slot=36/40 active=0 granted=0 grants=0.
[2026-08-08T05:42:28Z] INFO Coupled DL PDCCH qualification complete: sweep=1/3 slot=36/40 executable_grants=0.
[2026-08-08T05:42:28Z] INFO Preparing coupled DL batches: sweep=1/3 slot=36/40 candidate_grants=0 batch_size=24.
[2026-08-08T05:42:28Z] INFO Coupled UL K2 preschedule complete: control_slot=36 due_slot=40 k2=4 active=0 granted=0 grants=0.
[2026-08-08T05:42:28Z] INFO Coupled canonical slot prepared: sweep=1/3 slot=37/40 duplex=DL allow_dl=1 allow_ul=0.
[2026-08-08T05:42:28Z] INFO Starting coupled pre-scheduling control gating for slot 37/120 with 4 UEs.
[2026-08-08T05:42:29Z] INFO Coupled control gating progress for slot 37/120: UE 1/4, PBCH=0 PRACH=0 SRS=0 TRS=0.
[2026-08-08T05:42:29Z] INFO Coupled control gating progress for slot 37/120: UE 2/4, PBCH=0 PRACH=0 SRS=0 TRS=0.
[2026-08-08T05:42:29Z] INFO Coupled control gating progress for slot 37/120: UE 3/4, PBCH=0 PRACH=0 SRS=0 TRS=0.
[2026-08-08T05:42:29Z] INFO Coupled control gating progress for slot 37/120: UE 4/4, PBCH=0 PRACH=0 SRS=0 TRS=0.
[2026-08-08T05:42:29Z] INFO Coupled control gating complete: slot=37 frame=2 pbch_attempts=0 prach_attempts=0 srs_attempts=0 trs_attempts=0 acquired=4/4 access=0/4 valid_srs=0/4 valid_trs_cells=1/1 tracked_serving_users=4/4 eligible=0/4.
[2026-08-08T05:42:29Z] INFO Coupled control gating complete for slot 37/120: acquired=4/4 access=0/4 valid_srs=0/4 valid_trs_cells=1/1 tracked_serving_users=4/4 eligible=0/4.
[2026-08-08T05:42:29Z] INFO DL coupled publish: operating_point 1/3 configured_label_snr_dB=-20.000 ue=0/4 dlDirectionalFrames=0/40 ulDirectionalFrames=0/40 dlRows=0 ulRows=0.
[2026-08-08T05:42:30Z] INFO Coupled DL schedule complete: sweep=1/3 slot=37/40 active=0 granted=0 grants=0.
[2026-08-08T05:42:30Z] INFO Coupled DL PDCCH qualification complete: sweep=1/3 slot=37/40 executable_grants=0.
[2026-08-08T05:42:30Z] INFO Preparing coupled DL batches: sweep=1/3 slot=37/40 candidate_grants=0 batch_size=24.
[2026-08-08T05:42:30Z] INFO Coupled UL K2 preschedule deferred: control_slot=37 reason=data_timing_rejected:target_hits_fixed_opposite_direction policy=no_valid_ul_occasion_from_current_dl_control_slot.
[2026-08-08T05:42:30Z] INFO Coupled canonical slot prepared: sweep=1/3 slot=38/40 duplex=DL allow_dl=1 allow_ul=0.
[2026-08-08T05:42:30Z] INFO Starting coupled pre-scheduling control gating for slot 38/120 with 4 UEs.
[2026-08-08T05:42:30Z] INFO Coupled control gating progress for slot 38/120: UE 1/4, PBCH=0 PRACH=0 SRS=0 TRS=0.
[2026-08-08T05:42:30Z] INFO Coupled control gating progress for slot 38/120: UE 2/4, PBCH=0 PRACH=0 SRS=0 TRS=0.
[2026-08-08T05:42:30Z] INFO Coupled control gating progress for slot 38/120: UE 3/4, PBCH=0 PRACH=0 SRS=0 TRS=0.
[2026-08-08T05:42:30Z] INFO Coupled control gating progress for slot 38/120: UE 4/4, PBCH=0 PRACH=0 SRS=0 TRS=0.
[2026-08-08T05:42:31Z] INFO Coupled control gating complete: slot=38 frame=2 pbch_attempts=0 prach_attempts=0 srs_attempts=0 trs_attempts=0 acquired=4/4 access=0/4 valid_srs=0/4 valid_trs_cells=1/1 tracked_serving_users=4/4 eligible=0/4.
[2026-08-08T05:42:31Z] INFO Coupled control gating complete for slot 38/120: acquired=4/4 access=0/4 valid_srs=0/4 valid_trs_cells=1/1 tracked_serving_users=4/4 eligible=0/4.
[2026-08-08T05:42:31Z] INFO DL coupled publish: operating_point 1/3 configured_label_snr_dB=-20.000 ue=0/4 dlDirectionalFrames=0/40 ulDirectionalFrames=0/40 dlRows=0 ulRows=0.
[2026-08-08T05:42:31Z] INFO Coupled DL schedule complete: sweep=1/3 slot=38/40 active=0 granted=0 grants=0.
[2026-08-08T05:42:31Z] INFO Coupled DL PDCCH qualification complete: sweep=1/3 slot=38/40 executable_grants=0.
[2026-08-08T05:42:31Z] INFO Preparing coupled DL batches: sweep=1/3 slot=38/40 candidate_grants=0 batch_size=24.
[2026-08-08T05:42:31Z] INFO Coupled UL K2 preschedule deferred: control_slot=38 reason=data_timing_rejected:target_hits_fixed_opposite_direction policy=no_valid_ul_occasion_from_current_dl_control_slot.
[2026-08-08T05:42:31Z] INFO Coupled canonical slot prepared: sweep=1/3 slot=39/40 duplex=FLEXIBLE_OR_MIXED allow_dl=1 allow_ul=1.
[2026-08-08T05:42:31Z] INFO Starting coupled pre-scheduling control gating for slot 39/120 with 4 UEs.
[2026-08-08T05:42:31Z] INFO Coupled control gating progress for slot 39/120: UE 1/4, PBCH=0 PRACH=0 SRS=0 TRS=0.
[2026-08-08T05:42:32Z] INFO Coupled control gating progress for slot 39/120: UE 2/4, PBCH=0 PRACH=0 SRS=0 TRS=0.
[2026-08-08T05:42:32Z] INFO Coupled control gating progress for slot 39/120: UE 3/4, PBCH=0 PRACH=0 SRS=0 TRS=0.
[2026-08-08T05:42:32Z] INFO Coupled control gating progress for slot 39/120: UE 4/4, PBCH=0 PRACH=0 SRS=0 TRS=0.
[2026-08-08T05:42:32Z] INFO Coupled control gating complete: slot=39 frame=2 pbch_attempts=0 prach_attempts=0 srs_attempts=0 trs_attempts=0 acquired=4/4 access=0/4 valid_srs=0/4 valid_trs_cells=1/1 tracked_serving_users=4/4 eligible=0/4.
[2026-08-08T05:42:32Z] INFO Coupled control gating complete for slot 39/120: acquired=4/4 access=0/4 valid_srs=0/4 valid_trs_cells=1/1 tracked_serving_users=4/4 eligible=0/4.
[2026-08-08T05:42:33Z] INFO DL coupled publish: operating_point 1/3 configured_label_snr_dB=-20.000 ue=0/4 dlDirectionalFrames=0/40 ulDirectionalFrames=0/40 dlRows=0 ulRows=0.
[2026-08-08T05:42:33Z] INFO Coupled DL scheduling deferred: sweep=1/3 slot=39/40 reason=configured_dl_symbol_allocation_not_available_in_tdd_slot policy=no_valid_harq_ack_occasion_from_current_dl_slot.
[2026-08-08T05:42:33Z] INFO Coupled DL schedule complete: sweep=1/3 slot=39/40 active=0 granted=0 grants=0.
[2026-08-08T05:42:33Z] INFO Coupled DL PDCCH qualification complete: sweep=1/3 slot=39/40 executable_grants=0.
[2026-08-08T05:42:33Z] INFO Preparing coupled DL batches: sweep=1/3 slot=39/40 candidate_grants=0 batch_size=24.
[2026-08-08T05:42:33Z] INFO Coupled UL K2 preschedule deferred: control_slot=39 reason=data_timing_rejected:target_hits_fixed_opposite_direction policy=no_valid_ul_occasion_from_current_dl_control_slot.
[2026-08-08T05:42:33Z] INFO Coupled UL queued grant lookup complete: sweep=1/3 slot=39/40 due_grants=0 pending_grants=0.
[2026-08-08T05:42:33Z] INFO Coupled canonical slot prepared: sweep=1/3 slot=40/40 duplex=UL allow_dl=0 allow_ul=1.
[2026-08-08T05:42:33Z] INFO Starting coupled pre-scheduling control gating for slot 40/120 with 4 UEs.
[2026-08-08T05:42:33Z] INFO Coupled control gating progress for slot 40/120: UE 1/4, PBCH=0 PRACH=0 SRS=0 TRS=0.
[2026-08-08T05:42:34Z] INFO Coupled control gating progress for slot 40/120: UE 2/4, PBCH=0 PRACH=0 SRS=0 TRS=0.
[2026-08-08T05:42:34Z] INFO Coupled control gating progress for slot 40/120: UE 3/4, PBCH=0 PRACH=0 SRS=0 TRS=0.
[2026-08-08T05:42:34Z] INFO Coupled control gating progress for slot 40/120: UE 4/4, PBCH=0 PRACH=0 SRS=0 TRS=0.
[2026-08-08T05:42:34Z] INFO Coupled control gating complete: slot=40 frame=2 pbch_attempts=0 prach_attempts=0 srs_attempts=0 trs_attempts=0 acquired=4/4 access=0/4 valid_srs=0/4 valid_trs_cells=1/1 tracked_serving_users=4/4 eligible=0/4.
[2026-08-08T05:42:34Z] INFO Coupled control gating complete for slot 40/120: acquired=4/4 access=0/4 valid_srs=0/4 valid_trs_cells=1/1 tracked_serving_users=4/4 eligible=0/4.
[2026-08-08T05:42:34Z] INFO UL coupled publish: operating_point 1/3 configured_label_snr_dB=-20.000 ue=0/4 dlDirectionalFrames=0/40 ulDirectionalFrames=0/40 dlRows=0 ulRows=0.
[2026-08-08T05:42:34Z] INFO Coupled UL queued grant lookup complete: sweep=1/3 slot=40/40 due_grants=0 pending_grants=0.
[2026-08-08T05:42:34Z] INFO DL raw trial sweep progress: point 1/3, configured operating-point label -20.000 dB (not a measured SINR); PostEqSINR_dB pending; MeasuredTrialSINR_dB pending; ReceiverHestSINR_dB pending, rows=0.
[2026-08-08T05:42:34Z] INFO UL raw trial sweep progress: point 1/3, configured operating-point label -20.000 dB (not a measured SINR); PostEqSINR_dB pending; MeasuredTrialSINR_dB pending; ReceiverHestSINR_dB pending, rows=0.
[2026-08-08T05:42:35Z] INFO Reset causal HARQ, channel, reference-measurement, scheduler, link-adaptation and traffic-queue state at independent fixed-SNR point boundary: sweep=2/3 start_slot=41 snr_db=0.000 policy=independent_link_state_per_point.
[2026-08-08T05:42:35Z] INFO Coupled canonical slot prepared: sweep=2/3 slot=1/40 duplex=DL allow_dl=1 allow_ul=0.
[2026-08-08T05:42:35Z] INFO Starting coupled pre-scheduling control gating for slot 41/120 with 4 UEs.
[2026-08-08T05:42:38Z] INFO Coupled control gating progress for slot 41/120: UE 1/4, PBCH=0 PRACH=0 SRS=0 TRS=1.
[2026-08-08T05:42:38Z] INFO Coupled control gating progress for slot 41/120: UE 2/4, PBCH=0 PRACH=0 SRS=0 TRS=1.
[2026-08-08T05:42:38Z] INFO Coupled control gating progress for slot 41/120: UE 3/4, PBCH=0 PRACH=0 SRS=0 TRS=1.
[2026-08-08T05:42:38Z] INFO Coupled control gating progress for slot 41/120: UE 4/4, PBCH=0 PRACH=0 SRS=0 TRS=1.
[2026-08-08T05:42:38Z] INFO Coupled control gating complete: slot=41 frame=3 pbch_attempts=0 prach_attempts=0 srs_attempts=0 trs_attempts=1 acquired=4/4 access=0/4 valid_srs=0/4 valid_trs_cells=1/1 tracked_serving_users=4/4 eligible=0/4.
[2026-08-08T05:42:38Z] INFO Coupled control gating complete for slot 41/120: acquired=4/4 access=0/4 valid_srs=0/4 valid_trs_cells=1/1 tracked_serving_users=4/4 eligible=0/4.
[2026-08-08T05:42:39Z] INFO DL coupled publish: operating_point 2/3 configured_label_snr_dB=0.000 ue=0/4 dlDirectionalFrames=0/40 ulDirectionalFrames=0/40 dlRows=0 ulRows=0.
[2026-08-08T05:42:39Z] INFO Coupled DL schedule complete: sweep=2/3 slot=1/40 active=0 granted=0 grants=0.
[2026-08-08T05:42:39Z] INFO Coupled DL PDCCH qualification complete: sweep=2/3 slot=1/40 executable_grants=0.
[2026-08-08T05:42:39Z] INFO Preparing coupled DL batches: sweep=2/3 slot=1/40 candidate_grants=0 batch_size=24.
[2026-08-08T05:42:39Z] INFO Coupled UL K2 preschedule complete: control_slot=41 due_slot=45 k2=4 active=0 granted=0 grants=0.
[2026-08-08T05:42:39Z] INFO Coupled canonical slot prepared: sweep=2/3 slot=2/40 duplex=DL allow_dl=1 allow_ul=0.
[2026-08-08T05:42:39Z] INFO Starting coupled pre-scheduling control gating for slot 42/120 with 4 UEs.
[2026-08-08T05:42:40Z] INFO Coupled control gating progress for slot 42/120: UE 1/4, PBCH=0 PRACH=0 SRS=0 TRS=0.
[2026-08-08T05:42:40Z] INFO Coupled control gating progress for slot 42/120: UE 2/4, PBCH=0 PRACH=0 SRS=0 TRS=0.
[2026-08-08T05:42:40Z] INFO Coupled control gating progress for slot 42/120: UE 3/4, PBCH=0 PRACH=0 SRS=0 TRS=0.
[2026-08-08T05:42:40Z] INFO Coupled control gating progress for slot 42/120: UE 4/4, PBCH=0 PRACH=0 SRS=0 TRS=0.
[2026-08-08T05:42:40Z] INFO Coupled control gating complete: slot=42 frame=3 pbch_attempts=0 prach_attempts=0 srs_attempts=0 trs_attempts=0 acquired=4/4 access=0/4 valid_srs=0/4 valid_trs_cells=1/1 tracked_serving_users=4/4 eligible=0/4.
[2026-08-08T05:42:40Z] INFO Coupled control gating complete for slot 42/120: acquired=4/4 access=0/4 valid_srs=0/4 valid_trs_cells=1/1 tracked_serving_users=4/4 eligible=0/4.
[2026-08-08T05:42:41Z] INFO DL coupled publish: operating_point 2/3 configured_label_snr_dB=0.000 ue=0/4 dlDirectionalFrames=0/40 ulDirectionalFrames=0/40 dlRows=0 ulRows=0.
[2026-08-08T05:42:41Z] INFO Coupled DL schedule complete: sweep=2/3 slot=2/40 active=0 granted=0 grants=0.
[2026-08-08T05:42:41Z] INFO Coupled DL PDCCH qualification complete: sweep=2/3 slot=2/40 executable_grants=0.
[2026-08-08T05:42:41Z] INFO Preparing coupled DL batches: sweep=2/3 slot=2/40 candidate_grants=0 batch_size=24.
[2026-08-08T05:42:41Z] INFO Coupled UL K2 preschedule deferred: control_slot=42 reason=data_timing_rejected:target_hits_fixed_opposite_direction policy=no_valid_ul_occasion_from_current_dl_control_slot.
[2026-08-08T05:42:41Z] INFO Coupled canonical slot prepared: sweep=2/3 slot=3/40 duplex=DL allow_dl=1 allow_ul=0.
[2026-08-08T05:42:41Z] INFO Starting coupled pre-scheduling control gating for slot 43/120 with 4 UEs.
[2026-08-08T05:42:41Z] INFO Coupled control gating progress for slot 43/120: UE 1/4, PBCH=0 PRACH=0 SRS=0 TRS=0.
[2026-08-08T05:42:41Z] INFO Coupled control gating progress for slot 43/120: UE 2/4, PBCH=0 PRACH=0 SRS=0 TRS=0.
[2026-08-08T05:42:41Z] INFO Coupled control gating progress for slot 43/120: UE 3/4, PBCH=0 PRACH=0 SRS=0 TRS=0.
[2026-08-08T05:42:42Z] INFO Coupled control gating progress for slot 43/120: UE 4/4, PBCH=0 PRACH=0 SRS=0 TRS=0.
[2026-08-08T05:42:42Z] INFO Coupled control gating complete: slot=43 frame=3 pbch_attempts=0 prach_attempts=0 srs_attempts=0 trs_attempts=0 acquired=4/4 access=0/4 valid_srs=0/4 valid_trs_cells=1/1 tracked_serving_users=4/4 eligible=0/4.
[2026-08-08T05:42:42Z] INFO Coupled control gating complete for slot 43/120: acquired=4/4 access=0/4 valid_srs=0/4 valid_trs_cells=1/1 tracked_serving_users=4/4 eligible=0/4.
[2026-08-08T05:42:42Z] INFO DL coupled publish: operating_point 2/3 configured_label_snr_dB=0.000 ue=0/4 dlDirectionalFrames=0/40 ulDirectionalFrames=0/40 dlRows=0 ulRows=0.
[2026-08-08T05:42:42Z] INFO Coupled DL schedule complete: sweep=2/3 slot=3/40 active=0 granted=0 grants=0.
[2026-08-08T05:42:42Z] INFO Coupled DL PDCCH qualification complete: sweep=2/3 slot=3/40 executable_grants=0.
[2026-08-08T05:42:42Z] INFO Preparing coupled DL batches: sweep=2/3 slot=3/40 candidate_grants=0 batch_size=24.
[2026-08-08T05:42:42Z] INFO Coupled UL K2 preschedule deferred: control_slot=43 reason=data_timing_rejected:target_hits_fixed_opposite_direction policy=no_valid_ul_occasion_from_current_dl_control_slot.
[2026-08-08T05:42:42Z] INFO Coupled canonical slot prepared: sweep=2/3 slot=4/40 duplex=FLEXIBLE_OR_MIXED allow_dl=1 allow_ul=1.
[2026-08-08T05:42:42Z] INFO Starting coupled pre-scheduling control gating for slot 44/120 with 4 UEs.
[2026-08-08T05:42:42Z] INFO Coupled control gating progress for slot 44/120: UE 1/4, PBCH=0 PRACH=0 SRS=0 TRS=0.
[2026-08-08T05:42:43Z] INFO Coupled control gating progress for slot 44/120: UE 2/4, PBCH=0 PRACH=0 SRS=0 TRS=0.
[2026-08-08T05:42:43Z] INFO Coupled control gating progress for slot 44/120: UE 3/4, PBCH=0 PRACH=0 SRS=0 TRS=0.
[2026-08-08T05:42:43Z] INFO Coupled control gating progress for slot 44/120: UE 4/4, PBCH=0 PRACH=0 SRS=0 TRS=0.
[2026-08-08T05:42:43Z] INFO Coupled control gating complete: slot=44 frame=3 pbch_attempts=0 prach_attempts=0 srs_attempts=0 trs_attempts=0 acquired=4/4 access=0/4 valid_srs=0/4 valid_trs_cells=1/1 tracked_serving_users=4/4 eligible=0/4.
[2026-08-08T05:42:43Z] INFO Coupled control gating complete for slot 44/120: acquired=4/4 access=0/4 valid_srs=0/4 valid_trs_cells=1/1 tracked_serving_users=4/4 eligible=0/4.
[2026-08-08T05:42:43Z] INFO DL coupled publish: operating_point 2/3 configured_label_snr_dB=0.000 ue=0/4 dlDirectionalFrames=0/40 ulDirectionalFrames=0/40 dlRows=0 ulRows=0.
[2026-08-08T05:42:43Z] INFO Coupled DL scheduling deferred: sweep=2/3 slot=4/40 reason=configured_dl_symbol_allocation_not_available_in_tdd_slot policy=no_valid_harq_ack_occasion_from_current_dl_slot.
[2026-08-08T05:42:43Z] INFO Coupled DL schedule complete: sweep=2/3 slot=4/40 active=0 granted=0 grants=0.
[2026-08-08T05:42:43Z] INFO Coupled DL PDCCH qualification complete: sweep=2/3 slot=4/40 executable_grants=0.
[2026-08-08T05:42:43Z] INFO Preparing coupled DL batches: sweep=2/3 slot=4/40 candidate_grants=0 batch_size=24.
[2026-08-08T05:42:43Z] INFO Coupled UL K2 preschedule deferred: control_slot=44 reason=data_timing_rejected:target_hits_fixed_opposite_direction policy=no_valid_ul_occasion_from_current_dl_control_slot.
[2026-08-08T05:42:43Z] INFO Coupled UL queued grant lookup complete: sweep=2/3 slot=4/40 due_grants=0 pending_grants=0.
[2026-08-08T05:42:43Z] INFO Coupled canonical slot prepared: sweep=2/3 slot=5/40 duplex=UL allow_dl=0 allow_ul=1.
[2026-08-08T05:42:43Z] INFO Starting coupled pre-scheduling control gating for slot 45/120 with 4 UEs.
[2026-08-08T05:42:44Z] INFO Coupled control gating progress for slot 45/120: UE 1/4, PBCH=0 PRACH=0 SRS=0 TRS=0.
[2026-08-08T05:42:44Z] INFO Coupled control gating progress for slot 45/120: UE 2/4, PBCH=0 PRACH=0 SRS=0 TRS=0.
[2026-08-08T05:42:44Z] INFO Coupled control gating progress for slot 45/120: UE 3/4, PBCH=0 PRACH=0 SRS=0 TRS=0.
[2026-08-08T05:42:44Z] INFO Coupled control gating progress for slot 45/120: UE 4/4, PBCH=0 PRACH=0 SRS=0 TRS=0.
[2026-08-08T05:42:44Z] INFO Coupled control gating complete: slot=45 frame=3 pbch_attempts=0 prach_attempts=0 srs_attempts=0 trs_attempts=0 acquired=4/4 access=0/4 valid_srs=0/4 valid_trs_cells=1/1 tracked_serving_users=4/4 eligible=0/4.
[2026-08-08T05:42:44Z] INFO Coupled control gating complete for slot 45/120: acquired=4/4 access=0/4 valid_srs=0/4 valid_trs_cells=1/1 tracked_serving_users=4/4 eligible=0/4.
[2026-08-08T05:42:45Z] INFO UL coupled publish: operating_point 2/3 configured_label_snr_dB=0.000 ue=0/4 dlDirectionalFrames=0/40 ulDirectionalFrames=0/40 dlRows=0 ulRows=0.
[2026-08-08T05:42:45Z] INFO Coupled UL queued grant lookup complete: sweep=2/3 slot=5/40 due_grants=0 pending_grants=0.
[2026-08-08T05:42:45Z] INFO Coupled canonical slot prepared: sweep=2/3 slot=6/40 duplex=DL allow_dl=1 allow_ul=0.
[2026-08-08T05:42:45Z] INFO Starting coupled pre-scheduling control gating for slot 46/120 with 4 UEs.
[2026-08-08T05:42:45Z] INFO Coupled control gating progress for slot 46/120: UE 1/4, PBCH=0 PRACH=0 SRS=0 TRS=0.
[2026-08-08T05:42:45Z] INFO Coupled control gating progress for slot 46/120: UE 2/4, PBCH=0 PRACH=0 SRS=0 TRS=0.
[2026-08-08T05:42:45Z] INFO Coupled control gating progress for slot 46/120: UE 3/4, PBCH=0 PRACH=0 SRS=0 TRS=0.
[2026-08-08T05:42:45Z] INFO Coupled control gating progress for slot 46/120: UE 4/4, PBCH=0 PRACH=0 SRS=0 TRS=0.
[2026-08-08T05:42:46Z] INFO Coupled control gating complete: slot=46 frame=3 pbch_attempts=0 prach_attempts=0 srs_attempts=0 trs_attempts=0 acquired=4/4 access=0/4 valid_srs=0/4 valid_trs_cells=1/1 tracked_serving_users=4/4 eligible=0/4.
[2026-08-08T05:42:46Z] INFO Coupled control gating complete for slot 46/120: acquired=4/4 access=0/4 valid_srs=0/4 valid_trs_cells=1/1 tracked_serving_users=4/4 eligible=0/4.
[2026-08-08T05:42:46Z] INFO DL coupled publish: operating_point 2/3 configured_label_snr_dB=0.000 ue=0/4 dlDirectionalFrames=0/40 ulDirectionalFrames=0/40 dlRows=0 ulRows=0.
[2026-08-08T05:42:46Z] INFO Coupled DL schedule complete: sweep=2/3 slot=6/40 active=0 granted=0 grants=0.
[2026-08-08T05:42:46Z] INFO Coupled DL PDCCH qualification complete: sweep=2/3 slot=6/40 executable_grants=0.
[2026-08-08T05:42:46Z] INFO Preparing coupled DL batches: sweep=2/3 slot=6/40 candidate_grants=0 batch_size=24.
[2026-08-08T05:42:46Z] INFO Coupled UL K2 preschedule complete: control_slot=46 due_slot=50 k2=4 active=0 granted=0 grants=0.
[2026-08-08T05:42:46Z] INFO Coupled canonical slot prepared: sweep=2/3 slot=7/40 duplex=DL allow_dl=1 allow_ul=0.
[2026-08-08T05:42:46Z] INFO Starting coupled pre-scheduling control gating for slot 47/120 with 4 UEs.
[2026-08-08T05:42:46Z] INFO Coupled control gating progress for slot 47/120: UE 1/4, PBCH=0 PRACH=0 SRS=0 TRS=0.
[2026-08-08T05:42:47Z] INFO Coupled control gating progress for slot 47/120: UE 2/4, PBCH=0 PRACH=0 SRS=0 TRS=0.
[2026-08-08T05:42:47Z] INFO Coupled control gating progress for slot 47/120: UE 3/4, PBCH=0 PRACH=0 SRS=0 TRS=0.
[2026-08-08T05:42:47Z] INFO Coupled control gating progress for slot 47/120: UE 4/4, PBCH=0 PRACH=0 SRS=0 TRS=0.
[2026-08-08T05:42:47Z] INFO Coupled control gating complete: slot=47 frame=3 pbch_attempts=0 prach_attempts=0 srs_attempts=0 trs_attempts=0 acquired=4/4 access=0/4 valid_srs=0/4 valid_trs_cells=1/1 tracked_serving_users=4/4 eligible=0/4.
[2026-08-08T05:42:47Z] INFO Coupled control gating complete for slot 47/120: acquired=4/4 access=0/4 valid_srs=0/4 valid_trs_cells=1/1 tracked_serving_users=4/4 eligible=0/4.
[2026-08-08T05:42:47Z] INFO DL coupled publish: operating_point 2/3 configured_label_snr_dB=0.000 ue=0/4 dlDirectionalFrames=0/40 ulDirectionalFrames=0/40 dlRows=0 ulRows=0.
[2026-08-08T05:42:47Z] INFO Coupled DL schedule complete: sweep=2/3 slot=7/40 active=0 granted=0 grants=0.
[2026-08-08T05:42:47Z] INFO Coupled DL PDCCH qualification complete: sweep=2/3 slot=7/40 executable_grants=0.
[2026-08-08T05:42:47Z] INFO Preparing coupled DL batches: sweep=2/3 slot=7/40 candidate_grants=0 batch_size=24.
[2026-08-08T05:42:47Z] INFO Coupled UL K2 preschedule deferred: control_slot=47 reason=data_timing_rejected:target_hits_fixed_opposite_direction policy=no_valid_ul_occasion_from_current_dl_control_slot.
[2026-08-08T05:42:47Z] INFO Coupled canonical slot prepared: sweep=2/3 slot=8/40 duplex=DL allow_dl=1 allow_ul=0.
[2026-08-08T05:42:47Z] INFO Starting coupled pre-scheduling control gating for slot 48/120 with 4 UEs.
[2026-08-08T05:42:48Z] INFO Coupled control gating progress for slot 48/120: UE 1/4, PBCH=0 PRACH=0 SRS=0 TRS=0.
[2026-08-08T05:42:48Z] INFO Coupled control gating progress for slot 48/120: UE 2/4, PBCH=0 PRACH=0 SRS=0 TRS=0.
[2026-08-08T05:42:48Z] INFO Coupled control gating progress for slot 48/120: UE 3/4, PBCH=0 PRACH=0 SRS=0 TRS=0.
[2026-08-08T05:42:48Z] INFO Coupled control gating progress for slot 48/120: UE 4/4, PBCH=0 PRACH=0 SRS=0 TRS=0.
[2026-08-08T05:42:48Z] INFO Coupled control gating complete: slot=48 frame=3 pbch_attempts=0 prach_attempts=0 srs_attempts=0 trs_attempts=0 acquired=4/4 access=0/4 valid_srs=0/4 valid_trs_cells=1/1 tracked_serving_users=4/4 eligible=0/4.
[2026-08-08T05:42:48Z] INFO Coupled control gating complete for slot 48/120: acquired=4/4 access=0/4 valid_srs=0/4 valid_trs_cells=1/1 tracked_serving_users=4/4 eligible=0/4.
[2026-08-08T05:42:49Z] INFO DL coupled publish: operating_point 2/3 configured_label_snr_dB=0.000 ue=0/4 dlDirectionalFrames=0/40 ulDirectionalFrames=0/40 dlRows=0 ulRows=0.
[2026-08-08T05:42:49Z] INFO Coupled DL schedule complete: sweep=2/3 slot=8/40 active=0 granted=0 grants=0.
[2026-08-08T05:42:49Z] INFO Coupled DL PDCCH qualification complete: sweep=2/3 slot=8/40 executable_grants=0.
[2026-08-08T05:42:49Z] INFO Preparing coupled DL batches: sweep=2/3 slot=8/40 candidate_grants=0 batch_size=24.
[2026-08-08T05:42:49Z] INFO Coupled UL K2 preschedule deferred: control_slot=48 reason=data_timing_rejected:target_hits_fixed_opposite_direction policy=no_valid_ul_occasion_from_current_dl_control_slot.
[2026-08-08T05:42:49Z] INFO Coupled canonical slot prepared: sweep=2/3 slot=9/40 duplex=FLEXIBLE_OR_MIXED allow_dl=1 allow_ul=1.
[2026-08-08T05:42:49Z] INFO Starting coupled pre-scheduling control gating for slot 49/120 with 4 UEs.
[2026-08-08T05:42:49Z] INFO Coupled control gating progress for slot 49/120: UE 1/4, PBCH=0 PRACH=0 SRS=0 TRS=0.
[2026-08-08T05:42:50Z] INFO Coupled control gating progress for slot 49/120: UE 2/4, PBCH=0 PRACH=0 SRS=0 TRS=0.
[2026-08-08T05:42:50Z] INFO Coupled control gating progress for slot 49/120: UE 3/4, PBCH=0 PRACH=0 SRS=0 TRS=0.
[2026-08-08T05:42:50Z] INFO Coupled control gating progress for slot 49/120: UE 4/4, PBCH=0 PRACH=0 SRS=0 TRS=0.
[2026-08-08T05:42:51Z] INFO Coupled control gating complete: slot=49 frame=3 pbch_attempts=0 prach_attempts=0 srs_attempts=0 trs_attempts=0 acquired=4/4 access=0/4 valid_srs=0/4 valid_trs_cells=1/1 tracked_serving_users=4/4 eligible=0/4.
[2026-08-08T05:42:51Z] INFO Coupled control gating complete for slot 49/120: acquired=4/4 access=0/4 valid_srs=0/4 valid_trs_cells=1/1 tracked_serving_users=4/4 eligible=0/4.
[2026-08-08T05:42:51Z] INFO DL coupled publish: operating_point 2/3 configured_label_snr_dB=0.000 ue=0/4 dlDirectionalFrames=0/40 ulDirectionalFrames=0/40 dlRows=0 ulRows=0.
[2026-08-08T05:42:51Z] INFO Coupled DL scheduling deferred: sweep=2/3 slot=9/40 reason=configured_dl_symbol_allocation_not_available_in_tdd_slot policy=no_valid_harq_ack_occasion_from_current_dl_slot.
[2026-08-08T05:42:51Z] INFO Coupled DL schedule complete: sweep=2/3 slot=9/40 active=0 granted=0 grants=0.
[2026-08-08T05:42:51Z] INFO Coupled DL PDCCH qualification complete: sweep=2/3 slot=9/40 executable_grants=0.
[2026-08-08T05:42:51Z] INFO Preparing coupled DL batches: sweep=2/3 slot=9/40 candidate_grants=0 batch_size=24.
[2026-08-08T05:42:51Z] INFO Coupled UL K2 preschedule deferred: control_slot=49 reason=data_timing_rejected:target_hits_fixed_opposite_direction policy=no_valid_ul_occasion_from_current_dl_control_slot.
[2026-08-08T05:42:51Z] INFO Coupled UL queued grant lookup complete: sweep=2/3 slot=9/40 due_grants=0 pending_grants=0.
[2026-08-08T05:42:51Z] INFO Coupled canonical slot prepared: sweep=2/3 slot=10/40 duplex=UL allow_dl=0 allow_ul=1.
[2026-08-08T05:42:51Z] INFO Starting coupled pre-scheduling control gating for slot 50/120 with 4 UEs.
[2026-08-08T05:44:45Z] INFO Coupled PRACH result: slot=50 ue=1 status=PASS crc=1 ra_completed=true strict_ok=true tx_preamble=0 detected_preamble=0 failure=.
[2026-08-08T05:44:45Z] INFO Coupled PRACH RA PDSCH evidence: slot=50 ue=1 msg2_crc=1 msg2_layers=1 msg2_cfg_ports=1 msg2_resolved_ports=1 msg2_explicit_matrix=false msg2_precoding=siso_identity/ra_si_common_procedure_identity msg2_tx_power_dBm=46 msg2_amp_scale=14 msg2_timing_used=false msg2_timing=0 msg2_posteq_sinr_dB=18 msg2_hest_sinr_dB=18 msg2_llr_finite=true msg4_crc=1 msg4_layers=1 msg4_cfg_ports=1 msg4_resolved_ports=1 msg4_tx_power_dBm=46 msg4_amp_scale=14.
[2026-08-08T05:44:46Z] INFO Coupled control gating progress for slot 50/120: UE 1/4, PBCH=0 PRACH=1 SRS=0 TRS=0.
[2026-08-08T05:46:37Z] INFO Coupled PRACH result: slot=50 ue=2 status=PASS crc=1 ra_completed=true strict_ok=true tx_preamble=1 detected_preamble=1 failure=.
[2026-08-08T05:46:37Z] INFO Coupled PRACH RA PDSCH evidence: slot=50 ue=2 msg2_crc=1 msg2_layers=1 msg2_cfg_ports=1 msg2_resolved_ports=1 msg2_explicit_matrix=false msg2_precoding=siso_identity/ra_si_common_procedure_identity msg2_tx_power_dBm=46 msg2_amp_scale=14 msg2_timing_used=false msg2_timing=0 msg2_posteq_sinr_dB=18 msg2_hest_sinr_dB=18 msg2_llr_finite=true msg4_crc=1 msg4_layers=1 msg4_cfg_ports=1 msg4_resolved_ports=1 msg4_tx_power_dBm=46 msg4_amp_scale=14.
[2026-08-08T05:46:37Z] INFO Coupled control gating progress for slot 50/120: UE 2/4, PBCH=0 PRACH=2 SRS=0 TRS=0.
[2026-08-08T05:48:23Z] INFO Coupled PRACH result: slot=50 ue=3 status=PASS crc=1 ra_completed=true strict_ok=true tx_preamble=2 detected_preamble=2 failure=.
[2026-08-08T05:48:23Z] INFO Coupled PRACH RA PDSCH evidence: slot=50 ue=3 msg2_crc=1 msg2_layers=1 msg2_cfg_ports=1 msg2_resolved_ports=1 msg2_explicit_matrix=false msg2_precoding=siso_identity/ra_si_common_procedure_identity msg2_tx_power_dBm=46 msg2_amp_scale=14 msg2_timing_used=false msg2_timing=0 msg2_posteq_sinr_dB=18 msg2_hest_sinr_dB=18 msg2_llr_finite=true msg4_crc=1 msg4_layers=1 msg4_cfg_ports=1 msg4_resolved_ports=1 msg4_tx_power_dBm=46 msg4_amp_scale=14.
[2026-08-08T05:48:24Z] INFO Coupled control gating progress for slot 50/120: UE 3/4, PBCH=0 PRACH=3 SRS=0 TRS=0.
[2026-08-08T05:50:07Z] INFO Coupled PRACH result: slot=50 ue=4 status=PASS crc=1 ra_completed=true strict_ok=true tx_preamble=3 detected_preamble=3 failure=.
[2026-08-08T05:50:07Z] INFO Coupled PRACH RA PDSCH evidence: slot=50 ue=4 msg2_crc=1 msg2_layers=1 msg2_cfg_ports=1 msg2_resolved_ports=1 msg2_explicit_matrix=false msg2_precoding=siso_identity/ra_si_common_procedure_identity msg2_tx_power_dBm=46 msg2_amp_scale=14 msg2_timing_used=false msg2_timing=0 msg2_posteq_sinr_dB=17 msg2_hest_sinr_dB=17 msg2_llr_finite=true msg4_crc=1 msg4_layers=1 msg4_cfg_ports=1 msg4_resolved_ports=1 msg4_tx_power_dBm=46 msg4_amp_scale=14.
[2026-08-08T05:50:08Z] INFO Coupled control gating progress for slot 50/120: UE 4/4, PBCH=0 PRACH=4 SRS=0 TRS=0.
[2026-08-08T05:50:08Z] INFO Coupled control gating complete: slot=50 frame=3 pbch_attempts=0 prach_attempts=4 srs_attempts=0 trs_attempts=0 acquired=4/4 access=4/4 valid_srs=0/4 valid_trs_cells=1/1 tracked_serving_users=4/4 eligible=0/4.
[2026-08-08T05:50:08Z] INFO Coupled control gating complete for slot 50/120: acquired=4/4 access=4/4 valid_srs=0/4 valid_trs_cells=1/1 tracked_serving_users=4/4 eligible=0/4.
[2026-08-08T05:50:08Z] INFO UL coupled publish: operating_point 2/3 configured_label_snr_dB=0.000 ue=0/4 dlDirectionalFrames=0/40 ulDirectionalFrames=0/40 dlRows=0 ulRows=0.
[2026-08-08T05:50:08Z] INFO Coupled UL queued grant lookup complete: sweep=2/3 slot=10/40 due_grants=0 pending_grants=0.
[2026-08-08T05:50:09Z] INFO Coupled canonical slot prepared: sweep=2/3 slot=11/40 duplex=DL allow_dl=1 allow_ul=0.
[2026-08-08T05:50:09Z] INFO Starting coupled pre-scheduling control gating for slot 51/120 with 4 UEs.
[2026-08-08T05:50:09Z] INFO Coupled control gating progress for slot 51/120: UE 1/4, PBCH=0 PRACH=0 SRS=0 TRS=0.
[2026-08-08T05:50:09Z] INFO Coupled control gating progress for slot 51/120: UE 2/4, PBCH=0 PRACH=0 SRS=0 TRS=0.
[2026-08-08T05:50:09Z] INFO Coupled control gating progress for slot 51/120: UE 3/4, PBCH=0 PRACH=0 SRS=0 TRS=0.
[2026-08-08T05:50:09Z] INFO Coupled control gating progress for slot 51/120: UE 4/4, PBCH=0 PRACH=0 SRS=0 TRS=0.
[2026-08-08T05:50:10Z] INFO Coupled control gating complete: slot=51 frame=3 pbch_attempts=0 prach_attempts=0 srs_attempts=0 trs_attempts=0 acquired=4/4 access=4/4 valid_srs=0/4 valid_trs_cells=1/1 tracked_serving_users=4/4 eligible=0/4.
[2026-08-08T05:50:10Z] INFO Coupled control gating complete for slot 51/120: acquired=4/4 access=4/4 valid_srs=0/4 valid_trs_cells=1/1 tracked_serving_users=4/4 eligible=0/4.
[2026-08-08T05:50:10Z] INFO DL coupled publish: operating_point 2/3 configured_label_snr_dB=0.000 ue=0/4 dlDirectionalFrames=0/40 ulDirectionalFrames=0/40 dlRows=0 ulRows=0.
[2026-08-08T05:50:10Z] INFO Coupled DL schedule complete: sweep=2/3 slot=11/40 active=0 granted=0 grants=0.
[2026-08-08T05:50:10Z] INFO Coupled DL PDCCH qualification complete: sweep=2/3 slot=11/40 executable_grants=0.
[2026-08-08T05:50:10Z] INFO Preparing coupled DL batches: sweep=2/3 slot=11/40 candidate_grants=0 batch_size=24.
[2026-08-08T05:50:10Z] INFO Coupled UL K2 preschedule complete: control_slot=51 due_slot=55 k2=4 active=0 granted=0 grants=0.
[2026-08-08T05:50:10Z] INFO Coupled canonical slot prepared: sweep=2/3 slot=12/40 duplex=DL allow_dl=1 allow_ul=0.
[2026-08-08T05:50:10Z] INFO Starting coupled pre-scheduling control gating for slot 52/120 with 4 UEs.
[2026-08-08T05:50:10Z] INFO Coupled control gating progress for slot 52/120: UE 1/4, PBCH=0 PRACH=0 SRS=0 TRS=0.
[2026-08-08T05:50:11Z] INFO Coupled control gating progress for slot 52/120: UE 2/4, PBCH=0 PRACH=0 SRS=0 TRS=0.
[2026-08-08T05:50:11Z] INFO Coupled control gating progress for slot 52/120: UE 3/4, PBCH=0 PRACH=0 SRS=0 TRS=0.
[2026-08-08T05:50:11Z] INFO Coupled control gating progress for slot 52/120: UE 4/4, PBCH=0 PRACH=0 SRS=0 TRS=0.
[2026-08-08T05:50:11Z] INFO Coupled control gating complete: slot=52 frame=3 pbch_attempts=0 prach_attempts=0 srs_attempts=0 trs_attempts=0 acquired=4/4 access=4/4 valid_srs=0/4 valid_trs_cells=1/1 tracked_serving_users=4/4 eligible=0/4.
[2026-08-08T05:50:11Z] INFO Coupled control gating complete for slot 52/120: acquired=4/4 access=4/4 valid_srs=0/4 valid_trs_cells=1/1 tracked_serving_users=4/4 eligible=0/4.
[2026-08-08T05:50:11Z] INFO DL coupled publish: operating_point 2/3 configured_label_snr_dB=0.000 ue=0/4 dlDirectionalFrames=0/40 ulDirectionalFrames=0/40 dlRows=0 ulRows=0.
[2026-08-08T05:50:12Z] INFO Coupled DL schedule complete: sweep=2/3 slot=12/40 active=0 granted=0 grants=0.
[2026-08-08T05:50:12Z] INFO Coupled DL PDCCH qualification complete: sweep=2/3 slot=12/40 executable_grants=0.
[2026-08-08T05:50:12Z] INFO Preparing coupled DL batches: sweep=2/3 slot=12/40 candidate_grants=0 batch_size=24.
[2026-08-08T05:50:12Z] INFO Coupled UL K2 preschedule deferred: control_slot=52 reason=data_timing_rejected:target_hits_fixed_opposite_direction policy=no_valid_ul_occasion_from_current_dl_control_slot.
[2026-08-08T05:50:12Z] INFO Coupled canonical slot prepared: sweep=2/3 slot=13/40 duplex=DL allow_dl=1 allow_ul=0.
[2026-08-08T05:50:12Z] INFO Starting coupled pre-scheduling control gating for slot 53/120 with 4 UEs.
[2026-08-08T05:50:12Z] INFO Coupled control gating progress for slot 53/120: UE 1/4, PBCH=0 PRACH=0 SRS=0 TRS=0.
[2026-08-08T05:50:12Z] INFO Coupled control gating progress for slot 53/120: UE 2/4, PBCH=0 PRACH=0 SRS=0 TRS=0.
[2026-08-08T05:50:12Z] INFO Coupled control gating progress for slot 53/120: UE 3/4, PBCH=0 PRACH=0 SRS=0 TRS=0.
[2026-08-08T05:50:12Z] INFO Coupled control gating progress for slot 53/120: UE 4/4, PBCH=0 PRACH=0 SRS=0 TRS=0.
[2026-08-08T05:50:13Z] INFO Coupled control gating complete: slot=53 frame=3 pbch_attempts=0 prach_attempts=0 srs_attempts=0 trs_attempts=0 acquired=4/4 access=4/4 valid_srs=0/4 valid_trs_cells=1/1 tracked_serving_users=4/4 eligible=0/4.
[2026-08-08T05:50:13Z] INFO Coupled control gating complete for slot 53/120: acquired=4/4 access=4/4 valid_srs=0/4 valid_trs_cells=1/1 tracked_serving_users=4/4 eligible=0/4.
[2026-08-08T05:50:13Z] INFO DL coupled publish: operating_point 2/3 configured_label_snr_dB=0.000 ue=0/4 dlDirectionalFrames=0/40 ulDirectionalFrames=0/40 dlRows=0 ulRows=0.
[2026-08-08T05:50:13Z] INFO Coupled DL schedule complete: sweep=2/3 slot=13/40 active=0 granted=0 grants=0.
[2026-08-08T05:50:13Z] INFO Coupled DL PDCCH qualification complete: sweep=2/3 slot=13/40 executable_grants=0.
[2026-08-08T05:50:13Z] INFO Preparing coupled DL batches: sweep=2/3 slot=13/40 candidate_grants=0 batch_size=24.
[2026-08-08T05:50:13Z] INFO Coupled UL K2 preschedule deferred: control_slot=53 reason=data_timing_rejected:target_hits_fixed_opposite_direction policy=no_valid_ul_occasion_from_current_dl_control_slot.
[2026-08-08T05:50:13Z] INFO Coupled canonical slot prepared: sweep=2/3 slot=14/40 duplex=FLEXIBLE_OR_MIXED allow_dl=1 allow_ul=1.
[2026-08-08T05:50:13Z] INFO Starting coupled pre-scheduling control gating for slot 54/120 with 4 UEs.
[2026-08-08T05:50:13Z] INFO Coupled control gating progress for slot 54/120: UE 1/4, PBCH=0 PRACH=0 SRS=0 TRS=0.
[2026-08-08T05:50:14Z] INFO Coupled control gating progress for slot 54/120: UE 2/4, PBCH=0 PRACH=0 SRS=0 TRS=0.
[2026-08-08T05:50:14Z] INFO Coupled control gating progress for slot 54/120: UE 3/4, PBCH=0 PRACH=0 SRS=0 TRS=0.
[2026-08-08T05:50:14Z] INFO Coupled control gating progress for slot 54/120: UE 4/4, PBCH=0 PRACH=0 SRS=0 TRS=0.
[2026-08-08T05:50:14Z] INFO Coupled control gating complete: slot=54 frame=3 pbch_attempts=0 prach_attempts=0 srs_attempts=0 trs_attempts=0 acquired=4/4 access=4/4 valid_srs=0/4 valid_trs_cells=1/1 tracked_serving_users=4/4 eligible=0/4.
[2026-08-08T05:50:14Z] INFO Coupled control gating complete for slot 54/120: acquired=4/4 access=4/4 valid_srs=0/4 valid_trs_cells=1/1 tracked_serving_users=4/4 eligible=0/4.
[2026-08-08T05:50:14Z] INFO DL coupled publish: operating_point 2/3 configured_label_snr_dB=0.000 ue=0/4 dlDirectionalFrames=0/40 ulDirectionalFrames=0/40 dlRows=0 ulRows=0.
[2026-08-08T05:50:14Z] INFO Coupled DL scheduling deferred: sweep=2/3 slot=14/40 reason=configured_dl_symbol_allocation_not_available_in_tdd_slot policy=no_valid_harq_ack_occasion_from_current_dl_slot.
[2026-08-08T05:50:14Z] INFO Coupled DL schedule complete: sweep=2/3 slot=14/40 active=0 granted=0 grants=0.
[2026-08-08T05:50:14Z] INFO Coupled DL PDCCH qualification complete: sweep=2/3 slot=14/40 executable_grants=0.
[2026-08-08T05:50:14Z] INFO Preparing coupled DL batches: sweep=2/3 slot=14/40 candidate_grants=0 batch_size=24.
[2026-08-08T05:50:15Z] INFO Coupled UL K2 preschedule deferred: control_slot=54 reason=data_timing_rejected:target_hits_fixed_opposite_direction policy=no_valid_ul_occasion_from_current_dl_control_slot.
[2026-08-08T05:50:15Z] INFO Coupled UL queued grant lookup complete: sweep=2/3 slot=14/40 due_grants=0 pending_grants=0.
[2026-08-08T05:50:15Z] INFO Coupled canonical slot prepared: sweep=2/3 slot=15/40 duplex=UL allow_dl=0 allow_ul=1.
[2026-08-08T05:50:15Z] INFO Starting coupled pre-scheduling control gating for slot 55/120 with 4 UEs.
[2026-08-08T05:50:49Z] INFO Coupled control gating progress for slot 55/120: UE 1/4, PBCH=0 PRACH=0 SRS=1 TRS=0.
[2026-08-08T05:51:19Z] INFO Coupled control gating progress for slot 55/120: UE 2/4, PBCH=0 PRACH=0 SRS=2 TRS=0.
[2026-08-08T05:51:50Z] INFO Coupled control gating progress for slot 55/120: UE 3/4, PBCH=0 PRACH=0 SRS=3 TRS=0.
[2026-08-08T05:52:20Z] INFO Coupled control gating progress for slot 55/120: UE 4/4, PBCH=0 PRACH=0 SRS=4 TRS=0.
[2026-08-08T05:52:21Z] INFO Coupled control gating complete: slot=55 frame=3 pbch_attempts=0 prach_attempts=0 srs_attempts=4 trs_attempts=0 acquired=4/4 access=4/4 valid_srs=4/4 valid_trs_cells=1/1 tracked_serving_users=4/4 eligible=4/4.
[2026-08-08T05:52:21Z] INFO Coupled control gating complete for slot 55/120: acquired=4/4 access=4/4 valid_srs=4/4 valid_trs_cells=1/1 tracked_serving_users=4/4 eligible=4/4.
[2026-08-08T05:52:21Z] INFO UL coupled publish: operating_point 2/3 configured_label_snr_dB=0.000 ue=0/4 dlDirectionalFrames=0/40 ulDirectionalFrames=0/40 dlRows=0 ulRows=0.
[2026-08-08T05:52:21Z] INFO Coupled UL queued grant lookup complete: sweep=2/3 slot=15/40 due_grants=0 pending_grants=0.
[2026-08-08T05:52:21Z] INFO Coupled canonical slot prepared: sweep=2/3 slot=16/40 duplex=DL allow_dl=1 allow_ul=0.
[2026-08-08T05:52:21Z] INFO Starting coupled pre-scheduling control gating for slot 56/120 with 4 UEs.
[2026-08-08T05:52:22Z] INFO Coupled control gating progress for slot 56/120: UE 1/4, PBCH=0 PRACH=0 SRS=0 TRS=0.
[2026-08-08T05:52:22Z] INFO Coupled control gating progress for slot 56/120: UE 2/4, PBCH=0 PRACH=0 SRS=0 TRS=0.
[2026-08-08T05:52:22Z] INFO Coupled control gating progress for slot 56/120: UE 3/4, PBCH=0 PRACH=0 SRS=0 TRS=0.
[2026-08-08T05:52:22Z] INFO Coupled control gating progress for slot 56/120: UE 4/4, PBCH=0 PRACH=0 SRS=0 TRS=0.
[2026-08-08T05:52:23Z] INFO Coupled control gating complete: slot=56 frame=3 pbch_attempts=0 prach_attempts=0 srs_attempts=0 trs_attempts=0 acquired=4/4 access=4/4 valid_srs=4/4 valid_trs_cells=1/1 tracked_serving_users=4/4 eligible=4/4.
[2026-08-08T05:52:23Z] INFO Coupled control gating complete for slot 56/120: acquired=4/4 access=4/4 valid_srs=4/4 valid_trs_cells=1/1 tracked_serving_users=4/4 eligible=4/4.
[2026-08-08T05:52:23Z] INFO DL coupled publish: operating_point 2/3 configured_label_snr_dB=0.000 ue=0/4 dlDirectionalFrames=0/40 ulDirectionalFrames=0/40 dlRows=0 ulRows=0.
[2026-08-08T05:52:30Z] INFO Coupled DL schedule complete: sweep=2/3 slot=16/40 active=4 granted=2 grants=2.
[2026-08-08T05:52:34Z] INFO Coupled DL PDCCH grant binding: ue=1 required=1 ok=1 status=bound failure= dci=f5f5689b6bbcd77c8e6a12ea6ce7983e2c4000217ed157a128cc71cec1dbbd6f grant_ss=1 observed_ss=1 bound_ss=1 grant_coreset=0 observed_coreset=0 bound_coreset=0.
[2026-08-08T05:52:38Z] INFO Coupled DL PDCCH grant binding: ue=2 required=1 ok=1 status=bound failure= dci=f5f5689b6bbcd77c8e6a12ea6ce7983e2c4000217ed157a128cc71cec1dbbd6f grant_ss=1 observed_ss=1 bound_ss=1 grant_coreset=0 observed_coreset=0 bound_coreset=0.
[2026-08-08T05:52:38Z] INFO Coupled DL PDCCH qualification complete: sweep=2/3 slot=16/40 executable_grants=2.
[2026-08-08T05:52:38Z] INFO Preparing coupled DL batches: sweep=2/3 slot=16/40 candidate_grants=2 batch_size=24.
[2026-08-08T05:52:38Z] INFO Preparing coupled DL resolved grant cache: candidate_grants=2.
[2026-08-08T05:53:53Z] INFO Prepared coupled DL resolved grant cache entries: 2/2.
[2026-08-08T05:54:57Z] INFO Prepared coupled DL resolved grant cache complete: entries=2 elapsed_s=138.998.
[2026-08-08T05:55:00Z] INFO Prepared coupled DL chunk: sweep=2/3 slot=16/40 executable_plans=2 chunk=1-2 of 2.
[2026-08-08T05:55:00Z] INFO Executing coupled DL chunk: sweep=2/3 slot=16/40 chunk=1-2 of 2.
[2026-08-08T05:55:00Z] INFO Executing coupled DL grant chunk serially: plans=2 reason=parallel_safety_or_pool_unavailable.
[2026-08-08T05:58:13Z] INFO Publishing coupled DL chunk results: sweep=2/3 slot=16/40 committed_rows=2 current_primary_rows=2.
[2026-08-08T05:58:15Z] INFO DL coupled publish: operating_point 2/3 configured_label_snr_dB=0.000 ue=2/4 dlDirectionalFrames=3/40 ulDirectionalFrames=0/40 dlRows=2 ulRows=0.
[2026-08-08T05:58:18Z] INFO Coupled UL K2 preschedule complete: control_slot=56 due_slot=60 k2=4 active=4 granted=2 grants=2.
[2026-08-08T05:58:43Z] INFO Coupled UL PDCCH grant binding: ue=1 required=1 ok=1 status=bound failure= dci=d79fe85a3225d27c01aefe3c1882cc939f607a77d2b40238eb7cdf074a171420 grant_ss=1 observed_ss=1 bound_ss=1 grant_coreset=0 observed_coreset=0 bound_coreset=0.
[2026-08-08T05:59:04Z] INFO Coupled UL PDCCH grant binding: ue=2 required=1 ok=1 status=bound failure= dci=d79fe85a3225d27c01aefe3c1882cc939f607a77d2b40238eb7cdf074a171420 grant_ss=1 observed_ss=1 bound_ss=1 grant_coreset=0 observed_coreset=0 bound_coreset=0.
[2026-08-08T05:59:04Z] INFO Queued coupled UL grants after K2 PDCCH qualification: control_slot=56 due_slot=60 executable_grants=2 pending_total=2.
[2026-08-08T05:59:04Z] INFO Coupled canonical slot prepared: sweep=2/3 slot=17/40 duplex=DL allow_dl=1 allow_ul=0.
[2026-08-08T05:59:04Z] INFO Starting coupled pre-scheduling control gating for slot 57/120 with 4 UEs.
[2026-08-08T05:59:05Z] INFO Coupled control gating progress for slot 57/120: UE 1/4, PBCH=0 PRACH=0 SRS=0 TRS=0.
[2026-08-08T05:59:05Z] INFO Coupled control gating progress for slot 57/120: UE 2/4, PBCH=0 PRACH=0 SRS=0 TRS=0.
[2026-08-08T05:59:05Z] INFO Coupled control gating progress for slot 57/120: UE 3/4, PBCH=0 PRACH=0 SRS=0 TRS=0.
[2026-08-08T05:59:05Z] INFO Coupled control gating progress for slot 57/120: UE 4/4, PBCH=0 PRACH=0 SRS=0 TRS=0.
[2026-08-08T05:59:05Z] INFO Coupled control gating complete: slot=57 frame=3 pbch_attempts=0 prach_attempts=0 srs_attempts=0 trs_attempts=0 acquired=4/4 access=4/4 valid_srs=4/4 valid_trs_cells=1/1 tracked_serving_users=4/4 eligible=4/4.
[2026-08-08T05:59:05Z] INFO Coupled control gating complete for slot 57/120: acquired=4/4 access=4/4 valid_srs=4/4 valid_trs_cells=1/1 tracked_serving_users=4/4 eligible=4/4.
[2026-08-08T05:59:06Z] INFO DL coupled publish: operating_point 2/3 configured_label_snr_dB=0.000 ue=0/4 dlDirectionalFrames=3/40 ulDirectionalFrames=0/40 dlRows=2 ulRows=0.
[2026-08-08T05:59:07Z] INFO Coupled DL schedule complete: sweep=2/3 slot=17/40 active=4 granted=2 grants=2.
[2026-08-08T05:59:10Z] INFO Coupled DL PDCCH grant binding: ue=3 required=1 ok=1 status=bound failure= dci=2114e040b1ab44bab1c8ba294adfd0962d9d0be18d872be8fbecf91fd90f7239 grant_ss=1 observed_ss=1 bound_ss=1 grant_coreset=0 observed_coreset=0 bound_coreset=0.
[2026-08-08T05:59:13Z] INFO Coupled DL PDCCH grant binding: ue=4 required=1 ok=1 status=bound failure= dci=2114e040b1ab44bab1c8ba294adfd0962d9d0be18d872be8fbecf91fd90f7239 grant_ss=1 observed_ss=1 bound_ss=1 grant_coreset=0 observed_coreset=0 bound_coreset=0.
[2026-08-08T05:59:13Z] INFO Coupled DL PDCCH qualification complete: sweep=2/3 slot=17/40 executable_grants=2.
[2026-08-08T05:59:13Z] INFO Preparing coupled DL batches: sweep=2/3 slot=17/40 candidate_grants=2 batch_size=24.
[2026-08-08T05:59:13Z] INFO Preparing coupled DL resolved grant cache: candidate_grants=2.
[2026-08-08T06:00:20Z] INFO Prepared coupled DL resolved grant cache entries: 2/2.
[2026-08-08T06:01:22Z] INFO Prepared coupled DL resolved grant cache complete: entries=2 elapsed_s=129.488.
[2026-08-08T06:01:23Z] INFO Prepared coupled DL chunk: sweep=2/3 slot=17/40 executable_plans=2 chunk=1-2 of 2.
[2026-08-08T06:01:23Z] INFO Executing coupled DL chunk: sweep=2/3 slot=17/40 chunk=1-2 of 2.
[2026-08-08T06:01:24Z] INFO Executing coupled DL grant chunk serially: plans=2 reason=parallel_safety_or_pool_unavailable.
[2026-08-08T06:04:14Z] INFO Publishing coupled DL chunk results: sweep=2/3 slot=17/40 committed_rows=2 current_primary_rows=4.
[2026-08-08T06:04:15Z] INFO DL coupled publish: operating_point 2/3 configured_label_snr_dB=0.000 ue=4/4 dlDirectionalFrames=3/40 ulDirectionalFrames=0/40 dlRows=4 ulRows=0.
[2026-08-08T06:04:15Z] INFO Coupled UL K2 preschedule deferred: control_slot=57 reason=data_timing_rejected:target_hits_fixed_opposite_direction policy=no_valid_ul_occasion_from_current_dl_control_slot.
[2026-08-08T06:04:15Z] INFO Coupled canonical slot prepared: sweep=2/3 slot=18/40 duplex=DL allow_dl=1 allow_ul=0.
[2026-08-08T06:04:16Z] INFO Starting coupled pre-scheduling control gating for slot 58/120 with 4 UEs.
[2026-08-08T06:04:16Z] INFO Coupled control gating progress for slot 58/120: UE 1/4, PBCH=0 PRACH=0 SRS=0 TRS=0.
[2026-08-08T06:04:16Z] INFO Coupled control gating progress for slot 58/120: UE 2/4, PBCH=0 PRACH=0 SRS=0 TRS=0.
[2026-08-08T06:04:16Z] INFO Coupled control gating progress for slot 58/120: UE 3/4, PBCH=0 PRACH=0 SRS=0 TRS=0.
[2026-08-08T06:04:16Z] INFO Coupled control gating progress for slot 58/120: UE 4/4, PBCH=0 PRACH=0 SRS=0 TRS=0.
[2026-08-08T06:04:16Z] INFO Coupled control gating complete: slot=58 frame=3 pbch_attempts=0 prach_attempts=0 srs_attempts=0 trs_attempts=0 acquired=4/4 access=4/4 valid_srs=4/4 valid_trs_cells=1/1 tracked_serving_users=4/4 eligible=4/4.
[2026-08-08T06:04:16Z] INFO Coupled control gating complete for slot 58/120: acquired=4/4 access=4/4 valid_srs=4/4 valid_trs_cells=1/1 tracked_serving_users=4/4 eligible=4/4.
[2026-08-08T06:04:17Z] INFO DL coupled publish: operating_point 2/3 configured_label_snr_dB=0.000 ue=0/4 dlDirectionalFrames=3/40 ulDirectionalFrames=0/40 dlRows=4 ulRows=0.
[2026-08-08T06:04:18Z] INFO Coupled DL schedule complete: sweep=2/3 slot=18/40 active=4 granted=2 grants=2.
[2026-08-08T06:04:21Z] INFO Coupled DL PDCCH grant binding: ue=1 required=1 ok=1 status=bound failure= dci=95bb36a1f20da1f92b761cc6d636ddc657706e2cb13fe2532828b47d69c5b07a grant_ss=1 observed_ss=1 bound_ss=1 grant_coreset=0 observed_coreset=0 bound_coreset=0.
[2026-08-08T06:04:23Z] INFO Coupled DL PDCCH grant binding: ue=2 required=1 ok=1 status=bound failure= dci=95bb36a1f20da1f92b761cc6d636ddc657706e2cb13fe2532828b47d69c5b07a grant_ss=1 observed_ss=1 bound_ss=1 grant_coreset=0 observed_coreset=0 bound_coreset=0.
[2026-08-08T06:04:23Z] INFO Coupled DL PDCCH qualification complete: sweep=2/3 slot=18/40 executable_grants=2.
[2026-08-08T06:04:23Z] INFO Preparing coupled DL batches: sweep=2/3 slot=18/40 candidate_grants=2 batch_size=24.
[2026-08-08T06:04:23Z] INFO Preparing coupled DL resolved grant cache: candidate_grants=2.
[2026-08-08T06:05:26Z] INFO Prepared coupled DL resolved grant cache entries: 2/2.
[2026-08-08T06:06:28Z] INFO Prepared coupled DL resolved grant cache complete: entries=2 elapsed_s=124.885.
[2026-08-08T06:06:29Z] INFO Prepared coupled DL chunk: sweep=2/3 slot=18/40 executable_plans=2 chunk=1-2 of 2.
[2026-08-08T06:06:29Z] INFO Executing coupled DL chunk: sweep=2/3 slot=18/40 chunk=1-2 of 2.
[2026-08-08T06:06:29Z] INFO Executing coupled DL grant chunk serially: plans=2 reason=parallel_safety_or_pool_unavailable.
[2026-08-08T06:08:55Z] INFO Publishing coupled DL chunk results: sweep=2/3 slot=18/40 committed_rows=2 current_primary_rows=6.
[2026-08-08T06:08:56Z] INFO DL coupled publish: operating_point 2/3 configured_label_snr_dB=0.000 ue=2/4 dlDirectionalFrames=3/40 ulDirectionalFrames=0/40 dlRows=6 ulRows=0.
[2026-08-08T06:08:56Z] INFO Coupled UL K2 preschedule deferred: control_slot=58 reason=data_timing_rejected:target_hits_fixed_opposite_direction policy=no_valid_ul_occasion_from_current_dl_control_slot.
[2026-08-08T06:08:56Z] INFO Coupled canonical slot prepared: sweep=2/3 slot=19/40 duplex=FLEXIBLE_OR_MIXED allow_dl=1 allow_ul=1.
[2026-08-08T06:09:04Z] INFO Starting coupled pre-scheduling control gating for slot 59/120 with 4 UEs.
[2026-08-08T06:09:04Z] INFO Coupled control gating progress for slot 59/120: UE 1/4, PBCH=0 PRACH=0 SRS=0 TRS=0.
[2026-08-08T06:09:05Z] INFO Coupled control gating progress for slot 59/120: UE 2/4, PBCH=0 PRACH=0 SRS=0 TRS=0.
[2026-08-08T06:09:05Z] INFO Coupled control gating progress for slot 59/120: UE 3/4, PBCH=0 PRACH=0 SRS=0 TRS=0.
[2026-08-08T06:09:05Z] INFO Coupled control gating progress for slot 59/120: UE 4/4, PBCH=0 PRACH=0 SRS=0 TRS=0.
[2026-08-08T06:09:05Z] INFO Coupled control gating complete: slot=59 frame=3 pbch_attempts=0 prach_attempts=0 srs_attempts=0 trs_attempts=0 acquired=4/4 access=4/4 valid_srs=4/4 valid_trs_cells=1/1 tracked_serving_users=4/4 eligible=4/4.
[2026-08-08T06:09:05Z] INFO Coupled control gating complete for slot 59/120: acquired=4/4 access=4/4 valid_srs=4/4 valid_trs_cells=1/1 tracked_serving_users=4/4 eligible=4/4.
[2026-08-08T06:09:06Z] INFO DL coupled publish: operating_point 2/3 configured_label_snr_dB=0.000 ue=0/4 dlDirectionalFrames=3/40 ulDirectionalFrames=0/40 dlRows=6 ulRows=0.
[2026-08-08T06:09:06Z] INFO Coupled DL scheduling deferred: sweep=2/3 slot=19/40 reason=configured_dl_symbol_allocation_not_available_in_tdd_slot policy=no_valid_harq_ack_occasion_from_current_dl_slot.
[2026-08-08T06:09:06Z] INFO Coupled DL schedule complete: sweep=2/3 slot=19/40 active=0 granted=0 grants=0.
[2026-08-08T06:09:06Z] INFO Coupled DL PDCCH qualification complete: sweep=2/3 slot=19/40 executable_grants=0.
[2026-08-08T06:09:06Z] INFO Preparing coupled DL batches: sweep=2/3 slot=19/40 candidate_grants=0 batch_size=24.
[2026-08-08T06:09:06Z] INFO Coupled UL K2 preschedule deferred: control_slot=59 reason=data_timing_rejected:target_hits_fixed_opposite_direction policy=no_valid_ul_occasion_from_current_dl_control_slot.
[2026-08-08T06:09:06Z] INFO Coupled UL queued grant lookup complete: sweep=2/3 slot=19/40 due_grants=0 pending_grants=2.
[2026-08-08T06:09:06Z] INFO Coupled canonical slot prepared: sweep=2/3 slot=20/40 duplex=UL allow_dl=0 allow_ul=1.
[2026-08-08T06:09:06Z] INFO Starting coupled pre-scheduling control gating for slot 60/120 with 4 UEs.
[2026-08-08T06:09:06Z] INFO Coupled control gating progress for slot 60/120: UE 1/4, PBCH=0 PRACH=0 SRS=0 TRS=0.
[2026-08-08T06:09:07Z] INFO Coupled control gating progress for slot 60/120: UE 2/4, PBCH=0 PRACH=0 SRS=0 TRS=0.
[2026-08-08T06:09:07Z] INFO Coupled control gating progress for slot 60/120: UE 3/4, PBCH=0 PRACH=0 SRS=0 TRS=0.
[2026-08-08T06:09:07Z] INFO Coupled control gating progress for slot 60/120: UE 4/4, PBCH=0 PRACH=0 SRS=0 TRS=0.
[2026-08-08T06:09:07Z] INFO Coupled control gating complete: slot=60 frame=3 pbch_attempts=0 prach_attempts=0 srs_attempts=0 trs_attempts=0 acquired=4/4 access=4/4 valid_srs=4/4 valid_trs_cells=1/1 tracked_serving_users=4/4 eligible=4/4.
[2026-08-08T06:09:07Z] INFO Coupled control gating complete for slot 60/120: acquired=4/4 access=4/4 valid_srs=4/4 valid_trs_cells=1/1 tracked_serving_users=4/4 eligible=4/4.
[2026-08-08T06:09:08Z] INFO UL coupled publish: operating_point 2/3 configured_label_snr_dB=0.000 ue=0/4 dlDirectionalFrames=3/40 ulDirectionalFrames=0/40 dlRows=6 ulRows=0.
[2026-08-08T06:09:08Z] INFO Coupled UL queued grant lookup complete: sweep=2/3 slot=20/40 due_grants=2 pending_grants=0.
[2026-08-08T06:09:08Z] INFO Preparing coupled UL batches: sweep=2/3 slot=20/40 candidate_grants=2 batch_size=24.
[2026-08-08T06:09:08Z] INFO Preparing coupled UL resolved grant cache: candidate_grants=2.
[2026-08-08T06:09:14Z] INFO Prepared coupled UL resolved grant cache entries: 2/2.
[2026-08-08T06:09:15Z] INFO Prepared coupled UL resolved grant cache complete: entries=2 elapsed_s=6.921.
[2026-08-08T06:09:15Z] INFO Prepared coupled UL chunk: sweep=2/3 slot=20/40 executable_plans=2 chunk=1-2 of 2.
[2026-08-08T06:09:15Z] INFO Executing coupled UL chunk: sweep=2/3 slot=20/40 chunk=1-2 of 2.
[2026-08-08T06:09:15Z] INFO Executing coupled UL grant chunk serially: plans=2 reason=parallel_safety_or_pool_unavailable.
[2026-08-08T06:10:27Z] INFO Publishing coupled UL chunk results: sweep=2/3 slot=20/40 committed_rows=2 current_primary_rows=2.
[2026-08-08T06:10:43Z] INFO UL heavy live artifact refresh: reason=post_grant_chunk slot=20/40 interval=20.
[2026-08-08T06:10:44Z] INFO UL coupled publish: operating_point 2/3 configured_label_snr_dB=0.000 ue=2/4 dlDirectionalFrames=3/40 ulDirectionalFrames=3/40 dlRows=6 ulRows=2.
[2026-08-08T06:10:44Z] INFO Coupled canonical slot prepared: sweep=2/3 slot=21/40 duplex=DL allow_dl=1 allow_ul=0.
[2026-08-08T06:10:44Z] INFO Starting coupled pre-scheduling control gating for slot 61/120 with 4 UEs.
[2026-08-08T06:10:47Z] INFO Coupled control gating progress for slot 61/120: UE 1/4, PBCH=0 PRACH=0 SRS=0 TRS=1.
[2026-08-08T06:10:47Z] INFO Coupled control gating progress for slot 61/120: UE 2/4, PBCH=0 PRACH=0 SRS=0 TRS=1.
[2026-08-08T06:10:48Z] INFO Coupled control gating progress for slot 61/120: UE 3/4, PBCH=0 PRACH=0 SRS=0 TRS=1.
[2026-08-08T06:10:48Z] INFO Coupled control gating progress for slot 61/120: UE 4/4, PBCH=0 PRACH=0 SRS=0 TRS=1.
[2026-08-08T06:10:48Z] INFO Coupled control gating complete: slot=61 frame=4 pbch_attempts=0 prach_attempts=0 srs_attempts=0 trs_attempts=1 acquired=4/4 access=4/4 valid_srs=4/4 valid_trs_cells=1/1 tracked_serving_users=4/4 eligible=4/4.
[2026-08-08T06:10:48Z] INFO Coupled control gating complete for slot 61/120: acquired=4/4 access=4/4 valid_srs=4/4 valid_trs_cells=1/1 tracked_serving_users=4/4 eligible=4/4.
[2026-08-08T06:10:49Z] INFO DL coupled publish: operating_point 2/3 configured_label_snr_dB=0.000 ue=0/4 dlDirectionalFrames=3/40 ulDirectionalFrames=3/40 dlRows=6 ulRows=2.
[2026-08-08T06:10:51Z] INFO Coupled DL schedule complete: sweep=2/3 slot=21/40 active=4 granted=2 grants=2.
[2026-08-08T06:10:54Z] INFO Coupled DL PDCCH grant binding: ue=3 required=1 ok=1 status=bound failure= dci=30cad144098eeeb62eac7cf7f83088bb17ed4f0ba5b8f2f01bcc9edebb560bd1 grant_ss=1 observed_ss=1 bound_ss=1 grant_coreset=0 observed_coreset=0 bound_coreset=0.
[2026-08-08T06:10:57Z] INFO Coupled DL PDCCH grant binding: ue=4 required=1 ok=1 status=bound failure= dci=30cad144098eeeb62eac7cf7f83088bb17ed4f0ba5b8f2f01bcc9edebb560bd1 grant_ss=1 observed_ss=1 bound_ss=1 grant_coreset=0 observed_coreset=0 bound_coreset=0.
[2026-08-08T06:10:57Z] INFO Coupled DL PDCCH qualification complete: sweep=2/3 slot=21/40 executable_grants=2.
[2026-08-08T06:10:57Z] INFO Preparing coupled DL batches: sweep=2/3 slot=21/40 candidate_grants=2 batch_size=24.
[2026-08-08T06:10:57Z] INFO Preparing coupled DL resolved grant cache: candidate_grants=2.
[2026-08-08T06:12:04Z] INFO Prepared coupled DL resolved grant cache entries: 2/2.
[2026-08-08T06:13:07Z] INFO Prepared coupled DL resolved grant cache complete: entries=2 elapsed_s=130.056.
[2026-08-08T06:13:08Z] INFO Prepared coupled DL chunk: sweep=2/3 slot=21/40 executable_plans=2 chunk=1-2 of 2.
[2026-08-08T06:13:08Z] INFO Executing coupled DL chunk: sweep=2/3 slot=21/40 chunk=1-2 of 2.
[2026-08-08T06:13:08Z] INFO Executing coupled DL grant chunk serially: plans=2 reason=parallel_safety_or_pool_unavailable.
[2026-08-08T06:15:27Z] INFO Publishing coupled DL chunk results: sweep=2/3 slot=21/40 committed_rows=2 current_primary_rows=8.
[2026-08-08T06:15:28Z] INFO DL coupled publish: operating_point 2/3 configured_label_snr_dB=0.000 ue=4/4 dlDirectionalFrames=4/40 ulDirectionalFrames=3/40 dlRows=8 ulRows=2.
[2026-08-08T06:15:30Z] INFO Coupled UL K2 preschedule complete: control_slot=61 due_slot=65 k2=4 active=4 granted=2 grants=2.
[2026-08-08T06:15:52Z] INFO Coupled UL PDCCH grant binding: ue=3 required=1 ok=1 status=bound failure= dci=31108b77d120770a57be4b5f2626c9c9adead2af40e86c076d3caf3af5c533b2 grant_ss=1 observed_ss=1 bound_ss=1 grant_coreset=0 observed_coreset=0 bound_coreset=0.
[2026-08-08T06:16:13Z] INFO Coupled UL PDCCH grant binding: ue=4 required=1 ok=1 status=bound failure= dci=694be6f8b5badaaca4adc46693a622b684a442e52d3c2fb5c43549742f5a794e grant_ss=1 observed_ss=1 bound_ss=1 grant_coreset=0 observed_coreset=0 bound_coreset=0.
[2026-08-08T06:16:14Z] INFO Queued coupled UL grants after K2 PDCCH qualification: control_slot=61 due_slot=65 executable_grants=2 pending_total=2.
[2026-08-08T06:16:14Z] INFO Coupled canonical slot prepared: sweep=2/3 slot=22/40 duplex=DL allow_dl=1 allow_ul=0.
[2026-08-08T06:16:14Z] INFO Starting coupled pre-scheduling control gating for slot 62/120 with 4 UEs.
[2026-08-08T06:16:14Z] INFO Coupled control gating progress for slot 62/120: UE 1/4, PBCH=0 PRACH=0 SRS=0 TRS=0.
[2026-08-08T06:16:14Z] INFO Coupled control gating progress for slot 62/120: UE 2/4, PBCH=0 PRACH=0 SRS=0 TRS=0.
[2026-08-08T06:16:14Z] INFO Coupled control gating progress for slot 62/120: UE 3/4, PBCH=0 PRACH=0 SRS=0 TRS=0.
[2026-08-08T06:16:15Z] INFO Coupled control gating progress for slot 62/120: UE 4/4, PBCH=0 PRACH=0 SRS=0 TRS=0.
[2026-08-08T06:16:15Z] INFO Coupled control gating complete: slot=62 frame=4 pbch_attempts=0 prach_attempts=0 srs_attempts=0 trs_attempts=0 acquired=4/4 access=4/4 valid_srs=4/4 valid_trs_cells=1/1 tracked_serving_users=4/4 eligible=4/4.
[2026-08-08T06:16:15Z] INFO Coupled control gating complete for slot 62/120: acquired=4/4 access=4/4 valid_srs=4/4 valid_trs_cells=1/1 tracked_serving_users=4/4 eligible=4/4.
[2026-08-08T06:16:15Z] INFO DL coupled publish: operating_point 2/3 configured_label_snr_dB=0.000 ue=0/4 dlDirectionalFrames=4/40 ulDirectionalFrames=3/40 dlRows=8 ulRows=2.
[2026-08-08T06:16:17Z] INFO Coupled DL schedule complete: sweep=2/3 slot=22/40 active=4 granted=2 grants=2.
[2026-08-08T06:16:19Z] INFO Coupled DL PDCCH grant binding: ue=1 required=1 ok=1 status=bound failure= dci=131bc7a9078140fda7f2c6564519dd588fc42f9166b839710747eeaba3c89aa5 grant_ss=1 observed_ss=1 bound_ss=1 grant_coreset=0 observed_coreset=0 bound_coreset=0.
[2026-08-08T06:16:21Z] INFO Coupled DL PDCCH grant binding: ue=2 required=1 ok=1 status=bound failure= dci=131bc7a9078140fda7f2c6564519dd588fc42f9166b839710747eeaba3c89aa5 grant_ss=1 observed_ss=1 bound_ss=1 grant_coreset=0 observed_coreset=0 bound_coreset=0.
[2026-08-08T06:16:22Z] INFO Coupled DL PDCCH qualification complete: sweep=2/3 slot=22/40 executable_grants=2.
[2026-08-08T06:16:22Z] INFO Preparing coupled DL batches: sweep=2/3 slot=22/40 candidate_grants=2 batch_size=24.
[2026-08-08T06:16:22Z] INFO Preparing coupled DL resolved grant cache: candidate_grants=2.
[2026-08-08T06:17:25Z] INFO Prepared coupled DL resolved grant cache entries: 2/2.
[2026-08-08T06:18:28Z] INFO Prepared coupled DL resolved grant cache complete: entries=2 elapsed_s=125.934.
[2026-08-08T06:18:29Z] INFO Prepared coupled DL chunk: sweep=2/3 slot=22/40 executable_plans=2 chunk=1-2 of 2.
[2026-08-08T06:18:29Z] INFO Executing coupled DL chunk: sweep=2/3 slot=22/40 chunk=1-2 of 2.
[2026-08-08T06:18:29Z] INFO Executing coupled DL grant chunk serially: plans=2 reason=parallel_safety_or_pool_unavailable.
[2026-08-08T06:20:47Z] INFO Publishing coupled DL chunk results: sweep=2/3 slot=22/40 committed_rows=2 current_primary_rows=10.
[2026-08-08T06:20:48Z] INFO DL coupled publish: operating_point 2/3 configured_label_snr_dB=0.000 ue=2/4 dlDirectionalFrames=4/40 ulDirectionalFrames=3/40 dlRows=10 ulRows=2.
[2026-08-08T06:20:48Z] INFO Coupled UL K2 preschedule deferred: control_slot=62 reason=data_timing_rejected:target_hits_fixed_opposite_direction policy=no_valid_ul_occasion_from_current_dl_control_slot.
[2026-08-08T06:20:48Z] INFO Coupled canonical slot prepared: sweep=2/3 slot=23/40 duplex=DL allow_dl=1 allow_ul=0.
[2026-08-08T06:20:48Z] INFO Starting coupled pre-scheduling control gating for slot 63/120 with 4 UEs.
[2026-08-08T06:20:48Z] INFO Coupled control gating progress for slot 63/120: UE 1/4, PBCH=0 PRACH=0 SRS=0 TRS=0.
[2026-08-08T06:20:48Z] INFO Coupled control gating progress for slot 63/120: UE 2/4, PBCH=0 PRACH=0 SRS=0 TRS=0.
[2026-08-08T06:20:49Z] INFO Coupled control gating progress for slot 63/120: UE 3/4, PBCH=0 PRACH=0 SRS=0 TRS=0.
[2026-08-08T06:20:49Z] INFO Coupled control gating progress for slot 63/120: UE 4/4, PBCH=0 PRACH=0 SRS=0 TRS=0.
[2026-08-08T06:20:49Z] INFO Coupled control gating complete: slot=63 frame=4 pbch_attempts=0 prach_attempts=0 srs_attempts=0 trs_attempts=0 acquired=4/4 access=4/4 valid_srs=4/4 valid_trs_cells=1/1 tracked_serving_users=4/4 eligible=4/4.
[2026-08-08T06:20:49Z] INFO Coupled control gating complete for slot 63/120: acquired=4/4 access=4/4 valid_srs=4/4 valid_trs_cells=1/1 tracked_serving_users=4/4 eligible=4/4.
[2026-08-08T06:20:49Z] INFO DL coupled publish: operating_point 2/3 configured_label_snr_dB=0.000 ue=0/4 dlDirectionalFrames=4/40 ulDirectionalFrames=3/40 dlRows=10 ulRows=2.
[2026-08-08T06:20:51Z] INFO Coupled DL schedule complete: sweep=2/3 slot=23/40 active=4 granted=2 grants=2.
[2026-08-08T06:20:53Z] INFO Coupled DL PDCCH grant binding: ue=3 required=1 ok=1 status=bound failure= dci=95bb36a1f20da1f92b761cc6d636ddc657706e2cb13fe2532828b47d69c5b07a grant_ss=1 observed_ss=1 bound_ss=1 grant_coreset=0 observed_coreset=0 bound_coreset=0.
[2026-08-08T06:20:55Z] INFO Coupled DL PDCCH grant binding: ue=4 required=1 ok=1 status=bound failure= dci=95bb36a1f20da1f92b761cc6d636ddc657706e2cb13fe2532828b47d69c5b07a grant_ss=1 observed_ss=1 bound_ss=1 grant_coreset=0 observed_coreset=0 bound_coreset=0.
[2026-08-08T06:20:55Z] INFO Coupled DL PDCCH qualification complete: sweep=2/3 slot=23/40 executable_grants=2.
[2026-08-08T06:20:55Z] INFO Preparing coupled DL batches: sweep=2/3 slot=23/40 candidate_grants=2 batch_size=24.
[2026-08-08T06:20:55Z] INFO Preparing coupled DL resolved grant cache: candidate_grants=2.
[2026-08-08T06:21:59Z] INFO Prepared coupled DL resolved grant cache entries: 2/2.
[2026-08-08T06:23:05Z] INFO Prepared coupled DL resolved grant cache complete: entries=2 elapsed_s=129.453.
[2026-08-08T06:23:06Z] INFO Prepared coupled DL chunk: sweep=2/3 slot=23/40 executable_plans=2 chunk=1-2 of 2.
[2026-08-08T06:23:06Z] INFO Executing coupled DL chunk: sweep=2/3 slot=23/40 chunk=1-2 of 2.
[2026-08-08T06:23:06Z] INFO Executing coupled DL grant chunk serially: plans=2 reason=parallel_safety_or_pool_unavailable.
[2026-08-08T06:25:18Z] INFO Publishing coupled DL chunk results: sweep=2/3 slot=23/40 committed_rows=2 current_primary_rows=12.
[2026-08-08T06:25:19Z] INFO DL coupled publish: operating_point 2/3 configured_label_snr_dB=0.000 ue=4/4 dlDirectionalFrames=4/40 ulDirectionalFrames=3/40 dlRows=12 ulRows=2.
[2026-08-08T06:25:19Z] INFO Coupled UL K2 preschedule deferred: control_slot=63 reason=data_timing_rejected:target_hits_fixed_opposite_direction policy=no_valid_ul_occasion_from_current_dl_control_slot.
[2026-08-08T06:25:19Z] INFO Coupled canonical slot prepared: sweep=2/3 slot=24/40 duplex=FLEXIBLE_OR_MIXED allow_dl=1 allow_ul=1.
[2026-08-08T06:25:25Z] INFO Starting coupled pre-scheduling control gating for slot 64/120 with 4 UEs.
[2026-08-08T06:25:25Z] INFO Coupled control gating progress for slot 64/120: UE 1/4, PBCH=0 PRACH=0 SRS=0 TRS=0.
[2026-08-08T06:25:25Z] INFO Coupled control gating progress for slot 64/120: UE 2/4, PBCH=0 PRACH=0 SRS=0 TRS=0.
[2026-08-08T06:25:26Z] INFO Coupled control gating progress for slot 64/120: UE 3/4, PBCH=0 PRACH=0 SRS=0 TRS=0.
[2026-08-08T06:25:26Z] INFO Coupled control gating progress for slot 64/120: UE 4/4, PBCH=0 PRACH=0 SRS=0 TRS=0.
[2026-08-08T06:25:26Z] INFO Coupled control gating complete: slot=64 frame=4 pbch_attempts=0 prach_attempts=0 srs_attempts=0 trs_attempts=0 acquired=4/4 access=4/4 valid_srs=4/4 valid_trs_cells=1/1 tracked_serving_users=4/4 eligible=4/4.
[2026-08-08T06:25:26Z] INFO Coupled control gating complete for slot 64/120: acquired=4/4 access=4/4 valid_srs=4/4 valid_trs_cells=1/1 tracked_serving_users=4/4 eligible=4/4.
[2026-08-08T06:25:27Z] INFO DL coupled publish: operating_point 2/3 configured_label_snr_dB=0.000 ue=0/4 dlDirectionalFrames=4/40 ulDirectionalFrames=3/40 dlRows=12 ulRows=2.
[2026-08-08T06:25:27Z] INFO Coupled DL scheduling deferred: sweep=2/3 slot=24/40 reason=configured_dl_symbol_allocation_not_available_in_tdd_slot policy=no_valid_harq_ack_occasion_from_current_dl_slot.
[2026-08-08T06:25:27Z] INFO Coupled DL schedule complete: sweep=2/3 slot=24/40 active=0 granted=0 grants=0.
[2026-08-08T06:25:27Z] INFO Coupled DL PDCCH qualification complete: sweep=2/3 slot=24/40 executable_grants=0.
[2026-08-08T06:25:27Z] INFO Preparing coupled DL batches: sweep=2/3 slot=24/40 candidate_grants=0 batch_size=24.
[2026-08-08T06:25:27Z] INFO Coupled UL K2 preschedule deferred: control_slot=64 reason=data_timing_rejected:target_hits_fixed_opposite_direction policy=no_valid_ul_occasion_from_current_dl_control_slot.
[2026-08-08T06:25:27Z] INFO Coupled UL queued grant lookup complete: sweep=2/3 slot=24/40 due_grants=0 pending_grants=2.
[2026-08-08T06:25:27Z] INFO Coupled canonical slot prepared: sweep=2/3 slot=25/40 duplex=UL allow_dl=0 allow_ul=1.
[2026-08-08T06:25:27Z] INFO Starting coupled pre-scheduling control gating for slot 65/120 with 4 UEs.
[2026-08-08T06:25:27Z] INFO Coupled control gating progress for slot 65/120: UE 1/4, PBCH=0 PRACH=0 SRS=0 TRS=0.
[2026-08-08T06:25:27Z] INFO Coupled control gating progress for slot 65/120: UE 2/4, PBCH=0 PRACH=0 SRS=0 TRS=0.
[2026-08-08T06:25:28Z] INFO Coupled control gating progress for slot 65/120: UE 3/4, PBCH=0 PRACH=0 SRS=0 TRS=0.
[2026-08-08T06:25:28Z] INFO Coupled control gating progress for slot 65/120: UE 4/4, PBCH=0 PRACH=0 SRS=0 TRS=0.
[2026-08-08T06:25:28Z] INFO Coupled control gating complete: slot=65 frame=4 pbch_attempts=0 prach_attempts=0 srs_attempts=0 trs_attempts=0 acquired=4/4 access=4/4 valid_srs=4/4 valid_trs_cells=1/1 tracked_serving_users=4/4 eligible=4/4.
[2026-08-08T06:25:28Z] INFO Coupled control gating complete for slot 65/120: acquired=4/4 access=4/4 valid_srs=4/4 valid_trs_cells=1/1 tracked_serving_users=4/4 eligible=4/4.
[2026-08-08T06:25:28Z] INFO UL coupled publish: operating_point 2/3 configured_label_snr_dB=0.000 ue=0/4 dlDirectionalFrames=4/40 ulDirectionalFrames=3/40 dlRows=12 ulRows=2.
[2026-08-08T06:25:28Z] INFO Coupled UL queued grant lookup complete: sweep=2/3 slot=25/40 due_grants=2 pending_grants=0.
[2026-08-08T06:25:28Z] INFO Preparing coupled UL batches: sweep=2/3 slot=25/40 candidate_grants=2 batch_size=24.
[2026-08-08T06:25:28Z] INFO Preparing coupled UL resolved grant cache: candidate_grants=2.
[2026-08-08T06:25:36Z] INFO Prepared coupled UL resolved grant cache entries: 2/2.
[2026-08-08T06:25:37Z] INFO Prepared coupled UL resolved grant cache complete: entries=2 elapsed_s=8.205.
[2026-08-08T06:25:37Z] INFO Prepared coupled UL chunk: sweep=2/3 slot=25/40 executable_plans=2 chunk=1-2 of 2.
[2026-08-08T06:25:37Z] INFO Executing coupled UL chunk: sweep=2/3 slot=25/40 chunk=1-2 of 2.
[2026-08-08T06:25:37Z] INFO Executing coupled UL grant chunk serially: plans=2 reason=parallel_safety_or_pool_unavailable.
[2026-08-08T06:26:27Z] INFO Publishing coupled UL chunk results: sweep=2/3 slot=25/40 committed_rows=2 current_primary_rows=4.
[2026-08-08T06:26:29Z] INFO UL coupled publish: operating_point 2/3 configured_label_snr_dB=0.000 ue=4/4 dlDirectionalFrames=4/40 ulDirectionalFrames=4/40 dlRows=12 ulRows=4.
[2026-08-08T06:26:29Z] INFO Coupled canonical slot prepared: sweep=2/3 slot=26/40 duplex=DL allow_dl=1 allow_ul=0.
[2026-08-08T06:26:29Z] INFO Starting coupled pre-scheduling control gating for slot 66/120 with 4 UEs.
[2026-08-08T06:26:29Z] INFO Coupled control gating progress for slot 66/120: UE 1/4, PBCH=0 PRACH=0 SRS=0 TRS=0.
[2026-08-08T06:26:29Z] INFO Coupled control gating progress for slot 66/120: UE 2/4, PBCH=0 PRACH=0 SRS=0 TRS=0.
[2026-08-08T06:26:29Z] INFO Coupled control gating progress for slot 66/120: UE 3/4, PBCH=0 PRACH=0 SRS=0 TRS=0.
[2026-08-08T06:26:30Z] INFO Coupled control gating progress for slot 66/120: UE 4/4, PBCH=0 PRACH=0 SRS=0 TRS=0.
[2026-08-08T06:26:30Z] INFO Coupled control gating complete: slot=66 frame=4 pbch_attempts=0 prach_attempts=0 srs_attempts=0 trs_attempts=0 acquired=4/4 access=4/4 valid_srs=4/4 valid_trs_cells=1/1 tracked_serving_users=4/4 eligible=4/4.
[2026-08-08T06:26:30Z] INFO Coupled control gating complete for slot 66/120: acquired=4/4 access=4/4 valid_srs=4/4 valid_trs_cells=1/1 tracked_serving_users=4/4 eligible=4/4.
[2026-08-08T06:26:30Z] INFO DL coupled publish: operating_point 2/3 configured_label_snr_dB=0.000 ue=0/4 dlDirectionalFrames=4/40 ulDirectionalFrames=4/40 dlRows=12 ulRows=4.
[2026-08-08T06:26:32Z] INFO Coupled DL schedule complete: sweep=2/3 slot=26/40 active=4 granted=2 grants=2.
[2026-08-08T06:26:34Z] INFO Coupled DL PDCCH grant binding: ue=3 required=1 ok=1 status=bound failure= dci=f5f5689b6bbcd77c8e6a12ea6ce7983e2c4000217ed157a128cc71cec1dbbd6f grant_ss=1 observed_ss=1 bound_ss=1 grant_coreset=0 observed_coreset=0 bound_coreset=0.
[2026-08-08T06:26:38Z] INFO Coupled DL PDCCH grant binding: ue=4 required=1 ok=1 status=bound failure= dci=d680d4c9867e83a1a99a9b969c7ad04b007b3df192719d361e2cfb9b47c7ffc4 grant_ss=1 observed_ss=1 bound_ss=1 grant_coreset=0 observed_coreset=0 bound_coreset=0.
[2026-08-08T06:26:38Z] INFO Coupled DL PDCCH qualification complete: sweep=2/3 slot=26/40 executable_grants=2.
[2026-08-08T06:26:38Z] INFO Preparing coupled DL batches: sweep=2/3 slot=26/40 candidate_grants=2 batch_size=24.
[2026-08-08T06:26:38Z] INFO Preparing coupled DL resolved grant cache: candidate_grants=2.
[2026-08-08T06:27:44Z] INFO Prepared coupled DL resolved grant cache entries: 2/2.
[2026-08-08T06:28:53Z] INFO Prepared coupled DL resolved grant cache complete: entries=2 elapsed_s=135.465.
[2026-08-08T06:28:54Z] INFO Prepared coupled DL chunk: sweep=2/3 slot=26/40 executable_plans=2 chunk=1-2 of 2.
[2026-08-08T06:28:54Z] INFO Executing coupled DL chunk: sweep=2/3 slot=26/40 chunk=1-2 of 2.
[2026-08-08T06:28:54Z] INFO Executing coupled DL grant chunk serially: plans=2 reason=parallel_safety_or_pool_unavailable.
[2026-08-08T06:31:31Z] INFO Publishing coupled DL chunk results: sweep=2/3 slot=26/40 committed_rows=2 current_primary_rows=14.
[2026-08-08T06:31:32Z] INFO DL coupled publish: operating_point 2/3 configured_label_snr_dB=0.000 ue=4/4 dlDirectionalFrames=4/40 ulDirectionalFrames=4/40 dlRows=14 ulRows=4.
[2026-08-08T06:31:34Z] INFO Coupled UL K2 preschedule complete: control_slot=66 due_slot=70 k2=4 active=4 granted=2 grants=2.
[2026-08-08T06:31:57Z] INFO Coupled UL PDCCH grant binding: ue=2 required=1 ok=1 status=bound failure= dci=6bf78ed3199bccfffb77d39f79c4dd79e594ba067beea06fb3d020e092b52cc4 grant_ss=1 observed_ss=1 bound_ss=1 grant_coreset=0 observed_coreset=0 bound_coreset=0.
[2026-08-08T06:32:21Z] INFO Coupled UL PDCCH grant binding: ue=1 required=1 ok=1 status=bound failure= dci=ca096e50b188ac1c6882993ad1b61aa7ea42ad3e869fa5b48c87d113293ce781 grant_ss=1 observed_ss=1 bound_ss=1 grant_coreset=0 observed_coreset=0 bound_coreset=0.
[2026-08-08T06:32:21Z] INFO Queued coupled UL grants after K2 PDCCH qualification: control_slot=66 due_slot=70 executable_grants=2 pending_total=2.
[2026-08-08T06:32:21Z] INFO Coupled canonical slot prepared: sweep=2/3 slot=27/40 duplex=DL allow_dl=1 allow_ul=0.
[2026-08-08T06:32:21Z] INFO Starting coupled pre-scheduling control gating for slot 67/120 with 4 UEs.
[2026-08-08T06:32:21Z] INFO Coupled control gating progress for slot 67/120: UE 1/4, PBCH=0 PRACH=0 SRS=0 TRS=0.
[2026-08-08T06:32:21Z] INFO Coupled control gating progress for slot 67/120: UE 2/4, PBCH=0 PRACH=0 SRS=0 TRS=0.
[2026-08-08T06:32:22Z] INFO Coupled control gating progress for slot 67/120: UE 3/4, PBCH=0 PRACH=0 SRS=0 TRS=0.
[2026-08-08T06:32:22Z] INFO Coupled control gating progress for slot 67/120: UE 4/4, PBCH=0 PRACH=0 SRS=0 TRS=0.
[2026-08-08T06:32:22Z] INFO Coupled control gating complete: slot=67 frame=4 pbch_attempts=0 prach_attempts=0 srs_attempts=0 trs_attempts=0 acquired=4/4 access=4/4 valid_srs=4/4 valid_trs_cells=1/1 tracked_serving_users=4/4 eligible=4/4.
[2026-08-08T06:32:22Z] INFO Coupled control gating complete for slot 67/120: acquired=4/4 access=4/4 valid_srs=4/4 valid_trs_cells=1/1 tracked_serving_users=4/4 eligible=4/4.
[2026-08-08T06:32:22Z] INFO DL coupled publish: operating_point 2/3 configured_label_snr_dB=0.000 ue=0/4 dlDirectionalFrames=4/40 ulDirectionalFrames=4/40 dlRows=14 ulRows=4.
[2026-08-08T06:32:24Z] INFO Coupled DL schedule complete: sweep=2/3 slot=27/40 active=4 granted=2 grants=2.
[2026-08-08T06:32:27Z] INFO Coupled DL PDCCH grant binding: ue=1 required=1 ok=1 status=bound failure= dci=2114e040b1ab44bab1c8ba294adfd0962d9d0be18d872be8fbecf91fd90f7239 grant_ss=1 observed_ss=1 bound_ss=1 grant_coreset=0 observed_coreset=0 bound_coreset=0.
[2026-08-08T06:32:30Z] INFO Coupled DL PDCCH grant binding: ue=2 required=1 ok=1 status=bound failure= dci=3014161a1933f85dd95368834a130f758b85cec12c32f63ad12f93217f6216a6 grant_ss=1 observed_ss=1 bound_ss=1 grant_coreset=0 observed_coreset=0 bound_coreset=0.
[2026-08-08T06:32:30Z] INFO Coupled DL PDCCH qualification complete: sweep=2/3 slot=27/40 executable_grants=2.
[2026-08-08T06:32:30Z] INFO Preparing coupled DL batches: sweep=2/3 slot=27/40 candidate_grants=2 batch_size=24.
[2026-08-08T06:32:30Z] INFO Preparing coupled DL resolved grant cache: candidate_grants=2.
[2026-08-08T06:33:36Z] INFO Prepared coupled DL resolved grant cache entries: 2/2.
[2026-08-08T06:34:43Z] INFO Prepared coupled DL resolved grant cache complete: entries=2 elapsed_s=132.167.
[2026-08-08T06:34:44Z] INFO Prepared coupled DL chunk: sweep=2/3 slot=27/40 executable_plans=2 chunk=1-2 of 2.
[2026-08-08T06:34:44Z] INFO Executing coupled DL chunk: sweep=2/3 slot=27/40 chunk=1-2 of 2.
[2026-08-08T06:34:44Z] INFO Executing coupled DL grant chunk serially: plans=2 reason=parallel_safety_or_pool_unavailable.
[2026-08-08T06:37:03Z] INFO Publishing coupled DL chunk results: sweep=2/3 slot=27/40 committed_rows=2 current_primary_rows=16.
[2026-08-08T06:37:04Z] INFO DL coupled publish: operating_point 2/3 configured_label_snr_dB=0.000 ue=2/4 dlDirectionalFrames=4/40 ulDirectionalFrames=4/40 dlRows=16 ulRows=4.
[2026-08-08T06:37:04Z] INFO Coupled UL K2 preschedule deferred: control_slot=67 reason=data_timing_rejected:target_hits_fixed_opposite_direction policy=no_valid_ul_occasion_from_current_dl_control_slot.
[2026-08-08T06:37:04Z] INFO Coupled canonical slot prepared: sweep=2/3 slot=28/40 duplex=DL allow_dl=1 allow_ul=0.
[2026-08-08T06:37:04Z] INFO Starting coupled pre-scheduling control gating for slot 68/120 with 4 UEs.
[2026-08-08T06:37:04Z] INFO Coupled control gating progress for slot 68/120: UE 1/4, PBCH=0 PRACH=0 SRS=0 TRS=0.
[2026-08-08T06:37:04Z] INFO Coupled control gating progress for slot 68/120: UE 2/4, PBCH=0 PRACH=0 SRS=0 TRS=0.
[2026-08-08T06:37:05Z] INFO Coupled control gating progress for slot 68/120: UE 3/4, PBCH=0 PRACH=0 SRS=0 TRS=0.
[2026-08-08T06:37:05Z] INFO Coupled control gating progress for slot 68/120: UE 4/4, PBCH=0 PRACH=0 SRS=0 TRS=0.
[2026-08-08T06:37:05Z] INFO Coupled control gating complete: slot=68 frame=4 pbch_attempts=0 prach_attempts=0 srs_attempts=0 trs_attempts=0 acquired=4/4 access=4/4 valid_srs=4/4 valid_trs_cells=1/1 tracked_serving_users=4/4 eligible=4/4.
[2026-08-08T06:37:05Z] INFO Coupled control gating complete for slot 68/120: acquired=4/4 access=4/4 valid_srs=4/4 valid_trs_cells=1/1 tracked_serving_users=4/4 eligible=4/4.
[2026-08-08T06:37:05Z] INFO DL coupled publish: operating_point 2/3 configured_label_snr_dB=0.000 ue=0/4 dlDirectionalFrames=4/40 ulDirectionalFrames=4/40 dlRows=16 ulRows=4.
[2026-08-08T06:37:07Z] INFO Coupled DL schedule complete: sweep=2/3 slot=28/40 active=4 granted=2 grants=2.
[2026-08-08T06:37:09Z] INFO Coupled DL PDCCH grant binding: ue=3 required=1 ok=1 status=bound failure= dci=ab92efbf5a0907df90a9ade7bb04d68fe4ee861d5eb360a66ba4e839fc12ce45 grant_ss=1 observed_ss=1 bound_ss=1 grant_coreset=0 observed_coreset=0 bound_coreset=0.
[2026-08-08T06:37:11Z] INFO Coupled DL PDCCH grant binding: ue=4 required=1 ok=1 status=bound failure= dci=5fe9f1bf0fa4c6eab596d00af6532acb918033213b7946b1618e30bb7cf31ed5 grant_ss=1 observed_ss=1 bound_ss=1 grant_coreset=0 observed_coreset=0 bound_coreset=0.
[2026-08-08T06:37:11Z] INFO Coupled DL PDCCH qualification complete: sweep=2/3 slot=28/40 executable_grants=2.
[2026-08-08T06:37:11Z] INFO Preparing coupled DL batches: sweep=2/3 slot=28/40 candidate_grants=2 batch_size=24.
[2026-08-08T06:37:11Z] INFO Preparing coupled DL resolved grant cache: candidate_grants=2.
[2026-08-08T06:38:18Z] INFO Prepared coupled DL resolved grant cache entries: 2/2.
[2026-08-08T06:39:25Z] INFO Prepared coupled DL resolved grant cache complete: entries=2 elapsed_s=133.664.
[2026-08-08T06:39:26Z] INFO Prepared coupled DL chunk: sweep=2/3 slot=28/40 executable_plans=2 chunk=1-2 of 2.
[2026-08-08T06:39:26Z] INFO Executing coupled DL chunk: sweep=2/3 slot=28/40 chunk=1-2 of 2.
[2026-08-08T06:39:26Z] INFO Executing coupled DL grant chunk serially: plans=2 reason=parallel_safety_or_pool_unavailable.
[2026-08-08T06:41:44Z] INFO Publishing coupled DL chunk results: sweep=2/3 slot=28/40 committed_rows=2 current_primary_rows=18.
[2026-08-08T06:41:45Z] INFO DL coupled publish: operating_point 2/3 configured_label_snr_dB=0.000 ue=4/4 dlDirectionalFrames=4/40 ulDirectionalFrames=4/40 dlRows=18 ulRows=4.
[2026-08-08T06:41:45Z] INFO Coupled UL K2 preschedule deferred: control_slot=68 reason=data_timing_rejected:target_hits_fixed_opposite_direction policy=no_valid_ul_occasion_from_current_dl_control_slot.
[2026-08-08T06:41:45Z] INFO Coupled canonical slot prepared: sweep=2/3 slot=29/40 duplex=FLEXIBLE_OR_MIXED allow_dl=1 allow_ul=1.
[2026-08-08T06:41:51Z] INFO Starting coupled pre-scheduling control gating for slot 69/120 with 4 UEs.
[2026-08-08T06:41:51Z] INFO Coupled control gating progress for slot 69/120: UE 1/4, PBCH=0 PRACH=0 SRS=0 TRS=0.
[2026-08-08T06:41:51Z] INFO Coupled control gating progress for slot 69/120: UE 2/4, PBCH=0 PRACH=0 SRS=0 TRS=0.
[2026-08-08T06:41:52Z] INFO Coupled control gating progress for slot 69/120: UE 3/4, PBCH=0 PRACH=0 SRS=0 TRS=0.
[2026-08-08T06:41:52Z] INFO Coupled control gating progress for slot 69/120: UE 4/4, PBCH=0 PRACH=0 SRS=0 TRS=0.
[2026-08-08T06:41:52Z] INFO Coupled control gating complete: slot=69 frame=4 pbch_attempts=0 prach_attempts=0 srs_attempts=0 trs_attempts=0 acquired=4/4 access=4/4 valid_srs=4/4 valid_trs_cells=1/1 tracked_serving_users=4/4 eligible=4/4.
[2026-08-08T06:41:52Z] INFO Coupled control gating complete for slot 69/120: acquired=4/4 access=4/4 valid_srs=4/4 valid_trs_cells=1/1 tracked_serving_users=4/4 eligible=4/4.
[2026-08-08T06:41:52Z] INFO DL coupled publish: operating_point 2/3 configured_label_snr_dB=0.000 ue=0/4 dlDirectionalFrames=4/40 ulDirectionalFrames=4/40 dlRows=18 ulRows=4.
[2026-08-08T06:41:52Z] INFO Coupled DL scheduling deferred: sweep=2/3 slot=29/40 reason=configured_dl_symbol_allocation_not_available_in_tdd_slot policy=no_valid_harq_ack_occasion_from_current_dl_slot.
[2026-08-08T06:41:52Z] INFO Coupled DL schedule complete: sweep=2/3 slot=29/40 active=0 granted=0 grants=0.
[2026-08-08T06:41:52Z] INFO Coupled DL PDCCH qualification complete: sweep=2/3 slot=29/40 executable_grants=0.
[2026-08-08T06:41:52Z] INFO Preparing coupled DL batches: sweep=2/3 slot=29/40 candidate_grants=0 batch_size=24.
[2026-08-08T06:41:53Z] INFO Coupled UL K2 preschedule deferred: control_slot=69 reason=data_timing_rejected:target_hits_fixed_opposite_direction policy=no_valid_ul_occasion_from_current_dl_control_slot.
[2026-08-08T06:41:53Z] INFO Coupled UL queued grant lookup complete: sweep=2/3 slot=29/40 due_grants=0 pending_grants=2.
[2026-08-08T06:41:53Z] INFO Coupled canonical slot prepared: sweep=2/3 slot=30/40 duplex=UL allow_dl=0 allow_ul=1.
[2026-08-08T06:41:53Z] INFO Starting coupled pre-scheduling control gating for slot 70/120 with 4 UEs.
[2026-08-08T06:41:53Z] INFO Coupled control gating progress for slot 70/120: UE 1/4, PBCH=0 PRACH=0 SRS=0 TRS=0.
[2026-08-08T06:41:53Z] INFO Coupled control gating progress for slot 70/120: UE 2/4, PBCH=0 PRACH=0 SRS=0 TRS=0.
[2026-08-08T06:41:53Z] INFO Coupled control gating progress for slot 70/120: UE 3/4, PBCH=0 PRACH=0 SRS=0 TRS=0.
[2026-08-08T06:41:53Z] INFO Coupled control gating progress for slot 70/120: UE 4/4, PBCH=0 PRACH=0 SRS=0 TRS=0.
[2026-08-08T06:41:53Z] INFO Coupled control gating complete: slot=70 frame=4 pbch_attempts=0 prach_attempts=0 srs_attempts=0 trs_attempts=0 acquired=4/4 access=4/4 valid_srs=4/4 valid_trs_cells=1/1 tracked_serving_users=4/4 eligible=4/4.
[2026-08-08T06:41:53Z] INFO Coupled control gating complete for slot 70/120: acquired=4/4 access=4/4 valid_srs=4/4 valid_trs_cells=1/1 tracked_serving_users=4/4 eligible=4/4.
[2026-08-08T06:41:54Z] INFO UL coupled publish: operating_point 2/3 configured_label_snr_dB=0.000 ue=0/4 dlDirectionalFrames=4/40 ulDirectionalFrames=4/40 dlRows=18 ulRows=4.
[2026-08-08T06:41:54Z] INFO Coupled UL queued grant lookup complete: sweep=2/3 slot=30/40 due_grants=2 pending_grants=0.
[2026-08-08T06:41:54Z] INFO Preparing coupled UL batches: sweep=2/3 slot=30/40 candidate_grants=2 batch_size=24.
[2026-08-08T06:41:54Z] INFO Preparing coupled UL resolved grant cache: candidate_grants=2.
[2026-08-08T06:41:55Z] INFO Prepared coupled UL resolved grant cache entries: 2/2.
[2026-08-08T06:41:56Z] INFO Prepared coupled UL resolved grant cache complete: entries=2 elapsed_s=1.712.
[2026-08-08T06:41:56Z] INFO Prepared coupled UL chunk: sweep=2/3 slot=30/40 executable_plans=2 chunk=1-2 of 2.
[2026-08-08T06:41:56Z] INFO Executing coupled UL chunk: sweep=2/3 slot=30/40 chunk=1-2 of 2.
[2026-08-08T06:41:56Z] INFO Executing coupled UL grant chunk serially: plans=2 reason=parallel_safety_or_pool_unavailable.
[2026-08-08T06:42:41Z] INFO Publishing coupled UL chunk results: sweep=2/3 slot=30/40 committed_rows=2 current_primary_rows=6.
[2026-08-08T06:42:42Z] INFO UL coupled publish: operating_point 2/3 configured_label_snr_dB=0.000 ue=1/4 dlDirectionalFrames=4/40 ulDirectionalFrames=4/40 dlRows=18 ulRows=6.
[2026-08-08T06:42:42Z] INFO Coupled canonical slot prepared: sweep=2/3 slot=31/40 duplex=DL allow_dl=1 allow_ul=0.
[2026-08-08T06:42:42Z] INFO Starting coupled pre-scheduling control gating for slot 71/120 with 4 UEs.
[2026-08-08T06:42:42Z] INFO Coupled control gating progress for slot 71/120: UE 1/4, PBCH=0 PRACH=0 SRS=0 TRS=0.
[2026-08-08T06:42:43Z] INFO Coupled control gating progress for slot 71/120: UE 2/4, PBCH=0 PRACH=0 SRS=0 TRS=0.
[2026-08-08T06:42:43Z] INFO Coupled control gating progress for slot 71/120: UE 3/4, PBCH=0 PRACH=0 SRS=0 TRS=0.
[2026-08-08T06:42:43Z] INFO Coupled control gating progress for slot 71/120: UE 4/4, PBCH=0 PRACH=0 SRS=0 TRS=0.
[2026-08-08T06:42:43Z] INFO Coupled control gating complete: slot=71 frame=4 pbch_attempts=0 prach_attempts=0 srs_attempts=0 trs_attempts=0 acquired=4/4 access=4/4 valid_srs=4/4 valid_trs_cells=1/1 tracked_serving_users=4/4 eligible=4/4.
[2026-08-08T06:42:43Z] INFO Coupled control gating complete for slot 71/120: acquired=4/4 access=4/4 valid_srs=4/4 valid_trs_cells=1/1 tracked_serving_users=4/4 eligible=4/4.
[2026-08-08T06:42:44Z] INFO DL coupled publish: operating_point 2/3 configured_label_snr_dB=0.000 ue=0/4 dlDirectionalFrames=4/40 ulDirectionalFrames=4/40 dlRows=18 ulRows=6.
[2026-08-08T06:42:45Z] INFO Coupled DL schedule complete: sweep=2/3 slot=31/40 active=4 granted=2 grants=2.
[2026-08-08T06:42:47Z] INFO Coupled DL PDCCH grant binding: ue=1 required=1 ok=1 status=bound failure= dci=eff673742db7a9b158980ca336473a93c7f8572fd354477e2b2d82998ab87d8e grant_ss=1 observed_ss=1 bound_ss=1 grant_coreset=0 observed_coreset=0 bound_coreset=0.
[2026-08-08T06:42:50Z] INFO Coupled DL PDCCH grant binding: ue=2 required=1 ok=1 status=bound failure= dci=b1308d0dd0c29867caa30088da56922b1e4c6212c83d6cea2f5d1a0cb732a92e grant_ss=1 observed_ss=1 bound_ss=1 grant_coreset=0 observed_coreset=0 bound_coreset=0.
[2026-08-08T06:42:50Z] INFO Coupled DL PDCCH qualification complete: sweep=2/3 slot=31/40 executable_grants=2.
[2026-08-08T06:42:50Z] INFO Preparing coupled DL batches: sweep=2/3 slot=31/40 candidate_grants=2 batch_size=24.
[2026-08-08T06:42:50Z] INFO Preparing coupled DL resolved grant cache: candidate_grants=2.
[2026-08-08T06:43:56Z] INFO Prepared coupled DL resolved grant cache entries: 2/2.
[2026-08-08T06:43:56Z] INFO Prepared coupled DL resolved grant cache complete: entries=2 elapsed_s=66.319.
[2026-08-08T06:43:57Z] INFO Prepared coupled DL chunk: sweep=2/3 slot=31/40 executable_plans=2 chunk=1-2 of 2.
[2026-08-08T06:43:57Z] INFO Executing coupled DL chunk: sweep=2/3 slot=31/40 chunk=1-2 of 2.
[2026-08-08T06:43:57Z] INFO Executing coupled DL grant chunk serially: plans=2 reason=parallel_safety_or_pool_unavailable.
[2026-08-08T06:46:16Z] INFO Publishing coupled DL chunk results: sweep=2/3 slot=31/40 committed_rows=2 current_primary_rows=20.
[2026-08-08T06:46:17Z] INFO DL coupled publish: operating_point 2/3 configured_label_snr_dB=0.000 ue=2/4 dlDirectionalFrames=4/40 ulDirectionalFrames=4/40 dlRows=20 ulRows=6.
[2026-08-08T06:46:18Z] INFO Coupled UL K2 preschedule complete: control_slot=71 due_slot=75 k2=4 active=4 granted=2 grants=2.
[2026-08-08T06:46:40Z] INFO Coupled UL PDCCH grant binding: ue=3 required=1 ok=1 status=bound failure= dci=f2d74d902501ef267c1720cfed7ec992bd9e7faedd185080f032dc017841a176 grant_ss=1 observed_ss=1 bound_ss=1 grant_coreset=0 observed_coreset=0 bound_coreset=0.
[2026-08-08T06:47:03Z] INFO Coupled UL PDCCH grant binding: ue=4 required=1 ok=1 status=bound failure= dci=ce12429769b117a3759355e37d13167aa035ba490faa879f0bf22ceb33436bbe grant_ss=1 observed_ss=1 bound_ss=1 grant_coreset=0 observed_coreset=0 bound_coreset=0.
[2026-08-08T06:47:03Z] INFO Queued coupled UL grants after K2 PDCCH qualification: control_slot=71 due_slot=75 executable_grants=2 pending_total=2.
[2026-08-08T06:47:03Z] INFO Coupled canonical slot prepared: sweep=2/3 slot=32/40 duplex=DL allow_dl=1 allow_ul=0.
[2026-08-08T06:47:03Z] INFO Starting coupled pre-scheduling control gating for slot 72/120 with 4 UEs.
[2026-08-08T06:47:04Z] INFO Coupled control gating progress for slot 72/120: UE 1/4, PBCH=0 PRACH=0 SRS=0 TRS=0.
[2026-08-08T06:47:04Z] INFO Coupled control gating progress for slot 72/120: UE 2/4, PBCH=0 PRACH=0 SRS=0 TRS=0.
[2026-08-08T06:47:04Z] INFO Coupled control gating progress for slot 72/120: UE 3/4, PBCH=0 PRACH=0 SRS=0 TRS=0.
[2026-08-08T06:47:04Z] INFO Coupled control gating progress for slot 72/120: UE 4/4, PBCH=0 PRACH=0 SRS=0 TRS=0.
[2026-08-08T06:47:04Z] INFO Coupled control gating complete: slot=72 frame=4 pbch_attempts=0 prach_attempts=0 srs_attempts=0 trs_attempts=0 acquired=4/4 access=4/4 valid_srs=4/4 valid_trs_cells=1/1 tracked_serving_users=4/4 eligible=4/4.
[2026-08-08T06:47:04Z] INFO Coupled control gating complete for slot 72/120: acquired=4/4 access=4/4 valid_srs=4/4 valid_trs_cells=1/1 tracked_serving_users=4/4 eligible=4/4.
[2026-08-08T06:47:05Z] INFO DL coupled publish: operating_point 2/3 configured_label_snr_dB=0.000 ue=0/4 dlDirectionalFrames=4/40 ulDirectionalFrames=4/40 dlRows=20 ulRows=6.
[2026-08-08T06:47:06Z] INFO Coupled DL schedule complete: sweep=2/3 slot=32/40 active=4 granted=2 grants=2.
[2026-08-08T06:47:09Z] INFO Coupled DL PDCCH grant binding: ue=3 required=1 ok=1 status=bound failure= dci=1ae59e2e53c626dab1084908641c99d37dd5384c5c14dd007bb32046fb7497fa grant_ss=1 observed_ss=1 bound_ss=1 grant_coreset=0 observed_coreset=0 bound_coreset=0.
[2026-08-08T06:47:12Z] INFO Coupled DL PDCCH grant binding: ue=4 required=1 ok=1 status=bound failure= dci=f5f06069f7551e9c7860750b80408d8f2d12b787921115e2364ed9db8d202809 grant_ss=1 observed_ss=1 bound_ss=1 grant_coreset=0 observed_coreset=0 bound_coreset=0.
[2026-08-08T06:47:12Z] INFO Coupled DL PDCCH qualification complete: sweep=2/3 slot=32/40 executable_grants=2.
[2026-08-08T06:47:12Z] INFO Preparing coupled DL batches: sweep=2/3 slot=32/40 candidate_grants=2 batch_size=24.
[2026-08-08T06:47:12Z] INFO Preparing coupled DL resolved grant cache: candidate_grants=2.
[2026-08-08T06:48:16Z] INFO Prepared coupled DL resolved grant cache entries: 2/2.
[2026-08-08T06:48:16Z] INFO Prepared coupled DL resolved grant cache complete: entries=2 elapsed_s=63.447.
[2026-08-08T06:48:16Z] INFO Prepared coupled DL chunk: sweep=2/3 slot=32/40 executable_plans=2 chunk=1-2 of 2.
[2026-08-08T06:48:16Z] INFO Executing coupled DL chunk: sweep=2/3 slot=32/40 chunk=1-2 of 2.
[2026-08-08T06:48:16Z] INFO Executing coupled DL grant chunk serially: plans=2 reason=parallel_safety_or_pool_unavailable.
[2026-08-08T06:50:34Z] INFO Publishing coupled DL chunk results: sweep=2/3 slot=32/40 committed_rows=2 current_primary_rows=22.
[2026-08-08T06:50:35Z] INFO DL coupled publish: operating_point 2/3 configured_label_snr_dB=0.000 ue=4/4 dlDirectionalFrames=4/40 ulDirectionalFrames=4/40 dlRows=22 ulRows=6.
[2026-08-08T06:50:35Z] INFO Coupled UL K2 preschedule deferred: control_slot=72 reason=data_timing_rejected:target_hits_fixed_opposite_direction policy=no_valid_ul_occasion_from_current_dl_control_slot.
[2026-08-08T06:50:35Z] INFO Coupled canonical slot prepared: sweep=2/3 slot=33/40 duplex=DL allow_dl=1 allow_ul=0.
[2026-08-08T06:50:35Z] INFO Starting coupled pre-scheduling control gating for slot 73/120 with 4 UEs.
[2026-08-08T06:50:36Z] INFO Coupled control gating progress for slot 73/120: UE 1/4, PBCH=0 PRACH=0 SRS=0 TRS=0.
[2026-08-08T06:50:36Z] INFO Coupled control gating progress for slot 73/120: UE 2/4, PBCH=0 PRACH=0 SRS=0 TRS=0.
[2026-08-08T06:50:36Z] INFO Coupled control gating progress for slot 73/120: UE 3/4, PBCH=0 PRACH=0 SRS=0 TRS=0.
[2026-08-08T06:50:37Z] INFO Coupled control gating progress for slot 73/120: UE 4/4, PBCH=0 PRACH=0 SRS=0 TRS=0.
[2026-08-08T06:50:37Z] INFO Coupled control gating complete: slot=73 frame=4 pbch_attempts=0 prach_attempts=0 srs_attempts=0 trs_attempts=0 acquired=4/4 access=4/4 valid_srs=4/4 valid_trs_cells=1/1 tracked_serving_users=4/4 eligible=4/4.
[2026-08-08T06:50:37Z] INFO Coupled control gating complete for slot 73/120: acquired=4/4 access=4/4 valid_srs=4/4 valid_trs_cells=1/1 tracked_serving_users=4/4 eligible=4/4.
[2026-08-08T06:50:37Z] INFO DL coupled publish: operating_point 2/3 configured_label_snr_dB=0.000 ue=0/4 dlDirectionalFrames=4/40 ulDirectionalFrames=4/40 dlRows=22 ulRows=6.
[2026-08-08T06:50:38Z] INFO Coupled DL schedule complete: sweep=2/3 slot=33/40 active=4 granted=2 grants=2.
[2026-08-08T06:50:41Z] INFO Coupled DL PDCCH grant binding: ue=3 required=1 ok=1 status=bound failure= dci=9e0c85ce9bed7450ff6130523579e985c0ab60a6119fb7cd855fa677cfe69f4e grant_ss=1 observed_ss=1 bound_ss=1 grant_coreset=0 observed_coreset=0 bound_coreset=0.
[2026-08-08T06:50:43Z] INFO Coupled DL PDCCH grant binding: ue=4 required=1 ok=1 status=bound failure= dci=7a7faee2bc586dca16491eb41aba73d9293c83b2eb5e58fae05691160627dc6c grant_ss=1 observed_ss=1 bound_ss=1 grant_coreset=0 observed_coreset=0 bound_coreset=0.
[2026-08-08T06:50:44Z] INFO Coupled DL PDCCH qualification complete: sweep=2/3 slot=33/40 executable_grants=2.
[2026-08-08T06:50:44Z] INFO Preparing coupled DL batches: sweep=2/3 slot=33/40 candidate_grants=2 batch_size=24.
[2026-08-08T06:50:44Z] INFO Preparing coupled DL resolved grant cache: candidate_grants=2.
[2026-08-08T06:51:50Z] INFO Prepared coupled DL resolved grant cache entries: 2/2.
[2026-08-08T06:51:50Z] INFO Prepared coupled DL resolved grant cache complete: entries=2 elapsed_s=65.956.
[2026-08-08T06:51:50Z] INFO Prepared coupled DL chunk: sweep=2/3 slot=33/40 executable_plans=2 chunk=1-2 of 2.
[2026-08-08T06:51:50Z] INFO Executing coupled DL chunk: sweep=2/3 slot=33/40 chunk=1-2 of 2.
[2026-08-08T06:51:50Z] INFO Executing coupled DL grant chunk serially: plans=2 reason=parallel_safety_or_pool_unavailable.
[2026-08-08T06:54:06Z] INFO Publishing coupled DL chunk results: sweep=2/3 slot=33/40 committed_rows=2 current_primary_rows=24.
[2026-08-08T06:54:07Z] INFO DL coupled publish: operating_point 2/3 configured_label_snr_dB=0.000 ue=4/4 dlDirectionalFrames=4/40 ulDirectionalFrames=4/40 dlRows=24 ulRows=6.
[2026-08-08T06:54:07Z] INFO Coupled UL K2 preschedule deferred: control_slot=73 reason=data_timing_rejected:target_hits_fixed_opposite_direction policy=no_valid_ul_occasion_from_current_dl_control_slot.
[2026-08-08T06:54:07Z] INFO Coupled canonical slot prepared: sweep=2/3 slot=34/40 duplex=FLEXIBLE_OR_MIXED allow_dl=1 allow_ul=1.
[2026-08-08T06:54:14Z] INFO Starting coupled pre-scheduling control gating for slot 74/120 with 4 UEs.
[2026-08-08T06:54:14Z] INFO Coupled control gating progress for slot 74/120: UE 1/4, PBCH=0 PRACH=0 SRS=0 TRS=0.
[2026-08-08T06:54:15Z] INFO Coupled control gating progress for slot 74/120: UE 2/4, PBCH=0 PRACH=0 SRS=0 TRS=0.
[2026-08-08T06:54:15Z] INFO Coupled control gating progress for slot 74/120: UE 3/4, PBCH=0 PRACH=0 SRS=0 TRS=0.
[2026-08-08T06:54:15Z] INFO Coupled control gating progress for slot 74/120: UE 4/4, PBCH=0 PRACH=0 SRS=0 TRS=0.
[2026-08-08T06:54:15Z] INFO Coupled control gating complete: slot=74 frame=4 pbch_attempts=0 prach_attempts=0 srs_attempts=0 trs_attempts=0 acquired=4/4 access=4/4 valid_srs=4/4 valid_trs_cells=1/1 tracked_serving_users=4/4 eligible=4/4.
[2026-08-08T06:54:15Z] INFO Coupled control gating complete for slot 74/120: acquired=4/4 access=4/4 valid_srs=4/4 valid_trs_cells=1/1 tracked_serving_users=4/4 eligible=4/4.
[2026-08-08T06:54:15Z] INFO DL coupled publish: operating_point 2/3 configured_label_snr_dB=0.000 ue=0/4 dlDirectionalFrames=4/40 ulDirectionalFrames=4/40 dlRows=24 ulRows=6.
[2026-08-08T06:54:15Z] INFO Coupled DL scheduling deferred: sweep=2/3 slot=34/40 reason=configured_dl_symbol_allocation_not_available_in_tdd_slot policy=no_valid_harq_ack_occasion_from_current_dl_slot.
[2026-08-08T06:54:15Z] INFO Coupled DL schedule complete: sweep=2/3 slot=34/40 active=0 granted=0 grants=0.
[2026-08-08T06:54:15Z] INFO Coupled DL PDCCH qualification complete: sweep=2/3 slot=34/40 executable_grants=0.
[2026-08-08T06:54:15Z] INFO Preparing coupled DL batches: sweep=2/3 slot=34/40 candidate_grants=0 batch_size=24.
[2026-08-08T06:54:16Z] INFO Coupled UL K2 preschedule deferred: control_slot=74 reason=data_timing_rejected:target_hits_fixed_opposite_direction policy=no_valid_ul_occasion_from_current_dl_control_slot.
[2026-08-08T06:54:16Z] INFO Coupled UL queued grant lookup complete: sweep=2/3 slot=34/40 due_grants=0 pending_grants=2.
[2026-08-08T06:54:16Z] INFO Coupled canonical slot prepared: sweep=2/3 slot=35/40 duplex=UL allow_dl=0 allow_ul=1.
[2026-08-08T06:54:16Z] INFO Starting coupled pre-scheduling control gating for slot 75/120 with 4 UEs.
[2026-08-08T06:54:32Z] INFO Coupled control gating progress for slot 75/120: UE 1/4, PBCH=0 PRACH=0 SRS=1 TRS=0.
[2026-08-08T06:54:48Z] INFO Coupled control gating progress for slot 75/120: UE 2/4, PBCH=0 PRACH=0 SRS=2 TRS=0.
[2026-08-08T06:55:05Z] INFO Coupled control gating progress for slot 75/120: UE 3/4, PBCH=0 PRACH=0 SRS=3 TRS=0.
[2026-08-08T06:55:23Z] INFO Coupled control gating progress for slot 75/120: UE 4/4, PBCH=0 PRACH=0 SRS=4 TRS=0.
[2026-08-08T06:55:23Z] INFO Coupled control gating complete: slot=75 frame=4 pbch_attempts=0 prach_attempts=0 srs_attempts=4 trs_attempts=0 acquired=4/4 access=4/4 valid_srs=4/4 valid_trs_cells=1/1 tracked_serving_users=4/4 eligible=4/4.
[2026-08-08T06:55:23Z] INFO Coupled control gating complete for slot 75/120: acquired=4/4 access=4/4 valid_srs=4/4 valid_trs_cells=1/1 tracked_serving_users=4/4 eligible=4/4.
[2026-08-08T06:55:23Z] INFO UL coupled publish: operating_point 2/3 configured_label_snr_dB=0.000 ue=0/4 dlDirectionalFrames=4/40 ulDirectionalFrames=4/40 dlRows=24 ulRows=6.
[2026-08-08T06:55:23Z] INFO Coupled UL queued grant lookup complete: sweep=2/3 slot=35/40 due_grants=2 pending_grants=0.
[2026-08-08T06:55:24Z] INFO Preparing coupled UL batches: sweep=2/3 slot=35/40 candidate_grants=2 batch_size=24.
[2026-08-08T06:55:24Z] INFO Preparing coupled UL resolved grant cache: candidate_grants=2.
[2026-08-08T06:55:25Z] INFO Prepared coupled UL resolved grant cache entries: 2/2.
[2026-08-08T06:55:25Z] INFO Prepared coupled UL resolved grant cache complete: entries=2 elapsed_s=1.183.
[2026-08-08T06:55:25Z] INFO Prepared coupled UL chunk: sweep=2/3 slot=35/40 executable_plans=2 chunk=1-2 of 2.
[2026-08-08T06:55:25Z] INFO Executing coupled UL chunk: sweep=2/3 slot=35/40 chunk=1-2 of 2.
[2026-08-08T06:55:25Z] INFO Executing coupled UL grant chunk serially: plans=2 reason=parallel_safety_or_pool_unavailable.
[2026-08-08T06:56:05Z] INFO Publishing coupled UL chunk results: sweep=2/3 slot=35/40 committed_rows=2 current_primary_rows=8.
[2026-08-08T06:56:06Z] INFO UL coupled publish: operating_point 2/3 configured_label_snr_dB=0.000 ue=4/4 dlDirectionalFrames=4/40 ulDirectionalFrames=4/40 dlRows=24 ulRows=8.
[2026-08-08T06:56:06Z] INFO Coupled canonical slot prepared: sweep=2/3 slot=36/40 duplex=DL allow_dl=1 allow_ul=0.
[2026-08-08T06:56:06Z] INFO Starting coupled pre-scheduling control gating for slot 76/120 with 4 UEs.
[2026-08-08T06:56:06Z] INFO Coupled control gating progress for slot 76/120: UE 1/4, PBCH=0 PRACH=0 SRS=0 TRS=0.
[2026-08-08T06:56:07Z] INFO Coupled control gating progress for slot 76/120: UE 2/4, PBCH=0 PRACH=0 SRS=0 TRS=0.
[2026-08-08T06:56:07Z] INFO Coupled control gating progress for slot 76/120: UE 3/4, PBCH=0 PRACH=0 SRS=0 TRS=0.
[2026-08-08T06:56:07Z] INFO Coupled control gating progress for slot 76/120: UE 4/4, PBCH=0 PRACH=0 SRS=0 TRS=0.
[2026-08-08T06:56:07Z] INFO Coupled control gating complete: slot=76 frame=4 pbch_attempts=0 prach_attempts=0 srs_attempts=0 trs_attempts=0 acquired=4/4 access=4/4 valid_srs=4/4 valid_trs_cells=1/1 tracked_serving_users=4/4 eligible=4/4.
[2026-08-08T06:56:07Z] INFO Coupled control gating complete for slot 76/120: acquired=4/4 access=4/4 valid_srs=4/4 valid_trs_cells=1/1 tracked_serving_users=4/4 eligible=4/4.
[2026-08-08T06:56:08Z] INFO DL coupled publish: operating_point 2/3 configured_label_snr_dB=0.000 ue=0/4 dlDirectionalFrames=4/40 ulDirectionalFrames=4/40 dlRows=24 ulRows=8.
[2026-08-08T06:56:09Z] INFO Coupled DL schedule complete: sweep=2/3 slot=36/40 active=4 granted=2 grants=2.
[2026-08-08T06:56:12Z] INFO Coupled DL PDCCH grant binding: ue=1 required=1 ok=1 status=bound failure= dci=30cad144098eeeb62eac7cf7f83088bb17ed4f0ba5b8f2f01bcc9edebb560bd1 grant_ss=1 observed_ss=1 bound_ss=1 grant_coreset=0 observed_coreset=0 bound_coreset=0.
[2026-08-08T06:56:15Z] INFO Coupled DL PDCCH grant binding: ue=2 required=1 ok=1 status=bound failure= dci=30cad144098eeeb62eac7cf7f83088bb17ed4f0ba5b8f2f01bcc9edebb560bd1 grant_ss=1 observed_ss=1 bound_ss=1 grant_coreset=0 observed_coreset=0 bound_coreset=0.
[2026-08-08T06:56:15Z] INFO Coupled DL PDCCH qualification complete: sweep=2/3 slot=36/40 executable_grants=2.
[2026-08-08T06:56:15Z] INFO Preparing coupled DL batches: sweep=2/3 slot=36/40 candidate_grants=2 batch_size=24.
[2026-08-08T06:56:15Z] INFO Preparing coupled DL resolved grant cache: candidate_grants=2.
[2026-08-08T06:57:19Z] INFO Prepared coupled DL resolved grant cache entries: 2/2.
[2026-08-08T06:58:25Z] INFO Prepared coupled DL resolved grant cache complete: entries=2 elapsed_s=130.249.
[2026-08-08T06:58:26Z] INFO Prepared coupled DL chunk: sweep=2/3 slot=36/40 executable_plans=2 chunk=1-2 of 2.
[2026-08-08T06:58:26Z] INFO Executing coupled DL chunk: sweep=2/3 slot=36/40 chunk=1-2 of 2.
[2026-08-08T06:58:26Z] INFO Executing coupled DL grant chunk serially: plans=2 reason=parallel_safety_or_pool_unavailable.
[2026-08-08T07:01:04Z] INFO Publishing coupled DL chunk results: sweep=2/3 slot=36/40 committed_rows=2 current_primary_rows=26.
[2026-08-08T07:01:05Z] INFO DL coupled publish: operating_point 2/3 configured_label_snr_dB=0.000 ue=2/4 dlDirectionalFrames=4/40 ulDirectionalFrames=4/40 dlRows=26 ulRows=8.
[2026-08-08T07:01:07Z] INFO Coupled UL K2 preschedule complete: control_slot=76 due_slot=80 k2=4 active=4 granted=2 grants=2.
[2026-08-08T07:01:36Z] INFO Coupled UL PDCCH grant binding: ue=1 required=1 ok=1 status=bound failure= dci=dc2cd59e443d1e01410129790030db969e939ac183cde699c945039f18748c8a grant_ss=1 observed_ss=1 bound_ss=1 grant_coreset=0 observed_coreset=0 bound_coreset=0.
[2026-08-08T07:02:03Z] INFO Coupled UL PDCCH grant binding: ue=2 required=1 ok=1 status=bound failure= dci=177633c1b25988eec01017a4e5bc3e1cc79f5e69e0e2a30f9f3efdc347524d72 grant_ss=1 observed_ss=1 bound_ss=1 grant_coreset=0 observed_coreset=0 bound_coreset=0.
[2026-08-08T07:02:04Z] INFO Queued coupled UL grants after K2 PDCCH qualification: control_slot=76 due_slot=80 executable_grants=2 pending_total=2.
[2026-08-08T07:02:04Z] INFO Coupled canonical slot prepared: sweep=2/3 slot=37/40 duplex=DL allow_dl=1 allow_ul=0.
[2026-08-08T07:02:04Z] INFO Starting coupled pre-scheduling control gating for slot 77/120 with 4 UEs.
[2026-08-08T07:02:04Z] INFO Coupled control gating progress for slot 77/120: UE 1/4, PBCH=0 PRACH=0 SRS=0 TRS=0.
[2026-08-08T07:02:04Z] INFO Coupled control gating progress for slot 77/120: UE 2/4, PBCH=0 PRACH=0 SRS=0 TRS=0.
[2026-08-08T07:02:04Z] INFO Coupled control gating progress for slot 77/120: UE 3/4, PBCH=0 PRACH=0 SRS=0 TRS=0.
[2026-08-08T07:02:04Z] INFO Coupled control gating progress for slot 77/120: UE 4/4, PBCH=0 PRACH=0 SRS=0 TRS=0.
[2026-08-08T07:02:05Z] INFO Coupled control gating complete: slot=77 frame=4 pbch_attempts=0 prach_attempts=0 srs_attempts=0 trs_attempts=0 acquired=4/4 access=4/4 valid_srs=4/4 valid_trs_cells=1/1 tracked_serving_users=4/4 eligible=4/4.
[2026-08-08T07:02:05Z] INFO Coupled control gating complete for slot 77/120: acquired=4/4 access=4/4 valid_srs=4/4 valid_trs_cells=1/1 tracked_serving_users=4/4 eligible=4/4.
[2026-08-08T07:02:05Z] INFO DL coupled publish: operating_point 2/3 configured_label_snr_dB=0.000 ue=0/4 dlDirectionalFrames=4/40 ulDirectionalFrames=4/40 dlRows=26 ulRows=8.
[2026-08-08T07:02:07Z] INFO Coupled DL schedule complete: sweep=2/3 slot=37/40 active=4 granted=2 grants=2.
[2026-08-08T07:02:09Z] INFO Coupled DL PDCCH grant binding: ue=1 required=1 ok=1 status=bound failure= dci=d2ea122a1d2a3eff0f550dd8153ae30704f0caec590aa374dd1c312a62d76295 grant_ss=1 observed_ss=1 bound_ss=1 grant_coreset=0 observed_coreset=0 bound_coreset=0.
[2026-08-08T07:02:13Z] INFO Coupled DL PDCCH grant binding: ue=2 required=1 ok=1 status=bound failure= dci=d2ea122a1d2a3eff0f550dd8153ae30704f0caec590aa374dd1c312a62d76295 grant_ss=1 observed_ss=1 bound_ss=1 grant_coreset=0 observed_coreset=0 bound_coreset=0.
[2026-08-08T07:02:13Z] INFO Coupled DL PDCCH qualification complete: sweep=2/3 slot=37/40 executable_grants=2.
[2026-08-08T07:02:13Z] INFO Preparing coupled DL batches: sweep=2/3 slot=37/40 candidate_grants=2 batch_size=24.
[2026-08-08T07:02:13Z] INFO Preparing coupled DL resolved grant cache: candidate_grants=2.
[2026-08-08T07:03:40Z] INFO Prepared coupled DL resolved grant cache entries: 2/2.
[2026-08-08T07:04:51Z] INFO Prepared coupled DL resolved grant cache complete: entries=2 elapsed_s=158.352.
[2026-08-08T07:04:53Z] INFO Prepared coupled DL chunk: sweep=2/3 slot=37/40 executable_plans=2 chunk=1-2 of 2.
[2026-08-08T07:04:53Z] INFO Executing coupled DL chunk: sweep=2/3 slot=37/40 chunk=1-2 of 2.
[2026-08-08T07:04:53Z] INFO Executing coupled DL grant chunk serially: plans=2 reason=parallel_safety_or_pool_unavailable.
[2026-08-08T07:07:30Z] INFO Publishing coupled DL chunk results: sweep=2/3 slot=37/40 committed_rows=2 current_primary_rows=28.
[2026-08-08T07:07:31Z] INFO DL coupled publish: operating_point 2/3 configured_label_snr_dB=0.000 ue=2/4 dlDirectionalFrames=4/40 ulDirectionalFrames=4/40 dlRows=28 ulRows=8.
[2026-08-08T07:07:31Z] INFO Coupled UL K2 preschedule deferred: control_slot=77 reason=data_timing_rejected:target_hits_fixed_opposite_direction policy=no_valid_ul_occasion_from_current_dl_control_slot.
[2026-08-08T07:07:31Z] INFO Coupled canonical slot prepared: sweep=2/3 slot=38/40 duplex=DL allow_dl=1 allow_ul=0.
[2026-08-08T07:07:31Z] INFO Starting coupled pre-scheduling control gating for slot 78/120 with 4 UEs.
[2026-08-08T07:07:31Z] INFO Coupled control gating progress for slot 78/120: UE 1/4, PBCH=0 PRACH=0 SRS=0 TRS=0.
[2026-08-08T07:07:31Z] INFO Coupled control gating progress for slot 78/120: UE 2/4, PBCH=0 PRACH=0 SRS=0 TRS=0.
[2026-08-08T07:07:31Z] INFO Coupled control gating progress for slot 78/120: UE 3/4, PBCH=0 PRACH=0 SRS=0 TRS=0.
[2026-08-08T07:07:31Z] INFO Coupled control gating progress for slot 78/120: UE 4/4, PBCH=0 PRACH=0 SRS=0 TRS=0.
[2026-08-08T07:07:32Z] INFO Coupled control gating complete: slot=78 frame=4 pbch_attempts=0 prach_attempts=0 srs_attempts=0 trs_attempts=0 acquired=4/4 access=4/4 valid_srs=4/4 valid_trs_cells=1/1 tracked_serving_users=4/4 eligible=4/4.
[2026-08-08T07:07:32Z] INFO Coupled control gating complete for slot 78/120: acquired=4/4 access=4/4 valid_srs=4/4 valid_trs_cells=1/1 tracked_serving_users=4/4 eligible=4/4.
[2026-08-08T07:07:32Z] INFO DL coupled publish: operating_point 2/3 configured_label_snr_dB=0.000 ue=0/4 dlDirectionalFrames=4/40 ulDirectionalFrames=4/40 dlRows=28 ulRows=8.
[2026-08-08T07:07:34Z] INFO Coupled DL schedule complete: sweep=2/3 slot=38/40 active=4 granted=2 grants=2.
[2026-08-08T07:07:37Z] INFO Coupled DL PDCCH grant binding: ue=1 required=1 ok=1 status=bound failure= dci=a2ab1e06204c601f027d2d5cce8da85f8c52c407aedf0beed78c5dcfdea58a8a grant_ss=1 observed_ss=1 bound_ss=1 grant_coreset=0 observed_coreset=0 bound_coreset=0.
[2026-08-08T07:07:40Z] INFO Coupled DL PDCCH grant binding: ue=2 required=1 ok=1 status=bound failure= dci=a2ab1e06204c601f027d2d5cce8da85f8c52c407aedf0beed78c5dcfdea58a8a grant_ss=1 observed_ss=1 bound_ss=1 grant_coreset=0 observed_coreset=0 bound_coreset=0.
[2026-08-08T07:07:40Z] INFO Coupled DL PDCCH qualification complete: sweep=2/3 slot=38/40 executable_grants=2.
[2026-08-08T07:07:40Z] INFO Preparing coupled DL batches: sweep=2/3 slot=38/40 candidate_grants=2 batch_size=24.
[2026-08-08T07:07:40Z] INFO Preparing coupled DL resolved grant cache: candidate_grants=2.
[2026-08-08T07:08:59Z] INFO Prepared coupled DL resolved grant cache entries: 2/2.
[2026-08-08T07:10:20Z] INFO Prepared coupled DL resolved grant cache complete: entries=2 elapsed_s=159.689.
[2026-08-08T07:10:21Z] INFO Prepared coupled DL chunk: sweep=2/3 slot=38/40 executable_plans=2 chunk=1-2 of 2.
[2026-08-08T07:10:21Z] INFO Executing coupled DL chunk: sweep=2/3 slot=38/40 chunk=1-2 of 2.
[2026-08-08T07:10:21Z] INFO Executing coupled DL grant chunk serially: plans=2 reason=parallel_safety_or_pool_unavailable.
[2026-08-08T07:12:50Z] INFO Publishing coupled DL chunk results: sweep=2/3 slot=38/40 committed_rows=2 current_primary_rows=30.
[2026-08-08T07:12:51Z] INFO DL coupled publish: operating_point 2/3 configured_label_snr_dB=0.000 ue=2/4 dlDirectionalFrames=4/40 ulDirectionalFrames=4/40 dlRows=30 ulRows=8.
[2026-08-08T07:12:51Z] INFO Coupled UL K2 preschedule deferred: control_slot=78 reason=data_timing_rejected:target_hits_fixed_opposite_direction policy=no_valid_ul_occasion_from_current_dl_control_slot.
[2026-08-08T07:12:51Z] INFO Coupled canonical slot prepared: sweep=2/3 slot=39/40 duplex=FLEXIBLE_OR_MIXED allow_dl=1 allow_ul=1.
[2026-08-08T07:12:58Z] INFO Starting coupled pre-scheduling control gating for slot 79/120 with 4 UEs.
[2026-08-08T07:12:58Z] INFO Coupled control gating progress for slot 79/120: UE 1/4, PBCH=0 PRACH=0 SRS=0 TRS=0.
[2026-08-08T07:12:58Z] INFO Coupled control gating progress for slot 79/120: UE 2/4, PBCH=0 PRACH=0 SRS=0 TRS=0.
[2026-08-08T07:12:58Z] INFO Coupled control gating progress for slot 79/120: UE 3/4, PBCH=0 PRACH=0 SRS=0 TRS=0.
[2026-08-08T07:12:58Z] INFO Coupled control gating progress for slot 79/120: UE 4/4, PBCH=0 PRACH=0 SRS=0 TRS=0.
[2026-08-08T07:12:59Z] INFO Coupled control gating complete: slot=79 frame=4 pbch_attempts=0 prach_attempts=0 srs_attempts=0 trs_attempts=0 acquired=4/4 access=4/4 valid_srs=4/4 valid_trs_cells=1/1 tracked_serving_users=4/4 eligible=4/4.
[2026-08-08T07:12:59Z] INFO Coupled control gating complete for slot 79/120: acquired=4/4 access=4/4 valid_srs=4/4 valid_trs_cells=1/1 tracked_serving_users=4/4 eligible=4/4.
[2026-08-08T07:12:59Z] INFO DL coupled publish: operating_point 2/3 configured_label_snr_dB=0.000 ue=0/4 dlDirectionalFrames=4/40 ulDirectionalFrames=4/40 dlRows=30 ulRows=8.
[2026-08-08T07:12:59Z] INFO Coupled DL scheduling deferred: sweep=2/3 slot=39/40 reason=configured_dl_symbol_allocation_not_available_in_tdd_slot policy=no_valid_harq_ack_occasion_from_current_dl_slot.
[2026-08-08T07:12:59Z] INFO Coupled DL schedule complete: sweep=2/3 slot=39/40 active=0 granted=0 grants=0.
[2026-08-08T07:12:59Z] INFO Coupled DL PDCCH qualification complete: sweep=2/3 slot=39/40 executable_grants=0.
[2026-08-08T07:12:59Z] INFO Preparing coupled DL batches: sweep=2/3 slot=39/40 candidate_grants=0 batch_size=24.
[2026-08-08T07:12:59Z] INFO Coupled UL K2 preschedule deferred: control_slot=79 reason=data_timing_rejected:target_hits_fixed_opposite_direction policy=no_valid_ul_occasion_from_current_dl_control_slot.
[2026-08-08T07:12:59Z] INFO Coupled UL queued grant lookup complete: sweep=2/3 slot=39/40 due_grants=0 pending_grants=2.
[2026-08-08T07:12:59Z] INFO Coupled canonical slot prepared: sweep=2/3 slot=40/40 duplex=UL allow_dl=0 allow_ul=1.
[2026-08-08T07:12:59Z] INFO Starting coupled pre-scheduling control gating for slot 80/120 with 4 UEs.
[2026-08-08T07:13:00Z] INFO Coupled control gating progress for slot 80/120: UE 1/4, PBCH=0 PRACH=0 SRS=0 TRS=0.
[2026-08-08T07:13:00Z] INFO Coupled control gating progress for slot 80/120: UE 2/4, PBCH=0 PRACH=0 SRS=0 TRS=0.
[2026-08-08T07:13:00Z] INFO Coupled control gating progress for slot 80/120: UE 3/4, PBCH=0 PRACH=0 SRS=0 TRS=0.
[2026-08-08T07:13:00Z] INFO Coupled control gating progress for slot 80/120: UE 4/4, PBCH=0 PRACH=0 SRS=0 TRS=0.
[2026-08-08T07:13:00Z] INFO Coupled control gating complete: slot=80 frame=4 pbch_attempts=0 prach_attempts=0 srs_attempts=0 trs_attempts=0 acquired=4/4 access=4/4 valid_srs=4/4 valid_trs_cells=1/1 tracked_serving_users=4/4 eligible=4/4.
[2026-08-08T07:13:00Z] INFO Coupled control gating complete for slot 80/120: acquired=4/4 access=4/4 valid_srs=4/4 valid_trs_cells=1/1 tracked_serving_users=4/4 eligible=4/4.
[2026-08-08T07:13:01Z] INFO UL coupled publish: operating_point 2/3 configured_label_snr_dB=0.000 ue=0/4 dlDirectionalFrames=4/40 ulDirectionalFrames=4/40 dlRows=30 ulRows=8.
[2026-08-08T07:13:01Z] INFO Coupled UL queued grant lookup complete: sweep=2/3 slot=40/40 due_grants=2 pending_grants=0.
[2026-08-08T07:13:01Z] INFO Preparing coupled UL batches: sweep=2/3 slot=40/40 candidate_grants=2 batch_size=24.
[2026-08-08T07:13:01Z] INFO Preparing coupled UL resolved grant cache: candidate_grants=2.
[2026-08-08T07:13:02Z] INFO Prepared coupled UL resolved grant cache entries: 2/2.
[2026-08-08T07:13:03Z] INFO Prepared coupled UL resolved grant cache complete: entries=2 elapsed_s=1.991.
[2026-08-08T07:13:03Z] INFO Prepared coupled UL chunk: sweep=2/3 slot=40/40 executable_plans=2 chunk=1-2 of 2.
[2026-08-08T07:13:03Z] INFO Executing coupled UL chunk: sweep=2/3 slot=40/40 chunk=1-2 of 2.
[2026-08-08T07:13:03Z] INFO Executing coupled UL grant chunk serially: plans=2 reason=parallel_safety_or_pool_unavailable.
[2026-08-08T07:13:36Z] INFO Publishing coupled UL chunk results: sweep=2/3 slot=40/40 committed_rows=2 current_primary_rows=10.
[2026-08-08T07:13:37Z] INFO UL coupled publish: operating_point 2/3 configured_label_snr_dB=0.000 ue=2/4 dlDirectionalFrames=4/40 ulDirectionalFrames=4/40 dlRows=30 ulRows=10.
[2026-08-08T07:13:37Z] INFO DL raw trial sweep progress: point 2/3, configured operating-point label 0.000 dB (not a measured SINR); median PostEqSINR_dB 2.513 dB; median MeasuredTrialSINR_dB 2.513 dB; median ReceiverHestSINR_dB 2.513 dB, rows=30.
[2026-08-08T07:13:37Z] INFO UL raw trial sweep progress: point 2/3, configured operating-point label 0.000 dB (not a measured SINR); median PostEqSINR_dB 5.244 dB; median MeasuredTrialSINR_dB 5.244 dB; median ReceiverHestSINR_dB -0.759 dB, rows=10.
[2026-08-08T07:13:39Z] INFO Reset causal HARQ, channel, reference-measurement, scheduler, link-adaptation and traffic-queue state at independent fixed-SNR point boundary: sweep=3/3 start_slot=81 snr_db=20.000 policy=independent_link_state_per_point.
[2026-08-08T07:13:39Z] INFO Coupled canonical slot prepared: sweep=3/3 slot=1/40 duplex=DL allow_dl=1 allow_ul=0.
[2026-08-08T07:13:39Z] INFO Starting coupled pre-scheduling control gating for slot 81/120 with 4 UEs.
[2026-08-08T07:13:43Z] INFO Coupled control gating progress for slot 81/120: UE 1/4, PBCH=0 PRACH=0 SRS=0 TRS=1.
[2026-08-08T07:13:43Z] INFO Coupled control gating progress for slot 81/120: UE 2/4, PBCH=0 PRACH=0 SRS=0 TRS=1.
[2026-08-08T07:13:43Z] INFO Coupled control gating progress for slot 81/120: UE 3/4, PBCH=0 PRACH=0 SRS=0 TRS=1.
[2026-08-08T07:13:44Z] INFO Coupled control gating progress for slot 81/120: UE 4/4, PBCH=0 PRACH=0 SRS=0 TRS=1.
[2026-08-08T07:13:44Z] INFO Coupled control gating complete: slot=81 frame=5 pbch_attempts=0 prach_attempts=0 srs_attempts=0 trs_attempts=1 acquired=4/4 access=4/4 valid_srs=0/4 valid_trs_cells=1/1 tracked_serving_users=4/4 eligible=0/4.
[2026-08-08T07:13:44Z] INFO Coupled control gating complete for slot 81/120: acquired=4/4 access=4/4 valid_srs=0/4 valid_trs_cells=1/1 tracked_serving_users=4/4 eligible=0/4.
[2026-08-08T07:13:45Z] INFO DL coupled publish: operating_point 3/3 configured_label_snr_dB=20.000 ue=0/4 dlDirectionalFrames=4/40 ulDirectionalFrames=4/40 dlRows=30 ulRows=10.
[2026-08-08T07:13:45Z] INFO Coupled DL schedule complete: sweep=3/3 slot=1/40 active=0 granted=0 grants=0.
[2026-08-08T07:13:45Z] INFO Coupled DL PDCCH qualification complete: sweep=3/3 slot=1/40 executable_grants=0.
[2026-08-08T07:13:45Z] INFO Preparing coupled DL batches: sweep=3/3 slot=1/40 candidate_grants=0 batch_size=24.
[2026-08-08T07:13:45Z] INFO Coupled UL K2 preschedule complete: control_slot=81 due_slot=85 k2=4 active=0 granted=0 grants=0.
[2026-08-08T07:13:45Z] INFO Coupled canonical slot prepared: sweep=3/3 slot=2/40 duplex=DL allow_dl=1 allow_ul=0.
[2026-08-08T07:13:45Z] INFO Starting coupled pre-scheduling control gating for slot 82/120 with 4 UEs.
[2026-08-08T07:13:45Z] INFO Coupled control gating progress for slot 82/120: UE 1/4, PBCH=0 PRACH=0 SRS=0 TRS=0.
[2026-08-08T07:13:46Z] INFO Coupled control gating progress for slot 82/120: UE 2/4, PBCH=0 PRACH=0 SRS=0 TRS=0.
[2026-08-08T07:13:46Z] INFO Coupled control gating progress for slot 82/120: UE 3/4, PBCH=0 PRACH=0 SRS=0 TRS=0.
[2026-08-08T07:13:46Z] INFO Coupled control gating progress for slot 82/120: UE 4/4, PBCH=0 PRACH=0 SRS=0 TRS=0.
[2026-08-08T07:13:46Z] INFO Coupled control gating complete: slot=82 frame=5 pbch_attempts=0 prach_attempts=0 srs_attempts=0 trs_attempts=0 acquired=4/4 access=4/4 valid_srs=0/4 valid_trs_cells=1/1 tracked_serving_users=4/4 eligible=0/4.
[2026-08-08T07:13:46Z] INFO Coupled control gating complete for slot 82/120: acquired=4/4 access=4/4 valid_srs=0/4 valid_trs_cells=1/1 tracked_serving_users=4/4 eligible=0/4.
[2026-08-08T07:13:47Z] INFO DL coupled publish: operating_point 3/3 configured_label_snr_dB=20.000 ue=0/4 dlDirectionalFrames=4/40 ulDirectionalFrames=4/40 dlRows=30 ulRows=10.
[2026-08-08T07:13:47Z] INFO Coupled DL schedule complete: sweep=3/3 slot=2/40 active=0 granted=0 grants=0.
[2026-08-08T07:13:47Z] INFO Coupled DL PDCCH qualification complete: sweep=3/3 slot=2/40 executable_grants=0.
[2026-08-08T07:13:47Z] INFO Preparing coupled DL batches: sweep=3/3 slot=2/40 candidate_grants=0 batch_size=24.
[2026-08-08T07:13:47Z] INFO Coupled UL K2 preschedule deferred: control_slot=82 reason=data_timing_rejected:target_hits_fixed_opposite_direction policy=no_valid_ul_occasion_from_current_dl_control_slot.
[2026-08-08T07:13:47Z] INFO Coupled canonical slot prepared: sweep=3/3 slot=3/40 duplex=DL allow_dl=1 allow_ul=0.
[2026-08-08T07:13:47Z] INFO Starting coupled pre-scheduling control gating for slot 83/120 with 4 UEs.
[2026-08-08T07:13:47Z] INFO Coupled control gating progress for slot 83/120: UE 1/4, PBCH=0 PRACH=0 SRS=0 TRS=0.
[2026-08-08T07:13:47Z] INFO Coupled control gating progress for slot 83/120: UE 2/4, PBCH=0 PRACH=0 SRS=0 TRS=0.
[2026-08-08T07:13:47Z] INFO Coupled control gating progress for slot 83/120: UE 3/4, PBCH=0 PRACH=0 SRS=0 TRS=0.
[2026-08-08T07:13:48Z] INFO Coupled control gating progress for slot 83/120: UE 4/4, PBCH=0 PRACH=0 SRS=0 TRS=0.
[2026-08-08T07:13:48Z] INFO Coupled control gating complete: slot=83 frame=5 pbch_attempts=0 prach_attempts=0 srs_attempts=0 trs_attempts=0 acquired=4/4 access=4/4 valid_srs=0/4 valid_trs_cells=1/1 tracked_serving_users=4/4 eligible=0/4.
[2026-08-08T07:13:48Z] INFO Coupled control gating complete for slot 83/120: acquired=4/4 access=4/4 valid_srs=0/4 valid_trs_cells=1/1 tracked_serving_users=4/4 eligible=0/4.
[2026-08-08T07:13:48Z] INFO DL coupled publish: operating_point 3/3 configured_label_snr_dB=20.000 ue=0/4 dlDirectionalFrames=4/40 ulDirectionalFrames=4/40 dlRows=30 ulRows=10.
[2026-08-08T07:13:48Z] INFO Coupled DL schedule complete: sweep=3/3 slot=3/40 active=0 granted=0 grants=0.
[2026-08-08T07:13:48Z] INFO Coupled DL PDCCH qualification complete: sweep=3/3 slot=3/40 executable_grants=0.
[2026-08-08T07:13:48Z] INFO Preparing coupled DL batches: sweep=3/3 slot=3/40 candidate_grants=0 batch_size=24.
[2026-08-08T07:13:48Z] INFO Coupled UL K2 preschedule deferred: control_slot=83 reason=data_timing_rejected:target_hits_fixed_opposite_direction policy=no_valid_ul_occasion_from_current_dl_control_slot.
[2026-08-08T07:13:49Z] INFO Coupled canonical slot prepared: sweep=3/3 slot=4/40 duplex=FLEXIBLE_OR_MIXED allow_dl=1 allow_ul=1.
[2026-08-08T07:13:49Z] INFO Starting coupled pre-scheduling control gating for slot 84/120 with 4 UEs.
[2026-08-08T07:13:49Z] INFO Coupled control gating progress for slot 84/120: UE 1/4, PBCH=0 PRACH=0 SRS=0 TRS=0.
[2026-08-08T07:13:49Z] INFO Coupled control gating progress for slot 84/120: UE 2/4, PBCH=0 PRACH=0 SRS=0 TRS=0.
[2026-08-08T07:13:49Z] INFO Coupled control gating progress for slot 84/120: UE 3/4, PBCH=0 PRACH=0 SRS=0 TRS=0.
[2026-08-08T07:13:49Z] INFO Coupled control gating progress for slot 84/120: UE 4/4, PBCH=0 PRACH=0 SRS=0 TRS=0.
[2026-08-08T07:13:50Z] INFO Coupled control gating complete: slot=84 frame=5 pbch_attempts=0 prach_attempts=0 srs_attempts=0 trs_attempts=0 acquired=4/4 access=4/4 valid_srs=0/4 valid_trs_cells=1/1 tracked_serving_users=4/4 eligible=0/4.
[2026-08-08T07:13:50Z] INFO Coupled control gating complete for slot 84/120: acquired=4/4 access=4/4 valid_srs=0/4 valid_trs_cells=1/1 tracked_serving_users=4/4 eligible=0/4.
[2026-08-08T07:13:50Z] INFO DL coupled publish: operating_point 3/3 configured_label_snr_dB=20.000 ue=0/4 dlDirectionalFrames=4/40 ulDirectionalFrames=4/40 dlRows=30 ulRows=10.
[2026-08-08T07:13:50Z] INFO Coupled DL scheduling deferred: sweep=3/3 slot=4/40 reason=configured_dl_symbol_allocation_not_available_in_tdd_slot policy=no_valid_harq_ack_occasion_from_current_dl_slot.
[2026-08-08T07:13:50Z] INFO Coupled DL schedule complete: sweep=3/3 slot=4/40 active=0 granted=0 grants=0.
[2026-08-08T07:13:50Z] INFO Coupled DL PDCCH qualification complete: sweep=3/3 slot=4/40 executable_grants=0.
[2026-08-08T07:13:50Z] INFO Preparing coupled DL batches: sweep=3/3 slot=4/40 candidate_grants=0 batch_size=24.
[2026-08-08T07:13:50Z] INFO Coupled UL K2 preschedule deferred: control_slot=84 reason=data_timing_rejected:target_hits_fixed_opposite_direction policy=no_valid_ul_occasion_from_current_dl_control_slot.
[2026-08-08T07:13:50Z] INFO Coupled UL queued grant lookup complete: sweep=3/3 slot=4/40 due_grants=0 pending_grants=0.
[2026-08-08T07:13:51Z] INFO Coupled canonical slot prepared: sweep=3/3 slot=5/40 duplex=UL allow_dl=0 allow_ul=1.
[2026-08-08T07:13:51Z] INFO Starting coupled pre-scheduling control gating for slot 85/120 with 4 UEs.
[2026-08-08T07:13:51Z] INFO Coupled control gating progress for slot 85/120: UE 1/4, PBCH=0 PRACH=0 SRS=0 TRS=0.
[2026-08-08T07:13:51Z] INFO Coupled control gating progress for slot 85/120: UE 2/4, PBCH=0 PRACH=0 SRS=0 TRS=0.
[2026-08-08T07:13:51Z] INFO Coupled control gating progress for slot 85/120: UE 3/4, PBCH=0 PRACH=0 SRS=0 TRS=0.
[2026-08-08T07:13:51Z] INFO Coupled control gating progress for slot 85/120: UE 4/4, PBCH=0 PRACH=0 SRS=0 TRS=0.
[2026-08-08T07:13:52Z] INFO Coupled control gating complete: slot=85 frame=5 pbch_attempts=0 prach_attempts=0 srs_attempts=0 trs_attempts=0 acquired=4/4 access=4/4 valid_srs=0/4 valid_trs_cells=1/1 tracked_serving_users=4/4 eligible=0/4.
[2026-08-08T07:13:52Z] INFO Coupled control gating complete for slot 85/120: acquired=4/4 access=4/4 valid_srs=0/4 valid_trs_cells=1/1 tracked_serving_users=4/4 eligible=0/4.
[2026-08-08T07:13:52Z] INFO UL coupled publish: operating_point 3/3 configured_label_snr_dB=20.000 ue=0/4 dlDirectionalFrames=4/40 ulDirectionalFrames=4/40 dlRows=30 ulRows=10.
[2026-08-08T07:13:52Z] INFO Coupled UL queued grant lookup complete: sweep=3/3 slot=5/40 due_grants=0 pending_grants=0.
[2026-08-08T07:13:52Z] INFO Coupled canonical slot prepared: sweep=3/3 slot=6/40 duplex=DL allow_dl=1 allow_ul=0.
[2026-08-08T07:13:52Z] INFO Starting coupled pre-scheduling control gating for slot 86/120 with 4 UEs.
[2026-08-08T07:13:53Z] INFO Coupled control gating progress for slot 86/120: UE 1/4, PBCH=0 PRACH=0 SRS=0 TRS=0.
[2026-08-08T07:13:53Z] INFO Coupled control gating progress for slot 86/120: UE 2/4, PBCH=0 PRACH=0 SRS=0 TRS=0.
[2026-08-08T07:13:53Z] INFO Coupled control gating progress for slot 86/120: UE 3/4, PBCH=0 PRACH=0 SRS=0 TRS=0.
[2026-08-08T07:13:53Z] INFO Coupled control gating progress for slot 86/120: UE 4/4, PBCH=0 PRACH=0 SRS=0 TRS=0.
[2026-08-08T07:13:53Z] INFO Coupled control gating complete: slot=86 frame=5 pbch_attempts=0 prach_attempts=0 srs_attempts=0 trs_attempts=0 acquired=4/4 access=4/4 valid_srs=0/4 valid_trs_cells=1/1 tracked_serving_users=4/4 eligible=0/4.
[2026-08-08T07:13:53Z] INFO Coupled control gating complete for slot 86/120: acquired=4/4 access=4/4 valid_srs=0/4 valid_trs_cells=1/1 tracked_serving_users=4/4 eligible=0/4.
[2026-08-08T07:13:54Z] INFO DL coupled publish: operating_point 3/3 configured_label_snr_dB=20.000 ue=0/4 dlDirectionalFrames=4/40 ulDirectionalFrames=4/40 dlRows=30 ulRows=10.
[2026-08-08T07:13:54Z] INFO Coupled DL schedule complete: sweep=3/3 slot=6/40 active=0 granted=0 grants=0.
[2026-08-08T07:13:54Z] INFO Coupled DL PDCCH qualification complete: sweep=3/3 slot=6/40 executable_grants=0.
[2026-08-08T07:13:54Z] INFO Preparing coupled DL batches: sweep=3/3 slot=6/40 candidate_grants=0 batch_size=24.
[2026-08-08T07:13:54Z] INFO Coupled UL K2 preschedule complete: control_slot=86 due_slot=90 k2=4 active=0 granted=0 grants=0.
[2026-08-08T07:13:54Z] INFO Coupled canonical slot prepared: sweep=3/3 slot=7/40 duplex=DL allow_dl=1 allow_ul=0.
[2026-08-08T07:13:54Z] INFO Starting coupled pre-scheduling control gating for slot 87/120 with 4 UEs.
[2026-08-08T07:13:55Z] INFO Coupled control gating progress for slot 87/120: UE 1/4, PBCH=0 PRACH=0 SRS=0 TRS=0.
[2026-08-08T07:13:55Z] INFO Coupled control gating progress for slot 87/120: UE 2/4, PBCH=0 PRACH=0 SRS=0 TRS=0.
[2026-08-08T07:13:55Z] INFO Coupled control gating progress for slot 87/120: UE 3/4, PBCH=0 PRACH=0 SRS=0 TRS=0.
[2026-08-08T07:13:55Z] INFO Coupled control gating progress for slot 87/120: UE 4/4, PBCH=0 PRACH=0 SRS=0 TRS=0.
[2026-08-08T07:13:55Z] INFO Coupled control gating complete: slot=87 frame=5 pbch_attempts=0 prach_attempts=0 srs_attempts=0 trs_attempts=0 acquired=4/4 access=4/4 valid_srs=0/4 valid_trs_cells=1/1 tracked_serving_users=4/4 eligible=0/4.
[2026-08-08T07:13:55Z] INFO Coupled control gating complete for slot 87/120: acquired=4/4 access=4/4 valid_srs=0/4 valid_trs_cells=1/1 tracked_serving_users=4/4 eligible=0/4.
[2026-08-08T07:13:56Z] INFO DL coupled publish: operating_point 3/3 configured_label_snr_dB=20.000 ue=0/4 dlDirectionalFrames=4/40 ulDirectionalFrames=4/40 dlRows=30 ulRows=10.
[2026-08-08T07:13:56Z] INFO Coupled DL schedule complete: sweep=3/3 slot=7/40 active=0 granted=0 grants=0.
[2026-08-08T07:13:56Z] INFO Coupled DL PDCCH qualification complete: sweep=3/3 slot=7/40 executable_grants=0.
[2026-08-08T07:13:56Z] INFO Preparing coupled DL batches: sweep=3/3 slot=7/40 candidate_grants=0 batch_size=24.
[2026-08-08T07:13:56Z] INFO Coupled UL K2 preschedule deferred: control_slot=87 reason=data_timing_rejected:target_hits_fixed_opposite_direction policy=no_valid_ul_occasion_from_current_dl_control_slot.
[2026-08-08T07:13:56Z] INFO Coupled canonical slot prepared: sweep=3/3 slot=8/40 duplex=DL allow_dl=1 allow_ul=0.
[2026-08-08T07:13:56Z] INFO Starting coupled pre-scheduling control gating for slot 88/120 with 4 UEs.
[2026-08-08T07:13:56Z] INFO Coupled control gating progress for slot 88/120: UE 1/4, PBCH=0 PRACH=0 SRS=0 TRS=0.
[2026-08-08T07:13:57Z] INFO Coupled control gating progress for slot 88/120: UE 2/4, PBCH=0 PRACH=0 SRS=0 TRS=0.
[2026-08-08T07:13:57Z] INFO Coupled control gating progress for slot 88/120: UE 3/4, PBCH=0 PRACH=0 SRS=0 TRS=0.
[2026-08-08T07:13:57Z] INFO Coupled control gating progress for slot 88/120: UE 4/4, PBCH=0 PRACH=0 SRS=0 TRS=0.
[2026-08-08T07:13:57Z] INFO Coupled control gating complete: slot=88 frame=5 pbch_attempts=0 prach_attempts=0 srs_attempts=0 trs_attempts=0 acquired=4/4 access=4/4 valid_srs=0/4 valid_trs_cells=1/1 tracked_serving_users=4/4 eligible=0/4.
[2026-08-08T07:13:57Z] INFO Coupled control gating complete for slot 88/120: acquired=4/4 access=4/4 valid_srs=0/4 valid_trs_cells=1/1 tracked_serving_users=4/4 eligible=0/4.
[2026-08-08T07:13:58Z] INFO DL coupled publish: operating_point 3/3 configured_label_snr_dB=20.000 ue=0/4 dlDirectionalFrames=4/40 ulDirectionalFrames=4/40 dlRows=30 ulRows=10.
[2026-08-08T07:13:58Z] INFO Coupled DL schedule complete: sweep=3/3 slot=8/40 active=0 granted=0 grants=0.
[2026-08-08T07:13:58Z] INFO Coupled DL PDCCH qualification complete: sweep=3/3 slot=8/40 executable_grants=0.
[2026-08-08T07:13:58Z] INFO Preparing coupled DL batches: sweep=3/3 slot=8/40 candidate_grants=0 batch_size=24.
[2026-08-08T07:13:58Z] INFO Coupled UL K2 preschedule deferred: control_slot=88 reason=data_timing_rejected:target_hits_fixed_opposite_direction policy=no_valid_ul_occasion_from_current_dl_control_slot.
[2026-08-08T07:13:58Z] INFO Coupled canonical slot prepared: sweep=3/3 slot=9/40 duplex=FLEXIBLE_OR_MIXED allow_dl=1 allow_ul=1.
[2026-08-08T07:13:58Z] INFO Starting coupled pre-scheduling control gating for slot 89/120 with 4 UEs.
[2026-08-08T07:13:58Z] INFO Coupled control gating progress for slot 89/120: UE 1/4, PBCH=0 PRACH=0 SRS=0 TRS=0.
[2026-08-08T07:13:59Z] INFO Coupled control gating progress for slot 89/120: UE 2/4, PBCH=0 PRACH=0 SRS=0 TRS=0.
[2026-08-08T07:13:59Z] INFO Coupled control gating progress for slot 89/120: UE 3/4, PBCH=0 PRACH=0 SRS=0 TRS=0.
[2026-08-08T07:13:59Z] INFO Coupled control gating progress for slot 89/120: UE 4/4, PBCH=0 PRACH=0 SRS=0 TRS=0.
[2026-08-08T07:13:59Z] INFO Coupled control gating complete: slot=89 frame=5 pbch_attempts=0 prach_attempts=0 srs_attempts=0 trs_attempts=0 acquired=4/4 access=4/4 valid_srs=0/4 valid_trs_cells=1/1 tracked_serving_users=4/4 eligible=0/4.
[2026-08-08T07:13:59Z] INFO Coupled control gating complete for slot 89/120: acquired=4/4 access=4/4 valid_srs=0/4 valid_trs_cells=1/1 tracked_serving_users=4/4 eligible=0/4.
[2026-08-08T07:14:00Z] INFO DL coupled publish: operating_point 3/3 configured_label_snr_dB=20.000 ue=0/4 dlDirectionalFrames=4/40 ulDirectionalFrames=4/40 dlRows=30 ulRows=10.
[2026-08-08T07:14:00Z] INFO Coupled DL scheduling deferred: sweep=3/3 slot=9/40 reason=configured_dl_symbol_allocation_not_available_in_tdd_slot policy=no_valid_harq_ack_occasion_from_current_dl_slot.
[2026-08-08T07:14:00Z] INFO Coupled DL schedule complete: sweep=3/3 slot=9/40 active=0 granted=0 grants=0.
[2026-08-08T07:14:00Z] INFO Coupled DL PDCCH qualification complete: sweep=3/3 slot=9/40 executable_grants=0.
[2026-08-08T07:14:00Z] INFO Preparing coupled DL batches: sweep=3/3 slot=9/40 candidate_grants=0 batch_size=24.
[2026-08-08T07:14:00Z] INFO Coupled UL K2 preschedule deferred: control_slot=89 reason=data_timing_rejected:target_hits_fixed_opposite_direction policy=no_valid_ul_occasion_from_current_dl_control_slot.
[2026-08-08T07:14:00Z] INFO Coupled UL queued grant lookup complete: sweep=3/3 slot=9/40 due_grants=0 pending_grants=0.
[2026-08-08T07:14:00Z] INFO Coupled canonical slot prepared: sweep=3/3 slot=10/40 duplex=UL allow_dl=0 allow_ul=1.
[2026-08-08T07:14:00Z] INFO Starting coupled pre-scheduling control gating for slot 90/120 with 4 UEs.
[2026-08-08T07:14:01Z] INFO Coupled control gating progress for slot 90/120: UE 1/4, PBCH=0 PRACH=0 SRS=0 TRS=0.
[2026-08-08T07:14:01Z] INFO Coupled control gating progress for slot 90/120: UE 2/4, PBCH=0 PRACH=0 SRS=0 TRS=0.
[2026-08-08T07:14:01Z] INFO Coupled control gating progress for slot 90/120: UE 3/4, PBCH=0 PRACH=0 SRS=0 TRS=0.
[2026-08-08T07:14:01Z] INFO Coupled control gating progress for slot 90/120: UE 4/4, PBCH=0 PRACH=0 SRS=0 TRS=0.
[2026-08-08T07:14:02Z] INFO Coupled control gating complete: slot=90 frame=5 pbch_attempts=0 prach_attempts=0 srs_attempts=0 trs_attempts=0 acquired=4/4 access=4/4 valid_srs=0/4 valid_trs_cells=1/1 tracked_serving_users=4/4 eligible=0/4.
[2026-08-08T07:14:02Z] INFO Coupled control gating complete for slot 90/120: acquired=4/4 access=4/4 valid_srs=0/4 valid_trs_cells=1/1 tracked_serving_users=4/4 eligible=0/4.
[2026-08-08T07:14:02Z] INFO UL coupled publish: operating_point 3/3 configured_label_snr_dB=20.000 ue=0/4 dlDirectionalFrames=4/40 ulDirectionalFrames=4/40 dlRows=30 ulRows=10.
[2026-08-08T07:14:02Z] INFO Coupled UL queued grant lookup complete: sweep=3/3 slot=10/40 due_grants=0 pending_grants=0.
[2026-08-08T07:14:02Z] INFO Coupled canonical slot prepared: sweep=3/3 slot=11/40 duplex=DL allow_dl=1 allow_ul=0.
[2026-08-08T07:14:02Z] INFO Starting coupled pre-scheduling control gating for slot 91/120 with 4 UEs.
[2026-08-08T07:14:03Z] INFO Coupled control gating progress for slot 91/120: UE 1/4, PBCH=0 PRACH=0 SRS=0 TRS=0.
[2026-08-08T07:14:03Z] INFO Coupled control gating progress for slot 91/120: UE 2/4, PBCH=0 PRACH=0 SRS=0 TRS=0.
[2026-08-08T07:14:03Z] INFO Coupled control gating progress for slot 91/120: UE 3/4, PBCH=0 PRACH=0 SRS=0 TRS=0.
[2026-08-08T07:14:03Z] INFO Coupled control gating progress for slot 91/120: UE 4/4, PBCH=0 PRACH=0 SRS=0 TRS=0.
[2026-08-08T07:14:04Z] INFO Coupled control gating complete: slot=91 frame=5 pbch_attempts=0 prach_attempts=0 srs_attempts=0 trs_attempts=0 acquired=4/4 access=4/4 valid_srs=0/4 valid_trs_cells=1/1 tracked_serving_users=4/4 eligible=0/4.
[2026-08-08T07:14:04Z] INFO Coupled control gating complete for slot 91/120: acquired=4/4 access=4/4 valid_srs=0/4 valid_trs_cells=1/1 tracked_serving_users=4/4 eligible=0/4.
[2026-08-08T07:14:04Z] INFO DL coupled publish: operating_point 3/3 configured_label_snr_dB=20.000 ue=0/4 dlDirectionalFrames=4/40 ulDirectionalFrames=4/40 dlRows=30 ulRows=10.
[2026-08-08T07:14:04Z] INFO Coupled DL schedule complete: sweep=3/3 slot=11/40 active=0 granted=0 grants=0.
[2026-08-08T07:14:04Z] INFO Coupled DL PDCCH qualification complete: sweep=3/3 slot=11/40 executable_grants=0.
[2026-08-08T07:14:04Z] INFO Preparing coupled DL batches: sweep=3/3 slot=11/40 candidate_grants=0 batch_size=24.
[2026-08-08T07:14:04Z] INFO Coupled UL K2 preschedule complete: control_slot=91 due_slot=95 k2=4 active=0 granted=0 grants=0.
[2026-08-08T07:14:04Z] INFO Coupled canonical slot prepared: sweep=3/3 slot=12/40 duplex=DL allow_dl=1 allow_ul=0.
[2026-08-08T07:14:05Z] INFO Starting coupled pre-scheduling control gating for slot 92/120 with 4 UEs.
[2026-08-08T07:14:05Z] INFO Coupled control gating progress for slot 92/120: UE 1/4, PBCH=0 PRACH=0 SRS=0 TRS=0.
[2026-08-08T07:14:05Z] INFO Coupled control gating progress for slot 92/120: UE 2/4, PBCH=0 PRACH=0 SRS=0 TRS=0.
[2026-08-08T07:14:05Z] INFO Coupled control gating progress for slot 92/120: UE 3/4, PBCH=0 PRACH=0 SRS=0 TRS=0.
[2026-08-08T07:14:05Z] INFO Coupled control gating progress for slot 92/120: UE 4/4, PBCH=0 PRACH=0 SRS=0 TRS=0.
[2026-08-08T07:14:06Z] INFO Coupled control gating complete: slot=92 frame=5 pbch_attempts=0 prach_attempts=0 srs_attempts=0 trs_attempts=0 acquired=4/4 access=4/4 valid_srs=0/4 valid_trs_cells=1/1 tracked_serving_users=4/4 eligible=0/4.
[2026-08-08T07:14:06Z] INFO Coupled control gating complete for slot 92/120: acquired=4/4 access=4/4 valid_srs=0/4 valid_trs_cells=1/1 tracked_serving_users=4/4 eligible=0/4.
[2026-08-08T07:14:06Z] INFO DL coupled publish: operating_point 3/3 configured_label_snr_dB=20.000 ue=0/4 dlDirectionalFrames=4/40 ulDirectionalFrames=4/40 dlRows=30 ulRows=10.
[2026-08-08T07:14:06Z] INFO Coupled DL schedule complete: sweep=3/3 slot=12/40 active=0 granted=0 grants=0.
[2026-08-08T07:14:06Z] INFO Coupled DL PDCCH qualification complete: sweep=3/3 slot=12/40 executable_grants=0.
[2026-08-08T07:14:06Z] INFO Preparing coupled DL batches: sweep=3/3 slot=12/40 candidate_grants=0 batch_size=24.
[2026-08-08T07:14:06Z] INFO Coupled UL K2 preschedule deferred: control_slot=92 reason=data_timing_rejected:target_hits_fixed_opposite_direction policy=no_valid_ul_occasion_from_current_dl_control_slot.
[2026-08-08T07:14:06Z] INFO Coupled canonical slot prepared: sweep=3/3 slot=13/40 duplex=DL allow_dl=1 allow_ul=0.
[2026-08-08T07:14:06Z] INFO Starting coupled pre-scheduling control gating for slot 93/120 with 4 UEs.
[2026-08-08T07:14:07Z] INFO Coupled control gating progress for slot 93/120: UE 1/4, PBCH=0 PRACH=0 SRS=0 TRS=0.
[2026-08-08T07:14:07Z] INFO Coupled control gating progress for slot 93/120: UE 2/4, PBCH=0 PRACH=0 SRS=0 TRS=0.
[2026-08-08T07:14:07Z] INFO Coupled control gating progress for slot 93/120: UE 3/4, PBCH=0 PRACH=0 SRS=0 TRS=0.
[2026-08-08T07:14:07Z] INFO Coupled control gating progress for slot 93/120: UE 4/4, PBCH=0 PRACH=0 SRS=0 TRS=0.
[2026-08-08T07:14:07Z] INFO Coupled control gating complete: slot=93 frame=5 pbch_attempts=0 prach_attempts=0 srs_attempts=0 trs_attempts=0 acquired=4/4 access=4/4 valid_srs=0/4 valid_trs_cells=1/1 tracked_serving_users=4/4 eligible=0/4.
[2026-08-08T07:14:07Z] INFO Coupled control gating complete for slot 93/120: acquired=4/4 access=4/4 valid_srs=0/4 valid_trs_cells=1/1 tracked_serving_users=4/4 eligible=0/4.
[2026-08-08T07:14:08Z] INFO DL coupled publish: operating_point 3/3 configured_label_snr_dB=20.000 ue=0/4 dlDirectionalFrames=4/40 ulDirectionalFrames=4/40 dlRows=30 ulRows=10.
[2026-08-08T07:14:08Z] INFO Coupled DL schedule complete: sweep=3/3 slot=13/40 active=0 granted=0 grants=0.
[2026-08-08T07:14:08Z] INFO Coupled DL PDCCH qualification complete: sweep=3/3 slot=13/40 executable_grants=0.
[2026-08-08T07:14:08Z] INFO Preparing coupled DL batches: sweep=3/3 slot=13/40 candidate_grants=0 batch_size=24.
[2026-08-08T07:14:08Z] INFO Coupled UL K2 preschedule deferred: control_slot=93 reason=data_timing_rejected:target_hits_fixed_opposite_direction policy=no_valid_ul_occasion_from_current_dl_control_slot.
[2026-08-08T07:14:08Z] INFO Coupled canonical slot prepared: sweep=3/3 slot=14/40 duplex=FLEXIBLE_OR_MIXED allow_dl=1 allow_ul=1.
[2026-08-08T07:14:08Z] INFO Starting coupled pre-scheduling control gating for slot 94/120 with 4 UEs.
[2026-08-08T07:14:08Z] INFO Coupled control gating progress for slot 94/120: UE 1/4, PBCH=0 PRACH=0 SRS=0 TRS=0.
[2026-08-08T07:14:09Z] INFO Coupled control gating progress for slot 94/120: UE 2/4, PBCH=0 PRACH=0 SRS=0 TRS=0.
[2026-08-08T07:14:09Z] INFO Coupled control gating progress for slot 94/120: UE 3/4, PBCH=0 PRACH=0 SRS=0 TRS=0.
[2026-08-08T07:14:09Z] INFO Coupled control gating progress for slot 94/120: UE 4/4, PBCH=0 PRACH=0 SRS=0 TRS=0.
[2026-08-08T07:14:09Z] INFO Coupled control gating complete: slot=94 frame=5 pbch_attempts=0 prach_attempts=0 srs_attempts=0 trs_attempts=0 acquired=4/4 access=4/4 valid_srs=0/4 valid_trs_cells=1/1 tracked_serving_users=4/4 eligible=0/4.
[2026-08-08T07:14:09Z] INFO Coupled control gating complete for slot 94/120: acquired=4/4 access=4/4 valid_srs=0/4 valid_trs_cells=1/1 tracked_serving_users=4/4 eligible=0/4.
[2026-08-08T07:14:10Z] INFO DL coupled publish: operating_point 3/3 configured_label_snr_dB=20.000 ue=0/4 dlDirectionalFrames=4/40 ulDirectionalFrames=4/40 dlRows=30 ulRows=10.
[2026-08-08T07:14:10Z] INFO Coupled DL scheduling deferred: sweep=3/3 slot=14/40 reason=configured_dl_symbol_allocation_not_available_in_tdd_slot policy=no_valid_harq_ack_occasion_from_current_dl_slot.
[2026-08-08T07:14:10Z] INFO Coupled DL schedule complete: sweep=3/3 slot=14/40 active=0 granted=0 grants=0.
[2026-08-08T07:14:10Z] INFO Coupled DL PDCCH qualification complete: sweep=3/3 slot=14/40 executable_grants=0.
[2026-08-08T07:14:10Z] INFO Preparing coupled DL batches: sweep=3/3 slot=14/40 candidate_grants=0 batch_size=24.
[2026-08-08T07:14:10Z] INFO Coupled UL K2 preschedule deferred: control_slot=94 reason=data_timing_rejected:target_hits_fixed_opposite_direction policy=no_valid_ul_occasion_from_current_dl_control_slot.
[2026-08-08T07:14:10Z] INFO Coupled UL queued grant lookup complete: sweep=3/3 slot=14/40 due_grants=0 pending_grants=0.
[2026-08-08T07:14:10Z] INFO Coupled canonical slot prepared: sweep=3/3 slot=15/40 duplex=UL allow_dl=0 allow_ul=1.
[2026-08-08T07:14:10Z] INFO Starting coupled pre-scheduling control gating for slot 95/120 with 4 UEs.
[2026-08-08T07:15:23Z] INFO Coupled control gating progress for slot 95/120: UE 1/4, PBCH=0 PRACH=0 SRS=1 TRS=0.
[2026-08-08T07:16:22Z] INFO Coupled control gating progress for slot 95/120: UE 2/4, PBCH=0 PRACH=0 SRS=2 TRS=0.
[2026-08-08T07:17:26Z] INFO Coupled control gating progress for slot 95/120: UE 3/4, PBCH=0 PRACH=0 SRS=3 TRS=0.
[2026-08-08T07:18:25Z] INFO Coupled control gating progress for slot 95/120: UE 4/4, PBCH=0 PRACH=0 SRS=4 TRS=0.
[2026-08-08T07:18:25Z] INFO Coupled control gating complete: slot=95 frame=5 pbch_attempts=0 prach_attempts=0 srs_attempts=4 trs_attempts=0 acquired=4/4 access=4/4 valid_srs=4/4 valid_trs_cells=1/1 tracked_serving_users=4/4 eligible=4/4.
[2026-08-08T07:18:25Z] INFO Coupled control gating complete for slot 95/120: acquired=4/4 access=4/4 valid_srs=4/4 valid_trs_cells=1/1 tracked_serving_users=4/4 eligible=4/4.
[2026-08-08T07:18:26Z] INFO UL coupled publish: operating_point 3/3 configured_label_snr_dB=20.000 ue=0/4 dlDirectionalFrames=4/40 ulDirectionalFrames=4/40 dlRows=30 ulRows=10.
[2026-08-08T07:18:26Z] INFO Coupled UL queued grant lookup complete: sweep=3/3 slot=15/40 due_grants=0 pending_grants=0.
[2026-08-08T07:18:27Z] INFO Coupled canonical slot prepared: sweep=3/3 slot=16/40 duplex=DL allow_dl=1 allow_ul=0.
[2026-08-08T07:18:27Z] INFO Starting coupled pre-scheduling control gating for slot 96/120 with 4 UEs.
[2026-08-08T07:18:27Z] INFO Coupled control gating progress for slot 96/120: UE 1/4, PBCH=0 PRACH=0 SRS=0 TRS=0.
[2026-08-08T07:18:27Z] INFO Coupled control gating progress for slot 96/120: UE 2/4, PBCH=0 PRACH=0 SRS=0 TRS=0.
[2026-08-08T07:18:27Z] INFO Coupled control gating progress for slot 96/120: UE 3/4, PBCH=0 PRACH=0 SRS=0 TRS=0.
[2026-08-08T07:18:28Z] INFO Coupled control gating progress for slot 96/120: UE 4/4, PBCH=0 PRACH=0 SRS=0 TRS=0.
[2026-08-08T07:18:28Z] INFO Coupled control gating complete: slot=96 frame=5 pbch_attempts=0 prach_attempts=0 srs_attempts=0 trs_attempts=0 acquired=4/4 access=4/4 valid_srs=4/4 valid_trs_cells=1/1 tracked_serving_users=4/4 eligible=4/4.
[2026-08-08T07:18:28Z] INFO Coupled control gating complete for slot 96/120: acquired=4/4 access=4/4 valid_srs=4/4 valid_trs_cells=1/1 tracked_serving_users=4/4 eligible=4/4.
[2026-08-08T07:18:28Z] INFO DL coupled publish: operating_point 3/3 configured_label_snr_dB=20.000 ue=0/4 dlDirectionalFrames=4/40 ulDirectionalFrames=4/40 dlRows=30 ulRows=10.
[2026-08-08T07:18:33Z] INFO Coupled DL schedule complete: sweep=3/3 slot=16/40 active=4 granted=2 grants=2.
[2026-08-08T07:18:39Z] INFO Coupled DL PDCCH grant binding: ue=1 required=1 ok=1 status=bound failure= dci=f5f5689b6bbcd77c8e6a12ea6ce7983e2c4000217ed157a128cc71cec1dbbd6f grant_ss=1 observed_ss=1 bound_ss=1 grant_coreset=0 observed_coreset=0 bound_coreset=0.
[2026-08-08T07:18:43Z] INFO Coupled DL PDCCH grant binding: ue=2 required=1 ok=1 status=bound failure= dci=f5f5689b6bbcd77c8e6a12ea6ce7983e2c4000217ed157a128cc71cec1dbbd6f grant_ss=1 observed_ss=1 bound_ss=1 grant_coreset=0 observed_coreset=0 bound_coreset=0.
[2026-08-08T07:18:43Z] INFO Coupled DL PDCCH qualification complete: sweep=3/3 slot=16/40 executable_grants=2.
[2026-08-08T07:18:43Z] INFO Preparing coupled DL batches: sweep=3/3 slot=16/40 candidate_grants=2 batch_size=24.
[2026-08-08T07:18:43Z] INFO Preparing coupled DL resolved grant cache: candidate_grants=2.
[2026-08-08T07:20:03Z] INFO Prepared coupled DL resolved grant cache entries: 2/2.
[2026-08-08T07:21:20Z] INFO Prepared coupled DL resolved grant cache complete: entries=2 elapsed_s=157.456.
[2026-08-08T07:21:22Z] INFO Prepared coupled DL chunk: sweep=3/3 slot=16/40 executable_plans=2 chunk=1-2 of 2.
[2026-08-08T07:21:22Z] INFO Executing coupled DL chunk: sweep=3/3 slot=16/40 chunk=1-2 of 2.
[2026-08-08T07:21:22Z] INFO Executing coupled DL grant chunk serially: plans=2 reason=parallel_safety_or_pool_unavailable.
[2026-08-08T07:26:04Z] INFO Publishing coupled DL chunk results: sweep=3/3 slot=16/40 committed_rows=2 current_primary_rows=32.
[2026-08-08T07:26:05Z] INFO DL coupled publish: operating_point 3/3 configured_label_snr_dB=20.000 ue=2/4 dlDirectionalFrames=5/40 ulDirectionalFrames=4/40 dlRows=32 ulRows=10.
[2026-08-08T07:26:07Z] INFO Coupled UL K2 preschedule complete: control_slot=96 due_slot=100 k2=4 active=4 granted=2 grants=2.
[2026-08-08T07:26:32Z] INFO Coupled UL PDCCH grant binding: ue=1 required=1 ok=1 status=bound failure= dci=d79fe85a3225d27c01aefe3c1882cc939f607a77d2b40238eb7cdf074a171420 grant_ss=1 observed_ss=1 bound_ss=1 grant_coreset=0 observed_coreset=0 bound_coreset=0.
[2026-08-08T07:26:56Z] INFO Coupled UL PDCCH grant binding: ue=2 required=1 ok=1 status=bound failure= dci=d79fe85a3225d27c01aefe3c1882cc939f607a77d2b40238eb7cdf074a171420 grant_ss=1 observed_ss=1 bound_ss=1 grant_coreset=0 observed_coreset=0 bound_coreset=0.
[2026-08-08T07:26:57Z] INFO Queued coupled UL grants after K2 PDCCH qualification: control_slot=96 due_slot=100 executable_grants=2 pending_total=2.
[2026-08-08T07:26:57Z] INFO Coupled canonical slot prepared: sweep=3/3 slot=17/40 duplex=DL allow_dl=1 allow_ul=0.
[2026-08-08T07:26:57Z] INFO Starting coupled pre-scheduling control gating for slot 97/120 with 4 UEs.
[2026-08-08T07:26:57Z] INFO Coupled control gating progress for slot 97/120: UE 1/4, PBCH=0 PRACH=0 SRS=0 TRS=0.
[2026-08-08T07:26:57Z] INFO Coupled control gating progress for slot 97/120: UE 2/4, PBCH=0 PRACH=0 SRS=0 TRS=0.
[2026-08-08T07:26:58Z] INFO Coupled control gating progress for slot 97/120: UE 3/4, PBCH=0 PRACH=0 SRS=0 TRS=0.
[2026-08-08T07:26:58Z] INFO Coupled control gating progress for slot 97/120: UE 4/4, PBCH=0 PRACH=0 SRS=0 TRS=0.
[2026-08-08T07:26:58Z] INFO Coupled control gating complete: slot=97 frame=5 pbch_attempts=0 prach_attempts=0 srs_attempts=0 trs_attempts=0 acquired=4/4 access=4/4 valid_srs=4/4 valid_trs_cells=1/1 tracked_serving_users=4/4 eligible=4/4.
[2026-08-08T07:26:58Z] INFO Coupled control gating complete for slot 97/120: acquired=4/4 access=4/4 valid_srs=4/4 valid_trs_cells=1/1 tracked_serving_users=4/4 eligible=4/4.
[2026-08-08T07:26:58Z] INFO DL coupled publish: operating_point 3/3 configured_label_snr_dB=20.000 ue=0/4 dlDirectionalFrames=5/40 ulDirectionalFrames=4/40 dlRows=32 ulRows=10.
[2026-08-08T07:27:00Z] INFO Coupled DL schedule complete: sweep=3/3 slot=17/40 active=4 granted=2 grants=2.
[2026-08-08T07:27:03Z] INFO Coupled DL PDCCH grant binding: ue=3 required=1 ok=1 status=bound failure= dci=2114e040b1ab44bab1c8ba294adfd0962d9d0be18d872be8fbecf91fd90f7239 grant_ss=1 observed_ss=1 bound_ss=1 grant_coreset=0 observed_coreset=0 bound_coreset=0.
[2026-08-08T07:27:07Z] INFO Coupled DL PDCCH grant binding: ue=4 required=1 ok=1 status=bound failure= dci=2114e040b1ab44bab1c8ba294adfd0962d9d0be18d872be8fbecf91fd90f7239 grant_ss=1 observed_ss=1 bound_ss=1 grant_coreset=0 observed_coreset=0 bound_coreset=0.
[2026-08-08T07:27:07Z] INFO Coupled DL PDCCH qualification complete: sweep=3/3 slot=17/40 executable_grants=2.
[2026-08-08T07:27:07Z] INFO Preparing coupled DL batches: sweep=3/3 slot=17/40 candidate_grants=2 batch_size=24.
[2026-08-08T07:27:07Z] INFO Preparing coupled DL resolved grant cache: candidate_grants=2.
[2026-08-08T07:28:14Z] INFO Prepared coupled DL resolved grant cache entries: 2/2.
[2026-08-08T07:29:23Z] INFO Prepared coupled DL resolved grant cache complete: entries=2 elapsed_s=135.974.
[2026-08-08T07:29:24Z] INFO Prepared coupled DL chunk: sweep=3/3 slot=17/40 executable_plans=2 chunk=1-2 of 2.
[2026-08-08T07:29:24Z] INFO Executing coupled DL chunk: sweep=3/3 slot=17/40 chunk=1-2 of 2.
[2026-08-08T07:29:24Z] INFO Executing coupled DL grant chunk serially: plans=2 reason=parallel_safety_or_pool_unavailable.
[2026-08-08T07:33:48Z] INFO Publishing coupled DL chunk results: sweep=3/3 slot=17/40 committed_rows=2 current_primary_rows=34.
[2026-08-08T07:33:49Z] INFO DL coupled publish: operating_point 3/3 configured_label_snr_dB=20.000 ue=4/4 dlDirectionalFrames=5/40 ulDirectionalFrames=4/40 dlRows=34 ulRows=10.
[2026-08-08T07:33:49Z] INFO Coupled UL K2 preschedule deferred: control_slot=97 reason=data_timing_rejected:target_hits_fixed_opposite_direction policy=no_valid_ul_occasion_from_current_dl_control_slot.
[2026-08-08T07:33:50Z] INFO Coupled canonical slot prepared: sweep=3/3 slot=18/40 duplex=DL allow_dl=1 allow_ul=0.
[2026-08-08T07:33:50Z] INFO Starting coupled pre-scheduling control gating for slot 98/120 with 4 UEs.
[2026-08-08T07:33:50Z] INFO Coupled control gating progress for slot 98/120: UE 1/4, PBCH=0 PRACH=0 SRS=0 TRS=0.
[2026-08-08T07:33:50Z] INFO Coupled control gating progress for slot 98/120: UE 2/4, PBCH=0 PRACH=0 SRS=0 TRS=0.
[2026-08-08T07:33:51Z] INFO Coupled control gating progress for slot 98/120: UE 3/4, PBCH=0 PRACH=0 SRS=0 TRS=0.
[2026-08-08T07:33:51Z] INFO Coupled control gating progress for slot 98/120: UE 4/4, PBCH=0 PRACH=0 SRS=0 TRS=0.
[2026-08-08T07:33:51Z] INFO Coupled control gating complete: slot=98 frame=5 pbch_attempts=0 prach_attempts=0 srs_attempts=0 trs_attempts=0 acquired=4/4 access=4/4 valid_srs=4/4 valid_trs_cells=1/1 tracked_serving_users=4/4 eligible=4/4.
[2026-08-08T07:33:51Z] INFO Coupled control gating complete for slot 98/120: acquired=4/4 access=4/4 valid_srs=4/4 valid_trs_cells=1/1 tracked_serving_users=4/4 eligible=4/4.
[2026-08-08T07:33:51Z] INFO DL coupled publish: operating_point 3/3 configured_label_snr_dB=20.000 ue=0/4 dlDirectionalFrames=5/40 ulDirectionalFrames=4/40 dlRows=34 ulRows=10.
[2026-08-08T07:33:53Z] INFO Coupled DL schedule complete: sweep=3/3 slot=18/40 active=4 granted=2 grants=2.
[2026-08-08T07:33:56Z] INFO Coupled DL PDCCH grant binding: ue=1 required=1 ok=1 status=bound failure= dci=95bb36a1f20da1f92b761cc6d636ddc657706e2cb13fe2532828b47d69c5b07a grant_ss=1 observed_ss=1 bound_ss=1 grant_coreset=0 observed_coreset=0 bound_coreset=0.
[2026-08-08T07:34:00Z] INFO Coupled DL PDCCH grant binding: ue=2 required=1 ok=1 status=bound failure= dci=95bb36a1f20da1f92b761cc6d636ddc657706e2cb13fe2532828b47d69c5b07a grant_ss=1 observed_ss=1 bound_ss=1 grant_coreset=0 observed_coreset=0 bound_coreset=0.
[2026-08-08T07:34:00Z] INFO Coupled DL PDCCH qualification complete: sweep=3/3 slot=18/40 executable_grants=2.
[2026-08-08T07:34:00Z] INFO Preparing coupled DL batches: sweep=3/3 slot=18/40 candidate_grants=2 batch_size=24.
[2026-08-08T07:34:00Z] INFO Preparing coupled DL resolved grant cache: candidate_grants=2.
[2026-08-08T07:35:15Z] INFO Prepared coupled DL resolved grant cache entries: 2/2.
[2026-08-08T07:36:27Z] INFO Prepared coupled DL resolved grant cache complete: entries=2 elapsed_s=146.716.
[2026-08-08T07:36:28Z] INFO Prepared coupled DL chunk: sweep=3/3 slot=18/40 executable_plans=2 chunk=1-2 of 2.
[2026-08-08T07:36:28Z] INFO Executing coupled DL chunk: sweep=3/3 slot=18/40 chunk=1-2 of 2.
[2026-08-08T07:36:28Z] INFO Executing coupled DL grant chunk serially: plans=2 reason=parallel_safety_or_pool_unavailable.
[2026-08-08T07:38:54Z] INFO Publishing coupled DL chunk results: sweep=3/3 slot=18/40 committed_rows=2 current_primary_rows=36.
[2026-08-08T07:38:54Z] INFO DL coupled publish: operating_point 3/3 configured_label_snr_dB=20.000 ue=2/4 dlDirectionalFrames=5/40 ulDirectionalFrames=4/40 dlRows=36 ulRows=10.
[2026-08-08T07:38:54Z] INFO Coupled UL K2 preschedule deferred: control_slot=98 reason=data_timing_rejected:target_hits_fixed_opposite_direction policy=no_valid_ul_occasion_from_current_dl_control_slot.
[2026-08-08T07:38:55Z] INFO Coupled canonical slot prepared: sweep=3/3 slot=19/40 duplex=FLEXIBLE_OR_MIXED allow_dl=1 allow_ul=1.
[2026-08-08T07:39:00Z] INFO Starting coupled pre-scheduling control gating for slot 99/120 with 4 UEs.
[2026-08-08T07:39:00Z] INFO Coupled control gating progress for slot 99/120: UE 1/4, PBCH=0 PRACH=0 SRS=0 TRS=0.
[2026-08-08T07:39:00Z] INFO Coupled control gating progress for slot 99/120: UE 2/4, PBCH=0 PRACH=0 SRS=0 TRS=0.
[2026-08-08T07:39:00Z] INFO Coupled control gating progress for slot 99/120: UE 3/4, PBCH=0 PRACH=0 SRS=0 TRS=0.
[2026-08-08T07:39:01Z] INFO Coupled control gating progress for slot 99/120: UE 4/4, PBCH=0 PRACH=0 SRS=0 TRS=0.
[2026-08-08T07:39:01Z] INFO Coupled control gating complete: slot=99 frame=5 pbch_attempts=0 prach_attempts=0 srs_attempts=0 trs_attempts=0 acquired=4/4 access=4/4 valid_srs=4/4 valid_trs_cells=1/1 tracked_serving_users=4/4 eligible=4/4.
[2026-08-08T07:39:01Z] INFO Coupled control gating complete for slot 99/120: acquired=4/4 access=4/4 valid_srs=4/4 valid_trs_cells=1/1 tracked_serving_users=4/4 eligible=4/4.
[2026-08-08T07:39:01Z] INFO DL coupled publish: operating_point 3/3 configured_label_snr_dB=20.000 ue=0/4 dlDirectionalFrames=5/40 ulDirectionalFrames=4/40 dlRows=36 ulRows=10.
[2026-08-08T07:39:01Z] INFO Coupled DL scheduling deferred: sweep=3/3 slot=19/40 reason=configured_dl_symbol_allocation_not_available_in_tdd_slot policy=no_valid_harq_ack_occasion_from_current_dl_slot.
[2026-08-08T07:39:01Z] INFO Coupled DL schedule complete: sweep=3/3 slot=19/40 active=0 granted=0 grants=0.
[2026-08-08T07:39:01Z] INFO Coupled DL PDCCH qualification complete: sweep=3/3 slot=19/40 executable_grants=0.
[2026-08-08T07:39:01Z] INFO Preparing coupled DL batches: sweep=3/3 slot=19/40 candidate_grants=0 batch_size=24.
[2026-08-08T07:39:01Z] INFO Coupled UL K2 preschedule deferred: control_slot=99 reason=data_timing_rejected:target_hits_fixed_opposite_direction policy=no_valid_ul_occasion_from_current_dl_control_slot.
[2026-08-08T07:39:01Z] INFO Coupled UL queued grant lookup complete: sweep=3/3 slot=19/40 due_grants=0 pending_grants=2.
[2026-08-08T07:39:01Z] INFO Coupled canonical slot prepared: sweep=3/3 slot=20/40 duplex=UL allow_dl=0 allow_ul=1.
[2026-08-08T07:39:01Z] INFO Starting coupled pre-scheduling control gating for slot 100/120 with 4 UEs.
[2026-08-08T07:39:02Z] INFO Coupled control gating progress for slot 100/120: UE 1/4, PBCH=0 PRACH=0 SRS=0 TRS=0.
[2026-08-08T07:39:02Z] INFO Coupled control gating progress for slot 100/120: UE 2/4, PBCH=0 PRACH=0 SRS=0 TRS=0.
[2026-08-08T07:39:02Z] INFO Coupled control gating progress for slot 100/120: UE 3/4, PBCH=0 PRACH=0 SRS=0 TRS=0.
[2026-08-08T07:39:02Z] INFO Coupled control gating progress for slot 100/120: UE 4/4, PBCH=0 PRACH=0 SRS=0 TRS=0.
[2026-08-08T07:39:02Z] INFO Coupled control gating complete: slot=100 frame=5 pbch_attempts=0 prach_attempts=0 srs_attempts=0 trs_attempts=0 acquired=4/4 access=4/4 valid_srs=4/4 valid_trs_cells=1/1 tracked_serving_users=4/4 eligible=4/4.
[2026-08-08T07:39:02Z] INFO Coupled control gating complete for slot 100/120: acquired=4/4 access=4/4 valid_srs=4/4 valid_trs_cells=1/1 tracked_serving_users=4/4 eligible=4/4.
[2026-08-08T07:39:03Z] INFO UL coupled publish: operating_point 3/3 configured_label_snr_dB=20.000 ue=0/4 dlDirectionalFrames=5/40 ulDirectionalFrames=4/40 dlRows=36 ulRows=10.
[2026-08-08T07:39:03Z] INFO Coupled UL queued grant lookup complete: sweep=3/3 slot=20/40 due_grants=2 pending_grants=0.
[2026-08-08T07:39:03Z] INFO Preparing coupled UL batches: sweep=3/3 slot=20/40 candidate_grants=2 batch_size=24.
[2026-08-08T07:39:03Z] INFO Preparing coupled UL resolved grant cache: candidate_grants=2.
[2026-08-08T07:39:04Z] INFO Prepared coupled UL resolved grant cache entries: 2/2.
[2026-08-08T07:39:05Z] INFO Prepared coupled UL resolved grant cache complete: entries=2 elapsed_s=2.181.
[2026-08-08T07:39:05Z] INFO Prepared coupled UL chunk: sweep=3/3 slot=20/40 executable_plans=2 chunk=1-2 of 2.
[2026-08-08T07:39:05Z] INFO Executing coupled UL chunk: sweep=3/3 slot=20/40 chunk=1-2 of 2.
[2026-08-08T07:39:05Z] INFO Executing coupled UL grant chunk serially: plans=2 reason=parallel_safety_or_pool_unavailable.
[2026-08-08T07:39:44Z] INFO Publishing coupled UL chunk results: sweep=3/3 slot=20/40 committed_rows=2 current_primary_rows=12.
[2026-08-08T07:40:03Z] INFO UL heavy live artifact refresh: reason=post_grant_chunk slot=20/40 interval=20.
[2026-08-08T07:40:03Z] INFO UL coupled publish: operating_point 3/3 configured_label_snr_dB=20.000 ue=2/4 dlDirectionalFrames=5/40 ulDirectionalFrames=5/40 dlRows=36 ulRows=12.
[2026-08-08T07:40:03Z] INFO Coupled canonical slot prepared: sweep=3/3 slot=21/40 duplex=DL allow_dl=1 allow_ul=0.
[2026-08-08T07:40:03Z] INFO Starting coupled pre-scheduling control gating for slot 101/120 with 4 UEs.
[2026-08-08T07:40:07Z] INFO Coupled control gating progress for slot 101/120: UE 1/4, PBCH=0 PRACH=0 SRS=0 TRS=1.
[2026-08-08T07:40:07Z] INFO Coupled control gating progress for slot 101/120: UE 2/4, PBCH=0 PRACH=0 SRS=0 TRS=1.
[2026-08-08T07:40:07Z] INFO Coupled control gating progress for slot 101/120: UE 3/4, PBCH=0 PRACH=0 SRS=0 TRS=1.
[2026-08-08T07:40:07Z] INFO Coupled control gating progress for slot 101/120: UE 4/4, PBCH=0 PRACH=0 SRS=0 TRS=1.
[2026-08-08T07:40:08Z] INFO Coupled control gating complete: slot=101 frame=6 pbch_attempts=0 prach_attempts=0 srs_attempts=0 trs_attempts=1 acquired=4/4 access=4/4 valid_srs=4/4 valid_trs_cells=1/1 tracked_serving_users=4/4 eligible=4/4.
[2026-08-08T07:40:08Z] INFO Coupled control gating complete for slot 101/120: acquired=4/4 access=4/4 valid_srs=4/4 valid_trs_cells=1/1 tracked_serving_users=4/4 eligible=4/4.
[2026-08-08T07:40:08Z] INFO DL coupled publish: operating_point 3/3 configured_label_snr_dB=20.000 ue=0/4 dlDirectionalFrames=5/40 ulDirectionalFrames=5/40 dlRows=36 ulRows=12.
[2026-08-08T07:40:10Z] INFO Coupled DL schedule complete: sweep=3/3 slot=21/40 active=4 granted=2 grants=2.
[2026-08-08T07:40:14Z] INFO Coupled DL PDCCH grant binding: ue=2 required=1 ok=1 status=bound failure= dci=7f51fb6ae2921417e7803c89e144c37967968b25ca9754118eed77b631eaf7dd grant_ss=1 observed_ss=1 bound_ss=1 grant_coreset=0 observed_coreset=0 bound_coreset=0.
[2026-08-08T07:40:16Z] INFO Coupled DL PDCCH grant binding: ue=3 required=1 ok=1 status=bound failure= dci=30cad144098eeeb62eac7cf7f83088bb17ed4f0ba5b8f2f01bcc9edebb560bd1 grant_ss=1 observed_ss=1 bound_ss=1 grant_coreset=0 observed_coreset=0 bound_coreset=0.
[2026-08-08T07:40:17Z] INFO Coupled DL PDCCH qualification complete: sweep=3/3 slot=21/40 executable_grants=2.
[2026-08-08T07:40:17Z] INFO Preparing coupled DL batches: sweep=3/3 slot=21/40 candidate_grants=2 batch_size=24.
[2026-08-08T07:40:17Z] INFO Preparing coupled DL resolved grant cache: candidate_grants=2.
[2026-08-08T07:41:42Z] INFO Prepared coupled DL resolved grant cache entries: 2/2.
[2026-08-08T07:43:04Z] INFO Prepared coupled DL resolved grant cache complete: entries=2 elapsed_s=167.121.
[2026-08-08T07:43:05Z] INFO Prepared coupled DL chunk: sweep=3/3 slot=21/40 executable_plans=2 chunk=1-2 of 2.
[2026-08-08T07:43:05Z] INFO Executing coupled DL chunk: sweep=3/3 slot=21/40 chunk=1-2 of 2.
[2026-08-08T07:43:05Z] INFO Executing coupled DL grant chunk serially: plans=2 reason=parallel_safety_or_pool_unavailable.
[2026-08-08T07:45:42Z] INFO Publishing coupled DL chunk results: sweep=3/3 slot=21/40 committed_rows=2 current_primary_rows=38.
[2026-08-08T07:45:43Z] INFO DL coupled publish: operating_point 3/3 configured_label_snr_dB=20.000 ue=3/4 dlDirectionalFrames=6/40 ulDirectionalFrames=5/40 dlRows=38 ulRows=12.
[2026-08-08T07:45:44Z] INFO Coupled UL K2 preschedule complete: control_slot=101 due_slot=105 k2=4 active=4 granted=2 grants=2.
[2026-08-08T07:46:08Z] INFO Coupled UL PDCCH grant binding: ue=3 required=1 ok=1 status=bound failure= dci=2821d420ef13b648992c9f22366e0ab493e9f4819342db21ee04fba7ed5ec765 grant_ss=1 observed_ss=1 bound_ss=1 grant_coreset=0 observed_coreset=0 bound_coreset=0.
[2026-08-08T07:46:33Z] INFO Coupled UL PDCCH grant binding: ue=4 required=1 ok=1 status=bound failure= dci=4bc9362f8ca1c675a2e0c3dd7365b9bfa4da1b938af8ab285728f2af1d63500b grant_ss=1 observed_ss=1 bound_ss=1 grant_coreset=0 observed_coreset=0 bound_coreset=0.
[2026-08-08T07:46:33Z] INFO Queued coupled UL grants after K2 PDCCH qualification: control_slot=101 due_slot=105 executable_grants=2 pending_total=2.
[2026-08-08T07:46:33Z] INFO Coupled canonical slot prepared: sweep=3/3 slot=22/40 duplex=DL allow_dl=1 allow_ul=0.
[2026-08-08T07:46:33Z] INFO Starting coupled pre-scheduling control gating for slot 102/120 with 4 UEs.
[2026-08-08T07:46:34Z] INFO Coupled control gating progress for slot 102/120: UE 1/4, PBCH=0 PRACH=0 SRS=0 TRS=0.
[2026-08-08T07:46:34Z] INFO Coupled control gating progress for slot 102/120: UE 2/4, PBCH=0 PRACH=0 SRS=0 TRS=0.
[2026-08-08T07:46:34Z] INFO Coupled control gating progress for slot 102/120: UE 3/4, PBCH=0 PRACH=0 SRS=0 TRS=0.
[2026-08-08T07:46:34Z] INFO Coupled control gating progress for slot 102/120: UE 4/4, PBCH=0 PRACH=0 SRS=0 TRS=0.
[2026-08-08T07:46:34Z] INFO Coupled control gating complete: slot=102 frame=6 pbch_attempts=0 prach_attempts=0 srs_attempts=0 trs_attempts=0 acquired=4/4 access=4/4 valid_srs=4/4 valid_trs_cells=1/1 tracked_serving_users=4/4 eligible=4/4.
[2026-08-08T07:46:34Z] INFO Coupled control gating complete for slot 102/120: acquired=4/4 access=4/4 valid_srs=4/4 valid_trs_cells=1/1 tracked_serving_users=4/4 eligible=4/4.
[2026-08-08T07:46:35Z] INFO DL coupled publish: operating_point 3/3 configured_label_snr_dB=20.000 ue=0/4 dlDirectionalFrames=6/40 ulDirectionalFrames=5/40 dlRows=38 ulRows=12.
[2026-08-08T07:46:36Z] INFO Coupled DL schedule complete: sweep=3/3 slot=22/40 active=4 granted=2 grants=2.
[2026-08-08T07:46:39Z] INFO Coupled DL PDCCH grant binding: ue=2 required=1 ok=1 status=bound failure= dci=ec2b68cd9a0c8d321ed510688f80119f95700f820c48c413c876d08750578076 grant_ss=1 observed_ss=1 bound_ss=1 grant_coreset=0 observed_coreset=0 bound_coreset=0.
[2026-08-08T07:46:41Z] INFO Coupled DL PDCCH grant binding: ue=4 required=1 ok=1 status=bound failure= dci=131bc7a9078140fda7f2c6564519dd588fc42f9166b839710747eeaba3c89aa5 grant_ss=1 observed_ss=1 bound_ss=1 grant_coreset=0 observed_coreset=0 bound_coreset=0.
[2026-08-08T07:46:41Z] INFO Coupled DL PDCCH qualification complete: sweep=3/3 slot=22/40 executable_grants=2.
[2026-08-08T07:46:41Z] INFO Preparing coupled DL batches: sweep=3/3 slot=22/40 candidate_grants=2 batch_size=24.
[2026-08-08T07:46:41Z] INFO Preparing coupled DL resolved grant cache: candidate_grants=2.
[2026-08-08T07:47:54Z] INFO Prepared coupled DL resolved grant cache entries: 2/2.
[2026-08-08T07:49:05Z] INFO Prepared coupled DL resolved grant cache complete: entries=2 elapsed_s=143.712.
[2026-08-08T07:49:06Z] INFO Prepared coupled DL chunk: sweep=3/3 slot=22/40 executable_plans=2 chunk=1-2 of 2.
[2026-08-08T07:49:06Z] INFO Executing coupled DL chunk: sweep=3/3 slot=22/40 chunk=1-2 of 2.
[2026-08-08T07:49:06Z] INFO Executing coupled DL grant chunk serially: plans=2 reason=parallel_safety_or_pool_unavailable.
[2026-08-08T07:51:27Z] INFO Publishing coupled DL chunk results: sweep=3/3 slot=22/40 committed_rows=2 current_primary_rows=40.
[2026-08-08T07:51:28Z] INFO DL coupled publish: operating_point 3/3 configured_label_snr_dB=20.000 ue=4/4 dlDirectionalFrames=6/40 ulDirectionalFrames=5/40 dlRows=40 ulRows=12.
[2026-08-08T07:51:28Z] INFO Coupled UL K2 preschedule deferred: control_slot=102 reason=data_timing_rejected:target_hits_fixed_opposite_direction policy=no_valid_ul_occasion_from_current_dl_control_slot.
[2026-08-08T07:51:28Z] INFO Coupled canonical slot prepared: sweep=3/3 slot=23/40 duplex=DL allow_dl=1 allow_ul=0.
[2026-08-08T07:51:29Z] INFO Starting coupled pre-scheduling control gating for slot 103/120 with 4 UEs.
[2026-08-08T07:51:29Z] INFO Coupled control gating progress for slot 103/120: UE 1/4, PBCH=0 PRACH=0 SRS=0 TRS=0.
[2026-08-08T07:51:29Z] INFO Coupled control gating progress for slot 103/120: UE 2/4, PBCH=0 PRACH=0 SRS=0 TRS=0.
[2026-08-08T07:51:29Z] INFO Coupled control gating progress for slot 103/120: UE 3/4, PBCH=0 PRACH=0 SRS=0 TRS=0.
[2026-08-08T07:51:29Z] INFO Coupled control gating progress for slot 103/120: UE 4/4, PBCH=0 PRACH=0 SRS=0 TRS=0.
[2026-08-08T07:51:29Z] INFO Coupled control gating complete: slot=103 frame=6 pbch_attempts=0 prach_attempts=0 srs_attempts=0 trs_attempts=0 acquired=4/4 access=4/4 valid_srs=4/4 valid_trs_cells=1/1 tracked_serving_users=4/4 eligible=4/4.
[2026-08-08T07:51:29Z] INFO Coupled control gating complete for slot 103/120: acquired=4/4 access=4/4 valid_srs=4/4 valid_trs_cells=1/1 tracked_serving_users=4/4 eligible=4/4.
[2026-08-08T07:51:30Z] INFO DL coupled publish: operating_point 3/3 configured_label_snr_dB=20.000 ue=0/4 dlDirectionalFrames=6/40 ulDirectionalFrames=5/40 dlRows=40 ulRows=12.
[2026-08-08T07:51:31Z] INFO Coupled DL schedule complete: sweep=3/3 slot=23/40 active=4 granted=2 grants=2.
[2026-08-08T07:51:34Z] INFO Coupled DL PDCCH grant binding: ue=2 required=1 ok=1 status=bound failure= dci=8eb5ab4f180a26557d2784391b1f9278efe9e942c9980992990bf02cc5b620fd grant_ss=1 observed_ss=1 bound_ss=1 grant_coreset=0 observed_coreset=0 bound_coreset=0.
[2026-08-08T07:51:39Z] INFO Coupled DL PDCCH grant binding: ue=3 required=1 ok=1 status=bound failure= dci=95bb36a1f20da1f92b761cc6d636ddc657706e2cb13fe2532828b47d69c5b07a grant_ss=1 observed_ss=1 bound_ss=1 grant_coreset=0 observed_coreset=0 bound_coreset=0.
[2026-08-08T07:51:39Z] INFO Coupled DL PDCCH qualification complete: sweep=3/3 slot=23/40 executable_grants=2.
[2026-08-08T07:51:39Z] INFO Preparing coupled DL batches: sweep=3/3 slot=23/40 candidate_grants=2 batch_size=24.
[2026-08-08T07:51:39Z] INFO Preparing coupled DL resolved grant cache: candidate_grants=2.
[2026-08-08T07:52:53Z] INFO Prepared coupled DL resolved grant cache entries: 2/2.
[2026-08-08T07:54:07Z] INFO Prepared coupled DL resolved grant cache complete: entries=2 elapsed_s=147.933.
[2026-08-08T07:54:08Z] INFO Prepared coupled DL chunk: sweep=3/3 slot=23/40 executable_plans=2 chunk=1-2 of 2.
[2026-08-08T07:54:08Z] INFO Executing coupled DL chunk: sweep=3/3 slot=23/40 chunk=1-2 of 2.
[2026-08-08T07:54:08Z] INFO Executing coupled DL grant chunk serially: plans=2 reason=parallel_safety_or_pool_unavailable.
[2026-08-08T07:56:51Z] INFO Publishing coupled DL chunk results: sweep=3/3 slot=23/40 committed_rows=2 current_primary_rows=42.
[2026-08-08T07:56:52Z] INFO DL coupled publish: operating_point 3/3 configured_label_snr_dB=20.000 ue=3/4 dlDirectionalFrames=6/40 ulDirectionalFrames=5/40 dlRows=42 ulRows=12.
[2026-08-08T07:56:52Z] INFO Coupled UL K2 preschedule deferred: control_slot=103 reason=data_timing_rejected:target_hits_fixed_opposite_direction policy=no_valid_ul_occasion_from_current_dl_control_slot.
[2026-08-08T07:56:52Z] INFO Coupled canonical slot prepared: sweep=3/3 slot=24/40 duplex=FLEXIBLE_OR_MIXED allow_dl=1 allow_ul=1.
[2026-08-08T07:57:00Z] INFO Starting coupled pre-scheduling control gating for slot 104/120 with 4 UEs.
[2026-08-08T07:57:00Z] INFO Coupled control gating progress for slot 104/120: UE 1/4, PBCH=0 PRACH=0 SRS=0 TRS=0.
[2026-08-08T07:57:01Z] INFO Coupled control gating progress for slot 104/120: UE 2/4, PBCH=0 PRACH=0 SRS=0 TRS=0.
[2026-08-08T07:57:01Z] INFO Coupled control gating progress for slot 104/120: UE 3/4, PBCH=0 PRACH=0 SRS=0 TRS=0.
[2026-08-08T07:57:01Z] INFO Coupled control gating progress for slot 104/120: UE 4/4, PBCH=0 PRACH=0 SRS=0 TRS=0.
[2026-08-08T07:57:01Z] INFO Coupled control gating complete: slot=104 frame=6 pbch_attempts=0 prach_attempts=0 srs_attempts=0 trs_attempts=0 acquired=4/4 access=4/4 valid_srs=4/4 valid_trs_cells=1/1 tracked_serving_users=4/4 eligible=4/4.
[2026-08-08T07:57:01Z] INFO Coupled control gating complete for slot 104/120: acquired=4/4 access=4/4 valid_srs=4/4 valid_trs_cells=1/1 tracked_serving_users=4/4 eligible=4/4.
[2026-08-08T07:57:02Z] INFO DL coupled publish: operating_point 3/3 configured_label_snr_dB=20.000 ue=0/4 dlDirectionalFrames=6/40 ulDirectionalFrames=5/40 dlRows=42 ulRows=12.
[2026-08-08T07:57:02Z] INFO Coupled DL scheduling deferred: sweep=3/3 slot=24/40 reason=configured_dl_symbol_allocation_not_available_in_tdd_slot policy=no_valid_harq_ack_occasion_from_current_dl_slot.
[2026-08-08T07:57:02Z] INFO Coupled DL schedule complete: sweep=3/3 slot=24/40 active=0 granted=0 grants=0.
[2026-08-08T07:57:02Z] INFO Coupled DL PDCCH qualification complete: sweep=3/3 slot=24/40 executable_grants=0.
[2026-08-08T07:57:02Z] INFO Preparing coupled DL batches: sweep=3/3 slot=24/40 candidate_grants=0 batch_size=24.
[2026-08-08T07:57:02Z] INFO Coupled UL K2 preschedule deferred: control_slot=104 reason=data_timing_rejected:target_hits_fixed_opposite_direction policy=no_valid_ul_occasion_from_current_dl_control_slot.
[2026-08-08T07:57:02Z] INFO Coupled UL queued grant lookup complete: sweep=3/3 slot=24/40 due_grants=0 pending_grants=2.
[2026-08-08T07:57:02Z] INFO Coupled canonical slot prepared: sweep=3/3 slot=25/40 duplex=UL allow_dl=0 allow_ul=1.
[2026-08-08T07:57:02Z] INFO Starting coupled pre-scheduling control gating for slot 105/120 with 4 UEs.
[2026-08-08T07:57:02Z] INFO Coupled control gating progress for slot 105/120: UE 1/4, PBCH=0 PRACH=0 SRS=0 TRS=0.
[2026-08-08T07:57:03Z] INFO Coupled control gating progress for slot 105/120: UE 2/4, PBCH=0 PRACH=0 SRS=0 TRS=0.
[2026-08-08T07:57:03Z] INFO Coupled control gating progress for slot 105/120: UE 3/4, PBCH=0 PRACH=0 SRS=0 TRS=0.
[2026-08-08T07:57:03Z] INFO Coupled control gating progress for slot 105/120: UE 4/4, PBCH=0 PRACH=0 SRS=0 TRS=0.
[2026-08-08T07:57:03Z] INFO Coupled control gating complete: slot=105 frame=6 pbch_attempts=0 prach_attempts=0 srs_attempts=0 trs_attempts=0 acquired=4/4 access=4/4 valid_srs=4/4 valid_trs_cells=1/1 tracked_serving_users=4/4 eligible=4/4.
[2026-08-08T07:57:03Z] INFO Coupled control gating complete for slot 105/120: acquired=4/4 access=4/4 valid_srs=4/4 valid_trs_cells=1/1 tracked_serving_users=4/4 eligible=4/4.
[2026-08-08T07:57:04Z] INFO UL coupled publish: operating_point 3/3 configured_label_snr_dB=20.000 ue=0/4 dlDirectionalFrames=6/40 ulDirectionalFrames=5/40 dlRows=42 ulRows=12.
[2026-08-08T07:57:04Z] INFO Coupled UL queued grant lookup complete: sweep=3/3 slot=25/40 due_grants=2 pending_grants=0.
[2026-08-08T07:57:04Z] INFO Preparing coupled UL batches: sweep=3/3 slot=25/40 candidate_grants=2 batch_size=24.
[2026-08-08T07:57:04Z] INFO Preparing coupled UL resolved grant cache: candidate_grants=2.
[2026-08-08T07:57:05Z] INFO Prepared coupled UL resolved grant cache entries: 2/2.
[2026-08-08T07:57:06Z] INFO Prepared coupled UL resolved grant cache complete: entries=2 elapsed_s=2.446.
[2026-08-08T07:57:07Z] INFO Prepared coupled UL chunk: sweep=3/3 slot=25/40 executable_plans=2 chunk=1-2 of 2.
[2026-08-08T07:57:07Z] INFO Executing coupled UL chunk: sweep=3/3 slot=25/40 chunk=1-2 of 2.
[2026-08-08T07:57:07Z] INFO Executing coupled UL grant chunk serially: plans=2 reason=parallel_safety_or_pool_unavailable.
[2026-08-08T07:58:05Z] INFO Publishing coupled UL chunk results: sweep=3/3 slot=25/40 committed_rows=2 current_primary_rows=14.
[2026-08-08T07:58:06Z] INFO UL coupled publish: operating_point 3/3 configured_label_snr_dB=20.000 ue=4/4 dlDirectionalFrames=6/40 ulDirectionalFrames=6/40 dlRows=42 ulRows=14.
[2026-08-08T07:58:06Z] INFO Coupled canonical slot prepared: sweep=3/3 slot=26/40 duplex=DL allow_dl=1 allow_ul=0.
[2026-08-08T07:58:06Z] INFO Starting coupled pre-scheduling control gating for slot 106/120 with 4 UEs.
[2026-08-08T07:58:06Z] INFO Coupled control gating progress for slot 106/120: UE 1/4, PBCH=0 PRACH=0 SRS=0 TRS=0.
[2026-08-08T07:58:06Z] INFO Coupled control gating progress for slot 106/120: UE 2/4, PBCH=0 PRACH=0 SRS=0 TRS=0.
[2026-08-08T07:58:07Z] INFO Coupled control gating progress for slot 106/120: UE 3/4, PBCH=0 PRACH=0 SRS=0 TRS=0.
[2026-08-08T07:58:07Z] INFO Coupled control gating progress for slot 106/120: UE 4/4, PBCH=0 PRACH=0 SRS=0 TRS=0.
[2026-08-08T07:58:07Z] INFO Coupled control gating complete: slot=106 frame=6 pbch_attempts=0 prach_attempts=0 srs_attempts=0 trs_attempts=0 acquired=4/4 access=4/4 valid_srs=4/4 valid_trs_cells=1/1 tracked_serving_users=4/4 eligible=4/4.
[2026-08-08T07:58:07Z] INFO Coupled control gating complete for slot 106/120: acquired=4/4 access=4/4 valid_srs=4/4 valid_trs_cells=1/1 tracked_serving_users=4/4 eligible=4/4.
[2026-08-08T07:58:08Z] INFO DL coupled publish: operating_point 3/3 configured_label_snr_dB=20.000 ue=0/4 dlDirectionalFrames=6/40 ulDirectionalFrames=6/40 dlRows=42 ulRows=14.
[2026-08-08T07:58:09Z] INFO Coupled DL schedule complete: sweep=3/3 slot=26/40 active=4 granted=2 grants=2.
[2026-08-08T07:58:12Z] INFO Coupled DL PDCCH grant binding: ue=2 required=1 ok=1 status=bound failure= dci=2d32536adaf8b122ec6efa66ba062cbf5e6fbcbd1359c42f9ab46724bca65e82 grant_ss=1 observed_ss=1 bound_ss=1 grant_coreset=0 observed_coreset=0 bound_coreset=0.
[2026-08-08T07:58:14Z] INFO Coupled DL PDCCH grant binding: ue=4 required=1 ok=1 status=bound failure= dci=7385291eb13ccc5f11cc254e1652542bd2037034d6a4faded97321803f108d11 grant_ss=1 observed_ss=1 bound_ss=1 grant_coreset=0 observed_coreset=0 bound_coreset=0.
[2026-08-08T07:58:14Z] INFO Coupled DL PDCCH qualification complete: sweep=3/3 slot=26/40 executable_grants=2.
[2026-08-08T07:58:14Z] INFO Preparing coupled DL batches: sweep=3/3 slot=26/40 candidate_grants=2 batch_size=24.
[2026-08-08T07:58:14Z] INFO Preparing coupled DL resolved grant cache: candidate_grants=2.
[2026-08-08T07:59:18Z] INFO Prepared coupled DL resolved grant cache entries: 2/2.
[2026-08-08T08:00:33Z] INFO Prepared coupled DL resolved grant cache complete: entries=2 elapsed_s=138.310.
[2026-08-08T08:00:34Z] INFO Prepared coupled DL chunk: sweep=3/3 slot=26/40 executable_plans=2 chunk=1-2 of 2.
[2026-08-08T08:00:34Z] INFO Executing coupled DL chunk: sweep=3/3 slot=26/40 chunk=1-2 of 2.
[2026-08-08T08:00:34Z] INFO Executing coupled DL grant chunk serially: plans=2 reason=parallel_safety_or_pool_unavailable.
[2026-08-08T08:03:05Z] INFO Publishing coupled DL chunk results: sweep=3/3 slot=26/40 committed_rows=2 current_primary_rows=44.
[2026-08-08T08:03:06Z] INFO DL coupled publish: operating_point 3/3 configured_label_snr_dB=20.000 ue=4/4 dlDirectionalFrames=6/40 ulDirectionalFrames=6/40 dlRows=44 ulRows=14.
[2026-08-08T08:03:07Z] INFO Coupled UL K2 preschedule complete: control_slot=106 due_slot=110 k2=4 active=4 granted=2 grants=2.
[2026-08-08T08:03:30Z] INFO Coupled UL PDCCH grant binding: ue=1 required=1 ok=1 status=bound failure= dci=c3ee518a76017df93aa8329f4d1344c7c1daac8ef25392a51e30c537793b461e grant_ss=1 observed_ss=1 bound_ss=1 grant_coreset=0 observed_coreset=0 bound_coreset=0.
[2026-08-08T08:03:56Z] INFO Coupled UL PDCCH grant binding: ue=2 required=1 ok=1 status=bound failure= dci=71068088ca24fceed49cbc04f8f27dc0d5e6dd2966583e8d1cbb16f7b1ebace9 grant_ss=1 observed_ss=1 bound_ss=1 grant_coreset=0 observed_coreset=0 bound_coreset=0.
[2026-08-08T08:03:56Z] INFO Queued coupled UL grants after K2 PDCCH qualification: control_slot=106 due_slot=110 executable_grants=2 pending_total=2.
[2026-08-08T08:03:56Z] INFO Coupled canonical slot prepared: sweep=3/3 slot=27/40 duplex=DL allow_dl=1 allow_ul=0.
[2026-08-08T08:03:56Z] INFO Starting coupled pre-scheduling control gating for slot 107/120 with 4 UEs.
[2026-08-08T08:03:56Z] INFO Coupled control gating progress for slot 107/120: UE 1/4, PBCH=0 PRACH=0 SRS=0 TRS=0.
[2026-08-08T08:03:57Z] INFO Coupled control gating progress for slot 107/120: UE 2/4, PBCH=0 PRACH=0 SRS=0 TRS=0.
[2026-08-08T08:03:57Z] INFO Coupled control gating progress for slot 107/120: UE 3/4, PBCH=0 PRACH=0 SRS=0 TRS=0.
[2026-08-08T08:03:57Z] INFO Coupled control gating progress for slot 107/120: UE 4/4, PBCH=0 PRACH=0 SRS=0 TRS=0.
[2026-08-08T08:03:57Z] INFO Coupled control gating complete: slot=107 frame=6 pbch_attempts=0 prach_attempts=0 srs_attempts=0 trs_attempts=0 acquired=4/4 access=4/4 valid_srs=4/4 valid_trs_cells=1/1 tracked_serving_users=4/4 eligible=4/4.
[2026-08-08T08:03:57Z] INFO Coupled control gating complete for slot 107/120: acquired=4/4 access=4/4 valid_srs=4/4 valid_trs_cells=1/1 tracked_serving_users=4/4 eligible=4/4.
[2026-08-08T08:03:57Z] INFO DL coupled publish: operating_point 3/3 configured_label_snr_dB=20.000 ue=0/4 dlDirectionalFrames=6/40 ulDirectionalFrames=6/40 dlRows=44 ulRows=14.
[2026-08-08T08:03:59Z] INFO Coupled DL schedule complete: sweep=3/3 slot=27/40 active=4 granted=2 grants=2.
[2026-08-08T08:04:02Z] INFO Coupled DL PDCCH grant binding: ue=2 required=1 ok=1 status=bound failure= dci=ccc4daf7fa4cb347988df57e27d01bb2f263079dacf776d0892785b7fa8b98d3 grant_ss=1 observed_ss=1 bound_ss=1 grant_coreset=0 observed_coreset=0 bound_coreset=0.
[2026-08-08T08:04:05Z] INFO Coupled DL PDCCH grant binding: ue=4 required=1 ok=1 status=bound failure= dci=9f4b252b1428f49c6784b74ddc658d82484841608f7c8e6bb4a78c0433259f9f grant_ss=1 observed_ss=1 bound_ss=1 grant_coreset=0 observed_coreset=0 bound_coreset=0.
[2026-08-08T08:04:06Z] INFO Coupled DL PDCCH qualification complete: sweep=3/3 slot=27/40 executable_grants=2.
[2026-08-08T08:04:06Z] INFO Preparing coupled DL batches: sweep=3/3 slot=27/40 candidate_grants=2 batch_size=24.
[2026-08-08T08:04:06Z] INFO Preparing coupled DL resolved grant cache: candidate_grants=2.
[2026-08-08T08:05:17Z] INFO Prepared coupled DL resolved grant cache entries: 2/2.
[2026-08-08T08:06:30Z] INFO Prepared coupled DL resolved grant cache complete: entries=2 elapsed_s=143.726.
[2026-08-08T08:06:30Z] INFO Prepared coupled DL chunk: sweep=3/3 slot=27/40 executable_plans=2 chunk=1-2 of 2.
[2026-08-08T08:06:30Z] INFO Executing coupled DL chunk: sweep=3/3 slot=27/40 chunk=1-2 of 2.
[2026-08-08T08:06:31Z] INFO Executing coupled DL grant chunk serially: plans=2 reason=parallel_safety_or_pool_unavailable.
[2026-08-08T08:08:59Z] INFO Publishing coupled DL chunk results: sweep=3/3 slot=27/40 committed_rows=2 current_primary_rows=46.
[2026-08-08T08:09:00Z] INFO DL coupled publish: operating_point 3/3 configured_label_snr_dB=20.000 ue=4/4 dlDirectionalFrames=6/40 ulDirectionalFrames=6/40 dlRows=46 ulRows=14.
[2026-08-08T08:09:01Z] INFO Coupled UL K2 preschedule deferred: control_slot=107 reason=data_timing_rejected:target_hits_fixed_opposite_direction policy=no_valid_ul_occasion_from_current_dl_control_slot.
[2026-08-08T08:09:01Z] INFO Coupled canonical slot prepared: sweep=3/3 slot=28/40 duplex=DL allow_dl=1 allow_ul=0.
[2026-08-08T08:09:01Z] INFO Starting coupled pre-scheduling control gating for slot 108/120 with 4 UEs.
[2026-08-08T08:09:01Z] INFO Coupled control gating progress for slot 108/120: UE 1/4, PBCH=0 PRACH=0 SRS=0 TRS=0.
[2026-08-08T08:09:01Z] INFO Coupled control gating progress for slot 108/120: UE 2/4, PBCH=0 PRACH=0 SRS=0 TRS=0.
[2026-08-08T08:09:01Z] INFO Coupled control gating progress for slot 108/120: UE 3/4, PBCH=0 PRACH=0 SRS=0 TRS=0.
[2026-08-08T08:09:01Z] INFO Coupled control gating progress for slot 108/120: UE 4/4, PBCH=0 PRACH=0 SRS=0 TRS=0.
[2026-08-08T08:09:02Z] INFO Coupled control gating complete: slot=108 frame=6 pbch_attempts=0 prach_attempts=0 srs_attempts=0 trs_attempts=0 acquired=4/4 access=4/4 valid_srs=4/4 valid_trs_cells=1/1 tracked_serving_users=4/4 eligible=4/4.
[2026-08-08T08:09:02Z] INFO Coupled control gating complete for slot 108/120: acquired=4/4 access=4/4 valid_srs=4/4 valid_trs_cells=1/1 tracked_serving_users=4/4 eligible=4/4.
[2026-08-08T08:09:02Z] INFO DL coupled publish: operating_point 3/3 configured_label_snr_dB=20.000 ue=0/4 dlDirectionalFrames=6/40 ulDirectionalFrames=6/40 dlRows=46 ulRows=14.
[2026-08-08T08:09:04Z] INFO Coupled DL schedule complete: sweep=3/3 slot=28/40 active=4 granted=2 grants=2.
[2026-08-08T08:09:07Z] INFO Coupled DL PDCCH grant binding: ue=3 required=1 ok=1 status=bound failure= dci=00e2a49a3abc29a10c4762d77d036415d2d16ccff84d7b478def7fa46ba8e424 grant_ss=1 observed_ss=1 bound_ss=1 grant_coreset=0 observed_coreset=0 bound_coreset=0.
[2026-08-08T08:09:09Z] INFO Coupled DL PDCCH grant binding: ue=2 required=1 ok=1 status=bound failure= dci=23a554f51d8d1360fb4ad529dcf6469c07aeaf0d8d81e9c1ad05c0c12b3af6a8 grant_ss=1 observed_ss=1 bound_ss=1 grant_coreset=0 observed_coreset=0 bound_coreset=0.
[2026-08-08T08:09:10Z] INFO Coupled DL PDCCH qualification complete: sweep=3/3 slot=28/40 executable_grants=2.
[2026-08-08T08:09:10Z] INFO Preparing coupled DL batches: sweep=3/3 slot=28/40 candidate_grants=2 batch_size=24.
[2026-08-08T08:09:10Z] INFO Preparing coupled DL resolved grant cache: candidate_grants=2.
[2026-08-08T08:10:17Z] INFO Prepared coupled DL resolved grant cache entries: 2/2.
[2026-08-08T08:11:17Z] INFO Prepared coupled DL resolved grant cache complete: entries=2 elapsed_s=127.386.
[2026-08-08T08:11:18Z] INFO Prepared coupled DL chunk: sweep=3/3 slot=28/40 executable_plans=2 chunk=1-2 of 2.
[2026-08-08T08:11:18Z] INFO Executing coupled DL chunk: sweep=3/3 slot=28/40 chunk=1-2 of 2.
[2026-08-08T08:11:18Z] INFO Executing coupled DL grant chunk serially: plans=2 reason=parallel_safety_or_pool_unavailable.
[2026-08-08T08:13:55Z] INFO Publishing coupled DL chunk results: sweep=3/3 slot=28/40 committed_rows=2 current_primary_rows=48.
[2026-08-08T08:13:56Z] INFO DL coupled publish: operating_point 3/3 configured_label_snr_dB=20.000 ue=2/4 dlDirectionalFrames=6/40 ulDirectionalFrames=6/40 dlRows=48 ulRows=14.
[2026-08-08T08:13:56Z] INFO Coupled UL K2 preschedule deferred: control_slot=108 reason=data_timing_rejected:target_hits_fixed_opposite_direction policy=no_valid_ul_occasion_from_current_dl_control_slot.
[2026-08-08T08:13:56Z] INFO Coupled canonical slot prepared: sweep=3/3 slot=29/40 duplex=FLEXIBLE_OR_MIXED allow_dl=1 allow_ul=1.
[2026-08-08T08:14:03Z] INFO Starting coupled pre-scheduling control gating for slot 109/120 with 4 UEs.
[2026-08-08T08:14:03Z] INFO Coupled control gating progress for slot 109/120: UE 1/4, PBCH=0 PRACH=0 SRS=0 TRS=0.
[2026-08-08T08:14:03Z] INFO Coupled control gating progress for slot 109/120: UE 2/4, PBCH=0 PRACH=0 SRS=0 TRS=0.
[2026-08-08T08:14:04Z] INFO Coupled control gating progress for slot 109/120: UE 3/4, PBCH=0 PRACH=0 SRS=0 TRS=0.
[2026-08-08T08:14:04Z] INFO Coupled control gating progress for slot 109/120: UE 4/4, PBCH=0 PRACH=0 SRS=0 TRS=0.
[2026-08-08T08:14:04Z] INFO Coupled control gating complete: slot=109 frame=6 pbch_attempts=0 prach_attempts=0 srs_attempts=0 trs_attempts=0 acquired=4/4 access=4/4 valid_srs=4/4 valid_trs_cells=1/1 tracked_serving_users=4/4 eligible=4/4.
[2026-08-08T08:14:04Z] INFO Coupled control gating complete for slot 109/120: acquired=4/4 access=4/4 valid_srs=4/4 valid_trs_cells=1/1 tracked_serving_users=4/4 eligible=4/4.
[2026-08-08T08:14:05Z] INFO DL coupled publish: operating_point 3/3 configured_label_snr_dB=20.000 ue=0/4 dlDirectionalFrames=6/40 ulDirectionalFrames=6/40 dlRows=48 ulRows=14.
[2026-08-08T08:14:05Z] INFO Coupled DL scheduling deferred: sweep=3/3 slot=29/40 reason=configured_dl_symbol_allocation_not_available_in_tdd_slot policy=no_valid_harq_ack_occasion_from_current_dl_slot.
[2026-08-08T08:14:05Z] INFO Coupled DL schedule complete: sweep=3/3 slot=29/40 active=0 granted=0 grants=0.
[2026-08-08T08:14:05Z] INFO Coupled DL PDCCH qualification complete: sweep=3/3 slot=29/40 executable_grants=0.
[2026-08-08T08:14:05Z] INFO Preparing coupled DL batches: sweep=3/3 slot=29/40 candidate_grants=0 batch_size=24.
[2026-08-08T08:14:05Z] INFO Coupled UL K2 preschedule deferred: control_slot=109 reason=data_timing_rejected:target_hits_fixed_opposite_direction policy=no_valid_ul_occasion_from_current_dl_control_slot.
[2026-08-08T08:14:05Z] INFO Coupled UL queued grant lookup complete: sweep=3/3 slot=29/40 due_grants=0 pending_grants=2.
[2026-08-08T08:14:05Z] INFO Coupled canonical slot prepared: sweep=3/3 slot=30/40 duplex=UL allow_dl=0 allow_ul=1.
[2026-08-08T08:14:05Z] INFO Starting coupled pre-scheduling control gating for slot 110/120 with 4 UEs.
[2026-08-08T08:14:05Z] INFO Coupled control gating progress for slot 110/120: UE 1/4, PBCH=0 PRACH=0 SRS=0 TRS=0.
[2026-08-08T08:14:06Z] INFO Coupled control gating progress for slot 110/120: UE 2/4, PBCH=0 PRACH=0 SRS=0 TRS=0.
[2026-08-08T08:14:06Z] INFO Coupled control gating progress for slot 110/120: UE 3/4, PBCH=0 PRACH=0 SRS=0 TRS=0.
[2026-08-08T08:14:06Z] INFO Coupled control gating progress for slot 110/120: UE 4/4, PBCH=0 PRACH=0 SRS=0 TRS=0.
[2026-08-08T08:14:06Z] INFO Coupled control gating complete: slot=110 frame=6 pbch_attempts=0 prach_attempts=0 srs_attempts=0 trs_attempts=0 acquired=4/4 access=4/4 valid_srs=4/4 valid_trs_cells=1/1 tracked_serving_users=4/4 eligible=4/4.
[2026-08-08T08:14:06Z] INFO Coupled control gating complete for slot 110/120: acquired=4/4 access=4/4 valid_srs=4/4 valid_trs_cells=1/1 tracked_serving_users=4/4 eligible=4/4.
[2026-08-08T08:14:07Z] INFO UL coupled publish: operating_point 3/3 configured_label_snr_dB=20.000 ue=0/4 dlDirectionalFrames=6/40 ulDirectionalFrames=6/40 dlRows=48 ulRows=14.
[2026-08-08T08:14:07Z] INFO Coupled UL queued grant lookup complete: sweep=3/3 slot=30/40 due_grants=2 pending_grants=0.
[2026-08-08T08:14:07Z] INFO Preparing coupled UL batches: sweep=3/3 slot=30/40 candidate_grants=2 batch_size=24.
[2026-08-08T08:14:07Z] INFO Preparing coupled UL resolved grant cache: candidate_grants=2.
[2026-08-08T08:14:08Z] INFO Prepared coupled UL resolved grant cache entries: 2/2.
[2026-08-08T08:14:09Z] INFO Prepared coupled UL resolved grant cache complete: entries=2 elapsed_s=1.907.
[2026-08-08T08:14:09Z] INFO Prepared coupled UL chunk: sweep=3/3 slot=30/40 executable_plans=2 chunk=1-2 of 2.
[2026-08-08T08:14:09Z] INFO Executing coupled UL chunk: sweep=3/3 slot=30/40 chunk=1-2 of 2.
[2026-08-08T08:14:09Z] INFO Executing coupled UL grant chunk serially: plans=2 reason=parallel_safety_or_pool_unavailable.
[2026-08-08T08:14:55Z] INFO Publishing coupled UL chunk results: sweep=3/3 slot=30/40 committed_rows=2 current_primary_rows=16.
[2026-08-08T08:14:56Z] INFO UL coupled publish: operating_point 3/3 configured_label_snr_dB=20.000 ue=2/4 dlDirectionalFrames=6/40 ulDirectionalFrames=6/40 dlRows=48 ulRows=16.
[2026-08-08T08:14:56Z] INFO Coupled canonical slot prepared: sweep=3/3 slot=31/40 duplex=DL allow_dl=1 allow_ul=0.
[2026-08-08T08:14:56Z] INFO Starting coupled pre-scheduling control gating for slot 111/120 with 4 UEs.
[2026-08-08T08:14:57Z] INFO Coupled control gating progress for slot 111/120: UE 1/4, PBCH=0 PRACH=0 SRS=0 TRS=0.
[2026-08-08T08:14:57Z] INFO Coupled control gating progress for slot 111/120: UE 2/4, PBCH=0 PRACH=0 SRS=0 TRS=0.
[2026-08-08T08:14:57Z] INFO Coupled control gating progress for slot 111/120: UE 3/4, PBCH=0 PRACH=0 SRS=0 TRS=0.
[2026-08-08T08:14:58Z] INFO Coupled control gating progress for slot 111/120: UE 4/4, PBCH=0 PRACH=0 SRS=0 TRS=0.
[2026-08-08T08:14:58Z] INFO Coupled control gating complete: slot=111 frame=6 pbch_attempts=0 prach_attempts=0 srs_attempts=0 trs_attempts=0 acquired=4/4 access=4/4 valid_srs=4/4 valid_trs_cells=1/1 tracked_serving_users=4/4 eligible=4/4.
[2026-08-08T08:14:58Z] INFO Coupled control gating complete for slot 111/120: acquired=4/4 access=4/4 valid_srs=4/4 valid_trs_cells=1/1 tracked_serving_users=4/4 eligible=4/4.
[2026-08-08T08:14:59Z] INFO DL coupled publish: operating_point 3/3 configured_label_snr_dB=20.000 ue=0/4 dlDirectionalFrames=6/40 ulDirectionalFrames=6/40 dlRows=48 ulRows=16.
[2026-08-08T08:15:01Z] INFO Coupled DL schedule complete: sweep=3/3 slot=31/40 active=4 granted=2 grants=2.
[2026-08-08T08:15:05Z] INFO Coupled DL PDCCH grant binding: ue=3 required=1 ok=1 status=bound failure= dci=7f51fb6ae2921417e7803c89e144c37967968b25ca9754118eed77b631eaf7dd grant_ss=1 observed_ss=1 bound_ss=1 grant_coreset=0 observed_coreset=0 bound_coreset=0.
[2026-08-08T08:15:07Z] INFO Coupled DL PDCCH grant binding: ue=1 required=1 ok=1 status=bound failure= dci=efd552a2192f46876ddf47a3cb3ebe31e271b179198c7f3358625068007ed47c grant_ss=1 observed_ss=1 bound_ss=1 grant_coreset=0 observed_coreset=0 bound_coreset=0.
[2026-08-08T08:15:07Z] INFO Coupled DL PDCCH qualification complete: sweep=3/3 slot=31/40 executable_grants=2.
[2026-08-08T08:15:07Z] INFO Preparing coupled DL batches: sweep=3/3 slot=31/40 candidate_grants=2 batch_size=24.
[2026-08-08T08:15:07Z] INFO Preparing coupled DL resolved grant cache: candidate_grants=2.
[2026-08-08T08:16:12Z] INFO Prepared coupled DL resolved grant cache entries: 2/2.
[2026-08-08T08:17:20Z] INFO Prepared coupled DL resolved grant cache complete: entries=2 elapsed_s=132.913.
[2026-08-08T08:17:21Z] INFO Prepared coupled DL chunk: sweep=3/3 slot=31/40 executable_plans=2 chunk=1-2 of 2.
[2026-08-08T08:17:21Z] INFO Executing coupled DL chunk: sweep=3/3 slot=31/40 chunk=1-2 of 2.
[2026-08-08T08:17:21Z] INFO Executing coupled DL grant chunk serially: plans=2 reason=parallel_safety_or_pool_unavailable.
[2026-08-08T08:19:45Z] INFO Publishing coupled DL chunk results: sweep=3/3 slot=31/40 committed_rows=2 current_primary_rows=50.
[2026-08-08T08:19:46Z] INFO DL coupled publish: operating_point 3/3 configured_label_snr_dB=20.000 ue=1/4 dlDirectionalFrames=6/40 ulDirectionalFrames=6/40 dlRows=50 ulRows=16.
[2026-08-08T08:19:47Z] INFO Coupled UL K2 preschedule complete: control_slot=111 due_slot=115 k2=4 active=4 granted=2 grants=2.
[2026-08-08T08:20:12Z] INFO Coupled UL PDCCH grant binding: ue=2 required=1 ok=1 status=bound failure= dci=ff6b53ce3edd3a77372c84ec3bc491999c1009364c6e19f47c65db65c32916a9 grant_ss=1 observed_ss=1 bound_ss=1 grant_coreset=0 observed_coreset=0 bound_coreset=0.
[2026-08-08T08:20:38Z] INFO Coupled UL PDCCH grant binding: ue=3 required=1 ok=1 status=bound failure= dci=71068088ca24fceed49cbc04f8f27dc0d5e6dd2966583e8d1cbb16f7b1ebace9 grant_ss=1 observed_ss=1 bound_ss=1 grant_coreset=0 observed_coreset=0 bound_coreset=0.
[2026-08-08T08:20:39Z] INFO Queued coupled UL grants after K2 PDCCH qualification: control_slot=111 due_slot=115 executable_grants=2 pending_total=2.
[2026-08-08T08:20:39Z] INFO Coupled canonical slot prepared: sweep=3/3 slot=32/40 duplex=DL allow_dl=1 allow_ul=0.
[2026-08-08T08:20:39Z] INFO Starting coupled pre-scheduling control gating for slot 112/120 with 4 UEs.
[2026-08-08T08:20:39Z] INFO Coupled control gating progress for slot 112/120: UE 1/4, PBCH=0 PRACH=0 SRS=0 TRS=0.
[2026-08-08T08:20:39Z] INFO Coupled control gating progress for slot 112/120: UE 2/4, PBCH=0 PRACH=0 SRS=0 TRS=0.
[2026-08-08T08:20:39Z] INFO Coupled control gating progress for slot 112/120: UE 3/4, PBCH=0 PRACH=0 SRS=0 TRS=0.
[2026-08-08T08:20:40Z] INFO Coupled control gating progress for slot 112/120: UE 4/4, PBCH=0 PRACH=0 SRS=0 TRS=0.
[2026-08-08T08:20:40Z] INFO Coupled control gating complete: slot=112 frame=6 pbch_attempts=0 prach_attempts=0 srs_attempts=0 trs_attempts=0 acquired=4/4 access=4/4 valid_srs=4/4 valid_trs_cells=1/1 tracked_serving_users=4/4 eligible=4/4.
[2026-08-08T08:20:40Z] INFO Coupled control gating complete for slot 112/120: acquired=4/4 access=4/4 valid_srs=4/4 valid_trs_cells=1/1 tracked_serving_users=4/4 eligible=4/4.
[2026-08-08T08:20:40Z] INFO DL coupled publish: operating_point 3/3 configured_label_snr_dB=20.000 ue=0/4 dlDirectionalFrames=6/40 ulDirectionalFrames=6/40 dlRows=50 ulRows=16.
[2026-08-08T08:20:42Z] INFO Coupled DL schedule complete: sweep=3/3 slot=32/40 active=4 granted=2 grants=2.
[2026-08-08T08:20:46Z] INFO Coupled DL PDCCH grant binding: ue=1 required=1 ok=1 status=bound failure= dci=ec2b68cd9a0c8d321ed510688f80119f95700f820c48c413c876d08750578076 grant_ss=1 observed_ss=1 bound_ss=1 grant_coreset=0 observed_coreset=0 bound_coreset=0.
[2026-08-08T08:20:49Z] INFO Coupled DL PDCCH grant binding: ue=4 required=1 ok=1 status=bound failure= dci=fe3d9437ab92af078afda4df66fe1a60ca2b4a164f7aab46084fcffde67d7720 grant_ss=1 observed_ss=1 bound_ss=1 grant_coreset=0 observed_coreset=0 bound_coreset=0.
[2026-08-08T08:20:49Z] INFO Coupled DL PDCCH qualification complete: sweep=3/3 slot=32/40 executable_grants=2.
[2026-08-08T08:20:49Z] INFO Preparing coupled DL batches: sweep=3/3 slot=32/40 candidate_grants=2 batch_size=24.
[2026-08-08T08:20:49Z] INFO Preparing coupled DL resolved grant cache: candidate_grants=2.
[2026-08-08T08:22:09Z] INFO Prepared coupled DL resolved grant cache entries: 2/2.
[2026-08-08T08:23:26Z] INFO Prepared coupled DL resolved grant cache complete: entries=2 elapsed_s=156.768.
[2026-08-08T08:23:27Z] INFO Prepared coupled DL chunk: sweep=3/3 slot=32/40 executable_plans=2 chunk=1-2 of 2.
[2026-08-08T08:23:27Z] INFO Executing coupled DL chunk: sweep=3/3 slot=32/40 chunk=1-2 of 2.
[2026-08-08T08:23:27Z] INFO Executing coupled DL grant chunk serially: plans=2 reason=parallel_safety_or_pool_unavailable.
[2026-08-08T08:26:09Z] INFO Publishing coupled DL chunk results: sweep=3/3 slot=32/40 committed_rows=2 current_primary_rows=52.
[2026-08-08T08:26:10Z] INFO DL coupled publish: operating_point 3/3 configured_label_snr_dB=20.000 ue=4/4 dlDirectionalFrames=6/40 ulDirectionalFrames=6/40 dlRows=52 ulRows=16.
[2026-08-08T08:26:10Z] INFO Coupled UL K2 preschedule deferred: control_slot=112 reason=data_timing_rejected:target_hits_fixed_opposite_direction policy=no_valid_ul_occasion_from_current_dl_control_slot.
[2026-08-08T08:26:10Z] INFO Coupled canonical slot prepared: sweep=3/3 slot=33/40 duplex=DL allow_dl=1 allow_ul=0.
[2026-08-08T08:26:10Z] INFO Starting coupled pre-scheduling control gating for slot 113/120 with 4 UEs.
[2026-08-08T08:26:10Z] INFO Coupled control gating progress for slot 113/120: UE 1/4, PBCH=0 PRACH=0 SRS=0 TRS=0.
[2026-08-08T08:26:10Z] INFO Coupled control gating progress for slot 113/120: UE 2/4, PBCH=0 PRACH=0 SRS=0 TRS=0.
[2026-08-08T08:26:10Z] INFO Coupled control gating progress for slot 113/120: UE 3/4, PBCH=0 PRACH=0 SRS=0 TRS=0.
[2026-08-08T08:26:10Z] INFO Coupled control gating progress for slot 113/120: UE 4/4, PBCH=0 PRACH=0 SRS=0 TRS=0.
[2026-08-08T08:26:10Z] INFO Coupled control gating complete: slot=113 frame=6 pbch_attempts=0 prach_attempts=0 srs_attempts=0 trs_attempts=0 acquired=4/4 access=4/4 valid_srs=4/4 valid_trs_cells=1/1 tracked_serving_users=4/4 eligible=4/4.
[2026-08-08T08:26:10Z] INFO Coupled control gating complete for slot 113/120: acquired=4/4 access=4/4 valid_srs=4/4 valid_trs_cells=1/1 tracked_serving_users=4/4 eligible=4/4.
[2026-08-08T08:26:11Z] INFO DL coupled publish: operating_point 3/3 configured_label_snr_dB=20.000 ue=0/4 dlDirectionalFrames=6/40 ulDirectionalFrames=6/40 dlRows=52 ulRows=16.
[2026-08-08T08:26:12Z] INFO Coupled DL schedule complete: sweep=3/3 slot=33/40 active=4 granted=2 grants=2.
[2026-08-08T08:26:16Z] INFO Coupled DL PDCCH grant binding: ue=1 required=1 ok=1 status=bound failure= dci=8eb5ab4f180a26557d2784391b1f9278efe9e942c9980992990bf02cc5b620fd grant_ss=1 observed_ss=1 bound_ss=1 grant_coreset=0 observed_coreset=0 bound_coreset=0.
[2026-08-08T08:26:19Z] INFO Coupled DL PDCCH grant binding: ue=2 required=1 ok=1 status=bound failure= dci=f79eadad187c1e9ae0d59d8bdace50b0ab725df933a4f845ecc7c71e28124100 grant_ss=1 observed_ss=1 bound_ss=1 grant_coreset=0 observed_coreset=0 bound_coreset=0.
[2026-08-08T08:26:19Z] INFO Coupled DL PDCCH qualification complete: sweep=3/3 slot=33/40 executable_grants=2.
[2026-08-08T08:26:19Z] INFO Preparing coupled DL batches: sweep=3/3 slot=33/40 candidate_grants=2 batch_size=24.
[2026-08-08T08:26:19Z] INFO Preparing coupled DL resolved grant cache: candidate_grants=2.
[2026-08-08T08:27:37Z] INFO Prepared coupled DL resolved grant cache entries: 2/2.
[2026-08-08T08:28:55Z] INFO Prepared coupled DL resolved grant cache complete: entries=2 elapsed_s=156.521.
[2026-08-08T08:28:56Z] INFO Prepared coupled DL chunk: sweep=3/3 slot=33/40 executable_plans=2 chunk=1-2 of 2.
[2026-08-08T08:28:56Z] INFO Executing coupled DL chunk: sweep=3/3 slot=33/40 chunk=1-2 of 2.
[2026-08-08T08:28:57Z] INFO Executing coupled DL grant chunk serially: plans=2 reason=parallel_safety_or_pool_unavailable.
[2026-08-08T08:31:34Z] INFO Publishing coupled DL chunk results: sweep=3/3 slot=33/40 committed_rows=2 current_primary_rows=54.
[2026-08-08T08:31:35Z] INFO DL coupled publish: operating_point 3/3 configured_label_snr_dB=20.000 ue=2/4 dlDirectionalFrames=6/40 ulDirectionalFrames=6/40 dlRows=54 ulRows=16.
[2026-08-08T08:31:35Z] INFO Coupled UL K2 preschedule deferred: control_slot=113 reason=data_timing_rejected:target_hits_fixed_opposite_direction policy=no_valid_ul_occasion_from_current_dl_control_slot.
[2026-08-08T08:31:35Z] INFO Coupled canonical slot prepared: sweep=3/3 slot=34/40 duplex=FLEXIBLE_OR_MIXED allow_dl=1 allow_ul=1.
[2026-08-08T08:31:41Z] INFO Starting coupled pre-scheduling control gating for slot 114/120 with 4 UEs.
[2026-08-08T08:31:41Z] INFO Coupled control gating progress for slot 114/120: UE 1/4, PBCH=0 PRACH=0 SRS=0 TRS=0.
[2026-08-08T08:31:41Z] INFO Coupled control gating progress for slot 114/120: UE 2/4, PBCH=0 PRACH=0 SRS=0 TRS=0.
[2026-08-08T08:31:41Z] INFO Coupled control gating progress for slot 114/120: UE 3/4, PBCH=0 PRACH=0 SRS=0 TRS=0.
[2026-08-08T08:31:42Z] INFO Coupled control gating progress for slot 114/120: UE 4/4, PBCH=0 PRACH=0 SRS=0 TRS=0.
[2026-08-08T08:31:42Z] INFO Coupled control gating complete: slot=114 frame=6 pbch_attempts=0 prach_attempts=0 srs_attempts=0 trs_attempts=0 acquired=4/4 access=4/4 valid_srs=4/4 valid_trs_cells=1/1 tracked_serving_users=4/4 eligible=4/4.
[2026-08-08T08:31:42Z] INFO Coupled control gating complete for slot 114/120: acquired=4/4 access=4/4 valid_srs=4/4 valid_trs_cells=1/1 tracked_serving_users=4/4 eligible=4/4.
[2026-08-08T08:31:42Z] INFO DL coupled publish: operating_point 3/3 configured_label_snr_dB=20.000 ue=0/4 dlDirectionalFrames=6/40 ulDirectionalFrames=6/40 dlRows=54 ulRows=16.
[2026-08-08T08:31:42Z] INFO Coupled DL scheduling deferred: sweep=3/3 slot=34/40 reason=configured_dl_symbol_allocation_not_available_in_tdd_slot policy=no_valid_harq_ack_occasion_from_current_dl_slot.
[2026-08-08T08:31:42Z] INFO Coupled DL schedule complete: sweep=3/3 slot=34/40 active=0 granted=0 grants=0.
[2026-08-08T08:31:42Z] INFO Coupled DL PDCCH qualification complete: sweep=3/3 slot=34/40 executable_grants=0.
[2026-08-08T08:31:42Z] INFO Preparing coupled DL batches: sweep=3/3 slot=34/40 candidate_grants=0 batch_size=24.
[2026-08-08T08:31:42Z] INFO Coupled UL K2 preschedule deferred: control_slot=114 reason=data_timing_rejected:target_hits_fixed_opposite_direction policy=no_valid_ul_occasion_from_current_dl_control_slot.
[2026-08-08T08:31:42Z] INFO Coupled UL queued grant lookup complete: sweep=3/3 slot=34/40 due_grants=0 pending_grants=2.
[2026-08-08T08:31:42Z] INFO Coupled canonical slot prepared: sweep=3/3 slot=35/40 duplex=UL allow_dl=0 allow_ul=1.
[2026-08-08T08:31:43Z] INFO Starting coupled pre-scheduling control gating for slot 115/120 with 4 UEs.
[2026-08-08T08:32:01Z] INFO Coupled control gating progress for slot 115/120: UE 1/4, PBCH=0 PRACH=0 SRS=1 TRS=0.
[2026-08-08T08:32:21Z] INFO Coupled control gating progress for slot 115/120: UE 2/4, PBCH=0 PRACH=0 SRS=2 TRS=0.
[2026-08-08T08:32:43Z] INFO Coupled control gating progress for slot 115/120: UE 3/4, PBCH=0 PRACH=0 SRS=3 TRS=0.
[2026-08-08T08:33:02Z] INFO Coupled control gating progress for slot 115/120: UE 4/4, PBCH=0 PRACH=0 SRS=4 TRS=0.
[2026-08-08T08:33:02Z] INFO Coupled control gating complete: slot=115 frame=6 pbch_attempts=0 prach_attempts=0 srs_attempts=4 trs_attempts=0 acquired=4/4 access=4/4 valid_srs=4/4 valid_trs_cells=1/1 tracked_serving_users=4/4 eligible=4/4.
[2026-08-08T08:33:02Z] INFO Coupled control gating complete for slot 115/120: acquired=4/4 access=4/4 valid_srs=4/4 valid_trs_cells=1/1 tracked_serving_users=4/4 eligible=4/4.
[2026-08-08T08:33:02Z] INFO UL coupled publish: operating_point 3/3 configured_label_snr_dB=20.000 ue=0/4 dlDirectionalFrames=6/40 ulDirectionalFrames=6/40 dlRows=54 ulRows=16.
[2026-08-08T08:33:02Z] INFO Coupled UL queued grant lookup complete: sweep=3/3 slot=35/40 due_grants=2 pending_grants=0.
[2026-08-08T08:33:03Z] INFO Preparing coupled UL batches: sweep=3/3 slot=35/40 candidate_grants=2 batch_size=24.
[2026-08-08T08:33:03Z] INFO Preparing coupled UL resolved grant cache: candidate_grants=2.
[2026-08-08T08:33:08Z] INFO Prepared coupled UL resolved grant cache entries: 2/2.
[2026-08-08T08:33:09Z] INFO Prepared coupled UL resolved grant cache complete: entries=2 elapsed_s=6.335.
[2026-08-08T08:33:09Z] INFO Prepared coupled UL chunk: sweep=3/3 slot=35/40 executable_plans=2 chunk=1-2 of 2.
[2026-08-08T08:33:09Z] INFO Executing coupled UL chunk: sweep=3/3 slot=35/40 chunk=1-2 of 2.
[2026-08-08T08:33:09Z] INFO Executing coupled UL grant chunk serially: plans=2 reason=parallel_safety_or_pool_unavailable.
[2026-08-08T08:33:59Z] INFO Publishing coupled UL chunk results: sweep=3/3 slot=35/40 committed_rows=2 current_primary_rows=18.
[2026-08-08T08:34:00Z] INFO UL coupled publish: operating_point 3/3 configured_label_snr_dB=20.000 ue=3/4 dlDirectionalFrames=6/40 ulDirectionalFrames=6/40 dlRows=54 ulRows=18.
[2026-08-08T08:34:00Z] INFO Coupled canonical slot prepared: sweep=3/3 slot=36/40 duplex=DL allow_dl=1 allow_ul=0.
[2026-08-08T08:34:00Z] INFO Starting coupled pre-scheduling control gating for slot 116/120 with 4 UEs.
[2026-08-08T08:34:01Z] INFO Coupled control gating progress for slot 116/120: UE 1/4, PBCH=0 PRACH=0 SRS=0 TRS=0.
[2026-08-08T08:34:01Z] INFO Coupled control gating progress for slot 116/120: UE 2/4, PBCH=0 PRACH=0 SRS=0 TRS=0.
[2026-08-08T08:34:01Z] INFO Coupled control gating progress for slot 116/120: UE 3/4, PBCH=0 PRACH=0 SRS=0 TRS=0.
[2026-08-08T08:34:01Z] INFO Coupled control gating progress for slot 116/120: UE 4/4, PBCH=0 PRACH=0 SRS=0 TRS=0.
[2026-08-08T08:34:01Z] INFO Coupled control gating complete: slot=116 frame=6 pbch_attempts=0 prach_attempts=0 srs_attempts=0 trs_attempts=0 acquired=4/4 access=4/4 valid_srs=4/4 valid_trs_cells=1/1 tracked_serving_users=4/4 eligible=4/4.
[2026-08-08T08:34:01Z] INFO Coupled control gating complete for slot 116/120: acquired=4/4 access=4/4 valid_srs=4/4 valid_trs_cells=1/1 tracked_serving_users=4/4 eligible=4/4.
[2026-08-08T08:34:02Z] INFO DL coupled publish: operating_point 3/3 configured_label_snr_dB=20.000 ue=0/4 dlDirectionalFrames=6/40 ulDirectionalFrames=6/40 dlRows=54 ulRows=18.
[2026-08-08T08:34:04Z] INFO Coupled DL schedule complete: sweep=3/3 slot=36/40 active=4 granted=2 grants=2.
[2026-08-08T08:34:07Z] INFO Coupled DL PDCCH grant binding: ue=3 required=1 ok=1 status=bound failure= dci=f5f5689b6bbcd77c8e6a12ea6ce7983e2c4000217ed157a128cc71cec1dbbd6f grant_ss=1 observed_ss=1 bound_ss=1 grant_coreset=0 observed_coreset=0 bound_coreset=0.
[2026-08-08T08:34:09Z] INFO Coupled DL PDCCH grant binding: ue=2 required=1 ok=1 status=bound failure= dci=f5f5689b6bbcd77c8e6a12ea6ce7983e2c4000217ed157a128cc71cec1dbbd6f grant_ss=1 observed_ss=1 bound_ss=1 grant_coreset=0 observed_coreset=0 bound_coreset=0.
[2026-08-08T08:34:09Z] INFO Coupled DL PDCCH qualification complete: sweep=3/3 slot=36/40 executable_grants=2.
[2026-08-08T08:34:09Z] INFO Preparing coupled DL batches: sweep=3/3 slot=36/40 candidate_grants=2 batch_size=24.
[2026-08-08T08:34:09Z] INFO Preparing coupled DL resolved grant cache: candidate_grants=2.
[2026-08-08T08:35:30Z] INFO Prepared coupled DL resolved grant cache entries: 2/2.
[2026-08-08T08:36:52Z] INFO Prepared coupled DL resolved grant cache complete: entries=2 elapsed_s=162.595.
[2026-08-08T08:36:53Z] INFO Prepared coupled DL chunk: sweep=3/3 slot=36/40 executable_plans=2 chunk=1-2 of 2.
[2026-08-08T08:36:53Z] INFO Executing coupled DL chunk: sweep=3/3 slot=36/40 chunk=1-2 of 2.
[2026-08-08T08:36:53Z] INFO Executing coupled DL grant chunk serially: plans=2 reason=parallel_safety_or_pool_unavailable.
[2026-08-08T08:39:45Z] INFO Publishing coupled DL chunk results: sweep=3/3 slot=36/40 committed_rows=2 current_primary_rows=56.
[2026-08-08T08:39:46Z] INFO DL coupled publish: operating_point 3/3 configured_label_snr_dB=20.000 ue=2/4 dlDirectionalFrames=6/40 ulDirectionalFrames=6/40 dlRows=56 ulRows=18.
[2026-08-08T08:39:48Z] INFO Coupled UL K2 preschedule complete: control_slot=116 due_slot=120 k2=4 active=4 granted=2 grants=2.
[2026-08-08T08:40:13Z] INFO Coupled UL PDCCH grant binding: ue=4 required=1 ok=1 status=bound failure= dci=c3ee518a76017df93aa8329f4d1344c7c1daac8ef25392a51e30c537793b461e grant_ss=1 observed_ss=1 bound_ss=1 grant_coreset=0 observed_coreset=0 bound_coreset=0.
[2026-08-08T08:40:40Z] INFO Coupled UL PDCCH grant binding: ue=2 required=1 ok=1 status=bound failure= dci=54f116ac47a613da00e4a9b8ad5b323b4ae94d4290f0d262e7c8418aac16e5a8 grant_ss=1 observed_ss=1 bound_ss=1 grant_coreset=0 observed_coreset=0 bound_coreset=0.
[2026-08-08T08:40:41Z] INFO Queued coupled UL grants after K2 PDCCH qualification: control_slot=116 due_slot=120 executable_grants=2 pending_total=2.
[2026-08-08T08:40:41Z] INFO Coupled canonical slot prepared: sweep=3/3 slot=37/40 duplex=DL allow_dl=1 allow_ul=0.
[2026-08-08T08:40:41Z] INFO Starting coupled pre-scheduling control gating for slot 117/120 with 4 UEs.
[2026-08-08T08:40:41Z] INFO Coupled control gating progress for slot 117/120: UE 1/4, PBCH=0 PRACH=0 SRS=0 TRS=0.
[2026-08-08T08:40:41Z] INFO Coupled control gating progress for slot 117/120: UE 2/4, PBCH=0 PRACH=0 SRS=0 TRS=0.
[2026-08-08T08:40:41Z] INFO Coupled control gating progress for slot 117/120: UE 3/4, PBCH=0 PRACH=0 SRS=0 TRS=0.
[2026-08-08T08:40:42Z] INFO Coupled control gating progress for slot 117/120: UE 4/4, PBCH=0 PRACH=0 SRS=0 TRS=0.
[2026-08-08T08:40:42Z] INFO Coupled control gating complete: slot=117 frame=6 pbch_attempts=0 prach_attempts=0 srs_attempts=0 trs_attempts=0 acquired=4/4 access=4/4 valid_srs=4/4 valid_trs_cells=1/1 tracked_serving_users=4/4 eligible=4/4.
[2026-08-08T08:40:42Z] INFO Coupled control gating complete for slot 117/120: acquired=4/4 access=4/4 valid_srs=4/4 valid_trs_cells=1/1 tracked_serving_users=4/4 eligible=4/4.
[2026-08-08T08:40:42Z] INFO DL coupled publish: operating_point 3/3 configured_label_snr_dB=20.000 ue=0/4 dlDirectionalFrames=6/40 ulDirectionalFrames=6/40 dlRows=56 ulRows=18.
[2026-08-08T08:40:45Z] INFO Coupled DL schedule complete: sweep=3/3 slot=37/40 active=4 granted=2 grants=2.
[2026-08-08T08:40:47Z] INFO Coupled DL PDCCH grant binding: ue=3 required=1 ok=1 status=bound failure= dci=c956177288f572c9c079bd574b90c8c5e9cbb8b2db5da7104b214ea8b0823fab grant_ss=1 observed_ss=1 bound_ss=1 grant_coreset=0 observed_coreset=0 bound_coreset=0.
[2026-08-08T08:40:50Z] INFO Coupled DL PDCCH grant binding: ue=4 required=1 ok=1 status=bound failure= dci=a88805aa6fddc01612ab9544aaaf1ded67833b764edf0fed7a4fded0bb36f3a6 grant_ss=1 observed_ss=1 bound_ss=1 grant_coreset=0 observed_coreset=0 bound_coreset=0.
[2026-08-08T08:40:50Z] INFO Coupled DL PDCCH qualification complete: sweep=3/3 slot=37/40 executable_grants=2.
[2026-08-08T08:40:50Z] INFO Preparing coupled DL batches: sweep=3/3 slot=37/40 candidate_grants=2 batch_size=24.
[2026-08-08T08:40:50Z] INFO Preparing coupled DL resolved grant cache: candidate_grants=2.
[2026-08-08T08:42:04Z] INFO Prepared coupled DL resolved grant cache entries: 2/2.
[2026-08-08T08:43:14Z] INFO Prepared coupled DL resolved grant cache complete: entries=2 elapsed_s=143.439.
[2026-08-08T08:43:15Z] INFO Prepared coupled DL chunk: sweep=3/3 slot=37/40 executable_plans=2 chunk=1-2 of 2.
[2026-08-08T08:43:15Z] INFO Executing coupled DL chunk: sweep=3/3 slot=37/40 chunk=1-2 of 2.
[2026-08-08T08:43:15Z] INFO Executing coupled DL grant chunk serially: plans=2 reason=parallel_safety_or_pool_unavailable.
[2026-08-08T08:45:47Z] INFO Publishing coupled DL chunk results: sweep=3/3 slot=37/40 committed_rows=2 current_primary_rows=58.
[2026-08-08T08:45:48Z] INFO DL coupled publish: operating_point 3/3 configured_label_snr_dB=20.000 ue=4/4 dlDirectionalFrames=6/40 ulDirectionalFrames=6/40 dlRows=58 ulRows=18.
[2026-08-08T08:45:48Z] INFO Coupled UL K2 preschedule deferred: control_slot=117 reason=data_timing_rejected:target_hits_fixed_opposite_direction policy=no_valid_ul_occasion_from_current_dl_control_slot.
[2026-08-08T08:45:48Z] INFO Coupled canonical slot prepared: sweep=3/3 slot=38/40 duplex=DL allow_dl=1 allow_ul=0.
[2026-08-08T08:45:48Z] INFO Starting coupled pre-scheduling control gating for slot 118/120 with 4 UEs.
[2026-08-08T08:45:48Z] INFO Coupled control gating progress for slot 118/120: UE 1/4, PBCH=0 PRACH=0 SRS=0 TRS=0.
[2026-08-08T08:45:48Z] INFO Coupled control gating progress for slot 118/120: UE 2/4, PBCH=0 PRACH=0 SRS=0 TRS=0.
[2026-08-08T08:45:48Z] INFO Coupled control gating progress for slot 118/120: UE 3/4, PBCH=0 PRACH=0 SRS=0 TRS=0.
[2026-08-08T08:45:48Z] INFO Coupled control gating progress for slot 118/120: UE 4/4, PBCH=0 PRACH=0 SRS=0 TRS=0.
[2026-08-08T08:45:49Z] INFO Coupled control gating complete: slot=118 frame=6 pbch_attempts=0 prach_attempts=0 srs_attempts=0 trs_attempts=0 acquired=4/4 access=4/4 valid_srs=4/4 valid_trs_cells=1/1 tracked_serving_users=4/4 eligible=4/4.
[2026-08-08T08:45:49Z] INFO Coupled control gating complete for slot 118/120: acquired=4/4 access=4/4 valid_srs=4/4 valid_trs_cells=1/1 tracked_serving_users=4/4 eligible=4/4.
[2026-08-08T08:45:49Z] INFO DL coupled publish: operating_point 3/3 configured_label_snr_dB=20.000 ue=0/4 dlDirectionalFrames=6/40 ulDirectionalFrames=6/40 dlRows=58 ulRows=18.
[2026-08-08T08:45:51Z] INFO Coupled DL schedule complete: sweep=3/3 slot=38/40 active=4 granted=2 grants=2.
[2026-08-08T08:45:53Z] INFO Coupled DL PDCCH grant binding: ue=3 required=1 ok=1 status=bound failure= dci=585ee64b1962397528e814eceef0af5a61ee0129bd2a29337d371483076e16c7 grant_ss=1 observed_ss=1 bound_ss=1 grant_coreset=0 observed_coreset=0 bound_coreset=0.
[2026-08-08T08:45:57Z] INFO Coupled DL PDCCH grant binding: ue=1 required=1 ok=1 status=bound failure= dci=33ff0a27e74f81191d90aa0bea945eea45b1e2f177c82b16980be3ccf61a7ccf grant_ss=1 observed_ss=1 bound_ss=1 grant_coreset=0 observed_coreset=0 bound_coreset=0.
[2026-08-08T08:45:57Z] INFO Coupled DL PDCCH qualification complete: sweep=3/3 slot=38/40 executable_grants=2.
[2026-08-08T08:45:57Z] INFO Preparing coupled DL batches: sweep=3/3 slot=38/40 candidate_grants=2 batch_size=24.
[2026-08-08T08:45:57Z] INFO Preparing coupled DL resolved grant cache: candidate_grants=2.
[2026-08-08T08:47:12Z] INFO Prepared coupled DL resolved grant cache entries: 2/2.
[2026-08-08T08:48:24Z] INFO Prepared coupled DL resolved grant cache complete: entries=2 elapsed_s=146.765.
[2026-08-08T08:48:25Z] INFO Prepared coupled DL chunk: sweep=3/3 slot=38/40 executable_plans=2 chunk=1-2 of 2.
[2026-08-08T08:48:25Z] INFO Executing coupled DL chunk: sweep=3/3 slot=38/40 chunk=1-2 of 2.
[2026-08-08T08:48:26Z] INFO Executing coupled DL grant chunk serially: plans=2 reason=parallel_safety_or_pool_unavailable.
[2026-08-08T08:51:02Z] INFO Publishing coupled DL chunk results: sweep=3/3 slot=38/40 committed_rows=2 current_primary_rows=60.
[2026-08-08T08:51:03Z] INFO DL coupled publish: operating_point 3/3 configured_label_snr_dB=20.000 ue=1/4 dlDirectionalFrames=6/40 ulDirectionalFrames=6/40 dlRows=60 ulRows=18.
[2026-08-08T08:51:03Z] INFO Coupled UL K2 preschedule deferred: control_slot=118 reason=data_timing_rejected:target_hits_fixed_opposite_direction policy=no_valid_ul_occasion_from_current_dl_control_slot.
[2026-08-08T08:51:03Z] INFO Coupled canonical slot prepared: sweep=3/3 slot=39/40 duplex=FLEXIBLE_OR_MIXED allow_dl=1 allow_ul=1.
[2026-08-08T08:51:10Z] INFO Starting coupled pre-scheduling control gating for slot 119/120 with 4 UEs.
[2026-08-08T08:51:11Z] INFO Coupled control gating progress for slot 119/120: UE 1/4, PBCH=0 PRACH=0 SRS=0 TRS=0.
[2026-08-08T08:51:11Z] INFO Coupled control gating progress for slot 119/120: UE 2/4, PBCH=0 PRACH=0 SRS=0 TRS=0.
[2026-08-08T08:51:11Z] INFO Coupled control gating progress for slot 119/120: UE 3/4, PBCH=0 PRACH=0 SRS=0 TRS=0.
[2026-08-08T08:51:11Z] INFO Coupled control gating progress for slot 119/120: UE 4/4, PBCH=0 PRACH=0 SRS=0 TRS=0.
[2026-08-08T08:51:11Z] INFO Coupled control gating complete: slot=119 frame=6 pbch_attempts=0 prach_attempts=0 srs_attempts=0 trs_attempts=0 acquired=4/4 access=4/4 valid_srs=4/4 valid_trs_cells=1/1 tracked_serving_users=4/4 eligible=4/4.
[2026-08-08T08:51:11Z] INFO Coupled control gating complete for slot 119/120: acquired=4/4 access=4/4 valid_srs=4/4 valid_trs_cells=1/1 tracked_serving_users=4/4 eligible=4/4.
[2026-08-08T08:51:12Z] INFO DL coupled publish: operating_point 3/3 configured_label_snr_dB=20.000 ue=0/4 dlDirectionalFrames=6/40 ulDirectionalFrames=6/40 dlRows=60 ulRows=18.
[2026-08-08T08:51:12Z] INFO Coupled DL scheduling deferred: sweep=3/3 slot=39/40 reason=configured_dl_symbol_allocation_not_available_in_tdd_slot policy=no_valid_harq_ack_occasion_from_current_dl_slot.
[2026-08-08T08:51:12Z] INFO Coupled DL schedule complete: sweep=3/3 slot=39/40 active=0 granted=0 grants=0.
[2026-08-08T08:51:12Z] INFO Coupled DL PDCCH qualification complete: sweep=3/3 slot=39/40 executable_grants=0.
[2026-08-08T08:51:12Z] INFO Preparing coupled DL batches: sweep=3/3 slot=39/40 candidate_grants=0 batch_size=24.
[2026-08-08T08:51:12Z] INFO Coupled UL K2 preschedule deferred: control_slot=119 reason=data_timing_rejected:target_hits_fixed_opposite_direction policy=no_valid_ul_occasion_from_current_dl_control_slot.
[2026-08-08T08:51:12Z] INFO Coupled UL queued grant lookup complete: sweep=3/3 slot=39/40 due_grants=0 pending_grants=2.
[2026-08-08T08:51:13Z] INFO Coupled canonical slot prepared: sweep=3/3 slot=40/40 duplex=UL allow_dl=0 allow_ul=1.
[2026-08-08T08:51:13Z] INFO Starting coupled pre-scheduling control gating for slot 120/120 with 4 UEs.
[2026-08-08T08:51:13Z] INFO Coupled control gating progress for slot 120/120: UE 1/4, PBCH=0 PRACH=0 SRS=0 TRS=0.
[2026-08-08T08:51:13Z] INFO Coupled control gating progress for slot 120/120: UE 2/4, PBCH=0 PRACH=0 SRS=0 TRS=0.
[2026-08-08T08:51:13Z] INFO Coupled control gating progress for slot 120/120: UE 3/4, PBCH=0 PRACH=0 SRS=0 TRS=0.
[2026-08-08T08:51:13Z] INFO Coupled control gating progress for slot 120/120: UE 4/4, PBCH=0 PRACH=0 SRS=0 TRS=0.
[2026-08-08T08:51:14Z] INFO Coupled control gating complete: slot=120 frame=6 pbch_attempts=0 prach_attempts=0 srs_attempts=0 trs_attempts=0 acquired=4/4 access=4/4 valid_srs=4/4 valid_trs_cells=1/1 tracked_serving_users=4/4 eligible=4/4.
[2026-08-08T08:51:14Z] INFO Coupled control gating complete for slot 120/120: acquired=4/4 access=4/4 valid_srs=4/4 valid_trs_cells=1/1 tracked_serving_users=4/4 eligible=4/4.
[2026-08-08T08:51:14Z] INFO UL coupled publish: operating_point 3/3 configured_label_snr_dB=20.000 ue=0/4 dlDirectionalFrames=6/40 ulDirectionalFrames=6/40 dlRows=60 ulRows=18.
[2026-08-08T08:51:14Z] INFO Coupled UL queued grant lookup complete: sweep=3/3 slot=40/40 due_grants=2 pending_grants=0.
[2026-08-08T08:51:14Z] INFO Preparing coupled UL batches: sweep=3/3 slot=40/40 candidate_grants=2 batch_size=24.
[2026-08-08T08:51:14Z] INFO Preparing coupled UL resolved grant cache: candidate_grants=2.
[2026-08-08T08:51:15Z] INFO Prepared coupled UL resolved grant cache entries: 2/2.
[2026-08-08T08:51:16Z] INFO Prepared coupled UL resolved grant cache complete: entries=2 elapsed_s=2.012.
[2026-08-08T08:51:16Z] INFO Prepared coupled UL chunk: sweep=3/3 slot=40/40 executable_plans=2 chunk=1-2 of 2.
[2026-08-08T08:51:16Z] INFO Executing coupled UL chunk: sweep=3/3 slot=40/40 chunk=1-2 of 2.
[2026-08-08T08:51:17Z] INFO Executing coupled UL grant chunk serially: plans=2 reason=parallel_safety_or_pool_unavailable.
[2026-08-08T08:51:57Z] INFO Publishing coupled UL chunk results: sweep=3/3 slot=40/40 committed_rows=2 current_primary_rows=20.
[2026-08-08T08:52:19Z] INFO UL heavy live artifact refresh: reason=post_grant_chunk slot=40/40 interval=20.
[2026-08-08T08:52:19Z] INFO UL coupled publish: operating_point 3/3 configured_label_snr_dB=20.000 ue=2/4 dlDirectionalFrames=6/40 ulDirectionalFrames=6/40 dlRows=60 ulRows=20.
[2026-08-08T08:52:19Z] INFO DL raw trial sweep progress: point 3/3, configured operating-point label 20.000 dB (not a measured SINR); median PostEqSINR_dB 11.507 dB; median MeasuredTrialSINR_dB 11.507 dB; median ReceiverHestSINR_dB 11.507 dB, rows=60.
[2026-08-08T08:52:19Z] INFO UL raw trial sweep progress: point 3/3, configured operating-point label 20.000 dB (not a measured SINR); median PostEqSINR_dB 28.262 dB; median MeasuredTrialSINR_dB 28.262 dB; median ReceiverHestSINR_dB 15.798 dB, rows=20.
[2026-08-08T09:02:18Z] INFO Waveform bundle finished: ok=1
[2026-08-08T09:02:18Z] INFO Evaluating strict control evidence from active slot-runtime rows; no supplemental waveform launched.
[2026-08-08T09:02:26Z] INFO Strict waveform-backed control evidence finished: ok=1
[2026-08-08T09:02:27Z] INFO Evaluating strict PRACH from active slot-runtime rows; no supplemental waveform launched.
[2026-08-08T09:02:28Z] INFO Running the configured same-execution PRACH false-alarm/           missed-detection campaign through the production PRACH TX/RX chain.
PRACH_PARALLEL requested=1 requested_workers=24 active=1 effective_workers=4 status=parallel_process_pool_active
[2026-08-08T09:02:29Z] INFO Strict PRACH progress: stage=strict_prach_config_validation supplemental_completion=0.020 note=Validating strict PRACH configuration and root-sequence evidence.
[2026-08-08T09:02:30Z] INFO Strict PRACH progress: stage=strict_prach_positive_high_snr supplemental_completion=0.080 note=Running positive high-SNR PRACH receive validation.
[2026-08-08T09:02:31Z] INFO Strict PRACH progress: stage=strict_prach_missed_detection_sweep supplemental_completion=0.180 note=Running PRACH missed-detection SNR sweep.
PRACH_STAT metric=missed_detection snr_db=-12 trials=3/3 look=1 events_ci=[0,0.707598] width=0.707598 qualification=NOT_EVALUATED stopping=maximum_trial_count_reached_without_qualification
PRACH_STAT metric=missed_detection snr_db=-6 trials=3/3 look=1 events_ci=[0,0.707598] width=0.707598 qualification=NOT_EVALUATED stopping=maximum_trial_count_reached_without_qualification
PRACH_STAT metric=missed_detection snr_db=0 trials=3/3 look=1 events_ci=[0,0.707598] width=0.707598 qualification=NOT_EVALUATED stopping=maximum_trial_count_reached_without_qualification
PRACH_STAT metric=missed_detection snr_db=6 trials=300/2000 look=1 events_ci=[0,0.0242926] width=0.0242926 qualification=NOT_EVALUATED stopping=confidence_interval_width_not_reached
PRACH_STAT metric=missed_detection snr_db=6 trials=500/2000 look=5 events_ci=[0,0.0146472] width=0.0146472 qualification=NOT_EVALUATED stopping=confidence_interval_width_not_reached
PRACH_STAT metric=missed_detection snr_db=6 trials=750/2000 look=10 events_ci=[0,0.00978879] width=0.00978879 qualification=PASS stopping=exact_upper_bound_at_or_below_target
PRACH_STAT metric=missed_detection snr_db=12 trials=300/2000 look=1 events_ci=[0,0.0242926] width=0.0242926 qualification=NOT_EVALUATED stopping=confidence_interval_width_not_reached
PRACH_STAT metric=missed_detection snr_db=12 trials=500/2000 look=5 events_ci=[0,0.0146472] width=0.0146472 qualification=NOT_EVALUATED stopping=confidence_interval_width_not_reached
PRACH_STAT metric=missed_detection snr_db=12 trials=750/2000 look=10 events_ci=[0,0.00978879] width=0.00978879 qualification=PASS stopping=exact_upper_bound_at_or_below_target
[2026-08-08T09:07:09Z] INFO Strict PRACH progress: stage=strict_prach_false_alarm_sweep supplemental_completion=0.360 note=Running PRACH false-alarm noise-only sweep.
PRACH_STAT metric=false_alarm snr_db=-12 trials=3000/12000 look=1 events_ci=[0,0.00251685] width=0.00251685 qualification=NOT_EVALUATED stopping=confidence_interval_width_not_reached
PRACH_STAT metric=false_alarm snr_db=-12 trials=4000/12000 look=5 events_ci=[0,0.00188824] width=0.00188824 qualification=NOT_EVALUATED stopping=confidence_interval_width_not_reached
PRACH_STAT metric=false_alarm snr_db=-12 trials=5250/12000 look=10 events_ci=[0,0.00143898] width=0.00143898 qualification=NOT_EVALUATED stopping=confidence_interval_width_not_reached
PRACH_STAT metric=false_alarm snr_db=-12 trials=6500/12000 look=15 events_ci=[0,0.00116241] width=0.00116241 qualification=NOT_EVALUATED stopping=confidence_interval_width_not_reached
PRACH_STAT metric=false_alarm snr_db=-12 trials=7750/12000 look=20 events_ci=[0,0.000975019] width=0.000975019 qualification=PASS stopping=exact_upper_bound_at_or_below_target
PRACH_STAT metric=false_alarm snr_db=-6 trials=3000/12000 look=1 events_ci=[0,0.00251685] width=0.00251685 qualification=NOT_EVALUATED stopping=confidence_interval_width_not_reached
PRACH_STAT metric=false_alarm snr_db=-6 trials=4000/12000 look=5 events_ci=[0,0.00188824] width=0.00188824 qualification=NOT_EVALUATED stopping=confidence_interval_width_not_reached
PRACH_STAT metric=false_alarm snr_db=-6 trials=5250/12000 look=10 events_ci=[0,0.00143898] width=0.00143898 qualification=NOT_EVALUATED stopping=confidence_interval_width_not_reached
PRACH_STAT metric=false_alarm snr_db=-6 trials=6500/12000 look=15 events_ci=[0,0.00116241] width=0.00116241 qualification=NOT_EVALUATED stopping=confidence_interval_width_not_reached
PRACH_STAT metric=false_alarm snr_db=-6 trials=7750/12000 look=20 events_ci=[0,0.000975019] width=0.000975019 qualification=PASS stopping=exact_upper_bound_at_or_below_target
PRACH_STAT metric=false_alarm snr_db=0 trials=3000/12000 look=1 events_ci=[0,0.00251685] width=0.00251685 qualification=NOT_EVALUATED stopping=confidence_interval_width_not_reached
PRACH_STAT metric=false_alarm snr_db=0 trials=4000/12000 look=5 events_ci=[0,0.00188824] width=0.00188824 qualification=NOT_EVALUATED stopping=confidence_interval_width_not_reached
PRACH_STAT metric=false_alarm snr_db=0 trials=5250/12000 look=10 events_ci=[0,0.00143898] width=0.00143898 qualification=NOT_EVALUATED stopping=confidence_interval_width_not_reached
PRACH_STAT metric=false_alarm snr_db=0 trials=6500/12000 look=15 events_ci=[0,0.00116241] width=0.00116241 qualification=NOT_EVALUATED stopping=confidence_interval_width_not_reached
PRACH_STAT metric=false_alarm snr_db=0 trials=7750/12000 look=20 events_ci=[0,0.000975019] width=0.000975019 qualification=PASS stopping=exact_upper_bound_at_or_below_target
PRACH_STAT metric=false_alarm snr_db=6 trials=3000/12000 look=1 events_ci=[0,0.00251685] width=0.00251685 qualification=NOT_EVALUATED stopping=confidence_interval_width_not_reached
PRACH_STAT metric=false_alarm snr_db=6 trials=4000/12000 look=5 events_ci=[0,0.00188824] width=0.00188824 qualification=NOT_EVALUATED stopping=confidence_interval_width_not_reached
PRACH_STAT metric=false_alarm snr_db=6 trials=5250/12000 look=10 events_ci=[0,0.00143898] width=0.00143898 qualification=NOT_EVALUATED stopping=confidence_interval_width_not_reached
PRACH_STAT metric=false_alarm snr_db=6 trials=6500/12000 look=15 events_ci=[0,0.00116241] width=0.00116241 qualification=NOT_EVALUATED stopping=confidence_interval_width_not_reached
PRACH_STAT metric=false_alarm snr_db=6 trials=7750/12000 look=20 events_ci=[0,0.000975019] width=0.000975019 qualification=PASS stopping=exact_upper_bound_at_or_below_target
PRACH_STAT metric=false_alarm snr_db=12 trials=3000/12000 look=1 events_ci=[0,0.00251685] width=0.00251685 qualification=NOT_EVALUATED stopping=confidence_interval_width_not_reached
PRACH_STAT metric=false_alarm snr_db=12 trials=4000/12000 look=5 events_ci=[0,0.00188824] width=0.00188824 qualification=NOT_EVALUATED stopping=confidence_interval_width_not_reached
PRACH_STAT metric=false_alarm snr_db=12 trials=5250/12000 look=10 events_ci=[0,0.00143898] width=0.00143898 qualification=NOT_EVALUATED stopping=confidence_interval_width_not_reached
PRACH_STAT metric=false_alarm snr_db=12 trials=6500/12000 look=15 events_ci=[0,0.00116241] width=0.00116241 qualification=NOT_EVALUATED stopping=confidence_interval_width_not_reached
PRACH_STAT metric=false_alarm snr_db=12 trials=7750/12000 look=20 events_ci=[0,0.000975019] width=0.000975019 qualification=PASS stopping=exact_upper_bound_at_or_below_target
[2026-08-08T10:33:40Z] INFO Strict PRACH progress: stage=strict_prach_timing_offset_sweep supplemental_completion=0.540 note=Running PRACH timing-offset sweep.
[2026-08-08T10:33:47Z] INFO Strict PRACH progress: stage=strict_prach_frequency_offset_sweep supplemental_completion=0.660 note=Running PRACH frequency-offset and restricted-set sweep.
[2026-08-08T10:33:53Z] INFO Strict PRACH progress: stage=strict_prach_collision_trials supplemental_completion=0.780 note=Running PRACH collision and multi-preamble trials.
[2026-08-08T10:33:56Z] INFO Strict PRACH progress: stage=strict_prach_multi_occasion_trials supplemental_completion=0.860 note=Running PRACH multi-occasion RARNTI trials.
[2026-08-08T10:34:00Z] INFO Strict PRACH progress: stage=strict_prach_negative_wrong_config supplemental_completion=0.920 note=Running PRACH negative wrong-root receiver guard.
[2026-08-08T10:34:23Z] INFO Strict PRACH progress: stage=strict_prach_artifact_export supplemental_completion=0.970 note=Writing strict PRACH waveform evidence artifacts.
[2026-08-08T10:39:24Z] INFO Strict PRACH progress: stage=strict_prach_validation_complete supplemental_completion=1.000 note=Strict PRACH waveform validation completed.
[2026-08-08T10:39:30Z] INFO Running the configured same-execution PDCCH false-alarm campaign through the production PDCCH TX/channel/RX chain.                
[2026-08-08T10:43:07Z] INFO Evaluating strict SRS from active slot-runtime rows; no supplemental waveform launched.
[2026-08-08T10:43:08Z] INFO Evaluating strict TRS from active slot-runtime rows; no supplemental waveform launched.
[2026-08-08T10:43:09Z] INFO Evaluating strict PBCH/MIB/SIB1 from active slot-runtime rows; no mini-anchor launched.
[2026-08-08T10:43:09Z] INFO Running strict Channel/RF validation with evidence_scope=in_path.
[2026-08-08T10:43:31Z] INFO Refreshing MIMO nominal-vs-effective evidence from waveform-bundle raw trials.
[2026-08-08T10:43:47Z] INFO Running configured bidirectional L2 protocol component validation.
[2026-08-08T10:44:07Z] INFO Control-plane trace export complete.
[2026-08-08T10:44:07Z] INFO Runner profile completed. result.Ok=0
[2026-08-08T10:44:07Z] INFO Exporting TX/RX chain time-profile and complexity coverage artifacts.
[2026-08-08T10:44:07Z] INFO Scenario status aggregated: completion=completed_with_failures resultOk=0 requiredFailures=1 optionalPruned=0
[2026-08-08T10:44:07Z] INFO Annotating CSV artifacts.
[2026-08-08T10:49:18Z] INFO Writing scenario summary CSV.
[2026-08-08T10:49:19Z] INFO Writing runtime and environment summaries.
[2026-08-08T10:49:32Z] ERROR Run failed: MATLAB:base64encode:expectedVector | Expected input to be a vector.
[2026-08-08T10:50:29Z] INFO Writing MATLAB profiler CSV artifacts: functions=250 edges=500
[2026-08-08T10:50:34Z] INFO Recovering truthful report artifacts from persisted raw evidence after failure.
[2026-08-08T10:50:38Z] WARN Failed-run artifact recovery did not complete: MATLAB:error:badMessageArgument | A message identifier must be followed by a message that is a character vector or string scalar.
