[2026-08-09T01:51:54Z] INFO Preparing LLS run: scenario=webgui_sinr_sweep_64x4_mu_mimo_full runTag=phase24_plus20_same_chain_gate_07 runFolder=C:\Users\anup0\OneDrive\Documents\Simulator\6GR Simulator_v2_clean_main\results\lls\webgui_sinr_sweep_64x4_mu_mimo_full\phase24_plus20_same_chain_gate_07
Starting parallel pool (parpool) using the 'Processes' profile ...
Connected to parallel pool with 4 workers.
[2026-08-09T01:52:57Z] INFO MATLAB profiler enabled for this run.
[2026-08-09T01:52:58Z] INFO Artifact store active=0 backend=filesystem schema=
[2026-08-09T01:52:58Z] INFO Writing resolved snapshots.
[2026-08-09T01:53:00Z] INFO Exporting live geometry artifacts.
[2026-08-09T01:53:00Z] INFO Executing runner profile=waveform_bundle.
[2026-08-09T01:53:01Z] INFO Waveform bundle runtime tuning: policy=yaml_exact_truth_runtime notes=exact_yaml_runtime_no_auto_reduction
[2026-08-09T01:53:01Z] INFO Waveform bundle starting: snr=20.000 dB sweepPoints=1 canonicalSlots=40 monteCarlo=1 slotDuration_s=0.000500
[TR38901Plus] Resolved config: Scenario=UMa Fc_Hz=3500000000 PathlossModel=nrPathLoss ShadowSigma_dB=6 PathlossEnabled=0 ShadowEnabled=0 LOSEnabled=0
[2026-08-09T01:53:11Z] INFO Coupled canonical slot prepared: sweep=1/1 slot=1/40 duplex=DL allow_dl=1 allow_ul=0.
[2026-08-09T01:53:11Z] INFO Starting coupled pre-scheduling control gating for slot 1/40 with 4 UEs.
[2026-08-09T01:54:50Z] INFO Coupled control gating progress for slot 1/40: UE 1/4, PBCH=1 PRACH=0 SRS=0 TRS=1.
[2026-08-09T01:56:03Z] INFO Coupled control gating progress for slot 1/40: UE 2/4, PBCH=2 PRACH=0 SRS=0 TRS=1.
[2026-08-09T01:57:17Z] INFO Coupled control gating progress for slot 1/40: UE 3/4, PBCH=3 PRACH=0 SRS=0 TRS=1.
[2026-08-09T01:58:32Z] INFO Coupled control gating progress for slot 1/40: UE 4/4, PBCH=4 PRACH=0 SRS=0 TRS=1.
[2026-08-09T01:58:32Z] INFO Coupled control gating complete: slot=1 frame=1 pbch_attempts=4 prach_attempts=0 srs_attempts=0 trs_attempts=1 acquired=4/4 access=0/4 valid_srs=0/4 valid_trs_cells=1/1 tracked_serving_users=4/4 eligible=0/4.
[2026-08-09T01:58:32Z] INFO Coupled control gating complete for slot 1/40: acquired=4/4 access=0/4 valid_srs=0/4 valid_trs_cells=1/1 tracked_serving_users=4/4 eligible=0/4.
[2026-08-09T01:58:33Z] INFO DL coupled publish: operating_point 1/1 configured_label_snr_dB=20.000 ue=0/4 dlDirectionalFrames=0/40 ulDirectionalFrames=0/40 dlRows=0 ulRows=0.
[2026-08-09T01:58:33Z] INFO Coupled DL schedule complete: sweep=1/1 slot=1/40 active=0 granted=0 grants=0.
[2026-08-09T01:58:33Z] INFO Coupled DL PDCCH qualification complete: sweep=1/1 slot=1/40 executable_grants=0.
[2026-08-09T01:58:33Z] INFO Preparing coupled DL batches: sweep=1/1 slot=1/40 candidate_grants=0 batch_size=24.
[2026-08-09T01:58:35Z] INFO Coupled UL K2 preschedule complete: control_slot=1 due_slot=5 k2=4 active=0 granted=0 grants=0.
[2026-08-09T01:58:36Z] INFO Coupled canonical slot prepared: sweep=1/1 slot=2/40 duplex=DL allow_dl=1 allow_ul=0.
[2026-08-09T01:58:36Z] INFO Starting coupled pre-scheduling control gating for slot 2/40 with 4 UEs.
[2026-08-09T01:58:36Z] INFO Coupled control gating progress for slot 2/40: UE 1/4, PBCH=0 PRACH=0 SRS=0 TRS=0.
[2026-08-09T01:58:37Z] INFO Coupled control gating progress for slot 2/40: UE 2/4, PBCH=0 PRACH=0 SRS=0 TRS=0.
[2026-08-09T01:58:37Z] INFO Coupled control gating progress for slot 2/40: UE 3/4, PBCH=0 PRACH=0 SRS=0 TRS=0.
[2026-08-09T01:58:37Z] INFO Coupled control gating progress for slot 2/40: UE 4/4, PBCH=0 PRACH=0 SRS=0 TRS=0.
[2026-08-09T01:58:37Z] INFO Coupled control gating complete: slot=2 frame=1 pbch_attempts=0 prach_attempts=0 srs_attempts=0 trs_attempts=0 acquired=4/4 access=0/4 valid_srs=0/4 valid_trs_cells=1/1 tracked_serving_users=4/4 eligible=0/4.
[2026-08-09T01:58:37Z] INFO Coupled control gating complete for slot 2/40: acquired=4/4 access=0/4 valid_srs=0/4 valid_trs_cells=1/1 tracked_serving_users=4/4 eligible=0/4.
[2026-08-09T01:58:38Z] INFO DL coupled publish: operating_point 1/1 configured_label_snr_dB=20.000 ue=0/4 dlDirectionalFrames=0/40 ulDirectionalFrames=0/40 dlRows=0 ulRows=0.
[2026-08-09T01:58:38Z] INFO Coupled DL schedule complete: sweep=1/1 slot=2/40 active=0 granted=0 grants=0.
[2026-08-09T01:58:38Z] INFO Coupled DL PDCCH qualification complete: sweep=1/1 slot=2/40 executable_grants=0.
[2026-08-09T01:58:38Z] INFO Preparing coupled DL batches: sweep=1/1 slot=2/40 candidate_grants=0 batch_size=24.
[2026-08-09T01:58:38Z] INFO Coupled UL K2 preschedule deferred: control_slot=2 reason=data_timing_rejected:target_hits_fixed_opposite_direction policy=no_valid_ul_occasion_from_current_dl_control_slot.
[2026-08-09T01:58:39Z] INFO Coupled canonical slot prepared: sweep=1/1 slot=3/40 duplex=DL allow_dl=1 allow_ul=0.
[2026-08-09T01:58:39Z] INFO Starting coupled pre-scheduling control gating for slot 3/40 with 4 UEs.
[2026-08-09T01:58:39Z] INFO Coupled control gating progress for slot 3/40: UE 1/4, PBCH=0 PRACH=0 SRS=0 TRS=0.
[2026-08-09T01:58:39Z] INFO Coupled control gating progress for slot 3/40: UE 2/4, PBCH=0 PRACH=0 SRS=0 TRS=0.
[2026-08-09T01:58:40Z] INFO Coupled control gating progress for slot 3/40: UE 3/4, PBCH=0 PRACH=0 SRS=0 TRS=0.
[2026-08-09T01:58:40Z] INFO Coupled control gating progress for slot 3/40: UE 4/4, PBCH=0 PRACH=0 SRS=0 TRS=0.
[2026-08-09T01:58:40Z] INFO Coupled control gating complete: slot=3 frame=1 pbch_attempts=0 prach_attempts=0 srs_attempts=0 trs_attempts=0 acquired=4/4 access=0/4 valid_srs=0/4 valid_trs_cells=1/1 tracked_serving_users=4/4 eligible=0/4.
[2026-08-09T01:58:40Z] INFO Coupled control gating complete for slot 3/40: acquired=4/4 access=0/4 valid_srs=0/4 valid_trs_cells=1/1 tracked_serving_users=4/4 eligible=0/4.
[2026-08-09T01:58:41Z] INFO DL coupled publish: operating_point 1/1 configured_label_snr_dB=20.000 ue=0/4 dlDirectionalFrames=0/40 ulDirectionalFrames=0/40 dlRows=0 ulRows=0.
[2026-08-09T01:58:41Z] INFO Coupled DL schedule complete: sweep=1/1 slot=3/40 active=0 granted=0 grants=0.
[2026-08-09T01:58:41Z] INFO Coupled DL PDCCH qualification complete: sweep=1/1 slot=3/40 executable_grants=0.
[2026-08-09T01:58:41Z] INFO Preparing coupled DL batches: sweep=1/1 slot=3/40 candidate_grants=0 batch_size=24.
[2026-08-09T01:58:41Z] INFO Coupled UL K2 preschedule deferred: control_slot=3 reason=data_timing_rejected:target_hits_fixed_opposite_direction policy=no_valid_ul_occasion_from_current_dl_control_slot.
[2026-08-09T01:58:41Z] INFO Coupled canonical slot prepared: sweep=1/1 slot=4/40 duplex=FLEXIBLE_OR_MIXED allow_dl=1 allow_ul=1.
[2026-08-09T01:58:42Z] INFO Starting coupled pre-scheduling control gating for slot 4/40 with 4 UEs.
[2026-08-09T01:58:42Z] INFO Coupled control gating progress for slot 4/40: UE 1/4, PBCH=0 PRACH=0 SRS=0 TRS=0.
[2026-08-09T01:58:42Z] INFO Coupled control gating progress for slot 4/40: UE 2/4, PBCH=0 PRACH=0 SRS=0 TRS=0.
[2026-08-09T01:58:42Z] INFO Coupled control gating progress for slot 4/40: UE 3/4, PBCH=0 PRACH=0 SRS=0 TRS=0.
[2026-08-09T01:58:43Z] INFO Coupled control gating progress for slot 4/40: UE 4/4, PBCH=0 PRACH=0 SRS=0 TRS=0.
[2026-08-09T01:58:43Z] INFO Coupled control gating complete: slot=4 frame=1 pbch_attempts=0 prach_attempts=0 srs_attempts=0 trs_attempts=0 acquired=4/4 access=0/4 valid_srs=0/4 valid_trs_cells=1/1 tracked_serving_users=4/4 eligible=0/4.
[2026-08-09T01:58:43Z] INFO Coupled control gating complete for slot 4/40: acquired=4/4 access=0/4 valid_srs=0/4 valid_trs_cells=1/1 tracked_serving_users=4/4 eligible=0/4.
[2026-08-09T01:58:43Z] INFO DL coupled publish: operating_point 1/1 configured_label_snr_dB=20.000 ue=0/4 dlDirectionalFrames=0/40 ulDirectionalFrames=0/40 dlRows=0 ulRows=0.
[2026-08-09T01:58:43Z] INFO Coupled DL scheduling deferred: sweep=1/1 slot=4/40 reason=configured_dl_symbol_allocation_not_available_in_tdd_slot policy=no_valid_harq_ack_occasion_from_current_dl_slot.
[2026-08-09T01:58:43Z] INFO Coupled DL schedule complete: sweep=1/1 slot=4/40 active=0 granted=0 grants=0.
[2026-08-09T01:58:43Z] INFO Coupled DL PDCCH qualification complete: sweep=1/1 slot=4/40 executable_grants=0.
[2026-08-09T01:58:43Z] INFO Preparing coupled DL batches: sweep=1/1 slot=4/40 candidate_grants=0 batch_size=24.
[2026-08-09T01:58:44Z] INFO Coupled UL K2 preschedule deferred: control_slot=4 reason=data_timing_rejected:target_hits_fixed_opposite_direction policy=no_valid_ul_occasion_from_current_dl_control_slot.
[2026-08-09T01:58:44Z] INFO Coupled UL queued grant lookup complete: sweep=1/1 slot=4/40 due_grants=0 pending_grants=0.
[2026-08-09T01:58:44Z] INFO Coupled canonical slot prepared: sweep=1/1 slot=5/40 duplex=UL allow_dl=0 allow_ul=1.
[2026-08-09T01:58:44Z] INFO Starting coupled pre-scheduling control gating for slot 5/40 with 4 UEs.
[2026-08-09T01:58:44Z] INFO Coupled control gating progress for slot 5/40: UE 1/4, PBCH=0 PRACH=0 SRS=0 TRS=0.
[2026-08-09T01:58:44Z] INFO Coupled control gating progress for slot 5/40: UE 2/4, PBCH=0 PRACH=0 SRS=0 TRS=0.
[2026-08-09T01:58:45Z] INFO Coupled control gating progress for slot 5/40: UE 3/4, PBCH=0 PRACH=0 SRS=0 TRS=0.
[2026-08-09T01:58:45Z] INFO Coupled control gating progress for slot 5/40: UE 4/4, PBCH=0 PRACH=0 SRS=0 TRS=0.
[2026-08-09T01:58:45Z] INFO Coupled control gating complete: slot=5 frame=1 pbch_attempts=0 prach_attempts=0 srs_attempts=0 trs_attempts=0 acquired=4/4 access=0/4 valid_srs=0/4 valid_trs_cells=1/1 tracked_serving_users=4/4 eligible=0/4.
[2026-08-09T01:58:45Z] INFO Coupled control gating complete for slot 5/40: acquired=4/4 access=0/4 valid_srs=0/4 valid_trs_cells=1/1 tracked_serving_users=4/4 eligible=0/4.
[2026-08-09T01:58:46Z] INFO UL coupled publish: operating_point 1/1 configured_label_snr_dB=20.000 ue=0/4 dlDirectionalFrames=0/40 ulDirectionalFrames=0/40 dlRows=0 ulRows=0.
[2026-08-09T01:58:46Z] INFO Coupled UL queued grant lookup complete: sweep=1/1 slot=5/40 due_grants=0 pending_grants=0.
[2026-08-09T01:58:46Z] INFO Coupled canonical slot prepared: sweep=1/1 slot=6/40 duplex=DL allow_dl=1 allow_ul=0.
[2026-08-09T01:58:46Z] INFO Starting coupled pre-scheduling control gating for slot 6/40 with 4 UEs.
[2026-08-09T01:58:46Z] INFO Coupled control gating progress for slot 6/40: UE 1/4, PBCH=0 PRACH=0 SRS=0 TRS=0.
[2026-08-09T01:58:47Z] INFO Coupled control gating progress for slot 6/40: UE 2/4, PBCH=0 PRACH=0 SRS=0 TRS=0.
[2026-08-09T01:58:47Z] INFO Coupled control gating progress for slot 6/40: UE 3/4, PBCH=0 PRACH=0 SRS=0 TRS=0.
[2026-08-09T01:58:47Z] INFO Coupled control gating progress for slot 6/40: UE 4/4, PBCH=0 PRACH=0 SRS=0 TRS=0.
[2026-08-09T01:58:47Z] INFO Coupled control gating complete: slot=6 frame=1 pbch_attempts=0 prach_attempts=0 srs_attempts=0 trs_attempts=0 acquired=4/4 access=0/4 valid_srs=0/4 valid_trs_cells=1/1 tracked_serving_users=4/4 eligible=0/4.
[2026-08-09T01:58:47Z] INFO Coupled control gating complete for slot 6/40: acquired=4/4 access=0/4 valid_srs=0/4 valid_trs_cells=1/1 tracked_serving_users=4/4 eligible=0/4.
[2026-08-09T01:58:48Z] INFO DL coupled publish: operating_point 1/1 configured_label_snr_dB=20.000 ue=0/4 dlDirectionalFrames=0/40 ulDirectionalFrames=0/40 dlRows=0 ulRows=0.
[2026-08-09T01:58:48Z] INFO Coupled DL schedule complete: sweep=1/1 slot=6/40 active=0 granted=0 grants=0.
[2026-08-09T01:58:48Z] INFO Coupled DL PDCCH qualification complete: sweep=1/1 slot=6/40 executable_grants=0.
[2026-08-09T01:58:48Z] INFO Preparing coupled DL batches: sweep=1/1 slot=6/40 candidate_grants=0 batch_size=24.
[2026-08-09T01:58:49Z] INFO Coupled UL K2 preschedule complete: control_slot=6 due_slot=10 k2=4 active=0 granted=0 grants=0.
[2026-08-09T01:58:49Z] INFO Coupled canonical slot prepared: sweep=1/1 slot=7/40 duplex=DL allow_dl=1 allow_ul=0.
[2026-08-09T01:58:49Z] INFO Starting coupled pre-scheduling control gating for slot 7/40 with 4 UEs.
[2026-08-09T01:58:49Z] INFO Coupled control gating progress for slot 7/40: UE 1/4, PBCH=0 PRACH=0 SRS=0 TRS=0.
[2026-08-09T01:58:49Z] INFO Coupled control gating progress for slot 7/40: UE 2/4, PBCH=0 PRACH=0 SRS=0 TRS=0.
[2026-08-09T01:58:49Z] INFO Coupled control gating progress for slot 7/40: UE 3/4, PBCH=0 PRACH=0 SRS=0 TRS=0.
[2026-08-09T01:58:50Z] INFO Coupled control gating progress for slot 7/40: UE 4/4, PBCH=0 PRACH=0 SRS=0 TRS=0.
[2026-08-09T01:58:50Z] INFO Coupled control gating complete: slot=7 frame=1 pbch_attempts=0 prach_attempts=0 srs_attempts=0 trs_attempts=0 acquired=4/4 access=0/4 valid_srs=0/4 valid_trs_cells=1/1 tracked_serving_users=4/4 eligible=0/4.
[2026-08-09T01:58:50Z] INFO Coupled control gating complete for slot 7/40: acquired=4/4 access=0/4 valid_srs=0/4 valid_trs_cells=1/1 tracked_serving_users=4/4 eligible=0/4.
[2026-08-09T01:58:50Z] INFO DL coupled publish: operating_point 1/1 configured_label_snr_dB=20.000 ue=0/4 dlDirectionalFrames=0/40 ulDirectionalFrames=0/40 dlRows=0 ulRows=0.
[2026-08-09T01:58:50Z] INFO Coupled DL schedule complete: sweep=1/1 slot=7/40 active=0 granted=0 grants=0.
[2026-08-09T01:58:50Z] INFO Coupled DL PDCCH qualification complete: sweep=1/1 slot=7/40 executable_grants=0.
[2026-08-09T01:58:50Z] INFO Preparing coupled DL batches: sweep=1/1 slot=7/40 candidate_grants=0 batch_size=24.
[2026-08-09T01:58:50Z] INFO Coupled UL K2 preschedule deferred: control_slot=7 reason=data_timing_rejected:target_hits_fixed_opposite_direction policy=no_valid_ul_occasion_from_current_dl_control_slot.
[2026-08-09T01:58:50Z] INFO Coupled canonical slot prepared: sweep=1/1 slot=8/40 duplex=DL allow_dl=1 allow_ul=0.
[2026-08-09T01:58:50Z] INFO Starting coupled pre-scheduling control gating for slot 8/40 with 4 UEs.
[2026-08-09T01:58:51Z] INFO Coupled control gating progress for slot 8/40: UE 1/4, PBCH=0 PRACH=0 SRS=0 TRS=0.
[2026-08-09T01:58:51Z] INFO Coupled control gating progress for slot 8/40: UE 2/4, PBCH=0 PRACH=0 SRS=0 TRS=0.
[2026-08-09T01:58:51Z] INFO Coupled control gating progress for slot 8/40: UE 3/4, PBCH=0 PRACH=0 SRS=0 TRS=0.
[2026-08-09T01:58:52Z] INFO Coupled control gating progress for slot 8/40: UE 4/4, PBCH=0 PRACH=0 SRS=0 TRS=0.
[2026-08-09T01:58:52Z] INFO Coupled control gating complete: slot=8 frame=1 pbch_attempts=0 prach_attempts=0 srs_attempts=0 trs_attempts=0 acquired=4/4 access=0/4 valid_srs=0/4 valid_trs_cells=1/1 tracked_serving_users=4/4 eligible=0/4.
[2026-08-09T01:58:52Z] INFO Coupled control gating complete for slot 8/40: acquired=4/4 access=0/4 valid_srs=0/4 valid_trs_cells=1/1 tracked_serving_users=4/4 eligible=0/4.
[2026-08-09T01:58:52Z] INFO DL coupled publish: operating_point 1/1 configured_label_snr_dB=20.000 ue=0/4 dlDirectionalFrames=0/40 ulDirectionalFrames=0/40 dlRows=0 ulRows=0.
[2026-08-09T01:58:53Z] INFO Coupled DL schedule complete: sweep=1/1 slot=8/40 active=0 granted=0 grants=0.
[2026-08-09T01:58:53Z] INFO Coupled DL PDCCH qualification complete: sweep=1/1 slot=8/40 executable_grants=0.
[2026-08-09T01:58:53Z] INFO Preparing coupled DL batches: sweep=1/1 slot=8/40 candidate_grants=0 batch_size=24.
[2026-08-09T01:58:53Z] INFO Coupled UL K2 preschedule deferred: control_slot=8 reason=data_timing_rejected:target_hits_fixed_opposite_direction policy=no_valid_ul_occasion_from_current_dl_control_slot.
[2026-08-09T01:58:53Z] INFO Coupled canonical slot prepared: sweep=1/1 slot=9/40 duplex=FLEXIBLE_OR_MIXED allow_dl=1 allow_ul=1.
[2026-08-09T01:58:53Z] INFO Starting coupled pre-scheduling control gating for slot 9/40 with 4 UEs.
[2026-08-09T01:58:53Z] INFO Coupled control gating progress for slot 9/40: UE 1/4, PBCH=0 PRACH=0 SRS=0 TRS=0.
[2026-08-09T01:58:53Z] INFO Coupled control gating progress for slot 9/40: UE 2/4, PBCH=0 PRACH=0 SRS=0 TRS=0.
[2026-08-09T01:58:54Z] INFO Coupled control gating progress for slot 9/40: UE 3/4, PBCH=0 PRACH=0 SRS=0 TRS=0.
[2026-08-09T01:58:54Z] INFO Coupled control gating progress for slot 9/40: UE 4/4, PBCH=0 PRACH=0 SRS=0 TRS=0.
[2026-08-09T01:58:54Z] INFO Coupled control gating complete: slot=9 frame=1 pbch_attempts=0 prach_attempts=0 srs_attempts=0 trs_attempts=0 acquired=4/4 access=0/4 valid_srs=0/4 valid_trs_cells=1/1 tracked_serving_users=4/4 eligible=0/4.
[2026-08-09T01:58:54Z] INFO Coupled control gating complete for slot 9/40: acquired=4/4 access=0/4 valid_srs=0/4 valid_trs_cells=1/1 tracked_serving_users=4/4 eligible=0/4.
[2026-08-09T01:58:55Z] INFO DL coupled publish: operating_point 1/1 configured_label_snr_dB=20.000 ue=0/4 dlDirectionalFrames=0/40 ulDirectionalFrames=0/40 dlRows=0 ulRows=0.
[2026-08-09T01:58:55Z] INFO Coupled DL scheduling deferred: sweep=1/1 slot=9/40 reason=configured_dl_symbol_allocation_not_available_in_tdd_slot policy=no_valid_harq_ack_occasion_from_current_dl_slot.
[2026-08-09T01:58:55Z] INFO Coupled DL schedule complete: sweep=1/1 slot=9/40 active=0 granted=0 grants=0.
[2026-08-09T01:58:55Z] INFO Coupled DL PDCCH qualification complete: sweep=1/1 slot=9/40 executable_grants=0.
[2026-08-09T01:58:55Z] INFO Preparing coupled DL batches: sweep=1/1 slot=9/40 candidate_grants=0 batch_size=24.
[2026-08-09T01:58:55Z] INFO Coupled UL K2 preschedule deferred: control_slot=9 reason=data_timing_rejected:target_hits_fixed_opposite_direction policy=no_valid_ul_occasion_from_current_dl_control_slot.
[2026-08-09T01:58:55Z] INFO Coupled UL queued grant lookup complete: sweep=1/1 slot=9/40 due_grants=0 pending_grants=0.
[2026-08-09T01:58:55Z] INFO Coupled canonical slot prepared: sweep=1/1 slot=10/40 duplex=UL allow_dl=0 allow_ul=1.
[2026-08-09T01:58:55Z] INFO Starting coupled pre-scheduling control gating for slot 10/40 with 4 UEs.
[2026-08-09T02:01:07Z] INFO Coupled PRACH result: slot=10 ue=1 status=PASS crc=1 ra_completed=true strict_ok=true tx_preamble=0 detected_preamble=0 failure=.
[2026-08-09T02:01:07Z] INFO Coupled PRACH RA PDSCH evidence: slot=10 ue=1 msg2_crc=1 msg2_layers=1 msg2_cfg_ports=1 msg2_resolved_ports=1 msg2_explicit_matrix=false msg2_precoding=siso_identity/ra_si_common_procedure_identity msg2_tx_power_dBm=46 msg2_amp_scale=49722 msg2_timing_used=false msg2_timing=0 msg2_posteq_sinr_dB=38 msg2_hest_sinr_dB=38 msg2_llr_finite=true msg4_crc=1 msg4_layers=1 msg4_cfg_ports=1 msg4_resolved_ports=1 msg4_tx_power_dBm=46 msg4_amp_scale=50099.
[2026-08-09T02:01:08Z] INFO Coupled control gating progress for slot 10/40: UE 1/4, PBCH=0 PRACH=1 SRS=0 TRS=0.
[2026-08-09T02:03:08Z] INFO Coupled PRACH result: slot=10 ue=2 status=PASS crc=1 ra_completed=true strict_ok=true tx_preamble=1 detected_preamble=1 failure=.
[2026-08-09T02:03:08Z] INFO Coupled PRACH RA PDSCH evidence: slot=10 ue=2 msg2_crc=1 msg2_layers=1 msg2_cfg_ports=1 msg2_resolved_ports=1 msg2_explicit_matrix=false msg2_precoding=siso_identity/ra_si_common_procedure_identity msg2_tx_power_dBm=46 msg2_amp_scale=49878 msg2_timing_used=false msg2_timing=0 msg2_posteq_sinr_dB=38 msg2_hest_sinr_dB=38 msg2_llr_finite=true msg4_crc=1 msg4_layers=1 msg4_cfg_ports=1 msg4_resolved_ports=1 msg4_tx_power_dBm=46 msg4_amp_scale=50099.
[2026-08-09T02:03:09Z] INFO Coupled control gating progress for slot 10/40: UE 2/4, PBCH=0 PRACH=2 SRS=0 TRS=0.
[2026-08-09T02:05:09Z] INFO Coupled PRACH result: slot=10 ue=3 status=PASS crc=1 ra_completed=true strict_ok=true tx_preamble=2 detected_preamble=2 failure=.
[2026-08-09T02:05:09Z] INFO Coupled PRACH RA PDSCH evidence: slot=10 ue=3 msg2_crc=1 msg2_layers=1 msg2_cfg_ports=1 msg2_resolved_ports=1 msg2_explicit_matrix=false msg2_precoding=siso_identity/ra_si_common_procedure_identity msg2_tx_power_dBm=46 msg2_amp_scale=49894 msg2_timing_used=false msg2_timing=0 msg2_posteq_sinr_dB=38 msg2_hest_sinr_dB=38 msg2_llr_finite=true msg4_crc=1 msg4_layers=1 msg4_cfg_ports=1 msg4_resolved_ports=1 msg4_tx_power_dBm=46 msg4_amp_scale=50099.
[2026-08-09T02:05:09Z] INFO Coupled control gating progress for slot 10/40: UE 3/4, PBCH=0 PRACH=3 SRS=0 TRS=0.
[2026-08-09T02:07:09Z] INFO Coupled PRACH result: slot=10 ue=4 status=PASS crc=1 ra_completed=true strict_ok=true tx_preamble=3 detected_preamble=3 failure=.
[2026-08-09T02:07:09Z] INFO Coupled PRACH RA PDSCH evidence: slot=10 ue=4 msg2_crc=1 msg2_layers=1 msg2_cfg_ports=1 msg2_resolved_ports=1 msg2_explicit_matrix=false msg2_precoding=siso_identity/ra_si_common_procedure_identity msg2_tx_power_dBm=46 msg2_amp_scale=49779 msg2_timing_used=false msg2_timing=0 msg2_posteq_sinr_dB=37 msg2_hest_sinr_dB=37 msg2_llr_finite=true msg4_crc=1 msg4_layers=1 msg4_cfg_ports=1 msg4_resolved_ports=1 msg4_tx_power_dBm=46 msg4_amp_scale=50099.
[2026-08-09T02:07:09Z] INFO Coupled control gating progress for slot 10/40: UE 4/4, PBCH=0 PRACH=4 SRS=0 TRS=0.
[2026-08-09T02:07:10Z] INFO Coupled control gating complete: slot=10 frame=1 pbch_attempts=0 prach_attempts=4 srs_attempts=0 trs_attempts=0 acquired=4/4 access=4/4 valid_srs=0/4 valid_trs_cells=1/1 tracked_serving_users=4/4 eligible=0/4.
[2026-08-09T02:07:10Z] INFO Coupled control gating complete for slot 10/40: acquired=4/4 access=4/4 valid_srs=0/4 valid_trs_cells=1/1 tracked_serving_users=4/4 eligible=0/4.
[2026-08-09T02:07:10Z] INFO UL coupled publish: operating_point 1/1 configured_label_snr_dB=20.000 ue=0/4 dlDirectionalFrames=0/40 ulDirectionalFrames=0/40 dlRows=0 ulRows=0.
[2026-08-09T02:07:10Z] INFO Coupled UL queued grant lookup complete: sweep=1/1 slot=10/40 due_grants=0 pending_grants=0.
[2026-08-09T02:07:11Z] INFO Coupled canonical slot prepared: sweep=1/1 slot=11/40 duplex=DL allow_dl=1 allow_ul=0.
[2026-08-09T02:07:11Z] INFO Starting coupled pre-scheduling control gating for slot 11/40 with 4 UEs.
[2026-08-09T02:07:11Z] INFO Coupled control gating progress for slot 11/40: UE 1/4, PBCH=0 PRACH=0 SRS=0 TRS=0.
[2026-08-09T02:07:11Z] INFO Coupled control gating progress for slot 11/40: UE 2/4, PBCH=0 PRACH=0 SRS=0 TRS=0.
[2026-08-09T02:07:11Z] INFO Coupled control gating progress for slot 11/40: UE 3/4, PBCH=0 PRACH=0 SRS=0 TRS=0.
[2026-08-09T02:07:12Z] INFO Coupled control gating progress for slot 11/40: UE 4/4, PBCH=0 PRACH=0 SRS=0 TRS=0.
[2026-08-09T02:07:12Z] INFO Coupled control gating complete: slot=11 frame=1 pbch_attempts=0 prach_attempts=0 srs_attempts=0 trs_attempts=0 acquired=4/4 access=4/4 valid_srs=0/4 valid_trs_cells=1/1 tracked_serving_users=4/4 eligible=0/4.
[2026-08-09T02:07:12Z] INFO Coupled control gating complete for slot 11/40: acquired=4/4 access=4/4 valid_srs=0/4 valid_trs_cells=1/1 tracked_serving_users=4/4 eligible=0/4.
[2026-08-09T02:07:12Z] INFO DL coupled publish: operating_point 1/1 configured_label_snr_dB=20.000 ue=0/4 dlDirectionalFrames=0/40 ulDirectionalFrames=0/40 dlRows=0 ulRows=0.
[2026-08-09T02:07:12Z] INFO Coupled DL schedule complete: sweep=1/1 slot=11/40 active=0 granted=0 grants=0.
[2026-08-09T02:07:12Z] INFO Coupled DL PDCCH qualification complete: sweep=1/1 slot=11/40 executable_grants=0.
[2026-08-09T02:07:12Z] INFO Preparing coupled DL batches: sweep=1/1 slot=11/40 candidate_grants=0 batch_size=24.
[2026-08-09T02:07:13Z] INFO Coupled UL K2 preschedule complete: control_slot=11 due_slot=15 k2=4 active=0 granted=0 grants=0.
[2026-08-09T02:07:13Z] INFO Coupled canonical slot prepared: sweep=1/1 slot=12/40 duplex=DL allow_dl=1 allow_ul=0.
[2026-08-09T02:07:13Z] INFO Starting coupled pre-scheduling control gating for slot 12/40 with 4 UEs.
[2026-08-09T02:07:13Z] INFO Coupled control gating progress for slot 12/40: UE 1/4, PBCH=0 PRACH=0 SRS=0 TRS=0.
[2026-08-09T02:07:13Z] INFO Coupled control gating progress for slot 12/40: UE 2/4, PBCH=0 PRACH=0 SRS=0 TRS=0.
[2026-08-09T02:07:14Z] INFO Coupled control gating progress for slot 12/40: UE 3/4, PBCH=0 PRACH=0 SRS=0 TRS=0.
[2026-08-09T02:07:14Z] INFO Coupled control gating progress for slot 12/40: UE 4/4, PBCH=0 PRACH=0 SRS=0 TRS=0.
[2026-08-09T02:07:14Z] INFO Coupled control gating complete: slot=12 frame=1 pbch_attempts=0 prach_attempts=0 srs_attempts=0 trs_attempts=0 acquired=4/4 access=4/4 valid_srs=0/4 valid_trs_cells=1/1 tracked_serving_users=4/4 eligible=0/4.
[2026-08-09T02:07:14Z] INFO Coupled control gating complete for slot 12/40: acquired=4/4 access=4/4 valid_srs=0/4 valid_trs_cells=1/1 tracked_serving_users=4/4 eligible=0/4.
[2026-08-09T02:07:15Z] INFO DL coupled publish: operating_point 1/1 configured_label_snr_dB=20.000 ue=0/4 dlDirectionalFrames=0/40 ulDirectionalFrames=0/40 dlRows=0 ulRows=0.
[2026-08-09T02:07:15Z] INFO Coupled DL schedule complete: sweep=1/1 slot=12/40 active=0 granted=0 grants=0.
[2026-08-09T02:07:15Z] INFO Coupled DL PDCCH qualification complete: sweep=1/1 slot=12/40 executable_grants=0.
[2026-08-09T02:07:15Z] INFO Preparing coupled DL batches: sweep=1/1 slot=12/40 candidate_grants=0 batch_size=24.
[2026-08-09T02:07:15Z] INFO Coupled UL K2 preschedule deferred: control_slot=12 reason=data_timing_rejected:target_hits_fixed_opposite_direction policy=no_valid_ul_occasion_from_current_dl_control_slot.
[2026-08-09T02:07:15Z] INFO Coupled canonical slot prepared: sweep=1/1 slot=13/40 duplex=DL allow_dl=1 allow_ul=0.
[2026-08-09T02:07:15Z] INFO Starting coupled pre-scheduling control gating for slot 13/40 with 4 UEs.
[2026-08-09T02:07:15Z] INFO Coupled control gating progress for slot 13/40: UE 1/4, PBCH=0 PRACH=0 SRS=0 TRS=0.
[2026-08-09T02:07:16Z] INFO Coupled control gating progress for slot 13/40: UE 2/4, PBCH=0 PRACH=0 SRS=0 TRS=0.
[2026-08-09T02:07:16Z] INFO Coupled control gating progress for slot 13/40: UE 3/4, PBCH=0 PRACH=0 SRS=0 TRS=0.
[2026-08-09T02:07:16Z] INFO Coupled control gating progress for slot 13/40: UE 4/4, PBCH=0 PRACH=0 SRS=0 TRS=0.
[2026-08-09T02:07:16Z] INFO Coupled control gating complete: slot=13 frame=1 pbch_attempts=0 prach_attempts=0 srs_attempts=0 trs_attempts=0 acquired=4/4 access=4/4 valid_srs=0/4 valid_trs_cells=1/1 tracked_serving_users=4/4 eligible=0/4.
[2026-08-09T02:07:16Z] INFO Coupled control gating complete for slot 13/40: acquired=4/4 access=4/4 valid_srs=0/4 valid_trs_cells=1/1 tracked_serving_users=4/4 eligible=0/4.
[2026-08-09T02:07:17Z] INFO DL coupled publish: operating_point 1/1 configured_label_snr_dB=20.000 ue=0/4 dlDirectionalFrames=0/40 ulDirectionalFrames=0/40 dlRows=0 ulRows=0.
[2026-08-09T02:07:17Z] INFO Coupled DL schedule complete: sweep=1/1 slot=13/40 active=0 granted=0 grants=0.
[2026-08-09T02:07:17Z] INFO Coupled DL PDCCH qualification complete: sweep=1/1 slot=13/40 executable_grants=0.
[2026-08-09T02:07:17Z] INFO Preparing coupled DL batches: sweep=1/1 slot=13/40 candidate_grants=0 batch_size=24.
[2026-08-09T02:07:17Z] INFO Coupled UL K2 preschedule deferred: control_slot=13 reason=data_timing_rejected:target_hits_fixed_opposite_direction policy=no_valid_ul_occasion_from_current_dl_control_slot.
[2026-08-09T02:07:17Z] INFO Coupled canonical slot prepared: sweep=1/1 slot=14/40 duplex=FLEXIBLE_OR_MIXED allow_dl=1 allow_ul=1.
[2026-08-09T02:07:17Z] INFO Starting coupled pre-scheduling control gating for slot 14/40 with 4 UEs.
[2026-08-09T02:07:17Z] INFO Coupled control gating progress for slot 14/40: UE 1/4, PBCH=0 PRACH=0 SRS=0 TRS=0.
[2026-08-09T02:07:18Z] INFO Coupled control gating progress for slot 14/40: UE 2/4, PBCH=0 PRACH=0 SRS=0 TRS=0.
[2026-08-09T02:07:18Z] INFO Coupled control gating progress for slot 14/40: UE 3/4, PBCH=0 PRACH=0 SRS=0 TRS=0.
[2026-08-09T02:07:18Z] INFO Coupled control gating progress for slot 14/40: UE 4/4, PBCH=0 PRACH=0 SRS=0 TRS=0.
[2026-08-09T02:07:18Z] INFO Coupled control gating complete: slot=14 frame=1 pbch_attempts=0 prach_attempts=0 srs_attempts=0 trs_attempts=0 acquired=4/4 access=4/4 valid_srs=0/4 valid_trs_cells=1/1 tracked_serving_users=4/4 eligible=0/4.
[2026-08-09T02:07:18Z] INFO Coupled control gating complete for slot 14/40: acquired=4/4 access=4/4 valid_srs=0/4 valid_trs_cells=1/1 tracked_serving_users=4/4 eligible=0/4.
[2026-08-09T02:07:19Z] INFO DL coupled publish: operating_point 1/1 configured_label_snr_dB=20.000 ue=0/4 dlDirectionalFrames=0/40 ulDirectionalFrames=0/40 dlRows=0 ulRows=0.
[2026-08-09T02:07:19Z] INFO Coupled DL scheduling deferred: sweep=1/1 slot=14/40 reason=configured_dl_symbol_allocation_not_available_in_tdd_slot policy=no_valid_harq_ack_occasion_from_current_dl_slot.
[2026-08-09T02:07:19Z] INFO Coupled DL schedule complete: sweep=1/1 slot=14/40 active=0 granted=0 grants=0.
[2026-08-09T02:07:19Z] INFO Coupled DL PDCCH qualification complete: sweep=1/1 slot=14/40 executable_grants=0.
[2026-08-09T02:07:19Z] INFO Preparing coupled DL batches: sweep=1/1 slot=14/40 candidate_grants=0 batch_size=24.
[2026-08-09T02:07:19Z] INFO Coupled UL K2 preschedule deferred: control_slot=14 reason=data_timing_rejected:target_hits_fixed_opposite_direction policy=no_valid_ul_occasion_from_current_dl_control_slot.
[2026-08-09T02:07:19Z] INFO Coupled UL queued grant lookup complete: sweep=1/1 slot=14/40 due_grants=0 pending_grants=0.
[2026-08-09T02:07:19Z] INFO Coupled canonical slot prepared: sweep=1/1 slot=15/40 duplex=UL allow_dl=0 allow_ul=1.
[2026-08-09T02:07:19Z] INFO Starting coupled pre-scheduling control gating for slot 15/40 with 4 UEs.
[2026-08-09T02:07:40Z] INFO Coupled control gating progress for slot 15/40: UE 1/4, PBCH=0 PRACH=0 SRS=1 TRS=0.
[2026-08-09T02:08:01Z] INFO Coupled control gating progress for slot 15/40: UE 2/4, PBCH=0 PRACH=0 SRS=2 TRS=0.
[2026-08-09T02:08:21Z] INFO Coupled control gating progress for slot 15/40: UE 3/4, PBCH=0 PRACH=0 SRS=3 TRS=0.
[2026-08-09T02:08:40Z] INFO Coupled control gating progress for slot 15/40: UE 4/4, PBCH=0 PRACH=0 SRS=4 TRS=0.
[2026-08-09T02:08:40Z] INFO Coupled control gating complete: slot=15 frame=1 pbch_attempts=0 prach_attempts=0 srs_attempts=4 trs_attempts=0 acquired=4/4 access=4/4 valid_srs=4/4 valid_trs_cells=1/1 tracked_serving_users=4/4 eligible=4/4.
[2026-08-09T02:08:40Z] INFO Coupled control gating complete for slot 15/40: acquired=4/4 access=4/4 valid_srs=4/4 valid_trs_cells=1/1 tracked_serving_users=4/4 eligible=4/4.
[2026-08-09T02:08:40Z] INFO UL coupled publish: operating_point 1/1 configured_label_snr_dB=20.000 ue=0/4 dlDirectionalFrames=0/40 ulDirectionalFrames=0/40 dlRows=0 ulRows=0.
[2026-08-09T02:08:40Z] INFO Coupled UL queued grant lookup complete: sweep=1/1 slot=15/40 due_grants=0 pending_grants=0.
[2026-08-09T02:08:41Z] INFO Coupled canonical slot prepared: sweep=1/1 slot=16/40 duplex=DL allow_dl=1 allow_ul=0.
[2026-08-09T02:08:41Z] INFO Starting coupled pre-scheduling control gating for slot 16/40 with 4 UEs.
[2026-08-09T02:08:41Z] INFO Coupled control gating progress for slot 16/40: UE 1/4, PBCH=0 PRACH=0 SRS=0 TRS=0.
[2026-08-09T02:08:41Z] INFO Coupled control gating progress for slot 16/40: UE 2/4, PBCH=0 PRACH=0 SRS=0 TRS=0.
[2026-08-09T02:08:42Z] INFO Coupled control gating progress for slot 16/40: UE 3/4, PBCH=0 PRACH=0 SRS=0 TRS=0.
[2026-08-09T02:08:42Z] INFO Coupled control gating progress for slot 16/40: UE 4/4, PBCH=0 PRACH=0 SRS=0 TRS=0.
[2026-08-09T02:08:42Z] INFO Coupled control gating complete: slot=16 frame=1 pbch_attempts=0 prach_attempts=0 srs_attempts=0 trs_attempts=0 acquired=4/4 access=4/4 valid_srs=4/4 valid_trs_cells=1/1 tracked_serving_users=4/4 eligible=4/4.
[2026-08-09T02:08:42Z] INFO Coupled control gating complete for slot 16/40: acquired=4/4 access=4/4 valid_srs=4/4 valid_trs_cells=1/1 tracked_serving_users=4/4 eligible=4/4.
[2026-08-09T02:08:43Z] INFO DL coupled publish: operating_point 1/1 configured_label_snr_dB=20.000 ue=0/4 dlDirectionalFrames=0/40 ulDirectionalFrames=0/40 dlRows=0 ulRows=0.
[2026-08-09T02:08:50Z] INFO Coupled DL schedule complete: sweep=1/1 slot=16/40 active=4 granted=2 grants=2.
[2026-08-09T02:08:54Z] INFO Coupled DL PDCCH grant binding: ue=1 required=1 ok=1 status=bound failure= dci=f5f5689b6bbcd77c8e6a12ea6ce7983e2c4000217ed157a128cc71cec1dbbd6f grant_ss=1 observed_ss=1 bound_ss=1 grant_coreset=0 observed_coreset=0 bound_coreset=0.
[2026-08-09T02:08:59Z] INFO Coupled DL PDCCH grant binding: ue=2 required=1 ok=1 status=bound failure= dci=f5f5689b6bbcd77c8e6a12ea6ce7983e2c4000217ed157a128cc71cec1dbbd6f grant_ss=1 observed_ss=1 bound_ss=1 grant_coreset=0 observed_coreset=0 bound_coreset=0.
[2026-08-09T02:08:59Z] INFO Coupled DL PDCCH qualification complete: sweep=1/1 slot=16/40 executable_grants=2.
[2026-08-09T02:08:59Z] INFO Preparing coupled DL batches: sweep=1/1 slot=16/40 candidate_grants=2 batch_size=24.
[2026-08-09T02:08:59Z] INFO Preparing coupled DL resolved grant cache: candidate_grants=2.
[2026-08-09T02:10:16Z] INFO Prepared coupled DL resolved grant cache entries: 2/2.
[2026-08-09T02:11:24Z] INFO Prepared coupled DL resolved grant cache complete: entries=2 elapsed_s=145.433.
[2026-08-09T02:11:27Z] INFO Prepared coupled DL chunk: sweep=1/1 slot=16/40 executable_plans=2 chunk=1-2 of 2.
[2026-08-09T02:11:27Z] INFO Executing coupled DL chunk: sweep=1/1 slot=16/40 chunk=1-2 of 2.
[2026-08-09T02:11:28Z] INFO Executing coupled DL grant chunk serially: plans=2 reason=parallel_safety_or_pool_unavailable.
[2026-08-09T02:14:19Z] INFO Publishing coupled DL chunk results: sweep=1/1 slot=16/40 committed_rows=2 current_primary_rows=2.
[2026-08-09T02:14:20Z] INFO DL coupled publish: operating_point 1/1 configured_label_snr_dB=20.000 ue=2/4 dlDirectionalFrames=1/40 ulDirectionalFrames=0/40 dlRows=2 ulRows=0.
[2026-08-09T02:14:24Z] INFO Coupled UL K2 preschedule complete: control_slot=16 due_slot=20 k2=4 active=4 granted=2 grants=2.
[2026-08-09T02:14:28Z] INFO Coupled UL PDCCH grant binding: ue=1 required=1 ok=1 status=bound failure= dci=d79fe85a3225d27c01aefe3c1882cc939f607a77d2b40238eb7cdf074a171420 grant_ss=1 observed_ss=1 bound_ss=1 grant_coreset=0 observed_coreset=0 bound_coreset=0.
[2026-08-09T02:14:31Z] INFO Coupled UL PDCCH grant binding: ue=2 required=1 ok=1 status=bound failure= dci=d79fe85a3225d27c01aefe3c1882cc939f607a77d2b40238eb7cdf074a171420 grant_ss=1 observed_ss=1 bound_ss=1 grant_coreset=0 observed_coreset=0 bound_coreset=0.
[2026-08-09T02:14:31Z] INFO Queued coupled UL grants after K2 PDCCH qualification: control_slot=16 due_slot=20 executable_grants=2 pending_total=2.
[2026-08-09T02:14:32Z] INFO Coupled canonical slot prepared: sweep=1/1 slot=17/40 duplex=DL allow_dl=1 allow_ul=0.
[2026-08-09T02:14:32Z] INFO Starting coupled pre-scheduling control gating for slot 17/40 with 4 UEs.
[2026-08-09T02:14:32Z] INFO Coupled control gating progress for slot 17/40: UE 1/4, PBCH=0 PRACH=0 SRS=0 TRS=0.
[2026-08-09T02:14:32Z] INFO Coupled control gating progress for slot 17/40: UE 2/4, PBCH=0 PRACH=0 SRS=0 TRS=0.
[2026-08-09T02:14:33Z] INFO Coupled control gating progress for slot 17/40: UE 3/4, PBCH=0 PRACH=0 SRS=0 TRS=0.
[2026-08-09T02:14:33Z] INFO Coupled control gating progress for slot 17/40: UE 4/4, PBCH=0 PRACH=0 SRS=0 TRS=0.
[2026-08-09T02:14:33Z] INFO Coupled control gating complete: slot=17 frame=1 pbch_attempts=0 prach_attempts=0 srs_attempts=0 trs_attempts=0 acquired=4/4 access=4/4 valid_srs=4/4 valid_trs_cells=1/1 tracked_serving_users=4/4 eligible=4/4.
[2026-08-09T02:14:33Z] INFO Coupled control gating complete for slot 17/40: acquired=4/4 access=4/4 valid_srs=4/4 valid_trs_cells=1/1 tracked_serving_users=4/4 eligible=4/4.
[2026-08-09T02:14:34Z] INFO DL coupled publish: operating_point 1/1 configured_label_snr_dB=20.000 ue=0/4 dlDirectionalFrames=1/40 ulDirectionalFrames=0/40 dlRows=2 ulRows=0.
[2026-08-09T02:14:35Z] INFO Coupled DL schedule complete: sweep=1/1 slot=17/40 active=4 granted=2 grants=2.
[2026-08-09T02:14:39Z] INFO Coupled DL PDCCH grant binding: ue=3 required=1 ok=1 status=bound failure= dci=2114e040b1ab44bab1c8ba294adfd0962d9d0be18d872be8fbecf91fd90f7239 grant_ss=1 observed_ss=1 bound_ss=1 grant_coreset=0 observed_coreset=0 bound_coreset=0.
[2026-08-09T02:14:42Z] INFO Coupled DL PDCCH grant binding: ue=4 required=1 ok=1 status=bound failure= dci=2114e040b1ab44bab1c8ba294adfd0962d9d0be18d872be8fbecf91fd90f7239 grant_ss=1 observed_ss=1 bound_ss=1 grant_coreset=0 observed_coreset=0 bound_coreset=0.
[2026-08-09T02:14:43Z] INFO Coupled DL PDCCH qualification complete: sweep=1/1 slot=17/40 executable_grants=2.
[2026-08-09T02:14:43Z] INFO Preparing coupled DL batches: sweep=1/1 slot=17/40 candidate_grants=2 batch_size=24.
[2026-08-09T02:14:43Z] INFO Preparing coupled DL resolved grant cache: candidate_grants=2.
[2026-08-09T02:15:54Z] INFO Prepared coupled DL resolved grant cache entries: 2/2.
[2026-08-09T02:16:59Z] INFO Prepared coupled DL resolved grant cache complete: entries=2 elapsed_s=136.748.
[2026-08-09T02:17:03Z] INFO Prepared coupled DL chunk: sweep=1/1 slot=17/40 executable_plans=2 chunk=1-2 of 2.
[2026-08-09T02:17:03Z] INFO Executing coupled DL chunk: sweep=1/1 slot=17/40 chunk=1-2 of 2.
[2026-08-09T02:17:03Z] INFO Executing coupled DL grant chunk serially: plans=2 reason=parallel_safety_or_pool_unavailable.
[2026-08-09T02:19:34Z] INFO Publishing coupled DL chunk results: sweep=1/1 slot=17/40 committed_rows=2 current_primary_rows=4.
[2026-08-09T02:19:35Z] INFO DL coupled publish: operating_point 1/1 configured_label_snr_dB=20.000 ue=4/4 dlDirectionalFrames=1/40 ulDirectionalFrames=0/40 dlRows=4 ulRows=0.
[2026-08-09T02:19:35Z] INFO Coupled UL K2 preschedule deferred: control_slot=17 reason=data_timing_rejected:target_hits_fixed_opposite_direction policy=no_valid_ul_occasion_from_current_dl_control_slot.
[2026-08-09T02:19:36Z] INFO Coupled canonical slot prepared: sweep=1/1 slot=18/40 duplex=DL allow_dl=1 allow_ul=0.
[2026-08-09T02:19:36Z] INFO Starting coupled pre-scheduling control gating for slot 18/40 with 4 UEs.
[2026-08-09T02:19:36Z] INFO Coupled control gating progress for slot 18/40: UE 1/4, PBCH=0 PRACH=0 SRS=0 TRS=0.
[2026-08-09T02:19:36Z] INFO Coupled control gating progress for slot 18/40: UE 2/4, PBCH=0 PRACH=0 SRS=0 TRS=0.
[2026-08-09T02:19:36Z] INFO Coupled control gating progress for slot 18/40: UE 3/4, PBCH=0 PRACH=0 SRS=0 TRS=0.
[2026-08-09T02:19:37Z] INFO Coupled control gating progress for slot 18/40: UE 4/4, PBCH=0 PRACH=0 SRS=0 TRS=0.
[2026-08-09T02:19:37Z] INFO Coupled control gating complete: slot=18 frame=1 pbch_attempts=0 prach_attempts=0 srs_attempts=0 trs_attempts=0 acquired=4/4 access=4/4 valid_srs=4/4 valid_trs_cells=1/1 tracked_serving_users=4/4 eligible=4/4.
[2026-08-09T02:19:37Z] INFO Coupled control gating complete for slot 18/40: acquired=4/4 access=4/4 valid_srs=4/4 valid_trs_cells=1/1 tracked_serving_users=4/4 eligible=4/4.
[2026-08-09T02:19:37Z] INFO DL coupled publish: operating_point 1/1 configured_label_snr_dB=20.000 ue=0/4 dlDirectionalFrames=1/40 ulDirectionalFrames=0/40 dlRows=4 ulRows=0.
[2026-08-09T02:19:39Z] INFO Coupled DL schedule complete: sweep=1/1 slot=18/40 active=4 granted=2 grants=2.
[2026-08-09T02:19:42Z] INFO Coupled DL PDCCH grant binding: ue=1 required=1 ok=1 status=bound failure= dci=95bb36a1f20da1f92b761cc6d636ddc657706e2cb13fe2532828b47d69c5b07a grant_ss=1 observed_ss=1 bound_ss=1 grant_coreset=0 observed_coreset=0 bound_coreset=0.
[2026-08-09T02:19:45Z] INFO Coupled DL PDCCH grant binding: ue=2 required=1 ok=1 status=bound failure= dci=95bb36a1f20da1f92b761cc6d636ddc657706e2cb13fe2532828b47d69c5b07a grant_ss=1 observed_ss=1 bound_ss=1 grant_coreset=0 observed_coreset=0 bound_coreset=0.
[2026-08-09T02:19:46Z] INFO Coupled DL PDCCH qualification complete: sweep=1/1 slot=18/40 executable_grants=2.
[2026-08-09T02:19:46Z] INFO Preparing coupled DL batches: sweep=1/1 slot=18/40 candidate_grants=2 batch_size=24.
[2026-08-09T02:19:46Z] INFO Preparing coupled DL resolved grant cache: candidate_grants=2.
[2026-08-09T02:20:53Z] INFO Prepared coupled DL resolved grant cache entries: 2/2.
[2026-08-09T02:21:59Z] INFO Prepared coupled DL resolved grant cache complete: entries=2 elapsed_s=133.515.
[2026-08-09T02:22:02Z] INFO Prepared coupled DL chunk: sweep=1/1 slot=18/40 executable_plans=2 chunk=1-2 of 2.
[2026-08-09T02:22:02Z] INFO Executing coupled DL chunk: sweep=1/1 slot=18/40 chunk=1-2 of 2.
[2026-08-09T02:22:02Z] INFO Executing coupled DL grant chunk serially: plans=2 reason=parallel_safety_or_pool_unavailable.
[2026-08-09T02:24:29Z] INFO Publishing coupled DL chunk results: sweep=1/1 slot=18/40 committed_rows=2 current_primary_rows=6.
[2026-08-09T02:24:30Z] INFO DL coupled publish: operating_point 1/1 configured_label_snr_dB=20.000 ue=2/4 dlDirectionalFrames=1/40 ulDirectionalFrames=0/40 dlRows=6 ulRows=0.
[2026-08-09T02:24:30Z] INFO Coupled UL K2 preschedule deferred: control_slot=18 reason=data_timing_rejected:target_hits_fixed_opposite_direction policy=no_valid_ul_occasion_from_current_dl_control_slot.
[2026-08-09T02:24:30Z] INFO Coupled canonical slot prepared: sweep=1/1 slot=19/40 duplex=FLEXIBLE_OR_MIXED allow_dl=1 allow_ul=1.
[2026-08-09T02:25:19Z] INFO Starting coupled pre-scheduling control gating for slot 19/40 with 4 UEs.
[2026-08-09T02:25:19Z] INFO Coupled control gating progress for slot 19/40: UE 1/4, PBCH=0 PRACH=0 SRS=0 TRS=0.
[2026-08-09T02:25:20Z] INFO Coupled control gating progress for slot 19/40: UE 2/4, PBCH=0 PRACH=0 SRS=0 TRS=0.
[2026-08-09T02:25:20Z] INFO Coupled control gating progress for slot 19/40: UE 3/4, PBCH=0 PRACH=0 SRS=0 TRS=0.
[2026-08-09T02:25:20Z] INFO Coupled control gating progress for slot 19/40: UE 4/4, PBCH=0 PRACH=0 SRS=0 TRS=0.
[2026-08-09T02:25:20Z] INFO Coupled control gating complete: slot=19 frame=1 pbch_attempts=0 prach_attempts=0 srs_attempts=0 trs_attempts=0 acquired=4/4 access=4/4 valid_srs=4/4 valid_trs_cells=1/1 tracked_serving_users=4/4 eligible=4/4.
[2026-08-09T02:25:20Z] INFO Coupled control gating complete for slot 19/40: acquired=4/4 access=4/4 valid_srs=4/4 valid_trs_cells=1/1 tracked_serving_users=4/4 eligible=4/4.
[2026-08-09T02:25:21Z] INFO DL coupled publish: operating_point 1/1 configured_label_snr_dB=20.000 ue=0/4 dlDirectionalFrames=1/40 ulDirectionalFrames=0/40 dlRows=6 ulRows=0.
[2026-08-09T02:25:21Z] INFO Coupled DL scheduling deferred: sweep=1/1 slot=19/40 reason=configured_dl_symbol_allocation_not_available_in_tdd_slot policy=no_valid_harq_ack_occasion_from_current_dl_slot.
[2026-08-09T02:25:21Z] INFO Coupled DL schedule complete: sweep=1/1 slot=19/40 active=0 granted=0 grants=0.
[2026-08-09T02:25:21Z] INFO Coupled DL PDCCH qualification complete: sweep=1/1 slot=19/40 executable_grants=0.
[2026-08-09T02:25:21Z] INFO Preparing coupled DL batches: sweep=1/1 slot=19/40 candidate_grants=0 batch_size=24.
[2026-08-09T02:25:21Z] INFO Coupled UL K2 preschedule deferred: control_slot=19 reason=data_timing_rejected:target_hits_fixed_opposite_direction policy=no_valid_ul_occasion_from_current_dl_control_slot.
[2026-08-09T02:25:21Z] INFO Coupled UL queued grant lookup complete: sweep=1/1 slot=19/40 due_grants=0 pending_grants=2.
[2026-08-09T02:25:22Z] INFO Coupled canonical slot prepared: sweep=1/1 slot=20/40 duplex=UL allow_dl=0 allow_ul=1.
[2026-08-09T02:25:22Z] INFO Starting coupled pre-scheduling control gating for slot 20/40 with 4 UEs.
[2026-08-09T02:25:22Z] INFO Coupled control gating progress for slot 20/40: UE 1/4, PBCH=0 PRACH=0 SRS=0 TRS=0.
[2026-08-09T02:25:22Z] INFO Coupled control gating progress for slot 20/40: UE 2/4, PBCH=0 PRACH=0 SRS=0 TRS=0.
[2026-08-09T02:25:22Z] INFO Coupled control gating progress for slot 20/40: UE 3/4, PBCH=0 PRACH=0 SRS=0 TRS=0.
[2026-08-09T02:25:23Z] INFO Coupled control gating progress for slot 20/40: UE 4/4, PBCH=0 PRACH=0 SRS=0 TRS=0.
[2026-08-09T02:25:23Z] INFO Coupled control gating complete: slot=20 frame=1 pbch_attempts=0 prach_attempts=0 srs_attempts=0 trs_attempts=0 acquired=4/4 access=4/4 valid_srs=4/4 valid_trs_cells=1/1 tracked_serving_users=4/4 eligible=4/4.
[2026-08-09T02:25:23Z] INFO Coupled control gating complete for slot 20/40: acquired=4/4 access=4/4 valid_srs=4/4 valid_trs_cells=1/1 tracked_serving_users=4/4 eligible=4/4.
[2026-08-09T02:25:23Z] INFO UL coupled publish: operating_point 1/1 configured_label_snr_dB=20.000 ue=0/4 dlDirectionalFrames=1/40 ulDirectionalFrames=0/40 dlRows=6 ulRows=0.
[2026-08-09T02:25:23Z] INFO Coupled UL queued grant lookup complete: sweep=1/1 slot=20/40 due_grants=2 pending_grants=0.
[2026-08-09T02:25:23Z] INFO Preparing coupled UL batches: sweep=1/1 slot=20/40 candidate_grants=2 batch_size=24.
[2026-08-09T02:25:23Z] INFO Preparing coupled UL resolved grant cache: candidate_grants=2.
[2026-08-09T02:25:30Z] INFO Prepared coupled UL resolved grant cache entries: 2/2.
[2026-08-09T02:25:30Z] INFO Prepared coupled UL resolved grant cache complete: entries=2 elapsed_s=6.997.
[2026-08-09T02:25:31Z] INFO Prepared coupled UL chunk: sweep=1/1 slot=20/40 executable_plans=2 chunk=1-2 of 2.
[2026-08-09T02:25:31Z] INFO Executing coupled UL chunk: sweep=1/1 slot=20/40 chunk=1-2 of 2.
[2026-08-09T02:25:31Z] INFO Executing coupled UL grant chunk serially: plans=2 reason=parallel_safety_or_pool_unavailable.
[2026-08-09T02:26:31Z] INFO Publishing coupled UL chunk results: sweep=1/1 slot=20/40 committed_rows=2 current_primary_rows=2.
[2026-08-09T02:26:48Z] INFO UL heavy live artifact refresh: reason=post_grant_chunk slot=20/40 interval=20.
[2026-08-09T02:26:48Z] INFO UL coupled publish: operating_point 1/1 configured_label_snr_dB=20.000 ue=2/4 dlDirectionalFrames=1/40 ulDirectionalFrames=1/40 dlRows=6 ulRows=2.
[2026-08-09T02:26:49Z] INFO Coupled canonical slot prepared: sweep=1/1 slot=21/40 duplex=DL allow_dl=1 allow_ul=0.
[2026-08-09T02:26:49Z] INFO Starting coupled pre-scheduling control gating for slot 21/40 with 4 UEs.
[2026-08-09T02:26:53Z] INFO Coupled control gating progress for slot 21/40: UE 1/4, PBCH=0 PRACH=0 SRS=0 TRS=1.
[2026-08-09T02:26:53Z] INFO Coupled control gating progress for slot 21/40: UE 2/4, PBCH=0 PRACH=0 SRS=0 TRS=1.
[2026-08-09T02:26:53Z] INFO Coupled control gating progress for slot 21/40: UE 3/4, PBCH=0 PRACH=0 SRS=0 TRS=1.
[2026-08-09T02:26:54Z] INFO Coupled control gating progress for slot 21/40: UE 4/4, PBCH=0 PRACH=0 SRS=0 TRS=1.
[2026-08-09T02:26:54Z] INFO Coupled control gating complete: slot=21 frame=2 pbch_attempts=0 prach_attempts=0 srs_attempts=0 trs_attempts=1 acquired=4/4 access=4/4 valid_srs=4/4 valid_trs_cells=1/1 tracked_serving_users=4/4 eligible=4/4.
[2026-08-09T02:26:54Z] INFO Coupled control gating complete for slot 21/40: acquired=4/4 access=4/4 valid_srs=4/4 valid_trs_cells=1/1 tracked_serving_users=4/4 eligible=4/4.
[2026-08-09T02:26:55Z] INFO DL coupled publish: operating_point 1/1 configured_label_snr_dB=20.000 ue=0/4 dlDirectionalFrames=1/40 ulDirectionalFrames=1/40 dlRows=6 ulRows=2.
[2026-08-09T02:26:57Z] INFO Coupled DL schedule complete: sweep=1/1 slot=21/40 active=4 granted=2 grants=2.
[2026-08-09T02:27:01Z] INFO Coupled DL PDCCH grant binding: ue=2 required=1 ok=1 status=bound failure= dci=93d30525e18b42dc0e208d08cf5193357ec93e2bf6e8dfbb010eb14a73d05c30 grant_ss=1 observed_ss=1 bound_ss=1 grant_coreset=0 observed_coreset=0 bound_coreset=0.
[2026-08-09T02:27:04Z] INFO Coupled DL PDCCH grant binding: ue=1 required=1 ok=1 status=bound failure= dci=d9382579c51e942746153747af4a7e8f584f4c64f725071de8b3036c61bc6daf grant_ss=1 observed_ss=1 bound_ss=1 grant_coreset=0 observed_coreset=0 bound_coreset=0.
[2026-08-09T02:27:04Z] INFO Coupled DL PDCCH qualification complete: sweep=1/1 slot=21/40 executable_grants=2.
[2026-08-09T02:27:04Z] INFO Preparing coupled DL batches: sweep=1/1 slot=21/40 candidate_grants=2 batch_size=24.
[2026-08-09T02:27:04Z] INFO Preparing coupled DL resolved grant cache: candidate_grants=2.
[2026-08-09T02:28:20Z] INFO Prepared coupled DL resolved grant cache entries: 2/2.
[2026-08-09T02:29:25Z] INFO Prepared coupled DL resolved grant cache complete: entries=2 elapsed_s=140.672.
[2026-08-09T02:29:28Z] INFO Prepared coupled DL chunk: sweep=1/1 slot=21/40 executable_plans=2 chunk=1-2 of 2.
[2026-08-09T02:29:28Z] INFO Executing coupled DL chunk: sweep=1/1 slot=21/40 chunk=1-2 of 2.
[2026-08-09T02:29:28Z] INFO Executing coupled DL grant chunk serially: plans=2 reason=parallel_safety_or_pool_unavailable.
[2026-08-09T02:31:58Z] INFO Publishing coupled DL chunk results: sweep=1/1 slot=21/40 committed_rows=2 current_primary_rows=8.
[2026-08-09T02:31:59Z] INFO DL coupled publish: operating_point 1/1 configured_label_snr_dB=20.000 ue=1/4 dlDirectionalFrames=2/40 ulDirectionalFrames=1/40 dlRows=8 ulRows=2.
[2026-08-09T02:32:01Z] INFO Coupled UL K2 preschedule complete: control_slot=21 due_slot=25 k2=4 active=4 granted=2 grants=2.
[2026-08-09T02:32:04Z] INFO Coupled UL PDCCH grant binding: ue=3 required=1 ok=1 status=bound failure= dci=2821d420ef13b648992c9f22366e0ab493e9f4819342db21ee04fba7ed5ec765 grant_ss=1 observed_ss=1 bound_ss=1 grant_coreset=0 observed_coreset=0 bound_coreset=0.
[2026-08-09T02:32:08Z] INFO Coupled UL PDCCH grant binding: ue=4 required=1 ok=1 status=bound failure= dci=4bc9362f8ca1c675a2e0c3dd7365b9bfa4da1b938af8ab285728f2af1d63500b grant_ss=1 observed_ss=1 bound_ss=1 grant_coreset=0 observed_coreset=0 bound_coreset=0.
[2026-08-09T02:32:08Z] INFO Queued coupled UL grants after K2 PDCCH qualification: control_slot=21 due_slot=25 executable_grants=2 pending_total=2.
[2026-08-09T02:32:08Z] INFO Coupled canonical slot prepared: sweep=1/1 slot=22/40 duplex=DL allow_dl=1 allow_ul=0.
[2026-08-09T02:32:08Z] INFO Starting coupled pre-scheduling control gating for slot 22/40 with 4 UEs.
[2026-08-09T02:32:09Z] INFO Coupled control gating progress for slot 22/40: UE 1/4, PBCH=0 PRACH=0 SRS=0 TRS=0.
[2026-08-09T02:32:09Z] INFO Coupled control gating progress for slot 22/40: UE 2/4, PBCH=0 PRACH=0 SRS=0 TRS=0.
[2026-08-09T02:32:09Z] INFO Coupled control gating progress for slot 22/40: UE 3/4, PBCH=0 PRACH=0 SRS=0 TRS=0.
[2026-08-09T02:32:09Z] INFO Coupled control gating progress for slot 22/40: UE 4/4, PBCH=0 PRACH=0 SRS=0 TRS=0.
[2026-08-09T02:32:09Z] INFO Coupled control gating complete: slot=22 frame=2 pbch_attempts=0 prach_attempts=0 srs_attempts=0 trs_attempts=0 acquired=4/4 access=4/4 valid_srs=4/4 valid_trs_cells=1/1 tracked_serving_users=4/4 eligible=4/4.
[2026-08-09T02:32:09Z] INFO Coupled control gating complete for slot 22/40: acquired=4/4 access=4/4 valid_srs=4/4 valid_trs_cells=1/1 tracked_serving_users=4/4 eligible=4/4.
[2026-08-09T02:32:10Z] INFO DL coupled publish: operating_point 1/1 configured_label_snr_dB=20.000 ue=0/4 dlDirectionalFrames=2/40 ulDirectionalFrames=1/40 dlRows=8 ulRows=2.
[2026-08-09T02:32:11Z] INFO Coupled DL schedule complete: sweep=1/1 slot=22/40 active=4 granted=2 grants=2.
[2026-08-09T02:32:14Z] INFO Coupled DL PDCCH grant binding: ue=2 required=1 ok=1 status=bound failure= dci=cf1ce7690455eaf5ff2b0dfe99cbc221eea76cf7cd4e2edc0ee20862e6a5f036 grant_ss=1 observed_ss=1 bound_ss=1 grant_coreset=0 observed_coreset=0 bound_coreset=0.
[2026-08-09T02:32:18Z] INFO Coupled DL PDCCH grant binding: ue=3 required=1 ok=1 status=bound failure= dci=054c08e7e2646856569f609de5c0bc6cd54bb54cc8614e73009afc2c111a571b grant_ss=1 observed_ss=1 bound_ss=1 grant_coreset=0 observed_coreset=0 bound_coreset=0.
[2026-08-09T02:32:18Z] INFO Coupled DL PDCCH qualification complete: sweep=1/1 slot=22/40 executable_grants=2.
[2026-08-09T02:32:18Z] INFO Preparing coupled DL batches: sweep=1/1 slot=22/40 candidate_grants=2 batch_size=24.
[2026-08-09T02:32:18Z] INFO Preparing coupled DL resolved grant cache: candidate_grants=2.
[2026-08-09T02:33:29Z] INFO Prepared coupled DL resolved grant cache entries: 2/2.
[2026-08-09T02:34:36Z] INFO Prepared coupled DL resolved grant cache complete: entries=2 elapsed_s=137.793.
[2026-08-09T02:34:39Z] INFO Prepared coupled DL chunk: sweep=1/1 slot=22/40 executable_plans=2 chunk=1-2 of 2.
[2026-08-09T02:34:39Z] INFO Executing coupled DL chunk: sweep=1/1 slot=22/40 chunk=1-2 of 2.
[2026-08-09T02:34:39Z] INFO Executing coupled DL grant chunk serially: plans=2 reason=parallel_safety_or_pool_unavailable.
[2026-08-09T02:37:12Z] INFO Publishing coupled DL chunk results: sweep=1/1 slot=22/40 committed_rows=2 current_primary_rows=10.
[2026-08-09T02:37:13Z] INFO DL coupled publish: operating_point 1/1 configured_label_snr_dB=20.000 ue=3/4 dlDirectionalFrames=2/40 ulDirectionalFrames=1/40 dlRows=10 ulRows=2.
[2026-08-09T02:37:13Z] INFO Coupled UL K2 preschedule deferred: control_slot=22 reason=data_timing_rejected:target_hits_fixed_opposite_direction policy=no_valid_ul_occasion_from_current_dl_control_slot.
[2026-08-09T02:37:13Z] INFO Coupled canonical slot prepared: sweep=1/1 slot=23/40 duplex=DL allow_dl=1 allow_ul=0.
[2026-08-09T02:37:13Z] INFO Starting coupled pre-scheduling control gating for slot 23/40 with 4 UEs.
[2026-08-09T02:37:14Z] INFO Coupled control gating progress for slot 23/40: UE 1/4, PBCH=0 PRACH=0 SRS=0 TRS=0.
[2026-08-09T02:37:14Z] INFO Coupled control gating progress for slot 23/40: UE 2/4, PBCH=0 PRACH=0 SRS=0 TRS=0.
[2026-08-09T02:37:14Z] INFO Coupled control gating progress for slot 23/40: UE 3/4, PBCH=0 PRACH=0 SRS=0 TRS=0.
[2026-08-09T02:37:14Z] INFO Coupled control gating progress for slot 23/40: UE 4/4, PBCH=0 PRACH=0 SRS=0 TRS=0.
[2026-08-09T02:37:14Z] INFO Coupled control gating complete: slot=23 frame=2 pbch_attempts=0 prach_attempts=0 srs_attempts=0 trs_attempts=0 acquired=4/4 access=4/4 valid_srs=4/4 valid_trs_cells=1/1 tracked_serving_users=4/4 eligible=4/4.
[2026-08-09T02:37:14Z] INFO Coupled control gating complete for slot 23/40: acquired=4/4 access=4/4 valid_srs=4/4 valid_trs_cells=1/1 tracked_serving_users=4/4 eligible=4/4.
[2026-08-09T02:37:15Z] INFO DL coupled publish: operating_point 1/1 configured_label_snr_dB=20.000 ue=0/4 dlDirectionalFrames=2/40 ulDirectionalFrames=1/40 dlRows=10 ulRows=2.
[2026-08-09T02:37:17Z] INFO Coupled DL schedule complete: sweep=1/1 slot=23/40 active=4 granted=2 grants=2.
[2026-08-09T02:37:20Z] INFO Coupled DL PDCCH grant binding: ue=2 required=1 ok=1 status=bound failure= dci=8f1921cc0b2fc1a399a713810a250370d8fbe0800429b467e2a7a6e3d6af1c17 grant_ss=1 observed_ss=1 bound_ss=1 grant_coreset=0 observed_coreset=0 bound_coreset=0.
[2026-08-09T02:37:23Z] INFO Coupled DL PDCCH grant binding: ue=4 required=1 ok=1 status=bound failure= dci=886b66ed66df24518e6f93a0dc814ca7f136c16063101e96d945ee37425d3e01 grant_ss=1 observed_ss=1 bound_ss=1 grant_coreset=0 observed_coreset=0 bound_coreset=0.
[2026-08-09T02:37:24Z] INFO Coupled DL PDCCH qualification complete: sweep=1/1 slot=23/40 executable_grants=2.
[2026-08-09T02:37:24Z] INFO Preparing coupled DL batches: sweep=1/1 slot=23/40 candidate_grants=2 batch_size=24.
[2026-08-09T02:37:24Z] INFO Preparing coupled DL resolved grant cache: candidate_grants=2.
[2026-08-09T02:38:33Z] INFO Prepared coupled DL resolved grant cache entries: 2/2.
[2026-08-09T02:39:39Z] INFO Prepared coupled DL resolved grant cache complete: entries=2 elapsed_s=135.323.
[2026-08-09T02:39:41Z] INFO Prepared coupled DL chunk: sweep=1/1 slot=23/40 executable_plans=2 chunk=1-2 of 2.
[2026-08-09T02:39:41Z] INFO Executing coupled DL chunk: sweep=1/1 slot=23/40 chunk=1-2 of 2.
[2026-08-09T02:39:41Z] INFO Executing coupled DL grant chunk serially: plans=2 reason=parallel_safety_or_pool_unavailable.
[2026-08-09T02:42:10Z] INFO Publishing coupled DL chunk results: sweep=1/1 slot=23/40 committed_rows=2 current_primary_rows=12.
[2026-08-09T02:42:10Z] INFO DL coupled publish: operating_point 1/1 configured_label_snr_dB=20.000 ue=4/4 dlDirectionalFrames=2/40 ulDirectionalFrames=1/40 dlRows=12 ulRows=2.
[2026-08-09T02:42:10Z] INFO Coupled UL K2 preschedule deferred: control_slot=23 reason=data_timing_rejected:target_hits_fixed_opposite_direction policy=no_valid_ul_occasion_from_current_dl_control_slot.
[2026-08-09T02:42:11Z] INFO Coupled canonical slot prepared: sweep=1/1 slot=24/40 duplex=FLEXIBLE_OR_MIXED allow_dl=1 allow_ul=1.
[2026-08-09T02:43:11Z] INFO Starting coupled pre-scheduling control gating for slot 24/40 with 4 UEs.
[2026-08-09T02:43:11Z] INFO Coupled control gating progress for slot 24/40: UE 1/4, PBCH=0 PRACH=0 SRS=0 TRS=0.
[2026-08-09T02:43:11Z] INFO Coupled control gating progress for slot 24/40: UE 2/4, PBCH=0 PRACH=0 SRS=0 TRS=0.
[2026-08-09T02:43:11Z] INFO Coupled control gating progress for slot 24/40: UE 3/4, PBCH=0 PRACH=0 SRS=0 TRS=0.
[2026-08-09T02:43:12Z] INFO Coupled control gating progress for slot 24/40: UE 4/4, PBCH=0 PRACH=0 SRS=0 TRS=0.
[2026-08-09T02:43:12Z] INFO Coupled control gating complete: slot=24 frame=2 pbch_attempts=0 prach_attempts=0 srs_attempts=0 trs_attempts=0 acquired=4/4 access=4/4 valid_srs=4/4 valid_trs_cells=1/1 tracked_serving_users=4/4 eligible=4/4.
[2026-08-09T02:43:12Z] INFO Coupled control gating complete for slot 24/40: acquired=4/4 access=4/4 valid_srs=4/4 valid_trs_cells=1/1 tracked_serving_users=4/4 eligible=4/4.
[2026-08-09T02:43:12Z] INFO DL coupled publish: operating_point 1/1 configured_label_snr_dB=20.000 ue=0/4 dlDirectionalFrames=2/40 ulDirectionalFrames=1/40 dlRows=12 ulRows=2.
[2026-08-09T02:43:12Z] INFO Coupled DL scheduling deferred: sweep=1/1 slot=24/40 reason=configured_dl_symbol_allocation_not_available_in_tdd_slot policy=no_valid_harq_ack_occasion_from_current_dl_slot.
[2026-08-09T02:43:12Z] INFO Coupled DL schedule complete: sweep=1/1 slot=24/40 active=0 granted=0 grants=0.
[2026-08-09T02:43:12Z] INFO Coupled DL PDCCH qualification complete: sweep=1/1 slot=24/40 executable_grants=0.
[2026-08-09T02:43:12Z] INFO Preparing coupled DL batches: sweep=1/1 slot=24/40 candidate_grants=0 batch_size=24.
[2026-08-09T02:43:12Z] INFO Coupled UL K2 preschedule deferred: control_slot=24 reason=data_timing_rejected:target_hits_fixed_opposite_direction policy=no_valid_ul_occasion_from_current_dl_control_slot.
[2026-08-09T02:43:13Z] INFO Coupled UL queued grant lookup complete: sweep=1/1 slot=24/40 due_grants=0 pending_grants=2.
[2026-08-09T02:43:13Z] INFO Coupled canonical slot prepared: sweep=1/1 slot=25/40 duplex=UL allow_dl=0 allow_ul=1.
[2026-08-09T02:43:13Z] INFO Starting coupled pre-scheduling control gating for slot 25/40 with 4 UEs.
[2026-08-09T02:43:13Z] INFO Coupled control gating progress for slot 25/40: UE 1/4, PBCH=0 PRACH=0 SRS=0 TRS=0.
[2026-08-09T02:43:13Z] INFO Coupled control gating progress for slot 25/40: UE 2/4, PBCH=0 PRACH=0 SRS=0 TRS=0.
[2026-08-09T02:43:13Z] INFO Coupled control gating progress for slot 25/40: UE 3/4, PBCH=0 PRACH=0 SRS=0 TRS=0.
[2026-08-09T02:43:14Z] INFO Coupled control gating progress for slot 25/40: UE 4/4, PBCH=0 PRACH=0 SRS=0 TRS=0.
[2026-08-09T02:43:14Z] INFO Coupled control gating complete: slot=25 frame=2 pbch_attempts=0 prach_attempts=0 srs_attempts=0 trs_attempts=0 acquired=4/4 access=4/4 valid_srs=4/4 valid_trs_cells=1/1 tracked_serving_users=4/4 eligible=4/4.
[2026-08-09T02:43:14Z] INFO Coupled control gating complete for slot 25/40: acquired=4/4 access=4/4 valid_srs=4/4 valid_trs_cells=1/1 tracked_serving_users=4/4 eligible=4/4.
[2026-08-09T02:43:14Z] INFO UL coupled publish: operating_point 1/1 configured_label_snr_dB=20.000 ue=0/4 dlDirectionalFrames=2/40 ulDirectionalFrames=1/40 dlRows=12 ulRows=2.
[2026-08-09T02:43:14Z] INFO Coupled UL queued grant lookup complete: sweep=1/1 slot=25/40 due_grants=2 pending_grants=0.
[2026-08-09T02:43:14Z] INFO Preparing coupled UL batches: sweep=1/1 slot=25/40 candidate_grants=2 batch_size=24.
[2026-08-09T02:43:14Z] INFO Preparing coupled UL resolved grant cache: candidate_grants=2.
[2026-08-09T02:43:21Z] INFO Prepared coupled UL resolved grant cache entries: 2/2.
[2026-08-09T02:43:22Z] INFO Prepared coupled UL resolved grant cache complete: entries=2 elapsed_s=7.502.
[2026-08-09T02:43:22Z] INFO Prepared coupled UL chunk: sweep=1/1 slot=25/40 executable_plans=2 chunk=1-2 of 2.
[2026-08-09T02:43:22Z] INFO Executing coupled UL chunk: sweep=1/1 slot=25/40 chunk=1-2 of 2.
[2026-08-09T02:43:22Z] INFO Executing coupled UL grant chunk serially: plans=2 reason=parallel_safety_or_pool_unavailable.
[2026-08-09T02:44:11Z] INFO Publishing coupled UL chunk results: sweep=1/1 slot=25/40 committed_rows=2 current_primary_rows=4.
[2026-08-09T02:44:12Z] INFO UL coupled publish: operating_point 1/1 configured_label_snr_dB=20.000 ue=4/4 dlDirectionalFrames=2/40 ulDirectionalFrames=2/40 dlRows=12 ulRows=4.
[2026-08-09T02:44:12Z] INFO Coupled canonical slot prepared: sweep=1/1 slot=26/40 duplex=DL allow_dl=1 allow_ul=0.
[2026-08-09T02:44:12Z] INFO Starting coupled pre-scheduling control gating for slot 26/40 with 4 UEs.
[2026-08-09T02:44:12Z] INFO Coupled control gating progress for slot 26/40: UE 1/4, PBCH=0 PRACH=0 SRS=0 TRS=0.
[2026-08-09T02:44:12Z] INFO Coupled control gating progress for slot 26/40: UE 2/4, PBCH=0 PRACH=0 SRS=0 TRS=0.
[2026-08-09T02:44:13Z] INFO Coupled control gating progress for slot 26/40: UE 3/4, PBCH=0 PRACH=0 SRS=0 TRS=0.
[2026-08-09T02:44:13Z] INFO Coupled control gating progress for slot 26/40: UE 4/4, PBCH=0 PRACH=0 SRS=0 TRS=0.
[2026-08-09T02:44:13Z] INFO Coupled control gating complete: slot=26 frame=2 pbch_attempts=0 prach_attempts=0 srs_attempts=0 trs_attempts=0 acquired=4/4 access=4/4 valid_srs=4/4 valid_trs_cells=1/1 tracked_serving_users=4/4 eligible=4/4.
[2026-08-09T02:44:13Z] INFO Coupled control gating complete for slot 26/40: acquired=4/4 access=4/4 valid_srs=4/4 valid_trs_cells=1/1 tracked_serving_users=4/4 eligible=4/4.
[2026-08-09T02:44:14Z] INFO DL coupled publish: operating_point 1/1 configured_label_snr_dB=20.000 ue=0/4 dlDirectionalFrames=2/40 ulDirectionalFrames=2/40 dlRows=12 ulRows=4.
[2026-08-09T02:44:15Z] INFO Coupled DL schedule complete: sweep=1/1 slot=26/40 active=4 granted=2 grants=2.
[2026-08-09T02:44:18Z] INFO Coupled DL PDCCH grant binding: ue=2 required=1 ok=1 status=bound failure= dci=c32ab18d8d2e4250ffd1484ce74278a8e0b7bbd85c73e8e41f00dddb0933b73b grant_ss=1 observed_ss=1 bound_ss=1 grant_coreset=0 observed_coreset=0 bound_coreset=0.
[2026-08-09T02:44:22Z] INFO Coupled DL PDCCH grant binding: ue=1 required=1 ok=1 status=bound failure= dci=0b5f54296daab19f06e8400b791bd626a23880dd09f0bcb5a00ff2a774eb948e grant_ss=1 observed_ss=1 bound_ss=1 grant_coreset=0 observed_coreset=0 bound_coreset=0.
[2026-08-09T02:44:22Z] INFO Coupled DL PDCCH qualification complete: sweep=1/1 slot=26/40 executable_grants=2.
[2026-08-09T02:44:22Z] INFO Preparing coupled DL batches: sweep=1/1 slot=26/40 candidate_grants=2 batch_size=24.
[2026-08-09T02:44:22Z] INFO Preparing coupled DL resolved grant cache: candidate_grants=2.
[2026-08-09T02:45:34Z] INFO Prepared coupled DL resolved grant cache entries: 2/2.
[2026-08-09T02:46:41Z] INFO Prepared coupled DL resolved grant cache complete: entries=2 elapsed_s=138.562.
[2026-08-09T02:46:43Z] INFO Prepared coupled DL chunk: sweep=1/1 slot=26/40 executable_plans=2 chunk=1-2 of 2.
[2026-08-09T02:46:43Z] INFO Executing coupled DL chunk: sweep=1/1 slot=26/40 chunk=1-2 of 2.
[2026-08-09T02:46:43Z] INFO Executing coupled DL grant chunk serially: plans=2 reason=parallel_safety_or_pool_unavailable.
[2026-08-09T02:49:10Z] INFO Publishing coupled DL chunk results: sweep=1/1 slot=26/40 committed_rows=2 current_primary_rows=14.
[2026-08-09T02:49:11Z] INFO DL coupled publish: operating_point 1/1 configured_label_snr_dB=20.000 ue=1/4 dlDirectionalFrames=2/40 ulDirectionalFrames=2/40 dlRows=14 ulRows=4.
[2026-08-09T02:49:13Z] INFO Coupled UL K2 preschedule complete: control_slot=26 due_slot=30 k2=4 active=4 granted=2 grants=2.
[2026-08-09T02:49:16Z] INFO Coupled UL PDCCH grant binding: ue=3 required=1 ok=1 status=bound failure= dci=0968331e8146dde26693919caa510bd2ce77db2bf25849ea3cbe45cdd85aabd7 grant_ss=1 observed_ss=1 bound_ss=1 grant_coreset=0 observed_coreset=0 bound_coreset=0.
[2026-08-09T02:49:20Z] INFO Coupled UL PDCCH grant binding: ue=4 required=1 ok=1 status=bound failure= dci=0ae0225fdec1244d5f4e278527329525b0d54bb89602b2c0757b0f6609c9a0c6 grant_ss=1 observed_ss=1 bound_ss=1 grant_coreset=0 observed_coreset=0 bound_coreset=0.
[2026-08-09T02:49:20Z] INFO Queued coupled UL grants after K2 PDCCH qualification: control_slot=26 due_slot=30 executable_grants=2 pending_total=2.
[2026-08-09T02:49:20Z] INFO Coupled canonical slot prepared: sweep=1/1 slot=27/40 duplex=DL allow_dl=1 allow_ul=0.
[2026-08-09T02:49:20Z] INFO Starting coupled pre-scheduling control gating for slot 27/40 with 4 UEs.
[2026-08-09T02:49:21Z] INFO Coupled control gating progress for slot 27/40: UE 1/4, PBCH=0 PRACH=0 SRS=0 TRS=0.
[2026-08-09T02:49:21Z] INFO Coupled control gating progress for slot 27/40: UE 2/4, PBCH=0 PRACH=0 SRS=0 TRS=0.
[2026-08-09T02:49:21Z] INFO Coupled control gating progress for slot 27/40: UE 3/4, PBCH=0 PRACH=0 SRS=0 TRS=0.
[2026-08-09T02:49:21Z] INFO Coupled control gating progress for slot 27/40: UE 4/4, PBCH=0 PRACH=0 SRS=0 TRS=0.
[2026-08-09T02:49:22Z] INFO Coupled control gating complete: slot=27 frame=2 pbch_attempts=0 prach_attempts=0 srs_attempts=0 trs_attempts=0 acquired=4/4 access=4/4 valid_srs=4/4 valid_trs_cells=1/1 tracked_serving_users=4/4 eligible=4/4.
[2026-08-09T02:49:22Z] INFO Coupled control gating complete for slot 27/40: acquired=4/4 access=4/4 valid_srs=4/4 valid_trs_cells=1/1 tracked_serving_users=4/4 eligible=4/4.
[2026-08-09T02:49:22Z] INFO DL coupled publish: operating_point 1/1 configured_label_snr_dB=20.000 ue=0/4 dlDirectionalFrames=2/40 ulDirectionalFrames=2/40 dlRows=14 ulRows=4.
[2026-08-09T02:49:23Z] INFO Coupled DL schedule complete: sweep=1/1 slot=27/40 active=4 granted=2 grants=2.
[2026-08-09T02:49:27Z] INFO Coupled DL PDCCH grant binding: ue=2 required=1 ok=1 status=bound failure= dci=75688289752abaed83cf3dbcdd892263a7f068f0b9f47c30c8e5abf6dbbfe8b0 grant_ss=1 observed_ss=1 bound_ss=1 grant_coreset=0 observed_coreset=0 bound_coreset=0.
[2026-08-09T02:49:31Z] INFO Coupled DL PDCCH grant binding: ue=1 required=1 ok=1 status=bound failure= dci=8b064ccb921e03459cc873b5ec3b4f4525a6baef538f24b11ebd3a530ba841a8 grant_ss=1 observed_ss=1 bound_ss=1 grant_coreset=0 observed_coreset=0 bound_coreset=0.
[2026-08-09T02:49:31Z] INFO Coupled DL PDCCH qualification complete: sweep=1/1 slot=27/40 executable_grants=2.
[2026-08-09T02:49:31Z] INFO Preparing coupled DL batches: sweep=1/1 slot=27/40 candidate_grants=2 batch_size=24.
[2026-08-09T02:49:31Z] INFO Preparing coupled DL resolved grant cache: candidate_grants=2.
[2026-08-09T02:50:46Z] INFO Prepared coupled DL resolved grant cache entries: 2/2.
[2026-08-09T02:51:58Z] INFO Prepared coupled DL resolved grant cache complete: entries=2 elapsed_s=146.808.
[2026-08-09T02:52:01Z] INFO Prepared coupled DL chunk: sweep=1/1 slot=27/40 executable_plans=2 chunk=1-2 of 2.
[2026-08-09T02:52:01Z] INFO Executing coupled DL chunk: sweep=1/1 slot=27/40 chunk=1-2 of 2.
[2026-08-09T02:52:01Z] INFO Executing coupled DL grant chunk serially: plans=2 reason=parallel_safety_or_pool_unavailable.
[2026-08-09T02:54:31Z] INFO Publishing coupled DL chunk results: sweep=1/1 slot=27/40 committed_rows=2 current_primary_rows=16.
[2026-08-09T02:54:32Z] INFO DL coupled publish: operating_point 1/1 configured_label_snr_dB=20.000 ue=1/4 dlDirectionalFrames=2/40 ulDirectionalFrames=2/40 dlRows=16 ulRows=4.
[2026-08-09T02:54:32Z] INFO Coupled UL K2 preschedule deferred: control_slot=27 reason=data_timing_rejected:target_hits_fixed_opposite_direction policy=no_valid_ul_occasion_from_current_dl_control_slot.
[2026-08-09T02:54:33Z] INFO Coupled canonical slot prepared: sweep=1/1 slot=28/40 duplex=DL allow_dl=1 allow_ul=0.
[2026-08-09T02:54:33Z] INFO Starting coupled pre-scheduling control gating for slot 28/40 with 4 UEs.
[2026-08-09T02:54:33Z] INFO Coupled control gating progress for slot 28/40: UE 1/4, PBCH=0 PRACH=0 SRS=0 TRS=0.
[2026-08-09T02:54:33Z] INFO Coupled control gating progress for slot 28/40: UE 2/4, PBCH=0 PRACH=0 SRS=0 TRS=0.
[2026-08-09T02:54:33Z] INFO Coupled control gating progress for slot 28/40: UE 3/4, PBCH=0 PRACH=0 SRS=0 TRS=0.
[2026-08-09T02:54:33Z] INFO Coupled control gating progress for slot 28/40: UE 4/4, PBCH=0 PRACH=0 SRS=0 TRS=0.
[2026-08-09T02:54:34Z] INFO Coupled control gating complete: slot=28 frame=2 pbch_attempts=0 prach_attempts=0 srs_attempts=0 trs_attempts=0 acquired=4/4 access=4/4 valid_srs=4/4 valid_trs_cells=1/1 tracked_serving_users=4/4 eligible=4/4.
[2026-08-09T02:54:34Z] INFO Coupled control gating complete for slot 28/40: acquired=4/4 access=4/4 valid_srs=4/4 valid_trs_cells=1/1 tracked_serving_users=4/4 eligible=4/4.
[2026-08-09T02:54:34Z] INFO DL coupled publish: operating_point 1/1 configured_label_snr_dB=20.000 ue=0/4 dlDirectionalFrames=2/40 ulDirectionalFrames=2/40 dlRows=16 ulRows=4.
[2026-08-09T02:54:35Z] INFO Coupled DL schedule complete: sweep=1/1 slot=28/40 active=4 granted=2 grants=2.
[2026-08-09T02:54:39Z] INFO Coupled DL PDCCH grant binding: ue=2 required=1 ok=1 status=bound failure= dci=fa610547b3473df837e3935ed929bde22a886e087fb07f00a9f59ee662395b69 grant_ss=1 observed_ss=1 bound_ss=1 grant_coreset=0 observed_coreset=0 bound_coreset=0.
[2026-08-09T02:54:42Z] INFO Coupled DL PDCCH grant binding: ue=1 required=1 ok=1 status=bound failure= dci=91efd9d182500c20858c23ee56d30ecee8461950537e49097947bdc3d2bdbb12 grant_ss=1 observed_ss=1 bound_ss=1 grant_coreset=0 observed_coreset=0 bound_coreset=0.
[2026-08-09T02:54:42Z] INFO Coupled DL PDCCH qualification complete: sweep=1/1 slot=28/40 executable_grants=2.
[2026-08-09T02:54:42Z] INFO Preparing coupled DL batches: sweep=1/1 slot=28/40 candidate_grants=2 batch_size=24.
[2026-08-09T02:54:42Z] INFO Preparing coupled DL resolved grant cache: candidate_grants=2.
[2026-08-09T02:55:53Z] INFO Prepared coupled DL resolved grant cache entries: 2/2.
[2026-08-09T02:57:01Z] INFO Prepared coupled DL resolved grant cache complete: entries=2 elapsed_s=139.167.
[2026-08-09T02:57:04Z] INFO Prepared coupled DL chunk: sweep=1/1 slot=28/40 executable_plans=2 chunk=1-2 of 2.
[2026-08-09T02:57:04Z] INFO Executing coupled DL chunk: sweep=1/1 slot=28/40 chunk=1-2 of 2.
[2026-08-09T02:57:04Z] INFO Executing coupled DL grant chunk serially: plans=2 reason=parallel_safety_or_pool_unavailable.
[2026-08-09T02:59:37Z] INFO Publishing coupled DL chunk results: sweep=1/1 slot=28/40 committed_rows=2 current_primary_rows=18.
[2026-08-09T02:59:39Z] INFO DL coupled publish: operating_point 1/1 configured_label_snr_dB=20.000 ue=1/4 dlDirectionalFrames=2/40 ulDirectionalFrames=2/40 dlRows=18 ulRows=4.
[2026-08-09T02:59:39Z] INFO Coupled UL K2 preschedule deferred: control_slot=28 reason=data_timing_rejected:target_hits_fixed_opposite_direction policy=no_valid_ul_occasion_from_current_dl_control_slot.
[2026-08-09T02:59:39Z] INFO Coupled canonical slot prepared: sweep=1/1 slot=29/40 duplex=FLEXIBLE_OR_MIXED allow_dl=1 allow_ul=1.
[2026-08-09T03:00:41Z] INFO Starting coupled pre-scheduling control gating for slot 29/40 with 4 UEs.
[2026-08-09T03:00:42Z] INFO Coupled control gating progress for slot 29/40: UE 1/4, PBCH=0 PRACH=0 SRS=0 TRS=0.
[2026-08-09T03:00:42Z] INFO Coupled control gating progress for slot 29/40: UE 2/4, PBCH=0 PRACH=0 SRS=0 TRS=0.
[2026-08-09T03:00:42Z] INFO Coupled control gating progress for slot 29/40: UE 3/4, PBCH=0 PRACH=0 SRS=0 TRS=0.
[2026-08-09T03:00:42Z] INFO Coupled control gating progress for slot 29/40: UE 4/4, PBCH=0 PRACH=0 SRS=0 TRS=0.
[2026-08-09T03:00:43Z] INFO Coupled control gating complete: slot=29 frame=2 pbch_attempts=0 prach_attempts=0 srs_attempts=0 trs_attempts=0 acquired=4/4 access=4/4 valid_srs=4/4 valid_trs_cells=1/1 tracked_serving_users=4/4 eligible=4/4.
[2026-08-09T03:00:43Z] INFO Coupled control gating complete for slot 29/40: acquired=4/4 access=4/4 valid_srs=4/4 valid_trs_cells=1/1 tracked_serving_users=4/4 eligible=4/4.
[2026-08-09T03:00:43Z] INFO DL coupled publish: operating_point 1/1 configured_label_snr_dB=20.000 ue=0/4 dlDirectionalFrames=2/40 ulDirectionalFrames=2/40 dlRows=18 ulRows=4.
[2026-08-09T03:00:43Z] INFO Coupled DL scheduling deferred: sweep=1/1 slot=29/40 reason=configured_dl_symbol_allocation_not_available_in_tdd_slot policy=no_valid_harq_ack_occasion_from_current_dl_slot.
[2026-08-09T03:00:43Z] INFO Coupled DL schedule complete: sweep=1/1 slot=29/40 active=0 granted=0 grants=0.
[2026-08-09T03:00:43Z] INFO Coupled DL PDCCH qualification complete: sweep=1/1 slot=29/40 executable_grants=0.
[2026-08-09T03:00:43Z] INFO Preparing coupled DL batches: sweep=1/1 slot=29/40 candidate_grants=0 batch_size=24.
[2026-08-09T03:00:43Z] INFO Coupled UL K2 preschedule deferred: control_slot=29 reason=data_timing_rejected:target_hits_fixed_opposite_direction policy=no_valid_ul_occasion_from_current_dl_control_slot.
[2026-08-09T03:00:44Z] INFO Coupled UL queued grant lookup complete: sweep=1/1 slot=29/40 due_grants=0 pending_grants=2.
[2026-08-09T03:00:44Z] INFO Coupled canonical slot prepared: sweep=1/1 slot=30/40 duplex=UL allow_dl=0 allow_ul=1.
[2026-08-09T03:00:44Z] INFO Starting coupled pre-scheduling control gating for slot 30/40 with 4 UEs.
[2026-08-09T03:00:44Z] INFO Coupled control gating progress for slot 30/40: UE 1/4, PBCH=0 PRACH=0 SRS=0 TRS=0.
[2026-08-09T03:00:44Z] INFO Coupled control gating progress for slot 30/40: UE 2/4, PBCH=0 PRACH=0 SRS=0 TRS=0.
[2026-08-09T03:00:44Z] INFO Coupled control gating progress for slot 30/40: UE 3/4, PBCH=0 PRACH=0 SRS=0 TRS=0.
[2026-08-09T03:00:45Z] INFO Coupled control gating progress for slot 30/40: UE 4/4, PBCH=0 PRACH=0 SRS=0 TRS=0.
[2026-08-09T03:00:45Z] INFO Coupled control gating complete: slot=30 frame=2 pbch_attempts=0 prach_attempts=0 srs_attempts=0 trs_attempts=0 acquired=4/4 access=4/4 valid_srs=4/4 valid_trs_cells=1/1 tracked_serving_users=4/4 eligible=4/4.
[2026-08-09T03:00:45Z] INFO Coupled control gating complete for slot 30/40: acquired=4/4 access=4/4 valid_srs=4/4 valid_trs_cells=1/1 tracked_serving_users=4/4 eligible=4/4.
[2026-08-09T03:00:46Z] INFO UL coupled publish: operating_point 1/1 configured_label_snr_dB=20.000 ue=0/4 dlDirectionalFrames=2/40 ulDirectionalFrames=2/40 dlRows=18 ulRows=4.
[2026-08-09T03:00:46Z] INFO Coupled UL queued grant lookup complete: sweep=1/1 slot=30/40 due_grants=2 pending_grants=0.
[2026-08-09T03:00:46Z] INFO Preparing coupled UL batches: sweep=1/1 slot=30/40 candidate_grants=2 batch_size=24.
[2026-08-09T03:00:46Z] INFO Preparing coupled UL resolved grant cache: candidate_grants=2.
[2026-08-09T03:00:47Z] INFO Prepared coupled UL resolved grant cache entries: 2/2.
[2026-08-09T03:00:48Z] INFO Prepared coupled UL resolved grant cache complete: entries=2 elapsed_s=2.303.
[2026-08-09T03:00:49Z] INFO Prepared coupled UL chunk: sweep=1/1 slot=30/40 executable_plans=2 chunk=1-2 of 2.
[2026-08-09T03:00:49Z] INFO Executing coupled UL chunk: sweep=1/1 slot=30/40 chunk=1-2 of 2.
[2026-08-09T03:00:49Z] INFO Executing coupled UL grant chunk serially: plans=2 reason=parallel_safety_or_pool_unavailable.
[2026-08-09T03:01:34Z] INFO Publishing coupled UL chunk results: sweep=1/1 slot=30/40 committed_rows=2 current_primary_rows=6.
[2026-08-09T03:01:35Z] INFO UL coupled publish: operating_point 1/1 configured_label_snr_dB=20.000 ue=4/4 dlDirectionalFrames=2/40 ulDirectionalFrames=2/40 dlRows=18 ulRows=6.
[2026-08-09T03:01:35Z] INFO Coupled canonical slot prepared: sweep=1/1 slot=31/40 duplex=DL allow_dl=1 allow_ul=0.
[2026-08-09T03:01:35Z] INFO Starting coupled pre-scheduling control gating for slot 31/40 with 4 UEs.
[2026-08-09T03:01:35Z] INFO Coupled control gating progress for slot 31/40: UE 1/4, PBCH=0 PRACH=0 SRS=0 TRS=0.
[2026-08-09T03:01:36Z] INFO Coupled control gating progress for slot 31/40: UE 2/4, PBCH=0 PRACH=0 SRS=0 TRS=0.
[2026-08-09T03:01:36Z] INFO Coupled control gating progress for slot 31/40: UE 3/4, PBCH=0 PRACH=0 SRS=0 TRS=0.
[2026-08-09T03:01:36Z] INFO Coupled control gating progress for slot 31/40: UE 4/4, PBCH=0 PRACH=0 SRS=0 TRS=0.
[2026-08-09T03:01:36Z] INFO Coupled control gating complete: slot=31 frame=2 pbch_attempts=0 prach_attempts=0 srs_attempts=0 trs_attempts=0 acquired=4/4 access=4/4 valid_srs=4/4 valid_trs_cells=1/1 tracked_serving_users=4/4 eligible=4/4.
[2026-08-09T03:01:36Z] INFO Coupled control gating complete for slot 31/40: acquired=4/4 access=4/4 valid_srs=4/4 valid_trs_cells=1/1 tracked_serving_users=4/4 eligible=4/4.
[2026-08-09T03:01:37Z] INFO DL coupled publish: operating_point 1/1 configured_label_snr_dB=20.000 ue=0/4 dlDirectionalFrames=2/40 ulDirectionalFrames=2/40 dlRows=18 ulRows=6.
[2026-08-09T03:01:38Z] INFO Coupled DL schedule complete: sweep=1/1 slot=31/40 active=4 granted=2 grants=2.
[2026-08-09T03:01:42Z] INFO Coupled DL PDCCH grant binding: ue=2 required=1 ok=1 status=bound failure= dci=93d30525e18b42dc0e208d08cf5193357ec93e2bf6e8dfbb010eb14a73d05c30 grant_ss=1 observed_ss=1 bound_ss=1 grant_coreset=0 observed_coreset=0 bound_coreset=0.
[2026-08-09T03:01:45Z] INFO Coupled DL PDCCH grant binding: ue=1 required=1 ok=1 status=bound failure= dci=7fe1005b7036bdbc2082182852cadd6cedc5abb42fbfccd07b27e5ae13266710 grant_ss=1 observed_ss=1 bound_ss=1 grant_coreset=0 observed_coreset=0 bound_coreset=0.
[2026-08-09T03:01:45Z] INFO Coupled DL PDCCH qualification complete: sweep=1/1 slot=31/40 executable_grants=2.
[2026-08-09T03:01:45Z] INFO Preparing coupled DL batches: sweep=1/1 slot=31/40 candidate_grants=2 batch_size=24.
[2026-08-09T03:01:45Z] INFO Preparing coupled DL resolved grant cache: candidate_grants=2.
[2026-08-09T03:03:00Z] INFO Prepared coupled DL resolved grant cache entries: 2/2.
[2026-08-09T03:04:08Z] INFO Prepared coupled DL resolved grant cache complete: entries=2 elapsed_s=142.574.
[2026-08-09T03:04:10Z] INFO Prepared coupled DL chunk: sweep=1/1 slot=31/40 executable_plans=2 chunk=1-2 of 2.
[2026-08-09T03:04:10Z] INFO Executing coupled DL chunk: sweep=1/1 slot=31/40 chunk=1-2 of 2.
[2026-08-09T03:04:11Z] INFO Executing coupled DL grant chunk serially: plans=2 reason=parallel_safety_or_pool_unavailable.
[2026-08-09T03:06:38Z] INFO Publishing coupled DL chunk results: sweep=1/1 slot=31/40 committed_rows=2 current_primary_rows=20.
[2026-08-09T03:06:39Z] INFO DL coupled publish: operating_point 1/1 configured_label_snr_dB=20.000 ue=1/4 dlDirectionalFrames=2/40 ulDirectionalFrames=2/40 dlRows=20 ulRows=6.
[2026-08-09T03:06:41Z] INFO Coupled UL K2 preschedule complete: control_slot=31 due_slot=35 k2=4 active=4 granted=2 grants=2.
[2026-08-09T03:06:44Z] INFO Coupled UL PDCCH grant binding: ue=3 required=1 ok=1 status=bound failure= dci=177633c1b25988eec01017a4e5bc3e1cc79f5e69e0e2a30f9f3efdc347524d72 grant_ss=1 observed_ss=1 bound_ss=1 grant_coreset=0 observed_coreset=0 bound_coreset=0.
[2026-08-09T03:06:48Z] INFO Coupled UL PDCCH grant binding: ue=4 required=1 ok=1 status=bound failure= dci=8e9fb9f17367fe9eb61b58dcf1401fa0a417454bcff6a01e4b4fb66910ed9f72 grant_ss=1 observed_ss=1 bound_ss=1 grant_coreset=0 observed_coreset=0 bound_coreset=0.
[2026-08-09T03:06:48Z] INFO Queued coupled UL grants after K2 PDCCH qualification: control_slot=31 due_slot=35 executable_grants=2 pending_total=2.
[2026-08-09T03:06:48Z] INFO Coupled canonical slot prepared: sweep=1/1 slot=32/40 duplex=DL allow_dl=1 allow_ul=0.
[2026-08-09T03:06:48Z] INFO Starting coupled pre-scheduling control gating for slot 32/40 with 4 UEs.
[2026-08-09T03:06:48Z] INFO Coupled control gating progress for slot 32/40: UE 1/4, PBCH=0 PRACH=0 SRS=0 TRS=0.
[2026-08-09T03:06:48Z] INFO Coupled control gating progress for slot 32/40: UE 2/4, PBCH=0 PRACH=0 SRS=0 TRS=0.
[2026-08-09T03:06:49Z] INFO Coupled control gating progress for slot 32/40: UE 3/4, PBCH=0 PRACH=0 SRS=0 TRS=0.
[2026-08-09T03:06:49Z] INFO Coupled control gating progress for slot 32/40: UE 4/4, PBCH=0 PRACH=0 SRS=0 TRS=0.
[2026-08-09T03:06:49Z] INFO Coupled control gating complete: slot=32 frame=2 pbch_attempts=0 prach_attempts=0 srs_attempts=0 trs_attempts=0 acquired=4/4 access=4/4 valid_srs=4/4 valid_trs_cells=1/1 tracked_serving_users=4/4 eligible=4/4.
[2026-08-09T03:06:49Z] INFO Coupled control gating complete for slot 32/40: acquired=4/4 access=4/4 valid_srs=4/4 valid_trs_cells=1/1 tracked_serving_users=4/4 eligible=4/4.
[2026-08-09T03:06:50Z] INFO DL coupled publish: operating_point 1/1 configured_label_snr_dB=20.000 ue=0/4 dlDirectionalFrames=2/40 ulDirectionalFrames=2/40 dlRows=20 ulRows=6.
[2026-08-09T03:06:51Z] INFO Coupled DL schedule complete: sweep=1/1 slot=32/40 active=4 granted=2 grants=2.
[2026-08-09T03:06:54Z] INFO Coupled DL PDCCH grant binding: ue=2 required=1 ok=1 status=bound failure= dci=cf1ce7690455eaf5ff2b0dfe99cbc221eea76cf7cd4e2edc0ee20862e6a5f036 grant_ss=1 observed_ss=1 bound_ss=1 grant_coreset=0 observed_coreset=0 bound_coreset=0.
[2026-08-09T03:06:58Z] INFO Coupled DL PDCCH grant binding: ue=1 required=1 ok=1 status=bound failure= dci=71cc062918853371f7696026e827e1db3686798b84290e1aca118ab6446c849c grant_ss=1 observed_ss=1 bound_ss=1 grant_coreset=0 observed_coreset=0 bound_coreset=0.
[2026-08-09T03:06:58Z] INFO Coupled DL PDCCH qualification complete: sweep=1/1 slot=32/40 executable_grants=2.
[2026-08-09T03:06:59Z] INFO Preparing coupled DL batches: sweep=1/1 slot=32/40 candidate_grants=2 batch_size=24.
[2026-08-09T03:06:59Z] INFO Preparing coupled DL resolved grant cache: candidate_grants=2.
[2026-08-09T03:08:10Z] INFO Prepared coupled DL resolved grant cache entries: 2/2.
[2026-08-09T03:09:18Z] INFO Prepared coupled DL resolved grant cache complete: entries=2 elapsed_s=139.498.
[2026-08-09T03:09:20Z] INFO Prepared coupled DL chunk: sweep=1/1 slot=32/40 executable_plans=2 chunk=1-2 of 2.
[2026-08-09T03:09:20Z] INFO Executing coupled DL chunk: sweep=1/1 slot=32/40 chunk=1-2 of 2.
[2026-08-09T03:09:21Z] INFO Executing coupled DL grant chunk serially: plans=2 reason=parallel_safety_or_pool_unavailable.
[2026-08-09T03:11:47Z] INFO Publishing coupled DL chunk results: sweep=1/1 slot=32/40 committed_rows=2 current_primary_rows=22.
[2026-08-09T03:11:48Z] INFO DL coupled publish: operating_point 1/1 configured_label_snr_dB=20.000 ue=1/4 dlDirectionalFrames=2/40 ulDirectionalFrames=2/40 dlRows=22 ulRows=6.
[2026-08-09T03:11:48Z] INFO Coupled UL K2 preschedule deferred: control_slot=32 reason=data_timing_rejected:target_hits_fixed_opposite_direction policy=no_valid_ul_occasion_from_current_dl_control_slot.
[2026-08-09T03:11:48Z] INFO Coupled canonical slot prepared: sweep=1/1 slot=33/40 duplex=DL allow_dl=1 allow_ul=0.
[2026-08-09T03:11:48Z] INFO Starting coupled pre-scheduling control gating for slot 33/40 with 4 UEs.
[2026-08-09T03:11:48Z] INFO Coupled control gating progress for slot 33/40: UE 1/4, PBCH=0 PRACH=0 SRS=0 TRS=0.
[2026-08-09T03:11:49Z] INFO Coupled control gating progress for slot 33/40: UE 2/4, PBCH=0 PRACH=0 SRS=0 TRS=0.
[2026-08-09T03:11:49Z] INFO Coupled control gating progress for slot 33/40: UE 3/4, PBCH=0 PRACH=0 SRS=0 TRS=0.
[2026-08-09T03:11:49Z] INFO Coupled control gating progress for slot 33/40: UE 4/4, PBCH=0 PRACH=0 SRS=0 TRS=0.
[2026-08-09T03:11:49Z] INFO Coupled control gating complete: slot=33 frame=2 pbch_attempts=0 prach_attempts=0 srs_attempts=0 trs_attempts=0 acquired=4/4 access=4/4 valid_srs=4/4 valid_trs_cells=1/1 tracked_serving_users=4/4 eligible=4/4.
[2026-08-09T03:11:49Z] INFO Coupled control gating complete for slot 33/40: acquired=4/4 access=4/4 valid_srs=4/4 valid_trs_cells=1/1 tracked_serving_users=4/4 eligible=4/4.
[2026-08-09T03:11:50Z] INFO DL coupled publish: operating_point 1/1 configured_label_snr_dB=20.000 ue=0/4 dlDirectionalFrames=2/40 ulDirectionalFrames=2/40 dlRows=22 ulRows=6.
[2026-08-09T03:11:51Z] INFO Coupled DL schedule complete: sweep=1/1 slot=33/40 active=4 granted=2 grants=2.
[2026-08-09T03:11:55Z] INFO Coupled DL PDCCH grant binding: ue=2 required=1 ok=1 status=bound failure= dci=8f1921cc0b2fc1a399a713810a250370d8fbe0800429b467e2a7a6e3d6af1c17 grant_ss=1 observed_ss=1 bound_ss=1 grant_coreset=0 observed_coreset=0 bound_coreset=0.
[2026-08-09T03:11:59Z] INFO Coupled DL PDCCH grant binding: ue=1 required=1 ok=1 status=bound failure= dci=744e2b8448939bd6334daa46bf594bf4623f64b9da4c66aec2c91637ea184a21 grant_ss=1 observed_ss=1 bound_ss=1 grant_coreset=0 observed_coreset=0 bound_coreset=0.
[2026-08-09T03:11:59Z] INFO Coupled DL PDCCH qualification complete: sweep=1/1 slot=33/40 executable_grants=2.
[2026-08-09T03:11:59Z] INFO Preparing coupled DL batches: sweep=1/1 slot=33/40 candidate_grants=2 batch_size=24.
[2026-08-09T03:11:59Z] INFO Preparing coupled DL resolved grant cache: candidate_grants=2.
[2026-08-09T03:13:11Z] INFO Prepared coupled DL resolved grant cache entries: 2/2.
[2026-08-09T03:14:19Z] INFO Prepared coupled DL resolved grant cache complete: entries=2 elapsed_s=140.663.
[2026-08-09T03:14:22Z] INFO Prepared coupled DL chunk: sweep=1/1 slot=33/40 executable_plans=2 chunk=1-2 of 2.
[2026-08-09T03:14:22Z] INFO Executing coupled DL chunk: sweep=1/1 slot=33/40 chunk=1-2 of 2.
[2026-08-09T03:14:22Z] INFO Executing coupled DL grant chunk serially: plans=2 reason=parallel_safety_or_pool_unavailable.
[2026-08-09T03:16:52Z] INFO Publishing coupled DL chunk results: sweep=1/1 slot=33/40 committed_rows=2 current_primary_rows=24.
[2026-08-09T03:16:53Z] INFO DL coupled publish: operating_point 1/1 configured_label_snr_dB=20.000 ue=1/4 dlDirectionalFrames=2/40 ulDirectionalFrames=2/40 dlRows=24 ulRows=6.
[2026-08-09T03:16:53Z] INFO Coupled UL K2 preschedule deferred: control_slot=33 reason=data_timing_rejected:target_hits_fixed_opposite_direction policy=no_valid_ul_occasion_from_current_dl_control_slot.
[2026-08-09T03:16:53Z] INFO Coupled canonical slot prepared: sweep=1/1 slot=34/40 duplex=FLEXIBLE_OR_MIXED allow_dl=1 allow_ul=1.
[2026-08-09T03:17:53Z] INFO Starting coupled pre-scheduling control gating for slot 34/40 with 4 UEs.
[2026-08-09T03:17:54Z] INFO Coupled control gating progress for slot 34/40: UE 1/4, PBCH=0 PRACH=0 SRS=0 TRS=0.
[2026-08-09T03:17:54Z] INFO Coupled control gating progress for slot 34/40: UE 2/4, PBCH=0 PRACH=0 SRS=0 TRS=0.
[2026-08-09T03:17:54Z] INFO Coupled control gating progress for slot 34/40: UE 3/4, PBCH=0 PRACH=0 SRS=0 TRS=0.
[2026-08-09T03:17:54Z] INFO Coupled control gating progress for slot 34/40: UE 4/4, PBCH=0 PRACH=0 SRS=0 TRS=0.
[2026-08-09T03:17:54Z] INFO Coupled control gating complete: slot=34 frame=2 pbch_attempts=0 prach_attempts=0 srs_attempts=0 trs_attempts=0 acquired=4/4 access=4/4 valid_srs=4/4 valid_trs_cells=1/1 tracked_serving_users=4/4 eligible=4/4.
[2026-08-09T03:17:54Z] INFO Coupled control gating complete for slot 34/40: acquired=4/4 access=4/4 valid_srs=4/4 valid_trs_cells=1/1 tracked_serving_users=4/4 eligible=4/4.
[2026-08-09T03:17:55Z] INFO DL coupled publish: operating_point 1/1 configured_label_snr_dB=20.000 ue=0/4 dlDirectionalFrames=2/40 ulDirectionalFrames=2/40 dlRows=24 ulRows=6.
[2026-08-09T03:17:55Z] INFO Coupled DL scheduling deferred: sweep=1/1 slot=34/40 reason=configured_dl_symbol_allocation_not_available_in_tdd_slot policy=no_valid_harq_ack_occasion_from_current_dl_slot.
[2026-08-09T03:17:55Z] INFO Coupled DL schedule complete: sweep=1/1 slot=34/40 active=0 granted=0 grants=0.
[2026-08-09T03:17:55Z] INFO Coupled DL PDCCH qualification complete: sweep=1/1 slot=34/40 executable_grants=0.
[2026-08-09T03:17:55Z] INFO Preparing coupled DL batches: sweep=1/1 slot=34/40 candidate_grants=0 batch_size=24.
[2026-08-09T03:17:55Z] INFO Coupled UL K2 preschedule deferred: control_slot=34 reason=data_timing_rejected:target_hits_fixed_opposite_direction policy=no_valid_ul_occasion_from_current_dl_control_slot.
[2026-08-09T03:17:55Z] INFO Coupled UL queued grant lookup complete: sweep=1/1 slot=34/40 due_grants=0 pending_grants=2.
[2026-08-09T03:17:55Z] INFO Coupled canonical slot prepared: sweep=1/1 slot=35/40 duplex=UL allow_dl=0 allow_ul=1.
[2026-08-09T03:17:56Z] INFO Starting coupled pre-scheduling control gating for slot 35/40 with 4 UEs.
[2026-08-09T03:18:15Z] INFO Coupled control gating progress for slot 35/40: UE 1/4, PBCH=0 PRACH=0 SRS=1 TRS=0.
[2026-08-09T03:18:34Z] INFO Coupled control gating progress for slot 35/40: UE 2/4, PBCH=0 PRACH=0 SRS=2 TRS=0.
[2026-08-09T03:18:51Z] INFO Coupled control gating progress for slot 35/40: UE 3/4, PBCH=0 PRACH=0 SRS=3 TRS=0.
[2026-08-09T03:19:10Z] INFO Coupled control gating progress for slot 35/40: UE 4/4, PBCH=0 PRACH=0 SRS=4 TRS=0.
[2026-08-09T03:19:11Z] INFO Coupled control gating complete: slot=35 frame=2 pbch_attempts=0 prach_attempts=0 srs_attempts=4 trs_attempts=0 acquired=4/4 access=4/4 valid_srs=4/4 valid_trs_cells=1/1 tracked_serving_users=4/4 eligible=4/4.
[2026-08-09T03:19:11Z] INFO Coupled control gating complete for slot 35/40: acquired=4/4 access=4/4 valid_srs=4/4 valid_trs_cells=1/1 tracked_serving_users=4/4 eligible=4/4.
[2026-08-09T03:19:11Z] INFO UL coupled publish: operating_point 1/1 configured_label_snr_dB=20.000 ue=0/4 dlDirectionalFrames=2/40 ulDirectionalFrames=2/40 dlRows=24 ulRows=6.
[2026-08-09T03:19:11Z] INFO Coupled UL queued grant lookup complete: sweep=1/1 slot=35/40 due_grants=2 pending_grants=0.
[2026-08-09T03:19:11Z] INFO Preparing coupled UL batches: sweep=1/1 slot=35/40 candidate_grants=2 batch_size=24.
[2026-08-09T03:19:11Z] INFO Preparing coupled UL resolved grant cache: candidate_grants=2.
[2026-08-09T03:19:13Z] INFO Prepared coupled UL resolved grant cache entries: 2/2.
[2026-08-09T03:19:13Z] INFO Prepared coupled UL resolved grant cache complete: entries=2 elapsed_s=1.964.
[2026-08-09T03:19:14Z] INFO Prepared coupled UL chunk: sweep=1/1 slot=35/40 executable_plans=2 chunk=1-2 of 2.
[2026-08-09T03:19:14Z] INFO Executing coupled UL chunk: sweep=1/1 slot=35/40 chunk=1-2 of 2.
[2026-08-09T03:19:14Z] INFO Executing coupled UL grant chunk serially: plans=2 reason=parallel_safety_or_pool_unavailable.
[2026-08-09T03:19:54Z] INFO Publishing coupled UL chunk results: sweep=1/1 slot=35/40 committed_rows=2 current_primary_rows=8.
[2026-08-09T03:19:55Z] INFO UL coupled publish: operating_point 1/1 configured_label_snr_dB=20.000 ue=4/4 dlDirectionalFrames=2/40 ulDirectionalFrames=2/40 dlRows=24 ulRows=8.
[2026-08-09T03:19:55Z] INFO Coupled canonical slot prepared: sweep=1/1 slot=36/40 duplex=DL allow_dl=1 allow_ul=0.
[2026-08-09T03:19:55Z] INFO Starting coupled pre-scheduling control gating for slot 36/40 with 4 UEs.
[2026-08-09T03:19:56Z] INFO Coupled control gating progress for slot 36/40: UE 1/4, PBCH=0 PRACH=0 SRS=0 TRS=0.
[2026-08-09T03:19:56Z] INFO Coupled control gating progress for slot 36/40: UE 2/4, PBCH=0 PRACH=0 SRS=0 TRS=0.
[2026-08-09T03:19:56Z] INFO Coupled control gating progress for slot 36/40: UE 3/4, PBCH=0 PRACH=0 SRS=0 TRS=0.
[2026-08-09T03:19:57Z] INFO Coupled control gating progress for slot 36/40: UE 4/4, PBCH=0 PRACH=0 SRS=0 TRS=0.
[2026-08-09T03:19:57Z] INFO Coupled control gating complete: slot=36 frame=2 pbch_attempts=0 prach_attempts=0 srs_attempts=0 trs_attempts=0 acquired=4/4 access=4/4 valid_srs=4/4 valid_trs_cells=1/1 tracked_serving_users=4/4 eligible=4/4.
[2026-08-09T03:19:57Z] INFO Coupled control gating complete for slot 36/40: acquired=4/4 access=4/4 valid_srs=4/4 valid_trs_cells=1/1 tracked_serving_users=4/4 eligible=4/4.
[2026-08-09T03:19:57Z] INFO DL coupled publish: operating_point 1/1 configured_label_snr_dB=20.000 ue=0/4 dlDirectionalFrames=2/40 ulDirectionalFrames=2/40 dlRows=24 ulRows=8.
[2026-08-09T03:19:59Z] INFO Coupled DL schedule complete: sweep=1/1 slot=36/40 active=4 granted=2 grants=2.
[2026-08-09T03:20:03Z] INFO Coupled DL PDCCH grant binding: ue=3 required=1 ok=1 status=bound failure= dci=c32ab18d8d2e4250ffd1484ce74278a8e0b7bbd85c73e8e41f00dddb0933b73b grant_ss=1 observed_ss=1 bound_ss=1 grant_coreset=0 observed_coreset=0 bound_coreset=0.
[2026-08-09T03:20:06Z] INFO Coupled DL PDCCH grant binding: ue=4 required=1 ok=1 status=bound failure= dci=c32ab18d8d2e4250ffd1484ce74278a8e0b7bbd85c73e8e41f00dddb0933b73b grant_ss=1 observed_ss=1 bound_ss=1 grant_coreset=0 observed_coreset=0 bound_coreset=0.
[2026-08-09T03:20:06Z] INFO Coupled DL PDCCH qualification complete: sweep=1/1 slot=36/40 executable_grants=2.
[2026-08-09T03:20:06Z] INFO Preparing coupled DL batches: sweep=1/1 slot=36/40 candidate_grants=2 batch_size=24.
[2026-08-09T03:20:06Z] INFO Preparing coupled DL resolved grant cache: candidate_grants=2.
[2026-08-09T03:21:18Z] INFO Prepared coupled DL resolved grant cache entries: 2/2.
[2026-08-09T03:22:27Z] INFO Prepared coupled DL resolved grant cache complete: entries=2 elapsed_s=140.672.
[2026-08-09T03:22:29Z] INFO Prepared coupled DL chunk: sweep=1/1 slot=36/40 executable_plans=2 chunk=1-2 of 2.
[2026-08-09T03:22:29Z] INFO Executing coupled DL chunk: sweep=1/1 slot=36/40 chunk=1-2 of 2.
[2026-08-09T03:22:29Z] INFO Executing coupled DL grant chunk serially: plans=2 reason=parallel_safety_or_pool_unavailable.
[2026-08-09T03:24:57Z] INFO Publishing coupled DL chunk results: sweep=1/1 slot=36/40 committed_rows=2 current_primary_rows=26.
[2026-08-09T03:24:58Z] INFO DL coupled publish: operating_point 1/1 configured_label_snr_dB=20.000 ue=4/4 dlDirectionalFrames=2/40 ulDirectionalFrames=2/40 dlRows=26 ulRows=8.
[2026-08-09T03:25:00Z] INFO Coupled UL K2 preschedule complete: control_slot=36 due_slot=40 k2=4 active=4 granted=2 grants=2.
[2026-08-09T03:25:03Z] INFO Coupled UL PDCCH grant binding: ue=3 required=1 ok=1 status=bound failure= dci=b2dd582877a272ef146402cbaf6efc9765bb6af21a18858911b3eafe2e042ee0 grant_ss=1 observed_ss=1 bound_ss=1 grant_coreset=0 observed_coreset=0 bound_coreset=0.
[2026-08-09T03:25:07Z] INFO Coupled UL PDCCH grant binding: ue=4 required=1 ok=1 status=bound failure= dci=b2dd582877a272ef146402cbaf6efc9765bb6af21a18858911b3eafe2e042ee0 grant_ss=1 observed_ss=1 bound_ss=1 grant_coreset=0 observed_coreset=0 bound_coreset=0.
[2026-08-09T03:25:07Z] INFO Queued coupled UL grants after K2 PDCCH qualification: control_slot=36 due_slot=40 executable_grants=2 pending_total=2.
[2026-08-09T03:25:07Z] INFO Coupled canonical slot prepared: sweep=1/1 slot=37/40 duplex=DL allow_dl=1 allow_ul=0.
[2026-08-09T03:25:08Z] INFO Starting coupled pre-scheduling control gating for slot 37/40 with 4 UEs.
[2026-08-09T03:25:08Z] INFO Coupled control gating progress for slot 37/40: UE 1/4, PBCH=0 PRACH=0 SRS=0 TRS=0.
[2026-08-09T03:25:08Z] INFO Coupled control gating progress for slot 37/40: UE 2/4, PBCH=0 PRACH=0 SRS=0 TRS=0.
[2026-08-09T03:25:08Z] INFO Coupled control gating progress for slot 37/40: UE 3/4, PBCH=0 PRACH=0 SRS=0 TRS=0.
[2026-08-09T03:25:08Z] INFO Coupled control gating progress for slot 37/40: UE 4/4, PBCH=0 PRACH=0 SRS=0 TRS=0.
[2026-08-09T03:25:08Z] INFO Coupled control gating complete: slot=37 frame=2 pbch_attempts=0 prach_attempts=0 srs_attempts=0 trs_attempts=0 acquired=4/4 access=4/4 valid_srs=4/4 valid_trs_cells=1/1 tracked_serving_users=4/4 eligible=4/4.
[2026-08-09T03:25:08Z] INFO Coupled control gating complete for slot 37/40: acquired=4/4 access=4/4 valid_srs=4/4 valid_trs_cells=1/1 tracked_serving_users=4/4 eligible=4/4.
[2026-08-09T03:25:09Z] INFO DL coupled publish: operating_point 1/1 configured_label_snr_dB=20.000 ue=0/4 dlDirectionalFrames=2/40 ulDirectionalFrames=2/40 dlRows=26 ulRows=8.
[2026-08-09T03:25:11Z] INFO Coupled DL schedule complete: sweep=1/1 slot=37/40 active=4 granted=2 grants=2.
[2026-08-09T03:25:14Z] INFO Coupled DL PDCCH grant binding: ue=3 required=1 ok=1 status=bound failure= dci=75688289752abaed83cf3dbcdd892263a7f068f0b9f47c30c8e5abf6dbbfe8b0 grant_ss=1 observed_ss=1 bound_ss=1 grant_coreset=0 observed_coreset=0 bound_coreset=0.
[2026-08-09T03:25:18Z] INFO Coupled DL PDCCH grant binding: ue=4 required=1 ok=1 status=bound failure= dci=75688289752abaed83cf3dbcdd892263a7f068f0b9f47c30c8e5abf6dbbfe8b0 grant_ss=1 observed_ss=1 bound_ss=1 grant_coreset=0 observed_coreset=0 bound_coreset=0.
[2026-08-09T03:25:18Z] INFO Coupled DL PDCCH qualification complete: sweep=1/1 slot=37/40 executable_grants=2.
[2026-08-09T03:25:18Z] INFO Preparing coupled DL batches: sweep=1/1 slot=37/40 candidate_grants=2 batch_size=24.
[2026-08-09T03:25:18Z] INFO Preparing coupled DL resolved grant cache: candidate_grants=2.
[2026-08-09T03:26:30Z] INFO Prepared coupled DL resolved grant cache entries: 2/2.
[2026-08-09T03:27:38Z] INFO Prepared coupled DL resolved grant cache complete: entries=2 elapsed_s=139.788.
[2026-08-09T03:27:40Z] INFO Prepared coupled DL chunk: sweep=1/1 slot=37/40 executable_plans=2 chunk=1-2 of 2.
[2026-08-09T03:27:40Z] INFO Executing coupled DL chunk: sweep=1/1 slot=37/40 chunk=1-2 of 2.
[2026-08-09T03:27:41Z] INFO Executing coupled DL grant chunk serially: plans=2 reason=parallel_safety_or_pool_unavailable.
[2026-08-09T03:30:22Z] INFO Publishing coupled DL chunk results: sweep=1/1 slot=37/40 committed_rows=2 current_primary_rows=28.
[2026-08-09T03:30:23Z] INFO DL coupled publish: operating_point 1/1 configured_label_snr_dB=20.000 ue=4/4 dlDirectionalFrames=2/40 ulDirectionalFrames=2/40 dlRows=28 ulRows=8.
[2026-08-09T03:30:23Z] INFO Coupled UL K2 preschedule deferred: control_slot=37 reason=data_timing_rejected:target_hits_fixed_opposite_direction policy=no_valid_ul_occasion_from_current_dl_control_slot.
[2026-08-09T03:30:23Z] INFO Coupled canonical slot prepared: sweep=1/1 slot=38/40 duplex=DL allow_dl=1 allow_ul=0.
[2026-08-09T03:30:23Z] INFO Starting coupled pre-scheduling control gating for slot 38/40 with 4 UEs.
[2026-08-09T03:30:24Z] INFO Coupled control gating progress for slot 38/40: UE 1/4, PBCH=0 PRACH=0 SRS=0 TRS=0.
[2026-08-09T03:30:24Z] INFO Coupled control gating progress for slot 38/40: UE 2/4, PBCH=0 PRACH=0 SRS=0 TRS=0.
[2026-08-09T03:30:24Z] INFO Coupled control gating progress for slot 38/40: UE 3/4, PBCH=0 PRACH=0 SRS=0 TRS=0.
[2026-08-09T03:30:25Z] INFO Coupled control gating progress for slot 38/40: UE 4/4, PBCH=0 PRACH=0 SRS=0 TRS=0.
[2026-08-09T03:30:25Z] INFO Coupled control gating complete: slot=38 frame=2 pbch_attempts=0 prach_attempts=0 srs_attempts=0 trs_attempts=0 acquired=4/4 access=4/4 valid_srs=4/4 valid_trs_cells=1/1 tracked_serving_users=4/4 eligible=4/4.
[2026-08-09T03:30:25Z] INFO Coupled control gating complete for slot 38/40: acquired=4/4 access=4/4 valid_srs=4/4 valid_trs_cells=1/1 tracked_serving_users=4/4 eligible=4/4.
[2026-08-09T03:30:26Z] INFO DL coupled publish: operating_point 1/1 configured_label_snr_dB=20.000 ue=0/4 dlDirectionalFrames=2/40 ulDirectionalFrames=2/40 dlRows=28 ulRows=8.
[2026-08-09T03:30:28Z] INFO Coupled DL schedule complete: sweep=1/1 slot=38/40 active=4 granted=2 grants=2.
[2026-08-09T03:30:31Z] INFO Coupled DL PDCCH grant binding: ue=3 required=1 ok=1 status=bound failure= dci=8f1921cc0b2fc1a399a713810a250370d8fbe0800429b467e2a7a6e3d6af1c17 grant_ss=1 observed_ss=1 bound_ss=1 grant_coreset=0 observed_coreset=0 bound_coreset=0.
[2026-08-09T03:30:35Z] INFO Coupled DL PDCCH grant binding: ue=4 required=1 ok=1 status=bound failure= dci=8f1921cc0b2fc1a399a713810a250370d8fbe0800429b467e2a7a6e3d6af1c17 grant_ss=1 observed_ss=1 bound_ss=1 grant_coreset=0 observed_coreset=0 bound_coreset=0.
[2026-08-09T03:30:35Z] INFO Coupled DL PDCCH qualification complete: sweep=1/1 slot=38/40 executable_grants=2.
[2026-08-09T03:30:35Z] INFO Preparing coupled DL batches: sweep=1/1 slot=38/40 candidate_grants=2 batch_size=24.
[2026-08-09T03:30:35Z] INFO Preparing coupled DL resolved grant cache: candidate_grants=2.
[2026-08-09T03:31:50Z] INFO Prepared coupled DL resolved grant cache entries: 2/2.
[2026-08-09T03:32:59Z] INFO Prepared coupled DL resolved grant cache complete: entries=2 elapsed_s=144.220.
[2026-08-09T03:33:02Z] INFO Prepared coupled DL chunk: sweep=1/1 slot=38/40 executable_plans=2 chunk=1-2 of 2.
[2026-08-09T03:33:02Z] INFO Executing coupled DL chunk: sweep=1/1 slot=38/40 chunk=1-2 of 2.
[2026-08-09T03:33:02Z] INFO Executing coupled DL grant chunk serially: plans=2 reason=parallel_safety_or_pool_unavailable.
[2026-08-09T03:35:33Z] INFO Publishing coupled DL chunk results: sweep=1/1 slot=38/40 committed_rows=2 current_primary_rows=30.
[2026-08-09T03:35:34Z] INFO DL coupled publish: operating_point 1/1 configured_label_snr_dB=20.000 ue=4/4 dlDirectionalFrames=2/40 ulDirectionalFrames=2/40 dlRows=30 ulRows=8.
[2026-08-09T03:35:34Z] INFO Coupled UL K2 preschedule deferred: control_slot=38 reason=data_timing_rejected:target_hits_fixed_opposite_direction policy=no_valid_ul_occasion_from_current_dl_control_slot.
[2026-08-09T03:35:34Z] INFO Coupled canonical slot prepared: sweep=1/1 slot=39/40 duplex=FLEXIBLE_OR_MIXED allow_dl=1 allow_ul=1.
[2026-08-09T03:36:34Z] INFO Starting coupled pre-scheduling control gating for slot 39/40 with 4 UEs.
[2026-08-09T03:36:34Z] INFO Coupled control gating progress for slot 39/40: UE 1/4, PBCH=0 PRACH=0 SRS=0 TRS=0.
[2026-08-09T03:36:35Z] INFO Coupled control gating progress for slot 39/40: UE 2/4, PBCH=0 PRACH=0 SRS=0 TRS=0.
[2026-08-09T03:36:35Z] INFO Coupled control gating progress for slot 39/40: UE 3/4, PBCH=0 PRACH=0 SRS=0 TRS=0.
[2026-08-09T03:36:35Z] INFO Coupled control gating progress for slot 39/40: UE 4/4, PBCH=0 PRACH=0 SRS=0 TRS=0.
[2026-08-09T03:36:35Z] INFO Coupled control gating complete: slot=39 frame=2 pbch_attempts=0 prach_attempts=0 srs_attempts=0 trs_attempts=0 acquired=4/4 access=4/4 valid_srs=4/4 valid_trs_cells=1/1 tracked_serving_users=4/4 eligible=4/4.
[2026-08-09T03:36:35Z] INFO Coupled control gating complete for slot 39/40: acquired=4/4 access=4/4 valid_srs=4/4 valid_trs_cells=1/1 tracked_serving_users=4/4 eligible=4/4.
[2026-08-09T03:36:36Z] INFO DL coupled publish: operating_point 1/1 configured_label_snr_dB=20.000 ue=0/4 dlDirectionalFrames=2/40 ulDirectionalFrames=2/40 dlRows=30 ulRows=8.
[2026-08-09T03:36:36Z] INFO Coupled DL scheduling deferred: sweep=1/1 slot=39/40 reason=configured_dl_symbol_allocation_not_available_in_tdd_slot policy=no_valid_harq_ack_occasion_from_current_dl_slot.
[2026-08-09T03:36:36Z] INFO Coupled DL schedule complete: sweep=1/1 slot=39/40 active=0 granted=0 grants=0.
[2026-08-09T03:36:36Z] INFO Coupled DL PDCCH qualification complete: sweep=1/1 slot=39/40 executable_grants=0.
[2026-08-09T03:36:36Z] INFO Preparing coupled DL batches: sweep=1/1 slot=39/40 candidate_grants=0 batch_size=24.
[2026-08-09T03:36:36Z] INFO Coupled UL K2 preschedule deferred: control_slot=39 reason=data_timing_rejected:target_hits_fixed_opposite_direction policy=no_valid_ul_occasion_from_current_dl_control_slot.
[2026-08-09T03:36:36Z] INFO Coupled UL queued grant lookup complete: sweep=1/1 slot=39/40 due_grants=0 pending_grants=2.
[2026-08-09T03:36:36Z] INFO Coupled canonical slot prepared: sweep=1/1 slot=40/40 duplex=UL allow_dl=0 allow_ul=1.
[2026-08-09T03:36:36Z] INFO Starting coupled pre-scheduling control gating for slot 40/40 with 4 UEs.
[2026-08-09T03:36:37Z] INFO Coupled control gating progress for slot 40/40: UE 1/4, PBCH=0 PRACH=0 SRS=0 TRS=0.
[2026-08-09T03:36:37Z] INFO Coupled control gating progress for slot 40/40: UE 2/4, PBCH=0 PRACH=0 SRS=0 TRS=0.
[2026-08-09T03:36:37Z] INFO Coupled control gating progress for slot 40/40: UE 3/4, PBCH=0 PRACH=0 SRS=0 TRS=0.
[2026-08-09T03:36:37Z] INFO Coupled control gating progress for slot 40/40: UE 4/4, PBCH=0 PRACH=0 SRS=0 TRS=0.
[2026-08-09T03:36:38Z] INFO Coupled control gating complete: slot=40 frame=2 pbch_attempts=0 prach_attempts=0 srs_attempts=0 trs_attempts=0 acquired=4/4 access=4/4 valid_srs=4/4 valid_trs_cells=1/1 tracked_serving_users=4/4 eligible=4/4.
[2026-08-09T03:36:38Z] INFO Coupled control gating complete for slot 40/40: acquired=4/4 access=4/4 valid_srs=4/4 valid_trs_cells=1/1 tracked_serving_users=4/4 eligible=4/4.
[2026-08-09T03:36:38Z] INFO UL coupled publish: operating_point 1/1 configured_label_snr_dB=20.000 ue=0/4 dlDirectionalFrames=2/40 ulDirectionalFrames=2/40 dlRows=30 ulRows=8.
[2026-08-09T03:36:38Z] INFO Coupled UL queued grant lookup complete: sweep=1/1 slot=40/40 due_grants=2 pending_grants=0.
[2026-08-09T03:36:38Z] INFO Preparing coupled UL batches: sweep=1/1 slot=40/40 candidate_grants=2 batch_size=24.
[2026-08-09T03:36:38Z] INFO Preparing coupled UL resolved grant cache: candidate_grants=2.
[2026-08-09T03:36:39Z] INFO Prepared coupled UL resolved grant cache entries: 2/2.
[2026-08-09T03:36:40Z] INFO Prepared coupled UL resolved grant cache complete: entries=2 elapsed_s=1.710.
[2026-08-09T03:36:40Z] INFO Prepared coupled UL chunk: sweep=1/1 slot=40/40 executable_plans=2 chunk=1-2 of 2.
[2026-08-09T03:36:40Z] INFO Executing coupled UL chunk: sweep=1/1 slot=40/40 chunk=1-2 of 2.
[2026-08-09T03:36:40Z] INFO Executing coupled UL grant chunk serially: plans=2 reason=parallel_safety_or_pool_unavailable.
[2026-08-09T03:37:08Z] INFO Publishing coupled UL chunk results: sweep=1/1 slot=40/40 committed_rows=2 current_primary_rows=10.
[2026-08-09T03:37:23Z] INFO UL heavy live artifact refresh: reason=post_grant_chunk slot=40/40 interval=20.
[2026-08-09T03:37:23Z] INFO UL coupled publish: operating_point 1/1 configured_label_snr_dB=20.000 ue=4/4 dlDirectionalFrames=2/40 ulDirectionalFrames=2/40 dlRows=30 ulRows=10.
[2026-08-09T03:37:23Z] INFO DL raw trial sweep progress: point 1/1, configured operating-point label 20.000 dB (not a measured SINR); median PostEqSINR_dB 9.184 dB; median MeasuredTrialSINR_dB 9.184 dB; median ReceiverHestSINR_dB 9.184 dB, rows=30.
[2026-08-09T03:37:23Z] INFO UL raw trial sweep progress: point 1/1, configured operating-point label 20.000 dB (not a measured SINR); median PostEqSINR_dB 27.735 dB; median MeasuredTrialSINR_dB 27.735 dB; median ReceiverHestSINR_dB 15.459 dB, rows=10.
[2026-08-09T03:41:49Z] ERROR Run failed: MATLAB:dispatcher:noMatchingConstructor | No constructor 'string' with matching signature found.
[2026-08-09T03:42:10Z] INFO Writing MATLAB profiler CSV artifacts: functions=6050 edges=14339
[2026-08-09T03:42:17Z] INFO Recovering truthful report artifacts from persisted raw evidence after failure.
